2026-07-06 17:37:41,000  INFO   root                Session: console_20260706_173740
2026-07-06 17:37:41,000  INFO   root                Output:  C:\Users\yilin\Documents\GitHubRepo_Research\MicroTensileMachine\MicroTensileMachine\Experiment_SMACharacterizationV3\data\console_20260706_173740
2026-07-06 17:37:41,000  INFO   root                Config:  C:\Users\yilin\Documents\GitHubRepo_Research\MicroTensileMachine\MicroTensileMachine\Experiment_SMACharacterizationV3\config.yaml  headless=False
2026-07-06 17:37:41,760  INFO   LCRMeter            Auto-detecting E4980A/AL LCR meter...
2026-07-06 17:37:41,761  ERROR  H7Worker            H7 worker crashed: could not open port 'COM8': FileNotFoundError(2, 'The system cannot find the file specified.', None, 2)
Traceback (most recent call last):
  File "c:\Users\yilin\Documents\GitHubRepo_Research\MicroTensileMachine\MicroTensileMachine\Experiment_SMACharacterizationV3\workers.py", line 220, in run
    self._main_loop()
  File "c:\Users\yilin\Documents\GitHubRepo_Research\MicroTensileMachine\MicroTensileMachine\Experiment_SMACharacterizationV3\workers.py", line 239, in _main_loop
    with reader:
         ^^^^^^
  File "C:\Users\yilin\Documents\GitHubRepo_Research\MicroTensileMachine\MicroTensileMachine\Calibrate_LaserHead\portenta_reader.py", line 330, in __enter__
    self.open()
  File "C:\Users\yilin\Documents\GitHubRepo_Research\MicroTensileMachine\MicroTensileMachine\Calibrate_LaserHead\portenta_reader.py", line 284, in open
    self._ser = serial.Serial(
                ^^^^^^^^^^^^^^
  File "C:\Users\yilin\AppData\Local\Programs\Python\Python312\Lib\site-packages\serial\serialwin32.py", line 33, in __init__
    super(Serial, self).__init__(*args, **kwargs)
  File "C:\Users\yilin\AppData\Local\Programs\Python\Python312\Lib\site-packages\serial\serialutil.py", line 244, in __init__
    self.open()
  File "C:\Users\yilin\AppData\Local\Programs\Python\Python312\Lib\site-packages\serial\serialwin32.py", line 64, in open
    raise SerialException("could not open port {!r}: {!r}".format(self.portstr, ctypes.WinError()))
serial.serialutil.SerialException: could not open port 'COM8': FileNotFoundError(2, 'The system cannot find the file specified.', None, 2)
2026-07-06 17:37:41,765  INFO   H7Worker            H7 worker exit  (pushed=0, dropped=0, filtered=0)
2026-07-06 17:37:41,830  INFO   LCRMeter            Using VISA backend: @py
2026-07-06 17:37:42,852  INFO   LCRMeter            Found 1 instruments
2026-07-06 17:37:42,853  ERROR  LCRMeter            No E4980A/AL found
2026-07-06 17:37:42,853  ERROR  LcrWorker           LCR worker crashed: Could not connect to Keysight E4980 LCR meter. Check USB/LAN cable, instrument power, and VISA backend.
Traceback (most recent call last):
  File "c:\Users\yilin\Documents\GitHubRepo_Research\MicroTensileMachine\MicroTensileMachine\Experiment_SMACharacterizationV3\workers.py", line 117, in run
    self._main_loop()
  File "c:\Users\yilin\Documents\GitHubRepo_Research\MicroTensileMachine\MicroTensileMachine\Experiment_SMACharacterizationV3\workers.py", line 155, in _main_loop
    raise RuntimeError(
RuntimeError: Could not connect to Keysight E4980 LCR meter. Check USB/LAN cable, instrument power, and VISA backend.
2026-07-06 17:37:42,853  INFO   LcrWorker           LCR worker exit  (pushed=0, dropped=0)
2026-07-06 17:37:43,024  INFO   Driver_ZaberStage   Configuration saved to zaber_config.json
2026-07-06 17:37:43,055  INFO   Driver_ZaberStage   Connected to X-LSQ300A-E01 on COM5
2026-07-06 17:37:43,103  INFO   ZaberWorker         Zaber ready: DeviceInfo(port='COM5', device_id=50138, serial_number='143153', name='X-LSQ300A-E01', firmware_version='7.48.24004', device_type='Linear Stage', axis_count=1)
2026-07-06 17:37:49,771  INFO   RecordingCore       Running 10.0 s full system check...
2026-07-06 17:37:49,772  WARNING  RecordingCore       HEALTH: stage parked at 100.00 mm, outside the workflow window [5.0, 40.0] — move it into range before actuating
2026-07-06 17:37:49,772  WARNING  RecordingCore       health H7    FAIL (0) — worker error SerialException("could not open port 'COM8': FileNotFoundError(2, 'The system cannot find the file specified.', None, 2)")
2026-07-06 17:37:49,773  WARNING  RecordingCore       health LCR   FAIL (0) — worker error RuntimeError('Could not connect to Keysight E4980 LCR meter. Check USB/LAN cable, instrument power, and VISA backend.')
2026-07-06 17:37:49,773  INFO   RecordingCore       health stage PASS (328) — 328 reads, pos~100.00 mm (outside [5.0, 40.0] — move into range)
2026-07-06 17:37:55,381  WARNING  RecordingCore       HEALTH WARNING: H7 silent 1.0s — no new samples (critical; other instruments still recording)
2026-07-06 17:37:57,389  WARNING  RecordingCore       HEALTH WARNING: LCR silent 3.0s — no new samples (auxiliary; other instruments still recording)
2026-07-06 17:37:57,391  WARNING  PortentaReader      send_command('disarm') ignored — port not open
2026-07-06 17:37:57,451  WARNING  PortentaReader      send_command('disarm') ignored — port not open
2026-07-06 17:37:57,512  WARNING  PortentaReader      send_command('disarm') ignored — port not open
2026-07-06 17:37:57,574  WARNING  PortentaReader      send_command('disarm') ignored — port not open
2026-07-06 17:37:57,634  WARNING  PortentaReader      send_command('disarm') ignored — port not open
2026-07-06 17:37:57,697  WARNING  PortentaReader      send_command('disarm') ignored — port not open
2026-07-06 17:37:57,759  WARNING  PortentaReader      send_command('disarm') ignored — port not open
2026-07-06 17:37:57,821  WARNING  PortentaReader      send_command('disarm') ignored — port not open
2026-07-06 17:37:57,883  WARNING  PortentaReader      send_command('disarm') ignored — port not open
2026-07-06 17:37:57,944  WARNING  PortentaReader      send_command('disarm') ignored — port not open
2026-07-06 17:37:58,005  WARNING  PortentaReader      send_command('disarm') ignored — port not open
2026-07-06 17:37:58,066  WARNING  PortentaReader      send_command('disarm') ignored — port not open
2026-07-06 17:37:58,128  WARNING  PortentaReader      send_command('disarm') ignored — port not open
2026-07-06 17:37:58,205  WARNING  PortentaReader      send_command('disarm') ignored — port not open
2026-07-06 17:37:58,264  WARNING  PortentaReader      send_command('disarm') ignored — port not open
2026-07-06 17:37:58,328  WARNING  PortentaReader      send_command('disarm') ignored — port not open
2026-07-06 17:37:58,389  WARNING  PortentaReader      send_command('disarm') ignored — port not open
2026-07-06 17:37:58,444  WARNING  PortentaReader      send_command('disarm') ignored — port not open
2026-07-06 17:37:58,503  WARNING  PortentaReader      send_command('disarm') ignored — port not open
2026-07-06 17:37:58,566  WARNING  PortentaReader      send_command('disarm') ignored — port not open
2026-07-06 17:37:58,630  WARNING  PortentaReader      send_command('disarm') ignored — port not open
2026-07-06 17:37:58,695  WARNING  PortentaReader      send_command('disarm') ignored — port not open
2026-07-06 17:37:58,757  WARNING  PortentaReader      send_command('disarm') ignored — port not open
2026-07-06 17:37:58,817  WARNING  PortentaReader      send_command('disarm') ignored — port not open
2026-07-06 17:37:58,879  WARNING  PortentaReader      send_command('disarm') ignored — port not open
2026-07-06 17:37:58,942  WARNING  PortentaReader      send_command('disarm') ignored — port not open
2026-07-06 17:37:59,003  WARNING  PortentaReader      send_command('disarm') ignored — port not open
2026-07-06 17:37:59,079  WARNING  PortentaReader      send_command('disarm') ignored — port not open
2026-07-06 17:37:59,140  WARNING  PortentaReader      send_command('disarm') ignored — port not open
2026-07-06 17:37:59,194  WARNING  PortentaReader      send_command('disarm') ignored — port not open
2026-07-06 17:37:59,262  WARNING  PortentaReader      send_command('disarm') ignored — port not open
2026-07-06 17:37:59,324  WARNING  PortentaReader      send_command('disarm') ignored — port not open
2026-07-06 17:37:59,386  WARNING  RecordingCore       HEALTH WARNING: LCR silent 5.0s — no new samples (auxiliary; other instruments still recording)
2026-07-06 17:37:59,387  WARNING  PortentaReader      send_command('disarm') ignored — port not open
2026-07-06 17:37:59,448  WARNING  PortentaReader      send_command('disarm') ignored — port not open
2026-07-06 17:37:59,509  WARNING  PortentaReader      send_command('disarm') ignored — port not open
2026-07-06 17:37:59,568  WARNING  PortentaReader      send_command('disarm') ignored — port not open
2026-07-06 17:37:59,629  WARNING  PortentaReader      send_command('disarm') ignored — port not open
2026-07-06 17:37:59,693  WARNING  PortentaReader      send_command('disarm') ignored — port not open
2026-07-06 17:37:59,755  WARNING  PortentaReader      send_command('disarm') ignored — port not open
2026-07-06 17:37:59,830  WARNING  PortentaReader      send_command('disarm') ignored — port not open
2026-07-06 17:37:59,880  WARNING  PortentaReader      send_command('disarm') ignored — port not open
2026-07-06 17:37:59,950  WARNING  PortentaReader      send_command('disarm') ignored — port not open
2026-07-06 17:38:00,015  WARNING  PortentaReader      send_command('disarm') ignored — port not open
2026-07-06 17:38:00,069  WARNING  PortentaReader      send_command('disarm') ignored — port not open
2026-07-06 17:38:00,139  WARNING  PortentaReader      send_command('disarm') ignored — port not open
2026-07-06 17:38:00,201  WARNING  PortentaReader      send_command('disarm') ignored — port not open
2026-07-06 17:38:00,263  WARNING  PortentaReader      send_command('disarm') ignored — port not open
2026-07-06 17:38:00,323  WARNING  PortentaReader      send_command('disarm') ignored — port not open
2026-07-06 17:38:00,384  WARNING  PortentaReader      send_command('disarm') ignored — port not open
2026-07-06 17:38:00,446  WARNING  PortentaReader      send_command('disarm') ignored — port not open
2026-07-06 17:38:00,507  WARNING  PortentaReader      send_command('disarm') ignored — port not open
2026-07-06 17:38:00,569  WARNING  PortentaReader      send_command('disarm') ignored — port not open
2026-07-06 17:38:00,631  WARNING  PortentaReader      send_command('disarm') ignored — port not open
2026-07-06 17:38:00,692  WARNING  PortentaReader      send_command('disarm') ignored — port not open
2026-07-06 17:38:00,753  WARNING  PortentaReader      send_command('disarm') ignored — port not open
2026-07-06 17:38:00,816  WARNING  PortentaReader      send_command('disarm') ignored — port not open
2026-07-06 17:38:00,893  WARNING  PortentaReader      send_command('disarm') ignored — port not open
2026-07-06 17:38:00,951  WARNING  PortentaReader      send_command('disarm') ignored — port not open
2026-07-06 17:38:01,014  WARNING  PortentaReader      send_command('disarm') ignored — port not open
2026-07-06 17:38:01,075  WARNING  PortentaReader      send_command('disarm') ignored — port not open
2026-07-06 17:38:01,138  WARNING  PortentaReader      send_command('disarm') ignored — port not open
2026-07-06 17:38:01,198  WARNING  PortentaReader      send_command('disarm') ignored — port not open
2026-07-06 17:38:01,259  WARNING  PortentaReader      send_command('disarm') ignored — port not open
2026-07-06 17:38:01,320  WARNING  PortentaReader      send_command('disarm') ignored — port not open
2026-07-06 17:38:01,381  WARNING  RecordingCore       HEALTH WARNING: LCR silent 7.0s — no new samples (auxiliary; other instruments still recording)
2026-07-06 17:38:01,382  WARNING  PortentaReader      send_command('disarm') ignored — port not open
2026-07-06 17:38:01,444  WARNING  PortentaReader      send_command('disarm') ignored — port not open
2026-07-06 17:38:01,505  WARNING  PortentaReader      send_command('disarm') ignored — port not open
2026-07-06 17:38:01,567  WARNING  PortentaReader      send_command('disarm') ignored — port not open
2026-07-06 17:38:01,628  WARNING  PortentaReader      send_command('disarm') ignored — port not open
2026-07-06 17:38:01,704  WARNING  PortentaReader      send_command('disarm') ignored — port not open
2026-07-06 17:38:01,767  WARNING  PortentaReader      send_command('disarm') ignored — port not open
2026-07-06 17:38:01,827  WARNING  PortentaReader      send_command('disarm') ignored — port not open
2026-07-06 17:38:01,885  WARNING  PortentaReader      send_command('disarm') ignored — port not open
2026-07-06 17:38:01,946  WARNING  PortentaReader      send_command('disarm') ignored — port not open
2026-07-06 17:38:02,005  WARNING  PortentaReader      send_command('disarm') ignored — port not open
2026-07-06 17:38:02,071  WARNING  PortentaReader      send_command('disarm') ignored — port not open
2026-07-06 17:38:02,133  WARNING  PortentaReader      send_command('disarm') ignored — port not open
2026-07-06 17:38:02,194  WARNING  PortentaReader      send_command('disarm') ignored — port not open
2026-07-06 17:38:02,258  WARNING  PortentaReader      send_command('disarm') ignored — port not open
2026-07-06 17:38:02,320  WARNING  PortentaReader      send_command('disarm') ignored — port not open
2026-07-06 17:38:02,381  WARNING  PortentaReader      send_command('disarm') ignored — port not open
2026-07-06 17:38:02,443  WARNING  PortentaReader      send_command('disarm') ignored — port not open
2026-07-06 17:38:02,504  WARNING  PortentaReader      send_command('disarm') ignored — port not open
2026-07-06 17:38:02,580  WARNING  PortentaReader      send_command('disarm') ignored — port not open
2026-07-06 17:38:02,641  WARNING  PortentaReader      send_command('disarm') ignored — port not open
2026-07-06 17:38:02,704  WARNING  PortentaReader      send_command('disarm') ignored — port not open
2026-07-06 17:38:02,764  WARNING  PortentaReader      send_command('disarm') ignored — port not open
2026-07-06 17:38:02,826  WARNING  PortentaReader      send_command('disarm') ignored — port not open
2026-07-06 17:38:02,888  WARNING  PortentaReader      send_command('disarm') ignored — port not open
2026-07-06 17:38:02,949  WARNING  PortentaReader      send_command('disarm') ignored — port not open
2026-07-06 17:38:03,009  WARNING  PortentaReader      send_command('disarm') ignored — port not open
2026-07-06 17:38:03,070  WARNING  PortentaReader      send_command('disarm') ignored — port not open
2026-07-06 17:38:03,132  WARNING  PortentaReader      send_command('disarm') ignored — port not open
2026-07-06 17:38:03,195  WARNING  PortentaReader      send_command('disarm') ignored — port not open
2026-07-06 17:38:03,256  WARNING  PortentaReader      send_command('disarm') ignored — port not open
2026-07-06 17:38:03,319  WARNING  PortentaReader      send_command('disarm') ignored — port not open
2026-07-06 17:38:03,380  WARNING  RecordingCore       HEALTH WARNING: LCR silent 9.0s — no new samples (auxiliary; other instruments still recording)
2026-07-06 17:38:03,380  WARNING  PortentaReader      send_command('disarm') ignored — port not open
2026-07-06 17:38:03,441  WARNING  PortentaReader      send_command('disarm') ignored — port not open
2026-07-06 17:38:03,504  WARNING  PortentaReader      send_command('disarm') ignored — port not open
2026-07-06 17:38:03,566  WARNING  PortentaReader      send_command('disarm') ignored — port not open
2026-07-06 17:38:03,633  WARNING  PortentaReader      send_command('disarm') ignored — port not open
2026-07-06 17:38:03,694  WARNING  PortentaReader      send_command('disarm') ignored — port not open
2026-07-06 17:38:03,754  WARNING  PortentaReader      send_command('disarm') ignored — port not open
2026-07-06 17:38:03,821  WARNING  PortentaReader      send_command('disarm') ignored — port not open
2026-07-06 17:38:03,880  WARNING  PortentaReader      send_command('disarm') ignored — port not open
2026-07-06 17:38:03,943  WARNING  PortentaReader      send_command('disarm') ignored — port not open
2026-07-06 17:38:04,007  WARNING  PortentaReader      send_command('disarm') ignored — port not open
2026-07-06 17:38:04,069  WARNING  PortentaReader      send_command('disarm') ignored — port not open
2026-07-06 17:38:04,129  WARNING  PortentaReader      send_command('disarm') ignored — port not open
2026-07-06 17:38:04,192  WARNING  PortentaReader      send_command('disarm') ignored — port not open
2026-07-06 17:38:04,254  WARNING  PortentaReader      send_command('disarm') ignored — port not open
2026-07-06 17:38:04,316  WARNING  PortentaReader      send_command('disarm') ignored — port not open
2026-07-06 17:38:04,391  WARNING  PortentaReader      send_command('disarm') ignored — port not open
2026-07-06 17:38:04,455  WARNING  PortentaReader      send_command('disarm') ignored — port not open
2026-07-06 17:38:04,504  WARNING  PortentaReader      send_command('disarm') ignored — port not open
2026-07-06 17:38:04,567  WARNING  PortentaReader      send_command('disarm') ignored — port not open
2026-07-06 17:38:04,631  WARNING  PortentaReader      send_command('disarm') ignored — port not open
2026-07-06 17:38:04,695  WARNING  PortentaReader      send_command('disarm') ignored — port not open
2026-07-06 17:38:04,759  WARNING  PortentaReader      send_command('disarm') ignored — port not open
2026-07-06 17:38:04,820  WARNING  PortentaReader      send_command('disarm') ignored — port not open
2026-07-06 17:38:04,882  WARNING  PortentaReader      send_command('disarm') ignored — port not open
2026-07-06 17:38:04,943  WARNING  PortentaReader      send_command('disarm') ignored — port not open
2026-07-06 17:38:05,005  WARNING  PortentaReader      send_command('disarm') ignored — port not open
2026-07-06 17:38:05,066  WARNING  PortentaReader      send_command('disarm') ignored — port not open
2026-07-06 17:38:05,129  WARNING  PortentaReader      send_command('disarm') ignored — port not open
2026-07-06 17:38:05,204  WARNING  PortentaReader      send_command('disarm') ignored — port not open
2026-07-06 17:38:05,266  WARNING  PortentaReader      send_command('disarm') ignored — port not open
2026-07-06 17:38:05,327  WARNING  PortentaReader      send_command('disarm') ignored — port not open
2026-07-06 17:38:05,388  WARNING  RecordingCore       HEALTH WARNING: LCR silent 11.0s — no new samples (auxiliary; other instruments still recording)
2026-07-06 17:38:05,389  WARNING  PortentaReader      send_command('disarm') ignored — port not open
2026-07-06 17:38:05,450  WARNING  PortentaReader      send_command('disarm') ignored — port not open
2026-07-06 17:38:05,512  WARNING  PortentaReader      send_command('disarm') ignored — port not open
2026-07-06 17:38:05,573  WARNING  PortentaReader      send_command('disarm') ignored — port not open
2026-07-06 17:38:05,634  WARNING  PortentaReader      send_command('disarm') ignored — port not open
2026-07-06 17:38:05,695  WARNING  PortentaReader      send_command('disarm') ignored — port not open
2026-07-06 17:38:05,756  WARNING  PortentaReader      send_command('disarm') ignored — port not open
2026-07-06 17:38:05,817  WARNING  PortentaReader      send_command('disarm') ignored — port not open
2026-07-06 17:38:05,879  WARNING  PortentaReader      send_command('disarm') ignored — port not open
2026-07-06 17:38:05,956  WARNING  PortentaReader      send_command('disarm') ignored — port not open
2026-07-06 17:38:06,017  WARNING  PortentaReader      send_command('disarm') ignored — port not open
2026-07-06 17:38:06,079  WARNING  PortentaReader      send_command('disarm') ignored — port not open
2026-07-06 17:38:06,131  WARNING  PortentaReader      send_command('disarm') ignored — port not open
2026-07-06 17:38:06,199  WARNING  PortentaReader      send_command('disarm') ignored — port not open
2026-07-06 17:38:06,261  WARNING  PortentaReader      send_command('disarm') ignored — port not open
2026-07-06 17:38:06,322  WARNING  PortentaReader      send_command('disarm') ignored — port not open
2026-07-06 17:38:06,385  WARNING  PortentaReader      send_command('disarm') ignored — port not open
2026-07-06 17:38:06,446  WARNING  PortentaReader      send_command('disarm') ignored — port not open
2026-07-06 17:38:06,507  WARNING  PortentaReader      send_command('disarm') ignored — port not open
2026-07-06 17:38:06,568  WARNING  PortentaReader      send_command('disarm') ignored — port not open
2026-07-06 17:38:06,630  WARNING  PortentaReader      send_command('disarm') ignored — port not open
2026-07-06 17:38:06,691  WARNING  PortentaReader      send_command('disarm') ignored — port not open
2026-07-06 17:38:06,768  WARNING  PortentaReader      send_command('disarm') ignored — port not open
2026-07-06 17:38:06,830  WARNING  PortentaReader      send_command('disarm') ignored — port not open
2026-07-06 17:38:06,891  WARNING  PortentaReader      send_command('disarm') ignored — port not open
2026-07-06 17:38:06,952  WARNING  PortentaReader      send_command('disarm') ignored — port not open
2026-07-06 17:38:07,012  WARNING  PortentaReader      send_command('disarm') ignored — port not open
2026-07-06 17:38:07,073  WARNING  PortentaReader      send_command('disarm') ignored — port not open
2026-07-06 17:38:07,135  WARNING  PortentaReader      send_command('disarm') ignored — port not open
2026-07-06 17:38:07,196  WARNING  PortentaReader      send_command('disarm') ignored — port not open
2026-07-06 17:38:07,258  WARNING  PortentaReader      send_command('disarm') ignored — port not open
2026-07-06 17:38:07,320  WARNING  PortentaReader      send_command('disarm') ignored — port not open
2026-07-06 17:38:07,381  WARNING  RecordingCore       HEALTH WARNING: LCR silent 13.0s — no new samples (auxiliary; other instruments still recording)
2026-07-06 17:38:07,382  WARNING  PortentaReader      send_command('disarm') ignored — port not open
2026-07-06 17:38:07,443  WARNING  PortentaReader      send_command('disarm') ignored — port not open
2026-07-06 17:38:07,505  WARNING  PortentaReader      send_command('disarm') ignored — port not open
2026-07-06 17:38:07,567  WARNING  PortentaReader      send_command('disarm') ignored — port not open
2026-07-06 17:38:07,630  WARNING  PortentaReader      send_command('disarm') ignored — port not open
2026-07-06 17:38:07,691  WARNING  PortentaReader      send_command('disarm') ignored — port not open
2026-07-06 17:38:07,754  WARNING  PortentaReader      send_command('disarm') ignored — port not open
2026-07-06 17:38:07,830  WARNING  PortentaReader      send_command('disarm') ignored — port not open
2026-07-06 17:38:07,892  WARNING  PortentaReader      send_command('disarm') ignored — port not open
2026-07-06 17:38:07,953  WARNING  PortentaReader      send_command('disarm') ignored — port not open
2026-07-06 17:38:08,015  WARNING  PortentaReader      send_command('disarm') ignored — port not open
2026-07-06 17:38:08,075  WARNING  PortentaReader      send_command('disarm') ignored — port not open
2026-07-06 17:38:08,137  WARNING  PortentaReader      send_command('disarm') ignored — port not open
2026-07-06 17:38:08,198  WARNING  PortentaReader      send_command('disarm') ignored — port not open
2026-07-06 17:38:08,259  WARNING  PortentaReader      send_command('disarm') ignored — port not open
2026-07-06 17:38:08,321  WARNING  PortentaReader      send_command('disarm') ignored — port not open
2026-07-06 17:38:08,383  WARNING  PortentaReader      send_command('disarm') ignored — port not open
2026-07-06 17:38:08,444  WARNING  PortentaReader      send_command('disarm') ignored — port not open
2026-07-06 17:38:08,505  WARNING  PortentaReader      send_command('disarm') ignored — port not open
2026-07-06 17:38:08,567  WARNING  PortentaReader      send_command('disarm') ignored — port not open
2026-07-06 17:38:08,643  WARNING  PortentaReader      send_command('disarm') ignored — port not open
2026-07-06 17:38:08,703  WARNING  PortentaReader      send_command('disarm') ignored — port not open
2026-07-06 17:38:08,766  WARNING  PortentaReader      send_command('disarm') ignored — port not open
2026-07-06 17:38:08,827  WARNING  PortentaReader      send_command('disarm') ignored — port not open
2026-07-06 17:38:08,889  WARNING  PortentaReader      send_command('disarm') ignored — port not open
2026-07-06 17:38:08,949  WARNING  PortentaReader      send_command('disarm') ignored — port not open
2026-07-06 17:38:09,011  WARNING  PortentaReader      send_command('disarm') ignored — port not open
2026-07-06 17:38:09,020  WARNING  Driver_ZaberStage   move_to 120.000 mm clamped to 40.000 mm (limits [5.000, 40.000])
2026-07-06 17:38:09,068  WARNING  PortentaReader      send_command('disarm') ignored — port not open
2026-07-06 17:38:09,135  WARNING  PortentaReader      send_command('disarm') ignored — port not open
2026-07-06 17:38:09,197  WARNING  PortentaReader      send_command('disarm') ignored — port not open
2026-07-06 17:38:09,257  WARNING  PortentaReader      send_command('disarm') ignored — port not open
2026-07-06 17:38:09,319  WARNING  PortentaReader      send_command('disarm') ignored — port not open
2026-07-06 17:38:09,380  WARNING  RecordingCore       HEALTH WARNING: LCR silent 15.0s — no new samples (auxiliary; other instruments still recording)
2026-07-06 17:38:09,380  WARNING  PortentaReader      send_command('disarm') ignored — port not open
2026-07-06 17:38:09,441  WARNING  PortentaReader      send_command('disarm') ignored — port not open
2026-07-06 17:38:09,517  WARNING  PortentaReader      send_command('disarm') ignored — port not open
2026-07-06 17:38:09,577  WARNING  PortentaReader      send_command('disarm') ignored — port not open
2026-07-06 17:38:09,638  WARNING  PortentaReader      send_command('disarm') ignored — port not open
2026-07-06 17:38:09,699  WARNING  PortentaReader      send_command('disarm') ignored — port not open
2026-07-06 17:38:09,761  WARNING  PortentaReader      send_command('disarm') ignored — port not open
2026-07-06 17:38:09,824  WARNING  PortentaReader      send_command('disarm') ignored — port not open
2026-07-06 17:38:09,885  WARNING  PortentaReader      send_command('disarm') ignored — port not open
2026-07-06 17:38:09,945  WARNING  PortentaReader      send_command('disarm') ignored — port not open
2026-07-06 17:38:10,007  WARNING  PortentaReader      send_command('disarm') ignored — port not open
2026-07-06 17:38:10,067  WARNING  PortentaReader      send_command('disarm') ignored — port not open
2026-07-06 17:38:10,128  WARNING  PortentaReader      send_command('disarm') ignored — port not open
2026-07-06 17:38:10,205  WARNING  PortentaReader      send_command('disarm') ignored — port not open
2026-07-06 17:38:10,264  WARNING  PortentaReader      send_command('disarm') ignored — port not open
2026-07-06 17:38:10,329  WARNING  PortentaReader      send_command('disarm') ignored — port not open
2026-07-06 17:38:10,390  WARNING  PortentaReader      send_command('disarm') ignored — port not open
2026-07-06 17:38:10,451  WARNING  PortentaReader      send_command('disarm') ignored — port not open
2026-07-06 17:38:10,511  WARNING  PortentaReader      send_command('disarm') ignored — port not open
2026-07-06 17:38:10,573  WARNING  PortentaReader      send_command('disarm') ignored — port not open
2026-07-06 17:38:10,635  WARNING  PortentaReader      send_command('disarm') ignored — port not open
2026-07-06 17:38:10,697  WARNING  PortentaReader      send_command('disarm') ignored — port not open
2026-07-06 17:38:10,759  WARNING  PortentaReader      send_command('disarm') ignored — port not open
2026-07-06 17:38:10,819  WARNING  PortentaReader      send_command('disarm') ignored — port not open
2026-07-06 17:38:10,879  WARNING  PortentaReader      send_command('disarm') ignored — port not open
2026-07-06 17:38:10,941  WARNING  PortentaReader      send_command('disarm') ignored — port not open
2026-07-06 17:38:11,019  WARNING  PortentaReader      send_command('disarm') ignored — port not open
2026-07-06 17:38:11,074  WARNING  PortentaReader      send_command('disarm') ignored — port not open
2026-07-06 17:38:11,134  WARNING  PortentaReader      send_command('disarm') ignored — port not open
2026-07-06 17:38:11,194  WARNING  PortentaReader      send_command('disarm') ignored — port not open
2026-07-06 17:38:11,265  WARNING  PortentaReader      send_command('disarm') ignored — port not open
2026-07-06 17:38:11,327  WARNING  PortentaReader      send_command('disarm') ignored — port not open
2026-07-06 17:38:11,387  WARNING  RecordingCore       HEALTH WARNING: LCR silent 17.0s — no new samples (auxiliary; other instruments still recording)
2026-07-06 17:38:11,388  WARNING  PortentaReader      send_command('disarm') ignored — port not open
2026-07-06 17:38:11,449  WARNING  PortentaReader      send_command('disarm') ignored — port not open
2026-07-06 17:38:11,510  WARNING  PortentaReader      send_command('disarm') ignored — port not open
2026-07-06 17:38:11,572  WARNING  PortentaReader      send_command('disarm') ignored — port not open
2026-07-06 17:38:11,633  WARNING  PortentaReader      send_command('disarm') ignored — port not open
2026-07-06 17:38:11,694  WARNING  PortentaReader      send_command('disarm') ignored — port not open
2026-07-06 17:38:11,756  WARNING  PortentaReader      send_command('disarm') ignored — port not open
2026-07-06 17:38:11,816  WARNING  PortentaReader      send_command('disarm') ignored — port not open
2026-07-06 17:38:11,891  WARNING  PortentaReader      send_command('disarm') ignored — port not open
2026-07-06 17:38:11,952  WARNING  PortentaReader      send_command('disarm') ignored — port not open
2026-07-06 17:38:12,013  WARNING  PortentaReader      send_command('disarm') ignored — port not open
2026-07-06 17:38:12,075  WARNING  PortentaReader      send_command('disarm') ignored — port not open
2026-07-06 17:38:12,136  WARNING  PortentaReader      send_command('disarm') ignored — port not open
2026-07-06 17:38:12,197  WARNING  PortentaReader      send_command('disarm') ignored — port not open
2026-07-06 17:38:12,258  WARNING  PortentaReader      send_command('disarm') ignored — port not open
2026-07-06 17:38:12,320  WARNING  PortentaReader      send_command('disarm') ignored — port not open
2026-07-06 17:38:12,381  WARNING  PortentaReader      send_command('disarm') ignored — port not open
2026-07-06 17:38:12,442  WARNING  PortentaReader      send_command('disarm') ignored — port not open
2026-07-06 17:38:12,503  WARNING  PortentaReader      send_command('disarm') ignored — port not open
2026-07-06 17:38:12,580  WARNING  PortentaReader      send_command('disarm') ignored — port not open
2026-07-06 17:38:12,642  WARNING  PortentaReader      send_command('disarm') ignored — port not open
2026-07-06 17:38:12,702  WARNING  PortentaReader      send_command('disarm') ignored — port not open
2026-07-06 17:38:12,765  WARNING  PortentaReader      send_command('disarm') ignored — port not open
2026-07-06 17:38:12,826  WARNING  PortentaReader      send_command('disarm') ignored — port not open
2026-07-06 17:38:12,888  WARNING  PortentaReader      send_command('disarm') ignored — port not open
2026-07-06 17:38:12,947  WARNING  PortentaReader      send_command('disarm') ignored — port not open
2026-07-06 17:38:13,010  WARNING  PortentaReader      send_command('disarm') ignored — port not open
2026-07-06 17:38:13,072  WARNING  PortentaReader      send_command('disarm') ignored — port not open
2026-07-06 17:38:13,135  WARNING  PortentaReader      send_command('disarm') ignored — port not open
2026-07-06 17:38:13,196  WARNING  PortentaReader      send_command('disarm') ignored — port not open
2026-07-06 17:38:13,256  WARNING  PortentaReader      send_command('disarm') ignored — port not open
2026-07-06 17:38:13,320  WARNING  PortentaReader      send_command('disarm') ignored — port not open
2026-07-06 17:38:13,382  WARNING  RecordingCore       HEALTH WARNING: LCR silent 19.0s — no new samples (auxiliary; other instruments still recording)
2026-07-06 17:38:13,383  WARNING  PortentaReader      send_command('disarm') ignored — port not open
2026-07-06 17:38:13,443  WARNING  PortentaReader      send_command('disarm') ignored — port not open
2026-07-06 17:38:13,506  WARNING  PortentaReader      send_command('disarm') ignored — port not open
2026-07-06 17:38:13,567  WARNING  PortentaReader      send_command('disarm') ignored — port not open
2026-07-06 17:38:13,629  WARNING  PortentaReader      send_command('disarm') ignored — port not open
2026-07-06 17:38:13,691  WARNING  PortentaReader      send_command('disarm') ignored — port not open
2026-07-06 17:38:13,766  WARNING  PortentaReader      send_command('disarm') ignored — port not open
2026-07-06 17:38:13,827  WARNING  PortentaReader      send_command('disarm') ignored — port not open
2026-07-06 17:38:13,888  WARNING  PortentaReader      send_command('disarm') ignored — port not open
2026-07-06 17:38:13,946  WARNING  PortentaReader      send_command('disarm') ignored — port not open
2026-07-06 17:38:14,006  WARNING  PortentaReader      send_command('disarm') ignored — port not open
2026-07-06 17:38:14,067  WARNING  PortentaReader      send_command('disarm') ignored — port not open
2026-07-06 17:38:14,129  WARNING  PortentaReader      send_command('disarm') ignored — port not open
2026-07-06 17:38:14,192  WARNING  PortentaReader      send_command('disarm') ignored — port not open
2026-07-06 17:38:14,253  WARNING  PortentaReader      send_command('disarm') ignored — port not open
2026-07-06 17:38:14,318  WARNING  PortentaReader      send_command('disarm') ignored — port not open
2026-07-06 17:38:14,379  WARNING  PortentaReader      send_command('disarm') ignored — port not open
2026-07-06 17:38:14,442  WARNING  PortentaReader      send_command('disarm') ignored — port not open
2026-07-06 17:38:14,507  WARNING  PortentaReader      send_command('disarm') ignored — port not open
2026-07-06 17:38:14,571  WARNING  PortentaReader      send_command('disarm') ignored — port not open
2026-07-06 17:38:14,635  WARNING  PortentaReader      send_command('disarm') ignored — port not open
2026-07-06 17:38:14,702  WARNING  PortentaReader      send_command('disarm') ignored — port not open
2026-07-06 17:38:14,763  WARNING  PortentaReader      send_command('disarm') ignored — port not open
2026-07-06 17:38:14,825  WARNING  PortentaReader      send_command('disarm') ignored — port not open
2026-07-06 17:38:14,886  WARNING  PortentaReader      send_command('disarm') ignored — port not open
2026-07-06 17:38:14,944  WARNING  PortentaReader      send_command('disarm') ignored — port not open
2026-07-06 17:38:15,115  WARNING  PortentaReader      send_command('disarm') ignored — port not open
2026-07-06 17:38:15,132  WARNING  PortentaReader      send_command('disarm') ignored — port not open
2026-07-06 17:38:15,194  WARNING  PortentaReader      send_command('disarm') ignored — port not open
2026-07-06 17:38:15,257  WARNING  PortentaReader      send_command('disarm') ignored — port not open
2026-07-06 17:38:15,317  WARNING  PortentaReader      send_command('disarm') ignored — port not open
2026-07-06 17:38:15,379  WARNING  RecordingCore       HEALTH WARNING: LCR silent 21.0s — no new samples (auxiliary; other instruments still recording)
2026-07-06 17:38:15,379  WARNING  PortentaReader      send_command('disarm') ignored — port not open
2026-07-06 17:38:15,455  WARNING  PortentaReader      send_command('disarm') ignored — port not open
2026-07-06 17:38:15,516  WARNING  PortentaReader      send_command('disarm') ignored — port not open
2026-07-06 17:38:15,578  WARNING  PortentaReader      send_command('disarm') ignored — port not open
2026-07-06 17:38:15,638  WARNING  PortentaReader      send_command('disarm') ignored — port not open
2026-07-06 17:38:15,700  WARNING  PortentaReader      send_command('disarm') ignored — port not open
2026-07-06 17:38:15,761  WARNING  PortentaReader      send_command('disarm') ignored — port not open
2026-07-06 17:38:15,822  WARNING  PortentaReader      send_command('disarm') ignored — port not open
2026-07-06 17:38:15,882  WARNING  PortentaReader      send_command('disarm') ignored — port not open
2026-07-06 17:38:15,943  WARNING  PortentaReader      send_command('disarm') ignored — port not open
2026-07-06 17:38:16,004  WARNING  PortentaReader      send_command('disarm') ignored — port not open
2026-07-06 17:38:16,069  WARNING  PortentaReader      send_command('disarm') ignored — port not open
2026-07-06 17:38:16,129  WARNING  PortentaReader      send_command('disarm') ignored — port not open
2026-07-06 17:38:16,203  WARNING  PortentaReader      send_command('disarm') ignored — port not open
2026-07-06 17:38:16,254  WARNING  PortentaReader      send_command('disarm') ignored — port not open
2026-07-06 17:38:16,318  WARNING  PortentaReader      send_command('disarm') ignored — port not open
2026-07-06 17:38:16,384  WARNING  PortentaReader      send_command('disarm') ignored — port not open
2026-07-06 17:38:16,450  WARNING  PortentaReader      send_command('disarm') ignored — port not open
2026-07-06 17:38:16,511  WARNING  PortentaReader      send_command('disarm') ignored — port not open
2026-07-06 17:38:16,572  WARNING  PortentaReader      send_command('disarm') ignored — port not open
2026-07-06 17:38:16,634  WARNING  PortentaReader      send_command('disarm') ignored — port not open
2026-07-06 17:38:16,695  WARNING  PortentaReader      send_command('disarm') ignored — port not open
2026-07-06 17:38:16,755  WARNING  PortentaReader      send_command('disarm') ignored — port not open
2026-07-06 17:38:16,817  WARNING  PortentaReader      send_command('disarm') ignored — port not open
2026-07-06 17:38:16,878  WARNING  PortentaReader      send_command('disarm') ignored — port not open
2026-07-06 17:38:16,956  WARNING  PortentaReader      send_command('disarm') ignored — port not open
2026-07-06 17:38:17,003  WARNING  PortentaReader      send_command('disarm') ignored — port not open
2026-07-06 17:38:17,080  WARNING  PortentaReader      send_command('disarm') ignored — port not open
2026-07-06 17:38:17,128  WARNING  PortentaReader      send_command('disarm') ignored — port not open
2026-07-06 17:38:17,204  WARNING  PortentaReader      send_command('disarm') ignored — port not open
2026-07-06 17:38:17,266  WARNING  PortentaReader      send_command('disarm') ignored — port not open
2026-07-06 17:38:17,327  WARNING  PortentaReader      send_command('disarm') ignored — port not open
2026-07-06 17:38:17,389  WARNING  RecordingCore       HEALTH WARNING: LCR silent 23.0s — no new samples (auxiliary; other instruments still recording)
2026-07-06 17:38:17,390  WARNING  PortentaReader      send_command('disarm') ignored — port not open
2026-07-06 17:38:17,451  WARNING  PortentaReader      send_command('disarm') ignored — port not open
2026-07-06 17:38:17,512  WARNING  PortentaReader      send_command('disarm') ignored — port not open
2026-07-06 17:38:17,573  WARNING  PortentaReader      send_command('disarm') ignored — port not open
2026-07-06 17:38:17,634  WARNING  PortentaReader      send_command('disarm') ignored — port not open
2026-07-06 17:38:17,695  WARNING  PortentaReader      send_command('disarm') ignored — port not open
2026-07-06 17:38:17,758  WARNING  PortentaReader      send_command('disarm') ignored — port not open
2026-07-06 17:38:17,818  WARNING  PortentaReader      send_command('disarm') ignored — port not open
2026-07-06 17:38:17,880  WARNING  PortentaReader      send_command('disarm') ignored — port not open
2026-07-06 17:38:17,941  WARNING  PortentaReader      send_command('disarm') ignored — port not open
2026-07-06 17:38:18,003  WARNING  PortentaReader      send_command('disarm') ignored — port not open
2026-07-06 17:38:18,072  WARNING  PortentaReader      send_command('disarm') ignored — port not open
2026-07-06 17:38:18,140  WARNING  PortentaReader      send_command('disarm') ignored — port not open
2026-07-06 17:38:18,202  WARNING  PortentaReader      send_command('disarm') ignored — port not open
2026-07-06 17:38:18,262  WARNING  PortentaReader      send_command('disarm') ignored — port not open
2026-07-06 17:38:18,324  WARNING  PortentaReader      send_command('disarm') ignored — port not open
2026-07-06 17:38:18,385  WARNING  PortentaReader      send_command('disarm') ignored — port not open
2026-07-06 17:38:18,447  WARNING  PortentaReader      send_command('disarm') ignored — port not open
2026-07-06 17:38:18,509  WARNING  PortentaReader      send_command('disarm') ignored — port not open
2026-07-06 17:38:18,537  WARNING  Driver_ZaberStage   move_to 120.000 mm clamped to 40.000 mm (limits [5.000, 40.000])
2026-07-06 17:38:18,571  WARNING  PortentaReader      send_command('disarm') ignored — port not open
2026-07-06 17:38:18,630  WARNING  PortentaReader      send_command('disarm') ignored — port not open
2026-07-06 17:38:18,694  WARNING  PortentaReader      send_command('disarm') ignored — port not open
2026-07-06 17:38:18,756  WARNING  PortentaReader      send_command('disarm') ignored — port not open
2026-07-06 17:38:18,818  WARNING  PortentaReader      send_command('disarm') ignored — port not open
2026-07-06 17:38:18,879  WARNING  PortentaReader      send_command('disarm') ignored — port not open
2026-07-06 17:38:18,955  WARNING  PortentaReader      send_command('disarm') ignored — port not open
2026-07-06 17:38:19,016  WARNING  PortentaReader      send_command('disarm') ignored — port not open
2026-07-06 17:38:19,077  WARNING  PortentaReader      send_command('disarm') ignored — port not open
2026-07-06 17:38:19,138  WARNING  PortentaReader      send_command('disarm') ignored — port not open
2026-07-06 17:38:19,199  WARNING  PortentaReader      send_command('disarm') ignored — port not open
2026-07-06 17:38:19,261  WARNING  PortentaReader      send_command('disarm') ignored — port not open
2026-07-06 17:38:19,322  WARNING  PortentaReader      send_command('disarm') ignored — port not open
2026-07-06 17:38:19,383  WARNING  RecordingCore       HEALTH WARNING: LCR silent 25.0s — no new samples (auxiliary; other instruments still recording)
2026-07-06 17:38:19,384  WARNING  PortentaReader      send_command('disarm') ignored — port not open
2026-07-06 17:38:19,444  WARNING  PortentaReader      send_command('disarm') ignored — port not open
2026-07-06 17:38:19,506  WARNING  PortentaReader      send_command('disarm') ignored — port not open
2026-07-06 17:38:19,568  WARNING  PortentaReader      send_command('disarm') ignored — port not open
2026-07-06 17:38:19,630  WARNING  PortentaReader      send_command('disarm') ignored — port not open
2026-07-06 17:38:19,691  WARNING  PortentaReader      send_command('disarm') ignored — port not open
2026-07-06 17:38:19,768  WARNING  PortentaReader      send_command('disarm') ignored — port not open
2026-07-06 17:38:19,816  WARNING  PortentaReader      send_command('disarm') ignored — port not open
2026-07-06 17:38:19,892  WARNING  PortentaReader      send_command('disarm') ignored — port not open
2026-07-06 17:38:19,953  WARNING  PortentaReader      send_command('disarm') ignored — port not open
2026-07-06 17:38:20,007  WARNING  PortentaReader      send_command('disarm') ignored — port not open
2026-07-06 17:38:20,076  WARNING  PortentaReader      send_command('disarm') ignored — port not open
2026-07-06 17:38:20,138  WARNING  PortentaReader      send_command('disarm') ignored — port not open
2026-07-06 17:38:20,199  WARNING  PortentaReader      send_command('disarm') ignored — port not open
2026-07-06 17:38:20,260  WARNING  PortentaReader      send_command('disarm') ignored — port not open
2026-07-06 17:38:20,321  WARNING  PortentaReader      send_command('disarm') ignored — port not open
2026-07-06 17:38:20,382  WARNING  PortentaReader      send_command('disarm') ignored — port not open
2026-07-06 17:38:20,443  WARNING  PortentaReader      send_command('disarm') ignored — port not open
2026-07-06 17:38:20,505  WARNING  PortentaReader      send_command('disarm') ignored — port not open
2026-07-06 17:38:20,586  WARNING  PortentaReader      send_command('disarm') ignored — port not open
2026-07-06 17:38:20,629  WARNING  PortentaReader      send_command('disarm') ignored — port not open
2026-07-06 17:38:20,705  WARNING  PortentaReader      send_command('disarm') ignored — port not open
2026-07-06 17:38:20,766  WARNING  PortentaReader      send_command('disarm') ignored — port not open
2026-07-06 17:38:20,828  WARNING  PortentaReader      send_command('disarm') ignored — port not open
2026-07-06 17:38:20,890  WARNING  PortentaReader      send_command('disarm') ignored — port not open
2026-07-06 17:38:20,951  WARNING  PortentaReader      send_command('disarm') ignored — port not open
2026-07-06 17:38:21,012  WARNING  PortentaReader      send_command('disarm') ignored — port not open
2026-07-06 17:38:21,074  WARNING  PortentaReader      send_command('disarm') ignored — port not open
2026-07-06 17:38:21,136  WARNING  PortentaReader      send_command('disarm') ignored — port not open
2026-07-06 17:38:21,197  WARNING  PortentaReader      send_command('disarm') ignored — port not open
2026-07-06 17:38:21,259  WARNING  PortentaReader      send_command('disarm') ignored — port not open
2026-07-06 17:38:21,319  WARNING  PortentaReader      send_command('disarm') ignored — port not open
2026-07-06 17:38:21,382  WARNING  RecordingCore       HEALTH WARNING: LCR silent 27.0s — no new samples (auxiliary; other instruments still recording)
2026-07-06 17:38:21,382  WARNING  PortentaReader      send_command('disarm') ignored — port not open
2026-07-06 17:38:21,442  WARNING  PortentaReader      send_command('disarm') ignored — port not open
2026-07-06 17:38:21,505  WARNING  PortentaReader      send_command('disarm') ignored — port not open
2026-07-06 17:38:21,566  WARNING  PortentaReader      send_command('disarm') ignored — port not open
2026-07-06 17:38:21,633  WARNING  PortentaReader      send_command('disarm') ignored — port not open
2026-07-06 17:38:21,698  WARNING  PortentaReader      send_command('disarm') ignored — port not open
2026-07-06 17:38:21,761  WARNING  PortentaReader      send_command('disarm') ignored — port not open
2026-07-06 17:38:21,826  WARNING  PortentaReader      send_command('disarm') ignored — port not open
2026-07-06 17:38:21,881  WARNING  PortentaReader      send_command('disarm') ignored — port not open
2026-07-06 17:38:21,949  WARNING  PortentaReader      send_command('disarm') ignored — port not open
2026-07-06 17:38:22,010  WARNING  PortentaReader      send_command('disarm') ignored — port not open
2026-07-06 17:38:22,068  WARNING  PortentaReader      send_command('disarm') ignored — port not open
2026-07-06 17:38:22,133  WARNING  PortentaReader      send_command('disarm') ignored — port not open
2026-07-06 17:38:22,195  WARNING  PortentaReader      send_command('disarm') ignored — port not open
2026-07-06 17:38:22,256  WARNING  PortentaReader      send_command('disarm') ignored — port not open
2026-07-06 17:38:22,316  WARNING  PortentaReader      send_command('disarm') ignored — port not open
2026-07-06 17:38:22,380  WARNING  PortentaReader      send_command('disarm') ignored — port not open
2026-07-06 17:38:22,456  WARNING  PortentaReader      send_command('disarm') ignored — port not open
2026-07-06 17:38:22,516  WARNING  PortentaReader      send_command('disarm') ignored — port not open
2026-07-06 17:38:22,578  WARNING  PortentaReader      send_command('disarm') ignored — port not open
2026-07-06 17:38:22,639  WARNING  PortentaReader      send_command('disarm') ignored — port not open
2026-07-06 17:38:22,700  WARNING  PortentaReader      send_command('disarm') ignored — port not open
2026-07-06 17:38:22,762  WARNING  PortentaReader      send_command('disarm') ignored — port not open
2026-07-06 17:38:22,824  WARNING  PortentaReader      send_command('disarm') ignored — port not open
2026-07-06 17:38:22,886  WARNING  PortentaReader      send_command('disarm') ignored — port not open
2026-07-06 17:38:22,947  WARNING  PortentaReader      send_command('disarm') ignored — port not open
2026-07-06 17:38:23,009  WARNING  PortentaReader      send_command('disarm') ignored — port not open
2026-07-06 17:38:23,070  WARNING  PortentaReader      send_command('disarm') ignored — port not open
2026-07-06 17:38:23,132  WARNING  PortentaReader      send_command('disarm') ignored — port not open
2026-07-06 17:38:23,193  WARNING  PortentaReader      send_command('disarm') ignored — port not open
2026-07-06 17:38:23,255  WARNING  PortentaReader      send_command('disarm') ignored — port not open
2026-07-06 17:38:23,317  WARNING  PortentaReader      send_command('disarm') ignored — port not open
2026-07-06 17:38:23,393  WARNING  RecordingCore       HEALTH WARNING: LCR silent 29.0s — no new samples (auxiliary; other instruments still recording)
2026-07-06 17:38:23,394  WARNING  PortentaReader      send_command('disarm') ignored — port not open
2026-07-06 17:38:23,454  WARNING  PortentaReader      send_command('disarm') ignored — port not open
2026-07-06 17:38:23,515  WARNING  PortentaReader      send_command('disarm') ignored — port not open
2026-07-06 17:38:23,577  WARNING  PortentaReader      send_command('disarm') ignored — port not open
2026-07-06 17:38:23,637  WARNING  PortentaReader      send_command('disarm') ignored — port not open
2026-07-06 17:38:23,698  WARNING  PortentaReader      send_command('disarm') ignored — port not open
2026-07-06 17:38:23,760  WARNING  PortentaReader      send_command('disarm') ignored — port not open
2026-07-06 17:38:23,821  WARNING  PortentaReader      send_command('disarm') ignored — port not open
2026-07-06 17:38:23,883  WARNING  PortentaReader      send_command('disarm') ignored — port not open
2026-07-06 17:38:23,945  WARNING  PortentaReader      send_command('disarm') ignored — port not open
2026-07-06 17:38:24,005  WARNING  PortentaReader      send_command('disarm') ignored — port not open
2026-07-06 17:38:24,067  WARNING  PortentaReader      send_command('disarm') ignored — port not open
2026-07-06 17:38:24,143  WARNING  PortentaReader      send_command('disarm') ignored — port not open
2026-07-06 17:38:24,205  WARNING  PortentaReader      send_command('disarm') ignored — port not open
2026-07-06 17:38:24,265  WARNING  PortentaReader      send_command('disarm') ignored — port not open
2026-07-06 17:38:24,328  WARNING  PortentaReader      send_command('disarm') ignored — port not open
2026-07-06 17:38:24,388  WARNING  PortentaReader      send_command('disarm') ignored — port not open
2026-07-06 17:38:24,449  WARNING  PortentaReader      send_command('disarm') ignored — port not open
2026-07-06 17:38:24,511  WARNING  PortentaReader      send_command('disarm') ignored — port not open
2026-07-06 17:38:24,573  WARNING  PortentaReader      send_command('disarm') ignored — port not open
2026-07-06 17:38:24,636  WARNING  PortentaReader      send_command('disarm') ignored — port not open
2026-07-06 17:38:24,698  WARNING  PortentaReader      send_command('disarm') ignored — port not open
2026-07-06 17:38:24,759  WARNING  PortentaReader      send_command('disarm') ignored — port not open
2026-07-06 17:38:24,820  WARNING  PortentaReader      send_command('disarm') ignored — port not open
2026-07-06 17:38:24,883  WARNING  PortentaReader      send_command('disarm') ignored — port not open
2026-07-06 17:38:24,943  WARNING  PortentaReader      send_command('disarm') ignored — port not open
2026-07-06 17:38:25,005  WARNING  PortentaReader      send_command('disarm') ignored — port not open
2026-07-06 17:38:25,082  WARNING  PortentaReader      send_command('disarm') ignored — port not open
2026-07-06 17:38:25,143  WARNING  PortentaReader      send_command('disarm') ignored — port not open
2026-07-06 17:38:25,204  WARNING  PortentaReader      send_command('disarm') ignored — port not open
2026-07-06 17:38:25,265  WARNING  PortentaReader      send_command('disarm') ignored — port not open
2026-07-06 17:38:25,327  WARNING  PortentaReader      send_command('disarm') ignored — port not open
2026-07-06 17:38:25,387  WARNING  PortentaReader      send_command('disarm') ignored — port not open
2026-07-06 17:38:25,447  WARNING  RecordingCore       HEALTH WARNING: LCR silent 31.1s — no new samples (auxiliary; other instruments still recording)
2026-07-06 17:38:25,448  WARNING  PortentaReader      send_command('disarm') ignored — port not open
2026-07-06 17:38:25,509  WARNING  PortentaReader      send_command('disarm') ignored — port not open
2026-07-06 17:38:25,572  WARNING  PortentaReader      send_command('disarm') ignored — port not open
2026-07-06 17:38:25,633  WARNING  PortentaReader      send_command('disarm') ignored — port not open
2026-07-06 17:38:25,694  WARNING  PortentaReader      send_command('disarm') ignored — port not open
2026-07-06 17:38:25,755  WARNING  PortentaReader      send_command('disarm') ignored — port not open
2026-07-06 17:38:25,817  WARNING  PortentaReader      send_command('disarm') ignored — port not open
2026-07-06 17:38:25,892  WARNING  PortentaReader      send_command('disarm') ignored — port not open
2026-07-06 17:38:25,953  WARNING  PortentaReader      send_command('disarm') ignored — port not open
2026-07-06 17:38:26,014  WARNING  PortentaReader      send_command('disarm') ignored — port not open
2026-07-06 17:38:26,076  WARNING  PortentaReader      send_command('disarm') ignored — port not open
2026-07-06 17:38:26,138  WARNING  PortentaReader      send_command('disarm') ignored — port not open
2026-07-06 17:38:26,199  WARNING  PortentaReader      send_command('disarm') ignored — port not open
2026-07-06 17:38:26,261  WARNING  PortentaReader      send_command('disarm') ignored — port not open
2026-07-06 17:38:26,317  WARNING  PortentaReader      send_command('disarm') ignored — port not open
2026-07-06 17:38:26,323  WARNING  Driver_ZaberStage   move_to 150.000 mm clamped to 40.000 mm (limits [5.000, 40.000])
2026-07-06 17:38:26,384  WARNING  PortentaReader      send_command('disarm') ignored — port not open
2026-07-06 17:38:26,446  WARNING  PortentaReader      send_command('disarm') ignored — port not open
2026-07-06 17:38:26,507  WARNING  PortentaReader      send_command('disarm') ignored — port not open
2026-07-06 17:38:26,569  WARNING  PortentaReader      send_command('disarm') ignored — port not open
2026-07-06 17:38:26,630  WARNING  PortentaReader      send_command('disarm') ignored — port not open
2026-07-06 17:38:26,692  WARNING  PortentaReader      send_command('disarm') ignored — port not open
2026-07-06 17:38:26,756  WARNING  PortentaReader      send_command('disarm') ignored — port not open
2026-07-06 17:38:26,817  WARNING  PortentaReader      send_command('disarm') ignored — port not open
2026-07-06 17:38:26,893  WARNING  PortentaReader      send_command('disarm') ignored — port not open
2026-07-06 17:38:26,955  WARNING  PortentaReader      send_command('disarm') ignored — port not open
2026-07-06 17:38:27,016  WARNING  PortentaReader      send_command('disarm') ignored — port not open
2026-07-06 17:38:27,077  WARNING  PortentaReader      send_command('disarm') ignored — port not open
2026-07-06 17:38:27,139  WARNING  PortentaReader      send_command('disarm') ignored — port not open
2026-07-06 17:38:27,200  WARNING  PortentaReader      send_command('disarm') ignored — port not open
2026-07-06 17:38:27,262  WARNING  PortentaReader      send_command('disarm') ignored — port not open
2026-07-06 17:38:27,323  WARNING  PortentaReader      send_command('disarm') ignored — port not open
2026-07-06 17:38:27,384  WARNING  PortentaReader      send_command('disarm') ignored — port not open
2026-07-06 17:38:27,444  WARNING  RecordingCore       HEALTH WARNING: LCR silent 33.1s — no new samples (auxiliary; other instruments still recording)
2026-07-06 17:38:27,446  WARNING  PortentaReader      send_command('disarm') ignored — port not open
2026-07-06 17:38:27,505  WARNING  PortentaReader      send_command('disarm') ignored — port not open
2026-07-06 17:38:27,568  WARNING  PortentaReader      send_command('disarm') ignored — port not open
2026-07-06 17:38:27,629  WARNING  PortentaReader      send_command('disarm') ignored — port not open
2026-07-06 17:38:27,705  WARNING  PortentaReader      send_command('disarm') ignored — port not open
2026-07-06 17:38:27,766  WARNING  PortentaReader      send_command('disarm') ignored — port not open
2026-07-06 17:38:27,817  WARNING  PortentaReader      send_command('disarm') ignored — port not open
2026-07-06 17:38:27,889  WARNING  PortentaReader      send_command('disarm') ignored — port not open
2026-07-06 17:38:27,949  WARNING  PortentaReader      send_command('disarm') ignored — port not open
2026-07-06 17:38:28,011  WARNING  PortentaReader      send_command('disarm') ignored — port not open
2026-07-06 17:38:28,071  WARNING  PortentaReader      send_command('disarm') ignored — port not open
2026-07-06 17:38:28,132  WARNING  PortentaReader      send_command('disarm') ignored — port not open
2026-07-06 17:38:28,193  WARNING  PortentaReader      send_command('disarm') ignored — port not open
2026-07-06 17:38:28,254  WARNING  PortentaReader      send_command('disarm') ignored — port not open
2026-07-06 17:38:28,330  WARNING  PortentaReader      send_command('disarm') ignored — port not open
2026-07-06 17:38:28,391  WARNING  PortentaReader      send_command('disarm') ignored — port not open
2026-07-06 17:38:28,452  WARNING  PortentaReader      send_command('disarm') ignored — port not open
2026-07-06 17:38:28,514  WARNING  PortentaReader      send_command('disarm') ignored — port not open
2026-07-06 17:38:28,575  WARNING  PortentaReader      send_command('disarm') ignored — port not open
2026-07-06 17:38:28,637  WARNING  PortentaReader      send_command('disarm') ignored — port not open
2026-07-06 17:38:28,699  WARNING  PortentaReader      send_command('disarm') ignored — port not open
2026-07-06 17:38:28,759  WARNING  PortentaReader      send_command('disarm') ignored — port not open
2026-07-06 17:38:28,821  WARNING  PortentaReader      send_command('disarm') ignored — port not open
2026-07-06 17:38:28,882  WARNING  PortentaReader      send_command('disarm') ignored — port not open
2026-07-06 17:38:28,941  WARNING  PortentaReader      send_command('disarm') ignored — port not open
2026-07-06 17:38:29,004  WARNING  PortentaReader      send_command('disarm') ignored — port not open
2026-07-06 17:38:29,066  WARNING  PortentaReader      send_command('disarm') ignored — port not open
2026-07-06 17:38:29,134  WARNING  PortentaReader      send_command('disarm') ignored — port not open
2026-07-06 17:38:29,198  WARNING  PortentaReader      send_command('disarm') ignored — port not open
2026-07-06 17:38:29,262  WARNING  PortentaReader      send_command('disarm') ignored — port not open
2026-07-06 17:38:29,326  WARNING  PortentaReader      send_command('disarm') ignored — port not open
2026-07-06 17:38:29,388  WARNING  PortentaReader      send_command('disarm') ignored — port not open
2026-07-06 17:38:29,449  WARNING  RecordingCore       HEALTH WARNING: LCR silent 35.1s — no new samples (auxiliary; other instruments still recording)
2026-07-06 17:38:29,451  WARNING  PortentaReader      send_command('disarm') ignored — port not open
2026-07-06 17:38:29,511  WARNING  PortentaReader      send_command('disarm') ignored — port not open
2026-07-06 17:38:29,571  WARNING  PortentaReader      send_command('disarm') ignored — port not open
2026-07-06 17:38:29,629  WARNING  PortentaReader      send_command('disarm') ignored — port not open
2026-07-06 17:38:29,693  WARNING  PortentaReader      send_command('disarm') ignored — port not open
2026-07-06 17:38:29,756  WARNING  PortentaReader      send_command('disarm') ignored — port not open
2026-07-06 17:38:29,817  WARNING  PortentaReader      send_command('disarm') ignored — port not open
2026-07-06 17:38:29,878  WARNING  PortentaReader      send_command('disarm') ignored — port not open
2026-07-06 17:38:29,954  WARNING  PortentaReader      send_command('disarm') ignored — port not open
2026-07-06 17:38:30,016  WARNING  PortentaReader      send_command('disarm') ignored — port not open
2026-07-06 17:38:30,078  WARNING  PortentaReader      send_command('disarm') ignored — port not open
2026-07-06 17:38:30,139  WARNING  PortentaReader      send_command('disarm') ignored — port not open
2026-07-06 17:38:30,191  WARNING  PortentaReader      send_command('disarm') ignored — port not open
2026-07-06 17:38:30,259  WARNING  PortentaReader      send_command('disarm') ignored — port not open
2026-07-06 17:38:30,318  WARNING  PortentaReader      send_command('disarm') ignored — port not open
2026-07-06 17:38:30,378  WARNING  PortentaReader      send_command('disarm') ignored — port not open
2026-07-06 17:38:30,446  WARNING  PortentaReader      send_command('disarm') ignored — port not open
2026-07-06 17:38:30,507  WARNING  PortentaReader      send_command('disarm') ignored — port not open
2026-07-06 17:38:30,566  WARNING  PortentaReader      send_command('disarm') ignored — port not open
2026-07-06 17:38:30,630  WARNING  PortentaReader      send_command('disarm') ignored — port not open
2026-07-06 17:38:30,691  WARNING  PortentaReader      send_command('disarm') ignored — port not open
2026-07-06 17:38:30,758  WARNING  PortentaReader      send_command('disarm') ignored — port not open
2026-07-06 17:38:30,821  WARNING  PortentaReader      send_command('disarm') ignored — port not open
2026-07-06 17:38:30,891  WARNING  PortentaReader      send_command('disarm') ignored — port not open
2026-07-06 17:38:30,951  WARNING  PortentaReader      send_command('disarm') ignored — port not open
2026-07-06 17:38:31,012  WARNING  PortentaReader      send_command('disarm') ignored — port not open
2026-07-06 17:38:31,074  WARNING  PortentaReader      send_command('disarm') ignored — port not open
2026-07-06 17:38:31,135  WARNING  PortentaReader      send_command('disarm') ignored — port not open
2026-07-06 17:38:31,197  WARNING  PortentaReader      send_command('disarm') ignored — port not open
2026-07-06 17:38:31,257  WARNING  PortentaReader      send_command('disarm') ignored — port not open
2026-07-06 17:38:31,320  WARNING  PortentaReader      send_command('disarm') ignored — port not open
2026-07-06 17:38:31,380  WARNING  PortentaReader      send_command('disarm') ignored — port not open
2026-07-06 17:38:31,442  WARNING  RecordingCore       HEALTH WARNING: LCR silent 37.1s — no new samples (auxiliary; other instruments still recording)
2026-07-06 17:38:31,442  WARNING  PortentaReader      send_command('disarm') ignored — port not open
2026-07-06 17:38:31,504  WARNING  PortentaReader      send_command('disarm') ignored — port not open
2026-07-06 17:38:31,571  WARNING  PortentaReader      send_command('disarm') ignored — port not open
2026-07-06 17:38:31,636  WARNING  PortentaReader      send_command('disarm') ignored — port not open
2026-07-06 17:38:31,701  WARNING  PortentaReader      send_command('disarm') ignored — port not open
2026-07-06 17:38:31,764  WARNING  PortentaReader      send_command('disarm') ignored — port not open
2026-07-06 17:38:31,826  WARNING  PortentaReader      send_command('disarm') ignored — port not open
2026-07-06 17:38:31,886  WARNING  PortentaReader      send_command('disarm') ignored — port not open
2026-07-06 17:38:31,946  WARNING  PortentaReader      send_command('disarm') ignored — port not open
2026-07-06 17:38:32,005  WARNING  PortentaReader      send_command('disarm') ignored — port not open
2026-07-06 17:38:32,068  WARNING  PortentaReader      send_command('disarm') ignored — port not open
2026-07-06 17:38:32,131  WARNING  PortentaReader      send_command('disarm') ignored — port not open
2026-07-06 17:38:32,192  WARNING  PortentaReader      send_command('disarm') ignored — port not open
2026-07-06 17:38:32,253  WARNING  PortentaReader      send_command('disarm') ignored — port not open
2026-07-06 17:38:32,330  WARNING  PortentaReader      send_command('disarm') ignored — port not open
2026-07-06 17:38:32,391  WARNING  PortentaReader      send_command('disarm') ignored — port not open
2026-07-06 17:38:32,453  WARNING  PortentaReader      send_command('disarm') ignored — port not open
2026-07-06 17:38:32,515  WARNING  PortentaReader      send_command('disarm') ignored — port not open
2026-07-06 17:38:32,576  WARNING  PortentaReader      send_command('disarm') ignored — port not open
2026-07-06 17:38:32,639  WARNING  PortentaReader      send_command('disarm') ignored — port not open
2026-07-06 17:38:32,700  WARNING  PortentaReader      send_command('disarm') ignored — port not open
2026-07-06 17:38:32,762  WARNING  PortentaReader      send_command('disarm') ignored — port not open
2026-07-06 17:38:32,823  WARNING  PortentaReader      send_command('disarm') ignored — port not open
2026-07-06 17:38:32,885  WARNING  PortentaReader      send_command('disarm') ignored — port not open
2026-07-06 17:38:32,947  WARNING  PortentaReader      send_command('disarm') ignored — port not open
2026-07-06 17:38:33,007  WARNING  PortentaReader      send_command('disarm') ignored — port not open
2026-07-06 17:38:33,069  WARNING  PortentaReader      send_command('disarm') ignored — port not open
2026-07-06 17:38:33,131  WARNING  PortentaReader      send_command('disarm') ignored — port not open
2026-07-06 17:38:33,191  WARNING  PortentaReader      send_command('disarm') ignored — port not open
2026-07-06 17:38:33,268  WARNING  PortentaReader      send_command('disarm') ignored — port not open
2026-07-06 17:38:33,328  WARNING  PortentaReader      send_command('disarm') ignored — port not open
2026-07-06 17:38:33,389  WARNING  PortentaReader      send_command('disarm') ignored — port not open
2026-07-06 17:38:33,450  WARNING  RecordingCore       HEALTH WARNING: LCR silent 39.1s — no new samples (auxiliary; other instruments still recording)
2026-07-06 17:38:33,451  WARNING  PortentaReader      send_command('disarm') ignored — port not open
2026-07-06 17:38:33,511  WARNING  PortentaReader      send_command('disarm') ignored — port not open
2026-07-06 17:38:33,566  WARNING  PortentaReader      send_command('disarm') ignored — port not open
2026-07-06 17:38:33,632  WARNING  PortentaReader      send_command('disarm') ignored — port not open
2026-07-06 17:38:33,695  WARNING  PortentaReader      send_command('disarm') ignored — port not open
2026-07-06 17:38:33,757  WARNING  PortentaReader      send_command('disarm') ignored — port not open
2026-07-06 17:38:33,819  WARNING  PortentaReader      send_command('disarm') ignored — port not open
2026-07-06 17:38:33,881  WARNING  PortentaReader      send_command('disarm') ignored — port not open
2026-07-06 17:38:33,942  WARNING  PortentaReader      send_command('disarm') ignored — port not open
2026-07-06 17:38:34,004  WARNING  PortentaReader      send_command('disarm') ignored — port not open
2026-07-06 17:38:34,081  WARNING  PortentaReader      send_command('disarm') ignored — port not open
2026-07-06 17:38:34,128  WARNING  PortentaReader      send_command('disarm') ignored — port not open
2026-07-06 17:38:34,203  WARNING  PortentaReader      send_command('disarm') ignored — port not open
2026-07-06 17:38:34,264  WARNING  PortentaReader      send_command('disarm') ignored — port not open
2026-07-06 17:38:34,324  WARNING  PortentaReader      send_command('disarm') ignored — port not open
2026-07-06 17:38:34,386  WARNING  PortentaReader      send_command('disarm') ignored — port not open
2026-07-06 17:38:34,444  WARNING  PortentaReader      send_command('disarm') ignored — port not open
2026-07-06 17:38:34,508  WARNING  PortentaReader      send_command('disarm') ignored — port not open
2026-07-06 17:38:34,569  WARNING  PortentaReader      send_command('disarm') ignored — port not open
2026-07-06 17:38:34,630  WARNING  PortentaReader      send_command('disarm') ignored — port not open
2026-07-06 17:38:34,691  WARNING  PortentaReader      send_command('disarm') ignored — port not open
2026-07-06 17:38:34,768  WARNING  PortentaReader      send_command('disarm') ignored — port not open
2026-07-06 17:38:34,830  WARNING  PortentaReader      send_command('disarm') ignored — port not open
2026-07-06 17:38:34,891  WARNING  PortentaReader      send_command('disarm') ignored — port not open
2026-07-06 17:38:34,953  WARNING  PortentaReader      send_command('disarm') ignored — port not open
2026-07-06 17:38:35,016  WARNING  PortentaReader      send_command('disarm') ignored — port not open
2026-07-06 17:38:35,076  WARNING  PortentaReader      send_command('disarm') ignored — port not open
2026-07-06 17:38:35,138  WARNING  PortentaReader      send_command('disarm') ignored — port not open
2026-07-06 17:38:35,199  WARNING  PortentaReader      send_command('disarm') ignored — port not open
2026-07-06 17:38:35,260  WARNING  PortentaReader      send_command('disarm') ignored — port not open
2026-07-06 17:38:35,321  WARNING  PortentaReader      send_command('disarm') ignored — port not open
2026-07-06 17:38:35,382  WARNING  PortentaReader      send_command('disarm') ignored — port not open
2026-07-06 17:38:35,444  WARNING  RecordingCore       HEALTH WARNING: LCR silent 41.1s — no new samples (auxiliary; other instruments still recording)
2026-07-06 17:38:35,445  WARNING  PortentaReader      send_command('disarm') ignored — port not open
2026-07-06 17:38:35,506  WARNING  PortentaReader      send_command('disarm') ignored — port not open
2026-07-06 17:38:35,566  WARNING  PortentaReader      send_command('disarm') ignored — port not open
2026-07-06 17:38:35,642  WARNING  PortentaReader      send_command('disarm') ignored — port not open
2026-07-06 17:38:35,704  WARNING  PortentaReader      send_command('disarm') ignored — port not open
2026-07-06 17:38:35,765  WARNING  PortentaReader      send_command('disarm') ignored — port not open
2026-07-06 17:38:35,825  WARNING  PortentaReader      send_command('disarm') ignored — port not open
2026-07-06 17:38:35,887  WARNING  PortentaReader      send_command('disarm') ignored — port not open
2026-07-06 17:38:35,949  WARNING  PortentaReader      send_command('disarm') ignored — port not open
2026-07-06 17:38:36,009  WARNING  PortentaReader      send_command('disarm') ignored — port not open
2026-07-06 17:38:36,070  WARNING  PortentaReader      send_command('disarm') ignored — port not open
2026-07-06 17:38:36,132  WARNING  PortentaReader      send_command('disarm') ignored — port not open
2026-07-06 17:38:36,192  WARNING  PortentaReader      send_command('disarm') ignored — port not open
2026-07-06 17:38:36,254  WARNING  PortentaReader      send_command('disarm') ignored — port not open
2026-07-06 17:38:36,317  WARNING  PortentaReader      send_command('disarm') ignored — port not open
2026-07-06 17:38:36,379  WARNING  PortentaReader      send_command('disarm') ignored — port not open
2026-07-06 17:38:36,456  WARNING  PortentaReader      send_command('disarm') ignored — port not open
2026-07-06 17:38:36,517  WARNING  PortentaReader      send_command('disarm') ignored — port not open
2026-07-06 17:38:36,580  WARNING  PortentaReader      send_command('disarm') ignored — port not open
2026-07-06 17:38:36,641  WARNING  PortentaReader      send_command('disarm') ignored — port not open
2026-07-06 17:38:36,702  WARNING  PortentaReader      send_command('disarm') ignored — port not open
2026-07-06 17:38:36,763  WARNING  PortentaReader      send_command('disarm') ignored — port not open
2026-07-06 17:38:36,825  WARNING  PortentaReader      send_command('disarm') ignored — port not open
2026-07-06 17:38:36,885  WARNING  PortentaReader      send_command('disarm') ignored — port not open
2026-07-06 17:38:36,946  WARNING  PortentaReader      send_command('disarm') ignored — port not open
2026-07-06 17:38:37,007  WARNING  PortentaReader      send_command('disarm') ignored — port not open
2026-07-06 17:38:37,068  WARNING  PortentaReader      send_command('disarm') ignored — port not open
2026-07-06 17:38:37,130  WARNING  PortentaReader      send_command('disarm') ignored — port not open
2026-07-06 17:38:37,192  WARNING  PortentaReader      send_command('disarm') ignored — port not open
2026-07-06 17:38:37,254  WARNING  PortentaReader      send_command('disarm') ignored — port not open
2026-07-06 17:38:37,316  WARNING  PortentaReader      send_command('disarm') ignored — port not open
2026-07-06 17:38:37,392  WARNING  PortentaReader      send_command('disarm') ignored — port not open
2026-07-06 17:38:37,454  WARNING  RecordingCore       HEALTH WARNING: LCR silent 43.1s — no new samples (auxiliary; other instruments still recording)
2026-07-06 17:38:37,455  WARNING  PortentaReader      send_command('disarm') ignored — port not open
2026-07-06 17:38:37,516  WARNING  PortentaReader      send_command('disarm') ignored — port not open
2026-07-06 17:38:37,577  WARNING  PortentaReader      send_command('disarm') ignored — port not open
2026-07-06 17:38:37,638  WARNING  PortentaReader      send_command('disarm') ignored — port not open
2026-07-06 17:38:37,700  WARNING  PortentaReader      send_command('disarm') ignored — port not open
2026-07-06 17:38:37,761  WARNING  PortentaReader      send_command('disarm') ignored — port not open
2026-07-06 17:38:37,822  WARNING  PortentaReader      send_command('disarm') ignored — port not open
2026-07-06 17:38:37,883  WARNING  PortentaReader      send_command('disarm') ignored — port not open
2026-07-06 17:38:37,944  WARNING  PortentaReader      send_command('disarm') ignored — port not open
2026-07-06 17:38:38,005  WARNING  PortentaReader      send_command('disarm') ignored — port not open
2026-07-06 17:38:38,066  WARNING  PortentaReader      send_command('disarm') ignored — port not open
2026-07-06 17:38:38,129  WARNING  PortentaReader      send_command('disarm') ignored — port not open
2026-07-06 17:38:38,206  WARNING  PortentaReader      send_command('disarm') ignored — port not open
2026-07-06 17:38:38,264  WARNING  PortentaReader      send_command('disarm') ignored — port not open
2026-07-06 17:38:38,329  WARNING  PortentaReader      send_command('disarm') ignored — port not open
2026-07-06 17:38:38,390  WARNING  PortentaReader      send_command('disarm') ignored — port not open
2026-07-06 17:38:38,452  WARNING  PortentaReader      send_command('disarm') ignored — port not open
2026-07-06 17:38:38,513  WARNING  PortentaReader      send_command('disarm') ignored — port not open
2026-07-06 17:38:38,575  WARNING  PortentaReader      send_command('disarm') ignored — port not open
2026-07-06 17:38:38,636  WARNING  PortentaReader      send_command('disarm') ignored — port not open
2026-07-06 17:38:38,697  WARNING  PortentaReader      send_command('disarm') ignored — port not open
2026-07-06 17:38:38,760  WARNING  PortentaReader      send_command('disarm') ignored — port not open
2026-07-06 17:38:38,821  WARNING  PortentaReader      send_command('disarm') ignored — port not open
2026-07-06 17:38:38,881  WARNING  PortentaReader      send_command('disarm') ignored — port not open
2026-07-06 17:38:38,942  WARNING  PortentaReader      send_command('disarm') ignored — port not open
2026-07-06 17:38:39,004  WARNING  PortentaReader      send_command('disarm') ignored — port not open
2026-07-06 17:38:39,079  WARNING  PortentaReader      send_command('disarm') ignored — port not open
2026-07-06 17:38:39,128  WARNING  PortentaReader      send_command('disarm') ignored — port not open
2026-07-06 17:38:39,203  WARNING  PortentaReader      send_command('disarm') ignored — port not open
2026-07-06 17:38:39,265  WARNING  PortentaReader      send_command('disarm') ignored — port not open
2026-07-06 17:38:39,326  WARNING  PortentaReader      send_command('disarm') ignored — port not open
2026-07-06 17:38:39,387  WARNING  PortentaReader      send_command('disarm') ignored — port not open
2026-07-06 17:38:39,448  WARNING  RecordingCore       HEALTH WARNING: LCR silent 45.1s — no new samples (auxiliary; other instruments still recording)
2026-07-06 17:38:39,449  WARNING  PortentaReader      send_command('disarm') ignored — port not open
2026-07-06 17:38:39,511  WARNING  PortentaReader      send_command('disarm') ignored — port not open
2026-07-06 17:38:39,573  WARNING  PortentaReader      send_command('disarm') ignored — port not open
2026-07-06 17:38:39,634  WARNING  PortentaReader      send_command('disarm') ignored — port not open
2026-07-06 17:38:39,696  WARNING  PortentaReader      send_command('disarm') ignored — port not open
2026-07-06 17:38:39,758  WARNING  PortentaReader      send_command('disarm') ignored — port not open
2026-07-06 17:38:39,818  WARNING  PortentaReader      send_command('disarm') ignored — port not open
2026-07-06 17:38:39,880  WARNING  PortentaReader      send_command('disarm') ignored — port not open
2026-07-06 17:38:39,942  WARNING  PortentaReader      send_command('disarm') ignored — port not open
2026-07-06 17:38:40,017  WARNING  PortentaReader      send_command('disarm') ignored — port not open
2026-07-06 17:38:40,079  WARNING  PortentaReader      send_command('disarm') ignored — port not open
2026-07-06 17:38:40,140  WARNING  PortentaReader      send_command('disarm') ignored — port not open
2026-07-06 17:38:40,201  WARNING  PortentaReader      send_command('disarm') ignored — port not open
2026-07-06 17:38:40,261  WARNING  PortentaReader      send_command('disarm') ignored — port not open
2026-07-06 17:38:40,323  WARNING  PortentaReader      send_command('disarm') ignored — port not open
2026-07-06 17:38:40,386  WARNING  PortentaReader      send_command('disarm') ignored — port not open
2026-07-06 17:38:40,446  WARNING  PortentaReader      send_command('disarm') ignored — port not open
2026-07-06 17:38:40,507  WARNING  PortentaReader      send_command('disarm') ignored — port not open
2026-07-06 17:38:40,568  WARNING  PortentaReader      send_command('disarm') ignored — port not open
2026-07-06 17:38:40,630  WARNING  PortentaReader      send_command('disarm') ignored — port not open
2026-07-06 17:38:40,691  WARNING  PortentaReader      send_command('disarm') ignored — port not open
2026-07-06 17:38:40,768  WARNING  PortentaReader      send_command('disarm') ignored — port not open
2026-07-06 17:38:40,829  WARNING  PortentaReader      send_command('disarm') ignored — port not open
2026-07-06 17:38:40,891  WARNING  PortentaReader      send_command('disarm') ignored — port not open
2026-07-06 17:38:40,952  WARNING  PortentaReader      send_command('disarm') ignored — port not open
2026-07-06 17:38:41,014  WARNING  PortentaReader      send_command('disarm') ignored — port not open
2026-07-06 17:38:41,075  WARNING  PortentaReader      send_command('disarm') ignored — port not open
2026-07-06 17:38:41,135  WARNING  PortentaReader      send_command('disarm') ignored — port not open
2026-07-06 17:38:41,197  WARNING  PortentaReader      send_command('disarm') ignored — port not open
2026-07-06 17:38:41,260  WARNING  PortentaReader      send_command('disarm') ignored — port not open
2026-07-06 17:38:41,321  WARNING  PortentaReader      send_command('disarm') ignored — port not open
2026-07-06 17:38:41,383  WARNING  PortentaReader      send_command('disarm') ignored — port not open
2026-07-06 17:38:41,445  WARNING  RecordingCore       HEALTH WARNING: LCR silent 47.1s — no new samples (auxiliary; other instruments still recording)
2026-07-06 17:38:41,446  WARNING  PortentaReader      send_command('disarm') ignored — port not open
2026-07-06 17:38:41,506  WARNING  PortentaReader      send_command('disarm') ignored — port not open
2026-07-06 17:38:41,569  WARNING  PortentaReader      send_command('disarm') ignored — port not open
2026-07-06 17:38:41,630  WARNING  PortentaReader      send_command('disarm') ignored — port not open
2026-07-06 17:38:41,691  WARNING  PortentaReader      send_command('disarm') ignored — port not open
2026-07-06 17:38:41,767  WARNING  PortentaReader      send_command('disarm') ignored — port not open
2026-07-06 17:38:41,828  WARNING  PortentaReader      send_command('disarm') ignored — port not open
2026-07-06 17:38:41,889  WARNING  PortentaReader      send_command('disarm') ignored — port not open
2026-07-06 17:38:41,949  WARNING  PortentaReader      send_command('disarm') ignored — port not open
2026-07-06 17:38:42,010  WARNING  PortentaReader      send_command('disarm') ignored — port not open
2026-07-06 17:38:42,072  WARNING  PortentaReader      send_command('disarm') ignored — port not open
2026-07-06 17:38:42,133  WARNING  PortentaReader      send_command('disarm') ignored — port not open
2026-07-06 17:38:42,195  WARNING  PortentaReader      send_command('disarm') ignored — port not open
2026-07-06 17:38:42,256  WARNING  PortentaReader      send_command('disarm') ignored — port not open
2026-07-06 17:38:42,318  WARNING  PortentaReader      send_command('disarm') ignored — port not open
2026-07-06 17:38:42,380  WARNING  PortentaReader      send_command('disarm') ignored — port not open
2026-07-06 17:38:42,456  WARNING  PortentaReader      send_command('disarm') ignored — port not open
2026-07-06 17:38:42,516  WARNING  PortentaReader      send_command('disarm') ignored — port not open
2026-07-06 17:38:42,579  WARNING  PortentaReader      send_command('disarm') ignored — port not open
2026-07-06 17:38:42,641  WARNING  PortentaReader      send_command('disarm') ignored — port not open
2026-07-06 17:38:42,702  WARNING  PortentaReader      send_command('disarm') ignored — port not open
2026-07-06 17:38:42,763  WARNING  PortentaReader      send_command('disarm') ignored — port not open
2026-07-06 17:38:42,824  WARNING  PortentaReader      send_command('disarm') ignored — port not open
2026-07-06 17:38:42,885  WARNING  PortentaReader      send_command('disarm') ignored — port not open
2026-07-06 17:38:42,947  WARNING  PortentaReader      send_command('disarm') ignored — port not open
2026-07-06 17:38:43,008  WARNING  PortentaReader      send_command('disarm') ignored — port not open
2026-07-06 17:38:43,069  WARNING  PortentaReader      send_command('disarm') ignored — port not open
2026-07-06 17:38:43,132  WARNING  PortentaReader      send_command('disarm') ignored — port not open
2026-07-06 17:38:43,192  WARNING  PortentaReader      send_command('disarm') ignored — port not open
2026-07-06 17:38:43,253  WARNING  PortentaReader      send_command('disarm') ignored — port not open
2026-07-06 17:38:43,330  WARNING  PortentaReader      send_command('disarm') ignored — port not open
2026-07-06 17:38:43,392  WARNING  PortentaReader      send_command('disarm') ignored — port not open
2026-07-06 17:38:43,453  WARNING  RecordingCore       HEALTH WARNING: LCR silent 49.1s — no new samples (auxiliary; other instruments still recording)
2026-07-06 17:38:43,454  WARNING  PortentaReader      send_command('disarm') ignored — port not open
2026-07-06 17:38:43,515  WARNING  PortentaReader      send_command('disarm') ignored — port not open
2026-07-06 17:38:43,576  WARNING  PortentaReader      send_command('disarm') ignored — port not open
2026-07-06 17:38:43,637  WARNING  PortentaReader      send_command('disarm') ignored — port not open
2026-07-06 17:38:43,697  WARNING  PortentaReader      send_command('disarm') ignored — port not open
2026-07-06 17:38:43,758  WARNING  PortentaReader      send_command('disarm') ignored — port not open
2026-07-06 17:38:43,819  WARNING  PortentaReader      send_command('disarm') ignored — port not open
2026-07-06 17:38:43,881  WARNING  PortentaReader      send_command('disarm') ignored — port not open
2026-07-06 17:38:43,943  WARNING  PortentaReader      send_command('disarm') ignored — port not open
2026-07-06 17:38:44,003  WARNING  PortentaReader      send_command('disarm') ignored — port not open
2026-07-06 17:38:44,080  WARNING  PortentaReader      send_command('disarm') ignored — port not open
2026-07-06 17:38:44,128  WARNING  PortentaReader      send_command('disarm') ignored — port not open
2026-07-06 17:38:44,194  WARNING  PortentaReader      send_command('disarm') ignored — port not open
2026-07-06 17:38:44,263  WARNING  PortentaReader      send_command('disarm') ignored — port not open
2026-07-06 17:38:44,325  WARNING  PortentaReader      send_command('disarm') ignored — port not open
2026-07-06 17:38:44,388  WARNING  PortentaReader      send_command('disarm') ignored — port not open
2026-07-06 17:38:44,447  WARNING  PortentaReader      send_command('disarm') ignored — port not open
2026-07-06 17:38:44,509  WARNING  PortentaReader      send_command('disarm') ignored — port not open
2026-07-06 17:38:44,570  WARNING  PortentaReader      send_command('disarm') ignored — port not open
2026-07-06 17:38:44,632  WARNING  PortentaReader      send_command('disarm') ignored — port not open
2026-07-06 17:38:44,692  WARNING  PortentaReader      send_command('disarm') ignored — port not open
2026-07-06 17:38:44,753  WARNING  PortentaReader      send_command('disarm') ignored — port not open
2026-07-06 17:38:44,816  WARNING  PortentaReader      send_command('disarm') ignored — port not open
2026-07-06 17:38:44,891  WARNING  PortentaReader      send_command('disarm') ignored — port not open
2026-07-06 17:38:44,954  WARNING  PortentaReader      send_command('disarm') ignored — port not open
2026-07-06 17:38:45,016  WARNING  PortentaReader      send_command('disarm') ignored — port not open
2026-07-06 17:38:45,078  WARNING  PortentaReader      send_command('disarm') ignored — port not open
2026-07-06 17:38:45,141  WARNING  PortentaReader      send_command('disarm') ignored — port not open
2026-07-06 17:38:45,203  WARNING  PortentaReader      send_command('disarm') ignored — port not open
2026-07-06 17:38:45,264  WARNING  PortentaReader      send_command('disarm') ignored — port not open
2026-07-06 17:38:45,325  WARNING  PortentaReader      send_command('disarm') ignored — port not open
2026-07-06 17:38:45,386  WARNING  PortentaReader      send_command('disarm') ignored — port not open
2026-07-06 17:38:45,449  WARNING  RecordingCore       HEALTH WARNING: LCR silent 51.1s — no new samples (auxiliary; other instruments still recording)
2026-07-06 17:38:45,449  WARNING  PortentaReader      send_command('disarm') ignored — port not open
2026-07-06 17:38:45,510  WARNING  PortentaReader      send_command('disarm') ignored — port not open
2026-07-06 17:38:45,571  WARNING  PortentaReader      send_command('disarm') ignored — port not open
2026-07-06 17:38:45,633  WARNING  PortentaReader      send_command('disarm') ignored — port not open
2026-07-06 17:38:45,696  WARNING  PortentaReader      send_command('disarm') ignored — port not open
2026-07-06 17:38:45,756  WARNING  PortentaReader      send_command('disarm') ignored — port not open
2026-07-06 17:38:45,818  WARNING  PortentaReader      send_command('disarm') ignored — port not open
2026-07-06 17:38:45,881  WARNING  PortentaReader      send_command('disarm') ignored — port not open
2026-07-06 17:38:45,943  WARNING  PortentaReader      send_command('disarm') ignored — port not open
2026-07-06 17:38:46,005  WARNING  PortentaReader      send_command('disarm') ignored — port not open
2026-07-06 17:38:46,067  WARNING  PortentaReader      send_command('disarm') ignored — port not open
2026-07-06 17:38:46,129  WARNING  PortentaReader      send_command('disarm') ignored — port not open
2026-07-06 17:38:46,197  WARNING  PortentaReader      send_command('disarm') ignored — port not open
2026-07-06 17:38:46,265  WARNING  PortentaReader      send_command('disarm') ignored — port not open
2026-07-06 17:38:46,329  WARNING  PortentaReader      send_command('disarm') ignored — port not open
2026-07-06 17:38:46,389  WARNING  PortentaReader      send_command('disarm') ignored — port not open
2026-07-06 17:38:46,452  WARNING  PortentaReader      send_command('disarm') ignored — port not open
2026-07-06 17:38:46,513  WARNING  PortentaReader      send_command('disarm') ignored — port not open
2026-07-06 17:38:46,576  WARNING  PortentaReader      send_command('disarm') ignored — port not open
2026-07-06 17:38:46,637  WARNING  PortentaReader      send_command('disarm') ignored — port not open
2026-07-06 17:38:46,700  WARNING  PortentaReader      send_command('disarm') ignored — port not open
2026-07-06 17:38:46,761  WARNING  PortentaReader      send_command('disarm') ignored — port not open
2026-07-06 17:38:46,822  WARNING  PortentaReader      send_command('disarm') ignored — port not open
2026-07-06 17:38:46,878  WARNING  PortentaReader      send_command('disarm') ignored — port not open
2026-07-06 17:38:46,946  WARNING  PortentaReader      send_command('disarm') ignored — port not open
2026-07-06 17:38:47,006  WARNING  PortentaReader      send_command('disarm') ignored — port not open
2026-07-06 17:38:47,069  WARNING  PortentaReader      send_command('disarm') ignored — port not open
2026-07-06 17:38:47,130  WARNING  PortentaReader      send_command('disarm') ignored — port not open
2026-07-06 17:38:47,192  WARNING  PortentaReader      send_command('disarm') ignored — port not open
2026-07-06 17:38:47,254  WARNING  PortentaReader      send_command('disarm') ignored — port not open
2026-07-06 17:38:47,331  WARNING  PortentaReader      send_command('disarm') ignored — port not open
2026-07-06 17:38:47,392  WARNING  PortentaReader      send_command('disarm') ignored — port not open
2026-07-06 17:38:47,454  WARNING  RecordingCore       HEALTH WARNING: LCR silent 53.1s — no new samples (auxiliary; other instruments still recording)
2026-07-06 17:38:47,455  WARNING  PortentaReader      send_command('disarm') ignored — port not open
2026-07-06 17:38:47,516  WARNING  PortentaReader      send_command('disarm') ignored — port not open
2026-07-06 17:38:47,579  WARNING  PortentaReader      send_command('disarm') ignored — port not open
2026-07-06 17:38:47,641  WARNING  PortentaReader      send_command('disarm') ignored — port not open
2026-07-06 17:38:47,704  WARNING  PortentaReader      send_command('disarm') ignored — port not open
2026-07-06 17:38:47,766  WARNING  PortentaReader      send_command('disarm') ignored — port not open
2026-07-06 17:38:47,827  WARNING  PortentaReader      send_command('disarm') ignored — port not open
2026-07-06 17:38:47,891  WARNING  PortentaReader      send_command('disarm') ignored — port not open
2026-07-06 17:38:47,952  WARNING  PortentaReader      send_command('disarm') ignored — port not open
2026-07-06 17:38:48,013  WARNING  PortentaReader      send_command('disarm') ignored — port not open
2026-07-06 17:38:48,075  WARNING  PortentaReader      send_command('disarm') ignored — port not open
2026-07-06 17:38:48,136  WARNING  PortentaReader      send_command('disarm') ignored — port not open
2026-07-06 17:38:48,198  WARNING  PortentaReader      send_command('disarm') ignored — port not open
2026-07-06 17:38:48,259  WARNING  PortentaReader      send_command('disarm') ignored — port not open
2026-07-06 17:38:48,320  WARNING  PortentaReader      send_command('disarm') ignored — port not open
2026-07-06 17:38:48,383  WARNING  PortentaReader      send_command('disarm') ignored — port not open
2026-07-06 17:38:48,443  WARNING  PortentaReader      send_command('disarm') ignored — port not open
2026-07-06 17:38:48,506  WARNING  PortentaReader      send_command('disarm') ignored — port not open
2026-07-06 17:38:48,567  WARNING  PortentaReader      send_command('disarm') ignored — port not open
2026-07-06 17:38:48,642  WARNING  PortentaReader      send_command('disarm') ignored — port not open
2026-07-06 17:38:48,705  WARNING  PortentaReader      send_command('disarm') ignored — port not open
2026-07-06 17:38:48,766  WARNING  PortentaReader      send_command('disarm') ignored — port not open
2026-07-06 17:38:48,827  WARNING  PortentaReader      send_command('disarm') ignored — port not open
2026-07-06 17:38:48,888  WARNING  PortentaReader      send_command('disarm') ignored — port not open
2026-07-06 17:38:48,949  WARNING  PortentaReader      send_command('disarm') ignored — port not open
2026-07-06 17:38:49,011  WARNING  PortentaReader      send_command('disarm') ignored — port not open
2026-07-06 17:38:49,073  WARNING  PortentaReader      send_command('disarm') ignored — port not open
2026-07-06 17:38:49,134  WARNING  PortentaReader      send_command('disarm') ignored — port not open
2026-07-06 17:38:49,195  WARNING  PortentaReader      send_command('disarm') ignored — port not open
2026-07-06 17:38:49,257  WARNING  PortentaReader      send_command('disarm') ignored — port not open
2026-07-06 17:38:49,318  WARNING  PortentaReader      send_command('disarm') ignored — port not open
2026-07-06 17:38:49,380  WARNING  PortentaReader      send_command('disarm') ignored — port not open
2026-07-06 17:38:49,440  WARNING  RecordingCore       HEALTH WARNING: LCR silent 55.1s — no new samples (auxiliary; other instruments still recording)
2026-07-06 17:38:49,441  WARNING  PortentaReader      send_command('disarm') ignored — port not open
2026-07-06 17:38:49,504  WARNING  PortentaReader      send_command('disarm') ignored — port not open
2026-07-06 17:38:49,566  WARNING  PortentaReader      send_command('disarm') ignored — port not open
2026-07-06 17:38:49,642  WARNING  PortentaReader      send_command('disarm') ignored — port not open
2026-07-06 17:38:49,702  WARNING  PortentaReader      send_command('disarm') ignored — port not open
2026-07-06 17:38:49,764  WARNING  PortentaReader      send_command('disarm') ignored — port not open
2026-07-06 17:38:49,826  WARNING  PortentaReader      send_command('disarm') ignored — port not open
2026-07-06 17:38:49,886  WARNING  PortentaReader      send_command('disarm') ignored — port not open
2026-07-06 17:38:49,949  WARNING  PortentaReader      send_command('disarm') ignored — port not open
2026-07-06 17:38:50,009  WARNING  PortentaReader      send_command('disarm') ignored — port not open
2026-07-06 17:38:50,071  WARNING  PortentaReader      send_command('disarm') ignored — port not open
2026-07-06 17:38:50,133  WARNING  PortentaReader      send_command('disarm') ignored — port not open
2026-07-06 17:38:50,195  WARNING  PortentaReader      send_command('disarm') ignored — port not open
2026-07-06 17:38:50,256  WARNING  PortentaReader      send_command('disarm') ignored — port not open
2026-07-06 17:38:50,318  WARNING  PortentaReader      send_command('disarm') ignored — port not open
2026-07-06 17:38:50,381  WARNING  PortentaReader      send_command('disarm') ignored — port not open
2026-07-06 17:38:50,442  WARNING  PortentaReader      send_command('disarm') ignored — port not open
2026-07-06 17:38:50,503  WARNING  PortentaReader      send_command('disarm') ignored — port not open
2026-07-06 17:38:50,581  WARNING  PortentaReader      send_command('disarm') ignored — port not open
2026-07-06 17:38:50,643  WARNING  PortentaReader      send_command('disarm') ignored — port not open
2026-07-06 17:38:50,704  WARNING  PortentaReader      send_command('disarm') ignored — port not open
2026-07-06 17:38:50,766  WARNING  PortentaReader      send_command('disarm') ignored — port not open
2026-07-06 17:38:50,827  WARNING  PortentaReader      send_command('disarm') ignored — port not open
2026-07-06 17:38:50,887  WARNING  PortentaReader      send_command('disarm') ignored — port not open
2026-07-06 17:38:50,949  WARNING  PortentaReader      send_command('disarm') ignored — port not open
2026-07-06 17:38:51,010  WARNING  PortentaReader      send_command('disarm') ignored — port not open
2026-07-06 17:38:51,072  WARNING  PortentaReader      send_command('disarm') ignored — port not open
2026-07-06 17:38:51,134  WARNING  PortentaReader      send_command('disarm') ignored — port not open
2026-07-06 17:38:51,195  WARNING  PortentaReader      send_command('disarm') ignored — port not open
2026-07-06 17:38:51,257  WARNING  PortentaReader      send_command('disarm') ignored — port not open
2026-07-06 17:38:51,318  WARNING  PortentaReader      send_command('disarm') ignored — port not open
2026-07-06 17:38:51,380  WARNING  PortentaReader      send_command('disarm') ignored — port not open
2026-07-06 17:38:51,442  WARNING  RecordingCore       HEALTH WARNING: LCR silent 57.1s — no new samples (auxiliary; other instruments still recording)
2026-07-06 17:38:51,442  WARNING  PortentaReader      send_command('disarm') ignored — port not open
2026-07-06 17:38:51,504  WARNING  PortentaReader      send_command('disarm') ignored — port not open
2026-07-06 17:38:51,567  WARNING  PortentaReader      send_command('disarm') ignored — port not open
2026-07-06 17:38:51,629  WARNING  PortentaReader      send_command('disarm') ignored — port not open
2026-07-06 17:38:51,706  WARNING  PortentaReader      send_command('disarm') ignored — port not open
2026-07-06 17:38:51,784  WARNING  PortentaReader      send_command('disarm') ignored — port not open
2026-07-06 17:38:51,845  WARNING  PortentaReader      send_command('disarm') ignored — port not open
2026-07-06 17:38:51,907  WARNING  PortentaReader      send_command('disarm') ignored — port not open
2026-07-06 17:38:51,970  WARNING  PortentaReader      send_command('disarm') ignored — port not open
2026-07-06 17:38:52,032  WARNING  PortentaReader      send_command('disarm') ignored — port not open
2026-07-06 17:38:52,093  WARNING  PortentaReader      send_command('disarm') ignored — port not open
2026-07-06 17:38:52,156  WARNING  PortentaReader      send_command('disarm') ignored — port not open
2026-07-06 17:38:52,218  WARNING  PortentaReader      send_command('disarm') ignored — port not open
2026-07-06 17:38:52,277  WARNING  PortentaReader      send_command('disarm') ignored — port not open
2026-07-06 17:38:52,341  WARNING  PortentaReader      send_command('disarm') ignored — port not open
2026-07-06 17:38:52,402  WARNING  PortentaReader      send_command('disarm') ignored — port not open
2026-07-06 17:38:52,464  WARNING  PortentaReader      send_command('disarm') ignored — port not open
2026-07-06 17:38:52,525  WARNING  PortentaReader      send_command('disarm') ignored — port not open
2026-07-06 17:38:52,586  WARNING  PortentaReader      send_command('disarm') ignored — port not open
2026-07-06 17:38:52,648  WARNING  PortentaReader      send_command('disarm') ignored — port not open
2026-07-06 17:38:52,709  WARNING  PortentaReader      send_command('disarm') ignored — port not open
2026-07-06 17:38:52,771  WARNING  PortentaReader      send_command('disarm') ignored — port not open
2026-07-06 17:38:52,833  WARNING  PortentaReader      send_command('disarm') ignored — port not open
2026-07-06 17:38:52,896  WARNING  PortentaReader      send_command('disarm') ignored — port not open
2026-07-06 17:38:52,957  WARNING  PortentaReader      send_command('disarm') ignored — port not open
2026-07-06 17:38:53,019  WARNING  PortentaReader      send_command('disarm') ignored — port not open
2026-07-06 17:38:53,096  WARNING  PortentaReader      send_command('disarm') ignored — port not open
2026-07-06 17:38:53,158  WARNING  PortentaReader      send_command('disarm') ignored — port not open
2026-07-06 17:38:53,219  WARNING  PortentaReader      send_command('disarm') ignored — port not open
2026-07-06 17:38:53,278  WARNING  PortentaReader      send_command('disarm') ignored — port not open
2026-07-06 17:38:53,341  WARNING  PortentaReader      send_command('disarm') ignored — port not open
2026-07-06 17:38:53,404  WARNING  PortentaReader      send_command('disarm') ignored — port not open
2026-07-06 17:38:53,464  WARNING  RecordingCore       HEALTH WARNING: LCR silent 59.1s — no new samples (auxiliary; other instruments still recording)
2026-07-06 17:38:53,465  WARNING  PortentaReader      send_command('disarm') ignored — port not open
2026-07-06 17:38:53,527  WARNING  PortentaReader      send_command('disarm') ignored — port not open
2026-07-06 17:38:53,588  WARNING  PortentaReader      send_command('disarm') ignored — port not open
2026-07-06 17:38:53,651  WARNING  PortentaReader      send_command('disarm') ignored — port not open
2026-07-06 17:38:53,711  WARNING  PortentaReader      send_command('disarm') ignored — port not open
2026-07-06 17:38:53,775  WARNING  PortentaReader      send_command('disarm') ignored — port not open
2026-07-06 17:38:53,835  WARNING  PortentaReader      send_command('disarm') ignored — port not open
2026-07-06 17:38:53,897  WARNING  PortentaReader      send_command('disarm') ignored — port not open
2026-07-06 17:38:53,959  WARNING  PortentaReader      send_command('disarm') ignored — port not open
2026-07-06 17:38:54,020  WARNING  PortentaReader      send_command('disarm') ignored — port not open
2026-07-06 17:38:54,082  WARNING  PortentaReader      send_command('disarm') ignored — port not open
2026-07-06 17:38:54,158  WARNING  PortentaReader      send_command('disarm') ignored — port not open
2026-07-06 17:38:54,218  WARNING  PortentaReader      send_command('disarm') ignored — port not open
2026-07-06 17:38:54,278  WARNING  PortentaReader      send_command('disarm') ignored — port not open
2026-07-06 17:38:54,341  WARNING  PortentaReader      send_command('disarm') ignored — port not open
2026-07-06 17:38:54,402  WARNING  PortentaReader      send_command('disarm') ignored — port not open
2026-07-06 17:38:54,463  WARNING  PortentaReader      send_command('disarm') ignored — port not open
2026-07-06 17:38:54,525  WARNING  PortentaReader      send_command('disarm') ignored — port not open
2026-07-06 17:38:54,587  WARNING  PortentaReader      send_command('disarm') ignored — port not open
2026-07-06 17:38:54,650  WARNING  PortentaReader      send_command('disarm') ignored — port not open
2026-07-06 17:38:54,710  WARNING  PortentaReader      send_command('disarm') ignored — port not open
2026-07-06 17:38:54,771  WARNING  PortentaReader      send_command('disarm') ignored — port not open
2026-07-06 17:38:54,833  WARNING  PortentaReader      send_command('disarm') ignored — port not open
2026-07-06 17:38:54,895  WARNING  PortentaReader      send_command('disarm') ignored — port not open
2026-07-06 17:38:54,957  WARNING  PortentaReader      send_command('disarm') ignored — port not open
2026-07-06 17:38:55,034  WARNING  PortentaReader      send_command('disarm') ignored — port not open
2026-07-06 17:38:55,094  WARNING  PortentaReader      send_command('disarm') ignored — port not open
2026-07-06 17:38:55,155  WARNING  PortentaReader      send_command('disarm') ignored — port not open
2026-07-06 17:38:55,217  WARNING  PortentaReader      send_command('disarm') ignored — port not open
2026-07-06 17:38:55,276  WARNING  PortentaReader      send_command('disarm') ignored — port not open
2026-07-06 17:38:55,341  WARNING  PortentaReader      send_command('disarm') ignored — port not open
2026-07-06 17:38:55,402  WARNING  PortentaReader      send_command('disarm') ignored — port not open
2026-07-06 17:38:55,463  WARNING  RecordingCore       HEALTH WARNING: LCR silent 61.1s — no new samples (auxiliary; other instruments still recording)
2026-07-06 17:38:55,464  WARNING  PortentaReader      send_command('disarm') ignored — port not open
2026-07-06 17:38:55,525  WARNING  PortentaReader      send_command('disarm') ignored — port not open
2026-07-06 17:38:55,587  WARNING  PortentaReader      send_command('disarm') ignored — port not open
2026-07-06 17:38:55,648  WARNING  PortentaReader      send_command('disarm') ignored — port not open
2026-07-06 17:38:55,712  WARNING  PortentaReader      send_command('disarm') ignored — port not open
2026-07-06 17:38:55,773  WARNING  PortentaReader      send_command('disarm') ignored — port not open
2026-07-06 17:38:55,836  WARNING  PortentaReader      send_command('disarm') ignored — port not open
2026-07-06 17:38:55,897  WARNING  PortentaReader      send_command('disarm') ignored — port not open
2026-07-06 17:38:55,959  WARNING  PortentaReader      send_command('disarm') ignored — port not open
2026-07-06 17:38:56,021  WARNING  PortentaReader      send_command('disarm') ignored — port not open
2026-07-06 17:38:56,082  WARNING  PortentaReader      send_command('disarm') ignored — port not open
2026-07-06 17:38:56,157  WARNING  PortentaReader      send_command('disarm') ignored — port not open
2026-07-06 17:38:56,219  WARNING  PortentaReader      send_command('disarm') ignored — port not open
2026-07-06 17:38:56,280  WARNING  PortentaReader      send_command('disarm') ignored — port not open
2026-07-06 17:38:56,341  WARNING  PortentaReader      send_command('disarm') ignored — port not open
2026-07-06 17:38:56,401  WARNING  PortentaReader      send_command('disarm') ignored — port not open
2026-07-06 17:38:56,463  WARNING  PortentaReader      send_command('disarm') ignored — port not open
2026-07-06 17:38:56,525  WARNING  PortentaReader      send_command('disarm') ignored — port not open
2026-07-06 17:38:56,587  WARNING  PortentaReader      send_command('disarm') ignored — port not open
2026-07-06 17:38:56,649  WARNING  PortentaReader      send_command('disarm') ignored — port not open
2026-07-06 17:38:56,710  WARNING  PortentaReader      send_command('disarm') ignored — port not open
2026-07-06 17:38:56,770  WARNING  PortentaReader      send_command('disarm') ignored — port not open
2026-07-06 17:38:56,847  WARNING  PortentaReader      send_command('disarm') ignored — port not open
2026-07-06 17:38:56,923  WARNING  PortentaReader      send_command('disarm') ignored — port not open
2026-07-06 17:38:56,986  WARNING  PortentaReader      send_command('disarm') ignored — port not open
2026-07-06 17:38:57,047  WARNING  PortentaReader      send_command('disarm') ignored — port not open
2026-07-06 17:38:57,109  WARNING  PortentaReader      send_command('disarm') ignored — port not open
2026-07-06 17:38:57,171  WARNING  PortentaReader      send_command('disarm') ignored — port not open
2026-07-06 17:38:57,231  WARNING  PortentaReader      send_command('disarm') ignored — port not open
2026-07-06 17:38:57,294  WARNING  PortentaReader      send_command('disarm') ignored — port not open
2026-07-06 17:38:57,355  WARNING  PortentaReader      send_command('disarm') ignored — port not open
2026-07-06 17:38:57,417  WARNING  PortentaReader      send_command('disarm') ignored — port not open
2026-07-06 17:38:57,478  WARNING  RecordingCore       HEALTH WARNING: LCR silent 63.1s — no new samples (auxiliary; other instruments still recording)
2026-07-06 17:38:57,478  WARNING  PortentaReader      send_command('disarm') ignored — port not open
2026-07-06 17:38:57,539  WARNING  PortentaReader      send_command('disarm') ignored — port not open
2026-07-06 17:38:57,601  WARNING  PortentaReader      send_command('disarm') ignored — port not open
2026-07-06 17:38:57,663  WARNING  PortentaReader      send_command('disarm') ignored — port not open
2026-07-06 17:38:57,723  WARNING  PortentaReader      send_command('disarm') ignored — port not open
2026-07-06 17:38:57,799  WARNING  PortentaReader      send_command('disarm') ignored — port not open
2026-07-06 17:38:57,862  WARNING  PortentaReader      send_command('disarm') ignored — port not open
2026-07-06 17:38:57,923  WARNING  PortentaReader      send_command('disarm') ignored — port not open
2026-07-06 17:38:57,983  WARNING  PortentaReader      send_command('disarm') ignored — port not open
2026-07-06 17:38:58,046  WARNING  PortentaReader      send_command('disarm') ignored — port not open
2026-07-06 17:38:58,106  WARNING  PortentaReader      send_command('disarm') ignored — port not open
2026-07-06 17:38:58,167  WARNING  PortentaReader      send_command('disarm') ignored — port not open
2026-07-06 17:38:58,231  WARNING  PortentaReader      send_command('disarm') ignored — port not open
2026-07-06 17:38:58,291  WARNING  PortentaReader      send_command('disarm') ignored — port not open
2026-07-06 17:38:58,354  WARNING  PortentaReader      send_command('disarm') ignored — port not open
2026-07-06 17:38:58,414  WARNING  PortentaReader      send_command('disarm') ignored — port not open
2026-07-06 17:38:58,476  WARNING  PortentaReader      send_command('disarm') ignored — port not open
2026-07-06 17:38:58,539  WARNING  PortentaReader      send_command('disarm') ignored — port not open
2026-07-06 17:38:58,601  WARNING  PortentaReader      send_command('disarm') ignored — port not open
2026-07-06 17:38:58,664  WARNING  PortentaReader      send_command('disarm') ignored — port not open
2026-07-06 17:38:58,724  WARNING  PortentaReader      send_command('disarm') ignored — port not open
2026-07-06 17:38:58,785  WARNING  PortentaReader      send_command('disarm') ignored — port not open
2026-07-06 17:38:58,861  WARNING  PortentaReader      send_command('disarm') ignored — port not open
2026-07-06 17:38:58,922  WARNING  PortentaReader      send_command('disarm') ignored — port not open
2026-07-06 17:38:58,984  WARNING  PortentaReader      send_command('disarm') ignored — port not open
2026-07-06 17:38:59,045  WARNING  PortentaReader      send_command('disarm') ignored — port not open
2026-07-06 17:38:59,106  WARNING  PortentaReader      send_command('disarm') ignored — port not open
2026-07-06 17:38:59,168  WARNING  PortentaReader      send_command('disarm') ignored — port not open
2026-07-06 17:38:59,230  WARNING  PortentaReader      send_command('disarm') ignored — port not open
2026-07-06 17:38:59,292  WARNING  PortentaReader      send_command('disarm') ignored — port not open
2026-07-06 17:38:59,353  WARNING  PortentaReader      send_command('disarm') ignored — port not open
2026-07-06 17:38:59,414  WARNING  PortentaReader      send_command('disarm') ignored — port not open
2026-07-06 17:38:59,476  WARNING  RecordingCore       HEALTH WARNING: LCR silent 65.1s — no new samples (auxiliary; other instruments still recording)
2026-07-06 17:38:59,476  WARNING  PortentaReader      send_command('disarm') ignored — port not open
2026-07-06 17:38:59,536  WARNING  PortentaReader      send_command('disarm') ignored — port not open
2026-07-06 17:38:59,596  WARNING  PortentaReader      send_command('disarm') ignored — port not open
2026-07-06 17:38:59,662  WARNING  PortentaReader      send_command('disarm') ignored — port not open
2026-07-06 17:38:59,737  WARNING  PortentaReader      send_command('disarm') ignored — port not open
2026-07-06 17:38:59,785  WARNING  PortentaReader      send_command('disarm') ignored — port not open
2026-07-06 17:38:59,860  WARNING  PortentaReader      send_command('disarm') ignored — port not open
2026-07-06 17:38:59,922  WARNING  PortentaReader      send_command('disarm') ignored — port not open
2026-07-06 17:38:59,983  WARNING  PortentaReader      send_command('disarm') ignored — port not open
2026-07-06 17:39:00,045  WARNING  PortentaReader      send_command('disarm') ignored — port not open
2026-07-06 17:39:00,107  WARNING  PortentaReader      send_command('disarm') ignored — port not open
2026-07-06 17:39:00,167  WARNING  PortentaReader      send_command('disarm') ignored — port not open
2026-07-06 17:39:00,228  WARNING  PortentaReader      send_command('disarm') ignored — port not open
2026-07-06 17:39:00,290  WARNING  PortentaReader      send_command('disarm') ignored — port not open
2026-07-06 17:39:00,351  WARNING  PortentaReader      send_command('disarm') ignored — port not open
2026-07-06 17:39:00,412  WARNING  PortentaReader      send_command('disarm') ignored — port not open
2026-07-06 17:39:00,473  WARNING  PortentaReader      send_command('disarm') ignored — port not open
2026-07-06 17:39:00,535  WARNING  PortentaReader      send_command('disarm') ignored — port not open
2026-07-06 17:39:00,611  WARNING  PortentaReader      send_command('disarm') ignored — port not open
2026-07-06 17:39:00,673  WARNING  PortentaReader      send_command('disarm') ignored — port not open
2026-07-06 17:39:00,734  WARNING  PortentaReader      send_command('disarm') ignored — port not open
2026-07-06 17:39:00,794  WARNING  PortentaReader      send_command('disarm') ignored — port not open
2026-07-06 17:39:00,855  WARNING  PortentaReader      send_command('disarm') ignored — port not open
2026-07-06 17:39:00,916  WARNING  PortentaReader      send_command('disarm') ignored — port not open
2026-07-06 17:39:00,976  WARNING  PortentaReader      send_command('disarm') ignored — port not open
2026-07-06 17:39:01,038  WARNING  PortentaReader      send_command('disarm') ignored — port not open
2026-07-06 17:39:01,099  WARNING  PortentaReader      send_command('disarm') ignored — port not open
2026-07-06 17:39:01,160  WARNING  PortentaReader      send_command('disarm') ignored — port not open
2026-07-06 17:39:01,222  WARNING  PortentaReader      send_command('disarm') ignored — port not open
2026-07-06 17:39:01,298  WARNING  PortentaReader      send_command('disarm') ignored — port not open
2026-07-06 17:39:01,360  WARNING  PortentaReader      send_command('disarm') ignored — port not open
2026-07-06 17:39:01,422  WARNING  PortentaReader      send_command('disarm') ignored — port not open
2026-07-06 17:39:01,482  WARNING  RecordingCore       HEALTH WARNING: LCR silent 67.1s — no new samples (auxiliary; other instruments still recording)
2026-07-06 17:39:01,482  WARNING  PortentaReader      send_command('disarm') ignored — port not open
2026-07-06 17:39:01,544  WARNING  PortentaReader      send_command('disarm') ignored — port not open
2026-07-06 17:39:01,606  WARNING  PortentaReader      send_command('disarm') ignored — port not open
2026-07-06 17:39:01,668  WARNING  PortentaReader      send_command('disarm') ignored — port not open
2026-07-06 17:39:01,729  WARNING  PortentaReader      send_command('disarm') ignored — port not open
2026-07-06 17:39:01,790  WARNING  PortentaReader      send_command('disarm') ignored — port not open
2026-07-06 17:39:01,852  WARNING  PortentaReader      send_command('disarm') ignored — port not open
2026-07-06 17:39:01,913  WARNING  PortentaReader      send_command('disarm') ignored — port not open
2026-07-06 17:39:01,975  WARNING  PortentaReader      send_command('disarm') ignored — port not open
2026-07-06 17:39:02,035  WARNING  PortentaReader      send_command('disarm') ignored — port not open
2026-07-06 17:39:02,111  WARNING  PortentaReader      send_command('disarm') ignored — port not open
2026-07-06 17:39:02,173  WARNING  PortentaReader      send_command('disarm') ignored — port not open
2026-07-06 17:39:02,233  WARNING  PortentaReader      send_command('disarm') ignored — port not open
2026-07-06 17:39:02,295  WARNING  PortentaReader      send_command('disarm') ignored — port not open
2026-07-06 17:39:02,357  WARNING  PortentaReader      send_command('disarm') ignored — port not open
2026-07-06 17:39:02,419  WARNING  PortentaReader      send_command('disarm') ignored — port not open
2026-07-06 17:39:02,481  WARNING  PortentaReader      send_command('disarm') ignored — port not open
2026-07-06 17:39:02,542  WARNING  PortentaReader      send_command('disarm') ignored — port not open
2026-07-06 17:39:02,604  WARNING  PortentaReader      send_command('disarm') ignored — port not open
2026-07-06 17:39:02,666  WARNING  PortentaReader      send_command('disarm') ignored — port not open
2026-07-06 17:39:02,727  WARNING  PortentaReader      send_command('disarm') ignored — port not open
2026-07-06 17:39:02,788  WARNING  PortentaReader      send_command('disarm') ignored — port not open
2026-07-06 17:39:02,850  WARNING  PortentaReader      send_command('disarm') ignored — port not open
2026-07-06 17:39:02,910  WARNING  PortentaReader      send_command('disarm') ignored — port not open
2026-07-06 17:39:02,972  WARNING  PortentaReader      send_command('disarm') ignored — port not open
2026-07-06 17:39:03,048  WARNING  PortentaReader      send_command('disarm') ignored — port not open
2026-07-06 17:39:03,111  WARNING  PortentaReader      send_command('disarm') ignored — port not open
2026-07-06 17:39:03,172  WARNING  PortentaReader      send_command('disarm') ignored — port not open
2026-07-06 17:39:03,233  WARNING  PortentaReader      send_command('disarm') ignored — port not open
2026-07-06 17:39:03,294  WARNING  PortentaReader      send_command('disarm') ignored — port not open
2026-07-06 17:39:03,354  WARNING  PortentaReader      send_command('disarm') ignored — port not open
2026-07-06 17:39:03,416  WARNING  PortentaReader      send_command('disarm') ignored — port not open
2026-07-06 17:39:03,478  WARNING  RecordingCore       HEALTH WARNING: LCR silent 69.1s — no new samples (auxiliary; other instruments still recording)
2026-07-06 17:39:03,479  WARNING  PortentaReader      send_command('disarm') ignored — port not open
2026-07-06 17:39:03,539  WARNING  PortentaReader      send_command('disarm') ignored — port not open
2026-07-06 17:39:03,601  WARNING  PortentaReader      send_command('disarm') ignored — port not open
2026-07-06 17:39:03,664  WARNING  PortentaReader      send_command('disarm') ignored — port not open
2026-07-06 17:39:03,724  WARNING  PortentaReader      send_command('disarm') ignored — port not open
2026-07-06 17:39:03,785  WARNING  PortentaReader      send_command('disarm') ignored — port not open
2026-07-06 17:39:03,847  WARNING  PortentaReader      send_command('disarm') ignored — port not open
2026-07-06 17:39:03,924  WARNING  PortentaReader      send_command('disarm') ignored — port not open
2026-07-06 17:39:03,985  WARNING  PortentaReader      send_command('disarm') ignored — port not open
2026-07-06 17:39:04,046  WARNING  PortentaReader      send_command('disarm') ignored — port not open
2026-07-06 17:39:04,107  WARNING  PortentaReader      send_command('disarm') ignored — port not open
2026-07-06 17:39:04,169  WARNING  PortentaReader      send_command('disarm') ignored — port not open
2026-07-06 17:39:04,228  WARNING  PortentaReader      send_command('disarm') ignored — port not open
2026-07-06 17:39:04,288  WARNING  PortentaReader      send_command('disarm') ignored — port not open
2026-07-06 17:39:04,348  WARNING  PortentaReader      send_command('disarm') ignored — port not open
2026-07-06 17:39:04,414  WARNING  PortentaReader      send_command('disarm') ignored — port not open
2026-07-06 17:39:04,476  WARNING  PortentaReader      send_command('disarm') ignored — port not open
2026-07-06 17:39:04,537  WARNING  PortentaReader      send_command('disarm') ignored — port not open
2026-07-06 17:39:04,598  WARNING  PortentaReader      send_command('disarm') ignored — port not open
2026-07-06 17:39:04,661  WARNING  PortentaReader      send_command('disarm') ignored — port not open
2026-07-06 17:39:04,737  WARNING  PortentaReader      send_command('disarm') ignored — port not open
2026-07-06 17:39:04,799  WARNING  PortentaReader      send_command('disarm') ignored — port not open
2026-07-06 17:39:04,858  WARNING  PortentaReader      send_command('disarm') ignored — port not open
2026-07-06 17:39:04,919  WARNING  PortentaReader      send_command('disarm') ignored — port not open
2026-07-06 17:39:04,981  WARNING  PortentaReader      send_command('disarm') ignored — port not open
2026-07-06 17:39:05,043  WARNING  PortentaReader      send_command('disarm') ignored — port not open
2026-07-06 17:39:05,097  WARNING  PortentaReader      send_command('disarm') ignored — port not open
2026-07-06 17:39:05,165  WARNING  PortentaReader      send_command('disarm') ignored — port not open
2026-07-06 17:39:05,227  WARNING  PortentaReader      send_command('disarm') ignored — port not open
2026-07-06 17:39:05,287  WARNING  PortentaReader      send_command('disarm') ignored — port not open
2026-07-06 17:39:05,349  WARNING  PortentaReader      send_command('disarm') ignored — port not open
2026-07-06 17:39:05,410  WARNING  PortentaReader      send_command('disarm') ignored — port not open
2026-07-06 17:39:05,486  WARNING  RecordingCore       HEALTH WARNING: LCR silent 71.1s — no new samples (auxiliary; other instruments still recording)
2026-07-06 17:39:05,486  WARNING  PortentaReader      send_command('disarm') ignored — port not open
2026-07-06 17:39:05,548  WARNING  PortentaReader      send_command('disarm') ignored — port not open
2026-07-06 17:39:05,609  WARNING  PortentaReader      send_command('disarm') ignored — port not open
2026-07-06 17:39:05,672  WARNING  PortentaReader      send_command('disarm') ignored — port not open
2026-07-06 17:39:05,731  WARNING  PortentaReader      send_command('disarm') ignored — port not open
2026-07-06 17:39:05,792  WARNING  PortentaReader      send_command('disarm') ignored — port not open
2026-07-06 17:39:05,854  WARNING  PortentaReader      send_command('disarm') ignored — port not open
2026-07-06 17:39:05,915  WARNING  PortentaReader      send_command('disarm') ignored — port not open
2026-07-06 17:39:05,978  WARNING  PortentaReader      send_command('disarm') ignored — port not open
2026-07-06 17:39:06,038  WARNING  PortentaReader      send_command('disarm') ignored — port not open
2026-07-06 17:39:06,099  WARNING  PortentaReader      send_command('disarm') ignored — port not open
2026-07-06 17:39:06,162  WARNING  PortentaReader      send_command('disarm') ignored — port not open
2026-07-06 17:39:06,222  WARNING  PortentaReader      send_command('disarm') ignored — port not open
2026-07-06 17:39:06,299  WARNING  PortentaReader      send_command('disarm') ignored — port not open
2026-07-06 17:39:06,361  WARNING  PortentaReader      send_command('disarm') ignored — port not open
2026-07-06 17:39:06,423  WARNING  PortentaReader      send_command('disarm') ignored — port not open
2026-07-06 17:39:06,484  WARNING  PortentaReader      send_command('disarm') ignored — port not open
2026-07-06 17:39:06,546  WARNING  PortentaReader      send_command('disarm') ignored — port not open
2026-07-06 17:39:06,597  WARNING  PortentaReader      send_command('disarm') ignored — port not open
2026-07-06 17:39:06,671  WARNING  PortentaReader      send_command('disarm') ignored — port not open
2026-07-06 17:39:06,731  WARNING  PortentaReader      send_command('disarm') ignored — port not open
2026-07-06 17:39:06,792  WARNING  PortentaReader      send_command('disarm') ignored — port not open
2026-07-06 17:39:06,853  WARNING  PortentaReader      send_command('disarm') ignored — port not open
2026-07-06 17:39:06,914  WARNING  PortentaReader      send_command('disarm') ignored — port not open
2026-07-06 17:39:06,975  WARNING  PortentaReader      send_command('disarm') ignored — port not open
2026-07-06 17:39:07,035  WARNING  PortentaReader      send_command('disarm') ignored — port not open
2026-07-06 17:39:07,098  WARNING  PortentaReader      send_command('disarm') ignored — port not open
2026-07-06 17:39:07,175  WARNING  PortentaReader      send_command('disarm') ignored — port not open
2026-07-06 17:39:07,237  WARNING  PortentaReader      send_command('disarm') ignored — port not open
2026-07-06 17:39:07,297  WARNING  PortentaReader      send_command('disarm') ignored — port not open
2026-07-06 17:39:07,358  WARNING  PortentaReader      send_command('disarm') ignored — port not open
2026-07-06 17:39:07,420  WARNING  PortentaReader      send_command('disarm') ignored — port not open
2026-07-06 17:39:07,480  WARNING  RecordingCore       HEALTH WARNING: LCR silent 73.1s — no new samples (auxiliary; other instruments still recording)
2026-07-06 17:39:07,481  WARNING  PortentaReader      send_command('disarm') ignored — port not open
2026-07-06 17:39:07,542  WARNING  PortentaReader      send_command('disarm') ignored — port not open
2026-07-06 17:39:07,604  WARNING  PortentaReader      send_command('disarm') ignored — port not open
2026-07-06 17:39:07,667  WARNING  PortentaReader      send_command('disarm') ignored — port not open
2026-07-06 17:39:07,726  WARNING  PortentaReader      send_command('disarm') ignored — port not open
2026-07-06 17:39:07,787  WARNING  PortentaReader      send_command('disarm') ignored — port not open
2026-07-06 17:39:07,848  WARNING  PortentaReader      send_command('disarm') ignored — port not open
2026-07-06 17:39:07,925  WARNING  PortentaReader      send_command('disarm') ignored — port not open
2026-07-06 17:39:07,986  WARNING  PortentaReader      send_command('disarm') ignored — port not open
2026-07-06 17:39:08,047  WARNING  PortentaReader      send_command('disarm') ignored — port not open
2026-07-06 17:39:08,107  WARNING  PortentaReader      send_command('disarm') ignored — port not open
2026-07-06 17:39:08,169  WARNING  PortentaReader      send_command('disarm') ignored — port not open
2026-07-06 17:39:08,232  WARNING  PortentaReader      send_command('disarm') ignored — port not open
2026-07-06 17:39:08,293  WARNING  PortentaReader      send_command('disarm') ignored — port not open
2026-07-06 17:39:08,353  WARNING  PortentaReader      send_command('disarm') ignored — port not open
2026-07-06 17:39:08,415  WARNING  PortentaReader      send_command('disarm') ignored — port not open
2026-07-06 17:39:08,476  WARNING  PortentaReader      send_command('disarm') ignored — port not open
2026-07-06 17:39:08,538  WARNING  PortentaReader      send_command('disarm') ignored — port not open
2026-07-06 17:39:08,599  WARNING  PortentaReader      send_command('disarm') ignored — port not open
2026-07-06 17:39:08,664  WARNING  PortentaReader      send_command('disarm') ignored — port not open
2026-07-06 17:39:08,723  WARNING  PortentaReader      send_command('disarm') ignored — port not open
2026-07-06 17:39:08,798  WARNING  PortentaReader      send_command('disarm') ignored — port not open
2026-07-06 17:39:08,859  WARNING  PortentaReader      send_command('disarm') ignored — port not open
2026-07-06 17:39:08,919  WARNING  PortentaReader      send_command('disarm') ignored — port not open
2026-07-06 17:39:08,981  WARNING  PortentaReader      send_command('disarm') ignored — port not open
2026-07-06 17:39:09,043  WARNING  PortentaReader      send_command('disarm') ignored — port not open
2026-07-06 17:39:09,104  WARNING  PortentaReader      send_command('disarm') ignored — port not open
2026-07-06 17:39:09,166  WARNING  PortentaReader      send_command('disarm') ignored — port not open
2026-07-06 17:39:09,227  WARNING  PortentaReader      send_command('disarm') ignored — port not open
2026-07-06 17:39:09,288  WARNING  PortentaReader      send_command('disarm') ignored — port not open
2026-07-06 17:39:09,349  WARNING  PortentaReader      send_command('disarm') ignored — port not open
2026-07-06 17:39:09,412  WARNING  PortentaReader      send_command('disarm') ignored — port not open
2026-07-06 17:39:09,474  WARNING  RecordingCore       HEALTH WARNING: LCR silent 75.1s — no new samples (auxiliary; other instruments still recording)
2026-07-06 17:39:09,475  WARNING  PortentaReader      send_command('disarm') ignored — port not open
2026-07-06 17:39:09,537  WARNING  PortentaReader      send_command('disarm') ignored — port not open
2026-07-06 17:39:09,597  WARNING  PortentaReader      send_command('disarm') ignored — port not open
2026-07-06 17:39:09,674  WARNING  PortentaReader      send_command('disarm') ignored — port not open
2026-07-06 17:39:09,734  WARNING  PortentaReader      send_command('disarm') ignored — port not open
2026-07-06 17:39:09,796  WARNING  PortentaReader      send_command('disarm') ignored — port not open
2026-07-06 17:39:09,858  WARNING  PortentaReader      send_command('disarm') ignored — port not open
2026-07-06 17:39:09,919  WARNING  PortentaReader      send_command('disarm') ignored — port not open
2026-07-06 17:39:09,979  WARNING  PortentaReader      send_command('disarm') ignored — port not open
2026-07-06 17:39:10,040  WARNING  PortentaReader      send_command('disarm') ignored — port not open
2026-07-06 17:39:10,102  WARNING  PortentaReader      send_command('disarm') ignored — port not open
2026-07-06 17:39:10,163  WARNING  PortentaReader      send_command('disarm') ignored — port not open
2026-07-06 17:39:10,223  WARNING  PortentaReader      send_command('disarm') ignored — port not open
2026-07-06 17:39:10,300  WARNING  PortentaReader      send_command('disarm') ignored — port not open
2026-07-06 17:39:10,359  WARNING  PortentaReader      send_command('disarm') ignored — port not open
2026-07-06 17:39:10,422  WARNING  PortentaReader      send_command('disarm') ignored — port not open
2026-07-06 17:39:10,483  WARNING  PortentaReader      send_command('disarm') ignored — port not open
2026-07-06 17:39:10,545  WARNING  PortentaReader      send_command('disarm') ignored — port not open
2026-07-06 17:39:10,605  WARNING  PortentaReader      send_command('disarm') ignored — port not open
2026-07-06 17:39:10,668  WARNING  PortentaReader      send_command('disarm') ignored — port not open
2026-07-06 17:39:10,729  WARNING  PortentaReader      send_command('disarm') ignored — port not open
2026-07-06 17:39:10,790  WARNING  PortentaReader      send_command('disarm') ignored — port not open
2026-07-06 17:39:10,852  WARNING  PortentaReader      send_command('disarm') ignored — port not open
2026-07-06 17:39:10,913  WARNING  PortentaReader      send_command('disarm') ignored — port not open
2026-07-06 17:39:10,974  WARNING  PortentaReader      send_command('disarm') ignored — port not open
2026-07-06 17:39:11,035  WARNING  PortentaReader      send_command('disarm') ignored — port not open
2026-07-06 17:39:11,098  WARNING  PortentaReader      send_command('disarm') ignored — port not open
2026-07-06 17:39:11,174  WARNING  PortentaReader      send_command('disarm') ignored — port not open
2026-07-06 17:39:11,235  WARNING  PortentaReader      send_command('disarm') ignored — port not open
2026-07-06 17:39:11,297  WARNING  PortentaReader      send_command('disarm') ignored — port not open
2026-07-06 17:39:11,360  WARNING  PortentaReader      send_command('disarm') ignored — port not open
2026-07-06 17:39:11,421  WARNING  PortentaReader      send_command('disarm') ignored — port not open
2026-07-06 17:39:11,481  WARNING  RecordingCore       HEALTH WARNING: LCR silent 77.1s — no new samples (auxiliary; other instruments still recording)
2026-07-06 17:39:11,483  WARNING  PortentaReader      send_command('disarm') ignored — port not open
2026-07-06 17:39:11,542  WARNING  PortentaReader      send_command('disarm') ignored — port not open
2026-07-06 17:39:11,604  WARNING  PortentaReader      send_command('disarm') ignored — port not open
2026-07-06 17:39:11,667  WARNING  PortentaReader      send_command('disarm') ignored — port not open
2026-07-06 17:39:11,727  WARNING  PortentaReader      send_command('disarm') ignored — port not open
2026-07-06 17:39:11,790  WARNING  PortentaReader      send_command('disarm') ignored — port not open
2026-07-06 17:39:11,850  WARNING  PortentaReader      send_command('disarm') ignored — port not open
2026-07-06 17:39:11,912  WARNING  PortentaReader      send_command('disarm') ignored — port not open
2026-07-06 17:39:11,973  WARNING  PortentaReader      send_command('disarm') ignored — port not open
2026-07-06 17:39:12,034  WARNING  PortentaReader      send_command('disarm') ignored — port not open
2026-07-06 17:39:12,112  WARNING  PortentaReader      send_command('disarm') ignored — port not open
2026-07-06 17:39:12,174  WARNING  PortentaReader      send_command('disarm') ignored — port not open
2026-07-06 17:39:12,235  WARNING  PortentaReader      send_command('disarm') ignored — port not open
2026-07-06 17:39:12,297  WARNING  PortentaReader      send_command('disarm') ignored — port not open
2026-07-06 17:39:12,358  WARNING  PortentaReader      send_command('disarm') ignored — port not open
2026-07-06 17:39:12,419  WARNING  PortentaReader      send_command('disarm') ignored — port not open
2026-07-06 17:39:12,483  WARNING  PortentaReader      send_command('disarm') ignored — port not open
2026-07-06 17:39:12,545  WARNING  PortentaReader      send_command('disarm') ignored — port not open
2026-07-06 17:39:12,607  WARNING  PortentaReader      send_command('disarm') ignored — port not open
2026-07-06 17:39:12,668  WARNING  PortentaReader      send_command('disarm') ignored — port not open
2026-07-06 17:39:12,729  WARNING  PortentaReader      send_command('disarm') ignored — port not open
2026-07-06 17:39:12,789  WARNING  PortentaReader      send_command('disarm') ignored — port not open
2026-07-06 17:39:12,850  WARNING  PortentaReader      send_command('disarm') ignored — port not open
2026-07-06 17:39:12,912  WARNING  PortentaReader      send_command('disarm') ignored — port not open
2026-07-06 17:39:12,974  WARNING  PortentaReader      send_command('disarm') ignored — port not open
2026-07-06 17:39:13,037  WARNING  PortentaReader      send_command('disarm') ignored — port not open
2026-07-06 17:39:13,098  WARNING  PortentaReader      send_command('disarm') ignored — port not open
2026-07-06 17:39:13,160  WARNING  PortentaReader      send_command('disarm') ignored — port not open
2026-07-06 17:39:13,222  WARNING  PortentaReader      send_command('disarm') ignored — port not open
2026-07-06 17:39:13,298  WARNING  PortentaReader      send_command('disarm') ignored — port not open
2026-07-06 17:39:13,361  WARNING  PortentaReader      send_command('disarm') ignored — port not open
2026-07-06 17:39:13,422  WARNING  PortentaReader      send_command('disarm') ignored — port not open
2026-07-06 17:39:13,483  WARNING  RecordingCore       HEALTH WARNING: LCR silent 79.1s — no new samples (auxiliary; other instruments still recording)
2026-07-06 17:39:13,483  WARNING  PortentaReader      send_command('disarm') ignored — port not open
2026-07-06 17:39:13,544  WARNING  PortentaReader      send_command('disarm') ignored — port not open
2026-07-06 17:39:13,605  WARNING  PortentaReader      send_command('disarm') ignored — port not open
2026-07-06 17:39:13,668  WARNING  PortentaReader      send_command('disarm') ignored — port not open
2026-07-06 17:39:13,726  WARNING  PortentaReader      send_command('disarm') ignored — port not open
2026-07-06 17:39:13,788  WARNING  PortentaReader      send_command('disarm') ignored — port not open
2026-07-06 17:39:13,849  WARNING  PortentaReader      send_command('disarm') ignored — port not open
2026-07-06 17:39:13,911  WARNING  PortentaReader      send_command('disarm') ignored — port not open
2026-07-06 17:39:13,973  WARNING  PortentaReader      send_command('disarm') ignored — port not open
2026-07-06 17:39:14,049  WARNING  PortentaReader      send_command('disarm') ignored — port not open
2026-07-06 17:39:14,111  WARNING  PortentaReader      send_command('disarm') ignored — port not open
2026-07-06 17:39:14,173  WARNING  PortentaReader      send_command('disarm') ignored — port not open
2026-07-06 17:39:14,234  WARNING  PortentaReader      send_command('disarm') ignored — port not open
2026-07-06 17:39:14,296  WARNING  PortentaReader      send_command('disarm') ignored — port not open
2026-07-06 17:39:14,357  WARNING  PortentaReader      send_command('disarm') ignored — port not open
2026-07-06 17:39:14,420  WARNING  PortentaReader      send_command('disarm') ignored — port not open
2026-07-06 17:39:14,480  WARNING  PortentaReader      send_command('disarm') ignored — port not open
2026-07-06 17:39:14,541  WARNING  PortentaReader      send_command('disarm') ignored — port not open
2026-07-06 17:39:14,601  WARNING  PortentaReader      send_command('disarm') ignored — port not open
2026-07-06 17:39:14,663  WARNING  PortentaReader      send_command('disarm') ignored — port not open
2026-07-06 17:39:14,724  WARNING  PortentaReader      send_command('disarm') ignored — port not open
2026-07-06 17:39:14,785  WARNING  PortentaReader      send_command('disarm') ignored — port not open
2026-07-06 17:39:14,861  WARNING  PortentaReader      send_command('disarm') ignored — port not open
2026-07-06 17:39:14,921  WARNING  PortentaReader      send_command('disarm') ignored — port not open
2026-07-06 17:39:14,983  WARNING  PortentaReader      send_command('disarm') ignored — port not open
2026-07-06 17:39:15,044  WARNING  PortentaReader      send_command('disarm') ignored — port not open
2026-07-06 17:39:15,105  WARNING  PortentaReader      send_command('disarm') ignored — port not open
2026-07-06 17:39:15,166  WARNING  PortentaReader      send_command('disarm') ignored — port not open
2026-07-06 17:39:15,228  WARNING  PortentaReader      send_command('disarm') ignored — port not open
2026-07-06 17:39:15,290  WARNING  PortentaReader      send_command('disarm') ignored — port not open
2026-07-06 17:39:15,351  WARNING  PortentaReader      send_command('disarm') ignored — port not open
2026-07-06 17:39:15,412  WARNING  PortentaReader      send_command('disarm') ignored — port not open
2026-07-06 17:39:15,473  WARNING  RecordingCore       HEALTH WARNING: LCR silent 81.1s — no new samples (auxiliary; other instruments still recording)
2026-07-06 17:39:15,474  WARNING  PortentaReader      send_command('disarm') ignored — port not open
2026-07-06 17:39:15,535  WARNING  PortentaReader      send_command('disarm') ignored — port not open
2026-07-06 17:39:15,611  WARNING  PortentaReader      send_command('disarm') ignored — port not open
2026-07-06 17:39:15,673  WARNING  PortentaReader      send_command('disarm') ignored — port not open
2026-07-06 17:39:15,733  WARNING  PortentaReader      send_command('disarm') ignored — port not open
2026-07-06 17:39:15,794  WARNING  PortentaReader      send_command('disarm') ignored — port not open
2026-07-06 17:39:15,855  WARNING  PortentaReader      send_command('disarm') ignored — port not open
2026-07-06 17:39:15,917  WARNING  PortentaReader      send_command('disarm') ignored — port not open
2026-07-06 17:39:15,979  WARNING  PortentaReader      send_command('disarm') ignored — port not open
2026-07-06 17:39:16,040  WARNING  PortentaReader      send_command('disarm') ignored — port not open
2026-07-06 17:39:16,100  WARNING  PortentaReader      send_command('disarm') ignored — port not open
2026-07-06 17:39:16,162  WARNING  PortentaReader      send_command('disarm') ignored — port not open
2026-07-06 17:39:16,224  WARNING  PortentaReader      send_command('disarm') ignored — port not open
2026-07-06 17:39:16,299  WARNING  PortentaReader      send_command('disarm') ignored — port not open
2026-07-06 17:39:16,362  WARNING  PortentaReader      send_command('disarm') ignored — port not open
2026-07-06 17:39:16,424  WARNING  PortentaReader      send_command('disarm') ignored — port not open
2026-07-06 17:39:16,486  WARNING  PortentaReader      send_command('disarm') ignored — port not open
2026-07-06 17:39:16,548  WARNING  PortentaReader      send_command('disarm') ignored — port not open
2026-07-06 17:39:16,610  WARNING  PortentaReader      send_command('disarm') ignored — port not open
2026-07-06 17:39:16,672  WARNING  PortentaReader      send_command('disarm') ignored — port not open
2026-07-06 17:39:16,733  WARNING  PortentaReader      send_command('disarm') ignored — port not open
2026-07-06 17:39:16,794  WARNING  PortentaReader      send_command('disarm') ignored — port not open
2026-07-06 17:39:16,854  WARNING  PortentaReader      send_command('disarm') ignored — port not open
2026-07-06 17:39:16,917  WARNING  PortentaReader      send_command('disarm') ignored — port not open
2026-07-06 17:39:16,978  WARNING  PortentaReader      send_command('disarm') ignored — port not open
2026-07-06 17:39:17,041  WARNING  PortentaReader      send_command('disarm') ignored — port not open
2026-07-06 17:39:17,101  WARNING  PortentaReader      send_command('disarm') ignored — port not open
2026-07-06 17:39:17,163  WARNING  PortentaReader      send_command('disarm') ignored — port not open
2026-07-06 17:39:17,225  WARNING  PortentaReader      send_command('disarm') ignored — port not open
2026-07-06 17:39:17,286  WARNING  PortentaReader      send_command('disarm') ignored — port not open
2026-07-06 17:39:17,348  WARNING  PortentaReader      send_command('disarm') ignored — port not open
2026-07-06 17:39:17,425  WARNING  PortentaReader      send_command('disarm') ignored — port not open
2026-07-06 17:39:17,485  WARNING  RecordingCore       HEALTH WARNING: LCR silent 83.1s — no new samples (auxiliary; other instruments still recording)
2026-07-06 17:39:17,486  WARNING  PortentaReader      send_command('disarm') ignored — port not open
2026-07-06 17:39:17,546  WARNING  PortentaReader      send_command('disarm') ignored — port not open
2026-07-06 17:39:17,608  WARNING  PortentaReader      send_command('disarm') ignored — port not open
2026-07-06 17:39:17,671  WARNING  PortentaReader      send_command('disarm') ignored — port not open
2026-07-06 17:39:17,731  WARNING  PortentaReader      send_command('disarm') ignored — port not open
2026-07-06 17:39:17,792  WARNING  PortentaReader      send_command('disarm') ignored — port not open
2026-07-06 17:39:17,853  WARNING  PortentaReader      send_command('disarm') ignored — port not open
2026-07-06 17:39:17,915  WARNING  PortentaReader      send_command('disarm') ignored — port not open
2026-07-06 17:39:17,978  WARNING  PortentaReader      send_command('disarm') ignored — port not open
2026-07-06 17:39:18,039  WARNING  PortentaReader      send_command('disarm') ignored — port not open
2026-07-06 17:39:18,100  WARNING  PortentaReader      send_command('disarm') ignored — port not open
2026-07-06 17:39:18,161  WARNING  PortentaReader      send_command('disarm') ignored — port not open
2026-07-06 17:39:18,223  WARNING  PortentaReader      send_command('disarm') ignored — port not open
2026-07-06 17:39:18,285  WARNING  PortentaReader      send_command('disarm') ignored — port not open
2026-07-06 17:39:18,348  WARNING  PortentaReader      send_command('disarm') ignored — port not open
2026-07-06 17:39:18,409  WARNING  PortentaReader      send_command('disarm') ignored — port not open
2026-07-06 17:39:18,484  WARNING  PortentaReader      send_command('disarm') ignored — port not open
2026-07-06 17:39:18,545  WARNING  PortentaReader      send_command('disarm') ignored — port not open
2026-07-06 17:39:18,606  WARNING  PortentaReader      send_command('disarm') ignored — port not open
2026-07-06 17:39:18,669  WARNING  PortentaReader      send_command('disarm') ignored — port not open
2026-07-06 17:39:18,729  WARNING  PortentaReader      send_command('disarm') ignored — port not open
2026-07-06 17:39:18,791  WARNING  PortentaReader      send_command('disarm') ignored — port not open
2026-07-06 17:39:18,853  WARNING  PortentaReader      send_command('disarm') ignored — port not open
2026-07-06 17:39:18,915  WARNING  PortentaReader      send_command('disarm') ignored — port not open
2026-07-06 17:39:18,976  WARNING  PortentaReader      send_command('disarm') ignored — port not open
2026-07-06 17:39:19,037  WARNING  PortentaReader      send_command('disarm') ignored — port not open
2026-07-06 17:39:19,099  WARNING  PortentaReader      send_command('disarm') ignored — port not open
2026-07-06 17:39:19,161  WARNING  PortentaReader      send_command('disarm') ignored — port not open
2026-07-06 17:39:19,237  WARNING  PortentaReader      send_command('disarm') ignored — port not open
2026-07-06 17:39:19,299  WARNING  PortentaReader      send_command('disarm') ignored — port not open
2026-07-06 17:39:19,361  WARNING  PortentaReader      send_command('disarm') ignored — port not open
2026-07-06 17:39:19,410  WARNING  PortentaReader      send_command('disarm') ignored — port not open
2026-07-06 17:39:19,483  WARNING  RecordingCore       HEALTH WARNING: LCR silent 85.1s — no new samples (auxiliary; other instruments still recording)
2026-07-06 17:39:19,484  WARNING  PortentaReader      send_command('disarm') ignored — port not open
2026-07-06 17:39:19,546  WARNING  PortentaReader      send_command('disarm') ignored — port not open
2026-07-06 17:39:19,609  WARNING  PortentaReader      send_command('disarm') ignored — port not open
2026-07-06 17:39:19,671  WARNING  PortentaReader      send_command('disarm') ignored — port not open
2026-07-06 17:39:19,732  WARNING  PortentaReader      send_command('disarm') ignored — port not open
2026-07-06 17:39:19,793  WARNING  PortentaReader      send_command('disarm') ignored — port not open
2026-07-06 17:39:19,854  WARNING  PortentaReader      send_command('disarm') ignored — port not open
2026-07-06 17:39:19,913  WARNING  PortentaReader      send_command('disarm') ignored — port not open
2026-07-06 17:39:19,976  WARNING  PortentaReader      send_command('disarm') ignored — port not open
2026-07-06 17:39:20,039  WARNING  PortentaReader      send_command('disarm') ignored — port not open
2026-07-06 17:39:20,100  WARNING  PortentaReader      send_command('disarm') ignored — port not open
2026-07-06 17:39:20,161  WARNING  PortentaReader      send_command('disarm') ignored — port not open
2026-07-06 17:39:20,223  WARNING  PortentaReader      send_command('disarm') ignored — port not open
2026-07-06 17:39:20,285  WARNING  PortentaReader      send_command('disarm') ignored — port not open
2026-07-06 17:39:20,360  WARNING  PortentaReader      send_command('disarm') ignored — port not open
2026-07-06 17:39:20,422  WARNING  PortentaReader      send_command('disarm') ignored — port not open
2026-07-06 17:39:20,483  WARNING  PortentaReader      send_command('disarm') ignored — port not open
2026-07-06 17:39:20,545  WARNING  PortentaReader      send_command('disarm') ignored — port not open
2026-07-06 17:39:20,606  WARNING  PortentaReader      send_command('disarm') ignored — port not open
2026-07-06 17:39:20,669  WARNING  PortentaReader      send_command('disarm') ignored — port not open
2026-07-06 17:39:20,728  WARNING  PortentaReader      send_command('disarm') ignored — port not open
2026-07-06 17:39:20,790  WARNING  PortentaReader      send_command('disarm') ignored — port not open
2026-07-06 17:39:20,851  WARNING  PortentaReader      send_command('disarm') ignored — port not open
2026-07-06 17:39:20,913  WARNING  PortentaReader      send_command('disarm') ignored — port not open
2026-07-06 17:39:20,974  WARNING  PortentaReader      send_command('disarm') ignored — port not open
2026-07-06 17:39:21,035  WARNING  PortentaReader      send_command('disarm') ignored — port not open
2026-07-06 17:39:21,097  WARNING  PortentaReader      send_command('disarm') ignored — port not open
2026-07-06 17:39:21,160  WARNING  PortentaReader      send_command('disarm') ignored — port not open
2026-07-06 17:39:21,236  WARNING  PortentaReader      send_command('disarm') ignored — port not open
2026-07-06 17:39:21,298  WARNING  PortentaReader      send_command('disarm') ignored — port not open
2026-07-06 17:39:21,358  WARNING  PortentaReader      send_command('disarm') ignored — port not open
2026-07-06 17:39:21,420  WARNING  PortentaReader      send_command('disarm') ignored — port not open
2026-07-06 17:39:21,481  WARNING  RecordingCore       HEALTH WARNING: LCR silent 87.1s — no new samples (auxiliary; other instruments still recording)
2026-07-06 17:39:21,482  WARNING  PortentaReader      send_command('disarm') ignored — port not open
2026-07-06 17:39:21,544  WARNING  PortentaReader      send_command('disarm') ignored — port not open
2026-07-06 17:39:21,606  WARNING  PortentaReader      send_command('disarm') ignored — port not open
2026-07-06 17:39:21,668  WARNING  PortentaReader      send_command('disarm') ignored — port not open
2026-07-06 17:39:21,728  WARNING  PortentaReader      send_command('disarm') ignored — port not open
2026-07-06 17:39:21,790  WARNING  PortentaReader      send_command('disarm') ignored — port not open
2026-07-06 17:39:21,852  WARNING  PortentaReader      send_command('disarm') ignored — port not open
2026-07-06 17:39:21,913  WARNING  PortentaReader      send_command('disarm') ignored — port not open
2026-07-06 17:39:21,975  WARNING  PortentaReader      send_command('disarm') ignored — port not open
2026-07-06 17:39:22,035  WARNING  PortentaReader      send_command('disarm') ignored — port not open
2026-07-06 17:39:22,098  WARNING  PortentaReader      send_command('disarm') ignored — port not open
2026-07-06 17:39:22,159  WARNING  PortentaReader      send_command('disarm') ignored — port not open
2026-07-06 17:39:22,236  WARNING  PortentaReader      send_command('disarm') ignored — port not open
2026-07-06 17:39:22,296  WARNING  PortentaReader      send_command('disarm') ignored — port not open
2026-07-06 17:39:22,357  WARNING  PortentaReader      send_command('disarm') ignored — port not open
2026-07-06 17:39:22,419  WARNING  PortentaReader      send_command('disarm') ignored — port not open
2026-07-06 17:39:22,481  WARNING  PortentaReader      send_command('disarm') ignored — port not open
2026-07-06 17:39:22,540  WARNING  PortentaReader      send_command('disarm') ignored — port not open
2026-07-06 17:39:22,602  WARNING  PortentaReader      send_command('disarm') ignored — port not open
2026-07-06 17:39:22,665  WARNING  PortentaReader      send_command('disarm') ignored — port not open
2026-07-06 17:39:22,724  WARNING  PortentaReader      send_command('disarm') ignored — port not open
2026-07-06 17:39:22,799  WARNING  PortentaReader      send_command('disarm') ignored — port not open
2026-07-06 17:39:22,861  WARNING  PortentaReader      send_command('disarm') ignored — port not open
2026-07-06 17:39:22,922  WARNING  PortentaReader      send_command('disarm') ignored — port not open
2026-07-06 17:39:22,984  WARNING  PortentaReader      send_command('disarm') ignored — port not open
2026-07-06 17:39:23,045  WARNING  PortentaReader      send_command('disarm') ignored — port not open
2026-07-06 17:39:23,106  WARNING  PortentaReader      send_command('disarm') ignored — port not open
2026-07-06 17:39:23,167  WARNING  PortentaReader      send_command('disarm') ignored — port not open
2026-07-06 17:39:23,228  WARNING  PortentaReader      send_command('disarm') ignored — port not open
2026-07-06 17:39:23,290  WARNING  PortentaReader      send_command('disarm') ignored — port not open
2026-07-06 17:39:23,351  WARNING  PortentaReader      send_command('disarm') ignored — port not open
2026-07-06 17:39:23,413  WARNING  PortentaReader      send_command('disarm') ignored — port not open
2026-07-06 17:39:23,474  WARNING  RecordingCore       HEALTH WARNING: LCR silent 89.1s — no new samples (auxiliary; other instruments still recording)
2026-07-06 17:39:23,475  WARNING  PortentaReader      send_command('disarm') ignored — port not open
2026-07-06 17:39:23,535  WARNING  PortentaReader      send_command('disarm') ignored — port not open
2026-07-06 17:39:23,597  WARNING  PortentaReader      send_command('disarm') ignored — port not open
2026-07-06 17:39:23,660  WARNING  PortentaReader      send_command('disarm') ignored — port not open
2026-07-06 17:39:23,735  WARNING  PortentaReader      send_command('disarm') ignored — port not open
2026-07-06 17:39:23,796  WARNING  PortentaReader      send_command('disarm') ignored — port not open
2026-07-06 17:39:23,855  WARNING  PortentaReader      send_command('disarm') ignored — port not open
2026-07-06 17:39:23,919  WARNING  PortentaReader      send_command('disarm') ignored — port not open
2026-07-06 17:39:23,975  WARNING  PortentaReader      send_command('disarm') ignored — port not open
2026-07-06 17:39:24,036  WARNING  PortentaReader      send_command('disarm') ignored — port not open
2026-07-06 17:39:24,102  WARNING  PortentaReader      send_command('disarm') ignored — port not open
2026-07-06 17:39:24,163  WARNING  PortentaReader      send_command('disarm') ignored — port not open
2026-07-06 17:39:24,222  WARNING  PortentaReader      send_command('disarm') ignored — port not open
2026-07-06 17:39:24,287  WARNING  PortentaReader      send_command('disarm') ignored — port not open
2026-07-06 17:39:24,349  WARNING  PortentaReader      send_command('disarm') ignored — port not open
2026-07-06 17:39:24,410  WARNING  PortentaReader      send_command('disarm') ignored — port not open
2026-07-06 17:39:24,487  WARNING  PortentaReader      send_command('disarm') ignored — port not open
2026-07-06 17:39:24,548  WARNING  PortentaReader      send_command('disarm') ignored — port not open
2026-07-06 17:39:24,608  WARNING  PortentaReader      send_command('disarm') ignored — port not open
2026-07-06 17:39:24,672  WARNING  PortentaReader      send_command('disarm') ignored — port not open
2026-07-06 17:39:24,731  WARNING  PortentaReader      send_command('disarm') ignored — port not open
2026-07-06 17:39:24,794  WARNING  PortentaReader      send_command('disarm') ignored — port not open
2026-07-06 17:39:24,852  WARNING  PortentaReader      send_command('disarm') ignored — port not open
2026-07-06 17:39:24,912  WARNING  PortentaReader      send_command('disarm') ignored — port not open
2026-07-06 17:39:24,971  WARNING  PortentaReader      send_command('disarm') ignored — port not open
2026-07-06 17:39:25,039  WARNING  PortentaReader      send_command('disarm') ignored — port not open
2026-07-06 17:39:25,100  WARNING  PortentaReader      send_command('disarm') ignored — port not open
2026-07-06 17:39:25,160  WARNING  PortentaReader      send_command('disarm') ignored — port not open
2026-07-06 17:39:25,225  WARNING  PortentaReader      send_command('disarm') ignored — port not open
2026-07-06 17:39:25,286  WARNING  PortentaReader      send_command('disarm') ignored — port not open
2026-07-06 17:39:25,361  WARNING  PortentaReader      send_command('disarm') ignored — port not open
2026-07-06 17:39:25,423  WARNING  PortentaReader      send_command('disarm') ignored — port not open
2026-07-06 17:39:25,472  WARNING  RecordingCore       HEALTH WARNING: LCR silent 91.1s — no new samples (auxiliary; other instruments still recording)
2026-07-06 17:39:25,473  WARNING  PortentaReader      send_command('disarm') ignored — port not open
2026-07-06 17:39:25,535  WARNING  PortentaReader      send_command('disarm') ignored — port not open
2026-07-06 17:39:25,601  WARNING  PortentaReader      send_command('disarm') ignored — port not open
2026-07-06 17:39:25,662  WARNING  PortentaReader      send_command('disarm') ignored — port not open
2026-07-06 17:39:25,731  WARNING  PortentaReader      send_command('disarm') ignored — port not open
2026-07-06 17:39:25,793  WARNING  PortentaReader      send_command('disarm') ignored — port not open
2026-07-06 17:39:25,853  WARNING  PortentaReader      send_command('disarm') ignored — port not open
2026-07-06 17:39:25,914  WARNING  PortentaReader      send_command('disarm') ignored — port not open
2026-07-06 17:39:25,977  WARNING  PortentaReader      send_command('disarm') ignored — port not open
2026-07-06 17:39:26,039  WARNING  PortentaReader      send_command('disarm') ignored — port not open
2026-07-06 17:39:26,101  WARNING  PortentaReader      send_command('disarm') ignored — port not open
2026-07-06 17:39:26,163  WARNING  PortentaReader      send_command('disarm') ignored — port not open
2026-07-06 17:39:26,224  WARNING  PortentaReader      send_command('disarm') ignored — port not open
2026-07-06 17:39:26,285  WARNING  PortentaReader      send_command('disarm') ignored — port not open
2026-07-06 17:39:26,347  WARNING  PortentaReader      send_command('disarm') ignored — port not open
2026-07-06 17:39:26,423  WARNING  PortentaReader      send_command('disarm') ignored — port not open
2026-07-06 17:39:26,484  WARNING  PortentaReader      send_command('disarm') ignored — port not open
2026-07-06 17:39:26,544  WARNING  PortentaReader      send_command('disarm') ignored — port not open
2026-07-06 17:39:26,605  WARNING  PortentaReader      send_command('disarm') ignored — port not open
2026-07-06 17:39:26,668  WARNING  PortentaReader      send_command('disarm') ignored — port not open
2026-07-06 17:39:26,728  WARNING  PortentaReader      send_command('disarm') ignored — port not open
2026-07-06 17:39:26,789  WARNING  PortentaReader      send_command('disarm') ignored — port not open
2026-07-06 17:39:26,847  WARNING  PortentaReader      send_command('disarm') ignored — port not open
2026-07-06 17:39:26,914  WARNING  PortentaReader      send_command('disarm') ignored — port not open
2026-07-06 17:39:26,975  WARNING  PortentaReader      send_command('disarm') ignored — port not open
2026-07-06 17:39:27,036  WARNING  PortentaReader      send_command('disarm') ignored — port not open
2026-07-06 17:39:27,096  WARNING  PortentaReader      send_command('disarm') ignored — port not open
2026-07-06 17:39:27,162  WARNING  PortentaReader      send_command('disarm') ignored — port not open
2026-07-06 17:39:27,233  WARNING  PortentaReader      send_command('disarm') ignored — port not open
2026-07-06 17:39:27,290  WARNING  PortentaReader      send_command('disarm') ignored — port not open
2026-07-06 17:39:27,357  WARNING  PortentaReader      send_command('disarm') ignored — port not open
2026-07-06 17:39:27,418  WARNING  PortentaReader      send_command('disarm') ignored — port not open
2026-07-06 17:39:27,478  WARNING  RecordingCore       HEALTH WARNING: LCR silent 93.1s — no new samples (auxiliary; other instruments still recording)
2026-07-06 17:39:27,479  WARNING  PortentaReader      send_command('disarm') ignored — port not open
2026-07-06 17:39:27,539  WARNING  PortentaReader      send_command('disarm') ignored — port not open
2026-07-06 17:39:27,601  WARNING  PortentaReader      send_command('disarm') ignored — port not open
2026-07-06 17:39:27,664  WARNING  PortentaReader      send_command('disarm') ignored — port not open
2026-07-06 17:39:27,724  WARNING  PortentaReader      send_command('disarm') ignored — port not open
2026-07-06 17:39:27,784  WARNING  PortentaReader      send_command('disarm') ignored — port not open
2026-07-06 17:39:27,847  WARNING  PortentaReader      send_command('disarm') ignored — port not open
2026-07-06 17:39:27,910  WARNING  PortentaReader      send_command('disarm') ignored — port not open
2026-07-06 17:39:27,985  WARNING  PortentaReader      send_command('disarm') ignored — port not open
2026-07-06 17:39:28,047  WARNING  PortentaReader      send_command('disarm') ignored — port not open
2026-07-06 17:39:28,107  WARNING  PortentaReader      send_command('disarm') ignored — port not open
2026-07-06 17:39:28,169  WARNING  PortentaReader      send_command('disarm') ignored — port not open
2026-07-06 17:39:28,231  WARNING  PortentaReader      send_command('disarm') ignored — port not open
2026-07-06 17:39:28,292  WARNING  PortentaReader      send_command('disarm') ignored — port not open
2026-07-06 17:39:28,354  WARNING  PortentaReader      send_command('disarm') ignored — port not open
2026-07-06 17:39:28,416  WARNING  PortentaReader      send_command('disarm') ignored — port not open
2026-07-06 17:39:28,477  WARNING  PortentaReader      send_command('disarm') ignored — port not open
2026-07-06 17:39:28,540  WARNING  PortentaReader      send_command('disarm') ignored — port not open
2026-07-06 17:39:28,601  WARNING  PortentaReader      send_command('disarm') ignored — port not open
2026-07-06 17:39:28,663  WARNING  PortentaReader      send_command('disarm') ignored — port not open
2026-07-06 17:39:28,724  WARNING  PortentaReader      send_command('disarm') ignored — port not open
2026-07-06 17:39:28,786  WARNING  PortentaReader      send_command('disarm') ignored — port not open
2026-07-06 17:39:28,847  WARNING  PortentaReader      send_command('disarm') ignored — port not open
2026-07-06 17:39:28,923  WARNING  PortentaReader      send_command('disarm') ignored — port not open
2026-07-06 17:39:28,984  WARNING  PortentaReader      send_command('disarm') ignored — port not open
2026-07-06 17:39:29,047  WARNING  PortentaReader      send_command('disarm') ignored — port not open
2026-07-06 17:39:29,108  WARNING  PortentaReader      send_command('disarm') ignored — port not open
2026-07-06 17:39:29,170  WARNING  PortentaReader      send_command('disarm') ignored — port not open
2026-07-06 17:39:29,231  WARNING  PortentaReader      send_command('disarm') ignored — port not open
2026-07-06 17:39:29,292  WARNING  PortentaReader      send_command('disarm') ignored — port not open
2026-07-06 17:39:29,352  WARNING  PortentaReader      send_command('disarm') ignored — port not open
2026-07-06 17:39:29,415  WARNING  PortentaReader      send_command('disarm') ignored — port not open
2026-07-06 17:39:29,475  WARNING  RecordingCore       HEALTH WARNING: LCR silent 95.1s — no new samples (auxiliary; other instruments still recording)
2026-07-06 17:39:29,476  WARNING  PortentaReader      send_command('disarm') ignored — port not open
2026-07-06 17:39:29,536  WARNING  PortentaReader      send_command('disarm') ignored — port not open
2026-07-06 17:39:29,599  WARNING  PortentaReader      send_command('disarm') ignored — port not open
2026-07-06 17:39:29,661  WARNING  PortentaReader      send_command('disarm') ignored — port not open
2026-07-06 17:39:29,722  WARNING  PortentaReader      send_command('disarm') ignored — port not open
2026-07-06 17:39:29,784  WARNING  PortentaReader      send_command('disarm') ignored — port not open
2026-07-06 17:39:29,861  WARNING  PortentaReader      send_command('disarm') ignored — port not open
2026-07-06 17:39:29,923  WARNING  PortentaReader      send_command('disarm') ignored — port not open
2026-07-06 17:39:29,984  WARNING  PortentaReader      send_command('disarm') ignored — port not open
2026-07-06 17:39:30,047  WARNING  PortentaReader      send_command('disarm') ignored — port not open
2026-07-06 17:39:30,107  WARNING  PortentaReader      send_command('disarm') ignored — port not open
2026-07-06 17:39:30,169  WARNING  PortentaReader      send_command('disarm') ignored — port not open
2026-07-06 17:39:30,229  WARNING  PortentaReader      send_command('disarm') ignored — port not open
2026-07-06 17:39:30,291  WARNING  PortentaReader      send_command('disarm') ignored — port not open
2026-07-06 17:39:30,352  WARNING  PortentaReader      send_command('disarm') ignored — port not open
2026-07-06 17:39:30,413  WARNING  PortentaReader      send_command('disarm') ignored — port not open
2026-07-06 17:39:30,475  WARNING  PortentaReader      send_command('disarm') ignored — port not open
2026-07-06 17:39:30,536  WARNING  PortentaReader      send_command('disarm') ignored — port not open
2026-07-06 17:39:30,598  WARNING  PortentaReader      send_command('disarm') ignored — port not open
2026-07-06 17:39:30,661  WARNING  PortentaReader      send_command('disarm') ignored — port not open
2026-07-06 17:39:30,735  WARNING  PortentaReader      send_command('disarm') ignored — port not open
2026-07-06 17:39:30,798  WARNING  PortentaReader      send_command('disarm') ignored — port not open
2026-07-06 17:39:30,861  WARNING  PortentaReader      send_command('disarm') ignored — port not open
2026-07-06 17:39:30,921  WARNING  PortentaReader      send_command('disarm') ignored — port not open
2026-07-06 17:39:30,983  WARNING  PortentaReader      send_command('disarm') ignored — port not open
2026-07-06 17:39:31,044  WARNING  PortentaReader      send_command('disarm') ignored — port not open
2026-07-06 17:39:31,106  WARNING  PortentaReader      send_command('disarm') ignored — port not open
2026-07-06 17:39:31,167  WARNING  PortentaReader      send_command('disarm') ignored — port not open
2026-07-06 17:39:31,229  WARNING  PortentaReader      send_command('disarm') ignored — port not open
2026-07-06 17:39:31,290  WARNING  PortentaReader      send_command('disarm') ignored — port not open
2026-07-06 17:39:31,351  WARNING  PortentaReader      send_command('disarm') ignored — port not open
2026-07-06 17:39:31,413  WARNING  PortentaReader      send_command('disarm') ignored — port not open
2026-07-06 17:39:31,475  WARNING  RecordingCore       HEALTH WARNING: LCR silent 97.1s — no new samples (auxiliary; other instruments still recording)
2026-07-06 17:39:31,475  WARNING  PortentaReader      send_command('disarm') ignored — port not open
2026-07-06 17:39:31,535  WARNING  PortentaReader      send_command('disarm') ignored — port not open
2026-07-06 17:39:31,597  WARNING  PortentaReader      send_command('disarm') ignored — port not open
2026-07-06 17:39:31,675  WARNING  PortentaReader      send_command('disarm') ignored — port not open
2026-07-06 17:39:31,735  WARNING  PortentaReader      send_command('disarm') ignored — port not open
2026-07-06 17:39:31,796  WARNING  PortentaReader      send_command('disarm') ignored — port not open
2026-07-06 17:39:31,857  WARNING  PortentaReader      send_command('disarm') ignored — port not open
2026-07-06 17:39:31,918  WARNING  PortentaReader      send_command('disarm') ignored — port not open
2026-07-06 17:39:31,980  WARNING  PortentaReader      send_command('disarm') ignored — port not open
2026-07-06 17:39:32,042  WARNING  PortentaReader      send_command('disarm') ignored — port not open
2026-07-06 17:39:32,103  WARNING  PortentaReader      send_command('disarm') ignored — port not open
2026-07-06 17:39:32,164  WARNING  PortentaReader      send_command('disarm') ignored — port not open
2026-07-06 17:39:32,225  WARNING  PortentaReader      send_command('disarm') ignored — port not open
2026-07-06 17:39:32,287  WARNING  PortentaReader      send_command('disarm') ignored — port not open
2026-07-06 17:39:32,349  WARNING  PortentaReader      send_command('disarm') ignored — port not open
2026-07-06 17:39:32,410  WARNING  PortentaReader      send_command('disarm') ignored — port not open
2026-07-06 17:39:32,486  WARNING  PortentaReader      send_command('disarm') ignored — port not open
2026-07-06 17:39:32,548  WARNING  PortentaReader      send_command('disarm') ignored — port not open
2026-07-06 17:39:32,610  WARNING  PortentaReader      send_command('disarm') ignored — port not open
2026-07-06 17:39:32,673  WARNING  PortentaReader      send_command('disarm') ignored — port not open
2026-07-06 17:39:32,733  WARNING  PortentaReader      send_command('disarm') ignored — port not open
2026-07-06 17:39:32,793  WARNING  PortentaReader      send_command('disarm') ignored — port not open
2026-07-06 17:39:32,855  WARNING  PortentaReader      send_command('disarm') ignored — port not open
2026-07-06 17:39:32,917  WARNING  PortentaReader      send_command('disarm') ignored — port not open
2026-07-06 17:39:32,978  WARNING  PortentaReader      send_command('disarm') ignored — port not open
2026-07-06 17:39:33,038  WARNING  PortentaReader      send_command('disarm') ignored — port not open
2026-07-06 17:39:33,099  WARNING  PortentaReader      send_command('disarm') ignored — port not open
2026-07-06 17:39:33,159  WARNING  PortentaReader      send_command('disarm') ignored — port not open
2026-07-06 17:39:33,236  WARNING  PortentaReader      send_command('disarm') ignored — port not open
2026-07-06 17:39:33,299  WARNING  PortentaReader      send_command('disarm') ignored — port not open
2026-07-06 17:39:33,361  WARNING  PortentaReader      send_command('disarm') ignored — port not open
2026-07-06 17:39:33,423  WARNING  PortentaReader      send_command('disarm') ignored — port not open
2026-07-06 17:39:33,485  WARNING  RecordingCore       HEALTH WARNING: LCR silent 99.1s — no new samples (auxiliary; other instruments still recording)
2026-07-06 17:39:33,485  WARNING  PortentaReader      send_command('disarm') ignored — port not open
2026-07-06 17:39:33,546  WARNING  PortentaReader      send_command('disarm') ignored — port not open
2026-07-06 17:39:33,607  WARNING  PortentaReader      send_command('disarm') ignored — port not open
2026-07-06 17:39:33,670  WARNING  PortentaReader      send_command('disarm') ignored — port not open
2026-07-06 17:39:33,730  WARNING  PortentaReader      send_command('disarm') ignored — port not open
2026-07-06 17:39:33,791  WARNING  PortentaReader      send_command('disarm') ignored — port not open
2026-07-06 17:39:33,854  WARNING  PortentaReader      send_command('disarm') ignored — port not open
2026-07-06 17:39:33,916  WARNING  PortentaReader      send_command('disarm') ignored — port not open
2026-07-06 17:39:33,978  WARNING  PortentaReader      send_command('disarm') ignored — port not open
2026-07-06 17:39:34,039  WARNING  PortentaReader      send_command('disarm') ignored — port not open
2026-07-06 17:39:34,100  WARNING  PortentaReader      send_command('disarm') ignored — port not open
2026-07-06 17:39:34,160  WARNING  PortentaReader      send_command('disarm') ignored — port not open
2026-07-06 17:39:34,223  WARNING  PortentaReader      send_command('disarm') ignored — port not open
2026-07-06 17:39:34,297  WARNING  PortentaReader      send_command('disarm') ignored — port not open
2026-07-06 17:39:34,359  WARNING  PortentaReader      send_command('disarm') ignored — port not open
2026-07-06 17:39:34,420  WARNING  PortentaReader      send_command('disarm') ignored — port not open
2026-07-06 17:39:34,482  WARNING  PortentaReader      send_command('disarm') ignored — port not open
2026-07-06 17:39:34,543  WARNING  PortentaReader      send_command('disarm') ignored — port not open
2026-07-06 17:39:34,605  WARNING  PortentaReader      send_command('disarm') ignored — port not open
2026-07-06 17:39:34,667  WARNING  PortentaReader      send_command('disarm') ignored — port not open
2026-07-06 17:39:34,729  WARNING  PortentaReader      send_command('disarm') ignored — port not open
2026-07-06 17:39:34,791  WARNING  PortentaReader      send_command('disarm') ignored — port not open
2026-07-06 17:39:34,853  WARNING  PortentaReader      send_command('disarm') ignored — port not open
2026-07-06 17:39:34,914  WARNING  PortentaReader      send_command('disarm') ignored — port not open
2026-07-06 17:39:34,975  WARNING  PortentaReader      send_command('disarm') ignored — port not open
2026-07-06 17:39:35,036  WARNING  PortentaReader      send_command('disarm') ignored — port not open
2026-07-06 17:39:35,097  WARNING  PortentaReader      send_command('disarm') ignored — port not open
2026-07-06 17:39:35,174  WARNING  PortentaReader      send_command('disarm') ignored — port not open
2026-07-06 17:39:35,235  WARNING  PortentaReader      send_command('disarm') ignored — port not open
2026-07-06 17:39:35,297  WARNING  PortentaReader      send_command('disarm') ignored — port not open
2026-07-06 17:39:35,358  WARNING  PortentaReader      send_command('disarm') ignored — port not open
2026-07-06 17:39:35,419  WARNING  PortentaReader      send_command('disarm') ignored — port not open
2026-07-06 17:39:35,481  WARNING  RecordingCore       HEALTH WARNING: LCR silent 101.1s — no new samples (auxiliary; other instruments still recording)
2026-07-06 17:39:35,482  WARNING  PortentaReader      send_command('disarm') ignored — port not open
2026-07-06 17:39:35,543  WARNING  PortentaReader      send_command('disarm') ignored — port not open
2026-07-06 17:39:35,604  WARNING  PortentaReader      send_command('disarm') ignored — port not open
2026-07-06 17:39:35,667  WARNING  PortentaReader      send_command('disarm') ignored — port not open
2026-07-06 17:39:35,727  WARNING  PortentaReader      send_command('disarm') ignored — port not open
2026-07-06 17:39:35,788  WARNING  PortentaReader      send_command('disarm') ignored — port not open
2026-07-06 17:39:35,850  WARNING  PortentaReader      send_command('disarm') ignored — port not open
2026-07-06 17:39:35,913  WARNING  PortentaReader      send_command('disarm') ignored — port not open
2026-07-06 17:39:35,972  WARNING  PortentaReader      send_command('disarm') ignored — port not open
2026-07-06 17:39:36,049  WARNING  PortentaReader      send_command('disarm') ignored — port not open
2026-07-06 17:39:36,110  WARNING  PortentaReader      send_command('disarm') ignored — port not open
2026-07-06 17:39:36,172  WARNING  PortentaReader      send_command('disarm') ignored — port not open
2026-07-06 17:39:36,234  WARNING  PortentaReader      send_command('disarm') ignored — port not open
2026-07-06 17:39:36,296  WARNING  PortentaReader      send_command('disarm') ignored — port not open
2026-07-06 17:39:36,356  WARNING  PortentaReader      send_command('disarm') ignored — port not open
2026-07-06 17:39:36,417  WARNING  PortentaReader      send_command('disarm') ignored — port not open
2026-07-06 17:39:36,479  WARNING  PortentaReader      send_command('disarm') ignored — port not open
2026-07-06 17:39:36,539  WARNING  PortentaReader      send_command('disarm') ignored — port not open
2026-07-06 17:39:36,602  WARNING  PortentaReader      send_command('disarm') ignored — port not open
2026-07-06 17:39:36,664  WARNING  PortentaReader      send_command('disarm') ignored — port not open
2026-07-06 17:39:36,726  WARNING  PortentaReader      send_command('disarm') ignored — port not open
2026-07-06 17:39:36,789  WARNING  PortentaReader      send_command('disarm') ignored — port not open
2026-07-06 17:39:36,849  WARNING  PortentaReader      send_command('disarm') ignored — port not open
2026-07-06 17:39:36,911  WARNING  PortentaReader      send_command('disarm') ignored — port not open
2026-07-06 17:39:36,972  WARNING  PortentaReader      send_command('disarm') ignored — port not open
2026-07-06 17:39:37,035  WARNING  PortentaReader      send_command('disarm') ignored — port not open
2026-07-06 17:39:37,097  WARNING  PortentaReader      send_command('disarm') ignored — port not open
2026-07-06 17:39:37,174  WARNING  PortentaReader      send_command('disarm') ignored — port not open
2026-07-06 17:39:37,235  WARNING  PortentaReader      send_command('disarm') ignored — port not open
2026-07-06 17:39:37,296  WARNING  PortentaReader      send_command('disarm') ignored — port not open
2026-07-06 17:39:37,358  WARNING  PortentaReader      send_command('disarm') ignored — port not open
2026-07-06 17:39:37,418  WARNING  PortentaReader      send_command('disarm') ignored — port not open
2026-07-06 17:39:37,481  WARNING  RecordingCore       HEALTH WARNING: LCR silent 103.1s — no new samples (auxiliary; other instruments still recording)
2026-07-06 17:39:37,481  WARNING  PortentaReader      send_command('disarm') ignored — port not open
2026-07-06 17:39:37,542  WARNING  PortentaReader      send_command('disarm') ignored — port not open
2026-07-06 17:39:37,606  WARNING  PortentaReader      send_command('disarm') ignored — port not open
2026-07-06 17:39:37,670  WARNING  PortentaReader      send_command('disarm') ignored — port not open
2026-07-06 17:39:37,730  WARNING  PortentaReader      send_command('disarm') ignored — port not open
2026-07-06 17:39:37,792  WARNING  PortentaReader      send_command('disarm') ignored — port not open
2026-07-06 17:39:37,854  WARNING  PortentaReader      send_command('disarm') ignored — port not open
2026-07-06 17:39:37,916  WARNING  PortentaReader      send_command('disarm') ignored — port not open
2026-07-06 17:39:37,977  WARNING  PortentaReader      send_command('disarm') ignored — port not open
2026-07-06 17:39:38,037  WARNING  PortentaReader      send_command('disarm') ignored — port not open
2026-07-06 17:39:38,098  WARNING  PortentaReader      send_command('disarm') ignored — port not open
2026-07-06 17:39:38,160  WARNING  PortentaReader      send_command('disarm') ignored — port not open
2026-07-06 17:39:38,222  WARNING  PortentaReader      send_command('disarm') ignored — port not open
2026-07-06 17:39:38,286  WARNING  PortentaReader      send_command('disarm') ignored — port not open
2026-07-06 17:39:38,360  WARNING  PortentaReader      send_command('disarm') ignored — port not open
2026-07-06 17:39:38,410  WARNING  PortentaReader      send_command('disarm') ignored — port not open
2026-07-06 17:39:38,484  WARNING  PortentaReader      send_command('disarm') ignored — port not open
2026-07-06 17:39:38,547  WARNING  PortentaReader      send_command('disarm') ignored — port not open
2026-07-06 17:39:38,607  WARNING  PortentaReader      send_command('disarm') ignored — port not open
2026-07-06 17:39:38,670  WARNING  PortentaReader      send_command('disarm') ignored — port not open
2026-07-06 17:39:38,729  WARNING  PortentaReader      send_command('disarm') ignored — port not open
2026-07-06 17:39:38,789  WARNING  PortentaReader      send_command('disarm') ignored — port not open
2026-07-06 17:39:38,852  WARNING  PortentaReader      send_command('disarm') ignored — port not open
2026-07-06 17:39:38,914  WARNING  PortentaReader      send_command('disarm') ignored — port not open
2026-07-06 17:39:38,976  WARNING  PortentaReader      send_command('disarm') ignored — port not open
2026-07-06 17:39:39,037  WARNING  PortentaReader      send_command('disarm') ignored — port not open
2026-07-06 17:39:39,098  WARNING  PortentaReader      send_command('disarm') ignored — port not open
2026-07-06 17:39:39,160  WARNING  PortentaReader      send_command('disarm') ignored — port not open
2026-07-06 17:39:39,237  WARNING  PortentaReader      send_command('disarm') ignored — port not open
2026-07-06 17:39:39,285  WARNING  PortentaReader      send_command('disarm') ignored — port not open
2026-07-06 17:39:39,348  WARNING  PortentaReader      send_command('disarm') ignored — port not open
2026-07-06 17:39:39,410  WARNING  PortentaReader      send_command('disarm') ignored — port not open
2026-07-06 17:39:39,485  WARNING  RecordingCore       HEALTH WARNING: LCR silent 105.1s — no new samples (auxiliary; other instruments still recording)
2026-07-06 17:39:39,486  WARNING  PortentaReader      send_command('disarm') ignored — port not open
2026-07-06 17:39:39,547  WARNING  PortentaReader      send_command('disarm') ignored — port not open
2026-07-06 17:39:39,608  WARNING  PortentaReader      send_command('disarm') ignored — port not open
2026-07-06 17:39:39,671  WARNING  PortentaReader      send_command('disarm') ignored — port not open
2026-07-06 17:39:39,731  WARNING  PortentaReader      send_command('disarm') ignored — port not open
2026-07-06 17:39:39,792  WARNING  PortentaReader      send_command('disarm') ignored — port not open
2026-07-06 17:39:39,853  WARNING  PortentaReader      send_command('disarm') ignored — port not open
2026-07-06 17:39:39,916  WARNING  PortentaReader      send_command('disarm') ignored — port not open
2026-07-06 17:39:39,976  WARNING  PortentaReader      send_command('disarm') ignored — port not open
2026-07-06 17:39:40,038  WARNING  PortentaReader      send_command('disarm') ignored — port not open
2026-07-06 17:39:40,099  WARNING  PortentaReader      send_command('disarm') ignored — port not open
2026-07-06 17:39:40,160  WARNING  PortentaReader      send_command('disarm') ignored — port not open
2026-07-06 17:39:40,236  WARNING  PortentaReader      send_command('disarm') ignored — port not open
2026-07-06 17:39:40,298  WARNING  PortentaReader      send_command('disarm') ignored — port not open
2026-07-06 17:39:40,360  WARNING  PortentaReader      send_command('disarm') ignored — port not open
2026-07-06 17:39:40,420  WARNING  PortentaReader      send_command('disarm') ignored — port not open
2026-07-06 17:39:40,482  WARNING  PortentaReader      send_command('disarm') ignored — port not open
2026-07-06 17:39:40,544  WARNING  PortentaReader      send_command('disarm') ignored — port not open
2026-07-06 17:39:40,606  WARNING  PortentaReader      send_command('disarm') ignored — port not open
2026-07-06 17:39:40,668  WARNING  PortentaReader      send_command('disarm') ignored — port not open
2026-07-06 17:39:40,728  WARNING  PortentaReader      send_command('disarm') ignored — port not open
2026-07-06 17:39:40,788  WARNING  PortentaReader      send_command('disarm') ignored — port not open
2026-07-06 17:39:40,849  WARNING  PortentaReader      send_command('disarm') ignored — port not open
2026-07-06 17:39:40,911  WARNING  PortentaReader      send_command('disarm') ignored — port not open
2026-07-06 17:39:40,972  WARNING  PortentaReader      send_command('disarm') ignored — port not open
2026-07-06 17:39:41,035  WARNING  PortentaReader      send_command('disarm') ignored — port not open
2026-07-06 17:39:41,097  WARNING  PortentaReader      send_command('disarm') ignored — port not open
2026-07-06 17:39:41,174  WARNING  PortentaReader      send_command('disarm') ignored — port not open
2026-07-06 17:39:41,234  WARNING  PortentaReader      send_command('disarm') ignored — port not open
2026-07-06 17:39:41,295  WARNING  PortentaReader      send_command('disarm') ignored — port not open
2026-07-06 17:39:41,356  WARNING  PortentaReader      send_command('disarm') ignored — port not open
2026-07-06 17:39:41,417  WARNING  PortentaReader      send_command('disarm') ignored — port not open
2026-07-06 17:39:41,479  WARNING  RecordingCore       HEALTH WARNING: LCR silent 107.1s — no new samples (auxiliary; other instruments still recording)
2026-07-06 17:39:41,479  WARNING  PortentaReader      send_command('disarm') ignored — port not open
2026-07-06 17:39:41,540  WARNING  PortentaReader      send_command('disarm') ignored — port not open
2026-07-06 17:39:41,601  WARNING  PortentaReader      send_command('disarm') ignored — port not open
2026-07-06 17:39:41,664  WARNING  PortentaReader      send_command('disarm') ignored — port not open
2026-07-06 17:39:41,724  WARNING  PortentaReader      send_command('disarm') ignored — port not open
2026-07-06 17:39:41,785  WARNING  PortentaReader      send_command('disarm') ignored — port not open
2026-07-06 17:39:41,862  WARNING  PortentaReader      send_command('disarm') ignored — port not open
2026-07-06 17:39:41,923  WARNING  PortentaReader      send_command('disarm') ignored — port not open
2026-07-06 17:39:41,985  WARNING  PortentaReader      send_command('disarm') ignored — port not open
2026-07-06 17:39:42,047  WARNING  PortentaReader      send_command('disarm') ignored — port not open
2026-07-06 17:39:42,108  WARNING  PortentaReader      send_command('disarm') ignored — port not open
2026-07-06 17:39:42,169  WARNING  PortentaReader      send_command('disarm') ignored — port not open
2026-07-06 17:39:42,231  WARNING  PortentaReader      send_command('disarm') ignored — port not open
2026-07-06 17:39:42,292  WARNING  PortentaReader      send_command('disarm') ignored — port not open
2026-07-06 17:39:42,353  WARNING  PortentaReader      send_command('disarm') ignored — port not open
2026-07-06 17:39:42,414  WARNING  PortentaReader      send_command('disarm') ignored — port not open
2026-07-06 17:39:42,475  WARNING  PortentaReader      send_command('disarm') ignored — port not open
2026-07-06 17:39:42,538  WARNING  PortentaReader      send_command('disarm') ignored — port not open
2026-07-06 17:39:42,598  WARNING  PortentaReader      send_command('disarm') ignored — port not open
2026-07-06 17:39:42,662  WARNING  PortentaReader      send_command('disarm') ignored — port not open
2026-07-06 17:39:42,722  WARNING  PortentaReader      send_command('disarm') ignored — port not open
2026-07-06 17:39:42,785  WARNING  PortentaReader      send_command('disarm') ignored — port not open
2026-07-06 17:39:42,860  WARNING  PortentaReader      send_command('disarm') ignored — port not open
2026-07-06 17:39:42,922  WARNING  PortentaReader      send_command('disarm') ignored — port not open
2026-07-06 17:39:42,984  WARNING  PortentaReader      send_command('disarm') ignored — port not open
2026-07-06 17:39:43,044  WARNING  PortentaReader      send_command('disarm') ignored — port not open
2026-07-06 17:39:43,105  WARNING  PortentaReader      send_command('disarm') ignored — port not open
2026-07-06 17:39:43,167  WARNING  PortentaReader      send_command('disarm') ignored — port not open
2026-07-06 17:39:43,229  WARNING  PortentaReader      send_command('disarm') ignored — port not open
2026-07-06 17:39:43,291  WARNING  PortentaReader      send_command('disarm') ignored — port not open
2026-07-06 17:39:43,352  WARNING  PortentaReader      send_command('disarm') ignored — port not open
2026-07-06 17:39:43,414  WARNING  PortentaReader      send_command('disarm') ignored — port not open
2026-07-06 17:39:43,474  WARNING  RecordingCore       HEALTH WARNING: LCR silent 109.1s — no new samples (auxiliary; other instruments still recording)
2026-07-06 17:39:43,476  WARNING  PortentaReader      send_command('disarm') ignored — port not open
2026-07-06 17:39:43,537  WARNING  PortentaReader      send_command('disarm') ignored — port not open
2026-07-06 17:39:43,599  WARNING  PortentaReader      send_command('disarm') ignored — port not open
2026-07-06 17:39:43,661  WARNING  PortentaReader      send_command('disarm') ignored — port not open
2026-07-06 17:39:43,722  WARNING  PortentaReader      send_command('disarm') ignored — port not open
2026-07-06 17:39:43,785  WARNING  PortentaReader      send_command('disarm') ignored — port not open
2026-07-06 17:39:43,860  WARNING  PortentaReader      send_command('disarm') ignored — port not open
2026-07-06 17:39:43,921  WARNING  PortentaReader      send_command('disarm') ignored — port not open
2026-07-06 17:39:43,984  WARNING  PortentaReader      send_command('disarm') ignored — port not open
2026-07-06 17:39:44,045  WARNING  PortentaReader      send_command('disarm') ignored — port not open
2026-07-06 17:39:44,106  WARNING  PortentaReader      send_command('disarm') ignored — port not open
2026-07-06 17:39:44,168  WARNING  PortentaReader      send_command('disarm') ignored — port not open
2026-07-06 17:39:44,229  WARNING  PortentaReader      send_command('disarm') ignored — port not open
2026-07-06 17:39:44,291  WARNING  PortentaReader      send_command('disarm') ignored — port not open
2026-07-06 17:39:44,351  WARNING  PortentaReader      send_command('disarm') ignored — port not open
2026-07-06 17:39:44,413  WARNING  PortentaReader      send_command('disarm') ignored — port not open
2026-07-06 17:39:44,473  WARNING  PortentaReader      send_command('disarm') ignored — port not open
2026-07-06 17:39:44,535  WARNING  PortentaReader      send_command('disarm') ignored — port not open
2026-07-06 17:39:44,597  WARNING  PortentaReader      send_command('disarm') ignored — port not open
2026-07-06 17:39:44,675  WARNING  PortentaReader      send_command('disarm') ignored — port not open
2026-07-06 17:39:44,752  WARNING  PortentaReader      send_command('disarm') ignored — port not open
2026-07-06 17:39:44,813  WARNING  PortentaReader      send_command('disarm') ignored — port not open
2026-07-06 17:39:44,875  WARNING  PortentaReader      send_command('disarm') ignored — port not open
2026-07-06 17:39:44,936  WARNING  PortentaReader      send_command('disarm') ignored — port not open
2026-07-06 17:39:44,997  WARNING  PortentaReader      send_command('disarm') ignored — port not open
2026-07-06 17:39:45,059  WARNING  PortentaReader      send_command('disarm') ignored — port not open
2026-07-06 17:39:45,121  WARNING  PortentaReader      send_command('disarm') ignored — port not open
2026-07-06 17:39:45,183  WARNING  PortentaReader      send_command('disarm') ignored — port not open
2026-07-06 17:39:45,244  WARNING  PortentaReader      send_command('disarm') ignored — port not open
2026-07-06 17:39:45,305  WARNING  PortentaReader      send_command('disarm') ignored — port not open
2026-07-06 17:39:45,367  WARNING  PortentaReader      send_command('disarm') ignored — port not open
2026-07-06 17:39:45,429  WARNING  PortentaReader      send_command('disarm') ignored — port not open
2026-07-06 17:39:45,490  WARNING  RecordingCore       HEALTH WARNING: LCR silent 111.1s — no new samples (auxiliary; other instruments still recording)
2026-07-06 17:39:45,491  WARNING  PortentaReader      send_command('disarm') ignored — port not open
2026-07-06 17:39:45,565  WARNING  PortentaReader      send_command('disarm') ignored — port not open
2026-07-06 17:39:45,628  WARNING  PortentaReader      send_command('disarm') ignored — port not open
2026-07-06 17:39:45,690  WARNING  PortentaReader      send_command('disarm') ignored — port not open
2026-07-06 17:39:45,751  WARNING  PortentaReader      send_command('disarm') ignored — port not open
2026-07-06 17:39:45,812  WARNING  PortentaReader      send_command('disarm') ignored — port not open
2026-07-06 17:39:45,873  WARNING  PortentaReader      send_command('disarm') ignored — port not open
2026-07-06 17:39:45,934  WARNING  PortentaReader      send_command('disarm') ignored — port not open
2026-07-06 17:39:45,995  WARNING  PortentaReader      send_command('disarm') ignored — port not open
2026-07-06 17:39:46,056  WARNING  PortentaReader      send_command('disarm') ignored — port not open
2026-07-06 17:39:46,117  WARNING  PortentaReader      send_command('disarm') ignored — port not open
2026-07-06 17:39:46,179  WARNING  PortentaReader      send_command('disarm') ignored — port not open
2026-07-06 17:39:46,241  WARNING  PortentaReader      send_command('disarm') ignored — port not open
2026-07-06 17:39:46,302  WARNING  PortentaReader      send_command('disarm') ignored — port not open
2026-07-06 17:39:46,365  WARNING  PortentaReader      send_command('disarm') ignored — port not open
2026-07-06 17:39:46,427  WARNING  PortentaReader      send_command('disarm') ignored — port not open
2026-07-06 17:39:46,503  WARNING  PortentaReader      send_command('disarm') ignored — port not open
2026-07-06 17:39:46,565  WARNING  PortentaReader      send_command('disarm') ignored — port not open
2026-07-06 17:39:46,627  WARNING  PortentaReader      send_command('disarm') ignored — port not open
2026-07-06 17:39:46,689  WARNING  PortentaReader      send_command('disarm') ignored — port not open
2026-07-06 17:39:46,751  WARNING  PortentaReader      send_command('disarm') ignored — port not open
2026-07-06 17:39:46,813  WARNING  PortentaReader      send_command('disarm') ignored — port not open
2026-07-06 17:39:46,873  WARNING  PortentaReader      send_command('disarm') ignored — port not open
2026-07-06 17:39:46,933  WARNING  PortentaReader      send_command('disarm') ignored — port not open
2026-07-06 17:39:46,995  WARNING  PortentaReader      send_command('disarm') ignored — port not open
2026-07-06 17:39:47,057  WARNING  PortentaReader      send_command('disarm') ignored — port not open
2026-07-06 17:39:47,118  WARNING  PortentaReader      send_command('disarm') ignored — port not open
2026-07-06 17:39:47,179  WARNING  PortentaReader      send_command('disarm') ignored — port not open
2026-07-06 17:39:47,241  WARNING  PortentaReader      send_command('disarm') ignored — port not open
2026-07-06 17:39:47,303  WARNING  PortentaReader      send_command('disarm') ignored — port not open
2026-07-06 17:39:47,365  WARNING  PortentaReader      send_command('disarm') ignored — port not open
2026-07-06 17:39:47,427  WARNING  PortentaReader      send_command('disarm') ignored — port not open
2026-07-06 17:39:47,488  WARNING  RecordingCore       HEALTH WARNING: LCR silent 113.1s — no new samples (auxiliary; other instruments still recording)
2026-07-06 17:39:47,489  WARNING  PortentaReader      send_command('disarm') ignored — port not open
2026-07-06 17:39:47,564  WARNING  PortentaReader      send_command('disarm') ignored — port not open
2026-07-06 17:39:47,626  WARNING  PortentaReader      send_command('disarm') ignored — port not open
2026-07-06 17:39:47,687  WARNING  PortentaReader      send_command('disarm') ignored — port not open
2026-07-06 17:39:47,749  WARNING  PortentaReader      send_command('disarm') ignored — port not open
2026-07-06 17:39:47,810  WARNING  PortentaReader      send_command('disarm') ignored — port not open
2026-07-06 17:39:47,871  WARNING  PortentaReader      send_command('disarm') ignored — port not open
2026-07-06 17:39:47,931  WARNING  PortentaReader      send_command('disarm') ignored — port not open
2026-07-06 17:39:47,991  WARNING  PortentaReader      send_command('disarm') ignored — port not open
2026-07-06 17:39:48,053  WARNING  PortentaReader      send_command('disarm') ignored — port not open
2026-07-06 17:39:48,115  WARNING  PortentaReader      send_command('disarm') ignored — port not open
2026-07-06 17:39:48,191  WARNING  PortentaReader      send_command('disarm') ignored — port not open
2026-07-06 17:39:48,253  WARNING  PortentaReader      send_command('disarm') ignored — port not open
2026-07-06 17:39:48,313  WARNING  PortentaReader      send_command('disarm') ignored — port not open
2026-07-06 17:39:48,375  WARNING  PortentaReader      send_command('disarm') ignored — port not open
2026-07-06 17:39:48,438  WARNING  PortentaReader      send_command('disarm') ignored — port not open
2026-07-06 17:39:48,499  WARNING  PortentaReader      send_command('disarm') ignored — port not open
2026-07-06 17:39:48,560  WARNING  PortentaReader      send_command('disarm') ignored — port not open
2026-07-06 17:39:48,622  WARNING  PortentaReader      send_command('disarm') ignored — port not open
2026-07-06 17:39:48,683  WARNING  PortentaReader      send_command('disarm') ignored — port not open
2026-07-06 17:39:48,745  WARNING  PortentaReader      send_command('disarm') ignored — port not open
2026-07-06 17:39:48,807  WARNING  PortentaReader      send_command('disarm') ignored — port not open
2026-07-06 17:39:48,868  WARNING  PortentaReader      send_command('disarm') ignored — port not open
2026-07-06 17:39:48,929  WARNING  PortentaReader      send_command('disarm') ignored — port not open
2026-07-06 17:39:48,991  WARNING  PortentaReader      send_command('disarm') ignored — port not open
2026-07-06 17:39:49,053  WARNING  PortentaReader      send_command('disarm') ignored — port not open
2026-07-06 17:39:49,114  WARNING  PortentaReader      send_command('disarm') ignored — port not open
2026-07-06 17:39:49,175  WARNING  PortentaReader      send_command('disarm') ignored — port not open
2026-07-06 17:39:49,252  WARNING  PortentaReader      send_command('disarm') ignored — port not open
2026-07-06 17:39:49,313  WARNING  PortentaReader      send_command('disarm') ignored — port not open
2026-07-06 17:39:49,373  WARNING  PortentaReader      send_command('disarm') ignored — port not open
2026-07-06 17:39:49,435  WARNING  PortentaReader      send_command('disarm') ignored — port not open
2026-07-06 17:39:49,495  WARNING  RecordingCore       HEALTH WARNING: LCR silent 115.1s — no new samples (auxiliary; other instruments still recording)
2026-07-06 17:39:49,496  WARNING  PortentaReader      send_command('disarm') ignored — port not open
2026-07-06 17:39:49,558  WARNING  PortentaReader      send_command('disarm') ignored — port not open
2026-07-06 17:39:49,620  WARNING  PortentaReader      send_command('disarm') ignored — port not open
2026-07-06 17:39:49,681  WARNING  PortentaReader      send_command('disarm') ignored — port not open
2026-07-06 17:39:49,743  WARNING  PortentaReader      send_command('disarm') ignored — port not open
2026-07-06 17:39:49,804  WARNING  PortentaReader      send_command('disarm') ignored — port not open
2026-07-06 17:39:49,866  WARNING  PortentaReader      send_command('disarm') ignored — port not open
2026-07-06 17:39:49,928  WARNING  PortentaReader      send_command('disarm') ignored — port not open
2026-07-06 17:39:49,991  WARNING  PortentaReader      send_command('disarm') ignored — port not open
2026-07-06 17:39:50,051  WARNING  PortentaReader      send_command('disarm') ignored — port not open
2026-07-06 17:39:50,113  WARNING  PortentaReader      send_command('disarm') ignored — port not open
2026-07-06 17:39:50,175  WARNING  PortentaReader      send_command('disarm') ignored — port not open
2026-07-06 17:39:50,251  WARNING  PortentaReader      send_command('disarm') ignored — port not open
2026-07-06 17:39:50,313  WARNING  PortentaReader      send_command('disarm') ignored — port not open
2026-07-06 17:39:50,372  WARNING  PortentaReader      send_command('disarm') ignored — port not open
2026-07-06 17:39:50,435  WARNING  PortentaReader      send_command('disarm') ignored — port not open
2026-07-06 17:39:50,495  WARNING  PortentaReader      send_command('disarm') ignored — port not open
2026-07-06 17:39:50,556  WARNING  PortentaReader      send_command('disarm') ignored — port not open
2026-07-06 17:39:50,618  WARNING  PortentaReader      send_command('disarm') ignored — port not open
2026-07-06 17:39:50,681  WARNING  PortentaReader      send_command('disarm') ignored — port not open
2026-07-06 17:39:50,740  WARNING  PortentaReader      send_command('disarm') ignored — port not open
2026-07-06 17:39:50,803  WARNING  PortentaReader      send_command('disarm') ignored — port not open
2026-07-06 17:39:50,864  WARNING  PortentaReader      send_command('disarm') ignored — port not open
2026-07-06 17:39:50,927  WARNING  PortentaReader      send_command('disarm') ignored — port not open
2026-07-06 17:39:50,988  WARNING  PortentaReader      send_command('disarm') ignored — port not open
2026-07-06 17:39:51,065  WARNING  PortentaReader      send_command('disarm') ignored — port not open
2026-07-06 17:39:51,126  WARNING  PortentaReader      send_command('disarm') ignored — port not open
2026-07-06 17:39:51,187  WARNING  PortentaReader      send_command('disarm') ignored — port not open
2026-07-06 17:39:51,248  WARNING  PortentaReader      send_command('disarm') ignored — port not open
2026-07-06 17:39:51,310  WARNING  PortentaReader      send_command('disarm') ignored — port not open
2026-07-06 17:39:51,370  WARNING  PortentaReader      send_command('disarm') ignored — port not open
2026-07-06 17:39:51,431  WARNING  PortentaReader      send_command('disarm') ignored — port not open
2026-07-06 17:39:51,492  WARNING  RecordingCore       HEALTH WARNING: LCR silent 117.1s — no new samples (auxiliary; other instruments still recording)
2026-07-06 17:39:51,494  WARNING  PortentaReader      send_command('disarm') ignored — port not open
2026-07-06 17:39:51,554  WARNING  PortentaReader      send_command('disarm') ignored — port not open
2026-07-06 17:39:51,615  WARNING  PortentaReader      send_command('disarm') ignored — port not open
2026-07-06 17:39:51,676  WARNING  PortentaReader      send_command('disarm') ignored — port not open
2026-07-06 17:39:51,739  WARNING  PortentaReader      send_command('disarm') ignored — port not open
2026-07-06 17:39:51,801  WARNING  PortentaReader      send_command('disarm') ignored — port not open
2026-07-06 17:39:51,862  WARNING  PortentaReader      send_command('disarm') ignored — port not open
2026-07-06 17:39:51,940  WARNING  PortentaReader      send_command('disarm') ignored — port not open
2026-07-06 17:39:52,001  WARNING  PortentaReader      send_command('disarm') ignored — port not open
2026-07-06 17:39:52,062  WARNING  PortentaReader      send_command('disarm') ignored — port not open
2026-07-06 17:39:52,124  WARNING  PortentaReader      send_command('disarm') ignored — port not open
2026-07-06 17:39:52,185  WARNING  PortentaReader      send_command('disarm') ignored — port not open
2026-07-06 17:39:52,244  WARNING  PortentaReader      send_command('disarm') ignored — port not open
2026-07-06 17:39:52,307  WARNING  PortentaReader      send_command('disarm') ignored — port not open
2026-07-06 17:39:52,368  WARNING  PortentaReader      send_command('disarm') ignored — port not open
2026-07-06 17:39:52,430  WARNING  PortentaReader      send_command('disarm') ignored — port not open
2026-07-06 17:39:52,492  WARNING  PortentaReader      send_command('disarm') ignored — port not open
2026-07-06 17:39:52,552  WARNING  PortentaReader      send_command('disarm') ignored — port not open
2026-07-06 17:39:52,612  WARNING  PortentaReader      send_command('disarm') ignored — port not open
2026-07-06 17:39:52,688  WARNING  PortentaReader      send_command('disarm') ignored — port not open
2026-07-06 17:39:52,749  WARNING  PortentaReader      send_command('disarm') ignored — port not open
2026-07-06 17:39:52,811  WARNING  PortentaReader      send_command('disarm') ignored — port not open
2026-07-06 17:39:52,873  WARNING  PortentaReader      send_command('disarm') ignored — port not open
2026-07-06 17:39:52,935  WARNING  PortentaReader      send_command('disarm') ignored — port not open
2026-07-06 17:39:52,996  WARNING  PortentaReader      send_command('disarm') ignored — port not open
2026-07-06 17:39:53,057  WARNING  PortentaReader      send_command('disarm') ignored — port not open
2026-07-06 17:39:53,118  WARNING  PortentaReader      send_command('disarm') ignored — port not open
2026-07-06 17:39:53,180  WARNING  PortentaReader      send_command('disarm') ignored — port not open
2026-07-06 17:39:53,241  WARNING  PortentaReader      send_command('disarm') ignored — port not open
2026-07-06 17:39:53,303  WARNING  PortentaReader      send_command('disarm') ignored — port not open
2026-07-06 17:39:53,364  WARNING  PortentaReader      send_command('disarm') ignored — port not open
2026-07-06 17:39:53,426  WARNING  PortentaReader      send_command('disarm') ignored — port not open
2026-07-06 17:39:53,503  WARNING  RecordingCore       HEALTH WARNING: LCR silent 119.1s — no new samples (auxiliary; other instruments still recording)
2026-07-06 17:39:53,503  WARNING  PortentaReader      send_command('disarm') ignored — port not open
2026-07-06 17:39:53,565  WARNING  PortentaReader      send_command('disarm') ignored — port not open
2026-07-06 17:39:53,625  WARNING  PortentaReader      send_command('disarm') ignored — port not open
2026-07-06 17:39:53,688  WARNING  PortentaReader      send_command('disarm') ignored — port not open
2026-07-06 17:39:53,751  WARNING  PortentaReader      send_command('disarm') ignored — port not open
2026-07-06 17:39:53,812  WARNING  PortentaReader      send_command('disarm') ignored — port not open
2026-07-06 17:39:53,874  WARNING  PortentaReader      send_command('disarm') ignored — port not open
2026-07-06 17:39:53,936  WARNING  PortentaReader      send_command('disarm') ignored — port not open
2026-07-06 17:39:53,998  WARNING  PortentaReader      send_command('disarm') ignored — port not open
2026-07-06 17:39:54,058  WARNING  PortentaReader      send_command('disarm') ignored — port not open
2026-07-06 17:39:54,120  WARNING  PortentaReader      send_command('disarm') ignored — port not open
2026-07-06 17:39:54,182  WARNING  PortentaReader      send_command('disarm') ignored — port not open
2026-07-06 17:39:54,246  WARNING  PortentaReader      send_command('disarm') ignored — port not open
2026-07-06 17:39:54,308  WARNING  PortentaReader      send_command('disarm') ignored — port not open
2026-07-06 17:39:54,369  WARNING  PortentaReader      send_command('disarm') ignored — port not open
2026-07-06 17:39:54,430  WARNING  PortentaReader      send_command('disarm') ignored — port not open
2026-07-06 17:39:54,492  WARNING  PortentaReader      send_command('disarm') ignored — port not open
2026-07-06 17:39:54,554  WARNING  PortentaReader      send_command('disarm') ignored — port not open
2026-07-06 17:39:54,615  WARNING  PortentaReader      send_command('disarm') ignored — port not open
2026-07-06 17:39:54,676  WARNING  PortentaReader      send_command('disarm') ignored — port not open
2026-07-06 17:39:54,737  WARNING  PortentaReader      send_command('disarm') ignored — port not open
2026-07-06 17:39:54,814  WARNING  PortentaReader      send_command('disarm') ignored — port not open
2026-07-06 17:39:54,876  WARNING  PortentaReader      send_command('disarm') ignored — port not open
2026-07-06 17:39:54,937  WARNING  PortentaReader      send_command('disarm') ignored — port not open
2026-07-06 17:39:54,999  WARNING  PortentaReader      send_command('disarm') ignored — port not open
2026-07-06 17:39:55,059  WARNING  PortentaReader      send_command('disarm') ignored — port not open
2026-07-06 17:39:55,121  WARNING  PortentaReader      send_command('disarm') ignored — port not open
2026-07-06 17:39:55,182  WARNING  PortentaReader      send_command('disarm') ignored — port not open
2026-07-06 17:39:55,243  WARNING  PortentaReader      send_command('disarm') ignored — port not open
2026-07-06 17:39:55,305  WARNING  PortentaReader      send_command('disarm') ignored — port not open
2026-07-06 17:39:55,366  WARNING  PortentaReader      send_command('disarm') ignored — port not open
2026-07-06 17:39:55,428  WARNING  PortentaReader      send_command('disarm') ignored — port not open
2026-07-06 17:39:55,489  WARNING  PortentaReader      send_command('disarm') ignored — port not open
2026-07-06 17:39:55,551  WARNING  RecordingCore       HEALTH WARNING: LCR silent 121.2s — no new samples (auxiliary; other instruments still recording)
2026-07-06 17:39:55,551  WARNING  PortentaReader      send_command('disarm') ignored — port not open
2026-07-06 17:39:55,627  WARNING  PortentaReader      send_command('disarm') ignored — port not open
2026-07-06 17:39:55,689  WARNING  PortentaReader      send_command('disarm') ignored — port not open
2026-07-06 17:39:55,751  WARNING  PortentaReader      send_command('disarm') ignored — port not open
2026-07-06 17:39:55,811  WARNING  PortentaReader      send_command('disarm') ignored — port not open
2026-07-06 17:39:55,872  WARNING  PortentaReader      send_command('disarm') ignored — port not open
2026-07-06 17:39:55,934  WARNING  PortentaReader      send_command('disarm') ignored — port not open
2026-07-06 17:39:55,996  WARNING  PortentaReader      send_command('disarm') ignored — port not open
2026-07-06 17:39:56,057  WARNING  PortentaReader      send_command('disarm') ignored — port not open
2026-07-06 17:39:56,121  WARNING  PortentaReader      send_command('disarm') ignored — port not open
2026-07-06 17:39:56,182  WARNING  PortentaReader      send_command('disarm') ignored — port not open
2026-07-06 17:39:56,242  WARNING  PortentaReader      send_command('disarm') ignored — port not open
2026-07-06 17:39:56,303  WARNING  PortentaReader      send_command('disarm') ignored — port not open
2026-07-06 17:39:56,365  WARNING  PortentaReader      send_command('disarm') ignored — port not open
2026-07-06 17:39:56,427  WARNING  PortentaReader      send_command('disarm') ignored — port not open
2026-07-06 17:39:56,489  WARNING  PortentaReader      send_command('disarm') ignored — port not open
2026-07-06 17:39:56,551  WARNING  PortentaReader      send_command('disarm') ignored — port not open
2026-07-06 17:39:56,626  WARNING  PortentaReader      send_command('disarm') ignored — port not open
2026-07-06 17:39:56,689  WARNING  PortentaReader      send_command('disarm') ignored — port not open
2026-07-06 17:39:56,750  WARNING  PortentaReader      send_command('disarm') ignored — port not open
2026-07-06 17:39:56,812  WARNING  PortentaReader      send_command('disarm') ignored — port not open
2026-07-06 17:39:56,872  WARNING  PortentaReader      send_command('disarm') ignored — port not open
2026-07-06 17:39:56,933  WARNING  PortentaReader      send_command('disarm') ignored — port not open
2026-07-06 17:39:56,995  WARNING  PortentaReader      send_command('disarm') ignored — port not open
2026-07-06 17:39:57,056  WARNING  PortentaReader      send_command('disarm') ignored — port not open
2026-07-06 17:39:57,118  WARNING  PortentaReader      send_command('disarm') ignored — port not open
2026-07-06 17:39:57,180  WARNING  PortentaReader      send_command('disarm') ignored — port not open
2026-07-06 17:39:57,242  WARNING  PortentaReader      send_command('disarm') ignored — port not open
2026-07-06 17:39:57,304  WARNING  PortentaReader      send_command('disarm') ignored — port not open
2026-07-06 17:39:57,366  WARNING  PortentaReader      send_command('disarm') ignored — port not open
2026-07-06 17:39:57,427  WARNING  PortentaReader      send_command('disarm') ignored — port not open
2026-07-06 17:39:57,502  WARNING  PortentaReader      send_command('disarm') ignored — port not open
2026-07-06 17:39:57,563  WARNING  RecordingCore       HEALTH WARNING: LCR silent 123.2s — no new samples (auxiliary; other instruments still recording)
2026-07-06 17:39:57,564  WARNING  PortentaReader      send_command('disarm') ignored — port not open
2026-07-06 17:39:57,625  WARNING  PortentaReader      send_command('disarm') ignored — port not open
2026-07-06 17:39:57,686  WARNING  PortentaReader      send_command('disarm') ignored — port not open
2026-07-06 17:39:57,748  WARNING  PortentaReader      send_command('disarm') ignored — port not open
2026-07-06 17:39:57,808  WARNING  PortentaReader      send_command('disarm') ignored — port not open
2026-07-06 17:39:57,870  WARNING  PortentaReader      send_command('disarm') ignored — port not open
2026-07-06 17:39:57,931  WARNING  PortentaReader      send_command('disarm') ignored — port not open
2026-07-06 17:39:57,994  WARNING  PortentaReader      send_command('disarm') ignored — port not open
2026-07-06 17:39:58,056  WARNING  PortentaReader      send_command('disarm') ignored — port not open
2026-07-06 17:39:58,119  WARNING  PortentaReader      send_command('disarm') ignored — port not open
2026-07-06 17:39:58,179  WARNING  PortentaReader      send_command('disarm') ignored — port not open
2026-07-06 17:39:58,240  WARNING  PortentaReader      send_command('disarm') ignored — port not open
2026-07-06 17:39:58,302  WARNING  PortentaReader      send_command('disarm') ignored — port not open
2026-07-06 17:39:58,363  WARNING  PortentaReader      send_command('disarm') ignored — port not open
2026-07-06 17:39:58,440  WARNING  PortentaReader      send_command('disarm') ignored — port not open
2026-07-06 17:39:58,501  WARNING  PortentaReader      send_command('disarm') ignored — port not open
2026-07-06 17:39:58,562  WARNING  PortentaReader      send_command('disarm') ignored — port not open
2026-07-06 17:39:58,624  WARNING  PortentaReader      send_command('disarm') ignored — port not open
2026-07-06 17:39:58,686  WARNING  PortentaReader      send_command('disarm') ignored — port not open
2026-07-06 17:39:58,747  WARNING  PortentaReader      send_command('disarm') ignored — port not open
2026-07-06 17:39:58,808  WARNING  PortentaReader      send_command('disarm') ignored — port not open
2026-07-06 17:39:58,867  WARNING  PortentaReader      send_command('disarm') ignored — port not open
2026-07-06 17:39:58,930  WARNING  PortentaReader      send_command('disarm') ignored — port not open
2026-07-06 17:39:58,991  WARNING  PortentaReader      send_command('disarm') ignored — port not open
2026-07-06 17:39:59,053  WARNING  PortentaReader      send_command('disarm') ignored — port not open
2026-07-06 17:39:59,113  WARNING  PortentaReader      send_command('disarm') ignored — port not open
2026-07-06 17:39:59,175  WARNING  PortentaReader      send_command('disarm') ignored — port not open
2026-07-06 17:39:59,237  WARNING  PortentaReader      send_command('disarm') ignored — port not open
2026-07-06 17:39:59,313  WARNING  PortentaReader      send_command('disarm') ignored — port not open
2026-07-06 17:39:59,374  WARNING  PortentaReader      send_command('disarm') ignored — port not open
2026-07-06 17:39:59,437  WARNING  PortentaReader      send_command('disarm') ignored — port not open
2026-07-06 17:39:59,497  WARNING  PortentaReader      send_command('disarm') ignored — port not open
2026-07-06 17:39:59,559  WARNING  RecordingCore       HEALTH WARNING: LCR silent 125.2s — no new samples (auxiliary; other instruments still recording)
2026-07-06 17:39:59,559  WARNING  PortentaReader      send_command('disarm') ignored — port not open
2026-07-06 17:39:59,620  WARNING  PortentaReader      send_command('disarm') ignored — port not open
2026-07-06 17:39:59,682  WARNING  PortentaReader      send_command('disarm') ignored — port not open
2026-07-06 17:39:59,743  WARNING  PortentaReader      send_command('disarm') ignored — port not open
2026-07-06 17:39:59,804  WARNING  PortentaReader      send_command('disarm') ignored — port not open
2026-07-06 17:39:59,865  WARNING  PortentaReader      send_command('disarm') ignored — port not open
2026-07-06 17:39:59,927  WARNING  PortentaReader      send_command('disarm') ignored — port not open
2026-07-06 17:39:59,987  WARNING  PortentaReader      send_command('disarm') ignored — port not open
2026-07-06 17:40:00,065  WARNING  PortentaReader      send_command('disarm') ignored — port not open
2026-07-06 17:40:00,127  WARNING  PortentaReader      send_command('disarm') ignored — port not open
2026-07-06 17:40:00,188  WARNING  PortentaReader      send_command('disarm') ignored — port not open
2026-07-06 17:40:00,250  WARNING  PortentaReader      send_command('disarm') ignored — port not open
2026-07-06 17:40:00,311  WARNING  PortentaReader      send_command('disarm') ignored — port not open
2026-07-06 17:40:00,374  WARNING  PortentaReader      send_command('disarm') ignored — port not open
2026-07-06 17:40:00,436  WARNING  PortentaReader      send_command('disarm') ignored — port not open
2026-07-06 17:40:00,497  WARNING  PortentaReader      send_command('disarm') ignored — port not open
2026-07-06 17:40:00,558  WARNING  PortentaReader      send_command('disarm') ignored — port not open
2026-07-06 17:40:00,619  WARNING  PortentaReader      send_command('disarm') ignored — port not open
2026-07-06 17:40:00,681  WARNING  PortentaReader      send_command('disarm') ignored — port not open
2026-07-06 17:40:00,741  WARNING  PortentaReader      send_command('disarm') ignored — port not open
2026-07-06 17:40:00,804  WARNING  PortentaReader      send_command('disarm') ignored — port not open
2026-07-06 17:40:00,865  WARNING  PortentaReader      send_command('disarm') ignored — port not open
2026-07-06 17:40:00,928  WARNING  PortentaReader      send_command('disarm') ignored — port not open
2026-07-06 17:40:00,989  WARNING  PortentaReader      send_command('disarm') ignored — port not open
2026-07-06 17:40:01,064  WARNING  PortentaReader      send_command('disarm') ignored — port not open
2026-07-06 17:40:01,125  WARNING  PortentaReader      send_command('disarm') ignored — port not open
2026-07-06 17:40:01,185  WARNING  PortentaReader      send_command('disarm') ignored — port not open
2026-07-06 17:40:01,248  WARNING  PortentaReader      send_command('disarm') ignored — port not open
2026-07-06 17:40:01,309  WARNING  PortentaReader      send_command('disarm') ignored — port not open
2026-07-06 17:40:01,371  WARNING  PortentaReader      send_command('disarm') ignored — port not open
2026-07-06 17:40:01,432  WARNING  PortentaReader      send_command('disarm') ignored — port not open
2026-07-06 17:40:01,493  WARNING  PortentaReader      send_command('disarm') ignored — port not open
2026-07-06 17:40:01,554  WARNING  RecordingCore       HEALTH WARNING: LCR silent 127.2s — no new samples (auxiliary; other instruments still recording)
2026-07-06 17:40:01,555  WARNING  PortentaReader      send_command('disarm') ignored — port not open
2026-07-06 17:40:01,616  WARNING  PortentaReader      send_command('disarm') ignored — port not open
2026-07-06 17:40:01,678  WARNING  PortentaReader      send_command('disarm') ignored — port not open
2026-07-06 17:40:01,740  WARNING  PortentaReader      send_command('disarm') ignored — port not open
2026-07-06 17:40:01,801  WARNING  PortentaReader      send_command('disarm') ignored — port not open
2026-07-06 17:40:01,863  WARNING  PortentaReader      send_command('disarm') ignored — port not open
2026-07-06 17:40:01,938  WARNING  PortentaReader      send_command('disarm') ignored — port not open
2026-07-06 17:40:01,999  WARNING  PortentaReader      send_command('disarm') ignored — port not open
2026-07-06 17:40:02,060  WARNING  PortentaReader      send_command('disarm') ignored — port not open
2026-07-06 17:40:02,120  WARNING  PortentaReader      send_command('disarm') ignored — port not open
2026-07-06 17:40:02,181  WARNING  PortentaReader      send_command('disarm') ignored — port not open
2026-07-06 17:40:02,242  WARNING  PortentaReader      send_command('disarm') ignored — port not open
2026-07-06 17:40:02,303  WARNING  PortentaReader      send_command('disarm') ignored — port not open
2026-07-06 17:40:02,365  WARNING  PortentaReader      send_command('disarm') ignored — port not open
2026-07-06 17:40:02,427  WARNING  PortentaReader      send_command('disarm') ignored — port not open
2026-07-06 17:40:02,488  WARNING  PortentaReader      send_command('disarm') ignored — port not open
2026-07-06 17:40:02,551  WARNING  PortentaReader      send_command('disarm') ignored — port not open
2026-07-06 17:40:02,613  WARNING  PortentaReader      send_command('disarm') ignored — port not open
2026-07-06 17:40:02,690  WARNING  PortentaReader      send_command('disarm') ignored — port not open
2026-07-06 17:40:02,751  WARNING  PortentaReader      send_command('disarm') ignored — port not open
2026-07-06 17:40:02,812  WARNING  PortentaReader      send_command('disarm') ignored — port not open
2026-07-06 17:40:02,873  WARNING  PortentaReader      send_command('disarm') ignored — port not open
2026-07-06 17:40:02,935  WARNING  PortentaReader      send_command('disarm') ignored — port not open
2026-07-06 17:40:02,997  WARNING  PortentaReader      send_command('disarm') ignored — port not open
2026-07-06 17:40:03,058  WARNING  PortentaReader      send_command('disarm') ignored — port not open
2026-07-06 17:40:03,121  WARNING  PortentaReader      send_command('disarm') ignored — port not open
2026-07-06 17:40:03,181  WARNING  PortentaReader      send_command('disarm') ignored — port not open
2026-07-06 17:40:03,242  WARNING  PortentaReader      send_command('disarm') ignored — port not open
2026-07-06 17:40:03,303  WARNING  PortentaReader      send_command('disarm') ignored — port not open
2026-07-06 17:40:03,365  WARNING  PortentaReader      send_command('disarm') ignored — port not open
2026-07-06 17:40:03,426  WARNING  PortentaReader      send_command('disarm') ignored — port not open
2026-07-06 17:40:03,488  WARNING  PortentaReader      send_command('disarm') ignored — port not open
2026-07-06 17:40:03,564  WARNING  RecordingCore       HEALTH WARNING: LCR silent 129.2s — no new samples (auxiliary; other instruments still recording)
2026-07-06 17:40:03,564  WARNING  PortentaReader      send_command('disarm') ignored — port not open
2026-07-06 17:40:03,625  WARNING  PortentaReader      send_command('disarm') ignored — port not open
2026-07-06 17:40:03,686  WARNING  PortentaReader      send_command('disarm') ignored — port not open
2026-07-06 17:40:03,747  WARNING  PortentaReader      send_command('disarm') ignored — port not open
2026-07-06 17:40:03,808  WARNING  PortentaReader      send_command('disarm') ignored — port not open
2026-07-06 17:40:03,870  WARNING  PortentaReader      send_command('disarm') ignored — port not open
2026-07-06 17:40:03,932  WARNING  PortentaReader      send_command('disarm') ignored — port not open
2026-07-06 17:40:03,994  WARNING  PortentaReader      send_command('disarm') ignored — port not open
2026-07-06 17:40:04,055  WARNING  PortentaReader      send_command('disarm') ignored — port not open
2026-07-06 17:40:04,118  WARNING  PortentaReader      send_command('disarm') ignored — port not open
2026-07-06 17:40:04,178  WARNING  PortentaReader      send_command('disarm') ignored — port not open
2026-07-06 17:40:04,239  WARNING  PortentaReader      send_command('disarm') ignored — port not open
2026-07-06 17:40:04,302  WARNING  PortentaReader      send_command('disarm') ignored — port not open
2026-07-06 17:40:04,364  WARNING  PortentaReader      send_command('disarm') ignored — port not open
2026-07-06 17:40:04,426  WARNING  PortentaReader      send_command('disarm') ignored — port not open
2026-07-06 17:40:04,503  WARNING  PortentaReader      send_command('disarm') ignored — port not open
2026-07-06 17:40:04,566  WARNING  PortentaReader      send_command('disarm') ignored — port not open
2026-07-06 17:40:04,643  WARNING  PortentaReader      send_command('disarm') ignored — port not open
2026-07-06 17:40:04,704  WARNING  PortentaReader      send_command('disarm') ignored — port not open
2026-07-06 17:40:04,766  WARNING  PortentaReader      send_command('disarm') ignored — port not open
2026-07-06 17:40:04,827  WARNING  PortentaReader      send_command('disarm') ignored — port not open
2026-07-06 17:40:04,889  WARNING  PortentaReader      send_command('disarm') ignored — port not open
2026-07-06 17:40:04,950  WARNING  PortentaReader      send_command('disarm') ignored — port not open
2026-07-06 17:40:05,011  WARNING  PortentaReader      send_command('disarm') ignored — port not open
2026-07-06 17:40:05,072  WARNING  PortentaReader      send_command('disarm') ignored — port not open
2026-07-06 17:40:05,134  WARNING  PortentaReader      send_command('disarm') ignored — port not open
2026-07-06 17:40:05,196  WARNING  PortentaReader      send_command('disarm') ignored — port not open
2026-07-06 17:40:05,256  WARNING  PortentaReader      send_command('disarm') ignored — port not open
2026-07-06 17:40:05,318  WARNING  PortentaReader      send_command('disarm') ignored — port not open
2026-07-06 17:40:05,381  WARNING  PortentaReader      send_command('disarm') ignored — port not open
2026-07-06 17:40:05,441  WARNING  PortentaReader      send_command('disarm') ignored — port not open
2026-07-06 17:40:05,504  WARNING  PortentaReader      send_command('disarm') ignored — port not open
2026-07-06 17:40:05,581  WARNING  RecordingCore       HEALTH WARNING: LCR silent 131.2s — no new samples (auxiliary; other instruments still recording)
2026-07-06 17:40:05,581  WARNING  PortentaReader      send_command('disarm') ignored — port not open
2026-07-06 17:40:05,638  WARNING  PortentaReader      send_command('disarm') ignored — port not open
2026-07-06 17:40:05,698  WARNING  PortentaReader      send_command('disarm') ignored — port not open
2026-07-06 17:40:05,758  WARNING  PortentaReader      send_command('disarm') ignored — port not open
2026-07-06 17:40:05,826  WARNING  PortentaReader      send_command('disarm') ignored — port not open
2026-07-06 17:40:05,887  WARNING  PortentaReader      send_command('disarm') ignored — port not open
2026-07-06 17:40:05,949  WARNING  PortentaReader      send_command('disarm') ignored — port not open
2026-07-06 17:40:06,010  WARNING  PortentaReader      send_command('disarm') ignored — port not open
2026-07-06 17:40:06,073  WARNING  PortentaReader      send_command('disarm') ignored — port not open
2026-07-06 17:40:06,135  WARNING  PortentaReader      send_command('disarm') ignored — port not open
2026-07-06 17:40:06,195  WARNING  PortentaReader      send_command('disarm') ignored — port not open
2026-07-06 17:40:06,257  WARNING  PortentaReader      send_command('disarm') ignored — port not open
2026-07-06 17:40:06,319  WARNING  PortentaReader      send_command('disarm') ignored — port not open
2026-07-06 17:40:06,382  WARNING  PortentaReader      send_command('disarm') ignored — port not open
2026-07-06 17:40:06,444  WARNING  PortentaReader      send_command('disarm') ignored — port not open
2026-07-06 17:40:06,506  WARNING  PortentaReader      send_command('disarm') ignored — port not open
2026-07-06 17:40:06,567  WARNING  PortentaReader      send_command('disarm') ignored — port not open
2026-07-06 17:40:06,630  WARNING  PortentaReader      send_command('disarm') ignored — port not open
2026-07-06 17:40:06,690  WARNING  PortentaReader      send_command('disarm') ignored — port not open
2026-07-06 17:40:06,768  WARNING  PortentaReader      send_command('disarm') ignored — port not open
2026-07-06 17:40:06,831  WARNING  PortentaReader      send_command('disarm') ignored — port not open
2026-07-06 17:40:06,892  WARNING  PortentaReader      send_command('disarm') ignored — port not open
2026-07-06 17:40:06,953  WARNING  PortentaReader      send_command('disarm') ignored — port not open
2026-07-06 17:40:07,014  WARNING  PortentaReader      send_command('disarm') ignored — port not open
2026-07-06 17:40:07,075  WARNING  PortentaReader      send_command('disarm') ignored — port not open
2026-07-06 17:40:07,137  WARNING  PortentaReader      send_command('disarm') ignored — port not open
2026-07-06 17:40:07,198  WARNING  PortentaReader      send_command('disarm') ignored — port not open
2026-07-06 17:40:07,259  WARNING  PortentaReader      send_command('disarm') ignored — port not open
2026-07-06 17:40:07,321  WARNING  PortentaReader      send_command('disarm') ignored — port not open
2026-07-06 17:40:07,383  WARNING  PortentaReader      send_command('disarm') ignored — port not open
2026-07-06 17:40:07,444  WARNING  PortentaReader      send_command('disarm') ignored — port not open
2026-07-06 17:40:07,506  WARNING  PortentaReader      send_command('disarm') ignored — port not open
2026-07-06 17:40:07,568  WARNING  PortentaReader      send_command('disarm') ignored — port not open
2026-07-06 17:40:07,630  WARNING  RecordingCore       HEALTH WARNING: LCR silent 133.2s — no new samples (auxiliary; other instruments still recording)
2026-07-06 17:40:07,630  WARNING  PortentaReader      send_command('disarm') ignored — port not open
2026-07-06 17:40:07,691  WARNING  PortentaReader      send_command('disarm') ignored — port not open
2026-07-06 17:40:07,761  WARNING  PortentaReader      send_command('disarm') ignored — port not open
2026-07-06 17:40:07,826  WARNING  PortentaReader      send_command('disarm') ignored — port not open
2026-07-06 17:40:07,881  WARNING  PortentaReader      send_command('disarm') ignored — port not open
2026-07-06 17:40:07,949  WARNING  PortentaReader      send_command('disarm') ignored — port not open
2026-07-06 17:40:08,008  WARNING  PortentaReader      send_command('disarm') ignored — port not open
2026-07-06 17:40:08,072  WARNING  PortentaReader      send_command('disarm') ignored — port not open
2026-07-06 17:40:08,134  WARNING  PortentaReader      send_command('disarm') ignored — port not open
2026-07-06 17:40:08,195  WARNING  PortentaReader      send_command('disarm') ignored — port not open
2026-07-06 17:40:08,256  WARNING  PortentaReader      send_command('disarm') ignored — port not open
2026-07-06 17:40:08,318  WARNING  PortentaReader      send_command('disarm') ignored — port not open
2026-07-06 17:40:08,380  WARNING  PortentaReader      send_command('disarm') ignored — port not open
2026-07-06 17:40:08,443  WARNING  PortentaReader      send_command('disarm') ignored — port not open
2026-07-06 17:40:08,511  WARNING  PortentaReader      send_command('disarm') ignored — port not open
2026-07-06 17:40:08,579  WARNING  PortentaReader      send_command('disarm') ignored — port not open
2026-07-06 17:40:08,640  WARNING  PortentaReader      send_command('disarm') ignored — port not open
2026-07-06 17:40:08,702  WARNING  PortentaReader      send_command('disarm') ignored — port not open
2026-07-06 17:40:08,764  WARNING  PortentaReader      send_command('disarm') ignored — port not open
2026-07-06 17:40:08,826  WARNING  PortentaReader      send_command('disarm') ignored — port not open
2026-07-06 17:40:08,886  WARNING  PortentaReader      send_command('disarm') ignored — port not open
2026-07-06 17:40:08,946  WARNING  PortentaReader      send_command('disarm') ignored — port not open
2026-07-06 17:40:09,006  WARNING  PortentaReader      send_command('disarm') ignored — port not open
2026-07-06 17:40:09,071  WARNING  PortentaReader      send_command('disarm') ignored — port not open
2026-07-06 17:40:09,132  WARNING  PortentaReader      send_command('disarm') ignored — port not open
2026-07-06 17:40:09,193  WARNING  PortentaReader      send_command('disarm') ignored — port not open
2026-07-06 17:40:09,256  WARNING  PortentaReader      send_command('disarm') ignored — port not open
2026-07-06 17:40:09,318  WARNING  PortentaReader      send_command('disarm') ignored — port not open
2026-07-06 17:40:09,380  WARNING  PortentaReader      send_command('disarm') ignored — port not open
2026-07-06 17:40:09,441  WARNING  PortentaReader      send_command('disarm') ignored — port not open
2026-07-06 17:40:09,504  WARNING  PortentaReader      send_command('disarm') ignored — port not open
2026-07-06 17:40:09,566  WARNING  PortentaReader      send_command('disarm') ignored — port not open
2026-07-06 17:40:09,643  WARNING  RecordingCore       HEALTH WARNING: LCR silent 135.3s — no new samples (auxiliary; other instruments still recording)
2026-07-06 17:40:09,643  WARNING  PortentaReader      send_command('disarm') ignored — port not open
2026-07-06 17:40:09,705  WARNING  PortentaReader      send_command('disarm') ignored — port not open
2026-07-06 17:40:09,767  WARNING  PortentaReader      send_command('disarm') ignored — port not open
2026-07-06 17:40:09,829  WARNING  PortentaReader      send_command('disarm') ignored — port not open
2026-07-06 17:40:09,892  WARNING  PortentaReader      send_command('disarm') ignored — port not open
2026-07-06 17:40:09,953  WARNING  PortentaReader      send_command('disarm') ignored — port not open
2026-07-06 17:40:10,015  WARNING  PortentaReader      send_command('disarm') ignored — port not open
2026-07-06 17:40:10,077  WARNING  PortentaReader      send_command('disarm') ignored — port not open
2026-07-06 17:40:10,139  WARNING  PortentaReader      send_command('disarm') ignored — port not open
2026-07-06 17:40:10,201  WARNING  PortentaReader      send_command('disarm') ignored — port not open
2026-07-06 17:40:10,262  WARNING  PortentaReader      send_command('disarm') ignored — port not open
2026-07-06 17:40:10,323  WARNING  PortentaReader      send_command('disarm') ignored — port not open
2026-07-06 17:40:10,383  WARNING  PortentaReader      send_command('disarm') ignored — port not open
2026-07-06 17:40:10,445  WARNING  PortentaReader      send_command('disarm') ignored — port not open
2026-07-06 17:40:10,507  WARNING  PortentaReader      send_command('disarm') ignored — port not open
2026-07-06 17:40:10,569  WARNING  PortentaReader      send_command('disarm') ignored — port not open
2026-07-06 17:40:10,630  WARNING  PortentaReader      send_command('disarm') ignored — port not open
2026-07-06 17:40:10,692  WARNING  PortentaReader      send_command('disarm') ignored — port not open
2026-07-06 17:40:10,753  WARNING  PortentaReader      send_command('disarm') ignored — port not open
2026-07-06 17:40:10,830  WARNING  PortentaReader      send_command('disarm') ignored — port not open
2026-07-06 17:40:10,890  WARNING  PortentaReader      send_command('disarm') ignored — port not open
2026-07-06 17:40:10,951  WARNING  PortentaReader      send_command('disarm') ignored — port not open
2026-07-06 17:40:11,013  WARNING  PortentaReader      send_command('disarm') ignored — port not open
2026-07-06 17:40:11,074  WARNING  PortentaReader      send_command('disarm') ignored — port not open
2026-07-06 17:40:11,135  WARNING  PortentaReader      send_command('disarm') ignored — port not open
2026-07-06 17:40:11,198  WARNING  PortentaReader      send_command('disarm') ignored — port not open
2026-07-06 17:40:11,259  WARNING  PortentaReader      send_command('disarm') ignored — port not open
2026-07-06 17:40:11,320  WARNING  PortentaReader      send_command('disarm') ignored — port not open
2026-07-06 17:40:11,381  WARNING  PortentaReader      send_command('disarm') ignored — port not open
2026-07-06 17:40:11,442  WARNING  PortentaReader      send_command('disarm') ignored — port not open
2026-07-06 17:40:11,504  WARNING  PortentaReader      send_command('disarm') ignored — port not open
2026-07-06 17:40:11,567  WARNING  PortentaReader      send_command('disarm') ignored — port not open
2026-07-06 17:40:11,629  WARNING  PortentaReader      send_command('disarm') ignored — port not open
2026-07-06 17:40:11,691  WARNING  RecordingCore       HEALTH WARNING: LCR silent 137.3s — no new samples (auxiliary; other instruments still recording)
2026-07-06 17:40:11,691  WARNING  PortentaReader      send_command('disarm') ignored — port not open
2026-07-06 17:40:11,768  WARNING  PortentaReader      send_command('disarm') ignored — port not open
2026-07-06 17:40:11,830  WARNING  PortentaReader      send_command('disarm') ignored — port not open
2026-07-06 17:40:11,891  WARNING  PortentaReader      send_command('disarm') ignored — port not open
2026-07-06 17:40:11,953  WARNING  PortentaReader      send_command('disarm') ignored — port not open
2026-07-06 17:40:12,014  WARNING  PortentaReader      send_command('disarm') ignored — port not open
2026-07-06 17:40:12,075  WARNING  PortentaReader      send_command('disarm') ignored — port not open
2026-07-06 17:40:12,136  WARNING  PortentaReader      send_command('disarm') ignored — port not open
2026-07-06 17:40:12,197  WARNING  PortentaReader      send_command('disarm') ignored — port not open
2026-07-06 17:40:12,258  WARNING  PortentaReader      send_command('disarm') ignored — port not open
2026-07-06 17:40:12,320  WARNING  PortentaReader      send_command('disarm') ignored — port not open
2026-07-06 17:40:12,382  WARNING  PortentaReader      send_command('disarm') ignored — port not open
2026-07-06 17:40:12,443  WARNING  PortentaReader      send_command('disarm') ignored — port not open
2026-07-06 17:40:12,505  WARNING  PortentaReader      send_command('disarm') ignored — port not open
2026-07-06 17:40:12,566  WARNING  PortentaReader      send_command('disarm') ignored — port not open
2026-07-06 17:40:12,643  WARNING  PortentaReader      send_command('disarm') ignored — port not open
2026-07-06 17:40:12,704  WARNING  PortentaReader      send_command('disarm') ignored — port not open
2026-07-06 17:40:12,765  WARNING  PortentaReader      send_command('disarm') ignored — port not open
2026-07-06 17:40:12,826  WARNING  PortentaReader      send_command('disarm') ignored — port not open
2026-07-06 17:40:12,886  WARNING  PortentaReader      send_command('disarm') ignored — port not open
2026-07-06 17:40:12,947  WARNING  PortentaReader      send_command('disarm') ignored — port not open
2026-07-06 17:40:13,009  WARNING  PortentaReader      send_command('disarm') ignored — port not open
2026-07-06 17:40:13,070  WARNING  PortentaReader      send_command('disarm') ignored — port not open
2026-07-06 17:40:13,132  WARNING  PortentaReader      send_command('disarm') ignored — port not open
2026-07-06 17:40:13,194  WARNING  PortentaReader      send_command('disarm') ignored — port not open
2026-07-06 17:40:13,256  WARNING  PortentaReader      send_command('disarm') ignored — port not open
2026-07-06 17:40:13,317  WARNING  PortentaReader      send_command('disarm') ignored — port not open
2026-07-06 17:40:13,379  WARNING  PortentaReader      send_command('disarm') ignored — port not open
2026-07-06 17:40:13,441  WARNING  PortentaReader      send_command('disarm') ignored — port not open
2026-07-06 17:40:13,505  WARNING  PortentaReader      send_command('disarm') ignored — port not open
2026-07-06 17:40:13,574  WARNING  PortentaReader      send_command('disarm') ignored — port not open
2026-07-06 17:40:13,633  WARNING  PortentaReader      send_command('disarm') ignored — port not open
2026-07-06 17:40:13,693  WARNING  RecordingCore       HEALTH WARNING: LCR silent 139.3s — no new samples (auxiliary; other instruments still recording)
2026-07-06 17:40:13,694  WARNING  PortentaReader      send_command('disarm') ignored — port not open
2026-07-06 17:40:13,763  WARNING  PortentaReader      send_command('disarm') ignored — port not open
2026-07-06 17:40:13,824  WARNING  PortentaReader      send_command('disarm') ignored — port not open
2026-07-06 17:40:13,885  WARNING  PortentaReader      send_command('disarm') ignored — port not open
2026-07-06 17:40:13,947  WARNING  PortentaReader      send_command('disarm') ignored — port not open
2026-07-06 17:40:14,008  WARNING  PortentaReader      send_command('disarm') ignored — port not open
2026-07-06 17:40:14,069  WARNING  PortentaReader      send_command('disarm') ignored — port not open
2026-07-06 17:40:14,132  WARNING  PortentaReader      send_command('disarm') ignored — port not open
2026-07-06 17:40:14,192  WARNING  PortentaReader      send_command('disarm') ignored — port not open
2026-07-06 17:40:14,254  WARNING  PortentaReader      send_command('disarm') ignored — port not open
2026-07-06 17:40:14,316  WARNING  PortentaReader      send_command('disarm') ignored — port not open
2026-07-06 17:40:14,384  WARNING  PortentaReader      send_command('disarm') ignored — port not open
2026-07-06 17:40:14,444  WARNING  PortentaReader      send_command('disarm') ignored — port not open
2026-07-06 17:40:14,511  WARNING  PortentaReader      send_command('disarm') ignored — port not open
2026-07-06 17:40:14,570  WARNING  PortentaReader      send_command('disarm') ignored — port not open
2026-07-06 17:40:14,630  WARNING  PortentaReader      send_command('disarm') ignored — port not open
2026-07-06 17:40:14,699  WARNING  PortentaReader      send_command('disarm') ignored — port not open
2026-07-06 17:40:14,762  WARNING  PortentaReader      send_command('disarm') ignored — port not open
2026-07-06 17:40:14,823  WARNING  PortentaReader      send_command('disarm') ignored — port not open
2026-07-06 17:40:14,885  WARNING  PortentaReader      send_command('disarm') ignored — port not open
2026-07-06 17:40:14,945  WARNING  PortentaReader      send_command('disarm') ignored — port not open
2026-07-06 17:40:15,004  WARNING  PortentaReader      send_command('disarm') ignored — port not open
2026-07-06 17:40:15,068  WARNING  PortentaReader      send_command('disarm') ignored — port not open
2026-07-06 17:40:15,130  WARNING  PortentaReader      send_command('disarm') ignored — port not open
2026-07-06 17:40:15,192  WARNING  PortentaReader      send_command('disarm') ignored — port not open
2026-07-06 17:40:15,255  WARNING  PortentaReader      send_command('disarm') ignored — port not open
2026-07-06 17:40:15,316  WARNING  PortentaReader      send_command('disarm') ignored — port not open
2026-07-06 17:40:15,379  WARNING  PortentaReader      send_command('disarm') ignored — port not open
2026-07-06 17:40:15,441  WARNING  PortentaReader      send_command('disarm') ignored — port not open
2026-07-06 17:40:15,517  WARNING  PortentaReader      send_command('disarm') ignored — port not open
2026-07-06 17:40:15,580  WARNING  PortentaReader      send_command('disarm') ignored — port not open
2026-07-06 17:40:15,640  WARNING  PortentaReader      send_command('disarm') ignored — port not open
2026-07-06 17:40:15,702  WARNING  RecordingCore       HEALTH WARNING: LCR silent 141.3s — no new samples (auxiliary; other instruments still recording)
2026-07-06 17:40:15,702  WARNING  PortentaReader      send_command('disarm') ignored — port not open
2026-07-06 17:40:15,763  WARNING  PortentaReader      send_command('disarm') ignored — port not open
2026-07-06 17:40:15,824  WARNING  PortentaReader      send_command('disarm') ignored — port not open
2026-07-06 17:40:15,886  WARNING  PortentaReader      send_command('disarm') ignored — port not open
2026-07-06 17:40:15,948  WARNING  PortentaReader      send_command('disarm') ignored — port not open
2026-07-06 17:40:16,010  WARNING  PortentaReader      send_command('disarm') ignored — port not open
2026-07-06 17:40:16,070  WARNING  PortentaReader      send_command('disarm') ignored — port not open
2026-07-06 17:40:16,130  WARNING  PortentaReader      send_command('disarm') ignored — port not open
2026-07-06 17:40:16,193  WARNING  PortentaReader      send_command('disarm') ignored — port not open
2026-07-06 17:40:16,259  WARNING  PortentaReader      send_command('disarm') ignored — port not open
2026-07-06 17:40:16,330  WARNING  PortentaReader      send_command('disarm') ignored — port not open
2026-07-06 17:40:16,392  WARNING  PortentaReader      send_command('disarm') ignored — port not open
2026-07-06 17:40:16,452  WARNING  PortentaReader      send_command('disarm') ignored — port not open
2026-07-06 17:40:16,506  WARNING  PortentaReader      send_command('disarm') ignored — port not open
2026-07-06 17:40:16,573  WARNING  PortentaReader      send_command('disarm') ignored — port not open
2026-07-06 17:40:16,633  WARNING  PortentaReader      send_command('disarm') ignored — port not open
2026-07-06 17:40:16,694  WARNING  PortentaReader      send_command('disarm') ignored — port not open
2026-07-06 17:40:16,760  WARNING  PortentaReader      send_command('disarm') ignored — port not open
2026-07-06 17:40:16,822  WARNING  PortentaReader      send_command('disarm') ignored — port not open
2026-07-06 17:40:16,880  WARNING  PortentaReader      send_command('disarm') ignored — port not open
2026-07-06 17:40:16,947  WARNING  PortentaReader      send_command('disarm') ignored — port not open
2026-07-06 17:40:17,008  WARNING  PortentaReader      send_command('disarm') ignored — port not open
2026-07-06 17:40:17,068  WARNING  PortentaReader      send_command('disarm') ignored — port not open
2026-07-06 17:40:17,129  WARNING  PortentaReader      send_command('disarm') ignored — port not open
2026-07-06 17:40:17,191  WARNING  PortentaReader      send_command('disarm') ignored — port not open
2026-07-06 17:40:17,265  WARNING  PortentaReader      send_command('disarm') ignored — port not open
2026-07-06 17:40:17,328  WARNING  PortentaReader      send_command('disarm') ignored — port not open
2026-07-06 17:40:17,390  WARNING  PortentaReader      send_command('disarm') ignored — port not open
2026-07-06 17:40:17,443  WARNING  PortentaReader      send_command('disarm') ignored — port not open
2026-07-06 17:40:17,513  WARNING  PortentaReader      send_command('disarm') ignored — port not open
2026-07-06 17:40:17,574  WARNING  PortentaReader      send_command('disarm') ignored — port not open
2026-07-06 17:40:17,636  WARNING  PortentaReader      send_command('disarm') ignored — port not open
2026-07-06 17:40:17,696  WARNING  RecordingCore       HEALTH WARNING: LCR silent 143.3s — no new samples (auxiliary; other instruments still recording)
2026-07-06 17:40:17,698  WARNING  PortentaReader      send_command('disarm') ignored — port not open
2026-07-06 17:40:17,757  WARNING  PortentaReader      send_command('disarm') ignored — port not open
2026-07-06 17:40:17,819  WARNING  PortentaReader      send_command('disarm') ignored — port not open
2026-07-06 17:40:17,879  WARNING  PortentaReader      send_command('disarm') ignored — port not open
2026-07-06 17:40:17,945  WARNING  PortentaReader      send_command('disarm') ignored — port not open
2026-07-06 17:40:18,009  WARNING  PortentaReader      send_command('disarm') ignored — port not open
2026-07-06 17:40:18,073  WARNING  PortentaReader      send_command('disarm') ignored — port not open
2026-07-06 17:40:18,134  WARNING  PortentaReader      send_command('disarm') ignored — port not open
2026-07-06 17:40:18,193  WARNING  PortentaReader      send_command('disarm') ignored — port not open
2026-07-06 17:40:18,260  WARNING  PortentaReader      send_command('disarm') ignored — port not open
2026-07-06 17:40:18,320  WARNING  PortentaReader      send_command('disarm') ignored — port not open
2026-07-06 17:40:18,380  WARNING  PortentaReader      send_command('disarm') ignored — port not open
2026-07-06 17:40:18,441  WARNING  PortentaReader      send_command('disarm') ignored — port not open
2026-07-06 17:40:18,505  WARNING  PortentaReader      send_command('disarm') ignored — port not open
2026-07-06 17:40:18,568  WARNING  PortentaReader      send_command('disarm') ignored — port not open
2026-07-06 17:40:18,629  WARNING  PortentaReader      send_command('disarm') ignored — port not open
2026-07-06 17:40:18,692  WARNING  PortentaReader      send_command('disarm') ignored — port not open
2026-07-06 17:40:18,762  WARNING  PortentaReader      send_command('disarm') ignored — port not open
2026-07-06 17:40:18,825  WARNING  PortentaReader      send_command('disarm') ignored — port not open
2026-07-06 17:40:18,889  WARNING  PortentaReader      send_command('disarm') ignored — port not open
2026-07-06 17:40:18,953  WARNING  PortentaReader      send_command('disarm') ignored — port not open
2026-07-06 17:40:19,016  WARNING  PortentaReader      send_command('disarm') ignored — port not open
2026-07-06 17:40:19,077  WARNING  PortentaReader      send_command('disarm') ignored — port not open
2026-07-06 17:40:19,139  WARNING  PortentaReader      send_command('disarm') ignored — port not open
2026-07-06 17:40:19,201  WARNING  PortentaReader      send_command('disarm') ignored — port not open
2026-07-06 17:40:19,262  WARNING  PortentaReader      send_command('disarm') ignored — port not open
2026-07-06 17:40:19,323  WARNING  PortentaReader      send_command('disarm') ignored — port not open
2026-07-06 17:40:19,384  WARNING  PortentaReader      send_command('disarm') ignored — port not open
2026-07-06 17:40:19,447  WARNING  PortentaReader      send_command('disarm') ignored — port not open
2026-07-06 17:40:19,507  WARNING  PortentaReader      send_command('disarm') ignored — port not open
2026-07-06 17:40:19,568  WARNING  PortentaReader      send_command('disarm') ignored — port not open
2026-07-06 17:40:19,630  WARNING  PortentaReader      send_command('disarm') ignored — port not open
2026-07-06 17:40:19,691  WARNING  RecordingCore       HEALTH WARNING: LCR silent 145.3s — no new samples (auxiliary; other instruments still recording)
2026-07-06 17:40:19,692  WARNING  PortentaReader      send_command('disarm') ignored — port not open
2026-07-06 17:40:19,754  WARNING  PortentaReader      send_command('disarm') ignored — port not open
2026-07-06 17:40:19,831  WARNING  PortentaReader      send_command('disarm') ignored — port not open
2026-07-06 17:40:19,891  WARNING  PortentaReader      send_command('disarm') ignored — port not open
2026-07-06 17:40:19,952  WARNING  PortentaReader      send_command('disarm') ignored — port not open
2026-07-06 17:40:20,014  WARNING  PortentaReader      send_command('disarm') ignored — port not open
2026-07-06 17:40:20,075  WARNING  PortentaReader      send_command('disarm') ignored — port not open
2026-07-06 17:40:20,136  WARNING  PortentaReader      send_command('disarm') ignored — port not open
2026-07-06 17:40:20,199  WARNING  PortentaReader      send_command('disarm') ignored — port not open
2026-07-06 17:40:20,260  WARNING  PortentaReader      send_command('disarm') ignored — port not open
2026-07-06 17:40:20,323  WARNING  PortentaReader      send_command('disarm') ignored — port not open
2026-07-06 17:40:20,384  WARNING  PortentaReader      send_command('disarm') ignored — port not open
2026-07-06 17:40:20,446  WARNING  PortentaReader      send_command('disarm') ignored — port not open
2026-07-06 17:40:20,507  WARNING  PortentaReader      send_command('disarm') ignored — port not open
2026-07-06 17:40:20,569  WARNING  PortentaReader      send_command('disarm') ignored — port not open
2026-07-06 17:40:20,630  WARNING  PortentaReader      send_command('disarm') ignored — port not open
2026-07-06 17:40:20,694  WARNING  PortentaReader      send_command('disarm') ignored — port not open
2026-07-06 17:40:20,755  WARNING  PortentaReader      send_command('disarm') ignored — port not open
2026-07-06 17:40:20,817  WARNING  PortentaReader      send_command('disarm') ignored — port not open
2026-07-06 17:40:20,894  WARNING  PortentaReader      send_command('disarm') ignored — port not open
2026-07-06 17:40:20,945  WARNING  PortentaReader      send_command('disarm') ignored — port not open
2026-07-06 17:40:21,012  WARNING  PortentaReader      send_command('disarm') ignored — port not open
2026-07-06 17:40:21,073  WARNING  PortentaReader      send_command('disarm') ignored — port not open
2026-07-06 17:40:21,139  WARNING  PortentaReader      send_command('disarm') ignored — port not open
2026-07-06 17:40:21,202  WARNING  PortentaReader      send_command('disarm') ignored — port not open
2026-07-06 17:40:21,261  WARNING  PortentaReader      send_command('disarm') ignored — port not open
2026-07-06 17:40:21,321  WARNING  PortentaReader      send_command('disarm') ignored — port not open
2026-07-06 17:40:21,326  WARNING  PortentaReader      send_command('disarm') ignored — port not open
2026-07-06 17:40:21,523  INFO   Driver_ZaberStage   Disconnected
2026-07-06 17:40:21,523  INFO   ZaberWorker         Zaber worker exit  (pushed=7767, dropped=0)
2026-07-06 17:40:21,552  INFO   RecordingCore       Wrote C:\Users\yilin\Documents\GitHubRepo_Research\MicroTensileMachine\MicroTensileMachine\Experiment_SMACharacterizationV3\data\console_20260706_173740\meta.json
