t_rel_s,displacement_um,force_N,sma_v,sma_i,sma_r,stage_mm
0,-3989.7545,0.0077627232,0.494559,0.115413,4.185128,79.999979
0.0099999905,-3989.7545,0.0088272167,0.494559,0.115413,4.185128,79.999979
0.019999981,-3990.3261,0.0090821211,0.494559,0.115413,4.185128,79.999979
0.029999971,-3990.6893,0.0072894732,0.494559,0.115413,4.185128,79.999979
0.039999962,-3990.7361,0.0088129552,0.494559,0.115413,4.185128,79.999979
0.049999952,-3990.9966,0.0078459443,0.494559,0.115413,4.185128,79.999979
0.059999943,-3989.8001,0.0071877243,0.494559,0.115413,4.185128,79.999979
0.069999933,-3989.7508,0.0080879679,0.494559,0.115413,4.185128,79.999979
0.079999924,-3990.9849,0.0089656613,0.494559,0.115413,4.185128,79.999979
0.089999914,-3990.9676,0.0082959406,0.494559,0.115413,4.185128,79.999979
0.099999905,-3990.838,0.0086806846,0.494559,0.115413,4.185128,79.999979
0.1099999,-3990.4011,0.00784696,0.494559,0.115413,4.185128,79.999979
0.11999989,-3991.0191,0.0083122271,0.494559,0.115413,4.185128,79.999979
0.12999988,-3991.2953,0.008444366,0.494559,0.115413,4.185128,79.999979
0.13999987,-3988.9838,0.0084059757,0.494559,0.115413,4.185128,79.999979
0.14999986,-3990.7664,0.0085884204,0.494559,0.115413,4.185128,79.999979
0.15999985,-3991.3172,0.0084339167,0.494559,0.115413,4.185128,79.999979
0.16999984,-3990.7873,0.008559955,0.494559,0.115413,4.185128,79.999979
0.17999983,-3988.5463,0.0081009628,0.494559,0.115413,4.185128,79.999979
0.18999982,-3991.0341,0.0083453209,0.494559,0.115413,4.185128,79.999979
0.19999981,-3991.0341,0.0085339233,0.494559,0.115413,4.185128,79.999979
0.2099998,-3990.6504,0.0087363584,0.494559,0.115413,4.185128,79.999979
0.21999979,-3991.0605,0.0089741755,0.494559,0.115413,4.185128,79.999979
0.22999978,-3990.581,0.0083323255,0.494559,0.115413,4.185128,79.999979
0.23999977,-3989.3654,0.0086715198,0.494559,0.115413,4.185128,79.999979
0.24999976,-3990.938,0.0081673441,0.494559,0.115413,4.185128,79.999979
0.25999975,-3991.058,0.0084907987,0.494559,0.115413,4.185128,79.999979
0.26999974,-3989.7358,0.0087395861,0.494559,0.115413,4.185128,79.999979
0.27999973,-3990.7884,0.0091714892,0.494559,0.115413,4.185128,79.999979
0.28999972,-3990.5893,0.0090710436,0.494559,0.115413,4.185128,79.999979
0.29999971,-3988.3744,0.0083126313,0.494559,0.115413,4.185128,79.999979
0.3099997,-3990.5918,0.008682511,0.494559,0.115413,4.185128,79.999979
0.31999969,-3990.6605,0.0085709175,0.494559,0.115413,4.185128,79.999979
0.32999969,-3991.2512,0.0082604827,0.494559,0.115413,4.185128,79.999979
0.33999968,-3990.5883,0.008261355,0.494559,0.115413,4.185128,79.999979
0.34999967,-3989.8841,0.0083556133,0.494559,0.115413,4.185128,79.999979
0.35999966,-3989.5823,0.0085424904,0.494559,0.115413,4.185128,79.999979
0.36999965,-3991.0202,0.0087000593,0.494559,0.115413,4.185128,79.999979
0.37999964,-3991.1485,0.0086423512,0.494559,0.115413,4.185128,79.999979
0.38999963,-3990.5683,0.0079961414,0.494559,0.115413,4.185128,79.999979
0.39999962,-3988.8487,0.0086724331,0.494559,0.115413,4.185128,79.999979
0.40999961,-3989.1759,0.0083810041,0.494559,0.115413,4.185128,79.999979
0.4199996,-3990.3793,0.0091274978,0.494559,0.115413,4.185128,79.999979
0.42999959,-3990.5814,0.0073273008,0.494559,0.115413,4.185128,79.999979
0.43999958,-3990.9759,0.0074774285,0.494559,0.115413,4.185128,79.999979
0.44999957,-3991.1901,0.0077148922,0.494559,0.115413,4.185128,79.999979
0.45999956,-3991.2379,0.0085714212,0.494559,0.115413,4.185128,79.999979
0.46999955,-3989.961,0.0084989991,0.494559,0.115413,4.185128,79.999979
0.47999954,-3990.2486,0.0081715825,0.494559,0.115413,4.185128,79.999979
0.48999953,-3990.8331,0.0076992662,0.494559,0.115413,4.185128,79.999979
0.49999952,-3991.2823,0.0080618745,0.494559,0.115413,4.185128,79.999979
0.50999951,-3990.7351,0.008199372,0.494559,0.115413,4.185128,79.999979
0.5199995,-3990.4415,0.008240222,0.494559,0.115413,4.185128,79.999979
0.52999949,-3990.6706,0.0086816269,0.494559,0.115413,4.185128,79.999979
0.53999949,-3991.1828,0.0089832447,0.494559,0.115413,4.185128,79.999979
0.54999948,-3989.4565,0.0090213428,0.494559,0.115413,4.185128,79.999979
0.55999947,-3990.5075,0.0087632938,0.494559,0.115413,4.185128,79.999979
0.56999946,-3991.2327,0.0075155135,0.494559,0.115413,4.185128,79.999979
0.57999945,-3990.3356,0.0085168595,0.494559,0.115413,4.185128,79.999979
0.58999944,-3988.7081,0.0087172448,0.494559,0.115413,4.185128,79.999979
0.59999943,-3989.2986,0.009176239,0.494559,0.115413,4.185128,79.999979
0.60999942,-3990.3378,0.0089130126,0.494559,0.115413,4.185128,79.999979
0.61999941,-3990.7186,0.0087279949,0.494559,0.115413,4.185128,79.999979
0.6299994,-3991.0501,0.0085125516,0.494559,0.115413,4.185128,79.999979
0.63999939,-3991.4253,0.0082971083,0.494559,0.115413,4.185128,79.999979
0.64999938,-3989.7478,0.0089926474,0.494559,0.115413,4.185128,79.999979
0.65999937,-3990.9397,0.0089361395,0.494559,0.115413,4.185128,79.999979
0.66999936,-3988.6272,0.0075734256,0.494559,0.115413,4.185128,79.999979
0.67999935,-3989.801,0.00794147,0.494559,0.115413,4.185128,79.999979
0.68999934,-3990.4481,0.0076316282,0.494559,0.115413,4.185128,79.999979
0.69999933,-3991.0698,0.0079068091,0.494559,0.115413,4.185128,79.999979
0.70999932,-3990.5122,0.0089979268,0.494559,0.115413,4.185128,79.999979
0.71999931,-3989.2661,0.0088863859,0.494559,0.115413,4.185128,79.999979
0.7299993,-3989.6617,0.0082809951,0.494559,0.115413,4.185128,79.999979
0.73999929,-3990.454,0.0095144878,0.494559,0.115413,4.185128,79.999979
0.74999928,-3990.8941,0.0089373177,0.494559,0.115413,4.185128,79.999979
0.75999928,-3990.003,0.0079556935,0.494559,0.115413,4.185128,79.999979
0.76999927,-3990.2667,0.0079604076,0.494559,0.115413,4.185128,79.999979
0.77999926,-3991.2146,0.0082405852,0.494559,0.115413,4.185128,79.999979
0.78999925,-3991.3956,0.0079049055,0.494559,0.115413,4.185128,79.999979
0.79999924,-3990.6224,0.0084614251,0.494559,0.115413,4.185128,79.999979
0.80999923,-3990.762,0.0083755308,0.494559,0.115413,4.185128,79.999979
0.81999922,-3991.1522,0.0083113197,0.494559,0.115413,4.185128,79.999979
0.82999921,-3990.5271,0.0079883486,0.494559,0.115413,4.185128,79.999979
0.8399992,-3988.9329,0.009085969,0.494559,0.115413,4.185128,79.999979
0.84999919,-3990.8238,0.0099529854,0.494559,0.115413,4.185128,79.999979
0.85999918,-3989.4843,0.008036829,0.494559,0.115413,4.185128,79.999979
0.86999917,-3991.1881,0.0081809443,0.494559,0.115413,4.185128,79.999979
0.87999916,-3991.0248,0.0082597614,0.494559,0.115413,4.185128,79.999979
0.88999915,-3989.0268,0.0079785032,0.494559,0.115413,4.185128,79.999979
0.89999914,-3991.1075,0.0083683712,0.494559,0.115413,4.185128,79.999979
0.90999913,-3990.9437,0.0085126685,0.494559,0.115413,4.185128,79.999979
0.91999912,-3990.6544,0.0084409059,0.494559,0.115413,4.185128,79.999979
0.92999911,-3991.1389,0.0073928642,0.494559,0.115413,4.185128,79.999979
0.9399991,-3990.1596,0.0074655876,0.494559,0.115413,4.185128,79.999979
0.94999909,-3990.0783,0.0075783221,0.494559,0.115413,4.185128,79.999979
0.95999908,-3991.2803,0.0086905343,0.494559,0.115413,4.185128,79.999979
0.96999907,-3991.0908,0.0083698127,0.494559,0.115413,4.185128,79.999979
0.97999907,-3990.7126,0.0083208229,0.494559,0.115413,4.185128,79.999979
0.98999906,-3989.8659,0.0074293292,0.494559,0.115413,4.185128,79.999979
0.99999905,-3988.7261,0.0076392638,0.494559,0.115413,4.185128,79.999979
1.009999,-3989.116,0.0077594071,0.494559,0.115413,4.185128,79.999979
1.019999,-3990.8855,0.008869089,0.494559,0.115413,4.185128,79.999979
1.029999,-3988.8335,0.0083798514,0.494559,0.115413,4.185128,79.999979
1.039999,-3990.7175,0.0088509178,0.494559,0.115413,4.185128,79.999979
1.049999,-3990.9344,0.0084061903,0.494559,0.115413,4.185128,79.999979
1.059999,-3989.7333,0.009016163,0.494559,0.115413,4.185128,79.999979
1.069999,-3988.5323,0.0090999725,0.494559,0.115413,4.185128,79.999979
1.079999,-3990.2366,0.0089283426,0.494559,0.115413,4.185128,79.999979
1.089999,-3990.8734,0.0077105002,0.494559,0.115413,4.185128,79.999979
1.099999,-3990.698,0.008345692,0.494559,0.115413,4.185128,79.999979
1.1099989,-3988.5327,0.0083054529,0.494559,0.115413,4.185128,79.999979
1.1199989,-3989.9448,0.0081519161,0.494559,0.115413,4.185128,79.999979
1.1299989,-3990.3953,0.0083715182,0.494559,0.115413,4.185128,79.999979
1.1399989,-3991.1367,0.0085911202,0.494559,0.115413,4.185128,79.999979
1.1499989,-3989.5234,0.0087496489,0.494559,0.115413,4.185128,79.999979
1.1599989,-3990.3692,0.0086403482,0.494559,0.115413,4.185128,79.999979
1.1699989,-3988.967,0.0081879624,0.494559,0.115413,4.185128,79.999979
1.1799989,-3990.9873,0.0080395019,0.494559,0.115413,4.185128,79.999979
1.1899989,-3991.1378,0.007835261,0.494559,0.115413,4.185128,79.999979
1.1999989,-3991.023,0.0077942077,0.494559,0.115413,4.185128,79.999979
1.2099988,-3990.16,0.0075032483,0.494559,0.115413,4.185128,79.999979
1.2199988,-3990.4273,0.0085490567,0.494559,0.115413,4.185128,79.999979
1.2299988,-3989.7782,0.0084444564,0.494559,0.115413,4.185128,79.999979
1.2399988,-3990.2868,0.0084233037,0.494559,0.115413,4.185128,79.999979
1.2499988,-3990.2868,0.0090073131,0.494559,0.115413,4.185128,79.999979
1.2599988,-3990.196,0.0097390859,0.494559,0.115413,4.185128,79.999979
1.2699988,-3988.5595,0.0086653811,0.494559,0.115413,4.185128,79.999979
1.2799988,-3990.1208,0.0081842339,0.494559,0.115413,4.185128,79.999979
1.2899988,-3988.3302,0.0081782459,0.494559,0.115413,4.185128,79.999979
1.2999988,-3990.6621,0.0079607888,0.494559,0.115413,4.185128,79.999979
1.3099988,-3991.0034,0.0082267035,0.494559,0.115413,4.185128,79.999979
1.3199987,-3991.3448,0.0084407317,0.494559,0.115413,4.185128,79.999979
1.3299987,-3990.8402,0.0078054647,0.494559,0.115413,4.185128,79.999979
1.3399987,-3990.2552,0.0083719891,0.494559,0.115413,4.185128,79.999979
1.3499987,-3988.7791,0.0080066711,0.494559,0.115413,4.185128,79.999979
1.3599987,-3990.3768,0.0079646617,0.494559,0.115413,4.185128,79.999979
1.3699987,-3990.7393,0.0081742469,0.494559,0.115413,4.185128,79.999979
1.3799987,-3991.1017,0.0077274163,0.494559,0.115413,4.185128,79.999979
1.3899987,-3991.1171,0.0082360164,0.494559,0.115413,4.185128,79.999979
1.3999987,-3990.7727,0.0082220612,0.494559,0.115413,4.185128,79.999979
1.4099987,-3990.1325,0.0083286316,0.494559,0.115413,4.185128,79.999979
1.4199986,-3990.7593,0.0085975998,0.494559,0.115413,4.185128,79.999979
1.4299986,-3991.2741,0.0085983802,0.494559,0.115413,4.185128,79.999979
1.4399986,-3990.1136,0.0083133849,0.494559,0.115413,4.185128,79.999979
1.4499986,-3991.2209,0.0087404447,0.494559,0.115413,4.185128,79.999979
1.4599986,-3990.7287,0.0081406394,0.494559,0.115413,4.185128,79.999979
1.4699986,-3989.782,0.0078252669,0.494559,0.115413,4.185128,79.999979
1.4799986,-3990.9458,0.0091198749,0.494559,0.115413,4.185128,79.999979
1.4899986,-3991.0986,0.0084426048,0.494559,0.115413,4.185128,79.999979
1.4999986,-3990.8033,0.0083596755,0.494559,0.115413,4.185128,79.999979
1.5099986,-3990.7646,0.0089160687,0.494559,0.115413,4.185128,79.999979
1.5199986,-3989.7787,0.0082069681,0.494559,0.115413,4.185128,79.999979
1.5299985,-3992.0858,0.0078096259,0.494559,0.115413,4.185128,79.999979
1.5399985,-3990.7008,0.0082899311,0.494559,0.115413,4.185128,79.999979
1.5499985,-3990.0144,0.0091055505,0.494559,0.115413,4.185128,79.999979
1.5599985,-3991.3117,0.0088690239,0.494559,0.115413,4.185128,79.999979
1.5699985,-3990.45,0.0090695432,0.494559,0.115413,4.185128,79.999979
1.5799985,-3990.9118,0.0084667022,0.494559,0.115413,4.185128,79.999979
1.5899985,-3989.9645,0.0085726194,0.494559,0.115413,4.185128,79.999979
1.5999985,-3989.6811,0.0090331884,0.494559,0.115413,4.185128,79.999979
1.6099985,-3989.0609,0.0084059509,0.494559,0.115413,4.185128,79.999979
1.6199985,-3989.9471,0.008680421,0.494559,0.115413,4.185128,79.999979
1.6299984,-3990.3995,0.0084859928,0.494559,0.115413,4.185128,79.999979
1.6399984,-3990.8307,0.0081256908,0.494559,0.115413,4.185128,79.999979
1.6499984,-3989.5505,0.0081459207,0.494559,0.115413,4.185128,79.999979
1.6599984,-3988.7673,0.0093980752,0.494559,0.115413,4.185128,79.999979
1.6699984,-3991.8319,0.0083579813,0.494559,0.115413,4.185128,79.999979
1.6799984,-3991.5749,0.0086075966,0.494559,0.115413,4.185128,79.999979
1.6899984,-3991.1527,0.0089757576,0.494559,0.115413,4.185128,79.999979
1.6999984,-3991.0354,0.0082603391,0.494559,0.115413,4.185128,79.999979
1.7099984,-3991.105,0.0082844434,0.494559,0.115413,4.185128,79.999979
1.7199984,-3990.6291,0.0081184883,0.494559,0.115413,4.185128,79.999979
1.7299984,-3991.3687,0.0079719933,0.494559,0.115413,4.185128,79.999979
1.7399983,-3991.2381,0.0090311328,0.494559,0.115413,4.185128,79.999979
1.7499983,-3991.3924,0.0070741628,0.494559,0.115413,4.185128,79.999979
1.7599983,-3990.5841,0.0066674912,0.494559,0.115413,4.185128,79.999979
1.7699983,-3990.0567,0.0076050289,0.494559,0.115413,4.185128,79.999979
1.7799983,-3990.752,0.0086045801,0.494559,0.115413,4.185128,79.999979
1.7899983,-3991.0735,0.0089177874,0.494559,0.115413,4.185128,79.999979
1.7999983,-3991.0091,0.0088640821,0.494559,0.115413,4.185128,79.999979
1.8099983,-3991.4926,0.0088356499,0.494559,0.115413,4.185128,79.999979
1.8199983,-3991.0566,0.0084306077,0.494559,0.115413,4.185128,79.999979
1.8299983,-3990.9819,0.0087697656,0.494559,0.115413,4.185128,79.999979
1.8399982,-3990.9819,0.0087930806,0.494559,0.115413,4.185128,79.999979
1.8499982,-3991.0576,0.0082744888,0.494559,0.115413,4.185128,79.999979
1.8599982,-3991.1483,0.0072934373,0.494559,0.115413,4.185128,79.999979
1.8699982,-3991.2436,0.0087563541,0.494559,0.115413,4.185128,79.999979
1.8799982,-3990.6769,0.009067374,0.494559,0.115413,4.185128,79.999979
1.8899982,-3991.1518,0.0085887761,0.494559,0.115413,4.185128,79.999979
1.8999982,-3991.297,0.0082304749,0.494559,0.115413,4.185128,79.999979
1.9099982,-3990.2911,0.0089937131,0.494559,0.115413,4.185128,79.999979
1.9199982,-3990.4172,0.0082783082,0.494559,0.115413,4.185128,79.999979
1.9299982,-3990.6573,0.0076620049,0.494559,0.115413,4.185128,79.999979
1.9399981,-3991.133,0.008496586,0.494559,0.115413,4.185128,79.999979
1.9499981,-3990.9181,0.0089369181,0.494559,0.115413,4.185128,79.999979
1.9599981,-3989.1083,0.0080351711,0.494559,0.115413,4.185128,79.999979
1.9699981,-3990.3943,0.0094278631,0.494559,0.115413,4.185128,79.999979
1.9799981,-3988.9369,0.0084318061,0.494559,0.115413,4.185128,79.999979
1.9899981,-3991.099,0.0088137353,0.494559,0.115413,4.185128,79.999979
1.9999981,-3988.7453,0.0084285931,0.494559,0.115413,4.185128,79.999979
2.0099981,-3990.0794,0.0080820083,0.494559,0.115413,4.185128,79.999979
2.0199981,-3990.4008,0.0081348491,0.494559,0.115413,4.185128,79.999979
2.0299981,-3991.3785,0.008435347,0.494559,0.115413,4.185128,79.999979
2.0399981,-3988.6868,0.0080850089,0.494559,0.115413,4.185128,79.999979
2.049998,-3991.3352,0.0087046113,0.494559,0.115413,4.185128,79.999979
2.059998,-3988.7266,0.0083312423,0.494559,0.115413,4.185128,79.999979
2.069998,-3989.5855,0.0083494889,0.494559,0.115413,4.185128,79.999979
2.079998,-3990.4444,0.0089600071,0.494559,0.115413,4.185128,79.999979
2.089998,-3989.942,0.0085359032,0.494559,0.115413,4.185128,79.999979
2.099998,-3990.2446,0.0084238593,0.494559,0.115413,4.185128,79.999979
2.109998,-3990.5841,0.0085241292,0.494559,0.115413,4.185128,79.999979
2.119998,-3990.9355,0.0085241292,0.494559,0.115413,4.185128,79.999979
2.129998,-3990.472,0.0083129268,0.494559,0.115413,4.185128,79.999979
2.139998,-3990.0243,0.0084911017,0.494559,0.115413,4.185128,79.999979
2.1499979,-3991.8341,0.0079572019,0.494559,0.115413,4.185128,79.999979
2.1599979,-3989.7438,0.0089023888,0.494559,0.115413,4.185128,79.999979
2.1699979,-3990.6822,0.0081238157,0.494559,0.115413,4.185128,79.999979
2.1799979,-3988.6766,0.0087443053,0.494559,0.115413,4.185128,79.999979
2.1899979,-3990.5555,0.0089599761,0.494559,0.115413,4.185128,79.999979
2.1999979,-3990.5373,0.0088717604,0.494559,0.115413,4.185128,79.999979
2.2099979,-3990.7428,0.0077582636,0.494559,0.115413,4.185128,79.999979
2.2199979,-3988.9457,0.007771122,0.494559,0.115413,4.185128,79.999979
2.2299979,-3991.4165,0.0081163825,0.494559,0.115413,4.185128,79.999979
2.2399979,-3989.2261,0.008577262,0.494559,0.115413,4.185128,79.999979
2.2499979,-3990.3484,0.0086867426,0.494559,0.115413,4.185128,79.999979
2.2599978,-3990.7981,0.0087632912,0.494559,0.115413,4.185128,79.999979
2.2699978,-3990.8454,0.0081194804,0.494559,0.115413,4.185128,79.999979
2.2799978,-3989.7181,0.0085220425,0.494559,0.115413,4.185128,79.999979
2.2899978,-3991.0872,0.0087408755,0.494559,0.115413,4.185128,79.999979
2.2999978,-3989.3346,0.0088247116,0.494559,0.115413,4.185128,79.999979
2.3099978,-3990.4536,0.0088495918,0.494559,0.115413,4.185128,79.999979
2.3199978,-3990.4783,0.0086184864,0.494559,0.115413,4.185128,79.999979
2.3299978,-3990.947,0.0080742198,0.494559,0.115413,4.185128,79.999979
2.3399978,-3989.4026,0.0086270934,0.494559,0.115413,4.185128,79.999979
2.3499978,-3990.9995,0.0082232295,0.494559,0.115413,4.185128,79.999979
2.3599977,-3990.58,0.0089957984,0.494559,0.115413,4.185128,79.999979
2.3699977,-3990.9317,0.0084658632,0.494559,0.115413,4.185128,79.999979
2.3799977,-3990.9317,0.008070436,0.494559,0.115413,4.185128,79.999979
2.3899977,-3990.3873,0.0084037473,0.494559,0.115413,4.185128,79.999979
2.3999977,-3989.1642,0.0078024824,0.494559,0.115413,4.185128,79.999979
2.4099977,-3991.4734,0.0064904396,0.494559,0.115413,4.185128,79.999979
2.4199977,-3990.2324,0.0084886921,0.494559,0.115413,4.185128,79.999979
2.4299977,-3990.9999,0.0074765675,0.494559,0.115413,4.185128,79.999979
2.4399977,-3991.0548,0.0076906625,0.494559,0.115413,4.185128,79.999979
2.4499977,-3989.31,0.0089029871,0.494559,0.115413,4.185128,79.999979
2.4599977,-3991.0307,0.0090580479,0.494559,0.115413,4.185128,79.999979
2.4699976,-3991.1687,0.008693759,0.494559,0.115413,4.185128,79.999979
2.4799976,-3990.998,0.007993586,0.494559,0.115413,4.185128,79.999979
2.4899976,-3990.7365,0.0085284909,0.494559,0.115413,4.185128,79.999979
2.4999976,-3991.29,0.0088469802,0.494559,0.115413,4.185128,79.999979
2.5099976,-3990.0343,0.0078131691,0.494559,0.115413,4.185128,79.999979
2.5199976,-3988.7689,0.0074036935,0.494559,0.115413,4.185128,79.999979
2.5299976,-3991.09,0.010164257,0.494559,0.115413,4.185128,79.999979
2.5399976,-3989.7586,0.0074429012,0.494559,0.115413,4.185128,79.999979
2.5499976,-3990.2329,0.0082960703,0.494559,0.115413,4.185128,79.999979
2.5599976,-3989.4139,0.0075771468,0.494559,0.115413,4.185128,79.999979
2.5699975,-3988.7558,0.0078874775,0.494559,0.115413,4.185128,79.999979
2.5799975,-3990.7728,0.0092634779,0.494559,0.115413,4.185128,79.999979
2.5899975,-3990.6932,0.0083664156,0.494559,0.115413,4.185128,79.999979
2.5999975,-3989.2126,0.0077649227,0.494559,0.115413,4.185128,79.999979
2.6099975,-3990.8352,0.0085732427,0.494559,0.115413,4.185128,79.999979
2.6199975,-3990.5529,0.008317998,0.494559,0.115413,4.185128,79.999979
2.6299975,-3988.6204,0.0080374643,0.494559,0.115413,4.185128,79.999979
2.6399975,-3990.2131,0.0082397878,0.494559,0.115413,4.185128,79.999979
2.6499975,-3990.7477,0.0079727703,0.494559,0.115413,4.185128,79.999979
2.6599975,-3989.105,0.0094191206,0.494559,0.115413,4.185128,79.999979
2.6699975,-3990.966,0.0086462701,0.494559,0.115413,4.185128,79.999979
2.6799974,-3990.2666,0.0094299069,0.494559,0.115413,4.185128,79.999979
2.6899974,-3989.3445,0.0091092689,0.494559,0.115413,4.185128,79.999979
2.6999974,-3990.7498,0.0083541356,0.494559,0.115413,4.185128,79.999979
2.7099974,-3988.6331,0.0075459769,0.494559,0.115413,4.185128,79.999979
2.7199974,-3990.5144,0.0080362294,0.494559,0.115413,4.185128,79.999979
2.7299974,-3990.7107,0.0077253735,0.494559,0.115413,4.185128,79.999979
2.7399974,-3988.8833,0.0083163342,0.494559,0.115413,4.185128,79.999979
2.7499974,-3989.6681,0.0085164828,0.494559,0.115413,4.185128,79.999979
2.7599974,-3989.6681,0.0085164828,0.494559,0.115413,4.185128,79.999979
2.7699974,-3991.0229,0.0088505776,0.494559,0.115413,4.185128,79.999979
2.7799973,-3990.8677,0.0087829308,0.494559,0.115413,4.185128,79.999979
2.7899973,-3990.781,0.0075336782,0.494559,0.115413,4.185128,79.999979
2.7999973,-3990.7768,0.0081707289,0.494559,0.115413,4.185128,79.999979
2.8099973,-3990.5151,0.0087477562,0.494559,0.115413,4.185128,79.999979
2.8199973,-3991.0126,0.0070648001,0.494559,0.115413,4.185128,79.999979
2.8299973,-3991.1584,0.0082063223,0.494559,0.115413,4.185128,79.999979
2.8399973,-3989.7479,0.0082051367,0.494559,0.115413,4.185128,79.999979
2.8499973,-3990.1646,0.009725367,0.494559,0.115413,4.185128,79.999979
2.8599973,-3990.4426,0.0090161986,0.494559,0.115413,4.185128,79.999979
2.8699973,-3990.3449,0.0091036508,0.494559,0.115413,4.185128,79.999979
2.8799973,-3989.2402,0.009101343,0.494559,0.115413,4.185128,79.999979
2.8899972,-3989.0896,0.0092767037,0.494559,0.115413,4.185128,79.999979
2.8999972,-3990.6344,0.0083106142,0.494559,0.115413,4.185128,79.999979
2.9099972,-3990.5379,0.0085228839,0.494559,0.115413,4.185128,79.999979
2.9199972,-3988.7685,0.0079405913,0.494559,0.115413,4.185128,79.999979
2.9299972,-3989.3607,0.0078715213,0.494559,0.115413,4.185128,79.999979
2.9399972,-3989.3607,0.0080218067,0.494559,0.115413,4.185128,79.999979
2.9499972,-3990.6665,0.0090832975,0.494559,0.115413,4.185128,79.999979
2.9599972,-3990.4394,0.0079458034,0.494559,0.115413,4.185128,79.999979
2.9699972,-3991.2362,0.0087340319,0.494559,0.115413,4.185128,79.999979
2.9799972,-3988.9654,0.0079244821,0.494559,0.115413,4.185128,79.999979
2.9899971,-3990.333,0.0086579414,0.494559,0.115413,4.185128,79.999979
2.9999971,-3990.333,0.0087368257,0.494559,0.115413,4.185128,79.999979
3.0099971,-3990.8025,0.0087644682,0.494559,0.115413,4.185128,79.999979
3.0199971,-3990.3498,0.0088037919,0.494559,0.115413,4.185128,79.999979
3.0299971,-3989.2256,0.0086003127,0.494559,0.115413,4.185128,79.999979
3.0399971,-3989.9031,0.0084904213,0.494559,0.115413,4.185128,79.999979
3.0499971,-3991.2906,0.0087584231,0.494559,0.115413,4.185128,79.999979
3.0599971,-3989.0428,0.0086818762,0.494559,0.115413,4.185128,79.999979
3.0699971,-3990.0603,0.0088035431,0.494559,0.115413,4.185128,79.999979
3.0799971,-3990.7594,0.0077627232,0.494559,0.115413,4.185128,79.999979
3.0899971,-3990.4351,0.0087417245,0.494559,0.115413,4.185128,79.999979
3.099997,-3989.9946,0.0079808105,0.494559,0.115413,4.185128,79.999979
3.109997,-3990.9652,0.0078636225,0.494559,0.115413,4.185128,79.999979
3.119997,-3988.657,0.0079297493,0.494559,0.115413,4.185128,79.999979
3.129997,-3991.1423,0.0080670929,0.494559,0.115413,4.185128,79.999979
3.139997,-3990.8265,0.00903155,0.494559,0.115413,4.185128,79.999979
3.149997,-3988.9004,0.0082387499,0.494559,0.115413,4.185128,79.999979
3.159997,-3991.2772,0.0082471919,0.494559,0.115413,4.185128,79.999979
3.169997,-3991.2772,0.0085340003,0.494559,0.115413,4.185128,79.999979
3.179997,-3988.6623,0.0088457529,0.494559,0.115413,4.185128,79.999979
3.189997,-3989.4766,0.0087969433,0.494559,0.115413,4.185128,79.999979
3.1999969,-3990.5239,0.0089792867,0.494559,0.115413,4.185128,79.999979
3.2099969,-3989.5856,0.0086678859,0.494559,0.115413,4.185128,79.999979
3.2199969,-3989.671,0.0078618874,0.494559,0.115413,4.185128,79.999979
3.2299969,-3990.6806,0.0084996775,0.494559,0.115413,4.185128,79.999979
3.2399969,-3990.821,0.0080671259,0.494559,0.115413,4.185128,79.999979
3.2499969,-3991.1951,0.0079717224,0.494559,0.115413,4.185128,79.999979
3.2599969,-3990.9122,0.00875036,0.494559,0.115413,4.185128,79.999979
3.2699969,-3989.1532,0.0090432145,0.494559,0.115413,4.185128,79.999979
3.2799969,-3990.8437,0.0088034357,0.494559,0.115413,4.185128,79.999979
3.2899969,-3990.324,0.0080904032,0.494559,0.115413,4.185128,79.999979
3.2999969,-3988.9971,0.0082857181,0.494559,0.115413,4.185128,79.999979
3.3099968,-3988.8757,0.008366665,0.494559,0.115413,4.185128,79.999979
3.3199968,-3988.6,0.0084813741,0.494559,0.115413,4.185128,79.999979
3.3299968,-3990.3674,0.008670126,0.494559,0.115413,4.185128,79.999979
3.3399968,-3989.334,0.008809792,0.494559,0.115413,4.185128,79.999979
3.3499968,-3990.4897,0.0078221411,0.494559,0.115413,4.185128,79.999979
3.3599968,-3989.1276,0.0081909654,0.494559,0.115413,4.185128,79.999979
3.3699968,-3988.3222,0.0086070634,0.494559,0.115413,4.185128,79.999979
3.3799968,-3989.0668,0.0084169097,0.494559,0.115413,4.185128,79.999979
3.3899968,-3990.2178,0.0077351778,0.494559,0.115413,4.185128,79.999979
3.3999968,-3990.5469,0.0088905075,0.494559,0.115413,4.185128,79.999979
3.4099967,-3990.7581,0.0096605942,0.494559,0.115413,4.185128,79.999979
3.4199967,-3988.7718,0.008939956,0.494559,0.115413,4.185128,79.999979
3.4299967,-3990.5988,0.0076060524,0.494559,0.115413,4.185128,79.999979
3.4399967,-3991.084,0.0085429905,0.494559,0.115413,4.185128,79.999979
3.4499967,-3988.8213,0.0087829308,0.494559,0.115413,4.185128,79.999979
3.4599967,-3988.8083,0.0087908928,0.494559,0.115413,4.185128,79.999979
3.4699967,-3989.4845,0.0088616897,0.494559,0.115413,4.185128,79.999979
3.4799967,-3991.1759,0.0081435784,0.494559,0.115413,4.185128,79.999979
3.4899967,-3990.352,0.0083208899,0.494559,0.115413,4.185128,79.999979
3.4999967,-3989.2058,0.0084708002,0.494559,0.115413,4.185128,79.999979
3.5099967,-3988.6617,0.0082795892,0.494559,0.115413,4.185128,79.999979
3.5199966,-3990.4299,0.0074996736,0.494559,0.115413,4.185128,79.999979
3.5299966,-3991.3347,0.0084247758,0.494559,0.115413,4.185128,79.999979
3.5399966,-3990.9304,0.0087211509,0.494559,0.115413,4.185128,79.999979
3.5499966,-3990.5122,0.008159554,0.494559,0.115413,4.185128,79.999979
3.5599966,-3988.6292,0.0086759243,0.494559,0.115413,4.185128,79.999979
3.5699966,-3989.0874,0.0082895963,0.494559,0.115413,4.185128,79.999979
3.5799966,-3989.9503,0.0083349855,0.494559,0.115413,4.185128,79.999979
3.5899966,-3990.9276,0.008086889,0.494559,0.115413,4.185128,79.999979
3.5999966,-3988.8332,0.0092050437,0.494559,0.115413,4.185128,79.999979
3.6099966,-3990.3508,0.0074471316,0.494559,0.115413,4.185128,79.999979
3.6199965,-3990.7771,0.0074950714,0.494559,0.115413,4.185128,79.999979
3.6299965,-3991.2035,0.0073843966,0.494559,0.115413,4.185128,79.999979
3.6399965,-3990.2977,0.0086868286,0.494559,0.115413,4.185128,79.999979
3.6499965,-3990.3675,0.0088893047,0.494559,0.115413,4.185128,79.999979
3.6599965,-3992.3382,0.0082481063,0.494559,0.115413,4.185128,79.999979
3.6699965,-3991.1774,0.0087571065,0.494559,0.115413,4.185128,79.999979
3.6799965,-3988.793,0.0095815584,0.494559,0.115413,4.185128,79.999979
3.6899965,-3990.0793,0.008224455,0.494559,0.115413,4.185128,79.999979
3.6999965,-3990.4119,0.0078005535,0.494559,0.115413,4.185128,79.999979
3.7099965,-3991.2089,0.0089711328,0.494559,0.115413,4.185128,79.999979
3.7199965,-3988.4846,0.0087466988,0.494559,0.115413,4.185128,79.999979
3.7299964,-3991.2077,0.0087967187,0.494559,0.115413,4.185128,79.999979
3.7399964,-3988.9823,0.0079747662,0.494559,0.115413,4.185128,79.999979
3.7499964,-3990.1183,0.0089852034,0.494559,0.115413,4.185128,79.999979
3.7599964,-3990.3471,0.0084680351,0.494559,0.115413,4.185128,79.999979
3.7699964,-3991.1118,0.0078956619,0.494559,0.115413,4.185128,79.999979
3.7799964,-3988.8947,0.0081343584,0.494559,0.115413,4.185128,79.999979
3.7899964,-3990.332,0.0092708306,0.494559,0.115413,4.185128,79.999979
3.7999964,-3988.697,0.0093970944,0.494559,0.115413,4.185128,79.999979
3.8099964,-3990.5894,0.0083578138,0.494559,0.115413,4.185128,79.999979
3.8199964,-3991.0942,0.0084142405,0.494559,0.115413,4.185128,79.999979
3.8299963,-3991.3468,0.0087300399,0.494559,0.115413,4.185128,79.999979
3.8399963,-3990.6097,0.0086002655,0.494559,0.115413,4.185128,79.999979
3.8499963,-3990.039,0.0082264987,0.494559,0.115413,4.185128,79.999979
3.8599963,-3989.7363,0.0081026518,0.494559,0.115413,4.185128,79.999979
3.8699963,-3991.3095,0.0080918863,0.494559,0.115413,4.185128,79.999979
3.8799963,-3991.3775,0.0084033078,0.494559,0.115413,4.185128,79.999979
3.8899963,-3990.6132,0.0093133124,0.494559,0.115413,4.185128,79.999979
3.8999963,-3990.5292,0.0092024993,0.494559,0.115413,4.185128,79.999979
3.9099963,-3989.5172,0.008882908,0.494559,0.115413,4.185128,79.999979
3.9199963,-3990.6728,0.0091710131,0.494559,0.115413,4.185128,79.999979
3.9299963,-3990.6102,0.0083575747,0.494559,0.115413,4.185128,79.999979
3.9399962,-3991.0255,0.0077142011,0.494559,0.115413,4.185128,79.999979
3.9499962,-3991.4466,0.0075894589,0.494559,0.115413,4.185128,79.999979
3.9599962,-3990.8895,0.0084333293,0.494559,0.115413,4.185128,79.999979
3.9699962,-3990.4347,0.0082361776,0.494559,0.115413,4.185128,79.999979
3.9799962,-3988.5672,0.0083796196,0.494559,0.115413,4.185128,79.999979
3.9899962,-3992.3218,0.0084684315,0.494559,0.115413,4.185128,79.999979
3.9999962,-3990.8906,0.0087070307,0.494559,0.115413,4.185128,79.999979
4.0099962,-3991.064,0.0090002448,0.494559,0.115413,4.185128,79.999979
4.0199962,-3991.3184,0.0090496291,0.494559,0.115413,4.185128,79.999979
4.0299962,-3990.5835,0.0093309793,0.494559,0.115413,4.185128,79.999979
4.0399961,-3991.211,0.0088914413,0.494559,0.115413,4.185128,79.999979
4.0499961,-3990.7198,0.0087711787,0.494559,0.115413,4.185128,79.999979
4.0599961,-3991.0142,0.0089769363,0.494559,0.115413,4.185128,79.999979
4.0699961,-3989.9518,0.0087958709,0.494559,0.115413,4.185128,79.999979
4.0799961,-3988.9679,0.0087490519,0.494559,0.115413,4.185128,79.999979
4.0899961,-3991.1708,0.0080349079,0.494559,0.115413,4.185128,79.999979
4.0999961,-3991.217,0.0090390122,0.494559,0.115413,4.185128,79.999979
4.1099961,-3990.2426,0.0087827181,0.494559,0.115413,4.185128,79.999979
4.1199961,-3990.0005,0.0091704041,0.494559,0.115413,4.185128,79.999979
4.1299961,-3988.9103,0.0089941302,0.494559,0.115413,4.185128,79.999979
4.1399961,-3991.012,0.0085080415,0.494559,0.115413,4.185128,79.999979
4.149996,-3991.8882,0.0086890756,0.494559,0.115413,4.185128,79.999979
4.159996,-3992.1225,0.0084639317,0.494559,0.115413,4.185128,79.999979
4.169996,-3991.2607,0.0086915014,0.494559,0.115413,4.185128,79.999979
4.179996,-3991.7292,0.0086008963,0.494559,0.115413,4.185128,79.999979
4.189996,-3990.2727,0.0084351434,0.494559,0.115413,4.185128,79.999979
4.199996,-3990.6167,0.0080598875,0.494559,0.115413,4.185128,79.999979
4.209996,-3989.7503,0.0092814179,0.494559,0.115413,4.185128,79.999979
4.219996,-3992.0546,0.008450508,0.494559,0.115413,4.185128,79.999979
4.229996,-3990.1321,0.0084609973,0.494559,0.115413,4.185128,79.999979
4.239996,-3990.1684,0.0083808578,0.494559,0.115413,4.185128,79.999979
4.2499959,-3989.5047,0.0088221432,0.494559,0.115413,4.185128,79.999979
4.2599959,-3989.5669,0.0084736607,0.494559,0.115413,4.185128,79.999979
4.2699959,-3990.3184,0.0090787571,0.494559,0.115413,4.185128,79.999979
4.2799959,-3992.2749,0.0076957889,0.494559,0.115413,4.185128,79.999979
4.2899959,-3990.5372,0.0084835799,0.494559,0.115413,4.185128,79.999979
4.2999959,-3991.2412,0.0082166925,0.494559,0.115413,4.185128,79.999979
4.3099959,-3991.2591,0.0089816394,0.494559,0.115413,4.185128,79.999979
4.3199959,-3991.2591,0.0089816394,0.494559,0.115413,4.185128,79.999979
4.3299959,-3991.1803,0.0086679094,0.494559,0.115413,4.185128,79.999979
4.3399959,-3990.2917,0.0090194578,0.494559,0.115413,4.185128,79.999979
4.3499959,-3991.3819,0.0078950557,0.494559,0.115413,4.185128,79.999979
4.3599958,-3991.0861,0.008521987,0.494559,0.115413,4.185128,79.999979
4.3699958,-3991.9108,0.0080798292,0.494559,0.115413,4.185128,79.999979
4.3799958,-3991.6478,0.0087578349,0.494559,0.115413,4.185128,79.999979
4.3899958,-3992.3636,0.0087414715,0.494559,0.115413,4.185128,79.999979
4.3999958,-3992.3205,0.0084024666,0.494559,0.115413,4.185128,79.999979
4.4099958,-3993.2278,0.0093015874,0.494559,0.115413,4.185128,79.999979
4.4199958,-3991.8686,0.0079319467,0.494559,0.115413,4.185128,79.999979
4.4299958,-3992.1106,0.007525729,0.494559,0.115413,4.185128,79.999979
4.4399958,-3992.1024,0.0076490204,0.494559,0.115413,4.185128,79.999979
4.4499958,-3992.3125,0.0082645678,0.494559,0.115413,4.185128,79.999979
4.4599957,-3991.4088,0.0092168272,0.494559,0.115413,4.185128,79.999979
4.4699957,-3991.0061,0.0083911698,0.494559,0.115413,4.185128,79.999979
4.4799957,-3993.771,0.0075794716,0.494559,0.115413,4.185128,79.999979
4.4899957,-3992.5387,0.0082576812,0.494559,0.115413,4.185128,79.999979
4.4999957,-3992.518,0.0084185567,0.494559,0.115413,4.185128,79.999979
4.5099957,-3992.5634,0.0090705332,0.494559,0.115413,4.185128,79.999979
4.5199957,-3990.2455,0.0089739588,0.494559,0.115413,4.185128,79.999979
4.5299957,-3990.2833,0.0082777699,0.494559,0.115413,4.185128,79.999979
4.5399957,-3993.5398,0.0088951762,0.494559,0.115413,4.185128,79.999979
4.5499957,-3993.5438,0.0094344442,0.494559,0.115413,4.185128,79.999979
4.5599957,-3993.049,0.0094344442,0.494559,0.115413,4.185128,79.999979
4.5699956,-3993.049,0.0091024644,0.494559,0.115413,4.185128,79.999979
4.5799956,-3991.4299,0.0087960124,0.494559,0.115413,4.185128,79.999979
4.5899956,-3992.5699,0.0088407258,0.494559,0.115413,4.185128,79.999979
4.5999956,-3993.7212,0.0083983507,0.494559,0.115413,4.185128,79.999979
4.6099956,-3993.1332,0.0094650595,0.494559,0.115413,4.185128,79.999979
4.6199956,-3993.2694,0.0085701154,0.494559,0.115413,4.185128,79.999979
4.6299956,-3993.6192,0.008907651,0.494559,0.115413,4.185128,79.999979
4.6399956,-3992.7913,0.008044398,0.494559,0.115413,4.185128,79.999979
4.6499956,-3991.9459,0.0084552135,0.494559,0.115413,4.185128,79.999979
4.6599956,-3992.4758,0.0084779284,0.494559,0.115413,4.185128,79.999979
4.6699955,-3992.4871,0.0086318513,0.494559,0.115413,4.185128,79.999979
4.6799955,-3992.5599,0.0089249776,0.494559,0.115413,4.185128,79.999979
4.6899955,-3993.3695,0.0089249776,0.494559,0.115413,4.185128,79.999979
4.6999955,-3994.2818,0.0089620143,0.494559,0.115413,4.185128,79.999979
4.7099955,-3992.7602,0.0084586446,0.494559,0.115413,4.185128,79.999979
4.7199955,-3991.9788,0.0090626424,0.494559,0.115413,4.185128,79.999979
4.7299955,-3990.2844,0.0082342967,0.494559,0.115413,4.185128,79.999979
4.7399955,-3992.6363,0.0084537427,0.494559,0.115413,4.185128,79.999979
4.7499955,-3992.3587,0.0084510962,0.494559,0.115413,4.185128,79.999979
4.7599955,-3992.9243,0.0094879092,0.494559,0.115413,4.185128,79.999979
4.7699955,-3993.5759,0.0085219088,0.494559,0.115413,4.185128,79.999979
4.7799954,-3992.5428,0.0090734253,0.494559,0.115413,4.185128,79.999979
4.7899954,-3991.6227,0.0080099909,0.494559,0.115413,4.185128,79.999979
4.7999954,-3991.7082,0.0088698938,0.494559,0.115413,4.185128,79.999979
4.8099954,-3992.2666,0.0089389559,0.494559,0.115413,4.185128,79.999979
4.8199954,-3992.4467,0.0087988796,0.494559,0.115413,4.185128,79.999979
4.8299954,-3992.7597,0.0092733449,0.494559,0.115413,4.185128,79.999979
4.8399954,-3992.1775,0.0085268605,0.494559,0.115413,4.185128,79.999979
4.8499954,-3991.5135,0.0068521941,0.494559,0.115413,4.185128,79.999979
4.8599954,-3992.4806,0.0085064587,0.494559,0.115413,4.185128,79.999979
4.8699954,-3992.9368,0.0087505213,0.494559,0.115413,4.185128,79.999979
4.8799953,-3993.3929,0.0083050336,0.494559,0.115413,4.185128,79.999979
4.8899953,-3992.5509,0.008489197,0.494559,0.115413,4.185128,79.999979
4.8999953,-3991.4626,0.008369884,0.494559,0.115413,4.185128,79.999979
4.9099953,-3991.8245,0.0087938907,0.494559,0.115413,4.185128,79.999979
4.9199953,-3992.7863,0.008488446,0.494559,0.115413,4.185128,79.999979
4.9299953,-3993.2571,0.0085466893,0.494559,0.115413,4.185128,79.999979
4.9399953,-3992.1275,0.0086113728,0.494559,0.115413,4.185128,79.999979
4.9499953,-3992.9141,0.0080321577,0.494559,0.115413,4.185128,79.999979
4.9599953,-3993.4467,0.009313272,0.494559,0.115413,4.185128,79.999979
4.9699953,-3991.264,0.0089811399,0.494559,0.115413,4.185128,79.999979
4.9799953,-3993.9369,0.0082612513,0.494559,0.115413,4.185128,79.999979
4.9899952,-3992.0784,0.0088644028,0.494559,0.115413,4.185128,79.999979
4.9999952,-3990.7526,0.0082894143,0.494559,0.115413,4.185128,79.999979
5.0099952,-3992.7316,0.0080817436,0.494559,0.115413,4.185128,79.999979
5.0199952,-3992.2409,0.008689132,0.494559,0.115413,4.185128,79.999979
5.0299952,-3991.8301,0.0089558456,0.494559,0.115413,4.185128,79.999979
5.0399952,-3994.3052,0.0094403914,0.494559,0.115413,4.185128,79.999979
5.0499952,-3992.6267,0.0094125415,0.494559,0.115413,4.185128,79.999979
5.0599952,-3991.1485,0.0092520051,0.494559,0.115413,4.185128,79.999979
5.0699952,-3990.9534,0.0090710799,0.494559,0.115413,4.185128,79.999979
5.0799952,-3992.1607,0.0088901548,0.494559,0.115413,4.185128,79.999979
5.0899951,-3992.5901,0.0084483544,0.494559,0.115413,4.185128,79.999979
5.0999951,-3994.5504,0.0091142752,0.494559,0.115413,4.185128,79.999979
5.1099951,-3991.8541,0.0082754235,0.494559,0.115413,4.185128,79.999979
5.1199951,-3991.1165,0.0085174605,0.494559,0.115413,4.185128,79.999979
5.1299951,-3991.1165,0.0087594974,0.494559,0.115413,4.185128,79.999979
5.1399951,-3993.8458,0.0074465786,0.494559,0.115413,4.185128,79.999979
5.1499951,-3992.8689,0.008398722,0.494559,0.115413,4.185128,79.999979
5.1599951,-3993.8704,0.0081715576,0.494559,0.115413,4.185128,79.999979
5.1699951,-3991.9884,0.0086781994,0.494559,0.115413,4.185128,79.999979
5.1799951,-3993.8226,0.0086681695,0.494559,0.115413,4.185128,79.999979
5.1899951,-3992.0601,0.0083406567,0.494559,0.115413,4.185128,79.999979
5.199995,-3992.1229,0.0084018801,0.494559,0.115413,4.185128,79.999979
5.209995,-3993.1724,0.0081959877,0.494559,0.115413,4.185128,79.999979
5.219995,-3991.5519,0.0078908546,0.494559,0.115413,4.185128,79.999979
5.229995,-3992.0485,0.0085434502,0.494559,0.115413,4.185128,79.999979
5.239995,-3994.2865,0.0083875429,0.494559,0.115413,4.185128,79.999979
5.249995,-3993.4154,0.0083546913,0.494559,0.115413,4.185128,79.999979
5.259995,-3993.8967,0.0084072608,0.494559,0.115413,4.185128,79.999979
5.269995,-3994.0926,0.0091422468,0.494559,0.115413,4.185128,79.999979
5.279995,-3990.9581,0.0082037246,0.494559,0.115413,4.185128,79.999979
5.289995,-3991.7036,0.0086118174,0.494559,0.115413,4.185128,79.999979
5.2999949,-3994.1109,0.0075590215,0.494559,0.115413,4.185128,79.999979
5.3099949,-3993.1453,0.00915364,0.494559,0.115413,4.185128,79.999979
5.3199949,-3993.6651,0.0094917585,0.494559,0.115413,4.185128,79.999979
5.3299949,-3993.4103,0.0092066682,0.494559,0.115413,4.185128,79.999979
5.3399949,-3993.6054,0.0086619015,0.494559,0.115413,4.185128,79.999979
5.3499949,-3992.6775,0.0089318361,0.494559,0.115413,4.185128,79.999979
5.3599949,-3993.9978,0.008598322,0.494559,0.115413,4.185128,79.999979
5.3699949,-3991.9401,0.0081753096,0.494559,0.115413,4.185128,79.999979
5.3799949,-3991.9401,0.0083547024,0.494559,0.115413,4.185128,79.999979
5.3899949,-3991.9401,0.0085340951,0.494559,0.115413,4.185128,79.999979
5.3999949,-3992.3162,0.0087895782,0.494559,0.115413,4.185128,79.999979
5.4099948,-3993.4242,0.0088079497,0.494559,0.115413,4.185128,79.999979
5.4199948,-3994.7504,0.008636494,0.494559,0.115413,4.185128,79.999979
5.4299948,-3994.7242,0.0084715985,0.494559,0.115413,4.185128,79.999979
5.4399948,-3994.6981,0.0080419631,0.494559,0.115413,4.185128,79.999979
5.4499948,-3993.4548,0.0085562834,0.494559,0.115413,4.185128,79.999979
5.4599948,-3993.8294,0.0084148323,0.494559,0.115413,4.185128,79.999979
5.4699948,-3991.7565,0.0087802625,0.494559,0.115413,4.185128,79.999979
5.4799948,-3991.2273,0.008516733,0.494559,0.115413,4.185128,79.999979
5.4899948,-3993.2547,0.0081266736,0.494559,0.115413,4.185128,79.999979
5.4999948,-3993.6637,0.0074145175,0.494559,0.115413,4.185128,79.999979
5.5099947,-3993.7621,0.0074145175,0.494559,0.115413,4.185128,79.999979
5.5199947,-3992.2537,0.0086390934,0.494559,0.115413,4.185128,79.999979
5.5299947,-3992.0014,0.0089048184,0.494559,0.115413,4.185128,79.999979
5.5399947,-3994.413,0.0093335883,0.494559,0.115413,4.185128,79.999979
5.5499947,-3992.3794,0.0082330032,0.494559,0.115413,4.185128,79.999979
5.5599947,-3994.4328,0.0079498478,0.494559,0.115413,4.185128,79.999979
5.5699947,-3994.663,0.0076010282,0.494559,0.115413,4.185128,79.999979
5.5799947,-3993.246,0.0077446876,0.494559,0.115413,4.185128,79.999979
5.5899947,-3993.036,0.0077808589,0.494559,0.115413,4.185128,79.999979
5.5999947,-3993.963,0.0080520124,0.494559,0.115413,4.185128,79.999979
5.6099946,-3993.0016,0.0085491469,0.494559,0.115413,4.185128,79.999979
5.6199946,-3993.7962,0.0077725708,0.494559,0.115413,4.185128,79.999979
5.6299946,-3993.5241,0.0082925535,0.494559,0.115413,4.185128,79.999979
5.6399946,-3993.181,0.0089473694,0.494559,0.115413,4.185128,79.999979
5.6499946,-3994.6641,0.0089447294,0.494559,0.115413,4.185128,79.999979
5.6599946,-3994.0463,0.00853221,0.494559,0.115413,4.185128,79.999979
5.6699946,-3992.3708,0.0073833673,0.494559,0.115413,4.185128,79.999979
5.6799946,-3993.5669,0.008256462,0.494559,0.115413,4.185128,79.999979
5.6899946,-3994.0321,0.0088703037,0.494559,0.115413,4.185128,79.999979
5.6999946,-3994.4972,0.0089837891,0.494559,0.115413,4.185128,79.999979
5.7099946,-3993.6149,0.0079470827,0.494559,0.115413,4.185128,79.999979
5.7199945,-3992.4594,0.0080770925,0.494559,0.115413,4.185128,79.999979
5.7299945,-3994.6493,0.0087443419,0.494559,0.115413,4.185128,79.999979
5.7399945,-3993.5758,0.0086923433,0.494559,0.115413,4.185128,79.999979
5.7499945,-3991.4601,0.008210048,0.494559,0.115413,4.185128,79.999979
5.7599945,-3993.1945,0.0086856177,0.494559,0.115413,4.185128,79.999979
5.7699945,-3993.1684,0.0085549678,0.494559,0.115413,4.185128,79.999979
5.7799945,-3993.4364,0.0083388385,0.494559,0.115413,4.185128,79.999979
5.7899945,-3994.626,0.0081354218,0.494559,0.115413,4.185128,79.999979
5.7999945,-3993.8505,0.0083536491,0.494559,0.115413,4.185128,79.999979
5.8099945,-3992.837,0.0083634367,0.494559,0.115413,4.185128,79.999979
5.8199944,-3991.8352,0.0084793596,0.494559,0.115413,4.185128,79.999979
5.8299944,-3991.6732,0.0088963526,0.494559,0.115413,4.185128,79.999979
5.8399944,-3993.7061,0.0092198473,0.494559,0.115413,4.185128,79.999979
5.8499944,-3994.995,0.008493299,0.494559,0.115413,4.185128,79.999979
5.8599944,-3994.4122,0.0089888762,0.494559,0.115413,4.185128,79.999979
5.8699944,-3993.9186,0.0088048366,0.494559,0.115413,4.185128,79.999979
5.8799944,-3992.8639,0.0082719468,0.494559,0.115413,4.185128,79.999979
5.8899944,-3993.6837,0.0077283144,0.494559,0.115413,4.185128,79.999979
5.8999944,-3992.2615,0.0081169089,0.494559,0.115413,4.185128,79.999979
5.9099944,-3994.8275,0.0086609623,0.494559,0.115413,4.185128,79.999979
5.9199944,-3993.9361,0.0085585922,0.494559,0.115413,4.185128,79.999979
5.9299943,-3994.6598,0.0086170439,0.494559,0.115413,4.185128,79.999979
5.9399943,-3992.439,0.0085438478,0.494559,0.115413,4.185128,79.999979
5.9499943,-3993.3508,0.0087844083,0.494559,0.115413,4.185128,79.999979
5.9599943,-3993.8231,0.0092889464,0.494559,0.115413,4.185128,79.999979
5.9699943,-3992.8299,0.0084353042,0.494559,0.115413,4.185128,79.999979
5.9799943,-3994.7693,0.0088694366,0.494559,0.115413,4.185128,79.999979
5.9899943,-3992.5066,0.0083811182,0.494559,0.115413,4.185128,79.999979
5.9999943,-3992.8854,0.0084664014,0.494559,0.115413,4.185128,79.999979
6.0099943,-3994.2271,0.0080068415,0.494559,0.115413,4.185128,79.999979
6.0199943,-3994.8037,0.008535298,0.494559,0.115413,4.185128,79.999979
6.0299942,-3992.1864,0.0078419242,0.494559,0.115413,4.185128,79.999979
6.0399942,-3994.2663,0.0087150824,0.494559,0.115413,4.185128,79.999979
6.0499942,-3992.6881,0.0085059242,0.494559,0.115413,4.185128,79.999979
6.0599942,-3995.0762,0.0087890246,0.494559,0.115413,4.185128,79.999979
6.0699942,-3992.9546,0.0085426048,0.494559,0.115413,4.185128,79.999979
6.0799942,-3992.9546,0.008296185,0.494559,0.115413,4.185128,79.999979
6.0899942,-3994.327,0.0082050584,0.494559,0.115413,4.185128,79.999979
6.0999942,-3992.1542,0.0083885525,0.494559,0.115413,4.185128,79.999979
6.1099942,-3993.1694,0.0081256445,0.494559,0.115413,4.185128,79.999979
6.1199942,-3994.7071,0.0091957653,0.494559,0.115413,4.185128,79.999979
6.1299942,-3994.5235,0.0093528194,0.494559,0.115413,4.185128,79.999979
6.1399941,-3994.4007,0.0089421547,0.494559,0.115413,4.185128,79.999979
6.1499941,-3994.5441,0.0091533869,0.53745999,0.12121732,4.1842439,79.999979
6.1599941,-3994.859,0.0082063274,0.88283354,0.20365907,4.1716868,79.999979
6.1699941,-3994.4609,0.0096682479,1.2282071,0.28610082,4.1591297,79.999979
6.1799941,-3994.9155,0.0092687148,1.5735807,0.36854256,4.1465727,79.999979
6.1899941,-3994.0873,0.0088585579,1.9189542,0.45098431,4.1340156,79.999979
6.1999941,-3992.8459,0.0081275441,2.2643278,0.53342606,4.1214585,79.999979
6.2099941,-3994.5107,0.0084527285,2.6097013,0.61586781,4.1089014,79.999979
6.2199941,-3991.6307,0.0091170672,2.9550749,0.69830956,4.0963443,79.999979
6.2299941,-3994.2634,0.007384551,3.2936613,0.78075131,4.0837872,79.999979
6.239994,-3993.8039,0.0086325387,3.3110695,0.78913797,4.0914346,79.999979
6.249994,-3992.0863,0.0086840072,3.3284777,0.79067294,4.1055785,79.999979
6.259994,-3991.6599,0.0086806449,3.3458859,0.7922079,4.1197224,79.999979
6.269994,-3993.8489,0.0084813872,3.3632941,0.79374286,4.1338663,79.999979
6.279994,-3994.1694,0.0090493788,3.3807024,0.79527783,4.1480102,79.999979
6.289994,-3994.0325,0.0075015307,3.3981106,0.79681279,4.162154,79.999979
6.299994,-3993.6443,0.0084871022,3.4155188,0.79834775,4.1762979,79.999979
6.309994,-3992.5861,0.0084014036,3.432927,0.79988271,4.1904418,79.999979
6.319994,-3993.3104,0.008315705,3.4503352,0.80141768,4.2045857,79.999979
6.329994,-3994.9413,0.008878805,3.4677434,0.80295264,4.2187296,79.999979
6.339994,-3993.0485,0.0080128981,3.466682,0.80369766,4.2135205,79.999979
6.3499939,-3993.9829,0.0087932428,3.4653846,0.80443258,4.2080643,79.999979
6.3599939,-3995.2796,0.0095658889,3.4640872,0.80516751,4.202608,79.999979
6.3699939,-3995.0834,0.0089491818,3.4627898,0.80590244,4.1971517,79.999979
6.3799939,-3993.7275,0.0086312336,3.4614924,0.80663736,4.1916955,79.999979
6.3899939,-3993.6146,0.0091344566,3.460195,0.80737229,4.1862392,79.999979
6.3999939,-3994.3702,0.0082123899,3.4588976,0.80810722,4.1807829,79.999979
6.4099939,-3994.1251,0.0086765506,3.1549404,0.73830697,4.2043675,79.999979
6.4199939,-3993.4254,0.0090692791,2.776729,0.65120174,4.2402042,79.999979
6.4299939,-3994.3135,0.0087218874,2.3985177,0.5640965,4.2760409,79.999979
6.4399939,-3994.7355,0.0085065499,2.0203063,0.47699126,4.3118776,79.999979
6.4499938,-3993.8482,0.0081348595,1.642095,0.38988603,4.3477143,79.999979
6.4599938,-3994.5657,0.0085857739,1.2638836,0.30278079,4.383551,79.999979
6.4699938,-3994.1638,0.0086419758,0.88567225,0.21567556,4.4193877,79.999979
6.4799938,-3993.9109,0.0095720261,0.5074609,0.12857032,4.4552244,79.999979
6.4899938,-3993.8137,0.008741134,0.50698865,0.11161932,4.4457124,79.999979
6.4999938,-3993.8774,0.0083010007,0.50750967,0.11249634,4.4164836,79.999979
6.5099938,-3992.9369,0.0083034919,0.50803068,0.11337337,4.3872548,79.999979
6.5199938,-3992.3168,0.0084429672,0.5085517,0.1142504,4.3580259,79.999979
6.5299938,-3991.3347,0.0090890927,0.50907272,0.11512743,4.3287971,79.999979
6.5399938,-3990.617,0.0082487505,0.50959373,0.11600446,4.2995683,79.999979
6.5499938,-3990.577,0.0077001844,0.51011475,0.11688149,4.2703395,79.999979
6.5599937,-3989.5718,0.0091081223,0.51063577,0.11775852,4.2411107,79.999979
6.5699937,-3988.5665,0.0088902294,0.51115678,0.11863555,4.2118819,79.999979
6.5799937,-3982.1818,0.0069861319,0.51154449,0.11948888,4.182653,79.999979
6.5899937,-3872.2243,0.0020583877,0.51001051,0.11840153,4.2083609,79.999979
6.5999937,-3823.2413,0.00038169494,0.50847653,0.11731418,4.2363597,79.999979
6.6099937,-3775.0585,0.00030862257,0.50694256,0.11622682,4.2643584,79.999979
6.6199937,-3765.4677,-3.4021614e-05,0.50540858,0.11513947,4.2923572,79.999979
6.6299937,-3765.4677,-0.0008873766,0.5038746,0.11405212,4.3203559,79.999979
6.6399937,-3730.0705,-0.0019820072,0.50234063,0.11296476,4.3483546,79.999979
6.6499937,-3581.7554,-0.0074973569,0.50081898,0.11189066,4.3759551,79.999979
6.6599936,-3516.0933,-0.0095625718,0.50044161,0.11204597,4.3665808,79.999979
6.6699936,-3442.5341,-0.011423109,0.50006424,0.11220129,4.3572064,79.999979
6.6799936,-3431.2421,-0.012191014,0.49968687,0.1123566,4.3478321,79.999979
6.6899936,-3418.8206,-0.011943862,0.4993095,0.11251192,4.3384578,79.999979
6.6999936,-3402.784,-0.011956014,0.49893213,0.11266724,4.3290835,79.999979
6.7099936,-3383.3954,-0.012206028,0.49855476,0.11282255,4.3197091,79.999979
6.7199936,-3366.1555,-0.01302629,0.49817739,0.11297787,4.3103348,79.999979
6.7299936,-3230.9824,-0.017623814,0.49780002,0.11313319,4.3009605,79.999979
6.7399936,-3165.1254,-0.020348167,0.49742265,0.1132885,4.2915862,79.999979
6.7499936,-3145.8435,-0.021528013,0.49704528,0.11344382,4.2822118,79.999979
6.7599936,-3115.1664,-0.021552522,0.49666791,0.11359914,4.2728375,79.999979
6.7699935,-2939.5885,-0.025073818,0.4976251,0.1134075,4.2818648,79.999979
6.7799935,-2947.915,-0.025722935,0.49928291,0.11297997,4.3063824,79.999979
6.7899935,-2956.8066,-0.024825788,0.50094072,0.11255243,4.3308999,79.999979
6.7999935,-2954.8019,-0.02467612,0.50259853,0.11212489,4.3554175,79.999979
6.8099935,-2961.5793,-0.025302119,0.50425634,0.11169735,4.379935,79.999979
6.8199935,-2960.799,-0.025302119,0.50511662,0.11151468,4.4044526,79.999979
6.8299935,-2960.0187,-0.025302119,0.50388228,0.11247958,4.4289701,79.999979
6.8399935,-2961.607,-0.024812174,0.50264793,0.11344447,4.4066047,79.999979
6.8499935,-2969.9857,-0.023949913,0.50141358,0.11440936,4.3486037,79.999979
6.8599935,-2972.068,-0.024828238,0.50017924,0.11537425,4.2906028,79.999979
6.8699934,-2976.4011,-0.02435269,0.49894489,0.11633915,4.2326019,79.999979
6.8799934,-2976.616,-0.024592408,0.49771054,0.11730404,4.174601,79.999979
6.8899934,-2977.4275,-0.025306809,0.4964762,0.11826893,4.1166001,79.999979
6.8999934,-2978.5803,-0.023714803,0.49524185,0.11923382,4.0585991,79.999979
6.9099934,-2984.0669,-0.024248048,0.49552722,0.11963734,4.0417424,79.999979
6.9199934,-2989.558,-0.024367681,0.49666288,0.11972676,4.0479063,79.999979
6.9299934,-2990.6193,-0.023951654,0.49779855,0.11981618,4.0540701,79.999979
6.9399934,-2992.5354,-0.023695295,0.49893421,0.1199056,4.060234,79.999979
6.9499934,-2991.3514,-0.023695295,0.50006987,0.11999502,4.0663979,79.999979
6.9599934,-2989.5458,-0.024073284,0.50120554,0.12008444,4.0725617,79.999979
6.9699934,-2997.4821,-0.023448936,0.5023412,0.12017386,4.0787256,79.999979
6.9799933,-3000.1743,-0.023811355,0.5033246,0.12026328,4.0848894,79.999979
6.9899933,-3002.5326,-0.024669424,0.50253598,0.11998608,4.0898055,79.999979
6.9999933,-3003.8923,-0.023296305,0.50174737,0.11968845,4.0945731,79.999979
7.0099933,-3004.0129,-0.023878691,0.50095876,0.11939082,4.0993407,79.999979
7.0199933,-3004.276,-0.024101748,0.50017015,0.1190932,4.1041083,79.999979
7.0299933,-3006.5287,-0.024434422,0.49938154,0.11879557,4.1088759,79.999979
7.0399933,-3012.7143,-0.023435916,0.49859292,0.11849794,4.1136435,79.999979
7.0499933,-3013.2387,-0.023996838,0.49780431,0.11820031,4.1184111,79.999979
7.0599933,-3015.7289,-0.024391216,0.4970157,0.11790269,4.1231787,79.999979
7.0699933,-3015.9903,-0.024283429,0.49647904,0.11760506,4.1279463,79.999979
7.0799932,-3016.2518,-0.024089156,0.49624403,0.1173336,4.1327139,79.999979
7.0899932,-3017.5404,-0.02288258,0.49600901,0.11765575,4.1190973,79.999979
7.0999932,-3020.1132,-0.023633402,0.495774,0.11797789,4.1052933,79.999979
7.1099932,-3022.1227,-0.023785219,0.49553898,0.11830004,4.0914894,79.999979
7.1199932,-3021.3371,-0.023550648,0.49530397,0.11862218,4.0776855,79.999979
7.1299932,-3022.319,-0.023135933,0.49506895,0.11894433,4.0638815,79.999979
7.1399932,-3023.5701,-0.023694229,0.49483394,0.11926648,4.0500776,79.999979
7.1499932,-3023.1879,-0.023444901,0.49459892,0.11958862,4.0362736,79.999979
7.1599932,-3028.242,-0.022934236,0.49491252,0.11933773,4.0473708,79.999979
7.1699932,-3028.6363,-0.023912041,0.49558489,0.11862143,4.0786922,79.999979
7.1799932,-3029.4949,-0.024335142,0.49625727,0.11790514,4.1100136,79.999979
7.1899931,-3028.9046,-0.023546475,0.49692964,0.11718884,4.1413351,79.999979
7.1999931,-3033.262,-0.023413817,0.49760201,0.11647254,4.1726565,79.999979
7.2099931,-3034.5618,-0.023499349,0.49827439,0.11575624,4.2039779,79.999979
7.2199931,-3035.2545,-0.023559188,0.49894676,0.11503994,4.2352993,79.999979
7.2299931,-3034.056,-0.02284477,0.49963686,0.11432365,4.2666207,79.999979
7.2399931,-3035.961,-0.02344538,0.50069206,0.11419742,4.2827513,79.999979
7.2499931,-3036.2243,-0.023417757,0.50174727,0.11407504,4.2969621,79.999979
7.2599931,-3036.3914,-0.023321009,0.50280248,0.11395267,4.3111729,79.999979
7.2699931,-3039.4978,-0.022237157,0.50385768,0.1138303,4.3253836,79.999979
7.2799931,-3041.7548,-0.023344855,0.50491289,0.11370792,4.3395944,79.999979
7.289993,-3040.5921,-0.02302831,0.5059681,0.11358555,4.3538051,79.999979
7.299993,-3044.1108,-0.02304731,0.5070233,0.11346317,4.3680159,79.999979
7.309993,-3044.9436,-0.022634429,0.50807851,0.1133408,4.3822267,79.999979
7.319993,-3047.1568,-0.021978593,0.50902213,0.11321842,4.3964374,79.999979
7.329993,-3048.8452,-0.021645421,0.50668582,0.11409863,4.3446116,79.999979
7.339993,-3049.1528,-0.021898042,0.5043495,0.11499909,4.291451,79.999979
7.349993,-3049.1579,-0.022749885,0.50201319,0.11589956,4.2382904,79.999979
7.359993,-3050.9244,-0.02296007,0.49967687,0.11680003,4.1851298,79.999979
7.369993,-3050.0691,-0.022426255,0.49734056,0.1177005,4.1319692,79.999979
7.379993,-3049.0981,-0.022436006,0.49500425,0.11860096,4.0788086,79.999979
7.389993,-3050.9583,-0.022049218,0.49266793,0.11950143,4.025648,79.999979
7.3999929,-3056.7741,-0.021831026,0.49033162,0.1204019,3.9724874,79.999979
7.4099929,-3061.7426,-0.022523997,0.49078172,0.11999807,3.9900909,79.999979
7.4199929,-3060.3728,-0.022255515,0.49126028,0.11958093,4.0084171,79.999979
7.4299929,-3061.8158,-0.021850503,0.49173885,0.11916379,4.0267433,79.999979
7.4399929,-3062.9688,-0.022023574,0.49221741,0.11874664,4.0450695,79.999979
7.4499929,-3062.9688,-0.021744262,0.49269597,0.1183295,4.0633957,79.999979
7.4599929,-3064.7964,-0.02152285,0.49317453,0.11791236,4.0817219,79.999979
7.4699929,-3072.5857,-0.021483458,0.49365309,0.11749522,4.1000481,79.999979
7.4799929,-3073.6174,-0.021440707,0.49413165,0.11707807,4.1183743,79.999979
7.4899929,-3075.3137,-0.022474763,0.72833136,0.16508751,4.1277617,79.999979
7.4999928,-3075.4296,-0.02240569,1.0222153,0.23479487,4.1307631,79.999979
7.5099928,-3074.1112,-0.021841045,1.3160992,0.30450223,4.1337645,79.999979
7.5199928,-3075.5489,-0.021581158,1.6099831,0.37420959,4.1367659,79.999979
7.5299928,-3078.4577,-0.021768252,1.903867,0.44391696,4.1397673,79.999979
7.5399928,-3079.3936,-0.021595573,2.1977509,0.51362432,4.1427688,79.999979
7.5499928,-3082.2317,-0.021730367,2.4916348,0.58333168,4.1457702,79.999979
7.5599928,-3082.1768,-0.021665957,2.7855187,0.65303904,4.1487716,79.999979
7.5699928,-3081.7101,-0.021568311,3.0794026,0.7227464,4.151773,79.999979
7.5799928,-3084.5656,-0.021460328,3.3732865,0.79245376,4.1547744,79.999979
7.5899928,-3086.5231,-0.022141371,3.4629908,0.81671662,4.1407788,79.999979
7.5999928,-3089.5719,-0.022218686,3.4627844,0.82096798,4.1192985,79.999979
7.6099927,-3088.497,-0.020997257,3.4625781,0.82521935,4.0978182,79.999979
7.6199927,-3090.0181,-0.020986125,3.4623718,0.82947072,4.0763379,79.999979
7.6299927,-3090.9134,-0.02135152,3.4621655,0.83372208,4.0548576,79.999979
7.6399927,-3093.2544,-0.021067626,3.4619592,0.83797345,4.0333773,79.999979
7.6499927,-3092.0242,-0.02157078,3.4335047,0.84222481,4.011897,79.999979
7.6599927,-3093.6219,-0.021553221,3.1122109,0.76587855,3.9890866,79.999979
7.6699927,-3096.6796,-0.020994017,2.7909172,0.68855006,3.9661486,79.999979
7.6799927,-3096.4667,-0.021680138,2.4696234,0.61122157,3.9432105,79.999979
7.6899927,-3093.9834,-0.021061634,2.1483296,0.53389308,3.9202725,79.999979
7.6999927,-3096.7724,-0.021861146,1.8270359,0.45656458,3.8973345,79.999979
7.7099926,-3099.4514,-0.020848714,1.5057421,0.37923609,3.8743965,79.999979
7.7199926,-3098.4907,-0.021326305,1.1844483,0.3019076,3.8514584,79.999979
7.7299926,-3100.7423,-0.020922467,0.86315455,0.2245791,3.8285204,79.999979
7.7399926,-3099.1999,-0.02095811,0.54186079,0.14725061,3.8055824,79.999979
7.7499926,-3100.0855,-0.020801172,0.49771432,0.12773903,3.7826444,79.999979
7.7599926,-3100.6866,-0.020705864,0.49847931,0.12680098,3.7883594,79.999979
7.7699926,-3101.6339,-0.019409597,0.49924431,0.12586293,3.831313,79.999979
7.7799926,-3104.4549,-0.020588319,0.50000931,0.12492488,3.8742666,79.999979
7.7899926,-3105.3226,-0.019820149,0.5007743,0.12398684,3.9172202,79.999979
7.7999926,-3105.2693,-0.020625359,0.5015393,0.12304879,3.9601737,79.999979
7.8099926,-3105.6234,-0.020578184,0.50230429,0.12211074,4.0031273,79.999979
7.8199925,-3106.251,-0.020507175,0.50306929,0.12117269,4.0460809,79.999979
7.8299925,-3106.2668,-0.021308845,0.50383429,0.12023464,4.0890344,79.999979
7.8399925,-3065.2046,-0.024623272,0.50458205,0.12047937,4.0883913,79.999979
7.8499925,-2996.8775,-0.025935497,0.5053249,0.12117197,4.0712397,79.999979
7.8599925,-2929.0908,-0.027902291,0.50606774,0.12186458,4.0540882,79.999979
7.8699925,-2912.7244,-0.028240154,0.50681059,0.12255718,4.0369366,79.999979
7.8799925,-2910.9701,-0.029276729,0.50755344,0.12324978,4.0197851,79.999979
7.8899925,-2774.3195,-0.03469152,0.50829629,0.12394238,4.0026335,79.999979
7.8999925,-2536.6281,-0.041271417,0.50903913,0.12463498,3.985482,79.999979
7.9099925,-2453.2329,-0.044985251,0.50923061,0.12466197,3.9834023,79.999979
7.9199924,-2367.7974,-0.04846559,0.50928966,0.12441103,3.9911321,79.999979
7.9299924,-2328.6205,-0.048668078,0.5093487,0.12416008,3.9988619,79.999979
7.9399924,-2310.615,-0.048668078,0.50940775,0.12390913,4.0065916,79.999979
7.9499924,-2269.4341,-0.049830783,0.50946679,0.12365819,4.0143214,79.999979
7.9599924,-1958.672,-0.063319243,0.50952584,0.12340724,4.0220512,79.999979
7.9699924,-1750.3998,-0.070030423,0.50958488,0.12315629,4.029781,79.999979
7.9799924,-1512.6746,-0.082297747,0.50964393,0.12290534,4.0375107,79.999979
7.9899924,-1406.5385,-0.082184462,0.50959005,0.1226544,4.0452405,79.999979
7.9999924,-1383.1204,-0.081502481,0.50881289,0.12222712,4.0529703,79.999979
8.0099924,-1288.0512,-0.0808205,0.50803572,0.12176501,4.0622861,79.999979
8.0199924,-1192.325,-0.084861532,0.50725856,0.12130291,4.0732617,79.999979
8.0299923,-1199.8817,-0.081828934,0.50648139,0.1208408,4.0842372,79.999979
8.0399923,-1214.8113,-0.083828449,0.50570423,0.12037869,4.0952128,79.999979
8.0499923,-1224.2791,-0.081246246,0.50492707,0.11991658,4.1061884,79.999979
8.0599923,-1225.5546,-0.082382665,0.5041499,0.11945448,4.117164,79.999979
8.0699923,-1226.8301,-0.083307781,0.50337274,0.11899237,4.1281395,79.999979
8.0799923,-1242.6199,-0.082183488,0.50259557,0.11853026,4.1391151,79.999979
8.0899923,-1265.2878,-0.081338924,0.50305959,0.11791925,4.1642372,79.999979
8.0999923,-1272.9068,-0.080228938,0.50376508,0.11727927,4.1940839,79.999979
8.1099923,-1281.0153,-0.080558102,0.50447058,0.1166393,4.2239307,79.999979
8.1199923,-1283.9882,-0.080035613,0.50517607,0.11599932,4.2537774,79.999979
8.1299922,-1284.5747,-0.078561311,0.50588156,0.11535934,4.2836241,79.999979
8.1399922,-1292.1319,-0.079845818,0.50658705,0.11471936,4.3134709,79.999979
8.1499922,-1306.2101,-0.079813512,0.50729254,0.11407939,4.3433176,79.999979
8.1599922,-1309.9667,-0.079990772,0.50671809,0.11473968,4.3238461,79.999979
8.1699922,-1315.504,-0.079052835,0.50598579,0.11575542,4.2811679,79.999979
8.1799922,-1315.8439,-0.07915212,0.50525348,0.11677115,4.2384898,79.999979
8.1899922,-1318.1372,-0.079906291,0.50452117,0.11778688,4.1958116,79.999979
8.1999922,-1327.7303,-0.079367162,0.50378886,0.11880262,4.1531334,79.999979
8.2099922,-1339.5291,-0.078475356,0.50305656,0.11981835,4.1104553,79.999979
8.2199922,-1344.35,-0.078925137,0.50232425,0.12083409,4.0677771,79.999979
8.2299922,-1348.6872,-0.078217604,0.50159194,0.12184982,4.025099,79.999979
8.2399921,-1351.7325,-0.078179002,0.5005048,0.12206488,4.0002723,79.999979
8.2499921,-1354.4485,-0.07793029,0.49919167,0.12149391,4.0090223,79.999979
8.2599921,-1357.1219,-0.078250144,0.49787853,0.12092295,4.0177723,79.999979
8.2699921,-1378.8922,-0.078676965,0.4965654,0.12035198,4.0265223,79.999979
8.2799921,-1385.2082,-0.077144098,0.49525226,0.11978101,4.0352724,79.999979
8.2899921,-1394.8285,-0.077384929,0.49393913,0.11921004,4.0440224,79.999979
8.2999921,-1395.5249,-0.077143816,0.49262599,0.11863907,4.0527724,79.999979
8.3099921,-1396.6156,-0.077668179,0.49131286,0.11806811,4.0615224,79.999979
8.3199921,-1398.0153,-0.077337365,0.48999972,0.11749714,4.0702725,79.999979
8.3299921,-1406.3758,-0.076190561,0.48868658,0.11692617,4.0790225,79.999979
8.339992,-1418.4892,-0.076427743,0.49141731,0.11704725,4.0969888,79.999979
8.349992,-1431.44,-0.076079871,0.49466008,0.11725596,4.1167788,79.999979
8.359992,-1442.166,-0.075520604,0.49790285,0.11746467,4.1365689,79.999979
8.369992,-1447.2489,-0.075984365,0.50114562,0.11767338,4.156359,79.999979
8.379992,-1449.6136,-0.075496113,0.50438839,0.11788209,4.1761491,79.999979
8.389992,-1452.788,-0.075645644,0.50763116,0.1180908,4.1959392,79.999979
8.399992,-1462.2394,-0.07458327,0.51087393,0.11829951,4.2157293,79.999979
8.409992,-1469.1792,-0.075192113,0.51116863,0.11835646,4.2215026,79.999979
8.419992,-1472.4676,-0.074955175,0.50814136,0.118155,4.2034096,79.999979
8.429992,-1475.9567,-0.075544092,0.5051141,0.11795354,4.1853166,79.999979
8.439992,-1476.4114,-0.076454903,0.50208684,0.11775209,4.1672236,79.999979
8.4499919,-1482.9683,-0.075483824,0.49905958,0.11755063,4.1491306,79.999979
8.4599919,-1493.4873,-0.075074118,0.49603232,0.11734917,4.1310376,79.999979
8.4699919,-1494.9186,-0.074054979,0.49300506,0.11714771,4.1129446,79.999979
8.4799919,-1502.1083,-0.073266833,0.4899778,0.11694626,4.0948516,79.999979
8.4899919,-1511.0975,-0.073928537,0.48776374,0.11683924,4.0767586,79.999979
8.4999919,-1517.0349,-0.072831974,0.48867869,0.11757962,4.0589966,79.999979
8.5099919,-1517.5026,-0.072712317,0.48959364,0.11832,4.0412552,79.999979
8.5199919,-1520.5253,-0.073139042,0.49050859,0.11906038,4.0235138,79.999979
8.5299919,-1533.4697,-0.071538589,0.49142354,0.11980076,4.0057723,79.999979
8.5399919,-1559.0907,-0.072529102,0.49233849,0.12054114,3.9880309,79.999979
8.5499918,-1567.3791,-0.072304014,0.49325345,0.12128152,3.9702895,79.999979
8.5599918,-1571.1133,-0.072261711,0.4941684,0.12202189,3.9525481,79.999979
8.5699918,-1574.1517,-0.071995359,0.49508335,0.12276227,3.9348067,79.999979
8.5799918,-1577.1635,-0.071729006,0.4959983,0.12350265,3.9170653,79.999979
8.5899918,-1581.5185,-0.071419392,0.49691325,0.12424303,3.8993238,79.999979
8.5999918,-1593.1003,-0.071561064,0.49744946,0.12429253,3.9021346,79.999979
8.6099918,-1602.9233,-0.070489756,0.49778993,0.12377739,3.9217424,79.999979
8.6199918,-1605.2585,-0.071099627,0.4981304,0.12326225,3.9413502,79.999979
8.6299918,-1607.7548,-0.070068621,0.49847087,0.12274711,3.960958,79.999979
8.6399918,-1607.207,-0.07050776,0.49881134,0.12223197,3.9805658,79.999979
8.6499918,-1606.7263,-0.070942639,0.4991518,0.12171683,4.0001735,79.999979
8.6599917,-1618.6533,-0.069801018,0.49937955,0.12120467,4.0193027,79.999979
8.6699917,-1622.5306,-0.069969732,0.49936226,0.12070086,4.0366257,79.999979
8.6799917,-1625.4957,-0.068424977,0.49934497,0.12019705,4.0539487,79.999979
8.6899917,-1631.2757,-0.069827418,0.49932768,0.11969325,4.0712717,79.999979
8.6999917,-1634.5717,-0.069607754,0.49931039,0.11918944,4.0885947,79.999979
8.7099917,-1633.8471,-0.069080246,0.49929309,0.11868563,4.1059176,79.999979
8.7199917,-1645.0716,-0.068638138,0.4992758,0.11818183,4.1232406,79.999979
8.7299917,-1666.2534,-0.068617539,0.49925851,0.11767802,4.1405636,79.999979
8.7399917,-1678.0784,-0.069054243,0.54566931,0.12106443,4.1578866,79.999979
8.7499917,-1683.3604,-0.067958687,0.83427415,0.19372987,4.1392521,79.999979
8.7599916,-1685.994,-0.068335981,1.122879,0.26639531,4.1163745,79.999979
8.7699916,-1685.692,-0.068697065,1.4114838,0.33906075,4.0934969,79.999979
8.7799916,-1693.7062,-0.068560435,1.7000887,0.41172619,4.0706192,79.999979
8.7899916,-1705.7709,-0.067859955,1.9886935,0.48439163,4.0477416,79.999979
8.7999916,-1714.8874,-0.06736759,2.2772984,0.55705707,4.024864,79.999979
8.8099916,-1727.4856,-0.067479796,2.5659032,0.6297225,4.0019864,79.999979
8.8199916,-1731.7703,-0.067524739,2.854508,0.70238794,3.9791088,79.999979
8.8299916,-1733.1242,-0.067384208,3.1431129,0.77505338,3.9562312,79.999979
8.8399916,-1742.3569,-0.067033531,3.4317177,0.84771882,3.9333536,79.999979
8.8499916,-1743.3027,-0.067286985,3.4651003,0.86165078,3.9217177,79.999979
8.8599916,-1744.2099,-0.066806157,3.4632719,0.86321458,3.912449,79.999979
8.8699915,-1757.6905,-0.066208302,3.4614435,0.86477838,3.9031804,79.999979
8.8799915,-1768.5725,-0.066466166,3.4596151,0.86634219,3.8939118,79.999979
8.8899915,-1777.7908,-0.066706356,3.4577867,0.86790599,3.8846431,79.999979
8.8999915,-1780.6374,-0.066699437,3.4559583,0.86946979,3.8753745,79.999979
8.9099915,-1783.2371,-0.066510097,3.4541299,0.8710336,3.8661059,79.999979
8.9199915,-1800.3912,-0.0660461,3.4523015,0.8725974,3.8568373,79.999979
8.9299915,-1817.2767,-0.065995225,3.0663501,0.77518621,3.8942256,79.999979
8.9399915,-1828.0722,-0.066164354,2.6701596,0.67513676,3.9355747,79.999979
8.9499915,-1837.9043,-0.065837504,2.2739691,0.57508731,3.9769238,79.999979
8.9599915,-1841.3482,-0.065090043,1.8777786,0.47503786,4.0182729,79.999979
8.9699914,-1844.3574,-0.065081146,1.4815881,0.37498841,4.059622,79.999979
8.9799914,-1863.5251,-0.064676491,1.0853977,0.27493895,4.1009711,79.999979
8.9899914,-1910.049,-0.064545256,0.68920716,0.1748895,4.1423202,79.999979
8.9999914,-1918.2704,-0.06423144,0.50276655,0.11839928,4.1560961,79.999979
9.0099914,-1932.436,-0.064583717,0.50163375,0.11959696,4.1137743,79.999979
9.0199914,-1935.0374,-0.064403451,0.50050095,0.12079465,4.0714524,79.999979
9.0299914,-1938.3568,-0.064072946,0.49936814,0.12199234,4.0291305,79.999979
9.0399914,-1945.9224,-0.065021305,0.49823534,0.12319003,3.9868087,79.999979
9.0499914,-1955.0294,-0.063259995,0.49710254,0.12438771,3.9444868,79.999979
9.0599914,-1959.4229,-0.063518148,0.49596973,0.1255854,3.9021649,79.999979
9.0699914,-1966.5338,-0.064060591,0.49483693,0.12678309,3.8598431,79.999979
9.0799913,-1969.5789,-0.063973717,0.49370412,0.12798078,3.8175212,79.999979
9.0899913,-1969.4363,-0.064296564,0.49365011,0.12721132,3.7751993,79.999979
9.0999913,-1969.3556,-0.065943768,0.49365022,0.12634315,3.7731747,79.999979
9.1099913,-1640.4678,-0.074032564,0.49365033,0.12547499,3.8062403,79.999979
9.1199913,-1391.9663,-0.081304276,0.49365044,0.12460683,3.8393059,79.999979
9.1299913,-1261.2067,-0.08612122,0.49365056,0.12373867,3.8723714,79.999979
9.1399913,-1201.3338,-0.091024651,0.49365067,0.1228705,3.905437,79.999979
9.1499913,-1161.2338,-0.093187022,0.49365078,0.12200234,3.9385026,79.999979
9.1599913,-1052.0922,-0.095131294,0.49365089,0.12113418,3.9715682,79.999979
9.1699913,-3583.0389,-0.11023312,0.49368707,0.12026602,4.0046338,79.999979
9.1799912,-5014.6065,-0.12933341,0.49453759,0.12074451,3.9956951,79.999979
9.1899912,-5014.6065,-0.14090548,0.49538812,0.12123397,3.9864141,79.999979
9.1999912,-5014.6065,-0.15233941,0.49623864,0.12172344,3.9771331,79.999979
9.2099912,-5014.6065,-0.15481289,0.49708916,0.1222129,3.9678522,79.999979
9.2199912,-5014.6065,-0.15662539,0.49793968,0.12270237,3.9585712,79.999979
9.2299912,-5014.6065,-0.17022325,0.4987902,0.12319183,3.9492903,79.999979
9.2399912,-5014.6065,-0.21712796,0.49964072,0.1236813,3.9400093,79.999979
9.2499912,-5014.6065,-0.22217841,0.49872007,0.12331621,3.9444594,79.999979
9.2599912,-5014.6065,-0.22103637,0.49768578,0.12278738,3.9537535,79.999979
9.2699912,-5014.6065,-0.22141473,0.49665149,0.12225856,3.9630476,79.999979
9.2799911,-5014.6065,-0.22243157,0.4956172,0.12172974,3.9723416,79.999979
9.2899911,-5014.6065,-0.22388127,0.49458291,0.12120092,3.9816357,79.999979
9.2999911,-5014.6065,-0.2210162,0.49354862,0.1206721,3.9909298,79.999979
9.3099911,-5014.6065,-0.2220865,0.49251433,0.12014327,4.0002239,79.999979
9.3199911,-5014.6065,-0.22175128,0.49148004,0.11961445,4.009518,79.999979
9.3299911,-5014.6065,-0.22203045,0.49044575,0.11908563,4.0188121,79.999979
9.3399911,-5014.6065,-0.22246607,0.48941146,0.11855681,4.0281062,79.999979
9.3499911,-5014.6065,-0.22218638,0.49126768,0.11890086,4.0315261,79.999979
9.3599911,-5014.6065,-0.22106475,0.49341779,0.11933367,4.0343488,79.999979
9.3699911,-5014.6065,-0.22016138,0.4955679,0.11976648,4.0371715,79.999979
9.3799911,-5014.6065,-0.22127015,0.49771802,0.12019928,4.0399941,79.999979
9.389991,-5014.6065,-0.22006557,0.49986813,0.12063209,4.0428168,79.999979
9.399991,-5014.6065,-0.22071407,0.50201825,0.1210649,4.0456394,79.999979
9.409991,-5014.6065,-0.22095366,0.50416836,0.12149771,4.0484621,79.999979
9.419991,-5014.6065,-0.22052621,0.50577362,0.12171103,4.0544144,79.999979
9.429991,-5014.6065,-0.22043497,0.50673976,0.12159637,4.0662355,79.999979
9.439991,-5014.6065,-0.2203806,0.50770591,0.12148171,4.0780566,79.999979
9.449991,-5014.6065,-0.2197946,0.50867205,0.12136705,4.0898776,79.999979
9.459991,-5014.6065,-0.21987759,0.5096382,0.12125239,4.1016987,79.999979
9.469991,-5014.6065,-0.21875421,0.51060434,0.12113773,4.1135198,79.999979
9.479991,-5014.6065,-0.21814545,0.51157049,0.12102307,4.1253408,79.999979
9.4899909,-5014.6065,-0.2175487,0.51253663,0.1209084,4.1371619,79.999979
9.4999909,-5014.6065,-0.21750787,0.51212604,0.12111619,4.1331082,79.999979
9.5099909,-5014.6065,-0.21730265,0.51069027,0.12168295,4.1024246,79.999979
9.5199909,-5014.6065,-0.21826196,0.5092545,0.12224971,4.071741,79.999979
9.5299909,-5014.6065,-0.21833368,0.50781873,0.12281647,4.0410574,79.999979
9.5399909,-5014.6065,-0.21800222,0.50638296,0.12338323,4.0103738,79.999979
9.5499909,-5014.6065,-0.2184412,0.50494719,0.12394999,3.9796902,79.999979
9.5599909,-5014.6065,-0.21871101,0.50351142,0.12451676,3.9490066,79.999979
9.5699909,-5014.6065,-0.21789595,0.50207565,0.12508352,3.918323,79.999979
9.5799909,-5014.6065,-0.2180437,0.50063988,0.12565028,3.8876394,79.999979
9.5899909,-5014.6065,-0.21754944,0.49920411,0.12621704,3.8569559,79.999979
9.5999908,-5014.6065,-0.21681387,0.49842586,0.12666743,3.834658,79.999979
9.6099908,-5014.6065,-0.21701261,0.49908493,0.12678796,3.8361305,79.999979
9.6199908,-5014.6065,-0.21486682,0.49974399,0.1269085,3.8376029,79.999979
9.6299908,-5014.6065,-0.21550192,0.50040305,0.12702903,3.8390754,79.999979
9.6399908,-5014.6065,-0.21568883,0.50106211,0.12714956,3.8405479,79.999979
9.6499908,-5014.6065,-0.21627408,0.50172117,0.12727009,3.8420203,79.999979
9.6599908,-5014.6065,-0.21603151,0.50238023,0.12739062,3.8434928,79.999979
9.6699908,-5014.6065,-0.21520214,0.50303929,0.12751115,3.8449653,79.999979
9.6799908,-5014.6065,-0.21410715,0.50454114,0.12740308,3.8587267,79.999979
9.6899908,-5014.6065,-0.21423631,0.50690222,0.12706196,3.8878782,79.999979
9.6999907,-5014.6065,-0.21411656,0.50926329,0.12672083,3.9170296,79.999979
9.7099907,-5014.6065,-0.21419616,0.51162437,0.1263797,3.946181,79.999979
9.7199907,-5014.6065,-0.21434835,0.51398545,0.12603858,3.9753324,79.999979
9.7299907,-5014.6065,-0.2136623,0.51634652,0.12569745,4.0044839,79.999979
9.7399907,-5014.6065,-0.21379612,0.5187076,0.12535632,4.0336353,79.999979
9.7499907,-5014.6065,-0.21394786,0.51970628,0.12496622,4.0604771,79.999979
9.7599907,-5014.6065,-0.21300518,0.51745011,0.12436728,4.0622558,79.999979
9.7699907,-5014.6065,-0.21246625,0.51519394,0.12376835,4.0640345,79.999979
9.7799907,-5014.6065,-0.21336107,0.51293777,0.12316941,4.0658133,79.999979
9.7899907,-5014.6065,-0.21303599,0.5106816,0.12257047,4.067592,79.999979
9.7999907,-5014.6065,-0.21260514,0.50842543,0.12197154,4.0693707,79.999979
9.8099906,-5014.6065,-0.21235619,0.50616925,0.1213726,4.0711494,79.999979
9.8199906,-5014.6065,-0.21214736,0.50391308,0.12077366,4.0729282,79.999979
9.8299906,-5014.6065,-0.21214366,0.50165691,0.12017473,4.0747069,79.999979
9.8399906,-5014.6065,-0.21178786,0.49940074,0.11957579,4.0764856,79.999979
9.8499906,-5014.6065,-0.21117058,0.4978063,0.11926034,4.076065,79.999979
9.8599906,-5014.6065,-0.21216369,0.49871705,0.1200181,4.0577157,79.999979
9.8699906,-5014.6065,-0.21146917,0.4996278,0.12077587,4.0393664,79.999979
9.8799906,-5014.6065,-0.21119192,0.50053855,0.12153363,4.0210171,79.999979
9.8899906,-5014.6065,-0.21113679,0.5014493,0.1222914,4.0026678,79.999979
9.8999906,-5014.6065,-0.21124405,0.50236005,0.12304916,3.9843185,79.999979
9.9099905,-5014.6065,-0.21065251,0.5032708,0.12380693,3.9659692,79.999979
9.9199905,-5014.6065,-0.21053827,0.50342481,0.12426394,3.95201,79.999979
9.9299905,-5014.6065,-0.2102181,0.50304624,0.12445857,3.9427908,79.999979
9.9399905,-5014.6065,-0.20966751,0.50266768,0.1246532,3.9335716,79.999979
9.9499905,-5014.6065,-0.2093019,0.50228912,0.12484783,3.9243524,79.999979
9.9599905,-5014.6065,-0.2093019,0.50191055,0.12504246,3.9151332,79.999979
9.9699905,-5014.6065,-0.20950743,0.50153199,0.12523709,3.905914,79.999979
9.9799905,-5014.6065,-0.20969879,0.50115343,0.12543171,3.8966948,79.999979
9.9899905,-5014.6065,-0.20982035,0.50077486,0.12562634,3.8874756,79.999979
9.9999905,-5014.6065,-0.20851898,0.55832328,0.13296381,3.8782564,79.999979
10.00999,-5014.6065,-0.20833189,0.85957496,0.21051243,3.8734683,79.999979
10.01999,-5014.6065,-0.20833189,1.1608266,0.28806105,3.8687148,79.999979
10.02999,-5014.6065,-0.20900345,1.4620783,0.36560967,3.8639613,79.999979
10.03999,-5014.6065,-0.20783232,1.76333,0.44315829,3.8592077,79.999979
10.04999,-5014.6065,-0.20792526,2.0645817,0.52070691,3.8544542,79.999979
10.05999,-5014.6065,-0.20655968,2.3658333,0.59825552,3.8497007,79.999979
10.06999,-5014.6065,-0.20746651,2.667085,0.67580414,3.8449471,79.999979
10.07999,-5014.6065,-0.20747891,2.9683367,0.75335276,3.8401936,79.999979
10.08999,-5014.6065,-0.20701903,3.2695884,0.83090138,3.8354401,79.999979
10.09999,-5014.6065,-0.20695593,3.4547421,0.8788577,3.8311516,79.999979
10.10999,-5014.6065,-0.20711211,3.4547008,0.87960952,3.8278013,79.999979
10.11999,-5014.6065,-0.20674914,3.4546595,0.88036134,3.824451,79.999979
10.12999,-5014.6065,-0.20716737,3.4546182,0.88111316,3.8211007,79.999979
10.13999,-5014.6065,-0.20599969,3.4545769,0.88186499,3.8177504,79.999979
10.14999,-5014.6065,-0.20567917,3.4545356,0.88261681,3.8144001,79.999979
10.15999,-5014.6065,-0.2066695,3.4544943,0.88336863,3.8110498,79.999979
10.16999,-5014.6065,-0.20493727,3.3355628,0.86362628,3.8081856,79.999979
10.17999,-5014.6065,-0.2047915,2.9858784,0.77899148,3.809734,79.999979
10.18999,-5014.6065,-0.20517019,2.6361941,0.69435669,3.8112824,79.999979
10.19999,-5014.6065,-0.20513782,2.2865097,0.6097219,3.8128308,79.999979
10.20999,-5014.6065,-0.20531581,1.9368253,0.5250871,3.8143792,79.999979
10.21999,-5014.6065,-0.20504407,1.5871409,0.44045231,3.8159276,79.999979
10.22999,-5014.6065,-0.20493045,1.2374566,0.35581752,3.817476,79.999979
10.23999,-5014.6065,-0.20428546,0.88777218,0.27118272,3.8190244,79.999979
10.24999,-5014.6065,-0.20413362,0.5380878,0.18654793,3.8205728,79.999979
10.25999,-5014.6065,-0.20413362,0.48212762,0.12264117,3.8230735,79.999979
10.26999,-5014.6065,-0.20413362,0.48378144,0.12288344,3.8295999,79.999979
10.27999,-5014.6065,-0.20330997,0.48543525,0.12312571,3.8361262,79.999979
10.28999,-5014.6065,-0.2032466,0.48708907,0.12336799,3.8426526,79.999979
10.29999,-5014.6065,-0.20330183,0.48874289,0.12361026,3.8491789,79.999979
10.30999,-5014.6065,-0.20431946,0.49039671,0.12385254,3.8557053,79.999979
10.31999,-5014.6065,-0.20367988,0.49205053,0.12409481,3.8622316,79.999979
10.32999,-5014.6065,-0.20336385,0.49370435,0.12433708,3.868758,79.999979
10.33999,-5014.6065,-0.20303885,0.49535817,0.12457936,3.8752843,79.999979
10.34999,-5014.6065,-0.20563417,0.49751557,0.12456399,3.8920741,79.999979
10.35999,-5014.6065,-0.21065669,0.50045864,0.12414665,3.9290102,79.999979
10.36999,-5014.6065,-0.21520269,0.50340172,0.12372932,3.9659462,79.999979
10.37999,-5014.6065,-0.21641922,0.50634479,0.12331199,4.0028823,79.999979
10.38999,-5014.6065,-0.22212921,0.50928786,0.12289465,4.0398183,79.999979
10.39999,-5014.6065,-0.22301496,0.51223093,0.12247732,4.0767544,79.999979
10.40999,-5014.6065,-0.25341076,0.51517401,0.12205998,4.1136904,79.999979
10.41999,-5014.6065,-0.26830592,0.51675164,0.12184991,4.1506265,79.999979
10.42999,-5014.6065,-0.26830592,0.51448306,0.12275612,4.1029104,79.999979
10.43999,-5014.6065,-0.26830592,0.51221449,0.12366234,4.0549656,79.999979
10.44999,-5014.6065,-0.26830592,0.50994592,0.12456855,4.0070208,79.999979
10.45999,-5014.6065,-0.26830592,0.50767734,0.12547477,3.9590759,79.999979
10.46999,-5014.6065,-0.26830592,0.50540877,0.12638098,3.9111311,79.999979
10.47999,-5014.6065,-0.24173964,0.5031402,0.1272872,3.8631863,79.999979
10.48999,-5014.6065,-0.11574531,0.50087162,0.12819341,3.8152415,79.999979
10.49999,-5014.6065,-0.079841479,0.49860305,0.12909963,3.7672967,79.999979
10.50999,-5014.6065,-0.079319734,0.49807518,0.1290881,3.7584482,79.999979
10.51999,-5014.6065,-0.079319545,0.49777464,0.12881604,3.7643702,79.999979
10.52999,-5014.6065,-0.079463029,0.4974741,0.12854399,3.7702922,79.999979
10.53999,-5014.6065,-0.079328619,0.49717355,0.12827193,3.7762143,79.999979
10.54999,-5014.6065,-0.079978546,0.49687301,0.12799987,3.7821363,79.999979
10.55999,-5014.6065,-0.079372405,0.49657247,0.12772782,3.7880583,79.999979
10.56999,-5014.6065,-0.079727105,0.49627193,0.12745576,3.7939803,79.999979
10.57999,-5014.6065,-0.079717941,0.49597139,0.12718371,3.7999024,79.999979
10.58999,-5014.6065,-0.079229514,0.49567085,0.12691165,3.8058244,79.999979
10.59999,-5014.6065,-0.079775047,0.49532044,0.12660646,3.8125061,79.999979
10.60999,-5014.6065,-0.079569176,0.49484292,0.12618997,3.8217403,79.999979
10.61999,-5014.6065,-0.079696168,0.4943654,0.12577347,3.8309744,79.999979
10.62999,-5014.6065,-0.080213847,0.49388788,0.12535697,3.8402085,79.999979
10.63999,-5014.6065,-0.079721719,0.49341036,0.12494047,3.8494426,79.999979
10.64999,-5014.6065,-0.079647607,0.49293284,0.12452398,3.8586767,79.999979
10.65999,-5014.6065,-0.080036275,0.49245532,0.12410748,3.8679108,79.999979
10.66999,-5014.6065,-0.080185506,0.49197779,0.12369098,3.877145,79.999979
10.67999,-5014.6065,-0.079965756,0.49325894,0.12450037,3.8632768,79.999979
10.68999,-5014.6065,-0.080274452,0.49470877,0.12559216,3.840846,79.999979
10.69999,-5014.6065,-0.080304783,0.4961586,0.12668395,3.8184151,79.999979
10.70999,-5014.6065,-0.080438173,0.49760844,0.12777574,3.7959843,79.999979
10.71999,-5014.6065,-0.080224042,0.49905827,0.12886753,3.7735534,79.999979
10.72999,-5014.6065,-0.080206684,0.5005081,0.12995931,3.7511226,79.999979
10.73999,-5014.6065,-0.08031979,0.50195794,0.1310511,3.7286918,79.999979
10.74999,-5014.6065,-0.080207985,0.50340777,0.13214289,3.7062609,79.999979
10.75999,-5014.6065,-0.080744109,0.50322107,0.13323468,3.6838301,79.999979
10.76999,-5014.6065,-0.080872061,0.50185833,0.13372934,3.6622265,79.999979
10.77999,-5014.6065,-0.080757391,0.50049559,0.13410271,3.6409347,79.999979
10.78999,-5014.6065,-0.080732711,0.49913285,0.13447608,3.619643,79.999979
10.79999,-5014.6065,-0.080930439,0.49777011,0.13484946,3.5983513,79.999979
10.80999,-5014.6065,-0.080781827,0.49640737,0.13522283,3.5770595,79.999979
10.81999,-5014.6065,-0.081115554,0.49504463,0.1355962,3.5557678,79.999979
10.82999,-5014.6065,-0.081017138,0.49368189,0.13596958,3.5344761,79.999979
10.83999,-5014.6065,-0.081392652,0.49231915,0.13634295,3.5131844,79.999979
10.84999,-5014.6065,-0.081653031,0.49095641,0.13671632,3.4918926,79.999979
10.85999,-5014.6065,-0.081942868,0.49053498,0.13578887,3.5138072,79.999979
10.86999,-5014.6065,-0.081836458,0.4902864,0.13451969,3.547072,79.999979
10.87999,-5014.6065,-0.082836748,0.49003782,0.13325052,3.5803368,79.999979
10.88999,-5014.6065,-0.083543831,0.48978923,0.13198134,3.6136015,79.999979
10.89999,-5014.6065,-0.083657309,0.48954065,0.13071216,3.6468663,79.999979
10.90999,-5014.6065,-0.082328458,0.48929207,0.12944299,3.6801311,79.999979
10.91999,-5014.6065,-0.082925438,0.48904349,0.12817381,3.7133958,79.999979
10.92999,-5014.6065,-0.085274765,0.49041273,0.12765007,3.7378156,79.999979
10.93999,-5014.6065,-0.08341464,0.49252849,0.12770527,3.7517623,79.999979
10.94999,-5014.6065,-0.085028051,0.49464425,0.12776047,3.765709,79.999979
10.95999,-5014.6065,-0.083841641,0.49676,0.12781567,3.7796557,79.999979
10.96999,-5014.6065,-0.083949494,0.49887576,0.12787087,3.7936024,79.999979
10.97999,-5014.6065,-0.08512917,0.50099152,0.12792607,3.8075491,79.999979
10.98999,-5014.6065,-0.085111843,0.50310728,0.12798127,3.8214958,79.999979
10.99999,-5014.6065,-0.085024076,0.50522303,0.12803647,3.8354425,79.999979
11.00999,-5014.6065,-0.086679116,0.50661974,0.12809167,3.8493892,79.999979
11.019989,-5014.6065,-0.08680813,0.50669011,0.12805194,3.8563153,79.999979
11.029989,-5014.6065,-0.088490275,0.50676048,0.12797892,3.8591856,79.999979
11.039989,-5014.6065,-0.088030555,0.50683085,0.1279059,3.8620559,79.999979
11.049989,-5014.6065,-0.088690238,0.50690122,0.12783288,3.8649262,79.999979
11.059989,-5014.6065,-0.088904273,0.50697159,0.12775986,3.8677966,79.999979
11.069989,-5014.6065,-0.09021625,0.50704196,0.12768684,3.8706669,79.999979
11.079989,-5014.6065,-0.090102884,0.50711233,0.12761382,3.8735372,79.999979
11.089989,-5014.6065,-0.089989518,0.5071827,0.1275408,3.8764075,79.999979
11.099989,-5014.6065,-0.093189587,0.50725307,0.12746778,3.8792778,79.999979
11.109989,-5014.6065,-0.091121144,0.50744029,0.12743946,3.8816002,79.999979
11.119989,-5014.6065,-0.092049745,0.50769994,0.12744558,3.8834014,79.999979
11.129989,-5014.6065,-0.094303325,0.50795958,0.1274517,3.8852025,79.999979
11.139989,-5014.6065,-0.096364905,0.50821923,0.12745782,3.8870037,79.999979
11.149989,-5014.6065,-0.09835095,0.50847888,0.12746394,3.8888049,79.999979
11.159989,-5014.6065,-0.10026161,0.50873852,0.12747006,3.8906061,79.999979
11.169989,-5014.6065,-0.097814951,0.50899817,0.12747618,3.8924073,79.999979
11.179989,-5014.6065,-0.10079438,0.50835013,0.12745402,3.8915214,79.999979
11.189989,-5014.6065,-0.10178927,0.506912,0.12738499,3.8834554,79.999979
11.199989,-5014.6065,-0.10579078,0.50547386,0.12731596,3.8753894,79.999979
11.209989,-5014.6065,-0.10579078,0.50403573,0.12724694,3.8673234,79.999979
11.219989,-5014.6065,-0.10279624,0.5025976,0.12717791,3.8592574,79.999979
11.229989,-5014.6065,-0.10485966,0.50115947,0.12710888,3.8511914,79.999979
11.239989,-5014.6065,-0.10587652,0.49972133,0.12703986,3.8431254,79.999979
11.249989,-5014.6065,-0.1077826,0.4982832,0.12697083,3.8350594,79.999979
11.259989,-5014.6065,-0.10385375,0.49684507,0.12690181,3.8269934,79.999979
11.269989,-5014.6065,-0.10638829,0.74347166,0.12683278,3.8189274,79.999979
11.279989,-5014.6065,-0.10892284,1.0723376,0.20674945,3.8151417,79.999979
11.289989,-5014.6065,-0.11357444,1.4012036,0.29986783,3.8158391,79.999979
11.299989,-5014.6065,-0.11098654,1.7300695,0.39298622,3.8165366,79.999979
11.309989,-5014.6065,-0.12097561,2.0589355,0.48610461,3.817234,79.999979
11.319989,-5014.6065,-0.11844175,2.3878014,0.57922299,3.8179315,79.999979
11.329989,-5014.6065,-0.12122153,2.7166674,0.67234138,3.8186289,79.999979
11.339989,-5014.6065,-0.11682564,3.0455333,0.76545977,3.8193264,79.999979
11.349989,-5014.6065,-0.11905232,3.3743993,0.85857815,3.8200238,79.999979
11.359989,-5014.6065,-0.12736933,3.4521563,0.88164627,3.8159742,79.999979
11.369989,-5014.6065,-0.13394285,3.4518787,0.8829456,3.8099867,79.999979
11.379989,-5014.6065,-0.12376565,3.4516012,0.88424492,3.8039991,79.999979
11.389989,-5014.6065,-0.12350817,3.4513237,0.88554424,3.7980116,79.999979
11.399989,-5014.6065,-0.12694463,3.4510461,0.88684356,3.792024,79.999979
11.409989,-5014.6065,-0.13329721,3.4507686,0.88814288,3.7860365,79.999979
11.419989,-5014.6065,-0.13822106,3.4504911,0.88944221,3.780049,79.999979
11.429989,-5014.6065,-0.14261693,3.3533911,0.87593378,3.7768292,79.999979
11.439989,-5014.6065,-0.13763783,3.077435,0.80338279,3.7985745,79.999979
11.449989,-5014.6065,-0.14193385,2.8014788,0.7308318,3.8203199,79.999979
11.459989,-5014.6065,-0.14132259,2.5255227,0.65828081,3.8420652,79.999979
11.469989,-5014.6065,-0.14748432,2.2495666,0.58572982,3.8638105,79.999979
11.479989,-5014.6065,-0.14984271,1.9736104,0.51317882,3.8855558,79.999979
11.489989,-5014.6065,-0.14505931,1.6976543,0.44062783,3.9073011,79.999979
11.499989,-5014.6065,-0.15449949,1.4216981,0.36807684,3.9290464,79.999979
11.509989,-5014.6065,-0.15441128,1.145742,0.29552585,3.9507917,79.999979
11.519989,-5014.6065,-0.15789553,0.86978585,0.22297485,3.972537,79.999979
11.529989,-5014.6065,-0.15538609,0.59382971,0.15042386,3.9942824,79.999979
11.539989,-5014.6065,-0.15955318,0.4972473,0.12207188,3.9757576,79.999979
11.549989,-5014.6065,-0.16777991,0.49628192,0.12328499,3.9302958,79.999979
11.559989,-5014.6065,-0.17555769,0.49531655,0.12449809,3.8848341,79.999979
11.569989,-5014.6065,-0.17664251,0.49435117,0.1257112,3.8393723,79.999979
11.579989,-5014.6065,-0.17426782,0.4933858,0.1269243,3.7939106,79.999979
11.589989,-5014.6065,-0.17588362,0.49242043,0.12813741,3.7484488,79.999979
11.599989,-5014.6065,-0.17088426,0.49145505,0.12935051,3.7029871,79.999979
11.609989,-5014.6065,-0.14933541,0.4914409,0.12964967,3.6896543,79.999979
11.619989,-5014.6065,-0.12180843,0.49223024,0.12917682,3.7098578,79.999979
11.629989,-5014.6065,-0.099428568,0.49301959,0.12870396,3.7300614,79.999979
11.639989,-5014.6065,-0.10404809,0.49380894,0.12823111,3.750265,79.999979
11.649989,-5014.6065,-0.10776958,0.49459828,0.12775826,3.7704685,79.999979
11.659989,-5014.6065,-0.083493723,0.49538763,0.1272854,3.7906721,79.999979
11.669989,-5014.6065,-0.07897382,0.49617698,0.12681255,3.8108756,79.999979
11.679989,-5014.6065,-0.078805409,0.49696632,0.1263397,3.8310792,79.999979
11.689989,-5014.6065,-0.078898933,0.49819397,0.12600967,3.8510938,79.999979
11.699989,-5014.6065,-0.078851068,0.49948208,0.12572026,3.8710187,79.999979
11.709989,-5014.6065,-0.078803204,0.50077018,0.12543085,3.8909436,79.999979
11.719989,-5014.6065,-0.079684049,0.50205829,0.12514144,3.9108685,79.999979
11.729989,-5014.6065,-0.08033085,0.50334639,0.12485203,3.9307934,79.999979
11.739989,-5014.6065,-0.080172428,0.5046345,0.12456262,3.9507183,79.999979
11.749989,-5014.6065,-0.079921823,0.5059226,0.12427321,3.9706431,79.999979
11.759989,-5014.6065,-0.079998741,0.50721071,0.1239838,3.990568,79.999979
11.769989,-5014.6065,-0.079964959,0.50849881,0.12369439,4.0104929,79.999979
11.779989,-5014.6065,-0.079721528,0.50892176,0.12364355,4.0167561,79.999979
11.789989,-5014.6065,-0.079888959,0.50776017,0.12414757,3.9912436,79.999979
11.799989,-5014.6065,-0.079984735,0.50659858,0.1246516,3.9657311,79.999979
11.809989,-5014.6065,-0.079959105,0.50543699,0.12515563,3.9402185,79.999979
11.819989,-5014.6065,-0.07993906,0.5042754,0.12565966,3.914706,79.999979
11.829989,-5014.6065,-0.079963476,0.50311381,0.12616369,3.8891934,79.999979
11.839989,-5014.6065,-0.079951057,0.50195222,0.12666772,3.8636809,79.999979
11.849989,-5014.6065,-0.079819149,0.50079063,0.12717174,3.8381683,79.999979
11.859989,-5014.6065,-0.079836715,0.50035751,0.12714093,3.835492,79.999979
11.869989,-5014.6065,-0.079692282,0.50026709,0.1268585,3.8435589,79.999979
11.879989,-5014.6065,-0.079780043,0.50017667,0.12657607,3.8516258,79.999979
11.889989,-5014.6065,-0.079782993,0.50008625,0.12629363,3.8596927,79.999979
11.899989,-5014.6065,-0.079823406,0.49999583,0.1260112,3.8677596,79.999979
11.909989,-5014.6065,-0.079971347,0.49990542,0.12572877,3.8758265,79.999979
11.919989,-5014.6065,-0.079781334,0.499815,0.12544634,3.8838934,79.999979
11.929989,-5014.6065,-0.079723987,0.49972458,0.12516391,3.8919603,79.999979
11.939989,-5014.6065,-0.079788059,0.49932936,0.12519894,3.890437,79.999979
11.949989,-5014.6065,-0.079727652,0.49877057,0.12549302,3.8773735,79.999979
11.959989,-5014.6065,-0.07965697,0.49821177,0.1257871,3.8643099,79.999979
11.969989,-5014.6065,-0.079709478,0.49765298,0.12608118,3.8512463,79.999979
11.979989,-5014.6065,-0.079625464,0.49709419,0.12637526,3.8381827,79.999979
11.989989,-5014.6065,-0.079693219,0.4965354,0.12666935,3.8251192,79.999979
11.999989,-5014.6065,-0.079741786,0.49597661,0.12696343,3.8120556,79.999979
12.009989,-5014.6065,-0.07974494,0.49541782,0.12725751,3.798992,79.999979
12.019989,-5014.6065,-0.079768444,0.49485902,0.12755159,3.7859284,79.999979
12.029989,-5014.6065,-0.079826756,0.49430023,0.12784567,3.7728649,79.999979
12.039989,-5014.6065,-0.079865788,0.49380968,0.1279842,3.7612447,79.999979
12.049989,-5014.6065,-0.079684336,0.49334655,0.12806018,3.7549501,79.999979
12.059988,-5014.6065,-0.079455807,0.49288343,0.12813617,3.7486555,79.999979
12.069988,-5014.6065,-0.079550786,0.49242031,0.12821215,3.7423609,79.999979
12.079988,-5014.6065,-0.079626768,0.49195719,0.12828814,3.7360664,79.999979
12.089988,-5014.6065,-0.07968749,0.49149406,0.12836412,3.7297718,79.999979
12.099988,-5014.6065,-0.079670601,0.49103094,0.12844011,3.7234772,79.999979
12.109988,-5014.6065,-0.079708165,0.49076888,0.12820659,3.7276784,79.999979
12.119988,-5014.6065,-0.079594524,0.49072866,0.12754974,3.7462358,79.999979
12.129988,-5014.6065,-0.079528402,0.49068844,0.12689289,3.7647932,79.999979
12.139988,-5014.6065,-0.079574881,0.49064822,0.12623604,3.7833505,79.999979
12.149988,-5014.6065,-0.079523195,0.49060799,0.12557919,3.8019079,79.999979
12.159988,-5014.6065,-0.079495171,0.49056777,0.12492234,3.8204653,79.999979
12.169988,-5014.6065,-0.079561144,0.49052755,0.12426549,3.8390227,79.999979
12.179988,-5014.6065,-0.079674915,0.49048733,0.12360865,3.85758,79.999979
12.189988,-5014.6065,-0.079647148,0.49042845,0.12320737,3.8761374,79.999979
12.199988,-5014.6065,-0.07958159,0.4903485,0.12320834,3.8802928,79.999979
12.209988,-5014.6065,-0.079499261,0.49026855,0.1232093,3.8795586,79.999979
12.219988,-5014.6065,-0.079632203,0.4901886,0.12321026,3.8788243,79.999979
12.229988,-5014.6065,-0.079650266,0.49010865,0.12321122,3.8780901,79.999979
12.239988,-5014.6065,-0.0795525,0.49002869,0.12321219,3.8773558,79.999979
12.249988,-5014.6065,-0.079471257,0.48994874,0.12321315,3.8766215,79.999979
12.259988,-5014.6065,-0.079493663,0.48986879,0.12321411,3.8758873,79.999979
12.269988,-5014.6065,-0.07966031,0.48978884,0.12321507,3.875153,79.999979
12.279988,-5014.6065,-0.079639212,0.48975448,0.1232206,3.8744187,79.999979
12.289988,-5014.6065,-0.079457804,0.49084545,0.12333879,3.8791551,79.999979
12.299988,-5014.6065,-0.079546262,0.49193642,0.12345697,3.8840036,79.999979
12.309988,-5014.6065,-0.079626628,0.4930274,0.12357516,3.888852,79.999979
12.319988,-5014.6065,-0.079571073,0.49411837,0.12369334,3.8937005,79.999979
12.329988,-5014.6065,-0.079511479,0.49520934,0.12381153,3.898549,79.999979
12.339988,-5014.6065,-0.079712888,0.49630032,0.12392971,3.9033974,79.999979
12.349988,-5014.6065,-0.079552949,0.49739129,0.1240479,3.9082459,79.999979
12.359988,-5014.6065,-0.079539501,0.49830369,0.12401376,3.9163815,79.999979
12.369988,-5014.6065,-0.079551004,0.49919469,0.12393854,3.9260533,79.999979
12.379988,-5014.6065,-0.079592468,0.50008569,0.12386332,3.9357252,79.999979
12.389988,-5014.6065,-0.079442537,0.5009767,0.12378811,3.945397,79.999979
12.399988,-5014.6065,-0.079494925,0.5018677,0.12371289,3.9550688,79.999979
12.409988,-5014.6065,-0.079408033,0.5027587,0.12363767,3.9647406,79.999979
12.419988,-5014.6065,-0.079540393,0.50364971,0.12356246,3.9744124,79.999979
12.429988,-5014.6065,-0.07949727,0.50454071,0.12348724,3.9840842,79.999979
12.439988,-5014.6065,-0.079457447,0.50493929,0.12383453,3.9800139,79.999979
12.449988,-5014.6065,-0.079457015,0.50506686,0.12453483,3.9587835,79.999979
12.459988,-5014.6065,-0.079440903,0.50519443,0.12523514,3.9375531,79.999979
12.469988,-5014.6065,-0.079478745,0.505322,0.12593544,3.9163227,79.999979
12.479988,-5014.6065,-0.079310847,0.50544958,0.12663574,3.8950923,79.999979
12.489988,-5014.6065,-0.079554393,0.50557715,0.12733604,3.8738619,79.999979
12.499988,-5014.6065,-0.07964026,0.50570472,0.12803634,3.8526315,79.999979
12.509988,-5014.6065,-0.079512564,0.50583229,0.12873665,3.8314011,79.999979
12.519988,-5014.6065,-0.079505782,0.5569559,0.12943695,3.8101707,79.999979
12.529988,-5014.6065,-0.079593266,0.88458716,0.13013725,3.7889403,79.999979
12.539988,-5014.6065,-0.07958378,1.2122184,0.20633315,3.7871162,79.999979
12.549988,-5014.6065,-0.079644316,1.5398497,0.30465983,3.792805,79.999979
12.559988,-5014.6065,-0.079501885,1.8674809,0.40298651,3.7984939,79.999979
12.569988,-5014.6065,-0.079545361,2.1951122,0.5013132,3.8041828,79.999979
12.579988,-5014.6065,-0.079537539,2.5227435,0.59963988,3.8098717,79.999979
12.589988,-5014.6065,-0.079638781,2.8503747,0.69796657,3.8155606,79.999979
12.599988,-5014.6065,-0.079637784,3.178006,0.79629325,3.8212495,79.999979
12.609988,-5014.6065,-0.079594907,3.4637715,0.88211086,3.8269013,79.999979
12.619988,-5014.6065,-0.079620144,3.4629985,0.88231369,3.8251534,79.999979
12.629988,-5014.6065,-0.079599094,3.4622255,0.88251651,3.8234055,79.999979
12.639988,-5014.6065,-0.07957408,3.4614525,0.88271934,3.8216576,79.999979
12.649988,-5014.6065,-0.079526892,3.4606795,0.88292217,3.8199098,79.999979
12.659988,-5014.6065,-0.079473649,3.4599066,0.883125,3.8181619,79.999979
12.669988,-5014.6065,-0.07954889,3.4591336,0.88332783,3.816414,79.999979
12.679988,-5014.6065,-0.079854286,3.4583606,0.88353065,3.8146661,79.999979
12.689988,-5014.6065,-0.079698473,3.3805657,0.87128343,3.8129182,79.999979
12.699988,-5014.6065,-0.079670991,3.0899029,0.7960685,3.8309027,79.999979
12.709988,-5014.6065,-0.079761029,2.7992401,0.72085357,3.8496034,79.999979
12.719988,-5014.6065,-0.079761029,2.5085773,0.64563864,3.868304,79.999979
12.729988,-5014.6065,-0.079557275,2.2179145,0.57042371,3.8870047,79.999979
12.739988,-5014.6065,-0.079552016,1.9272517,0.49520878,3.9057054,79.999979
12.749988,-5014.6065,-0.079632673,1.6365889,0.41999384,3.924406,79.999979
12.759988,-5014.6065,-0.079645624,1.3459261,0.34477891,3.9431067,79.999979
12.769988,-5014.6065,-0.079787148,1.0552633,0.26956398,3.9618074,79.999979
12.779988,-5014.6065,-0.079603658,0.76460045,0.19434905,3.980508,79.999979
12.789988,-5014.6065,-0.079816689,0.50602963,0.12356144,3.9963173,79.999979
12.799988,-5014.6065,-0.079659893,0.5040294,0.12404775,3.9655793,79.999979
12.809988,-5014.6065,-0.079838496,0.50202918,0.12453405,3.9348414,79.999979
12.819988,-5014.6065,-0.079718505,0.50002896,0.12502036,3.9041034,79.999979
12.829988,-5014.6065,-0.07968186,0.49802873,0.12550667,3.8733654,79.999979
12.839988,-5014.6065,-0.07970778,0.49602851,0.12599298,3.8426274,79.999979
12.849988,-5014.6065,-0.079666981,0.49402828,0.12647928,3.8118894,79.999979
12.859988,-5014.6065,-0.079668226,0.49202806,0.12696559,3.7811514,79.999979
12.869988,-5014.6065,-0.079775179,0.49176388,0.1271106,3.769405,79.999979
12.879988,-5014.6065,-0.079653083,0.49156645,0.12716791,3.7661128,79.999979
12.889988,-5014.6065,-0.079574644,0.49136902,0.12722522,3.7628207,79.999979
12.899988,-5014.6065,-0.079587477,0.49117159,0.12728254,3.7595286,79.999979
12.909988,-5014.6065,-0.079527628,0.49097416,0.12733985,3.7562364,79.999979
12.919988,-5014.6065,-0.07943474,0.49077673,0.12739716,3.7529443,79.999979
12.929988,-5014.6065,-0.079421149,0.49057931,0.12745448,3.7496522,79.999979
12.939988,-5014.6065,-0.079284788,0.49038188,0.12751179,3.74636,79.999979
12.949988,-5014.6065,-0.07937413,0.49061233,0.12785056,3.7384716,79.999979
12.959988,-5014.6065,-0.079483405,0.49098742,0.12838086,3.7259028,79.999979
12.969988,-5014.6065,-0.079288107,0.49136252,0.12891115,3.7133339,79.999979
12.979988,-5014.6065,-0.079411935,0.49173761,0.12944145,3.700765,79.999979
12.989988,-5014.6065,-0.07954315,0.4921127,0.12997174,3.6881961,79.999979
12.999988,-5014.6065,-0.079755938,0.49248779,0.13050204,3.6756272,79.999979
13.009988,-5014.6065,-0.079886635,0.49286288,0.13103233,3.6630583,79.999979
13.019988,-5014.6065,-0.079995451,0.49323797,0.13156263,3.6504894,79.999979
13.029988,-5014.6065,-0.079975672,0.49361306,0.13209292,3.6379205,79.999979
13.039988,-5014.6065,-0.080183254,0.49382767,0.13233235,3.6302754,79.999979
13.049988,-5014.6065,-0.080139777,0.49316763,0.13098661,3.6660037,79.999979
13.059988,-5014.6065,-0.080240479,0.4925076,0.12964087,3.701732,79.999979
13.069988,-5014.6065,-0.080213005,0.49184757,0.12829513,3.7374602,79.999979
13.079988,-5014.6065,-0.080062474,0.49118754,0.12694939,3.7731885,79.999979
13.089988,-5014.6065,-0.080062474,0.49052751,0.12560365,3.8089168,79.999979
13.099988,-5014.6065,-0.080060298,0.48986748,0.1242579,3.844645,79.999979
13.109987,-5014.6065,-0.080163738,0.48920744,0.12291216,3.8803733,79.999979
13.119987,-5014.6065,-0.080224116,0.49048426,0.12303523,3.8864665,79.999979
13.129987,-5014.6065,-0.080118282,0.49194924,0.123301,3.8896806,79.999979
13.139987,-5014.6065,-0.08021962,0.49341423,0.12356676,3.8928947,79.999979
13.149987,-5014.6065,-0.080250323,0.49487921,0.12383253,3.8961088,79.999979
13.159987,-5014.6065,-0.08012947,0.49634419,0.12409829,3.8993229,79.999979
13.169987,-5014.6065,-0.080120653,0.49780918,0.12436406,3.9025369,79.999979
13.179987,-5014.6065,-0.080156465,0.49927416,0.12462982,3.905751,79.999979
13.189987,-5014.6065,-0.080008302,0.50073914,0.12489558,3.9089651,79.999979
13.199987,-5014.6065,-0.08007047,0.50220412,0.12516135,3.9121792,79.999979
13.209987,-5014.6065,-0.080127442,0.50366911,0.12542711,3.9153933,79.999979
13.219987,-5014.6065,-0.080317476,0.50380287,0.12568594,3.9093005,79.999979
13.229987,-5014.6065,-0.080234812,0.5033333,0.12594162,3.8974632,79.999979
13.239987,-5014.6065,-0.08018462,0.50286372,0.12619731,3.8856259,79.999979
13.249987,-5014.6065,-0.080233406,0.50239414,0.12645299,3.8737885,79.999979
13.259987,-5014.6065,-0.080343065,0.50192457,0.12670867,3.8619512,79.999979
13.269987,-5014.6065,-0.080282434,0.50145499,0.12696436,3.8501139,79.999979
13.279987,-5014.6065,-0.080272865,0.50098541,0.12722004,3.8382766,79.999979
13.289987,-5014.6065,-0.080269834,0.50070172,0.12718789,3.8367943,79.999979
13.299987,-5014.6065,-0.080135386,0.50061808,0.12677284,3.8490872,79.999979
13.309987,-5014.6065,-0.080202349,0.50053445,0.12635779,3.8613802,79.999979
13.319987,-5014.6065,-0.080202517,0.50045081,0.12594275,3.8736731,79.999979
13.329987,-5014.6065,-0.080199829,0.50036717,0.1255277,3.8859661,79.999979
13.339987,-5014.6065,-0.080124029,0.50028354,0.12511265,3.898259,79.999979
13.349987,-5014.6065,-0.080306619,0.5001999,0.1246976,3.910552,79.999979
13.359987,-5014.6065,-0.080309022,0.50021121,0.12431005,3.9228449,79.999979
13.369987,-5014.6065,-0.080122878,0.50080415,0.12458887,3.9202441,79.999979
13.379987,-5014.6065,-0.08031902,0.50139709,0.1248677,3.9166864,79.999979
13.389987,-5014.6065,-0.080220794,0.50199002,0.12514652,3.9131287,79.999979
13.399987,-5014.6065,-0.080220794,0.50258296,0.12542534,3.909571,79.999979
13.409987,-5014.6065,-0.080245988,0.5031759,0.12570417,3.9060133,79.999979
13.419987,-5014.6065,-0.080067085,0.50376884,0.12598299,3.9024557,79.999979
13.429987,-5014.6065,-0.080091884,0.50436178,0.12626182,3.898898,79.999979
13.439987,-5014.6065,-0.080277511,0.50495472,0.12654064,3.8953403,79.999979
13.449987,-5014.6065,-0.08037668,0.50512258,0.12656659,3.8917826,79.999979
13.459987,-5014.6065,-0.080475849,0.50462279,0.12619537,3.8882249,79.999979
13.469987,-5014.6065,-0.080119478,0.50412299,0.12582414,3.8966463,79.999979
13.479987,-5014.6065,-0.080197767,0.5036232,0.12545292,3.9061105,79.999979
13.489987,-5014.6065,-0.080181679,0.50312341,0.12508169,3.9155747,79.999979
13.499987,-5014.6065,-0.080191581,0.50262361,0.12471047,3.925039,79.999979
13.509987,-5014.6065,-0.080044787,0.50212382,0.12433924,3.9345032,79.999979
13.519987,-5014.6065,-0.080021007,0.50162403,0.12396802,3.9439674,79.999979
13.529987,-5014.6065,-0.080021007,0.50112423,0.12359679,3.9534317,79.999979
13.539987,-5014.6065,-0.080130695,0.50062444,0.12322556,3.9628959,79.999979
13.549987,-5014.6065,-0.080203232,0.49951785,0.12355503,3.9445334,79.999979
13.559987,-5014.6065,-0.080277473,0.49838141,0.12400524,3.9213759,79.999979
13.569987,-5014.6065,-0.080260594,0.49724497,0.12445544,3.8982185,79.999979
13.579987,-5014.6065,-0.080206823,0.49610853,0.12490565,3.875061,79.999979
13.589987,-5014.6065,-0.080186847,0.49497209,0.12535585,3.8519036,79.999979
13.599987,-5014.6065,-0.080145506,0.49383564,0.12580606,3.8287461,79.999979
13.609987,-5014.6065,-0.080139737,0.49293288,0.12615425,3.8055887,79.999979
13.619987,-5014.6065,-0.080093626,0.4930562,0.1254042,3.8270416,79.999979
13.629987,-5014.6065,-0.080123253,0.49317952,0.12465415,3.8491924,79.999979
13.639987,-5014.6065,-0.080087111,0.49330285,0.12390409,3.8713432,79.999979
13.649987,-5014.6065,-0.07997144,0.49342617,0.12315404,3.893494,79.999979
13.659987,-5014.6065,-0.080034107,0.4935495,0.12240399,3.9156448,79.999979
13.669987,-5014.6065,-0.080042162,0.49367282,0.12165394,3.9377956,79.999979
13.679987,-5014.6065,-0.080140978,0.49379615,0.12090389,3.9599465,79.999979
13.689987,-5014.6065,-0.080102895,0.49391947,0.12015384,3.9820973,79.999979
13.699987,-5014.6065,-0.080103818,0.49409085,0.11940378,4.0042481,79.999979
13.709987,-5014.6065,-0.080104742,0.49454722,0.12077292,4.0263989,79.999979
13.719987,-5014.6065,-0.080105666,0.49500359,0.12217588,4.014234,79.999979
13.729987,-5014.6065,-0.08014659,0.49545997,0.12357885,3.9654692,79.999979
13.739987,-5014.6065,-0.080207802,0.49591634,0.12498181,3.9167045,79.999979
13.749987,-5014.6065,-0.080028931,0.49637271,0.12638477,3.8679397,79.999979
13.759987,-5014.6065,-0.080056873,0.49682908,0.12778774,3.819175,79.999979
13.769987,-5014.6065,-0.080078845,0.49728545,0.1291907,3.7704102,79.999979
13.779987,-5014.6065,-0.080053258,0.49774182,0.13059366,3.7216455,79.999979
13.789987,-5014.6065,-0.080196005,0.68878056,0.17909183,3.7004308,79.999979
13.799987,-5014.6065,-0.080277572,1.0468762,0.26887179,3.7153248,79.999979
13.809987,-5014.6065,-0.08021258,1.4049719,0.35865175,3.7302188,79.999979
13.819987,-5014.6065,-0.080097569,1.7630676,0.44843171,3.7451128,79.999979
13.829987,-5014.6065,-0.080120658,2.1211632,0.53821166,3.7600068,79.999979
13.839987,-5014.6065,-0.080232927,2.4792589,0.62799162,3.7749009,79.999979
13.849987,-5014.6065,-0.080298746,2.8373546,0.71777158,3.7897949,79.999979
13.859987,-5014.6065,-0.080057171,3.1954502,0.80755154,3.8046889,79.999979
13.869987,-5014.6065,-0.079934966,3.4573396,0.88222699,3.8190083,79.999979
13.879987,-5014.6065,-0.080119419,3.4572301,0.882399,3.8181082,79.999979
13.889987,-5014.6065,-0.080014271,3.4571207,0.882571,3.8172081,79.999979
13.899987,-5014.6065,-0.080129135,3.4570112,0.88274301,3.816308,79.999979
13.909987,-5014.6065,-0.07993142,3.4569018,0.88291501,3.8154079,79.999979
13.919987,-5014.6065,-0.08006885,3.4567923,0.88308702,3.8145078,79.999979
13.929987,-5014.6065,-0.080005296,3.4566829,0.88325902,3.8136077,79.999979
13.939987,-5014.6065,-0.080093745,3.4565734,0.88343103,3.8127076,79.999979
13.949987,-5014.6065,-0.079950635,3.456464,0.88360303,3.8118075,79.999979
13.959987,-5014.6065,-0.079921425,3.4563545,0.88377504,3.8109074,79.999979
13.969987,-5014.6065,-0.08008278,3.3761957,0.86319444,3.8172377,79.999979
13.979987,-5014.6065,-0.079997837,3.1388734,0.80186958,3.837764,79.999979
13.989987,-5014.6065,-0.080061479,2.9015511,0.74054473,3.8582902,79.999979
13.999987,-5014.6065,-0.079864612,2.6642287,0.67921988,3.8788164,79.999979
14.009987,-5014.6065,-0.079950848,2.4269064,0.61789502,3.8993427,79.999979
14.019987,-5014.6065,-0.080042041,2.1895841,0.55657017,3.9198689,79.999979
14.029987,-5014.6065,-0.080133234,1.9522618,0.49524532,3.9403952,79.999979
14.039987,-5014.6065,-0.080180503,1.7149395,0.43392046,3.9609214,79.999979
14.049987,-5014.6065,-0.080079406,1.4776171,0.37259561,3.9814476,79.999979
14.059987,-5014.6065,-0.080003612,1.2402948,0.31127075,4.0019739,79.999979
14.069987,-5014.6065,-0.080010202,1.0029725,0.2499459,4.0225001,79.999979
14.079987,-5014.6065,-0.079900044,0.76565019,0.18862105,4.0430263,79.999979
14.089987,-5014.6065,-0.079973074,0.52832788,0.12729619,4.0635526,79.999979
14.099987,-5014.6065,-0.07998105,0.49869868,0.12048015,4.0411069,79.999979
14.109987,-5014.6065,-0.079959907,0.49630821,0.12081288,4.0100867,79.999979
14.119987,-5014.6065,-0.079904154,0.49391773,0.1211456,3.9790666,79.999979
14.129987,-5014.6065,-0.080009341,0.49439,0.12159734,3.965185,79.999979
14.139987,-5014.6065,-0.080027836,0.49539446,0.12209017,3.957221,79.999979
14.149987,-5014.6065,-0.080018758,0.49639892,0.122583,3.9492569,79.999979
14.159986,-5014.6065,-0.08003569,0.49740338,0.12307582,3.9412929,79.999979
14.169986,-5014.6065,-0.080101781,0.49840784,0.12356865,3.9333288,79.999979
14.179986,-5014.6065,-0.080098745,0.4994123,0.12406148,3.9253648,79.999979
14.189986,-5014.6065,-0.080224192,0.50041676,0.12455431,3.9174007,79.999979
14.199986,-5014.6065,-0.080145362,0.50142122,0.12504713,3.9094367,79.999979
14.209986,-5014.6065,-0.080208668,0.50242568,0.12553996,3.9014727,79.999979
14.219986,-5014.6065,-0.080323157,0.50368091,0.12563435,3.9080587,79.999979
14.229986,-5014.6065,-0.080399717,0.50517149,0.12516833,3.9351095,79.999979
14.239986,-5014.6065,-0.080712811,0.50666208,0.12470231,3.9621602,79.999979
14.249986,-5014.6065,-0.080514291,0.50815267,0.12423629,3.989211,79.999979
14.259986,-5014.6065,-0.080635072,0.50964325,0.12377027,4.0162618,79.999979
14.269986,-5014.6065,-0.08078538,0.51113384,0.12330426,4.0433126,79.999979
14.279986,-5014.6065,-0.080596746,0.51262443,0.12283824,4.0703633,79.999979
14.289986,-5014.6065,-0.080699657,0.51213114,0.12274422,4.0757657,79.999979
14.299986,-5014.6065,-0.080848435,0.51050899,0.12304264,4.0527778,79.999979
14.309986,-5014.6065,-0.080734652,0.50888683,0.12334106,4.02979,79.999979
14.319986,-5014.6065,-0.080810495,0.50726468,0.12363948,4.0068022,79.999979
14.329986,-5014.6065,-0.080765846,0.50564253,0.1239379,3.9838144,79.999979
14.339986,-5014.6065,-0.080827375,0.50402038,0.12423632,3.9608265,79.999979
14.349986,-5014.6065,-0.081019792,0.50239823,0.12453474,3.9378387,79.999979
14.359986,-5014.6065,-0.080785941,0.50077608,0.12483316,3.9148509,79.999979
14.369986,-5014.6065,-0.080887958,0.4999843,0.12498334,3.8985004,79.999979
14.379986,-5014.6065,-0.080658372,0.50094719,0.12473279,3.914596,79.999979
14.389986,-5014.6065,-0.080886123,0.50191009,0.12448224,3.9306915,79.999979
14.399986,-5014.6065,-0.080881732,0.50287298,0.12423169,3.9467871,79.999979
14.409986,-5014.6065,-0.080878712,0.50383587,0.12398113,3.9628826,79.999979
14.419986,-5014.6065,-0.080785844,0.50479876,0.12373058,3.9789781,79.999979
14.429986,-5014.6065,-0.080904461,0.50576165,0.12348003,3.9950737,79.999979
14.439986,-5014.6065,-0.080849499,0.50672455,0.12322948,4.0111692,79.999979
14.449986,-5014.6065,-0.080891366,0.50768744,0.12297893,4.0272648,79.999979
14.459986,-5014.6065,-0.080776065,0.50865033,0.12272837,4.0433603,79.999979
14.469986,-5014.6065,-0.080864072,0.50862882,0.12273937,4.0450509,79.999979
14.479986,-5014.6065,-0.080871745,0.50795243,0.12296654,4.0320402,79.999979
14.489986,-5014.6065,-0.080842343,0.50727604,0.12319371,4.0190295,79.999979
14.499986,-5014.6065,-0.080686353,0.50659964,0.12342087,4.0060188,79.999979
14.509986,-5014.6065,-0.080946816,0.50592325,0.12364804,3.9930081,79.999979
14.519986,-5014.6065,-0.080844264,0.50524686,0.12387521,3.9799974,79.999979
14.529986,-5014.6065,-0.080861483,0.50457047,0.12410237,3.9669867,79.999979
14.539986,-5014.6065,-0.080886118,0.50389407,0.12432954,3.953976,79.999979
14.549986,-5014.6065,-0.080813683,0.50374187,0.12446147,3.9470356,79.999979
14.559986,-5014.6065,-0.080882197,0.5041487,0.1244672,3.9501177,79.999979
14.569986,-5014.6065,-0.080846004,0.50455553,0.12447293,3.9531998,79.999979
14.579986,-5014.6065,-0.08075333,0.50496235,0.12447866,3.9562819,79.999979
14.589986,-5014.6065,-0.080747216,0.50536918,0.12448439,3.959364,79.999979
14.599986,-5014.6065,-0.080714471,0.50577601,0.12449013,3.9624462,79.999979
14.609986,-5014.6065,-0.080853753,0.50618283,0.12449586,3.9655283,79.999979
14.619986,-5014.6065,-0.080731591,0.5061158,0.12440314,3.9688851,79.999979
14.629986,-5014.6065,-0.080675661,0.50526805,0.12405371,3.9729583,79.999979
14.639986,-5014.6065,-0.080773142,0.50442029,0.12370428,3.9770314,79.999979
14.649986,-5014.6065,-0.08078797,0.50357254,0.12335486,3.9811046,79.999979
14.659986,-5014.6065,-0.080742269,0.50272478,0.12300543,3.9851777,79.999979
14.669986,-5014.6065,-0.080762091,0.50187703,0.122656,3.9892509,79.999979
14.679986,-5014.6065,-0.080719869,0.50102927,0.12230657,3.993324,79.999979
14.689986,-5014.6065,-0.080774766,0.50018152,0.12195715,3.9973972,79.999979
14.699986,-5014.6065,-0.080940251,0.49933376,0.12160772,4.0014703,79.999979
14.709986,-5014.6065,-0.080920347,0.49940318,0.12120629,4.0055435,79.999979
14.719986,-5014.6065,-0.080900442,0.5002098,0.12074235,4.010604,79.999979
14.729986,-5014.6065,-0.080904721,0.50101642,0.12027842,4.0382467,79.999979
14.739986,-5014.6065,-0.080911739,0.50182303,0.11981448,4.0658895,79.999979
14.749986,-5014.6065,-0.08072695,0.50262965,0.11935055,4.0935322,79.999979
14.759986,-5014.6065,-0.080718126,0.50343626,0.11888661,4.121175,79.999979
14.769986,-5014.6065,-0.080620094,0.50424288,0.11842268,4.1488177,79.999979
14.779986,-5014.6065,-0.080630181,0.5050495,0.11795875,4.1764605,79.999979
14.789986,-5014.6065,-0.080790598,0.50585611,0.11749481,4.2041033,79.999979
14.799986,-5014.6065,-0.080687527,0.50601043,0.11826778,4.1808019,79.999979
14.809986,-5014.6065,-0.080742729,0.50605969,0.11936267,4.1442413,79.999979
14.819986,-5014.6065,-0.080934754,0.50610894,0.12045757,4.1076807,79.999979
14.829986,-5014.6065,-0.080815403,0.5061582,0.12155246,4.0711202,79.999979
14.839986,-5014.6065,-0.080739756,0.50620746,0.12264736,4.0345596,79.999979
14.849986,-5014.6065,-0.080798701,0.50625672,0.12374225,3.997999,79.999979
14.859986,-5014.6065,-0.080838119,0.50630598,0.12483715,3.9614384,79.999979
14.869986,-5014.6065,-0.080827646,0.50635524,0.12593204,3.9248779,79.999979
14.879986,-5014.6065,-0.08082388,0.50594155,0.12623168,3.9093357,79.999979
14.889986,-5014.6065,-0.080790318,0.50551071,0.1264002,3.9005964,79.999979
14.899986,-5014.6065,-0.081014354,0.50507988,0.12656873,3.8918572,79.999979
14.909986,-5014.6065,-0.080909418,0.50464904,0.12673726,3.8831179,79.999979
14.919986,-5014.6065,-0.080710458,0.5042182,0.12690579,3.8743786,79.999979
14.929986,-5014.6065,-0.080866193,0.50378737,0.12707431,3.8656394,79.999979
14.939986,-5014.6065,-0.080774856,0.50335653,0.12724284,3.8569001,79.999979
14.949986,-5014.6065,-0.080829917,0.50292569,0.12741137,3.8481609,79.999979
14.959986,-5014.6065,-0.080904209,0.50249486,0.1275799,3.8394216,79.999979
14.969986,-5014.6065,-0.080867972,0.50206402,0.12774843,3.8306823,79.999979
14.979986,-5014.6065,-0.080811846,0.50187831,0.1279261,3.8233407,79.999979
14.989986,-5014.6065,-0.08086902,0.50224261,0.12812431,3.8200765,79.999979
14.999986,-5014.6065,-0.080683598,0.50260691,0.12832251,3.8168122,79.999979
15.009986,-5014.6065,-0.080755495,0.50297122,0.12852072,3.813548,79.999979
15.019986,-5014.6065,-0.080741969,0.50333552,0.12871892,3.8102837,79.999979
15.029986,-5014.6065,-0.080768157,0.50369983,0.12891713,3.8070195,79.999979
15.039986,-5014.6065,-0.080742527,0.50406413,0.12911533,3.8037553,79.999979
15.049986,-5014.6065,-0.080805912,0.71241331,0.1727756,3.8037644,79.999979
15.059986,-5014.6065,-0.080603214,1.0798206,0.26606589,3.8075115,79.999979
15.069986,-5014.6065,-0.080646605,1.4472278,0.35935619,3.8112585,79.999979
15.079986,-5014.6065,-0.080696388,1.8146351,0.45264648,3.8150056,79.999979
15.089986,-5014.6065,-0.080705297,2.1820423,0.54593678,3.8187527,79.999979
15.099986,-5014.6065,-0.080786705,2.5494496,0.63922707,3.8224998,79.999979
15.109986,-5014.6065,-0.080773945,2.9168568,0.73251737,3.8262468,79.999979
15.119986,-5014.6065,-0.080772446,3.2842641,0.82580766,3.8299939,79.999979
15.129986,-5014.6065,-0.080689945,3.453349,0.87807094,3.83276,79.999979
15.139986,-5014.6065,-0.080756631,3.4536674,0.87796152,3.8336174,79.999979
15.149986,-5014.6065,-0.080714473,3.4539857,0.87785211,3.8344747,79.999979
15.159986,-5014.6065,-0.080811748,3.4543041,0.87774269,3.835332,79.999979
15.169986,-5014.6065,-0.080677399,3.4546225,0.87763327,3.8361894,79.999979
15.179986,-5014.6065,-0.080919656,3.4549408,0.87752386,3.8370467,79.999979
15.189986,-5014.6065,-0.080767963,3.4552592,0.87741444,3.8379041,79.999979
15.199986,-5014.6065,-0.080653109,3.4555776,0.87730502,3.8387614,79.999979
15.209985,-5014.6065,-0.080632191,3.455896,0.87719561,3.8396187,79.999979
15.219985,-5014.6065,-0.080612016,3.4562143,0.87708619,3.8404761,79.999979
15.229985,-5014.6065,-0.080667638,3.202135,0.81251077,3.8546122,79.999979
15.239985,-5014.6065,-0.080557249,2.782135,0.70588998,3.8817358,79.999979
15.249985,-5014.6065,-0.080791564,2.362135,0.59926919,3.9088594,79.999979
15.259985,-5014.6065,-0.080702058,1.942135,0.4926484,3.935983,79.999979
15.269985,-5014.6065,-0.080633491,1.522135,0.38602761,3.9631066,79.999979
15.279985,-5014.6065,-0.08080291,1.102135,0.27940682,3.9902302,79.999979
15.289985,-5014.6065,-0.080646222,0.68213503,0.17278603,4.0173538,79.999979
15.299985,-5014.6065,-0.080756422,0.50395906,0.12236941,4.0205112,79.999979
15.309985,-5014.6065,-0.080646603,0.50296288,0.12285806,3.9967997,79.999979
15.319985,-5014.6065,-0.080776823,0.50196669,0.12334671,3.9730881,79.999979
15.329985,-5014.6065,-0.080664878,0.50097051,0.12383536,3.9493765,79.999979
15.339985,-5014.6065,-0.080696729,0.49997433,0.12432401,3.925665,79.999979
15.349985,-5014.6065,-0.0807467,0.49897814,0.12481267,3.9019534,79.999979
15.359985,-5014.6065,-0.08052116,0.49798196,0.12530132,3.8782419,79.999979
15.369985,-5014.6065,-0.080662817,0.49698577,0.12578997,3.8545303,79.999979
15.379985,-5014.6065,-0.080680886,0.49683381,0.12603411,3.8405532,79.999979
15.389985,-5014.6065,-0.080799428,0.49752162,0.12590568,3.8502778,79.999979
15.399985,-5014.6065,-0.080814469,0.49820942,0.12577726,3.8600024,79.999979
15.409985,-5014.6065,-0.080753147,0.49889723,0.12564883,3.869727,79.999979
15.419985,-5014.6065,-0.08080832,0.49958503,0.1255204,3.8794516,79.999979
15.429985,-5014.6065,-0.080707919,0.50027284,0.12539197,3.8891763,79.999979
15.439985,-5014.6065,-0.080646742,0.50096064,0.12526354,3.8989009,79.999979
15.449985,-5014.6065,-0.080667087,0.50164845,0.12513512,3.9086255,79.999979
15.459985,-5014.6065,-0.080684814,0.50233625,0.12500669,3.9183501,79.999979
15.469985,-5014.6065,-0.080682652,0.50302406,0.12487826,3.9280747,79.999979
15.479985,-5014.6065,-0.080889855,0.50313364,0.12494015,3.927043,79.999979
15.489985,-5014.6065,-0.08083255,0.50280655,0.12514579,3.9178877,79.999979
15.499985,-5014.6065,-0.080951563,0.50247945,0.12535142,3.9087325,79.999979
15.509985,-5014.6065,-0.080869752,0.50215235,0.12555705,3.8995772,79.999979
15.519985,-5014.6065,-0.080852074,0.50182525,0.12576268,3.8904219,79.999979
15.529985,-5014.6065,-0.080854741,0.50149815,0.12596831,3.8812666,79.999979
15.539985,-5014.6065,-0.080881183,0.50117106,0.12617395,3.8721113,79.999979
15.549985,-5014.6065,-0.081230938,0.50107018,0.12617574,3.8712207,79.999979
15.559985,-5014.6065,-0.081111118,0.50137531,0.12581171,3.8851628,79.999979
15.569985,-5014.6065,-0.081234516,0.50168044,0.12544767,3.8991049,79.999979
15.579985,-5014.6065,-0.081086671,0.50198557,0.12508364,3.913047,79.999979
15.589985,-5014.6065,-0.080936605,0.5022907,0.1247196,3.9269891,79.999979
15.599985,-5014.6065,-0.081020258,0.50259583,0.12435557,3.9409312,79.999979
15.609985,-5014.6065,-0.081266035,0.50290096,0.12399154,3.9548733,79.999979
15.619985,-5014.6065,-0.081145602,0.50320609,0.1236275,3.9688154,79.999979
15.629985,-5014.6065,-0.081270215,0.5033512,0.12356974,3.9733174,79.999979
15.639985,-5014.6065,-0.081242574,0.50347497,0.12359756,3.9734076,79.999979
15.649985,-5014.6065,-0.081198923,0.50359874,0.12362537,3.9734977,79.999979
15.659985,-5014.6065,-0.081101769,0.5037225,0.12365319,3.9735878,79.999979
15.669985,-5014.6065,-0.081012589,0.50384627,0.12368101,3.9736779,79.999979
15.679985,-5014.6065,-0.081142503,0.50397004,0.12370882,3.9737681,79.999979
15.689985,-5014.6065,-0.08120623,0.50409381,0.12373664,3.9738582,79.999979
15.699985,-5014.6065,-0.081067457,0.50421757,0.12376446,3.9739483,79.999979
15.709985,-5014.6065,-0.08110205,0.50434134,0.12379227,3.9740384,79.999979
15.719985,-5014.6065,-0.081043234,0.50446511,0.12382009,3.9741286,79.999979
15.729985,-5014.6065,-0.081141108,0.50416111,0.12442894,3.9541543,79.999979
15.739985,-5014.6065,-0.081141696,0.50381583,0.12513284,3.9293719,79.999979
15.749985,-5014.6065,-0.081206067,0.50347056,0.12583675,3.9045896,79.999979
15.759985,-5014.6065,-0.080998268,0.50312528,0.12654066,3.8798072,79.999979
15.769985,-5014.6065,-0.08109427,0.50278001,0.12724456,3.8550248,79.999979
15.779985,-5014.6065,-0.081253941,0.50243473,0.12794847,3.8302424,79.999979
15.789985,-5014.6065,-0.081244509,0.50207122,0.12865237,3.8054601,79.999979
15.799985,-5014.6065,-0.080997983,0.50140382,0.12862747,3.7989561,79.999979
15.809985,-5014.6065,-0.081022496,0.50073642,0.12856942,3.7955224,79.999979
15.819985,-5014.6065,-0.081323136,0.50006902,0.12851136,3.7920886,79.999979
15.829985,-5014.6065,-0.081335982,0.49940162,0.12845331,3.7886549,79.999979
15.839985,-5014.6065,-0.081294097,0.49873422,0.12839525,3.7852212,79.999979
15.849985,-5014.6065,-0.081128121,0.49806682,0.12833719,3.7817875,79.999979
15.859985,-5014.6065,-0.081082953,0.49739941,0.12827914,3.7783538,79.999979
15.869985,-5014.6065,-0.081188931,0.49673201,0.12822108,3.77492,79.999979
15.879985,-5014.6065,-0.081204235,0.49650917,0.12816135,3.7730006,79.999979
15.889985,-5014.6065,-0.081143214,0.49706582,0.12809679,3.7794017,79.999979
15.899985,-5014.6065,-0.081109542,0.49762248,0.12803223,3.7858028,79.999979
15.909985,-5014.6065,-0.081317612,0.49817913,0.12796767,3.792204,79.999979
15.919985,-5014.6065,-0.081083185,0.49873578,0.12790311,3.7986051,79.999979
15.929985,-5014.6065,-0.081199819,0.49929244,0.12783855,3.8050062,79.999979
15.939985,-5014.6065,-0.081091406,0.49984909,0.12777399,3.8114074,79.999979
15.949985,-5014.6065,-0.081035835,0.50040575,0.12770943,3.8178085,79.999979
15.959985,-5014.6065,-0.080975522,0.5009624,0.12764486,3.8242096,79.999979
15.969985,-5014.6065,-0.081006707,0.50151905,0.1275803,3.8306107,79.999979
15.979985,-5014.6065,-0.081074955,0.5010809,0.12745637,3.8315193,79.999979
15.989985,-5014.6065,-0.08119253,0.50033368,0.127314,3.8301349,79.999979
15.999985,-5014.6065,-0.081243133,0.49958646,0.12717162,3.8287505,79.999979
16.009985,-5014.6065,-0.081442803,0.49883924,0.12702925,3.8273661,79.999979
16.019985,-5014.6065,-0.081239968,0.49809203,0.12688688,3.8259817,79.999979
16.029985,-5014.6065,-0.081171841,0.49734481,0.1267445,3.8245973,79.999979
16.039985,-5014.6065,-0.081057663,0.49659759,0.12660213,3.8232129,79.999979
16.049985,-5014.6065,-0.0810737,0.49583585,0.12645971,3.8217455,79.999979
16.059985,-5014.6065,-0.081191448,0.49505795,0.12631724,3.8200437,79.999979
16.069985,-5014.6065,-0.081135942,0.49428006,0.12617476,3.8183418,79.999979
16.079985,-5014.6065,-0.081130073,0.49350216,0.12603228,3.81664,79.999979
16.089985,-5014.6065,-0.081069178,0.49272426,0.12588981,3.8149381,79.999979
16.099985,-5014.6065,-0.081208757,0.49194637,0.12574733,3.8132362,79.999979
16.109985,-5014.6065,-0.081009444,0.49116847,0.12560485,3.8115344,79.999979
16.119985,-5014.6065,-0.08126683,0.49039057,0.12546238,3.8098325,79.999979
16.129985,-5014.6065,-0.081298251,0.48961267,0.1253199,3.8081306,79.999979
16.139985,-5014.6065,-0.081298251,0.49032405,0.12553879,3.8059555,79.999979
16.149985,-5014.6065,-0.081179647,0.49174351,0.12602746,3.8021127,79.999979
16.159985,-5014.6065,-0.081150421,0.49316298,0.12651612,3.7982699,79.999979
16.169985,-5014.6065,-0.081103591,0.49458244,0.12700479,3.794427,79.999979
16.179985,-5014.6065,-0.081050815,0.4960019,0.12749345,3.7905842,79.999979
16.189985,-5014.6065,-0.081163167,0.49742137,0.12798212,3.7867414,79.999979
16.199985,-5014.6065,-0.08118734,0.49884083,0.12847078,3.7828986,79.999979
16.209985,-5014.6065,-0.081207466,0.5002603,0.12895945,3.7790557,79.999979
16.219985,-5014.6065,-0.081150256,0.50167976,0.12944812,3.7752129,79.999979
16.229985,-5014.6065,-0.081116413,0.5014966,0.1285985,3.7997591,79.999979
16.239985,-5014.6065,-0.081116012,0.50090509,0.12728946,3.8369615,79.999979
16.249985,-5014.6065,-0.081184339,0.50031358,0.12598042,3.8741639,79.999979
16.259984,-5014.6065,-0.081167944,0.49972207,0.12467138,3.9113663,79.999979
16.269984,-5014.6065,-0.081062668,0.49913056,0.12336234,3.9485687,79.999979
16.279984,-5014.6065,-0.08110845,0.49853905,0.1220533,3.9857711,79.999979
16.289984,-5014.6065,-0.081095164,0.49794755,0.12074426,4.0229735,79.999979
16.299984,-5014.6065,-0.081057343,0.57386159,0.13199463,4.0566788,79.999979
16.309984,-5014.6065,-0.081262437,0.85975097,0.20583243,4.0355377,79.999979
16.319984,-5014.6065,-0.081147447,1.1456404,0.27967024,4.0143966,79.999979
16.329984,-5014.6065,-0.080969458,1.4315297,0.35350805,3.9932555,79.999979
16.339984,-5014.6065,-0.081016927,1.7174191,0.42734585,3.9721144,79.999979
16.349984,-5014.6065,-0.081106001,2.0033085,0.50118366,3.9509733,79.999979
16.359984,-5014.6065,-0.080982259,2.2891979,0.57502146,3.9298321,79.999979
16.369984,-5014.6065,-0.081392877,2.5750873,0.64885927,3.908691,79.999979
16.379984,-5014.6065,-0.0811242,2.8609767,0.72269707,3.8875499,79.999979
16.389984,-5014.6065,-0.081178326,3.146866,0.79653488,3.8664088,79.999979
16.399984,-5014.6065,-0.081045107,3.4327554,0.87037269,3.8452677,79.999979
16.409984,-5014.6065,-0.081177087,3.4565749,0.87644377,3.843864,79.999979
16.419984,-5014.6065,-0.081071604,3.4564973,0.87633549,3.8442602,79.999979
16.429984,-5014.6065,-0.081127678,3.4564197,0.87622722,3.8446563,79.999979
16.439984,-5014.6065,-0.08112985,3.4563421,0.87611894,3.8450524,79.999979
16.449984,-5014.6065,-0.081057927,3.4562646,0.87601066,3.8454486,79.999979
16.459984,-5014.6065,-0.081076624,3.456187,0.87590238,3.8458447,79.999979
16.469984,-5014.6065,-0.080964821,3.4561094,0.87579411,3.8462409,79.999979
16.479984,-5014.6065,-0.081122797,3.3262007,0.84341741,3.8423641,79.999979
16.489984,-5014.6065,-0.081116797,2.9264238,0.7439672,3.8270874,79.999979
16.499984,-5014.6065,-0.08099563,2.5266469,0.64451699,3.8118107,79.999979
16.509984,-5014.6065,-0.081019089,2.1268699,0.54506678,3.796534,79.999979
16.519984,-5014.6065,-0.081056974,1.727093,0.44561657,3.7812572,79.999979
16.529984,-5014.6065,-0.081228966,1.327316,0.34616636,3.7659805,79.999979
16.539984,-5014.6065,-0.081185926,0.92753909,0.24671615,3.7507038,79.999979
16.549984,-5014.6065,-0.081166792,0.52776215,0.14726594,3.7354271,79.999979
16.559984,-5014.6065,-0.081178583,0.49222208,0.12847313,3.7304753,79.999979
16.569984,-5014.6065,-0.081240413,0.49353699,0.12884334,3.7297836,79.999979
16.579984,-5014.6065,-0.081240413,0.49485189,0.12921354,3.7290919,79.999979
16.589984,-5014.6065,-0.081035981,0.4961668,0.12958374,3.7284002,79.999979
16.599984,-5014.6065,-0.08104773,0.4974817,0.12995395,3.7277085,79.999979
16.609984,-5014.6065,-0.081113162,0.49879661,0.13032415,3.7270168,79.999979
16.619984,-5014.6065,-0.08116233,0.50011151,0.13069435,3.7263251,79.999979
16.629984,-5014.6065,-0.081016701,0.50142642,0.13106456,3.7256334,79.999979
16.639984,-5014.6065,-0.081012001,0.50274132,0.13143476,3.7249417,79.999979
16.649984,-5014.6065,-0.080939556,0.50405622,0.13180496,3.72425,79.999979
16.659984,-5014.6065,-0.08124011,0.50434121,0.13165217,3.7304157,79.999979
16.669984,-5014.6065,-0.080976503,0.50386745,0.1311141,3.7428382,79.999979
16.679984,-5014.6065,-0.081169386,0.5033937,0.13057603,3.7552608,79.999979
16.689984,-5014.6065,-0.081087975,0.50291994,0.13003795,3.7676833,79.999979
16.699984,-5014.6065,-0.081148754,0.50244618,0.12949988,3.7801058,79.999979
16.709984,-5014.6065,-0.08121344,0.50197243,0.12896181,3.7925283,79.999979
16.719984,-5014.6065,-0.081075393,0.50149867,0.12842373,3.8049508,79.999979
16.729984,-5014.6065,-0.081025431,0.50102492,0.12788566,3.8173733,79.999979
16.739984,-5014.6065,-0.081126806,0.50128972,0.12786285,3.8203431,79.999979
16.749984,-5014.6065,-0.081189712,0.50172991,0.12800697,3.8193097,79.999979
16.759984,-5014.6065,-0.081090166,0.50217011,0.12815108,3.8182763,79.999979
16.769984,-5014.6065,-0.081078565,0.5026103,0.1282952,3.8172429,79.999979
16.779984,-5014.6065,-0.081140686,0.5030505,0.12843932,3.8162096,79.999979
16.789984,-5014.6065,-0.081092247,0.50349069,0.12858343,3.8151762,79.999979
16.799984,-5014.6065,-0.08126421,0.50392745,0.12872755,3.8141428,79.999979
16.809984,-5014.6065,-0.08133522,0.50433058,0.12891565,3.8119243,79.999979
16.819984,-5014.6065,-0.081320176,0.50473371,0.12910904,3.8093948,79.999979
16.829984,-5014.6065,-0.081259109,0.50513684,0.12930243,3.8068653,79.999979
16.839984,-5014.6065,-0.081253941,0.50553997,0.12949582,3.8043357,79.999979
16.849984,-5014.6065,-0.081545551,0.5059431,0.12968921,3.8018062,79.999979
16.859984,-5014.6065,-0.081501775,0.50634623,0.1298826,3.7992766,79.999979
16.869984,-5014.6065,-0.081493545,0.50674936,0.13007599,3.7967471,79.999979
16.879984,-5014.6065,-0.081377899,0.50715249,0.13026938,3.7942175,79.999979
16.889984,-5014.6065,-0.08135204,0.50712388,0.13005652,3.791688,79.999979
16.899984,-5014.6065,-0.081312368,0.50657912,0.12910743,3.8118413,79.999979
16.909984,-5014.6065,-0.081428449,0.50603437,0.12815833,3.8392804,79.999979
16.919984,-5014.6065,-0.081400385,0.50548961,0.12720924,3.8667196,79.999979
16.929984,-5014.6065,-0.081506335,0.50494485,0.12626014,3.8941588,79.999979
16.939984,-5014.6065,-0.081537498,0.5044001,0.12531105,3.921598,79.999979
16.949984,-5014.6065,-0.081416149,0.50385534,0.12436195,3.9490371,79.999979
16.959984,-5014.6065,-0.081331073,0.50331059,0.12341286,3.9764763,79.999979
16.969984,-5014.6065,-0.081154714,0.50276583,0.12246376,4.0039155,79.999979
16.979984,-5014.6065,-0.08143423,0.50222305,0.12160733,4.0309465,79.999979
16.989984,-5014.6065,-0.081565988,0.50170742,0.12202521,4.0129793,79.999979
16.999984,-5014.6065,-0.081465982,0.5011918,0.12244309,3.9950122,79.999979
17.009984,-5014.6065,-0.081349129,0.50067617,0.12286097,3.977045,79.999979
17.019984,-5014.6065,-0.081365069,0.50016055,0.12327886,3.9590778,79.999979
17.029984,-5014.6065,-0.081393186,0.49964492,0.12369674,3.9411107,79.999979
17.039984,-5014.6065,-0.081425907,0.4991293,0.12411462,3.9231435,79.999979
17.049984,-5014.6065,-0.081380107,0.49861367,0.1245325,3.9051763,79.999979
17.059984,-5014.6065,-0.081234288,0.49803753,0.12441175,3.9031302,79.999979
17.069984,-5014.6065,-0.081424361,0.49743801,0.124024,3.9110017,79.999979
17.079984,-5014.6065,-0.081450564,0.49683849,0.12363624,3.9188733,79.999979
17.089984,-5014.6065,-0.081365997,0.49623897,0.12324848,3.9267448,79.999979
17.099984,-5014.6065,-0.081466989,0.49563945,0.12286072,3.9346163,79.999979
17.109984,-5014.6065,-0.081494569,0.49503993,0.12247296,3.9424878,79.999979
17.119984,-5014.6065,-0.081504342,0.49444041,0.12208521,3.9503594,79.999979
17.129984,-5014.6065,-0.081355254,0.49384089,0.12169745,3.9582309,79.999979
17.139984,-5014.6065,-0.081328262,0.49327607,0.12130969,3.9661024,79.999979
17.149984,-5014.6065,-0.08130127,0.49363838,0.12249434,3.9342692,79.999979
17.159984,-5014.6065,-0.081462942,0.49400069,0.12379523,3.8969632,79.999979
17.169984,-5014.6065,-0.081200698,0.494363,0.12509611,3.8596571,79.999979
17.179984,-5014.6065,-0.08135891,0.49472531,0.126397,3.8223511,79.999979
17.189984,-5014.6065,-0.081374019,0.49508762,0.12769788,3.785045,79.999979
17.199984,-5014.6065,-0.081224696,0.49544993,0.12899876,3.747739,79.999979
17.209984,-5014.6065,-0.081381909,0.49581224,0.13029965,3.7104329,79.999979
17.219984,-5014.6065,-0.081416685,0.49617456,0.13160053,3.6731269,79.999979
17.229984,-5014.6065,-0.081347058,0.49658927,0.13266532,3.6434391,79.999979
17.239984,-5014.6065,-0.081465015,0.4975474,0.1312819,3.6927509,79.999979
17.249984,-5014.6065,-0.081395334,0.49850553,0.12989848,3.7420628,79.999979
17.259984,-5014.6065,-0.081363736,0.49946365,0.12851506,3.7913746,79.999979
17.269984,-5014.6065,-0.08135536,0.50042178,0.12713164,3.8406864,79.999979
17.279984,-5014.6065,-0.081315507,0.50137991,0.12574822,3.8899982,79.999979
17.289984,-5014.6065,-0.081251456,0.50233804,0.1243648,3.9393101,79.999979
17.299984,-5014.6065,-0.081521076,0.50329617,0.12298138,3.9886219,79.999979
17.309983,-5014.6065,-0.081347903,0.50465012,0.12256517,4.0155026,79.999979
17.319983,-5014.6065,-0.081242773,0.50616737,0.1227727,4.0206628,79.999979
17.329983,-5014.6065,-0.081256341,0.50768462,0.12298023,4.0258229,79.999979
17.339983,-5014.6065,-0.08136785,0.50920187,0.12318776,4.0309831,79.999979
17.349983,-5014.6065,-0.08129566,0.51071912,0.12339529,4.0361432,79.999979
17.359983,-5014.6065,-0.081320017,0.51223637,0.12360282,4.0413034,79.999979
17.369983,-5014.6065,-0.081198847,0.51375362,0.12381035,4.0464636,79.999979
17.379983,-5014.6065,-0.081397082,0.51527088,0.12401788,4.0516237,79.999979
17.389983,-5014.6065,-0.081338359,0.51678813,0.12422541,4.0567839,79.999979
17.399983,-5014.6065,-0.081319444,0.51821449,0.12443294,4.061944,79.999979
17.409983,-5014.6065,-0.08130624,0.516939,0.12468444,4.0544392,79.999979
17.419983,-5014.6065,-0.081216388,0.51566351,0.12493913,4.0346951,79.999979
17.429983,-5014.6065,-0.081320694,0.51438803,0.12519383,4.014951,79.999979
17.439983,-5014.6065,-0.081242766,0.51311254,0.12544852,3.9952069,79.999979
17.449983,-5014.6065,-0.081421127,0.51183705,0.12570321,3.9754628,79.999979
17.459983,-5014.6065,-0.081392857,0.51056156,0.12595791,3.9557187,79.999979
17.469983,-5014.6065,-0.081458711,0.50928608,0.1262126,3.9359746,79.999979
17.479983,-5014.6065,-0.08137751,0.50854017,0.12632582,3.9256316,79.999979
17.489983,-5014.6065,-0.081428632,0.50842447,0.12627069,3.9264761,79.999979
17.499983,-5014.6065,-0.081347641,0.50830878,0.12621555,3.9273206,79.999979
17.509983,-5014.6065,-0.081422844,0.50819308,0.12616041,3.9281651,79.999979
17.519983,-5014.6065,-0.081358853,0.50807738,0.12610527,3.9290096,79.999979
17.529983,-5014.6065,-0.081290115,0.50796168,0.12605013,3.9298541,79.999979
17.539983,-5014.6065,-0.081239546,0.50784599,0.125995,3.9306986,79.999979
17.549983,-5014.6065,-0.081189409,0.50773029,0.12593986,3.9315431,79.999979
17.559983,-5014.6065,-0.081386746,0.7300933,0.17524502,3.927591,79.999979
17.569983,-5014.6065,-0.08111466,1.0146893,0.24819384,3.9200252,79.999979
17.579983,-5014.6065,-0.081315525,1.2992852,0.32114265,3.9124593,79.999979
17.589983,-5014.6065,-0.0813456,1.5838812,0.39409147,3.9048935,79.999979
17.599983,-5014.6065,-0.081227593,1.8684771,0.46704028,3.8973276,79.999979
17.609983,-5014.6065,-0.081281707,2.1530731,0.5399891,3.8897618,79.999979
17.619983,-5014.6065,-0.081217082,2.437669,0.61293791,3.8821959,79.999979
17.629983,-5014.6065,-0.081250997,2.722265,0.68588673,3.87463,79.999979
17.639983,-5014.6065,-0.08122511,3.006861,0.75883554,3.8670642,79.999979
17.649983,-5014.6065,-0.081199223,3.2914569,0.83178436,3.8594983,79.999979
17.659983,-5014.6065,-0.081308211,3.452036,0.87242141,3.8563156,79.999979
17.669983,-5014.6065,-0.081469772,3.4536265,0.87163507,3.8617364,79.999979
17.679983,-5014.6065,-0.0814691,3.4552169,0.87084873,3.8671572,79.999979
17.689983,-5014.6065,-0.081329209,3.4568074,0.87006239,3.872578,79.999979
17.699983,-5014.6065,-0.081436096,3.4583979,0.86927605,3.8779988,79.999979
17.709983,-5014.6065,-0.081436769,3.4599884,0.86848971,3.8834196,79.999979
17.719983,-5014.6065,-0.081430071,3.4615789,0.86770337,3.8888404,79.999979
17.729983,-5014.6065,-0.081353813,3.4107533,0.85400745,3.8951096,79.999979
17.739983,-5014.6065,-0.081398467,3.0305955,0.75920019,3.9232668,79.999979
17.749983,-5014.6065,-0.081513162,2.6504377,0.66439292,3.9514239,79.999979
17.759983,-5014.6065,-0.081388898,2.2702798,0.56958566,3.979581,79.999979
17.769983,-5014.6065,-0.081197619,1.890122,0.4747784,4.0077382,79.999979
17.779983,-5014.6065,-0.081430697,1.5099642,0.37997113,4.0358953,79.999979
17.789983,-5014.6065,-0.081432809,1.1298064,0.28516387,4.0640524,79.999979
17.799983,-5014.6065,-0.081297694,0.74964858,0.1903566,4.0922096,79.999979
17.809983,-5014.6065,-0.081305795,0.50071379,0.11898315,4.1118442,79.999979
17.819983,-5014.6065,-0.081421733,0.50057997,0.11986166,4.0813821,79.999979
17.829983,-5014.6065,-0.081272,0.50044614,0.12074017,4.05092,79.999979
17.839983,-5014.6065,-0.081255513,0.50031232,0.12161868,4.0204579,79.999979
17.849983,-5014.6065,-0.081238901,0.50017849,0.12249719,3.9899958,79.999979
17.859983,-5014.6065,-0.081320047,0.50004467,0.1233757,3.9595337,79.999979
17.869983,-5014.6065,-0.081367658,0.49991084,0.12425421,3.9290716,79.999979
17.879983,-5014.6065,-0.081609107,0.49977702,0.12513272,3.8986095,79.999979
17.889983,-5014.6065,-0.081445865,0.49964319,0.12601123,3.8681474,79.999979
17.899983,-5014.6065,-0.081388015,0.49950937,0.12688974,3.8376853,79.999979
17.909983,-5014.6065,-0.081274162,0.49946816,0.12724112,3.8253209,79.999979
17.919983,-5014.6065,-0.081289692,0.49952084,0.1270581,3.8313035,79.999979
17.929983,-5014.6065,-0.081268809,0.49957352,0.12687508,3.8372862,79.999979
17.939983,-5014.6065,-0.081131207,0.4996262,0.12669206,3.8432689,79.999979
17.949983,-5014.6065,-0.08120861,0.49967888,0.12650904,3.8492515,79.999979
17.959983,-5014.6065,-0.081191764,0.49973155,0.12632602,3.8552342,79.999979
17.969983,-5014.6065,-0.081284206,0.49978423,0.126143,3.8612168,79.999979
17.979983,-5014.6065,-0.081279297,0.49953419,0.12586633,3.8675584,79.999979
17.989983,-5014.6065,-0.08115395,0.49851748,0.12524398,3.8801775,79.999979
17.999983,-5014.6065,-0.081343012,0.49750077,0.12462163,3.8927967,79.999979
18.009983,-5014.6065,-0.081317771,0.49648406,0.12399928,3.9054159,79.999979
18.019983,-5014.6065,-0.081308733,0.49546735,0.12337693,3.918035,79.999979
18.029983,-5014.6065,-0.081198362,0.49445063,0.12275458,3.9306542,79.999979
18.039983,-5014.6065,-0.081430939,0.49343392,0.12213223,3.9432734,79.999979
18.049983,-5014.6065,-0.081505449,0.49241721,0.12150988,3.9558925,79.999979
18.059983,-5014.6065,-0.081487451,0.4914062,0.12088753,3.9685117,79.999979
18.069983,-5014.6065,-0.081508643,0.49424428,0.12099915,3.973355,79.999979
18.079983,-5014.6065,-0.081529835,0.49708236,0.12214851,3.9607093,79.999979
18.089983,-5014.6065,-0.08167032,0.49992044,0.12329788,3.9480636,79.999979
18.099983,-5014.6065,-0.081411456,0.50275852,0.12444724,3.9354179,79.999979
18.109983,-5014.6065,-0.081463104,0.5055966,0.1255966,3.9227722,79.999979
18.119983,-5014.6065,-0.081416684,0.50843468,0.12674596,3.9101266,79.999979
18.129983,-5014.6065,-0.081425476,0.51127276,0.12789532,3.8974809,79.999979
18.139983,-5014.6065,-0.081540931,0.51411084,0.12904468,3.8848352,79.999979
18.149983,-5014.6065,-0.081623695,0.51378426,0.12941698,3.8714255,79.999979
18.159983,-5014.6065,-0.081546101,0.50992429,0.12892168,3.8567294,79.999979
18.169983,-5014.6065,-0.081622764,0.50606431,0.12842637,3.8420332,79.999979
18.179983,-5014.6065,-0.081558112,0.50220434,0.12793107,3.827337,79.999979
18.189983,-5014.6065,-0.081368405,0.49834436,0.12743577,3.8126408,79.999979
18.199983,-5014.6065,-0.081176203,0.49448439,0.12694046,3.7979446,79.999979
18.209983,-5014.6065,-0.08147506,0.49062441,0.12644516,3.7832484,79.999979
18.219983,-5014.6065,-0.081531545,0.48676444,0.12594986,3.7685522,79.999979
18.229983,-5014.6065,-0.081600876,0.48377052,0.12550773,3.753856,79.999979
18.239983,-5014.6065,-0.081436837,0.48467571,0.12566359,3.7555993,79.999979
18.249983,-5014.6065,-0.081452223,0.4855809,0.12581945,3.7576479,79.999979
18.259983,-5014.6065,-0.081602114,0.4864861,0.12597531,3.7596965,79.999979
18.269983,-5014.6065,-0.081598313,0.48739129,0.12613118,3.7617451,79.999979
18.279983,-5014.6065,-0.081603795,0.48829648,0.12628704,3.7637937,79.999979
18.289983,-5014.6065,-0.081527865,0.48920168,0.1264429,3.7658424,79.999979
18.299983,-5014.6065,-0.081475393,0.49010687,0.12659876,3.767891,79.999979
18.309983,-5014.6065,-0.081563681,0.49101206,0.12675462,3.7699396,79.999979
18.319983,-5014.6065,-0.081537926,0.49221304,0.12691048,3.7719882,79.999979
18.329983,-5014.6065,-0.081512171,0.49477858,0.12648778,3.7740368,79.999979
18.339983,-5014.6065,-0.081728313,0.49734412,0.12605172,3.8006038,79.999979
18.349983,-5014.6065,-0.081670818,0.49990966,0.12561566,3.8394919,79.999979
18.359982,-5014.6065,-0.08130116,0.5024752,0.1251796,3.87838,79.999979
18.369982,-5014.6065,-0.081578951,0.50504074,0.12474354,3.9172681,79.999979
18.379982,-5014.6065,-0.081649427,0.50760627,0.12430748,3.9561562,79.999979
18.389982,-5014.6065,-0.081577748,0.51017181,0.12387142,3.9950443,79.999979
18.399982,-5014.6065,-0.081617857,0.51273735,0.12343536,4.0339324,79.999979
18.409982,-5014.6065,-0.081657966,0.51530289,0.1229993,4.0728204,79.999979
18.419982,-5014.6065,-0.081367325,0.51389728,0.12281696,4.0983699,79.999979
18.429982,-5014.6065,-0.081416899,0.51144015,0.12359991,4.0515564,79.999979
18.439982,-5014.6065,-0.08145186,0.50898301,0.12438285,4.0047428,79.999979
18.449982,-5014.6065,-0.081438534,0.50652588,0.12516579,3.9579292,79.999979
18.459982,-5014.6065,-0.081538939,0.50406874,0.12594874,3.9111156,79.999979
18.469982,-5014.6065,-0.081489055,0.50161161,0.12673168,3.8643021,79.999979
18.479982,-5014.6065,-0.081599207,0.49915448,0.12751463,3.8174885,79.999979
18.489982,-5014.6065,-0.081554766,0.49813046,0.12778183,3.7980981,79.999979
18.499982,-5014.6065,-0.081444839,0.49854167,0.12741621,3.8123556,79.999979
18.509982,-5014.6065,-0.081481677,0.49895289,0.1270506,3.826613,79.999979
18.519982,-5014.6065,-0.081515622,0.4993641,0.12668498,3.8408704,79.999979
18.529982,-5014.6065,-0.081418404,0.49977532,0.12631937,3.8551279,79.999979
18.539982,-5014.6065,-0.081606734,0.50018653,0.12595375,3.8693853,79.999979
18.549982,-5014.6065,-0.08159909,0.50059775,0.12558814,3.8836427,79.999979
18.559982,-5014.6065,-0.081549564,0.50100896,0.12522253,3.8979001,79.999979
18.569982,-5014.6065,-0.081724142,0.50107274,0.12514474,3.9038085,79.999979
18.579982,-5014.6065,-0.081576459,0.50110212,0.12513455,3.904375,79.999979
18.589982,-5014.6065,-0.081500957,0.5011315,0.12512436,3.9049415,79.999979
18.599982,-5014.6065,-0.081512959,0.50116088,0.12511416,3.905508,79.999979
18.609982,-5014.6065,-0.081374318,0.50119026,0.12510397,3.9060745,79.999979
18.619982,-5014.6065,-0.081407646,0.50121965,0.12509378,3.906641,79.999979
18.629982,-5014.6065,-0.081630346,0.50124903,0.12508358,3.9072075,79.999979
18.639982,-5014.6065,-0.081383683,0.50127841,0.12507339,3.907774,79.999979
18.649982,-5014.6065,-0.081727162,0.50100636,0.12499563,3.9084766,79.999979
18.659982,-5014.6065,-0.081578364,0.50050831,0.12484215,3.9094094,79.999979
18.669982,-5014.6065,-0.081477981,0.50001026,0.12468867,3.9103423,79.999979
18.679982,-5014.6065,-0.081580498,0.49951221,0.12453519,3.9112751,79.999979
18.689982,-5014.6065,-0.081567148,0.49901416,0.12438171,3.912208,79.999979
18.699982,-5014.6065,-0.081452923,0.49851611,0.12422823,3.9131408,79.999979
18.709982,-5014.6065,-0.081586458,0.49801806,0.12407475,3.9140737,79.999979
18.719982,-5014.6065,-0.081614776,0.49752001,0.12392127,3.9150065,79.999979
18.729982,-5014.6065,-0.08156321,0.49702196,0.12376778,3.9159394,79.999979
18.739982,-5014.6065,-0.081540505,0.49652391,0.1236143,3.9168722,79.999979
18.749982,-5014.6065,-0.081553218,0.49730318,0.12365848,3.9205868,79.999979
18.759982,-5014.6065,-0.081421394,0.49902843,0.1238787,3.9273366,79.999979
18.769982,-5014.6065,-0.081521632,0.50075368,0.12409891,3.9340864,79.999979
18.779982,-5014.6065,-0.081433301,0.50247892,0.12431913,3.9408363,79.999979
18.789982,-5014.6065,-0.081671307,0.50420417,0.12453935,3.9475861,79.999979
18.799982,-5014.6065,-0.081459364,0.50592942,0.12475957,3.954336,79.999979
18.809982,-5014.6065,-0.081353841,0.50765466,0.12497979,3.9610858,79.999979
18.819982,-5014.6065,-0.081469775,0.50862066,0.12505426,3.967786,79.999979
18.829982,-5014.6065,-0.081426868,0.50739509,0.12456138,3.9742929,79.999979
18.839982,-5014.6065,-0.081540821,0.50616952,0.1240685,3.9807998,79.999979
18.849982,-5014.6065,-0.081621311,0.50494396,0.12357562,3.9873067,79.999979
18.859982,-5014.6065,-0.081437906,0.50371839,0.12308274,3.9938136,79.999979
18.869982,-5014.6065,-0.08156764,0.50249282,0.12258986,4.0003204,79.999979
18.879982,-5014.6065,-0.081590999,0.50126725,0.12209698,4.0068273,79.999979
18.889982,-5014.6065,-0.081892515,0.50004168,0.1216041,4.0133342,79.999979
18.899982,-5014.6065,-0.081456555,0.49881612,0.12111122,4.0198411,79.999979
18.909982,-5014.6065,-0.081481119,0.49841655,0.12061834,4.026348,79.999979
18.919982,-5014.6065,-0.081505683,0.49834075,0.12039128,4.0328908,79.999979
18.929982,-5014.6065,-0.081508856,0.49826496,0.12016494,4.0406153,79.999979
18.939982,-5014.6065,-0.08151053,0.49818916,0.1199386,4.0483398,79.999979
18.949982,-5014.6065,-0.081537802,0.49811337,0.11971226,4.0560643,79.999979
18.959982,-5014.6065,-0.081732312,0.49803757,0.11948593,4.0637887,79.999979
18.969982,-5014.6065,-0.081748002,0.49796177,0.11925959,4.0715132,79.999979
18.979982,-5014.6065,-0.081611979,0.49788598,0.11903325,4.0792377,79.999979
18.989982,-5014.6065,-0.081627572,0.49781018,0.11880691,4.0869622,79.999979
18.999982,-5014.6065,-0.081368562,0.49773439,0.11858058,4.0946867,79.999979
19.009982,-5014.6065,-0.081762147,0.49765859,0.11835424,4.1024112,79.999979
19.019982,-5014.6065,-0.08158904,0.4975828,0.1181279,4.1101356,79.999979
19.029982,-5014.6065,-0.081349129,0.497507,0.11790156,4.1178601,79.999979
19.039982,-5014.6065,-0.081349129,0.49743121,0.11767523,4.1255846,79.999979
19.049982,-5014.6065,-0.081591658,0.49735541,0.11744889,4.1333091,79.999979
19.059982,-5014.6065,-0.081478846,0.49727828,0.11722255,4.1410336,79.999979
19.069982,-5014.6065,-0.081333224,0.49716012,0.11775608,4.1269219,79.999979
19.079982,-5014.6065,-0.081498852,0.49704195,0.11834956,4.1062648,79.999979
19.089982,-5014.6065,-0.08154769,0.49692378,0.11894303,4.0856077,79.999979
19.099982,-5014.6065,-0.08140246,0.49680562,0.11953651,4.0649506,79.999979
19.109982,-5014.6065,-0.081346188,0.49668745,0.12012999,4.0442935,79.999979
19.119982,-5014.6065,-0.08144824,0.49656929,0.12072346,4.0236365,79.999979
19.129982,-5014.6065,-0.081322268,0.49645112,0.12131694,4.0029794,79.999979
19.139982,-5014.6065,-0.081440028,0.49633295,0.12191041,3.9823223,79.999979
19.149982,-5014.6065,-0.081541916,0.49621479,0.12250389,3.9616652,79.999979
19.159982,-5014.6065,-0.081503047,0.49609662,0.12309737,3.9410081,79.999979
19.169982,-5014.6065,-0.081467747,0.49597846,0.12369084,3.920351,79.999979
19.179982,-5014.6065,-0.08136903,0.49586029,0.12428432,3.8996939,79.999979
19.189982,-5014.6065,-0.081305433,0.49574213,0.1248778,3.8790368,79.999979
19.199982,-5014.6065,-0.081518655,0.49562396,0.12547127,3.8583797,79.999979
19.209982,-5014.6065,-0.081447094,0.49550579,0.12606475,3.8377227,79.999979
19.219982,-5014.6065,-0.081321659,0.49538763,0.12665823,3.8170656,79.999979
19.229982,-5014.6065,-0.081269631,0.49526946,0.1272517,3.7964085,79.999979
19.239982,-5014.6065,-0.081369171,0.49530084,0.12759322,3.7795019,79.999979
19.249982,-5014.6065,-0.081365501,0.4957776,0.12718433,3.7964059,79.999979
19.259982,-5014.6065,-0.081532001,0.49625435,0.12677544,3.8133099,79.999979
19.269982,-5014.6065,-0.081525885,0.49673111,0.12636656,3.8302139,79.999979
19.279982,-5014.6065,-0.08154592,0.49720787,0.12595767,3.8471179,79.999979
19.289982,-5014.6065,-0.081488385,0.49768463,0.12554878,3.8640219,79.999979
19.299982,-5014.6065,-0.081353045,0.49816138,0.12513989,3.880926,79.999979
19.309982,-5014.6065,-0.081654599,0.49863814,0.124731,3.89783,79.999979
19.319982,-5014.6065,-0.081342006,0.4991149,0.12432211,3.914734,79.999979
19.329982,-5014.6065,-0.081494934,0.49959166,0.12391323,3.931638,79.999979
19.339982,-5014.6065,-0.081398327,0.50006841,0.12350434,3.948542,79.999979
19.349982,-5014.6065,-0.081440354,0.50054517,0.12309545,3.9654461,79.999979
19.359982,-5014.6065,-0.081391162,0.50102193,0.12268656,3.9823501,79.999979
19.369982,-5014.6065,-0.081583423,0.50149868,0.12227767,3.9992541,79.999979
19.379982,-5014.6065,-0.081771556,0.50197544,0.12186878,4.0161581,79.999979
19.389982,-5014.6065,-0.081560339,0.5022167,0.1217834,4.024226,79.999979
19.399981,-5014.6065,-0.081530723,0.50237193,0.12192313,4.0208002,79.999979
19.409981,-5014.6065,-0.081570199,0.50252717,0.12206287,4.0173744,79.999979
19.419981,-5014.6065,-0.081246295,0.5026824,0.1222026,4.0139486,79.999979
19.429981,-5014.6065,-0.081438145,0.50283764,0.12234234,4.0105228,79.999979
19.439981,-5014.6065,-0.081568598,0.50299287,0.12248207,4.007097,79.999979
19.449981,-5014.6065,-0.081392207,0.50314811,0.12262181,4.0036712,79.999979
19.459981,-5014.6065,-0.08152382,0.50330334,0.12276154,4.0002453,79.999979
19.469981,-5014.6065,-0.08152798,0.50345857,0.12290128,3.9968195,79.999979
19.479981,-5014.6065,-0.081574284,0.50361381,0.12304101,3.9933937,79.999979
19.489981,-5014.6065,-0.081525562,0.50376904,0.12318074,3.9899679,79.999979
19.499981,-5014.6065,-0.081511075,0.50392428,0.12332048,3.9865421,79.999979
19.509981,-5014.6065,-0.081730451,0.50407951,0.12346021,3.9831163,79.999979
19.519981,-5014.6065,-0.08157649,0.50423474,0.12359995,3.9796905,79.999979
19.529981,-5014.6065,-0.081505685,0.50438998,0.12373968,3.9762647,79.999979
19.539981,-5014.6065,-0.081382767,0.50454521,0.12387942,3.9728389,79.999979
19.549981,-5014.6065,-0.081657344,0.50470045,0.12401915,3.9694131,79.999979
19.559981,-5014.6065,-0.081612311,0.5045201,0.12390128,3.9721887,79.999979
19.569981,-5014.6065,-0.081545184,0.50432259,0.12373823,3.9760517,79.999979
19.579981,-5014.6065,-0.081444288,0.50412507,0.12357518,3.9799147,79.999979
19.589981,-5014.6065,-0.081810169,0.50392756,0.12341213,3.9837776,79.999979
19.599981,-5014.6065,-0.081810169,0.50373005,0.12324908,3.9876406,79.999979
19.609981,-5014.6065,-0.081528801,0.50353254,0.12308604,3.9915036,79.999979
19.619981,-5014.6065,-0.081560226,0.50333503,0.12292299,3.9953666,79.999979
19.629981,-5014.6065,-0.081559956,0.50313751,0.12275994,3.9992295,79.999979
19.639981,-5014.6065,-0.081377793,0.50294,0.12259689,4.0030925,79.999979
19.649981,-5014.6065,-0.081780956,0.50274249,0.12243385,4.0069555,79.999979
19.659981,-5014.6065,-0.081780956,0.50254498,0.1222708,4.0108185,79.999979
19.669981,-5014.6065,-0.081441351,0.50234746,0.12210775,4.0146814,79.999979
19.679981,-5014.6065,-0.081545415,0.50214995,0.1219447,4.0185444,79.999979
19.689981,-5014.6065,-0.081391185,0.50195244,0.12178165,4.0224074,79.999979
19.699981,-5014.6065,-0.081519625,0.50175493,0.12161861,4.0262704,79.999979
19.709981,-5014.6065,-0.081504549,0.50160493,0.12145556,4.0301334,79.999979
19.719981,-5014.6065,-0.081606356,0.50149077,0.12184694,4.0183908,79.999979
19.729981,-5014.6065,-0.081518697,0.5013766,0.12225788,4.0042174,79.999979
19.739981,-5014.6065,-0.08149049,0.50126244,0.12266883,3.9900439,79.999979
19.749981,-5014.6065,-0.081460975,0.50114828,0.12307978,3.9758705,79.999979
19.759981,-5014.6065,-0.081392741,0.50103412,0.12349072,3.9616971,79.999979
19.769981,-5014.6065,-0.081681202,0.50091996,0.12390167,3.9475236,79.999979
19.779981,-5014.6065,-0.081593646,0.5008058,0.12431261,3.9333502,79.999979
19.789981,-5014.6065,-0.081478204,0.50069164,0.12472356,3.9191767,79.999979
19.799981,-5014.6065,-0.081413438,0.50057748,0.12513451,3.9050033,79.999979
19.809981,-5014.6065,-0.081401674,0.50046332,0.12554545,3.8908298,79.999979
19.819981,-5014.6065,-0.081442063,0.50034916,0.1259564,3.8766564,79.999979
19.829981,-5014.6065,-0.081465194,0.500235,0.12636735,3.8624829,79.999979
19.839981,-5014.6065,-0.081576933,0.50012083,0.12677829,3.8483095,79.999979
19.849981,-5014.6065,-0.081576533,0.50000667,0.12718924,3.8341361,79.999979
19.859981,-5014.6065,-0.081480589,0.49989251,0.12760019,3.8199626,79.999979
19.869981,-5014.6065,-0.081377275,0.49983177,0.12797237,3.8057892,79.999979
19.879981,-5014.6065,-0.081565638,0.49996499,0.12769477,3.8145292,79.999979
19.889981,-5014.6065,-0.081513657,0.50009822,0.12741716,3.8244599,79.999979
19.899981,-5014.6065,-0.081376999,0.50023145,0.12713956,3.8343907,79.999979
19.909981,-5014.6065,-0.081405637,0.50036468,0.12686195,3.8443214,79.999979
19.919981,-5014.6065,-0.081409288,0.5004979,0.12658435,3.8542522,79.999979
19.929981,-5014.6065,-0.081427271,0.50063113,0.12630675,3.864183,79.999979
19.939981,-5014.6065,-0.081368493,0.50076436,0.12602914,3.8741137,79.999979
19.949981,-5014.6065,-0.08144423,0.50089759,0.12575154,3.8840445,79.999979
19.959981,-5014.6065,-0.081513029,0.50103082,0.12547393,3.8939752,79.999979
19.969981,-5014.6065,-0.081599878,0.50116404,0.12519633,3.903906,79.999979
19.979981,-5014.6065,-0.081283503,0.50129727,0.12491872,3.9138368,79.999979
19.989981,-5014.6065,-0.08134626,0.5014305,0.12464112,3.9237675,79.999979
19.999981,-5014.6065,-0.081233432,0.50156373,0.12436351,3.9336983,79.999979
20.009981,-5014.6065,-0.08157374,0.50169695,0.12408591,3.943629,79.999979
20.019981,-5014.6065,-0.081586416,0.50183018,0.1238083,3.9535598,79.999979
20.029981,-5014.6065,-0.081537613,0.50196341,0.1235307,3.9634905,79.999979
20.039981,-5014.6065,-0.081640673,0.50193488,0.12354761,3.9630133,79.999979
20.049981,-5014.6065,-0.081640673,0.50181348,0.12382655,3.9532764,79.999979
20.059981,-5014.6065,-0.081479974,0.50169209,0.12410549,3.9435394,79.999979
20.069981,-5014.6065,-0.081447252,0.5015707,0.12438443,3.9338025,79.999979
20.079981,-5014.6065,-0.081459333,0.5014493,0.12466337,3.9240656,79.999979
20.089981,-5014.6065,-0.081342659,0.50132791,0.12494231,3.9143287,79.999979
20.099981,-5014.6065,-0.081342659,0.50120651,0.12522125,3.9045918,79.999979
20.109981,-5014.6065,-0.0812996,0.50108512,0.12550019,3.8948548,79.999979
20.119981,-5014.6065,-0.081403377,0.50096372,0.12577912,3.8851179,79.999979
20.129981,-5014.6065,-0.081271979,0.50084233,0.12605806,3.875381,79.999979
20.139981,-5014.6065,-0.081351447,0.50072093,0.126337,3.8656441,79.999979
20.149981,-5014.6065,-0.081442218,0.50059954,0.12661594,3.8559072,79.999979
20.159981,-5014.6065,-0.081370347,0.50047814,0.12689488,3.8461702,79.999979
20.169981,-5014.6065,-0.081366811,0.50035675,0.12717382,3.8364333,79.999979
20.179981,-5014.6065,-0.081388751,0.50023535,0.12745276,3.8266964,79.999979
20.189981,-5014.6065,-0.081537308,0.50011396,0.1277317,3.8169595,79.999979
20.199981,-5014.6065,-0.081540884,0.49959874,0.12757398,3.8160356,79.999979
20.209981,-5014.6065,-0.081416334,0.49904833,0.12734886,3.8187434,79.999979
20.219981,-5014.6065,-0.081380661,0.49849792,0.12712373,3.8214512,79.999979
20.229981,-5014.6065,-0.081302604,0.49794751,0.12689861,3.8241589,79.999979
20.239981,-5014.6065,-0.081634884,0.49739709,0.12667348,3.8268667,79.999979
20.249981,-5014.6065,-0.081484252,0.49684668,0.12644836,3.8295745,79.999979
20.259981,-5014.6065,-0.081473024,0.49629627,0.12622324,3.8322823,79.999979
20.269981,-5014.6065,-0.081381125,0.49574586,0.12599811,3.8349901,79.999979
20.279981,-5014.6065,-0.081423953,0.49519544,0.12577299,3.8376978,79.999979
20.289981,-5014.6065,-0.081517982,0.49464503,0.12554786,3.8404056,79.999979
20.299981,-5014.6065,-0.081486406,0.49409462,0.12532274,3.8431134,79.999979
20.309981,-5014.6065,-0.081262224,0.49354421,0.12509761,3.8458212,79.999979
20.319981,-5014.6065,-0.08161786,0.49299379,0.12487249,3.848529,79.999979
20.329981,-5014.6065,-0.081472244,0.49244338,0.12464737,3.8512368,79.999979
20.339981,-5014.6065,-0.081521813,0.49189297,0.12442224,3.8539445,79.999979
20.349981,-5014.6065,-0.081553034,0.49134256,0.12419712,3.8566523,79.999979
20.359981,-5014.6065,-0.081441554,0.49079214,0.12397199,3.8593601,79.999979
20.369981,-5014.6065,-0.081370043,0.49077932,0.12386837,3.8611487,79.999979
20.379981,-5014.6065,-0.081474805,0.4919667,0.12422359,3.859466,79.999979
20.389981,-5014.6065,-0.081347682,0.49315408,0.12457882,3.8577833,79.999979
20.399981,-5014.6065,-0.081390829,0.49434147,0.12493405,3.8561006,79.999979
20.409981,-5014.6065,-0.081426887,0.49552885,0.12528927,3.8544179,79.999979
20.419981,-5014.6065,-0.081441498,0.49671624,0.1256445,3.8527352,79.999979
20.429981,-5014.6065,-0.081323204,0.49790362,0.12599972,3.8510525,79.999979
20.439981,-5014.6065,-0.081497255,0.49909101,0.12635495,3.8493698,79.999979
20.44998,-5014.6065,-0.081405895,0.50027839,0.12671017,3.8476871,79.999979
20.45998,-5014.6065,-0.081462809,0.50146577,0.1270654,3.8460044,79.999979
20.46998,-5014.6065,-0.081542607,0.50265316,0.12742063,3.8443217,79.999979
20.47998,-5014.6065,-0.081350306,0.50384054,0.12777585,3.8426389,79.999979
20.48998,-5014.6065,-0.081337854,0.50502793,0.12813108,3.8409562,79.999979
20.49998,-5014.6065,-0.08133191,0.50621531,0.1284863,3.8392735,79.999979
20.50998,-5014.6065,-0.081248264,0.5074027,0.12884153,3.8375908,79.999979
20.51998,-5014.6065,-0.081243039,0.50732914,0.12894411,3.8359081,79.999979
20.52998,-5014.6065,-0.081237814,0.50691193,0.12887947,3.8345494,79.999979
20.53998,-5014.6065,-0.08128977,0.50649471,0.12881483,3.8332015,79.999979
20.54998,-5014.6065,-0.081483375,0.5060775,0.1287502,3.8318535,79.999979
20.55998,-5014.6065,-0.0812956,0.50566028,0.12868556,3.8305056,79.999979
20.56998,-5014.6065,-0.081364223,0.50524307,0.12862093,3.8291577,79.999979
20.57998,-5014.6065,-0.081255095,0.50482585,0.12855629,3.8278097,79.999979
20.58998,-5014.6065,-0.081396367,0.50440864,0.12849165,3.8264618,79.999979
20.59998,-5014.6065,-0.081459017,0.50399142,0.12842702,3.8251139,79.999979
20.60998,-5014.6065,-0.08139711,0.50357421,0.12836238,3.8237659,79.999979
20.61998,-5014.6065,-0.081348507,0.50315699,0.12829775,3.822418,79.999979
20.62998,-5014.6065,-0.081671814,0.50273978,0.12823311,3.8210701,79.999979
20.63998,-5014.6065,-0.081448113,0.50232256,0.12816848,3.8197221,79.999979
20.64998,-5014.6065,-0.081372669,0.50190535,0.12810384,3.8183742,79.999979
20.65998,-5014.6065,-0.081297225,0.50148813,0.1280392,3.8170263,79.999979
20.66998,-5014.6065,-0.081432461,0.50107092,0.12797457,3.8156783,79.999979
20.67998,-5014.6065,-0.081491859,0.50068926,0.12779178,3.8175185,79.999979
20.68998,-5014.6065,-0.081452332,0.50039638,0.12722034,3.8338115,79.999979
20.69998,-5014.6065,-0.08136903,0.50010351,0.12664889,3.8501046,79.999979
20.70998,-5014.6065,-0.081327277,0.49981063,0.12607745,3.8663976,79.999979
20.71998,-5014.6065,-0.081343483,0.49951776,0.125506,3.8826907,79.999979
20.72998,-5014.6065,-0.08144847,0.49922488,0.12493456,3.8989837,79.999979
20.73998,-5014.6065,-0.081194638,0.49893201,0.12436312,3.9152768,79.999979
20.74998,-5014.6065,-0.081498195,0.49863914,0.12379167,3.9315698,79.999979
20.75998,-5014.6065,-0.081445566,0.49834626,0.12322023,3.9478629,79.999979
20.76998,-5014.6065,-0.081353662,0.49805339,0.12264878,3.9641559,79.999979
20.77998,-5014.6065,-0.081285857,0.49776051,0.12207734,3.980449,79.999979
20.78998,-5014.6065,-0.081429785,0.49746764,0.1215059,3.996742,79.999979
20.79998,-5014.6065,-0.081568817,0.49717476,0.12093445,4.013035,79.999979
20.80998,-5014.6065,-0.081227649,0.49688189,0.12036301,4.0293281,79.999979
20.81998,-5014.6065,-0.081572555,0.49658902,0.11979156,4.0456211,79.999979
20.82998,-5014.6065,-0.081418533,0.49629614,0.11922012,4.0619142,79.999979
20.83998,-5014.6065,-0.081602063,0.49611011,0.11946817,4.0563971,79.999979
20.84998,-5014.6065,-0.081700815,0.49595772,0.12013781,4.033778,79.999979
20.85998,-5014.6065,-0.08161547,0.49580533,0.12080745,4.011159,79.999979
20.86998,-5014.6065,-0.08147706,0.49565294,0.1214771,3.9885399,79.999979
20.87998,-5014.6065,-0.081376502,0.49550056,0.12214674,3.9659209,79.999979
20.88998,-5014.6065,-0.081364508,0.49534817,0.12281639,3.9433018,79.999979
20.89998,-5014.6065,-0.081371753,0.49519578,0.12348603,3.9206828,79.999979
20.90998,-5014.6065,-0.08140932,0.49504339,0.12415568,3.8980637,79.999979
20.91998,-5014.6065,-0.08140932,0.494891,0.12482532,3.8754447,79.999979
20.92998,-5014.6065,-0.081377941,0.49473862,0.12549496,3.8528256,79.999979
20.93998,-5014.6065,-0.081456738,0.49458623,0.12616461,3.8302066,79.999979
20.94998,-5014.6065,-0.081617342,0.49443384,0.12683425,3.8075875,79.999979
20.95998,-5014.6065,-0.081473925,0.49428145,0.1275039,3.7849685,79.999979
20.96998,-5014.6065,-0.081421453,0.49412906,0.12817354,3.7623494,79.999979
20.97998,-5014.6065,-0.081470766,0.49397668,0.12884318,3.7397304,79.999979
20.98998,-5014.6065,-0.081382841,0.49382429,0.12951283,3.7171113,79.999979
20.99998,-5014.6065,-0.081389035,0.49372054,0.13015358,3.6944923,79.999979
21.00998,-5014.6065,-0.081357842,0.49393696,0.12977596,3.7051877,79.999979
21.01998,-5014.6065,-0.081417267,0.49415337,0.12939834,3.7185187,79.999979
21.02998,-5014.6065,-0.081623499,0.49436978,0.12902072,3.7318498,79.999979
21.03998,-5014.6065,-0.081489468,0.49458619,0.1286431,3.7451808,79.999979
21.04998,-5014.6065,-0.081256904,0.49480261,0.12826547,3.7585118,79.999979
21.05998,-5014.6065,-0.081372444,0.49501902,0.12788785,3.7718429,79.999979
21.06998,-5014.6065,-0.08143549,0.49523543,0.12751023,3.7851739,79.999979
21.07998,-5014.6065,-0.081300938,0.49545185,0.12713261,3.798505,79.999979
21.08998,-5014.6065,-0.081340657,0.49566826,0.12675499,3.811836,79.999979
21.09998,-5014.6065,-0.081380375,0.49588467,0.12637736,3.825167,79.999979
21.10998,-5014.6065,-0.081376239,0.49610108,0.12599974,3.8384981,79.999979
21.11998,-5014.6065,-0.081407173,0.4963175,0.12562212,3.8518291,79.999979
21.12998,-5014.6065,-0.081458434,0.49653391,0.1252445,3.8651601,79.999979
21.13998,-5014.6065,-0.081346296,0.49675032,0.12486688,3.8784912,79.999979
21.14998,-5014.6065,-0.081326288,0.49696674,0.12448926,3.8918222,79.999979
21.15998,-5014.6065,-0.081349247,0.49718315,0.12411163,3.9051533,79.999979
21.16998,-5014.6065,-0.081532193,0.4974147,0.12373401,3.9184843,79.999979
21.17998,-5014.6065,-0.081375202,0.49785617,0.12371087,3.9229455,79.999979
21.18998,-5014.6065,-0.081441083,0.49829764,0.1239599,3.9186105,79.999979
21.19998,-5014.6065,-0.08138435,0.4987391,0.12420893,3.9142755,79.999979
21.20998,-5014.6065,-0.081393291,0.49918057,0.12445796,3.9099405,79.999979
21.21998,-5014.6065,-0.081353255,0.49962204,0.12470699,3.9056055,79.999979
21.22998,-5014.6065,-0.0813882,0.5000635,0.12495602,3.9012705,79.999979
21.23998,-5014.6065,-0.081523301,0.50050497,0.12520505,3.8969355,79.999979
21.24998,-5014.6065,-0.081388681,0.50094644,0.12545408,3.8926005,79.999979
21.25998,-5014.6065,-0.081484238,0.5013879,0.12570311,3.8882655,79.999979
21.26998,-5014.6065,-0.081408001,0.50182937,0.12595214,3.8839305,79.999979
21.27998,-5014.6065,-0.081238158,0.50227084,0.12620117,3.8795955,79.999979
21.28998,-5014.6065,-0.081375525,0.5027123,0.1264502,3.8752605,79.999979
21.29998,-5014.6065,-0.081579801,0.50315377,0.12669923,3.8709255,79.999979
21.30998,-5014.6065,-0.081321701,0.50359524,0.12694826,3.8665905,79.999979
21.31998,-5014.6065,-0.081474471,0.50403312,0.12719729,3.8622555,79.999979
21.32998,-5014.6065,-0.081232865,0.50354673,0.12697491,3.8662581,79.999979
21.33998,-5014.6065,-0.081396714,0.50306034,0.12669827,3.8712205,79.999979
21.34998,-5014.6065,-0.081381231,0.50257395,0.12642162,3.8761829,79.999979
21.35998,-5014.6065,-0.081538427,0.50208756,0.12614497,3.8811452,79.999979
21.36998,-5014.6065,-0.081372205,0.50160117,0.12586832,3.8861076,79.999979
21.37998,-5014.6065,-0.08146303,0.50111477,0.12559168,3.89107,79.999979
21.38998,-5014.6065,-0.081415197,0.50062838,0.12531503,3.8960324,79.999979
21.39998,-5014.6065,-0.081422668,0.50014199,0.12503838,3.9009948,79.999979
21.40998,-5014.6065,-0.081209042,0.4996556,0.12476173,3.9059572,79.999979
21.41998,-5014.6065,-0.081538442,0.49916921,0.12448509,3.9109195,79.999979
21.42998,-5014.6065,-0.081595169,0.49868282,0.12420844,3.9158819,79.999979
21.43998,-5014.6065,-0.081343072,0.49819643,0.12393179,3.9208443,79.999979
21.44998,-5014.6065,-0.081293207,0.49771004,0.12365514,3.9258067,79.999979
21.45998,-5014.6065,-0.081237265,0.49722365,0.1233785,3.9307691,79.999979
21.46998,-5014.6065,-0.08127758,0.49673725,0.12310185,3.9357315,79.999979
21.47998,-5014.6065,-0.081253941,0.49625086,0.1228252,3.9406938,79.999979
21.48998,-5014.6065,-0.081366063,0.49584259,0.12254856,3.9456562,79.999979
21.499979,-5014.6065,-0.08152307,0.49730192,0.12280966,3.9481926,79.999979
21.509979,-5014.6065,-0.081187798,0.49876126,0.12307776,3.9506975,79.999979
21.519979,-5014.6065,-0.081413617,0.50022059,0.12334586,3.9532023,79.999979
21.529979,-5014.6065,-0.081378538,0.50167992,0.12361396,3.9557072,79.999979
21.539979,-5014.6065,-0.081240826,0.50313925,0.12388206,3.958212,79.999979
21.549979,-5014.6065,-0.081385631,0.50459858,0.12415016,3.9607168,79.999979
21.559979,-5014.6065,-0.081536074,0.50605791,0.12441827,3.9632217,79.999979
21.569979,-5014.6065,-0.081262078,0.50751725,0.12468637,3.9657265,79.999979
21.579979,-5014.6065,-0.081319328,0.50897658,0.12495447,3.9682313,79.999979
21.589979,-5014.6065,-0.081321698,0.51043591,0.12522257,3.9707362,79.999979
21.599979,-5014.6065,-0.081333247,0.51189524,0.12549067,3.973241,79.999979
21.609979,-5014.6065,-0.081301322,0.51335457,0.12575877,3.9757458,79.999979
21.619979,-5014.6065,-0.081273392,0.5148139,0.12602688,3.9782507,79.999979
21.629979,-5014.6065,-0.081276814,0.51627324,0.12629498,3.9807555,79.999979
21.639979,-5014.6065,-0.081276685,0.51773257,0.12656308,3.9832603,79.999979
21.649979,-5014.6065,-0.081276685,0.51733436,0.12683269,3.9857652,79.999979
21.659979,-5014.6065,-0.081276685,0.51626239,0.12711905,3.9689019,79.999979
21.669979,-5014.6065,-0.081319283,0.51519043,0.12740542,3.9513847,79.999979
21.679979,-5014.6065,-0.081245135,0.51411846,0.12769178,3.9338675,79.999979
21.689979,-5014.6065,-0.081268013,0.5130465,0.12797814,3.9163502,79.999979
21.699979,-5014.6065,-0.081303197,0.51197453,0.12826451,3.898833,79.999979
21.709979,-5014.6065,-0.081201526,0.51090256,0.12855087,3.8813157,79.999979
21.719979,-5014.6065,-0.081218403,0.5098306,0.12883723,3.8637985,79.999979
21.729979,-5014.6065,-0.08121294,0.50875863,0.1291236,3.8462813,79.999979
21.739979,-5014.6065,-0.081259825,0.50768667,0.12940996,3.828764,79.999979
21.749979,-5014.6065,-0.081286586,0.5066147,0.12969632,3.8112468,79.999979
21.759979,-5014.6065,-0.0814376,0.50554273,0.12998268,3.7937295,79.999979
21.769979,-5014.6065,-0.081367345,0.50447077,0.13026905,3.7762123,79.999979
21.779979,-5014.6065,-0.08133584,0.5033988,0.13055541,3.7586951,79.999979
21.789979,-5014.6065,-0.081304335,0.50232684,0.13084177,3.7411778,79.999979
21.799979,-5014.6065,-0.081385743,0.50125487,0.13112814,3.7236606,79.999979
21.809979,-5014.6065,-0.081281078,0.50083101,0.13119818,3.7173502,79.999979
21.819979,-5014.6065,-0.08131613,0.50115667,0.13095735,3.7271456,79.999979
21.829979,-5014.6065,-0.081327241,0.50148232,0.13071652,3.736941,79.999979
21.839979,-5014.6065,-0.081616301,0.50180797,0.13047569,3.7467364,79.999979
21.849979,-5014.6065,-0.081427801,0.50213363,0.13023486,3.7565318,79.999979
21.859979,-5014.6065,-0.081395411,0.50245928,0.12999402,3.7663272,79.999979
21.869979,-5014.6065,-0.081436378,0.50278493,0.12975319,3.7761226,79.999979
21.879979,-5014.6065,-0.081376941,0.50311059,0.12951236,3.785918,79.999979
21.889979,-5014.6065,-0.081246487,0.50343624,0.12927153,3.7957133,79.999979
21.899979,-5014.6065,-0.081203389,0.50376189,0.1290307,3.8055087,79.999979
21.909979,-5014.6065,-0.081121217,0.50408755,0.12878987,3.8153041,79.999979
21.919979,-5014.6065,-0.081287693,0.5044132,0.12854904,3.8250995,79.999979
21.929979,-5014.6065,-0.081471156,0.50473885,0.1283082,3.8348949,79.999979
21.939979,-5014.6065,-0.081385581,0.50506451,0.12806737,3.8446903,79.999979
21.949979,-5014.6065,-0.081299557,0.50539016,0.12782654,3.8544857,79.999979
21.959979,-5014.6065,-0.0814382,0.50571581,0.12758571,3.8642811,79.999979
21.969979,-5014.6065,-0.081341349,0.50604147,0.12734488,3.8740765,79.999979
21.979979,-5014.6065,-0.081336744,0.50636712,0.12710405,3.8838718,79.999979
21.989979,-5014.6065,-0.081338779,0.5067467,0.12681513,3.8959597,79.999979
21.999979,-5014.6065,-0.081310015,0.50715374,0.1264954,3.9095163,79.999979
22.009979,-5014.6065,-0.08147304,0.50756079,0.12617567,3.9230729,79.999979
22.019979,-5014.6065,-0.081438651,0.50796783,0.12585594,3.9366295,79.999979
22.029979,-5014.6065,-0.081419408,0.50837487,0.12553621,3.9501862,79.999979
22.039979,-5014.6065,-0.081323971,0.50878191,0.12521648,3.9637428,79.999979
22.049979,-5014.6065,-0.081310015,0.50918895,0.12489675,3.9772994,79.999979
22.059979,-5014.6065,-0.081440192,0.509596,0.12457703,3.990856,79.999979
22.069979,-5014.6065,-0.081398168,0.51000304,0.1242573,4.0044126,79.999979
22.079979,-5014.6065,-0.081205963,0.51041008,0.12393757,4.0179693,79.999979
22.089979,-5014.6065,-0.081171154,0.51081712,0.12361784,4.0315259,79.999979
22.099979,-5014.6065,-0.081302393,0.51122416,0.12329811,4.0450825,79.999979
22.109979,-5014.6065,-0.081518501,0.51163121,0.12297838,4.0586391,79.999979
22.119979,-5014.6065,-0.081312169,0.51203825,0.12265865,4.0721957,79.999979
22.129979,-5014.6065,-0.081103554,0.51218175,0.12240978,4.0857524,79.999979
22.139979,-5014.6065,-0.081175063,0.51106266,0.12268504,4.0702422,79.999979
22.149979,-5014.6065,-0.081256057,0.50994357,0.12296029,4.0521178,79.999979
22.159979,-5014.6065,-0.081215326,0.50882449,0.12323555,4.0339934,79.999979
22.169979,-5014.6065,-0.081177967,0.5077054,0.1235108,4.0158691,79.999979
22.179979,-5014.6065,-0.081124737,0.50658631,0.12378606,3.9977447,79.999979
22.189979,-5014.6065,-0.081532079,0.50546722,0.12406131,3.9796203,79.999979
22.199979,-5014.6065,-0.08126404,0.50434814,0.12433657,3.9614959,79.999979
22.209979,-5014.6065,-0.081180117,0.50322905,0.12461183,3.9433715,79.999979
22.219979,-5014.6065,-0.081164315,0.50210996,0.12488708,3.9252472,79.999979
22.229979,-5014.6065,-0.081207769,0.50099088,0.12516234,3.9071228,79.999979
22.239979,-5014.6065,-0.081148552,0.49987179,0.12543759,3.8889984,79.999979
22.249979,-5014.6065,-0.081272505,0.4987527,0.12571285,3.870874,79.999979
22.259979,-5014.6065,-0.08128249,0.49763361,0.1259881,3.8527497,79.999979
22.269979,-5014.6065,-0.081405908,0.49651453,0.12626336,3.8346253,79.999979
22.279979,-5014.6065,-0.081491646,0.49539544,0.12653862,3.8165009,79.999979
22.289979,-5014.6065,-0.081335341,0.49427635,0.12681387,3.7983765,79.999979
22.299979,-5014.6065,-0.081438034,0.49341417,0.12698933,3.7855407,79.999979
22.309979,-5014.6065,-0.081435102,0.49373446,0.12670545,3.7970471,79.999979
22.319979,-5014.6065,-0.081073654,0.49405476,0.12642156,3.8085535,79.999979
22.329979,-5014.6065,-0.081197875,0.49437506,0.12613768,3.8200599,79.999979
22.339979,-5014.6065,-0.08132825,0.49469535,0.12585379,3.8315663,79.999979
22.349979,-5014.6065,-0.081444415,0.49501565,0.1255699,3.8430727,79.999979
22.359979,-5014.6065,-0.081311482,0.49533594,0.12528602,3.8545791,79.999979
22.369979,-5014.6065,-0.081410022,0.49565624,0.12500213,3.8660855,79.999979
22.379979,-5014.6065,-0.081171564,0.49597654,0.12471825,3.8775919,79.999979
22.389979,-5014.6065,-0.081177824,0.49629683,0.12443436,3.8890983,79.999979
22.399979,-5014.6065,-0.081177273,0.49661713,0.12415048,3.9006047,79.999979
22.409979,-5014.6065,-0.081168557,0.49693743,0.12386659,3.9121111,79.999979
22.419979,-5014.6065,-0.081235218,0.49725772,0.12358271,3.9236176,79.999979
22.429979,-5014.6065,-0.081344519,0.49757802,0.12329882,3.935124,79.999979
22.439979,-5014.6065,-0.081173112,0.49789832,0.12301494,3.9466304,79.999979
22.449979,-5014.6065,-0.081241247,0.49821861,0.12273105,3.9581368,79.999979
22.459979,-5014.6065,-0.081217608,0.49828773,0.12274271,3.9608714,79.999979
22.469979,-5014.6065,-0.081229453,0.49820759,0.12302634,3.9511208,79.999979
22.479979,-5014.6065,-0.081305175,0.49812744,0.12330998,3.9413702,79.999979
22.489979,-5014.6065,-0.081238158,0.4980473,0.12359362,3.9316196,79.999979
22.499979,-5014.6065,-0.081390096,0.49796716,0.12387725,3.921869,79.999979
22.509979,-5014.6065,-0.081369461,0.49788701,0.12416089,3.9121184,79.999979
22.519979,-5014.6065,-0.081414876,0.49780687,0.12444453,3.9023678,79.999979
22.529979,-5014.6065,-0.081405464,0.49772673,0.12472816,3.8926172,79.999979
22.539979,-5014.6065,-0.081396051,0.49764658,0.1250118,3.8828666,79.999979
22.549978,-5014.6065,-0.08122462,0.49756644,0.12529544,3.873116,79.999979
22.559978,-5014.6065,-0.081289267,0.4974863,0.12557907,3.8633654,79.999979
22.569978,-5014.6065,-0.081372461,0.49740616,0.12586271,3.8536148,79.999979
22.579978,-5014.6065,-0.081319916,0.49732601,0.12614635,3.8438642,79.999979
22.589978,-5014.6065,-0.081335736,0.49724587,0.12642999,3.8341136,79.999979
22.599978,-5014.6065,-0.081183751,0.49716573,0.12671362,3.824363,79.999979
22.609978,-5014.6065,-0.081183751,0.49708558,0.12699726,3.8146124,79.999979
22.619978,-5014.6065,-0.081336204,0.49700544,0.1272809,3.8048618,79.999979
22.629978,-5014.6065,-0.081174438,0.49714996,0.12684316,3.8200572,79.999979
22.639978,-5014.6065,-0.081158952,0.49734384,0.12624689,3.8407349,79.999979
22.649978,-5014.6065,-0.081372807,0.49753773,0.12565062,3.8614126,79.999979
22.659978,-5014.6065,-0.081256594,0.49773162,0.12505434,3.8820904,79.999979
22.669978,-5014.6065,-0.081126461,0.49792551,0.12445807,3.9027681,79.999979
22.679978,-5014.6065,-0.081432657,0.4981194,0.1238618,3.9234458,79.999979
22.689978,-5014.6065,-0.081084698,0.49831329,0.12326553,3.9441235,79.999979
22.699978,-5014.6065,-0.081257589,0.49850718,0.12266926,3.9648013,79.999979
22.709978,-5014.6065,-0.08100906,0.49870107,0.12207299,3.985479,79.999979
22.719978,-5014.6065,-0.08119436,0.49889496,0.12147671,4.0061567,79.999979
22.729978,-5014.6065,-0.081317362,0.49908884,0.12088044,4.0268345,79.999979
22.739978,-5014.6065,-0.081326828,0.49928273,0.12028417,4.0475122,79.999979
22.749978,-5014.6065,-0.08125491,0.49947662,0.1196879,4.0681899,79.999979
22.759978,-5014.6065,-0.081170893,0.49967051,0.11909163,4.0888677,79.999979
22.769978,-5014.6065,-0.081300207,0.4998644,0.11849535,4.1095454,79.999979
22.779978,-5014.6065,-0.081020962,0.49984714,0.11818844,4.1302231,79.999979
22.789978,-5014.6065,-0.08115438,0.49949727,0.11859578,4.1210902,79.999979
22.799978,-5014.6065,-0.081319667,0.49914741,0.11900312,4.1039622,79.999979
22.809978,-5014.6065,-0.081253099,0.49879754,0.11941046,4.0868342,79.999979
22.819978,-5014.6065,-0.081111001,0.49844767,0.11981779,4.0697062,79.999979
22.829978,-5014.6065,-0.081092933,0.4980978,0.12022513,4.0525783,79.999979
22.839978,-5014.6065,-0.081170348,0.49774794,0.12063247,4.0354503,79.999979
22.849978,-5014.6065,-0.0811609,0.49739807,0.12103981,4.0183223,79.999979
22.859978,-5014.6065,-0.081151453,0.4970482,0.12144714,4.0011943,79.999979
22.869978,-5014.6065,-0.081150646,0.49669833,0.12185448,3.9840663,79.999979
22.879978,-5014.6065,-0.081181144,0.49634847,0.12226182,3.9669383,79.999979
22.889978,-5014.6065,-0.081140371,0.4959986,0.12266916,3.9498104,79.999979
22.899978,-5014.6065,-0.081116977,0.49564873,0.12307649,3.9326824,79.999979
22.909978,-5014.6065,-0.080956281,0.49529886,0.12348383,3.9155544,79.999979
22.919978,-5014.6065,-0.081108877,0.494949,0.12389117,3.8984264,79.999979
22.929978,-5014.6065,-0.081078172,0.49459913,0.12429851,3.8812984,79.999979
22.939978,-5014.6065,-0.080824651,0.49424926,0.12470584,3.8641704,79.999979
22.949978,-5014.6065,-0.081005397,0.49410797,0.12491204,3.8557174,79.999979
22.959978,-5014.6065,-0.081111883,0.49405522,0.12498522,3.8530017,79.999979
22.969978,-5014.6065,-0.081034744,0.49400248,0.12505839,3.850286,79.999979
22.979978,-5014.6065,-0.0812847,0.49394973,0.12513156,3.8475703,79.999979
22.989978,-5014.6065,-0.081153907,0.49389698,0.12520473,3.8448547,79.999979
22.999978,-5014.6065,-0.080967114,0.49384424,0.12527791,3.842139,79.999979
23.009978,-5014.6065,-0.081029427,0.49379149,0.12535108,3.8394233,79.999979
23.019978,-5014.6065,-0.081090816,0.49373874,0.12542425,3.8367076,79.999979
23.029978,-5014.6065,-0.081077089,0.493686,0.12549742,3.8339919,79.999979
23.039978,-5014.6065,-0.08110317,0.49363325,0.1255706,3.8312762,79.999979
23.049978,-5014.6065,-0.080982172,0.4935805,0.12564377,3.8285605,79.999979
23.059978,-5014.6065,-0.081105219,0.49352775,0.12571694,3.8258449,79.999979
23.069978,-5014.6065,-0.081012997,0.49347501,0.12579011,3.8231292,79.999979
23.079978,-5014.6065,-0.080864841,0.49342226,0.12586329,3.8204135,79.999979
23.089978,-5014.6065,-0.080982593,0.49336951,0.12593646,3.8176978,79.999979
23.099978,-5014.6065,-0.080963036,0.49331677,0.12600963,3.8149821,79.999979
23.109978,-5014.6065,-0.080971176,0.49326402,0.12608281,3.8122664,79.999979
23.119978,-5014.6065,-0.081160769,0.49354765,0.12618716,3.8106815,79.999979
23.129978,-5014.6065,-0.081115139,0.49421244,0.1263449,3.8110326,79.999979
23.139978,-5014.6065,-0.080992232,0.49487723,0.12650264,3.8113837,79.999979
23.149978,-5014.6065,-0.080995026,0.49554202,0.12666039,3.8117348,79.999979
23.159978,-5014.6065,-0.081127965,0.49620681,0.12681813,3.8120859,79.999979
23.169978,-5014.6065,-0.080933433,0.4968716,0.12697587,3.8124371,79.999979
23.179978,-5014.6065,-0.081124477,0.49753639,0.12713362,3.8127882,79.999979
23.189978,-5014.6065,-0.081156047,0.49820117,0.12729136,3.8131393,79.999979
23.199978,-5014.6065,-0.081055335,0.49886596,0.1274491,3.8134904,79.999979
23.209978,-5014.6065,-0.080971106,0.49953075,0.12760685,3.8138415,79.999979
23.219978,-5014.6065,-0.080892025,0.50019554,0.12776459,3.8141927,79.999979
23.229978,-5014.6065,-0.081105781,0.50086033,0.12792233,3.8145438,79.999979
23.239978,-5014.6065,-0.08101327,0.50152512,0.12808008,3.8148949,79.999979
23.249978,-5014.6065,-0.081184865,0.5021899,0.12823782,3.815246,79.999979
23.259978,-5014.6065,-0.080903429,0.50260315,0.12833033,3.8155971,79.999979
23.269978,-5014.6065,-0.081290115,0.50251021,0.1281278,3.8211278,79.999979
23.279978,-5014.6065,-0.081031195,0.50241727,0.12792527,3.8267617,79.999979
23.289978,-5014.6065,-0.081063709,0.50232434,0.12772274,3.8323955,79.999979
23.299978,-5014.6065,-0.081093876,0.5022314,0.12752021,3.8380294,79.999979
23.309978,-5014.6065,-0.080896869,0.50213846,0.12731769,3.8436632,79.999979
23.319978,-5014.6065,-0.080957459,0.50204553,0.12711516,3.849297,79.999979
23.329978,-5014.6065,-0.080863453,0.50195259,0.12691263,3.8549309,79.999979
23.339978,-5014.6065,-0.080725832,0.50185965,0.1267101,3.8605647,79.999979
23.349978,-5014.6065,-0.080735603,0.50176672,0.12650757,3.8661986,79.999979
23.359978,-5014.6065,-0.080844051,0.50167378,0.12630505,3.8718324,79.999979
23.369978,-5014.6065,-0.080944516,0.50158084,0.12610252,3.8774662,79.999979
23.379978,-5014.6065,-0.080854449,0.50148791,0.12589999,3.8831001,79.999979
23.389978,-5014.6065,-0.081054963,0.50139497,0.12569746,3.8887339,79.999979
23.399978,-5014.6065,-0.080966892,0.50130203,0.12549493,3.8943678,79.999979
23.409978,-5014.6065,-0.080982881,0.5012091,0.12529241,3.9000016,79.999979
23.419978,-5014.6065,-0.080983376,0.50111616,0.12508988,3.9056354,79.999979
23.429978,-5014.6065,-0.0809912,0.50102322,0.12488735,3.9112693,79.999979
23.439978,-5014.6065,-0.080884479,0.50124713,0.12485695,3.9142812,79.999979
23.449978,-5014.6065,-0.080973042,0.50153804,0.12486294,3.916301,79.999979
23.459978,-5014.6065,-0.080819983,0.50182894,0.12486894,3.9183207,79.999979
23.469978,-5014.6065,-0.080954115,0.50211985,0.12487493,3.9203405,79.999979
23.479978,-5014.6065,-0.080961907,0.50241076,0.12488093,3.9223602,79.999979
23.489978,-5014.6065,-0.080974253,0.50270166,0.12488692,3.92438,79.999979
23.499978,-5014.6065,-0.080969306,0.50299257,0.12489291,3.9263997,79.999979
23.509978,-5014.6065,-0.080851917,0.50328348,0.12489891,3.9284195,79.999979
23.519978,-5014.6065,-0.080824468,0.50357438,0.1249049,3.9304392,79.999979
23.529978,-5014.6065,-0.080898873,0.50386529,0.1249109,3.932459,79.999979
23.539978,-5014.6065,-0.081050794,0.5041562,0.12491689,3.9344787,79.999979
23.549978,-5014.6065,-0.080847136,0.50444711,0.12492289,3.9364984,79.999979
23.559978,-5014.6065,-0.080888068,0.50473801,0.12492888,3.9385182,79.999979
23.569978,-5014.6065,-0.080867448,0.50502892,0.12493488,3.9405379,79.999979
23.579978,-5014.6065,-0.080811274,0.50531983,0.12494087,3.9425577,79.999979
23.589978,-5014.6065,-0.080722225,0.50490836,0.12494686,3.9445774,79.999979
23.599977,-5014.6065,-0.080739861,0.50402992,0.12500285,3.9384698,79.999979
23.609977,-5014.6065,-0.080753102,0.50315148,0.12507053,3.928931,79.999979
23.619977,-5014.6065,-0.080815223,0.50227304,0.12513821,3.9193921,79.999979
23.629977,-5014.6065,-0.080814469,0.50139459,0.12520589,3.9098533,79.999979
23.639977,-5014.6065,-0.080831861,0.50051615,0.12527357,3.9003144,79.999979
23.649977,-5014.6065,-0.080923962,0.49963771,0.12534124,3.8907756,79.999979
23.659977,-5014.6065,-0.080930343,0.49875927,0.12540892,3.8812367,79.999979
23.669977,-5014.6065,-0.080798686,0.49788082,0.1254766,3.8716979,79.999979
23.679977,-5014.6065,-0.080700082,0.49700238,0.12554428,3.862159,79.999979
23.689977,-5014.6065,-0.080740326,0.49612394,0.12561196,3.8526202,79.999979
23.699977,-5014.6065,-0.080837619,0.4952455,0.12567964,3.8430813,79.999979
23.709977,-5014.6065,-0.080717598,0.49436705,0.12574732,3.8335425,79.999979
23.719977,-5014.6065,-0.080805782,0.49348861,0.12581499,3.8240036,79.999979
23.729977,-5014.6065,-0.08081988,0.49261017,0.12588267,3.8144648,79.999979
23.739977,-5014.6065,-0.080835559,0.49173172,0.12595035,3.8049259,79.999979
23.749977,-5014.6065,-0.080906814,0.49127679,0.12590257,3.8018167,79.999979
23.759977,-5014.6065,-0.080826182,0.49126611,0.12573366,3.8070709,79.999979
23.769977,-5014.6065,-0.080874126,0.49125543,0.12556476,3.812325,79.999979
23.779977,-5014.6065,-0.080812842,0.49124474,0.12539585,3.8175792,79.999979
23.789977,-5014.6065,-0.080717105,0.49123406,0.12522694,3.8228334,79.999979
23.799977,-5014.6065,-0.080694336,0.49122338,0.12505804,3.8280876,79.999979
23.809977,-5014.6065,-0.080851743,0.4912127,0.12488913,3.8333418,79.999979
23.819977,-5014.6065,-0.080752703,0.49120202,0.12472023,3.838596,79.999979
23.829977,-5014.6065,-0.080589115,0.49119134,0.12455132,3.8438502,79.999979
23.839977,-5014.6065,-0.080668822,0.49118066,0.12438241,3.8491043,79.999979
23.849977,-5014.6065,-0.080653904,0.49116998,0.12421351,3.8543585,79.999979
23.859977,-5014.6065,-0.080772124,0.4911593,0.1240446,3.8596127,79.999979
23.869977,-5014.6065,-0.080668526,0.49114862,0.1238757,3.8648669,79.999979
23.879977,-5014.6065,-0.08069644,0.49113794,0.12370679,3.8701211,79.999979
23.889977,-5014.6065,-0.080658121,0.49112725,0.12353789,3.8753753,79.999979
23.899977,-5014.6065,-0.080658979,0.49111657,0.12336898,3.8806295,79.999979
23.909977,-5014.6065,-0.080642414,0.49110589,0.12320007,3.8858836,79.999979
23.919977,-5014.6065,-0.080712468,0.49109521,0.12303117,3.8911378,79.999979
23.929977,-5014.6065,-0.080653428,0.49086699,0.1232011,3.8853755,79.999979
23.939977,-5014.6065,-0.080675972,0.49061092,0.12341442,3.8766247,79.999979
23.949977,-5014.6065,-0.080728247,0.49035485,0.12362773,3.8678739,79.999979
23.959977,-5014.6065,-0.080716567,0.49009877,0.12384104,3.8591231,79.999979
23.969977,-5014.6065,-0.080687889,0.4898427,0.12405436,3.8503722,79.999979
23.979977,-5014.6065,-0.080627386,0.48958663,0.12426767,3.8416214,79.999979
23.989977,-5014.6065,-0.080538247,0.48933056,0.12448098,3.8328706,79.999979
23.999977,-5014.6065,-0.080674199,0.48907449,0.1246943,3.8241198,79.999979
24.009977,-5014.6065,-0.080742297,0.48881841,0.12490761,3.815369,79.999979
24.019977,-5014.6065,-0.080711497,0.48856234,0.12512092,3.8066182,79.999979
24.029977,-5014.6065,-0.080589317,0.48830627,0.12533423,3.7978674,79.999979
24.039977,-5014.6065,-0.080539329,0.4880502,0.12554755,3.7891166,79.999979
24.049977,-5014.6065,-0.080641509,0.48779413,0.12576086,3.7803658,79.999979
24.059977,-5014.6065,-0.080742937,0.48753806,0.12597417,3.771615,79.999979
24.069977,-5014.6065,-0.080551078,0.4875974,0.12615763,3.763434,79.999979
24.079977,-5014.6065,-0.080630954,0.48828032,0.12616864,3.7685785,79.999979
24.089977,-5014.6065,-0.080568509,0.48896324,0.12617965,3.7737231,79.999979
24.099977,-5014.6065,-0.080568509,0.48964616,0.12619066,3.7788676,79.999979
24.109977,-5014.6065,-0.080688128,0.49032908,0.12620167,3.7840122,79.999979
24.119977,-5014.6065,-0.080535287,0.491012,0.12621269,3.7891567,79.999979
24.129977,-5014.6065,-0.080540839,0.49169492,0.1262237,3.7943013,79.999979
24.139977,-5014.6065,-0.080537125,0.49237784,0.12623471,3.7994458,79.999979
24.149977,-5014.6065,-0.08045358,0.49306076,0.12624572,3.8045904,79.999979
24.159977,-5014.6065,-0.08041412,0.49374368,0.12625673,3.8097349,79.999979
24.169977,-5014.6065,-0.080486654,0.4944266,0.12626775,3.8148794,79.999979
24.179977,-5014.6065,-0.08040425,0.49510952,0.12627876,3.820024,79.999979
24.189977,-5014.6065,-0.080397916,0.49579244,0.12628977,3.8251685,79.999979
24.199977,-5014.6065,-0.080628077,0.49647536,0.12630078,3.8303131,79.999979
24.209977,-5014.6065,-0.080561895,0.49715828,0.1263118,3.8354576,79.999979
24.219977,-5014.6065,-0.080459917,0.4978412,0.12632281,3.8406022,79.999979
24.229977,-5014.6065,-0.080404308,0.49852412,0.12633382,3.8457467,79.999979
24.239977,-5014.6065,-0.080324805,0.49906948,0.1263298,3.8503812,79.999979
24.249977,-5014.6065,-0.080311963,0.49940959,0.1262976,3.85406,79.999979
24.259977,-5014.6065,-0.080451657,0.49974971,0.1262654,3.8577389,79.999979
24.269977,-5014.6065,-0.080298777,0.50008982,0.1262332,3.8614177,79.999979
24.279977,-5014.6065,-0.080310786,0.50042993,0.12620101,3.8650965,79.999979
24.289977,-5014.6065,-0.08030378,0.50077004,0.12616881,3.8687753,79.999979
24.299977,-5014.6065,-0.080289902,0.50111016,0.12613661,3.8724542,79.999979
24.309977,-5014.6065,-0.080364605,0.50145027,0.12610441,3.876133,79.999979
24.319977,-5014.6065,-0.080267167,0.50179038,0.12607221,3.8798118,79.999979
24.329977,-5014.6065,-0.080271112,0.50213049,0.12604002,3.8834906,79.999979
24.339977,-5014.6065,-0.08032631,0.50247061,0.12600782,3.8871695,79.999979
24.349977,-5014.6065,-0.080287019,0.50281072,0.12597562,3.8908483,79.999979
24.359977,-5014.6065,-0.080152374,0.50315083,0.12594342,3.8945271,79.999979
24.369977,-5014.6065,-0.080159438,0.50349094,0.12591123,3.8982059,79.999979
24.379977,-5014.6065,-0.080012823,0.50383105,0.12587903,3.9018847,79.999979
24.389977,-5014.6065,-0.079934057,0.5041486,0.12578225,3.9060438,79.999979
24.399977,-5014.6065,-0.080049495,0.50439176,0.12525118,3.9263009,79.999979
24.409977,-5014.6065,-0.080030005,0.50463492,0.12472012,3.946558,79.999979
24.419977,-5014.6065,-0.08024698,0.50487808,0.12418905,3.9668151,79.999979
24.429977,-5014.6065,-0.080060971,0.50512124,0.12365799,3.9870722,79.999979
24.439977,-5014.6065,-0.080068654,0.5053644,0.12312692,4.0073293,79.999979
24.449977,-5014.6065,-0.080023784,0.50560756,0.12259586,4.0275864,79.999979
24.459977,-5014.6065,-0.080071139,0.50585072,0.12206479,4.0478435,79.999979
24.469977,-5014.6065,-0.080047663,0.50609388,0.12153373,4.0681006,79.999979
24.479977,-5014.6065,-0.079895216,0.50633704,0.12100266,4.0883577,79.999979
24.489977,-5014.6065,-0.079847215,0.5065802,0.1204716,4.1086148,79.999979
24.499977,-5014.6065,-0.080066385,0.50682336,0.11994053,4.1288719,79.999979
24.509977,-5014.6065,-0.079921315,0.50706652,0.11940946,4.149129,79.999979
24.519977,-5014.6065,-0.079989846,0.50730968,0.1188784,4.1693861,79.999979
24.529977,-5014.6065,-0.07997307,0.50755284,0.11834733,4.1896432,79.999979
24.539977,-5014.6065,-0.079866761,0.507796,0.11781627,4.2099003,79.999979
24.549977,-5014.6065,-0.079941037,0.50803916,0.1172852,4.2301574,79.999979
24.559977,-5014.6065,-0.079777913,0.50763846,0.11740016,4.2272945,79.999979
24.569977,-5014.6065,-0.079834449,0.5068605,0.11789364,4.2039746,79.999979
24.579977,-5014.6065,-0.079753375,0.50608254,0.11838711,4.1806547,79.999979
24.589977,-5014.6065,-0.079730691,0.50530458,0.11888059,4.1573348,79.999979
24.599977,-5014.6065,-0.079887442,0.50452662,0.11937407,4.1340149,79.999979
24.609977,-5014.6065,-0.079733137,0.50374866,0.11986754,4.110695,79.999979
24.619977,-5014.6065,-0.079703811,0.5029707,0.12036102,4.0873751,79.999979
24.629977,-5014.6065,-0.07968083,0.50219274,0.1208545,4.0640552,79.999979
24.639977,-5014.6065,-0.079677408,0.50141477,0.12134797,4.0407353,79.999979
24.649976,-5014.6065,-0.079640543,0.50063681,0.12184145,4.0174154,79.999979
24.659976,-5014.6065,-0.079709158,0.49985885,0.12233493,3.9940954,79.999979
24.669976,-5014.6065,-0.079590307,0.49908089,0.1228284,3.9707755,79.999979
24.679976,-5014.6065,-0.079522448,0.49830293,0.12332188,3.9474556,79.999979
24.689976,-5014.6065,-0.079628415,0.49752497,0.12381536,3.9241357,79.999979
24.699976,-5014.6065,-0.079540068,0.49674701,0.12430883,3.9008158,79.999979
24.709976,-5014.6065,-0.079641235,0.49596905,0.12480231,3.8774959,79.999979
24.719976,-5014.6065,-0.079641235,0.49519109,0.12529579,3.854176,79.999979
24.729976,-5014.6065,-0.079570131,0.49469161,0.12568619,3.835713,79.999979
24.739976,-5014.6065,-0.079560858,0.49500854,0.12551268,3.8438205,79.999979
24.749976,-5014.6065,-0.079720576,0.49532546,0.12533918,3.851928,79.999979
24.759976,-5014.6065,-0.07965849,0.49564239,0.12516567,3.8600355,79.999979
24.769976,-5014.6065,-0.079580724,0.49595932,0.12499217,3.8681431,79.999979
24.779976,-5014.6065,-0.079381159,0.49627624,0.12481866,3.8762506,79.999979
24.789976,-5014.6065,-0.079407911,0.49659317,0.12464516,3.8843581,79.999979
24.799976,-5014.6065,-0.079437652,0.49691009,0.12447165,3.8924656,79.999979
24.809976,-5014.6065,-0.079368278,0.49722702,0.12429815,3.9005732,79.999979
24.819976,-5014.6065,-0.079470512,0.49754395,0.12412464,3.9086807,79.999979
24.829976,-5014.6065,-0.079479121,0.49786087,0.12395114,3.9167882,79.999979
24.839976,-5014.6065,-0.07949644,0.4981778,0.12377764,3.9248957,79.999979
24.849976,-5014.6065,-0.079477107,0.49849473,0.12360413,3.9330032,79.999979
24.859976,-5014.6065,-0.079447232,0.49881165,0.12343063,3.9411108,79.999979
24.869976,-5014.6065,-0.07934124,0.49912858,0.12325712,3.9492183,79.999979
24.879976,-5014.6065,-0.079405739,0.49944551,0.12308362,3.9573258,79.999979
24.889976,-5014.6065,-0.0792815,0.4999729,0.12310749,3.9609407,79.999979
24.899976,-5014.6065,-0.079407431,0.50070048,0.12336265,3.958035,79.999979
24.909976,-5014.6065,-0.079422626,0.50142805,0.12361781,3.9551294,79.999979
24.919976,-5014.6065,-0.079310302,0.50215562,0.12387298,3.9522237,79.999979
24.929976,-5014.6065,-0.07930946,0.5028832,0.12412814,3.949318,79.999979
24.939976,-5014.6065,-0.079533298,0.50361077,0.1243833,3.9464124,79.999979
24.949976,-5014.6065,-0.079514444,0.50433834,0.12463847,3.9435067,79.999979
24.959976,-5014.6065,-0.079426174,0.50506592,0.12489363,3.940601,79.999979
24.969976,-5014.6065,-0.079427611,0.50579349,0.12514879,3.9376954,79.999979
24.979976,-5014.6065,-0.079422104,0.50652107,0.12540396,3.9347897,79.999979
24.989976,-5014.6065,-0.079346627,0.50724864,0.12565912,3.9318841,79.999979
24.999976,-5014.6065,-0.07951021,0.50797621,0.12591428,3.9289784,79.999979
25.009976,-5014.6065,-0.079396429,0.50870379,0.12616945,3.9260727,79.999979
25.019976,-5014.6065,-0.079332724,0.50943136,0.12642461,3.9231671,79.999979
25.029976,-5014.6065,-0.07945097,0.51015893,0.12667977,3.9202614,79.999979
25.039976,-5014.6065,-0.079432625,0.51070075,0.12693494,3.9173557,79.999979
25.049976,-5014.6065,-0.079432625,0.50986599,0.1271901,3.9144501,79.999979
25.059976,-5014.6065,-0.079312789,0.50903123,0.12693563,3.9193551,79.999979
25.069976,-5014.6065,-0.079377238,0.50819648,0.1264572,3.9276927,79.999979
25.079976,-5014.6065,-0.079334918,0.50736172,0.12597877,3.9360302,79.999979
25.089976,-5014.6065,-0.079309559,0.50652696,0.12550033,3.9443678,79.999979
25.099976,-5014.6065,-0.079313187,0.50569221,0.1250219,3.9527053,79.999979
25.109976,-5014.6065,-0.079078598,0.50485745,0.12454347,3.9610429,79.999979
25.119976,-5014.6065,-0.079428695,0.50402269,0.12406504,3.9693804,79.999979
25.129976,-5014.6065,-0.079310678,0.50318794,0.12358661,3.977718,79.999979
25.139976,-5014.6065,-0.079368359,0.50235318,0.12310817,3.9860555,79.999979
25.149976,-5014.6065,-0.079406353,0.50151842,0.12262974,3.9943931,79.999979
25.159976,-5014.6065,-0.079422652,0.50068367,0.12215131,4.0027306,79.999979
25.169976,-5014.6065,-0.079308714,0.49984891,0.12167288,4.0110682,79.999979
25.179976,-5014.6065,-0.079335208,0.49901415,0.12119445,4.0194057,79.999979
25.189976,-5014.6065,-0.079246495,0.49817939,0.12071601,4.0277433,79.999979
25.199976,-5014.6065,-0.079213618,0.49734464,0.12023758,4.0360808,79.999979
25.209976,-5014.6065,-0.079245043,0.49664874,0.12035054,4.0276537,79.999979
25.219976,-5014.6065,-0.079249575,0.49597767,0.12056926,4.0149355,79.999979
25.229976,-5014.6065,-0.079191273,0.4953066,0.12078798,4.0022173,79.999979
25.239976,-5014.6065,-0.079247148,0.49463553,0.1210067,3.989499,79.999979
25.249976,-5014.6065,-0.07933166,0.49396446,0.12122542,3.9767808,79.999979
25.259976,-5014.6065,-0.079425869,0.49329339,0.12144414,3.9640626,79.999979
25.269976,-5014.6065,-0.079472328,0.49262232,0.12166286,3.9513443,79.999979
25.279976,-5014.6065,-0.079360905,0.49195126,0.12188158,3.9386261,79.999979
25.289976,-5014.6065,-0.079397286,0.49128019,0.1221003,3.9259078,79.999979
25.299976,-5014.6065,-0.079384029,0.49060912,0.12231902,3.9131896,79.999979
25.309976,-5014.6065,-0.079370772,0.48993805,0.12253774,3.9004714,79.999979
25.319976,-5014.6065,-0.079308619,0.48926698,0.12275646,3.8877531,79.999979
25.329976,-5014.6065,-0.079507423,0.48859591,0.12297518,3.8750349,79.999979
25.339976,-5014.6065,-0.079349333,0.48792484,0.1231939,3.8623167,79.999979
25.349976,-5014.6065,-0.079281132,0.48725378,0.12341262,3.8495984,79.999979
25.359976,-5014.6065,-0.079143089,0.48658271,0.12363134,3.8368802,79.999979
25.369976,-5014.6065,-0.079105825,0.48591164,0.12385006,3.8241619,79.999979
25.379976,-5014.6065,-0.079303463,0.48642739,0.12401719,3.820778,79.999979
25.389976,-5014.6065,-0.079302052,0.48814495,0.12410588,3.831585,79.999979
25.399976,-5014.6065,-0.079188484,0.48986251,0.12419457,3.8423921,79.999979
25.409976,-5014.6065,-0.079134043,0.49158007,0.12428326,3.8531992,79.999979
25.419976,-5014.6065,-0.079305685,0.49329763,0.12437195,3.8640062,79.999979
25.429976,-5014.6065,-0.079300324,0.49501519,0.12446064,3.8748133,79.999979
25.439976,-5014.6065,-0.079264707,0.49673275,0.12454933,3.8856203,79.999979
25.449976,-5014.6065,-0.079274856,0.49845031,0.12463803,3.8964274,79.999979
25.459976,-5014.6065,-0.079307719,0.50016786,0.12472672,3.9072344,79.999979
25.469976,-5014.6065,-0.07921624,0.50188542,0.12481541,3.9180415,79.999979
25.479976,-5014.6065,-0.079221904,0.50360298,0.1249041,3.9288485,79.999979
25.489976,-5014.6065,-0.079218687,0.50532054,0.12499279,3.9396556,79.999979
25.499976,-5014.6065,-0.079450259,0.5070381,0.12508148,3.9504627,79.999979
25.509976,-5014.6065,-0.079354516,0.50875566,0.12517017,3.9612697,79.999979
25.519976,-5014.6065,-0.079652441,0.50987533,0.12522852,3.9714953,79.999979
25.529976,-5014.6065,-0.079390736,0.50976309,0.12513613,3.9736207,79.999979
25.539976,-5014.6065,-0.079369438,0.50965084,0.12504373,3.9757461,79.999979
25.549976,-5014.6065,-0.079388331,0.5095386,0.12495134,3.9778714,79.999979
25.559976,-5014.6065,-0.079545488,0.50942636,0.12485895,3.9799968,79.999979
25.569976,-5014.6065,-0.079427108,0.50931412,0.12476655,3.9821221,79.999979
25.579976,-5014.6065,-0.079231564,0.50920188,0.12467416,3.9842475,79.999979
25.589976,-5014.6065,-0.079374605,0.50908964,0.12458177,3.9863728,79.999979
25.599976,-5014.6065,-0.079360687,0.5089774,0.12448938,3.9884982,79.999979
25.609976,-5014.6065,-0.079426936,0.50886516,0.12439698,3.9906236,79.999979
25.619976,-5014.6065,-0.079492228,0.50875292,0.12430459,3.9927489,79.999979
25.629976,-5014.6065,-0.079522767,0.50864068,0.1242122,3.9948743,79.999979
25.639976,-5014.6065,-0.079404752,0.50852844,0.1241198,3.9969996,79.999979
25.649976,-5014.6065,-0.079411515,0.5084162,0.12402741,3.999125,79.999979
25.659976,-5014.6065,-0.079445166,0.50830396,0.12393502,4.0012504,79.999979
25.669976,-5014.6065,-0.079313543,0.50819172,0.12384263,4.0033757,79.999979
25.679976,-5014.6065,-0.079341807,0.50807948,0.12375023,4.0055011,79.999979
25.689976,-5014.6065,-0.079476723,0.50796724,0.12365784,4.0076264,79.999979
25.699975,-5014.6065,-0.079208827,0.5072503,0.12366372,4.0026883,79.999979
25.709975,-5014.6065,-0.079357828,0.50640822,0.12368995,3.9951144,79.999979
25.719975,-5014.6065,-0.079454925,0.50556615,0.12371617,3.9875406,79.999979
25.729975,-5014.6065,-0.079275622,0.50472407,0.12374239,3.9799667,79.999979
25.739975,-5014.6065,-0.079304653,0.503882,0.12376861,3.9723928,79.999979
25.749975,-5014.6065,-0.079380651,0.50303992,0.12379483,3.9648189,79.999979
25.759975,-5014.6065,-0.079508445,0.50219785,0.12382105,3.9572451,79.999979
25.769975,-5014.6065,-0.079527285,0.50135577,0.12384727,3.9496712,79.999979
25.779975,-5014.6065,-0.079513327,0.5005137,0.12387349,3.9420973,79.999979
25.789975,-5014.6065,-0.079405823,0.49967162,0.12389971,3.9345234,79.999979
25.799975,-5014.6065,-0.079409637,0.49882955,0.12392593,3.9269495,79.999979
25.809975,-5014.6065,-0.079353627,0.49798747,0.12395215,3.9193757,79.999979
25.819975,-5014.6065,-0.079418835,0.4971454,0.12397837,3.9118018,79.999979
25.829975,-5014.6065,-0.079407431,0.49630332,0.12400459,3.9042279,79.999979
25.839975,-5014.6065,-0.07955206,0.49546938,0.12403081,3.896654,79.999979
25.849975,-5014.6065,-0.079633093,0.49512543,0.12397226,3.894211,79.999979
25.859975,-5014.6065,-0.079588665,0.49478148,0.12390598,3.8935471,79.999979
25.869975,-5014.6065,-0.079516311,0.49443753,0.1238397,3.8928833,79.999979
25.879975,-5014.6065,-0.079531233,0.49409358,0.12377342,3.8922194,79.999979
25.889975,-5014.6065,-0.079500919,0.49374963,0.12370714,3.8915555,79.999979
25.899975,-5014.6065,-0.079508688,0.49340568,0.12364086,3.8908916,79.999979
25.909975,-5014.6065,-0.079597724,0.49306173,0.12357458,3.8902277,79.999979
25.919975,-5014.6065,-0.079584173,0.49271778,0.1235083,3.8895638,79.999979
25.929975,-5014.6065,-0.079570622,0.49237383,0.12344202,3.8888999,79.999979
25.939975,-5014.6065,-0.079639334,0.49202988,0.12337574,3.888236,79.999979
25.949975,-5014.6065,-0.079657708,0.49168593,0.12330947,3.8875721,79.999979
25.959975,-5014.6065,-0.079594474,0.49134198,0.12324319,3.8869082,79.999979
25.969975,-5014.6065,-0.079666919,0.49099803,0.12317691,3.8862443,79.999979
25.979975,-5014.6065,-0.079770228,0.49065408,0.12311063,3.8855805,79.999979
25.989975,-5014.6065,-0.079783595,0.49031013,0.12304435,3.8849166,79.999979
25.999975,-5014.6065,-0.079676738,0.48996617,0.12297807,3.8842527,79.999979
26.009975,-5014.6065,-0.079712504,0.49012123,0.12293974,3.8859048,79.999979
26.019975,-5014.6065,-0.0798521,0.49087204,0.12293478,3.8917499,79.999979
26.029975,-5014.6065,-0.079776051,0.49162286,0.12292982,3.8975951,79.999979
26.039975,-5014.6065,-0.079701426,0.49237368,0.12292486,3.9034402,79.999979
26.049975,-5014.6065,-0.079708518,0.49312449,0.1229199,3.9092854,79.999979
26.059975,-5014.6065,-0.079816861,0.49387531,0.12291494,3.9151305,79.999979
26.069975,-5014.6065,-0.079684545,0.49462612,0.12290998,3.9209757,79.999979
26.079975,-5014.6065,-0.079682867,0.49537694,0.12290502,3.9268208,79.999979
26.089975,-5014.6065,-0.079788989,0.49612776,0.12290006,3.932666,79.999979
26.099975,-5014.6065,-0.079718287,0.49687857,0.12289511,3.9385111,79.999979
26.109975,-5014.6065,-0.079718287,0.49762939,0.12289015,3.9443563,79.999979
26.119975,-5014.6065,-0.07972214,0.4983802,0.12288519,3.9502014,79.999979
26.129975,-5014.6065,-0.079768833,0.49913102,0.12288023,3.9560466,79.999979
26.139975,-5014.6065,-0.079796971,0.49988184,0.12287527,3.9618917,79.999979
26.149975,-5014.6065,-0.079660403,0.50063265,0.12287031,3.9677369,79.999979
26.159975,-5014.6065,-0.079744741,0.50138347,0.12286535,3.973582,79.999979
26.169975,-5014.6065,-0.079727641,0.50178935,0.12286039,3.9794272,79.999979
26.179975,-5014.6065,-0.079746399,0.50160616,0.1228685,3.9845913,79.999979
26.189975,-5014.6065,-0.079970129,0.50142298,0.12297732,3.9794499,79.999979
26.199975,-5014.6065,-0.080029725,0.50123979,0.12308613,3.9743086,79.999979
26.209975,-5014.6065,-0.079890796,0.50105661,0.12319495,3.9691672,79.999979
26.219975,-5014.6065,-0.079868976,0.50087342,0.12330377,3.9640259,79.999979
26.229975,-5014.6065,-0.079957915,0.50069023,0.12341258,3.9588845,79.999979
26.239975,-5014.6065,-0.079967624,0.50050705,0.1235214,3.9537432,79.999979
26.249975,-5014.6065,-0.079936896,0.50032386,0.12363021,3.9486018,79.999979
26.259975,-5014.6065,-0.080324544,0.50014068,0.12373903,3.9434605,79.999979
26.269975,-5014.6065,-0.080000562,0.49995749,0.12384785,3.9383191,79.999979
26.279975,-5014.6065,-0.079883077,0.49977431,0.12395666,3.9331778,79.999979
26.289975,-5014.6065,-0.080091859,0.49959112,0.12406548,3.9280364,79.999979
26.299975,-5014.6065,-0.080029722,0.49940794,0.12417429,3.9228951,79.999979
26.309975,-5014.6065,-0.080143466,0.49922475,0.12428311,3.9177537,79.999979
26.319975,-5014.6065,-0.080037378,0.49904156,0.12439193,3.9126124,79.999979
26.329975,-5014.6065,-0.080016083,0.49886392,0.12428868,3.9128284,79.999979
26.339975,-5014.6065,-0.079831808,0.49869219,0.12384465,3.9265794,79.999979
26.349975,-5014.6065,-0.07986257,0.49852046,0.12340063,3.9403303,79.999979
26.359975,-5014.6065,-0.07996883,0.49834873,0.1229566,3.9540812,79.999979
26.369975,-5014.6065,-0.079827142,0.498177,0.12251258,3.9678322,79.999979
26.379975,-5014.6065,-0.080004422,0.49800527,0.12206856,3.9815831,79.999979
26.389975,-5014.6065,-0.080145039,0.49783354,0.12162453,3.9953341,79.999979
26.399975,-5014.6065,-0.080169725,0.49766181,0.12118051,4.009085,79.999979
26.409975,-5014.6065,-0.080029929,0.49749008,0.12073649,4.0228359,79.999979
26.419975,-5014.6065,-0.079978683,0.49731835,0.12029246,4.0365869,79.999979
26.429975,-5014.6065,-0.080074384,0.49714662,0.11984844,4.0503378,79.999979
26.439975,-5014.6065,-0.079919349,0.49697489,0.11940441,4.0640888,79.999979
26.449975,-5014.6065,-0.079991485,0.49680316,0.11896039,4.0778397,79.999979
26.459975,-5014.6065,-0.080000965,0.49663143,0.11851637,4.0915906,79.999979
26.469975,-5014.6065,-0.080176396,0.4964597,0.11807234,4.1053416,79.999979
26.479975,-5014.6065,-0.080049758,0.49628797,0.11762832,4.1190925,79.999979
26.489975,-5014.6065,-0.079925573,0.49611624,0.1171843,4.1328435,79.999979
26.499975,-5014.6065,-0.080058133,0.4960826,0.11710227,4.1391747,79.999979
26.509975,-5014.6065,-0.080080136,0.49636265,0.11784251,4.1168145,79.999979
26.519975,-5014.6065,-0.080080179,0.4966427,0.11858274,4.0944543,79.999979
26.529975,-5014.6065,-0.080143436,0.49692275,0.11932298,4.0720942,79.999979
26.539975,-5014.6065,-0.080066483,0.4972028,0.12006322,4.049734,79.999979
26.549975,-5014.6065,-0.080021875,0.49748285,0.12080345,4.0273739,79.999979
26.559975,-5014.6065,-0.079987088,0.4977629,0.12154369,4.0050137,79.999979
26.569975,-5014.6065,-0.080200007,0.49804294,0.12228392,3.9826535,79.999979
26.579975,-5014.6065,-0.080044926,0.49832299,0.12302416,3.9602934,79.999979
26.589975,-5014.6065,-0.080011707,0.49860304,0.12376439,3.9379332,79.999979
26.599975,-5014.6065,-0.079817252,0.49888309,0.12450463,3.9155731,79.999979
26.609975,-5014.6065,-0.079790647,0.49916314,0.12524486,3.8932129,79.999979
26.619975,-5014.6065,-0.07973739,0.49944319,0.1259851,3.8708527,79.999979
26.629975,-5014.6065,-0.079945148,0.49972324,0.12672534,3.8484926,79.999979
26.639975,-5014.6065,-0.079715938,0.50000329,0.12746557,3.8261324,79.999979
26.649975,-5014.6065,-0.079858843,0.4999789,0.12811782,3.8039923,79.999979
26.659975,-5014.6065,-0.079775635,0.49928273,0.12807155,3.7998696,79.999979
26.669975,-5014.6065,-0.079655987,0.49858656,0.12802528,3.7957469,79.999979
26.679975,-5014.6065,-0.079700747,0.49789039,0.12797901,3.7916242,79.999979
26.689975,-5014.6065,-0.079765931,0.49719422,0.12793274,3.7875015,79.999979
26.699975,-5014.6065,-0.079964895,0.49649806,0.12788647,3.7833787,79.999979
26.709975,-5014.6065,-0.079597926,0.49580189,0.1278402,3.779256,79.999979
26.719975,-5014.6065,-0.079655254,0.49510572,0.12779392,3.7751333,79.999979
26.729975,-5014.6065,-0.079679171,0.49440955,0.12774765,3.7710106,79.999979
26.739974,-5014.6065,-0.079711336,0.49371338,0.12770138,3.7668879,79.999979
26.749974,-5014.6065,-0.079662802,0.49301721,0.12765511,3.7627652,79.999979
26.759974,-5014.6065,-0.079544348,0.49232105,0.12760884,3.7586425,79.999979
26.769974,-5014.6065,-0.079456582,0.49162488,0.12756257,3.7545198,79.999979
26.779974,-5014.6065,-0.079503734,0.49092871,0.1275163,3.7503971,79.999979
26.789974,-5014.6065,-0.079456286,0.49023254,0.12747002,3.7462744,79.999979
26.799974,-5014.6065,-0.079408839,0.48953637,0.12742375,3.7421517,79.999979
26.809974,-5014.6065,-0.079428065,0.4888402,0.12737748,3.738029,79.999979
26.819974,-5014.6065,-0.079357755,0.48915975,0.12715821,3.7460392,79.999979
26.829974,-5014.6065,-0.0791546,0.49025388,0.12677545,3.7655144,79.999979
26.839974,-5014.6065,-0.07928415,0.49134802,0.1263927,3.7849896,79.999979
26.849974,-5014.6065,-0.079244396,0.49244215,0.12600994,3.8044648,79.999979
26.859974,-5014.6065,-0.079304127,0.49353629,0.12562719,3.82394,79.999979
26.869974,-5014.6065,-0.079073552,0.49463042,0.12524443,3.8434153,79.999979
26.879974,-5014.6065,-0.079063246,0.49572456,0.12486168,3.8628905,79.999979
26.889974,-5014.6065,-0.079037337,0.49681869,0.12447892,3.8823657,79.999979
26.899974,-5014.6065,-0.078871782,0.49791283,0.12409617,3.9018409,79.999979
26.909974,-5014.6065,-0.078827806,0.49900696,0.12371341,3.9213161,79.999979
26.919974,-5014.6065,-0.078799749,0.5001011,0.12333066,3.9407913,79.999979
26.929974,-5014.6065,-0.078794366,0.50119523,0.1229479,3.9602666,79.999979
26.939974,-5014.6065,-0.07874609,0.50228937,0.12256515,3.9797418,79.999979
26.949974,-5014.6065,-0.078603584,0.5033835,0.12218239,3.999217,79.999979
26.959974,-5014.6065,-0.078775818,0.50447764,0.12179964,4.0186922,79.999979
26.969974,-5014.6065,-0.07874729,0.50557177,0.12141688,4.0381674,79.999979
26.979974,-5014.6065,-0.078847685,0.50580666,0.12108608,4.0576426,79.999979
26.989974,-5014.6065,-0.07894808,0.50478294,0.12087642,4.0771178,79.999979
26.999974,-5014.6065,-0.078846164,0.50375922,0.12066677,4.0771984,79.999979
27.009974,-5014.6065,-0.078738469,0.5027355,0.12045711,4.075795,79.999979
27.019974,-5014.6065,-0.078820651,0.50171177,0.12024746,4.0743916,79.999979
27.029974,-5014.6065,-0.078696487,0.50068805,0.12003781,4.0729883,79.999979
27.039974,-5014.6065,-0.078576023,0.49966433,0.11982815,4.0715849,79.999979
27.049974,-5014.6065,-0.078747049,0.49864061,0.1196185,4.0701815,79.999979
27.059974,-5014.6065,-0.078698701,0.49761689,0.11940884,4.0687781,79.999979
27.069974,-5014.6065,-0.078676194,0.49659317,0.11919919,4.0673748,79.999979
27.079974,-5014.6065,-0.078785907,0.49556945,0.11898953,4.0659714,79.999979
27.089974,-5014.6065,-0.078672577,0.49454573,0.11877988,4.064568,79.999979
27.099974,-5014.6065,-0.078727887,0.493522,0.11857022,4.0631646,79.999979
27.109974,-5014.6065,-0.078774498,0.49249828,0.11836057,4.0617613,79.999979
27.119974,-5014.6065,-0.07882111,0.49147456,0.11815091,4.0603579,79.999979
27.129974,-5014.6065,-0.0788165,0.49045084,0.11794126,4.0589545,79.999979
27.139974,-5014.6065,-0.078873944,0.48971526,0.11778118,4.0576706,79.999979
27.149974,-5014.6065,-0.078944726,0.490097,0.11789236,4.0570406,79.999979
27.159974,-5014.6065,-0.079090792,0.49047873,0.11800354,4.0564105,79.999979
27.169974,-5014.6065,-0.078975659,0.49086047,0.11811471,4.0557804,79.999979
27.179974,-5014.6065,-0.079082628,0.4912422,0.11822589,4.0551503,79.999979
27.189974,-5014.6065,-0.079137229,0.49162394,0.11833707,4.0545202,79.999979
27.199974,-5014.6065,-0.078956439,0.49200568,0.11844825,4.0538901,79.999979
27.209974,-5014.6065,-0.078861729,0.49238741,0.11855943,4.05326,79.999979
27.219974,-5014.6065,-0.079020126,0.49276915,0.11867061,4.0526299,79.999979
27.229974,-5014.6065,-0.07892812,0.49315088,0.11878179,4.0519999,79.999979
27.239974,-5014.6065,-0.079006786,0.49353262,0.11889296,4.0513698,79.999979
27.249974,-5014.6065,-0.079097752,0.49391435,0.11900414,4.0507397,79.999979
27.259974,-5014.6065,-0.079260589,0.49429609,0.11911532,4.0501096,79.999979
27.269974,-5014.6065,-0.079081208,0.49467782,0.1192265,4.0494795,79.999979
27.279974,-5014.6065,-0.079254277,0.49505956,0.11933768,4.0488494,79.999979
27.289974,-5014.6065,-0.07927212,0.4954413,0.11944886,4.0482193,79.999979
27.299974,-5014.6065,-0.079339153,0.49568731,0.11963836,4.0475892,79.999979
27.309974,-5014.6065,-0.079405765,0.49577965,0.11996176,4.0463777,79.999979
27.319974,-5014.6065,-0.079538989,0.49587199,0.12028515,4.0355271,79.999979
27.329974,-5014.6065,-0.079434978,0.49596433,0.12060855,4.0246765,79.999979
27.339974,-5014.6065,-0.079388665,0.49605667,0.12093194,4.0138259,79.999979
27.349974,-5014.6065,-0.079787379,0.49614901,0.12125533,4.0029753,79.999979
27.359974,-5014.6065,-0.079703982,0.49624135,0.12157873,3.9921247,79.999979
27.369974,-5014.6065,-0.079726397,0.49633369,0.12190212,3.9812741,79.999979
27.379974,-5014.6065,-0.079938888,0.49642603,0.12222552,3.9704235,79.999979
27.389974,-5014.6065,-0.080201587,0.49651837,0.12254891,3.9595729,79.999979
27.399974,-5014.6065,-0.080041297,0.49661071,0.1228723,3.9487223,79.999979
27.409974,-5014.6065,-0.080293179,0.49670305,0.1231957,3.9378717,79.999979
27.419974,-5014.6065,-0.080105802,0.49679539,0.12351909,3.9270211,79.999979
27.429974,-5014.6065,-0.080236372,0.49688773,0.12384248,3.9161705,79.999979
27.439974,-5014.6065,-0.080449702,0.49698007,0.12416588,3.9053199,79.999979
27.449974,-5014.6065,-0.080551384,0.49707241,0.12448927,3.8944693,79.999979
27.459974,-5014.6065,-0.081761643,0.49743322,0.12457341,3.8919802,79.999979
27.469974,-5014.6065,-0.080982936,0.49794045,0.12445884,3.899866,79.999979
27.479974,-5014.6065,-0.08164785,0.49844768,0.12434426,3.9077518,79.999979
27.489974,-5014.6065,-0.081685439,0.49895492,0.12422969,3.9156377,79.999979
27.499974,-5014.6065,-0.081920547,0.49946215,0.12411512,3.9235235,79.999979
27.509974,-5014.6065,-0.081888398,0.49996939,0.12400054,3.9314093,79.999979
27.519974,-5014.6065,-0.082662929,0.50047662,0.12388597,3.9392951,79.999979
27.529974,-5014.6065,-0.082902767,0.50098386,0.1237714,3.9471809,79.999979
27.539974,-5014.6065,-0.083850483,0.50149109,0.12365682,3.9550667,79.999979
27.549974,-5014.6065,-0.083636144,0.50199832,0.12354225,3.9629525,79.999979
27.559974,-5014.6065,-0.083421805,0.50250556,0.12342768,3.9708383,79.999979
27.569974,-5014.6065,-0.085098219,0.50301279,0.1233131,3.9787242,79.999979
27.579974,-5014.6065,-0.085994422,0.50352003,0.12319853,3.98661,79.999979
27.589974,-5014.6065,-0.087215419,0.50402726,0.12308395,3.9944958,79.999979
27.599974,-5014.6065,-0.088598932,0.5045345,0.12296938,4.0023816,79.999979
27.609974,-5014.6065,-0.089553363,0.50504173,0.12285481,4.0102674,79.999979
27.619974,-5014.6065,-0.090780012,0.50554897,0.12274023,4.0181532,79.999979
27.629974,-5014.6065,-0.093677175,0.50597503,0.12265216,4.026039,79.999979
27.639974,-5014.6065,-0.093036101,0.50566213,0.12280533,4.0185304,79.999979
27.649974,-5014.6065,-0.092046377,0.50534924,0.1229585,4.0109963,79.999979
27.659974,-5014.6065,-0.093453923,0.50503634,0.12311167,4.0034623,79.999979
27.669974,-5014.6065,-0.099042629,0.50472344,0.12326484,3.9959283,79.999979
27.679974,-5014.6065,-0.099042629,0.50441054,0.12341802,3.9883942,79.999979
27.689974,-5014.6065,-0.09944741,0.50409764,0.12357119,3.9808602,79.999979
27.699974,-5014.6065,-0.10212353,0.50378474,0.12372436,3.9733261,79.999979
27.709974,-5014.6065,-0.11053063,0.50347184,0.12387753,3.9657921,79.999979
27.719974,-5014.6065,-0.10391176,0.50315894,0.1240307,3.9582581,79.999979
27.729974,-5014.6065,-0.10263966,0.50284604,0.12418387,3.950724,79.999979
27.739974,-5014.6065,-0.10525137,0.50253314,0.12433704,3.94319,79.999979
27.749974,-5014.6065,-0.10607751,0.50222024,0.12449022,3.935656,79.999979
27.759974,-5014.6065,-0.11473406,0.50190735,0.12464339,3.9281219,79.999979
27.769974,-5014.6065,-0.11457862,0.50159445,0.12479656,3.9205879,79.999979
27.779974,-5014.6065,-0.11536575,0.50122859,0.12493193,3.9130539,79.999979
27.789973,-5014.6065,-0.1213676,0.50059364,0.12483105,3.9108367,79.999979
27.799973,-5014.6065,-0.12461676,0.49995869,0.12473017,3.908958,79.999979
27.809973,-5014.6065,-0.12929037,0.49932373,0.12462929,3.9070793,79.999979
27.819973,-5014.6065,-0.13533548,0.49868878,0.1245284,3.9052007,79.999979
27.829973,-5014.6065,-0.14242685,0.49805383,0.12442752,3.903322,79.999979
27.839973,-5014.6065,-0.13599679,0.49741888,0.12432664,3.9014433,79.999979
27.849973,-5014.6065,-0.15372936,0.49678392,0.12422575,3.8995646,79.999979
27.859973,-5014.6065,-0.1512545,0.49614897,0.12412487,3.8976859,79.999979
27.869973,-5014.6065,-0.1590535,0.49551402,0.12402399,3.8958072,79.999979
27.879973,-5014.6065,-0.14687457,0.49487907,0.12392311,3.8939285,79.999979
27.889973,-5014.6065,-0.17206633,0.49424411,0.12382222,3.8920498,79.999979
27.899973,-5014.6065,-0.16796625,0.49360916,0.12372134,3.8901711,79.999979
27.909973,-5014.6065,-0.18385011,0.49297421,0.12362046,3.8882924,79.999979
27.919973,-5014.6065,-0.16664374,0.49233926,0.12351957,3.8864137,79.999979
27.929973,-5014.6065,-0.16801544,0.4917043,0.12341869,3.884535,79.999979
27.939973,-5014.6065,-0.17121918,0.49106935,0.12331781,3.8826564,79.999979
27.949973,-5014.6065,-0.19021825,0.49106665,0.12324903,3.8826731,79.999979
27.959973,-5014.6065,-0.20714079,0.49287061,0.12334962,3.8926907,79.999979
27.969973,-5014.6065,-0.21245301,0.49467457,0.1234502,3.9027082,79.999979
27.979973,-5014.6065,-0.22018719,0.49647854,0.12355079,3.9127258,79.999979
27.989973,-5014.6065,-0.21949648,0.4982825,0.12365138,3.9227433,79.999979
27.999973,-5014.6065,-0.22218334,0.50008646,0.12375197,3.9327609,79.999979
28.009973,-5014.6065,-0.21599211,0.50189043,0.12385256,3.9427784,79.999979
28.019973,-5014.6065,-0.22941593,0.50369439,0.12395314,3.952796,79.999979
28.029973,-5014.6065,-0.24254916,0.50549835,0.12405373,3.9628135,79.999979
28.039973,-5014.6065,-0.23660908,0.50730232,0.12415432,3.9728311,79.999979
28.049973,-5014.6065,-0.2412059,0.50910628,0.12425491,3.9828486,79.999979
28.059973,-5014.6065,-0.2419947,0.51091024,0.1243555,3.9928662,79.999979
28.069973,-5014.6065,-0.25238929,0.51271421,0.12445608,4.0028837,79.999979
28.079973,-5014.6065,-0.24680905,0.51451817,0.12455667,4.0129012,79.999979
28.089973,-5014.6065,-0.26317027,0.51632213,0.12465726,4.0229188,79.999979
28.099973,-5014.6065,-0.26651464,0.5181261,0.12475785,4.0329363,79.999979
28.109973,-5014.6065,-0.2623788,0.51842107,0.12485844,4.0429539,79.999979
28.119973,-5014.6065,-0.25824295,0.51807153,0.1247022,4.0529714,79.999979
28.129973,-5014.6065,-0.26830592,0.51772199,0.12453924,4.0564169,79.999979
28.139973,-5014.6065,-0.26830592,0.51737246,0.12437629,4.0591476,79.999979
28.149973,-5014.6065,-0.26830592,0.51702292,0.12421333,4.0618783,79.999979
28.159973,-5014.6065,-0.26830592,0.51667338,0.12405037,4.0646091,79.999979
28.169973,-5014.6065,-0.26830592,0.51632384,0.12388742,4.0673398,79.999979
28.179973,-5014.6065,-0.26830592,0.5159743,0.12372446,4.0700705,79.999979
28.189973,-5014.6065,-0.26830592,0.51562476,0.12356151,4.0728013,79.999979
28.199973,-5014.6065,-0.26830592,0.51527522,0.12339855,4.075532,79.999979
28.209973,-5014.6065,-0.26830592,0.51492568,0.12323559,4.0782627,79.999979
28.219973,-5014.6065,-0.26830592,0.51457614,0.12307264,4.0809935,79.999979
28.229973,-5014.6065,-0.26830592,0.5142266,0.12290968,4.0837242,79.999979
28.239973,-5014.6065,-0.26830592,0.51387706,0.12274673,4.0864549,79.999979
28.249973,-5014.6065,-0.26830592,0.51352752,0.12258377,4.0891857,79.999979
28.259973,-5014.6065,-0.26830592,0.51317798,0.12242081,4.0919164,79.999979
28.269973,-5014.6065,-0.26830592,0.51226005,0.12245913,4.0849189,79.999979
28.279973,-5014.6065,-0.26830592,0.51131843,0.12253021,4.0748479,79.999979
28.289973,-5014.6065,-0.26830592,0.5103768,0.12260129,4.0647769,79.999979
28.299973,-5014.6065,-0.26830592,0.50943518,0.12267237,4.0547059,79.999979
28.309973,-5014.6065,-0.26830592,0.50849356,0.12274345,4.0446349,79.999979
28.319973,-5014.6065,-0.26830592,0.50755194,0.12281453,4.0345639,79.999979
28.329973,-5014.6065,-0.26830592,0.50661031,0.12288561,4.0244929,79.999979
28.339973,-5014.6065,-0.26830592,0.50566869,0.12295669,4.0144219,79.999979
28.349973,-5014.6065,-0.26830592,0.50472707,0.12302777,4.0043509,79.999979
28.359973,-5014.6065,-0.26830592,0.50378544,0.12309885,3.9942799,79.999979
28.369973,-5014.6065,-0.26830592,0.50284382,0.12316993,3.9842089,79.999979
28.379973,-5014.6065,-0.26830592,0.5019022,0.12324101,3.9741379,79.999979
28.389973,-5014.6065,-0.26830592,0.50096058,0.12331208,3.9640669,79.999979
28.399973,-5014.6065,-0.26830592,0.50001895,0.12338316,3.9539959,79.999979
28.409973,-5014.6065,-0.26830592,0.49907733,0.12345424,3.9439249,79.999979
28.419973,-5014.6065,-0.26830592,0.49813571,0.12352532,3.9338539,79.999979
28.429973,-5014.6065,-0.26830592,0.49719409,0.1235964,3.9237829,79.999979
28.439973,-5014.6065,-0.26830592,0.49679474,0.12347619,3.9228353,79.999979
28.449973,-5014.6065,-0.26830592,0.49670058,0.12324833,3.929682,79.999979
28.459973,-5014.6065,-0.26830592,0.49660641,0.12302046,3.9365287,79.999979
28.469973,-5014.6065,-0.26830592,0.49651224,0.12279259,3.9433754,79.999979
28.479973,-5014.6065,-0.26830592,0.49641807,0.12256473,3.9502221,79.999979
28.489973,-5014.6065,-0.26830592,0.4963239,0.12233686,3.9570688,79.999979
28.499973,-5014.6065,-0.26830592,0.49622974,0.122109,3.9639156,79.999979
28.509973,-5014.6065,-0.26830592,0.49613557,0.12188113,3.9707623,79.999979
28.519973,-5014.6065,-0.26830592,0.4960414,0.12165327,3.977609,79.999979
28.529973,-5014.6065,-0.26830592,0.49594723,0.1214254,3.9844557,79.999979
28.539973,-5014.6065,-0.26830592,0.49585307,0.12119754,3.9913024,79.999979
28.549973,-5014.6065,-0.26830592,0.4957589,0.12096967,3.9981491,79.999979
28.559973,-5014.6065,-0.26830592,0.49566473,0.12074181,4.0049958,79.999979
28.569973,-5014.6065,-0.26830592,0.49557056,0.12051394,4.0118425,79.999979
28.579973,-5014.6065,-0.26830592,0.4954764,0.12028607,4.0186893,79.999979
28.589973,-5014.6065,-0.26830592,0.49575746,0.12029517,4.0207814,79.999979
28.599973,-5014.6065,-0.26830592,0.49606588,0.12039102,4.0201047,79.999979
28.609973,-5014.6065,-0.26830592,0.49637429,0.12048688,4.0194281,79.999979
28.619973,-5014.6065,-0.26830592,0.4966827,0.12058274,4.0187514,79.999979
28.629973,-5014.6065,-0.26830592,0.49699112,0.1206786,4.0180748,79.999979
28.639973,-5014.6065,-0.26830592,0.49729953,0.12077446,4.0173981,79.999979
28.649973,-5014.6065,-0.26830592,0.49760794,0.12087032,4.0167215,79.999979
28.659973,-5014.6065,-0.26830592,0.49791636,0.12096617,4.0160448,79.999979
28.669973,-5014.6065,-0.26830592,0.49822477,0.12106203,4.0153682,79.999979
28.679973,-5014.6065,-0.26830592,0.49853318,0.12115789,4.0146915,79.999979
28.689973,-5014.6065,-0.26830592,0.4988416,0.12125375,4.0140149,79.999979
28.699973,-5014.6065,-0.26830592,0.49915001,0.12134961,4.0133382,79.999979
28.709973,-5014.6065,-0.26830592,0.49945842,0.12144547,4.0126616,79.999979
28.719973,-5014.6065,-0.26830592,0.49976684,0.12154133,4.0119849,79.999979
28.729973,-5014.6065,-0.26830592,0.50007525,0.12163718,4.0113083,79.999979
28.739973,-5014.6065,-0.26830592,0.50038366,0.12173304,4.0106316,79.999979
28.749973,-5014.6065,-0.26830592,0.50068783,0.12172719,4.009955,79.999979
28.759973,-5014.6065,-0.26830592,0.50098756,0.12155885,4.0162622,79.999979
28.769973,-5014.6065,-0.26830592,0.50128729,0.1213905,4.0248941,79.999979
28.779973,-5014.6065,-0.26830592,0.50158702,0.12122215,4.0335261,79.999979
28.789973,-5014.6065,-0.26830592,0.50188675,0.12105381,4.042158,79.999979
28.799973,-5014.6065,-0.26830592,0.50218648,0.12088546,4.05079,79.999979
28.809973,-5014.6065,-0.26830592,0.50248621,0.12071711,4.059422,79.999979
28.819973,-5014.6065,-0.26830592,0.50278595,0.12054877,4.0680539,79.999979
28.829973,-5014.6065,-0.26830592,0.50308568,0.12038042,4.0766859,79.999979
28.839972,-5014.6065,-0.26830592,0.50338541,0.12021207,4.0853178,79.999979
28.849972,-5014.6065,-0.26830592,0.50368514,0.12004373,4.0939498,79.999979
28.859972,-5014.6065,-0.26830592,0.50398487,0.11987538,4.1025817,79.999979
28.869972,-5014.6065,-0.26830592,0.5042846,0.11970703,4.1112137,79.999979
28.879972,-5014.6065,-0.26830592,0.50458434,0.11953869,4.1198456,79.999979
28.889972,-5014.6065,-0.26830592,0.50488407,0.11937034,4.1284776,79.999979
28.899972,-5014.6065,-0.26830592,0.5051838,0.11920199,4.1371095,79.999979
28.909972,-5014.6065,-0.26830592,0.50540737,0.11905076,4.1449395,79.999979
28.919972,-5014.6065,-0.26830592,0.50543052,0.11894456,4.1489791,79.999979
28.929972,-5014.6065,-0.26830592,0.50545367,0.11883836,4.1530188,79.999979
28.939972,-5014.6065,-0.26830592,0.50547682,0.11873216,4.1570584,79.999979
28.949972,-5014.6065,-0.26830592,0.50549997,0.11862596,4.1610981,79.999979
28.959972,-5014.6065,-0.26830592,0.50552312,0.11851976,4.1651377,79.999979
28.969972,-5014.6065,-0.26830592,0.50554627,0.11841356,4.1691774,79.999979
28.979972,-5014.6065,-0.26830592,0.50556942,0.11830736,4.173217,79.999979
28.989972,-5014.6065,-0.26830592,0.50559256,0.11820116,4.1772567,79.999979
28.999972,-5014.6065,-0.26830592,0.50561571,0.11809496,4.1812963,79.999979
29.009972,-5014.6065,-0.26830592,0.50563886,0.11798876,4.185336,79.999979
29.019972,-5014.6065,-0.26830592,0.50566201,0.11788256,4.1893756,79.999979
29.029972,-5014.6065,-0.26830592,0.50568516,0.11777636,4.1934153,79.999979
29.039972,-5014.6065,-0.26830592,0.50570831,0.11767016,4.1974549,79.999979
29.049972,-5014.6065,-0.26830592,0.50573146,0.11756396,4.2014946,79.999979
29.059972,-5014.6065,-0.26830592,0.50575461,0.11745776,4.2055342,79.999979
29.069972,-5014.6065,-0.26830592,0.50576694,0.11735156,4.2095739,79.999979
29.079972,-5014.6065,-0.26830592,0.50569924,0.11732916,4.2102048,79.999979
29.089972,-5014.6065,-0.26830592,0.50563153,0.11731412,4.210176,79.999979
29.099972,-5014.6065,-0.26830592,0.50556383,0.11729907,4.2101472,79.999979
29.109972,-5014.6065,-0.26830592,0.50549612,0.11728402,4.2101184,79.999979
29.119972,-5014.6065,-0.26830592,0.50542842,0.11726897,4.2100895,79.999979
29.129972,-5014.6065,-0.26830592,0.50536071,0.11725392,4.2100607,79.999979
29.139972,-5014.6065,-0.26830592,0.50529301,0.11723887,4.2100319,79.999979
29.149972,-5014.6065,-0.26830592,0.5052253,0.11722383,4.210003,79.999979
29.159972,-5014.6065,-0.26830592,0.5051576,0.11720878,4.2099742,79.999979
29.169972,-5014.6065,-0.26830592,0.50508989,0.11719373,4.2099454,79.999979
29.179972,-5014.6065,-0.26830592,0.50502219,0.11717868,4.2099166,79.999979
29.189972,-5014.6065,-0.26830592,0.50495448,0.11716363,4.2098877,79.999979
29.199972,-5014.6065,-0.26830592,0.50488678,0.11714858,4.2098589,79.999979
29.209972,-5014.6065,-0.26830592,0.50481907,0.11713354,4.2098301,79.999979
29.219972,-5014.6065,-0.26830592,0.50475137,0.11711849,4.2098012,79.999979
29.229972,-5014.6065,-0.26830592,0.50468366,0.11710344,4.2097724,79.999979
29.239972,-5014.6065,-0.26830592,0.50462318,0.11739501,4.1994647,79.999979
29.249972,-5014.6065,-0.26830592,0.50456525,0.11786016,4.1833376,79.999979
29.259972,-5014.6065,-0.26830592,0.50450732,0.11832532,4.1672105,79.999979
29.269972,-5014.6065,-0.26830592,0.50444939,0.11879047,4.1510834,79.999979
29.279972,-5014.6065,-0.26830592,0.50439146,0.11925563,4.1349563,79.999979
29.289972,-5014.6065,-0.26830592,0.50433353,0.11972079,4.1188292,79.999979
29.299972,-5014.6065,-0.26830592,0.5042756,0.12018594,4.1027021,79.999979
29.309972,-5014.6065,-0.26830592,0.50421767,0.1206511,4.086575,79.999979
29.319972,-5014.6065,-0.26830592,0.50415974,0.12111625,4.0704479,79.999979
29.329972,-5014.6065,-0.26830592,0.50410181,0.12158141,4.0543208,79.999979
29.339972,-5014.6065,-0.26830592,0.50404388,0.12204656,4.0381937,79.999979
29.349972,-5014.6065,-0.26830592,0.50398595,0.12251172,4.0220666,79.999979
29.359972,-5014.6065,-0.26830592,0.50392802,0.12297688,4.0059395,79.999979
29.369972,-5014.6065,-0.26830592,0.50387008,0.12344203,3.9898124,79.999979
29.379972,-5014.6065,-0.26830592,0.50381215,0.12390719,3.9736853,79.999979
29.389972,-5014.6065,-0.26830592,0.50375422,0.12437234,3.9575582,79.999979
29.399972,-5014.6065,-0.26830592,0.50369629,0.1248375,3.9414311,79.999979
29.409972,-5014.6065,-0.26830592,0.50350654,0.12423951,3.9432872,79.999979
29.419972,-5014.6065,-0.26830592,0.5032916,0.12335221,3.9738093,79.999979
29.429972,-5014.6065,-0.26830592,0.50307666,0.12246492,4.0043314,79.999979
29.439972,-5014.6065,-0.26830592,0.50286173,0.12157763,4.0348535,79.999979
29.449972,-5014.6065,-0.26830592,0.50264679,0.12069034,4.0653756,79.999979
29.459972,-5014.6065,-0.26830592,0.50243185,0.11980304,4.0958977,79.999979
29.469972,-5014.6065,-0.26830592,0.50221691,0.11891575,4.1264198,79.999979
29.479972,-5014.6065,-0.26830592,0.50200197,0.11802846,4.1569419,79.999979
29.489972,-5014.6065,-0.26830592,0.50178704,0.11714117,4.187464,79.999979
29.499972,-5014.6065,-0.26830592,0.5015721,0.11625387,4.2179861,79.999979
29.509972,-5014.6065,-0.26830592,0.50135716,0.11536658,4.2485082,79.999979
29.519972,-5014.6065,-0.26830592,0.50114222,0.11447929,4.2790303,79.999979
29.529972,-5014.6065,-0.26830592,0.50092728,0.113592,4.3095524,79.999979
29.539972,-5014.6065,-0.26830592,0.50071234,0.1127047,4.3400745,79.999979
29.549972,-5014.6065,-0.26830592,0.50055627,0.11182979,4.3705966,79.999979
29.559972,-5014.6065,-0.26830592,0.50087763,0.11222086,4.3658886,79.999979
29.569972,-5014.6065,-0.26830592,0.50119898,0.11261194,4.3537533,79.999979
29.579972,-5014.6065,-0.26830592,0.50152033,0.11300301,4.341618,79.999979
29.589972,-5014.6065,-0.26830592,0.50184168,0.11339409,4.3294827,79.999979
29.599972,-5014.6065,-0.26830592,0.50216303,0.11378516,4.3173474,79.999979
29.609972,-5014.6065,-0.26830592,0.50248439,0.11417624,4.305212,79.999979
29.619972,-5014.6065,-0.26830592,0.50280574,0.11456731,4.2930767,79.999979
29.629972,-5014.6065,-0.26830592,0.50312709,0.11495839,4.2809414,79.999979
29.639972,-5014.6065,-0.26830592,0.50344844,0.11534947,4.2688061,79.999979
29.649972,-5014.6065,-0.26830592,0.50376979,0.11574054,4.2566707,79.999979
29.659972,-5014.6065,-0.26830592,0.50409115,0.11613162,4.2445354,79.999979
29.669972,-5014.6065,-0.26830592,0.5044125,0.11652269,4.2324001,79.999979
29.679972,-5014.6065,-0.26830592,0.50473385,0.11691377,4.2202648,79.999979
29.689972,-5014.6065,-0.26830592,0.5050552,0.11730484,4.2081295,79.999979
29.699972,-5014.6065,-0.26830592,0.50537655,0.11769592,4.1959941,79.999979
29.709972,-5014.6065,-0.26830592,0.50569791,0.11808699,4.1838588,79.999979
29.719972,-5014.6065,-0.26830592,0.50601926,0.11847807,4.1717235,79.999979
29.729972,-5014.6065,-0.26830592,0.50569662,0.11862876,4.1633907,79.999979
29.739972,-5014.6065,-0.26830592,0.50528828,0.11874747,4.155837,79.999979
29.749972,-5014.6065,-0.26830592,0.50487994,0.11886617,4.1482833,79.999979
29.759972,-5014.6065,-0.26830592,0.5044716,0.11898488,4.1407295,79.999979
29.769972,-5014.6065,-0.26830592,0.50406326,0.11910358,4.1331758,79.999979
29.779972,-5014.6065,-0.26830592,0.50365492,0.11922229,4.1256221,79.999979
29.789972,-5014.6065,-0.26830592,0.50324658,0.11934099,4.1180684,79.999979
29.799972,-5014.6065,-0.26830592,0.50283824,0.1194597,4.1105146,79.999979
29.809972,-5014.6065,-0.26830592,0.5024299,0.1195784,4.1029609,79.999979
29.819972,-5014.6065,-0.26830592,0.50202156,0.11969711,4.0954072,79.999979
29.829972,-5014.6065,-0.26830592,0.50161322,0.11981581,4.0878535,79.999979
29.839972,-5014.6065,-0.26830592,0.50120488,0.11993451,4.0802998,79.999979
29.849972,-5014.6065,-0.26830592,0.50079654,0.12005322,4.072746,79.999979
29.859972,-5014.6065,-0.26830592,0.5003882,0.12017192,4.0651923,79.999979
29.869972,-5014.6065,-0.26830592,0.49997986,0.12029063,4.0576386,79.999979
29.879972,-5014.6065,-0.26830592,0.49968815,0.12031237,4.0532274,79.999979
29.889971,-5014.6065,-0.26830592,0.49949581,0.12020685,4.055303,79.999979
29.899971,-5014.6065,-0.26830592,0.49930347,0.12010134,4.0573787,79.999979
29.909971,-5014.6065,-0.26830592,0.49911113,0.11999582,4.0594544,79.999979
29.919971,-5014.6065,-0.26830592,0.49891879,0.1198903,4.06153,79.999979
29.929971,-5014.6065,-0.26830592,0.49872645,0.11978479,4.0636057,79.999979
29.939971,-5014.6065,-0.26830592,0.49853411,0.11967927,4.0656814,79.999979
29.949971,-5014.6065,-0.26830592,0.49834177,0.11957375,4.067757,79.999979
29.959971,-5014.6065,-0.26830592,0.49814943,0.11946824,4.0698327,79.999979
29.969971,-5014.6065,-0.26830592,0.4979571,0.11936272,4.0719083,79.999979
29.979971,-5014.6065,-0.26830592,0.49776476,0.1192572,4.073984,79.999979
29.989971,-5014.6065,-0.26830592,0.49757242,0.11915169,4.0760597,79.999979
29.999971,-5014.6065,-0.26830592,0.49738008,0.11904617,4.0781353,79.999979
30.009971,-5014.6065,-0.26830592,0.49718774,0.11894065,4.080211,79.999979
30.019971,-5014.6065,-0.26830592,0.4969954,0.11883514,4.0822866,79.999979
30.029971,-5014.6065,-0.26830592,0.49680306,0.11872962,4.0843623,79.999979
30.039971,-5014.6065,-0.26830592,0.49663549,0.11862454,4.0866339,79.999979
30.049971,-5014.6065,-0.26830592,0.49734573,0.11853496,4.0958509,79.999979
30.059971,-5014.6065,-0.26830592,0.49805598,0.11844539,4.1050678,79.999979
30.069971,-5014.6065,-0.26830592,0.49876622,0.11835581,4.1142848,79.999979
30.079971,-5014.6065,-0.26830592,0.49947647,0.11826623,4.1235017,79.999979
30.089971,-5014.6065,-0.26830592,0.50018671,0.11817666,4.1327187,79.999979
30.099971,-5014.6065,-0.26830592,0.50089696,0.11808708,4.1419356,79.999979
30.109971,-5014.6065,-0.26830592,0.5016072,0.1179975,4.1511526,79.999979
30.119971,-5014.6065,-0.26830592,0.50231745,0.11790792,4.1603695,79.999979
30.129971,-5014.6065,-0.26830592,0.50302769,0.11781835,4.1695865,79.999979
30.139971,-5014.6065,-0.26830592,0.50373793,0.11772877,4.1788034,79.999979
30.149971,-5014.6065,-0.26830592,0.50444818,0.11763919,4.1880204,79.999979
30.159971,-5014.6065,-0.26830592,0.50515842,0.11754961,4.1972373,79.999979
30.169971,-5014.6065,-0.26830592,0.50586867,0.11746004,4.2064543,79.999979
30.179971,-5014.6065,-0.26830592,0.50657891,0.11737046,4.2156712,79.999979
30.189971,-5014.6065,-0.26830592,0.50728916,0.11728088,4.2248882,79.999979
30.199971,-5014.6065,-0.26830592,0.5079994,0.11719131,4.2341051,79.999979
30.209971,-5014.6065,-0.26830592,0.50870964,0.11710173,4.2433221,79.999979
30.219971,-5014.6065,-0.26830592,0.50852689,0.11714524,4.2429953,79.999979
30.229971,-5014.6065,-0.26830592,0.50727891,0.11734751,4.2253449,79.999979
30.239971,-5014.6065,-0.26830592,0.50603093,0.11754977,4.2076946,79.999979
30.249971,-5014.6065,-0.26830592,0.50478295,0.11775204,4.1900443,79.999979
30.259971,-5014.6065,-0.26830592,0.50353497,0.11795431,4.172394,79.999979
30.269971,-5014.6065,-0.26830592,0.50228699,0.11815657,4.1547437,79.999979
30.279971,-5014.6065,-0.26830592,0.50103901,0.11835884,4.1370934,79.999979
30.289971,-5014.6065,-0.26830592,0.49979103,0.11856111,4.119443,79.999979
30.299971,-5014.6065,-0.26830592,0.49854305,0.11876338,4.1017927,79.999979
30.309971,-5014.6065,-0.26830592,0.49729507,0.11896564,4.0841424,79.999979
30.319971,-5014.6065,-0.26830592,0.49604709,0.11916791,4.0664921,79.999979
30.329971,-5014.6065,-0.26830592,0.49479911,0.11937018,4.0488418,79.999979
30.339971,-5014.6065,-0.26830592,0.49355113,0.11957244,4.0311915,79.999979
30.349971,-5014.6065,-0.26830592,0.49230315,0.11977471,4.0135411,79.999979
30.359971,-5014.6065,-0.26830592,0.49126054,0.11996902,3.9958908,79.999979
30.369971,-5014.6065,-0.26830592,0.49146197,0.11994063,3.9971255,79.999979
30.379971,-5014.6065,-0.26830592,0.4916634,0.11991224,3.9997993,79.999979
30.389971,-5014.6065,-0.26830592,0.49186482,0.11988386,4.0024731,79.999979
30.399971,-5014.6065,-0.26830592,0.49206625,0.11985547,4.005147,79.999979
30.409971,-5014.6065,-0.26830592,0.49226768,0.11982708,4.0078208,79.999979
30.419971,-5014.6065,-0.26830592,0.49246911,0.11979869,4.0104946,79.999979
30.429971,-5014.6065,-0.26830592,0.49267054,0.1197703,4.0131684,79.999979
30.439971,-5014.6065,-0.26830592,0.49287196,0.11974192,4.0158422,79.999979
30.449971,-5014.6065,-0.26830592,0.49307339,0.11971353,4.0185161,79.999979
30.459971,-5014.6065,-0.26830592,0.49327482,0.11968514,4.0211899,79.999979
30.469971,-5014.6065,-0.26830592,0.49347625,0.11965675,4.0238637,79.999979
30.479971,-5014.6065,-0.26830592,0.49367768,0.11962836,4.0265375,79.999979
30.489971,-5014.6065,-0.26830592,0.4938791,0.11959997,4.0292114,79.999979
30.499971,-5014.6065,-0.26830592,0.49408053,0.11957159,4.0318852,79.999979
30.509971,-5014.6065,-0.26830592,0.49428196,0.1195432,4.034559,79.999979
30.519971,-5014.6065,-0.26830592,0.49448339,0.11951481,4.0372328,79.999979
30.529971,-5014.6065,-0.26830592,0.49468482,0.11948642,4.0399066,79.999979
30.539971,-5014.6065,-0.26830592,0.49493508,0.11954595,4.0399057,79.999979
30.549971,-5014.6065,-0.26830592,0.49521899,0.11969626,4.0371429,79.999979
30.559971,-5014.6065,-0.26819607,0.49550291,0.11984657,4.0343801,79.999979
30.569971,-5014.6065,-0.26753294,0.49578682,0.11999687,4.0316172,79.999979
30.579971,-5014.6065,-0.26823855,0.49607074,0.12014718,4.0288544,79.999979
30.589971,-5014.6065,-0.26741566,0.49635466,0.12029749,4.0260915,79.999979
30.599971,-5014.6065,-0.26696035,0.49663857,0.1204478,4.0233287,79.999979
30.609971,-5014.6065,-0.26735426,0.49692249,0.12059811,4.0205658,79.999979
30.619971,-5014.6065,-0.26647116,0.4972064,0.12074842,4.017803,79.999979
30.629971,-5014.6065,-0.26683432,0.49749032,0.12089873,4.0150401,79.999979
30.639971,-5014.6065,-0.26607871,0.49777424,0.12104904,4.0122773,79.999979
30.649971,-5014.6065,-0.26547523,0.49805815,0.12119934,4.0095145,79.999979
30.659971,-5014.6065,-0.26582851,0.49834207,0.12134965,4.0067516,79.999979
30.669971,-5014.6065,-0.26615579,0.49862599,0.12149996,4.0039888,79.999979
30.679971,-5014.6065,-0.26539228,0.49884677,0.12161995,4.0012259,79.999979
30.689971,-5014.6065,-0.26458955,0.49874017,0.12127869,4.0119414,79.999979
30.699971,-5014.6065,-0.2648767,0.49863357,0.12093743,4.0231942,79.999979
30.709971,-5014.6065,-0.26469996,0.49852697,0.12059617,4.034447,79.999979
30.719971,-5014.6065,-0.26491278,0.49842037,0.12025491,4.0456998,79.999979
30.729971,-5014.6065,-0.26412758,0.49831377,0.11991365,4.0569526,79.999979
30.739971,-5014.6065,-0.26378504,0.49820717,0.11957239,4.0682054,79.999979
30.749971,-5014.6065,-0.26240419,0.49810057,0.11923113,4.0794582,79.999979
30.759971,-5014.6065,-0.26268209,0.49799397,0.11888987,4.090711,79.999979
30.769971,-5014.6065,-0.2626229,0.49788738,0.11854861,4.1019638,79.999979
30.779971,-5014.6065,-0.26273992,0.49778078,0.11820735,4.1132166,79.999979
30.789971,-5014.6065,-0.26184304,0.49767418,0.11786609,4.1244694,79.999979
30.799971,-5014.6065,-0.26263346,0.49756758,0.11752483,4.1357222,79.999979
30.809971,-5014.6065,-0.26160999,0.49746098,0.11718357,4.146975,79.999979
30.819971,-5014.6065,-0.2614516,0.49735438,0.11684231,4.1582278,79.999979
30.829971,-5014.6065,-0.26160935,0.49724778,0.11650105,4.1694806,79.999979
30.839971,-5014.6065,-0.26132024,0.49714118,0.11615979,4.1807334,79.999979
30.849971,-5014.6065,-0.26098811,0.49703458,0.11581853,4.1919862,79.999979
30.859971,-5014.6065,-0.26126968,0.49705325,0.11549327,4.2036154,79.999979
30.869971,-5014.6065,-0.26001761,0.49731742,0.11521965,4.2164595,79.999979
30.879971,-5014.6065,-0.2602288,0.49758159,0.11494604,4.2293037,79.999979
30.889971,-5014.6065,-0.2592693,0.49784576,0.11467242,4.2421478,79.999979
30.899971,-5014.6065,-0.25990803,0.49810994,0.1143988,4.2549919,79.999979
30.909971,-5014.6065,-0.25958929,0.49837411,0.11412518,4.267836,79.999979
30.919971,-5014.6065,-0.25926254,0.49863828,0.11385156,4.2806802,79.999979
30.929971,-5014.6065,-0.25827167,0.49890245,0.11357794,4.2935243,79.999979
30.93997,-5014.6065,-0.25894299,0.49916662,0.11330432,4.3063684,79.999979
30.94997,-5014.6065,-0.25761909,0.49943079,0.1130307,4.3192125,79.999979
30.95997,-5014.6065,-0.25797912,0.49969496,0.11275708,4.3320567,79.999979
30.96997,-5014.6065,-0.25850489,0.49995913,0.11248346,4.3449008,79.999979
30.97997,-5014.6065,-0.25821174,0.5002233,0.11220985,4.3577449,79.999979
30.98997,-5014.6065,-0.25721195,0.50048747,0.11193623,4.3705891,79.999979
30.99997,-5014.6065,-0.25713473,0.50075164,0.11166261,4.3834332,79.999979
31.00997,-5014.6065,-0.2569684,0.50082378,0.11145261,4.3945781,79.999979
31.01997,-5014.6065,-0.25684437,0.500436,0.11150735,4.3893154,79.999979
31.02997,-5014.6065,-0.25762201,0.50004823,0.1115621,4.3840527,79.999979
31.03997,-5014.6065,-0.25708124,0.49966045,0.11161684,4.3787901,79.999979
31.04997,-5014.6065,-0.25605152,0.49927267,0.11167159,4.3735274,79.999979
31.05997,-5014.6065,-0.25583828,0.49888489,0.11172633,4.3682647,79.999979
31.06997,-5014.6065,-0.25627126,0.49849711,0.11178108,4.363002,79.999979
31.07997,-5014.6065,-0.2558849,0.49810934,0.11183583,4.3577393,79.999979
31.08997,-5014.6065,-0.25537214,0.49772156,0.11189057,4.3524766,79.999979
31.09997,-5014.6065,-0.25540261,0.49733378,0.11194532,4.3472139,79.999979
31.10997,-5014.6065,-0.25532258,0.496946,0.11200006,4.3419512,79.999979
31.11997,-5014.6065,-0.25440544,0.49655822,0.11205481,4.3366885,79.999979
31.12997,-5014.6065,-0.25450706,0.49617044,0.11210955,4.3314258,79.999979
31.13997,-5014.6065,-0.25376387,0.49578267,0.1121643,4.3261631,79.999979
31.14997,-5014.6065,-0.2544722,0.49539489,0.11221904,4.3209004,79.999979
31.15997,-5014.6065,-0.25307223,0.49500711,0.11227379,4.3156377,79.999979
31.16997,-5014.6065,-0.2533515,0.49461933,0.11232854,4.310375,79.999979
31.17997,-5014.6065,-0.2531221,0.49416411,0.11235644,4.3051123,79.999979
31.18997,-5014.6065,-0.25281592,0.49368752,0.1123308,4.3002381,79.999979
31.19997,-5014.6065,-0.25288104,0.49321092,0.11230515,4.2966827,79.999979
31.20997,-5014.6065,-0.25250387,0.49273433,0.11227951,4.2931274,79.999979
31.21997,-5014.6065,-0.25204291,0.49225773,0.11225387,4.289572,79.999979
31.22997,-5014.6065,-0.25179625,0.49178113,0.11222823,4.2860166,79.999979
31.23997,-5014.6065,-0.25212592,0.49130454,0.11220259,4.2824613,79.999979
31.24997,-5014.6065,-0.25146694,0.49082794,0.11217695,4.2789059,79.999979
31.25997,-5014.6065,-0.25159655,0.49035135,0.1121513,4.2753506,79.999979
31.26997,-5014.6065,-0.25172438,0.48987475,0.11212566,4.2717952,79.999979
31.27997,-5014.6065,-0.25104875,0.48939815,0.11210002,4.2682398,79.999979
31.28997,-5014.6065,-0.25116523,0.48892156,0.11207438,4.2646845,79.999979
31.29997,-5014.6065,-0.25082818,0.48844496,0.11204874,4.2611291,79.999979
31.30997,-5014.6065,-0.25050887,0.48796837,0.1120231,4.2575738,79.999979
31.31997,-5014.6065,-0.25057944,0.48749177,0.11199745,4.2540184,79.999979
31.32997,-5014.6065,-0.25000889,0.4871421,0.11196791,4.250463,79.999979
31.33997,-5014.6065,-0.24977341,0.48747394,0.11185791,4.2566459,79.999979
31.34997,-5014.6065,-0.249886,0.48780579,0.11174792,4.2640842,79.999979
31.35997,-5014.6065,-0.24997785,0.48813763,0.11163793,4.2715225,79.999979
31.36997,-5014.6065,-0.2492044,0.48846947,0.11152793,4.2789609,79.999979
31.37997,-5014.6065,-0.2490994,0.48880132,0.11141794,4.2863992,79.999979
31.38997,-5014.6065,-0.24833144,0.48913316,0.11130795,4.2938375,79.999979
31.39997,-5014.6065,-0.24885773,0.489465,0.11119795,4.3012759,79.999979
31.40997,-5014.6065,-0.2487151,0.48979685,0.11108796,4.3087142,79.999979
31.41997,-5014.6065,-0.24830528,0.49012869,0.11097797,4.3161526,79.999979
31.42997,-5014.6065,-0.248995,0.49046053,0.11086798,4.3235909,79.999979
31.43997,-5014.6065,-0.24740536,0.49079238,0.11075798,4.3310292,79.999979
31.44997,-5014.6065,-0.24788319,0.49112422,0.11064799,4.3384676,79.999979
31.45997,-5014.6065,-0.24740991,0.49145606,0.110538,4.3459059,79.999979
31.46997,-5014.6065,-0.2474719,0.49178791,0.110428,4.3533442,79.999979
31.47997,-5014.6065,-0.2474719,0.49211975,0.11031801,4.3607826,79.999979
31.48997,-5014.6065,-0.2469802,0.49245159,0.11020802,4.3682209,79.999979
31.49997,-5014.6065,-0.24756466,0.49271579,0.11051151,4.3594665,79.999979
31.50997,-5014.6065,-0.246692,0.49294937,0.11105145,4.3414523,79.999979
31.51997,-5014.6065,-0.24548821,0.49318295,0.1115914,4.3234382,79.999979
31.52997,-5014.6065,-0.24603831,0.49341653,0.11213134,4.3054241,79.999979
31.53997,-5014.6065,-0.2466444,0.49365011,0.11267128,4.28741,79.999979
31.54997,-5014.6065,-0.24644545,0.49388369,0.11321123,4.2693958,79.999979
31.55997,-5014.6065,-0.2459008,0.49411727,0.11375117,4.2513817,79.999979
31.56997,-5014.6065,-0.24585341,0.49435085,0.11429111,4.2333676,79.999979
31.57997,-5014.6065,-0.24481389,0.49458442,0.11483106,4.2153535,79.999979
31.58997,-5014.6065,-0.24563074,0.494818,0.115371,4.1973393,79.999979
31.59997,-5014.6065,-0.24562047,0.49505158,0.11591094,4.1793252,79.999979
31.60997,-5014.6065,-0.24561019,0.49528516,0.11645089,4.1613111,79.999979
31.61997,-5014.6065,-0.24559991,0.49551874,0.11699083,4.1432969,79.999979
31.62997,-5014.6065,-0.24561082,0.49575232,0.11753077,4.1252828,79.999979
31.63997,-5014.6065,-0.24601634,0.4959859,0.11807072,4.1072687,79.999979
31.64997,-5014.6065,-0.24480486,0.49621948,0.11861066,4.0892546,79.999979
31.65997,-5014.6065,-0.2446957,0.49645306,0.1191506,4.0712404,79.999979
31.66997,-5014.6065,-0.2445426,0.49668664,0.11969055,4.0532263,79.999979
31.67997,-5014.6065,-0.24490157,0.49692021,0.12023049,4.0352122,79.999979
31.68997,-5014.6065,-0.24422112,0.49671144,0.11987683,4.0424325,79.999979
31.69997,-5014.6065,-0.24342264,0.49634705,0.11920881,4.0638613,79.999979
31.70997,-5014.6065,-0.24316736,0.49598266,0.1185408,4.08529,79.999979
31.71997,-5014.6065,-0.2431105,0.49561827,0.11787278,4.1067188,79.999979
31.72997,-5014.6065,-0.24300854,0.49525388,0.11720477,4.1281475,79.999979
31.73997,-5014.6065,-0.24413557,0.49488949,0.11653675,4.1495763,79.999979
31.74997,-5014.6065,-0.24370428,0.4945251,0.11586874,4.171005,79.999979
31.75997,-5014.6065,-0.24281339,0.49416071,0.11520072,4.1924338,79.999979
31.76997,-5014.6065,-0.24248029,0.49379632,0.11453271,4.2138625,79.999979
31.77997,-5014.6065,-0.24252479,0.49343194,0.1138647,4.2352913,79.999979
31.78997,-5014.6065,-0.2423203,0.49306755,0.11319668,4.25672,79.999979
31.79997,-5014.6065,-0.24115322,0.49270316,0.11252867,4.2781488,79.999979
31.80997,-5014.6065,-0.24157813,0.49236329,0.11186065,4.2995775,79.999979
31.81997,-5014.6065,-0.24233258,0.4927294,0.11200942,4.2992929,79.999979
31.82997,-5014.6065,-0.24113168,0.49309551,0.11222093,4.294369,79.999979
31.83997,-5014.6065,-0.24114729,0.49346162,0.11243244,4.289445,79.999979
31.84997,-5014.6065,-0.2409321,0.49382773,0.11264394,4.2845211,79.999979
31.85997,-5014.6065,-0.24007625,0.49419384,0.11285545,4.2795971,79.999979
31.86997,-5014.6065,-0.23978024,0.49455995,0.11306696,4.2746732,79.999979
31.87997,-5014.6065,-0.24028143,0.49492606,0.11327847,4.2697492,79.999979
31.88997,-5014.6065,-0.24033317,0.49529217,0.11348998,4.2648253,79.999979
31.89997,-5014.6065,-0.24028938,0.49565828,0.11370148,4.2599013,79.999979
31.90997,-5014.6065,-0.24024559,0.49602439,0.11391299,4.2549774,79.999979
31.91997,-5014.6065,-0.23917692,0.4963905,0.1141245,4.2500534,79.999979
31.92997,-5014.6065,-0.23915526,0.49675661,0.11433601,4.2451295,79.999979
31.93997,-5014.6065,-0.2383601,0.49712272,0.11454752,4.2402055,79.999979
31.94997,-5014.6065,-0.2388437,0.49748883,0.11475902,4.2352816,79.999979
31.95997,-5014.6065,-0.23872571,0.49785494,0.11497053,4.2303576,79.999979
31.96997,-5014.6065,-0.23818734,0.49822104,0.11518204,4.2254337,79.999979
31.97997,-5014.6065,-0.23829169,0.49858715,0.11539355,4.2205097,79.999979
31.989969,-5014.6065,-0.23821682,0.49932501,0.11536733,4.2274671,79.999979
31.999969,-5014.6065,-0.23752127,0.50024378,0.11516347,4.243302,79.999979
32.009969,-5014.6065,-0.23710833,0.50116255,0.11495962,4.2591369,79.999979
32.019969,-5014.6065,-0.2365898,0.50208132,0.11475577,4.2749718,79.999979
32.029969,-5014.6065,-0.23709593,0.50300009,0.11455192,4.2908068,79.999979
32.039969,-5014.6065,-0.23719231,0.50391886,0.11434807,4.3066417,79.999979
32.049969,-5014.6065,-0.23572447,0.50483763,0.11414421,4.3224766,79.999979
32.059969,-5014.6065,-0.23568936,0.5057564,0.11394036,4.3383115,79.999979
32.069969,-5014.6065,-0.23542341,0.50667517,0.11373651,4.3541464,79.999979
32.079969,-5014.6065,-0.23531939,0.50759394,0.11353266,4.3699814,79.999979
32.089969,-5014.6065,-0.23513243,0.50851271,0.11332881,4.3858163,79.999979
32.099969,-5014.6065,-0.23560527,0.50943148,0.11312495,4.4016512,79.999979
32.109969,-5014.6065,-0.23506225,0.51035025,0.1129211,4.4174861,79.999979
32.119969,-5014.6065,-0.23387076,0.51126902,0.11271725,4.433321,79.999979
32.129969,-5014.6065,-0.23416672,0.5121878,0.1125134,4.449156,79.999979
32.139969,-5014.6065,-0.23322094,0.51200069,0.11253826,4.4529323,79.999979
32.149969,-5014.6065,-0.23322409,0.5112077,0.11275652,4.4374074,79.999979
32.159969,-5014.6065,-0.23322409,0.51041471,0.11297477,4.4218825,79.999979
32.169969,-5014.6065,-0.23239904,0.50962172,0.11319303,4.4063576,79.999979
32.179969,-5014.6065,-0.23320307,0.50882873,0.11341129,4.3908327,79.999979
32.189969,-5014.6065,-0.2327499,0.50803574,0.11362955,4.3753078,79.999979
32.199969,-5014.6065,-0.23282359,0.50724275,0.1138478,4.3597829,79.999979
32.209969,-5014.6065,-0.23285032,0.50644976,0.11406606,4.344258,79.999979
32.219969,-5014.6065,-0.23316322,0.50565677,0.11428432,4.3287331,79.999979
32.229969,-5014.6065,-0.23345263,0.50486378,0.11450258,4.3132082,79.999979
32.239969,-5014.6065,-0.23208451,0.50407079,0.11472083,4.2976833,79.999979
32.249969,-5014.6065,-0.23150616,0.5032778,0.11493909,4.2821584,79.999979
32.259969,-5014.6065,-0.23179833,0.50248481,0.11515735,4.2666335,79.999979
32.269969,-5014.6065,-0.23178246,0.50169182,0.11537561,4.2511086,79.999979
32.279969,-5014.6065,-0.23157695,0.50089883,0.11559386,4.2355837,79.999979
32.289969,-5014.6065,-0.23184093,0.50010584,0.11581212,4.2200588,79.999979
32.299969,-5014.6065,-0.23097721,0.49931285,0.11603038,4.2045339,79.999979
32.309969,-5014.6065,-0.23004426,0.49948488,0.11614643,4.200298,79.999979
32.319969,-5014.6065,-0.2300233,0.49975749,0.11624516,4.1988401,79.999979
32.329969,-5014.6065,-0.23034228,0.5000301,0.1163439,4.1973822,79.999979
32.339969,-5014.6065,-0.23012966,0.50030271,0.11644263,4.1959243,79.999979
32.349969,-5014.6065,-0.22968579,0.50057532,0.11654136,4.1944664,79.999979
32.359969,-5014.6065,-0.22996657,0.50084793,0.1166401,4.1930084,79.999979
32.369969,-5014.6065,-0.22891494,0.50112055,0.11673883,4.1915505,79.999979
32.379969,-5014.6065,-0.22909851,0.50139316,0.11683757,4.1900926,79.999979
32.389969,-5014.6065,-0.22801029,0.50166577,0.1169363,4.1886347,79.999979
32.399969,-5014.6065,-0.22836339,0.50193838,0.11703503,4.1871768,79.999979
32.409969,-5014.6065,-0.22889165,0.50221099,0.11713377,4.1857189,79.999979
32.419969,-5014.6065,-0.22840085,0.5024836,0.1172325,4.184261,79.999979
32.429969,-5014.6065,-0.22812077,0.50275621,0.11733124,4.1828031,79.999979
32.439969,-5014.6065,-0.22781687,0.50302882,0.11742997,4.1813452,79.999979
32.449969,-5014.6065,-0.22801824,0.50330143,0.1175287,4.1798873,79.999979
32.459969,-5014.6065,-0.22734613,0.50349318,0.11762744,4.1784293,79.999979
32.469969,-5014.6065,-0.22763919,0.50331632,0.11772617,4.1769714,79.999979
32.479969,-5014.6065,-0.22702597,0.50313946,0.11736117,4.1888499,79.999979
32.489969,-5014.6065,-0.22798058,0.5029626,0.11695063,4.2029282,79.999979
32.499969,-5014.6065,-0.22712439,0.50278574,0.1165401,4.2170065,79.999979
32.509969,-5014.6065,-0.22696799,0.50260888,0.11612956,4.2310849,79.999979
32.519969,-5014.6065,-0.2255139,0.50243203,0.11571903,4.2451632,79.999979
32.529969,-5014.6065,-0.22574906,0.50225517,0.11530849,4.2592415,79.999979
32.539969,-5014.6065,-0.22600529,0.50207831,0.11489796,4.2733199,79.999979
32.549969,-5014.6065,-0.22626151,0.50190145,0.11448742,4.2873982,79.999979
32.559969,-5014.6065,-0.22602282,0.50172459,0.11407689,4.3014765,79.999979
32.569969,-5014.6065,-0.22531528,0.50154773,0.11366635,4.3155548,79.999979
32.579969,-5014.6065,-0.22540912,0.50137087,0.11325581,4.3296332,79.999979
32.589969,-5014.6065,-0.22601137,0.50119401,0.11284528,4.3437115,79.999979
32.599969,-5014.6065,-0.22580041,0.50101715,0.11243474,4.3577898,79.999979
32.609969,-5014.6065,-0.22499687,0.50084029,0.11202421,4.3718682,79.999979
32.619969,-5014.6065,-0.22546498,0.50066343,0.11161367,4.3859465,79.999979
32.629969,-5014.6065,-0.22440512,0.50046707,0.11137458,4.3933835,79.999979
32.639969,-5014.6065,-0.22465445,0.5002618,0.11121376,4.3977887,79.999979
32.649969,-5014.6065,-0.2246215,0.50005654,0.11105293,4.4021938,79.999979
32.659969,-5014.6065,-0.22532456,0.49985127,0.11089211,4.406599,79.999979
32.669969,-5014.6065,-0.22534054,0.49964601,0.11073129,4.4110042,79.999979
32.679969,-5014.6065,-0.22476564,0.49944074,0.11057046,4.4154094,79.999979
32.689969,-5014.6065,-0.2244241,0.49923548,0.11040964,4.4198145,79.999979
32.699969,-5014.6065,-0.22462008,0.49903021,0.11024881,4.4242197,79.999979
32.709969,-5014.6065,-0.22357683,0.49882495,0.11008799,4.4286249,79.999979
32.719969,-5014.6065,-0.2232122,0.49861968,0.10992717,4.4330301,79.999979
32.729969,-5014.6065,-0.22341173,0.49841442,0.10976634,4.4374352,79.999979
32.739969,-5014.6065,-0.2236608,0.49820915,0.10960552,4.4418404,79.999979
32.749969,-5014.6065,-0.22411437,0.49800389,0.10944469,4.4462456,79.999979
32.759969,-5014.6065,-0.22289345,0.49779862,0.10928387,4.4506508,79.999979
32.769969,-5014.6065,-0.22338551,0.49759336,0.10912305,4.4550559,79.999979
32.779969,-5014.6065,-0.22248392,0.49738809,0.10896222,4.4594611,79.999979
32.789969,-5014.6065,-0.22257989,0.49746072,0.10935041,4.4638663,79.999979
32.799969,-5014.6065,-0.22267587,0.49763279,0.11005861,4.4572086,79.999979
32.809969,-5014.6065,-0.2218557,0.49780486,0.11076681,4.4296461,79.999979
32.819969,-5014.6065,-0.2224447,0.49797693,0.111475,4.4020836,79.999979
32.829969,-5014.6065,-0.22196654,0.498149,0.1121832,4.3745211,79.999979
32.839969,-5014.6065,-0.2228882,0.49832107,0.1128914,4.3469585,79.999979
32.849969,-5014.6065,-0.22291146,0.49849314,0.11359959,4.319396,79.999979
32.859969,-5014.6065,-0.22296483,0.49866521,0.11430779,4.2918335,79.999979
32.869969,-5014.6065,-0.22275368,0.49883728,0.11501599,4.264271,79.999979
32.879969,-5014.6065,-0.22116316,0.49900935,0.11572418,4.2367085,79.999979
32.889969,-5014.6065,-0.22101963,0.49918142,0.11643238,4.209146,79.999979
32.899969,-5014.6065,-0.22108502,0.49935349,0.11714058,4.1815835,79.999979
32.909969,-5014.6065,-0.22091381,0.49952556,0.11784877,4.154021,79.999979
32.919969,-5014.6065,-0.22070566,0.49969763,0.11855697,4.1264585,79.999979
32.929969,-5014.6065,-0.22082961,0.49986969,0.11926517,4.098896,79.999979
32.939969,3044.5937,-0.22079995,0.50004176,0.11997336,4.0713334,79.999979
32.949969,3044.5841,-0.22131185,0.50029088,0.11971486,4.0776924,79.999979
32.959969,3045.3929,-0.22017177,0.50055202,0.11930542,4.0945207,79.999979
32.969969,3045.848,-0.22014934,0.50081316,0.11889599,4.111349,79.999979
32.979969,3045.7366,-0.22050242,0.50107431,0.11848656,4.1281772,79.999979
32.989969,3046.1586,-0.22042911,0.50133545,0.11807713,4.1450055,79.999979
32.999969,3049.6943,-0.21948965,0.50159659,0.11766769,4.1618338,79.999979
33.009969,3053.7934,-0.2195425,0.50185774,0.11725826,4.1786621,79.999979
33.019969,3055.7034,-0.21903828,0.50211888,0.11684883,4.1954903,79.999979
33.029969,3055.5074,-0.21866585,0.50238002,0.1164394,4.2123186,79.999979
33.039968,3057.7095,-0.21887192,0.50264116,0.11602996,4.2291469,79.999979
33.049968,3058.1427,-0.21937378,0.50290231,0.11562053,4.2459751,79.999979
33.059968,3058.2426,-0.21904341,0.50316345,0.1152111,4.2628034,79.999979
33.069968,3056.798,-0.2188853,0.50342459,0.11480167,4.2796317,79.999979
33.079968,3058.5076,-0.21878875,0.50368574,0.11439223,4.29646,79.999979
33.089968,3059.9084,-0.21940719,0.50394688,0.1139828,4.3132882,79.999979
33.099968,3060.6079,-0.2179796,0.50420802,0.11357337,4.3301165,79.999979
33.109968,3060.5222,-0.21771439,0.50446156,0.11342747,4.3469448,79.999979
33.119968,3060.4135,-0.21768374,0.50471062,0.11352208,4.3465627,79.999979
33.129968,3060.36,-0.21831173,0.50495967,0.1136167,4.3450222,79.999979
33.139968,3059.777,-0.21734019,0.50520873,0.11371132,4.3434818,79.999979
33.149968,3058.49,-0.21753255,0.50545778,0.11380593,4.3419413,79.999979
33.159968,3057.8627,-0.21787432,0.50570683,0.11390055,4.3404008,79.999979
33.169968,3057.1437,-0.21644749,0.50595589,0.11399516,4.3388604,79.999979
33.179968,3056.7015,-0.21670865,0.50620494,0.11408978,4.3373199,79.999979
33.189968,3056.7015,-0.2169698,0.506454,0.1141844,4.3357795,79.999979
33.199968,3054.2466,-0.2172777,0.50670305,0.11427901,4.334239,79.999979
33.209968,3049.9998,-0.2169333,0.5069521,0.11437363,4.3326986,79.999979
33.219968,3047.8238,-0.21650088,0.50720116,0.11446824,4.3311581,79.999979
33.229968,3042.5238,-0.21656503,0.50745021,0.11456286,4.3296176,79.999979
33.239968,3039.9122,-0.21699606,0.50769927,0.11465748,4.3280772,79.999979
33.249968,3038.2238,-0.21707408,0.50794832,0.11475209,4.3265367,79.999979
33.259968,3034.2992,-0.21574316,0.50819737,0.11484671,4.3249963,79.999979
33.269968,3019.3353,-0.21543309,0.50824379,0.11496921,4.3211736,79.999979
33.279968,3015.0436,-0.21616836,0.50811176,0.11512204,4.3142839,79.999979
33.289968,3009.9302,-0.21524464,0.50797972,0.11527487,4.3073941,79.999979
33.299968,3007.5602,-0.21571539,0.50784768,0.1154277,4.3005044,79.999979
33.309968,3006.0133,-0.21586193,0.50771565,0.11558053,4.2936146,79.999979
33.319968,3001.4919,-0.21575038,0.50758361,0.11573336,4.2867248,79.999979
33.329968,2987.6162,-0.2149411,0.50745157,0.11588619,4.2798351,79.999979
33.339968,2977.9161,-0.21492371,0.50731954,0.11603902,4.2729453,79.999979
33.349968,2971.9428,-0.21400148,0.5071875,0.11619185,4.2660555,79.999979
33.359968,2970.6929,-0.21480465,0.50705547,0.11634468,4.2591658,79.999979
33.369968,2968.9399,-0.21529645,0.50692343,0.1164975,4.252276,79.999979
33.379968,2965.6731,-0.21340587,0.50679139,0.11665033,4.2453863,79.999979
33.389968,2953.6693,-0.21504504,0.50665936,0.11680316,4.2384965,79.999979
33.399968,2943.2869,-0.21386797,0.50652732,0.11695599,4.2316067,79.999979
33.409968,2938.3706,-0.21413685,0.50639528,0.11710882,4.224717,79.999979
33.419968,2935.4852,-0.21278652,0.50626325,0.11726165,4.2178272,79.999979
33.429968,2934.9668,-0.21310784,0.50613121,0.11741448,4.2109374,79.999979
33.439968,2934.1468,-0.21342514,0.50599917,0.11756731,4.2040477,79.999979
33.449968,2927.4159,-0.21364339,0.50581725,0.11758923,4.2016404,79.999979
33.459968,2914.1732,-0.2128982,0.50551999,0.11730843,4.2095976,79.999979
33.469968,2907.95,-0.21262034,0.50522273,0.11702764,4.2175547,79.999979
33.479968,2902.8469,-0.21242972,0.50492546,0.11674684,4.2255119,79.999979
33.489968,2900.7962,-0.21230298,0.5046282,0.11646605,4.2334691,79.999979
33.499968,2899.5884,-0.21238915,0.50433094,0.11618526,4.2414263,79.999979
33.509968,2890.77,-0.21217342,0.50403367,0.11590446,4.2493835,79.999979
33.519968,2882.5498,-0.21163756,0.50373641,0.11562367,4.2573407,79.999979
33.529968,2878.6904,-0.21164564,0.50343915,0.11534288,4.2652979,79.999979
33.539968,2877.502,-0.21127368,0.50314188,0.11506208,4.2732551,79.999979
33.549968,2876.3686,-0.21229116,0.50284462,0.11478129,4.2812123,79.999979
33.559968,2875.0276,-0.21223359,0.50254736,0.1145005,4.2891695,79.999979
33.569968,2865.4391,-0.21169321,0.50225009,0.1142197,4.2971267,79.999979
33.579968,2858.2391,-0.21124954,0.50195283,0.11393891,4.3050839,79.999979
33.589968,2855.9795,-0.21190532,0.50189255,0.11381075,4.3099373,79.999979
33.599968,2852.4564,-0.21139651,0.50205743,0.11389981,4.3079681,79.999979
33.609968,2851.7125,-0.21085586,0.50222232,0.11398886,4.305999,79.999979
33.619968,2850.6876,-0.21106913,0.5023872,0.11407792,4.3040299,79.999979
33.629968,2848.4104,-0.21208173,0.50255208,0.11416697,4.3020608,79.999979
33.639968,2840.8757,-0.21116752,0.50271697,0.11425602,4.3000916,79.999979
33.649968,2836.3534,-0.21073255,0.50288185,0.11434508,4.2981225,79.999979
33.659968,2833.3141,-0.20950716,0.50304673,0.11443413,4.2961534,79.999979
33.669968,2833.1721,-0.20997373,0.50321162,0.11452319,4.2941842,79.999979
33.679968,2833.1721,-0.21016344,0.5033765,0.11461224,4.2922151,79.999979
33.689968,2830.1554,-0.21050376,0.50354138,0.1147013,4.290246,79.999979
33.699968,2821.2675,-0.20986282,0.50370627,0.11479035,4.2882768,79.999979
33.709968,2817.2256,-0.20916547,0.50387115,0.1148794,4.2863077,79.999979
33.719968,2813.1787,-0.21070495,0.50403603,0.11496846,4.2843386,79.999979
33.729968,2811.3318,-0.20979093,0.50420092,0.11505751,4.2823694,79.999979
33.739968,2811.1848,-0.20958221,0.5043658,0.11514657,4.2804003,79.999979
33.749968,2810.4451,-0.20972732,0.50453068,0.11523562,4.2784312,79.999979
33.759968,2797.4368,-0.20997969,0.50439705,0.11550961,4.2688561,79.999979
33.769968,2793.3932,-0.20943376,0.5039799,0.11595925,4.2493894,79.999979
33.779968,2790.3088,-0.20888054,0.50356275,0.11640888,4.2299227,79.999979
33.789968,2788.1594,-0.20932764,0.5031456,0.11685852,4.210456,79.999979
33.799968,2787.1423,-0.20815736,0.50272845,0.11730815,4.1909894,79.999979
33.809968,2786.3237,-0.20805824,0.5023113,0.11775779,4.1715227,79.999979
33.819968,2777.6554,-0.20898878,0.50189415,0.11820742,4.152056,79.999979
33.829968,2770.5921,-0.20873175,0.501477,0.11865706,4.1325893,79.999979
33.839968,2768.7198,-0.20847667,0.50105985,0.11910669,4.1131226,79.999979
33.849968,2765.9466,-0.20833895,0.5006427,0.11955633,4.0936559,79.999979
33.859968,2764.8155,-0.20852999,0.50022555,0.12000597,4.0741892,79.999979
33.869968,2763.8574,-0.20854301,0.4998084,0.1204556,4.0547225,79.999979
33.879968,2758.5849,-0.20808595,0.49939125,0.12090524,4.0352558,79.999979
33.889968,2749.4088,-0.20793621,0.4989741,0.12135487,4.0157892,79.999979
33.899968,2746.0037,-0.20731111,0.49855695,0.12180451,3.9963225,79.999979
33.909968,2742.3669,-0.20778729,0.49819064,0.12206282,3.9796011,79.999979
33.919968,2741.5108,-0.2081928,0.4979576,0.12139733,4.0017482,79.999979
33.929968,2741.1097,-0.2085983,0.49772456,0.12073184,4.0238953,79.999979
33.939968,2737.7796,-0.20812997,0.49749152,0.12006635,4.0460425,79.999979
33.949968,2727.795,-0.20756477,0.49725848,0.11940086,4.0681896,79.999979
33.959968,2724.5707,-0.20703835,0.49702543,0.11873537,4.0903367,79.999979
33.969968,2721.134,-0.20738168,0.49679239,0.11806988,4.1124839,79.999979
33.979968,2720.7626,-0.20780473,0.49655935,0.11740439,4.134631,79.999979
33.989968,2720.7626,-0.2078037,0.49632631,0.1167389,4.1567781,79.999979
33.999968,2716.8103,-0.20581486,0.49609327,0.11607341,4.1789253,79.999979
34.009968,2711.2179,-0.20603495,0.49586022,0.11540792,4.2010724,79.999979
34.019968,2707.2661,-0.20591052,0.49562718,0.11474242,4.2232195,79.999979
34.029968,2704.5378,-0.20632168,0.49539414,0.11407693,4.2453667,79.999979
34.039968,2703.0416,-0.20507113,0.4951611,0.11341144,4.2675138,79.999979
34.049968,2702.6356,-0.20562765,0.49492806,0.11274595,4.289661,79.999979
34.059968,2702.0886,-0.20586241,0.49469502,0.11208046,4.3118081,79.999979
34.069968,2690.2027,-0.20471436,0.49446197,0.11141497,4.3339552,79.999979
34.079967,2686.1808,-0.20588992,0.49512288,0.11120641,4.349741,79.999979
34.089967,2682.3778,-0.2056094,0.4958408,0.11105587,4.362625,79.999979
34.099967,2679.8458,-0.20554794,0.49655872,0.11090532,4.3755091,79.999979
34.109967,2679.6121,-0.20434223,0.49727665,0.11075477,4.3883931,79.999979
34.119967,2679.0978,-0.20486127,0.49799457,0.11060423,4.4012772,79.999979
34.129967,2673.9554,-0.20503162,0.4987125,0.11045368,4.4141612,79.999979
34.139967,2662.0899,-0.20493531,0.49943042,0.11030314,4.4270452,79.999979
34.149967,2657.4036,-0.20490662,0.50014834,0.11015259,4.4399293,79.999979
34.159967,2653.6837,-0.20322041,0.50086627,0.11000204,4.4528133,79.999979
34.169967,2653.214,-0.20346161,0.50158419,0.1098515,4.4656974,79.999979
34.179967,2652.5274,-0.20467269,0.50230212,0.10970095,4.4785814,79.999979
34.189967,2643.1077,-0.20430734,0.50302004,0.10955041,4.4914654,79.999979
34.199967,2632.1981,-0.20386224,0.50373797,0.10939986,4.5043495,79.999979
34.209967,2628.2768,-0.20344825,0.50445589,0.10924931,4.5172335,79.999979
34.219967,2623.2881,-0.20328671,0.50517381,0.10909877,4.5301175,79.999979
34.229967,2622.312,-0.20359196,0.50589174,0.10894822,4.5430016,79.999979
34.239967,2621.3747,-0.20275808,0.50660966,0.10879767,4.5558856,79.999979
34.249967,2613.4159,-0.20279335,0.50727544,0.10883373,4.5607372,79.999979
34.259967,2602.8688,-0.20243489,0.50786041,0.1093235,4.5460582,79.999979
34.269967,2598.3249,-0.20295254,0.50844539,0.10981327,4.5313791,79.999979
34.279967,2592.7261,-0.20224761,0.50903036,0.11030304,4.5167,79.999979
34.289967,2590.7792,-0.20313276,0.50961533,0.11079281,4.5020209,79.999979
34.299967,2588.8464,-0.20208999,0.51020031,0.11128257,4.4873418,79.999979
34.309967,2587.6176,-0.20187998,0.51078528,0.11177234,4.4726627,79.999979
34.319967,2570.0087,-0.20188841,0.51137025,0.11226211,4.4579837,79.999979
34.329967,2555.1643,-0.2004264,0.51195523,0.11275188,4.4433046,79.999979
34.339967,2550.3005,-0.20080092,0.5125402,0.11324165,4.4286255,79.999979
34.349967,2545.2872,-0.20116483,0.51312517,0.11373142,4.4139464,79.999979
34.359967,2543.7918,-0.20114436,0.51371015,0.11422119,4.3992673,79.999979
34.369967,2542.7067,-0.20013875,0.51429512,0.11471096,4.3845883,79.999979
34.379967,2523.1213,-0.20078657,0.51488009,0.11520073,4.3699092,79.999979
34.389967,2515.756,-0.20088279,0.51546507,0.1156905,4.3552301,79.999979
34.399967,2511.2958,-0.20005993,0.51487628,0.11545992,4.3603927,79.999979
34.409967,2507.9339,-0.19946133,0.51414347,0.11503867,4.370807,79.999979
34.419967,2506.0942,-0.19986724,0.51341067,0.11461743,4.3812213,79.999979
34.429967,2504.5414,-0.19990417,0.51267786,0.11419619,4.3916356,79.999979
34.439967,2495.357,-0.19877709,0.51194505,0.11377495,4.4020499,79.999979
34.449967,2481.7565,-0.20019784,0.51121224,0.1133537,4.4124641,79.999979
34.459967,2477.0187,-0.19903719,0.51047943,0.11293246,4.4228784,79.999979
34.469967,2471.9778,-0.20003475,0.50974662,0.11251122,4.4332927,79.999979
34.479967,2471.1017,-0.19943404,0.50901382,0.11208997,4.443707,79.999979
34.489967,2468.8543,-0.19841271,0.50828101,0.11166873,4.4541213,79.999979
34.499967,2460.5464,-0.19865219,0.5075482,0.11124749,4.4645356,79.999979
34.509967,2450.0335,-0.19787754,0.50681539,0.11082625,4.4749498,79.999979
34.519967,2444.9306,-0.19803989,0.50608258,0.110405,4.4853641,79.999979
34.529967,2437.9498,-0.19873983,0.50534978,0.10998376,4.4957784,79.999979
34.539967,2438.0071,-0.19825725,0.50461697,0.10956252,4.5061927,79.999979
34.549967,2438.1983,-0.1978893,0.50388416,0.10914128,4.516607,79.999979
34.559967,2432.913,-0.19736733,0.50315135,0.10872003,4.5270213,79.999979
34.569967,2421.5469,-0.19690134,0.5031609,0.10881841,4.5246854,79.999979
34.579967,2417.1569,-0.19752163,0.50331343,0.10901686,4.5178137,79.999979
34.589967,2412.3252,-0.19778595,0.50346596,0.10921532,4.5109419,79.999979
34.599967,2410.7676,-0.19780993,0.50361849,0.10941378,4.5040702,79.999979
34.609967,2410.7847,-0.19775004,0.50377102,0.10961224,4.4971984,79.999979
34.619967,2410.2447,-0.19732516,0.50392355,0.1098107,4.4903267,79.999979
34.629967,2401.2919,-0.19714046,0.50407608,0.11000916,4.4834549,79.999979
34.639967,2391.4735,-0.19678652,0.50422861,0.11020761,4.4765832,79.999979
34.649967,2386.7823,-0.19706553,0.50438114,0.11040607,4.4697114,79.999979
34.659967,2384.5441,-0.19581755,0.50453367,0.11060453,4.4628397,79.999979
34.669967,2384.0333,-0.19615494,0.5046862,0.11080299,4.4559679,79.999979
34.679967,2382.5267,-0.19629399,0.50483873,0.11100145,4.4490962,79.999979
34.689967,2370.6672,-0.19507677,0.50499126,0.11119991,4.4422244,79.999979
34.699967,2359.3442,-0.19525971,0.50514379,0.11139836,4.4353527,79.999979
34.709967,2349.5782,-0.19492635,0.50529632,0.11159682,4.4284809,79.999979
34.719967,2348.9383,-0.19569163,0.50457213,0.11192171,4.4121509,79.999979
34.729967,2347.8151,-0.19480986,0.50364493,0.11229777,4.3898292,79.999979
34.739967,2344.1905,-0.19457322,0.50271773,0.11267382,4.3675075,79.999979
34.749967,2337.7983,-0.19498978,0.50179053,0.11304988,4.3451857,79.999979
34.759967,2320.7657,-0.19371859,0.50086333,0.11342593,4.322864,79.999979
34.769967,2317.8537,-0.19349026,0.49993613,0.11380199,4.3005423,79.999979
34.779967,2313.0907,-0.19368753,0.49900893,0.11417804,4.2782206,79.999979
34.789967,2311.0303,-0.19360171,0.49808172,0.1145541,4.2558988,79.999979
34.799967,2309.1232,-0.19396068,0.49715452,0.11493015,4.2335771,79.999979
34.809967,2302.0523,-0.19480542,0.49622732,0.1153062,4.2112554,79.999979
34.819967,2286.233,-0.19227772,0.49530012,0.11568226,4.1889337,79.999979
34.829967,2281.0019,-0.19334508,0.49437292,0.11605831,4.1666119,79.999979
34.839967,2277.1513,-0.19189542,0.49344572,0.11643437,4.1442902,79.999979
34.849967,2273.4938,-0.19190951,0.49251852,0.11681042,4.1219685,79.999979
34.859967,2271.5214,-0.19187434,0.49159132,0.11718648,4.0996467,79.999979
34.869967,2270.3007,-0.19201089,0.49066412,0.11756253,4.077325,79.999979
34.879967,2264.5998,-0.19178225,0.48973692,0.11793859,4.0550033,79.999979
34.889967,2251.1061,-0.19296877,0.48982565,0.11775773,4.0584712,79.999979
34.899967,2246.7991,-0.19060873,0.49023594,0.1174006,4.0752564,79.999979
34.909967,2242.5433,-0.19199633,0.49064623,0.11704347,4.0920415,79.999979
34.919967,2242.4419,-0.19197357,0.49105652,0.11668634,4.1088267,79.999979
34.929967,2240.2491,-0.1919854,0.49146681,0.11632921,4.1256118,79.999979
34.939967,2230.7434,-0.19117794,0.4918771,0.11597208,4.1423969,79.999979
34.949967,2219.36,-0.19200915,0.49228739,0.11561495,4.1591821,79.999979
34.959967,2215.2392,-0.19069623,0.49269769,0.11525781,4.1759672,79.999979
34.969967,2209.1472,-0.19040717,0.49310798,0.11490068,4.1927524,79.999979
34.979967,2204.1534,-0.19117209,0.49351827,0.11454355,4.2095375,79.999979
34.989967,2204.1511,-0.19070752,0.49392856,0.11418642,4.2263226,79.999979
34.999967,2202.0814,-0.19090311,0.49433885,0.11382929,4.2431078,79.999979
35.009967,2197.0828,-0.18986121,0.49474914,0.11347216,4.2598929,79.999979
35.019967,2185.5144,-0.18948383,0.49515943,0.11311503,4.2766781,79.999979
35.029967,2178.8549,-0.19017529,0.49556972,0.1127579,4.2934632,79.999979
35.039967,2178.5898,-0.19046454,0.49627903,0.11242047,4.311634,79.999979
35.049967,2174.9378,-0.18907229,0.49735969,0.11212042,4.3340667,79.999979
35.059967,2173.948,-0.18884687,0.49844034,0.11182038,4.3564994,79.999979
35.069967,2171.713,-0.19018187,0.499521,0.11152033,4.378932,79.999979
35.079967,2171.6547,-0.1899854,0.50060165,0.11122029,4.4013647,79.999979
35.089967,2163.4179,-0.18867207,0.50168231,0.11092025,4.4237974,79.999979
35.099967,2153.2384,-0.18767541,0.50276296,0.1106202,4.4462301,79.999979
35.109967,2152.0173,-0.18821423,0.50384362,0.11032016,4.4686627,79.999979
35.119967,2151.3772,-0.18857972,0.50492427,0.11002012,4.4910954,79.999979
35.129966,2140.1955,-0.18827253,0.50600493,0.10972007,4.5135281,79.999979
35.139966,2127.7041,-0.1882572,0.50708558,0.10942003,4.5359607,79.999979
35.149966,2122.5919,-0.18757117,0.50816624,0.10911999,4.5583934,79.999979
35.159966,2116.8919,-0.18705758,0.50924689,0.10881994,4.5808261,79.999979
35.169966,2115.3496,-0.18725099,0.51032755,0.1085199,4.6032588,79.999979
35.179966,2115.3496,-0.18724943,0.5114082,0.10821985,4.6256914,79.999979
35.189966,2102.7573,-0.18730508,0.51248886,0.10791981,4.6481241,79.999979
35.199966,2091.3939,-0.18706898,0.51356951,0.10761977,4.6705568,79.999979
35.209966,2084.5176,-0.18671043,0.51297294,0.10774234,4.6628805,79.999979
35.219966,2076.4764,-0.18591583,0.51209659,0.10796784,4.6452985,79.999979
35.229966,2073.5079,-0.18559826,0.51122025,0.10819334,4.6277166,79.999979
35.239966,2071.1927,-0.18556685,0.51034391,0.10841885,4.6101347,79.999979
35.249966,2068.9169,-0.18614841,0.50946756,0.10864435,4.5925527,79.999979
35.259966,2063.3085,-0.18512024,0.50859122,0.10886985,4.5749708,79.999979
35.269966,2045.3027,-0.18604397,0.50771488,0.10909536,4.5573889,79.999979
35.279966,2038.0509,-0.18529117,0.50683853,0.10932086,4.5398069,79.999979
35.289966,2033.0411,-0.18493093,0.50596219,0.10954636,4.522225,79.999979
35.299966,2031.1373,-0.18450289,0.50508585,0.10977187,4.5046431,79.999979
35.309966,2028.5176,-0.18392082,0.5042095,0.10999737,4.4870611,79.999979
35.319966,2017.4208,-0.18421246,0.50333316,0.11022287,4.4694792,79.999979
35.329966,2001.6247,-0.18377576,0.50245682,0.11044838,4.4518972,79.999979
35.339966,1995.4554,-0.1851342,0.50158047,0.11067388,4.4343153,79.999979
35.349966,1991.1079,-0.18312735,0.50070413,0.11089938,4.4167334,79.999979
35.359966,1989.257,-0.18363671,0.49982779,0.11112489,4.3991514,79.999979
35.369966,1987.4062,-0.18382501,0.49895144,0.11135039,4.3815695,79.999979
35.379966,1977.4562,-0.18367405,0.49813303,0.11157823,4.3644302,79.999979
35.389966,1961.315,-0.18243114,0.49947376,0.11189324,4.3637856,79.999979
35.399966,1952.0839,-0.18276131,0.50081448,0.11220825,4.3631411,79.999979
35.409966,1946.007,-0.18223665,0.50215521,0.11252326,4.3624965,79.999979
35.419966,1944.6875,-0.18237518,0.50349593,0.11283827,4.361852,79.999979
35.429966,1943.7312,-0.18276409,0.50483665,0.11315328,4.3612074,79.999979
35.439966,1939.641,-0.18194014,0.50617738,0.11346829,4.3605629,79.999979
35.449966,1927.0831,-0.1808916,0.5075181,0.1137833,4.3599183,79.999979
35.459966,1918.3044,-0.18178945,0.50885883,0.11409831,4.3592738,79.999979
35.469966,1913.4026,-0.18097938,0.51019955,0.11441332,4.3586293,79.999979
35.479966,1910.611,-0.18033642,0.51154027,0.11472833,4.3579847,79.999979
35.489966,1910.6745,-0.18071263,0.512881,0.11504334,4.3573402,79.999979
35.499966,1908.4399,-0.18148895,0.51422172,0.11535835,4.3566956,79.999979
35.509966,1897.5224,-0.18036108,0.51556245,0.11567336,4.3560511,79.999979
35.519966,1891.8505,-0.18046572,0.51666292,0.11598837,4.3554065,79.999979
35.529966,1888.5301,-0.17992876,0.51520688,0.11573011,4.3531335,79.999979
35.539966,1886.3755,-0.17956167,0.51375083,0.1154633,4.3506508,79.999979
35.549966,1886.6574,-0.17963438,0.51229478,0.11519649,4.3481681,79.999979
35.559966,1886.3098,-0.17987275,0.51083874,0.11492968,4.3456854,79.999979
35.569966,1880.6434,-0.17958967,0.50938269,0.11466287,4.3432027,79.999979
35.579966,1869.3212,-0.17938926,0.50792665,0.11439606,4.3407199,79.999979
35.589966,1866.4427,-0.17920188,0.5064706,0.11412925,4.3382372,79.999979
35.599966,1863.5829,-0.17851344,0.50501456,0.11386244,4.3357545,79.999979
35.609966,1863.8047,-0.17803277,0.50355851,0.11359563,4.3332718,79.999979
35.619966,1863.528,-0.17767017,0.50210246,0.11332882,4.3307891,79.999979
35.629966,1858.0645,-0.17901036,0.50064642,0.11306201,4.3283064,79.999979
35.639966,1849.3903,-0.17829721,0.49919037,0.1127952,4.3258237,79.999979
35.649966,1843.7192,-0.1783056,0.49773433,0.11252839,4.3233409,79.999979
35.659966,1841.7273,-0.17799042,0.49627828,0.11226158,4.3208582,79.999979
35.669966,1840.883,-0.17833151,0.49482223,0.11199477,4.3183755,79.999979
35.679966,1840.0386,-0.17866092,0.49336619,0.11172796,4.3158928,79.999979
35.689966,1835.4095,-0.17792112,0.49191014,0.11146115,4.3134101,79.999979
35.699966,1825.884,-0.17758665,0.49232713,0.11137418,4.3199255,79.999979
35.709966,1822.7086,-0.17783622,0.49318837,0.11132986,4.329347,79.999979
35.719966,1819.1134,-0.17702236,0.4940496,0.11128554,4.3387685,79.999979
35.729966,1819.6297,-0.17711322,0.49491084,0.11124122,4.3481899,79.999979
35.739966,1819.8409,-0.17767051,0.49577208,0.1111969,4.3576114,79.999979
35.749966,1813.0469,-0.17696798,0.49663332,0.11115258,4.3670328,79.999979
35.759966,1804.7605,-0.17719847,0.49749455,0.11110826,4.3764543,79.999979
35.769966,1801.2012,-0.17723683,0.49835579,0.11106394,4.3858758,79.999979
35.779966,1796.522,-0.1786096,0.49921703,0.11101962,4.3952972,79.999979
35.789966,1797.0971,-0.17803328,0.50007827,0.1109753,4.4047187,79.999979
35.799966,1795.9272,-0.17769197,0.5009395,0.11093098,4.4141402,79.999979
35.809966,1793.41,-0.17661775,0.50180074,0.11088666,4.4235616,79.999979
35.819966,1783.7196,-0.1757649,0.50266198,0.11084234,4.4329831,79.999979
35.829966,1779.3048,-0.17644186,0.50352322,0.11079802,4.4424046,79.999979
35.839966,1775.7627,-0.17573584,0.50436963,0.1107537,4.451826,79.999979
35.849966,1775.0007,-0.17660486,0.50488999,0.11089037,4.4528074,79.999979
35.859966,1773.1629,-0.17635745,0.50541035,0.11103878,4.4514357,79.999979
35.869966,1771.9377,-0.17657538,0.50593071,0.11118718,4.450064,79.999979
35.879966,1762.8823,-0.1759399,0.50645107,0.11133559,4.4486924,79.999979
35.889966,1759.7006,-0.17480121,0.50697143,0.111484,4.4473207,79.999979
35.899966,1754.4763,-0.17553091,0.5074918,0.11163241,4.445949,79.999979
35.909966,1753.7574,-0.17600219,0.50801216,0.11178082,4.4445773,79.999979
35.919966,1752.4965,-0.17586184,0.50853252,0.11192922,4.4432057,79.999979
35.929966,1751.0126,-0.17539578,0.50905288,0.11207763,4.441834,79.999979
35.939966,1745.0228,-0.17514348,0.50957324,0.11222604,4.4404623,79.999979
35.949966,1733.9036,-0.17525884,0.5100936,0.11237445,4.4390906,79.999979
35.959966,1729.3319,-0.17480693,0.51061396,0.11252286,4.437719,79.999979
35.969966,1725.8144,-0.17485417,0.51113432,0.11267126,4.4363473,79.999979
35.979966,1725.8144,-0.17443731,0.51165468,0.11281967,4.4349756,79.999979
35.989966,1725.1917,-0.17411083,0.51217504,0.11296808,4.433604,79.999979
35.999966,1716.4777,-0.17403945,0.51269541,0.11311649,4.4322323,79.999979
36.009966,1710.1535,-0.17377867,0.51229006,0.11324319,4.4247678,79.999979
36.019966,1705.3718,-0.17427428,0.5113758,0.11335494,4.4131085,79.999979
36.029966,1703.3346,-0.17448668,0.51046154,0.11346669,4.4014493,79.999979
36.039966,1700.2787,-0.17433633,0.50954727,0.11357845,4.3897901,79.999979
36.049966,1700.1251,-0.17460612,0.50863301,0.1136902,4.3781309,79.999979
36.059966,1694.6365,-0.17325617,0.50771874,0.11380195,4.3664717,79.999979
36.069966,1686.604,-0.17423382,0.50680448,0.11391371,4.3548125,79.999979
36.079966,1683.5983,-0.1733575,0.50589021,0.11402546,4.3431532,79.999979
36.089966,1681.2779,-0.17327332,0.50497595,0.11413721,4.331494,79.999979
36.099966,1677.6479,-0.173151,0.50406168,0.11424897,4.3198348,79.999979
36.109966,1675.8041,-0.17332516,0.50314742,0.11436072,4.3081756,79.999979
36.119966,1675.8594,-0.17352171,0.50223315,0.11447247,4.2965164,79.999979
36.129966,1675.6892,-0.17345366,0.50131889,0.11458423,4.2848571,79.999979
36.139966,1670.48,-0.17301828,0.50040462,0.11469598,4.2731979,79.999979
36.149966,1659.8942,-0.17329437,0.49949036,0.11480773,4.2615387,79.999979
36.159966,1656.8966,-0.17248024,0.49857609,0.11491948,4.2498795,79.999979
36.169966,1654.8092,-0.17200149,0.49812525,0.11495673,4.2382203,79.999979
36.179965,1654.9638,-0.17206214,0.4988088,0.11467641,4.2338865,79.999979
36.189965,1652.4045,-0.17212279,0.49949234,0.1143961,4.2521331,79.999979
36.199965,1648.9776,-0.17218698,0.50017588,0.11411578,4.2703798,79.999979
36.209965,1641.4608,-0.17169793,0.50085943,0.11383546,4.2886264,79.999979
36.219965,1636.6428,-0.17151118,0.50154297,0.11355515,4.306873,79.999979
36.229965,1632.9441,-0.17111493,0.50222651,0.11327483,4.3251196,79.999979
36.239965,1631.5649,-0.17105701,0.50291006,0.11299452,4.3433662,79.999979
36.249965,1631.5698,-0.17171093,0.5035936,0.1127142,4.3616128,79.999979
36.259965,1630.3592,-0.17166309,0.50427714,0.11243388,4.3798594,79.999979
36.269965,1622.8048,-0.17132836,0.50496069,0.11215357,4.398106,79.999979
36.279965,1617.6769,-0.17104435,0.50564423,0.11187325,4.4163526,79.999979
36.289965,1614.4103,-0.17136515,0.50632777,0.11159294,4.4345993,79.999979
36.299965,1611.9272,-0.17167551,0.50701132,0.11131262,4.4528459,79.999979
36.309965,1611.5366,-0.17148283,0.50769486,0.1110323,4.4710925,79.999979
36.319965,1610.5805,-0.17116404,0.5083784,0.11075199,4.4893391,79.999979
36.329965,1604.2488,-0.1706492,0.50906195,0.11047167,4.5075857,79.999979
36.339965,1596.9837,-0.1715254,0.50916641,0.11068538,4.5013137,79.999979
36.349965,1595.5501,-0.17027362,0.50895135,0.11124109,4.4780682,79.999979
36.359965,1591.5691,-0.1704753,0.50873629,0.1117968,4.4548227,79.999979
36.369965,1590.7553,-0.16960331,0.50852122,0.11235251,4.4315772,79.999979
36.379965,1589.4374,-0.16969331,0.50830616,0.11290822,4.4083317,79.999979
36.389965,1584.3748,-0.16909725,0.5080911,0.11346393,4.3850862,79.999979
36.399965,1574.9091,-0.17027796,0.50787604,0.11401964,4.3618407,79.999979
36.409965,1568.7397,-0.16934091,0.50766098,0.11457535,4.3385952,79.999979
36.419965,1564.7799,-0.16917936,0.50744591,0.11513106,4.3153497,79.999979
36.429965,1564.6129,-0.16918137,0.50723085,0.11568677,4.2921042,79.999979
36.439965,1564.446,-0.16918337,0.50701579,0.11624248,4.2688587,79.999979
36.449965,1559.1938,-0.16989939,0.50680073,0.11679819,4.2456132,79.999979
36.459965,1548.5348,-0.16866602,0.50658567,0.1173539,4.2223677,79.999979
36.469965,1541.9015,-0.16901384,0.5063706,0.11790961,4.1991222,79.999979
36.479965,1536.4399,-0.16986364,0.50615554,0.11846531,4.1758767,79.999979
36.489965,1531.7303,-0.16942321,0.50590053,0.1188939,4.1540693,79.999979
36.499965,1531.1905,-0.1683416,0.50552787,0.1182108,4.1776555,79.999979
36.509965,1529.2553,-0.16828653,0.50515522,0.11752771,4.2012418,79.999979
36.519965,1526.9236,-0.1684779,0.50478256,0.11684461,4.224828,79.999979
36.529965,1523.7616,-0.16776737,0.50440991,0.11616151,4.2484143,79.999979
36.539965,1512.4091,-0.16817891,0.50403725,0.11547841,4.2720005,79.999979
36.549965,1509.543,-0.16808856,0.5036646,0.11479531,4.2955868,79.999979
36.559965,1510.4851,-0.16791966,0.50329194,0.11411221,4.319173,79.999979
36.569965,1507.8785,-0.16827262,0.50291929,0.11342911,4.3427593,79.999979
36.579965,1507.5092,-0.16862558,0.50254663,0.11274602,4.3663455,79.999979
36.589965,1505.4113,-0.16810262,0.50217398,0.11206292,4.3899318,79.999979
36.599965,1492.9269,-0.16759287,0.50180132,0.11137982,4.413518,79.999979
36.609965,1488.6992,-0.16670286,0.50142867,0.11069672,4.4371043,79.999979
36.619965,1484.4242,-0.16694767,0.50105601,0.11001362,4.4606905,79.999979
36.629965,1483.468,-0.16700564,0.50068336,0.10933052,4.4842767,79.999979
36.639965,1483.468,-0.16753076,0.5003107,0.10864742,4.507863,79.999979
36.649965,1481.4469,-0.16802126,0.49993804,0.10796432,4.5314492,79.999979
36.659965,1472.5118,-0.16637132,0.49966562,0.10743798,4.5520326,79.999979
36.669965,1464.1503,-0.1674011,0.5001302,0.10806435,4.5310026,79.999979
36.679965,1461.885,-0.16665951,0.50059478,0.10869072,4.5099726,79.999979
36.689965,1461.8944,-0.1669254,0.50105936,0.10931708,4.4889426,79.999979
36.699965,1462.29,-0.16656547,0.50152394,0.10994345,4.4679126,79.999979
36.709965,1452.7597,-0.16585926,0.50198853,0.11056981,4.4468827,79.999979
36.719965,1443.946,-0.16699327,0.50245311,0.11119618,4.4258527,79.999979
36.729965,1440.3318,-0.16587895,0.50291769,0.11182255,4.4048227,79.999979
36.739965,1437.0069,-0.16658474,0.50338227,0.11244891,4.3837927,79.999979
36.749965,1433.8167,-0.16553651,0.50384685,0.11307528,4.3627627,79.999979
36.759965,1431.5951,-0.1657497,0.50431144,0.11370165,4.3417328,79.999979
36.769965,1430.1409,-0.16637881,0.50477602,0.11432801,4.3207028,79.999979
36.779965,1421.2048,-0.16536361,0.5052406,0.11495438,4.2996728,79.999979
36.789965,1414.1144,-0.16509715,0.50570518,0.11558075,4.2786428,79.999979
36.799965,1411.0724,-0.16482666,0.50616976,0.11620711,4.2576128,79.999979
36.809965,1406.3267,-0.16465167,0.50622434,0.11683348,4.2365829,79.999979
36.819965,1405.3859,-0.16424276,0.50531207,0.11697545,4.225099,79.999979
36.829965,1404.649,-0.16387115,0.50439981,0.11682153,4.2226024,79.999979
36.839965,1398.3285,-0.16387007,0.50348754,0.11666762,4.2201058,79.999979
36.849965,1391.9003,-0.16396349,0.50257528,0.1165137,4.2176092,79.999979
36.859965,1384.9752,-0.16448884,0.50166301,0.11635979,4.2151126,79.999979
36.869965,1383.1474,-0.16435879,0.50075074,0.11620587,4.212616,79.999979
36.879965,1380.9045,-0.16442875,0.49983848,0.11605196,4.2101193,79.999979
36.889965,1380.4832,-0.16458129,0.49892621,0.11589804,4.2076227,79.999979
36.899965,1368.3174,-0.1642234,0.49801394,0.11574413,4.2051261,79.999979
36.909965,1358.4816,-0.16358902,0.49710168,0.11559021,4.2026295,79.999979
36.919965,1355.0453,-0.16321957,0.49618941,0.1154363,4.2001329,79.999979
36.929965,1349.4053,-0.16241264,0.49527714,0.11528238,4.1976363,79.999979
36.939965,1347.7457,-0.16380753,0.49436488,0.11512846,4.1951396,79.999979
36.949965,1347.7457,-0.16380753,0.49345261,0.11497455,4.192643,79.999979
36.959965,1346.0319,-0.16344584,0.49254035,0.11482063,4.1901464,79.999979
36.969965,1335.4858,-0.1632322,0.49191083,0.11472271,4.1878204,79.999979
36.979965,1331.2422,-0.16230083,0.49279081,0.11492374,4.1879496,79.999979
36.989965,1328.1484,-0.16240882,0.4936708,0.11512476,4.1880787,79.999979
36.999965,1325.7796,-0.16308092,0.49455078,0.11532578,4.1882079,79.999979
37.009965,1325.9357,-0.1629287,0.49543076,0.11552681,4.1883371,79.999979
37.019965,1326.4735,-0.16269756,0.49631075,0.11572783,4.1884662,79.999979
37.029965,1322.4963,-0.16298427,0.49719073,0.11592885,4.1885954,79.999979
37.039965,1312.3903,-0.16199237,0.49807072,0.11612988,4.1887245,79.999979
37.049965,1307.1213,-0.16263001,0.4989507,0.1163309,4.1888537,79.999979
37.059965,1301.3963,-0.16212052,0.49983068,0.11653193,4.1889829,79.999979
37.069965,1298.9064,-0.16168702,0.50071067,0.11673295,4.189112,79.999979
37.079965,1298.2418,-0.16171756,0.50159065,0.11693397,4.1892412,79.999979
37.089965,1297.1651,-0.16182855,0.50247064,0.117135,4.1893704,79.999979
37.099965,1292.7179,-0.16080271,0.50335062,0.11733602,4.1894995,79.999979
37.109965,1284.0032,-0.16152326,0.5042306,0.11753704,4.1896287,79.999979
37.119965,1284.6029,-0.1617746,0.50511059,0.11773807,4.1897579,79.999979
37.129965,1285.2026,-0.16158153,0.50599057,0.11793909,4.189887,79.999979
37.139965,1281.3667,-0.16040337,0.50687056,0.11814011,4.1900162,79.999979
37.149965,1274.3409,-0.16106922,0.50739652,0.11826582,4.1904823,79.999979
37.159965,1266.1901,-0.16161639,0.50698137,0.11812384,4.1921463,79.999979
37.169965,1263.3551,-0.16009545,0.50656623,0.11798185,4.1938103,79.999979
37.179965,1259.9893,-0.1603291,0.50615108,0.11783986,4.1954742,79.999979
37.189965,1257.7292,-0.1599437,0.50573593,0.11769787,4.1971382,79.999979
37.199965,1251.9543,-0.16050158,0.50532078,0.11755588,4.1988021,79.999979
37.209965,1249.4487,-0.16104229,0.50490564,0.11741389,4.2004661,79.999979
37.219965,1249.3114,-0.1608662,0.50449049,0.1172719,4.20213,79.999979
37.229964,1247.0277,-0.1607622,0.50407534,0.11712991,4.203794,79.999979
37.239964,1236.435,-0.16039742,0.5036602,0.11698792,4.2054579,79.999979
37.249964,1234.4672,-0.15981377,0.50324505,0.11684593,4.2071219,79.999979
37.259964,1235.5637,-0.15945997,0.5028299,0.11670394,4.2087859,79.999979
37.269964,1232.6761,-0.15964883,0.50241475,0.11656195,4.2104498,79.999979
37.279964,1224.4007,-0.16024169,0.50199961,0.11641996,4.2121138,79.999979
37.289964,1219.9992,-0.15947919,0.50158446,0.11627798,4.2137777,79.999979
37.299964,1215.7243,-0.15920744,0.50216051,0.11623874,4.2178511,79.999979
37.309964,1213.084,-0.15861031,0.50325996,0.11628377,4.2256671,79.999979
37.319964,1213.7563,-0.15908899,0.5043594,0.1163288,4.2334831,79.999979
37.329964,1213.6755,-0.15900583,0.50545884,0.11637382,4.241299,79.999979
37.339964,1205.03,-0.15879969,0.50655829,0.11641885,4.249115,79.999979
37.349964,1197.1976,-0.15873656,0.50765773,0.11646388,4.256931,79.999979
37.359964,1194.3293,-0.15979722,0.50875717,0.11650891,4.2647469,79.999979
37.369964,1192.111,-0.15890385,0.50985661,0.11655394,4.2725629,79.999979
37.379964,1192.3453,-0.15918411,0.51095606,0.11659896,4.2803789,79.999979
37.389964,1191.3711,-0.15918858,0.5120555,0.11664399,4.2881949,79.999979
37.399964,1183.2485,-0.15893843,0.51315494,0.11668902,4.2960108,79.999979
37.409964,1175.8901,-0.15807605,0.51425438,0.11673405,4.3038268,79.999979
37.419964,1170.4822,-0.15877269,0.51535383,0.11677908,4.3116428,79.999979
37.429964,1167.945,-0.15805261,0.51645327,0.11682411,4.3194587,79.999979
37.439964,1166.9749,-0.15799457,0.51755271,0.11686913,4.3272747,79.999979
37.449964,1165.962,-0.15756292,0.51865216,0.11691416,4.3350907,79.999979
37.459964,1155.5321,-0.15778635,0.5197516,0.11695919,4.3429066,79.999979
37.469964,1155.2129,-0.15756696,0.5182358,0.11675995,4.3400455,79.999979
37.479964,1149.2069,-0.15738625,0.5164427,0.11650128,4.3345868,79.999979
37.489964,1146.5875,-0.15739976,0.5146496,0.11624261,4.3291282,79.999979
37.499964,1146.4553,-0.15712922,0.5128565,0.11598394,4.3236696,79.999979
37.509964,1144.8133,-0.15678418,0.5110634,0.11572527,4.3182109,79.999979
37.519964,1140.8991,-0.15685161,0.5092703,0.1154666,4.3127523,79.999979
37.529964,1133.2032,-0.15634139,0.5074772,0.11520794,4.3072937,79.999979
37.539964,1127.3429,-0.15778088,0.5056841,0.11494927,4.301835,79.999979
37.549964,1125.1658,-0.15652278,0.50389101,0.1146906,4.2963764,79.999979
37.559964,1123.1957,-0.15626282,0.50209791,0.11443193,4.2909178,79.999979
37.569964,1121.7719,-0.1564107,0.50030481,0.11417326,4.2854591,79.999979
37.579964,1121.0644,-0.15720157,0.49851171,0.11391459,4.2800005,79.999979
37.589964,1109.871,-0.15649027,0.49671861,0.11365592,4.2745419,79.999979
37.599964,1106.9019,-0.15584672,0.49492551,0.11339726,4.2690833,79.999979
37.609964,1101.666,-0.15597907,0.49313241,0.11313859,4.2636246,79.999979
37.619964,1099.8186,-0.15631402,0.49229563,0.11308189,4.258166,79.999979
37.629964,1099.7938,-0.15664897,0.49193308,0.11317843,4.2512172,79.999979
37.639964,1100.9798,-0.15688341,0.49157053,0.11327497,4.2441339,79.999979
37.649964,1094.4153,-0.15483668,0.49120798,0.1133715,4.2370506,79.999979
37.659964,1085.744,-0.15512106,0.49084543,0.11346804,4.2299674,79.999979
37.669964,1081.4525,-0.15434171,0.49048288,0.11356458,4.2228841,79.999979
37.679964,1078.602,-0.15515424,0.49012033,0.11366111,4.2158008,79.999979
37.689964,1078.5338,-0.15511623,0.48975778,0.11375765,4.2087175,79.999979
37.699964,1077.9099,-0.15475751,0.48939523,0.11385419,4.2016342,79.999979
37.709964,1070.8356,-0.15417582,0.48903268,0.11395072,4.1945509,79.999979
37.719964,1062.8288,-0.15444221,0.48867013,0.11404726,4.1874676,79.999979
37.729964,1060.255,-0.15298831,0.48830758,0.1141438,4.1803843,79.999979
37.739964,1058.2459,-0.15388417,0.48794503,0.11424033,4.173301,79.999979
37.749964,1056.6927,-0.15352459,0.48758248,0.11433687,4.1662177,79.999979
37.759964,1056.8269,-0.15323676,0.48721993,0.11443341,4.1591344,79.999979
37.769964,1047.5402,-0.15354271,0.48685738,0.11452994,4.1520512,79.999979
37.779964,1041.9878,-0.15366179,0.48705572,0.11455921,4.1508963,79.999979
37.789964,1039.2046,-0.15381396,0.48741383,0.11455656,4.1540698,79.999979
37.799964,1034.2234,-0.15376163,0.48777194,0.11455392,4.1572432,79.999979
37.809964,1034.6387,-0.15380416,0.48813006,0.11455128,4.1604167,79.999979
37.819964,1035.2773,-0.15387765,0.48848817,0.11454863,4.1635902,79.999979
37.829964,1031.4441,-0.15327691,0.48884628,0.11454599,4.1667637,79.999979
37.839964,1024.0401,-0.15253085,0.4892044,0.11454334,4.1699372,79.999979
37.849964,1018.604,-0.15283664,0.48956251,0.1145407,4.1731106,79.999979
37.859964,1011.4874,-0.15321107,0.48992062,0.11453806,4.1762841,79.999979
37.869964,1011.6835,-0.15202388,0.49027874,0.11453541,4.1794576,79.999979
37.879964,1010.2463,-0.15235486,0.49063685,0.11453277,4.1826311,79.999979
37.889964,1008.678,-0.15208632,0.49099496,0.11453013,4.1858046,79.999979
37.899964,998.58446,-0.15293979,0.49135307,0.11452748,4.1889781,79.999979
37.909964,995.775,-0.15257824,0.49171119,0.11452484,4.1921515,79.999979
37.919964,988.60441,-0.15212775,0.4920693,0.11452219,4.195325,79.999979
37.929964,986.2419,-0.15209371,0.49242741,0.11451955,4.1984985,79.999979
37.939964,985.03842,-0.15232946,0.49278553,0.11451691,4.201672,79.999979
37.949964,983.46952,-0.1519736,0.49302819,0.11451426,4.2048455,79.999979
37.959964,978.06539,-0.15165965,0.49300221,0.11449504,4.2059262,79.999979
37.969964,972.04277,-0.15164136,0.49297623,0.114474,4.2064859,79.999979
37.979964,966.02128,-0.15073232,0.49295025,0.11445295,4.2070456,79.999979
37.989964,965.5572,-0.15116698,0.49292427,0.11443191,4.2076053,79.999979
37.999964,961.7861,-0.15105362,0.49289829,0.11441086,4.208165,79.999979
38.009964,960.70083,-0.15124357,0.49287232,0.11438982,4.2087248,79.999979
38.019964,953.31233,-0.15088582,0.49284634,0.11436877,4.2092845,79.999979
38.029964,943.92143,-0.1512484,0.49282036,0.11434773,4.2098442,79.999979
38.039964,941.83021,-0.14964192,0.49279438,0.11432668,4.2104039,79.999979
38.049964,939.20558,-0.15063057,0.4927684,0.11430563,4.2109636,79.999979
38.059964,938.56195,-0.15069319,0.49274242,0.11428459,4.2115234,79.999979
38.069964,937.06115,-0.15075581,0.49271644,0.11426354,4.2120831,79.999979
38.079964,932.58811,-0.14978724,0.49269046,0.1142425,4.2126428,79.999979
38.089964,922.6342,-0.14947124,0.49266448,0.11422145,4.2132025,79.999979
38.099964,918.61957,-0.15027372,0.49256948,0.11413171,4.2153895,79.999979
38.109964,916.17866,-0.14952766,0.49241064,0.11394243,4.2213311,79.999979
38.119964,911.81112,-0.14926857,0.49225181,0.11375316,4.2272726,79.999979
38.129964,911.4322,-0.14949082,0.49209298,0.11356389,4.2332142,79.999979
38.139964,909.76001,-0.14953259,0.49193415,0.11337462,4.2391558,79.999979
38.149964,905.36941,-0.1494175,0.49177532,0.11318534,4.2450973,79.999979
38.159964,896.09575,-0.14904437,0.49161648,0.11299607,4.2510389,79.999979
38.169964,894.47344,-0.14842609,0.49145765,0.1128068,4.2569804,79.999979
38.179964,894.42653,-0.14866457,0.49129882,0.11261752,4.262922,79.999979
38.189964,892.9094,-0.14899664,0.49113999,0.11242825,4.2688636,79.999979
38.199964,891.39226,-0.14932871,0.49098115,0.11223898,4.2748051,79.999979
38.209964,883.80618,-0.14895986,0.49082232,0.11204971,4.2807467,79.999979
38.219964,879.65464,-0.14850365,0.49066349,0.11186043,4.2866882,79.999979
38.229964,874.5882,-0.14846668,0.49050466,0.11167116,4.2926298,79.999979
38.239964,873.03493,-0.14846942,0.49034582,0.11148189,4.2985714,79.999979
38.249964,872.41334,-0.1482918,0.49018699,0.11129261,4.3045129,79.999979
38.259964,871.09583,-0.14853023,0.49002816,0.11110334,4.3104545,79.999979
38.269964,863.8597,-0.1484752,0.49008773,0.11094371,4.3164169,79.999979
38.279963,859.48244,-0.14863696,0.49145894,0.11108574,4.3229412,79.999979
38.289963,854.61146,-0.14798999,0.49283016,0.11122778,4.3294654,79.999979
38.299963,852.60207,-0.14842521,0.49420138,0.11136982,4.3359896,79.999979
38.309963,849.7924,-0.14724784,0.49557259,0.11151185,4.3425139,79.999979
38.319963,850.70248,-0.1473666,0.49694381,0.11165389,4.3490381,79.999979
38.329963,847.04197,-0.1478606,0.49831502,0.11179593,4.3555623,79.999979
38.339963,845.70449,-0.14782763,0.49968624,0.11193796,4.3620865,79.999979
38.349963,842.27354,-0.14772577,0.50105745,0.11208,4.3686108,79.999979
38.359963,837.83174,-0.14662931,0.50242867,0.11222204,4.375135,79.999979
38.369963,837.83174,-0.14660255,0.50379989,0.11236407,4.3816592,79.999979
38.379963,837.36073,-0.14632765,0.5051711,0.11250611,4.3881834,79.999979
38.389963,832.80856,-0.14747052,0.50654232,0.11264815,4.3947077,79.999979
38.399963,825.39633,-0.14716938,0.50791353,0.11279019,4.4012319,79.999979
38.409963,820.49561,-0.14736008,0.50928475,0.11293222,4.4077561,79.999979
38.419963,818.32916,-0.14653424,0.51002944,0.11301049,4.4138331,79.999979
38.429963,815.64639,-0.14611307,0.5091456,0.11279393,4.4146393,79.999979
38.439963,812.30243,-0.14606727,0.50826176,0.11257737,4.4154456,79.999979
38.449963,812.94715,-0.14580841,0.50737792,0.1123608,4.4162519,79.999979
38.459963,811.00321,-0.14599755,0.50649408,0.11214424,4.4170582,79.999979
38.469963,808.36863,-0.14595338,0.50561023,0.11192768,4.4178645,79.999979
38.479963,803.94474,-0.1463171,0.50472639,0.11171112,4.4186707,79.999979
38.489963,801.9464,-0.14576873,0.50384255,0.11149456,4.419477,79.999979
38.499963,801.89942,-0.14556863,0.50295871,0.111278,4.4202833,79.999979
38.509963,802.06116,-0.14471029,0.50207487,0.11106144,4.4210896,79.999979
38.519963,793.56667,-0.144942,0.50119102,0.11084488,4.4218959,79.999979
38.529963,790.59451,-0.14614763,0.50030718,0.11062832,4.4227021,79.999979
38.539963,787.72408,-0.14493424,0.49942334,0.11041176,4.4235084,79.999979
38.549963,785.78121,-0.14584764,0.4985395,0.1101952,4.4243147,79.999979
38.559963,786.04344,-0.14570883,0.49765566,0.10997863,4.425121,79.999979
38.569963,784.69509,-0.14520349,0.49677182,0.10976207,4.4259272,79.999979
38.579963,781.92956,-0.14474595,0.49588797,0.10954551,4.4267335,79.999979
38.589963,773.28553,-0.14436077,0.49544078,0.10956458,4.4230367,79.999979
38.599963,772.50978,-0.14556064,0.49535124,0.10977665,4.4138078,79.999979
38.609963,767.45891,-0.14475552,0.4952617,0.10998872,4.404579,79.999979
38.619963,767.34844,-0.14484611,0.49517216,0.11020079,4.3953501,79.999979
38.629963,765.86883,-0.14451314,0.49508262,0.11041286,4.3861212,79.999979
38.639963,764.39118,-0.14491442,0.49499308,0.11062493,4.3768923,79.999979
38.649963,760.44279,-0.14431317,0.49490354,0.110837,4.3676634,79.999979
38.659963,751.91275,-0.145393,0.494814,0.11104907,4.3584345,79.999979
38.669963,749.07853,-0.1444233,0.49472446,0.11126114,4.3492056,79.999979
38.679963,749.18511,-0.14504573,0.49463492,0.11147321,4.3399767,79.999979
38.689963,747.81522,-0.145079,0.49454538,0.11168528,4.3307478,79.999979
38.699963,742.64602,-0.14415755,0.49445584,0.11189735,4.3215189,79.999979
38.709963,733.33392,-0.14397958,0.4943663,0.11210941,4.31229,79.999979
38.719963,730.06137,-0.14429432,0.49427676,0.11232148,4.3030611,79.999979
38.729963,723.80917,-0.14357331,0.49418722,0.11253355,4.2938322,79.999979
38.739963,721.05477,-0.14338061,0.49409768,0.11274562,4.2846033,79.999979
38.749963,720.59516,-0.14308,0.49463219,0.11295769,4.2753744,79.999979
38.759963,719.26721,-0.1427794,0.4957883,0.11316698,4.2691212,79.999979
38.769963,711.13268,-0.14372455,0.4969444,0.11337093,4.2721221,79.999979
38.779963,705.91921,-0.14224185,0.4981005,0.11357489,4.2751231,79.999979
38.789963,699.36814,-0.14347737,0.4992566,0.11377884,4.278124,79.999979
38.799963,695.7121,-0.14253655,0.5004127,0.11398279,4.281125,79.999979
38.809963,694.65626,-0.14312232,0.50156881,0.11418675,4.2841259,79.999979
38.819963,693.78333,-0.14312232,0.50272491,0.1143907,4.2871269,79.999979
38.829963,693.49142,-0.1413196,0.50388101,0.11459465,4.2901279,79.999979
38.839963,682.59347,-0.1423299,0.50503711,0.11479861,4.2931288,79.999979
38.849963,673.74288,-0.14131781,0.50619321,0.11500256,4.2961298,79.999979
38.859963,671.84938,-0.14277588,0.50734932,0.11520651,4.2991307,79.999979
38.869963,668.85324,-0.1420712,0.50850542,0.11541047,4.3021317,79.999979
38.879963,668.22161,-0.14182693,0.50966152,0.11561442,4.3051326,79.999979
38.889963,666.27892,-0.14182187,0.51081762,0.11581837,4.3081336,79.999979
38.899963,655.85162,-0.14119566,0.51197372,0.11602233,4.3111346,79.999979
38.909963,649.50537,-0.14159735,0.51137865,0.11590114,4.3126778,79.999979
38.919963,646.23108,-0.14108252,0.51066161,0.11571565,4.3135485,79.999979
38.929963,645.00543,-0.1411205,0.50994457,0.11553016,4.3144191,79.999979
38.939963,643.98738,-0.14157122,0.50922753,0.11534467,4.3152898,79.999979
38.949963,644.63346,-0.14140992,0.5085105,0.11515919,4.3161605,79.999979
38.959963,636.35755,-0.14110828,0.50779346,0.1149737,4.3170311,79.999979
38.969963,629.43889,-0.14136641,0.50707642,0.11478821,4.3179018,79.999979
38.979963,629.02346,-0.14011309,0.50635938,0.11460272,4.3187725,79.999979
38.989963,625.09992,-0.14053391,0.50564234,0.11441723,4.3196431,79.999979
38.999963,625.63021,-0.14034892,0.5049253,0.11423175,4.3205138,79.999979
39.009963,626.22406,-0.1396938,0.50420826,0.11404626,4.3213845,79.999979
39.019963,615.47386,-0.13955642,0.50349123,0.11386077,4.3222551,79.999979
39.029963,611.6853,-0.14054099,0.50277419,0.11367528,4.3231258,79.999979
39.039963,611.43166,-0.13997994,0.50205715,0.1134898,4.3239965,79.999979
39.049963,607.9631,-0.14049823,0.50134011,0.11330431,4.3248671,79.999979
39.059963,607.52846,-0.14049823,0.50062307,0.11311882,4.3257378,79.999979
39.069963,608.59397,-0.13989121,0.49990603,0.11293333,4.3266085,79.999979
39.079963,603.84431,-0.13970095,0.49950218,0.11288307,4.3250359,79.999979
39.089963,597.41077,-0.13907023,0.49969062,0.11308853,4.3188428,79.999979
39.099963,596.83315,-0.1389476,0.49987906,0.113294,4.3126496,79.999979
39.109963,593.47996,-0.13948378,0.5000675,0.11349947,4.3064565,79.999979
39.119963,592.28712,-0.13992839,0.50025594,0.11370494,4.3002633,79.999979
39.129963,593.46965,-0.14012158,0.50044438,0.11391041,4.2940702,79.999979
39.139963,589.64127,-0.13983543,0.50063282,0.11411587,4.287877,79.999979
39.149963,582.99631,-0.13906904,0.50082126,0.11432134,4.2816839,79.999979
39.159963,580.38858,-0.1391756,0.5010097,0.11452681,4.2754907,79.999979
39.169963,575.24421,-0.13926674,0.50119814,0.11473228,4.2692976,79.999979
39.179963,575.30115,-0.13826035,0.50138658,0.11493775,4.2631044,79.999979
39.189963,575.13669,-0.1386537,0.50157502,0.11514322,4.2569113,79.999979
39.199963,573.33351,-0.1388301,0.50176346,0.11534868,4.2507181,79.999979
39.209963,567.27701,-0.13825109,0.5019519,0.11555415,4.244525,79.999979
39.219963,564.26293,-0.13793732,0.50214035,0.11575962,4.2383318,79.999979
39.229963,561.70015,-0.13813265,0.50181368,0.11574558,4.2357517,79.999979
39.239963,560.97724,-0.13732536,0.50105775,0.11545042,4.2404562,79.999979
39.249963,562.34526,-0.1372193,0.50030183,0.11515525,4.2451606,79.999979
39.259963,559.95983,-0.13751057,0.49954591,0.11486008,4.249865,79.999979
39.269963,554.51676,-0.13834816,0.49878998,0.11456491,4.2545695,79.999979
39.279963,550.62029,-0.13726586,0.49803406,0.11426975,4.2592739,79.999979
39.289963,548.24137,-0.13835851,0.49727814,0.11397458,4.2639784,79.999979
39.299963,547.67927,-0.13738531,0.49652221,0.11367941,4.2686828,79.999979
39.309963,547.79713,-0.13692406,0.49576629,0.11338424,4.2733872,79.999979
39.319963,547.45838,-0.13712019,0.49501037,0.11308908,4.2780917,79.999979
39.329962,542.21847,-0.13767052,0.49425444,0.11279391,4.2827961,79.999979
39.339962,535.9071,-0.13742035,0.49349852,0.11249874,4.2875006,79.999979
39.349962,534.66585,-0.13752376,0.49274259,0.11220357,4.292205,79.999979
39.359962,534.28144,-0.13664579,0.49198667,0.11190841,4.2969094,79.999979
39.369962,532.25368,-0.13671467,0.49123075,0.11161324,4.3016139,79.999979
39.379962,531.03988,-0.13689661,0.49047482,0.11131807,4.3063183,79.999979
39.389962,526.49492,-0.13756584,0.4897189,0.1110229,4.3110227,79.999979
39.399962,521.99924,-0.13659048,0.49036581,0.11136275,4.3041266,79.999979
39.409962,519.76008,-0.1373067,0.49143186,0.11189234,4.2937643,79.999979
39.419962,518.93039,-0.13678221,0.49249792,0.11242193,4.2834021,79.999979
39.429962,517.13401,-0.13633731,0.49356397,0.11295151,4.2730398,79.999979
39.439962,515.55967,-0.13633731,0.49463003,0.1134811,4.2626776,79.999979
39.449962,515.9696,-0.13686539,0.49569608,0.11401068,4.2523153,79.999979
39.459962,508.85547,-0.136286,0.49676214,0.11454027,4.2419531,79.999979
39.469962,507.12985,-0.13674992,0.49782819,0.11506985,4.2315908,79.999979
39.479962,506.57139,-0.13559132,0.49889425,0.11559944,4.2212286,79.999979
39.489962,503.57595,-0.13658532,0.49996031,0.11612903,4.2108664,79.999979
39.499962,502.89021,-0.13576306,0.50102636,0.11665861,4.2005041,79.999979
39.509962,502.35496,-0.13547544,0.50209242,0.1171882,4.1901419,79.999979
39.519962,497.29352,-0.13540693,0.50315847,0.11771778,4.1797796,79.999979
39.529962,492.1784,-0.13555631,0.50422453,0.11824737,4.1694174,79.999979
39.539962,489.65319,-0.13549656,0.50529058,0.11877695,4.1590551,79.999979
39.549962,488.36664,-0.13564917,0.50592488,0.1190224,4.1486929,79.999979
39.559962,487.79633,-0.13580178,0.5062445,0.1188758,4.1538394,79.999979
39.569962,489.47201,-0.13593303,0.50656412,0.1187292,4.1621892,79.999979
39.579962,483.8884,-0.13600623,0.50688374,0.11858259,4.170539,79.999979
39.589962,477.61423,-0.13517307,0.50720337,0.11843599,4.1788888,79.999979
39.599962,477.44278,-0.13517565,0.50752299,0.11828939,4.1872386,79.999979
39.609962,472.39298,-0.13515199,0.50784261,0.11814279,4.1955884,79.999979
39.619962,472.68937,-0.13565796,0.50816223,0.11799619,4.2039382,79.999979
39.629962,473.93625,-0.13630262,0.50848186,0.11784959,4.212288,79.999979
39.639962,470.14458,-0.13493326,0.50880148,0.11770299,4.2206377,79.999979
39.649962,462.56339,-0.13434016,0.5091211,0.11755639,4.2289875,79.999979
39.659962,461.65541,-0.13376176,0.50944072,0.11740979,4.2373373,79.999979
39.669962,455.60672,-0.13318457,0.50976034,0.11726319,4.2456871,79.999979
39.679962,453.9877,-0.13439973,0.51007997,0.11711659,4.2540369,79.999979
39.689962,452.09932,-0.13442704,0.51039959,0.11696999,4.2623867,79.999979
39.699962,453.54069,-0.13485944,0.51071921,0.11682339,4.2707365,79.999979
39.709962,452.84218,-0.13464091,0.51103883,0.11667679,4.2790863,79.999979
39.719962,446.13613,-0.13424214,0.51058346,0.11663751,4.2785733,79.999979
39.729962,439.9725,-0.13385068,0.50960928,0.11667007,4.2691515,79.999979
39.739962,438.54027,-0.13394119,0.5086351,0.11670264,4.2597297,79.999979
39.749962,435.9815,-0.13421514,0.50766092,0.1167352,4.2503078,79.999979
39.759962,437.13433,-0.13380716,0.50668674,0.11676776,4.240886,79.999979
39.769962,436.46353,-0.13363979,0.50571256,0.11680033,4.2314641,79.999979
39.779962,427.67204,-0.13305121,0.50473838,0.11683289,4.2220423,79.999979
39.789962,424.53574,-0.13321092,0.5037642,0.11686546,4.2126205,79.999979
39.799962,423.24453,-0.13430277,0.50279002,0.11689802,4.2031986,79.999979
39.809962,421.18525,-0.13351971,0.50181584,0.11693059,4.1937768,79.999979
39.819962,421.08654,-0.13363606,0.50084166,0.11696315,4.184355,79.999979
39.829962,421.90217,-0.13364175,0.49986748,0.11699572,4.1749331,79.999979
39.839962,417.82147,-0.13361591,0.4988933,0.11702828,4.1655113,79.999979
39.849962,410.10666,-0.13267653,0.49791912,0.11706085,4.1560894,79.999979
39.859962,406.66898,-0.13300627,0.49694493,0.11709341,4.1466676,79.999979
39.869962,405.79139,-0.13163003,0.49673181,0.11712471,4.1404464,79.999979
39.879962,407.14827,-0.13261134,0.49704647,0.11715469,4.1420617,79.999979
39.889962,406.44196,-0.13214967,0.49736114,0.11718467,4.143677,79.999979
39.899962,401.72544,-0.13195025,0.49767581,0.11721465,4.1452923,79.999979
39.909962,394.79061,-0.13269711,0.49799048,0.11724463,4.1469076,79.999979
39.919962,392.26012,-0.13263913,0.49830514,0.11727461,4.1485229,79.999979
39.929962,389.19217,-0.13176408,0.49861981,0.11730459,4.1501381,79.999979
39.939962,390.32866,-0.13244109,0.49893448,0.11733457,4.1517534,79.999979
39.949962,388.44302,-0.13245959,0.49924914,0.11736455,4.1533687,79.999979
39.959962,387.00659,-0.13164496,0.49956381,0.11739453,4.154984,79.999979
39.969962,379.88196,-0.13159364,0.49987848,0.11742451,4.1565993,79.999979
39.979962,379.75658,-0.13156287,0.50019314,0.11745449,4.1582146,79.999979
39.989962,373.71891,-0.13155187,0.50050781,0.11748447,4.1598299,79.999979
39.999962,375.13426,-0.13201621,0.50082248,0.11751445,4.1614452,79.999979
40.009962,376.00347,-0.13134935,0.50113714,0.11754443,4.1630604,79.999979
40.019962,370.06333,-0.13202971,0.50145181,0.11757441,4.1646757,79.999979
40.029962,364.72567,-0.13148658,0.50171591,0.11756946,4.1674427,79.999979
40.039962,360.38895,-0.1310074,0.50174885,0.11716204,4.1834774,79.999979
40.049962,359.38653,-0.1309261,0.5017818,0.11675462,4.1995121,79.999979
40.059962,357.35928,-0.13111209,0.50181474,0.1163472,4.2155467,79.999979
40.069962,357.64216,-0.13147051,0.50184768,0.11593978,4.2315814,79.999979
40.079962,357.64554,-0.13175691,0.50188062,0.11553236,4.2476161,79.999979
40.089962,353.15109,-0.13163617,0.50191356,0.11512494,4.2636508,79.999979
40.099962,345.30368,-0.12964767,0.50194651,0.11471752,4.2796855,79.999979
40.109962,343.96271,-0.13121159,0.50197945,0.1143101,4.2957202,79.999979
40.119962,342.58016,-0.13081612,0.50201239,0.11390268,4.3117548,79.999979
40.129962,342.73699,-0.13107381,0.50204533,0.11349526,4.3277895,79.999979
40.139962,343.33543,-0.13102652,0.50207827,0.11308784,4.3438242,79.999979
40.149962,339.47635,-0.12991226,0.50211121,0.11268042,4.3598589,79.999979
40.159962,330.88502,-0.12981497,0.50214416,0.112273,4.3758936,79.999979
40.169962,329.25669,-0.1306491,0.5021771,0.11186558,4.3919282,79.999979
40.179962,326.98771,-0.12969117,0.50221004,0.11145816,4.4079629,79.999979
40.189962,326.98771,-0.12931977,0.50224298,0.11105074,4.4239976,79.999979
40.199962,325.4188,-0.12926538,0.50227592,0.11064332,4.4400323,79.999979
40.209962,319.47431,-0.13036947,0.5023391,0.11062211,4.4412643,79.999979
40.219962,315.19012,-0.13073731,0.50242216,0.11091682,4.4303879,79.999979
40.229962,314.18669,-0.13064034,0.50250523,0.11121153,4.4195114,79.999979
40.239962,313.41344,-0.12927779,0.5025883,0.11150624,4.408635,79.999979
40.249962,313.31946,-0.1291158,0.50267137,0.11180096,4.3977585,79.999979
40.259962,313.22548,-0.12895381,0.50275444,0.11209567,4.386882,79.999979
40.269962,313.1315,-0.12879182,0.50283751,0.11239038,4.3760056,79.999979
40.279962,308.95906,-0.12868304,0.50292057,0.11268509,4.3651291,79.999979
40.289962,303.83811,-0.12967777,0.50300364,0.11297981,4.3542527,79.999979
40.299962,305.06576,-0.12968784,0.50308671,0.11327452,4.3433762,79.999979
40.309962,304.68579,-0.12995727,0.50316978,0.11356923,4.3324997,79.999979
40.319962,302.9639,-0.12964184,0.50325285,0.11386394,4.3216233,79.999979
40.329962,302.1193,-0.12963356,0.50333592,0.11415865,4.3107468,79.999979
40.339962,292.66646,-0.12920238,0.50341899,0.11445337,4.2998704,79.999979
40.349962,286.90701,-0.12888383,0.50350205,0.11474808,4.2889939,79.999979
40.359962,281.79736,-0.12893104,0.50356964,0.11469483,4.2892443,79.999979
40.369962,282.82449,-0.12805274,0.50363355,0.11446036,4.2983495,79.999979
40.379961,281.26986,-0.12823623,0.50369746,0.1142259,4.3074548,79.999979
40.389961,279.48854,-0.12880929,0.50376136,0.11399143,4.31656,79.999979
40.399961,275.58129,-0.12828503,0.50382527,0.11375697,4.3256653,79.999979
40.409961,272.38591,-0.12868316,0.50388918,0.11352251,4.3347705,79.999979
40.419961,269.1685,-0.12845576,0.50395309,0.11328804,4.3438758,79.999979
40.429961,268.49759,-0.12796094,0.504017,0.11305358,4.352981,79.999979
40.439961,267.61544,-0.12791092,0.50408091,0.11281912,4.3620863,79.999979
40.449961,267.20312,-0.12797536,0.50414481,0.11258465,4.3711915,79.999979
40.459961,263.32304,-0.12840642,0.50420872,0.11235019,4.3802968,79.999979
40.469961,261.03295,-0.12833428,0.50427263,0.11211572,4.389402,79.999979
40.479961,255.11619,-0.12780937,0.50433654,0.11188126,4.3985073,79.999979
40.489961,255.52186,-0.12841602,0.50440045,0.1116468,4.4076125,79.999979
40.499961,254.7508,-0.12818153,0.50446435,0.11141233,4.4167178,79.999979
40.509961,251.90431,-0.12788959,0.50452826,0.11117787,4.425823,79.999979
40.519961,250.27913,-0.127919,0.50396527,0.11099455,4.4349283,79.999979
40.529961,248.65394,-0.1279484,0.50316142,0.11094014,4.4440335,79.999979
40.539961,246.46689,-0.12775751,0.50235757,0.11088573,4.4405228,79.999979
40.549961,241.71392,-0.12795162,0.50155371,0.11083132,4.4354565,79.999979
40.559961,241.48503,-0.12750049,0.50074986,0.11077691,4.4303903,79.999979
40.569961,240.1189,-0.12769249,0.49994601,0.1107225,4.425324,79.999979
40.579961,238.19627,-0.12796478,0.49914216,0.1106681,4.4202577,79.999979
40.589961,235.16703,-0.12780408,0.4983383,0.11061369,4.4151914,79.999979
40.599961,230.27613,-0.12757462,0.49753445,0.11055928,4.4101251,79.999979
40.609961,228.75053,-0.12620104,0.4967306,0.11050487,4.4050589,79.999979
40.619961,229.32901,-0.12671587,0.49592675,0.11045046,4.3999926,79.999979
40.629961,227.33283,-0.1270539,0.49512289,0.11039605,4.3949263,79.999979
40.639961,226.07668,-0.12713339,0.49431904,0.11034164,4.38986,79.999979
40.649961,225.29942,-0.1266903,0.49351519,0.11028724,4.3847937,79.999979
40.659961,221.69358,-0.1260823,0.49271134,0.11023283,4.3797274,79.999979
40.669961,212.22734,-0.12518946,0.49190748,0.11017842,4.3746612,79.999979
40.679961,213.12621,-0.12576671,0.49121392,0.11012401,4.3695949,79.999979
40.689961,214.02507,-0.12634397,0.49220583,0.1100696,4.3645286,79.999979
40.699961,213.12714,-0.12655718,0.49319775,0.10983748,4.3774472,79.999979
40.709961,206.02547,-0.12565822,0.49418966,0.10954614,4.4000449,79.999979
40.719961,202.82287,-0.12528663,0.49518158,0.10925479,4.4226427,79.999979
40.729961,199.5391,-0.12575274,0.49617349,0.10896344,4.4452404,79.999979
40.739961,197.81579,-0.12652978,0.49716541,0.10867209,4.4678381,79.999979
40.749961,199.35579,-0.12597555,0.49815732,0.10838074,4.4904358,79.999979
40.759961,197.02477,-0.12570829,0.49914924,0.1080894,4.5130335,79.999979
40.769961,192.47243,-0.12495694,0.50014115,0.10779805,4.5356312,79.999979
40.779961,185.02144,-0.12495246,0.50113307,0.1075067,4.5582289,79.999979
40.789961,182.11504,-0.12516266,0.50212498,0.10721535,4.5808266,79.999979
40.799961,179.66801,-0.12507321,0.50311689,0.106924,4.6034243,79.999979
40.809961,179.33478,-0.12474878,0.50410881,0.10663266,4.626022,79.999979
40.819961,179.209,-0.12492434,0.50510072,0.10634131,4.6486197,79.999979
40.829961,175.01872,-0.12559146,0.50609264,0.10604996,4.6712175,79.999979
40.839961,162.63692,-0.12489749,0.50657397,0.10594281,4.6819395,79.999979
40.849961,158.97302,-0.12419778,0.50640041,0.10619691,4.6693704,79.999979
40.859961,156.11574,-0.12459856,0.50622686,0.10645101,4.6568013,79.999979
40.869961,155.97949,-0.12470603,0.50605331,0.10670511,4.6442322,79.999979
40.879961,156.29363,-0.12430754,0.50587975,0.10695921,4.6316631,79.999979
40.889961,150.25552,-0.12425382,0.5057062,0.10721331,4.619094,79.999979
40.899961,139.66769,-0.12408503,0.50553264,0.10746741,4.6065249,79.999979
40.909961,135.55306,-0.1242594,0.50535909,0.10772151,4.5939558,79.999979
40.919961,131.6315,-0.12411065,0.50518554,0.10797561,4.5813868,79.999979
40.929961,130.43982,-0.12352045,0.50501198,0.10822971,4.5688177,79.999979
40.939961,129.24815,-0.12347711,0.50483843,0.1084838,4.5562486,79.999979
40.949961,126.2412,-0.1240506,0.50466488,0.1087379,4.5436795,79.999979
40.959961,113.77246,-0.12312454,0.50449132,0.108992,4.5311104,79.999979
40.969961,109.05333,-0.12326966,0.50431777,0.1092461,4.5185413,79.999979
40.979961,102.73911,-0.12335524,0.50414422,0.1095002,4.5059722,79.999979
40.989961,96.007006,-0.12357002,0.50397066,0.1097543,4.4934031,79.999979
40.999961,96.962181,-0.12306271,0.50335902,0.11009984,4.4760211,79.999979
41.009961,94.860724,-0.12319613,0.50240077,0.11055354,4.4500146,79.999979
41.019961,93.092369,-0.12379396,0.50144251,0.11100724,4.4240081,79.999979
41.029961,89.34371,-0.1231643,0.50048425,0.11146094,4.3980016,79.999979
41.039961,76.112724,-0.1231911,0.499526,0.11191464,4.3719951,79.999979
41.049961,73.079255,-0.1222773,0.49856774,0.11236834,4.3459886,79.999979
41.059961,70.307012,-0.12198898,0.49760948,0.11282205,4.3199821,79.999979
41.069961,69.253314,-0.12177053,0.49665123,0.11327575,4.2939757,79.999979
41.079961,67.150707,-0.12221506,0.49569297,0.11372945,4.2679692,79.999979
41.089961,63.162246,-0.1229215,0.49473471,0.11418315,4.2419627,79.999979
41.099961,54.127098,-0.12263943,0.49377646,0.11463685,4.2159562,79.999979
41.109961,50.981527,-0.1220782,0.4928182,0.11509055,4.1899497,79.999979
41.119961,46.982847,-0.12147048,0.49185995,0.11554425,4.1639432,79.999979
41.129961,47.751703,-0.12127014,0.49090169,0.11599795,4.1379367,79.999979
41.139961,46.33325,-0.12128177,0.48994343,0.11645165,4.1119302,79.999979
41.149961,42.786959,-0.12218707,0.48898518,0.11690535,4.0859237,79.999979
41.159961,35.01101,-0.12141723,0.48802692,0.11735905,4.0599172,79.999979
41.169961,30.443893,-0.12219079,0.48866781,0.11705915,4.074408,79.999979
41.179961,25.229706,-0.1205755,0.48944629,0.11669439,4.0950747,79.999979
41.189961,25.260444,-0.12136011,0.49022478,0.11632964,4.1157414,79.999979
41.199961,23.023939,-0.12103798,0.49100326,0.11596489,4.1364081,79.999979
41.209961,19.732187,-0.12066487,0.49178175,0.11560013,4.1570748,79.999979
41.219961,12.802634,-0.1205467,0.49256023,0.11523538,4.1777415,79.999979
41.229961,11.263335,-0.11987452,0.49333872,0.11487063,4.1984082,79.999979
41.239961,4.5542711,-0.12037832,0.4941172,0.11450587,4.2190749,79.999979
41.249961,7.0472199,-0.12010441,0.49489569,0.11414112,4.2397416,79.999979
41.259961,4.9409679,-0.12071433,0.49567417,0.11377637,4.2604083,79.999979
41.269961,2.141635,-0.12107811,0.49645265,0.11341161,4.281075,79.999979
41.279961,-3.6309649,-0.12093007,0.49723114,0.11304686,4.3017417,79.999979
41.289961,-6.6718572,-0.12025474,0.49800962,0.11268211,4.3224084,79.999979
41.299961,-13.670424,-0.11943655,0.49878811,0.11231736,4.3430751,79.999979
41.309961,-12.268294,-0.12053992,0.49956659,0.1119526,4.3637418,79.999979
41.319961,-14.249298,-0.12005144,0.50034508,0.11158785,4.3844085,79.999979
41.329961,-16.193458,-0.11959356,0.50112356,0.1112231,4.4050752,79.999979
41.339961,-19.073707,-0.11931786,0.50170601,0.11086844,4.424743,79.999979
41.349961,-24.687686,-0.11928105,0.50157634,0.11056543,4.4363592,79.999979
41.359961,-25.425729,-0.11922059,0.50144668,0.11026242,4.4479755,79.999979
41.369961,-28.588102,-0.11911215,0.50131701,0.10995941,4.4595917,79.999979
41.379961,-28.387989,-0.11921441,0.50118735,0.1096564,4.4712079,79.999979
41.389961,-30.754363,-0.11931405,0.50105768,0.10935339,4.4828241,79.999979
41.399961,-31.717632,-0.11889918,0.50092802,0.10905039,4.4944403,79.999979
41.409961,-40.791011,-0.11940663,0.50079835,0.10874738,4.5060566,79.999979
41.41996,-42.024416,-0.11920425,0.50066869,0.10844437,4.5176728,79.999979
41.42996,-42.013736,-0.11877463,0.50053902,0.10814136,4.529289,79.999979
41.43996,-45.17283,-0.11891008,0.50040936,0.10783835,4.5409052,79.999979
41.44996,-46.015821,-0.11931228,0.50027969,0.10753534,4.5525214,79.999979
41.45996,-47.938629,-0.11891059,0.50015003,0.10723233,4.5641377,79.999979
41.46996,-52.450606,-0.11815582,0.50002036,0.10692932,4.5757539,79.999979
41.47996,-57.349811,-0.1182768,0.4998907,0.10662631,4.5873701,79.999979
41.48996,-55.972587,-0.11899845,0.4995816,0.10679192,4.5812043,79.999979
41.49996,-59.321321,-0.11850763,0.49921684,0.10719643,4.5612041,79.999979
41.50996,-59.966039,-0.11882983,0.49885208,0.10760094,4.5412038,79.999979
41.51996,-62.460177,-0.11773414,0.49848733,0.10800544,4.5212036,79.999979
41.52996,-68.360078,-0.1174336,0.49812257,0.10840995,4.5012034,79.999979
41.53996,-70.077982,-0.11848652,0.49775781,0.10881445,4.4812032,79.999979
41.54996,-70.046391,-0.11713456,0.49739305,0.10921896,4.461203,79.999979
41.55996,-73.368268,-0.11724551,0.4970283,0.10962346,4.4412027,79.999979
41.56996,-74.823517,-0.11713149,0.49666354,0.11002797,4.4212025,79.999979
41.57996,-74.88618,-0.11724261,0.49629878,0.11043247,4.4012023,79.999979
41.58996,-78.129163,-0.11736443,0.49593402,0.11083698,4.3812021,79.999979
41.59996,-81.974793,-0.11709256,0.49556927,0.11124149,4.3612019,79.999979
41.60996,-83.163324,-0.11780158,0.49520451,0.11164599,4.3412017,79.999979
41.61996,-86.284186,-0.11766062,0.49483975,0.1120505,4.3212014,79.999979
41.62996,-86.60586,-0.11734121,0.49447499,0.112455,4.3012012,79.999979
41.63996,-87.367171,-0.1172964,0.49411024,0.11285951,4.281201,79.999979
41.64996,-87.513606,-0.11792456,0.49374548,0.11326401,4.2612008,79.999979
41.65996,-95.216023,-0.11761515,0.49348902,0.11357561,4.2455883,79.999979
41.66996,-97.365213,-0.11722749,0.49335624,0.11375576,4.237762,79.999979
41.67996,-100.08211,-0.11708323,0.49322346,0.11393591,4.2299358,79.999979
41.68996,-99.077725,-0.11665779,0.49309068,0.11411606,4.2221095,79.999979
41.69996,-100.75522,-0.11658286,0.49295791,0.11429621,4.2142833,79.999979
41.70996,-102.36838,-0.11653841,0.49282513,0.11447636,4.206457,79.999979
41.71996,-108.2912,-0.1166319,0.49269235,0.11465651,4.1986307,79.999979
41.72996,-109.70195,-0.116354,0.49255957,0.11483666,4.1908045,79.999979
41.73996,-111.79619,-0.1168179,0.4924268,0.11501681,4.1829782,79.999979
41.74996,-111.12675,-0.11755355,0.49229402,0.11519696,4.175152,79.999979
41.75996,-112.97372,-0.11736865,0.49216124,0.11537711,4.1673257,79.999979
41.76996,-114.78214,-0.11739572,0.49202846,0.11555726,4.1594995,79.999979
41.77996,-115.39797,-0.11654332,0.49189568,0.11573741,4.1516732,79.999979
41.78996,-119.01958,-0.11588856,0.49176291,0.11591756,4.143847,79.999979
41.79996,-120.23853,-0.11593482,0.49163013,0.11609771,4.1360207,79.999979
41.80996,-120.96858,-0.11635829,0.49166256,0.11600436,4.1364526,79.999979
41.81996,-122.50983,-0.11646328,0.49178006,0.1156911,4.1494846,79.999979
41.82996,-124.36175,-0.11635031,0.49189757,0.11537784,4.1625167,79.999979
41.83996,-125.35582,-0.11660723,0.49201507,0.11506457,4.1755487,79.999979
41.84996,-127.76304,-0.11616362,0.49213257,0.11475131,4.1885807,79.999979
41.85996,-132.08042,-0.11584091,0.49225007,0.11443805,4.2016127,79.999979
41.86996,-131.94589,-0.1160492,0.49236757,0.11412479,4.2146448,79.999979
41.87996,-130.08317,-0.11673433,0.49248507,0.11381153,4.2276768,79.999979
41.88996,-131.8601,-0.11637021,0.49260257,0.11349827,4.2407088,79.999979
41.89996,-136.35799,-0.11558574,0.49272007,0.113185,4.2537408,79.999979
41.90996,-136.88067,-0.11616486,0.49283757,0.11287174,4.2667728,79.999979
41.91996,-140.87261,-0.11575637,0.49295507,0.11255848,4.2798049,79.999979
41.92996,-139.23488,-0.1157893,0.49307257,0.11224522,4.2928369,79.999979
41.93996,-139.83034,-0.11578712,0.49319007,0.11193196,4.3058689,79.999979
41.94996,-142.72086,-0.11575092,0.49330757,0.11161869,4.3189009,79.999979
41.95996,-142.96417,-0.11504673,0.49342508,0.11130543,4.331933,79.999979
41.96996,-144.3354,-0.11475767,0.49386227,0.11100679,4.3474865,79.999979
41.97996,-145.23808,-0.11504052,0.49455261,0.11071972,4.3660786,79.999979
41.98996,-144.90059,-0.1145023,0.49524295,0.11043265,4.3846707,79.999979
41.99996,-145.65788,-0.1152268,0.49593328,0.11014559,4.4032628,79.999979
42.00996,-146.41714,-0.1155039,0.49662362,0.10985852,4.4218549,79.999979
42.01996,-148.07215,-0.11529601,0.49731396,0.10957145,4.440447,79.999979
42.02996,-151.06702,-0.11410242,0.4980043,0.10928438,4.4590391,79.999979
42.03996,-152.73766,-0.11505845,0.49869463,0.10899732,4.4776312,79.999979
42.04996,-153.16224,-0.11473595,0.49938497,0.10871025,4.4962233,79.999979
42.05996,-153.39806,-0.11499825,0.50007531,0.10842318,4.5148154,79.999979
42.06996,-153.39806,-0.11501859,0.50076564,0.10813611,4.5334075,79.999979
42.07996,-153.96345,-0.11529984,0.50145598,0.10784904,4.5519996,79.999979
42.08996,-155.53438,-0.114415,0.50214632,0.10756198,4.5705917,79.999979
42.09996,-157.89978,-0.11539258,0.50283666,0.10727491,4.5891838,79.999979
42.10996,-157.93237,-0.11524815,0.50352699,0.10698784,4.6077759,79.999979
42.11996,-160.31901,-0.11458042,0.50421733,0.10670077,4.626368,79.999979
42.12996,-160.1714,-0.11506016,0.50490767,0.10641371,4.6449601,79.999979
42.13996,-159.29325,-0.11418247,0.50559801,0.10612664,4.6635522,79.999979
42.14996,-163.15735,-0.11506743,0.50568331,0.10625911,4.6591253,79.999979
42.15996,-164.21997,-0.11514374,0.5057515,0.10645296,4.6513309,79.999979
42.16996,-163.64641,-0.11479412,0.50581968,0.10664681,4.6435365,79.999979
42.17996,-162.38568,-0.11416801,0.50588787,0.10684066,4.6357421,79.999979
42.18996,-164.63445,-0.1139592,0.50595605,0.10703451,4.6279476,79.999979
42.19996,-165.62921,-0.11475152,0.50602424,0.10722837,4.6201532,79.999979
42.20996,-166.44023,-0.11500828,0.50609242,0.10742222,4.6123588,79.999979
42.21996,-167.2653,-0.11443066,0.50616061,0.10761607,4.6045644,79.999979
42.22996,-168.17071,-0.11501481,0.5062288,0.10780992,4.5967699,79.999979
42.23996,-170.2845,-0.11403941,0.50629698,0.10800377,4.5889755,79.999979
42.24996,-170.47093,-0.11425977,0.50636517,0.10819762,4.5811811,79.999979
42.25996,-171.26749,-0.11398427,0.50643335,0.10839147,4.5733866,79.999979
42.26996,-173.34003,-0.11489052,0.50650154,0.10858532,4.5655922,79.999979
42.27996,-172.99815,-0.1140285,0.50656972,0.10877917,4.5577978,79.999979
42.28996,-174.08884,-0.11461221,0.50663204,0.10899465,4.5500034,79.999979
42.29996,-176.0572,-0.11393046,0.50667338,0.1093879,4.5344986,79.999979
42.30996,-177.28434,-0.11422606,0.50671471,0.10978114,4.5189516,79.999979
42.31996,-177.56861,-0.11424927,0.50675605,0.11017439,4.5034047,79.999979
42.32996,-177.73758,-0.11419256,0.50679739,0.11056763,4.4878577,79.999979
42.33996,-177.11696,-0.11342172,0.50683873,0.11096088,4.4723108,79.999979
42.34996,-179.56931,-0.11407601,0.50688006,0.11135412,4.4567638,79.999979
42.35996,-180.35489,-0.11466714,0.5069214,0.11174737,4.4412169,79.999979
42.36996,-181.10944,-0.11422991,0.50696274,0.11214061,4.4256699,79.999979
42.37996,-181.88083,-0.11450421,0.50700407,0.11253386,4.410123,79.999979
42.38996,-181.46757,-0.11385951,0.50704541,0.1129271,4.394576,79.999979
42.39996,-182.35843,-0.1126471,0.50708675,0.11332035,4.379029,79.999979
42.40996,-184.27817,-0.11407112,0.50712809,0.11371359,4.3634821,79.999979
42.41996,-185.03381,-0.11385258,0.50716942,0.11410684,4.3479351,79.999979
42.42996,-186.37958,-0.11374971,0.50721076,0.11450008,4.3323882,79.999979
42.43996,-186.29215,-0.11333906,0.5072521,0.11489333,4.3168412,79.999979
42.44996,-187.45766,-0.11310648,0.50729344,0.11528657,4.3012943,79.999979
42.45996,-190.54123,-0.11377321,0.50733477,0.11567982,4.2857473,79.999979
42.469959,-191.29079,-0.11303819,0.50686525,0.11519386,4.2999355,79.999979
42.479959,-190.46343,-0.11308895,0.50636665,0.11465785,4.3158164,79.999979
42.489959,-193.10291,-0.11405952,0.50586806,0.11412185,4.3316973,79.999979
42.499959,-193.37499,-0.1140258,0.50536946,0.11358584,4.3475781,79.999979
42.509959,-191.94716,-0.11357787,0.50487086,0.11304983,4.363459,79.999979
42.519959,-194.03998,-0.11364456,0.50437226,0.11251382,4.3793399,79.999979
42.529959,-195.72466,-0.11402253,0.50387366,0.11197781,4.3952208,79.999979
42.539959,-196.08223,-0.11323758,0.50337506,0.11144181,4.4111016,79.999979
42.549959,-196.60273,-0.11280932,0.50287646,0.1109058,4.4269825,79.999979
42.559959,-196.11743,-0.11252456,0.50237786,0.11036979,4.4428634,79.999979
42.569959,-195.40493,-0.11245879,0.50187926,0.10983378,4.4587442,79.999979
42.579959,-196.784,-0.11331908,0.50138066,0.10929777,4.4746251,79.999979
42.589959,-199.52804,-0.11346019,0.50088206,0.10876177,4.490506,79.999979
42.599959,-198.61473,-0.11376657,0.50038346,0.10822576,4.5063868,79.999979
42.609959,-199.98225,-0.1139297,0.49988486,0.10768975,4.5222677,79.999979
42.619959,-200.96434,-0.1139297,0.49958593,0.10739305,4.5381486,79.999979
42.629959,-201.94644,-0.1139297,0.49957358,0.10780539,4.5540294,79.999979
42.639959,-202.35388,-0.11308857,0.49956123,0.10821774,4.5410227,79.999979
42.649959,-203.03072,-0.11280301,0.49954888,0.10863008,4.5226941,79.999979
42.659959,-203.12915,-0.11305524,0.49953652,0.10904242,4.5043654,79.999979
42.669959,-206.61119,-0.11320018,0.49952417,0.10945477,4.4860368,79.999979
42.679959,-204.86634,-0.11380086,0.49951182,0.10986711,4.4677081,79.999979
42.689959,-206.18072,-0.11307176,0.49949947,0.11027945,4.4493795,79.999979
42.699959,-207.20351,-0.11252616,0.49948712,0.1106918,4.4310508,79.999979
42.709959,-208.52365,-0.11269596,0.49947477,0.11110414,4.4127222,79.999979
42.719959,-210.60544,-0.11165673,0.49946242,0.11151648,4.3943935,79.999979
42.729959,-210.94586,-0.11280035,0.49945007,0.11192882,4.3760649,79.999979
42.739959,-212.9203,-0.11181818,0.49943772,0.11234117,4.3577362,79.999979
42.749959,-213.46618,-0.11272817,0.49942536,0.11275351,4.3394076,79.999979
42.759959,-216.00837,-0.11200774,0.49941301,0.11316585,4.3210789,79.999979
42.769959,-214.90024,-0.11214767,0.49940066,0.1135782,4.3027503,79.999979
42.779959,-214.04716,-0.11238167,0.49938831,0.11399054,4.2844216,79.999979
42.789959,-219.156,-0.11268677,0.49938444,0.11428264,4.269899,79.999979
42.799959,-219.8722,-0.11225777,0.49939802,0.11432739,4.2683069,79.999979
42.809959,-221.34751,-0.11211369,0.4994116,0.11437215,4.2667148,79.999979
42.819959,-222.15258,-0.11293893,0.49942518,0.1144169,4.2651227,79.999979
42.829959,-220.83671,-0.11185188,0.49943875,0.11446165,4.2635306,79.999979
42.839959,-227.37893,-0.11197344,0.49945233,0.11450641,4.2619385,79.999979
42.849959,-229.21722,-0.11207211,0.49946591,0.11455116,4.2603464,79.999979
42.859959,-229.76176,-0.11180331,0.49947949,0.11459591,4.2587543,79.999979
42.869959,-230.11225,-0.11194607,0.49949306,0.11464066,4.2571622,79.999979
42.879959,-230.11225,-0.11254264,0.49950664,0.11468542,4.2555701,79.999979
42.889959,-229.92542,-0.11119856,0.49952022,0.11473017,4.253978,79.999979
42.899959,-237.76907,-0.11145944,0.4995338,0.11477492,4.2523859,79.999979
42.909959,-240.60266,-0.112052,0.49954738,0.11481968,4.2507939,79.999979
42.919959,-242.03847,-0.11230979,0.49956095,0.11486443,4.2492018,79.999979
42.929959,-242.25772,-0.11228472,0.49957453,0.11490918,4.2476097,79.999979
42.939959,-243.0269,-0.11198788,0.49958811,0.11495394,4.2460176,79.999979
42.949959,-243.7304,-0.11154536,0.49960169,0.11499869,4.2444255,79.999979
42.959959,-248.71869,-0.1114206,0.49943526,0.11495159,4.2447797,79.999979
42.969959,-251.56903,-0.11043394,0.49921076,0.11486561,4.2459578,79.999979
42.979959,-252.81046,-0.11105272,0.49898627,0.11477964,4.2471359,79.999979
42.989959,-253.57162,-0.11096922,0.49876177,0.11469366,4.248314,79.999979
42.999959,-253.5516,-0.11190039,0.49853728,0.11460768,4.2494921,79.999979
43.009959,-255.4245,-0.1118258,0.49831278,0.1145217,4.2506702,79.999979
43.019959,-257.82138,-0.11067189,0.49808828,0.11443572,4.2518483,79.999979
43.029959,-260.2418,-0.11103243,0.49786379,0.11434975,4.2530264,79.999979
43.039959,-266.2169,-0.11095201,0.49763929,0.11426377,4.2542044,79.999979
43.049959,-266.86663,-0.11043663,0.4974148,0.11417779,4.2553825,79.999979
43.059959,-270.48137,-0.11061212,0.4971903,0.11409181,4.2565606,79.999979
43.069959,-270.04076,-0.11087588,0.4969658,0.11400583,4.2577387,79.999979
43.079959,-274.21217,-0.10985701,0.49674131,0.11391985,4.2589168,79.999979
43.089959,-277.52609,-0.11066281,0.49651681,0.11383388,4.2600949,79.999979
43.099959,-279.30185,-0.11091874,0.49654873,0.11372324,4.261273,79.999979
43.109959,-279.64281,-0.11064089,0.49720059,0.11350559,4.2624511,79.999979
43.119959,-279.98376,-0.11036304,0.49785246,0.11328794,4.2708627,79.999979
43.129959,-284.97909,-0.10917966,0.49850433,0.1130703,4.2868826,79.999979
43.139959,-288.83572,-0.11037305,0.49915619,0.11285265,4.3029025,79.999979
43.149959,-289.48198,-0.1101562,0.49980806,0.112635,4.3189224,79.999979
43.159959,-289.48198,-0.1101562,0.50045993,0.11241735,4.3349424,79.999979
43.169959,-287.41274,-0.10937532,0.50111179,0.1121997,4.3509623,79.999979
43.179959,-296.42195,-0.10989504,0.50176366,0.11198206,4.3669822,79.999979
43.189959,-297.47838,-0.10912044,0.50241553,0.11176441,4.3830021,79.999979
43.199959,-301.46795,-0.10989298,0.50306739,0.11154676,4.399022,79.999979
43.209959,-303.07066,-0.11002943,0.50371926,0.11132911,4.4150419,79.999979
43.219959,-302.16152,-0.1103088,0.50437113,0.11111146,4.4310618,79.999979
43.229959,-300.68844,-0.11029029,0.50502299,0.11089382,4.4470817,79.999979
43.239959,-307.10134,-0.10985072,0.50567486,0.11067617,4.4631016,79.999979
43.249959,-310.66505,-0.10893787,0.50632673,0.11045852,4.4791215,79.999979
43.259959,-314.40664,-0.10910021,0.50696017,0.11028363,4.4951414,79.999979
43.269959,-314.04264,-0.10897304,0.50752078,0.11048653,4.4937596,79.999979
43.279959,-314.18028,-0.10911254,0.5080814,0.11068943,4.4904862,79.999979
43.289959,-314.69321,-0.10879029,0.50864201,0.11089233,4.4872129,79.999979
43.299959,-319.49629,-0.10972991,0.50920262,0.11109523,4.4839396,79.999979
43.309959,-325.85544,-0.10878704,0.50976323,0.11129813,4.4806662,79.999979
43.319959,-330.71693,-0.1083238,0.51032385,0.11150103,4.4773929,79.999979
43.329959,-329.76408,-0.10857131,0.51088446,0.11170393,4.4741196,79.999979
43.339959,-328.97359,-0.1093176,0.51144507,0.11190683,4.4708462,79.999979
43.349959,-329.54997,-0.10990709,0.51200568,0.11210973,4.4675729,79.999979
43.359959,-334.012,-0.10917944,0.5125663,0.11231263,4.4642996,79.999979
43.369959,-342.2712,-0.10852727,0.51312691,0.11251553,4.4610262,79.999979
43.379959,-344.62617,-0.10911256,0.51368752,0.11271843,4.4577529,79.999979
43.389959,-344.43423,-0.10899993,0.51424813,0.11292133,4.4544796,79.999979
43.399959,-345.31538,-0.10867226,0.51480875,0.11312423,4.4512062,79.999979
43.409959,-347.19059,-0.1083411,0.51536936,0.11332713,4.4479329,79.999979
43.419959,-351.31656,-0.1077187,0.51592997,0.11353003,4.4446596,79.999979
43.429959,-357.05317,-0.10784239,0.5158022,0.11350781,4.444098,79.999979
43.439959,-358.77947,-0.10753906,0.51493658,0.11324429,4.4471391,79.999979
43.449959,-361.11628,-0.10891792,0.51407095,0.11298078,4.4501802,79.999979
43.459959,-360.03701,-0.10888535,0.51320533,0.11271726,4.4532212,79.999979
43.469959,-363.05322,-0.10860736,0.5123397,0.11245374,4.4562623,79.999979
43.479959,-369.4927,-0.10872605,0.51147408,0.11219022,4.4593034,79.999979
43.489959,-372.85988,-0.10780666,0.51060845,0.11192671,4.4623444,79.999979
43.499959,-375.48588,-0.1078852,0.50974283,0.11166319,4.4653855,79.999979
43.509959,-379.39416,-0.10700081,0.5088772,0.11139967,4.4684266,79.999979
43.519958,-377.62154,-0.10732931,0.50801158,0.11113615,4.4714677,79.999979
43.529958,-378.9276,-0.10771272,0.50714595,0.11087264,4.4745087,79.999979
43.539958,-380.23734,-0.1081225,0.50628033,0.11060912,4.4775498,79.999979
43.549958,-385.8437,-0.10765176,0.5054147,0.1103456,4.4805909,79.999979
43.559958,-389.69199,-0.10624016,0.50454908,0.11008208,4.4836319,79.999979
43.569958,-392.18028,-0.10751485,0.50368345,0.10981856,4.486673,79.999979
43.579958,-393.16343,-0.10698759,0.50281783,0.10955505,4.4897141,79.999979
43.589958,-395.94141,-0.10709444,0.5019522,0.10929153,4.4927551,79.999979
43.599958,-396.58542,-0.1072013,0.50108658,0.10902801,4.4957962,79.999979
43.609958,-401.99868,-0.10730776,0.50062548,0.10891038,4.496673,79.999979
43.619958,-406.12821,-0.106839,0.50023049,0.10881658,4.4970323,79.999979
43.629958,-407.01932,-0.10650502,0.4998355,0.10872279,4.4973917,79.999979
43.639958,-407.7291,-0.10733466,0.49944051,0.10862899,4.497751,79.999979
43.649958,-406.61402,-0.10791562,0.49904551,0.1085352,4.4981103,79.999979
43.659958,-410.72474,-0.10715459,0.49865052,0.10844141,4.4984696,79.999979
43.669958,-418.8098,-0.10664772,0.49825553,0.10834761,4.498829,79.999979
43.679958,-419.85057,-0.10747408,0.49786053,0.10825382,4.4991883,79.999979
43.689958,-423.57376,-0.10616623,0.49746554,0.10816002,4.4995476,79.999979
43.699958,-425.1398,-0.1071626,0.49707055,0.10806623,4.499907,79.999979
43.709958,-425.89236,-0.1073679,0.49667556,0.10797243,4.5002663,79.999979
43.719958,-427.47922,-0.10633995,0.49628056,0.10787864,4.5006256,79.999979
43.729958,-432.39796,-0.10618473,0.49588557,0.10778484,4.500985,79.999979
43.739958,-438.03267,-0.10663255,0.49549058,0.10769105,4.5013443,79.999979
43.749958,-437.62506,-0.10542518,0.49578431,0.10785451,4.4972836,79.999979
43.759958,-442.35161,-0.10651205,0.49629789,0.10815148,4.4897263,79.999979
43.769958,-443.11124,-0.10686271,0.49681147,0.10844846,4.482169,79.999979
43.779958,-443.22683,-0.1066951,0.49732505,0.10874544,4.4746118,79.999979
43.789958,-446.02979,-0.10585407,0.49783863,0.10904241,4.4670545,79.999979
43.799958,-452.10365,-0.10607925,0.49835222,0.10933939,4.4594973,79.999979
43.809958,-453.09233,-0.10543634,0.4988658,0.10963636,4.45194,79.999979
43.819958,-457.91721,-0.10480912,0.49937938,0.10993334,4.4443828,79.999979
43.829958,-458.63092,-0.1049288,0.49989296,0.11023032,4.4368255,79.999979
43.839958,-457.619,-0.10526967,0.50040654,0.11052729,4.4292683,79.999979
43.849958,-460.99434,-0.10628255,0.50092012,0.11082427,4.421711,79.999979
43.859958,-465.53173,-0.10633009,0.5014337,0.11112125,4.4141537,79.999979
43.869958,-468.53768,-0.10517567,0.50194728,0.11141822,4.4065965,79.999979
43.879958,-472.31229,-0.10593516,0.50246086,0.1117152,4.3990392,79.999979
43.889958,-473.75681,-0.10465627,0.50297445,0.11201218,4.391482,79.999979
43.899958,-472.93515,-0.10447852,0.50348803,0.11230915,4.3839247,79.999979
43.909958,-473.76231,-0.10494827,0.50400161,0.11260613,4.3763675,79.999979
43.919958,-482.42932,-0.10557833,0.5044549,0.11253264,4.382076,79.999979
43.929958,-484.46957,-0.10477704,0.50483398,0.11200306,4.4081628,79.999979
43.939958,-489.31292,-0.10493249,0.50521306,0.11147348,4.4342496,79.999979
43.949958,-490.23399,-0.1051779,0.50559214,0.1109439,4.4603364,79.999979
43.959958,-488.97063,-0.10541157,0.50597122,0.11041432,4.4864232,79.999979
43.969958,-490.68539,-0.10540369,0.5063503,0.10988474,4.5125101,79.999979
43.979958,-498.46326,-0.10401913,0.50672938,0.10935516,4.5385969,79.999979
43.989958,-501.55481,-0.10424683,0.50710846,0.10882558,4.5646837,79.999979
43.999958,-502.56847,-0.1050812,0.50748754,0.108296,4.5907705,79.999979
44.009958,-504.83802,-0.10511064,0.50786662,0.10776641,4.6168573,79.999979
44.019958,-503.88927,-0.10519694,0.5082457,0.10723683,4.6429442,79.999979
44.029958,-503.32408,-0.10483344,0.50862478,0.10670725,4.669031,79.999979
44.039958,-507.12961,-0.10520611,0.50900386,0.10617767,4.6951178,79.999979
44.049958,-516.8222,-0.10291351,0.50938293,0.10564809,4.7212046,79.999979
44.059958,-520.3237,-0.10372387,0.50976201,0.10511851,4.7472914,79.999979
44.069958,-519.01634,-0.10464015,0.50907367,0.10515522,4.7465695,79.999979
44.079958,-518.51083,-0.10432189,0.50786027,0.10561845,4.715665,79.999979
44.089958,-518.86412,-0.10432189,0.50664687,0.10608167,4.6847604,79.999979
44.099958,-521.39249,-0.10396677,0.50543347,0.1065449,4.6538559,79.999979
44.109958,-527.94398,-0.10455383,0.50422007,0.10700812,4.6229513,79.999979
44.119958,-531.41947,-0.10368031,0.50300667,0.10747135,4.5920468,79.999979
44.129958,-532.50036,-0.1041905,0.50179327,0.10793457,4.5611423,79.999979
44.139958,-531.8172,-0.10416646,0.50057988,0.1083978,4.5302377,79.999979
44.149958,-533.4318,-0.10414242,0.49936648,0.10886102,4.4993332,79.999979
44.159958,-535.41135,-0.10286954,0.49815308,0.10932425,4.4684286,79.999979
44.169958,-540.88829,-0.10312405,0.49693968,0.10978747,4.4375241,79.999979
44.179958,-540.92614,-0.10418631,0.49572628,0.1102507,4.4066196,79.999979
44.189958,-545.68495,-0.10375869,0.49451288,0.11071393,4.375715,79.999979
44.199958,-544.54705,-0.10301506,0.49329948,0.11117715,4.3448105,79.999979
44.209958,-548.5088,-0.1032071,0.49208608,0.11164038,4.313906,79.999979
44.219958,-549.54176,-0.10281273,0.49087268,0.1121036,4.2830014,79.999979
44.229958,-550.52502,-0.10233259,0.48965928,0.11256683,4.2520969,79.999979
44.239958,-554.38405,-0.10309241,0.48938822,0.11274523,4.2404347,79.999979
44.249958,-556.98187,-0.10317541,0.48966733,0.11267225,4.2457564,79.999979
44.259958,-558.16703,-0.10287346,0.48994643,0.11259927,4.2510781,79.999979
44.269958,-556.82819,-0.10230296,0.49022554,0.11252629,4.2563998,79.999979
44.279958,-556.79868,-0.10285054,0.49050465,0.11245331,4.2617215,79.999979
44.289958,-561.95363,-0.10281812,0.49078375,0.11238032,4.2670431,79.999979
44.299958,-563.84354,-0.10375742,0.49106286,0.11230734,4.2723648,79.999979
44.309958,-567.32175,-0.10186105,0.49134196,0.11223436,4.2776865,79.999979
44.319958,-565.76254,-0.10246245,0.49162107,0.11216138,4.2830082,79.999979
44.329958,-566.45829,-0.10288084,0.49190017,0.1120884,4.2883299,79.999979
44.339958,-567.15405,-0.10297383,0.49217928,0.11201541,4.2936516,79.999979
44.349958,-569.24827,-0.10240625,0.49245839,0.11194243,4.2989732,79.999979
44.359958,-572.36492,-0.10214347,0.49273749,0.11186945,4.3042949,79.999979
44.369958,-573.84611,-0.10164218,0.4930166,0.11179647,4.3096166,79.999979
44.379958,-576.18552,-0.10257537,0.4932957,0.11172349,4.3149383,79.999979
44.389958,-575.57485,-0.10273627,0.49357481,0.1116505,4.32026,79.999979
44.399958,-576.65968,-0.10277957,0.49385391,0.11157752,4.3255816,79.999979
44.409958,-579.97103,-0.10120555,0.49408368,0.11161609,4.3274461,79.999979
44.419958,-581.71108,-0.10249267,0.49423166,0.11183956,4.3200647,79.999979
44.429958,-586.788,-0.10255174,0.49437965,0.11206303,4.3126833,79.999979
44.439958,-583.90174,-0.10261213,0.49452763,0.1122865,4.3053019,79.999979
44.449958,-584.99096,-0.10271164,0.49467561,0.11250997,4.2979206,79.999979
44.459958,-586.73711,-0.10236425,0.4948236,0.11273344,4.2905392,79.999979
44.469958,-591.06612,-0.10257639,0.49497158,0.11295691,4.2831578,79.999979
44.479958,-592.05787,-0.1026943,0.49511956,0.11318038,4.2757764,79.999979
44.489958,-594.52127,-0.10251896,0.49526754,0.11340385,4.268395,79.999979
44.499958,-595.18936,-0.10201813,0.49541553,0.11362732,4.2610136,79.999979
44.509958,-596.8819,-0.10153066,0.49556351,0.11385079,4.2536322,79.999979
44.519958,-596.85996,-0.10102109,0.49571149,0.11407426,4.2462508,79.999979
44.529958,-597.98229,-0.10111974,0.49585947,0.11429774,4.2388694,79.999979
44.539958,-598.91729,-0.10124011,0.49600746,0.11452121,4.231488,79.999979
44.549958,-599.57296,-0.10165169,0.49615544,0.11474468,4.2241067,79.999979
44.559958,-605.16013,-0.1012453,0.49636165,0.11493071,4.2184588,79.999979
44.569957,-608.03164,-0.10012994,0.49676745,0.11485693,4.2248406,79.999979
44.579957,-607.8167,-0.10114508,0.49717325,0.11478316,4.2312224,79.999979
44.589957,-608.46413,-0.10110635,0.49757905,0.11470939,4.2376042,79.999979
44.599957,-608.53816,-0.10141878,0.49798485,0.11463562,4.2439859,79.999979
44.609957,-610.98486,-0.10181023,0.49839064,0.11456184,4.2503677,79.999979
44.619957,-612.80132,-0.10107641,0.49879644,0.11448807,4.2567495,79.999979
44.629957,-616.75622,-0.101374,0.49920224,0.1144143,4.2631313,79.999979
44.639957,-618.70527,-0.10207185,0.49960804,0.11434052,4.269513,79.999979
44.649957,-619.49081,-0.10251459,0.50001384,0.11426675,4.2758948,79.999979
44.659957,-620.00784,-0.10179672,0.50041964,0.11419298,4.2822766,79.999979
44.669957,-623.48853,-0.10128247,0.50082544,0.1141192,4.2886584,79.999979
44.679957,-623.10754,-0.10179581,0.50123123,0.11404543,4.2950401,79.999979
44.689957,-628.05215,-0.1010845,0.50163703,0.11397166,4.3014219,79.999979
44.699957,-626.68739,-0.10118775,0.50204283,0.11389789,4.3078037,79.999979
44.709957,-627.99988,-0.10040602,0.50244863,0.11382411,4.3141855,79.999979
44.719957,-627.95226,-0.10104226,0.50285443,0.11375034,4.3205672,79.999979
44.729957,-630.03328,-0.10069873,0.50323631,0.11367887,4.3268041,79.999979
44.739957,-633.69141,-0.1007395,0.50331003,0.11372342,4.3257282,79.999979
44.749957,-636.58254,-0.101566,0.50338374,0.11376798,4.3246523,79.999979
44.759957,-637.86372,-0.10014605,0.50345746,0.11381254,4.3235764,79.999979
44.769957,-638.38406,-0.10058896,0.50353118,0.1138571,4.3225005,79.999979
44.779957,-639.38521,-0.10144519,0.5036049,0.11390165,4.3214246,79.999979
44.789957,-640.26671,-0.1007948,0.50367861,0.11394621,4.3203487,79.999979
44.799957,-641.52675,-0.10054331,0.50375233,0.11399077,4.3192728,79.999979
44.809957,-646.03834,-0.10060068,0.50382605,0.11403533,4.3181969,79.999979
44.819957,-645.59031,-0.099907197,0.50389976,0.11407988,4.317121,79.999979
44.829957,-647.91357,-0.099865577,0.50397348,0.11412444,4.3160451,79.999979
44.839957,-646.29696,-0.10019638,0.5040472,0.114169,4.3149692,79.999979
44.849957,-644.97121,-0.10039232,0.50412092,0.11421356,4.3138933,79.999979
44.859957,-647.22661,-0.10039877,0.50419463,0.11425811,4.3128174,79.999979
44.869957,-653.4047,-0.10010333,0.50426835,0.11430267,4.3117415,79.999979
44.879957,-652.1109,-0.10001625,0.50445233,0.11407051,4.3211144,79.999979
44.889957,-653.47944,-0.10036602,0.50464908,0.11376506,4.3352833,79.999979
44.899957,-655.58317,-0.099625758,0.50484583,0.11345961,4.3494521,79.999979
44.909957,-656.7221,-0.10026886,0.50504258,0.11315416,4.3636209,79.999979
44.919957,-658.83162,-0.099359101,0.50523933,0.11284871,4.3777898,79.999979
44.929957,-662.38586,-0.1004049,0.50543608,0.11254326,4.3919586,79.999979
44.939957,-662.78165,-0.10034624,0.50563283,0.11223781,4.4061274,79.999979
44.949957,-665.07078,-0.10023886,0.50582958,0.11193236,4.4202963,79.999979
44.959957,-663.4076,-0.099804899,0.50602633,0.11162692,4.4344651,79.999979
44.969957,-663.03785,-0.099229493,0.50622308,0.11132147,4.448634,79.999979
44.979957,-667.6654,-0.099920379,0.50641983,0.11101602,4.4628028,79.999979
44.989957,-670.67114,-0.099900383,0.50661658,0.11071057,4.4769716,79.999979
44.999957,-670.63757,-0.099783623,0.50681333,0.11040512,4.4911405,79.999979
45.009957,-673.18309,-0.099797296,0.50701008,0.11009967,4.5053093,79.999979
45.019957,-671.77384,-0.099608051,0.50720683,0.10979422,4.5194782,79.999979
45.029957,-670.35023,-0.099471226,0.50740358,0.10948877,4.533647,79.999979
45.039957,-675.46457,-0.099995766,0.50760033,0.10918333,4.5478158,79.999979
45.049957,-676.88287,-0.10005519,0.50753262,0.10921899,4.5482572,79.999979
45.059957,-676.71508,-0.098740076,0.50736571,0.10938262,4.5405144,79.999979
45.069957,-680.95394,-0.099562222,0.50719879,0.10954624,4.5327716,79.999979
45.079957,-678.74081,-0.099357333,0.50703188,0.10970987,4.5250288,79.999979
45.089957,-679.81447,-0.099434415,0.50686496,0.10987349,4.517286,79.999979
45.099957,-680.49738,-0.098802229,0.50669805,0.11003712,4.5095432,79.999979
45.109957,-683.17539,-0.099784683,0.50653114,0.11020075,4.5018004,79.999979
45.119957,-684.68185,-0.099004907,0.50636422,0.11036437,4.4940576,79.999979
45.129957,-687.6002,-0.098225588,0.50619731,0.110528,4.4863148,79.999979
45.139957,-685.17901,-0.099019199,0.5060304,0.11069163,4.478572,79.999979
45.149957,-684.58176,-0.099019199,0.50586348,0.11085525,4.4708292,79.999979
45.159957,-685.23689,-0.098882422,0.50569657,0.11101888,4.4630864,79.999979
45.169957,-689.91853,-0.098698086,0.50552965,0.1111825,4.4553436,79.999979
45.179957,-693.60152,-0.098936631,0.50536274,0.11134613,4.4476008,79.999979
45.189957,-694.26739,-0.099790801,0.50519583,0.11150976,4.439858,79.999979
45.199957,-692.64856,-0.099783414,0.50502891,0.11167338,4.4321152,79.999979
45.209957,-692.74942,-0.099776026,0.50475254,0.11207897,4.4243723,79.999979
45.219957,-694.20375,-0.099771292,0.50445129,0.11258386,4.4095397,79.999979
45.229957,-696.98415,-0.09834423,0.50415003,0.11308876,4.386357,79.999979
45.239957,-698.30892,-0.098917016,0.50384878,0.11359366,4.3631744,79.999979
45.249957,-698.5121,-0.099108548,0.50354752,0.11409856,4.3399918,79.999979
45.259957,-700.2394,-0.098731056,0.50324627,0.11460345,4.3168091,79.999979
45.269957,-700.08966,-0.098163053,0.50294501,0.11510835,4.2936265,79.999979
45.279957,-700.00095,-0.098446825,0.50264376,0.11561325,4.2704439,79.999979
45.289957,-698.67042,-0.098941577,0.50234251,0.11611815,4.2472612,79.999979
45.299957,-702.90929,-0.098893622,0.50204125,0.11662305,4.2240786,79.999979
45.309957,-703.78039,-0.098897739,0.50174,0.11712794,4.200896,79.999979
45.319957,-701.98448,-0.099172869,0.50143874,0.11763284,4.1777133,79.999979
45.329957,-702.70044,-0.098496069,0.50113749,0.11813774,4.1545307,79.999979
45.339957,-704.29153,-0.09781927,0.50083624,0.11864264,4.1313481,79.999979
45.349957,-705.03223,-0.097677334,0.50053498,0.11914754,4.1081654,79.999979
45.359957,-707.81689,-0.097906823,0.50023373,0.11965243,4.0849828,79.999979
45.369957,-707.8202,-0.097978312,0.50030454,0.11962762,4.0810668,79.999979
45.379957,-707.68283,-0.098246089,0.50049593,0.11943115,4.0898109,79.999979
45.389957,-710.30516,-0.098016059,0.50068731,0.11923468,4.0985551,79.999979
45.399957,-710.30516,-0.098195672,0.50087869,0.11903821,4.1072993,79.999979
45.409957,-709.82216,-0.098935905,0.50107007,0.11884174,4.1160434,79.999979
45.419957,-712.46709,-0.098673641,0.50126145,0.11864528,4.1247876,79.999979
45.429957,-713.65989,-0.098740911,0.50145284,0.11844881,4.1335318,79.999979
45.439957,-714.33126,-0.098099849,0.50164422,0.11825234,4.1422759,79.999979
45.449957,-715.04954,-0.097991904,0.5018356,0.11805587,4.1510201,79.999979
45.459957,-715.82528,-0.098024799,0.50202698,0.11785941,4.1597643,79.999979
45.469957,-713.49655,-0.097930419,0.50221837,0.11766294,4.1685084,79.999979
45.479957,-714.97154,-0.098686544,0.50240975,0.11746647,4.1772526,79.999979
45.489957,-718.19121,-0.098203409,0.50260113,0.11727,4.1859968,79.999979
45.499957,-717.11134,-0.098283332,0.50279251,0.11707353,4.1947409,79.999979
45.509957,-719.74512,-0.098221831,0.50298389,0.11687707,4.2034851,79.999979
45.519957,-719.76568,-0.097998154,0.50317528,0.1166806,4.2122293,79.999979
45.529957,-719.78624,-0.098049421,0.50336666,0.11648413,4.2209734,79.999979
45.539957,-719.21459,-0.098515529,0.50347645,0.11627692,4.2297258,79.999979
45.549957,-721.60225,-0.098286502,0.50304425,0.11594281,4.2387942,79.999979
45.559957,-720.21006,-0.098257806,0.50261204,0.1156087,4.2478626,79.999979
45.569957,-722.53143,-0.098346106,0.50217984,0.11527459,4.2569309,79.999979
45.579957,-724.46349,-0.098444881,0.50174764,0.11494047,4.2659993,79.999979
45.589957,-722.78655,-0.097941978,0.50131544,0.11460636,4.2750677,79.999979
45.599957,-723.01494,-0.097419571,0.50088323,0.11427225,4.284136,79.999979
45.609957,-724.40895,-0.0981268,0.50045103,0.11393814,4.2932044,79.999979
45.619956,-725.86487,-0.098114757,0.50001883,0.11360403,4.3022728,79.999979
45.629956,-728.89668,-0.097763231,0.49958663,0.11326992,4.3113411,79.999979
45.639956,-728.01681,-0.097960089,0.49915442,0.1129358,4.3204095,79.999979
45.649956,-726.78925,-0.097694669,0.49872222,0.11260169,4.3294779,79.999979
45.659956,-727.42958,-0.097621619,0.49829002,0.11226758,4.3385462,79.999979
45.669956,-728.7565,-0.097611879,0.49785782,0.11193347,4.3476146,79.999979
45.679956,-731.58348,-0.097834699,0.4974852,0.11164269,4.356683,79.999979
45.689956,-733.59543,-0.097930021,0.49739016,0.11187313,4.347384,79.999979
45.699956,-734.29593,-0.097520838,0.49729512,0.11210357,4.3376474,79.999979
45.709956,-732.5779,-0.097384361,0.49720008,0.11233402,4.3279109,79.999979
45.719956,-732.97785,-0.096844066,0.49710504,0.11256446,4.3181743,79.999979
45.729956,-736.90341,-0.097783352,0.49701,0.1127949,4.3084377,79.999979
45.739956,-736.61933,-0.098903702,0.49691496,0.11302535,4.2987012,79.999979
45.749956,-738.20128,-0.096837249,0.49681992,0.11325579,4.2889646,79.999979
45.759956,-738.53242,-0.097721321,0.49672488,0.11348623,4.279228,79.999979
45.769956,-737.43359,-0.09746821,0.49662985,0.11371667,4.2694915,79.999979
45.779956,-736.72643,-0.0970294,0.49653481,0.11394712,4.2597549,79.999979
45.789956,-739.79214,-0.097113081,0.49643977,0.11417756,4.2500183,79.999979
45.799956,-742.51729,-0.097004317,0.49634473,0.114408,4.2402818,79.999979
45.809956,-741.96207,-0.096754489,0.49624969,0.11463845,4.2305452,79.999979
45.819956,-741.94181,-0.096982074,0.49615465,0.11486889,4.2208086,79.999979
45.829956,-741.5509,-0.097384859,0.49605961,0.11509933,4.2110721,79.999979
45.839956,-741.95066,-0.097475107,0.49596457,0.11532978,4.2013355,79.999979
45.849956,-744.73668,-0.097011478,0.49586953,0.11556022,4.1915989,79.999979
45.859956,-744.19456,-0.096438532,0.49573966,0.1152084,4.2028708,79.999979
45.869956,-747.93585,-0.097400023,0.49560923,0.11481378,4.2170313,79.999979
45.879956,-745.63671,-0.096066025,0.4954788,0.11441916,4.2311918,79.999979
45.889956,-747.34305,-0.096510196,0.49534836,0.11402454,4.2453523,79.999979
45.899956,-747.16695,-0.096510196,0.49521793,0.11362991,4.2595128,79.999979
45.909956,-746.47823,-0.096774799,0.4950875,0.11323529,4.2736733,79.999979
45.919956,-750.0293,-0.096175802,0.49495706,0.11284067,4.2878338,79.999979
45.929956,-752.50063,-0.097294302,0.49482663,0.11244605,4.3019943,79.999979
45.939956,-749.0326,-0.096624448,0.4946962,0.11205143,4.3161548,79.999979
45.949956,-750.56264,-0.096304699,0.49456576,0.11165681,4.3303153,79.999979
45.959956,-751.39172,-0.096795667,0.49443533,0.11126219,4.3444758,79.999979
45.969956,-754.32522,-0.097352184,0.4943049,0.11086756,4.3586363,79.999979
45.979956,-754.18533,-0.096760839,0.49417446,0.11047294,4.3727968,79.999979
45.989956,-755.72338,-0.096353643,0.49404403,0.11007832,4.3869573,79.999979
45.999956,-755.07905,-0.096187717,0.4940049,0.10972144,4.4011178,79.999979
46.009956,-757.53008,-0.096006856,0.49443088,0.10991554,4.3985803,79.999979
46.019956,-758.23963,-0.096317419,0.49485685,0.11010964,4.3946126,79.999979
46.029956,-758.85391,-0.096458026,0.49528282,0.11030373,4.3906449,79.999979
46.039956,-759.49601,-0.096502874,0.4957088,0.11049783,4.3866771,79.999979
46.049956,-759.83521,-0.097021046,0.49613477,0.11069192,4.3827094,79.999979
46.059956,-759.77624,-0.096557295,0.49656074,0.11088602,4.3787417,79.999979
46.069956,-760.6525,-0.096484512,0.49698672,0.11108011,4.374774,79.999979
46.079956,-761.14396,-0.095995953,0.49741269,0.11127421,4.3708062,79.999979
46.089956,-762.3467,-0.096116824,0.49783866,0.11146831,4.3668385,79.999979
46.099956,-762.33453,-0.096301974,0.49826464,0.1116624,4.3628708,79.999979
46.109956,-764.40454,-0.097198569,0.49869061,0.1118565,4.3589031,79.999979
46.119956,-766.08058,-0.09723239,0.49911658,0.11205059,4.3549353,79.999979
46.129956,-767.59043,-0.096462264,0.49954255,0.11224469,4.3509676,79.999979
46.139956,-768.60089,-0.096469906,0.49996853,0.11243879,4.3469999,79.999979
46.149956,-767.93814,-0.096469906,0.5003945,0.11263288,4.3430322,79.999979
46.159956,-768.16847,-0.095941246,0.50082047,0.11282698,4.3390644,79.999979
46.169956,-766.65013,-0.096818588,0.50053681,0.11304343,4.3290248,79.999979
46.179956,-769.25073,-0.095633042,0.50015764,0.1132629,4.317724,79.999979
46.189956,-768.85936,-0.09630579,0.49977847,0.11348236,4.3064232,79.999979
46.199956,-770.93301,-0.096864014,0.4993993,0.11370183,4.2951223,79.999979
46.209956,-771.61546,-0.095895893,0.49902013,0.11392129,4.2838215,79.999979
46.219956,-770.37092,-0.095721835,0.49864096,0.11414076,4.2725206,79.999979
46.229956,-771.71789,-0.095617305,0.49826179,0.11436022,4.2612198,79.999979
46.239956,-775.49655,-0.095309267,0.49788262,0.11457968,4.2499189,79.999979
46.249956,-774.82946,-0.096703366,0.49750345,0.11479915,4.2386181,79.999979
46.259956,-775.74245,-0.096902256,0.49712428,0.11501861,4.2273172,79.999979
46.269956,-776.61701,-0.095975153,0.49674511,0.11523808,4.2160164,79.999979
46.279956,-773.35792,-0.096088274,0.49636594,0.11545754,4.2047155,79.999979
46.289956,-778.07229,-0.095770848,0.49598677,0.11567701,4.1934147,79.999979
46.299956,-779.57941,-0.095508981,0.4956076,0.11589647,4.1821138,79.999979
46.309956,-777.65572,-0.096026455,0.49522843,0.11611593,4.170813,79.999979
46.319956,-778.24212,-0.096226148,0.49484926,0.1163354,4.1595121,79.999979
46.329956,-777.62186,-0.096176956,0.49447009,0.11655486,4.1482113,79.999979
46.339956,-777.85382,-0.096324577,0.49409092,0.11677433,4.1369104,79.999979
46.349956,-780.02702,-0.095300557,0.49473169,0.11675029,4.1326196,79.999979
46.359956,-782.40674,-0.095831768,0.49545985,0.11667086,4.1420652,79.999979
46.369956,-781.24389,-0.09665486,0.49618801,0.11659143,4.1515108,79.999979
46.379956,-783.13599,-0.09646147,0.49691616,0.11651199,4.1609564,79.999979
46.389956,-785.16719,-0.095366269,0.49764432,0.11643256,4.170402,79.999979
46.399956,-783.68211,-0.095045633,0.49837248,0.11635313,4.1798476,79.999979
46.409956,-785.5427,-0.095163845,0.49910063,0.1162737,4.1892932,79.999979
46.419956,-786.0048,-0.096642971,0.49982879,0.11619427,4.1987389,79.999979
46.429956,-786.8564,-0.095433075,0.50055695,0.11611484,4.2081845,79.999979
46.439956,-788.7702,-0.095539646,0.50128511,0.1160354,4.2176301,79.999979
46.449956,-787.93773,-0.095035432,0.50201326,0.11595597,4.2270757,79.999979
46.459956,-787.10526,-0.09545983,0.50274142,0.11587654,4.2365213,79.999979
46.469956,-788.9825,-0.096353797,0.50346958,0.11579711,4.2459669,79.999979
46.479956,-793.40185,-0.094867818,0.50419773,0.11571768,4.2554126,79.999979
46.489956,-791.46745,-0.095291677,0.50414953,0.11552839,4.2637823,79.999979
46.499956,-794.41574,-0.095510662,0.50365111,0.11523997,4.2706734,79.999979
46.509956,-792.3704,-0.095591943,0.5031527,0.11495156,4.2775645,79.999979
46.519956,-793.62578,-0.095652905,0.50265428,0.11466314,4.2844556,79.999979
46.529956,-794.57265,-0.095229461,0.50215587,0.11437473,4.2913466,79.999979
46.539956,-796.39223,-0.095567627,0.50165745,0.11408631,4.2982377,79.999979
46.549956,-795.8224,-0.095108985,0.50115904,0.1137979,4.3051288,79.999979
46.559956,-798.90166,-0.094583299,0.50066062,0.11350948,4.3120199,79.999979
46.569956,-797.3288,-0.095065463,0.50016221,0.11322106,4.318911,79.999979
46.579956,-797.3288,-0.09552464,0.49966379,0.11293265,4.3258021,79.999979
46.589956,-797.90557,-0.094941845,0.49916538,0.11264423,4.3326932,79.999979
46.599956,-799.66227,-0.095399282,0.49866697,0.11235582,4.3395843,79.999979
46.609956,-802.40836,-0.095854827,0.49816855,0.1120674,4.3464753,79.999979
46.619956,-802.87097,-0.094773099,0.49767014,0.11177899,4.3533664,79.999979
46.629956,-801.70351,-0.09495823,0.49717172,0.11149057,4.3602575,79.999979
46.639956,-801.54078,-0.095089477,0.49667331,0.11120215,4.3671486,79.999979
46.649956,-802.15312,-0.095174447,0.49617489,0.11091374,4.3740397,79.999979
46.659956,-805.45647,-0.094608694,0.49567753,0.11062532,4.3809308,79.999979
46.669955,-807.32934,-0.095971093,0.49618688,0.11083351,4.3767772,79.999979
46.679955,-808.04918,-0.094064624,0.49669623,0.11106764,4.3720465,79.999979
46.689955,-808.30188,-0.09437316,0.49720557,0.11130177,4.3673157,79.999979
46.699955,-806.87979,-0.094511106,0.49771492,0.1115359,4.362585,79.999979
46.709955,-809.00829,-0.094278444,0.49822427,0.11177004,4.3578543,79.999979
46.719955,-811.47063,-0.09515129,0.49873361,0.11200417,4.3531236,79.999979
46.729955,-811.46336,-0.094420018,0.49924296,0.1122383,4.3483928,79.999979
46.739955,-814.10881,-0.095388436,0.49975231,0.11247244,4.3436621,79.999979
46.749955,-812.31449,-0.093760418,0.50026166,0.11270657,4.3389314,79.999979
46.759955,-814.0347,-0.094070817,0.500771,0.1129407,4.3342006,79.999979
46.769955,-814.85405,-0.094381216,0.50128035,0.11317483,4.3294699,79.999979
46.779955,-814.94724,-0.09544341,0.5017897,0.11340897,4.3247392,79.999979
46.789955,-819.27838,-0.095107239,0.50229904,0.1136431,4.3200084,79.999979
46.799955,-817.9808,-0.094434546,0.50280839,0.11387723,4.3152777,79.999979
46.809955,-817.3289,-0.093664275,0.50307331,0.11398776,4.3122971,79.999979
46.819955,-819.90423,-0.093023376,0.50289383,0.11359772,4.3266426,79.999979
46.829955,-819.77989,-0.094262139,0.50271435,0.11320768,4.340988,79.999979
46.839955,-821.93728,-0.095072404,0.50253487,0.11281764,4.3553334,79.999979
46.849955,-822.32298,-0.093886262,0.50235539,0.1124276,4.3696789,79.999979
46.859955,-824.17086,-0.093588853,0.50217592,0.11203756,4.3840243,79.999979
46.869955,-822.46221,-0.094065832,0.50199644,0.11164752,4.3983698,79.999979
46.879955,-824.33385,-0.093269099,0.50181696,0.11125748,4.4127152,79.999979
46.889955,-824.33385,-0.093518992,0.50163748,0.11086744,4.4270607,79.999979
46.899955,-826.43555,-0.093622554,0.501458,0.1104774,4.4414061,79.999979
46.909955,-827.88751,-0.09466202,0.50127852,0.11008736,4.4557516,79.999979
46.919955,-828.7088,-0.094400901,0.50109904,0.10969732,4.470097,79.999979
46.929955,-829.49331,-0.093453743,0.50091956,0.10930728,4.4844425,79.999979
46.939955,-831.30469,-0.093795206,0.50074008,0.10891724,4.4987879,79.999979
46.949955,-829.87355,-0.093666653,0.5005606,0.1085272,4.5131334,79.999979
46.959955,-829.0244,-0.093284165,0.50038112,0.10813716,4.5274788,79.999979
46.969955,-832.77962,-0.093618002,0.50020164,0.10774712,4.5418243,79.999979
46.979955,-832.98478,-0.094029701,0.50068845,0.10783396,4.543018,79.999979
46.989955,-832.47574,-0.093655693,0.50124789,0.10800599,4.5408395,79.999979
46.999955,-837.56819,-0.093136953,0.50180732,0.10817802,4.5386609,79.999979
47.009955,-836.58211,-0.093806014,0.50236675,0.10835006,4.5364823,79.999979
47.019955,-836.64949,-0.094331021,0.50292619,0.10852209,4.5343037,79.999979
47.029955,-835.73139,-0.093643813,0.50348562,0.10869413,4.5321251,79.999979
47.039955,-834.46117,-0.093604373,0.50404505,0.10886616,4.5299466,79.999979
47.049955,-838.58851,-0.093421109,0.50460448,0.10903819,4.527768,79.999979
47.059955,-840.03705,-0.093424724,0.50516392,0.10921023,4.5255894,79.999979
47.069955,-840.50933,-0.093693798,0.50572335,0.10938226,4.5234108,79.999979
47.079955,-842.61444,-0.093124324,0.50628278,0.1095543,4.5212322,79.999979
47.089955,-842.18343,-0.093139385,0.50684222,0.10972633,4.5190536,79.999979
47.099955,-839.61684,-0.09350506,0.50740165,0.10989836,4.5168751,79.999979
47.109955,-841.87662,-0.093191237,0.50796108,0.1100704,4.5146965,79.999979
47.119955,-843.58589,-0.093646499,0.50852051,0.11024243,4.5125179,79.999979
47.129955,-843.13194,-0.093153089,0.50876112,0.11048079,4.5071553,79.999979
47.139955,-844.51438,-0.093474771,0.50855488,0.11086233,4.4902703,79.999979
47.149955,-843.06039,-0.09378413,0.50834863,0.11124387,4.4733853,79.999979
47.159955,-842.02214,-0.093551232,0.50814239,0.1116254,4.4565003,79.999979
47.169955,-846.17994,-0.094004407,0.50793614,0.11200694,4.4396153,79.999979
47.179955,-847.04747,-0.093513921,0.5077299,0.11238847,4.4227303,79.999979
47.189955,-846.35148,-0.092527109,0.50752365,0.11277001,4.4058453,79.999979
47.199955,-848.76294,-0.092607013,0.50731741,0.11315155,4.3889604,79.999979
47.209955,-848.40981,-0.092601555,0.50711116,0.11353308,4.3720754,79.999979
47.219955,-846.79159,-0.092896379,0.50690492,0.11391462,4.3551904,79.999979
47.229955,-849.11611,-0.093950195,0.50669868,0.11429615,4.3383054,79.999979
47.239955,-851.46209,-0.092295644,0.50649243,0.11467769,4.3214204,79.999979
47.249955,-849.05684,-0.093785035,0.50628619,0.11505923,4.3045354,79.999979
47.259955,-852.0822,-0.093149893,0.50607994,0.11544076,4.2876504,79.999979
47.269955,-851.42558,-0.0932347,0.5058737,0.1158223,4.2707654,79.999979
47.279955,-849.59989,-0.093502411,0.50566745,0.11620383,4.2538804,79.999979
47.289955,-852.95744,-0.092531234,0.50546121,0.11658537,4.2369955,79.999979
47.299955,-852.64612,-0.093208529,0.50532972,0.11654554,4.2355143,79.999979
47.309955,-852.54687,-0.092721768,0.50527609,0.11606692,4.2541636,79.999979
47.319955,-855.71684,-0.093141609,0.50522245,0.11558831,4.2728129,79.999979
47.329955,-854.71652,-0.092803354,0.50516881,0.1151097,4.2914622,79.999979
47.339955,-853.54119,-0.092803354,0.50511517,0.11463108,4.3101115,79.999979
47.349955,-853.87375,-0.092500536,0.50506154,0.11415247,4.3287607,79.999979
47.359955,-854.54479,-0.093058967,0.5050079,0.11367386,4.34741,79.999979
47.369955,-855.45484,-0.093690717,0.50495426,0.11319524,4.3660593,79.999979
47.379955,-857.46189,-0.093423463,0.50490062,0.11271663,4.3847086,79.999979
47.389955,-856.35762,-0.092719572,0.50484699,0.11223802,4.4033578,79.999979
47.399955,-857.61715,-0.092563016,0.50479335,0.11175941,4.4220071,79.999979
47.409955,-855.427,-0.092895673,0.50473971,0.11128079,4.4406564,79.999979
47.419955,-856.46264,-0.093200087,0.50468607,0.11080218,4.4593057,79.999979
47.429955,-858.18749,-0.091576889,0.50463244,0.11032357,4.477955,79.999979
47.439955,-860.53357,-0.09262844,0.5045788,0.10984495,4.4966042,79.999979
47.449955,-860.64078,-0.093388468,0.50452516,0.10936634,4.5152535,79.999979
47.459955,-860.57562,-0.093247256,0.50447153,0.10888773,4.5339028,79.999979
47.469955,-860.02365,-0.093106044,0.50414693,0.10858736,4.5438505,79.999979
47.479955,-860.01062,-0.093234592,0.50359406,0.10864569,4.5362881,79.999979
47.489955,-860.00719,-0.092667693,0.5030412,0.10870401,4.5287256,79.999979
47.499955,-862.29357,-0.09319717,0.50248833,0.10876233,4.5211632,79.999979
47.509955,-860.33337,-0.092703356,0.50193547,0.10882066,4.5136008,79.999979
47.519955,-860.81274,-0.092015822,0.5013826,0.10887898,4.5060384,79.999979
47.529955,-862.04507,-0.092358158,0.50082974,0.10893731,4.498476,79.999979
47.539955,-863.43389,-0.092414088,0.50027687,0.10899563,4.4909136,79.999979
47.549955,-863.27825,-0.092282888,0.499724,0.10905395,4.4833512,79.999979
47.559955,-865.04701,-0.093148419,0.49917114,0.10911228,4.4757887,79.999979
47.569955,-863.9525,-0.092597921,0.49861827,0.1091706,4.4682263,79.999979
47.579955,-864.39643,-0.092677033,0.49806541,0.10922893,4.4606639,79.999979
47.589955,-865.29658,-0.092756146,0.49751254,0.10928725,4.4531015,79.999979
47.599955,-866.17937,-0.09362099,0.49695968,0.10934557,4.4455391,79.999979
47.609955,-863.76133,-0.093297527,0.49640681,0.1094039,4.4379767,79.999979
47.619955,-863.79838,-0.09279061,0.49592234,0.10946222,4.4304142,79.999979
47.629955,-865.55001,-0.09195103,0.49667091,0.10994251,4.4178087,79.999979
47.639955,-867.99724,-0.092696668,0.49741947,0.11044391,4.404951,79.999979
47.649955,-868.76569,-0.092931363,0.49816804,0.11094531,4.3920932,79.999979
47.659955,-868.94333,-0.092971885,0.49891661,0.11144671,4.3792355,79.999979
47.669955,-867.47432,-0.093118793,0.49966518,0.11194811,4.3663777,79.999979
47.679955,-866.9472,-0.09230469,0.50041375,0.11244951,4.3535199,79.999979
47.689955,-868.37199,-0.091615959,0.50116232,0.11295091,4.3406622,79.999979
47.699955,-870.14736,-0.092016774,0.50191089,0.11345231,4.3278044,79.999979
47.709955,-870.57506,-0.092454376,0.50265946,0.11395371,4.3149467,79.999979
47.719954,-869.78999,-0.092554086,0.50340803,0.11445511,4.3020889,79.999979
47.729954,-868.31712,-0.092697853,0.5041566,0.1149565,4.2892311,79.999979
47.739954,-870.01121,-0.092063608,0.50490517,0.1154579,4.2763734,79.999979
47.749954,-870.51945,-0.092669372,0.50565374,0.1159593,4.2635156,79.999979
47.759954,-871.79402,-0.092554244,0.50640231,0.1164607,4.2506579,79.999979
47.769954,-871.27639,-0.092370675,0.50715088,0.1169621,4.2378001,79.999979
47.779954,-870.62155,-0.092187461,0.50789945,0.1174635,4.2249423,79.999979
47.789954,-871.60116,-0.092460632,0.50787451,0.11755781,4.2200968,79.999979
47.799954,-871.45213,-0.091929077,0.50713081,0.11727385,4.2244276,79.999979
47.809954,-873.12673,-0.092158311,0.50638711,0.11698988,4.2287585,79.999979
47.819954,-872.95982,-0.09201464,0.50564341,0.11670592,4.2330893,79.999979
47.829954,-873.47743,-0.091845102,0.50489971,0.11642195,4.2374202,79.999979
47.839954,-874.17939,-0.091861021,0.50415601,0.11613799,4.241751,79.999979
47.849954,-872.64028,-0.09168454,0.50341231,0.11585403,4.2460819,79.999979
47.859954,-872.4713,-0.09216038,0.50266861,0.11557006,4.2504128,79.999979
47.869954,-875.02275,-0.093729748,0.50192491,0.1152861,4.2547436,79.999979
47.879954,-875.86544,-0.092171729,0.50118121,0.11500214,4.2590745,79.999979
47.889954,-876.35324,-0.092781947,0.50043751,0.11471817,4.2634053,79.999979
47.899954,-876.84105,-0.093200279,0.49969381,0.11443421,4.2677362,79.999979
47.909954,-875.85436,-0.091419239,0.49895011,0.11415025,4.2720671,79.999979
47.919954,-875.04692,-0.092346004,0.49820641,0.11386628,4.2763979,79.999979
47.929954,-877.01182,-0.091907043,0.49746271,0.11358232,4.2807288,79.999979
47.939954,-877.61022,-0.092464874,0.49728908,0.11345526,4.2830332,79.999979
47.949954,-877.45995,-0.09205082,0.49752908,0.11359304,4.2798927,79.999979
47.959954,-875.63352,-0.091912253,0.49776908,0.11373082,4.2767523,79.999979
47.969954,-874.73604,-0.092266316,0.49800908,0.11386861,4.2736118,79.999979
47.979954,-878.79081,-0.09203176,0.49824907,0.11400639,4.2704713,79.999979
47.989954,-878.33161,-0.092383108,0.49848907,0.11414417,4.2673308,79.999979
47.999954,-878.06025,-0.092043595,0.49872907,0.11428196,4.2641904,79.999979
48.009954,-879.68212,-0.091907098,0.49896907,0.11441974,4.2610499,79.999979
48.019954,-878.21333,-0.091892544,0.49920906,0.11455752,4.2579094,79.999979
48.029954,-875.87908,-0.091877989,0.49944906,0.1146953,4.2547689,79.999979
48.039954,-878.29593,-0.091699716,0.49968906,0.11483309,4.2516285,79.999979
48.049954,-881.26259,-0.091898705,0.49992906,0.11497087,4.248488,79.999979
48.059954,-881.37882,-0.092311528,0.50016905,0.11510865,4.2453475,79.999979
48.069954,-881.89066,-0.091819846,0.50040905,0.11524643,4.242207,79.999979
48.079954,-880.37325,-0.091779175,0.50064905,0.11538422,4.2390666,79.999979
48.089954,-879.55495,-0.09228146,0.50088904,0.115522,4.2359261,79.999979
48.099954,-882.69656,-0.09171808,0.50112904,0.11565978,4.2327856,79.999979
48.109954,-883.8342,-0.091246826,0.50110161,0.11527,4.2482181,79.999979
48.119954,-882.04918,-0.091624273,0.5010255,0.11478418,4.2670313,79.999979
48.129954,-880.63979,-0.092912057,0.50094938,0.11429837,4.2858446,79.999979
48.139954,-881.21348,-0.092182084,0.50087327,0.11381256,4.3046578,79.999979
48.149954,-882.44378,-0.091346149,0.50079716,0.11332674,4.3234711,79.999979
48.159954,-880.85379,-0.091827076,0.50072104,0.11284093,4.3422843,79.999979
48.169954,-887.58268,-0.091048111,0.50064493,0.11235512,4.3610976,79.999979
48.179954,-885.60138,-0.090963925,0.50056882,0.1118693,4.3799108,79.999979
48.189954,-885.92645,-0.091780625,0.50049271,0.11138349,4.398724,79.999979
48.199954,-884.49292,-0.091875107,0.50041659,0.11089767,4.4175373,79.999979
48.209954,-885.28383,-0.091527819,0.50034048,0.11041186,4.4363505,79.999979
48.219954,-886.22405,-0.091296702,0.50026437,0.10992605,4.4551638,79.999979
48.229954,-887.59323,-0.091611979,0.50018825,0.10944023,4.473977,79.999979
48.239954,-886.599,-0.091555945,0.50011214,0.10895442,4.4927903,79.999979
48.249954,-887.38531,-0.091143265,0.50003603,0.1084686,4.5116035,79.999979
48.259954,-887.37005,-0.09204839,0.49995992,0.10798279,4.5304167,79.999979
48.269954,-888.64252,-0.091728731,0.49988402,0.10749698,4.54923,79.999979
48.279954,-889.52156,-0.091409072,0.49989059,0.10738641,4.5556953,79.999979
48.289954,-888.13509,-0.092147243,0.49989716,0.10751891,4.5501431,79.999979
48.299954,-888.68602,-0.091659067,0.49990373,0.1076514,4.544591,79.999979
48.309954,-888.73954,-0.091916958,0.4999103,0.1077839,4.5390389,79.999979
48.319954,-888.4332,-0.091152993,0.49991687,0.1079164,4.5334868,79.999979
48.329954,-889.36525,-0.091236605,0.49992344,0.10804889,4.5279346,79.999979
48.339954,-890.55189,-0.092010929,0.49993001,0.10818139,4.5223825,79.999979
48.349954,-890.94727,-0.091853948,0.49993658,0.10831389,4.5168304,79.999979
48.359954,-891.71101,-0.092180364,0.49994315,0.10844638,4.5112782,79.999979
48.369954,-893.61581,-0.091783736,0.49994972,0.10857888,4.5057261,79.999979
48.379954,-892.30437,-0.090903221,0.49995629,0.10871137,4.500174,79.999979
48.389954,-892.96344,-0.091802933,0.49996286,0.10884387,4.4946219,79.999979
48.399954,-893.33018,-0.09152092,0.49996943,0.10897637,4.4890697,79.999979
48.409954,-894.73654,-0.091810645,0.499976,0.10910886,4.4835176,79.999979
48.419954,-895.18884,-0.09110488,0.50004669,0.10921038,4.4779655,79.999979
48.429954,-895.30106,-0.09137109,0.50032193,0.10911927,4.4837391,79.999979
48.439954,-895.58282,-0.091968915,0.50059716,0.10902816,4.4902526,79.999979
48.449954,-895.95358,-0.092271271,0.5008724,0.10893705,4.4967661,79.999979
48.459954,-896.06565,-0.092692689,0.50114763,0.10884595,4.5032796,79.999979
48.469954,-897.76825,-0.091879378,0.50142287,0.10875484,4.5097931,79.999979
48.479954,-895.94744,-0.091404981,0.5016981,0.10866373,4.5163066,79.999979
48.489954,-901.09999,-0.091454882,0.50197334,0.10857262,4.5228201,79.999979
48.499954,-899.50201,-0.09161366,0.50224857,0.10848152,4.5293336,79.999979
48.509954,-899.74027,-0.091741091,0.5025238,0.10839041,4.5358471,79.999979
48.519954,-899.74027,-0.091741091,0.50279904,0.1082993,4.5423606,79.999979
48.529954,-900.73208,-0.092121091,0.50307427,0.10820819,4.5488741,79.999979
48.539954,-900.26902,-0.091557217,0.50334951,0.10811709,4.5553876,79.999979
48.549954,-903.20782,-0.090311914,0.50362474,0.10802598,4.5619011,79.999979
48.559954,-903.56578,-0.09109453,0.50389998,0.10793487,4.5684146,79.999979
48.569954,-903.59942,-0.090497221,0.50417521,0.10784376,4.5749281,79.999979
48.579954,-904.0748,-0.090557494,0.50445045,0.10775266,4.5814416,79.999979
48.589954,-904.32258,-0.091676195,0.50472568,0.10766155,4.5879551,79.999979
48.599954,-905.35,-0.091283609,0.50472948,0.1076276,4.5897775,79.999979
48.609954,-906.72537,-0.091211136,0.50440663,0.10767895,4.5845999,79.999979
48.619954,-905.63426,-0.091380727,0.50408379,0.1077303,4.5794224,79.999979
48.629954,-904.68885,-0.091065679,0.50376095,0.10778165,4.5742449,79.999979
48.639954,-905.22519,-0.091261235,0.5034381,0.107833,4.5690673,79.999979
48.649954,-905.85349,-0.091058604,0.50311526,0.10788434,4.5638898,79.999979
48.659954,-906.48179,-0.090855973,0.50279242,0.10793569,4.5587123,79.999979
48.669954,-907.11,-0.090623848,0.50246957,0.10798704,4.5535347,79.999979
48.679954,-907.73801,-0.09027843,0.50214673,0.10803839,4.5483572,79.999979
48.689954,-909.47519,-0.09146419,0.50182389,0.10808974,4.5431797,79.999979
48.699954,-908.6905,-0.091754521,0.50150104,0.10814108,4.5380021,79.999979
48.709954,-906.8304,-0.091644553,0.5011782,0.10819243,4.5328246,79.999979
48.719954,-908.96988,-0.090832394,0.50085535,0.10824378,4.527647,79.999979
48.729954,-909.46065,-0.090133833,0.50053251,0.10829513,4.5224695,79.999979
48.739954,-909.83713,-0.090554917,0.50020967,0.10834648,4.517292,79.999979
48.749954,-910.59412,-0.091159248,0.49988682,0.10839782,4.5121144,79.999979
48.759953,-914.69752,-0.091160527,0.50024665,0.1086554,4.5049972,79.999979
48.769953,-915.28078,-0.091056247,0.50069981,0.10894117,4.4973301,79.999979
48.779953,-915.28078,-0.091056247,0.50115296,0.10922694,4.489663,79.999979
48.789953,-912.67635,-0.091024824,0.50160611,0.10951271,4.4819959,79.999979
48.799953,-917.44231,-0.090585835,0.50205926,0.10979847,4.4743288,79.999979
48.809953,-916.67819,-0.091403739,0.50251241,0.11008424,4.4666617,79.999979
48.819953,-915.47263,-0.090679131,0.50296556,0.11037001,4.4589946,79.999979
48.829953,-916.91706,-0.090544124,0.50341871,0.11065578,4.4513275,79.999979
48.839953,-918.41055,-0.091178583,0.50387186,0.11094155,4.4436604,79.999979
48.849953,-917.65585,-0.091507963,0.50432501,0.11122731,4.4359933,79.999979
48.859953,-916.40062,-0.091412065,0.50477816,0.11151308,4.4283262,79.999979
48.869953,-917.89541,-0.091425482,0.50523131,0.11179885,4.4206591,79.999979
48.879953,-919.47579,-0.090126983,0.50568446,0.11208462,4.412992,79.999979
48.889953,-918.18375,-0.090338918,0.50613761,0.11237039,4.4053249,79.999979
48.899953,-918.97727,-0.090540591,0.50659076,0.11265616,4.3976578,79.999979
48.909953,-920.8939,-0.090577838,0.50702731,0.11292778,4.3899907,79.999979
48.919953,-922.34204,-0.091280856,0.50708272,0.11287447,4.392243,79.999979
48.929953,-922.5336,-0.089588247,0.50713812,0.11282117,4.3948473,79.999979
48.939953,-920.90169,-0.090120352,0.50719352,0.11276787,4.3974516,79.999979
48.949953,-923.57937,-0.089520691,0.50724893,0.11271457,4.4000558,79.999979
48.959953,-924.31184,-0.089696058,0.50730433,0.11266127,4.4026601,79.999979
48.969953,-924.42131,-0.0908151,0.50735973,0.11260797,4.4052643,79.999979
48.979953,-925.09013,-0.091054391,0.50741514,0.11255467,4.4078686,79.999979
48.989953,-925.40985,-0.091556944,0.50747054,0.11250136,4.4104729,79.999979
48.999953,-926.10033,-0.091272246,0.50752594,0.11244806,4.4130771,79.999979
49.009953,-926.43941,-0.090563935,0.50758135,0.11239476,4.4156814,79.999979
49.019953,-925.06035,-0.090591192,0.50763675,0.11234146,4.4182856,79.999979
49.029953,-923.8124,-0.090939318,0.50769215,0.11228816,4.4208899,79.999979
49.039953,-928.61646,-0.090765724,0.50774756,0.11223486,4.4234942,79.999979
49.049953,-929.09734,-0.089775248,0.50780296,0.11218156,4.4260984,79.999979
49.059953,-928.25004,-0.089945112,0.50785836,0.11212825,4.4287027,79.999979
49.069953,-927.96302,-0.090412752,0.50731679,0.11208904,4.4279834,79.999979
49.079953,-926.36742,-0.090593428,0.50647262,0.11206073,4.4214473,79.999979
49.089953,-927.91728,-0.090442782,0.50562844,0.11203242,4.4149112,79.999979
49.099953,-929.12772,-0.089577128,0.50478427,0.1120041,4.408375,79.999979
49.109953,-928.20649,-0.08972425,0.50394009,0.11197579,4.4018389,79.999979
49.119953,-928.2306,-0.090330252,0.50309592,0.11194748,4.3953028,79.999979
49.129953,-928.80615,-0.089727006,0.50225174,0.11191917,4.3887667,79.999979
49.139953,-929.33072,-0.090556856,0.50140757,0.11189086,4.3822306,79.999979
49.149953,-929.60476,-0.090510509,0.50056339,0.11186255,4.3756945,79.999979
49.159953,-930.83912,-0.09052832,0.49971922,0.11183423,4.3691583,79.999979
49.169953,-929.758,-0.090807497,0.49887504,0.11180592,4.3626222,79.999979
49.179953,-929.62692,-0.089929251,0.49803087,0.11177761,4.3560861,79.999979
49.189953,-933.48927,-0.090409615,0.49718669,0.1117493,4.34955,79.999979
49.199953,-930.59297,-0.090340411,0.49634252,0.11172099,4.3430139,79.999979
49.209953,-931.80019,-0.089718664,0.49549834,0.11169268,4.3364778,79.999979
49.219953,-933.05309,-0.089185327,0.49465417,0.11166436,4.3299416,79.999979
49.229953,-932.1595,-0.090550437,0.49380999,0.11163605,4.3234055,79.999979
49.239953,-931.19946,-0.090679735,0.49388497,0.11192465,4.31303,79.999979
49.249953,-933.49541,-0.08978174,0.494071,0.11225154,4.3021907,79.999979
49.259953,-931.66573,-0.090475533,0.49425703,0.11257843,4.2913514,79.999979
49.269953,-932.82661,-0.090053145,0.49444305,0.11290532,4.2805121,79.999979
49.279953,-933.46542,-0.090504797,0.49462908,0.11323221,4.2696727,79.999979
49.289953,-932.3916,-0.09019169,0.49481511,0.1135591,4.2588334,79.999979
49.299953,-933.66985,-0.089596144,0.49500113,0.11388599,4.2479941,79.999979
49.309953,-934.79481,-0.090704543,0.49518716,0.11421288,4.2371547,79.999979
49.319953,-932.71779,-0.090413639,0.49537318,0.11453977,4.2263154,79.999979
49.329953,-933.69797,-0.090202018,0.49555921,0.11486666,4.2154761,79.999979
49.339953,-933.69797,-0.09000261,0.49574524,0.11519355,4.2046368,79.999979
49.349953,-935.5642,-0.090793007,0.49593126,0.11552044,4.1937974,79.999979
49.359953,-936.58359,-0.090035606,0.49611729,0.11584733,4.1829581,79.999979
49.369953,-936.22949,-0.090198803,0.49630332,0.11617422,4.1721188,79.999979
49.379953,-934.61222,-0.0903723,0.49648934,0.11650111,4.1612794,79.999979
49.389953,-936.90108,-0.090494151,0.49667537,0.116828,4.1504401,79.999979
49.399953,-935.87056,-0.089566151,0.49721206,0.11715489,4.1396008,79.999979
49.409953,-934.84005,-0.089563358,0.49779249,0.11722347,4.1384304,79.999979
49.419953,-936.93755,-0.090673355,0.49837293,0.11683947,4.1587316,79.999979
49.429953,-938.11177,-0.090036612,0.49895336,0.11645548,4.1790328,79.999979
49.439953,-937.32447,-0.089477496,0.4995338,0.11607148,4.199334,79.999979
49.449953,-938.14661,-0.089960034,0.50011423,0.11568749,4.2196353,79.999979
49.459953,-939.10904,-0.089808216,0.50069466,0.1153035,4.2399365,79.999979
49.469953,-938.39943,-0.089682486,0.5012751,0.1149195,4.2602377,79.999979
49.479953,-938.55927,-0.090268386,0.50185553,0.11453551,4.2805389,79.999979
49.489953,-939.48348,-0.090312471,0.50243597,0.11415151,4.3008402,79.999979
49.499953,-937.71742,-0.089402963,0.5030164,0.11376752,4.3211414,79.999979
49.509953,-938.436,-0.089743046,0.50359684,0.11338353,4.3414426,79.999979
49.519953,-939.54763,-0.090083128,0.50417727,0.11299953,4.3617438,79.999979
49.529953,-940.30801,-0.091418408,0.50475771,0.11261554,4.382045,79.999979
49.539953,-938.71775,-0.089859347,0.50533814,0.11223154,4.4023463,79.999979
49.549953,-946.5134,-0.089340096,0.50533463,0.11191133,4.4162471,79.999979
49.559953,-944.42094,-0.089966096,0.50447629,0.11173585,4.4156229,79.999979
49.569953,-946.47567,-0.08892901,0.50361794,0.11156038,4.4149987,79.999979
49.579953,-945.86777,-0.089290901,0.5027596,0.1113849,4.4143745,79.999979
49.589953,-943.55303,-0.089386291,0.50190126,0.11120942,4.4137504,79.999979
49.599953,-944.18908,-0.090274833,0.50104291,0.11103395,4.4131262,79.999979
49.609953,-947.2655,-0.089277361,0.50018457,0.11085847,4.412502,79.999979
49.619953,-946.18423,-0.090126511,0.49932622,0.110683,4.4118778,79.999979
49.629953,-947.22762,-0.089947512,0.49846788,0.11050752,4.4112536,79.999979
49.639953,-946.20564,-0.089695787,0.49760954,0.11033204,4.4106294,79.999979
49.649953,-947.00671,-0.089444063,0.49675119,0.11015657,4.4100053,79.999979
49.659953,-948.57958,-0.089875523,0.49589285,0.10998109,4.4093811,79.999979
49.669953,-950.60494,-0.089917533,0.4950345,0.10980562,4.4087569,79.999979
49.679953,-949.2037,-0.090631479,0.49417616,0.10963014,4.4081327,79.999979
49.689953,-950.21882,-0.089495758,0.49331782,0.10945466,4.4075085,79.999979
49.699953,-947.52197,-0.089633668,0.49245947,0.10927919,4.4068843,79.999979
49.709953,-947.67863,-0.089923183,0.49160113,0.10910371,4.4062602,79.999979
49.719953,-949.85073,-0.089778064,0.49074279,0.10892824,4.405636,79.999979
49.729953,-950.87559,-0.089985513,0.49044562,0.10921042,4.3936845,79.999979
49.739953,-949.69709,-0.08993071,0.49070084,0.11004844,4.3646892,79.999979
49.749953,-951.83004,-0.089552845,0.49095605,0.11088647,4.3356939,79.999979
49.759953,-950.29292,-0.089673021,0.49121127,0.11172449,4.3066986,79.999979
49.769953,-950.80374,-0.089401162,0.49146649,0.11256251,4.2777034,79.999979
49.779953,-951.31162,-0.090213083,0.49172171,0.11340053,4.2487081,79.999979
49.789953,-952.27152,-0.088950677,0.49197693,0.11423855,4.2197128,79.999979
49.799953,-952.40873,-0.089983556,0.49223215,0.11507658,4.1907175,79.999979
49.809952,-953.5353,-0.089985914,0.49248737,0.1159146,4.1617222,79.999979
49.819952,-953.72185,-0.089837589,0.49274258,0.11675262,4.132727,79.999979
49.829952,-952.22129,-0.089800273,0.4929978,0.11759064,4.1037317,79.999979
49.839952,-950.72072,-0.089772369,0.49325302,0.11842866,4.0747364,79.999979
49.849952,-951.34392,-0.090802453,0.49350824,0.11926669,4.0457411,79.999979
49.859952,-954.46712,-0.09003283,0.49376346,0.12010471,4.0167459,79.999979
49.869952,-955.56546,-0.089416414,0.49401868,0.12094273,3.9877506,79.999979
49.879952,-953.13131,-0.089695369,0.49478072,0.12053809,4.0030236,79.999979
49.889952,-952.99216,-0.089607114,0.49554341,0.11990473,4.0335337,79.999979
49.899952,-954.40879,-0.089618689,0.49630609,0.11927137,4.0640437,79.999979
49.909952,-956.49327,-0.089334411,0.49706878,0.11863801,4.0945538,79.999979
49.919952,-957.64509,-0.089769738,0.49783146,0.11800465,4.1250638,79.999979
49.929952,-956.77873,-0.089299634,0.49859415,0.11737129,4.1555739,79.999979
49.939952,-955.01152,-0.089377824,0.49935684,0.11673792,4.1860839,79.999979
49.949952,-955.91148,-0.089277084,0.50011952,0.11610456,4.216594,79.999979
49.959952,-956.81144,-0.089277084,0.50088221,0.1154712,4.247104,79.999979
49.969952,-956.9971,-0.08948052,0.50164489,0.11483784,4.2776141,79.999979
49.979952,-958.07076,-0.089504527,0.50240758,0.11420448,4.3081242,79.999979
49.989952,-956.60503,-0.089351082,0.50317026,0.11357111,4.3386342,79.999979
49.999952,-958.97669,-0.089785375,0.50393295,0.11293775,4.3691443,79.999979
50.009952,-955.90674,-0.089821078,0.50469564,0.11230439,4.3996543,79.999979
50.019952,-956.26636,-0.089886062,0.50545832,0.11167103,4.4301644,79.999979
50.029952,-958.11562,-0.090162071,0.50622101,0.11103767,4.4606744,79.999979
50.039952,-959.18474,-0.090466101,0.50682815,0.11057497,4.483588,79.999979
50.049952,-958.84082,-0.088972855,0.50693791,0.11086001,4.4732182,79.999979
50.059952,-957.36029,-0.090275039,0.50704768,0.11114505,4.4628484,79.999979
50.069952,-958.67792,-0.08919655,0.50715744,0.11143009,4.4524786,79.999979
50.079952,-958.39887,-0.089069319,0.5072672,0.11171513,4.4421087,79.999979
50.089952,-960.79142,-0.090058673,0.50737696,0.11200017,4.4317389,79.999979
50.099952,-959.44087,-0.089968891,0.50748673,0.11228521,4.4213691,79.999979
50.109952,-959.62826,-0.090181984,0.50759649,0.11257025,4.4109993,79.999979
50.119952,-961.20214,-0.089451888,0.50770625,0.11285529,4.4006294,79.999979
50.129952,-960.28715,-0.089735981,0.50781602,0.11314034,4.3902596,79.999979
50.139952,-960.71417,-0.089630151,0.50792578,0.11342538,4.3798898,79.999979
50.149952,-960.70435,-0.089187764,0.50803554,0.11371042,4.36952,79.999979
50.159952,-962.44069,-0.089419095,0.50814531,0.11399546,4.3591501,79.999979
50.169952,-958.73842,-0.089796235,0.50825507,0.1142805,4.3487803,79.999979
50.179952,-962.38667,-0.089682701,0.50836483,0.11456554,4.3384105,79.999979
50.189952,-962.56787,-0.08952273,0.5084746,0.11485058,4.3280407,79.999979
50.199952,-959.7855,-0.089175159,0.50847118,0.11513119,4.3176708,79.999979
50.209952,-963.00191,-0.089366755,0.50757588,0.11506745,4.3121224,79.999979
50.219952,-961.82322,-0.088752645,0.50668058,0.11500371,4.3067642,79.999979
50.229952,-962.21127,-0.089057244,0.50578528,0.11493997,4.3014061,79.999979
50.239952,-960.00769,-0.08971966,0.50488998,0.11487623,4.2960479,79.999979
50.249952,-962.19597,-0.08929306,0.50399468,0.11481249,4.2906898,79.999979
50.259952,-963.42515,-0.088649756,0.50309938,0.11474876,4.2853317,79.999979
50.269952,-964.29817,-0.088956764,0.50220408,0.11468502,4.2799735,79.999979
50.279952,-962.32021,-0.089262655,0.50130878,0.11462128,4.2746154,79.999979
50.289952,-964.1234,-0.088513567,0.50041348,0.11455754,4.2692573,79.999979
50.299952,-963.16387,-0.089936914,0.49951818,0.1144938,4.2638991,79.999979
50.309952,-961.80042,-0.089530102,0.49862288,0.11443006,4.258541,79.999979
50.319952,-962.548,-0.089522969,0.49772758,0.11436632,4.2531828,79.999979
50.329952,-963.20737,-0.089498139,0.49683228,0.11430258,4.2478247,79.999979
50.339952,-964.24036,-0.089074258,0.49593698,0.11423884,4.2424666,79.999979
50.349952,-964.70397,-0.089509014,0.49504168,0.1141751,4.2371084,79.999979
50.359952,-964.43895,-0.088724257,0.49467216,0.11408096,4.2354282,79.999979
50.369952,-963.67727,-0.089410416,0.49482381,0.11394163,4.2422371,79.999979
50.379952,-964.52233,-0.089333506,0.49497547,0.1138023,4.2490459,79.999979
50.389952,-965.05544,-0.089602921,0.49512712,0.11366297,4.2558547,79.999979
50.399952,-965.35449,-0.090617184,0.49527878,0.11352363,4.2626635,79.999979
50.409952,-964.92985,-0.08959314,0.49543043,0.1133843,4.2694724,79.999979
50.419952,-964.13516,-0.08913015,0.49558208,0.11324497,4.2762812,79.999979
50.429952,-963.3322,-0.088624101,0.49573374,0.11310564,4.28309,79.999979
50.439952,-965.09268,-0.08944427,0.49588539,0.1129663,4.2898989,79.999979
50.449952,-964.62565,-0.089815472,0.49603704,0.11282697,4.2967077,79.999979
50.459952,-961.45572,-0.090035261,0.4961887,0.11268764,4.3035165,79.999979
50.469952,-961.40813,-0.089001386,0.49634035,0.11254831,4.3103253,79.999979
50.479952,-963.68819,-0.089799194,0.496492,0.11240897,4.3171342,79.999979
50.489952,-961.88624,-0.088575439,0.49664366,0.11226964,4.323943,79.999979
50.499952,-963.69373,-0.089869934,0.49679531,0.11213031,4.3307518,79.999979
50.509952,-961.72754,-0.090270359,0.49694696,0.11199098,4.3375606,79.999979
50.519952,-961.72754,-0.090744104,0.49709862,0.11185165,4.3443695,79.999979
50.529952,-962.47991,-0.089824684,0.49725027,0.11171231,4.3511783,79.999979
50.539952,-963.95773,-0.088693769,0.49720681,0.11147998,4.3602382,79.999979
50.549952,-963.49333,-0.089594155,0.49711578,0.11122497,4.3698469,79.999979
50.559952,-961.72398,-0.088527902,0.49702475,0.11096995,4.3794556,79.999979
50.569952,-962.07079,-0.088360671,0.49693372,0.11071494,4.3890644,79.999979
50.579952,-962.87343,-0.08871874,0.49684268,0.11045993,4.3986731,79.999979
50.589952,-964.12641,-0.088878454,0.49675165,0.11020492,4.4082819,79.999979
50.599952,-963.25707,-0.089675078,0.49666062,0.10994991,4.4178906,79.999979
50.609952,-963.73943,-0.090162332,0.49656959,0.1096949,4.4274994,79.999979
50.619952,-961.82027,-0.089591222,0.49647855,0.10943989,4.4371081,79.999979
50.629952,-964.32097,-0.088648411,0.49638752,0.10918487,4.4467168,79.999979
50.639952,-964.32097,-0.088530873,0.49629649,0.10892986,4.4563256,79.999979
50.649952,-964.79028,-0.08892028,0.49620546,0.10867485,4.4659343,79.999979
50.659952,-966.6943,-0.0886346,0.49611442,0.10841984,4.4755431,79.999979
50.669952,-965.08136,-0.090263372,0.49602339,0.10816483,4.4851518,79.999979
50.679952,-963.94402,-0.0906852,0.49593578,0.1080862,4.4892917,79.999979
50.689952,-965.35084,-0.089402706,0.49585143,0.10825881,4.4813757,79.999979
50.699952,-965.73683,-0.08913359,0.49576708,0.10843143,4.4734597,79.999979
50.709952,-966.74142,-0.089195285,0.49568273,0.10860405,4.4655436,79.999979
50.719952,-964.05634,-0.089832524,0.49559838,0.10877666,4.4576276,79.999979
50.729952,-966.58696,-0.089656251,0.49551403,0.10894928,4.4497116,79.999979
50.739952,-965.61086,-0.089462601,0.49542967,0.10912189,4.4417956,79.999979
50.749952,-967.5132,-0.089605548,0.49534532,0.10929451,4.4338796,79.999979
50.759952,-968.37012,-0.089377691,0.49526097,0.10946713,4.4259636,79.999979
50.769952,-969.22704,-0.08913895,0.49517662,0.10963974,4.4180476,79.999979
50.779952,-965.89159,-0.089582615,0.49509227,0.10981236,4.4101315,79.999979
50.789952,-965.71512,-0.08873048,0.49500792,0.10998497,4.4022155,79.999979
50.799952,-969.19044,-0.088866825,0.49492357,0.11015759,4.3942995,79.999979
50.809952,-969.61431,-0.089313518,0.49483922,0.11033021,4.3863835,79.999979
50.819952,-968.45735,-0.089043086,0.49475487,0.11050282,4.3784675,79.999979
50.829952,-968.92917,-0.089848434,0.49467051,0.11067544,4.3705515,79.999979
50.839952,-969.83773,-0.089720338,0.49458616,0.11084805,4.3626355,79.999979
50.849952,-970.56536,-0.089986443,0.49450181,0.11102067,4.3547195,79.999979
50.859951,-968.66253,-0.088878825,0.4946503,0.11108769,4.3524133,79.999979
50.869951,-968.48491,-0.089201381,0.49497057,0.11105843,4.3564267,79.999979
50.879951,-971.91357,-0.089480042,0.49529084,0.11102917,4.36044,79.999979
50.889951,-970.94216,-0.090367128,0.49561112,0.11099991,4.3644534,79.999979
50.899951,-971.3363,-0.090148368,0.49593139,0.11097065,4.3684667,79.999979
50.909951,-972.02639,-0.089454782,0.49625166,0.11094139,4.3724801,79.999979
50.919951,-973.09181,-0.089433298,0.49657193,0.11091213,4.3764935,79.999979
50.929951,-971.77584,-0.089137934,0.4968922,0.11088286,4.3805068,79.999979
50.939951,-973.75456,-0.089525158,0.49721248,0.1108536,4.3845202,79.999979
50.949951,-973.68499,-0.088547303,0.49753275,0.11082434,4.3885335,79.999979
50.959951,-973.22222,-0.090087506,0.49785302,0.11079508,4.3925469,79.999979
50.969951,-973.22222,-0.090087506,0.49817329,0.11076582,4.3965602,79.999979
50.979951,-973.749,-0.088441234,0.49849356,0.11073656,4.4005736,79.999979
50.989951,-973.04417,-0.08912771,0.49881383,0.11070729,4.404587,79.999979
50.999951,-973.71006,-0.089132757,0.49916316,0.11070566,4.4086003,79.999979
51.009951,-974.41207,-0.089143183,0.49960568,0.11108735,4.3992001,79.999979
51.019951,-975.60561,-0.087836999,0.5000482,0.11146904,4.3882335,79.999979
51.029951,-976.1465,-0.088065194,0.50049072,0.11185072,4.3772669,79.999979
51.039951,-972.76723,-0.089952983,0.50093324,0.11223241,4.3663002,79.999979
51.049951,-975.42725,-0.089760951,0.50137576,0.1126141,4.3553336,79.999979
51.059951,-976.27414,-0.088280796,0.50181828,0.11299578,4.3443669,79.999979
51.069951,-975.63618,-0.08959662,0.5022608,0.11337747,4.3334003,79.999979
51.079951,-975.54543,-0.089295299,0.50270332,0.11375916,4.3224336,79.999979
51.089951,-974.99936,-0.08942722,0.50314584,0.11414084,4.311467,79.999979
51.099951,-974.4533,-0.089057797,0.50358836,0.11452253,4.3005003,79.999979
51.109951,-977.01912,-0.089216074,0.50403088,0.11490422,4.2895337,79.999979
51.119951,-978.47537,-0.089498536,0.5044734,0.11528591,4.278567,79.999979
51.129951,-975.8937,-0.089205342,0.50491592,0.11566759,4.2676004,79.999979
51.139951,-976.38109,-0.088933637,0.50535844,0.11604928,4.2566337,79.999979
51.149951,-976.78177,-0.088817615,0.50580096,0.11643097,4.2456671,79.999979
51.159951,-977.46928,-0.089484389,0.50624348,0.11681265,4.2347005,79.999979
51.169951,-977.29624,-0.089007497,0.50609418,0.11699747,4.2260244,79.999979
51.179951,-979.38407,-0.088996517,0.50536228,0.11698849,4.2201353,79.999979
51.189951,-978.91212,-0.088111207,0.50463038,0.1169795,4.2142462,79.999979
51.199951,-981.2717,-0.087935493,0.50389848,0.11697052,4.2083571,79.999979
51.209951,-978.00507,-0.088318971,0.50316658,0.11696153,4.202468,79.999979
51.219951,-977.85242,-0.089391975,0.50243468,0.11695254,4.196579,79.999979
51.229951,-979.77912,-0.088838777,0.50170278,0.11694356,4.1906899,79.999979
51.239951,-981.3506,-0.089476042,0.50097088,0.11693457,4.1848008,79.999979
51.249951,-981.1141,-0.088690369,0.50023898,0.11692559,4.1789117,79.999979
51.259951,-981.4697,-0.08851698,0.49950708,0.1169166,4.1730226,79.999979
51.269951,-979.55636,-0.088286534,0.49877518,0.11690762,4.1671336,79.999979
51.279951,-980.16262,-0.088244542,0.49804328,0.11689863,4.1612445,79.999979
51.289951,-981.21289,-0.089057751,0.49731138,0.11688965,4.1553554,79.999979
51.299951,-979.70178,-0.089099183,0.49657948,0.11688066,4.1494663,79.999979
51.309951,-980.81785,-0.08918266,0.49584758,0.11687168,4.1435772,79.999979
51.319951,-983.37888,-0.088884519,0.49511568,0.11686269,4.1376882,79.999979
51.329951,-982.53501,-0.088204822,0.49469177,0.11680249,4.1339756,79.999979
51.339951,-980.8158,-0.088958235,0.4951835,0.11643807,4.152321,79.999979
51.349951,-983.40511,-0.088380798,0.49567524,0.11607366,4.1706663,79.999979
51.359951,-983.40511,-0.088379473,0.49616697,0.11570924,4.1890116,79.999979
51.369951,-981.48133,-0.088044942,0.4966587,0.11534483,4.2073569,79.999979
51.379951,-985.09827,-0.089270763,0.49715043,0.11498041,4.2257023,79.999979
51.389951,-982.89045,-0.0891803,0.49764217,0.114616,4.2440476,79.999979
51.399951,-984.76758,-0.088905279,0.4981339,0.11425158,4.2623929,79.999979
51.409951,-984.95879,-0.088125402,0.49862563,0.11388716,4.2807383,79.999979
51.419951,-985.59057,-0.089073566,0.49911737,0.11352275,4.2990836,79.999979
51.429951,-983.66984,-0.088618342,0.4996091,0.11315833,4.3174289,79.999979
51.439951,-985.74646,-0.089075448,0.50010083,0.11279392,4.3357742,79.999979
51.449951,-984.47788,-0.08924326,0.50059257,0.1124295,4.3541196,79.999979
51.459951,-985.80805,-0.08773597,0.5010843,0.11206509,4.3724649,79.999979
51.469951,-984.16573,-0.088020613,0.50157603,0.11170067,4.3908102,79.999979
51.479951,-986.11574,-0.088215042,0.50206777,0.11133626,4.4091555,79.999979
51.489951,-986.62547,-0.08863921,0.50235835,0.11107319,4.4228892,79.999979
51.499951,-987.90896,-0.088964992,0.50212544,0.11107386,4.4207636,79.999979
51.509951,-987.81455,-0.089175444,0.50189254,0.11107453,4.4186381,79.999979
51.519951,-988.00276,-0.088540692,0.50165963,0.11107521,4.4165125,79.999979
51.529951,-988.35164,-0.08821498,0.50142673,0.11107588,4.414387,79.999979
51.539951,-989.55633,-0.08872286,0.50119382,0.11107656,4.4122615,79.999979
51.549951,-988.41118,-0.088337472,0.50096092,0.11107723,4.4101359,79.999979
51.559951,-990.2449,-0.088803492,0.50072801,0.1110779,4.4080104,79.999979
51.569951,-988.74401,-0.088383065,0.50049511,0.11107858,4.4058848,79.999979
51.579951,-989.45027,-0.088950818,0.5002622,0.11107925,4.4037593,79.999979
51.589951,-989.24906,-0.088666048,0.5000293,0.11107993,4.4016338,79.999979
51.599951,-990.36724,-0.08773451,0.49979639,0.1110806,4.3995082,79.999979
51.609951,-990.75278,-0.088300621,0.49956349,0.11108127,4.3973827,79.999979
51.619951,-991.1698,-0.087587869,0.49933058,0.11108195,4.3952571,79.999979
51.629951,-990.39783,-0.088380948,0.49909768,0.11108262,4.3931316,79.999979
51.639951,-989.82875,-0.087999946,0.49886477,0.1110833,4.3910061,79.999979
51.649951,-990.35569,-0.087618523,0.49863187,0.11108397,4.3888805,79.999979
51.659951,-989.87059,-0.088037961,0.49839896,0.11108464,4.386755,79.999979
51.669951,-989.80739,-0.088340806,0.49812806,0.11121965,4.3791857,79.999979
51.679951,-992.62977,-0.088532835,0.49782257,0.11150598,4.3654841,79.999979
51.689951,-992.08407,-0.088042973,0.49751709,0.1117923,4.3517824,79.999979
51.699951,-992.77758,-0.0880501,0.4972116,0.11207863,4.3380808,79.999979
51.709951,-993.55076,-0.08859208,0.49690612,0.11236496,4.3243791,79.999979
51.719951,-990.66305,-0.088401084,0.49660064,0.11265129,4.3106775,79.999979
51.729951,-992.83651,-0.088807852,0.49629515,0.11293761,4.2969759,79.999979
51.739951,-993.63621,-0.087359281,0.49598967,0.11322394,4.2832742,79.999979
51.749951,-992.1752,-0.08731859,0.49568418,0.11351027,4.2695726,79.999979
51.759951,-992.48915,-0.088430848,0.4953787,0.1137966,4.2558709,79.999979
51.769951,-993.33729,-0.088589874,0.49507321,0.11408293,4.2421693,79.999979
51.779951,-992.08022,-0.088308892,0.49476773,0.11436925,4.2284677,79.999979
51.789951,-993.28615,-0.089006519,0.49446224,0.11465558,4.214766,79.999979
51.799951,-993.82491,-0.08777333,0.49415676,0.11494191,4.2010644,79.999979
51.809951,-991.97066,-0.087302644,0.49412879,0.11505994,4.1930581,79.999979
51.819951,-994.30902,-0.087826556,0.49449762,0.11480627,4.206291,79.999979
51.829951,-994.56217,-0.087989285,0.49486645,0.1145526,4.2195238,79.999979
51.839951,-995.00625,-0.088125311,0.49523528,0.11429893,4.2327567,79.999979
51.849951,-994.34135,-0.088314544,0.4956041,0.11404527,4.2459895,79.999979
51.859951,-994.59522,-0.087255742,0.49597293,0.1137916,4.2592224,79.999979
51.869951,-994.17358,-0.089014202,0.49634176,0.11353793,4.2724552,79.999979
51.879951,-995.10895,-0.08768066,0.49671059,0.11328426,4.2856881,79.999979
51.889951,-995.03653,-0.087892557,0.49707941,0.11303059,4.2989209,79.999979
51.899951,-994.9641,-0.088214264,0.49744824,0.11277692,4.3121538,79.999979
51.90995,-995.16022,-0.087672438,0.49781707,0.11252325,4.3253866,79.999979
51.91995,-994.7349,-0.087387957,0.4981859,0.11226958,4.3386195,79.999979
51.92995,-993.67908,-0.088422274,0.49855472,0.11201591,4.3518523,79.999979
51.93995,-996.88895,-0.087821752,0.49892355,0.11176224,4.3650852,79.999979
51.94995,-996.47937,-0.087810799,0.49929238,0.11150858,4.378318,79.999979
51.95995,-994.88574,-0.087994926,0.49966121,0.11125491,4.3915509,79.999979
51.96995,-994.45181,-0.087552133,0.50003004,0.11100124,4.4047837,79.999979
51.97995,-996.90394,-0.087518861,0.50042961,0.11092648,4.411128,79.999979
51.98995,-997.2242,-0.088188503,0.50085914,0.11106598,4.4092228,79.999979
51.99995,-997.49115,-0.088506295,0.50128866,0.11120548,4.4073176,79.999979
52.00995,-998.90839,-0.088344504,0.50171818,0.11134498,4.4054123,79.999979
52.01995,-996.80623,-0.088679692,0.50214771,0.11148447,4.4035071,79.999979
52.02995,-997.32816,-0.088679494,0.50257723,0.11162397,4.4016019,79.999979
52.03995,-997.78116,-0.087837305,0.50300675,0.11176347,4.3996966,79.999979
52.04995,-998.45349,-0.087900814,0.50343627,0.11190297,4.3977914,79.999979
52.05995,-999.56084,-0.088099548,0.5038658,0.11204247,4.3958862,79.999979
52.06995,-999.7522,-0.087526754,0.50429532,0.11218197,4.3939809,79.999979
52.07995,-998.64056,-0.088075863,0.50472484,0.11232147,4.3920757,79.999979
52.08995,-997.60871,-0.08852281,0.50515437,0.11246097,4.3901705,79.999979
52.09995,-999.2741,-0.08784895,0.50558389,0.11260046,4.3882652,79.999979
52.10995,-1000.651,-0.088044771,0.50601341,0.11273996,4.38636,79.999979
52.11995,-999.43676,-0.087403171,0.50644294,0.11287946,4.3844548,79.999979
52.12995,-999.11334,-0.089331288,0.50657907,0.11301896,4.3825495,79.999979
52.13995,-999.95509,-0.08951268,0.50615976,0.11286664,4.3869249,79.999979
52.14995,-1000.7968,-0.088882886,0.50574044,0.11260491,4.3936549,79.999979
52.15995,-1000.5636,-0.088445657,0.50532113,0.11234318,4.400385,79.999979
52.16995,-1002.4696,-0.088452107,0.50490181,0.11208145,4.407115,79.999979
52.17995,-1002.4034,-0.088459162,0.5044825,0.11181972,4.4138451,79.999979
52.18995,-1001.9158,-0.087808642,0.50406318,0.11155799,4.4205751,79.999979
52.19995,-1002.3515,-0.087335838,0.50364387,0.11129625,4.4273052,79.999979
52.20995,-1002.6418,-0.087610546,0.50322456,0.11103452,4.4340352,79.999979
52.21995,-1000.9304,-0.087552175,0.50280524,0.11077279,4.4407653,79.999979
52.22995,-1004.3326,-0.088133855,0.50238593,0.11051106,4.4474953,79.999979
52.23995,-1003.7421,-0.088245113,0.50196661,0.11024933,4.4542253,79.999979
52.24995,-1005.155,-0.087956921,0.5015473,0.1099876,4.4609554,79.999979
52.25995,-1003.9605,-0.088054726,0.50112798,0.10972587,4.4676854,79.999979
52.26995,-1005.3045,-0.088451408,0.50070867,0.10946414,4.4744155,79.999979
52.27995,-1006.5026,-0.087618205,0.50028935,0.10920241,4.4811455,79.999979
52.28995,-1006.6137,-0.087977928,0.49987004,0.10894068,4.4878756,79.999979
52.29995,-1005.427,-0.087728287,0.49932811,0.10939387,4.4714967,79.999979
52.30995,-1009.5944,-0.087435616,0.49877534,0.1100104,4.4430053,79.999979
52.31995,-1006.7098,-0.087688354,0.49822258,0.11062694,4.414514,79.999979
52.32995,-1007.4248,-0.088208081,0.49766981,0.11124347,4.3860226,79.999979
52.33995,-1008.4989,-0.088174017,0.49711705,0.11186001,4.3575313,79.999979
52.34995,-1010.0951,-0.087925433,0.49656428,0.11247654,4.3290399,79.999979
52.35995,-1008.3481,-0.08867435,0.49601152,0.11309308,4.3005485,79.999979
52.36995,-1011.8937,-0.087657908,0.49545875,0.11370961,4.2720572,79.999979
52.37995,-1010.08,-0.087840087,0.49490599,0.11432615,4.2435658,79.999979
52.38995,-1011.3769,-0.087521494,0.49435322,0.11494269,4.2150745,79.999979
52.39995,-1012.4009,-0.087889562,0.49380046,0.11555922,4.1865831,79.999979
52.40995,-1014.4139,-0.087511254,0.49324769,0.11617576,4.1580917,79.999979
52.41995,-1012.0184,-0.08782483,0.49269493,0.11679229,4.1296004,79.999979
52.42995,-1015.0293,-0.087287978,0.49214216,0.11740883,4.101109,79.999979
52.43995,-1014.5388,-0.087972562,0.4915894,0.11802536,4.0726177,79.999979
52.44995,-1014.3127,-0.087410485,0.49103663,0.1186419,4.0441263,79.999979
52.45995,-1015.2269,-0.086848407,0.49048387,0.11925843,4.0156349,79.999979
52.46995,-1015.3985,-0.088014926,0.49029345,0.11974111,3.9938594,79.999979
52.47995,-1015.7148,-0.087603519,0.49143954,0.11917809,4.0245447,79.999979
52.48995,-1018.165,-0.088105187,0.49258562,0.11861508,4.0552301,79.999979
52.49995,-1017.544,-0.087565922,0.49373171,0.11805207,4.0859154,79.999979
52.50995,-1017.86,-0.088212843,0.4948778,0.11748905,4.1166007,79.999979
52.51995,-1018.8229,-0.088105069,0.49602388,0.11692604,4.1472861,79.999979
52.52995,-1017.1037,-0.088035425,0.49716997,0.11636303,4.1779714,79.999979
52.53995,-1017.5755,-0.087789065,0.49831606,0.11580001,4.2086568,79.999979
52.54995,-1021.0933,-0.087462715,0.49946215,0.115237,4.2393421,79.999979
52.55995,-1020.818,-0.087346945,0.50060823,0.11467399,4.2700274,79.999979
52.56995,-1021.4554,-0.087595773,0.50175432,0.11411097,4.3007128,79.999979
52.57995,-1020.4966,-0.087674465,0.50290041,0.11354796,4.3313981,79.999979
52.58995,-1020.0232,-0.087703492,0.5040465,0.11298495,4.3620834,79.999979
52.59995,-1020.5212,-0.086254748,0.50519258,0.11242193,4.3927688,79.999979
52.60995,-1022.2024,-0.087285833,0.50633867,0.11185892,4.4234541,79.999979
52.61995,-1024.0242,-0.087767582,0.5061663,0.11174417,4.4323597,79.999979
52.62995,-1025.0805,-0.088302741,0.5053468,0.11197457,4.416124,79.999979
52.63995,-1023.6358,-0.08792935,0.50452729,0.11220496,4.3998882,79.999979
52.64995,-1024.3013,-0.087555959,0.50370778,0.11243536,4.3836525,79.999979
52.65995,-1024.5259,-0.087243831,0.50288828,0.11266576,4.3674167,79.999979
52.66995,-1027.4211,-0.088816045,0.50206877,0.11289615,4.351181,79.999979
52.67995,-1027.4598,-0.087125363,0.50124926,0.11312655,4.3349452,79.999979
52.68995,-1028.0238,-0.08799234,0.50042976,0.11335695,4.3187095,79.999979
52.69995,-1027.3283,-0.087873423,0.49961025,0.11358734,4.3024737,79.999979
52.70995,-1026.1425,-0.087754507,0.49879074,0.11381774,4.286238,79.999979
52.71995,-1028.4716,-0.088283735,0.49797124,0.11404814,4.2700022,79.999979
52.72995,-1032.3408,-0.086866821,0.49715173,0.11427853,4.2537664,79.999979
52.73995,-1031.9833,-0.087627518,0.49633222,0.11450893,4.2375307,79.999979
52.74995,-1029.8292,-0.086983891,0.49551272,0.11473933,4.2212949,79.999979
52.75995,-1030.0477,-0.08673359,0.49469321,0.11496972,4.2050592,79.999979
52.76995,-1031.5498,-0.086517618,0.49387371,0.11520012,4.1888234,79.999979
52.77995,-1032.0718,-0.08657523,0.4930542,0.11543052,4.1725877,79.999979
52.78995,-1035.0468,-0.087055141,0.49287433,0.11534083,4.172694,79.999979
52.79995,-1035.4015,-0.087091208,0.4932346,0.11498084,4.1898322,79.999979
52.80995,-1035.4152,-0.086415875,0.49359487,0.11462085,4.2069704,79.999979
52.81995,-1035.3088,-0.087821624,0.49395514,0.11426086,4.2241086,79.999979
52.82995,-1035.3401,-0.088199368,0.49431541,0.11390087,4.2412469,79.999979
52.83995,-1035.585,-0.087382649,0.49467569,0.11354088,4.2583851,79.999979
52.84995,-1037.0198,-0.086985635,0.49503596,0.11318089,4.2755233,79.999979
52.85995,-1035.4351,-0.086563457,0.49539623,0.11282089,4.2926615,79.999979
52.86995,-1038.4305,-0.087867681,0.4957565,0.1124609,4.3097997,79.999979
52.87995,-1036.1087,-0.086808171,0.49611677,0.11210091,4.3269379,79.999979
52.88995,-1037.343,-0.087128233,0.49647704,0.11174092,4.3440762,79.999979
52.89995,-1038.1641,-0.087002158,0.49683732,0.11138093,4.3612144,79.999979
52.90995,-1038.2084,-0.086347391,0.49719759,0.11102094,4.3783526,79.999979
52.91995,-1037.7524,-0.086664758,0.49755786,0.11066095,4.3954908,79.999979
52.92995,-1038.5819,-0.086813976,0.49791813,0.11030096,4.412629,79.999979
52.93995,-1039.5376,-0.086686776,0.49824166,0.11024467,4.4203014,79.999979
52.94995,-1040.4048,-0.08666672,0.49853589,0.11055122,4.4107936,79.999979
52.959949,-1040.5046,-0.086915935,0.49883011,0.11085777,4.4012859,79.999979
52.969949,-1038.2922,-0.087854493,0.49912434,0.11116431,4.3917781,79.999979
52.979949,-1041.9677,-0.086837348,0.49941856,0.11147086,4.3822703,79.999979
52.989949,-1042.4243,-0.087726265,0.49971278,0.1117774,4.3727626,79.999979
52.999949,-1041.4329,-0.086467618,0.50000701,0.11208395,4.3632548,79.999979
53.009949,-1041.4698,-0.08657441,0.50030123,0.11239049,4.353747,79.999979
53.019949,-1041.5624,-0.086719083,0.50059545,0.11269704,4.3442392,79.999979
53.029949,-1041.6056,-0.086631029,0.50088968,0.11300358,4.3347315,79.999979
53.039949,-1044.073,-0.086688114,0.5011839,0.11331013,4.3252237,79.999979
53.049949,-1044.0539,-0.087101811,0.50147813,0.11361667,4.3157159,79.999979
53.059949,-1042.8271,-0.087332393,0.50177235,0.11392322,4.3062081,79.999979
53.069949,-1042.878,-0.086953262,0.50206657,0.11422976,4.2967004,79.999979
53.079949,-1043.6302,-0.086953262,0.5023608,0.11453631,4.2871926,79.999979
53.089949,-1043.8545,-0.086732743,0.50265502,0.11484285,4.2776848,79.999979
53.099949,-1044.9332,-0.087552939,0.50295369,0.1151494,4.2681771,79.999979
53.109949,-1045.2436,-0.086487868,0.50342824,0.11518846,4.2697232,79.999979
53.119949,-1045.8449,-0.087102263,0.50390279,0.1152198,4.2722367,79.999979
53.129949,-1047.3104,-0.087725644,0.50437734,0.11525114,4.2747502,79.999979
53.139949,-1046.1961,-0.087399077,0.50485189,0.11528248,4.2772637,79.999979
53.149949,-1044.3327,-0.08721093,0.50532644,0.11531382,4.2797772,79.999979
53.159949,-1045.2558,-0.086465362,0.50580099,0.11534517,4.2822906,79.999979
53.169949,-1047.3884,-0.086649815,0.50627554,0.11537651,4.2848041,79.999979
53.179949,-1045.9087,-0.086643868,0.50675009,0.11540785,4.2873176,79.999979
53.189949,-1044.7489,-0.087258635,0.50722464,0.11543919,4.2898311,79.999979
53.199949,-1044.0424,-0.087395587,0.50769919,0.11547053,4.2923446,79.999979
53.209949,-1044.7737,-0.087501941,0.50817374,0.11550187,4.294858,79.999979
53.219949,-1045.4837,-0.086750484,0.50864829,0.11553321,4.2973715,79.999979
53.229949,-1047.1374,-0.086340454,0.50912284,0.11556455,4.299885,79.999979
53.239949,-1047.7131,-0.086834859,0.50959739,0.11559589,4.3023985,79.999979
53.249949,-1048.6676,-0.088144043,0.51007194,0.11562723,4.304912,79.999979
53.259949,-1048.7572,-0.087850349,0.51009726,0.11565857,4.3074255,79.999979
53.269949,-1048.7817,-0.087225493,0.50935706,0.11568992,4.3099389,79.999979
53.279949,-1048.8266,-0.086785107,0.50861686,0.11568504,4.3077497,79.999979
53.289949,-1049.1861,-0.087310327,0.50787665,0.11565744,4.3016881,79.999979
53.299949,-1047.9207,-0.086498445,0.50713645,0.11562984,4.2956265,79.999979
53.309949,-1050.7841,-0.086920726,0.50639625,0.11560224,4.2895649,79.999979
53.319949,-1049.8074,-0.086709557,0.50565604,0.11557464,4.2835032,79.999979
53.329949,-1050.072,-0.086255415,0.50491584,0.11554704,4.2774416,79.999979
53.339949,-1048.6832,-0.086384265,0.50417564,0.11551944,4.27138,79.999979
53.349949,-1047.5789,-0.086234699,0.50343543,0.11549184,4.2653184,79.999979
53.359949,-1049.5989,-0.086491469,0.50269523,0.11546424,4.2592568,79.999979
53.369949,-1050.8662,-0.086074781,0.50195503,0.11543664,4.2531951,79.999979
53.379949,-1050.5047,-0.086941589,0.50121482,0.11540904,4.2471335,79.999979
53.389949,-1049.2855,-0.086943361,0.50047462,0.11538144,4.2410719,79.999979
53.399949,-1050.8682,-0.086811561,0.49973441,0.11535384,4.2350103,79.999979
53.409949,-1051.0429,-0.086441179,0.49899421,0.11532624,4.2289486,79.999979
53.419949,-1050.2485,-0.086574991,0.49846794,0.11529185,4.2233463,79.999979
53.429949,-1052.6105,-0.087099836,0.4984223,0.1152213,4.2256204,79.999979
53.439949,-1049.9065,-0.087295738,0.49837666,0.11515075,4.2278946,79.999979
53.449949,-1050.8477,-0.08729779,0.49833102,0.11508019,4.2301687,79.999979
53.459949,-1051.5797,-0.086845805,0.49828538,0.11500964,4.2324428,79.999979
53.469949,-1049.6679,-0.086897771,0.49823974,0.11493909,4.234717,79.999979
53.479949,-1053.4247,-0.085544138,0.4981941,0.11486853,4.2369911,79.999979
53.489949,-1052.5581,-0.086701027,0.49814846,0.11479798,4.2392652,79.999979
53.499949,-1051.8049,-0.086130175,0.49810282,0.11472743,4.2415394,79.999979
53.509949,-1053.0089,-0.087032651,0.49805719,0.11465687,4.2438135,79.999979
53.519949,-1052.8931,-0.087135163,0.49801155,0.11458632,4.2460876,79.999979
53.529949,-1053.2632,-0.086709414,0.49796591,0.11451577,4.2483618,79.999979
53.539949,-1053.5361,-0.086283665,0.49792027,0.11444521,4.2506359,79.999979
53.549949,-1052.509,-0.085934629,0.49787463,0.11437466,4.25291,79.999979
53.559949,-1053.7638,-0.086364708,0.49782899,0.11430411,4.2551842,79.999979
53.569949,-1052.5409,-0.086998827,0.49778335,0.11423355,4.2574583,79.999979
53.579949,-1053.9699,-0.086364575,0.49777141,0.11417519,4.259607,79.999979
53.589949,-1051.7484,-0.086978946,0.4978202,0.1141763,4.2599967,79.999979
53.599949,-1053.5878,-0.087080277,0.49786898,0.11417741,4.2603865,79.999979
53.609949,-1054.6693,-0.085776401,0.49791776,0.11417852,4.2607763,79.999979
53.619949,-1052.2565,-0.086107745,0.49796654,0.11417962,4.2611661,79.999979
53.629949,-1053.386,-0.086107745,0.49801532,0.11418073,4.2615559,79.999979
53.639949,-1054.4391,-0.086020196,0.4980641,0.11418184,4.2619457,79.999979
53.649949,-1054.9512,-0.085824456,0.49811288,0.11418295,4.2623355,79.999979
53.659949,-1055.5896,-0.086215363,0.49816166,0.11418406,4.2627253,79.999979
53.669949,-1053.3672,-0.086617489,0.49821045,0.11418517,4.263115,79.999979
53.679949,-1056.186,-0.087205961,0.49825923,0.11418628,4.2635048,79.999979
53.689949,-1056.5599,-0.087012866,0.49830801,0.11418739,4.2638946,79.999979
53.699949,-1055.0349,-0.086764342,0.49835679,0.11418849,4.2642844,79.999979
53.709949,-1054.6499,-0.086723323,0.49840557,0.1141896,4.2646742,79.999979
53.719949,-1056.2479,-0.086617305,0.49845435,0.11419071,4.265064,79.999979
53.729949,-1057.552,-0.086673911,0.49850313,0.11419182,4.2654538,79.999979
53.739949,-1056.7381,-0.086547668,0.49855191,0.11419293,4.2658436,79.999979
53.749949,-1056.4041,-0.086267343,0.49860516,0.11418971,4.2662333,79.999979
53.759949,-1057.2315,-0.085668496,0.49878228,0.11406626,4.271684,79.999979
53.769949,-1055.1062,-0.08592922,0.4989594,0.1139428,4.2774912,79.999979
53.779949,-1057.9039,-0.08594946,0.49913652,0.11381935,4.2832985,79.999979
53.789949,-1058.691,-0.085565805,0.49931364,0.11369589,4.2891057,79.999979
53.799949,-1059.3388,-0.085486381,0.49949076,0.11357244,4.294913,79.999979
53.809949,-1056.607,-0.085726299,0.49966788,0.11344899,4.3007202,79.999979
53.819949,-1057.5901,-0.086719556,0.49984501,0.11332553,4.3065275,79.999979
53.829949,-1056.7134,-0.086824304,0.50002213,0.11320208,4.3123347,79.999979
53.839949,-1058.9423,-0.086472277,0.50019925,0.11307863,4.318142,79.999979
53.849949,-1059.55,-0.087809781,0.50037637,0.11295517,4.3239492,79.999979
53.859949,-1059.0117,-0.086410669,0.50055349,0.11283172,4.3297565,79.999979
53.869949,-1059.525,-0.086487535,0.50073061,0.11270827,4.3355637,79.999979
53.879949,-1057.574,-0.086343804,0.50090773,0.11258481,4.341371,79.999979
53.889949,-1058.4238,-0.086700244,0.50108485,0.11246136,4.3471782,79.999979
53.899949,-1061.3647,-0.087460149,0.50126197,0.11233791,4.3529855,79.999979
53.909949,-1061.6213,-0.087361452,0.50125514,0.11219045,4.3587927,79.999979
53.919949,-1061.8779,-0.087262756,0.50112224,0.11200597,4.3646,79.999979
53.929949,-1059.2268,-0.086708775,0.50098933,0.11182148,4.3713536,79.999979
53.939949,-1061.7806,-0.08668152,0.50085643,0.11163699,4.3783265,79.999979
53.949949,-1062.1394,-0.086625666,0.50072353,0.11145251,4.3852993,79.999979
53.959949,-1060.2453,-0.085578731,0.50059062,0.11126802,4.3922721,79.999979
53.969949,-1061.1934,-0.08628175,0.50045772,0.11108354,4.3992449,79.999979
53.979949,-1062.3022,-0.086349811,0.50032482,0.11089905,4.4062178,79.999979
53.989949,-1060.4789,-0.086377134,0.50019191,0.11071456,4.4131906,79.999979
53.999949,-1063.1467,-0.086276905,0.50005901,0.11053008,4.4201634,79.999979
54.009948,-1064.0446,-0.086758058,0.4999261,0.11034559,4.4271362,79.999979
54.019948,-1063.677,-0.085583248,0.4997932,0.11016111,4.434109,79.999979
54.029948,-1063.4047,-0.086057244,0.4996603,0.10997662,4.4410819,79.999979
54.039948,-1064.0622,-0.086580708,0.49952739,0.10979214,4.4480547,79.999979
54.049948,-1063.8281,-0.086583593,0.49939449,0.10960765,4.4550275,79.999979
54.059948,-1064.585,-0.086430267,0.49926159,0.10942316,4.4620003,79.999979
54.069948,-1064.2526,-0.086177251,0.49914677,0.10929519,4.4672256,79.999979
54.079948,-1063.512,-0.086232111,0.49908191,0.10937582,4.4633202,79.999979
54.089948,-1064.0205,-0.086468303,0.49901706,0.10945646,4.4594148,79.999979
54.099948,-1064.393,-0.086370821,0.49895221,0.1095371,4.4555094,79.999979
54.109948,-1065.0255,-0.086144188,0.49888735,0.10961773,4.4516041,79.999979
54.119948,-1063.4949,-0.085994658,0.4988225,0.10969837,4.4476987,79.999979
54.129948,-1062.6006,-0.085857698,0.49875764,0.109779,4.4437933,79.999979
54.139948,-1062.7474,-0.086798577,0.49869279,0.10985964,4.4398879,79.999979
54.149948,-1063.2211,-0.086177634,0.49862794,0.10994028,4.4359825,79.999979
54.159948,-1063.6948,-0.086128905,0.49856308,0.11002091,4.4320771,79.999979
54.169948,-1064.9465,-0.08608178,0.49849823,0.11010155,4.4281717,79.999979
54.179948,-1064.6449,-0.086194636,0.49843338,0.11018219,4.4242663,79.999979
54.189948,-1065.3983,-0.0859091,0.49836852,0.11026282,4.4203609,79.999979
54.199948,-1064.8269,-0.08662397,0.49830367,0.11034346,4.4164556,79.999979
54.209948,-1065.9324,-0.08539416,0.49823882,0.1104241,4.4125502,79.999979
54.219948,-1063.5237,-0.086097292,0.49817396,0.11050473,4.4086448,79.999979
54.229948,-1063.2411,-0.086429411,0.49810911,0.11058537,4.4047394,79.999979
54.239948,-1063.2286,-0.08661574,0.49804426,0.110666,4.400834,79.999979
54.249948,-1065.8707,-0.086692696,0.49827777,0.11091052,4.3937007,79.999979
54.259948,-1065.6052,-0.085862965,0.49857396,0.11118946,4.3853524,79.999979
54.269948,-1065.8271,-0.086805662,0.49887014,0.1114684,4.3770041,79.999979
54.279948,-1065.4082,-0.085454467,0.49916632,0.11174734,4.3686559,79.999979
54.289948,-1065.5646,-0.085454467,0.4994625,0.11202628,4.3603076,79.999979
54.299948,-1065.5826,-0.086443375,0.49975869,0.11230522,4.3519593,79.999979
54.309948,-1066.3731,-0.086341649,0.50005487,0.11258416,4.343611,79.999979
54.319948,-1066.1439,-0.086171996,0.50035105,0.1128631,4.3352627,79.999979
54.329948,-1067.5634,-0.085998176,0.50064723,0.11314204,4.3269145,79.999979
54.339948,-1067.8068,-0.08611615,0.50094342,0.11342098,4.3185662,79.999979
54.349948,-1067.4579,-0.086121936,0.5012396,0.11369992,4.3102179,79.999979
54.359948,-1066.9655,-0.086528096,0.50153578,0.11397886,4.3018696,79.999979
54.369948,-1065.9711,-0.086600939,0.50183196,0.1142578,4.2935213,79.999979
54.379948,-1067.3518,-0.086250904,0.50212815,0.11453674,4.285173,79.999979
54.389948,-1068.8636,-0.086431404,0.50247609,0.11461668,4.2824378,79.999979
54.399948,-1065.7521,-0.086608246,0.50285872,0.11449246,4.2907699,79.999979
54.409948,-1067.5309,-0.086197408,0.50324135,0.11436824,4.299102,79.999979
54.419948,-1067.4301,-0.085818585,0.50362398,0.11424402,4.3074341,79.999979
54.429948,-1068.8255,-0.086883669,0.50400661,0.11411979,4.3157662,79.999979
54.439948,-1067.3634,-0.086702525,0.50438924,0.11399557,4.3240983,79.999979
54.449948,-1069.0556,-0.086486572,0.50477187,0.11387135,4.3324304,79.999979
54.459948,-1067.8353,-0.085809658,0.5051545,0.11374712,4.3407625,79.999979
54.469948,-1068.4058,-0.085970882,0.50553713,0.1136229,4.3490946,79.999979
54.479948,-1068.3578,-0.086143206,0.50591976,0.11349868,4.3574267,79.999979
54.489948,-1068.5555,-0.086896213,0.50630239,0.11337446,4.3657589,79.999979
54.499948,-1068.3294,-0.085440916,0.50668502,0.11325023,4.374091,79.999979
54.509948,-1070.2262,-0.086328413,0.50706765,0.11312601,4.3824231,79.999979
54.519948,-1069.5982,-0.086180055,0.50745028,0.11300179,4.3907552,79.999979
54.529948,-1068.9783,-0.086160185,0.50783291,0.11287756,4.3990873,79.999979
54.539948,-1069.6414,-0.086088345,0.50821554,0.11275334,4.4074194,79.999979
54.549948,-1070.4161,-0.085900293,0.50859817,0.11262912,4.4157515,79.999979
54.559948,-1068.5433,-0.08660437,0.5089808,0.1125049,4.4240836,79.999979
54.569948,-1070.4564,-0.085677177,0.50824584,0.11248174,4.4185321,79.999979
54.579948,-1070.0575,-0.085957481,0.50731039,0.11247672,4.41049,79.999979
54.589948,-1071.0218,-0.086041428,0.50637493,0.1124717,4.4024478,79.999979
54.599948,-1072.3452,-0.086299799,0.50543948,0.11246668,4.3944056,79.999979
54.609948,-1069.7024,-0.086441443,0.50450403,0.11246166,4.3863634,79.999979
54.619948,-1070.5938,-0.086249024,0.50356857,0.11245664,4.3783213,79.999979
54.629948,-1071.0864,-0.086636181,0.50263312,0.11245161,4.3702791,79.999979
54.639948,-1070.6085,-0.086118628,0.50169767,0.11244659,4.3622369,79.999979
54.649948,-1071.9351,-0.086356477,0.50076221,0.11244157,4.3541947,79.999979
54.659948,-1071.5553,-0.086650271,0.49982676,0.11243655,4.3461526,79.999979
54.669948,-1070.5161,-0.086555354,0.49889131,0.11243153,4.3381104,79.999979
54.679948,-1068.9293,-0.086129808,0.49795585,0.11242651,4.3300682,79.999979
54.689948,-1070.8726,-0.085465277,0.4970204,0.11242149,4.322026,79.999979
54.699948,-1071.0736,-0.086511068,0.49608495,0.11241646,4.3139838,79.999979
54.709948,-1072.1326,-0.086490862,0.49520424,0.11241144,4.3059417,79.999979
54.719948,-1071.6981,-0.085346338,0.4953469,0.11234991,4.3088258,79.999979
54.729948,-1070.4362,-0.086207699,0.49548955,0.11228292,4.3127658,79.999979
54.739948,-1070.028,-0.086087983,0.4956322,0.11221593,4.3167058,79.999979
54.749948,-1073.2057,-0.086870818,0.49577485,0.11214893,4.3206458,79.999979
54.759948,-1070.2218,-0.086387624,0.49591751,0.11208194,4.3245858,79.999979
54.769948,-1071.9217,-0.086564228,0.49606016,0.11201495,4.3285259,79.999979
54.779948,-1072.2361,-0.086691158,0.49620281,0.11194796,4.3324659,79.999979
54.789948,-1073.1752,-0.086994415,0.49634547,0.11188096,4.3364059,79.999979
54.799948,-1072.3304,-0.086715497,0.49648812,0.11181397,4.3403459,79.999979
54.809948,-1072.8385,-0.08653666,0.49663077,0.11174698,4.3442859,79.999979
54.819948,-1072.1114,-0.085488223,0.49677342,0.11167999,4.3482259,79.999979
54.829948,-1070.7662,-0.086315666,0.49691608,0.11161299,4.3521659,79.999979
54.839948,-1072.3434,-0.086462912,0.49705873,0.111546,4.3561059,79.999979
54.849948,-1071.5228,-0.086795501,0.49720138,0.11147901,4.3600459,79.999979
54.859948,-1071.7472,-0.086986815,0.49734403,0.11141202,4.3639859,79.999979
54.869948,-1071.2725,-0.08609889,0.49748669,0.11134503,4.3679259,79.999979
54.879948,-1073.2566,-0.086246368,0.49765135,0.11129265,4.3714075,79.999979
54.889948,-1075.4045,-0.086317009,0.49794841,0.11138971,4.3702005,79.999979
54.899948,-1072.9139,-0.085496476,0.49824547,0.11148677,4.3689935,79.999979
54.909948,-1072.1869,-0.08591356,0.49854252,0.11158383,4.3677865,79.999979
54.919948,-1073.8456,-0.08664795,0.49883958,0.1116809,4.3665795,79.999979
54.929948,-1073.9003,-0.085681844,0.49913664,0.11177796,4.3653725,79.999979
54.939948,-1072.7039,-0.086291062,0.49943369,0.11187502,4.3641655,79.999979
54.949948,-1075.3276,-0.085419752,0.49973075,0.11197208,4.3629585,79.999979
54.959948,-1074.653,-0.086086218,0.50002781,0.11206915,4.3617515,79.999979
54.969948,-1073.3236,-0.085645502,0.50032486,0.11216621,4.3605445,79.999979
54.979948,-1072.7823,-0.085232819,0.50062192,0.11226327,4.3593375,79.999979
54.989948,-1073.1628,-0.085661474,0.50091898,0.11236033,4.3581305,79.999979
54.999948,-1074.6374,-0.086307383,0.50121603,0.1124574,4.3569235,79.999979
55.009948,-1074.0339,-0.085804906,0.50151309,0.11255446,4.3557165,79.999979
55.019948,-1074.8112,-0.085682958,0.50181015,0.11265152,4.3545095,79.999979
55.029948,-1072.9985,-0.085583439,0.50210721,0.11274858,4.3533026,79.999979
55.039948,-1072.839,-0.08559509,0.50240426,0.11284565,4.3520956,79.999979
55.049948,-1072.6794,-0.085518675,0.50270132,0.11294271,4.3508886,79.999979
55.059947,-1073.88,-0.085284346,0.50297825,0.11287045,4.3555748,79.999979
55.069947,-1073.0002,-0.085927047,0.50323361,0.11257406,4.3699519,79.999979
55.079947,-1075.2732,-0.086337233,0.50348897,0.11227768,4.3843291,79.999979
55.089947,-1074.0506,-0.086300469,0.50374434,0.11198129,4.3987062,79.999979
55.099947,-1074.177,-0.086263706,0.5039997,0.1116849,4.4130834,79.999979
55.109947,-1074.1876,-0.085885205,0.50425506,0.11138851,4.4274605,79.999979
55.119947,-1073.0732,-0.084816568,0.50451042,0.11109213,4.4418376,79.999979
55.129947,-1074.5275,-0.086288264,0.50476578,0.11079574,4.4562148,79.999979
55.139947,-1072.6362,-0.085614847,0.50502114,0.11049935,4.4705919,79.999979
55.149947,-1074.2333,-0.085351893,0.50527651,0.11020296,4.484969,79.999979
55.159947,-1074.335,-0.085621245,0.50553187,0.10990658,4.4993462,79.999979
55.169947,-1073.5385,-0.085763559,0.50578723,0.10961019,4.5137233,79.999979
55.179947,-1072.8724,-0.085929147,0.50604259,0.1093138,4.5281005,79.999979
55.189947,-1075.6518,-0.085947448,0.50614084,0.1090453,4.5424776,79.999979
55.199947,-1075.2301,-0.086433208,0.5056088,0.10902823,4.5382771,79.999979
55.209947,-1073.5929,-0.08610659,0.50507676,0.10901116,4.5340735,79.999979
55.219947,-1074.4842,-0.085701978,0.50454471,0.10899409,4.5298699,79.999979
55.229947,-1075.6485,-0.085495019,0.50401267,0.10897702,4.5256663,79.999979
55.239947,-1075.7801,-0.085730276,0.50348063,0.10895995,4.5214627,79.999979
55.249947,-1075.1794,-0.08597682,0.50294859,0.10894288,4.5172591,79.999979
55.259947,-1077.2342,-0.085654283,0.50241655,0.10892581,4.5130555,79.999979
55.269947,-1076.1546,-0.085690785,0.5018845,0.10890874,4.5088519,79.999979
55.279947,-1077.2009,-0.085452163,0.50135246,0.10889167,4.5046483,79.999979
55.289947,-1077.1522,-0.085128206,0.50082042,0.10887461,4.5004447,79.999979
55.299947,-1075.6985,-0.085681499,0.50028838,0.10885754,4.4962411,79.999979
55.309947,-1074.5935,-0.086455555,0.49975634,0.10884047,4.4920375,79.999979
55.319947,-1076.9653,-0.085732091,0.49922429,0.1088234,4.4878339,79.999979
55.329947,-1076.4561,-0.085664796,0.49869225,0.10880633,4.4836303,79.999979
55.339947,-1076.0194,-0.085392731,0.49816021,0.10878926,4.4794267,79.999979
55.349947,-1077.8636,-0.085133257,0.49762817,0.10877219,4.4752231,79.999979
55.359947,-1075.921,-0.085934231,0.49709613,0.10875512,4.4710195,79.999979
55.369947,-1076.0885,-0.08586582,0.49756239,0.10902479,4.4643684,79.999979
55.379947,-1078.6969,-0.086156449,0.49817035,0.10933515,4.4571912,79.999979
55.389947,-1077.1806,-0.086485771,0.4987783,0.10964551,4.4500141,79.999979
55.399947,-1077.8274,-0.086349818,0.49938626,0.10995587,4.4428369,79.999979
55.409947,-1079.2319,-0.086188817,0.49999421,0.11026624,4.4356598,79.999979
55.419947,-1077.3794,-0.085940695,0.50060217,0.1105766,4.4284826,79.999979
55.429947,-1075.8258,-0.085215548,0.50121012,0.11088696,4.4213055,79.999979
55.439947,-1078.0899,-0.086038105,0.50181808,0.11119732,4.4141283,79.999979
55.449947,-1077.2437,-0.085384374,0.50242603,0.11150769,4.4069512,79.999979
55.459947,-1078.9276,-0.085885892,0.50303399,0.11181805,4.399774,79.999979
55.469947,-1078.5299,-0.08610957,0.50364194,0.11212841,4.3925969,79.999979
55.479947,-1076.5343,-0.086368312,0.50424989,0.11243877,4.3854197,79.999979
55.489947,-1077.3108,-0.086091374,0.50485785,0.11274913,4.3782426,79.999979
55.499947,-1079.1291,-0.087180114,0.5054658,0.1130595,4.3710655,79.999979
55.509947,-1077.4005,-0.085394776,0.50607376,0.11336986,4.3638883,79.999979
55.519947,-1078.9251,-0.086054561,0.5055887,0.11341019,4.359183,79.999979
55.529947,-1077.6661,-0.086291558,0.50496772,0.11335171,4.355943,79.999979
55.539947,-1075.6002,-0.086249814,0.50434674,0.11329323,4.3527031,79.999979
55.549947,-1076.4863,-0.086635936,0.50372576,0.11323475,4.3494631,79.999979
55.559947,-1077.1947,-0.084955547,0.50310477,0.11317627,4.3462232,79.999979
55.569947,-1077.3896,-0.085417826,0.50248379,0.1131178,4.3429832,79.999979
55.579947,-1078.8338,-0.084998722,0.50186281,0.11305932,4.3397433,79.999979
55.589947,-1078.0741,-0.085237329,0.50124183,0.11300084,4.3365034,79.999979
55.599947,-1076.0139,-0.085584822,0.50062085,0.11294236,4.3332634,79.999979
55.609947,-1076.0476,-0.085935726,0.49999987,0.11288388,4.3300235,79.999979
55.619947,-1078.2589,-0.085868154,0.49937888,0.1128254,4.3267835,79.999979
55.629947,-1078.4982,-0.085690063,0.4987579,0.11276692,4.3235436,79.999979
55.639947,-1075.8247,-0.086250032,0.49813692,0.11270845,4.3203036,79.999979
55.649947,-1076.6079,-0.087023135,0.49751594,0.11264997,4.3170637,79.999979
55.659947,-1077.8656,-0.086934414,0.49689496,0.11259149,4.3138238,79.999979
55.669947,-1079.0518,-0.085955209,0.49627397,0.11253301,4.3105838,79.999979
55.679947,-1078.511,-0.085524264,0.4960059,0.11251677,4.307556,79.999979
55.689947,-1077.2729,-0.085433284,0.49682661,0.11274998,4.3057807,79.999979
55.699947,-1077.9318,-0.085428534,0.49764732,0.11298319,4.3040055,79.999979
55.709947,-1078.1133,-0.085993968,0.49846804,0.1132164,4.3022302,79.999979
55.719947,-1077.1307,-0.086201894,0.49928875,0.11344961,4.300455,79.999979
55.729947,-1077.8165,-0.08613413,0.50010946,0.11368282,4.2986797,79.999979
55.739947,-1077.8289,-0.086096141,0.50093018,0.11391603,4.2969045,79.999979
55.749947,-1078.5547,-0.085715132,0.50175089,0.11414924,4.2951292,79.999979
55.759947,-1076.5181,-0.085206807,0.5025716,0.11438245,4.293354,79.999979
55.769947,-1078.6128,-0.086417098,0.50339232,0.11461566,4.2915787,79.999979
55.779947,-1077.9404,-0.086356763,0.50421303,0.11484887,4.2898035,79.999979
55.789947,-1079.1979,-0.085803722,0.50503374,0.11508208,4.2880282,79.999979
55.799947,-1077.1726,-0.085822712,0.50585445,0.11531529,4.286253,79.999979
55.809947,-1079.1812,-0.086200998,0.50667517,0.11554849,4.2844777,79.999979
55.819947,-1078.1066,-0.085808884,0.50749588,0.1157817,4.2827025,79.999979
55.829947,-1079.6881,-0.085771408,0.50831659,0.11601491,4.2809272,79.999979
55.839947,-1079.4459,-0.085510541,0.5081554,0.11569429,4.291615,79.999979
55.849947,-1078.9896,-0.085899783,0.50794335,0.11527228,4.3066643,79.999979
55.859947,-1079.3082,-0.086527318,0.50773131,0.11485027,4.3217136,79.999979
55.869947,-1079.9284,-0.085527718,0.50751927,0.11442826,4.336763,79.999979
55.879947,-1079.043,-0.084800957,0.50730723,0.11400626,4.3518123,79.999979
55.889947,-1079.8902,-0.08534833,0.50709518,0.11358425,4.3668616,79.999979
55.899947,-1079.6782,-0.085471863,0.50688314,0.11316224,4.3819109,79.999979
55.909947,-1079.9359,-0.085385063,0.5066711,0.11274023,4.3969602,79.999979
55.919947,-1079.9427,-0.085034758,0.50645906,0.11231822,4.4120095,79.999979
55.929947,-1080.4164,-0.084774329,0.50624701,0.11189621,4.4270588,79.999979
55.939947,-1081.7933,-0.08590123,0.50603497,0.1114742,4.4421081,79.999979
55.949947,-1080.3696,-0.085548057,0.50582293,0.11105219,4.4571574,79.999979
55.959947,-1080.4127,-0.086575087,0.50561089,0.11063018,4.4722067,79.999979
55.969947,-1081.8859,-0.086366783,0.50539884,0.11020818,4.487256,79.999979
55.979947,-1082.2913,-0.086216627,0.5051868,0.10978617,4.5023053,79.999979
55.989947,-1082.5884,-0.086239727,0.50497476,0.10936416,4.5173546,79.999979
55.999947,-1081.5309,-0.085439296,0.50476271,0.10894215,4.5324039,79.999979
56.009947,-1081.2233,-0.085961495,0.50449058,0.10880471,4.538631,79.999979
56.019947,-1080.8124,-0.085852427,0.50412185,0.10912466,4.5225668,79.999979
56.029947,-1080.9853,-0.085122633,0.50375312,0.10944461,4.5065026,79.999979
56.039947,-1081.0412,-0.085097161,0.50338439,0.10976456,4.4904384,79.999979
56.049947,-1081.1566,-0.085059219,0.50301566,0.1100845,4.4743742,79.999979
56.059947,-1081.1253,-0.084631921,0.50264694,0.11040445,4.45831,79.999979
56.069947,-1080.0458,-0.085426901,0.50227821,0.1107244,4.4422458,79.999979
56.079947,-1084.0699,-0.085722875,0.50190948,0.11104435,4.4261817,79.999979
56.089947,-1082.1564,-0.085910119,0.50154075,0.11136429,4.4101175,79.999979
56.099946,-1083.0652,-0.084337302,0.50117202,0.11168424,4.3940533,79.999979
56.109946,-1081.9937,-0.085090921,0.5008033,0.11200419,4.3779891,79.999979
56.119946,-1080.9222,-0.08586603,0.50043457,0.11232414,4.3619249,79.999979
56.129946,-1082.9225,-0.085159231,0.50006584,0.11264408,4.3458607,79.999979
56.139946,-1083.6691,-0.086017165,0.49969711,0.11296403,4.3297965,79.999979
56.149946,-1086.3017,-0.084968808,0.49932838,0.11328398,4.3137323,79.999979
56.159946,-1085.0821,-0.085439273,0.49908546,0.11360393,4.2976681,79.999979
56.169946,-1083.859,-0.085439273,0.50010786,0.11392387,4.281604,79.999979
56.179946,-1082.636,-0.085950434,0.50113026,0.11421575,4.2746221,79.999979
56.189946,-1086.5674,-0.085571992,0.50215265,0.11448789,4.2740294,79.999979
56.199946,-1086.9494,-0.08602547,0.50317505,0.11476003,4.2734367,79.999979
56.209946,-1085.1235,-0.08638053,0.50419745,0.11503217,4.2728441,79.999979
56.219946,-1085.1532,-0.086335555,0.50521985,0.11530431,4.2722514,79.999979
56.229946,-1085.0965,-0.086107552,0.50624225,0.11557644,4.2716587,79.999979
56.239946,-1086.5369,-0.085412932,0.50726465,0.11584858,4.2710661,79.999979
56.249946,-1084.9966,-0.086270078,0.50828705,0.11612072,4.2704734,79.999979
56.259946,-1085.7252,-0.085564055,0.50930945,0.11639286,4.2698807,79.999979
56.269946,-1084.0566,-0.085922287,0.51033185,0.116665,4.2692881,79.999979
56.279946,-1085.8224,-0.086328591,0.51135424,0.11693713,4.2686954,79.999979
56.289946,-1085.848,-0.085758134,0.51237664,0.11720927,4.2681027,79.999979
56.299946,-1086.9677,-0.085249318,0.51339904,0.11748141,4.26751,79.999979
56.309946,-1086.911,-0.085919435,0.51442144,0.11775355,4.2669174,79.999979
56.319946,-1086.4876,-0.085997159,0.5153369,0.11802568,4.2663247,79.999979
56.329946,-1085.6974,-0.085770919,0.51467303,0.11764377,4.274909,79.999979
56.339946,-1087.6351,-0.085794467,0.51400915,0.11723348,4.2850871,79.999979
56.349946,-1086.3109,-0.085594009,0.51334528,0.11682318,4.2952653,79.999979
56.359946,-1084.9565,-0.085434973,0.51268141,0.11641289,4.3054435,79.999979
56.369946,-1085.6736,-0.086000279,0.51201753,0.1160026,4.3156217,79.999979
56.379946,-1085.5821,-0.085399407,0.51135366,0.11559231,4.3257999,79.999979
56.389946,-1085.8098,-0.085912091,0.51068979,0.11518202,4.3359781,79.999979
56.399946,-1086.7878,-0.085322684,0.51002592,0.11477173,4.3461563,79.999979
56.409946,-1085.982,-0.085788176,0.50936204,0.11436143,4.3563344,79.999979
56.419946,-1084.2983,-0.086253668,0.50869817,0.11395114,4.3665126,79.999979
56.429946,-1086.6622,-0.085426466,0.5080343,0.11354085,4.3766908,79.999979
56.439946,-1087.0924,-0.085411768,0.50737043,0.11313056,4.386869,79.999979
56.449946,-1085.8095,-0.0864754,0.50670655,0.11272027,4.3970472,79.999979
56.459946,-1087.6625,-0.085518427,0.50604268,0.11230997,4.4072254,79.999979
56.469946,-1084.8722,-0.085408247,0.50537881,0.11189968,4.4174036,79.999979
56.479946,-1084.6485,-0.085689283,0.50471494,0.11148939,4.4275818,79.999979
56.489946,-1086.7715,-0.085916946,0.50405106,0.1110791,4.4377599,79.999979
56.499946,-1086.0215,-0.086007339,0.50320935,0.11101524,4.4341416,79.999979
56.509946,-1084.7398,-0.085681801,0.50228758,0.11114913,4.4206958,79.999979
56.519946,-1086.8946,-0.084867851,0.50136582,0.11128302,4.40725,79.999979
56.529946,-1085.0965,-0.085337184,0.50044406,0.11141691,4.3938042,79.999979
56.539946,-1085.7011,-0.085544589,0.49952229,0.11155081,4.3803584,79.999979
56.549946,-1086.6925,-0.085655881,0.49860053,0.1116847,4.3669126,79.999979
56.559946,-1084.1277,-0.085496664,0.49767876,0.11181859,4.3534668,79.999979
56.569946,-1086.6416,-0.085127104,0.496757,0.11195249,4.3400211,79.999979
56.579946,-1083.7999,-0.085979592,0.49583524,0.11208638,4.3265753,79.999979
56.589946,-1085.8734,-0.085698764,0.49491347,0.11222027,4.3131295,79.999979
56.599946,-1085.5135,-0.085941946,0.49399171,0.11235416,4.2996837,79.999979
56.609946,-1086.0334,-0.086360389,0.49306994,0.11248806,4.2862379,79.999979
56.619946,-1085.5962,-0.085621907,0.49214818,0.11262195,4.2727921,79.999979
56.629946,-1084.5817,-0.0846888,0.49122641,0.11275584,4.2593463,79.999979
56.639946,-1083.8231,-0.086126693,0.49064452,0.11289,4.2459005,79.999979
56.649946,-1085.5503,-0.086329785,0.49135998,0.11302922,4.2461237,79.999979
56.659946,-1085.5023,-0.085109092,0.49207543,0.11316844,4.2471243,79.999979
56.669946,-1085.957,-0.085458186,0.49279089,0.11330766,4.2481248,79.999979
56.679946,-1085.3498,-0.084737606,0.49350635,0.11344687,4.2491254,79.999979
56.689946,-1085.2179,-0.085843062,0.4942218,0.11358609,4.250126,79.999979
56.699946,-1085.6961,-0.085424222,0.49493726,0.11372531,4.2511265,79.999979
56.709946,-1085.2789,-0.085585637,0.49565271,0.11386453,4.2521271,79.999979
56.719946,-1085.8763,-0.085403157,0.49636817,0.11400375,4.2531276,79.999979
56.729946,-1087.278,-0.085658083,0.49708363,0.11414296,4.2541282,79.999979
56.739946,-1085.8436,-0.086312901,0.49779908,0.11428218,4.2551288,79.999979
56.749946,-1086.9368,-0.085844299,0.49851454,0.1144214,4.2561293,79.999979
56.759946,-1086.3591,-0.08590768,0.49922999,0.11456062,4.2571299,79.999979
56.769946,-1085.3227,-0.086217338,0.49994545,0.11469983,4.2581304,79.999979
56.779946,-1087.2217,-0.085711366,0.5006609,0.11483905,4.259131,79.999979
56.789946,-1085.4355,-0.085701888,0.50137636,0.11497827,4.2601316,79.999979
56.799946,-1083.9782,-0.085901532,0.50209182,0.11511749,4.2611321,79.999979
56.809946,-1086.1716,-0.085912635,0.50270383,0.11522393,4.262336,79.999979
56.819946,-1087.3938,-0.085864311,0.50262585,0.11493684,4.2719235,79.999979
56.829946,-1085.5513,-0.084971533,0.50254787,0.11464975,4.281511,79.999979
56.839946,-1084.8867,-0.08656544,0.50246988,0.11436267,4.2910985,79.999979
56.849946,-1084.5508,-0.086496392,0.5023919,0.11407558,4.3006859,79.999979
56.859946,-1084.215,-0.086427345,0.50231391,0.1137885,4.3102734,79.999979
56.869946,-1083.8791,-0.086067839,0.50223593,0.11350141,4.3198609,79.999979
56.879946,-1083.5433,-0.085315938,0.50215795,0.11321433,4.3294484,79.999979
56.889946,-1085.5519,-0.085333522,0.50207996,0.11292724,4.3390359,79.999979
56.899946,-1085.7696,-0.085497585,0.50200198,0.11264016,4.3486234,79.999979
56.909946,-1087.3099,-0.085875646,0.50192399,0.11235307,4.3582109,79.999979
56.919946,-1084.0114,-0.085622956,0.50184601,0.11206598,4.3677984,79.999979
56.929946,-1086.5531,-0.085385014,0.50176803,0.1117789,4.3773859,79.999979
56.939946,-1086.128,-0.086211756,0.50169004,0.11149181,4.3869734,79.999979
56.949946,-1084.8943,-0.085388809,0.50161206,0.11120473,4.3965609,79.999979
56.959946,-1087.5031,-0.086167219,0.50153407,0.11091764,4.4061484,79.999979
56.969946,-1085.9757,-0.085882918,0.50170064,0.11077817,4.4157358,79.999979
56.979946,-1084.4482,-0.085598616,0.50223963,0.11099895,4.4253233,79.999979
56.989946,-1084.4938,-0.086306652,0.50277861,0.11121973,4.427076,79.999979
56.999946,-1085.5602,-0.084078408,0.5033176,0.11144051,4.4225433,79.999979
57.009946,-1083.9584,-0.085487268,0.50385659,0.11166129,4.4180107,79.999979
57.019946,-1085.1049,-0.085594781,0.50439558,0.11188207,4.4134781,79.999979
57.029946,-1084.9957,-0.085452571,0.50493456,0.11210285,4.4089454,79.999979
57.039946,-1085.125,-0.085386663,0.50547355,0.11232363,4.4044128,79.999979
57.049946,-1085.2543,-0.086381917,0.50601254,0.11254441,4.3998802,79.999979
57.059946,-1085.998,-0.085446919,0.50655152,0.11276519,4.3953475,79.999979
57.069946,-1086.6683,-0.085342618,0.50709051,0.11298597,4.3908149,79.999979
57.079946,-1085.7343,-0.08531599,0.5076295,0.11320675,4.3862823,79.999979
57.089946,-1086.9134,-0.085298281,0.50816849,0.11342753,4.3817497,79.999979
57.099946,-1086.9134,-0.085297942,0.50870747,0.11364831,4.377217,79.999979
57.109946,-1085.3436,-0.085953073,0.50924646,0.11386909,4.3726844,79.999979
57.119946,-1085.3234,-0.08511135,0.50978545,0.11408987,4.3681518,79.999979
57.129946,-1083.8158,-0.085136865,0.50922781,0.11421788,4.3603347,79.999979
57.139946,-1087.7065,-0.085364693,0.50857136,0.11431649,4.3508162,79.999979
57.149945,-1085.1439,-0.085397348,0.50791491,0.1144151,4.3412977,79.999979
57.159945,-1085.9688,-0.085858238,0.50725846,0.11451371,4.3317792,79.999979
57.169945,-1085.8195,-0.086071181,0.50660201,0.11461232,4.3222608,79.999979
57.179945,-1086.0034,-0.085750893,0.50594556,0.11471093,4.3127423,79.999979
57.189945,-1086.2654,-0.085530441,0.50528911,0.11480954,4.3032238,79.999979
57.199945,-1085.9649,-0.084557768,0.50463266,0.11490815,4.2937053,79.999979
57.209945,-1084.1974,-0.086011381,0.50397621,0.11500676,4.2841868,79.999979
57.219945,-1086.2113,-0.086155408,0.50331976,0.11510537,4.2746683,79.999979
57.229945,-1087.2124,-0.085660637,0.50266331,0.11520398,4.2651499,79.999979
57.239945,-1085.3626,-0.085774815,0.50200685,0.11530259,4.2556314,79.999979
57.249945,-1085.3626,-0.085199842,0.5013504,0.1154012,4.2461129,79.999979
57.259945,-1086.869,-0.084953479,0.50069395,0.11549981,4.2365944,79.999979
57.269945,-1086.9218,-0.085581186,0.5000375,0.11559843,4.2270759,79.999979
57.279945,-1086.7034,-0.085117831,0.49938105,0.11569704,4.2175574,79.999979
57.289945,-1087.4454,-0.085183636,0.4987246,0.11579565,4.208039,79.999979
57.299945,-1087.3649,-0.084952094,0.49818662,0.11586996,4.1995295,79.999979
57.309945,-1089.3419,-0.085440381,0.49810691,0.11585027,4.1995813,79.999979
57.319945,-1086.681,-0.08502255,0.49802719,0.11583058,4.1996332,79.999979
57.329945,-1087.2279,-0.084960993,0.49794747,0.11581089,4.1996851,79.999979
57.339945,-1088.9072,-0.085329707,0.49786775,0.1157912,4.199737,79.999979
57.349945,-1086.178,-0.085801284,0.49778803,0.11577152,4.1997889,79.999979
57.359945,-1087.0827,-0.086295265,0.49770832,0.11575183,4.1998407,79.999979
57.369945,-1087.9547,-0.085767787,0.4976286,0.11573214,4.1998926,79.999979
57.379945,-1088.5967,-0.085888679,0.49754888,0.11571245,4.1999445,79.999979
57.389945,-1086.8712,-0.085244323,0.49746916,0.11569276,4.1999964,79.999979
57.399945,-1087.7788,-0.084833109,0.49738944,0.11567308,4.2000483,79.999979
57.409945,-1088.6312,-0.085163342,0.49730973,0.11565339,4.2001001,79.999979
57.419945,-1089.324,-0.0849871,0.49723001,0.1156337,4.200152,79.999979
57.429945,-1088.6305,-0.086579846,0.49715029,0.11561401,4.2002039,79.999979
57.439945,-1089.2161,-0.08549409,0.49707057,0.11559433,4.2002558,79.999979
57.449945,-1086.7419,-0.085380703,0.49732473,0.11550307,4.2046691,79.999979
57.459945,-1088.7666,-0.085790763,0.49760397,0.11538529,4.2116491,79.999979
57.469945,-1089.2492,-0.085458013,0.49788322,0.1152675,4.2186292,79.999979
57.479945,-1088.5788,-0.085123511,0.49816246,0.11514971,4.2256093,79.999979
57.489945,-1088.715,-0.085844661,0.49844171,0.11503193,4.2325893,79.999979
57.499945,-1090.1326,-0.085284994,0.49872095,0.11491414,4.2395694,79.999979
57.509945,-1089.9212,-0.08530047,0.49900019,0.11479635,4.2465494,79.999979
57.519945,-1090.7353,-0.086138135,0.49927944,0.11467857,4.2535295,79.999979
57.529945,-1090.4307,-0.085770449,0.49955868,0.11456078,4.2605095,79.999979
57.539945,-1090.1261,-0.084980758,0.49983793,0.11444299,4.2674896,79.999979
57.549945,-1089.1636,-0.08504848,0.50011717,0.11432521,4.2744696,79.999979
57.559945,-1091.843,-0.084597831,0.50039641,0.11420742,4.2814497,79.999979
57.569945,-1092.2858,-0.084717127,0.50067566,0.11408963,4.2884298,79.999979
57.579945,-1089.9889,-0.085170915,0.5009549,0.11397185,4.2954098,79.999979
57.589945,-1090.6371,-0.085109037,0.50123415,0.11385406,4.3023899,79.999979
57.599945,-1092.2991,-0.085438731,0.50151339,0.11373627,4.3093699,79.999979
57.609945,-1091.6021,-0.084664841,0.50179263,0.11361849,4.31635,79.999979
57.619945,-1092.7997,-0.086082189,0.50163411,0.11360553,4.3157598,79.999979
57.629945,-1091.1266,-0.085848115,0.5013309,0.11363777,4.3119052,79.999979
57.639945,-1094.2692,-0.084106343,0.50102769,0.11367002,4.3080506,79.999979
57.649945,-1090.9517,-0.084679729,0.50072449,0.11370226,4.304196,79.999979
57.659945,-1090.895,-0.084679729,0.50042128,0.1137345,4.3003415,79.999979
57.669945,-1092.6701,-0.085449867,0.50011807,0.11376675,4.2964869,79.999979
57.679945,-1093.7007,-0.085186406,0.49981486,0.11379899,4.2926323,79.999979
57.689945,-1094.1561,-0.085589487,0.49951165,0.11383123,4.2887777,79.999979
57.699945,-1094.784,-0.085420059,0.49920844,0.11386347,4.2849231,79.999979
57.709945,-1094.9664,-0.085863107,0.49890523,0.11389572,4.2810686,79.999979
57.719945,-1092.8523,-0.085824337,0.49860203,0.11392796,4.277214,79.999979
57.729945,-1093.0465,-0.085669418,0.49829882,0.1139602,4.2733594,79.999979
57.739945,-1094.7849,-0.084985942,0.49799561,0.11399245,4.2695048,79.999979
57.749945,-1094.1337,-0.085364018,0.4976924,0.11402469,4.2656502,79.999979
57.759945,-1095.6225,-0.085613669,0.49738919,0.11405693,4.2617957,79.999979
57.769945,-1094.3726,-0.085945759,0.49775055,0.11399687,4.2646185,79.999979
57.779945,-1093.1227,-0.085450195,0.4982834,0.11387391,4.2742756,79.999979
57.789945,-1092.9128,-0.085071246,0.49881624,0.11375095,4.2839328,79.999979
57.799945,-1094.8773,-0.085550994,0.49934909,0.11362799,4.2935899,79.999979
57.809945,-1095.5474,-0.085277862,0.49988193,0.11350503,4.303247,79.999979
57.819945,-1094.2816,-0.08592837,0.50041478,0.11338207,4.3129042,79.999979
57.829945,-1092.508,-0.084994016,0.50094762,0.11325911,4.3225613,79.999979
57.839945,-1093.0985,-0.084983746,0.50148047,0.11313615,4.3322184,79.999979
57.849945,-1093.689,-0.084922598,0.50201331,0.11301319,4.3418756,79.999979
57.859945,-1094.1444,-0.085721353,0.50254616,0.11289024,4.3515327,79.999979
57.869945,-1096.2937,-0.085661374,0.503079,0.11276728,4.3611898,79.999979
57.879945,-1094.1011,-0.085529998,0.50361185,0.11264432,4.370847,79.999979
57.889945,-1093.1733,-0.085641574,0.50414469,0.11252136,4.3805041,79.999979
57.899945,-1093.7989,-0.085212799,0.50467754,0.1123984,4.3901612,79.999979
57.909945,-1095.1608,-0.085017356,0.50521038,0.11227544,4.3998184,79.999979
57.919945,-1093.1514,-0.085496922,0.50574323,0.11215248,4.4094755,79.999979
57.929945,-1094.0849,-0.085406792,0.50603293,0.11213965,4.4127403,79.999979
57.939945,-1095.3005,-0.084353777,0.50558482,0.112461,4.3966077,79.999979
57.949945,-1092.709,-0.085816864,0.5051367,0.11278235,4.380475,79.999979
57.959945,-1094.7619,-0.085053542,0.50468859,0.11310369,4.3643423,79.999979
57.969945,-1094.4251,-0.084886595,0.50424048,0.11342504,4.3482096,79.999979
57.979945,-1094.1254,-0.085806452,0.50379237,0.11374639,4.3320769,79.999979
57.989945,-1094.8404,-0.08476553,0.50334425,0.11406774,4.3159442,79.999979
57.999945,-1095.4229,-0.085940148,0.50289614,0.11438909,4.2998116,79.999979
58.009945,-1093.2875,-0.084965571,0.50244803,0.11471043,4.2836789,79.999979
58.019945,-1095.379,-0.086216324,0.50199992,0.11503178,4.2675462,79.999979
58.029945,-1094.9278,-0.085709428,0.5015518,0.11535313,4.2514135,79.999979
58.039945,-1095.152,-0.085812625,0.50110369,0.11567448,4.2352808,79.999979
58.049945,-1095.0587,-0.085676921,0.50065558,0.11599583,4.2191481,79.999979
58.059945,-1094.019,-0.084445955,0.50020746,0.11631718,4.2030155,79.999979
58.069945,-1093.9629,-0.084889964,0.49975935,0.11663852,4.1868828,79.999979
58.079945,-1096.7284,-0.085391573,0.49931124,0.11695987,4.1707501,79.999979
58.089945,-1095.8191,-0.085187211,0.49886313,0.11728122,4.1546174,79.999979
58.099945,-1094.1526,-0.085398928,0.49841501,0.11760257,4.1384847,79.999979
58.109945,-1097.057,-0.085827383,0.49812067,0.11756678,4.1371673,79.999979
58.119945,-1093.181,-0.08547672,0.49795029,0.11724307,4.1477935,79.999979
58.129945,-1096.7752,-0.085510051,0.49777991,0.11691937,4.1584197,79.999979
58.139945,-1095.2522,-0.084991173,0.49760953,0.11659566,4.169046,79.999979
58.149945,-1094.0136,-0.085329478,0.49743915,0.11627195,4.1796722,79.999979
58.159945,-1095.8143,-0.085375252,0.49726877,0.11594825,4.1902984,79.999979
58.169945,-1095.4019,-0.085436272,0.49709839,0.11562454,4.2009247,79.999979
58.179945,-1097.1379,-0.085579446,0.49692802,0.11530084,4.2115509,79.999979
58.189945,-1096.0356,-0.085703476,0.49675764,0.11497713,4.2221771,79.999979
58.199944,-1094.7006,-0.085154317,0.49658726,0.11465342,4.2328033,79.999979
58.209944,-1094.0872,-0.085804889,0.49641688,0.11432972,4.2434296,79.999979
58.219944,-1095.019,-0.084541212,0.4962465,0.11400601,4.2540558,79.999979
58.229944,-1095.5288,-0.084496661,0.49607612,0.11368231,4.264682,79.999979
58.239944,-1096.2104,-0.084434782,0.49590574,0.1133586,4.2753083,79.999979
58.249944,-1095.8446,-0.085109608,0.49573536,0.11303489,4.2859345,79.999979
58.259944,-1097.2833,-0.085928414,0.49605208,0.11277957,4.2984217,79.999979
58.269944,-1097.1164,-0.085634544,0.49644238,0.11254483,4.311469,79.999979
58.279944,-1095.5893,-0.085624193,0.49683268,0.11231009,4.3245163,79.999979
58.289944,-1095.5186,-0.085543225,0.49722298,0.11207536,4.3375636,79.999979
58.299944,-1095.8126,-0.084780942,0.49761328,0.11184062,4.350611,79.999979
58.309944,-1095.3717,-0.08510302,0.49800359,0.11160588,4.3636583,79.999979
58.319944,-1094.728,-0.085548304,0.49839389,0.11137114,4.3767056,79.999979
58.329944,-1095.1839,-0.085442825,0.49878419,0.1111364,4.3897529,79.999979
58.339944,-1097.0391,-0.085610032,0.49917449,0.11090166,4.4028003,79.999979
58.349944,-1096.5418,-0.08577724,0.49956479,0.11066692,4.4158476,79.999979
58.359944,-1095.4895,-0.085900444,0.4999551,0.11043219,4.4288949,79.999979
58.369944,-1095.5259,-0.084735491,0.5003454,0.11019745,4.4419422,79.999979
58.379944,-1094.6716,-0.085019798,0.5007357,0.10996271,4.4549896,79.999979
58.389944,-1097.5731,-0.085356927,0.501126,0.10972797,4.4680369,79.999979
58.399944,-1097.6508,-0.08536726,0.5015163,0.10949323,4.4810842,79.999979
58.409944,-1096.4648,-0.085395275,0.50190661,0.10925849,4.4941315,79.999979
58.419944,-1096.1937,-0.085650656,0.50229691,0.10902376,4.5071788,79.999979
58.429944,-1096.0433,-0.084980552,0.50200882,0.10913846,4.5004676,79.999979
58.439944,-1096.2625,-0.08461895,0.50143703,0.10943991,4.4831973,79.999979
58.449944,-1095.9955,-0.085025796,0.50086525,0.10974136,4.4659269,79.999979
58.459944,-1095.5155,-0.085993263,0.50029346,0.11004281,4.4486566,79.999979
58.469944,-1095.6854,-0.084440842,0.49972167,0.11034426,4.4313862,79.999979
58.479944,-1098.4869,-0.085174992,0.49914989,0.11064571,4.4141159,79.999979
58.489944,-1096.229,-0.085352066,0.4985781,0.11094717,4.3968455,79.999979
58.499944,-1095.4095,-0.085119692,0.49800631,0.11124862,4.3795752,79.999979
58.509944,-1096.2004,-0.085432583,0.49743453,0.11155007,4.3623049,79.999979
58.519944,-1096.8845,-0.084834313,0.49686274,0.11185152,4.3450345,79.999979
58.529944,-1096.334,-0.084962649,0.49629095,0.11215297,4.3277642,79.999979
58.539944,-1095.5234,-0.085180264,0.49571917,0.11245442,4.3104938,79.999979
58.549944,-1095.6116,-0.08539788,0.49514738,0.11275587,4.2932235,79.999979
58.559944,-1096.4681,-0.08487721,0.4945756,0.11305732,4.2759531,79.999979
58.569944,-1099.5195,-0.085592339,0.49400381,0.11335877,4.2586828,79.999979
58.579944,-1097.7159,-0.084899709,0.49379618,0.11342497,4.253547,79.999979
58.589944,-1096.1984,-0.084976614,0.49379804,0.11328654,4.2589656,79.999979
58.599944,-1096.8954,-0.085030234,0.4937999,0.11314811,4.2643843,79.999979
58.609944,-1098.1579,-0.085230244,0.49380176,0.11300968,4.2698029,79.999979
58.619944,-1097.6541,-0.084900256,0.49380362,0.11287126,4.2752215,79.999979
58.629944,-1099.2748,-0.08469602,0.49380548,0.11273283,4.2806402,79.999979
58.639944,-1097.7453,-0.085843935,0.49380734,0.1125944,4.2860588,79.999979
58.649944,-1097.2675,-0.085683359,0.4938092,0.11245598,4.2914774,79.999979
58.659944,-1098.9143,-0.085882757,0.49381106,0.11231755,4.2968961,79.999979
58.669944,-1098.9143,-0.085936756,0.49381292,0.11217912,4.3023147,79.999979
58.679944,-1098.1083,-0.085417589,0.49381478,0.11204069,4.3077333,79.999979
58.689944,-1099.3134,-0.084648859,0.49381664,0.11190227,4.313152,79.999979
58.699944,-1099.2834,-0.084875477,0.4938185,0.11176384,4.3185706,79.999979
58.709944,-1098.0726,-0.084849947,0.49382036,0.11162541,4.3239892,79.999979
58.719944,-1098.3557,-0.084974939,0.49382222,0.11148698,4.3294079,79.999979
58.729944,-1099.3585,-0.085258842,0.49382408,0.11134856,4.3348265,79.999979
58.739944,-1099.4463,-0.085426431,0.49382594,0.11121013,4.3402451,79.999979
58.749944,-1098.0124,-0.085456232,0.49385225,0.11116045,4.3428493,79.999979
58.759944,-1098.9132,-0.08480049,0.49391078,0.11125692,4.339592,79.999979
58.769944,-1099.6894,-0.08559834,0.49396931,0.11135339,4.3363347,79.999979
58.779944,-1099.756,-0.08593847,0.49402785,0.11144987,4.3330773,79.999979
58.789944,-1100.2177,-0.085874492,0.49408638,0.11154634,4.32982,79.999979
58.799944,-1100.175,-0.085810513,0.49414491,0.11164281,4.3265626,79.999979
58.809944,-1100.6038,-0.084304155,0.49420345,0.11173929,4.3233053,79.999979
58.819944,-1099.6235,-0.084400174,0.49426198,0.11183576,4.320048,79.999979
58.829944,-1102.4868,-0.084726915,0.49432051,0.11193223,4.3167906,79.999979
58.839944,-1102.2728,-0.085030288,0.49437905,0.11202871,4.3135333,79.999979
58.849944,-1102.061,-0.085033431,0.49443758,0.11212518,4.3102759,79.999979
58.859944,-1103.331,-0.085110113,0.49449611,0.11222166,4.3070186,79.999979
58.869944,-1103.3858,-0.08494906,0.49455465,0.11231813,4.3037613,79.999979
58.879944,-1102.4376,-0.085556623,0.49461318,0.1124146,4.3005039,79.999979
58.889944,-1102.3434,-0.08552041,0.4947083,0.11250644,4.2972466,79.999979
58.899944,-1102.9659,-0.085167246,0.4950445,0.11245746,4.3008459,79.999979
58.909944,-1103.5467,-0.085156454,0.4953807,0.11240849,4.3058308,79.999979
58.919944,-1103.5467,-0.085156454,0.49571691,0.11235951,4.3108158,79.999979
58.929944,-1103.3456,-0.084421166,0.49605311,0.11231054,4.3158007,79.999979
58.939944,-1104.2841,-0.085034213,0.49638931,0.11226156,4.3207856,79.999979
58.949944,-1106.1768,-0.084531463,0.49672551,0.11221259,4.3257705,79.999979
58.959944,-1105.3122,-0.08519096,0.49706171,0.11216361,4.3307554,79.999979
58.969944,-1105.1874,-0.08519096,0.49739791,0.11211464,4.3357404,79.999979
58.979944,-1105.6113,-0.084838813,0.49773411,0.11206566,4.3407253,79.999979
58.989944,-1105.0708,-0.085083559,0.49807031,0.11201668,4.3457102,79.999979
58.999944,-1105.4786,-0.084919653,0.49840651,0.11196771,4.3506951,79.999979
59.009944,-1108.4434,-0.083817842,0.49874271,0.11191873,4.35568,79.999979
59.019944,-1108.9145,-0.08542546,0.49907891,0.11186976,4.360665,79.999979
59.029944,-1108.0529,-0.085107577,0.49941511,0.11182078,4.3656499,79.999979
59.039944,-1108.5506,-0.085192532,0.49975132,0.11177181,4.3706348,79.999979
59.049944,-1108.3455,-0.085353078,0.50008752,0.11172283,4.3756197,79.999979
59.059944,-1110.6754,-0.084784895,0.50040387,0.1116596,4.3806046,79.999979
59.069944,-1112.8388,-0.085427566,0.50028671,0.11128496,4.3948897,79.999979
59.079944,-1110.713,-0.084681004,0.50016955,0.11091032,4.4097291,79.999979
59.089944,-1111.7546,-0.084481876,0.50005239,0.11053569,4.4245684,79.999979
59.099944,-1112.7961,-0.084918442,0.49993522,0.11016105,4.4394078,79.999979
59.109944,-1113.6289,-0.085041993,0.49981806,0.10978641,4.4542472,79.999979
59.119944,-1113.9705,-0.085013039,0.4997009,0.10941177,4.4690865,79.999979
59.129944,-1115.6102,-0.084062378,0.49958374,0.10903713,4.4839259,79.999979
59.139944,-1115.7104,-0.08443895,0.49946658,0.1086625,4.4987652,79.999979
59.149944,-1115.9817,-0.084624466,0.49934942,0.10828786,4.5136046,79.999979
59.159944,-1117.0553,-0.084809982,0.49923225,0.10791322,4.5284439,79.999979
59.169944,-1117.7473,-0.084600814,0.49911509,0.10753858,4.5432833,79.999979
59.179944,-1119.8928,-0.085491081,0.49899793,0.10716394,4.5581226,79.999979
59.189944,-1119.4115,-0.084085729,0.49888077,0.10678931,4.572962,79.999979
59.199944,-1119.3571,-0.084199739,0.49876361,0.10641467,4.5878013,79.999979
59.209944,-1121.055,-0.084208661,0.49864645,0.10604003,4.6026407,79.999979
59.219944,-1120.9354,-0.084229212,0.49852928,0.10566539,4.61748,79.999979
59.229944,-1120.9225,-0.084064976,0.49841212,0.10529075,4.6323194,79.999979
59.239944,-1122.5176,-0.084355408,0.49803238,0.1058197,4.612111,79.999979
59.249943,-1124.2047,-0.084460585,0.49760769,0.10650331,4.5804591,79.999979
59.259943,-1124.7001,-0.084921571,0.497183,0.10718692,4.5488072,79.999979
59.269943,-1125.6923,-0.084267217,0.49675832,0.10787053,4.5171553,79.999979
59.279943,-1126.2836,-0.084024221,0.49633363,0.10855414,4.4855034,79.999979
59.289943,-1127.6448,-0.083924703,0.49590894,0.10923775,4.4538515,79.999979
59.299943,-1126.7599,-0.08486482,0.49548425,0.10992135,4.4221996,79.999979
59.309943,-1126.5294,-0.084139904,0.49505956,0.11060496,4.3905477,79.999979
59.319943,-1129.6874,-0.084876764,0.49463487,0.11128857,4.3588958,79.999979
59.329943,-1129.941,-0.083991248,0.49421019,0.11197218,4.3272439,79.999979
59.339943,-1131.132,-0.084036356,0.4937855,0.11265579,4.295592,79.999979
59.349943,-1131.599,-0.084081465,0.49336081,0.1133394,4.2639401,79.999979
59.359943,-1129.5369,-0.08407643,0.49293612,0.11402301,4.2322882,79.999979
59.369943,-1133.5579,-0.083276669,0.49251143,0.11470662,4.2006363,79.999979
59.379943,-1135.9069,-0.083507509,0.4923454,0.11521065,4.1729251,79.999979
59.389943,-1134.4811,-0.083920897,0.4926237,0.11522426,4.1748607,79.999979
59.399943,-1137.1211,-0.083503927,0.49290201,0.11523788,4.1767962,79.999979
59.409943,-1135.6096,-0.083972229,0.49318031,0.11525149,4.1787318,79.999979
59.419943,-1133.6666,-0.084356073,0.49345862,0.11526511,4.1806674,79.999979
59.429943,-1136.0847,-0.084594344,0.49373693,0.11527872,4.1826029,79.999979
59.439943,-1138.7279,-0.084497067,0.49401523,0.11529233,4.1845385,79.999979
59.449943,-1137.6013,-0.08380346,0.49429354,0.11530595,4.186474,79.999979
59.459943,-1139.7799,-0.083324475,0.49457184,0.11531956,4.1884096,79.999979
59.469943,-1138.9385,-0.083695051,0.49485015,0.11533318,4.1903452,79.999979
59.479943,-1138.097,-0.084232149,0.49512845,0.11534679,4.1922807,79.999979
59.489943,-1138.9613,-0.083936459,0.49540676,0.1153604,4.1942163,79.999979
59.499943,-1139.1366,-0.083828544,0.49568507,0.11537402,4.1961519,79.999979
59.509943,-1141.5561,-0.083735427,0.49596337,0.11538763,4.1980874,79.999979
59.519943,-1139.4507,-0.08350386,0.49624168,0.11540125,4.200023,79.999979
59.529943,-1140.0188,-0.084094772,0.49651998,0.11541486,4.2019586,79.999979
59.539943,-1140.5868,-0.084276448,0.49679829,0.11542847,4.2038941,79.999979
59.549943,-1140.8596,-0.083381003,0.49707659,0.11544209,4.2058297,79.999979
59.559943,-1141.6992,-0.083291972,0.49724248,0.11515924,4.2184149,79.999979
59.569943,-1142.65,-0.084129104,0.49734492,0.11470906,4.2370108,79.999979
59.579943,-1141.284,-0.083814539,0.49744736,0.11425889,4.2556067,79.999979
59.589943,-1141.9614,-0.083921272,0.4975498,0.11380872,4.2742025,79.999979
59.599943,-1142.6389,-0.083533265,0.49765224,0.11335854,4.2927984,79.999979
59.609943,-1145.1673,-0.083468486,0.49775468,0.11290837,4.3113943,79.999979
59.619943,-1142.5851,-0.083242118,0.49785711,0.1124582,4.3299901,79.999979
59.629943,-1145.4957,-0.083708856,0.49795955,0.11200802,4.348586,79.999979
59.639943,-1144.1001,-0.083166916,0.49806199,0.11155785,4.3671819,79.999979
59.649943,-1143.3817,-0.083256018,0.49816443,0.11110768,4.3857777,79.999979
59.659943,-1144.5245,-0.083568648,0.49826687,0.1106575,4.4043736,79.999979
59.669943,-1145.4106,-0.083588118,0.49836931,0.11020733,4.4229695,79.999979
59.679943,-1143.0791,-0.083987847,0.49847175,0.10975716,4.4415654,79.999979
59.689943,-1145.8655,-0.083885622,0.49857419,0.10930698,4.4601612,79.999979
59.699943,-1146.815,-0.084016676,0.49877575,0.10901751,4.4754279,79.999979
59.709943,-1149.2698,-0.083036218,0.49917144,0.10924223,4.4697944,79.999979
59.719943,-1145.0538,-0.084132988,0.49956713,0.10946695,4.4641608,79.999979
59.729943,-1146.5264,-0.083185275,0.49996283,0.10969167,4.4585272,79.999979
59.739943,-1145.7518,-0.083506017,0.50035852,0.10991639,4.4528937,79.999979
59.749943,-1144.9771,-0.084831262,0.50075421,0.11014111,4.4472601,79.999979
59.759943,-1149.0025,-0.083957903,0.50114991,0.11036583,4.4416265,79.999979
59.769943,-1148.2205,-0.083936406,0.5015456,0.11059054,4.435993,79.999979
59.779943,-1149.1944,-0.083682821,0.50194129,0.11081526,4.4303594,79.999979
59.789943,-1149.8991,-0.083502617,0.50233698,0.11103998,4.4247258,79.999979
59.799943,-1150.3432,-0.084126151,0.50273268,0.1112647,4.4190923,79.999979
59.809943,-1148.4276,-0.083257708,0.50312837,0.11148942,4.4134587,79.999979
59.819943,-1148.43,-0.084279921,0.50352406,0.11171414,4.4078251,79.999979
59.829943,-1151.4196,-0.084010568,0.50391976,0.11193886,4.4021916,79.999979
59.839943,-1148.6897,-0.083894992,0.50431545,0.11216358,4.396558,79.999979
59.849943,-1148.4536,-0.083894992,0.50471114,0.1123883,4.3909244,79.999979
59.859943,-1149.9632,-0.084079529,0.50510684,0.11261302,4.3852909,79.999979
59.869943,-1148.2896,-0.083765297,0.5050795,0.11275921,4.3798193,79.999979
59.879943,-1148.9645,-0.083256585,0.50437775,0.11274783,4.3746727,79.999979
59.889943,-1150.5898,-0.083498381,0.50367601,0.11273645,4.3695261,79.999979
59.899943,-1151.7857,-0.08370293,0.50297427,0.11272507,4.3643795,79.999979
59.909943,-1150.444,-0.083461497,0.50227252,0.11271369,4.3592329,79.999979
59.919943,-1149.5876,-0.083584529,0.50157078,0.11270231,4.3540863,79.999979
59.929943,-1150.2539,-0.083509744,0.50086904,0.11269093,4.3489397,79.999979
59.939943,-1149.5621,-0.083896168,0.50016729,0.11267955,4.3437931,79.999979
59.949943,-1152.5976,-0.083438352,0.49946555,0.11266817,4.3386465,79.999979
59.959943,-1152.2339,-0.083375526,0.49876381,0.11265679,4.3334999,79.999979
59.969943,-1150.881,-0.083375526,0.49806206,0.11264541,4.3283533,79.999979
59.979943,-1150.0689,-0.083475223,0.49736032,0.11263403,4.3232067,79.999979
59.989943,-1153.4247,-0.082835242,0.49665858,0.11262265,4.3180601,79.999979
59.999943,-1153.911,-0.084698576,0.49595683,0.11261127,4.3129135,79.999979
60.009943,-1152.5834,-0.08385147,0.49525509,0.11259989,4.3077669,79.999979
60.019943,-1151.5415,-0.083127778,0.49455335,0.11258851,4.3026203,79.999979
60.029943,-1152.0496,-0.083036663,0.49508541,0.11257713,4.2974737,79.999979
60.039943,-1152.5578,-0.082945548,0.49602224,0.11255866,4.2923271,79.999979
60.049943,-1154.8029,-0.083683618,0.49695907,0.11222769,4.3134278,79.999979
60.059943,-1153.5808,-0.08360641,0.4978959,0.11189671,4.336747,79.999979
60.069943,-1153.405,-0.083878733,0.49883273,0.11156573,4.3600662,79.999979
60.079943,-1154.0411,-0.084201789,0.49976956,0.11123476,4.3833855,79.999979
60.089943,-1151.5594,-0.08362812,0.50070639,0.11090378,4.4067047,79.999979
60.099943,-1152.4069,-0.083116538,0.50164322,0.11057281,4.430024,79.999979
60.109943,-1151.1827,-0.083423463,0.50258005,0.11024183,4.4533432,79.999979
60.119943,-1154.0362,-0.084072222,0.50351688,0.10991085,4.4766625,79.999979
60.129943,-1153.1387,-0.08328511,0.5044537,0.10957988,4.4999817,79.999979
60.139943,-1151.5299,-0.083223572,0.50539053,0.1092489,4.5233009,79.999979
60.149943,-1151.4944,-0.082826399,0.50632736,0.10891793,4.5466202,79.999979
60.159943,-1153.1406,-0.083425146,0.50726419,0.10858695,4.5699394,79.999979
60.169943,-1152.8521,-0.084231532,0.50820102,0.10825597,4.5932587,79.999979
60.179943,-1154.5993,-0.084112889,0.50913785,0.107925,4.6165779,79.999979
60.189943,-1153.1781,-0.083682042,0.509239,0.10803933,4.6143693,79.999979
60.199943,-1156.5729,-0.084355321,0.50904723,0.10840364,4.5978301,79.999979
60.209943,-1155.172,-0.084765988,0.50885545,0.10876795,4.581291,79.999979
60.219943,-1157.2073,-0.083819979,0.50866368,0.10913227,4.5647519,79.999979
60.229943,-1156.1004,-0.083546229,0.5084719,0.10949658,4.5482128,79.999979
60.239943,-1153.4838,-0.083392056,0.50828013,0.10986089,4.5316736,79.999979
60.249943,-1154.646,-0.082992225,0.50808836,0.1102252,4.5151345,79.999979
60.259943,-1155.9904,-0.0834316,0.50789658,0.11058951,4.4985954,79.999979
60.269943,-1156.5327,-0.083596632,0.50770481,0.11095383,4.4820562,79.999979
60.279943,-1157.5611,-0.083669513,0.50751303,0.11131814,4.4655171,79.999979
60.289943,-1155.4003,-0.083352763,0.50732126,0.11168245,4.448978,79.999979
60.299942,-1155.6699,-0.083115894,0.50712949,0.11204676,4.4324388,79.999979
60.309942,-1156.3953,-0.084159957,0.50693771,0.11241107,4.4158997,79.999979
60.319942,-1158.8824,-0.084173883,0.50674594,0.11277539,4.3993606,79.999979
60.329942,-1159.3748,-0.082588601,0.50655416,0.1131397,4.3828215,79.999979
60.339942,-1159.6859,-0.082702348,0.50636239,0.11350401,4.3662823,79.999979
60.349942,-1159.8957,-0.082832486,0.50597713,0.11386832,4.3497432,79.999979
60.359942,-1160.1055,-0.083101955,0.50527273,0.11423263,4.3332041,79.999979
60.369942,-1160.5277,-0.083700824,0.50456833,0.11444961,4.319203,79.999979
60.379942,-1161.2352,-0.083617197,0.50386393,0.11461132,4.3064275,79.999979
60.389942,-1159.9254,-0.084047012,0.50315953,0.11477304,4.2936521,79.999979
60.399942,-1164.5711,-0.083283769,0.50245513,0.11493475,4.2808767,79.999979
60.409942,-1162.8982,-0.083222581,0.50175073,0.11509646,4.2681013,79.999979
60.419942,-1161.6232,-0.083237723,0.50104632,0.11525818,4.2553258,79.999979
60.429942,-1163.483,-0.082793257,0.50034192,0.11541989,4.2425504,79.999979
60.439942,-1166.2408,-0.084031627,0.49963752,0.11558161,4.229775,79.999979
60.449942,-1165.2955,-0.083455298,0.49893312,0.11574332,4.2169996,79.999979
60.459942,-1167.7424,-0.083312647,0.49822872,0.11590504,4.2042241,79.999979
60.469942,-1165.982,-0.082841078,0.49752432,0.11606675,4.1914487,79.999979
60.479942,-1167.5695,-0.083090908,0.49681992,0.11622847,4.1786733,79.999979
60.489942,-1168.1276,-0.084292011,0.49611552,0.11639018,4.1658979,79.999979
60.499942,-1169.4419,-0.083330288,0.49541112,0.1165519,4.1531224,79.999979
60.509942,-1169.1964,-0.083190248,0.49508057,0.11660875,4.1444886,79.999979
60.519942,-1170.1404,-0.083032926,0.49532931,0.11640665,4.1543055,79.999979
60.529942,-1169.5427,-0.083629451,0.49557806,0.11620454,4.1641224,79.999979
60.539942,-1170.4094,-0.083570128,0.49582681,0.11600244,4.1739393,79.999979
60.549942,-1170.4481,-0.083859254,0.49607556,0.11580034,4.1837562,79.999979
60.559942,-1171.0287,-0.083212075,0.49632431,0.11559824,4.1935731,79.999979
60.569942,-1173.1496,-0.083847598,0.49657306,0.11539613,4.20339,79.999979
60.579942,-1173.7912,-0.083727989,0.49682181,0.11519403,4.2132069,79.999979
60.589942,-1173.3387,-0.082505425,0.49707056,0.11499193,4.2230238,79.999979
60.599942,-1173.0612,-0.083336553,0.49731931,0.11478983,4.2328407,79.999979
60.609942,-1173.0612,-0.083559484,0.49756806,0.11458772,4.2426576,79.999979
60.619942,-1172.796,-0.082926441,0.49781681,0.11438562,4.2524745,79.999979
60.629942,-1174.6687,-0.083680409,0.49806556,0.11418352,4.2622914,79.999979
60.639942,-1174.823,-0.082716104,0.49831431,0.11398142,4.2721083,79.999979
60.649942,-1176.5783,-0.082490277,0.49856306,0.11377932,4.2819252,79.999979
60.659942,-1177.3521,-0.082809698,0.49881181,0.11357721,4.291742,79.999979
60.669942,-1177.3521,-0.082625337,0.49906056,0.11337511,4.3015589,79.999979
60.679942,-1175.9666,-0.082862988,0.49930931,0.11317301,4.3113758,79.999979
60.689942,-1179.4214,-0.083028399,0.49924572,0.11317928,4.311604,79.999979
60.699942,-1179.0303,-0.081518377,0.49904552,0.11330088,4.3052158,79.999979
60.709942,-1180.6073,-0.082968381,0.49884532,0.11342248,4.2988276,79.999979
60.719942,-1180.6105,-0.082721731,0.49864512,0.11354408,4.2924394,79.999979
60.729942,-1180.6105,-0.082360535,0.49844493,0.11366569,4.2860511,79.999979
60.739942,-1180.5544,-0.083339551,0.49824473,0.11378729,4.2796629,79.999979
60.749942,-1183.3225,-0.082484457,0.49804453,0.11390889,4.2732747,79.999979
60.759942,-1183.0786,-0.082825859,0.49784433,0.11403049,4.2668865,79.999979
60.769942,-1183.8493,-0.08318292,0.49764413,0.11415209,4.2604982,79.999979
60.779942,-1184.2383,-0.082064249,0.49744393,0.1142737,4.25411,79.999979
60.789942,-1183.0736,-0.082558467,0.49724373,0.1143953,4.2477218,79.999979
60.799942,-1182.7037,-0.082937489,0.49704353,0.1145169,4.2413336,79.999979
60.809942,-1187.0422,-0.082892378,0.49684334,0.1146385,4.2349453,79.999979
60.819942,-1184.8212,-0.083311901,0.49664314,0.11476011,4.2285571,79.999979
60.829942,-1187.9658,-0.082402519,0.4965603,0.11478197,4.2252013,79.999979
60.839942,-1187.5421,-0.082145449,0.49664298,0.11458192,4.2337363,79.999979
60.849942,-1186.9184,-0.082836255,0.49672566,0.11438187,4.2422712,79.999979
60.859942,-1188.3116,-0.083690576,0.49680833,0.11418182,4.2508061,79.999979
60.869942,-1189.0318,-0.082456649,0.49689101,0.11398177,4.259341,79.999979
60.879942,-1189.1148,-0.082397115,0.49697368,0.11378172,4.267876,79.999979
60.889942,-1189.4235,-0.082557282,0.49705636,0.11358167,4.2764109,79.999979
60.899942,-1189.7267,-0.082409302,0.49713904,0.11338161,4.2849458,79.999979
60.909942,-1189.2548,-0.08270256,0.49722171,0.11318156,4.2934807,79.999979
60.919942,-1188.2687,-0.082995818,0.49730439,0.11298151,4.3020157,79.999979
60.929942,-1191.0145,-0.083160692,0.49738707,0.11278146,4.3105506,79.999979
60.939942,-1190.7177,-0.083174834,0.49746974,0.11258141,4.3190855,79.999979
60.949942,-1192.1997,-0.082466878,0.49755242,0.11238136,4.3276204,79.999979
60.959942,-1192.4116,-0.082517446,0.4976351,0.11218131,4.3361553,79.999979
60.969942,-1191.3438,-0.081874967,0.49771777,0.11198126,4.3446903,79.999979
60.979942,-1191.3438,-0.081874967,0.49780045,0.11178121,4.3532252,79.999979
60.989942,-1192.8678,-0.082122896,0.49788313,0.11158116,4.3617601,79.999979
60.999942,-1193.2232,-0.082454559,0.49784439,0.11141482,4.3685674,79.999979
61.009942,-1193.1322,-0.082201272,0.49753802,0.11134471,4.3687436,79.999979
61.019942,-1192.1305,-0.082921009,0.49723165,0.11127461,4.3689198,79.999979
61.029942,-1193.4965,-0.082615238,0.49692529,0.1112045,4.369096,79.999979
61.039942,-1193.6876,-0.08218031,0.49661892,0.1111344,4.3692722,79.999979
61.049942,-1193.8788,-0.081798102,0.49631255,0.11106429,4.3694484,79.999979
61.059942,-1193.0558,-0.082097456,0.49600619,0.11099419,4.3696246,79.999979
61.069942,-1194.4372,-0.083551186,0.49569982,0.11092408,4.3698008,79.999979
61.079942,-1195.2762,-0.081908769,0.49539345,0.11085398,4.369977,79.999979
61.089942,-1194.7082,-0.082541454,0.49508709,0.11078387,4.3701533,79.999979
61.099942,-1195.6578,-0.082024862,0.49478072,0.11071377,4.3703295,79.999979
61.109942,-1196.2019,-0.08163012,0.49447435,0.11064366,4.3705057,79.999979
61.119942,-1196.7396,-0.082814635,0.49416799,0.11057356,4.3706819,79.999979
61.129942,-1195.817,-0.082227013,0.49386162,0.11050346,4.3708581,79.999979
61.139942,-1196.6064,-0.08247089,0.49355525,0.11043335,4.3710343,79.999979
61.149942,-1197.2377,-0.082381868,0.49389096,0.11036325,4.3712105,79.999979
61.159942,-1197.2438,-0.0826363,0.49486934,0.11029795,4.3802273,79.999979
61.169942,-1197.3319,-0.082279716,0.49584771,0.11023378,4.3920563,79.999979
61.179942,-1197.6128,-0.082220148,0.49682608,0.11016961,4.4038853,79.999979
61.189942,-1196.2784,-0.083614665,0.49780446,0.11010544,4.4157142,79.999979
61.199942,-1199.0537,-0.082205264,0.49878283,0.11004127,4.4275432,79.999979
61.209942,-1199.6797,-0.082188186,0.4997612,0.1099771,4.4393722,79.999979
61.219942,-1200.0622,-0.08244265,0.50073957,0.10991293,4.4512012,79.999979
61.229942,-1199.8583,-0.082790241,0.50171795,0.10984876,4.4630301,79.999979
61.239942,-1199.9957,-0.082924113,0.50269632,0.10978459,4.4748591,79.999979
61.249942,-1200.1393,-0.082013485,0.50367469,0.10972042,4.4866881,79.999979
61.259942,-1199.9786,-0.083426016,0.50465306,0.10965625,4.4985171,79.999979
61.269942,-1198.461,-0.082140831,0.50563144,0.10959208,4.510346,79.999979
61.279942,-1199.193,-0.082560469,0.50660981,0.10952791,4.522175,79.999979
61.289942,-1200.4879,-0.082428491,0.50758818,0.10946374,4.534004,79.999979
61.299942,-1199.5486,-0.082372424,0.50856656,0.10939957,4.545833,79.999979
61.309942,-1199.9564,-0.082398104,0.50940977,0.10933539,4.5576619,79.999979
61.319942,-1200.2471,-0.081943944,0.50894968,0.10943274,4.5525791,79.999979
61.329942,-1200.146,-0.0827314,0.50848959,0.10953109,4.5442234,79.999979
61.339942,-1198.8007,-0.083471891,0.5080295,0.10962944,4.5358676,79.999979
61.349941,-1198.8007,-0.083471891,0.50756941,0.10972778,4.5275119,79.999979
61.359941,-1199.1371,-0.082216157,0.50710932,0.10982613,4.5191561,79.999979
61.369941,-1201.3278,-0.082824324,0.50664923,0.10992448,4.5108004,79.999979
61.379941,-1200.5231,-0.082596142,0.50618914,0.11002282,4.5024447,79.999979
61.389941,-1200.2097,-0.082294965,0.50572905,0.11012117,4.4940889,79.999979
61.399941,-1200.1441,-0.082572263,0.50526896,0.11021952,4.4857332,79.999979
61.409941,-1201.159,-0.082858641,0.50480887,0.11031786,4.4773774,79.999979
61.419941,-1201.7376,-0.082078943,0.50434878,0.11041621,4.4690217,79.999979
61.429941,-1201.9305,-0.082062593,0.50388869,0.11051456,4.4606659,79.999979
61.439941,-1201.6832,-0.082353926,0.5034286,0.1106129,4.4523102,79.999979
61.449941,-1201.7215,-0.082683134,0.50296851,0.11071125,4.4439544,79.999979
61.459941,-1201.5833,-0.082929843,0.50250842,0.1108096,4.4355987,79.999979
61.469941,-1202.8861,-0.083372288,0.50204833,0.11090794,4.4272429,79.999979
61.479941,-1202.9394,-0.083595066,0.50158824,0.11100629,4.4188872,79.999979
61.489941,-1202.1748,-0.082283741,0.50107876,0.11093789,4.4171058,79.999979
61.499941,-1203.0868,-0.081995227,0.50051718,0.11065163,4.4239145,79.999979
61.509941,-1204.0179,-0.082100286,0.49995559,0.11036536,4.4307232,79.999979
61.519941,-1203.7786,-0.082378867,0.499394,0.1100791,4.4375319,79.999979
61.529941,-1204.091,-0.081637393,0.49883241,0.10979283,4.4443406,79.999979
61.539941,-1204.2743,-0.081628001,0.49827082,0.10950657,4.4511492,79.999979
61.549941,-1203.8662,-0.083086483,0.49770923,0.1092203,4.4579579,79.999979
61.559941,-1202.7393,-0.082026252,0.49714764,0.10893404,4.4647666,79.999979
61.569941,-1203.045,-0.08209896,0.49658606,0.10864777,4.4715753,79.999979
61.579941,-1205.0957,-0.083433591,0.49602447,0.10836151,4.4783839,79.999979
61.589941,-1204.8504,-0.083038096,0.49546288,0.10807524,4.4851926,79.999979
61.599941,-1205.2446,-0.082642602,0.49490129,0.10778898,4.4920013,79.999979
61.609941,-1204.1172,-0.082066468,0.4943397,0.10750271,4.49881,79.999979
61.619941,-1204.7554,-0.081933656,0.49377811,0.10721645,4.5056187,79.999979
61.629941,-1206.3776,-0.081819133,0.49321653,0.10693018,4.5124273,79.999979
61.639941,-1206.8035,-0.082499276,0.49279501,0.10709881,4.5040607,79.999979
61.649941,-1206.6799,-0.082567605,0.49240627,0.10745376,4.4859722,79.999979
61.659941,-1204.8364,-0.082492339,0.49201754,0.10780871,4.4678836,79.999979
61.669941,-1206.0625,-0.08236522,0.49162881,0.10816366,4.4497951,79.999979
61.679941,-1206.2526,-0.081578816,0.49124008,0.10851861,4.4317065,79.999979
61.689941,-1205.5997,-0.082195709,0.49085135,0.10887356,4.413618,79.999979
61.699941,-1208.0208,-0.081429179,0.49046261,0.10922851,4.3955294,79.999979
61.709941,-1207.7174,-0.082104065,0.49007388,0.10958346,4.3774409,79.999979
61.719941,-1207.2939,-0.082104065,0.48968515,0.10993842,4.3593523,79.999979
61.729941,-1205.4675,-0.082385079,0.48929642,0.11029337,4.3412638,79.999979
61.739941,-1206.5871,-0.081546872,0.48890769,0.11064832,4.3231752,79.999979
61.749941,-1205.3849,-0.081220916,0.48851895,0.11100327,4.3050867,79.999979
61.759941,-1207.0326,-0.08157359,0.48813022,0.11135822,4.2869981,79.999979
61.769941,-1205.4513,-0.082838946,0.48774149,0.11171317,4.2689096,79.999979
61.779941,-1205.1548,-0.08262101,0.48735276,0.11206812,4.250821,79.999979
61.789941,-1206.1619,-0.081307483,0.48696403,0.11242307,4.2327325,79.999979
61.799941,-1205.5883,-0.082250764,0.48666615,0.11277554,4.2148235,79.999979
61.809941,-1206.0948,-0.081999466,0.4878328,0.11269395,4.2282508,79.999979
61.819941,-1206.939,-0.082577359,0.48899946,0.11261237,4.2416782,79.999979
61.829941,-1207.1548,-0.08168046,0.49016612,0.11253079,4.2551055,79.999979
61.839941,-1205.7732,-0.081152774,0.49133278,0.1124492,4.2685328,79.999979
61.849941,-1206.0984,-0.081657927,0.49249943,0.11236762,4.2819602,79.999979
61.859941,-1206.5784,-0.082093013,0.49366609,0.11228604,4.2953875,79.999979
61.869941,-1207.4797,-0.08221739,0.49483275,0.11220445,4.3088148,79.999979
61.879941,-1208.2724,-0.082287041,0.4959994,0.11212287,4.3222422,79.999979
61.889941,-1209.5087,-0.082356719,0.49716606,0.11204129,4.3356695,79.999979
61.899941,-1210.8634,-0.082400445,0.49833272,0.1119597,4.3490968,79.999979
61.909941,-1209.0188,-0.082505362,0.49949938,0.11187812,4.3625241,79.999979
61.919941,-1210.3651,-0.08251305,0.50066603,0.11179654,4.3759515,79.999979
61.929941,-1210.5204,-0.08251305,0.50183269,0.11171495,4.3893788,79.999979
61.939941,-1209.8566,-0.081544949,0.50299935,0.11163337,4.4028061,79.999979
61.949941,-1211.7652,-0.081862855,0.504166,0.11155179,4.4162335,79.999979
61.959941,-1212.8144,-0.081507638,0.50403792,0.11149806,4.4211532,79.999979
61.969941,-1211.3988,-0.08198376,0.50376001,0.11145649,4.4203151,79.999979
61.979941,-1212.1459,-0.081663355,0.5034821,0.11141492,4.419477,79.999979
61.989941,-1212.3906,-0.081514522,0.5032042,0.11137335,4.4186389,79.999979
61.999941,-1213.5064,-0.082747544,0.50292629,0.11133178,4.4178008,79.999979
62.009941,-1212.5965,-0.082427862,0.50264838,0.11129021,4.4169627,79.999979
62.019941,-1213.9425,-0.081849799,0.50237048,0.11124864,4.4161247,79.999979
62.029941,-1214.7451,-0.082416125,0.50209257,0.11120707,4.4152866,79.999979
62.039941,-1214.3252,-0.08216797,0.50181466,0.1111655,4.4144485,79.999979
62.049941,-1213.9054,-0.081980402,0.50153676,0.11112393,4.4136104,79.999979
62.059941,-1213.2257,-0.08252374,0.50125885,0.11108236,4.4127723,79.999979
62.069941,-1215.6807,-0.080939308,0.50098095,0.11104079,4.4119342,79.999979
62.079941,-1215.8265,-0.082239005,0.50070304,0.11099922,4.4110961,79.999979
62.089941,-1215.5083,-0.081881548,0.50042513,0.11095765,4.4102581,79.999979
62.099941,-1215.5175,-0.082160376,0.50014723,0.11091608,4.40942,79.999979
62.109941,-1215.5442,-0.082685652,0.49986932,0.11087451,4.4085819,79.999979
62.119941,-1216.064,-0.082359196,0.49959141,0.11083294,4.4077438,79.999979
62.129941,-1215.2568,-0.082957457,0.4994723,0.11081745,4.4071156,79.999979
62.139941,-1217.3415,-0.082113424,0.49954604,0.11084108,4.4068023,79.999979
62.149941,-1217.0473,-0.081785067,0.49961979,0.11086471,4.4064889,79.999979
62.159941,-1217.0324,-0.081694672,0.49969353,0.11088834,4.4061756,79.999979
62.169941,-1218.1964,-0.081273317,0.49976727,0.11091197,4.4058622,79.999979
62.179941,-1215.8586,-0.08215817,0.49984102,0.1109356,4.4055489,79.999979
62.189941,-1218.8308,-0.082036326,0.49991476,0.11095923,4.4052355,79.999979
62.199941,-1218.9876,-0.081358407,0.4999885,0.11098286,4.4049222,79.999979
62.209941,-1216.9422,-0.081840521,0.50006225,0.11100649,4.4046088,79.999979
62.219941,-1218.772,-0.082338125,0.50013599,0.11103012,4.4042955,79.999979
62.229941,-1219.3427,-0.082177832,0.50020973,0.11105376,4.4039821,79.999979
62.239941,-1219.6144,-0.082169543,0.50028348,0.11107739,4.4036688,79.999979
62.249941,-1217.9854,-0.081397177,0.50035722,0.11110102,4.4033554,79.999979
62.259941,-1220.2412,-0.081285006,0.50043096,0.11112465,4.4030421,79.999979
62.269941,-1220.4087,-0.080899988,0.50050471,0.11114828,4.4027287,79.999979
62.279941,-1221.3788,-0.081204782,0.50080745,0.11117191,4.4024154,79.999979
62.289941,-1222.4785,-0.081509577,0.50141818,0.11167008,4.3899931,79.999979
62.299941,-1223.1507,-0.080884176,0.50202891,0.11223975,4.3739349,79.999979
62.309941,-1224.8083,-0.08143163,0.50263964,0.11280943,4.3578766,79.999979
62.319941,-1223.0215,-0.081784979,0.50325037,0.1133791,4.3418184,79.999979
62.329941,-1224.4256,-0.082012376,0.50386109,0.11394877,4.3257601,79.999979
62.339941,-1225.1066,-0.081352895,0.50447182,0.11451845,4.3097019,79.999979
62.349941,-1225.4416,-0.081414783,0.50508255,0.11508812,4.2936437,79.999979
62.359941,-1226.567,-0.081476671,0.50569328,0.11565779,4.2775854,79.999979
62.369941,-1225.2662,-0.081706937,0.50630401,0.11622747,4.2615272,79.999979
62.379941,-1225.8721,-0.081309201,0.50691474,0.11679714,4.2454689,79.999979
62.389941,-1227.6401,-0.081669536,0.50752547,0.11736681,4.2294107,79.999979
62.39994,-1227.7729,-0.081784939,0.5081362,0.11793648,4.2133524,79.999979
62.40994,-1227.7443,-0.082117037,0.50874692,0.11850616,4.1972942,79.999979
62.41994,-1227.4309,-0.081600707,0.50935765,0.11907583,4.1812359,79.999979
62.42994,-1227.9168,-0.081549692,0.50996838,0.1196455,4.1651777,79.999979
62.43994,-1226.8763,-0.081988523,0.51057911,0.12021518,4.1491194,79.999979
62.44994,-1229.1633,-0.081908326,0.51118984,0.12078485,4.1330612,79.999979
62.45994,-1229.6342,-0.080841942,0.51013841,0.11996342,4.1536957,79.999979
62.46994,-1228.9105,-0.080781372,0.50908655,0.11914162,4.1763661,79.999979
62.47994,-1230.3096,-0.080835609,0.50803469,0.11831982,4.1990366,79.999979
62.48994,-1229.0044,-0.080573427,0.50698283,0.11749803,4.2217071,79.999979
62.49994,-1230.9815,-0.080967208,0.50593096,0.11667623,4.2443776,79.999979
62.50994,-1232.6273,-0.08158806,0.5048791,0.11585443,4.2670481,79.999979
62.51994,-1230.2482,-0.081501914,0.50382724,0.11503264,4.2897186,79.999979
62.52994,-1230.634,-0.081600787,0.50277538,0.11421084,4.3123891,79.999979
62.53994,-1231.1581,-0.081767649,0.50172352,0.11338904,4.3350595,79.999979
62.54994,-1230.5737,-0.08076302,0.50067165,0.11256725,4.35773,79.999979
62.55994,-1234.7753,-0.081267684,0.49961979,0.11174545,4.3804005,79.999979
62.56994,-1235.0952,-0.081104815,0.49856793,0.11092365,4.403071,79.999979
62.57994,-1235.0746,-0.081897235,0.49751607,0.11010186,4.4257415,79.999979
62.58994,-1236.1093,-0.081397971,0.4964642,0.10928006,4.448412,79.999979
62.59994,-1235.271,-0.081381394,0.49541234,0.10845826,4.4710824,79.999979
62.60994,-1236.637,-0.081286406,0.49436048,0.10763646,4.4937529,79.999979
62.61994,-1235.3275,-0.081370176,0.49472938,0.10786049,4.4870465,79.999979
62.62994,-1238.8618,-0.08058631,0.49523037,0.10825204,4.4756343,79.999979
62.63994,-1237.9894,-0.08120646,0.49573137,0.10864358,4.4642221,79.999979
62.64994,-1236.071,-0.080735044,0.49623237,0.10903513,4.4528099,79.999979
62.65994,-1239.6347,-0.081922082,0.49673336,0.10942668,4.4413977,79.999979
62.66994,-1238.338,-0.081316815,0.49723436,0.10981823,4.4299855,79.999979
62.67994,-1237.2603,-0.081258416,0.49773536,0.11020977,4.4185733,79.999979
62.68994,-1238.4181,-0.081437807,0.49823635,0.11060132,4.4071611,79.999979
62.69994,-1239.5297,-0.080520232,0.49873735,0.11099287,4.3957489,79.999979
62.70994,-1239.5001,-0.081318962,0.49923835,0.11138442,4.3843367,79.999979
62.71994,-1238.5675,-0.080382204,0.49973934,0.11177596,4.3729245,79.999979
62.72994,-1239.8679,-0.081834352,0.50024034,0.11216751,4.3615123,79.999979
62.73994,-1240.5909,-0.081751379,0.50074134,0.11255906,4.3501001,79.999979
62.74994,-1240.5909,-0.081710319,0.50124233,0.11295061,4.3386879,79.999979
62.75994,-1242.0035,-0.080934753,0.50174333,0.11334216,4.3272757,79.999979
62.76994,-1243.5359,-0.080492481,0.50184778,0.11336105,4.3268359,79.999979
62.77994,-1242.7104,-0.080434655,0.50189346,0.1132962,4.3297912,79.999979
62.78994,-1241.449,-0.080809563,0.50193914,0.11323135,4.3327464,79.999979
62.79994,-1243.8729,-0.081327916,0.50198482,0.11316651,4.3357017,79.999979
62.80994,-1244.9923,-0.081008936,0.5020305,0.11310166,4.338657,79.999979
62.81994,-1244.5279,-0.080682662,0.50207618,0.11303681,4.3416122,79.999979
62.82994,-1243.3892,-0.080608965,0.50212186,0.11297196,4.3445675,79.999979
62.83994,-1245.5116,-0.080863296,0.50216754,0.11290711,4.3475227,79.999979
62.84994,-1245.1998,-0.080980894,0.50221321,0.11284226,4.350478,79.999979
62.85994,-1246.4547,-0.080918388,0.50225889,0.11277741,4.3534332,79.999979
62.86994,-1245.25,-0.081390926,0.50230457,0.11271257,4.3563885,79.999979
62.87994,-1246.5019,-0.081128274,0.50235025,0.11264772,4.3593437,79.999979
62.88994,-1244.7616,-0.081541005,0.50239593,0.11258287,4.362299,79.999979
62.89994,-1246.3994,-0.081863245,0.50244161,0.11251802,4.3652543,79.999979
62.90994,-1246.5584,-0.081859149,0.50248729,0.11245317,4.3682095,79.999979
62.91994,-1247.0888,-0.081669951,0.50253297,0.11238832,4.3711648,79.999979
62.92994,-1246.3025,-0.081202849,0.50257865,0.11232348,4.37412,79.999979
62.93994,-1247.5705,-0.081348491,0.50263904,0.1126,4.3665783,79.999979
62.94994,-1248.4103,-0.081821056,0.50271025,0.11312749,4.3474902,79.999979
62.95994,-1249.3154,-0.081547013,0.50278145,0.11365498,4.328402,79.999979
62.96994,-1249.2687,-0.081492562,0.50285266,0.11418247,4.3093138,79.999979
62.97994,-1249.5879,-0.081266474,0.50292387,0.11470996,4.2902257,79.999979
62.98994,-1249.2218,-0.080781483,0.50299508,0.11523746,4.2711375,79.999979
62.99994,-1248.2286,-0.080932917,0.50306629,0.11576495,4.2520493,79.999979
63.00994,-1248.3553,-0.08033594,0.5031375,0.11629244,4.2329612,79.999979
63.01994,-1250.2708,-0.080601526,0.50320871,0.11681993,4.213873,79.999979
63.02994,-1250.6215,-0.080774969,0.50327991,0.11734742,4.1947848,79.999979
63.03994,-1250.4254,-0.080934375,0.50335112,0.11787491,4.1756967,79.999979
63.04994,-1250.426,-0.081861979,0.50342233,0.11840241,4.1566085,79.999979
63.05994,-1251.0972,-0.081004355,0.50349354,0.1189299,4.1375203,79.999979
63.06994,-1249.7647,-0.081736524,0.50356475,0.11945739,4.1184322,79.999979
63.07994,-1250.7286,-0.080647276,0.50360199,0.11998488,4.099344,79.999979
63.08994,-1250.209,-0.080900932,0.50332548,0.1197698,4.1022926,79.999979
63.09994,-1250.0908,-0.081010313,0.50304897,0.11955315,4.10775,79.999979
63.10994,-1250.2211,-0.081188667,0.50277246,0.11933649,4.1132075,79.999979
63.11994,-1249.037,-0.081159813,0.50249595,0.11911983,4.1186649,79.999979
63.12994,-1252.699,-0.081198631,0.50221944,0.11890318,4.1241223,79.999979
63.13994,-1252.144,-0.081358603,0.50194293,0.11868652,4.1295797,79.999979
63.14994,-1252.0639,-0.080614001,0.50166642,0.11846987,4.1350372,79.999979
63.15994,-1251.2136,-0.080955,0.50138991,0.11825321,4.1404946,79.999979
63.16994,-1251.4407,-0.081435593,0.5011134,0.11803655,4.145952,79.999979
63.17994,-1251.7031,-0.080201897,0.50083689,0.1178199,4.1514094,79.999979
63.18994,-1253.4044,-0.080920798,0.50056038,0.11760324,4.1568669,79.999979
63.19994,-1252.983,-0.080735324,0.50028387,0.11738659,4.1623243,79.999979
63.20994,-1252.9216,-0.080836941,0.50000736,0.11716993,4.1677817,79.999979
63.21994,-1252.5145,-0.081236071,0.49973086,0.11695327,4.1732391,79.999979
63.22994,-1253.6967,-0.081427649,0.49945435,0.11673662,4.1786966,79.999979
63.23994,-1254.0154,-0.0807493,0.49917784,0.11651996,4.184154,79.999979
63.24994,-1254.2896,-0.081477296,0.49895459,0.11639753,4.186664,79.999979
63.25994,-1253.5845,-0.080749409,0.49884606,0.11647805,4.182826,79.999979
63.26994,-1254.9262,-0.081026823,0.49873752,0.11655857,4.1789879,79.999979
63.27994,-1253.6023,-0.080905049,0.49862899,0.11663909,4.1751498,79.999979
63.28994,-1252.9958,-0.080905049,0.49852046,0.11671961,4.1713118,79.999979
63.29994,-1254.3463,-0.081418889,0.49841193,0.11680012,4.1674737,79.999979
63.30994,-1254.3493,-0.080897672,0.4983034,0.11688064,4.1636356,79.999979
63.31994,-1253.034,-0.08141171,0.49819486,0.11696116,4.1597975,79.999979
63.32994,-1254.0215,-0.081211751,0.49808633,0.11704168,4.1559595,79.999979
63.33994,-1253.8857,-0.081285594,0.4979778,0.1171222,4.1521214,79.999979
63.34994,-1253.0553,-0.081172908,0.49786927,0.11720272,4.1482833,79.999979
63.35994,-1252.4846,-0.080866429,0.49776073,0.11728324,4.1444452,79.999979
63.36994,-1252.8897,-0.080629403,0.4976522,0.11736376,4.1406072,79.999979
63.37994,-1255.5959,-0.08102256,0.49754367,0.11744427,4.1367691,79.999979
63.38994,-1255.0348,-0.080688209,0.49743514,0.11752479,4.132931,79.999979
63.39994,-1255.4792,-0.080668183,0.49732661,0.11760531,4.129093,79.999979
63.40994,-1255.737,-0.081137409,0.49721807,0.11768583,4.1252549,79.999979
63.41994,-1254.1331,-0.080704494,0.49710954,0.11776635,4.1214168,79.999979
63.42994,-1256.6078,-0.081010026,0.49668888,0.11750534,4.1270194,79.999979
63.439939,-1254.7102,-0.080202469,0.49617215,0.11709364,4.1378969,79.999979
63.449939,-1256.1372,-0.080287656,0.49565542,0.11668194,4.1487745,79.999979
63.459939,-1255.358,-0.081014354,0.49513869,0.11627024,4.159652,79.999979
63.469939,-1255.27,-0.08084192,0.49462196,0.11585853,4.1705296,79.999979
63.479939,-1255.5838,-0.080639051,0.49410523,0.11544683,4.1814071,79.999979
63.489939,-1256.333,-0.081182984,0.4935885,0.11503513,4.1922847,79.999979
63.499939,-1256.8293,-0.080458395,0.49307177,0.11462343,4.2031622,79.999979
63.509939,-1256.5292,-0.080111976,0.49255504,0.11421173,4.2140398,79.999979
63.519939,-1254.5643,-0.080371565,0.49203831,0.11380002,4.2249173,79.999979
63.529939,-1254.3616,-0.080507588,0.49152158,0.11338832,4.2357949,79.999979
63.539939,-1254.3616,-0.081003607,0.49100486,0.11297662,4.2466724,79.999979
63.549939,-1256.1543,-0.080351141,0.49048813,0.11256492,4.25755,79.999979
63.559939,-1256.0744,-0.081221755,0.4899714,0.11215322,4.2684275,79.999979
63.569939,-1256.8856,-0.079435626,0.4899552,0.11191455,4.2771712,79.999979
63.579939,-1256.1495,-0.080040981,0.49023839,0.11183191,4.2830377,79.999979
63.589939,-1256.1495,-0.080990925,0.49052159,0.11174928,4.2889042,79.999979
63.599939,-1256.1495,-0.080721157,0.49080478,0.11166665,4.2947708,79.999979
63.609939,-1256.7387,-0.080595995,0.49108797,0.11158401,4.3006373,79.999979
63.619939,-1257.2899,-0.080185797,0.49137116,0.11150138,4.3065038,79.999979
63.629939,-1257.0068,-0.080933839,0.49165435,0.11141875,4.3123703,79.999979
63.639939,-1256.2777,-0.080624598,0.49193755,0.11133611,4.3182368,79.999979
63.649939,-1255.3551,-0.080522403,0.49222074,0.11125348,4.3241033,79.999979
63.659939,-1257.1219,-0.081571329,0.49250393,0.11117084,4.3299699,79.999979
63.669939,-1254.3395,-0.081601559,0.49278712,0.11108821,4.3358364,79.999979
63.679939,-1255.7343,-0.080827325,0.49307032,0.11100558,4.3417029,79.999979
63.689939,-1256.5471,-0.080632163,0.49335351,0.11092294,4.3475694,79.999979
63.699939,-1257.0134,-0.080728274,0.4936367,0.11084031,4.3534359,79.999979
63.709939,-1257.0399,-0.081185471,0.49391989,0.11075768,4.3593025,79.999979
63.719939,-1257.2001,-0.081165259,0.49420308,0.11067504,4.365169,79.999979
63.729939,-1256.7073,-0.080947581,0.49448628,0.11059241,4.3710355,79.999979
63.739939,-1255.679,-0.080698492,0.49473581,0.11050977,4.376902,79.999979
63.749939,-1256.7943,-0.080154231,0.49440284,0.11048685,4.3750782,79.999979
63.759939,-1256.0007,-0.08025236,0.49406987,0.11046678,4.3728862,79.999979
63.769939,-1256.6983,-0.081658204,0.4937369,0.11044671,4.3706943,79.999979
63.779939,-1256.2061,-0.081079001,0.49340392,0.11042663,4.3685024,79.999979
63.789939,-1254.4784,-0.079899862,0.49307095,0.11040656,4.3663104,79.999979
63.799939,-1257.0083,-0.0807173,0.49273798,0.11038649,4.3641185,79.999979
63.809939,-1255.3036,-0.080582614,0.49240501,0.11036642,4.3619265,79.999979
63.819939,-1256.3096,-0.079525562,0.49207203,0.11034635,4.3597346,79.999979
63.829939,-1257.3759,-0.080462331,0.49173906,0.11032628,4.3575427,79.999979
63.839939,-1257.6791,-0.080089532,0.49140609,0.11030621,4.3553507,79.999979
63.849939,-1257.4791,-0.079823291,0.49107312,0.11028614,4.3531588,79.999979
63.859939,-1256.9737,-0.080903844,0.49074015,0.11026607,4.3509668,79.999979
63.869939,-1255.8502,-0.080668991,0.49040717,0.110246,4.3487749,79.999979
63.879939,-1256.3046,-0.080464074,0.4900742,0.11022593,4.346583,79.999979
63.889939,-1257.1362,-0.081011697,0.48996892,0.11026242,4.3439233,79.999979
63.899939,-1254.8166,-0.080497587,0.49013547,0.11040131,4.3398974,79.999979
63.909939,-1254.3927,-0.080524776,0.49030203,0.1105402,4.3358715,79.999979
63.919939,-1255.9246,-0.080411886,0.49046858,0.11067909,4.3318456,79.999979
63.929939,-1255.7859,-0.081223258,0.49063514,0.11081798,4.3278197,79.999979
63.939939,-1256.3642,-0.080828372,0.49080169,0.11095687,4.3237938,79.999979
63.949939,-1256.9529,-0.080494521,0.49096825,0.11109576,4.3197679,79.999979
63.959939,-1255.3987,-0.080638956,0.4911348,0.11123465,4.315742,79.999979
63.969939,-1256.2138,-0.080477929,0.49130136,0.11137354,4.3117161,79.999979
63.979939,-1255.816,-0.080851003,0.49146791,0.11151243,4.3076902,79.999979
63.989939,-1254.4905,-0.080684186,0.49163447,0.11165132,4.3036643,79.999979
63.999939,-1256.4449,-0.080162608,0.49180102,0.11179021,4.2996384,79.999979
64.009939,-1255.1154,-0.08066568,0.49196758,0.1119291,4.2956125,79.999979
64.019939,-1254.7727,-0.080368782,0.49213413,0.11206799,4.2915866,79.999979
64.029939,-1255.7551,-0.080348909,0.49230068,0.11220688,4.2875607,79.999979
64.039939,-1255.9461,-0.080642644,0.49246724,0.11234577,4.2835348,79.999979
64.049939,-1256.2009,-0.081408144,0.49263379,0.11248466,4.2795089,79.999979
64.059939,-1255.7807,-0.081014477,0.49281067,0.11261933,4.2756776,79.999979
64.069939,-1256.0349,-0.080574932,0.49305086,0.1126525,4.2765173,79.999979
64.079939,-1255.4645,-0.081199062,0.49329104,0.11268568,4.2773571,79.999979
64.089939,-1254.9591,-0.080624499,0.49353122,0.11271886,4.2781969,79.999979
64.099939,-1254.1392,-0.08012474,0.49377141,0.11275204,4.2790367,79.999979
64.109939,-1257.0326,-0.080547166,0.49401159,0.11278522,4.2798764,79.999979
64.119939,-1256.3512,-0.080899243,0.49425178,0.11281839,4.2807162,79.999979
64.129939,-1256.499,-0.081586913,0.49449196,0.11285157,4.281556,79.999979
64.139939,-1254.3657,-0.080469412,0.49473214,0.11288475,4.2823957,79.999979
64.149939,-1254.6684,-0.08010537,0.49497233,0.11291793,4.2832355,79.999979
64.159939,-1255.8629,-0.079741329,0.49521251,0.1129511,4.2840753,79.999979
64.169939,-1256.7338,-0.080028644,0.4954527,0.11298428,4.284915,79.999979
64.179939,-1254.4334,-0.080598341,0.49569288,0.11301746,4.2857548,79.999979
64.189939,-1257.0555,-0.081132192,0.49593306,0.11305064,4.2865946,79.999979
64.199939,-1254.7006,-0.081129563,0.49617325,0.11308381,4.2874343,79.999979
64.209939,-1256.2848,-0.080430583,0.49641343,0.11311699,4.2882741,79.999979
64.219939,-1256.679,-0.080449426,0.49665362,0.11315017,4.2891139,79.999979
64.229939,-1254.9629,-0.080726241,0.4971738,0.11297666,4.3004546,79.999979
64.239939,-1257.9434,-0.080699166,0.49777593,0.11270299,4.316884,79.999979
64.249939,-1258.0116,-0.080639171,0.49837807,0.11242932,4.3333135,79.999979
64.259939,-1256.3378,-0.081151387,0.4989802,0.11215565,4.3497429,79.999979
64.269939,-1257.8881,-0.081459057,0.49958234,0.11188198,4.3661724,79.999979
64.279939,-1258.2651,-0.081174831,0.50018447,0.11160831,4.3826018,79.999979
64.289939,-1258.236,-0.081082574,0.50078661,0.11133464,4.3990313,79.999979
64.299939,-1257.4918,-0.080896808,0.50138874,0.11106097,4.4154607,79.999979
64.309939,-1258.5878,-0.081394492,0.50199088,0.1107873,4.4318902,79.999979
64.319939,-1256.6871,-0.080767134,0.50259301,0.11051363,4.4483196,79.999979
64.329939,-1258.983,-0.081125984,0.50319515,0.11023996,4.4647491,79.999979
64.339939,-1259.0691,-0.081325662,0.50379728,0.10996629,4.4811786,79.999979
64.349939,-1259.1937,-0.081346777,0.50439942,0.10969262,4.497608,79.999979
64.359939,-1258.3833,-0.079875059,0.50500155,0.10941895,4.5140375,79.999979
64.369939,-1259.3198,-0.080602443,0.50560369,0.10914528,4.5304669,79.999979
64.379939,-1259.4255,-0.080607036,0.50558809,0.10923072,4.5295391,79.999979
64.389939,-1259.035,-0.080162048,0.50549992,0.10938363,4.5223937,79.999979
64.399939,-1259.2217,-0.080351067,0.50541174,0.10953653,4.5152483,79.999979
64.409939,-1259.4084,-0.080893638,0.50532356,0.10968944,4.5081029,79.999979
64.419939,-1257.6622,-0.08070444,0.50523539,0.10984234,4.5009575,79.999979
64.429939,-1259.8131,-0.079932039,0.50514721,0.10999525,4.4938121,79.999979
64.439939,-1260.8729,-0.080016759,0.50505903,0.11014815,4.4866667,79.999979
64.449939,-1260.7759,-0.080264305,0.50497086,0.11030105,4.4795213,79.999979
64.459939,-1259.9924,-0.079982195,0.50488268,0.11045396,4.4723759,79.999979
64.469939,-1260.4301,-0.079919092,0.5047945,0.11060686,4.4652305,79.999979
64.479939,-1259.2762,-0.080145069,0.50470633,0.11075977,4.4580851,79.999979
64.489938,-1260.2316,-0.080941507,0.50461815,0.11091267,4.4509397,79.999979
64.499938,-1260.0854,-0.080200376,0.50452997,0.11106558,4.4437944,79.999979
64.509938,-1259.941,-0.080199152,0.5044418,0.11121848,4.436649,79.999979
64.519938,-1261.5163,-0.081013813,0.50435362,0.11137139,4.4295036,79.999979
64.529938,-1261.9837,-0.080733375,0.50426544,0.11152429,4.4223582,79.999979
64.539938,-1262.1066,-0.080509678,0.50417727,0.11167719,4.4152128,79.999979
64.549938,-1262.2149,-0.080676927,0.50408909,0.1118301,4.4080674,79.999979
64.559938,-1262.0975,-0.080871603,0.50399021,0.11234565,4.3885825,79.999979
64.569938,-1260.2894,-0.080586479,0.5038912,0.11288631,4.3674552,79.999979
64.579938,-1262.3778,-0.079879658,0.50379218,0.11342696,4.3463279,79.999979
64.589938,-1262.7996,-0.080521787,0.50369317,0.11396762,4.3252005,79.999979
64.599938,-1261.7004,-0.080927589,0.50359416,0.11450828,4.3040732,79.999979
64.609938,-1262.1784,-0.080634503,0.50349514,0.11504894,4.2829459,79.999979
64.619938,-1263.014,-0.080242562,0.50339613,0.1155896,4.2618186,79.999979
64.629938,-1262.4959,-0.080666466,0.50329712,0.11613026,4.2406913,79.999979
64.639938,-1264.4426,-0.080678283,0.5031981,0.11667091,4.219564,79.999979
64.649938,-1263.5418,-0.079967992,0.50309909,0.11721157,4.1984366,79.999979
64.659938,-1262.641,-0.080020212,0.50300008,0.11775223,4.1773093,79.999979
64.669938,-1263.8845,-0.080803695,0.50290106,0.11829289,4.156182,79.999979
64.679938,-1264.3504,-0.081303071,0.50280205,0.11883355,4.1350547,79.999979
64.689938,-1265.3917,-0.079967753,0.50270304,0.11937421,4.1139274,79.999979
64.699938,-1263.6897,-0.080020929,0.50268361,0.11935192,4.1105848,79.999979
64.709938,-1265.765,-0.07976869,0.50270974,0.11884258,4.1302464,79.999979
64.719938,-1264.0205,-0.081316387,0.50273586,0.11833323,4.1499079,79.999979
64.729938,-1265.1712,-0.081160762,0.50276198,0.11782388,4.1695694,79.999979
64.739938,-1265.5754,-0.081023854,0.5027881,0.11731454,4.189231,79.999979
64.749938,-1264.773,-0.080415175,0.50281422,0.11680519,4.2088925,79.999979
64.759938,-1263.6983,-0.080107874,0.50284035,0.11629585,4.228554,79.999979
64.769938,-1266.5714,-0.080881718,0.50286647,0.1157865,4.2482156,79.999979
64.779938,-1265.6483,-0.080118561,0.50289259,0.11527715,4.2678771,79.999979
64.789938,-1264.9403,-0.080128604,0.50291871,0.11476781,4.2875387,79.999979
64.799938,-1265.9976,-0.080186713,0.50294484,0.11425846,4.3072002,79.999979
64.809938,-1266.5736,-0.079942697,0.50297096,0.11374912,4.3268617,79.999979
64.819938,-1266.9952,-0.080399187,0.50299708,0.11323977,4.3465233,79.999979
64.829938,-1265.8793,-0.080776832,0.5030232,0.11273042,4.3661848,79.999979
64.839938,-1267.0958,-0.080221596,0.50304932,0.11222108,4.3858463,79.999979
64.849938,-1267.2887,-0.080982128,0.50307545,0.11171173,4.4055079,79.999979
64.859938,-1267.5894,-0.080936027,0.50310157,0.11120239,4.4251694,79.999979
64.869938,-1266.1859,-0.081105778,0.50312769,0.11069304,4.4448309,79.999979
64.879938,-1265.044,-0.08066302,0.5034461,0.11050944,4.4555135,79.999979
64.889938,-1267.2153,-0.080122665,0.50395512,0.11053826,4.4589182,79.999979
64.899938,-1266.3324,-0.080174674,0.50446413,0.11056708,4.462323,79.999979
64.909938,-1267.2464,-0.079977187,0.50497315,0.1105959,4.4657277,79.999979
64.919938,-1267.3422,-0.080147825,0.50548216,0.11062472,4.4691324,79.999979
64.929938,-1267.1684,-0.080203344,0.50599117,0.11065354,4.4725371,79.999979
64.939938,-1267.5056,-0.080203344,0.50650019,0.11068235,4.4759419,79.999979
64.949938,-1266.1908,-0.08078148,0.5070092,0.11071117,4.4793466,79.999979
64.959938,-1268.2164,-0.080079433,0.50751821,0.11073999,4.4827513,79.999979
64.969938,-1268.55,-0.08110072,0.50802723,0.11076881,4.4861561,79.999979
64.979938,-1268.4495,-0.079590387,0.50853624,0.11079763,4.4895608,79.999979
64.989938,-1268.2688,-0.080256316,0.50904525,0.11082645,4.4929655,79.999979
64.999938,-1268.6683,-0.080263116,0.50955427,0.11085527,4.4963703,79.999979
65.009938,-1267.7686,-0.080176774,0.51006328,0.11088408,4.499775,79.999979
65.019938,-1268.8292,-0.079887195,0.51057229,0.1109129,4.5031797,79.999979
65.029938,-1269.967,-0.080594782,0.5104808,0.11081279,4.5065708,79.999979
65.039938,-1269.9383,-0.080617754,0.51022813,0.11067807,4.5099569,79.999979
65.049938,-1269.9182,-0.081381547,0.50997547,0.11054335,4.513343,79.999979
65.059938,-1270.6538,-0.081171557,0.50972281,0.11040863,4.5167292,79.999979
65.069938,-1268.6528,-0.080970986,0.50947014,0.11027391,4.5201153,79.999979
65.079938,-1268.3833,-0.079667052,0.50921748,0.11013919,4.5235014,79.999979
65.089938,-1270.5263,-0.080149037,0.50896481,0.11000447,4.5268876,79.999979
65.099938,-1269.9076,-0.081054743,0.50871215,0.10986974,4.5302737,79.999979
65.109938,-1269.536,-0.079970422,0.50845949,0.10973502,4.5336598,79.999979
65.119938,-1268.6436,-0.080106153,0.50820682,0.1096003,4.537046,79.999979
65.129938,-1268.6657,-0.08014424,0.50795416,0.10946558,4.5404321,79.999979
65.139938,-1268.6879,-0.080182327,0.50770149,0.10933086,4.5438183,79.999979
65.149938,-1268.8926,-0.080301731,0.50744883,0.10919614,4.5472044,79.999979
65.159938,-1270.1907,-0.080665112,0.50719617,0.10906142,4.5505905,79.999979
65.169938,-1270.33,-0.08050632,0.5069435,0.1089267,4.5539767,79.999979
65.179938,-1270.3368,-0.080044841,0.50669084,0.10879198,4.5573628,79.999979
65.189938,-1270.8695,-0.07960187,0.50643817,0.10865726,4.5607489,79.999979
65.199938,-1268.6113,-0.080559794,0.50618551,0.10852254,4.5641351,79.999979
65.209938,-1270.6041,-0.08056553,0.50593285,0.10838782,4.5675212,79.999979
65.219938,-1271.7215,-0.080169426,0.50551334,0.10838756,4.5679298,79.999979
65.229938,-1272.0955,-0.080042717,0.50432013,0.10901084,4.5327353,79.999979
65.239938,-1273.3043,-0.079747934,0.50312691,0.10963412,4.4975407,79.999979
65.249938,-1271.2019,-0.080002324,0.50193369,0.1102574,4.4623462,79.999979
65.259938,-1271.2725,-0.080867517,0.50074048,0.11088068,4.4271516,79.999979
65.269938,-1273.256,-0.080469283,0.49954726,0.11150397,4.3919571,79.999979
65.279938,-1272.6141,-0.080661583,0.49835404,0.11212725,4.3567625,79.999979
65.289938,-1275.1131,-0.079381375,0.49716083,0.11275053,4.321568,79.999979
65.299938,-1274.1792,-0.080384615,0.49596761,0.11337381,4.2863734,79.999979
65.309938,-1273.1717,-0.08066883,0.49477439,0.11399709,4.2511789,79.999979
65.319938,-1275.2993,-0.07887428,0.49358118,0.11462037,4.2159843,79.999979
65.329938,-1276.4696,-0.07947669,0.49238796,0.11524365,4.1807898,79.999979
65.339938,-1275.9781,-0.079758287,0.49169428,0.11583207,4.1455952,79.999979
65.349938,-1277.1457,-0.079178751,0.4920284,0.11589729,4.1445966,79.999979
65.359938,-1276.8576,-0.080164132,0.49236252,0.11596251,4.1451322,79.999979
65.369938,-1276.5494,-0.080164132,0.49269664,0.11602772,4.1456677,79.999979
65.379938,-1275.8847,-0.078685262,0.49303076,0.11609294,4.1462033,79.999979
65.389938,-1277.6721,-0.080236132,0.49336489,0.11615815,4.1467389,79.999979
65.399938,-1280.2959,-0.079657258,0.49369901,0.11622337,4.1472745,79.999979
65.409938,-1279.9203,-0.080708694,0.49403313,0.11628859,4.14781,79.999979
65.419938,-1279.8627,-0.08002721,0.49436725,0.1163538,4.1483456,79.999979
65.429938,-1279.316,-0.080154428,0.49470137,0.11641902,4.1488812,79.999979
65.439938,-1278.3011,-0.080081227,0.49503549,0.11648424,4.1494168,79.999979
65.449938,-1279.3035,-0.079217099,0.49536961,0.11654945,4.1499523,79.999979
65.459938,-1279.3759,-0.079108635,0.49570374,0.11661467,4.1504879,79.999979
65.469938,-1279.8525,-0.08017795,0.49603786,0.11667988,4.1510235,79.999979
65.479938,-1281.8428,-0.080511458,0.49637198,0.1167451,4.1515591,79.999979
65.489938,-1281.8428,-0.080238784,0.4967061,0.11681032,4.1520946,79.999979
65.499938,-1281.2786,-0.079426433,0.49704022,0.11687553,4.1526302,79.999979
65.509938,-1282.8334,-0.080397997,0.49737434,0.11694075,4.1531658,79.999979
65.519938,-1283.8215,-0.080138275,0.49681765,0.11662062,4.16014,79.999979
65.529938,-1283.6105,-0.079851809,0.49621422,0.11628028,4.1682482,79.999979
65.539937,-1285.9073,-0.080147518,0.49561079,0.11593993,4.1763565,79.999979
65.549937,-1284.8882,-0.080251792,0.49500736,0.11559959,4.1844647,79.999979
65.559937,-1284.7297,-0.080356066,0.49440393,0.11525924,4.1925729,79.999979
65.569937,-1286.8015,-0.079947856,0.4938005,0.1149189,4.2006811,79.999979
65.579937,-1286.0812,-0.079894655,0.49319707,0.11457856,4.2087894,79.999979
65.589937,-1286.7916,-0.08041816,0.49259365,0.11423821,4.2168976,79.999979
65.599937,-1288.3333,-0.080247834,0.49199022,0.11389787,4.2250058,79.999979
65.609937,-1288.2636,-0.079848955,0.49138679,0.11355752,4.2331141,79.999979
65.619937,-1286.7539,-0.079450076,0.49078336,0.11321718,4.2412223,79.999979
65.629937,-1288.5528,-0.080368036,0.49017993,0.11287683,4.2493305,79.999979
65.639937,-1287.1522,-0.080154917,0.4895765,0.11253649,4.2574387,79.999979
65.649937,-1288.877,-0.079540301,0.48897307,0.11219614,4.265547,79.999979
65.659937,-1291.0853,-0.079820404,0.48836964,0.1118558,4.2736552,79.999979
65.669937,-1292.0308,-0.080210532,0.48776621,0.11151546,4.2817634,79.999979
65.679937,-1292.0389,-0.08026236,0.48797814,0.11117511,4.2898716,79.999979
65.689937,-1291.913,-0.080314187,0.4882055,0.11088841,4.2998892,79.999979
65.699937,-1288.7529,-0.079195594,0.48843286,0.11065286,4.311727,79.999979
65.709937,-1289.4455,-0.080158513,0.48866022,0.11041731,4.3235649,79.999979
65.719937,-1289.2703,-0.078750608,0.48888758,0.11018175,4.3354027,79.999979
65.729937,-1289.8191,-0.079201587,0.48911495,0.1099462,4.3472406,79.999979
65.739937,-1290.8736,-0.079147694,0.48934231,0.10971064,4.3590784,79.999979
65.749937,-1290.74,-0.079302006,0.48956967,0.10947509,4.3709163,79.999979
65.759937,-1290.0811,-0.079723866,0.48979703,0.10923954,4.3827541,79.999979
65.769937,-1292.8271,-0.078952995,0.49002439,0.10900398,4.3945919,79.999979
65.779937,-1291.8492,-0.07928972,0.49025175,0.10876843,4.4064298,79.999979
65.789937,-1293.9285,-0.079402956,0.49047911,0.10853288,4.4182676,79.999979
65.799937,-1294.7341,-0.079360462,0.49070647,0.10829732,4.4301055,79.999979
65.809937,-1295.6447,-0.07962023,0.49093384,0.10806177,4.4419433,79.999979
65.819937,-1295.7708,-0.080196136,0.4911612,0.10782622,4.4537812,79.999979
65.829937,-1296.1197,-0.079631787,0.49109973,0.10773105,4.4593685,79.999979
65.839937,-1295.7209,-0.079153335,0.4908317,0.10778987,4.4544053,79.999979
65.849937,-1296.9117,-0.079368482,0.49056367,0.10784869,4.4494421,79.999979
65.859937,-1297.0743,-0.079196356,0.49029563,0.10790751,4.4444789,79.999979
65.869937,-1296.152,-0.078848016,0.4900276,0.10796633,4.4395156,79.999979
65.879937,-1296.8043,-0.079458363,0.48975957,0.10802515,4.4345524,79.999979
65.889937,-1299.067,-0.07891164,0.48949154,0.10808397,4.4295892,79.999979
65.899937,-1297.9579,-0.079421991,0.48922351,0.10814279,4.424626,79.999979
65.909937,-1300.8354,-0.078336887,0.48895547,0.10820161,4.4196627,79.999979
65.919937,-1299.614,-0.079356237,0.48868744,0.10826043,4.4146995,79.999979
65.929937,-1298.3925,-0.079882613,0.48841941,0.10831925,4.4097363,79.999979
65.939937,-1299.8795,-0.079190489,0.48815138,0.10837807,4.4047731,79.999979
65.949937,-1300.3303,-0.079473006,0.48788335,0.10843689,4.3998099,79.999979
65.959937,-1300.3496,-0.079092348,0.48761532,0.10849571,4.3948466,79.999979
65.969937,-1303.5811,-0.079419756,0.48734728,0.10855453,4.3898834,79.999979
65.979937,-1302.6739,-0.078706314,0.48707925,0.10861335,4.3849202,79.999979
65.989937,-1301.7667,-0.078372298,0.48681122,0.10867217,4.379957,79.999979
65.999937,-1303.7845,-0.079839393,0.48679403,0.10874818,4.3748968,79.999979
66.009937,-1304.0124,-0.079090382,0.48840342,0.10931388,4.3670738,79.999979
66.019937,-1303.1874,-0.07953984,0.49001281,0.10987959,4.3592509,79.999979
66.029937,-1304.9547,-0.079635567,0.49162219,0.11044529,4.351428,79.999979
66.039937,-1303.6391,-0.079931603,0.49323158,0.111011,4.3436051,79.999979
66.049937,-1304.2533,-0.079931603,0.49484097,0.1115767,4.3357821,79.999979
66.059937,-1305.3121,-0.080416232,0.49645036,0.11214241,4.3279592,79.999979
66.069937,-1306.3364,-0.079098354,0.49805975,0.11270811,4.3201363,79.999979
66.079937,-1307.666,-0.080083551,0.49966913,0.11327382,4.3123133,79.999979
66.089937,-1307.4235,-0.079009524,0.50127852,0.11383952,4.3044904,79.999979
66.099937,-1307.3435,-0.079151666,0.50288791,0.11440523,4.2966675,79.999979
66.109937,-1307.3583,-0.079819772,0.5044973,0.11497093,4.2888446,79.999979
66.119937,-1308.4305,-0.079356063,0.50610669,0.11553664,4.2810216,79.999979
66.129937,-1307.1624,-0.079005517,0.50771607,0.11610234,4.2731987,79.999979
66.139937,-1311.2597,-0.079070627,0.50932546,0.11666805,4.2653758,79.999979
66.149937,-1312.8159,-0.079797198,0.50982053,0.11671123,4.2673567,79.999979
66.159937,-1312.8308,-0.078980058,0.50993899,0.11648605,4.2771479,79.999979
66.169937,-1311.9485,-0.07904821,0.51005744,0.11626086,4.2869391,79.999979
66.179937,-1313.2458,-0.079297699,0.5101759,0.11603568,4.2967303,79.999979
66.189937,-1313.9944,-0.079407257,0.51029435,0.1158105,4.3065214,79.999979
66.199937,-1313.752,-0.07950921,0.51041281,0.11558532,4.3163126,79.999979
66.209937,-1314.553,-0.079919944,0.51053126,0.11536014,4.3261038,79.999979
66.219937,-1314.674,-0.080224911,0.51064972,0.11513496,4.335895,79.999979
66.229937,-1313.6903,-0.080063343,0.51076817,0.11490978,4.3456862,79.999979
66.239937,-1314.0626,-0.079452887,0.51088662,0.1146846,4.3554774,79.999979
66.249937,-1315.9865,-0.079347848,0.51100508,0.11445941,4.3652686,79.999979
66.259937,-1315.5614,-0.078742173,0.51112353,0.11423423,4.3750598,79.999979
66.269937,-1318.0016,-0.07985812,0.51124199,0.11400905,4.384851,79.999979
66.279937,-1316.4256,-0.079010071,0.51136044,0.11378387,4.3946422,79.999979
66.289937,-1318.058,-0.078458245,0.5114789,0.11355869,4.4044334,79.999979
66.299937,-1316.9817,-0.079201726,0.51159735,0.11333351,4.4142246,79.999979
66.309937,-1317.5419,-0.078807156,0.51171581,0.11310833,4.4240158,79.999979
66.319937,-1318.8468,-0.078395976,0.51183426,0.11288315,4.433807,79.999979
66.329937,-1319.0117,-0.078859231,0.51127927,0.11269591,4.4370344,79.999979
66.339937,-1318.7623,-0.079321635,0.51033005,0.11253088,4.4354592,79.999979
66.349937,-1320.3034,-0.078938656,0.50938083,0.11236585,4.4338841,79.999979
66.359937,-1320.1697,-0.078918453,0.50843161,0.11220082,4.4323089,79.999979
66.369937,-1320.5777,-0.079363712,0.5074824,0.11203579,4.4307338,79.999979
66.379937,-1320.8387,-0.079765135,0.50653318,0.11187076,4.4291586,79.999979
66.389937,-1320.3235,-0.079051523,0.50558396,0.11170573,4.4275835,79.999979
66.399937,-1321.0274,-0.07925907,0.50463474,0.1115407,4.4260083,79.999979
66.409937,-1319.2968,-0.079192203,0.50368552,0.11137567,4.4244331,79.999979
66.419937,-1320.289,-0.07995822,0.5027363,0.11121064,4.422858,79.999979
66.429937,-1320.8008,-0.078564579,0.50178708,0.11104561,4.4212828,79.999979
66.439937,-1320.7864,-0.079079003,0.50083786,0.11088058,4.4197077,79.999979
66.449937,-1321.0058,-0.078475466,0.49988864,0.11071556,4.4181325,79.999979
66.459937,-1323.2476,-0.078951509,0.49893943,0.11055053,4.4165574,79.999979
66.469937,-1322.3384,-0.078972535,0.49799021,0.1103855,4.4149822,79.999979
66.479937,-1323.0666,-0.078940256,0.49771631,0.11043954,4.4134071,79.999979
66.489937,-1323.7948,-0.078907976,0.49786096,0.11074689,4.4118319,79.999979
66.499937,-1325.1798,-0.079045024,0.49800562,0.11105425,4.4009308,79.999979
66.509937,-1323.8057,-0.078549173,0.49815028,0.11136161,4.3890561,79.999979
66.519937,-1323.4311,-0.079263135,0.49829493,0.11166897,4.3771814,79.999979
66.529937,-1322.9044,-0.078938452,0.49843959,0.11197633,4.3653066,79.999979
66.539937,-1324.2162,-0.07939057,0.49858425,0.11228369,4.3534319,79.999979
66.549937,-1324.6951,-0.07975613,0.49872891,0.11259104,4.3415572,79.999979
66.559937,-1325.1739,-0.079250516,0.49887356,0.1128984,4.3296825,79.999979
66.569937,-1323.7092,-0.078603201,0.49901822,0.11320576,4.3178077,79.999979
66.579937,-1324.522,-0.078239762,0.49916288,0.11351312,4.305933,79.999979
66.589936,-1325.4601,-0.078669645,0.49930753,0.11382048,4.2940583,79.999979
66.599936,-1325.742,-0.078459669,0.49945219,0.11412783,4.2821836,79.999979
66.609936,-1323.9665,-0.078866496,0.49959685,0.11443519,4.2703088,79.999979
66.619936,-1325.6137,-0.07913463,0.49974151,0.11474255,4.2584341,79.999979
66.629936,-1328.3492,-0.078910581,0.49988616,0.11504991,4.2465594,79.999979
66.639936,-1327.3665,-0.079295062,0.50035225,0.11485031,4.2542782,79.999979
66.649936,-1327.9594,-0.078537995,0.50090542,0.11441307,4.2764823,79.999979
66.659936,-1327.9839,-0.078537995,0.50145859,0.11397583,4.2986864,79.999979
66.669936,-1328.2994,-0.078631355,0.50201176,0.1135386,4.3208905,79.999979
66.679936,-1327.4081,-0.078667706,0.50256493,0.11310136,4.3430947,79.999979
66.689936,-1326.0734,-0.078678368,0.5031181,0.11266412,4.3652988,79.999979
66.699936,-1326.7482,-0.078629164,0.50367126,0.11222688,4.3875029,79.999979
66.709936,-1328.9173,-0.079378186,0.50422443,0.11178965,4.409707,79.999979
66.719936,-1327.9071,-0.079404534,0.5047776,0.11135241,4.4319111,79.999979
66.729936,-1328.4175,-0.079178109,0.50533077,0.11091517,4.4541153,79.999979
66.739936,-1327.0891,-0.079762647,0.50588394,0.11047794,4.4763194,79.999979
66.749936,-1326.58,-0.078370951,0.50643711,0.1100407,4.4985235,79.999979
66.759936,-1329.0638,-0.07816304,0.50699028,0.10960346,4.5207276,79.999979
66.769936,-1328.1366,-0.078442807,0.50754345,0.10916623,4.5429317,79.999979
66.779936,-1329.8417,-0.078614224,0.50809662,0.10872899,4.5651359,79.999979
66.789936,-1330.4752,-0.078671046,0.50864979,0.10829175,4.58734,79.999979
66.799936,-1330.2561,-0.078651163,0.50920296,0.10785452,4.6095441,79.999979
66.809936,-1330.0151,-0.078610787,0.50975613,0.10741728,4.6317482,79.999979
66.819936,-1328.4338,-0.078102213,0.50949041,0.10752091,4.6455885,79.999979
66.829936,-1331.8366,-0.078658265,0.5091159,0.1076964,4.634194,79.999979
66.839936,-1330.9056,-0.078488237,0.50874139,0.1078719,4.6227994,79.999979
66.849936,-1328.735,-0.079151386,0.50836688,0.10804739,4.6114049,79.999979
66.859936,-1329.2251,-0.079291423,0.50799237,0.10822288,4.6000103,79.999979
66.869936,-1331.2493,-0.078494795,0.50761786,0.10839838,4.5886158,79.999979
66.879936,-1330.0312,-0.077957816,0.50724335,0.10857387,4.5772213,79.999979
66.889936,-1330.1651,-0.078612463,0.50686884,0.10874936,4.5658267,79.999979
66.899936,-1332.7173,-0.078803572,0.50649433,0.10892485,4.5544322,79.999979
66.909936,-1332.3453,-0.078708205,0.50611982,0.10910035,4.5430376,79.999979
66.919936,-1331.9187,-0.078881114,0.50574531,0.10927584,4.5316431,79.999979
66.929936,-1333.0776,-0.078427748,0.5053708,0.10945133,4.5202485,79.999979
66.939936,-1330.0619,-0.079044788,0.50499629,0.10962683,4.508854,79.999979
66.949936,-1330.1476,-0.078670301,0.50462178,0.10980232,4.4974594,79.999979
66.959936,-1333.5366,-0.078883556,0.50409359,0.10995432,4.4863821,79.999979
66.969936,-1332.1887,-0.078877807,0.50352959,0.11009653,4.4755153,79.999979
66.979936,-1332.4635,-0.078470844,0.50296559,0.11023873,4.4646485,79.999979
66.989936,-1333.3084,-0.078470844,0.50240159,0.11038093,4.4537818,79.999979
66.999936,-1331.355,-0.078082838,0.50183758,0.11052314,4.442915,79.999979
67.009936,-1331.7208,-0.07811113,0.50127358,0.11066534,4.4320483,79.999979
67.019936,-1333.2144,-0.078286513,0.50070958,0.11080754,4.4211815,79.999979
67.029936,-1331.1576,-0.078005932,0.50014558,0.11094974,4.4103148,79.999979
67.039936,-1332.6728,-0.07787454,0.49958158,0.11109195,4.399448,79.999979
67.049936,-1333.0972,-0.07707394,0.49901757,0.11123415,4.3885813,79.999979
67.059936,-1333.0075,-0.078223591,0.49845357,0.11137635,4.3777145,79.999979
67.069936,-1333.0504,-0.078667911,0.49788957,0.11151855,4.3668478,79.999979
67.079936,-1332.7988,-0.078619851,0.49732557,0.11166076,4.355981,79.999979
67.089936,-1332.9722,-0.078977164,0.49676157,0.11180296,4.3451143,79.999979
67.099936,-1333.9527,-0.079955245,0.49619756,0.11194516,4.3342475,79.999979
67.109936,-1333.2046,-0.079746303,0.49563356,0.11208736,4.3233807,79.999979
67.119936,-1331.8767,-0.079545512,0.49506956,0.11222957,4.312514,79.999979
67.129936,-1332.3815,-0.07832131,0.49469171,0.11231527,4.302621,79.999979
67.139936,-1334.95,-0.078486627,0.49553805,0.11202941,4.3220074,79.999979
67.149936,-1334.286,-0.079219898,0.49638439,0.11174355,4.3413939,79.999979
67.159936,-1335.0286,-0.077856776,0.49723073,0.11145768,4.3607803,79.999979
67.169936,-1334.6634,-0.078105795,0.49807707,0.11117182,4.3801668,79.999979
67.179936,-1332.7137,-0.078695825,0.49892341,0.11088596,4.3995532,79.999979
67.189936,-1334.675,-0.078790398,0.49976975,0.1106001,4.4189397,79.999979
67.199936,-1335.209,-0.078327036,0.50061609,0.11031424,4.4383261,79.999979
67.209936,-1334.6048,-0.078407083,0.50146243,0.11002837,4.4577126,79.999979
67.219936,-1333.6024,-0.077445617,0.50230877,0.10974251,4.477099,79.999979
67.229936,-1334.66,-0.078151754,0.50315512,0.10945665,4.4964855,79.999979
67.239936,-1334.4647,-0.078390296,0.50400146,0.10917079,4.5158719,79.999979
67.249936,-1335.6327,-0.078768148,0.5048478,0.10888493,4.5352583,79.999979
67.259936,-1335.6782,-0.07835038,0.50569414,0.10859907,4.5546448,79.999979
67.269936,-1335.7198,-0.078262238,0.50654048,0.1083132,4.5740312,79.999979
67.279936,-1335.7711,-0.078653284,0.50594847,0.10831122,4.5727632,79.999979
67.289936,-1335.8721,-0.079100225,0.50525742,0.10836538,4.5640554,79.999979
67.299936,-1336.208,-0.07885238,0.50456638,0.10841954,4.5553477,79.999979
67.309936,-1337.2845,-0.07885238,0.50387533,0.1084737,4.5466399,79.999979
67.319936,-1335.9814,-0.078909875,0.50318428,0.10852787,4.5379321,79.999979
67.329936,-1336.1866,-0.078699275,0.50249324,0.10858203,4.5292244,79.999979
67.339936,-1335.5091,-0.077916041,0.50180219,0.10863619,4.5205166,79.999979
67.349936,-1336.5163,-0.078255557,0.50111114,0.10869035,4.5118089,79.999979
67.359936,-1336.7251,-0.078333067,0.50042009,0.10874451,4.5031011,79.999979
67.369936,-1336.9339,-0.078410578,0.49972905,0.10879867,4.4943934,79.999979
67.379936,-1334.6671,-0.078212208,0.499038,0.10885284,4.4856856,79.999979
67.389936,-1335.564,-0.07883256,0.49834695,0.108907,4.4769779,79.999979
67.399936,-1336.3531,-0.077576629,0.49765591,0.10896116,4.4682701,79.999979
67.409936,-1334.9392,-0.079026893,0.49696486,0.10901532,4.4595623,79.999979
67.419936,-1335.5776,-0.079376146,0.49627381,0.10906948,4.4508546,79.999979
67.429936,-1335.8433,-0.079540242,0.49558276,0.10912364,4.4421468,79.999979
67.439936,-1337.2716,-0.078557027,0.49489172,0.10917781,4.4334391,79.999979
67.449936,-1337.9527,-0.077985366,0.49450354,0.10933984,4.4236291,79.999979
67.459936,-1337.7008,-0.078748325,0.49444419,0.10961899,4.4123361,79.999979
67.469936,-1336.1521,-0.078302681,0.49438484,0.10989814,4.4010431,79.999979
67.479936,-1338.3976,-0.078991757,0.49432549,0.11017729,4.3897501,79.999979
67.489936,-1338.9675,-0.079082557,0.49426614,0.11045644,4.3784571,79.999979
67.499936,-1339.2659,-0.078361841,0.49420678,0.11073559,4.3671641,79.999979
67.509936,-1337.0433,-0.07736384,0.49414743,0.11101473,4.3558711,79.999979
67.519936,-1336.2666,-0.077424134,0.49408808,0.11129388,4.3445781,79.999979
67.529936,-1338.5303,-0.078311051,0.49402873,0.11157303,4.3332851,79.999979
67.539936,-1337.6082,-0.07806295,0.49396938,0.11185218,4.3219921,79.999979
67.549936,-1338.5693,-0.078599641,0.49391002,0.11213133,4.3106991,79.999979
67.559936,-1338.8279,-0.079319684,0.49385067,0.11241048,4.2994061,79.999979
67.569936,-1336.0209,-0.077990926,0.49379132,0.11268963,4.2881131,79.999979
67.579936,-1338.1473,-0.078567998,0.49373197,0.11296878,4.2768201,79.999979
67.589936,-1339.4882,-0.078673877,0.49367262,0.11324793,4.2655271,79.999979
67.599936,-1338.5373,-0.078165911,0.49362297,0.11352672,4.2542341,79.999979
67.609936,-1338.734,-0.078367882,0.49360024,0.11380375,4.2432648,79.999979
67.619936,-1339.0461,-0.078564942,0.4935775,0.11408077,4.2324992,79.999979
67.629936,-1338.8047,-0.078765028,0.49355477,0.1143578,4.2217337,79.999979
67.639935,-1338.3184,-0.077740863,0.49353204,0.11463482,4.2109681,79.999979
67.649935,-1340.3049,-0.07918327,0.4935093,0.11491184,4.2002026,79.999979
67.659935,-1340.0184,-0.078229641,0.49348657,0.11518887,4.189437,79.999979
67.669935,-1339.3174,-0.078811603,0.49346383,0.11546589,4.1786714,79.999979
67.679935,-1340.4251,-0.078960019,0.4934411,0.11574291,4.1679059,79.999979
67.689935,-1339.3649,-0.079086487,0.49341837,0.11601994,4.1571403,79.999979
67.699935,-1338.3302,-0.077894123,0.49339563,0.11629696,4.1463748,79.999979
67.709935,-1339.7572,-0.077517,0.4933729,0.11657398,4.1356092,79.999979
67.719935,-1340.7304,-0.078139518,0.49335016,0.11685101,4.1248437,79.999979
67.729935,-1341.2296,-0.078709365,0.49332743,0.11712803,4.1140781,79.999979
67.739935,-1341.7161,-0.078030685,0.4933047,0.11740505,4.1033126,79.999979
67.749935,-1341.9618,-0.07742177,0.49328196,0.11768208,4.092547,79.999979
67.759935,-1341.6304,-0.078131777,0.49325923,0.1179591,4.0817814,79.999979
67.769935,-1343.8541,-0.077773158,0.49367376,0.11758018,4.0997218,79.999979
67.779935,-1342.1647,-0.078710006,0.49413578,0.11703913,4.1247568,79.999979
67.789935,-1343.1046,-0.078460475,0.4945978,0.11649809,4.1497919,79.999979
67.799935,-1344.0849,-0.078133673,0.49505982,0.11595705,4.174827,79.999979
67.809935,-1341.3288,-0.078322747,0.49552184,0.115416,4.199862,79.999979
67.819935,-1342.0503,-0.077775018,0.49598386,0.11487496,4.2248971,79.999979
67.829935,-1343.5834,-0.077991869,0.49644587,0.11433392,4.2499321,79.999979
67.839935,-1342.9807,-0.078314191,0.49690789,0.11379287,4.2749672,79.999979
67.849935,-1341.3031,-0.078083655,0.49736991,0.11325183,4.3000023,79.999979
67.859935,-1341.3981,-0.078206232,0.49783193,0.11271078,4.3250373,79.999979
67.869935,-1341.4931,-0.078514875,0.49829395,0.11216974,4.3500724,79.999979
67.879935,-1342.3567,-0.078028821,0.49875597,0.1116287,4.3751074,79.999979
67.889935,-1344.9975,-0.078026176,0.49921799,0.11108765,4.4001425,79.999979
67.899935,-1344.9421,-0.077453282,0.49968001,0.11054661,4.4251776,79.999979
67.909935,-1343.7678,-0.078133542,0.50014203,0.11000557,4.4502126,79.999979
67.919935,-1344.1493,-0.077999661,0.50060405,0.10946452,4.4752477,79.999979
67.929935,-1344.7648,-0.07819989,0.50106607,0.10892348,4.5002827,79.999979
67.939935,-1344.6697,-0.077947849,0.50142619,0.10870547,4.5141115,79.999979
67.949935,-1347.177,-0.078317648,0.5015592,0.10920748,4.4952887,79.999979
67.959935,-1346.4145,-0.078147093,0.5016922,0.10970949,4.476466,79.999979
67.969935,-1345.4845,-0.078422108,0.50182521,0.11021149,4.4576432,79.999979
67.979935,-1346.0947,-0.078285587,0.50195821,0.1107135,4.4388204,79.999979
67.989935,-1346.7536,-0.077720944,0.50209122,0.11121551,4.4199976,79.999979
67.999935,-1346.3911,-0.078314925,0.50222422,0.11171751,4.4011748,79.999979
68.009935,-1348.6638,-0.078374303,0.50235722,0.11221952,4.382352,79.999979
68.019935,-1349.2514,-0.077812531,0.50249023,0.11272153,4.3635292,79.999979
68.029935,-1347.6279,-0.07813758,0.50262323,0.11322353,4.3447064,79.999979
68.039935,-1349.2881,-0.078030673,0.50275624,0.11372554,4.3258837,79.999979
68.049935,-1349.2881,-0.078194721,0.50288924,0.11422754,4.3070609,79.999979
68.059935,-1349.556,-0.078810712,0.50302225,0.11472955,4.2882381,79.999979
68.069935,-1348.0634,-0.07747404,0.50315525,0.11523156,4.2694153,79.999979
68.079935,-1349.0618,-0.078011832,0.50335985,0.11573356,4.2505925,79.999979
68.089935,-1349.907,-0.07722604,0.50452154,0.11570137,4.2583316,79.999979
68.099935,-1351.3717,-0.077597841,0.50568322,0.11564535,4.2706843,79.999979
68.109935,-1351.6832,-0.078148153,0.50684491,0.11558933,4.2830369,79.999979
68.119935,-1351.8032,-0.07868465,0.5080066,0.11553331,4.2953895,79.999979
68.129935,-1351.8918,-0.078007729,0.50916829,0.11547728,4.3077422,79.999979
68.139935,-1351.1603,-0.077936939,0.51032998,0.11542126,4.3200948,79.999979
68.149935,-1350.3077,-0.077120709,0.51149167,0.11536524,4.3324474,79.999979
68.159935,-1352.1872,-0.078018813,0.51265335,0.11530922,4.3448001,79.999979
68.169935,-1352.389,-0.078685638,0.51381504,0.1152532,4.3571527,79.999979
68.179935,-1353.2401,-0.07905452,0.51497673,0.11519718,4.3695054,79.999979
68.189935,-1353.7096,-0.078335532,0.51613842,0.11514115,4.381858,79.999979
68.199935,-1352.8527,-0.078132111,0.51730011,0.11508513,4.3942106,79.999979
68.209935,-1352.5416,-0.07738253,0.5184618,0.11502911,4.4065633,79.999979
68.219935,-1354.0876,-0.078182809,0.51962349,0.11497309,4.4189159,79.999979
68.229935,-1354.4556,-0.078014979,0.52078517,0.11491707,4.4312685,79.999979
68.239935,-1354.8772,-0.078145948,0.52194686,0.11486105,4.4436212,79.999979
68.249935,-1355.8572,-0.078232505,0.52310855,0.11480502,4.4559738,79.999979
68.259935,-1355.3987,-0.078211356,0.52184073,0.11452945,4.4571903,79.999979
68.269935,-1355.6863,-0.077530042,0.52010248,0.11419387,4.4553636,79.999979
68.279935,-1355.8169,-0.077845522,0.51836424,0.11385829,4.4535369,79.999979
68.289935,-1356.7975,-0.077052482,0.51662599,0.11352271,4.4517102,79.999979
68.299935,-1355.5893,-0.078067804,0.51488774,0.11318713,4.4498835,79.999979
68.309935,-1356.3867,-0.077723376,0.51314949,0.11285155,4.4480568,79.999979
68.319935,-1357.1826,-0.077745773,0.51141125,0.11251598,4.4462301,79.999979
68.329935,-1356.5602,-0.077400817,0.509673,0.1121804,4.4444033,79.999979
68.339935,-1354.8367,-0.077604046,0.50793475,0.11184482,4.4425766,79.999979
68.349935,-1357.8699,-0.076676459,0.5061965,0.11150924,4.4407499,79.999979
68.359935,-1357.9241,-0.076970468,0.50445826,0.11117366,4.4389232,79.999979
68.369935,-1356.8694,-0.077774867,0.50272001,0.11083809,4.4370965,79.999979
68.379935,-1357.3834,-0.078200848,0.50098176,0.11050251,4.4352698,79.999979
68.389935,-1359.1034,-0.078275829,0.49924351,0.11016693,4.433443,79.999979
68.399935,-1358.2432,-0.078239321,0.49769567,0.10985353,4.4316163,79.999979
68.409935,-1359.2958,-0.077866385,0.49724156,0.11006315,4.4199516,79.999979
68.419935,-1358.1602,-0.077787959,0.49678745,0.11027277,4.4075993,79.999979
68.429935,-1356.7451,-0.077770217,0.49633334,0.11048239,4.395247,79.999979
68.439935,-1358.2105,-0.077576521,0.49587923,0.11069201,4.3828947,79.999979
68.449935,-1360.3416,-0.077454103,0.49542512,0.11090163,4.3705424,79.999979
68.459935,-1360.5555,-0.078278289,0.49497101,0.11111125,4.3581901,79.999979
68.469935,-1358.7693,-0.078308434,0.4945169,0.11132087,4.3458378,79.999979
68.479935,-1359.5832,-0.077656173,0.49406279,0.11153049,4.3334854,79.999979
68.489935,-1360.0498,-0.077538882,0.49360868,0.11174011,4.3211331,79.999979
68.499935,-1358.5086,-0.077618714,0.49315457,0.11194973,4.3087808,79.999979
68.509935,-1361.1808,-0.077228591,0.49270046,0.11215935,4.2964285,79.999979
68.519935,-1361.028,-0.078363155,0.49224635,0.11236897,4.2840762,79.999979
68.529935,-1361.2059,-0.077394563,0.49179224,0.11257859,4.2717239,79.999979
68.539935,-1361.2399,-0.078099209,0.49133813,0.11278821,4.2593716,79.999979
68.549935,-1362.7141,-0.077651288,0.49088402,0.11299783,4.2470193,79.999979
68.559935,-1361.7309,-0.07719883,0.49042991,0.11320745,4.234667,79.999979
68.569935,-1361.7287,-0.077546739,0.4899758,0.11341707,4.2223146,79.999979
68.579935,-1360.3488,-0.077394373,0.4897004,0.11354719,4.2105103,79.999979
68.589935,-1362.66,-0.07785561,0.49029595,0.11328984,4.2260513,79.999979
68.599935,-1361.9732,-0.07810626,0.4908915,0.11303249,4.2415922,79.999979
68.609935,-1363.3511,-0.077729338,0.49148705,0.11277514,4.2571332,79.999979
68.619935,-1361.0896,-0.076707512,0.49208261,0.11251779,4.2726742,79.999979
68.629935,-1361.4095,-0.078088827,0.49267816,0.11226045,4.2882151,79.999979
68.639935,-1363.0583,-0.077469029,0.49327371,0.1120031,4.3037561,79.999979
68.649935,-1361.8201,-0.077523009,0.49386927,0.11174575,4.319297,79.999979
68.659935,-1362.4582,-0.077886523,0.49446482,0.1114884,4.334838,79.999979
68.669935,-1363.2396,-0.078481189,0.49506037,0.11123105,4.350379,79.999979
68.679935,-1362.9523,-0.078158003,0.49565592,0.11097371,4.3659199,79.999979
68.689934,-1363.5272,-0.07830418,0.49625148,0.11071636,4.3814609,79.999979
68.699934,-1361.1123,-0.077813431,0.49684703,0.11045901,4.3970018,79.999979
68.709934,-1362.5184,-0.077832173,0.49744258,0.11020166,4.4125428,79.999979
68.719934,-1362.2633,-0.077293395,0.49803814,0.10994431,4.4280837,79.999979
68.729934,-1363.9395,-0.077362611,0.49857746,0.10983006,4.4396783,79.999979
68.739934,-1362.9344,-0.07721289,0.49903387,0.11005075,4.4348818,79.999979
68.749934,-1362.3537,-0.077915107,0.49949028,0.11027145,4.4300854,79.999979
68.759934,-1362.2509,-0.077825406,0.4999467,0.11049214,4.4252889,79.999979
68.769934,-1362.5798,-0.078799307,0.50040311,0.11071283,4.4204925,79.999979
68.779934,-1362.9697,-0.077414089,0.50085952,0.11093353,4.415696,79.999979
68.789934,-1364.8167,-0.077477497,0.50131594,0.11115422,4.4108996,79.999979
68.799934,-1363.9669,-0.078331439,0.50177235,0.11137491,4.4061031,79.999979
68.809934,-1363.4324,-0.077612313,0.50222876,0.11159561,4.4013067,79.999979
68.819934,-1362.214,-0.077467713,0.50268518,0.1118163,4.3965103,79.999979
68.829934,-1362.3018,-0.077323113,0.50314159,0.11203699,4.3917138,79.999979
68.839934,-1365.0575,-0.076737704,0.503598,0.11225769,4.3869174,79.999979
68.849934,-1364.916,-0.077297081,0.50405442,0.11247838,4.3821209,79.999979
68.859934,-1365.5793,-0.078186134,0.50451083,0.11269907,4.3773245,79.999979
68.869934,-1365.7647,-0.078241086,0.50496724,0.11291977,4.372528,79.999979
68.879934,-1364.3898,-0.078282869,0.50542366,0.11314046,4.3677316,79.999979
68.889934,-1365.773,-0.077816733,0.50588007,0.11336115,4.3629352,79.999979
68.899934,-1366.5391,-0.078390222,0.50633648,0.11358185,4.3581387,79.999979
68.909934,-1366.6025,-0.077709118,0.50595268,0.11359309,4.3543043,79.999979
68.919934,-1366.8262,-0.077228101,0.50555671,0.1136013,4.3505394,79.999979
68.929934,-1365.7986,-0.077892794,0.50516074,0.1136095,4.3467744,79.999979
68.939934,-1366.4003,-0.076447946,0.50476476,0.11361771,4.3430094,79.999979
68.949934,-1366.8571,-0.076189553,0.50436879,0.11362592,4.3392444,79.999979
68.959934,-1366.6398,-0.07832193,0.50397282,0.11363413,4.3354795,79.999979
68.969934,-1370.9548,-0.078064238,0.50357685,0.11364233,4.3317145,79.999979
68.979934,-1372.765,-0.077648622,0.50318087,0.11365054,4.3279495,79.999979
68.989934,-1372.4422,-0.076820463,0.5027849,0.11365875,4.3241846,79.999979
68.999934,-1374.1625,-0.078174868,0.50238893,0.11366696,4.3204196,79.999979
69.009934,-1374.548,-0.07827661,0.50199296,0.11367516,4.3166546,79.999979
69.019934,-1375.1214,-0.077800435,0.50159698,0.11368337,4.3128896,79.999979
69.029934,-1374.4492,-0.077049401,0.50120101,0.11369158,4.3091247,79.999979
69.039934,-1377.6534,-0.076128614,0.50080504,0.11369978,4.3053597,79.999979
69.049934,-1378.0782,-0.077012136,0.50066263,0.11378155,4.3004937,79.999979
69.059934,-1378.5692,-0.077169582,0.50089444,0.11409297,4.2909007,79.999979
69.069934,-1379.6766,-0.077631573,0.50112625,0.11440439,4.2813077,79.999979
69.079934,-1380.4539,-0.077552854,0.50135806,0.11471581,4.2717148,79.999979
69.089934,-1379.4691,-0.07779605,0.50158987,0.11502723,4.2621218,79.999979
69.099934,-1380.2031,-0.076849881,0.50182168,0.11533865,4.2525288,79.999979
69.109934,-1379.1425,-0.077271084,0.50205349,0.11565007,4.2429359,79.999979
69.119934,-1381.2448,-0.077400893,0.5022853,0.11596149,4.2333429,79.999979
69.129934,-1382.169,-0.07702603,0.50251711,0.11627291,4.2237499,79.999979
69.139934,-1382.0137,-0.076760372,0.50274892,0.11658433,4.214157,79.999979
69.149934,-1380.9571,-0.076361494,0.50298073,0.11689575,4.204564,79.999979
69.159934,-1381.083,-0.076695051,0.50321254,0.11720716,4.194971,79.999979
69.169934,-1382.0097,-0.076775122,0.50344435,0.11751858,4.1853781,79.999979
69.179934,-1383.3706,-0.07658042,0.50367616,0.11783,4.1757851,79.999979
69.189934,-1385.3952,-0.076506739,0.50390796,0.11814142,4.1661921,79.999979
69.199934,-1383.4463,-0.076433059,0.50413977,0.11845284,4.1565992,79.999979
69.209934,-1385.5049,-0.076800425,0.50437158,0.11876426,4.1470062,79.999979
69.219934,-1385.2795,-0.07732312,0.50427815,0.11878828,4.1453397,79.999979
69.229934,-1386.6422,-0.07731373,0.50375896,0.11834554,4.1565463,79.999979
69.239934,-1388.823,-0.076919348,0.50323978,0.11790281,4.1677529,79.999979
69.249934,-1385.9323,-0.076935791,0.5027206,0.11746007,4.1789595,79.999979
69.259934,-1386.7031,-0.077051355,0.50220141,0.11701734,4.1901661,79.999979
69.269934,-1388.2849,-0.076925343,0.50168223,0.1165746,4.2013727,79.999979
69.279934,-1389.2769,-0.077200011,0.50116304,0.11613187,4.2125793,79.999979
69.289934,-1388.9168,-0.077824823,0.50064386,0.11568913,4.2237859,79.999979
69.299934,-1392.139,-0.076426702,0.50012468,0.1152464,4.2349925,79.999979
69.309934,-1390.8859,-0.076283208,0.49960549,0.11480366,4.2461991,79.999979
69.319934,-1390.3974,-0.076772713,0.49908631,0.11436093,4.2574056,79.999979
69.329934,-1391.9134,-0.077154138,0.49856712,0.11391819,4.2686122,79.999979
69.339934,-1392.5086,-0.076959825,0.49804794,0.11347546,4.2798188,79.999979
69.349934,-1392.1283,-0.076390411,0.49752876,0.11303272,4.2910254,79.999979
69.359934,-1393.5258,-0.077796605,0.49700957,0.11258999,4.302232,79.999979
69.369934,-1393.4414,-0.076783488,0.49649039,0.11214725,4.3134386,79.999979
69.379934,-1393.601,-0.07662067,0.49622396,0.11213726,4.3246452,79.999979
69.389934,-1393.7827,-0.076457851,0.49599848,0.11231159,4.3282301,79.999979
69.399934,-1394.4798,-0.076541403,0.49577301,0.11248593,4.3188643,79.999979
69.409934,-1394.0742,-0.076570421,0.49554753,0.11266027,4.3094984,79.999979
69.419934,-1394.2876,-0.076546664,0.49532205,0.1128346,4.3001326,79.999979
69.429934,-1393.8995,-0.076833937,0.49509657,0.11300894,4.2907667,79.999979
69.439934,-1394.9115,-0.077093934,0.4948711,0.11318327,4.2814009,79.999979
69.449934,-1395.8681,-0.076960421,0.49464562,0.11335761,4.2720351,79.999979
69.459934,-1395.604,-0.07562025,0.49442014,0.11353195,4.2626692,79.999979
69.469934,-1397.9947,-0.076694046,0.49419467,0.11370628,4.2533034,79.999979
69.479934,-1397.3096,-0.075424631,0.49396919,0.11388062,4.2439375,79.999979
69.489934,-1396.5362,-0.075819069,0.49374371,0.11405495,4.2345717,79.999979
69.499934,-1396.4744,-0.076517291,0.49351823,0.11422929,4.2252058,79.999979
69.509934,-1397.7417,-0.077215513,0.49329276,0.11440362,4.21584,79.999979
69.519934,-1397.2541,-0.076990515,0.49306728,0.11457796,4.2064741,79.999979
69.529934,-1397.9405,-0.076739824,0.49288131,0.11472939,4.1971083,79.999979
69.539934,-1400.0256,-0.076607923,0.49317376,0.11460343,4.2016671,79.999979
69.549934,-1400.5428,-0.076745402,0.49346621,0.11447747,4.2091845,79.999979
69.559934,-1399.3919,-0.076758326,0.49375866,0.11435151,4.216702,79.999979
69.569934,-1398.332,-0.076800984,0.49405111,0.11422555,4.2242194,79.999979
69.579934,-1399.8486,-0.076712125,0.49434357,0.11409959,4.2317368,79.999979
69.589934,-1401.5545,-0.076580365,0.49463602,0.11397363,4.2392543,79.999979
69.599934,-1400.4144,-0.07629177,0.49492847,0.11384767,4.2467717,79.999979
69.609934,-1402.6903,-0.076915858,0.49522092,0.11372171,4.2542891,79.999979
69.619934,-1401.1871,-0.076640464,0.49551338,0.11359575,4.2618066,79.999979
69.629934,-1401.1254,-0.077096244,0.49580583,0.11346979,4.269324,79.999979
69.639934,-1401.2431,-0.077184661,0.49609828,0.11334383,4.2768414,79.999979
69.649934,-1402.5535,-0.076000172,0.49639073,0.11321787,4.2843589,79.999979
69.659934,-1401.9583,-0.076869479,0.49668319,0.11309191,4.2918763,79.999979
69.669934,-1403.9109,-0.075829546,0.49697564,0.11296595,4.2993937,79.999979
69.679934,-1402.7952,-0.07675884,0.49726809,0.11283999,4.3069112,79.999979
69.689934,-1402.3503,-0.076681082,0.49756054,0.11271403,4.3144286,79.999979
69.699934,-1401.9053,-0.076341815,0.497853,0.11258807,4.321946,79.999979
69.709934,-1402.7441,-0.07644917,0.49814545,0.11246211,4.3294635,79.999979
69.719934,-1405.5705,-0.075521901,0.49884303,0.1122557,4.3440233,79.999979
69.729934,-1404.8474,-0.076978025,0.4995543,0.11204658,4.358821,79.999979
69.739933,-1405.1387,-0.07662799,0.50026556,0.11183745,4.3736186,79.999979
69.749933,-1404.7426,-0.076624445,0.50097683,0.11162832,4.3884163,79.999979
69.759933,-1406.0052,-0.076924376,0.5016881,0.1114192,4.4032139,79.999979
69.769933,-1405.8246,-0.077262284,0.50239936,0.11121007,4.4180116,79.999979
69.779933,-1407.7458,-0.076639809,0.50311063,0.11100094,4.4328093,79.999979
69.789933,-1407.798,-0.076491042,0.50382189,0.11079181,4.4476069,79.999979
69.799933,-1408.3536,-0.07612348,0.50453316,0.11058269,4.4624046,79.999979
69.809933,-1407.0884,-0.076671661,0.50524442,0.11037356,4.4772022,79.999979
69.819933,-1405.7694,-0.075891022,0.50595569,0.11016443,4.4919999,79.999979
69.829933,-1407.1472,-0.076298299,0.50666696,0.10995531,4.5067976,79.999979
69.839933,-1407.2034,-0.075594225,0.50737822,0.10974618,4.5215952,79.999979
69.849933,-1409.951,-0.075721188,0.50808949,0.10953705,4.5363929,79.999979
69.859933,-1410.2548,-0.076394718,0.50791548,0.10966009,4.5336642,79.999979
69.869933,-1410.3022,-0.076341983,0.50758209,0.10989891,4.5208584,79.999979
69.879933,-1410.2923,-0.076148129,0.5072487,0.11013773,4.5080526,79.999979
69.889933,-1410.7832,-0.076226248,0.50691532,0.11037655,4.4952468,79.999979
69.899933,-1410.4981,-0.07590326,0.50658193,0.11061537,4.482441,79.999979
69.909933,-1409.8075,-0.074736687,0.50624854,0.11085419,4.4696352,79.999979
69.919933,-1409.4808,-0.075190237,0.50591516,0.11109301,4.4568294,79.999979
69.929933,-1410.285,-0.075397541,0.50558177,0.11133183,4.4440236,79.999979
69.939933,-1410.9426,-0.075455699,0.50524839,0.11157065,4.4312178,79.999979
69.949933,-1410.5419,-0.075710466,0.504915,0.11180947,4.418412,79.999979
69.959933,-1411.8378,-0.076336504,0.50458161,0.11204829,4.4056062,79.999979
69.969933,-1412.7265,-0.076454046,0.50424823,0.11228711,4.3928003,79.999979
69.979933,-1412.6874,-0.076032485,0.50391484,0.11252593,4.3799945,79.999979
69.989933,-1414.1135,-0.076122795,0.50358145,0.11276475,4.3671887,79.999979
69.999933,-1413.3717,-0.075963452,0.50324807,0.11300357,4.3543829,79.999979
70.009933,-1412.0906,-0.07585201,0.50291468,0.11324239,4.3415771,79.999979
70.019933,-1412.5756,-0.07583529,0.50258129,0.11348121,4.3287713,79.999979
70.029933,-1413.2561,-0.075594958,0.50251671,0.11353898,4.3261359,79.999979
70.039933,-1414.1842,-0.076008504,0.50245645,0.11359382,4.3236645,79.999979
70.049933,-1414.6142,-0.076709887,0.5023962,0.11364867,4.3211932,79.999979
70.059933,-1413.405,-0.077076852,0.50233595,0.11370351,4.3187218,79.999979
70.069933,-1412.2978,-0.077443816,0.5022757,0.11375836,4.3162505,79.999979
70.079933,-1412.7077,-0.076185115,0.50221545,0.11381321,4.3137791,79.999979
70.089933,-1415.8587,-0.076708919,0.5021552,0.11386805,4.3113077,79.999979
70.099933,-1414.18,-0.076685022,0.50209494,0.1139229,4.3088364,79.999979
70.109933,-1416.1801,-0.075898747,0.50203469,0.11397774,4.306365,79.999979
70.119933,-1414.2898,-0.075745275,0.50197444,0.11403259,4.3038937,79.999979
70.129933,-1414.0469,-0.076101634,0.50191419,0.11408744,4.3014223,79.999979
70.139933,-1415.7266,-0.076271497,0.50185394,0.11414228,4.298951,79.999979
70.149933,-1416.9326,-0.076750208,0.50179369,0.11419713,4.2964796,79.999979
70.159933,-1414.8732,-0.076561888,0.50173343,0.11425197,4.2940083,79.999979
70.169933,-1416.5354,-0.075826385,0.50167318,0.11430682,4.2915369,79.999979
70.179933,-1416.6897,-0.075925437,0.50167161,0.11436167,4.2890655,79.999979
70.189933,-1416.844,-0.076024489,0.50186265,0.11432386,4.2865942,79.999979
70.199933,-1417.2825,-0.076519833,0.50205368,0.11426454,4.2890424,79.999979
70.209933,-1417.2309,-0.075825777,0.50224472,0.11420522,4.2933362,79.999979
70.219933,-1416.7705,-0.075762799,0.50243576,0.11414591,4.29763,79.999979
70.229933,-1419.2923,-0.076330271,0.5026268,0.11408659,4.3019237,79.999979
70.239933,-1416.3047,-0.076516304,0.50281784,0.11402727,4.3062175,79.999979
70.249933,-1417.4582,-0.076124814,0.50300887,0.11396795,4.3105113,79.999979
70.259933,-1418.9325,-0.075425672,0.50319991,0.11390864,4.314805,79.999979
70.269933,-1420.1187,-0.075494175,0.50339095,0.11384932,4.3190988,79.999979
70.279933,-1421.8458,-0.075922465,0.50358199,0.11379,4.3233925,79.999979
70.289933,-1421.9132,-0.07685755,0.50377302,0.11373068,4.3276863,79.999979
70.299933,-1419.395,-0.075827565,0.50396406,0.11367137,4.3319801,79.999979
70.309933,-1420.2715,-0.075913455,0.5041551,0.11361205,4.3362738,79.999979
70.319933,-1421.4513,-0.075546836,0.50434614,0.11355273,4.3405676,79.999979
70.329933,-1421.4615,-0.0756554,0.50453718,0.11349342,4.3448614,79.999979
70.339933,-1421.2581,-0.075668937,0.5045616,0.11344976,4.3478011,79.999979
70.349933,-1422.8797,-0.076049105,0.50413114,0.11344886,4.3440437,79.999979
70.359933,-1421.2027,-0.075790042,0.50370067,0.11344796,4.3402863,79.999979
70.369933,-1421.9883,-0.075409862,0.50327021,0.11344706,4.3365289,79.999979
70.379933,-1422.8488,-0.075328212,0.50283974,0.11344616,4.3327715,79.999979
70.389933,-1422.8096,-0.076146434,0.50240928,0.11344526,4.3290141,79.999979
70.399933,-1423.6957,-0.07533878,0.50197882,0.11344435,4.3252568,79.999979
70.409933,-1422.5954,-0.075828662,0.50154835,0.11344345,4.3214994,79.999979
70.419933,-1423.2053,-0.075340129,0.50111789,0.11344255,4.317742,79.999979
70.429933,-1421.6011,-0.075340129,0.50068742,0.11344165,4.3139846,79.999979
70.439933,-1421.7416,-0.075470819,0.50025696,0.11344075,4.3102272,79.999979
70.449933,-1424.2875,-0.075624615,0.49982649,0.11343985,4.3064698,79.999979
70.459933,-1424.9476,-0.075443231,0.49939603,0.11343895,4.3027124,79.999979
70.469933,-1425.0965,-0.075637381,0.49896557,0.11343805,4.2989551,79.999979
70.479933,-1424.1186,-0.075796042,0.4985351,0.11343715,4.2951977,79.999979
70.489933,-1424.9999,-0.075872498,0.49810464,0.11343625,4.2914403,79.999979
70.499933,-1424.9999,-0.075696481,0.49767417,0.11343535,4.2876829,79.999979
70.509933,-1425.0621,-0.07566089,0.49724371,0.11343445,4.2839255,79.999979
70.519933,-1423.9103,-0.075919219,0.49747229,0.11348536,4.2830648,79.999979
70.529933,-1424.3409,-0.075279483,0.4982251,0.11358727,4.2857176,79.999979
70.539933,-1423.9199,-0.0755811,0.4989779,0.11368918,4.2883704,79.999979
70.549933,-1426.8215,-0.074712124,0.49973071,0.11379109,4.2910233,79.999979
70.559933,-1424.4514,-0.075199847,0.50048352,0.113893,4.2936761,79.999979
70.569933,-1424.7409,-0.075311327,0.50123632,0.11399492,4.296329,79.999979
70.579933,-1425.2707,-0.075597115,0.50198913,0.11409683,4.2989818,79.999979
70.589933,-1424.579,-0.075702383,0.50274194,0.11419874,4.3016347,79.999979
70.599933,-1426.8832,-0.075351097,0.50349474,0.11430065,4.3042875,79.999979
70.609933,-1427.4414,-0.075525626,0.50424755,0.11440256,4.3069403,79.999979
70.619933,-1427.1648,-0.075276292,0.50500036,0.11450447,4.3095932,79.999979
70.629933,-1426.6893,-0.075414387,0.50575317,0.11460638,4.312246,79.999979
70.639933,-1427.0428,-0.075389169,0.50650597,0.11470829,4.3148989,79.999979
70.649933,-1426.6211,-0.076202169,0.50725878,0.11481021,4.3175517,79.999979
70.659933,-1427.4642,-0.07577326,0.50801159,0.11491212,4.3202046,79.999979
70.669933,-1427.7921,-0.075817017,0.50815052,0.11493303,4.3214643,79.999979
70.679933,-1425.6527,-0.075884288,0.50792918,0.11488217,4.3214893,79.999979
70.689933,-1426.072,-0.075575075,0.50770785,0.11483131,4.3215144,79.999979
70.699933,-1426.989,-0.075387286,0.50748651,0.11478044,4.3215395,79.999979
70.709933,-1428.672,-0.076055056,0.50726517,0.11472958,4.3215645,79.999979
70.719933,-1427.8325,-0.076072719,0.50704383,0.11467871,4.3215896,79.999979
70.729933,-1427.4587,-0.076020043,0.5068225,0.11462785,4.3216146,79.999979
70.739933,-1427.8949,-0.075990581,0.50660116,0.11457699,4.3216397,79.999979
70.749933,-1428.1387,-0.075423927,0.50637982,0.11452612,4.3216647,79.999979
70.759933,-1428.2768,-0.076486742,0.50615848,0.11447526,4.3216898,79.999979
70.769933,-1426.0567,-0.075959321,0.50593715,0.11442439,4.3217149,79.999979
70.779932,-1427.9378,-0.075739801,0.50571581,0.11437353,4.3217399,79.999979
70.789932,-1427.5395,-0.075682022,0.50549447,0.11432267,4.321765,79.999979
70.799932,-1428.2997,-0.075143381,0.50527314,0.1142718,4.32179,79.999979
70.809932,-1427.9531,-0.075083989,0.5050518,0.11422094,4.3218151,79.999979
70.819932,-1426.435,-0.075241927,0.50483046,0.11417007,4.3218401,79.999979
70.829932,-1426.9891,-0.075899231,0.50460912,0.11411921,4.3218652,79.999979
70.839932,-1427.3502,-0.075425929,0.50447308,0.11403439,4.32382,79.999979
70.849932,-1428.139,-0.074822962,0.50463533,0.11378394,4.3351873,79.999979
70.859932,-1426.1409,-0.075571706,0.50479759,0.11353348,4.3465545,79.999979
70.869932,-1428.854,-0.07516534,0.50495984,0.11328303,4.3579218,79.999979
70.879932,-1428.2729,-0.075353841,0.5051221,0.11303258,4.3692891,79.999979
70.889932,-1427.0544,-0.075864618,0.50528435,0.11278213,4.3806564,79.999979
70.899932,-1427.9904,-0.076275004,0.50544661,0.11253167,4.3920237,79.999979
70.909932,-1429.0979,-0.074975934,0.50560886,0.11228122,4.4033909,79.999979
70.919932,-1427.0372,-0.075717188,0.50577112,0.11203077,4.4147582,79.999979
70.929932,-1428.5693,-0.075967865,0.50593337,0.11178032,4.4261255,79.999979
70.939932,-1427.988,-0.075576389,0.50609563,0.11152986,4.4374928,79.999979
70.949932,-1426.8707,-0.075758887,0.50625788,0.11127941,4.4488601,79.999979
70.959932,-1425.8121,-0.075801985,0.50642014,0.11102896,4.4602273,79.999979
70.969932,-1428.1063,-0.075924156,0.50658239,0.11077851,4.4715946,79.999979
70.979932,-1427.6127,-0.075733793,0.50673574,0.11052805,4.4829619,79.999979
70.989932,-1427.8344,-0.075646368,0.50635241,0.11079335,4.4735367,79.999979
70.999932,-1427.815,-0.075789899,0.50596908,0.11110599,4.4577468,79.999979
71.009932,-1427.7032,-0.07535577,0.50558575,0.11141862,4.4419569,79.999979
71.019932,-1427.1616,-0.075519784,0.50520242,0.11173126,4.426167,79.999979
71.029932,-1427.7346,-0.076096829,0.50481908,0.1120439,4.4103771,79.999979
71.039932,-1427.4242,-0.075420129,0.50443575,0.11235653,4.3945872,79.999979
71.049932,-1428.3671,-0.075607754,0.50405242,0.11266917,4.3787973,79.999979
71.059932,-1425.7732,-0.076124424,0.50366909,0.1129818,4.3630074,79.999979
71.069932,-1426.656,-0.076074388,0.50328576,0.11329444,4.3472175,79.999979
71.079932,-1426.8508,-0.076051846,0.50290243,0.11360707,4.3314275,79.999979
71.089932,-1426.6531,-0.075203026,0.5025191,0.11391971,4.3156376,79.999979
71.099932,-1426.7277,-0.075283189,0.50213577,0.11423234,4.2998477,79.999979
71.109932,-1428.8596,-0.076130768,0.50175244,0.11454498,4.2840578,79.999979
71.119932,-1425.6946,-0.075849373,0.50136911,0.11485762,4.2682679,79.999979
71.129932,-1426.1032,-0.075998071,0.50098578,0.11517025,4.252478,79.999979
71.139932,-1426.9761,-0.075872513,0.50060244,0.11548289,4.2366881,79.999979
71.149932,-1425.918,-0.075695169,0.50021911,0.11579552,4.2208982,79.999979
71.159932,-1427.8966,-0.076151139,0.5001507,0.11576417,4.2203454,79.999979
71.169932,-1427.7229,-0.07440815,0.50009169,0.1157023,4.2221483,79.999979
71.179932,-1425.6718,-0.07639722,0.50003267,0.11564043,4.2239511,79.999979
71.189932,-1426.4181,-0.076032068,0.49997366,0.11557855,4.2257539,79.999979
71.199932,-1426.4212,-0.075829116,0.49991465,0.11551668,4.2275567,79.999979
71.209932,-1425.9532,-0.076022835,0.49985564,0.11545481,4.2293596,79.999979
71.219932,-1427.8392,-0.076306311,0.49979662,0.11539294,4.2311624,79.999979
71.229932,-1427.1662,-0.0767219,0.49973761,0.11533106,4.2329652,79.999979
71.239932,-1425.4357,-0.075731322,0.4996786,0.11526919,4.234768,79.999979
71.249932,-1426.3884,-0.075679082,0.49961959,0.11520732,4.2365709,79.999979
71.259932,-1427.3411,-0.07561939,0.49956058,0.11514545,4.2383737,79.999979
71.269932,-1425.1609,-0.07553122,0.49950156,0.11508357,4.2401765,79.999979
71.279932,-1426.8585,-0.075531419,0.49944255,0.1150217,4.2419793,79.999979
71.289932,-1426.8597,-0.074802506,0.49938354,0.11495983,4.2437822,79.999979
71.299932,-1426.6323,-0.076135531,0.49932453,0.11489796,4.245585,79.999979
71.309932,-1426.7159,-0.075864636,0.49926551,0.11483609,4.2473878,79.999979
71.319932,-1426.7995,-0.075593742,0.49948151,0.11510162,4.2410545,79.999979
71.329932,-1426.8741,-0.075804664,0.49969993,0.1154095,4.2316656,79.999979
71.339932,-1427.0132,-0.076028356,0.49991834,0.11571737,4.2222768,79.999979
71.349932,-1427.1299,-0.074796394,0.50013676,0.11602525,4.212888,79.999979
71.359932,-1425.3567,-0.076143853,0.50035517,0.11633313,4.2034992,79.999979
71.369932,-1425.265,-0.076592572,0.50057359,0.116641,4.1941103,79.999979
71.379932,-1425.265,-0.07604644,0.500792,0.11694888,4.1847215,79.999979
71.389932,-1427.1413,-0.075506284,0.50101042,0.11725676,4.1753327,79.999979
71.399932,-1427.0041,-0.075613052,0.50122883,0.11756463,4.1659439,79.999979
71.409932,-1425.7482,-0.075083397,0.50144725,0.11787251,4.1565551,79.999979
71.419932,-1427.4836,-0.07672208,0.50166566,0.11818039,4.1471662,79.999979
71.429932,-1427.1483,-0.075294545,0.50188408,0.11848826,4.1377774,79.999979
71.439932,-1426.8725,-0.075475308,0.50210249,0.11879614,4.1283886,79.999979
71.449932,-1426.8738,-0.075579492,0.50232091,0.11910402,4.1189998,79.999979
71.459932,-1427.9577,-0.075821273,0.50253932,0.11941189,4.109611,79.999979
71.469932,-1425.5949,-0.075570306,0.50258305,0.11944967,4.1067269,79.999979
71.479932,-1426.5003,-0.076042832,0.5024111,0.11915397,4.1160956,79.999979
71.489932,-1425.1115,-0.075029694,0.50223915,0.11885826,4.1254644,79.999979
71.499932,-1425.7605,-0.074981305,0.5020672,0.11856255,4.1348331,79.999979
71.509932,-1426.9284,-0.074918793,0.50189524,0.11826685,4.1442019,79.999979
71.519932,-1426.9996,-0.075770534,0.50172329,0.11797114,4.1535706,79.999979
71.529932,-1424.4984,-0.076054007,0.50155134,0.11767543,4.1629394,79.999979
71.539932,-1425.6036,-0.076495308,0.50137939,0.11737973,4.1723081,79.999979
71.549932,-1425.6049,-0.076449563,0.50120743,0.11708402,4.1816769,79.999979
71.559932,-1426.0251,-0.076217415,0.50103548,0.11678831,4.1910456,79.999979
71.569932,-1426.2633,-0.075985267,0.50086353,0.11649261,4.2004144,79.999979
71.579932,-1423.0443,-0.076233896,0.50069158,0.1161969,4.2097831,79.999979
71.589932,-1425.383,-0.076731999,0.50051962,0.11590119,4.2191519,79.999979
71.599932,-1425.5985,-0.076439192,0.50034767,0.11560549,4.2285206,79.999979
71.609932,-1423.7973,-0.075617067,0.50017572,0.11530978,4.2378893,79.999979
71.619932,-1423.7729,-0.075106048,0.50000376,0.11501407,4.2472581,79.999979
71.629932,-1423.9248,-0.075645681,0.49983181,0.11471837,4.2566268,79.999979
71.639932,-1424.0266,-0.076061386,0.49965986,0.11442266,4.2659956,79.999979
71.649932,-1424.5257,-0.075619968,0.49995197,0.11427641,4.2742168,79.999979
71.659932,-1424.216,-0.07545871,0.50049829,0.11421204,4.2814815,79.999979
71.669932,-1423.1465,-0.075903469,0.50104462,0.11414767,4.2887461,79.999979
71.679932,-1425.2952,-0.076104314,0.50159095,0.1140833,4.2960108,79.999979
71.689932,-1425.2952,-0.076246295,0.50213728,0.11401893,4.3032754,79.999979
71.699932,-1423.2036,-0.075552017,0.50268361,0.11395455,4.31054,79.999979
71.709932,-1422.9082,-0.075805764,0.50322994,0.11389018,4.3178047,79.999979
71.719932,-1423.9669,-0.076023699,0.50377627,0.11382581,4.3250693,79.999979
71.729932,-1422.825,-0.075475086,0.5043226,0.11376144,4.332334,79.999979
71.739932,-1423.1091,-0.075864291,0.50486893,0.11369707,4.3395986,79.999979
71.749932,-1424.0562,-0.075755587,0.50541526,0.1136327,4.3468632,79.999979
71.759932,-1423.7428,-0.075557659,0.50596159,0.11356833,4.3541279,79.999979
71.769932,-1424.6442,-0.075632524,0.50650792,0.11350395,4.3613925,79.999979
71.779932,-1423.7327,-0.075776748,0.50705425,0.11343958,4.3686572,79.999979
71.789932,-1423.7242,-0.076285757,0.50760058,0.11337521,4.3759218,79.999979
71.799932,-1424.4375,-0.07557106,0.50793374,0.11348041,4.3759798,79.999979
71.809932,-1424.9105,-0.075564631,0.50825477,0.11361758,4.3734613,79.999979
71.819932,-1421.7254,-0.07592151,0.50857581,0.11375475,4.3709429,79.999979
71.829931,-1422.0104,-0.075946032,0.50889684,0.11389192,4.3684244,79.999979
71.839931,-1423.7184,-0.076122759,0.50921787,0.11402909,4.365906,79.999979
71.849931,-1423.3195,-0.076022857,0.5095389,0.11416627,4.3633875,79.999979
71.859931,-1425.0286,-0.076175091,0.50985994,0.11430344,4.3608691,79.999979
71.869931,-1424.4641,-0.076184761,0.51018097,0.11444061,4.3583506,79.999979
71.879931,-1423.0823,-0.076209506,0.510502,0.11457778,4.3558322,79.999979
71.889931,-1424.3984,-0.075481483,0.51082303,0.11471495,4.3533137,79.999979
71.899931,-1423.8512,-0.076104489,0.51114406,0.11485212,4.3507953,79.999979
71.909931,-1422.3618,-0.076299637,0.5114651,0.11498929,4.3482768,79.999979
71.919931,-1425.5297,-0.075900298,0.51178613,0.11512646,4.3457583,79.999979
71.929931,-1423.0432,-0.076820344,0.51210716,0.11526363,4.3432399,79.999979
71.939931,-1422.1404,-0.076110672,0.51242819,0.1154008,4.3407214,79.999979
71.949931,-1423.81,-0.075417804,0.51274923,0.11553798,4.338203,79.999979
71.959931,-1422.7299,-0.075611296,0.51277368,0.11563317,4.3351865,79.999979
71.969931,-1422.5519,-0.075706362,0.51193723,0.11560651,4.3294806,79.999979
71.979931,-1424.3836,-0.075866202,0.51110079,0.11557984,4.3237747,79.999979
71.989931,-1422.7761,-0.076194283,0.51026434,0.11555318,4.3180687,79.999979
71.999931,-1423.5526,-0.075792688,0.5094279,0.11552652,4.3123628,79.999979
72.009931,-1423.5914,-0.076119818,0.50859145,0.11549985,4.3066568,79.999979
72.019931,-1423.8278,-0.07548796,0.50775501,0.11547319,4.3009509,79.999979
72.029931,-1424.4366,-0.074082329,0.50691856,0.11544653,4.295245,79.999979
72.039931,-1422.3418,-0.074916267,0.50608212,0.11541986,4.289539,79.999979
72.049931,-1423.9489,-0.076113691,0.50524567,0.1153932,4.2838331,79.999979
72.059931,-1423.838,-0.075669784,0.50440923,0.11536654,4.2781272,79.999979
72.069931,-1424.6477,-0.075208205,0.50357278,0.11533987,4.2724212,79.999979
72.079931,-1423.9116,-0.07582903,0.50273634,0.11531321,4.2667153,79.999979
72.089931,-1424,-0.076054525,0.50189989,0.11528655,4.2610093,79.999979
72.099931,-1424.0183,-0.07658522,0.50106345,0.11525988,4.2553034,79.999979
72.109931,-1423.2639,-0.076646587,0.500227,0.11523322,4.2495975,79.999979
72.119931,-1422.7301,-0.076646587,0.49968547,0.11522401,4.2438915,79.999979
72.129931,-1422.1964,-0.076646587,0.49942477,0.11524663,4.2381856,79.999979
72.139931,-1423.5006,-0.076244697,0.49916408,0.11526925,4.2347563,79.999979
72.149931,-1421.455,-0.076188721,0.49890339,0.11529187,4.2313637,79.999979
72.159931,-1423.282,-0.075279434,0.4986427,0.11531449,4.2279712,79.999979
72.169931,-1421.6775,-0.076702628,0.498382,0.1153371,4.2245786,79.999979
72.179931,-1422.7301,-0.076334589,0.49812131,0.11535972,4.221186,79.999979
72.189931,-1423.6153,-0.075597686,0.49786062,0.11538234,4.2177935,79.999979
72.199931,-1421.8384,-0.075754251,0.49759992,0.11540496,4.2144009,79.999979
72.209931,-1420.6688,-0.076021797,0.49733923,0.11542758,4.2110083,79.999979
72.219931,-1423.1403,-0.075514074,0.49707854,0.1154502,4.2076158,79.999979
72.229931,-1421.7194,-0.076815466,0.49681784,0.11547282,4.2042232,79.999979
72.239931,-1422.1161,-0.076354214,0.49655715,0.11549544,4.2008306,79.999979
72.249931,-1420.593,-0.076218684,0.49629646,0.11551806,4.1974381,79.999979
72.259931,-1419.9525,-0.075908935,0.49603576,0.11554067,4.1940455,79.999979
72.269931,-1421.772,-0.075583999,0.49577507,0.11556329,4.1906529,79.999979
72.279931,-1421.9309,-0.076365213,0.49546703,0.11545054,4.1899693,79.999979
72.289931,-1422.1956,-0.075277136,0.49498837,0.11484992,4.2096896,79.999979
72.299931,-1420.3277,-0.076629934,0.4945097,0.11424929,4.2294098,79.999979
72.309931,-1422.5779,-0.075839134,0.49403104,0.11364866,4.2491301,79.999979
72.319931,-1419.4119,-0.075791538,0.49355237,0.11304804,4.2688503,79.999979
72.329931,-1422.2698,-0.075259943,0.4930737,0.11244741,4.2885706,79.999979
72.339931,-1422.0189,-0.075935373,0.49259504,0.11184678,4.3082908,79.999979
72.349931,-1420.1684,-0.07592808,0.49211637,0.11124616,4.3280111,79.999979
72.359931,-1421.6111,-0.076565102,0.4916377,0.11064553,4.3477313,79.999979
72.369931,-1421.8881,-0.076668252,0.49115904,0.11004491,4.3674515,79.999979
72.379931,-1419.3171,-0.076631625,0.49068037,0.10944428,4.3871718,79.999979
72.389931,-1419.8514,-0.076288941,0.49020171,0.10884365,4.406892,79.999979
72.399931,-1420.8693,-0.076704757,0.48972304,0.10824303,4.4266123,79.999979
72.409931,-1421.7104,-0.075532041,0.48924437,0.1076424,4.4463325,79.999979
72.419931,-1417.9186,-0.075171,0.48876571,0.10704177,4.4660528,79.999979
72.429931,-1418.4165,-0.076128867,0.48839676,0.10644115,4.485773,79.999979
72.439931,-1417.5434,-0.076450669,0.48899085,0.10677655,4.4802925,79.999979
72.449931,-1418.8279,-0.075776821,0.48958494,0.10711374,4.4717766,79.999979
72.459931,-1417.1751,-0.076117734,0.49017902,0.10745093,4.4632607,79.999979
72.469931,-1418.5401,-0.076738126,0.49077311,0.10778813,4.4547447,79.999979
72.479931,-1419.1066,-0.076516696,0.49136719,0.10812532,4.4462288,79.999979
72.489931,-1412.9646,-0.07641152,0.49196128,0.10846251,4.4377128,79.999979
72.499931,-1409.7607,-0.075972919,0.49255536,0.1087997,4.4291969,79.999979
72.509931,-1411.3646,-0.076763843,0.49314945,0.1091369,4.420681,79.999979
72.519931,-1411.7355,-0.07635728,0.49374353,0.10947409,4.412165,79.999979
72.529931,-1410.3174,-0.076238398,0.49433762,0.10981128,4.4036491,79.999979
72.539931,-1409.9295,-0.076195779,0.49493171,0.11014847,4.3951331,79.999979
72.549931,-1409.0067,-0.076406411,0.49552579,0.11048567,4.3866172,79.999979
72.559931,-1411.9107,-0.075582523,0.49611988,0.11082286,4.3781012,79.999979
72.569931,-1410.7234,-0.076605566,0.49671396,0.11116005,4.3695853,79.999979
72.579931,-1410.0821,-0.076992928,0.49730805,0.11149724,4.3610694,79.999979
72.589931,-1410.0821,-0.077136816,0.49790213,0.11183444,4.3525534,79.999979
72.599931,-1410.4338,-0.076024424,0.49849622,0.11217163,4.3440375,79.999979
72.609931,-1410.6679,-0.076232414,0.49913442,0.11228535,4.3450154,79.999979
72.619931,-1412.1201,-0.075896271,0.49982474,0.1120718,4.3598968,79.999979
72.629931,-1411.0861,-0.075410392,0.50051506,0.11185825,4.3747782,79.999979
72.639931,-1410.576,-0.076146484,0.50120539,0.1116447,4.3896597,79.999979
72.649931,-1409.2369,-0.075862091,0.50189571,0.11143115,4.4045411,79.999979
72.659931,-1409.5958,-0.076129714,0.50258603,0.1112176,4.4194226,79.999979
72.669931,-1410.3736,-0.076108659,0.50327636,0.11100404,4.434304,79.999979
72.679931,-1409.1525,-0.07588881,0.50396668,0.11079049,4.4491854,79.999979
72.689931,-1408.7691,-0.076320112,0.50465701,0.11057694,4.4640669,79.999979
72.699931,-1409.2198,-0.076319787,0.50534733,0.11036339,4.4789483,79.999979
72.709931,-1407.4122,-0.07629985,0.50603765,0.11014984,4.4938298,79.999979
72.719931,-1406.993,-0.076749361,0.50672798,0.10993629,4.5087112,79.999979
72.729931,-1409.4036,-0.07672103,0.5074183,0.10972274,4.5235926,79.999979
72.739931,-1408.823,-0.076072812,0.50810862,0.10950919,4.5384741,79.999979
72.749931,-1410.0254,-0.075404961,0.50879895,0.10929564,4.5533555,79.999979
72.759931,-1408.5373,-0.075624011,0.50875713,0.10927617,4.5587457,79.999979
72.769931,-1408.0591,-0.075600627,0.50794891,0.10956861,4.5396169,79.999979
72.779931,-1406.7777,-0.075470541,0.5071407,0.10986105,4.520488,79.999979
72.789931,-1409.9107,-0.076714877,0.50633248,0.11015349,4.5013592,79.999979
72.799931,-1407.7649,-0.075305538,0.50552426,0.11044593,4.4822303,79.999979
72.809931,-1406.358,-0.076559582,0.50471605,0.11073837,4.4631015,79.999979
72.819931,-1408.2402,-0.076972892,0.50390783,0.11103081,4.4439726,79.999979
72.829931,-1405.7731,-0.076462954,0.50309961,0.11132325,4.4248438,79.999979
72.839931,-1405.7731,-0.076110235,0.5022914,0.11161569,4.4057149,79.999979
72.849931,-1406.2964,-0.075610821,0.50148318,0.11190813,4.3865861,79.999979
72.859931,-1408.0049,-0.076336319,0.50067496,0.11220057,4.3674572,79.999979
72.869931,-1405.8917,-0.075743373,0.49986675,0.11249301,4.3483284,79.999979
72.87993,-1407.6585,-0.076258073,0.49905853,0.11278545,4.3291995,79.999979
72.88993,-1408.1898,-0.07623282,0.49825031,0.11307789,4.3100707,79.999979
72.89993,-1408.1898,-0.076207567,0.4974421,0.11337033,4.2909418,79.999979
72.90993,-1406.9449,-0.077072938,0.49663388,0.11366277,4.271813,79.999979
72.91993,-1407.3342,-0.076447483,0.49582566,0.11395521,4.2526841,79.999979
72.92993,-1406.714,-0.076314886,0.49550175,0.11414967,4.2416241,79.999979
72.93993,-1407.0545,-0.076651242,0.49524673,0.11432153,4.2331129,79.999979
72.94993,-1407.5109,-0.075945967,0.49499171,0.11449339,4.2246017,79.999979
72.95993,-1408.0887,-0.076344914,0.4947367,0.11466526,4.2160906,79.999979
72.96993,-1408.0975,-0.075996838,0.49448168,0.11483712,4.2075794,79.999979
72.97993,-1407.1535,-0.076570613,0.49422667,0.11500898,4.1990683,79.999979
72.98993,-1405.7023,-0.076040419,0.49397165,0.11518085,4.1905571,79.999979
72.99993,-1408.1166,-0.076186169,0.49371663,0.11535271,4.182046,79.999979
73.00993,-1405.2985,-0.077303982,0.49346162,0.11552458,4.1735348,79.999979
73.01993,-1405.9372,-0.076486968,0.4932066,0.11569644,4.1650236,79.999979
73.02993,-1406.6289,-0.076049307,0.49295159,0.1158683,4.1565125,79.999979
73.03993,-1407.0822,-0.076390271,0.49269657,0.11604017,4.1480013,79.999979
73.04993,-1405.303,-0.076126273,0.49244155,0.11621203,4.1394902,79.999979
73.05993,-1408.34,-0.075684218,0.49218654,0.11638389,4.130979,79.999979
73.06993,-1405.8095,-0.075737494,0.49193152,0.11655576,4.1224679,79.999979
73.07993,-1406.1814,-0.07564497,0.49167651,0.11672762,4.1139567,79.999979
73.08993,-1404.9945,-0.075562203,0.49142149,0.11689949,4.1054455,79.999979
73.09993,-1406.8859,-0.076468498,0.49133587,0.11693821,4.1014912,79.999979
73.10993,-1405.8956,-0.075638833,0.49128702,0.11668116,4.1105324,79.999979
73.11993,-1407.5064,-0.076445574,0.49123817,0.11642411,4.1195737,79.999979
73.12993,-1406.9136,-0.076567901,0.49118932,0.11616706,4.1286149,79.999979
73.13993,-1407.5192,-0.075365813,0.49114048,0.11591001,4.1376561,79.999979
73.14993,-1406.0276,-0.075365813,0.49109163,0.11565296,4.1466973,79.999979
73.15993,-1405.4153,-0.075835208,0.49104278,0.11539591,4.1557385,79.999979
73.16993,-1407.8184,-0.076090681,0.49099393,0.11513886,4.1647797,79.999979
73.17993,-1407.6924,-0.075928894,0.49094508,0.11488181,4.173821,79.999979
73.18993,-1406.9798,-0.07673644,0.49089624,0.11462476,4.1828622,79.999979
73.19993,-1406.6423,-0.076276211,0.49084739,0.11436771,4.1919034,79.999979
73.20993,-1406.1166,-0.076252209,0.49079854,0.11411066,4.2009446,79.999979
73.21993,-1405.8672,-0.076159596,0.49074969,0.11385361,4.2099858,79.999979
73.22993,-1407.2975,-0.076636686,0.49070085,0.11359656,4.219027,79.999979
73.23993,-1407.1462,-0.076574031,0.49080404,0.11339753,4.227461,79.999979
73.24993,-1406.7811,-0.077190561,0.49125027,0.11343015,4.2301568,79.999979
73.25993,-1406.9999,-0.076591074,0.4916965,0.11346276,4.2328526,79.999979
73.26993,-1406.0331,-0.076647315,0.49214273,0.11349537,4.2355485,79.999979
73.27993,-1405.1907,-0.076942318,0.49258896,0.11352798,4.2382443,79.999979
73.28993,-1406.4001,-0.076149653,0.49303519,0.1135606,4.2409401,79.999979
73.29993,-1405.5052,-0.076228371,0.49348142,0.11359321,4.2436359,79.999979
73.30993,-1404.6735,-0.076010806,0.49392766,0.11362582,4.2463318,79.999979
73.31993,-1405.4131,-0.076023384,0.49437389,0.11365844,4.2490276,79.999979
73.32993,-1404.2641,-0.076433568,0.49482012,0.11369105,4.2517234,79.999979
73.33993,-1404.1935,-0.0766591,0.49526635,0.11372366,4.2544192,79.999979
73.34993,-1403.9556,-0.076071244,0.49571258,0.11375627,4.257115,79.999979
73.35993,-1404.778,-0.076218751,0.49615881,0.11378889,4.2598109,79.999979
73.36993,-1404.5827,-0.077301058,0.49660504,0.1138215,4.2625067,79.999979
73.37993,-1403.9385,-0.076410951,0.49705127,0.11385411,4.2652025,79.999979
73.38993,-1403.2313,-0.076811988,0.4974975,0.11388673,4.2678983,79.999979
73.39993,-1403.0844,-0.077292126,0.49794373,0.11391934,4.2705942,79.999979
73.40993,-1404.0645,-0.076679829,0.4984648,0.11394531,4.2738582,79.999979
73.41993,-1404.2365,-0.076006816,0.49930405,0.11390455,4.2828319,79.999979
73.42993,-1403.9132,-0.076937222,0.50014331,0.11386379,4.2918057,79.999979
73.43993,-1402.0068,-0.077156884,0.50098257,0.11382303,4.3007795,79.999979
73.44993,-1402.1745,-0.076882715,0.50182183,0.11378227,4.3097533,79.999979
73.45993,-1402.3422,-0.076608545,0.50266109,0.11374151,4.318727,79.999979
73.46993,-1402.5099,-0.076334376,0.50350035,0.11370075,4.3277008,79.999979
73.47993,-1404.5798,-0.076329359,0.5043396,0.11365999,4.3366746,79.999979
73.48993,-1404.3026,-0.076153688,0.50517886,0.11361923,4.3456484,79.999979
73.49993,-1404.3262,-0.076030459,0.50601812,0.11357847,4.3546221,79.999979
73.50993,-1403.2153,-0.076732936,0.50685738,0.11353771,4.3635959,79.999979
73.51993,-1403.5396,-0.076357396,0.50769664,0.11349695,4.3725697,79.999979
73.52993,-1403.1052,-0.075994724,0.5085359,0.11345619,4.3815435,79.999979
73.53993,-1401.6514,-0.075490929,0.50937515,0.11341543,4.3905173,79.999979
73.54993,-1402.4796,-0.076454841,0.51021441,0.11337467,4.399491,79.999979
73.55993,-1401.2286,-0.077065441,0.51105367,0.11333391,4.4084648,79.999979
73.56993,-1403.5279,-0.076394137,0.51156885,0.11323987,4.4175718,79.999979
73.57993,-1402.4307,-0.077028184,0.51053139,0.11275087,4.4285773,79.999979
73.58993,-1403.7165,-0.076221534,0.50949394,0.11226186,4.4395827,79.999979
73.59993,-1401.6313,-0.076698187,0.50845649,0.11177286,4.4505881,79.999979
73.60993,-1402.0681,-0.076798637,0.50741904,0.11128386,4.4615935,79.999979
73.61993,-1403.6455,-0.076307479,0.50638158,0.11079486,4.4725989,79.999979
73.62993,-1401.1939,-0.075448558,0.50534413,0.11030586,4.4836043,79.999979
73.63993,-1402.1835,-0.075885658,0.50430668,0.10981685,4.4946098,79.999979
73.64993,-1402.8749,-0.076322758,0.50326923,0.10932785,4.5056152,79.999979
73.65993,-1401.0508,-0.076751071,0.50223177,0.10883885,4.5166206,79.999979
73.66993,-1402.4863,-0.076942927,0.50119432,0.10834985,4.527626,79.999979
73.67993,-1401.9596,-0.076576351,0.50015687,0.10786084,4.5386314,79.999979
73.68993,-1401.6159,-0.075176631,0.49911942,0.10737184,4.5496368,79.999979
73.69993,-1401.802,-0.075314088,0.49808196,0.10688284,4.5606423,79.999979
73.70993,-1402.7452,-0.076196135,0.49704451,0.10639384,4.5716477,79.999979
73.71993,-1401.9249,-0.075427393,0.49600706,0.10590483,4.5826531,79.999979
73.72993,-1402.9625,-0.076568724,0.49603567,0.10579265,4.5884615,79.999979
73.73993,-1404.1487,-0.075333257,0.49647013,0.10582392,4.5911445,79.999979
73.74993,-1402.2079,-0.076681368,0.4969046,0.10585519,4.5938276,79.999979
73.75993,-1403.8178,-0.076621833,0.49733906,0.10588646,4.5965106,79.999979
73.76993,-1403.4203,-0.07658094,0.49777353,0.10591773,4.5991936,79.999979
73.77993,-1403.6001,-0.076620315,0.49820799,0.105949,4.6018767,79.999979
73.78993,-1403.5461,-0.078161165,0.49864246,0.10598027,4.6045597,79.999979
73.79993,-1404.6931,-0.075945261,0.49907692,0.10601154,4.6072428,79.999979
73.80993,-1403.4889,-0.076551052,0.49951139,0.10604281,4.6099258,79.999979
73.81993,-1403.4736,-0.076481209,0.49994585,0.10607408,4.6126088,79.999979
73.82993,-1404.9479,-0.076481209,0.50038032,0.10610536,4.6152919,79.999979
73.83993,-1403.7995,-0.075882215,0.50081478,0.10613663,4.6179749,79.999979
73.84993,-1405.1261,-0.075240865,0.50124925,0.1061679,4.620658,79.999979
73.85993,-1404.8896,-0.076039271,0.50168371,0.10619917,4.623341,79.999979
73.86993,-1403.7165,-0.07651663,0.50211818,0.10623044,4.626024,79.999979
73.87993,-1404.4355,-0.07686089,0.50255264,0.10626171,4.6287071,79.999979
73.88993,-1403.8467,-0.076872879,0.50232113,0.10667595,4.6132767,79.999979
73.89993,-1404.7806,-0.076782493,0.50195875,0.10722836,4.5874412,79.999979
73.90993,-1405.2157,-0.076708922,0.50159636,0.10778078,4.5616058,79.999979
73.91993,-1404.4519,-0.077163907,0.50123398,0.1083332,4.5357703,79.999979
73.929929,-1403.4827,-0.075416593,0.50087159,0.10888561,4.5099349,79.999979
73.939929,-1405.9106,-0.076086646,0.50050921,0.10943803,4.4840994,79.999979
73.949929,-1405.5521,-0.076395775,0.50014682,0.10999045,4.458264,79.999979
73.959929,-1405.5521,-0.076550528,0.49978443,0.11054286,4.4324285,79.999979
73.969929,-1404.6565,-0.077290709,0.49942205,0.11109528,4.4065931,79.999979
73.979929,-1403.3176,-0.07561214,0.49905966,0.1116477,4.3807576,79.999979
73.989929,-1406.3366,-0.076174808,0.49869728,0.11220011,4.3549222,79.999979
73.999929,-1405.1035,-0.075733912,0.49833489,0.11275253,4.3290867,79.999979
74.009929,-1403.818,-0.076240001,0.4979725,0.11330494,4.3032512,79.999979
74.019929,-1404.8061,-0.076619004,0.49761012,0.11385736,4.2774158,79.999979
74.029929,-1405.1405,-0.076722808,0.49724773,0.11440978,4.2515803,79.999979
74.039929,-1406.4466,-0.076560121,0.49688535,0.11496219,4.2257449,79.999979
74.049929,-1405.7772,-0.076754535,0.49651328,0.11551461,4.1999094,79.999979
74.059929,-1405.3613,-0.076192606,0.49590093,0.11514861,4.2068937,79.999979
74.069929,-1403.5093,-0.076608054,0.49528859,0.11477016,4.2161771,79.999979
74.079929,-1404.4072,-0.076454495,0.49467625,0.11439171,4.2254606,79.999979
74.089929,-1405.405,-0.07644152,0.49406391,0.11401326,4.2347441,79.999979
74.099929,-1406.3463,-0.07622292,0.49345157,0.11363481,4.2440275,79.999979
74.109929,-1404.5296,-0.076816454,0.49283922,0.11325636,4.253311,79.999979
74.119929,-1404.478,-0.076440728,0.49222688,0.11287791,4.2625944,79.999979
74.129929,-1403.4742,-0.077186723,0.49161454,0.11249946,4.2718779,79.999979
74.139929,-1404.3504,-0.076014974,0.4910022,0.11212101,4.2811614,79.999979
74.149929,-1405.2267,-0.076014974,0.49038986,0.11174256,4.2904448,79.999979
74.159929,-1404.7984,-0.075954737,0.48977752,0.11136411,4.2997283,79.999979
74.169929,-1405.0158,-0.076271405,0.48916517,0.11098566,4.3090117,79.999979
74.179929,-1406.2825,-0.076316158,0.48855283,0.11060721,4.3182952,79.999979
74.189929,-1404.6109,-0.077021848,0.48794049,0.11022876,4.3275787,79.999979
74.199929,-1405.5402,-0.0761978,0.48732815,0.1098503,4.3368621,79.999979
74.209929,-1404.8863,-0.076416519,0.48671581,0.10947185,4.3461456,79.999979
74.219929,-1405.602,-0.076531756,0.48610346,0.1090934,4.355429,79.999979
74.229929,-1405.1916,-0.076374509,0.48705781,0.10941218,4.3521479,79.999979
74.239929,-1406.6648,-0.076532377,0.48822573,0.10982601,4.3462683,79.999979
74.249929,-1405.6465,-0.075398993,0.48939365,0.11023984,4.3403886,79.999979
74.259929,-1407.7378,-0.076047716,0.49056158,0.11065367,4.3345089,79.999979
74.269929,-1407.6837,-0.076779725,0.4917295,0.11106751,4.3286292,79.999979
74.279929,-1406.2586,-0.07679063,0.49289742,0.11148134,4.3227495,79.999979
74.289929,-1406.849,-0.076707683,0.49406535,0.11189517,4.3168698,79.999979
74.299929,-1408.2078,-0.076668612,0.49523327,0.112309,4.3109901,79.999979
74.309929,-1405.334,-0.0777776,0.49640119,0.11272283,4.3051105,79.999979
74.319929,-1408.0665,-0.075335868,0.49756912,0.11313666,4.2992308,79.999979
74.329929,-1405.4928,-0.075313759,0.49873704,0.11355049,4.2933511,79.999979
74.339929,-1406.3983,-0.07598438,0.49990497,0.11396432,4.2874714,79.999979
74.349929,-1407.1464,-0.076451228,0.50107289,0.11437815,4.2815917,79.999979
74.359929,-1407.5678,-0.075499103,0.50224081,0.11479198,4.275712,79.999979
74.369929,-1405.8727,-0.076405652,0.50273684,0.11494789,4.2734343,79.999979
74.379929,-1408.8145,-0.076773782,0.50212024,0.11467669,4.2786275,79.999979
74.389929,-1407.5582,-0.07581805,0.50150364,0.11440549,4.2838207,79.999979
74.399929,-1408.0813,-0.07589028,0.50088704,0.11413429,4.2890139,79.999979
74.409929,-1407.8381,-0.075860411,0.50027044,0.11386309,4.2942071,79.999979
74.419929,-1409.0573,-0.075252625,0.49965384,0.11359189,4.2994003,79.999979
74.429929,-1407.2471,-0.076361639,0.49903723,0.11332068,4.3045935,79.999979
74.439929,-1409.3669,-0.076999271,0.49842063,0.11304948,4.3097867,79.999979
74.449929,-1409.3615,-0.075430652,0.49780403,0.11277828,4.3149799,79.999979
74.459929,-1409.0648,-0.07550167,0.49718743,0.11250708,4.3201731,79.999979
74.469929,-1408.6282,-0.076165552,0.49657083,0.11223588,4.3253663,79.999979
74.479929,-1408.746,-0.076056083,0.49595423,0.11196468,4.3305595,79.999979
74.489929,-1410.6265,-0.076296119,0.49533763,0.11169348,4.3357527,79.999979
74.499929,-1410.984,-0.075491369,0.49472102,0.11142228,4.3409459,79.999979
74.509929,-1409.7945,-0.075999779,0.49410442,0.11115108,4.3461391,79.999979
74.519929,-1408.9012,-0.076175067,0.49348782,0.11087988,4.3513323,79.999979
74.529929,-1410.3172,-0.076578496,0.49287122,0.11060868,4.3565254,79.999979
74.539929,-1411.2485,-0.075825972,0.49225462,0.11033748,4.3617186,79.999979
74.549929,-1412.0216,-0.07658024,0.49193983,0.11043839,4.3548978,79.999979
74.559929,-1410.297,-0.076224642,0.49174051,0.11072253,4.3421616,79.999979
74.569929,-1409.5078,-0.075169814,0.49154119,0.11100666,4.3294254,79.999979
74.579929,-1411.225,-0.07531847,0.49134187,0.1112908,4.3166892,79.999979
74.589929,-1410.4628,-0.07557028,0.49114255,0.11157493,4.3039531,79.999979
74.599929,-1411.7731,-0.075411929,0.49094322,0.11185907,4.2912169,79.999979
74.609929,-1411.1124,-0.075641312,0.4907439,0.11214321,4.2784807,79.999979
74.619929,-1411.2978,-0.075121027,0.49054458,0.11242734,4.2657445,79.999979
74.629929,-1408.9566,-0.076055172,0.49034526,0.11271148,4.2530083,79.999979
74.639929,-1410.3118,-0.076124538,0.49014594,0.11299561,4.2402722,79.999979
74.649929,-1410.7791,-0.07593786,0.48994662,0.11327975,4.227536,79.999979
74.659929,-1411.138,-0.076045763,0.48974729,0.11356388,4.2147998,79.999979
74.669929,-1410.7719,-0.07651017,0.48954797,0.11384802,4.2020636,79.999979
74.679929,-1411.1258,-0.076822358,0.48934865,0.11413215,4.1893274,79.999979
74.689929,-1408.7741,-0.076349605,0.48947352,0.11431208,4.181057,79.999979
74.699929,-1410.9464,-0.075969018,0.48994961,0.11431763,4.1850358,79.999979
74.709929,-1411.4444,-0.075728281,0.49042571,0.11432318,4.1890145,79.999979
74.719929,-1412.2584,-0.076234825,0.4909018,0.11432874,4.1929932,79.999979
74.729929,-1410.1002,-0.075317094,0.4913779,0.11433429,4.196972,79.999979
74.739929,-1409.2053,-0.076973075,0.49185399,0.11433985,4.2009507,79.999979
74.749929,-1409.2831,-0.0761446,0.49233009,0.1143454,4.2049295,79.999979
74.759929,-1410.6782,-0.076185022,0.49280618,0.11435095,4.2089082,79.999979
74.769929,-1410.7917,-0.076587813,0.49328228,0.11435651,4.212887,79.999979
74.779929,-1409.9555,-0.075910411,0.49375838,0.11436206,4.2168657,79.999979
74.789929,-1411.5292,-0.075906073,0.49423447,0.11436761,4.2208444,79.999979
74.799929,-1410.5658,-0.077161695,0.49471057,0.11437317,4.2248232,79.999979
74.809929,-1409.4793,-0.075744987,0.49518666,0.11437872,4.2288019,79.999979
74.819929,-1410.6823,-0.076156335,0.49566276,0.11438427,4.2327807,79.999979
74.829929,-1408.7576,-0.0760225,0.49613885,0.11438983,4.2367594,79.999979
74.839929,-1410.7354,-0.076611332,0.49661495,0.11439538,4.2407382,79.999979
74.849929,-1411.3088,-0.076627014,0.49709104,0.11440094,4.2447169,79.999979
74.859929,-1412.0765,-0.076625447,0.49756714,0.11440649,4.2486956,79.999979
74.869929,-1411.9606,-0.076155984,0.49802112,0.11404829,4.2673148,79.999979
74.879929,-1410.5621,-0.075766044,0.49847052,0.11355417,4.291405,79.999979
74.889929,-1411.6631,-0.077310095,0.49891991,0.11306004,4.3154952,79.999979
74.899929,-1411.6631,-0.076432561,0.49936931,0.11256591,4.3395854,79.999979
74.909929,-1411.2775,-0.076432782,0.4998187,0.11207178,4.3636756,79.999979
74.919929,-1410.0411,-0.076092713,0.5002681,0.11157766,4.3877657,79.999979
74.929929,-1411.9272,-0.076473539,0.50071749,0.11108353,4.4118559,79.999979
74.939929,-1410.4132,-0.075088734,0.50116689,0.1105894,4.4359461,79.999979
74.949929,-1410.0348,-0.076069692,0.50161628,0.11009527,4.4600363,79.999979
74.959929,-1409.5658,-0.075667441,0.50206568,0.10960115,4.4841265,79.999979
74.969929,-1408.9715,-0.076163316,0.50251507,0.10910702,4.5082167,79.999979
74.979928,-1410.7472,-0.07550835,0.50296446,0.10861289,4.5323069,79.999979
74.989928,-1412.9616,-0.076328941,0.50341386,0.10811876,4.5563971,79.999979
74.999928,-1411.3092,-0.076077429,0.50386325,0.10762464,4.5804873,79.999979
75.009928,-1411.3438,-0.076156106,0.50431265,0.10713051,4.6045774,79.999979
75.019928,-1411.128,-0.076701471,0.50442342,0.10663638,4.6286676,79.999979
75.029928,-1410.9519,-0.077246836,0.5044442,0.10643148,4.6398221,79.999979
75.039928,-1410.5846,-0.076630928,0.50446498,0.10695276,4.6184981,79.999979
75.049928,-1411.836,-0.077202557,0.50448576,0.10747403,4.597174,79.999979
75.059928,-1410.69,-0.075506566,0.50450654,0.10799531,4.57585,79.999979
75.069928,-1411.8907,-0.07602116,0.50452732,0.10851659,4.554526,79.999979
75.079928,-1410.8322,-0.075416502,0.5045481,0.10903786,4.533202,79.999979
75.089928,-1409.2652,-0.074061853,0.50456889,0.10955914,4.511878,79.999979
75.099928,-1411.2529,-0.075779799,0.50458967,0.11008042,4.4905539,79.999979
75.109928,-1412.3927,-0.076715601,0.50461045,0.11060169,4.4692299,79.999979
75.119928,-1410.4772,-0.076646952,0.50463123,0.11112297,4.4479059,79.999979
75.129928,-1413.1289,-0.075898948,0.50465201,0.11164425,4.4265819,79.999979
75.139928,-1411.398,-0.076329947,0.50467279,0.11216553,4.4052578,79.999979
75.149928,-1409.6671,-0.076329947,0.50469357,0.1126868,4.3839338,79.999979
75.159928,-1411.3895,-0.075468839,0.50471435,0.11320808,4.3626098,79.999979
75.169928,-1411.7707,-0.075831968,0.5047354,0.11372692,4.3412858,79.999979
75.179928,-1411.7305,-0.076744723,0.5047968,0.1138702,4.3338988,79.999979
75.189928,-1412.3166,-0.075892437,0.5048582,0.11401347,4.3289112,79.999979
75.199928,-1410.9278,-0.076616707,0.5049196,0.11415675,4.3239235,79.999979
75.209928,-1410.9278,-0.076640215,0.50498101,0.11430002,4.3189358,79.999979
75.219928,-1411.4829,-0.075773074,0.50504241,0.11444329,4.3139481,79.999979
75.229928,-1411.0734,-0.076875256,0.50510381,0.11458657,4.3089604,79.999979
75.239928,-1411.9666,-0.075589975,0.50516522,0.11472984,4.3039727,79.999979
75.249928,-1410.7271,-0.075670937,0.50522662,0.11487312,4.2989851,79.999979
75.259928,-1412.4129,-0.075852382,0.50528802,0.11501639,4.2939974,79.999979
75.269928,-1411.8161,-0.076080854,0.50534942,0.11515967,4.2890097,79.999979
75.279928,-1411.4562,-0.07629897,0.50541083,0.11530294,4.284022,79.999979
75.289928,-1410.9778,-0.076338282,0.50547223,0.11544621,4.2790343,79.999979
75.299928,-1410.9396,-0.076140662,0.50553363,0.11558949,4.2740466,79.999979
75.309928,-1412.3081,-0.076242631,0.50559504,0.11573276,4.2690589,79.999979
75.319928,-1411.0424,-0.075627222,0.50565644,0.11587604,4.2640713,79.999979
75.329928,-1412.4919,-0.076515254,0.50571784,0.11601931,4.2590836,79.999979
75.339928,-1413.4049,-0.077366535,0.50577924,0.11616259,4.2540959,79.999979
75.349928,-1410.8994,-0.075247261,0.50591895,0.11636307,4.2477294,79.999979
75.359928,-1410.719,-0.07631005,0.50614254,0.11665577,4.2391407,79.999979
75.369928,-1412.729,-0.076158203,0.50636614,0.11694847,4.230552,79.999979
75.379928,-1412.4184,-0.076304702,0.50658973,0.11724116,4.2219634,79.999979
75.389928,-1412.606,-0.076190918,0.50681332,0.11753386,4.2133747,79.999979
75.399928,-1412.9118,-0.076033532,0.50703691,0.11782656,4.204786,79.999979
75.409928,-1412.9338,-0.076230544,0.5072605,0.11811926,4.1961973,79.999979
75.419928,-1410.0138,-0.076903134,0.50748409,0.11841195,4.1876086,79.999979
75.429928,-1413.4911,-0.075983503,0.50770768,0.11870465,4.17902,79.999979
75.439928,-1411.9222,-0.075519447,0.50793127,0.11899735,4.1704313,79.999979
75.449928,-1412.793,-0.075407759,0.50815486,0.11929004,4.1618426,79.999979
75.459928,-1413.4467,-0.075296072,0.50837845,0.11958274,4.1532539,79.999979
75.469928,-1411.6973,-0.076711227,0.50860204,0.11987544,4.1446653,79.999979
75.479928,-1411.904,-0.076301436,0.50882563,0.12016814,4.1360766,79.999979
75.489928,-1413.0285,-0.076668197,0.50904922,0.12046083,4.1274879,79.999979
75.499928,-1411.8778,-0.076047963,0.50836765,0.12013967,4.130658,79.999979
75.509928,-1412.8041,-0.075602967,0.50767052,0.11977307,4.1381642,79.999979
75.519928,-1413.4701,-0.075242324,0.50697338,0.11940648,4.1456705,79.999979
75.529928,-1413.7965,-0.075735096,0.50627625,0.11903989,4.1531768,79.999979
75.539928,-1413.3914,-0.076841829,0.50557912,0.1186733,4.160683,79.999979
75.549928,-1411.8532,-0.076405921,0.50488198,0.11830671,4.1681893,79.999979
75.559928,-1412.1285,-0.074570849,0.50418485,0.11794011,4.1756956,79.999979
75.569928,-1412.762,-0.076099192,0.50348771,0.11757352,4.1832018,79.999979
75.579928,-1412.3969,-0.076514736,0.50279058,0.11720693,4.1907081,79.999979
75.589928,-1413.046,-0.076203883,0.50209345,0.11684034,4.1982144,79.999979
75.599928,-1413.5229,-0.076646368,0.50139631,0.11647374,4.2057206,79.999979
75.609928,-1412.881,-0.075415016,0.50069918,0.11610715,4.2132269,79.999979
75.619928,-1410.7978,-0.076008162,0.50000205,0.11574056,4.2207331,79.999979
75.629928,-1412.5896,-0.076331124,0.49930491,0.11537397,4.2282394,79.999979
75.639928,-1412.5703,-0.075959967,0.49860778,0.11500738,4.2357457,79.999979
75.649928,-1413.8327,-0.075495253,0.49791065,0.11464078,4.2432519,79.999979
75.659928,-1412.4881,-0.075984536,0.49721351,0.11427419,4.2507582,79.999979
75.669928,-1413.244,-0.075449054,0.49733683,0.11437812,4.2487312,79.999979
75.679928,-1411.7297,-0.075528348,0.49772785,0.11463557,4.2426472,79.999979
75.689928,-1413.0829,-0.075925196,0.49811888,0.11489303,4.2365632,79.999979
75.699928,-1414.1007,-0.076505175,0.49850991,0.11515049,4.2304793,79.999979
75.709928,-1413.8734,-0.076923373,0.49890094,0.11540795,4.2243953,79.999979
75.719928,-1412.75,-0.074895333,0.49929197,0.11566541,4.2183113,79.999979
75.729928,-1411.4803,-0.077266084,0.499683,0.11592286,4.2122273,79.999979
75.739928,-1411.6362,-0.075791973,0.50007402,0.11618032,4.2061433,79.999979
75.749928,-1413.7608,-0.076958647,0.50046505,0.11643778,4.2000593,79.999979
75.759928,-1414.2467,-0.076773206,0.50085608,0.11669524,4.1939753,79.999979
75.769928,-1412.8463,-0.076587764,0.50124711,0.1169527,4.1878913,79.999979
75.779928,-1411.6147,-0.075428357,0.50163814,0.11721015,4.1818073,79.999979
75.789928,-1413.3272,-0.07544237,0.50202916,0.11746761,4.1757233,79.999979
75.799928,-1412.5663,-0.075491916,0.50242019,0.11772507,4.1696393,79.999979
75.809928,-1410.828,-0.076081513,0.50281122,0.11798253,4.1635554,79.999979
75.819928,-1411.3559,-0.075952923,0.50303217,0.11823999,4.1574714,79.999979
75.829928,-1411.8837,-0.075822806,0.50256227,0.11803738,4.1513874,79.999979
75.839928,-1414.0703,-0.075349042,0.50209236,0.11717151,4.1722621,79.999979
75.849928,-1412.5797,-0.076200743,0.50162246,0.11630564,4.203869,79.999979
75.859928,-1410.8929,-0.076215937,0.50115256,0.11543976,4.2354759,79.999979
75.869928,-1413.616,-0.075383685,0.50068265,0.11457389,4.2670829,79.999979
75.879928,-1411.8077,-0.07595415,0.50021275,0.11370802,4.2986898,79.999979
75.889928,-1412.9334,-0.076406532,0.49974285,0.11284215,4.3302967,79.999979
75.899928,-1410.1665,-0.076299039,0.49927295,0.11197628,4.3619037,79.999979
75.909928,-1411.2376,-0.076073888,0.49880304,0.11111041,4.3935106,79.999979
75.919928,-1412.143,-0.076264674,0.49833314,0.11024454,4.4251175,79.999979
75.929928,-1411.9399,-0.075933218,0.49786324,0.10937867,4.4567245,79.999979
75.939928,-1410.8672,-0.076115456,0.49739333,0.1085128,4.4883314,79.999979
75.949928,-1410.2869,-0.076215124,0.49692343,0.10764693,4.5199383,79.999979
75.959928,-1410.3793,-0.07627332,0.49645353,0.10678106,4.5515453,79.999979
75.969928,-1411.9031,-0.075403163,0.49598362,0.10591518,4.5831522,79.999979
75.979928,-1412.7079,-0.076197461,0.49589769,0.10544155,4.6041272,79.999979
75.989928,-1411.5928,-0.075888888,0.49656056,0.10594686,4.5901327,79.999979
75.999928,-1410.3756,-0.076002106,0.49722343,0.10645218,4.5761382,79.999979
76.009928,-1411.4138,-0.075856066,0.4978863,0.1069575,4.5621437,79.999979
76.019928,-1412.3031,-0.075947193,0.49854917,0.10746281,4.5481492,79.999979
76.029927,-1411.0616,-0.075514132,0.49921204,0.10796813,4.5341547,79.999979
76.039927,-1410.5613,-0.076519116,0.49987491,0.10847345,4.5201602,79.999979
76.049927,-1412.881,-0.075941304,0.50053778,0.10897876,4.5061656,79.999979
76.059927,-1411.9835,-0.076515977,0.50120065,0.10948408,4.4921711,79.999979
76.069927,-1411.4581,-0.076144329,0.50186352,0.10998939,4.4781766,79.999979
76.079927,-1411.009,-0.076273285,0.50252639,0.11049471,4.4641821,79.999979
76.089927,-1413.3817,-0.075543433,0.50318926,0.11100003,4.4501876,79.999979
76.099927,-1412.2637,-0.075660044,0.50385213,0.11150534,4.4361931,79.999979
76.109927,-1413.0404,-0.075657614,0.504515,0.11201066,4.4221986,79.999979
76.119927,-1410.6347,-0.075713651,0.50517787,0.11251597,4.4082041,79.999979
76.129927,-1411.2028,-0.076627353,0.50584074,0.11302129,4.3942096,79.999979
76.139927,-1411.3733,-0.076485647,0.50641246,0.11352661,4.3802151,79.999979
76.149927,-1411.4763,-0.076039012,0.50585741,0.11364994,4.3662206,79.999979
76.159927,-1411.5794,-0.075823549,0.50530237,0.11368322,4.3548361,79.999979
76.169927,-1413.1901,-0.077091843,0.50474732,0.1137165,4.3480094,79.999979
76.179927,-1410.1573,-0.076267665,0.50419227,0.11374979,4.3411826,79.999979
76.189927,-1413.0007,-0.076440065,0.50363723,0.11378307,4.3343559,79.999979
76.199927,-1412.8534,-0.076047664,0.50308218,0.11381636,4.3275291,79.999979
76.209927,-1411.5839,-0.075830905,0.50252713,0.11384964,4.3207023,79.999979
76.219927,-1410.3144,-0.075589764,0.50197209,0.11388293,4.3138756,79.999979
76.229927,-1412.4977,-0.075827785,0.50141704,0.11391621,4.3070488,79.999979
76.239927,-1413.3786,-0.075314347,0.50086199,0.11394949,4.3002221,79.999979
76.249927,-1411.554,-0.076229594,0.50030695,0.11398278,4.2933953,79.999979
76.259927,-1411.8253,-0.075894258,0.4997519,0.11401606,4.2865686,79.999979
76.269927,-1412.4897,-0.075921163,0.49919685,0.11404935,4.2797418,79.999979
76.279927,-1413.434,-0.075717621,0.49864181,0.11408263,4.272915,79.999979
76.289927,-1410.1454,-0.075585584,0.49808676,0.11411592,4.2660883,79.999979
76.299927,-1411.9752,-0.076457673,0.49753171,0.1141492,4.2592615,79.999979
76.309927,-1412.8322,-0.075743821,0.49867163,0.11396443,4.2747074,79.999979
76.319927,-1411.7395,-0.076429876,0.49981373,0.11376719,4.2927855,79.999979
76.329927,-1411.5509,-0.076412892,0.50095583,0.11356996,4.3108636,79.999979
76.339927,-1412.7987,-0.076010385,0.50209792,0.11337272,4.3289417,79.999979
76.349927,-1411.1221,-0.076003954,0.50324002,0.11317548,4.3470199,79.999979
76.359927,-1410.6174,-0.0762311,0.50438212,0.11297825,4.365098,79.999979
76.369927,-1412.5787,-0.07605772,0.50552422,0.11278101,4.3831761,79.999979
76.379927,-1410.2522,-0.075159704,0.50666632,0.11258377,4.4012542,79.999979
76.389927,-1412.0884,-0.076495448,0.50780842,0.11238654,4.4193323,79.999979
76.399927,-1412.7249,-0.076239164,0.50895052,0.1121893,4.4374104,79.999979
76.409927,-1413.3369,-0.075982881,0.51009261,0.11199206,4.4554885,79.999979
76.419927,-1411.7368,-0.075819795,0.51123471,0.11179483,4.4735666,79.999979
76.429927,-1411.3937,-0.076768408,0.51237681,0.11159759,4.4916447,79.999979
76.439927,-1410.3531,-0.075179947,0.51351891,0.11140035,4.5097228,79.999979
76.449927,-1412.762,-0.076670441,0.51466101,0.11120311,4.527801,79.999979
76.459927,-1411.5787,-0.076065188,0.51580311,0.11100588,4.5458791,79.999979
76.469927,-1411.6651,-0.076079286,0.51694521,0.11080864,4.5639572,79.999979
76.479927,-1411.7083,-0.077417894,0.51679326,0.11091038,4.5616597,79.999979
76.489927,-1410.9061,-0.07572875,0.51589207,0.11122773,4.5411479,79.999979
76.499927,-1412.3035,-0.075954375,0.51499087,0.11154509,4.5206361,79.999979
76.509927,-1411.5084,-0.076218614,0.51408968,0.11186244,4.5001242,79.999979
76.519927,-1412.0647,-0.077132959,0.51318848,0.11217979,4.4796124,79.999979
76.529927,-1412.621,-0.076277501,0.51228729,0.11249714,4.4591006,79.999979
76.539927,-1410.3503,-0.076005902,0.51138609,0.11281449,4.4385888,79.999979
76.549927,-1412.6139,-0.076661252,0.51048489,0.11313185,4.4180769,79.999979
76.559927,-1410.7551,-0.076645038,0.5095837,0.1134492,4.3975651,79.999979
76.569927,-1412.1372,-0.076894212,0.5086825,0.11376655,4.3770533,79.999979
76.579927,-1412.5376,-0.076464362,0.50778131,0.1140839,4.3565415,79.999979
76.589927,-1411.0607,-0.076384592,0.50688011,0.11440125,4.3360297,79.999979
76.599927,-1412.318,-0.076239632,0.50597892,0.11471861,4.3155178,79.999979
76.609927,-1413.5527,-0.076665016,0.50507772,0.11503596,4.295006,79.999979
76.619927,-1411.0968,-0.076064462,0.50417653,0.11535331,4.2744942,79.999979
76.629927,-1412.8114,-0.075743446,0.50428908,0.11533025,4.2718509,79.999979
76.639927,-1412.585,-0.075825329,0.50442881,0.11520786,4.277847,79.999979
76.649927,-1411.6646,-0.076104605,0.50456854,0.11508546,4.2838431,79.999979
76.659927,-1411.7294,-0.076543271,0.50470827,0.11496307,4.2898393,79.999979
76.669927,-1413.5075,-0.075988702,0.50484801,0.11484067,4.2958354,79.999979
76.679927,-1414.7654,-0.07496026,0.50498774,0.11471828,4.3018315,79.999979
76.689927,-1413.5594,-0.076018615,0.50512747,0.11459589,4.3078277,79.999979
76.699927,-1412.3978,-0.076409423,0.5052672,0.11447349,4.3138238,79.999979
76.709927,-1412.996,-0.076324654,0.50540693,0.1143511,4.3198199,79.999979
76.719927,-1414.2105,-0.076160033,0.50554666,0.1142287,4.3258161,79.999979
76.729927,-1414.9313,-0.07567029,0.50568639,0.11410631,4.3318122,79.999979
76.739927,-1414.2002,-0.077376427,0.50582612,0.11398391,4.3378083,79.999979
76.749927,-1414.8902,-0.076436956,0.50596585,0.11386152,4.3438045,79.999979
76.759927,-1415.1042,-0.076333191,0.50610558,0.11373912,4.3498006,79.999979
76.769927,-1415.1042,-0.076319948,0.50624531,0.11361673,4.3557967,79.999979
76.779927,-1414.5184,-0.075856183,0.50638504,0.11349433,4.3617929,79.999979
76.789927,-1416.0818,-0.07485987,0.50650797,0.11338108,4.3672862,79.999979
76.799927,-1414.8608,-0.07637932,0.50647728,0.1133515,4.3681806,79.999979
76.809927,-1415.4299,-0.076568077,0.50644658,0.11332192,4.3690751,79.999979
76.819927,-1415.9853,-0.0756002,0.50641589,0.11329233,4.3699696,79.999979
76.829927,-1417.1914,-0.075486195,0.50638519,0.11326275,4.3708641,79.999979
76.839927,-1417.1914,-0.075486195,0.5063545,0.11323317,4.3717585,79.999979
76.849927,-1417.9626,-0.075957664,0.5063238,0.11320359,4.372653,79.999979
76.859927,-1422.3501,-0.076912348,0.50629311,0.113174,4.3735475,79.999979
76.869927,-1419.4033,-0.075410027,0.50626241,0.11314442,4.374442,79.999979
76.879927,-1418.5374,-0.07623364,0.50623172,0.11311484,4.3753364,79.999979
76.889927,-1420.8624,-0.074976621,0.50620102,0.11308525,4.3762309,79.999979
76.899927,-1422.5251,-0.075190376,0.50617033,0.11305567,4.3771254,79.999979
76.909927,-1423.439,-0.075579693,0.50613963,0.11302609,4.3780198,79.999979
76.919927,-1422.9598,-0.076142507,0.50610894,0.1129965,4.3789143,79.999979
76.929927,-1423.4856,-0.075690743,0.50607824,0.11296692,4.3798088,79.999979
76.939927,-1423.9755,-0.075317742,0.50604755,0.11293734,4.3807033,79.999979
76.949927,-1423.7582,-0.075204008,0.5061811,0.1130192,4.3790041,79.999979
76.959927,-1424.3786,-0.075541976,0.50637806,0.1131703,4.3748415,79.999979
76.969927,-1424.5934,-0.076262698,0.50657502,0.1133214,4.3706788,79.999979
76.979927,-1425.1715,-0.076294862,0.50677198,0.11347251,4.3665162,79.999979
76.989927,-1424.2667,-0.075777411,0.50696893,0.11362361,4.3623536,79.999979
76.999927,-1425.3984,-0.076347985,0.50716589,0.11377472,4.3581909,79.999979
77.009927,-1424.0933,-0.07603296,0.50736285,0.11392582,4.3540283,79.999979
77.019927,-1425.0063,-0.076386609,0.50755981,0.11407693,4.3498656,79.999979
77.029927,-1425.4487,-0.076386609,0.50775677,0.11422803,4.345703,79.999979
77.039927,-1424.8342,-0.075699124,0.50795373,0.11437914,4.3415403,79.999979
77.049927,-1423.7958,-0.075645576,0.50815069,0.11453024,4.3373777,79.999979
77.059927,-1423.7034,-0.075107064,0.50834765,0.11468134,4.3332151,79.999979
77.069927,-1424.336,-0.075672032,0.50854461,0.11483245,4.3290524,79.999979
77.079926,-1425.94,-0.076276184,0.50874157,0.11498355,4.3248898,79.999979
77.089926,-1425.94,-0.076519507,0.50893853,0.11513466,4.3207271,79.999979
77.099926,-1423.6528,-0.075774384,0.50913549,0.11528576,4.3165645,79.999979
77.109926,-1421.6913,-0.075365831,0.50907769,0.11536146,4.3129789,79.999979
77.119926,-1423.5075,-0.075719991,0.50817057,0.11518576,4.3120576,79.999979
77.129926,-1423.4329,-0.076204096,0.50726345,0.11501007,4.3111362,79.999979
77.139926,-1424.5408,-0.076637065,0.50635632,0.11483437,4.3102148,79.999979
77.149926,-1423.7837,-0.076565156,0.5054492,0.11465868,4.3092935,79.999979
77.159926,-1421.4958,-0.075638633,0.50454208,0.11448298,4.3083721,79.999979
77.169926,-1422.9113,-0.075769373,0.50363496,0.11430729,4.3074507,79.999979
77.179926,-1423.1944,-0.075682137,0.50272784,0.11413159,4.3065294,79.999979
77.189926,-1421.8645,-0.075572171,0.50182072,0.11395589,4.305608,79.999979
77.199926,-1423.0122,-0.076270054,0.5009136,0.1137802,4.3046866,79.999979
77.209926,-1421.2001,-0.07630678,0.50000647,0.1136045,4.3037653,79.999979
77.219926,-1420.1782,-0.075398856,0.49909935,0.11342881,4.3028439,79.999979
77.229926,-1422.5886,-0.075525861,0.49819223,0.11325311,4.3019225,79.999979
77.239926,-1423.7047,-0.076395879,0.49728511,0.11307742,4.3010012,79.999979
77.249926,-1419.6882,-0.075773577,0.49637799,0.11290172,4.3000798,79.999979
77.259926,-1421.1582,-0.075880493,0.49547087,0.11272603,4.2991584,79.999979
77.269926,-1421.1286,-0.076200496,0.49456375,0.11255033,4.2982371,79.999979
77.279926,-1421.1911,-0.076240507,0.49398072,0.11237463,4.2973157,79.999979
77.289926,-1420.8114,-0.076075804,0.49478907,0.11251356,4.2939475,79.999979
77.299926,-1422.6235,-0.07581286,0.49559742,0.11283115,4.28919,79.999979
77.309926,-1421.2499,-0.076684801,0.49640577,0.11314874,4.2844324,79.999979
77.319926,-1418.2223,-0.076892369,0.49721413,0.11346632,4.2796748,79.999979
77.329926,-1421.2239,-0.076535606,0.49802248,0.11378391,4.2749173,79.999979
77.339926,-1421.3278,-0.076063148,0.49883083,0.1141015,4.2701597,79.999979
77.349926,-1421.0104,-0.07660673,0.49963918,0.11441909,4.2654022,79.999979
77.359926,-1420.7037,-0.076609586,0.50044754,0.11473667,4.2606446,79.999979
77.369926,-1422.3029,-0.075508787,0.50125589,0.11505426,4.255887,79.999979
77.379926,-1422.8666,-0.077158823,0.50206424,0.11537185,4.2511295,79.999979
77.389926,-1423.6358,-0.076613271,0.50287259,0.11568943,4.2463719,79.999979
77.399926,-1423.6358,-0.076511617,0.50368095,0.11600702,4.2416143,79.999979
77.409926,-1422.2046,-0.075258621,0.5044893,0.11632461,4.2368568,79.999979
77.419926,-1419.1899,-0.076392179,0.50529765,0.1166422,4.2320992,79.999979
77.429926,-1422.2733,-0.076026812,0.50517659,0.11645971,4.2372395,79.999979
77.439926,-1422.9012,-0.075743798,0.50441977,0.11585279,4.2549658,79.999979
77.449926,-1422.7928,-0.076559571,0.50366294,0.11524586,4.2726922,79.999979
77.459926,-1422.77,-0.076427763,0.50290611,0.11463893,4.2904186,79.999979
77.469926,-1424.1521,-0.075912264,0.50214929,0.11403201,4.308145,79.999979
77.479926,-1419.3486,-0.075803423,0.50139246,0.11342508,4.3258714,79.999979
77.489926,-1422.3823,-0.075281663,0.50063563,0.11281816,4.3435978,79.999979
77.499926,-1421.635,-0.076679918,0.49987881,0.11221123,4.3613242,79.999979
77.509926,-1421.6794,-0.076411032,0.49912198,0.1116043,4.3790506,79.999979
77.519926,-1422.4289,-0.07605598,0.49836515,0.11099738,4.396777,79.999979
77.529926,-1423.1785,-0.075740939,0.49760833,0.11039045,4.4145034,79.999979
77.539926,-1423.7229,-0.076724914,0.4968515,0.10978353,4.4322298,79.999979
77.549926,-1424.263,-0.076724914,0.49609467,0.1091766,4.4499562,79.999979
77.559926,-1421.4289,-0.07606235,0.49533785,0.10856967,4.4676826,79.999979
77.569926,-1420.2523,-0.075878655,0.49458102,0.10796275,4.485409,79.999979
77.579926,-1420.6135,-0.076016847,0.4938242,0.10735582,4.5031354,79.999979
77.589926,-1421.717,-0.07615504,0.49306737,0.1067489,4.5208618,79.999979
77.599926,-1419.7854,-0.075381483,0.49231054,0.10614197,4.5385882,79.999979
77.609926,-1419.3798,-0.076268953,0.49155372,0.10553504,4.5563146,79.999979
77.619926,-1416.5649,-0.076208988,0.49250557,0.10584406,4.5545027,79.999979
77.629926,-1423.428,-0.076274624,0.49384428,0.10636045,4.5449062,79.999979
77.639926,-1422.78,-0.075753722,0.49518299,0.10687684,4.5353098,79.999979
77.649926,-1423.3187,-0.075738037,0.4965217,0.10739324,4.5257133,79.999979
77.659926,-1423.6143,-0.075826261,0.49786041,0.10790963,4.5161169,79.999979
77.669926,-1417.6605,-0.076692445,0.49919912,0.10842602,4.5065204,79.999979
77.679926,-1423.3314,-0.075624271,0.50053783,0.10894241,4.496924,79.999979
77.689926,-1422.6289,-0.075634266,0.50187654,0.1094588,4.4873275,79.999979
77.699926,-1422.3111,-0.075986251,0.50321525,0.10997519,4.4777311,79.999979
77.709926,-1424.0831,-0.07611688,0.50455395,0.11049159,4.4681346,79.999979
77.719926,-1422.1627,-0.075687549,0.50589266,0.11100798,4.4585381,79.999979
77.729926,-1420.8584,-0.076668974,0.50723137,0.11152437,4.4489417,79.999979
77.739926,-1420.4368,-0.075217574,0.50857008,0.11204076,4.4393452,79.999979
77.749926,-1420.2509,-0.076174127,0.50910348,0.11243529,4.4296269,79.999979
77.759926,-1421.6805,-0.075694208,0.50865372,0.11259843,4.4195212,79.999979
77.769926,-1419.9456,-0.07636542,0.50820395,0.11276158,4.4094154,79.999979
77.779926,-1416.6241,-0.076025463,0.50775419,0.11292473,4.3993097,79.999979
77.789926,-1421.4233,-0.07580505,0.50730443,0.11308788,4.3892039,79.999979
77.799926,-1417.8481,-0.076505086,0.50685466,0.11325103,4.3790982,79.999979
77.809926,-1417.894,-0.075698289,0.5064049,0.11341418,4.3689925,79.999979
77.819926,-1417.6563,-0.075070964,0.50595514,0.11357733,4.3588867,79.999979
77.829926,-1417.8915,-0.075587722,0.50550537,0.11374048,4.348781,79.999979
77.839926,-1416.2415,-0.076125742,0.50505561,0.11390362,4.3386752,79.999979
77.849926,-1415.5655,-0.075465594,0.50460584,0.11406677,4.3285695,79.999979
77.859926,-1417.5883,-0.075901601,0.50415608,0.11422992,4.3184637,79.999979
77.869926,-1416.0605,-0.076134897,0.50370632,0.11439307,4.308358,79.999979
77.879926,-1416.1051,-0.076115687,0.50325655,0.11455622,4.2982523,79.999979
77.889926,-1416.2973,-0.075762746,0.50280679,0.11471937,4.2881465,79.999979
77.899926,-1417.8777,-0.075084315,0.50235703,0.11488252,4.2780408,79.999979
77.909926,-1418.2067,-0.07625571,0.50190726,0.11504567,4.267935,79.999979
77.919926,-1417.355,-0.075587361,0.5014575,0.11520882,4.2578293,79.999979
77.929926,-1416.4712,-0.075798521,0.50122305,0.11498158,4.2543415,79.999979
77.939926,-1413.913,-0.075567953,0.5010227,0.11466209,4.2654978,79.999979
77.949926,-1414.394,-0.075453972,0.50082235,0.11434261,4.2766541,79.999979
77.959926,-1415.8441,-0.07523878,0.500622,0.11402312,4.2878104,79.999979
77.969926,-1416.5142,-0.075992721,0.50042165,0.11370363,4.2989667,79.999979
77.979926,-1416.0951,-0.076082669,0.5002213,0.11338414,4.3101231,79.999979
77.989926,-1414.2643,-0.076325229,0.50002095,0.11306466,4.3212794,79.999979
77.999926,-1415.2457,-0.076267992,0.4998206,0.11274517,4.3324357,79.999979
78.009926,-1415.4979,-0.076107991,0.49962025,0.11242568,4.343592,79.999979
78.019926,-1413.8395,-0.076062562,0.4994199,0.1121062,4.3547483,79.999979
78.029926,-1414.6974,-0.076261522,0.49921955,0.11178671,4.3659046,79.999979
78.039926,-1415.1763,-0.076774616,0.4990192,0.11146722,4.377061,79.999979
78.049926,-1413.3059,-0.075198671,0.49881885,0.11114773,4.3882173,79.999979
78.059926,-1415.739,-0.07659103,0.4986185,0.11082825,4.3993736,79.999979
78.069926,-1414.3332,-0.077086135,0.49841816,0.11050876,4.4105299,79.999979
78.079926,-1414.5253,-0.076606383,0.49821781,0.11018927,4.4216862,79.999979
78.089926,-1414.7174,-0.075566647,0.49817607,0.10994081,4.4310187,79.999979
78.099926,-1413.4721,-0.075952114,0.49874067,0.11008238,4.4303353,79.999979
78.109926,-1415.8207,-0.07568918,0.49930526,0.11022395,4.4296519,79.999979
78.119925,-1415.5501,-0.075571526,0.49986986,0.11036552,4.4289685,79.999979
78.129925,-1413.3953,-0.076021338,0.50043445,0.1105071,4.4282851,79.999979
78.139925,-1414.6372,-0.076765351,0.50099905,0.11064867,4.4276016,79.999979
78.149925,-1415.2468,-0.076389712,0.50156364,0.11079024,4.4269182,79.999979
78.159925,-1415.8334,-0.075839564,0.50212824,0.11093181,4.4262348,79.999979
78.169925,-1416.2863,-0.075094098,0.50269283,0.11107339,4.4255514,79.999979
78.179925,-1414.4232,-0.076434369,0.50325743,0.11121496,4.424868,79.999979
78.189925,-1414.8057,-0.07490595,0.50382203,0.11135653,4.4241846,79.999979
78.199925,-1415.5058,-0.076556426,0.50438662,0.1114981,4.4235011,79.999979
78.209925,-1414.5096,-0.07689088,0.50495122,0.11163967,4.4228177,79.999979
78.219925,-1414.596,-0.076931501,0.50551581,0.11178125,4.4221343,79.999979
78.229925,-1415.0444,-0.076334207,0.50608041,0.11192282,4.4214509,79.999979
78.239925,-1414.8123,-0.076558669,0.50659514,0.11204817,4.4210631,79.999979
78.249925,-1413.1075,-0.075571559,0.50697809,0.11211657,4.4217128,79.999979
78.259925,-1414.6322,-0.076028404,0.50736105,0.11218497,4.4223624,79.999979
78.269925,-1414.6322,-0.076116945,0.50774401,0.11225337,4.4230121,79.999979
78.279925,-1415.6626,-0.075443773,0.50812697,0.11232177,4.4236618,79.999979
78.289925,-1414.7386,-0.075891062,0.50850992,0.11239017,4.4243115,79.999979
78.299925,-1415.0128,-0.076230872,0.50889288,0.11245857,4.4249612,79.999979
78.309925,-1413.2601,-0.076318538,0.50927584,0.11252697,4.4256109,79.999979
78.319925,-1415.054,-0.07734373,0.50965879,0.11259537,4.4262606,79.999979
78.329925,-1415.5457,-0.077229724,0.51004175,0.11266378,4.4269103,79.999979
78.339925,-1414.9375,-0.076797127,0.51042471,0.11273218,4.42756,79.999979
78.349925,-1413.5973,-0.074861907,0.51080767,0.11280058,4.4282097,79.999979
78.359925,-1414.0215,-0.076488021,0.51119062,0.11286898,4.4288594,79.999979
78.369925,-1413.8418,-0.075777767,0.51157358,0.11293738,4.4295091,79.999979
78.379925,-1415.302,-0.076112608,0.51195654,0.11300578,4.4301588,79.999979
78.389925,-1414.2424,-0.076052065,0.51233949,0.11307418,4.4308085,79.999979
78.399925,-1414.2424,-0.076014189,0.51272245,0.11314258,4.4314582,79.999979
78.409925,-1415.5185,-0.076329811,0.51310541,0.11321098,4.4321079,79.999979
78.419925,-1414.3402,-0.075896922,0.51264911,0.11328645,4.4258005,79.999979
78.429925,-1413.6076,-0.075459092,0.51172752,0.11336683,4.414667,79.999979
78.439925,-1414.0405,-0.076533703,0.51080592,0.1134472,4.4035334,79.999979
78.449925,-1412.6845,-0.076449356,0.50988432,0.11352758,4.3923998,79.999979
78.459925,-1412.8496,-0.076439328,0.50896273,0.11360795,4.3812663,79.999979
78.469925,-1414.6838,-0.076801274,0.50804113,0.11368833,4.3701327,79.999979
78.479925,-1412.3543,-0.075725105,0.50711954,0.1137687,4.3589992,79.999979
78.489925,-1412.7957,-0.076530059,0.50619794,0.11384908,4.3478656,79.999979
78.499925,-1415.2533,-0.076293917,0.50527634,0.11392945,4.336732,79.999979
78.509925,-1412.889,-0.076850648,0.50435475,0.11400983,4.3255985,79.999979
78.519925,-1412.1783,-0.076549257,0.50343315,0.1140902,4.3144649,79.999979
78.529925,-1413.4739,-0.076821282,0.50251156,0.11417058,4.3033313,79.999979
78.539925,-1414.2053,-0.076746666,0.50158996,0.11425095,4.2921978,79.999979
78.549925,-1413.5705,-0.075623555,0.50075866,0.1143196,4.2810642,79.999979
78.559925,-1414.93,-0.075456675,0.50045975,0.11411673,4.2853897,79.999979
78.569925,-1414.0834,-0.075544622,0.50016085,0.11391385,4.2906913,79.999979
78.579925,-1412.4171,-0.075544622,0.49986195,0.11371098,4.2959929,79.999979
78.589925,-1414.1896,-0.075998795,0.49956304,0.11350811,4.3012944,79.999979
78.599925,-1412.1532,-0.076521616,0.49926414,0.11330524,4.306596,79.999979
78.609925,-1412.648,-0.075766365,0.49896523,0.11310236,4.3118976,79.999979
78.619925,-1413.0326,-0.07661649,0.49866633,0.11289949,4.3171991,79.999979
78.629925,-1411.8065,-0.07613234,0.49836743,0.11269662,4.3225007,79.999979
78.639925,-1411.1024,-0.076118223,0.49806852,0.11249375,4.3278023,79.999979
78.649925,-1410.8535,-0.075860159,0.49776962,0.11229087,4.3331039,79.999979
78.659925,-1412.0422,-0.076051616,0.49747071,0.112088,4.3384054,79.999979
78.669925,-1413.7946,-0.075638995,0.49717181,0.11188513,4.343707,79.999979
78.679925,-1412.6819,-0.075085236,0.49687291,0.11168226,4.3490086,79.999979
78.689925,-1411.4185,-0.077001275,0.496574,0.11147938,4.3543101,79.999979
78.699925,-1411.4539,-0.077524833,0.4962751,0.11127651,4.3596117,79.999979
78.709925,-1412.5211,-0.077171887,0.49597619,0.11107364,4.3649133,79.999979
78.719925,-1413.7676,-0.075802319,0.49568254,0.11088201,4.3702149,79.999979
78.729925,-1413.7135,-0.075826873,0.49558722,0.11111515,4.3617035,79.999979
78.739925,-1412.9381,-0.076857969,0.49549189,0.11134829,4.3520736,79.999979
78.749925,-1411.009,-0.075835916,0.49539657,0.11158142,4.3424438,79.999979
78.759925,-1411.7072,-0.075683286,0.49530125,0.11181456,4.3328139,79.999979
78.769925,-1413.064,-0.075568384,0.49520593,0.1120477,4.323184,79.999979
78.779925,-1411.1022,-0.076043046,0.4951106,0.11228083,4.3135542,79.999979
78.789925,-1413.4239,-0.076008199,0.49501528,0.11251397,4.3039243,79.999979
78.799925,-1411.7132,-0.076927161,0.49491996,0.11274711,4.2942944,79.999979
78.809925,-1410.5889,-0.075789303,0.49482463,0.11298024,4.2846646,79.999979
78.819925,-1409.9294,-0.075842048,0.49472931,0.11321338,4.2750347,79.999979
78.829925,-1410.9077,-0.075842048,0.49463399,0.11344651,4.2654048,79.999979
78.839925,-1411.0182,-0.076219154,0.49453866,0.11367965,4.2557749,79.999979
78.849925,-1411.6785,-0.07605301,0.49444334,0.11391279,4.2461451,79.999979
78.859925,-1410.8673,-0.076343479,0.49434802,0.11414592,4.2365152,79.999979
78.869925,-1410.4461,-0.076371174,0.4942527,0.11437906,4.2268853,79.999979
78.879925,-1410.4786,-0.076932935,0.4948358,0.11449631,4.2189543,79.999979
78.889925,-1410.5111,-0.076932935,0.49557356,0.11456591,4.2229174,79.999979
78.899925,-1409.7634,-0.076119529,0.49631132,0.1146355,4.2268804,79.999979
78.909925,-1410.5943,-0.077080484,0.49704907,0.1147051,4.2308435,79.999979
78.919925,-1410.4711,-0.07535003,0.49778683,0.11477469,4.2348066,79.999979
78.929925,-1409.2303,-0.075609827,0.49852458,0.11484428,4.2387696,79.999979
78.939925,-1409.9852,-0.076087234,0.49926234,0.11491388,4.2427327,79.999979
78.949925,-1410.8945,-0.075973092,0.5000001,0.11498347,4.2466957,79.999979
78.959925,-1411.5084,-0.075662991,0.50073785,0.11505307,4.2506588,79.999979
78.969925,-1410.752,-0.075928815,0.50147561,0.11512266,4.2546219,79.999979
78.979925,-1410.8841,-0.075766137,0.50221336,0.11519225,4.2585849,79.999979
78.989925,-1409.8322,-0.076048463,0.50295112,0.11526185,4.262548,79.999979
78.999925,-1410.7125,-0.076366476,0.50368888,0.11533144,4.2665111,79.999979
79.009925,-1411.3892,-0.076417953,0.50442663,0.11540104,4.2704741,79.999979
79.019925,-1412.4204,-0.07646943,0.50516439,0.11547063,4.2744372,79.999979
79.029925,-1410.6702,-0.07612364,0.50590214,0.11554023,4.2784003,79.999979
79.039925,-1409.1053,-0.07692552,0.50655438,0.11559019,4.2823462,79.999979
79.049925,-1411.2442,-0.07519701,0.5065311,0.11548507,4.2861568,79.999979
79.059925,-1410.6385,-0.076725502,0.50650781,0.11537996,4.2899674,79.999979
79.069925,-1409.595,-0.075463336,0.50648452,0.11527484,4.293778,79.999979
79.079925,-1408.628,-0.075921323,0.50646124,0.11516972,4.2975886,79.999979
79.089925,-1409.165,-0.07588853,0.50643795,0.11506461,4.3013992,79.999979
79.099925,-1410.5941,-0.075743232,0.50641466,0.11495949,4.3052098,79.999979
79.109925,-1410.6186,-0.075726555,0.50639137,0.11485437,4.3090204,79.999979
79.119925,-1408.7012,-0.076300251,0.50636809,0.11474926,4.312831,79.999979
79.129925,-1409.9403,-0.076018945,0.5063448,0.11464414,4.3166417,79.999979
79.139925,-1409.5096,-0.076342454,0.50632151,0.11453902,4.3204523,79.999979
79.149925,-1409.2739,-0.076918917,0.50629823,0.11443391,4.3242629,79.999979
79.159925,-1409.6073,-0.076311314,0.50627494,0.11432879,4.3280735,79.999979
79.169924,-1409.9619,-0.076488402,0.50625165,0.11422367,4.3318841,79.999979
79.179924,-1408.7763,-0.076034937,0.50622837,0.11411856,4.3356947,79.999979
79.189924,-1409.2051,-0.076443452,0.50620508,0.11401344,4.3395053,79.999979
79.199924,-1409.4578,-0.07645693,0.50608522,0.11392313,4.3430728,79.999979
79.209924,-1409.4613,-0.07646376,0.50574996,0.11391131,4.3405772,79.999979
79.219924,-1410.7767,-0.07625844,0.50541471,0.1138995,4.3380815,79.999979
79.229924,-1409.0711,-0.075860832,0.50507945,0.11388769,4.3355859,79.999979
79.239924,-1407.6748,-0.076748776,0.50474419,0.11387588,4.3330903,79.999979
79.249924,-1407.6702,-0.076529948,0.50440893,0.11386407,4.3305947,79.999979
79.259924,-1408.5411,-0.076657099,0.50407367,0.11385225,4.3280991,79.999979
79.269924,-1410.0411,-0.076206624,0.50373841,0.11384044,4.3256034,79.999979
79.279924,-1410.604,-0.076206624,0.50340315,0.11382863,4.3231078,79.999979
79.289924,-1408.4511,-0.075625543,0.50306789,0.11381682,4.3206122,79.999979
79.299924,-1408.7549,-0.076893058,0.50273263,0.113805,4.3181166,79.999979
79.309924,-1410.1165,-0.075930864,0.50239737,0.11379319,4.3156209,79.999979
79.319924,-1409.1378,-0.075979879,0.50206211,0.11378138,4.3131253,79.999979
79.329924,-1407.3738,-0.0760535,0.50172685,0.11376957,4.3106297,79.999979
79.339924,-1409.5103,-0.076877423,0.50139159,0.11375776,4.3081341,79.999979
79.349924,-1409.2103,-0.075027661,0.50105634,0.11374594,4.3056385,79.999979
79.359924,-1409.5276,-0.076250075,0.5007226,0.11372898,4.3031428,79.999979
79.369924,-1410.1182,-0.076031261,0.50039573,0.11364709,4.3033581,79.999979
79.379924,-1410.9767,-0.076621602,0.50006887,0.1135652,4.3036491,79.999979
79.389924,-1410.7849,-0.076825325,0.499742,0.11348331,4.3039401,79.999979
79.399924,-1410.6827,-0.076536516,0.49941513,0.11340142,4.3042311,79.999979
79.409924,-1408.9891,-0.076598762,0.49908827,0.11331953,4.304522,79.999979
79.419924,-1410.7411,-0.07660789,0.4987614,0.11323764,4.304813,79.999979
79.429924,-1409.4497,-0.076304718,0.49843453,0.11315575,4.305104,79.999979
79.439924,-1411.5847,-0.076132484,0.49810766,0.11307387,4.305395,79.999979
79.449924,-1413.2601,-0.07572126,0.4977808,0.11299198,4.305686,79.999979
79.459924,-1412.2055,-0.075808272,0.49745393,0.11291009,4.305977,79.999979
79.469924,-1411.0698,-0.075895283,0.49712706,0.1128282,4.306268,79.999979
79.479924,-1412.8493,-0.075753144,0.4968002,0.11274631,4.306559,79.999979
79.489924,-1410.9661,-0.07623649,0.49647333,0.11266442,4.30685,79.999979
79.499924,-1412.8403,-0.07618754,0.49614646,0.11258253,4.307141,79.999979
79.509924,-1411.987,-0.076394746,0.4958196,0.11250064,4.3074319,79.999979
79.519924,-1411.2082,-0.076234367,0.49549273,0.11241875,4.3077229,79.999979
79.529924,-1412.7422,-0.075935332,0.49516586,0.11233686,4.3080139,79.999979
79.539924,-1412.941,-0.074724964,0.4948719,0.11230126,4.3078798,79.999979
79.549924,-1412.6496,-0.076366956,0.4948011,0.1128483,4.2872406,79.999979
79.559924,-1412.5695,-0.076758889,0.49473031,0.11339533,4.2666015,79.999979
79.569924,-1412.7944,-0.07609369,0.49465951,0.11394237,4.2459624,79.999979
79.579924,-1411.0703,-0.07567286,0.49458871,0.1144894,4.2253233,79.999979
79.589924,-1411.1025,-0.075918228,0.49451791,0.11503644,4.2046842,79.999979
79.599924,-1412.5646,-0.075379198,0.49444712,0.11558347,4.1840451,79.999979
79.609924,-1412.5592,-0.075325939,0.49437632,0.11613051,4.163406,79.999979
79.619924,-1410.6848,-0.075966436,0.49430552,0.11667754,4.1427669,79.999979
79.629924,-1414.1942,-0.075465119,0.49423472,0.11722458,4.1221278,79.999979
79.639924,-1413.0094,-0.074956829,0.49416393,0.11777161,4.1014887,79.999979
79.649924,-1411.7181,-0.075260765,0.49409313,0.11831865,4.0808495,79.999979
79.659924,-1411.0342,-0.075599,0.49402233,0.11886568,4.0602104,79.999979
79.669924,-1411.2282,-0.075536309,0.49395153,0.11941272,4.0395713,79.999979
79.679924,-1413.0733,-0.076431682,0.49388074,0.11995975,4.0189322,79.999979
79.689924,-1413.5648,-0.07622362,0.49443452,0.11963536,4.0323538,79.999979
79.699924,-1412.4143,-0.075505022,0.49518167,0.11886839,4.0688635,79.999979
79.709924,-1413.9948,-0.075883079,0.49592881,0.11810143,4.1053732,79.999979
79.719924,-1414.078,-0.076833868,0.49667595,0.11733446,4.1418829,79.999979
79.729924,-1414.1447,-0.075850434,0.4974231,0.11656749,4.1783926,79.999979
79.739924,-1414.1594,-0.075861704,0.49817024,0.11580053,4.2149023,79.999979
79.749924,-1415.7362,-0.075802823,0.49891738,0.11503356,4.251412,79.999979
79.759924,-1416.2694,-0.076146434,0.49966452,0.11426659,4.2879217,79.999979
79.769924,-1416.2694,-0.076161025,0.50041167,0.11349963,4.3244314,79.999979
79.779924,-1415.6293,-0.076470288,0.50115881,0.11273266,4.3609411,79.999979
79.789924,-1415.5661,-0.075433407,0.50190595,0.11196569,4.3974508,79.999979
79.799924,-1415.3239,-0.075587265,0.50265309,0.11119873,4.4339605,79.999979
79.809924,-1418.5896,-0.074955064,0.50340024,0.11043176,4.4704702,79.999979
79.819924,-1416.619,-0.075793519,0.50414738,0.1096648,4.5069799,79.999979
79.829924,-1416.9041,-0.075967197,0.50489452,0.10889783,4.5434896,79.999979
79.839924,-1416.7856,-0.0761937,0.50564167,0.10813086,4.5799993,79.999979
79.849924,-1416.4102,-0.076358379,0.50638881,0.1073639,4.616509,79.999979
79.859924,-1419.8904,-0.074686851,0.5059142,0.1075033,4.6075913,79.999979
79.869924,-1418.3011,-0.075276812,0.50537377,0.10780404,4.5905871,79.999979
79.879924,-1422.0849,-0.075254032,0.50483335,0.10810478,4.573583,79.999979
79.889924,-1423.0628,-0.075426615,0.50429292,0.10840553,4.5565788,79.999979
79.899924,-1423.1358,-0.075599198,0.50375249,0.10870627,4.5395746,79.999979
79.909924,-1422.8195,-0.076407989,0.50321207,0.10900701,4.5225704,79.999979
79.919924,-1425.934,-0.075946688,0.50267164,0.10930776,4.5055663,79.999979
79.929924,-1425.5883,-0.075321224,0.50213121,0.1096085,4.4885621,79.999979
79.939924,-1425.8855,-0.076018751,0.50159079,0.10990924,4.4715579,79.999979
79.949924,-1427.13,-0.075648478,0.50105036,0.11020998,4.4545537,79.999979
79.959924,-1425.5666,-0.07558356,0.50050993,0.11051073,4.4375496,79.999979
79.969924,-1423.5907,-0.075875246,0.49996951,0.11081147,4.4205454,79.999979
79.979924,-1425.407,-0.075937356,0.49942908,0.11111221,4.4035412,79.999979
79.989924,-1425.8748,-0.076365436,0.49888865,0.11141296,4.386537,79.999979
79.999924,-1425.7851,-0.076101439,0.49834823,0.1117137,4.3695329,79.999979
80.009924,-1426.5295,-0.075657492,0.49862376,0.11201444,4.3525287,79.999979
80.019924,-1427.2739,-0.075213545,0.49979118,0.11231518,4.3355245,79.999979
80.029924,-1425.8934,-0.076479149,0.50095861,0.11253231,4.3369553,79.999979
80.039924,-1425.9508,-0.076153335,0.50212603,0.11274778,4.3398129,79.999979
80.049924,-1425.2363,-0.075058905,0.50329346,0.11296325,4.3426704,79.999979
80.059924,-1426.1571,-0.075878679,0.50446088,0.11317872,4.345528,79.999979
80.069924,-1427.4306,-0.075281152,0.50562831,0.11339419,4.3483855,79.999979
80.079924,-1427.4306,-0.075371494,0.50679573,0.11360966,4.3512431,79.999979
80.089924,-1424.3046,-0.075522427,0.50796316,0.11382514,4.3541007,79.999979
80.099924,-1427.5582,-0.075491243,0.50913058,0.11404061,4.3569582,79.999979
80.109924,-1424.6112,-0.075964382,0.51029801,0.11425608,4.3598158,79.999979
80.119924,-1425.2239,-0.075808709,0.51146543,0.11447155,4.3626733,79.999979
80.129924,-1426.9905,-0.075347131,0.51263286,0.11468702,4.3655309,79.999979
80.139924,-1427.8163,-0.074980757,0.51380028,0.11490249,4.3683885,79.999979
80.149924,-1427.865,-0.074807488,0.51496771,0.11511797,4.371246,79.999979
80.159924,-1426.6311,-0.076440918,0.51613513,0.11533344,4.3741036,79.999979
80.169924,-1425.583,-0.07641146,0.51712733,0.11548459,4.3775253,79.999979
80.179924,-1424.3452,-0.076333378,0.51724332,0.11531409,4.3853554,79.999979
80.189924,-1426.3496,-0.076147369,0.5173593,0.11514358,4.3931856,79.999979
80.199924,-1426.8102,-0.076010195,0.51747529,0.11497308,4.4010158,79.999979
80.209924,-1425.4068,-0.075573584,0.51759127,0.11480258,4.408846,79.999979
80.219923,-1426.6912,-0.075672613,0.51770726,0.11463208,4.4166761,79.999979
80.229923,-1424.093,-0.076427099,0.51782325,0.11446158,4.4245063,79.999979
80.239923,-1424.1212,-0.075640398,0.51793923,0.11429108,4.4323365,79.999979
80.249923,-1427.0014,-0.076502874,0.51805522,0.11412058,4.4401667,79.999979
80.259923,-1426.0153,-0.076656177,0.5181712,0.11395008,4.4479968,79.999979
80.269923,-1425.0291,-0.077016261,0.51828719,0.11377958,4.455827,79.999979
80.279923,-1425.8331,-0.075913536,0.51840318,0.11360908,4.4636572,79.999979
80.289923,-1425.5758,-0.076058423,0.51851916,0.11343858,4.4714874,79.999979
80.299923,-1425.645,-0.075825728,0.51863515,0.11326808,4.4793176,79.999979
80.309923,-1425.7211,-0.076226126,0.51875113,0.11309758,4.4871477,79.999979
80.319923,-1426.7754,-0.075893701,0.51886712,0.11292708,4.4949779,79.999979
80.329923,-1424.367,-0.075486943,0.51898311,0.11275658,4.5028081,79.999979
80.339923,-1425.8407,-0.07635509,0.519093,0.11258608,4.5106383,79.999979
80.349923,-1424.0698,-0.075560171,0.519093,0.112586,4.510642,79.999979
80.359923,-1426.5159,-0.076022012,0.519093,0.112586,4.510642,79.999979
80.369923,-1425.0368,-0.075387994,0.519093,0.112586,4.510642,79.999979
