host_timestamp_s,monotonic_s,kind,detail
1783440137.571597,606791.796000,session,start console_20260707_120216
1783440148.376186,606802.609000,warn,H7 silent 1.0s — no new samples (critical; other instruments still recording)
1783440150.373214,606804.609000,disarm,disarm
1783440150.437474,606804.671000,disarm,disarm
1783440150.500034,606804.734000,disarm,disarm
1783440150.561002,606804.796000,disarm,disarm
1783440150.628498,606804.859000,disarm,disarm
1783440150.693485,606804.921000,disarm,disarm
1783440150.882473,606805.109000,disarm,disarm
1783440150.898432,606805.125000,disarm,disarm
1783440150.951364,606805.187000,disarm,disarm
1783440151.013630,606805.250000,disarm,disarm
1783440151.090925,606805.328000,disarm,disarm
1783440151.152370,606805.390000,disarm,disarm
1783440151.214568,606805.453000,disarm,disarm
1783440151.276432,606805.500000,disarm,disarm
1783440151.338829,606805.562000,disarm,disarm
1783440151.400415,606805.625000,disarm,disarm
1783440151.462010,606805.687000,disarm,disarm
1783440151.523257,606805.750000,disarm,disarm
1783440151.586361,606805.812000,disarm,disarm
1783440151.649281,606805.875000,disarm,disarm
1783440151.711244,606805.937000,disarm,disarm
1783440151.772794,606806.000000,disarm,disarm
1783440151.835646,606806.062000,disarm,disarm
1783440151.897635,606806.125000,disarm,disarm
1783440151.960132,606806.187000,disarm,disarm
1783440152.022943,606806.250000,disarm,disarm
1783440152.085121,606806.312000,disarm,disarm
1783440152.140952,606806.375000,disarm,disarm
1783440152.209089,606806.437000,disarm,disarm
1783440152.271127,606806.500000,disarm,disarm
1783440152.332032,606806.562000,disarm,disarm
1783440152.395534,606806.625000,disarm,disarm
1783440152.456897,606806.687000,disarm,disarm
1783440152.518258,606806.750000,disarm,disarm
1783440152.580965,606806.812000,disarm,disarm
1783440152.643644,606806.875000,disarm,disarm
1783440152.705491,606806.937000,disarm,disarm
1783440152.768253,606807.000000,disarm,disarm
1783440152.830117,606807.062000,disarm,disarm
1783440152.891433,606807.125000,disarm,disarm
1783440152.952927,606807.187000,disarm,disarm
1783440153.014749,606807.250000,disarm,disarm
1783440153.076885,606807.312000,disarm,disarm
1783440153.138890,606807.375000,disarm,disarm
1783440153.200875,606807.437000,disarm,disarm
1783440153.263371,606807.500000,disarm,disarm
1783440153.340453,606807.578000,disarm,disarm
1783440153.404414,606807.640000,disarm,disarm
1783440153.482041,606807.718000,disarm,disarm
1783440153.544234,606807.781000,disarm,disarm
1783440153.591736,606807.828000,disarm,disarm
1783440153.669262,606807.906000,disarm,disarm
1783440153.730793,606807.968000,disarm,disarm
1783440153.792731,606808.031000,disarm,disarm
1783440153.854644,606808.078000,disarm,disarm
1783440153.916358,606808.140000,disarm,disarm
1783440153.979217,606808.203000,disarm,disarm
1783440154.041267,606808.265000,disarm,disarm
1783440154.103700,606808.328000,disarm,disarm
1783440154.165466,606808.390000,disarm,disarm
1783440154.227592,606808.453000,disarm,disarm
1783440154.289328,606808.515000,disarm,disarm
1783440154.350973,606808.578000,disarm,disarm
1783440154.412545,606808.640000,disarm,disarm
1783440154.475113,606808.703000,disarm,disarm
1783440154.536986,606808.765000,disarm,disarm
1783440154.598330,606808.828000,disarm,disarm
1783440154.661191,606808.890000,disarm,disarm
1783440154.723471,606808.953000,disarm,disarm
1783440154.785002,606809.015000,disarm,disarm
1783440154.847054,606809.078000,disarm,disarm
1783440154.908662,606809.140000,disarm,disarm
1783440154.970948,606809.203000,disarm,disarm
1783440155.032376,606809.265000,disarm,disarm
1783440155.095274,606809.328000,disarm,disarm
1783440155.157846,606809.390000,disarm,disarm
1783440155.219349,606809.453000,disarm,disarm
1783440155.281398,606809.515000,disarm,disarm
1783440155.343298,606809.578000,disarm,disarm
1783440155.406080,606809.640000,disarm,disarm
1783440155.467910,606809.703000,disarm,disarm
1783440155.529840,606809.765000,disarm,disarm
1783440155.591741,606809.828000,disarm,disarm
1783440155.668720,606809.906000,disarm,disarm
1783440155.730366,606809.968000,disarm,disarm
1783440155.792206,606810.015000,disarm,disarm
1783440155.854661,606810.078000,disarm,disarm
1783440155.915273,606810.140000,disarm,disarm
1783440155.977694,606810.203000,disarm,disarm
1783440156.039825,606810.265000,disarm,disarm
1783440156.102470,606810.328000,disarm,disarm
1783440156.164209,606810.390000,disarm,disarm
1783440156.226150,606810.453000,disarm,disarm
1783440156.288076,606810.515000,disarm,disarm
1783440156.349826,606810.578000,disarm,disarm
1783440156.411088,606810.640000,disarm,disarm
1783440156.473557,606810.703000,disarm,disarm
1783440156.536077,606810.765000,disarm,disarm
1783440156.597863,606810.828000,disarm,disarm
1783440156.659167,606810.890000,disarm,disarm
1783440156.720993,606810.953000,disarm,disarm
1783440156.782741,606811.015000,disarm,disarm
1783440156.844879,606811.078000,disarm,disarm
1783440156.906500,606811.140000,disarm,disarm
1783440156.968474,606811.203000,disarm,disarm
1783440157.029945,606811.265000,disarm,disarm
1783440157.091666,606811.328000,disarm,disarm
1783440157.169525,606811.406000,disarm,disarm
1783440157.231048,606811.468000,disarm,disarm
1783440157.294225,606811.531000,disarm,disarm
1783440157.341745,606811.578000,disarm,disarm
1783440157.418615,606811.656000,disarm,disarm
1783440157.481326,606811.718000,disarm,disarm
1783440157.542328,606811.765000,disarm,disarm
1783440157.604778,606811.828000,disarm,disarm
1783440157.666796,606811.890000,disarm,disarm
1783440157.727778,606811.953000,disarm,disarm
1783440157.790667,606812.015000,disarm,disarm
1783440157.852132,606812.078000,disarm,disarm
1783440157.914238,606812.140000,disarm,disarm
1783440157.976195,606812.203000,disarm,disarm
1783440158.037519,606812.265000,disarm,disarm
1783440158.099905,606812.328000,disarm,disarm
1783440158.162651,606812.390000,disarm,disarm
1783440158.224656,606812.453000,disarm,disarm
1783440158.286975,606812.515000,disarm,disarm
1783440158.349094,606812.578000,disarm,disarm
1783440158.411150,606812.640000,disarm,disarm
1783440158.473136,606812.703000,disarm,disarm
1783440158.534575,606812.765000,disarm,disarm
1783440158.596945,606812.828000,disarm,disarm
1783440158.658511,606812.890000,disarm,disarm
1783440158.720555,606812.953000,disarm,disarm
1783440158.780863,606813.015000,disarm,disarm
1783440158.842858,606813.078000,disarm,disarm
1783440158.906043,606813.140000,disarm,disarm
1783440158.966944,606813.203000,disarm,disarm
1783440159.029075,606813.265000,disarm,disarm
1783440159.106643,606813.343000,disarm,disarm
1783440159.168478,606813.406000,disarm,disarm
1783440159.231994,606813.468000,disarm,disarm
1783440159.293087,606813.531000,disarm,disarm
1783440159.355016,606813.578000,disarm,disarm
1783440159.416907,606813.640000,disarm,disarm
1783440159.469332,606813.703000,disarm,disarm
1783440159.529443,606813.765000,disarm,disarm
1783440159.596659,606813.828000,disarm,disarm
1783440159.662879,606813.890000,disarm,disarm
1783440159.723564,606813.953000,disarm,disarm
1783440159.784776,606814.015000,disarm,disarm
1783440159.848730,606814.078000,disarm,disarm
1783440159.911179,606814.140000,disarm,disarm
1783440159.973559,606814.203000,disarm,disarm
1783440160.035174,606814.265000,disarm,disarm
1783440160.096208,606814.328000,disarm,disarm
1783440160.157965,606814.390000,disarm,disarm
1783440160.215670,606814.453000,disarm,disarm
1783440160.280663,606814.515000,disarm,disarm
1783440160.341148,606814.578000,disarm,disarm
1783440160.404516,606814.640000,disarm,disarm
1783440160.467051,606814.703000,disarm,disarm
1783440160.528025,606814.765000,disarm,disarm
1783440160.606498,606814.843000,disarm,disarm
1783440160.668184,606814.906000,disarm,disarm
1783440160.723083,606814.953000,disarm,disarm
1783440160.781002,606815.015000,disarm,disarm
1783440160.852783,606815.078000,disarm,disarm
1783440160.914751,606815.140000,disarm,disarm
1783440160.976159,606815.203000,disarm,disarm
1783440161.038424,606815.265000,disarm,disarm
1783440161.101063,606815.328000,disarm,disarm
1783440161.161977,606815.390000,disarm,disarm
1783440161.223394,606815.453000,disarm,disarm
1783440161.285885,606815.515000,disarm,disarm
1783440161.347885,606815.578000,disarm,disarm
1783440161.409884,606815.640000,disarm,disarm
1783440161.469325,606815.703000,disarm,disarm
1783440161.533136,606815.765000,disarm,disarm
1783440161.594376,606815.828000,disarm,disarm
1783440161.655284,606815.890000,disarm,disarm
1783440161.717267,606815.953000,disarm,disarm
1783440161.779515,606816.015000,disarm,disarm
1783440161.841249,606816.078000,disarm,disarm
1783440161.918773,606816.156000,disarm,disarm
1783440161.981569,606816.218000,disarm,disarm
1783440162.042563,606816.265000,disarm,disarm
1783440162.104155,606816.328000,disarm,disarm
1783440162.166153,606816.390000,disarm,disarm
1783440162.221603,606816.453000,disarm,disarm
1783440162.289824,606816.515000,disarm,disarm
1783440162.351722,606816.578000,disarm,disarm
1783440162.414456,606816.640000,disarm,disarm
1783440162.476390,606816.703000,disarm,disarm
1783440162.539141,606816.765000,disarm,disarm
1783440162.601129,606816.828000,disarm,disarm
1783440162.664062,606816.890000,disarm,disarm
1783440162.725396,606816.953000,disarm,disarm
1783440162.786833,606817.015000,disarm,disarm
1783440162.850250,606817.078000,disarm,disarm
1783440162.911625,606817.140000,disarm,disarm
1783440162.971792,606817.203000,disarm,disarm
1783440163.035965,606817.265000,disarm,disarm
1783440163.098353,606817.328000,disarm,disarm
1783440163.159903,606817.390000,disarm,disarm
1783440163.220860,606817.453000,disarm,disarm
1783440163.282590,606817.515000,disarm,disarm
1783440163.344439,606817.578000,disarm,disarm
1783440163.406891,606817.640000,disarm,disarm
1783440163.469157,606817.703000,disarm,disarm
1783440163.530534,606817.765000,disarm,disarm
1783440163.593314,606817.828000,disarm,disarm
1783440163.669485,606817.906000,disarm,disarm
1783440163.730730,606817.968000,disarm,disarm
1783440163.793974,606818.031000,disarm,disarm
1783440163.855334,606818.093000,disarm,disarm
1783440163.917493,606818.140000,disarm,disarm
1783440163.978393,606818.203000,disarm,disarm
1783440164.039716,606818.265000,disarm,disarm
1783440164.100707,606818.328000,disarm,disarm
1783440164.161634,606818.390000,disarm,disarm
1783440164.224114,606818.453000,disarm,disarm
1783440164.285418,606818.515000,disarm,disarm
1783440164.347110,606818.578000,disarm,disarm
1783440164.409642,606818.640000,disarm,disarm
1783440164.472839,606818.703000,disarm,disarm
1783440164.534615,606818.765000,disarm,disarm
1783440164.597056,606818.828000,disarm,disarm
1783440164.658348,606818.890000,disarm,disarm
1783440164.719020,606818.953000,disarm,disarm
1783440164.781334,606819.015000,disarm,disarm
1783440164.842668,606819.078000,disarm,disarm
1783440164.904513,606819.140000,disarm,disarm
1783440164.981316,606819.218000,disarm,disarm
1783440165.043501,606819.281000,disarm,disarm
1783440165.106664,606819.343000,disarm,disarm
1783440165.168983,606819.406000,disarm,disarm
1783440165.230474,606819.468000,disarm,disarm
1783440165.292376,606819.515000,disarm,disarm
1783440165.353993,606819.578000,disarm,disarm
1783440165.415347,606819.640000,disarm,disarm
1783440165.476187,606819.703000,disarm,disarm
1783440165.538123,606819.765000,disarm,disarm
1783440165.600829,606819.828000,disarm,disarm
1783440165.662231,606819.890000,disarm,disarm
1783440165.724048,606819.953000,disarm,disarm
1783440165.784347,606820.015000,disarm,disarm
1783440165.845812,606820.078000,disarm,disarm
1783440165.908044,606820.140000,disarm,disarm
1783440165.969711,606820.203000,disarm,disarm
1783440166.032338,606820.265000,disarm,disarm
1783440166.093709,606820.328000,disarm,disarm
1783440166.157167,606820.390000,disarm,disarm
1783440166.219830,606820.453000,disarm,disarm
1783440166.282462,606820.515000,disarm,disarm
1783440166.344092,606820.578000,disarm,disarm
1783440166.406107,606820.640000,disarm,disarm
1783440166.468564,606820.703000,disarm,disarm
1783440166.530820,606820.765000,disarm,disarm
1783440166.593569,606820.828000,disarm,disarm
1783440166.655495,606820.890000,disarm,disarm
1783440166.718430,606820.953000,disarm,disarm
1783440166.779572,606821.015000,disarm,disarm
1783440166.855732,606821.093000,disarm,disarm
1783440166.918083,606821.156000,disarm,disarm
1783440166.979951,606821.203000,disarm,disarm
1783440167.042254,606821.265000,disarm,disarm
1783440167.104410,606821.328000,disarm,disarm
1783440167.166579,606821.390000,disarm,disarm
1783440167.229336,606821.453000,disarm,disarm
1783440167.289587,606821.515000,disarm,disarm
1783440167.352661,606821.578000,disarm,disarm
1783440167.413326,606821.640000,disarm,disarm
1783440167.476206,606821.703000,disarm,disarm
1783440167.532222,606821.765000,disarm,disarm
1783440167.599329,606821.828000,disarm,disarm
1783440167.659620,606821.890000,disarm,disarm
1783440167.719205,606821.953000,disarm,disarm
1783440167.779681,606822.015000,disarm,disarm
1783440167.847285,606822.078000,disarm,disarm
1783440167.909166,606822.140000,disarm,disarm
1783440167.967164,606822.203000,disarm,disarm
1783440168.034064,606822.265000,disarm,disarm
1783440168.097069,606822.328000,disarm,disarm
1783440168.159006,606822.390000,disarm,disarm
1783440168.221045,606822.453000,disarm,disarm
1783440168.286037,606822.515000,disarm,disarm
1783440168.348297,606822.578000,disarm,disarm
1783440168.410231,606822.640000,disarm,disarm
1783440168.471040,606822.703000,disarm,disarm
1783440168.533515,606822.765000,disarm,disarm
1783440168.595018,606822.828000,disarm,disarm
1783440168.657259,606822.890000,disarm,disarm
1783440168.719110,606822.953000,disarm,disarm
1783440168.780920,606823.015000,disarm,disarm
1783440168.841879,606823.078000,disarm,disarm
1783440168.918426,606823.156000,disarm,disarm
1783440168.966920,606823.203000,disarm,disarm
1783440169.044401,606823.281000,disarm,disarm
1783440169.106629,606823.343000,disarm,disarm
1783440169.168796,606823.406000,disarm,disarm
1783440169.230806,606823.468000,disarm,disarm
1783440169.293333,606823.531000,disarm,disarm
1783440169.355796,606823.593000,disarm,disarm
1783440169.418966,606823.656000,disarm,disarm
1783440169.480364,606823.718000,disarm,disarm
1783440169.542807,606823.781000,disarm,disarm
1783440169.602974,606823.828000,disarm,disarm
1783440169.664670,606823.890000,disarm,disarm
1783440169.727315,606823.953000,disarm,disarm
1783440169.788633,606824.015000,disarm,disarm
1783440169.850091,606824.078000,disarm,disarm
1783440169.912238,606824.140000,disarm,disarm
1783440169.973096,606824.203000,disarm,disarm
1783440170.035209,606824.265000,disarm,disarm
1783440170.096776,606824.328000,disarm,disarm
1783440170.159535,606824.390000,disarm,disarm
1783440170.222112,606824.453000,disarm,disarm
1783440170.283854,606824.515000,disarm,disarm
1783440170.345532,606824.578000,disarm,disarm
1783440170.408084,606824.640000,disarm,disarm
1783440170.468965,606824.703000,disarm,disarm
1783440170.531501,606824.765000,disarm,disarm
1783440170.593467,606824.828000,disarm,disarm
1783440170.655659,606824.890000,disarm,disarm
1783440170.718685,606824.953000,disarm,disarm
1783440170.780752,606825.015000,disarm,disarm
1783440170.842081,606825.078000,disarm,disarm
1783440170.904496,606825.140000,disarm,disarm
1783440170.981250,606825.218000,disarm,disarm
1783440171.042822,606825.281000,disarm,disarm
1783440171.106087,606825.343000,disarm,disarm
1783440171.168265,606825.406000,disarm,disarm
1783440171.229671,606825.453000,disarm,disarm
1783440171.291243,606825.515000,disarm,disarm
1783440171.352267,606825.578000,disarm,disarm
1783440171.414988,606825.640000,disarm,disarm
1783440171.476201,606825.703000,disarm,disarm
1783440171.538590,606825.765000,disarm,disarm
1783440171.600153,606825.828000,disarm,disarm
1783440171.662650,606825.890000,disarm,disarm
1783440171.724477,606825.953000,disarm,disarm
1783440171.786915,606826.015000,disarm,disarm
1783440171.848474,606826.078000,disarm,disarm
1783440171.910604,606826.140000,disarm,disarm
1783440171.972558,606826.203000,disarm,disarm
1783440172.035138,606826.265000,disarm,disarm
1783440172.096808,606826.328000,disarm,disarm
1783440172.159051,606826.390000,disarm,disarm
1783440172.221063,606826.453000,disarm,disarm
1783440172.283339,606826.515000,disarm,disarm
1783440172.345521,606826.578000,disarm,disarm
1783440172.407601,606826.640000,disarm,disarm
1783440172.469462,606826.703000,disarm,disarm
1783440172.530960,606826.765000,disarm,disarm
1783440172.593152,606826.828000,disarm,disarm
1783440172.656877,606826.890000,disarm,disarm
1783440172.718502,606826.953000,disarm,disarm
1783440172.780458,606827.015000,disarm,disarm
1783440172.842838,606827.078000,disarm,disarm
1783440172.905039,606827.140000,disarm,disarm
1783440172.981762,606827.218000,disarm,disarm
1783440173.043313,606827.281000,disarm,disarm
1783440173.105337,606827.343000,disarm,disarm
1783440173.166785,606827.390000,disarm,disarm
1783440173.228916,606827.453000,disarm,disarm
1783440173.291096,606827.515000,disarm,disarm
1783440173.351412,606827.578000,disarm,disarm
1783440173.413275,606827.640000,disarm,disarm
1783440173.475726,606827.703000,disarm,disarm
1783440173.537744,606827.765000,disarm,disarm
1783440173.599385,606827.828000,disarm,disarm
1783440173.661865,606827.890000,disarm,disarm
1783440173.723195,606827.953000,disarm,disarm
1783440173.785933,606828.015000,disarm,disarm
1783440173.847977,606828.078000,disarm,disarm
1783440173.910176,606828.140000,disarm,disarm
1783440173.971122,606828.203000,disarm,disarm
1783440174.033021,606828.265000,disarm,disarm
1783440174.095396,606828.328000,disarm,disarm
1783440174.156600,606828.390000,disarm,disarm
1783440174.220139,606828.453000,disarm,disarm
1783440174.282122,606828.515000,disarm,disarm
1783440174.343297,606828.578000,disarm,disarm
1783440174.405082,606828.640000,disarm,disarm
1783440174.467338,606828.703000,disarm,disarm
1783440174.529827,606828.765000,disarm,disarm
1783440174.591489,606828.828000,disarm,disarm
1783440174.654119,606828.890000,disarm,disarm
1783440174.730940,606828.968000,disarm,disarm
1783440174.793441,606829.031000,disarm,disarm
1783440174.854620,606829.078000,disarm,disarm
1783440174.915915,606829.140000,disarm,disarm
1783440174.978037,606829.203000,disarm,disarm
1783440175.039825,606829.265000,disarm,disarm
1783440175.103320,606829.328000,disarm,disarm
1783440175.166139,606829.390000,disarm,disarm
1783440175.227534,606829.453000,disarm,disarm
1783440175.291265,606829.515000,disarm,disarm
1783440175.353698,606829.578000,disarm,disarm
1783440175.415919,606829.640000,disarm,disarm
1783440175.477720,606829.703000,disarm,disarm
1783440175.538618,606829.765000,disarm,disarm
1783440175.601522,606829.828000,disarm,disarm
1783440175.663168,606829.890000,disarm,disarm
1783440175.724216,606829.953000,disarm,disarm
1783440175.787178,606830.015000,disarm,disarm
1783440175.848584,606830.078000,disarm,disarm
1783440175.910670,606830.140000,disarm,disarm
1783440175.972531,606830.203000,disarm,disarm
1783440176.034240,606830.265000,disarm,disarm
1783440176.096289,606830.328000,disarm,disarm
1783440176.158026,606830.390000,disarm,disarm
1783440176.219899,606830.453000,disarm,disarm
1783440176.281416,606830.515000,disarm,disarm
1783440176.343481,606830.578000,disarm,disarm
1783440176.405475,606830.640000,disarm,disarm
1783440176.482624,606830.718000,disarm,disarm
1783440176.559510,606830.796000,disarm,disarm
1783440176.622670,606830.859000,disarm,disarm
1783440176.684077,606830.921000,disarm,disarm
1783440176.745676,606830.968000,disarm,disarm
1783440176.808336,606831.046000,disarm,disarm
1783440176.870407,606831.093000,disarm,disarm
1783440176.932349,606831.156000,disarm,disarm
1783440176.994071,606831.218000,disarm,disarm
1783440177.056614,606831.281000,disarm,disarm
1783440177.116910,606831.343000,disarm,disarm
1783440177.179051,606831.406000,disarm,disarm
1783440177.242025,606831.468000,disarm,disarm
1783440177.303362,606831.531000,disarm,disarm
1783440177.365264,606831.593000,disarm,disarm
1783440177.426213,606831.656000,disarm,disarm
1783440177.488379,606831.718000,disarm,disarm
1783440177.551612,606831.781000,disarm,disarm
1783440177.613648,606831.843000,disarm,disarm
1783440177.675621,606831.906000,disarm,disarm
1783440177.738540,606831.968000,disarm,disarm
1783440177.799753,606832.031000,disarm,disarm
1783440177.861095,606832.093000,disarm,disarm
1783440177.923088,606832.156000,disarm,disarm
1783440177.985045,606832.218000,disarm,disarm
1783440178.046318,606832.281000,disarm,disarm
1783440178.107569,606832.343000,disarm,disarm
1783440178.170020,606832.406000,disarm,disarm
1783440178.233255,606832.468000,disarm,disarm
1783440178.309545,606832.546000,disarm,disarm
1783440178.372947,606832.609000,disarm,disarm
1783440178.449579,606832.687000,disarm,disarm
1783440178.511416,606832.750000,disarm,disarm
1783440178.573931,606832.812000,disarm,disarm
1783440178.635427,606832.859000,disarm,disarm
1783440178.698372,606832.921000,disarm,disarm
1783440178.760826,606832.984000,disarm,disarm
1783440178.821663,606833.046000,disarm,disarm
1783440178.884912,606833.109000,disarm,disarm
1783440178.945864,606833.171000,disarm,disarm
1783440179.007211,606833.234000,disarm,disarm
1783440179.069257,606833.296000,disarm,disarm
1783440179.131647,606833.359000,disarm,disarm
1783440179.194068,606833.421000,disarm,disarm
1783440179.256800,606833.484000,disarm,disarm
1783440179.318182,606833.546000,disarm,disarm
1783440179.380720,606833.609000,disarm,disarm
1783440179.443122,606833.671000,disarm,disarm
1783440179.504699,606833.734000,disarm,disarm
1783440179.567964,606833.796000,disarm,disarm
1783440179.629878,606833.859000,disarm,disarm
1783440179.692835,606833.921000,disarm,disarm
1783440179.754656,606833.984000,disarm,disarm
1783440179.816910,606834.046000,disarm,disarm
1783440179.877697,606834.109000,disarm,disarm
1783440179.940581,606834.171000,disarm,disarm
1783440180.002171,606834.234000,disarm,disarm
1783440180.063600,606834.296000,disarm,disarm
1783440180.124743,606834.359000,disarm,disarm
1783440180.186037,606834.421000,disarm,disarm
1783440180.248820,606834.484000,disarm,disarm
1783440180.325362,606834.562000,disarm,disarm
1783440180.388007,606834.625000,disarm,disarm
1783440180.448893,606834.687000,disarm,disarm
1783440180.511513,606834.750000,disarm,disarm
1783440180.573449,606834.796000,disarm,disarm
1783440180.636073,606834.859000,disarm,disarm
1783440180.697749,606834.921000,disarm,disarm
1783440180.760914,606834.984000,disarm,disarm
1783440180.822749,606835.046000,disarm,disarm
1783440180.884426,606835.109000,disarm,disarm
1783440180.945844,606835.171000,disarm,disarm
1783440181.008178,606835.234000,disarm,disarm
1783440181.070831,606835.296000,disarm,disarm
1783440181.133512,606835.359000,disarm,disarm
1783440181.194792,606835.421000,disarm,disarm
1783440181.257583,606835.484000,disarm,disarm
1783440181.320055,606835.546000,disarm,disarm
1783440181.381312,606835.609000,disarm,disarm
1783440181.443705,606835.671000,disarm,disarm
1783440181.504746,606835.734000,disarm,disarm
1783440181.566049,606835.796000,disarm,disarm
1783440181.627578,606835.859000,disarm,disarm
1783440181.690006,606835.921000,disarm,disarm
1783440181.752940,606835.984000,disarm,disarm
1783440181.813212,606836.046000,disarm,disarm
1783440181.875589,606836.109000,disarm,disarm
1783440181.935438,606836.171000,disarm,disarm
1783440181.998617,606836.234000,disarm,disarm
1783440182.075110,606836.312000,disarm,disarm
1783440182.132626,606836.359000,disarm,disarm
1783440182.198878,606836.437000,disarm,disarm
1783440182.261089,606836.484000,disarm,disarm
1783440182.324009,606836.562000,disarm,disarm
1783440182.385472,606836.609000,disarm,disarm
1783440182.447279,606836.671000,disarm,disarm
1783440182.509219,606836.734000,disarm,disarm
1783440182.571454,606836.796000,disarm,disarm
1783440182.634381,606836.859000,disarm,disarm
1783440182.695398,606836.921000,disarm,disarm
1783440182.756356,606836.984000,disarm,disarm
1783440182.819906,606837.046000,disarm,disarm
1783440182.881785,606837.109000,disarm,disarm
1783440182.942301,606837.171000,disarm,disarm
1783440183.003338,606837.234000,disarm,disarm
1783440183.066367,606837.296000,disarm,disarm
1783440183.129334,606837.359000,disarm,disarm
1783440183.192851,606837.421000,disarm,disarm
1783440183.255354,606837.484000,disarm,disarm
1783440183.316796,606837.546000,disarm,disarm
1783440183.378699,606837.609000,disarm,disarm
1783440183.441351,606837.671000,disarm,disarm
1783440183.502867,606837.734000,disarm,disarm
1783440183.564653,606837.796000,disarm,disarm
1783440183.627740,606837.859000,disarm,disarm
1783440183.689709,606837.921000,disarm,disarm
1783440183.751906,606837.984000,disarm,disarm
1783440183.813264,606838.046000,disarm,disarm
1783440183.875648,606838.109000,disarm,disarm
1783440183.937083,606838.171000,disarm,disarm
1783440183.997859,606838.234000,disarm,disarm
1783440184.075330,606838.312000,disarm,disarm
1783440184.130461,606838.359000,disarm,disarm
1783440184.199532,606838.437000,disarm,disarm
1783440184.261784,606838.500000,disarm,disarm
1783440184.324620,606838.562000,disarm,disarm
1783440184.385445,606838.609000,disarm,disarm
1783440184.447410,606838.671000,disarm,disarm
1783440184.509709,606838.734000,disarm,disarm
1783440184.571861,606838.796000,disarm,disarm
1783440184.633410,606838.859000,disarm,disarm
1783440184.695415,606838.921000,disarm,disarm
1783440184.757845,606838.984000,disarm,disarm
1783440184.818825,606839.046000,disarm,disarm
1783440184.881295,606839.109000,disarm,disarm
1783440184.942906,606839.171000,disarm,disarm
1783440185.005524,606839.234000,disarm,disarm
1783440185.066715,606839.296000,disarm,disarm
1783440185.128191,606839.359000,disarm,disarm
1783440185.189940,606839.421000,disarm,disarm
1783440185.252297,606839.484000,disarm,disarm
1783440185.314224,606839.546000,disarm,disarm
1783440185.376262,606839.609000,disarm,disarm
1783440185.437674,606839.671000,disarm,disarm
1783440185.499650,606839.734000,disarm,disarm
1783440185.560604,606839.796000,disarm,disarm
1783440185.622905,606839.859000,disarm,disarm
1783440185.699423,606839.937000,disarm,disarm
1783440185.762122,606840.000000,disarm,disarm
1783440185.823949,606840.062000,disarm,disarm
1783440185.885630,606840.109000,disarm,disarm
1783440185.947668,606840.171000,disarm,disarm
1783440186.009648,606840.234000,disarm,disarm
1783440186.072622,606840.296000,disarm,disarm
1783440186.133189,606840.359000,disarm,disarm
1783440186.195002,606840.421000,disarm,disarm
1783440186.257950,606840.484000,disarm,disarm
1783440186.321131,606840.546000,disarm,disarm
1783440186.383448,606840.609000,disarm,disarm
1783440186.445692,606840.671000,disarm,disarm
1783440186.508199,606840.734000,disarm,disarm
1783440186.570559,606840.796000,disarm,disarm
1783440186.632437,606840.859000,disarm,disarm
1783440186.695232,606840.921000,disarm,disarm
1783440186.756458,606840.984000,disarm,disarm
1783440186.818352,606841.046000,disarm,disarm
1783440186.880283,606841.109000,disarm,disarm
1783440186.943304,606841.171000,disarm,disarm
1783440187.003299,606841.234000,disarm,disarm
1783440187.065283,606841.296000,disarm,disarm
1783440187.127115,606841.359000,disarm,disarm
1783440187.187919,606841.421000,disarm,disarm
1783440187.250836,606841.484000,disarm,disarm
1783440187.312324,606841.546000,disarm,disarm
1783440187.374588,606841.609000,disarm,disarm
1783440187.436600,606841.671000,disarm,disarm
1783440187.498937,606841.734000,disarm,disarm
1783440187.561353,606841.796000,disarm,disarm
1783440187.623578,606841.859000,disarm,disarm
1783440187.698783,606841.921000,disarm,disarm
1783440187.760196,606841.984000,disarm,disarm
1783440187.823436,606842.046000,disarm,disarm
1783440187.886590,606842.125000,disarm,disarm
1783440187.947701,606842.171000,disarm,disarm
1783440188.010291,606842.234000,disarm,disarm
1783440188.071483,606842.296000,disarm,disarm
1783440188.134582,606842.359000,disarm,disarm
1783440188.197657,606842.421000,disarm,disarm
1783440188.259093,606842.484000,disarm,disarm
1783440188.322569,606842.546000,disarm,disarm
1783440188.383550,606842.609000,disarm,disarm
1783440188.445966,606842.671000,disarm,disarm
1783440188.507940,606842.734000,disarm,disarm
1783440188.569101,606842.796000,disarm,disarm
1783440188.631920,606842.859000,disarm,disarm
1783440188.692653,606842.921000,disarm,disarm
1783440188.754443,606842.984000,disarm,disarm
1783440188.817428,606843.046000,disarm,disarm
1783440188.879039,606843.109000,disarm,disarm
1783440188.940726,606843.171000,disarm,disarm
1783440189.002028,606843.234000,disarm,disarm
1783440189.063725,606843.296000,disarm,disarm
1783440189.125859,606843.359000,disarm,disarm
1783440189.188858,606843.421000,disarm,disarm
1783440189.250898,606843.484000,disarm,disarm
1783440189.313750,606843.546000,disarm,disarm
1783440189.374797,606843.609000,disarm,disarm
1783440189.436040,606843.671000,disarm,disarm
1783440189.513459,606843.750000,disarm,disarm
1783440189.575676,606843.812000,disarm,disarm
1783440189.637168,606843.875000,disarm,disarm
1783440189.698738,606843.921000,disarm,disarm
1783440189.761164,606843.984000,disarm,disarm
1783440189.823155,606844.046000,disarm,disarm
1783440189.885242,606844.109000,disarm,disarm
1783440189.946620,606844.171000,disarm,disarm
1783440190.008557,606844.234000,disarm,disarm
1783440190.070512,606844.296000,disarm,disarm
1783440190.132752,606844.359000,disarm,disarm
1783440190.194077,606844.421000,disarm,disarm
1783440190.256027,606844.484000,disarm,disarm
1783440190.317466,606844.546000,disarm,disarm
1783440190.380831,606844.609000,disarm,disarm
1783440190.443213,606844.671000,disarm,disarm
1783440190.505676,606844.734000,disarm,disarm
1783440190.567436,606844.796000,disarm,disarm
1783440190.630348,606844.859000,disarm,disarm
1783440190.691610,606844.921000,disarm,disarm
1783440190.754057,606844.984000,disarm,disarm
1783440190.815861,606845.046000,disarm,disarm
1783440190.876823,606845.109000,disarm,disarm
1783440190.937595,606845.171000,disarm,disarm
1783440191.000327,606845.234000,disarm,disarm
1783440191.062240,606845.296000,disarm,disarm
1783440191.124871,606845.359000,disarm,disarm
1783440191.186854,606845.421000,disarm,disarm
1783440191.248763,606845.484000,disarm,disarm
1783440191.311275,606845.546000,disarm,disarm
1783440191.373528,606845.609000,disarm,disarm
1783440191.436226,606845.671000,disarm,disarm
1783440191.498221,606845.734000,disarm,disarm
1783440191.560863,606845.796000,disarm,disarm
1783440191.637737,606845.875000,disarm,disarm
1783440191.698876,606845.937000,disarm,disarm
1783440191.760617,606845.984000,disarm,disarm
1783440191.822599,606846.046000,disarm,disarm
1783440191.885340,606846.109000,disarm,disarm
1783440191.948029,606846.171000,disarm,disarm
1783440192.010761,606846.234000,disarm,disarm
1783440192.072058,606846.296000,disarm,disarm
1783440192.133950,606846.359000,disarm,disarm
1783440192.196528,606846.421000,disarm,disarm
1783440192.258062,606846.484000,disarm,disarm
1783440192.320429,606846.546000,disarm,disarm
1783440192.381574,606846.609000,disarm,disarm
1783440192.443679,606846.671000,disarm,disarm
1783440192.505847,606846.734000,disarm,disarm
1783440192.567815,606846.796000,disarm,disarm
1783440192.629134,606846.859000,disarm,disarm
1783440192.692306,606846.921000,disarm,disarm
1783440192.754397,606846.984000,disarm,disarm
1783440192.816343,606847.046000,disarm,disarm
1783440192.878343,606847.109000,disarm,disarm
1783440192.939741,606847.171000,disarm,disarm
1783440193.001498,606847.234000,disarm,disarm
1783440193.062741,606847.296000,disarm,disarm
1783440193.126086,606847.359000,disarm,disarm
1783440193.187909,606847.421000,disarm,disarm
1783440193.249292,606847.484000,disarm,disarm
1783440193.311199,606847.546000,disarm,disarm
1783440193.374232,606847.609000,disarm,disarm
1783440193.434903,606847.671000,disarm,disarm
1783440193.511887,606847.750000,disarm,disarm
1783440193.573252,606847.796000,disarm,disarm
1783440193.635495,606847.859000,disarm,disarm
1783440193.697188,606847.921000,disarm,disarm
1783440193.758130,606847.984000,disarm,disarm
1783440193.819401,606848.046000,disarm,disarm
1783440193.880617,606848.109000,disarm,disarm
1783440193.942380,606848.171000,disarm,disarm
1783440194.004258,606848.234000,disarm,disarm
1783440194.067078,606848.296000,disarm,disarm
1783440194.128507,606848.359000,disarm,disarm
1783440194.191467,606848.421000,disarm,disarm
1783440194.253080,606848.484000,disarm,disarm
1783440194.315151,606848.546000,disarm,disarm
1783440194.377679,606848.609000,disarm,disarm
1783440194.439434,606848.671000,disarm,disarm
1783440194.501237,606848.734000,disarm,disarm
1783440194.563446,606848.796000,disarm,disarm
1783440194.625963,606848.859000,disarm,disarm
1783440194.687876,606848.921000,disarm,disarm
1783440194.749857,606848.984000,disarm,disarm
1783440194.812665,606849.046000,disarm,disarm
1783440194.874861,606849.109000,disarm,disarm
1783440194.936421,606849.171000,disarm,disarm
1783440194.999361,606849.234000,disarm,disarm
1783440195.062316,606849.296000,disarm,disarm
1783440195.125150,606849.359000,disarm,disarm
1783440195.187092,606849.421000,disarm,disarm
1783440195.249855,606849.484000,disarm,disarm
1783440195.311721,606849.546000,disarm,disarm
1783440195.373291,606849.609000,disarm,disarm
1783440195.435404,606849.671000,disarm,disarm
1783440195.512233,606849.750000,disarm,disarm
1783440195.574147,606849.812000,disarm,disarm
1783440195.635700,606849.859000,disarm,disarm
1783440195.696734,606849.921000,disarm,disarm
1783440195.758575,606849.984000,disarm,disarm
1783440195.820680,606850.046000,disarm,disarm
1783440195.883460,606850.109000,disarm,disarm
1783440195.944337,606850.171000,disarm,disarm
1783440196.006658,606850.234000,disarm,disarm
1783440196.069464,606850.296000,disarm,disarm
1783440196.131521,606850.359000,disarm,disarm
1783440196.193506,606850.421000,disarm,disarm
1783440196.256554,606850.484000,disarm,disarm
1783440196.317039,606850.546000,disarm,disarm
1783440196.379075,606850.609000,disarm,disarm
1783440196.441897,606850.671000,disarm,disarm
1783440196.503999,606850.734000,disarm,disarm
1783440196.566952,606850.796000,disarm,disarm
1783440196.629266,606850.859000,disarm,disarm
1783440196.691582,606850.921000,disarm,disarm
1783440196.753455,606850.984000,disarm,disarm
1783440196.815289,606851.046000,disarm,disarm
1783440196.876784,606851.109000,disarm,disarm
1783440196.939595,606851.171000,disarm,disarm
1783440197.001792,606851.234000,disarm,disarm
1783440197.064426,606851.296000,disarm,disarm
1783440197.126793,606851.359000,disarm,disarm
1783440197.188800,606851.421000,disarm,disarm
1783440197.250461,606851.484000,disarm,disarm
1783440197.312313,606851.546000,disarm,disarm
1783440197.373223,606851.609000,disarm,disarm
1783440197.435513,606851.671000,disarm,disarm
1783440197.498438,606851.734000,disarm,disarm
1783440197.574968,606851.812000,disarm,disarm
1783440197.636679,606851.875000,disarm,disarm
1783440197.697285,606851.921000,disarm,disarm
1783440197.760169,606851.984000,disarm,disarm
1783440197.821159,606852.046000,disarm,disarm
1783440197.883618,606852.109000,disarm,disarm
1783440197.945816,606852.171000,disarm,disarm
1783440198.008565,606852.234000,disarm,disarm
1783440198.070128,606852.296000,disarm,disarm
1783440198.132112,606852.359000,disarm,disarm
1783440198.194749,606852.421000,disarm,disarm
1783440198.256012,606852.484000,disarm,disarm
1783440198.316930,606852.546000,disarm,disarm
1783440198.378781,606852.609000,disarm,disarm
1783440198.441419,606852.671000,disarm,disarm
1783440198.504051,606852.734000,disarm,disarm
1783440198.565362,606852.796000,disarm,disarm
1783440198.627658,606852.859000,disarm,disarm
1783440198.689495,606852.921000,disarm,disarm
1783440198.751852,606852.984000,disarm,disarm
1783440198.812806,606853.046000,disarm,disarm
1783440198.873299,606853.109000,disarm,disarm
1783440198.934880,606853.171000,disarm,disarm
1783440199.012190,606853.250000,disarm,disarm
1783440199.073767,606853.296000,disarm,disarm
1783440199.131191,606853.359000,disarm,disarm
1783440199.199688,606853.437000,disarm,disarm
1783440199.261677,606853.500000,disarm,disarm
1783440199.324178,606853.562000,disarm,disarm
1783440199.385628,606853.609000,disarm,disarm
1783440199.446291,606853.671000,disarm,disarm
1783440199.509130,606853.734000,disarm,disarm
1783440199.571399,606853.796000,disarm,disarm
1783440199.632184,606853.859000,disarm,disarm
1783440199.694633,606853.921000,disarm,disarm
1783440199.757132,606853.984000,disarm,disarm
1783440199.818878,606854.046000,disarm,disarm
1783440199.880634,606854.109000,disarm,disarm
1783440199.942997,606854.171000,disarm,disarm
1783440200.004555,606854.234000,disarm,disarm
1783440200.066740,606854.296000,disarm,disarm
1783440200.128593,606854.359000,disarm,disarm
1783440200.190383,606854.421000,disarm,disarm
1783440200.251469,606854.484000,disarm,disarm
1783440200.313879,606854.546000,disarm,disarm
1783440200.375036,606854.609000,disarm,disarm
1783440200.436798,606854.671000,disarm,disarm
1783440200.500270,606854.734000,disarm,disarm
1783440200.561816,606854.796000,disarm,disarm
1783440200.623385,606854.859000,disarm,disarm
1783440200.685253,606854.921000,disarm,disarm
1783440200.762947,606855.000000,disarm,disarm
1783440200.824520,606855.062000,disarm,disarm
1783440200.885653,606855.109000,disarm,disarm
1783440200.947445,606855.171000,disarm,disarm
1783440201.009462,606855.234000,disarm,disarm
1783440201.071289,606855.296000,disarm,disarm
1783440201.134222,606855.359000,disarm,disarm
1783440201.196515,606855.421000,disarm,disarm
1783440201.258497,606855.484000,disarm,disarm
1783440201.321657,606855.546000,disarm,disarm
1783440201.383702,606855.609000,disarm,disarm
1783440201.445731,606855.671000,disarm,disarm
1783440201.508049,606855.734000,disarm,disarm
1783440201.570971,606855.796000,disarm,disarm
1783440201.632833,606855.859000,disarm,disarm
1783440201.695099,606855.921000,disarm,disarm
1783440201.756050,606855.984000,disarm,disarm
1783440201.818521,606856.046000,disarm,disarm
1783440201.880991,606856.109000,disarm,disarm
1783440201.943204,606856.171000,disarm,disarm
1783440202.004415,606856.234000,disarm,disarm
1783440202.066459,606856.296000,disarm,disarm
1783440202.129004,606856.359000,disarm,disarm
1783440202.191792,606856.421000,disarm,disarm
1783440202.252920,606856.484000,disarm,disarm
1783440202.314315,606856.546000,disarm,disarm
1783440202.376837,606856.609000,disarm,disarm
1783440202.437377,606856.671000,disarm,disarm
1783440202.499634,606856.734000,disarm,disarm
1783440202.561454,606856.796000,disarm,disarm
1783440202.623872,606856.859000,disarm,disarm
1783440202.686738,606856.921000,disarm,disarm
1783440202.762719,606857.000000,disarm,disarm
1783440202.825937,606857.062000,disarm,disarm
1783440202.887688,606857.125000,disarm,disarm
1783440202.948107,606857.171000,disarm,disarm
1783440202.998132,606857.234000,disarm,disarm
1783440203.074160,606857.312000,disarm,disarm
1783440203.136435,606857.375000,disarm,disarm
1783440203.198148,606857.421000,disarm,disarm
1783440203.259007,606857.484000,disarm,disarm
1783440203.321075,606857.546000,disarm,disarm
1783440203.382560,606857.609000,disarm,disarm
1783440203.443961,606857.671000,disarm,disarm
1783440203.506909,606857.734000,disarm,disarm
1783440203.568240,606857.796000,disarm,disarm
1783440203.630536,606857.859000,disarm,disarm
1783440203.692385,606857.921000,disarm,disarm
1783440203.754885,606857.984000,disarm,disarm
1783440203.816068,606858.046000,disarm,disarm
1783440203.878834,606858.109000,disarm,disarm
1783440203.941024,606858.171000,disarm,disarm
1783440204.003193,606858.234000,disarm,disarm
1783440204.065342,606858.296000,disarm,disarm
1783440204.127425,606858.359000,disarm,disarm
1783440204.189755,606858.421000,disarm,disarm
1783440204.249625,606858.484000,disarm,disarm
1783440204.311733,606858.546000,disarm,disarm
1783440204.373395,606858.609000,disarm,disarm
1783440204.436253,606858.671000,disarm,disarm
1783440204.499205,606858.734000,disarm,disarm
1783440204.561020,606858.796000,disarm,disarm
1783440204.623275,606858.859000,disarm,disarm
1783440204.685180,606858.921000,disarm,disarm
1783440204.763124,606859.000000,disarm,disarm
1783440204.825413,606859.062000,disarm,disarm
1783440204.887590,606859.125000,disarm,disarm
1783440204.948629,606859.171000,disarm,disarm
1783440205.011697,606859.250000,disarm,disarm
1783440205.074113,606859.312000,disarm,disarm
1783440205.135205,606859.359000,disarm,disarm
1783440205.198107,606859.421000,disarm,disarm
1783440205.259485,606859.484000,disarm,disarm
1783440205.322463,606859.546000,disarm,disarm
1783440205.383759,606859.609000,disarm,disarm
1783440205.444494,606859.671000,disarm,disarm
1783440205.508425,606859.734000,disarm,disarm
1783440205.570830,606859.796000,disarm,disarm
1783440205.632983,606859.859000,disarm,disarm
1783440205.694768,606859.921000,disarm,disarm
1783440205.757923,606859.984000,disarm,disarm
1783440205.819854,606860.046000,disarm,disarm
1783440205.882353,606860.109000,disarm,disarm
1783440205.943988,606860.171000,disarm,disarm
1783440206.007364,606860.234000,disarm,disarm
1783440206.069337,606860.296000,disarm,disarm
1783440206.131909,606860.359000,disarm,disarm
1783440206.193265,606860.421000,disarm,disarm
1783440206.254909,606860.484000,disarm,disarm
1783440206.315874,606860.546000,disarm,disarm
1783440206.378060,606860.609000,disarm,disarm
1783440206.440443,606860.671000,disarm,disarm
1783440206.503218,606860.734000,disarm,disarm
1783440206.565147,606860.796000,disarm,disarm
1783440206.627256,606860.859000,disarm,disarm
1783440206.689167,606860.921000,disarm,disarm
1783440206.751371,606860.984000,disarm,disarm
1783440206.813706,606861.046000,disarm,disarm
1783440206.876637,606861.109000,disarm,disarm
1783440206.938076,606861.171000,disarm,disarm
1783440207.001246,606861.234000,disarm,disarm
1783440207.062295,606861.296000,disarm,disarm
1783440207.125841,606861.359000,disarm,disarm
1783440207.188035,606861.421000,disarm,disarm
1783440207.250386,606861.484000,disarm,disarm
1783440207.312055,606861.546000,disarm,disarm
1783440207.373604,606861.609000,disarm,disarm
1783440207.435453,606861.671000,disarm,disarm
1783440207.512284,606861.750000,disarm,disarm
1783440207.574978,606861.812000,disarm,disarm
1783440207.635540,606861.859000,disarm,disarm
1783440207.696956,606861.921000,disarm,disarm
1783440207.758603,606861.984000,disarm,disarm
1783440207.820411,606862.046000,disarm,disarm
1783440207.882411,606862.109000,disarm,disarm
1783440207.944665,606862.171000,disarm,disarm
1783440208.007845,606862.234000,disarm,disarm
1783440208.069001,606862.296000,disarm,disarm
1783440208.130267,606862.359000,disarm,disarm
1783440208.192549,606862.421000,disarm,disarm
1783440208.253822,606862.484000,disarm,disarm
1783440208.316306,606862.546000,disarm,disarm
1783440208.377167,606862.609000,disarm,disarm
1783440208.439545,606862.671000,disarm,disarm
1783440208.500380,606862.734000,disarm,disarm
1783440208.563058,606862.796000,disarm,disarm
1783440208.624374,606862.859000,disarm,disarm
1783440208.686460,606862.921000,disarm,disarm
1783440208.762473,606863.000000,disarm,disarm
1783440208.823178,606863.046000,disarm,disarm
1783440208.885266,606863.109000,disarm,disarm
1783440208.946642,606863.171000,disarm,disarm
1783440209.009680,606863.234000,disarm,disarm
1783440209.070202,606863.296000,disarm,disarm
1783440209.132314,606863.359000,disarm,disarm
1783440209.194380,606863.421000,disarm,disarm
1783440209.256542,606863.484000,disarm,disarm
1783440209.318182,606863.546000,disarm,disarm
1783440209.380194,606863.609000,disarm,disarm
1783440209.442437,606863.671000,disarm,disarm
1783440209.505328,606863.734000,disarm,disarm
1783440209.566127,606863.796000,disarm,disarm
1783440209.628029,606863.859000,disarm,disarm
1783440209.690516,606863.921000,disarm,disarm
1783440209.752204,606863.984000,disarm,disarm
1783440209.814424,606864.046000,disarm,disarm
1783440209.876024,606864.109000,disarm,disarm
1783440209.938408,606864.171000,disarm,disarm
1783440210.002344,606864.234000,disarm,disarm
1783440210.063558,606864.296000,disarm,disarm
1783440210.124947,606864.359000,disarm,disarm
1783440210.187810,606864.421000,disarm,disarm
1783440210.250276,606864.484000,disarm,disarm
1783440210.312126,606864.546000,disarm,disarm
1783440210.374284,606864.609000,disarm,disarm
1783440210.436190,606864.671000,disarm,disarm
1783440210.512195,606864.750000,disarm,disarm
1783440210.575353,606864.812000,disarm,disarm
1783440210.636684,606864.875000,disarm,disarm
1783440210.699681,606864.937000,disarm,disarm
1783440210.762129,606865.000000,disarm,disarm
1783440210.824131,606865.062000,disarm,disarm
1783440210.886319,606865.109000,disarm,disarm
1783440210.949088,606865.187000,disarm,disarm
1783440211.011108,606865.234000,disarm,disarm
1783440211.073083,606865.296000,disarm,disarm
1783440211.135432,606865.359000,disarm,disarm
1783440211.198116,606865.421000,disarm,disarm
1783440211.258522,606865.484000,disarm,disarm
1783440211.321048,606865.546000,disarm,disarm
1783440211.383213,606865.609000,disarm,disarm
1783440211.445740,606865.671000,disarm,disarm
1783440211.507420,606865.734000,disarm,disarm
1783440211.568234,606865.796000,disarm,disarm
1783440211.630338,606865.859000,disarm,disarm
1783440211.693247,606865.921000,disarm,disarm
1783440211.756502,606865.984000,disarm,disarm
1783440211.817918,606866.046000,disarm,disarm
1783440211.879758,606866.109000,disarm,disarm
1783440211.940852,606866.171000,disarm,disarm
1783440212.002275,606866.234000,disarm,disarm
1783440212.064792,606866.296000,disarm,disarm
1783440212.127068,606866.359000,disarm,disarm
1783440212.188828,606866.421000,disarm,disarm
1783440212.251305,606866.484000,disarm,disarm
1783440212.313319,606866.546000,disarm,disarm
1783440212.375549,606866.609000,disarm,disarm
1783440212.438754,606866.671000,disarm,disarm
1783440212.501197,606866.734000,disarm,disarm
1783440212.562806,606866.796000,disarm,disarm
1783440212.624691,606866.859000,disarm,disarm
1783440212.686931,606866.921000,disarm,disarm
1783440212.748728,606866.984000,disarm,disarm
1783440212.812246,606867.046000,disarm,disarm
1783440212.873612,606867.109000,disarm,disarm
1783440212.936626,606867.171000,disarm,disarm
1783440212.998918,606867.234000,disarm,disarm
1783440213.074781,606867.312000,disarm,disarm
1783440213.134608,606867.359000,disarm,disarm
1783440213.200287,606867.437000,disarm,disarm
1783440213.261111,606867.484000,disarm,disarm
1783440213.323004,606867.546000,disarm,disarm
1783440213.384990,606867.609000,disarm,disarm
1783440213.448203,606867.671000,disarm,disarm
1783440213.510487,606867.734000,disarm,disarm
1783440213.572480,606867.796000,disarm,disarm
1783440213.634598,606867.859000,disarm,disarm
1783440213.697281,606867.921000,disarm,disarm
1783440213.758094,606867.984000,disarm,disarm
1783440213.819916,606868.046000,disarm,disarm
1783440213.881362,606868.109000,disarm,disarm
1783440213.944330,606868.171000,disarm,disarm
1783440214.007543,606868.234000,disarm,disarm
1783440214.069358,606868.296000,disarm,disarm
1783440214.132019,606868.359000,disarm,disarm
1783440214.193356,606868.421000,disarm,disarm
1783440214.255356,606868.484000,disarm,disarm
1783440214.316848,606868.546000,disarm,disarm
1783440214.379233,606868.609000,disarm,disarm
1783440214.441695,606868.671000,disarm,disarm
1783440214.503236,606868.734000,disarm,disarm
1783440214.565964,606868.796000,disarm,disarm
1783440214.627184,606868.859000,disarm,disarm
1783440214.689029,606868.921000,disarm,disarm
1783440214.750134,606868.984000,disarm,disarm
1783440214.812720,606869.046000,disarm,disarm
1783440214.873589,606869.109000,disarm,disarm
1783440214.936088,606869.171000,disarm,disarm
1783440214.998357,606869.234000,disarm,disarm
1783440215.075497,606869.312000,disarm,disarm
1783440215.132542,606869.359000,disarm,disarm
1783440215.200498,606869.437000,disarm,disarm
1783440215.263607,606869.500000,disarm,disarm
1783440215.340913,606869.578000,disarm,disarm
1783440215.402171,606869.640000,disarm,disarm
1783440215.463443,606869.687000,disarm,disarm
1783440215.525199,606869.750000,disarm,disarm
1783440215.587913,606869.812000,disarm,disarm
1783440215.648798,606869.875000,disarm,disarm
1783440215.711905,606869.937000,disarm,disarm
1783440215.773464,606870.000000,disarm,disarm
1783440215.835444,606870.062000,disarm,disarm
1783440215.896908,606870.125000,disarm,disarm
1783440215.958144,606870.187000,disarm,disarm
1783440216.020822,606870.250000,disarm,disarm
1783440216.083661,606870.312000,disarm,disarm
1783440216.138919,606870.375000,disarm,disarm
1783440216.207101,606870.437000,disarm,disarm
1783440216.269226,606870.500000,disarm,disarm
1783440216.332325,606870.562000,disarm,disarm
1783440216.394676,606870.625000,disarm,disarm
1783440216.457197,606870.687000,disarm,disarm
1783440216.519214,606870.750000,disarm,disarm
1783440216.580691,606870.812000,disarm,disarm
1783440216.642693,606870.875000,disarm,disarm
1783440216.704631,606870.937000,disarm,disarm
1783440216.766694,606871.000000,disarm,disarm
1783440216.827598,606871.062000,disarm,disarm
1783440216.890073,606871.125000,disarm,disarm
1783440216.952652,606871.187000,disarm,disarm
1783440217.014310,606871.250000,disarm,disarm
1783440217.076568,606871.312000,disarm,disarm
1783440217.139260,606871.375000,disarm,disarm
1783440217.201559,606871.437000,disarm,disarm
1783440217.277464,606871.515000,disarm,disarm
1783440217.340773,606871.578000,disarm,disarm
1783440217.403146,606871.640000,disarm,disarm
1783440217.464927,606871.703000,disarm,disarm
1783440217.527375,606871.765000,disarm,disarm
1783440217.589717,606871.828000,disarm,disarm
1783440217.651447,606871.875000,disarm,disarm
1783440217.712983,606871.937000,disarm,disarm
1783440217.775633,606872.000000,disarm,disarm
1783440217.836994,606872.062000,disarm,disarm
1783440217.898297,606872.125000,disarm,disarm
1783440217.960761,606872.187000,disarm,disarm
1783440218.022224,606872.250000,disarm,disarm
1783440218.085022,606872.312000,disarm,disarm
1783440218.139751,606872.375000,disarm,disarm
1783440218.206691,606872.437000,disarm,disarm
1783440218.268337,606872.500000,disarm,disarm
1783440218.329659,606872.562000,disarm,disarm
1783440218.391139,606872.625000,disarm,disarm
1783440218.452367,606872.687000,disarm,disarm
1783440218.513796,606872.750000,disarm,disarm
1783440218.591077,606872.828000,disarm,disarm
1783440218.653284,606872.890000,disarm,disarm
1783440218.715390,606872.953000,disarm,disarm
1783440218.778060,606873.015000,disarm,disarm
1783440218.838387,606873.062000,disarm,disarm
1783440218.901058,606873.125000,disarm,disarm
1783440218.963045,606873.187000,disarm,disarm
1783440219.025146,606873.250000,disarm,disarm
1783440219.087452,606873.312000,disarm,disarm
1783440219.143523,606873.375000,disarm,disarm
1783440219.211129,606873.437000,disarm,disarm
1783440219.272437,606873.500000,disarm,disarm
1783440219.334928,606873.562000,disarm,disarm
1783440219.397231,606873.625000,disarm,disarm
1783440219.459915,606873.687000,disarm,disarm
1783440219.522056,606873.750000,disarm,disarm
1783440219.583777,606873.812000,disarm,disarm
1783440219.645334,606873.875000,disarm,disarm
1783440219.708017,606873.937000,disarm,disarm
1783440219.769369,606874.000000,disarm,disarm
1783440219.831891,606874.062000,disarm,disarm
1783440219.894093,606874.125000,disarm,disarm
1783440219.955863,606874.187000,disarm,disarm
1783440220.018460,606874.250000,disarm,disarm
1783440220.080901,606874.312000,disarm,disarm
1783440220.142135,606874.375000,disarm,disarm
1783440220.204101,606874.437000,disarm,disarm
1783440220.265762,606874.500000,disarm,disarm
1783440220.329191,606874.562000,disarm,disarm
1783440220.391603,606874.625000,disarm,disarm
1783440220.454006,606874.687000,disarm,disarm
1783440220.515641,606874.750000,disarm,disarm
1783440220.577648,606874.812000,disarm,disarm
1783440220.639155,606874.875000,disarm,disarm
1783440220.701545,606874.937000,disarm,disarm
1783440220.763733,606875.000000,disarm,disarm
1783440220.840367,606875.078000,disarm,disarm
1783440220.901921,606875.125000,disarm,disarm
1783440220.964222,606875.187000,disarm,disarm
1783440221.025053,606875.250000,disarm,disarm
1783440221.087476,606875.312000,disarm,disarm
1783440221.145751,606875.375000,disarm,disarm
1783440221.210109,606875.437000,disarm,disarm
1783440221.272016,606875.500000,disarm,disarm
1783440221.334245,606875.562000,disarm,disarm
1783440221.396713,606875.625000,disarm,disarm
1783440221.458487,606875.687000,disarm,disarm
1783440221.520340,606875.750000,disarm,disarm
1783440221.583717,606875.812000,disarm,disarm
1783440221.645808,606875.875000,disarm,disarm
1783440221.708568,606875.937000,disarm,disarm
1783440221.769913,606876.000000,disarm,disarm
1783440221.831868,606876.062000,disarm,disarm
1783440221.893153,606876.125000,disarm,disarm
1783440221.956105,606876.187000,disarm,disarm
1783440222.019025,606876.250000,disarm,disarm
1783440222.081735,606876.312000,disarm,disarm
1783440222.143267,606876.375000,disarm,disarm
1783440222.205162,606876.437000,disarm,disarm
1783440222.266810,606876.500000,disarm,disarm
1783440222.328766,606876.562000,disarm,disarm
1783440222.390821,606876.625000,disarm,disarm
1783440222.452960,606876.687000,disarm,disarm
1783440222.514475,606876.750000,disarm,disarm
1783440222.591161,606876.828000,disarm,disarm
1783440222.653037,606876.890000,disarm,disarm
1783440222.714485,606876.953000,disarm,disarm
1783440222.777649,606877.015000,disarm,disarm
1783440222.839622,606877.078000,disarm,disarm
1783440222.901579,606877.125000,disarm,disarm
1783440222.963298,606877.187000,disarm,disarm
1783440223.026224,606877.250000,disarm,disarm
1783440223.087707,606877.312000,disarm,disarm
1783440223.144517,606877.375000,disarm,disarm
1783440223.212538,606877.437000,disarm,disarm
1783440223.274614,606877.500000,disarm,disarm
1783440223.336453,606877.562000,disarm,disarm
1783440223.398600,606877.625000,disarm,disarm
1783440223.459951,606877.687000,disarm,disarm
1783440223.522104,606877.750000,disarm,disarm
1783440223.583920,606877.812000,disarm,disarm
1783440223.645838,606877.875000,disarm,disarm
1783440223.707426,606877.937000,disarm,disarm
1783440223.769424,606878.000000,disarm,disarm
1783440223.831371,606878.062000,disarm,disarm
1783440223.892823,606878.125000,disarm,disarm
1783440223.954588,606878.187000,disarm,disarm
1783440224.016837,606878.250000,disarm,disarm
1783440224.078899,606878.312000,disarm,disarm
1783440224.141415,606878.375000,disarm,disarm
1783440224.203757,606878.437000,disarm,disarm
1783440224.265376,606878.500000,disarm,disarm
1783440224.326178,606878.562000,disarm,disarm
1783440224.402866,606878.640000,disarm,disarm
1783440224.464417,606878.687000,disarm,disarm
1783440224.526697,606878.750000,disarm,disarm
1783440224.588227,606878.812000,disarm,disarm
1783440224.650355,606878.875000,disarm,disarm
1783440224.712123,606878.937000,disarm,disarm
1783440224.773574,606879.000000,disarm,disarm
1783440224.835395,606879.062000,disarm,disarm
1783440224.898041,606879.125000,disarm,disarm
1783440224.960494,606879.187000,disarm,disarm
1783440225.022892,606879.250000,disarm,disarm
1783440225.084763,606879.312000,disarm,disarm
1783440225.140282,606879.375000,disarm,disarm
1783440225.207872,606879.437000,disarm,disarm
1783440225.269564,606879.500000,disarm,disarm
1783440225.331232,606879.562000,disarm,disarm
1783440225.394380,606879.625000,disarm,disarm
1783440225.455516,606879.687000,disarm,disarm
1783440225.517837,606879.750000,disarm,disarm
1783440225.579551,606879.812000,disarm,disarm
1783440225.640336,606879.875000,disarm,disarm
1783440225.701919,606879.937000,disarm,disarm
1783440225.764102,606880.000000,disarm,disarm
1783440225.826267,606880.062000,disarm,disarm
1783440225.888973,606880.125000,disarm,disarm
1783440225.950296,606880.187000,disarm,disarm
1783440226.027267,606880.265000,disarm,disarm
1783440226.089465,606880.312000,disarm,disarm
1783440226.145909,606880.375000,disarm,disarm
1783440226.213037,606880.437000,disarm,disarm
1783440226.274164,606880.500000,disarm,disarm
1783440226.336935,606880.562000,disarm,disarm
1783440226.398671,606880.625000,disarm,disarm
1783440226.459875,606880.687000,disarm,disarm
1783440226.521143,606880.750000,disarm,disarm
1783440226.582601,606880.812000,disarm,disarm
1783440226.644624,606880.875000,disarm,disarm
1783440226.707394,606880.937000,disarm,disarm
1783440226.770032,606881.000000,disarm,disarm
1783440226.832703,606881.062000,disarm,disarm
1783440226.895044,606881.125000,disarm,disarm
1783440226.956765,606881.187000,disarm,disarm
1783440227.018167,606881.250000,disarm,disarm
1783440227.078469,606881.312000,disarm,disarm
1783440227.140984,606881.375000,disarm,disarm
1783440227.203724,606881.437000,disarm,disarm
1783440227.266944,606881.500000,disarm,disarm
1783440227.329451,606881.562000,disarm,disarm
1783440227.390948,606881.625000,disarm,disarm
1783440227.451938,606881.687000,disarm,disarm
1783440227.513433,606881.750000,disarm,disarm
1783440227.576362,606881.812000,disarm,disarm
1783440227.653298,606881.890000,disarm,disarm
1783440227.715313,606881.953000,disarm,disarm
1783440227.777577,606882.015000,disarm,disarm
1783440227.838780,606882.062000,disarm,disarm
1783440227.901634,606882.125000,disarm,disarm
1783440227.962980,606882.187000,disarm,disarm
1783440228.024328,606882.250000,disarm,disarm
1783440228.086258,606882.312000,disarm,disarm
1783440228.142141,606882.375000,disarm,disarm
1783440228.211442,606882.437000,disarm,disarm
1783440228.273108,606882.500000,disarm,disarm
1783440228.334767,606882.562000,disarm,disarm
1783440228.398203,606882.625000,disarm,disarm
1783440228.460146,606882.687000,disarm,disarm
1783440228.523271,606882.750000,disarm,disarm
1783440228.585147,606882.812000,disarm,disarm
1783440228.647044,606882.875000,disarm,disarm
1783440228.709576,606882.937000,disarm,disarm
1783440228.771443,606883.000000,disarm,disarm
1783440228.833549,606883.062000,disarm,disarm
1783440228.895584,606883.125000,disarm,disarm
1783440228.957922,606883.187000,disarm,disarm
1783440229.020790,606883.250000,disarm,disarm
1783440229.083008,606883.312000,disarm,disarm
1783440229.139227,606883.375000,disarm,disarm
1783440229.205867,606883.437000,disarm,disarm
1783440229.267425,606883.500000,disarm,disarm
1783440229.329618,606883.562000,disarm,disarm
1783440229.392366,606883.625000,disarm,disarm
1783440229.454299,606883.687000,disarm,disarm
1783440229.515768,606883.750000,disarm,disarm
1783440229.577477,606883.812000,disarm,disarm
1783440229.639820,606883.875000,disarm,disarm
1783440229.701890,606883.937000,disarm,disarm
1783440229.763494,606884.000000,disarm,disarm
1783440229.840519,606884.078000,disarm,disarm
1783440229.902402,606884.140000,disarm,disarm
1783440229.962863,606884.187000,disarm,disarm
1783440230.024558,606884.250000,disarm,disarm
1783440230.086752,606884.312000,disarm,disarm
1783440230.142763,606884.375000,disarm,disarm
1783440230.210541,606884.437000,disarm,disarm
1783440230.273151,606884.500000,disarm,disarm
1783440230.334177,606884.562000,disarm,disarm
1783440230.397691,606884.625000,disarm,disarm
1783440230.459689,606884.687000,disarm,disarm
1783440230.521778,606884.750000,disarm,disarm
1783440230.583136,606884.812000,disarm,disarm
1783440230.645615,606884.875000,disarm,disarm
1783440230.708632,606884.937000,disarm,disarm
1783440230.770343,606885.000000,disarm,disarm
1783440230.832012,606885.062000,disarm,disarm
1783440230.894109,606885.125000,disarm,disarm
1783440230.956486,606885.187000,disarm,disarm
1783440231.017447,606885.250000,disarm,disarm
1783440231.080544,606885.312000,disarm,disarm
1783440231.142432,606885.375000,disarm,disarm
1783440231.202452,606885.437000,disarm,disarm
1783440231.265104,606885.500000,disarm,disarm
1783440231.327877,606885.562000,disarm,disarm
1783440231.389894,606885.625000,disarm,disarm
1783440231.452900,606885.687000,disarm,disarm
1783440231.514305,606885.750000,disarm,disarm
1783440231.591352,606885.828000,disarm,disarm
1783440231.653331,606885.890000,disarm,disarm
1783440231.715761,606885.953000,disarm,disarm
1783440231.778512,606886.015000,disarm,disarm
1783440231.839772,606886.078000,disarm,disarm
1783440231.901889,606886.125000,disarm,disarm
1783440231.963624,606886.187000,disarm,disarm
1783440232.025384,606886.250000,disarm,disarm
1783440232.087778,606886.312000,disarm,disarm
1783440232.142235,606886.375000,disarm,disarm
1783440232.212065,606886.437000,disarm,disarm
1783440232.274714,606886.500000,disarm,disarm
1783440232.335879,606886.562000,disarm,disarm
1783440232.397635,606886.625000,disarm,disarm
1783440232.460103,606886.687000,disarm,disarm
1783440232.522782,606886.750000,disarm,disarm
1783440232.584062,606886.812000,disarm,disarm
1783440232.646016,606886.875000,disarm,disarm
1783440232.707545,606886.937000,disarm,disarm
1783440232.769423,606887.000000,disarm,disarm
1783440232.832499,606887.062000,disarm,disarm
1783440232.894658,606887.125000,disarm,disarm
1783440232.957413,606887.187000,disarm,disarm
1783440233.019876,606887.250000,disarm,disarm
1783440233.082170,606887.312000,disarm,disarm
1783440233.138746,606887.375000,disarm,disarm
1783440233.205978,606887.437000,disarm,disarm
1783440233.268378,606887.500000,disarm,disarm
1783440233.332307,606887.562000,disarm,disarm
1783440233.394261,606887.625000,disarm,disarm
1783440233.456261,606887.687000,disarm,disarm
1783440233.518808,606887.750000,disarm,disarm
1783440233.580687,606887.812000,disarm,disarm
1783440233.642274,606887.875000,disarm,disarm
1783440233.703311,606887.937000,disarm,disarm
1783440233.765731,606888.000000,disarm,disarm
1783440233.827826,606888.062000,disarm,disarm
1783440233.889915,606888.125000,disarm,disarm
1783440233.952102,606888.187000,disarm,disarm
1783440234.014071,606888.250000,disarm,disarm
1783440234.091092,606888.328000,disarm,disarm
1783440234.153602,606888.390000,disarm,disarm
1783440234.215993,606888.453000,disarm,disarm
1783440234.276081,606888.500000,disarm,disarm
1783440234.339491,606888.578000,disarm,disarm
1783440234.402293,606888.640000,disarm,disarm
1783440234.464975,606888.703000,disarm,disarm
1783440234.527171,606888.765000,disarm,disarm
1783440234.588931,606888.812000,disarm,disarm
1783440234.650871,606888.875000,disarm,disarm
1783440234.713337,606888.937000,disarm,disarm
1783440234.774516,606889.000000,disarm,disarm
1783440234.836370,606889.062000,disarm,disarm
1783440234.899411,606889.125000,disarm,disarm
1783440234.961185,606889.187000,disarm,disarm
1783440235.022853,606889.250000,disarm,disarm
1783440235.083375,606889.312000,disarm,disarm
1783440235.140331,606889.375000,disarm,disarm
1783440235.207305,606889.437000,disarm,disarm
1783440235.270287,606889.500000,disarm,disarm
1783440235.332239,606889.562000,disarm,disarm
1783440235.394711,606889.625000,disarm,disarm
1783440235.456506,606889.687000,disarm,disarm
1783440235.518722,606889.750000,disarm,disarm
1783440235.580207,606889.812000,disarm,disarm
1783440235.641243,606889.875000,disarm,disarm
1783440235.703279,606889.937000,disarm,disarm
1783440235.765218,606890.000000,disarm,disarm
1783440235.827233,606890.062000,disarm,disarm
1783440235.889566,606890.125000,disarm,disarm
1783440235.952672,606890.187000,disarm,disarm
1783440236.013552,606890.250000,disarm,disarm
1783440236.091565,606890.328000,disarm,disarm
1783440236.154076,606890.390000,disarm,disarm
1783440236.231133,606890.468000,disarm,disarm
1783440236.292972,606890.531000,disarm,disarm
1783440236.356420,606890.593000,disarm,disarm
1783440236.417824,606890.656000,disarm,disarm
1783440236.479633,606890.703000,disarm,disarm
1783440236.541440,606890.765000,disarm,disarm
1783440236.603414,606890.828000,disarm,disarm
1783440236.666890,606890.890000,disarm,disarm
1783440236.728337,606890.953000,disarm,disarm
1783440236.789880,606891.015000,disarm,disarm
1783440236.851828,606891.078000,disarm,disarm
1783440236.913687,606891.140000,disarm,disarm
1783440236.975312,606891.203000,disarm,disarm
1783440237.037328,606891.265000,disarm,disarm
1783440237.099851,606891.328000,disarm,disarm
1783440237.161316,606891.390000,disarm,disarm
1783440237.222518,606891.453000,disarm,disarm
1783440237.284701,606891.515000,disarm,disarm
1783440237.346166,606891.578000,disarm,disarm
1783440237.407939,606891.640000,disarm,disarm
1783440237.470182,606891.703000,disarm,disarm
1783440237.532235,606891.765000,disarm,disarm
1783440237.595231,606891.828000,disarm,disarm
1783440237.658087,606891.890000,disarm,disarm
1783440237.719544,606891.953000,disarm,disarm
1783440237.781641,606892.015000,disarm,disarm
1783440237.843568,606892.078000,disarm,disarm
1783440237.904958,606892.140000,disarm,disarm
1783440237.967812,606892.203000,disarm,disarm
1783440238.030025,606892.265000,disarm,disarm
1783440238.091658,606892.328000,disarm,disarm
1783440238.167430,606892.390000,disarm,disarm
1783440238.229579,606892.453000,disarm,disarm
1783440238.291561,606892.515000,disarm,disarm
1783440238.352452,606892.578000,disarm,disarm
1783440238.415685,606892.640000,disarm,disarm
1783440238.477916,606892.703000,disarm,disarm
1783440238.540083,606892.765000,disarm,disarm
1783440238.601193,606892.828000,disarm,disarm
1783440238.662480,606892.890000,disarm,disarm
1783440238.723503,606892.953000,disarm,disarm
1783440238.785431,606893.015000,disarm,disarm
1783440238.846045,606893.078000,disarm,disarm
1783440238.906861,606893.140000,disarm,disarm
1783440238.969340,606893.203000,disarm,disarm
1783440239.032007,606893.265000,disarm,disarm
1783440239.093320,606893.328000,disarm,disarm
1783440239.155727,606893.390000,disarm,disarm
1783440239.217097,606893.453000,disarm,disarm
1783440239.293990,606893.531000,disarm,disarm
1783440239.355806,606893.593000,disarm,disarm
1783440239.418603,606893.656000,disarm,disarm
1783440239.482192,606893.718000,disarm,disarm
1783440239.559228,606893.796000,disarm,disarm
1783440239.622575,606893.859000,disarm,disarm
1783440239.683718,606893.921000,disarm,disarm
1783440239.746224,606893.984000,disarm,disarm
1783440239.808495,606894.046000,disarm,disarm
1783440239.870184,606894.093000,disarm,disarm
1783440239.932674,606894.156000,disarm,disarm
1783440239.995738,606894.234000,disarm,disarm
1783440240.057289,606894.281000,disarm,disarm
1783440240.117954,606894.343000,disarm,disarm
1783440240.181250,606894.406000,disarm,disarm
1783440240.243180,606894.468000,disarm,disarm
1783440240.305447,606894.531000,disarm,disarm
1783440240.367997,606894.593000,disarm,disarm
1783440240.430425,606894.656000,disarm,disarm
1783440240.493211,606894.718000,disarm,disarm
1783440240.554401,606894.781000,disarm,disarm
1783440240.617197,606894.843000,disarm,disarm
1783440240.678514,606894.906000,disarm,disarm
1783440240.740946,606894.968000,disarm,disarm
1783440240.801782,606895.031000,disarm,disarm
1783440240.864112,606895.093000,disarm,disarm
1783440240.927279,606895.156000,disarm,disarm
1783440240.989925,606895.218000,disarm,disarm
1783440241.051268,606895.281000,disarm,disarm
1783440241.114111,606895.343000,disarm,disarm
1783440241.176784,606895.406000,disarm,disarm
1783440241.237608,606895.468000,disarm,disarm
1783440241.299559,606895.531000,disarm,disarm
1783440241.361754,606895.593000,disarm,disarm
1783440241.423151,606895.656000,disarm,disarm
1783440241.485610,606895.718000,disarm,disarm
1783440241.547124,606895.781000,disarm,disarm
1783440241.609472,606895.843000,disarm,disarm
1783440241.671374,606895.906000,disarm,disarm
1783440241.733743,606895.968000,disarm,disarm
1783440241.795694,606896.031000,disarm,disarm
1783440241.858078,606896.093000,disarm,disarm
1783440241.934820,606896.171000,disarm,disarm
1783440241.997664,606896.234000,disarm,disarm
1783440242.059091,606896.296000,disarm,disarm
1783440242.120472,606896.343000,disarm,disarm
1783440242.181604,606896.406000,disarm,disarm
1783440242.243019,606896.468000,disarm,disarm
1783440242.305905,606896.531000,disarm,disarm
1783440242.368345,606896.593000,disarm,disarm
1783440242.429983,606896.656000,disarm,disarm
1783440242.492420,606896.718000,disarm,disarm
1783440242.554358,606896.781000,disarm,disarm
1783440242.615312,606896.843000,disarm,disarm
1783440242.677495,606896.906000,disarm,disarm
1783440242.739386,606896.968000,disarm,disarm
1783440242.800472,606897.031000,disarm,disarm
1783440242.862085,606897.093000,disarm,disarm
1783440242.925878,606897.156000,disarm,disarm
1783440242.988592,606897.218000,disarm,disarm
1783440243.050820,606897.281000,disarm,disarm
1783440243.114185,606897.343000,disarm,disarm
1783440243.175860,606897.406000,disarm,disarm
1783440243.237401,606897.468000,disarm,disarm
1783440243.298269,606897.531000,disarm,disarm
1783440243.360794,606897.593000,disarm,disarm
1783440243.423057,606897.656000,disarm,disarm
1783440243.484715,606897.718000,disarm,disarm
1783440243.546735,606897.781000,disarm,disarm
1783440243.608539,606897.843000,disarm,disarm
1783440243.670753,606897.906000,disarm,disarm
1783440243.732254,606897.968000,disarm,disarm
1783440243.810000,606898.046000,disarm,disarm
1783440243.872131,606898.109000,disarm,disarm
1783440243.919627,606898.156000,disarm,disarm
1783440243.997584,606898.234000,disarm,disarm
1783440244.059607,606898.296000,disarm,disarm
1783440244.121567,606898.359000,disarm,disarm
1783440244.184850,606898.421000,disarm,disarm
1783440244.246288,606898.484000,disarm,disarm
1783440244.307524,606898.531000,disarm,disarm
1783440244.370462,606898.593000,disarm,disarm
1783440244.432131,606898.656000,disarm,disarm
1783440244.495290,606898.718000,disarm,disarm
1783440244.557455,606898.781000,disarm,disarm
1783440244.618356,606898.843000,disarm,disarm
1783440244.681016,606898.906000,disarm,disarm
1783440244.745573,606898.968000,disarm,disarm
1783440244.807152,606899.031000,disarm,disarm
1783440244.869716,606899.093000,disarm,disarm
1783440244.931991,606899.156000,disarm,disarm
1783440244.992732,606899.218000,disarm,disarm
1783440245.055264,606899.281000,disarm,disarm
1783440245.116890,606899.343000,disarm,disarm
1783440245.179950,606899.406000,disarm,disarm
1783440245.241304,606899.468000,disarm,disarm
1783440245.304256,606899.531000,disarm,disarm
1783440245.366508,606899.593000,disarm,disarm
1783440245.429149,606899.656000,disarm,disarm
1783440245.492322,606899.718000,disarm,disarm
1783440245.554735,606899.781000,disarm,disarm
1783440245.616299,606899.843000,disarm,disarm
1783440245.677893,606899.906000,disarm,disarm
1783440245.740194,606899.968000,disarm,disarm
1783440245.802635,606900.031000,disarm,disarm
1783440245.864604,606900.093000,disarm,disarm
1783440245.925833,606900.156000,disarm,disarm
1783440245.987639,606900.218000,disarm,disarm
1783440246.050596,606900.281000,disarm,disarm
1783440246.111960,606900.343000,disarm,disarm
1783440246.174803,606900.406000,disarm,disarm
1783440246.237070,606900.468000,disarm,disarm
1783440246.299527,606900.531000,disarm,disarm
1783440246.361417,606900.593000,disarm,disarm
1783440246.424014,606900.656000,disarm,disarm
1783440246.486207,606900.718000,disarm,disarm
1783440246.548091,606900.781000,disarm,disarm
1783440246.609463,606900.843000,disarm,disarm
1783440246.671938,606900.906000,disarm,disarm
1783440246.733745,606900.968000,disarm,disarm
1783440246.796935,606901.031000,disarm,disarm
1783440246.858507,606901.093000,disarm,disarm
1783440246.919372,606901.156000,disarm,disarm
1783440246.997400,606901.234000,disarm,disarm
1783440247.059453,606901.296000,disarm,disarm
1783440247.122334,606901.359000,disarm,disarm
1783440247.183686,606901.421000,disarm,disarm
1783440247.245605,606901.468000,disarm,disarm
1783440247.305926,606901.531000,disarm,disarm
1783440247.369823,606901.593000,disarm,disarm
1783440247.430587,606901.656000,disarm,disarm
1783440247.493488,606901.718000,disarm,disarm
1783440247.555292,606901.781000,disarm,disarm
1783440247.616808,606901.843000,disarm,disarm
1783440247.679712,606901.906000,disarm,disarm
1783440247.742462,606901.968000,disarm,disarm
1783440247.805687,606902.031000,disarm,disarm
1783440247.868409,606902.093000,disarm,disarm
1783440247.929761,606902.156000,disarm,disarm
1783440247.992143,606902.218000,disarm,disarm
1783440248.054899,606902.281000,disarm,disarm
1783440248.115672,606902.343000,disarm,disarm
1783440248.178160,606902.406000,disarm,disarm
1783440248.240619,606902.468000,disarm,disarm
1783440248.302971,606902.531000,disarm,disarm
1783440248.364867,606902.593000,disarm,disarm
1783440248.427071,606902.656000,disarm,disarm
1783440248.488495,606902.718000,disarm,disarm
1783440248.550762,606902.781000,disarm,disarm
1783440248.613223,606902.843000,disarm,disarm
1783440248.674050,606902.906000,disarm,disarm
1783440248.734872,606902.968000,disarm,disarm
1783440248.797509,606903.031000,disarm,disarm
1783440248.858504,606903.093000,disarm,disarm
1783440248.920251,606903.156000,disarm,disarm
1783440248.996996,606903.234000,disarm,disarm
1783440249.057910,606903.281000,disarm,disarm
1783440249.118916,606903.343000,disarm,disarm
1783440249.181693,606903.406000,disarm,disarm
1783440249.243422,606903.468000,disarm,disarm
1783440249.305299,606903.531000,disarm,disarm
1783440249.367791,606903.593000,disarm,disarm
1783440249.430121,606903.656000,disarm,disarm
1783440249.492016,606903.718000,disarm,disarm
1783440249.554317,606903.781000,disarm,disarm
1783440249.615222,606903.843000,disarm,disarm
1783440249.676799,606903.906000,disarm,disarm
1783440249.739445,606903.968000,disarm,disarm
1783440249.801860,606904.031000,disarm,disarm
1783440249.864062,606904.093000,disarm,disarm
1783440249.927637,606904.156000,disarm,disarm
1783440249.988846,606904.218000,disarm,disarm
1783440250.050701,606904.281000,disarm,disarm
1783440250.112100,606904.343000,disarm,disarm
1783440250.175143,606904.406000,disarm,disarm
1783440250.237144,606904.468000,disarm,disarm
1783440250.299045,606904.531000,disarm,disarm
1783440250.360554,606904.593000,disarm,disarm
1783440250.422000,606904.656000,disarm,disarm
1783440250.485048,606904.718000,disarm,disarm
1783440250.547640,606904.781000,disarm,disarm
1783440250.609506,606904.843000,disarm,disarm
1783440250.672065,606904.906000,disarm,disarm
1783440250.733518,606904.968000,disarm,disarm
1783440250.795727,606905.031000,disarm,disarm
1783440250.856983,606905.093000,disarm,disarm
1783440250.919847,606905.156000,disarm,disarm
1783440250.996284,606905.234000,disarm,disarm
1783440251.058447,606905.296000,disarm,disarm
1783440251.119914,606905.343000,disarm,disarm
1783440251.182394,606905.406000,disarm,disarm
1783440251.245205,606905.468000,disarm,disarm
1783440251.306502,606905.531000,disarm,disarm
1783440251.368405,606905.593000,disarm,disarm
1783440251.429871,606905.656000,disarm,disarm
1783440251.490805,606905.718000,disarm,disarm
1783440251.553277,606905.781000,disarm,disarm
1783440251.615365,606905.843000,disarm,disarm
1783440251.678099,606905.906000,disarm,disarm
1783440251.740779,606905.968000,disarm,disarm
1783440251.803556,606906.031000,disarm,disarm
1783440251.864730,606906.093000,disarm,disarm
1783440251.927129,606906.156000,disarm,disarm
1783440251.988463,606906.218000,disarm,disarm
1783440252.049669,606906.281000,disarm,disarm
1783440252.112101,606906.343000,disarm,disarm
1783440252.173622,606906.406000,disarm,disarm
1783440252.235899,606906.468000,disarm,disarm
1783440252.297591,606906.531000,disarm,disarm
1783440252.359965,606906.593000,disarm,disarm
1783440252.421283,606906.656000,disarm,disarm
1783440252.483129,606906.718000,disarm,disarm
1783440252.545096,606906.781000,disarm,disarm
1783440252.607105,606906.843000,disarm,disarm
1783440252.669829,606906.906000,disarm,disarm
1783440252.747121,606906.984000,disarm,disarm
1783440252.799981,606907.031000,disarm,disarm
1783440252.859509,606907.093000,disarm,disarm
1783440252.930823,606907.156000,disarm,disarm
1783440252.995396,606907.218000,disarm,disarm
1783440253.046928,606907.281000,disarm,disarm
1783440253.115195,606907.343000,disarm,disarm
1783440253.170486,606907.406000,disarm,disarm
1783440253.234572,606907.468000,disarm,disarm
1783440253.298532,606907.531000,disarm,disarm
1783440253.367328,606907.593000,disarm,disarm
1783440253.430416,606907.656000,disarm,disarm
1783440253.492054,606907.718000,disarm,disarm
1783440253.553304,606907.781000,disarm,disarm
1783440253.615252,606907.843000,disarm,disarm
1783440253.677563,606907.906000,disarm,disarm
1783440253.739235,606907.968000,disarm,disarm
1783440253.801329,606908.031000,disarm,disarm
1783440253.862707,606908.093000,disarm,disarm
1783440253.924707,606908.156000,disarm,disarm
1783440253.985234,606908.218000,disarm,disarm
1783440254.044482,606908.281000,disarm,disarm
1783440254.110627,606908.343000,disarm,disarm
1783440254.171118,606908.406000,disarm,disarm
1783440254.233570,606908.468000,disarm,disarm
1783440254.295114,606908.531000,disarm,disarm
1783440254.356868,606908.593000,disarm,disarm
1783440254.433566,606908.671000,disarm,disarm
1783440254.495559,606908.718000,disarm,disarm
1783440254.557499,606908.781000,disarm,disarm
1783440254.619767,606908.843000,disarm,disarm
1783440254.681978,606908.906000,disarm,disarm
1783440254.744114,606908.968000,disarm,disarm
1783440254.806301,606909.031000,disarm,disarm
1783440254.868726,606909.093000,disarm,disarm
1783440254.930870,606909.156000,disarm,disarm
1783440254.991442,606909.218000,disarm,disarm
1783440255.052771,606909.281000,disarm,disarm
1783440255.115641,606909.343000,disarm,disarm
1783440255.178187,606909.406000,disarm,disarm
1783440255.239906,606909.468000,disarm,disarm
1783440255.303331,606909.531000,disarm,disarm
1783440255.364039,606909.593000,disarm,disarm
1783440255.426162,606909.656000,disarm,disarm
1783440255.489311,606909.718000,disarm,disarm
1783440255.550787,606909.781000,disarm,disarm
1783440255.613719,606909.843000,disarm,disarm
1783440255.676067,606909.906000,disarm,disarm
1783440255.736700,606909.968000,disarm,disarm
1783440255.799868,606910.031000,disarm,disarm
1783440255.861166,606910.093000,disarm,disarm
1783440255.923853,606910.156000,disarm,disarm
1783440255.986778,606910.218000,disarm,disarm
1783440256.047109,606910.281000,disarm,disarm
1783440256.110198,606910.343000,disarm,disarm
1783440256.172899,606910.406000,disarm,disarm
1783440256.234592,606910.468000,disarm,disarm
1783440256.296969,606910.531000,disarm,disarm
1783440256.358402,606910.593000,disarm,disarm
1783440256.420549,606910.656000,disarm,disarm
1783440256.483233,606910.718000,disarm,disarm
1783440256.546077,606910.781000,disarm,disarm
1783440256.622345,606910.859000,disarm,disarm
1783440256.683976,606910.921000,disarm,disarm
1783440256.747104,606910.984000,disarm,disarm
1783440256.809383,606911.046000,disarm,disarm
1783440256.871457,606911.109000,disarm,disarm
1783440256.920407,606911.156000,disarm,disarm
1783440256.995711,606911.218000,disarm,disarm
1783440257.057010,606911.281000,disarm,disarm
1783440257.119903,606911.343000,disarm,disarm
1783440257.182282,606911.406000,disarm,disarm
1783440257.244632,606911.468000,disarm,disarm
1783440257.306402,606911.531000,disarm,disarm
1783440257.368896,606911.593000,disarm,disarm
1783440257.430446,606911.656000,disarm,disarm
1783440257.492300,606911.718000,disarm,disarm
1783440257.553853,606911.781000,disarm,disarm
1783440257.615707,606911.843000,disarm,disarm
1783440257.678195,606911.906000,disarm,disarm
1783440257.740180,606911.968000,disarm,disarm
1783440257.802857,606912.031000,disarm,disarm
1783440257.865171,606912.093000,disarm,disarm
1783440257.927238,606912.156000,disarm,disarm
1783440257.990691,606912.218000,disarm,disarm
1783440258.051423,606912.281000,disarm,disarm
1783440258.113737,606912.343000,disarm,disarm
1783440258.175612,606912.406000,disarm,disarm
1783440258.237789,606912.468000,disarm,disarm
1783440258.301039,606912.531000,disarm,disarm
1783440258.362311,606912.593000,disarm,disarm
1783440258.424515,606912.656000,disarm,disarm
1783440258.485911,606912.718000,disarm,disarm
1783440258.548317,606912.781000,disarm,disarm
1783440258.609395,606912.843000,disarm,disarm
1783440258.671530,606912.906000,disarm,disarm
1783440258.733312,606912.968000,disarm,disarm
1783440258.794924,606913.031000,disarm,disarm
1783440258.872976,606913.109000,disarm,disarm
1783440258.949364,606913.187000,disarm,disarm
1783440258.997872,606913.234000,disarm,disarm
1783440259.073493,606913.296000,disarm,disarm
1783440259.137709,606913.375000,disarm,disarm
1783440259.199352,606913.437000,disarm,disarm
1783440259.261221,606913.484000,disarm,disarm
1783440259.323279,606913.546000,disarm,disarm
1783440259.385613,606913.609000,disarm,disarm
1783440259.446834,606913.671000,disarm,disarm
1783440259.509093,606913.734000,disarm,disarm
1783440259.571289,606913.796000,disarm,disarm
1783440259.633371,606913.859000,disarm,disarm
1783440259.695198,606913.921000,disarm,disarm
1783440259.757193,606913.984000,disarm,disarm
1783440259.819969,606914.046000,disarm,disarm
1783440259.880879,606914.109000,disarm,disarm
1783440259.943127,606914.171000,disarm,disarm
1783440260.005694,606914.234000,disarm,disarm
1783440260.067390,606914.296000,disarm,disarm
1783440260.128975,606914.359000,disarm,disarm
1783440260.191135,606914.421000,disarm,disarm
1783440260.252558,606914.484000,disarm,disarm
1783440260.315536,606914.546000,disarm,disarm
1783440260.378783,606914.609000,disarm,disarm
1783440260.439507,606914.671000,disarm,disarm
1783440260.501402,606914.734000,disarm,disarm
1783440260.563039,606914.796000,disarm,disarm
1783440260.624537,606914.859000,disarm,disarm
1783440260.685999,606914.921000,disarm,disarm
1783440260.763216,606915.000000,disarm,disarm
1783440260.825159,606915.062000,disarm,disarm
1783440260.886448,606915.125000,disarm,disarm
1783440260.948721,606915.171000,disarm,disarm
1783440261.010106,606915.234000,disarm,disarm
1783440261.072953,606915.296000,disarm,disarm
1783440261.134888,606915.359000,disarm,disarm
1783440261.197397,606915.421000,disarm,disarm
1783440261.259007,606915.484000,disarm,disarm
1783440261.322061,606915.546000,disarm,disarm
1783440261.384337,606915.609000,disarm,disarm
1783440261.445770,606915.671000,disarm,disarm
1783440261.506854,606915.734000,disarm,disarm
1783440261.567882,606915.796000,disarm,disarm
1783440261.629392,606915.859000,disarm,disarm
1783440261.690989,606915.921000,disarm,disarm
1783440261.754142,606915.984000,disarm,disarm
1783440261.816335,606916.046000,disarm,disarm
1783440261.878166,606916.109000,disarm,disarm
1783440261.941203,606916.171000,disarm,disarm
1783440262.002698,606916.234000,disarm,disarm
1783440262.063668,606916.296000,disarm,disarm
1783440262.125130,606916.359000,disarm,disarm
1783440262.187919,606916.421000,disarm,disarm
1783440262.250364,606916.484000,disarm,disarm
1783440262.311702,606916.546000,disarm,disarm
1783440262.373021,606916.609000,disarm,disarm
1783440262.450520,606916.687000,disarm,disarm
1783440262.512563,606916.750000,disarm,disarm
1783440262.574428,606916.812000,disarm,disarm
1783440262.636365,606916.875000,disarm,disarm
1783440262.697640,606916.921000,disarm,disarm
1783440262.759868,606916.984000,disarm,disarm
1783440262.811934,606917.046000,disarm,disarm
1783440262.878381,606917.109000,disarm,disarm
1783440262.942520,606917.171000,disarm,disarm
1783440263.006434,606917.234000,disarm,disarm
1783440263.070793,606917.296000,disarm,disarm
1783440263.132351,606917.359000,disarm,disarm
1783440263.194520,606917.421000,disarm,disarm
1783440263.257742,606917.484000,disarm,disarm
1783440263.320008,606917.546000,disarm,disarm
1783440263.381826,606917.609000,disarm,disarm
1783440263.443271,606917.671000,disarm,disarm
1783440263.504891,606917.734000,disarm,disarm
1783440263.566709,606917.796000,disarm,disarm
1783440263.628661,606917.859000,disarm,disarm
1783440263.691604,606917.921000,disarm,disarm
1783440263.753922,606917.984000,disarm,disarm
1783440263.815845,606918.046000,disarm,disarm
1783440263.876573,606918.109000,disarm,disarm
1783440263.936110,606918.171000,disarm,disarm
1783440264.001317,606918.234000,disarm,disarm
1783440264.062601,606918.296000,disarm,disarm
1783440264.124514,606918.359000,disarm,disarm
1783440264.186089,606918.421000,disarm,disarm
1783440264.248255,606918.484000,disarm,disarm
1783440264.311509,606918.546000,disarm,disarm
1783440264.387358,606918.625000,disarm,disarm
1783440264.450613,606918.687000,disarm,disarm
1783440264.512040,606918.750000,disarm,disarm
1783440264.573955,606918.812000,disarm,disarm
1783440264.626963,606918.859000,disarm,disarm
1783440264.686783,606918.921000,disarm,disarm
1783440264.754800,606918.984000,disarm,disarm
1783440264.821988,606919.046000,disarm,disarm
1783440264.875391,606919.109000,disarm,disarm
1783440264.941629,606919.171000,disarm,disarm
1783440264.997468,606919.234000,disarm,disarm
1783440265.061863,606919.296000,disarm,disarm
1783440265.126044,606919.359000,disarm,disarm
1783440265.189322,606919.421000,disarm,disarm
1783440265.253716,606919.484000,disarm,disarm
1783440265.317572,606919.546000,disarm,disarm
1783440265.381309,606919.609000,disarm,disarm
1783440265.445910,606919.671000,disarm,disarm
1783440265.508303,606919.734000,disarm,disarm
1783440265.571572,606919.796000,disarm,disarm
1783440265.633101,606919.859000,disarm,disarm
1783440265.695270,606919.921000,disarm,disarm
1783440265.750647,606919.984000,disarm,disarm
1783440265.817337,606920.046000,disarm,disarm
1783440265.880095,606920.109000,disarm,disarm
1783440265.935953,606920.171000,disarm,disarm
1783440266.004419,606920.234000,disarm,disarm
1783440266.066935,606920.296000,disarm,disarm
1783440266.128607,606920.359000,disarm,disarm
1783440266.190589,606920.421000,disarm,disarm
1783440266.252504,606920.484000,disarm,disarm
1783440266.313087,606920.546000,disarm,disarm
1783440266.374936,606920.609000,disarm,disarm
1783440266.437654,606920.671000,disarm,disarm
1783440266.498303,606920.734000,disarm,disarm
1783440266.560910,606920.796000,disarm,disarm
1783440266.623486,606920.859000,disarm,disarm
1783440266.685364,606920.921000,disarm,disarm
1783440266.761408,606921.000000,disarm,disarm
1783440266.825334,606921.062000,disarm,disarm
1783440266.887668,606921.125000,disarm,disarm
1783440266.948900,606921.187000,disarm,disarm
1783440266.998236,606921.234000,disarm,disarm
1783440267.072848,606921.296000,disarm,disarm
1783440267.136395,606921.375000,disarm,disarm
1783440267.198234,606921.421000,disarm,disarm
1783440267.259203,606921.484000,disarm,disarm
1783440267.320947,606921.546000,disarm,disarm
1783440267.383742,606921.609000,disarm,disarm
1783440267.446156,606921.671000,disarm,disarm
1783440267.507700,606921.734000,disarm,disarm
1783440267.569943,606921.796000,disarm,disarm
1783440267.630462,606921.859000,disarm,disarm
1783440267.692095,606921.921000,disarm,disarm
1783440267.754576,606921.984000,disarm,disarm
1783440267.816905,606922.046000,disarm,disarm
1783440267.879761,606922.109000,disarm,disarm
1783440267.942017,606922.171000,disarm,disarm
1783440268.003923,606922.234000,disarm,disarm
1783440268.065773,606922.296000,disarm,disarm
1783440268.127103,606922.359000,disarm,disarm
1783440268.187933,606922.421000,disarm,disarm
1783440268.250134,606922.484000,disarm,disarm
1783440268.312257,606922.546000,disarm,disarm
1783440268.374450,606922.609000,disarm,disarm
1783440268.437932,606922.671000,disarm,disarm
1783440268.499881,606922.734000,disarm,disarm
1783440268.561189,606922.796000,disarm,disarm
1783440268.623391,606922.859000,disarm,disarm
1783440268.685949,606922.921000,disarm,disarm
1783440268.747817,606922.984000,disarm,disarm
1783440268.824176,606923.062000,disarm,disarm
1783440268.886377,606923.125000,disarm,disarm
1783440268.948257,606923.171000,disarm,disarm
1783440269.010859,606923.234000,disarm,disarm
1783440269.072890,606923.296000,disarm,disarm
1783440269.135177,606923.359000,disarm,disarm
1783440269.196761,606923.421000,disarm,disarm
1783440269.258874,606923.484000,disarm,disarm
1783440269.322037,606923.546000,disarm,disarm
1783440269.384160,606923.609000,disarm,disarm
1783440269.447180,606923.671000,disarm,disarm
1783440269.508199,606923.734000,disarm,disarm
1783440269.570379,606923.796000,disarm,disarm
1783440269.631833,606923.859000,disarm,disarm
1783440269.694624,606923.921000,disarm,disarm
1783440269.756532,606923.984000,disarm,disarm
1783440269.818573,606924.046000,disarm,disarm
1783440269.879782,606924.109000,disarm,disarm
1783440269.943044,606924.171000,disarm,disarm
1783440270.003885,606924.234000,disarm,disarm
1783440270.066064,606924.296000,disarm,disarm
1783440270.128168,606924.359000,disarm,disarm
1783440270.190448,606924.421000,disarm,disarm
1783440270.252944,606924.484000,disarm,disarm
1783440270.315387,606924.546000,disarm,disarm
1783440270.373912,606924.609000,disarm,disarm
1783440270.437516,606924.671000,disarm,disarm
1783440270.500501,606924.734000,disarm,disarm
1783440270.562628,606924.796000,disarm,disarm
1783440270.624553,606924.859000,disarm,disarm
1783440270.686421,606924.921000,disarm,disarm
1783440270.762999,606925.000000,disarm,disarm
1783440270.825247,606925.062000,disarm,disarm
1783440270.882261,606925.109000,disarm,disarm
1783440270.949771,606925.187000,disarm,disarm
1783440270.997764,606925.234000,disarm,disarm
1783440271.062703,606925.296000,disarm,disarm
1783440271.125948,606925.359000,disarm,disarm
1783440271.189863,606925.421000,disarm,disarm
1783440271.259442,606925.484000,disarm,disarm
1783440271.317612,606925.546000,disarm,disarm
1783440271.377620,606925.609000,disarm,disarm
1783440271.437518,606925.671000,disarm,disarm
1783440271.497976,606925.734000,disarm,disarm
1783440271.561023,606925.796000,disarm,disarm
1783440271.624548,606925.859000,disarm,disarm
1783440271.689921,606925.921000,disarm,disarm
1783440271.752537,606925.984000,disarm,disarm
1783440271.812612,606926.046000,disarm,disarm
1783440271.872953,606926.109000,disarm,disarm
1783440271.942743,606926.171000,disarm,disarm
1783440272.004492,606926.234000,disarm,disarm
1783440272.066025,606926.296000,disarm,disarm
1783440272.122933,606926.359000,disarm,disarm
1783440272.188923,606926.421000,disarm,disarm
1783440272.250909,606926.484000,disarm,disarm
1783440272.313366,606926.546000,disarm,disarm
1783440272.376151,606926.609000,disarm,disarm
1783440272.439387,606926.671000,disarm,disarm
1783440272.502110,606926.734000,disarm,disarm
1783440272.565003,606926.796000,disarm,disarm
1783440272.626266,606926.859000,disarm,disarm
1783440272.688507,606926.921000,disarm,disarm
1783440272.749705,606926.984000,disarm,disarm
1783440272.811733,606927.046000,disarm,disarm
1783440272.872687,606927.109000,disarm,disarm
1783440272.949454,606927.187000,disarm,disarm
1783440273.011333,606927.234000,disarm,disarm
1783440273.073698,606927.296000,disarm,disarm
1783440273.135825,606927.359000,disarm,disarm
1783440273.198474,606927.421000,disarm,disarm
1783440273.259715,606927.484000,disarm,disarm
1783440273.321239,606927.546000,disarm,disarm
1783440273.383528,606927.609000,disarm,disarm
1783440273.444253,606927.671000,disarm,disarm
1783440273.506197,606927.734000,disarm,disarm
1783440273.567696,606927.796000,disarm,disarm
1783440273.629676,606927.859000,disarm,disarm
1783440273.691551,606927.921000,disarm,disarm
1783440273.752415,606927.984000,disarm,disarm
1783440273.814721,606928.046000,disarm,disarm
1783440273.876971,606928.109000,disarm,disarm
1783440273.938311,606928.171000,disarm,disarm
1783440273.999750,606928.234000,disarm,disarm
1783440274.062116,606928.296000,disarm,disarm
1783440274.124007,606928.359000,disarm,disarm
1783440274.200383,606928.437000,disarm,disarm
1783440274.262604,606928.500000,disarm,disarm
1783440274.324521,606928.562000,disarm,disarm
1783440274.385895,606928.609000,disarm,disarm
1783440274.447791,606928.671000,disarm,disarm
1783440274.509129,606928.734000,disarm,disarm
1783440274.571321,606928.796000,disarm,disarm
1783440274.632909,606928.859000,disarm,disarm
1783440274.695741,606928.921000,disarm,disarm
1783440274.758729,606928.984000,disarm,disarm
1783440274.820409,606929.046000,disarm,disarm
1783440274.881735,606929.109000,disarm,disarm
1783440274.944836,606929.171000,disarm,disarm
1783440275.006942,606929.234000,disarm,disarm
1783440275.068245,606929.296000,disarm,disarm
1783440275.129622,606929.359000,disarm,disarm
1783440275.192113,606929.421000,disarm,disarm
1783440275.254617,606929.484000,disarm,disarm
1783440275.316229,606929.546000,disarm,disarm
1783440275.378666,606929.609000,disarm,disarm
1783440275.441058,606929.671000,disarm,disarm
1783440275.502811,606929.734000,disarm,disarm
1783440275.563593,606929.796000,disarm,disarm
1783440275.623491,606929.859000,disarm,disarm
1783440275.688413,606929.921000,disarm,disarm
1783440275.750288,606929.984000,disarm,disarm
1783440275.812438,606930.046000,disarm,disarm
1783440275.873459,606930.109000,disarm,disarm
1783440275.936227,606930.171000,disarm,disarm
1783440275.998122,606930.234000,disarm,disarm
1783440276.075962,606930.312000,disarm,disarm
1783440276.137460,606930.375000,disarm,disarm
1783440276.215497,606930.453000,disarm,disarm
1783440276.278824,606930.515000,disarm,disarm
1783440276.325879,606930.562000,disarm,disarm
1783440276.388956,606930.625000,disarm,disarm
1783440276.466323,606930.703000,disarm,disarm
1783440276.513288,606930.750000,disarm,disarm
1783440276.591154,606930.828000,disarm,disarm
1783440276.658288,606930.890000,disarm,disarm
1783440276.715004,606930.953000,disarm,disarm
1783440276.776713,606931.000000,disarm,disarm
1783440276.838682,606931.062000,disarm,disarm
1783440276.901184,606931.125000,disarm,disarm
1783440276.963694,606931.187000,disarm,disarm
1783440277.025171,606931.250000,disarm,disarm
1783440277.088508,606931.312000,disarm,disarm
1783440277.147729,606931.375000,disarm,disarm
1783440277.211273,606931.437000,disarm,disarm
1783440277.273097,606931.500000,disarm,disarm
1783440277.333689,606931.562000,disarm,disarm
1783440277.395156,606931.625000,disarm,disarm
1783440277.456407,606931.687000,disarm,disarm
1783440277.519070,606931.750000,disarm,disarm
1783440277.580586,606931.812000,disarm,disarm
1783440277.641469,606931.875000,disarm,disarm
1783440277.702933,606931.937000,disarm,disarm
1783440277.764694,606932.000000,disarm,disarm
1783440277.840921,606932.078000,disarm,disarm
1783440277.888403,606932.125000,disarm,disarm
1783440277.964014,606932.187000,disarm,disarm
1783440278.026362,606932.250000,disarm,disarm
1783440278.087334,606932.312000,disarm,disarm
1783440278.145817,606932.375000,disarm,disarm
1783440278.211583,606932.437000,disarm,disarm
1783440278.272835,606932.500000,disarm,disarm
1783440278.336045,606932.562000,disarm,disarm
1783440278.397754,606932.625000,disarm,disarm
1783440278.459703,606932.687000,disarm,disarm
1783440278.523893,606932.750000,disarm,disarm
1783440278.586145,606932.812000,disarm,disarm
1783440278.648211,606932.875000,disarm,disarm
1783440278.711016,606932.937000,disarm,disarm
1783440278.771673,606933.000000,disarm,disarm
1783440278.833274,606933.062000,disarm,disarm
1783440278.894665,606933.125000,disarm,disarm
1783440278.956147,606933.187000,disarm,disarm
1783440279.018070,606933.250000,disarm,disarm
1783440279.079588,606933.312000,disarm,disarm
1783440279.140892,606933.375000,disarm,disarm
1783440279.203544,606933.437000,disarm,disarm
1783440279.265579,606933.500000,disarm,disarm
1783440279.327394,606933.562000,disarm,disarm
1783440279.388716,606933.625000,disarm,disarm
1783440279.451013,606933.687000,disarm,disarm
1783440279.528459,606933.765000,disarm,disarm
1783440279.590925,606933.828000,disarm,disarm
1783440279.652313,606933.890000,disarm,disarm
1783440279.713427,606933.937000,disarm,disarm
1783440279.775815,606934.000000,disarm,disarm
1783440279.838495,606934.062000,disarm,disarm
1783440279.900046,606934.125000,disarm,disarm
1783440279.962931,606934.187000,disarm,disarm
1783440280.024308,606934.250000,disarm,disarm
1783440280.087282,606934.312000,disarm,disarm
1783440280.144304,606934.375000,disarm,disarm
1783440280.211287,606934.437000,disarm,disarm
1783440280.273371,606934.500000,disarm,disarm
1783440280.335251,606934.562000,disarm,disarm
1783440280.396449,606934.625000,disarm,disarm
1783440280.458805,606934.687000,disarm,disarm
1783440280.520748,606934.750000,disarm,disarm
1783440280.583284,606934.812000,disarm,disarm
1783440280.645979,606934.875000,disarm,disarm
1783440280.707864,606934.937000,disarm,disarm
1783440280.769793,606935.000000,disarm,disarm
1783440280.832676,606935.062000,disarm,disarm
1783440280.895440,606935.125000,disarm,disarm
1783440280.957325,606935.187000,disarm,disarm
1783440281.018683,606935.250000,disarm,disarm
1783440281.080091,606935.312000,disarm,disarm
1783440281.141855,606935.375000,disarm,disarm
1783440281.203089,606935.437000,disarm,disarm
1783440281.266133,606935.500000,disarm,disarm
1783440281.327988,606935.562000,disarm,disarm
1783440281.390350,606935.625000,disarm,disarm
1783440281.451711,606935.687000,disarm,disarm
1783440281.513622,606935.750000,disarm,disarm
1783440281.591140,606935.828000,disarm,disarm
1783440281.652956,606935.890000,disarm,disarm
1783440281.714048,606935.937000,disarm,disarm
1783440281.775870,606936.000000,disarm,disarm
1783440281.839366,606936.062000,disarm,disarm
1783440281.902062,606936.140000,disarm,disarm
1783440281.963664,606936.187000,disarm,disarm
1783440282.025410,606936.250000,disarm,disarm
1783440282.086359,606936.312000,disarm,disarm
1783440282.144840,606936.375000,disarm,disarm
1783440282.210761,606936.437000,disarm,disarm
1783440282.272767,606936.500000,disarm,disarm
1783440282.335243,606936.562000,disarm,disarm
1783440282.396772,606936.625000,disarm,disarm
1783440282.458306,606936.687000,disarm,disarm
1783440282.519775,606936.750000,disarm,disarm
1783440282.581564,606936.812000,disarm,disarm
1783440282.644392,606936.875000,disarm,disarm
1783440282.706644,606936.937000,disarm,disarm
1783440282.768628,606937.000000,disarm,disarm
1783440282.831475,606937.062000,disarm,disarm
1783440282.894144,606937.125000,disarm,disarm
1783440282.956824,606937.187000,disarm,disarm
1783440283.018164,606937.250000,disarm,disarm
1783440283.079149,606937.312000,disarm,disarm
1783440283.138880,606937.375000,disarm,disarm
1783440283.202585,606937.437000,disarm,disarm
1783440283.264581,606937.500000,disarm,disarm
1783440283.326827,606937.562000,disarm,disarm
1783440283.388519,606937.625000,disarm,disarm
1783440283.450862,606937.687000,disarm,disarm
1783440283.527904,606937.765000,disarm,disarm
1783440283.590990,606937.828000,disarm,disarm
1783440283.652837,606937.890000,disarm,disarm
1783440283.714713,606937.953000,disarm,disarm
1783440283.776915,606938.000000,disarm,disarm
1783440283.840533,606938.078000,disarm,disarm
1783440283.901983,606938.140000,disarm,disarm
1783440283.964046,606938.187000,disarm,disarm
1783440284.025906,606938.250000,disarm,disarm
1783440284.087876,606938.312000,disarm,disarm
1783440284.144907,606938.375000,disarm,disarm
1783440284.213108,606938.437000,disarm,disarm
1783440284.275344,606938.500000,disarm,disarm
1783440284.338077,606938.562000,disarm,disarm
1783440284.399315,606938.625000,disarm,disarm
1783440284.462219,606938.687000,disarm,disarm
1783440284.524087,606938.750000,disarm,disarm
1783440284.585754,606938.812000,disarm,disarm
1783440284.647213,606938.875000,disarm,disarm
1783440284.709525,606938.937000,disarm,disarm
1783440284.772215,606939.000000,disarm,disarm
1783440284.835199,606939.062000,disarm,disarm
1783440284.896185,606939.125000,disarm,disarm
1783440284.959117,606939.187000,disarm,disarm
1783440285.019809,606939.250000,disarm,disarm
1783440285.081701,606939.312000,disarm,disarm
1783440285.139070,606939.375000,disarm,disarm
1783440285.205478,606939.437000,disarm,disarm
1783440285.267069,606939.500000,disarm,disarm
1783440285.328057,606939.562000,disarm,disarm
1783440285.390531,606939.625000,disarm,disarm
1783440285.451930,606939.687000,disarm,disarm
1783440285.527923,606939.765000,disarm,disarm
1783440285.590447,606939.828000,disarm,disarm
1783440285.651823,606939.875000,disarm,disarm
1783440285.713887,606939.937000,disarm,disarm
1783440285.775457,606940.000000,disarm,disarm
1783440285.836767,606940.062000,disarm,disarm
1783440285.897857,606940.125000,disarm,disarm
1783440285.959334,606940.187000,disarm,disarm
1783440286.020818,606940.250000,disarm,disarm
1783440286.081503,606940.312000,disarm,disarm
1783440286.139780,606940.375000,disarm,disarm
1783440286.207186,606940.437000,disarm,disarm
1783440286.269093,606940.500000,disarm,disarm
1783440286.329744,606940.562000,disarm,disarm
1783440286.392715,606940.625000,disarm,disarm
1783440286.455165,606940.687000,disarm,disarm
1783440286.518205,606940.750000,disarm,disarm
1783440286.579478,606940.812000,disarm,disarm
1783440286.641181,606940.875000,disarm,disarm
1783440286.703588,606940.937000,disarm,disarm
1783440286.764755,606941.000000,disarm,disarm
1783440286.826685,606941.062000,disarm,disarm
1783440286.889188,606941.125000,disarm,disarm
1783440286.951136,606941.187000,disarm,disarm
1783440287.013578,606941.250000,disarm,disarm
1783440287.076329,606941.312000,disarm,disarm
1783440287.154055,606941.390000,disarm,disarm
1783440287.231175,606941.468000,disarm,disarm
1783440287.293547,606941.531000,disarm,disarm
1783440287.355415,606941.593000,disarm,disarm
1783440287.417157,606941.640000,disarm,disarm
1783440287.478985,606941.703000,disarm,disarm
1783440287.541343,606941.765000,disarm,disarm
1783440287.603758,606941.828000,disarm,disarm
1783440287.666427,606941.890000,disarm,disarm
1783440287.728871,606941.953000,disarm,disarm
1783440287.790405,606942.015000,disarm,disarm
1783440287.853475,606942.078000,disarm,disarm
1783440287.913972,606942.140000,disarm,disarm
1783440287.976849,606942.203000,disarm,disarm
1783440288.038813,606942.265000,disarm,disarm
1783440288.101303,606942.328000,disarm,disarm
1783440288.162302,606942.390000,disarm,disarm
1783440288.224311,606942.453000,disarm,disarm
1783440288.287324,606942.515000,disarm,disarm
1783440288.349208,606942.578000,disarm,disarm
1783440288.410408,606942.640000,disarm,disarm
1783440288.471776,606942.703000,disarm,disarm
1783440288.533862,606942.765000,disarm,disarm
1783440288.595873,606942.828000,disarm,disarm
1783440288.659470,606942.890000,disarm,disarm
1783440288.721801,606942.953000,disarm,disarm
1783440288.782161,606943.015000,disarm,disarm
1783440288.845142,606943.078000,disarm,disarm
1783440288.907628,606943.140000,disarm,disarm
1783440288.969745,606943.203000,disarm,disarm
1783440289.031638,606943.265000,disarm,disarm
1783440289.093645,606943.328000,disarm,disarm
1783440289.156651,606943.390000,disarm,disarm
1783440289.218923,606943.453000,disarm,disarm
1783440289.281770,606943.515000,disarm,disarm
1783440289.343944,606943.578000,disarm,disarm
1783440289.405509,606943.640000,disarm,disarm
1783440289.467551,606943.703000,disarm,disarm
1783440289.530137,606943.765000,disarm,disarm
1783440289.592555,606943.828000,disarm,disarm
1783440289.653984,606943.890000,disarm,disarm
1783440289.731397,606943.968000,disarm,disarm
1783440289.793640,606944.031000,disarm,disarm
1783440289.855089,606944.078000,disarm,disarm
1783440289.917308,606944.140000,disarm,disarm
1783440289.980165,606944.218000,disarm,disarm
1783440290.041434,606944.265000,disarm,disarm
1783440290.102383,606944.328000,disarm,disarm
1783440290.163805,606944.390000,disarm,disarm
1783440290.226701,606944.453000,disarm,disarm
1783440290.288771,606944.515000,disarm,disarm
1783440290.350816,606944.578000,disarm,disarm
1783440290.412997,606944.640000,disarm,disarm
1783440290.474877,606944.703000,disarm,disarm
1783440290.536251,606944.765000,disarm,disarm
1783440290.598258,606944.828000,disarm,disarm
1783440290.661136,606944.890000,disarm,disarm
1783440290.723434,606944.953000,disarm,disarm
1783440290.785639,606945.015000,disarm,disarm
1783440290.846752,606945.078000,disarm,disarm
1783440290.909628,606945.140000,disarm,disarm
1783440290.972904,606945.203000,disarm,disarm
1783440291.035142,606945.265000,disarm,disarm
1783440291.097193,606945.328000,disarm,disarm
1783440291.158125,606945.390000,disarm,disarm
1783440291.220271,606945.453000,disarm,disarm
1783440291.282780,606945.515000,disarm,disarm
1783440291.346033,606945.578000,disarm,disarm
1783440291.407928,606945.640000,disarm,disarm
1783440291.469455,606945.703000,disarm,disarm
1783440291.531540,606945.765000,disarm,disarm
1783440291.593084,606945.828000,disarm,disarm
1783440291.653490,606945.890000,disarm,disarm
1783440291.731742,606945.968000,disarm,disarm
1783440291.794164,606946.031000,disarm,disarm
1783440291.856423,606946.093000,disarm,disarm
1783440291.918377,606946.156000,disarm,disarm
1783440291.980389,606946.218000,disarm,disarm
1783440292.041846,606946.265000,disarm,disarm
1783440292.103897,606946.328000,disarm,disarm
1783440292.165267,606946.390000,disarm,disarm
1783440292.227689,606946.453000,disarm,disarm
1783440292.289027,606946.515000,disarm,disarm
1783440292.351791,606946.578000,disarm,disarm
1783440292.413630,606946.640000,disarm,disarm
1783440292.475493,606946.703000,disarm,disarm
1783440292.536805,606946.765000,disarm,disarm
1783440292.599808,606946.828000,disarm,disarm
1783440292.662651,606946.890000,disarm,disarm
1783440292.725125,606946.953000,disarm,disarm
1783440292.786392,606947.015000,disarm,disarm
1783440292.848644,606947.078000,disarm,disarm
1783440292.910776,606947.140000,disarm,disarm
1783440292.972621,606947.203000,disarm,disarm
1783440293.035631,606947.265000,disarm,disarm
1783440293.096739,606947.328000,disarm,disarm
1783440293.158555,606947.390000,disarm,disarm
1783440293.220549,606947.453000,disarm,disarm
1783440293.282532,606947.515000,disarm,disarm
1783440293.344994,606947.578000,disarm,disarm
1783440293.407752,606947.640000,disarm,disarm
1783440293.468995,606947.703000,disarm,disarm
1783440293.531937,606947.765000,disarm,disarm
1783440293.592952,606947.828000,disarm,disarm
1783440293.654488,606947.890000,disarm,disarm
1783440293.717374,606947.953000,disarm,disarm
1783440293.794159,606948.031000,disarm,disarm
1783440293.856944,606948.093000,disarm,disarm
1783440293.919439,606948.156000,disarm,disarm
1783440293.981307,606948.218000,disarm,disarm
1783440294.042356,606948.265000,disarm,disarm
1783440294.104535,606948.328000,disarm,disarm
1783440294.166236,606948.390000,disarm,disarm
1783440294.228971,606948.453000,disarm,disarm
1783440294.290625,606948.515000,disarm,disarm
1783440294.353553,606948.578000,disarm,disarm
1783440294.415737,606948.640000,disarm,disarm
1783440294.477817,606948.703000,disarm,disarm
1783440294.539521,606948.765000,disarm,disarm
1783440294.602741,606948.828000,disarm,disarm
1783440294.664299,606948.890000,disarm,disarm
1783440294.726180,606948.953000,disarm,disarm
1783440294.788690,606949.015000,disarm,disarm
1783440294.850468,606949.078000,disarm,disarm
1783440294.913624,606949.140000,disarm,disarm
1783440294.975764,606949.203000,disarm,disarm
1783440295.037623,606949.265000,disarm,disarm
1783440295.099131,606949.328000,disarm,disarm
1783440295.162119,606949.390000,disarm,disarm
1783440295.222594,606949.453000,disarm,disarm
1783440295.284103,606949.515000,disarm,disarm
1783440295.346890,606949.578000,disarm,disarm
1783440295.407558,606949.640000,disarm,disarm
1783440295.469076,606949.703000,disarm,disarm
1783440295.531960,606949.765000,disarm,disarm
1783440295.593985,606949.828000,disarm,disarm
1783440295.656230,606949.890000,disarm,disarm
1783440295.717972,606949.953000,disarm,disarm
1783440295.780457,606950.015000,disarm,disarm
1783440295.842412,606950.078000,disarm,disarm
1783440295.919417,606950.156000,disarm,disarm
1783440295.980993,606950.218000,disarm,disarm
1783440296.043391,606950.281000,disarm,disarm
1783440296.097848,606950.328000,disarm,disarm
1783440296.166848,606950.390000,disarm,disarm
1783440296.229814,606950.453000,disarm,disarm
1783440296.292722,606950.531000,disarm,disarm
1783440296.354853,606950.578000,disarm,disarm
1783440296.416324,606950.640000,disarm,disarm
1783440296.477377,606950.703000,disarm,disarm
1783440296.540140,606950.765000,disarm,disarm
1783440296.601322,606950.828000,disarm,disarm
1783440296.663299,606950.890000,disarm,disarm
1783440296.725695,606950.953000,disarm,disarm
1783440296.787707,606951.015000,disarm,disarm
1783440296.848722,606951.078000,disarm,disarm
1783440296.911195,606951.140000,disarm,disarm
1783440296.973247,606951.203000,disarm,disarm
1783440297.034439,606951.265000,disarm,disarm
1783440297.096243,606951.328000,disarm,disarm
1783440297.159390,606951.390000,disarm,disarm
1783440297.221550,606951.453000,disarm,disarm
1783440297.283566,606951.515000,disarm,disarm
1783440297.345877,606951.578000,disarm,disarm
1783440297.408066,606951.640000,disarm,disarm
1783440297.470543,606951.703000,disarm,disarm
1783440297.531997,606951.765000,disarm,disarm
1783440297.594546,606951.828000,disarm,disarm
1783440297.657513,606951.890000,disarm,disarm
1783440297.719546,606951.953000,disarm,disarm
1783440297.780443,606952.015000,disarm,disarm
1783440297.841926,606952.078000,disarm,disarm
1783440297.919924,606952.156000,disarm,disarm
1783440297.983187,606952.218000,disarm,disarm
1783440298.044925,606952.281000,disarm,disarm
1783440298.122873,606952.359000,disarm,disarm
1783440298.199224,606952.437000,disarm,disarm
1783440298.261923,606952.500000,disarm,disarm
1783440298.324152,606952.562000,disarm,disarm
1783440298.385423,606952.609000,disarm,disarm
1783440298.448474,606952.671000,disarm,disarm
1783440298.510725,606952.734000,disarm,disarm
1783440298.574377,606952.812000,disarm,disarm
1783440298.636319,606952.859000,disarm,disarm
1783440298.696616,606952.921000,disarm,disarm
1783440298.759582,606952.984000,disarm,disarm
1783440298.821178,606953.046000,disarm,disarm
1783440298.883133,606953.109000,disarm,disarm
1783440298.945952,606953.171000,disarm,disarm
1783440299.007410,606953.234000,disarm,disarm
1783440299.069212,606953.296000,disarm,disarm
1783440299.131482,606953.359000,disarm,disarm
1783440299.193568,606953.421000,disarm,disarm
1783440299.255396,606953.484000,disarm,disarm
1783440299.318065,606953.546000,disarm,disarm
1783440299.380045,606953.609000,disarm,disarm
1783440299.442463,606953.671000,disarm,disarm
1783440299.504176,606953.734000,disarm,disarm
1783440299.567504,606953.796000,disarm,disarm
1783440299.629410,606953.859000,disarm,disarm
1783440299.690888,606953.921000,disarm,disarm
1783440299.752609,606953.984000,disarm,disarm
1783440299.813421,606954.046000,disarm,disarm
1783440299.875869,606954.109000,disarm,disarm
1783440299.938339,606954.171000,disarm,disarm
1783440300.000170,606954.234000,disarm,disarm
1783440300.061382,606954.296000,disarm,disarm
1783440300.123324,606954.359000,disarm,disarm
1783440300.185584,606954.421000,disarm,disarm
1783440300.261640,606954.500000,disarm,disarm
1783440300.324793,606954.562000,disarm,disarm
1783440300.386801,606954.625000,disarm,disarm
1783440300.449791,606954.687000,disarm,disarm
1783440300.512262,606954.750000,disarm,disarm
1783440300.574664,606954.812000,disarm,disarm
1783440300.636162,606954.859000,disarm,disarm
1783440300.698662,606954.921000,disarm,disarm
1783440300.760663,606954.984000,disarm,disarm
1783440300.822128,606955.046000,disarm,disarm
1783440300.891659,606955.125000,disarm,disarm
1783440300.947600,606955.171000,disarm,disarm
1783440301.009631,606955.234000,disarm,disarm
1783440301.072322,606955.296000,disarm,disarm
1783440301.134034,606955.359000,disarm,disarm
1783440301.196067,606955.421000,disarm,disarm
1783440301.258499,606955.484000,disarm,disarm
1783440301.321353,606955.546000,disarm,disarm
1783440301.382631,606955.609000,disarm,disarm
1783440301.444485,606955.671000,disarm,disarm
1783440301.506593,606955.734000,disarm,disarm
1783440301.567993,606955.796000,disarm,disarm
1783440301.629987,606955.859000,disarm,disarm
1783440301.691948,606955.921000,disarm,disarm
1783440301.753873,606955.984000,disarm,disarm
1783440301.815589,606956.046000,disarm,disarm
1783440301.877433,606956.109000,disarm,disarm
1783440301.938884,606956.171000,disarm,disarm
1783440302.001903,606956.234000,disarm,disarm
1783440302.064240,606956.296000,disarm,disarm
1783440302.126845,606956.359000,disarm,disarm
1783440302.189157,606956.421000,disarm,disarm
1783440302.250752,606956.484000,disarm,disarm
1783440302.313693,606956.546000,disarm,disarm
1783440302.375888,606956.609000,disarm,disarm
1783440302.438448,606956.671000,disarm,disarm
1783440302.499340,606956.734000,disarm,disarm
1783440302.560587,606956.796000,disarm,disarm
1783440302.623487,606956.859000,disarm,disarm
1783440302.686678,606956.921000,disarm,disarm
1783440302.749766,606956.984000,disarm,disarm
1783440302.811623,606957.046000,disarm,disarm
1783440302.872895,606957.109000,disarm,disarm
1783440302.949984,606957.187000,disarm,disarm
1783440302.998128,606957.234000,disarm,disarm
1783440303.074340,606957.312000,disarm,disarm
1783440303.137106,606957.375000,disarm,disarm
1783440303.199890,606957.437000,disarm,disarm
1783440303.262516,606957.500000,disarm,disarm
1783440303.325174,606957.562000,disarm,disarm
1783440303.386897,606957.625000,disarm,disarm
1783440303.447173,606957.671000,disarm,disarm
1783440303.508522,606957.734000,disarm,disarm
1783440303.569339,606957.796000,disarm,disarm
1783440303.631480,606957.859000,disarm,disarm
1783440303.694218,606957.921000,disarm,disarm
1783440303.756442,606957.984000,disarm,disarm
1783440303.818311,606958.046000,disarm,disarm
1783440303.880502,606958.109000,disarm,disarm
1783440303.942472,606958.171000,disarm,disarm
1783440304.004945,606958.234000,disarm,disarm
1783440304.065907,606958.296000,disarm,disarm
1783440304.128358,606958.359000,disarm,disarm
1783440304.190335,606958.421000,disarm,disarm
1783440304.252817,606958.484000,disarm,disarm
1783440304.314357,606958.546000,disarm,disarm
1783440304.376850,606958.609000,disarm,disarm
1783440304.439024,606958.671000,disarm,disarm
1783440304.501901,606958.734000,disarm,disarm
1783440304.563831,606958.796000,disarm,disarm
1783440304.625708,606958.859000,disarm,disarm
1783440304.687607,606958.921000,disarm,disarm
1783440304.750230,606958.984000,disarm,disarm
1783440304.812881,606959.046000,disarm,disarm
1783440304.874601,606959.109000,disarm,disarm
1783440304.936489,606959.171000,disarm,disarm
1783440304.998228,606959.234000,disarm,disarm
1783440305.060855,606959.296000,disarm,disarm
1783440305.132113,606959.359000,disarm,disarm
1783440305.199102,606959.437000,disarm,disarm
1783440305.261640,606959.500000,disarm,disarm
1783440305.323084,606959.546000,disarm,disarm
1783440305.386043,606959.609000,disarm,disarm
1783440305.448286,606959.671000,disarm,disarm
1783440305.509564,606959.734000,disarm,disarm
1783440305.572513,606959.796000,disarm,disarm
1783440305.633940,606959.859000,disarm,disarm
1783440305.696328,606959.921000,disarm,disarm
1783440305.757970,606959.984000,disarm,disarm
1783440305.820697,606960.046000,disarm,disarm
1783440305.881436,606960.109000,disarm,disarm
1783440305.943105,606960.171000,disarm,disarm
1783440306.004460,606960.234000,disarm,disarm
1783440306.064668,606960.296000,disarm,disarm
1783440306.127189,606960.359000,disarm,disarm
1783440306.188922,606960.421000,disarm,disarm
1783440306.250518,606960.484000,disarm,disarm
1783440306.312150,606960.546000,disarm,disarm
1783440306.373500,606960.609000,disarm,disarm
1783440306.435409,606960.671000,disarm,disarm
1783440306.511437,606960.750000,disarm,disarm
1783440306.573757,606960.796000,disarm,disarm
1783440306.636493,606960.875000,disarm,disarm
1783440306.697930,606960.921000,disarm,disarm
1783440306.760540,606960.984000,disarm,disarm
1783440306.822787,606961.046000,disarm,disarm
1783440306.884334,606961.109000,disarm,disarm
1783440306.946103,606961.171000,disarm,disarm
1783440307.008646,606961.234000,disarm,disarm
1783440307.070678,606961.296000,disarm,disarm
1783440307.132303,606961.359000,disarm,disarm
1783440307.193563,606961.421000,disarm,disarm
1783440307.256866,606961.484000,disarm,disarm
1783440307.319085,606961.546000,disarm,disarm
1783440307.381175,606961.609000,disarm,disarm
1783440307.443047,606961.671000,disarm,disarm
1783440307.505599,606961.734000,disarm,disarm
1783440307.567565,606961.796000,disarm,disarm
1783440307.628552,606961.859000,disarm,disarm
1783440307.690573,606961.921000,disarm,disarm
1783440307.753905,606961.984000,disarm,disarm
1783440307.815262,606962.046000,disarm,disarm
1783440307.877023,606962.109000,disarm,disarm
1783440307.938427,606962.171000,disarm,disarm
1783440308.000451,606962.234000,disarm,disarm
1783440308.062081,606962.296000,disarm,disarm
1783440308.123364,606962.359000,disarm,disarm
1783440308.184895,606962.421000,disarm,disarm
1783440308.262747,606962.500000,disarm,disarm
1783440308.324900,606962.562000,disarm,disarm
1783440308.386867,606962.625000,disarm,disarm
1783440308.448807,606962.671000,disarm,disarm
1783440308.511067,606962.734000,disarm,disarm
1783440308.572291,606962.796000,disarm,disarm
1783440308.633307,606962.859000,disarm,disarm
1783440308.694993,606962.921000,disarm,disarm
1783440308.756892,606962.984000,disarm,disarm
1783440308.817781,606963.046000,disarm,disarm
1783440308.879505,606963.109000,disarm,disarm
1783440308.941450,606963.171000,disarm,disarm
1783440309.002870,606963.234000,disarm,disarm
1783440309.064169,606963.296000,disarm,disarm
1783440309.126666,606963.359000,disarm,disarm
1783440309.188632,606963.421000,disarm,disarm
1783440309.251119,606963.484000,disarm,disarm
1783440309.312499,606963.546000,disarm,disarm
1783440309.375069,606963.609000,disarm,disarm
1783440309.437885,606963.671000,disarm,disarm
1783440309.500048,606963.734000,disarm,disarm
1783440309.561987,606963.796000,disarm,disarm
1783440309.624358,606963.859000,disarm,disarm
1783440309.685546,606963.921000,disarm,disarm
1783440309.762827,606964.000000,disarm,disarm
1783440309.824488,606964.062000,disarm,disarm
1783440309.886470,606964.125000,disarm,disarm
1783440309.947920,606964.171000,disarm,disarm
1783440310.009549,606964.234000,disarm,disarm
1783440310.070637,606964.296000,disarm,disarm
1783440310.132522,606964.359000,disarm,disarm
1783440310.193360,606964.421000,disarm,disarm
1783440310.255909,606964.484000,disarm,disarm
1783440310.318177,606964.546000,disarm,disarm
1783440310.380819,606964.609000,disarm,disarm
1783440310.441831,606964.671000,disarm,disarm
1783440310.503612,606964.734000,disarm,disarm
1783440310.565336,606964.796000,disarm,disarm
1783440310.627403,606964.859000,disarm,disarm
1783440310.689843,606964.921000,disarm,disarm
1783440310.751758,606964.984000,disarm,disarm
1783440310.813552,606965.046000,disarm,disarm
1783440310.876040,606965.109000,disarm,disarm
1783440310.937960,606965.171000,disarm,disarm
1783440311.000579,606965.234000,disarm,disarm
1783440311.062108,606965.296000,disarm,disarm
1783440311.124244,606965.359000,disarm,disarm
1783440311.186139,606965.421000,disarm,disarm
1783440311.248074,606965.484000,disarm,disarm
1783440311.325034,606965.562000,disarm,disarm
1783440311.387447,606965.625000,disarm,disarm
1783440311.448500,606965.671000,disarm,disarm
1783440311.511421,606965.750000,disarm,disarm
1783440311.573299,606965.796000,disarm,disarm
1783440311.635020,606965.859000,disarm,disarm
1783440311.696924,606965.921000,disarm,disarm
1783440311.758228,606965.984000,disarm,disarm
1783440311.819643,606966.046000,disarm,disarm
1783440311.881400,606966.109000,disarm,disarm
1783440311.943298,606966.171000,disarm,disarm
1783440312.005083,606966.234000,disarm,disarm
1783440312.067412,606966.296000,disarm,disarm
1783440312.129819,606966.359000,disarm,disarm
1783440312.191442,606966.421000,disarm,disarm
1783440312.254275,606966.484000,disarm,disarm
1783440312.316961,606966.546000,disarm,disarm
1783440312.378258,606966.609000,disarm,disarm
1783440312.440766,606966.671000,disarm,disarm
1783440312.503509,606966.734000,disarm,disarm
1783440312.566216,606966.796000,disarm,disarm
1783440312.627823,606966.859000,disarm,disarm
1783440312.689667,606966.921000,disarm,disarm
1783440312.750758,606966.984000,disarm,disarm
1783440312.812143,606967.046000,disarm,disarm
1783440312.874353,606967.109000,disarm,disarm
1783440312.936011,606967.171000,disarm,disarm
1783440312.997928,606967.234000,disarm,disarm
1783440313.075033,606967.312000,disarm,disarm
1783440313.133127,606967.359000,disarm,disarm
1783440313.200592,606967.437000,disarm,disarm
1783440313.262627,606967.500000,disarm,disarm
1783440313.325406,606967.562000,disarm,disarm
1783440313.387827,606967.625000,disarm,disarm
1783440313.449531,606967.687000,disarm,disarm
1783440313.510624,606967.734000,disarm,disarm
1783440313.572875,606967.796000,disarm,disarm
1783440313.633431,606967.859000,disarm,disarm
1783440313.695970,606967.921000,disarm,disarm
1783440313.758271,606967.984000,disarm,disarm
1783440313.820873,606968.046000,disarm,disarm
1783440313.883377,606968.109000,disarm,disarm
1783440313.944840,606968.171000,disarm,disarm
1783440314.007862,606968.234000,disarm,disarm
1783440314.069743,606968.296000,disarm,disarm
1783440314.131490,606968.359000,disarm,disarm
1783440314.193322,606968.421000,disarm,disarm
1783440314.254456,606968.484000,disarm,disarm
1783440314.316142,606968.546000,disarm,disarm
1783440314.376783,606968.609000,disarm,disarm
1783440314.439063,606968.671000,disarm,disarm
1783440314.501459,606968.734000,disarm,disarm
1783440314.563359,606968.796000,disarm,disarm
1783440314.624774,606968.859000,disarm,disarm
1783440314.686573,606968.921000,disarm,disarm
1783440314.749266,606968.984000,disarm,disarm
1783440314.812498,606969.046000,disarm,disarm
1783440314.874656,606969.109000,disarm,disarm
1783440314.936587,606969.171000,disarm,disarm
1783440314.999198,606969.234000,disarm,disarm
1783440315.060939,606969.296000,disarm,disarm
1783440315.132692,606969.359000,disarm,disarm
1783440315.199694,606969.437000,disarm,disarm
1783440315.262204,606969.500000,disarm,disarm
1783440315.323552,606969.546000,disarm,disarm
1783440315.385106,606969.609000,disarm,disarm
1783440315.447833,606969.671000,disarm,disarm
1783440315.509730,606969.734000,disarm,disarm
1783440315.571201,606969.796000,disarm,disarm
1783440315.633491,606969.859000,disarm,disarm
1783440315.695443,606969.921000,disarm,disarm
1783440315.758437,606969.984000,disarm,disarm
1783440315.820356,606970.046000,disarm,disarm
1783440315.882363,606970.109000,disarm,disarm
1783440315.944280,606970.171000,disarm,disarm
1783440316.006171,606970.234000,disarm,disarm
1783440316.067443,606970.296000,disarm,disarm
1783440316.129991,606970.359000,disarm,disarm
1783440316.190801,606970.421000,disarm,disarm
1783440316.252709,606970.484000,disarm,disarm
1783440316.313399,606970.546000,disarm,disarm
1783440316.375405,606970.609000,disarm,disarm
1783440316.436315,606970.671000,disarm,disarm
1783440316.498826,606970.734000,disarm,disarm
1783440316.574885,606970.812000,disarm,disarm
1783440316.637723,606970.875000,disarm,disarm
1783440316.699927,606970.937000,disarm,disarm
1783440316.761915,606971.000000,disarm,disarm
1783440316.824299,606971.062000,disarm,disarm
1783440316.887130,606971.125000,disarm,disarm
1783440316.948380,606971.171000,disarm,disarm
1783440317.012185,606971.250000,disarm,disarm
1783440317.074673,606971.312000,disarm,disarm
1783440317.136592,606971.375000,disarm,disarm
1783440317.198570,606971.421000,disarm,disarm
1783440317.260364,606971.484000,disarm,disarm
1783440317.322012,606971.546000,disarm,disarm
1783440317.383995,606971.609000,disarm,disarm
1783440317.446990,606971.671000,disarm,disarm
1783440317.508199,606971.734000,disarm,disarm
1783440317.569520,606971.796000,disarm,disarm
1783440317.631191,606971.859000,disarm,disarm
1783440317.692933,606971.921000,disarm,disarm
1783440317.755371,606971.984000,disarm,disarm
1783440317.817925,606972.046000,disarm,disarm
1783440317.879563,606972.109000,disarm,disarm
1783440317.940879,606972.171000,disarm,disarm
1783440318.002572,606972.234000,disarm,disarm
1783440318.064394,606972.296000,disarm,disarm
1783440318.126263,606972.359000,disarm,disarm
1783440318.187047,606972.421000,disarm,disarm
1783440318.249798,606972.484000,disarm,disarm
1783440318.310751,606972.546000,disarm,disarm
1783440318.388340,606972.625000,disarm,disarm
1783440318.436319,606972.671000,disarm,disarm
1783440318.498932,606972.734000,disarm,disarm
1783440318.561301,606972.796000,disarm,disarm
1783440318.637948,606972.875000,disarm,disarm
1783440318.699997,606972.937000,disarm,disarm
1783440318.761468,606973.000000,disarm,disarm
1783440318.822698,606973.046000,disarm,disarm
1783440318.884607,606973.109000,disarm,disarm
1783440318.946887,606973.171000,disarm,disarm
1783440319.009177,606973.234000,disarm,disarm
1783440319.070300,606973.296000,disarm,disarm
1783440319.131946,606973.359000,disarm,disarm
1783440319.194605,606973.421000,disarm,disarm
1783440319.257265,606973.484000,disarm,disarm
1783440319.318636,606973.546000,disarm,disarm
1783440319.382515,606973.609000,disarm,disarm
1783440319.443826,606973.671000,disarm,disarm
1783440319.505243,606973.734000,disarm,disarm
1783440319.566510,606973.796000,disarm,disarm
1783440319.628135,606973.859000,disarm,disarm
1783440319.689928,606973.921000,disarm,disarm
1783440319.751506,606973.984000,disarm,disarm
1783440319.813868,606974.046000,disarm,disarm
1783440319.875309,606974.109000,disarm,disarm
1783440319.936942,606974.171000,disarm,disarm
1783440319.998904,606974.234000,disarm,disarm
1783440320.061009,606974.296000,disarm,disarm
1783440320.123718,606974.359000,disarm,disarm
1783440320.185364,606974.421000,disarm,disarm
1783440320.262298,606974.500000,disarm,disarm
1783440320.324286,606974.562000,disarm,disarm
1783440320.387037,606974.625000,disarm,disarm
1783440320.448815,606974.671000,disarm,disarm
1783440320.510758,606974.734000,disarm,disarm
1783440320.573096,606974.796000,disarm,disarm
1783440320.635553,606974.859000,disarm,disarm
1783440320.698169,606974.921000,disarm,disarm
1783440320.760899,606974.984000,disarm,disarm
1783440320.821621,606975.046000,disarm,disarm
1783440320.882838,606975.109000,disarm,disarm
1783440320.944848,606975.171000,disarm,disarm
1783440321.006696,606975.234000,disarm,disarm
1783440321.067592,606975.296000,disarm,disarm
1783440321.130939,606975.359000,disarm,disarm
1783440321.193022,606975.421000,disarm,disarm
1783440321.254961,606975.484000,disarm,disarm
1783440321.316975,606975.546000,disarm,disarm
1783440321.378710,606975.609000,disarm,disarm
1783440321.440539,606975.671000,disarm,disarm
1783440321.502486,606975.734000,disarm,disarm
1783440321.564898,606975.796000,disarm,disarm
1783440321.627316,606975.859000,disarm,disarm
1783440321.702541,606975.937000,disarm,disarm
1783440321.750887,606975.984000,disarm,disarm
1783440321.813373,606976.046000,disarm,disarm
1783440321.875358,606976.109000,disarm,disarm
1783440321.936136,606976.171000,disarm,disarm
1783440321.997880,606976.234000,disarm,disarm
1783440322.061515,606976.296000,disarm,disarm
1783440322.137798,606976.375000,disarm,disarm
1783440322.200192,606976.437000,disarm,disarm
1783440322.248867,606976.484000,disarm,disarm
1783440322.323471,606976.546000,disarm,disarm
1783440322.385286,606976.609000,disarm,disarm
1783440322.448243,606976.671000,disarm,disarm
1783440322.510274,606976.734000,disarm,disarm
1783440322.572208,606976.796000,disarm,disarm
1783440322.633686,606976.859000,disarm,disarm
1783440322.694789,606976.921000,disarm,disarm
1783440322.758298,606976.984000,disarm,disarm
1783440322.819386,606977.046000,disarm,disarm
1783440322.881222,606977.109000,disarm,disarm
1783440322.943673,606977.171000,disarm,disarm
1783440323.006145,606977.234000,disarm,disarm
1783440323.067634,606977.296000,disarm,disarm
1783440323.131228,606977.359000,disarm,disarm
1783440323.192584,606977.421000,disarm,disarm
1783440323.254740,606977.484000,disarm,disarm
1783440323.317559,606977.546000,disarm,disarm
1783440323.379879,606977.609000,disarm,disarm
1783440323.441064,606977.671000,disarm,disarm
1783440323.503085,606977.734000,disarm,disarm
1783440323.563979,606977.796000,disarm,disarm
1783440323.627605,606977.859000,disarm,disarm
1783440323.689806,606977.921000,disarm,disarm
1783440323.751117,606977.984000,disarm,disarm
1783440323.813408,606978.046000,disarm,disarm
1783440323.876164,606978.109000,disarm,disarm
1783440323.938802,606978.171000,disarm,disarm
1783440324.001743,606978.234000,disarm,disarm
1783440324.063030,606978.296000,disarm,disarm
1783440324.125709,606978.359000,disarm,disarm
1783440324.187333,606978.421000,disarm,disarm
1783440324.250671,606978.484000,disarm,disarm
1783440324.312240,606978.546000,disarm,disarm
1783440324.373218,606978.609000,disarm,disarm
1783440324.436490,606978.671000,disarm,disarm
1783440324.498424,606978.734000,disarm,disarm
1783440324.575458,606978.812000,disarm,disarm
1783440324.637756,606978.875000,disarm,disarm
1783440324.699750,606978.937000,disarm,disarm
1783440324.761997,606979.000000,disarm,disarm
1783440324.824143,606979.062000,disarm,disarm
1783440324.885522,606979.109000,disarm,disarm
1783440324.948419,606979.171000,disarm,disarm
1783440325.010365,606979.234000,disarm,disarm
1783440325.071891,606979.296000,disarm,disarm
1783440325.133622,606979.359000,disarm,disarm
1783440325.196040,606979.421000,disarm,disarm
1783440325.258420,606979.484000,disarm,disarm
1783440325.320567,606979.546000,disarm,disarm
1783440325.381668,606979.609000,disarm,disarm
1783440325.444479,606979.671000,disarm,disarm
1783440325.507257,606979.734000,disarm,disarm
1783440325.569138,606979.796000,disarm,disarm
1783440325.630451,606979.859000,disarm,disarm
1783440325.692095,606979.921000,disarm,disarm
1783440325.754261,606979.984000,disarm,disarm
1783440325.815841,606980.046000,disarm,disarm
1783440325.876917,606980.109000,disarm,disarm
1783440325.939418,606980.171000,disarm,disarm
1783440326.008962,606980.234000,disarm,disarm
1783440326.064378,606980.296000,disarm,disarm
1783440326.124412,606980.359000,disarm,disarm
1783440326.188792,606980.421000,disarm,disarm
1783440326.251644,606980.484000,disarm,disarm
1783440326.313247,606980.546000,disarm,disarm
1783440326.376458,606980.609000,disarm,disarm
1783440326.437759,606980.671000,disarm,disarm
1783440326.501263,606980.734000,disarm,disarm
1783440326.562882,606980.796000,disarm,disarm
1783440326.625075,606980.859000,disarm,disarm
1783440326.686126,606980.921000,disarm,disarm
1783440326.748129,606980.984000,disarm,disarm
1783440326.810930,606981.046000,disarm,disarm
1783440326.888261,606981.125000,disarm,disarm
1783440326.949610,606981.187000,disarm,disarm
1783440326.999232,606981.234000,disarm,disarm
1783440327.060538,606981.296000,disarm,disarm
1783440327.123495,606981.359000,disarm,disarm
1783440327.185257,606981.421000,disarm,disarm
1783440327.255574,606981.484000,disarm,disarm
1783440327.331323,606981.562000,disarm,disarm
1783440327.401541,606981.625000,disarm,disarm
1783440327.464067,606981.687000,disarm,disarm
1783440327.525621,606981.750000,disarm,disarm
1783440327.588267,606981.812000,disarm,disarm
1783440327.649152,606981.875000,disarm,disarm
1783440327.711906,606981.937000,disarm,disarm
1783440327.773860,606982.000000,disarm,disarm
1783440327.836068,606982.062000,disarm,disarm
1783440327.898320,606982.125000,disarm,disarm
1783440327.960989,606982.187000,disarm,disarm
1783440328.022866,606982.250000,disarm,disarm
1783440328.084913,606982.312000,disarm,disarm
1783440328.140815,606982.375000,disarm,disarm
1783440328.207789,606982.437000,disarm,disarm
1783440328.273299,606982.500000,disarm,disarm
1783440328.334732,606982.562000,disarm,disarm
1783440328.396706,606982.625000,disarm,disarm
1783440328.468762,606982.703000,disarm,disarm
1783440328.520411,606982.750000,disarm,disarm
1783440328.577686,606982.812000,disarm,disarm
1783440328.645142,606982.875000,disarm,disarm
1783440328.707035,606982.937000,disarm,disarm
1783440328.768290,606983.000000,disarm,disarm
1783440328.830339,606983.062000,disarm,disarm
1783440328.891562,606983.125000,disarm,disarm
1783440328.953351,606983.187000,disarm,disarm
1783440329.015658,606983.250000,disarm,disarm
1783440329.077694,606983.312000,disarm,disarm
1783440329.139499,606983.375000,disarm,disarm
1783440329.202001,606983.437000,disarm,disarm
1783440329.263543,606983.500000,disarm,disarm
1783440329.325437,606983.562000,disarm,disarm
1783440329.402420,606983.640000,disarm,disarm
1783440329.464708,606983.703000,disarm,disarm
1783440329.515367,606983.750000,disarm,disarm
1783440329.588431,606983.812000,disarm,disarm
1783440329.649809,606983.875000,disarm,disarm
1783440329.717544,606983.953000,disarm,disarm
1783440329.773272,606984.000000,disarm,disarm
1783440329.845743,606984.078000,disarm,disarm
1783440329.896795,606984.125000,disarm,disarm
1783440329.958026,606984.187000,disarm,disarm
1783440330.019721,606984.250000,disarm,disarm
1783440330.080957,606984.312000,disarm,disarm
1783440330.141732,606984.375000,disarm,disarm
1783440330.205692,606984.437000,disarm,disarm
1783440330.267676,606984.500000,disarm,disarm
1783440330.329628,606984.562000,disarm,disarm
1783440330.391652,606984.625000,disarm,disarm
1783440330.452724,606984.687000,disarm,disarm
1783440330.515158,606984.750000,disarm,disarm
1783440330.578146,606984.812000,disarm,disarm
1783440330.642152,606984.875000,disarm,disarm
1783440330.704763,606984.937000,disarm,disarm
1783440330.766080,606985.000000,disarm,disarm
1783440330.828033,606985.062000,disarm,disarm
1783440330.890136,606985.125000,disarm,disarm
1783440330.951746,606985.187000,disarm,disarm
1783440331.012690,606985.250000,disarm,disarm
1783440331.090962,606985.328000,disarm,disarm
1783440331.153429,606985.390000,disarm,disarm
1783440331.214759,606985.453000,disarm,disarm
1783440331.277013,606985.515000,disarm,disarm
1783440331.338981,606985.562000,disarm,disarm
1783440331.400063,606985.625000,disarm,disarm
1783440331.463127,606985.687000,disarm,disarm
1783440331.523392,606985.750000,disarm,disarm
1783440331.586109,606985.812000,disarm,disarm
1783440331.649544,606985.875000,disarm,disarm
1783440331.717445,606985.953000,disarm,disarm
1783440331.772752,606986.000000,disarm,disarm
1783440331.845499,606986.078000,disarm,disarm
1783440331.897033,606986.125000,disarm,disarm
1783440331.959080,606986.187000,disarm,disarm
1783440332.021622,606986.250000,disarm,disarm
1783440332.083351,606986.312000,disarm,disarm
1783440332.142394,606986.375000,disarm,disarm
1783440332.209031,606986.437000,disarm,disarm
1783440332.272081,606986.500000,disarm,disarm
1783440332.335131,606986.562000,disarm,disarm
1783440332.397676,606986.625000,disarm,disarm
1783440332.459723,606986.687000,disarm,disarm
1783440332.522260,606986.750000,disarm,disarm
1783440332.585314,606986.812000,disarm,disarm
1783440332.648358,606986.875000,disarm,disarm
1783440332.710901,606986.937000,disarm,disarm
1783440332.774051,606987.000000,disarm,disarm
1783440332.837100,606987.062000,disarm,disarm
1783440332.899662,606987.125000,disarm,disarm
1783440332.954706,606987.187000,disarm,disarm
1783440333.023762,606987.250000,disarm,disarm
1783440333.084975,606987.312000,disarm,disarm
1783440333.138506,606987.375000,disarm,disarm
1783440333.212563,606987.437000,disarm,disarm
1783440333.274616,606987.500000,disarm,disarm
1783440333.337669,606987.562000,disarm,disarm
1783440333.400213,606987.625000,disarm,disarm
1783440333.462261,606987.687000,disarm,disarm
1783440333.524302,606987.750000,disarm,disarm
1783440333.587852,606987.812000,disarm,disarm
1783440333.650905,606987.875000,disarm,disarm
1783440333.713449,606987.937000,disarm,disarm
1783440333.775995,606988.000000,disarm,disarm
1783440333.839053,606988.062000,disarm,disarm
1783440333.901482,606988.125000,disarm,disarm
1783440333.963076,606988.187000,disarm,disarm
1783440334.024665,606988.250000,disarm,disarm
1783440334.086121,606988.312000,disarm,disarm
1783440334.138627,606988.375000,disarm,disarm
1783440334.219114,606988.453000,disarm,disarm
1783440334.284365,606988.515000,disarm,disarm
1783440334.334686,606988.562000,disarm,disarm
1783440334.397019,606988.625000,disarm,disarm
1783440334.458942,606988.687000,disarm,disarm
1783440334.520812,606988.750000,disarm,disarm
1783440334.583206,606988.812000,disarm,disarm
1783440334.645443,606988.875000,disarm,disarm
1783440334.707020,606988.937000,disarm,disarm
1783440334.769222,606989.000000,disarm,disarm
1783440334.831997,606989.062000,disarm,disarm
1783440334.894485,606989.125000,disarm,disarm
1783440334.954537,606989.187000,disarm,disarm
1783440335.017394,606989.250000,disarm,disarm
1783440335.080210,606989.312000,disarm,disarm
1783440335.143331,606989.375000,disarm,disarm
1783440335.213415,606989.437000,disarm,disarm
1783440335.266214,606989.500000,disarm,disarm
1783440335.328475,606989.562000,disarm,disarm
1783440335.389754,606989.625000,disarm,disarm
1783440335.452777,606989.687000,disarm,disarm
1783440335.521222,606989.750000,disarm,disarm
1783440335.576709,606989.812000,disarm,disarm
1783440335.639766,606989.875000,disarm,disarm
1783440335.702014,606989.937000,disarm,disarm
1783440335.764919,606990.000000,disarm,disarm
1783440335.826079,606990.062000,disarm,disarm
1783440335.888441,606990.125000,disarm,disarm
1783440335.952698,606990.187000,disarm,disarm
1783440336.014228,606990.250000,disarm,disarm
1783440336.091413,606990.328000,disarm,disarm
1783440336.153580,606990.390000,disarm,disarm
1783440336.215519,606990.453000,disarm,disarm
1783440336.276980,606990.515000,disarm,disarm
1783440336.338473,606990.562000,disarm,disarm
1783440336.400846,606990.625000,disarm,disarm
1783440336.458501,606990.687000,disarm,disarm
1783440336.523923,606990.750000,disarm,disarm
1783440336.586097,606990.812000,disarm,disarm
1783440336.658401,606990.890000,disarm,disarm
1783440336.709017,606990.937000,disarm,disarm
1783440336.769842,606991.000000,disarm,disarm
1783440336.834575,606991.062000,disarm,disarm
1783440336.897099,606991.125000,disarm,disarm
1783440336.958528,606991.187000,disarm,disarm
1783440337.020048,606991.250000,disarm,disarm
1783440337.081913,606991.312000,disarm,disarm
1783440337.139258,606991.375000,disarm,disarm
1783440337.208056,606991.437000,disarm,disarm
1783440337.270679,606991.500000,disarm,disarm
1783440337.333173,606991.562000,disarm,disarm
1783440337.394656,606991.625000,disarm,disarm
1783440337.456439,606991.687000,disarm,disarm
1783440337.517631,606991.750000,disarm,disarm
1783440337.579811,606991.812000,disarm,disarm
1783440337.641977,606991.875000,disarm,disarm
1783440337.703548,606991.937000,disarm,disarm
1783440337.765293,606992.000000,disarm,disarm
1783440337.827098,606992.062000,disarm,disarm
1783440337.889558,606992.125000,disarm,disarm
1783440337.951326,606992.187000,disarm,disarm
1783440338.028569,606992.265000,disarm,disarm
1783440338.091036,606992.328000,disarm,disarm
1783440338.152351,606992.390000,disarm,disarm
1783440338.215300,606992.453000,disarm,disarm
1783440338.277426,606992.515000,disarm,disarm
1783440338.339352,606992.562000,disarm,disarm
1783440338.401380,606992.625000,disarm,disarm
1783440338.462073,606992.687000,disarm,disarm
1783440338.522899,606992.750000,disarm,disarm
1783440338.585370,606992.812000,disarm,disarm
1783440338.647502,606992.875000,disarm,disarm
1783440338.710400,606992.937000,disarm,disarm
1783440338.772219,606993.000000,disarm,disarm
1783440338.833672,606993.062000,disarm,disarm
1783440338.895074,606993.125000,disarm,disarm
1783440338.957063,606993.187000,disarm,disarm
1783440339.017720,606993.250000,disarm,disarm
1783440339.080044,606993.312000,disarm,disarm
1783440339.142574,606993.375000,disarm,disarm
1783440339.204157,606993.437000,disarm,disarm
1783440339.271990,606993.500000,disarm,disarm
1783440339.329627,606993.562000,disarm,disarm
1783440339.392028,606993.625000,disarm,disarm
1783440339.455378,606993.687000,disarm,disarm
1783440339.517059,606993.750000,disarm,disarm
1783440339.579090,606993.812000,disarm,disarm
1783440339.640373,606993.875000,disarm,disarm
1783440339.703043,606993.937000,disarm,disarm
1783440339.765301,606994.000000,disarm,disarm
1783440339.828030,606994.062000,disarm,disarm
1783440339.889593,606994.125000,disarm,disarm
1783440339.950757,606994.187000,disarm,disarm
1783440340.027740,606994.265000,disarm,disarm
1783440340.089401,606994.312000,disarm,disarm
1783440340.144424,606994.375000,disarm,disarm
1783440340.211920,606994.437000,disarm,disarm
1783440340.272915,606994.500000,disarm,disarm
1783440340.335706,606994.562000,disarm,disarm
1783440340.406796,606994.640000,disarm,disarm
1783440340.460390,606994.687000,disarm,disarm
1783440340.516309,606994.750000,disarm,disarm
1783440340.583672,606994.812000,disarm,disarm
1783440340.645764,606994.875000,disarm,disarm
1783440340.706965,606994.937000,disarm,disarm
1783440340.769301,606995.000000,disarm,disarm
1783440340.831012,606995.062000,disarm,disarm
1783440340.892268,606995.125000,disarm,disarm
1783440340.954171,606995.187000,disarm,disarm
1783440341.016636,606995.250000,disarm,disarm
1783440341.078618,606995.312000,disarm,disarm
1783440341.141624,606995.375000,disarm,disarm
1783440341.203636,606995.437000,disarm,disarm
1783440341.265654,606995.500000,disarm,disarm
1783440341.328470,606995.562000,disarm,disarm
1783440341.389843,606995.625000,disarm,disarm
1783440341.452433,606995.687000,disarm,disarm
1783440341.514040,606995.750000,disarm,disarm
1783440341.590402,606995.828000,disarm,disarm
1783440341.653014,606995.890000,disarm,disarm
1783440341.715509,606995.953000,disarm,disarm
1783440341.777528,606996.015000,disarm,disarm
1783440341.840557,606996.078000,disarm,disarm
1783440341.901504,606996.125000,disarm,disarm
1783440341.964444,606996.187000,disarm,disarm
1783440342.026407,606996.250000,disarm,disarm
1783440342.088909,606996.312000,disarm,disarm
1783440342.145383,606996.375000,disarm,disarm
1783440342.213154,606996.437000,disarm,disarm
1783440342.276367,606996.500000,disarm,disarm
1783440342.337755,606996.562000,disarm,disarm
1783440342.393854,606996.625000,disarm,disarm
1783440342.460549,606996.687000,disarm,disarm
1783440342.519895,606996.750000,disarm,disarm
1783440342.584365,606996.812000,disarm,disarm
1783440342.645908,606996.875000,disarm,disarm
1783440342.708373,606996.937000,disarm,disarm
1783440342.770042,606997.000000,disarm,disarm
1783440342.833278,606997.062000,disarm,disarm
1783440342.894909,606997.125000,disarm,disarm
1783440342.956822,606997.187000,disarm,disarm
1783440343.018668,606997.250000,disarm,disarm
1783440343.079642,606997.312000,disarm,disarm
1783440343.141891,606997.375000,disarm,disarm
1783440343.204122,606997.437000,disarm,disarm
1783440343.266358,606997.500000,disarm,disarm
1783440343.328662,606997.562000,disarm,disarm
1783440343.390316,606997.625000,disarm,disarm
1783440343.453238,606997.687000,disarm,disarm
1783440343.515589,606997.750000,disarm,disarm
1783440343.576518,606997.812000,disarm,disarm
1783440343.638792,606997.875000,disarm,disarm
1783440343.700838,606997.937000,disarm,disarm
1783440343.778078,606998.015000,disarm,disarm
1783440343.839792,606998.078000,disarm,disarm
1783440343.901050,606998.125000,disarm,disarm
1783440343.962098,606998.187000,disarm,disarm
1783440344.023451,606998.250000,disarm,disarm
1783440344.085877,606998.312000,disarm,disarm
1783440344.142658,606998.375000,disarm,disarm
1783440344.210867,606998.437000,disarm,disarm
1783440344.273008,606998.500000,disarm,disarm
1783440344.335181,606998.562000,disarm,disarm
1783440344.398181,606998.625000,disarm,disarm
1783440344.460464,606998.687000,disarm,disarm
1783440344.522284,606998.750000,disarm,disarm
1783440344.584307,606998.812000,disarm,disarm
1783440344.645725,606998.875000,disarm,disarm
1783440344.708590,606998.937000,disarm,disarm
1783440344.770749,606999.000000,disarm,disarm
1783440344.831903,606999.062000,disarm,disarm
1783440344.894691,606999.125000,disarm,disarm
1783440344.957025,606999.187000,disarm,disarm
1783440345.019295,606999.250000,disarm,disarm
1783440345.081144,606999.312000,disarm,disarm
1783440345.141466,606999.375000,disarm,disarm
1783440345.204883,606999.437000,disarm,disarm
1783440345.267601,606999.500000,disarm,disarm
1783440345.328767,606999.562000,disarm,disarm
1783440345.390363,606999.625000,disarm,disarm
1783440345.452801,606999.687000,disarm,disarm
1783440345.514503,606999.750000,disarm,disarm
1783440345.576998,606999.812000,disarm,disarm
1783440345.639613,606999.875000,disarm,disarm
1783440345.716174,606999.953000,disarm,disarm
1783440345.778430,607000.015000,disarm,disarm
1783440345.839970,607000.078000,disarm,disarm
1783440345.901586,607000.125000,disarm,disarm
1783440345.962453,607000.187000,disarm,disarm
1783440346.033370,607000.265000,disarm,disarm
1783440346.078245,607000.312000,disarm,disarm
1783440346.147865,607000.375000,disarm,disarm
1783440346.207008,607000.437000,disarm,disarm
1783440346.273525,607000.500000,disarm,disarm
1783440346.335877,607000.562000,disarm,disarm
1783440346.398389,607000.625000,disarm,disarm
1783440346.461453,607000.687000,disarm,disarm
1783440346.524012,607000.750000,disarm,disarm
1783440346.586082,607000.812000,disarm,disarm
1783440346.649147,607000.875000,disarm,disarm
1783440346.711706,607000.937000,disarm,disarm
1783440346.774878,607001.000000,disarm,disarm
1783440346.837499,607001.062000,disarm,disarm
1783440346.900567,607001.125000,disarm,disarm
1783440346.963126,607001.187000,disarm,disarm
1783440347.025294,607001.250000,disarm,disarm
1783440347.104488,607001.328000,disarm,disarm
1783440347.146623,607001.375000,disarm,disarm
1783440347.214180,607001.437000,disarm,disarm
1783440347.276228,607001.500000,disarm,disarm
1783440347.343042,607001.578000,disarm,disarm
1783440347.411082,607001.640000,disarm,disarm
1783440347.463047,607001.687000,disarm,disarm
1783440347.525959,607001.750000,disarm,disarm
1783440347.588109,607001.812000,disarm,disarm
1783440347.649941,607001.875000,disarm,disarm
1783440347.710971,607001.937000,disarm,disarm
1783440347.772917,607002.000000,disarm,disarm
1783440347.834001,607002.062000,disarm,disarm
1783440347.896453,607002.125000,disarm,disarm
1783440347.958416,607002.187000,disarm,disarm
1783440348.020168,607002.250000,disarm,disarm
1783440348.082857,607002.312000,disarm,disarm
1783440348.138936,607002.375000,disarm,disarm
1783440348.207337,607002.437000,disarm,disarm
1783440348.269071,607002.500000,disarm,disarm
1783440348.339814,607002.578000,disarm,disarm
1783440348.393293,607002.625000,disarm,disarm
1783440348.454772,607002.687000,disarm,disarm
1783440348.516667,607002.750000,disarm,disarm
1783440348.582725,607002.812000,disarm,disarm
1783440348.648203,607002.875000,disarm,disarm
1783440348.703313,607002.937000,disarm,disarm
1783440348.766136,607003.000000,disarm,disarm
1783440348.828118,607003.062000,disarm,disarm
1783440348.890240,607003.125000,disarm,disarm
1783440348.951092,607003.187000,disarm,disarm
1783440349.028693,607003.265000,disarm,disarm
1783440349.091057,607003.328000,disarm,disarm
1783440349.153537,607003.390000,disarm,disarm
1783440349.203548,607003.437000,disarm,disarm
1783440349.277628,607003.515000,disarm,disarm
1783440349.340273,607003.578000,disarm,disarm
1783440349.401307,607003.625000,disarm,disarm
1783440349.463957,607003.687000,disarm,disarm
1783440349.524913,607003.750000,disarm,disarm
1783440349.585654,607003.812000,disarm,disarm
1783440349.647920,607003.875000,disarm,disarm
1783440349.710459,607003.937000,disarm,disarm
1783440349.772938,607004.000000,disarm,disarm
1783440349.839578,607004.078000,disarm,disarm
1783440349.895102,607004.125000,disarm,disarm
1783440349.957829,607004.187000,disarm,disarm
1783440350.020697,607004.250000,disarm,disarm
1783440350.081570,607004.312000,disarm,disarm
1783440350.142915,607004.375000,disarm,disarm
1783440350.205764,607004.437000,disarm,disarm
1783440350.267498,607004.500000,disarm,disarm
1783440350.329570,607004.562000,disarm,disarm
1783440350.392623,607004.625000,disarm,disarm
1783440350.455673,607004.687000,disarm,disarm
1783440350.518219,607004.750000,disarm,disarm
1783440350.580265,607004.812000,disarm,disarm
1783440350.643312,607004.875000,disarm,disarm
1783440350.705856,607004.937000,disarm,disarm
1783440350.769004,607005.000000,disarm,disarm
1783440350.831541,607005.062000,disarm,disarm
1783440350.894594,607005.125000,disarm,disarm
1783440350.957637,607005.187000,disarm,disarm
1783440351.020185,607005.250000,disarm,disarm
1783440351.081864,607005.312000,disarm,disarm
1783440351.144916,607005.375000,disarm,disarm
1783440351.207459,607005.437000,disarm,disarm
1783440351.270556,607005.500000,disarm,disarm
1783440351.332320,607005.562000,disarm,disarm
1783440351.393980,607005.625000,disarm,disarm
1783440351.455948,607005.687000,disarm,disarm
1783440351.517186,607005.750000,disarm,disarm
1783440351.578583,607005.812000,disarm,disarm
1783440351.640094,607005.875000,disarm,disarm
1783440351.701938,607005.937000,disarm,disarm
1783440351.763884,607006.000000,disarm,disarm
1783440351.827153,607006.062000,disarm,disarm
1783440351.887854,607006.125000,disarm,disarm
1783440351.965768,607006.203000,disarm,disarm
1783440352.028282,607006.265000,disarm,disarm
1783440352.090751,607006.328000,disarm,disarm
1783440352.152301,607006.390000,disarm,disarm
1783440352.214234,607006.437000,disarm,disarm
1783440352.276552,607006.500000,disarm,disarm
1783440352.337888,607006.562000,disarm,disarm
1783440352.399799,607006.625000,disarm,disarm
1783440352.462003,607006.687000,disarm,disarm
1783440352.523365,607006.750000,disarm,disarm
1783440352.585793,607006.812000,disarm,disarm
1783440352.647611,607006.875000,disarm,disarm
1783440352.707178,607006.937000,disarm,disarm
1783440352.771519,607007.000000,disarm,disarm
1783440352.835957,607007.062000,disarm,disarm
1783440352.894052,607007.125000,disarm,disarm
1783440352.955308,607007.187000,disarm,disarm
1783440353.017097,607007.250000,disarm,disarm
1783440353.079102,607007.312000,disarm,disarm
1783440353.140924,607007.375000,disarm,disarm
1783440353.202734,607007.437000,disarm,disarm
1783440353.264391,607007.500000,disarm,disarm
1783440353.326495,607007.562000,disarm,disarm
1783440353.402257,607007.640000,disarm,disarm
1783440353.464389,607007.687000,disarm,disarm
1783440353.527970,607007.765000,disarm,disarm
1783440353.589870,607007.828000,disarm,disarm
1783440353.652442,607007.890000,disarm,disarm
1783440353.715227,607007.953000,disarm,disarm
1783440353.778347,607008.015000,disarm,disarm
1783440353.840320,607008.078000,disarm,disarm
1783440353.902348,607008.140000,disarm,disarm
1783440353.951251,607008.187000,disarm,disarm
1783440354.027128,607008.265000,disarm,disarm
1783440354.081473,607008.312000,disarm,disarm
1783440354.151028,607008.375000,disarm,disarm
1783440354.212732,607008.437000,disarm,disarm
1783440354.275079,607008.500000,disarm,disarm
1783440354.336341,607008.562000,disarm,disarm
1783440354.398236,607008.625000,disarm,disarm
1783440354.460693,607008.687000,disarm,disarm
1783440354.521911,607008.750000,disarm,disarm
1783440354.584821,607008.812000,disarm,disarm
1783440354.646729,607008.875000,disarm,disarm
1783440354.708554,607008.937000,disarm,disarm
1783440354.770048,607009.000000,disarm,disarm
1783440354.832254,607009.062000,disarm,disarm
1783440354.894132,607009.125000,disarm,disarm
1783440354.957031,607009.187000,disarm,disarm
1783440355.019578,607009.250000,disarm,disarm
1783440355.082616,607009.312000,disarm,disarm
1783440355.138802,607009.375000,disarm,disarm
1783440355.206146,607009.437000,disarm,disarm
1783440355.268518,607009.500000,disarm,disarm
1783440355.330905,607009.562000,disarm,disarm
1783440355.393928,607009.625000,disarm,disarm
1783440355.456036,607009.687000,disarm,disarm
1783440355.518546,607009.750000,disarm,disarm
1783440355.580337,607009.812000,disarm,disarm
1783440355.642851,607009.875000,disarm,disarm
1783440355.703439,607009.937000,disarm,disarm
1783440355.764281,607010.000000,disarm,disarm
1783440355.828853,607010.062000,disarm,disarm
1783440355.890836,607010.125000,disarm,disarm
1783440355.959085,607010.187000,disarm,disarm
1783440356.015732,607010.250000,disarm,disarm
1783440356.087173,607010.312000,disarm,disarm
1783440356.139231,607010.375000,disarm,disarm
1783440356.201711,607010.437000,disarm,disarm
1783440356.264289,607010.500000,disarm,disarm
1783440356.340606,607010.578000,disarm,disarm
1783440356.402114,607010.640000,disarm,disarm
1783440356.464691,607010.703000,disarm,disarm
1783440356.527123,607010.765000,disarm,disarm
1783440356.589110,607010.812000,disarm,disarm
1783440356.650839,607010.875000,disarm,disarm
1783440356.712170,607010.937000,disarm,disarm
1783440356.774031,607011.000000,disarm,disarm
1783440356.835084,607011.062000,disarm,disarm
1783440356.898323,607011.125000,disarm,disarm
1783440356.960478,607011.187000,disarm,disarm
1783440357.022566,607011.250000,disarm,disarm
1783440357.084813,607011.312000,disarm,disarm
1783440357.138956,607011.375000,disarm,disarm
1783440357.207944,607011.437000,disarm,disarm
1783440357.269910,607011.500000,disarm,disarm
1783440357.332848,607011.562000,disarm,disarm
1783440357.394709,607011.625000,disarm,disarm
1783440357.457080,607011.687000,disarm,disarm
1783440357.519035,607011.750000,disarm,disarm
1783440357.580647,607011.812000,disarm,disarm
1783440357.642273,607011.875000,disarm,disarm
1783440357.705325,607011.937000,disarm,disarm
1783440357.767174,607012.000000,disarm,disarm
1783440357.830714,607012.062000,disarm,disarm
1783440357.892255,607012.125000,disarm,disarm
1783440357.962303,607012.187000,disarm,disarm
1783440358.016855,607012.250000,disarm,disarm
1783440358.090947,607012.328000,disarm,disarm
1783440358.141980,607012.375000,disarm,disarm
1783440358.205541,607012.437000,disarm,disarm
1783440358.268595,607012.500000,disarm,disarm
1783440358.330282,607012.562000,disarm,disarm
1783440358.392337,607012.625000,disarm,disarm
1783440358.455400,607012.687000,disarm,disarm
1783440358.517940,607012.750000,disarm,disarm
1783440358.579989,607012.812000,disarm,disarm
1783440358.641513,607012.875000,disarm,disarm
1783440358.703133,607012.937000,disarm,disarm
1783440358.764722,607013.000000,disarm,disarm
1783440358.841060,607013.078000,disarm,disarm
1783440358.903734,607013.140000,disarm,disarm
1783440358.966564,607013.203000,disarm,disarm
1783440359.042675,607013.281000,disarm,disarm
1783440359.106472,607013.343000,disarm,disarm
1783440359.168176,607013.406000,disarm,disarm
1783440359.230946,607013.468000,disarm,disarm
1783440359.298952,607013.531000,disarm,disarm
1783440359.369295,607013.593000,disarm,disarm
1783440359.431234,607013.656000,disarm,disarm
1783440359.491938,607013.718000,disarm,disarm
1783440359.555888,607013.781000,disarm,disarm
1783440359.618401,607013.843000,disarm,disarm
1783440359.679825,607013.906000,disarm,disarm
1783440359.741323,607013.968000,disarm,disarm
1783440359.803684,607014.031000,disarm,disarm
1783440359.865531,607014.093000,disarm,disarm
1783440359.927327,607014.156000,disarm,disarm
1783440359.989776,607014.218000,disarm,disarm
1783440360.050618,607014.281000,disarm,disarm
1783440360.112679,607014.343000,disarm,disarm
1783440360.175369,607014.406000,disarm,disarm
1783440360.236733,607014.468000,disarm,disarm
1783440360.299483,607014.531000,disarm,disarm
1783440360.361416,607014.593000,disarm,disarm
1783440360.422660,607014.656000,disarm,disarm
1783440360.485141,607014.718000,disarm,disarm
1783440360.547118,607014.781000,disarm,disarm
1783440360.609662,607014.843000,disarm,disarm
1783440360.672549,607014.906000,disarm,disarm
1783440360.735188,607014.968000,disarm,disarm
1783440360.796557,607015.031000,disarm,disarm
1783440360.859841,607015.093000,disarm,disarm
1783440360.921536,607015.156000,disarm,disarm
1783440360.983687,607015.218000,disarm,disarm
1783440361.045994,607015.281000,disarm,disarm
1783440361.107932,607015.343000,disarm,disarm
1783440361.170004,607015.406000,disarm,disarm
1783440361.245915,607015.484000,disarm,disarm
1783440361.310008,607015.546000,disarm,disarm
1783440361.372346,607015.609000,disarm,disarm
1783440361.434887,607015.671000,disarm,disarm
1783440361.497149,607015.734000,disarm,disarm
1783440361.545516,607015.781000,disarm,disarm
1783440361.619424,607015.843000,disarm,disarm
1783440361.682819,607015.906000,disarm,disarm
1783440361.745061,607015.968000,disarm,disarm
1783440361.807250,607016.031000,disarm,disarm
1783440361.869737,607016.093000,disarm,disarm
1783440361.931281,607016.156000,disarm,disarm
1783440361.983270,607016.218000,disarm,disarm
1783440362.055841,607016.281000,disarm,disarm
1783440362.115662,607016.343000,disarm,disarm
1783440362.179178,607016.406000,disarm,disarm
1783440362.242163,607016.468000,disarm,disarm
1783440362.305153,607016.531000,disarm,disarm
1783440362.367116,607016.593000,disarm,disarm
1783440362.429736,607016.656000,disarm,disarm
1783440362.491516,607016.718000,disarm,disarm
1783440362.552452,607016.781000,disarm,disarm
1783440362.613712,607016.843000,disarm,disarm
1783440362.675567,607016.906000,disarm,disarm
1783440362.737487,607016.968000,disarm,disarm
1783440362.799971,607017.031000,disarm,disarm
1783440362.862056,607017.093000,disarm,disarm
1783440362.924170,607017.156000,disarm,disarm
1783440362.986342,607017.218000,disarm,disarm
1783440363.047599,607017.281000,disarm,disarm
1783440363.110678,607017.343000,disarm,disarm
1783440363.171490,607017.406000,disarm,disarm
1783440363.245063,607017.468000,disarm,disarm
1783440363.295659,607017.531000,disarm,disarm
1783440363.357880,607017.593000,disarm,disarm
1783440363.419912,607017.656000,disarm,disarm
1783440363.496181,607017.734000,disarm,disarm
1783440363.558667,607017.796000,disarm,disarm
1783440363.621652,607017.859000,disarm,disarm
1783440363.684701,607017.921000,disarm,disarm
1783440363.747237,607017.984000,disarm,disarm
1783440363.794771,607018.031000,disarm,disarm
1783440363.859824,607018.093000,disarm,disarm
1783440363.934880,607018.171000,disarm,disarm
1783440363.997933,607018.234000,disarm,disarm
1783440364.060977,607018.296000,disarm,disarm
1783440364.123558,607018.359000,disarm,disarm
1783440364.186607,607018.421000,disarm,disarm
1783440364.255658,607018.484000,disarm,disarm
1783440364.313201,607018.546000,disarm,disarm
1783440364.375912,607018.609000,disarm,disarm
1783440364.438462,607018.671000,disarm,disarm
1783440364.500053,607018.734000,disarm,disarm
1783440364.562100,607018.796000,disarm,disarm
1783440364.626528,607018.859000,disarm,disarm
1783440364.688561,607018.921000,disarm,disarm
1783440364.751320,607018.984000,disarm,disarm
1783440364.812515,607019.046000,disarm,disarm
1783440364.875065,607019.109000,disarm,disarm
1783440364.936974,607019.171000,disarm,disarm
1783440365.000766,607019.234000,disarm,disarm
1783440365.062454,607019.296000,disarm,disarm
1783440365.123418,607019.359000,disarm,disarm
1783440365.200579,607019.437000,disarm,disarm
1783440365.263386,607019.500000,disarm,disarm
1783440365.326133,607019.562000,disarm,disarm
1783440365.403346,607019.640000,disarm,disarm
1783440365.465159,607019.703000,disarm,disarm
1783440365.527750,607019.765000,disarm,disarm
1783440365.588886,607019.812000,disarm,disarm
1783440365.649866,607019.875000,disarm,disarm
1783440365.722293,607019.953000,disarm,disarm
1783440365.774312,607020.000000,disarm,disarm
1783440365.831788,607020.062000,disarm,disarm
1783440365.898267,607020.125000,disarm,disarm
1783440365.959604,607020.187000,disarm,disarm
1783440366.021837,607020.250000,disarm,disarm
1783440366.082356,607020.312000,disarm,disarm
1783440366.142099,607020.375000,disarm,disarm
1783440366.207388,607020.437000,disarm,disarm
1783440366.269971,607020.500000,disarm,disarm
1783440366.332694,607020.562000,disarm,disarm
1783440366.393647,607020.625000,disarm,disarm
1783440366.456515,607020.687000,disarm,disarm
1783440366.519555,607020.750000,disarm,disarm
1783440366.580560,607020.812000,disarm,disarm
1783440366.642587,607020.875000,disarm,disarm
1783440366.704418,607020.937000,disarm,disarm
1783440366.765337,607021.000000,disarm,disarm
1783440366.827609,607021.062000,disarm,disarm
1783440366.890670,607021.125000,disarm,disarm
1783440366.963723,607021.187000,disarm,disarm
1783440367.016273,607021.250000,disarm,disarm
1783440367.078999,607021.312000,disarm,disarm
1783440367.141542,607021.375000,disarm,disarm
1783440367.204593,607021.437000,disarm,disarm
1783440367.267642,607021.500000,disarm,disarm
1783440367.329192,607021.562000,disarm,disarm
1783440367.391236,607021.625000,disarm,disarm
1783440367.451774,607021.687000,disarm,disarm
1783440367.515824,607021.750000,disarm,disarm
1783440367.578377,607021.812000,disarm,disarm
1783440367.640917,607021.875000,disarm,disarm
1783440367.702461,607021.937000,disarm,disarm
1783440367.765515,607022.000000,disarm,disarm
1783440367.828214,607022.062000,disarm,disarm
1783440367.889693,607022.125000,disarm,disarm
1783440367.951687,607022.187000,disarm,disarm
1783440368.013957,607022.250000,disarm,disarm
1783440368.090704,607022.328000,disarm,disarm
1783440368.152708,607022.390000,disarm,disarm
1783440368.215231,607022.453000,disarm,disarm
1783440368.276176,607022.500000,disarm,disarm
1783440368.339155,607022.562000,disarm,disarm
1783440368.401650,607022.625000,disarm,disarm
1783440368.464448,607022.687000,disarm,disarm
1783440368.526298,607022.750000,disarm,disarm
1783440368.588549,607022.812000,disarm,disarm
1783440368.650422,607022.875000,disarm,disarm
1783440368.712830,607022.937000,disarm,disarm
1783440368.774230,607023.000000,disarm,disarm
1783440368.834442,607023.062000,disarm,disarm
1783440368.897047,607023.125000,disarm,disarm
1783440368.957112,607023.187000,disarm,disarm
1783440369.020444,607023.250000,disarm,disarm
1783440369.084439,607023.312000,disarm,disarm
1783440369.142907,607023.375000,disarm,disarm
1783440369.207660,607023.437000,disarm,disarm
1783440369.269625,607023.500000,disarm,disarm
1783440369.331931,607023.562000,disarm,disarm
1783440369.393903,607023.625000,disarm,disarm
1783440369.456442,607023.687000,disarm,disarm
1783440369.518630,607023.750000,disarm,disarm
1783440369.580293,607023.812000,disarm,disarm
1783440369.642415,607023.875000,disarm,disarm
1783440369.705254,607023.937000,disarm,disarm
1783440369.768754,607024.000000,disarm,disarm
1783440369.830109,607024.062000,disarm,disarm
1783440369.891808,607024.125000,disarm,disarm
1783440369.952753,607024.187000,disarm,disarm
1783440370.015614,607024.250000,disarm,disarm
1783440370.076951,607024.312000,disarm,disarm
1783440370.153153,607024.390000,disarm,disarm
1783440370.211487,607024.437000,disarm,disarm
1783440370.285163,607024.515000,disarm,disarm
1783440370.355025,607024.578000,disarm,disarm
1783440370.417071,607024.640000,disarm,disarm
1783440370.479061,607024.703000,disarm,disarm
1783440370.541079,607024.765000,disarm,disarm
1783440370.603048,607024.828000,disarm,disarm
1783440370.665054,607024.890000,disarm,disarm
1783440370.728043,607024.953000,disarm,disarm
1783440370.789701,607025.015000,disarm,disarm
1783440370.851609,607025.078000,disarm,disarm
1783440370.913105,607025.140000,disarm,disarm
1783440370.974918,607025.203000,disarm,disarm
1783440371.036825,607025.265000,disarm,disarm
1783440371.099065,607025.328000,disarm,disarm
1783440371.161480,607025.390000,disarm,disarm
1783440371.225079,607025.453000,disarm,disarm
1783440371.286607,607025.515000,disarm,disarm
1783440371.348451,607025.578000,disarm,disarm
1783440371.410256,607025.640000,disarm,disarm
1783440371.471330,607025.703000,disarm,disarm
1783440371.534604,607025.765000,disarm,disarm
1783440371.596761,607025.828000,disarm,disarm
1783440371.659871,607025.890000,disarm,disarm
1783440371.721709,607025.953000,disarm,disarm
1783440371.783535,607026.015000,disarm,disarm
1783440371.845740,607026.078000,disarm,disarm
1783440371.907202,607026.140000,disarm,disarm
1783440371.969102,607026.203000,disarm,disarm
1783440372.031133,607026.265000,disarm,disarm
1783440372.093638,607026.328000,disarm,disarm
1783440372.154623,607026.390000,disarm,disarm
1783440372.216654,607026.453000,disarm,disarm
1783440372.292634,607026.531000,disarm,disarm
1783440372.354567,607026.578000,disarm,disarm
1783440372.417025,607026.640000,disarm,disarm
1783440372.479007,607026.703000,disarm,disarm
1783440372.541215,607026.765000,disarm,disarm
1783440372.603210,607026.828000,disarm,disarm
1783440372.664518,607026.890000,disarm,disarm
1783440372.726717,607026.953000,disarm,disarm
1783440372.788059,607027.015000,disarm,disarm
1783440372.851006,607027.078000,disarm,disarm
1783440372.912378,607027.140000,disarm,disarm
1783440372.975367,607027.203000,disarm,disarm
1783440373.037621,607027.265000,disarm,disarm
1783440373.101385,607027.328000,disarm,disarm
1783440373.163888,607027.390000,disarm,disarm
1783440373.225399,607027.453000,disarm,disarm
1783440373.288646,607027.515000,disarm,disarm
1783440373.350079,607027.578000,disarm,disarm
1783440373.411909,607027.640000,disarm,disarm
1783440373.473762,607027.703000,disarm,disarm
1783440373.535747,607027.765000,disarm,disarm
1783440373.598575,607027.828000,disarm,disarm
1783440373.660708,607027.890000,disarm,disarm
1783440373.722692,607027.953000,disarm,disarm
1783440373.784231,607028.015000,disarm,disarm
1783440373.846382,607028.078000,disarm,disarm
1783440373.907663,607028.140000,disarm,disarm
1783440373.970650,607028.203000,disarm,disarm
1783440374.032624,607028.265000,disarm,disarm
1783440374.093622,607028.328000,disarm,disarm
1783440374.155868,607028.390000,disarm,disarm
1783440374.224132,607028.453000,disarm,disarm
1783440374.280105,607028.515000,disarm,disarm
1783440374.342390,607028.578000,disarm,disarm
1783440374.403625,607028.640000,disarm,disarm
1783440374.480809,607028.718000,disarm,disarm
1783440374.541822,607028.765000,disarm,disarm
1783440374.602638,607028.828000,disarm,disarm
1783440374.664972,607028.890000,disarm,disarm
1783440374.727291,607028.953000,disarm,disarm
1783440374.788624,607029.015000,disarm,disarm
1783440374.850494,607029.078000,disarm,disarm
1783440374.912464,607029.140000,disarm,disarm
1783440374.974901,607029.203000,disarm,disarm
1783440375.036573,607029.265000,disarm,disarm
1783440375.099095,607029.328000,disarm,disarm
1783440375.160870,607029.390000,disarm,disarm
1783440375.221684,607029.453000,disarm,disarm
1783440375.283536,607029.515000,disarm,disarm
1783440375.345320,607029.578000,disarm,disarm
1783440375.407388,607029.640000,disarm,disarm
1783440375.470006,607029.703000,disarm,disarm
1783440375.532713,607029.765000,disarm,disarm
1783440375.598092,607029.828000,disarm,disarm
1783440375.655721,607029.890000,disarm,disarm
1783440375.724352,607029.953000,disarm,disarm
1783440375.780688,607030.015000,disarm,disarm
1783440375.842727,607030.078000,disarm,disarm
1783440375.904140,607030.140000,disarm,disarm
1783440375.966661,607030.203000,disarm,disarm
1783440376.029369,607030.265000,disarm,disarm
1783440376.106352,607030.343000,disarm,disarm
1783440376.167612,607030.406000,disarm,disarm
1783440376.230657,607030.468000,disarm,disarm
1783440376.293535,607030.531000,disarm,disarm
1783440376.356424,607030.593000,disarm,disarm
1783440376.416919,607030.640000,disarm,disarm
1783440376.479838,607030.703000,disarm,disarm
1783440376.541979,607030.765000,disarm,disarm
1783440376.604212,607030.828000,disarm,disarm
1783440376.665445,607030.890000,disarm,disarm
1783440376.727408,607030.953000,disarm,disarm
1783440376.791216,607031.015000,disarm,disarm
1783440376.853426,607031.078000,disarm,disarm
1783440376.914995,607031.140000,disarm,disarm
1783440376.976840,607031.203000,disarm,disarm
1783440377.036733,607031.265000,disarm,disarm
1783440377.099612,607031.328000,disarm,disarm
1783440377.159323,607031.390000,disarm,disarm
1783440377.222108,607031.453000,disarm,disarm
1783440377.284270,607031.515000,disarm,disarm
1783440377.346174,607031.578000,disarm,disarm
1783440377.406647,607031.640000,disarm,disarm
1783440377.470519,607031.703000,disarm,disarm
1783440377.532479,607031.765000,disarm,disarm
1783440377.603547,607031.828000,disarm,disarm
1783440377.656202,607031.890000,disarm,disarm
1783440377.720641,607031.953000,disarm,disarm
1783440377.781670,607032.015000,disarm,disarm
1783440377.844346,607032.078000,disarm,disarm
1783440377.905952,607032.140000,disarm,disarm
1783440377.968639,607032.203000,disarm,disarm
1783440378.029742,607032.265000,disarm,disarm
1783440378.106545,607032.343000,disarm,disarm
1783440378.168987,607032.406000,disarm,disarm
1783440378.230999,607032.468000,disarm,disarm
1783440378.292769,607032.531000,disarm,disarm
1783440378.354547,607032.578000,disarm,disarm
1783440378.416651,607032.640000,disarm,disarm
1783440378.478220,607032.703000,disarm,disarm
1783440378.540220,607032.765000,disarm,disarm
1783440378.601909,607032.828000,disarm,disarm
1783440378.655986,607032.890000,disarm,disarm
1783440378.726562,607032.953000,disarm,disarm
1783440378.787650,607033.015000,disarm,disarm
1783440378.852069,607033.078000,disarm,disarm
1783440378.909400,607033.140000,disarm,disarm
1783440378.980099,607033.203000,disarm,disarm
1783440379.034402,607033.265000,disarm,disarm
1783440379.096066,607033.328000,disarm,disarm
1783440379.158373,607033.390000,disarm,disarm
1783440379.219993,607033.453000,disarm,disarm
1783440379.281224,607033.515000,disarm,disarm
1783440379.343178,607033.578000,disarm,disarm
1783440379.404619,607033.640000,disarm,disarm
1783440379.467006,607033.703000,disarm,disarm
1783440379.529630,607033.765000,disarm,disarm
1783440379.591826,607033.828000,disarm,disarm
1783440379.668132,607033.906000,disarm,disarm
1783440379.730419,607033.968000,disarm,disarm
1783440379.793230,607034.031000,disarm,disarm
1783440379.852307,607034.078000,disarm,disarm
1783440379.910582,607034.140000,disarm,disarm
1783440379.972820,607034.203000,disarm,disarm
1783440380.038627,607034.265000,disarm,disarm
1783440380.097329,607034.328000,disarm,disarm
1783440380.160582,607034.390000,disarm,disarm
1783440380.226391,607034.453000,disarm,disarm
1783440380.280592,607034.515000,disarm,disarm
1783440380.341901,607034.578000,disarm,disarm
1783440380.406437,607034.640000,disarm,disarm
1783440380.467638,607034.703000,disarm,disarm
1783440380.534277,607034.765000,disarm,disarm
1783440380.595574,607034.828000,disarm,disarm
1783440380.655457,607034.890000,disarm,disarm
1783440380.721674,607034.953000,disarm,disarm
1783440380.782372,607035.015000,disarm,disarm
1783440380.846297,607035.078000,disarm,disarm
1783440380.907592,607035.140000,disarm,disarm
1783440380.970040,607035.203000,disarm,disarm
1783440381.030519,607035.265000,disarm,disarm
1783440381.093117,607035.328000,disarm,disarm
1783440381.155478,607035.390000,disarm,disarm
1783440381.216781,607035.453000,disarm,disarm
1783440381.294409,607035.531000,disarm,disarm
1783440381.354292,607035.578000,disarm,disarm
1783440381.424792,607035.656000,disarm,disarm
1783440381.496093,607035.734000,disarm,disarm
1783440381.557639,607035.781000,disarm,disarm
1783440381.618864,607035.843000,disarm,disarm
1783440381.675617,607035.906000,disarm,disarm
1783440381.742600,607035.968000,disarm,disarm
1783440381.803946,607036.031000,disarm,disarm
1783440381.866183,607036.093000,disarm,disarm
1783440381.928998,607036.156000,disarm,disarm
1783440381.991127,607036.218000,disarm,disarm
1783440382.053335,607036.281000,disarm,disarm
1783440382.114683,607036.343000,disarm,disarm
1783440382.177460,607036.406000,disarm,disarm
1783440382.239496,607036.468000,disarm,disarm
1783440382.301398,607036.531000,disarm,disarm
1783440382.361142,607036.593000,disarm,disarm
1783440382.424876,607036.656000,disarm,disarm
1783440382.486922,607036.718000,disarm,disarm
1783440382.549399,607036.781000,disarm,disarm
1783440382.612174,607036.843000,disarm,disarm
1783440382.673489,607036.906000,disarm,disarm
1783440382.735358,607036.968000,disarm,disarm
1783440382.796316,607037.031000,disarm,disarm
1783440382.859239,607037.093000,disarm,disarm
1783440382.920836,607037.156000,disarm,disarm
1783440382.982757,607037.218000,disarm,disarm
1783440383.058844,607037.296000,disarm,disarm
1783440383.120304,607037.343000,disarm,disarm
1783440383.182706,607037.406000,disarm,disarm
1783440383.234498,607037.468000,disarm,disarm
1783440383.306946,607037.531000,disarm,disarm
1783440383.368736,607037.593000,disarm,disarm
1783440383.430467,607037.656000,disarm,disarm
1783440383.492593,607037.718000,disarm,disarm
1783440383.553770,607037.781000,disarm,disarm
1783440383.616129,607037.843000,disarm,disarm
1783440383.678115,607037.906000,disarm,disarm
1783440383.740524,607037.968000,disarm,disarm
1783440383.807634,607038.031000,disarm,disarm
1783440383.866005,607038.093000,disarm,disarm
1783440383.935664,607038.171000,disarm,disarm
1783440383.990486,607038.218000,disarm,disarm
1783440384.052944,607038.281000,disarm,disarm
1783440384.115045,607038.343000,disarm,disarm
1783440384.177088,607038.406000,disarm,disarm
1783440384.232625,607038.468000,disarm,disarm
1783440384.300676,607038.531000,disarm,disarm
1783440384.364214,607038.593000,disarm,disarm
1783440384.427267,607038.656000,disarm,disarm
1783440384.488570,607038.718000,disarm,disarm
1783440384.552108,607038.781000,disarm,disarm
1783440384.569133,607038.796000,reconnect,H7 restart requested
1783440385.612733,607039.843000,warn,H7 silent 1.0s — no new samples (critical; other instruments still recording)
1783440837.626335,607491.859000,arm,arm
1783440840.574252,607494.812000,session,recording start
1783440840.646759,607494.875000,camera,video recording start
1783440845.911792,607500.140000,cmd,cycle 3 0.5 200 1000 5
1783440846.943536,607501.171000,cmd,ping
1783440847.994332,607502.218000,cmd,ping
1783440848.987989,607503.218000,cmd,ping
1783440849.983680,607504.218000,cmd,ping
1783440851.008027,607505.234000,cmd,ping
1783440852.000476,607506.234000,cmd,ping
1783440853.000667,607507.234000,cmd,ping
1783440853.998561,607508.234000,cmd,ping
1783440855.006255,607509.234000,cmd,ping
1783440856.007228,607510.234000,cmd,ping
1783440857.002632,607511.234000,cmd,ping
1783440858.005934,607512.234000,cmd,ping
1783440858.997342,607513.234000,cmd,ping
1783440860.000192,607514.234000,cmd,ping
1783440861.002501,607515.234000,cmd,ping
1783440861.998417,607516.234000,cmd,ping
1783440863.000538,607517.234000,cmd,ping
1783440863.996173,607518.234000,cmd,ping
1783440865.001357,607519.234000,cmd,ping
1783440866.023907,607520.250000,cmd,ping
1783440866.322538,607520.546000,cmd,stop
1783440868.880735,607523.109000,session,recording stop
1783440868.973211,607523.203000,camera,video recording stop (179 frames)
1783440873.445055,607527.671000,disarm,disarm
1783440882.961423,607537.187000,arm,arm
1783440888.493763,607542.718000,cmd,cycle 3 0.5 200 1000 5
1783440889.517918,607543.750000,cmd,ping
1783440890.515079,607544.750000,cmd,ping
1783440891.514522,607545.750000,cmd,ping
1783440892.529875,607546.765000,cmd,ping
1783440893.578202,607547.812000,cmd,ping
1783440894.576295,607548.812000,cmd,ping
1783440895.581457,607549.812000,cmd,ping
1783440896.582126,607550.812000,cmd,ping
1783440897.581608,607551.812000,cmd,ping
1783440898.587730,607552.812000,cmd,ping
1783440899.582382,607553.812000,cmd,ping
1783440900.586024,607554.812000,cmd,ping
1783440901.588604,607555.812000,cmd,ping
1783440902.596741,607556.828000,cmd,ping
1783440903.597602,607557.828000,cmd,ping
1783440904.591250,607558.828000,cmd,ping
1783440905.595510,607559.828000,cmd,ping
1783440906.607766,607560.843000,cmd,ping
1783440907.656728,607561.890000,cmd,ping
1783440908.661891,607562.890000,cmd,ping
1783440909.658576,607563.890000,cmd,ping
1783440910.653744,607564.890000,cmd,ping
1783440911.666339,607565.890000,cmd,ping
1783440912.655400,607566.890000,cmd,ping
1783440913.661515,607567.890000,cmd,ping
1783440914.662768,607568.890000,cmd,ping
1783440915.665885,607569.890000,cmd,ping
1783440916.663907,607570.890000,cmd,ping
1783440917.652519,607571.890000,cmd,ping
1783440918.658663,607572.890000,cmd,ping
1783440919.670380,607573.906000,cmd,ping
1783440920.671644,607574.906000,cmd,ping
1783440921.691460,607575.921000,cmd,ping
1783440922.692569,607576.921000,cmd,ping
1783440923.687886,607577.921000,cmd,ping
1783440924.690065,607578.921000,cmd,ping
1783440925.541835,607579.765000,cmd,stop
1783440927.613832,607581.843000,disarm,disarm
1783441026.694191,607680.921000,warn,H7 silent 1.1s — no new samples (critical; other instruments still recording)
1783441028.634090,607682.859000,disarm,disarm
1783441028.696130,607682.921000,disarm,disarm
1783441028.757694,607682.984000,disarm,disarm
1783441028.817622,607683.046000,disarm,disarm
1783441028.878071,607683.109000,disarm,disarm
1783441028.940617,607683.171000,disarm,disarm
1783441029.004029,607683.234000,disarm,disarm
1783441029.064355,607683.296000,disarm,disarm
1783441029.141215,607683.375000,disarm,disarm
1783441029.209960,607683.437000,disarm,disarm
1783441029.265601,607683.500000,disarm,disarm
1783441029.332462,607683.562000,disarm,disarm
1783441029.390053,607683.625000,disarm,disarm
1783441029.453378,607683.687000,disarm,disarm
1783441029.513225,607683.750000,disarm,disarm
1783441029.574419,607683.812000,disarm,disarm
1783441029.637301,607683.875000,disarm,disarm
1783441029.699472,607683.937000,disarm,disarm
1783441029.761031,607683.984000,disarm,disarm
1783441029.821859,607684.046000,disarm,disarm
1783441029.884200,607684.109000,disarm,disarm
1783441029.943910,607684.171000,disarm,disarm
1783441030.005960,607684.234000,disarm,disarm
1783441030.067281,607684.296000,disarm,disarm
1783441030.130495,607684.359000,disarm,disarm
1783441030.192813,607684.421000,disarm,disarm
1783441030.254952,607684.484000,disarm,disarm
1783441030.316461,607684.546000,disarm,disarm
1783441030.379301,607684.609000,disarm,disarm
1783441030.440575,607684.671000,disarm,disarm
1783441030.503665,607684.734000,disarm,disarm
1783441030.565376,607684.796000,disarm,disarm
1783441030.628170,607684.859000,disarm,disarm
1783441030.690099,607684.921000,disarm,disarm
1783441030.756577,607684.984000,disarm,disarm
1783441030.814628,607685.046000,disarm,disarm
1783441030.892521,607685.125000,disarm,disarm
1783441030.955664,607685.187000,disarm,disarm
1783441031.019018,607685.250000,disarm,disarm
1783441031.095516,607685.328000,disarm,disarm
1783441031.169849,607685.406000,disarm,disarm
1783441031.230461,607685.468000,disarm,disarm
1783441031.303576,607685.531000,disarm,disarm
1783441031.348358,607685.578000,disarm,disarm
1783441031.420696,607685.656000,disarm,disarm
1783441031.483186,607685.718000,disarm,disarm
1783441031.543416,607685.781000,disarm,disarm
1783441031.605808,607685.843000,disarm,disarm
1783441031.667850,607685.906000,disarm,disarm
1783441031.730666,607685.968000,disarm,disarm
1783441031.792298,607686.015000,disarm,disarm
1783441031.847046,607686.078000,disarm,disarm
1783441031.915896,607686.140000,disarm,disarm
1783441031.977200,607686.203000,disarm,disarm
1783441032.039452,607686.265000,disarm,disarm
1783441032.101260,607686.328000,disarm,disarm
1783441032.163255,607686.390000,disarm,disarm
1783441032.225975,607686.453000,disarm,disarm
1783441032.288326,607686.515000,disarm,disarm
1783441032.349255,607686.578000,disarm,disarm
1783441032.410171,607686.640000,disarm,disarm
1783441032.472164,607686.703000,disarm,disarm
1783441032.535311,607686.765000,disarm,disarm
1783441032.598152,607686.828000,disarm,disarm
1783441032.658665,607686.890000,disarm,disarm
1783441032.721121,607686.953000,disarm,disarm
1783441032.783809,607687.015000,disarm,disarm
1783441032.846677,607687.078000,disarm,disarm
1783441032.908435,607687.140000,disarm,disarm
1783441032.995470,607687.218000,disarm,disarm
1783441033.034705,607687.265000,disarm,disarm
1783441033.110544,607687.343000,disarm,disarm
1783441033.169901,607687.406000,disarm,disarm
1783441033.234042,607687.468000,disarm,disarm
1783441033.293122,607687.531000,disarm,disarm
1783441033.349735,607687.578000,disarm,disarm
1783441033.416032,607687.640000,disarm,disarm
1783441033.477789,607687.703000,disarm,disarm
1783441033.540920,607687.765000,disarm,disarm
1783441033.603356,607687.828000,disarm,disarm
1783441033.659414,607687.890000,disarm,disarm
1783441033.725941,607687.953000,disarm,disarm
1783441033.800437,607688.031000,disarm,disarm
1783441033.851895,607688.078000,disarm,disarm
1783441033.912322,607688.140000,disarm,disarm
1783441033.983808,607688.218000,disarm,disarm
1783441034.039319,607688.265000,disarm,disarm
1783441034.122395,607688.359000,disarm,disarm
1783441034.177778,607688.406000,disarm,disarm
1783441034.231768,607688.468000,disarm,disarm
1783441034.289978,607688.515000,disarm,disarm
1783441034.349813,607688.578000,disarm,disarm
1783441034.411702,607688.640000,disarm,disarm
1783441034.473382,607688.703000,disarm,disarm
1783441034.534632,607688.765000,disarm,disarm
1783441034.597199,607688.828000,disarm,disarm
1783441034.661000,607688.890000,disarm,disarm
1783441034.721369,607688.953000,disarm,disarm
1783441034.783727,607689.015000,disarm,disarm
1783441034.846868,607689.078000,disarm,disarm
1783441034.908186,607689.140000,disarm,disarm
1783441034.985065,607689.218000,disarm,disarm
1783441035.054553,607689.281000,disarm,disarm
1783441035.109488,607689.343000,disarm,disarm
1783441035.163979,607689.390000,disarm,disarm
1783441035.225116,607689.453000,disarm,disarm
1783441035.300986,607689.531000,disarm,disarm
1783441035.356463,607689.593000,disarm,disarm
1783441035.408516,607689.640000,disarm,disarm
1783441035.481350,607689.718000,disarm,disarm
1783441035.536132,607689.765000,disarm,disarm
1783441035.606452,607689.843000,disarm,disarm
1783441035.666955,607689.890000,disarm,disarm
1783441035.729367,607689.953000,disarm,disarm
1783441035.789430,607690.015000,disarm,disarm
1783441035.853878,607690.078000,disarm,disarm
1783441035.914463,607690.140000,disarm,disarm
1783441035.976895,607690.203000,disarm,disarm
1783441036.039215,607690.265000,disarm,disarm
1783441036.101603,607690.328000,disarm,disarm
1783441036.163148,607690.390000,disarm,disarm
1783441036.224777,607690.453000,disarm,disarm
1783441036.286234,607690.515000,disarm,disarm
1783441036.348091,607690.578000,disarm,disarm
1783441036.409476,607690.640000,disarm,disarm
1783441036.470394,607690.703000,disarm,disarm
1783441036.547098,607690.781000,disarm,disarm
1783441036.610419,607690.843000,disarm,disarm
1783441036.660477,607690.890000,disarm,disarm
1783441036.734829,607690.968000,disarm,disarm
1783441036.786759,607691.015000,disarm,disarm
1783441036.859675,607691.093000,disarm,disarm
1783441036.908556,607691.140000,disarm,disarm
1783441036.984549,607691.218000,disarm,disarm
1783441037.036299,607691.265000,disarm,disarm
1783441037.105957,607691.343000,disarm,disarm
1783441037.167971,607691.406000,disarm,disarm
1783441037.230735,607691.468000,disarm,disarm
1783441037.292962,607691.531000,disarm,disarm
1783441037.352699,607691.578000,disarm,disarm
1783441037.414459,607691.640000,disarm,disarm
1783441037.475840,607691.703000,disarm,disarm
1783441037.536843,607691.765000,disarm,disarm
1783441037.599588,607691.828000,disarm,disarm
1783441037.662542,607691.890000,disarm,disarm
1783441037.723766,607691.953000,disarm,disarm
1783441037.786520,607692.015000,disarm,disarm
1783441037.846833,607692.078000,disarm,disarm
1783441037.910419,607692.140000,disarm,disarm
1783441037.971730,607692.203000,disarm,disarm
1783441038.034730,607692.265000,disarm,disarm
1783441038.102767,607692.328000,disarm,disarm
1783441038.160466,607692.390000,disarm,disarm
1783441038.222273,607692.453000,disarm,disarm
1783441038.283684,607692.515000,disarm,disarm
1783441038.353992,607692.578000,disarm,disarm
1783441038.413197,607692.640000,disarm,disarm
1783441038.486256,607692.718000,disarm,disarm
1783441038.533984,607692.765000,disarm,disarm
1783441038.608414,607692.843000,disarm,disarm
1783441038.670554,607692.906000,disarm,disarm
1783441038.732473,607692.968000,disarm,disarm
1783441038.794956,607693.031000,disarm,disarm
1783441038.856824,607693.093000,disarm,disarm
1783441038.917794,607693.156000,disarm,disarm
1783441038.979456,607693.203000,disarm,disarm
1783441039.040476,607693.265000,disarm,disarm
1783441039.103026,607693.328000,disarm,disarm
1783441039.163412,607693.390000,disarm,disarm
1783441039.224986,607693.453000,disarm,disarm
1783441039.286759,607693.515000,disarm,disarm
1783441039.349410,607693.578000,disarm,disarm
1783441039.411061,607693.640000,disarm,disarm
1783441039.472340,607693.703000,disarm,disarm
1783441039.534326,607693.765000,disarm,disarm
1783441039.599048,607693.828000,disarm,disarm
1783441039.664310,607693.890000,disarm,disarm
1783441039.723212,607693.953000,disarm,disarm
1783441039.787368,607694.015000,disarm,disarm
1783441039.848691,607694.078000,disarm,disarm
1783441039.909024,607694.140000,disarm,disarm
1783441039.981288,607694.218000,disarm,disarm
1783441040.034106,607694.265000,disarm,disarm
1783441040.097588,607694.328000,disarm,disarm
1783441040.159485,607694.390000,disarm,disarm
1783441040.221918,607694.453000,disarm,disarm
1783441040.283054,607694.515000,disarm,disarm
1783441040.345116,607694.578000,disarm,disarm
1783441040.406657,607694.640000,disarm,disarm
1783441040.485042,607694.718000,disarm,disarm
1783441040.534351,607694.765000,disarm,disarm
1783441040.609413,607694.843000,disarm,disarm
1783441040.670954,607694.906000,disarm,disarm
1783441040.734029,607694.968000,disarm,disarm
1783441040.794949,607695.031000,disarm,disarm
1783441040.857820,607695.093000,disarm,disarm
1783441040.910014,607695.140000,disarm,disarm
1783441040.984004,607695.218000,disarm,disarm
1783441041.046818,607695.281000,disarm,disarm
1783441041.095263,607695.328000,disarm,disarm
1783441041.168839,607695.406000,disarm,disarm
1783441041.246341,607695.484000,disarm,disarm
1783441041.300870,607695.531000,disarm,disarm
1783441041.353675,607695.578000,disarm,disarm
1783441041.422805,607695.656000,disarm,disarm
1783441041.478236,607695.703000,disarm,disarm
1783441041.540721,607695.765000,disarm,disarm
1783441041.602259,607695.828000,disarm,disarm
1783441041.663963,607695.890000,disarm,disarm
1783441041.726232,607695.953000,disarm,disarm
1783441041.788668,607696.015000,disarm,disarm
1783441041.851055,607696.078000,disarm,disarm
1783441041.912226,607696.140000,disarm,disarm
1783441041.975342,607696.203000,disarm,disarm
1783441042.036225,607696.265000,disarm,disarm
1783441042.124183,607696.359000,disarm,disarm
1783441042.169263,607696.406000,disarm,disarm
1783441042.223708,607696.453000,disarm,disarm
1783441042.290721,607696.515000,disarm,disarm
1783441042.348655,607696.578000,disarm,disarm
1783441042.411456,607696.640000,disarm,disarm
1783441042.474926,607696.703000,disarm,disarm
1783441042.543121,607696.781000,disarm,disarm
1783441042.626078,607696.859000,disarm,disarm
1783441042.657355,607696.890000,disarm,disarm
1783441042.733580,607696.968000,disarm,disarm
1783441042.782913,607697.015000,disarm,disarm
1783441042.845404,607697.078000,disarm,disarm
1783441042.913179,607697.140000,disarm,disarm
1783441042.973299,607697.203000,disarm,disarm
1783441043.042780,607697.281000,disarm,disarm
1783441043.105095,607697.328000,disarm,disarm
1783441043.167296,607697.390000,disarm,disarm
1783441043.230270,607697.468000,disarm,disarm
1783441043.291173,607697.515000,disarm,disarm
1783441043.348375,607697.578000,disarm,disarm
1783441043.408164,607697.640000,disarm,disarm
1783441043.475694,607697.703000,disarm,disarm
1783441043.539663,607697.765000,disarm,disarm
1783441043.602623,607697.828000,disarm,disarm
1783441043.662151,607697.890000,disarm,disarm
1783441043.725835,607697.953000,disarm,disarm
1783441043.788761,607698.015000,disarm,disarm
1783441043.852576,607698.078000,disarm,disarm
1783441043.908894,607698.140000,disarm,disarm
1783441043.971774,607698.203000,disarm,disarm
1783441044.035021,607698.265000,disarm,disarm
1783441044.099523,607698.328000,disarm,disarm
1783441044.157955,607698.390000,disarm,disarm
1783441044.248018,607698.484000,disarm,disarm
1783441044.293488,607698.531000,disarm,disarm
1783441044.345928,607698.578000,disarm,disarm
1783441044.407791,607698.640000,disarm,disarm
1783441044.471404,607698.703000,disarm,disarm
1783441044.532576,607698.765000,disarm,disarm
1783441044.594879,607698.828000,disarm,disarm
1783441044.656802,607698.890000,disarm,disarm
1783441044.719864,607698.953000,disarm,disarm
1783441044.788323,607699.015000,disarm,disarm
1783441044.858762,607699.093000,disarm,disarm
1783441044.907770,607699.140000,disarm,disarm
1783441044.974752,607699.203000,disarm,disarm
1783441045.065737,607699.296000,disarm,disarm
1783441045.095130,607699.328000,disarm,disarm
1783441045.165724,607699.390000,disarm,disarm
1783441045.228657,607699.453000,disarm,disarm
1783441045.297434,607699.531000,disarm,disarm
1783441045.365891,607699.593000,disarm,disarm
1783441045.417014,607699.640000,disarm,disarm
1783441045.455002,607699.687000,reconnect,H7 restart requested
1783441046.471678,607700.703000,warn,H7 silent 1.0s — no new samples (critical; other instruments still recording)
1783441064.290704,607718.515000,arm,arm
1783441074.192556,607728.421000,cmd,cycle 3 0.5 200 1000 5
1783441075.185948,607729.421000,cmd,ping
1783441076.201915,607730.437000,cmd,ping
1783441077.230203,607731.468000,cmd,ping
1783441078.271082,607732.500000,cmd,ping
1783441079.267853,607733.500000,cmd,ping
1783441080.264678,607734.500000,cmd,ping
1783441081.281726,607735.515000,cmd,ping
1783441082.278653,607736.515000,cmd,ping
1783441083.287492,607737.515000,cmd,ping
1783441084.287956,607738.515000,cmd,ping
1783441085.281099,607739.515000,cmd,ping
1783441086.280754,607740.515000,cmd,ping
1783441087.285834,607741.515000,cmd,ping
1783441088.281654,607742.515000,cmd,ping
1783441089.306061,607743.531000,cmd,ping
1783441090.298025,607744.531000,cmd,ping
1783441091.293542,607745.531000,cmd,ping
1783441092.294864,607746.531000,cmd,ping
1783441093.307905,607747.531000,cmd,ping
1783441094.297353,607748.531000,cmd,ping
1783441095.301941,607749.531000,cmd,ping
1783441096.296559,607750.531000,cmd,ping
1783441097.301815,607751.531000,cmd,ping
1783441098.301583,607752.531000,cmd,ping
1783441099.303656,607753.531000,cmd,ping
1783441100.329671,607754.562000,cmd,ping
1783441101.357931,607755.593000,cmd,ping
1783441102.367944,607756.593000,cmd,ping
1783441103.366989,607757.593000,cmd,ping
1783441104.358169,607758.593000,cmd,ping
1783441105.355469,607759.593000,cmd,ping
1783441106.361173,607760.593000,cmd,ping
1783441107.358726,607761.593000,cmd,ping
1783441108.360008,607762.593000,cmd,ping
1783441109.357245,607763.593000,cmd,ping
1783441110.362909,607764.593000,cmd,ping
1783441111.363157,607765.593000,cmd,ping
1783441112.364657,607766.593000,cmd,ping
1783441113.359530,607767.593000,cmd,ping
1783441114.369991,607768.593000,cmd,ping
1783441115.367784,607769.593000,cmd,ping
1783441116.365115,607770.593000,cmd,ping
1783441117.384438,607771.609000,cmd,ping
1783441118.426466,607772.656000,cmd,ping
1783441119.418976,607773.656000,cmd,ping
1783441120.430719,607774.656000,cmd,ping
1783441121.418710,607775.656000,cmd,ping
1783441122.420310,607776.656000,cmd,ping
1783441123.422238,607777.656000,cmd,ping
1783441124.418900,607778.656000,cmd,ping
1783441125.425215,607779.656000,cmd,ping
1783441126.421107,607780.656000,cmd,ping
1783441127.421659,607781.656000,cmd,ping
1783441128.433345,607782.671000,cmd,ping
1783441129.481803,607783.718000,cmd,ping
1783441130.486583,607784.718000,cmd,ping
1783441131.480954,607785.718000,cmd,ping
1783441132.485445,607786.718000,cmd,ping
1783441133.487749,607787.718000,cmd,ping
1783441134.487238,607788.718000,cmd,ping
1783441135.482837,607789.718000,cmd,ping
1783441136.484780,607790.718000,cmd,ping
1783441137.492942,607791.718000,cmd,ping
1783441138.482129,607792.718000,cmd,ping
1783441139.481825,607793.718000,cmd,ping
1783441140.506693,607794.734000,cmd,ping
1783441141.506075,607795.734000,cmd,ping
1783441142.546770,607796.781000,cmd,ping
1783441143.544038,607797.781000,cmd,ping
1783441143.787492,607798.015000,arm,arm
1783441144.552700,607798.781000,cmd,ping
1783441145.564031,607799.796000,cmd,ping
1783441146.620192,607800.843000,cmd,ping
1783441147.610658,607801.843000,cmd,ping
1783441148.605820,607802.843000,cmd,ping
1783441149.614431,607803.843000,cmd,ping
1783441150.613995,607804.843000,cmd,ping
1783441151.606605,607805.843000,cmd,ping
1783441152.617473,607806.843000,cmd,ping
1783441153.610918,607807.843000,cmd,ping
1783441154.608215,607808.843000,cmd,ping
1783441155.608723,607809.843000,cmd,ping
1783441156.618797,607810.843000,cmd,ping
1783441157.608194,607811.843000,cmd,ping
1783441158.619209,607812.843000,cmd,ping
1783441159.610395,607813.843000,cmd,ping
1783441160.616706,607814.843000,cmd,ping
1783441161.610497,607815.843000,cmd,ping
1783441162.616785,607816.843000,cmd,ping
1783441163.606899,607817.843000,cmd,ping
1783441164.606129,607818.843000,cmd,ping
1783441165.617157,607819.843000,cmd,ping
1783441166.611274,607820.843000,cmd,ping
1783441167.608702,607821.843000,cmd,ping
1783441168.331382,607822.562000,arm,arm
1783441168.636523,607822.875000,cmd,ping
1783441169.670620,607823.906000,cmd,ping
1783441169.790457,607824.015000,session,recording start
1783441169.839356,607824.062000,camera,video recording start
1783441170.679693,607824.906000,cmd,ping
1783441171.670412,607825.906000,cmd,ping
1783441172.672858,607826.906000,cmd,ping
1783441173.307988,607827.531000,cmd,cycle 3 0.5 200 2000 5
1783441174.308443,607828.546000,cmd,ping
1783441175.361518,607829.593000,cmd,ping
1783441176.367074,607830.593000,cmd,ping
1783441177.356718,607831.593000,cmd,ping
1783441178.362925,607832.593000,cmd,ping
1783441179.374142,607833.609000,cmd,ping
1783441180.373713,607834.609000,cmd,ping
1783441181.384691,607835.609000,cmd,ping
1783441182.380139,607836.609000,cmd,ping
1783441183.374000,607837.609000,cmd,ping
1783441184.385805,607838.609000,cmd,ping
1783441185.373654,607839.609000,cmd,ping
1783441186.382387,607840.609000,cmd,ping
1783441187.371891,607841.609000,cmd,ping
1783441188.403606,607842.640000,cmd,ping
1783441189.460827,607843.687000,cmd,ping
1783441190.453860,607844.687000,cmd,ping
1783441191.457932,607845.687000,cmd,ping
1783441192.452676,607846.687000,cmd,ping
1783441193.455159,607847.687000,cmd,ping
1783441194.459249,607848.687000,cmd,ping
1783441195.450617,607849.687000,cmd,ping
1783441196.474493,607850.703000,cmd,ping
1783441197.466702,607851.703000,cmd,ping
1783441198.474573,607852.703000,cmd,ping
1783441199.472478,607853.703000,cmd,ping
1783441200.470937,607854.703000,cmd,ping
1783441201.465639,607855.703000,cmd,ping
1783441202.473297,607856.703000,cmd,ping
1783441203.471933,607857.703000,cmd,ping
1783441204.467166,607858.703000,cmd,ping
1783441205.466180,607859.703000,cmd,ping
1783441206.472884,607860.703000,cmd,ping
1783441207.477248,607861.703000,cmd,ping
1783441208.478229,607862.703000,cmd,ping
1783441209.473115,607863.703000,cmd,ping
1783441210.477328,607864.703000,cmd,ping
1783441211.470134,607865.703000,cmd,ping
1783441212.477638,607866.703000,cmd,ping
1783441213.470432,607867.703000,cmd,ping
1783441214.477669,607868.703000,cmd,ping
1783441215.468628,607869.703000,cmd,ping
1783441216.471441,607870.703000,cmd,ping
1783441217.470001,607871.703000,cmd,ping
1783441218.473990,607872.703000,cmd,ping
1783441219.480614,607873.718000,cmd,ping
1783441220.488818,607874.718000,cmd,ping
1783441221.508338,607875.734000,cmd,ping
1783441222.506353,607876.734000,cmd,ping
1783441223.498070,607877.734000,cmd,ping
1783441224.506679,607878.734000,cmd,ping
1783441225.497746,607879.734000,cmd,ping
1783441226.504427,607880.734000,cmd,ping
1783441227.511141,607881.734000,cmd,ping
1783441228.504684,607882.734000,cmd,ping
1783441229.507304,607883.734000,cmd,ping
1783441230.504023,607884.734000,cmd,ping
1783441231.497141,607885.734000,cmd,ping
1783441232.502314,607886.734000,cmd,ping
1783441233.508502,607887.734000,cmd,ping
1783441234.504398,607888.734000,cmd,ping
1783441235.167664,607889.406000,session,recording stop
1783441235.172033,607889.406000,camera,video recording stop (338 frames)
1783441235.500309,607889.734000,cmd,ping
1783441236.505875,607890.734000,cmd,ping
1783441237.497400,607891.734000,cmd,ping
1783441238.497238,607892.734000,cmd,ping
1783441239.500358,607893.734000,cmd,ping
1783441240.497625,607894.734000,cmd,ping
1783441241.397051,607895.625000,disarm,disarm
1783441241.860651,607896.093000,session,end complete
