2026-07-07 12:02:16,814  INFO   root                Session: console_20260707_120216
2026-07-07 12:02:16,814  INFO   root                Output:  C:\Users\yilin\Documents\GitHubRepo_Research\MicroTensileMachine\MicroTensileMachine\Experiment_SMAThermalCharacterization\data\console_20260707_120216
2026-07-07 12:02:16,814  INFO   root                Config:  C:\Users\yilin\Documents\GitHubRepo_Research\MicroTensileMachine\MicroTensileMachine\Experiment_SMAThermalCharacterization\config.yaml  headless=False
2026-07-07 12:02:17,568  ERROR  H7Worker            H7 worker crashed: could not open port 'COM8': FileNotFoundError(2, 'The system cannot find the file specified.', None, 2)
Traceback (most recent call last):
  File "c:\Users\yilin\Documents\GitHubRepo_Research\MicroTensileMachine\MicroTensileMachine\Experiment_SMAThermalCharacterization\workers.py", line 232, in run
    self._main_loop()
  File "c:\Users\yilin\Documents\GitHubRepo_Research\MicroTensileMachine\MicroTensileMachine\Experiment_SMAThermalCharacterization\workers.py", line 251, in _main_loop
    with reader:
         ^^^^^^
  File "C:\Users\yilin\Documents\GitHubRepo_Research\MicroTensileMachine\MicroTensileMachine\Calibrate_LaserHead\portenta_reader.py", line 330, in __enter__
    self.open()
  File "C:\Users\yilin\Documents\GitHubRepo_Research\MicroTensileMachine\MicroTensileMachine\Calibrate_LaserHead\portenta_reader.py", line 284, in open
    self._ser = serial.Serial(
                ^^^^^^^^^^^^^^
  File "C:\Users\yilin\AppData\Local\Programs\Python\Python312\Lib\site-packages\serial\serialwin32.py", line 33, in __init__
    super(Serial, self).__init__(*args, **kwargs)
  File "C:\Users\yilin\AppData\Local\Programs\Python\Python312\Lib\site-packages\serial\serialutil.py", line 244, in __init__
    self.open()
  File "C:\Users\yilin\AppData\Local\Programs\Python\Python312\Lib\site-packages\serial\serialwin32.py", line 64, in open
    raise SerialException("could not open port {!r}: {!r}".format(self.portstr, ctypes.WinError()))
serial.serialutil.SerialException: could not open port 'COM8': FileNotFoundError(2, 'The system cannot find the file specified.', None, 2)
2026-07-07 12:02:17,571  INFO   H7Worker            H7 worker exit  (pushed=0, dropped=0, filtered=0)
2026-07-07 12:02:18,822  INFO   Driver_ZaberStage   Configuration saved to zaber_config.json
2026-07-07 12:02:18,853  INFO   Driver_ZaberStage   Connected to X-LSQ300A-E01 on COM5
2026-07-07 12:02:18,901  INFO   ZaberWorker         Zaber ready: DeviceInfo(port='COM5', device_id=50138, serial_number='143153', name='X-LSQ300A-E01', firmware_version='7.48.24004', device_type='Linear Stage', axis_count=1)
2026-07-07 12:02:25,261  INFO   CameraWorker        Camera ready: cam[1] 1280x720 MJPG
2026-07-07 12:02:25,579  INFO   RecordingCore       Running 10.0 s full system check...
2026-07-07 12:02:25,580  WARNING  RecordingCore       HEALTH: stage parked at 98.65 mm, outside the workflow window [5.0, 40.0] — move it into range before actuating
2026-07-07 12:02:25,581  WARNING  RecordingCore       health H7    FAIL (0) — worker error SerialException("could not open port 'COM8': FileNotFoundError(2, 'The system cannot find the file specified.', None, 2)")
2026-07-07 12:02:25,581  INFO   RecordingCore       health stage PASS (329) — 329 reads, pos~98.65 mm (outside [5.0, 40.0] — move into range)
2026-07-07 12:02:28,375  WARNING  RecordingCore       HEALTH WARNING: H7 silent 1.0s — no new samples (critical; other instruments still recording)
2026-07-07 12:02:30,373  WARNING  PortentaReader      send_command('disarm') ignored — port not open
2026-07-07 12:02:30,437  WARNING  PortentaReader      send_command('disarm') ignored — port not open
2026-07-07 12:02:30,499  WARNING  PortentaReader      send_command('disarm') ignored — port not open
2026-07-07 12:02:30,560  WARNING  PortentaReader      send_command('disarm') ignored — port not open
2026-07-07 12:02:30,628  WARNING  PortentaReader      send_command('disarm') ignored — port not open
2026-07-07 12:02:30,692  WARNING  PortentaReader      send_command('disarm') ignored — port not open
2026-07-07 12:02:30,882  WARNING  PortentaReader      send_command('disarm') ignored — port not open
2026-07-07 12:02:30,898  WARNING  PortentaReader      send_command('disarm') ignored — port not open
2026-07-07 12:02:30,950  WARNING  PortentaReader      send_command('disarm') ignored — port not open
2026-07-07 12:02:31,013  WARNING  PortentaReader      send_command('disarm') ignored — port not open
2026-07-07 12:02:31,090  WARNING  PortentaReader      send_command('disarm') ignored — port not open
2026-07-07 12:02:31,152  WARNING  PortentaReader      send_command('disarm') ignored — port not open
2026-07-07 12:02:31,214  WARNING  PortentaReader      send_command('disarm') ignored — port not open
2026-07-07 12:02:31,276  WARNING  PortentaReader      send_command('disarm') ignored — port not open
2026-07-07 12:02:31,338  WARNING  PortentaReader      send_command('disarm') ignored — port not open
2026-07-07 12:02:31,399  WARNING  PortentaReader      send_command('disarm') ignored — port not open
2026-07-07 12:02:31,462  WARNING  PortentaReader      send_command('disarm') ignored — port not open
2026-07-07 12:02:31,523  WARNING  PortentaReader      send_command('disarm') ignored — port not open
2026-07-07 12:02:31,585  WARNING  PortentaReader      send_command('disarm') ignored — port not open
2026-07-07 12:02:31,648  WARNING  PortentaReader      send_command('disarm') ignored — port not open
2026-07-07 12:02:31,711  WARNING  PortentaReader      send_command('disarm') ignored — port not open
2026-07-07 12:02:31,772  WARNING  PortentaReader      send_command('disarm') ignored — port not open
2026-07-07 12:02:31,835  WARNING  PortentaReader      send_command('disarm') ignored — port not open
2026-07-07 12:02:31,896  WARNING  PortentaReader      send_command('disarm') ignored — port not open
2026-07-07 12:02:31,960  WARNING  PortentaReader      send_command('disarm') ignored — port not open
2026-07-07 12:02:32,022  WARNING  PortentaReader      send_command('disarm') ignored — port not open
2026-07-07 12:02:32,084  WARNING  PortentaReader      send_command('disarm') ignored — port not open
2026-07-07 12:02:32,140  WARNING  PortentaReader      send_command('disarm') ignored — port not open
2026-07-07 12:02:32,209  WARNING  PortentaReader      send_command('disarm') ignored — port not open
2026-07-07 12:02:32,270  WARNING  PortentaReader      send_command('disarm') ignored — port not open
2026-07-07 12:02:32,332  WARNING  PortentaReader      send_command('disarm') ignored — port not open
2026-07-07 12:02:32,395  WARNING  PortentaReader      send_command('disarm') ignored — port not open
2026-07-07 12:02:32,456  WARNING  PortentaReader      send_command('disarm') ignored — port not open
2026-07-07 12:02:32,518  WARNING  PortentaReader      send_command('disarm') ignored — port not open
2026-07-07 12:02:32,579  WARNING  PortentaReader      send_command('disarm') ignored — port not open
2026-07-07 12:02:32,643  WARNING  PortentaReader      send_command('disarm') ignored — port not open
2026-07-07 12:02:32,704  WARNING  PortentaReader      send_command('disarm') ignored — port not open
2026-07-07 12:02:32,767  WARNING  PortentaReader      send_command('disarm') ignored — port not open
2026-07-07 12:02:32,829  WARNING  PortentaReader      send_command('disarm') ignored — port not open
2026-07-07 12:02:32,890  WARNING  PortentaReader      send_command('disarm') ignored — port not open
2026-07-07 12:02:32,952  WARNING  PortentaReader      send_command('disarm') ignored — port not open
2026-07-07 12:02:33,014  WARNING  PortentaReader      send_command('disarm') ignored — port not open
2026-07-07 12:02:33,076  WARNING  PortentaReader      send_command('disarm') ignored — port not open
2026-07-07 12:02:33,137  WARNING  PortentaReader      send_command('disarm') ignored — port not open
2026-07-07 12:02:33,200  WARNING  PortentaReader      send_command('disarm') ignored — port not open
2026-07-07 12:02:33,263  WARNING  PortentaReader      send_command('disarm') ignored — port not open
2026-07-07 12:02:33,340  WARNING  PortentaReader      send_command('disarm') ignored — port not open
2026-07-07 12:02:33,403  WARNING  PortentaReader      send_command('disarm') ignored — port not open
2026-07-07 12:02:33,481  WARNING  PortentaReader      send_command('disarm') ignored — port not open
2026-07-07 12:02:33,543  WARNING  PortentaReader      send_command('disarm') ignored — port not open
2026-07-07 12:02:33,591  WARNING  PortentaReader      send_command('disarm') ignored — port not open
2026-07-07 12:02:33,669  WARNING  PortentaReader      send_command('disarm') ignored — port not open
2026-07-07 12:02:33,730  WARNING  PortentaReader      send_command('disarm') ignored — port not open
2026-07-07 12:02:33,792  WARNING  PortentaReader      send_command('disarm') ignored — port not open
2026-07-07 12:02:33,854  WARNING  PortentaReader      send_command('disarm') ignored — port not open
2026-07-07 12:02:33,916  WARNING  PortentaReader      send_command('disarm') ignored — port not open
2026-07-07 12:02:33,978  WARNING  PortentaReader      send_command('disarm') ignored — port not open
2026-07-07 12:02:34,041  WARNING  PortentaReader      send_command('disarm') ignored — port not open
2026-07-07 12:02:34,103  WARNING  PortentaReader      send_command('disarm') ignored — port not open
2026-07-07 12:02:34,165  WARNING  PortentaReader      send_command('disarm') ignored — port not open
2026-07-07 12:02:34,227  WARNING  PortentaReader      send_command('disarm') ignored — port not open
2026-07-07 12:02:34,288  WARNING  PortentaReader      send_command('disarm') ignored — port not open
2026-07-07 12:02:34,350  WARNING  PortentaReader      send_command('disarm') ignored — port not open
2026-07-07 12:02:34,412  WARNING  PortentaReader      send_command('disarm') ignored — port not open
2026-07-07 12:02:34,475  WARNING  PortentaReader      send_command('disarm') ignored — port not open
2026-07-07 12:02:34,536  WARNING  PortentaReader      send_command('disarm') ignored — port not open
2026-07-07 12:02:34,597  WARNING  PortentaReader      send_command('disarm') ignored — port not open
2026-07-07 12:02:34,661  WARNING  PortentaReader      send_command('disarm') ignored — port not open
2026-07-07 12:02:34,723  WARNING  PortentaReader      send_command('disarm') ignored — port not open
2026-07-07 12:02:34,785  WARNING  PortentaReader      send_command('disarm') ignored — port not open
2026-07-07 12:02:34,847  WARNING  PortentaReader      send_command('disarm') ignored — port not open
2026-07-07 12:02:34,908  WARNING  PortentaReader      send_command('disarm') ignored — port not open
2026-07-07 12:02:34,970  WARNING  PortentaReader      send_command('disarm') ignored — port not open
2026-07-07 12:02:35,032  WARNING  PortentaReader      send_command('disarm') ignored — port not open
2026-07-07 12:02:35,095  WARNING  PortentaReader      send_command('disarm') ignored — port not open
2026-07-07 12:02:35,157  WARNING  PortentaReader      send_command('disarm') ignored — port not open
2026-07-07 12:02:35,219  WARNING  PortentaReader      send_command('disarm') ignored — port not open
2026-07-07 12:02:35,280  WARNING  PortentaReader      send_command('disarm') ignored — port not open
2026-07-07 12:02:35,343  WARNING  PortentaReader      send_command('disarm') ignored — port not open
2026-07-07 12:02:35,406  WARNING  PortentaReader      send_command('disarm') ignored — port not open
2026-07-07 12:02:35,467  WARNING  PortentaReader      send_command('disarm') ignored — port not open
2026-07-07 12:02:35,529  WARNING  PortentaReader      send_command('disarm') ignored — port not open
2026-07-07 12:02:35,591  WARNING  PortentaReader      send_command('disarm') ignored — port not open
2026-07-07 12:02:35,668  WARNING  PortentaReader      send_command('disarm') ignored — port not open
2026-07-07 12:02:35,730  WARNING  PortentaReader      send_command('disarm') ignored — port not open
2026-07-07 12:02:35,792  WARNING  PortentaReader      send_command('disarm') ignored — port not open
2026-07-07 12:02:35,854  WARNING  PortentaReader      send_command('disarm') ignored — port not open
2026-07-07 12:02:35,915  WARNING  PortentaReader      send_command('disarm') ignored — port not open
2026-07-07 12:02:35,977  WARNING  PortentaReader      send_command('disarm') ignored — port not open
2026-07-07 12:02:36,039  WARNING  PortentaReader      send_command('disarm') ignored — port not open
2026-07-07 12:02:36,102  WARNING  PortentaReader      send_command('disarm') ignored — port not open
2026-07-07 12:02:36,163  WARNING  PortentaReader      send_command('disarm') ignored — port not open
2026-07-07 12:02:36,226  WARNING  PortentaReader      send_command('disarm') ignored — port not open
2026-07-07 12:02:36,288  WARNING  PortentaReader      send_command('disarm') ignored — port not open
2026-07-07 12:02:36,349  WARNING  PortentaReader      send_command('disarm') ignored — port not open
2026-07-07 12:02:36,411  WARNING  PortentaReader      send_command('disarm') ignored — port not open
2026-07-07 12:02:36,473  WARNING  PortentaReader      send_command('disarm') ignored — port not open
2026-07-07 12:02:36,536  WARNING  PortentaReader      send_command('disarm') ignored — port not open
2026-07-07 12:02:36,597  WARNING  PortentaReader      send_command('disarm') ignored — port not open
2026-07-07 12:02:36,659  WARNING  PortentaReader      send_command('disarm') ignored — port not open
2026-07-07 12:02:36,720  WARNING  PortentaReader      send_command('disarm') ignored — port not open
2026-07-07 12:02:36,782  WARNING  PortentaReader      send_command('disarm') ignored — port not open
2026-07-07 12:02:36,844  WARNING  PortentaReader      send_command('disarm') ignored — port not open
2026-07-07 12:02:36,906  WARNING  PortentaReader      send_command('disarm') ignored — port not open
2026-07-07 12:02:36,968  WARNING  PortentaReader      send_command('disarm') ignored — port not open
2026-07-07 12:02:37,029  WARNING  PortentaReader      send_command('disarm') ignored — port not open
2026-07-07 12:02:37,091  WARNING  PortentaReader      send_command('disarm') ignored — port not open
2026-07-07 12:02:37,168  WARNING  PortentaReader      send_command('disarm') ignored — port not open
2026-07-07 12:02:37,231  WARNING  PortentaReader      send_command('disarm') ignored — port not open
2026-07-07 12:02:37,293  WARNING  PortentaReader      send_command('disarm') ignored — port not open
2026-07-07 12:02:37,341  WARNING  PortentaReader      send_command('disarm') ignored — port not open
2026-07-07 12:02:37,418  WARNING  PortentaReader      send_command('disarm') ignored — port not open
2026-07-07 12:02:37,480  WARNING  PortentaReader      send_command('disarm') ignored — port not open
2026-07-07 12:02:37,541  WARNING  PortentaReader      send_command('disarm') ignored — port not open
2026-07-07 12:02:37,604  WARNING  PortentaReader      send_command('disarm') ignored — port not open
2026-07-07 12:02:37,666  WARNING  PortentaReader      send_command('disarm') ignored — port not open
2026-07-07 12:02:37,727  WARNING  PortentaReader      send_command('disarm') ignored — port not open
2026-07-07 12:02:37,790  WARNING  PortentaReader      send_command('disarm') ignored — port not open
2026-07-07 12:02:37,852  WARNING  PortentaReader      send_command('disarm') ignored — port not open
2026-07-07 12:02:37,914  WARNING  PortentaReader      send_command('disarm') ignored — port not open
2026-07-07 12:02:37,976  WARNING  PortentaReader      send_command('disarm') ignored — port not open
2026-07-07 12:02:38,036  WARNING  PortentaReader      send_command('disarm') ignored — port not open
2026-07-07 12:02:38,099  WARNING  PortentaReader      send_command('disarm') ignored — port not open
2026-07-07 12:02:38,161  WARNING  PortentaReader      send_command('disarm') ignored — port not open
2026-07-07 12:02:38,224  WARNING  PortentaReader      send_command('disarm') ignored — port not open
2026-07-07 12:02:38,286  WARNING  PortentaReader      send_command('disarm') ignored — port not open
2026-07-07 12:02:38,349  WARNING  PortentaReader      send_command('disarm') ignored — port not open
2026-07-07 12:02:38,410  WARNING  PortentaReader      send_command('disarm') ignored — port not open
2026-07-07 12:02:38,473  WARNING  PortentaReader      send_command('disarm') ignored — port not open
2026-07-07 12:02:38,534  WARNING  PortentaReader      send_command('disarm') ignored — port not open
2026-07-07 12:02:38,596  WARNING  PortentaReader      send_command('disarm') ignored — port not open
2026-07-07 12:02:38,658  WARNING  PortentaReader      send_command('disarm') ignored — port not open
2026-07-07 12:02:38,720  WARNING  PortentaReader      send_command('disarm') ignored — port not open
2026-07-07 12:02:38,780  WARNING  PortentaReader      send_command('disarm') ignored — port not open
2026-07-07 12:02:38,842  WARNING  PortentaReader      send_command('disarm') ignored — port not open
2026-07-07 12:02:38,906  WARNING  PortentaReader      send_command('disarm') ignored — port not open
2026-07-07 12:02:38,965  WARNING  PortentaReader      send_command('disarm') ignored — port not open
2026-07-07 12:02:39,029  WARNING  PortentaReader      send_command('disarm') ignored — port not open
2026-07-07 12:02:39,106  WARNING  PortentaReader      send_command('disarm') ignored — port not open
2026-07-07 12:02:39,168  WARNING  PortentaReader      send_command('disarm') ignored — port not open
2026-07-07 12:02:39,231  WARNING  PortentaReader      send_command('disarm') ignored — port not open
2026-07-07 12:02:39,293  WARNING  PortentaReader      send_command('disarm') ignored — port not open
2026-07-07 12:02:39,355  WARNING  PortentaReader      send_command('disarm') ignored — port not open
2026-07-07 12:02:39,415  WARNING  PortentaReader      send_command('disarm') ignored — port not open
2026-07-07 12:02:39,469  WARNING  PortentaReader      send_command('disarm') ignored — port not open
2026-07-07 12:02:39,529  WARNING  PortentaReader      send_command('disarm') ignored — port not open
2026-07-07 12:02:39,596  WARNING  PortentaReader      send_command('disarm') ignored — port not open
2026-07-07 12:02:39,662  WARNING  PortentaReader      send_command('disarm') ignored — port not open
2026-07-07 12:02:39,723  WARNING  PortentaReader      send_command('disarm') ignored — port not open
2026-07-07 12:02:39,783  WARNING  PortentaReader      send_command('disarm') ignored — port not open
2026-07-07 12:02:39,848  WARNING  PortentaReader      send_command('disarm') ignored — port not open
2026-07-07 12:02:39,910  WARNING  PortentaReader      send_command('disarm') ignored — port not open
2026-07-07 12:02:39,973  WARNING  PortentaReader      send_command('disarm') ignored — port not open
2026-07-07 12:02:40,034  WARNING  PortentaReader      send_command('disarm') ignored — port not open
2026-07-07 12:02:40,095  WARNING  PortentaReader      send_command('disarm') ignored — port not open
2026-07-07 12:02:40,157  WARNING  PortentaReader      send_command('disarm') ignored — port not open
2026-07-07 12:02:40,215  WARNING  PortentaReader      send_command('disarm') ignored — port not open
2026-07-07 12:02:40,280  WARNING  PortentaReader      send_command('disarm') ignored — port not open
2026-07-07 12:02:40,341  WARNING  PortentaReader      send_command('disarm') ignored — port not open
2026-07-07 12:02:40,403  WARNING  PortentaReader      send_command('disarm') ignored — port not open
2026-07-07 12:02:40,466  WARNING  PortentaReader      send_command('disarm') ignored — port not open
2026-07-07 12:02:40,528  WARNING  PortentaReader      send_command('disarm') ignored — port not open
2026-07-07 12:02:40,606  WARNING  PortentaReader      send_command('disarm') ignored — port not open
2026-07-07 12:02:40,668  WARNING  PortentaReader      send_command('disarm') ignored — port not open
2026-07-07 12:02:40,722  WARNING  PortentaReader      send_command('disarm') ignored — port not open
2026-07-07 12:02:40,781  WARNING  PortentaReader      send_command('disarm') ignored — port not open
2026-07-07 12:02:40,852  WARNING  PortentaReader      send_command('disarm') ignored — port not open
2026-07-07 12:02:40,914  WARNING  PortentaReader      send_command('disarm') ignored — port not open
2026-07-07 12:02:40,975  WARNING  PortentaReader      send_command('disarm') ignored — port not open
2026-07-07 12:02:41,038  WARNING  PortentaReader      send_command('disarm') ignored — port not open
2026-07-07 12:02:41,101  WARNING  PortentaReader      send_command('disarm') ignored — port not open
2026-07-07 12:02:41,161  WARNING  PortentaReader      send_command('disarm') ignored — port not open
2026-07-07 12:02:41,222  WARNING  PortentaReader      send_command('disarm') ignored — port not open
2026-07-07 12:02:41,285  WARNING  PortentaReader      send_command('disarm') ignored — port not open
2026-07-07 12:02:41,346  WARNING  PortentaReader      send_command('disarm') ignored — port not open
2026-07-07 12:02:41,409  WARNING  PortentaReader      send_command('disarm') ignored — port not open
2026-07-07 12:02:41,468  WARNING  PortentaReader      send_command('disarm') ignored — port not open
2026-07-07 12:02:41,532  WARNING  PortentaReader      send_command('disarm') ignored — port not open
2026-07-07 12:02:41,593  WARNING  PortentaReader      send_command('disarm') ignored — port not open
2026-07-07 12:02:41,654  WARNING  PortentaReader      send_command('disarm') ignored — port not open
2026-07-07 12:02:41,717  WARNING  PortentaReader      send_command('disarm') ignored — port not open
2026-07-07 12:02:41,779  WARNING  PortentaReader      send_command('disarm') ignored — port not open
2026-07-07 12:02:41,841  WARNING  PortentaReader      send_command('disarm') ignored — port not open
2026-07-07 12:02:41,918  WARNING  PortentaReader      send_command('disarm') ignored — port not open
2026-07-07 12:02:41,981  WARNING  PortentaReader      send_command('disarm') ignored — port not open
2026-07-07 12:02:42,042  WARNING  PortentaReader      send_command('disarm') ignored — port not open
2026-07-07 12:02:42,103  WARNING  PortentaReader      send_command('disarm') ignored — port not open
2026-07-07 12:02:42,165  WARNING  PortentaReader      send_command('disarm') ignored — port not open
2026-07-07 12:02:42,221  WARNING  PortentaReader      send_command('disarm') ignored — port not open
2026-07-07 12:02:42,289  WARNING  PortentaReader      send_command('disarm') ignored — port not open
2026-07-07 12:02:42,351  WARNING  PortentaReader      send_command('disarm') ignored — port not open
2026-07-07 12:02:42,413  WARNING  PortentaReader      send_command('disarm') ignored — port not open
2026-07-07 12:02:42,476  WARNING  PortentaReader      send_command('disarm') ignored — port not open
2026-07-07 12:02:42,539  WARNING  PortentaReader      send_command('disarm') ignored — port not open
2026-07-07 12:02:42,601  WARNING  PortentaReader      send_command('disarm') ignored — port not open
2026-07-07 12:02:42,664  WARNING  PortentaReader      send_command('disarm') ignored — port not open
2026-07-07 12:02:42,725  WARNING  PortentaReader      send_command('disarm') ignored — port not open
2026-07-07 12:02:42,786  WARNING  PortentaReader      send_command('disarm') ignored — port not open
2026-07-07 12:02:42,850  WARNING  PortentaReader      send_command('disarm') ignored — port not open
2026-07-07 12:02:42,911  WARNING  PortentaReader      send_command('disarm') ignored — port not open
2026-07-07 12:02:42,971  WARNING  PortentaReader      send_command('disarm') ignored — port not open
2026-07-07 12:02:43,035  WARNING  PortentaReader      send_command('disarm') ignored — port not open
2026-07-07 12:02:43,097  WARNING  PortentaReader      send_command('disarm') ignored — port not open
2026-07-07 12:02:43,159  WARNING  PortentaReader      send_command('disarm') ignored — port not open
2026-07-07 12:02:43,220  WARNING  PortentaReader      send_command('disarm') ignored — port not open
2026-07-07 12:02:43,282  WARNING  PortentaReader      send_command('disarm') ignored — port not open
2026-07-07 12:02:43,344  WARNING  PortentaReader      send_command('disarm') ignored — port not open
2026-07-07 12:02:43,406  WARNING  PortentaReader      send_command('disarm') ignored — port not open
2026-07-07 12:02:43,468  WARNING  PortentaReader      send_command('disarm') ignored — port not open
2026-07-07 12:02:43,530  WARNING  PortentaReader      send_command('disarm') ignored — port not open
2026-07-07 12:02:43,592  WARNING  PortentaReader      send_command('disarm') ignored — port not open
2026-07-07 12:02:43,669  WARNING  PortentaReader      send_command('disarm') ignored — port not open
2026-07-07 12:02:43,730  WARNING  PortentaReader      send_command('disarm') ignored — port not open
2026-07-07 12:02:43,793  WARNING  PortentaReader      send_command('disarm') ignored — port not open
2026-07-07 12:02:43,855  WARNING  PortentaReader      send_command('disarm') ignored — port not open
2026-07-07 12:02:43,917  WARNING  PortentaReader      send_command('disarm') ignored — port not open
2026-07-07 12:02:43,978  WARNING  PortentaReader      send_command('disarm') ignored — port not open
2026-07-07 12:02:44,039  WARNING  PortentaReader      send_command('disarm') ignored — port not open
2026-07-07 12:02:44,100  WARNING  PortentaReader      send_command('disarm') ignored — port not open
2026-07-07 12:02:44,161  WARNING  PortentaReader      send_command('disarm') ignored — port not open
2026-07-07 12:02:44,224  WARNING  PortentaReader      send_command('disarm') ignored — port not open
2026-07-07 12:02:44,285  WARNING  PortentaReader      send_command('disarm') ignored — port not open
2026-07-07 12:02:44,346  WARNING  PortentaReader      send_command('disarm') ignored — port not open
2026-07-07 12:02:44,408  WARNING  PortentaReader      send_command('disarm') ignored — port not open
2026-07-07 12:02:44,472  WARNING  PortentaReader      send_command('disarm') ignored — port not open
2026-07-07 12:02:44,534  WARNING  PortentaReader      send_command('disarm') ignored — port not open
2026-07-07 12:02:44,597  WARNING  PortentaReader      send_command('disarm') ignored — port not open
2026-07-07 12:02:44,658  WARNING  PortentaReader      send_command('disarm') ignored — port not open
2026-07-07 12:02:44,719  WARNING  PortentaReader      send_command('disarm') ignored — port not open
2026-07-07 12:02:44,781  WARNING  PortentaReader      send_command('disarm') ignored — port not open
2026-07-07 12:02:44,842  WARNING  PortentaReader      send_command('disarm') ignored — port not open
2026-07-07 12:02:44,904  WARNING  PortentaReader      send_command('disarm') ignored — port not open
2026-07-07 12:02:44,980  WARNING  PortentaReader      send_command('disarm') ignored — port not open
2026-07-07 12:02:45,043  WARNING  PortentaReader      send_command('disarm') ignored — port not open
2026-07-07 12:02:45,106  WARNING  PortentaReader      send_command('disarm') ignored — port not open
2026-07-07 12:02:45,168  WARNING  PortentaReader      send_command('disarm') ignored — port not open
2026-07-07 12:02:45,230  WARNING  PortentaReader      send_command('disarm') ignored — port not open
2026-07-07 12:02:45,292  WARNING  PortentaReader      send_command('disarm') ignored — port not open
2026-07-07 12:02:45,353  WARNING  PortentaReader      send_command('disarm') ignored — port not open
2026-07-07 12:02:45,415  WARNING  PortentaReader      send_command('disarm') ignored — port not open
2026-07-07 12:02:45,476  WARNING  PortentaReader      send_command('disarm') ignored — port not open
2026-07-07 12:02:45,538  WARNING  PortentaReader      send_command('disarm') ignored — port not open
2026-07-07 12:02:45,600  WARNING  PortentaReader      send_command('disarm') ignored — port not open
2026-07-07 12:02:45,662  WARNING  PortentaReader      send_command('disarm') ignored — port not open
2026-07-07 12:02:45,724  WARNING  PortentaReader      send_command('disarm') ignored — port not open
2026-07-07 12:02:45,784  WARNING  PortentaReader      send_command('disarm') ignored — port not open
2026-07-07 12:02:45,845  WARNING  PortentaReader      send_command('disarm') ignored — port not open
2026-07-07 12:02:45,907  WARNING  PortentaReader      send_command('disarm') ignored — port not open
2026-07-07 12:02:45,969  WARNING  PortentaReader      send_command('disarm') ignored — port not open
2026-07-07 12:02:46,032  WARNING  PortentaReader      send_command('disarm') ignored — port not open
2026-07-07 12:02:46,093  WARNING  PortentaReader      send_command('disarm') ignored — port not open
2026-07-07 12:02:46,157  WARNING  PortentaReader      send_command('disarm') ignored — port not open
2026-07-07 12:02:46,219  WARNING  PortentaReader      send_command('disarm') ignored — port not open
2026-07-07 12:02:46,282  WARNING  PortentaReader      send_command('disarm') ignored — port not open
2026-07-07 12:02:46,344  WARNING  PortentaReader      send_command('disarm') ignored — port not open
2026-07-07 12:02:46,406  WARNING  PortentaReader      send_command('disarm') ignored — port not open
2026-07-07 12:02:46,468  WARNING  PortentaReader      send_command('disarm') ignored — port not open
2026-07-07 12:02:46,530  WARNING  PortentaReader      send_command('disarm') ignored — port not open
2026-07-07 12:02:46,593  WARNING  PortentaReader      send_command('disarm') ignored — port not open
2026-07-07 12:02:46,655  WARNING  PortentaReader      send_command('disarm') ignored — port not open
2026-07-07 12:02:46,717  WARNING  PortentaReader      send_command('disarm') ignored — port not open
2026-07-07 12:02:46,779  WARNING  PortentaReader      send_command('disarm') ignored — port not open
2026-07-07 12:02:46,855  WARNING  PortentaReader      send_command('disarm') ignored — port not open
2026-07-07 12:02:46,917  WARNING  PortentaReader      send_command('disarm') ignored — port not open
2026-07-07 12:02:46,979  WARNING  PortentaReader      send_command('disarm') ignored — port not open
2026-07-07 12:02:47,042  WARNING  PortentaReader      send_command('disarm') ignored — port not open
2026-07-07 12:02:47,104  WARNING  PortentaReader      send_command('disarm') ignored — port not open
2026-07-07 12:02:47,166  WARNING  PortentaReader      send_command('disarm') ignored — port not open
2026-07-07 12:02:47,228  WARNING  PortentaReader      send_command('disarm') ignored — port not open
2026-07-07 12:02:47,289  WARNING  PortentaReader      send_command('disarm') ignored — port not open
2026-07-07 12:02:47,352  WARNING  PortentaReader      send_command('disarm') ignored — port not open
2026-07-07 12:02:47,413  WARNING  PortentaReader      send_command('disarm') ignored — port not open
2026-07-07 12:02:47,476  WARNING  PortentaReader      send_command('disarm') ignored — port not open
2026-07-07 12:02:47,531  WARNING  PortentaReader      send_command('disarm') ignored — port not open
2026-07-07 12:02:47,599  WARNING  PortentaReader      send_command('disarm') ignored — port not open
2026-07-07 12:02:47,659  WARNING  PortentaReader      send_command('disarm') ignored — port not open
2026-07-07 12:02:47,719  WARNING  PortentaReader      send_command('disarm') ignored — port not open
2026-07-07 12:02:47,779  WARNING  PortentaReader      send_command('disarm') ignored — port not open
2026-07-07 12:02:47,847  WARNING  PortentaReader      send_command('disarm') ignored — port not open
2026-07-07 12:02:47,909  WARNING  PortentaReader      send_command('disarm') ignored — port not open
2026-07-07 12:02:47,967  WARNING  PortentaReader      send_command('disarm') ignored — port not open
2026-07-07 12:02:48,033  WARNING  PortentaReader      send_command('disarm') ignored — port not open
2026-07-07 12:02:48,097  WARNING  PortentaReader      send_command('disarm') ignored — port not open
2026-07-07 12:02:48,159  WARNING  PortentaReader      send_command('disarm') ignored — port not open
2026-07-07 12:02:48,221  WARNING  PortentaReader      send_command('disarm') ignored — port not open
2026-07-07 12:02:48,285  WARNING  PortentaReader      send_command('disarm') ignored — port not open
2026-07-07 12:02:48,347  WARNING  PortentaReader      send_command('disarm') ignored — port not open
2026-07-07 12:02:48,410  WARNING  PortentaReader      send_command('disarm') ignored — port not open
2026-07-07 12:02:48,471  WARNING  PortentaReader      send_command('disarm') ignored — port not open
2026-07-07 12:02:48,533  WARNING  PortentaReader      send_command('disarm') ignored — port not open
2026-07-07 12:02:48,595  WARNING  PortentaReader      send_command('disarm') ignored — port not open
2026-07-07 12:02:48,657  WARNING  PortentaReader      send_command('disarm') ignored — port not open
2026-07-07 12:02:48,719  WARNING  PortentaReader      send_command('disarm') ignored — port not open
2026-07-07 12:02:48,780  WARNING  PortentaReader      send_command('disarm') ignored — port not open
2026-07-07 12:02:48,841  WARNING  PortentaReader      send_command('disarm') ignored — port not open
2026-07-07 12:02:48,918  WARNING  PortentaReader      send_command('disarm') ignored — port not open
2026-07-07 12:02:48,966  WARNING  PortentaReader      send_command('disarm') ignored — port not open
2026-07-07 12:02:49,043  WARNING  PortentaReader      send_command('disarm') ignored — port not open
2026-07-07 12:02:49,106  WARNING  PortentaReader      send_command('disarm') ignored — port not open
2026-07-07 12:02:49,167  WARNING  PortentaReader      send_command('disarm') ignored — port not open
2026-07-07 12:02:49,230  WARNING  PortentaReader      send_command('disarm') ignored — port not open
2026-07-07 12:02:49,293  WARNING  PortentaReader      send_command('disarm') ignored — port not open
2026-07-07 12:02:49,355  WARNING  PortentaReader      send_command('disarm') ignored — port not open
2026-07-07 12:02:49,418  WARNING  PortentaReader      send_command('disarm') ignored — port not open
2026-07-07 12:02:49,480  WARNING  PortentaReader      send_command('disarm') ignored — port not open
2026-07-07 12:02:49,542  WARNING  PortentaReader      send_command('disarm') ignored — port not open
2026-07-07 12:02:49,602  WARNING  PortentaReader      send_command('disarm') ignored — port not open
2026-07-07 12:02:49,664  WARNING  PortentaReader      send_command('disarm') ignored — port not open
2026-07-07 12:02:49,727  WARNING  PortentaReader      send_command('disarm') ignored — port not open
2026-07-07 12:02:49,788  WARNING  PortentaReader      send_command('disarm') ignored — port not open
2026-07-07 12:02:49,850  WARNING  PortentaReader      send_command('disarm') ignored — port not open
2026-07-07 12:02:49,912  WARNING  PortentaReader      send_command('disarm') ignored — port not open
2026-07-07 12:02:49,973  WARNING  PortentaReader      send_command('disarm') ignored — port not open
2026-07-07 12:02:50,035  WARNING  PortentaReader      send_command('disarm') ignored — port not open
2026-07-07 12:02:50,096  WARNING  PortentaReader      send_command('disarm') ignored — port not open
2026-07-07 12:02:50,159  WARNING  PortentaReader      send_command('disarm') ignored — port not open
2026-07-07 12:02:50,221  WARNING  PortentaReader      send_command('disarm') ignored — port not open
2026-07-07 12:02:50,283  WARNING  PortentaReader      send_command('disarm') ignored — port not open
2026-07-07 12:02:50,345  WARNING  PortentaReader      send_command('disarm') ignored — port not open
2026-07-07 12:02:50,407  WARNING  PortentaReader      send_command('disarm') ignored — port not open
2026-07-07 12:02:50,468  WARNING  PortentaReader      send_command('disarm') ignored — port not open
2026-07-07 12:02:50,530  WARNING  PortentaReader      send_command('disarm') ignored — port not open
2026-07-07 12:02:50,593  WARNING  PortentaReader      send_command('disarm') ignored — port not open
2026-07-07 12:02:50,655  WARNING  PortentaReader      send_command('disarm') ignored — port not open
2026-07-07 12:02:50,718  WARNING  PortentaReader      send_command('disarm') ignored — port not open
2026-07-07 12:02:50,780  WARNING  PortentaReader      send_command('disarm') ignored — port not open
2026-07-07 12:02:50,842  WARNING  PortentaReader      send_command('disarm') ignored — port not open
2026-07-07 12:02:50,903  WARNING  PortentaReader      send_command('disarm') ignored — port not open
2026-07-07 12:02:50,981  WARNING  PortentaReader      send_command('disarm') ignored — port not open
2026-07-07 12:02:51,042  WARNING  PortentaReader      send_command('disarm') ignored — port not open
2026-07-07 12:02:51,105  WARNING  PortentaReader      send_command('disarm') ignored — port not open
2026-07-07 12:02:51,167  WARNING  PortentaReader      send_command('disarm') ignored — port not open
2026-07-07 12:02:51,229  WARNING  PortentaReader      send_command('disarm') ignored — port not open
2026-07-07 12:02:51,290  WARNING  PortentaReader      send_command('disarm') ignored — port not open
2026-07-07 12:02:51,351  WARNING  PortentaReader      send_command('disarm') ignored — port not open
2026-07-07 12:02:51,414  WARNING  PortentaReader      send_command('disarm') ignored — port not open
2026-07-07 12:02:51,476  WARNING  PortentaReader      send_command('disarm') ignored — port not open
2026-07-07 12:02:51,538  WARNING  PortentaReader      send_command('disarm') ignored — port not open
2026-07-07 12:02:51,600  WARNING  PortentaReader      send_command('disarm') ignored — port not open
2026-07-07 12:02:51,662  WARNING  PortentaReader      send_command('disarm') ignored — port not open
2026-07-07 12:02:51,723  WARNING  PortentaReader      send_command('disarm') ignored — port not open
2026-07-07 12:02:51,786  WARNING  PortentaReader      send_command('disarm') ignored — port not open
2026-07-07 12:02:51,847  WARNING  PortentaReader      send_command('disarm') ignored — port not open
2026-07-07 12:02:51,910  WARNING  PortentaReader      send_command('disarm') ignored — port not open
2026-07-07 12:02:51,972  WARNING  PortentaReader      send_command('disarm') ignored — port not open
2026-07-07 12:02:52,035  WARNING  PortentaReader      send_command('disarm') ignored — port not open
2026-07-07 12:02:52,096  WARNING  PortentaReader      send_command('disarm') ignored — port not open
2026-07-07 12:02:52,158  WARNING  PortentaReader      send_command('disarm') ignored — port not open
2026-07-07 12:02:52,220  WARNING  PortentaReader      send_command('disarm') ignored — port not open
2026-07-07 12:02:52,282  WARNING  PortentaReader      send_command('disarm') ignored — port not open
2026-07-07 12:02:52,345  WARNING  PortentaReader      send_command('disarm') ignored — port not open
2026-07-07 12:02:52,407  WARNING  PortentaReader      send_command('disarm') ignored — port not open
2026-07-07 12:02:52,469  WARNING  PortentaReader      send_command('disarm') ignored — port not open
2026-07-07 12:02:52,529  WARNING  PortentaReader      send_command('disarm') ignored — port not open
2026-07-07 12:02:52,593  WARNING  PortentaReader      send_command('disarm') ignored — port not open
2026-07-07 12:02:52,656  WARNING  PortentaReader      send_command('disarm') ignored — port not open
2026-07-07 12:02:52,717  WARNING  PortentaReader      send_command('disarm') ignored — port not open
2026-07-07 12:02:52,780  WARNING  PortentaReader      send_command('disarm') ignored — port not open
2026-07-07 12:02:52,841  WARNING  PortentaReader      send_command('disarm') ignored — port not open
2026-07-07 12:02:52,905  WARNING  PortentaReader      send_command('disarm') ignored — port not open
2026-07-07 12:02:52,981  WARNING  PortentaReader      send_command('disarm') ignored — port not open
2026-07-07 12:02:53,043  WARNING  PortentaReader      send_command('disarm') ignored — port not open
2026-07-07 12:02:53,105  WARNING  PortentaReader      send_command('disarm') ignored — port not open
2026-07-07 12:02:53,166  WARNING  PortentaReader      send_command('disarm') ignored — port not open
2026-07-07 12:02:53,228  WARNING  PortentaReader      send_command('disarm') ignored — port not open
2026-07-07 12:02:53,290  WARNING  PortentaReader      send_command('disarm') ignored — port not open
2026-07-07 12:02:53,351  WARNING  PortentaReader      send_command('disarm') ignored — port not open
2026-07-07 12:02:53,413  WARNING  PortentaReader      send_command('disarm') ignored — port not open
2026-07-07 12:02:53,475  WARNING  PortentaReader      send_command('disarm') ignored — port not open
2026-07-07 12:02:53,537  WARNING  PortentaReader      send_command('disarm') ignored — port not open
2026-07-07 12:02:53,598  WARNING  PortentaReader      send_command('disarm') ignored — port not open
2026-07-07 12:02:53,661  WARNING  PortentaReader      send_command('disarm') ignored — port not open
2026-07-07 12:02:53,723  WARNING  PortentaReader      send_command('disarm') ignored — port not open
2026-07-07 12:02:53,785  WARNING  PortentaReader      send_command('disarm') ignored — port not open
2026-07-07 12:02:53,847  WARNING  PortentaReader      send_command('disarm') ignored — port not open
2026-07-07 12:02:53,910  WARNING  PortentaReader      send_command('disarm') ignored — port not open
2026-07-07 12:02:53,971  WARNING  PortentaReader      send_command('disarm') ignored — port not open
2026-07-07 12:02:54,032  WARNING  PortentaReader      send_command('disarm') ignored — port not open
2026-07-07 12:02:54,095  WARNING  PortentaReader      send_command('disarm') ignored — port not open
2026-07-07 12:02:54,156  WARNING  PortentaReader      send_command('disarm') ignored — port not open
2026-07-07 12:02:54,220  WARNING  PortentaReader      send_command('disarm') ignored — port not open
2026-07-07 12:02:54,282  WARNING  PortentaReader      send_command('disarm') ignored — port not open
2026-07-07 12:02:54,343  WARNING  PortentaReader      send_command('disarm') ignored — port not open
2026-07-07 12:02:54,405  WARNING  PortentaReader      send_command('disarm') ignored — port not open
2026-07-07 12:02:54,467  WARNING  PortentaReader      send_command('disarm') ignored — port not open
2026-07-07 12:02:54,529  WARNING  PortentaReader      send_command('disarm') ignored — port not open
2026-07-07 12:02:54,591  WARNING  PortentaReader      send_command('disarm') ignored — port not open
2026-07-07 12:02:54,653  WARNING  PortentaReader      send_command('disarm') ignored — port not open
2026-07-07 12:02:54,730  WARNING  PortentaReader      send_command('disarm') ignored — port not open
2026-07-07 12:02:54,792  WARNING  PortentaReader      send_command('disarm') ignored — port not open
2026-07-07 12:02:54,854  WARNING  PortentaReader      send_command('disarm') ignored — port not open
2026-07-07 12:02:54,915  WARNING  PortentaReader      send_command('disarm') ignored — port not open
2026-07-07 12:02:54,978  WARNING  PortentaReader      send_command('disarm') ignored — port not open
2026-07-07 12:02:55,039  WARNING  PortentaReader      send_command('disarm') ignored — port not open
2026-07-07 12:02:55,103  WARNING  PortentaReader      send_command('disarm') ignored — port not open
2026-07-07 12:02:55,166  WARNING  PortentaReader      send_command('disarm') ignored — port not open
2026-07-07 12:02:55,227  WARNING  PortentaReader      send_command('disarm') ignored — port not open
2026-07-07 12:02:55,291  WARNING  PortentaReader      send_command('disarm') ignored — port not open
2026-07-07 12:02:55,352  WARNING  PortentaReader      send_command('disarm') ignored — port not open
2026-07-07 12:02:55,415  WARNING  PortentaReader      send_command('disarm') ignored — port not open
2026-07-07 12:02:55,477  WARNING  PortentaReader      send_command('disarm') ignored — port not open
2026-07-07 12:02:55,538  WARNING  PortentaReader      send_command('disarm') ignored — port not open
2026-07-07 12:02:55,601  WARNING  PortentaReader      send_command('disarm') ignored — port not open
2026-07-07 12:02:55,663  WARNING  PortentaReader      send_command('disarm') ignored — port not open
2026-07-07 12:02:55,724  WARNING  PortentaReader      send_command('disarm') ignored — port not open
2026-07-07 12:02:55,787  WARNING  PortentaReader      send_command('disarm') ignored — port not open
2026-07-07 12:02:55,848  WARNING  PortentaReader      send_command('disarm') ignored — port not open
2026-07-07 12:02:55,910  WARNING  PortentaReader      send_command('disarm') ignored — port not open
2026-07-07 12:02:55,972  WARNING  PortentaReader      send_command('disarm') ignored — port not open
2026-07-07 12:02:56,034  WARNING  PortentaReader      send_command('disarm') ignored — port not open
2026-07-07 12:02:56,095  WARNING  PortentaReader      send_command('disarm') ignored — port not open
2026-07-07 12:02:56,158  WARNING  PortentaReader      send_command('disarm') ignored — port not open
2026-07-07 12:02:56,219  WARNING  PortentaReader      send_command('disarm') ignored — port not open
2026-07-07 12:02:56,281  WARNING  PortentaReader      send_command('disarm') ignored — port not open
2026-07-07 12:02:56,343  WARNING  PortentaReader      send_command('disarm') ignored — port not open
2026-07-07 12:02:56,405  WARNING  PortentaReader      send_command('disarm') ignored — port not open
2026-07-07 12:02:56,482  WARNING  PortentaReader      send_command('disarm') ignored — port not open
2026-07-07 12:02:56,559  WARNING  PortentaReader      send_command('disarm') ignored — port not open
2026-07-07 12:02:56,622  WARNING  PortentaReader      send_command('disarm') ignored — port not open
2026-07-07 12:02:56,683  WARNING  PortentaReader      send_command('disarm') ignored — port not open
2026-07-07 12:02:56,745  WARNING  PortentaReader      send_command('disarm') ignored — port not open
2026-07-07 12:02:56,808  WARNING  PortentaReader      send_command('disarm') ignored — port not open
2026-07-07 12:02:56,870  WARNING  PortentaReader      send_command('disarm') ignored — port not open
2026-07-07 12:02:56,932  WARNING  PortentaReader      send_command('disarm') ignored — port not open
2026-07-07 12:02:56,994  WARNING  PortentaReader      send_command('disarm') ignored — port not open
2026-07-07 12:02:57,056  WARNING  PortentaReader      send_command('disarm') ignored — port not open
2026-07-07 12:02:57,116  WARNING  PortentaReader      send_command('disarm') ignored — port not open
2026-07-07 12:02:57,178  WARNING  PortentaReader      send_command('disarm') ignored — port not open
2026-07-07 12:02:57,242  WARNING  PortentaReader      send_command('disarm') ignored — port not open
2026-07-07 12:02:57,303  WARNING  PortentaReader      send_command('disarm') ignored — port not open
2026-07-07 12:02:57,365  WARNING  PortentaReader      send_command('disarm') ignored — port not open
2026-07-07 12:02:57,426  WARNING  PortentaReader      send_command('disarm') ignored — port not open
2026-07-07 12:02:57,487  WARNING  PortentaReader      send_command('disarm') ignored — port not open
2026-07-07 12:02:57,551  WARNING  PortentaReader      send_command('disarm') ignored — port not open
2026-07-07 12:02:57,613  WARNING  PortentaReader      send_command('disarm') ignored — port not open
2026-07-07 12:02:57,675  WARNING  PortentaReader      send_command('disarm') ignored — port not open
2026-07-07 12:02:57,738  WARNING  PortentaReader      send_command('disarm') ignored — port not open
2026-07-07 12:02:57,799  WARNING  PortentaReader      send_command('disarm') ignored — port not open
2026-07-07 12:02:57,861  WARNING  PortentaReader      send_command('disarm') ignored — port not open
2026-07-07 12:02:57,923  WARNING  PortentaReader      send_command('disarm') ignored — port not open
2026-07-07 12:02:57,985  WARNING  PortentaReader      send_command('disarm') ignored — port not open
2026-07-07 12:02:58,045  WARNING  PortentaReader      send_command('disarm') ignored — port not open
2026-07-07 12:02:58,107  WARNING  PortentaReader      send_command('disarm') ignored — port not open
2026-07-07 12:02:58,170  WARNING  PortentaReader      send_command('disarm') ignored — port not open
2026-07-07 12:02:58,232  WARNING  PortentaReader      send_command('disarm') ignored — port not open
2026-07-07 12:02:58,309  WARNING  PortentaReader      send_command('disarm') ignored — port not open
2026-07-07 12:02:58,372  WARNING  PortentaReader      send_command('disarm') ignored — port not open
2026-07-07 12:02:58,449  WARNING  PortentaReader      send_command('disarm') ignored — port not open
2026-07-07 12:02:58,511  WARNING  PortentaReader      send_command('disarm') ignored — port not open
2026-07-07 12:02:58,573  WARNING  PortentaReader      send_command('disarm') ignored — port not open
2026-07-07 12:02:58,635  WARNING  PortentaReader      send_command('disarm') ignored — port not open
2026-07-07 12:02:58,697  WARNING  PortentaReader      send_command('disarm') ignored — port not open
2026-07-07 12:02:58,760  WARNING  PortentaReader      send_command('disarm') ignored — port not open
2026-07-07 12:02:58,821  WARNING  PortentaReader      send_command('disarm') ignored — port not open
2026-07-07 12:02:58,884  WARNING  PortentaReader      send_command('disarm') ignored — port not open
2026-07-07 12:02:58,945  WARNING  PortentaReader      send_command('disarm') ignored — port not open
2026-07-07 12:02:59,007  WARNING  PortentaReader      send_command('disarm') ignored — port not open
2026-07-07 12:02:59,069  WARNING  PortentaReader      send_command('disarm') ignored — port not open
2026-07-07 12:02:59,131  WARNING  PortentaReader      send_command('disarm') ignored — port not open
2026-07-07 12:02:59,194  WARNING  PortentaReader      send_command('disarm') ignored — port not open
2026-07-07 12:02:59,256  WARNING  PortentaReader      send_command('disarm') ignored — port not open
2026-07-07 12:02:59,318  WARNING  PortentaReader      send_command('disarm') ignored — port not open
2026-07-07 12:02:59,380  WARNING  PortentaReader      send_command('disarm') ignored — port not open
2026-07-07 12:02:59,443  WARNING  PortentaReader      send_command('disarm') ignored — port not open
2026-07-07 12:02:59,504  WARNING  PortentaReader      send_command('disarm') ignored — port not open
2026-07-07 12:02:59,567  WARNING  PortentaReader      send_command('disarm') ignored — port not open
2026-07-07 12:02:59,629  WARNING  PortentaReader      send_command('disarm') ignored — port not open
2026-07-07 12:02:59,692  WARNING  PortentaReader      send_command('disarm') ignored — port not open
2026-07-07 12:02:59,754  WARNING  PortentaReader      send_command('disarm') ignored — port not open
2026-07-07 12:02:59,816  WARNING  PortentaReader      send_command('disarm') ignored — port not open
2026-07-07 12:02:59,877  WARNING  PortentaReader      send_command('disarm') ignored — port not open
2026-07-07 12:02:59,940  WARNING  PortentaReader      send_command('disarm') ignored — port not open
2026-07-07 12:03:00,002  WARNING  PortentaReader      send_command('disarm') ignored — port not open
2026-07-07 12:03:00,063  WARNING  PortentaReader      send_command('disarm') ignored — port not open
2026-07-07 12:03:00,124  WARNING  PortentaReader      send_command('disarm') ignored — port not open
2026-07-07 12:03:00,186  WARNING  PortentaReader      send_command('disarm') ignored — port not open
2026-07-07 12:03:00,248  WARNING  PortentaReader      send_command('disarm') ignored — port not open
2026-07-07 12:03:00,324  WARNING  PortentaReader      send_command('disarm') ignored — port not open
2026-07-07 12:03:00,387  WARNING  PortentaReader      send_command('disarm') ignored — port not open
2026-07-07 12:03:00,448  WARNING  PortentaReader      send_command('disarm') ignored — port not open
2026-07-07 12:03:00,511  WARNING  PortentaReader      send_command('disarm') ignored — port not open
2026-07-07 12:03:00,573  WARNING  PortentaReader      send_command('disarm') ignored — port not open
2026-07-07 12:03:00,635  WARNING  PortentaReader      send_command('disarm') ignored — port not open
2026-07-07 12:03:00,697  WARNING  PortentaReader      send_command('disarm') ignored — port not open
2026-07-07 12:03:00,759  WARNING  PortentaReader      send_command('disarm') ignored — port not open
2026-07-07 12:03:00,822  WARNING  PortentaReader      send_command('disarm') ignored — port not open
2026-07-07 12:03:00,883  WARNING  PortentaReader      send_command('disarm') ignored — port not open
2026-07-07 12:03:00,945  WARNING  PortentaReader      send_command('disarm') ignored — port not open
2026-07-07 12:03:01,008  WARNING  PortentaReader      send_command('disarm') ignored — port not open
2026-07-07 12:03:01,070  WARNING  PortentaReader      send_command('disarm') ignored — port not open
2026-07-07 12:03:01,132  WARNING  PortentaReader      send_command('disarm') ignored — port not open
2026-07-07 12:03:01,194  WARNING  PortentaReader      send_command('disarm') ignored — port not open
2026-07-07 12:03:01,257  WARNING  PortentaReader      send_command('disarm') ignored — port not open
2026-07-07 12:03:01,320  WARNING  PortentaReader      send_command('disarm') ignored — port not open
2026-07-07 12:03:01,381  WARNING  PortentaReader      send_command('disarm') ignored — port not open
2026-07-07 12:03:01,443  WARNING  PortentaReader      send_command('disarm') ignored — port not open
2026-07-07 12:03:01,504  WARNING  PortentaReader      send_command('disarm') ignored — port not open
2026-07-07 12:03:01,565  WARNING  PortentaReader      send_command('disarm') ignored — port not open
2026-07-07 12:03:01,627  WARNING  PortentaReader      send_command('disarm') ignored — port not open
2026-07-07 12:03:01,690  WARNING  PortentaReader      send_command('disarm') ignored — port not open
2026-07-07 12:03:01,752  WARNING  PortentaReader      send_command('disarm') ignored — port not open
2026-07-07 12:03:01,813  WARNING  PortentaReader      send_command('disarm') ignored — port not open
2026-07-07 12:03:01,875  WARNING  PortentaReader      send_command('disarm') ignored — port not open
2026-07-07 12:03:01,935  WARNING  PortentaReader      send_command('disarm') ignored — port not open
2026-07-07 12:03:01,998  WARNING  PortentaReader      send_command('disarm') ignored — port not open
2026-07-07 12:03:02,075  WARNING  PortentaReader      send_command('disarm') ignored — port not open
2026-07-07 12:03:02,132  WARNING  PortentaReader      send_command('disarm') ignored — port not open
2026-07-07 12:03:02,198  WARNING  PortentaReader      send_command('disarm') ignored — port not open
2026-07-07 12:03:02,260  WARNING  PortentaReader      send_command('disarm') ignored — port not open
2026-07-07 12:03:02,324  WARNING  PortentaReader      send_command('disarm') ignored — port not open
2026-07-07 12:03:02,384  WARNING  PortentaReader      send_command('disarm') ignored — port not open
2026-07-07 12:03:02,447  WARNING  PortentaReader      send_command('disarm') ignored — port not open
2026-07-07 12:03:02,508  WARNING  PortentaReader      send_command('disarm') ignored — port not open
2026-07-07 12:03:02,571  WARNING  PortentaReader      send_command('disarm') ignored — port not open
2026-07-07 12:03:02,634  WARNING  PortentaReader      send_command('disarm') ignored — port not open
2026-07-07 12:03:02,695  WARNING  PortentaReader      send_command('disarm') ignored — port not open
2026-07-07 12:03:02,756  WARNING  PortentaReader      send_command('disarm') ignored — port not open
2026-07-07 12:03:02,819  WARNING  PortentaReader      send_command('disarm') ignored — port not open
2026-07-07 12:03:02,881  WARNING  PortentaReader      send_command('disarm') ignored — port not open
2026-07-07 12:03:02,942  WARNING  PortentaReader      send_command('disarm') ignored — port not open
2026-07-07 12:03:03,003  WARNING  PortentaReader      send_command('disarm') ignored — port not open
2026-07-07 12:03:03,066  WARNING  PortentaReader      send_command('disarm') ignored — port not open
2026-07-07 12:03:03,129  WARNING  PortentaReader      send_command('disarm') ignored — port not open
2026-07-07 12:03:03,192  WARNING  PortentaReader      send_command('disarm') ignored — port not open
2026-07-07 12:03:03,255  WARNING  PortentaReader      send_command('disarm') ignored — port not open
2026-07-07 12:03:03,316  WARNING  PortentaReader      send_command('disarm') ignored — port not open
2026-07-07 12:03:03,378  WARNING  PortentaReader      send_command('disarm') ignored — port not open
2026-07-07 12:03:03,440  WARNING  PortentaReader      send_command('disarm') ignored — port not open
2026-07-07 12:03:03,502  WARNING  PortentaReader      send_command('disarm') ignored — port not open
2026-07-07 12:03:03,564  WARNING  PortentaReader      send_command('disarm') ignored — port not open
2026-07-07 12:03:03,627  WARNING  PortentaReader      send_command('disarm') ignored — port not open
2026-07-07 12:03:03,689  WARNING  PortentaReader      send_command('disarm') ignored — port not open
2026-07-07 12:03:03,751  WARNING  PortentaReader      send_command('disarm') ignored — port not open
2026-07-07 12:03:03,813  WARNING  PortentaReader      send_command('disarm') ignored — port not open
2026-07-07 12:03:03,875  WARNING  PortentaReader      send_command('disarm') ignored — port not open
2026-07-07 12:03:03,937  WARNING  PortentaReader      send_command('disarm') ignored — port not open
2026-07-07 12:03:03,997  WARNING  PortentaReader      send_command('disarm') ignored — port not open
2026-07-07 12:03:04,075  WARNING  PortentaReader      send_command('disarm') ignored — port not open
2026-07-07 12:03:04,130  WARNING  PortentaReader      send_command('disarm') ignored — port not open
2026-07-07 12:03:04,199  WARNING  PortentaReader      send_command('disarm') ignored — port not open
2026-07-07 12:03:04,261  WARNING  PortentaReader      send_command('disarm') ignored — port not open
2026-07-07 12:03:04,324  WARNING  PortentaReader      send_command('disarm') ignored — port not open
2026-07-07 12:03:04,385  WARNING  PortentaReader      send_command('disarm') ignored — port not open
2026-07-07 12:03:04,447  WARNING  PortentaReader      send_command('disarm') ignored — port not open
2026-07-07 12:03:04,509  WARNING  PortentaReader      send_command('disarm') ignored — port not open
2026-07-07 12:03:04,571  WARNING  PortentaReader      send_command('disarm') ignored — port not open
2026-07-07 12:03:04,633  WARNING  PortentaReader      send_command('disarm') ignored — port not open
2026-07-07 12:03:04,695  WARNING  PortentaReader      send_command('disarm') ignored — port not open
2026-07-07 12:03:04,757  WARNING  PortentaReader      send_command('disarm') ignored — port not open
2026-07-07 12:03:04,818  WARNING  PortentaReader      send_command('disarm') ignored — port not open
2026-07-07 12:03:04,881  WARNING  PortentaReader      send_command('disarm') ignored — port not open
2026-07-07 12:03:04,942  WARNING  PortentaReader      send_command('disarm') ignored — port not open
2026-07-07 12:03:05,004  WARNING  PortentaReader      send_command('disarm') ignored — port not open
2026-07-07 12:03:05,065  WARNING  PortentaReader      send_command('disarm') ignored — port not open
2026-07-07 12:03:05,127  WARNING  PortentaReader      send_command('disarm') ignored — port not open
2026-07-07 12:03:05,189  WARNING  PortentaReader      send_command('disarm') ignored — port not open
2026-07-07 12:03:05,251  WARNING  PortentaReader      send_command('disarm') ignored — port not open
2026-07-07 12:03:05,314  WARNING  PortentaReader      send_command('disarm') ignored — port not open
2026-07-07 12:03:05,376  WARNING  PortentaReader      send_command('disarm') ignored — port not open
2026-07-07 12:03:05,436  WARNING  PortentaReader      send_command('disarm') ignored — port not open
2026-07-07 12:03:05,499  WARNING  PortentaReader      send_command('disarm') ignored — port not open
2026-07-07 12:03:05,560  WARNING  PortentaReader      send_command('disarm') ignored — port not open
2026-07-07 12:03:05,622  WARNING  PortentaReader      send_command('disarm') ignored — port not open
2026-07-07 12:03:05,699  WARNING  PortentaReader      send_command('disarm') ignored — port not open
2026-07-07 12:03:05,762  WARNING  PortentaReader      send_command('disarm') ignored — port not open
2026-07-07 12:03:05,823  WARNING  PortentaReader      send_command('disarm') ignored — port not open
2026-07-07 12:03:05,884  WARNING  PortentaReader      send_command('disarm') ignored — port not open
2026-07-07 12:03:05,947  WARNING  PortentaReader      send_command('disarm') ignored — port not open
2026-07-07 12:03:06,009  WARNING  PortentaReader      send_command('disarm') ignored — port not open
2026-07-07 12:03:06,072  WARNING  PortentaReader      send_command('disarm') ignored — port not open
2026-07-07 12:03:06,132  WARNING  PortentaReader      send_command('disarm') ignored — port not open
2026-07-07 12:03:06,194  WARNING  PortentaReader      send_command('disarm') ignored — port not open
2026-07-07 12:03:06,257  WARNING  PortentaReader      send_command('disarm') ignored — port not open
2026-07-07 12:03:06,320  WARNING  PortentaReader      send_command('disarm') ignored — port not open
2026-07-07 12:03:06,383  WARNING  PortentaReader      send_command('disarm') ignored — port not open
2026-07-07 12:03:06,445  WARNING  PortentaReader      send_command('disarm') ignored — port not open
2026-07-07 12:03:06,508  WARNING  PortentaReader      send_command('disarm') ignored — port not open
2026-07-07 12:03:06,570  WARNING  PortentaReader      send_command('disarm') ignored — port not open
2026-07-07 12:03:06,632  WARNING  PortentaReader      send_command('disarm') ignored — port not open
2026-07-07 12:03:06,695  WARNING  PortentaReader      send_command('disarm') ignored — port not open
2026-07-07 12:03:06,756  WARNING  PortentaReader      send_command('disarm') ignored — port not open
2026-07-07 12:03:06,818  WARNING  PortentaReader      send_command('disarm') ignored — port not open
2026-07-07 12:03:06,880  WARNING  PortentaReader      send_command('disarm') ignored — port not open
2026-07-07 12:03:06,943  WARNING  PortentaReader      send_command('disarm') ignored — port not open
2026-07-07 12:03:07,003  WARNING  PortentaReader      send_command('disarm') ignored — port not open
2026-07-07 12:03:07,065  WARNING  PortentaReader      send_command('disarm') ignored — port not open
2026-07-07 12:03:07,126  WARNING  PortentaReader      send_command('disarm') ignored — port not open
2026-07-07 12:03:07,187  WARNING  PortentaReader      send_command('disarm') ignored — port not open
2026-07-07 12:03:07,250  WARNING  PortentaReader      send_command('disarm') ignored — port not open
2026-07-07 12:03:07,311  WARNING  PortentaReader      send_command('disarm') ignored — port not open
2026-07-07 12:03:07,374  WARNING  PortentaReader      send_command('disarm') ignored — port not open
2026-07-07 12:03:07,436  WARNING  PortentaReader      send_command('disarm') ignored — port not open
2026-07-07 12:03:07,498  WARNING  PortentaReader      send_command('disarm') ignored — port not open
2026-07-07 12:03:07,561  WARNING  PortentaReader      send_command('disarm') ignored — port not open
2026-07-07 12:03:07,623  WARNING  PortentaReader      send_command('disarm') ignored — port not open
2026-07-07 12:03:07,698  WARNING  PortentaReader      send_command('disarm') ignored — port not open
2026-07-07 12:03:07,760  WARNING  PortentaReader      send_command('disarm') ignored — port not open
2026-07-07 12:03:07,822  WARNING  PortentaReader      send_command('disarm') ignored — port not open
2026-07-07 12:03:07,886  WARNING  PortentaReader      send_command('disarm') ignored — port not open
2026-07-07 12:03:07,947  WARNING  PortentaReader      send_command('disarm') ignored — port not open
2026-07-07 12:03:08,009  WARNING  PortentaReader      send_command('disarm') ignored — port not open
2026-07-07 12:03:08,071  WARNING  PortentaReader      send_command('disarm') ignored — port not open
2026-07-07 12:03:08,133  WARNING  PortentaReader      send_command('disarm') ignored — port not open
2026-07-07 12:03:08,197  WARNING  PortentaReader      send_command('disarm') ignored — port not open
2026-07-07 12:03:08,259  WARNING  PortentaReader      send_command('disarm') ignored — port not open
2026-07-07 12:03:08,322  WARNING  PortentaReader      send_command('disarm') ignored — port not open
2026-07-07 12:03:08,383  WARNING  PortentaReader      send_command('disarm') ignored — port not open
2026-07-07 12:03:08,445  WARNING  PortentaReader      send_command('disarm') ignored — port not open
2026-07-07 12:03:08,507  WARNING  PortentaReader      send_command('disarm') ignored — port not open
2026-07-07 12:03:08,569  WARNING  PortentaReader      send_command('disarm') ignored — port not open
2026-07-07 12:03:08,631  WARNING  PortentaReader      send_command('disarm') ignored — port not open
2026-07-07 12:03:08,692  WARNING  PortentaReader      send_command('disarm') ignored — port not open
2026-07-07 12:03:08,754  WARNING  PortentaReader      send_command('disarm') ignored — port not open
2026-07-07 12:03:08,817  WARNING  PortentaReader      send_command('disarm') ignored — port not open
2026-07-07 12:03:08,879  WARNING  PortentaReader      send_command('disarm') ignored — port not open
2026-07-07 12:03:08,940  WARNING  PortentaReader      send_command('disarm') ignored — port not open
2026-07-07 12:03:09,002  WARNING  PortentaReader      send_command('disarm') ignored — port not open
2026-07-07 12:03:09,063  WARNING  PortentaReader      send_command('disarm') ignored — port not open
2026-07-07 12:03:09,125  WARNING  PortentaReader      send_command('disarm') ignored — port not open
2026-07-07 12:03:09,188  WARNING  PortentaReader      send_command('disarm') ignored — port not open
2026-07-07 12:03:09,250  WARNING  PortentaReader      send_command('disarm') ignored — port not open
2026-07-07 12:03:09,313  WARNING  PortentaReader      send_command('disarm') ignored — port not open
2026-07-07 12:03:09,374  WARNING  PortentaReader      send_command('disarm') ignored — port not open
2026-07-07 12:03:09,436  WARNING  PortentaReader      send_command('disarm') ignored — port not open
2026-07-07 12:03:09,512  WARNING  PortentaReader      send_command('disarm') ignored — port not open
2026-07-07 12:03:09,575  WARNING  PortentaReader      send_command('disarm') ignored — port not open
2026-07-07 12:03:09,637  WARNING  PortentaReader      send_command('disarm') ignored — port not open
2026-07-07 12:03:09,698  WARNING  PortentaReader      send_command('disarm') ignored — port not open
2026-07-07 12:03:09,761  WARNING  PortentaReader      send_command('disarm') ignored — port not open
2026-07-07 12:03:09,823  WARNING  PortentaReader      send_command('disarm') ignored — port not open
2026-07-07 12:03:09,884  WARNING  PortentaReader      send_command('disarm') ignored — port not open
2026-07-07 12:03:09,946  WARNING  PortentaReader      send_command('disarm') ignored — port not open
2026-07-07 12:03:10,008  WARNING  PortentaReader      send_command('disarm') ignored — port not open
2026-07-07 12:03:10,069  WARNING  PortentaReader      send_command('disarm') ignored — port not open
2026-07-07 12:03:10,132  WARNING  PortentaReader      send_command('disarm') ignored — port not open
2026-07-07 12:03:10,194  WARNING  PortentaReader      send_command('disarm') ignored — port not open
2026-07-07 12:03:10,255  WARNING  PortentaReader      send_command('disarm') ignored — port not open
2026-07-07 12:03:10,317  WARNING  PortentaReader      send_command('disarm') ignored — port not open
2026-07-07 12:03:10,380  WARNING  PortentaReader      send_command('disarm') ignored — port not open
2026-07-07 12:03:10,442  WARNING  PortentaReader      send_command('disarm') ignored — port not open
2026-07-07 12:03:10,505  WARNING  PortentaReader      send_command('disarm') ignored — port not open
2026-07-07 12:03:10,567  WARNING  PortentaReader      send_command('disarm') ignored — port not open
2026-07-07 12:03:10,630  WARNING  PortentaReader      send_command('disarm') ignored — port not open
2026-07-07 12:03:10,691  WARNING  PortentaReader      send_command('disarm') ignored — port not open
2026-07-07 12:03:10,754  WARNING  PortentaReader      send_command('disarm') ignored — port not open
2026-07-07 12:03:10,815  WARNING  PortentaReader      send_command('disarm') ignored — port not open
2026-07-07 12:03:10,876  WARNING  PortentaReader      send_command('disarm') ignored — port not open
2026-07-07 12:03:10,937  WARNING  PortentaReader      send_command('disarm') ignored — port not open
2026-07-07 12:03:10,999  WARNING  PortentaReader      send_command('disarm') ignored — port not open
2026-07-07 12:03:11,062  WARNING  PortentaReader      send_command('disarm') ignored — port not open
2026-07-07 12:03:11,124  WARNING  PortentaReader      send_command('disarm') ignored — port not open
2026-07-07 12:03:11,186  WARNING  PortentaReader      send_command('disarm') ignored — port not open
2026-07-07 12:03:11,248  WARNING  PortentaReader      send_command('disarm') ignored — port not open
2026-07-07 12:03:11,311  WARNING  PortentaReader      send_command('disarm') ignored — port not open
2026-07-07 12:03:11,373  WARNING  PortentaReader      send_command('disarm') ignored — port not open
2026-07-07 12:03:11,436  WARNING  PortentaReader      send_command('disarm') ignored — port not open
2026-07-07 12:03:11,498  WARNING  PortentaReader      send_command('disarm') ignored — port not open
2026-07-07 12:03:11,560  WARNING  PortentaReader      send_command('disarm') ignored — port not open
2026-07-07 12:03:11,636  WARNING  PortentaReader      send_command('disarm') ignored — port not open
2026-07-07 12:03:11,698  WARNING  PortentaReader      send_command('disarm') ignored — port not open
2026-07-07 12:03:11,760  WARNING  PortentaReader      send_command('disarm') ignored — port not open
2026-07-07 12:03:11,821  WARNING  PortentaReader      send_command('disarm') ignored — port not open
2026-07-07 12:03:11,884  WARNING  PortentaReader      send_command('disarm') ignored — port not open
2026-07-07 12:03:11,948  WARNING  PortentaReader      send_command('disarm') ignored — port not open
2026-07-07 12:03:12,010  WARNING  PortentaReader      send_command('disarm') ignored — port not open
2026-07-07 12:03:12,072  WARNING  PortentaReader      send_command('disarm') ignored — port not open
2026-07-07 12:03:12,133  WARNING  PortentaReader      send_command('disarm') ignored — port not open
2026-07-07 12:03:12,196  WARNING  PortentaReader      send_command('disarm') ignored — port not open
2026-07-07 12:03:12,258  WARNING  PortentaReader      send_command('disarm') ignored — port not open
2026-07-07 12:03:12,320  WARNING  PortentaReader      send_command('disarm') ignored — port not open
2026-07-07 12:03:12,381  WARNING  PortentaReader      send_command('disarm') ignored — port not open
2026-07-07 12:03:12,443  WARNING  PortentaReader      send_command('disarm') ignored — port not open
2026-07-07 12:03:12,505  WARNING  PortentaReader      send_command('disarm') ignored — port not open
2026-07-07 12:03:12,567  WARNING  PortentaReader      send_command('disarm') ignored — port not open
2026-07-07 12:03:12,629  WARNING  PortentaReader      send_command('disarm') ignored — port not open
2026-07-07 12:03:12,692  WARNING  PortentaReader      send_command('disarm') ignored — port not open
2026-07-07 12:03:12,753  WARNING  PortentaReader      send_command('disarm') ignored — port not open
2026-07-07 12:03:12,816  WARNING  PortentaReader      send_command('disarm') ignored — port not open
2026-07-07 12:03:12,877  WARNING  PortentaReader      send_command('disarm') ignored — port not open
2026-07-07 12:03:12,938  WARNING  PortentaReader      send_command('disarm') ignored — port not open
2026-07-07 12:03:13,001  WARNING  PortentaReader      send_command('disarm') ignored — port not open
2026-07-07 12:03:13,062  WARNING  PortentaReader      send_command('disarm') ignored — port not open
2026-07-07 12:03:13,126  WARNING  PortentaReader      send_command('disarm') ignored — port not open
2026-07-07 12:03:13,187  WARNING  PortentaReader      send_command('disarm') ignored — port not open
2026-07-07 12:03:13,249  WARNING  PortentaReader      send_command('disarm') ignored — port not open
2026-07-07 12:03:13,311  WARNING  PortentaReader      send_command('disarm') ignored — port not open
2026-07-07 12:03:13,374  WARNING  PortentaReader      send_command('disarm') ignored — port not open
2026-07-07 12:03:13,434  WARNING  PortentaReader      send_command('disarm') ignored — port not open
2026-07-07 12:03:13,511  WARNING  PortentaReader      send_command('disarm') ignored — port not open
2026-07-07 12:03:13,572  WARNING  PortentaReader      send_command('disarm') ignored — port not open
2026-07-07 12:03:13,635  WARNING  PortentaReader      send_command('disarm') ignored — port not open
2026-07-07 12:03:13,697  WARNING  PortentaReader      send_command('disarm') ignored — port not open
2026-07-07 12:03:13,758  WARNING  PortentaReader      send_command('disarm') ignored — port not open
2026-07-07 12:03:13,819  WARNING  PortentaReader      send_command('disarm') ignored — port not open
2026-07-07 12:03:13,880  WARNING  PortentaReader      send_command('disarm') ignored — port not open
2026-07-07 12:03:13,942  WARNING  PortentaReader      send_command('disarm') ignored — port not open
2026-07-07 12:03:14,004  WARNING  PortentaReader      send_command('disarm') ignored — port not open
2026-07-07 12:03:14,067  WARNING  PortentaReader      send_command('disarm') ignored — port not open
2026-07-07 12:03:14,128  WARNING  PortentaReader      send_command('disarm') ignored — port not open
2026-07-07 12:03:14,191  WARNING  PortentaReader      send_command('disarm') ignored — port not open
2026-07-07 12:03:14,253  WARNING  PortentaReader      send_command('disarm') ignored — port not open
2026-07-07 12:03:14,314  WARNING  PortentaReader      send_command('disarm') ignored — port not open
2026-07-07 12:03:14,377  WARNING  PortentaReader      send_command('disarm') ignored — port not open
2026-07-07 12:03:14,438  WARNING  PortentaReader      send_command('disarm') ignored — port not open
2026-07-07 12:03:14,501  WARNING  PortentaReader      send_command('disarm') ignored — port not open
2026-07-07 12:03:14,563  WARNING  PortentaReader      send_command('disarm') ignored — port not open
2026-07-07 12:03:14,625  WARNING  PortentaReader      send_command('disarm') ignored — port not open
2026-07-07 12:03:14,687  WARNING  PortentaReader      send_command('disarm') ignored — port not open
2026-07-07 12:03:14,748  WARNING  PortentaReader      send_command('disarm') ignored — port not open
2026-07-07 12:03:14,812  WARNING  PortentaReader      send_command('disarm') ignored — port not open
2026-07-07 12:03:14,873  WARNING  PortentaReader      send_command('disarm') ignored — port not open
2026-07-07 12:03:14,936  WARNING  PortentaReader      send_command('disarm') ignored — port not open
2026-07-07 12:03:14,999  WARNING  PortentaReader      send_command('disarm') ignored — port not open
2026-07-07 12:03:15,062  WARNING  PortentaReader      send_command('disarm') ignored — port not open
2026-07-07 12:03:15,124  WARNING  PortentaReader      send_command('disarm') ignored — port not open
2026-07-07 12:03:15,187  WARNING  PortentaReader      send_command('disarm') ignored — port not open
2026-07-07 12:03:15,249  WARNING  PortentaReader      send_command('disarm') ignored — port not open
2026-07-07 12:03:15,311  WARNING  PortentaReader      send_command('disarm') ignored — port not open
2026-07-07 12:03:15,373  WARNING  PortentaReader      send_command('disarm') ignored — port not open
2026-07-07 12:03:15,435  WARNING  PortentaReader      send_command('disarm') ignored — port not open
2026-07-07 12:03:15,512  WARNING  PortentaReader      send_command('disarm') ignored — port not open
2026-07-07 12:03:15,573  WARNING  PortentaReader      send_command('disarm') ignored — port not open
2026-07-07 12:03:15,634  WARNING  PortentaReader      send_command('disarm') ignored — port not open
2026-07-07 12:03:15,696  WARNING  PortentaReader      send_command('disarm') ignored — port not open
2026-07-07 12:03:15,758  WARNING  PortentaReader      send_command('disarm') ignored — port not open
2026-07-07 12:03:15,820  WARNING  PortentaReader      send_command('disarm') ignored — port not open
2026-07-07 12:03:15,883  WARNING  PortentaReader      send_command('disarm') ignored — port not open
2026-07-07 12:03:15,943  WARNING  PortentaReader      send_command('disarm') ignored — port not open
2026-07-07 12:03:16,006  WARNING  PortentaReader      send_command('disarm') ignored — port not open
2026-07-07 12:03:16,069  WARNING  PortentaReader      send_command('disarm') ignored — port not open
2026-07-07 12:03:16,131  WARNING  PortentaReader      send_command('disarm') ignored — port not open
2026-07-07 12:03:16,193  WARNING  PortentaReader      send_command('disarm') ignored — port not open
2026-07-07 12:03:16,256  WARNING  PortentaReader      send_command('disarm') ignored — port not open
2026-07-07 12:03:16,317  WARNING  PortentaReader      send_command('disarm') ignored — port not open
2026-07-07 12:03:16,378  WARNING  PortentaReader      send_command('disarm') ignored — port not open
2026-07-07 12:03:16,440  WARNING  PortentaReader      send_command('disarm') ignored — port not open
2026-07-07 12:03:16,503  WARNING  PortentaReader      send_command('disarm') ignored — port not open
2026-07-07 12:03:16,566  WARNING  PortentaReader      send_command('disarm') ignored — port not open
2026-07-07 12:03:16,629  WARNING  PortentaReader      send_command('disarm') ignored — port not open
2026-07-07 12:03:16,691  WARNING  PortentaReader      send_command('disarm') ignored — port not open
2026-07-07 12:03:16,753  WARNING  PortentaReader      send_command('disarm') ignored — port not open
2026-07-07 12:03:16,815  WARNING  PortentaReader      send_command('disarm') ignored — port not open
2026-07-07 12:03:16,876  WARNING  PortentaReader      send_command('disarm') ignored — port not open
2026-07-07 12:03:16,939  WARNING  PortentaReader      send_command('disarm') ignored — port not open
2026-07-07 12:03:17,001  WARNING  PortentaReader      send_command('disarm') ignored — port not open
2026-07-07 12:03:17,063  WARNING  PortentaReader      send_command('disarm') ignored — port not open
2026-07-07 12:03:17,125  WARNING  PortentaReader      send_command('disarm') ignored — port not open
2026-07-07 12:03:17,188  WARNING  PortentaReader      send_command('disarm') ignored — port not open
2026-07-07 12:03:17,250  WARNING  PortentaReader      send_command('disarm') ignored — port not open
2026-07-07 12:03:17,312  WARNING  PortentaReader      send_command('disarm') ignored — port not open
2026-07-07 12:03:17,373  WARNING  PortentaReader      send_command('disarm') ignored — port not open
2026-07-07 12:03:17,435  WARNING  PortentaReader      send_command('disarm') ignored — port not open
2026-07-07 12:03:17,498  WARNING  PortentaReader      send_command('disarm') ignored — port not open
2026-07-07 12:03:17,574  WARNING  PortentaReader      send_command('disarm') ignored — port not open
2026-07-07 12:03:17,636  WARNING  PortentaReader      send_command('disarm') ignored — port not open
2026-07-07 12:03:17,697  WARNING  PortentaReader      send_command('disarm') ignored — port not open
2026-07-07 12:03:17,759  WARNING  PortentaReader      send_command('disarm') ignored — port not open
2026-07-07 12:03:17,820  WARNING  PortentaReader      send_command('disarm') ignored — port not open
2026-07-07 12:03:17,883  WARNING  PortentaReader      send_command('disarm') ignored — port not open
2026-07-07 12:03:17,945  WARNING  PortentaReader      send_command('disarm') ignored — port not open
2026-07-07 12:03:18,008  WARNING  PortentaReader      send_command('disarm') ignored — port not open
2026-07-07 12:03:18,070  WARNING  PortentaReader      send_command('disarm') ignored — port not open
2026-07-07 12:03:18,131  WARNING  PortentaReader      send_command('disarm') ignored — port not open
2026-07-07 12:03:18,194  WARNING  PortentaReader      send_command('disarm') ignored — port not open
2026-07-07 12:03:18,256  WARNING  PortentaReader      send_command('disarm') ignored — port not open
2026-07-07 12:03:18,316  WARNING  PortentaReader      send_command('disarm') ignored — port not open
2026-07-07 12:03:18,378  WARNING  PortentaReader      send_command('disarm') ignored — port not open
2026-07-07 12:03:18,441  WARNING  PortentaReader      send_command('disarm') ignored — port not open
2026-07-07 12:03:18,504  WARNING  PortentaReader      send_command('disarm') ignored — port not open
2026-07-07 12:03:18,565  WARNING  PortentaReader      send_command('disarm') ignored — port not open
2026-07-07 12:03:18,627  WARNING  PortentaReader      send_command('disarm') ignored — port not open
2026-07-07 12:03:18,689  WARNING  PortentaReader      send_command('disarm') ignored — port not open
2026-07-07 12:03:18,751  WARNING  PortentaReader      send_command('disarm') ignored — port not open
2026-07-07 12:03:18,812  WARNING  PortentaReader      send_command('disarm') ignored — port not open
2026-07-07 12:03:18,872  WARNING  PortentaReader      send_command('disarm') ignored — port not open
2026-07-07 12:03:18,934  WARNING  PortentaReader      send_command('disarm') ignored — port not open
2026-07-07 12:03:19,012  WARNING  PortentaReader      send_command('disarm') ignored — port not open
2026-07-07 12:03:19,073  WARNING  PortentaReader      send_command('disarm') ignored — port not open
2026-07-07 12:03:19,130  WARNING  PortentaReader      send_command('disarm') ignored — port not open
2026-07-07 12:03:19,198  WARNING  PortentaReader      send_command('disarm') ignored — port not open
2026-07-07 12:03:19,261  WARNING  PortentaReader      send_command('disarm') ignored — port not open
2026-07-07 12:03:19,324  WARNING  PortentaReader      send_command('disarm') ignored — port not open
2026-07-07 12:03:19,385  WARNING  PortentaReader      send_command('disarm') ignored — port not open
2026-07-07 12:03:19,446  WARNING  PortentaReader      send_command('disarm') ignored — port not open
2026-07-07 12:03:19,509  WARNING  PortentaReader      send_command('disarm') ignored — port not open
2026-07-07 12:03:19,571  WARNING  PortentaReader      send_command('disarm') ignored — port not open
2026-07-07 12:03:19,632  WARNING  PortentaReader      send_command('disarm') ignored — port not open
2026-07-07 12:03:19,693  WARNING  PortentaReader      send_command('disarm') ignored — port not open
2026-07-07 12:03:19,757  WARNING  PortentaReader      send_command('disarm') ignored — port not open
2026-07-07 12:03:19,818  WARNING  PortentaReader      send_command('disarm') ignored — port not open
2026-07-07 12:03:19,880  WARNING  PortentaReader      send_command('disarm') ignored — port not open
2026-07-07 12:03:19,942  WARNING  PortentaReader      send_command('disarm') ignored — port not open
2026-07-07 12:03:20,004  WARNING  PortentaReader      send_command('disarm') ignored — port not open
2026-07-07 12:03:20,066  WARNING  PortentaReader      send_command('disarm') ignored — port not open
2026-07-07 12:03:20,128  WARNING  PortentaReader      send_command('disarm') ignored — port not open
2026-07-07 12:03:20,190  WARNING  PortentaReader      send_command('disarm') ignored — port not open
2026-07-07 12:03:20,251  WARNING  PortentaReader      send_command('disarm') ignored — port not open
2026-07-07 12:03:20,312  WARNING  PortentaReader      send_command('disarm') ignored — port not open
2026-07-07 12:03:20,375  WARNING  PortentaReader      send_command('disarm') ignored — port not open
2026-07-07 12:03:20,436  WARNING  PortentaReader      send_command('disarm') ignored — port not open
2026-07-07 12:03:20,500  WARNING  PortentaReader      send_command('disarm') ignored — port not open
2026-07-07 12:03:20,561  WARNING  PortentaReader      send_command('disarm') ignored — port not open
2026-07-07 12:03:20,622  WARNING  PortentaReader      send_command('disarm') ignored — port not open
2026-07-07 12:03:20,685  WARNING  PortentaReader      send_command('disarm') ignored — port not open
2026-07-07 12:03:20,762  WARNING  PortentaReader      send_command('disarm') ignored — port not open
2026-07-07 12:03:20,824  WARNING  PortentaReader      send_command('disarm') ignored — port not open
2026-07-07 12:03:20,885  WARNING  PortentaReader      send_command('disarm') ignored — port not open
2026-07-07 12:03:20,947  WARNING  PortentaReader      send_command('disarm') ignored — port not open
2026-07-07 12:03:21,009  WARNING  PortentaReader      send_command('disarm') ignored — port not open
2026-07-07 12:03:21,071  WARNING  PortentaReader      send_command('disarm') ignored — port not open
2026-07-07 12:03:21,133  WARNING  PortentaReader      send_command('disarm') ignored — port not open
2026-07-07 12:03:21,196  WARNING  PortentaReader      send_command('disarm') ignored — port not open
2026-07-07 12:03:21,258  WARNING  PortentaReader      send_command('disarm') ignored — port not open
2026-07-07 12:03:21,321  WARNING  PortentaReader      send_command('disarm') ignored — port not open
2026-07-07 12:03:21,383  WARNING  PortentaReader      send_command('disarm') ignored — port not open
2026-07-07 12:03:21,445  WARNING  PortentaReader      send_command('disarm') ignored — port not open
2026-07-07 12:03:21,508  WARNING  PortentaReader      send_command('disarm') ignored — port not open
2026-07-07 12:03:21,570  WARNING  PortentaReader      send_command('disarm') ignored — port not open
2026-07-07 12:03:21,632  WARNING  PortentaReader      send_command('disarm') ignored — port not open
2026-07-07 12:03:21,695  WARNING  PortentaReader      send_command('disarm') ignored — port not open
2026-07-07 12:03:21,756  WARNING  PortentaReader      send_command('disarm') ignored — port not open
2026-07-07 12:03:21,818  WARNING  PortentaReader      send_command('disarm') ignored — port not open
2026-07-07 12:03:21,880  WARNING  PortentaReader      send_command('disarm') ignored — port not open
2026-07-07 12:03:21,942  WARNING  PortentaReader      send_command('disarm') ignored — port not open
2026-07-07 12:03:22,004  WARNING  PortentaReader      send_command('disarm') ignored — port not open
2026-07-07 12:03:22,066  WARNING  PortentaReader      send_command('disarm') ignored — port not open
2026-07-07 12:03:22,129  WARNING  PortentaReader      send_command('disarm') ignored — port not open
2026-07-07 12:03:22,191  WARNING  PortentaReader      send_command('disarm') ignored — port not open
2026-07-07 12:03:22,252  WARNING  PortentaReader      send_command('disarm') ignored — port not open
2026-07-07 12:03:22,314  WARNING  PortentaReader      send_command('disarm') ignored — port not open
2026-07-07 12:03:22,376  WARNING  PortentaReader      send_command('disarm') ignored — port not open
2026-07-07 12:03:22,437  WARNING  PortentaReader      send_command('disarm') ignored — port not open
2026-07-07 12:03:22,499  WARNING  PortentaReader      send_command('disarm') ignored — port not open
2026-07-07 12:03:22,560  WARNING  PortentaReader      send_command('disarm') ignored — port not open
2026-07-07 12:03:22,623  WARNING  PortentaReader      send_command('disarm') ignored — port not open
2026-07-07 12:03:22,685  WARNING  PortentaReader      send_command('disarm') ignored — port not open
2026-07-07 12:03:22,761  WARNING  PortentaReader      send_command('disarm') ignored — port not open
2026-07-07 12:03:22,825  WARNING  PortentaReader      send_command('disarm') ignored — port not open
2026-07-07 12:03:22,887  WARNING  PortentaReader      send_command('disarm') ignored — port not open
2026-07-07 12:03:22,948  WARNING  PortentaReader      send_command('disarm') ignored — port not open
2026-07-07 12:03:22,998  WARNING  PortentaReader      send_command('disarm') ignored — port not open
2026-07-07 12:03:23,073  WARNING  PortentaReader      send_command('disarm') ignored — port not open
2026-07-07 12:03:23,136  WARNING  PortentaReader      send_command('disarm') ignored — port not open
2026-07-07 12:03:23,197  WARNING  PortentaReader      send_command('disarm') ignored — port not open
2026-07-07 12:03:23,259  WARNING  PortentaReader      send_command('disarm') ignored — port not open
2026-07-07 12:03:23,321  WARNING  PortentaReader      send_command('disarm') ignored — port not open
2026-07-07 12:03:23,382  WARNING  PortentaReader      send_command('disarm') ignored — port not open
2026-07-07 12:03:23,443  WARNING  PortentaReader      send_command('disarm') ignored — port not open
2026-07-07 12:03:23,506  WARNING  PortentaReader      send_command('disarm') ignored — port not open
2026-07-07 12:03:23,568  WARNING  PortentaReader      send_command('disarm') ignored — port not open
2026-07-07 12:03:23,630  WARNING  PortentaReader      send_command('disarm') ignored — port not open
2026-07-07 12:03:23,692  WARNING  PortentaReader      send_command('disarm') ignored — port not open
2026-07-07 12:03:23,754  WARNING  PortentaReader      send_command('disarm') ignored — port not open
2026-07-07 12:03:23,816  WARNING  PortentaReader      send_command('disarm') ignored — port not open
2026-07-07 12:03:23,878  WARNING  PortentaReader      send_command('disarm') ignored — port not open
2026-07-07 12:03:23,940  WARNING  PortentaReader      send_command('disarm') ignored — port not open
2026-07-07 12:03:24,002  WARNING  PortentaReader      send_command('disarm') ignored — port not open
2026-07-07 12:03:24,064  WARNING  PortentaReader      send_command('disarm') ignored — port not open
2026-07-07 12:03:24,127  WARNING  PortentaReader      send_command('disarm') ignored — port not open
2026-07-07 12:03:24,189  WARNING  PortentaReader      send_command('disarm') ignored — port not open
2026-07-07 12:03:24,249  WARNING  PortentaReader      send_command('disarm') ignored — port not open
2026-07-07 12:03:24,310  WARNING  PortentaReader      send_command('disarm') ignored — port not open
2026-07-07 12:03:24,373  WARNING  PortentaReader      send_command('disarm') ignored — port not open
2026-07-07 12:03:24,436  WARNING  PortentaReader      send_command('disarm') ignored — port not open
2026-07-07 12:03:24,498  WARNING  PortentaReader      send_command('disarm') ignored — port not open
2026-07-07 12:03:24,560  WARNING  PortentaReader      send_command('disarm') ignored — port not open
2026-07-07 12:03:24,623  WARNING  PortentaReader      send_command('disarm') ignored — port not open
2026-07-07 12:03:24,685  WARNING  PortentaReader      send_command('disarm') ignored — port not open
2026-07-07 12:03:24,763  WARNING  PortentaReader      send_command('disarm') ignored — port not open
2026-07-07 12:03:24,824  WARNING  PortentaReader      send_command('disarm') ignored — port not open
2026-07-07 12:03:24,887  WARNING  PortentaReader      send_command('disarm') ignored — port not open
2026-07-07 12:03:24,948  WARNING  PortentaReader      send_command('disarm') ignored — port not open
2026-07-07 12:03:25,011  WARNING  PortentaReader      send_command('disarm') ignored — port not open
2026-07-07 12:03:25,074  WARNING  PortentaReader      send_command('disarm') ignored — port not open
2026-07-07 12:03:25,135  WARNING  PortentaReader      send_command('disarm') ignored — port not open
2026-07-07 12:03:25,198  WARNING  PortentaReader      send_command('disarm') ignored — port not open
2026-07-07 12:03:25,259  WARNING  PortentaReader      send_command('disarm') ignored — port not open
2026-07-07 12:03:25,322  WARNING  PortentaReader      send_command('disarm') ignored — port not open
2026-07-07 12:03:25,383  WARNING  PortentaReader      send_command('disarm') ignored — port not open
2026-07-07 12:03:25,444  WARNING  PortentaReader      send_command('disarm') ignored — port not open
2026-07-07 12:03:25,507  WARNING  PortentaReader      send_command('disarm') ignored — port not open
2026-07-07 12:03:25,570  WARNING  PortentaReader      send_command('disarm') ignored — port not open
2026-07-07 12:03:25,632  WARNING  PortentaReader      send_command('disarm') ignored — port not open
2026-07-07 12:03:25,694  WARNING  PortentaReader      send_command('disarm') ignored — port not open
2026-07-07 12:03:25,757  WARNING  PortentaReader      send_command('disarm') ignored — port not open
2026-07-07 12:03:25,819  WARNING  PortentaReader      send_command('disarm') ignored — port not open
2026-07-07 12:03:25,882  WARNING  PortentaReader      send_command('disarm') ignored — port not open
2026-07-07 12:03:25,943  WARNING  PortentaReader      send_command('disarm') ignored — port not open
2026-07-07 12:03:26,007  WARNING  PortentaReader      send_command('disarm') ignored — port not open
2026-07-07 12:03:26,069  WARNING  PortentaReader      send_command('disarm') ignored — port not open
2026-07-07 12:03:26,131  WARNING  PortentaReader      send_command('disarm') ignored — port not open
2026-07-07 12:03:26,193  WARNING  PortentaReader      send_command('disarm') ignored — port not open
2026-07-07 12:03:26,254  WARNING  PortentaReader      send_command('disarm') ignored — port not open
2026-07-07 12:03:26,315  WARNING  PortentaReader      send_command('disarm') ignored — port not open
2026-07-07 12:03:26,378  WARNING  PortentaReader      send_command('disarm') ignored — port not open
2026-07-07 12:03:26,440  WARNING  PortentaReader      send_command('disarm') ignored — port not open
2026-07-07 12:03:26,503  WARNING  PortentaReader      send_command('disarm') ignored — port not open
2026-07-07 12:03:26,565  WARNING  PortentaReader      send_command('disarm') ignored — port not open
2026-07-07 12:03:26,627  WARNING  PortentaReader      send_command('disarm') ignored — port not open
2026-07-07 12:03:26,688  WARNING  PortentaReader      send_command('disarm') ignored — port not open
2026-07-07 12:03:26,751  WARNING  PortentaReader      send_command('disarm') ignored — port not open
2026-07-07 12:03:26,813  WARNING  PortentaReader      send_command('disarm') ignored — port not open
2026-07-07 12:03:26,876  WARNING  PortentaReader      send_command('disarm') ignored — port not open
2026-07-07 12:03:26,938  WARNING  PortentaReader      send_command('disarm') ignored — port not open
2026-07-07 12:03:27,000  WARNING  PortentaReader      send_command('disarm') ignored — port not open
2026-07-07 12:03:27,062  WARNING  PortentaReader      send_command('disarm') ignored — port not open
2026-07-07 12:03:27,125  WARNING  PortentaReader      send_command('disarm') ignored — port not open
2026-07-07 12:03:27,188  WARNING  PortentaReader      send_command('disarm') ignored — port not open
2026-07-07 12:03:27,250  WARNING  PortentaReader      send_command('disarm') ignored — port not open
2026-07-07 12:03:27,311  WARNING  PortentaReader      send_command('disarm') ignored — port not open
2026-07-07 12:03:27,373  WARNING  PortentaReader      send_command('disarm') ignored — port not open
2026-07-07 12:03:27,434  WARNING  PortentaReader      send_command('disarm') ignored — port not open
2026-07-07 12:03:27,512  WARNING  PortentaReader      send_command('disarm') ignored — port not open
2026-07-07 12:03:27,574  WARNING  PortentaReader      send_command('disarm') ignored — port not open
2026-07-07 12:03:27,635  WARNING  PortentaReader      send_command('disarm') ignored — port not open
2026-07-07 12:03:27,696  WARNING  PortentaReader      send_command('disarm') ignored — port not open
2026-07-07 12:03:27,758  WARNING  PortentaReader      send_command('disarm') ignored — port not open
2026-07-07 12:03:27,819  WARNING  PortentaReader      send_command('disarm') ignored — port not open
2026-07-07 12:03:27,882  WARNING  PortentaReader      send_command('disarm') ignored — port not open
2026-07-07 12:03:27,944  WARNING  PortentaReader      send_command('disarm') ignored — port not open
2026-07-07 12:03:28,007  WARNING  PortentaReader      send_command('disarm') ignored — port not open
2026-07-07 12:03:28,068  WARNING  PortentaReader      send_command('disarm') ignored — port not open
2026-07-07 12:03:28,130  WARNING  PortentaReader      send_command('disarm') ignored — port not open
2026-07-07 12:03:28,192  WARNING  PortentaReader      send_command('disarm') ignored — port not open
2026-07-07 12:03:28,253  WARNING  PortentaReader      send_command('disarm') ignored — port not open
2026-07-07 12:03:28,316  WARNING  PortentaReader      send_command('disarm') ignored — port not open
2026-07-07 12:03:28,377  WARNING  PortentaReader      send_command('disarm') ignored — port not open
2026-07-07 12:03:28,439  WARNING  PortentaReader      send_command('disarm') ignored — port not open
2026-07-07 12:03:28,500  WARNING  PortentaReader      send_command('disarm') ignored — port not open
2026-07-07 12:03:28,563  WARNING  PortentaReader      send_command('disarm') ignored — port not open
2026-07-07 12:03:28,624  WARNING  PortentaReader      send_command('disarm') ignored — port not open
2026-07-07 12:03:28,685  WARNING  PortentaReader      send_command('disarm') ignored — port not open
2026-07-07 12:03:28,761  WARNING  PortentaReader      send_command('disarm') ignored — port not open
2026-07-07 12:03:28,823  WARNING  PortentaReader      send_command('disarm') ignored — port not open
2026-07-07 12:03:28,884  WARNING  PortentaReader      send_command('disarm') ignored — port not open
2026-07-07 12:03:28,946  WARNING  PortentaReader      send_command('disarm') ignored — port not open
2026-07-07 12:03:29,009  WARNING  PortentaReader      send_command('disarm') ignored — port not open
2026-07-07 12:03:29,070  WARNING  PortentaReader      send_command('disarm') ignored — port not open
2026-07-07 12:03:29,132  WARNING  PortentaReader      send_command('disarm') ignored — port not open
2026-07-07 12:03:29,194  WARNING  PortentaReader      send_command('disarm') ignored — port not open
2026-07-07 12:03:29,256  WARNING  PortentaReader      send_command('disarm') ignored — port not open
2026-07-07 12:03:29,317  WARNING  PortentaReader      send_command('disarm') ignored — port not open
2026-07-07 12:03:29,379  WARNING  PortentaReader      send_command('disarm') ignored — port not open
2026-07-07 12:03:29,442  WARNING  PortentaReader      send_command('disarm') ignored — port not open
2026-07-07 12:03:29,504  WARNING  PortentaReader      send_command('disarm') ignored — port not open
2026-07-07 12:03:29,565  WARNING  PortentaReader      send_command('disarm') ignored — port not open
2026-07-07 12:03:29,628  WARNING  PortentaReader      send_command('disarm') ignored — port not open
2026-07-07 12:03:29,689  WARNING  PortentaReader      send_command('disarm') ignored — port not open
2026-07-07 12:03:29,751  WARNING  PortentaReader      send_command('disarm') ignored — port not open
2026-07-07 12:03:29,813  WARNING  PortentaReader      send_command('disarm') ignored — port not open
2026-07-07 12:03:29,876  WARNING  PortentaReader      send_command('disarm') ignored — port not open
2026-07-07 12:03:29,938  WARNING  PortentaReader      send_command('disarm') ignored — port not open
2026-07-07 12:03:30,001  WARNING  PortentaReader      send_command('disarm') ignored — port not open
2026-07-07 12:03:30,063  WARNING  PortentaReader      send_command('disarm') ignored — port not open
2026-07-07 12:03:30,124  WARNING  PortentaReader      send_command('disarm') ignored — port not open
2026-07-07 12:03:30,187  WARNING  PortentaReader      send_command('disarm') ignored — port not open
2026-07-07 12:03:30,250  WARNING  PortentaReader      send_command('disarm') ignored — port not open
2026-07-07 12:03:30,311  WARNING  PortentaReader      send_command('disarm') ignored — port not open
2026-07-07 12:03:30,374  WARNING  PortentaReader      send_command('disarm') ignored — port not open
2026-07-07 12:03:30,436  WARNING  PortentaReader      send_command('disarm') ignored — port not open
2026-07-07 12:03:30,512  WARNING  PortentaReader      send_command('disarm') ignored — port not open
2026-07-07 12:03:30,575  WARNING  PortentaReader      send_command('disarm') ignored — port not open
2026-07-07 12:03:30,636  WARNING  PortentaReader      send_command('disarm') ignored — port not open
2026-07-07 12:03:30,698  WARNING  PortentaReader      send_command('disarm') ignored — port not open
2026-07-07 12:03:30,762  WARNING  PortentaReader      send_command('disarm') ignored — port not open
2026-07-07 12:03:30,824  WARNING  PortentaReader      send_command('disarm') ignored — port not open
2026-07-07 12:03:30,886  WARNING  PortentaReader      send_command('disarm') ignored — port not open
2026-07-07 12:03:30,948  WARNING  PortentaReader      send_command('disarm') ignored — port not open
2026-07-07 12:03:31,011  WARNING  PortentaReader      send_command('disarm') ignored — port not open
2026-07-07 12:03:31,073  WARNING  PortentaReader      send_command('disarm') ignored — port not open
2026-07-07 12:03:31,135  WARNING  PortentaReader      send_command('disarm') ignored — port not open
2026-07-07 12:03:31,197  WARNING  PortentaReader      send_command('disarm') ignored — port not open
2026-07-07 12:03:31,258  WARNING  PortentaReader      send_command('disarm') ignored — port not open
2026-07-07 12:03:31,321  WARNING  PortentaReader      send_command('disarm') ignored — port not open
2026-07-07 12:03:31,383  WARNING  PortentaReader      send_command('disarm') ignored — port not open
2026-07-07 12:03:31,445  WARNING  PortentaReader      send_command('disarm') ignored — port not open
2026-07-07 12:03:31,507  WARNING  PortentaReader      send_command('disarm') ignored — port not open
2026-07-07 12:03:31,568  WARNING  PortentaReader      send_command('disarm') ignored — port not open
2026-07-07 12:03:31,630  WARNING  PortentaReader      send_command('disarm') ignored — port not open
2026-07-07 12:03:31,693  WARNING  PortentaReader      send_command('disarm') ignored — port not open
2026-07-07 12:03:31,755  WARNING  PortentaReader      send_command('disarm') ignored — port not open
2026-07-07 12:03:31,817  WARNING  PortentaReader      send_command('disarm') ignored — port not open
2026-07-07 12:03:31,879  WARNING  PortentaReader      send_command('disarm') ignored — port not open
2026-07-07 12:03:31,940  WARNING  PortentaReader      send_command('disarm') ignored — port not open
2026-07-07 12:03:32,002  WARNING  PortentaReader      send_command('disarm') ignored — port not open
2026-07-07 12:03:32,064  WARNING  PortentaReader      send_command('disarm') ignored — port not open
2026-07-07 12:03:32,126  WARNING  PortentaReader      send_command('disarm') ignored — port not open
2026-07-07 12:03:32,188  WARNING  PortentaReader      send_command('disarm') ignored — port not open
2026-07-07 12:03:32,251  WARNING  PortentaReader      send_command('disarm') ignored — port not open
2026-07-07 12:03:32,312  WARNING  PortentaReader      send_command('disarm') ignored — port not open
2026-07-07 12:03:32,375  WARNING  PortentaReader      send_command('disarm') ignored — port not open
2026-07-07 12:03:32,437  WARNING  PortentaReader      send_command('disarm') ignored — port not open
2026-07-07 12:03:32,500  WARNING  PortentaReader      send_command('disarm') ignored — port not open
2026-07-07 12:03:32,562  WARNING  PortentaReader      send_command('disarm') ignored — port not open
2026-07-07 12:03:32,624  WARNING  PortentaReader      send_command('disarm') ignored — port not open
2026-07-07 12:03:32,686  WARNING  PortentaReader      send_command('disarm') ignored — port not open
2026-07-07 12:03:32,748  WARNING  PortentaReader      send_command('disarm') ignored — port not open
2026-07-07 12:03:32,812  WARNING  PortentaReader      send_command('disarm') ignored — port not open
2026-07-07 12:03:32,873  WARNING  PortentaReader      send_command('disarm') ignored — port not open
2026-07-07 12:03:32,936  WARNING  PortentaReader      send_command('disarm') ignored — port not open
2026-07-07 12:03:32,998  WARNING  PortentaReader      send_command('disarm') ignored — port not open
2026-07-07 12:03:33,074  WARNING  PortentaReader      send_command('disarm') ignored — port not open
2026-07-07 12:03:33,134  WARNING  PortentaReader      send_command('disarm') ignored — port not open
2026-07-07 12:03:33,199  WARNING  PortentaReader      send_command('disarm') ignored — port not open
2026-07-07 12:03:33,260  WARNING  PortentaReader      send_command('disarm') ignored — port not open
2026-07-07 12:03:33,323  WARNING  PortentaReader      send_command('disarm') ignored — port not open
2026-07-07 12:03:33,384  WARNING  PortentaReader      send_command('disarm') ignored — port not open
2026-07-07 12:03:33,448  WARNING  PortentaReader      send_command('disarm') ignored — port not open
2026-07-07 12:03:33,510  WARNING  PortentaReader      send_command('disarm') ignored — port not open
2026-07-07 12:03:33,572  WARNING  PortentaReader      send_command('disarm') ignored — port not open
2026-07-07 12:03:33,634  WARNING  PortentaReader      send_command('disarm') ignored — port not open
2026-07-07 12:03:33,696  WARNING  PortentaReader      send_command('disarm') ignored — port not open
2026-07-07 12:03:33,758  WARNING  PortentaReader      send_command('disarm') ignored — port not open
2026-07-07 12:03:33,819  WARNING  PortentaReader      send_command('disarm') ignored — port not open
2026-07-07 12:03:33,881  WARNING  PortentaReader      send_command('disarm') ignored — port not open
2026-07-07 12:03:33,944  WARNING  PortentaReader      send_command('disarm') ignored — port not open
2026-07-07 12:03:34,007  WARNING  PortentaReader      send_command('disarm') ignored — port not open
2026-07-07 12:03:34,069  WARNING  PortentaReader      send_command('disarm') ignored — port not open
2026-07-07 12:03:34,132  WARNING  PortentaReader      send_command('disarm') ignored — port not open
2026-07-07 12:03:34,193  WARNING  PortentaReader      send_command('disarm') ignored — port not open
2026-07-07 12:03:34,255  WARNING  PortentaReader      send_command('disarm') ignored — port not open
2026-07-07 12:03:34,316  WARNING  PortentaReader      send_command('disarm') ignored — port not open
2026-07-07 12:03:34,379  WARNING  PortentaReader      send_command('disarm') ignored — port not open
2026-07-07 12:03:34,441  WARNING  PortentaReader      send_command('disarm') ignored — port not open
2026-07-07 12:03:34,502  WARNING  PortentaReader      send_command('disarm') ignored — port not open
2026-07-07 12:03:34,565  WARNING  PortentaReader      send_command('disarm') ignored — port not open
2026-07-07 12:03:34,627  WARNING  PortentaReader      send_command('disarm') ignored — port not open
2026-07-07 12:03:34,688  WARNING  PortentaReader      send_command('disarm') ignored — port not open
2026-07-07 12:03:34,749  WARNING  PortentaReader      send_command('disarm') ignored — port not open
2026-07-07 12:03:34,812  WARNING  PortentaReader      send_command('disarm') ignored — port not open
2026-07-07 12:03:34,873  WARNING  PortentaReader      send_command('disarm') ignored — port not open
2026-07-07 12:03:34,936  WARNING  PortentaReader      send_command('disarm') ignored — port not open
2026-07-07 12:03:34,997  WARNING  PortentaReader      send_command('disarm') ignored — port not open
2026-07-07 12:03:35,075  WARNING  PortentaReader      send_command('disarm') ignored — port not open
2026-07-07 12:03:35,131  WARNING  PortentaReader      send_command('disarm') ignored — port not open
2026-07-07 12:03:35,200  WARNING  PortentaReader      send_command('disarm') ignored — port not open
2026-07-07 12:03:35,263  WARNING  PortentaReader      send_command('disarm') ignored — port not open
2026-07-07 12:03:35,340  WARNING  PortentaReader      send_command('disarm') ignored — port not open
2026-07-07 12:03:35,402  WARNING  PortentaReader      send_command('disarm') ignored — port not open
2026-07-07 12:03:35,463  WARNING  PortentaReader      send_command('disarm') ignored — port not open
2026-07-07 12:03:35,525  WARNING  PortentaReader      send_command('disarm') ignored — port not open
2026-07-07 12:03:35,587  WARNING  PortentaReader      send_command('disarm') ignored — port not open
2026-07-07 12:03:35,648  WARNING  PortentaReader      send_command('disarm') ignored — port not open
2026-07-07 12:03:35,711  WARNING  PortentaReader      send_command('disarm') ignored — port not open
2026-07-07 12:03:35,773  WARNING  PortentaReader      send_command('disarm') ignored — port not open
2026-07-07 12:03:35,835  WARNING  PortentaReader      send_command('disarm') ignored — port not open
2026-07-07 12:03:35,896  WARNING  PortentaReader      send_command('disarm') ignored — port not open
2026-07-07 12:03:35,958  WARNING  PortentaReader      send_command('disarm') ignored — port not open
2026-07-07 12:03:36,020  WARNING  PortentaReader      send_command('disarm') ignored — port not open
2026-07-07 12:03:36,083  WARNING  PortentaReader      send_command('disarm') ignored — port not open
2026-07-07 12:03:36,138  WARNING  PortentaReader      send_command('disarm') ignored — port not open
2026-07-07 12:03:36,207  WARNING  PortentaReader      send_command('disarm') ignored — port not open
2026-07-07 12:03:36,269  WARNING  PortentaReader      send_command('disarm') ignored — port not open
2026-07-07 12:03:36,332  WARNING  PortentaReader      send_command('disarm') ignored — port not open
2026-07-07 12:03:36,394  WARNING  PortentaReader      send_command('disarm') ignored — port not open
2026-07-07 12:03:36,457  WARNING  PortentaReader      send_command('disarm') ignored — port not open
2026-07-07 12:03:36,519  WARNING  PortentaReader      send_command('disarm') ignored — port not open
2026-07-07 12:03:36,580  WARNING  PortentaReader      send_command('disarm') ignored — port not open
2026-07-07 12:03:36,642  WARNING  PortentaReader      send_command('disarm') ignored — port not open
2026-07-07 12:03:36,704  WARNING  PortentaReader      send_command('disarm') ignored — port not open
2026-07-07 12:03:36,766  WARNING  PortentaReader      send_command('disarm') ignored — port not open
2026-07-07 12:03:36,827  WARNING  PortentaReader      send_command('disarm') ignored — port not open
2026-07-07 12:03:36,890  WARNING  PortentaReader      send_command('disarm') ignored — port not open
2026-07-07 12:03:36,952  WARNING  PortentaReader      send_command('disarm') ignored — port not open
2026-07-07 12:03:37,013  WARNING  PortentaReader      send_command('disarm') ignored — port not open
2026-07-07 12:03:37,076  WARNING  PortentaReader      send_command('disarm') ignored — port not open
2026-07-07 12:03:37,138  WARNING  PortentaReader      send_command('disarm') ignored — port not open
2026-07-07 12:03:37,200  WARNING  PortentaReader      send_command('disarm') ignored — port not open
2026-07-07 12:03:37,277  WARNING  PortentaReader      send_command('disarm') ignored — port not open
2026-07-07 12:03:37,340  WARNING  PortentaReader      send_command('disarm') ignored — port not open
2026-07-07 12:03:37,403  WARNING  PortentaReader      send_command('disarm') ignored — port not open
2026-07-07 12:03:37,464  WARNING  PortentaReader      send_command('disarm') ignored — port not open
2026-07-07 12:03:37,527  WARNING  PortentaReader      send_command('disarm') ignored — port not open
2026-07-07 12:03:37,589  WARNING  PortentaReader      send_command('disarm') ignored — port not open
2026-07-07 12:03:37,651  WARNING  PortentaReader      send_command('disarm') ignored — port not open
2026-07-07 12:03:37,712  WARNING  PortentaReader      send_command('disarm') ignored — port not open
2026-07-07 12:03:37,775  WARNING  PortentaReader      send_command('disarm') ignored — port not open
2026-07-07 12:03:37,836  WARNING  PortentaReader      send_command('disarm') ignored — port not open
2026-07-07 12:03:37,898  WARNING  PortentaReader      send_command('disarm') ignored — port not open
2026-07-07 12:03:37,960  WARNING  PortentaReader      send_command('disarm') ignored — port not open
2026-07-07 12:03:38,022  WARNING  PortentaReader      send_command('disarm') ignored — port not open
2026-07-07 12:03:38,085  WARNING  PortentaReader      send_command('disarm') ignored — port not open
2026-07-07 12:03:38,139  WARNING  PortentaReader      send_command('disarm') ignored — port not open
2026-07-07 12:03:38,206  WARNING  PortentaReader      send_command('disarm') ignored — port not open
2026-07-07 12:03:38,267  WARNING  PortentaReader      send_command('disarm') ignored — port not open
2026-07-07 12:03:38,329  WARNING  PortentaReader      send_command('disarm') ignored — port not open
2026-07-07 12:03:38,391  WARNING  PortentaReader      send_command('disarm') ignored — port not open
2026-07-07 12:03:38,452  WARNING  PortentaReader      send_command('disarm') ignored — port not open
2026-07-07 12:03:38,513  WARNING  PortentaReader      send_command('disarm') ignored — port not open
2026-07-07 12:03:38,591  WARNING  PortentaReader      send_command('disarm') ignored — port not open
2026-07-07 12:03:38,652  WARNING  PortentaReader      send_command('disarm') ignored — port not open
2026-07-07 12:03:38,715  WARNING  PortentaReader      send_command('disarm') ignored — port not open
2026-07-07 12:03:38,778  WARNING  PortentaReader      send_command('disarm') ignored — port not open
2026-07-07 12:03:38,838  WARNING  PortentaReader      send_command('disarm') ignored — port not open
2026-07-07 12:03:38,901  WARNING  PortentaReader      send_command('disarm') ignored — port not open
2026-07-07 12:03:38,963  WARNING  PortentaReader      send_command('disarm') ignored — port not open
2026-07-07 12:03:39,024  WARNING  PortentaReader      send_command('disarm') ignored — port not open
2026-07-07 12:03:39,087  WARNING  PortentaReader      send_command('disarm') ignored — port not open
2026-07-07 12:03:39,143  WARNING  PortentaReader      send_command('disarm') ignored — port not open
2026-07-07 12:03:39,211  WARNING  PortentaReader      send_command('disarm') ignored — port not open
2026-07-07 12:03:39,271  WARNING  PortentaReader      send_command('disarm') ignored — port not open
2026-07-07 12:03:39,333  WARNING  PortentaReader      send_command('disarm') ignored — port not open
2026-07-07 12:03:39,396  WARNING  PortentaReader      send_command('disarm') ignored — port not open
2026-07-07 12:03:39,459  WARNING  PortentaReader      send_command('disarm') ignored — port not open
2026-07-07 12:03:39,521  WARNING  PortentaReader      send_command('disarm') ignored — port not open
2026-07-07 12:03:39,583  WARNING  PortentaReader      send_command('disarm') ignored — port not open
2026-07-07 12:03:39,645  WARNING  PortentaReader      send_command('disarm') ignored — port not open
2026-07-07 12:03:39,708  WARNING  PortentaReader      send_command('disarm') ignored — port not open
2026-07-07 12:03:39,769  WARNING  PortentaReader      send_command('disarm') ignored — port not open
2026-07-07 12:03:39,831  WARNING  PortentaReader      send_command('disarm') ignored — port not open
2026-07-07 12:03:39,893  WARNING  PortentaReader      send_command('disarm') ignored — port not open
2026-07-07 12:03:39,955  WARNING  PortentaReader      send_command('disarm') ignored — port not open
2026-07-07 12:03:40,017  WARNING  PortentaReader      send_command('disarm') ignored — port not open
2026-07-07 12:03:40,079  WARNING  PortentaReader      send_command('disarm') ignored — port not open
2026-07-07 12:03:40,142  WARNING  PortentaReader      send_command('disarm') ignored — port not open
2026-07-07 12:03:40,204  WARNING  PortentaReader      send_command('disarm') ignored — port not open
2026-07-07 12:03:40,265  WARNING  PortentaReader      send_command('disarm') ignored — port not open
2026-07-07 12:03:40,329  WARNING  PortentaReader      send_command('disarm') ignored — port not open
2026-07-07 12:03:40,391  WARNING  PortentaReader      send_command('disarm') ignored — port not open
2026-07-07 12:03:40,453  WARNING  PortentaReader      send_command('disarm') ignored — port not open
2026-07-07 12:03:40,515  WARNING  PortentaReader      send_command('disarm') ignored — port not open
2026-07-07 12:03:40,576  WARNING  PortentaReader      send_command('disarm') ignored — port not open
2026-07-07 12:03:40,639  WARNING  PortentaReader      send_command('disarm') ignored — port not open
2026-07-07 12:03:40,701  WARNING  PortentaReader      send_command('disarm') ignored — port not open
2026-07-07 12:03:40,763  WARNING  PortentaReader      send_command('disarm') ignored — port not open
2026-07-07 12:03:40,839  WARNING  PortentaReader      send_command('disarm') ignored — port not open
2026-07-07 12:03:40,901  WARNING  PortentaReader      send_command('disarm') ignored — port not open
2026-07-07 12:03:40,963  WARNING  PortentaReader      send_command('disarm') ignored — port not open
2026-07-07 12:03:41,025  WARNING  PortentaReader      send_command('disarm') ignored — port not open
2026-07-07 12:03:41,087  WARNING  PortentaReader      send_command('disarm') ignored — port not open
2026-07-07 12:03:41,145  WARNING  PortentaReader      send_command('disarm') ignored — port not open
2026-07-07 12:03:41,210  WARNING  PortentaReader      send_command('disarm') ignored — port not open
2026-07-07 12:03:41,272  WARNING  PortentaReader      send_command('disarm') ignored — port not open
2026-07-07 12:03:41,334  WARNING  PortentaReader      send_command('disarm') ignored — port not open
2026-07-07 12:03:41,396  WARNING  PortentaReader      send_command('disarm') ignored — port not open
2026-07-07 12:03:41,458  WARNING  PortentaReader      send_command('disarm') ignored — port not open
2026-07-07 12:03:41,520  WARNING  PortentaReader      send_command('disarm') ignored — port not open
2026-07-07 12:03:41,583  WARNING  PortentaReader      send_command('disarm') ignored — port not open
2026-07-07 12:03:41,645  WARNING  PortentaReader      send_command('disarm') ignored — port not open
2026-07-07 12:03:41,707  WARNING  PortentaReader      send_command('disarm') ignored — port not open
2026-07-07 12:03:41,769  WARNING  PortentaReader      send_command('disarm') ignored — port not open
2026-07-07 12:03:41,831  WARNING  PortentaReader      send_command('disarm') ignored — port not open
2026-07-07 12:03:41,893  WARNING  PortentaReader      send_command('disarm') ignored — port not open
2026-07-07 12:03:41,956  WARNING  PortentaReader      send_command('disarm') ignored — port not open
2026-07-07 12:03:42,019  WARNING  PortentaReader      send_command('disarm') ignored — port not open
2026-07-07 12:03:42,081  WARNING  PortentaReader      send_command('disarm') ignored — port not open
2026-07-07 12:03:42,143  WARNING  PortentaReader      send_command('disarm') ignored — port not open
2026-07-07 12:03:42,204  WARNING  PortentaReader      send_command('disarm') ignored — port not open
2026-07-07 12:03:42,266  WARNING  PortentaReader      send_command('disarm') ignored — port not open
2026-07-07 12:03:42,327  WARNING  PortentaReader      send_command('disarm') ignored — port not open
2026-07-07 12:03:42,390  WARNING  PortentaReader      send_command('disarm') ignored — port not open
2026-07-07 12:03:42,452  WARNING  PortentaReader      send_command('disarm') ignored — port not open
2026-07-07 12:03:42,514  WARNING  PortentaReader      send_command('disarm') ignored — port not open
2026-07-07 12:03:42,591  WARNING  PortentaReader      send_command('disarm') ignored — port not open
2026-07-07 12:03:42,652  WARNING  PortentaReader      send_command('disarm') ignored — port not open
2026-07-07 12:03:42,714  WARNING  PortentaReader      send_command('disarm') ignored — port not open
2026-07-07 12:03:42,777  WARNING  PortentaReader      send_command('disarm') ignored — port not open
2026-07-07 12:03:42,838  WARNING  PortentaReader      send_command('disarm') ignored — port not open
2026-07-07 12:03:42,901  WARNING  PortentaReader      send_command('disarm') ignored — port not open
2026-07-07 12:03:42,963  WARNING  PortentaReader      send_command('disarm') ignored — port not open
2026-07-07 12:03:43,026  WARNING  PortentaReader      send_command('disarm') ignored — port not open
2026-07-07 12:03:43,087  WARNING  PortentaReader      send_command('disarm') ignored — port not open
2026-07-07 12:03:43,143  WARNING  PortentaReader      send_command('disarm') ignored — port not open
2026-07-07 12:03:43,212  WARNING  PortentaReader      send_command('disarm') ignored — port not open
2026-07-07 12:03:43,273  WARNING  PortentaReader      send_command('disarm') ignored — port not open
2026-07-07 12:03:43,336  WARNING  PortentaReader      send_command('disarm') ignored — port not open
2026-07-07 12:03:43,398  WARNING  PortentaReader      send_command('disarm') ignored — port not open
2026-07-07 12:03:43,459  WARNING  PortentaReader      send_command('disarm') ignored — port not open
2026-07-07 12:03:43,522  WARNING  PortentaReader      send_command('disarm') ignored — port not open
2026-07-07 12:03:43,583  WARNING  PortentaReader      send_command('disarm') ignored — port not open
2026-07-07 12:03:43,645  WARNING  PortentaReader      send_command('disarm') ignored — port not open
2026-07-07 12:03:43,707  WARNING  PortentaReader      send_command('disarm') ignored — port not open
2026-07-07 12:03:43,769  WARNING  PortentaReader      send_command('disarm') ignored — port not open
2026-07-07 12:03:43,831  WARNING  PortentaReader      send_command('disarm') ignored — port not open
2026-07-07 12:03:43,892  WARNING  PortentaReader      send_command('disarm') ignored — port not open
2026-07-07 12:03:43,954  WARNING  PortentaReader      send_command('disarm') ignored — port not open
2026-07-07 12:03:44,016  WARNING  PortentaReader      send_command('disarm') ignored — port not open
2026-07-07 12:03:44,078  WARNING  PortentaReader      send_command('disarm') ignored — port not open
2026-07-07 12:03:44,140  WARNING  PortentaReader      send_command('disarm') ignored — port not open
2026-07-07 12:03:44,203  WARNING  PortentaReader      send_command('disarm') ignored — port not open
2026-07-07 12:03:44,265  WARNING  PortentaReader      send_command('disarm') ignored — port not open
2026-07-07 12:03:44,326  WARNING  PortentaReader      send_command('disarm') ignored — port not open
2026-07-07 12:03:44,402  WARNING  PortentaReader      send_command('disarm') ignored — port not open
2026-07-07 12:03:44,463  WARNING  PortentaReader      send_command('disarm') ignored — port not open
2026-07-07 12:03:44,526  WARNING  PortentaReader      send_command('disarm') ignored — port not open
2026-07-07 12:03:44,588  WARNING  PortentaReader      send_command('disarm') ignored — port not open
2026-07-07 12:03:44,650  WARNING  PortentaReader      send_command('disarm') ignored — port not open
2026-07-07 12:03:44,712  WARNING  PortentaReader      send_command('disarm') ignored — port not open
2026-07-07 12:03:44,773  WARNING  PortentaReader      send_command('disarm') ignored — port not open
2026-07-07 12:03:44,835  WARNING  PortentaReader      send_command('disarm') ignored — port not open
2026-07-07 12:03:44,898  WARNING  PortentaReader      send_command('disarm') ignored — port not open
2026-07-07 12:03:44,960  WARNING  PortentaReader      send_command('disarm') ignored — port not open
2026-07-07 12:03:45,022  WARNING  PortentaReader      send_command('disarm') ignored — port not open
2026-07-07 12:03:45,084  WARNING  PortentaReader      send_command('disarm') ignored — port not open
2026-07-07 12:03:45,139  WARNING  PortentaReader      send_command('disarm') ignored — port not open
2026-07-07 12:03:45,207  WARNING  PortentaReader      send_command('disarm') ignored — port not open
2026-07-07 12:03:45,269  WARNING  PortentaReader      send_command('disarm') ignored — port not open
2026-07-07 12:03:45,331  WARNING  PortentaReader      send_command('disarm') ignored — port not open
2026-07-07 12:03:45,394  WARNING  PortentaReader      send_command('disarm') ignored — port not open
2026-07-07 12:03:45,455  WARNING  PortentaReader      send_command('disarm') ignored — port not open
2026-07-07 12:03:45,517  WARNING  PortentaReader      send_command('disarm') ignored — port not open
2026-07-07 12:03:45,579  WARNING  PortentaReader      send_command('disarm') ignored — port not open
2026-07-07 12:03:45,640  WARNING  PortentaReader      send_command('disarm') ignored — port not open
2026-07-07 12:03:45,701  WARNING  PortentaReader      send_command('disarm') ignored — port not open
2026-07-07 12:03:45,763  WARNING  PortentaReader      send_command('disarm') ignored — port not open
2026-07-07 12:03:45,825  WARNING  PortentaReader      send_command('disarm') ignored — port not open
2026-07-07 12:03:45,888  WARNING  PortentaReader      send_command('disarm') ignored — port not open
2026-07-07 12:03:45,950  WARNING  PortentaReader      send_command('disarm') ignored — port not open
2026-07-07 12:03:46,027  WARNING  PortentaReader      send_command('disarm') ignored — port not open
2026-07-07 12:03:46,089  WARNING  PortentaReader      send_command('disarm') ignored — port not open
2026-07-07 12:03:46,145  WARNING  PortentaReader      send_command('disarm') ignored — port not open
2026-07-07 12:03:46,212  WARNING  PortentaReader      send_command('disarm') ignored — port not open
2026-07-07 12:03:46,273  WARNING  PortentaReader      send_command('disarm') ignored — port not open
2026-07-07 12:03:46,336  WARNING  PortentaReader      send_command('disarm') ignored — port not open
2026-07-07 12:03:46,398  WARNING  PortentaReader      send_command('disarm') ignored — port not open
2026-07-07 12:03:46,459  WARNING  PortentaReader      send_command('disarm') ignored — port not open
2026-07-07 12:03:46,521  WARNING  PortentaReader      send_command('disarm') ignored — port not open
2026-07-07 12:03:46,582  WARNING  PortentaReader      send_command('disarm') ignored — port not open
2026-07-07 12:03:46,644  WARNING  PortentaReader      send_command('disarm') ignored — port not open
2026-07-07 12:03:46,707  WARNING  PortentaReader      send_command('disarm') ignored — port not open
2026-07-07 12:03:46,770  WARNING  PortentaReader      send_command('disarm') ignored — port not open
2026-07-07 12:03:46,832  WARNING  PortentaReader      send_command('disarm') ignored — port not open
2026-07-07 12:03:46,894  WARNING  PortentaReader      send_command('disarm') ignored — port not open
2026-07-07 12:03:46,956  WARNING  PortentaReader      send_command('disarm') ignored — port not open
2026-07-07 12:03:47,017  WARNING  PortentaReader      send_command('disarm') ignored — port not open
2026-07-07 12:03:47,078  WARNING  PortentaReader      send_command('disarm') ignored — port not open
2026-07-07 12:03:47,140  WARNING  PortentaReader      send_command('disarm') ignored — port not open
2026-07-07 12:03:47,203  WARNING  PortentaReader      send_command('disarm') ignored — port not open
2026-07-07 12:03:47,266  WARNING  PortentaReader      send_command('disarm') ignored — port not open
2026-07-07 12:03:47,328  WARNING  PortentaReader      send_command('disarm') ignored — port not open
2026-07-07 12:03:47,390  WARNING  PortentaReader      send_command('disarm') ignored — port not open
2026-07-07 12:03:47,451  WARNING  PortentaReader      send_command('disarm') ignored — port not open
2026-07-07 12:03:47,513  WARNING  PortentaReader      send_command('disarm') ignored — port not open
2026-07-07 12:03:47,576  WARNING  PortentaReader      send_command('disarm') ignored — port not open
2026-07-07 12:03:47,653  WARNING  PortentaReader      send_command('disarm') ignored — port not open
2026-07-07 12:03:47,715  WARNING  PortentaReader      send_command('disarm') ignored — port not open
2026-07-07 12:03:47,777  WARNING  PortentaReader      send_command('disarm') ignored — port not open
2026-07-07 12:03:47,838  WARNING  PortentaReader      send_command('disarm') ignored — port not open
2026-07-07 12:03:47,901  WARNING  PortentaReader      send_command('disarm') ignored — port not open
2026-07-07 12:03:47,962  WARNING  PortentaReader      send_command('disarm') ignored — port not open
2026-07-07 12:03:48,023  WARNING  PortentaReader      send_command('disarm') ignored — port not open
2026-07-07 12:03:48,086  WARNING  PortentaReader      send_command('disarm') ignored — port not open
2026-07-07 12:03:48,142  WARNING  PortentaReader      send_command('disarm') ignored — port not open
2026-07-07 12:03:48,211  WARNING  PortentaReader      send_command('disarm') ignored — port not open
2026-07-07 12:03:48,273  WARNING  PortentaReader      send_command('disarm') ignored — port not open
2026-07-07 12:03:48,334  WARNING  PortentaReader      send_command('disarm') ignored — port not open
2026-07-07 12:03:48,398  WARNING  PortentaReader      send_command('disarm') ignored — port not open
2026-07-07 12:03:48,460  WARNING  PortentaReader      send_command('disarm') ignored — port not open
2026-07-07 12:03:48,522  WARNING  PortentaReader      send_command('disarm') ignored — port not open
2026-07-07 12:03:48,585  WARNING  PortentaReader      send_command('disarm') ignored — port not open
2026-07-07 12:03:48,647  WARNING  PortentaReader      send_command('disarm') ignored — port not open
2026-07-07 12:03:48,709  WARNING  PortentaReader      send_command('disarm') ignored — port not open
2026-07-07 12:03:48,771  WARNING  PortentaReader      send_command('disarm') ignored — port not open
2026-07-07 12:03:48,832  WARNING  PortentaReader      send_command('disarm') ignored — port not open
2026-07-07 12:03:48,895  WARNING  PortentaReader      send_command('disarm') ignored — port not open
2026-07-07 12:03:48,957  WARNING  PortentaReader      send_command('disarm') ignored — port not open
2026-07-07 12:03:49,020  WARNING  PortentaReader      send_command('disarm') ignored — port not open
2026-07-07 12:03:49,083  WARNING  PortentaReader      send_command('disarm') ignored — port not open
2026-07-07 12:03:49,138  WARNING  PortentaReader      send_command('disarm') ignored — port not open
2026-07-07 12:03:49,205  WARNING  PortentaReader      send_command('disarm') ignored — port not open
2026-07-07 12:03:49,267  WARNING  PortentaReader      send_command('disarm') ignored — port not open
2026-07-07 12:03:49,329  WARNING  PortentaReader      send_command('disarm') ignored — port not open
2026-07-07 12:03:49,391  WARNING  PortentaReader      send_command('disarm') ignored — port not open
2026-07-07 12:03:49,454  WARNING  PortentaReader      send_command('disarm') ignored — port not open
2026-07-07 12:03:49,515  WARNING  PortentaReader      send_command('disarm') ignored — port not open
2026-07-07 12:03:49,576  WARNING  PortentaReader      send_command('disarm') ignored — port not open
2026-07-07 12:03:49,639  WARNING  PortentaReader      send_command('disarm') ignored — port not open
2026-07-07 12:03:49,701  WARNING  PortentaReader      send_command('disarm') ignored — port not open
2026-07-07 12:03:49,763  WARNING  PortentaReader      send_command('disarm') ignored — port not open
2026-07-07 12:03:49,840  WARNING  PortentaReader      send_command('disarm') ignored — port not open
2026-07-07 12:03:49,902  WARNING  PortentaReader      send_command('disarm') ignored — port not open
2026-07-07 12:03:49,962  WARNING  PortentaReader      send_command('disarm') ignored — port not open
2026-07-07 12:03:50,024  WARNING  PortentaReader      send_command('disarm') ignored — port not open
2026-07-07 12:03:50,085  WARNING  PortentaReader      send_command('disarm') ignored — port not open
2026-07-07 12:03:50,142  WARNING  PortentaReader      send_command('disarm') ignored — port not open
2026-07-07 12:03:50,210  WARNING  PortentaReader      send_command('disarm') ignored — port not open
2026-07-07 12:03:50,272  WARNING  PortentaReader      send_command('disarm') ignored — port not open
2026-07-07 12:03:50,334  WARNING  PortentaReader      send_command('disarm') ignored — port not open
2026-07-07 12:03:50,397  WARNING  PortentaReader      send_command('disarm') ignored — port not open
2026-07-07 12:03:50,458  WARNING  PortentaReader      send_command('disarm') ignored — port not open
2026-07-07 12:03:50,521  WARNING  PortentaReader      send_command('disarm') ignored — port not open
2026-07-07 12:03:50,583  WARNING  PortentaReader      send_command('disarm') ignored — port not open
2026-07-07 12:03:50,645  WARNING  PortentaReader      send_command('disarm') ignored — port not open
2026-07-07 12:03:50,708  WARNING  PortentaReader      send_command('disarm') ignored — port not open
2026-07-07 12:03:50,770  WARNING  PortentaReader      send_command('disarm') ignored — port not open
2026-07-07 12:03:50,831  WARNING  PortentaReader      send_command('disarm') ignored — port not open
2026-07-07 12:03:50,893  WARNING  PortentaReader      send_command('disarm') ignored — port not open
2026-07-07 12:03:50,956  WARNING  PortentaReader      send_command('disarm') ignored — port not open
2026-07-07 12:03:51,017  WARNING  PortentaReader      send_command('disarm') ignored — port not open
2026-07-07 12:03:51,080  WARNING  PortentaReader      send_command('disarm') ignored — port not open
2026-07-07 12:03:51,141  WARNING  PortentaReader      send_command('disarm') ignored — port not open
2026-07-07 12:03:51,202  WARNING  PortentaReader      send_command('disarm') ignored — port not open
2026-07-07 12:03:51,265  WARNING  PortentaReader      send_command('disarm') ignored — port not open
2026-07-07 12:03:51,326  WARNING  PortentaReader      send_command('disarm') ignored — port not open
2026-07-07 12:03:51,389  WARNING  PortentaReader      send_command('disarm') ignored — port not open
2026-07-07 12:03:51,452  WARNING  PortentaReader      send_command('disarm') ignored — port not open
2026-07-07 12:03:51,514  WARNING  PortentaReader      send_command('disarm') ignored — port not open
2026-07-07 12:03:51,591  WARNING  PortentaReader      send_command('disarm') ignored — port not open
2026-07-07 12:03:51,653  WARNING  PortentaReader      send_command('disarm') ignored — port not open
2026-07-07 12:03:51,715  WARNING  PortentaReader      send_command('disarm') ignored — port not open
2026-07-07 12:03:51,777  WARNING  PortentaReader      send_command('disarm') ignored — port not open
2026-07-07 12:03:51,838  WARNING  PortentaReader      send_command('disarm') ignored — port not open
2026-07-07 12:03:51,901  WARNING  PortentaReader      send_command('disarm') ignored — port not open
2026-07-07 12:03:51,963  WARNING  PortentaReader      send_command('disarm') ignored — port not open
2026-07-07 12:03:52,025  WARNING  PortentaReader      send_command('disarm') ignored — port not open
2026-07-07 12:03:52,087  WARNING  PortentaReader      send_command('disarm') ignored — port not open
2026-07-07 12:03:52,142  WARNING  PortentaReader      send_command('disarm') ignored — port not open
2026-07-07 12:03:52,212  WARNING  PortentaReader      send_command('disarm') ignored — port not open
2026-07-07 12:03:52,274  WARNING  PortentaReader      send_command('disarm') ignored — port not open
2026-07-07 12:03:52,335  WARNING  PortentaReader      send_command('disarm') ignored — port not open
2026-07-07 12:03:52,397  WARNING  PortentaReader      send_command('disarm') ignored — port not open
2026-07-07 12:03:52,460  WARNING  PortentaReader      send_command('disarm') ignored — port not open
2026-07-07 12:03:52,522  WARNING  PortentaReader      send_command('disarm') ignored — port not open
2026-07-07 12:03:52,583  WARNING  PortentaReader      send_command('disarm') ignored — port not open
2026-07-07 12:03:52,646  WARNING  PortentaReader      send_command('disarm') ignored — port not open
2026-07-07 12:03:52,707  WARNING  PortentaReader      send_command('disarm') ignored — port not open
2026-07-07 12:03:52,769  WARNING  PortentaReader      send_command('disarm') ignored — port not open
2026-07-07 12:03:52,832  WARNING  PortentaReader      send_command('disarm') ignored — port not open
2026-07-07 12:03:52,894  WARNING  PortentaReader      send_command('disarm') ignored — port not open
2026-07-07 12:03:52,957  WARNING  PortentaReader      send_command('disarm') ignored — port not open
2026-07-07 12:03:53,019  WARNING  PortentaReader      send_command('disarm') ignored — port not open
2026-07-07 12:03:53,082  WARNING  PortentaReader      send_command('disarm') ignored — port not open
2026-07-07 12:03:53,138  WARNING  PortentaReader      send_command('disarm') ignored — port not open
2026-07-07 12:03:53,205  WARNING  PortentaReader      send_command('disarm') ignored — port not open
2026-07-07 12:03:53,268  WARNING  PortentaReader      send_command('disarm') ignored — port not open
2026-07-07 12:03:53,331  WARNING  PortentaReader      send_command('disarm') ignored — port not open
2026-07-07 12:03:53,394  WARNING  PortentaReader      send_command('disarm') ignored — port not open
2026-07-07 12:03:53,455  WARNING  PortentaReader      send_command('disarm') ignored — port not open
2026-07-07 12:03:53,518  WARNING  PortentaReader      send_command('disarm') ignored — port not open
2026-07-07 12:03:53,580  WARNING  PortentaReader      send_command('disarm') ignored — port not open
2026-07-07 12:03:53,642  WARNING  PortentaReader      send_command('disarm') ignored — port not open
2026-07-07 12:03:53,703  WARNING  PortentaReader      send_command('disarm') ignored — port not open
2026-07-07 12:03:53,764  WARNING  PortentaReader      send_command('disarm') ignored — port not open
2026-07-07 12:03:53,827  WARNING  PortentaReader      send_command('disarm') ignored — port not open
2026-07-07 12:03:53,889  WARNING  PortentaReader      send_command('disarm') ignored — port not open
2026-07-07 12:03:53,952  WARNING  PortentaReader      send_command('disarm') ignored — port not open
2026-07-07 12:03:54,014  WARNING  PortentaReader      send_command('disarm') ignored — port not open
2026-07-07 12:03:54,091  WARNING  PortentaReader      send_command('disarm') ignored — port not open
2026-07-07 12:03:54,152  WARNING  PortentaReader      send_command('disarm') ignored — port not open
2026-07-07 12:03:54,215  WARNING  PortentaReader      send_command('disarm') ignored — port not open
2026-07-07 12:03:54,276  WARNING  PortentaReader      send_command('disarm') ignored — port not open
2026-07-07 12:03:54,339  WARNING  PortentaReader      send_command('disarm') ignored — port not open
2026-07-07 12:03:54,401  WARNING  PortentaReader      send_command('disarm') ignored — port not open
2026-07-07 12:03:54,464  WARNING  PortentaReader      send_command('disarm') ignored — port not open
2026-07-07 12:03:54,526  WARNING  PortentaReader      send_command('disarm') ignored — port not open
2026-07-07 12:03:54,588  WARNING  PortentaReader      send_command('disarm') ignored — port not open
2026-07-07 12:03:54,650  WARNING  PortentaReader      send_command('disarm') ignored — port not open
2026-07-07 12:03:54,713  WARNING  PortentaReader      send_command('disarm') ignored — port not open
2026-07-07 12:03:54,774  WARNING  PortentaReader      send_command('disarm') ignored — port not open
2026-07-07 12:03:54,836  WARNING  PortentaReader      send_command('disarm') ignored — port not open
2026-07-07 12:03:54,898  WARNING  PortentaReader      send_command('disarm') ignored — port not open
2026-07-07 12:03:54,961  WARNING  PortentaReader      send_command('disarm') ignored — port not open
2026-07-07 12:03:55,021  WARNING  PortentaReader      send_command('disarm') ignored — port not open
2026-07-07 12:03:55,083  WARNING  PortentaReader      send_command('disarm') ignored — port not open
2026-07-07 12:03:55,140  WARNING  PortentaReader      send_command('disarm') ignored — port not open
2026-07-07 12:03:55,207  WARNING  PortentaReader      send_command('disarm') ignored — port not open
2026-07-07 12:03:55,269  WARNING  PortentaReader      send_command('disarm') ignored — port not open
2026-07-07 12:03:55,332  WARNING  PortentaReader      send_command('disarm') ignored — port not open
2026-07-07 12:03:55,394  WARNING  PortentaReader      send_command('disarm') ignored — port not open
2026-07-07 12:03:55,455  WARNING  PortentaReader      send_command('disarm') ignored — port not open
2026-07-07 12:03:55,518  WARNING  PortentaReader      send_command('disarm') ignored — port not open
2026-07-07 12:03:55,580  WARNING  PortentaReader      send_command('disarm') ignored — port not open
2026-07-07 12:03:55,641  WARNING  PortentaReader      send_command('disarm') ignored — port not open
2026-07-07 12:03:55,703  WARNING  PortentaReader      send_command('disarm') ignored — port not open
2026-07-07 12:03:55,764  WARNING  PortentaReader      send_command('disarm') ignored — port not open
2026-07-07 12:03:55,826  WARNING  PortentaReader      send_command('disarm') ignored — port not open
2026-07-07 12:03:55,888  WARNING  PortentaReader      send_command('disarm') ignored — port not open
2026-07-07 12:03:55,952  WARNING  PortentaReader      send_command('disarm') ignored — port not open
2026-07-07 12:03:56,013  WARNING  PortentaReader      send_command('disarm') ignored — port not open
2026-07-07 12:03:56,091  WARNING  PortentaReader      send_command('disarm') ignored — port not open
2026-07-07 12:03:56,154  WARNING  PortentaReader      send_command('disarm') ignored — port not open
2026-07-07 12:03:56,231  WARNING  PortentaReader      send_command('disarm') ignored — port not open
2026-07-07 12:03:56,292  WARNING  PortentaReader      send_command('disarm') ignored — port not open
2026-07-07 12:03:56,355  WARNING  PortentaReader      send_command('disarm') ignored — port not open
2026-07-07 12:03:56,417  WARNING  PortentaReader      send_command('disarm') ignored — port not open
2026-07-07 12:03:56,479  WARNING  PortentaReader      send_command('disarm') ignored — port not open
2026-07-07 12:03:56,540  WARNING  PortentaReader      send_command('disarm') ignored — port not open
2026-07-07 12:03:56,603  WARNING  PortentaReader      send_command('disarm') ignored — port not open
2026-07-07 12:03:56,666  WARNING  PortentaReader      send_command('disarm') ignored — port not open
2026-07-07 12:03:56,728  WARNING  PortentaReader      send_command('disarm') ignored — port not open
2026-07-07 12:03:56,789  WARNING  PortentaReader      send_command('disarm') ignored — port not open
2026-07-07 12:03:56,851  WARNING  PortentaReader      send_command('disarm') ignored — port not open
2026-07-07 12:03:56,913  WARNING  PortentaReader      send_command('disarm') ignored — port not open
2026-07-07 12:03:56,975  WARNING  PortentaReader      send_command('disarm') ignored — port not open
2026-07-07 12:03:57,037  WARNING  PortentaReader      send_command('disarm') ignored — port not open
2026-07-07 12:03:57,099  WARNING  PortentaReader      send_command('disarm') ignored — port not open
2026-07-07 12:03:57,160  WARNING  PortentaReader      send_command('disarm') ignored — port not open
2026-07-07 12:03:57,222  WARNING  PortentaReader      send_command('disarm') ignored — port not open
2026-07-07 12:03:57,284  WARNING  PortentaReader      send_command('disarm') ignored — port not open
2026-07-07 12:03:57,346  WARNING  PortentaReader      send_command('disarm') ignored — port not open
2026-07-07 12:03:57,407  WARNING  PortentaReader      send_command('disarm') ignored — port not open
2026-07-07 12:03:57,470  WARNING  PortentaReader      send_command('disarm') ignored — port not open
2026-07-07 12:03:57,531  WARNING  PortentaReader      send_command('disarm') ignored — port not open
2026-07-07 12:03:57,595  WARNING  PortentaReader      send_command('disarm') ignored — port not open
2026-07-07 12:03:57,657  WARNING  PortentaReader      send_command('disarm') ignored — port not open
2026-07-07 12:03:57,719  WARNING  PortentaReader      send_command('disarm') ignored — port not open
2026-07-07 12:03:57,781  WARNING  PortentaReader      send_command('disarm') ignored — port not open
2026-07-07 12:03:57,843  WARNING  PortentaReader      send_command('disarm') ignored — port not open
2026-07-07 12:03:57,904  WARNING  PortentaReader      send_command('disarm') ignored — port not open
2026-07-07 12:03:57,967  WARNING  PortentaReader      send_command('disarm') ignored — port not open
2026-07-07 12:03:58,030  WARNING  PortentaReader      send_command('disarm') ignored — port not open
2026-07-07 12:03:58,091  WARNING  PortentaReader      send_command('disarm') ignored — port not open
2026-07-07 12:03:58,167  WARNING  PortentaReader      send_command('disarm') ignored — port not open
2026-07-07 12:03:58,229  WARNING  PortentaReader      send_command('disarm') ignored — port not open
2026-07-07 12:03:58,291  WARNING  PortentaReader      send_command('disarm') ignored — port not open
2026-07-07 12:03:58,352  WARNING  PortentaReader      send_command('disarm') ignored — port not open
2026-07-07 12:03:58,415  WARNING  PortentaReader      send_command('disarm') ignored — port not open
2026-07-07 12:03:58,477  WARNING  PortentaReader      send_command('disarm') ignored — port not open
2026-07-07 12:03:58,540  WARNING  PortentaReader      send_command('disarm') ignored — port not open
2026-07-07 12:03:58,601  WARNING  PortentaReader      send_command('disarm') ignored — port not open
2026-07-07 12:03:58,662  WARNING  PortentaReader      send_command('disarm') ignored — port not open
2026-07-07 12:03:58,723  WARNING  PortentaReader      send_command('disarm') ignored — port not open
2026-07-07 12:03:58,785  WARNING  PortentaReader      send_command('disarm') ignored — port not open
2026-07-07 12:03:58,846  WARNING  PortentaReader      send_command('disarm') ignored — port not open
2026-07-07 12:03:58,906  WARNING  PortentaReader      send_command('disarm') ignored — port not open
2026-07-07 12:03:58,969  WARNING  PortentaReader      send_command('disarm') ignored — port not open
2026-07-07 12:03:59,031  WARNING  PortentaReader      send_command('disarm') ignored — port not open
2026-07-07 12:03:59,092  WARNING  PortentaReader      send_command('disarm') ignored — port not open
2026-07-07 12:03:59,155  WARNING  PortentaReader      send_command('disarm') ignored — port not open
2026-07-07 12:03:59,216  WARNING  PortentaReader      send_command('disarm') ignored — port not open
2026-07-07 12:03:59,293  WARNING  PortentaReader      send_command('disarm') ignored — port not open
2026-07-07 12:03:59,355  WARNING  PortentaReader      send_command('disarm') ignored — port not open
2026-07-07 12:03:59,418  WARNING  PortentaReader      send_command('disarm') ignored — port not open
2026-07-07 12:03:59,482  WARNING  PortentaReader      send_command('disarm') ignored — port not open
2026-07-07 12:03:59,559  WARNING  PortentaReader      send_command('disarm') ignored — port not open
2026-07-07 12:03:59,622  WARNING  PortentaReader      send_command('disarm') ignored — port not open
2026-07-07 12:03:59,683  WARNING  PortentaReader      send_command('disarm') ignored — port not open
2026-07-07 12:03:59,746  WARNING  PortentaReader      send_command('disarm') ignored — port not open
2026-07-07 12:03:59,808  WARNING  PortentaReader      send_command('disarm') ignored — port not open
2026-07-07 12:03:59,870  WARNING  PortentaReader      send_command('disarm') ignored — port not open
2026-07-07 12:03:59,932  WARNING  PortentaReader      send_command('disarm') ignored — port not open
2026-07-07 12:03:59,995  WARNING  PortentaReader      send_command('disarm') ignored — port not open
2026-07-07 12:04:00,057  WARNING  PortentaReader      send_command('disarm') ignored — port not open
2026-07-07 12:04:00,117  WARNING  PortentaReader      send_command('disarm') ignored — port not open
2026-07-07 12:04:00,180  WARNING  PortentaReader      send_command('disarm') ignored — port not open
2026-07-07 12:04:00,243  WARNING  PortentaReader      send_command('disarm') ignored — port not open
2026-07-07 12:04:00,304  WARNING  PortentaReader      send_command('disarm') ignored — port not open
2026-07-07 12:04:00,367  WARNING  PortentaReader      send_command('disarm') ignored — port not open
2026-07-07 12:04:00,430  WARNING  PortentaReader      send_command('disarm') ignored — port not open
2026-07-07 12:04:00,493  WARNING  PortentaReader      send_command('disarm') ignored — port not open
2026-07-07 12:04:00,554  WARNING  PortentaReader      send_command('disarm') ignored — port not open
2026-07-07 12:04:00,616  WARNING  PortentaReader      send_command('disarm') ignored — port not open
2026-07-07 12:04:00,678  WARNING  PortentaReader      send_command('disarm') ignored — port not open
2026-07-07 12:04:00,740  WARNING  PortentaReader      send_command('disarm') ignored — port not open
2026-07-07 12:04:00,801  WARNING  PortentaReader      send_command('disarm') ignored — port not open
2026-07-07 12:04:00,864  WARNING  PortentaReader      send_command('disarm') ignored — port not open
2026-07-07 12:04:00,927  WARNING  PortentaReader      send_command('disarm') ignored — port not open
2026-07-07 12:04:00,989  WARNING  PortentaReader      send_command('disarm') ignored — port not open
2026-07-07 12:04:01,051  WARNING  PortentaReader      send_command('disarm') ignored — port not open
2026-07-07 12:04:01,113  WARNING  PortentaReader      send_command('disarm') ignored — port not open
2026-07-07 12:04:01,175  WARNING  PortentaReader      send_command('disarm') ignored — port not open
2026-07-07 12:04:01,237  WARNING  PortentaReader      send_command('disarm') ignored — port not open
2026-07-07 12:04:01,298  WARNING  PortentaReader      send_command('disarm') ignored — port not open
2026-07-07 12:04:01,361  WARNING  PortentaReader      send_command('disarm') ignored — port not open
2026-07-07 12:04:01,423  WARNING  PortentaReader      send_command('disarm') ignored — port not open
2026-07-07 12:04:01,485  WARNING  PortentaReader      send_command('disarm') ignored — port not open
2026-07-07 12:04:01,547  WARNING  PortentaReader      send_command('disarm') ignored — port not open
2026-07-07 12:04:01,608  WARNING  PortentaReader      send_command('disarm') ignored — port not open
2026-07-07 12:04:01,671  WARNING  PortentaReader      send_command('disarm') ignored — port not open
2026-07-07 12:04:01,733  WARNING  PortentaReader      send_command('disarm') ignored — port not open
2026-07-07 12:04:01,795  WARNING  PortentaReader      send_command('disarm') ignored — port not open
2026-07-07 12:04:01,858  WARNING  PortentaReader      send_command('disarm') ignored — port not open
2026-07-07 12:04:01,934  WARNING  PortentaReader      send_command('disarm') ignored — port not open
2026-07-07 12:04:01,997  WARNING  PortentaReader      send_command('disarm') ignored — port not open
2026-07-07 12:04:02,059  WARNING  PortentaReader      send_command('disarm') ignored — port not open
2026-07-07 12:04:02,120  WARNING  PortentaReader      send_command('disarm') ignored — port not open
2026-07-07 12:04:02,181  WARNING  PortentaReader      send_command('disarm') ignored — port not open
2026-07-07 12:04:02,243  WARNING  PortentaReader      send_command('disarm') ignored — port not open
2026-07-07 12:04:02,305  WARNING  PortentaReader      send_command('disarm') ignored — port not open
2026-07-07 12:04:02,368  WARNING  PortentaReader      send_command('disarm') ignored — port not open
2026-07-07 12:04:02,428  WARNING  PortentaReader      send_command('disarm') ignored — port not open
2026-07-07 12:04:02,492  WARNING  PortentaReader      send_command('disarm') ignored — port not open
2026-07-07 12:04:02,554  WARNING  PortentaReader      send_command('disarm') ignored — port not open
2026-07-07 12:04:02,615  WARNING  PortentaReader      send_command('disarm') ignored — port not open
2026-07-07 12:04:02,677  WARNING  PortentaReader      send_command('disarm') ignored — port not open
2026-07-07 12:04:02,739  WARNING  PortentaReader      send_command('disarm') ignored — port not open
2026-07-07 12:04:02,800  WARNING  PortentaReader      send_command('disarm') ignored — port not open
2026-07-07 12:04:02,862  WARNING  PortentaReader      send_command('disarm') ignored — port not open
2026-07-07 12:04:02,925  WARNING  PortentaReader      send_command('disarm') ignored — port not open
2026-07-07 12:04:02,988  WARNING  PortentaReader      send_command('disarm') ignored — port not open
2026-07-07 12:04:03,050  WARNING  PortentaReader      send_command('disarm') ignored — port not open
2026-07-07 12:04:03,113  WARNING  PortentaReader      send_command('disarm') ignored — port not open
2026-07-07 12:04:03,175  WARNING  PortentaReader      send_command('disarm') ignored — port not open
2026-07-07 12:04:03,237  WARNING  PortentaReader      send_command('disarm') ignored — port not open
2026-07-07 12:04:03,298  WARNING  PortentaReader      send_command('disarm') ignored — port not open
2026-07-07 12:04:03,360  WARNING  PortentaReader      send_command('disarm') ignored — port not open
2026-07-07 12:04:03,422  WARNING  PortentaReader      send_command('disarm') ignored — port not open
2026-07-07 12:04:03,484  WARNING  PortentaReader      send_command('disarm') ignored — port not open
2026-07-07 12:04:03,546  WARNING  PortentaReader      send_command('disarm') ignored — port not open
2026-07-07 12:04:03,608  WARNING  PortentaReader      send_command('disarm') ignored — port not open
2026-07-07 12:04:03,670  WARNING  PortentaReader      send_command('disarm') ignored — port not open
2026-07-07 12:04:03,731  WARNING  PortentaReader      send_command('disarm') ignored — port not open
2026-07-07 12:04:03,809  WARNING  PortentaReader      send_command('disarm') ignored — port not open
2026-07-07 12:04:03,872  WARNING  PortentaReader      send_command('disarm') ignored — port not open
2026-07-07 12:04:03,919  WARNING  PortentaReader      send_command('disarm') ignored — port not open
2026-07-07 12:04:03,997  WARNING  PortentaReader      send_command('disarm') ignored — port not open
2026-07-07 12:04:04,059  WARNING  PortentaReader      send_command('disarm') ignored — port not open
2026-07-07 12:04:04,121  WARNING  PortentaReader      send_command('disarm') ignored — port not open
2026-07-07 12:04:04,184  WARNING  PortentaReader      send_command('disarm') ignored — port not open
2026-07-07 12:04:04,246  WARNING  PortentaReader      send_command('disarm') ignored — port not open
2026-07-07 12:04:04,307  WARNING  PortentaReader      send_command('disarm') ignored — port not open
2026-07-07 12:04:04,369  WARNING  PortentaReader      send_command('disarm') ignored — port not open
2026-07-07 12:04:04,431  WARNING  PortentaReader      send_command('disarm') ignored — port not open
2026-07-07 12:04:04,495  WARNING  PortentaReader      send_command('disarm') ignored — port not open
2026-07-07 12:04:04,557  WARNING  PortentaReader      send_command('disarm') ignored — port not open
2026-07-07 12:04:04,618  WARNING  PortentaReader      send_command('disarm') ignored — port not open
2026-07-07 12:04:04,681  WARNING  PortentaReader      send_command('disarm') ignored — port not open
2026-07-07 12:04:04,745  WARNING  PortentaReader      send_command('disarm') ignored — port not open
2026-07-07 12:04:04,807  WARNING  PortentaReader      send_command('disarm') ignored — port not open
2026-07-07 12:04:04,869  WARNING  PortentaReader      send_command('disarm') ignored — port not open
2026-07-07 12:04:04,931  WARNING  PortentaReader      send_command('disarm') ignored — port not open
2026-07-07 12:04:04,992  WARNING  PortentaReader      send_command('disarm') ignored — port not open
2026-07-07 12:04:05,055  WARNING  PortentaReader      send_command('disarm') ignored — port not open
2026-07-07 12:04:05,116  WARNING  PortentaReader      send_command('disarm') ignored — port not open
2026-07-07 12:04:05,179  WARNING  PortentaReader      send_command('disarm') ignored — port not open
2026-07-07 12:04:05,241  WARNING  PortentaReader      send_command('disarm') ignored — port not open
2026-07-07 12:04:05,304  WARNING  PortentaReader      send_command('disarm') ignored — port not open
2026-07-07 12:04:05,365  WARNING  PortentaReader      send_command('disarm') ignored — port not open
2026-07-07 12:04:05,429  WARNING  PortentaReader      send_command('disarm') ignored — port not open
2026-07-07 12:04:05,492  WARNING  PortentaReader      send_command('disarm') ignored — port not open
2026-07-07 12:04:05,554  WARNING  PortentaReader      send_command('disarm') ignored — port not open
2026-07-07 12:04:05,616  WARNING  PortentaReader      send_command('disarm') ignored — port not open
2026-07-07 12:04:05,677  WARNING  PortentaReader      send_command('disarm') ignored — port not open
2026-07-07 12:04:05,740  WARNING  PortentaReader      send_command('disarm') ignored — port not open
2026-07-07 12:04:05,802  WARNING  PortentaReader      send_command('disarm') ignored — port not open
2026-07-07 12:04:05,864  WARNING  PortentaReader      send_command('disarm') ignored — port not open
2026-07-07 12:04:05,925  WARNING  PortentaReader      send_command('disarm') ignored — port not open
2026-07-07 12:04:05,987  WARNING  PortentaReader      send_command('disarm') ignored — port not open
2026-07-07 12:04:06,050  WARNING  PortentaReader      send_command('disarm') ignored — port not open
2026-07-07 12:04:06,111  WARNING  PortentaReader      send_command('disarm') ignored — port not open
2026-07-07 12:04:06,174  WARNING  PortentaReader      send_command('disarm') ignored — port not open
2026-07-07 12:04:06,237  WARNING  PortentaReader      send_command('disarm') ignored — port not open
2026-07-07 12:04:06,299  WARNING  PortentaReader      send_command('disarm') ignored — port not open
2026-07-07 12:04:06,360  WARNING  PortentaReader      send_command('disarm') ignored — port not open
2026-07-07 12:04:06,424  WARNING  PortentaReader      send_command('disarm') ignored — port not open
2026-07-07 12:04:06,485  WARNING  PortentaReader      send_command('disarm') ignored — port not open
2026-07-07 12:04:06,547  WARNING  PortentaReader      send_command('disarm') ignored — port not open
2026-07-07 12:04:06,609  WARNING  PortentaReader      send_command('disarm') ignored — port not open
2026-07-07 12:04:06,671  WARNING  PortentaReader      send_command('disarm') ignored — port not open
2026-07-07 12:04:06,733  WARNING  PortentaReader      send_command('disarm') ignored — port not open
2026-07-07 12:04:06,796  WARNING  PortentaReader      send_command('disarm') ignored — port not open
2026-07-07 12:04:06,857  WARNING  PortentaReader      send_command('disarm') ignored — port not open
2026-07-07 12:04:06,919  WARNING  PortentaReader      send_command('disarm') ignored — port not open
2026-07-07 12:04:06,997  WARNING  PortentaReader      send_command('disarm') ignored — port not open
2026-07-07 12:04:07,059  WARNING  PortentaReader      send_command('disarm') ignored — port not open
2026-07-07 12:04:07,122  WARNING  PortentaReader      send_command('disarm') ignored — port not open
2026-07-07 12:04:07,183  WARNING  PortentaReader      send_command('disarm') ignored — port not open
2026-07-07 12:04:07,245  WARNING  PortentaReader      send_command('disarm') ignored — port not open
2026-07-07 12:04:07,305  WARNING  PortentaReader      send_command('disarm') ignored — port not open
2026-07-07 12:04:07,369  WARNING  PortentaReader      send_command('disarm') ignored — port not open
2026-07-07 12:04:07,430  WARNING  PortentaReader      send_command('disarm') ignored — port not open
2026-07-07 12:04:07,492  WARNING  PortentaReader      send_command('disarm') ignored — port not open
2026-07-07 12:04:07,555  WARNING  PortentaReader      send_command('disarm') ignored — port not open
2026-07-07 12:04:07,616  WARNING  PortentaReader      send_command('disarm') ignored — port not open
2026-07-07 12:04:07,679  WARNING  PortentaReader      send_command('disarm') ignored — port not open
2026-07-07 12:04:07,742  WARNING  PortentaReader      send_command('disarm') ignored — port not open
2026-07-07 12:04:07,805  WARNING  PortentaReader      send_command('disarm') ignored — port not open
2026-07-07 12:04:07,868  WARNING  PortentaReader      send_command('disarm') ignored — port not open
2026-07-07 12:04:07,929  WARNING  PortentaReader      send_command('disarm') ignored — port not open
2026-07-07 12:04:07,992  WARNING  PortentaReader      send_command('disarm') ignored — port not open
2026-07-07 12:04:08,054  WARNING  PortentaReader      send_command('disarm') ignored — port not open
2026-07-07 12:04:08,115  WARNING  PortentaReader      send_command('disarm') ignored — port not open
2026-07-07 12:04:08,178  WARNING  PortentaReader      send_command('disarm') ignored — port not open
2026-07-07 12:04:08,240  WARNING  PortentaReader      send_command('disarm') ignored — port not open
2026-07-07 12:04:08,302  WARNING  PortentaReader      send_command('disarm') ignored — port not open
2026-07-07 12:04:08,364  WARNING  PortentaReader      send_command('disarm') ignored — port not open
2026-07-07 12:04:08,427  WARNING  PortentaReader      send_command('disarm') ignored — port not open
2026-07-07 12:04:08,488  WARNING  PortentaReader      send_command('disarm') ignored — port not open
2026-07-07 12:04:08,550  WARNING  PortentaReader      send_command('disarm') ignored — port not open
2026-07-07 12:04:08,613  WARNING  PortentaReader      send_command('disarm') ignored — port not open
2026-07-07 12:04:08,674  WARNING  PortentaReader      send_command('disarm') ignored — port not open
2026-07-07 12:04:08,734  WARNING  PortentaReader      send_command('disarm') ignored — port not open
2026-07-07 12:04:08,797  WARNING  PortentaReader      send_command('disarm') ignored — port not open
2026-07-07 12:04:08,858  WARNING  PortentaReader      send_command('disarm') ignored — port not open
2026-07-07 12:04:08,920  WARNING  PortentaReader      send_command('disarm') ignored — port not open
2026-07-07 12:04:08,996  WARNING  PortentaReader      send_command('disarm') ignored — port not open
2026-07-07 12:04:09,057  WARNING  PortentaReader      send_command('disarm') ignored — port not open
2026-07-07 12:04:09,118  WARNING  PortentaReader      send_command('disarm') ignored — port not open
2026-07-07 12:04:09,181  WARNING  PortentaReader      send_command('disarm') ignored — port not open
2026-07-07 12:04:09,243  WARNING  PortentaReader      send_command('disarm') ignored — port not open
2026-07-07 12:04:09,305  WARNING  PortentaReader      send_command('disarm') ignored — port not open
2026-07-07 12:04:09,367  WARNING  PortentaReader      send_command('disarm') ignored — port not open
2026-07-07 12:04:09,430  WARNING  PortentaReader      send_command('disarm') ignored — port not open
2026-07-07 12:04:09,492  WARNING  PortentaReader      send_command('disarm') ignored — port not open
2026-07-07 12:04:09,554  WARNING  PortentaReader      send_command('disarm') ignored — port not open
2026-07-07 12:04:09,615  WARNING  PortentaReader      send_command('disarm') ignored — port not open
2026-07-07 12:04:09,676  WARNING  PortentaReader      send_command('disarm') ignored — port not open
2026-07-07 12:04:09,739  WARNING  PortentaReader      send_command('disarm') ignored — port not open
2026-07-07 12:04:09,801  WARNING  PortentaReader      send_command('disarm') ignored — port not open
2026-07-07 12:04:09,863  WARNING  PortentaReader      send_command('disarm') ignored — port not open
2026-07-07 12:04:09,927  WARNING  PortentaReader      send_command('disarm') ignored — port not open
2026-07-07 12:04:09,988  WARNING  PortentaReader      send_command('disarm') ignored — port not open
2026-07-07 12:04:10,050  WARNING  PortentaReader      send_command('disarm') ignored — port not open
2026-07-07 12:04:10,112  WARNING  PortentaReader      send_command('disarm') ignored — port not open
2026-07-07 12:04:10,175  WARNING  PortentaReader      send_command('disarm') ignored — port not open
2026-07-07 12:04:10,237  WARNING  PortentaReader      send_command('disarm') ignored — port not open
2026-07-07 12:04:10,299  WARNING  PortentaReader      send_command('disarm') ignored — port not open
2026-07-07 12:04:10,360  WARNING  PortentaReader      send_command('disarm') ignored — port not open
2026-07-07 12:04:10,421  WARNING  PortentaReader      send_command('disarm') ignored — port not open
2026-07-07 12:04:10,485  WARNING  PortentaReader      send_command('disarm') ignored — port not open
2026-07-07 12:04:10,547  WARNING  PortentaReader      send_command('disarm') ignored — port not open
2026-07-07 12:04:10,609  WARNING  PortentaReader      send_command('disarm') ignored — port not open
2026-07-07 12:04:10,672  WARNING  PortentaReader      send_command('disarm') ignored — port not open
2026-07-07 12:04:10,733  WARNING  PortentaReader      send_command('disarm') ignored — port not open
2026-07-07 12:04:10,795  WARNING  PortentaReader      send_command('disarm') ignored — port not open
2026-07-07 12:04:10,856  WARNING  PortentaReader      send_command('disarm') ignored — port not open
2026-07-07 12:04:10,919  WARNING  PortentaReader      send_command('disarm') ignored — port not open
2026-07-07 12:04:10,996  WARNING  PortentaReader      send_command('disarm') ignored — port not open
2026-07-07 12:04:11,058  WARNING  PortentaReader      send_command('disarm') ignored — port not open
2026-07-07 12:04:11,119  WARNING  PortentaReader      send_command('disarm') ignored — port not open
2026-07-07 12:04:11,181  WARNING  PortentaReader      send_command('disarm') ignored — port not open
2026-07-07 12:04:11,245  WARNING  PortentaReader      send_command('disarm') ignored — port not open
2026-07-07 12:04:11,305  WARNING  PortentaReader      send_command('disarm') ignored — port not open
2026-07-07 12:04:11,368  WARNING  PortentaReader      send_command('disarm') ignored — port not open
2026-07-07 12:04:11,429  WARNING  PortentaReader      send_command('disarm') ignored — port not open
2026-07-07 12:04:11,490  WARNING  PortentaReader      send_command('disarm') ignored — port not open
2026-07-07 12:04:11,553  WARNING  PortentaReader      send_command('disarm') ignored — port not open
2026-07-07 12:04:11,614  WARNING  PortentaReader      send_command('disarm') ignored — port not open
2026-07-07 12:04:11,678  WARNING  PortentaReader      send_command('disarm') ignored — port not open
2026-07-07 12:04:11,740  WARNING  PortentaReader      send_command('disarm') ignored — port not open
2026-07-07 12:04:11,803  WARNING  PortentaReader      send_command('disarm') ignored — port not open
2026-07-07 12:04:11,864  WARNING  PortentaReader      send_command('disarm') ignored — port not open
2026-07-07 12:04:11,926  WARNING  PortentaReader      send_command('disarm') ignored — port not open
2026-07-07 12:04:11,988  WARNING  PortentaReader      send_command('disarm') ignored — port not open
2026-07-07 12:04:12,049  WARNING  PortentaReader      send_command('disarm') ignored — port not open
2026-07-07 12:04:12,112  WARNING  PortentaReader      send_command('disarm') ignored — port not open
2026-07-07 12:04:12,172  WARNING  PortentaReader      send_command('disarm') ignored — port not open
2026-07-07 12:04:12,235  WARNING  PortentaReader      send_command('disarm') ignored — port not open
2026-07-07 12:04:12,297  WARNING  PortentaReader      send_command('disarm') ignored — port not open
2026-07-07 12:04:12,359  WARNING  PortentaReader      send_command('disarm') ignored — port not open
2026-07-07 12:04:12,421  WARNING  PortentaReader      send_command('disarm') ignored — port not open
2026-07-07 12:04:12,483  WARNING  PortentaReader      send_command('disarm') ignored — port not open
2026-07-07 12:04:12,544  WARNING  PortentaReader      send_command('disarm') ignored — port not open
2026-07-07 12:04:12,607  WARNING  PortentaReader      send_command('disarm') ignored — port not open
2026-07-07 12:04:12,669  WARNING  PortentaReader      send_command('disarm') ignored — port not open
2026-07-07 12:04:12,746  WARNING  PortentaReader      send_command('disarm') ignored — port not open
2026-07-07 12:04:12,799  WARNING  PortentaReader      send_command('disarm') ignored — port not open
2026-07-07 12:04:12,859  WARNING  PortentaReader      send_command('disarm') ignored — port not open
2026-07-07 12:04:12,929  WARNING  PortentaReader      send_command('disarm') ignored — port not open
2026-07-07 12:04:12,995  WARNING  PortentaReader      send_command('disarm') ignored — port not open
2026-07-07 12:04:13,046  WARNING  PortentaReader      send_command('disarm') ignored — port not open
2026-07-07 12:04:13,115  WARNING  PortentaReader      send_command('disarm') ignored — port not open
2026-07-07 12:04:13,170  WARNING  PortentaReader      send_command('disarm') ignored — port not open
2026-07-07 12:04:13,234  WARNING  PortentaReader      send_command('disarm') ignored — port not open
2026-07-07 12:04:13,298  WARNING  PortentaReader      send_command('disarm') ignored — port not open
2026-07-07 12:04:13,367  WARNING  PortentaReader      send_command('disarm') ignored — port not open
2026-07-07 12:04:13,430  WARNING  PortentaReader      send_command('disarm') ignored — port not open
2026-07-07 12:04:13,492  WARNING  PortentaReader      send_command('disarm') ignored — port not open
2026-07-07 12:04:13,553  WARNING  PortentaReader      send_command('disarm') ignored — port not open
2026-07-07 12:04:13,615  WARNING  PortentaReader      send_command('disarm') ignored — port not open
2026-07-07 12:04:13,677  WARNING  PortentaReader      send_command('disarm') ignored — port not open
2026-07-07 12:04:13,739  WARNING  PortentaReader      send_command('disarm') ignored — port not open
2026-07-07 12:04:13,801  WARNING  PortentaReader      send_command('disarm') ignored — port not open
2026-07-07 12:04:13,862  WARNING  PortentaReader      send_command('disarm') ignored — port not open
2026-07-07 12:04:13,924  WARNING  PortentaReader      send_command('disarm') ignored — port not open
2026-07-07 12:04:13,985  WARNING  PortentaReader      send_command('disarm') ignored — port not open
2026-07-07 12:04:14,044  WARNING  PortentaReader      send_command('disarm') ignored — port not open
2026-07-07 12:04:14,110  WARNING  PortentaReader      send_command('disarm') ignored — port not open
2026-07-07 12:04:14,171  WARNING  PortentaReader      send_command('disarm') ignored — port not open
2026-07-07 12:04:14,233  WARNING  PortentaReader      send_command('disarm') ignored — port not open
2026-07-07 12:04:14,295  WARNING  PortentaReader      send_command('disarm') ignored — port not open
2026-07-07 12:04:14,356  WARNING  PortentaReader      send_command('disarm') ignored — port not open
2026-07-07 12:04:14,433  WARNING  PortentaReader      send_command('disarm') ignored — port not open
2026-07-07 12:04:14,495  WARNING  PortentaReader      send_command('disarm') ignored — port not open
2026-07-07 12:04:14,557  WARNING  PortentaReader      send_command('disarm') ignored — port not open
2026-07-07 12:04:14,619  WARNING  PortentaReader      send_command('disarm') ignored — port not open
2026-07-07 12:04:14,681  WARNING  PortentaReader      send_command('disarm') ignored — port not open
2026-07-07 12:04:14,743  WARNING  PortentaReader      send_command('disarm') ignored — port not open
2026-07-07 12:04:14,805  WARNING  PortentaReader      send_command('disarm') ignored — port not open
2026-07-07 12:04:14,868  WARNING  PortentaReader      send_command('disarm') ignored — port not open
2026-07-07 12:04:14,930  WARNING  PortentaReader      send_command('disarm') ignored — port not open
2026-07-07 12:04:14,991  WARNING  PortentaReader      send_command('disarm') ignored — port not open
2026-07-07 12:04:15,052  WARNING  PortentaReader      send_command('disarm') ignored — port not open
2026-07-07 12:04:15,115  WARNING  PortentaReader      send_command('disarm') ignored — port not open
2026-07-07 12:04:15,178  WARNING  PortentaReader      send_command('disarm') ignored — port not open
2026-07-07 12:04:15,239  WARNING  PortentaReader      send_command('disarm') ignored — port not open
2026-07-07 12:04:15,302  WARNING  PortentaReader      send_command('disarm') ignored — port not open
2026-07-07 12:04:15,364  WARNING  PortentaReader      send_command('disarm') ignored — port not open
2026-07-07 12:04:15,426  WARNING  PortentaReader      send_command('disarm') ignored — port not open
2026-07-07 12:04:15,489  WARNING  PortentaReader      send_command('disarm') ignored — port not open
2026-07-07 12:04:15,550  WARNING  PortentaReader      send_command('disarm') ignored — port not open
2026-07-07 12:04:15,613  WARNING  PortentaReader      send_command('disarm') ignored — port not open
2026-07-07 12:04:15,676  WARNING  PortentaReader      send_command('disarm') ignored — port not open
2026-07-07 12:04:15,736  WARNING  PortentaReader      send_command('disarm') ignored — port not open
2026-07-07 12:04:15,799  WARNING  PortentaReader      send_command('disarm') ignored — port not open
2026-07-07 12:04:15,861  WARNING  PortentaReader      send_command('disarm') ignored — port not open
2026-07-07 12:04:15,923  WARNING  PortentaReader      send_command('disarm') ignored — port not open
2026-07-07 12:04:15,986  WARNING  PortentaReader      send_command('disarm') ignored — port not open
2026-07-07 12:04:16,047  WARNING  PortentaReader      send_command('disarm') ignored — port not open
2026-07-07 12:04:16,110  WARNING  PortentaReader      send_command('disarm') ignored — port not open
2026-07-07 12:04:16,172  WARNING  PortentaReader      send_command('disarm') ignored — port not open
2026-07-07 12:04:16,234  WARNING  PortentaReader      send_command('disarm') ignored — port not open
2026-07-07 12:04:16,296  WARNING  PortentaReader      send_command('disarm') ignored — port not open
2026-07-07 12:04:16,357  WARNING  PortentaReader      send_command('disarm') ignored — port not open
2026-07-07 12:04:16,420  WARNING  PortentaReader      send_command('disarm') ignored — port not open
2026-07-07 12:04:16,483  WARNING  PortentaReader      send_command('disarm') ignored — port not open
2026-07-07 12:04:16,545  WARNING  PortentaReader      send_command('disarm') ignored — port not open
2026-07-07 12:04:16,622  WARNING  PortentaReader      send_command('disarm') ignored — port not open
2026-07-07 12:04:16,682  WARNING  PortentaReader      send_command('disarm') ignored — port not open
2026-07-07 12:04:16,747  WARNING  PortentaReader      send_command('disarm') ignored — port not open
2026-07-07 12:04:16,809  WARNING  PortentaReader      send_command('disarm') ignored — port not open
2026-07-07 12:04:16,870  WARNING  PortentaReader      send_command('disarm') ignored — port not open
2026-07-07 12:04:16,920  WARNING  PortentaReader      send_command('disarm') ignored — port not open
2026-07-07 12:04:16,995  WARNING  PortentaReader      send_command('disarm') ignored — port not open
2026-07-07 12:04:17,057  WARNING  PortentaReader      send_command('disarm') ignored — port not open
2026-07-07 12:04:17,119  WARNING  PortentaReader      send_command('disarm') ignored — port not open
2026-07-07 12:04:17,182  WARNING  PortentaReader      send_command('disarm') ignored — port not open
2026-07-07 12:04:17,244  WARNING  PortentaReader      send_command('disarm') ignored — port not open
2026-07-07 12:04:17,306  WARNING  PortentaReader      send_command('disarm') ignored — port not open
2026-07-07 12:04:17,368  WARNING  PortentaReader      send_command('disarm') ignored — port not open
2026-07-07 12:04:17,430  WARNING  PortentaReader      send_command('disarm') ignored — port not open
2026-07-07 12:04:17,492  WARNING  PortentaReader      send_command('disarm') ignored — port not open
2026-07-07 12:04:17,553  WARNING  PortentaReader      send_command('disarm') ignored — port not open
2026-07-07 12:04:17,614  WARNING  PortentaReader      send_command('disarm') ignored — port not open
2026-07-07 12:04:17,678  WARNING  PortentaReader      send_command('disarm') ignored — port not open
2026-07-07 12:04:17,740  WARNING  PortentaReader      send_command('disarm') ignored — port not open
2026-07-07 12:04:17,802  WARNING  PortentaReader      send_command('disarm') ignored — port not open
2026-07-07 12:04:17,865  WARNING  PortentaReader      send_command('disarm') ignored — port not open
2026-07-07 12:04:17,926  WARNING  PortentaReader      send_command('disarm') ignored — port not open
2026-07-07 12:04:17,953  WARNING  Driver_ZaberStage   move_to 50.000 mm clamped to 40.000 mm (limits [5.000, 40.000])
2026-07-07 12:04:17,990  WARNING  PortentaReader      send_command('disarm') ignored — port not open
2026-07-07 12:04:18,051  WARNING  PortentaReader      send_command('disarm') ignored — port not open
2026-07-07 12:04:18,113  WARNING  PortentaReader      send_command('disarm') ignored — port not open
2026-07-07 12:04:18,175  WARNING  PortentaReader      send_command('disarm') ignored — port not open
2026-07-07 12:04:18,237  WARNING  PortentaReader      send_command('disarm') ignored — port not open
2026-07-07 12:04:18,301  WARNING  PortentaReader      send_command('disarm') ignored — port not open
2026-07-07 12:04:18,362  WARNING  PortentaReader      send_command('disarm') ignored — port not open
2026-07-07 12:04:18,423  WARNING  PortentaReader      send_command('disarm') ignored — port not open
2026-07-07 12:04:18,485  WARNING  PortentaReader      send_command('disarm') ignored — port not open
2026-07-07 12:04:18,547  WARNING  PortentaReader      send_command('disarm') ignored — port not open
2026-07-07 12:04:18,609  WARNING  PortentaReader      send_command('disarm') ignored — port not open
2026-07-07 12:04:18,671  WARNING  PortentaReader      send_command('disarm') ignored — port not open
2026-07-07 12:04:18,733  WARNING  PortentaReader      send_command('disarm') ignored — port not open
2026-07-07 12:04:18,794  WARNING  PortentaReader      send_command('disarm') ignored — port not open
2026-07-07 12:04:18,872  WARNING  PortentaReader      send_command('disarm') ignored — port not open
2026-07-07 12:04:18,949  WARNING  PortentaReader      send_command('disarm') ignored — port not open
2026-07-07 12:04:18,997  WARNING  PortentaReader      send_command('disarm') ignored — port not open
2026-07-07 12:04:19,073  WARNING  PortentaReader      send_command('disarm') ignored — port not open
2026-07-07 12:04:19,137  WARNING  PortentaReader      send_command('disarm') ignored — port not open
2026-07-07 12:04:19,199  WARNING  PortentaReader      send_command('disarm') ignored — port not open
2026-07-07 12:04:19,260  WARNING  PortentaReader      send_command('disarm') ignored — port not open
2026-07-07 12:04:19,323  WARNING  PortentaReader      send_command('disarm') ignored — port not open
2026-07-07 12:04:19,385  WARNING  PortentaReader      send_command('disarm') ignored — port not open
2026-07-07 12:04:19,446  WARNING  PortentaReader      send_command('disarm') ignored — port not open
2026-07-07 12:04:19,509  WARNING  PortentaReader      send_command('disarm') ignored — port not open
2026-07-07 12:04:19,571  WARNING  PortentaReader      send_command('disarm') ignored — port not open
2026-07-07 12:04:19,633  WARNING  PortentaReader      send_command('disarm') ignored — port not open
2026-07-07 12:04:19,694  WARNING  PortentaReader      send_command('disarm') ignored — port not open
2026-07-07 12:04:19,757  WARNING  PortentaReader      send_command('disarm') ignored — port not open
2026-07-07 12:04:19,819  WARNING  PortentaReader      send_command('disarm') ignored — port not open
2026-07-07 12:04:19,880  WARNING  PortentaReader      send_command('disarm') ignored — port not open
2026-07-07 12:04:19,943  WARNING  PortentaReader      send_command('disarm') ignored — port not open
2026-07-07 12:04:20,005  WARNING  PortentaReader      send_command('disarm') ignored — port not open
2026-07-07 12:04:20,067  WARNING  PortentaReader      send_command('disarm') ignored — port not open
2026-07-07 12:04:20,128  WARNING  PortentaReader      send_command('disarm') ignored — port not open
2026-07-07 12:04:20,191  WARNING  PortentaReader      send_command('disarm') ignored — port not open
2026-07-07 12:04:20,252  WARNING  PortentaReader      send_command('disarm') ignored — port not open
2026-07-07 12:04:20,315  WARNING  PortentaReader      send_command('disarm') ignored — port not open
2026-07-07 12:04:20,378  WARNING  PortentaReader      send_command('disarm') ignored — port not open
2026-07-07 12:04:20,439  WARNING  PortentaReader      send_command('disarm') ignored — port not open
2026-07-07 12:04:20,501  WARNING  PortentaReader      send_command('disarm') ignored — port not open
2026-07-07 12:04:20,563  WARNING  PortentaReader      send_command('disarm') ignored — port not open
2026-07-07 12:04:20,624  WARNING  PortentaReader      send_command('disarm') ignored — port not open
2026-07-07 12:04:20,685  WARNING  PortentaReader      send_command('disarm') ignored — port not open
2026-07-07 12:04:20,762  WARNING  PortentaReader      send_command('disarm') ignored — port not open
2026-07-07 12:04:20,825  WARNING  PortentaReader      send_command('disarm') ignored — port not open
2026-07-07 12:04:20,886  WARNING  PortentaReader      send_command('disarm') ignored — port not open
2026-07-07 12:04:20,948  WARNING  PortentaReader      send_command('disarm') ignored — port not open
2026-07-07 12:04:21,010  WARNING  PortentaReader      send_command('disarm') ignored — port not open
2026-07-07 12:04:21,072  WARNING  PortentaReader      send_command('disarm') ignored — port not open
2026-07-07 12:04:21,133  WARNING  PortentaReader      send_command('disarm') ignored — port not open
2026-07-07 12:04:21,197  WARNING  PortentaReader      send_command('disarm') ignored — port not open
2026-07-07 12:04:21,259  WARNING  PortentaReader      send_command('disarm') ignored — port not open
2026-07-07 12:04:21,322  WARNING  PortentaReader      send_command('disarm') ignored — port not open
2026-07-07 12:04:21,384  WARNING  PortentaReader      send_command('disarm') ignored — port not open
2026-07-07 12:04:21,445  WARNING  PortentaReader      send_command('disarm') ignored — port not open
2026-07-07 12:04:21,506  WARNING  PortentaReader      send_command('disarm') ignored — port not open
2026-07-07 12:04:21,567  WARNING  PortentaReader      send_command('disarm') ignored — port not open
2026-07-07 12:04:21,629  WARNING  PortentaReader      send_command('disarm') ignored — port not open
2026-07-07 12:04:21,690  WARNING  PortentaReader      send_command('disarm') ignored — port not open
2026-07-07 12:04:21,754  WARNING  PortentaReader      send_command('disarm') ignored — port not open
2026-07-07 12:04:21,816  WARNING  PortentaReader      send_command('disarm') ignored — port not open
2026-07-07 12:04:21,878  WARNING  PortentaReader      send_command('disarm') ignored — port not open
2026-07-07 12:04:21,941  WARNING  PortentaReader      send_command('disarm') ignored — port not open
2026-07-07 12:04:22,002  WARNING  PortentaReader      send_command('disarm') ignored — port not open
2026-07-07 12:04:22,063  WARNING  PortentaReader      send_command('disarm') ignored — port not open
2026-07-07 12:04:22,125  WARNING  PortentaReader      send_command('disarm') ignored — port not open
2026-07-07 12:04:22,187  WARNING  PortentaReader      send_command('disarm') ignored — port not open
2026-07-07 12:04:22,250  WARNING  PortentaReader      send_command('disarm') ignored — port not open
2026-07-07 12:04:22,311  WARNING  PortentaReader      send_command('disarm') ignored — port not open
2026-07-07 12:04:22,373  WARNING  PortentaReader      send_command('disarm') ignored — port not open
2026-07-07 12:04:22,450  WARNING  PortentaReader      send_command('disarm') ignored — port not open
2026-07-07 12:04:22,512  WARNING  PortentaReader      send_command('disarm') ignored — port not open
2026-07-07 12:04:22,574  WARNING  PortentaReader      send_command('disarm') ignored — port not open
2026-07-07 12:04:22,635  WARNING  PortentaReader      send_command('disarm') ignored — port not open
2026-07-07 12:04:22,697  WARNING  PortentaReader      send_command('disarm') ignored — port not open
2026-07-07 12:04:22,759  WARNING  PortentaReader      send_command('disarm') ignored — port not open
2026-07-07 12:04:22,811  WARNING  PortentaReader      send_command('disarm') ignored — port not open
2026-07-07 12:04:22,877  WARNING  PortentaReader      send_command('disarm') ignored — port not open
2026-07-07 12:04:22,941  WARNING  PortentaReader      send_command('disarm') ignored — port not open
2026-07-07 12:04:23,006  WARNING  PortentaReader      send_command('disarm') ignored — port not open
2026-07-07 12:04:23,070  WARNING  PortentaReader      send_command('disarm') ignored — port not open
2026-07-07 12:04:23,132  WARNING  PortentaReader      send_command('disarm') ignored — port not open
2026-07-07 12:04:23,193  WARNING  PortentaReader      send_command('disarm') ignored — port not open
2026-07-07 12:04:23,256  WARNING  PortentaReader      send_command('disarm') ignored — port not open
2026-07-07 12:04:23,320  WARNING  PortentaReader      send_command('disarm') ignored — port not open
2026-07-07 12:04:23,381  WARNING  PortentaReader      send_command('disarm') ignored — port not open
2026-07-07 12:04:23,443  WARNING  PortentaReader      send_command('disarm') ignored — port not open
2026-07-07 12:04:23,504  WARNING  PortentaReader      send_command('disarm') ignored — port not open
2026-07-07 12:04:23,566  WARNING  PortentaReader      send_command('disarm') ignored — port not open
2026-07-07 12:04:23,628  WARNING  PortentaReader      send_command('disarm') ignored — port not open
2026-07-07 12:04:23,691  WARNING  PortentaReader      send_command('disarm') ignored — port not open
2026-07-07 12:04:23,753  WARNING  PortentaReader      send_command('disarm') ignored — port not open
2026-07-07 12:04:23,815  WARNING  PortentaReader      send_command('disarm') ignored — port not open
2026-07-07 12:04:23,876  WARNING  PortentaReader      send_command('disarm') ignored — port not open
2026-07-07 12:04:23,936  WARNING  PortentaReader      send_command('disarm') ignored — port not open
2026-07-07 12:04:24,000  WARNING  PortentaReader      send_command('disarm') ignored — port not open
2026-07-07 12:04:24,062  WARNING  PortentaReader      send_command('disarm') ignored — port not open
2026-07-07 12:04:24,124  WARNING  PortentaReader      send_command('disarm') ignored — port not open
2026-07-07 12:04:24,186  WARNING  PortentaReader      send_command('disarm') ignored — port not open
2026-07-07 12:04:24,247  WARNING  PortentaReader      send_command('disarm') ignored — port not open
2026-07-07 12:04:24,311  WARNING  PortentaReader      send_command('disarm') ignored — port not open
2026-07-07 12:04:24,387  WARNING  PortentaReader      send_command('disarm') ignored — port not open
2026-07-07 12:04:24,450  WARNING  PortentaReader      send_command('disarm') ignored — port not open
2026-07-07 12:04:24,511  WARNING  PortentaReader      send_command('disarm') ignored — port not open
2026-07-07 12:04:24,573  WARNING  PortentaReader      send_command('disarm') ignored — port not open
2026-07-07 12:04:24,626  WARNING  PortentaReader      send_command('disarm') ignored — port not open
2026-07-07 12:04:24,686  WARNING  PortentaReader      send_command('disarm') ignored — port not open
2026-07-07 12:04:24,754  WARNING  PortentaReader      send_command('disarm') ignored — port not open
2026-07-07 12:04:24,821  WARNING  PortentaReader      send_command('disarm') ignored — port not open
2026-07-07 12:04:24,874  WARNING  PortentaReader      send_command('disarm') ignored — port not open
2026-07-07 12:04:24,941  WARNING  PortentaReader      send_command('disarm') ignored — port not open
2026-07-07 12:04:24,997  WARNING  PortentaReader      send_command('disarm') ignored — port not open
2026-07-07 12:04:25,061  WARNING  PortentaReader      send_command('disarm') ignored — port not open
2026-07-07 12:04:25,126  WARNING  PortentaReader      send_command('disarm') ignored — port not open
2026-07-07 12:04:25,189  WARNING  PortentaReader      send_command('disarm') ignored — port not open
2026-07-07 12:04:25,253  WARNING  PortentaReader      send_command('disarm') ignored — port not open
2026-07-07 12:04:25,317  WARNING  PortentaReader      send_command('disarm') ignored — port not open
2026-07-07 12:04:25,381  WARNING  PortentaReader      send_command('disarm') ignored — port not open
2026-07-07 12:04:25,445  WARNING  PortentaReader      send_command('disarm') ignored — port not open
2026-07-07 12:04:25,508  WARNING  PortentaReader      send_command('disarm') ignored — port not open
2026-07-07 12:04:25,571  WARNING  PortentaReader      send_command('disarm') ignored — port not open
2026-07-07 12:04:25,633  WARNING  PortentaReader      send_command('disarm') ignored — port not open
2026-07-07 12:04:25,694  WARNING  PortentaReader      send_command('disarm') ignored — port not open
2026-07-07 12:04:25,750  WARNING  PortentaReader      send_command('disarm') ignored — port not open
2026-07-07 12:04:25,816  WARNING  PortentaReader      send_command('disarm') ignored — port not open
2026-07-07 12:04:25,880  WARNING  PortentaReader      send_command('disarm') ignored — port not open
2026-07-07 12:04:25,935  WARNING  PortentaReader      send_command('disarm') ignored — port not open
2026-07-07 12:04:26,003  WARNING  PortentaReader      send_command('disarm') ignored — port not open
2026-07-07 12:04:26,066  WARNING  PortentaReader      send_command('disarm') ignored — port not open
2026-07-07 12:04:26,128  WARNING  PortentaReader      send_command('disarm') ignored — port not open
2026-07-07 12:04:26,190  WARNING  PortentaReader      send_command('disarm') ignored — port not open
2026-07-07 12:04:26,252  WARNING  PortentaReader      send_command('disarm') ignored — port not open
2026-07-07 12:04:26,313  WARNING  PortentaReader      send_command('disarm') ignored — port not open
2026-07-07 12:04:26,374  WARNING  PortentaReader      send_command('disarm') ignored — port not open
2026-07-07 12:04:26,437  WARNING  PortentaReader      send_command('disarm') ignored — port not open
2026-07-07 12:04:26,498  WARNING  PortentaReader      send_command('disarm') ignored — port not open
2026-07-07 12:04:26,560  WARNING  PortentaReader      send_command('disarm') ignored — port not open
2026-07-07 12:04:26,622  WARNING  PortentaReader      send_command('disarm') ignored — port not open
2026-07-07 12:04:26,685  WARNING  PortentaReader      send_command('disarm') ignored — port not open
2026-07-07 12:04:26,761  WARNING  PortentaReader      send_command('disarm') ignored — port not open
2026-07-07 12:04:26,825  WARNING  PortentaReader      send_command('disarm') ignored — port not open
2026-07-07 12:04:26,887  WARNING  PortentaReader      send_command('disarm') ignored — port not open
2026-07-07 12:04:26,948  WARNING  PortentaReader      send_command('disarm') ignored — port not open
2026-07-07 12:04:26,998  WARNING  PortentaReader      send_command('disarm') ignored — port not open
2026-07-07 12:04:27,072  WARNING  PortentaReader      send_command('disarm') ignored — port not open
2026-07-07 12:04:27,136  WARNING  PortentaReader      send_command('disarm') ignored — port not open
2026-07-07 12:04:27,198  WARNING  PortentaReader      send_command('disarm') ignored — port not open
2026-07-07 12:04:27,259  WARNING  PortentaReader      send_command('disarm') ignored — port not open
2026-07-07 12:04:27,320  WARNING  PortentaReader      send_command('disarm') ignored — port not open
2026-07-07 12:04:27,383  WARNING  PortentaReader      send_command('disarm') ignored — port not open
2026-07-07 12:04:27,446  WARNING  PortentaReader      send_command('disarm') ignored — port not open
2026-07-07 12:04:27,507  WARNING  PortentaReader      send_command('disarm') ignored — port not open
2026-07-07 12:04:27,569  WARNING  PortentaReader      send_command('disarm') ignored — port not open
2026-07-07 12:04:27,630  WARNING  PortentaReader      send_command('disarm') ignored — port not open
2026-07-07 12:04:27,691  WARNING  PortentaReader      send_command('disarm') ignored — port not open
2026-07-07 12:04:27,754  WARNING  PortentaReader      send_command('disarm') ignored — port not open
2026-07-07 12:04:27,816  WARNING  PortentaReader      send_command('disarm') ignored — port not open
2026-07-07 12:04:27,879  WARNING  PortentaReader      send_command('disarm') ignored — port not open
2026-07-07 12:04:27,941  WARNING  PortentaReader      send_command('disarm') ignored — port not open
2026-07-07 12:04:28,003  WARNING  PortentaReader      send_command('disarm') ignored — port not open
2026-07-07 12:04:28,065  WARNING  PortentaReader      send_command('disarm') ignored — port not open
2026-07-07 12:04:28,127  WARNING  PortentaReader      send_command('disarm') ignored — port not open
2026-07-07 12:04:28,187  WARNING  PortentaReader      send_command('disarm') ignored — port not open
2026-07-07 12:04:28,250  WARNING  PortentaReader      send_command('disarm') ignored — port not open
2026-07-07 12:04:28,312  WARNING  PortentaReader      send_command('disarm') ignored — port not open
2026-07-07 12:04:28,374  WARNING  PortentaReader      send_command('disarm') ignored — port not open
2026-07-07 12:04:28,437  WARNING  PortentaReader      send_command('disarm') ignored — port not open
2026-07-07 12:04:28,499  WARNING  PortentaReader      send_command('disarm') ignored — port not open
2026-07-07 12:04:28,560  WARNING  PortentaReader      send_command('disarm') ignored — port not open
2026-07-07 12:04:28,623  WARNING  PortentaReader      send_command('disarm') ignored — port not open
2026-07-07 12:04:28,685  WARNING  PortentaReader      send_command('disarm') ignored — port not open
2026-07-07 12:04:28,747  WARNING  PortentaReader      send_command('disarm') ignored — port not open
2026-07-07 12:04:28,823  WARNING  PortentaReader      send_command('disarm') ignored — port not open
2026-07-07 12:04:28,886  WARNING  PortentaReader      send_command('disarm') ignored — port not open
2026-07-07 12:04:28,948  WARNING  PortentaReader      send_command('disarm') ignored — port not open
2026-07-07 12:04:29,010  WARNING  PortentaReader      send_command('disarm') ignored — port not open
2026-07-07 12:04:29,072  WARNING  PortentaReader      send_command('disarm') ignored — port not open
2026-07-07 12:04:29,134  WARNING  PortentaReader      send_command('disarm') ignored — port not open
2026-07-07 12:04:29,196  WARNING  PortentaReader      send_command('disarm') ignored — port not open
2026-07-07 12:04:29,258  WARNING  PortentaReader      send_command('disarm') ignored — port not open
2026-07-07 12:04:29,322  WARNING  PortentaReader      send_command('disarm') ignored — port not open
2026-07-07 12:04:29,384  WARNING  PortentaReader      send_command('disarm') ignored — port not open
2026-07-07 12:04:29,446  WARNING  PortentaReader      send_command('disarm') ignored — port not open
2026-07-07 12:04:29,508  WARNING  PortentaReader      send_command('disarm') ignored — port not open
2026-07-07 12:04:29,569  WARNING  PortentaReader      send_command('disarm') ignored — port not open
2026-07-07 12:04:29,631  WARNING  PortentaReader      send_command('disarm') ignored — port not open
2026-07-07 12:04:29,694  WARNING  PortentaReader      send_command('disarm') ignored — port not open
2026-07-07 12:04:29,756  WARNING  PortentaReader      send_command('disarm') ignored — port not open
2026-07-07 12:04:29,818  WARNING  PortentaReader      send_command('disarm') ignored — port not open
2026-07-07 12:04:29,879  WARNING  PortentaReader      send_command('disarm') ignored — port not open
2026-07-07 12:04:29,943  WARNING  PortentaReader      send_command('disarm') ignored — port not open
2026-07-07 12:04:30,003  WARNING  PortentaReader      send_command('disarm') ignored — port not open
2026-07-07 12:04:30,066  WARNING  PortentaReader      send_command('disarm') ignored — port not open
2026-07-07 12:04:30,128  WARNING  PortentaReader      send_command('disarm') ignored — port not open
2026-07-07 12:04:30,190  WARNING  PortentaReader      send_command('disarm') ignored — port not open
2026-07-07 12:04:30,252  WARNING  PortentaReader      send_command('disarm') ignored — port not open
2026-07-07 12:04:30,314  WARNING  PortentaReader      send_command('disarm') ignored — port not open
2026-07-07 12:04:30,372  WARNING  PortentaReader      send_command('disarm') ignored — port not open
2026-07-07 12:04:30,437  WARNING  PortentaReader      send_command('disarm') ignored — port not open
2026-07-07 12:04:30,500  WARNING  PortentaReader      send_command('disarm') ignored — port not open
2026-07-07 12:04:30,562  WARNING  PortentaReader      send_command('disarm') ignored — port not open
2026-07-07 12:04:30,624  WARNING  PortentaReader      send_command('disarm') ignored — port not open
2026-07-07 12:04:30,686  WARNING  PortentaReader      send_command('disarm') ignored — port not open
2026-07-07 12:04:30,762  WARNING  PortentaReader      send_command('disarm') ignored — port not open
2026-07-07 12:04:30,825  WARNING  PortentaReader      send_command('disarm') ignored — port not open
2026-07-07 12:04:30,882  WARNING  PortentaReader      send_command('disarm') ignored — port not open
2026-07-07 12:04:30,949  WARNING  PortentaReader      send_command('disarm') ignored — port not open
2026-07-07 12:04:30,997  WARNING  PortentaReader      send_command('disarm') ignored — port not open
2026-07-07 12:04:31,061  WARNING  PortentaReader      send_command('disarm') ignored — port not open
2026-07-07 12:04:31,125  WARNING  PortentaReader      send_command('disarm') ignored — port not open
2026-07-07 12:04:31,189  WARNING  PortentaReader      send_command('disarm') ignored — port not open
2026-07-07 12:04:31,258  WARNING  PortentaReader      send_command('disarm') ignored — port not open
2026-07-07 12:04:31,316  WARNING  PortentaReader      send_command('disarm') ignored — port not open
2026-07-07 12:04:31,377  WARNING  PortentaReader      send_command('disarm') ignored — port not open
2026-07-07 12:04:31,437  WARNING  PortentaReader      send_command('disarm') ignored — port not open
2026-07-07 12:04:31,497  WARNING  PortentaReader      send_command('disarm') ignored — port not open
2026-07-07 12:04:31,561  WARNING  PortentaReader      send_command('disarm') ignored — port not open
2026-07-07 12:04:31,624  WARNING  PortentaReader      send_command('disarm') ignored — port not open
2026-07-07 12:04:31,689  WARNING  PortentaReader      send_command('disarm') ignored — port not open
2026-07-07 12:04:31,752  WARNING  PortentaReader      send_command('disarm') ignored — port not open
2026-07-07 12:04:31,812  WARNING  PortentaReader      send_command('disarm') ignored — port not open
2026-07-07 12:04:31,871  WARNING  PortentaReader      send_command('disarm') ignored — port not open
2026-07-07 12:04:31,942  WARNING  PortentaReader      send_command('disarm') ignored — port not open
2026-07-07 12:04:32,004  WARNING  PortentaReader      send_command('disarm') ignored — port not open
2026-07-07 12:04:32,066  WARNING  PortentaReader      send_command('disarm') ignored — port not open
2026-07-07 12:04:32,122  WARNING  PortentaReader      send_command('disarm') ignored — port not open
2026-07-07 12:04:32,188  WARNING  PortentaReader      send_command('disarm') ignored — port not open
2026-07-07 12:04:32,250  WARNING  PortentaReader      send_command('disarm') ignored — port not open
2026-07-07 12:04:32,313  WARNING  PortentaReader      send_command('disarm') ignored — port not open
2026-07-07 12:04:32,376  WARNING  PortentaReader      send_command('disarm') ignored — port not open
2026-07-07 12:04:32,439  WARNING  PortentaReader      send_command('disarm') ignored — port not open
2026-07-07 12:04:32,501  WARNING  PortentaReader      send_command('disarm') ignored — port not open
2026-07-07 12:04:32,565  WARNING  PortentaReader      send_command('disarm') ignored — port not open
2026-07-07 12:04:32,626  WARNING  PortentaReader      send_command('disarm') ignored — port not open
2026-07-07 12:04:32,687  WARNING  PortentaReader      send_command('disarm') ignored — port not open
2026-07-07 12:04:32,749  WARNING  PortentaReader      send_command('disarm') ignored — port not open
2026-07-07 12:04:32,811  WARNING  PortentaReader      send_command('disarm') ignored — port not open
2026-07-07 12:04:32,872  WARNING  PortentaReader      send_command('disarm') ignored — port not open
2026-07-07 12:04:32,949  WARNING  PortentaReader      send_command('disarm') ignored — port not open
2026-07-07 12:04:33,011  WARNING  PortentaReader      send_command('disarm') ignored — port not open
2026-07-07 12:04:33,073  WARNING  PortentaReader      send_command('disarm') ignored — port not open
2026-07-07 12:04:33,135  WARNING  PortentaReader      send_command('disarm') ignored — port not open
2026-07-07 12:04:33,198  WARNING  PortentaReader      send_command('disarm') ignored — port not open
2026-07-07 12:04:33,259  WARNING  PortentaReader      send_command('disarm') ignored — port not open
2026-07-07 12:04:33,321  WARNING  PortentaReader      send_command('disarm') ignored — port not open
2026-07-07 12:04:33,383  WARNING  PortentaReader      send_command('disarm') ignored — port not open
2026-07-07 12:04:33,444  WARNING  PortentaReader      send_command('disarm') ignored — port not open
2026-07-07 12:04:33,505  WARNING  PortentaReader      send_command('disarm') ignored — port not open
2026-07-07 12:04:33,567  WARNING  PortentaReader      send_command('disarm') ignored — port not open
2026-07-07 12:04:33,629  WARNING  PortentaReader      send_command('disarm') ignored — port not open
2026-07-07 12:04:33,691  WARNING  PortentaReader      send_command('disarm') ignored — port not open
2026-07-07 12:04:33,752  WARNING  PortentaReader      send_command('disarm') ignored — port not open
2026-07-07 12:04:33,814  WARNING  PortentaReader      send_command('disarm') ignored — port not open
2026-07-07 12:04:33,876  WARNING  PortentaReader      send_command('disarm') ignored — port not open
2026-07-07 12:04:33,938  WARNING  PortentaReader      send_command('disarm') ignored — port not open
2026-07-07 12:04:33,999  WARNING  PortentaReader      send_command('disarm') ignored — port not open
2026-07-07 12:04:34,062  WARNING  PortentaReader      send_command('disarm') ignored — port not open
2026-07-07 12:04:34,123  WARNING  PortentaReader      send_command('disarm') ignored — port not open
2026-07-07 12:04:34,200  WARNING  PortentaReader      send_command('disarm') ignored — port not open
2026-07-07 12:04:34,262  WARNING  PortentaReader      send_command('disarm') ignored — port not open
2026-07-07 12:04:34,323  WARNING  PortentaReader      send_command('disarm') ignored — port not open
2026-07-07 12:04:34,385  WARNING  PortentaReader      send_command('disarm') ignored — port not open
2026-07-07 12:04:34,447  WARNING  PortentaReader      send_command('disarm') ignored — port not open
2026-07-07 12:04:34,509  WARNING  PortentaReader      send_command('disarm') ignored — port not open
2026-07-07 12:04:34,571  WARNING  PortentaReader      send_command('disarm') ignored — port not open
2026-07-07 12:04:34,632  WARNING  PortentaReader      send_command('disarm') ignored — port not open
2026-07-07 12:04:34,695  WARNING  PortentaReader      send_command('disarm') ignored — port not open
2026-07-07 12:04:34,758  WARNING  PortentaReader      send_command('disarm') ignored — port not open
2026-07-07 12:04:34,820  WARNING  PortentaReader      send_command('disarm') ignored — port not open
2026-07-07 12:04:34,881  WARNING  PortentaReader      send_command('disarm') ignored — port not open
2026-07-07 12:04:34,944  WARNING  PortentaReader      send_command('disarm') ignored — port not open
2026-07-07 12:04:35,006  WARNING  PortentaReader      send_command('disarm') ignored — port not open
2026-07-07 12:04:35,067  WARNING  PortentaReader      send_command('disarm') ignored — port not open
2026-07-07 12:04:35,129  WARNING  PortentaReader      send_command('disarm') ignored — port not open
2026-07-07 12:04:35,192  WARNING  PortentaReader      send_command('disarm') ignored — port not open
2026-07-07 12:04:35,254  WARNING  PortentaReader      send_command('disarm') ignored — port not open
2026-07-07 12:04:35,315  WARNING  PortentaReader      send_command('disarm') ignored — port not open
2026-07-07 12:04:35,378  WARNING  PortentaReader      send_command('disarm') ignored — port not open
2026-07-07 12:04:35,441  WARNING  PortentaReader      send_command('disarm') ignored — port not open
2026-07-07 12:04:35,502  WARNING  PortentaReader      send_command('disarm') ignored — port not open
2026-07-07 12:04:35,563  WARNING  PortentaReader      send_command('disarm') ignored — port not open
2026-07-07 12:04:35,623  WARNING  PortentaReader      send_command('disarm') ignored — port not open
2026-07-07 12:04:35,688  WARNING  PortentaReader      send_command('disarm') ignored — port not open
2026-07-07 12:04:35,750  WARNING  PortentaReader      send_command('disarm') ignored — port not open
2026-07-07 12:04:35,811  WARNING  PortentaReader      send_command('disarm') ignored — port not open
2026-07-07 12:04:35,873  WARNING  PortentaReader      send_command('disarm') ignored — port not open
2026-07-07 12:04:35,936  WARNING  PortentaReader      send_command('disarm') ignored — port not open
2026-07-07 12:04:35,998  WARNING  PortentaReader      send_command('disarm') ignored — port not open
2026-07-07 12:04:36,074  WARNING  PortentaReader      send_command('disarm') ignored — port not open
2026-07-07 12:04:36,137  WARNING  PortentaReader      send_command('disarm') ignored — port not open
2026-07-07 12:04:36,215  WARNING  PortentaReader      send_command('disarm') ignored — port not open
2026-07-07 12:04:36,278  WARNING  PortentaReader      send_command('disarm') ignored — port not open
2026-07-07 12:04:36,324  WARNING  PortentaReader      send_command('disarm') ignored — port not open
2026-07-07 12:04:36,388  WARNING  PortentaReader      send_command('disarm') ignored — port not open
2026-07-07 12:04:36,466  WARNING  PortentaReader      send_command('disarm') ignored — port not open
2026-07-07 12:04:36,513  WARNING  PortentaReader      send_command('disarm') ignored — port not open
2026-07-07 12:04:36,591  WARNING  PortentaReader      send_command('disarm') ignored — port not open
2026-07-07 12:04:36,658  WARNING  PortentaReader      send_command('disarm') ignored — port not open
2026-07-07 12:04:36,715  WARNING  PortentaReader      send_command('disarm') ignored — port not open
2026-07-07 12:04:36,776  WARNING  PortentaReader      send_command('disarm') ignored — port not open
2026-07-07 12:04:36,837  WARNING  PortentaReader      send_command('disarm') ignored — port not open
2026-07-07 12:04:36,901  WARNING  PortentaReader      send_command('disarm') ignored — port not open
2026-07-07 12:04:36,963  WARNING  PortentaReader      send_command('disarm') ignored — port not open
2026-07-07 12:04:37,025  WARNING  PortentaReader      send_command('disarm') ignored — port not open
2026-07-07 12:04:37,088  WARNING  PortentaReader      send_command('disarm') ignored — port not open
2026-07-07 12:04:37,147  WARNING  PortentaReader      send_command('disarm') ignored — port not open
2026-07-07 12:04:37,211  WARNING  PortentaReader      send_command('disarm') ignored — port not open
2026-07-07 12:04:37,273  WARNING  PortentaReader      send_command('disarm') ignored — port not open
2026-07-07 12:04:37,333  WARNING  PortentaReader      send_command('disarm') ignored — port not open
2026-07-07 12:04:37,395  WARNING  PortentaReader      send_command('disarm') ignored — port not open
2026-07-07 12:04:37,456  WARNING  PortentaReader      send_command('disarm') ignored — port not open
2026-07-07 12:04:37,519  WARNING  PortentaReader      send_command('disarm') ignored — port not open
2026-07-07 12:04:37,579  WARNING  PortentaReader      send_command('disarm') ignored — port not open
2026-07-07 12:04:37,641  WARNING  PortentaReader      send_command('disarm') ignored — port not open
2026-07-07 12:04:37,701  WARNING  PortentaReader      send_command('disarm') ignored — port not open
2026-07-07 12:04:37,764  WARNING  PortentaReader      send_command('disarm') ignored — port not open
2026-07-07 12:04:37,840  WARNING  PortentaReader      send_command('disarm') ignored — port not open
2026-07-07 12:04:37,888  WARNING  PortentaReader      send_command('disarm') ignored — port not open
2026-07-07 12:04:37,964  WARNING  PortentaReader      send_command('disarm') ignored — port not open
2026-07-07 12:04:38,026  WARNING  PortentaReader      send_command('disarm') ignored — port not open
2026-07-07 12:04:38,087  WARNING  PortentaReader      send_command('disarm') ignored — port not open
2026-07-07 12:04:38,145  WARNING  PortentaReader      send_command('disarm') ignored — port not open
2026-07-07 12:04:38,211  WARNING  PortentaReader      send_command('disarm') ignored — port not open
2026-07-07 12:04:38,272  WARNING  PortentaReader      send_command('disarm') ignored — port not open
2026-07-07 12:04:38,336  WARNING  PortentaReader      send_command('disarm') ignored — port not open
2026-07-07 12:04:38,397  WARNING  PortentaReader      send_command('disarm') ignored — port not open
2026-07-07 12:04:38,459  WARNING  PortentaReader      send_command('disarm') ignored — port not open
2026-07-07 12:04:38,523  WARNING  PortentaReader      send_command('disarm') ignored — port not open
2026-07-07 12:04:38,586  WARNING  PortentaReader      send_command('disarm') ignored — port not open
2026-07-07 12:04:38,648  WARNING  PortentaReader      send_command('disarm') ignored — port not open
2026-07-07 12:04:38,710  WARNING  PortentaReader      send_command('disarm') ignored — port not open
2026-07-07 12:04:38,771  WARNING  PortentaReader      send_command('disarm') ignored — port not open
2026-07-07 12:04:38,833  WARNING  PortentaReader      send_command('disarm') ignored — port not open
2026-07-07 12:04:38,894  WARNING  PortentaReader      send_command('disarm') ignored — port not open
2026-07-07 12:04:38,956  WARNING  PortentaReader      send_command('disarm') ignored — port not open
2026-07-07 12:04:39,018  WARNING  PortentaReader      send_command('disarm') ignored — port not open
2026-07-07 12:04:39,079  WARNING  PortentaReader      send_command('disarm') ignored — port not open
2026-07-07 12:04:39,140  WARNING  PortentaReader      send_command('disarm') ignored — port not open
2026-07-07 12:04:39,203  WARNING  PortentaReader      send_command('disarm') ignored — port not open
2026-07-07 12:04:39,265  WARNING  PortentaReader      send_command('disarm') ignored — port not open
2026-07-07 12:04:39,327  WARNING  PortentaReader      send_command('disarm') ignored — port not open
2026-07-07 12:04:39,388  WARNING  PortentaReader      send_command('disarm') ignored — port not open
2026-07-07 12:04:39,451  WARNING  PortentaReader      send_command('disarm') ignored — port not open
2026-07-07 12:04:39,528  WARNING  PortentaReader      send_command('disarm') ignored — port not open
2026-07-07 12:04:39,590  WARNING  PortentaReader      send_command('disarm') ignored — port not open
2026-07-07 12:04:39,651  WARNING  PortentaReader      send_command('disarm') ignored — port not open
2026-07-07 12:04:39,713  WARNING  PortentaReader      send_command('disarm') ignored — port not open
2026-07-07 12:04:39,775  WARNING  PortentaReader      send_command('disarm') ignored — port not open
2026-07-07 12:04:39,838  WARNING  PortentaReader      send_command('disarm') ignored — port not open
2026-07-07 12:04:39,899  WARNING  PortentaReader      send_command('disarm') ignored — port not open
2026-07-07 12:04:39,962  WARNING  PortentaReader      send_command('disarm') ignored — port not open
2026-07-07 12:04:40,024  WARNING  PortentaReader      send_command('disarm') ignored — port not open
2026-07-07 12:04:40,087  WARNING  PortentaReader      send_command('disarm') ignored — port not open
2026-07-07 12:04:40,144  WARNING  PortentaReader      send_command('disarm') ignored — port not open
2026-07-07 12:04:40,211  WARNING  PortentaReader      send_command('disarm') ignored — port not open
2026-07-07 12:04:40,273  WARNING  PortentaReader      send_command('disarm') ignored — port not open
2026-07-07 12:04:40,335  WARNING  PortentaReader      send_command('disarm') ignored — port not open
2026-07-07 12:04:40,395  WARNING  PortentaReader      send_command('disarm') ignored — port not open
2026-07-07 12:04:40,458  WARNING  PortentaReader      send_command('disarm') ignored — port not open
2026-07-07 12:04:40,520  WARNING  PortentaReader      send_command('disarm') ignored — port not open
2026-07-07 12:04:40,583  WARNING  PortentaReader      send_command('disarm') ignored — port not open
2026-07-07 12:04:40,645  WARNING  PortentaReader      send_command('disarm') ignored — port not open
2026-07-07 12:04:40,707  WARNING  PortentaReader      send_command('disarm') ignored — port not open
2026-07-07 12:04:40,769  WARNING  PortentaReader      send_command('disarm') ignored — port not open
2026-07-07 12:04:40,832  WARNING  PortentaReader      send_command('disarm') ignored — port not open
2026-07-07 12:04:40,895  WARNING  PortentaReader      send_command('disarm') ignored — port not open
2026-07-07 12:04:40,956  WARNING  PortentaReader      send_command('disarm') ignored — port not open
2026-07-07 12:04:41,018  WARNING  PortentaReader      send_command('disarm') ignored — port not open
2026-07-07 12:04:41,080  WARNING  PortentaReader      send_command('disarm') ignored — port not open
2026-07-07 12:04:41,141  WARNING  PortentaReader      send_command('disarm') ignored — port not open
2026-07-07 12:04:41,203  WARNING  PortentaReader      send_command('disarm') ignored — port not open
2026-07-07 12:04:41,266  WARNING  PortentaReader      send_command('disarm') ignored — port not open
2026-07-07 12:04:41,327  WARNING  PortentaReader      send_command('disarm') ignored — port not open
2026-07-07 12:04:41,389  WARNING  PortentaReader      send_command('disarm') ignored — port not open
2026-07-07 12:04:41,451  WARNING  PortentaReader      send_command('disarm') ignored — port not open
2026-07-07 12:04:41,513  WARNING  PortentaReader      send_command('disarm') ignored — port not open
2026-07-07 12:04:41,590  WARNING  PortentaReader      send_command('disarm') ignored — port not open
2026-07-07 12:04:41,652  WARNING  PortentaReader      send_command('disarm') ignored — port not open
2026-07-07 12:04:41,714  WARNING  PortentaReader      send_command('disarm') ignored — port not open
2026-07-07 12:04:41,775  WARNING  PortentaReader      send_command('disarm') ignored — port not open
2026-07-07 12:04:41,839  WARNING  PortentaReader      send_command('disarm') ignored — port not open
2026-07-07 12:04:41,901  WARNING  PortentaReader      send_command('disarm') ignored — port not open
2026-07-07 12:04:41,963  WARNING  PortentaReader      send_command('disarm') ignored — port not open
2026-07-07 12:04:42,025  WARNING  PortentaReader      send_command('disarm') ignored — port not open
2026-07-07 12:04:42,086  WARNING  PortentaReader      send_command('disarm') ignored — port not open
2026-07-07 12:04:42,143  WARNING  PortentaReader      send_command('disarm') ignored — port not open
2026-07-07 12:04:42,210  WARNING  PortentaReader      send_command('disarm') ignored — port not open
2026-07-07 12:04:42,271  WARNING  PortentaReader      send_command('disarm') ignored — port not open
2026-07-07 12:04:42,335  WARNING  PortentaReader      send_command('disarm') ignored — port not open
2026-07-07 12:04:42,396  WARNING  PortentaReader      send_command('disarm') ignored — port not open
2026-07-07 12:04:42,457  WARNING  PortentaReader      send_command('disarm') ignored — port not open
2026-07-07 12:04:42,519  WARNING  PortentaReader      send_command('disarm') ignored — port not open
2026-07-07 12:04:42,581  WARNING  PortentaReader      send_command('disarm') ignored — port not open
2026-07-07 12:04:42,643  WARNING  PortentaReader      send_command('disarm') ignored — port not open
2026-07-07 12:04:42,706  WARNING  PortentaReader      send_command('disarm') ignored — port not open
2026-07-07 12:04:42,768  WARNING  PortentaReader      send_command('disarm') ignored — port not open
2026-07-07 12:04:42,830  WARNING  PortentaReader      send_command('disarm') ignored — port not open
2026-07-07 12:04:42,893  WARNING  PortentaReader      send_command('disarm') ignored — port not open
2026-07-07 12:04:42,956  WARNING  PortentaReader      send_command('disarm') ignored — port not open
2026-07-07 12:04:43,018  WARNING  PortentaReader      send_command('disarm') ignored — port not open
2026-07-07 12:04:43,079  WARNING  PortentaReader      send_command('disarm') ignored — port not open
2026-07-07 12:04:43,138  WARNING  PortentaReader      send_command('disarm') ignored — port not open
2026-07-07 12:04:43,202  WARNING  PortentaReader      send_command('disarm') ignored — port not open
2026-07-07 12:04:43,264  WARNING  PortentaReader      send_command('disarm') ignored — port not open
2026-07-07 12:04:43,326  WARNING  PortentaReader      send_command('disarm') ignored — port not open
2026-07-07 12:04:43,387  WARNING  PortentaReader      send_command('disarm') ignored — port not open
2026-07-07 12:04:43,450  WARNING  PortentaReader      send_command('disarm') ignored — port not open
2026-07-07 12:04:43,527  WARNING  PortentaReader      send_command('disarm') ignored — port not open
2026-07-07 12:04:43,590  WARNING  PortentaReader      send_command('disarm') ignored — port not open
2026-07-07 12:04:43,652  WARNING  PortentaReader      send_command('disarm') ignored — port not open
2026-07-07 12:04:43,714  WARNING  PortentaReader      send_command('disarm') ignored — port not open
2026-07-07 12:04:43,776  WARNING  PortentaReader      send_command('disarm') ignored — port not open
2026-07-07 12:04:43,839  WARNING  PortentaReader      send_command('disarm') ignored — port not open
2026-07-07 12:04:43,901  WARNING  PortentaReader      send_command('disarm') ignored — port not open
2026-07-07 12:04:43,964  WARNING  PortentaReader      send_command('disarm') ignored — port not open
2026-07-07 12:04:44,025  WARNING  PortentaReader      send_command('disarm') ignored — port not open
2026-07-07 12:04:44,087  WARNING  PortentaReader      send_command('disarm') ignored — port not open
2026-07-07 12:04:44,144  WARNING  PortentaReader      send_command('disarm') ignored — port not open
2026-07-07 12:04:44,212  WARNING  PortentaReader      send_command('disarm') ignored — port not open
2026-07-07 12:04:44,275  WARNING  PortentaReader      send_command('disarm') ignored — port not open
2026-07-07 12:04:44,338  WARNING  PortentaReader      send_command('disarm') ignored — port not open
2026-07-07 12:04:44,399  WARNING  PortentaReader      send_command('disarm') ignored — port not open
2026-07-07 12:04:44,462  WARNING  PortentaReader      send_command('disarm') ignored — port not open
2026-07-07 12:04:44,523  WARNING  PortentaReader      send_command('disarm') ignored — port not open
2026-07-07 12:04:44,585  WARNING  PortentaReader      send_command('disarm') ignored — port not open
2026-07-07 12:04:44,647  WARNING  PortentaReader      send_command('disarm') ignored — port not open
2026-07-07 12:04:44,709  WARNING  PortentaReader      send_command('disarm') ignored — port not open
2026-07-07 12:04:44,772  WARNING  PortentaReader      send_command('disarm') ignored — port not open
2026-07-07 12:04:44,835  WARNING  PortentaReader      send_command('disarm') ignored — port not open
2026-07-07 12:04:44,896  WARNING  PortentaReader      send_command('disarm') ignored — port not open
2026-07-07 12:04:44,958  WARNING  PortentaReader      send_command('disarm') ignored — port not open
2026-07-07 12:04:45,019  WARNING  PortentaReader      send_command('disarm') ignored — port not open
2026-07-07 12:04:45,081  WARNING  PortentaReader      send_command('disarm') ignored — port not open
2026-07-07 12:04:45,139  WARNING  PortentaReader      send_command('disarm') ignored — port not open
2026-07-07 12:04:45,205  WARNING  PortentaReader      send_command('disarm') ignored — port not open
2026-07-07 12:04:45,267  WARNING  PortentaReader      send_command('disarm') ignored — port not open
2026-07-07 12:04:45,328  WARNING  PortentaReader      send_command('disarm') ignored — port not open
2026-07-07 12:04:45,390  WARNING  PortentaReader      send_command('disarm') ignored — port not open
2026-07-07 12:04:45,451  WARNING  PortentaReader      send_command('disarm') ignored — port not open
2026-07-07 12:04:45,527  WARNING  PortentaReader      send_command('disarm') ignored — port not open
2026-07-07 12:04:45,590  WARNING  PortentaReader      send_command('disarm') ignored — port not open
2026-07-07 12:04:45,651  WARNING  PortentaReader      send_command('disarm') ignored — port not open
2026-07-07 12:04:45,713  WARNING  PortentaReader      send_command('disarm') ignored — port not open
2026-07-07 12:04:45,775  WARNING  PortentaReader      send_command('disarm') ignored — port not open
2026-07-07 12:04:45,836  WARNING  PortentaReader      send_command('disarm') ignored — port not open
2026-07-07 12:04:45,897  WARNING  PortentaReader      send_command('disarm') ignored — port not open
2026-07-07 12:04:45,959  WARNING  PortentaReader      send_command('disarm') ignored — port not open
2026-07-07 12:04:46,020  WARNING  PortentaReader      send_command('disarm') ignored — port not open
2026-07-07 12:04:46,081  WARNING  PortentaReader      send_command('disarm') ignored — port not open
2026-07-07 12:04:46,139  WARNING  PortentaReader      send_command('disarm') ignored — port not open
2026-07-07 12:04:46,206  WARNING  PortentaReader      send_command('disarm') ignored — port not open
2026-07-07 12:04:46,268  WARNING  PortentaReader      send_command('disarm') ignored — port not open
2026-07-07 12:04:46,329  WARNING  PortentaReader      send_command('disarm') ignored — port not open
2026-07-07 12:04:46,392  WARNING  PortentaReader      send_command('disarm') ignored — port not open
2026-07-07 12:04:46,455  WARNING  PortentaReader      send_command('disarm') ignored — port not open
2026-07-07 12:04:46,518  WARNING  PortentaReader      send_command('disarm') ignored — port not open
2026-07-07 12:04:46,579  WARNING  PortentaReader      send_command('disarm') ignored — port not open
2026-07-07 12:04:46,641  WARNING  PortentaReader      send_command('disarm') ignored — port not open
2026-07-07 12:04:46,703  WARNING  PortentaReader      send_command('disarm') ignored — port not open
2026-07-07 12:04:46,764  WARNING  PortentaReader      send_command('disarm') ignored — port not open
2026-07-07 12:04:46,826  WARNING  PortentaReader      send_command('disarm') ignored — port not open
2026-07-07 12:04:46,889  WARNING  PortentaReader      send_command('disarm') ignored — port not open
2026-07-07 12:04:46,951  WARNING  PortentaReader      send_command('disarm') ignored — port not open
2026-07-07 12:04:47,013  WARNING  PortentaReader      send_command('disarm') ignored — port not open
2026-07-07 12:04:47,076  WARNING  PortentaReader      send_command('disarm') ignored — port not open
2026-07-07 12:04:47,154  WARNING  PortentaReader      send_command('disarm') ignored — port not open
2026-07-07 12:04:47,231  WARNING  PortentaReader      send_command('disarm') ignored — port not open
2026-07-07 12:04:47,293  WARNING  PortentaReader      send_command('disarm') ignored — port not open
2026-07-07 12:04:47,354  WARNING  PortentaReader      send_command('disarm') ignored — port not open
2026-07-07 12:04:47,417  WARNING  PortentaReader      send_command('disarm') ignored — port not open
2026-07-07 12:04:47,478  WARNING  PortentaReader      send_command('disarm') ignored — port not open
2026-07-07 12:04:47,540  WARNING  PortentaReader      send_command('disarm') ignored — port not open
2026-07-07 12:04:47,603  WARNING  PortentaReader      send_command('disarm') ignored — port not open
2026-07-07 12:04:47,666  WARNING  PortentaReader      send_command('disarm') ignored — port not open
2026-07-07 12:04:47,728  WARNING  PortentaReader      send_command('disarm') ignored — port not open
2026-07-07 12:04:47,790  WARNING  PortentaReader      send_command('disarm') ignored — port not open
2026-07-07 12:04:47,853  WARNING  PortentaReader      send_command('disarm') ignored — port not open
2026-07-07 12:04:47,913  WARNING  PortentaReader      send_command('disarm') ignored — port not open
2026-07-07 12:04:47,976  WARNING  PortentaReader      send_command('disarm') ignored — port not open
2026-07-07 12:04:48,038  WARNING  PortentaReader      send_command('disarm') ignored — port not open
2026-07-07 12:04:48,101  WARNING  PortentaReader      send_command('disarm') ignored — port not open
2026-07-07 12:04:48,162  WARNING  PortentaReader      send_command('disarm') ignored — port not open
2026-07-07 12:04:48,224  WARNING  PortentaReader      send_command('disarm') ignored — port not open
2026-07-07 12:04:48,286  WARNING  PortentaReader      send_command('disarm') ignored — port not open
2026-07-07 12:04:48,348  WARNING  PortentaReader      send_command('disarm') ignored — port not open
2026-07-07 12:04:48,409  WARNING  PortentaReader      send_command('disarm') ignored — port not open
2026-07-07 12:04:48,471  WARNING  PortentaReader      send_command('disarm') ignored — port not open
2026-07-07 12:04:48,533  WARNING  PortentaReader      send_command('disarm') ignored — port not open
2026-07-07 12:04:48,595  WARNING  PortentaReader      send_command('disarm') ignored — port not open
2026-07-07 12:04:48,659  WARNING  PortentaReader      send_command('disarm') ignored — port not open
2026-07-07 12:04:48,721  WARNING  PortentaReader      send_command('disarm') ignored — port not open
2026-07-07 12:04:48,782  WARNING  PortentaReader      send_command('disarm') ignored — port not open
2026-07-07 12:04:48,845  WARNING  PortentaReader      send_command('disarm') ignored — port not open
2026-07-07 12:04:48,907  WARNING  PortentaReader      send_command('disarm') ignored — port not open
2026-07-07 12:04:48,969  WARNING  PortentaReader      send_command('disarm') ignored — port not open
2026-07-07 12:04:49,031  WARNING  PortentaReader      send_command('disarm') ignored — port not open
2026-07-07 12:04:49,093  WARNING  PortentaReader      send_command('disarm') ignored — port not open
2026-07-07 12:04:49,156  WARNING  PortentaReader      send_command('disarm') ignored — port not open
2026-07-07 12:04:49,218  WARNING  PortentaReader      send_command('disarm') ignored — port not open
2026-07-07 12:04:49,281  WARNING  PortentaReader      send_command('disarm') ignored — port not open
2026-07-07 12:04:49,343  WARNING  PortentaReader      send_command('disarm') ignored — port not open
2026-07-07 12:04:49,405  WARNING  PortentaReader      send_command('disarm') ignored — port not open
2026-07-07 12:04:49,467  WARNING  PortentaReader      send_command('disarm') ignored — port not open
2026-07-07 12:04:49,529  WARNING  PortentaReader      send_command('disarm') ignored — port not open
2026-07-07 12:04:49,592  WARNING  PortentaReader      send_command('disarm') ignored — port not open
2026-07-07 12:04:49,653  WARNING  PortentaReader      send_command('disarm') ignored — port not open
2026-07-07 12:04:49,731  WARNING  PortentaReader      send_command('disarm') ignored — port not open
2026-07-07 12:04:49,793  WARNING  PortentaReader      send_command('disarm') ignored — port not open
2026-07-07 12:04:49,855  WARNING  PortentaReader      send_command('disarm') ignored — port not open
2026-07-07 12:04:49,917  WARNING  PortentaReader      send_command('disarm') ignored — port not open
2026-07-07 12:04:49,980  WARNING  PortentaReader      send_command('disarm') ignored — port not open
2026-07-07 12:04:50,040  WARNING  PortentaReader      send_command('disarm') ignored — port not open
2026-07-07 12:04:50,102  WARNING  PortentaReader      send_command('disarm') ignored — port not open
2026-07-07 12:04:50,163  WARNING  PortentaReader      send_command('disarm') ignored — port not open
2026-07-07 12:04:50,226  WARNING  PortentaReader      send_command('disarm') ignored — port not open
2026-07-07 12:04:50,288  WARNING  PortentaReader      send_command('disarm') ignored — port not open
2026-07-07 12:04:50,350  WARNING  PortentaReader      send_command('disarm') ignored — port not open
2026-07-07 12:04:50,412  WARNING  PortentaReader      send_command('disarm') ignored — port not open
2026-07-07 12:04:50,474  WARNING  PortentaReader      send_command('disarm') ignored — port not open
2026-07-07 12:04:50,536  WARNING  PortentaReader      send_command('disarm') ignored — port not open
2026-07-07 12:04:50,598  WARNING  PortentaReader      send_command('disarm') ignored — port not open
2026-07-07 12:04:50,661  WARNING  PortentaReader      send_command('disarm') ignored — port not open
2026-07-07 12:04:50,723  WARNING  PortentaReader      send_command('disarm') ignored — port not open
2026-07-07 12:04:50,785  WARNING  PortentaReader      send_command('disarm') ignored — port not open
2026-07-07 12:04:50,846  WARNING  PortentaReader      send_command('disarm') ignored — port not open
2026-07-07 12:04:50,909  WARNING  PortentaReader      send_command('disarm') ignored — port not open
2026-07-07 12:04:50,972  WARNING  PortentaReader      send_command('disarm') ignored — port not open
2026-07-07 12:04:51,035  WARNING  PortentaReader      send_command('disarm') ignored — port not open
2026-07-07 12:04:51,097  WARNING  PortentaReader      send_command('disarm') ignored — port not open
2026-07-07 12:04:51,158  WARNING  PortentaReader      send_command('disarm') ignored — port not open
2026-07-07 12:04:51,220  WARNING  PortentaReader      send_command('disarm') ignored — port not open
2026-07-07 12:04:51,282  WARNING  PortentaReader      send_command('disarm') ignored — port not open
2026-07-07 12:04:51,346  WARNING  PortentaReader      send_command('disarm') ignored — port not open
2026-07-07 12:04:51,407  WARNING  PortentaReader      send_command('disarm') ignored — port not open
2026-07-07 12:04:51,469  WARNING  PortentaReader      send_command('disarm') ignored — port not open
2026-07-07 12:04:51,531  WARNING  PortentaReader      send_command('disarm') ignored — port not open
2026-07-07 12:04:51,593  WARNING  PortentaReader      send_command('disarm') ignored — port not open
2026-07-07 12:04:51,653  WARNING  PortentaReader      send_command('disarm') ignored — port not open
2026-07-07 12:04:51,731  WARNING  PortentaReader      send_command('disarm') ignored — port not open
2026-07-07 12:04:51,794  WARNING  PortentaReader      send_command('disarm') ignored — port not open
2026-07-07 12:04:51,856  WARNING  PortentaReader      send_command('disarm') ignored — port not open
2026-07-07 12:04:51,918  WARNING  PortentaReader      send_command('disarm') ignored — port not open
2026-07-07 12:04:51,979  WARNING  PortentaReader      send_command('disarm') ignored — port not open
2026-07-07 12:04:52,041  WARNING  PortentaReader      send_command('disarm') ignored — port not open
2026-07-07 12:04:52,103  WARNING  PortentaReader      send_command('disarm') ignored — port not open
2026-07-07 12:04:52,164  WARNING  PortentaReader      send_command('disarm') ignored — port not open
2026-07-07 12:04:52,227  WARNING  PortentaReader      send_command('disarm') ignored — port not open
2026-07-07 12:04:52,288  WARNING  PortentaReader      send_command('disarm') ignored — port not open
2026-07-07 12:04:52,351  WARNING  PortentaReader      send_command('disarm') ignored — port not open
2026-07-07 12:04:52,413  WARNING  PortentaReader      send_command('disarm') ignored — port not open
2026-07-07 12:04:52,474  WARNING  PortentaReader      send_command('disarm') ignored — port not open
2026-07-07 12:04:52,536  WARNING  PortentaReader      send_command('disarm') ignored — port not open
2026-07-07 12:04:52,599  WARNING  PortentaReader      send_command('disarm') ignored — port not open
2026-07-07 12:04:52,662  WARNING  PortentaReader      send_command('disarm') ignored — port not open
2026-07-07 12:04:52,725  WARNING  PortentaReader      send_command('disarm') ignored — port not open
2026-07-07 12:04:52,786  WARNING  PortentaReader      send_command('disarm') ignored — port not open
2026-07-07 12:04:52,848  WARNING  PortentaReader      send_command('disarm') ignored — port not open
2026-07-07 12:04:52,910  WARNING  PortentaReader      send_command('disarm') ignored — port not open
2026-07-07 12:04:52,972  WARNING  PortentaReader      send_command('disarm') ignored — port not open
2026-07-07 12:04:53,035  WARNING  PortentaReader      send_command('disarm') ignored — port not open
2026-07-07 12:04:53,096  WARNING  PortentaReader      send_command('disarm') ignored — port not open
2026-07-07 12:04:53,158  WARNING  PortentaReader      send_command('disarm') ignored — port not open
2026-07-07 12:04:53,220  WARNING  PortentaReader      send_command('disarm') ignored — port not open
2026-07-07 12:04:53,282  WARNING  PortentaReader      send_command('disarm') ignored — port not open
2026-07-07 12:04:53,344  WARNING  PortentaReader      send_command('disarm') ignored — port not open
2026-07-07 12:04:53,407  WARNING  PortentaReader      send_command('disarm') ignored — port not open
2026-07-07 12:04:53,468  WARNING  PortentaReader      send_command('disarm') ignored — port not open
2026-07-07 12:04:53,531  WARNING  PortentaReader      send_command('disarm') ignored — port not open
2026-07-07 12:04:53,592  WARNING  PortentaReader      send_command('disarm') ignored — port not open
2026-07-07 12:04:53,654  WARNING  PortentaReader      send_command('disarm') ignored — port not open
2026-07-07 12:04:53,717  WARNING  PortentaReader      send_command('disarm') ignored — port not open
2026-07-07 12:04:53,794  WARNING  PortentaReader      send_command('disarm') ignored — port not open
2026-07-07 12:04:53,856  WARNING  PortentaReader      send_command('disarm') ignored — port not open
2026-07-07 12:04:53,918  WARNING  PortentaReader      send_command('disarm') ignored — port not open
2026-07-07 12:04:53,980  WARNING  PortentaReader      send_command('disarm') ignored — port not open
2026-07-07 12:04:54,042  WARNING  PortentaReader      send_command('disarm') ignored — port not open
2026-07-07 12:04:54,104  WARNING  PortentaReader      send_command('disarm') ignored — port not open
2026-07-07 12:04:54,165  WARNING  PortentaReader      send_command('disarm') ignored — port not open
2026-07-07 12:04:54,228  WARNING  PortentaReader      send_command('disarm') ignored — port not open
2026-07-07 12:04:54,290  WARNING  PortentaReader      send_command('disarm') ignored — port not open
2026-07-07 12:04:54,353  WARNING  PortentaReader      send_command('disarm') ignored — port not open
2026-07-07 12:04:54,414  WARNING  PortentaReader      send_command('disarm') ignored — port not open
2026-07-07 12:04:54,477  WARNING  PortentaReader      send_command('disarm') ignored — port not open
2026-07-07 12:04:54,538  WARNING  PortentaReader      send_command('disarm') ignored — port not open
2026-07-07 12:04:54,602  WARNING  PortentaReader      send_command('disarm') ignored — port not open
2026-07-07 12:04:54,663  WARNING  PortentaReader      send_command('disarm') ignored — port not open
2026-07-07 12:04:54,726  WARNING  PortentaReader      send_command('disarm') ignored — port not open
2026-07-07 12:04:54,788  WARNING  PortentaReader      send_command('disarm') ignored — port not open
2026-07-07 12:04:54,849  WARNING  PortentaReader      send_command('disarm') ignored — port not open
2026-07-07 12:04:54,913  WARNING  PortentaReader      send_command('disarm') ignored — port not open
2026-07-07 12:04:54,975  WARNING  PortentaReader      send_command('disarm') ignored — port not open
2026-07-07 12:04:55,037  WARNING  PortentaReader      send_command('disarm') ignored — port not open
2026-07-07 12:04:55,099  WARNING  PortentaReader      send_command('disarm') ignored — port not open
2026-07-07 12:04:55,161  WARNING  PortentaReader      send_command('disarm') ignored — port not open
2026-07-07 12:04:55,222  WARNING  PortentaReader      send_command('disarm') ignored — port not open
2026-07-07 12:04:55,284  WARNING  PortentaReader      send_command('disarm') ignored — port not open
2026-07-07 12:04:55,346  WARNING  PortentaReader      send_command('disarm') ignored — port not open
2026-07-07 12:04:55,407  WARNING  PortentaReader      send_command('disarm') ignored — port not open
2026-07-07 12:04:55,469  WARNING  PortentaReader      send_command('disarm') ignored — port not open
2026-07-07 12:04:55,531  WARNING  PortentaReader      send_command('disarm') ignored — port not open
2026-07-07 12:04:55,593  WARNING  PortentaReader      send_command('disarm') ignored — port not open
2026-07-07 12:04:55,655  WARNING  PortentaReader      send_command('disarm') ignored — port not open
2026-07-07 12:04:55,717  WARNING  PortentaReader      send_command('disarm') ignored — port not open
2026-07-07 12:04:55,779  WARNING  PortentaReader      send_command('disarm') ignored — port not open
2026-07-07 12:04:55,842  WARNING  PortentaReader      send_command('disarm') ignored — port not open
2026-07-07 12:04:55,919  WARNING  PortentaReader      send_command('disarm') ignored — port not open
2026-07-07 12:04:55,980  WARNING  PortentaReader      send_command('disarm') ignored — port not open
2026-07-07 12:04:56,043  WARNING  PortentaReader      send_command('disarm') ignored — port not open
2026-07-07 12:04:56,097  WARNING  PortentaReader      send_command('disarm') ignored — port not open
2026-07-07 12:04:56,166  WARNING  PortentaReader      send_command('disarm') ignored — port not open
2026-07-07 12:04:56,229  WARNING  PortentaReader      send_command('disarm') ignored — port not open
2026-07-07 12:04:56,292  WARNING  PortentaReader      send_command('disarm') ignored — port not open
2026-07-07 12:04:56,354  WARNING  PortentaReader      send_command('disarm') ignored — port not open
2026-07-07 12:04:56,415  WARNING  PortentaReader      send_command('disarm') ignored — port not open
2026-07-07 12:04:56,477  WARNING  PortentaReader      send_command('disarm') ignored — port not open
2026-07-07 12:04:56,539  WARNING  PortentaReader      send_command('disarm') ignored — port not open
2026-07-07 12:04:56,601  WARNING  PortentaReader      send_command('disarm') ignored — port not open
2026-07-07 12:04:56,663  WARNING  PortentaReader      send_command('disarm') ignored — port not open
2026-07-07 12:04:56,725  WARNING  PortentaReader      send_command('disarm') ignored — port not open
2026-07-07 12:04:56,787  WARNING  PortentaReader      send_command('disarm') ignored — port not open
2026-07-07 12:04:56,848  WARNING  PortentaReader      send_command('disarm') ignored — port not open
2026-07-07 12:04:56,911  WARNING  PortentaReader      send_command('disarm') ignored — port not open
2026-07-07 12:04:56,973  WARNING  PortentaReader      send_command('disarm') ignored — port not open
2026-07-07 12:04:57,034  WARNING  PortentaReader      send_command('disarm') ignored — port not open
2026-07-07 12:04:57,096  WARNING  PortentaReader      send_command('disarm') ignored — port not open
2026-07-07 12:04:57,159  WARNING  PortentaReader      send_command('disarm') ignored — port not open
2026-07-07 12:04:57,221  WARNING  PortentaReader      send_command('disarm') ignored — port not open
2026-07-07 12:04:57,282  WARNING  PortentaReader      send_command('disarm') ignored — port not open
2026-07-07 12:04:57,345  WARNING  PortentaReader      send_command('disarm') ignored — port not open
2026-07-07 12:04:57,408  WARNING  PortentaReader      send_command('disarm') ignored — port not open
2026-07-07 12:04:57,470  WARNING  PortentaReader      send_command('disarm') ignored — port not open
2026-07-07 12:04:57,531  WARNING  PortentaReader      send_command('disarm') ignored — port not open
2026-07-07 12:04:57,594  WARNING  PortentaReader      send_command('disarm') ignored — port not open
2026-07-07 12:04:57,657  WARNING  PortentaReader      send_command('disarm') ignored — port not open
2026-07-07 12:04:57,719  WARNING  PortentaReader      send_command('disarm') ignored — port not open
2026-07-07 12:04:57,780  WARNING  PortentaReader      send_command('disarm') ignored — port not open
2026-07-07 12:04:57,841  WARNING  PortentaReader      send_command('disarm') ignored — port not open
2026-07-07 12:04:57,919  WARNING  PortentaReader      send_command('disarm') ignored — port not open
2026-07-07 12:04:57,982  WARNING  PortentaReader      send_command('disarm') ignored — port not open
2026-07-07 12:04:58,044  WARNING  PortentaReader      send_command('disarm') ignored — port not open
2026-07-07 12:04:58,122  WARNING  PortentaReader      send_command('disarm') ignored — port not open
2026-07-07 12:04:58,199  WARNING  PortentaReader      send_command('disarm') ignored — port not open
2026-07-07 12:04:58,261  WARNING  PortentaReader      send_command('disarm') ignored — port not open
2026-07-07 12:04:58,323  WARNING  PortentaReader      send_command('disarm') ignored — port not open
2026-07-07 12:04:58,385  WARNING  PortentaReader      send_command('disarm') ignored — port not open
2026-07-07 12:04:58,447  WARNING  PortentaReader      send_command('disarm') ignored — port not open
2026-07-07 12:04:58,510  WARNING  PortentaReader      send_command('disarm') ignored — port not open
2026-07-07 12:04:58,573  WARNING  PortentaReader      send_command('disarm') ignored — port not open
2026-07-07 12:04:58,636  WARNING  PortentaReader      send_command('disarm') ignored — port not open
2026-07-07 12:04:58,696  WARNING  PortentaReader      send_command('disarm') ignored — port not open
2026-07-07 12:04:58,759  WARNING  PortentaReader      send_command('disarm') ignored — port not open
2026-07-07 12:04:58,821  WARNING  PortentaReader      send_command('disarm') ignored — port not open
2026-07-07 12:04:58,883  WARNING  PortentaReader      send_command('disarm') ignored — port not open
2026-07-07 12:04:58,945  WARNING  PortentaReader      send_command('disarm') ignored — port not open
2026-07-07 12:04:59,007  WARNING  PortentaReader      send_command('disarm') ignored — port not open
2026-07-07 12:04:59,069  WARNING  PortentaReader      send_command('disarm') ignored — port not open
2026-07-07 12:04:59,131  WARNING  PortentaReader      send_command('disarm') ignored — port not open
2026-07-07 12:04:59,193  WARNING  PortentaReader      send_command('disarm') ignored — port not open
2026-07-07 12:04:59,254  WARNING  PortentaReader      send_command('disarm') ignored — port not open
2026-07-07 12:04:59,318  WARNING  PortentaReader      send_command('disarm') ignored — port not open
2026-07-07 12:04:59,380  WARNING  PortentaReader      send_command('disarm') ignored — port not open
2026-07-07 12:04:59,442  WARNING  PortentaReader      send_command('disarm') ignored — port not open
2026-07-07 12:04:59,503  WARNING  PortentaReader      send_command('disarm') ignored — port not open
2026-07-07 12:04:59,566  WARNING  PortentaReader      send_command('disarm') ignored — port not open
2026-07-07 12:04:59,629  WARNING  PortentaReader      send_command('disarm') ignored — port not open
2026-07-07 12:04:59,690  WARNING  PortentaReader      send_command('disarm') ignored — port not open
2026-07-07 12:04:59,752  WARNING  PortentaReader      send_command('disarm') ignored — port not open
2026-07-07 12:04:59,813  WARNING  PortentaReader      send_command('disarm') ignored — port not open
2026-07-07 12:04:59,875  WARNING  PortentaReader      send_command('disarm') ignored — port not open
2026-07-07 12:04:59,937  WARNING  PortentaReader      send_command('disarm') ignored — port not open
2026-07-07 12:04:59,999  WARNING  PortentaReader      send_command('disarm') ignored — port not open
2026-07-07 12:05:00,061  WARNING  PortentaReader      send_command('disarm') ignored — port not open
2026-07-07 12:05:00,123  WARNING  PortentaReader      send_command('disarm') ignored — port not open
2026-07-07 12:05:00,185  WARNING  PortentaReader      send_command('disarm') ignored — port not open
2026-07-07 12:05:00,261  WARNING  PortentaReader      send_command('disarm') ignored — port not open
2026-07-07 12:05:00,324  WARNING  PortentaReader      send_command('disarm') ignored — port not open
2026-07-07 12:05:00,386  WARNING  PortentaReader      send_command('disarm') ignored — port not open
2026-07-07 12:05:00,449  WARNING  PortentaReader      send_command('disarm') ignored — port not open
2026-07-07 12:05:00,512  WARNING  PortentaReader      send_command('disarm') ignored — port not open
2026-07-07 12:05:00,574  WARNING  PortentaReader      send_command('disarm') ignored — port not open
2026-07-07 12:05:00,636  WARNING  PortentaReader      send_command('disarm') ignored — port not open
2026-07-07 12:05:00,698  WARNING  PortentaReader      send_command('disarm') ignored — port not open
2026-07-07 12:05:00,760  WARNING  PortentaReader      send_command('disarm') ignored — port not open
2026-07-07 12:05:00,822  WARNING  PortentaReader      send_command('disarm') ignored — port not open
2026-07-07 12:05:00,891  WARNING  PortentaReader      send_command('disarm') ignored — port not open
2026-07-07 12:05:00,947  WARNING  PortentaReader      send_command('disarm') ignored — port not open
2026-07-07 12:05:01,009  WARNING  PortentaReader      send_command('disarm') ignored — port not open
2026-07-07 12:05:01,071  WARNING  PortentaReader      send_command('disarm') ignored — port not open
2026-07-07 12:05:01,134  WARNING  PortentaReader      send_command('disarm') ignored — port not open
2026-07-07 12:05:01,196  WARNING  PortentaReader      send_command('disarm') ignored — port not open
2026-07-07 12:05:01,257  WARNING  PortentaReader      send_command('disarm') ignored — port not open
2026-07-07 12:05:01,320  WARNING  PortentaReader      send_command('disarm') ignored — port not open
2026-07-07 12:05:01,382  WARNING  PortentaReader      send_command('disarm') ignored — port not open
2026-07-07 12:05:01,444  WARNING  PortentaReader      send_command('disarm') ignored — port not open
2026-07-07 12:05:01,506  WARNING  PortentaReader      send_command('disarm') ignored — port not open
2026-07-07 12:05:01,566  WARNING  PortentaReader      send_command('disarm') ignored — port not open
2026-07-07 12:05:01,629  WARNING  PortentaReader      send_command('disarm') ignored — port not open
2026-07-07 12:05:01,691  WARNING  PortentaReader      send_command('disarm') ignored — port not open
2026-07-07 12:05:01,752  WARNING  PortentaReader      send_command('disarm') ignored — port not open
2026-07-07 12:05:01,815  WARNING  PortentaReader      send_command('disarm') ignored — port not open
2026-07-07 12:05:01,877  WARNING  PortentaReader      send_command('disarm') ignored — port not open
2026-07-07 12:05:01,938  WARNING  PortentaReader      send_command('disarm') ignored — port not open
2026-07-07 12:05:02,001  WARNING  PortentaReader      send_command('disarm') ignored — port not open
2026-07-07 12:05:02,064  WARNING  PortentaReader      send_command('disarm') ignored — port not open
2026-07-07 12:05:02,126  WARNING  PortentaReader      send_command('disarm') ignored — port not open
2026-07-07 12:05:02,189  WARNING  PortentaReader      send_command('disarm') ignored — port not open
2026-07-07 12:05:02,250  WARNING  PortentaReader      send_command('disarm') ignored — port not open
2026-07-07 12:05:02,313  WARNING  PortentaReader      send_command('disarm') ignored — port not open
2026-07-07 12:05:02,375  WARNING  PortentaReader      send_command('disarm') ignored — port not open
2026-07-07 12:05:02,437  WARNING  PortentaReader      send_command('disarm') ignored — port not open
2026-07-07 12:05:02,499  WARNING  PortentaReader      send_command('disarm') ignored — port not open
2026-07-07 12:05:02,560  WARNING  PortentaReader      send_command('disarm') ignored — port not open
2026-07-07 12:05:02,622  WARNING  PortentaReader      send_command('disarm') ignored — port not open
2026-07-07 12:05:02,686  WARNING  PortentaReader      send_command('disarm') ignored — port not open
2026-07-07 12:05:02,749  WARNING  PortentaReader      send_command('disarm') ignored — port not open
2026-07-07 12:05:02,811  WARNING  PortentaReader      send_command('disarm') ignored — port not open
2026-07-07 12:05:02,872  WARNING  PortentaReader      send_command('disarm') ignored — port not open
2026-07-07 12:05:02,949  WARNING  PortentaReader      send_command('disarm') ignored — port not open
2026-07-07 12:05:02,998  WARNING  PortentaReader      send_command('disarm') ignored — port not open
2026-07-07 12:05:03,074  WARNING  PortentaReader      send_command('disarm') ignored — port not open
2026-07-07 12:05:03,137  WARNING  PortentaReader      send_command('disarm') ignored — port not open
2026-07-07 12:05:03,199  WARNING  PortentaReader      send_command('disarm') ignored — port not open
2026-07-07 12:05:03,262  WARNING  PortentaReader      send_command('disarm') ignored — port not open
2026-07-07 12:05:03,324  WARNING  PortentaReader      send_command('disarm') ignored — port not open
2026-07-07 12:05:03,386  WARNING  PortentaReader      send_command('disarm') ignored — port not open
2026-07-07 12:05:03,447  WARNING  PortentaReader      send_command('disarm') ignored — port not open
2026-07-07 12:05:03,508  WARNING  PortentaReader      send_command('disarm') ignored — port not open
2026-07-07 12:05:03,569  WARNING  PortentaReader      send_command('disarm') ignored — port not open
2026-07-07 12:05:03,631  WARNING  PortentaReader      send_command('disarm') ignored — port not open
2026-07-07 12:05:03,694  WARNING  PortentaReader      send_command('disarm') ignored — port not open
2026-07-07 12:05:03,756  WARNING  PortentaReader      send_command('disarm') ignored — port not open
2026-07-07 12:05:03,817  WARNING  PortentaReader      send_command('disarm') ignored — port not open
2026-07-07 12:05:03,880  WARNING  PortentaReader      send_command('disarm') ignored — port not open
2026-07-07 12:05:03,942  WARNING  PortentaReader      send_command('disarm') ignored — port not open
2026-07-07 12:05:04,004  WARNING  PortentaReader      send_command('disarm') ignored — port not open
2026-07-07 12:05:04,065  WARNING  PortentaReader      send_command('disarm') ignored — port not open
2026-07-07 12:05:04,128  WARNING  PortentaReader      send_command('disarm') ignored — port not open
2026-07-07 12:05:04,190  WARNING  PortentaReader      send_command('disarm') ignored — port not open
2026-07-07 12:05:04,252  WARNING  PortentaReader      send_command('disarm') ignored — port not open
2026-07-07 12:05:04,314  WARNING  PortentaReader      send_command('disarm') ignored — port not open
2026-07-07 12:05:04,376  WARNING  PortentaReader      send_command('disarm') ignored — port not open
2026-07-07 12:05:04,439  WARNING  PortentaReader      send_command('disarm') ignored — port not open
2026-07-07 12:05:04,501  WARNING  PortentaReader      send_command('disarm') ignored — port not open
2026-07-07 12:05:04,563  WARNING  PortentaReader      send_command('disarm') ignored — port not open
2026-07-07 12:05:04,625  WARNING  PortentaReader      send_command('disarm') ignored — port not open
2026-07-07 12:05:04,687  WARNING  PortentaReader      send_command('disarm') ignored — port not open
2026-07-07 12:05:04,750  WARNING  PortentaReader      send_command('disarm') ignored — port not open
2026-07-07 12:05:04,812  WARNING  PortentaReader      send_command('disarm') ignored — port not open
2026-07-07 12:05:04,874  WARNING  PortentaReader      send_command('disarm') ignored — port not open
2026-07-07 12:05:04,935  WARNING  PortentaReader      send_command('disarm') ignored — port not open
2026-07-07 12:05:04,998  WARNING  PortentaReader      send_command('disarm') ignored — port not open
2026-07-07 12:05:05,060  WARNING  PortentaReader      send_command('disarm') ignored — port not open
2026-07-07 12:05:05,132  WARNING  PortentaReader      send_command('disarm') ignored — port not open
2026-07-07 12:05:05,199  WARNING  PortentaReader      send_command('disarm') ignored — port not open
2026-07-07 12:05:05,261  WARNING  PortentaReader      send_command('disarm') ignored — port not open
2026-07-07 12:05:05,323  WARNING  PortentaReader      send_command('disarm') ignored — port not open
2026-07-07 12:05:05,386  WARNING  PortentaReader      send_command('disarm') ignored — port not open
2026-07-07 12:05:05,448  WARNING  PortentaReader      send_command('disarm') ignored — port not open
2026-07-07 12:05:05,509  WARNING  PortentaReader      send_command('disarm') ignored — port not open
2026-07-07 12:05:05,571  WARNING  PortentaReader      send_command('disarm') ignored — port not open
2026-07-07 12:05:05,632  WARNING  PortentaReader      send_command('disarm') ignored — port not open
2026-07-07 12:05:05,696  WARNING  PortentaReader      send_command('disarm') ignored — port not open
2026-07-07 12:05:05,757  WARNING  PortentaReader      send_command('disarm') ignored — port not open
2026-07-07 12:05:05,820  WARNING  PortentaReader      send_command('disarm') ignored — port not open
2026-07-07 12:05:05,881  WARNING  PortentaReader      send_command('disarm') ignored — port not open
2026-07-07 12:05:05,942  WARNING  PortentaReader      send_command('disarm') ignored — port not open
2026-07-07 12:05:06,004  WARNING  PortentaReader      send_command('disarm') ignored — port not open
2026-07-07 12:05:06,064  WARNING  PortentaReader      send_command('disarm') ignored — port not open
2026-07-07 12:05:06,126  WARNING  PortentaReader      send_command('disarm') ignored — port not open
2026-07-07 12:05:06,188  WARNING  PortentaReader      send_command('disarm') ignored — port not open
2026-07-07 12:05:06,250  WARNING  PortentaReader      send_command('disarm') ignored — port not open
2026-07-07 12:05:06,312  WARNING  PortentaReader      send_command('disarm') ignored — port not open
2026-07-07 12:05:06,373  WARNING  PortentaReader      send_command('disarm') ignored — port not open
2026-07-07 12:05:06,435  WARNING  PortentaReader      send_command('disarm') ignored — port not open
2026-07-07 12:05:06,511  WARNING  PortentaReader      send_command('disarm') ignored — port not open
2026-07-07 12:05:06,573  WARNING  PortentaReader      send_command('disarm') ignored — port not open
2026-07-07 12:05:06,635  WARNING  PortentaReader      send_command('disarm') ignored — port not open
2026-07-07 12:05:06,697  WARNING  PortentaReader      send_command('disarm') ignored — port not open
2026-07-07 12:05:06,760  WARNING  PortentaReader      send_command('disarm') ignored — port not open
2026-07-07 12:05:06,822  WARNING  PortentaReader      send_command('disarm') ignored — port not open
2026-07-07 12:05:06,884  WARNING  PortentaReader      send_command('disarm') ignored — port not open
2026-07-07 12:05:06,946  WARNING  PortentaReader      send_command('disarm') ignored — port not open
2026-07-07 12:05:07,008  WARNING  PortentaReader      send_command('disarm') ignored — port not open
2026-07-07 12:05:07,070  WARNING  PortentaReader      send_command('disarm') ignored — port not open
2026-07-07 12:05:07,132  WARNING  PortentaReader      send_command('disarm') ignored — port not open
2026-07-07 12:05:07,193  WARNING  PortentaReader      send_command('disarm') ignored — port not open
2026-07-07 12:05:07,256  WARNING  PortentaReader      send_command('disarm') ignored — port not open
2026-07-07 12:05:07,319  WARNING  PortentaReader      send_command('disarm') ignored — port not open
2026-07-07 12:05:07,380  WARNING  PortentaReader      send_command('disarm') ignored — port not open
2026-07-07 12:05:07,443  WARNING  PortentaReader      send_command('disarm') ignored — port not open
2026-07-07 12:05:07,505  WARNING  PortentaReader      send_command('disarm') ignored — port not open
2026-07-07 12:05:07,567  WARNING  PortentaReader      send_command('disarm') ignored — port not open
2026-07-07 12:05:07,628  WARNING  PortentaReader      send_command('disarm') ignored — port not open
2026-07-07 12:05:07,690  WARNING  PortentaReader      send_command('disarm') ignored — port not open
2026-07-07 12:05:07,753  WARNING  PortentaReader      send_command('disarm') ignored — port not open
2026-07-07 12:05:07,814  WARNING  PortentaReader      send_command('disarm') ignored — port not open
2026-07-07 12:05:07,877  WARNING  PortentaReader      send_command('disarm') ignored — port not open
2026-07-07 12:05:07,937  WARNING  PortentaReader      send_command('disarm') ignored — port not open
2026-07-07 12:05:08,000  WARNING  PortentaReader      send_command('disarm') ignored — port not open
2026-07-07 12:05:08,062  WARNING  PortentaReader      send_command('disarm') ignored — port not open
2026-07-07 12:05:08,123  WARNING  PortentaReader      send_command('disarm') ignored — port not open
2026-07-07 12:05:08,184  WARNING  PortentaReader      send_command('disarm') ignored — port not open
2026-07-07 12:05:08,262  WARNING  PortentaReader      send_command('disarm') ignored — port not open
2026-07-07 12:05:08,324  WARNING  PortentaReader      send_command('disarm') ignored — port not open
2026-07-07 12:05:08,385  WARNING  PortentaReader      send_command('disarm') ignored — port not open
2026-07-07 12:05:08,447  WARNING  PortentaReader      send_command('disarm') ignored — port not open
2026-07-07 12:05:08,511  WARNING  PortentaReader      send_command('disarm') ignored — port not open
2026-07-07 12:05:08,572  WARNING  PortentaReader      send_command('disarm') ignored — port not open
2026-07-07 12:05:08,633  WARNING  PortentaReader      send_command('disarm') ignored — port not open
2026-07-07 12:05:08,694  WARNING  PortentaReader      send_command('disarm') ignored — port not open
2026-07-07 12:05:08,756  WARNING  PortentaReader      send_command('disarm') ignored — port not open
2026-07-07 12:05:08,817  WARNING  PortentaReader      send_command('disarm') ignored — port not open
2026-07-07 12:05:08,878  WARNING  PortentaReader      send_command('disarm') ignored — port not open
2026-07-07 12:05:08,941  WARNING  PortentaReader      send_command('disarm') ignored — port not open
2026-07-07 12:05:09,002  WARNING  PortentaReader      send_command('disarm') ignored — port not open
2026-07-07 12:05:09,063  WARNING  PortentaReader      send_command('disarm') ignored — port not open
2026-07-07 12:05:09,126  WARNING  PortentaReader      send_command('disarm') ignored — port not open
2026-07-07 12:05:09,188  WARNING  PortentaReader      send_command('disarm') ignored — port not open
2026-07-07 12:05:09,250  WARNING  PortentaReader      send_command('disarm') ignored — port not open
2026-07-07 12:05:09,311  WARNING  PortentaReader      send_command('disarm') ignored — port not open
2026-07-07 12:05:09,375  WARNING  PortentaReader      send_command('disarm') ignored — port not open
2026-07-07 12:05:09,437  WARNING  PortentaReader      send_command('disarm') ignored — port not open
2026-07-07 12:05:09,500  WARNING  PortentaReader      send_command('disarm') ignored — port not open
2026-07-07 12:05:09,561  WARNING  PortentaReader      send_command('disarm') ignored — port not open
2026-07-07 12:05:09,623  WARNING  PortentaReader      send_command('disarm') ignored — port not open
2026-07-07 12:05:09,685  WARNING  PortentaReader      send_command('disarm') ignored — port not open
2026-07-07 12:05:09,762  WARNING  PortentaReader      send_command('disarm') ignored — port not open
2026-07-07 12:05:09,824  WARNING  PortentaReader      send_command('disarm') ignored — port not open
2026-07-07 12:05:09,886  WARNING  PortentaReader      send_command('disarm') ignored — port not open
2026-07-07 12:05:09,947  WARNING  PortentaReader      send_command('disarm') ignored — port not open
2026-07-07 12:05:10,009  WARNING  PortentaReader      send_command('disarm') ignored — port not open
2026-07-07 12:05:10,070  WARNING  PortentaReader      send_command('disarm') ignored — port not open
2026-07-07 12:05:10,132  WARNING  PortentaReader      send_command('disarm') ignored — port not open
2026-07-07 12:05:10,193  WARNING  PortentaReader      send_command('disarm') ignored — port not open
2026-07-07 12:05:10,255  WARNING  PortentaReader      send_command('disarm') ignored — port not open
2026-07-07 12:05:10,317  WARNING  PortentaReader      send_command('disarm') ignored — port not open
2026-07-07 12:05:10,380  WARNING  PortentaReader      send_command('disarm') ignored — port not open
2026-07-07 12:05:10,441  WARNING  PortentaReader      send_command('disarm') ignored — port not open
2026-07-07 12:05:10,503  WARNING  PortentaReader      send_command('disarm') ignored — port not open
2026-07-07 12:05:10,565  WARNING  PortentaReader      send_command('disarm') ignored — port not open
2026-07-07 12:05:10,626  WARNING  PortentaReader      send_command('disarm') ignored — port not open
2026-07-07 12:05:10,689  WARNING  PortentaReader      send_command('disarm') ignored — port not open
2026-07-07 12:05:10,751  WARNING  PortentaReader      send_command('disarm') ignored — port not open
2026-07-07 12:05:10,813  WARNING  PortentaReader      send_command('disarm') ignored — port not open
2026-07-07 12:05:10,875  WARNING  PortentaReader      send_command('disarm') ignored — port not open
2026-07-07 12:05:10,937  WARNING  PortentaReader      send_command('disarm') ignored — port not open
2026-07-07 12:05:11,000  WARNING  PortentaReader      send_command('disarm') ignored — port not open
2026-07-07 12:05:11,062  WARNING  PortentaReader      send_command('disarm') ignored — port not open
2026-07-07 12:05:11,124  WARNING  PortentaReader      send_command('disarm') ignored — port not open
2026-07-07 12:05:11,186  WARNING  PortentaReader      send_command('disarm') ignored — port not open
2026-07-07 12:05:11,248  WARNING  PortentaReader      send_command('disarm') ignored — port not open
2026-07-07 12:05:11,325  WARNING  PortentaReader      send_command('disarm') ignored — port not open
2026-07-07 12:05:11,387  WARNING  PortentaReader      send_command('disarm') ignored — port not open
2026-07-07 12:05:11,448  WARNING  PortentaReader      send_command('disarm') ignored — port not open
2026-07-07 12:05:11,510  WARNING  PortentaReader      send_command('disarm') ignored — port not open
2026-07-07 12:05:11,573  WARNING  PortentaReader      send_command('disarm') ignored — port not open
2026-07-07 12:05:11,635  WARNING  PortentaReader      send_command('disarm') ignored — port not open
2026-07-07 12:05:11,696  WARNING  PortentaReader      send_command('disarm') ignored — port not open
2026-07-07 12:05:11,758  WARNING  PortentaReader      send_command('disarm') ignored — port not open
2026-07-07 12:05:11,819  WARNING  PortentaReader      send_command('disarm') ignored — port not open
2026-07-07 12:05:11,881  WARNING  PortentaReader      send_command('disarm') ignored — port not open
2026-07-07 12:05:11,943  WARNING  PortentaReader      send_command('disarm') ignored — port not open
2026-07-07 12:05:12,005  WARNING  PortentaReader      send_command('disarm') ignored — port not open
2026-07-07 12:05:12,067  WARNING  PortentaReader      send_command('disarm') ignored — port not open
2026-07-07 12:05:12,129  WARNING  PortentaReader      send_command('disarm') ignored — port not open
2026-07-07 12:05:12,191  WARNING  PortentaReader      send_command('disarm') ignored — port not open
2026-07-07 12:05:12,254  WARNING  PortentaReader      send_command('disarm') ignored — port not open
2026-07-07 12:05:12,316  WARNING  PortentaReader      send_command('disarm') ignored — port not open
2026-07-07 12:05:12,378  WARNING  PortentaReader      send_command('disarm') ignored — port not open
2026-07-07 12:05:12,440  WARNING  PortentaReader      send_command('disarm') ignored — port not open
2026-07-07 12:05:12,503  WARNING  PortentaReader      send_command('disarm') ignored — port not open
2026-07-07 12:05:12,566  WARNING  PortentaReader      send_command('disarm') ignored — port not open
2026-07-07 12:05:12,627  WARNING  PortentaReader      send_command('disarm') ignored — port not open
2026-07-07 12:05:12,689  WARNING  PortentaReader      send_command('disarm') ignored — port not open
2026-07-07 12:05:12,750  WARNING  PortentaReader      send_command('disarm') ignored — port not open
2026-07-07 12:05:12,812  WARNING  PortentaReader      send_command('disarm') ignored — port not open
2026-07-07 12:05:12,874  WARNING  PortentaReader      send_command('disarm') ignored — port not open
2026-07-07 12:05:12,936  WARNING  PortentaReader      send_command('disarm') ignored — port not open
2026-07-07 12:05:12,997  WARNING  PortentaReader      send_command('disarm') ignored — port not open
2026-07-07 12:05:13,075  WARNING  PortentaReader      send_command('disarm') ignored — port not open
2026-07-07 12:05:13,132  WARNING  PortentaReader      send_command('disarm') ignored — port not open
2026-07-07 12:05:13,200  WARNING  PortentaReader      send_command('disarm') ignored — port not open
2026-07-07 12:05:13,262  WARNING  PortentaReader      send_command('disarm') ignored — port not open
2026-07-07 12:05:13,324  WARNING  PortentaReader      send_command('disarm') ignored — port not open
2026-07-07 12:05:13,387  WARNING  PortentaReader      send_command('disarm') ignored — port not open
2026-07-07 12:05:13,448  WARNING  PortentaReader      send_command('disarm') ignored — port not open
2026-07-07 12:05:13,510  WARNING  PortentaReader      send_command('disarm') ignored — port not open
2026-07-07 12:05:13,572  WARNING  PortentaReader      send_command('disarm') ignored — port not open
2026-07-07 12:05:13,633  WARNING  PortentaReader      send_command('disarm') ignored — port not open
2026-07-07 12:05:13,695  WARNING  PortentaReader      send_command('disarm') ignored — port not open
2026-07-07 12:05:13,758  WARNING  PortentaReader      send_command('disarm') ignored — port not open
2026-07-07 12:05:13,820  WARNING  PortentaReader      send_command('disarm') ignored — port not open
2026-07-07 12:05:13,883  WARNING  PortentaReader      send_command('disarm') ignored — port not open
2026-07-07 12:05:13,944  WARNING  PortentaReader      send_command('disarm') ignored — port not open
2026-07-07 12:05:14,007  WARNING  PortentaReader      send_command('disarm') ignored — port not open
2026-07-07 12:05:14,069  WARNING  PortentaReader      send_command('disarm') ignored — port not open
2026-07-07 12:05:14,130  WARNING  PortentaReader      send_command('disarm') ignored — port not open
2026-07-07 12:05:14,192  WARNING  PortentaReader      send_command('disarm') ignored — port not open
2026-07-07 12:05:14,254  WARNING  PortentaReader      send_command('disarm') ignored — port not open
2026-07-07 12:05:14,315  WARNING  PortentaReader      send_command('disarm') ignored — port not open
2026-07-07 12:05:14,376  WARNING  PortentaReader      send_command('disarm') ignored — port not open
2026-07-07 12:05:14,439  WARNING  PortentaReader      send_command('disarm') ignored — port not open
2026-07-07 12:05:14,500  WARNING  PortentaReader      send_command('disarm') ignored — port not open
2026-07-07 12:05:14,563  WARNING  PortentaReader      send_command('disarm') ignored — port not open
2026-07-07 12:05:14,624  WARNING  PortentaReader      send_command('disarm') ignored — port not open
2026-07-07 12:05:14,686  WARNING  PortentaReader      send_command('disarm') ignored — port not open
2026-07-07 12:05:14,749  WARNING  PortentaReader      send_command('disarm') ignored — port not open
2026-07-07 12:05:14,811  WARNING  PortentaReader      send_command('disarm') ignored — port not open
2026-07-07 12:05:14,874  WARNING  PortentaReader      send_command('disarm') ignored — port not open
2026-07-07 12:05:14,936  WARNING  PortentaReader      send_command('disarm') ignored — port not open
2026-07-07 12:05:14,999  WARNING  PortentaReader      send_command('disarm') ignored — port not open
2026-07-07 12:05:15,060  WARNING  PortentaReader      send_command('disarm') ignored — port not open
2026-07-07 12:05:15,132  WARNING  PortentaReader      send_command('disarm') ignored — port not open
2026-07-07 12:05:15,199  WARNING  PortentaReader      send_command('disarm') ignored — port not open
2026-07-07 12:05:15,261  WARNING  PortentaReader      send_command('disarm') ignored — port not open
2026-07-07 12:05:15,323  WARNING  PortentaReader      send_command('disarm') ignored — port not open
2026-07-07 12:05:15,385  WARNING  PortentaReader      send_command('disarm') ignored — port not open
2026-07-07 12:05:15,447  WARNING  PortentaReader      send_command('disarm') ignored — port not open
2026-07-07 12:05:15,509  WARNING  PortentaReader      send_command('disarm') ignored — port not open
2026-07-07 12:05:15,571  WARNING  PortentaReader      send_command('disarm') ignored — port not open
2026-07-07 12:05:15,633  WARNING  PortentaReader      send_command('disarm') ignored — port not open
2026-07-07 12:05:15,695  WARNING  PortentaReader      send_command('disarm') ignored — port not open
2026-07-07 12:05:15,758  WARNING  PortentaReader      send_command('disarm') ignored — port not open
2026-07-07 12:05:15,820  WARNING  PortentaReader      send_command('disarm') ignored — port not open
2026-07-07 12:05:15,882  WARNING  PortentaReader      send_command('disarm') ignored — port not open
2026-07-07 12:05:15,944  WARNING  PortentaReader      send_command('disarm') ignored — port not open
2026-07-07 12:05:16,006  WARNING  PortentaReader      send_command('disarm') ignored — port not open
2026-07-07 12:05:16,067  WARNING  PortentaReader      send_command('disarm') ignored — port not open
2026-07-07 12:05:16,129  WARNING  PortentaReader      send_command('disarm') ignored — port not open
2026-07-07 12:05:16,190  WARNING  PortentaReader      send_command('disarm') ignored — port not open
2026-07-07 12:05:16,252  WARNING  PortentaReader      send_command('disarm') ignored — port not open
2026-07-07 12:05:16,313  WARNING  PortentaReader      send_command('disarm') ignored — port not open
2026-07-07 12:05:16,375  WARNING  PortentaReader      send_command('disarm') ignored — port not open
2026-07-07 12:05:16,436  WARNING  PortentaReader      send_command('disarm') ignored — port not open
2026-07-07 12:05:16,498  WARNING  PortentaReader      send_command('disarm') ignored — port not open
2026-07-07 12:05:16,574  WARNING  PortentaReader      send_command('disarm') ignored — port not open
2026-07-07 12:05:16,637  WARNING  PortentaReader      send_command('disarm') ignored — port not open
2026-07-07 12:05:16,699  WARNING  PortentaReader      send_command('disarm') ignored — port not open
2026-07-07 12:05:16,761  WARNING  PortentaReader      send_command('disarm') ignored — port not open
2026-07-07 12:05:16,824  WARNING  PortentaReader      send_command('disarm') ignored — port not open
2026-07-07 12:05:16,886  WARNING  PortentaReader      send_command('disarm') ignored — port not open
2026-07-07 12:05:16,947  WARNING  PortentaReader      send_command('disarm') ignored — port not open
2026-07-07 12:05:17,012  WARNING  PortentaReader      send_command('disarm') ignored — port not open
2026-07-07 12:05:17,074  WARNING  PortentaReader      send_command('disarm') ignored — port not open
2026-07-07 12:05:17,136  WARNING  PortentaReader      send_command('disarm') ignored — port not open
2026-07-07 12:05:17,198  WARNING  PortentaReader      send_command('disarm') ignored — port not open
2026-07-07 12:05:17,260  WARNING  PortentaReader      send_command('disarm') ignored — port not open
2026-07-07 12:05:17,322  WARNING  PortentaReader      send_command('disarm') ignored — port not open
2026-07-07 12:05:17,383  WARNING  PortentaReader      send_command('disarm') ignored — port not open
2026-07-07 12:05:17,446  WARNING  PortentaReader      send_command('disarm') ignored — port not open
2026-07-07 12:05:17,507  WARNING  PortentaReader      send_command('disarm') ignored — port not open
2026-07-07 12:05:17,568  WARNING  PortentaReader      send_command('disarm') ignored — port not open
2026-07-07 12:05:17,630  WARNING  PortentaReader      send_command('disarm') ignored — port not open
2026-07-07 12:05:17,692  WARNING  PortentaReader      send_command('disarm') ignored — port not open
2026-07-07 12:05:17,754  WARNING  PortentaReader      send_command('disarm') ignored — port not open
2026-07-07 12:05:17,817  WARNING  PortentaReader      send_command('disarm') ignored — port not open
2026-07-07 12:05:17,879  WARNING  PortentaReader      send_command('disarm') ignored — port not open
2026-07-07 12:05:17,940  WARNING  PortentaReader      send_command('disarm') ignored — port not open
2026-07-07 12:05:18,002  WARNING  PortentaReader      send_command('disarm') ignored — port not open
2026-07-07 12:05:18,063  WARNING  PortentaReader      send_command('disarm') ignored — port not open
2026-07-07 12:05:18,126  WARNING  PortentaReader      send_command('disarm') ignored — port not open
2026-07-07 12:05:18,187  WARNING  PortentaReader      send_command('disarm') ignored — port not open
2026-07-07 12:05:18,249  WARNING  PortentaReader      send_command('disarm') ignored — port not open
2026-07-07 12:05:18,310  WARNING  PortentaReader      send_command('disarm') ignored — port not open
2026-07-07 12:05:18,388  WARNING  PortentaReader      send_command('disarm') ignored — port not open
2026-07-07 12:05:18,436  WARNING  PortentaReader      send_command('disarm') ignored — port not open
2026-07-07 12:05:18,498  WARNING  PortentaReader      send_command('disarm') ignored — port not open
2026-07-07 12:05:18,561  WARNING  PortentaReader      send_command('disarm') ignored — port not open
2026-07-07 12:05:18,637  WARNING  PortentaReader      send_command('disarm') ignored — port not open
2026-07-07 12:05:18,699  WARNING  PortentaReader      send_command('disarm') ignored — port not open
2026-07-07 12:05:18,760  WARNING  PortentaReader      send_command('disarm') ignored — port not open
2026-07-07 12:05:18,822  WARNING  PortentaReader      send_command('disarm') ignored — port not open
2026-07-07 12:05:18,884  WARNING  PortentaReader      send_command('disarm') ignored — port not open
2026-07-07 12:05:18,946  WARNING  PortentaReader      send_command('disarm') ignored — port not open
2026-07-07 12:05:19,009  WARNING  PortentaReader      send_command('disarm') ignored — port not open
2026-07-07 12:05:19,069  WARNING  PortentaReader      send_command('disarm') ignored — port not open
2026-07-07 12:05:19,131  WARNING  PortentaReader      send_command('disarm') ignored — port not open
2026-07-07 12:05:19,193  WARNING  PortentaReader      send_command('disarm') ignored — port not open
2026-07-07 12:05:19,256  WARNING  PortentaReader      send_command('disarm') ignored — port not open
2026-07-07 12:05:19,318  WARNING  PortentaReader      send_command('disarm') ignored — port not open
2026-07-07 12:05:19,381  WARNING  PortentaReader      send_command('disarm') ignored — port not open
2026-07-07 12:05:19,443  WARNING  PortentaReader      send_command('disarm') ignored — port not open
2026-07-07 12:05:19,505  WARNING  PortentaReader      send_command('disarm') ignored — port not open
2026-07-07 12:05:19,566  WARNING  PortentaReader      send_command('disarm') ignored — port not open
2026-07-07 12:05:19,628  WARNING  PortentaReader      send_command('disarm') ignored — port not open
2026-07-07 12:05:19,689  WARNING  PortentaReader      send_command('disarm') ignored — port not open
2026-07-07 12:05:19,751  WARNING  PortentaReader      send_command('disarm') ignored — port not open
2026-07-07 12:05:19,813  WARNING  PortentaReader      send_command('disarm') ignored — port not open
2026-07-07 12:05:19,874  WARNING  PortentaReader      send_command('disarm') ignored — port not open
2026-07-07 12:05:19,936  WARNING  PortentaReader      send_command('disarm') ignored — port not open
2026-07-07 12:05:19,998  WARNING  PortentaReader      send_command('disarm') ignored — port not open
2026-07-07 12:05:20,061  WARNING  PortentaReader      send_command('disarm') ignored — port not open
2026-07-07 12:05:20,123  WARNING  PortentaReader      send_command('disarm') ignored — port not open
2026-07-07 12:05:20,185  WARNING  PortentaReader      send_command('disarm') ignored — port not open
2026-07-07 12:05:20,261  WARNING  PortentaReader      send_command('disarm') ignored — port not open
2026-07-07 12:05:20,324  WARNING  PortentaReader      send_command('disarm') ignored — port not open
2026-07-07 12:05:20,386  WARNING  PortentaReader      send_command('disarm') ignored — port not open
2026-07-07 12:05:20,448  WARNING  PortentaReader      send_command('disarm') ignored — port not open
2026-07-07 12:05:20,510  WARNING  PortentaReader      send_command('disarm') ignored — port not open
2026-07-07 12:05:20,573  WARNING  PortentaReader      send_command('disarm') ignored — port not open
2026-07-07 12:05:20,635  WARNING  PortentaReader      send_command('disarm') ignored — port not open
2026-07-07 12:05:20,698  WARNING  PortentaReader      send_command('disarm') ignored — port not open
2026-07-07 12:05:20,760  WARNING  PortentaReader      send_command('disarm') ignored — port not open
2026-07-07 12:05:20,821  WARNING  PortentaReader      send_command('disarm') ignored — port not open
2026-07-07 12:05:20,882  WARNING  PortentaReader      send_command('disarm') ignored — port not open
2026-07-07 12:05:20,944  WARNING  PortentaReader      send_command('disarm') ignored — port not open
2026-07-07 12:05:21,006  WARNING  PortentaReader      send_command('disarm') ignored — port not open
2026-07-07 12:05:21,067  WARNING  PortentaReader      send_command('disarm') ignored — port not open
2026-07-07 12:05:21,130  WARNING  PortentaReader      send_command('disarm') ignored — port not open
2026-07-07 12:05:21,193  WARNING  PortentaReader      send_command('disarm') ignored — port not open
2026-07-07 12:05:21,254  WARNING  PortentaReader      send_command('disarm') ignored — port not open
2026-07-07 12:05:21,316  WARNING  PortentaReader      send_command('disarm') ignored — port not open
2026-07-07 12:05:21,378  WARNING  PortentaReader      send_command('disarm') ignored — port not open
2026-07-07 12:05:21,440  WARNING  PortentaReader      send_command('disarm') ignored — port not open
2026-07-07 12:05:21,501  WARNING  PortentaReader      send_command('disarm') ignored — port not open
2026-07-07 12:05:21,564  WARNING  PortentaReader      send_command('disarm') ignored — port not open
2026-07-07 12:05:21,627  WARNING  PortentaReader      send_command('disarm') ignored — port not open
2026-07-07 12:05:21,702  WARNING  PortentaReader      send_command('disarm') ignored — port not open
2026-07-07 12:05:21,750  WARNING  PortentaReader      send_command('disarm') ignored — port not open
2026-07-07 12:05:21,812  WARNING  PortentaReader      send_command('disarm') ignored — port not open
2026-07-07 12:05:21,875  WARNING  PortentaReader      send_command('disarm') ignored — port not open
2026-07-07 12:05:21,936  WARNING  PortentaReader      send_command('disarm') ignored — port not open
2026-07-07 12:05:21,997  WARNING  PortentaReader      send_command('disarm') ignored — port not open
2026-07-07 12:05:22,060  WARNING  PortentaReader      send_command('disarm') ignored — port not open
2026-07-07 12:05:22,136  WARNING  PortentaReader      send_command('disarm') ignored — port not open
2026-07-07 12:05:22,200  WARNING  PortentaReader      send_command('disarm') ignored — port not open
2026-07-07 12:05:22,248  WARNING  PortentaReader      send_command('disarm') ignored — port not open
2026-07-07 12:05:22,323  WARNING  PortentaReader      send_command('disarm') ignored — port not open
2026-07-07 12:05:22,385  WARNING  PortentaReader      send_command('disarm') ignored — port not open
2026-07-07 12:05:22,448  WARNING  PortentaReader      send_command('disarm') ignored — port not open
2026-07-07 12:05:22,510  WARNING  PortentaReader      send_command('disarm') ignored — port not open
2026-07-07 12:05:22,572  WARNING  PortentaReader      send_command('disarm') ignored — port not open
2026-07-07 12:05:22,633  WARNING  PortentaReader      send_command('disarm') ignored — port not open
2026-07-07 12:05:22,694  WARNING  PortentaReader      send_command('disarm') ignored — port not open
2026-07-07 12:05:22,758  WARNING  PortentaReader      send_command('disarm') ignored — port not open
2026-07-07 12:05:22,818  WARNING  PortentaReader      send_command('disarm') ignored — port not open
2026-07-07 12:05:22,881  WARNING  PortentaReader      send_command('disarm') ignored — port not open
2026-07-07 12:05:22,943  WARNING  PortentaReader      send_command('disarm') ignored — port not open
2026-07-07 12:05:23,006  WARNING  PortentaReader      send_command('disarm') ignored — port not open
2026-07-07 12:05:23,067  WARNING  PortentaReader      send_command('disarm') ignored — port not open
2026-07-07 12:05:23,131  WARNING  PortentaReader      send_command('disarm') ignored — port not open
2026-07-07 12:05:23,191  WARNING  PortentaReader      send_command('disarm') ignored — port not open
2026-07-07 12:05:23,254  WARNING  PortentaReader      send_command('disarm') ignored — port not open
2026-07-07 12:05:23,317  WARNING  PortentaReader      send_command('disarm') ignored — port not open
2026-07-07 12:05:23,379  WARNING  PortentaReader      send_command('disarm') ignored — port not open
2026-07-07 12:05:23,441  WARNING  PortentaReader      send_command('disarm') ignored — port not open
2026-07-07 12:05:23,503  WARNING  PortentaReader      send_command('disarm') ignored — port not open
2026-07-07 12:05:23,563  WARNING  PortentaReader      send_command('disarm') ignored — port not open
2026-07-07 12:05:23,627  WARNING  PortentaReader      send_command('disarm') ignored — port not open
2026-07-07 12:05:23,689  WARNING  PortentaReader      send_command('disarm') ignored — port not open
2026-07-07 12:05:23,751  WARNING  PortentaReader      send_command('disarm') ignored — port not open
2026-07-07 12:05:23,813  WARNING  PortentaReader      send_command('disarm') ignored — port not open
2026-07-07 12:05:23,876  WARNING  PortentaReader      send_command('disarm') ignored — port not open
2026-07-07 12:05:23,938  WARNING  PortentaReader      send_command('disarm') ignored — port not open
2026-07-07 12:05:24,001  WARNING  PortentaReader      send_command('disarm') ignored — port not open
2026-07-07 12:05:24,063  WARNING  PortentaReader      send_command('disarm') ignored — port not open
2026-07-07 12:05:24,125  WARNING  PortentaReader      send_command('disarm') ignored — port not open
2026-07-07 12:05:24,187  WARNING  PortentaReader      send_command('disarm') ignored — port not open
2026-07-07 12:05:24,250  WARNING  PortentaReader      send_command('disarm') ignored — port not open
2026-07-07 12:05:24,312  WARNING  PortentaReader      send_command('disarm') ignored — port not open
2026-07-07 12:05:24,373  WARNING  PortentaReader      send_command('disarm') ignored — port not open
2026-07-07 12:05:24,435  WARNING  PortentaReader      send_command('disarm') ignored — port not open
2026-07-07 12:05:24,498  WARNING  PortentaReader      send_command('disarm') ignored — port not open
2026-07-07 12:05:24,574  WARNING  PortentaReader      send_command('disarm') ignored — port not open
2026-07-07 12:05:24,636  WARNING  PortentaReader      send_command('disarm') ignored — port not open
2026-07-07 12:05:24,699  WARNING  PortentaReader      send_command('disarm') ignored — port not open
2026-07-07 12:05:24,761  WARNING  PortentaReader      send_command('disarm') ignored — port not open
2026-07-07 12:05:24,824  WARNING  PortentaReader      send_command('disarm') ignored — port not open
2026-07-07 12:05:24,885  WARNING  PortentaReader      send_command('disarm') ignored — port not open
2026-07-07 12:05:24,947  WARNING  PortentaReader      send_command('disarm') ignored — port not open
2026-07-07 12:05:25,010  WARNING  PortentaReader      send_command('disarm') ignored — port not open
2026-07-07 12:05:25,071  WARNING  PortentaReader      send_command('disarm') ignored — port not open
2026-07-07 12:05:25,133  WARNING  PortentaReader      send_command('disarm') ignored — port not open
2026-07-07 12:05:25,196  WARNING  PortentaReader      send_command('disarm') ignored — port not open
2026-07-07 12:05:25,257  WARNING  PortentaReader      send_command('disarm') ignored — port not open
2026-07-07 12:05:25,319  WARNING  PortentaReader      send_command('disarm') ignored — port not open
2026-07-07 12:05:25,381  WARNING  PortentaReader      send_command('disarm') ignored — port not open
2026-07-07 12:05:25,444  WARNING  PortentaReader      send_command('disarm') ignored — port not open
2026-07-07 12:05:25,507  WARNING  PortentaReader      send_command('disarm') ignored — port not open
2026-07-07 12:05:25,569  WARNING  PortentaReader      send_command('disarm') ignored — port not open
2026-07-07 12:05:25,629  WARNING  PortentaReader      send_command('disarm') ignored — port not open
2026-07-07 12:05:25,692  WARNING  PortentaReader      send_command('disarm') ignored — port not open
2026-07-07 12:05:25,754  WARNING  PortentaReader      send_command('disarm') ignored — port not open
2026-07-07 12:05:25,815  WARNING  PortentaReader      send_command('disarm') ignored — port not open
2026-07-07 12:05:25,876  WARNING  PortentaReader      send_command('disarm') ignored — port not open
2026-07-07 12:05:25,939  WARNING  PortentaReader      send_command('disarm') ignored — port not open
2026-07-07 12:05:26,008  WARNING  PortentaReader      send_command('disarm') ignored — port not open
2026-07-07 12:05:26,063  WARNING  PortentaReader      send_command('disarm') ignored — port not open
2026-07-07 12:05:26,124  WARNING  PortentaReader      send_command('disarm') ignored — port not open
2026-07-07 12:05:26,188  WARNING  PortentaReader      send_command('disarm') ignored — port not open
2026-07-07 12:05:26,251  WARNING  PortentaReader      send_command('disarm') ignored — port not open
2026-07-07 12:05:26,313  WARNING  PortentaReader      send_command('disarm') ignored — port not open
2026-07-07 12:05:26,376  WARNING  PortentaReader      send_command('disarm') ignored — port not open
2026-07-07 12:05:26,437  WARNING  PortentaReader      send_command('disarm') ignored — port not open
2026-07-07 12:05:26,501  WARNING  PortentaReader      send_command('disarm') ignored — port not open
2026-07-07 12:05:26,562  WARNING  PortentaReader      send_command('disarm') ignored — port not open
2026-07-07 12:05:26,625  WARNING  PortentaReader      send_command('disarm') ignored — port not open
2026-07-07 12:05:26,686  WARNING  PortentaReader      send_command('disarm') ignored — port not open
2026-07-07 12:05:26,748  WARNING  PortentaReader      send_command('disarm') ignored — port not open
2026-07-07 12:05:26,810  WARNING  PortentaReader      send_command('disarm') ignored — port not open
2026-07-07 12:05:26,888  WARNING  PortentaReader      send_command('disarm') ignored — port not open
2026-07-07 12:05:26,949  WARNING  PortentaReader      send_command('disarm') ignored — port not open
2026-07-07 12:05:26,999  WARNING  PortentaReader      send_command('disarm') ignored — port not open
2026-07-07 12:05:27,060  WARNING  PortentaReader      send_command('disarm') ignored — port not open
2026-07-07 12:05:27,123  WARNING  PortentaReader      send_command('disarm') ignored — port not open
2026-07-07 12:05:27,185  WARNING  PortentaReader      send_command('disarm') ignored — port not open
2026-07-07 12:05:27,255  WARNING  PortentaReader      send_command('disarm') ignored — port not open
2026-07-07 12:05:27,331  WARNING  PortentaReader      send_command('disarm') ignored — port not open
2026-07-07 12:05:27,401  WARNING  PortentaReader      send_command('disarm') ignored — port not open
2026-07-07 12:05:27,463  WARNING  PortentaReader      send_command('disarm') ignored — port not open
2026-07-07 12:05:27,525  WARNING  PortentaReader      send_command('disarm') ignored — port not open
2026-07-07 12:05:27,587  WARNING  PortentaReader      send_command('disarm') ignored — port not open
2026-07-07 12:05:27,649  WARNING  PortentaReader      send_command('disarm') ignored — port not open
2026-07-07 12:05:27,711  WARNING  PortentaReader      send_command('disarm') ignored — port not open
2026-07-07 12:05:27,773  WARNING  PortentaReader      send_command('disarm') ignored — port not open
2026-07-07 12:05:27,836  WARNING  PortentaReader      send_command('disarm') ignored — port not open
2026-07-07 12:05:27,897  WARNING  PortentaReader      send_command('disarm') ignored — port not open
2026-07-07 12:05:27,960  WARNING  PortentaReader      send_command('disarm') ignored — port not open
2026-07-07 12:05:28,022  WARNING  PortentaReader      send_command('disarm') ignored — port not open
2026-07-07 12:05:28,084  WARNING  PortentaReader      send_command('disarm') ignored — port not open
2026-07-07 12:05:28,140  WARNING  PortentaReader      send_command('disarm') ignored — port not open
2026-07-07 12:05:28,207  WARNING  PortentaReader      send_command('disarm') ignored — port not open
2026-07-07 12:05:28,273  WARNING  PortentaReader      send_command('disarm') ignored — port not open
2026-07-07 12:05:28,334  WARNING  PortentaReader      send_command('disarm') ignored — port not open
2026-07-07 12:05:28,396  WARNING  PortentaReader      send_command('disarm') ignored — port not open
2026-07-07 12:05:28,468  WARNING  PortentaReader      send_command('disarm') ignored — port not open
2026-07-07 12:05:28,519  WARNING  PortentaReader      send_command('disarm') ignored — port not open
2026-07-07 12:05:28,576  WARNING  PortentaReader      send_command('disarm') ignored — port not open
2026-07-07 12:05:28,645  WARNING  PortentaReader      send_command('disarm') ignored — port not open
2026-07-07 12:05:28,707  WARNING  PortentaReader      send_command('disarm') ignored — port not open
2026-07-07 12:05:28,768  WARNING  PortentaReader      send_command('disarm') ignored — port not open
2026-07-07 12:05:28,829  WARNING  PortentaReader      send_command('disarm') ignored — port not open
2026-07-07 12:05:28,890  WARNING  PortentaReader      send_command('disarm') ignored — port not open
2026-07-07 12:05:28,952  WARNING  PortentaReader      send_command('disarm') ignored — port not open
2026-07-07 12:05:29,014  WARNING  PortentaReader      send_command('disarm') ignored — port not open
2026-07-07 12:05:29,077  WARNING  PortentaReader      send_command('disarm') ignored — port not open
2026-07-07 12:05:29,139  WARNING  PortentaReader      send_command('disarm') ignored — port not open
2026-07-07 12:05:29,202  WARNING  PortentaReader      send_command('disarm') ignored — port not open
2026-07-07 12:05:29,263  WARNING  PortentaReader      send_command('disarm') ignored — port not open
2026-07-07 12:05:29,325  WARNING  PortentaReader      send_command('disarm') ignored — port not open
2026-07-07 12:05:29,402  WARNING  PortentaReader      send_command('disarm') ignored — port not open
2026-07-07 12:05:29,464  WARNING  PortentaReader      send_command('disarm') ignored — port not open
2026-07-07 12:05:29,515  WARNING  PortentaReader      send_command('disarm') ignored — port not open
2026-07-07 12:05:29,588  WARNING  PortentaReader      send_command('disarm') ignored — port not open
2026-07-07 12:05:29,649  WARNING  PortentaReader      send_command('disarm') ignored — port not open
2026-07-07 12:05:29,717  WARNING  PortentaReader      send_command('disarm') ignored — port not open
2026-07-07 12:05:29,772  WARNING  PortentaReader      send_command('disarm') ignored — port not open
2026-07-07 12:05:29,845  WARNING  PortentaReader      send_command('disarm') ignored — port not open
2026-07-07 12:05:29,896  WARNING  PortentaReader      send_command('disarm') ignored — port not open
2026-07-07 12:05:29,958  WARNING  PortentaReader      send_command('disarm') ignored — port not open
2026-07-07 12:05:30,019  WARNING  PortentaReader      send_command('disarm') ignored — port not open
2026-07-07 12:05:30,080  WARNING  PortentaReader      send_command('disarm') ignored — port not open
2026-07-07 12:05:30,141  WARNING  PortentaReader      send_command('disarm') ignored — port not open
2026-07-07 12:05:30,205  WARNING  PortentaReader      send_command('disarm') ignored — port not open
2026-07-07 12:05:30,267  WARNING  PortentaReader      send_command('disarm') ignored — port not open
2026-07-07 12:05:30,328  WARNING  PortentaReader      send_command('disarm') ignored — port not open
2026-07-07 12:05:30,391  WARNING  PortentaReader      send_command('disarm') ignored — port not open
2026-07-07 12:05:30,452  WARNING  PortentaReader      send_command('disarm') ignored — port not open
2026-07-07 12:05:30,515  WARNING  PortentaReader      send_command('disarm') ignored — port not open
2026-07-07 12:05:30,578  WARNING  PortentaReader      send_command('disarm') ignored — port not open
2026-07-07 12:05:30,642  WARNING  PortentaReader      send_command('disarm') ignored — port not open
2026-07-07 12:05:30,704  WARNING  PortentaReader      send_command('disarm') ignored — port not open
2026-07-07 12:05:30,766  WARNING  PortentaReader      send_command('disarm') ignored — port not open
2026-07-07 12:05:30,828  WARNING  PortentaReader      send_command('disarm') ignored — port not open
2026-07-07 12:05:30,889  WARNING  PortentaReader      send_command('disarm') ignored — port not open
2026-07-07 12:05:30,951  WARNING  PortentaReader      send_command('disarm') ignored — port not open
2026-07-07 12:05:31,012  WARNING  PortentaReader      send_command('disarm') ignored — port not open
2026-07-07 12:05:31,090  WARNING  PortentaReader      send_command('disarm') ignored — port not open
2026-07-07 12:05:31,152  WARNING  PortentaReader      send_command('disarm') ignored — port not open
2026-07-07 12:05:31,214  WARNING  PortentaReader      send_command('disarm') ignored — port not open
2026-07-07 12:05:31,277  WARNING  PortentaReader      send_command('disarm') ignored — port not open
2026-07-07 12:05:31,338  WARNING  PortentaReader      send_command('disarm') ignored — port not open
2026-07-07 12:05:31,400  WARNING  PortentaReader      send_command('disarm') ignored — port not open
2026-07-07 12:05:31,462  WARNING  PortentaReader      send_command('disarm') ignored — port not open
2026-07-07 12:05:31,523  WARNING  PortentaReader      send_command('disarm') ignored — port not open
2026-07-07 12:05:31,586  WARNING  PortentaReader      send_command('disarm') ignored — port not open
2026-07-07 12:05:31,649  WARNING  PortentaReader      send_command('disarm') ignored — port not open
2026-07-07 12:05:31,717  WARNING  PortentaReader      send_command('disarm') ignored — port not open
2026-07-07 12:05:31,772  WARNING  PortentaReader      send_command('disarm') ignored — port not open
2026-07-07 12:05:31,844  WARNING  PortentaReader      send_command('disarm') ignored — port not open
2026-07-07 12:05:31,897  WARNING  PortentaReader      send_command('disarm') ignored — port not open
2026-07-07 12:05:31,959  WARNING  PortentaReader      send_command('disarm') ignored — port not open
2026-07-07 12:05:32,021  WARNING  PortentaReader      send_command('disarm') ignored — port not open
2026-07-07 12:05:32,083  WARNING  PortentaReader      send_command('disarm') ignored — port not open
2026-07-07 12:05:32,141  WARNING  PortentaReader      send_command('disarm') ignored — port not open
2026-07-07 12:05:32,209  WARNING  PortentaReader      send_command('disarm') ignored — port not open
2026-07-07 12:05:32,272  WARNING  PortentaReader      send_command('disarm') ignored — port not open
2026-07-07 12:05:32,335  WARNING  PortentaReader      send_command('disarm') ignored — port not open
2026-07-07 12:05:32,397  WARNING  PortentaReader      send_command('disarm') ignored — port not open
2026-07-07 12:05:32,458  WARNING  PortentaReader      send_command('disarm') ignored — port not open
2026-07-07 12:05:32,521  WARNING  PortentaReader      send_command('disarm') ignored — port not open
2026-07-07 12:05:32,585  WARNING  PortentaReader      send_command('disarm') ignored — port not open
2026-07-07 12:05:32,648  WARNING  PortentaReader      send_command('disarm') ignored — port not open
2026-07-07 12:05:32,710  WARNING  PortentaReader      send_command('disarm') ignored — port not open
2026-07-07 12:05:32,774  WARNING  PortentaReader      send_command('disarm') ignored — port not open
2026-07-07 12:05:32,837  WARNING  PortentaReader      send_command('disarm') ignored — port not open
2026-07-07 12:05:32,898  WARNING  PortentaReader      send_command('disarm') ignored — port not open
2026-07-07 12:05:32,954  WARNING  PortentaReader      send_command('disarm') ignored — port not open
2026-07-07 12:05:33,023  WARNING  PortentaReader      send_command('disarm') ignored — port not open
2026-07-07 12:05:33,084  WARNING  PortentaReader      send_command('disarm') ignored — port not open
2026-07-07 12:05:33,138  WARNING  PortentaReader      send_command('disarm') ignored — port not open
2026-07-07 12:05:33,211  WARNING  PortentaReader      send_command('disarm') ignored — port not open
2026-07-07 12:05:33,274  WARNING  PortentaReader      send_command('disarm') ignored — port not open
2026-07-07 12:05:33,337  WARNING  PortentaReader      send_command('disarm') ignored — port not open
2026-07-07 12:05:33,400  WARNING  PortentaReader      send_command('disarm') ignored — port not open
2026-07-07 12:05:33,462  WARNING  PortentaReader      send_command('disarm') ignored — port not open
2026-07-07 12:05:33,524  WARNING  PortentaReader      send_command('disarm') ignored — port not open
2026-07-07 12:05:33,587  WARNING  PortentaReader      send_command('disarm') ignored — port not open
2026-07-07 12:05:33,650  WARNING  PortentaReader      send_command('disarm') ignored — port not open
2026-07-07 12:05:33,713  WARNING  PortentaReader      send_command('disarm') ignored — port not open
2026-07-07 12:05:33,775  WARNING  PortentaReader      send_command('disarm') ignored — port not open
2026-07-07 12:05:33,839  WARNING  PortentaReader      send_command('disarm') ignored — port not open
2026-07-07 12:05:33,901  WARNING  PortentaReader      send_command('disarm') ignored — port not open
2026-07-07 12:05:33,963  WARNING  PortentaReader      send_command('disarm') ignored — port not open
2026-07-07 12:05:34,024  WARNING  PortentaReader      send_command('disarm') ignored — port not open
2026-07-07 12:05:34,085  WARNING  PortentaReader      send_command('disarm') ignored — port not open
2026-07-07 12:05:34,138  WARNING  PortentaReader      send_command('disarm') ignored — port not open
2026-07-07 12:05:34,219  WARNING  PortentaReader      send_command('disarm') ignored — port not open
2026-07-07 12:05:34,284  WARNING  PortentaReader      send_command('disarm') ignored — port not open
2026-07-07 12:05:34,333  WARNING  PortentaReader      send_command('disarm') ignored — port not open
2026-07-07 12:05:34,396  WARNING  PortentaReader      send_command('disarm') ignored — port not open
2026-07-07 12:05:34,458  WARNING  PortentaReader      send_command('disarm') ignored — port not open
2026-07-07 12:05:34,520  WARNING  PortentaReader      send_command('disarm') ignored — port not open
2026-07-07 12:05:34,583  WARNING  PortentaReader      send_command('disarm') ignored — port not open
2026-07-07 12:05:34,645  WARNING  PortentaReader      send_command('disarm') ignored — port not open
2026-07-07 12:05:34,707  WARNING  PortentaReader      send_command('disarm') ignored — port not open
2026-07-07 12:05:34,768  WARNING  PortentaReader      send_command('disarm') ignored — port not open
2026-07-07 12:05:34,831  WARNING  PortentaReader      send_command('disarm') ignored — port not open
2026-07-07 12:05:34,894  WARNING  PortentaReader      send_command('disarm') ignored — port not open
2026-07-07 12:05:34,954  WARNING  PortentaReader      send_command('disarm') ignored — port not open
2026-07-07 12:05:35,016  WARNING  PortentaReader      send_command('disarm') ignored — port not open
2026-07-07 12:05:35,080  WARNING  PortentaReader      send_command('disarm') ignored — port not open
2026-07-07 12:05:35,143  WARNING  PortentaReader      send_command('disarm') ignored — port not open
2026-07-07 12:05:35,212  WARNING  PortentaReader      send_command('disarm') ignored — port not open
2026-07-07 12:05:35,266  WARNING  PortentaReader      send_command('disarm') ignored — port not open
2026-07-07 12:05:35,327  WARNING  PortentaReader      send_command('disarm') ignored — port not open
2026-07-07 12:05:35,389  WARNING  PortentaReader      send_command('disarm') ignored — port not open
2026-07-07 12:05:35,452  WARNING  PortentaReader      send_command('disarm') ignored — port not open
2026-07-07 12:05:35,521  WARNING  PortentaReader      send_command('disarm') ignored — port not open
2026-07-07 12:05:35,576  WARNING  PortentaReader      send_command('disarm') ignored — port not open
2026-07-07 12:05:35,639  WARNING  PortentaReader      send_command('disarm') ignored — port not open
2026-07-07 12:05:35,701  WARNING  PortentaReader      send_command('disarm') ignored — port not open
2026-07-07 12:05:35,764  WARNING  PortentaReader      send_command('disarm') ignored — port not open
2026-07-07 12:05:35,826  WARNING  PortentaReader      send_command('disarm') ignored — port not open
2026-07-07 12:05:35,888  WARNING  PortentaReader      send_command('disarm') ignored — port not open
2026-07-07 12:05:35,952  WARNING  PortentaReader      send_command('disarm') ignored — port not open
2026-07-07 12:05:36,014  WARNING  PortentaReader      send_command('disarm') ignored — port not open
2026-07-07 12:05:36,091  WARNING  PortentaReader      send_command('disarm') ignored — port not open
2026-07-07 12:05:36,153  WARNING  PortentaReader      send_command('disarm') ignored — port not open
2026-07-07 12:05:36,214  WARNING  PortentaReader      send_command('disarm') ignored — port not open
2026-07-07 12:05:36,276  WARNING  PortentaReader      send_command('disarm') ignored — port not open
2026-07-07 12:05:36,338  WARNING  PortentaReader      send_command('disarm') ignored — port not open
2026-07-07 12:05:36,400  WARNING  PortentaReader      send_command('disarm') ignored — port not open
2026-07-07 12:05:36,458  WARNING  PortentaReader      send_command('disarm') ignored — port not open
2026-07-07 12:05:36,523  WARNING  PortentaReader      send_command('disarm') ignored — port not open
2026-07-07 12:05:36,586  WARNING  PortentaReader      send_command('disarm') ignored — port not open
2026-07-07 12:05:36,658  WARNING  PortentaReader      send_command('disarm') ignored — port not open
2026-07-07 12:05:36,708  WARNING  PortentaReader      send_command('disarm') ignored — port not open
2026-07-07 12:05:36,769  WARNING  PortentaReader      send_command('disarm') ignored — port not open
2026-07-07 12:05:36,834  WARNING  PortentaReader      send_command('disarm') ignored — port not open
2026-07-07 12:05:36,897  WARNING  PortentaReader      send_command('disarm') ignored — port not open
2026-07-07 12:05:36,958  WARNING  PortentaReader      send_command('disarm') ignored — port not open
2026-07-07 12:05:37,020  WARNING  PortentaReader      send_command('disarm') ignored — port not open
2026-07-07 12:05:37,081  WARNING  PortentaReader      send_command('disarm') ignored — port not open
2026-07-07 12:05:37,139  WARNING  PortentaReader      send_command('disarm') ignored — port not open
2026-07-07 12:05:37,207  WARNING  PortentaReader      send_command('disarm') ignored — port not open
2026-07-07 12:05:37,270  WARNING  PortentaReader      send_command('disarm') ignored — port not open
2026-07-07 12:05:37,332  WARNING  PortentaReader      send_command('disarm') ignored — port not open
2026-07-07 12:05:37,394  WARNING  PortentaReader      send_command('disarm') ignored — port not open
2026-07-07 12:05:37,455  WARNING  PortentaReader      send_command('disarm') ignored — port not open
2026-07-07 12:05:37,517  WARNING  PortentaReader      send_command('disarm') ignored — port not open
2026-07-07 12:05:37,579  WARNING  PortentaReader      send_command('disarm') ignored — port not open
2026-07-07 12:05:37,641  WARNING  PortentaReader      send_command('disarm') ignored — port not open
2026-07-07 12:05:37,703  WARNING  PortentaReader      send_command('disarm') ignored — port not open
2026-07-07 12:05:37,764  WARNING  PortentaReader      send_command('disarm') ignored — port not open
2026-07-07 12:05:37,827  WARNING  PortentaReader      send_command('disarm') ignored — port not open
2026-07-07 12:05:37,889  WARNING  PortentaReader      send_command('disarm') ignored — port not open
2026-07-07 12:05:37,951  WARNING  PortentaReader      send_command('disarm') ignored — port not open
2026-07-07 12:05:38,028  WARNING  PortentaReader      send_command('disarm') ignored — port not open
2026-07-07 12:05:38,091  WARNING  PortentaReader      send_command('disarm') ignored — port not open
2026-07-07 12:05:38,151  WARNING  PortentaReader      send_command('disarm') ignored — port not open
2026-07-07 12:05:38,215  WARNING  PortentaReader      send_command('disarm') ignored — port not open
2026-07-07 12:05:38,277  WARNING  PortentaReader      send_command('disarm') ignored — port not open
2026-07-07 12:05:38,339  WARNING  PortentaReader      send_command('disarm') ignored — port not open
2026-07-07 12:05:38,400  WARNING  PortentaReader      send_command('disarm') ignored — port not open
2026-07-07 12:05:38,462  WARNING  PortentaReader      send_command('disarm') ignored — port not open
2026-07-07 12:05:38,522  WARNING  PortentaReader      send_command('disarm') ignored — port not open
2026-07-07 12:05:38,585  WARNING  PortentaReader      send_command('disarm') ignored — port not open
2026-07-07 12:05:38,646  WARNING  PortentaReader      send_command('disarm') ignored — port not open
2026-07-07 12:05:38,710  WARNING  PortentaReader      send_command('disarm') ignored — port not open
2026-07-07 12:05:38,771  WARNING  PortentaReader      send_command('disarm') ignored — port not open
2026-07-07 12:05:38,833  WARNING  PortentaReader      send_command('disarm') ignored — port not open
2026-07-07 12:05:38,895  WARNING  PortentaReader      send_command('disarm') ignored — port not open
2026-07-07 12:05:38,956  WARNING  PortentaReader      send_command('disarm') ignored — port not open
2026-07-07 12:05:39,017  WARNING  PortentaReader      send_command('disarm') ignored — port not open
2026-07-07 12:05:39,080  WARNING  PortentaReader      send_command('disarm') ignored — port not open
2026-07-07 12:05:39,142  WARNING  PortentaReader      send_command('disarm') ignored — port not open
2026-07-07 12:05:39,204  WARNING  PortentaReader      send_command('disarm') ignored — port not open
2026-07-07 12:05:39,271  WARNING  PortentaReader      send_command('disarm') ignored — port not open
2026-07-07 12:05:39,329  WARNING  PortentaReader      send_command('disarm') ignored — port not open
2026-07-07 12:05:39,392  WARNING  PortentaReader      send_command('disarm') ignored — port not open
2026-07-07 12:05:39,454  WARNING  PortentaReader      send_command('disarm') ignored — port not open
2026-07-07 12:05:39,516  WARNING  PortentaReader      send_command('disarm') ignored — port not open
2026-07-07 12:05:39,579  WARNING  PortentaReader      send_command('disarm') ignored — port not open
2026-07-07 12:05:39,639  WARNING  PortentaReader      send_command('disarm') ignored — port not open
2026-07-07 12:05:39,703  WARNING  PortentaReader      send_command('disarm') ignored — port not open
2026-07-07 12:05:39,765  WARNING  PortentaReader      send_command('disarm') ignored — port not open
2026-07-07 12:05:39,828  WARNING  PortentaReader      send_command('disarm') ignored — port not open
2026-07-07 12:05:39,889  WARNING  PortentaReader      send_command('disarm') ignored — port not open
2026-07-07 12:05:39,950  WARNING  PortentaReader      send_command('disarm') ignored — port not open
2026-07-07 12:05:40,027  WARNING  PortentaReader      send_command('disarm') ignored — port not open
2026-07-07 12:05:40,089  WARNING  PortentaReader      send_command('disarm') ignored — port not open
2026-07-07 12:05:40,144  WARNING  PortentaReader      send_command('disarm') ignored — port not open
2026-07-07 12:05:40,211  WARNING  PortentaReader      send_command('disarm') ignored — port not open
2026-07-07 12:05:40,272  WARNING  PortentaReader      send_command('disarm') ignored — port not open
2026-07-07 12:05:40,335  WARNING  PortentaReader      send_command('disarm') ignored — port not open
2026-07-07 12:05:40,406  WARNING  PortentaReader      send_command('disarm') ignored — port not open
2026-07-07 12:05:40,460  WARNING  PortentaReader      send_command('disarm') ignored — port not open
2026-07-07 12:05:40,516  WARNING  PortentaReader      send_command('disarm') ignored — port not open
2026-07-07 12:05:40,583  WARNING  PortentaReader      send_command('disarm') ignored — port not open
2026-07-07 12:05:40,645  WARNING  PortentaReader      send_command('disarm') ignored — port not open
2026-07-07 12:05:40,706  WARNING  PortentaReader      send_command('disarm') ignored — port not open
2026-07-07 12:05:40,769  WARNING  PortentaReader      send_command('disarm') ignored — port not open
2026-07-07 12:05:40,831  WARNING  PortentaReader      send_command('disarm') ignored — port not open
2026-07-07 12:05:40,892  WARNING  PortentaReader      send_command('disarm') ignored — port not open
2026-07-07 12:05:40,954  WARNING  PortentaReader      send_command('disarm') ignored — port not open
2026-07-07 12:05:41,015  WARNING  PortentaReader      send_command('disarm') ignored — port not open
2026-07-07 12:05:41,078  WARNING  PortentaReader      send_command('disarm') ignored — port not open
2026-07-07 12:05:41,141  WARNING  PortentaReader      send_command('disarm') ignored — port not open
2026-07-07 12:05:41,203  WARNING  PortentaReader      send_command('disarm') ignored — port not open
2026-07-07 12:05:41,265  WARNING  PortentaReader      send_command('disarm') ignored — port not open
2026-07-07 12:05:41,328  WARNING  PortentaReader      send_command('disarm') ignored — port not open
2026-07-07 12:05:41,389  WARNING  PortentaReader      send_command('disarm') ignored — port not open
2026-07-07 12:05:41,452  WARNING  PortentaReader      send_command('disarm') ignored — port not open
2026-07-07 12:05:41,514  WARNING  PortentaReader      send_command('disarm') ignored — port not open
2026-07-07 12:05:41,590  WARNING  PortentaReader      send_command('disarm') ignored — port not open
2026-07-07 12:05:41,653  WARNING  PortentaReader      send_command('disarm') ignored — port not open
2026-07-07 12:05:41,715  WARNING  PortentaReader      send_command('disarm') ignored — port not open
2026-07-07 12:05:41,777  WARNING  PortentaReader      send_command('disarm') ignored — port not open
2026-07-07 12:05:41,840  WARNING  PortentaReader      send_command('disarm') ignored — port not open
2026-07-07 12:05:41,900  WARNING  PortentaReader      send_command('disarm') ignored — port not open
2026-07-07 12:05:41,964  WARNING  PortentaReader      send_command('disarm') ignored — port not open
2026-07-07 12:05:42,026  WARNING  PortentaReader      send_command('disarm') ignored — port not open
2026-07-07 12:05:42,088  WARNING  PortentaReader      send_command('disarm') ignored — port not open
2026-07-07 12:05:42,144  WARNING  PortentaReader      send_command('disarm') ignored — port not open
2026-07-07 12:05:42,213  WARNING  PortentaReader      send_command('disarm') ignored — port not open
2026-07-07 12:05:42,276  WARNING  PortentaReader      send_command('disarm') ignored — port not open
2026-07-07 12:05:42,337  WARNING  PortentaReader      send_command('disarm') ignored — port not open
2026-07-07 12:05:42,393  WARNING  PortentaReader      send_command('disarm') ignored — port not open
2026-07-07 12:05:42,460  WARNING  PortentaReader      send_command('disarm') ignored — port not open
2026-07-07 12:05:42,518  WARNING  PortentaReader      send_command('disarm') ignored — port not open
2026-07-07 12:05:42,584  WARNING  PortentaReader      send_command('disarm') ignored — port not open
2026-07-07 12:05:42,645  WARNING  PortentaReader      send_command('disarm') ignored — port not open
2026-07-07 12:05:42,708  WARNING  PortentaReader      send_command('disarm') ignored — port not open
2026-07-07 12:05:42,769  WARNING  PortentaReader      send_command('disarm') ignored — port not open
2026-07-07 12:05:42,833  WARNING  PortentaReader      send_command('disarm') ignored — port not open
2026-07-07 12:05:42,894  WARNING  PortentaReader      send_command('disarm') ignored — port not open
2026-07-07 12:05:42,956  WARNING  PortentaReader      send_command('disarm') ignored — port not open
2026-07-07 12:05:43,018  WARNING  PortentaReader      send_command('disarm') ignored — port not open
2026-07-07 12:05:43,079  WARNING  PortentaReader      send_command('disarm') ignored — port not open
2026-07-07 12:05:43,141  WARNING  PortentaReader      send_command('disarm') ignored — port not open
2026-07-07 12:05:43,204  WARNING  PortentaReader      send_command('disarm') ignored — port not open
2026-07-07 12:05:43,266  WARNING  PortentaReader      send_command('disarm') ignored — port not open
2026-07-07 12:05:43,328  WARNING  PortentaReader      send_command('disarm') ignored — port not open
2026-07-07 12:05:43,390  WARNING  PortentaReader      send_command('disarm') ignored — port not open
2026-07-07 12:05:43,452  WARNING  PortentaReader      send_command('disarm') ignored — port not open
2026-07-07 12:05:43,515  WARNING  PortentaReader      send_command('disarm') ignored — port not open
2026-07-07 12:05:43,576  WARNING  PortentaReader      send_command('disarm') ignored — port not open
2026-07-07 12:05:43,638  WARNING  PortentaReader      send_command('disarm') ignored — port not open
2026-07-07 12:05:43,700  WARNING  PortentaReader      send_command('disarm') ignored — port not open
2026-07-07 12:05:43,778  WARNING  PortentaReader      send_command('disarm') ignored — port not open
2026-07-07 12:05:43,839  WARNING  PortentaReader      send_command('disarm') ignored — port not open
2026-07-07 12:05:43,901  WARNING  PortentaReader      send_command('disarm') ignored — port not open
2026-07-07 12:05:43,962  WARNING  PortentaReader      send_command('disarm') ignored — port not open
2026-07-07 12:05:44,023  WARNING  PortentaReader      send_command('disarm') ignored — port not open
2026-07-07 12:05:44,085  WARNING  PortentaReader      send_command('disarm') ignored — port not open
2026-07-07 12:05:44,142  WARNING  PortentaReader      send_command('disarm') ignored — port not open
2026-07-07 12:05:44,210  WARNING  PortentaReader      send_command('disarm') ignored — port not open
2026-07-07 12:05:44,273  WARNING  PortentaReader      send_command('disarm') ignored — port not open
2026-07-07 12:05:44,335  WARNING  PortentaReader      send_command('disarm') ignored — port not open
2026-07-07 12:05:44,397  WARNING  PortentaReader      send_command('disarm') ignored — port not open
2026-07-07 12:05:44,460  WARNING  PortentaReader      send_command('disarm') ignored — port not open
2026-07-07 12:05:44,522  WARNING  PortentaReader      send_command('disarm') ignored — port not open
2026-07-07 12:05:44,583  WARNING  PortentaReader      send_command('disarm') ignored — port not open
2026-07-07 12:05:44,645  WARNING  PortentaReader      send_command('disarm') ignored — port not open
2026-07-07 12:05:44,708  WARNING  PortentaReader      send_command('disarm') ignored — port not open
2026-07-07 12:05:44,770  WARNING  PortentaReader      send_command('disarm') ignored — port not open
2026-07-07 12:05:44,831  WARNING  PortentaReader      send_command('disarm') ignored — port not open
2026-07-07 12:05:44,894  WARNING  PortentaReader      send_command('disarm') ignored — port not open
2026-07-07 12:05:44,957  WARNING  PortentaReader      send_command('disarm') ignored — port not open
2026-07-07 12:05:45,018  WARNING  PortentaReader      send_command('disarm') ignored — port not open
2026-07-07 12:05:45,081  WARNING  PortentaReader      send_command('disarm') ignored — port not open
2026-07-07 12:05:45,141  WARNING  PortentaReader      send_command('disarm') ignored — port not open
2026-07-07 12:05:45,204  WARNING  PortentaReader      send_command('disarm') ignored — port not open
2026-07-07 12:05:45,267  WARNING  PortentaReader      send_command('disarm') ignored — port not open
2026-07-07 12:05:45,328  WARNING  PortentaReader      send_command('disarm') ignored — port not open
2026-07-07 12:05:45,390  WARNING  PortentaReader      send_command('disarm') ignored — port not open
2026-07-07 12:05:45,452  WARNING  PortentaReader      send_command('disarm') ignored — port not open
2026-07-07 12:05:45,514  WARNING  PortentaReader      send_command('disarm') ignored — port not open
2026-07-07 12:05:45,575  WARNING  PortentaReader      send_command('disarm') ignored — port not open
2026-07-07 12:05:45,639  WARNING  PortentaReader      send_command('disarm') ignored — port not open
2026-07-07 12:05:45,716  WARNING  PortentaReader      send_command('disarm') ignored — port not open
2026-07-07 12:05:45,778  WARNING  PortentaReader      send_command('disarm') ignored — port not open
2026-07-07 12:05:45,839  WARNING  PortentaReader      send_command('disarm') ignored — port not open
2026-07-07 12:05:45,900  WARNING  PortentaReader      send_command('disarm') ignored — port not open
2026-07-07 12:05:45,962  WARNING  PortentaReader      send_command('disarm') ignored — port not open
2026-07-07 12:05:46,033  WARNING  PortentaReader      send_command('disarm') ignored — port not open
2026-07-07 12:05:46,078  WARNING  PortentaReader      send_command('disarm') ignored — port not open
2026-07-07 12:05:46,147  WARNING  PortentaReader      send_command('disarm') ignored — port not open
2026-07-07 12:05:46,206  WARNING  PortentaReader      send_command('disarm') ignored — port not open
2026-07-07 12:05:46,272  WARNING  PortentaReader      send_command('disarm') ignored — port not open
2026-07-07 12:05:46,335  WARNING  PortentaReader      send_command('disarm') ignored — port not open
2026-07-07 12:05:46,397  WARNING  PortentaReader      send_command('disarm') ignored — port not open
2026-07-07 12:05:46,461  WARNING  PortentaReader      send_command('disarm') ignored — port not open
2026-07-07 12:05:46,523  WARNING  PortentaReader      send_command('disarm') ignored — port not open
2026-07-07 12:05:46,586  WARNING  PortentaReader      send_command('disarm') ignored — port not open
2026-07-07 12:05:46,649  WARNING  PortentaReader      send_command('disarm') ignored — port not open
2026-07-07 12:05:46,711  WARNING  PortentaReader      send_command('disarm') ignored — port not open
2026-07-07 12:05:46,774  WARNING  PortentaReader      send_command('disarm') ignored — port not open
2026-07-07 12:05:46,837  WARNING  PortentaReader      send_command('disarm') ignored — port not open
2026-07-07 12:05:46,899  WARNING  PortentaReader      send_command('disarm') ignored — port not open
2026-07-07 12:05:46,963  WARNING  PortentaReader      send_command('disarm') ignored — port not open
2026-07-07 12:05:47,025  WARNING  PortentaReader      send_command('disarm') ignored — port not open
2026-07-07 12:05:47,104  WARNING  PortentaReader      send_command('disarm') ignored — port not open
2026-07-07 12:05:47,146  WARNING  PortentaReader      send_command('disarm') ignored — port not open
2026-07-07 12:05:47,214  WARNING  PortentaReader      send_command('disarm') ignored — port not open
2026-07-07 12:05:47,276  WARNING  PortentaReader      send_command('disarm') ignored — port not open
2026-07-07 12:05:47,342  WARNING  PortentaReader      send_command('disarm') ignored — port not open
2026-07-07 12:05:47,411  WARNING  PortentaReader      send_command('disarm') ignored — port not open
2026-07-07 12:05:47,463  WARNING  PortentaReader      send_command('disarm') ignored — port not open
2026-07-07 12:05:47,525  WARNING  PortentaReader      send_command('disarm') ignored — port not open
2026-07-07 12:05:47,588  WARNING  PortentaReader      send_command('disarm') ignored — port not open
2026-07-07 12:05:47,649  WARNING  PortentaReader      send_command('disarm') ignored — port not open
2026-07-07 12:05:47,710  WARNING  PortentaReader      send_command('disarm') ignored — port not open
2026-07-07 12:05:47,772  WARNING  PortentaReader      send_command('disarm') ignored — port not open
2026-07-07 12:05:47,834  WARNING  PortentaReader      send_command('disarm') ignored — port not open
2026-07-07 12:05:47,896  WARNING  PortentaReader      send_command('disarm') ignored — port not open
2026-07-07 12:05:47,958  WARNING  PortentaReader      send_command('disarm') ignored — port not open
2026-07-07 12:05:48,020  WARNING  PortentaReader      send_command('disarm') ignored — port not open
2026-07-07 12:05:48,082  WARNING  PortentaReader      send_command('disarm') ignored — port not open
2026-07-07 12:05:48,138  WARNING  PortentaReader      send_command('disarm') ignored — port not open
2026-07-07 12:05:48,207  WARNING  PortentaReader      send_command('disarm') ignored — port not open
2026-07-07 12:05:48,268  WARNING  PortentaReader      send_command('disarm') ignored — port not open
2026-07-07 12:05:48,338  WARNING  PortentaReader      send_command('disarm') ignored — port not open
2026-07-07 12:05:48,392  WARNING  PortentaReader      send_command('disarm') ignored — port not open
2026-07-07 12:05:48,453  WARNING  PortentaReader      send_command('disarm') ignored — port not open
2026-07-07 12:05:48,516  WARNING  PortentaReader      send_command('disarm') ignored — port not open
2026-07-07 12:05:48,582  WARNING  PortentaReader      send_command('disarm') ignored — port not open
2026-07-07 12:05:48,648  WARNING  PortentaReader      send_command('disarm') ignored — port not open
2026-07-07 12:05:48,703  WARNING  PortentaReader      send_command('disarm') ignored — port not open
2026-07-07 12:05:48,766  WARNING  PortentaReader      send_command('disarm') ignored — port not open
2026-07-07 12:05:48,828  WARNING  PortentaReader      send_command('disarm') ignored — port not open
2026-07-07 12:05:48,890  WARNING  PortentaReader      send_command('disarm') ignored — port not open
2026-07-07 12:05:48,950  WARNING  PortentaReader      send_command('disarm') ignored — port not open
2026-07-07 12:05:49,028  WARNING  PortentaReader      send_command('disarm') ignored — port not open
2026-07-07 12:05:49,091  WARNING  PortentaReader      send_command('disarm') ignored — port not open
2026-07-07 12:05:49,153  WARNING  PortentaReader      send_command('disarm') ignored — port not open
2026-07-07 12:05:49,202  WARNING  PortentaReader      send_command('disarm') ignored — port not open
2026-07-07 12:05:49,277  WARNING  PortentaReader      send_command('disarm') ignored — port not open
2026-07-07 12:05:49,339  WARNING  PortentaReader      send_command('disarm') ignored — port not open
2026-07-07 12:05:49,401  WARNING  PortentaReader      send_command('disarm') ignored — port not open
2026-07-07 12:05:49,463  WARNING  PortentaReader      send_command('disarm') ignored — port not open
2026-07-07 12:05:49,524  WARNING  PortentaReader      send_command('disarm') ignored — port not open
2026-07-07 12:05:49,585  WARNING  PortentaReader      send_command('disarm') ignored — port not open
2026-07-07 12:05:49,646  WARNING  PortentaReader      send_command('disarm') ignored — port not open
2026-07-07 12:05:49,710  WARNING  PortentaReader      send_command('disarm') ignored — port not open
2026-07-07 12:05:49,772  WARNING  PortentaReader      send_command('disarm') ignored — port not open
2026-07-07 12:05:49,839  WARNING  PortentaReader      send_command('disarm') ignored — port not open
2026-07-07 12:05:49,894  WARNING  PortentaReader      send_command('disarm') ignored — port not open
2026-07-07 12:05:49,957  WARNING  PortentaReader      send_command('disarm') ignored — port not open
2026-07-07 12:05:50,020  WARNING  PortentaReader      send_command('disarm') ignored — port not open
2026-07-07 12:05:50,081  WARNING  PortentaReader      send_command('disarm') ignored — port not open
2026-07-07 12:05:50,142  WARNING  PortentaReader      send_command('disarm') ignored — port not open
2026-07-07 12:05:50,205  WARNING  PortentaReader      send_command('disarm') ignored — port not open
2026-07-07 12:05:50,266  WARNING  PortentaReader      send_command('disarm') ignored — port not open
2026-07-07 12:05:50,328  WARNING  PortentaReader      send_command('disarm') ignored — port not open
2026-07-07 12:05:50,391  WARNING  PortentaReader      send_command('disarm') ignored — port not open
2026-07-07 12:05:50,455  WARNING  PortentaReader      send_command('disarm') ignored — port not open
2026-07-07 12:05:50,518  WARNING  PortentaReader      send_command('disarm') ignored — port not open
2026-07-07 12:05:50,580  WARNING  PortentaReader      send_command('disarm') ignored — port not open
2026-07-07 12:05:50,642  WARNING  PortentaReader      send_command('disarm') ignored — port not open
2026-07-07 12:05:50,704  WARNING  PortentaReader      send_command('disarm') ignored — port not open
2026-07-07 12:05:50,769  WARNING  PortentaReader      send_command('disarm') ignored — port not open
2026-07-07 12:05:50,831  WARNING  PortentaReader      send_command('disarm') ignored — port not open
2026-07-07 12:05:50,893  WARNING  PortentaReader      send_command('disarm') ignored — port not open
2026-07-07 12:05:50,957  WARNING  PortentaReader      send_command('disarm') ignored — port not open
2026-07-07 12:05:51,019  WARNING  PortentaReader      send_command('disarm') ignored — port not open
2026-07-07 12:05:51,081  WARNING  PortentaReader      send_command('disarm') ignored — port not open
2026-07-07 12:05:51,143  WARNING  PortentaReader      send_command('disarm') ignored — port not open
2026-07-07 12:05:51,207  WARNING  PortentaReader      send_command('disarm') ignored — port not open
2026-07-07 12:05:51,270  WARNING  PortentaReader      send_command('disarm') ignored — port not open
2026-07-07 12:05:51,332  WARNING  PortentaReader      send_command('disarm') ignored — port not open
2026-07-07 12:05:51,393  WARNING  PortentaReader      send_command('disarm') ignored — port not open
2026-07-07 12:05:51,455  WARNING  PortentaReader      send_command('disarm') ignored — port not open
2026-07-07 12:05:51,516  WARNING  PortentaReader      send_command('disarm') ignored — port not open
2026-07-07 12:05:51,578  WARNING  PortentaReader      send_command('disarm') ignored — port not open
2026-07-07 12:05:51,640  WARNING  PortentaReader      send_command('disarm') ignored — port not open
2026-07-07 12:05:51,701  WARNING  PortentaReader      send_command('disarm') ignored — port not open
2026-07-07 12:05:51,763  WARNING  PortentaReader      send_command('disarm') ignored — port not open
2026-07-07 12:05:51,826  WARNING  PortentaReader      send_command('disarm') ignored — port not open
2026-07-07 12:05:51,887  WARNING  PortentaReader      send_command('disarm') ignored — port not open
2026-07-07 12:05:51,965  WARNING  PortentaReader      send_command('disarm') ignored — port not open
2026-07-07 12:05:52,027  WARNING  PortentaReader      send_command('disarm') ignored — port not open
2026-07-07 12:05:52,090  WARNING  PortentaReader      send_command('disarm') ignored — port not open
2026-07-07 12:05:52,151  WARNING  PortentaReader      send_command('disarm') ignored — port not open
2026-07-07 12:05:52,214  WARNING  PortentaReader      send_command('disarm') ignored — port not open
2026-07-07 12:05:52,276  WARNING  PortentaReader      send_command('disarm') ignored — port not open
2026-07-07 12:05:52,337  WARNING  PortentaReader      send_command('disarm') ignored — port not open
2026-07-07 12:05:52,399  WARNING  PortentaReader      send_command('disarm') ignored — port not open
2026-07-07 12:05:52,461  WARNING  PortentaReader      send_command('disarm') ignored — port not open
2026-07-07 12:05:52,523  WARNING  PortentaReader      send_command('disarm') ignored — port not open
2026-07-07 12:05:52,585  WARNING  PortentaReader      send_command('disarm') ignored — port not open
2026-07-07 12:05:52,647  WARNING  PortentaReader      send_command('disarm') ignored — port not open
2026-07-07 12:05:52,707  WARNING  PortentaReader      send_command('disarm') ignored — port not open
2026-07-07 12:05:52,770  WARNING  PortentaReader      send_command('disarm') ignored — port not open
2026-07-07 12:05:52,835  WARNING  PortentaReader      send_command('disarm') ignored — port not open
2026-07-07 12:05:52,893  WARNING  PortentaReader      send_command('disarm') ignored — port not open
2026-07-07 12:05:52,955  WARNING  PortentaReader      send_command('disarm') ignored — port not open
2026-07-07 12:05:53,017  WARNING  PortentaReader      send_command('disarm') ignored — port not open
2026-07-07 12:05:53,079  WARNING  PortentaReader      send_command('disarm') ignored — port not open
2026-07-07 12:05:53,140  WARNING  PortentaReader      send_command('disarm') ignored — port not open
2026-07-07 12:05:53,202  WARNING  PortentaReader      send_command('disarm') ignored — port not open
2026-07-07 12:05:53,264  WARNING  PortentaReader      send_command('disarm') ignored — port not open
2026-07-07 12:05:53,326  WARNING  PortentaReader      send_command('disarm') ignored — port not open
2026-07-07 12:05:53,402  WARNING  PortentaReader      send_command('disarm') ignored — port not open
2026-07-07 12:05:53,464  WARNING  PortentaReader      send_command('disarm') ignored — port not open
2026-07-07 12:05:53,527  WARNING  PortentaReader      send_command('disarm') ignored — port not open
2026-07-07 12:05:53,589  WARNING  PortentaReader      send_command('disarm') ignored — port not open
2026-07-07 12:05:53,652  WARNING  PortentaReader      send_command('disarm') ignored — port not open
2026-07-07 12:05:53,715  WARNING  PortentaReader      send_command('disarm') ignored — port not open
2026-07-07 12:05:53,778  WARNING  PortentaReader      send_command('disarm') ignored — port not open
2026-07-07 12:05:53,839  WARNING  PortentaReader      send_command('disarm') ignored — port not open
2026-07-07 12:05:53,901  WARNING  PortentaReader      send_command('disarm') ignored — port not open
2026-07-07 12:05:53,951  WARNING  PortentaReader      send_command('disarm') ignored — port not open
2026-07-07 12:05:54,027  WARNING  PortentaReader      send_command('disarm') ignored — port not open
2026-07-07 12:05:54,081  WARNING  PortentaReader      send_command('disarm') ignored — port not open
2026-07-07 12:05:54,151  WARNING  PortentaReader      send_command('disarm') ignored — port not open
2026-07-07 12:05:54,212  WARNING  PortentaReader      send_command('disarm') ignored — port not open
2026-07-07 12:05:54,275  WARNING  PortentaReader      send_command('disarm') ignored — port not open
2026-07-07 12:05:54,336  WARNING  PortentaReader      send_command('disarm') ignored — port not open
2026-07-07 12:05:54,398  WARNING  PortentaReader      send_command('disarm') ignored — port not open
2026-07-07 12:05:54,460  WARNING  PortentaReader      send_command('disarm') ignored — port not open
2026-07-07 12:05:54,521  WARNING  PortentaReader      send_command('disarm') ignored — port not open
2026-07-07 12:05:54,584  WARNING  PortentaReader      send_command('disarm') ignored — port not open
2026-07-07 12:05:54,646  WARNING  PortentaReader      send_command('disarm') ignored — port not open
2026-07-07 12:05:54,708  WARNING  PortentaReader      send_command('disarm') ignored — port not open
2026-07-07 12:05:54,770  WARNING  PortentaReader      send_command('disarm') ignored — port not open
2026-07-07 12:05:54,832  WARNING  PortentaReader      send_command('disarm') ignored — port not open
2026-07-07 12:05:54,894  WARNING  PortentaReader      send_command('disarm') ignored — port not open
2026-07-07 12:05:54,956  WARNING  PortentaReader      send_command('disarm') ignored — port not open
2026-07-07 12:05:55,019  WARNING  PortentaReader      send_command('disarm') ignored — port not open
2026-07-07 12:05:55,082  WARNING  PortentaReader      send_command('disarm') ignored — port not open
2026-07-07 12:05:55,138  WARNING  PortentaReader      send_command('disarm') ignored — port not open
2026-07-07 12:05:55,206  WARNING  PortentaReader      send_command('disarm') ignored — port not open
2026-07-07 12:05:55,268  WARNING  PortentaReader      send_command('disarm') ignored — port not open
2026-07-07 12:05:55,330  WARNING  PortentaReader      send_command('disarm') ignored — port not open
2026-07-07 12:05:55,393  WARNING  PortentaReader      send_command('disarm') ignored — port not open
2026-07-07 12:05:55,456  WARNING  PortentaReader      send_command('disarm') ignored — port not open
2026-07-07 12:05:55,518  WARNING  PortentaReader      send_command('disarm') ignored — port not open
2026-07-07 12:05:55,580  WARNING  PortentaReader      send_command('disarm') ignored — port not open
2026-07-07 12:05:55,642  WARNING  PortentaReader      send_command('disarm') ignored — port not open
2026-07-07 12:05:55,703  WARNING  PortentaReader      send_command('disarm') ignored — port not open
2026-07-07 12:05:55,764  WARNING  PortentaReader      send_command('disarm') ignored — port not open
2026-07-07 12:05:55,828  WARNING  PortentaReader      send_command('disarm') ignored — port not open
2026-07-07 12:05:55,890  WARNING  PortentaReader      send_command('disarm') ignored — port not open
2026-07-07 12:05:55,959  WARNING  PortentaReader      send_command('disarm') ignored — port not open
2026-07-07 12:05:56,015  WARNING  PortentaReader      send_command('disarm') ignored — port not open
2026-07-07 12:05:56,087  WARNING  PortentaReader      send_command('disarm') ignored — port not open
2026-07-07 12:05:56,139  WARNING  PortentaReader      send_command('disarm') ignored — port not open
2026-07-07 12:05:56,201  WARNING  PortentaReader      send_command('disarm') ignored — port not open
2026-07-07 12:05:56,264  WARNING  PortentaReader      send_command('disarm') ignored — port not open
2026-07-07 12:05:56,340  WARNING  PortentaReader      send_command('disarm') ignored — port not open
2026-07-07 12:05:56,402  WARNING  PortentaReader      send_command('disarm') ignored — port not open
2026-07-07 12:05:56,464  WARNING  PortentaReader      send_command('disarm') ignored — port not open
2026-07-07 12:05:56,527  WARNING  PortentaReader      send_command('disarm') ignored — port not open
2026-07-07 12:05:56,589  WARNING  PortentaReader      send_command('disarm') ignored — port not open
2026-07-07 12:05:56,650  WARNING  PortentaReader      send_command('disarm') ignored — port not open
2026-07-07 12:05:56,711  WARNING  PortentaReader      send_command('disarm') ignored — port not open
2026-07-07 12:05:56,774  WARNING  PortentaReader      send_command('disarm') ignored — port not open
2026-07-07 12:05:56,835  WARNING  PortentaReader      send_command('disarm') ignored — port not open
2026-07-07 12:05:56,897  WARNING  PortentaReader      send_command('disarm') ignored — port not open
2026-07-07 12:05:56,959  WARNING  PortentaReader      send_command('disarm') ignored — port not open
2026-07-07 12:05:57,022  WARNING  PortentaReader      send_command('disarm') ignored — port not open
2026-07-07 12:05:57,084  WARNING  PortentaReader      send_command('disarm') ignored — port not open
2026-07-07 12:05:57,138  WARNING  PortentaReader      send_command('disarm') ignored — port not open
2026-07-07 12:05:57,207  WARNING  PortentaReader      send_command('disarm') ignored — port not open
2026-07-07 12:05:57,268  WARNING  PortentaReader      send_command('disarm') ignored — port not open
2026-07-07 12:05:57,332  WARNING  PortentaReader      send_command('disarm') ignored — port not open
2026-07-07 12:05:57,394  WARNING  PortentaReader      send_command('disarm') ignored — port not open
2026-07-07 12:05:57,456  WARNING  PortentaReader      send_command('disarm') ignored — port not open
2026-07-07 12:05:57,519  WARNING  PortentaReader      send_command('disarm') ignored — port not open
2026-07-07 12:05:57,580  WARNING  PortentaReader      send_command('disarm') ignored — port not open
2026-07-07 12:05:57,641  WARNING  PortentaReader      send_command('disarm') ignored — port not open
2026-07-07 12:05:57,705  WARNING  PortentaReader      send_command('disarm') ignored — port not open
2026-07-07 12:05:57,767  WARNING  PortentaReader      send_command('disarm') ignored — port not open
2026-07-07 12:05:57,830  WARNING  PortentaReader      send_command('disarm') ignored — port not open
2026-07-07 12:05:57,892  WARNING  PortentaReader      send_command('disarm') ignored — port not open
2026-07-07 12:05:57,962  WARNING  PortentaReader      send_command('disarm') ignored — port not open
2026-07-07 12:05:58,016  WARNING  PortentaReader      send_command('disarm') ignored — port not open
2026-07-07 12:05:58,090  WARNING  PortentaReader      send_command('disarm') ignored — port not open
2026-07-07 12:05:58,141  WARNING  PortentaReader      send_command('disarm') ignored — port not open
2026-07-07 12:05:58,205  WARNING  PortentaReader      send_command('disarm') ignored — port not open
2026-07-07 12:05:58,268  WARNING  PortentaReader      send_command('disarm') ignored — port not open
2026-07-07 12:05:58,330  WARNING  PortentaReader      send_command('disarm') ignored — port not open
2026-07-07 12:05:58,391  WARNING  PortentaReader      send_command('disarm') ignored — port not open
2026-07-07 12:05:58,454  WARNING  PortentaReader      send_command('disarm') ignored — port not open
2026-07-07 12:05:58,517  WARNING  PortentaReader      send_command('disarm') ignored — port not open
2026-07-07 12:05:58,579  WARNING  PortentaReader      send_command('disarm') ignored — port not open
2026-07-07 12:05:58,640  WARNING  PortentaReader      send_command('disarm') ignored — port not open
2026-07-07 12:05:58,703  WARNING  PortentaReader      send_command('disarm') ignored — port not open
2026-07-07 12:05:58,764  WARNING  PortentaReader      send_command('disarm') ignored — port not open
2026-07-07 12:05:58,841  WARNING  PortentaReader      send_command('disarm') ignored — port not open
2026-07-07 12:05:58,903  WARNING  PortentaReader      send_command('disarm') ignored — port not open
2026-07-07 12:05:58,966  WARNING  PortentaReader      send_command('disarm') ignored — port not open
2026-07-07 12:05:59,042  WARNING  PortentaReader      send_command('disarm') ignored — port not open
2026-07-07 12:05:59,106  WARNING  PortentaReader      send_command('disarm') ignored — port not open
2026-07-07 12:05:59,168  WARNING  PortentaReader      send_command('disarm') ignored — port not open
2026-07-07 12:05:59,230  WARNING  PortentaReader      send_command('disarm') ignored — port not open
2026-07-07 12:05:59,298  WARNING  PortentaReader      send_command('disarm') ignored — port not open
2026-07-07 12:05:59,369  WARNING  PortentaReader      send_command('disarm') ignored — port not open
2026-07-07 12:05:59,431  WARNING  PortentaReader      send_command('disarm') ignored — port not open
2026-07-07 12:05:59,491  WARNING  PortentaReader      send_command('disarm') ignored — port not open
2026-07-07 12:05:59,555  WARNING  PortentaReader      send_command('disarm') ignored — port not open
2026-07-07 12:05:59,617  WARNING  PortentaReader      send_command('disarm') ignored — port not open
2026-07-07 12:05:59,678  WARNING  PortentaReader      send_command('disarm') ignored — port not open
2026-07-07 12:05:59,741  WARNING  PortentaReader      send_command('disarm') ignored — port not open
2026-07-07 12:05:59,803  WARNING  PortentaReader      send_command('disarm') ignored — port not open
2026-07-07 12:05:59,865  WARNING  PortentaReader      send_command('disarm') ignored — port not open
2026-07-07 12:05:59,927  WARNING  PortentaReader      send_command('disarm') ignored — port not open
2026-07-07 12:05:59,989  WARNING  PortentaReader      send_command('disarm') ignored — port not open
2026-07-07 12:06:00,050  WARNING  PortentaReader      send_command('disarm') ignored — port not open
2026-07-07 12:06:00,112  WARNING  PortentaReader      send_command('disarm') ignored — port not open
2026-07-07 12:06:00,174  WARNING  PortentaReader      send_command('disarm') ignored — port not open
2026-07-07 12:06:00,236  WARNING  PortentaReader      send_command('disarm') ignored — port not open
2026-07-07 12:06:00,299  WARNING  PortentaReader      send_command('disarm') ignored — port not open
2026-07-07 12:06:00,360  WARNING  PortentaReader      send_command('disarm') ignored — port not open
2026-07-07 12:06:00,422  WARNING  PortentaReader      send_command('disarm') ignored — port not open
2026-07-07 12:06:00,485  WARNING  PortentaReader      send_command('disarm') ignored — port not open
2026-07-07 12:06:00,547  WARNING  PortentaReader      send_command('disarm') ignored — port not open
2026-07-07 12:06:00,609  WARNING  PortentaReader      send_command('disarm') ignored — port not open
2026-07-07 12:06:00,672  WARNING  PortentaReader      send_command('disarm') ignored — port not open
2026-07-07 12:06:00,734  WARNING  PortentaReader      send_command('disarm') ignored — port not open
2026-07-07 12:06:00,796  WARNING  PortentaReader      send_command('disarm') ignored — port not open
2026-07-07 12:06:00,859  WARNING  PortentaReader      send_command('disarm') ignored — port not open
2026-07-07 12:06:00,921  WARNING  PortentaReader      send_command('disarm') ignored — port not open
2026-07-07 12:06:00,983  WARNING  PortentaReader      send_command('disarm') ignored — port not open
2026-07-07 12:06:01,045  WARNING  PortentaReader      send_command('disarm') ignored — port not open
2026-07-07 12:06:01,106  WARNING  PortentaReader      send_command('disarm') ignored — port not open
2026-07-07 12:06:01,170  WARNING  PortentaReader      send_command('disarm') ignored — port not open
2026-07-07 12:06:01,245  WARNING  PortentaReader      send_command('disarm') ignored — port not open
2026-07-07 12:06:01,310  WARNING  PortentaReader      send_command('disarm') ignored — port not open
2026-07-07 12:06:01,372  WARNING  PortentaReader      send_command('disarm') ignored — port not open
2026-07-07 12:06:01,434  WARNING  PortentaReader      send_command('disarm') ignored — port not open
2026-07-07 12:06:01,497  WARNING  PortentaReader      send_command('disarm') ignored — port not open
2026-07-07 12:06:01,544  WARNING  PortentaReader      send_command('disarm') ignored — port not open
2026-07-07 12:06:01,619  WARNING  PortentaReader      send_command('disarm') ignored — port not open
2026-07-07 12:06:01,682  WARNING  PortentaReader      send_command('disarm') ignored — port not open
2026-07-07 12:06:01,744  WARNING  PortentaReader      send_command('disarm') ignored — port not open
2026-07-07 12:06:01,807  WARNING  PortentaReader      send_command('disarm') ignored — port not open
2026-07-07 12:06:01,869  WARNING  PortentaReader      send_command('disarm') ignored — port not open
2026-07-07 12:06:01,931  WARNING  PortentaReader      send_command('disarm') ignored — port not open
2026-07-07 12:06:01,983  WARNING  PortentaReader      send_command('disarm') ignored — port not open
2026-07-07 12:06:02,055  WARNING  PortentaReader      send_command('disarm') ignored — port not open
2026-07-07 12:06:02,115  WARNING  PortentaReader      send_command('disarm') ignored — port not open
2026-07-07 12:06:02,179  WARNING  PortentaReader      send_command('disarm') ignored — port not open
2026-07-07 12:06:02,242  WARNING  PortentaReader      send_command('disarm') ignored — port not open
2026-07-07 12:06:02,305  WARNING  PortentaReader      send_command('disarm') ignored — port not open
2026-07-07 12:06:02,367  WARNING  PortentaReader      send_command('disarm') ignored — port not open
2026-07-07 12:06:02,429  WARNING  PortentaReader      send_command('disarm') ignored — port not open
2026-07-07 12:06:02,491  WARNING  PortentaReader      send_command('disarm') ignored — port not open
2026-07-07 12:06:02,552  WARNING  PortentaReader      send_command('disarm') ignored — port not open
2026-07-07 12:06:02,613  WARNING  PortentaReader      send_command('disarm') ignored — port not open
2026-07-07 12:06:02,675  WARNING  PortentaReader      send_command('disarm') ignored — port not open
2026-07-07 12:06:02,736  WARNING  PortentaReader      send_command('disarm') ignored — port not open
2026-07-07 12:06:02,799  WARNING  PortentaReader      send_command('disarm') ignored — port not open
2026-07-07 12:06:02,862  WARNING  PortentaReader      send_command('disarm') ignored — port not open
2026-07-07 12:06:02,924  WARNING  PortentaReader      send_command('disarm') ignored — port not open
2026-07-07 12:06:02,986  WARNING  PortentaReader      send_command('disarm') ignored — port not open
2026-07-07 12:06:03,047  WARNING  PortentaReader      send_command('disarm') ignored — port not open
2026-07-07 12:06:03,110  WARNING  PortentaReader      send_command('disarm') ignored — port not open
2026-07-07 12:06:03,170  WARNING  PortentaReader      send_command('disarm') ignored — port not open
2026-07-07 12:06:03,245  WARNING  PortentaReader      send_command('disarm') ignored — port not open
2026-07-07 12:06:03,295  WARNING  PortentaReader      send_command('disarm') ignored — port not open
2026-07-07 12:06:03,357  WARNING  PortentaReader      send_command('disarm') ignored — port not open
2026-07-07 12:06:03,419  WARNING  PortentaReader      send_command('disarm') ignored — port not open
2026-07-07 12:06:03,496  WARNING  PortentaReader      send_command('disarm') ignored — port not open
2026-07-07 12:06:03,558  WARNING  PortentaReader      send_command('disarm') ignored — port not open
2026-07-07 12:06:03,620  WARNING  PortentaReader      send_command('disarm') ignored — port not open
2026-07-07 12:06:03,684  WARNING  PortentaReader      send_command('disarm') ignored — port not open
2026-07-07 12:06:03,747  WARNING  PortentaReader      send_command('disarm') ignored — port not open
2026-07-07 12:06:03,794  WARNING  PortentaReader      send_command('disarm') ignored — port not open
2026-07-07 12:06:03,859  WARNING  PortentaReader      send_command('disarm') ignored — port not open
2026-07-07 12:06:03,934  WARNING  PortentaReader      send_command('disarm') ignored — port not open
2026-07-07 12:06:03,997  WARNING  PortentaReader      send_command('disarm') ignored — port not open
2026-07-07 12:06:04,060  WARNING  PortentaReader      send_command('disarm') ignored — port not open
2026-07-07 12:06:04,122  WARNING  PortentaReader      send_command('disarm') ignored — port not open
2026-07-07 12:06:04,186  WARNING  PortentaReader      send_command('disarm') ignored — port not open
2026-07-07 12:06:04,255  WARNING  PortentaReader      send_command('disarm') ignored — port not open
2026-07-07 12:06:04,313  WARNING  PortentaReader      send_command('disarm') ignored — port not open
2026-07-07 12:06:04,374  WARNING  PortentaReader      send_command('disarm') ignored — port not open
2026-07-07 12:06:04,438  WARNING  PortentaReader      send_command('disarm') ignored — port not open
2026-07-07 12:06:04,500  WARNING  PortentaReader      send_command('disarm') ignored — port not open
2026-07-07 12:06:04,562  WARNING  PortentaReader      send_command('disarm') ignored — port not open
2026-07-07 12:06:04,626  WARNING  PortentaReader      send_command('disarm') ignored — port not open
2026-07-07 12:06:04,687  WARNING  PortentaReader      send_command('disarm') ignored — port not open
2026-07-07 12:06:04,751  WARNING  PortentaReader      send_command('disarm') ignored — port not open
2026-07-07 12:06:04,812  WARNING  PortentaReader      send_command('disarm') ignored — port not open
2026-07-07 12:06:04,875  WARNING  PortentaReader      send_command('disarm') ignored — port not open
2026-07-07 12:06:04,935  WARNING  PortentaReader      send_command('disarm') ignored — port not open
2026-07-07 12:06:05,000  WARNING  PortentaReader      send_command('disarm') ignored — port not open
2026-07-07 12:06:05,062  WARNING  PortentaReader      send_command('disarm') ignored — port not open
2026-07-07 12:06:05,122  WARNING  PortentaReader      send_command('disarm') ignored — port not open
2026-07-07 12:06:05,200  WARNING  PortentaReader      send_command('disarm') ignored — port not open
2026-07-07 12:06:05,263  WARNING  PortentaReader      send_command('disarm') ignored — port not open
2026-07-07 12:06:05,325  WARNING  PortentaReader      send_command('disarm') ignored — port not open
2026-07-07 12:06:05,403  WARNING  PortentaReader      send_command('disarm') ignored — port not open
2026-07-07 12:06:05,465  WARNING  PortentaReader      send_command('disarm') ignored — port not open
2026-07-07 12:06:05,527  WARNING  PortentaReader      send_command('disarm') ignored — port not open
2026-07-07 12:06:05,588  WARNING  PortentaReader      send_command('disarm') ignored — port not open
2026-07-07 12:06:05,648  WARNING  PortentaReader      send_command('disarm') ignored — port not open
2026-07-07 12:06:05,722  WARNING  PortentaReader      send_command('disarm') ignored — port not open
2026-07-07 12:06:05,773  WARNING  PortentaReader      send_command('disarm') ignored — port not open
2026-07-07 12:06:05,831  WARNING  PortentaReader      send_command('disarm') ignored — port not open
2026-07-07 12:06:05,898  WARNING  PortentaReader      send_command('disarm') ignored — port not open
2026-07-07 12:06:05,959  WARNING  PortentaReader      send_command('disarm') ignored — port not open
2026-07-07 12:06:06,021  WARNING  PortentaReader      send_command('disarm') ignored — port not open
2026-07-07 12:06:06,082  WARNING  PortentaReader      send_command('disarm') ignored — port not open
2026-07-07 12:06:06,142  WARNING  PortentaReader      send_command('disarm') ignored — port not open
2026-07-07 12:06:06,207  WARNING  PortentaReader      send_command('disarm') ignored — port not open
2026-07-07 12:06:06,269  WARNING  PortentaReader      send_command('disarm') ignored — port not open
2026-07-07 12:06:06,332  WARNING  PortentaReader      send_command('disarm') ignored — port not open
2026-07-07 12:06:06,393  WARNING  PortentaReader      send_command('disarm') ignored — port not open
2026-07-07 12:06:06,456  WARNING  PortentaReader      send_command('disarm') ignored — port not open
2026-07-07 12:06:06,519  WARNING  PortentaReader      send_command('disarm') ignored — port not open
2026-07-07 12:06:06,580  WARNING  PortentaReader      send_command('disarm') ignored — port not open
2026-07-07 12:06:06,642  WARNING  PortentaReader      send_command('disarm') ignored — port not open
2026-07-07 12:06:06,703  WARNING  PortentaReader      send_command('disarm') ignored — port not open
2026-07-07 12:06:06,765  WARNING  PortentaReader      send_command('disarm') ignored — port not open
2026-07-07 12:06:06,827  WARNING  PortentaReader      send_command('disarm') ignored — port not open
2026-07-07 12:06:06,889  WARNING  PortentaReader      send_command('disarm') ignored — port not open
2026-07-07 12:06:06,963  WARNING  PortentaReader      send_command('disarm') ignored — port not open
2026-07-07 12:06:07,016  WARNING  PortentaReader      send_command('disarm') ignored — port not open
2026-07-07 12:06:07,078  WARNING  PortentaReader      send_command('disarm') ignored — port not open
2026-07-07 12:06:07,141  WARNING  PortentaReader      send_command('disarm') ignored — port not open
2026-07-07 12:06:07,204  WARNING  PortentaReader      send_command('disarm') ignored — port not open
2026-07-07 12:06:07,267  WARNING  PortentaReader      send_command('disarm') ignored — port not open
2026-07-07 12:06:07,329  WARNING  PortentaReader      send_command('disarm') ignored — port not open
2026-07-07 12:06:07,391  WARNING  PortentaReader      send_command('disarm') ignored — port not open
2026-07-07 12:06:07,451  WARNING  PortentaReader      send_command('disarm') ignored — port not open
2026-07-07 12:06:07,515  WARNING  PortentaReader      send_command('disarm') ignored — port not open
2026-07-07 12:06:07,578  WARNING  PortentaReader      send_command('disarm') ignored — port not open
2026-07-07 12:06:07,640  WARNING  PortentaReader      send_command('disarm') ignored — port not open
2026-07-07 12:06:07,701  WARNING  PortentaReader      send_command('disarm') ignored — port not open
2026-07-07 12:06:07,765  WARNING  PortentaReader      send_command('disarm') ignored — port not open
2026-07-07 12:06:07,828  WARNING  PortentaReader      send_command('disarm') ignored — port not open
2026-07-07 12:06:07,889  WARNING  PortentaReader      send_command('disarm') ignored — port not open
2026-07-07 12:06:07,951  WARNING  PortentaReader      send_command('disarm') ignored — port not open
2026-07-07 12:06:08,013  WARNING  PortentaReader      send_command('disarm') ignored — port not open
2026-07-07 12:06:08,090  WARNING  PortentaReader      send_command('disarm') ignored — port not open
2026-07-07 12:06:08,152  WARNING  PortentaReader      send_command('disarm') ignored — port not open
2026-07-07 12:06:08,215  WARNING  PortentaReader      send_command('disarm') ignored — port not open
2026-07-07 12:06:08,276  WARNING  PortentaReader      send_command('disarm') ignored — port not open
2026-07-07 12:06:08,339  WARNING  PortentaReader      send_command('disarm') ignored — port not open
2026-07-07 12:06:08,401  WARNING  PortentaReader      send_command('disarm') ignored — port not open
2026-07-07 12:06:08,464  WARNING  PortentaReader      send_command('disarm') ignored — port not open
2026-07-07 12:06:08,525  WARNING  PortentaReader      send_command('disarm') ignored — port not open
2026-07-07 12:06:08,588  WARNING  PortentaReader      send_command('disarm') ignored — port not open
2026-07-07 12:06:08,650  WARNING  PortentaReader      send_command('disarm') ignored — port not open
2026-07-07 12:06:08,712  WARNING  PortentaReader      send_command('disarm') ignored — port not open
2026-07-07 12:06:08,773  WARNING  PortentaReader      send_command('disarm') ignored — port not open
2026-07-07 12:06:08,834  WARNING  PortentaReader      send_command('disarm') ignored — port not open
2026-07-07 12:06:08,897  WARNING  PortentaReader      send_command('disarm') ignored — port not open
2026-07-07 12:06:08,957  WARNING  PortentaReader      send_command('disarm') ignored — port not open
2026-07-07 12:06:09,020  WARNING  PortentaReader      send_command('disarm') ignored — port not open
2026-07-07 12:06:09,083  WARNING  PortentaReader      send_command('disarm') ignored — port not open
2026-07-07 12:06:09,142  WARNING  PortentaReader      send_command('disarm') ignored — port not open
2026-07-07 12:06:09,207  WARNING  PortentaReader      send_command('disarm') ignored — port not open
2026-07-07 12:06:09,269  WARNING  PortentaReader      send_command('disarm') ignored — port not open
2026-07-07 12:06:09,331  WARNING  PortentaReader      send_command('disarm') ignored — port not open
2026-07-07 12:06:09,393  WARNING  PortentaReader      send_command('disarm') ignored — port not open
2026-07-07 12:06:09,456  WARNING  PortentaReader      send_command('disarm') ignored — port not open
2026-07-07 12:06:09,518  WARNING  PortentaReader      send_command('disarm') ignored — port not open
2026-07-07 12:06:09,580  WARNING  PortentaReader      send_command('disarm') ignored — port not open
2026-07-07 12:06:09,642  WARNING  PortentaReader      send_command('disarm') ignored — port not open
2026-07-07 12:06:09,705  WARNING  PortentaReader      send_command('disarm') ignored — port not open
2026-07-07 12:06:09,768  WARNING  PortentaReader      send_command('disarm') ignored — port not open
2026-07-07 12:06:09,829  WARNING  PortentaReader      send_command('disarm') ignored — port not open
2026-07-07 12:06:09,891  WARNING  PortentaReader      send_command('disarm') ignored — port not open
2026-07-07 12:06:09,951  WARNING  PortentaReader      send_command('disarm') ignored — port not open
2026-07-07 12:06:10,015  WARNING  PortentaReader      send_command('disarm') ignored — port not open
2026-07-07 12:06:10,076  WARNING  PortentaReader      send_command('disarm') ignored — port not open
2026-07-07 12:06:10,153  WARNING  PortentaReader      send_command('disarm') ignored — port not open
2026-07-07 12:06:10,211  WARNING  PortentaReader      send_command('disarm') ignored — port not open
2026-07-07 12:06:10,284  WARNING  PortentaReader      send_command('disarm') ignored — port not open
2026-07-07 12:06:10,355  WARNING  PortentaReader      send_command('disarm') ignored — port not open
2026-07-07 12:06:10,416  WARNING  PortentaReader      send_command('disarm') ignored — port not open
2026-07-07 12:06:10,478  WARNING  PortentaReader      send_command('disarm') ignored — port not open
2026-07-07 12:06:10,541  WARNING  PortentaReader      send_command('disarm') ignored — port not open
2026-07-07 12:06:10,603  WARNING  PortentaReader      send_command('disarm') ignored — port not open
2026-07-07 12:06:10,665  WARNING  PortentaReader      send_command('disarm') ignored — port not open
2026-07-07 12:06:10,727  WARNING  PortentaReader      send_command('disarm') ignored — port not open
2026-07-07 12:06:10,789  WARNING  PortentaReader      send_command('disarm') ignored — port not open
2026-07-07 12:06:10,851  WARNING  PortentaReader      send_command('disarm') ignored — port not open
2026-07-07 12:06:10,912  WARNING  PortentaReader      send_command('disarm') ignored — port not open
2026-07-07 12:06:10,974  WARNING  PortentaReader      send_command('disarm') ignored — port not open
2026-07-07 12:06:11,036  WARNING  PortentaReader      send_command('disarm') ignored — port not open
2026-07-07 12:06:11,099  WARNING  PortentaReader      send_command('disarm') ignored — port not open
2026-07-07 12:06:11,161  WARNING  PortentaReader      send_command('disarm') ignored — port not open
2026-07-07 12:06:11,224  WARNING  PortentaReader      send_command('disarm') ignored — port not open
2026-07-07 12:06:11,286  WARNING  PortentaReader      send_command('disarm') ignored — port not open
2026-07-07 12:06:11,348  WARNING  PortentaReader      send_command('disarm') ignored — port not open
2026-07-07 12:06:11,409  WARNING  PortentaReader      send_command('disarm') ignored — port not open
2026-07-07 12:06:11,471  WARNING  PortentaReader      send_command('disarm') ignored — port not open
2026-07-07 12:06:11,534  WARNING  PortentaReader      send_command('disarm') ignored — port not open
2026-07-07 12:06:11,596  WARNING  PortentaReader      send_command('disarm') ignored — port not open
2026-07-07 12:06:11,659  WARNING  PortentaReader      send_command('disarm') ignored — port not open
2026-07-07 12:06:11,720  WARNING  PortentaReader      send_command('disarm') ignored — port not open
2026-07-07 12:06:11,783  WARNING  PortentaReader      send_command('disarm') ignored — port not open
2026-07-07 12:06:11,844  WARNING  PortentaReader      send_command('disarm') ignored — port not open
2026-07-07 12:06:11,907  WARNING  PortentaReader      send_command('disarm') ignored — port not open
2026-07-07 12:06:11,968  WARNING  PortentaReader      send_command('disarm') ignored — port not open
2026-07-07 12:06:12,031  WARNING  PortentaReader      send_command('disarm') ignored — port not open
2026-07-07 12:06:12,093  WARNING  PortentaReader      send_command('disarm') ignored — port not open
2026-07-07 12:06:12,154  WARNING  PortentaReader      send_command('disarm') ignored — port not open
2026-07-07 12:06:12,216  WARNING  PortentaReader      send_command('disarm') ignored — port not open
2026-07-07 12:06:12,292  WARNING  PortentaReader      send_command('disarm') ignored — port not open
2026-07-07 12:06:12,354  WARNING  PortentaReader      send_command('disarm') ignored — port not open
2026-07-07 12:06:12,417  WARNING  PortentaReader      send_command('disarm') ignored — port not open
2026-07-07 12:06:12,479  WARNING  PortentaReader      send_command('disarm') ignored — port not open
2026-07-07 12:06:12,540  WARNING  PortentaReader      send_command('disarm') ignored — port not open
2026-07-07 12:06:12,602  WARNING  PortentaReader      send_command('disarm') ignored — port not open
2026-07-07 12:06:12,664  WARNING  PortentaReader      send_command('disarm') ignored — port not open
2026-07-07 12:06:12,726  WARNING  PortentaReader      send_command('disarm') ignored — port not open
2026-07-07 12:06:12,788  WARNING  PortentaReader      send_command('disarm') ignored — port not open
2026-07-07 12:06:12,851  WARNING  PortentaReader      send_command('disarm') ignored — port not open
2026-07-07 12:06:12,912  WARNING  PortentaReader      send_command('disarm') ignored — port not open
2026-07-07 12:06:12,975  WARNING  PortentaReader      send_command('disarm') ignored — port not open
2026-07-07 12:06:13,037  WARNING  PortentaReader      send_command('disarm') ignored — port not open
2026-07-07 12:06:13,100  WARNING  PortentaReader      send_command('disarm') ignored — port not open
2026-07-07 12:06:13,163  WARNING  PortentaReader      send_command('disarm') ignored — port not open
2026-07-07 12:06:13,225  WARNING  PortentaReader      send_command('disarm') ignored — port not open
2026-07-07 12:06:13,288  WARNING  PortentaReader      send_command('disarm') ignored — port not open
2026-07-07 12:06:13,350  WARNING  PortentaReader      send_command('disarm') ignored — port not open
2026-07-07 12:06:13,411  WARNING  PortentaReader      send_command('disarm') ignored — port not open
2026-07-07 12:06:13,473  WARNING  PortentaReader      send_command('disarm') ignored — port not open
2026-07-07 12:06:13,534  WARNING  PortentaReader      send_command('disarm') ignored — port not open
2026-07-07 12:06:13,598  WARNING  PortentaReader      send_command('disarm') ignored — port not open
2026-07-07 12:06:13,660  WARNING  PortentaReader      send_command('disarm') ignored — port not open
2026-07-07 12:06:13,722  WARNING  PortentaReader      send_command('disarm') ignored — port not open
2026-07-07 12:06:13,784  WARNING  PortentaReader      send_command('disarm') ignored — port not open
2026-07-07 12:06:13,845  WARNING  PortentaReader      send_command('disarm') ignored — port not open
2026-07-07 12:06:13,906  WARNING  PortentaReader      send_command('disarm') ignored — port not open
2026-07-07 12:06:13,970  WARNING  PortentaReader      send_command('disarm') ignored — port not open
2026-07-07 12:06:14,032  WARNING  PortentaReader      send_command('disarm') ignored — port not open
2026-07-07 12:06:14,093  WARNING  PortentaReader      send_command('disarm') ignored — port not open
2026-07-07 12:06:14,155  WARNING  PortentaReader      send_command('disarm') ignored — port not open
2026-07-07 12:06:14,224  WARNING  PortentaReader      send_command('disarm') ignored — port not open
2026-07-07 12:06:14,280  WARNING  PortentaReader      send_command('disarm') ignored — port not open
2026-07-07 12:06:14,342  WARNING  PortentaReader      send_command('disarm') ignored — port not open
2026-07-07 12:06:14,403  WARNING  PortentaReader      send_command('disarm') ignored — port not open
2026-07-07 12:06:14,480  WARNING  PortentaReader      send_command('disarm') ignored — port not open
2026-07-07 12:06:14,541  WARNING  PortentaReader      send_command('disarm') ignored — port not open
2026-07-07 12:06:14,602  WARNING  PortentaReader      send_command('disarm') ignored — port not open
2026-07-07 12:06:14,664  WARNING  PortentaReader      send_command('disarm') ignored — port not open
2026-07-07 12:06:14,727  WARNING  PortentaReader      send_command('disarm') ignored — port not open
2026-07-07 12:06:14,788  WARNING  PortentaReader      send_command('disarm') ignored — port not open
2026-07-07 12:06:14,850  WARNING  PortentaReader      send_command('disarm') ignored — port not open
2026-07-07 12:06:14,912  WARNING  PortentaReader      send_command('disarm') ignored — port not open
2026-07-07 12:06:14,974  WARNING  PortentaReader      send_command('disarm') ignored — port not open
2026-07-07 12:06:15,036  WARNING  PortentaReader      send_command('disarm') ignored — port not open
2026-07-07 12:06:15,099  WARNING  PortentaReader      send_command('disarm') ignored — port not open
2026-07-07 12:06:15,160  WARNING  PortentaReader      send_command('disarm') ignored — port not open
2026-07-07 12:06:15,221  WARNING  PortentaReader      send_command('disarm') ignored — port not open
2026-07-07 12:06:15,283  WARNING  PortentaReader      send_command('disarm') ignored — port not open
2026-07-07 12:06:15,345  WARNING  PortentaReader      send_command('disarm') ignored — port not open
2026-07-07 12:06:15,407  WARNING  PortentaReader      send_command('disarm') ignored — port not open
2026-07-07 12:06:15,470  WARNING  PortentaReader      send_command('disarm') ignored — port not open
2026-07-07 12:06:15,532  WARNING  PortentaReader      send_command('disarm') ignored — port not open
2026-07-07 12:06:15,597  WARNING  PortentaReader      send_command('disarm') ignored — port not open
2026-07-07 12:06:15,655  WARNING  PortentaReader      send_command('disarm') ignored — port not open
2026-07-07 12:06:15,724  WARNING  PortentaReader      send_command('disarm') ignored — port not open
2026-07-07 12:06:15,780  WARNING  PortentaReader      send_command('disarm') ignored — port not open
2026-07-07 12:06:15,842  WARNING  PortentaReader      send_command('disarm') ignored — port not open
2026-07-07 12:06:15,904  WARNING  PortentaReader      send_command('disarm') ignored — port not open
2026-07-07 12:06:15,966  WARNING  PortentaReader      send_command('disarm') ignored — port not open
2026-07-07 12:06:16,029  WARNING  PortentaReader      send_command('disarm') ignored — port not open
2026-07-07 12:06:16,105  WARNING  PortentaReader      send_command('disarm') ignored — port not open
2026-07-07 12:06:16,167  WARNING  PortentaReader      send_command('disarm') ignored — port not open
2026-07-07 12:06:16,230  WARNING  PortentaReader      send_command('disarm') ignored — port not open
2026-07-07 12:06:16,293  WARNING  PortentaReader      send_command('disarm') ignored — port not open
2026-07-07 12:06:16,356  WARNING  PortentaReader      send_command('disarm') ignored — port not open
2026-07-07 12:06:16,416  WARNING  PortentaReader      send_command('disarm') ignored — port not open
2026-07-07 12:06:16,479  WARNING  PortentaReader      send_command('disarm') ignored — port not open
2026-07-07 12:06:16,541  WARNING  PortentaReader      send_command('disarm') ignored — port not open
2026-07-07 12:06:16,604  WARNING  PortentaReader      send_command('disarm') ignored — port not open
2026-07-07 12:06:16,665  WARNING  PortentaReader      send_command('disarm') ignored — port not open
2026-07-07 12:06:16,727  WARNING  PortentaReader      send_command('disarm') ignored — port not open
2026-07-07 12:06:16,790  WARNING  PortentaReader      send_command('disarm') ignored — port not open
2026-07-07 12:06:16,852  WARNING  PortentaReader      send_command('disarm') ignored — port not open
2026-07-07 12:06:16,914  WARNING  PortentaReader      send_command('disarm') ignored — port not open
2026-07-07 12:06:16,976  WARNING  PortentaReader      send_command('disarm') ignored — port not open
2026-07-07 12:06:17,036  WARNING  PortentaReader      send_command('disarm') ignored — port not open
2026-07-07 12:06:17,099  WARNING  PortentaReader      send_command('disarm') ignored — port not open
2026-07-07 12:06:17,159  WARNING  PortentaReader      send_command('disarm') ignored — port not open
2026-07-07 12:06:17,222  WARNING  PortentaReader      send_command('disarm') ignored — port not open
2026-07-07 12:06:17,284  WARNING  PortentaReader      send_command('disarm') ignored — port not open
2026-07-07 12:06:17,346  WARNING  PortentaReader      send_command('disarm') ignored — port not open
2026-07-07 12:06:17,406  WARNING  PortentaReader      send_command('disarm') ignored — port not open
2026-07-07 12:06:17,469  WARNING  PortentaReader      send_command('disarm') ignored — port not open
2026-07-07 12:06:17,531  WARNING  PortentaReader      send_command('disarm') ignored — port not open
2026-07-07 12:06:17,603  WARNING  PortentaReader      send_command('disarm') ignored — port not open
2026-07-07 12:06:17,656  WARNING  PortentaReader      send_command('disarm') ignored — port not open
2026-07-07 12:06:17,720  WARNING  PortentaReader      send_command('disarm') ignored — port not open
2026-07-07 12:06:17,781  WARNING  PortentaReader      send_command('disarm') ignored — port not open
2026-07-07 12:06:17,843  WARNING  PortentaReader      send_command('disarm') ignored — port not open
2026-07-07 12:06:17,905  WARNING  PortentaReader      send_command('disarm') ignored — port not open
2026-07-07 12:06:17,968  WARNING  PortentaReader      send_command('disarm') ignored — port not open
2026-07-07 12:06:18,029  WARNING  PortentaReader      send_command('disarm') ignored — port not open
2026-07-07 12:06:18,105  WARNING  PortentaReader      send_command('disarm') ignored — port not open
2026-07-07 12:06:18,168  WARNING  PortentaReader      send_command('disarm') ignored — port not open
2026-07-07 12:06:18,230  WARNING  PortentaReader      send_command('disarm') ignored — port not open
2026-07-07 12:06:18,292  WARNING  PortentaReader      send_command('disarm') ignored — port not open
2026-07-07 12:06:18,354  WARNING  PortentaReader      send_command('disarm') ignored — port not open
2026-07-07 12:06:18,416  WARNING  PortentaReader      send_command('disarm') ignored — port not open
2026-07-07 12:06:18,478  WARNING  PortentaReader      send_command('disarm') ignored — port not open
2026-07-07 12:06:18,540  WARNING  PortentaReader      send_command('disarm') ignored — port not open
2026-07-07 12:06:18,601  WARNING  PortentaReader      send_command('disarm') ignored — port not open
2026-07-07 12:06:18,655  WARNING  PortentaReader      send_command('disarm') ignored — port not open
2026-07-07 12:06:18,726  WARNING  PortentaReader      send_command('disarm') ignored — port not open
2026-07-07 12:06:18,787  WARNING  PortentaReader      send_command('disarm') ignored — port not open
2026-07-07 12:06:18,852  WARNING  PortentaReader      send_command('disarm') ignored — port not open
2026-07-07 12:06:18,909  WARNING  PortentaReader      send_command('disarm') ignored — port not open
2026-07-07 12:06:18,980  WARNING  PortentaReader      send_command('disarm') ignored — port not open
2026-07-07 12:06:19,034  WARNING  PortentaReader      send_command('disarm') ignored — port not open
2026-07-07 12:06:19,096  WARNING  PortentaReader      send_command('disarm') ignored — port not open
2026-07-07 12:06:19,158  WARNING  PortentaReader      send_command('disarm') ignored — port not open
2026-07-07 12:06:19,219  WARNING  PortentaReader      send_command('disarm') ignored — port not open
2026-07-07 12:06:19,281  WARNING  PortentaReader      send_command('disarm') ignored — port not open
2026-07-07 12:06:19,343  WARNING  PortentaReader      send_command('disarm') ignored — port not open
2026-07-07 12:06:19,404  WARNING  PortentaReader      send_command('disarm') ignored — port not open
2026-07-07 12:06:19,467  WARNING  PortentaReader      send_command('disarm') ignored — port not open
2026-07-07 12:06:19,529  WARNING  PortentaReader      send_command('disarm') ignored — port not open
2026-07-07 12:06:19,591  WARNING  PortentaReader      send_command('disarm') ignored — port not open
2026-07-07 12:06:19,668  WARNING  PortentaReader      send_command('disarm') ignored — port not open
2026-07-07 12:06:19,730  WARNING  PortentaReader      send_command('disarm') ignored — port not open
2026-07-07 12:06:19,792  WARNING  PortentaReader      send_command('disarm') ignored — port not open
2026-07-07 12:06:19,852  WARNING  PortentaReader      send_command('disarm') ignored — port not open
2026-07-07 12:06:19,910  WARNING  PortentaReader      send_command('disarm') ignored — port not open
2026-07-07 12:06:19,972  WARNING  PortentaReader      send_command('disarm') ignored — port not open
2026-07-07 12:06:20,038  WARNING  PortentaReader      send_command('disarm') ignored — port not open
2026-07-07 12:06:20,097  WARNING  PortentaReader      send_command('disarm') ignored — port not open
2026-07-07 12:06:20,159  WARNING  PortentaReader      send_command('disarm') ignored — port not open
2026-07-07 12:06:20,225  WARNING  PortentaReader      send_command('disarm') ignored — port not open
2026-07-07 12:06:20,280  WARNING  PortentaReader      send_command('disarm') ignored — port not open
2026-07-07 12:06:20,341  WARNING  PortentaReader      send_command('disarm') ignored — port not open
2026-07-07 12:06:20,406  WARNING  PortentaReader      send_command('disarm') ignored — port not open
2026-07-07 12:06:20,467  WARNING  PortentaReader      send_command('disarm') ignored — port not open
2026-07-07 12:06:20,533  WARNING  PortentaReader      send_command('disarm') ignored — port not open
2026-07-07 12:06:20,595  WARNING  PortentaReader      send_command('disarm') ignored — port not open
2026-07-07 12:06:20,655  WARNING  PortentaReader      send_command('disarm') ignored — port not open
2026-07-07 12:06:20,721  WARNING  PortentaReader      send_command('disarm') ignored — port not open
2026-07-07 12:06:20,782  WARNING  PortentaReader      send_command('disarm') ignored — port not open
2026-07-07 12:06:20,846  WARNING  PortentaReader      send_command('disarm') ignored — port not open
2026-07-07 12:06:20,907  WARNING  PortentaReader      send_command('disarm') ignored — port not open
2026-07-07 12:06:20,969  WARNING  PortentaReader      send_command('disarm') ignored — port not open
2026-07-07 12:06:21,030  WARNING  PortentaReader      send_command('disarm') ignored — port not open
2026-07-07 12:06:21,093  WARNING  PortentaReader      send_command('disarm') ignored — port not open
2026-07-07 12:06:21,154  WARNING  PortentaReader      send_command('disarm') ignored — port not open
2026-07-07 12:06:21,216  WARNING  PortentaReader      send_command('disarm') ignored — port not open
2026-07-07 12:06:21,294  WARNING  PortentaReader      send_command('disarm') ignored — port not open
2026-07-07 12:06:21,354  WARNING  PortentaReader      send_command('disarm') ignored — port not open
2026-07-07 12:06:21,424  WARNING  PortentaReader      send_command('disarm') ignored — port not open
2026-07-07 12:06:21,496  WARNING  PortentaReader      send_command('disarm') ignored — port not open
2026-07-07 12:06:21,557  WARNING  PortentaReader      send_command('disarm') ignored — port not open
2026-07-07 12:06:21,618  WARNING  PortentaReader      send_command('disarm') ignored — port not open
2026-07-07 12:06:21,675  WARNING  PortentaReader      send_command('disarm') ignored — port not open
2026-07-07 12:06:21,742  WARNING  PortentaReader      send_command('disarm') ignored — port not open
2026-07-07 12:06:21,803  WARNING  PortentaReader      send_command('disarm') ignored — port not open
2026-07-07 12:06:21,866  WARNING  PortentaReader      send_command('disarm') ignored — port not open
2026-07-07 12:06:21,928  WARNING  PortentaReader      send_command('disarm') ignored — port not open
2026-07-07 12:06:21,991  WARNING  PortentaReader      send_command('disarm') ignored — port not open
2026-07-07 12:06:22,052  WARNING  PortentaReader      send_command('disarm') ignored — port not open
2026-07-07 12:06:22,114  WARNING  PortentaReader      send_command('disarm') ignored — port not open
2026-07-07 12:06:22,176  WARNING  PortentaReader      send_command('disarm') ignored — port not open
2026-07-07 12:06:22,239  WARNING  PortentaReader      send_command('disarm') ignored — port not open
2026-07-07 12:06:22,300  WARNING  PortentaReader      send_command('disarm') ignored — port not open
2026-07-07 12:06:22,361  WARNING  PortentaReader      send_command('disarm') ignored — port not open
2026-07-07 12:06:22,424  WARNING  PortentaReader      send_command('disarm') ignored — port not open
2026-07-07 12:06:22,486  WARNING  PortentaReader      send_command('disarm') ignored — port not open
2026-07-07 12:06:22,548  WARNING  PortentaReader      send_command('disarm') ignored — port not open
2026-07-07 12:06:22,612  WARNING  PortentaReader      send_command('disarm') ignored — port not open
2026-07-07 12:06:22,672  WARNING  PortentaReader      send_command('disarm') ignored — port not open
2026-07-07 12:06:22,735  WARNING  PortentaReader      send_command('disarm') ignored — port not open
2026-07-07 12:06:22,796  WARNING  PortentaReader      send_command('disarm') ignored — port not open
2026-07-07 12:06:22,859  WARNING  PortentaReader      send_command('disarm') ignored — port not open
2026-07-07 12:06:22,920  WARNING  PortentaReader      send_command('disarm') ignored — port not open
2026-07-07 12:06:22,982  WARNING  PortentaReader      send_command('disarm') ignored — port not open
2026-07-07 12:06:23,058  WARNING  PortentaReader      send_command('disarm') ignored — port not open
2026-07-07 12:06:23,120  WARNING  PortentaReader      send_command('disarm') ignored — port not open
2026-07-07 12:06:23,182  WARNING  PortentaReader      send_command('disarm') ignored — port not open
2026-07-07 12:06:23,233  WARNING  PortentaReader      send_command('disarm') ignored — port not open
2026-07-07 12:06:23,306  WARNING  PortentaReader      send_command('disarm') ignored — port not open
2026-07-07 12:06:23,368  WARNING  PortentaReader      send_command('disarm') ignored — port not open
2026-07-07 12:06:23,430  WARNING  PortentaReader      send_command('disarm') ignored — port not open
2026-07-07 12:06:23,492  WARNING  PortentaReader      send_command('disarm') ignored — port not open
2026-07-07 12:06:23,553  WARNING  PortentaReader      send_command('disarm') ignored — port not open
2026-07-07 12:06:23,616  WARNING  PortentaReader      send_command('disarm') ignored — port not open
2026-07-07 12:06:23,678  WARNING  PortentaReader      send_command('disarm') ignored — port not open
2026-07-07 12:06:23,740  WARNING  PortentaReader      send_command('disarm') ignored — port not open
2026-07-07 12:06:23,807  WARNING  PortentaReader      send_command('disarm') ignored — port not open
2026-07-07 12:06:23,866  WARNING  PortentaReader      send_command('disarm') ignored — port not open
2026-07-07 12:06:23,935  WARNING  PortentaReader      send_command('disarm') ignored — port not open
2026-07-07 12:06:23,990  WARNING  PortentaReader      send_command('disarm') ignored — port not open
2026-07-07 12:06:24,052  WARNING  PortentaReader      send_command('disarm') ignored — port not open
2026-07-07 12:06:24,115  WARNING  PortentaReader      send_command('disarm') ignored — port not open
2026-07-07 12:06:24,177  WARNING  PortentaReader      send_command('disarm') ignored — port not open
2026-07-07 12:06:24,232  WARNING  PortentaReader      send_command('disarm') ignored — port not open
2026-07-07 12:06:24,299  WARNING  PortentaReader      send_command('disarm') ignored — port not open
2026-07-07 12:06:24,364  WARNING  PortentaReader      send_command('disarm') ignored — port not open
2026-07-07 12:06:24,427  WARNING  PortentaReader      send_command('disarm') ignored — port not open
2026-07-07 12:06:24,488  WARNING  PortentaReader      send_command('disarm') ignored — port not open
2026-07-07 12:06:24,552  WARNING  PortentaReader      send_command('disarm') ignored — port not open
2026-07-07 12:06:24,570  INFO   RecordingCore       H7: reconnect requested
2026-07-07 12:06:24,572  INFO   PortentaReader      Opened COM8 @ 115200 baud, waiting 4.0s for firmware boot...
2026-07-07 12:06:24,575  INFO   PortentaReader      boot banner (1 lines):
2026-07-07 12:06:24,576  INFO   PortentaReader        1	2147483647	5.000000	61031552	28299
2026-07-07 12:06:25,612  WARNING  RecordingCore       HEALTH WARNING: H7 silent 1.0s — no new samples (critical; other instruments still recording)
2026-07-07 12:06:26,575  INFO   H7Worker            H7 ready: port=COM8 baud=115200 channels=['laser', 'load', 'sma_i', 'sma_r', 'sma_v']
2026-07-07 12:14:00,574  INFO   RecordingCore       Recording STARTED
2026-07-07 12:14:28,881  INFO   RecordingCore       Recording STOPPED
2026-07-07 12:17:05,548  ERROR  H7Worker            H7 worker crashed: ClearCommError failed (OSError(22, 'The I/O operation has been aborted because of either a thread exit or an application request.', None, 995))
Traceback (most recent call last):
  File "c:\Users\yilin\Documents\GitHubRepo_Research\MicroTensileMachine\MicroTensileMachine\Experiment_SMAThermalCharacterization\workers.py", line 232, in run
    self._main_loop()
  File "c:\Users\yilin\Documents\GitHubRepo_Research\MicroTensileMachine\MicroTensileMachine\Experiment_SMAThermalCharacterization\workers.py", line 264, in _main_loop
    for kind, item in reader.iter_events():
                      ^^^^^^^^^^^^^^^^^^^^
  File "C:\Users\yilin\Documents\GitHubRepo_Research\MicroTensileMachine\MicroTensileMachine\Calibrate_LaserHead\portenta_reader.py", line 413, in iter_events
    line = self._readline()
           ^^^^^^^^^^^^^^^^
  File "C:\Users\yilin\Documents\GitHubRepo_Research\MicroTensileMachine\MicroTensileMachine\Calibrate_LaserHead\portenta_reader.py", line 363, in _readline
    raw = self._ser.readline()
          ^^^^^^^^^^^^^^^^^^^^
  File "C:\Users\yilin\AppData\Local\Programs\Python\Python312\Lib\site-packages\serial\serialwin32.py", line 275, in read
    raise SerialException("ClearCommError failed ({!r})".format(ctypes.WinError()))
serial.serialutil.SerialException: ClearCommError failed (OSError(22, 'The I/O operation has been aborted because of either a thread exit or an application request.', None, 995))
2026-07-07 12:17:05,549  INFO   H7Worker            H7 worker exit  (pushed=423727, dropped=0, filtered=0)
2026-07-07 12:17:06,693  WARNING  RecordingCore       HEALTH WARNING: H7 silent 1.1s — no new samples (critical; other instruments still recording)
2026-07-07 12:17:08,633  WARNING  PortentaReader      send_command('disarm') ignored — port not open
2026-07-07 12:17:08,696  WARNING  PortentaReader      send_command('disarm') ignored — port not open
2026-07-07 12:17:08,757  WARNING  PortentaReader      send_command('disarm') ignored — port not open
2026-07-07 12:17:08,817  WARNING  PortentaReader      send_command('disarm') ignored — port not open
2026-07-07 12:17:08,878  WARNING  PortentaReader      send_command('disarm') ignored — port not open
2026-07-07 12:17:08,940  WARNING  PortentaReader      send_command('disarm') ignored — port not open
2026-07-07 12:17:09,003  WARNING  PortentaReader      send_command('disarm') ignored — port not open
2026-07-07 12:17:09,064  WARNING  PortentaReader      send_command('disarm') ignored — port not open
2026-07-07 12:17:09,141  WARNING  PortentaReader      send_command('disarm') ignored — port not open
2026-07-07 12:17:09,209  WARNING  PortentaReader      send_command('disarm') ignored — port not open
2026-07-07 12:17:09,265  WARNING  PortentaReader      send_command('disarm') ignored — port not open
2026-07-07 12:17:09,332  WARNING  PortentaReader      send_command('disarm') ignored — port not open
2026-07-07 12:17:09,390  WARNING  PortentaReader      send_command('disarm') ignored — port not open
2026-07-07 12:17:09,452  WARNING  PortentaReader      send_command('disarm') ignored — port not open
2026-07-07 12:17:09,513  WARNING  PortentaReader      send_command('disarm') ignored — port not open
2026-07-07 12:17:09,574  WARNING  PortentaReader      send_command('disarm') ignored — port not open
2026-07-07 12:17:09,637  WARNING  PortentaReader      send_command('disarm') ignored — port not open
2026-07-07 12:17:09,699  WARNING  PortentaReader      send_command('disarm') ignored — port not open
2026-07-07 12:17:09,761  WARNING  PortentaReader      send_command('disarm') ignored — port not open
2026-07-07 12:17:09,821  WARNING  PortentaReader      send_command('disarm') ignored — port not open
2026-07-07 12:17:09,884  WARNING  PortentaReader      send_command('disarm') ignored — port not open
2026-07-07 12:17:09,943  WARNING  PortentaReader      send_command('disarm') ignored — port not open
2026-07-07 12:17:10,005  WARNING  PortentaReader      send_command('disarm') ignored — port not open
2026-07-07 12:17:10,067  WARNING  PortentaReader      send_command('disarm') ignored — port not open
2026-07-07 12:17:10,130  WARNING  PortentaReader      send_command('disarm') ignored — port not open
2026-07-07 12:17:10,192  WARNING  PortentaReader      send_command('disarm') ignored — port not open
2026-07-07 12:17:10,254  WARNING  PortentaReader      send_command('disarm') ignored — port not open
2026-07-07 12:17:10,316  WARNING  PortentaReader      send_command('disarm') ignored — port not open
2026-07-07 12:17:10,378  WARNING  PortentaReader      send_command('disarm') ignored — port not open
2026-07-07 12:17:10,440  WARNING  PortentaReader      send_command('disarm') ignored — port not open
2026-07-07 12:17:10,503  WARNING  PortentaReader      send_command('disarm') ignored — port not open
2026-07-07 12:17:10,565  WARNING  PortentaReader      send_command('disarm') ignored — port not open
2026-07-07 12:17:10,628  WARNING  PortentaReader      send_command('disarm') ignored — port not open
2026-07-07 12:17:10,690  WARNING  PortentaReader      send_command('disarm') ignored — port not open
2026-07-07 12:17:10,756  WARNING  PortentaReader      send_command('disarm') ignored — port not open
2026-07-07 12:17:10,814  WARNING  PortentaReader      send_command('disarm') ignored — port not open
2026-07-07 12:17:10,892  WARNING  PortentaReader      send_command('disarm') ignored — port not open
2026-07-07 12:17:10,955  WARNING  PortentaReader      send_command('disarm') ignored — port not open
2026-07-07 12:17:11,019  WARNING  PortentaReader      send_command('disarm') ignored — port not open
2026-07-07 12:17:11,095  WARNING  PortentaReader      send_command('disarm') ignored — port not open
2026-07-07 12:17:11,169  WARNING  PortentaReader      send_command('disarm') ignored — port not open
2026-07-07 12:17:11,230  WARNING  PortentaReader      send_command('disarm') ignored — port not open
2026-07-07 12:17:11,303  WARNING  PortentaReader      send_command('disarm') ignored — port not open
2026-07-07 12:17:11,347  WARNING  PortentaReader      send_command('disarm') ignored — port not open
2026-07-07 12:17:11,420  WARNING  PortentaReader      send_command('disarm') ignored — port not open
2026-07-07 12:17:11,483  WARNING  PortentaReader      send_command('disarm') ignored — port not open
2026-07-07 12:17:11,543  WARNING  PortentaReader      send_command('disarm') ignored — port not open
2026-07-07 12:17:11,605  WARNING  PortentaReader      send_command('disarm') ignored — port not open
2026-07-07 12:17:11,667  WARNING  PortentaReader      send_command('disarm') ignored — port not open
2026-07-07 12:17:11,730  WARNING  PortentaReader      send_command('disarm') ignored — port not open
2026-07-07 12:17:11,792  WARNING  PortentaReader      send_command('disarm') ignored — port not open
2026-07-07 12:17:11,847  WARNING  PortentaReader      send_command('disarm') ignored — port not open
2026-07-07 12:17:11,915  WARNING  PortentaReader      send_command('disarm') ignored — port not open
2026-07-07 12:17:11,977  WARNING  PortentaReader      send_command('disarm') ignored — port not open
2026-07-07 12:17:12,039  WARNING  PortentaReader      send_command('disarm') ignored — port not open
2026-07-07 12:17:12,101  WARNING  PortentaReader      send_command('disarm') ignored — port not open
2026-07-07 12:17:12,162  WARNING  PortentaReader      send_command('disarm') ignored — port not open
2026-07-07 12:17:12,225  WARNING  PortentaReader      send_command('disarm') ignored — port not open
2026-07-07 12:17:12,288  WARNING  PortentaReader      send_command('disarm') ignored — port not open
2026-07-07 12:17:12,349  WARNING  PortentaReader      send_command('disarm') ignored — port not open
2026-07-07 12:17:12,410  WARNING  PortentaReader      send_command('disarm') ignored — port not open
2026-07-07 12:17:12,472  WARNING  PortentaReader      send_command('disarm') ignored — port not open
2026-07-07 12:17:12,534  WARNING  PortentaReader      send_command('disarm') ignored — port not open
2026-07-07 12:17:12,597  WARNING  PortentaReader      send_command('disarm') ignored — port not open
2026-07-07 12:17:12,657  WARNING  PortentaReader      send_command('disarm') ignored — port not open
2026-07-07 12:17:12,721  WARNING  PortentaReader      send_command('disarm') ignored — port not open
2026-07-07 12:17:12,783  WARNING  PortentaReader      send_command('disarm') ignored — port not open
2026-07-07 12:17:12,846  WARNING  PortentaReader      send_command('disarm') ignored — port not open
2026-07-07 12:17:12,908  WARNING  PortentaReader      send_command('disarm') ignored — port not open
2026-07-07 12:17:12,995  WARNING  PortentaReader      send_command('disarm') ignored — port not open
2026-07-07 12:17:13,034  WARNING  PortentaReader      send_command('disarm') ignored — port not open
2026-07-07 12:17:13,110  WARNING  PortentaReader      send_command('disarm') ignored — port not open
2026-07-07 12:17:13,169  WARNING  PortentaReader      send_command('disarm') ignored — port not open
2026-07-07 12:17:13,234  WARNING  PortentaReader      send_command('disarm') ignored — port not open
2026-07-07 12:17:13,293  WARNING  PortentaReader      send_command('disarm') ignored — port not open
2026-07-07 12:17:13,349  WARNING  PortentaReader      send_command('disarm') ignored — port not open
2026-07-07 12:17:13,416  WARNING  PortentaReader      send_command('disarm') ignored — port not open
2026-07-07 12:17:13,477  WARNING  PortentaReader      send_command('disarm') ignored — port not open
2026-07-07 12:17:13,540  WARNING  PortentaReader      send_command('disarm') ignored — port not open
2026-07-07 12:17:13,603  WARNING  PortentaReader      send_command('disarm') ignored — port not open
2026-07-07 12:17:13,658  WARNING  PortentaReader      send_command('disarm') ignored — port not open
2026-07-07 12:17:13,725  WARNING  PortentaReader      send_command('disarm') ignored — port not open
2026-07-07 12:17:13,800  WARNING  PortentaReader      send_command('disarm') ignored — port not open
2026-07-07 12:17:13,851  WARNING  PortentaReader      send_command('disarm') ignored — port not open
2026-07-07 12:17:13,911  WARNING  PortentaReader      send_command('disarm') ignored — port not open
2026-07-07 12:17:13,983  WARNING  PortentaReader      send_command('disarm') ignored — port not open
2026-07-07 12:17:14,038  WARNING  PortentaReader      send_command('disarm') ignored — port not open
2026-07-07 12:17:14,121  WARNING  PortentaReader      send_command('disarm') ignored — port not open
2026-07-07 12:17:14,176  WARNING  PortentaReader      send_command('disarm') ignored — port not open
2026-07-07 12:17:14,231  WARNING  PortentaReader      send_command('disarm') ignored — port not open
2026-07-07 12:17:14,289  WARNING  PortentaReader      send_command('disarm') ignored — port not open
2026-07-07 12:17:14,349  WARNING  PortentaReader      send_command('disarm') ignored — port not open
2026-07-07 12:17:14,411  WARNING  PortentaReader      send_command('disarm') ignored — port not open
2026-07-07 12:17:14,472  WARNING  PortentaReader      send_command('disarm') ignored — port not open
2026-07-07 12:17:14,534  WARNING  PortentaReader      send_command('disarm') ignored — port not open
2026-07-07 12:17:14,597  WARNING  PortentaReader      send_command('disarm') ignored — port not open
2026-07-07 12:17:14,660  WARNING  PortentaReader      send_command('disarm') ignored — port not open
2026-07-07 12:17:14,721  WARNING  PortentaReader      send_command('disarm') ignored — port not open
2026-07-07 12:17:14,783  WARNING  PortentaReader      send_command('disarm') ignored — port not open
2026-07-07 12:17:14,846  WARNING  PortentaReader      send_command('disarm') ignored — port not open
2026-07-07 12:17:14,908  WARNING  PortentaReader      send_command('disarm') ignored — port not open
2026-07-07 12:17:14,985  WARNING  PortentaReader      send_command('disarm') ignored — port not open
2026-07-07 12:17:15,054  WARNING  PortentaReader      send_command('disarm') ignored — port not open
2026-07-07 12:17:15,109  WARNING  PortentaReader      send_command('disarm') ignored — port not open
2026-07-07 12:17:15,163  WARNING  PortentaReader      send_command('disarm') ignored — port not open
2026-07-07 12:17:15,225  WARNING  PortentaReader      send_command('disarm') ignored — port not open
2026-07-07 12:17:15,300  WARNING  PortentaReader      send_command('disarm') ignored — port not open
2026-07-07 12:17:15,356  WARNING  PortentaReader      send_command('disarm') ignored — port not open
2026-07-07 12:17:15,408  WARNING  PortentaReader      send_command('disarm') ignored — port not open
2026-07-07 12:17:15,480  WARNING  PortentaReader      send_command('disarm') ignored — port not open
2026-07-07 12:17:15,536  WARNING  PortentaReader      send_command('disarm') ignored — port not open
2026-07-07 12:17:15,605  WARNING  PortentaReader      send_command('disarm') ignored — port not open
2026-07-07 12:17:15,666  WARNING  PortentaReader      send_command('disarm') ignored — port not open
2026-07-07 12:17:15,728  WARNING  PortentaReader      send_command('disarm') ignored — port not open
2026-07-07 12:17:15,789  WARNING  PortentaReader      send_command('disarm') ignored — port not open
2026-07-07 12:17:15,853  WARNING  PortentaReader      send_command('disarm') ignored — port not open
2026-07-07 12:17:15,914  WARNING  PortentaReader      send_command('disarm') ignored — port not open
2026-07-07 12:17:15,976  WARNING  PortentaReader      send_command('disarm') ignored — port not open
2026-07-07 12:17:16,039  WARNING  PortentaReader      send_command('disarm') ignored — port not open
2026-07-07 12:17:16,101  WARNING  PortentaReader      send_command('disarm') ignored — port not open
2026-07-07 12:17:16,162  WARNING  PortentaReader      send_command('disarm') ignored — port not open
2026-07-07 12:17:16,224  WARNING  PortentaReader      send_command('disarm') ignored — port not open
2026-07-07 12:17:16,286  WARNING  PortentaReader      send_command('disarm') ignored — port not open
2026-07-07 12:17:16,348  WARNING  PortentaReader      send_command('disarm') ignored — port not open
2026-07-07 12:17:16,408  WARNING  PortentaReader      send_command('disarm') ignored — port not open
2026-07-07 12:17:16,470  WARNING  PortentaReader      send_command('disarm') ignored — port not open
2026-07-07 12:17:16,547  WARNING  PortentaReader      send_command('disarm') ignored — port not open
2026-07-07 12:17:16,609  WARNING  PortentaReader      send_command('disarm') ignored — port not open
2026-07-07 12:17:16,660  WARNING  PortentaReader      send_command('disarm') ignored — port not open
2026-07-07 12:17:16,734  WARNING  PortentaReader      send_command('disarm') ignored — port not open
2026-07-07 12:17:16,786  WARNING  PortentaReader      send_command('disarm') ignored — port not open
2026-07-07 12:17:16,859  WARNING  PortentaReader      send_command('disarm') ignored — port not open
2026-07-07 12:17:16,908  WARNING  PortentaReader      send_command('disarm') ignored — port not open
2026-07-07 12:17:16,984  WARNING  PortentaReader      send_command('disarm') ignored — port not open
2026-07-07 12:17:17,036  WARNING  PortentaReader      send_command('disarm') ignored — port not open
2026-07-07 12:17:17,105  WARNING  PortentaReader      send_command('disarm') ignored — port not open
2026-07-07 12:17:17,167  WARNING  PortentaReader      send_command('disarm') ignored — port not open
2026-07-07 12:17:17,230  WARNING  PortentaReader      send_command('disarm') ignored — port not open
2026-07-07 12:17:17,291  WARNING  PortentaReader      send_command('disarm') ignored — port not open
2026-07-07 12:17:17,352  WARNING  PortentaReader      send_command('disarm') ignored — port not open
2026-07-07 12:17:17,414  WARNING  PortentaReader      send_command('disarm') ignored — port not open
2026-07-07 12:17:17,475  WARNING  PortentaReader      send_command('disarm') ignored — port not open
2026-07-07 12:17:17,536  WARNING  PortentaReader      send_command('disarm') ignored — port not open
2026-07-07 12:17:17,599  WARNING  PortentaReader      send_command('disarm') ignored — port not open
2026-07-07 12:17:17,662  WARNING  PortentaReader      send_command('disarm') ignored — port not open
2026-07-07 12:17:17,723  WARNING  PortentaReader      send_command('disarm') ignored — port not open
2026-07-07 12:17:17,785  WARNING  PortentaReader      send_command('disarm') ignored — port not open
2026-07-07 12:17:17,846  WARNING  PortentaReader      send_command('disarm') ignored — port not open
2026-07-07 12:17:17,910  WARNING  PortentaReader      send_command('disarm') ignored — port not open
2026-07-07 12:17:17,971  WARNING  PortentaReader      send_command('disarm') ignored — port not open
2026-07-07 12:17:18,034  WARNING  PortentaReader      send_command('disarm') ignored — port not open
2026-07-07 12:17:18,102  WARNING  PortentaReader      send_command('disarm') ignored — port not open
2026-07-07 12:17:18,160  WARNING  PortentaReader      send_command('disarm') ignored — port not open
2026-07-07 12:17:18,222  WARNING  PortentaReader      send_command('disarm') ignored — port not open
2026-07-07 12:17:18,283  WARNING  PortentaReader      send_command('disarm') ignored — port not open
2026-07-07 12:17:18,353  WARNING  PortentaReader      send_command('disarm') ignored — port not open
2026-07-07 12:17:18,413  WARNING  PortentaReader      send_command('disarm') ignored — port not open
2026-07-07 12:17:18,486  WARNING  PortentaReader      send_command('disarm') ignored — port not open
2026-07-07 12:17:18,533  WARNING  PortentaReader      send_command('disarm') ignored — port not open
2026-07-07 12:17:18,607  WARNING  PortentaReader      send_command('disarm') ignored — port not open
2026-07-07 12:17:18,670  WARNING  PortentaReader      send_command('disarm') ignored — port not open
2026-07-07 12:17:18,732  WARNING  PortentaReader      send_command('disarm') ignored — port not open
2026-07-07 12:17:18,794  WARNING  PortentaReader      send_command('disarm') ignored — port not open
2026-07-07 12:17:18,856  WARNING  PortentaReader      send_command('disarm') ignored — port not open
2026-07-07 12:17:18,917  WARNING  PortentaReader      send_command('disarm') ignored — port not open
2026-07-07 12:17:18,979  WARNING  PortentaReader      send_command('disarm') ignored — port not open
2026-07-07 12:17:19,040  WARNING  PortentaReader      send_command('disarm') ignored — port not open
2026-07-07 12:17:19,102  WARNING  PortentaReader      send_command('disarm') ignored — port not open
2026-07-07 12:17:19,163  WARNING  PortentaReader      send_command('disarm') ignored — port not open
2026-07-07 12:17:19,224  WARNING  PortentaReader      send_command('disarm') ignored — port not open
2026-07-07 12:17:19,286  WARNING  PortentaReader      send_command('disarm') ignored — port not open
2026-07-07 12:17:19,349  WARNING  PortentaReader      send_command('disarm') ignored — port not open
2026-07-07 12:17:19,411  WARNING  PortentaReader      send_command('disarm') ignored — port not open
2026-07-07 12:17:19,472  WARNING  PortentaReader      send_command('disarm') ignored — port not open
2026-07-07 12:17:19,534  WARNING  PortentaReader      send_command('disarm') ignored — port not open
2026-07-07 12:17:19,599  WARNING  PortentaReader      send_command('disarm') ignored — port not open
2026-07-07 12:17:19,664  WARNING  PortentaReader      send_command('disarm') ignored — port not open
2026-07-07 12:17:19,723  WARNING  PortentaReader      send_command('disarm') ignored — port not open
2026-07-07 12:17:19,786  WARNING  PortentaReader      send_command('disarm') ignored — port not open
2026-07-07 12:17:19,848  WARNING  PortentaReader      send_command('disarm') ignored — port not open
2026-07-07 12:17:19,908  WARNING  PortentaReader      send_command('disarm') ignored — port not open
2026-07-07 12:17:19,981  WARNING  PortentaReader      send_command('disarm') ignored — port not open
2026-07-07 12:17:20,034  WARNING  PortentaReader      send_command('disarm') ignored — port not open
2026-07-07 12:17:20,096  WARNING  PortentaReader      send_command('disarm') ignored — port not open
2026-07-07 12:17:20,159  WARNING  PortentaReader      send_command('disarm') ignored — port not open
2026-07-07 12:17:20,221  WARNING  PortentaReader      send_command('disarm') ignored — port not open
2026-07-07 12:17:20,283  WARNING  PortentaReader      send_command('disarm') ignored — port not open
2026-07-07 12:17:20,345  WARNING  PortentaReader      send_command('disarm') ignored — port not open
2026-07-07 12:17:20,406  WARNING  PortentaReader      send_command('disarm') ignored — port not open
2026-07-07 12:17:20,485  WARNING  PortentaReader      send_command('disarm') ignored — port not open
2026-07-07 12:17:20,534  WARNING  PortentaReader      send_command('disarm') ignored — port not open
2026-07-07 12:17:20,609  WARNING  PortentaReader      send_command('disarm') ignored — port not open
2026-07-07 12:17:20,670  WARNING  PortentaReader      send_command('disarm') ignored — port not open
2026-07-07 12:17:20,734  WARNING  PortentaReader      send_command('disarm') ignored — port not open
2026-07-07 12:17:20,794  WARNING  PortentaReader      send_command('disarm') ignored — port not open
2026-07-07 12:17:20,857  WARNING  PortentaReader      send_command('disarm') ignored — port not open
2026-07-07 12:17:20,910  WARNING  PortentaReader      send_command('disarm') ignored — port not open
2026-07-07 12:17:20,984  WARNING  PortentaReader      send_command('disarm') ignored — port not open
2026-07-07 12:17:21,046  WARNING  PortentaReader      send_command('disarm') ignored — port not open
2026-07-07 12:17:21,095  WARNING  PortentaReader      send_command('disarm') ignored — port not open
2026-07-07 12:17:21,168  WARNING  PortentaReader      send_command('disarm') ignored — port not open
2026-07-07 12:17:21,246  WARNING  PortentaReader      send_command('disarm') ignored — port not open
2026-07-07 12:17:21,300  WARNING  PortentaReader      send_command('disarm') ignored — port not open
2026-07-07 12:17:21,353  WARNING  PortentaReader      send_command('disarm') ignored — port not open
2026-07-07 12:17:21,422  WARNING  PortentaReader      send_command('disarm') ignored — port not open
2026-07-07 12:17:21,478  WARNING  PortentaReader      send_command('disarm') ignored — port not open
2026-07-07 12:17:21,540  WARNING  PortentaReader      send_command('disarm') ignored — port not open
2026-07-07 12:17:21,602  WARNING  PortentaReader      send_command('disarm') ignored — port not open
2026-07-07 12:17:21,663  WARNING  PortentaReader      send_command('disarm') ignored — port not open
2026-07-07 12:17:21,726  WARNING  PortentaReader      send_command('disarm') ignored — port not open
2026-07-07 12:17:21,787  WARNING  PortentaReader      send_command('disarm') ignored — port not open
2026-07-07 12:17:21,850  WARNING  PortentaReader      send_command('disarm') ignored — port not open
2026-07-07 12:17:21,912  WARNING  PortentaReader      send_command('disarm') ignored — port not open
2026-07-07 12:17:21,975  WARNING  PortentaReader      send_command('disarm') ignored — port not open
2026-07-07 12:17:22,036  WARNING  PortentaReader      send_command('disarm') ignored — port not open
2026-07-07 12:17:22,124  WARNING  PortentaReader      send_command('disarm') ignored — port not open
2026-07-07 12:17:22,168  WARNING  PortentaReader      send_command('disarm') ignored — port not open
2026-07-07 12:17:22,223  WARNING  PortentaReader      send_command('disarm') ignored — port not open
2026-07-07 12:17:22,290  WARNING  PortentaReader      send_command('disarm') ignored — port not open
2026-07-07 12:17:22,348  WARNING  PortentaReader      send_command('disarm') ignored — port not open
2026-07-07 12:17:22,410  WARNING  PortentaReader      send_command('disarm') ignored — port not open
2026-07-07 12:17:22,474  WARNING  PortentaReader      send_command('disarm') ignored — port not open
2026-07-07 12:17:22,542  WARNING  PortentaReader      send_command('disarm') ignored — port not open
2026-07-07 12:17:22,625  WARNING  PortentaReader      send_command('disarm') ignored — port not open
2026-07-07 12:17:22,657  WARNING  PortentaReader      send_command('disarm') ignored — port not open
2026-07-07 12:17:22,733  WARNING  PortentaReader      send_command('disarm') ignored — port not open
2026-07-07 12:17:22,781  WARNING  PortentaReader      send_command('disarm') ignored — port not open
2026-07-07 12:17:22,845  WARNING  PortentaReader      send_command('disarm') ignored — port not open
2026-07-07 12:17:22,913  WARNING  PortentaReader      send_command('disarm') ignored — port not open
2026-07-07 12:17:22,973  WARNING  PortentaReader      send_command('disarm') ignored — port not open
2026-07-07 12:17:23,042  WARNING  PortentaReader      send_command('disarm') ignored — port not open
2026-07-07 12:17:23,104  WARNING  PortentaReader      send_command('disarm') ignored — port not open
2026-07-07 12:17:23,167  WARNING  PortentaReader      send_command('disarm') ignored — port not open
2026-07-07 12:17:23,230  WARNING  PortentaReader      send_command('disarm') ignored — port not open
2026-07-07 12:17:23,291  WARNING  PortentaReader      send_command('disarm') ignored — port not open
2026-07-07 12:17:23,348  WARNING  PortentaReader      send_command('disarm') ignored — port not open
2026-07-07 12:17:23,408  WARNING  PortentaReader      send_command('disarm') ignored — port not open
2026-07-07 12:17:23,475  WARNING  PortentaReader      send_command('disarm') ignored — port not open
2026-07-07 12:17:23,539  WARNING  PortentaReader      send_command('disarm') ignored — port not open
2026-07-07 12:17:23,601  WARNING  PortentaReader      send_command('disarm') ignored — port not open
2026-07-07 12:17:23,662  WARNING  PortentaReader      send_command('disarm') ignored — port not open
2026-07-07 12:17:23,725  WARNING  PortentaReader      send_command('disarm') ignored — port not open
2026-07-07 12:17:23,788  WARNING  PortentaReader      send_command('disarm') ignored — port not open
2026-07-07 12:17:23,852  WARNING  PortentaReader      send_command('disarm') ignored — port not open
2026-07-07 12:17:23,908  WARNING  PortentaReader      send_command('disarm') ignored — port not open
2026-07-07 12:17:23,971  WARNING  PortentaReader      send_command('disarm') ignored — port not open
2026-07-07 12:17:24,035  WARNING  PortentaReader      send_command('disarm') ignored — port not open
2026-07-07 12:17:24,098  WARNING  PortentaReader      send_command('disarm') ignored — port not open
2026-07-07 12:17:24,157  WARNING  PortentaReader      send_command('disarm') ignored — port not open
2026-07-07 12:17:24,248  WARNING  PortentaReader      send_command('disarm') ignored — port not open
2026-07-07 12:17:24,293  WARNING  PortentaReader      send_command('disarm') ignored — port not open
2026-07-07 12:17:24,345  WARNING  PortentaReader      send_command('disarm') ignored — port not open
2026-07-07 12:17:24,407  WARNING  PortentaReader      send_command('disarm') ignored — port not open
2026-07-07 12:17:24,471  WARNING  PortentaReader      send_command('disarm') ignored — port not open
2026-07-07 12:17:24,532  WARNING  PortentaReader      send_command('disarm') ignored — port not open
2026-07-07 12:17:24,594  WARNING  PortentaReader      send_command('disarm') ignored — port not open
2026-07-07 12:17:24,656  WARNING  PortentaReader      send_command('disarm') ignored — port not open
2026-07-07 12:17:24,719  WARNING  PortentaReader      send_command('disarm') ignored — port not open
2026-07-07 12:17:24,787  WARNING  PortentaReader      send_command('disarm') ignored — port not open
2026-07-07 12:17:24,858  WARNING  PortentaReader      send_command('disarm') ignored — port not open
2026-07-07 12:17:24,907  WARNING  PortentaReader      send_command('disarm') ignored — port not open
2026-07-07 12:17:24,974  WARNING  PortentaReader      send_command('disarm') ignored — port not open
2026-07-07 12:17:25,065  WARNING  PortentaReader      send_command('disarm') ignored — port not open
2026-07-07 12:17:25,095  WARNING  PortentaReader      send_command('disarm') ignored — port not open
2026-07-07 12:17:25,165  WARNING  PortentaReader      send_command('disarm') ignored — port not open
2026-07-07 12:17:25,227  WARNING  PortentaReader      send_command('disarm') ignored — port not open
2026-07-07 12:17:25,297  WARNING  PortentaReader      send_command('disarm') ignored — port not open
2026-07-07 12:17:25,365  WARNING  PortentaReader      send_command('disarm') ignored — port not open
2026-07-07 12:17:25,417  WARNING  PortentaReader      send_command('disarm') ignored — port not open
2026-07-07 12:17:25,455  INFO   RecordingCore       H7: reconnect requested
2026-07-07 12:17:25,457  INFO   PortentaReader      Opened COM8 @ 115200 baud, waiting 4.0s for firmware boot...
2026-07-07 12:17:25,461  INFO   PortentaReader      boot banner (1 lines):
2026-07-07 12:17:25,461  INFO   PortentaReader        16707	1	1983858725	4.619031	16889703	6364
2026-07-07 12:17:26,471  WARNING  RecordingCore       HEALTH WARNING: H7 silent 1.0s — no new samples (critical; other instruments still recording)
2026-07-07 12:17:27,453  INFO   H7Worker            H7 ready: port=COM8 baud=115200 channels=['laser', 'load', 'sma_i', 'sma_r', 'sma_v']
2026-07-07 12:19:29,791  INFO   RecordingCore       Recording STARTED
2026-07-07 12:20:35,167  INFO   RecordingCore       Recording STOPPED
2026-07-07 12:20:41,397  INFO   H7Worker            H7 worker exit  (pushed=122329, dropped=0, filtered=0)
2026-07-07 12:20:41,601  INFO   Driver_ZaberStage   Disconnected
2026-07-07 12:20:41,601  INFO   ZaberWorker         Zaber worker exit  (pushed=51442, dropped=0)
2026-07-07 12:20:41,860  INFO   CameraWorker        Camera worker exit (written=338)
2026-07-07 12:20:41,889  INFO   RecordingCore       Wrote C:\Users\yilin\Documents\GitHubRepo_Research\MicroTensileMachine\MicroTensileMachine\Experiment_SMAThermalCharacterization\data\console_20260707_120216\meta.json
