2026-07-06 17:28:25,710  INFO   root                Session: console_20260706_172825
2026-07-06 17:28:25,710  INFO   root                Output:  C:\Users\yilin\Documents\GitHubRepo_Research\MicroTensileMachine\MicroTensileMachine\Experiment_SMACharacterizationV3\data\console_20260706_172825
2026-07-06 17:28:25,710  INFO   root                Config:  C:\Users\yilin\Documents\GitHubRepo_Research\MicroTensileMachine\MicroTensileMachine\Experiment_SMACharacterizationV3\config.yaml  headless=False
2026-07-06 17:28:26,452  INFO   LCRMeter            Auto-detecting E4980A/AL LCR meter...
2026-07-06 17:28:26,453  ERROR  H7Worker            H7 worker crashed: could not open port 'COM8': FileNotFoundError(2, 'The system cannot find the file specified.', None, 2)
Traceback (most recent call last):
  File "c:\Users\yilin\Documents\GitHubRepo_Research\MicroTensileMachine\MicroTensileMachine\Experiment_SMACharacterizationV3\workers.py", line 220, in run
    self._main_loop()
  File "c:\Users\yilin\Documents\GitHubRepo_Research\MicroTensileMachine\MicroTensileMachine\Experiment_SMACharacterizationV3\workers.py", line 239, in _main_loop
    with reader:
         ^^^^^^
  File "C:\Users\yilin\Documents\GitHubRepo_Research\MicroTensileMachine\MicroTensileMachine\Calibrate_LaserHead\portenta_reader.py", line 330, in __enter__
    self.open()
  File "C:\Users\yilin\Documents\GitHubRepo_Research\MicroTensileMachine\MicroTensileMachine\Calibrate_LaserHead\portenta_reader.py", line 284, in open
    self._ser = serial.Serial(
                ^^^^^^^^^^^^^^
  File "C:\Users\yilin\AppData\Local\Programs\Python\Python312\Lib\site-packages\serial\serialwin32.py", line 33, in __init__
    super(Serial, self).__init__(*args, **kwargs)
  File "C:\Users\yilin\AppData\Local\Programs\Python\Python312\Lib\site-packages\serial\serialutil.py", line 244, in __init__
    self.open()
  File "C:\Users\yilin\AppData\Local\Programs\Python\Python312\Lib\site-packages\serial\serialwin32.py", line 64, in open
    raise SerialException("could not open port {!r}: {!r}".format(self.portstr, ctypes.WinError()))
serial.serialutil.SerialException: could not open port 'COM8': FileNotFoundError(2, 'The system cannot find the file specified.', None, 2)
2026-07-06 17:28:26,457  INFO   H7Worker            H7 worker exit  (pushed=0, dropped=0, filtered=0)
2026-07-06 17:28:26,523  INFO   LCRMeter            Using VISA backend: @py
2026-07-06 17:28:27,545  INFO   LCRMeter            Found 1 instruments
2026-07-06 17:28:27,546  ERROR  LCRMeter            No E4980A/AL found
2026-07-06 17:28:27,546  ERROR  LcrWorker           LCR worker crashed: Could not connect to Keysight E4980 LCR meter. Check USB/LAN cable, instrument power, and VISA backend.
Traceback (most recent call last):
  File "c:\Users\yilin\Documents\GitHubRepo_Research\MicroTensileMachine\MicroTensileMachine\Experiment_SMACharacterizationV3\workers.py", line 117, in run
    self._main_loop()
  File "c:\Users\yilin\Documents\GitHubRepo_Research\MicroTensileMachine\MicroTensileMachine\Experiment_SMACharacterizationV3\workers.py", line 155, in _main_loop
    raise RuntimeError(
RuntimeError: Could not connect to Keysight E4980 LCR meter. Check USB/LAN cable, instrument power, and VISA backend.
2026-07-06 17:28:27,546  INFO   LcrWorker           LCR worker exit  (pushed=0, dropped=0)
2026-07-06 17:28:27,707  INFO   Driver_ZaberStage   Configuration saved to zaber_config.json
2026-07-06 17:28:27,738  INFO   Driver_ZaberStage   Connected to X-LSQ300A-E01 on COM5
2026-07-06 17:28:27,786  INFO   ZaberWorker         Zaber ready: DeviceInfo(port='COM5', device_id=50138, serial_number='143153', name='X-LSQ300A-E01', firmware_version='7.48.24004', device_type='Linear Stage', axis_count=1)
2026-07-06 17:28:34,469  INFO   RecordingCore       Running 10.0 s full system check...
2026-07-06 17:28:34,470  WARNING  RecordingCore       health H7    FAIL (0) — worker error SerialException("could not open port 'COM8': FileNotFoundError(2, 'The system cannot find the file specified.', None, 2)")
2026-07-06 17:28:34,470  WARNING  RecordingCore       health LCR   FAIL (0) — worker error RuntimeError('Could not connect to Keysight E4980 LCR meter. Check USB/LAN cable, instrument power, and VISA backend.')
2026-07-06 17:28:34,471  INFO   RecordingCore       health stage PASS (329) — 329 reads, pos~40.00 mm
2026-07-06 17:28:39,509  WARNING  RecordingCore       HEALTH WARNING: H7 silent 1.0s — no new samples (critical; other instruments still recording)
2026-07-06 17:28:41,508  WARNING  RecordingCore       HEALTH WARNING: LCR silent 3.0s — no new samples (auxiliary; other instruments still recording)
2026-07-06 17:28:41,508  WARNING  PortentaReader      send_command('disarm') ignored — port not open
2026-07-06 17:28:41,569  WARNING  PortentaReader      send_command('disarm') ignored — port not open
2026-07-06 17:28:41,630  WARNING  PortentaReader      send_command('disarm') ignored — port not open
2026-07-06 17:28:41,693  WARNING  PortentaReader      send_command('disarm') ignored — port not open
2026-07-06 17:28:41,754  WARNING  PortentaReader      send_command('disarm') ignored — port not open
2026-07-06 17:28:41,816  WARNING  PortentaReader      send_command('disarm') ignored — port not open
2026-07-06 17:28:41,893  WARNING  PortentaReader      send_command('disarm') ignored — port not open
2026-07-06 17:28:41,948  WARNING  PortentaReader      send_command('disarm') ignored — port not open
2026-07-06 17:28:42,009  WARNING  PortentaReader      send_command('disarm') ignored — port not open
2026-07-06 17:28:42,068  WARNING  PortentaReader      send_command('disarm') ignored — port not open
2026-07-06 17:28:42,138  WARNING  PortentaReader      send_command('disarm') ignored — port not open
2026-07-06 17:28:42,199  WARNING  PortentaReader      send_command('disarm') ignored — port not open
2026-07-06 17:28:42,261  WARNING  PortentaReader      send_command('disarm') ignored — port not open
2026-07-06 17:28:42,323  WARNING  PortentaReader      send_command('disarm') ignored — port not open
2026-07-06 17:28:42,384  WARNING  PortentaReader      send_command('disarm') ignored — port not open
2026-07-06 17:28:42,445  WARNING  PortentaReader      send_command('disarm') ignored — port not open
2026-07-06 17:28:42,507  WARNING  PortentaReader      send_command('disarm') ignored — port not open
2026-07-06 17:28:42,567  WARNING  PortentaReader      send_command('disarm') ignored — port not open
2026-07-06 17:28:42,628  WARNING  PortentaReader      send_command('disarm') ignored — port not open
2026-07-06 17:28:42,691  WARNING  PortentaReader      send_command('disarm') ignored — port not open
2026-07-06 17:28:42,758  WARNING  PortentaReader      send_command('disarm') ignored — port not open
2026-07-06 17:28:42,816  WARNING  PortentaReader      send_command('disarm') ignored — port not open
2026-07-06 17:28:42,880  WARNING  PortentaReader      send_command('disarm') ignored — port not open
2026-07-06 17:28:42,944  WARNING  PortentaReader      send_command('disarm') ignored — port not open
2026-07-06 17:28:43,006  WARNING  PortentaReader      send_command('disarm') ignored — port not open
2026-07-06 17:28:43,074  WARNING  PortentaReader      send_command('disarm') ignored — port not open
2026-07-06 17:28:43,136  WARNING  PortentaReader      send_command('disarm') ignored — port not open
2026-07-06 17:28:43,197  WARNING  PortentaReader      send_command('disarm') ignored — port not open
2026-07-06 17:28:43,259  WARNING  PortentaReader      send_command('disarm') ignored — port not open
2026-07-06 17:28:43,321  WARNING  PortentaReader      send_command('disarm') ignored — port not open
2026-07-06 17:28:43,381  WARNING  PortentaReader      send_command('disarm') ignored — port not open
2026-07-06 17:28:43,444  WARNING  PortentaReader      send_command('disarm') ignored — port not open
2026-07-06 17:28:43,507  WARNING  RecordingCore       HEALTH WARNING: LCR silent 5.0s — no new samples (auxiliary; other instruments still recording)
2026-07-06 17:28:43,507  WARNING  PortentaReader      send_command('disarm') ignored — port not open
2026-07-06 17:28:43,566  WARNING  PortentaReader      send_command('disarm') ignored — port not open
2026-07-06 17:28:43,629  WARNING  PortentaReader      send_command('disarm') ignored — port not open
2026-07-06 17:28:43,705  WARNING  PortentaReader      send_command('disarm') ignored — port not open
2026-07-06 17:28:43,768  WARNING  PortentaReader      send_command('disarm') ignored — port not open
2026-07-06 17:28:43,830  WARNING  PortentaReader      send_command('disarm') ignored — port not open
2026-07-06 17:28:43,891  WARNING  PortentaReader      send_command('disarm') ignored — port not open
2026-07-06 17:28:43,952  WARNING  PortentaReader      send_command('disarm') ignored — port not open
2026-07-06 17:28:44,014  WARNING  PortentaReader      send_command('disarm') ignored — port not open
2026-07-06 17:28:44,076  WARNING  PortentaReader      send_command('disarm') ignored — port not open
2026-07-06 17:28:44,138  WARNING  PortentaReader      send_command('disarm') ignored — port not open
2026-07-06 17:28:44,199  WARNING  PortentaReader      send_command('disarm') ignored — port not open
2026-07-06 17:28:44,261  WARNING  PortentaReader      send_command('disarm') ignored — port not open
2026-07-06 17:28:44,318  WARNING  PortentaReader      send_command('disarm') ignored — port not open
2026-07-06 17:28:44,383  WARNING  PortentaReader      send_command('disarm') ignored — port not open
2026-07-06 17:28:44,445  WARNING  PortentaReader      send_command('disarm') ignored — port not open
2026-07-06 17:28:44,507  WARNING  PortentaReader      send_command('disarm') ignored — port not open
2026-07-06 17:28:44,569  WARNING  PortentaReader      send_command('disarm') ignored — port not open
2026-07-06 17:28:44,630  WARNING  PortentaReader      send_command('disarm') ignored — port not open
2026-07-06 17:28:44,691  WARNING  PortentaReader      send_command('disarm') ignored — port not open
2026-07-06 17:28:44,767  WARNING  PortentaReader      send_command('disarm') ignored — port not open
2026-07-06 17:28:44,828  WARNING  PortentaReader      send_command('disarm') ignored — port not open
2026-07-06 17:28:44,890  WARNING  PortentaReader      send_command('disarm') ignored — port not open
2026-07-06 17:28:44,950  WARNING  PortentaReader      send_command('disarm') ignored — port not open
2026-07-06 17:28:45,013  WARNING  PortentaReader      send_command('disarm') ignored — port not open
2026-07-06 17:28:45,074  WARNING  PortentaReader      send_command('disarm') ignored — port not open
2026-07-06 17:28:45,137  WARNING  PortentaReader      send_command('disarm') ignored — port not open
2026-07-06 17:28:45,198  WARNING  PortentaReader      send_command('disarm') ignored — port not open
2026-07-06 17:28:45,260  WARNING  PortentaReader      send_command('disarm') ignored — port not open
2026-07-06 17:28:45,323  WARNING  PortentaReader      send_command('disarm') ignored — port not open
2026-07-06 17:28:45,385  WARNING  PortentaReader      send_command('disarm') ignored — port not open
2026-07-06 17:28:45,447  WARNING  PortentaReader      send_command('disarm') ignored — port not open
2026-07-06 17:28:45,508  WARNING  RecordingCore       HEALTH WARNING: LCR silent 7.0s — no new samples (auxiliary; other instruments still recording)
2026-07-06 17:28:45,510  WARNING  PortentaReader      send_command('disarm') ignored — port not open
2026-07-06 17:28:45,569  WARNING  PortentaReader      send_command('disarm') ignored — port not open
2026-07-06 17:28:45,631  WARNING  PortentaReader      send_command('disarm') ignored — port not open
2026-07-06 17:28:45,692  WARNING  PortentaReader      send_command('disarm') ignored — port not open
2026-07-06 17:28:45,754  WARNING  PortentaReader      send_command('disarm') ignored — port not open
2026-07-06 17:28:45,829  WARNING  PortentaReader      send_command('disarm') ignored — port not open
2026-07-06 17:28:45,891  WARNING  PortentaReader      send_command('disarm') ignored — port not open
2026-07-06 17:28:45,953  WARNING  PortentaReader      send_command('disarm') ignored — port not open
2026-07-06 17:28:46,014  WARNING  PortentaReader      send_command('disarm') ignored — port not open
2026-07-06 17:28:46,075  WARNING  PortentaReader      send_command('disarm') ignored — port not open
2026-07-06 17:28:46,136  WARNING  PortentaReader      send_command('disarm') ignored — port not open
2026-07-06 17:28:46,192  WARNING  PortentaReader      send_command('disarm') ignored — port not open
2026-07-06 17:28:46,258  WARNING  PortentaReader      send_command('disarm') ignored — port not open
2026-07-06 17:28:46,318  WARNING  PortentaReader      send_command('disarm') ignored — port not open
2026-07-06 17:28:46,382  WARNING  PortentaReader      send_command('disarm') ignored — port not open
2026-07-06 17:28:46,444  WARNING  PortentaReader      send_command('disarm') ignored — port not open
2026-07-06 17:28:46,505  WARNING  PortentaReader      send_command('disarm') ignored — port not open
2026-07-06 17:28:46,568  WARNING  PortentaReader      send_command('disarm') ignored — port not open
2026-07-06 17:28:46,628  WARNING  PortentaReader      send_command('disarm') ignored — port not open
2026-07-06 17:28:46,693  WARNING  PortentaReader      send_command('disarm') ignored — port not open
2026-07-06 17:28:46,757  WARNING  PortentaReader      send_command('disarm') ignored — port not open
2026-07-06 17:28:46,821  WARNING  PortentaReader      send_command('disarm') ignored — port not open
2026-07-06 17:28:46,883  WARNING  PortentaReader      send_command('disarm') ignored — port not open
2026-07-06 17:28:46,943  WARNING  PortentaReader      send_command('disarm') ignored — port not open
2026-07-06 17:28:47,010  WARNING  PortentaReader      send_command('disarm') ignored — port not open
2026-07-06 17:28:47,072  WARNING  PortentaReader      send_command('disarm') ignored — port not open
2026-07-06 17:28:47,134  WARNING  PortentaReader      send_command('disarm') ignored — port not open
2026-07-06 17:28:47,194  WARNING  PortentaReader      send_command('disarm') ignored — port not open
2026-07-06 17:28:47,256  WARNING  PortentaReader      send_command('disarm') ignored — port not open
2026-07-06 17:28:47,318  WARNING  PortentaReader      send_command('disarm') ignored — port not open
2026-07-06 17:28:47,378  WARNING  PortentaReader      send_command('disarm') ignored — port not open
2026-07-06 17:28:47,455  WARNING  PortentaReader      send_command('disarm') ignored — port not open
2026-07-06 17:28:47,517  WARNING  RecordingCore       HEALTH WARNING: LCR silent 9.0s — no new samples (auxiliary; other instruments still recording)
2026-07-06 17:28:47,517  WARNING  PortentaReader      send_command('disarm') ignored — port not open
2026-07-06 17:28:47,580  WARNING  PortentaReader      send_command('disarm') ignored — port not open
2026-07-06 17:28:47,641  WARNING  PortentaReader      send_command('disarm') ignored — port not open
2026-07-06 17:28:47,703  WARNING  PortentaReader      send_command('disarm') ignored — port not open
2026-07-06 17:28:47,764  WARNING  PortentaReader      send_command('disarm') ignored — port not open
2026-07-06 17:28:47,820  WARNING  PortentaReader      send_command('disarm') ignored — port not open
2026-07-06 17:28:47,880  WARNING  PortentaReader      send_command('disarm') ignored — port not open
2026-07-06 17:28:47,948  WARNING  PortentaReader      send_command('disarm') ignored — port not open
2026-07-06 17:28:48,008  WARNING  PortentaReader      send_command('disarm') ignored — port not open
2026-07-06 17:28:48,070  WARNING  PortentaReader      send_command('disarm') ignored — port not open
2026-07-06 17:28:48,131  WARNING  PortentaReader      send_command('disarm') ignored — port not open
2026-07-06 17:28:48,192  WARNING  PortentaReader      send_command('disarm') ignored — port not open
2026-07-06 17:28:48,268  WARNING  PortentaReader      send_command('disarm') ignored — port not open
2026-07-06 17:28:48,330  WARNING  PortentaReader      send_command('disarm') ignored — port not open
2026-07-06 17:28:48,392  WARNING  PortentaReader      send_command('disarm') ignored — port not open
2026-07-06 17:28:48,454  WARNING  PortentaReader      send_command('disarm') ignored — port not open
2026-07-06 17:28:48,516  WARNING  PortentaReader      send_command('disarm') ignored — port not open
2026-07-06 17:28:48,578  WARNING  PortentaReader      send_command('disarm') ignored — port not open
2026-07-06 17:28:48,639  WARNING  PortentaReader      send_command('disarm') ignored — port not open
2026-07-06 17:28:48,700  WARNING  PortentaReader      send_command('disarm') ignored — port not open
2026-07-06 17:28:48,761  WARNING  PortentaReader      send_command('disarm') ignored — port not open
2026-07-06 17:28:48,823  WARNING  PortentaReader      send_command('disarm') ignored — port not open
2026-07-06 17:28:48,884  WARNING  PortentaReader      send_command('disarm') ignored — port not open
2026-07-06 17:28:48,945  WARNING  PortentaReader      send_command('disarm') ignored — port not open
2026-07-06 17:28:49,005  WARNING  PortentaReader      send_command('disarm') ignored — port not open
2026-07-06 17:28:49,068  WARNING  PortentaReader      send_command('disarm') ignored — port not open
2026-07-06 17:28:49,130  WARNING  PortentaReader      send_command('disarm') ignored — port not open
2026-07-06 17:28:49,193  WARNING  PortentaReader      send_command('disarm') ignored — port not open
2026-07-06 17:28:49,253  WARNING  PortentaReader      send_command('disarm') ignored — port not open
2026-07-06 17:28:49,320  WARNING  PortentaReader      send_command('disarm') ignored — port not open
2026-07-06 17:28:49,394  WARNING  PortentaReader      send_command('disarm') ignored — port not open
2026-07-06 17:28:49,442  WARNING  PortentaReader      send_command('disarm') ignored — port not open
2026-07-06 17:28:49,506  WARNING  RecordingCore       HEALTH WARNING: LCR silent 11.0s — no new samples (auxiliary; other instruments still recording)
2026-07-06 17:28:49,506  WARNING  PortentaReader      send_command('disarm') ignored — port not open
2026-07-06 17:28:49,568  WARNING  PortentaReader      send_command('disarm') ignored — port not open
2026-07-06 17:28:49,634  WARNING  PortentaReader      send_command('disarm') ignored — port not open
2026-07-06 17:28:49,699  WARNING  PortentaReader      send_command('disarm') ignored — port not open
2026-07-06 17:28:49,759  WARNING  PortentaReader      send_command('disarm') ignored — port not open
2026-07-06 17:28:49,822  WARNING  PortentaReader      send_command('disarm') ignored — port not open
2026-07-06 17:28:49,882  WARNING  PortentaReader      send_command('disarm') ignored — port not open
2026-07-06 17:28:49,943  WARNING  PortentaReader      send_command('disarm') ignored — port not open
2026-07-06 17:28:50,006  WARNING  PortentaReader      send_command('disarm') ignored — port not open
2026-07-06 17:28:50,069  WARNING  PortentaReader      send_command('disarm') ignored — port not open
2026-07-06 17:28:50,130  WARNING  PortentaReader      send_command('disarm') ignored — port not open
2026-07-06 17:28:50,191  WARNING  PortentaReader      send_command('disarm') ignored — port not open
2026-07-06 17:28:50,264  WARNING  PortentaReader      send_command('disarm') ignored — port not open
2026-07-06 17:28:50,329  WARNING  PortentaReader      send_command('disarm') ignored — port not open
2026-07-06 17:28:50,379  WARNING  PortentaReader      send_command('disarm') ignored — port not open
2026-07-06 17:28:50,452  WARNING  PortentaReader      send_command('disarm') ignored — port not open
2026-07-06 17:28:50,514  WARNING  PortentaReader      send_command('disarm') ignored — port not open
2026-07-06 17:28:50,567  WARNING  PortentaReader      send_command('disarm') ignored — port not open
2026-07-06 17:28:50,636  WARNING  PortentaReader      send_command('disarm') ignored — port not open
2026-07-06 17:28:50,697  WARNING  PortentaReader      send_command('disarm') ignored — port not open
2026-07-06 17:28:50,758  WARNING  PortentaReader      send_command('disarm') ignored — port not open
2026-07-06 17:28:50,820  WARNING  PortentaReader      send_command('disarm') ignored — port not open
2026-07-06 17:28:50,879  WARNING  PortentaReader      send_command('disarm') ignored — port not open
2026-07-06 17:28:50,943  WARNING  PortentaReader      send_command('disarm') ignored — port not open
2026-07-06 17:28:51,004  WARNING  PortentaReader      send_command('disarm') ignored — port not open
2026-07-06 17:28:51,066  WARNING  PortentaReader      send_command('disarm') ignored — port not open
2026-07-06 17:28:51,128  WARNING  PortentaReader      send_command('disarm') ignored — port not open
2026-07-06 17:28:51,205  WARNING  PortentaReader      send_command('disarm') ignored — port not open
2026-07-06 17:28:51,266  WARNING  PortentaReader      send_command('disarm') ignored — port not open
2026-07-06 17:28:51,330  WARNING  PortentaReader      send_command('disarm') ignored — port not open
2026-07-06 17:28:51,392  WARNING  PortentaReader      send_command('disarm') ignored — port not open
2026-07-06 17:28:51,453  WARNING  PortentaReader      send_command('disarm') ignored — port not open
2026-07-06 17:28:51,513  WARNING  RecordingCore       HEALTH WARNING: LCR silent 13.0s — no new samples (auxiliary; other instruments still recording)
2026-07-06 17:28:51,514  WARNING  PortentaReader      send_command('disarm') ignored — port not open
2026-07-06 17:28:51,575  WARNING  PortentaReader      send_command('disarm') ignored — port not open
2026-07-06 17:28:51,637  WARNING  PortentaReader      send_command('disarm') ignored — port not open
2026-07-06 17:28:51,697  WARNING  PortentaReader      send_command('disarm') ignored — port not open
2026-07-06 17:28:51,758  WARNING  PortentaReader      send_command('disarm') ignored — port not open
2026-07-06 17:28:51,819  WARNING  PortentaReader      send_command('disarm') ignored — port not open
2026-07-06 17:28:51,879  WARNING  PortentaReader      send_command('disarm') ignored — port not open
2026-07-06 17:28:51,954  WARNING  PortentaReader      send_command('disarm') ignored — port not open
2026-07-06 17:28:52,017  WARNING  PortentaReader      send_command('disarm') ignored — port not open
2026-07-06 17:28:52,078  WARNING  PortentaReader      send_command('disarm') ignored — port not open
2026-07-06 17:28:52,140  WARNING  PortentaReader      send_command('disarm') ignored — port not open
2026-07-06 17:28:52,200  WARNING  PortentaReader      send_command('disarm') ignored — port not open
2026-07-06 17:28:52,261  WARNING  PortentaReader      send_command('disarm') ignored — port not open
2026-07-06 17:28:52,321  WARNING  PortentaReader      send_command('disarm') ignored — port not open
2026-07-06 17:28:52,385  WARNING  PortentaReader      send_command('disarm') ignored — port not open
2026-07-06 17:28:52,446  WARNING  PortentaReader      send_command('disarm') ignored — port not open
2026-07-06 17:28:52,507  WARNING  PortentaReader      send_command('disarm') ignored — port not open
2026-07-06 17:28:52,569  WARNING  PortentaReader      send_command('disarm') ignored — port not open
2026-07-06 17:28:52,630  WARNING  PortentaReader      send_command('disarm') ignored — port not open
2026-07-06 17:28:52,692  WARNING  PortentaReader      send_command('disarm') ignored — port not open
2026-07-06 17:28:52,754  WARNING  PortentaReader      send_command('disarm') ignored — port not open
2026-07-06 17:28:52,830  WARNING  PortentaReader      send_command('disarm') ignored — port not open
2026-07-06 17:28:52,891  WARNING  PortentaReader      send_command('disarm') ignored — port not open
2026-07-06 17:28:52,953  WARNING  PortentaReader      send_command('disarm') ignored — port not open
2026-07-06 17:28:53,014  WARNING  PortentaReader      send_command('disarm') ignored — port not open
2026-07-06 17:28:53,076  WARNING  PortentaReader      send_command('disarm') ignored — port not open
2026-07-06 17:28:53,137  WARNING  PortentaReader      send_command('disarm') ignored — port not open
2026-07-06 17:28:53,199  WARNING  PortentaReader      send_command('disarm') ignored — port not open
2026-07-06 17:28:53,260  WARNING  PortentaReader      send_command('disarm') ignored — port not open
2026-07-06 17:28:53,321  WARNING  PortentaReader      send_command('disarm') ignored — port not open
2026-07-06 17:28:53,382  WARNING  PortentaReader      send_command('disarm') ignored — port not open
2026-07-06 17:28:53,444  WARNING  PortentaReader      send_command('disarm') ignored — port not open
2026-07-06 17:28:53,505  WARNING  RecordingCore       HEALTH WARNING: LCR silent 15.0s — no new samples (auxiliary; other instruments still recording)
2026-07-06 17:28:53,506  WARNING  PortentaReader      send_command('disarm') ignored — port not open
2026-07-06 17:28:53,567  WARNING  PortentaReader      send_command('disarm') ignored — port not open
2026-07-06 17:28:53,629  WARNING  PortentaReader      send_command('disarm') ignored — port not open
2026-07-06 17:28:53,706  WARNING  PortentaReader      send_command('disarm') ignored — port not open
2026-07-06 17:28:53,760  WARNING  PortentaReader      send_command('disarm') ignored — port not open
2026-07-06 17:28:53,821  WARNING  PortentaReader      send_command('disarm') ignored — port not open
2026-07-06 17:28:53,890  WARNING  PortentaReader      send_command('disarm') ignored — port not open
2026-07-06 17:28:53,941  WARNING  PortentaReader      send_command('disarm') ignored — port not open
2026-07-06 17:28:54,004  WARNING  PortentaReader      send_command('disarm') ignored — port not open
2026-07-06 17:28:54,068  WARNING  PortentaReader      send_command('disarm') ignored — port not open
2026-07-06 17:28:54,136  WARNING  PortentaReader      send_command('disarm') ignored — port not open
2026-07-06 17:28:54,197  WARNING  PortentaReader      send_command('disarm') ignored — port not open
2026-07-06 17:28:54,258  WARNING  PortentaReader      send_command('disarm') ignored — port not open
2026-07-06 17:28:54,319  WARNING  PortentaReader      send_command('disarm') ignored — port not open
2026-07-06 17:28:54,381  WARNING  PortentaReader      send_command('disarm') ignored — port not open
2026-07-06 17:28:54,443  WARNING  PortentaReader      send_command('disarm') ignored — port not open
2026-07-06 17:28:54,504  WARNING  PortentaReader      send_command('disarm') ignored — port not open
2026-07-06 17:28:54,566  WARNING  PortentaReader      send_command('disarm') ignored — port not open
2026-07-06 17:28:54,631  WARNING  PortentaReader      send_command('disarm') ignored — port not open
2026-07-06 17:28:54,701  WARNING  PortentaReader      send_command('disarm') ignored — port not open
2026-07-06 17:28:54,764  WARNING  PortentaReader      send_command('disarm') ignored — port not open
2026-07-06 17:28:54,827  WARNING  PortentaReader      send_command('disarm') ignored — port not open
2026-07-06 17:28:54,889  WARNING  PortentaReader      send_command('disarm') ignored — port not open
2026-07-06 17:28:54,950  WARNING  PortentaReader      send_command('disarm') ignored — port not open
2026-07-06 17:28:55,005  WARNING  PortentaReader      send_command('disarm') ignored — port not open
2026-07-06 17:28:55,073  WARNING  PortentaReader      send_command('disarm') ignored — port not open
2026-07-06 17:28:55,136  WARNING  PortentaReader      send_command('disarm') ignored — port not open
2026-07-06 17:28:55,192  WARNING  PortentaReader      send_command('disarm') ignored — port not open
2026-07-06 17:28:55,255  WARNING  PortentaReader      send_command('disarm') ignored — port not open
2026-07-06 17:28:55,319  WARNING  PortentaReader      send_command('disarm') ignored — port not open
2026-07-06 17:28:55,383  WARNING  PortentaReader      send_command('disarm') ignored — port not open
2026-07-06 17:28:55,445  WARNING  PortentaReader      send_command('disarm') ignored — port not open
2026-07-06 17:28:55,505  WARNING  RecordingCore       HEALTH WARNING: LCR silent 17.0s — no new samples (auxiliary; other instruments still recording)
2026-07-06 17:28:55,505  WARNING  PortentaReader      send_command('disarm') ignored — port not open
2026-07-06 17:28:55,567  WARNING  PortentaReader      send_command('disarm') ignored — port not open
2026-07-06 17:28:55,644  WARNING  PortentaReader      send_command('disarm') ignored — port not open
2026-07-06 17:28:55,705  WARNING  PortentaReader      send_command('disarm') ignored — port not open
2026-07-06 17:28:55,766  WARNING  PortentaReader      send_command('disarm') ignored — port not open
2026-07-06 17:28:55,829  WARNING  PortentaReader      send_command('disarm') ignored — port not open
2026-07-06 17:28:55,890  WARNING  PortentaReader      send_command('disarm') ignored — port not open
2026-07-06 17:28:55,952  WARNING  PortentaReader      send_command('disarm') ignored — port not open
2026-07-06 17:28:56,011  WARNING  PortentaReader      send_command('disarm') ignored — port not open
2026-07-06 17:28:56,071  WARNING  PortentaReader      send_command('disarm') ignored — port not open
2026-07-06 17:28:56,135  WARNING  PortentaReader      send_command('disarm') ignored — port not open
2026-07-06 17:28:56,191  WARNING  PortentaReader      send_command('disarm') ignored — port not open
2026-07-06 17:28:56,257  WARNING  PortentaReader      send_command('disarm') ignored — port not open
2026-07-06 17:28:56,318  WARNING  PortentaReader      send_command('disarm') ignored — port not open
2026-07-06 17:28:56,383  WARNING  PortentaReader      send_command('disarm') ignored — port not open
2026-07-06 17:28:56,445  WARNING  PortentaReader      send_command('disarm') ignored — port not open
2026-07-06 17:28:56,506  WARNING  PortentaReader      send_command('disarm') ignored — port not open
2026-07-06 17:28:56,567  WARNING  PortentaReader      send_command('disarm') ignored — port not open
2026-07-06 17:28:56,643  WARNING  PortentaReader      send_command('disarm') ignored — port not open
2026-07-06 17:28:56,693  WARNING  PortentaReader      send_command('disarm') ignored — port not open
2026-07-06 17:28:56,766  WARNING  PortentaReader      send_command('disarm') ignored — port not open
2026-07-06 17:28:56,828  WARNING  PortentaReader      send_command('disarm') ignored — port not open
2026-07-06 17:28:56,890  WARNING  PortentaReader      send_command('disarm') ignored — port not open
2026-07-06 17:28:56,950  WARNING  PortentaReader      send_command('disarm') ignored — port not open
2026-07-06 17:28:57,011  WARNING  PortentaReader      send_command('disarm') ignored — port not open
2026-07-06 17:28:57,067  WARNING  PortentaReader      send_command('disarm') ignored — port not open
2026-07-06 17:28:57,132  WARNING  PortentaReader      send_command('disarm') ignored — port not open
2026-07-06 17:28:57,194  WARNING  PortentaReader      send_command('disarm') ignored — port not open
2026-07-06 17:28:57,256  WARNING  PortentaReader      send_command('disarm') ignored — port not open
2026-07-06 17:28:57,317  WARNING  PortentaReader      send_command('disarm') ignored — port not open
2026-07-06 17:28:57,391  WARNING  PortentaReader      send_command('disarm') ignored — port not open
2026-07-06 17:28:57,443  WARNING  PortentaReader      send_command('disarm') ignored — port not open
2026-07-06 17:28:57,516  WARNING  RecordingCore       HEALTH WARNING: LCR silent 19.0s — no new samples (auxiliary; other instruments still recording)
2026-07-06 17:28:57,517  WARNING  PortentaReader      send_command('disarm') ignored — port not open
2026-07-06 17:28:57,578  WARNING  PortentaReader      send_command('disarm') ignored — port not open
2026-07-06 17:28:57,638  WARNING  PortentaReader      send_command('disarm') ignored — port not open
2026-07-06 17:28:57,698  WARNING  PortentaReader      send_command('disarm') ignored — port not open
2026-07-06 17:28:57,758  WARNING  PortentaReader      send_command('disarm') ignored — port not open
2026-07-06 17:28:57,823  WARNING  PortentaReader      send_command('disarm') ignored — port not open
2026-07-06 17:28:57,885  WARNING  PortentaReader      send_command('disarm') ignored — port not open
2026-07-06 17:28:57,947  WARNING  PortentaReader      send_command('disarm') ignored — port not open
2026-07-06 17:28:58,007  WARNING  PortentaReader      send_command('disarm') ignored — port not open
2026-07-06 17:28:58,068  WARNING  PortentaReader      send_command('disarm') ignored — port not open
2026-07-06 17:28:58,130  WARNING  PortentaReader      send_command('disarm') ignored — port not open
2026-07-06 17:28:58,190  WARNING  PortentaReader      send_command('disarm') ignored — port not open
2026-07-06 17:28:58,267  WARNING  PortentaReader      send_command('disarm') ignored — port not open
2026-07-06 17:28:58,329  WARNING  PortentaReader      send_command('disarm') ignored — port not open
2026-07-06 17:28:58,390  WARNING  PortentaReader      send_command('disarm') ignored — port not open
2026-07-06 17:28:58,451  WARNING  PortentaReader      send_command('disarm') ignored — port not open
2026-07-06 17:28:58,512  WARNING  PortentaReader      send_command('disarm') ignored — port not open
2026-07-06 17:28:58,573  WARNING  PortentaReader      send_command('disarm') ignored — port not open
2026-07-06 17:28:58,647  WARNING  PortentaReader      send_command('disarm') ignored — port not open
2026-07-06 17:28:58,698  WARNING  PortentaReader      send_command('disarm') ignored — port not open
2026-07-06 17:28:58,759  WARNING  PortentaReader      send_command('disarm') ignored — port not open
2026-07-06 17:28:58,822  WARNING  PortentaReader      send_command('disarm') ignored — port not open
2026-07-06 17:28:58,884  WARNING  PortentaReader      send_command('disarm') ignored — port not open
2026-07-06 17:28:58,945  WARNING  PortentaReader      send_command('disarm') ignored — port not open
2026-07-06 17:28:59,006  WARNING  PortentaReader      send_command('disarm') ignored — port not open
2026-07-06 17:28:59,067  WARNING  PortentaReader      send_command('disarm') ignored — port not open
2026-07-06 17:28:59,129  WARNING  PortentaReader      send_command('disarm') ignored — port not open
2026-07-06 17:28:59,205  WARNING  PortentaReader      send_command('disarm') ignored — port not open
2026-07-06 17:28:59,267  WARNING  PortentaReader      send_command('disarm') ignored — port not open
2026-07-06 17:28:59,329  WARNING  PortentaReader      send_command('disarm') ignored — port not open
2026-07-06 17:28:59,390  WARNING  PortentaReader      send_command('disarm') ignored — port not open
2026-07-06 17:28:59,451  WARNING  PortentaReader      send_command('disarm') ignored — port not open
2026-07-06 17:28:59,512  WARNING  RecordingCore       HEALTH WARNING: LCR silent 21.0s — no new samples (auxiliary; other instruments still recording)
2026-07-06 17:28:59,513  WARNING  PortentaReader      send_command('disarm') ignored — port not open
2026-07-06 17:28:59,574  WARNING  PortentaReader      send_command('disarm') ignored — port not open
2026-07-06 17:28:59,635  WARNING  PortentaReader      send_command('disarm') ignored — port not open
2026-07-06 17:28:59,697  WARNING  PortentaReader      send_command('disarm') ignored — port not open
2026-07-06 17:28:59,759  WARNING  PortentaReader      send_command('disarm') ignored — port not open
2026-07-06 17:28:59,820  WARNING  PortentaReader      send_command('disarm') ignored — port not open
2026-07-06 17:28:59,882  WARNING  PortentaReader      send_command('disarm') ignored — port not open
2026-07-06 17:28:59,943  WARNING  PortentaReader      send_command('disarm') ignored — port not open
2026-07-06 17:29:00,004  WARNING  PortentaReader      send_command('disarm') ignored — port not open
2026-07-06 17:29:00,081  WARNING  PortentaReader      send_command('disarm') ignored — port not open
2026-07-06 17:29:00,141  WARNING  PortentaReader      send_command('disarm') ignored — port not open
2026-07-06 17:29:00,203  WARNING  PortentaReader      send_command('disarm') ignored — port not open
2026-07-06 17:29:00,265  WARNING  PortentaReader      send_command('disarm') ignored — port not open
2026-07-06 17:29:00,322  WARNING  PortentaReader      send_command('disarm') ignored — port not open
2026-07-06 17:29:00,382  WARNING  PortentaReader      send_command('disarm') ignored — port not open
2026-07-06 17:29:00,443  WARNING  PortentaReader      send_command('disarm') ignored — port not open
2026-07-06 17:29:00,512  WARNING  PortentaReader      send_command('disarm') ignored — port not open
2026-07-06 17:29:00,572  WARNING  PortentaReader      send_command('disarm') ignored — port not open
2026-07-06 17:29:00,633  WARNING  PortentaReader      send_command('disarm') ignored — port not open
2026-07-06 17:29:00,696  WARNING  PortentaReader      send_command('disarm') ignored — port not open
2026-07-06 17:29:00,756  WARNING  PortentaReader      send_command('disarm') ignored — port not open
2026-07-06 17:29:00,818  WARNING  PortentaReader      send_command('disarm') ignored — port not open
2026-07-06 17:29:00,881  WARNING  PortentaReader      send_command('disarm') ignored — port not open
2026-07-06 17:29:00,942  WARNING  PortentaReader      send_command('disarm') ignored — port not open
2026-07-06 17:29:01,018  WARNING  PortentaReader      send_command('disarm') ignored — port not open
2026-07-06 17:29:01,081  WARNING  PortentaReader      send_command('disarm') ignored — port not open
2026-07-06 17:29:01,131  WARNING  PortentaReader      send_command('disarm') ignored — port not open
2026-07-06 17:29:01,204  WARNING  PortentaReader      send_command('disarm') ignored — port not open
2026-07-06 17:29:01,266  WARNING  PortentaReader      send_command('disarm') ignored — port not open
2026-07-06 17:29:01,329  WARNING  PortentaReader      send_command('disarm') ignored — port not open
2026-07-06 17:29:01,389  WARNING  PortentaReader      send_command('disarm') ignored — port not open
2026-07-06 17:29:01,450  WARNING  PortentaReader      send_command('disarm') ignored — port not open
2026-07-06 17:29:01,511  WARNING  RecordingCore       HEALTH WARNING: LCR silent 23.0s — no new samples (auxiliary; other instruments still recording)
2026-07-06 17:29:01,512  WARNING  PortentaReader      send_command('disarm') ignored — port not open
2026-07-06 17:29:01,572  WARNING  PortentaReader      send_command('disarm') ignored — port not open
2026-07-06 17:29:01,632  WARNING  PortentaReader      send_command('disarm') ignored — port not open
2026-07-06 17:29:01,694  WARNING  PortentaReader      send_command('disarm') ignored — port not open
2026-07-06 17:29:01,756  WARNING  PortentaReader      send_command('disarm') ignored — port not open
2026-07-06 17:29:01,817  WARNING  PortentaReader      send_command('disarm') ignored — port not open
2026-07-06 17:29:01,879  WARNING  PortentaReader      send_command('disarm') ignored — port not open
2026-07-06 17:29:01,955  WARNING  PortentaReader      send_command('disarm') ignored — port not open
2026-07-06 17:29:02,017  WARNING  PortentaReader      send_command('disarm') ignored — port not open
2026-07-06 17:29:02,078  WARNING  PortentaReader      send_command('disarm') ignored — port not open
2026-07-06 17:29:02,139  WARNING  PortentaReader      send_command('disarm') ignored — port not open
2026-07-06 17:29:02,200  WARNING  PortentaReader      send_command('disarm') ignored — port not open
2026-07-06 17:29:02,262  WARNING  PortentaReader      send_command('disarm') ignored — port not open
2026-07-06 17:29:02,323  WARNING  PortentaReader      send_command('disarm') ignored — port not open
2026-07-06 17:29:02,380  WARNING  PortentaReader      send_command('disarm') ignored — port not open
2026-07-06 17:29:02,444  WARNING  PortentaReader      send_command('disarm') ignored — port not open
2026-07-06 17:29:02,506  WARNING  PortentaReader      send_command('disarm') ignored — port not open
2026-07-06 17:29:02,567  WARNING  PortentaReader      send_command('disarm') ignored — port not open
2026-07-06 17:29:02,628  WARNING  PortentaReader      send_command('disarm') ignored — port not open
2026-07-06 17:29:02,704  WARNING  PortentaReader      send_command('disarm') ignored — port not open
2026-07-06 17:29:02,766  WARNING  PortentaReader      send_command('disarm') ignored — port not open
2026-07-06 17:29:02,828  WARNING  PortentaReader      send_command('disarm') ignored — port not open
2026-07-06 17:29:02,890  WARNING  PortentaReader      send_command('disarm') ignored — port not open
2026-07-06 17:29:02,952  WARNING  PortentaReader      send_command('disarm') ignored — port not open
2026-07-06 17:29:03,013  WARNING  PortentaReader      send_command('disarm') ignored — port not open
2026-07-06 17:29:03,074  WARNING  PortentaReader      send_command('disarm') ignored — port not open
2026-07-06 17:29:03,135  WARNING  PortentaReader      send_command('disarm') ignored — port not open
2026-07-06 17:29:03,196  WARNING  PortentaReader      send_command('disarm') ignored — port not open
2026-07-06 17:29:03,258  WARNING  PortentaReader      send_command('disarm') ignored — port not open
2026-07-06 17:29:03,320  WARNING  PortentaReader      send_command('disarm') ignored — port not open
2026-07-06 17:29:03,381  WARNING  PortentaReader      send_command('disarm') ignored — port not open
2026-07-06 17:29:03,442  WARNING  PortentaReader      send_command('disarm') ignored — port not open
2026-07-06 17:29:03,518  WARNING  RecordingCore       HEALTH WARNING: LCR silent 25.0s — no new samples (auxiliary; other instruments still recording)
2026-07-06 17:29:03,519  WARNING  PortentaReader      send_command('disarm') ignored — port not open
2026-07-06 17:29:03,579  WARNING  PortentaReader      send_command('disarm') ignored — port not open
2026-07-06 17:29:03,641  WARNING  PortentaReader      send_command('disarm') ignored — port not open
2026-07-06 17:29:03,701  WARNING  PortentaReader      send_command('disarm') ignored — port not open
2026-07-06 17:29:03,763  WARNING  PortentaReader      send_command('disarm') ignored — port not open
2026-07-06 17:29:03,825  WARNING  PortentaReader      send_command('disarm') ignored — port not open
2026-07-06 17:29:03,885  WARNING  PortentaReader      send_command('disarm') ignored — port not open
2026-07-06 17:29:03,947  WARNING  PortentaReader      send_command('disarm') ignored — port not open
2026-07-06 17:29:04,009  WARNING  PortentaReader      send_command('disarm') ignored — port not open
2026-07-06 17:29:04,072  WARNING  PortentaReader      send_command('disarm') ignored — port not open
2026-07-06 17:29:04,133  WARNING  PortentaReader      send_command('disarm') ignored — port not open
2026-07-06 17:29:04,193  WARNING  PortentaReader      send_command('disarm') ignored — port not open
2026-07-06 17:29:04,255  WARNING  PortentaReader      send_command('disarm') ignored — port not open
2026-07-06 17:29:04,331  WARNING  PortentaReader      send_command('disarm') ignored — port not open
2026-07-06 17:29:04,393  WARNING  PortentaReader      send_command('disarm') ignored — port not open
2026-07-06 17:29:04,455  WARNING  PortentaReader      send_command('disarm') ignored — port not open
2026-07-06 17:29:04,516  WARNING  PortentaReader      send_command('disarm') ignored — port not open
2026-07-06 17:29:04,577  WARNING  PortentaReader      send_command('disarm') ignored — port not open
2026-07-06 17:29:04,636  WARNING  PortentaReader      send_command('disarm') ignored — port not open
2026-07-06 17:29:04,699  WARNING  PortentaReader      send_command('disarm') ignored — port not open
2026-07-06 17:29:04,754  WARNING  PortentaReader      send_command('disarm') ignored — port not open
2026-07-06 17:29:04,818  WARNING  PortentaReader      send_command('disarm') ignored — port not open
2026-07-06 17:29:04,882  WARNING  PortentaReader      send_command('disarm') ignored — port not open
2026-07-06 17:29:04,946  WARNING  PortentaReader      send_command('disarm') ignored — port not open
2026-07-06 17:29:05,008  WARNING  PortentaReader      send_command('disarm') ignored — port not open
2026-07-06 17:29:05,068  WARNING  PortentaReader      send_command('disarm') ignored — port not open
2026-07-06 17:29:05,130  WARNING  PortentaReader      send_command('disarm') ignored — port not open
2026-07-06 17:29:05,191  WARNING  PortentaReader      send_command('disarm') ignored — port not open
2026-07-06 17:29:05,264  WARNING  PortentaReader      send_command('disarm') ignored — port not open
2026-07-06 17:29:05,328  WARNING  PortentaReader      send_command('disarm') ignored — port not open
2026-07-06 17:29:05,385  WARNING  PortentaReader      send_command('disarm') ignored — port not open
2026-07-06 17:29:05,446  WARNING  PortentaReader      send_command('disarm') ignored — port not open
2026-07-06 17:29:05,506  WARNING  PortentaReader      send_command('disarm') ignored — port not open
2026-07-06 17:29:05,565  WARNING  RecordingCore       HEALTH WARNING: LCR silent 27.1s — no new samples (auxiliary; other instruments still recording)
2026-07-06 17:29:05,567  WARNING  PortentaReader      send_command('disarm') ignored — port not open
2026-07-06 17:29:05,629  WARNING  PortentaReader      send_command('disarm') ignored — port not open
2026-07-06 17:29:05,693  WARNING  PortentaReader      send_command('disarm') ignored — port not open
2026-07-06 17:29:05,759  WARNING  PortentaReader      send_command('disarm') ignored — port not open
2026-07-06 17:29:05,820  WARNING  PortentaReader      send_command('disarm') ignored — port not open
2026-07-06 17:29:05,881  WARNING  PortentaReader      send_command('disarm') ignored — port not open
2026-07-06 17:29:05,944  WARNING  PortentaReader      send_command('disarm') ignored — port not open
2026-07-06 17:29:06,005  WARNING  PortentaReader      send_command('disarm') ignored — port not open
2026-07-06 17:29:06,067  WARNING  PortentaReader      send_command('disarm') ignored — port not open
2026-07-06 17:29:06,129  WARNING  PortentaReader      send_command('disarm') ignored — port not open
2026-07-06 17:29:06,205  WARNING  PortentaReader      send_command('disarm') ignored — port not open
2026-07-06 17:29:06,265  WARNING  PortentaReader      send_command('disarm') ignored — port not open
2026-07-06 17:29:06,327  WARNING  PortentaReader      send_command('disarm') ignored — port not open
2026-07-06 17:29:06,388  WARNING  PortentaReader      send_command('disarm') ignored — port not open
2026-07-06 17:29:06,449  WARNING  PortentaReader      send_command('disarm') ignored — port not open
2026-07-06 17:29:06,510  WARNING  PortentaReader      send_command('disarm') ignored — port not open
2026-07-06 17:29:06,572  WARNING  PortentaReader      send_command('disarm') ignored — port not open
2026-07-06 17:29:06,634  WARNING  PortentaReader      send_command('disarm') ignored — port not open
2026-07-06 17:29:06,695  WARNING  PortentaReader      send_command('disarm') ignored — port not open
2026-07-06 17:29:06,756  WARNING  PortentaReader      send_command('disarm') ignored — port not open
2026-07-06 17:29:06,817  WARNING  PortentaReader      send_command('disarm') ignored — port not open
2026-07-06 17:29:06,878  WARNING  PortentaReader      send_command('disarm') ignored — port not open
2026-07-06 17:29:06,956  WARNING  PortentaReader      send_command('disarm') ignored — port not open
2026-07-06 17:29:07,003  WARNING  PortentaReader      send_command('disarm') ignored — port not open
2026-07-06 17:29:07,080  WARNING  PortentaReader      send_command('disarm') ignored — port not open
2026-07-06 17:29:07,142  WARNING  PortentaReader      send_command('disarm') ignored — port not open
2026-07-06 17:29:07,204  WARNING  PortentaReader      send_command('disarm') ignored — port not open
2026-07-06 17:29:07,266  WARNING  PortentaReader      send_command('disarm') ignored — port not open
2026-07-06 17:29:07,326  WARNING  PortentaReader      send_command('disarm') ignored — port not open
2026-07-06 17:29:07,387  WARNING  PortentaReader      send_command('disarm') ignored — port not open
2026-07-06 17:29:07,448  WARNING  PortentaReader      send_command('disarm') ignored — port not open
2026-07-06 17:29:07,509  WARNING  PortentaReader      send_command('disarm') ignored — port not open
2026-07-06 17:29:07,570  WARNING  RecordingCore       HEALTH WARNING: LCR silent 29.1s — no new samples (auxiliary; other instruments still recording)
2026-07-06 17:29:07,570  WARNING  PortentaReader      send_command('disarm') ignored — port not open
2026-07-06 17:29:07,631  WARNING  PortentaReader      send_command('disarm') ignored — port not open
2026-07-06 17:29:07,696  WARNING  PortentaReader      send_command('disarm') ignored — port not open
2026-07-06 17:29:07,861  WARNING  PortentaReader      send_command('disarm') ignored — port not open
2026-07-06 17:29:07,880  WARNING  PortentaReader      send_command('disarm') ignored — port not open
2026-07-06 17:29:07,943  WARNING  PortentaReader      send_command('disarm') ignored — port not open
2026-07-06 17:29:08,018  WARNING  PortentaReader      send_command('disarm') ignored — port not open
2026-07-06 17:29:08,079  WARNING  PortentaReader      send_command('disarm') ignored — port not open
2026-07-06 17:29:08,140  WARNING  PortentaReader      send_command('disarm') ignored — port not open
2026-07-06 17:29:08,202  WARNING  PortentaReader      send_command('disarm') ignored — port not open
2026-07-06 17:29:08,263  WARNING  PortentaReader      send_command('disarm') ignored — port not open
2026-07-06 17:29:08,325  WARNING  PortentaReader      send_command('disarm') ignored — port not open
2026-07-06 17:29:08,386  WARNING  PortentaReader      send_command('disarm') ignored — port not open
2026-07-06 17:29:08,447  WARNING  PortentaReader      send_command('disarm') ignored — port not open
2026-07-06 17:29:08,509  WARNING  PortentaReader      send_command('disarm') ignored — port not open
2026-07-06 17:29:08,570  WARNING  PortentaReader      send_command('disarm') ignored — port not open
2026-07-06 17:29:08,632  WARNING  PortentaReader      send_command('disarm') ignored — port not open
2026-07-06 17:29:08,693  WARNING  PortentaReader      send_command('disarm') ignored — port not open
2026-07-06 17:29:08,768  WARNING  PortentaReader      send_command('disarm') ignored — port not open
2026-07-06 17:29:08,816  WARNING  PortentaReader      send_command('disarm') ignored — port not open
2026-07-06 17:29:08,893  WARNING  PortentaReader      send_command('disarm') ignored — port not open
2026-07-06 17:29:08,954  WARNING  PortentaReader      send_command('disarm') ignored — port not open
2026-07-06 17:29:09,015  WARNING  PortentaReader      send_command('disarm') ignored — port not open
2026-07-06 17:29:09,077  WARNING  PortentaReader      send_command('disarm') ignored — port not open
2026-07-06 17:29:09,138  WARNING  PortentaReader      send_command('disarm') ignored — port not open
2026-07-06 17:29:09,195  WARNING  PortentaReader      send_command('disarm') ignored — port not open
2026-07-06 17:29:09,256  WARNING  PortentaReader      send_command('disarm') ignored — port not open
2026-07-06 17:29:09,323  WARNING  PortentaReader      send_command('disarm') ignored — port not open
2026-07-06 17:29:09,385  WARNING  PortentaReader      send_command('disarm') ignored — port not open
2026-07-06 17:29:09,446  WARNING  PortentaReader      send_command('disarm') ignored — port not open
2026-07-06 17:29:09,509  WARNING  PortentaReader      send_command('disarm') ignored — port not open
2026-07-06 17:29:09,571  WARNING  RecordingCore       HEALTH WARNING: LCR silent 31.1s — no new samples (auxiliary; other instruments still recording)
2026-07-06 17:29:09,571  WARNING  PortentaReader      send_command('disarm') ignored — port not open
2026-07-06 17:29:09,633  WARNING  PortentaReader      send_command('disarm') ignored — port not open
2026-07-06 17:29:09,692  WARNING  PortentaReader      send_command('disarm') ignored — port not open
2026-07-06 17:29:09,755  WARNING  PortentaReader      send_command('disarm') ignored — port not open
2026-07-06 17:29:09,816  WARNING  PortentaReader      send_command('disarm') ignored — port not open
2026-07-06 17:29:09,892  WARNING  PortentaReader      send_command('disarm') ignored — port not open
2026-07-06 17:29:09,953  WARNING  PortentaReader      send_command('disarm') ignored — port not open
2026-07-06 17:29:10,005  WARNING  PortentaReader      send_command('disarm') ignored — port not open
2026-07-06 17:29:10,075  WARNING  PortentaReader      send_command('disarm') ignored — port not open
2026-07-06 17:29:10,137  WARNING  PortentaReader      send_command('disarm') ignored — port not open
2026-07-06 17:29:10,199  WARNING  PortentaReader      send_command('disarm') ignored — port not open
2026-07-06 17:29:10,260  WARNING  PortentaReader      send_command('disarm') ignored — port not open
2026-07-06 17:29:10,322  WARNING  PortentaReader      send_command('disarm') ignored — port not open
2026-07-06 17:29:10,383  WARNING  PortentaReader      send_command('disarm') ignored — port not open
2026-07-06 17:29:10,444  WARNING  PortentaReader      send_command('disarm') ignored — port not open
2026-07-06 17:29:10,506  WARNING  PortentaReader      send_command('disarm') ignored — port not open
2026-07-06 17:29:10,567  WARNING  PortentaReader      send_command('disarm') ignored — port not open
2026-07-06 17:29:10,630  WARNING  PortentaReader      send_command('disarm') ignored — port not open
2026-07-06 17:29:10,691  WARNING  PortentaReader      send_command('disarm') ignored — port not open
2026-07-06 17:29:10,767  WARNING  PortentaReader      send_command('disarm') ignored — port not open
2026-07-06 17:29:10,828  WARNING  PortentaReader      send_command('disarm') ignored — port not open
2026-07-06 17:29:10,889  WARNING  PortentaReader      send_command('disarm') ignored — port not open
2026-07-06 17:29:10,950  WARNING  PortentaReader      send_command('disarm') ignored — port not open
2026-07-06 17:29:11,012  WARNING  PortentaReader      send_command('disarm') ignored — port not open
2026-07-06 17:29:11,073  WARNING  PortentaReader      send_command('disarm') ignored — port not open
2026-07-06 17:29:11,135  WARNING  PortentaReader      send_command('disarm') ignored — port not open
2026-07-06 17:29:11,196  WARNING  PortentaReader      send_command('disarm') ignored — port not open
2026-07-06 17:29:11,259  WARNING  PortentaReader      send_command('disarm') ignored — port not open
2026-07-06 17:29:11,321  WARNING  PortentaReader      send_command('disarm') ignored — port not open
2026-07-06 17:29:11,382  WARNING  PortentaReader      send_command('disarm') ignored — port not open
2026-07-06 17:29:11,444  WARNING  PortentaReader      send_command('disarm') ignored — port not open
2026-07-06 17:29:11,506  WARNING  PortentaReader      send_command('disarm') ignored — port not open
2026-07-06 17:29:11,566  WARNING  RecordingCore       HEALTH WARNING: LCR silent 33.1s — no new samples (auxiliary; other instruments still recording)
2026-07-06 17:29:11,567  WARNING  PortentaReader      send_command('disarm') ignored — port not open
2026-07-06 17:29:11,628  WARNING  PortentaReader      send_command('disarm') ignored — port not open
2026-07-06 17:29:11,706  WARNING  PortentaReader      send_command('disarm') ignored — port not open
2026-07-06 17:29:11,753  WARNING  PortentaReader      send_command('disarm') ignored — port not open
2026-07-06 17:29:11,816  WARNING  PortentaReader      send_command('disarm') ignored — port not open
2026-07-06 17:29:11,881  WARNING  PortentaReader      send_command('disarm') ignored — port not open
2026-07-06 17:29:11,941  WARNING  PortentaReader      send_command('disarm') ignored — port not open
2026-07-06 17:29:12,008  WARNING  PortentaReader      send_command('disarm') ignored — port not open
2026-07-06 17:29:12,074  WARNING  PortentaReader      send_command('disarm') ignored — port not open
2026-07-06 17:29:12,135  WARNING  PortentaReader      send_command('disarm') ignored — port not open
2026-07-06 17:29:12,196  WARNING  PortentaReader      send_command('disarm') ignored — port not open
2026-07-06 17:29:12,258  WARNING  PortentaReader      send_command('disarm') ignored — port not open
2026-07-06 17:29:12,320  WARNING  PortentaReader      send_command('disarm') ignored — port not open
2026-07-06 17:29:12,380  WARNING  PortentaReader      send_command('disarm') ignored — port not open
2026-07-06 17:29:12,441  WARNING  PortentaReader      send_command('disarm') ignored — port not open
2026-07-06 17:29:12,508  WARNING  PortentaReader      send_command('disarm') ignored — port not open
2026-07-06 17:29:12,571  WARNING  PortentaReader      send_command('disarm') ignored — port not open
2026-07-06 17:29:12,631  WARNING  PortentaReader      send_command('disarm') ignored — port not open
2026-07-06 17:29:12,701  WARNING  PortentaReader      send_command('disarm') ignored — port not open
2026-07-06 17:29:12,764  WARNING  PortentaReader      send_command('disarm') ignored — port not open
2026-07-06 17:29:12,826  WARNING  PortentaReader      send_command('disarm') ignored — port not open
2026-07-06 17:29:12,888  WARNING  PortentaReader      send_command('disarm') ignored — port not open
2026-07-06 17:29:12,949  WARNING  PortentaReader      send_command('disarm') ignored — port not open
2026-07-06 17:29:13,005  WARNING  PortentaReader      send_command('disarm') ignored — port not open
2026-07-06 17:29:13,066  WARNING  PortentaReader      send_command('disarm') ignored — port not open
2026-07-06 17:29:13,132  WARNING  PortentaReader      send_command('disarm') ignored — port not open
2026-07-06 17:29:13,194  WARNING  PortentaReader      send_command('disarm') ignored — port not open
2026-07-06 17:29:13,255  WARNING  PortentaReader      send_command('disarm') ignored — port not open
2026-07-06 17:29:13,316  WARNING  PortentaReader      send_command('disarm') ignored — port not open
2026-07-06 17:29:13,379  WARNING  PortentaReader      send_command('disarm') ignored — port not open
2026-07-06 17:29:13,441  WARNING  PortentaReader      send_command('disarm') ignored — port not open
2026-07-06 17:29:13,503  WARNING  PortentaReader      send_command('disarm') ignored — port not open
2026-07-06 17:29:13,579  WARNING  RecordingCore       HEALTH WARNING: LCR silent 35.1s — no new samples (auxiliary; other instruments still recording)
2026-07-06 17:29:13,580  WARNING  PortentaReader      send_command('disarm') ignored — port not open
2026-07-06 17:29:13,641  WARNING  PortentaReader      send_command('disarm') ignored — port not open
2026-07-06 17:29:13,702  WARNING  PortentaReader      send_command('disarm') ignored — port not open
2026-07-06 17:29:13,763  WARNING  PortentaReader      send_command('disarm') ignored — port not open
2026-07-06 17:29:13,824  WARNING  PortentaReader      send_command('disarm') ignored — port not open
2026-07-06 17:29:13,884  WARNING  PortentaReader      send_command('disarm') ignored — port not open
2026-07-06 17:29:13,946  WARNING  PortentaReader      send_command('disarm') ignored — port not open
2026-07-06 17:29:14,008  WARNING  PortentaReader      send_command('disarm') ignored — port not open
2026-07-06 17:29:14,069  WARNING  PortentaReader      send_command('disarm') ignored — port not open
2026-07-06 17:29:14,131  WARNING  PortentaReader      send_command('disarm') ignored — port not open
2026-07-06 17:29:14,192  WARNING  PortentaReader      send_command('disarm') ignored — port not open
2026-07-06 17:29:14,255  WARNING  PortentaReader      send_command('disarm') ignored — port not open
2026-07-06 17:29:14,316  WARNING  PortentaReader      send_command('disarm') ignored — port not open
2026-07-06 17:29:14,386  WARNING  PortentaReader      send_command('disarm') ignored — port not open
2026-07-06 17:29:14,532  WARNING  PortentaReader      send_command('disarm') ignored — port not open
2026-07-06 17:29:14,577  WARNING  PortentaReader      send_command('disarm') ignored — port not open
2026-07-06 17:29:14,639  WARNING  PortentaReader      send_command('disarm') ignored — port not open
2026-07-06 17:29:14,700  WARNING  PortentaReader      send_command('disarm') ignored — port not open
2026-07-06 17:29:14,759  WARNING  PortentaReader      send_command('disarm') ignored — port not open
2026-07-06 17:29:14,822  WARNING  PortentaReader      send_command('disarm') ignored — port not open
2026-07-06 17:29:14,883  WARNING  PortentaReader      send_command('disarm') ignored — port not open
2026-07-06 17:29:14,943  WARNING  PortentaReader      send_command('disarm') ignored — port not open
2026-07-06 17:29:15,005  WARNING  PortentaReader      send_command('disarm') ignored — port not open
2026-07-06 17:29:15,067  WARNING  PortentaReader      send_command('disarm') ignored — port not open
2026-07-06 17:29:15,129  WARNING  PortentaReader      send_command('disarm') ignored — port not open
2026-07-06 17:29:15,191  WARNING  PortentaReader      send_command('disarm') ignored — port not open
2026-07-06 17:29:15,265  WARNING  PortentaReader      send_command('disarm') ignored — port not open
2026-07-06 17:29:15,327  WARNING  PortentaReader      send_command('disarm') ignored — port not open
2026-07-06 17:29:15,389  WARNING  PortentaReader      send_command('disarm') ignored — port not open
2026-07-06 17:29:15,451  WARNING  PortentaReader      send_command('disarm') ignored — port not open
2026-07-06 17:29:15,512  WARNING  PortentaReader      send_command('disarm') ignored — port not open
2026-07-06 17:29:15,574  WARNING  RecordingCore       HEALTH WARNING: LCR silent 37.1s — no new samples (auxiliary; other instruments still recording)
2026-07-06 17:29:15,575  WARNING  PortentaReader      send_command('disarm') ignored — port not open
2026-07-06 17:29:15,636  WARNING  PortentaReader      send_command('disarm') ignored — port not open
2026-07-06 17:29:15,691  WARNING  PortentaReader      send_command('disarm') ignored — port not open
2026-07-06 17:29:15,758  WARNING  PortentaReader      send_command('disarm') ignored — port not open
2026-07-06 17:29:15,818  WARNING  PortentaReader      send_command('disarm') ignored — port not open
2026-07-06 17:29:15,880  WARNING  PortentaReader      send_command('disarm') ignored — port not open
2026-07-06 17:29:15,942  WARNING  PortentaReader      send_command('disarm') ignored — port not open
2026-07-06 17:29:16,004  WARNING  PortentaReader      send_command('disarm') ignored — port not open
2026-07-06 17:29:16,067  WARNING  PortentaReader      send_command('disarm') ignored — port not open
2026-07-06 17:29:16,142  WARNING  PortentaReader      send_command('disarm') ignored — port not open
2026-07-06 17:29:16,204  WARNING  PortentaReader      send_command('disarm') ignored — port not open
2026-07-06 17:29:16,265  WARNING  PortentaReader      send_command('disarm') ignored — port not open
2026-07-06 17:29:16,326  WARNING  PortentaReader      send_command('disarm') ignored — port not open
2026-07-06 17:29:16,384  WARNING  PortentaReader      send_command('disarm') ignored — port not open
2026-07-06 17:29:16,441  WARNING  PortentaReader      send_command('disarm') ignored — port not open
2026-07-06 17:29:16,512  WARNING  PortentaReader      send_command('disarm') ignored — port not open
2026-07-06 17:29:16,571  WARNING  PortentaReader      send_command('disarm') ignored — port not open
2026-07-06 17:29:16,633  WARNING  PortentaReader      send_command('disarm') ignored — port not open
2026-07-06 17:29:16,694  WARNING  PortentaReader      send_command('disarm') ignored — port not open
2026-07-06 17:29:16,756  WARNING  PortentaReader      send_command('disarm') ignored — port not open
2026-07-06 17:29:16,817  WARNING  PortentaReader      send_command('disarm') ignored — port not open
2026-07-06 17:29:16,879  WARNING  PortentaReader      send_command('disarm') ignored — port not open
2026-07-06 17:29:16,956  WARNING  PortentaReader      send_command('disarm') ignored — port not open
2026-07-06 17:29:17,003  WARNING  PortentaReader      send_command('disarm') ignored — port not open
2026-07-06 17:29:17,079  WARNING  PortentaReader      send_command('disarm') ignored — port not open
2026-07-06 17:29:17,140  WARNING  PortentaReader      send_command('disarm') ignored — port not open
2026-07-06 17:29:17,201  WARNING  PortentaReader      send_command('disarm') ignored — port not open
2026-07-06 17:29:17,261  WARNING  PortentaReader      send_command('disarm') ignored — port not open
2026-07-06 17:29:17,324  WARNING  PortentaReader      send_command('disarm') ignored — port not open
2026-07-06 17:29:17,386  WARNING  PortentaReader      send_command('disarm') ignored — port not open
2026-07-06 17:29:17,447  WARNING  PortentaReader      send_command('disarm') ignored — port not open
2026-07-06 17:29:17,509  WARNING  PortentaReader      send_command('disarm') ignored — port not open
2026-07-06 17:29:17,566  WARNING  RecordingCore       HEALTH WARNING: LCR silent 39.1s — no new samples (auxiliary; other instruments still recording)
2026-07-06 17:29:17,567  WARNING  PortentaReader      send_command('disarm') ignored — port not open
2026-07-06 17:29:17,632  WARNING  PortentaReader      send_command('disarm') ignored — port not open
2026-07-06 17:29:17,691  WARNING  PortentaReader      send_command('disarm') ignored — port not open
2026-07-06 17:29:17,754  WARNING  PortentaReader      send_command('disarm') ignored — port not open
2026-07-06 17:29:17,828  WARNING  PortentaReader      send_command('disarm') ignored — port not open
2026-07-06 17:29:17,891  WARNING  PortentaReader      send_command('disarm') ignored — port not open
2026-07-06 17:29:17,954  WARNING  PortentaReader      send_command('disarm') ignored — port not open
2026-07-06 17:29:18,016  WARNING  PortentaReader      send_command('disarm') ignored — port not open
2026-07-06 17:29:18,077  WARNING  PortentaReader      send_command('disarm') ignored — port not open
2026-07-06 17:29:18,138  WARNING  PortentaReader      send_command('disarm') ignored — port not open
2026-07-06 17:29:18,198  WARNING  PortentaReader      send_command('disarm') ignored — port not open
2026-07-06 17:29:18,260  WARNING  PortentaReader      send_command('disarm') ignored — port not open
2026-07-06 17:29:18,321  WARNING  PortentaReader      send_command('disarm') ignored — port not open
2026-07-06 17:29:18,381  WARNING  PortentaReader      send_command('disarm') ignored — port not open
2026-07-06 17:29:18,444  WARNING  PortentaReader      send_command('disarm') ignored — port not open
2026-07-06 17:29:18,506  WARNING  PortentaReader      send_command('disarm') ignored — port not open
2026-07-06 17:29:18,567  WARNING  PortentaReader      send_command('disarm') ignored — port not open
2026-07-06 17:29:18,630  WARNING  PortentaReader      send_command('disarm') ignored — port not open
2026-07-06 17:29:18,705  WARNING  PortentaReader      send_command('disarm') ignored — port not open
2026-07-06 17:29:18,766  WARNING  PortentaReader      send_command('disarm') ignored — port not open
2026-07-06 17:29:18,828  WARNING  PortentaReader      send_command('disarm') ignored — port not open
2026-07-06 17:29:18,886  WARNING  PortentaReader      send_command('disarm') ignored — port not open
2026-07-06 17:29:18,950  WARNING  PortentaReader      send_command('disarm') ignored — port not open
2026-07-06 17:29:19,011  WARNING  PortentaReader      send_command('disarm') ignored — port not open
2026-07-06 17:29:19,072  WARNING  PortentaReader      send_command('disarm') ignored — port not open
2026-07-06 17:29:19,133  WARNING  PortentaReader      send_command('disarm') ignored — port not open
2026-07-06 17:29:19,195  WARNING  PortentaReader      send_command('disarm') ignored — port not open
2026-07-06 17:29:19,256  WARNING  PortentaReader      send_command('disarm') ignored — port not open
2026-07-06 17:29:19,317  WARNING  PortentaReader      send_command('disarm') ignored — port not open
2026-07-06 17:29:19,379  WARNING  PortentaReader      send_command('disarm') ignored — port not open
2026-07-06 17:29:19,441  WARNING  PortentaReader      send_command('disarm') ignored — port not open
2026-07-06 17:29:19,517  WARNING  PortentaReader      send_command('disarm') ignored — port not open
2026-07-06 17:29:19,578  WARNING  RecordingCore       HEALTH WARNING: LCR silent 41.1s — no new samples (auxiliary; other instruments still recording)
2026-07-06 17:29:19,579  WARNING  PortentaReader      send_command('disarm') ignored — port not open
2026-07-06 17:29:19,641  WARNING  PortentaReader      send_command('disarm') ignored — port not open
2026-07-06 17:29:19,696  WARNING  PortentaReader      send_command('disarm') ignored — port not open
2026-07-06 17:29:19,757  WARNING  PortentaReader      send_command('disarm') ignored — port not open
2026-07-06 17:29:19,824  WARNING  PortentaReader      send_command('disarm') ignored — port not open
2026-07-06 17:29:19,886  WARNING  PortentaReader      send_command('disarm') ignored — port not open
2026-07-06 17:29:19,947  WARNING  PortentaReader      send_command('disarm') ignored — port not open
2026-07-06 17:29:20,008  WARNING  PortentaReader      send_command('disarm') ignored — port not open
2026-07-06 17:29:20,070  WARNING  PortentaReader      send_command('disarm') ignored — port not open
2026-07-06 17:29:20,131  WARNING  PortentaReader      send_command('disarm') ignored — port not open
2026-07-06 17:29:20,192  WARNING  PortentaReader      send_command('disarm') ignored — port not open
2026-07-06 17:29:20,253  WARNING  PortentaReader      send_command('disarm') ignored — port not open
2026-07-06 17:29:20,330  WARNING  PortentaReader      send_command('disarm') ignored — port not open
2026-07-06 17:29:20,390  WARNING  PortentaReader      send_command('disarm') ignored — port not open
2026-07-06 17:29:20,451  WARNING  PortentaReader      send_command('disarm') ignored — port not open
2026-07-06 17:29:20,512  WARNING  PortentaReader      send_command('disarm') ignored — port not open
2026-07-06 17:29:20,573  WARNING  PortentaReader      send_command('disarm') ignored — port not open
2026-07-06 17:29:20,633  WARNING  PortentaReader      send_command('disarm') ignored — port not open
2026-07-06 17:29:20,695  WARNING  PortentaReader      send_command('disarm') ignored — port not open
2026-07-06 17:29:20,756  WARNING  PortentaReader      send_command('disarm') ignored — port not open
2026-07-06 17:29:20,817  WARNING  PortentaReader      send_command('disarm') ignored — port not open
2026-07-06 17:29:20,879  WARNING  PortentaReader      send_command('disarm') ignored — port not open
2026-07-06 17:29:20,941  WARNING  PortentaReader      send_command('disarm') ignored — port not open
2026-07-06 17:29:21,017  WARNING  PortentaReader      send_command('disarm') ignored — port not open
2026-07-06 17:29:21,079  WARNING  PortentaReader      send_command('disarm') ignored — port not open
2026-07-06 17:29:21,142  WARNING  PortentaReader      send_command('disarm') ignored — port not open
2026-07-06 17:29:21,203  WARNING  PortentaReader      send_command('disarm') ignored — port not open
2026-07-06 17:29:21,265  WARNING  PortentaReader      send_command('disarm') ignored — port not open
2026-07-06 17:29:21,325  WARNING  PortentaReader      send_command('disarm') ignored — port not open
2026-07-06 17:29:21,386  WARNING  PortentaReader      send_command('disarm') ignored — port not open
2026-07-06 17:29:21,447  WARNING  PortentaReader      send_command('disarm') ignored — port not open
2026-07-06 17:29:21,509  WARNING  PortentaReader      send_command('disarm') ignored — port not open
2026-07-06 17:29:21,571  WARNING  RecordingCore       HEALTH WARNING: LCR silent 43.1s — no new samples (auxiliary; other instruments still recording)
2026-07-06 17:29:21,572  WARNING  PortentaReader      send_command('disarm') ignored — port not open
2026-07-06 17:29:21,633  WARNING  PortentaReader      send_command('disarm') ignored — port not open
2026-07-06 17:29:21,696  WARNING  PortentaReader      send_command('disarm') ignored — port not open
2026-07-06 17:29:21,757  WARNING  PortentaReader      send_command('disarm') ignored — port not open
2026-07-06 17:29:21,819  WARNING  PortentaReader      send_command('disarm') ignored — port not open
2026-07-06 17:29:21,882  WARNING  PortentaReader      send_command('disarm') ignored — port not open
2026-07-06 17:29:21,944  WARNING  PortentaReader      send_command('disarm') ignored — port not open
2026-07-06 17:29:22,006  WARNING  PortentaReader      send_command('disarm') ignored — port not open
2026-07-06 17:29:22,067  WARNING  PortentaReader      send_command('disarm') ignored — port not open
2026-07-06 17:29:22,143  WARNING  PortentaReader      send_command('disarm') ignored — port not open
2026-07-06 17:29:22,206  WARNING  PortentaReader      send_command('disarm') ignored — port not open
2026-07-06 17:29:22,267  WARNING  PortentaReader      send_command('disarm') ignored — port not open
2026-07-06 17:29:22,328  WARNING  PortentaReader      send_command('disarm') ignored — port not open
2026-07-06 17:29:22,389  WARNING  PortentaReader      send_command('disarm') ignored — port not open
2026-07-06 17:29:22,450  WARNING  PortentaReader      send_command('disarm') ignored — port not open
2026-07-06 17:29:22,513  WARNING  PortentaReader      send_command('disarm') ignored — port not open
2026-07-06 17:29:22,575  WARNING  PortentaReader      send_command('disarm') ignored — port not open
2026-07-06 17:29:22,635  WARNING  PortentaReader      send_command('disarm') ignored — port not open
2026-07-06 17:29:22,698  WARNING  PortentaReader      send_command('disarm') ignored — port not open
2026-07-06 17:29:22,759  WARNING  PortentaReader      send_command('disarm') ignored — port not open
2026-07-06 17:29:22,821  WARNING  PortentaReader      send_command('disarm') ignored — port not open
2026-07-06 17:29:22,883  WARNING  PortentaReader      send_command('disarm') ignored — port not open
2026-07-06 17:29:22,944  WARNING  PortentaReader      send_command('disarm') ignored — port not open
2026-07-06 17:29:23,005  WARNING  PortentaReader      send_command('disarm') ignored — port not open
2026-07-06 17:29:23,067  WARNING  PortentaReader      send_command('disarm') ignored — port not open
2026-07-06 17:29:23,128  WARNING  PortentaReader      send_command('disarm') ignored — port not open
2026-07-06 17:29:23,206  WARNING  PortentaReader      send_command('disarm') ignored — port not open
2026-07-06 17:29:23,283  WARNING  PortentaReader      send_command('disarm') ignored — port not open
2026-07-06 17:29:23,344  WARNING  PortentaReader      send_command('disarm') ignored — port not open
2026-07-06 17:29:23,405  WARNING  PortentaReader      send_command('disarm') ignored — port not open
2026-07-06 17:29:23,466  WARNING  PortentaReader      send_command('disarm') ignored — port not open
2026-07-06 17:29:23,527  WARNING  PortentaReader      send_command('disarm') ignored — port not open
2026-07-06 17:29:23,589  WARNING  RecordingCore       HEALTH WARNING: LCR silent 45.1s — no new samples (auxiliary; other instruments still recording)
2026-07-06 17:29:23,590  WARNING  PortentaReader      send_command('disarm') ignored — port not open
2026-07-06 17:29:23,651  WARNING  PortentaReader      send_command('disarm') ignored — port not open
2026-07-06 17:29:23,711  WARNING  PortentaReader      send_command('disarm') ignored — port not open
2026-07-06 17:29:23,772  WARNING  PortentaReader      send_command('disarm') ignored — port not open
2026-07-06 17:29:23,833  WARNING  PortentaReader      send_command('disarm') ignored — port not open
2026-07-06 17:29:23,895  WARNING  PortentaReader      send_command('disarm') ignored — port not open
2026-07-06 17:29:23,957  WARNING  PortentaReader      send_command('disarm') ignored — port not open
2026-07-06 17:29:24,034  WARNING  PortentaReader      send_command('disarm') ignored — port not open
2026-07-06 17:29:24,094  WARNING  PortentaReader      send_command('disarm') ignored — port not open
2026-07-06 17:29:24,156  WARNING  PortentaReader      send_command('disarm') ignored — port not open
2026-07-06 17:29:24,216  WARNING  PortentaReader      send_command('disarm') ignored — port not open
2026-07-06 17:29:24,278  WARNING  PortentaReader      send_command('disarm') ignored — port not open
2026-07-06 17:29:24,340  WARNING  PortentaReader      send_command('disarm') ignored — port not open
2026-07-06 17:29:24,402  WARNING  PortentaReader      send_command('disarm') ignored — port not open
2026-07-06 17:29:24,464  WARNING  PortentaReader      send_command('disarm') ignored — port not open
2026-07-06 17:29:24,526  WARNING  PortentaReader      send_command('disarm') ignored — port not open
2026-07-06 17:29:24,586  WARNING  PortentaReader      send_command('disarm') ignored — port not open
2026-07-06 17:29:24,648  WARNING  PortentaReader      send_command('disarm') ignored — port not open
2026-07-06 17:29:24,710  WARNING  PortentaReader      send_command('disarm') ignored — port not open
2026-07-06 17:29:24,771  WARNING  PortentaReader      send_command('disarm') ignored — port not open
2026-07-06 17:29:24,832  WARNING  PortentaReader      send_command('disarm') ignored — port not open
2026-07-06 17:29:24,909  WARNING  PortentaReader      send_command('disarm') ignored — port not open
2026-07-06 17:29:24,970  WARNING  PortentaReader      send_command('disarm') ignored — port not open
2026-07-06 17:29:25,031  WARNING  PortentaReader      send_command('disarm') ignored — port not open
2026-07-06 17:29:25,092  WARNING  PortentaReader      send_command('disarm') ignored — port not open
2026-07-06 17:29:25,153  WARNING  PortentaReader      send_command('disarm') ignored — port not open
2026-07-06 17:29:25,214  WARNING  PortentaReader      send_command('disarm') ignored — port not open
2026-07-06 17:29:25,276  WARNING  PortentaReader      send_command('disarm') ignored — port not open
2026-07-06 17:29:25,337  WARNING  PortentaReader      send_command('disarm') ignored — port not open
2026-07-06 17:29:25,398  WARNING  PortentaReader      send_command('disarm') ignored — port not open
2026-07-06 17:29:25,460  WARNING  PortentaReader      send_command('disarm') ignored — port not open
2026-07-06 17:29:25,522  WARNING  PortentaReader      send_command('disarm') ignored — port not open
2026-07-06 17:29:25,584  WARNING  RecordingCore       HEALTH WARNING: LCR silent 47.1s — no new samples (auxiliary; other instruments still recording)
2026-07-06 17:29:25,584  WARNING  PortentaReader      send_command('disarm') ignored — port not open
2026-07-06 17:29:25,644  WARNING  PortentaReader      send_command('disarm') ignored — port not open
2026-07-06 17:29:25,720  WARNING  PortentaReader      send_command('disarm') ignored — port not open
2026-07-06 17:29:25,781  WARNING  PortentaReader      send_command('disarm') ignored — port not open
2026-07-06 17:29:25,843  WARNING  PortentaReader      send_command('disarm') ignored — port not open
2026-07-06 17:29:25,904  WARNING  PortentaReader      send_command('disarm') ignored — port not open
2026-07-06 17:29:25,965  WARNING  PortentaReader      send_command('disarm') ignored — port not open
2026-07-06 17:29:26,025  WARNING  PortentaReader      send_command('disarm') ignored — port not open
2026-07-06 17:29:26,087  WARNING  PortentaReader      send_command('disarm') ignored — port not open
2026-07-06 17:29:26,149  WARNING  PortentaReader      send_command('disarm') ignored — port not open
2026-07-06 17:29:26,211  WARNING  PortentaReader      send_command('disarm') ignored — port not open
2026-07-06 17:29:26,273  WARNING  PortentaReader      send_command('disarm') ignored — port not open
2026-07-06 17:29:26,336  WARNING  PortentaReader      send_command('disarm') ignored — port not open
2026-07-06 17:29:26,399  WARNING  PortentaReader      send_command('disarm') ignored — port not open
2026-07-06 17:29:26,460  WARNING  PortentaReader      send_command('disarm') ignored — port not open
2026-07-06 17:29:26,522  WARNING  PortentaReader      send_command('disarm') ignored — port not open
2026-07-06 17:29:26,583  WARNING  PortentaReader      send_command('disarm') ignored — port not open
2026-07-06 17:29:26,658  WARNING  PortentaReader      send_command('disarm') ignored — port not open
2026-07-06 17:29:26,719  WARNING  PortentaReader      send_command('disarm') ignored — port not open
2026-07-06 17:29:26,780  WARNING  PortentaReader      send_command('disarm') ignored — port not open
2026-07-06 17:29:26,842  WARNING  PortentaReader      send_command('disarm') ignored — port not open
2026-07-06 17:29:26,904  WARNING  PortentaReader      send_command('disarm') ignored — port not open
2026-07-06 17:29:26,965  WARNING  PortentaReader      send_command('disarm') ignored — port not open
2026-07-06 17:29:27,026  WARNING  PortentaReader      send_command('disarm') ignored — port not open
2026-07-06 17:29:27,088  WARNING  PortentaReader      send_command('disarm') ignored — port not open
2026-07-06 17:29:27,149  WARNING  PortentaReader      send_command('disarm') ignored — port not open
2026-07-06 17:29:27,210  WARNING  PortentaReader      send_command('disarm') ignored — port not open
2026-07-06 17:29:27,272  WARNING  PortentaReader      send_command('disarm') ignored — port not open
2026-07-06 17:29:27,334  WARNING  PortentaReader      send_command('disarm') ignored — port not open
2026-07-06 17:29:27,395  WARNING  PortentaReader      send_command('disarm') ignored — port not open
2026-07-06 17:29:27,457  WARNING  PortentaReader      send_command('disarm') ignored — port not open
2026-07-06 17:29:27,519  WARNING  PortentaReader      send_command('disarm') ignored — port not open
2026-07-06 17:29:27,597  WARNING  RecordingCore       HEALTH WARNING: LCR silent 49.1s — no new samples (auxiliary; other instruments still recording)
2026-07-06 17:29:27,597  WARNING  PortentaReader      send_command('disarm') ignored — port not open
2026-07-06 17:29:27,657  WARNING  PortentaReader      send_command('disarm') ignored — port not open
2026-07-06 17:29:27,718  WARNING  PortentaReader      send_command('disarm') ignored — port not open
2026-07-06 17:29:27,780  WARNING  PortentaReader      send_command('disarm') ignored — port not open
2026-07-06 17:29:27,842  WARNING  PortentaReader      send_command('disarm') ignored — port not open
2026-07-06 17:29:27,903  WARNING  PortentaReader      send_command('disarm') ignored — port not open
2026-07-06 17:29:27,965  WARNING  PortentaReader      send_command('disarm') ignored — port not open
2026-07-06 17:29:28,026  WARNING  PortentaReader      send_command('disarm') ignored — port not open
2026-07-06 17:29:28,088  WARNING  PortentaReader      send_command('disarm') ignored — port not open
2026-07-06 17:29:28,148  WARNING  PortentaReader      send_command('disarm') ignored — port not open
2026-07-06 17:29:28,209  WARNING  PortentaReader      send_command('disarm') ignored — port not open
2026-07-06 17:29:28,271  WARNING  PortentaReader      send_command('disarm') ignored — port not open
2026-07-06 17:29:28,331  WARNING  PortentaReader      send_command('disarm') ignored — port not open
2026-07-06 17:29:28,408  WARNING  PortentaReader      send_command('disarm') ignored — port not open
2026-07-06 17:29:28,469  WARNING  PortentaReader      send_command('disarm') ignored — port not open
2026-07-06 17:29:28,530  WARNING  PortentaReader      send_command('disarm') ignored — port not open
2026-07-06 17:29:28,593  WARNING  PortentaReader      send_command('disarm') ignored — port not open
2026-07-06 17:29:28,653  WARNING  PortentaReader      send_command('disarm') ignored — port not open
2026-07-06 17:29:28,715  WARNING  PortentaReader      send_command('disarm') ignored — port not open
2026-07-06 17:29:28,776  WARNING  PortentaReader      send_command('disarm') ignored — port not open
2026-07-06 17:29:28,837  WARNING  PortentaReader      send_command('disarm') ignored — port not open
2026-07-06 17:29:28,898  WARNING  PortentaReader      send_command('disarm') ignored — port not open
2026-07-06 17:29:28,960  WARNING  PortentaReader      send_command('disarm') ignored — port not open
2026-07-06 17:29:29,021  WARNING  PortentaReader      send_command('disarm') ignored — port not open
2026-07-06 17:29:29,082  WARNING  PortentaReader      send_command('disarm') ignored — port not open
2026-07-06 17:29:29,144  WARNING  PortentaReader      send_command('disarm') ignored — port not open
2026-07-06 17:29:29,221  WARNING  PortentaReader      send_command('disarm') ignored — port not open
2026-07-06 17:29:29,282  WARNING  PortentaReader      send_command('disarm') ignored — port not open
2026-07-06 17:29:29,344  WARNING  PortentaReader      send_command('disarm') ignored — port not open
2026-07-06 17:29:29,404  WARNING  PortentaReader      send_command('disarm') ignored — port not open
2026-07-06 17:29:29,466  WARNING  PortentaReader      send_command('disarm') ignored — port not open
2026-07-06 17:29:29,529  WARNING  PortentaReader      send_command('disarm') ignored — port not open
2026-07-06 17:29:29,590  WARNING  PortentaReader      send_command('disarm') ignored — port not open
2026-07-06 17:29:29,652  WARNING  RecordingCore       HEALTH WARNING: LCR silent 51.1s — no new samples (auxiliary; other instruments still recording)
2026-07-06 17:29:29,653  WARNING  PortentaReader      send_command('disarm') ignored — port not open
2026-07-06 17:29:29,713  WARNING  PortentaReader      send_command('disarm') ignored — port not open
2026-07-06 17:29:29,774  WARNING  PortentaReader      send_command('disarm') ignored — port not open
2026-07-06 17:29:29,835  WARNING  PortentaReader      send_command('disarm') ignored — port not open
2026-07-06 17:29:29,896  WARNING  PortentaReader      send_command('disarm') ignored — port not open
2026-07-06 17:29:29,958  WARNING  PortentaReader      send_command('disarm') ignored — port not open
2026-07-06 17:29:30,020  WARNING  PortentaReader      send_command('disarm') ignored — port not open
2026-07-06 17:29:30,082  WARNING  PortentaReader      send_command('disarm') ignored — port not open
2026-07-06 17:29:30,158  WARNING  PortentaReader      send_command('disarm') ignored — port not open
2026-07-06 17:29:30,219  WARNING  PortentaReader      send_command('disarm') ignored — port not open
2026-07-06 17:29:30,280  WARNING  PortentaReader      send_command('disarm') ignored — port not open
2026-07-06 17:29:30,341  WARNING  PortentaReader      send_command('disarm') ignored — port not open
2026-07-06 17:29:30,403  WARNING  PortentaReader      send_command('disarm') ignored — port not open
2026-07-06 17:29:30,465  WARNING  PortentaReader      send_command('disarm') ignored — port not open
2026-07-06 17:29:30,526  WARNING  PortentaReader      send_command('disarm') ignored — port not open
2026-07-06 17:29:30,586  WARNING  PortentaReader      send_command('disarm') ignored — port not open
2026-07-06 17:29:30,648  WARNING  PortentaReader      send_command('disarm') ignored — port not open
2026-07-06 17:29:30,709  WARNING  PortentaReader      send_command('disarm') ignored — port not open
2026-07-06 17:29:30,770  WARNING  PortentaReader      send_command('disarm') ignored — port not open
2026-07-06 17:29:30,833  WARNING  PortentaReader      send_command('disarm') ignored — port not open
2026-07-06 17:29:30,894  WARNING  PortentaReader      send_command('disarm') ignored — port not open
2026-07-06 17:29:30,971  WARNING  PortentaReader      send_command('disarm') ignored — port not open
2026-07-06 17:29:31,032  WARNING  PortentaReader      send_command('disarm') ignored — port not open
2026-07-06 17:29:31,093  WARNING  PortentaReader      send_command('disarm') ignored — port not open
2026-07-06 17:29:31,154  WARNING  PortentaReader      send_command('disarm') ignored — port not open
2026-07-06 17:29:31,216  WARNING  PortentaReader      send_command('disarm') ignored — port not open
2026-07-06 17:29:31,277  WARNING  PortentaReader      send_command('disarm') ignored — port not open
2026-07-06 17:29:31,337  WARNING  PortentaReader      send_command('disarm') ignored — port not open
2026-07-06 17:29:31,399  WARNING  PortentaReader      send_command('disarm') ignored — port not open
2026-07-06 17:29:31,459  WARNING  PortentaReader      send_command('disarm') ignored — port not open
2026-07-06 17:29:31,520  WARNING  PortentaReader      send_command('disarm') ignored — port not open
2026-07-06 17:29:31,583  WARNING  PortentaReader      send_command('disarm') ignored — port not open
2026-07-06 17:29:31,646  WARNING  RecordingCore       HEALTH WARNING: LCR silent 53.1s — no new samples (auxiliary; other instruments still recording)
2026-07-06 17:29:31,646  WARNING  PortentaReader      send_command('disarm') ignored — port not open
2026-07-06 17:29:31,705  WARNING  PortentaReader      send_command('disarm') ignored — port not open
2026-07-06 17:29:31,783  WARNING  PortentaReader      send_command('disarm') ignored — port not open
2026-07-06 17:29:31,845  WARNING  PortentaReader      send_command('disarm') ignored — port not open
2026-07-06 17:29:31,907  WARNING  PortentaReader      send_command('disarm') ignored — port not open
2026-07-06 17:29:31,968  WARNING  PortentaReader      send_command('disarm') ignored — port not open
2026-07-06 17:29:32,030  WARNING  PortentaReader      send_command('disarm') ignored — port not open
2026-07-06 17:29:32,092  WARNING  PortentaReader      send_command('disarm') ignored — port not open
2026-07-06 17:29:32,152  WARNING  PortentaReader      send_command('disarm') ignored — port not open
2026-07-06 17:29:32,214  WARNING  PortentaReader      send_command('disarm') ignored — port not open
2026-07-06 17:29:32,276  WARNING  PortentaReader      send_command('disarm') ignored — port not open
2026-07-06 17:29:32,337  WARNING  PortentaReader      send_command('disarm') ignored — port not open
2026-07-06 17:29:32,398  WARNING  PortentaReader      send_command('disarm') ignored — port not open
2026-07-06 17:29:32,460  WARNING  PortentaReader      send_command('disarm') ignored — port not open
2026-07-06 17:29:32,521  WARNING  PortentaReader      send_command('disarm') ignored — port not open
2026-07-06 17:29:32,582  WARNING  PortentaReader      send_command('disarm') ignored — port not open
2026-07-06 17:29:32,659  WARNING  PortentaReader      send_command('disarm') ignored — port not open
2026-07-06 17:29:32,720  WARNING  PortentaReader      send_command('disarm') ignored — port not open
2026-07-06 17:29:32,783  WARNING  PortentaReader      send_command('disarm') ignored — port not open
2026-07-06 17:29:32,843  WARNING  PortentaReader      send_command('disarm') ignored — port not open
2026-07-06 17:29:32,905  WARNING  PortentaReader      send_command('disarm') ignored — port not open
2026-07-06 17:29:32,967  WARNING  PortentaReader      send_command('disarm') ignored — port not open
2026-07-06 17:29:33,028  WARNING  PortentaReader      send_command('disarm') ignored — port not open
2026-07-06 17:29:33,089  WARNING  PortentaReader      send_command('disarm') ignored — port not open
2026-07-06 17:29:33,150  WARNING  PortentaReader      send_command('disarm') ignored — port not open
2026-07-06 17:29:33,211  WARNING  PortentaReader      send_command('disarm') ignored — port not open
2026-07-06 17:29:33,272  WARNING  PortentaReader      send_command('disarm') ignored — port not open
2026-07-06 17:29:33,333  WARNING  PortentaReader      send_command('disarm') ignored — port not open
2026-07-06 17:29:33,394  WARNING  PortentaReader      send_command('disarm') ignored — port not open
2026-07-06 17:29:33,457  WARNING  PortentaReader      send_command('disarm') ignored — port not open
2026-07-06 17:29:33,533  WARNING  PortentaReader      send_command('disarm') ignored — port not open
2026-07-06 17:29:33,595  WARNING  PortentaReader      send_command('disarm') ignored — port not open
2026-07-06 17:29:33,656  WARNING  RecordingCore       HEALTH WARNING: LCR silent 55.1s — no new samples (auxiliary; other instruments still recording)
2026-07-06 17:29:33,657  WARNING  PortentaReader      send_command('disarm') ignored — port not open
2026-07-06 17:29:33,718  WARNING  PortentaReader      send_command('disarm') ignored — port not open
2026-07-06 17:29:33,778  WARNING  PortentaReader      send_command('disarm') ignored — port not open
2026-07-06 17:29:33,840  WARNING  PortentaReader      send_command('disarm') ignored — port not open
2026-07-06 17:29:33,902  WARNING  PortentaReader      send_command('disarm') ignored — port not open
2026-07-06 17:29:33,963  WARNING  PortentaReader      send_command('disarm') ignored — port not open
2026-07-06 17:29:34,025  WARNING  PortentaReader      send_command('disarm') ignored — port not open
2026-07-06 17:29:34,087  WARNING  PortentaReader      send_command('disarm') ignored — port not open
2026-07-06 17:29:34,148  WARNING  PortentaReader      send_command('disarm') ignored — port not open
2026-07-06 17:29:34,210  WARNING  PortentaReader      send_command('disarm') ignored — port not open
2026-07-06 17:29:34,272  WARNING  PortentaReader      send_command('disarm') ignored — port not open
2026-07-06 17:29:34,333  WARNING  PortentaReader      send_command('disarm') ignored — port not open
2026-07-06 17:29:34,394  WARNING  PortentaReader      send_command('disarm') ignored — port not open
2026-07-06 17:29:34,470  WARNING  PortentaReader      send_command('disarm') ignored — port not open
2026-07-06 17:29:34,531  WARNING  PortentaReader      send_command('disarm') ignored — port not open
2026-07-06 17:29:34,592  WARNING  PortentaReader      send_command('disarm') ignored — port not open
2026-07-06 17:29:34,654  WARNING  PortentaReader      send_command('disarm') ignored — port not open
2026-07-06 17:29:34,715  WARNING  PortentaReader      send_command('disarm') ignored — port not open
2026-07-06 17:29:34,777  WARNING  PortentaReader      send_command('disarm') ignored — port not open
2026-07-06 17:29:34,838  WARNING  PortentaReader      send_command('disarm') ignored — port not open
2026-07-06 17:29:34,899  WARNING  PortentaReader      send_command('disarm') ignored — port not open
2026-07-06 17:29:34,961  WARNING  PortentaReader      send_command('disarm') ignored — port not open
2026-07-06 17:29:35,023  WARNING  PortentaReader      send_command('disarm') ignored — port not open
2026-07-06 17:29:35,085  WARNING  PortentaReader      send_command('disarm') ignored — port not open
2026-07-06 17:29:35,147  WARNING  PortentaReader      send_command('disarm') ignored — port not open
2026-07-06 17:29:35,210  WARNING  PortentaReader      send_command('disarm') ignored — port not open
2026-07-06 17:29:35,270  WARNING  PortentaReader      send_command('disarm') ignored — port not open
2026-07-06 17:29:35,332  WARNING  PortentaReader      send_command('disarm') ignored — port not open
2026-07-06 17:29:35,409  WARNING  PortentaReader      send_command('disarm') ignored — port not open
2026-07-06 17:29:35,468  WARNING  PortentaReader      send_command('disarm') ignored — port not open
2026-07-06 17:29:35,529  WARNING  PortentaReader      send_command('disarm') ignored — port not open
2026-07-06 17:29:35,590  WARNING  PortentaReader      send_command('disarm') ignored — port not open
2026-07-06 17:29:35,650  WARNING  RecordingCore       HEALTH WARNING: LCR silent 57.1s — no new samples (auxiliary; other instruments still recording)
2026-07-06 17:29:35,651  WARNING  PortentaReader      send_command('disarm') ignored — port not open
2026-07-06 17:29:35,713  WARNING  PortentaReader      send_command('disarm') ignored — port not open
2026-07-06 17:29:35,774  WARNING  PortentaReader      send_command('disarm') ignored — port not open
2026-07-06 17:29:35,835  WARNING  PortentaReader      send_command('disarm') ignored — port not open
2026-07-06 17:29:35,897  WARNING  PortentaReader      send_command('disarm') ignored — port not open
2026-07-06 17:29:35,958  WARNING  PortentaReader      send_command('disarm') ignored — port not open
2026-07-06 17:29:36,020  WARNING  PortentaReader      send_command('disarm') ignored — port not open
2026-07-06 17:29:36,083  WARNING  PortentaReader      send_command('disarm') ignored — port not open
2026-07-06 17:29:36,145  WARNING  PortentaReader      send_command('disarm') ignored — port not open
2026-07-06 17:29:36,222  WARNING  PortentaReader      send_command('disarm') ignored — port not open
2026-07-06 17:29:36,269  WARNING  PortentaReader      send_command('disarm') ignored — port not open
2026-07-06 17:29:36,332  WARNING  PortentaReader      send_command('disarm') ignored — port not open
2026-07-06 17:29:36,395  WARNING  PortentaReader      send_command('disarm') ignored — port not open
2026-07-06 17:29:36,471  WARNING  PortentaReader      send_command('disarm') ignored — port not open
2026-07-06 17:29:36,532  WARNING  PortentaReader      send_command('disarm') ignored — port not open
2026-07-06 17:29:36,595  WARNING  PortentaReader      send_command('disarm') ignored — port not open
2026-07-06 17:29:36,656  WARNING  PortentaReader      send_command('disarm') ignored — port not open
2026-07-06 17:29:36,718  WARNING  PortentaReader      send_command('disarm') ignored — port not open
2026-07-06 17:29:36,778  WARNING  PortentaReader      send_command('disarm') ignored — port not open
2026-07-06 17:29:36,839  WARNING  PortentaReader      send_command('disarm') ignored — port not open
2026-07-06 17:29:36,901  WARNING  PortentaReader      send_command('disarm') ignored — port not open
2026-07-06 17:29:36,963  WARNING  PortentaReader      send_command('disarm') ignored — port not open
2026-07-06 17:29:37,024  WARNING  PortentaReader      send_command('disarm') ignored — port not open
2026-07-06 17:29:37,087  WARNING  PortentaReader      send_command('disarm') ignored — port not open
2026-07-06 17:29:37,149  WARNING  PortentaReader      send_command('disarm') ignored — port not open
2026-07-06 17:29:37,211  WARNING  PortentaReader      send_command('disarm') ignored — port not open
2026-07-06 17:29:37,272  WARNING  PortentaReader      send_command('disarm') ignored — port not open
2026-07-06 17:29:37,333  WARNING  PortentaReader      send_command('disarm') ignored — port not open
2026-07-06 17:29:37,394  WARNING  PortentaReader      send_command('disarm') ignored — port not open
2026-07-06 17:29:37,471  WARNING  PortentaReader      send_command('disarm') ignored — port not open
2026-07-06 17:29:37,533  WARNING  PortentaReader      send_command('disarm') ignored — port not open
2026-07-06 17:29:37,597  WARNING  PortentaReader      send_command('disarm') ignored — port not open
2026-07-06 17:29:37,656  WARNING  RecordingCore       HEALTH WARNING: LCR silent 59.1s — no new samples (auxiliary; other instruments still recording)
2026-07-06 17:29:37,658  WARNING  PortentaReader      send_command('disarm') ignored — port not open
2026-07-06 17:29:37,719  WARNING  PortentaReader      send_command('disarm') ignored — port not open
2026-07-06 17:29:37,780  WARNING  PortentaReader      send_command('disarm') ignored — port not open
2026-07-06 17:29:37,842  WARNING  PortentaReader      send_command('disarm') ignored — port not open
2026-07-06 17:29:37,905  WARNING  PortentaReader      send_command('disarm') ignored — port not open
2026-07-06 17:29:37,966  WARNING  PortentaReader      send_command('disarm') ignored — port not open
2026-07-06 17:29:38,026  WARNING  PortentaReader      send_command('disarm') ignored — port not open
2026-07-06 17:29:38,088  WARNING  PortentaReader      send_command('disarm') ignored — port not open
2026-07-06 17:29:38,150  WARNING  PortentaReader      send_command('disarm') ignored — port not open
2026-07-06 17:29:38,212  WARNING  PortentaReader      send_command('disarm') ignored — port not open
2026-07-06 17:29:38,273  WARNING  PortentaReader      send_command('disarm') ignored — port not open
2026-07-06 17:29:38,335  WARNING  PortentaReader      send_command('disarm') ignored — port not open
2026-07-06 17:29:38,395  WARNING  PortentaReader      send_command('disarm') ignored — port not open
2026-07-06 17:29:38,458  WARNING  PortentaReader      send_command('disarm') ignored — port not open
2026-07-06 17:29:38,522  WARNING  PortentaReader      send_command('disarm') ignored — port not open
2026-07-06 17:29:38,584  WARNING  PortentaReader      send_command('disarm') ignored — port not open
2026-07-06 17:29:38,645  WARNING  PortentaReader      send_command('disarm') ignored — port not open
2026-07-06 17:29:38,707  WARNING  PortentaReader      send_command('disarm') ignored — port not open
2026-07-06 17:29:38,783  WARNING  PortentaReader      send_command('disarm') ignored — port not open
2026-07-06 17:29:38,844  WARNING  PortentaReader      send_command('disarm') ignored — port not open
2026-07-06 17:29:38,906  WARNING  PortentaReader      send_command('disarm') ignored — port not open
2026-07-06 17:29:38,967  WARNING  PortentaReader      send_command('disarm') ignored — port not open
2026-07-06 17:29:39,029  WARNING  PortentaReader      send_command('disarm') ignored — port not open
2026-07-06 17:29:39,092  WARNING  PortentaReader      send_command('disarm') ignored — port not open
2026-07-06 17:29:39,153  WARNING  PortentaReader      send_command('disarm') ignored — port not open
2026-07-06 17:29:39,214  WARNING  PortentaReader      send_command('disarm') ignored — port not open
2026-07-06 17:29:39,275  WARNING  PortentaReader      send_command('disarm') ignored — port not open
2026-07-06 17:29:39,337  WARNING  PortentaReader      send_command('disarm') ignored — port not open
2026-07-06 17:29:39,397  WARNING  PortentaReader      send_command('disarm') ignored — port not open
2026-07-06 17:29:39,458  WARNING  PortentaReader      send_command('disarm') ignored — port not open
2026-07-06 17:29:39,519  WARNING  PortentaReader      send_command('disarm') ignored — port not open
2026-07-06 17:29:39,582  WARNING  PortentaReader      send_command('disarm') ignored — port not open
2026-07-06 17:29:39,658  WARNING  RecordingCore       HEALTH WARNING: LCR silent 61.1s — no new samples (auxiliary; other instruments still recording)
2026-07-06 17:29:39,658  WARNING  PortentaReader      send_command('disarm') ignored — port not open
2026-07-06 17:29:39,719  WARNING  PortentaReader      send_command('disarm') ignored — port not open
2026-07-06 17:29:39,781  WARNING  PortentaReader      send_command('disarm') ignored — port not open
2026-07-06 17:29:39,842  WARNING  PortentaReader      send_command('disarm') ignored — port not open
2026-07-06 17:29:39,903  WARNING  PortentaReader      send_command('disarm') ignored — port not open
2026-07-06 17:29:39,965  WARNING  PortentaReader      send_command('disarm') ignored — port not open
2026-07-06 17:29:40,026  WARNING  PortentaReader      send_command('disarm') ignored — port not open
2026-07-06 17:29:40,088  WARNING  PortentaReader      send_command('disarm') ignored — port not open
2026-07-06 17:29:40,149  WARNING  PortentaReader      send_command('disarm') ignored — port not open
2026-07-06 17:29:40,210  WARNING  PortentaReader      send_command('disarm') ignored — port not open
2026-07-06 17:29:40,271  WARNING  PortentaReader      send_command('disarm') ignored — port not open
2026-07-06 17:29:40,331  WARNING  PortentaReader      send_command('disarm') ignored — port not open
2026-07-06 17:29:40,408  WARNING  PortentaReader      send_command('disarm') ignored — port not open
2026-07-06 17:29:40,470  WARNING  PortentaReader      send_command('disarm') ignored — port not open
2026-07-06 17:29:40,532  WARNING  PortentaReader      send_command('disarm') ignored — port not open
2026-07-06 17:29:40,595  WARNING  PortentaReader      send_command('disarm') ignored — port not open
2026-07-06 17:29:40,655  WARNING  PortentaReader      send_command('disarm') ignored — port not open
2026-07-06 17:29:40,717  WARNING  PortentaReader      send_command('disarm') ignored — port not open
2026-07-06 17:29:40,778  WARNING  PortentaReader      send_command('disarm') ignored — port not open
2026-07-06 17:29:40,840  WARNING  PortentaReader      send_command('disarm') ignored — port not open
2026-07-06 17:29:40,902  WARNING  PortentaReader      send_command('disarm') ignored — port not open
2026-07-06 17:29:40,962  WARNING  PortentaReader      send_command('disarm') ignored — port not open
2026-07-06 17:29:41,024  WARNING  PortentaReader      send_command('disarm') ignored — port not open
2026-07-06 17:29:41,086  WARNING  PortentaReader      send_command('disarm') ignored — port not open
2026-07-06 17:29:41,147  WARNING  PortentaReader      send_command('disarm') ignored — port not open
2026-07-06 17:29:41,208  WARNING  PortentaReader      send_command('disarm') ignored — port not open
2026-07-06 17:29:41,270  WARNING  PortentaReader      send_command('disarm') ignored — port not open
2026-07-06 17:29:41,346  WARNING  PortentaReader      send_command('disarm') ignored — port not open
2026-07-06 17:29:41,408  WARNING  PortentaReader      send_command('disarm') ignored — port not open
2026-07-06 17:29:41,468  WARNING  PortentaReader      send_command('disarm') ignored — port not open
2026-07-06 17:29:41,529  WARNING  PortentaReader      send_command('disarm') ignored — port not open
2026-07-06 17:29:41,592  WARNING  PortentaReader      send_command('disarm') ignored — port not open
2026-07-06 17:29:41,653  WARNING  RecordingCore       HEALTH WARNING: LCR silent 63.1s — no new samples (auxiliary; other instruments still recording)
2026-07-06 17:29:41,654  WARNING  PortentaReader      send_command('disarm') ignored — port not open
2026-07-06 17:29:41,716  WARNING  PortentaReader      send_command('disarm') ignored — port not open
2026-07-06 17:29:41,777  WARNING  PortentaReader      send_command('disarm') ignored — port not open
2026-07-06 17:29:41,839  WARNING  PortentaReader      send_command('disarm') ignored — port not open
2026-07-06 17:29:41,900  WARNING  PortentaReader      send_command('disarm') ignored — port not open
2026-07-06 17:29:41,961  WARNING  PortentaReader      send_command('disarm') ignored — port not open
2026-07-06 17:29:42,021  WARNING  PortentaReader      send_command('disarm') ignored — port not open
2026-07-06 17:29:42,084  WARNING  PortentaReader      send_command('disarm') ignored — port not open
2026-07-06 17:29:42,144  WARNING  PortentaReader      send_command('disarm') ignored — port not open
2026-07-06 17:29:42,221  WARNING  PortentaReader      send_command('disarm') ignored — port not open
2026-07-06 17:29:42,282  WARNING  PortentaReader      send_command('disarm') ignored — port not open
2026-07-06 17:29:42,342  WARNING  PortentaReader      send_command('disarm') ignored — port not open
2026-07-06 17:29:42,404  WARNING  PortentaReader      send_command('disarm') ignored — port not open
2026-07-06 17:29:42,466  WARNING  PortentaReader      send_command('disarm') ignored — port not open
2026-07-06 17:29:42,528  WARNING  PortentaReader      send_command('disarm') ignored — port not open
2026-07-06 17:29:42,589  WARNING  PortentaReader      send_command('disarm') ignored — port not open
2026-07-06 17:29:42,650  WARNING  PortentaReader      send_command('disarm') ignored — port not open
2026-07-06 17:29:42,711  WARNING  PortentaReader      send_command('disarm') ignored — port not open
2026-07-06 17:29:42,772  WARNING  PortentaReader      send_command('disarm') ignored — port not open
2026-07-06 17:29:42,834  WARNING  PortentaReader      send_command('disarm') ignored — port not open
2026-07-06 17:29:42,895  WARNING  PortentaReader      send_command('disarm') ignored — port not open
2026-07-06 17:29:42,957  WARNING  PortentaReader      send_command('disarm') ignored — port not open
2026-07-06 17:29:43,019  WARNING  PortentaReader      send_command('disarm') ignored — port not open
2026-07-06 17:29:43,096  WARNING  PortentaReader      send_command('disarm') ignored — port not open
2026-07-06 17:29:43,157  WARNING  PortentaReader      send_command('disarm') ignored — port not open
2026-07-06 17:29:43,219  WARNING  PortentaReader      send_command('disarm') ignored — port not open
2026-07-06 17:29:43,279  WARNING  PortentaReader      send_command('disarm') ignored — port not open
2026-07-06 17:29:43,342  WARNING  PortentaReader      send_command('disarm') ignored — port not open
2026-07-06 17:29:43,403  WARNING  PortentaReader      send_command('disarm') ignored — port not open
2026-07-06 17:29:43,464  WARNING  PortentaReader      send_command('disarm') ignored — port not open
2026-07-06 17:29:43,525  WARNING  PortentaReader      send_command('disarm') ignored — port not open
2026-07-06 17:29:43,586  WARNING  PortentaReader      send_command('disarm') ignored — port not open
2026-07-06 17:29:43,647  WARNING  RecordingCore       HEALTH WARNING: LCR silent 65.1s — no new samples (auxiliary; other instruments still recording)
2026-07-06 17:29:43,648  WARNING  PortentaReader      send_command('disarm') ignored — port not open
2026-07-06 17:29:43,708  WARNING  PortentaReader      send_command('disarm') ignored — port not open
2026-07-06 17:29:43,770  WARNING  PortentaReader      send_command('disarm') ignored — port not open
2026-07-06 17:29:43,831  WARNING  PortentaReader      send_command('disarm') ignored — port not open
2026-07-06 17:29:43,906  WARNING  PortentaReader      send_command('disarm') ignored — port not open
2026-07-06 17:29:43,967  WARNING  PortentaReader      send_command('disarm') ignored — port not open
2026-07-06 17:29:44,029  WARNING  PortentaReader      send_command('disarm') ignored — port not open
2026-07-06 17:29:44,092  WARNING  PortentaReader      send_command('disarm') ignored — port not open
2026-07-06 17:29:44,152  WARNING  PortentaReader      send_command('disarm') ignored — port not open
2026-07-06 17:29:44,214  WARNING  PortentaReader      send_command('disarm') ignored — port not open
2026-07-06 17:29:44,275  WARNING  PortentaReader      send_command('disarm') ignored — port not open
2026-07-06 17:29:44,336  WARNING  PortentaReader      send_command('disarm') ignored — port not open
2026-07-06 17:29:44,398  WARNING  PortentaReader      send_command('disarm') ignored — port not open
2026-07-06 17:29:44,460  WARNING  PortentaReader      send_command('disarm') ignored — port not open
2026-07-06 17:29:44,521  WARNING  PortentaReader      send_command('disarm') ignored — port not open
2026-07-06 17:29:44,582  WARNING  PortentaReader      send_command('disarm') ignored — port not open
2026-07-06 17:29:44,658  WARNING  PortentaReader      send_command('disarm') ignored — port not open
2026-07-06 17:29:44,720  WARNING  PortentaReader      send_command('disarm') ignored — port not open
2026-07-06 17:29:44,781  WARNING  PortentaReader      send_command('disarm') ignored — port not open
2026-07-06 17:29:44,843  WARNING  PortentaReader      send_command('disarm') ignored — port not open
2026-07-06 17:29:44,903  WARNING  PortentaReader      send_command('disarm') ignored — port not open
2026-07-06 17:29:44,964  WARNING  PortentaReader      send_command('disarm') ignored — port not open
2026-07-06 17:29:45,025  WARNING  PortentaReader      send_command('disarm') ignored — port not open
2026-07-06 17:29:45,085  WARNING  PortentaReader      send_command('disarm') ignored — port not open
2026-07-06 17:29:45,148  WARNING  PortentaReader      send_command('disarm') ignored — port not open
2026-07-06 17:29:45,210  WARNING  PortentaReader      send_command('disarm') ignored — port not open
2026-07-06 17:29:45,271  WARNING  PortentaReader      send_command('disarm') ignored — port not open
2026-07-06 17:29:45,332  WARNING  PortentaReader      send_command('disarm') ignored — port not open
2026-07-06 17:29:45,409  WARNING  PortentaReader      send_command('disarm') ignored — port not open
2026-07-06 17:29:45,470  WARNING  PortentaReader      send_command('disarm') ignored — port not open
2026-07-06 17:29:45,530  WARNING  PortentaReader      send_command('disarm') ignored — port not open
2026-07-06 17:29:45,593  WARNING  PortentaReader      send_command('disarm') ignored — port not open
2026-07-06 17:29:45,652  WARNING  RecordingCore       HEALTH WARNING: LCR silent 67.1s — no new samples (auxiliary; other instruments still recording)
2026-07-06 17:29:45,654  WARNING  PortentaReader      send_command('disarm') ignored — port not open
2026-07-06 17:29:45,714  WARNING  PortentaReader      send_command('disarm') ignored — port not open
2026-07-06 17:29:45,775  WARNING  PortentaReader      send_command('disarm') ignored — port not open
2026-07-06 17:29:45,837  WARNING  PortentaReader      send_command('disarm') ignored — port not open
2026-07-06 17:29:45,900  WARNING  PortentaReader      send_command('disarm') ignored — port not open
2026-07-06 17:29:45,962  WARNING  PortentaReader      send_command('disarm') ignored — port not open
2026-07-06 17:29:46,023  WARNING  PortentaReader      send_command('disarm') ignored — port not open
2026-07-06 17:29:46,085  WARNING  PortentaReader      send_command('disarm') ignored — port not open
2026-07-06 17:29:46,146  WARNING  PortentaReader      send_command('disarm') ignored — port not open
2026-07-06 17:29:46,207  WARNING  PortentaReader      send_command('disarm') ignored — port not open
2026-07-06 17:29:46,282  WARNING  PortentaReader      send_command('disarm') ignored — port not open
2026-07-06 17:29:46,345  WARNING  PortentaReader      send_command('disarm') ignored — port not open
2026-07-06 17:29:46,406  WARNING  PortentaReader      send_command('disarm') ignored — port not open
2026-07-06 17:29:46,468  WARNING  PortentaReader      send_command('disarm') ignored — port not open
2026-07-06 17:29:46,530  WARNING  PortentaReader      send_command('disarm') ignored — port not open
2026-07-06 17:29:46,593  WARNING  PortentaReader      send_command('disarm') ignored — port not open
2026-07-06 17:29:46,655  WARNING  PortentaReader      send_command('disarm') ignored — port not open
2026-07-06 17:29:46,716  WARNING  PortentaReader      send_command('disarm') ignored — port not open
2026-07-06 17:29:46,777  WARNING  PortentaReader      send_command('disarm') ignored — port not open
2026-07-06 17:29:46,838  WARNING  PortentaReader      send_command('disarm') ignored — port not open
2026-07-06 17:29:46,899  WARNING  PortentaReader      send_command('disarm') ignored — port not open
2026-07-06 17:29:46,960  WARNING  PortentaReader      send_command('disarm') ignored — port not open
2026-07-06 17:29:47,021  WARNING  PortentaReader      send_command('disarm') ignored — port not open
2026-07-06 17:29:47,083  WARNING  PortentaReader      send_command('disarm') ignored — port not open
2026-07-06 17:29:47,144  WARNING  PortentaReader      send_command('disarm') ignored — port not open
2026-07-06 17:29:47,220  WARNING  PortentaReader      send_command('disarm') ignored — port not open
2026-07-06 17:29:47,282  WARNING  PortentaReader      send_command('disarm') ignored — port not open
2026-07-06 17:29:47,342  WARNING  PortentaReader      send_command('disarm') ignored — port not open
2026-07-06 17:29:47,404  WARNING  PortentaReader      send_command('disarm') ignored — port not open
2026-07-06 17:29:47,466  WARNING  PortentaReader      send_command('disarm') ignored — port not open
2026-07-06 17:29:47,526  WARNING  PortentaReader      send_command('disarm') ignored — port not open
2026-07-06 17:29:47,588  WARNING  PortentaReader      send_command('disarm') ignored — port not open
2026-07-06 17:29:47,648  WARNING  RecordingCore       HEALTH WARNING: LCR silent 69.1s — no new samples (auxiliary; other instruments still recording)
2026-07-06 17:29:47,649  WARNING  PortentaReader      send_command('disarm') ignored — port not open
2026-07-06 17:29:47,710  WARNING  PortentaReader      send_command('disarm') ignored — port not open
2026-07-06 17:29:47,771  WARNING  PortentaReader      send_command('disarm') ignored — port not open
2026-07-06 17:29:47,832  WARNING  PortentaReader      send_command('disarm') ignored — port not open
2026-07-06 17:29:47,894  WARNING  PortentaReader      send_command('disarm') ignored — port not open
2026-07-06 17:29:47,971  WARNING  PortentaReader      send_command('disarm') ignored — port not open
2026-07-06 17:29:48,033  WARNING  PortentaReader      send_command('disarm') ignored — port not open
2026-07-06 17:29:48,095  WARNING  PortentaReader      send_command('disarm') ignored — port not open
2026-07-06 17:29:48,154  WARNING  PortentaReader      send_command('disarm') ignored — port not open
2026-07-06 17:29:48,217  WARNING  PortentaReader      send_command('disarm') ignored — port not open
2026-07-06 17:29:48,279  WARNING  PortentaReader      send_command('disarm') ignored — port not open
2026-07-06 17:29:48,341  WARNING  PortentaReader      send_command('disarm') ignored — port not open
2026-07-06 17:29:48,403  WARNING  PortentaReader      send_command('disarm') ignored — port not open
2026-07-06 17:29:48,464  WARNING  PortentaReader      send_command('disarm') ignored — port not open
2026-07-06 17:29:48,526  WARNING  PortentaReader      send_command('disarm') ignored — port not open
2026-07-06 17:29:48,586  WARNING  PortentaReader      send_command('disarm') ignored — port not open
2026-07-06 17:29:48,647  WARNING  PortentaReader      send_command('disarm') ignored — port not open
2026-07-06 17:29:48,709  WARNING  PortentaReader      send_command('disarm') ignored — port not open
2026-07-06 17:29:48,771  WARNING  PortentaReader      send_command('disarm') ignored — port not open
2026-07-06 17:29:48,833  WARNING  PortentaReader      send_command('disarm') ignored — port not open
2026-07-06 17:29:48,908  WARNING  PortentaReader      send_command('disarm') ignored — port not open
2026-07-06 17:29:48,972  WARNING  PortentaReader      send_command('disarm') ignored — port not open
2026-07-06 17:29:49,033  WARNING  PortentaReader      send_command('disarm') ignored — port not open
2026-07-06 17:29:49,094  WARNING  PortentaReader      send_command('disarm') ignored — port not open
2026-07-06 17:29:49,156  WARNING  PortentaReader      send_command('disarm') ignored — port not open
2026-07-06 17:29:49,217  WARNING  PortentaReader      send_command('disarm') ignored — port not open
2026-07-06 17:29:49,277  WARNING  PortentaReader      send_command('disarm') ignored — port not open
2026-07-06 17:29:49,339  WARNING  PortentaReader      send_command('disarm') ignored — port not open
2026-07-06 17:29:49,401  WARNING  PortentaReader      send_command('disarm') ignored — port not open
2026-07-06 17:29:49,463  WARNING  PortentaReader      send_command('disarm') ignored — port not open
2026-07-06 17:29:49,524  WARNING  PortentaReader      send_command('disarm') ignored — port not open
2026-07-06 17:29:49,585  WARNING  PortentaReader      send_command('disarm') ignored — port not open
2026-07-06 17:29:49,648  WARNING  RecordingCore       HEALTH WARNING: LCR silent 71.1s — no new samples (auxiliary; other instruments still recording)
2026-07-06 17:29:49,649  WARNING  PortentaReader      send_command('disarm') ignored — port not open
2026-07-06 17:29:49,710  WARNING  PortentaReader      send_command('disarm') ignored — port not open
2026-07-06 17:29:49,771  WARNING  PortentaReader      send_command('disarm') ignored — port not open
2026-07-06 17:29:49,833  WARNING  PortentaReader      send_command('disarm') ignored — port not open
2026-07-06 17:29:49,895  WARNING  PortentaReader      send_command('disarm') ignored — port not open
2026-07-06 17:29:49,957  WARNING  PortentaReader      send_command('disarm') ignored — port not open
2026-07-06 17:29:50,033  WARNING  PortentaReader      send_command('disarm') ignored — port not open
2026-07-06 17:29:50,094  WARNING  PortentaReader      send_command('disarm') ignored — port not open
2026-07-06 17:29:50,156  WARNING  PortentaReader      send_command('disarm') ignored — port not open
2026-07-06 17:29:50,217  WARNING  PortentaReader      send_command('disarm') ignored — port not open
2026-07-06 17:29:50,278  WARNING  PortentaReader      send_command('disarm') ignored — port not open
2026-07-06 17:29:50,339  WARNING  PortentaReader      send_command('disarm') ignored — port not open
2026-07-06 17:29:50,400  WARNING  PortentaReader      send_command('disarm') ignored — port not open
2026-07-06 17:29:50,463  WARNING  PortentaReader      send_command('disarm') ignored — port not open
2026-07-06 17:29:50,524  WARNING  PortentaReader      send_command('disarm') ignored — port not open
2026-07-06 17:29:50,585  WARNING  PortentaReader      send_command('disarm') ignored — port not open
2026-07-06 17:29:50,647  WARNING  PortentaReader      send_command('disarm') ignored — port not open
2026-07-06 17:29:50,708  WARNING  PortentaReader      send_command('disarm') ignored — port not open
2026-07-06 17:29:50,770  WARNING  PortentaReader      send_command('disarm') ignored — port not open
2026-07-06 17:29:50,845  WARNING  PortentaReader      send_command('disarm') ignored — port not open
2026-07-06 17:29:50,908  WARNING  PortentaReader      send_command('disarm') ignored — port not open
2026-07-06 17:29:50,969  WARNING  PortentaReader      send_command('disarm') ignored — port not open
2026-07-06 17:29:51,030  WARNING  PortentaReader      send_command('disarm') ignored — port not open
2026-07-06 17:29:51,092  WARNING  PortentaReader      send_command('disarm') ignored — port not open
2026-07-06 17:29:51,153  WARNING  PortentaReader      send_command('disarm') ignored — port not open
2026-07-06 17:29:51,215  WARNING  PortentaReader      send_command('disarm') ignored — port not open
2026-07-06 17:29:51,276  WARNING  PortentaReader      send_command('disarm') ignored — port not open
2026-07-06 17:29:51,337  WARNING  PortentaReader      send_command('disarm') ignored — port not open
2026-07-06 17:29:51,399  WARNING  PortentaReader      send_command('disarm') ignored — port not open
2026-07-06 17:29:51,459  WARNING  PortentaReader      send_command('disarm') ignored — port not open
2026-07-06 17:29:51,521  WARNING  PortentaReader      send_command('disarm') ignored — port not open
2026-07-06 17:29:51,583  WARNING  PortentaReader      send_command('disarm') ignored — port not open
2026-07-06 17:29:51,646  WARNING  RecordingCore       HEALTH WARNING: LCR silent 73.1s — no new samples (auxiliary; other instruments still recording)
2026-07-06 17:29:51,646  WARNING  PortentaReader      send_command('disarm') ignored — port not open
2026-07-06 17:29:51,708  WARNING  PortentaReader      send_command('disarm') ignored — port not open
2026-07-06 17:29:51,769  WARNING  PortentaReader      send_command('disarm') ignored — port not open
2026-07-06 17:29:51,845  WARNING  PortentaReader      send_command('disarm') ignored — port not open
2026-07-06 17:29:51,906  WARNING  PortentaReader      send_command('disarm') ignored — port not open
2026-07-06 17:29:51,967  WARNING  PortentaReader      send_command('disarm') ignored — port not open
2026-07-06 17:29:52,028  WARNING  PortentaReader      send_command('disarm') ignored — port not open
2026-07-06 17:29:52,090  WARNING  PortentaReader      send_command('disarm') ignored — port not open
2026-07-06 17:29:52,150  WARNING  PortentaReader      send_command('disarm') ignored — port not open
2026-07-06 17:29:52,212  WARNING  PortentaReader      send_command('disarm') ignored — port not open
2026-07-06 17:29:52,273  WARNING  PortentaReader      send_command('disarm') ignored — port not open
2026-07-06 17:29:52,334  WARNING  PortentaReader      send_command('disarm') ignored — port not open
2026-07-06 17:29:52,395  WARNING  PortentaReader      send_command('disarm') ignored — port not open
2026-07-06 17:29:52,456  WARNING  PortentaReader      send_command('disarm') ignored — port not open
2026-07-06 17:29:52,534  WARNING  PortentaReader      send_command('disarm') ignored — port not open
2026-07-06 17:29:52,596  WARNING  PortentaReader      send_command('disarm') ignored — port not open
2026-07-06 17:29:52,657  WARNING  PortentaReader      send_command('disarm') ignored — port not open
2026-07-06 17:29:52,718  WARNING  PortentaReader      send_command('disarm') ignored — port not open
2026-07-06 17:29:52,780  WARNING  PortentaReader      send_command('disarm') ignored — port not open
2026-07-06 17:29:52,840  WARNING  PortentaReader      send_command('disarm') ignored — port not open
2026-07-06 17:29:52,902  WARNING  PortentaReader      send_command('disarm') ignored — port not open
2026-07-06 17:29:52,965  WARNING  PortentaReader      send_command('disarm') ignored — port not open
2026-07-06 17:29:53,027  WARNING  PortentaReader      send_command('disarm') ignored — port not open
2026-07-06 17:29:53,089  WARNING  PortentaReader      send_command('disarm') ignored — port not open
2026-07-06 17:29:53,149  WARNING  PortentaReader      send_command('disarm') ignored — port not open
2026-07-06 17:29:53,212  WARNING  PortentaReader      send_command('disarm') ignored — port not open
2026-07-06 17:29:53,272  WARNING  PortentaReader      send_command('disarm') ignored — port not open
2026-07-06 17:29:53,333  WARNING  PortentaReader      send_command('disarm') ignored — port not open
2026-07-06 17:29:53,395  WARNING  PortentaReader      send_command('disarm') ignored — port not open
2026-07-06 17:29:53,456  WARNING  PortentaReader      send_command('disarm') ignored — port not open
2026-07-06 17:29:53,533  WARNING  PortentaReader      send_command('disarm') ignored — port not open
2026-07-06 17:29:53,596  WARNING  PortentaReader      send_command('disarm') ignored — port not open
2026-07-06 17:29:53,656  WARNING  RecordingCore       HEALTH WARNING: LCR silent 75.1s — no new samples (auxiliary; other instruments still recording)
2026-07-06 17:29:53,657  WARNING  PortentaReader      send_command('disarm') ignored — port not open
2026-07-06 17:29:53,717  WARNING  PortentaReader      send_command('disarm') ignored — port not open
2026-07-06 17:29:53,779  WARNING  PortentaReader      send_command('disarm') ignored — port not open
2026-07-06 17:29:53,841  WARNING  PortentaReader      send_command('disarm') ignored — port not open
2026-07-06 17:29:53,904  WARNING  PortentaReader      send_command('disarm') ignored — port not open
2026-07-06 17:29:53,964  WARNING  PortentaReader      send_command('disarm') ignored — port not open
2026-07-06 17:29:54,026  WARNING  PortentaReader      send_command('disarm') ignored — port not open
2026-07-06 17:29:54,089  WARNING  PortentaReader      send_command('disarm') ignored — port not open
2026-07-06 17:29:54,149  WARNING  PortentaReader      send_command('disarm') ignored — port not open
2026-07-06 17:29:54,211  WARNING  PortentaReader      send_command('disarm') ignored — port not open
2026-07-06 17:29:54,272  WARNING  PortentaReader      send_command('disarm') ignored — port not open
2026-07-06 17:29:54,333  WARNING  PortentaReader      send_command('disarm') ignored — port not open
2026-07-06 17:29:54,394  WARNING  PortentaReader      send_command('disarm') ignored — port not open
2026-07-06 17:29:54,456  WARNING  PortentaReader      send_command('disarm') ignored — port not open
2026-07-06 17:29:54,533  WARNING  PortentaReader      send_command('disarm') ignored — port not open
2026-07-06 17:29:54,595  WARNING  PortentaReader      send_command('disarm') ignored — port not open
2026-07-06 17:29:54,657  WARNING  PortentaReader      send_command('disarm') ignored — port not open
2026-07-06 17:29:54,717  WARNING  PortentaReader      send_command('disarm') ignored — port not open
2026-07-06 17:29:54,778  WARNING  PortentaReader      send_command('disarm') ignored — port not open
2026-07-06 17:29:54,840  WARNING  PortentaReader      send_command('disarm') ignored — port not open
2026-07-06 17:29:54,902  WARNING  PortentaReader      send_command('disarm') ignored — port not open
2026-07-06 17:29:54,962  WARNING  PortentaReader      send_command('disarm') ignored — port not open
2026-07-06 17:29:55,023  WARNING  PortentaReader      send_command('disarm') ignored — port not open
2026-07-06 17:29:55,086  WARNING  PortentaReader      send_command('disarm') ignored — port not open
2026-07-06 17:29:55,147  WARNING  PortentaReader      send_command('disarm') ignored — port not open
2026-07-06 17:29:55,209  WARNING  PortentaReader      send_command('disarm') ignored — port not open
2026-07-06 17:29:55,270  WARNING  PortentaReader      send_command('disarm') ignored — port not open
2026-07-06 17:29:55,347  WARNING  PortentaReader      send_command('disarm') ignored — port not open
2026-07-06 17:29:55,409  WARNING  PortentaReader      send_command('disarm') ignored — port not open
2026-07-06 17:29:55,470  WARNING  PortentaReader      send_command('disarm') ignored — port not open
2026-07-06 17:29:55,531  WARNING  PortentaReader      send_command('disarm') ignored — port not open
2026-07-06 17:29:55,591  WARNING  PortentaReader      send_command('disarm') ignored — port not open
2026-07-06 17:29:55,652  WARNING  RecordingCore       HEALTH WARNING: LCR silent 77.1s — no new samples (auxiliary; other instruments still recording)
2026-07-06 17:29:55,653  WARNING  PortentaReader      send_command('disarm') ignored — port not open
2026-07-06 17:29:55,714  WARNING  PortentaReader      send_command('disarm') ignored — port not open
2026-07-06 17:29:55,777  WARNING  PortentaReader      send_command('disarm') ignored — port not open
2026-07-06 17:29:55,837  WARNING  PortentaReader      send_command('disarm') ignored — port not open
2026-07-06 17:29:55,898  WARNING  PortentaReader      send_command('disarm') ignored — port not open
2026-07-06 17:29:55,960  WARNING  PortentaReader      send_command('disarm') ignored — port not open
2026-07-06 17:29:56,020  WARNING  PortentaReader      send_command('disarm') ignored — port not open
2026-07-06 17:29:56,083  WARNING  PortentaReader      send_command('disarm') ignored — port not open
2026-07-06 17:29:56,159  WARNING  PortentaReader      send_command('disarm') ignored — port not open
2026-07-06 17:29:56,207  WARNING  PortentaReader      send_command('disarm') ignored — port not open
2026-07-06 17:29:56,269  WARNING  PortentaReader      send_command('disarm') ignored — port not open
2026-07-06 17:29:56,343  WARNING  PortentaReader      send_command('disarm') ignored — port not open
2026-07-06 17:29:56,403  WARNING  PortentaReader      send_command('disarm') ignored — port not open
2026-07-06 17:29:56,464  WARNING  PortentaReader      send_command('disarm') ignored — port not open
2026-07-06 17:29:56,525  WARNING  PortentaReader      send_command('disarm') ignored — port not open
2026-07-06 17:29:56,586  WARNING  PortentaReader      send_command('disarm') ignored — port not open
2026-07-06 17:29:56,646  WARNING  PortentaReader      send_command('disarm') ignored — port not open
2026-07-06 17:29:56,707  WARNING  PortentaReader      send_command('disarm') ignored — port not open
2026-07-06 17:29:56,784  WARNING  PortentaReader      send_command('disarm') ignored — port not open
2026-07-06 17:29:56,832  WARNING  PortentaReader      send_command('disarm') ignored — port not open
2026-07-06 17:29:56,907  WARNING  PortentaReader      send_command('disarm') ignored — port not open
2026-07-06 17:29:56,969  WARNING  PortentaReader      send_command('disarm') ignored — port not open
2026-07-06 17:29:57,030  WARNING  PortentaReader      send_command('disarm') ignored — port not open
2026-07-06 17:29:57,092  WARNING  PortentaReader      send_command('disarm') ignored — port not open
2026-07-06 17:29:57,154  WARNING  PortentaReader      send_command('disarm') ignored — port not open
2026-07-06 17:29:57,216  WARNING  PortentaReader      send_command('disarm') ignored — port not open
2026-07-06 17:29:57,278  WARNING  PortentaReader      send_command('disarm') ignored — port not open
2026-07-06 17:29:57,340  WARNING  PortentaReader      send_command('disarm') ignored — port not open
2026-07-06 17:29:57,401  WARNING  PortentaReader      send_command('disarm') ignored — port not open
2026-07-06 17:29:57,461  WARNING  PortentaReader      send_command('disarm') ignored — port not open
2026-07-06 17:29:57,523  WARNING  PortentaReader      send_command('disarm') ignored — port not open
2026-07-06 17:29:57,586  WARNING  PortentaReader      send_command('disarm') ignored — port not open
2026-07-06 17:29:57,645  WARNING  RecordingCore       HEALTH WARNING: LCR silent 79.1s — no new samples (auxiliary; other instruments still recording)
2026-07-06 17:29:57,646  WARNING  PortentaReader      send_command('disarm') ignored — port not open
2026-07-06 17:29:57,708  WARNING  PortentaReader      send_command('disarm') ignored — port not open
2026-07-06 17:29:57,769  WARNING  PortentaReader      send_command('disarm') ignored — port not open
2026-07-06 17:29:57,831  WARNING  PortentaReader      send_command('disarm') ignored — port not open
2026-07-06 17:29:57,907  WARNING  PortentaReader      send_command('disarm') ignored — port not open
2026-07-06 17:29:57,968  WARNING  PortentaReader      send_command('disarm') ignored — port not open
2026-07-06 17:29:58,029  WARNING  PortentaReader      send_command('disarm') ignored — port not open
2026-07-06 17:29:58,089  WARNING  PortentaReader      send_command('disarm') ignored — port not open
2026-07-06 17:29:58,151  WARNING  PortentaReader      send_command('disarm') ignored — port not open
2026-07-06 17:29:58,212  WARNING  PortentaReader      send_command('disarm') ignored — port not open
2026-07-06 17:29:58,274  WARNING  PortentaReader      send_command('disarm') ignored — port not open
2026-07-06 17:29:58,336  WARNING  PortentaReader      send_command('disarm') ignored — port not open
2026-07-06 17:29:58,397  WARNING  PortentaReader      send_command('disarm') ignored — port not open
2026-07-06 17:29:58,458  WARNING  PortentaReader      send_command('disarm') ignored — port not open
2026-07-06 17:29:58,520  WARNING  PortentaReader      send_command('disarm') ignored — port not open
2026-07-06 17:29:58,595  WARNING  PortentaReader      send_command('disarm') ignored — port not open
2026-07-06 17:29:58,657  WARNING  PortentaReader      send_command('disarm') ignored — port not open
2026-07-06 17:29:58,718  WARNING  PortentaReader      send_command('disarm') ignored — port not open
2026-07-06 17:29:58,780  WARNING  PortentaReader      send_command('disarm') ignored — port not open
2026-07-06 17:29:58,841  WARNING  PortentaReader      send_command('disarm') ignored — port not open
2026-07-06 17:29:58,903  WARNING  PortentaReader      send_command('disarm') ignored — port not open
2026-07-06 17:29:58,963  WARNING  PortentaReader      send_command('disarm') ignored — port not open
2026-07-06 17:29:59,024  WARNING  PortentaReader      send_command('disarm') ignored — port not open
2026-07-06 17:29:59,087  WARNING  PortentaReader      send_command('disarm') ignored — port not open
2026-07-06 17:29:59,148  WARNING  PortentaReader      send_command('disarm') ignored — port not open
2026-07-06 17:29:59,209  WARNING  PortentaReader      send_command('disarm') ignored — port not open
2026-07-06 17:29:59,270  WARNING  PortentaReader      send_command('disarm') ignored — port not open
2026-07-06 17:29:59,332  WARNING  PortentaReader      send_command('disarm') ignored — port not open
2026-07-06 17:29:59,394  WARNING  PortentaReader      send_command('disarm') ignored — port not open
2026-07-06 17:29:59,458  WARNING  PortentaReader      send_command('disarm') ignored — port not open
2026-07-06 17:29:59,532  WARNING  PortentaReader      send_command('disarm') ignored — port not open
2026-07-06 17:29:59,595  WARNING  PortentaReader      send_command('disarm') ignored — port not open
2026-07-06 17:29:59,656  WARNING  RecordingCore       HEALTH WARNING: LCR silent 81.1s — no new samples (auxiliary; other instruments still recording)
2026-07-06 17:29:59,656  WARNING  PortentaReader      send_command('disarm') ignored — port not open
2026-07-06 17:29:59,717  WARNING  PortentaReader      send_command('disarm') ignored — port not open
2026-07-06 17:29:59,779  WARNING  PortentaReader      send_command('disarm') ignored — port not open
2026-07-06 17:29:59,839  WARNING  PortentaReader      send_command('disarm') ignored — port not open
2026-07-06 17:29:59,901  WARNING  PortentaReader      send_command('disarm') ignored — port not open
2026-07-06 17:29:59,963  WARNING  PortentaReader      send_command('disarm') ignored — port not open
2026-07-06 17:30:00,023  WARNING  PortentaReader      send_command('disarm') ignored — port not open
2026-07-06 17:30:00,086  WARNING  PortentaReader      send_command('disarm') ignored — port not open
2026-07-06 17:30:00,147  WARNING  PortentaReader      send_command('disarm') ignored — port not open
2026-07-06 17:30:00,208  WARNING  PortentaReader      send_command('disarm') ignored — port not open
2026-07-06 17:30:00,270  WARNING  PortentaReader      send_command('disarm') ignored — port not open
2026-07-06 17:30:00,332  WARNING  PortentaReader      send_command('disarm') ignored — port not open
2026-07-06 17:30:00,407  WARNING  PortentaReader      send_command('disarm') ignored — port not open
2026-07-06 17:30:00,469  WARNING  PortentaReader      send_command('disarm') ignored — port not open
2026-07-06 17:30:00,530  WARNING  PortentaReader      send_command('disarm') ignored — port not open
2026-07-06 17:30:00,592  WARNING  PortentaReader      send_command('disarm') ignored — port not open
2026-07-06 17:30:00,653  WARNING  PortentaReader      send_command('disarm') ignored — port not open
2026-07-06 17:30:00,716  WARNING  PortentaReader      send_command('disarm') ignored — port not open
2026-07-06 17:30:00,778  WARNING  PortentaReader      send_command('disarm') ignored — port not open
2026-07-06 17:30:00,838  WARNING  PortentaReader      send_command('disarm') ignored — port not open
2026-07-06 17:30:00,898  WARNING  PortentaReader      send_command('disarm') ignored — port not open
2026-07-06 17:30:00,960  WARNING  PortentaReader      send_command('disarm') ignored — port not open
2026-07-06 17:30:01,023  WARNING  PortentaReader      send_command('disarm') ignored — port not open
2026-07-06 17:30:01,084  WARNING  PortentaReader      send_command('disarm') ignored — port not open
2026-07-06 17:30:01,145  WARNING  PortentaReader      send_command('disarm') ignored — port not open
2026-07-06 17:30:01,208  WARNING  PortentaReader      send_command('disarm') ignored — port not open
2026-07-06 17:30:01,270  WARNING  PortentaReader      send_command('disarm') ignored — port not open
2026-07-06 17:30:01,346  WARNING  PortentaReader      send_command('disarm') ignored — port not open
2026-07-06 17:30:01,408  WARNING  PortentaReader      send_command('disarm') ignored — port not open
2026-07-06 17:30:01,470  WARNING  PortentaReader      send_command('disarm') ignored — port not open
2026-07-06 17:30:01,531  WARNING  PortentaReader      send_command('disarm') ignored — port not open
2026-07-06 17:30:01,593  WARNING  PortentaReader      send_command('disarm') ignored — port not open
2026-07-06 17:30:01,653  WARNING  RecordingCore       HEALTH WARNING: LCR silent 83.1s — no new samples (auxiliary; other instruments still recording)
2026-07-06 17:30:01,654  WARNING  PortentaReader      send_command('disarm') ignored — port not open
2026-07-06 17:30:01,716  WARNING  PortentaReader      send_command('disarm') ignored — port not open
2026-07-06 17:30:01,777  WARNING  PortentaReader      send_command('disarm') ignored — port not open
2026-07-06 17:30:01,838  WARNING  PortentaReader      send_command('disarm') ignored — port not open
2026-07-06 17:30:01,900  WARNING  PortentaReader      send_command('disarm') ignored — port not open
2026-07-06 17:30:01,961  WARNING  PortentaReader      send_command('disarm') ignored — port not open
2026-07-06 17:30:02,020  WARNING  PortentaReader      send_command('disarm') ignored — port not open
2026-07-06 17:30:02,086  WARNING  PortentaReader      send_command('disarm') ignored — port not open
2026-07-06 17:30:02,147  WARNING  PortentaReader      send_command('disarm') ignored — port not open
2026-07-06 17:30:02,208  WARNING  PortentaReader      send_command('disarm') ignored — port not open
2026-07-06 17:30:02,274  WARNING  PortentaReader      send_command('disarm') ignored — port not open
2026-07-06 17:30:02,334  WARNING  PortentaReader      send_command('disarm') ignored — port not open
2026-07-06 17:30:02,402  WARNING  PortentaReader      send_command('disarm') ignored — port not open
2026-07-06 17:30:02,463  WARNING  PortentaReader      send_command('disarm') ignored — port not open
2026-07-06 17:30:02,519  WARNING  PortentaReader      send_command('disarm') ignored — port not open
2026-07-06 17:30:02,583  WARNING  PortentaReader      send_command('disarm') ignored — port not open
2026-07-06 17:30:02,646  WARNING  PortentaReader      send_command('disarm') ignored — port not open
2026-07-06 17:30:02,710  WARNING  PortentaReader      send_command('disarm') ignored — port not open
2026-07-06 17:30:02,774  WARNING  PortentaReader      send_command('disarm') ignored — port not open
2026-07-06 17:30:02,837  WARNING  PortentaReader      send_command('disarm') ignored — port not open
2026-07-06 17:30:02,898  WARNING  PortentaReader      send_command('disarm') ignored — port not open
2026-07-06 17:30:02,958  WARNING  PortentaReader      send_command('disarm') ignored — port not open
2026-07-06 17:30:03,020  WARNING  PortentaReader      send_command('disarm') ignored — port not open
2026-07-06 17:30:03,083  WARNING  PortentaReader      send_command('disarm') ignored — port not open
2026-07-06 17:30:03,145  WARNING  PortentaReader      send_command('disarm') ignored — port not open
2026-07-06 17:30:03,220  WARNING  PortentaReader      send_command('disarm') ignored — port not open
2026-07-06 17:30:03,280  WARNING  PortentaReader      send_command('disarm') ignored — port not open
2026-07-06 17:30:03,332  WARNING  PortentaReader      send_command('disarm') ignored — port not open
2026-07-06 17:30:03,402  WARNING  PortentaReader      send_command('disarm') ignored — port not open
2026-07-06 17:30:03,463  WARNING  PortentaReader      send_command('disarm') ignored — port not open
2026-07-06 17:30:03,524  WARNING  PortentaReader      send_command('disarm') ignored — port not open
2026-07-06 17:30:03,586  WARNING  PortentaReader      send_command('disarm') ignored — port not open
2026-07-06 17:30:03,646  WARNING  RecordingCore       HEALTH WARNING: LCR silent 85.1s — no new samples (auxiliary; other instruments still recording)
2026-07-06 17:30:03,648  WARNING  PortentaReader      send_command('disarm') ignored — port not open
2026-07-06 17:30:03,708  WARNING  PortentaReader      send_command('disarm') ignored — port not open
2026-07-06 17:30:03,771  WARNING  PortentaReader      send_command('disarm') ignored — port not open
2026-07-06 17:30:03,832  WARNING  PortentaReader      send_command('disarm') ignored — port not open
2026-07-06 17:30:03,894  WARNING  PortentaReader      send_command('disarm') ignored — port not open
2026-07-06 17:30:03,971  WARNING  PortentaReader      send_command('disarm') ignored — port not open
2026-07-06 17:30:04,031  WARNING  PortentaReader      send_command('disarm') ignored — port not open
2026-07-06 17:30:04,094  WARNING  PortentaReader      send_command('disarm') ignored — port not open
2026-07-06 17:30:04,156  WARNING  PortentaReader      send_command('disarm') ignored — port not open
2026-07-06 17:30:04,218  WARNING  PortentaReader      send_command('disarm') ignored — port not open
2026-07-06 17:30:04,279  WARNING  PortentaReader      send_command('disarm') ignored — port not open
2026-07-06 17:30:04,340  WARNING  PortentaReader      send_command('disarm') ignored — port not open
2026-07-06 17:30:04,402  WARNING  PortentaReader      send_command('disarm') ignored — port not open
2026-07-06 17:30:04,462  WARNING  PortentaReader      send_command('disarm') ignored — port not open
2026-07-06 17:30:04,525  WARNING  PortentaReader      send_command('disarm') ignored — port not open
2026-07-06 17:30:04,585  WARNING  PortentaReader      send_command('disarm') ignored — port not open
2026-07-06 17:30:04,645  WARNING  PortentaReader      send_command('disarm') ignored — port not open
2026-07-06 17:30:04,709  WARNING  PortentaReader      send_command('disarm') ignored — port not open
2026-07-06 17:30:04,770  WARNING  PortentaReader      send_command('disarm') ignored — port not open
2026-07-06 17:30:04,832  WARNING  PortentaReader      send_command('disarm') ignored — port not open
2026-07-06 17:30:04,900  WARNING  PortentaReader      send_command('disarm') ignored — port not open
2026-07-06 17:30:04,958  WARNING  PortentaReader      send_command('disarm') ignored — port not open
2026-07-06 17:30:05,021  WARNING  PortentaReader      send_command('disarm') ignored — port not open
2026-07-06 17:30:05,086  WARNING  PortentaReader      send_command('disarm') ignored — port not open
2026-07-06 17:30:05,148  WARNING  PortentaReader      send_command('disarm') ignored — port not open
2026-07-06 17:30:05,214  WARNING  PortentaReader      send_command('disarm') ignored — port not open
2026-07-06 17:30:05,277  WARNING  PortentaReader      send_command('disarm') ignored — port not open
2026-07-06 17:30:05,343  WARNING  PortentaReader      send_command('disarm') ignored — port not open
2026-07-06 17:30:05,401  WARNING  PortentaReader      send_command('disarm') ignored — port not open
2026-07-06 17:30:05,464  WARNING  PortentaReader      send_command('disarm') ignored — port not open
2026-07-06 17:30:05,530  WARNING  PortentaReader      send_command('disarm') ignored — port not open
2026-07-06 17:30:05,588  WARNING  PortentaReader      send_command('disarm') ignored — port not open
2026-07-06 17:30:05,650  WARNING  RecordingCore       HEALTH WARNING: LCR silent 87.1s — no new samples (auxiliary; other instruments still recording)
2026-07-06 17:30:05,651  WARNING  PortentaReader      send_command('disarm') ignored — port not open
2026-07-06 17:30:05,712  WARNING  PortentaReader      send_command('disarm') ignored — port not open
2026-07-06 17:30:05,773  WARNING  PortentaReader      send_command('disarm') ignored — port not open
2026-07-06 17:30:05,835  WARNING  PortentaReader      send_command('disarm') ignored — port not open
2026-07-06 17:30:05,898  WARNING  PortentaReader      send_command('disarm') ignored — port not open
2026-07-06 17:30:05,959  WARNING  PortentaReader      send_command('disarm') ignored — port not open
2026-07-06 17:30:06,020  WARNING  PortentaReader      send_command('disarm') ignored — port not open
2026-07-06 17:30:06,083  WARNING  PortentaReader      send_command('disarm') ignored — port not open
2026-07-06 17:30:06,156  WARNING  PortentaReader      send_command('disarm') ignored — port not open
2026-07-06 17:30:06,212  WARNING  PortentaReader      send_command('disarm') ignored — port not open
2026-07-06 17:30:06,281  WARNING  PortentaReader      send_command('disarm') ignored — port not open
2026-07-06 17:30:06,341  WARNING  PortentaReader      send_command('disarm') ignored — port not open
2026-07-06 17:30:06,395  WARNING  PortentaReader      send_command('disarm') ignored — port not open
2026-07-06 17:30:06,465  WARNING  PortentaReader      send_command('disarm') ignored — port not open
2026-07-06 17:30:06,525  WARNING  PortentaReader      send_command('disarm') ignored — port not open
2026-07-06 17:30:06,587  WARNING  PortentaReader      send_command('disarm') ignored — port not open
2026-07-06 17:30:06,650  WARNING  PortentaReader      send_command('disarm') ignored — port not open
2026-07-06 17:30:06,712  WARNING  PortentaReader      send_command('disarm') ignored — port not open
2026-07-06 17:30:06,773  WARNING  PortentaReader      send_command('disarm') ignored — port not open
2026-07-06 17:30:06,835  WARNING  PortentaReader      send_command('disarm') ignored — port not open
2026-07-06 17:30:06,897  WARNING  PortentaReader      send_command('disarm') ignored — port not open
2026-07-06 17:30:06,972  WARNING  PortentaReader      send_command('disarm') ignored — port not open
2026-07-06 17:30:07,033  WARNING  PortentaReader      send_command('disarm') ignored — port not open
2026-07-06 17:30:07,095  WARNING  PortentaReader      send_command('disarm') ignored — port not open
2026-07-06 17:30:07,155  WARNING  PortentaReader      send_command('disarm') ignored — port not open
2026-07-06 17:30:07,217  WARNING  PortentaReader      send_command('disarm') ignored — port not open
2026-07-06 17:30:07,278  WARNING  PortentaReader      send_command('disarm') ignored — port not open
2026-07-06 17:30:07,340  WARNING  PortentaReader      send_command('disarm') ignored — port not open
2026-07-06 17:30:07,401  WARNING  PortentaReader      send_command('disarm') ignored — port not open
2026-07-06 17:30:07,463  WARNING  PortentaReader      send_command('disarm') ignored — port not open
2026-07-06 17:30:07,524  WARNING  PortentaReader      send_command('disarm') ignored — port not open
2026-07-06 17:30:07,586  WARNING  PortentaReader      send_command('disarm') ignored — port not open
2026-07-06 17:30:07,647  WARNING  RecordingCore       HEALTH WARNING: LCR silent 89.1s — no new samples (auxiliary; other instruments still recording)
2026-07-06 17:30:07,648  WARNING  PortentaReader      send_command('disarm') ignored — port not open
2026-07-06 17:30:07,709  WARNING  PortentaReader      send_command('disarm') ignored — port not open
2026-07-06 17:30:07,771  WARNING  PortentaReader      send_command('disarm') ignored — port not open
2026-07-06 17:30:07,833  WARNING  PortentaReader      send_command('disarm') ignored — port not open
2026-07-06 17:30:07,895  WARNING  PortentaReader      send_command('disarm') ignored — port not open
2026-07-06 17:30:07,970  WARNING  PortentaReader      send_command('disarm') ignored — port not open
2026-07-06 17:30:08,032  WARNING  PortentaReader      send_command('disarm') ignored — port not open
2026-07-06 17:30:08,094  WARNING  PortentaReader      send_command('disarm') ignored — port not open
2026-07-06 17:30:08,155  WARNING  PortentaReader      send_command('disarm') ignored — port not open
2026-07-06 17:30:08,211  WARNING  PortentaReader      send_command('disarm') ignored — port not open
2026-07-06 17:30:08,278  WARNING  PortentaReader      send_command('disarm') ignored — port not open
2026-07-06 17:30:08,335  WARNING  PortentaReader      send_command('disarm') ignored — port not open
2026-07-06 17:30:08,401  WARNING  PortentaReader      send_command('disarm') ignored — port not open
2026-07-06 17:30:08,462  WARNING  PortentaReader      send_command('disarm') ignored — port not open
2026-07-06 17:30:08,524  WARNING  PortentaReader      send_command('disarm') ignored — port not open
2026-07-06 17:30:08,586  WARNING  PortentaReader      send_command('disarm') ignored — port not open
2026-07-06 17:30:08,648  WARNING  PortentaReader      send_command('disarm') ignored — port not open
2026-07-06 17:30:08,709  WARNING  PortentaReader      send_command('disarm') ignored — port not open
2026-07-06 17:30:08,773  WARNING  PortentaReader      send_command('disarm') ignored — port not open
2026-07-06 17:30:08,834  WARNING  PortentaReader      send_command('disarm') ignored — port not open
2026-07-06 17:30:08,896  WARNING  PortentaReader      send_command('disarm') ignored — port not open
2026-07-06 17:30:08,956  WARNING  PortentaReader      send_command('disarm') ignored — port not open
2026-07-06 17:30:09,019  WARNING  PortentaReader      send_command('disarm') ignored — port not open
2026-07-06 17:30:09,095  WARNING  PortentaReader      send_command('disarm') ignored — port not open
2026-07-06 17:30:09,155  WARNING  PortentaReader      send_command('disarm') ignored — port not open
2026-07-06 17:30:09,219  WARNING  PortentaReader      send_command('disarm') ignored — port not open
2026-07-06 17:30:09,280  WARNING  PortentaReader      send_command('disarm') ignored — port not open
2026-07-06 17:30:09,341  WARNING  PortentaReader      send_command('disarm') ignored — port not open
2026-07-06 17:30:09,403  WARNING  PortentaReader      send_command('disarm') ignored — port not open
2026-07-06 17:30:09,465  WARNING  PortentaReader      send_command('disarm') ignored — port not open
2026-07-06 17:30:09,527  WARNING  PortentaReader      send_command('disarm') ignored — port not open
2026-07-06 17:30:09,588  WARNING  PortentaReader      send_command('disarm') ignored — port not open
2026-07-06 17:30:09,649  WARNING  RecordingCore       HEALTH WARNING: LCR silent 91.1s — no new samples (auxiliary; other instruments still recording)
2026-07-06 17:30:09,650  WARNING  PortentaReader      send_command('disarm') ignored — port not open
2026-07-06 17:30:09,712  WARNING  PortentaReader      send_command('disarm') ignored — port not open
2026-07-06 17:30:09,772  WARNING  PortentaReader      send_command('disarm') ignored — port not open
2026-07-06 17:30:09,834  WARNING  PortentaReader      send_command('disarm') ignored — port not open
2026-07-06 17:30:09,895  WARNING  PortentaReader      send_command('disarm') ignored — port not open
2026-07-06 17:30:09,957  WARNING  PortentaReader      send_command('disarm') ignored — port not open
2026-07-06 17:30:10,033  WARNING  PortentaReader      send_command('disarm') ignored — port not open
2026-07-06 17:30:10,097  WARNING  PortentaReader      send_command('disarm') ignored — port not open
2026-07-06 17:30:10,158  WARNING  PortentaReader      send_command('disarm') ignored — port not open
2026-07-06 17:30:10,219  WARNING  PortentaReader      send_command('disarm') ignored — port not open
2026-07-06 17:30:10,281  WARNING  PortentaReader      send_command('disarm') ignored — port not open
2026-07-06 17:30:10,342  WARNING  PortentaReader      send_command('disarm') ignored — port not open
2026-07-06 17:30:10,403  WARNING  PortentaReader      send_command('disarm') ignored — port not open
2026-07-06 17:30:10,465  WARNING  PortentaReader      send_command('disarm') ignored — port not open
2026-07-06 17:30:10,526  WARNING  PortentaReader      send_command('disarm') ignored — port not open
2026-07-06 17:30:10,586  WARNING  PortentaReader      send_command('disarm') ignored — port not open
2026-07-06 17:30:10,648  WARNING  PortentaReader      send_command('disarm') ignored — port not open
2026-07-06 17:30:10,709  WARNING  PortentaReader      send_command('disarm') ignored — port not open
2026-07-06 17:30:10,771  WARNING  PortentaReader      send_command('disarm') ignored — port not open
2026-07-06 17:30:10,840  WARNING  PortentaReader      send_command('disarm') ignored — port not open
2026-07-06 17:30:10,895  WARNING  PortentaReader      send_command('disarm') ignored — port not open
2026-07-06 17:30:10,971  WARNING  PortentaReader      send_command('disarm') ignored — port not open
2026-07-06 17:30:11,020  WARNING  PortentaReader      send_command('disarm') ignored — port not open
2026-07-06 17:30:11,093  WARNING  PortentaReader      send_command('disarm') ignored — port not open
2026-07-06 17:30:11,155  WARNING  PortentaReader      send_command('disarm') ignored — port not open
2026-07-06 17:30:11,217  WARNING  PortentaReader      send_command('disarm') ignored — port not open
2026-07-06 17:30:11,270  WARNING  PortentaReader      send_command('disarm') ignored — port not open
2026-07-06 17:30:11,341  WARNING  PortentaReader      send_command('disarm') ignored — port not open
2026-07-06 17:30:11,402  WARNING  PortentaReader      send_command('disarm') ignored — port not open
2026-07-06 17:30:11,463  WARNING  PortentaReader      send_command('disarm') ignored — port not open
2026-07-06 17:30:11,525  WARNING  PortentaReader      send_command('disarm') ignored — port not open
2026-07-06 17:30:11,586  WARNING  PortentaReader      send_command('disarm') ignored — port not open
2026-07-06 17:30:11,647  WARNING  RecordingCore       HEALTH WARNING: LCR silent 93.1s — no new samples (auxiliary; other instruments still recording)
2026-07-06 17:30:11,648  WARNING  PortentaReader      send_command('disarm') ignored — port not open
2026-07-06 17:30:11,709  WARNING  PortentaReader      send_command('disarm') ignored — port not open
2026-07-06 17:30:11,771  WARNING  PortentaReader      send_command('disarm') ignored — port not open
2026-07-06 17:30:11,833  WARNING  PortentaReader      send_command('disarm') ignored — port not open
2026-07-06 17:30:11,907  WARNING  PortentaReader      send_command('disarm') ignored — port not open
2026-07-06 17:30:11,963  WARNING  PortentaReader      send_command('disarm') ignored — port not open
2026-07-06 17:30:12,022  WARNING  PortentaReader      send_command('disarm') ignored — port not open
2026-07-06 17:30:12,085  WARNING  PortentaReader      send_command('disarm') ignored — port not open
2026-07-06 17:30:12,146  WARNING  PortentaReader      send_command('disarm') ignored — port not open
2026-07-06 17:30:12,213  WARNING  PortentaReader      send_command('disarm') ignored — port not open
2026-07-06 17:30:12,277  WARNING  PortentaReader      send_command('disarm') ignored — port not open
2026-07-06 17:30:12,339  WARNING  PortentaReader      send_command('disarm') ignored — port not open
2026-07-06 17:30:12,400  WARNING  PortentaReader      send_command('disarm') ignored — port not open
2026-07-06 17:30:12,460  WARNING  PortentaReader      send_command('disarm') ignored — port not open
2026-07-06 17:30:12,522  WARNING  PortentaReader      send_command('disarm') ignored — port not open
2026-07-06 17:30:12,584  WARNING  PortentaReader      send_command('disarm') ignored — port not open
2026-07-06 17:30:12,644  WARNING  PortentaReader      send_command('disarm') ignored — port not open
2026-07-06 17:30:12,706  WARNING  PortentaReader      send_command('disarm') ignored — port not open
2026-07-06 17:30:12,775  WARNING  PortentaReader      send_command('disarm') ignored — port not open
2026-07-06 17:30:12,846  WARNING  PortentaReader      send_command('disarm') ignored — port not open
2026-07-06 17:30:12,895  WARNING  PortentaReader      send_command('disarm') ignored — port not open
2026-07-06 17:30:12,962  WARNING  PortentaReader      send_command('disarm') ignored — port not open
2026-07-06 17:30:13,022  WARNING  PortentaReader      send_command('disarm') ignored — port not open
2026-07-06 17:30:13,092  WARNING  PortentaReader      send_command('disarm') ignored — port not open
2026-07-06 17:30:13,150  WARNING  PortentaReader      send_command('disarm') ignored — port not open
2026-07-06 17:30:13,232  WARNING  PortentaReader      send_command('disarm') ignored — port not open
2026-07-06 17:30:13,238  WARNING  PortentaReader      send_command('disarm') ignored — port not open
2026-07-06 17:30:13,432  INFO   Driver_ZaberStage   Disconnected
2026-07-06 17:30:13,432  INFO   ZaberWorker         Zaber worker exit  (pushed=5177, dropped=0)
2026-07-06 17:30:13,462  INFO   RecordingCore       Wrote C:\Users\yilin\Documents\GitHubRepo_Research\MicroTensileMachine\MicroTensileMachine\Experiment_SMACharacterizationV3\data\console_20260706_172825\meta.json
