2026-06-26 11:48:01,520  INFO   root                Session: console_20260626_114801
2026-06-26 11:48:01,520  INFO   root                Output:  C:\Users\yilin\Documents\GitHubRepo_Research\MicroTensileMachine\MicroTensileMachine\Experiment_SMACharacterizationV3\data\console_20260626_114801
2026-06-26 11:48:01,520  INFO   root                Config:  C:\Users\yilin\Documents\GitHubRepo_Research\MicroTensileMachine\MicroTensileMachine\Experiment_SMACharacterizationV3\config.yaml  headless=False
2026-06-26 11:48:02,282  INFO   LCRMeter            Auto-detecting E4980A/AL LCR meter...
2026-06-26 11:48:02,287  INFO   PortentaReader      Opened COM8 @ 115200 baud, waiting 4.0s for firmware boot...
2026-06-26 11:48:02,435  INFO   LCRMeter            Using VISA backend: @py
2026-06-26 11:48:03,460  INFO   LCRMeter            Found 2 instruments
2026-06-26 11:48:03,460  ERROR  LCRMeter            No E4980A/AL found
2026-06-26 11:48:03,460  ERROR  LcrWorker           LCR worker crashed: Could not connect to Keysight E4980 LCR meter. Check USB/LAN cable, instrument power, and VISA backend.
Traceback (most recent call last):
  File "c:\Users\yilin\Documents\GitHubRepo_Research\MicroTensileMachine\MicroTensileMachine\Experiment_SMACharacterizationV3\workers.py", line 117, in run
    self._main_loop()
  File "c:\Users\yilin\Documents\GitHubRepo_Research\MicroTensileMachine\MicroTensileMachine\Experiment_SMACharacterizationV3\workers.py", line 155, in _main_loop
    raise RuntimeError(
RuntimeError: Could not connect to Keysight E4980 LCR meter. Check USB/LAN cable, instrument power, and VISA backend.
2026-06-26 11:48:03,461  INFO   LcrWorker           LCR worker exit  (pushed=0, dropped=0)
2026-06-26 11:48:03,533  INFO   Driver_ZaberStage   Configuration saved to zaber_config.json
2026-06-26 11:48:03,564  INFO   Driver_ZaberStage   Connected to X-LSQ300A-E01 on COM5
2026-06-26 11:48:03,580  INFO   ZaberWorker         Zaber ready: DeviceInfo(port='COM5', device_id=50138, serial_number='143153', name='X-LSQ300A-E01', firmware_version='7.48.24004', device_type='Linear Stage', axis_count=1)
2026-06-26 11:48:06,303  WARNING  PortentaReader      Opened COM8 but no sample lines seen in 4.0s boot window. If this persists: power-cycle Hat Carrier, re-seat HAT.
2026-06-26 11:48:06,369  INFO   H7Worker            H7 ready: port=COM8 baud=115200 channels=['laser', 'load', 'sma_i', 'sma_r', 'sma_v']
2026-06-26 11:48:06,369  INFO   RecordingCore       Running 10.0 s full system check...
2026-06-26 11:48:16,387  WARNING  RecordingCore       HEALTH: stage parked at 101.49 mm, outside the workflow window [5.0, 40.0] — move it into range before actuating
2026-06-26 11:48:16,387  WARNING  RecordingCore       health H7    FAIL (0) — only 0 samples (need >=20)
2026-06-26 11:48:16,387  WARNING  RecordingCore       health LCR   FAIL (0) — worker error RuntimeError('Could not connect to Keysight E4980 LCR meter. Check USB/LAN cable, instrument power, and VISA backend.')
2026-06-26 11:48:16,388  INFO   RecordingCore       health stage PASS (629) — 629 reads, pos~101.49 mm (outside [5.0, 40.0] — move into range)
2026-06-26 11:48:20,513  WARNING  RecordingCore       HEALTH WARNING: H7 silent 1.0s — no new samples (critical; other instruments still recording)
2026-06-26 11:48:22,509  WARNING  RecordingCore       HEALTH WARNING: LCR silent 3.0s — no new samples (auxiliary; other instruments still recording)
2026-06-26 11:48:24,534  WARNING  RecordingCore       HEALTH WARNING: LCR silent 5.0s — no new samples (auxiliary; other instruments still recording)
2026-06-26 11:48:25,805  WARNING  RecordingCore       SMA send_command('disarm') failed: Write timeout
2026-06-26 11:48:25,810  ERROR  H7Worker            H7 worker crashed: ClearCommError failed (PermissionError(13, 'The device does not recognize the command.', None, 22))
Traceback (most recent call last):
  File "c:\Users\yilin\Documents\GitHubRepo_Research\MicroTensileMachine\MicroTensileMachine\Experiment_SMACharacterizationV3\workers.py", line 220, in run
    self._main_loop()
  File "c:\Users\yilin\Documents\GitHubRepo_Research\MicroTensileMachine\MicroTensileMachine\Experiment_SMACharacterizationV3\workers.py", line 252, in _main_loop
    for kind, item in reader.iter_events():
                      ^^^^^^^^^^^^^^^^^^^^
  File "C:\Users\yilin\Documents\GitHubRepo_Research\MicroTensileMachine\MicroTensileMachine\Calibrate_LaserHead\portenta_reader.py", line 413, in iter_events
    line = self._readline()
           ^^^^^^^^^^^^^^^^
  File "C:\Users\yilin\Documents\GitHubRepo_Research\MicroTensileMachine\MicroTensileMachine\Calibrate_LaserHead\portenta_reader.py", line 363, in _readline
    raw = self._ser.readline()
          ^^^^^^^^^^^^^^^^^^^^
  File "C:\Users\yilin\AppData\Local\Programs\Python\Python312\Lib\site-packages\serial\serialwin32.py", line 275, in read
    raise SerialException("ClearCommError failed ({!r})".format(ctypes.WinError()))
serial.serialutil.SerialException: ClearCommError failed (PermissionError(13, 'The device does not recognize the command.', None, 22))
2026-06-26 11:48:25,812  INFO   H7Worker            H7 worker exit  (pushed=0, dropped=0, filtered=0)
2026-06-26 11:48:25,837  WARNING  PortentaReader      send_command('disarm') ignored — port not open
2026-06-26 11:48:25,898  WARNING  PortentaReader      send_command('disarm') ignored — port not open
2026-06-26 11:48:25,959  WARNING  PortentaReader      send_command('disarm') ignored — port not open
2026-06-26 11:48:26,037  WARNING  PortentaReader      send_command('disarm') ignored — port not open
2026-06-26 11:48:26,099  WARNING  PortentaReader      send_command('disarm') ignored — port not open
2026-06-26 11:48:26,162  WARNING  PortentaReader      send_command('disarm') ignored — port not open
2026-06-26 11:48:26,224  WARNING  PortentaReader      send_command('disarm') ignored — port not open
2026-06-26 11:48:26,286  WARNING  PortentaReader      send_command('disarm') ignored — port not open
2026-06-26 11:48:26,347  WARNING  PortentaReader      send_command('disarm') ignored — port not open
2026-06-26 11:48:26,409  WARNING  PortentaReader      send_command('disarm') ignored — port not open
2026-06-26 11:48:26,471  WARNING  PortentaReader      send_command('disarm') ignored — port not open
2026-06-26 11:48:26,531  WARNING  RecordingCore       HEALTH WARNING: LCR silent 7.0s — no new samples (auxiliary; other instruments still recording)
2026-06-26 11:48:26,532  WARNING  PortentaReader      send_command('disarm') ignored — port not open
2026-06-26 11:48:26,593  WARNING  PortentaReader      send_command('disarm') ignored — port not open
2026-06-26 11:48:26,654  WARNING  PortentaReader      send_command('disarm') ignored — port not open
2026-06-26 11:48:26,716  WARNING  PortentaReader      send_command('disarm') ignored — port not open
2026-06-26 11:48:26,779  WARNING  PortentaReader      send_command('disarm') ignored — port not open
2026-06-26 11:48:26,841  WARNING  PortentaReader      send_command('disarm') ignored — port not open
2026-06-26 11:48:26,903  WARNING  PortentaReader      send_command('disarm') ignored — port not open
2026-06-26 11:48:26,966  WARNING  PortentaReader      send_command('disarm') ignored — port not open
2026-06-26 11:48:27,028  WARNING  PortentaReader      send_command('disarm') ignored — port not open
2026-06-26 11:48:27,090  WARNING  PortentaReader      send_command('disarm') ignored — port not open
2026-06-26 11:48:27,152  WARNING  PortentaReader      send_command('disarm') ignored — port not open
2026-06-26 11:48:27,214  WARNING  PortentaReader      send_command('disarm') ignored — port not open
2026-06-26 11:48:27,276  WARNING  PortentaReader      send_command('disarm') ignored — port not open
2026-06-26 11:48:27,338  WARNING  PortentaReader      send_command('disarm') ignored — port not open
2026-06-26 11:48:27,401  WARNING  PortentaReader      send_command('disarm') ignored — port not open
2026-06-26 11:48:27,462  WARNING  PortentaReader      send_command('disarm') ignored — port not open
2026-06-26 11:48:27,524  WARNING  PortentaReader      send_command('disarm') ignored — port not open
2026-06-26 11:48:27,587  WARNING  PortentaReader      send_command('disarm') ignored — port not open
2026-06-26 11:48:27,649  WARNING  PortentaReader      send_command('disarm') ignored — port not open
2026-06-26 11:48:27,711  WARNING  PortentaReader      send_command('disarm') ignored — port not open
2026-06-26 11:48:27,773  WARNING  PortentaReader      send_command('disarm') ignored — port not open
2026-06-26 11:48:27,849  WARNING  PortentaReader      send_command('disarm') ignored — port not open
2026-06-26 11:48:27,911  WARNING  PortentaReader      send_command('disarm') ignored — port not open
2026-06-26 11:48:27,973  WARNING  PortentaReader      send_command('disarm') ignored — port not open
2026-06-26 11:48:28,034  WARNING  PortentaReader      send_command('disarm') ignored — port not open
2026-06-26 11:48:28,097  WARNING  PortentaReader      send_command('disarm') ignored — port not open
2026-06-26 11:48:28,157  WARNING  PortentaReader      send_command('disarm') ignored — port not open
2026-06-26 11:48:28,219  WARNING  PortentaReader      send_command('disarm') ignored — port not open
2026-06-26 11:48:28,281  WARNING  PortentaReader      send_command('disarm') ignored — port not open
2026-06-26 11:48:28,342  WARNING  PortentaReader      send_command('disarm') ignored — port not open
2026-06-26 11:48:28,404  WARNING  PortentaReader      send_command('disarm') ignored — port not open
2026-06-26 11:48:28,467  WARNING  PortentaReader      send_command('disarm') ignored — port not open
2026-06-26 11:48:28,529  WARNING  RecordingCore       HEALTH WARNING: LCR silent 9.0s — no new samples (auxiliary; other instruments still recording)
2026-06-26 11:48:28,529  WARNING  PortentaReader      send_command('disarm') ignored — port not open
2026-06-26 11:48:28,591  WARNING  PortentaReader      send_command('disarm') ignored — port not open
2026-06-26 11:48:28,653  WARNING  PortentaReader      send_command('disarm') ignored — port not open
2026-06-26 11:48:28,713  WARNING  PortentaReader      send_command('disarm') ignored — port not open
2026-06-26 11:48:28,775  WARNING  PortentaReader      send_command('disarm') ignored — port not open
2026-06-26 11:48:28,836  WARNING  PortentaReader      send_command('disarm') ignored — port not open
2026-06-26 11:48:28,898  WARNING  PortentaReader      send_command('disarm') ignored — port not open
2026-06-26 11:48:28,963  WARNING  PortentaReader      send_command('disarm') ignored — port not open
2026-06-26 11:48:29,027  WARNING  PortentaReader      send_command('disarm') ignored — port not open
2026-06-26 11:48:29,098  WARNING  PortentaReader      send_command('disarm') ignored — port not open
2026-06-26 11:48:29,159  WARNING  PortentaReader      send_command('disarm') ignored — port not open
2026-06-26 11:48:29,220  WARNING  PortentaReader      send_command('disarm') ignored — port not open
2026-06-26 11:48:29,282  WARNING  PortentaReader      send_command('disarm') ignored — port not open
2026-06-26 11:48:29,344  WARNING  PortentaReader      send_command('disarm') ignored — port not open
2026-06-26 11:48:29,406  WARNING  PortentaReader      send_command('disarm') ignored — port not open
2026-06-26 11:48:29,469  WARNING  PortentaReader      send_command('disarm') ignored — port not open
2026-06-26 11:48:29,531  WARNING  PortentaReader      send_command('disarm') ignored — port not open
2026-06-26 11:48:29,592  WARNING  PortentaReader      send_command('disarm') ignored — port not open
2026-06-26 11:48:29,655  WARNING  PortentaReader      send_command('disarm') ignored — port not open
2026-06-26 11:48:29,717  WARNING  PortentaReader      send_command('disarm') ignored — port not open
2026-06-26 11:48:29,779  WARNING  PortentaReader      send_command('disarm') ignored — port not open
2026-06-26 11:48:29,841  WARNING  PortentaReader      send_command('disarm') ignored — port not open
2026-06-26 11:48:29,905  WARNING  PortentaReader      send_command('disarm') ignored — port not open
2026-06-26 11:48:29,965  WARNING  PortentaReader      send_command('disarm') ignored — port not open
2026-06-26 11:48:30,028  WARNING  PortentaReader      send_command('disarm') ignored — port not open
2026-06-26 11:48:30,089  WARNING  PortentaReader      send_command('disarm') ignored — port not open
2026-06-26 11:48:30,148  WARNING  PortentaReader      send_command('disarm') ignored — port not open
2026-06-26 11:48:30,211  WARNING  PortentaReader      send_command('disarm') ignored — port not open
2026-06-26 11:48:30,275  WARNING  PortentaReader      send_command('disarm') ignored — port not open
2026-06-26 11:48:30,337  WARNING  PortentaReader      send_command('disarm') ignored — port not open
2026-06-26 11:48:30,398  WARNING  PortentaReader      send_command('disarm') ignored — port not open
2026-06-26 11:48:30,461  WARNING  PortentaReader      send_command('disarm') ignored — port not open
2026-06-26 11:48:30,522  WARNING  RecordingCore       HEALTH WARNING: LCR silent 11.0s — no new samples (auxiliary; other instruments still recording)
2026-06-26 11:48:30,522  WARNING  PortentaReader      send_command('disarm') ignored — port not open
2026-06-26 11:48:30,585  WARNING  PortentaReader      send_command('disarm') ignored — port not open
2026-06-26 11:48:30,659  WARNING  PortentaReader      send_command('disarm') ignored — port not open
2026-06-26 11:48:30,723  WARNING  PortentaReader      send_command('disarm') ignored — port not open
2026-06-26 11:48:30,785  WARNING  PortentaReader      send_command('disarm') ignored — port not open
2026-06-26 11:48:30,841  WARNING  PortentaReader      send_command('disarm') ignored — port not open
2026-06-26 11:48:30,907  WARNING  PortentaReader      send_command('disarm') ignored — port not open
2026-06-26 11:48:30,961  WARNING  PortentaReader      send_command('disarm') ignored — port not open
2026-06-26 11:48:31,030  WARNING  PortentaReader      send_command('disarm') ignored — port not open
2026-06-26 11:48:31,093  WARNING  PortentaReader      send_command('disarm') ignored — port not open
2026-06-26 11:48:31,149  WARNING  PortentaReader      send_command('disarm') ignored — port not open
2026-06-26 11:48:31,216  WARNING  PortentaReader      send_command('disarm') ignored — port not open
2026-06-26 11:48:31,278  WARNING  PortentaReader      send_command('disarm') ignored — port not open
2026-06-26 11:48:31,341  WARNING  PortentaReader      send_command('disarm') ignored — port not open
2026-06-26 11:48:31,403  WARNING  PortentaReader      send_command('disarm') ignored — port not open
2026-06-26 11:48:31,465  WARNING  PortentaReader      send_command('disarm') ignored — port not open
2026-06-26 11:48:31,525  WARNING  PortentaReader      send_command('disarm') ignored — port not open
2026-06-26 11:48:31,588  WARNING  PortentaReader      send_command('disarm') ignored — port not open
2026-06-26 11:48:31,650  WARNING  PortentaReader      send_command('disarm') ignored — port not open
2026-06-26 11:48:31,713  WARNING  PortentaReader      send_command('disarm') ignored — port not open
2026-06-26 11:48:31,775  WARNING  PortentaReader      send_command('disarm') ignored — port not open
2026-06-26 11:48:31,837  WARNING  PortentaReader      send_command('disarm') ignored — port not open
2026-06-26 11:48:31,898  WARNING  PortentaReader      send_command('disarm') ignored — port not open
2026-06-26 11:48:31,975  WARNING  PortentaReader      send_command('disarm') ignored — port not open
2026-06-26 11:48:32,037  WARNING  PortentaReader      send_command('disarm') ignored — port not open
2026-06-26 11:48:32,099  WARNING  PortentaReader      send_command('disarm') ignored — port not open
2026-06-26 11:48:32,161  WARNING  PortentaReader      send_command('disarm') ignored — port not open
2026-06-26 11:48:32,223  WARNING  PortentaReader      send_command('disarm') ignored — port not open
2026-06-26 11:48:32,285  WARNING  PortentaReader      send_command('disarm') ignored — port not open
2026-06-26 11:48:32,348  WARNING  PortentaReader      send_command('disarm') ignored — port not open
2026-06-26 11:48:32,409  WARNING  PortentaReader      send_command('disarm') ignored — port not open
2026-06-26 11:48:32,471  WARNING  PortentaReader      send_command('disarm') ignored — port not open
2026-06-26 11:48:32,533  WARNING  RecordingCore       HEALTH WARNING: LCR silent 13.0s — no new samples (auxiliary; other instruments still recording)
2026-06-26 11:48:32,534  WARNING  PortentaReader      send_command('disarm') ignored — port not open
2026-06-26 11:48:32,595  WARNING  PortentaReader      send_command('disarm') ignored — port not open
2026-06-26 11:48:32,658  WARNING  PortentaReader      send_command('disarm') ignored — port not open
2026-06-26 11:48:32,721  WARNING  PortentaReader      send_command('disarm') ignored — port not open
2026-06-26 11:48:32,782  WARNING  PortentaReader      send_command('disarm') ignored — port not open
2026-06-26 11:48:32,844  WARNING  PortentaReader      send_command('disarm') ignored — port not open
2026-06-26 11:48:32,906  WARNING  PortentaReader      send_command('disarm') ignored — port not open
2026-06-26 11:48:32,968  WARNING  PortentaReader      send_command('disarm') ignored — port not open
2026-06-26 11:48:33,029  WARNING  PortentaReader      send_command('disarm') ignored — port not open
2026-06-26 11:48:33,088  WARNING  PortentaReader      send_command('disarm') ignored — port not open
2026-06-26 11:48:33,152  WARNING  PortentaReader      send_command('disarm') ignored — port not open
2026-06-26 11:48:33,213  WARNING  PortentaReader      send_command('disarm') ignored — port not open
2026-06-26 11:48:33,275  WARNING  PortentaReader      send_command('disarm') ignored — port not open
2026-06-26 11:48:33,338  WARNING  PortentaReader      send_command('disarm') ignored — port not open
2026-06-26 11:48:33,399  WARNING  PortentaReader      send_command('disarm') ignored — port not open
2026-06-26 11:48:33,460  WARNING  PortentaReader      send_command('disarm') ignored — port not open
2026-06-26 11:48:33,536  WARNING  PortentaReader      send_command('disarm') ignored — port not open
2026-06-26 11:48:33,600  WARNING  PortentaReader      send_command('disarm') ignored — port not open
2026-06-26 11:48:33,648  WARNING  PortentaReader      send_command('disarm') ignored — port not open
2026-06-26 11:48:33,710  WARNING  PortentaReader      send_command('disarm') ignored — port not open
2026-06-26 11:48:33,788  WARNING  PortentaReader      send_command('disarm') ignored — port not open
2026-06-26 11:48:33,848  WARNING  PortentaReader      send_command('disarm') ignored — port not open
2026-06-26 11:48:33,910  WARNING  PortentaReader      send_command('disarm') ignored — port not open
2026-06-26 11:48:33,972  WARNING  PortentaReader      send_command('disarm') ignored — port not open
2026-06-26 11:48:34,034  WARNING  PortentaReader      send_command('disarm') ignored — port not open
2026-06-26 11:48:34,096  WARNING  PortentaReader      send_command('disarm') ignored — port not open
2026-06-26 11:48:34,157  WARNING  PortentaReader      send_command('disarm') ignored — port not open
2026-06-26 11:48:34,219  WARNING  PortentaReader      send_command('disarm') ignored — port not open
2026-06-26 11:48:34,280  WARNING  PortentaReader      send_command('disarm') ignored — port not open
2026-06-26 11:48:34,342  WARNING  PortentaReader      send_command('disarm') ignored — port not open
2026-06-26 11:48:34,403  WARNING  PortentaReader      send_command('disarm') ignored — port not open
2026-06-26 11:48:34,464  WARNING  PortentaReader      send_command('disarm') ignored — port not open
2026-06-26 11:48:34,527  WARNING  RecordingCore       HEALTH WARNING: LCR silent 15.0s — no new samples (auxiliary; other instruments still recording)
2026-06-26 11:48:34,527  WARNING  PortentaReader      send_command('disarm') ignored — port not open
2026-06-26 11:48:34,589  WARNING  PortentaReader      send_command('disarm') ignored — port not open
2026-06-26 11:48:34,651  WARNING  PortentaReader      send_command('disarm') ignored — port not open
2026-06-26 11:48:34,711  WARNING  PortentaReader      send_command('disarm') ignored — port not open
2026-06-26 11:48:34,773  WARNING  PortentaReader      send_command('disarm') ignored — port not open
2026-06-26 11:48:34,837  WARNING  PortentaReader      send_command('disarm') ignored — port not open
2026-06-26 11:48:34,899  WARNING  PortentaReader      send_command('disarm') ignored — port not open
2026-06-26 11:48:34,961  WARNING  PortentaReader      send_command('disarm') ignored — port not open
2026-06-26 11:48:35,024  WARNING  PortentaReader      send_command('disarm') ignored — port not open
2026-06-26 11:48:35,085  WARNING  PortentaReader      send_command('disarm') ignored — port not open
2026-06-26 11:48:35,162  WARNING  PortentaReader      send_command('disarm') ignored — port not open
2026-06-26 11:48:35,224  WARNING  PortentaReader      send_command('disarm') ignored — port not open
2026-06-26 11:48:35,287  WARNING  PortentaReader      send_command('disarm') ignored — port not open
2026-06-26 11:48:35,348  WARNING  PortentaReader      send_command('disarm') ignored — port not open
2026-06-26 11:48:35,409  WARNING  PortentaReader      send_command('disarm') ignored — port not open
2026-06-26 11:48:35,471  WARNING  PortentaReader      send_command('disarm') ignored — port not open
2026-06-26 11:48:35,532  WARNING  PortentaReader      send_command('disarm') ignored — port not open
2026-06-26 11:48:35,594  WARNING  PortentaReader      send_command('disarm') ignored — port not open
2026-06-26 11:48:35,655  WARNING  PortentaReader      send_command('disarm') ignored — port not open
2026-06-26 11:48:35,719  WARNING  PortentaReader      send_command('disarm') ignored — port not open
2026-06-26 11:48:35,780  WARNING  PortentaReader      send_command('disarm') ignored — port not open
2026-06-26 11:48:35,841  WARNING  PortentaReader      send_command('disarm') ignored — port not open
2026-06-26 11:48:35,901  WARNING  PortentaReader      send_command('disarm') ignored — port not open
2026-06-26 11:48:35,965  WARNING  PortentaReader      send_command('disarm') ignored — port not open
2026-06-26 11:48:36,026  WARNING  PortentaReader      send_command('disarm') ignored — port not open
2026-06-26 11:48:36,088  WARNING  PortentaReader      send_command('disarm') ignored — port not open
2026-06-26 11:48:36,149  WARNING  PortentaReader      send_command('disarm') ignored — port not open
2026-06-26 11:48:36,212  WARNING  PortentaReader      send_command('disarm') ignored — port not open
2026-06-26 11:48:36,275  WARNING  PortentaReader      send_command('disarm') ignored — port not open
2026-06-26 11:48:36,337  WARNING  PortentaReader      send_command('disarm') ignored — port not open
2026-06-26 11:48:36,398  WARNING  PortentaReader      send_command('disarm') ignored — port not open
2026-06-26 11:48:36,460  WARNING  PortentaReader      send_command('disarm') ignored — port not open
2026-06-26 11:48:36,537  WARNING  RecordingCore       HEALTH WARNING: LCR silent 17.0s — no new samples (auxiliary; other instruments still recording)
2026-06-26 11:48:36,537  WARNING  PortentaReader      send_command('disarm') ignored — port not open
2026-06-26 11:48:36,600  WARNING  PortentaReader      send_command('disarm') ignored — port not open
2026-06-26 11:48:36,662  WARNING  PortentaReader      send_command('disarm') ignored — port not open
2026-06-26 11:48:36,710  WARNING  PortentaReader      send_command('disarm') ignored — port not open
2026-06-26 11:48:36,784  WARNING  PortentaReader      send_command('disarm') ignored — port not open
2026-06-26 11:48:36,845  WARNING  PortentaReader      send_command('disarm') ignored — port not open
2026-06-26 11:48:36,907  WARNING  PortentaReader      send_command('disarm') ignored — port not open
2026-06-26 11:48:36,969  WARNING  PortentaReader      send_command('disarm') ignored — port not open
2026-06-26 11:48:37,030  WARNING  PortentaReader      send_command('disarm') ignored — port not open
2026-06-26 11:48:37,093  WARNING  PortentaReader      send_command('disarm') ignored — port not open
2026-06-26 11:48:37,156  WARNING  PortentaReader      send_command('disarm') ignored — port not open
2026-06-26 11:48:37,217  WARNING  PortentaReader      send_command('disarm') ignored — port not open
2026-06-26 11:48:37,278  WARNING  PortentaReader      send_command('disarm') ignored — port not open
2026-06-26 11:48:37,347  WARNING  PortentaReader      send_command('disarm') ignored — port not open
2026-06-26 11:48:37,402  WARNING  PortentaReader      send_command('disarm') ignored — port not open
2026-06-26 11:48:37,464  WARNING  PortentaReader      send_command('disarm') ignored — port not open
2026-06-26 11:48:37,525  WARNING  PortentaReader      send_command('disarm') ignored — port not open
2026-06-26 11:48:37,588  WARNING  PortentaReader      send_command('disarm') ignored — port not open
2026-06-26 11:48:37,649  WARNING  PortentaReader      send_command('disarm') ignored — port not open
2026-06-26 11:48:37,712  WARNING  PortentaReader      send_command('disarm') ignored — port not open
2026-06-26 11:48:37,775  WARNING  PortentaReader      send_command('disarm') ignored — port not open
2026-06-26 11:48:37,837  WARNING  PortentaReader      send_command('disarm') ignored — port not open
2026-06-26 11:48:37,897  WARNING  PortentaReader      send_command('disarm') ignored — port not open
2026-06-26 11:48:37,959  WARNING  PortentaReader      send_command('disarm') ignored — port not open
2026-06-26 11:48:38,026  WARNING  PortentaReader      send_command('disarm') ignored — port not open
2026-06-26 11:48:38,084  WARNING  PortentaReader      send_command('disarm') ignored — port not open
2026-06-26 11:48:38,150  WARNING  PortentaReader      send_command('disarm') ignored — port not open
2026-06-26 11:48:38,214  WARNING  PortentaReader      send_command('disarm') ignored — port not open
2026-06-26 11:48:38,274  WARNING  PortentaReader      send_command('disarm') ignored — port not open
2026-06-26 11:48:38,341  WARNING  PortentaReader      send_command('disarm') ignored — port not open
2026-06-26 11:48:38,405  WARNING  PortentaReader      send_command('disarm') ignored — port not open
2026-06-26 11:48:38,468  WARNING  PortentaReader      send_command('disarm') ignored — port not open
2026-06-26 11:48:38,529  WARNING  RecordingCore       HEALTH WARNING: LCR silent 19.0s — no new samples (auxiliary; other instruments still recording)
2026-06-26 11:48:38,530  WARNING  PortentaReader      send_command('disarm') ignored — port not open
2026-06-26 11:48:38,591  WARNING  PortentaReader      send_command('disarm') ignored — port not open
2026-06-26 11:48:38,653  WARNING  PortentaReader      send_command('disarm') ignored — port not open
2026-06-26 11:48:38,715  WARNING  PortentaReader      send_command('disarm') ignored — port not open
2026-06-26 11:48:38,777  WARNING  PortentaReader      send_command('disarm') ignored — port not open
2026-06-26 11:48:38,839  WARNING  PortentaReader      send_command('disarm') ignored — port not open
2026-06-26 11:48:38,901  WARNING  PortentaReader      send_command('disarm') ignored — port not open
2026-06-26 11:48:38,961  WARNING  PortentaReader      send_command('disarm') ignored — port not open
2026-06-26 11:48:39,024  WARNING  PortentaReader      send_command('disarm') ignored — port not open
2026-06-26 11:48:39,086  WARNING  PortentaReader      send_command('disarm') ignored — port not open
2026-06-26 11:48:39,148  WARNING  PortentaReader      send_command('disarm') ignored — port not open
2026-06-26 11:48:39,210  WARNING  PortentaReader      send_command('disarm') ignored — port not open
2026-06-26 11:48:39,288  WARNING  PortentaReader      send_command('disarm') ignored — port not open
2026-06-26 11:48:39,350  WARNING  PortentaReader      send_command('disarm') ignored — port not open
2026-06-26 11:48:39,412  WARNING  PortentaReader      send_command('disarm') ignored — port not open
2026-06-26 11:48:39,473  WARNING  PortentaReader      send_command('disarm') ignored — port not open
2026-06-26 11:48:39,536  WARNING  PortentaReader      send_command('disarm') ignored — port not open
2026-06-26 11:48:39,596  WARNING  PortentaReader      send_command('disarm') ignored — port not open
2026-06-26 11:48:39,658  WARNING  PortentaReader      send_command('disarm') ignored — port not open
2026-06-26 11:48:39,720  WARNING  PortentaReader      send_command('disarm') ignored — port not open
2026-06-26 11:48:39,783  WARNING  PortentaReader      send_command('disarm') ignored — port not open
2026-06-26 11:48:39,844  WARNING  PortentaReader      send_command('disarm') ignored — port not open
2026-06-26 11:48:39,905  WARNING  PortentaReader      send_command('disarm') ignored — port not open
2026-06-26 11:48:39,967  WARNING  PortentaReader      send_command('disarm') ignored — port not open
2026-06-26 11:48:40,028  WARNING  PortentaReader      send_command('disarm') ignored — port not open
2026-06-26 11:48:40,090  WARNING  PortentaReader      send_command('disarm') ignored — port not open
2026-06-26 11:48:40,154  WARNING  PortentaReader      send_command('disarm') ignored — port not open
2026-06-26 11:48:40,217  WARNING  PortentaReader      send_command('disarm') ignored — port not open
2026-06-26 11:48:40,278  WARNING  PortentaReader      send_command('disarm') ignored — port not open
2026-06-26 11:48:40,339  WARNING  PortentaReader      send_command('disarm') ignored — port not open
2026-06-26 11:48:40,402  WARNING  PortentaReader      send_command('disarm') ignored — port not open
2026-06-26 11:48:40,464  WARNING  PortentaReader      send_command('disarm') ignored — port not open
2026-06-26 11:48:40,526  WARNING  RecordingCore       HEALTH WARNING: LCR silent 21.0s — no new samples (auxiliary; other instruments still recording)
2026-06-26 11:48:40,528  WARNING  PortentaReader      send_command('disarm') ignored — port not open
2026-06-26 11:48:40,589  WARNING  PortentaReader      send_command('disarm') ignored — port not open
2026-06-26 11:48:40,651  WARNING  PortentaReader      send_command('disarm') ignored — port not open
2026-06-26 11:48:40,713  WARNING  PortentaReader      send_command('disarm') ignored — port not open
2026-06-26 11:48:40,774  WARNING  PortentaReader      send_command('disarm') ignored — port not open
2026-06-26 11:48:40,837  WARNING  PortentaReader      send_command('disarm') ignored — port not open
2026-06-26 11:48:40,899  WARNING  PortentaReader      send_command('disarm') ignored — port not open
2026-06-26 11:48:40,962  WARNING  PortentaReader      send_command('disarm') ignored — port not open
2026-06-26 11:48:41,024  WARNING  PortentaReader      send_command('disarm') ignored — port not open
2026-06-26 11:48:41,086  WARNING  PortentaReader      send_command('disarm') ignored — port not open
2026-06-26 11:48:41,149  WARNING  PortentaReader      send_command('disarm') ignored — port not open
2026-06-26 11:48:41,212  WARNING  PortentaReader      send_command('disarm') ignored — port not open
2026-06-26 11:48:41,273  WARNING  PortentaReader      send_command('disarm') ignored — port not open
2026-06-26 11:48:41,336  WARNING  PortentaReader      send_command('disarm') ignored — port not open
2026-06-26 11:48:41,413  WARNING  PortentaReader      send_command('disarm') ignored — port not open
2026-06-26 11:48:41,475  WARNING  PortentaReader      send_command('disarm') ignored — port not open
2026-06-26 11:48:41,537  WARNING  PortentaReader      send_command('disarm') ignored — port not open
2026-06-26 11:48:41,600  WARNING  PortentaReader      send_command('disarm') ignored — port not open
2026-06-26 11:48:41,662  WARNING  PortentaReader      send_command('disarm') ignored — port not open
2026-06-26 11:48:41,710  WARNING  PortentaReader      send_command('disarm') ignored — port not open
2026-06-26 11:48:41,786  WARNING  PortentaReader      send_command('disarm') ignored — port not open
2026-06-26 11:48:41,847  WARNING  PortentaReader      send_command('disarm') ignored — port not open
2026-06-26 11:48:41,909  WARNING  PortentaReader      send_command('disarm') ignored — port not open
2026-06-26 11:48:41,970  WARNING  PortentaReader      send_command('disarm') ignored — port not open
2026-06-26 11:48:42,031  WARNING  PortentaReader      send_command('disarm') ignored — port not open
2026-06-26 11:48:42,093  WARNING  PortentaReader      send_command('disarm') ignored — port not open
2026-06-26 11:48:42,155  WARNING  PortentaReader      send_command('disarm') ignored — port not open
2026-06-26 11:48:42,215  WARNING  PortentaReader      send_command('disarm') ignored — port not open
2026-06-26 11:48:42,278  WARNING  PortentaReader      send_command('disarm') ignored — port not open
2026-06-26 11:48:42,339  WARNING  PortentaReader      send_command('disarm') ignored — port not open
2026-06-26 11:48:42,401  WARNING  PortentaReader      send_command('disarm') ignored — port not open
2026-06-26 11:48:42,463  WARNING  PortentaReader      send_command('disarm') ignored — port not open
2026-06-26 11:48:42,525  WARNING  RecordingCore       HEALTH WARNING: LCR silent 23.0s — no new samples (auxiliary; other instruments still recording)
2026-06-26 11:48:42,526  WARNING  PortentaReader      send_command('disarm') ignored — port not open
2026-06-26 11:48:42,588  WARNING  PortentaReader      send_command('disarm') ignored — port not open
2026-06-26 11:48:42,649  WARNING  PortentaReader      send_command('disarm') ignored — port not open
2026-06-26 11:48:42,712  WARNING  PortentaReader      send_command('disarm') ignored — port not open
2026-06-26 11:48:42,774  WARNING  PortentaReader      send_command('disarm') ignored — port not open
2026-06-26 11:48:42,850  WARNING  PortentaReader      send_command('disarm') ignored — port not open
2026-06-26 11:48:42,898  WARNING  PortentaReader      send_command('disarm') ignored — port not open
2026-06-26 11:48:42,974  WARNING  PortentaReader      send_command('disarm') ignored — port not open
2026-06-26 11:48:43,036  WARNING  PortentaReader      send_command('disarm') ignored — port not open
2026-06-26 11:48:43,099  WARNING  PortentaReader      send_command('disarm') ignored — port not open
2026-06-26 11:48:43,162  WARNING  PortentaReader      send_command('disarm') ignored — port not open
2026-06-26 11:48:43,223  WARNING  PortentaReader      send_command('disarm') ignored — port not open
2026-06-26 11:48:43,286  WARNING  PortentaReader      send_command('disarm') ignored — port not open
2026-06-26 11:48:43,347  WARNING  PortentaReader      send_command('disarm') ignored — port not open
2026-06-26 11:48:43,444  WARNING  PortentaReader      send_command('disarm') ignored — port not open
2026-06-26 11:48:43,470  WARNING  PortentaReader      send_command('disarm') ignored — port not open
2026-06-26 11:48:43,532  WARNING  PortentaReader      send_command('disarm') ignored — port not open
2026-06-26 11:48:43,587  WARNING  PortentaReader      send_command('disarm') ignored — port not open
2026-06-26 11:48:43,655  WARNING  PortentaReader      send_command('disarm') ignored — port not open
2026-06-26 11:48:43,717  WARNING  PortentaReader      send_command('disarm') ignored — port not open
2026-06-26 11:48:43,780  WARNING  PortentaReader      send_command('disarm') ignored — port not open
2026-06-26 11:48:43,843  WARNING  PortentaReader      send_command('disarm') ignored — port not open
2026-06-26 11:48:43,907  WARNING  PortentaReader      send_command('disarm') ignored — port not open
2026-06-26 11:48:43,967  WARNING  PortentaReader      send_command('disarm') ignored — port not open
2026-06-26 11:48:44,029  WARNING  PortentaReader      send_command('disarm') ignored — port not open
2026-06-26 11:48:44,090  WARNING  PortentaReader      send_command('disarm') ignored — port not open
2026-06-26 11:48:44,151  WARNING  PortentaReader      send_command('disarm') ignored — port not open
2026-06-26 11:48:44,213  WARNING  PortentaReader      send_command('disarm') ignored — port not open
2026-06-26 11:48:44,274  WARNING  PortentaReader      send_command('disarm') ignored — port not open
2026-06-26 11:48:44,337  WARNING  PortentaReader      send_command('disarm') ignored — port not open
2026-06-26 11:48:44,399  WARNING  PortentaReader      send_command('disarm') ignored — port not open
2026-06-26 11:48:44,462  WARNING  PortentaReader      send_command('disarm') ignored — port not open
2026-06-26 11:48:44,523  WARNING  RecordingCore       HEALTH WARNING: LCR silent 25.0s — no new samples (auxiliary; other instruments still recording)
2026-06-26 11:48:44,523  WARNING  PortentaReader      send_command('disarm') ignored — port not open
2026-06-26 11:48:44,588  WARNING  PortentaReader      send_command('disarm') ignored — port not open
2026-06-26 11:48:44,661  WARNING  PortentaReader      send_command('disarm') ignored — port not open
2026-06-26 11:48:44,722  WARNING  PortentaReader      send_command('disarm') ignored — port not open
2026-06-26 11:48:44,784  WARNING  PortentaReader      send_command('disarm') ignored — port not open
2026-06-26 11:48:44,846  WARNING  PortentaReader      send_command('disarm') ignored — port not open
2026-06-26 11:48:44,908  WARNING  PortentaReader      send_command('disarm') ignored — port not open
2026-06-26 11:48:44,971  WARNING  PortentaReader      send_command('disarm') ignored — port not open
2026-06-26 11:48:45,032  WARNING  PortentaReader      send_command('disarm') ignored — port not open
2026-06-26 11:48:45,094  WARNING  PortentaReader      send_command('disarm') ignored — port not open
2026-06-26 11:48:45,155  WARNING  PortentaReader      send_command('disarm') ignored — port not open
2026-06-26 11:48:45,217  WARNING  PortentaReader      send_command('disarm') ignored — port not open
2026-06-26 11:48:45,279  WARNING  PortentaReader      send_command('disarm') ignored — port not open
2026-06-26 11:48:45,341  WARNING  PortentaReader      send_command('disarm') ignored — port not open
2026-06-26 11:48:45,403  WARNING  PortentaReader      send_command('disarm') ignored — port not open
2026-06-26 11:48:45,466  WARNING  PortentaReader      send_command('disarm') ignored — port not open
2026-06-26 11:48:45,526  WARNING  PortentaReader      send_command('disarm') ignored — port not open
2026-06-26 11:48:45,586  WARNING  PortentaReader      send_command('disarm') ignored — port not open
2026-06-26 11:48:45,649  WARNING  PortentaReader      send_command('disarm') ignored — port not open
2026-06-26 11:48:45,711  WARNING  PortentaReader      send_command('disarm') ignored — port not open
2026-06-26 11:48:45,772  WARNING  PortentaReader      send_command('disarm') ignored — port not open
2026-06-26 11:48:45,835  WARNING  PortentaReader      send_command('disarm') ignored — port not open
2026-06-26 11:48:45,898  WARNING  PortentaReader      send_command('disarm') ignored — port not open
2026-06-26 11:48:45,961  WARNING  PortentaReader      send_command('disarm') ignored — port not open
2026-06-26 11:48:46,022  WARNING  PortentaReader      send_command('disarm') ignored — port not open
2026-06-26 11:48:46,085  WARNING  PortentaReader      send_command('disarm') ignored — port not open
2026-06-26 11:48:46,162  WARNING  PortentaReader      send_command('disarm') ignored — port not open
2026-06-26 11:48:46,224  WARNING  PortentaReader      send_command('disarm') ignored — port not open
2026-06-26 11:48:46,286  WARNING  PortentaReader      send_command('disarm') ignored — port not open
2026-06-26 11:48:46,348  WARNING  PortentaReader      send_command('disarm') ignored — port not open
2026-06-26 11:48:46,409  WARNING  PortentaReader      send_command('disarm') ignored — port not open
2026-06-26 11:48:46,472  WARNING  PortentaReader      send_command('disarm') ignored — port not open
2026-06-26 11:48:46,532  WARNING  RecordingCore       HEALTH WARNING: LCR silent 27.0s — no new samples (auxiliary; other instruments still recording)
2026-06-26 11:48:46,533  WARNING  PortentaReader      send_command('disarm') ignored — port not open
2026-06-26 11:48:46,595  WARNING  PortentaReader      send_command('disarm') ignored — port not open
2026-06-26 11:48:46,656  WARNING  PortentaReader      send_command('disarm') ignored — port not open
2026-06-26 11:48:46,718  WARNING  PortentaReader      send_command('disarm') ignored — port not open
2026-06-26 11:48:46,781  WARNING  PortentaReader      send_command('disarm') ignored — port not open
2026-06-26 11:48:46,844  WARNING  PortentaReader      send_command('disarm') ignored — port not open
2026-06-26 11:48:46,906  WARNING  PortentaReader      send_command('disarm') ignored — port not open
2026-06-26 11:48:46,968  WARNING  PortentaReader      send_command('disarm') ignored — port not open
2026-06-26 11:48:47,030  WARNING  PortentaReader      send_command('disarm') ignored — port not open
2026-06-26 11:48:47,093  WARNING  PortentaReader      send_command('disarm') ignored — port not open
2026-06-26 11:48:47,154  WARNING  PortentaReader      send_command('disarm') ignored — port not open
2026-06-26 11:48:47,216  WARNING  PortentaReader      send_command('disarm') ignored — port not open
2026-06-26 11:48:47,278  WARNING  PortentaReader      send_command('disarm') ignored — port not open
2026-06-26 11:48:47,340  WARNING  PortentaReader      send_command('disarm') ignored — port not open
2026-06-26 11:48:47,402  WARNING  PortentaReader      send_command('disarm') ignored — port not open
2026-06-26 11:48:47,463  WARNING  PortentaReader      send_command('disarm') ignored — port not open
2026-06-26 11:48:47,525  WARNING  PortentaReader      send_command('disarm') ignored — port not open
2026-06-26 11:48:47,588  WARNING  PortentaReader      send_command('disarm') ignored — port not open
2026-06-26 11:48:47,649  WARNING  PortentaReader      send_command('disarm') ignored — port not open
2026-06-26 11:48:47,710  WARNING  PortentaReader      send_command('disarm') ignored — port not open
2026-06-26 11:48:47,773  WARNING  PortentaReader      send_command('disarm') ignored — port not open
2026-06-26 11:48:47,835  WARNING  PortentaReader      send_command('disarm') ignored — port not open
2026-06-26 11:48:47,912  WARNING  PortentaReader      send_command('disarm') ignored — port not open
2026-06-26 11:48:47,974  WARNING  PortentaReader      send_command('disarm') ignored — port not open
2026-06-26 11:48:48,022  WARNING  PortentaReader      send_command('disarm') ignored — port not open
2026-06-26 11:48:48,100  WARNING  PortentaReader      send_command('disarm') ignored — port not open
2026-06-26 11:48:48,162  WARNING  PortentaReader      send_command('disarm') ignored — port not open
2026-06-26 11:48:48,223  WARNING  PortentaReader      send_command('disarm') ignored — port not open
2026-06-26 11:48:48,287  WARNING  PortentaReader      send_command('disarm') ignored — port not open
2026-06-26 11:48:48,348  WARNING  PortentaReader      send_command('disarm') ignored — port not open
2026-06-26 11:48:48,410  WARNING  PortentaReader      send_command('disarm') ignored — port not open
2026-06-26 11:48:48,472  WARNING  PortentaReader      send_command('disarm') ignored — port not open
2026-06-26 11:48:48,534  WARNING  RecordingCore       HEALTH WARNING: LCR silent 29.0s — no new samples (auxiliary; other instruments still recording)
2026-06-26 11:48:48,535  WARNING  PortentaReader      send_command('disarm') ignored — port not open
2026-06-26 11:48:48,596  WARNING  PortentaReader      send_command('disarm') ignored — port not open
2026-06-26 11:48:48,657  WARNING  PortentaReader      send_command('disarm') ignored — port not open
2026-06-26 11:48:48,719  WARNING  PortentaReader      send_command('disarm') ignored — port not open
2026-06-26 11:48:48,781  WARNING  PortentaReader      send_command('disarm') ignored — port not open
2026-06-26 11:48:48,842  WARNING  PortentaReader      send_command('disarm') ignored — port not open
2026-06-26 11:48:48,903  WARNING  PortentaReader      send_command('disarm') ignored — port not open
2026-06-26 11:48:48,964  WARNING  PortentaReader      send_command('disarm') ignored — port not open
2026-06-26 11:48:49,025  WARNING  PortentaReader      send_command('disarm') ignored — port not open
2026-06-26 11:48:49,087  WARNING  PortentaReader      send_command('disarm') ignored — port not open
2026-06-26 11:48:49,149  WARNING  PortentaReader      send_command('disarm') ignored — port not open
2026-06-26 11:48:49,212  WARNING  PortentaReader      send_command('disarm') ignored — port not open
2026-06-26 11:48:49,275  WARNING  PortentaReader      send_command('disarm') ignored — port not open
2026-06-26 11:48:49,336  WARNING  PortentaReader      send_command('disarm') ignored — port not open
2026-06-26 11:48:49,412  WARNING  PortentaReader      send_command('disarm') ignored — port not open
2026-06-26 11:48:49,474  WARNING  PortentaReader      send_command('disarm') ignored — port not open
2026-06-26 11:48:49,536  WARNING  PortentaReader      send_command('disarm') ignored — port not open
2026-06-26 11:48:49,596  WARNING  PortentaReader      send_command('disarm') ignored — port not open
2026-06-26 11:48:49,658  WARNING  PortentaReader      send_command('disarm') ignored — port not open
2026-06-26 11:48:49,722  WARNING  PortentaReader      send_command('disarm') ignored — port not open
2026-06-26 11:48:49,783  WARNING  PortentaReader      send_command('disarm') ignored — port not open
2026-06-26 11:48:49,847  WARNING  PortentaReader      send_command('disarm') ignored — port not open
2026-06-26 11:48:49,908  WARNING  PortentaReader      send_command('disarm') ignored — port not open
2026-06-26 11:48:49,968  WARNING  PortentaReader      send_command('disarm') ignored — port not open
2026-06-26 11:48:50,030  WARNING  PortentaReader      send_command('disarm') ignored — port not open
2026-06-26 11:48:50,092  WARNING  PortentaReader      send_command('disarm') ignored — port not open
2026-06-26 11:48:50,155  WARNING  PortentaReader      send_command('disarm') ignored — port not open
2026-06-26 11:48:50,220  WARNING  PortentaReader      send_command('disarm') ignored — port not open
2026-06-26 11:48:50,279  WARNING  PortentaReader      send_command('disarm') ignored — port not open
2026-06-26 11:48:50,340  WARNING  PortentaReader      send_command('disarm') ignored — port not open
2026-06-26 11:48:50,404  WARNING  PortentaReader      send_command('disarm') ignored — port not open
2026-06-26 11:48:50,465  WARNING  PortentaReader      send_command('disarm') ignored — port not open
2026-06-26 11:48:50,526  WARNING  RecordingCore       HEALTH WARNING: LCR silent 31.0s — no new samples (auxiliary; other instruments still recording)
2026-06-26 11:48:50,526  WARNING  PortentaReader      send_command('disarm') ignored — port not open
2026-06-26 11:48:50,589  WARNING  PortentaReader      send_command('disarm') ignored — port not open
2026-06-26 11:48:50,651  WARNING  PortentaReader      send_command('disarm') ignored — port not open
2026-06-26 11:48:50,713  WARNING  PortentaReader      send_command('disarm') ignored — port not open
2026-06-26 11:48:50,775  WARNING  PortentaReader      send_command('disarm') ignored — port not open
2026-06-26 11:48:50,836  WARNING  PortentaReader      send_command('disarm') ignored — port not open
2026-06-26 11:48:50,897  WARNING  PortentaReader      send_command('disarm') ignored — port not open
2026-06-26 11:48:50,960  WARNING  PortentaReader      send_command('disarm') ignored — port not open
2026-06-26 11:48:51,023  WARNING  PortentaReader      send_command('disarm') ignored — port not open
2026-06-26 11:48:51,085  WARNING  PortentaReader      send_command('disarm') ignored — port not open
2026-06-26 11:48:51,147  WARNING  PortentaReader      send_command('disarm') ignored — port not open
2026-06-26 11:48:51,223  WARNING  PortentaReader      send_command('disarm') ignored — port not open
2026-06-26 11:48:51,284  WARNING  PortentaReader      send_command('disarm') ignored — port not open
2026-06-26 11:48:51,341  WARNING  PortentaReader      send_command('disarm') ignored — port not open
2026-06-26 11:48:51,406  WARNING  PortentaReader      send_command('disarm') ignored — port not open
2026-06-26 11:48:51,481  WARNING  PortentaReader      send_command('disarm') ignored — port not open
2026-06-26 11:48:51,531  WARNING  PortentaReader      send_command('disarm') ignored — port not open
2026-06-26 11:48:51,587  WARNING  PortentaReader      send_command('disarm') ignored — port not open
2026-06-26 11:48:51,655  WARNING  PortentaReader      send_command('disarm') ignored — port not open
2026-06-26 11:48:51,724  WARNING  PortentaReader      send_command('disarm') ignored — port not open
2026-06-26 11:48:51,777  WARNING  PortentaReader      send_command('disarm') ignored — port not open
2026-06-26 11:48:51,839  WARNING  PortentaReader      send_command('disarm') ignored — port not open
2026-06-26 11:48:51,900  WARNING  PortentaReader      send_command('disarm') ignored — port not open
2026-06-26 11:48:51,960  WARNING  PortentaReader      send_command('disarm') ignored — port not open
2026-06-26 11:48:52,036  WARNING  PortentaReader      send_command('disarm') ignored — port not open
2026-06-26 11:48:52,100  WARNING  PortentaReader      send_command('disarm') ignored — port not open
2026-06-26 11:48:52,160  WARNING  PortentaReader      send_command('disarm') ignored — port not open
2026-06-26 11:48:52,221  WARNING  PortentaReader      send_command('disarm') ignored — port not open
2026-06-26 11:48:52,283  WARNING  PortentaReader      send_command('disarm') ignored — port not open
2026-06-26 11:48:52,344  WARNING  PortentaReader      send_command('disarm') ignored — port not open
2026-06-26 11:48:52,407  WARNING  PortentaReader      send_command('disarm') ignored — port not open
2026-06-26 11:48:52,467  WARNING  PortentaReader      send_command('disarm') ignored — port not open
2026-06-26 11:48:52,529  WARNING  RecordingCore       HEALTH WARNING: LCR silent 33.0s — no new samples (auxiliary; other instruments still recording)
2026-06-26 11:48:52,529  WARNING  PortentaReader      send_command('disarm') ignored — port not open
2026-06-26 11:48:52,591  WARNING  PortentaReader      send_command('disarm') ignored — port not open
2026-06-26 11:48:52,652  WARNING  PortentaReader      send_command('disarm') ignored — port not open
2026-06-26 11:48:52,714  WARNING  PortentaReader      send_command('disarm') ignored — port not open
2026-06-26 11:48:52,776  WARNING  PortentaReader      send_command('disarm') ignored — port not open
2026-06-26 11:48:52,838  WARNING  PortentaReader      send_command('disarm') ignored — port not open
2026-06-26 11:48:52,899  WARNING  PortentaReader      send_command('disarm') ignored — port not open
2026-06-26 11:48:52,961  WARNING  PortentaReader      send_command('disarm') ignored — port not open
2026-06-26 11:48:53,023  WARNING  PortentaReader      send_command('disarm') ignored — port not open
2026-06-26 11:48:53,100  WARNING  PortentaReader      send_command('disarm') ignored — port not open
2026-06-26 11:48:53,162  WARNING  PortentaReader      send_command('disarm') ignored — port not open
2026-06-26 11:48:53,225  WARNING  PortentaReader      send_command('disarm') ignored — port not open
2026-06-26 11:48:53,288  WARNING  PortentaReader      send_command('disarm') ignored — port not open
2026-06-26 11:48:53,348  WARNING  PortentaReader      send_command('disarm') ignored — port not open
2026-06-26 11:48:53,411  WARNING  PortentaReader      send_command('disarm') ignored — port not open
2026-06-26 11:48:53,474  WARNING  PortentaReader      send_command('disarm') ignored — port not open
2026-06-26 11:48:53,535  WARNING  PortentaReader      send_command('disarm') ignored — port not open
2026-06-26 11:48:53,597  WARNING  PortentaReader      send_command('disarm') ignored — port not open
2026-06-26 11:48:53,658  WARNING  PortentaReader      send_command('disarm') ignored — port not open
2026-06-26 11:48:53,720  WARNING  PortentaReader      send_command('disarm') ignored — port not open
2026-06-26 11:48:53,782  WARNING  PortentaReader      send_command('disarm') ignored — port not open
2026-06-26 11:48:53,843  WARNING  PortentaReader      send_command('disarm') ignored — port not open
2026-06-26 11:48:53,904  WARNING  PortentaReader      send_command('disarm') ignored — port not open
2026-06-26 11:48:53,967  WARNING  PortentaReader      send_command('disarm') ignored — port not open
2026-06-26 11:48:54,029  WARNING  PortentaReader      send_command('disarm') ignored — port not open
2026-06-26 11:48:54,092  WARNING  PortentaReader      send_command('disarm') ignored — port not open
2026-06-26 11:48:54,154  WARNING  PortentaReader      send_command('disarm') ignored — port not open
2026-06-26 11:48:54,216  WARNING  PortentaReader      send_command('disarm') ignored — port not open
2026-06-26 11:48:54,278  WARNING  PortentaReader      send_command('disarm') ignored — port not open
2026-06-26 11:48:54,340  WARNING  PortentaReader      send_command('disarm') ignored — port not open
2026-06-26 11:48:54,402  WARNING  PortentaReader      send_command('disarm') ignored — port not open
2026-06-26 11:48:54,464  WARNING  PortentaReader      send_command('disarm') ignored — port not open
2026-06-26 11:48:54,525  WARNING  RecordingCore       HEALTH WARNING: LCR silent 35.0s — no new samples (auxiliary; other instruments still recording)
2026-06-26 11:48:54,526  WARNING  PortentaReader      send_command('disarm') ignored — port not open
2026-06-26 11:48:54,588  WARNING  PortentaReader      send_command('disarm') ignored — port not open
2026-06-26 11:48:54,650  WARNING  PortentaReader      send_command('disarm') ignored — port not open
2026-06-26 11:48:54,713  WARNING  PortentaReader      send_command('disarm') ignored — port not open
2026-06-26 11:48:54,774  WARNING  PortentaReader      send_command('disarm') ignored — port not open
2026-06-26 11:48:54,835  WARNING  PortentaReader      send_command('disarm') ignored — port not open
2026-06-26 11:48:54,912  WARNING  PortentaReader      send_command('disarm') ignored — port not open
2026-06-26 11:48:54,974  WARNING  PortentaReader      send_command('disarm') ignored — port not open
2026-06-26 11:48:55,036  WARNING  PortentaReader      send_command('disarm') ignored — port not open
2026-06-26 11:48:55,098  WARNING  PortentaReader      send_command('disarm') ignored — port not open
2026-06-26 11:48:55,160  WARNING  PortentaReader      send_command('disarm') ignored — port not open
2026-06-26 11:48:55,221  WARNING  PortentaReader      send_command('disarm') ignored — port not open
2026-06-26 11:48:55,282  WARNING  PortentaReader      send_command('disarm') ignored — port not open
2026-06-26 11:48:55,344  WARNING  PortentaReader      send_command('disarm') ignored — port not open
2026-06-26 11:48:55,406  WARNING  PortentaReader      send_command('disarm') ignored — port not open
2026-06-26 11:48:55,467  WARNING  PortentaReader      send_command('disarm') ignored — port not open
2026-06-26 11:48:55,529  WARNING  PortentaReader      send_command('disarm') ignored — port not open
2026-06-26 11:48:55,591  WARNING  PortentaReader      send_command('disarm') ignored — port not open
2026-06-26 11:48:55,653  WARNING  PortentaReader      send_command('disarm') ignored — port not open
2026-06-26 11:48:55,716  WARNING  PortentaReader      send_command('disarm') ignored — port not open
2026-06-26 11:48:55,778  WARNING  PortentaReader      send_command('disarm') ignored — port not open
2026-06-26 11:48:55,840  WARNING  PortentaReader      send_command('disarm') ignored — port not open
2026-06-26 11:48:55,902  WARNING  PortentaReader      send_command('disarm') ignored — port not open
2026-06-26 11:48:55,963  WARNING  PortentaReader      send_command('disarm') ignored — port not open
2026-06-26 11:48:56,025  WARNING  PortentaReader      send_command('disarm') ignored — port not open
2026-06-26 11:48:56,086  WARNING  PortentaReader      send_command('disarm') ignored — port not open
2026-06-26 11:48:56,149  WARNING  PortentaReader      send_command('disarm') ignored — port not open
2026-06-26 11:48:56,211  WARNING  PortentaReader      send_command('disarm') ignored — port not open
2026-06-26 11:48:56,272  WARNING  PortentaReader      send_command('disarm') ignored — port not open
2026-06-26 11:48:56,350  WARNING  PortentaReader      send_command('disarm') ignored — port not open
2026-06-26 11:48:56,412  WARNING  PortentaReader      send_command('disarm') ignored — port not open
2026-06-26 11:48:56,473  WARNING  PortentaReader      send_command('disarm') ignored — port not open
2026-06-26 11:48:56,534  WARNING  RecordingCore       HEALTH WARNING: LCR silent 37.0s — no new samples (auxiliary; other instruments still recording)
2026-06-26 11:48:56,535  WARNING  PortentaReader      send_command('disarm') ignored — port not open
2026-06-26 11:48:56,596  WARNING  PortentaReader      send_command('disarm') ignored — port not open
2026-06-26 11:48:56,658  WARNING  PortentaReader      send_command('disarm') ignored — port not open
2026-06-26 11:48:56,719  WARNING  PortentaReader      send_command('disarm') ignored — port not open
2026-06-26 11:48:56,781  WARNING  PortentaReader      send_command('disarm') ignored — port not open
2026-06-26 11:48:56,844  WARNING  PortentaReader      send_command('disarm') ignored — port not open
2026-06-26 11:48:56,907  WARNING  PortentaReader      send_command('disarm') ignored — port not open
2026-06-26 11:48:56,969  WARNING  PortentaReader      send_command('disarm') ignored — port not open
2026-06-26 11:48:57,032  WARNING  PortentaReader      send_command('disarm') ignored — port not open
2026-06-26 11:48:57,092  WARNING  PortentaReader      send_command('disarm') ignored — port not open
2026-06-26 11:48:57,154  WARNING  PortentaReader      send_command('disarm') ignored — port not open
2026-06-26 11:48:57,216  WARNING  PortentaReader      send_command('disarm') ignored — port not open
2026-06-26 11:48:57,278  WARNING  PortentaReader      send_command('disarm') ignored — port not open
2026-06-26 11:48:57,339  WARNING  PortentaReader      send_command('disarm') ignored — port not open
2026-06-26 11:48:57,401  WARNING  PortentaReader      send_command('disarm') ignored — port not open
2026-06-26 11:48:57,463  WARNING  PortentaReader      send_command('disarm') ignored — port not open
2026-06-26 11:48:57,525  WARNING  PortentaReader      send_command('disarm') ignored — port not open
2026-06-26 11:48:57,585  WARNING  PortentaReader      send_command('disarm') ignored — port not open
2026-06-26 11:48:57,647  WARNING  PortentaReader      send_command('disarm') ignored — port not open
2026-06-26 11:48:57,710  WARNING  PortentaReader      send_command('disarm') ignored — port not open
2026-06-26 11:48:57,786  WARNING  PortentaReader      send_command('disarm') ignored — port not open
2026-06-26 11:48:57,847  WARNING  PortentaReader      send_command('disarm') ignored — port not open
2026-06-26 11:48:57,913  WARNING  PortentaReader      send_command('disarm') ignored — port not open
2026-06-26 11:48:57,970  WARNING  PortentaReader      send_command('disarm') ignored — port not open
2026-06-26 11:48:58,033  WARNING  PortentaReader      send_command('disarm') ignored — port not open
2026-06-26 11:48:58,094  WARNING  PortentaReader      send_command('disarm') ignored — port not open
2026-06-26 11:48:58,155  WARNING  PortentaReader      send_command('disarm') ignored — port not open
2026-06-26 11:48:58,218  WARNING  PortentaReader      send_command('disarm') ignored — port not open
2026-06-26 11:48:58,279  WARNING  PortentaReader      send_command('disarm') ignored — port not open
2026-06-26 11:48:58,342  WARNING  PortentaReader      send_command('disarm') ignored — port not open
2026-06-26 11:48:58,403  WARNING  PortentaReader      send_command('disarm') ignored — port not open
2026-06-26 11:48:58,465  WARNING  PortentaReader      send_command('disarm') ignored — port not open
2026-06-26 11:48:58,527  WARNING  RecordingCore       HEALTH WARNING: LCR silent 39.0s — no new samples (auxiliary; other instruments still recording)
2026-06-26 11:48:58,527  WARNING  PortentaReader      send_command('disarm') ignored — port not open
2026-06-26 11:48:58,589  WARNING  PortentaReader      send_command('disarm') ignored — port not open
2026-06-26 11:48:58,650  WARNING  PortentaReader      send_command('disarm') ignored — port not open
2026-06-26 11:48:58,713  WARNING  PortentaReader      send_command('disarm') ignored — port not open
2026-06-26 11:48:58,775  WARNING  PortentaReader      send_command('disarm') ignored — port not open
2026-06-26 11:48:58,835  WARNING  PortentaReader      send_command('disarm') ignored — port not open
2026-06-26 11:48:58,897  WARNING  PortentaReader      send_command('disarm') ignored — port not open
2026-06-26 11:48:58,975  WARNING  PortentaReader      send_command('disarm') ignored — port not open
2026-06-26 11:48:59,036  WARNING  PortentaReader      send_command('disarm') ignored — port not open
2026-06-26 11:48:59,098  WARNING  PortentaReader      send_command('disarm') ignored — port not open
2026-06-26 11:48:59,160  WARNING  PortentaReader      send_command('disarm') ignored — port not open
2026-06-26 11:48:59,223  WARNING  PortentaReader      send_command('disarm') ignored — port not open
2026-06-26 11:48:59,285  WARNING  PortentaReader      send_command('disarm') ignored — port not open
2026-06-26 11:48:59,348  WARNING  PortentaReader      send_command('disarm') ignored — port not open
2026-06-26 11:48:59,410  WARNING  PortentaReader      send_command('disarm') ignored — port not open
2026-06-26 11:48:59,472  WARNING  PortentaReader      send_command('disarm') ignored — port not open
2026-06-26 11:48:59,534  WARNING  PortentaReader      send_command('disarm') ignored — port not open
2026-06-26 11:48:59,596  WARNING  PortentaReader      send_command('disarm') ignored — port not open
2026-06-26 11:48:59,658  WARNING  PortentaReader      send_command('disarm') ignored — port not open
2026-06-26 11:48:59,720  WARNING  PortentaReader      send_command('disarm') ignored — port not open
2026-06-26 11:48:59,782  WARNING  PortentaReader      send_command('disarm') ignored — port not open
2026-06-26 11:48:59,844  WARNING  PortentaReader      send_command('disarm') ignored — port not open
2026-06-26 11:48:59,906  WARNING  PortentaReader      send_command('disarm') ignored — port not open
2026-06-26 11:48:59,968  WARNING  PortentaReader      send_command('disarm') ignored — port not open
2026-06-26 11:49:00,030  WARNING  PortentaReader      send_command('disarm') ignored — port not open
2026-06-26 11:49:00,091  WARNING  PortentaReader      send_command('disarm') ignored — port not open
2026-06-26 11:49:00,153  WARNING  PortentaReader      send_command('disarm') ignored — port not open
2026-06-26 11:49:00,215  WARNING  PortentaReader      send_command('disarm') ignored — port not open
2026-06-26 11:49:00,277  WARNING  PortentaReader      send_command('disarm') ignored — port not open
2026-06-26 11:49:00,339  WARNING  PortentaReader      send_command('disarm') ignored — port not open
2026-06-26 11:49:00,401  WARNING  PortentaReader      send_command('disarm') ignored — port not open
2026-06-26 11:49:00,463  WARNING  PortentaReader      send_command('disarm') ignored — port not open
2026-06-26 11:49:00,525  WARNING  RecordingCore       HEALTH WARNING: LCR silent 41.0s — no new samples (auxiliary; other instruments still recording)
2026-06-26 11:49:00,525  WARNING  PortentaReader      send_command('disarm') ignored — port not open
2026-06-26 11:49:00,587  WARNING  PortentaReader      send_command('disarm') ignored — port not open
2026-06-26 11:49:00,649  WARNING  PortentaReader      send_command('disarm') ignored — port not open
2026-06-26 11:49:00,710  WARNING  PortentaReader      send_command('disarm') ignored — port not open
2026-06-26 11:49:00,787  WARNING  PortentaReader      send_command('disarm') ignored — port not open
2026-06-26 11:49:00,850  WARNING  PortentaReader      send_command('disarm') ignored — port not open
2026-06-26 11:49:00,911  WARNING  PortentaReader      send_command('disarm') ignored — port not open
2026-06-26 11:49:00,973  WARNING  PortentaReader      send_command('disarm') ignored — port not open
2026-06-26 11:49:01,036  WARNING  PortentaReader      send_command('disarm') ignored — port not open
2026-06-26 11:49:01,097  WARNING  PortentaReader      send_command('disarm') ignored — port not open
2026-06-26 11:49:01,158  WARNING  PortentaReader      send_command('disarm') ignored — port not open
2026-06-26 11:49:01,220  WARNING  PortentaReader      send_command('disarm') ignored — port not open
2026-06-26 11:49:01,281  WARNING  PortentaReader      send_command('disarm') ignored — port not open
2026-06-26 11:49:01,343  WARNING  PortentaReader      send_command('disarm') ignored — port not open
2026-06-26 11:49:01,404  WARNING  PortentaReader      send_command('disarm') ignored — port not open
2026-06-26 11:49:01,466  WARNING  PortentaReader      send_command('disarm') ignored — port not open
2026-06-26 11:49:01,528  WARNING  PortentaReader      send_command('disarm') ignored — port not open
2026-06-26 11:49:01,590  WARNING  PortentaReader      send_command('disarm') ignored — port not open
2026-06-26 11:49:01,653  WARNING  PortentaReader      send_command('disarm') ignored — port not open
2026-06-26 11:49:01,715  WARNING  PortentaReader      send_command('disarm') ignored — port not open
2026-06-26 11:49:01,777  WARNING  PortentaReader      send_command('disarm') ignored — port not open
2026-06-26 11:49:01,838  WARNING  PortentaReader      send_command('disarm') ignored — port not open
2026-06-26 11:49:01,899  WARNING  PortentaReader      send_command('disarm') ignored — port not open
2026-06-26 11:49:01,961  WARNING  PortentaReader      send_command('disarm') ignored — port not open
2026-06-26 11:49:02,023  WARNING  PortentaReader      send_command('disarm') ignored — port not open
2026-06-26 11:49:02,099  WARNING  PortentaReader      send_command('disarm') ignored — port not open
2026-06-26 11:49:02,162  WARNING  PortentaReader      send_command('disarm') ignored — port not open
2026-06-26 11:49:02,225  WARNING  PortentaReader      send_command('disarm') ignored — port not open
2026-06-26 11:49:02,288  WARNING  PortentaReader      send_command('disarm') ignored — port not open
2026-06-26 11:49:02,349  WARNING  PortentaReader      send_command('disarm') ignored — port not open
2026-06-26 11:49:02,410  WARNING  PortentaReader      send_command('disarm') ignored — port not open
2026-06-26 11:49:02,473  WARNING  PortentaReader      send_command('disarm') ignored — port not open
2026-06-26 11:49:02,536  WARNING  RecordingCore       HEALTH WARNING: LCR silent 43.0s — no new samples (auxiliary; other instruments still recording)
2026-06-26 11:49:02,536  WARNING  PortentaReader      send_command('disarm') ignored — port not open
2026-06-26 11:49:02,598  WARNING  PortentaReader      send_command('disarm') ignored — port not open
2026-06-26 11:49:02,659  WARNING  PortentaReader      send_command('disarm') ignored — port not open
2026-06-26 11:49:02,721  WARNING  PortentaReader      send_command('disarm') ignored — port not open
2026-06-26 11:49:02,782  WARNING  PortentaReader      send_command('disarm') ignored — port not open
2026-06-26 11:49:02,845  WARNING  PortentaReader      send_command('disarm') ignored — port not open
2026-06-26 11:49:02,906  WARNING  PortentaReader      send_command('disarm') ignored — port not open
2026-06-26 11:49:02,968  WARNING  PortentaReader      send_command('disarm') ignored — port not open
2026-06-26 11:49:03,030  WARNING  PortentaReader      send_command('disarm') ignored — port not open
2026-06-26 11:49:03,093  WARNING  PortentaReader      send_command('disarm') ignored — port not open
2026-06-26 11:49:03,155  WARNING  PortentaReader      send_command('disarm') ignored — port not open
2026-06-26 11:49:03,216  WARNING  PortentaReader      send_command('disarm') ignored — port not open
2026-06-26 11:49:03,278  WARNING  PortentaReader      send_command('disarm') ignored — port not open
2026-06-26 11:49:03,341  WARNING  PortentaReader      send_command('disarm') ignored — port not open
2026-06-26 11:49:03,403  WARNING  PortentaReader      send_command('disarm') ignored — port not open
2026-06-26 11:49:03,464  WARNING  PortentaReader      send_command('disarm') ignored — port not open
2026-06-26 11:49:03,526  WARNING  PortentaReader      send_command('disarm') ignored — port not open
2026-06-26 11:49:03,588  WARNING  PortentaReader      send_command('disarm') ignored — port not open
2026-06-26 11:49:03,659  WARNING  PortentaReader      send_command('disarm') ignored — port not open
2026-06-26 11:49:03,713  WARNING  PortentaReader      send_command('disarm') ignored — port not open
2026-06-26 11:49:03,774  WARNING  PortentaReader      send_command('disarm') ignored — port not open
2026-06-26 11:49:03,850  WARNING  PortentaReader      send_command('disarm') ignored — port not open
2026-06-26 11:49:03,911  WARNING  PortentaReader      send_command('disarm') ignored — port not open
2026-06-26 11:49:03,973  WARNING  PortentaReader      send_command('disarm') ignored — port not open
2026-06-26 11:49:04,036  WARNING  PortentaReader      send_command('disarm') ignored — port not open
2026-06-26 11:49:04,096  WARNING  PortentaReader      send_command('disarm') ignored — port not open
2026-06-26 11:49:04,162  WARNING  PortentaReader      send_command('disarm') ignored — port not open
2026-06-26 11:49:04,222  WARNING  PortentaReader      send_command('disarm') ignored — port not open
2026-06-26 11:49:04,283  WARNING  PortentaReader      send_command('disarm') ignored — port not open
2026-06-26 11:49:04,345  WARNING  PortentaReader      send_command('disarm') ignored — port not open
2026-06-26 11:49:04,407  WARNING  PortentaReader      send_command('disarm') ignored — port not open
2026-06-26 11:49:04,468  WARNING  PortentaReader      send_command('disarm') ignored — port not open
2026-06-26 11:49:04,530  WARNING  RecordingCore       HEALTH WARNING: LCR silent 45.0s — no new samples (auxiliary; other instruments still recording)
2026-06-26 11:49:04,530  WARNING  PortentaReader      send_command('disarm') ignored — port not open
2026-06-26 11:49:04,592  WARNING  PortentaReader      send_command('disarm') ignored — port not open
2026-06-26 11:49:04,654  WARNING  PortentaReader      send_command('disarm') ignored — port not open
2026-06-26 11:49:04,715  WARNING  PortentaReader      send_command('disarm') ignored — port not open
2026-06-26 11:49:04,777  WARNING  PortentaReader      send_command('disarm') ignored — port not open
2026-06-26 11:49:04,838  WARNING  PortentaReader      send_command('disarm') ignored — port not open
2026-06-26 11:49:04,899  WARNING  PortentaReader      send_command('disarm') ignored — port not open
2026-06-26 11:49:04,961  WARNING  PortentaReader      send_command('disarm') ignored — port not open
2026-06-26 11:49:05,023  WARNING  PortentaReader      send_command('disarm') ignored — port not open
2026-06-26 11:49:05,100  WARNING  PortentaReader      send_command('disarm') ignored — port not open
2026-06-26 11:49:05,158  WARNING  PortentaReader      send_command('disarm') ignored — port not open
2026-06-26 11:49:05,224  WARNING  PortentaReader      send_command('disarm') ignored — port not open
2026-06-26 11:49:05,275  WARNING  PortentaReader      send_command('disarm') ignored — port not open
2026-06-26 11:49:05,347  WARNING  PortentaReader      send_command('disarm') ignored — port not open
2026-06-26 11:49:05,407  WARNING  PortentaReader      send_command('disarm') ignored — port not open
2026-06-26 11:49:05,471  WARNING  PortentaReader      send_command('disarm') ignored — port not open
2026-06-26 11:49:05,542  WARNING  PortentaReader      send_command('disarm') ignored — port not open
2026-06-26 11:49:05,594  WARNING  PortentaReader      send_command('disarm') ignored — port not open
2026-06-26 11:49:05,656  WARNING  PortentaReader      send_command('disarm') ignored — port not open
2026-06-26 11:49:05,721  WARNING  PortentaReader      send_command('disarm') ignored — port not open
2026-06-26 11:49:05,779  WARNING  PortentaReader      send_command('disarm') ignored — port not open
2026-06-26 11:49:05,839  WARNING  PortentaReader      send_command('disarm') ignored — port not open
2026-06-26 11:49:05,901  WARNING  PortentaReader      send_command('disarm') ignored — port not open
2026-06-26 11:49:05,963  WARNING  PortentaReader      send_command('disarm') ignored — port not open
2026-06-26 11:49:06,025  WARNING  PortentaReader      send_command('disarm') ignored — port not open
2026-06-26 11:49:06,087  WARNING  PortentaReader      send_command('disarm') ignored — port not open
2026-06-26 11:49:06,149  WARNING  PortentaReader      send_command('disarm') ignored — port not open
2026-06-26 11:49:06,211  WARNING  PortentaReader      send_command('disarm') ignored — port not open
2026-06-26 11:49:06,287  WARNING  PortentaReader      send_command('disarm') ignored — port not open
2026-06-26 11:49:06,348  WARNING  PortentaReader      send_command('disarm') ignored — port not open
2026-06-26 11:49:06,410  WARNING  PortentaReader      send_command('disarm') ignored — port not open
2026-06-26 11:49:06,471  WARNING  PortentaReader      send_command('disarm') ignored — port not open
2026-06-26 11:49:06,532  WARNING  RecordingCore       HEALTH WARNING: LCR silent 47.0s — no new samples (auxiliary; other instruments still recording)
2026-06-26 11:49:06,533  WARNING  PortentaReader      send_command('disarm') ignored — port not open
2026-06-26 11:49:06,593  WARNING  PortentaReader      send_command('disarm') ignored — port not open
2026-06-26 11:49:06,655  WARNING  PortentaReader      send_command('disarm') ignored — port not open
2026-06-26 11:49:06,717  WARNING  PortentaReader      send_command('disarm') ignored — port not open
2026-06-26 11:49:06,778  WARNING  PortentaReader      send_command('disarm') ignored — port not open
2026-06-26 11:49:06,840  WARNING  PortentaReader      send_command('disarm') ignored — port not open
2026-06-26 11:49:06,902  WARNING  PortentaReader      send_command('disarm') ignored — port not open
2026-06-26 11:49:06,964  WARNING  PortentaReader      send_command('disarm') ignored — port not open
2026-06-26 11:49:07,026  WARNING  PortentaReader      send_command('disarm') ignored — port not open
2026-06-26 11:49:07,087  WARNING  PortentaReader      send_command('disarm') ignored — port not open
2026-06-26 11:49:07,149  WARNING  PortentaReader      send_command('disarm') ignored — port not open
2026-06-26 11:49:07,210  WARNING  PortentaReader      send_command('disarm') ignored — port not open
2026-06-26 11:49:07,288  WARNING  PortentaReader      send_command('disarm') ignored — port not open
2026-06-26 11:49:07,349  WARNING  PortentaReader      send_command('disarm') ignored — port not open
2026-06-26 11:49:07,410  WARNING  PortentaReader      send_command('disarm') ignored — port not open
2026-06-26 11:49:07,471  WARNING  PortentaReader      send_command('disarm') ignored — port not open
2026-06-26 11:49:07,533  WARNING  PortentaReader      send_command('disarm') ignored — port not open
2026-06-26 11:49:07,594  WARNING  PortentaReader      send_command('disarm') ignored — port not open
2026-06-26 11:49:07,656  WARNING  PortentaReader      send_command('disarm') ignored — port not open
2026-06-26 11:49:07,719  WARNING  PortentaReader      send_command('disarm') ignored — port not open
2026-06-26 11:49:07,781  WARNING  PortentaReader      send_command('disarm') ignored — port not open
2026-06-26 11:49:07,843  WARNING  PortentaReader      send_command('disarm') ignored — port not open
2026-06-26 11:49:07,905  WARNING  PortentaReader      send_command('disarm') ignored — port not open
2026-06-26 11:49:07,967  WARNING  PortentaReader      send_command('disarm') ignored — port not open
2026-06-26 11:49:08,029  WARNING  PortentaReader      send_command('disarm') ignored — port not open
2026-06-26 11:49:08,090  WARNING  PortentaReader      send_command('disarm') ignored — port not open
2026-06-26 11:49:08,152  WARNING  PortentaReader      send_command('disarm') ignored — port not open
2026-06-26 11:49:08,215  WARNING  PortentaReader      send_command('disarm') ignored — port not open
2026-06-26 11:49:08,276  WARNING  PortentaReader      send_command('disarm') ignored — port not open
2026-06-26 11:49:08,338  WARNING  PortentaReader      send_command('disarm') ignored — port not open
2026-06-26 11:49:08,400  WARNING  PortentaReader      send_command('disarm') ignored — port not open
2026-06-26 11:49:08,462  WARNING  PortentaReader      send_command('disarm') ignored — port not open
2026-06-26 11:49:08,524  WARNING  RecordingCore       HEALTH WARNING: LCR silent 49.0s — no new samples (auxiliary; other instruments still recording)
2026-06-26 11:49:08,524  WARNING  PortentaReader      send_command('disarm') ignored — port not open
2026-06-26 11:49:08,586  WARNING  PortentaReader      send_command('disarm') ignored — port not open
2026-06-26 11:49:08,647  WARNING  PortentaReader      send_command('disarm') ignored — port not open
2026-06-26 11:49:08,711  WARNING  PortentaReader      send_command('disarm') ignored — port not open
2026-06-26 11:49:08,785  WARNING  PortentaReader      send_command('disarm') ignored — port not open
2026-06-26 11:49:08,848  WARNING  PortentaReader      send_command('disarm') ignored — port not open
2026-06-26 11:49:08,910  WARNING  PortentaReader      send_command('disarm') ignored — port not open
2026-06-26 11:49:08,971  WARNING  PortentaReader      send_command('disarm') ignored — port not open
2026-06-26 11:49:09,033  WARNING  PortentaReader      send_command('disarm') ignored — port not open
2026-06-26 11:49:09,095  WARNING  PortentaReader      send_command('disarm') ignored — port not open
2026-06-26 11:49:09,156  WARNING  PortentaReader      send_command('disarm') ignored — port not open
2026-06-26 11:49:09,218  WARNING  PortentaReader      send_command('disarm') ignored — port not open
2026-06-26 11:49:09,279  WARNING  PortentaReader      send_command('disarm') ignored — port not open
2026-06-26 11:49:09,341  WARNING  PortentaReader      send_command('disarm') ignored — port not open
2026-06-26 11:49:09,402  WARNING  PortentaReader      send_command('disarm') ignored — port not open
2026-06-26 11:49:09,463  WARNING  PortentaReader      send_command('disarm') ignored — port not open
2026-06-26 11:49:09,525  WARNING  PortentaReader      send_command('disarm') ignored — port not open
2026-06-26 11:49:09,587  WARNING  PortentaReader      send_command('disarm') ignored — port not open
2026-06-26 11:49:09,648  WARNING  PortentaReader      send_command('disarm') ignored — port not open
2026-06-26 11:49:09,711  WARNING  PortentaReader      send_command('disarm') ignored — port not open
2026-06-26 11:49:09,787  WARNING  PortentaReader      send_command('disarm') ignored — port not open
2026-06-26 11:49:09,849  WARNING  PortentaReader      send_command('disarm') ignored — port not open
2026-06-26 11:49:09,910  WARNING  PortentaReader      send_command('disarm') ignored — port not open
2026-06-26 11:49:09,971  WARNING  PortentaReader      send_command('disarm') ignored — port not open
2026-06-26 11:49:10,033  WARNING  PortentaReader      send_command('disarm') ignored — port not open
2026-06-26 11:49:10,095  WARNING  PortentaReader      send_command('disarm') ignored — port not open
2026-06-26 11:49:10,156  WARNING  PortentaReader      send_command('disarm') ignored — port not open
2026-06-26 11:49:10,218  WARNING  PortentaReader      send_command('disarm') ignored — port not open
2026-06-26 11:49:10,279  WARNING  PortentaReader      send_command('disarm') ignored — port not open
2026-06-26 11:49:10,342  WARNING  PortentaReader      send_command('disarm') ignored — port not open
2026-06-26 11:49:10,404  WARNING  PortentaReader      send_command('disarm') ignored — port not open
2026-06-26 11:49:10,467  WARNING  PortentaReader      send_command('disarm') ignored — port not open
2026-06-26 11:49:10,530  WARNING  RecordingCore       HEALTH WARNING: LCR silent 51.0s — no new samples (auxiliary; other instruments still recording)
2026-06-26 11:49:10,530  WARNING  PortentaReader      send_command('disarm') ignored — port not open
2026-06-26 11:49:10,591  WARNING  PortentaReader      send_command('disarm') ignored — port not open
2026-06-26 11:49:10,654  WARNING  PortentaReader      send_command('disarm') ignored — port not open
2026-06-26 11:49:10,716  WARNING  PortentaReader      send_command('disarm') ignored — port not open
2026-06-26 11:49:10,777  WARNING  PortentaReader      send_command('disarm') ignored — port not open
2026-06-26 11:49:10,838  WARNING  PortentaReader      send_command('disarm') ignored — port not open
2026-06-26 11:49:10,900  WARNING  PortentaReader      send_command('disarm') ignored — port not open
2026-06-26 11:49:10,962  WARNING  PortentaReader      send_command('disarm') ignored — port not open
2026-06-26 11:49:11,024  WARNING  PortentaReader      send_command('disarm') ignored — port not open
2026-06-26 11:49:11,086  WARNING  PortentaReader      send_command('disarm') ignored — port not open
2026-06-26 11:49:11,148  WARNING  PortentaReader      send_command('disarm') ignored — port not open
2026-06-26 11:49:11,211  WARNING  PortentaReader      send_command('disarm') ignored — port not open
2026-06-26 11:49:11,272  WARNING  PortentaReader      send_command('disarm') ignored — port not open
2026-06-26 11:49:11,350  WARNING  PortentaReader      send_command('disarm') ignored — port not open
2026-06-26 11:49:11,428  WARNING  PortentaReader      send_command('disarm') ignored — port not open
2026-06-26 11:49:11,490  WARNING  PortentaReader      send_command('disarm') ignored — port not open
2026-06-26 11:49:11,551  WARNING  PortentaReader      send_command('disarm') ignored — port not open
2026-06-26 11:49:11,613  WARNING  PortentaReader      send_command('disarm') ignored — port not open
2026-06-26 11:49:11,675  WARNING  PortentaReader      send_command('disarm') ignored — port not open
2026-06-26 11:49:11,737  WARNING  PortentaReader      send_command('disarm') ignored — port not open
2026-06-26 11:49:11,799  WARNING  PortentaReader      send_command('disarm') ignored — port not open
2026-06-26 11:49:11,861  WARNING  PortentaReader      send_command('disarm') ignored — port not open
2026-06-26 11:49:11,923  WARNING  PortentaReader      send_command('disarm') ignored — port not open
2026-06-26 11:49:11,984  WARNING  PortentaReader      send_command('disarm') ignored — port not open
2026-06-26 11:49:12,047  WARNING  PortentaReader      send_command('disarm') ignored — port not open
2026-06-26 11:49:12,107  WARNING  PortentaReader      send_command('disarm') ignored — port not open
2026-06-26 11:49:12,171  WARNING  PortentaReader      send_command('disarm') ignored — port not open
2026-06-26 11:49:12,233  WARNING  PortentaReader      send_command('disarm') ignored — port not open
2026-06-26 11:49:12,294  WARNING  PortentaReader      send_command('disarm') ignored — port not open
2026-06-26 11:49:12,357  WARNING  PortentaReader      send_command('disarm') ignored — port not open
2026-06-26 11:49:12,419  WARNING  PortentaReader      send_command('disarm') ignored — port not open
2026-06-26 11:49:12,480  WARNING  PortentaReader      send_command('disarm') ignored — port not open
2026-06-26 11:49:12,541  WARNING  RecordingCore       HEALTH WARNING: LCR silent 53.0s — no new samples (auxiliary; other instruments still recording)
2026-06-26 11:49:12,542  WARNING  PortentaReader      send_command('disarm') ignored — port not open
2026-06-26 11:49:12,603  WARNING  PortentaReader      send_command('disarm') ignored — port not open
2026-06-26 11:49:12,666  WARNING  PortentaReader      send_command('disarm') ignored — port not open
2026-06-26 11:49:12,727  WARNING  PortentaReader      send_command('disarm') ignored — port not open
2026-06-26 11:49:12,790  WARNING  PortentaReader      send_command('disarm') ignored — port not open
2026-06-26 11:49:12,853  WARNING  PortentaReader      send_command('disarm') ignored — port not open
2026-06-26 11:49:12,914  WARNING  PortentaReader      send_command('disarm') ignored — port not open
2026-06-26 11:49:12,976  WARNING  PortentaReader      send_command('disarm') ignored — port not open
2026-06-26 11:49:13,039  WARNING  PortentaReader      send_command('disarm') ignored — port not open
2026-06-26 11:49:13,101  WARNING  PortentaReader      send_command('disarm') ignored — port not open
2026-06-26 11:49:13,178  WARNING  PortentaReader      send_command('disarm') ignored — port not open
2026-06-26 11:49:13,240  WARNING  PortentaReader      send_command('disarm') ignored — port not open
2026-06-26 11:49:13,302  WARNING  PortentaReader      send_command('disarm') ignored — port not open
2026-06-26 11:49:13,365  WARNING  PortentaReader      send_command('disarm') ignored — port not open
2026-06-26 11:49:13,427  WARNING  PortentaReader      send_command('disarm') ignored — port not open
2026-06-26 11:49:13,490  WARNING  PortentaReader      send_command('disarm') ignored — port not open
2026-06-26 11:49:13,551  WARNING  PortentaReader      send_command('disarm') ignored — port not open
2026-06-26 11:49:13,614  WARNING  PortentaReader      send_command('disarm') ignored — port not open
2026-06-26 11:49:13,675  WARNING  PortentaReader      send_command('disarm') ignored — port not open
2026-06-26 11:49:13,737  WARNING  PortentaReader      send_command('disarm') ignored — port not open
2026-06-26 11:49:13,799  WARNING  PortentaReader      send_command('disarm') ignored — port not open
2026-06-26 11:49:13,861  WARNING  PortentaReader      send_command('disarm') ignored — port not open
2026-06-26 11:49:13,923  WARNING  PortentaReader      send_command('disarm') ignored — port not open
2026-06-26 11:49:13,985  WARNING  PortentaReader      send_command('disarm') ignored — port not open
2026-06-26 11:49:14,047  WARNING  PortentaReader      send_command('disarm') ignored — port not open
2026-06-26 11:49:14,108  WARNING  PortentaReader      send_command('disarm') ignored — port not open
2026-06-26 11:49:14,170  WARNING  PortentaReader      send_command('disarm') ignored — port not open
2026-06-26 11:49:14,231  WARNING  PortentaReader      send_command('disarm') ignored — port not open
2026-06-26 11:49:14,293  WARNING  PortentaReader      send_command('disarm') ignored — port not open
2026-06-26 11:49:14,355  WARNING  PortentaReader      send_command('disarm') ignored — port not open
2026-06-26 11:49:14,417  WARNING  PortentaReader      send_command('disarm') ignored — port not open
2026-06-26 11:49:14,481  WARNING  PortentaReader      send_command('disarm') ignored — port not open
2026-06-26 11:49:14,543  WARNING  RecordingCore       HEALTH WARNING: LCR silent 55.0s — no new samples (auxiliary; other instruments still recording)
2026-06-26 11:49:14,543  WARNING  PortentaReader      send_command('disarm') ignored — port not open
2026-06-26 11:49:14,604  WARNING  PortentaReader      send_command('disarm') ignored — port not open
2026-06-26 11:49:14,666  WARNING  PortentaReader      send_command('disarm') ignored — port not open
2026-06-26 11:49:14,728  WARNING  PortentaReader      send_command('disarm') ignored — port not open
2026-06-26 11:49:14,790  WARNING  PortentaReader      send_command('disarm') ignored — port not open
2026-06-26 11:49:14,853  WARNING  PortentaReader      send_command('disarm') ignored — port not open
2026-06-26 11:49:14,915  WARNING  PortentaReader      send_command('disarm') ignored — port not open
2026-06-26 11:49:14,977  WARNING  PortentaReader      send_command('disarm') ignored — port not open
2026-06-26 11:49:15,038  WARNING  PortentaReader      send_command('disarm') ignored — port not open
2026-06-26 11:49:15,115  WARNING  PortentaReader      send_command('disarm') ignored — port not open
2026-06-26 11:49:15,178  WARNING  PortentaReader      send_command('disarm') ignored — port not open
2026-06-26 11:49:15,240  WARNING  PortentaReader      send_command('disarm') ignored — port not open
2026-06-26 11:49:15,302  WARNING  PortentaReader      send_command('disarm') ignored — port not open
2026-06-26 11:49:15,364  WARNING  PortentaReader      send_command('disarm') ignored — port not open
2026-06-26 11:49:15,425  WARNING  PortentaReader      send_command('disarm') ignored — port not open
2026-06-26 11:49:15,487  WARNING  PortentaReader      send_command('disarm') ignored — port not open
2026-06-26 11:49:15,549  WARNING  PortentaReader      send_command('disarm') ignored — port not open
2026-06-26 11:49:15,611  WARNING  PortentaReader      send_command('disarm') ignored — port not open
2026-06-26 11:49:15,673  WARNING  PortentaReader      send_command('disarm') ignored — port not open
2026-06-26 11:49:15,734  WARNING  PortentaReader      send_command('disarm') ignored — port not open
2026-06-26 11:49:15,796  WARNING  PortentaReader      send_command('disarm') ignored — port not open
2026-06-26 11:49:15,858  WARNING  PortentaReader      send_command('disarm') ignored — port not open
2026-06-26 11:49:15,921  WARNING  PortentaReader      send_command('disarm') ignored — port not open
2026-06-26 11:49:15,982  WARNING  PortentaReader      send_command('disarm') ignored — port not open
2026-06-26 11:49:16,044  WARNING  PortentaReader      send_command('disarm') ignored — port not open
2026-06-26 11:49:16,106  WARNING  PortentaReader      send_command('disarm') ignored — port not open
2026-06-26 11:49:16,167  WARNING  PortentaReader      send_command('disarm') ignored — port not open
2026-06-26 11:49:16,229  WARNING  PortentaReader      send_command('disarm') ignored — port not open
2026-06-26 11:49:16,290  WARNING  PortentaReader      send_command('disarm') ignored — port not open
2026-06-26 11:49:16,352  WARNING  PortentaReader      send_command('disarm') ignored — port not open
2026-06-26 11:49:16,413  WARNING  PortentaReader      send_command('disarm') ignored — port not open
2026-06-26 11:49:16,476  WARNING  PortentaReader      send_command('disarm') ignored — port not open
2026-06-26 11:49:16,553  WARNING  RecordingCore       HEALTH WARNING: LCR silent 57.0s — no new samples (auxiliary; other instruments still recording)
2026-06-26 11:49:16,553  WARNING  PortentaReader      send_command('disarm') ignored — port not open
2026-06-26 11:49:16,614  WARNING  PortentaReader      send_command('disarm') ignored — port not open
2026-06-26 11:49:16,676  WARNING  PortentaReader      send_command('disarm') ignored — port not open
2026-06-26 11:49:16,738  WARNING  PortentaReader      send_command('disarm') ignored — port not open
2026-06-26 11:49:16,801  WARNING  PortentaReader      send_command('disarm') ignored — port not open
2026-06-26 11:49:16,862  WARNING  PortentaReader      send_command('disarm') ignored — port not open
2026-06-26 11:49:16,926  WARNING  PortentaReader      send_command('disarm') ignored — port not open
2026-06-26 11:49:16,986  WARNING  PortentaReader      send_command('disarm') ignored — port not open
2026-06-26 11:49:17,048  WARNING  PortentaReader      send_command('disarm') ignored — port not open
2026-06-26 11:49:17,109  WARNING  PortentaReader      send_command('disarm') ignored — port not open
2026-06-26 11:49:17,171  WARNING  PortentaReader      send_command('disarm') ignored — port not open
2026-06-26 11:49:17,233  WARNING  PortentaReader      send_command('disarm') ignored — port not open
2026-06-26 11:49:17,295  WARNING  PortentaReader      send_command('disarm') ignored — port not open
2026-06-26 11:49:17,357  WARNING  PortentaReader      send_command('disarm') ignored — port not open
2026-06-26 11:49:17,418  WARNING  PortentaReader      send_command('disarm') ignored — port not open
2026-06-26 11:49:17,479  WARNING  PortentaReader      send_command('disarm') ignored — port not open
2026-06-26 11:49:17,542  WARNING  PortentaReader      send_command('disarm') ignored — port not open
2026-06-26 11:49:17,604  WARNING  PortentaReader      send_command('disarm') ignored — port not open
2026-06-26 11:49:17,666  WARNING  PortentaReader      send_command('disarm') ignored — port not open
2026-06-26 11:49:17,728  WARNING  PortentaReader      send_command('disarm') ignored — port not open
2026-06-26 11:49:17,791  WARNING  PortentaReader      send_command('disarm') ignored — port not open
2026-06-26 11:49:17,853  WARNING  PortentaReader      send_command('disarm') ignored — port not open
2026-06-26 11:49:17,914  WARNING  PortentaReader      send_command('disarm') ignored — port not open
2026-06-26 11:49:17,975  WARNING  PortentaReader      send_command('disarm') ignored — port not open
2026-06-26 11:49:18,038  WARNING  PortentaReader      send_command('disarm') ignored — port not open
2026-06-26 11:49:18,116  WARNING  PortentaReader      send_command('disarm') ignored — port not open
2026-06-26 11:49:18,178  WARNING  PortentaReader      send_command('disarm') ignored — port not open
2026-06-26 11:49:18,240  WARNING  PortentaReader      send_command('disarm') ignored — port not open
2026-06-26 11:49:18,300  WARNING  PortentaReader      send_command('disarm') ignored — port not open
2026-06-26 11:49:18,362  WARNING  PortentaReader      send_command('disarm') ignored — port not open
2026-06-26 11:49:18,423  WARNING  PortentaReader      send_command('disarm') ignored — port not open
2026-06-26 11:49:18,484  WARNING  PortentaReader      send_command('disarm') ignored — port not open
2026-06-26 11:49:18,546  WARNING  PortentaReader      send_command('disarm') ignored — port not open
2026-06-26 11:49:18,607  WARNING  RecordingCore       HEALTH WARNING: LCR silent 59.1s — no new samples (auxiliary; other instruments still recording)
2026-06-26 11:49:18,608  WARNING  PortentaReader      send_command('disarm') ignored — port not open
2026-06-26 11:49:18,670  WARNING  PortentaReader      send_command('disarm') ignored — port not open
2026-06-26 11:49:18,732  WARNING  PortentaReader      send_command('disarm') ignored — port not open
2026-06-26 11:49:18,793  WARNING  PortentaReader      send_command('disarm') ignored — port not open
2026-06-26 11:49:18,855  WARNING  PortentaReader      send_command('disarm') ignored — port not open
2026-06-26 11:49:18,916  WARNING  PortentaReader      send_command('disarm') ignored — port not open
2026-06-26 11:49:18,977  WARNING  PortentaReader      send_command('disarm') ignored — port not open
2026-06-26 11:49:19,039  WARNING  PortentaReader      send_command('disarm') ignored — port not open
2026-06-26 11:49:19,101  WARNING  PortentaReader      send_command('disarm') ignored — port not open
2026-06-26 11:49:19,178  WARNING  PortentaReader      send_command('disarm') ignored — port not open
2026-06-26 11:49:19,240  WARNING  PortentaReader      send_command('disarm') ignored — port not open
2026-06-26 11:49:19,301  WARNING  PortentaReader      send_command('disarm') ignored — port not open
2026-06-26 11:49:19,363  WARNING  PortentaReader      send_command('disarm') ignored — port not open
2026-06-26 11:49:19,424  WARNING  PortentaReader      send_command('disarm') ignored — port not open
2026-06-26 11:49:19,499  WARNING  PortentaReader      send_command('disarm') ignored — port not open
2026-06-26 11:49:19,547  WARNING  PortentaReader      send_command('disarm') ignored — port not open
2026-06-26 11:49:19,609  WARNING  PortentaReader      send_command('disarm') ignored — port not open
2026-06-26 11:49:19,672  WARNING  PortentaReader      send_command('disarm') ignored — port not open
2026-06-26 11:49:19,733  WARNING  PortentaReader      send_command('disarm') ignored — port not open
2026-06-26 11:49:19,794  WARNING  PortentaReader      send_command('disarm') ignored — port not open
2026-06-26 11:49:19,855  WARNING  PortentaReader      send_command('disarm') ignored — port not open
2026-06-26 11:49:19,918  WARNING  PortentaReader      send_command('disarm') ignored — port not open
2026-06-26 11:49:19,980  WARNING  PortentaReader      send_command('disarm') ignored — port not open
2026-06-26 11:49:20,042  WARNING  PortentaReader      send_command('disarm') ignored — port not open
2026-06-26 11:49:20,103  WARNING  PortentaReader      send_command('disarm') ignored — port not open
2026-06-26 11:49:20,166  WARNING  PortentaReader      send_command('disarm') ignored — port not open
2026-06-26 11:49:20,228  WARNING  PortentaReader      send_command('disarm') ignored — port not open
2026-06-26 11:49:20,290  WARNING  PortentaReader      send_command('disarm') ignored — port not open
2026-06-26 11:49:20,351  WARNING  PortentaReader      send_command('disarm') ignored — port not open
2026-06-26 11:49:20,413  WARNING  PortentaReader      send_command('disarm') ignored — port not open
2026-06-26 11:49:20,489  WARNING  PortentaReader      send_command('disarm') ignored — port not open
2026-06-26 11:49:20,551  WARNING  PortentaReader      send_command('disarm') ignored — port not open
2026-06-26 11:49:20,614  WARNING  RecordingCore       HEALTH WARNING: LCR silent 61.1s — no new samples (auxiliary; other instruments still recording)
2026-06-26 11:49:20,615  WARNING  PortentaReader      send_command('disarm') ignored — port not open
2026-06-26 11:49:20,677  WARNING  PortentaReader      send_command('disarm') ignored — port not open
2026-06-26 11:49:20,739  WARNING  PortentaReader      send_command('disarm') ignored — port not open
2026-06-26 11:49:20,800  WARNING  PortentaReader      send_command('disarm') ignored — port not open
2026-06-26 11:49:20,861  WARNING  PortentaReader      send_command('disarm') ignored — port not open
2026-06-26 11:49:20,923  WARNING  PortentaReader      send_command('disarm') ignored — port not open
2026-06-26 11:49:20,982  WARNING  PortentaReader      send_command('disarm') ignored — port not open
2026-06-26 11:49:21,047  WARNING  PortentaReader      send_command('disarm') ignored — port not open
2026-06-26 11:49:21,123  WARNING  PortentaReader      send_command('disarm') ignored — port not open
2026-06-26 11:49:21,170  WARNING  PortentaReader      send_command('disarm') ignored — port not open
2026-06-26 11:49:21,233  WARNING  PortentaReader      send_command('disarm') ignored — port not open
2026-06-26 11:49:21,294  WARNING  PortentaReader      send_command('disarm') ignored — port not open
2026-06-26 11:49:21,368  WARNING  PortentaReader      send_command('disarm') ignored — port not open
2026-06-26 11:49:21,417  WARNING  PortentaReader      send_command('disarm') ignored — port not open
2026-06-26 11:49:21,519  WARNING  PortentaReader      send_command('disarm') ignored — port not open
2026-06-26 11:49:21,556  WARNING  PortentaReader      send_command('disarm') ignored — port not open
2026-06-26 11:49:21,619  WARNING  PortentaReader      send_command('disarm') ignored — port not open
2026-06-26 11:49:21,681  WARNING  PortentaReader      send_command('disarm') ignored — port not open
2026-06-26 11:49:21,742  WARNING  PortentaReader      send_command('disarm') ignored — port not open
2026-06-26 11:49:21,805  WARNING  PortentaReader      send_command('disarm') ignored — port not open
2026-06-26 11:49:21,867  WARNING  PortentaReader      send_command('disarm') ignored — port not open
2026-06-26 11:49:21,931  WARNING  PortentaReader      send_command('disarm') ignored — port not open
2026-06-26 11:49:21,992  WARNING  PortentaReader      send_command('disarm') ignored — port not open
2026-06-26 11:49:22,069  WARNING  PortentaReader      send_command('disarm') ignored — port not open
2026-06-26 11:49:22,130  WARNING  PortentaReader      send_command('disarm') ignored — port not open
2026-06-26 11:49:22,191  WARNING  PortentaReader      send_command('disarm') ignored — port not open
2026-06-26 11:49:22,253  WARNING  PortentaReader      send_command('disarm') ignored — port not open
2026-06-26 11:49:22,314  WARNING  PortentaReader      send_command('disarm') ignored — port not open
2026-06-26 11:49:22,375  WARNING  PortentaReader      send_command('disarm') ignored — port not open
2026-06-26 11:49:22,437  WARNING  PortentaReader      send_command('disarm') ignored — port not open
2026-06-26 11:49:22,499  WARNING  PortentaReader      send_command('disarm') ignored — port not open
2026-06-26 11:49:22,562  WARNING  PortentaReader      send_command('disarm') ignored — port not open
2026-06-26 11:49:22,623  WARNING  RecordingCore       HEALTH WARNING: LCR silent 63.1s — no new samples (auxiliary; other instruments still recording)
2026-06-26 11:49:22,624  WARNING  PortentaReader      send_command('disarm') ignored — port not open
2026-06-26 11:49:22,685  WARNING  PortentaReader      send_command('disarm') ignored — port not open
2026-06-26 11:49:22,747  WARNING  PortentaReader      send_command('disarm') ignored — port not open
2026-06-26 11:49:22,807  WARNING  PortentaReader      send_command('disarm') ignored — port not open
2026-06-26 11:49:22,870  WARNING  PortentaReader      send_command('disarm') ignored — port not open
2026-06-26 11:49:22,932  WARNING  PortentaReader      send_command('disarm') ignored — port not open
2026-06-26 11:49:22,994  WARNING  PortentaReader      send_command('disarm') ignored — port not open
2026-06-26 11:49:23,055  WARNING  PortentaReader      send_command('disarm') ignored — port not open
2026-06-26 11:49:23,117  WARNING  PortentaReader      send_command('disarm') ignored — port not open
2026-06-26 11:49:23,179  WARNING  PortentaReader      send_command('disarm') ignored — port not open
2026-06-26 11:49:23,241  WARNING  PortentaReader      send_command('disarm') ignored — port not open
2026-06-26 11:49:23,319  WARNING  PortentaReader      send_command('disarm') ignored — port not open
2026-06-26 11:49:23,381  WARNING  PortentaReader      send_command('disarm') ignored — port not open
2026-06-26 11:49:23,443  WARNING  PortentaReader      send_command('disarm') ignored — port not open
2026-06-26 11:49:23,505  WARNING  PortentaReader      send_command('disarm') ignored — port not open
2026-06-26 11:49:23,567  WARNING  PortentaReader      send_command('disarm') ignored — port not open
2026-06-26 11:49:23,630  WARNING  PortentaReader      send_command('disarm') ignored — port not open
2026-06-26 11:49:23,692  WARNING  PortentaReader      send_command('disarm') ignored — port not open
2026-06-26 11:49:23,755  WARNING  PortentaReader      send_command('disarm') ignored — port not open
2026-06-26 11:49:23,818  WARNING  PortentaReader      send_command('disarm') ignored — port not open
2026-06-26 11:49:23,879  WARNING  PortentaReader      send_command('disarm') ignored — port not open
2026-06-26 11:49:23,941  WARNING  PortentaReader      send_command('disarm') ignored — port not open
2026-06-26 11:49:24,002  WARNING  PortentaReader      send_command('disarm') ignored — port not open
2026-06-26 11:49:24,064  WARNING  PortentaReader      send_command('disarm') ignored — port not open
2026-06-26 11:49:24,127  WARNING  PortentaReader      send_command('disarm') ignored — port not open
2026-06-26 11:49:24,189  WARNING  PortentaReader      send_command('disarm') ignored — port not open
2026-06-26 11:49:24,250  WARNING  PortentaReader      send_command('disarm') ignored — port not open
2026-06-26 11:49:24,312  WARNING  PortentaReader      send_command('disarm') ignored — port not open
2026-06-26 11:49:24,374  WARNING  PortentaReader      send_command('disarm') ignored — port not open
2026-06-26 11:49:24,436  WARNING  PortentaReader      send_command('disarm') ignored — port not open
2026-06-26 11:49:24,498  WARNING  PortentaReader      send_command('disarm') ignored — port not open
2026-06-26 11:49:24,560  WARNING  PortentaReader      send_command('disarm') ignored — port not open
2026-06-26 11:49:24,622  WARNING  RecordingCore       HEALTH WARNING: LCR silent 65.1s — no new samples (auxiliary; other instruments still recording)
2026-06-26 11:49:24,622  WARNING  PortentaReader      send_command('disarm') ignored — port not open
2026-06-26 11:49:24,683  WARNING  PortentaReader      send_command('disarm') ignored — port not open
2026-06-26 11:49:24,747  WARNING  PortentaReader      send_command('disarm') ignored — port not open
2026-06-26 11:49:24,808  WARNING  PortentaReader      send_command('disarm') ignored — port not open
2026-06-26 11:49:24,871  WARNING  PortentaReader      send_command('disarm') ignored — port not open
2026-06-26 11:49:24,932  WARNING  PortentaReader      send_command('disarm') ignored — port not open
2026-06-26 11:49:24,993  WARNING  PortentaReader      send_command('disarm') ignored — port not open
2026-06-26 11:49:25,055  WARNING  PortentaReader      send_command('disarm') ignored — port not open
2026-06-26 11:49:25,117  WARNING  PortentaReader      send_command('disarm') ignored — port not open
2026-06-26 11:49:25,180  WARNING  PortentaReader      send_command('disarm') ignored — port not open
2026-06-26 11:49:25,241  WARNING  PortentaReader      send_command('disarm') ignored — port not open
2026-06-26 11:49:25,318  WARNING  PortentaReader      send_command('disarm') ignored — port not open
2026-06-26 11:49:25,380  WARNING  PortentaReader      send_command('disarm') ignored — port not open
2026-06-26 11:49:25,443  WARNING  PortentaReader      send_command('disarm') ignored — port not open
2026-06-26 11:49:25,504  WARNING  PortentaReader      send_command('disarm') ignored — port not open
2026-06-26 11:49:25,565  WARNING  PortentaReader      send_command('disarm') ignored — port not open
2026-06-26 11:49:25,626  WARNING  PortentaReader      send_command('disarm') ignored — port not open
2026-06-26 11:49:25,688  WARNING  PortentaReader      send_command('disarm') ignored — port not open
2026-06-26 11:49:25,750  WARNING  PortentaReader      send_command('disarm') ignored — port not open
2026-06-26 11:49:25,811  WARNING  PortentaReader      send_command('disarm') ignored — port not open
2026-06-26 11:49:25,873  WARNING  PortentaReader      send_command('disarm') ignored — port not open
2026-06-26 11:49:25,935  WARNING  PortentaReader      send_command('disarm') ignored — port not open
2026-06-26 11:49:25,997  WARNING  PortentaReader      send_command('disarm') ignored — port not open
2026-06-26 11:49:26,059  WARNING  PortentaReader      send_command('disarm') ignored — port not open
2026-06-26 11:49:26,119  WARNING  PortentaReader      send_command('disarm') ignored — port not open
2026-06-26 11:49:26,182  WARNING  PortentaReader      send_command('disarm') ignored — port not open
2026-06-26 11:49:26,245  WARNING  PortentaReader      send_command('disarm') ignored — port not open
2026-06-26 11:49:26,306  WARNING  PortentaReader      send_command('disarm') ignored — port not open
2026-06-26 11:49:26,369  WARNING  PortentaReader      send_command('disarm') ignored — port not open
2026-06-26 11:49:26,431  WARNING  PortentaReader      send_command('disarm') ignored — port not open
2026-06-26 11:49:26,493  WARNING  PortentaReader      send_command('disarm') ignored — port not open
2026-06-26 11:49:26,554  WARNING  PortentaReader      send_command('disarm') ignored — port not open
2026-06-26 11:49:26,617  WARNING  RecordingCore       HEALTH WARNING: LCR silent 67.1s — no new samples (auxiliary; other instruments still recording)
2026-06-26 11:49:26,618  WARNING  PortentaReader      send_command('disarm') ignored — port not open
2026-06-26 11:49:26,694  WARNING  PortentaReader      send_command('disarm') ignored — port not open
2026-06-26 11:49:26,771  WARNING  PortentaReader      send_command('disarm') ignored — port not open
2026-06-26 11:49:26,833  WARNING  PortentaReader      send_command('disarm') ignored — port not open
2026-06-26 11:49:26,893  WARNING  PortentaReader      send_command('disarm') ignored — port not open
2026-06-26 11:49:26,958  WARNING  PortentaReader      send_command('disarm') ignored — port not open
2026-06-26 11:49:27,020  WARNING  PortentaReader      send_command('disarm') ignored — port not open
2026-06-26 11:49:27,081  WARNING  PortentaReader      send_command('disarm') ignored — port not open
2026-06-26 11:49:27,143  WARNING  PortentaReader      send_command('disarm') ignored — port not open
2026-06-26 11:49:27,205  WARNING  PortentaReader      send_command('disarm') ignored — port not open
2026-06-26 11:49:27,268  WARNING  PortentaReader      send_command('disarm') ignored — port not open
2026-06-26 11:49:27,329  WARNING  PortentaReader      send_command('disarm') ignored — port not open
2026-06-26 11:49:27,390  WARNING  PortentaReader      send_command('disarm') ignored — port not open
2026-06-26 11:49:27,452  WARNING  PortentaReader      send_command('disarm') ignored — port not open
2026-06-26 11:49:27,513  WARNING  PortentaReader      send_command('disarm') ignored — port not open
2026-06-26 11:49:27,575  WARNING  PortentaReader      send_command('disarm') ignored — port not open
2026-06-26 11:49:27,637  WARNING  PortentaReader      send_command('disarm') ignored — port not open
2026-06-26 11:49:27,699  WARNING  PortentaReader      send_command('disarm') ignored — port not open
2026-06-26 11:49:27,761  WARNING  PortentaReader      send_command('disarm') ignored — port not open
2026-06-26 11:49:27,822  WARNING  PortentaReader      send_command('disarm') ignored — port not open
2026-06-26 11:49:27,885  WARNING  PortentaReader      send_command('disarm') ignored — port not open
2026-06-26 11:49:27,946  WARNING  PortentaReader      send_command('disarm') ignored — port not open
2026-06-26 11:49:28,008  WARNING  PortentaReader      send_command('disarm') ignored — port not open
2026-06-26 11:49:28,070  WARNING  PortentaReader      send_command('disarm') ignored — port not open
2026-06-26 11:49:28,146  WARNING  PortentaReader      send_command('disarm') ignored — port not open
2026-06-26 11:49:28,207  WARNING  PortentaReader      send_command('disarm') ignored — port not open
2026-06-26 11:49:28,268  WARNING  PortentaReader      send_command('disarm') ignored — port not open
2026-06-26 11:49:28,330  WARNING  PortentaReader      send_command('disarm') ignored — port not open
2026-06-26 11:49:28,391  WARNING  PortentaReader      send_command('disarm') ignored — port not open
2026-06-26 11:49:28,453  WARNING  PortentaReader      send_command('disarm') ignored — port not open
2026-06-26 11:49:28,514  WARNING  PortentaReader      send_command('disarm') ignored — port not open
2026-06-26 11:49:28,576  WARNING  PortentaReader      send_command('disarm') ignored — port not open
2026-06-26 11:49:28,639  WARNING  RecordingCore       HEALTH WARNING: LCR silent 69.1s — no new samples (auxiliary; other instruments still recording)
2026-06-26 11:49:28,639  WARNING  PortentaReader      send_command('disarm') ignored — port not open
2026-06-26 11:49:28,699  WARNING  PortentaReader      send_command('disarm') ignored — port not open
2026-06-26 11:49:28,762  WARNING  PortentaReader      send_command('disarm') ignored — port not open
2026-06-26 11:49:28,824  WARNING  PortentaReader      send_command('disarm') ignored — port not open
2026-06-26 11:49:28,886  WARNING  PortentaReader      send_command('disarm') ignored — port not open
2026-06-26 11:49:28,948  WARNING  PortentaReader      send_command('disarm') ignored — port not open
2026-06-26 11:49:29,010  WARNING  PortentaReader      send_command('disarm') ignored — port not open
2026-06-26 11:49:29,072  WARNING  PortentaReader      send_command('disarm') ignored — port not open
2026-06-26 11:49:29,134  WARNING  PortentaReader      send_command('disarm') ignored — port not open
2026-06-26 11:49:29,196  WARNING  PortentaReader      send_command('disarm') ignored — port not open
2026-06-26 11:49:29,257  WARNING  PortentaReader      send_command('disarm') ignored — port not open
2026-06-26 11:49:29,335  WARNING  PortentaReader      send_command('disarm') ignored — port not open
2026-06-26 11:49:29,396  WARNING  PortentaReader      send_command('disarm') ignored — port not open
2026-06-26 11:49:29,459  WARNING  PortentaReader      send_command('disarm') ignored — port not open
2026-06-26 11:49:29,520  WARNING  PortentaReader      send_command('disarm') ignored — port not open
2026-06-26 11:49:29,582  WARNING  PortentaReader      send_command('disarm') ignored — port not open
2026-06-26 11:49:29,644  WARNING  PortentaReader      send_command('disarm') ignored — port not open
2026-06-26 11:49:29,705  WARNING  PortentaReader      send_command('disarm') ignored — port not open
2026-06-26 11:49:29,768  WARNING  PortentaReader      send_command('disarm') ignored — port not open
2026-06-26 11:49:29,828  WARNING  PortentaReader      send_command('disarm') ignored — port not open
2026-06-26 11:49:29,891  WARNING  PortentaReader      send_command('disarm') ignored — port not open
2026-06-26 11:49:29,955  WARNING  PortentaReader      send_command('disarm') ignored — port not open
2026-06-26 11:49:30,014  WARNING  PortentaReader      send_command('disarm') ignored — port not open
2026-06-26 11:49:30,074  WARNING  PortentaReader      send_command('disarm') ignored — port not open
2026-06-26 11:49:30,137  WARNING  PortentaReader      send_command('disarm') ignored — port not open
2026-06-26 11:49:30,198  WARNING  PortentaReader      send_command('disarm') ignored — port not open
2026-06-26 11:49:30,260  WARNING  PortentaReader      send_command('disarm') ignored — port not open
2026-06-26 11:49:30,322  WARNING  PortentaReader      send_command('disarm') ignored — port not open
2026-06-26 11:49:30,384  WARNING  PortentaReader      send_command('disarm') ignored — port not open
2026-06-26 11:49:30,446  WARNING  PortentaReader      send_command('disarm') ignored — port not open
2026-06-26 11:49:30,508  WARNING  PortentaReader      send_command('disarm') ignored — port not open
2026-06-26 11:49:30,569  WARNING  PortentaReader      send_command('disarm') ignored — port not open
2026-06-26 11:49:30,646  WARNING  RecordingCore       HEALTH WARNING: LCR silent 71.1s — no new samples (auxiliary; other instruments still recording)
2026-06-26 11:49:30,646  WARNING  PortentaReader      send_command('disarm') ignored — port not open
2026-06-26 11:49:30,708  WARNING  PortentaReader      send_command('disarm') ignored — port not open
2026-06-26 11:49:30,770  WARNING  PortentaReader      send_command('disarm') ignored — port not open
2026-06-26 11:49:30,831  WARNING  PortentaReader      send_command('disarm') ignored — port not open
2026-06-26 11:49:30,894  WARNING  PortentaReader      send_command('disarm') ignored — port not open
2026-06-26 11:49:30,955  WARNING  PortentaReader      send_command('disarm') ignored — port not open
2026-06-26 11:49:31,017  WARNING  PortentaReader      send_command('disarm') ignored — port not open
2026-06-26 11:49:31,078  WARNING  PortentaReader      send_command('disarm') ignored — port not open
2026-06-26 11:49:31,140  WARNING  PortentaReader      send_command('disarm') ignored — port not open
2026-06-26 11:49:31,202  WARNING  PortentaReader      send_command('disarm') ignored — port not open
2026-06-26 11:49:31,263  WARNING  PortentaReader      send_command('disarm') ignored — port not open
2026-06-26 11:49:31,325  WARNING  PortentaReader      send_command('disarm') ignored — port not open
2026-06-26 11:49:31,387  WARNING  PortentaReader      send_command('disarm') ignored — port not open
2026-06-26 11:49:31,447  WARNING  PortentaReader      send_command('disarm') ignored — port not open
2026-06-26 11:49:31,509  WARNING  PortentaReader      send_command('disarm') ignored — port not open
2026-06-26 11:49:31,571  WARNING  PortentaReader      send_command('disarm') ignored — port not open
2026-06-26 11:49:31,633  WARNING  PortentaReader      send_command('disarm') ignored — port not open
2026-06-26 11:49:31,694  WARNING  PortentaReader      send_command('disarm') ignored — port not open
2026-06-26 11:49:31,773  WARNING  PortentaReader      send_command('disarm') ignored — port not open
2026-06-26 11:49:31,849  WARNING  PortentaReader      send_command('disarm') ignored — port not open
2026-06-26 11:49:31,909  WARNING  PortentaReader      send_command('disarm') ignored — port not open
2026-06-26 11:49:31,972  WARNING  PortentaReader      send_command('disarm') ignored — port not open
2026-06-26 11:49:32,033  WARNING  PortentaReader      send_command('disarm') ignored — port not open
2026-06-26 11:49:32,095  WARNING  PortentaReader      send_command('disarm') ignored — port not open
2026-06-26 11:49:32,157  WARNING  PortentaReader      send_command('disarm') ignored — port not open
2026-06-26 11:49:32,219  WARNING  PortentaReader      send_command('disarm') ignored — port not open
2026-06-26 11:49:32,281  WARNING  PortentaReader      send_command('disarm') ignored — port not open
2026-06-26 11:49:32,342  WARNING  PortentaReader      send_command('disarm') ignored — port not open
2026-06-26 11:49:32,404  WARNING  PortentaReader      send_command('disarm') ignored — port not open
2026-06-26 11:49:32,465  WARNING  PortentaReader      send_command('disarm') ignored — port not open
2026-06-26 11:49:32,527  WARNING  PortentaReader      send_command('disarm') ignored — port not open
2026-06-26 11:49:32,589  WARNING  PortentaReader      send_command('disarm') ignored — port not open
2026-06-26 11:49:32,651  WARNING  RecordingCore       HEALTH WARNING: LCR silent 73.1s — no new samples (auxiliary; other instruments still recording)
2026-06-26 11:49:32,651  WARNING  PortentaReader      send_command('disarm') ignored — port not open
2026-06-26 11:49:32,714  WARNING  PortentaReader      send_command('disarm') ignored — port not open
2026-06-26 11:49:32,776  WARNING  PortentaReader      send_command('disarm') ignored — port not open
2026-06-26 11:49:32,838  WARNING  PortentaReader      send_command('disarm') ignored — port not open
2026-06-26 11:49:32,900  WARNING  PortentaReader      send_command('disarm') ignored — port not open
2026-06-26 11:49:32,961  WARNING  PortentaReader      send_command('disarm') ignored — port not open
2026-06-26 11:49:33,024  WARNING  PortentaReader      send_command('disarm') ignored — port not open
2026-06-26 11:49:33,086  WARNING  PortentaReader      send_command('disarm') ignored — port not open
2026-06-26 11:49:33,148  WARNING  PortentaReader      send_command('disarm') ignored — port not open
2026-06-26 11:49:33,211  WARNING  PortentaReader      send_command('disarm') ignored — port not open
2026-06-26 11:49:33,273  WARNING  PortentaReader      send_command('disarm') ignored — port not open
2026-06-26 11:49:33,350  WARNING  PortentaReader      send_command('disarm') ignored — port not open
2026-06-26 11:49:33,411  WARNING  PortentaReader      send_command('disarm') ignored — port not open
2026-06-26 11:49:33,472  WARNING  PortentaReader      send_command('disarm') ignored — port not open
2026-06-26 11:49:33,535  WARNING  PortentaReader      send_command('disarm') ignored — port not open
2026-06-26 11:49:33,597  WARNING  PortentaReader      send_command('disarm') ignored — port not open
2026-06-26 11:49:33,659  WARNING  PortentaReader      send_command('disarm') ignored — port not open
2026-06-26 11:49:33,720  WARNING  PortentaReader      send_command('disarm') ignored — port not open
2026-06-26 11:49:33,782  WARNING  PortentaReader      send_command('disarm') ignored — port not open
2026-06-26 11:49:33,843  WARNING  PortentaReader      send_command('disarm') ignored — port not open
2026-06-26 11:49:33,905  WARNING  PortentaReader      send_command('disarm') ignored — port not open
2026-06-26 11:49:33,967  WARNING  PortentaReader      send_command('disarm') ignored — port not open
2026-06-26 11:49:34,029  WARNING  PortentaReader      send_command('disarm') ignored — port not open
2026-06-26 11:49:34,091  WARNING  PortentaReader      send_command('disarm') ignored — port not open
2026-06-26 11:49:34,152  WARNING  PortentaReader      send_command('disarm') ignored — port not open
2026-06-26 11:49:34,213  WARNING  PortentaReader      send_command('disarm') ignored — port not open
2026-06-26 11:49:34,276  WARNING  PortentaReader      send_command('disarm') ignored — port not open
2026-06-26 11:49:34,338  WARNING  PortentaReader      send_command('disarm') ignored — port not open
2026-06-26 11:49:34,400  WARNING  PortentaReader      send_command('disarm') ignored — port not open
2026-06-26 11:49:34,463  WARNING  PortentaReader      send_command('disarm') ignored — port not open
2026-06-26 11:49:34,524  WARNING  PortentaReader      send_command('disarm') ignored — port not open
2026-06-26 11:49:34,585  WARNING  PortentaReader      send_command('disarm') ignored — port not open
2026-06-26 11:49:34,661  WARNING  RecordingCore       HEALTH WARNING: LCR silent 75.1s — no new samples (auxiliary; other instruments still recording)
2026-06-26 11:49:34,662  WARNING  PortentaReader      send_command('disarm') ignored — port not open
2026-06-26 11:49:34,723  WARNING  PortentaReader      send_command('disarm') ignored — port not open
2026-06-26 11:49:34,785  WARNING  PortentaReader      send_command('disarm') ignored — port not open
2026-06-26 11:49:34,847  WARNING  PortentaReader      send_command('disarm') ignored — port not open
2026-06-26 11:49:34,901  WARNING  PortentaReader      send_command('disarm') ignored — port not open
2026-06-26 11:49:34,970  WARNING  PortentaReader      send_command('disarm') ignored — port not open
2026-06-26 11:49:35,032  WARNING  PortentaReader      send_command('disarm') ignored — port not open
2026-06-26 11:49:35,093  WARNING  PortentaReader      send_command('disarm') ignored — port not open
2026-06-26 11:49:35,154  WARNING  PortentaReader      send_command('disarm') ignored — port not open
2026-06-26 11:49:35,217  WARNING  PortentaReader      send_command('disarm') ignored — port not open
2026-06-26 11:49:35,280  WARNING  PortentaReader      send_command('disarm') ignored — port not open
2026-06-26 11:49:35,342  WARNING  PortentaReader      send_command('disarm') ignored — port not open
2026-06-26 11:49:35,402  WARNING  PortentaReader      send_command('disarm') ignored — port not open
2026-06-26 11:49:35,464  WARNING  PortentaReader      send_command('disarm') ignored — port not open
2026-06-26 11:49:35,525  WARNING  PortentaReader      send_command('disarm') ignored — port not open
2026-06-26 11:49:35,586  WARNING  PortentaReader      send_command('disarm') ignored — port not open
2026-06-26 11:49:35,649  WARNING  PortentaReader      send_command('disarm') ignored — port not open
2026-06-26 11:49:35,710  WARNING  PortentaReader      send_command('disarm') ignored — port not open
2026-06-26 11:49:35,786  WARNING  PortentaReader      send_command('disarm') ignored — port not open
2026-06-26 11:49:35,848  WARNING  PortentaReader      send_command('disarm') ignored — port not open
2026-06-26 11:49:35,910  WARNING  PortentaReader      send_command('disarm') ignored — port not open
2026-06-26 11:49:35,973  WARNING  PortentaReader      send_command('disarm') ignored — port not open
2026-06-26 11:49:36,026  WARNING  PortentaReader      send_command('disarm') ignored — port not open
2026-06-26 11:49:36,095  WARNING  PortentaReader      send_command('disarm') ignored — port not open
2026-06-26 11:49:36,166  WARNING  PortentaReader      send_command('disarm') ignored — port not open
2026-06-26 11:49:36,219  WARNING  PortentaReader      send_command('disarm') ignored — port not open
2026-06-26 11:49:36,273  WARNING  PortentaReader      send_command('disarm') ignored — port not open
2026-06-26 11:49:36,343  WARNING  PortentaReader      send_command('disarm') ignored — port not open
2026-06-26 11:49:36,415  WARNING  PortentaReader      send_command('disarm') ignored — port not open
2026-06-26 11:49:36,466  WARNING  PortentaReader      send_command('disarm') ignored — port not open
2026-06-26 11:49:36,529  WARNING  PortentaReader      send_command('disarm') ignored — port not open
2026-06-26 11:49:36,590  WARNING  PortentaReader      send_command('disarm') ignored — port not open
2026-06-26 11:49:36,652  WARNING  RecordingCore       HEALTH WARNING: LCR silent 77.1s — no new samples (auxiliary; other instruments still recording)
2026-06-26 11:49:36,653  WARNING  PortentaReader      send_command('disarm') ignored — port not open
2026-06-26 11:49:36,715  WARNING  PortentaReader      send_command('disarm') ignored — port not open
2026-06-26 11:49:36,777  WARNING  PortentaReader      send_command('disarm') ignored — port not open
2026-06-26 11:49:36,838  WARNING  PortentaReader      send_command('disarm') ignored — port not open
2026-06-26 11:49:36,900  WARNING  PortentaReader      send_command('disarm') ignored — port not open
2026-06-26 11:49:36,962  WARNING  PortentaReader      send_command('disarm') ignored — port not open
2026-06-26 11:49:37,023  WARNING  PortentaReader      send_command('disarm') ignored — port not open
2026-06-26 11:49:37,085  WARNING  PortentaReader      send_command('disarm') ignored — port not open
2026-06-26 11:49:37,162  WARNING  PortentaReader      send_command('disarm') ignored — port not open
2026-06-26 11:49:37,224  WARNING  PortentaReader      send_command('disarm') ignored — port not open
2026-06-26 11:49:37,284  WARNING  PortentaReader      send_command('disarm') ignored — port not open
2026-06-26 11:49:37,346  WARNING  PortentaReader      send_command('disarm') ignored — port not open
2026-06-26 11:49:37,408  WARNING  PortentaReader      send_command('disarm') ignored — port not open
2026-06-26 11:49:37,469  WARNING  PortentaReader      send_command('disarm') ignored — port not open
2026-06-26 11:49:37,530  WARNING  PortentaReader      send_command('disarm') ignored — port not open
2026-06-26 11:49:37,591  WARNING  PortentaReader      send_command('disarm') ignored — port not open
2026-06-26 11:49:37,652  WARNING  PortentaReader      send_command('disarm') ignored — port not open
2026-06-26 11:49:37,715  WARNING  PortentaReader      send_command('disarm') ignored — port not open
2026-06-26 11:49:37,777  WARNING  PortentaReader      send_command('disarm') ignored — port not open
2026-06-26 11:49:37,839  WARNING  PortentaReader      send_command('disarm') ignored — port not open
2026-06-26 11:49:37,901  WARNING  PortentaReader      send_command('disarm') ignored — port not open
2026-06-26 11:49:37,963  WARNING  PortentaReader      send_command('disarm') ignored — port not open
2026-06-26 11:49:38,024  WARNING  PortentaReader      send_command('disarm') ignored — port not open
2026-06-26 11:49:38,087  WARNING  PortentaReader      send_command('disarm') ignored — port not open
2026-06-26 11:49:38,149  WARNING  PortentaReader      send_command('disarm') ignored — port not open
2026-06-26 11:49:38,211  WARNING  PortentaReader      send_command('disarm') ignored — port not open
2026-06-26 11:49:38,273  WARNING  PortentaReader      send_command('disarm') ignored — port not open
2026-06-26 11:49:38,336  WARNING  PortentaReader      send_command('disarm') ignored — port not open
2026-06-26 11:49:38,398  WARNING  PortentaReader      send_command('disarm') ignored — port not open
2026-06-26 11:49:38,475  WARNING  PortentaReader      send_command('disarm') ignored — port not open
2026-06-26 11:49:38,536  WARNING  PortentaReader      send_command('disarm') ignored — port not open
2026-06-26 11:49:38,598  WARNING  PortentaReader      send_command('disarm') ignored — port not open
2026-06-26 11:49:38,659  WARNING  RecordingCore       HEALTH WARNING: LCR silent 79.1s — no new samples (auxiliary; other instruments still recording)
2026-06-26 11:49:38,659  WARNING  PortentaReader      send_command('disarm') ignored — port not open
2026-06-26 11:49:38,721  WARNING  PortentaReader      send_command('disarm') ignored — port not open
2026-06-26 11:49:38,782  WARNING  PortentaReader      send_command('disarm') ignored — port not open
2026-06-26 11:49:38,844  WARNING  PortentaReader      send_command('disarm') ignored — port not open
2026-06-26 11:49:38,907  WARNING  PortentaReader      send_command('disarm') ignored — port not open
2026-06-26 11:49:38,968  WARNING  PortentaReader      send_command('disarm') ignored — port not open
2026-06-26 11:49:39,030  WARNING  PortentaReader      send_command('disarm') ignored — port not open
2026-06-26 11:49:39,092  WARNING  PortentaReader      send_command('disarm') ignored — port not open
2026-06-26 11:49:39,154  WARNING  PortentaReader      send_command('disarm') ignored — port not open
2026-06-26 11:49:39,216  WARNING  PortentaReader      send_command('disarm') ignored — port not open
2026-06-26 11:49:39,278  WARNING  PortentaReader      send_command('disarm') ignored — port not open
2026-06-26 11:49:39,341  WARNING  PortentaReader      send_command('disarm') ignored — port not open
2026-06-26 11:49:39,402  WARNING  PortentaReader      send_command('disarm') ignored — port not open
2026-06-26 11:49:39,464  WARNING  PortentaReader      send_command('disarm') ignored — port not open
2026-06-26 11:49:39,525  WARNING  PortentaReader      send_command('disarm') ignored — port not open
2026-06-26 11:49:39,588  WARNING  PortentaReader      send_command('disarm') ignored — port not open
2026-06-26 11:49:39,649  WARNING  PortentaReader      send_command('disarm') ignored — port not open
2026-06-26 11:49:39,711  WARNING  PortentaReader      send_command('disarm') ignored — port not open
2026-06-26 11:49:39,788  WARNING  PortentaReader      send_command('disarm') ignored — port not open
2026-06-26 11:49:39,848  WARNING  PortentaReader      send_command('disarm') ignored — port not open
2026-06-26 11:49:39,910  WARNING  PortentaReader      send_command('disarm') ignored — port not open
2026-06-26 11:49:39,972  WARNING  PortentaReader      send_command('disarm') ignored — port not open
2026-06-26 11:49:40,033  WARNING  PortentaReader      send_command('disarm') ignored — port not open
2026-06-26 11:49:40,095  WARNING  PortentaReader      send_command('disarm') ignored — port not open
2026-06-26 11:49:40,157  WARNING  PortentaReader      send_command('disarm') ignored — port not open
2026-06-26 11:49:40,220  WARNING  PortentaReader      send_command('disarm') ignored — port not open
2026-06-26 11:49:40,282  WARNING  PortentaReader      send_command('disarm') ignored — port not open
2026-06-26 11:49:40,344  WARNING  PortentaReader      send_command('disarm') ignored — port not open
2026-06-26 11:49:40,407  WARNING  PortentaReader      send_command('disarm') ignored — port not open
2026-06-26 11:49:40,468  WARNING  PortentaReader      send_command('disarm') ignored — port not open
2026-06-26 11:49:40,530  WARNING  PortentaReader      send_command('disarm') ignored — port not open
2026-06-26 11:49:40,592  WARNING  PortentaReader      send_command('disarm') ignored — port not open
2026-06-26 11:49:40,653  WARNING  RecordingCore       HEALTH WARNING: LCR silent 81.1s — no new samples (auxiliary; other instruments still recording)
2026-06-26 11:49:40,654  WARNING  PortentaReader      send_command('disarm') ignored — port not open
2026-06-26 11:49:40,716  WARNING  PortentaReader      send_command('disarm') ignored — port not open
2026-06-26 11:49:40,778  WARNING  PortentaReader      send_command('disarm') ignored — port not open
2026-06-26 11:49:40,840  WARNING  PortentaReader      send_command('disarm') ignored — port not open
2026-06-26 11:49:40,902  WARNING  PortentaReader      send_command('disarm') ignored — port not open
2026-06-26 11:49:40,964  WARNING  PortentaReader      send_command('disarm') ignored — port not open
2026-06-26 11:49:41,026  WARNING  PortentaReader      send_command('disarm') ignored — port not open
2026-06-26 11:49:41,089  WARNING  PortentaReader      send_command('disarm') ignored — port not open
2026-06-26 11:49:41,150  WARNING  PortentaReader      send_command('disarm') ignored — port not open
2026-06-26 11:49:41,213  WARNING  PortentaReader      send_command('disarm') ignored — port not open
2026-06-26 11:49:41,274  WARNING  PortentaReader      send_command('disarm') ignored — port not open
2026-06-26 11:49:41,336  WARNING  PortentaReader      send_command('disarm') ignored — port not open
2026-06-26 11:49:41,398  WARNING  PortentaReader      send_command('disarm') ignored — port not open
2026-06-26 11:49:41,460  WARNING  PortentaReader      send_command('disarm') ignored — port not open
2026-06-26 11:49:41,537  WARNING  PortentaReader      send_command('disarm') ignored — port not open
2026-06-26 11:49:41,600  WARNING  PortentaReader      send_command('disarm') ignored — port not open
2026-06-26 11:49:41,661  WARNING  PortentaReader      send_command('disarm') ignored — port not open
2026-06-26 11:49:41,724  WARNING  PortentaReader      send_command('disarm') ignored — port not open
2026-06-26 11:49:41,785  WARNING  PortentaReader      send_command('disarm') ignored — port not open
2026-06-26 11:49:41,846  WARNING  PortentaReader      send_command('disarm') ignored — port not open
2026-06-26 11:49:41,907  WARNING  PortentaReader      send_command('disarm') ignored — port not open
2026-06-26 11:49:41,969  WARNING  PortentaReader      send_command('disarm') ignored — port not open
2026-06-26 11:49:42,031  WARNING  PortentaReader      send_command('disarm') ignored — port not open
2026-06-26 11:49:42,093  WARNING  PortentaReader      send_command('disarm') ignored — port not open
2026-06-26 11:49:42,154  WARNING  PortentaReader      send_command('disarm') ignored — port not open
2026-06-26 11:49:42,215  WARNING  PortentaReader      send_command('disarm') ignored — port not open
2026-06-26 11:49:42,278  WARNING  PortentaReader      send_command('disarm') ignored — port not open
2026-06-26 11:49:42,339  WARNING  PortentaReader      send_command('disarm') ignored — port not open
2026-06-26 11:49:42,418  WARNING  PortentaReader      send_command('disarm') ignored — port not open
2026-06-26 11:49:42,464  WARNING  PortentaReader      send_command('disarm') ignored — port not open
2026-06-26 11:49:42,525  WARNING  PortentaReader      send_command('disarm') ignored — port not open
2026-06-26 11:49:42,586  WARNING  PortentaReader      send_command('disarm') ignored — port not open
2026-06-26 11:49:42,649  WARNING  RecordingCore       HEALTH WARNING: LCR silent 83.1s — no new samples (auxiliary; other instruments still recording)
2026-06-26 11:49:42,649  WARNING  PortentaReader      send_command('disarm') ignored — port not open
2026-06-26 11:49:42,711  WARNING  PortentaReader      send_command('disarm') ignored — port not open
2026-06-26 11:49:42,773  WARNING  PortentaReader      send_command('disarm') ignored — port not open
2026-06-26 11:49:42,849  WARNING  PortentaReader      send_command('disarm') ignored — port not open
2026-06-26 11:49:42,911  WARNING  PortentaReader      send_command('disarm') ignored — port not open
2026-06-26 11:49:42,973  WARNING  PortentaReader      send_command('disarm') ignored — port not open
2026-06-26 11:49:43,036  WARNING  PortentaReader      send_command('disarm') ignored — port not open
2026-06-26 11:49:43,096  WARNING  PortentaReader      send_command('disarm') ignored — port not open
2026-06-26 11:49:43,158  WARNING  PortentaReader      send_command('disarm') ignored — port not open
2026-06-26 11:49:43,219  WARNING  PortentaReader      send_command('disarm') ignored — port not open
2026-06-26 11:49:43,281  WARNING  PortentaReader      send_command('disarm') ignored — port not open
2026-06-26 11:49:43,343  WARNING  PortentaReader      send_command('disarm') ignored — port not open
2026-06-26 11:49:43,406  WARNING  PortentaReader      send_command('disarm') ignored — port not open
2026-06-26 11:49:43,469  WARNING  PortentaReader      send_command('disarm') ignored — port not open
2026-06-26 11:49:43,529  WARNING  PortentaReader      send_command('disarm') ignored — port not open
2026-06-26 11:49:43,592  WARNING  PortentaReader      send_command('disarm') ignored — port not open
2026-06-26 11:49:43,653  WARNING  PortentaReader      send_command('disarm') ignored — port not open
2026-06-26 11:49:43,714  WARNING  PortentaReader      send_command('disarm') ignored — port not open
2026-06-26 11:49:43,777  WARNING  PortentaReader      send_command('disarm') ignored — port not open
2026-06-26 11:49:43,838  WARNING  PortentaReader      send_command('disarm') ignored — port not open
2026-06-26 11:49:43,900  WARNING  PortentaReader      send_command('disarm') ignored — port not open
2026-06-26 11:49:43,961  WARNING  PortentaReader      send_command('disarm') ignored — port not open
2026-06-26 11:49:44,022  WARNING  PortentaReader      send_command('disarm') ignored — port not open
2026-06-26 11:49:44,099  WARNING  PortentaReader      send_command('disarm') ignored — port not open
2026-06-26 11:49:44,161  WARNING  PortentaReader      send_command('disarm') ignored — port not open
2026-06-26 11:49:44,222  WARNING  PortentaReader      send_command('disarm') ignored — port not open
2026-06-26 11:49:44,284  WARNING  PortentaReader      send_command('disarm') ignored — port not open
2026-06-26 11:49:44,345  WARNING  PortentaReader      send_command('disarm') ignored — port not open
2026-06-26 11:49:44,407  WARNING  PortentaReader      send_command('disarm') ignored — port not open
2026-06-26 11:49:44,469  WARNING  PortentaReader      send_command('disarm') ignored — port not open
2026-06-26 11:49:44,531  WARNING  PortentaReader      send_command('disarm') ignored — port not open
2026-06-26 11:49:44,592  WARNING  PortentaReader      send_command('disarm') ignored — port not open
2026-06-26 11:49:44,654  WARNING  RecordingCore       HEALTH WARNING: LCR silent 85.1s — no new samples (auxiliary; other instruments still recording)
2026-06-26 11:49:44,655  WARNING  PortentaReader      send_command('disarm') ignored — port not open
2026-06-26 11:49:44,717  WARNING  PortentaReader      send_command('disarm') ignored — port not open
2026-06-26 11:49:44,779  WARNING  PortentaReader      send_command('disarm') ignored — port not open
2026-06-26 11:49:44,841  WARNING  PortentaReader      send_command('disarm') ignored — port not open
2026-06-26 11:49:44,903  WARNING  PortentaReader      send_command('disarm') ignored — port not open
2026-06-26 11:49:44,965  WARNING  PortentaReader      send_command('disarm') ignored — port not open
2026-06-26 11:49:45,027  WARNING  PortentaReader      send_command('disarm') ignored — port not open
2026-06-26 11:49:45,089  WARNING  PortentaReader      send_command('disarm') ignored — port not open
2026-06-26 11:49:45,151  WARNING  PortentaReader      send_command('disarm') ignored — port not open
2026-06-26 11:49:45,213  WARNING  PortentaReader      send_command('disarm') ignored — port not open
2026-06-26 11:49:45,276  WARNING  PortentaReader      send_command('disarm') ignored — port not open
2026-06-26 11:49:45,337  WARNING  PortentaReader      send_command('disarm') ignored — port not open
2026-06-26 11:49:45,398  WARNING  PortentaReader      send_command('disarm') ignored — port not open
2026-06-26 11:49:45,475  WARNING  PortentaReader      send_command('disarm') ignored — port not open
2026-06-26 11:49:45,536  WARNING  PortentaReader      send_command('disarm') ignored — port not open
2026-06-26 11:49:45,598  WARNING  PortentaReader      send_command('disarm') ignored — port not open
2026-06-26 11:49:45,660  WARNING  PortentaReader      send_command('disarm') ignored — port not open
2026-06-26 11:49:45,722  WARNING  PortentaReader      send_command('disarm') ignored — port not open
2026-06-26 11:49:45,783  WARNING  PortentaReader      send_command('disarm') ignored — port not open
2026-06-26 11:49:45,845  WARNING  PortentaReader      send_command('disarm') ignored — port not open
2026-06-26 11:49:45,908  WARNING  PortentaReader      send_command('disarm') ignored — port not open
2026-06-26 11:49:45,970  WARNING  PortentaReader      send_command('disarm') ignored — port not open
2026-06-26 11:49:46,031  WARNING  PortentaReader      send_command('disarm') ignored — port not open
2026-06-26 11:49:46,094  WARNING  PortentaReader      send_command('disarm') ignored — port not open
2026-06-26 11:49:46,156  WARNING  PortentaReader      send_command('disarm') ignored — port not open
2026-06-26 11:49:46,218  WARNING  PortentaReader      send_command('disarm') ignored — port not open
2026-06-26 11:49:46,279  WARNING  PortentaReader      send_command('disarm') ignored — port not open
2026-06-26 11:49:46,341  WARNING  PortentaReader      send_command('disarm') ignored — port not open
2026-06-26 11:49:46,402  WARNING  PortentaReader      send_command('disarm') ignored — port not open
2026-06-26 11:49:46,463  WARNING  PortentaReader      send_command('disarm') ignored — port not open
2026-06-26 11:49:46,525  WARNING  PortentaReader      send_command('disarm') ignored — port not open
2026-06-26 11:49:46,587  WARNING  PortentaReader      send_command('disarm') ignored — port not open
2026-06-26 11:49:46,648  WARNING  RecordingCore       HEALTH WARNING: LCR silent 87.1s — no new samples (auxiliary; other instruments still recording)
2026-06-26 11:49:46,649  WARNING  PortentaReader      send_command('disarm') ignored — port not open
2026-06-26 11:49:46,711  WARNING  PortentaReader      send_command('disarm') ignored — port not open
2026-06-26 11:49:46,773  WARNING  PortentaReader      send_command('disarm') ignored — port not open
2026-06-26 11:49:46,849  WARNING  PortentaReader      send_command('disarm') ignored — port not open
2026-06-26 11:49:46,910  WARNING  PortentaReader      send_command('disarm') ignored — port not open
2026-06-26 11:49:46,973  WARNING  PortentaReader      send_command('disarm') ignored — port not open
2026-06-26 11:49:47,034  WARNING  PortentaReader      send_command('disarm') ignored — port not open
2026-06-26 11:49:47,096  WARNING  PortentaReader      send_command('disarm') ignored — port not open
2026-06-26 11:49:47,158  WARNING  PortentaReader      send_command('disarm') ignored — port not open
2026-06-26 11:49:47,220  WARNING  PortentaReader      send_command('disarm') ignored — port not open
2026-06-26 11:49:47,282  WARNING  PortentaReader      send_command('disarm') ignored — port not open
2026-06-26 11:49:47,344  WARNING  PortentaReader      send_command('disarm') ignored — port not open
2026-06-26 11:49:47,407  WARNING  PortentaReader      send_command('disarm') ignored — port not open
2026-06-26 11:49:47,467  WARNING  PortentaReader      send_command('disarm') ignored — port not open
2026-06-26 11:49:47,528  WARNING  PortentaReader      send_command('disarm') ignored — port not open
2026-06-26 11:49:47,590  WARNING  PortentaReader      send_command('disarm') ignored — port not open
2026-06-26 11:49:47,651  WARNING  PortentaReader      send_command('disarm') ignored — port not open
2026-06-26 11:49:47,713  WARNING  PortentaReader      send_command('disarm') ignored — port not open
2026-06-26 11:49:47,774  WARNING  PortentaReader      send_command('disarm') ignored — port not open
2026-06-26 11:49:47,836  WARNING  PortentaReader      send_command('disarm') ignored — port not open
2026-06-26 11:49:47,913  WARNING  PortentaReader      send_command('disarm') ignored — port not open
2026-06-26 11:49:47,975  WARNING  PortentaReader      send_command('disarm') ignored — port not open
2026-06-26 11:49:48,037  WARNING  PortentaReader      send_command('disarm') ignored — port not open
2026-06-26 11:49:48,100  WARNING  PortentaReader      send_command('disarm') ignored — port not open
2026-06-26 11:49:48,148  WARNING  PortentaReader      send_command('disarm') ignored — port not open
2026-06-26 11:49:48,210  WARNING  PortentaReader      send_command('disarm') ignored — port not open
2026-06-26 11:49:48,286  WARNING  PortentaReader      send_command('disarm') ignored — port not open
2026-06-26 11:49:48,361  WARNING  PortentaReader      send_command('disarm') ignored — port not open
2026-06-26 11:49:48,411  WARNING  PortentaReader      send_command('disarm') ignored — port not open
2026-06-26 11:49:48,472  WARNING  PortentaReader      send_command('disarm') ignored — port not open
2026-06-26 11:49:48,534  WARNING  PortentaReader      send_command('disarm') ignored — port not open
2026-06-26 11:49:48,596  WARNING  PortentaReader      send_command('disarm') ignored — port not open
2026-06-26 11:49:48,655  WARNING  RecordingCore       HEALTH WARNING: LCR silent 89.1s — no new samples (auxiliary; other instruments still recording)
2026-06-26 11:49:48,656  WARNING  PortentaReader      send_command('disarm') ignored — port not open
2026-06-26 11:49:48,717  WARNING  PortentaReader      send_command('disarm') ignored — port not open
2026-06-26 11:49:48,779  WARNING  PortentaReader      send_command('disarm') ignored — port not open
2026-06-26 11:49:48,841  WARNING  PortentaReader      send_command('disarm') ignored — port not open
2026-06-26 11:49:48,903  WARNING  PortentaReader      send_command('disarm') ignored — port not open
2026-06-26 11:49:48,966  WARNING  PortentaReader      send_command('disarm') ignored — port not open
2026-06-26 11:49:49,027  WARNING  PortentaReader      send_command('disarm') ignored — port not open
2026-06-26 11:49:49,088  WARNING  PortentaReader      send_command('disarm') ignored — port not open
2026-06-26 11:49:49,150  WARNING  PortentaReader      send_command('disarm') ignored — port not open
2026-06-26 11:49:49,211  WARNING  PortentaReader      send_command('disarm') ignored — port not open
2026-06-26 11:49:49,272  WARNING  PortentaReader      send_command('disarm') ignored — port not open
2026-06-26 11:49:49,349  WARNING  PortentaReader      send_command('disarm') ignored — port not open
2026-06-26 11:49:49,412  WARNING  PortentaReader      send_command('disarm') ignored — port not open
2026-06-26 11:49:49,473  WARNING  PortentaReader      send_command('disarm') ignored — port not open
2026-06-26 11:49:49,534  WARNING  PortentaReader      send_command('disarm') ignored — port not open
2026-06-26 11:49:49,596  WARNING  PortentaReader      send_command('disarm') ignored — port not open
2026-06-26 11:49:49,658  WARNING  PortentaReader      send_command('disarm') ignored — port not open
2026-06-26 11:49:49,721  WARNING  PortentaReader      send_command('disarm') ignored — port not open
2026-06-26 11:49:49,783  WARNING  PortentaReader      send_command('disarm') ignored — port not open
2026-06-26 11:49:49,847  WARNING  PortentaReader      send_command('disarm') ignored — port not open
2026-06-26 11:49:49,907  WARNING  PortentaReader      send_command('disarm') ignored — port not open
2026-06-26 11:49:49,962  WARNING  PortentaReader      send_command('disarm') ignored — port not open
2026-06-26 11:49:50,032  WARNING  PortentaReader      send_command('disarm') ignored — port not open
2026-06-26 11:49:50,099  WARNING  PortentaReader      send_command('disarm') ignored — port not open
2026-06-26 11:49:50,156  WARNING  PortentaReader      send_command('disarm') ignored — port not open
2026-06-26 11:49:50,230  WARNING  PortentaReader      send_command('disarm') ignored — port not open
2026-06-26 11:49:50,280  WARNING  PortentaReader      send_command('disarm') ignored — port not open
2026-06-26 11:49:50,342  WARNING  PortentaReader      send_command('disarm') ignored — port not open
2026-06-26 11:49:50,404  WARNING  PortentaReader      send_command('disarm') ignored — port not open
2026-06-26 11:49:50,465  WARNING  PortentaReader      send_command('disarm') ignored — port not open
2026-06-26 11:49:50,530  WARNING  PortentaReader      send_command('disarm') ignored — port not open
2026-06-26 11:49:50,589  WARNING  PortentaReader      send_command('disarm') ignored — port not open
2026-06-26 11:49:50,651  WARNING  RecordingCore       HEALTH WARNING: LCR silent 91.1s — no new samples (auxiliary; other instruments still recording)
2026-06-26 11:49:50,652  WARNING  PortentaReader      send_command('disarm') ignored — port not open
2026-06-26 11:49:50,713  WARNING  PortentaReader      send_command('disarm') ignored — port not open
2026-06-26 11:49:50,774  WARNING  PortentaReader      send_command('disarm') ignored — port not open
2026-06-26 11:49:50,837  WARNING  PortentaReader      send_command('disarm') ignored — port not open
2026-06-26 11:49:50,901  WARNING  PortentaReader      send_command('disarm') ignored — port not open
2026-06-26 11:49:50,961  WARNING  PortentaReader      send_command('disarm') ignored — port not open
2026-06-26 11:49:51,022  WARNING  PortentaReader      send_command('disarm') ignored — port not open
2026-06-26 11:49:51,099  WARNING  PortentaReader      send_command('disarm') ignored — port not open
2026-06-26 11:49:51,162  WARNING  PortentaReader      send_command('disarm') ignored — port not open
2026-06-26 11:49:51,224  WARNING  PortentaReader      send_command('disarm') ignored — port not open
2026-06-26 11:49:51,286  WARNING  PortentaReader      send_command('disarm') ignored — port not open
2026-06-26 11:49:51,348  WARNING  PortentaReader      send_command('disarm') ignored — port not open
2026-06-26 11:49:51,409  WARNING  PortentaReader      send_command('disarm') ignored — port not open
2026-06-26 11:49:51,471  WARNING  PortentaReader      send_command('disarm') ignored — port not open
2026-06-26 11:49:51,533  WARNING  PortentaReader      send_command('disarm') ignored — port not open
2026-06-26 11:49:51,594  WARNING  PortentaReader      send_command('disarm') ignored — port not open
2026-06-26 11:49:51,657  WARNING  PortentaReader      send_command('disarm') ignored — port not open
2026-06-26 11:49:51,718  WARNING  PortentaReader      send_command('disarm') ignored — port not open
2026-06-26 11:49:51,779  WARNING  PortentaReader      send_command('disarm') ignored — port not open
2026-06-26 11:49:51,840  WARNING  PortentaReader      send_command('disarm') ignored — port not open
2026-06-26 11:49:51,902  WARNING  PortentaReader      send_command('disarm') ignored — port not open
2026-06-26 11:49:51,966  WARNING  PortentaReader      send_command('disarm') ignored — port not open
2026-06-26 11:49:52,028  WARNING  PortentaReader      send_command('disarm') ignored — port not open
2026-06-26 11:49:52,091  WARNING  PortentaReader      send_command('disarm') ignored — port not open
2026-06-26 11:49:52,151  WARNING  PortentaReader      send_command('disarm') ignored — port not open
2026-06-26 11:49:52,213  WARNING  PortentaReader      send_command('disarm') ignored — port not open
2026-06-26 11:49:52,275  WARNING  PortentaReader      send_command('disarm') ignored — port not open
2026-06-26 11:49:52,336  WARNING  PortentaReader      send_command('disarm') ignored — port not open
2026-06-26 11:49:52,398  WARNING  PortentaReader      send_command('disarm') ignored — port not open
2026-06-26 11:49:52,461  WARNING  PortentaReader      send_command('disarm') ignored — port not open
2026-06-26 11:49:52,523  WARNING  PortentaReader      send_command('disarm') ignored — port not open
2026-06-26 11:49:52,586  WARNING  PortentaReader      send_command('disarm') ignored — port not open
2026-06-26 11:49:52,648  WARNING  RecordingCore       HEALTH WARNING: LCR silent 93.1s — no new samples (auxiliary; other instruments still recording)
2026-06-26 11:49:52,649  WARNING  PortentaReader      send_command('disarm') ignored — port not open
2026-06-26 11:49:52,724  WARNING  PortentaReader      send_command('disarm') ignored — port not open
2026-06-26 11:49:52,787  WARNING  PortentaReader      send_command('disarm') ignored — port not open
2026-06-26 11:49:52,848  WARNING  PortentaReader      send_command('disarm') ignored — port not open
2026-06-26 11:49:52,910  WARNING  PortentaReader      send_command('disarm') ignored — port not open
2026-06-26 11:49:52,972  WARNING  PortentaReader      send_command('disarm') ignored — port not open
2026-06-26 11:49:53,035  WARNING  PortentaReader      send_command('disarm') ignored — port not open
2026-06-26 11:49:53,096  WARNING  PortentaReader      send_command('disarm') ignored — port not open
2026-06-26 11:49:53,158  WARNING  PortentaReader      send_command('disarm') ignored — port not open
2026-06-26 11:49:53,220  WARNING  PortentaReader      send_command('disarm') ignored — port not open
2026-06-26 11:49:53,280  WARNING  PortentaReader      send_command('disarm') ignored — port not open
2026-06-26 11:49:53,343  WARNING  PortentaReader      send_command('disarm') ignored — port not open
2026-06-26 11:49:53,405  WARNING  PortentaReader      send_command('disarm') ignored — port not open
2026-06-26 11:49:53,468  WARNING  PortentaReader      send_command('disarm') ignored — port not open
2026-06-26 11:49:53,530  WARNING  PortentaReader      send_command('disarm') ignored — port not open
2026-06-26 11:49:53,591  WARNING  PortentaReader      send_command('disarm') ignored — port not open
2026-06-26 11:49:53,653  WARNING  PortentaReader      send_command('disarm') ignored — port not open
2026-06-26 11:49:53,715  WARNING  PortentaReader      send_command('disarm') ignored — port not open
2026-06-26 11:49:53,777  WARNING  PortentaReader      send_command('disarm') ignored — port not open
2026-06-26 11:49:53,839  WARNING  PortentaReader      send_command('disarm') ignored — port not open
2026-06-26 11:49:53,900  WARNING  PortentaReader      send_command('disarm') ignored — port not open
2026-06-26 11:49:53,962  WARNING  PortentaReader      send_command('disarm') ignored — port not open
2026-06-26 11:49:54,023  WARNING  PortentaReader      send_command('disarm') ignored — port not open
2026-06-26 11:49:54,085  WARNING  PortentaReader      send_command('disarm') ignored — port not open
2026-06-26 11:49:54,162  WARNING  PortentaReader      send_command('disarm') ignored — port not open
2026-06-26 11:49:54,224  WARNING  PortentaReader      send_command('disarm') ignored — port not open
2026-06-26 11:49:54,286  WARNING  PortentaReader      send_command('disarm') ignored — port not open
2026-06-26 11:49:54,348  WARNING  PortentaReader      send_command('disarm') ignored — port not open
2026-06-26 11:49:54,409  WARNING  PortentaReader      send_command('disarm') ignored — port not open
2026-06-26 11:49:54,471  WARNING  PortentaReader      send_command('disarm') ignored — port not open
2026-06-26 11:49:54,532  WARNING  PortentaReader      send_command('disarm') ignored — port not open
2026-06-26 11:49:54,596  WARNING  PortentaReader      send_command('disarm') ignored — port not open
2026-06-26 11:49:54,658  WARNING  RecordingCore       HEALTH WARNING: LCR silent 95.1s — no new samples (auxiliary; other instruments still recording)
2026-06-26 11:49:54,659  WARNING  PortentaReader      send_command('disarm') ignored — port not open
2026-06-26 11:49:54,721  WARNING  PortentaReader      send_command('disarm') ignored — port not open
2026-06-26 11:49:54,782  WARNING  PortentaReader      send_command('disarm') ignored — port not open
2026-06-26 11:49:54,843  WARNING  PortentaReader      send_command('disarm') ignored — port not open
2026-06-26 11:49:54,906  WARNING  PortentaReader      send_command('disarm') ignored — port not open
2026-06-26 11:49:54,968  WARNING  PortentaReader      send_command('disarm') ignored — port not open
2026-06-26 11:49:55,031  WARNING  PortentaReader      send_command('disarm') ignored — port not open
2026-06-26 11:49:55,092  WARNING  PortentaReader      send_command('disarm') ignored — port not open
2026-06-26 11:49:55,154  WARNING  PortentaReader      send_command('disarm') ignored — port not open
2026-06-26 11:49:55,215  WARNING  PortentaReader      send_command('disarm') ignored — port not open
2026-06-26 11:49:55,276  WARNING  PortentaReader      send_command('disarm') ignored — port not open
2026-06-26 11:49:55,337  WARNING  PortentaReader      send_command('disarm') ignored — port not open
2026-06-26 11:49:55,399  WARNING  PortentaReader      send_command('disarm') ignored — port not open
2026-06-26 11:49:55,461  WARNING  PortentaReader      send_command('disarm') ignored — port not open
2026-06-26 11:49:55,537  WARNING  PortentaReader      send_command('disarm') ignored — port not open
2026-06-26 11:49:55,598  WARNING  PortentaReader      send_command('disarm') ignored — port not open
2026-06-26 11:49:55,661  WARNING  PortentaReader      send_command('disarm') ignored — port not open
2026-06-26 11:49:55,723  WARNING  PortentaReader      send_command('disarm') ignored — port not open
2026-06-26 11:49:55,786  WARNING  PortentaReader      send_command('disarm') ignored — port not open
2026-06-26 11:49:55,847  WARNING  PortentaReader      send_command('disarm') ignored — port not open
2026-06-26 11:49:55,909  WARNING  PortentaReader      send_command('disarm') ignored — port not open
2026-06-26 11:49:55,970  WARNING  PortentaReader      send_command('disarm') ignored — port not open
2026-06-26 11:49:56,031  WARNING  PortentaReader      send_command('disarm') ignored — port not open
2026-06-26 11:49:56,093  WARNING  PortentaReader      send_command('disarm') ignored — port not open
2026-06-26 11:49:56,155  WARNING  PortentaReader      send_command('disarm') ignored — port not open
2026-06-26 11:49:56,217  WARNING  PortentaReader      send_command('disarm') ignored — port not open
2026-06-26 11:49:56,279  WARNING  PortentaReader      send_command('disarm') ignored — port not open
2026-06-26 11:49:56,340  WARNING  PortentaReader      send_command('disarm') ignored — port not open
2026-06-26 11:49:56,402  WARNING  PortentaReader      send_command('disarm') ignored — port not open
2026-06-26 11:49:56,464  WARNING  PortentaReader      send_command('disarm') ignored — port not open
2026-06-26 11:49:56,525  WARNING  PortentaReader      send_command('disarm') ignored — port not open
2026-06-26 11:49:56,587  WARNING  PortentaReader      send_command('disarm') ignored — port not open
2026-06-26 11:49:56,650  WARNING  RecordingCore       HEALTH WARNING: LCR silent 97.1s — no new samples (auxiliary; other instruments still recording)
2026-06-26 11:49:56,651  WARNING  PortentaReader      send_command('disarm') ignored — port not open
2026-06-26 11:49:56,712  WARNING  PortentaReader      send_command('disarm') ignored — port not open
2026-06-26 11:49:56,774  WARNING  PortentaReader      send_command('disarm') ignored — port not open
2026-06-26 11:49:56,837  WARNING  PortentaReader      send_command('disarm') ignored — port not open
2026-06-26 11:49:56,910  WARNING  PortentaReader      send_command('disarm') ignored — port not open
2026-06-26 11:49:56,961  WARNING  PortentaReader      send_command('disarm') ignored — port not open
2026-06-26 11:49:57,024  WARNING  PortentaReader      send_command('disarm') ignored — port not open
2026-06-26 11:49:57,099  WARNING  PortentaReader      send_command('disarm') ignored — port not open
2026-06-26 11:49:57,162  WARNING  PortentaReader      send_command('disarm') ignored — port not open
2026-06-26 11:49:57,223  WARNING  PortentaReader      send_command('disarm') ignored — port not open
2026-06-26 11:49:57,286  WARNING  PortentaReader      send_command('disarm') ignored — port not open
2026-06-26 11:49:57,348  WARNING  PortentaReader      send_command('disarm') ignored — port not open
2026-06-26 11:49:57,409  WARNING  PortentaReader      send_command('disarm') ignored — port not open
2026-06-26 11:49:57,471  WARNING  PortentaReader      send_command('disarm') ignored — port not open
2026-06-26 11:49:57,533  WARNING  PortentaReader      send_command('disarm') ignored — port not open
2026-06-26 11:49:57,595  WARNING  PortentaReader      send_command('disarm') ignored — port not open
2026-06-26 11:49:57,658  WARNING  PortentaReader      send_command('disarm') ignored — port not open
2026-06-26 11:49:57,720  WARNING  PortentaReader      send_command('disarm') ignored — port not open
2026-06-26 11:49:57,781  WARNING  PortentaReader      send_command('disarm') ignored — port not open
2026-06-26 11:49:57,842  WARNING  PortentaReader      send_command('disarm') ignored — port not open
2026-06-26 11:49:57,904  WARNING  PortentaReader      send_command('disarm') ignored — port not open
2026-06-26 11:49:57,965  WARNING  PortentaReader      send_command('disarm') ignored — port not open
2026-06-26 11:49:58,027  WARNING  PortentaReader      send_command('disarm') ignored — port not open
2026-06-26 11:49:58,089  WARNING  PortentaReader      send_command('disarm') ignored — port not open
2026-06-26 11:49:58,152  WARNING  PortentaReader      send_command('disarm') ignored — port not open
2026-06-26 11:49:58,213  WARNING  PortentaReader      send_command('disarm') ignored — port not open
2026-06-26 11:49:58,274  WARNING  PortentaReader      send_command('disarm') ignored — port not open
2026-06-26 11:49:58,335  WARNING  PortentaReader      send_command('disarm') ignored — port not open
2026-06-26 11:49:58,398  WARNING  PortentaReader      send_command('disarm') ignored — port not open
2026-06-26 11:49:58,460  WARNING  PortentaReader      send_command('disarm') ignored — port not open
2026-06-26 11:49:58,537  WARNING  PortentaReader      send_command('disarm') ignored — port not open
2026-06-26 11:49:58,599  WARNING  PortentaReader      send_command('disarm') ignored — port not open
2026-06-26 11:49:58,660  WARNING  RecordingCore       HEALTH WARNING: LCR silent 99.1s — no new samples (auxiliary; other instruments still recording)
2026-06-26 11:49:58,660  WARNING  PortentaReader      send_command('disarm') ignored — port not open
2026-06-26 11:49:58,722  WARNING  PortentaReader      send_command('disarm') ignored — port not open
2026-06-26 11:49:58,785  WARNING  PortentaReader      send_command('disarm') ignored — port not open
2026-06-26 11:49:58,847  WARNING  PortentaReader      send_command('disarm') ignored — port not open
2026-06-26 11:49:58,908  WARNING  PortentaReader      send_command('disarm') ignored — port not open
2026-06-26 11:49:58,972  WARNING  PortentaReader      send_command('disarm') ignored — port not open
2026-06-26 11:49:59,033  WARNING  PortentaReader      send_command('disarm') ignored — port not open
2026-06-26 11:49:59,094  WARNING  PortentaReader      send_command('disarm') ignored — port not open
2026-06-26 11:49:59,155  WARNING  PortentaReader      send_command('disarm') ignored — port not open
2026-06-26 11:49:59,217  WARNING  PortentaReader      send_command('disarm') ignored — port not open
2026-06-26 11:49:59,278  WARNING  PortentaReader      send_command('disarm') ignored — port not open
2026-06-26 11:49:59,340  WARNING  PortentaReader      send_command('disarm') ignored — port not open
2026-06-26 11:49:59,401  WARNING  PortentaReader      send_command('disarm') ignored — port not open
2026-06-26 11:49:59,464  WARNING  PortentaReader      send_command('disarm') ignored — port not open
2026-06-26 11:49:59,526  WARNING  PortentaReader      send_command('disarm') ignored — port not open
2026-06-26 11:49:59,588  WARNING  PortentaReader      send_command('disarm') ignored — port not open
2026-06-26 11:49:59,649  WARNING  PortentaReader      send_command('disarm') ignored — port not open
2026-06-26 11:49:59,711  WARNING  PortentaReader      send_command('disarm') ignored — port not open
2026-06-26 11:49:59,773  WARNING  PortentaReader      send_command('disarm') ignored — port not open
2026-06-26 11:49:59,850  WARNING  PortentaReader      send_command('disarm') ignored — port not open
2026-06-26 11:49:59,928  WARNING  PortentaReader      send_command('disarm') ignored — port not open
2026-06-26 11:49:59,989  WARNING  PortentaReader      send_command('disarm') ignored — port not open
2026-06-26 11:50:00,051  WARNING  PortentaReader      send_command('disarm') ignored — port not open
2026-06-26 11:50:00,114  WARNING  PortentaReader      send_command('disarm') ignored — port not open
2026-06-26 11:50:00,175  WARNING  PortentaReader      send_command('disarm') ignored — port not open
2026-06-26 11:50:00,237  WARNING  PortentaReader      send_command('disarm') ignored — port not open
2026-06-26 11:50:00,300  WARNING  PortentaReader      send_command('disarm') ignored — port not open
2026-06-26 11:50:00,361  WARNING  PortentaReader      send_command('disarm') ignored — port not open
2026-06-26 11:50:00,423  WARNING  PortentaReader      send_command('disarm') ignored — port not open
2026-06-26 11:50:00,485  WARNING  PortentaReader      send_command('disarm') ignored — port not open
2026-06-26 11:50:00,547  WARNING  PortentaReader      send_command('disarm') ignored — port not open
2026-06-26 11:50:00,609  WARNING  PortentaReader      send_command('disarm') ignored — port not open
2026-06-26 11:50:00,670  WARNING  RecordingCore       HEALTH WARNING: LCR silent 101.2s — no new samples (auxiliary; other instruments still recording)
2026-06-26 11:50:00,670  WARNING  PortentaReader      send_command('disarm') ignored — port not open
2026-06-26 11:50:00,733  WARNING  PortentaReader      send_command('disarm') ignored — port not open
2026-06-26 11:50:00,795  WARNING  PortentaReader      send_command('disarm') ignored — port not open
2026-06-26 11:50:00,857  WARNING  PortentaReader      send_command('disarm') ignored — port not open
2026-06-26 11:50:00,919  WARNING  PortentaReader      send_command('disarm') ignored — port not open
2026-06-26 11:50:00,982  WARNING  PortentaReader      send_command('disarm') ignored — port not open
2026-06-26 11:50:01,043  WARNING  PortentaReader      send_command('disarm') ignored — port not open
2026-06-26 11:50:01,105  WARNING  PortentaReader      send_command('disarm') ignored — port not open
2026-06-26 11:50:01,167  WARNING  PortentaReader      send_command('disarm') ignored — port not open
2026-06-26 11:50:01,229  WARNING  PortentaReader      send_command('disarm') ignored — port not open
2026-06-26 11:50:01,291  WARNING  PortentaReader      send_command('disarm') ignored — port not open
2026-06-26 11:50:01,354  WARNING  PortentaReader      send_command('disarm') ignored — port not open
2026-06-26 11:50:01,415  WARNING  PortentaReader      send_command('disarm') ignored — port not open
2026-06-26 11:50:01,477  WARNING  PortentaReader      send_command('disarm') ignored — port not open
2026-06-26 11:50:01,540  WARNING  PortentaReader      send_command('disarm') ignored — port not open
2026-06-26 11:50:01,601  WARNING  PortentaReader      send_command('disarm') ignored — port not open
2026-06-26 11:50:01,678  WARNING  PortentaReader      send_command('disarm') ignored — port not open
2026-06-26 11:50:01,725  WARNING  PortentaReader      send_command('disarm') ignored — port not open
2026-06-26 11:50:01,802  WARNING  PortentaReader      send_command('disarm') ignored — port not open
2026-06-26 11:50:01,864  WARNING  PortentaReader      send_command('disarm') ignored — port not open
2026-06-26 11:50:01,915  WARNING  PortentaReader      send_command('disarm') ignored — port not open
2026-06-26 11:50:01,987  WARNING  PortentaReader      send_command('disarm') ignored — port not open
2026-06-26 11:50:02,049  WARNING  PortentaReader      send_command('disarm') ignored — port not open
2026-06-26 11:50:02,110  WARNING  PortentaReader      send_command('disarm') ignored — port not open
2026-06-26 11:50:02,173  WARNING  PortentaReader      send_command('disarm') ignored — port not open
2026-06-26 11:50:02,235  WARNING  PortentaReader      send_command('disarm') ignored — port not open
2026-06-26 11:50:02,297  WARNING  PortentaReader      send_command('disarm') ignored — port not open
2026-06-26 11:50:02,359  WARNING  PortentaReader      send_command('disarm') ignored — port not open
2026-06-26 11:50:02,420  WARNING  PortentaReader      send_command('disarm') ignored — port not open
2026-06-26 11:50:02,485  WARNING  PortentaReader      send_command('disarm') ignored — port not open
2026-06-26 11:50:02,545  WARNING  PortentaReader      send_command('disarm') ignored — port not open
2026-06-26 11:50:02,608  WARNING  PortentaReader      send_command('disarm') ignored — port not open
2026-06-26 11:50:02,668  WARNING  RecordingCore       HEALTH WARNING: LCR silent 103.2s — no new samples (auxiliary; other instruments still recording)
2026-06-26 11:50:02,669  WARNING  PortentaReader      send_command('disarm') ignored — port not open
2026-06-26 11:50:02,730  WARNING  PortentaReader      send_command('disarm') ignored — port not open
2026-06-26 11:50:02,792  WARNING  PortentaReader      send_command('disarm') ignored — port not open
2026-06-26 11:50:02,854  WARNING  PortentaReader      send_command('disarm') ignored — port not open
2026-06-26 11:50:02,914  WARNING  PortentaReader      send_command('disarm') ignored — port not open
2026-06-26 11:50:02,978  WARNING  PortentaReader      send_command('disarm') ignored — port not open
2026-06-26 11:50:03,038  WARNING  PortentaReader      send_command('disarm') ignored — port not open
2026-06-26 11:50:03,115  WARNING  PortentaReader      send_command('disarm') ignored — port not open
2026-06-26 11:50:03,176  WARNING  PortentaReader      send_command('disarm') ignored — port not open
2026-06-26 11:50:03,237  WARNING  PortentaReader      send_command('disarm') ignored — port not open
2026-06-26 11:50:03,300  WARNING  PortentaReader      send_command('disarm') ignored — port not open
2026-06-26 11:50:03,362  WARNING  PortentaReader      send_command('disarm') ignored — port not open
2026-06-26 11:50:03,423  WARNING  PortentaReader      send_command('disarm') ignored — port not open
2026-06-26 11:50:03,485  WARNING  PortentaReader      send_command('disarm') ignored — port not open
2026-06-26 11:50:03,546  WARNING  PortentaReader      send_command('disarm') ignored — port not open
2026-06-26 11:50:03,607  WARNING  PortentaReader      send_command('disarm') ignored — port not open
2026-06-26 11:50:03,668  WARNING  PortentaReader      send_command('disarm') ignored — port not open
2026-06-26 11:50:03,730  WARNING  PortentaReader      send_command('disarm') ignored — port not open
2026-06-26 11:50:03,791  WARNING  PortentaReader      send_command('disarm') ignored — port not open
2026-06-26 11:50:03,853  WARNING  PortentaReader      send_command('disarm') ignored — port not open
2026-06-26 11:50:03,915  WARNING  PortentaReader      send_command('disarm') ignored — port not open
2026-06-26 11:50:03,976  WARNING  PortentaReader      send_command('disarm') ignored — port not open
2026-06-26 11:50:04,053  WARNING  PortentaReader      send_command('disarm') ignored — port not open
2026-06-26 11:50:04,102  WARNING  PortentaReader      send_command('disarm') ignored — port not open
2026-06-26 11:50:04,177  WARNING  PortentaReader      send_command('disarm') ignored — port not open
2026-06-26 11:50:04,246  WARNING  PortentaReader      send_command('disarm') ignored — port not open
2026-06-26 11:50:04,317  WARNING  PortentaReader      send_command('disarm') ignored — port not open
2026-06-26 11:50:04,379  WARNING  PortentaReader      send_command('disarm') ignored — port not open
2026-06-26 11:50:04,441  WARNING  PortentaReader      send_command('disarm') ignored — port not open
2026-06-26 11:50:04,519  WARNING  PortentaReader      send_command('disarm') ignored — port not open
2026-06-26 11:50:04,566  WARNING  PortentaReader      send_command('disarm') ignored — port not open
2026-06-26 11:50:04,626  WARNING  PortentaReader      send_command('disarm') ignored — port not open
2026-06-26 11:50:04,688  WARNING  RecordingCore       HEALTH WARNING: LCR silent 105.2s — no new samples (auxiliary; other instruments still recording)
2026-06-26 11:50:04,688  WARNING  PortentaReader      send_command('disarm') ignored — port not open
2026-06-26 11:50:04,749  WARNING  PortentaReader      send_command('disarm') ignored — port not open
2026-06-26 11:50:04,811  WARNING  PortentaReader      send_command('disarm') ignored — port not open
2026-06-26 11:50:04,873  WARNING  PortentaReader      send_command('disarm') ignored — port not open
2026-06-26 11:50:04,935  WARNING  PortentaReader      send_command('disarm') ignored — port not open
2026-06-26 11:50:04,996  WARNING  PortentaReader      send_command('disarm') ignored — port not open
2026-06-26 11:50:05,057  WARNING  PortentaReader      send_command('disarm') ignored — port not open
2026-06-26 11:50:05,118  WARNING  PortentaReader      send_command('disarm') ignored — port not open
2026-06-26 11:50:05,180  WARNING  PortentaReader      send_command('disarm') ignored — port not open
2026-06-26 11:50:05,242  WARNING  PortentaReader      send_command('disarm') ignored — port not open
2026-06-26 11:50:05,304  WARNING  PortentaReader      send_command('disarm') ignored — port not open
2026-06-26 11:50:05,381  WARNING  PortentaReader      send_command('disarm') ignored — port not open
2026-06-26 11:50:05,443  WARNING  PortentaReader      send_command('disarm') ignored — port not open
2026-06-26 11:50:05,503  WARNING  PortentaReader      send_command('disarm') ignored — port not open
2026-06-26 11:50:05,564  WARNING  PortentaReader      send_command('disarm') ignored — port not open
2026-06-26 11:50:05,625  WARNING  PortentaReader      send_command('disarm') ignored — port not open
2026-06-26 11:50:05,688  WARNING  PortentaReader      send_command('disarm') ignored — port not open
2026-06-26 11:50:05,749  WARNING  PortentaReader      send_command('disarm') ignored — port not open
2026-06-26 11:50:05,811  WARNING  PortentaReader      send_command('disarm') ignored — port not open
2026-06-26 11:50:05,873  WARNING  PortentaReader      send_command('disarm') ignored — port not open
2026-06-26 11:50:05,932  WARNING  PortentaReader      send_command('disarm') ignored — port not open
2026-06-26 11:50:05,995  WARNING  PortentaReader      send_command('disarm') ignored — port not open
2026-06-26 11:50:06,057  WARNING  PortentaReader      send_command('disarm') ignored — port not open
2026-06-26 11:50:06,117  WARNING  PortentaReader      send_command('disarm') ignored — port not open
2026-06-26 11:50:06,180  WARNING  PortentaReader      send_command('disarm') ignored — port not open
2026-06-26 11:50:06,242  WARNING  PortentaReader      send_command('disarm') ignored — port not open
2026-06-26 11:50:06,319  WARNING  PortentaReader      send_command('disarm') ignored — port not open
2026-06-26 11:50:06,381  WARNING  PortentaReader      send_command('disarm') ignored — port not open
2026-06-26 11:50:06,441  WARNING  PortentaReader      send_command('disarm') ignored — port not open
2026-06-26 11:50:06,504  WARNING  PortentaReader      send_command('disarm') ignored — port not open
2026-06-26 11:50:06,566  WARNING  PortentaReader      send_command('disarm') ignored — port not open
2026-06-26 11:50:06,627  WARNING  PortentaReader      send_command('disarm') ignored — port not open
2026-06-26 11:50:06,688  WARNING  RecordingCore       HEALTH WARNING: LCR silent 107.2s — no new samples (auxiliary; other instruments still recording)
2026-06-26 11:50:06,689  WARNING  PortentaReader      send_command('disarm') ignored — port not open
2026-06-26 11:50:06,751  WARNING  PortentaReader      send_command('disarm') ignored — port not open
2026-06-26 11:50:06,812  WARNING  PortentaReader      send_command('disarm') ignored — port not open
2026-06-26 11:50:06,874  WARNING  PortentaReader      send_command('disarm') ignored — port not open
2026-06-26 11:50:06,935  WARNING  PortentaReader      send_command('disarm') ignored — port not open
2026-06-26 11:50:06,997  WARNING  PortentaReader      send_command('disarm') ignored — port not open
2026-06-26 11:50:07,058  WARNING  PortentaReader      send_command('disarm') ignored — port not open
2026-06-26 11:50:07,120  WARNING  PortentaReader      send_command('disarm') ignored — port not open
2026-06-26 11:50:07,182  WARNING  PortentaReader      send_command('disarm') ignored — port not open
2026-06-26 11:50:07,244  WARNING  PortentaReader      send_command('disarm') ignored — port not open
2026-06-26 11:50:07,305  WARNING  PortentaReader      send_command('disarm') ignored — port not open
2026-06-26 11:50:07,368  WARNING  PortentaReader      send_command('disarm') ignored — port not open
2026-06-26 11:50:07,430  WARNING  PortentaReader      send_command('disarm') ignored — port not open
2026-06-26 11:50:07,506  WARNING  PortentaReader      send_command('disarm') ignored — port not open
2026-06-26 11:50:07,568  WARNING  PortentaReader      send_command('disarm') ignored — port not open
2026-06-26 11:50:07,630  WARNING  PortentaReader      send_command('disarm') ignored — port not open
2026-06-26 11:50:07,692  WARNING  PortentaReader      send_command('disarm') ignored — port not open
2026-06-26 11:50:07,753  WARNING  PortentaReader      send_command('disarm') ignored — port not open
2026-06-26 11:50:07,814  WARNING  PortentaReader      send_command('disarm') ignored — port not open
2026-06-26 11:50:07,876  WARNING  PortentaReader      send_command('disarm') ignored — port not open
2026-06-26 11:50:07,938  WARNING  PortentaReader      send_command('disarm') ignored — port not open
2026-06-26 11:50:08,000  WARNING  PortentaReader      send_command('disarm') ignored — port not open
2026-06-26 11:50:08,062  WARNING  PortentaReader      send_command('disarm') ignored — port not open
2026-06-26 11:50:08,124  WARNING  PortentaReader      send_command('disarm') ignored — port not open
2026-06-26 11:50:08,186  WARNING  PortentaReader      send_command('disarm') ignored — port not open
2026-06-26 11:50:08,248  WARNING  PortentaReader      send_command('disarm') ignored — port not open
2026-06-26 11:50:08,310  WARNING  PortentaReader      send_command('disarm') ignored — port not open
2026-06-26 11:50:08,371  WARNING  PortentaReader      send_command('disarm') ignored — port not open
2026-06-26 11:50:08,432  WARNING  PortentaReader      send_command('disarm') ignored — port not open
2026-06-26 11:50:08,495  WARNING  PortentaReader      send_command('disarm') ignored — port not open
2026-06-26 11:50:08,555  WARNING  PortentaReader      send_command('disarm') ignored — port not open
2026-06-26 11:50:08,617  WARNING  PortentaReader      send_command('disarm') ignored — port not open
2026-06-26 11:50:08,678  WARNING  RecordingCore       HEALTH WARNING: LCR silent 109.2s — no new samples (auxiliary; other instruments still recording)
2026-06-26 11:50:08,679  WARNING  PortentaReader      send_command('disarm') ignored — port not open
2026-06-26 11:50:08,756  WARNING  PortentaReader      send_command('disarm') ignored — port not open
2026-06-26 11:50:08,817  WARNING  PortentaReader      send_command('disarm') ignored — port not open
2026-06-26 11:50:08,880  WARNING  PortentaReader      send_command('disarm') ignored — port not open
2026-06-26 11:50:08,941  WARNING  PortentaReader      send_command('disarm') ignored — port not open
2026-06-26 11:50:09,005  WARNING  PortentaReader      send_command('disarm') ignored — port not open
2026-06-26 11:50:09,067  WARNING  PortentaReader      send_command('disarm') ignored — port not open
2026-06-26 11:50:09,128  WARNING  PortentaReader      send_command('disarm') ignored — port not open
2026-06-26 11:50:09,190  WARNING  PortentaReader      send_command('disarm') ignored — port not open
2026-06-26 11:50:09,252  WARNING  PortentaReader      send_command('disarm') ignored — port not open
2026-06-26 11:50:09,312  WARNING  PortentaReader      send_command('disarm') ignored — port not open
2026-06-26 11:50:09,374  WARNING  PortentaReader      send_command('disarm') ignored — port not open
2026-06-26 11:50:09,436  WARNING  PortentaReader      send_command('disarm') ignored — port not open
2026-06-26 11:50:09,498  WARNING  PortentaReader      send_command('disarm') ignored — port not open
2026-06-26 11:50:09,560  WARNING  PortentaReader      send_command('disarm') ignored — port not open
2026-06-26 11:50:09,621  WARNING  PortentaReader      send_command('disarm') ignored — port not open
2026-06-26 11:50:09,683  WARNING  PortentaReader      send_command('disarm') ignored — port not open
2026-06-26 11:50:09,745  WARNING  PortentaReader      send_command('disarm') ignored — port not open
2026-06-26 11:50:09,808  WARNING  PortentaReader      send_command('disarm') ignored — port not open
2026-06-26 11:50:09,869  WARNING  PortentaReader      send_command('disarm') ignored — port not open
2026-06-26 11:50:09,931  WARNING  PortentaReader      send_command('disarm') ignored — port not open
2026-06-26 11:50:09,993  WARNING  PortentaReader      send_command('disarm') ignored — port not open
2026-06-26 11:50:10,056  WARNING  PortentaReader      send_command('disarm') ignored — port not open
2026-06-26 11:50:10,117  WARNING  PortentaReader      send_command('disarm') ignored — port not open
2026-06-26 11:50:10,179  WARNING  PortentaReader      send_command('disarm') ignored — port not open
2026-06-26 11:50:10,257  WARNING  PortentaReader      send_command('disarm') ignored — port not open
2026-06-26 11:50:10,318  WARNING  PortentaReader      send_command('disarm') ignored — port not open
2026-06-26 11:50:10,379  WARNING  PortentaReader      send_command('disarm') ignored — port not open
2026-06-26 11:50:10,441  WARNING  PortentaReader      send_command('disarm') ignored — port not open
2026-06-26 11:50:10,502  WARNING  PortentaReader      send_command('disarm') ignored — port not open
2026-06-26 11:50:10,564  WARNING  PortentaReader      send_command('disarm') ignored — port not open
2026-06-26 11:50:10,627  WARNING  PortentaReader      send_command('disarm') ignored — port not open
2026-06-26 11:50:10,688  WARNING  RecordingCore       HEALTH WARNING: LCR silent 111.2s — no new samples (auxiliary; other instruments still recording)
2026-06-26 11:50:10,688  WARNING  PortentaReader      send_command('disarm') ignored — port not open
2026-06-26 11:50:10,749  WARNING  PortentaReader      send_command('disarm') ignored — port not open
2026-06-26 11:50:10,810  WARNING  PortentaReader      send_command('disarm') ignored — port not open
2026-06-26 11:50:10,872  WARNING  PortentaReader      send_command('disarm') ignored — port not open
2026-06-26 11:50:10,935  WARNING  PortentaReader      send_command('disarm') ignored — port not open
2026-06-26 11:50:10,996  WARNING  PortentaReader      send_command('disarm') ignored — port not open
2026-06-26 11:50:11,057  WARNING  PortentaReader      send_command('disarm') ignored — port not open
2026-06-26 11:50:11,119  WARNING  PortentaReader      send_command('disarm') ignored — port not open
2026-06-26 11:50:11,179  WARNING  PortentaReader      send_command('disarm') ignored — port not open
2026-06-26 11:50:11,242  WARNING  PortentaReader      send_command('disarm') ignored — port not open
2026-06-26 11:50:11,304  WARNING  PortentaReader      send_command('disarm') ignored — port not open
2026-06-26 11:50:11,366  WARNING  PortentaReader      send_command('disarm') ignored — port not open
2026-06-26 11:50:11,444  WARNING  PortentaReader      send_command('disarm') ignored — port not open
2026-06-26 11:50:11,491  WARNING  PortentaReader      send_command('disarm') ignored — port not open
2026-06-26 11:50:11,567  WARNING  PortentaReader      send_command('disarm') ignored — port not open
2026-06-26 11:50:11,629  WARNING  PortentaReader      send_command('disarm') ignored — port not open
2026-06-26 11:50:11,691  WARNING  PortentaReader      send_command('disarm') ignored — port not open
2026-06-26 11:50:11,752  WARNING  PortentaReader      send_command('disarm') ignored — port not open
2026-06-26 11:50:11,815  WARNING  PortentaReader      send_command('disarm') ignored — port not open
2026-06-26 11:50:11,877  WARNING  PortentaReader      send_command('disarm') ignored — port not open
2026-06-26 11:50:11,939  WARNING  PortentaReader      send_command('disarm') ignored — port not open
2026-06-26 11:50:12,001  WARNING  PortentaReader      send_command('disarm') ignored — port not open
2026-06-26 11:50:12,061  WARNING  PortentaReader      send_command('disarm') ignored — port not open
2026-06-26 11:50:12,123  WARNING  PortentaReader      send_command('disarm') ignored — port not open
2026-06-26 11:50:12,185  WARNING  PortentaReader      send_command('disarm') ignored — port not open
2026-06-26 11:50:12,248  WARNING  PortentaReader      send_command('disarm') ignored — port not open
2026-06-26 11:50:12,310  WARNING  PortentaReader      send_command('disarm') ignored — port not open
2026-06-26 11:50:12,373  WARNING  PortentaReader      send_command('disarm') ignored — port not open
2026-06-26 11:50:12,434  WARNING  PortentaReader      send_command('disarm') ignored — port not open
2026-06-26 11:50:12,495  WARNING  PortentaReader      send_command('disarm') ignored — port not open
2026-06-26 11:50:12,557  WARNING  PortentaReader      send_command('disarm') ignored — port not open
2026-06-26 11:50:12,619  WARNING  PortentaReader      send_command('disarm') ignored — port not open
2026-06-26 11:50:12,681  WARNING  RecordingCore       HEALTH WARNING: LCR silent 113.2s — no new samples (auxiliary; other instruments still recording)
2026-06-26 11:50:12,681  WARNING  PortentaReader      send_command('disarm') ignored — port not open
2026-06-26 11:50:12,742  WARNING  PortentaReader      send_command('disarm') ignored — port not open
2026-06-26 11:50:12,804  WARNING  PortentaReader      send_command('disarm') ignored — port not open
2026-06-26 11:50:12,867  WARNING  PortentaReader      send_command('disarm') ignored — port not open
2026-06-26 11:50:12,941  WARNING  PortentaReader      send_command('disarm') ignored — port not open
2026-06-26 11:50:13,003  WARNING  PortentaReader      send_command('disarm') ignored — port not open
2026-06-26 11:50:13,064  WARNING  PortentaReader      send_command('disarm') ignored — port not open
2026-06-26 11:50:13,127  WARNING  PortentaReader      send_command('disarm') ignored — port not open
2026-06-26 11:50:13,189  WARNING  PortentaReader      send_command('disarm') ignored — port not open
2026-06-26 11:50:13,250  WARNING  PortentaReader      send_command('disarm') ignored — port not open
2026-06-26 11:50:13,312  WARNING  PortentaReader      send_command('disarm') ignored — port not open
2026-06-26 11:50:13,373  WARNING  PortentaReader      send_command('disarm') ignored — port not open
2026-06-26 11:50:13,435  WARNING  PortentaReader      send_command('disarm') ignored — port not open
2026-06-26 11:50:13,498  WARNING  PortentaReader      send_command('disarm') ignored — port not open
2026-06-26 11:50:13,560  WARNING  PortentaReader      send_command('disarm') ignored — port not open
2026-06-26 11:50:13,621  WARNING  PortentaReader      send_command('disarm') ignored — port not open
2026-06-26 11:50:13,684  WARNING  PortentaReader      send_command('disarm') ignored — port not open
2026-06-26 11:50:13,746  WARNING  PortentaReader      send_command('disarm') ignored — port not open
2026-06-26 11:50:13,808  WARNING  PortentaReader      send_command('disarm') ignored — port not open
2026-06-26 11:50:13,869  WARNING  PortentaReader      send_command('disarm') ignored — port not open
2026-06-26 11:50:13,931  WARNING  PortentaReader      send_command('disarm') ignored — port not open
2026-06-26 11:50:13,992  WARNING  PortentaReader      send_command('disarm') ignored — port not open
2026-06-26 11:50:14,068  WARNING  PortentaReader      send_command('disarm') ignored — port not open
2026-06-26 11:50:14,129  WARNING  PortentaReader      send_command('disarm') ignored — port not open
2026-06-26 11:50:14,191  WARNING  PortentaReader      send_command('disarm') ignored — port not open
2026-06-26 11:50:14,252  WARNING  PortentaReader      send_command('disarm') ignored — port not open
2026-06-26 11:50:14,314  WARNING  PortentaReader      send_command('disarm') ignored — port not open
2026-06-26 11:50:14,376  WARNING  PortentaReader      send_command('disarm') ignored — port not open
2026-06-26 11:50:14,438  WARNING  PortentaReader      send_command('disarm') ignored — port not open
2026-06-26 11:50:14,499  WARNING  PortentaReader      send_command('disarm') ignored — port not open
2026-06-26 11:50:14,561  WARNING  PortentaReader      send_command('disarm') ignored — port not open
2026-06-26 11:50:14,624  WARNING  PortentaReader      send_command('disarm') ignored — port not open
2026-06-26 11:50:14,685  WARNING  RecordingCore       HEALTH WARNING: LCR silent 115.2s — no new samples (auxiliary; other instruments still recording)
2026-06-26 11:50:14,685  WARNING  PortentaReader      send_command('disarm') ignored — port not open
2026-06-26 11:50:14,746  WARNING  PortentaReader      send_command('disarm') ignored — port not open
2026-06-26 11:50:14,807  WARNING  PortentaReader      send_command('disarm') ignored — port not open
2026-06-26 11:50:14,869  WARNING  PortentaReader      send_command('disarm') ignored — port not open
2026-06-26 11:50:14,930  WARNING  PortentaReader      send_command('disarm') ignored — port not open
2026-06-26 11:50:14,994  WARNING  PortentaReader      send_command('disarm') ignored — port not open
2026-06-26 11:50:15,056  WARNING  PortentaReader      send_command('disarm') ignored — port not open
2026-06-26 11:50:15,117  WARNING  PortentaReader      send_command('disarm') ignored — port not open
2026-06-26 11:50:15,178  WARNING  PortentaReader      send_command('disarm') ignored — port not open
2026-06-26 11:50:15,242  WARNING  PortentaReader      send_command('disarm') ignored — port not open
2026-06-26 11:50:15,304  WARNING  PortentaReader      send_command('disarm') ignored — port not open
2026-06-26 11:50:15,366  WARNING  PortentaReader      send_command('disarm') ignored — port not open
2026-06-26 11:50:15,443  WARNING  PortentaReader      send_command('disarm') ignored — port not open
2026-06-26 11:50:15,503  WARNING  PortentaReader      send_command('disarm') ignored — port not open
2026-06-26 11:50:15,566  WARNING  PortentaReader      send_command('disarm') ignored — port not open
2026-06-26 11:50:15,628  WARNING  PortentaReader      send_command('disarm') ignored — port not open
2026-06-26 11:50:15,689  WARNING  PortentaReader      send_command('disarm') ignored — port not open
2026-06-26 11:50:15,752  WARNING  PortentaReader      send_command('disarm') ignored — port not open
2026-06-26 11:50:15,814  WARNING  PortentaReader      send_command('disarm') ignored — port not open
2026-06-26 11:50:15,877  WARNING  PortentaReader      send_command('disarm') ignored — port not open
2026-06-26 11:50:15,930  WARNING  PortentaReader      send_command('disarm') ignored — port not open
2026-06-26 11:50:15,999  WARNING  PortentaReader      send_command('disarm') ignored — port not open
2026-06-26 11:50:16,061  WARNING  PortentaReader      send_command('disarm') ignored — port not open
2026-06-26 11:50:16,123  WARNING  PortentaReader      send_command('disarm') ignored — port not open
2026-06-26 11:50:16,184  WARNING  PortentaReader      send_command('disarm') ignored — port not open
2026-06-26 11:50:16,246  WARNING  PortentaReader      send_command('disarm') ignored — port not open
2026-06-26 11:50:16,308  WARNING  PortentaReader      send_command('disarm') ignored — port not open
2026-06-26 11:50:16,370  WARNING  PortentaReader      send_command('disarm') ignored — port not open
2026-06-26 11:50:16,432  WARNING  PortentaReader      send_command('disarm') ignored — port not open
2026-06-26 11:50:16,494  WARNING  PortentaReader      send_command('disarm') ignored — port not open
2026-06-26 11:50:16,555  WARNING  PortentaReader      send_command('disarm') ignored — port not open
2026-06-26 11:50:16,616  WARNING  PortentaReader      send_command('disarm') ignored — port not open
2026-06-26 11:50:16,678  WARNING  RecordingCore       HEALTH WARNING: LCR silent 117.2s — no new samples (auxiliary; other instruments still recording)
2026-06-26 11:50:16,679  WARNING  PortentaReader      send_command('disarm') ignored — port not open
2026-06-26 11:50:16,755  WARNING  PortentaReader      send_command('disarm') ignored — port not open
2026-06-26 11:50:16,818  WARNING  PortentaReader      send_command('disarm') ignored — port not open
2026-06-26 11:50:16,880  WARNING  PortentaReader      send_command('disarm') ignored — port not open
2026-06-26 11:50:16,942  WARNING  PortentaReader      send_command('disarm') ignored — port not open
2026-06-26 11:50:17,005  WARNING  PortentaReader      send_command('disarm') ignored — port not open
2026-06-26 11:50:17,066  WARNING  PortentaReader      send_command('disarm') ignored — port not open
2026-06-26 11:50:17,128  WARNING  PortentaReader      send_command('disarm') ignored — port not open
2026-06-26 11:50:17,189  WARNING  PortentaReader      send_command('disarm') ignored — port not open
2026-06-26 11:50:17,250  WARNING  PortentaReader      send_command('disarm') ignored — port not open
2026-06-26 11:50:17,312  WARNING  PortentaReader      send_command('disarm') ignored — port not open
2026-06-26 11:50:17,374  WARNING  PortentaReader      send_command('disarm') ignored — port not open
2026-06-26 11:50:17,437  WARNING  PortentaReader      send_command('disarm') ignored — port not open
2026-06-26 11:50:17,499  WARNING  PortentaReader      send_command('disarm') ignored — port not open
2026-06-26 11:50:17,559  WARNING  PortentaReader      send_command('disarm') ignored — port not open
2026-06-26 11:50:17,621  WARNING  PortentaReader      send_command('disarm') ignored — port not open
2026-06-26 11:50:17,683  WARNING  PortentaReader      send_command('disarm') ignored — port not open
2026-06-26 11:50:17,745  WARNING  PortentaReader      send_command('disarm') ignored — port not open
2026-06-26 11:50:17,806  WARNING  PortentaReader      send_command('disarm') ignored — port not open
2026-06-26 11:50:17,868  WARNING  PortentaReader      send_command('disarm') ignored — port not open
2026-06-26 11:50:17,944  WARNING  PortentaReader      send_command('disarm') ignored — port not open
2026-06-26 11:50:17,993  WARNING  PortentaReader      send_command('disarm') ignored — port not open
2026-06-26 11:50:18,057  WARNING  PortentaReader      send_command('disarm') ignored — port not open
2026-06-26 11:50:18,131  WARNING  PortentaReader      send_command('disarm') ignored — port not open
2026-06-26 11:50:18,198  WARNING  PortentaReader      send_command('disarm') ignored — port not open
2026-06-26 11:50:18,271  WARNING  PortentaReader      send_command('disarm') ignored — port not open
2026-06-26 11:50:18,330  WARNING  PortentaReader      send_command('disarm') ignored — port not open
2026-06-26 11:50:18,395  WARNING  PortentaReader      send_command('disarm') ignored — port not open
2026-06-26 11:50:18,465  WARNING  PortentaReader      send_command('disarm') ignored — port not open
2026-06-26 11:50:18,518  WARNING  PortentaReader      send_command('disarm') ignored — port not open
2026-06-26 11:50:18,580  WARNING  PortentaReader      send_command('disarm') ignored — port not open
2026-06-26 11:50:18,641  WARNING  PortentaReader      send_command('disarm') ignored — port not open
2026-06-26 11:50:18,703  WARNING  RecordingCore       HEALTH WARNING: LCR silent 119.2s — no new samples (auxiliary; other instruments still recording)
2026-06-26 11:50:18,703  WARNING  PortentaReader      send_command('disarm') ignored — port not open
2026-06-26 11:50:18,764  WARNING  PortentaReader      send_command('disarm') ignored — port not open
2026-06-26 11:50:18,827  WARNING  PortentaReader      send_command('disarm') ignored — port not open
2026-06-26 11:50:18,889  WARNING  PortentaReader      send_command('disarm') ignored — port not open
2026-06-26 11:50:18,951  WARNING  PortentaReader      send_command('disarm') ignored — port not open
2026-06-26 11:50:19,013  WARNING  PortentaReader      send_command('disarm') ignored — port not open
2026-06-26 11:50:19,076  WARNING  PortentaReader      send_command('disarm') ignored — port not open
2026-06-26 11:50:19,137  WARNING  PortentaReader      send_command('disarm') ignored — port not open
2026-06-26 11:50:19,198  WARNING  PortentaReader      send_command('disarm') ignored — port not open
2026-06-26 11:50:19,259  WARNING  PortentaReader      send_command('disarm') ignored — port not open
2026-06-26 11:50:19,320  WARNING  PortentaReader      send_command('disarm') ignored — port not open
2026-06-26 11:50:19,397  WARNING  PortentaReader      send_command('disarm') ignored — port not open
2026-06-26 11:50:19,461  WARNING  PortentaReader      send_command('disarm') ignored — port not open
2026-06-26 11:50:19,523  WARNING  PortentaReader      send_command('disarm') ignored — port not open
2026-06-26 11:50:19,585  WARNING  PortentaReader      send_command('disarm') ignored — port not open
2026-06-26 11:50:19,661  WARNING  PortentaReader      send_command('disarm') ignored — port not open
2026-06-26 11:50:19,723  WARNING  PortentaReader      send_command('disarm') ignored — port not open
2026-06-26 11:50:19,784  WARNING  PortentaReader      send_command('disarm') ignored — port not open
2026-06-26 11:50:19,846  WARNING  PortentaReader      send_command('disarm') ignored — port not open
2026-06-26 11:50:19,908  WARNING  PortentaReader      send_command('disarm') ignored — port not open
2026-06-26 11:50:19,969  WARNING  PortentaReader      send_command('disarm') ignored — port not open
2026-06-26 11:50:20,031  WARNING  PortentaReader      send_command('disarm') ignored — port not open
2026-06-26 11:50:20,092  WARNING  PortentaReader      send_command('disarm') ignored — port not open
2026-06-26 11:50:20,153  WARNING  PortentaReader      send_command('disarm') ignored — port not open
2026-06-26 11:50:20,216  WARNING  PortentaReader      send_command('disarm') ignored — port not open
2026-06-26 11:50:20,277  WARNING  PortentaReader      send_command('disarm') ignored — port not open
2026-06-26 11:50:20,338  WARNING  PortentaReader      send_command('disarm') ignored — port not open
2026-06-26 11:50:20,401  WARNING  PortentaReader      send_command('disarm') ignored — port not open
2026-06-26 11:50:20,461  WARNING  PortentaReader      send_command('disarm') ignored — port not open
2026-06-26 11:50:20,523  WARNING  PortentaReader      send_command('disarm') ignored — port not open
2026-06-26 11:50:20,600  WARNING  PortentaReader      send_command('disarm') ignored — port not open
2026-06-26 11:50:20,661  WARNING  PortentaReader      send_command('disarm') ignored — port not open
2026-06-26 11:50:20,723  WARNING  RecordingCore       HEALTH WARNING: LCR silent 121.2s — no new samples (auxiliary; other instruments still recording)
2026-06-26 11:50:20,724  WARNING  PortentaReader      send_command('disarm') ignored — port not open
2026-06-26 11:50:20,785  WARNING  PortentaReader      send_command('disarm') ignored — port not open
2026-06-26 11:50:20,847  WARNING  PortentaReader      send_command('disarm') ignored — port not open
2026-06-26 11:50:20,908  WARNING  PortentaReader      send_command('disarm') ignored — port not open
2026-06-26 11:50:20,969  WARNING  PortentaReader      send_command('disarm') ignored — port not open
2026-06-26 11:50:21,030  WARNING  PortentaReader      send_command('disarm') ignored — port not open
2026-06-26 11:50:21,093  WARNING  PortentaReader      send_command('disarm') ignored — port not open
2026-06-26 11:50:21,154  WARNING  PortentaReader      send_command('disarm') ignored — port not open
2026-06-26 11:50:21,216  WARNING  PortentaReader      send_command('disarm') ignored — port not open
2026-06-26 11:50:21,278  WARNING  PortentaReader      send_command('disarm') ignored — port not open
2026-06-26 11:50:21,340  WARNING  PortentaReader      send_command('disarm') ignored — port not open
2026-06-26 11:50:21,400  WARNING  PortentaReader      send_command('disarm') ignored — port not open
2026-06-26 11:50:21,464  WARNING  PortentaReader      send_command('disarm') ignored — port not open
2026-06-26 11:50:21,525  WARNING  PortentaReader      send_command('disarm') ignored — port not open
2026-06-26 11:50:21,587  WARNING  PortentaReader      send_command('disarm') ignored — port not open
2026-06-26 11:50:21,649  WARNING  PortentaReader      send_command('disarm') ignored — port not open
2026-06-26 11:50:21,711  WARNING  PortentaReader      send_command('disarm') ignored — port not open
2026-06-26 11:50:21,787  WARNING  PortentaReader      send_command('disarm') ignored — port not open
2026-06-26 11:50:21,848  WARNING  PortentaReader      send_command('disarm') ignored — port not open
2026-06-26 11:50:21,909  WARNING  PortentaReader      send_command('disarm') ignored — port not open
2026-06-26 11:50:21,972  WARNING  PortentaReader      send_command('disarm') ignored — port not open
2026-06-26 11:50:22,034  WARNING  PortentaReader      send_command('disarm') ignored — port not open
2026-06-26 11:50:22,095  WARNING  PortentaReader      send_command('disarm') ignored — port not open
2026-06-26 11:50:22,156  WARNING  PortentaReader      send_command('disarm') ignored — port not open
2026-06-26 11:50:22,218  WARNING  PortentaReader      send_command('disarm') ignored — port not open
2026-06-26 11:50:22,280  WARNING  PortentaReader      send_command('disarm') ignored — port not open
2026-06-26 11:50:22,343  WARNING  PortentaReader      send_command('disarm') ignored — port not open
2026-06-26 11:50:22,404  WARNING  PortentaReader      send_command('disarm') ignored — port not open
2026-06-26 11:50:22,466  WARNING  PortentaReader      send_command('disarm') ignored — port not open
2026-06-26 11:50:22,528  WARNING  PortentaReader      send_command('disarm') ignored — port not open
2026-06-26 11:50:22,590  WARNING  PortentaReader      send_command('disarm') ignored — port not open
2026-06-26 11:50:22,652  WARNING  PortentaReader      send_command('disarm') ignored — port not open
2026-06-26 11:50:22,715  WARNING  RecordingCore       HEALTH WARNING: LCR silent 123.2s — no new samples (auxiliary; other instruments still recording)
2026-06-26 11:50:22,715  WARNING  PortentaReader      send_command('disarm') ignored — port not open
2026-06-26 11:50:22,776  WARNING  PortentaReader      send_command('disarm') ignored — port not open
2026-06-26 11:50:22,838  WARNING  PortentaReader      send_command('disarm') ignored — port not open
2026-06-26 11:50:22,900  WARNING  PortentaReader      send_command('disarm') ignored — port not open
2026-06-26 11:50:22,962  WARNING  PortentaReader      send_command('disarm') ignored — port not open
2026-06-26 11:50:23,024  WARNING  PortentaReader      send_command('disarm') ignored — port not open
2026-06-26 11:50:23,085  WARNING  PortentaReader      send_command('disarm') ignored — port not open
2026-06-26 11:50:23,147  WARNING  PortentaReader      send_command('disarm') ignored — port not open
2026-06-26 11:50:23,224  WARNING  PortentaReader      send_command('disarm') ignored — port not open
2026-06-26 11:50:23,286  WARNING  PortentaReader      send_command('disarm') ignored — port not open
2026-06-26 11:50:23,348  WARNING  PortentaReader      send_command('disarm') ignored — port not open
2026-06-26 11:50:23,410  WARNING  PortentaReader      send_command('disarm') ignored — port not open
2026-06-26 11:50:23,472  WARNING  PortentaReader      send_command('disarm') ignored — port not open
2026-06-26 11:50:23,533  WARNING  PortentaReader      send_command('disarm') ignored — port not open
2026-06-26 11:50:23,595  WARNING  PortentaReader      send_command('disarm') ignored — port not open
2026-06-26 11:50:23,656  WARNING  PortentaReader      send_command('disarm') ignored — port not open
2026-06-26 11:50:23,718  WARNING  PortentaReader      send_command('disarm') ignored — port not open
2026-06-26 11:50:23,780  WARNING  PortentaReader      send_command('disarm') ignored — port not open
2026-06-26 11:50:23,843  WARNING  PortentaReader      send_command('disarm') ignored — port not open
2026-06-26 11:50:23,905  WARNING  PortentaReader      send_command('disarm') ignored — port not open
2026-06-26 11:50:23,967  WARNING  PortentaReader      send_command('disarm') ignored — port not open
2026-06-26 11:50:24,029  WARNING  PortentaReader      send_command('disarm') ignored — port not open
2026-06-26 11:50:24,090  WARNING  PortentaReader      send_command('disarm') ignored — port not open
2026-06-26 11:50:24,153  WARNING  PortentaReader      send_command('disarm') ignored — port not open
2026-06-26 11:50:24,215  WARNING  PortentaReader      send_command('disarm') ignored — port not open
2026-06-26 11:50:24,276  WARNING  PortentaReader      send_command('disarm') ignored — port not open
2026-06-26 11:50:24,339  WARNING  PortentaReader      send_command('disarm') ignored — port not open
2026-06-26 11:50:24,401  WARNING  PortentaReader      send_command('disarm') ignored — port not open
2026-06-26 11:50:24,462  WARNING  PortentaReader      send_command('disarm') ignored — port not open
2026-06-26 11:50:24,524  WARNING  PortentaReader      send_command('disarm') ignored — port not open
2026-06-26 11:50:24,587  WARNING  PortentaReader      send_command('disarm') ignored — port not open
2026-06-26 11:50:24,648  WARNING  PortentaReader      send_command('disarm') ignored — port not open
2026-06-26 11:50:24,725  WARNING  RecordingCore       HEALTH WARNING: LCR silent 125.2s — no new samples (auxiliary; other instruments still recording)
2026-06-26 11:50:24,726  WARNING  PortentaReader      send_command('disarm') ignored — port not open
2026-06-26 11:50:24,786  WARNING  PortentaReader      send_command('disarm') ignored — port not open
2026-06-26 11:50:24,848  WARNING  PortentaReader      send_command('disarm') ignored — port not open
2026-06-26 11:50:24,913  WARNING  PortentaReader      send_command('disarm') ignored — port not open
2026-06-26 11:50:24,972  WARNING  PortentaReader      send_command('disarm') ignored — port not open
2026-06-26 11:50:25,034  WARNING  PortentaReader      send_command('disarm') ignored — port not open
2026-06-26 11:50:25,096  WARNING  PortentaReader      send_command('disarm') ignored — port not open
2026-06-26 11:50:25,158  WARNING  PortentaReader      send_command('disarm') ignored — port not open
2026-06-26 11:50:25,219  WARNING  PortentaReader      send_command('disarm') ignored — port not open
2026-06-26 11:50:25,281  WARNING  PortentaReader      send_command('disarm') ignored — port not open
2026-06-26 11:50:25,345  WARNING  PortentaReader      send_command('disarm') ignored — port not open
2026-06-26 11:50:25,406  WARNING  PortentaReader      send_command('disarm') ignored — port not open
2026-06-26 11:50:25,468  WARNING  PortentaReader      send_command('disarm') ignored — port not open
2026-06-26 11:50:25,530  WARNING  PortentaReader      send_command('disarm') ignored — port not open
2026-06-26 11:50:25,591  WARNING  PortentaReader      send_command('disarm') ignored — port not open
2026-06-26 11:50:25,653  WARNING  PortentaReader      send_command('disarm') ignored — port not open
2026-06-26 11:50:25,715  WARNING  PortentaReader      send_command('disarm') ignored — port not open
2026-06-26 11:50:25,777  WARNING  PortentaReader      send_command('disarm') ignored — port not open
2026-06-26 11:50:25,839  WARNING  PortentaReader      send_command('disarm') ignored — port not open
2026-06-26 11:50:25,902  WARNING  PortentaReader      send_command('disarm') ignored — port not open
2026-06-26 11:50:25,963  WARNING  PortentaReader      send_command('disarm') ignored — port not open
2026-06-26 11:50:26,024  WARNING  PortentaReader      send_command('disarm') ignored — port not open
2026-06-26 11:50:26,085  WARNING  PortentaReader      send_command('disarm') ignored — port not open
2026-06-26 11:50:26,162  WARNING  PortentaReader      send_command('disarm') ignored — port not open
2026-06-26 11:50:26,225  WARNING  PortentaReader      send_command('disarm') ignored — port not open
2026-06-26 11:50:26,287  WARNING  PortentaReader      send_command('disarm') ignored — port not open
2026-06-26 11:50:26,348  WARNING  PortentaReader      send_command('disarm') ignored — port not open
2026-06-26 11:50:26,411  WARNING  PortentaReader      send_command('disarm') ignored — port not open
2026-06-26 11:50:26,474  WARNING  PortentaReader      send_command('disarm') ignored — port not open
2026-06-26 11:50:26,535  WARNING  PortentaReader      send_command('disarm') ignored — port not open
2026-06-26 11:50:26,596  WARNING  PortentaReader      send_command('disarm') ignored — port not open
2026-06-26 11:50:26,658  WARNING  PortentaReader      send_command('disarm') ignored — port not open
2026-06-26 11:50:26,721  WARNING  PortentaReader      send_command('disarm') ignored — port not open
2026-06-26 11:50:26,783  WARNING  RecordingCore       HEALTH WARNING: LCR silent 127.3s — no new samples (auxiliary; other instruments still recording)
2026-06-26 11:50:26,784  WARNING  PortentaReader      send_command('disarm') ignored — port not open
2026-06-26 11:50:26,845  WARNING  PortentaReader      send_command('disarm') ignored — port not open
2026-06-26 11:50:26,907  WARNING  PortentaReader      send_command('disarm') ignored — port not open
2026-06-26 11:50:26,969  WARNING  PortentaReader      send_command('disarm') ignored — port not open
2026-06-26 11:50:27,031  WARNING  PortentaReader      send_command('disarm') ignored — port not open
2026-06-26 11:50:27,092  WARNING  PortentaReader      send_command('disarm') ignored — port not open
2026-06-26 11:50:27,155  WARNING  PortentaReader      send_command('disarm') ignored — port not open
2026-06-26 11:50:27,216  WARNING  PortentaReader      send_command('disarm') ignored — port not open
2026-06-26 11:50:27,278  WARNING  PortentaReader      send_command('disarm') ignored — port not open
2026-06-26 11:50:27,340  WARNING  PortentaReader      send_command('disarm') ignored — port not open
2026-06-26 11:50:27,401  WARNING  PortentaReader      send_command('disarm') ignored — port not open
2026-06-26 11:50:27,463  WARNING  PortentaReader      send_command('disarm') ignored — port not open
2026-06-26 11:50:27,525  WARNING  PortentaReader      send_command('disarm') ignored — port not open
2026-06-26 11:50:27,586  WARNING  PortentaReader      send_command('disarm') ignored — port not open
2026-06-26 11:50:27,663  WARNING  PortentaReader      send_command('disarm') ignored — port not open
2026-06-26 11:50:27,724  WARNING  PortentaReader      send_command('disarm') ignored — port not open
2026-06-26 11:50:27,786  WARNING  PortentaReader      send_command('disarm') ignored — port not open
2026-06-26 11:50:27,850  WARNING  PortentaReader      send_command('disarm') ignored — port not open
2026-06-26 11:50:27,911  WARNING  PortentaReader      send_command('disarm') ignored — port not open
2026-06-26 11:50:27,973  WARNING  PortentaReader      send_command('disarm') ignored — port not open
2026-06-26 11:50:28,036  WARNING  PortentaReader      send_command('disarm') ignored — port not open
2026-06-26 11:50:28,097  WARNING  PortentaReader      send_command('disarm') ignored — port not open
2026-06-26 11:50:28,159  WARNING  PortentaReader      send_command('disarm') ignored — port not open
2026-06-26 11:50:28,221  WARNING  PortentaReader      send_command('disarm') ignored — port not open
2026-06-26 11:50:28,281  WARNING  PortentaReader      send_command('disarm') ignored — port not open
2026-06-26 11:50:28,344  WARNING  PortentaReader      send_command('disarm') ignored — port not open
2026-06-26 11:50:28,406  WARNING  PortentaReader      send_command('disarm') ignored — port not open
2026-06-26 11:50:28,467  WARNING  PortentaReader      send_command('disarm') ignored — port not open
2026-06-26 11:50:28,529  WARNING  PortentaReader      send_command('disarm') ignored — port not open
2026-06-26 11:50:28,591  WARNING  PortentaReader      send_command('disarm') ignored — port not open
2026-06-26 11:50:28,652  WARNING  PortentaReader      send_command('disarm') ignored — port not open
2026-06-26 11:50:28,714  WARNING  PortentaReader      send_command('disarm') ignored — port not open
2026-06-26 11:50:28,774  WARNING  RecordingCore       HEALTH WARNING: LCR silent 129.3s — no new samples (auxiliary; other instruments still recording)
2026-06-26 11:50:28,776  WARNING  PortentaReader      send_command('disarm') ignored — port not open
2026-06-26 11:50:28,838  WARNING  PortentaReader      send_command('disarm') ignored — port not open
2026-06-26 11:50:28,899  WARNING  PortentaReader      send_command('disarm') ignored — port not open
2026-06-26 11:50:28,961  WARNING  PortentaReader      send_command('disarm') ignored — port not open
2026-06-26 11:50:29,023  WARNING  PortentaReader      send_command('disarm') ignored — port not open
2026-06-26 11:50:29,085  WARNING  PortentaReader      send_command('disarm') ignored — port not open
2026-06-26 11:50:29,162  WARNING  PortentaReader      send_command('disarm') ignored — port not open
2026-06-26 11:50:29,224  WARNING  PortentaReader      send_command('disarm') ignored — port not open
2026-06-26 11:50:29,285  WARNING  PortentaReader      send_command('disarm') ignored — port not open
2026-06-26 11:50:29,347  WARNING  PortentaReader      send_command('disarm') ignored — port not open
2026-06-26 11:50:29,409  WARNING  PortentaReader      send_command('disarm') ignored — port not open
2026-06-26 11:50:29,471  WARNING  PortentaReader      send_command('disarm') ignored — port not open
2026-06-26 11:50:29,532  WARNING  PortentaReader      send_command('disarm') ignored — port not open
2026-06-26 11:50:29,593  WARNING  PortentaReader      send_command('disarm') ignored — port not open
2026-06-26 11:50:29,655  WARNING  PortentaReader      send_command('disarm') ignored — port not open
2026-06-26 11:50:29,716  WARNING  PortentaReader      send_command('disarm') ignored — port not open
2026-06-26 11:50:29,778  WARNING  PortentaReader      send_command('disarm') ignored — port not open
2026-06-26 11:50:29,840  WARNING  PortentaReader      send_command('disarm') ignored — port not open
2026-06-26 11:50:29,902  WARNING  PortentaReader      send_command('disarm') ignored — port not open
2026-06-26 11:50:29,965  WARNING  PortentaReader      send_command('disarm') ignored — port not open
2026-06-26 11:50:30,026  WARNING  PortentaReader      send_command('disarm') ignored — port not open
2026-06-26 11:50:30,088  WARNING  PortentaReader      send_command('disarm') ignored — port not open
2026-06-26 11:50:30,150  WARNING  PortentaReader      send_command('disarm') ignored — port not open
2026-06-26 11:50:30,211  WARNING  PortentaReader      send_command('disarm') ignored — port not open
2026-06-26 11:50:30,273  WARNING  PortentaReader      send_command('disarm') ignored — port not open
2026-06-26 11:50:30,350  WARNING  PortentaReader      send_command('disarm') ignored — port not open
2026-06-26 11:50:30,413  WARNING  PortentaReader      send_command('disarm') ignored — port not open
2026-06-26 11:50:30,473  WARNING  PortentaReader      send_command('disarm') ignored — port not open
2026-06-26 11:50:30,534  WARNING  PortentaReader      send_command('disarm') ignored — port not open
2026-06-26 11:50:30,595  WARNING  PortentaReader      send_command('disarm') ignored — port not open
2026-06-26 11:50:30,657  WARNING  PortentaReader      send_command('disarm') ignored — port not open
2026-06-26 11:50:30,720  WARNING  PortentaReader      send_command('disarm') ignored — port not open
2026-06-26 11:50:30,781  WARNING  RecordingCore       HEALTH WARNING: LCR silent 131.3s — no new samples (auxiliary; other instruments still recording)
2026-06-26 11:50:30,782  WARNING  PortentaReader      send_command('disarm') ignored — port not open
2026-06-26 11:50:30,843  WARNING  PortentaReader      send_command('disarm') ignored — port not open
2026-06-26 11:50:30,906  WARNING  PortentaReader      send_command('disarm') ignored — port not open
2026-06-26 11:50:30,966  WARNING  PortentaReader      send_command('disarm') ignored — port not open
2026-06-26 11:50:31,030  WARNING  PortentaReader      send_command('disarm') ignored — port not open
2026-06-26 11:50:31,091  WARNING  PortentaReader      send_command('disarm') ignored — port not open
2026-06-26 11:50:31,153  WARNING  PortentaReader      send_command('disarm') ignored — port not open
2026-06-26 11:50:31,216  WARNING  PortentaReader      send_command('disarm') ignored — port not open
2026-06-26 11:50:31,278  WARNING  PortentaReader      send_command('disarm') ignored — port not open
2026-06-26 11:50:31,340  WARNING  PortentaReader      send_command('disarm') ignored — port not open
2026-06-26 11:50:31,401  WARNING  PortentaReader      send_command('disarm') ignored — port not open
2026-06-26 11:50:31,462  WARNING  PortentaReader      send_command('disarm') ignored — port not open
2026-06-26 11:50:31,525  WARNING  PortentaReader      send_command('disarm') ignored — port not open
2026-06-26 11:50:31,586  WARNING  PortentaReader      send_command('disarm') ignored — port not open
2026-06-26 11:50:31,648  WARNING  PortentaReader      send_command('disarm') ignored — port not open
2026-06-26 11:50:31,711  WARNING  PortentaReader      send_command('disarm') ignored — port not open
2026-06-26 11:50:31,788  WARNING  PortentaReader      send_command('disarm') ignored — port not open
2026-06-26 11:50:31,880  WARNING  PortentaReader      send_command('disarm') ignored — port not open
2026-06-26 11:50:31,943  WARNING  PortentaReader      send_command('disarm') ignored — port not open
2026-06-26 11:50:31,994  WARNING  PortentaReader      send_command('disarm') ignored — port not open
2026-06-26 11:50:32,065  WARNING  PortentaReader      send_command('disarm') ignored — port not open
2026-06-26 11:50:32,136  WARNING  PortentaReader      send_command('disarm') ignored — port not open
2026-06-26 11:50:32,189  WARNING  PortentaReader      send_command('disarm') ignored — port not open
2026-06-26 11:50:32,250  WARNING  PortentaReader      send_command('disarm') ignored — port not open
2026-06-26 11:50:32,312  WARNING  PortentaReader      send_command('disarm') ignored — port not open
2026-06-26 11:50:32,414  WARNING  PortentaReader      send_command('disarm') ignored — port not open
2026-06-26 11:50:32,452  WARNING  PortentaReader      send_command('disarm') ignored — port not open
2026-06-26 11:50:32,513  WARNING  PortentaReader      send_command('disarm') ignored — port not open
2026-06-26 11:50:32,574  WARNING  PortentaReader      send_command('disarm') ignored — port not open
2026-06-26 11:50:32,636  WARNING  PortentaReader      send_command('disarm') ignored — port not open
2026-06-26 11:50:32,698  WARNING  PortentaReader      send_command('disarm') ignored — port not open
2026-06-26 11:50:32,760  WARNING  PortentaReader      send_command('disarm') ignored — port not open
2026-06-26 11:50:32,823  WARNING  RecordingCore       HEALTH WARNING: LCR silent 133.3s — no new samples (auxiliary; other instruments still recording)
2026-06-26 11:50:32,824  WARNING  PortentaReader      send_command('disarm') ignored — port not open
2026-06-26 11:50:32,884  WARNING  PortentaReader      send_command('disarm') ignored — port not open
2026-06-26 11:50:32,947  WARNING  PortentaReader      send_command('disarm') ignored — port not open
2026-06-26 11:50:33,009  WARNING  PortentaReader      send_command('disarm') ignored — port not open
2026-06-26 11:50:33,071  WARNING  PortentaReader      send_command('disarm') ignored — port not open
2026-06-26 11:50:33,133  WARNING  PortentaReader      send_command('disarm') ignored — port not open
2026-06-26 11:50:33,195  WARNING  PortentaReader      send_command('disarm') ignored — port not open
2026-06-26 11:50:33,257  WARNING  PortentaReader      send_command('disarm') ignored — port not open
2026-06-26 11:50:33,320  WARNING  PortentaReader      send_command('disarm') ignored — port not open
2026-06-26 11:50:33,396  WARNING  PortentaReader      send_command('disarm') ignored — port not open
2026-06-26 11:50:33,460  WARNING  PortentaReader      send_command('disarm') ignored — port not open
2026-06-26 11:50:33,520  WARNING  PortentaReader      send_command('disarm') ignored — port not open
2026-06-26 11:50:33,581  WARNING  PortentaReader      send_command('disarm') ignored — port not open
2026-06-26 11:50:33,644  WARNING  PortentaReader      send_command('disarm') ignored — port not open
2026-06-26 11:50:33,705  WARNING  PortentaReader      send_command('disarm') ignored — port not open
2026-06-26 11:50:33,768  WARNING  PortentaReader      send_command('disarm') ignored — port not open
2026-06-26 11:50:33,829  WARNING  PortentaReader      send_command('disarm') ignored — port not open
2026-06-26 11:50:33,892  WARNING  PortentaReader      send_command('disarm') ignored — port not open
2026-06-26 11:50:33,955  WARNING  PortentaReader      send_command('disarm') ignored — port not open
2026-06-26 11:50:34,016  WARNING  PortentaReader      send_command('disarm') ignored — port not open
2026-06-26 11:50:34,079  WARNING  PortentaReader      send_command('disarm') ignored — port not open
2026-06-26 11:50:34,140  WARNING  PortentaReader      send_command('disarm') ignored — port not open
2026-06-26 11:50:34,202  WARNING  PortentaReader      send_command('disarm') ignored — port not open
2026-06-26 11:50:34,264  WARNING  PortentaReader      send_command('disarm') ignored — port not open
2026-06-26 11:50:34,327  WARNING  PortentaReader      send_command('disarm') ignored — port not open
2026-06-26 11:50:34,388  WARNING  PortentaReader      send_command('disarm') ignored — port not open
2026-06-26 11:50:34,449  WARNING  PortentaReader      send_command('disarm') ignored — port not open
2026-06-26 11:50:34,512  WARNING  PortentaReader      send_command('disarm') ignored — port not open
2026-06-26 11:50:34,573  WARNING  PortentaReader      send_command('disarm') ignored — port not open
2026-06-26 11:50:34,635  WARNING  PortentaReader      send_command('disarm') ignored — port not open
2026-06-26 11:50:34,697  WARNING  PortentaReader      send_command('disarm') ignored — port not open
2026-06-26 11:50:34,760  WARNING  PortentaReader      send_command('disarm') ignored — port not open
2026-06-26 11:50:34,821  WARNING  RecordingCore       HEALTH WARNING: LCR silent 135.3s — no new samples (auxiliary; other instruments still recording)
2026-06-26 11:50:34,821  WARNING  PortentaReader      send_command('disarm') ignored — port not open
2026-06-26 11:50:34,882  WARNING  PortentaReader      send_command('disarm') ignored — port not open
2026-06-26 11:50:34,959  WARNING  PortentaReader      send_command('disarm') ignored — port not open
2026-06-26 11:50:35,021  WARNING  PortentaReader      send_command('disarm') ignored — port not open
2026-06-26 11:50:35,083  WARNING  PortentaReader      send_command('disarm') ignored — port not open
2026-06-26 11:50:35,146  WARNING  PortentaReader      send_command('disarm') ignored — port not open
2026-06-26 11:50:35,208  WARNING  PortentaReader      send_command('disarm') ignored — port not open
2026-06-26 11:50:35,269  WARNING  PortentaReader      send_command('disarm') ignored — port not open
2026-06-26 11:50:35,331  WARNING  PortentaReader      send_command('disarm') ignored — port not open
2026-06-26 11:50:35,394  WARNING  PortentaReader      send_command('disarm') ignored — port not open
2026-06-26 11:50:35,455  WARNING  PortentaReader      send_command('disarm') ignored — port not open
2026-06-26 11:50:35,516  WARNING  PortentaReader      send_command('disarm') ignored — port not open
2026-06-26 11:50:35,577  WARNING  PortentaReader      send_command('disarm') ignored — port not open
2026-06-26 11:50:35,639  WARNING  PortentaReader      send_command('disarm') ignored — port not open
2026-06-26 11:50:35,700  WARNING  PortentaReader      send_command('disarm') ignored — port not open
2026-06-26 11:50:35,761  WARNING  PortentaReader      send_command('disarm') ignored — port not open
2026-06-26 11:50:35,822  WARNING  PortentaReader      send_command('disarm') ignored — port not open
2026-06-26 11:50:35,884  WARNING  PortentaReader      send_command('disarm') ignored — port not open
2026-06-26 11:50:35,946  WARNING  PortentaReader      send_command('disarm') ignored — port not open
2026-06-26 11:50:36,008  WARNING  PortentaReader      send_command('disarm') ignored — port not open
2026-06-26 11:50:36,084  WARNING  PortentaReader      send_command('disarm') ignored — port not open
2026-06-26 11:50:36,146  WARNING  PortentaReader      send_command('disarm') ignored — port not open
2026-06-26 11:50:36,208  WARNING  PortentaReader      send_command('disarm') ignored — port not open
2026-06-26 11:50:36,270  WARNING  PortentaReader      send_command('disarm') ignored — port not open
2026-06-26 11:50:36,330  WARNING  PortentaReader      send_command('disarm') ignored — port not open
2026-06-26 11:50:36,391  WARNING  PortentaReader      send_command('disarm') ignored — port not open
2026-06-26 11:50:36,453  WARNING  PortentaReader      send_command('disarm') ignored — port not open
2026-06-26 11:50:36,514  WARNING  PortentaReader      send_command('disarm') ignored — port not open
2026-06-26 11:50:36,577  WARNING  PortentaReader      send_command('disarm') ignored — port not open
2026-06-26 11:50:36,638  WARNING  PortentaReader      send_command('disarm') ignored — port not open
2026-06-26 11:50:36,700  WARNING  PortentaReader      send_command('disarm') ignored — port not open
2026-06-26 11:50:36,763  WARNING  PortentaReader      send_command('disarm') ignored — port not open
2026-06-26 11:50:36,825  WARNING  RecordingCore       HEALTH WARNING: LCR silent 137.3s — no new samples (auxiliary; other instruments still recording)
2026-06-26 11:50:36,825  WARNING  PortentaReader      send_command('disarm') ignored — port not open
2026-06-26 11:50:36,882  WARNING  PortentaReader      send_command('disarm') ignored — port not open
2026-06-26 11:50:36,948  WARNING  PortentaReader      send_command('disarm') ignored — port not open
2026-06-26 11:50:37,010  WARNING  PortentaReader      send_command('disarm') ignored — port not open
2026-06-26 11:50:37,073  WARNING  PortentaReader      send_command('disarm') ignored — port not open
2026-06-26 11:50:37,135  WARNING  PortentaReader      send_command('disarm') ignored — port not open
2026-06-26 11:50:37,198  WARNING  PortentaReader      send_command('disarm') ignored — port not open
2026-06-26 11:50:37,260  WARNING  PortentaReader      send_command('disarm') ignored — port not open
2026-06-26 11:50:37,322  WARNING  PortentaReader      send_command('disarm') ignored — port not open
2026-06-26 11:50:37,384  WARNING  PortentaReader      send_command('disarm') ignored — port not open
2026-06-26 11:50:37,445  WARNING  PortentaReader      send_command('disarm') ignored — port not open
2026-06-26 11:50:37,508  WARNING  PortentaReader      send_command('disarm') ignored — port not open
2026-06-26 11:50:37,569  WARNING  PortentaReader      send_command('disarm') ignored — port not open
2026-06-26 11:50:37,632  WARNING  PortentaReader      send_command('disarm') ignored — port not open
2026-06-26 11:50:37,695  WARNING  PortentaReader      send_command('disarm') ignored — port not open
2026-06-26 11:50:37,757  WARNING  PortentaReader      send_command('disarm') ignored — port not open
2026-06-26 11:50:37,819  WARNING  PortentaReader      send_command('disarm') ignored — port not open
2026-06-26 11:50:37,896  WARNING  PortentaReader      send_command('disarm') ignored — port not open
2026-06-26 11:50:37,958  WARNING  PortentaReader      send_command('disarm') ignored — port not open
2026-06-26 11:50:38,019  WARNING  PortentaReader      send_command('disarm') ignored — port not open
2026-06-26 11:50:38,081  WARNING  PortentaReader      send_command('disarm') ignored — port not open
2026-06-26 11:50:38,142  WARNING  PortentaReader      send_command('disarm') ignored — port not open
2026-06-26 11:50:38,204  WARNING  PortentaReader      send_command('disarm') ignored — port not open
2026-06-26 11:50:38,267  WARNING  PortentaReader      send_command('disarm') ignored — port not open
2026-06-26 11:50:38,329  WARNING  PortentaReader      send_command('disarm') ignored — port not open
2026-06-26 11:50:38,390  WARNING  PortentaReader      send_command('disarm') ignored — port not open
2026-06-26 11:50:38,452  WARNING  PortentaReader      send_command('disarm') ignored — port not open
2026-06-26 11:50:38,515  WARNING  PortentaReader      send_command('disarm') ignored — port not open
2026-06-26 11:50:38,576  WARNING  PortentaReader      send_command('disarm') ignored — port not open
2026-06-26 11:50:38,638  WARNING  PortentaReader      send_command('disarm') ignored — port not open
2026-06-26 11:50:38,699  WARNING  PortentaReader      send_command('disarm') ignored — port not open
2026-06-26 11:50:38,759  WARNING  PortentaReader      send_command('disarm') ignored — port not open
2026-06-26 11:50:38,820  WARNING  RecordingCore       HEALTH WARNING: LCR silent 139.3s — no new samples (auxiliary; other instruments still recording)
2026-06-26 11:50:38,820  WARNING  PortentaReader      send_command('disarm') ignored — port not open
2026-06-26 11:50:38,882  WARNING  PortentaReader      send_command('disarm') ignored — port not open
2026-06-26 11:50:38,959  WARNING  PortentaReader      send_command('disarm') ignored — port not open
2026-06-26 11:50:39,019  WARNING  PortentaReader      send_command('disarm') ignored — port not open
2026-06-26 11:50:39,081  WARNING  PortentaReader      send_command('disarm') ignored — port not open
2026-06-26 11:50:39,142  WARNING  PortentaReader      send_command('disarm') ignored — port not open
2026-06-26 11:50:39,204  WARNING  PortentaReader      send_command('disarm') ignored — port not open
2026-06-26 11:50:39,266  WARNING  PortentaReader      send_command('disarm') ignored — port not open
2026-06-26 11:50:39,329  WARNING  PortentaReader      send_command('disarm') ignored — port not open
2026-06-26 11:50:39,391  WARNING  PortentaReader      send_command('disarm') ignored — port not open
2026-06-26 11:50:39,454  WARNING  PortentaReader      send_command('disarm') ignored — port not open
2026-06-26 11:50:39,514  WARNING  PortentaReader      send_command('disarm') ignored — port not open
2026-06-26 11:50:39,576  WARNING  PortentaReader      send_command('disarm') ignored — port not open
2026-06-26 11:50:39,637  WARNING  PortentaReader      send_command('disarm') ignored — port not open
2026-06-26 11:50:39,698  WARNING  PortentaReader      send_command('disarm') ignored — port not open
2026-06-26 11:50:39,760  WARNING  PortentaReader      send_command('disarm') ignored — port not open
2026-06-26 11:50:39,822  WARNING  PortentaReader      send_command('disarm') ignored — port not open
2026-06-26 11:50:39,884  WARNING  PortentaReader      send_command('disarm') ignored — port not open
2026-06-26 11:50:39,945  WARNING  PortentaReader      send_command('disarm') ignored — port not open
2026-06-26 11:50:40,021  WARNING  PortentaReader      send_command('disarm') ignored — port not open
2026-06-26 11:50:40,084  WARNING  PortentaReader      send_command('disarm') ignored — port not open
2026-06-26 11:50:40,145  WARNING  PortentaReader      send_command('disarm') ignored — port not open
2026-06-26 11:50:40,208  WARNING  PortentaReader      send_command('disarm') ignored — port not open
2026-06-26 11:50:40,270  WARNING  PortentaReader      send_command('disarm') ignored — port not open
2026-06-26 11:50:40,331  WARNING  PortentaReader      send_command('disarm') ignored — port not open
2026-06-26 11:50:40,393  WARNING  PortentaReader      send_command('disarm') ignored — port not open
2026-06-26 11:50:40,454  WARNING  PortentaReader      send_command('disarm') ignored — port not open
2026-06-26 11:50:40,516  WARNING  PortentaReader      send_command('disarm') ignored — port not open
2026-06-26 11:50:40,577  WARNING  PortentaReader      send_command('disarm') ignored — port not open
2026-06-26 11:50:40,639  WARNING  PortentaReader      send_command('disarm') ignored — port not open
2026-06-26 11:50:40,702  WARNING  PortentaReader      send_command('disarm') ignored — port not open
2026-06-26 11:50:40,764  WARNING  PortentaReader      send_command('disarm') ignored — port not open
2026-06-26 11:50:40,826  WARNING  RecordingCore       HEALTH WARNING: LCR silent 141.3s — no new samples (auxiliary; other instruments still recording)
2026-06-26 11:50:40,827  WARNING  PortentaReader      send_command('disarm') ignored — port not open
2026-06-26 11:50:40,883  WARNING  PortentaReader      send_command('disarm') ignored — port not open
2026-06-26 11:50:40,949  WARNING  PortentaReader      send_command('disarm') ignored — port not open
2026-06-26 11:50:41,013  WARNING  PortentaReader      send_command('disarm') ignored — port not open
2026-06-26 11:50:41,075  WARNING  PortentaReader      send_command('disarm') ignored — port not open
2026-06-26 11:50:41,136  WARNING  PortentaReader      send_command('disarm') ignored — port not open
2026-06-26 11:50:41,198  WARNING  PortentaReader      send_command('disarm') ignored — port not open
2026-06-26 11:50:41,261  WARNING  PortentaReader      send_command('disarm') ignored — port not open
2026-06-26 11:50:41,322  WARNING  PortentaReader      send_command('disarm') ignored — port not open
2026-06-26 11:50:41,384  WARNING  PortentaReader      send_command('disarm') ignored — port not open
2026-06-26 11:50:41,446  WARNING  PortentaReader      send_command('disarm') ignored — port not open
2026-06-26 11:50:41,507  WARNING  PortentaReader      send_command('disarm') ignored — port not open
2026-06-26 11:50:41,570  WARNING  PortentaReader      send_command('disarm') ignored — port not open
2026-06-26 11:50:41,632  WARNING  PortentaReader      send_command('disarm') ignored — port not open
2026-06-26 11:50:41,709  WARNING  PortentaReader      send_command('disarm') ignored — port not open
2026-06-26 11:50:41,770  WARNING  PortentaReader      send_command('disarm') ignored — port not open
2026-06-26 11:50:41,833  WARNING  PortentaReader      send_command('disarm') ignored — port not open
2026-06-26 11:50:41,894  WARNING  PortentaReader      send_command('disarm') ignored — port not open
2026-06-26 11:50:41,955  WARNING  PortentaReader      send_command('disarm') ignored — port not open
2026-06-26 11:50:42,017  WARNING  PortentaReader      send_command('disarm') ignored — port not open
2026-06-26 11:50:42,079  WARNING  PortentaReader      send_command('disarm') ignored — port not open
2026-06-26 11:50:42,139  WARNING  PortentaReader      send_command('disarm') ignored — port not open
2026-06-26 11:50:42,201  WARNING  PortentaReader      send_command('disarm') ignored — port not open
2026-06-26 11:50:42,263  WARNING  PortentaReader      send_command('disarm') ignored — port not open
2026-06-26 11:50:42,324  WARNING  PortentaReader      send_command('disarm') ignored — port not open
2026-06-26 11:50:42,386  WARNING  PortentaReader      send_command('disarm') ignored — port not open
2026-06-26 11:50:42,447  WARNING  PortentaReader      send_command('disarm') ignored — port not open
2026-06-26 11:50:42,509  WARNING  PortentaReader      send_command('disarm') ignored — port not open
2026-06-26 11:50:42,570  WARNING  PortentaReader      send_command('disarm') ignored — port not open
2026-06-26 11:50:42,633  WARNING  PortentaReader      send_command('disarm') ignored — port not open
2026-06-26 11:50:42,709  WARNING  PortentaReader      send_command('disarm') ignored — port not open
2026-06-26 11:50:42,771  WARNING  PortentaReader      send_command('disarm') ignored — port not open
2026-06-26 11:50:42,834  WARNING  RecordingCore       HEALTH WARNING: LCR silent 143.3s — no new samples (auxiliary; other instruments still recording)
2026-06-26 11:50:42,834  WARNING  PortentaReader      send_command('disarm') ignored — port not open
2026-06-26 11:50:42,895  WARNING  PortentaReader      send_command('disarm') ignored — port not open
2026-06-26 11:50:42,956  WARNING  PortentaReader      send_command('disarm') ignored — port not open
2026-06-26 11:50:43,018  WARNING  PortentaReader      send_command('disarm') ignored — port not open
2026-06-26 11:50:43,080  WARNING  PortentaReader      send_command('disarm') ignored — port not open
2026-06-26 11:50:43,141  WARNING  PortentaReader      send_command('disarm') ignored — port not open
2026-06-26 11:50:43,202  WARNING  PortentaReader      send_command('disarm') ignored — port not open
2026-06-26 11:50:43,263  WARNING  PortentaReader      send_command('disarm') ignored — port not open
2026-06-26 11:50:43,325  WARNING  PortentaReader      send_command('disarm') ignored — port not open
2026-06-26 11:50:43,387  WARNING  PortentaReader      send_command('disarm') ignored — port not open
2026-06-26 11:50:43,447  WARNING  PortentaReader      send_command('disarm') ignored — port not open
2026-06-26 11:50:43,509  WARNING  PortentaReader      send_command('disarm') ignored — port not open
2026-06-26 11:50:43,570  WARNING  PortentaReader      send_command('disarm') ignored — port not open
2026-06-26 11:50:43,632  WARNING  PortentaReader      send_command('disarm') ignored — port not open
2026-06-26 11:50:43,694  WARNING  PortentaReader      send_command('disarm') ignored — port not open
2026-06-26 11:50:43,770  WARNING  PortentaReader      send_command('disarm') ignored — port not open
2026-06-26 11:50:43,834  WARNING  PortentaReader      send_command('disarm') ignored — port not open
2026-06-26 11:50:43,887  WARNING  PortentaReader      send_command('disarm') ignored — port not open
2026-06-26 11:50:43,959  WARNING  PortentaReader      send_command('disarm') ignored — port not open
2026-06-26 11:50:44,021  WARNING  PortentaReader      send_command('disarm') ignored — port not open
2026-06-26 11:50:44,083  WARNING  PortentaReader      send_command('disarm') ignored — port not open
2026-06-26 11:50:44,144  WARNING  PortentaReader      send_command('disarm') ignored — port not open
2026-06-26 11:50:44,207  WARNING  PortentaReader      send_command('disarm') ignored — port not open
2026-06-26 11:50:44,269  WARNING  PortentaReader      send_command('disarm') ignored — port not open
2026-06-26 11:50:44,332  WARNING  PortentaReader      send_command('disarm') ignored — port not open
2026-06-26 11:50:44,391  WARNING  PortentaReader      send_command('disarm') ignored — port not open
2026-06-26 11:50:44,452  WARNING  PortentaReader      send_command('disarm') ignored — port not open
2026-06-26 11:50:44,514  WARNING  PortentaReader      send_command('disarm') ignored — port not open
2026-06-26 11:50:44,576  WARNING  PortentaReader      send_command('disarm') ignored — port not open
2026-06-26 11:50:44,637  WARNING  PortentaReader      send_command('disarm') ignored — port not open
2026-06-26 11:50:44,700  WARNING  PortentaReader      send_command('disarm') ignored — port not open
2026-06-26 11:50:44,761  WARNING  PortentaReader      send_command('disarm') ignored — port not open
2026-06-26 11:50:44,822  WARNING  RecordingCore       HEALTH WARNING: LCR silent 145.3s — no new samples (auxiliary; other instruments still recording)
2026-06-26 11:50:44,823  WARNING  PortentaReader      send_command('disarm') ignored — port not open
2026-06-26 11:50:44,882  WARNING  PortentaReader      send_command('disarm') ignored — port not open
2026-06-26 11:50:44,946  WARNING  PortentaReader      send_command('disarm') ignored — port not open
2026-06-26 11:50:45,008  WARNING  PortentaReader      send_command('disarm') ignored — port not open
2026-06-26 11:50:45,084  WARNING  PortentaReader      send_command('disarm') ignored — port not open
2026-06-26 11:50:45,146  WARNING  PortentaReader      send_command('disarm') ignored — port not open
2026-06-26 11:50:45,208  WARNING  PortentaReader      send_command('disarm') ignored — port not open
2026-06-26 11:50:45,270  WARNING  PortentaReader      send_command('disarm') ignored — port not open
2026-06-26 11:50:45,330  WARNING  PortentaReader      send_command('disarm') ignored — port not open
2026-06-26 11:50:45,393  WARNING  PortentaReader      send_command('disarm') ignored — port not open
2026-06-26 11:50:45,454  WARNING  PortentaReader      send_command('disarm') ignored — port not open
2026-06-26 11:50:45,516  WARNING  PortentaReader      send_command('disarm') ignored — port not open
2026-06-26 11:50:45,578  WARNING  PortentaReader      send_command('disarm') ignored — port not open
2026-06-26 11:50:45,640  WARNING  PortentaReader      send_command('disarm') ignored — port not open
2026-06-26 11:50:45,702  WARNING  PortentaReader      send_command('disarm') ignored — port not open
2026-06-26 11:50:45,765  WARNING  PortentaReader      send_command('disarm') ignored — port not open
2026-06-26 11:50:45,844  WARNING  PortentaReader      send_command('disarm') ignored — port not open
2026-06-26 11:50:45,888  WARNING  PortentaReader      send_command('disarm') ignored — port not open
2026-06-26 11:50:45,958  WARNING  PortentaReader      send_command('disarm') ignored — port not open
2026-06-26 11:50:46,013  WARNING  PortentaReader      send_command('disarm') ignored — port not open
2026-06-26 11:50:46,076  WARNING  PortentaReader      send_command('disarm') ignored — port not open
2026-06-26 11:50:46,137  WARNING  PortentaReader      send_command('disarm') ignored — port not open
2026-06-26 11:50:46,199  WARNING  PortentaReader      send_command('disarm') ignored — port not open
2026-06-26 11:50:46,261  WARNING  PortentaReader      send_command('disarm') ignored — port not open
2026-06-26 11:50:46,322  WARNING  PortentaReader      send_command('disarm') ignored — port not open
2026-06-26 11:50:46,385  WARNING  PortentaReader      send_command('disarm') ignored — port not open
2026-06-26 11:50:46,446  WARNING  PortentaReader      send_command('disarm') ignored — port not open
2026-06-26 11:50:46,507  WARNING  PortentaReader      send_command('disarm') ignored — port not open
2026-06-26 11:50:46,583  WARNING  PortentaReader      send_command('disarm') ignored — port not open
2026-06-26 11:50:46,644  WARNING  PortentaReader      send_command('disarm') ignored — port not open
2026-06-26 11:50:46,708  WARNING  PortentaReader      send_command('disarm') ignored — port not open
2026-06-26 11:50:46,760  WARNING  PortentaReader      send_command('disarm') ignored — port not open
2026-06-26 11:50:46,830  WARNING  RecordingCore       HEALTH WARNING: LCR silent 147.3s — no new samples (auxiliary; other instruments still recording)
2026-06-26 11:50:46,830  WARNING  PortentaReader      send_command('disarm') ignored — port not open
2026-06-26 11:50:46,893  WARNING  PortentaReader      send_command('disarm') ignored — port not open
2026-06-26 11:50:46,953  WARNING  PortentaReader      send_command('disarm') ignored — port not open
2026-06-26 11:50:47,015  WARNING  PortentaReader      send_command('disarm') ignored — port not open
2026-06-26 11:50:47,078  WARNING  PortentaReader      send_command('disarm') ignored — port not open
2026-06-26 11:50:47,140  WARNING  PortentaReader      send_command('disarm') ignored — port not open
2026-06-26 11:50:47,201  WARNING  PortentaReader      send_command('disarm') ignored — port not open
2026-06-26 11:50:47,264  WARNING  PortentaReader      send_command('disarm') ignored — port not open
2026-06-26 11:50:47,326  WARNING  PortentaReader      send_command('disarm') ignored — port not open
2026-06-26 11:50:47,388  WARNING  PortentaReader      send_command('disarm') ignored — port not open
2026-06-26 11:50:47,450  WARNING  PortentaReader      send_command('disarm') ignored — port not open
2026-06-26 11:50:47,511  WARNING  PortentaReader      send_command('disarm') ignored — port not open
2026-06-26 11:50:47,573  WARNING  PortentaReader      send_command('disarm') ignored — port not open
2026-06-26 11:50:47,635  WARNING  PortentaReader      send_command('disarm') ignored — port not open
2026-06-26 11:50:47,696  WARNING  PortentaReader      send_command('disarm') ignored — port not open
2026-06-26 11:50:47,759  WARNING  PortentaReader      send_command('disarm') ignored — port not open
2026-06-26 11:50:47,821  WARNING  PortentaReader      send_command('disarm') ignored — port not open
2026-06-26 11:50:47,883  WARNING  PortentaReader      send_command('disarm') ignored — port not open
2026-06-26 11:50:47,946  WARNING  PortentaReader      send_command('disarm') ignored — port not open
2026-06-26 11:50:48,021  WARNING  PortentaReader      send_command('disarm') ignored — port not open
2026-06-26 11:50:48,084  WARNING  PortentaReader      send_command('disarm') ignored — port not open
2026-06-26 11:50:48,146  WARNING  PortentaReader      send_command('disarm') ignored — port not open
2026-06-26 11:50:48,207  WARNING  PortentaReader      send_command('disarm') ignored — port not open
2026-06-26 11:50:48,269  WARNING  PortentaReader      send_command('disarm') ignored — port not open
2026-06-26 11:50:48,331  WARNING  PortentaReader      send_command('disarm') ignored — port not open
2026-06-26 11:50:48,392  WARNING  PortentaReader      send_command('disarm') ignored — port not open
2026-06-26 11:50:48,454  WARNING  PortentaReader      send_command('disarm') ignored — port not open
2026-06-26 11:50:48,515  WARNING  PortentaReader      send_command('disarm') ignored — port not open
2026-06-26 11:50:48,577  WARNING  PortentaReader      send_command('disarm') ignored — port not open
2026-06-26 11:50:48,638  WARNING  PortentaReader      send_command('disarm') ignored — port not open
2026-06-26 11:50:48,700  WARNING  PortentaReader      send_command('disarm') ignored — port not open
2026-06-26 11:50:48,761  WARNING  PortentaReader      send_command('disarm') ignored — port not open
2026-06-26 11:50:48,822  WARNING  RecordingCore       HEALTH WARNING: LCR silent 149.3s — no new samples (auxiliary; other instruments still recording)
2026-06-26 11:50:48,822  WARNING  PortentaReader      send_command('disarm') ignored — port not open
2026-06-26 11:50:48,884  WARNING  PortentaReader      send_command('disarm') ignored — port not open
2026-06-26 11:50:48,946  WARNING  PortentaReader      send_command('disarm') ignored — port not open
2026-06-26 11:50:49,008  WARNING  PortentaReader      send_command('disarm') ignored — port not open
2026-06-26 11:50:49,069  WARNING  PortentaReader      send_command('disarm') ignored — port not open
2026-06-26 11:50:49,146  WARNING  PortentaReader      send_command('disarm') ignored — port not open
2026-06-26 11:50:49,207  WARNING  PortentaReader      send_command('disarm') ignored — port not open
2026-06-26 11:50:49,269  WARNING  PortentaReader      send_command('disarm') ignored — port not open
2026-06-26 11:50:49,331  WARNING  PortentaReader      send_command('disarm') ignored — port not open
2026-06-26 11:50:49,391  WARNING  PortentaReader      send_command('disarm') ignored — port not open
2026-06-26 11:50:49,453  WARNING  PortentaReader      send_command('disarm') ignored — port not open
2026-06-26 11:50:49,515  WARNING  PortentaReader      send_command('disarm') ignored — port not open
2026-06-26 11:50:49,577  WARNING  PortentaReader      send_command('disarm') ignored — port not open
2026-06-26 11:50:49,639  WARNING  PortentaReader      send_command('disarm') ignored — port not open
2026-06-26 11:50:49,701  WARNING  PortentaReader      send_command('disarm') ignored — port not open
2026-06-26 11:50:49,761  WARNING  PortentaReader      send_command('disarm') ignored — port not open
2026-06-26 11:50:49,824  WARNING  PortentaReader      send_command('disarm') ignored — port not open
2026-06-26 11:50:49,886  WARNING  PortentaReader      send_command('disarm') ignored — port not open
2026-06-26 11:50:49,947  WARNING  PortentaReader      send_command('disarm') ignored — port not open
2026-06-26 11:50:50,008  WARNING  PortentaReader      send_command('disarm') ignored — port not open
2026-06-26 11:50:50,070  WARNING  PortentaReader      send_command('disarm') ignored — port not open
2026-06-26 11:50:50,147  WARNING  PortentaReader      send_command('disarm') ignored — port not open
2026-06-26 11:50:50,209  WARNING  PortentaReader      send_command('disarm') ignored — port not open
2026-06-26 11:50:50,271  WARNING  PortentaReader      send_command('disarm') ignored — port not open
2026-06-26 11:50:50,333  WARNING  PortentaReader      send_command('disarm') ignored — port not open
2026-06-26 11:50:50,395  WARNING  PortentaReader      send_command('disarm') ignored — port not open
2026-06-26 11:50:50,457  WARNING  PortentaReader      send_command('disarm') ignored — port not open
2026-06-26 11:50:50,518  WARNING  PortentaReader      send_command('disarm') ignored — port not open
2026-06-26 11:50:50,579  WARNING  PortentaReader      send_command('disarm') ignored — port not open
2026-06-26 11:50:50,640  WARNING  PortentaReader      send_command('disarm') ignored — port not open
2026-06-26 11:50:50,702  WARNING  PortentaReader      send_command('disarm') ignored — port not open
2026-06-26 11:50:50,764  WARNING  PortentaReader      send_command('disarm') ignored — port not open
2026-06-26 11:50:50,826  WARNING  RecordingCore       HEALTH WARNING: LCR silent 151.3s — no new samples (auxiliary; other instruments still recording)
2026-06-26 11:50:50,827  WARNING  PortentaReader      send_command('disarm') ignored — port not open
2026-06-26 11:50:50,882  WARNING  PortentaReader      send_command('disarm') ignored — port not open
2026-06-26 11:50:50,950  WARNING  PortentaReader      send_command('disarm') ignored — port not open
2026-06-26 11:50:51,012  WARNING  PortentaReader      send_command('disarm') ignored — port not open
2026-06-26 11:50:51,074  WARNING  PortentaReader      send_command('disarm') ignored — port not open
2026-06-26 11:50:51,135  WARNING  PortentaReader      send_command('disarm') ignored — port not open
2026-06-26 11:50:51,196  WARNING  PortentaReader      send_command('disarm') ignored — port not open
2026-06-26 11:50:51,257  WARNING  PortentaReader      send_command('disarm') ignored — port not open
2026-06-26 11:50:51,333  WARNING  PortentaReader      send_command('disarm') ignored — port not open
2026-06-26 11:50:51,397  WARNING  PortentaReader      send_command('disarm') ignored — port not open
2026-06-26 11:50:51,459  WARNING  PortentaReader      send_command('disarm') ignored — port not open
2026-06-26 11:50:51,520  WARNING  PortentaReader      send_command('disarm') ignored — port not open
2026-06-26 11:50:51,581  WARNING  PortentaReader      send_command('disarm') ignored — port not open
2026-06-26 11:50:51,643  WARNING  PortentaReader      send_command('disarm') ignored — port not open
2026-06-26 11:50:51,704  WARNING  PortentaReader      send_command('disarm') ignored — port not open
2026-06-26 11:50:51,767  WARNING  PortentaReader      send_command('disarm') ignored — port not open
2026-06-26 11:50:51,829  WARNING  PortentaReader      send_command('disarm') ignored — port not open
2026-06-26 11:50:51,890  WARNING  PortentaReader      send_command('disarm') ignored — port not open
2026-06-26 11:50:51,951  WARNING  PortentaReader      send_command('disarm') ignored — port not open
2026-06-26 11:50:52,013  WARNING  PortentaReader      send_command('disarm') ignored — port not open
2026-06-26 11:50:52,076  WARNING  PortentaReader      send_command('disarm') ignored — port not open
2026-06-26 11:50:52,138  WARNING  PortentaReader      send_command('disarm') ignored — port not open
2026-06-26 11:50:52,200  WARNING  PortentaReader      send_command('disarm') ignored — port not open
2026-06-26 11:50:52,262  WARNING  PortentaReader      send_command('disarm') ignored — port not open
2026-06-26 11:50:52,324  WARNING  PortentaReader      send_command('disarm') ignored — port not open
2026-06-26 11:50:52,385  WARNING  PortentaReader      send_command('disarm') ignored — port not open
2026-06-26 11:50:52,448  WARNING  PortentaReader      send_command('disarm') ignored — port not open
2026-06-26 11:50:52,510  WARNING  PortentaReader      send_command('disarm') ignored — port not open
2026-06-26 11:50:52,571  WARNING  PortentaReader      send_command('disarm') ignored — port not open
2026-06-26 11:50:52,633  WARNING  PortentaReader      send_command('disarm') ignored — port not open
2026-06-26 11:50:52,695  WARNING  PortentaReader      send_command('disarm') ignored — port not open
2026-06-26 11:50:52,757  WARNING  PortentaReader      send_command('disarm') ignored — port not open
2026-06-26 11:50:52,819  WARNING  RecordingCore       HEALTH WARNING: LCR silent 153.3s — no new samples (auxiliary; other instruments still recording)
2026-06-26 11:50:52,819  WARNING  PortentaReader      send_command('disarm') ignored — port not open
2026-06-26 11:50:52,897  WARNING  PortentaReader      send_command('disarm') ignored — port not open
2026-06-26 11:50:52,959  WARNING  PortentaReader      send_command('disarm') ignored — port not open
2026-06-26 11:50:53,021  WARNING  PortentaReader      send_command('disarm') ignored — port not open
2026-06-26 11:50:53,083  WARNING  PortentaReader      send_command('disarm') ignored — port not open
2026-06-26 11:50:53,145  WARNING  PortentaReader      send_command('disarm') ignored — port not open
2026-06-26 11:50:53,206  WARNING  PortentaReader      send_command('disarm') ignored — port not open
2026-06-26 11:50:53,269  WARNING  PortentaReader      send_command('disarm') ignored — port not open
2026-06-26 11:50:53,331  WARNING  PortentaReader      send_command('disarm') ignored — port not open
2026-06-26 11:50:53,391  WARNING  PortentaReader      send_command('disarm') ignored — port not open
2026-06-26 11:50:53,453  WARNING  PortentaReader      send_command('disarm') ignored — port not open
2026-06-26 11:50:53,514  WARNING  PortentaReader      send_command('disarm') ignored — port not open
2026-06-26 11:50:53,576  WARNING  PortentaReader      send_command('disarm') ignored — port not open
2026-06-26 11:50:53,639  WARNING  PortentaReader      send_command('disarm') ignored — port not open
2026-06-26 11:50:53,700  WARNING  PortentaReader      send_command('disarm') ignored — port not open
2026-06-26 11:50:53,763  WARNING  PortentaReader      send_command('disarm') ignored — port not open
2026-06-26 11:50:53,824  WARNING  PortentaReader      send_command('disarm') ignored — port not open
2026-06-26 11:50:53,885  WARNING  PortentaReader      send_command('disarm') ignored — port not open
2026-06-26 11:50:53,947  WARNING  PortentaReader      send_command('disarm') ignored — port not open
2026-06-26 11:50:54,010  WARNING  PortentaReader      send_command('disarm') ignored — port not open
2026-06-26 11:50:54,072  WARNING  PortentaReader      send_command('disarm') ignored — port not open
2026-06-26 11:50:54,134  WARNING  PortentaReader      send_command('disarm') ignored — port not open
2026-06-26 11:50:54,195  WARNING  PortentaReader      send_command('disarm') ignored — port not open
2026-06-26 11:50:54,258  WARNING  PortentaReader      send_command('disarm') ignored — port not open
2026-06-26 11:50:54,320  WARNING  PortentaReader      send_command('disarm') ignored — port not open
2026-06-26 11:50:54,396  WARNING  PortentaReader      send_command('disarm') ignored — port not open
2026-06-26 11:50:54,458  WARNING  PortentaReader      send_command('disarm') ignored — port not open
2026-06-26 11:50:54,519  WARNING  PortentaReader      send_command('disarm') ignored — port not open
2026-06-26 11:50:54,582  WARNING  PortentaReader      send_command('disarm') ignored — port not open
2026-06-26 11:50:54,642  WARNING  PortentaReader      send_command('disarm') ignored — port not open
2026-06-26 11:50:54,705  WARNING  PortentaReader      send_command('disarm') ignored — port not open
2026-06-26 11:50:54,766  WARNING  PortentaReader      send_command('disarm') ignored — port not open
2026-06-26 11:50:54,828  WARNING  RecordingCore       HEALTH WARNING: LCR silent 155.3s — no new samples (auxiliary; other instruments still recording)
2026-06-26 11:50:54,829  WARNING  PortentaReader      send_command('disarm') ignored — port not open
2026-06-26 11:50:54,891  WARNING  PortentaReader      send_command('disarm') ignored — port not open
2026-06-26 11:50:54,952  WARNING  PortentaReader      send_command('disarm') ignored — port not open
2026-06-26 11:50:55,014  WARNING  PortentaReader      send_command('disarm') ignored — port not open
2026-06-26 11:50:55,074  WARNING  PortentaReader      send_command('disarm') ignored — port not open
2026-06-26 11:50:55,137  WARNING  PortentaReader      send_command('disarm') ignored — port not open
2026-06-26 11:50:55,200  WARNING  PortentaReader      send_command('disarm') ignored — port not open
2026-06-26 11:50:55,262  WARNING  PortentaReader      send_command('disarm') ignored — port not open
2026-06-26 11:50:55,325  WARNING  PortentaReader      send_command('disarm') ignored — port not open
2026-06-26 11:50:55,387  WARNING  PortentaReader      send_command('disarm') ignored — port not open
2026-06-26 11:50:55,449  WARNING  PortentaReader      send_command('disarm') ignored — port not open
2026-06-26 11:50:55,511  WARNING  PortentaReader      send_command('disarm') ignored — port not open
2026-06-26 11:50:55,574  WARNING  PortentaReader      send_command('disarm') ignored — port not open
2026-06-26 11:50:55,635  WARNING  PortentaReader      send_command('disarm') ignored — port not open
2026-06-26 11:50:55,695  WARNING  PortentaReader      send_command('disarm') ignored — port not open
2026-06-26 11:50:55,758  WARNING  PortentaReader      send_command('disarm') ignored — port not open
2026-06-26 11:50:55,819  WARNING  PortentaReader      send_command('disarm') ignored — port not open
2026-06-26 11:50:55,882  WARNING  PortentaReader      send_command('disarm') ignored — port not open
2026-06-26 11:50:55,959  WARNING  PortentaReader      send_command('disarm') ignored — port not open
2026-06-26 11:50:56,021  WARNING  PortentaReader      send_command('disarm') ignored — port not open
2026-06-26 11:50:56,084  WARNING  PortentaReader      send_command('disarm') ignored — port not open
2026-06-26 11:50:56,146  WARNING  PortentaReader      send_command('disarm') ignored — port not open
2026-06-26 11:50:56,207  WARNING  PortentaReader      send_command('disarm') ignored — port not open
2026-06-26 11:50:56,270  WARNING  PortentaReader      send_command('disarm') ignored — port not open
2026-06-26 11:50:56,331  WARNING  PortentaReader      send_command('disarm') ignored — port not open
2026-06-26 11:50:56,393  WARNING  PortentaReader      send_command('disarm') ignored — port not open
2026-06-26 11:50:56,456  WARNING  PortentaReader      send_command('disarm') ignored — port not open
2026-06-26 11:50:56,518  WARNING  PortentaReader      send_command('disarm') ignored — port not open
2026-06-26 11:50:56,581  WARNING  PortentaReader      send_command('disarm') ignored — port not open
2026-06-26 11:50:56,642  WARNING  PortentaReader      send_command('disarm') ignored — port not open
2026-06-26 11:50:56,703  WARNING  PortentaReader      send_command('disarm') ignored — port not open
2026-06-26 11:50:56,765  WARNING  PortentaReader      send_command('disarm') ignored — port not open
2026-06-26 11:50:56,827  WARNING  RecordingCore       HEALTH WARNING: LCR silent 157.3s — no new samples (auxiliary; other instruments still recording)
2026-06-26 11:50:56,828  WARNING  PortentaReader      send_command('disarm') ignored — port not open
2026-06-26 11:50:56,884  WARNING  PortentaReader      send_command('disarm') ignored — port not open
2026-06-26 11:50:56,952  WARNING  PortentaReader      send_command('disarm') ignored — port not open
2026-06-26 11:50:57,014  WARNING  PortentaReader      send_command('disarm') ignored — port not open
2026-06-26 11:50:57,078  WARNING  PortentaReader      send_command('disarm') ignored — port not open
2026-06-26 11:50:57,140  WARNING  PortentaReader      send_command('disarm') ignored — port not open
2026-06-26 11:50:57,201  WARNING  PortentaReader      send_command('disarm') ignored — port not open
2026-06-26 11:50:57,263  WARNING  PortentaReader      send_command('disarm') ignored — port not open
2026-06-26 11:50:57,325  WARNING  PortentaReader      send_command('disarm') ignored — port not open
2026-06-26 11:50:57,387  WARNING  PortentaReader      send_command('disarm') ignored — port not open
2026-06-26 11:50:57,449  WARNING  PortentaReader      send_command('disarm') ignored — port not open
2026-06-26 11:50:57,511  WARNING  PortentaReader      send_command('disarm') ignored — port not open
2026-06-26 11:50:57,573  WARNING  PortentaReader      send_command('disarm') ignored — port not open
2026-06-26 11:50:57,635  WARNING  PortentaReader      send_command('disarm') ignored — port not open
2026-06-26 11:50:57,696  WARNING  PortentaReader      send_command('disarm') ignored — port not open
2026-06-26 11:50:57,758  WARNING  PortentaReader      send_command('disarm') ignored — port not open
2026-06-26 11:50:57,835  WARNING  PortentaReader      send_command('disarm') ignored — port not open
2026-06-26 11:50:57,897  WARNING  PortentaReader      send_command('disarm') ignored — port not open
2026-06-26 11:50:57,958  WARNING  PortentaReader      send_command('disarm') ignored — port not open
2026-06-26 11:50:58,020  WARNING  PortentaReader      send_command('disarm') ignored — port not open
2026-06-26 11:50:58,083  WARNING  PortentaReader      send_command('disarm') ignored — port not open
2026-06-26 11:50:58,144  WARNING  PortentaReader      send_command('disarm') ignored — port not open
2026-06-26 11:50:58,207  WARNING  PortentaReader      send_command('disarm') ignored — port not open
2026-06-26 11:50:58,268  WARNING  PortentaReader      send_command('disarm') ignored — port not open
2026-06-26 11:50:58,329  WARNING  PortentaReader      send_command('disarm') ignored — port not open
2026-06-26 11:50:58,392  WARNING  PortentaReader      send_command('disarm') ignored — port not open
2026-06-26 11:50:58,453  WARNING  PortentaReader      send_command('disarm') ignored — port not open
2026-06-26 11:50:58,515  WARNING  PortentaReader      send_command('disarm') ignored — port not open
2026-06-26 11:50:58,578  WARNING  PortentaReader      send_command('disarm') ignored — port not open
2026-06-26 11:50:58,641  WARNING  PortentaReader      send_command('disarm') ignored — port not open
2026-06-26 11:50:58,704  WARNING  PortentaReader      send_command('disarm') ignored — port not open
2026-06-26 11:50:58,765  WARNING  PortentaReader      send_command('disarm') ignored — port not open
2026-06-26 11:50:58,829  WARNING  RecordingCore       HEALTH WARNING: LCR silent 159.3s — no new samples (auxiliary; other instruments still recording)
2026-06-26 11:50:58,830  WARNING  PortentaReader      send_command('disarm') ignored — port not open
2026-06-26 11:50:58,889  WARNING  PortentaReader      send_command('disarm') ignored — port not open
2026-06-26 11:50:58,951  WARNING  PortentaReader      send_command('disarm') ignored — port not open
2026-06-26 11:50:59,013  WARNING  PortentaReader      send_command('disarm') ignored — port not open
2026-06-26 11:50:59,074  WARNING  PortentaReader      send_command('disarm') ignored — port not open
2026-06-26 11:50:59,136  WARNING  PortentaReader      send_command('disarm') ignored — port not open
2026-06-26 11:50:59,197  WARNING  PortentaReader      send_command('disarm') ignored — port not open
2026-06-26 11:50:59,258  WARNING  PortentaReader      send_command('disarm') ignored — port not open
2026-06-26 11:50:59,319  WARNING  PortentaReader      send_command('disarm') ignored — port not open
2026-06-26 11:50:59,396  WARNING  PortentaReader      send_command('disarm') ignored — port not open
2026-06-26 11:50:59,457  WARNING  PortentaReader      send_command('disarm') ignored — port not open
2026-06-26 11:50:59,520  WARNING  PortentaReader      send_command('disarm') ignored — port not open
2026-06-26 11:50:59,581  WARNING  PortentaReader      send_command('disarm') ignored — port not open
2026-06-26 11:50:59,644  WARNING  PortentaReader      send_command('disarm') ignored — port not open
2026-06-26 11:50:59,707  WARNING  PortentaReader      send_command('disarm') ignored — port not open
2026-06-26 11:50:59,769  WARNING  PortentaReader      send_command('disarm') ignored — port not open
2026-06-26 11:50:59,830  WARNING  PortentaReader      send_command('disarm') ignored — port not open
2026-06-26 11:50:59,885  WARNING  PortentaReader      send_command('disarm') ignored — port not open
2026-06-26 11:50:59,950  WARNING  PortentaReader      send_command('disarm') ignored — port not open
2026-06-26 11:51:00,015  WARNING  PortentaReader      send_command('disarm') ignored — port not open
2026-06-26 11:51:00,092  WARNING  PortentaReader      send_command('disarm') ignored — port not open
2026-06-26 11:51:00,140  WARNING  PortentaReader      send_command('disarm') ignored — port not open
2026-06-26 11:51:00,199  WARNING  PortentaReader      send_command('disarm') ignored — port not open
2026-06-26 11:51:00,264  WARNING  PortentaReader      send_command('disarm') ignored — port not open
2026-06-26 11:51:00,336  WARNING  PortentaReader      send_command('disarm') ignored — port not open
2026-06-26 11:51:00,389  WARNING  PortentaReader      send_command('disarm') ignored — port not open
2026-06-26 11:51:00,451  WARNING  PortentaReader      send_command('disarm') ignored — port not open
2026-06-26 11:51:00,513  WARNING  PortentaReader      send_command('disarm') ignored — port not open
2026-06-26 11:51:00,573  WARNING  PortentaReader      send_command('disarm') ignored — port not open
2026-06-26 11:51:00,636  WARNING  PortentaReader      send_command('disarm') ignored — port not open
2026-06-26 11:51:00,700  WARNING  PortentaReader      send_command('disarm') ignored — port not open
2026-06-26 11:51:00,760  WARNING  PortentaReader      send_command('disarm') ignored — port not open
2026-06-26 11:51:00,823  WARNING  RecordingCore       HEALTH WARNING: LCR silent 161.3s — no new samples (auxiliary; other instruments still recording)
2026-06-26 11:51:00,823  WARNING  PortentaReader      send_command('disarm') ignored — port not open
2026-06-26 11:51:00,885  WARNING  PortentaReader      send_command('disarm') ignored — port not open
2026-06-26 11:51:00,945  WARNING  PortentaReader      send_command('disarm') ignored — port not open
2026-06-26 11:51:01,007  WARNING  PortentaReader      send_command('disarm') ignored — port not open
2026-06-26 11:51:01,070  WARNING  PortentaReader      send_command('disarm') ignored — port not open
2026-06-26 11:51:01,133  WARNING  PortentaReader      send_command('disarm') ignored — port not open
2026-06-26 11:51:01,195  WARNING  PortentaReader      send_command('disarm') ignored — port not open
2026-06-26 11:51:01,272  WARNING  PortentaReader      send_command('disarm') ignored — port not open
2026-06-26 11:51:01,319  WARNING  PortentaReader      send_command('disarm') ignored — port not open
2026-06-26 11:51:01,395  WARNING  PortentaReader      send_command('disarm') ignored — port not open
2026-06-26 11:51:01,458  WARNING  PortentaReader      send_command('disarm') ignored — port not open
2026-06-26 11:51:01,520  WARNING  PortentaReader      send_command('disarm') ignored — port not open
2026-06-26 11:51:01,581  WARNING  PortentaReader      send_command('disarm') ignored — port not open
2026-06-26 11:51:01,644  WARNING  PortentaReader      send_command('disarm') ignored — port not open
2026-06-26 11:51:01,706  WARNING  PortentaReader      send_command('disarm') ignored — port not open
2026-06-26 11:51:01,767  WARNING  PortentaReader      send_command('disarm') ignored — port not open
2026-06-26 11:51:01,829  WARNING  PortentaReader      send_command('disarm') ignored — port not open
2026-06-26 11:51:01,892  WARNING  PortentaReader      send_command('disarm') ignored — port not open
2026-06-26 11:51:01,951  WARNING  PortentaReader      send_command('disarm') ignored — port not open
2026-06-26 11:51:02,013  WARNING  PortentaReader      send_command('disarm') ignored — port not open
2026-06-26 11:51:02,076  WARNING  PortentaReader      send_command('disarm') ignored — port not open
2026-06-26 11:51:02,138  WARNING  PortentaReader      send_command('disarm') ignored — port not open
2026-06-26 11:51:02,200  WARNING  PortentaReader      send_command('disarm') ignored — port not open
2026-06-26 11:51:02,262  WARNING  PortentaReader      send_command('disarm') ignored — port not open
2026-06-26 11:51:02,323  WARNING  PortentaReader      send_command('disarm') ignored — port not open
2026-06-26 11:51:02,385  WARNING  PortentaReader      send_command('disarm') ignored — port not open
2026-06-26 11:51:02,447  WARNING  PortentaReader      send_command('disarm') ignored — port not open
2026-06-26 11:51:02,509  WARNING  PortentaReader      send_command('disarm') ignored — port not open
2026-06-26 11:51:02,570  WARNING  PortentaReader      send_command('disarm') ignored — port not open
2026-06-26 11:51:02,633  WARNING  PortentaReader      send_command('disarm') ignored — port not open
2026-06-26 11:51:02,694  WARNING  PortentaReader      send_command('disarm') ignored — port not open
2026-06-26 11:51:02,771  WARNING  PortentaReader      send_command('disarm') ignored — port not open
2026-06-26 11:51:02,834  WARNING  RecordingCore       HEALTH WARNING: LCR silent 163.3s — no new samples (auxiliary; other instruments still recording)
2026-06-26 11:51:02,834  WARNING  PortentaReader      send_command('disarm') ignored — port not open
2026-06-26 11:51:02,897  WARNING  PortentaReader      send_command('disarm') ignored — port not open
2026-06-26 11:51:02,957  WARNING  PortentaReader      send_command('disarm') ignored — port not open
2026-06-26 11:51:03,020  WARNING  PortentaReader      send_command('disarm') ignored — port not open
2026-06-26 11:51:03,081  WARNING  PortentaReader      send_command('disarm') ignored — port not open
2026-06-26 11:51:03,143  WARNING  PortentaReader      send_command('disarm') ignored — port not open
2026-06-26 11:51:03,204  WARNING  PortentaReader      send_command('disarm') ignored — port not open
2026-06-26 11:51:03,266  WARNING  PortentaReader      send_command('disarm') ignored — port not open
2026-06-26 11:51:03,328  WARNING  PortentaReader      send_command('disarm') ignored — port not open
2026-06-26 11:51:03,389  WARNING  PortentaReader      send_command('disarm') ignored — port not open
2026-06-26 11:51:03,450  WARNING  PortentaReader      send_command('disarm') ignored — port not open
2026-06-26 11:51:03,512  WARNING  PortentaReader      send_command('disarm') ignored — port not open
2026-06-26 11:51:03,575  WARNING  PortentaReader      send_command('disarm') ignored — port not open
2026-06-26 11:51:03,637  WARNING  PortentaReader      send_command('disarm') ignored — port not open
2026-06-26 11:51:03,698  WARNING  PortentaReader      send_command('disarm') ignored — port not open
2026-06-26 11:51:03,760  WARNING  PortentaReader      send_command('disarm') ignored — port not open
2026-06-26 11:51:03,823  WARNING  PortentaReader      send_command('disarm') ignored — port not open
2026-06-26 11:51:03,885  WARNING  PortentaReader      send_command('disarm') ignored — port not open
2026-06-26 11:51:03,946  WARNING  PortentaReader      send_command('disarm') ignored — port not open
2026-06-26 11:51:04,009  WARNING  PortentaReader      send_command('disarm') ignored — port not open
2026-06-26 11:51:04,070  WARNING  PortentaReader      send_command('disarm') ignored — port not open
2026-06-26 11:51:04,132  WARNING  PortentaReader      send_command('disarm') ignored — port not open
2026-06-26 11:51:04,209  WARNING  PortentaReader      send_command('disarm') ignored — port not open
2026-06-26 11:51:04,270  WARNING  PortentaReader      send_command('disarm') ignored — port not open
2026-06-26 11:51:04,332  WARNING  PortentaReader      send_command('disarm') ignored — port not open
2026-06-26 11:51:04,394  WARNING  PortentaReader      send_command('disarm') ignored — port not open
2026-06-26 11:51:04,455  WARNING  PortentaReader      send_command('disarm') ignored — port not open
2026-06-26 11:51:04,517  WARNING  PortentaReader      send_command('disarm') ignored — port not open
2026-06-26 11:51:04,579  WARNING  PortentaReader      send_command('disarm') ignored — port not open
2026-06-26 11:51:04,641  WARNING  PortentaReader      send_command('disarm') ignored — port not open
2026-06-26 11:51:04,702  WARNING  PortentaReader      send_command('disarm') ignored — port not open
2026-06-26 11:51:04,764  WARNING  PortentaReader      send_command('disarm') ignored — port not open
2026-06-26 11:51:04,826  WARNING  PortentaReader      send_command('disarm') ignored — port not open
2026-06-26 11:51:04,887  WARNING  RecordingCore       HEALTH WARNING: LCR silent 165.4s — no new samples (auxiliary; other instruments still recording)
2026-06-26 11:51:04,887  WARNING  PortentaReader      send_command('disarm') ignored — port not open
2026-06-26 11:51:04,948  WARNING  PortentaReader      send_command('disarm') ignored — port not open
2026-06-26 11:51:05,009  WARNING  PortentaReader      send_command('disarm') ignored — port not open
2026-06-26 11:51:05,071  WARNING  PortentaReader      send_command('disarm') ignored — port not open
2026-06-26 11:51:05,133  WARNING  PortentaReader      send_command('disarm') ignored — port not open
2026-06-26 11:51:05,209  WARNING  PortentaReader      send_command('disarm') ignored — port not open
2026-06-26 11:51:05,271  WARNING  PortentaReader      send_command('disarm') ignored — port not open
2026-06-26 11:51:05,332  WARNING  PortentaReader      send_command('disarm') ignored — port not open
2026-06-26 11:51:05,393  WARNING  PortentaReader      send_command('disarm') ignored — port not open
2026-06-26 11:51:05,455  WARNING  PortentaReader      send_command('disarm') ignored — port not open
2026-06-26 11:51:05,516  WARNING  PortentaReader      send_command('disarm') ignored — port not open
2026-06-26 11:51:05,578  WARNING  PortentaReader      send_command('disarm') ignored — port not open
2026-06-26 11:51:05,640  WARNING  PortentaReader      send_command('disarm') ignored — port not open
2026-06-26 11:51:05,702  WARNING  PortentaReader      send_command('disarm') ignored — port not open
2026-06-26 11:51:05,764  WARNING  PortentaReader      send_command('disarm') ignored — port not open
2026-06-26 11:51:05,826  WARNING  PortentaReader      send_command('disarm') ignored — port not open
2026-06-26 11:51:05,886  WARNING  PortentaReader      send_command('disarm') ignored — port not open
2026-06-26 11:51:05,949  WARNING  PortentaReader      send_command('disarm') ignored — port not open
2026-06-26 11:51:06,011  WARNING  PortentaReader      send_command('disarm') ignored — port not open
2026-06-26 11:51:06,073  WARNING  PortentaReader      send_command('disarm') ignored — port not open
2026-06-26 11:51:06,136  WARNING  PortentaReader      send_command('disarm') ignored — port not open
2026-06-26 11:51:06,197  WARNING  PortentaReader      send_command('disarm') ignored — port not open
2026-06-26 11:51:06,259  WARNING  PortentaReader      send_command('disarm') ignored — port not open
2026-06-26 11:51:06,321  WARNING  PortentaReader      send_command('disarm') ignored — port not open
2026-06-26 11:51:06,383  WARNING  PortentaReader      send_command('disarm') ignored — port not open
2026-06-26 11:51:06,445  WARNING  PortentaReader      send_command('disarm') ignored — port not open
2026-06-26 11:51:06,520  WARNING  PortentaReader      send_command('disarm') ignored — port not open
2026-06-26 11:51:06,582  WARNING  PortentaReader      send_command('disarm') ignored — port not open
2026-06-26 11:51:06,644  WARNING  PortentaReader      send_command('disarm') ignored — port not open
2026-06-26 11:51:06,705  WARNING  PortentaReader      send_command('disarm') ignored — port not open
2026-06-26 11:51:06,767  WARNING  PortentaReader      send_command('disarm') ignored — port not open
2026-06-26 11:51:06,828  WARNING  PortentaReader      send_command('disarm') ignored — port not open
2026-06-26 11:51:06,888  WARNING  RecordingCore       HEALTH WARNING: LCR silent 167.4s — no new samples (auxiliary; other instruments still recording)
2026-06-26 11:51:06,890  WARNING  PortentaReader      send_command('disarm') ignored — port not open
2026-06-26 11:51:06,951  WARNING  PortentaReader      send_command('disarm') ignored — port not open
2026-06-26 11:51:07,011  WARNING  PortentaReader      send_command('disarm') ignored — port not open
2026-06-26 11:51:07,073  WARNING  PortentaReader      send_command('disarm') ignored — port not open
2026-06-26 11:51:07,134  WARNING  PortentaReader      send_command('disarm') ignored — port not open
2026-06-26 11:51:07,198  WARNING  PortentaReader      send_command('disarm') ignored — port not open
2026-06-26 11:51:07,260  WARNING  PortentaReader      send_command('disarm') ignored — port not open
2026-06-26 11:51:07,323  WARNING  PortentaReader      send_command('disarm') ignored — port not open
2026-06-26 11:51:07,384  WARNING  PortentaReader      send_command('disarm') ignored — port not open
2026-06-26 11:51:07,447  WARNING  PortentaReader      send_command('disarm') ignored — port not open
2026-06-26 11:51:07,508  WARNING  PortentaReader      send_command('disarm') ignored — port not open
2026-06-26 11:51:07,570  WARNING  PortentaReader      send_command('disarm') ignored — port not open
2026-06-26 11:51:07,647  WARNING  PortentaReader      send_command('disarm') ignored — port not open
2026-06-26 11:51:07,709  WARNING  PortentaReader      send_command('disarm') ignored — port not open
2026-06-26 11:51:07,772  WARNING  PortentaReader      send_command('disarm') ignored — port not open
2026-06-26 11:51:07,833  WARNING  PortentaReader      send_command('disarm') ignored — port not open
2026-06-26 11:51:07,896  WARNING  PortentaReader      send_command('disarm') ignored — port not open
2026-06-26 11:51:07,958  WARNING  PortentaReader      send_command('disarm') ignored — port not open
2026-06-26 11:51:08,019  WARNING  PortentaReader      send_command('disarm') ignored — port not open
2026-06-26 11:51:08,080  WARNING  PortentaReader      send_command('disarm') ignored — port not open
2026-06-26 11:51:08,143  WARNING  PortentaReader      send_command('disarm') ignored — port not open
2026-06-26 11:51:08,204  WARNING  PortentaReader      send_command('disarm') ignored — port not open
2026-06-26 11:51:08,265  WARNING  PortentaReader      send_command('disarm') ignored — port not open
2026-06-26 11:51:08,327  WARNING  PortentaReader      send_command('disarm') ignored — port not open
2026-06-26 11:51:08,389  WARNING  PortentaReader      send_command('disarm') ignored — port not open
2026-06-26 11:51:08,452  WARNING  PortentaReader      send_command('disarm') ignored — port not open
2026-06-26 11:51:08,514  WARNING  PortentaReader      send_command('disarm') ignored — port not open
2026-06-26 11:51:08,577  WARNING  PortentaReader      send_command('disarm') ignored — port not open
2026-06-26 11:51:08,639  WARNING  PortentaReader      send_command('disarm') ignored — port not open
2026-06-26 11:51:08,702  WARNING  PortentaReader      send_command('disarm') ignored — port not open
2026-06-26 11:51:08,763  WARNING  PortentaReader      send_command('disarm') ignored — port not open
2026-06-26 11:51:08,826  WARNING  PortentaReader      send_command('disarm') ignored — port not open
2026-06-26 11:51:08,882  WARNING  RecordingCore       HEALTH WARNING: LCR silent 169.4s — no new samples (auxiliary; other instruments still recording)
2026-06-26 11:51:08,883  WARNING  PortentaReader      send_command('disarm') ignored — port not open
2026-06-26 11:51:08,950  WARNING  PortentaReader      send_command('disarm') ignored — port not open
2026-06-26 11:51:09,012  WARNING  PortentaReader      send_command('disarm') ignored — port not open
2026-06-26 11:51:09,074  WARNING  PortentaReader      send_command('disarm') ignored — port not open
2026-06-26 11:51:09,136  WARNING  PortentaReader      send_command('disarm') ignored — port not open
2026-06-26 11:51:09,197  WARNING  PortentaReader      send_command('disarm') ignored — port not open
2026-06-26 11:51:09,260  WARNING  PortentaReader      send_command('disarm') ignored — port not open
2026-06-26 11:51:09,321  WARNING  PortentaReader      send_command('disarm') ignored — port not open
2026-06-26 11:51:09,383  WARNING  PortentaReader      send_command('disarm') ignored — port not open
2026-06-26 11:51:09,445  WARNING  PortentaReader      send_command('disarm') ignored — port not open
2026-06-26 11:51:09,507  WARNING  PortentaReader      send_command('disarm') ignored — port not open
2026-06-26 11:51:09,585  WARNING  PortentaReader      send_command('disarm') ignored — port not open
2026-06-26 11:51:09,632  WARNING  PortentaReader      send_command('disarm') ignored — port not open
2026-06-26 11:51:09,695  WARNING  PortentaReader      send_command('disarm') ignored — port not open
2026-06-26 11:51:09,772  WARNING  PortentaReader      send_command('disarm') ignored — port not open
2026-06-26 11:51:09,833  WARNING  PortentaReader      send_command('disarm') ignored — port not open
2026-06-26 11:51:09,896  WARNING  PortentaReader      send_command('disarm') ignored — port not open
2026-06-26 11:51:09,958  WARNING  PortentaReader      send_command('disarm') ignored — port not open
2026-06-26 11:51:10,020  WARNING  PortentaReader      send_command('disarm') ignored — port not open
2026-06-26 11:51:10,080  WARNING  PortentaReader      send_command('disarm') ignored — port not open
2026-06-26 11:51:10,142  WARNING  PortentaReader      send_command('disarm') ignored — port not open
2026-06-26 11:51:10,204  WARNING  PortentaReader      send_command('disarm') ignored — port not open
2026-06-26 11:51:10,266  WARNING  PortentaReader      send_command('disarm') ignored — port not open
2026-06-26 11:51:10,328  WARNING  PortentaReader      send_command('disarm') ignored — port not open
2026-06-26 11:51:10,390  WARNING  PortentaReader      send_command('disarm') ignored — port not open
2026-06-26 11:51:10,452  WARNING  PortentaReader      send_command('disarm') ignored — port not open
2026-06-26 11:51:10,514  WARNING  PortentaReader      send_command('disarm') ignored — port not open
2026-06-26 11:51:10,576  WARNING  PortentaReader      send_command('disarm') ignored — port not open
2026-06-26 11:51:10,637  WARNING  PortentaReader      send_command('disarm') ignored — port not open
2026-06-26 11:51:10,701  WARNING  PortentaReader      send_command('disarm') ignored — port not open
2026-06-26 11:51:10,762  WARNING  PortentaReader      send_command('disarm') ignored — port not open
2026-06-26 11:51:10,823  WARNING  PortentaReader      send_command('disarm') ignored — port not open
2026-06-26 11:51:10,886  WARNING  RecordingCore       HEALTH WARNING: LCR silent 171.4s — no new samples (auxiliary; other instruments still recording)
2026-06-26 11:51:10,887  WARNING  PortentaReader      send_command('disarm') ignored — port not open
2026-06-26 11:51:10,948  WARNING  PortentaReader      send_command('disarm') ignored — port not open
2026-06-26 11:51:11,010  WARNING  PortentaReader      send_command('disarm') ignored — port not open
2026-06-26 11:51:11,071  WARNING  PortentaReader      send_command('disarm') ignored — port not open
2026-06-26 11:51:11,132  WARNING  PortentaReader      send_command('disarm') ignored — port not open
2026-06-26 11:51:11,209  WARNING  PortentaReader      send_command('disarm') ignored — port not open
2026-06-26 11:51:11,270  WARNING  PortentaReader      send_command('disarm') ignored — port not open
2026-06-26 11:51:11,332  WARNING  PortentaReader      send_command('disarm') ignored — port not open
2026-06-26 11:51:11,394  WARNING  PortentaReader      send_command('disarm') ignored — port not open
2026-06-26 11:51:11,455  WARNING  PortentaReader      send_command('disarm') ignored — port not open
2026-06-26 11:51:11,516  WARNING  PortentaReader      send_command('disarm') ignored — port not open
2026-06-26 11:51:11,580  WARNING  PortentaReader      send_command('disarm') ignored — port not open
2026-06-26 11:51:11,642  WARNING  PortentaReader      send_command('disarm') ignored — port not open
2026-06-26 11:51:11,704  WARNING  PortentaReader      send_command('disarm') ignored — port not open
2026-06-26 11:51:11,765  WARNING  PortentaReader      send_command('disarm') ignored — port not open
2026-06-26 11:51:11,828  WARNING  PortentaReader      send_command('disarm') ignored — port not open
2026-06-26 11:51:11,889  WARNING  PortentaReader      send_command('disarm') ignored — port not open
2026-06-26 11:51:11,950  WARNING  PortentaReader      send_command('disarm') ignored — port not open
2026-06-26 11:51:12,013  WARNING  PortentaReader      send_command('disarm') ignored — port not open
2026-06-26 11:51:12,075  WARNING  PortentaReader      send_command('disarm') ignored — port not open
2026-06-26 11:51:12,137  WARNING  PortentaReader      send_command('disarm') ignored — port not open
2026-06-26 11:51:12,200  WARNING  PortentaReader      send_command('disarm') ignored — port not open
2026-06-26 11:51:12,271  WARNING  PortentaReader      send_command('disarm') ignored — port not open
2026-06-26 11:51:12,323  WARNING  PortentaReader      send_command('disarm') ignored — port not open
2026-06-26 11:51:12,384  WARNING  PortentaReader      send_command('disarm') ignored — port not open
2026-06-26 11:51:12,445  WARNING  PortentaReader      send_command('disarm') ignored — port not open
2026-06-26 11:51:12,522  WARNING  PortentaReader      send_command('disarm') ignored — port not open
2026-06-26 11:51:12,583  WARNING  PortentaReader      send_command('disarm') ignored — port not open
2026-06-26 11:51:12,645  WARNING  PortentaReader      send_command('disarm') ignored — port not open
2026-06-26 11:51:12,708  WARNING  PortentaReader      send_command('disarm') ignored — port not open
2026-06-26 11:51:12,772  WARNING  PortentaReader      send_command('disarm') ignored — port not open
2026-06-26 11:51:12,831  WARNING  PortentaReader      send_command('disarm') ignored — port not open
2026-06-26 11:51:12,893  WARNING  RecordingCore       HEALTH WARNING: LCR silent 173.4s — no new samples (auxiliary; other instruments still recording)
2026-06-26 11:51:12,893  WARNING  PortentaReader      send_command('disarm') ignored — port not open
2026-06-26 11:51:12,954  WARNING  PortentaReader      send_command('disarm') ignored — port not open
2026-06-26 11:51:13,017  WARNING  PortentaReader      send_command('disarm') ignored — port not open
2026-06-26 11:51:13,078  WARNING  PortentaReader      send_command('disarm') ignored — port not open
2026-06-26 11:51:13,140  WARNING  PortentaReader      send_command('disarm') ignored — port not open
2026-06-26 11:51:13,203  WARNING  PortentaReader      send_command('disarm') ignored — port not open
2026-06-26 11:51:13,265  WARNING  PortentaReader      send_command('disarm') ignored — port not open
2026-06-26 11:51:13,327  WARNING  PortentaReader      send_command('disarm') ignored — port not open
2026-06-26 11:51:13,388  WARNING  PortentaReader      send_command('disarm') ignored — port not open
2026-06-26 11:51:13,450  WARNING  PortentaReader      send_command('disarm') ignored — port not open
2026-06-26 11:51:13,511  WARNING  PortentaReader      send_command('disarm') ignored — port not open
2026-06-26 11:51:13,573  WARNING  PortentaReader      send_command('disarm') ignored — port not open
2026-06-26 11:51:13,636  WARNING  PortentaReader      send_command('disarm') ignored — port not open
2026-06-26 11:51:13,698  WARNING  PortentaReader      send_command('disarm') ignored — port not open
2026-06-26 11:51:13,761  WARNING  PortentaReader      send_command('disarm') ignored — port not open
2026-06-26 11:51:13,823  WARNING  PortentaReader      send_command('disarm') ignored — port not open
2026-06-26 11:51:13,903  WARNING  PortentaReader      send_command('disarm') ignored — port not open
2026-06-26 11:51:13,948  WARNING  PortentaReader      send_command('disarm') ignored — port not open
2026-06-26 11:51:14,015  WARNING  PortentaReader      send_command('disarm') ignored — port not open
2026-06-26 11:51:14,072  WARNING  PortentaReader      send_command('disarm') ignored — port not open
2026-06-26 11:51:14,146  WARNING  PortentaReader      send_command('disarm') ignored — port not open
2026-06-26 11:51:14,195  WARNING  PortentaReader      send_command('disarm') ignored — port not open
2026-06-26 11:51:14,310  WARNING  PortentaReader      send_command('disarm') ignored — port not open
2026-06-26 11:51:14,348  WARNING  PortentaReader      send_command('disarm') ignored — port not open
2026-06-26 11:51:14,412  WARNING  PortentaReader      send_command('disarm') ignored — port not open
2026-06-26 11:51:14,473  WARNING  PortentaReader      send_command('disarm') ignored — port not open
2026-06-26 11:51:14,534  WARNING  PortentaReader      send_command('disarm') ignored — port not open
2026-06-26 11:51:14,596  WARNING  PortentaReader      send_command('disarm') ignored — port not open
2026-06-26 11:51:14,657  WARNING  PortentaReader      send_command('disarm') ignored — port not open
2026-06-26 11:51:14,720  WARNING  PortentaReader      send_command('disarm') ignored — port not open
2026-06-26 11:51:14,783  WARNING  PortentaReader      send_command('disarm') ignored — port not open
2026-06-26 11:51:14,836  WARNING  PortentaReader      send_command('disarm') ignored — port not open
2026-06-26 11:51:14,906  WARNING  RecordingCore       HEALTH WARNING: LCR silent 175.4s — no new samples (auxiliary; other instruments still recording)
2026-06-26 11:51:14,906  WARNING  PortentaReader      send_command('disarm') ignored — port not open
2026-06-26 11:51:14,967  WARNING  PortentaReader      send_command('disarm') ignored — port not open
2026-06-26 11:51:15,029  WARNING  PortentaReader      send_command('disarm') ignored — port not open
2026-06-26 11:51:15,090  WARNING  PortentaReader      send_command('disarm') ignored — port not open
2026-06-26 11:51:15,152  WARNING  PortentaReader      send_command('disarm') ignored — port not open
2026-06-26 11:51:15,214  WARNING  PortentaReader      send_command('disarm') ignored — port not open
2026-06-26 11:51:15,277  WARNING  PortentaReader      send_command('disarm') ignored — port not open
2026-06-26 11:51:15,338  WARNING  PortentaReader      send_command('disarm') ignored — port not open
2026-06-26 11:51:15,400  WARNING  PortentaReader      send_command('disarm') ignored — port not open
2026-06-26 11:51:15,461  WARNING  PortentaReader      send_command('disarm') ignored — port not open
2026-06-26 11:51:15,523  WARNING  PortentaReader      send_command('disarm') ignored — port not open
2026-06-26 11:51:15,600  WARNING  PortentaReader      send_command('disarm') ignored — port not open
2026-06-26 11:51:15,661  WARNING  PortentaReader      send_command('disarm') ignored — port not open
2026-06-26 11:51:15,724  WARNING  PortentaReader      send_command('disarm') ignored — port not open
2026-06-26 11:51:15,785  WARNING  PortentaReader      send_command('disarm') ignored — port not open
2026-06-26 11:51:15,847  WARNING  PortentaReader      send_command('disarm') ignored — port not open
2026-06-26 11:51:15,909  WARNING  PortentaReader      send_command('disarm') ignored — port not open
2026-06-26 11:51:15,972  WARNING  PortentaReader      send_command('disarm') ignored — port not open
2026-06-26 11:51:16,035  WARNING  PortentaReader      send_command('disarm') ignored — port not open
2026-06-26 11:51:16,098  WARNING  PortentaReader      send_command('disarm') ignored — port not open
2026-06-26 11:51:16,160  WARNING  PortentaReader      send_command('disarm') ignored — port not open
2026-06-26 11:51:16,222  WARNING  PortentaReader      send_command('disarm') ignored — port not open
2026-06-26 11:51:16,283  WARNING  PortentaReader      send_command('disarm') ignored — port not open
2026-06-26 11:51:16,345  WARNING  PortentaReader      send_command('disarm') ignored — port not open
2026-06-26 11:51:16,406  WARNING  PortentaReader      send_command('disarm') ignored — port not open
2026-06-26 11:51:16,468  WARNING  PortentaReader      send_command('disarm') ignored — port not open
2026-06-26 11:51:16,530  WARNING  PortentaReader      send_command('disarm') ignored — port not open
2026-06-26 11:51:16,591  WARNING  PortentaReader      send_command('disarm') ignored — port not open
2026-06-26 11:51:16,652  WARNING  PortentaReader      send_command('disarm') ignored — port not open
2026-06-26 11:51:16,713  WARNING  PortentaReader      send_command('disarm') ignored — port not open
2026-06-26 11:51:16,776  WARNING  PortentaReader      send_command('disarm') ignored — port not open
2026-06-26 11:51:16,838  WARNING  PortentaReader      send_command('disarm') ignored — port not open
2026-06-26 11:51:16,899  WARNING  RecordingCore       HEALTH WARNING: LCR silent 177.4s — no new samples (auxiliary; other instruments still recording)
2026-06-26 11:51:16,899  WARNING  PortentaReader      send_command('disarm') ignored — port not open
2026-06-26 11:51:16,962  WARNING  PortentaReader      send_command('disarm') ignored — port not open
2026-06-26 11:51:17,025  WARNING  PortentaReader      send_command('disarm') ignored — port not open
2026-06-26 11:51:17,088  WARNING  PortentaReader      send_command('disarm') ignored — port not open
2026-06-26 11:51:17,152  WARNING  PortentaReader      send_command('disarm') ignored — port not open
2026-06-26 11:51:17,213  WARNING  PortentaReader      send_command('disarm') ignored — port not open
2026-06-26 11:51:17,276  WARNING  PortentaReader      send_command('disarm') ignored — port not open
2026-06-26 11:51:17,337  WARNING  PortentaReader      send_command('disarm') ignored — port not open
2026-06-26 11:51:17,399  WARNING  PortentaReader      send_command('disarm') ignored — port not open
2026-06-26 11:51:17,461  WARNING  PortentaReader      send_command('disarm') ignored — port not open
2026-06-26 11:51:17,523  WARNING  PortentaReader      send_command('disarm') ignored — port not open
2026-06-26 11:51:17,601  WARNING  PortentaReader      send_command('disarm') ignored — port not open
2026-06-26 11:51:17,678  WARNING  PortentaReader      send_command('disarm') ignored — port not open
2026-06-26 11:51:17,726  WARNING  PortentaReader      send_command('disarm') ignored — port not open
2026-06-26 11:51:17,788  WARNING  PortentaReader      send_command('disarm') ignored — port not open
2026-06-26 11:51:17,865  WARNING  PortentaReader      send_command('disarm') ignored — port not open
2026-06-26 11:51:17,928  WARNING  PortentaReader      send_command('disarm') ignored — port not open
2026-06-26 11:51:17,989  WARNING  PortentaReader      send_command('disarm') ignored — port not open
2026-06-26 11:51:18,050  WARNING  PortentaReader      send_command('disarm') ignored — port not open
2026-06-26 11:51:18,113  WARNING  PortentaReader      send_command('disarm') ignored — port not open
2026-06-26 11:51:18,175  WARNING  PortentaReader      send_command('disarm') ignored — port not open
2026-06-26 11:51:18,237  WARNING  PortentaReader      send_command('disarm') ignored — port not open
2026-06-26 11:51:18,298  WARNING  PortentaReader      send_command('disarm') ignored — port not open
2026-06-26 11:51:18,359  WARNING  PortentaReader      send_command('disarm') ignored — port not open
2026-06-26 11:51:18,421  WARNING  PortentaReader      send_command('disarm') ignored — port not open
2026-06-26 11:51:18,482  WARNING  PortentaReader      send_command('disarm') ignored — port not open
2026-06-26 11:51:18,543  WARNING  PortentaReader      send_command('disarm') ignored — port not open
2026-06-26 11:51:18,607  WARNING  PortentaReader      send_command('disarm') ignored — port not open
2026-06-26 11:51:18,669  WARNING  PortentaReader      send_command('disarm') ignored — port not open
2026-06-26 11:51:18,731  WARNING  PortentaReader      send_command('disarm') ignored — port not open
2026-06-26 11:51:18,792  WARNING  PortentaReader      send_command('disarm') ignored — port not open
2026-06-26 11:51:18,853  WARNING  PortentaReader      send_command('disarm') ignored — port not open
2026-06-26 11:51:18,915  WARNING  RecordingCore       HEALTH WARNING: LCR silent 179.4s — no new samples (auxiliary; other instruments still recording)
2026-06-26 11:51:18,915  WARNING  PortentaReader      send_command('disarm') ignored — port not open
2026-06-26 11:51:18,977  WARNING  PortentaReader      send_command('disarm') ignored — port not open
2026-06-26 11:51:19,038  WARNING  PortentaReader      send_command('disarm') ignored — port not open
2026-06-26 11:51:19,115  WARNING  PortentaReader      send_command('disarm') ignored — port not open
2026-06-26 11:51:19,176  WARNING  PortentaReader      send_command('disarm') ignored — port not open
2026-06-26 11:51:19,239  WARNING  PortentaReader      send_command('disarm') ignored — port not open
2026-06-26 11:51:19,301  WARNING  PortentaReader      send_command('disarm') ignored — port not open
2026-06-26 11:51:19,363  WARNING  PortentaReader      send_command('disarm') ignored — port not open
2026-06-26 11:51:19,425  WARNING  PortentaReader      send_command('disarm') ignored — port not open
2026-06-26 11:51:19,486  WARNING  PortentaReader      send_command('disarm') ignored — port not open
2026-06-26 11:51:19,548  WARNING  PortentaReader      send_command('disarm') ignored — port not open
2026-06-26 11:51:19,608  WARNING  PortentaReader      send_command('disarm') ignored — port not open
2026-06-26 11:51:19,670  WARNING  PortentaReader      send_command('disarm') ignored — port not open
2026-06-26 11:51:19,732  WARNING  PortentaReader      send_command('disarm') ignored — port not open
2026-06-26 11:51:19,794  WARNING  PortentaReader      send_command('disarm') ignored — port not open
2026-06-26 11:51:19,857  WARNING  PortentaReader      send_command('disarm') ignored — port not open
2026-06-26 11:51:19,919  WARNING  PortentaReader      send_command('disarm') ignored — port not open
2026-06-26 11:51:19,980  WARNING  PortentaReader      send_command('disarm') ignored — port not open
2026-06-26 11:51:20,042  WARNING  PortentaReader      send_command('disarm') ignored — port not open
2026-06-26 11:51:20,104  WARNING  PortentaReader      send_command('disarm') ignored — port not open
2026-06-26 11:51:20,166  WARNING  PortentaReader      send_command('disarm') ignored — port not open
2026-06-26 11:51:20,227  WARNING  PortentaReader      send_command('disarm') ignored — port not open
2026-06-26 11:51:20,290  WARNING  PortentaReader      send_command('disarm') ignored — port not open
2026-06-26 11:51:20,351  WARNING  PortentaReader      send_command('disarm') ignored — port not open
2026-06-26 11:51:20,414  WARNING  PortentaReader      send_command('disarm') ignored — port not open
2026-06-26 11:51:20,491  WARNING  PortentaReader      send_command('disarm') ignored — port not open
2026-06-26 11:51:20,554  WARNING  PortentaReader      send_command('disarm') ignored — port not open
2026-06-26 11:51:20,616  WARNING  PortentaReader      send_command('disarm') ignored — port not open
2026-06-26 11:51:20,692  WARNING  PortentaReader      send_command('disarm') ignored — port not open
2026-06-26 11:51:20,754  WARNING  PortentaReader      send_command('disarm') ignored — port not open
2026-06-26 11:51:20,816  WARNING  PortentaReader      send_command('disarm') ignored — port not open
2026-06-26 11:51:20,877  WARNING  PortentaReader      send_command('disarm') ignored — port not open
2026-06-26 11:51:20,939  WARNING  RecordingCore       HEALTH WARNING: LCR silent 181.4s — no new samples (auxiliary; other instruments still recording)
2026-06-26 11:51:20,940  WARNING  PortentaReader      send_command('disarm') ignored — port not open
2026-06-26 11:51:21,001  WARNING  PortentaReader      send_command('disarm') ignored — port not open
2026-06-26 11:51:21,062  WARNING  PortentaReader      send_command('disarm') ignored — port not open
2026-06-26 11:51:21,124  WARNING  PortentaReader      send_command('disarm') ignored — port not open
2026-06-26 11:51:21,185  WARNING  PortentaReader      send_command('disarm') ignored — port not open
2026-06-26 11:51:21,246  WARNING  PortentaReader      send_command('disarm') ignored — port not open
2026-06-26 11:51:21,307  WARNING  PortentaReader      send_command('disarm') ignored — port not open
2026-06-26 11:51:21,371  WARNING  PortentaReader      send_command('disarm') ignored — port not open
2026-06-26 11:51:21,433  WARNING  PortentaReader      send_command('disarm') ignored — port not open
2026-06-26 11:51:21,494  WARNING  PortentaReader      send_command('disarm') ignored — port not open
2026-06-26 11:51:21,556  WARNING  PortentaReader      send_command('disarm') ignored — port not open
2026-06-26 11:51:21,618  WARNING  PortentaReader      send_command('disarm') ignored — port not open
2026-06-26 11:51:21,680  WARNING  PortentaReader      send_command('disarm') ignored — port not open
2026-06-26 11:51:21,743  WARNING  PortentaReader      send_command('disarm') ignored — port not open
2026-06-26 11:51:21,805  WARNING  PortentaReader      send_command('disarm') ignored — port not open
2026-06-26 11:51:21,866  WARNING  PortentaReader      send_command('disarm') ignored — port not open
2026-06-26 11:51:21,944  WARNING  PortentaReader      send_command('disarm') ignored — port not open
2026-06-26 11:51:22,005  WARNING  PortentaReader      send_command('disarm') ignored — port not open
2026-06-26 11:51:22,068  WARNING  PortentaReader      send_command('disarm') ignored — port not open
2026-06-26 11:51:22,131  WARNING  PortentaReader      send_command('disarm') ignored — port not open
2026-06-26 11:51:22,193  WARNING  PortentaReader      send_command('disarm') ignored — port not open
2026-06-26 11:51:22,254  WARNING  PortentaReader      send_command('disarm') ignored — port not open
2026-06-26 11:51:22,316  WARNING  PortentaReader      send_command('disarm') ignored — port not open
2026-06-26 11:51:22,376  WARNING  PortentaReader      send_command('disarm') ignored — port not open
2026-06-26 11:51:22,439  WARNING  PortentaReader      send_command('disarm') ignored — port not open
2026-06-26 11:51:22,500  WARNING  PortentaReader      send_command('disarm') ignored — port not open
2026-06-26 11:51:22,561  WARNING  PortentaReader      send_command('disarm') ignored — port not open
2026-06-26 11:51:22,623  WARNING  PortentaReader      send_command('disarm') ignored — port not open
2026-06-26 11:51:22,684  WARNING  PortentaReader      send_command('disarm') ignored — port not open
2026-06-26 11:51:22,746  WARNING  PortentaReader      send_command('disarm') ignored — port not open
2026-06-26 11:51:22,808  WARNING  PortentaReader      send_command('disarm') ignored — port not open
2026-06-26 11:51:22,870  WARNING  PortentaReader      send_command('disarm') ignored — port not open
2026-06-26 11:51:22,932  WARNING  RecordingCore       HEALTH WARNING: LCR silent 183.4s — no new samples (auxiliary; other instruments still recording)
2026-06-26 11:51:22,932  WARNING  PortentaReader      send_command('disarm') ignored — port not open
2026-06-26 11:51:22,993  WARNING  PortentaReader      send_command('disarm') ignored — port not open
2026-06-26 11:51:23,055  WARNING  PortentaReader      send_command('disarm') ignored — port not open
2026-06-26 11:51:23,117  WARNING  PortentaReader      send_command('disarm') ignored — port not open
2026-06-26 11:51:23,194  WARNING  PortentaReader      send_command('disarm') ignored — port not open
2026-06-26 11:51:23,256  WARNING  PortentaReader      send_command('disarm') ignored — port not open
2026-06-26 11:51:23,318  WARNING  PortentaReader      send_command('disarm') ignored — port not open
2026-06-26 11:51:23,379  WARNING  PortentaReader      send_command('disarm') ignored — port not open
2026-06-26 11:51:23,441  WARNING  PortentaReader      send_command('disarm') ignored — port not open
2026-06-26 11:51:23,502  WARNING  PortentaReader      send_command('disarm') ignored — port not open
2026-06-26 11:51:23,564  WARNING  PortentaReader      send_command('disarm') ignored — port not open
2026-06-26 11:51:23,626  WARNING  PortentaReader      send_command('disarm') ignored — port not open
2026-06-26 11:51:23,687  WARNING  PortentaReader      send_command('disarm') ignored — port not open
2026-06-26 11:51:23,750  WARNING  PortentaReader      send_command('disarm') ignored — port not open
2026-06-26 11:51:23,811  WARNING  PortentaReader      send_command('disarm') ignored — port not open
2026-06-26 11:51:23,873  WARNING  PortentaReader      send_command('disarm') ignored — port not open
2026-06-26 11:51:23,935  WARNING  PortentaReader      send_command('disarm') ignored — port not open
2026-06-26 11:51:23,996  WARNING  PortentaReader      send_command('disarm') ignored — port not open
2026-06-26 11:51:24,058  WARNING  PortentaReader      send_command('disarm') ignored — port not open
2026-06-26 11:51:24,120  WARNING  PortentaReader      send_command('disarm') ignored — port not open
2026-06-26 11:51:24,182  WARNING  PortentaReader      send_command('disarm') ignored — port not open
2026-06-26 11:51:24,243  WARNING  PortentaReader      send_command('disarm') ignored — port not open
2026-06-26 11:51:24,305  WARNING  PortentaReader      send_command('disarm') ignored — port not open
2026-06-26 11:51:24,368  WARNING  PortentaReader      send_command('disarm') ignored — port not open
2026-06-26 11:51:24,430  WARNING  PortentaReader      send_command('disarm') ignored — port not open
2026-06-26 11:51:24,493  WARNING  PortentaReader      send_command('disarm') ignored — port not open
2026-06-26 11:51:24,554  WARNING  PortentaReader      send_command('disarm') ignored — port not open
2026-06-26 11:51:24,631  WARNING  PortentaReader      send_command('disarm') ignored — port not open
2026-06-26 11:51:24,692  WARNING  PortentaReader      send_command('disarm') ignored — port not open
2026-06-26 11:51:24,753  WARNING  PortentaReader      send_command('disarm') ignored — port not open
2026-06-26 11:51:24,815  WARNING  PortentaReader      send_command('disarm') ignored — port not open
2026-06-26 11:51:24,875  WARNING  PortentaReader      send_command('disarm') ignored — port not open
2026-06-26 11:51:24,938  WARNING  RecordingCore       HEALTH WARNING: LCR silent 185.4s — no new samples (auxiliary; other instruments still recording)
2026-06-26 11:51:24,938  WARNING  PortentaReader      send_command('disarm') ignored — port not open
2026-06-26 11:51:25,001  WARNING  PortentaReader      send_command('disarm') ignored — port not open
2026-06-26 11:51:25,063  WARNING  PortentaReader      send_command('disarm') ignored — port not open
2026-06-26 11:51:25,125  WARNING  PortentaReader      send_command('disarm') ignored — port not open
2026-06-26 11:51:25,187  WARNING  PortentaReader      send_command('disarm') ignored — port not open
2026-06-26 11:51:25,249  WARNING  PortentaReader      send_command('disarm') ignored — port not open
2026-06-26 11:51:25,311  WARNING  PortentaReader      send_command('disarm') ignored — port not open
2026-06-26 11:51:25,373  WARNING  PortentaReader      send_command('disarm') ignored — port not open
2026-06-26 11:51:25,433  WARNING  PortentaReader      send_command('disarm') ignored — port not open
2026-06-26 11:51:25,495  WARNING  PortentaReader      send_command('disarm') ignored — port not open
2026-06-26 11:51:25,557  WARNING  PortentaReader      send_command('disarm') ignored — port not open
2026-06-26 11:51:25,618  WARNING  PortentaReader      send_command('disarm') ignored — port not open
2026-06-26 11:51:25,679  WARNING  PortentaReader      send_command('disarm') ignored — port not open
2026-06-26 11:51:25,742  WARNING  PortentaReader      send_command('disarm') ignored — port not open
2026-06-26 11:51:25,818  WARNING  PortentaReader      send_command('disarm') ignored — port not open
2026-06-26 11:51:25,866  WARNING  PortentaReader      send_command('disarm') ignored — port not open
2026-06-26 11:51:25,942  WARNING  PortentaReader      send_command('disarm') ignored — port not open
2026-06-26 11:51:26,004  WARNING  PortentaReader      send_command('disarm') ignored — port not open
2026-06-26 11:51:26,066  WARNING  PortentaReader      send_command('disarm') ignored — port not open
2026-06-26 11:51:26,128  WARNING  PortentaReader      send_command('disarm') ignored — port not open
2026-06-26 11:51:26,189  WARNING  PortentaReader      send_command('disarm') ignored — port not open
2026-06-26 11:51:26,252  WARNING  PortentaReader      send_command('disarm') ignored — port not open
2026-06-26 11:51:26,314  WARNING  PortentaReader      send_command('disarm') ignored — port not open
2026-06-26 11:51:26,375  WARNING  PortentaReader      send_command('disarm') ignored — port not open
2026-06-26 11:51:26,439  WARNING  PortentaReader      send_command('disarm') ignored — port not open
2026-06-26 11:51:26,498  WARNING  PortentaReader      send_command('disarm') ignored — port not open
2026-06-26 11:51:26,559  WARNING  PortentaReader      send_command('disarm') ignored — port not open
2026-06-26 11:51:26,622  WARNING  PortentaReader      send_command('disarm') ignored — port not open
2026-06-26 11:51:26,683  WARNING  PortentaReader      send_command('disarm') ignored — port not open
2026-06-26 11:51:26,743  WARNING  PortentaReader      send_command('disarm') ignored — port not open
2026-06-26 11:51:26,804  WARNING  PortentaReader      send_command('disarm') ignored — port not open
2026-06-26 11:51:26,881  WARNING  PortentaReader      send_command('disarm') ignored — port not open
2026-06-26 11:51:26,930  WARNING  RecordingCore       HEALTH WARNING: LCR silent 187.4s — no new samples (auxiliary; other instruments still recording)
2026-06-26 11:51:26,932  WARNING  PortentaReader      send_command('disarm') ignored — port not open
2026-06-26 11:51:27,004  WARNING  PortentaReader      send_command('disarm') ignored — port not open
2026-06-26 11:51:27,066  WARNING  PortentaReader      send_command('disarm') ignored — port not open
2026-06-26 11:51:27,128  WARNING  PortentaReader      send_command('disarm') ignored — port not open
2026-06-26 11:51:27,189  WARNING  PortentaReader      send_command('disarm') ignored — port not open
2026-06-26 11:51:27,250  WARNING  PortentaReader      send_command('disarm') ignored — port not open
2026-06-26 11:51:27,312  WARNING  PortentaReader      send_command('disarm') ignored — port not open
2026-06-26 11:51:27,374  WARNING  PortentaReader      send_command('disarm') ignored — port not open
2026-06-26 11:51:27,435  WARNING  PortentaReader      send_command('disarm') ignored — port not open
2026-06-26 11:51:27,497  WARNING  PortentaReader      send_command('disarm') ignored — port not open
2026-06-26 11:51:27,558  WARNING  PortentaReader      send_command('disarm') ignored — port not open
2026-06-26 11:51:27,619  WARNING  PortentaReader      send_command('disarm') ignored — port not open
2026-06-26 11:51:27,682  WARNING  PortentaReader      send_command('disarm') ignored — port not open
2026-06-26 11:51:27,744  WARNING  PortentaReader      send_command('disarm') ignored — port not open
2026-06-26 11:51:27,806  WARNING  PortentaReader      send_command('disarm') ignored — port not open
2026-06-26 11:51:27,867  WARNING  PortentaReader      send_command('disarm') ignored — port not open
2026-06-26 11:51:27,929  WARNING  PortentaReader      send_command('disarm') ignored — port not open
2026-06-26 11:51:28,021  WARNING  PortentaReader      send_command('disarm') ignored — port not open
2026-06-26 11:51:28,082  WARNING  PortentaReader      send_command('disarm') ignored — port not open
2026-06-26 11:51:28,162  WARNING  PortentaReader      send_command('disarm') ignored — port not open
2026-06-26 11:51:28,196  WARNING  PortentaReader      send_command('disarm') ignored — port not open
2026-06-26 11:51:28,268  WARNING  PortentaReader      send_command('disarm') ignored — port not open
2026-06-26 11:51:28,331  WARNING  PortentaReader      send_command('disarm') ignored — port not open
2026-06-26 11:51:28,393  WARNING  PortentaReader      send_command('disarm') ignored — port not open
2026-06-26 11:51:28,456  WARNING  PortentaReader      send_command('disarm') ignored — port not open
2026-06-26 11:51:28,517  WARNING  PortentaReader      send_command('disarm') ignored — port not open
2026-06-26 11:51:28,586  WARNING  PortentaReader      send_command('disarm') ignored — port not open
2026-06-26 11:51:28,642  WARNING  PortentaReader      send_command('disarm') ignored — port not open
2026-06-26 11:51:28,705  WARNING  PortentaReader      send_command('disarm') ignored — port not open
2026-06-26 11:51:28,766  WARNING  PortentaReader      send_command('disarm') ignored — port not open
2026-06-26 11:51:28,828  WARNING  PortentaReader      send_command('disarm') ignored — port not open
2026-06-26 11:51:28,890  WARNING  PortentaReader      send_command('disarm') ignored — port not open
2026-06-26 11:51:28,952  WARNING  RecordingCore       HEALTH WARNING: LCR silent 189.4s — no new samples (auxiliary; other instruments still recording)
2026-06-26 11:51:28,952  WARNING  PortentaReader      send_command('disarm') ignored — port not open
2026-06-26 11:51:29,014  WARNING  PortentaReader      send_command('disarm') ignored — port not open
2026-06-26 11:51:29,076  WARNING  PortentaReader      send_command('disarm') ignored — port not open
2026-06-26 11:51:29,137  WARNING  PortentaReader      send_command('disarm') ignored — port not open
2026-06-26 11:51:29,200  WARNING  PortentaReader      send_command('disarm') ignored — port not open
2026-06-26 11:51:29,262  WARNING  PortentaReader      send_command('disarm') ignored — port not open
2026-06-26 11:51:29,323  WARNING  PortentaReader      send_command('disarm') ignored — port not open
2026-06-26 11:51:29,385  WARNING  PortentaReader      send_command('disarm') ignored — port not open
2026-06-26 11:51:29,447  WARNING  PortentaReader      send_command('disarm') ignored — port not open
2026-06-26 11:51:29,507  WARNING  PortentaReader      send_command('disarm') ignored — port not open
2026-06-26 11:51:29,585  WARNING  PortentaReader      send_command('disarm') ignored — port not open
2026-06-26 11:51:29,647  WARNING  PortentaReader      send_command('disarm') ignored — port not open
2026-06-26 11:51:29,708  WARNING  PortentaReader      send_command('disarm') ignored — port not open
2026-06-26 11:51:29,769  WARNING  PortentaReader      send_command('disarm') ignored — port not open
2026-06-26 11:51:29,831  WARNING  PortentaReader      send_command('disarm') ignored — port not open
2026-06-26 11:51:29,893  WARNING  PortentaReader      send_command('disarm') ignored — port not open
2026-06-26 11:51:29,955  WARNING  PortentaReader      send_command('disarm') ignored — port not open
2026-06-26 11:51:30,018  WARNING  PortentaReader      send_command('disarm') ignored — port not open
2026-06-26 11:51:30,079  WARNING  PortentaReader      send_command('disarm') ignored — port not open
2026-06-26 11:51:30,141  WARNING  PortentaReader      send_command('disarm') ignored — port not open
2026-06-26 11:51:30,202  WARNING  PortentaReader      send_command('disarm') ignored — port not open
2026-06-26 11:51:30,263  WARNING  PortentaReader      send_command('disarm') ignored — port not open
2026-06-26 11:51:30,325  WARNING  PortentaReader      send_command('disarm') ignored — port not open
2026-06-26 11:51:30,387  WARNING  PortentaReader      send_command('disarm') ignored — port not open
2026-06-26 11:51:30,449  WARNING  PortentaReader      send_command('disarm') ignored — port not open
2026-06-26 11:51:30,510  WARNING  PortentaReader      send_command('disarm') ignored — port not open
2026-06-26 11:51:30,572  WARNING  PortentaReader      send_command('disarm') ignored — port not open
2026-06-26 11:51:30,634  WARNING  PortentaReader      send_command('disarm') ignored — port not open
2026-06-26 11:51:30,695  WARNING  PortentaReader      send_command('disarm') ignored — port not open
2026-06-26 11:51:30,757  WARNING  PortentaReader      send_command('disarm') ignored — port not open
2026-06-26 11:51:30,820  WARNING  PortentaReader      send_command('disarm') ignored — port not open
2026-06-26 11:51:30,893  WARNING  PortentaReader      send_command('disarm') ignored — port not open
2026-06-26 11:51:30,958  WARNING  RecordingCore       HEALTH WARNING: LCR silent 191.4s — no new samples (auxiliary; other instruments still recording)
2026-06-26 11:51:30,959  WARNING  PortentaReader      send_command('disarm') ignored — port not open
2026-06-26 11:51:31,019  WARNING  PortentaReader      send_command('disarm') ignored — port not open
2026-06-26 11:51:31,081  WARNING  PortentaReader      send_command('disarm') ignored — port not open
2026-06-26 11:51:31,143  WARNING  PortentaReader      send_command('disarm') ignored — port not open
2026-06-26 11:51:31,204  WARNING  PortentaReader      send_command('disarm') ignored — port not open
2026-06-26 11:51:31,266  WARNING  PortentaReader      send_command('disarm') ignored — port not open
2026-06-26 11:51:31,328  WARNING  PortentaReader      send_command('disarm') ignored — port not open
2026-06-26 11:51:31,391  WARNING  PortentaReader      send_command('disarm') ignored — port not open
2026-06-26 11:51:31,453  WARNING  PortentaReader      send_command('disarm') ignored — port not open
2026-06-26 11:51:31,514  WARNING  PortentaReader      send_command('disarm') ignored — port not open
2026-06-26 11:51:31,576  WARNING  PortentaReader      send_command('disarm') ignored — port not open
2026-06-26 11:51:31,638  WARNING  PortentaReader      send_command('disarm') ignored — port not open
2026-06-26 11:51:31,699  WARNING  PortentaReader      send_command('disarm') ignored — port not open
2026-06-26 11:51:31,762  WARNING  PortentaReader      send_command('disarm') ignored — port not open
2026-06-26 11:51:31,825  WARNING  PortentaReader      send_command('disarm') ignored — port not open
2026-06-26 11:51:31,887  WARNING  PortentaReader      send_command('disarm') ignored — port not open
2026-06-26 11:51:31,950  WARNING  PortentaReader      send_command('disarm') ignored — port not open
2026-06-26 11:51:32,011  WARNING  PortentaReader      send_command('disarm') ignored — port not open
2026-06-26 11:51:32,073  WARNING  PortentaReader      send_command('disarm') ignored — port not open
2026-06-26 11:51:32,136  WARNING  PortentaReader      send_command('disarm') ignored — port not open
2026-06-26 11:51:32,197  WARNING  PortentaReader      send_command('disarm') ignored — port not open
2026-06-26 11:51:32,260  WARNING  PortentaReader      send_command('disarm') ignored — port not open
2026-06-26 11:51:32,321  WARNING  PortentaReader      send_command('disarm') ignored — port not open
2026-06-26 11:51:32,383  WARNING  PortentaReader      send_command('disarm') ignored — port not open
2026-06-26 11:51:32,445  WARNING  PortentaReader      send_command('disarm') ignored — port not open
2026-06-26 11:51:32,507  WARNING  PortentaReader      send_command('disarm') ignored — port not open
2026-06-26 11:51:32,570  WARNING  PortentaReader      send_command('disarm') ignored — port not open
2026-06-26 11:51:32,632  WARNING  PortentaReader      send_command('disarm') ignored — port not open
2026-06-26 11:51:32,709  WARNING  PortentaReader      send_command('disarm') ignored — port not open
2026-06-26 11:51:32,772  WARNING  PortentaReader      send_command('disarm') ignored — port not open
2026-06-26 11:51:32,833  WARNING  PortentaReader      send_command('disarm') ignored — port not open
2026-06-26 11:51:32,895  WARNING  PortentaReader      send_command('disarm') ignored — port not open
2026-06-26 11:51:32,957  WARNING  RecordingCore       HEALTH WARNING: LCR silent 193.4s — no new samples (auxiliary; other instruments still recording)
2026-06-26 11:51:32,958  WARNING  PortentaReader      send_command('disarm') ignored — port not open
2026-06-26 11:51:33,019  WARNING  PortentaReader      send_command('disarm') ignored — port not open
2026-06-26 11:51:33,081  WARNING  PortentaReader      send_command('disarm') ignored — port not open
2026-06-26 11:51:33,143  WARNING  PortentaReader      send_command('disarm') ignored — port not open
2026-06-26 11:51:33,205  WARNING  PortentaReader      send_command('disarm') ignored — port not open
2026-06-26 11:51:33,267  WARNING  PortentaReader      send_command('disarm') ignored — port not open
2026-06-26 11:51:33,328  WARNING  PortentaReader      send_command('disarm') ignored — port not open
2026-06-26 11:51:33,390  WARNING  PortentaReader      send_command('disarm') ignored — port not open
2026-06-26 11:51:33,452  WARNING  PortentaReader      send_command('disarm') ignored — port not open
2026-06-26 11:51:33,514  WARNING  PortentaReader      send_command('disarm') ignored — port not open
2026-06-26 11:51:33,576  WARNING  PortentaReader      send_command('disarm') ignored — port not open
2026-06-26 11:51:33,637  WARNING  PortentaReader      send_command('disarm') ignored — port not open
2026-06-26 11:51:33,698  WARNING  PortentaReader      send_command('disarm') ignored — port not open
2026-06-26 11:51:33,760  WARNING  PortentaReader      send_command('disarm') ignored — port not open
2026-06-26 11:51:33,821  WARNING  PortentaReader      send_command('disarm') ignored — port not open
2026-06-26 11:51:33,885  WARNING  PortentaReader      send_command('disarm') ignored — port not open
2026-06-26 11:51:33,947  WARNING  PortentaReader      send_command('disarm') ignored — port not open
2026-06-26 11:51:34,010  WARNING  PortentaReader      send_command('disarm') ignored — port not open
2026-06-26 11:51:34,070  WARNING  PortentaReader      send_command('disarm') ignored — port not open
2026-06-26 11:51:34,132  WARNING  PortentaReader      send_command('disarm') ignored — port not open
2026-06-26 11:51:34,210  WARNING  PortentaReader      send_command('disarm') ignored — port not open
2026-06-26 11:51:34,287  WARNING  PortentaReader      send_command('disarm') ignored — port not open
2026-06-26 11:51:34,348  WARNING  PortentaReader      send_command('disarm') ignored — port not open
2026-06-26 11:51:34,410  WARNING  PortentaReader      send_command('disarm') ignored — port not open
2026-06-26 11:51:34,472  WARNING  PortentaReader      send_command('disarm') ignored — port not open
2026-06-26 11:51:34,533  WARNING  PortentaReader      send_command('disarm') ignored — port not open
2026-06-26 11:51:34,595  WARNING  PortentaReader      send_command('disarm') ignored — port not open
2026-06-26 11:51:34,657  WARNING  PortentaReader      send_command('disarm') ignored — port not open
2026-06-26 11:51:34,719  WARNING  PortentaReader      send_command('disarm') ignored — port not open
2026-06-26 11:51:34,782  WARNING  PortentaReader      send_command('disarm') ignored — port not open
2026-06-26 11:51:34,845  WARNING  PortentaReader      send_command('disarm') ignored — port not open
2026-06-26 11:51:34,903  WARNING  PortentaReader      send_command('disarm') ignored — port not open
2026-06-26 11:51:34,968  WARNING  RecordingCore       HEALTH WARNING: LCR silent 195.5s — no new samples (auxiliary; other instruments still recording)
2026-06-26 11:51:34,968  WARNING  PortentaReader      send_command('disarm') ignored — port not open
2026-06-26 11:51:35,030  WARNING  PortentaReader      send_command('disarm') ignored — port not open
2026-06-26 11:51:35,091  WARNING  PortentaReader      send_command('disarm') ignored — port not open
2026-06-26 11:51:35,152  WARNING  PortentaReader      send_command('disarm') ignored — port not open
2026-06-26 11:51:35,214  WARNING  PortentaReader      send_command('disarm') ignored — port not open
2026-06-26 11:51:35,275  WARNING  PortentaReader      send_command('disarm') ignored — port not open
2026-06-26 11:51:35,337  WARNING  PortentaReader      send_command('disarm') ignored — port not open
2026-06-26 11:51:35,399  WARNING  PortentaReader      send_command('disarm') ignored — port not open
2026-06-26 11:51:35,460  WARNING  PortentaReader      send_command('disarm') ignored — port not open
2026-06-26 11:51:35,523  WARNING  PortentaReader      send_command('disarm') ignored — port not open
2026-06-26 11:51:35,585  WARNING  PortentaReader      send_command('disarm') ignored — port not open
2026-06-26 11:51:35,648  WARNING  PortentaReader      send_command('disarm') ignored — port not open
2026-06-26 11:51:35,710  WARNING  PortentaReader      send_command('disarm') ignored — port not open
2026-06-26 11:51:35,788  WARNING  PortentaReader      send_command('disarm') ignored — port not open
2026-06-26 11:51:35,849  WARNING  PortentaReader      send_command('disarm') ignored — port not open
2026-06-26 11:51:35,911  WARNING  PortentaReader      send_command('disarm') ignored — port not open
2026-06-26 11:51:35,972  WARNING  PortentaReader      send_command('disarm') ignored — port not open
2026-06-26 11:51:36,034  WARNING  PortentaReader      send_command('disarm') ignored — port not open
2026-06-26 11:51:36,096  WARNING  PortentaReader      send_command('disarm') ignored — port not open
2026-06-26 11:51:36,158  WARNING  PortentaReader      send_command('disarm') ignored — port not open
2026-06-26 11:51:36,220  WARNING  PortentaReader      send_command('disarm') ignored — port not open
2026-06-26 11:51:36,282  WARNING  PortentaReader      send_command('disarm') ignored — port not open
2026-06-26 11:51:36,344  WARNING  PortentaReader      send_command('disarm') ignored — port not open
2026-06-26 11:51:36,405  WARNING  PortentaReader      send_command('disarm') ignored — port not open
2026-06-26 11:51:36,468  WARNING  PortentaReader      send_command('disarm') ignored — port not open
2026-06-26 11:51:36,529  WARNING  PortentaReader      send_command('disarm') ignored — port not open
2026-06-26 11:51:36,591  WARNING  PortentaReader      send_command('disarm') ignored — port not open
2026-06-26 11:51:36,654  WARNING  PortentaReader      send_command('disarm') ignored — port not open
2026-06-26 11:51:36,716  WARNING  PortentaReader      send_command('disarm') ignored — port not open
2026-06-26 11:51:36,778  WARNING  PortentaReader      send_command('disarm') ignored — port not open
2026-06-26 11:51:36,839  WARNING  PortentaReader      send_command('disarm') ignored — port not open
2026-06-26 11:51:36,898  WARNING  PortentaReader      send_command('disarm') ignored — port not open
2026-06-26 11:51:36,964  WARNING  RecordingCore       HEALTH WARNING: LCR silent 197.5s — no new samples (auxiliary; other instruments still recording)
2026-06-26 11:51:36,965  WARNING  PortentaReader      send_command('disarm') ignored — port not open
2026-06-26 11:51:37,026  WARNING  PortentaReader      send_command('disarm') ignored — port not open
2026-06-26 11:51:37,088  WARNING  PortentaReader      send_command('disarm') ignored — port not open
2026-06-26 11:51:37,149  WARNING  PortentaReader      send_command('disarm') ignored — port not open
2026-06-26 11:51:37,211  WARNING  PortentaReader      send_command('disarm') ignored — port not open
2026-06-26 11:51:37,273  WARNING  PortentaReader      send_command('disarm') ignored — port not open
2026-06-26 11:51:37,335  WARNING  PortentaReader      send_command('disarm') ignored — port not open
2026-06-26 11:51:37,399  WARNING  PortentaReader      send_command('disarm') ignored — port not open
2026-06-26 11:51:37,461  WARNING  PortentaReader      send_command('disarm') ignored — port not open
2026-06-26 11:51:37,524  WARNING  PortentaReader      send_command('disarm') ignored — port not open
2026-06-26 11:51:37,600  WARNING  PortentaReader      send_command('disarm') ignored — port not open
2026-06-26 11:51:37,647  WARNING  PortentaReader      send_command('disarm') ignored — port not open
2026-06-26 11:51:37,710  WARNING  PortentaReader      send_command('disarm') ignored — port not open
2026-06-26 11:51:37,772  WARNING  PortentaReader      send_command('disarm') ignored — port not open
2026-06-26 11:51:37,835  WARNING  PortentaReader      send_command('disarm') ignored — port not open
2026-06-26 11:51:37,911  WARNING  PortentaReader      send_command('disarm') ignored — port not open
2026-06-26 11:51:37,972  WARNING  PortentaReader      send_command('disarm') ignored — port not open
2026-06-26 11:51:38,033  WARNING  PortentaReader      send_command('disarm') ignored — port not open
2026-06-26 11:51:38,095  WARNING  PortentaReader      send_command('disarm') ignored — port not open
2026-06-26 11:51:38,157  WARNING  PortentaReader      send_command('disarm') ignored — port not open
2026-06-26 11:51:38,219  WARNING  PortentaReader      send_command('disarm') ignored — port not open
2026-06-26 11:51:38,281  WARNING  PortentaReader      send_command('disarm') ignored — port not open
2026-06-26 11:51:38,345  WARNING  PortentaReader      send_command('disarm') ignored — port not open
2026-06-26 11:51:38,407  WARNING  PortentaReader      send_command('disarm') ignored — port not open
2026-06-26 11:51:38,470  WARNING  PortentaReader      send_command('disarm') ignored — port not open
2026-06-26 11:51:38,532  WARNING  PortentaReader      send_command('disarm') ignored — port not open
2026-06-26 11:51:38,594  WARNING  PortentaReader      send_command('disarm') ignored — port not open
2026-06-26 11:51:38,655  WARNING  PortentaReader      send_command('disarm') ignored — port not open
2026-06-26 11:51:38,718  WARNING  PortentaReader      send_command('disarm') ignored — port not open
2026-06-26 11:51:38,780  WARNING  PortentaReader      send_command('disarm') ignored — port not open
2026-06-26 11:51:38,842  WARNING  PortentaReader      send_command('disarm') ignored — port not open
2026-06-26 11:51:38,898  WARNING  PortentaReader      send_command('disarm') ignored — port not open
2026-06-26 11:51:38,966  WARNING  RecordingCore       HEALTH WARNING: LCR silent 199.5s — no new samples (auxiliary; other instruments still recording)
2026-06-26 11:51:38,967  WARNING  PortentaReader      send_command('disarm') ignored — port not open
2026-06-26 11:51:39,029  WARNING  PortentaReader      send_command('disarm') ignored — port not open
2026-06-26 11:51:39,090  WARNING  PortentaReader      send_command('disarm') ignored — port not open
2026-06-26 11:51:39,153  WARNING  PortentaReader      send_command('disarm') ignored — port not open
2026-06-26 11:51:39,215  WARNING  PortentaReader      send_command('disarm') ignored — port not open
2026-06-26 11:51:39,277  WARNING  PortentaReader      send_command('disarm') ignored — port not open
2026-06-26 11:51:39,338  WARNING  PortentaReader      send_command('disarm') ignored — port not open
2026-06-26 11:51:39,400  WARNING  PortentaReader      send_command('disarm') ignored — port not open
2026-06-26 11:51:39,462  WARNING  PortentaReader      send_command('disarm') ignored — port not open
2026-06-26 11:51:39,524  WARNING  PortentaReader      send_command('disarm') ignored — port not open
2026-06-26 11:51:39,585  WARNING  PortentaReader      send_command('disarm') ignored — port not open
2026-06-26 11:51:39,662  WARNING  PortentaReader      send_command('disarm') ignored — port not open
2026-06-26 11:51:39,725  WARNING  PortentaReader      send_command('disarm') ignored — port not open
2026-06-26 11:51:39,787  WARNING  PortentaReader      send_command('disarm') ignored — port not open
2026-06-26 11:51:39,849  WARNING  PortentaReader      send_command('disarm') ignored — port not open
2026-06-26 11:51:39,910  WARNING  PortentaReader      send_command('disarm') ignored — port not open
2026-06-26 11:51:39,973  WARNING  PortentaReader      send_command('disarm') ignored — port not open
2026-06-26 11:51:40,034  WARNING  PortentaReader      send_command('disarm') ignored — port not open
2026-06-26 11:51:40,096  WARNING  PortentaReader      send_command('disarm') ignored — port not open
2026-06-26 11:51:40,158  WARNING  PortentaReader      send_command('disarm') ignored — port not open
2026-06-26 11:51:40,221  WARNING  PortentaReader      send_command('disarm') ignored — port not open
2026-06-26 11:51:40,283  WARNING  PortentaReader      send_command('disarm') ignored — port not open
2026-06-26 11:51:40,345  WARNING  PortentaReader      send_command('disarm') ignored — port not open
2026-06-26 11:51:40,406  WARNING  PortentaReader      send_command('disarm') ignored — port not open
2026-06-26 11:51:40,467  WARNING  PortentaReader      send_command('disarm') ignored — port not open
2026-06-26 11:51:40,531  WARNING  PortentaReader      send_command('disarm') ignored — port not open
2026-06-26 11:51:40,593  WARNING  PortentaReader      send_command('disarm') ignored — port not open
2026-06-26 11:51:40,663  WARNING  PortentaReader      send_command('disarm') ignored — port not open
2026-06-26 11:51:40,717  WARNING  PortentaReader      send_command('disarm') ignored — port not open
2026-06-26 11:51:40,779  WARNING  PortentaReader      send_command('disarm') ignored — port not open
2026-06-26 11:51:40,839  WARNING  PortentaReader      send_command('disarm') ignored — port not open
2026-06-26 11:51:40,901  WARNING  PortentaReader      send_command('disarm') ignored — port not open
2026-06-26 11:51:40,963  WARNING  RecordingCore       HEALTH WARNING: LCR silent 201.5s — no new samples (auxiliary; other instruments still recording)
2026-06-26 11:51:40,963  WARNING  PortentaReader      send_command('disarm') ignored — port not open
2026-06-26 11:51:41,025  WARNING  PortentaReader      send_command('disarm') ignored — port not open
2026-06-26 11:51:41,087  WARNING  PortentaReader      send_command('disarm') ignored — port not open
2026-06-26 11:51:41,149  WARNING  PortentaReader      send_command('disarm') ignored — port not open
2026-06-26 11:51:41,225  WARNING  PortentaReader      send_command('disarm') ignored — port not open
2026-06-26 11:51:41,286  WARNING  PortentaReader      send_command('disarm') ignored — port not open
2026-06-26 11:51:41,350  WARNING  PortentaReader      send_command('disarm') ignored — port not open
2026-06-26 11:51:41,411  WARNING  PortentaReader      send_command('disarm') ignored — port not open
2026-06-26 11:51:41,472  WARNING  PortentaReader      send_command('disarm') ignored — port not open
2026-06-26 11:51:41,534  WARNING  PortentaReader      send_command('disarm') ignored — port not open
2026-06-26 11:51:41,597  WARNING  PortentaReader      send_command('disarm') ignored — port not open
2026-06-26 11:51:41,658  WARNING  PortentaReader      send_command('disarm') ignored — port not open
2026-06-26 11:51:41,720  WARNING  PortentaReader      send_command('disarm') ignored — port not open
2026-06-26 11:51:41,782  WARNING  PortentaReader      send_command('disarm') ignored — port not open
2026-06-26 11:51:41,843  WARNING  PortentaReader      send_command('disarm') ignored — port not open
2026-06-26 11:51:41,905  WARNING  PortentaReader      send_command('disarm') ignored — port not open
2026-06-26 11:51:41,966  WARNING  PortentaReader      send_command('disarm') ignored — port not open
2026-06-26 11:51:42,029  WARNING  PortentaReader      send_command('disarm') ignored — port not open
2026-06-26 11:51:42,091  WARNING  PortentaReader      send_command('disarm') ignored — port not open
2026-06-26 11:51:42,163  WARNING  PortentaReader      send_command('disarm') ignored — port not open
2026-06-26 11:51:42,216  WARNING  PortentaReader      send_command('disarm') ignored — port not open
2026-06-26 11:51:42,280  WARNING  PortentaReader      send_command('disarm') ignored — port not open
2026-06-26 11:51:42,342  WARNING  PortentaReader      send_command('disarm') ignored — port not open
2026-06-26 11:51:42,413  WARNING  PortentaReader      send_command('disarm') ignored — port not open
2026-06-26 11:51:42,465  WARNING  PortentaReader      send_command('disarm') ignored — port not open
2026-06-26 11:51:42,535  WARNING  PortentaReader      send_command('disarm') ignored — port not open
2026-06-26 11:51:42,589  WARNING  PortentaReader      send_command('disarm') ignored — port not open
2026-06-26 11:51:42,651  WARNING  PortentaReader      send_command('disarm') ignored — port not open
2026-06-26 11:51:42,741  WARNING  PortentaReader      send_command('disarm') ignored — port not open
2026-06-26 11:51:42,774  WARNING  PortentaReader      send_command('disarm') ignored — port not open
2026-06-26 11:51:42,835  WARNING  PortentaReader      send_command('disarm') ignored — port not open
2026-06-26 11:51:42,898  WARNING  PortentaReader      send_command('disarm') ignored — port not open
2026-06-26 11:51:42,961  WARNING  RecordingCore       HEALTH WARNING: LCR silent 203.5s — no new samples (auxiliary; other instruments still recording)
2026-06-26 11:51:42,961  WARNING  PortentaReader      send_command('disarm') ignored — port not open
2026-06-26 11:51:43,037  WARNING  PortentaReader      send_command('disarm') ignored — port not open
2026-06-26 11:51:43,099  WARNING  PortentaReader      send_command('disarm') ignored — port not open
2026-06-26 11:51:43,160  WARNING  PortentaReader      send_command('disarm') ignored — port not open
2026-06-26 11:51:43,222  WARNING  PortentaReader      send_command('disarm') ignored — port not open
2026-06-26 11:51:43,275  WARNING  PortentaReader      send_command('disarm') ignored — port not open
2026-06-26 11:51:43,344  WARNING  PortentaReader      send_command('disarm') ignored — port not open
2026-06-26 11:51:43,407  WARNING  PortentaReader      send_command('disarm') ignored — port not open
2026-06-26 11:51:43,469  WARNING  PortentaReader      send_command('disarm') ignored — port not open
2026-06-26 11:51:43,531  WARNING  PortentaReader      send_command('disarm') ignored — port not open
2026-06-26 11:51:43,592  WARNING  PortentaReader      send_command('disarm') ignored — port not open
2026-06-26 11:51:43,654  WARNING  PortentaReader      send_command('disarm') ignored — port not open
2026-06-26 11:51:43,716  WARNING  PortentaReader      send_command('disarm') ignored — port not open
2026-06-26 11:51:43,778  WARNING  PortentaReader      send_command('disarm') ignored — port not open
2026-06-26 11:51:43,839  WARNING  PortentaReader      send_command('disarm') ignored — port not open
2026-06-26 11:51:43,901  WARNING  PortentaReader      send_command('disarm') ignored — port not open
2026-06-26 11:51:43,962  WARNING  PortentaReader      send_command('disarm') ignored — port not open
2026-06-26 11:51:44,024  WARNING  PortentaReader      send_command('disarm') ignored — port not open
2026-06-26 11:51:44,086  WARNING  PortentaReader      send_command('disarm') ignored — port not open
2026-06-26 11:51:44,163  WARNING  PortentaReader      send_command('disarm') ignored — port not open
2026-06-26 11:51:44,225  WARNING  PortentaReader      send_command('disarm') ignored — port not open
2026-06-26 11:51:44,286  WARNING  PortentaReader      send_command('disarm') ignored — port not open
2026-06-26 11:51:44,349  WARNING  PortentaReader      send_command('disarm') ignored — port not open
2026-06-26 11:51:44,411  WARNING  PortentaReader      send_command('disarm') ignored — port not open
2026-06-26 11:51:44,473  WARNING  PortentaReader      send_command('disarm') ignored — port not open
2026-06-26 11:51:44,534  WARNING  PortentaReader      send_command('disarm') ignored — port not open
2026-06-26 11:51:44,597  WARNING  PortentaReader      send_command('disarm') ignored — port not open
2026-06-26 11:51:44,658  WARNING  PortentaReader      send_command('disarm') ignored — port not open
2026-06-26 11:51:44,719  WARNING  PortentaReader      send_command('disarm') ignored — port not open
2026-06-26 11:51:44,782  WARNING  PortentaReader      send_command('disarm') ignored — port not open
2026-06-26 11:51:44,843  WARNING  PortentaReader      send_command('disarm') ignored — port not open
2026-06-26 11:51:44,906  WARNING  PortentaReader      send_command('disarm') ignored — port not open
2026-06-26 11:51:44,967  WARNING  RecordingCore       HEALTH WARNING: LCR silent 205.5s — no new samples (auxiliary; other instruments still recording)
2026-06-26 11:51:44,968  WARNING  PortentaReader      send_command('disarm') ignored — port not open
2026-06-26 11:51:45,028  WARNING  PortentaReader      send_command('disarm') ignored — port not open
2026-06-26 11:51:45,089  WARNING  PortentaReader      send_command('disarm') ignored — port not open
2026-06-26 11:51:45,153  WARNING  PortentaReader      send_command('disarm') ignored — port not open
2026-06-26 11:51:45,215  WARNING  PortentaReader      send_command('disarm') ignored — port not open
2026-06-26 11:51:45,277  WARNING  PortentaReader      send_command('disarm') ignored — port not open
2026-06-26 11:51:45,338  WARNING  PortentaReader      send_command('disarm') ignored — port not open
2026-06-26 11:51:45,399  WARNING  PortentaReader      send_command('disarm') ignored — port not open
2026-06-26 11:51:45,461  WARNING  PortentaReader      send_command('disarm') ignored — port not open
2026-06-26 11:51:45,537  WARNING  PortentaReader      send_command('disarm') ignored — port not open
2026-06-26 11:51:45,598  WARNING  PortentaReader      send_command('disarm') ignored — port not open
2026-06-26 11:51:45,661  WARNING  PortentaReader      send_command('disarm') ignored — port not open
2026-06-26 11:51:45,722  WARNING  PortentaReader      send_command('disarm') ignored — port not open
2026-06-26 11:51:45,783  WARNING  PortentaReader      send_command('disarm') ignored — port not open
2026-06-26 11:51:45,845  WARNING  PortentaReader      send_command('disarm') ignored — port not open
2026-06-26 11:51:45,902  WARNING  PortentaReader      send_command('disarm') ignored — port not open
2026-06-26 11:51:45,968  WARNING  PortentaReader      send_command('disarm') ignored — port not open
2026-06-26 11:51:46,029  WARNING  PortentaReader      send_command('disarm') ignored — port not open
2026-06-26 11:51:46,091  WARNING  PortentaReader      send_command('disarm') ignored — port not open
2026-06-26 11:51:46,152  WARNING  PortentaReader      send_command('disarm') ignored — port not open
2026-06-26 11:51:46,214  WARNING  PortentaReader      send_command('disarm') ignored — port not open
2026-06-26 11:51:46,275  WARNING  PortentaReader      send_command('disarm') ignored — port not open
2026-06-26 11:51:46,337  WARNING  PortentaReader      send_command('disarm') ignored — port not open
2026-06-26 11:51:46,399  WARNING  PortentaReader      send_command('disarm') ignored — port not open
2026-06-26 11:51:46,462  WARNING  PortentaReader      send_command('disarm') ignored — port not open
2026-06-26 11:51:46,524  WARNING  PortentaReader      send_command('disarm') ignored — port not open
2026-06-26 11:51:46,588  WARNING  PortentaReader      send_command('disarm') ignored — port not open
2026-06-26 11:51:46,649  WARNING  PortentaReader      send_command('disarm') ignored — port not open
2026-06-26 11:51:46,711  WARNING  PortentaReader      send_command('disarm') ignored — port not open
2026-06-26 11:51:46,774  WARNING  PortentaReader      send_command('disarm') ignored — port not open
2026-06-26 11:51:46,835  WARNING  PortentaReader      send_command('disarm') ignored — port not open
2026-06-26 11:51:46,898  WARNING  PortentaReader      send_command('disarm') ignored — port not open
2026-06-26 11:51:46,975  WARNING  RecordingCore       HEALTH WARNING: LCR silent 207.5s — no new samples (auxiliary; other instruments still recording)
2026-06-26 11:51:46,975  WARNING  PortentaReader      send_command('disarm') ignored — port not open
2026-06-26 11:51:47,037  WARNING  PortentaReader      send_command('disarm') ignored — port not open
2026-06-26 11:51:47,099  WARNING  PortentaReader      send_command('disarm') ignored — port not open
2026-06-26 11:51:47,161  WARNING  PortentaReader      send_command('disarm') ignored — port not open
2026-06-26 11:51:47,222  WARNING  PortentaReader      send_command('disarm') ignored — port not open
2026-06-26 11:51:47,283  WARNING  PortentaReader      send_command('disarm') ignored — port not open
2026-06-26 11:51:47,346  WARNING  PortentaReader      send_command('disarm') ignored — port not open
2026-06-26 11:51:47,407  WARNING  PortentaReader      send_command('disarm') ignored — port not open
2026-06-26 11:51:47,470  WARNING  PortentaReader      send_command('disarm') ignored — port not open
2026-06-26 11:51:47,531  WARNING  PortentaReader      send_command('disarm') ignored — port not open
2026-06-26 11:51:47,593  WARNING  PortentaReader      send_command('disarm') ignored — port not open
2026-06-26 11:51:47,656  WARNING  PortentaReader      send_command('disarm') ignored — port not open
2026-06-26 11:51:47,716  WARNING  PortentaReader      send_command('disarm') ignored — port not open
2026-06-26 11:51:47,777  WARNING  PortentaReader      send_command('disarm') ignored — port not open
2026-06-26 11:51:47,839  WARNING  PortentaReader      send_command('disarm') ignored — port not open
2026-06-26 11:51:47,900  WARNING  PortentaReader      send_command('disarm') ignored — port not open
2026-06-26 11:51:47,962  WARNING  PortentaReader      send_command('disarm') ignored — port not open
2026-06-26 11:51:48,024  WARNING  PortentaReader      send_command('disarm') ignored — port not open
2026-06-26 11:51:48,086  WARNING  PortentaReader      send_command('disarm') ignored — port not open
2026-06-26 11:51:48,147  WARNING  PortentaReader      send_command('disarm') ignored — port not open
2026-06-26 11:51:48,225  WARNING  PortentaReader      send_command('disarm') ignored — port not open
2026-06-26 11:51:48,287  WARNING  PortentaReader      send_command('disarm') ignored — port not open
2026-06-26 11:51:48,348  WARNING  PortentaReader      send_command('disarm') ignored — port not open
2026-06-26 11:51:48,410  WARNING  PortentaReader      send_command('disarm') ignored — port not open
2026-06-26 11:51:48,471  WARNING  PortentaReader      send_command('disarm') ignored — port not open
2026-06-26 11:51:48,534  WARNING  PortentaReader      send_command('disarm') ignored — port not open
2026-06-26 11:51:48,595  WARNING  PortentaReader      send_command('disarm') ignored — port not open
2026-06-26 11:51:48,657  WARNING  PortentaReader      send_command('disarm') ignored — port not open
2026-06-26 11:51:48,720  WARNING  PortentaReader      send_command('disarm') ignored — port not open
2026-06-26 11:51:48,781  WARNING  PortentaReader      send_command('disarm') ignored — port not open
2026-06-26 11:51:48,842  WARNING  PortentaReader      send_command('disarm') ignored — port not open
2026-06-26 11:51:48,910  WARNING  PortentaReader      send_command('disarm') ignored — port not open
2026-06-26 11:51:48,967  WARNING  RecordingCore       HEALTH WARNING: LCR silent 209.5s — no new samples (auxiliary; other instruments still recording)
2026-06-26 11:51:48,967  WARNING  PortentaReader      send_command('disarm') ignored — port not open
2026-06-26 11:51:49,029  WARNING  PortentaReader      send_command('disarm') ignored — port not open
2026-06-26 11:51:49,090  WARNING  PortentaReader      send_command('disarm') ignored — port not open
2026-06-26 11:51:49,151  WARNING  PortentaReader      send_command('disarm') ignored — port not open
2026-06-26 11:51:49,213  WARNING  PortentaReader      send_command('disarm') ignored — port not open
2026-06-26 11:51:49,275  WARNING  PortentaReader      send_command('disarm') ignored — port not open
2026-06-26 11:51:49,338  WARNING  PortentaReader      send_command('disarm') ignored — port not open
2026-06-26 11:51:49,400  WARNING  PortentaReader      send_command('disarm') ignored — port not open
2026-06-26 11:51:49,460  WARNING  PortentaReader      send_command('disarm') ignored — port not open
2026-06-26 11:51:49,537  WARNING  PortentaReader      send_command('disarm') ignored — port not open
2026-06-26 11:51:49,600  WARNING  PortentaReader      send_command('disarm') ignored — port not open
2026-06-26 11:51:49,661  WARNING  PortentaReader      send_command('disarm') ignored — port not open
2026-06-26 11:51:49,723  WARNING  PortentaReader      send_command('disarm') ignored — port not open
2026-06-26 11:51:49,784  WARNING  PortentaReader      send_command('disarm') ignored — port not open
2026-06-26 11:51:49,845  WARNING  PortentaReader      send_command('disarm') ignored — port not open
2026-06-26 11:51:49,906  WARNING  PortentaReader      send_command('disarm') ignored — port not open
2026-06-26 11:51:49,967  WARNING  PortentaReader      send_command('disarm') ignored — port not open
2026-06-26 11:51:50,029  WARNING  PortentaReader      send_command('disarm') ignored — port not open
2026-06-26 11:51:50,091  WARNING  PortentaReader      send_command('disarm') ignored — port not open
2026-06-26 11:51:50,153  WARNING  PortentaReader      send_command('disarm') ignored — port not open
2026-06-26 11:51:50,215  WARNING  PortentaReader      send_command('disarm') ignored — port not open
2026-06-26 11:51:50,276  WARNING  PortentaReader      send_command('disarm') ignored — port not open
2026-06-26 11:51:50,338  WARNING  PortentaReader      send_command('disarm') ignored — port not open
2026-06-26 11:51:50,399  WARNING  PortentaReader      send_command('disarm') ignored — port not open
2026-06-26 11:51:50,462  WARNING  PortentaReader      send_command('disarm') ignored — port not open
2026-06-26 11:51:50,522  WARNING  PortentaReader      send_command('disarm') ignored — port not open
2026-06-26 11:51:50,600  WARNING  PortentaReader      send_command('disarm') ignored — port not open
2026-06-26 11:51:50,648  WARNING  PortentaReader      send_command('disarm') ignored — port not open
2026-06-26 11:51:50,711  WARNING  PortentaReader      send_command('disarm') ignored — port not open
2026-06-26 11:51:50,788  WARNING  PortentaReader      send_command('disarm') ignored — port not open
2026-06-26 11:51:50,849  WARNING  PortentaReader      send_command('disarm') ignored — port not open
2026-06-26 11:51:50,911  WARNING  PortentaReader      send_command('disarm') ignored — port not open
2026-06-26 11:51:50,972  WARNING  RecordingCore       HEALTH WARNING: LCR silent 211.5s — no new samples (auxiliary; other instruments still recording)
2026-06-26 11:51:50,973  WARNING  PortentaReader      send_command('disarm') ignored — port not open
2026-06-26 11:51:51,034  WARNING  PortentaReader      send_command('disarm') ignored — port not open
2026-06-26 11:51:51,098  WARNING  PortentaReader      send_command('disarm') ignored — port not open
2026-06-26 11:51:51,160  WARNING  PortentaReader      send_command('disarm') ignored — port not open
2026-06-26 11:51:51,223  WARNING  PortentaReader      send_command('disarm') ignored — port not open
2026-06-26 11:51:51,284  WARNING  PortentaReader      send_command('disarm') ignored — port not open
2026-06-26 11:51:51,344  WARNING  PortentaReader      send_command('disarm') ignored — port not open
2026-06-26 11:51:51,407  WARNING  PortentaReader      send_command('disarm') ignored — port not open
2026-06-26 11:51:51,468  WARNING  PortentaReader      send_command('disarm') ignored — port not open
2026-06-26 11:51:51,531  WARNING  PortentaReader      send_command('disarm') ignored — port not open
2026-06-26 11:51:51,593  WARNING  PortentaReader      send_command('disarm') ignored — port not open
2026-06-26 11:51:51,655  WARNING  PortentaReader      send_command('disarm') ignored — port not open
2026-06-26 11:51:51,715  WARNING  PortentaReader      send_command('disarm') ignored — port not open
2026-06-26 11:51:51,777  WARNING  PortentaReader      send_command('disarm') ignored — port not open
2026-06-26 11:51:51,839  WARNING  PortentaReader      send_command('disarm') ignored — port not open
2026-06-26 11:51:51,901  WARNING  PortentaReader      send_command('disarm') ignored — port not open
2026-06-26 11:51:51,964  WARNING  PortentaReader      send_command('disarm') ignored — port not open
2026-06-26 11:51:52,026  WARNING  PortentaReader      send_command('disarm') ignored — port not open
2026-06-26 11:51:52,089  WARNING  PortentaReader      send_command('disarm') ignored — port not open
2026-06-26 11:51:52,151  WARNING  PortentaReader      send_command('disarm') ignored — port not open
2026-06-26 11:51:52,214  WARNING  PortentaReader      send_command('disarm') ignored — port not open
2026-06-26 11:51:52,276  WARNING  PortentaReader      send_command('disarm') ignored — port not open
2026-06-26 11:51:52,337  WARNING  PortentaReader      send_command('disarm') ignored — port not open
2026-06-26 11:51:52,398  WARNING  PortentaReader      send_command('disarm') ignored — port not open
2026-06-26 11:51:52,474  WARNING  PortentaReader      send_command('disarm') ignored — port not open
2026-06-26 11:51:52,536  WARNING  PortentaReader      send_command('disarm') ignored — port not open
2026-06-26 11:51:52,598  WARNING  PortentaReader      send_command('disarm') ignored — port not open
2026-06-26 11:51:52,659  WARNING  PortentaReader      send_command('disarm') ignored — port not open
2026-06-26 11:51:52,720  WARNING  PortentaReader      send_command('disarm') ignored — port not open
2026-06-26 11:51:52,782  WARNING  PortentaReader      send_command('disarm') ignored — port not open
2026-06-26 11:51:52,844  WARNING  PortentaReader      send_command('disarm') ignored — port not open
2026-06-26 11:51:52,907  WARNING  PortentaReader      send_command('disarm') ignored — port not open
2026-06-26 11:51:52,969  WARNING  RecordingCore       HEALTH WARNING: LCR silent 213.5s — no new samples (auxiliary; other instruments still recording)
2026-06-26 11:51:52,970  WARNING  PortentaReader      send_command('disarm') ignored — port not open
2026-06-26 11:51:53,032  WARNING  PortentaReader      send_command('disarm') ignored — port not open
2026-06-26 11:51:53,094  WARNING  PortentaReader      send_command('disarm') ignored — port not open
2026-06-26 11:51:53,155  WARNING  PortentaReader      send_command('disarm') ignored — port not open
2026-06-26 11:51:53,217  WARNING  PortentaReader      send_command('disarm') ignored — port not open
2026-06-26 11:51:53,279  WARNING  PortentaReader      send_command('disarm') ignored — port not open
2026-06-26 11:51:53,341  WARNING  PortentaReader      send_command('disarm') ignored — port not open
2026-06-26 11:51:53,403  WARNING  PortentaReader      send_command('disarm') ignored — port not open
2026-06-26 11:51:53,465  WARNING  PortentaReader      send_command('disarm') ignored — port not open
2026-06-26 11:51:53,528  WARNING  PortentaReader      send_command('disarm') ignored — port not open
2026-06-26 11:51:53,589  WARNING  PortentaReader      send_command('disarm') ignored — port not open
2026-06-26 11:51:53,650  WARNING  PortentaReader      send_command('disarm') ignored — port not open
2026-06-26 11:51:53,712  WARNING  PortentaReader      send_command('disarm') ignored — port not open
2026-06-26 11:51:53,773  WARNING  PortentaReader      send_command('disarm') ignored — port not open
2026-06-26 11:51:53,836  WARNING  PortentaReader      send_command('disarm') ignored — port not open
2026-06-26 11:51:53,898  WARNING  PortentaReader      send_command('disarm') ignored — port not open
2026-06-26 11:51:53,961  WARNING  PortentaReader      send_command('disarm') ignored — port not open
2026-06-26 11:51:54,023  WARNING  PortentaReader      send_command('disarm') ignored — port not open
2026-06-26 11:51:54,085  WARNING  PortentaReader      send_command('disarm') ignored — port not open
2026-06-26 11:51:54,161  WARNING  PortentaReader      send_command('disarm') ignored — port not open
2026-06-26 11:51:54,223  WARNING  PortentaReader      send_command('disarm') ignored — port not open
2026-06-26 11:51:54,284  WARNING  PortentaReader      send_command('disarm') ignored — port not open
2026-06-26 11:51:54,346  WARNING  PortentaReader      send_command('disarm') ignored — port not open
2026-06-26 11:51:54,409  WARNING  PortentaReader      send_command('disarm') ignored — port not open
2026-06-26 11:51:54,471  WARNING  PortentaReader      send_command('disarm') ignored — port not open
2026-06-26 11:51:54,532  WARNING  PortentaReader      send_command('disarm') ignored — port not open
2026-06-26 11:51:54,593  WARNING  PortentaReader      send_command('disarm') ignored — port not open
2026-06-26 11:51:54,657  WARNING  PortentaReader      send_command('disarm') ignored — port not open
2026-06-26 11:51:54,719  WARNING  PortentaReader      send_command('disarm') ignored — port not open
2026-06-26 11:51:54,779  WARNING  PortentaReader      send_command('disarm') ignored — port not open
2026-06-26 11:51:54,841  WARNING  PortentaReader      send_command('disarm') ignored — port not open
2026-06-26 11:51:54,901  WARNING  PortentaReader      send_command('disarm') ignored — port not open
2026-06-26 11:51:54,962  WARNING  RecordingCore       HEALTH WARNING: LCR silent 215.5s — no new samples (auxiliary; other instruments still recording)
2026-06-26 11:51:54,963  WARNING  PortentaReader      send_command('disarm') ignored — port not open
2026-06-26 11:51:55,025  WARNING  PortentaReader      send_command('disarm') ignored — port not open
2026-06-26 11:51:55,087  WARNING  PortentaReader      send_command('disarm') ignored — port not open
2026-06-26 11:51:55,148  WARNING  PortentaReader      send_command('disarm') ignored — port not open
2026-06-26 11:51:55,211  WARNING  PortentaReader      send_command('disarm') ignored — port not open
2026-06-26 11:51:55,287  WARNING  PortentaReader      send_command('disarm') ignored — port not open
2026-06-26 11:51:55,349  WARNING  PortentaReader      send_command('disarm') ignored — port not open
2026-06-26 11:51:55,411  WARNING  PortentaReader      send_command('disarm') ignored — port not open
2026-06-26 11:51:55,472  WARNING  PortentaReader      send_command('disarm') ignored — port not open
2026-06-26 11:51:55,533  WARNING  PortentaReader      send_command('disarm') ignored — port not open
2026-06-26 11:51:55,594  WARNING  PortentaReader      send_command('disarm') ignored — port not open
2026-06-26 11:51:55,655  WARNING  PortentaReader      send_command('disarm') ignored — port not open
2026-06-26 11:51:55,717  WARNING  PortentaReader      send_command('disarm') ignored — port not open
2026-06-26 11:51:55,779  WARNING  PortentaReader      send_command('disarm') ignored — port not open
2026-06-26 11:51:55,840  WARNING  PortentaReader      send_command('disarm') ignored — port not open
2026-06-26 11:51:55,902  WARNING  PortentaReader      send_command('disarm') ignored — port not open
2026-06-26 11:51:55,964  WARNING  PortentaReader      send_command('disarm') ignored — port not open
2026-06-26 11:51:56,026  WARNING  PortentaReader      send_command('disarm') ignored — port not open
2026-06-26 11:51:56,089  WARNING  PortentaReader      send_command('disarm') ignored — port not open
2026-06-26 11:51:56,150  WARNING  PortentaReader      send_command('disarm') ignored — port not open
2026-06-26 11:51:56,212  WARNING  PortentaReader      send_command('disarm') ignored — port not open
2026-06-26 11:51:56,292  WARNING  PortentaReader      send_command('disarm') ignored — port not open
2026-06-26 11:51:56,350  WARNING  PortentaReader      send_command('disarm') ignored — port not open
2026-06-26 11:51:56,411  WARNING  PortentaReader      send_command('disarm') ignored — port not open
2026-06-26 11:51:56,462  WARNING  PortentaReader      send_command('disarm') ignored — port not open
2026-06-26 11:51:56,536  WARNING  PortentaReader      send_command('disarm') ignored — port not open
2026-06-26 11:51:56,597  WARNING  PortentaReader      send_command('disarm') ignored — port not open
2026-06-26 11:51:56,659  WARNING  PortentaReader      send_command('disarm') ignored — port not open
2026-06-26 11:51:56,718  WARNING  PortentaReader      send_command('disarm') ignored — port not open
2026-06-26 11:51:56,783  WARNING  PortentaReader      send_command('disarm') ignored — port not open
2026-06-26 11:51:56,845  WARNING  PortentaReader      send_command('disarm') ignored — port not open
2026-06-26 11:51:56,907  WARNING  PortentaReader      send_command('disarm') ignored — port not open
2026-06-26 11:51:56,968  WARNING  RecordingCore       HEALTH WARNING: LCR silent 217.5s — no new samples (auxiliary; other instruments still recording)
2026-06-26 11:51:56,969  WARNING  PortentaReader      send_command('disarm') ignored — port not open
2026-06-26 11:51:57,029  WARNING  PortentaReader      send_command('disarm') ignored — port not open
2026-06-26 11:51:57,091  WARNING  PortentaReader      send_command('disarm') ignored — port not open
2026-06-26 11:51:57,152  WARNING  PortentaReader      send_command('disarm') ignored — port not open
2026-06-26 11:51:57,214  WARNING  PortentaReader      send_command('disarm') ignored — port not open
2026-06-26 11:51:57,275  WARNING  PortentaReader      send_command('disarm') ignored — port not open
2026-06-26 11:51:57,338  WARNING  PortentaReader      send_command('disarm') ignored — port not open
2026-06-26 11:51:57,400  WARNING  PortentaReader      send_command('disarm') ignored — port not open
2026-06-26 11:51:57,461  WARNING  PortentaReader      send_command('disarm') ignored — port not open
2026-06-26 11:51:57,524  WARNING  PortentaReader      send_command('disarm') ignored — port not open
2026-06-26 11:51:57,585  WARNING  PortentaReader      send_command('disarm') ignored — port not open
2026-06-26 11:51:57,663  WARNING  PortentaReader      send_command('disarm') ignored — port not open
2026-06-26 11:51:57,724  WARNING  PortentaReader      send_command('disarm') ignored — port not open
2026-06-26 11:51:57,786  WARNING  PortentaReader      send_command('disarm') ignored — port not open
2026-06-26 11:51:57,848  WARNING  PortentaReader      send_command('disarm') ignored — port not open
2026-06-26 11:51:57,899  WARNING  PortentaReader      send_command('disarm') ignored — port not open
2026-06-26 11:51:57,972  WARNING  PortentaReader      send_command('disarm') ignored — port not open
2026-06-26 11:51:58,034  WARNING  PortentaReader      send_command('disarm') ignored — port not open
2026-06-26 11:51:58,094  WARNING  PortentaReader      send_command('disarm') ignored — port not open
2026-06-26 11:51:58,157  WARNING  PortentaReader      send_command('disarm') ignored — port not open
2026-06-26 11:51:58,219  WARNING  PortentaReader      send_command('disarm') ignored — port not open
2026-06-26 11:51:58,283  WARNING  PortentaReader      send_command('disarm') ignored — port not open
2026-06-26 11:51:58,344  WARNING  PortentaReader      send_command('disarm') ignored — port not open
2026-06-26 11:51:58,406  WARNING  PortentaReader      send_command('disarm') ignored — port not open
2026-06-26 11:51:58,468  WARNING  PortentaReader      send_command('disarm') ignored — port not open
2026-06-26 11:51:58,529  WARNING  PortentaReader      send_command('disarm') ignored — port not open
2026-06-26 11:51:58,592  WARNING  PortentaReader      send_command('disarm') ignored — port not open
2026-06-26 11:51:58,652  WARNING  PortentaReader      send_command('disarm') ignored — port not open
2026-06-26 11:51:58,714  WARNING  PortentaReader      send_command('disarm') ignored — port not open
2026-06-26 11:51:58,776  WARNING  PortentaReader      send_command('disarm') ignored — port not open
2026-06-26 11:51:58,838  WARNING  PortentaReader      send_command('disarm') ignored — port not open
2026-06-26 11:51:58,900  WARNING  PortentaReader      send_command('disarm') ignored — port not open
2026-06-26 11:51:58,961  WARNING  RecordingCore       HEALTH WARNING: LCR silent 219.5s — no new samples (auxiliary; other instruments still recording)
2026-06-26 11:51:58,963  WARNING  PortentaReader      send_command('disarm') ignored — port not open
2026-06-26 11:51:59,025  WARNING  PortentaReader      send_command('disarm') ignored — port not open
2026-06-26 11:51:59,087  WARNING  PortentaReader      send_command('disarm') ignored — port not open
2026-06-26 11:51:59,149  WARNING  PortentaReader      send_command('disarm') ignored — port not open
2026-06-26 11:51:59,210  WARNING  PortentaReader      send_command('disarm') ignored — port not open
2026-06-26 11:51:59,273  WARNING  PortentaReader      send_command('disarm') ignored — port not open
2026-06-26 11:51:59,336  WARNING  PortentaReader      send_command('disarm') ignored — port not open
2026-06-26 11:51:59,412  WARNING  PortentaReader      send_command('disarm') ignored — port not open
2026-06-26 11:51:59,473  WARNING  PortentaReader      send_command('disarm') ignored — port not open
2026-06-26 11:51:59,535  WARNING  PortentaReader      send_command('disarm') ignored — port not open
2026-06-26 11:51:59,597  WARNING  PortentaReader      send_command('disarm') ignored — port not open
2026-06-26 11:51:59,659  WARNING  PortentaReader      send_command('disarm') ignored — port not open
2026-06-26 11:51:59,721  WARNING  PortentaReader      send_command('disarm') ignored — port not open
2026-06-26 11:51:59,784  WARNING  PortentaReader      send_command('disarm') ignored — port not open
2026-06-26 11:51:59,845  WARNING  PortentaReader      send_command('disarm') ignored — port not open
2026-06-26 11:51:59,899  WARNING  PortentaReader      send_command('disarm') ignored — port not open
2026-06-26 11:51:59,969  WARNING  PortentaReader      send_command('disarm') ignored — port not open
2026-06-26 11:52:00,030  WARNING  PortentaReader      send_command('disarm') ignored — port not open
2026-06-26 11:52:00,093  WARNING  PortentaReader      send_command('disarm') ignored — port not open
2026-06-26 11:52:00,156  WARNING  PortentaReader      send_command('disarm') ignored — port not open
2026-06-26 11:52:00,218  WARNING  PortentaReader      send_command('disarm') ignored — port not open
2026-06-26 11:52:00,281  WARNING  PortentaReader      send_command('disarm') ignored — port not open
2026-06-26 11:52:00,343  WARNING  PortentaReader      send_command('disarm') ignored — port not open
2026-06-26 11:52:00,404  WARNING  PortentaReader      send_command('disarm') ignored — port not open
2026-06-26 11:52:00,467  WARNING  PortentaReader      send_command('disarm') ignored — port not open
2026-06-26 11:52:00,529  WARNING  PortentaReader      send_command('disarm') ignored — port not open
2026-06-26 11:52:00,592  WARNING  PortentaReader      send_command('disarm') ignored — port not open
2026-06-26 11:52:00,654  WARNING  PortentaReader      send_command('disarm') ignored — port not open
2026-06-26 11:52:00,716  WARNING  PortentaReader      send_command('disarm') ignored — port not open
2026-06-26 11:52:00,777  WARNING  PortentaReader      send_command('disarm') ignored — port not open
2026-06-26 11:52:00,839  WARNING  PortentaReader      send_command('disarm') ignored — port not open
2026-06-26 11:52:00,899  WARNING  PortentaReader      send_command('disarm') ignored — port not open
2026-06-26 11:52:00,963  WARNING  RecordingCore       HEALTH WARNING: LCR silent 221.5s — no new samples (auxiliary; other instruments still recording)
2026-06-26 11:52:00,964  WARNING  PortentaReader      send_command('disarm') ignored — port not open
2026-06-26 11:52:01,025  WARNING  PortentaReader      send_command('disarm') ignored — port not open
2026-06-26 11:52:01,087  WARNING  PortentaReader      send_command('disarm') ignored — port not open
2026-06-26 11:52:01,148  WARNING  PortentaReader      send_command('disarm') ignored — port not open
2026-06-26 11:52:01,224  WARNING  PortentaReader      send_command('disarm') ignored — port not open
2026-06-26 11:52:01,287  WARNING  PortentaReader      send_command('disarm') ignored — port not open
2026-06-26 11:52:01,349  WARNING  PortentaReader      send_command('disarm') ignored — port not open
2026-06-26 11:52:01,411  WARNING  PortentaReader      send_command('disarm') ignored — port not open
2026-06-26 11:52:01,474  WARNING  PortentaReader      send_command('disarm') ignored — port not open
2026-06-26 11:52:01,536  WARNING  PortentaReader      send_command('disarm') ignored — port not open
2026-06-26 11:52:01,598  WARNING  PortentaReader      send_command('disarm') ignored — port not open
2026-06-26 11:52:01,660  WARNING  PortentaReader      send_command('disarm') ignored — port not open
2026-06-26 11:52:01,722  WARNING  PortentaReader      send_command('disarm') ignored — port not open
2026-06-26 11:52:01,785  WARNING  PortentaReader      send_command('disarm') ignored — port not open
2026-06-26 11:52:01,846  WARNING  PortentaReader      send_command('disarm') ignored — port not open
2026-06-26 11:52:01,907  WARNING  PortentaReader      send_command('disarm') ignored — port not open
2026-06-26 11:52:01,968  WARNING  PortentaReader      send_command('disarm') ignored — port not open
2026-06-26 11:52:02,030  WARNING  PortentaReader      send_command('disarm') ignored — port not open
2026-06-26 11:52:02,092  WARNING  PortentaReader      send_command('disarm') ignored — port not open
2026-06-26 11:52:02,153  WARNING  PortentaReader      send_command('disarm') ignored — port not open
2026-06-26 11:52:02,217  WARNING  PortentaReader      send_command('disarm') ignored — port not open
2026-06-26 11:52:02,278  WARNING  PortentaReader      send_command('disarm') ignored — port not open
2026-06-26 11:52:02,340  WARNING  PortentaReader      send_command('disarm') ignored — port not open
2026-06-26 11:52:02,401  WARNING  PortentaReader      send_command('disarm') ignored — port not open
2026-06-26 11:52:02,463  WARNING  PortentaReader      send_command('disarm') ignored — port not open
2026-06-26 11:52:02,524  WARNING  PortentaReader      send_command('disarm') ignored — port not open
2026-06-26 11:52:02,587  WARNING  PortentaReader      send_command('disarm') ignored — port not open
2026-06-26 11:52:02,663  WARNING  PortentaReader      send_command('disarm') ignored — port not open
2026-06-26 11:52:02,741  WARNING  PortentaReader      send_command('disarm') ignored — port not open
2026-06-26 11:52:02,802  WARNING  PortentaReader      send_command('disarm') ignored — port not open
2026-06-26 11:52:02,864  WARNING  PortentaReader      send_command('disarm') ignored — port not open
2026-06-26 11:52:02,920  WARNING  PortentaReader      send_command('disarm') ignored — port not open
2026-06-26 11:52:02,988  WARNING  RecordingCore       HEALTH WARNING: LCR silent 223.5s — no new samples (auxiliary; other instruments still recording)
2026-06-26 11:52:02,988  WARNING  PortentaReader      send_command('disarm') ignored — port not open
2026-06-26 11:52:03,050  WARNING  PortentaReader      send_command('disarm') ignored — port not open
2026-06-26 11:52:03,111  WARNING  PortentaReader      send_command('disarm') ignored — port not open
2026-06-26 11:52:03,173  WARNING  PortentaReader      send_command('disarm') ignored — port not open
2026-06-26 11:52:03,235  WARNING  PortentaReader      send_command('disarm') ignored — port not open
2026-06-26 11:52:03,297  WARNING  PortentaReader      send_command('disarm') ignored — port not open
2026-06-26 11:52:03,359  WARNING  PortentaReader      send_command('disarm') ignored — port not open
2026-06-26 11:52:03,420  WARNING  PortentaReader      send_command('disarm') ignored — port not open
2026-06-26 11:52:03,482  WARNING  PortentaReader      send_command('disarm') ignored — port not open
2026-06-26 11:52:03,545  WARNING  PortentaReader      send_command('disarm') ignored — port not open
2026-06-26 11:52:03,607  WARNING  PortentaReader      send_command('disarm') ignored — port not open
2026-06-26 11:52:03,668  WARNING  PortentaReader      send_command('disarm') ignored — port not open
2026-06-26 11:52:03,731  WARNING  PortentaReader      send_command('disarm') ignored — port not open
2026-06-26 11:52:03,793  WARNING  PortentaReader      send_command('disarm') ignored — port not open
2026-06-26 11:52:03,853  WARNING  PortentaReader      send_command('disarm') ignored — port not open
2026-06-26 11:52:03,916  WARNING  PortentaReader      send_command('disarm') ignored — port not open
2026-06-26 11:52:03,977  WARNING  PortentaReader      send_command('disarm') ignored — port not open
2026-06-26 11:52:04,053  WARNING  PortentaReader      send_command('disarm') ignored — port not open
2026-06-26 11:52:04,115  WARNING  PortentaReader      send_command('disarm') ignored — port not open
2026-06-26 11:52:04,178  WARNING  PortentaReader      send_command('disarm') ignored — port not open
2026-06-26 11:52:04,240  WARNING  PortentaReader      send_command('disarm') ignored — port not open
2026-06-26 11:52:04,301  WARNING  PortentaReader      send_command('disarm') ignored — port not open
2026-06-26 11:52:04,363  WARNING  PortentaReader      send_command('disarm') ignored — port not open
2026-06-26 11:52:04,425  WARNING  PortentaReader      send_command('disarm') ignored — port not open
2026-06-26 11:52:04,488  WARNING  PortentaReader      send_command('disarm') ignored — port not open
2026-06-26 11:52:04,550  WARNING  PortentaReader      send_command('disarm') ignored — port not open
2026-06-26 11:52:04,612  WARNING  PortentaReader      send_command('disarm') ignored — port not open
2026-06-26 11:52:04,673  WARNING  PortentaReader      send_command('disarm') ignored — port not open
2026-06-26 11:52:04,735  WARNING  PortentaReader      send_command('disarm') ignored — port not open
2026-06-26 11:52:04,797  WARNING  PortentaReader      send_command('disarm') ignored — port not open
2026-06-26 11:52:04,858  WARNING  PortentaReader      send_command('disarm') ignored — port not open
2026-06-26 11:52:04,920  WARNING  PortentaReader      send_command('disarm') ignored — port not open
2026-06-26 11:52:04,981  WARNING  RecordingCore       HEALTH WARNING: LCR silent 225.5s — no new samples (auxiliary; other instruments still recording)
2026-06-26 11:52:04,982  WARNING  PortentaReader      send_command('disarm') ignored — port not open
2026-06-26 11:52:05,043  WARNING  PortentaReader      send_command('disarm') ignored — port not open
2026-06-26 11:52:05,105  WARNING  PortentaReader      send_command('disarm') ignored — port not open
2026-06-26 11:52:05,166  WARNING  PortentaReader      send_command('disarm') ignored — port not open
2026-06-26 11:52:05,228  WARNING  PortentaReader      send_command('disarm') ignored — port not open
2026-06-26 11:52:05,288  WARNING  PortentaReader      send_command('disarm') ignored — port not open
2026-06-26 11:52:05,351  WARNING  PortentaReader      send_command('disarm') ignored — port not open
2026-06-26 11:52:05,428  WARNING  PortentaReader      send_command('disarm') ignored — port not open
2026-06-26 11:52:05,489  WARNING  PortentaReader      send_command('disarm') ignored — port not open
2026-06-26 11:52:05,550  WARNING  PortentaReader      send_command('disarm') ignored — port not open
2026-06-26 11:52:05,612  WARNING  PortentaReader      send_command('disarm') ignored — port not open
2026-06-26 11:52:05,675  WARNING  PortentaReader      send_command('disarm') ignored — port not open
2026-06-26 11:52:05,737  WARNING  PortentaReader      send_command('disarm') ignored — port not open
2026-06-26 11:52:05,800  WARNING  PortentaReader      send_command('disarm') ignored — port not open
2026-06-26 11:52:05,862  WARNING  PortentaReader      send_command('disarm') ignored — port not open
2026-06-26 11:52:05,923  WARNING  PortentaReader      send_command('disarm') ignored — port not open
2026-06-26 11:52:05,986  WARNING  PortentaReader      send_command('disarm') ignored — port not open
2026-06-26 11:52:06,048  WARNING  PortentaReader      send_command('disarm') ignored — port not open
2026-06-26 11:52:06,110  WARNING  PortentaReader      send_command('disarm') ignored — port not open
2026-06-26 11:52:06,172  WARNING  PortentaReader      send_command('disarm') ignored — port not open
2026-06-26 11:52:06,235  WARNING  PortentaReader      send_command('disarm') ignored — port not open
2026-06-26 11:52:06,297  WARNING  PortentaReader      send_command('disarm') ignored — port not open
2026-06-26 11:52:06,358  WARNING  PortentaReader      send_command('disarm') ignored — port not open
2026-06-26 11:52:06,420  WARNING  PortentaReader      send_command('disarm') ignored — port not open
2026-06-26 11:52:06,481  WARNING  PortentaReader      send_command('disarm') ignored — port not open
2026-06-26 11:52:06,543  WARNING  PortentaReader      send_command('disarm') ignored — port not open
2026-06-26 11:52:06,604  WARNING  PortentaReader      send_command('disarm') ignored — port not open
2026-06-26 11:52:06,667  WARNING  PortentaReader      send_command('disarm') ignored — port not open
2026-06-26 11:52:06,729  WARNING  PortentaReader      send_command('disarm') ignored — port not open
2026-06-26 11:52:06,792  WARNING  PortentaReader      send_command('disarm') ignored — port not open
2026-06-26 11:52:06,854  WARNING  PortentaReader      send_command('disarm') ignored — port not open
2026-06-26 11:52:06,936  WARNING  PortentaReader      send_command('disarm') ignored — port not open
2026-06-26 11:52:06,978  WARNING  RecordingCore       HEALTH WARNING: LCR silent 227.5s — no new samples (auxiliary; other instruments still recording)
2026-06-26 11:52:06,979  WARNING  PortentaReader      send_command('disarm') ignored — port not open
2026-06-26 11:52:07,042  WARNING  PortentaReader      send_command('disarm') ignored — port not open
2026-06-26 11:52:07,104  WARNING  PortentaReader      send_command('disarm') ignored — port not open
2026-06-26 11:52:07,166  WARNING  PortentaReader      send_command('disarm') ignored — port not open
2026-06-26 11:52:07,227  WARNING  PortentaReader      send_command('disarm') ignored — port not open
2026-06-26 11:52:07,290  WARNING  PortentaReader      send_command('disarm') ignored — port not open
2026-06-26 11:52:07,352  WARNING  PortentaReader      send_command('disarm') ignored — port not open
2026-06-26 11:52:07,414  WARNING  PortentaReader      send_command('disarm') ignored — port not open
2026-06-26 11:52:07,491  WARNING  PortentaReader      send_command('disarm') ignored — port not open
2026-06-26 11:52:07,538  WARNING  PortentaReader      send_command('disarm') ignored — port not open
2026-06-26 11:52:07,615  WARNING  PortentaReader      send_command('disarm') ignored — port not open
2026-06-26 11:52:07,677  WARNING  PortentaReader      send_command('disarm') ignored — port not open
2026-06-26 11:52:07,740  WARNING  PortentaReader      send_command('disarm') ignored — port not open
2026-06-26 11:52:07,802  WARNING  PortentaReader      send_command('disarm') ignored — port not open
2026-06-26 11:52:07,865  WARNING  PortentaReader      send_command('disarm') ignored — port not open
2026-06-26 11:52:07,928  WARNING  PortentaReader      send_command('disarm') ignored — port not open
2026-06-26 11:52:07,988  WARNING  PortentaReader      send_command('disarm') ignored — port not open
2026-06-26 11:52:08,048  WARNING  PortentaReader      send_command('disarm') ignored — port not open
2026-06-26 11:52:08,111  WARNING  PortentaReader      send_command('disarm') ignored — port not open
2026-06-26 11:52:08,172  WARNING  PortentaReader      send_command('disarm') ignored — port not open
2026-06-26 11:52:08,234  WARNING  PortentaReader      send_command('disarm') ignored — port not open
2026-06-26 11:52:08,295  WARNING  PortentaReader      send_command('disarm') ignored — port not open
2026-06-26 11:52:08,357  WARNING  PortentaReader      send_command('disarm') ignored — port not open
2026-06-26 11:52:08,419  WARNING  PortentaReader      send_command('disarm') ignored — port not open
2026-06-26 11:52:08,481  WARNING  PortentaReader      send_command('disarm') ignored — port not open
2026-06-26 11:52:08,544  WARNING  PortentaReader      send_command('disarm') ignored — port not open
2026-06-26 11:52:08,606  WARNING  PortentaReader      send_command('disarm') ignored — port not open
2026-06-26 11:52:08,668  WARNING  PortentaReader      send_command('disarm') ignored — port not open
2026-06-26 11:52:08,729  WARNING  PortentaReader      send_command('disarm') ignored — port not open
2026-06-26 11:52:08,791  WARNING  PortentaReader      send_command('disarm') ignored — port not open
2026-06-26 11:52:08,852  WARNING  PortentaReader      send_command('disarm') ignored — port not open
2026-06-26 11:52:08,914  WARNING  PortentaReader      send_command('disarm') ignored — port not open
2026-06-26 11:52:08,976  WARNING  RecordingCore       HEALTH WARNING: LCR silent 229.5s — no new samples (auxiliary; other instruments still recording)
2026-06-26 11:52:08,977  WARNING  PortentaReader      send_command('disarm') ignored — port not open
2026-06-26 11:52:09,038  WARNING  PortentaReader      send_command('disarm') ignored — port not open
2026-06-26 11:52:09,099  WARNING  PortentaReader      send_command('disarm') ignored — port not open
2026-06-26 11:52:09,168  WARNING  PortentaReader      send_command('disarm') ignored — port not open
2026-06-26 11:52:09,239  WARNING  PortentaReader      send_command('disarm') ignored — port not open
2026-06-26 11:52:09,299  WARNING  PortentaReader      send_command('disarm') ignored — port not open
2026-06-26 11:52:09,362  WARNING  PortentaReader      send_command('disarm') ignored — port not open
2026-06-26 11:52:09,425  WARNING  PortentaReader      send_command('disarm') ignored — port not open
2026-06-26 11:52:09,487  WARNING  PortentaReader      send_command('disarm') ignored — port not open
2026-06-26 11:52:09,549  WARNING  PortentaReader      send_command('disarm') ignored — port not open
2026-06-26 11:52:09,601  WARNING  PortentaReader      send_command('disarm') ignored — port not open
2026-06-26 11:52:09,666  WARNING  PortentaReader      send_command('disarm') ignored — port not open
2026-06-26 11:52:09,729  WARNING  PortentaReader      send_command('disarm') ignored — port not open
2026-06-26 11:52:09,793  WARNING  PortentaReader      send_command('disarm') ignored — port not open
2026-06-26 11:52:09,857  WARNING  PortentaReader      send_command('disarm') ignored — port not open
2026-06-26 11:52:09,913  WARNING  PortentaReader      send_command('disarm') ignored — port not open
2026-06-26 11:52:09,981  WARNING  PortentaReader      send_command('disarm') ignored — port not open
2026-06-26 11:52:10,040  WARNING  PortentaReader      send_command('disarm') ignored — port not open
2026-06-26 11:52:10,101  WARNING  PortentaReader      send_command('disarm') ignored — port not open
2026-06-26 11:52:10,195  WARNING  PortentaReader      send_command('disarm') ignored — port not open
2026-06-26 11:52:10,226  WARNING  PortentaReader      send_command('disarm') ignored — port not open
2026-06-26 11:52:10,292  WARNING  PortentaReader      send_command('disarm') ignored — port not open
2026-06-26 11:52:10,351  WARNING  PortentaReader      send_command('disarm') ignored — port not open
2026-06-26 11:52:10,434  WARNING  PortentaReader      send_command('disarm') ignored — port not open
2026-06-26 11:52:10,489  WARNING  PortentaReader      send_command('disarm') ignored — port not open
2026-06-26 11:52:10,551  WARNING  PortentaReader      send_command('disarm') ignored — port not open
2026-06-26 11:52:10,595  INFO   RecordingCore       H7: reconnect requested
2026-06-26 11:52:10,598  INFO   PortentaReader      Opened COM8 @ 115200 baud, waiting 4.0s for firmware boot...
2026-06-26 11:52:10,984  WARNING  RecordingCore       HEALTH WARNING: LCR silent 231.5s — no new samples (auxiliary; other instruments still recording)
2026-06-26 11:52:11,601  WARNING  RecordingCore       HEALTH WARNING: H7 silent 1.0s — no new samples (critical; other instruments still recording)
2026-06-26 11:52:11,619  INFO   PortentaReader      boot banner (396 lines):
2026-06-26 11:52:11,619  INFO   PortentaReader        0	0	0	0.000000	0	0
2026-06-26 11:52:11,619  INFO   PortentaReader        0	0	0	0.000000	0	0
2026-06-26 11:52:11,619  INFO   PortentaReader        0	0	0	0.000000	0	0
2026-06-26 11:52:11,619  INFO   PortentaReader        0	0	0	0.000000	0	0
2026-06-26 11:52:11,619  INFO   PortentaReader        0	0	0	0.000000	0	0
2026-06-26 11:52:11,619  INFO   PortentaReader        0	0	0	0.000000	0	0
2026-06-26 11:52:11,619  INFO   PortentaReader        1024	0	1	3.105408	0	1024
2026-06-26 11:52:11,619  INFO   PortentaReader        5710	2	-80860	-0.048196	5778345	702
2026-06-26 11:52:12,318  INFO   H7Worker            H7 ready: port=COM8 baud=115200 channels=['laser', 'load', 'sma_i', 'sma_r', 'sma_v']
2026-06-26 11:52:12,976  WARNING  RecordingCore       HEALTH WARNING: LCR silent 233.5s — no new samples (auxiliary; other instruments still recording)
2026-06-26 11:52:14,988  WARNING  RecordingCore       HEALTH WARNING: LCR silent 235.5s — no new samples (auxiliary; other instruments still recording)
2026-06-26 11:52:16,501  WARNING  H7Worker            H7 dropped 1 laser/load voltage-glitch sample(s) (V=0 with non-zero raw code — firmware bug; raw stream is otherwise fine)
2026-06-26 11:52:16,987  WARNING  RecordingCore       HEALTH WARNING: LCR silent 237.5s — no new samples (auxiliary; other instruments still recording)
2026-06-26 11:52:18,984  WARNING  RecordingCore       HEALTH WARNING: LCR silent 239.5s — no new samples (auxiliary; other instruments still recording)
2026-06-26 11:52:20,982  WARNING  RecordingCore       HEALTH WARNING: LCR silent 241.5s — no new samples (auxiliary; other instruments still recording)
2026-06-26 11:52:23,000  WARNING  RecordingCore       HEALTH WARNING: LCR silent 243.5s — no new samples (auxiliary; other instruments still recording)
2026-06-26 11:52:25,013  WARNING  RecordingCore       HEALTH WARNING: LCR silent 245.5s — no new samples (auxiliary; other instruments still recording)
2026-06-26 11:52:27,013  WARNING  RecordingCore       HEALTH WARNING: LCR silent 247.5s — no new samples (auxiliary; other instruments still recording)
2026-06-26 11:52:29,013  WARNING  RecordingCore       HEALTH WARNING: LCR silent 249.5s — no new samples (auxiliary; other instruments still recording)
2026-06-26 11:52:31,017  WARNING  RecordingCore       HEALTH WARNING: LCR silent 251.5s — no new samples (auxiliary; other instruments still recording)
2026-06-26 11:52:31,304  INFO   RecordingCore       Recording STARTED
2026-06-26 11:52:33,025  WARNING  RecordingCore       HEALTH WARNING: LCR silent 253.5s — no new samples (auxiliary; other instruments still recording)
2026-06-26 11:52:35,082  WARNING  RecordingCore       HEALTH WARNING: LCR silent 255.6s — no new samples (auxiliary; other instruments still recording)
2026-06-26 11:52:37,074  WARNING  RecordingCore       HEALTH WARNING: LCR silent 257.6s — no new samples (auxiliary; other instruments still recording)
2026-06-26 11:52:39,082  WARNING  RecordingCore       HEALTH WARNING: LCR silent 259.6s — no new samples (auxiliary; other instruments still recording)
2026-06-26 11:52:41,082  WARNING  RecordingCore       HEALTH WARNING: LCR silent 261.6s — no new samples (auxiliary; other instruments still recording)
2026-06-26 11:52:43,079  WARNING  RecordingCore       HEALTH WARNING: LCR silent 263.6s — no new samples (auxiliary; other instruments still recording)
2026-06-26 11:52:45,075  WARNING  RecordingCore       HEALTH WARNING: LCR silent 265.6s — no new samples (auxiliary; other instruments still recording)
2026-06-26 11:52:47,085  WARNING  RecordingCore       HEALTH WARNING: LCR silent 267.6s — no new samples (auxiliary; other instruments still recording)
2026-06-26 11:52:49,139  WARNING  RecordingCore       HEALTH WARNING: LCR silent 269.6s — no new samples (auxiliary; other instruments still recording)
2026-06-26 11:52:51,178  WARNING  RecordingCore       HEALTH WARNING: LCR silent 271.7s — no new samples (auxiliary; other instruments still recording)
2026-06-26 11:52:53,239  WARNING  RecordingCore       HEALTH WARNING: LCR silent 273.7s — no new samples (auxiliary; other instruments still recording)
2026-06-26 11:52:55,234  WARNING  RecordingCore       HEALTH WARNING: LCR silent 275.7s — no new samples (auxiliary; other instruments still recording)
2026-06-26 11:52:57,230  WARNING  RecordingCore       HEALTH WARNING: LCR silent 277.7s — no new samples (auxiliary; other instruments still recording)
2026-06-26 11:52:59,241  WARNING  RecordingCore       HEALTH WARNING: LCR silent 279.7s — no new samples (auxiliary; other instruments still recording)
2026-06-26 11:53:01,242  WARNING  RecordingCore       HEALTH WARNING: LCR silent 281.7s — no new samples (auxiliary; other instruments still recording)
2026-06-26 11:53:03,246  WARNING  RecordingCore       HEALTH WARNING: LCR silent 283.7s — no new samples (auxiliary; other instruments still recording)
2026-06-26 11:53:05,244  WARNING  RecordingCore       HEALTH WARNING: LCR silent 285.7s — no new samples (auxiliary; other instruments still recording)
2026-06-26 11:53:07,011  INFO   RecordingCore       Recording STOPPED
2026-06-26 11:53:07,295  WARNING  RecordingCore       HEALTH WARNING: LCR silent 287.8s — no new samples (auxiliary; other instruments still recording)
2026-06-26 11:53:09,326  WARNING  RecordingCore       HEALTH WARNING: LCR silent 289.8s — no new samples (auxiliary; other instruments still recording)
2026-06-26 11:53:11,329  WARNING  RecordingCore       HEALTH WARNING: LCR silent 291.8s — no new samples (auxiliary; other instruments still recording)
2026-06-26 11:53:13,326  WARNING  RecordingCore       HEALTH WARNING: LCR silent 293.8s — no new samples (auxiliary; other instruments still recording)
2026-06-26 11:53:14,193  INFO   H7Worker            H7 worker exit  (pushed=57681, dropped=0, filtered=0)
2026-06-26 11:53:14,346  INFO   Driver_ZaberStage   Disconnected
2026-06-26 11:53:14,346  INFO   ZaberWorker         Zaber worker exit  (pushed=15105, dropped=0)
2026-06-26 11:53:14,371  INFO   RecordingCore       Wrote C:\Users\yilin\Documents\GitHubRepo_Research\MicroTensileMachine\MicroTensileMachine\Experiment_SMACharacterizationV3\data\console_20260626_114801\meta.json
