2026-07-06 17:20:44,933  INFO   root                Session: console_20260706_172044
2026-07-06 17:20:44,933  INFO   root                Output:  C:\Users\yilin\Documents\GitHubRepo_Research\MicroTensileMachine\MicroTensileMachine\Experiment_SMACharacterizationV3\data\console_20260706_172044
2026-07-06 17:20:44,934  INFO   root                Config:  C:\Users\yilin\Documents\GitHubRepo_Research\MicroTensileMachine\MicroTensileMachine\Experiment_SMACharacterizationV3\config.yaml  headless=False
2026-07-06 17:20:45,841  INFO   LCRMeter            Auto-detecting E4980A/AL LCR meter...
2026-07-06 17:20:45,842  ERROR  H7Worker            H7 worker crashed: could not open port 'COM8': FileNotFoundError(2, 'The system cannot find the file specified.', None, 2)
Traceback (most recent call last):
  File "c:\Users\yilin\Documents\GitHubRepo_Research\MicroTensileMachine\MicroTensileMachine\Experiment_SMACharacterizationV3\workers.py", line 220, in run
    self._main_loop()
  File "c:\Users\yilin\Documents\GitHubRepo_Research\MicroTensileMachine\MicroTensileMachine\Experiment_SMACharacterizationV3\workers.py", line 239, in _main_loop
    with reader:
         ^^^^^^
  File "C:\Users\yilin\Documents\GitHubRepo_Research\MicroTensileMachine\MicroTensileMachine\Calibrate_LaserHead\portenta_reader.py", line 330, in __enter__
    self.open()
  File "C:\Users\yilin\Documents\GitHubRepo_Research\MicroTensileMachine\MicroTensileMachine\Calibrate_LaserHead\portenta_reader.py", line 284, in open
    self._ser = serial.Serial(
                ^^^^^^^^^^^^^^
  File "C:\Users\yilin\AppData\Local\Programs\Python\Python312\Lib\site-packages\serial\serialwin32.py", line 33, in __init__
    super(Serial, self).__init__(*args, **kwargs)
  File "C:\Users\yilin\AppData\Local\Programs\Python\Python312\Lib\site-packages\serial\serialutil.py", line 244, in __init__
    self.open()
  File "C:\Users\yilin\AppData\Local\Programs\Python\Python312\Lib\site-packages\serial\serialwin32.py", line 64, in open
    raise SerialException("could not open port {!r}: {!r}".format(self.portstr, ctypes.WinError()))
serial.serialutil.SerialException: could not open port 'COM8': FileNotFoundError(2, 'The system cannot find the file specified.', None, 2)
2026-07-06 17:20:45,872  INFO   H7Worker            H7 worker exit  (pushed=0, dropped=0, filtered=0)
2026-07-06 17:20:46,062  INFO   LCRMeter            Using VISA backend: @py
2026-07-06 17:20:47,103  INFO   LCRMeter            Found 1 instruments
2026-07-06 17:20:47,104  ERROR  LCRMeter            No E4980A/AL found
2026-07-06 17:20:47,104  ERROR  LcrWorker           LCR worker crashed: Could not connect to Keysight E4980 LCR meter. Check USB/LAN cable, instrument power, and VISA backend.
Traceback (most recent call last):
  File "c:\Users\yilin\Documents\GitHubRepo_Research\MicroTensileMachine\MicroTensileMachine\Experiment_SMACharacterizationV3\workers.py", line 117, in run
    self._main_loop()
  File "c:\Users\yilin\Documents\GitHubRepo_Research\MicroTensileMachine\MicroTensileMachine\Experiment_SMACharacterizationV3\workers.py", line 155, in _main_loop
    raise RuntimeError(
RuntimeError: Could not connect to Keysight E4980 LCR meter. Check USB/LAN cable, instrument power, and VISA backend.
2026-07-06 17:20:47,104  INFO   LcrWorker           LCR worker exit  (pushed=0, dropped=0)
2026-07-06 17:20:47,120  INFO   Driver_ZaberStage   Configuration saved to zaber_config.json
2026-07-06 17:20:47,152  INFO   Driver_ZaberStage   Connected to X-LSQ300A-E01 on COM5
2026-07-06 17:20:47,199  INFO   ZaberWorker         Zaber ready: DeviceInfo(port='COM5', device_id=50138, serial_number='143153', name='X-LSQ300A-E01', firmware_version='7.48.24004', device_type='Linear Stage', axis_count=1)
2026-07-06 17:20:53,856  INFO   RecordingCore       Running 10.0 s full system check...
2026-07-06 17:20:53,856  WARNING  RecordingCore       HEALTH: stage parked at 86.22 mm, outside the workflow window [5.0, 40.0] — move it into range before actuating
2026-07-06 17:20:53,857  WARNING  RecordingCore       health H7    FAIL (0) — worker error SerialException("could not open port 'COM8': FileNotFoundError(2, 'The system cannot find the file specified.', None, 2)")
2026-07-06 17:20:53,857  WARNING  RecordingCore       health LCR   FAIL (0) — worker error RuntimeError('Could not connect to Keysight E4980 LCR meter. Check USB/LAN cable, instrument power, and VISA backend.')
2026-07-06 17:20:53,858  INFO   RecordingCore       health stage PASS (328) — 328 reads, pos~86.22 mm (outside [5.0, 40.0] — move into range)
2026-07-06 17:21:01,728  WARNING  RecordingCore       HEALTH WARNING: H7 silent 1.0s — no new samples (critical; other instruments still recording)
2026-07-06 17:21:03,723  WARNING  RecordingCore       HEALTH WARNING: LCR silent 3.0s — no new samples (auxiliary; other instruments still recording)
2026-07-06 17:21:03,724  WARNING  PortentaReader      send_command('disarm') ignored — port not open
2026-07-06 17:21:03,784  WARNING  PortentaReader      send_command('disarm') ignored — port not open
2026-07-06 17:21:03,847  WARNING  PortentaReader      send_command('disarm') ignored — port not open
2026-07-06 17:21:03,925  WARNING  PortentaReader      send_command('disarm') ignored — port not open
2026-07-06 17:21:03,986  WARNING  PortentaReader      send_command('disarm') ignored — port not open
2026-07-06 17:21:04,048  WARNING  PortentaReader      send_command('disarm') ignored — port not open
2026-07-06 17:21:04,106  WARNING  PortentaReader      send_command('disarm') ignored — port not open
2026-07-06 17:21:04,172  WARNING  PortentaReader      send_command('disarm') ignored — port not open
2026-07-06 17:21:04,234  WARNING  PortentaReader      send_command('disarm') ignored — port not open
2026-07-06 17:21:04,296  WARNING  PortentaReader      send_command('disarm') ignored — port not open
2026-07-06 17:21:04,358  WARNING  PortentaReader      send_command('disarm') ignored — port not open
2026-07-06 17:21:04,420  WARNING  PortentaReader      send_command('disarm') ignored — port not open
2026-07-06 17:21:04,482  WARNING  PortentaReader      send_command('disarm') ignored — port not open
2026-07-06 17:21:04,544  WARNING  PortentaReader      send_command('disarm') ignored — port not open
2026-07-06 17:21:04,606  WARNING  PortentaReader      send_command('disarm') ignored — port not open
2026-07-06 17:21:04,667  WARNING  PortentaReader      send_command('disarm') ignored — port not open
2026-07-06 17:21:04,729  WARNING  PortentaReader      send_command('disarm') ignored — port not open
2026-07-06 17:21:04,790  WARNING  PortentaReader      send_command('disarm') ignored — port not open
2026-07-06 17:21:04,852  WARNING  PortentaReader      send_command('disarm') ignored — port not open
2026-07-06 17:21:04,913  WARNING  PortentaReader      send_command('disarm') ignored — port not open
2026-07-06 17:21:04,975  WARNING  PortentaReader      send_command('disarm') ignored — port not open
2026-07-06 17:21:05,036  WARNING  PortentaReader      send_command('disarm') ignored — port not open
2026-07-06 17:21:05,098  WARNING  PortentaReader      send_command('disarm') ignored — port not open
2026-07-06 17:21:05,161  WARNING  PortentaReader      send_command('disarm') ignored — port not open
2026-07-06 17:21:05,221  WARNING  PortentaReader      send_command('disarm') ignored — port not open
2026-07-06 17:21:05,284  WARNING  PortentaReader      send_command('disarm') ignored — port not open
2026-07-06 17:21:05,362  WARNING  PortentaReader      send_command('disarm') ignored — port not open
2026-07-06 17:21:05,425  WARNING  PortentaReader      send_command('disarm') ignored — port not open
2026-07-06 17:21:05,487  WARNING  PortentaReader      send_command('disarm') ignored — port not open
2026-07-06 17:21:05,563  WARNING  PortentaReader      send_command('disarm') ignored — port not open
2026-07-06 17:21:05,625  WARNING  PortentaReader      send_command('disarm') ignored — port not open
2026-07-06 17:21:05,688  WARNING  PortentaReader      send_command('disarm') ignored — port not open
2026-07-06 17:21:05,748  WARNING  RecordingCore       HEALTH WARNING: LCR silent 5.0s — no new samples (auxiliary; other instruments still recording)
2026-07-06 17:21:05,749  WARNING  PortentaReader      send_command('disarm') ignored — port not open
2026-07-06 17:21:05,812  WARNING  PortentaReader      send_command('disarm') ignored — port not open
2026-07-06 17:21:05,874  WARNING  PortentaReader      send_command('disarm') ignored — port not open
2026-07-06 17:21:05,936  WARNING  PortentaReader      send_command('disarm') ignored — port not open
2026-07-06 17:21:05,998  WARNING  PortentaReader      send_command('disarm') ignored — port not open
2026-07-06 17:21:06,060  WARNING  PortentaReader      send_command('disarm') ignored — port not open
2026-07-06 17:21:06,119  WARNING  PortentaReader      send_command('disarm') ignored — port not open
2026-07-06 17:21:06,182  WARNING  PortentaReader      send_command('disarm') ignored — port not open
2026-07-06 17:21:06,243  WARNING  PortentaReader      send_command('disarm') ignored — port not open
2026-07-06 17:21:06,304  WARNING  PortentaReader      send_command('disarm') ignored — port not open
2026-07-06 17:21:06,366  WARNING  PortentaReader      send_command('disarm') ignored — port not open
2026-07-06 17:21:06,427  WARNING  PortentaReader      send_command('disarm') ignored — port not open
2026-07-06 17:21:06,489  WARNING  PortentaReader      send_command('disarm') ignored — port not open
2026-07-06 17:21:06,549  WARNING  PortentaReader      send_command('disarm') ignored — port not open
2026-07-06 17:21:06,628  WARNING  PortentaReader      send_command('disarm') ignored — port not open
2026-07-06 17:21:06,689  WARNING  PortentaReader      send_command('disarm') ignored — port not open
2026-07-06 17:21:06,751  WARNING  PortentaReader      send_command('disarm') ignored — port not open
2026-07-06 17:21:06,813  WARNING  PortentaReader      send_command('disarm') ignored — port not open
2026-07-06 17:21:06,865  WARNING  PortentaReader      send_command('disarm') ignored — port not open
2026-07-06 17:21:06,934  WARNING  PortentaReader      send_command('disarm') ignored — port not open
2026-07-06 17:21:06,997  WARNING  PortentaReader      send_command('disarm') ignored — port not open
2026-07-06 17:21:07,061  WARNING  PortentaReader      send_command('disarm') ignored — port not open
2026-07-06 17:21:07,117  WARNING  PortentaReader      send_command('disarm') ignored — port not open
2026-07-06 17:21:07,180  WARNING  PortentaReader      send_command('disarm') ignored — port not open
2026-07-06 17:21:07,246  WARNING  PortentaReader      send_command('disarm') ignored — port not open
2026-07-06 17:21:07,309  WARNING  PortentaReader      send_command('disarm') ignored — port not open
2026-07-06 17:21:07,371  WARNING  PortentaReader      send_command('disarm') ignored — port not open
2026-07-06 17:21:07,432  WARNING  PortentaReader      send_command('disarm') ignored — port not open
2026-07-06 17:21:07,493  WARNING  PortentaReader      send_command('disarm') ignored — port not open
2026-07-06 17:21:07,556  WARNING  PortentaReader      send_command('disarm') ignored — port not open
2026-07-06 17:21:07,614  WARNING  PortentaReader      send_command('disarm') ignored — port not open
2026-07-06 17:21:07,676  WARNING  PortentaReader      send_command('disarm') ignored — port not open
2026-07-06 17:21:07,739  WARNING  RecordingCore       HEALTH WARNING: LCR silent 7.0s — no new samples (auxiliary; other instruments still recording)
2026-07-06 17:21:07,740  WARNING  PortentaReader      send_command('disarm') ignored — port not open
2026-07-06 17:21:07,801  WARNING  PortentaReader      send_command('disarm') ignored — port not open
2026-07-06 17:21:07,866  WARNING  PortentaReader      send_command('disarm') ignored — port not open
2026-07-06 17:21:07,928  WARNING  PortentaReader      send_command('disarm') ignored — port not open
2026-07-06 17:21:07,989  WARNING  PortentaReader      send_command('disarm') ignored — port not open
2026-07-06 17:21:08,050  WARNING  PortentaReader      send_command('disarm') ignored — port not open
2026-07-06 17:21:08,116  WARNING  PortentaReader      send_command('disarm') ignored — port not open
2026-07-06 17:21:08,188  WARNING  PortentaReader      send_command('disarm') ignored — port not open
2026-07-06 17:21:08,253  WARNING  PortentaReader      send_command('disarm') ignored — port not open
2026-07-06 17:21:08,302  WARNING  PortentaReader      send_command('disarm') ignored — port not open
2026-07-06 17:21:08,366  WARNING  PortentaReader      send_command('disarm') ignored — port not open
2026-07-06 17:21:08,430  WARNING  PortentaReader      send_command('disarm') ignored — port not open
2026-07-06 17:21:08,494  WARNING  PortentaReader      send_command('disarm') ignored — port not open
2026-07-06 17:21:08,559  WARNING  PortentaReader      send_command('disarm') ignored — port not open
2026-07-06 17:21:08,621  WARNING  PortentaReader      send_command('disarm') ignored — port not open
2026-07-06 17:21:08,683  WARNING  PortentaReader      send_command('disarm') ignored — port not open
2026-07-06 17:21:08,745  WARNING  PortentaReader      send_command('disarm') ignored — port not open
2026-07-06 17:21:08,806  WARNING  PortentaReader      send_command('disarm') ignored — port not open
2026-07-06 17:21:08,867  WARNING  PortentaReader      send_command('disarm') ignored — port not open
2026-07-06 17:21:08,931  WARNING  PortentaReader      send_command('disarm') ignored — port not open
2026-07-06 17:21:08,993  WARNING  PortentaReader      send_command('disarm') ignored — port not open
2026-07-06 17:21:09,055  WARNING  PortentaReader      send_command('disarm') ignored — port not open
2026-07-06 17:21:09,117  WARNING  PortentaReader      send_command('disarm') ignored — port not open
2026-07-06 17:21:09,178  WARNING  PortentaReader      send_command('disarm') ignored — port not open
2026-07-06 17:21:09,239  WARNING  PortentaReader      send_command('disarm') ignored — port not open
2026-07-06 17:21:09,301  WARNING  PortentaReader      send_command('disarm') ignored — port not open
2026-07-06 17:21:09,363  WARNING  PortentaReader      send_command('disarm') ignored — port not open
2026-07-06 17:21:09,425  WARNING  PortentaReader      send_command('disarm') ignored — port not open
2026-07-06 17:21:09,488  WARNING  PortentaReader      send_command('disarm') ignored — port not open
2026-07-06 17:21:09,565  WARNING  PortentaReader      send_command('disarm') ignored — port not open
2026-07-06 17:21:09,613  WARNING  PortentaReader      send_command('disarm') ignored — port not open
2026-07-06 17:21:09,675  WARNING  PortentaReader      send_command('disarm') ignored — port not open
2026-07-06 17:21:09,751  WARNING  RecordingCore       HEALTH WARNING: LCR silent 9.0s — no new samples (auxiliary; other instruments still recording)
2026-07-06 17:21:09,752  WARNING  PortentaReader      send_command('disarm') ignored — port not open
2026-07-06 17:21:09,801  WARNING  PortentaReader      send_command('disarm') ignored — port not open
2026-07-06 17:21:09,875  WARNING  PortentaReader      send_command('disarm') ignored — port not open
2026-07-06 17:21:09,937  WARNING  PortentaReader      send_command('disarm') ignored — port not open
2026-07-06 17:21:09,999  WARNING  PortentaReader      send_command('disarm') ignored — port not open
2026-07-06 17:21:10,061  WARNING  PortentaReader      send_command('disarm') ignored — port not open
2026-07-06 17:21:10,117  WARNING  PortentaReader      send_command('disarm') ignored — port not open
2026-07-06 17:21:10,183  WARNING  PortentaReader      send_command('disarm') ignored — port not open
2026-07-06 17:21:10,245  WARNING  PortentaReader      send_command('disarm') ignored — port not open
2026-07-06 17:21:10,307  WARNING  PortentaReader      send_command('disarm') ignored — port not open
2026-07-06 17:21:10,369  WARNING  PortentaReader      send_command('disarm') ignored — port not open
2026-07-06 17:21:10,432  WARNING  PortentaReader      send_command('disarm') ignored — port not open
2026-07-06 17:21:10,494  WARNING  PortentaReader      send_command('disarm') ignored — port not open
2026-07-06 17:21:10,556  WARNING  PortentaReader      send_command('disarm') ignored — port not open
2026-07-06 17:21:10,618  WARNING  PortentaReader      send_command('disarm') ignored — port not open
2026-07-06 17:21:10,679  WARNING  PortentaReader      send_command('disarm') ignored — port not open
2026-07-06 17:21:10,741  WARNING  PortentaReader      send_command('disarm') ignored — port not open
2026-07-06 17:21:10,803  WARNING  PortentaReader      send_command('disarm') ignored — port not open
2026-07-06 17:21:10,865  WARNING  PortentaReader      send_command('disarm') ignored — port not open
2026-07-06 17:21:10,928  WARNING  PortentaReader      send_command('disarm') ignored — port not open
2026-07-06 17:21:10,990  WARNING  PortentaReader      send_command('disarm') ignored — port not open
2026-07-06 17:21:11,052  WARNING  PortentaReader      send_command('disarm') ignored — port not open
2026-07-06 17:21:11,113  WARNING  PortentaReader      send_command('disarm') ignored — port not open
2026-07-06 17:21:11,175  WARNING  PortentaReader      send_command('disarm') ignored — port not open
2026-07-06 17:21:11,251  WARNING  PortentaReader      send_command('disarm') ignored — port not open
2026-07-06 17:21:11,313  WARNING  PortentaReader      send_command('disarm') ignored — port not open
2026-07-06 17:21:11,375  WARNING  PortentaReader      send_command('disarm') ignored — port not open
2026-07-06 17:21:11,437  WARNING  PortentaReader      send_command('disarm') ignored — port not open
2026-07-06 17:21:11,498  WARNING  PortentaReader      send_command('disarm') ignored — port not open
2026-07-06 17:21:11,559  WARNING  PortentaReader      send_command('disarm') ignored — port not open
2026-07-06 17:21:11,623  WARNING  PortentaReader      send_command('disarm') ignored — port not open
2026-07-06 17:21:11,684  WARNING  PortentaReader      send_command('disarm') ignored — port not open
2026-07-06 17:21:11,745  WARNING  RecordingCore       HEALTH WARNING: LCR silent 11.0s — no new samples (auxiliary; other instruments still recording)
2026-07-06 17:21:11,745  WARNING  PortentaReader      send_command('disarm') ignored — port not open
2026-07-06 17:21:11,806  WARNING  PortentaReader      send_command('disarm') ignored — port not open
2026-07-06 17:21:11,866  WARNING  PortentaReader      send_command('disarm') ignored — port not open
2026-07-06 17:21:11,931  WARNING  PortentaReader      send_command('disarm') ignored — port not open
2026-07-06 17:21:11,994  WARNING  PortentaReader      send_command('disarm') ignored — port not open
2026-07-06 17:21:12,054  WARNING  PortentaReader      send_command('disarm') ignored — port not open
2026-07-06 17:21:12,113  WARNING  PortentaReader      send_command('disarm') ignored — port not open
2026-07-06 17:21:12,179  WARNING  PortentaReader      send_command('disarm') ignored — port not open
2026-07-06 17:21:12,241  WARNING  PortentaReader      send_command('disarm') ignored — port not open
2026-07-06 17:21:12,303  WARNING  PortentaReader      send_command('disarm') ignored — port not open
2026-07-06 17:21:12,364  WARNING  PortentaReader      send_command('disarm') ignored — port not open
2026-07-06 17:21:12,440  WARNING  PortentaReader      send_command('disarm') ignored — port not open
2026-07-06 17:21:12,503  WARNING  PortentaReader      send_command('disarm') ignored — port not open
2026-07-06 17:21:12,564  WARNING  PortentaReader      send_command('disarm') ignored — port not open
2026-07-06 17:21:12,627  WARNING  PortentaReader      send_command('disarm') ignored — port not open
2026-07-06 17:21:12,689  WARNING  PortentaReader      send_command('disarm') ignored — port not open
2026-07-06 17:21:12,751  WARNING  PortentaReader      send_command('disarm') ignored — port not open
2026-07-06 17:21:12,813  WARNING  PortentaReader      send_command('disarm') ignored — port not open
2026-07-06 17:21:12,874  WARNING  PortentaReader      send_command('disarm') ignored — port not open
2026-07-06 17:21:12,937  WARNING  PortentaReader      send_command('disarm') ignored — port not open
2026-07-06 17:21:12,999  WARNING  PortentaReader      send_command('disarm') ignored — port not open
2026-07-06 17:21:13,060  WARNING  PortentaReader      send_command('disarm') ignored — port not open
2026-07-06 17:21:13,118  WARNING  PortentaReader      send_command('disarm') ignored — port not open
2026-07-06 17:21:13,184  WARNING  PortentaReader      send_command('disarm') ignored — port not open
2026-07-06 17:21:13,246  WARNING  PortentaReader      send_command('disarm') ignored — port not open
2026-07-06 17:21:13,309  WARNING  PortentaReader      send_command('disarm') ignored — port not open
2026-07-06 17:21:13,371  WARNING  PortentaReader      send_command('disarm') ignored — port not open
2026-07-06 17:21:13,432  WARNING  PortentaReader      send_command('disarm') ignored — port not open
2026-07-06 17:21:13,494  WARNING  PortentaReader      send_command('disarm') ignored — port not open
2026-07-06 17:21:13,556  WARNING  PortentaReader      send_command('disarm') ignored — port not open
2026-07-06 17:21:13,617  WARNING  PortentaReader      send_command('disarm') ignored — port not open
2026-07-06 17:21:13,679  WARNING  PortentaReader      send_command('disarm') ignored — port not open
2026-07-06 17:21:13,741  WARNING  RecordingCore       HEALTH WARNING: LCR silent 13.0s — no new samples (auxiliary; other instruments still recording)
2026-07-06 17:21:13,741  WARNING  PortentaReader      send_command('disarm') ignored — port not open
2026-07-06 17:21:13,804  WARNING  PortentaReader      send_command('disarm') ignored — port not open
2026-07-06 17:21:13,866  WARNING  PortentaReader      send_command('disarm') ignored — port not open
2026-07-06 17:21:13,928  WARNING  PortentaReader      send_command('disarm') ignored — port not open
2026-07-06 17:21:13,990  WARNING  PortentaReader      send_command('disarm') ignored — port not open
2026-07-06 17:21:14,053  WARNING  PortentaReader      send_command('disarm') ignored — port not open
2026-07-06 17:21:14,114  WARNING  PortentaReader      send_command('disarm') ignored — port not open
2026-07-06 17:21:14,177  WARNING  PortentaReader      send_command('disarm') ignored — port not open
2026-07-06 17:21:14,239  WARNING  PortentaReader      send_command('disarm') ignored — port not open
2026-07-06 17:21:14,301  WARNING  PortentaReader      send_command('disarm') ignored — port not open
2026-07-06 17:21:14,364  WARNING  PortentaReader      send_command('disarm') ignored — port not open
2026-07-06 17:21:14,425  WARNING  PortentaReader      send_command('disarm') ignored — port not open
2026-07-06 17:21:14,502  WARNING  PortentaReader      send_command('disarm') ignored — port not open
2026-07-06 17:21:14,565  WARNING  PortentaReader      send_command('disarm') ignored — port not open
2026-07-06 17:21:14,626  WARNING  PortentaReader      send_command('disarm') ignored — port not open
2026-07-06 17:21:14,689  WARNING  PortentaReader      send_command('disarm') ignored — port not open
2026-07-06 17:21:14,750  WARNING  PortentaReader      send_command('disarm') ignored — port not open
2026-07-06 17:21:14,812  WARNING  PortentaReader      send_command('disarm') ignored — port not open
2026-07-06 17:21:14,873  WARNING  PortentaReader      send_command('disarm') ignored — port not open
2026-07-06 17:21:14,935  WARNING  PortentaReader      send_command('disarm') ignored — port not open
2026-07-06 17:21:14,996  WARNING  PortentaReader      send_command('disarm') ignored — port not open
2026-07-06 17:21:15,058  WARNING  PortentaReader      send_command('disarm') ignored — port not open
2026-07-06 17:21:15,120  WARNING  PortentaReader      send_command('disarm') ignored — port not open
2026-07-06 17:21:15,182  WARNING  PortentaReader      send_command('disarm') ignored — port not open
2026-07-06 17:21:15,244  WARNING  PortentaReader      send_command('disarm') ignored — port not open
2026-07-06 17:21:15,307  WARNING  PortentaReader      send_command('disarm') ignored — port not open
2026-07-06 17:21:15,370  WARNING  PortentaReader      send_command('disarm') ignored — port not open
2026-07-06 17:21:15,431  WARNING  PortentaReader      send_command('disarm') ignored — port not open
2026-07-06 17:21:15,492  WARNING  PortentaReader      send_command('disarm') ignored — port not open
2026-07-06 17:21:15,555  WARNING  PortentaReader      send_command('disarm') ignored — port not open
2026-07-06 17:21:15,617  WARNING  PortentaReader      send_command('disarm') ignored — port not open
2026-07-06 17:21:15,679  WARNING  PortentaReader      send_command('disarm') ignored — port not open
2026-07-06 17:21:15,741  WARNING  RecordingCore       HEALTH WARNING: LCR silent 15.0s — no new samples (auxiliary; other instruments still recording)
2026-07-06 17:21:15,742  WARNING  PortentaReader      send_command('disarm') ignored — port not open
2026-07-06 17:21:15,803  WARNING  PortentaReader      send_command('disarm') ignored — port not open
2026-07-06 17:21:15,865  WARNING  PortentaReader      send_command('disarm') ignored — port not open
2026-07-06 17:21:15,927  WARNING  PortentaReader      send_command('disarm') ignored — port not open
2026-07-06 17:21:15,988  WARNING  PortentaReader      send_command('disarm') ignored — port not open
2026-07-06 17:21:16,051  WARNING  PortentaReader      send_command('disarm') ignored — port not open
2026-07-06 17:21:16,114  WARNING  PortentaReader      send_command('disarm') ignored — port not open
2026-07-06 17:21:16,175  WARNING  PortentaReader      send_command('disarm') ignored — port not open
2026-07-06 17:21:16,251  WARNING  PortentaReader      send_command('disarm') ignored — port not open
2026-07-06 17:21:16,314  WARNING  PortentaReader      send_command('disarm') ignored — port not open
2026-07-06 17:21:16,376  WARNING  PortentaReader      send_command('disarm') ignored — port not open
2026-07-06 17:21:16,437  WARNING  PortentaReader      send_command('disarm') ignored — port not open
2026-07-06 17:21:16,501  WARNING  PortentaReader      send_command('disarm') ignored — port not open
2026-07-06 17:21:16,563  WARNING  PortentaReader      send_command('disarm') ignored — port not open
2026-07-06 17:21:16,624  WARNING  PortentaReader      send_command('disarm') ignored — port not open
2026-07-06 17:21:16,685  WARNING  PortentaReader      send_command('disarm') ignored — port not open
2026-07-06 17:21:16,747  WARNING  PortentaReader      send_command('disarm') ignored — port not open
2026-07-06 17:21:16,809  WARNING  PortentaReader      send_command('disarm') ignored — port not open
2026-07-06 17:21:16,871  WARNING  PortentaReader      send_command('disarm') ignored — port not open
2026-07-06 17:21:16,934  WARNING  PortentaReader      send_command('disarm') ignored — port not open
2026-07-06 17:21:16,996  WARNING  PortentaReader      send_command('disarm') ignored — port not open
2026-07-06 17:21:17,058  WARNING  PortentaReader      send_command('disarm') ignored — port not open
2026-07-06 17:21:17,118  WARNING  PortentaReader      send_command('disarm') ignored — port not open
2026-07-06 17:21:17,181  WARNING  PortentaReader      send_command('disarm') ignored — port not open
2026-07-06 17:21:17,242  WARNING  PortentaReader      send_command('disarm') ignored — port not open
2026-07-06 17:21:17,305  WARNING  PortentaReader      send_command('disarm') ignored — port not open
2026-07-06 17:21:17,367  WARNING  PortentaReader      send_command('disarm') ignored — port not open
2026-07-06 17:21:17,430  WARNING  PortentaReader      send_command('disarm') ignored — port not open
2026-07-06 17:21:17,492  WARNING  PortentaReader      send_command('disarm') ignored — port not open
2026-07-06 17:21:17,553  WARNING  PortentaReader      send_command('disarm') ignored — port not open
2026-07-06 17:21:17,615  WARNING  PortentaReader      send_command('disarm') ignored — port not open
2026-07-06 17:21:17,677  WARNING  PortentaReader      send_command('disarm') ignored — port not open
2026-07-06 17:21:17,739  WARNING  RecordingCore       HEALTH WARNING: LCR silent 17.0s — no new samples (auxiliary; other instruments still recording)
2026-07-06 17:21:17,740  WARNING  PortentaReader      send_command('disarm') ignored — port not open
2026-07-06 17:21:17,801  WARNING  PortentaReader      send_command('disarm') ignored — port not open
2026-07-06 17:21:17,878  WARNING  PortentaReader      send_command('disarm') ignored — port not open
2026-07-06 17:21:17,940  WARNING  PortentaReader      send_command('disarm') ignored — port not open
2026-07-06 17:21:18,002  WARNING  PortentaReader      send_command('disarm') ignored — port not open
2026-07-06 17:21:18,064  WARNING  PortentaReader      send_command('disarm') ignored — port not open
2026-07-06 17:21:18,121  WARNING  PortentaReader      send_command('disarm') ignored — port not open
2026-07-06 17:21:18,188  WARNING  PortentaReader      send_command('disarm') ignored — port not open
2026-07-06 17:21:18,250  WARNING  PortentaReader      send_command('disarm') ignored — port not open
2026-07-06 17:21:18,312  WARNING  PortentaReader      send_command('disarm') ignored — port not open
2026-07-06 17:21:18,374  WARNING  PortentaReader      send_command('disarm') ignored — port not open
2026-07-06 17:21:18,435  WARNING  PortentaReader      send_command('disarm') ignored — port not open
2026-07-06 17:21:18,497  WARNING  PortentaReader      send_command('disarm') ignored — port not open
2026-07-06 17:21:18,559  WARNING  PortentaReader      send_command('disarm') ignored — port not open
2026-07-06 17:21:18,621  WARNING  PortentaReader      send_command('disarm') ignored — port not open
2026-07-06 17:21:18,683  WARNING  PortentaReader      send_command('disarm') ignored — port not open
2026-07-06 17:21:18,744  WARNING  PortentaReader      send_command('disarm') ignored — port not open
2026-07-06 17:21:18,806  WARNING  PortentaReader      send_command('disarm') ignored — port not open
2026-07-06 17:21:18,867  WARNING  PortentaReader      send_command('disarm') ignored — port not open
2026-07-06 17:21:18,929  WARNING  PortentaReader      send_command('disarm') ignored — port not open
2026-07-06 17:21:18,991  WARNING  PortentaReader      send_command('disarm') ignored — port not open
2026-07-06 17:21:19,053  WARNING  PortentaReader      send_command('disarm') ignored — port not open
2026-07-06 17:21:19,116  WARNING  PortentaReader      send_command('disarm') ignored — port not open
2026-07-06 17:21:19,178  WARNING  PortentaReader      send_command('disarm') ignored — port not open
2026-07-06 17:21:19,240  WARNING  PortentaReader      send_command('disarm') ignored — port not open
2026-07-06 17:21:19,302  WARNING  PortentaReader      send_command('disarm') ignored — port not open
2026-07-06 17:21:19,363  WARNING  PortentaReader      send_command('disarm') ignored — port not open
2026-07-06 17:21:19,427  WARNING  PortentaReader      send_command('disarm') ignored — port not open
2026-07-06 17:21:19,489  WARNING  PortentaReader      send_command('disarm') ignored — port not open
2026-07-06 17:21:19,551  WARNING  PortentaReader      send_command('disarm') ignored — port not open
2026-07-06 17:21:19,613  WARNING  PortentaReader      send_command('disarm') ignored — port not open
2026-07-06 17:21:19,689  WARNING  PortentaReader      send_command('disarm') ignored — port not open
2026-07-06 17:21:19,741  WARNING  RecordingCore       HEALTH WARNING: LCR silent 19.0s — no new samples (auxiliary; other instruments still recording)
2026-07-06 17:21:19,742  WARNING  PortentaReader      send_command('disarm') ignored — port not open
2026-07-06 17:21:19,801  WARNING  PortentaReader      send_command('disarm') ignored — port not open
2026-07-06 17:21:19,876  WARNING  PortentaReader      send_command('disarm') ignored — port not open
2026-07-06 17:21:19,929  WARNING  PortentaReader      send_command('disarm') ignored — port not open
2026-07-06 17:21:19,988  WARNING  PortentaReader      send_command('disarm') ignored — port not open
2026-07-06 17:21:20,052  WARNING  PortentaReader      send_command('disarm') ignored — port not open
2026-07-06 17:21:20,113  WARNING  PortentaReader      send_command('disarm') ignored — port not open
2026-07-06 17:21:20,180  WARNING  PortentaReader      send_command('disarm') ignored — port not open
2026-07-06 17:21:20,244  WARNING  PortentaReader      send_command('disarm') ignored — port not open
2026-07-06 17:21:20,308  WARNING  PortentaReader      send_command('disarm') ignored — port not open
2026-07-06 17:21:20,372  WARNING  PortentaReader      send_command('disarm') ignored — port not open
2026-07-06 17:21:20,437  WARNING  PortentaReader      send_command('disarm') ignored — port not open
2026-07-06 17:21:20,498  WARNING  PortentaReader      send_command('disarm') ignored — port not open
2026-07-06 17:21:20,561  WARNING  PortentaReader      send_command('disarm') ignored — port not open
2026-07-06 17:21:20,619  WARNING  PortentaReader      send_command('disarm') ignored — port not open
2026-07-06 17:21:20,679  WARNING  PortentaReader      send_command('disarm') ignored — port not open
2026-07-06 17:21:20,738  WARNING  PortentaReader      send_command('disarm') ignored — port not open
2026-07-06 17:21:20,806  WARNING  PortentaReader      send_command('disarm') ignored — port not open
2026-07-06 17:21:20,873  WARNING  PortentaReader      send_command('disarm') ignored — port not open
2026-07-06 17:21:20,935  WARNING  PortentaReader      send_command('disarm') ignored — port not open
2026-07-06 17:21:20,997  WARNING  PortentaReader      send_command('disarm') ignored — port not open
2026-07-06 17:21:21,058  WARNING  PortentaReader      send_command('disarm') ignored — port not open
2026-07-06 17:21:21,114  WARNING  PortentaReader      send_command('disarm') ignored — port not open
2026-07-06 17:21:21,182  WARNING  PortentaReader      send_command('disarm') ignored — port not open
2026-07-06 17:21:21,241  WARNING  PortentaReader      send_command('disarm') ignored — port not open
2026-07-06 17:21:21,301  WARNING  PortentaReader      send_command('disarm') ignored — port not open
2026-07-06 17:21:21,368  WARNING  PortentaReader      send_command('disarm') ignored — port not open
2026-07-06 17:21:21,428  WARNING  PortentaReader      send_command('disarm') ignored — port not open
2026-07-06 17:21:21,489  WARNING  PortentaReader      send_command('disarm') ignored — port not open
2026-07-06 17:21:21,556  WARNING  PortentaReader      send_command('disarm') ignored — port not open
2026-07-06 17:21:21,616  WARNING  PortentaReader      send_command('disarm') ignored — port not open
2026-07-06 17:21:21,680  WARNING  PortentaReader      send_command('disarm') ignored — port not open
2026-07-06 17:21:21,742  WARNING  RecordingCore       HEALTH WARNING: LCR silent 21.0s — no new samples (auxiliary; other instruments still recording)
2026-07-06 17:21:21,743  WARNING  PortentaReader      send_command('disarm') ignored — port not open
2026-07-06 17:21:21,804  WARNING  PortentaReader      send_command('disarm') ignored — port not open
2026-07-06 17:21:21,866  WARNING  PortentaReader      send_command('disarm') ignored — port not open
2026-07-06 17:21:21,929  WARNING  PortentaReader      send_command('disarm') ignored — port not open
2026-07-06 17:21:21,991  WARNING  PortentaReader      send_command('disarm') ignored — port not open
2026-07-06 17:21:22,051  WARNING  PortentaReader      send_command('disarm') ignored — port not open
2026-07-06 17:21:22,115  WARNING  PortentaReader      send_command('disarm') ignored — port not open
2026-07-06 17:21:22,180  WARNING  PortentaReader      send_command('disarm') ignored — port not open
2026-07-06 17:21:22,239  WARNING  PortentaReader      send_command('disarm') ignored — port not open
2026-07-06 17:21:22,307  WARNING  PortentaReader      send_command('disarm') ignored — port not open
2026-07-06 17:21:22,367  WARNING  PortentaReader      send_command('disarm') ignored — port not open
2026-07-06 17:21:22,427  WARNING  PortentaReader      send_command('disarm') ignored — port not open
2026-07-06 17:21:22,495  WARNING  PortentaReader      send_command('disarm') ignored — port not open
2026-07-06 17:21:22,555  WARNING  PortentaReader      send_command('disarm') ignored — port not open
2026-07-06 17:21:22,623  WARNING  PortentaReader      send_command('disarm') ignored — port not open
2026-07-06 17:21:22,682  WARNING  PortentaReader      send_command('disarm') ignored — port not open
2026-07-06 17:21:22,747  WARNING  PortentaReader      send_command('disarm') ignored — port not open
2026-07-06 17:21:22,808  WARNING  PortentaReader      send_command('disarm') ignored — port not open
2026-07-06 17:21:22,870  WARNING  PortentaReader      send_command('disarm') ignored — port not open
2026-07-06 17:21:22,930  WARNING  PortentaReader      send_command('disarm') ignored — port not open
2026-07-06 17:21:22,995  WARNING  PortentaReader      send_command('disarm') ignored — port not open
2026-07-06 17:21:23,057  WARNING  PortentaReader      send_command('disarm') ignored — port not open
2026-07-06 17:21:23,114  WARNING  PortentaReader      send_command('disarm') ignored — port not open
2026-07-06 17:21:23,181  WARNING  PortentaReader      send_command('disarm') ignored — port not open
2026-07-06 17:21:23,243  WARNING  PortentaReader      send_command('disarm') ignored — port not open
2026-07-06 17:21:23,304  WARNING  PortentaReader      send_command('disarm') ignored — port not open
2026-07-06 17:21:23,366  WARNING  PortentaReader      send_command('disarm') ignored — port not open
2026-07-06 17:21:23,429  WARNING  PortentaReader      send_command('disarm') ignored — port not open
2026-07-06 17:21:23,491  WARNING  PortentaReader      send_command('disarm') ignored — port not open
2026-07-06 17:21:23,554  WARNING  PortentaReader      send_command('disarm') ignored — port not open
2026-07-06 17:21:23,616  WARNING  PortentaReader      send_command('disarm') ignored — port not open
2026-07-06 17:21:23,677  WARNING  PortentaReader      send_command('disarm') ignored — port not open
2026-07-06 17:21:23,739  WARNING  RecordingCore       HEALTH WARNING: LCR silent 23.0s — no new samples (auxiliary; other instruments still recording)
2026-07-06 17:21:23,739  WARNING  PortentaReader      send_command('disarm') ignored — port not open
2026-07-06 17:21:23,801  WARNING  PortentaReader      send_command('disarm') ignored — port not open
2026-07-06 17:21:23,877  WARNING  PortentaReader      send_command('disarm') ignored — port not open
2026-07-06 17:21:23,938  WARNING  PortentaReader      send_command('disarm') ignored — port not open
2026-07-06 17:21:24,001  WARNING  PortentaReader      send_command('disarm') ignored — port not open
2026-07-06 17:21:24,054  WARNING  PortentaReader      send_command('disarm') ignored — port not open
2026-07-06 17:21:24,121  WARNING  PortentaReader      send_command('disarm') ignored — port not open
2026-07-06 17:21:24,188  WARNING  PortentaReader      send_command('disarm') ignored — port not open
2026-07-06 17:21:24,239  WARNING  PortentaReader      send_command('disarm') ignored — port not open
2026-07-06 17:21:24,310  WARNING  PortentaReader      send_command('disarm') ignored — port not open
2026-07-06 17:21:24,371  WARNING  PortentaReader      send_command('disarm') ignored — port not open
2026-07-06 17:21:24,434  WARNING  PortentaReader      send_command('disarm') ignored — port not open
2026-07-06 17:21:24,495  WARNING  PortentaReader      send_command('disarm') ignored — port not open
2026-07-06 17:21:24,557  WARNING  PortentaReader      send_command('disarm') ignored — port not open
2026-07-06 17:21:24,617  WARNING  PortentaReader      send_command('disarm') ignored — port not open
2026-07-06 17:21:24,677  WARNING  PortentaReader      send_command('disarm') ignored — port not open
2026-07-06 17:21:24,744  WARNING  PortentaReader      send_command('disarm') ignored — port not open
2026-07-06 17:21:24,804  WARNING  PortentaReader      send_command('disarm') ignored — port not open
2026-07-06 17:21:24,864  WARNING  PortentaReader      send_command('disarm') ignored — port not open
2026-07-06 17:21:24,926  WARNING  PortentaReader      send_command('disarm') ignored — port not open
2026-07-06 17:21:24,988  WARNING  PortentaReader      send_command('disarm') ignored — port not open
2026-07-06 17:21:25,050  WARNING  PortentaReader      send_command('disarm') ignored — port not open
2026-07-06 17:21:25,113  WARNING  PortentaReader      send_command('disarm') ignored — port not open
2026-07-06 17:21:25,176  WARNING  PortentaReader      send_command('disarm') ignored — port not open
2026-07-06 17:21:25,253  WARNING  PortentaReader      send_command('disarm') ignored — port not open
2026-07-06 17:21:25,301  WARNING  PortentaReader      send_command('disarm') ignored — port not open
2026-07-06 17:21:25,363  WARNING  PortentaReader      send_command('disarm') ignored — port not open
2026-07-06 17:21:25,427  WARNING  PortentaReader      send_command('disarm') ignored — port not open
2026-07-06 17:21:25,502  WARNING  PortentaReader      send_command('disarm') ignored — port not open
2026-07-06 17:21:25,554  WARNING  PortentaReader      send_command('disarm') ignored — port not open
2026-07-06 17:21:25,613  WARNING  PortentaReader      send_command('disarm') ignored — port not open
2026-07-06 17:21:25,682  WARNING  PortentaReader      send_command('disarm') ignored — port not open
2026-07-06 17:21:25,738  WARNING  RecordingCore       HEALTH WARNING: LCR silent 25.0s — no new samples (auxiliary; other instruments still recording)
2026-07-06 17:21:25,739  WARNING  PortentaReader      send_command('disarm') ignored — port not open
2026-07-06 17:21:25,802  WARNING  PortentaReader      send_command('disarm') ignored — port not open
2026-07-06 17:21:25,866  WARNING  PortentaReader      send_command('disarm') ignored — port not open
2026-07-06 17:21:25,934  WARNING  PortentaReader      send_command('disarm') ignored — port not open
2026-07-06 17:21:25,995  WARNING  PortentaReader      send_command('disarm') ignored — port not open
2026-07-06 17:21:26,057  WARNING  PortentaReader      send_command('disarm') ignored — port not open
2026-07-06 17:21:26,119  WARNING  PortentaReader      send_command('disarm') ignored — port not open
2026-07-06 17:21:26,180  WARNING  PortentaReader      send_command('disarm') ignored — port not open
2026-07-06 17:21:26,243  WARNING  PortentaReader      send_command('disarm') ignored — port not open
2026-07-06 17:21:26,304  WARNING  PortentaReader      send_command('disarm') ignored — port not open
2026-07-06 17:21:26,366  WARNING  PortentaReader      send_command('disarm') ignored — port not open
2026-07-06 17:21:26,429  WARNING  PortentaReader      send_command('disarm') ignored — port not open
2026-07-06 17:21:26,490  WARNING  PortentaReader      send_command('disarm') ignored — port not open
2026-07-06 17:21:26,552  WARNING  PortentaReader      send_command('disarm') ignored — port not open
2026-07-06 17:21:26,613  WARNING  PortentaReader      send_command('disarm') ignored — port not open
2026-07-06 17:21:26,676  WARNING  PortentaReader      send_command('disarm') ignored — port not open
2026-07-06 17:21:26,738  WARNING  PortentaReader      send_command('disarm') ignored — port not open
2026-07-06 17:21:26,815  WARNING  PortentaReader      send_command('disarm') ignored — port not open
2026-07-06 17:21:26,877  WARNING  PortentaReader      send_command('disarm') ignored — port not open
2026-07-06 17:21:26,938  WARNING  PortentaReader      send_command('disarm') ignored — port not open
2026-07-06 17:21:27,002  WARNING  PortentaReader      send_command('disarm') ignored — port not open
2026-07-06 17:21:27,063  WARNING  PortentaReader      send_command('disarm') ignored — port not open
2026-07-06 17:21:27,118  WARNING  PortentaReader      send_command('disarm') ignored — port not open
2026-07-06 17:21:27,188  WARNING  PortentaReader      send_command('disarm') ignored — port not open
2026-07-06 17:21:27,248  WARNING  PortentaReader      send_command('disarm') ignored — port not open
2026-07-06 17:21:27,301  WARNING  PortentaReader      send_command('disarm') ignored — port not open
2026-07-06 17:21:27,373  WARNING  PortentaReader      send_command('disarm') ignored — port not open
2026-07-06 17:21:27,434  WARNING  PortentaReader      send_command('disarm') ignored — port not open
2026-07-06 17:21:27,497  WARNING  PortentaReader      send_command('disarm') ignored — port not open
2026-07-06 17:21:27,560  WARNING  PortentaReader      send_command('disarm') ignored — port not open
2026-07-06 17:21:27,622  WARNING  PortentaReader      send_command('disarm') ignored — port not open
2026-07-06 17:21:27,684  WARNING  PortentaReader      send_command('disarm') ignored — port not open
2026-07-06 17:21:27,745  WARNING  RecordingCore       HEALTH WARNING: LCR silent 27.0s — no new samples (auxiliary; other instruments still recording)
2026-07-06 17:21:27,746  WARNING  PortentaReader      send_command('disarm') ignored — port not open
2026-07-06 17:21:27,808  WARNING  PortentaReader      send_command('disarm') ignored — port not open
2026-07-06 17:21:27,868  WARNING  PortentaReader      send_command('disarm') ignored — port not open
2026-07-06 17:21:27,930  WARNING  PortentaReader      send_command('disarm') ignored — port not open
2026-07-06 17:21:27,993  WARNING  PortentaReader      send_command('disarm') ignored — port not open
2026-07-06 17:21:28,054  WARNING  PortentaReader      send_command('disarm') ignored — port not open
2026-07-06 17:21:28,114  WARNING  PortentaReader      send_command('disarm') ignored — port not open
2026-07-06 17:21:28,177  WARNING  PortentaReader      send_command('disarm') ignored — port not open
2026-07-06 17:21:28,239  WARNING  PortentaReader      send_command('disarm') ignored — port not open
2026-07-06 17:21:28,300  WARNING  PortentaReader      send_command('disarm') ignored — port not open
2026-07-06 17:21:28,377  WARNING  PortentaReader      send_command('disarm') ignored — port not open
2026-07-06 17:21:28,434  WARNING  PortentaReader      send_command('disarm') ignored — port not open
2026-07-06 17:21:28,501  WARNING  PortentaReader      send_command('disarm') ignored — port not open
2026-07-06 17:21:28,562  WARNING  PortentaReader      send_command('disarm') ignored — port not open
2026-07-06 17:21:28,625  WARNING  PortentaReader      send_command('disarm') ignored — port not open
2026-07-06 17:21:28,688  WARNING  PortentaReader      send_command('disarm') ignored — port not open
2026-07-06 17:21:28,742  WARNING  PortentaReader      send_command('disarm') ignored — port not open
2026-07-06 17:21:28,809  WARNING  PortentaReader      send_command('disarm') ignored — port not open
2026-07-06 17:21:28,865  WARNING  PortentaReader      send_command('disarm') ignored — port not open
2026-07-06 17:21:28,929  WARNING  PortentaReader      send_command('disarm') ignored — port not open
2026-07-06 17:21:28,992  WARNING  PortentaReader      send_command('disarm') ignored — port not open
2026-07-06 17:21:29,056  WARNING  PortentaReader      send_command('disarm') ignored — port not open
2026-07-06 17:21:29,121  WARNING  PortentaReader      send_command('disarm') ignored — port not open
2026-07-06 17:21:29,184  WARNING  PortentaReader      send_command('disarm') ignored — port not open
2026-07-06 17:21:29,247  WARNING  PortentaReader      send_command('disarm') ignored — port not open
2026-07-06 17:21:29,309  WARNING  PortentaReader      send_command('disarm') ignored — port not open
2026-07-06 17:21:29,372  WARNING  PortentaReader      send_command('disarm') ignored — port not open
2026-07-06 17:21:29,434  WARNING  PortentaReader      send_command('disarm') ignored — port not open
2026-07-06 17:21:29,489  WARNING  PortentaReader      send_command('disarm') ignored — port not open
2026-07-06 17:21:29,559  WARNING  PortentaReader      send_command('disarm') ignored — port not open
2026-07-06 17:21:29,621  WARNING  PortentaReader      send_command('disarm') ignored — port not open
2026-07-06 17:21:29,684  WARNING  PortentaReader      send_command('disarm') ignored — port not open
2026-07-06 17:21:29,745  WARNING  RecordingCore       HEALTH WARNING: LCR silent 29.0s — no new samples (auxiliary; other instruments still recording)
2026-07-06 17:21:29,746  WARNING  PortentaReader      send_command('disarm') ignored — port not open
2026-07-06 17:21:29,806  WARNING  PortentaReader      send_command('disarm') ignored — port not open
2026-07-06 17:21:29,867  WARNING  PortentaReader      send_command('disarm') ignored — port not open
2026-07-06 17:21:29,931  WARNING  PortentaReader      send_command('disarm') ignored — port not open
2026-07-06 17:21:29,993  WARNING  PortentaReader      send_command('disarm') ignored — port not open
2026-07-06 17:21:30,055  WARNING  PortentaReader      send_command('disarm') ignored — port not open
2026-07-06 17:21:30,114  WARNING  PortentaReader      send_command('disarm') ignored — port not open
2026-07-06 17:21:30,178  WARNING  PortentaReader      send_command('disarm') ignored — port not open
2026-07-06 17:21:30,239  WARNING  PortentaReader      send_command('disarm') ignored — port not open
2026-07-06 17:21:30,302  WARNING  PortentaReader      send_command('disarm') ignored — port not open
2026-07-06 17:21:30,364  WARNING  PortentaReader      send_command('disarm') ignored — port not open
2026-07-06 17:21:30,427  WARNING  PortentaReader      send_command('disarm') ignored — port not open
2026-07-06 17:21:30,488  WARNING  PortentaReader      send_command('disarm') ignored — port not open
2026-07-06 17:21:30,566  WARNING  PortentaReader      send_command('disarm') ignored — port not open
2026-07-06 17:21:30,628  WARNING  PortentaReader      send_command('disarm') ignored — port not open
2026-07-06 17:21:30,692  WARNING  PortentaReader      send_command('disarm') ignored — port not open
2026-07-06 17:21:30,754  WARNING  PortentaReader      send_command('disarm') ignored — port not open
2026-07-06 17:21:30,831  WARNING  PortentaReader      send_command('disarm') ignored — port not open
2026-07-06 17:21:30,893  WARNING  PortentaReader      send_command('disarm') ignored — port not open
2026-07-06 17:21:30,955  WARNING  PortentaReader      send_command('disarm') ignored — port not open
2026-07-06 17:21:31,016  WARNING  PortentaReader      send_command('disarm') ignored — port not open
2026-07-06 17:21:31,077  WARNING  PortentaReader      send_command('disarm') ignored — port not open
2026-07-06 17:21:31,140  WARNING  PortentaReader      send_command('disarm') ignored — port not open
2026-07-06 17:21:31,202  WARNING  PortentaReader      send_command('disarm') ignored — port not open
2026-07-06 17:21:31,264  WARNING  PortentaReader      send_command('disarm') ignored — port not open
2026-07-06 17:21:31,325  WARNING  PortentaReader      send_command('disarm') ignored — port not open
2026-07-06 17:21:31,387  WARNING  PortentaReader      send_command('disarm') ignored — port not open
2026-07-06 17:21:31,450  WARNING  PortentaReader      send_command('disarm') ignored — port not open
2026-07-06 17:21:31,511  WARNING  PortentaReader      send_command('disarm') ignored — port not open
2026-07-06 17:21:31,573  WARNING  PortentaReader      send_command('disarm') ignored — port not open
2026-07-06 17:21:31,636  WARNING  PortentaReader      send_command('disarm') ignored — port not open
2026-07-06 17:21:31,697  WARNING  PortentaReader      send_command('disarm') ignored — port not open
2026-07-06 17:21:31,759  WARNING  RecordingCore       HEALTH WARNING: LCR silent 31.0s — no new samples (auxiliary; other instruments still recording)
2026-07-06 17:21:31,760  WARNING  PortentaReader      send_command('disarm') ignored — port not open
2026-07-06 17:21:31,821  WARNING  PortentaReader      send_command('disarm') ignored — port not open
2026-07-06 17:21:31,883  WARNING  PortentaReader      send_command('disarm') ignored — port not open
2026-07-06 17:21:31,946  WARNING  PortentaReader      send_command('disarm') ignored — port not open
2026-07-06 17:21:32,007  WARNING  PortentaReader      send_command('disarm') ignored — port not open
2026-07-06 17:21:32,069  WARNING  PortentaReader      send_command('disarm') ignored — port not open
2026-07-06 17:21:32,131  WARNING  PortentaReader      send_command('disarm') ignored — port not open
2026-07-06 17:21:32,192  WARNING  PortentaReader      send_command('disarm') ignored — port not open
2026-07-06 17:21:32,254  WARNING  PortentaReader      send_command('disarm') ignored — port not open
2026-07-06 17:21:32,316  WARNING  PortentaReader      send_command('disarm') ignored — port not open
2026-07-06 17:21:32,393  WARNING  PortentaReader      send_command('disarm') ignored — port not open
2026-07-06 17:21:32,455  WARNING  PortentaReader      send_command('disarm') ignored — port not open
2026-07-06 17:21:32,517  WARNING  PortentaReader      send_command('disarm') ignored — port not open
2026-07-06 17:21:32,580  WARNING  PortentaReader      send_command('disarm') ignored — port not open
2026-07-06 17:21:32,642  WARNING  PortentaReader      send_command('disarm') ignored — port not open
2026-07-06 17:21:32,694  WARNING  PortentaReader      send_command('disarm') ignored — port not open
2026-07-06 17:21:32,753  WARNING  PortentaReader      send_command('disarm') ignored — port not open
2026-07-06 17:21:32,821  WARNING  PortentaReader      send_command('disarm') ignored — port not open
2026-07-06 17:21:32,881  WARNING  PortentaReader      send_command('disarm') ignored — port not open
2026-07-06 17:21:32,941  WARNING  PortentaReader      send_command('disarm') ignored — port not open
2026-07-06 17:21:33,015  WARNING  PortentaReader      send_command('disarm') ignored — port not open
2026-07-06 17:21:33,077  WARNING  PortentaReader      send_command('disarm') ignored — port not open
2026-07-06 17:21:33,129  WARNING  PortentaReader      send_command('disarm') ignored — port not open
2026-07-06 17:21:33,197  WARNING  PortentaReader      send_command('disarm') ignored — port not open
2026-07-06 17:21:33,262  WARNING  PortentaReader      send_command('disarm') ignored — port not open
2026-07-06 17:21:33,323  WARNING  PortentaReader      send_command('disarm') ignored — port not open
2026-07-06 17:21:33,383  WARNING  PortentaReader      send_command('disarm') ignored — port not open
2026-07-06 17:21:33,448  WARNING  PortentaReader      send_command('disarm') ignored — port not open
2026-07-06 17:21:33,510  WARNING  PortentaReader      send_command('disarm') ignored — port not open
2026-07-06 17:21:33,572  WARNING  PortentaReader      send_command('disarm') ignored — port not open
2026-07-06 17:21:33,633  WARNING  PortentaReader      send_command('disarm') ignored — port not open
2026-07-06 17:21:33,696  WARNING  PortentaReader      send_command('disarm') ignored — port not open
2026-07-06 17:21:33,757  WARNING  RecordingCore       HEALTH WARNING: LCR silent 33.0s — no new samples (auxiliary; other instruments still recording)
2026-07-06 17:21:33,758  WARNING  PortentaReader      send_command('disarm') ignored — port not open
2026-07-06 17:21:33,819  WARNING  PortentaReader      send_command('disarm') ignored — port not open
2026-07-06 17:21:33,881  WARNING  PortentaReader      send_command('disarm') ignored — port not open
2026-07-06 17:21:33,944  WARNING  PortentaReader      send_command('disarm') ignored — port not open
2026-07-06 17:21:34,004  WARNING  PortentaReader      send_command('disarm') ignored — port not open
2026-07-06 17:21:34,067  WARNING  PortentaReader      send_command('disarm') ignored — port not open
2026-07-06 17:21:34,130  WARNING  PortentaReader      send_command('disarm') ignored — port not open
2026-07-06 17:21:34,191  WARNING  PortentaReader      send_command('disarm') ignored — port not open
2026-07-06 17:21:34,253  WARNING  PortentaReader      send_command('disarm') ignored — port not open
2026-07-06 17:21:34,330  WARNING  PortentaReader      send_command('disarm') ignored — port not open
2026-07-06 17:21:34,392  WARNING  PortentaReader      send_command('disarm') ignored — port not open
2026-07-06 17:21:34,455  WARNING  PortentaReader      send_command('disarm') ignored — port not open
2026-07-06 17:21:34,516  WARNING  PortentaReader      send_command('disarm') ignored — port not open
2026-07-06 17:21:34,577  WARNING  PortentaReader      send_command('disarm') ignored — port not open
2026-07-06 17:21:34,639  WARNING  PortentaReader      send_command('disarm') ignored — port not open
2026-07-06 17:21:34,701  WARNING  PortentaReader      send_command('disarm') ignored — port not open
2026-07-06 17:21:34,762  WARNING  PortentaReader      send_command('disarm') ignored — port not open
2026-07-06 17:21:34,824  WARNING  PortentaReader      send_command('disarm') ignored — port not open
2026-07-06 17:21:34,885  WARNING  PortentaReader      send_command('disarm') ignored — port not open
2026-07-06 17:21:34,947  WARNING  PortentaReader      send_command('disarm') ignored — port not open
2026-07-06 17:21:35,009  WARNING  PortentaReader      send_command('disarm') ignored — port not open
2026-07-06 17:21:35,071  WARNING  PortentaReader      send_command('disarm') ignored — port not open
2026-07-06 17:21:35,134  WARNING  PortentaReader      send_command('disarm') ignored — port not open
2026-07-06 17:21:35,194  WARNING  PortentaReader      send_command('disarm') ignored — port not open
2026-07-06 17:21:35,257  WARNING  PortentaReader      send_command('disarm') ignored — port not open
2026-07-06 17:21:35,318  WARNING  PortentaReader      send_command('disarm') ignored — port not open
2026-07-06 17:21:35,381  WARNING  PortentaReader      send_command('disarm') ignored — port not open
2026-07-06 17:21:35,443  WARNING  PortentaReader      send_command('disarm') ignored — port not open
2026-07-06 17:21:35,505  WARNING  PortentaReader      send_command('disarm') ignored — port not open
2026-07-06 17:21:35,567  WARNING  PortentaReader      send_command('disarm') ignored — port not open
2026-07-06 17:21:35,630  WARNING  PortentaReader      send_command('disarm') ignored — port not open
2026-07-06 17:21:35,692  WARNING  PortentaReader      send_command('disarm') ignored — port not open
2026-07-06 17:21:35,754  WARNING  RecordingCore       HEALTH WARNING: LCR silent 35.0s — no new samples (auxiliary; other instruments still recording)
2026-07-06 17:21:35,754  WARNING  PortentaReader      send_command('disarm') ignored — port not open
2026-07-06 17:21:35,817  WARNING  PortentaReader      send_command('disarm') ignored — port not open
2026-07-06 17:21:35,879  WARNING  PortentaReader      send_command('disarm') ignored — port not open
2026-07-06 17:21:35,941  WARNING  PortentaReader      send_command('disarm') ignored — port not open
2026-07-06 17:21:36,003  WARNING  PortentaReader      send_command('disarm') ignored — port not open
2026-07-06 17:21:36,065  WARNING  PortentaReader      send_command('disarm') ignored — port not open
2026-07-06 17:21:36,137  WARNING  PortentaReader      send_command('disarm') ignored — port not open
2026-07-06 17:21:36,191  WARNING  PortentaReader      send_command('disarm') ignored — port not open
2026-07-06 17:21:36,256  WARNING  PortentaReader      send_command('disarm') ignored — port not open
2026-07-06 17:21:36,317  WARNING  PortentaReader      send_command('disarm') ignored — port not open
2026-07-06 17:21:36,385  WARNING  PortentaReader      send_command('disarm') ignored — port not open
2026-07-06 17:21:36,453  WARNING  PortentaReader      send_command('disarm') ignored — port not open
2026-07-06 17:21:36,515  WARNING  PortentaReader      send_command('disarm') ignored — port not open
2026-07-06 17:21:36,577  WARNING  PortentaReader      send_command('disarm') ignored — port not open
2026-07-06 17:21:36,638  WARNING  PortentaReader      send_command('disarm') ignored — port not open
2026-07-06 17:21:36,692  WARNING  PortentaReader      send_command('disarm') ignored — port not open
2026-07-06 17:21:36,764  WARNING  PortentaReader      send_command('disarm') ignored — port not open
2026-07-06 17:21:36,775  WARNING  Driver_ZaberStage   move_to 50.000 mm clamped to 40.000 mm (limits [5.000, 40.000])
2026-07-06 17:21:36,826  WARNING  PortentaReader      send_command('disarm') ignored — port not open
2026-07-06 17:21:36,888  WARNING  PortentaReader      send_command('disarm') ignored — port not open
2026-07-06 17:21:36,942  WARNING  PortentaReader      send_command('disarm') ignored — port not open
2026-07-06 17:21:37,006  WARNING  PortentaReader      send_command('disarm') ignored — port not open
2026-07-06 17:21:37,069  WARNING  PortentaReader      send_command('disarm') ignored — port not open
2026-07-06 17:21:37,134  WARNING  PortentaReader      send_command('disarm') ignored — port not open
2026-07-06 17:21:37,199  WARNING  PortentaReader      send_command('disarm') ignored — port not open
2026-07-06 17:21:37,261  WARNING  PortentaReader      send_command('disarm') ignored — port not open
2026-07-06 17:21:37,323  WARNING  PortentaReader      send_command('disarm') ignored — port not open
2026-07-06 17:21:37,385  WARNING  PortentaReader      send_command('disarm') ignored — port not open
2026-07-06 17:21:37,447  WARNING  PortentaReader      send_command('disarm') ignored — port not open
2026-07-06 17:21:37,509  WARNING  PortentaReader      send_command('disarm') ignored — port not open
2026-07-06 17:21:37,571  WARNING  PortentaReader      send_command('disarm') ignored — port not open
2026-07-06 17:21:37,633  WARNING  PortentaReader      send_command('disarm') ignored — port not open
2026-07-06 17:21:37,695  WARNING  PortentaReader      send_command('disarm') ignored — port not open
2026-07-06 17:21:37,756  WARNING  RecordingCore       HEALTH WARNING: LCR silent 37.0s — no new samples (auxiliary; other instruments still recording)
2026-07-06 17:21:37,757  WARNING  PortentaReader      send_command('disarm') ignored — port not open
2026-07-06 17:21:37,819  WARNING  PortentaReader      send_command('disarm') ignored — port not open
2026-07-06 17:21:37,881  WARNING  PortentaReader      send_command('disarm') ignored — port not open
2026-07-06 17:21:37,943  WARNING  PortentaReader      send_command('disarm') ignored — port not open
2026-07-06 17:21:38,005  WARNING  PortentaReader      send_command('disarm') ignored — port not open
2026-07-06 17:21:38,067  WARNING  PortentaReader      send_command('disarm') ignored — port not open
2026-07-06 17:21:38,129  WARNING  PortentaReader      send_command('disarm') ignored — port not open
2026-07-06 17:21:38,206  WARNING  PortentaReader      send_command('disarm') ignored — port not open
2026-07-06 17:21:38,268  WARNING  PortentaReader      send_command('disarm') ignored — port not open
2026-07-06 17:21:38,329  WARNING  PortentaReader      send_command('disarm') ignored — port not open
2026-07-06 17:21:38,391  WARNING  PortentaReader      send_command('disarm') ignored — port not open
2026-07-06 17:21:38,453  WARNING  PortentaReader      send_command('disarm') ignored — port not open
2026-07-06 17:21:38,515  WARNING  PortentaReader      send_command('disarm') ignored — port not open
2026-07-06 17:21:38,576  WARNING  PortentaReader      send_command('disarm') ignored — port not open
2026-07-06 17:21:38,639  WARNING  PortentaReader      send_command('disarm') ignored — port not open
2026-07-06 17:21:38,702  WARNING  PortentaReader      send_command('disarm') ignored — port not open
2026-07-06 17:21:38,764  WARNING  PortentaReader      send_command('disarm') ignored — port not open
2026-07-06 17:21:38,826  WARNING  PortentaReader      send_command('disarm') ignored — port not open
2026-07-06 17:21:38,888  WARNING  PortentaReader      send_command('disarm') ignored — port not open
2026-07-06 17:21:38,950  WARNING  PortentaReader      send_command('disarm') ignored — port not open
2026-07-06 17:21:39,011  WARNING  PortentaReader      send_command('disarm') ignored — port not open
2026-07-06 17:21:39,072  WARNING  PortentaReader      send_command('disarm') ignored — port not open
2026-07-06 17:21:39,134  WARNING  PortentaReader      send_command('disarm') ignored — port not open
2026-07-06 17:21:39,195  WARNING  PortentaReader      send_command('disarm') ignored — port not open
2026-07-06 17:21:39,258  WARNING  PortentaReader      send_command('disarm') ignored — port not open
2026-07-06 17:21:39,320  WARNING  PortentaReader      send_command('disarm') ignored — port not open
2026-07-06 17:21:39,382  WARNING  PortentaReader      send_command('disarm') ignored — port not open
2026-07-06 17:21:39,443  WARNING  PortentaReader      send_command('disarm') ignored — port not open
2026-07-06 17:21:39,507  WARNING  PortentaReader      send_command('disarm') ignored — port not open
2026-07-06 17:21:39,569  WARNING  PortentaReader      send_command('disarm') ignored — port not open
2026-07-06 17:21:39,631  WARNING  PortentaReader      send_command('disarm') ignored — port not open
2026-07-06 17:21:39,694  WARNING  PortentaReader      send_command('disarm') ignored — port not open
2026-07-06 17:21:39,756  WARNING  RecordingCore       HEALTH WARNING: LCR silent 39.0s — no new samples (auxiliary; other instruments still recording)
2026-07-06 17:21:39,756  WARNING  PortentaReader      send_command('disarm') ignored — port not open
2026-07-06 17:21:39,819  WARNING  PortentaReader      send_command('disarm') ignored — port not open
2026-07-06 17:21:39,881  WARNING  PortentaReader      send_command('disarm') ignored — port not open
2026-07-06 17:21:39,944  WARNING  PortentaReader      send_command('disarm') ignored — port not open
2026-07-06 17:21:40,007  WARNING  PortentaReader      send_command('disarm') ignored — port not open
2026-07-06 17:21:40,070  WARNING  PortentaReader      send_command('disarm') ignored — port not open
2026-07-06 17:21:40,131  WARNING  PortentaReader      send_command('disarm') ignored — port not open
2026-07-06 17:21:40,194  WARNING  PortentaReader      send_command('disarm') ignored — port not open
2026-07-06 17:21:40,257  WARNING  PortentaReader      send_command('disarm') ignored — port not open
2026-07-06 17:21:40,318  WARNING  PortentaReader      send_command('disarm') ignored — port not open
2026-07-06 17:21:40,380  WARNING  PortentaReader      send_command('disarm') ignored — port not open
2026-07-06 17:21:40,442  WARNING  PortentaReader      send_command('disarm') ignored — port not open
2026-07-06 17:21:40,504  WARNING  PortentaReader      send_command('disarm') ignored — port not open
2026-07-06 17:21:40,566  WARNING  PortentaReader      send_command('disarm') ignored — port not open
2026-07-06 17:21:40,643  WARNING  PortentaReader      send_command('disarm') ignored — port not open
2026-07-06 17:21:40,705  WARNING  PortentaReader      send_command('disarm') ignored — port not open
2026-07-06 17:21:40,766  WARNING  PortentaReader      send_command('disarm') ignored — port not open
2026-07-06 17:21:40,828  WARNING  PortentaReader      send_command('disarm') ignored — port not open
2026-07-06 17:21:40,891  WARNING  PortentaReader      send_command('disarm') ignored — port not open
2026-07-06 17:21:40,945  WARNING  PortentaReader      send_command('disarm') ignored — port not open
2026-07-06 17:21:41,013  WARNING  PortentaReader      send_command('disarm') ignored — port not open
2026-07-06 17:21:41,071  WARNING  PortentaReader      send_command('disarm') ignored — port not open
2026-07-06 17:21:41,138  WARNING  PortentaReader      send_command('disarm') ignored — port not open
2026-07-06 17:21:41,201  WARNING  PortentaReader      send_command('disarm') ignored — port not open
2026-07-06 17:21:41,262  WARNING  PortentaReader      send_command('disarm') ignored — port not open
2026-07-06 17:21:41,325  WARNING  PortentaReader      send_command('disarm') ignored — port not open
2026-07-06 17:21:41,386  WARNING  PortentaReader      send_command('disarm') ignored — port not open
2026-07-06 17:21:41,448  WARNING  PortentaReader      send_command('disarm') ignored — port not open
2026-07-06 17:21:41,510  WARNING  PortentaReader      send_command('disarm') ignored — port not open
2026-07-06 17:21:41,572  WARNING  PortentaReader      send_command('disarm') ignored — port not open
2026-07-06 17:21:41,635  WARNING  PortentaReader      send_command('disarm') ignored — port not open
2026-07-06 17:21:41,695  WARNING  PortentaReader      send_command('disarm') ignored — port not open
2026-07-06 17:21:41,754  WARNING  RecordingCore       HEALTH WARNING: LCR silent 41.0s — no new samples (auxiliary; other instruments still recording)
2026-07-06 17:21:41,755  WARNING  PortentaReader      send_command('disarm') ignored — port not open
2026-07-06 17:21:41,821  WARNING  PortentaReader      send_command('disarm') ignored — port not open
2026-07-06 17:21:41,881  WARNING  PortentaReader      send_command('disarm') ignored — port not open
2026-07-06 17:21:41,942  WARNING  PortentaReader      send_command('disarm') ignored — port not open
2026-07-06 17:21:42,007  WARNING  PortentaReader      send_command('disarm') ignored — port not open
2026-07-06 17:21:42,069  WARNING  PortentaReader      send_command('disarm') ignored — port not open
2026-07-06 17:21:42,129  WARNING  PortentaReader      send_command('disarm') ignored — port not open
2026-07-06 17:21:42,192  WARNING  PortentaReader      send_command('disarm') ignored — port not open
2026-07-06 17:21:42,254  WARNING  PortentaReader      send_command('disarm') ignored — port not open
2026-07-06 17:21:42,316  WARNING  PortentaReader      send_command('disarm') ignored — port not open
2026-07-06 17:21:42,378  WARNING  PortentaReader      send_command('disarm') ignored — port not open
2026-07-06 17:21:42,455  WARNING  PortentaReader      send_command('disarm') ignored — port not open
2026-07-06 17:21:42,518  WARNING  PortentaReader      send_command('disarm') ignored — port not open
2026-07-06 17:21:42,579  WARNING  PortentaReader      send_command('disarm') ignored — port not open
2026-07-06 17:21:42,632  WARNING  PortentaReader      send_command('disarm') ignored — port not open
2026-07-06 17:21:42,702  WARNING  PortentaReader      send_command('disarm') ignored — port not open
2026-07-06 17:21:42,764  WARNING  PortentaReader      send_command('disarm') ignored — port not open
2026-07-06 17:21:42,826  WARNING  PortentaReader      send_command('disarm') ignored — port not open
2026-07-06 17:21:42,887  WARNING  PortentaReader      send_command('disarm') ignored — port not open
2026-07-06 17:21:42,948  WARNING  PortentaReader      send_command('disarm') ignored — port not open
2026-07-06 17:21:43,011  WARNING  PortentaReader      send_command('disarm') ignored — port not open
2026-07-06 17:21:43,073  WARNING  PortentaReader      send_command('disarm') ignored — port not open
2026-07-06 17:21:43,135  WARNING  PortentaReader      send_command('disarm') ignored — port not open
2026-07-06 17:21:43,197  WARNING  PortentaReader      send_command('disarm') ignored — port not open
2026-07-06 17:21:43,259  WARNING  PortentaReader      send_command('disarm') ignored — port not open
2026-07-06 17:21:43,320  WARNING  PortentaReader      send_command('disarm') ignored — port not open
2026-07-06 17:21:43,383  WARNING  PortentaReader      send_command('disarm') ignored — port not open
2026-07-06 17:21:43,444  WARNING  PortentaReader      send_command('disarm') ignored — port not open
2026-07-06 17:21:43,506  WARNING  PortentaReader      send_command('disarm') ignored — port not open
2026-07-06 17:21:43,568  WARNING  PortentaReader      send_command('disarm') ignored — port not open
2026-07-06 17:21:43,630  WARNING  PortentaReader      send_command('disarm') ignored — port not open
2026-07-06 17:21:43,692  WARNING  PortentaReader      send_command('disarm') ignored — port not open
2026-07-06 17:21:43,754  WARNING  RecordingCore       HEALTH WARNING: LCR silent 43.0s — no new samples (auxiliary; other instruments still recording)
2026-07-06 17:21:43,755  WARNING  PortentaReader      send_command('disarm') ignored — port not open
2026-07-06 17:21:43,817  WARNING  PortentaReader      send_command('disarm') ignored — port not open
2026-07-06 17:21:43,879  WARNING  PortentaReader      send_command('disarm') ignored — port not open
2026-07-06 17:21:43,941  WARNING  PortentaReader      send_command('disarm') ignored — port not open
2026-07-06 17:21:44,018  WARNING  PortentaReader      send_command('disarm') ignored — port not open
2026-07-06 17:21:44,081  WARNING  PortentaReader      send_command('disarm') ignored — port not open
2026-07-06 17:21:44,133  WARNING  PortentaReader      send_command('disarm') ignored — port not open
2026-07-06 17:21:44,205  WARNING  PortentaReader      send_command('disarm') ignored — port not open
2026-07-06 17:21:44,267  WARNING  PortentaReader      send_command('disarm') ignored — port not open
2026-07-06 17:21:44,329  WARNING  PortentaReader      send_command('disarm') ignored — port not open
2026-07-06 17:21:44,388  WARNING  PortentaReader      send_command('disarm') ignored — port not open
2026-07-06 17:21:44,453  WARNING  PortentaReader      send_command('disarm') ignored — port not open
2026-07-06 17:21:44,516  WARNING  PortentaReader      send_command('disarm') ignored — port not open
2026-07-06 17:21:44,578  WARNING  PortentaReader      send_command('disarm') ignored — port not open
2026-07-06 17:21:44,639  WARNING  PortentaReader      send_command('disarm') ignored — port not open
2026-07-06 17:21:44,701  WARNING  PortentaReader      send_command('disarm') ignored — port not open
2026-07-06 17:21:44,764  WARNING  PortentaReader      send_command('disarm') ignored — port not open
2026-07-06 17:21:44,825  WARNING  PortentaReader      send_command('disarm') ignored — port not open
2026-07-06 17:21:44,886  WARNING  PortentaReader      send_command('disarm') ignored — port not open
2026-07-06 17:21:44,941  WARNING  PortentaReader      send_command('disarm') ignored — port not open
2026-07-06 17:21:45,011  WARNING  PortentaReader      send_command('disarm') ignored — port not open
2026-07-06 17:21:45,073  WARNING  PortentaReader      send_command('disarm') ignored — port not open
2026-07-06 17:21:45,130  WARNING  PortentaReader      send_command('disarm') ignored — port not open
2026-07-06 17:21:45,197  WARNING  PortentaReader      send_command('disarm') ignored — port not open
2026-07-06 17:21:45,254  WARNING  PortentaReader      send_command('disarm') ignored — port not open
2026-07-06 17:21:45,319  WARNING  PortentaReader      send_command('disarm') ignored — port not open
2026-07-06 17:21:45,382  WARNING  PortentaReader      send_command('disarm') ignored — port not open
2026-07-06 17:21:45,443  WARNING  PortentaReader      send_command('disarm') ignored — port not open
2026-07-06 17:21:45,506  WARNING  PortentaReader      send_command('disarm') ignored — port not open
2026-07-06 17:21:45,570  WARNING  PortentaReader      send_command('disarm') ignored — port not open
2026-07-06 17:21:45,630  WARNING  PortentaReader      send_command('disarm') ignored — port not open
2026-07-06 17:21:45,685  WARNING  Driver_ZaberStage   move_to 50.000 mm clamped to 40.000 mm (limits [5.000, 40.000])
2026-07-06 17:21:45,719  WARNING  PortentaReader      send_command('disarm') ignored — port not open
2026-07-06 17:21:45,756  WARNING  RecordingCore       HEALTH WARNING: LCR silent 45.0s — no new samples (auxiliary; other instruments still recording)
2026-07-06 17:21:45,757  WARNING  PortentaReader      send_command('disarm') ignored — port not open
2026-07-06 17:21:45,818  WARNING  PortentaReader      send_command('disarm') ignored — port not open
2026-07-06 17:21:45,880  WARNING  PortentaReader      send_command('disarm') ignored — port not open
2026-07-06 17:21:45,942  WARNING  PortentaReader      send_command('disarm') ignored — port not open
2026-07-06 17:21:46,004  WARNING  PortentaReader      send_command('disarm') ignored — port not open
2026-07-06 17:21:46,065  WARNING  PortentaReader      send_command('disarm') ignored — port not open
2026-07-06 17:21:46,129  WARNING  PortentaReader      send_command('disarm') ignored — port not open
2026-07-06 17:21:46,191  WARNING  PortentaReader      send_command('disarm') ignored — port not open
2026-07-06 17:21:46,254  WARNING  PortentaReader      send_command('disarm') ignored — port not open
2026-07-06 17:21:46,316  WARNING  PortentaReader      send_command('disarm') ignored — port not open
2026-07-06 17:21:46,378  WARNING  PortentaReader      send_command('disarm') ignored — port not open
2026-07-06 17:21:46,441  WARNING  PortentaReader      send_command('disarm') ignored — port not open
2026-07-06 17:21:46,517  WARNING  PortentaReader      send_command('disarm') ignored — port not open
2026-07-06 17:21:46,580  WARNING  PortentaReader      send_command('disarm') ignored — port not open
2026-07-06 17:21:46,642  WARNING  PortentaReader      send_command('disarm') ignored — port not open
2026-07-06 17:21:46,696  WARNING  PortentaReader      send_command('disarm') ignored — port not open
2026-07-06 17:21:46,756  WARNING  PortentaReader      send_command('disarm') ignored — port not open
2026-07-06 17:21:46,817  WARNING  PortentaReader      send_command('disarm') ignored — port not open
2026-07-06 17:21:46,884  WARNING  PortentaReader      send_command('disarm') ignored — port not open
2026-07-06 17:21:46,953  WARNING  PortentaReader      send_command('disarm') ignored — port not open
2026-07-06 17:21:47,016  WARNING  PortentaReader      send_command('disarm') ignored — port not open
2026-07-06 17:21:47,077  WARNING  PortentaReader      send_command('disarm') ignored — port not open
2026-07-06 17:21:47,138  WARNING  PortentaReader      send_command('disarm') ignored — port not open
2026-07-06 17:21:47,200  WARNING  PortentaReader      send_command('disarm') ignored — port not open
2026-07-06 17:21:47,262  WARNING  PortentaReader      send_command('disarm') ignored — port not open
2026-07-06 17:21:47,324  WARNING  PortentaReader      send_command('disarm') ignored — port not open
2026-07-06 17:21:47,386  WARNING  PortentaReader      send_command('disarm') ignored — port not open
2026-07-06 17:21:47,450  WARNING  PortentaReader      send_command('disarm') ignored — port not open
2026-07-06 17:21:47,512  WARNING  PortentaReader      send_command('disarm') ignored — port not open
2026-07-06 17:21:47,574  WARNING  PortentaReader      send_command('disarm') ignored — port not open
2026-07-06 17:21:47,636  WARNING  PortentaReader      send_command('disarm') ignored — port not open
2026-07-06 17:21:47,698  WARNING  PortentaReader      send_command('disarm') ignored — port not open
2026-07-06 17:21:47,761  WARNING  RecordingCore       HEALTH WARNING: LCR silent 47.0s — no new samples (auxiliary; other instruments still recording)
2026-07-06 17:21:47,762  WARNING  PortentaReader      send_command('disarm') ignored — port not open
2026-07-06 17:21:47,823  WARNING  PortentaReader      send_command('disarm') ignored — port not open
2026-07-06 17:21:47,885  WARNING  PortentaReader      send_command('disarm') ignored — port not open
2026-07-06 17:21:47,946  WARNING  PortentaReader      send_command('disarm') ignored — port not open
2026-07-06 17:21:48,008  WARNING  PortentaReader      send_command('disarm') ignored — port not open
2026-07-06 17:21:48,070  WARNING  PortentaReader      send_command('disarm') ignored — port not open
2026-07-06 17:21:48,131  WARNING  PortentaReader      send_command('disarm') ignored — port not open
2026-07-06 17:21:48,193  WARNING  PortentaReader      send_command('disarm') ignored — port not open
2026-07-06 17:21:48,256  WARNING  PortentaReader      send_command('disarm') ignored — port not open
2026-07-06 17:21:48,318  WARNING  PortentaReader      send_command('disarm') ignored — port not open
2026-07-06 17:21:48,380  WARNING  PortentaReader      send_command('disarm') ignored — port not open
2026-07-06 17:21:48,442  WARNING  PortentaReader      send_command('disarm') ignored — port not open
2026-07-06 17:21:48,504  WARNING  PortentaReader      send_command('disarm') ignored — port not open
2026-07-06 17:21:48,566  WARNING  PortentaReader      send_command('disarm') ignored — port not open
2026-07-06 17:21:48,643  WARNING  PortentaReader      send_command('disarm') ignored — port not open
2026-07-06 17:21:48,705  WARNING  PortentaReader      send_command('disarm') ignored — port not open
2026-07-06 17:21:48,767  WARNING  PortentaReader      send_command('disarm') ignored — port not open
2026-07-06 17:21:48,828  WARNING  PortentaReader      send_command('disarm') ignored — port not open
2026-07-06 17:21:48,890  WARNING  PortentaReader      send_command('disarm') ignored — port not open
2026-07-06 17:21:48,952  WARNING  PortentaReader      send_command('disarm') ignored — port not open
2026-07-06 17:21:49,013  WARNING  PortentaReader      send_command('disarm') ignored — port not open
2026-07-06 17:21:49,075  WARNING  PortentaReader      send_command('disarm') ignored — port not open
2026-07-06 17:21:49,137  WARNING  PortentaReader      send_command('disarm') ignored — port not open
2026-07-06 17:21:49,199  WARNING  PortentaReader      send_command('disarm') ignored — port not open
2026-07-06 17:21:49,261  WARNING  PortentaReader      send_command('disarm') ignored — port not open
2026-07-06 17:21:49,323  WARNING  PortentaReader      send_command('disarm') ignored — port not open
2026-07-06 17:21:49,385  WARNING  PortentaReader      send_command('disarm') ignored — port not open
2026-07-06 17:21:49,447  WARNING  PortentaReader      send_command('disarm') ignored — port not open
2026-07-06 17:21:49,509  WARNING  PortentaReader      send_command('disarm') ignored — port not open
2026-07-06 17:21:49,571  WARNING  PortentaReader      send_command('disarm') ignored — port not open
2026-07-06 17:21:49,635  WARNING  PortentaReader      send_command('disarm') ignored — port not open
2026-07-06 17:21:49,697  WARNING  PortentaReader      send_command('disarm') ignored — port not open
2026-07-06 17:21:49,758  WARNING  RecordingCore       HEALTH WARNING: LCR silent 49.0s — no new samples (auxiliary; other instruments still recording)
2026-07-06 17:21:49,759  WARNING  PortentaReader      send_command('disarm') ignored — port not open
2026-07-06 17:21:49,821  WARNING  PortentaReader      send_command('disarm') ignored — port not open
2026-07-06 17:21:49,882  WARNING  PortentaReader      send_command('disarm') ignored — port not open
2026-07-06 17:21:49,944  WARNING  PortentaReader      send_command('disarm') ignored — port not open
2026-07-06 17:21:50,006  WARNING  PortentaReader      send_command('disarm') ignored — port not open
2026-07-06 17:21:50,068  WARNING  PortentaReader      send_command('disarm') ignored — port not open
2026-07-06 17:21:50,130  WARNING  PortentaReader      send_command('disarm') ignored — port not open
2026-07-06 17:21:50,191  WARNING  PortentaReader      send_command('disarm') ignored — port not open
2026-07-06 17:21:50,268  WARNING  PortentaReader      send_command('disarm') ignored — port not open
2026-07-06 17:21:50,316  WARNING  PortentaReader      send_command('disarm') ignored — port not open
2026-07-06 17:21:50,393  WARNING  PortentaReader      send_command('disarm') ignored — port not open
2026-07-06 17:21:50,455  WARNING  PortentaReader      send_command('disarm') ignored — port not open
2026-07-06 17:21:50,516  WARNING  PortentaReader      send_command('disarm') ignored — port not open
2026-07-06 17:21:50,578  WARNING  PortentaReader      send_command('disarm') ignored — port not open
2026-07-06 17:21:50,638  WARNING  PortentaReader      send_command('disarm') ignored — port not open
2026-07-06 17:21:50,701  WARNING  PortentaReader      send_command('disarm') ignored — port not open
2026-07-06 17:21:50,762  WARNING  PortentaReader      send_command('disarm') ignored — port not open
2026-07-06 17:21:50,824  WARNING  PortentaReader      send_command('disarm') ignored — port not open
2026-07-06 17:21:50,886  WARNING  PortentaReader      send_command('disarm') ignored — port not open
2026-07-06 17:21:50,948  WARNING  PortentaReader      send_command('disarm') ignored — port not open
2026-07-06 17:21:51,010  WARNING  PortentaReader      send_command('disarm') ignored — port not open
2026-07-06 17:21:51,072  WARNING  PortentaReader      send_command('disarm') ignored — port not open
2026-07-06 17:21:51,134  WARNING  PortentaReader      send_command('disarm') ignored — port not open
2026-07-06 17:21:51,195  WARNING  PortentaReader      send_command('disarm') ignored — port not open
2026-07-06 17:21:51,258  WARNING  PortentaReader      send_command('disarm') ignored — port not open
2026-07-06 17:21:51,322  WARNING  PortentaReader      send_command('disarm') ignored — port not open
2026-07-06 17:21:51,383  WARNING  PortentaReader      send_command('disarm') ignored — port not open
2026-07-06 17:21:51,445  WARNING  PortentaReader      send_command('disarm') ignored — port not open
2026-07-06 17:21:51,506  WARNING  PortentaReader      send_command('disarm') ignored — port not open
2026-07-06 17:21:51,569  WARNING  PortentaReader      send_command('disarm') ignored — port not open
2026-07-06 17:21:51,630  WARNING  PortentaReader      send_command('disarm') ignored — port not open
2026-07-06 17:21:51,693  WARNING  PortentaReader      send_command('disarm') ignored — port not open
2026-07-06 17:21:51,755  WARNING  RecordingCore       HEALTH WARNING: LCR silent 51.0s — no new samples (auxiliary; other instruments still recording)
2026-07-06 17:21:51,755  WARNING  PortentaReader      send_command('disarm') ignored — port not open
2026-07-06 17:21:51,817  WARNING  PortentaReader      send_command('disarm') ignored — port not open
2026-07-06 17:21:51,880  WARNING  PortentaReader      send_command('disarm') ignored — port not open
2026-07-06 17:21:51,942  WARNING  PortentaReader      send_command('disarm') ignored — port not open
2026-07-06 17:21:52,004  WARNING  PortentaReader      send_command('disarm') ignored — port not open
2026-07-06 17:21:52,081  WARNING  PortentaReader      send_command('disarm') ignored — port not open
2026-07-06 17:21:52,129  WARNING  PortentaReader      send_command('disarm') ignored — port not open
2026-07-06 17:21:52,206  WARNING  PortentaReader      send_command('disarm') ignored — port not open
2026-07-06 17:21:52,267  WARNING  PortentaReader      send_command('disarm') ignored — port not open
2026-07-06 17:21:52,330  WARNING  PortentaReader      send_command('disarm') ignored — port not open
2026-07-06 17:21:52,392  WARNING  PortentaReader      send_command('disarm') ignored — port not open
2026-07-06 17:21:52,441  WARNING  PortentaReader      send_command('disarm') ignored — port not open
2026-07-06 17:21:52,516  WARNING  PortentaReader      send_command('disarm') ignored — port not open
2026-07-06 17:21:52,569  WARNING  PortentaReader      send_command('disarm') ignored — port not open
2026-07-06 17:21:52,629  WARNING  PortentaReader      send_command('disarm') ignored — port not open
2026-07-06 17:21:52,692  WARNING  PortentaReader      send_command('disarm') ignored — port not open
2026-07-06 17:21:52,755  WARNING  PortentaReader      send_command('disarm') ignored — port not open
2026-07-06 17:21:52,820  WARNING  PortentaReader      send_command('disarm') ignored — port not open
2026-07-06 17:21:52,884  WARNING  PortentaReader      send_command('disarm') ignored — port not open
2026-07-06 17:21:52,945  WARNING  PortentaReader      send_command('disarm') ignored — port not open
2026-07-06 17:21:53,004  WARNING  PortentaReader      send_command('disarm') ignored — port not open
2026-07-06 17:21:53,075  WARNING  PortentaReader      send_command('disarm') ignored — port not open
2026-07-06 17:21:53,137  WARNING  PortentaReader      send_command('disarm') ignored — port not open
2026-07-06 17:21:53,200  WARNING  PortentaReader      send_command('disarm') ignored — port not open
2026-07-06 17:21:53,261  WARNING  PortentaReader      send_command('disarm') ignored — port not open
2026-07-06 17:21:53,323  WARNING  PortentaReader      send_command('disarm') ignored — port not open
2026-07-06 17:21:53,380  WARNING  PortentaReader      send_command('disarm') ignored — port not open
2026-07-06 17:21:53,444  WARNING  PortentaReader      send_command('disarm') ignored — port not open
2026-07-06 17:21:53,507  WARNING  PortentaReader      send_command('disarm') ignored — port not open
2026-07-06 17:21:53,566  WARNING  PortentaReader      send_command('disarm') ignored — port not open
2026-07-06 17:21:53,632  WARNING  PortentaReader      send_command('disarm') ignored — port not open
2026-07-06 17:21:53,695  WARNING  PortentaReader      send_command('disarm') ignored — port not open
2026-07-06 17:21:53,758  WARNING  RecordingCore       HEALTH WARNING: LCR silent 53.0s — no new samples (auxiliary; other instruments still recording)
2026-07-06 17:21:53,759  WARNING  PortentaReader      send_command('disarm') ignored — port not open
2026-07-06 17:21:53,819  WARNING  PortentaReader      send_command('disarm') ignored — port not open
2026-07-06 17:21:53,881  WARNING  PortentaReader      send_command('disarm') ignored — port not open
2026-07-06 17:21:53,944  WARNING  PortentaReader      send_command('disarm') ignored — port not open
2026-07-06 17:21:54,005  WARNING  PortentaReader      send_command('disarm') ignored — port not open
2026-07-06 17:21:54,067  WARNING  PortentaReader      send_command('disarm') ignored — port not open
2026-07-06 17:21:54,129  WARNING  PortentaReader      send_command('disarm') ignored — port not open
2026-07-06 17:21:54,205  WARNING  PortentaReader      send_command('disarm') ignored — port not open
2026-07-06 17:21:54,267  WARNING  PortentaReader      send_command('disarm') ignored — port not open
2026-07-06 17:21:54,329  WARNING  PortentaReader      send_command('disarm') ignored — port not open
2026-07-06 17:21:54,391  WARNING  PortentaReader      send_command('disarm') ignored — port not open
2026-07-06 17:21:54,454  WARNING  PortentaReader      send_command('disarm') ignored — port not open
2026-07-06 17:21:54,516  WARNING  PortentaReader      send_command('disarm') ignored — port not open
2026-07-06 17:21:54,577  WARNING  PortentaReader      send_command('disarm') ignored — port not open
2026-07-06 17:21:54,641  WARNING  PortentaReader      send_command('disarm') ignored — port not open
2026-07-06 17:21:54,702  WARNING  PortentaReader      send_command('disarm') ignored — port not open
2026-07-06 17:21:54,764  WARNING  PortentaReader      send_command('disarm') ignored — port not open
2026-07-06 17:21:54,826  WARNING  PortentaReader      send_command('disarm') ignored — port not open
2026-07-06 17:21:54,888  WARNING  PortentaReader      send_command('disarm') ignored — port not open
2026-07-06 17:21:54,941  WARNING  PortentaReader      send_command('disarm') ignored — port not open
2026-07-06 17:21:55,011  WARNING  PortentaReader      send_command('disarm') ignored — port not open
2026-07-06 17:21:55,074  WARNING  PortentaReader      send_command('disarm') ignored — port not open
2026-07-06 17:21:55,137  WARNING  PortentaReader      send_command('disarm') ignored — port not open
2026-07-06 17:21:55,198  WARNING  PortentaReader      send_command('disarm') ignored — port not open
2026-07-06 17:21:55,260  WARNING  PortentaReader      send_command('disarm') ignored — port not open
2026-07-06 17:21:55,322  WARNING  PortentaReader      send_command('disarm') ignored — port not open
2026-07-06 17:21:55,384  WARNING  PortentaReader      send_command('disarm') ignored — port not open
2026-07-06 17:21:55,446  WARNING  PortentaReader      send_command('disarm') ignored — port not open
2026-07-06 17:21:55,507  WARNING  PortentaReader      send_command('disarm') ignored — port not open
2026-07-06 17:21:55,572  WARNING  PortentaReader      send_command('disarm') ignored — port not open
2026-07-06 17:21:55,634  WARNING  PortentaReader      send_command('disarm') ignored — port not open
2026-07-06 17:21:55,696  WARNING  PortentaReader      send_command('disarm') ignored — port not open
2026-07-06 17:21:55,758  WARNING  RecordingCore       HEALTH WARNING: LCR silent 55.0s — no new samples (auxiliary; other instruments still recording)
2026-07-06 17:21:55,760  WARNING  PortentaReader      send_command('disarm') ignored — port not open
2026-07-06 17:21:55,821  WARNING  PortentaReader      send_command('disarm') ignored — port not open
2026-07-06 17:21:55,882  WARNING  PortentaReader      send_command('disarm') ignored — port not open
2026-07-06 17:21:55,944  WARNING  PortentaReader      send_command('disarm') ignored — port not open
2026-07-06 17:21:56,007  WARNING  PortentaReader      send_command('disarm') ignored — port not open
2026-07-06 17:21:56,069  WARNING  PortentaReader      send_command('disarm') ignored — port not open
2026-07-06 17:21:56,130  WARNING  PortentaReader      send_command('disarm') ignored — port not open
2026-07-06 17:21:56,190  WARNING  PortentaReader      send_command('disarm') ignored — port not open
2026-07-06 17:21:56,268  WARNING  PortentaReader      send_command('disarm') ignored — port not open
2026-07-06 17:21:56,331  WARNING  PortentaReader      send_command('disarm') ignored — port not open
2026-07-06 17:21:56,393  WARNING  PortentaReader      send_command('disarm') ignored — port not open
2026-07-06 17:21:56,441  WARNING  PortentaReader      send_command('disarm') ignored — port not open
2026-07-06 17:21:56,518  WARNING  PortentaReader      send_command('disarm') ignored — port not open
2026-07-06 17:21:56,574  WARNING  PortentaReader      send_command('disarm') ignored — port not open
2026-07-06 17:21:56,634  WARNING  PortentaReader      send_command('disarm') ignored — port not open
2026-07-06 17:21:56,694  WARNING  PortentaReader      send_command('disarm') ignored — port not open
2026-07-06 17:21:56,761  WARNING  PortentaReader      send_command('disarm') ignored — port not open
2026-07-06 17:21:56,821  WARNING  PortentaReader      send_command('disarm') ignored — port not open
2026-07-06 17:21:56,879  WARNING  PortentaReader      send_command('disarm') ignored — port not open
2026-07-06 17:21:56,943  WARNING  PortentaReader      send_command('disarm') ignored — port not open
2026-07-06 17:21:57,007  WARNING  PortentaReader      send_command('disarm') ignored — port not open
2026-07-06 17:21:57,071  WARNING  PortentaReader      send_command('disarm') ignored — port not open
2026-07-06 17:21:57,136  WARNING  PortentaReader      send_command('disarm') ignored — port not open
2026-07-06 17:21:57,199  WARNING  PortentaReader      send_command('disarm') ignored — port not open
2026-07-06 17:21:57,260  WARNING  PortentaReader      send_command('disarm') ignored — port not open
2026-07-06 17:21:57,322  WARNING  PortentaReader      send_command('disarm') ignored — port not open
2026-07-06 17:21:57,384  WARNING  PortentaReader      send_command('disarm') ignored — port not open
2026-07-06 17:21:57,446  WARNING  PortentaReader      send_command('disarm') ignored — port not open
2026-07-06 17:21:57,508  WARNING  PortentaReader      send_command('disarm') ignored — port not open
2026-07-06 17:21:57,569  WARNING  PortentaReader      send_command('disarm') ignored — port not open
2026-07-06 17:21:57,631  WARNING  PortentaReader      send_command('disarm') ignored — port not open
2026-07-06 17:21:57,695  WARNING  PortentaReader      send_command('disarm') ignored — port not open
2026-07-06 17:21:57,755  WARNING  RecordingCore       HEALTH WARNING: LCR silent 57.0s — no new samples (auxiliary; other instruments still recording)
2026-07-06 17:21:57,756  WARNING  PortentaReader      send_command('disarm') ignored — port not open
2026-07-06 17:21:57,819  WARNING  PortentaReader      send_command('disarm') ignored — port not open
2026-07-06 17:21:57,880  WARNING  PortentaReader      send_command('disarm') ignored — port not open
2026-07-06 17:21:57,942  WARNING  PortentaReader      send_command('disarm') ignored — port not open
2026-07-06 17:21:58,004  WARNING  PortentaReader      send_command('disarm') ignored — port not open
2026-07-06 17:21:58,080  WARNING  PortentaReader      send_command('disarm') ignored — port not open
2026-07-06 17:21:58,143  WARNING  PortentaReader      send_command('disarm') ignored — port not open
2026-07-06 17:21:58,205  WARNING  PortentaReader      send_command('disarm') ignored — port not open
2026-07-06 17:21:58,266  WARNING  PortentaReader      send_command('disarm') ignored — port not open
2026-07-06 17:21:58,328  WARNING  PortentaReader      send_command('disarm') ignored — port not open
2026-07-06 17:21:58,390  WARNING  PortentaReader      send_command('disarm') ignored — port not open
2026-07-06 17:21:58,452  WARNING  PortentaReader      send_command('disarm') ignored — port not open
2026-07-06 17:21:58,514  WARNING  PortentaReader      send_command('disarm') ignored — port not open
2026-07-06 17:21:58,576  WARNING  PortentaReader      send_command('disarm') ignored — port not open
2026-07-06 17:21:58,629  WARNING  PortentaReader      send_command('disarm') ignored — port not open
2026-07-06 17:21:58,691  WARNING  PortentaReader      send_command('disarm') ignored — port not open
2026-07-06 17:21:58,755  WARNING  PortentaReader      send_command('disarm') ignored — port not open
2026-07-06 17:21:58,816  WARNING  PortentaReader      send_command('disarm') ignored — port not open
2026-07-06 17:21:58,883  WARNING  PortentaReader      send_command('disarm') ignored — port not open
2026-07-06 17:21:58,947  WARNING  PortentaReader      send_command('disarm') ignored — port not open
2026-07-06 17:21:59,009  WARNING  PortentaReader      send_command('disarm') ignored — port not open
2026-07-06 17:21:59,072  WARNING  PortentaReader      send_command('disarm') ignored — port not open
2026-07-06 17:21:59,133  WARNING  PortentaReader      send_command('disarm') ignored — port not open
2026-07-06 17:21:59,191  WARNING  PortentaReader      send_command('disarm') ignored — port not open
2026-07-06 17:21:59,257  WARNING  PortentaReader      send_command('disarm') ignored — port not open
2026-07-06 17:21:59,319  WARNING  PortentaReader      send_command('disarm') ignored — port not open
2026-07-06 17:21:59,383  WARNING  PortentaReader      send_command('disarm') ignored — port not open
2026-07-06 17:21:59,445  WARNING  PortentaReader      send_command('disarm') ignored — port not open
2026-07-06 17:21:59,506  WARNING  PortentaReader      send_command('disarm') ignored — port not open
2026-07-06 17:21:59,568  WARNING  PortentaReader      send_command('disarm') ignored — port not open
2026-07-06 17:21:59,629  WARNING  PortentaReader      send_command('disarm') ignored — port not open
2026-07-06 17:21:59,692  WARNING  PortentaReader      send_command('disarm') ignored — port not open
2026-07-06 17:21:59,754  WARNING  RecordingCore       HEALTH WARNING: LCR silent 59.0s — no new samples (auxiliary; other instruments still recording)
2026-07-06 17:21:59,754  WARNING  PortentaReader      send_command('disarm') ignored — port not open
2026-07-06 17:21:59,816  WARNING  PortentaReader      send_command('disarm') ignored — port not open
2026-07-06 17:21:59,879  WARNING  PortentaReader      send_command('disarm') ignored — port not open
2026-07-06 17:21:59,941  WARNING  PortentaReader      send_command('disarm') ignored — port not open
2026-07-06 17:22:00,018  WARNING  PortentaReader      send_command('disarm') ignored — port not open
2026-07-06 17:22:00,066  WARNING  PortentaReader      send_command('disarm') ignored — port not open
2026-07-06 17:22:00,128  WARNING  PortentaReader      send_command('disarm') ignored — port not open
2026-07-06 17:22:00,191  WARNING  PortentaReader      send_command('disarm') ignored — port not open
2026-07-06 17:22:00,253  WARNING  PortentaReader      send_command('disarm') ignored — port not open
2026-07-06 17:22:00,319  WARNING  PortentaReader      send_command('disarm') ignored — port not open
2026-07-06 17:22:00,393  WARNING  PortentaReader      send_command('disarm') ignored — port not open
2026-07-06 17:22:00,441  WARNING  PortentaReader      send_command('disarm') ignored — port not open
2026-07-06 17:22:00,518  WARNING  PortentaReader      send_command('disarm') ignored — port not open
2026-07-06 17:22:00,581  WARNING  PortentaReader      send_command('disarm') ignored — port not open
2026-07-06 17:22:00,643  WARNING  PortentaReader      send_command('disarm') ignored — port not open
2026-07-06 17:22:00,704  WARNING  PortentaReader      send_command('disarm') ignored — port not open
2026-07-06 17:22:00,766  WARNING  PortentaReader      send_command('disarm') ignored — port not open
2026-07-06 17:22:00,828  WARNING  PortentaReader      send_command('disarm') ignored — port not open
2026-07-06 17:22:00,879  WARNING  PortentaReader      send_command('disarm') ignored — port not open
2026-07-06 17:22:00,950  WARNING  PortentaReader      send_command('disarm') ignored — port not open
2026-07-06 17:22:01,006  WARNING  PortentaReader      send_command('disarm') ignored — port not open
2026-07-06 17:22:01,074  WARNING  PortentaReader      send_command('disarm') ignored — port not open
2026-07-06 17:22:01,138  WARNING  PortentaReader      send_command('disarm') ignored — port not open
2026-07-06 17:22:01,199  WARNING  PortentaReader      send_command('disarm') ignored — port not open
2026-07-06 17:22:01,262  WARNING  PortentaReader      send_command('disarm') ignored — port not open
2026-07-06 17:22:01,325  WARNING  PortentaReader      send_command('disarm') ignored — port not open
2026-07-06 17:22:01,387  WARNING  PortentaReader      send_command('disarm') ignored — port not open
2026-07-06 17:22:01,449  WARNING  PortentaReader      send_command('disarm') ignored — port not open
2026-07-06 17:22:01,510  WARNING  PortentaReader      send_command('disarm') ignored — port not open
2026-07-06 17:22:01,571  WARNING  PortentaReader      send_command('disarm') ignored — port not open
2026-07-06 17:22:01,634  WARNING  PortentaReader      send_command('disarm') ignored — port not open
2026-07-06 17:22:01,696  WARNING  PortentaReader      send_command('disarm') ignored — port not open
2026-07-06 17:22:01,759  WARNING  RecordingCore       HEALTH WARNING: LCR silent 61.0s — no new samples (auxiliary; other instruments still recording)
2026-07-06 17:22:01,760  WARNING  PortentaReader      send_command('disarm') ignored — port not open
2026-07-06 17:22:01,821  WARNING  PortentaReader      send_command('disarm') ignored — port not open
2026-07-06 17:22:01,883  WARNING  PortentaReader      send_command('disarm') ignored — port not open
2026-07-06 17:22:01,945  WARNING  PortentaReader      send_command('disarm') ignored — port not open
2026-07-06 17:22:02,004  WARNING  PortentaReader      send_command('disarm') ignored — port not open
2026-07-06 17:22:02,069  WARNING  PortentaReader      send_command('disarm') ignored — port not open
2026-07-06 17:22:02,132  WARNING  PortentaReader      send_command('disarm') ignored — port not open
2026-07-06 17:22:02,195  WARNING  PortentaReader      send_command('disarm') ignored — port not open
2026-07-06 17:22:02,257  WARNING  PortentaReader      send_command('disarm') ignored — port not open
2026-07-06 17:22:02,318  WARNING  PortentaReader      send_command('disarm') ignored — port not open
2026-07-06 17:22:02,380  WARNING  PortentaReader      send_command('disarm') ignored — port not open
2026-07-06 17:22:02,442  WARNING  PortentaReader      send_command('disarm') ignored — port not open
2026-07-06 17:22:02,505  WARNING  PortentaReader      send_command('disarm') ignored — port not open
2026-07-06 17:22:02,567  WARNING  PortentaReader      send_command('disarm') ignored — port not open
2026-07-06 17:22:02,629  WARNING  PortentaReader      send_command('disarm') ignored — port not open
2026-07-06 17:22:02,706  WARNING  PortentaReader      send_command('disarm') ignored — port not open
2026-07-06 17:22:02,767  WARNING  PortentaReader      send_command('disarm') ignored — port not open
2026-07-06 17:22:02,830  WARNING  PortentaReader      send_command('disarm') ignored — port not open
2026-07-06 17:22:02,891  WARNING  PortentaReader      send_command('disarm') ignored — port not open
2026-07-06 17:22:02,953  WARNING  PortentaReader      send_command('disarm') ignored — port not open
2026-07-06 17:22:03,009  WARNING  PortentaReader      send_command('disarm') ignored — port not open
2026-07-06 17:22:03,076  WARNING  PortentaReader      send_command('disarm') ignored — port not open
2026-07-06 17:22:03,139  WARNING  PortentaReader      send_command('disarm') ignored — port not open
2026-07-06 17:22:03,202  WARNING  PortentaReader      send_command('disarm') ignored — port not open
2026-07-06 17:22:03,263  WARNING  PortentaReader      send_command('disarm') ignored — port not open
2026-07-06 17:22:03,325  WARNING  PortentaReader      send_command('disarm') ignored — port not open
2026-07-06 17:22:03,388  WARNING  PortentaReader      send_command('disarm') ignored — port not open
2026-07-06 17:22:03,451  WARNING  PortentaReader      send_command('disarm') ignored — port not open
2026-07-06 17:22:03,512  WARNING  PortentaReader      send_command('disarm') ignored — port not open
2026-07-06 17:22:03,574  WARNING  PortentaReader      send_command('disarm') ignored — port not open
2026-07-06 17:22:03,636  WARNING  PortentaReader      send_command('disarm') ignored — port not open
2026-07-06 17:22:03,698  WARNING  PortentaReader      send_command('disarm') ignored — port not open
2026-07-06 17:22:03,759  WARNING  RecordingCore       HEALTH WARNING: LCR silent 63.0s — no new samples (auxiliary; other instruments still recording)
2026-07-06 17:22:03,759  WARNING  PortentaReader      send_command('disarm') ignored — port not open
2026-07-06 17:22:03,821  WARNING  PortentaReader      send_command('disarm') ignored — port not open
2026-07-06 17:22:03,883  WARNING  PortentaReader      send_command('disarm') ignored — port not open
2026-07-06 17:22:03,945  WARNING  PortentaReader      send_command('disarm') ignored — port not open
2026-07-06 17:22:04,006  WARNING  PortentaReader      send_command('disarm') ignored — port not open
2026-07-06 17:22:04,068  WARNING  PortentaReader      send_command('disarm') ignored — port not open
2026-07-06 17:22:04,129  WARNING  PortentaReader      send_command('disarm') ignored — port not open
2026-07-06 17:22:04,205  WARNING  PortentaReader      send_command('disarm') ignored — port not open
2026-07-06 17:22:04,267  WARNING  PortentaReader      send_command('disarm') ignored — port not open
2026-07-06 17:22:04,329  WARNING  PortentaReader      send_command('disarm') ignored — port not open
2026-07-06 17:22:04,382  WARNING  PortentaReader      send_command('disarm') ignored — port not open
2026-07-06 17:22:04,442  WARNING  PortentaReader      send_command('disarm') ignored — port not open
2026-07-06 17:22:04,509  WARNING  PortentaReader      send_command('disarm') ignored — port not open
2026-07-06 17:22:04,569  WARNING  PortentaReader      send_command('disarm') ignored — port not open
2026-07-06 17:22:04,629  WARNING  PortentaReader      send_command('disarm') ignored — port not open
2026-07-06 17:22:04,699  WARNING  PortentaReader      send_command('disarm') ignored — port not open
2026-07-06 17:22:04,757  WARNING  PortentaReader      send_command('disarm') ignored — port not open
2026-07-06 17:22:04,823  WARNING  PortentaReader      send_command('disarm') ignored — port not open
2026-07-06 17:22:04,885  WARNING  PortentaReader      send_command('disarm') ignored — port not open
2026-07-06 17:22:04,946  WARNING  PortentaReader      send_command('disarm') ignored — port not open
2026-07-06 17:22:05,008  WARNING  PortentaReader      send_command('disarm') ignored — port not open
2026-07-06 17:22:05,071  WARNING  PortentaReader      send_command('disarm') ignored — port not open
2026-07-06 17:22:05,132  WARNING  PortentaReader      send_command('disarm') ignored — port not open
2026-07-06 17:22:05,195  WARNING  PortentaReader      send_command('disarm') ignored — port not open
2026-07-06 17:22:05,257  WARNING  PortentaReader      send_command('disarm') ignored — port not open
2026-07-06 17:22:05,320  WARNING  PortentaReader      send_command('disarm') ignored — port not open
2026-07-06 17:22:05,383  WARNING  PortentaReader      send_command('disarm') ignored — port not open
2026-07-06 17:22:05,445  WARNING  PortentaReader      send_command('disarm') ignored — port not open
2026-07-06 17:22:05,507  WARNING  PortentaReader      send_command('disarm') ignored — port not open
2026-07-06 17:22:05,567  WARNING  PortentaReader      send_command('disarm') ignored — port not open
2026-07-06 17:22:05,631  WARNING  PortentaReader      send_command('disarm') ignored — port not open
2026-07-06 17:22:05,692  WARNING  PortentaReader      send_command('disarm') ignored — port not open
2026-07-06 17:22:05,755  WARNING  RecordingCore       HEALTH WARNING: LCR silent 65.0s — no new samples (auxiliary; other instruments still recording)
2026-07-06 17:22:05,756  WARNING  PortentaReader      send_command('disarm') ignored — port not open
2026-07-06 17:22:05,817  WARNING  PortentaReader      send_command('disarm') ignored — port not open
2026-07-06 17:22:05,880  WARNING  PortentaReader      send_command('disarm') ignored — port not open
2026-07-06 17:22:05,942  WARNING  PortentaReader      send_command('disarm') ignored — port not open
2026-07-06 17:22:06,003  WARNING  PortentaReader      send_command('disarm') ignored — port not open
2026-07-06 17:22:06,066  WARNING  PortentaReader      send_command('disarm') ignored — port not open
2026-07-06 17:22:06,142  WARNING  PortentaReader      send_command('disarm') ignored — port not open
2026-07-06 17:22:06,204  WARNING  PortentaReader      send_command('disarm') ignored — port not open
2026-07-06 17:22:06,266  WARNING  PortentaReader      send_command('disarm') ignored — port not open
2026-07-06 17:22:06,328  WARNING  PortentaReader      send_command('disarm') ignored — port not open
2026-07-06 17:22:06,389  WARNING  PortentaReader      send_command('disarm') ignored — port not open
2026-07-06 17:22:06,451  WARNING  PortentaReader      send_command('disarm') ignored — port not open
2026-07-06 17:22:06,504  WARNING  PortentaReader      send_command('disarm') ignored — port not open
2026-07-06 17:22:06,572  WARNING  PortentaReader      send_command('disarm') ignored — port not open
2026-07-06 17:22:06,637  WARNING  PortentaReader      send_command('disarm') ignored — port not open
2026-07-06 17:22:06,698  WARNING  PortentaReader      send_command('disarm') ignored — port not open
2026-07-06 17:22:06,760  WARNING  PortentaReader      send_command('disarm') ignored — port not open
2026-07-06 17:22:06,822  WARNING  PortentaReader      send_command('disarm') ignored — port not open
2026-07-06 17:22:06,884  WARNING  PortentaReader      send_command('disarm') ignored — port not open
2026-07-06 17:22:06,946  WARNING  PortentaReader      send_command('disarm') ignored — port not open
2026-07-06 17:22:07,008  WARNING  PortentaReader      send_command('disarm') ignored — port not open
2026-07-06 17:22:07,069  WARNING  PortentaReader      send_command('disarm') ignored — port not open
2026-07-06 17:22:07,131  WARNING  PortentaReader      send_command('disarm') ignored — port not open
2026-07-06 17:22:07,193  WARNING  PortentaReader      send_command('disarm') ignored — port not open
2026-07-06 17:22:07,254  WARNING  PortentaReader      send_command('disarm') ignored — port not open
2026-07-06 17:22:07,316  WARNING  PortentaReader      send_command('disarm') ignored — port not open
2026-07-06 17:22:07,382  WARNING  PortentaReader      send_command('disarm') ignored — port not open
2026-07-06 17:22:07,442  WARNING  PortentaReader      send_command('disarm') ignored — port not open
2026-07-06 17:22:07,509  WARNING  PortentaReader      send_command('disarm') ignored — port not open
2026-07-06 17:22:07,569  WARNING  PortentaReader      send_command('disarm') ignored — port not open
2026-07-06 17:22:07,629  WARNING  PortentaReader      send_command('disarm') ignored — port not open
2026-07-06 17:22:07,692  WARNING  PortentaReader      send_command('disarm') ignored — port not open
2026-07-06 17:22:07,755  WARNING  RecordingCore       HEALTH WARNING: LCR silent 67.0s — no new samples (auxiliary; other instruments still recording)
2026-07-06 17:22:07,756  WARNING  PortentaReader      send_command('disarm') ignored — port not open
2026-07-06 17:22:07,817  WARNING  PortentaReader      send_command('disarm') ignored — port not open
2026-07-06 17:22:07,884  WARNING  PortentaReader      send_command('disarm') ignored — port not open
2026-07-06 17:22:07,944  WARNING  PortentaReader      send_command('disarm') ignored — port not open
2026-07-06 17:22:08,012  WARNING  PortentaReader      send_command('disarm') ignored — port not open
2026-07-06 17:22:08,072  WARNING  PortentaReader      send_command('disarm') ignored — port not open
2026-07-06 17:22:08,132  WARNING  PortentaReader      send_command('disarm') ignored — port not open
2026-07-06 17:22:08,192  WARNING  PortentaReader      send_command('disarm') ignored — port not open
2026-07-06 17:22:08,259  WARNING  PortentaReader      send_command('disarm') ignored — port not open
2026-07-06 17:22:08,321  WARNING  PortentaReader      send_command('disarm') ignored — port not open
2026-07-06 17:22:08,382  WARNING  PortentaReader      send_command('disarm') ignored — port not open
2026-07-06 17:22:08,444  WARNING  PortentaReader      send_command('disarm') ignored — port not open
2026-07-06 17:22:08,505  WARNING  PortentaReader      send_command('disarm') ignored — port not open
2026-07-06 17:22:08,584  WARNING  PortentaReader      send_command('disarm') ignored — port not open
2026-07-06 17:22:08,629  WARNING  PortentaReader      send_command('disarm') ignored — port not open
2026-07-06 17:22:08,691  WARNING  PortentaReader      send_command('disarm') ignored — port not open
2026-07-06 17:22:08,755  WARNING  PortentaReader      send_command('disarm') ignored — port not open
2026-07-06 17:22:08,823  WARNING  PortentaReader      send_command('disarm') ignored — port not open
2026-07-06 17:22:08,883  WARNING  PortentaReader      send_command('disarm') ignored — port not open
2026-07-06 17:22:08,942  WARNING  PortentaReader      send_command('disarm') ignored — port not open
2026-07-06 17:22:09,003  WARNING  PortentaReader      send_command('disarm') ignored — port not open
2026-07-06 17:22:09,070  WARNING  PortentaReader      send_command('disarm') ignored — port not open
2026-07-06 17:22:09,130  WARNING  PortentaReader      send_command('disarm') ignored — port not open
2026-07-06 17:22:09,198  WARNING  PortentaReader      send_command('disarm') ignored — port not open
2026-07-06 17:22:09,258  WARNING  PortentaReader      send_command('disarm') ignored — port not open
2026-07-06 17:22:09,318  WARNING  PortentaReader      send_command('disarm') ignored — port not open
2026-07-06 17:22:09,386  WARNING  PortentaReader      send_command('disarm') ignored — port not open
2026-07-06 17:22:09,445  WARNING  PortentaReader      send_command('disarm') ignored — port not open
2026-07-06 17:22:09,510  WARNING  PortentaReader      send_command('disarm') ignored — port not open
2026-07-06 17:22:09,572  WARNING  PortentaReader      send_command('disarm') ignored — port not open
2026-07-06 17:22:09,631  WARNING  PortentaReader      send_command('disarm') ignored — port not open
2026-07-06 17:22:09,692  WARNING  PortentaReader      send_command('disarm') ignored — port not open
2026-07-06 17:22:09,758  WARNING  RecordingCore       HEALTH WARNING: LCR silent 69.0s — no new samples (auxiliary; other instruments still recording)
2026-07-06 17:22:09,759  WARNING  PortentaReader      send_command('disarm') ignored — port not open
2026-07-06 17:22:09,822  WARNING  PortentaReader      send_command('disarm') ignored — port not open
2026-07-06 17:22:09,884  WARNING  PortentaReader      send_command('disarm') ignored — port not open
2026-07-06 17:22:09,946  WARNING  PortentaReader      send_command('disarm') ignored — port not open
2026-07-06 17:22:10,008  WARNING  PortentaReader      send_command('disarm') ignored — port not open
2026-07-06 17:22:10,070  WARNING  PortentaReader      send_command('disarm') ignored — port not open
2026-07-06 17:22:10,132  WARNING  PortentaReader      send_command('disarm') ignored — port not open
2026-07-06 17:22:10,195  WARNING  PortentaReader      send_command('disarm') ignored — port not open
2026-07-06 17:22:10,256  WARNING  PortentaReader      send_command('disarm') ignored — port not open
2026-07-06 17:22:10,318  WARNING  PortentaReader      send_command('disarm') ignored — port not open
2026-07-06 17:22:10,380  WARNING  PortentaReader      send_command('disarm') ignored — port not open
2026-07-06 17:22:10,441  WARNING  PortentaReader      send_command('disarm') ignored — port not open
2026-07-06 17:22:10,504  WARNING  PortentaReader      send_command('disarm') ignored — port not open
2026-07-06 17:22:10,566  WARNING  PortentaReader      send_command('disarm') ignored — port not open
2026-07-06 17:22:10,629  WARNING  PortentaReader      send_command('disarm') ignored — port not open
2026-07-06 17:22:10,700  WARNING  PortentaReader      send_command('disarm') ignored — port not open
2026-07-06 17:22:10,764  WARNING  PortentaReader      send_command('disarm') ignored — port not open
2026-07-06 17:22:10,830  WARNING  PortentaReader      send_command('disarm') ignored — port not open
2026-07-06 17:22:10,892  WARNING  PortentaReader      send_command('disarm') ignored — port not open
2026-07-06 17:22:10,953  WARNING  PortentaReader      send_command('disarm') ignored — port not open
2026-07-06 17:22:11,016  WARNING  PortentaReader      send_command('disarm') ignored — port not open
2026-07-06 17:22:11,077  WARNING  PortentaReader      send_command('disarm') ignored — port not open
2026-07-06 17:22:11,139  WARNING  PortentaReader      send_command('disarm') ignored — port not open
2026-07-06 17:22:11,199  WARNING  PortentaReader      send_command('disarm') ignored — port not open
2026-07-06 17:22:11,259  WARNING  PortentaReader      send_command('disarm') ignored — port not open
2026-07-06 17:22:11,323  WARNING  PortentaReader      send_command('disarm') ignored — port not open
2026-07-06 17:22:11,386  WARNING  PortentaReader      send_command('disarm') ignored — port not open
2026-07-06 17:22:11,447  WARNING  PortentaReader      send_command('disarm') ignored — port not open
2026-07-06 17:22:11,510  WARNING  PortentaReader      send_command('disarm') ignored — port not open
2026-07-06 17:22:11,573  WARNING  PortentaReader      send_command('disarm') ignored — port not open
2026-07-06 17:22:11,634  WARNING  PortentaReader      send_command('disarm') ignored — port not open
2026-07-06 17:22:11,698  WARNING  PortentaReader      send_command('disarm') ignored — port not open
2026-07-06 17:22:11,759  WARNING  RecordingCore       HEALTH WARNING: LCR silent 71.0s — no new samples (auxiliary; other instruments still recording)
2026-07-06 17:22:11,759  WARNING  PortentaReader      send_command('disarm') ignored — port not open
2026-07-06 17:22:11,822  WARNING  PortentaReader      send_command('disarm') ignored — port not open
2026-07-06 17:22:11,884  WARNING  PortentaReader      send_command('disarm') ignored — port not open
2026-07-06 17:22:11,946  WARNING  PortentaReader      send_command('disarm') ignored — port not open
2026-07-06 17:22:12,007  WARNING  PortentaReader      send_command('disarm') ignored — port not open
2026-07-06 17:22:12,070  WARNING  PortentaReader      send_command('disarm') ignored — port not open
2026-07-06 17:22:12,132  WARNING  PortentaReader      send_command('disarm') ignored — port not open
2026-07-06 17:22:12,193  WARNING  PortentaReader      send_command('disarm') ignored — port not open
2026-07-06 17:22:12,254  WARNING  PortentaReader      send_command('disarm') ignored — port not open
2026-07-06 17:22:12,318  WARNING  PortentaReader      send_command('disarm') ignored — port not open
2026-07-06 17:22:12,379  WARNING  PortentaReader      send_command('disarm') ignored — port not open
2026-07-06 17:22:12,441  WARNING  PortentaReader      send_command('disarm') ignored — port not open
2026-07-06 17:22:12,503  WARNING  PortentaReader      send_command('disarm') ignored — port not open
2026-07-06 17:22:12,566  WARNING  PortentaReader      send_command('disarm') ignored — port not open
2026-07-06 17:22:12,643  WARNING  PortentaReader      send_command('disarm') ignored — port not open
2026-07-06 17:22:12,706  WARNING  PortentaReader      send_command('disarm') ignored — port not open
2026-07-06 17:22:12,768  WARNING  PortentaReader      send_command('disarm') ignored — port not open
2026-07-06 17:22:12,830  WARNING  PortentaReader      send_command('disarm') ignored — port not open
2026-07-06 17:22:12,892  WARNING  PortentaReader      send_command('disarm') ignored — port not open
2026-07-06 17:22:12,947  WARNING  PortentaReader      send_command('disarm') ignored — port not open
2026-07-06 17:22:13,015  WARNING  PortentaReader      send_command('disarm') ignored — port not open
2026-07-06 17:22:13,076  WARNING  PortentaReader      send_command('disarm') ignored — port not open
2026-07-06 17:22:13,138  WARNING  PortentaReader      send_command('disarm') ignored — port not open
2026-07-06 17:22:13,201  WARNING  PortentaReader      send_command('disarm') ignored — port not open
2026-07-06 17:22:13,263  WARNING  PortentaReader      send_command('disarm') ignored — port not open
2026-07-06 17:22:13,325  WARNING  PortentaReader      send_command('disarm') ignored — port not open
2026-07-06 17:22:13,388  WARNING  PortentaReader      send_command('disarm') ignored — port not open
2026-07-06 17:22:13,450  WARNING  PortentaReader      send_command('disarm') ignored — port not open
2026-07-06 17:22:13,511  WARNING  PortentaReader      send_command('disarm') ignored — port not open
2026-07-06 17:22:13,574  WARNING  PortentaReader      send_command('disarm') ignored — port not open
2026-07-06 17:22:13,637  WARNING  PortentaReader      send_command('disarm') ignored — port not open
2026-07-06 17:22:13,699  WARNING  PortentaReader      send_command('disarm') ignored — port not open
2026-07-06 17:22:13,760  WARNING  RecordingCore       HEALTH WARNING: LCR silent 73.0s — no new samples (auxiliary; other instruments still recording)
2026-07-06 17:22:13,761  WARNING  PortentaReader      send_command('disarm') ignored — port not open
2026-07-06 17:22:13,822  WARNING  PortentaReader      send_command('disarm') ignored — port not open
2026-07-06 17:22:13,884  WARNING  PortentaReader      send_command('disarm') ignored — port not open
2026-07-06 17:22:13,945  WARNING  PortentaReader      send_command('disarm') ignored — port not open
2026-07-06 17:22:14,007  WARNING  PortentaReader      send_command('disarm') ignored — port not open
2026-07-06 17:22:14,069  WARNING  PortentaReader      send_command('disarm') ignored — port not open
2026-07-06 17:22:14,131  WARNING  PortentaReader      send_command('disarm') ignored — port not open
2026-07-06 17:22:14,194  WARNING  PortentaReader      send_command('disarm') ignored — port not open
2026-07-06 17:22:14,256  WARNING  PortentaReader      send_command('disarm') ignored — port not open
2026-07-06 17:22:14,318  WARNING  PortentaReader      send_command('disarm') ignored — port not open
2026-07-06 17:22:14,379  WARNING  PortentaReader      send_command('disarm') ignored — port not open
2026-07-06 17:22:14,442  WARNING  PortentaReader      send_command('disarm') ignored — port not open
2026-07-06 17:22:14,504  WARNING  PortentaReader      send_command('disarm') ignored — port not open
2026-07-06 17:22:14,565  WARNING  PortentaReader      send_command('disarm') ignored — port not open
2026-07-06 17:22:14,634  WARNING  PortentaReader      send_command('disarm') ignored — port not open
2026-07-06 17:22:14,706  WARNING  PortentaReader      send_command('disarm') ignored — port not open
2026-07-06 17:22:14,754  WARNING  PortentaReader      send_command('disarm') ignored — port not open
2026-07-06 17:22:14,822  WARNING  PortentaReader      send_command('disarm') ignored — port not open
2026-07-06 17:22:14,890  WARNING  PortentaReader      send_command('disarm') ignored — port not open
2026-07-06 17:22:14,952  WARNING  PortentaReader      send_command('disarm') ignored — port not open
2026-07-06 17:22:15,014  WARNING  PortentaReader      send_command('disarm') ignored — port not open
2026-07-06 17:22:15,075  WARNING  PortentaReader      send_command('disarm') ignored — port not open
2026-07-06 17:22:15,141  WARNING  PortentaReader      send_command('disarm') ignored — port not open
2026-07-06 17:22:15,199  WARNING  PortentaReader      send_command('disarm') ignored — port not open
2026-07-06 17:22:15,257  WARNING  PortentaReader      send_command('disarm') ignored — port not open
2026-07-06 17:22:15,317  WARNING  PortentaReader      send_command('disarm') ignored — port not open
2026-07-06 17:22:15,383  WARNING  PortentaReader      send_command('disarm') ignored — port not open
2026-07-06 17:22:15,447  WARNING  PortentaReader      send_command('disarm') ignored — port not open
2026-07-06 17:22:15,504  WARNING  PortentaReader      send_command('disarm') ignored — port not open
2026-07-06 17:22:15,570  WARNING  PortentaReader      send_command('disarm') ignored — port not open
2026-07-06 17:22:15,632  WARNING  PortentaReader      send_command('disarm') ignored — port not open
2026-07-06 17:22:15,693  WARNING  PortentaReader      send_command('disarm') ignored — port not open
2026-07-06 17:22:15,754  WARNING  RecordingCore       HEALTH WARNING: LCR silent 75.0s — no new samples (auxiliary; other instruments still recording)
2026-07-06 17:22:15,754  WARNING  PortentaReader      send_command('disarm') ignored — port not open
2026-07-06 17:22:15,815  WARNING  PortentaReader      send_command('disarm') ignored — port not open
2026-07-06 17:22:15,879  WARNING  PortentaReader      send_command('disarm') ignored — port not open
2026-07-06 17:22:15,941  WARNING  PortentaReader      send_command('disarm') ignored — port not open
2026-07-06 17:22:16,019  WARNING  PortentaReader      send_command('disarm') ignored — port not open
2026-07-06 17:22:16,081  WARNING  PortentaReader      send_command('disarm') ignored — port not open
2026-07-06 17:22:16,142  WARNING  PortentaReader      send_command('disarm') ignored — port not open
2026-07-06 17:22:16,204  WARNING  PortentaReader      send_command('disarm') ignored — port not open
2026-07-06 17:22:16,260  WARNING  PortentaReader      send_command('disarm') ignored — port not open
2026-07-06 17:22:16,328  WARNING  PortentaReader      send_command('disarm') ignored — port not open
2026-07-06 17:22:16,389  WARNING  PortentaReader      send_command('disarm') ignored — port not open
2026-07-06 17:22:16,450  WARNING  PortentaReader      send_command('disarm') ignored — port not open
2026-07-06 17:22:16,512  WARNING  PortentaReader      send_command('disarm') ignored — port not open
2026-07-06 17:22:16,573  WARNING  PortentaReader      send_command('disarm') ignored — port not open
2026-07-06 17:22:16,637  WARNING  PortentaReader      send_command('disarm') ignored — port not open
2026-07-06 17:22:16,699  WARNING  PortentaReader      send_command('disarm') ignored — port not open
2026-07-06 17:22:16,761  WARNING  PortentaReader      send_command('disarm') ignored — port not open
2026-07-06 17:22:16,823  WARNING  PortentaReader      send_command('disarm') ignored — port not open
2026-07-06 17:22:16,885  WARNING  PortentaReader      send_command('disarm') ignored — port not open
2026-07-06 17:22:16,947  WARNING  PortentaReader      send_command('disarm') ignored — port not open
2026-07-06 17:22:17,010  WARNING  PortentaReader      send_command('disarm') ignored — port not open
2026-07-06 17:22:17,072  WARNING  PortentaReader      send_command('disarm') ignored — port not open
2026-07-06 17:22:17,133  WARNING  PortentaReader      send_command('disarm') ignored — port not open
2026-07-06 17:22:17,195  WARNING  PortentaReader      send_command('disarm') ignored — port not open
2026-07-06 17:22:17,258  WARNING  PortentaReader      send_command('disarm') ignored — port not open
2026-07-06 17:22:17,319  WARNING  PortentaReader      send_command('disarm') ignored — port not open
2026-07-06 17:22:17,382  WARNING  PortentaReader      send_command('disarm') ignored — port not open
2026-07-06 17:22:17,444  WARNING  PortentaReader      send_command('disarm') ignored — port not open
2026-07-06 17:22:17,507  WARNING  PortentaReader      send_command('disarm') ignored — port not open
2026-07-06 17:22:17,569  WARNING  PortentaReader      send_command('disarm') ignored — port not open
2026-07-06 17:22:17,632  WARNING  PortentaReader      send_command('disarm') ignored — port not open
2026-07-06 17:22:17,695  WARNING  PortentaReader      send_command('disarm') ignored — port not open
2026-07-06 17:22:17,755  WARNING  RecordingCore       HEALTH WARNING: LCR silent 77.0s — no new samples (auxiliary; other instruments still recording)
2026-07-06 17:22:17,756  WARNING  PortentaReader      send_command('disarm') ignored — port not open
2026-07-06 17:22:17,817  WARNING  PortentaReader      send_command('disarm') ignored — port not open
2026-07-06 17:22:17,881  WARNING  PortentaReader      send_command('disarm') ignored — port not open
2026-07-06 17:22:17,943  WARNING  PortentaReader      send_command('disarm') ignored — port not open
2026-07-06 17:22:18,005  WARNING  PortentaReader      send_command('disarm') ignored — port not open
2026-07-06 17:22:18,066  WARNING  PortentaReader      send_command('disarm') ignored — port not open
2026-07-06 17:22:18,129  WARNING  PortentaReader      send_command('disarm') ignored — port not open
2026-07-06 17:22:18,206  WARNING  PortentaReader      send_command('disarm') ignored — port not open
2026-07-06 17:22:18,269  WARNING  PortentaReader      send_command('disarm') ignored — port not open
2026-07-06 17:22:18,328  WARNING  PortentaReader      send_command('disarm') ignored — port not open
2026-07-06 17:22:18,392  WARNING  PortentaReader      send_command('disarm') ignored — port not open
2026-07-06 17:22:18,454  WARNING  PortentaReader      send_command('disarm') ignored — port not open
2026-07-06 17:22:18,517  WARNING  PortentaReader      send_command('disarm') ignored — port not open
2026-07-06 17:22:18,566  WARNING  PortentaReader      send_command('disarm') ignored — port not open
2026-07-06 17:22:18,630  WARNING  PortentaReader      send_command('disarm') ignored — port not open
2026-07-06 17:22:18,692  WARNING  PortentaReader      send_command('disarm') ignored — port not open
2026-07-06 17:22:18,758  WARNING  PortentaReader      send_command('disarm') ignored — port not open
2026-07-06 17:22:18,819  WARNING  PortentaReader      send_command('disarm') ignored — port not open
2026-07-06 17:22:18,888  WARNING  PortentaReader      send_command('disarm') ignored — port not open
2026-07-06 17:22:18,951  WARNING  PortentaReader      send_command('disarm') ignored — port not open
2026-07-06 17:22:19,013  WARNING  PortentaReader      send_command('disarm') ignored — port not open
2026-07-06 17:22:19,075  WARNING  PortentaReader      send_command('disarm') ignored — port not open
2026-07-06 17:22:19,135  WARNING  PortentaReader      send_command('disarm') ignored — port not open
2026-07-06 17:22:19,194  WARNING  PortentaReader      send_command('disarm') ignored — port not open
2026-07-06 17:22:19,254  WARNING  PortentaReader      send_command('disarm') ignored — port not open
2026-07-06 17:22:19,322  WARNING  PortentaReader      send_command('disarm') ignored — port not open
2026-07-06 17:22:19,382  WARNING  PortentaReader      send_command('disarm') ignored — port not open
2026-07-06 17:22:19,442  WARNING  PortentaReader      send_command('disarm') ignored — port not open
2026-07-06 17:22:19,507  WARNING  PortentaReader      send_command('disarm') ignored — port not open
2026-07-06 17:22:19,569  WARNING  PortentaReader      send_command('disarm') ignored — port not open
2026-07-06 17:22:19,631  WARNING  PortentaReader      send_command('disarm') ignored — port not open
2026-07-06 17:22:19,692  WARNING  PortentaReader      send_command('disarm') ignored — port not open
2026-07-06 17:22:19,756  WARNING  RecordingCore       HEALTH WARNING: LCR silent 79.0s — no new samples (auxiliary; other instruments still recording)
2026-07-06 17:22:19,756  WARNING  PortentaReader      send_command('disarm') ignored — port not open
2026-07-06 17:22:19,914  WARNING  PortentaReader      send_command('disarm') ignored — port not open
2026-07-06 17:22:19,919  WARNING  PortentaReader      send_command('disarm') ignored — port not open
2026-07-06 17:22:20,129  INFO   Driver_ZaberStage   Disconnected
2026-07-06 17:22:20,129  INFO   ZaberWorker         Zaber worker exit  (pushed=4528, dropped=0)
2026-07-06 17:22:20,156  INFO   RecordingCore       Wrote C:\Users\yilin\Documents\GitHubRepo_Research\MicroTensileMachine\MicroTensileMachine\Experiment_SMACharacterizationV3\data\console_20260706_172044\meta.json
