t_s,v_trig,v_dac,v_out
0,0,0.2,0.6
2e-05,0,0.2,0.6
4e-05,0,0.2,0.56
6e-05,0,0.24,0.6
8e-05,0,0.2,0.6
0.0001,0,0.2,0.6
0.00012,0,0.2,0.6
0.00014,0.04,0.2,0.6
0.00016,0,0.2,0.6
0.00018,0,0.24,0.6
0.0002,0,0.2,0.6
0.00022,0,0.2,0.6
0.00024,0,0.2,0.6
0.00026,0,0.2,0.6
0.00028,0,0.2,0.6
0.0003,0,0.2,0.56
0.00032,0,0.2,0.6
0.00034,0,0.2,0.6
0.00036,0,0.2,0.6
0.00038,0,0.2,0.6
0.0004,0,0.2,0.56
0.00042,0,0.2,0.6
0.00044,0,0.2,0.6
0.00046,0,0.2,0.6
0.00048,0,0.2,0.6
0.0005,0,0.2,0.56
0.00052,0,0.2,0.6
0.00054,0,0.2,0.6
0.00056,0,0.2,0.6
0.00058,0,0.2,0.56
0.0006,0,0.2,0.56
0.00062,0,0.2,0.6
0.00064,0,0.2,0.6
0.00066,0,0.2,0.6
0.00068,0,0.2,0.6
0.0007,0,0.2,0.6
0.00072,0,0.24,0.6
0.00074,0,0.24,0.6
0.00076,0,0.2,0.6
0.00078,0,0.2,0.6
0.0008,0,0.2,0.6
0.00082,0,0.2,0.56
0.00084,0,0.2,0.56
0.00086,0,0.2,0.6
0.00088,0,0.24,0.6
0.0009,0,0.2,0.6
0.00092,0,0.2,0.6
0.00094,0,0.2,0.6
0.00096,0,0.2,0.6
0.00098,0,0.2,0.6
0.001,0,0.2,0.6
0.00102,0,0.2,0.6
0.00104,0,0.2,0.56
0.00106,0,0.2,0.56
0.00108,0,0.2,0.6
0.0011,0,0.2,0.6
0.00112,0.04,0.2,0.6
0.00114,0,0.2,0.56
0.00116,0,0.24,0.6
0.00118,0,0.2,0.6
0.0012,0,0.2,0.6
0.00122,0,0.2,0.6
0.00124,0,0.2,0.6
0.00126,0,0.2,0.6
0.00128,0,0.2,0.64
0.0013,0,0.2,0.6
0.00132,0,0.2,0.6
0.00134,0,0.2,0.6
0.00136,0,0.2,0.6
0.00138,0,0.2,0.6
0.0014,0,0.2,0.6
0.00142,0,0.2,0.6
0.00144,0,0.2,0.56
0.00146,0,0.24,0.6
0.00148,0,0.2,0.6
0.0015,0,0.2,0.6
0.00152,0,0.2,0.6
0.00154,0,0.24,0.6
0.00156,0,0.2,0.6
0.00158,0,0.2,0.6
0.0016,0,0.2,0.6
0.00162,0,0.2,0.6
0.00164,0,0.2,0.6
0.00166,0,0.2,0.6
0.00168,0,0.2,0.6
0.0017,0,0.2,0.6
0.00172,0,0.2,0.6
0.00174,0,0.2,0.6
0.00176,0,0.2,0.6
0.00178,0,0.2,0.6
0.0018,0,0.2,0.56
0.00182,0,0.2,0.6
0.00184,0,0.2,0.6
0.00186,0,0.2,0.6
0.00188,0,0.2,0.6
0.0019,0,0.24,0.6
0.00192,0,0.2,0.56
0.00194,0,0.2,0.6
0.00196,0,0.2,0.6
0.00198,0,0.2,0.6
0.002,0,0.2,0.6
0.00202,0,0.2,0.6
0.00204,0,0.2,0.6
0.00206,0.04,0.2,0.6
0.00208,0,0.2,0.6
0.0021,0,0.2,0.6
0.00212,0,0.2,0.56
0.00214,0,0.24,0.6
0.00216,0,0.2,0.56
0.00218,0,0.2,0.6
0.0022,0,0.2,0.6
0.00222,0,0.2,0.6
0.00224,0,0.2,0.6
0.00226,0,0.2,0.56
0.00228,0,0.2,0.6
0.0023,0,0.2,0.6
0.00232,0,0.2,0.6
0.00234,0,0.2,0.6
0.00236,0,0.2,0.6
0.00238,0,0.2,0.6
0.0024,0,0.2,0.56
0.00242,0,0.2,0.6
0.00244,0,0.2,0.6
0.00246,0,0.2,0.6
0.00248,0,0.2,0.6
0.0025,0,0.2,0.6
0.00252,0,0.24,0.6
0.00254,0,0.2,0.6
0.00256,0,0.2,0.6
0.00258,0,0.2,0.56
0.0026,0,0.2,0.6
0.00262,0,0.24,0.6
0.00264,0,0.2,0.56
0.00266,0,0.2,0.6
0.00268,0,0.2,0.6
0.0027,0,0.2,0.6
0.00272,0,0.2,0.6
0.00274,0,0.2,0.6
0.00276,0,0.24,0.6
0.00278,0,0.2,0.6
0.0028,0,0.2,0.6
0.00282,0,0.2,0.6
0.00284,0,0.2,0.6
0.00286,0,0.2,0.6
0.00288,0,0.24,0.6
0.0029,0,0.2,0.6
0.00292,0,0.2,0.6
0.00294,0,0.2,0.6
0.00296,0,0.2,0.56
0.00298,0,0.2,0.6
0.003,0,0.2,0.6
0.00302,0,0.24,0.6
0.00304,0,0.2,0.6
0.00306,0,0.2,0.6
0.00308,0,0.2,0.6
0.0031,0,0.2,0.56
0.00312,0,0.2,0.6
0.00314,0,0.2,0.6
0.00316,0,0.2,0.6
0.00318,0,0.2,0.56
0.0032,0,0.24,0.6
0.00322,0,0.2,0.56
0.00324,0,0.2,0.56
0.00326,0,0.2,0.6
0.00328,0,0.2,0.56
0.0033,0,0.2,0.6
0.00332,0,0.2,0.6
0.00334,0,0.2,0.56
0.00336,0,0.2,0.6
0.00338,0,0.2,0.6
0.0034,0,0.2,0.56
0.00342,0,0.2,0.6
0.00344,0,0.2,0.6
0.00346,0,0.2,0.6
0.00348,0,0.2,0.6
0.0035,0,0.2,0.6
0.00352,0,0.2,0.6
0.00354,0,0.2,0.6
0.00356,0,0.2,0.6
0.00358,0,0.2,0.6
0.0036,0,0.2,0.6
0.00362,0,0.2,0.6
0.00364,0,0.2,0.6
0.00366,0,0.2,0.6
0.00368,0,0.2,0.6
0.0037,0.04,0.2,0.6
0.00372,0,0.2,0.6
0.00374,0,0.2,0.6
0.00376,0,0.2,0.6
0.00378,0,0.2,0.6
0.0038,0,0.2,0.6
0.00382,0,0.2,0.6
0.00384,0,0.24,0.6
0.00386,0,0.2,0.6
0.00388,0,0.2,0.6
0.0039,0,0.2,0.6
0.00392,0,0.2,0.56
0.00394,0,0.2,0.6
0.00396,0,0.2,0.6
0.00398,0,0.2,0.56
0.004,0,0.2,0.6
0.00402,0,0.2,0.6
0.00404,0,0.2,0.6
0.00406,0,0.2,0.6
0.00408,0,0.2,0.6
0.0041,0,0.2,0.6
0.00412,0,0.2,0.6
0.00414,0,0.2,0.6
0.00416,0,0.24,0.6
0.00418,0,0.24,0.6
0.0042,0,0.2,0.6
0.00422,0,0.2,0.6
0.00424,0,0.24,0.6
0.00426,0,0.2,0.6
0.00428,0,0.2,0.6
0.0043,0,0.2,0.6
0.00432,0,0.2,0.6
0.00434,0,0.2,0.6
0.00436,0,0.2,0.6
0.00438,0,0.24,0.6
0.0044,0,0.2,0.6
0.00442,0,0.2,0.6
0.00444,0,0.2,0.6
0.00446,0,0.2,0.6
0.00448,0,0.2,0.6
0.0045,0,0.2,0.6
0.00452,0,0.2,0.6
0.00454,0,0.2,0.6
0.00456,0,0.2,0.6
0.00458,0,0.2,0.6
0.0046,0,0.2,0.6
0.00462,0,0.2,0.6
0.00464,0,0.2,0.6
0.00466,0,0.2,0.6
0.00468,0,0.2,0.6
0.0047,0,0.2,0.6
0.00472,0,0.2,0.6
0.00474,0,0.2,0.6
0.00476,0,0.2,0.6
0.00478,0.04,0.2,0.6
0.0048,0,0.2,0.6
0.00482,0,0.2,0.56
0.00484,0,0.2,0.6
0.00486,0,0.24,0.6
0.00488,0,0.2,0.6
0.0049,0,0.2,0.6
0.00492,0,0.2,0.56
0.00494,0,0.2,0.6
0.00496,0,0.2,0.6
0.00498,0,0.2,0.6
0.005,0,0.2,0.6
0.00502,0,0.2,0.6
0.00504,0,0.2,0.6
0.00506,0,0.2,0.6
0.00508,0,0.2,0.6
0.0051,0,0.2,0.6
0.00512,0,0.2,0.6
0.00514,0,0.2,0.6
0.00516,0,0.2,0.6
0.00518,0,0.2,0.6
0.0052,0,0.2,0.6
0.00522,0,0.2,0.6
0.00524,0,0.2,0.6
0.00526,0,0.2,0.6
0.00528,0,0.2,0.6
0.0053,0,0.2,0.6
0.00532,0,0.2,0.6
0.00534,0,0.2,0.6
0.00536,0,0.2,0.6
0.00538,0,0.2,0.6
0.0054,0,0.2,0.6
0.00542,0,0.2,0.6
0.00544,0,0.2,0.6
0.00546,0,0.2,0.6
0.00548,0,0.2,0.6
0.0055,0,0.2,0.6
0.00552,0,0.2,0.6
0.00554,0,0.2,0.6
0.00556,0,0.2,0.6
0.00558,0,0.2,0.6
0.0056,0,0.2,0.6
0.00562,0,0.2,0.56
0.00564,0,0.2,0.6
0.00566,0,0.24,0.6
0.00568,0,0.2,0.6
0.0057,0,0.2,0.6
0.00572,0,0.2,0.6
0.00574,0,0.2,0.6
0.00576,0,0.2,0.56
0.00578,0,0.2,0.6
0.0058,0,0.2,0.56
0.00582,0,0.2,0.6
0.00584,0,0.2,0.6
0.00586,0,0.2,0.6
0.00588,0.04,0.2,0.6
0.0059,0,0.2,0.6
0.00592,0,0.2,0.6
0.00594,0,0.2,0.6
0.00596,0,0.2,0.6
0.00598,0,0.2,0.56
0.006,0,0.24,0.6
0.00602,0,0.2,0.6
0.00604,0,0.2,0.56
0.00606,0,0.2,0.6
0.00608,0,0.2,0.6
0.0061,0.04,0.24,0.64
0.00612,0,0.2,0.6
0.00614,0,0.2,0.6
0.00616,0,0.2,0.56
0.00618,0,0.2,0.6
0.0062,0,0.2,0.6
0.00622,0,0.2,0.6
0.00624,0,0.2,0.6
0.00626,0,0.2,0.56
0.00628,0,0.2,0.6
0.0063,0,0.2,0.6
0.00632,0,0.2,0.6
0.00634,0,0.2,0.6
0.00636,0,0.2,0.56
0.00638,0,0.2,0.6
0.0064,0,0.2,0.6
0.00642,0,0.2,0.6
0.00644,0,0.2,0.6
0.00646,0,0.24,0.6
0.00648,0.04,0.2,0.64
0.0065,0,0.2,0.6
0.00652,0,0.2,0.6
0.00654,0,0.2,0.6
0.00656,0,0.2,0.6
0.00658,0,0.2,0.6
0.0066,0,0.2,0.6
0.00662,0,0.2,0.56
0.00664,0,0.2,0.6
0.00666,0,0.2,0.6
0.00668,0,0.2,0.6
0.0067,0,0.2,0.6
0.00672,0,0.2,0.6
0.00674,0,0.24,0.6
0.00676,0,0.2,0.6
0.00678,0,0.2,0.6
0.0068,0,0.2,0.6
0.00682,0,0.2,0.6
0.00684,0,0.2,0.6
0.00686,0,0.2,0.6
0.00688,0,0.2,0.6
0.0069,0,0.2,0.6
0.00692,0,0.2,0.6
0.00694,0,0.2,0.6
0.00696,0,0.2,0.6
0.00698,0,0.2,0.6
0.007,0,0.2,0.6
0.00702,0,0.2,0.6
0.00704,0,0.2,0.6
0.00706,0,0.2,0.6
0.00708,0,0.2,0.6
0.0071,0,0.2,0.6
0.00712,0,0.2,0.6
0.00714,0,0.2,0.6
0.00716,0,0.2,0.6
0.00718,0,0.2,0.6
0.0072,0,0.2,0.6
0.00722,0,0.2,0.6
0.00724,0,0.2,0.6
0.00726,0,0.24,0.6
0.00728,0,0.2,0.6
0.0073,0,0.2,0.6
0.00732,0,0.2,0.6
0.00734,0,0.24,0.6
0.00736,0,0.2,0.6
0.00738,0,0.2,0.56
0.0074,0,0.2,0.6
0.00742,0,0.2,0.56
0.00744,0,0.2,0.6
0.00746,0,0.2,0.6
0.00748,0,0.2,0.6
0.0075,0,0.2,0.6
0.00752,0,0.2,0.6
0.00754,0,0.2,0.6
0.00756,0,0.2,0.6
0.00758,0,0.2,0.6
0.0076,0,0.2,0.6
0.00762,0,0.2,0.6
0.00764,0,0.2,0.6
0.00766,0,0.24,0.6
0.00768,0,0.2,0.6
0.0077,0,0.2,0.6
0.00772,0,0.24,0.6
0.00774,0,0.2,0.6
0.00776,0,0.2,0.6
0.00778,0,0.2,0.6
0.0078,0,0.2,0.6
0.00782,0,0.2,0.6
0.00784,0,0.2,0.6
0.00786,0,0.2,0.6
0.00788,0,0.2,0.6
0.0079,0,0.2,0.6
0.00792,0,0.2,0.6
0.00794,0,0.2,0.56
0.00796,0,0.2,0.6
0.00798,0,0.2,0.6
0.008,0,0.2,0.6
0.00802,0,0.2,0.6
0.00804,0,0.2,0.6
0.00806,0,0.2,0.56
0.00808,0,0.2,0.56
0.0081,0,0.2,0.6
0.00812,0,0.2,0.6
0.00814,0,0.2,0.56
0.00816,0,0.2,0.6
0.00818,0,0.2,0.6
0.0082,0,0.2,0.6
0.00822,0,0.2,0.6
0.00824,0,0.2,0.6
0.00826,0,0.2,0.56
0.00828,0,0.2,0.6
0.0083,0,0.2,0.6
0.00832,0,0.2,0.6
0.00834,0,0.2,0.6
0.00836,0,0.2,0.6
0.00838,0,0.2,0.6
0.0084,0,0.2,0.6
0.00842,0,0.2,0.6
0.00844,0,0.2,0.6
0.00846,0,0.2,0.6
0.00848,0,0.2,0.6
0.0085,0,0.2,0.6
0.00852,0,0.2,0.6
0.00854,0,0.2,0.6
0.00856,0,0.2,0.6
0.00858,0,0.2,0.6
0.0086,0,0.2,0.6
0.00862,0,0.24,0.6
0.00864,0,0.2,0.6
0.00866,0,0.2,0.6
0.00868,0,0.2,0.6
0.0087,0,0.2,0.6
0.00872,0,0.2,0.6
0.00874,0,0.2,0.6
0.00876,0,0.2,0.6
0.00878,0,0.2,0.56
0.0088,0,0.2,0.6
0.00882,0,0.2,0.6
0.00884,0.04,0.24,0.6
0.00886,0,0.2,0.6
0.00888,0,0.2,0.6
0.0089,0,0.2,0.6
0.00892,0,0.2,0.6
0.00894,0,0.2,0.6
0.00896,0,0.2,0.6
0.00898,0,0.2,0.6
0.009,0,0.2,0.6
0.00902,0,0.2,0.6
0.00904,0,0.24,0.6
0.00906,0,0.2,0.6
0.00908,0,0.2,0.6
0.0091,0,0.2,0.6
0.00912,0,0.2,0.6
0.00914,0,0.2,0.56
0.00916,0,0.2,0.6
0.00918,0,0.2,0.6
0.0092,0,0.2,0.6
0.00922,0,0.2,0.56
0.00924,0,0.2,0.56
0.00926,0,0.2,0.6
0.00928,0,0.2,0.56
0.0093,0,0.2,0.6
0.00932,0,0.2,0.6
0.00934,0,0.2,0.6
0.00936,0,0.2,0.56
0.00938,0,0.2,0.6
0.0094,0,0.2,0.6
0.00942,0,0.2,0.6
0.00944,0,0.2,0.6
0.00946,0,0.2,0.6
0.00948,0,0.2,0.6
0.0095,0,0.2,0.56
0.00952,0.04,0.2,0.56
0.00954,0,0.24,0.6
0.00956,0,0.24,0.56
0.00958,0,0.2,0.56
0.0096,0,0.2,0.6
0.00962,0,0.2,0.6
0.00964,0,0.2,0.6
0.00966,0,0.2,0.6
0.00968,0,0.24,0.6
0.0097,0,0.2,0.6
0.00972,0,0.2,0.6
0.00974,0,0.2,0.6
0.00976,0,0.2,0.6
0.00978,0,0.24,0.6
0.0098,0,0.2,0.6
0.00982,0,0.2,0.6
0.00984,0,0.2,0.6
0.00986,0,0.2,0.6
0.00988,0,0.2,0.6
0.0099,0,0.2,0.56
0.00992,0,0.2,0.6
0.00994,0,0.2,0.6
0.00996,0,0.2,0.6
0.00998,0,0.2,0.6
0.01,0,0.2,0.6
0.01002,0,0.2,0.6
0.01004,0,0.2,0.6
0.01006,0,0.2,0.6
0.01008,0,0.2,0.6
0.0101,0,0.2,0.56
0.01012,0,0.2,0.6
0.01014,0,0.24,0.6
0.01016,0,0.2,0.6
0.01018,0,0.2,0.6
0.0102,0,0.2,0.6
0.01022,0,0.24,0.6
0.01024,0,0.2,0.6
0.01026,0,0.2,0.6
0.01028,0,0.2,0.6
0.0103,0,0.2,0.6
0.01032,0,0.24,0.6
0.01034,0,0.2,0.6
0.01036,0,0.2,0.6
0.01038,0,0.2,0.6
0.0104,0,0.2,0.6
0.01042,0,0.2,0.6
0.01044,0,0.2,0.6
0.01046,0,0.2,0.6
0.01048,0,0.24,0.6
0.0105,0,0.2,0.56
0.01052,0,0.2,0.6
0.01054,0,0.2,0.6
0.01056,0,0.2,0.6
0.01058,0,0.2,0.6
0.0106,0,0.24,0.6
0.01062,0,0.2,0.6
0.01064,0,0.2,0.6
0.01066,0,0.2,0.6
0.01068,0,0.2,0.6
0.0107,0,0.2,0.6
0.01072,0,0.2,0.6
0.01074,0,0.2,0.6
0.01076,0,0.2,0.6
0.01078,0,0.2,0.6
0.0108,0,0.2,0.6
0.01082,0,0.2,0.6
0.01084,0,0.2,0.6
0.01086,0,0.2,0.6
0.01088,0,0.2,0.56
0.0109,0,0.2,0.6
0.01092,0,0.2,0.6
0.01094,0,0.2,0.6
0.01096,0,0.2,0.6
0.01098,0,0.2,0.6
0.011,0,0.2,0.6
0.01102,0,0.2,0.56
0.01104,0,0.2,0.6
0.01106,0,0.2,0.6
0.01108,0.04,0.2,0.6
0.0111,0,0.2,0.6
0.01112,0,0.24,0.6
0.01114,0,0.2,0.6
0.01116,0,0.24,0.6
0.01118,0,0.24,0.6
0.0112,0,0.2,0.6
0.01122,0,0.2,0.6
0.01124,0,0.2,0.6
0.01126,0,0.2,0.6
0.01128,0,0.24,0.6
0.0113,0,0.2,0.6
0.01132,0,0.2,0.6
0.01134,0,0.2,0.6
0.01136,0,0.2,0.6
0.01138,0,0.2,0.6
0.0114,0,0.2,0.6
0.01142,0,0.2,0.6
0.01144,0,0.2,0.6
0.01146,0,0.2,0.56
0.01148,0,0.2,0.6
0.0115,0.04,0.2,0.6
0.01152,0,0.24,0.56
0.01154,0,0.2,0.6
0.01156,0,0.2,0.6
0.01158,0,0.2,0.6
0.0116,0,0.24,0.6
0.01162,0,0.2,0.6
0.01164,0,0.2,0.6
0.01166,0,0.2,0.6
0.01168,0,0.24,0.6
0.0117,0,0.24,0.6
0.01172,0,0.2,0.6
0.01174,0,0.2,0.6
0.01176,0,0.2,0.6
0.01178,0,0.2,0.56
0.0118,0,0.2,0.6
0.01182,0,0.2,0.6
0.01184,0,0.2,0.6
0.01186,0,0.2,0.6
0.01188,0,0.2,0.56
0.0119,0,0.24,0.6
0.01192,0,0.2,0.6
0.01194,0,0.2,0.6
0.01196,0,0.2,0.6
0.01198,0,0.2,0.6
0.012,0,0.2,0.56
0.01202,0,0.2,0.6
0.01204,0,0.2,0.6
0.01206,0,0.2,0.6
0.01208,0,0.2,0.6
0.0121,0,0.2,0.6
0.01212,0,0.2,0.56
0.01214,0,0.2,0.6
0.01216,0,0.2,0.6
0.01218,0,0.2,0.6
0.0122,0,0.2,0.6
0.01222,0,0.2,0.6
0.01224,0,0.2,0.6
0.01226,0,0.2,0.6
0.01228,0,0.2,0.6
0.0123,0,0.2,0.6
0.01232,0,0.2,0.6
0.01234,0,0.2,0.6
0.01236,0,0.2,0.6
0.01238,0,0.2,0.6
0.0124,0,0.2,0.6
0.01242,0,0.2,0.6
0.01244,0,0.24,0.6
0.01246,0,0.2,0.6
0.01248,0,0.2,0.6
0.0125,0,0.2,0.56
0.01252,0,0.24,0.6
0.01254,0,0.2,0.6
0.01256,0,0.2,0.56
0.01258,0,0.2,0.56
0.0126,0,0.2,0.6
0.01262,0,0.2,0.6
0.01264,0,0.2,0.6
0.01266,0,0.2,0.6
0.01268,0,0.2,0.6
0.0127,0,0.2,0.6
0.01272,0,0.2,0.6
0.01274,0,0.2,0.6
0.01276,0,0.2,0.6
0.01278,0,0.2,0.6
0.0128,0,0.2,0.6
0.01282,0,0.2,0.6
0.01284,0,0.2,0.6
0.01286,0,0.24,0.6
0.01288,0,0.24,0.6
0.0129,0,0.2,0.6
0.01292,0,0.2,0.6
0.01294,0,0.2,0.6
0.01296,0,0.2,0.6
0.01298,0,0.2,0.6
0.013,0,0.2,0.6
0.01302,0,0.2,0.6
0.01304,0,0.2,0.6
0.01306,0,0.2,0.6
0.01308,0,0.2,0.6
0.0131,0.04,0.2,0.56
0.01312,0,0.24,0.6
0.01314,0,0.2,0.6
0.01316,0.04,0.2,0.6
0.01318,0,0.2,0.6
0.0132,0,0.2,0.6
0.01322,0,0.2,0.6
0.01324,0,0.2,0.6
0.01326,0,0.2,0.6
0.01328,0,0.2,0.6
0.0133,0,0.2,0.6
0.01332,0,0.2,0.6
0.01334,0,0.2,0.6
0.01336,0,0.2,0.6
0.01338,0,0.2,0.6
0.0134,0,0.2,0.6
0.01342,0,0.2,0.6
0.01344,0,0.24,0.6
0.01346,0,0.2,0.6
0.01348,0,0.2,0.6
0.0135,0,0.24,0.6
0.01352,0,0.2,0.6
0.01354,0,0.2,0.6
0.01356,0,0.2,0.6
0.01358,0,0.24,0.6
0.0136,0,0.24,0.6
0.01362,0,0.2,0.6
0.01364,0,0.2,0.6
0.01366,0,0.2,0.56
0.01368,0,0.2,0.56
0.0137,0,0.2,0.6
0.01372,0,0.2,0.6
0.01374,0,0.2,0.6
0.01376,0,0.2,0.6
0.01378,0,0.2,0.6
0.0138,0,0.2,0.6
0.01382,0,0.2,0.6
0.01384,0,0.2,0.6
0.01386,0,0.2,0.6
0.01388,0,0.2,0.6
0.0139,0,0.2,0.6
0.01392,0,0.2,0.6
0.01394,0,0.2,0.6
0.01396,0,0.2,0.6
0.01398,0,0.2,0.6
0.014,0.04,0.2,0.6
0.01402,0,0.2,0.6
0.01404,0,0.2,0.6
0.01406,0,0.2,0.6
0.01408,0,0.2,0.6
0.0141,0,0.2,0.6
0.01412,0,0.2,0.6
0.01414,0,0.24,0.6
0.01416,0,0.2,0.6
0.01418,0,0.2,0.6
0.0142,0,0.2,0.6
0.01422,0,0.2,0.6
0.01424,0,0.2,0.6
0.01426,0,0.2,0.6
0.01428,0,0.2,0.6
0.0143,0,0.2,0.6
0.01432,0,0.2,0.6
0.01434,0,0.2,0.6
0.01436,0.04,0.2,0.6
0.01438,0,0.2,0.6
0.0144,0.04,0.2,0.6
0.01442,0,0.24,0.56
0.01444,0,0.2,0.6
0.01446,0,0.24,0.6
0.01448,0,0.24,0.6
0.0145,0,0.2,0.6
0.01452,0,0.2,0.6
0.01454,0,0.2,0.6
0.01456,0,0.24,0.6
0.01458,0,0.2,0.56
0.0146,0,0.2,0.6
0.01462,0,0.2,0.6
0.01464,0,0.2,0.6
0.01466,0,0.2,0.6
0.01468,0,0.2,0.6
0.0147,0,0.2,0.6
0.01472,0,0.2,0.6
0.01474,0,0.2,0.6
0.01476,0,0.2,0.56
0.01478,0,0.2,0.6
0.0148,0,0.2,0.6
0.01482,0,0.2,0.56
0.01484,0,0.2,0.6
0.01486,0,0.2,0.56
0.01488,0,0.2,0.6
0.0149,0,0.2,0.56
0.01492,0,0.2,0.6
0.01494,0,0.2,0.6
0.01496,0,0.2,0.6
0.01498,0,0.2,0.6
0.015,0,0.2,0.56
0.01502,0,0.2,0.6
0.01504,0,0.2,0.6
0.01506,0,0.2,0.6
0.01508,0,0.2,0.6
0.0151,0,0.2,0.6
0.01512,0,0.2,0.6
0.01514,0,0.2,0.6
0.01516,0,0.2,0.6
0.01518,0,0.2,0.6
0.0152,0,0.2,0.6
0.01522,0,0.2,0.6
0.01524,0,0.2,0.6
0.01526,0.04,0.24,0.6
0.01528,0,0.2,0.6
0.0153,0,0.2,0.56
0.01532,0,0.2,0.56
0.01534,0,0.2,0.6
0.01536,0,0.2,0.6
0.01538,0,0.2,0.56
0.0154,0,0.2,0.6
0.01542,0,0.2,0.6
0.01544,0,0.2,0.6
0.01546,0,0.2,0.56
0.01548,0,0.2,0.6
0.0155,0,0.2,0.6
0.01552,0,0.2,0.6
0.01554,0,0.2,0.6
0.01556,0,0.2,0.6
0.01558,0,0.24,0.6
0.0156,0,0.2,0.6
0.01562,0,0.2,0.6
0.01564,0,0.24,0.6
0.01566,0,0.24,0.6
0.01568,0,0.2,0.6
0.0157,0,0.2,0.6
0.01572,0,0.2,0.6
0.01574,0,0.2,0.6
0.01576,0,0.2,0.56
0.01578,0,0.2,0.6
0.0158,0,0.2,0.56
0.01582,0,0.2,0.6
0.01584,0,0.2,0.6
0.01586,0,0.2,0.56
0.01588,0,0.24,0.6
0.0159,0.04,0.2,0.6
0.01592,0,0.2,0.6
0.01594,0,0.2,0.56
0.01596,0,0.2,0.6
0.01598,0,0.2,0.6
0.016,0,0.24,0.6
0.01602,0,0.24,0.6
0.01604,0,0.2,0.6
0.01606,0,0.2,0.6
0.01608,0,0.2,0.6
0.0161,0,0.2,0.6
0.01612,0,0.2,0.6
0.01614,0,0.2,0.6
0.01616,0,0.2,0.6
0.01618,0,0.2,0.6
0.0162,0,0.2,0.6
0.01622,0,0.2,0.6
0.01624,0,0.2,0.6
0.01626,0,0.2,0.6
0.01628,0,0.2,0.56
0.0163,0,0.2,0.6
0.01632,0,0.2,0.6
0.01634,0,0.2,0.6
0.01636,0,0.2,0.6
0.01638,0,0.2,0.6
0.0164,0,0.2,0.6
0.01642,0,0.2,0.56
0.01644,0,0.2,0.56
0.01646,0,0.2,0.6
0.01648,0,0.2,0.6
0.0165,0,0.2,0.6
0.01652,0,0.2,0.6
0.01654,0,0.2,0.6
0.01656,0,0.2,0.56
0.01658,0,0.2,0.6
0.0166,0,0.2,0.56
0.01662,0,0.2,0.6
0.01664,0.04,0.24,0.6
0.01666,0,0.2,0.6
0.01668,0,0.2,0.6
0.0167,0,0.2,0.6
0.01672,0,0.2,0.6
0.01674,0,0.2,0.6
0.01676,0,0.2,0.6
0.01678,0,0.24,0.6
0.0168,0,0.24,0.6
0.01682,0,0.2,0.6
0.01684,0,0.2,0.6
0.01686,0,0.2,0.6
0.01688,0,0.2,0.6
0.0169,0,0.2,0.6
0.01692,0,0.2,0.6
0.01694,0,0.2,0.56
0.01696,0,0.24,0.6
0.01698,0,0.2,0.6
0.017,0,0.2,0.56
0.01702,0,0.2,0.6
0.01704,0,0.2,0.6
0.01706,0,0.2,0.56
0.01708,0,0.2,0.56
0.0171,0,0.2,0.6
0.01712,0,0.2,0.6
0.01714,0,0.2,0.6
0.01716,0,0.2,0.6
0.01718,0,0.2,0.6
0.0172,0,0.2,0.6
0.01722,0,0.2,0.6
0.01724,0,0.2,0.6
0.01726,0,0.2,0.6
0.01728,0,0.2,0.6
0.0173,0,0.2,0.6
0.01732,0,0.2,0.6
0.01734,0,0.2,0.6
0.01736,0,0.2,0.6
0.01738,0,0.2,0.6
0.0174,0,0.2,0.6
0.01742,0,0.2,0.6
0.01744,0,0.2,0.6
0.01746,0,0.2,0.6
0.01748,0,0.2,0.6
0.0175,0,0.2,0.6
0.01752,0,0.2,0.6
0.01754,0,0.2,0.6
0.01756,0,0.2,0.6
0.01758,0,0.2,0.6
0.0176,0,0.2,0.6
0.01762,0,0.2,0.6
0.01764,0.04,0.2,0.6
0.01766,0,0.2,0.6
0.01768,0,0.2,0.6
0.0177,0,0.2,0.6
0.01772,0,0.2,0.6
0.01774,0,0.2,0.6
0.01776,0,0.2,0.6
0.01778,0,0.2,0.6
0.0178,0,0.2,0.6
0.01782,0,0.2,0.6
0.01784,0,0.2,0.56
0.01786,0,0.24,0.6
0.01788,0,0.2,0.6
0.0179,0,0.2,0.6
0.01792,0,0.2,0.6
0.01794,0,0.2,0.6
0.01796,0,0.24,0.6
0.01798,0,0.2,0.6
0.018,0,0.24,0.6
0.01802,0,0.2,0.6
0.01804,0,0.2,0.6
0.01806,0.04,0.2,0.6
0.01808,0,0.2,0.6
0.0181,0,0.2,0.6
0.01812,0,0.2,0.6
0.01814,0,0.2,0.6
0.01816,0,0.2,0.6
0.01818,0,0.2,0.6
0.0182,0,0.2,0.6
0.01822,0,0.2,0.6
0.01824,0,0.2,0.6
0.01826,0,0.2,0.6
0.01828,0,0.2,0.6
0.0183,0,0.2,0.6
0.01832,0,0.2,0.6
0.01834,0,0.2,0.6
0.01836,0,0.2,0.6
0.01838,0,0.2,0.6
0.0184,0,0.2,0.6
0.01842,0,0.2,0.56
0.01844,0,0.2,0.6
0.01846,0,0.2,0.6
0.01848,0,0.2,0.6
0.0185,0,0.2,0.56
0.01852,0,0.2,0.6
0.01854,0,0.2,0.6
0.01856,0,0.2,0.6
0.01858,0,0.2,0.6
0.0186,0,0.2,0.6
0.01862,0,0.2,0.6
0.01864,0,0.2,0.6
0.01866,0,0.24,0.6
0.01868,0,0.2,0.6
0.0187,0.04,0.2,0.6
0.01872,0,0.2,0.6
0.01874,0,0.2,0.6
0.01876,0,0.2,0.6
0.01878,0,0.2,0.6
0.0188,0,0.2,0.6
0.01882,0,0.2,0.6
0.01884,0,0.2,0.6
0.01886,0,0.2,0.6
0.01888,0,0.2,0.6
0.0189,0,0.2,0.6
0.01892,0,0.2,0.6
0.01894,0,0.2,0.6
0.01896,0,0.2,0.6
0.01898,0,0.2,0.6
0.019,0,0.2,0.6
0.01902,0,0.2,0.6
0.01904,0,0.2,0.6
0.01906,0,0.2,0.6
0.01908,0,0.2,0.6
0.0191,0,0.2,0.6
0.01912,0,0.2,0.6
0.01914,0,0.2,0.6
0.01916,0,0.2,0.6
0.01918,0,0.2,0.6
0.0192,0,0.2,0.56
0.01922,0,0.2,0.6
0.01924,0,0.2,0.56
0.01926,0,0.2,0.6
0.01928,0,0.2,0.56
0.0193,0.04,0.2,0.56
0.01932,0,0.2,0.6
0.01934,0,0.2,0.6
0.01936,0,0.2,0.6
0.01938,0,0.2,0.6
0.0194,0,0.2,0.6
0.01942,0,0.2,0.6
0.01944,0,0.2,0.6
0.01946,0,0.2,0.6
0.01948,0,0.2,0.6
0.0195,0,0.2,0.6
0.01952,0,0.2,0.6
0.01954,0,0.2,0.6
0.01956,0,0.2,0.6
0.01958,0.04,0.2,0.6
0.0196,0,0.24,0.6
0.01962,0,0.2,0.6
0.01964,0,0.2,0.6
0.01966,0,0.2,0.6
0.01968,0,0.2,0.6
0.0197,0,0.2,0.6
0.01972,0.04,0.2,0.6
0.01974,0,0.2,0.6
0.01976,0,0.24,0.6
0.01978,0,0.2,0.6
0.0198,0,0.2,0.6
0.01982,0,0.2,0.6
0.01984,0,0.2,0.6
0.01986,0,0.2,0.6
0.01988,0,0.2,0.6
0.0199,0,0.2,0.6
0.01992,0,0.2,0.6
0.01994,0,0.2,0.6
0.01996,0,0.2,0.6
0.01998,0,0.2,0.6
0.02,0,0.24,0.6
0.02002,0,0.2,0.6
0.02004,0,0.2,0.6
0.02006,0,0.2,0.6
0.02008,0,0.2,0.56
0.0201,0,0.2,0.6
0.02012,0,0.2,0.6
0.02014,0,0.2,0.56
0.02016,0,0.2,0.6
0.02018,0,0.2,0.6
0.0202,0,0.2,0.6
0.02022,0,0.2,0.6
0.02024,0,0.2,0.6
0.02026,0,0.2,0.6
0.02028,0,0.2,0.6
0.0203,0,0.2,0.6
0.02032,0,0.24,0.6
0.02034,0,0.2,0.6
0.02036,0,0.24,0.56
0.02038,0,0.2,0.6
0.0204,0,0.2,0.6
0.02042,0,0.2,0.6
0.02044,0,0.2,0.6
0.02046,0,0.2,0.6
0.02048,0,0.2,0.6
0.0205,0,0.2,0.6
0.02052,0,0.2,0.6
0.02054,0,0.2,0.6
0.02056,0,0.2,0.6
0.02058,0,0.2,0.6
0.0206,0,0.2,0.6
0.02062,0,0.2,0.56
0.02064,0,0.2,0.6
0.02066,0,0.2,0.6
0.02068,0,0.24,0.6
0.0207,0,0.2,0.6
0.02072,0,0.2,0.6
0.02074,0,0.2,0.6
0.02076,0,0.2,0.56
0.02078,0,0.2,0.6
0.0208,0,0.2,0.6
0.02082,0,0.2,0.6
0.02084,0,0.2,0.6
0.02086,0,0.2,0.6
0.02088,0,0.2,0.6
0.0209,0,0.2,0.6
0.02092,0,0.2,0.6
0.02094,0,0.2,0.6
0.02096,0,0.2,0.6
0.02098,0,0.2,0.6
0.021,0,0.2,0.6
0.02102,0,0.2,0.6
0.02104,0,0.2,0.6
0.02106,0,0.2,0.6
0.02108,0,0.2,0.6
0.0211,0,0.2,0.6
0.02112,0,0.24,0.6
0.02114,0,0.2,0.6
0.02116,0,0.2,0.6
0.02118,0,0.2,0.56
0.0212,0,0.2,0.6
0.02122,0,0.2,0.6
0.02124,0,0.2,0.6
0.02126,0,0.2,0.56
0.02128,0,0.2,0.6
0.0213,0,0.2,0.6
0.02132,0,0.2,0.6
0.02134,0,0.2,0.6
0.02136,0,0.2,0.6
0.02138,0,0.24,0.6
0.0214,0,0.24,0.6
0.02142,0,0.2,0.6
0.02144,0,0.2,0.6
0.02146,0,0.2,0.6
0.02148,0,0.2,0.6
0.0215,0,0.2,0.6
0.02152,0,0.24,0.6
0.02154,0,0.2,0.6
0.02156,0,0.2,0.6
0.02158,0,0.2,0.6
0.0216,0,0.2,0.6
0.02162,0,0.2,0.6
0.02164,0.04,0.2,0.6
0.02166,0,0.2,0.6
0.02168,0,0.2,0.6
0.0217,0,0.2,0.6
0.02172,0,0.2,0.6
0.02174,0,0.2,0.56
0.02176,0,0.2,0.6
0.02178,0.04,0.2,0.6
0.0218,0,0.24,0.6
0.02182,0,0.2,0.6
0.02184,0,0.2,0.6
0.02186,0,0.2,0.6
0.02188,0,0.2,0.6
0.0219,0,0.2,0.6
0.02192,0,0.2,0.56
0.02194,0,0.2,0.6
0.02196,0,0.2,0.6
0.02198,0,0.2,0.6
0.022,0,0.2,0.6
0.02202,0,0.2,0.6
0.02204,0,0.2,0.6
0.02206,0,0.2,0.6
0.02208,0,0.2,0.6
0.0221,0,0.2,0.6
0.02212,0,0.2,0.6
0.02214,0,0.2,0.6
0.02216,0,0.2,0.6
0.02218,0,0.2,0.6
0.0222,0,0.24,0.6
0.02222,0,0.2,0.6
0.02224,0,0.2,0.6
0.02226,0,0.24,0.6
0.02228,0,0.2,0.6
0.0223,0,0.2,0.6
0.02232,0,0.2,0.6
0.02234,0,0.2,0.6
0.02236,0,0.2,0.6
0.02238,0,0.24,0.56
0.0224,0,0.2,0.6
0.02242,0,0.24,0.6
0.02244,0,0.2,0.6
0.02246,0,0.2,0.6
0.02248,0,0.2,0.6
0.0225,0,0.2,0.6
0.02252,0,0.2,0.56
0.02254,0,0.2,0.56
0.02256,0,0.2,0.6
0.02258,0,0.2,0.6
0.0226,0,0.2,0.56
0.02262,0,0.24,0.6
0.02264,0,0.2,0.56
0.02266,0,0.2,0.6
0.02268,0,0.2,0.6
0.0227,0,0.2,0.6
0.02272,0,0.2,0.6
0.02274,0,0.2,0.6
0.02276,0,0.2,0.6
0.02278,0,0.2,0.6
0.0228,0,0.24,0.56
0.02282,0,0.2,0.6
0.02284,0,0.2,0.6
0.02286,0,0.2,0.6
0.02288,0,0.2,0.6
0.0229,0,0.2,0.6
0.02292,0,0.2,0.6
0.02294,0,0.2,0.6
0.02296,0,0.2,0.6
0.02298,0,0.2,0.6
0.023,0,0.2,0.6
0.02302,0,0.24,0.6
0.02304,0,0.2,0.6
0.02306,0,0.2,0.6
0.02308,0,0.2,0.6
0.0231,0,0.2,0.6
0.02312,0,0.2,0.6
0.02314,0,0.24,0.6
0.02316,0,0.2,0.56
0.02318,0,0.2,0.6
0.0232,0,0.2,0.56
0.02322,0,0.2,0.6
0.02324,0,0.2,0.6
0.02326,0,0.2,0.6
0.02328,0,0.2,0.6
0.0233,0,0.2,0.6
0.02332,0,0.2,0.6
0.02334,0,0.2,0.6
0.02336,0,0.2,0.6
0.02338,0,0.2,0.6
0.0234,0,0.2,0.6
0.02342,0,0.24,0.6
0.02344,0,0.2,0.6
0.02346,0,0.2,0.6
0.02348,0,0.24,0.6
0.0235,0,0.2,0.6
0.02352,0,0.2,0.6
0.02354,0,0.2,0.6
0.02356,0,0.2,0.6
0.02358,0,0.2,0.6
0.0236,0,0.2,0.6
0.02362,0,0.2,0.6
0.02364,0,0.2,0.6
0.02366,0.04,0.2,0.6
0.02368,0,0.2,0.56
0.0237,0,0.2,0.6
0.02372,0,0.2,0.6
0.02374,0,0.24,0.6
0.02376,0,0.2,0.6
0.02378,0,0.2,0.6
0.0238,0,0.2,0.6
0.02382,0,0.2,0.6
0.02384,0,0.2,0.6
0.02386,0,0.2,0.6
0.02388,0,0.2,0.6
0.0239,0,0.2,0.6
0.02392,0,0.2,0.6
0.02394,0,0.2,0.6
0.02396,0.04,0.2,0.6
0.02398,0,0.24,0.6
0.024,0,0.24,0.6
0.02402,0,0.2,0.6
0.02404,0,0.2,0.6
0.02406,0,0.2,0.6
0.02408,0,0.2,0.6
0.0241,0,0.2,0.6
0.02412,0,0.2,0.6
0.02414,0,0.2,0.6
0.02416,0,0.2,0.6
0.02418,0,0.2,0.6
0.0242,0,0.2,0.6
0.02422,0,0.2,0.6
0.02424,0,0.2,0.56
0.02426,0,0.2,0.6
0.02428,0,0.2,0.6
0.0243,0,0.2,0.6
0.02432,0,0.24,0.6
0.02434,0,0.2,0.6
0.02436,0,0.2,0.56
0.02438,0,0.24,0.6
0.0244,0,0.2,0.6
0.02442,0,0.2,0.6
0.02444,0,0.2,0.6
0.02446,0,0.2,0.6
0.02448,0,0.2,0.6
0.0245,0,0.2,0.56
0.02452,0,0.2,0.6
0.02454,0,0.2,0.6
0.02456,0,0.2,0.6
0.02458,0,0.24,0.6
0.0246,0,0.2,0.6
0.02462,0,0.2,0.6
0.02464,0,0.2,0.6
0.02466,0,0.2,0.6
0.02468,0,0.2,0.6
0.0247,0,0.2,0.6
0.02472,0.04,0.2,0.6
0.02474,0,0.2,0.6
0.02476,0,0.2,0.6
0.02478,0,0.2,0.6
0.0248,0,0.2,0.6
0.02482,0,0.2,0.6
0.02484,0,0.2,0.6
0.02486,0,0.24,0.6
0.02488,0,0.2,0.6
0.0249,0,0.2,0.6
0.02492,0,0.2,0.6
0.02494,0,0.2,0.6
0.02496,0,0.2,0.6
0.02498,0,0.2,0.56
0.025,0,0.24,0.6
0.02502,0,0.2,0.6
0.02504,0,0.2,0.6
0.02506,0,0.2,0.6
0.02508,0,0.2,0.56
0.0251,0,0.2,0.6
0.02512,0,0.2,0.6
0.02514,0,0.2,0.6
0.02516,0,0.2,0.6
0.02518,0,0.2,0.6
0.0252,0,0.2,0.56
0.02522,0,0.2,0.56
0.02524,0,0.2,0.6
0.02526,0,0.2,0.56
0.02528,0,0.2,0.6
0.0253,0,0.2,0.6
0.02532,0,0.24,0.6
0.02534,0,0.2,0.6
0.02536,0,0.2,0.6
0.02538,0,0.2,0.6
0.0254,0,0.2,0.6
0.02542,0,0.2,0.6
0.02544,0,0.2,0.6
0.02546,0,0.2,0.6
0.02548,0,0.24,0.6
0.0255,0,0.2,0.6
0.02552,0,0.2,0.6
0.02554,0,0.2,0.6
0.02556,0,0.2,0.56
0.02558,0.04,0.2,0.6
0.0256,0,0.2,0.6
0.02562,0,0.2,0.6
0.02564,0,0.2,0.6
0.02566,0,0.2,0.6
0.02568,0,0.24,0.64
0.0257,0,0.24,0.6
0.02572,0,0.2,0.6
0.02574,0,0.2,0.6
0.02576,0,0.2,0.6
0.02578,0,0.2,0.6
0.0258,0,0.2,0.6
0.02582,0,0.2,0.6
0.02584,0,0.2,0.6
0.02586,0,0.2,0.6
0.02588,0,0.2,0.56
0.0259,0,0.2,0.56
0.02592,0,0.2,0.6
0.02594,0,0.24,0.6
0.02596,0,0.2,0.6
0.02598,0,0.2,0.6
0.026,0,0.2,0.6
0.02602,0,0.24,0.6
0.02604,0,0.2,0.6
0.02606,0,0.2,0.6
0.02608,0,0.2,0.6
0.0261,0,0.2,0.6
0.02612,0,0.2,0.6
0.02614,0,0.24,0.6
0.02616,0,0.2,0.56
0.02618,0,0.2,0.6
0.0262,0,0.2,0.6
0.02622,0,0.2,0.6
0.02624,0,0.2,0.6
0.02626,0,0.24,0.6
0.02628,0,0.2,0.6
0.0263,0,0.24,0.6
0.02632,0,0.2,0.6
0.02634,0,0.2,0.6
0.02636,0,0.2,0.56
0.02638,0,0.2,0.6
0.0264,0,0.2,0.6
0.02642,0,0.2,0.6
0.02644,0,0.2,0.6
0.02646,0,0.2,0.6
0.02648,0,0.2,0.6
0.0265,0,0.2,0.6
0.02652,0,0.24,0.6
0.02654,0,0.2,0.6
0.02656,0,0.2,0.6
0.02658,0,0.2,0.6
0.0266,0,0.2,0.6
0.02662,0,0.24,0.6
0.02664,0,0.2,0.6
0.02666,0,0.24,0.6
0.02668,0,0.2,0.6
0.0267,0,0.2,0.6
0.02672,0,0.2,0.6
0.02674,0,0.2,0.6
0.02676,0,0.2,0.6
0.02678,0,0.2,0.6
0.0268,0,0.2,0.6
0.02682,0,0.2,0.6
0.02684,0,0.2,0.6
0.02686,0,0.2,0.6
0.02688,0,0.2,0.6
0.0269,0,0.2,0.6
0.02692,0,0.2,0.6
0.02694,0,0.2,0.6
0.02696,0,0.2,0.56
0.02698,0,0.2,0.6
0.027,0,0.2,0.6
0.02702,0,0.2,0.6
0.02704,0,0.2,0.6
0.02706,0,0.2,0.6
0.02708,0,0.24,0.6
0.0271,0,0.2,0.6
0.02712,0,0.24,0.6
0.02714,0,0.2,0.6
0.02716,0,0.2,0.6
0.02718,0,0.2,0.6
0.0272,0,0.2,0.6
0.02722,0,0.2,0.6
0.02724,0,0.2,0.56
0.02726,0,0.2,0.6
0.02728,0,0.24,0.6
0.0273,0,0.24,0.6
0.02732,0,0.2,0.6
0.02734,0,0.2,0.6
0.02736,0,0.2,0.6
0.02738,0,0.24,0.6
0.0274,0,0.2,0.6
0.02742,0,0.2,0.6
0.02744,0,0.2,0.6
0.02746,0,0.2,0.6
0.02748,0,0.2,0.6
0.0275,0,0.2,0.6
0.02752,0,0.2,0.6
0.02754,0,0.2,0.6
0.02756,0,0.2,0.6
0.02758,0,0.2,0.6
0.0276,0,0.2,0.56
0.02762,0,0.2,0.6
0.02764,0,0.24,0.6
0.02766,0,0.2,0.6
0.02768,0.04,0.2,0.6
0.0277,0,0.2,0.6
0.02772,0,0.2,0.56
0.02774,0,0.2,0.6
0.02776,0,0.2,0.6
0.02778,0.04,0.2,0.6
0.0278,0,0.2,0.6
0.02782,0,0.24,0.6
0.02784,0,0.2,0.6
0.02786,0,0.2,0.6
0.02788,0,0.2,0.6
0.0279,0,0.2,0.6
0.02792,0,0.2,0.6
0.02794,0.04,0.2,0.6
0.02796,0,0.2,0.6
0.02798,0,0.2,0.6
0.028,0,0.2,0.6
0.02802,0,0.2,0.6
0.02804,0,0.2,0.56
0.02806,0,0.2,0.6
0.02808,0,0.2,0.6
0.0281,0,0.2,0.6
0.02812,0,0.2,0.6
0.02814,0,0.2,0.6
0.02816,0,0.2,0.56
0.02818,0,0.2,0.6
0.0282,0,0.2,0.6
0.02822,0,0.2,0.6
0.02824,0,0.2,0.6
0.02826,0,0.2,0.6
0.02828,0,0.2,0.6
0.0283,0,0.24,0.6
0.02832,0,0.2,0.6
0.02834,0,0.2,0.6
0.02836,0,0.2,0.6
0.02838,0,0.24,0.6
0.0284,0,0.24,0.6
0.02842,0,0.2,0.6
0.02844,0,0.2,0.6
0.02846,0,0.2,0.6
0.02848,0,0.2,0.6
0.0285,0,0.2,0.6
0.02852,0,0.24,0.6
0.02854,0,0.2,0.6
0.02856,0,0.2,0.6
0.02858,0,0.2,0.6
0.0286,0,0.2,0.6
0.02862,0,0.2,0.56
0.02864,0,0.2,0.6
0.02866,0,0.2,0.6
0.02868,0,0.2,0.6
0.0287,0,0.2,0.6
0.02872,0,0.2,0.6
0.02874,0,0.2,0.6
0.02876,0,0.2,0.6
0.02878,0.04,0.24,0.64
0.0288,0,0.2,0.6
0.02882,0,0.2,0.6
0.02884,0,0.2,0.6
0.02886,0,0.2,0.6
0.02888,0,0.24,0.6
0.0289,0,0.2,0.6
0.02892,0,0.2,0.6
0.02894,0,0.2,0.6
0.02896,0,0.2,0.6
0.02898,0,0.2,0.6
0.029,0,0.2,0.6
0.02902,0,0.2,0.6
0.02904,0,0.24,0.6
0.02906,0,0.24,0.6
0.02908,0,0.2,0.6
0.0291,0,0.2,0.6
0.02912,0,0.2,0.6
0.02914,0,0.24,0.6
0.02916,0,0.2,0.6
0.02918,0,0.2,0.6
0.0292,0,0.2,0.56
0.02922,0,0.2,0.6
0.02924,0,0.2,0.6
0.02926,0,0.2,0.6
0.02928,0,0.2,0.6
0.0293,0,0.2,0.6
0.02932,0,0.2,0.6
0.02934,0,0.2,0.6
0.02936,0,0.2,0.56
0.02938,0,0.2,0.6
0.0294,0,0.2,0.6
0.02942,0,0.2,0.6
0.02944,0,0.24,0.6
0.02946,0,0.2,0.6
0.02948,0,0.2,0.6
0.0295,0.04,0.2,0.6
0.02952,0,0.2,0.6
0.02954,0.04,0.24,0.6
0.02956,0,0.2,0.6
0.02958,0,0.2,0.6
0.0296,0,0.2,0.6
0.02962,0,0.2,0.6
0.02964,0,0.2,0.6
0.02966,0,0.2,0.6
0.02968,0.04,0.2,0.6
0.0297,0,0.24,0.56
0.02972,0,0.24,0.6
0.02974,0,0.2,0.6
0.02976,0,0.2,0.6
0.02978,0,0.24,0.6
0.0298,0,0.2,0.56
0.02982,0,0.2,0.6
0.02984,0,0.2,0.6
0.02986,0,0.2,0.6
0.02988,0,0.2,0.6
0.0299,0,0.2,0.6
0.02992,0,0.2,0.56
0.02994,0,0.2,0.6
0.02996,0,0.24,0.6
0.02998,0.04,0.24,0.6
0.03,0,0.2,0.6
0.03002,0,0.2,0.56
0.03004,0,0.2,0.6
0.03006,0,0.24,0.6
0.03008,0,0.24,0.6
0.0301,0,0.24,0.6
0.03012,0,0.2,0.6
0.03014,0,0.2,0.6
0.03016,0,0.2,0.56
0.03018,0,0.2,0.6
0.0302,0,0.2,0.6
0.03022,0,0.2,0.6
0.03024,0,0.2,0.6
0.03026,0,0.2,0.6
0.03028,0,0.2,0.6
0.0303,0,0.2,0.6
0.03032,0,0.2,0.6
0.03034,0,0.2,0.6
0.03036,0,0.2,0.6
0.03038,0,0.2,0.6
0.0304,0,0.24,0.6
0.03042,0,0.2,0.6
0.03044,0,0.2,0.6
0.03046,0,0.2,0.56
0.03048,0,0.2,0.6
0.0305,0,0.2,0.6
0.03052,0.04,0.2,0.6
0.03054,0,0.2,0.6
0.03056,0,0.2,0.6
0.03058,0,0.2,0.6
0.0306,0,0.2,0.6
0.03062,0,0.2,0.6
0.03064,0,0.2,0.6
0.03066,0,0.2,0.6
0.03068,0,0.2,0.6
0.0307,0,0.24,0.6
0.03072,0,0.2,0.6
0.03074,0,0.2,0.6
0.03076,0,0.2,0.6
0.03078,0,0.2,0.6
0.0308,0,0.2,0.6
0.03082,0,0.2,0.6
0.03084,0,0.2,0.6
0.03086,0,0.2,0.6
0.03088,0,0.2,0.6
0.0309,0,0.2,0.6
0.03092,0,0.2,0.6
0.03094,0,0.2,0.6
0.03096,0,0.2,0.6
0.03098,0,0.2,0.6
0.031,0,0.2,0.56
0.03102,0,0.2,0.6
0.03104,0,0.2,0.6
0.03106,0,0.2,0.6
0.03108,0,0.2,0.6
0.0311,0,0.2,0.6
0.03112,0,0.2,0.6
0.03114,0,0.2,0.6
0.03116,0,0.2,0.6
0.03118,0,0.2,0.6
0.0312,0,0.2,0.6
0.03122,0,0.2,0.6
0.03124,0,0.2,0.6
0.03126,0,0.2,0.6
0.03128,0,0.2,0.6
0.0313,0,0.2,0.6
0.03132,0,0.2,0.6
0.03134,0,0.2,0.6
0.03136,0,0.2,0.6
0.03138,0,0.2,0.6
0.0314,0,0.2,0.6
0.03142,0,0.2,0.6
0.03144,0,0.2,0.6
0.03146,0,0.24,0.6
0.03148,0,0.2,0.6
0.0315,0,0.2,0.6
0.03152,0,0.2,0.6
0.03154,0,0.2,0.6
0.03156,0,0.2,0.64
0.03158,0,0.2,0.6
0.0316,0,0.2,0.6
0.03162,0,0.2,0.6
0.03164,0,0.24,0.6
0.03166,0,0.2,0.6
0.03168,0,0.2,0.56
0.0317,0,0.2,0.6
0.03172,0,0.24,0.6
0.03174,0,0.2,0.6
0.03176,0,0.2,0.6
0.03178,0,0.2,0.6
0.0318,0,0.2,0.6
0.03182,0,0.24,0.6
0.03184,0,0.2,0.6
0.03186,0,0.24,0.6
0.03188,0,0.2,0.6
0.0319,0,0.2,0.6
0.03192,0,0.2,0.6
0.03194,0,0.2,0.6
0.03196,0,0.2,0.6
0.03198,0,0.2,0.6
0.032,0,0.2,0.56
0.03202,0,0.2,0.6
0.03204,0,0.2,0.6
0.03206,0,0.24,0.6
0.03208,0,0.2,0.6
0.0321,0,0.24,0.6
0.03212,0,0.2,0.6
0.03214,0,0.24,0.56
0.03216,0,0.2,0.6
0.03218,0,0.2,0.6
0.0322,0,0.2,0.56
0.03222,0,0.2,0.6
0.03224,0,0.2,0.56
0.03226,0,0.2,0.6
0.03228,0,0.2,0.6
0.0323,0,0.2,0.56
0.03232,0,0.2,0.6
0.03234,0,0.2,0.6
0.03236,0,0.2,0.6
0.03238,0,0.2,0.6
0.0324,0,0.24,0.6
0.03242,0,0.2,0.6
0.03244,0,0.2,0.6
0.03246,0,0.2,0.6
0.03248,0,0.2,0.6
0.0325,0,0.2,0.6
0.03252,0,0.2,0.6
0.03254,0,0.2,0.6
0.03256,0,0.24,0.6
0.03258,0,0.2,0.6
0.0326,0,0.2,0.56
0.03262,0,0.2,0.6
0.03264,0,0.2,0.6
0.03266,0,0.2,0.6
0.03268,0,0.2,0.6
0.0327,0,0.24,0.6
0.03272,0,0.2,0.6
0.03274,0,0.2,0.6
0.03276,0,0.2,0.6
0.03278,0,0.2,0.6
0.0328,0,0.2,0.6
0.03282,0,0.2,0.6
0.03284,0,0.24,0.6
0.03286,0,0.2,0.6
0.03288,0,0.2,0.6
0.0329,0,0.24,0.6
0.03292,0,0.2,0.6
0.03294,0,0.2,0.6
0.03296,0,0.2,0.6
0.03298,0,0.2,0.6
0.033,0,0.2,0.6
0.03302,0,0.2,0.6
0.03304,0,0.24,0.6
0.03306,0,0.2,0.6
0.03308,0,0.2,0.6
0.0331,0,0.2,0.6
0.03312,0,0.2,0.6
0.03314,0,0.2,0.6
0.03316,0,0.2,0.6
0.03318,0,0.2,0.6
0.0332,0,0.2,0.6
0.03322,0,0.2,0.6
0.03324,0,0.2,0.6
0.03326,0,0.2,0.6
0.03328,0,0.2,0.6
0.0333,0,0.2,0.56
0.03332,0,0.2,0.6
0.03334,0,0.2,0.6
0.03336,0,0.24,0.6
0.03338,0,0.2,0.6
0.0334,0,0.2,0.6
0.03342,0,0.2,0.6
0.03344,0,0.2,0.6
0.03346,0,0.2,0.64
0.03348,0,0.2,0.6
0.0335,0,0.2,0.6
0.03352,0,0.2,0.6
0.03354,0,0.24,0.6
0.03356,0,0.2,0.6
0.03358,0,0.2,0.6
0.0336,0,0.24,0.6
0.03362,0,0.2,0.6
0.03364,0,0.2,0.6
0.03366,0,0.2,0.6
0.03368,0,0.2,0.6
0.0337,0,0.2,0.6
0.03372,0,0.2,0.6
0.03374,0,0.2,0.6
0.03376,0,0.2,0.6
0.03378,0,0.24,0.6
0.0338,0,0.2,0.6
0.03382,0,0.2,0.6
0.03384,0,0.2,0.6
0.03386,0,0.2,0.6
0.03388,0,0.24,0.6
0.0339,0,0.2,0.6
0.03392,0,0.2,0.6
0.03394,0,0.2,0.6
0.03396,0,0.2,0.6
0.03398,0,0.2,0.6
0.034,0.04,0.2,0.6
0.03402,0,0.2,0.6
0.03404,0,0.2,0.6
0.03406,0,0.24,0.6
0.03408,0,0.2,0.6
0.0341,0,0.2,0.6
0.03412,0,0.2,0.6
0.03414,0,0.2,0.6
0.03416,0,0.2,0.6
0.03418,0,0.2,0.6
0.0342,0,0.2,0.6
0.03422,0,0.2,0.6
0.03424,0,0.2,0.56
0.03426,0,0.2,0.6
0.03428,0.04,0.2,0.6
0.0343,0,0.24,0.6
0.03432,0,0.2,0.6
0.03434,0,0.2,0.6
0.03436,0,0.2,0.6
0.03438,0,0.2,0.6
0.0344,0,0.24,0.6
0.03442,0,0.2,0.56
0.03444,0,0.2,0.6
0.03446,0,0.2,0.6
0.03448,0,0.2,0.6
0.0345,0,0.2,0.56
0.03452,0,0.2,0.6
0.03454,0,0.2,0.56
0.03456,0,0.2,0.6
0.03458,0,0.2,0.6
0.0346,0,0.2,0.6
0.03462,0,0.24,0.6
0.03464,0,0.2,0.56
0.03466,0,0.2,0.6
0.03468,0,0.2,0.6
0.0347,0,0.2,0.6
0.03472,0,0.2,0.6
0.03474,0,0.2,0.6
0.03476,0,0.2,0.56
0.03478,0,0.2,0.6
0.0348,0,0.2,0.6
0.03482,0,0.2,0.56
0.03484,0,0.2,0.6
0.03486,0,0.2,0.6
0.03488,0,0.2,0.6
0.0349,0,0.24,0.6
0.03492,0,0.24,0.6
0.03494,0,0.2,0.6
0.03496,0,0.2,0.6
0.03498,0,0.2,0.6
0.035,0,0.24,0.6
0.03502,0,0.2,0.6
0.03504,0,0.2,0.6
0.03506,0,0.2,0.6
0.03508,0,0.2,0.6
0.0351,0,0.2,0.6
0.03512,0,0.2,0.6
0.03514,0,0.24,0.6
0.03516,0,0.2,0.6
0.03518,0,0.2,0.6
0.0352,0,0.2,0.6
0.03522,0,0.2,0.6
0.03524,0,0.2,0.6
0.03526,0,0.2,0.6
0.03528,0,0.2,0.6
0.0353,0,0.2,0.6
0.03532,0,0.2,0.6
0.03534,0,0.2,0.56
0.03536,0,0.2,0.6
0.03538,0,0.2,0.6
0.0354,0.04,0.2,0.6
0.03542,0,0.2,0.6
0.03544,0,0.2,0.6
0.03546,0,0.24,0.6
0.03548,0,0.2,0.6
0.0355,0,0.2,0.6
0.03552,0,0.24,0.6
0.03554,0,0.2,0.6
0.03556,0,0.2,0.6
0.03558,0,0.2,0.6
0.0356,0,0.2,0.6
0.03562,0,0.2,0.6
0.03564,0,0.2,0.6
0.03566,0,0.2,0.6
0.03568,0,0.2,0.6
0.0357,0,0.2,0.6
0.03572,0,0.2,0.6
0.03574,0,0.2,0.6
0.03576,0,0.2,0.6
0.03578,0,0.2,0.6
0.0358,0,0.2,0.6
0.03582,0,0.2,0.6
0.03584,0,0.2,0.6
0.03586,0,0.2,0.6
0.03588,0,0.24,0.6
0.0359,0,0.24,0.6
0.03592,0,0.2,0.6
0.03594,0.04,0.2,0.6
0.03596,0,0.2,0.6
0.03598,0,0.2,0.6
0.036,0,0.2,0.6
0.03602,0,0.2,0.6
0.03604,0,0.2,0.6
0.03606,0,0.2,0.6
0.03608,0,0.2,0.6
0.0361,0,0.2,0.6
0.03612,0,0.2,0.6
0.03614,0,0.2,0.6
0.03616,0,0.2,0.6
0.03618,0,0.2,0.6
0.0362,0,0.2,0.6
0.03622,0,0.2,0.6
0.03624,0,0.2,0.6
0.03626,0,0.2,0.6
0.03628,0,0.2,0.6
0.0363,0,0.2,0.6
0.03632,0,0.2,0.6
0.03634,0,0.24,0.6
0.03636,0,0.2,0.6
0.03638,0,0.2,0.6
0.0364,0,0.2,0.6
0.03642,0,0.2,0.6
0.03644,0,0.2,0.6
0.03646,0,0.2,0.6
0.03648,0,0.2,0.6
0.0365,0,0.2,0.6
0.03652,0,0.2,0.6
0.03654,0,0.2,0.6
0.03656,0,0.24,0.6
0.03658,0,0.2,0.6
0.0366,0,0.24,0.6
0.03662,0,0.2,0.6
0.03664,0,0.2,0.6
0.03666,0,0.2,0.6
0.03668,0,0.2,0.6
0.0367,0,0.2,0.6
0.03672,0,0.2,0.6
0.03674,0,0.24,0.6
0.03676,0,0.2,0.6
0.03678,0,0.2,0.6
0.0368,0,0.2,0.6
0.03682,0,0.2,0.6
0.03684,0,0.2,0.6
0.03686,0,0.2,0.6
0.03688,0,0.2,0.56
0.0369,0,0.2,0.6
0.03692,0,0.2,0.6
0.03694,0,0.2,0.6
0.03696,0,0.2,0.6
0.03698,0,0.2,0.6
0.037,0,0.2,0.6
0.03702,0,0.24,0.6
0.03704,0,0.2,0.56
0.03706,0,0.2,0.6
0.03708,0,0.24,0.6
0.0371,0,0.2,0.6
0.03712,0,0.2,0.6
0.03714,0,0.24,0.6
0.03716,0,0.24,0.6
0.03718,0,0.2,0.6
0.0372,0,0.2,0.6
0.03722,0,0.2,0.6
0.03724,0,0.2,0.6
0.03726,0,0.2,0.6
0.03728,0,0.2,0.6
0.0373,0,0.24,0.6
0.03732,0,0.2,0.6
0.03734,0,0.2,0.6
0.03736,0,0.2,0.6
0.03738,0,0.2,0.56
0.0374,0,0.2,0.6
0.03742,0,0.2,0.6
0.03744,0,0.24,0.6
0.03746,0,0.24,0.6
0.03748,0,0.2,0.6
0.0375,0,0.2,0.6
0.03752,0,0.24,0.6
0.03754,0,0.2,0.6
0.03756,0,0.2,0.6
0.03758,0,0.24,0.6
0.0376,0,0.24,0.6
0.03762,0,0.2,0.6
0.03764,0,0.2,0.6
0.03766,0,0.2,0.6
0.03768,0,0.2,0.6
0.0377,0,0.2,0.6
0.03772,0,0.24,0.56
0.03774,0,0.2,0.6
0.03776,0,0.2,0.6
0.03778,0,0.2,0.6
0.0378,0,0.2,0.6
0.03782,0,0.2,0.6
0.03784,0,0.2,0.6
0.03786,0,0.2,0.6
0.03788,0,0.2,0.6
0.0379,0,0.2,0.56
0.03792,0,0.2,0.6
0.03794,0,0.2,0.6
0.03796,0,0.2,0.6
0.03798,0,0.2,0.6
0.038,0,0.2,0.6
0.03802,0,0.2,0.6
0.03804,0,0.2,0.6
0.03806,0,0.2,0.6
0.03808,0,0.2,0.6
0.0381,0,0.24,0.56
0.03812,0,0.2,0.56
0.03814,0,0.2,0.6
0.03816,0,0.2,0.6
0.03818,0,0.2,0.6
0.0382,0,0.24,0.56
0.03822,0,0.2,0.6
0.03824,0,0.2,0.6
0.03826,0,0.2,0.6
0.03828,0,0.2,0.6
0.0383,0,0.2,0.6
0.03832,0,0.2,0.6
0.03834,0,0.2,0.6
0.03836,0,0.2,0.6
0.03838,0,0.2,0.6
0.0384,0,0.2,0.6
0.03842,0,0.2,0.6
0.03844,0,0.2,0.6
0.03846,0,0.2,0.6
0.03848,0,0.2,0.6
0.0385,0,0.2,0.56
0.03852,0,0.2,0.6
0.03854,0,0.2,0.6
0.03856,0,0.2,0.6
0.03858,0,0.24,0.6
0.0386,0,0.2,0.6
0.03862,0,0.2,0.6
0.03864,0,0.2,0.6
0.03866,0,0.2,0.6
0.03868,0,0.2,0.6
0.0387,0,0.2,0.6
0.03872,0,0.24,0.6
0.03874,0,0.2,0.6
0.03876,0,0.2,0.6
0.03878,0,0.2,0.6
0.0388,0,0.2,0.6
0.03882,0,0.2,0.6
0.03884,0,0.2,0.6
0.03886,0,0.2,0.6
0.03888,0.04,0.2,0.6
0.0389,0,0.2,0.6
0.03892,0,0.2,0.6
0.03894,0,0.24,0.6
0.03896,0,0.2,0.6
0.03898,0,0.24,0.6
0.039,0,0.2,0.6
0.03902,0,0.24,0.6
0.03904,0,0.24,0.6
0.03906,0,0.2,0.6
0.03908,0,0.2,0.6
0.0391,0,0.2,0.6
0.03912,0,0.2,0.6
0.03914,0,0.2,0.6
0.03916,0,0.2,0.6
0.03918,0,0.2,0.6
0.0392,0,0.2,0.6
0.03922,0,0.2,0.64
0.03924,0,0.2,0.6
0.03926,0,0.2,0.6
0.03928,0,0.24,0.6
0.0393,0,0.2,0.6
0.03932,0,0.24,0.6
0.03934,0,0.2,0.6
0.03936,0,0.2,0.6
0.03938,0,0.2,0.6
0.0394,0,0.2,0.6
0.03942,0,0.2,0.6
0.03944,0,0.2,0.6
0.03946,0,0.2,0.6
0.03948,0,0.2,0.6
0.0395,0,0.2,0.6
0.03952,0,0.2,0.6
0.03954,0,0.2,0.6
0.03956,0,0.2,0.6
0.03958,0,0.2,0.6
0.0396,0,0.2,0.6
0.03962,0,0.2,0.6
0.03964,0,0.2,0.6
0.03966,0,0.2,0.6
0.03968,0,0.24,0.6
0.0397,0,0.2,0.6
0.03972,0,0.2,0.6
0.03974,0,0.2,0.6
0.03976,0,0.24,0.6
0.03978,0,0.2,0.6
0.0398,0,0.2,0.6
0.03982,0,0.2,0.6
0.03984,0,0.2,0.6
0.03986,0,0.2,0.6
0.03988,0,0.2,0.6
0.0399,0,0.2,0.56
0.03992,0,0.2,0.6
0.03994,0,0.2,0.6
0.03996,0,0.24,0.6
0.03998,0,0.2,0.6
0.04,0,0.2,0.6
0.04002,0,0.24,0.6
0.04004,0,0.2,0.6
0.04006,0,0.2,0.56
0.04008,0,0.2,0.6
0.0401,0,0.2,0.6
0.04012,0,0.24,0.6
0.04014,0,0.2,0.6
0.04016,0,0.24,0.6
0.04018,0.04,0.2,0.6
0.0402,0,0.2,0.6
0.04022,0,0.2,0.6
0.04024,0,0.2,0.6
0.04026,0,0.2,0.6
0.04028,0,0.2,0.6
0.0403,0,0.24,0.6
0.04032,0,0.2,0.6
0.04034,0,0.2,0.6
0.04036,0,0.2,0.56
0.04038,0,0.2,0.6
0.0404,0.04,0.2,0.6
0.04042,0,0.2,0.6
0.04044,0,0.24,0.6
0.04046,0,0.2,0.6
0.04048,0.04,0.24,0.6
0.0405,0,0.2,0.6
0.04052,0,0.2,0.6
0.04054,0,0.2,0.6
0.04056,0,0.2,0.56
0.04058,0,0.24,0.6
0.0406,0,0.2,0.6
0.04062,0,0.2,0.6
0.04064,0,0.2,0.6
0.04066,0,0.2,0.6
0.04068,0,0.24,0.56
0.0407,0,0.2,0.6
0.04072,0,0.24,0.6
0.04074,0,0.2,0.6
0.04076,0,0.2,0.6
0.04078,0,0.2,0.56
0.0408,0.04,0.2,0.6
0.04082,0,0.2,0.6
0.04084,0,0.2,0.6
0.04086,0,0.2,0.6
0.04088,0,0.2,0.6
0.0409,0,0.24,0.6
0.04092,0,0.2,0.6
0.04094,0,0.2,0.6
0.04096,0,0.2,0.56
0.04098,0,0.2,0.6
0.041,0,0.2,0.6
0.04102,0,0.2,0.6
0.04104,0,0.2,0.6
0.04106,0,0.2,0.6
0.04108,0,0.24,0.6
0.0411,0,0.24,0.6
0.04112,0,0.2,0.6
0.04114,0,0.2,0.6
0.04116,0,0.24,0.6
0.04118,0,0.2,0.6
0.0412,0,0.2,0.6
0.04122,0,0.2,0.6
0.04124,0,0.24,0.6
0.04126,0,0.2,0.6
0.04128,0,0.2,0.6
0.0413,0,0.2,0.6
0.04132,0,0.2,0.56
0.04134,0,0.2,0.6
0.04136,0.04,0.24,0.6
0.04138,0,0.24,0.6
0.0414,0,0.2,0.6
0.04142,0,0.2,0.56
0.04144,0,0.2,0.6
0.04146,0,0.2,0.6
0.04148,0,0.2,0.6
0.0415,0,0.2,0.6
0.04152,0,0.2,0.6
0.04154,0,0.24,0.6
0.04156,0,0.2,0.6
0.04158,0,0.2,0.6
0.0416,0,0.2,0.6
0.04162,0,0.2,0.6
0.04164,0,0.2,0.6
0.04166,0,0.2,0.6
0.04168,0,0.2,0.6
0.0417,0,0.2,0.6
0.04172,0,0.2,0.6
0.04174,0,0.2,0.6
0.04176,0,0.2,0.6
0.04178,0,0.2,0.6
0.0418,0,0.2,0.6
0.04182,0,0.2,0.6
0.04184,0,0.2,0.6
0.04186,0,0.2,0.6
0.04188,0,0.2,0.6
0.0419,0,0.2,0.56
0.04192,0,0.24,0.6
0.04194,0,0.2,0.6
0.04196,0,0.2,0.6
0.04198,0,0.2,0.6
0.042,0,0.2,0.6
0.04202,0,0.24,0.6
0.04204,0,0.2,0.6
0.04206,0,0.2,0.6
0.04208,0,0.2,0.6
0.0421,0,0.24,0.64
0.04212,0,0.2,0.6
0.04214,0,0.2,0.6
0.04216,0,0.2,0.6
0.04218,0,0.2,0.6
0.0422,0,0.2,0.6
0.04222,0,0.24,0.6
0.04224,0.04,0.2,0.6
0.04226,0,0.2,0.6
0.04228,0,0.2,0.6
0.0423,0,0.24,0.6
0.04232,0,0.2,0.6
0.04234,0,0.2,0.6
0.04236,0,0.2,0.6
0.04238,0,0.2,0.6
0.0424,0,0.2,0.6
0.04242,0,0.2,0.6
0.04244,0,0.2,0.6
0.04246,0,0.24,0.6
0.04248,0,0.2,0.6
0.0425,0,0.2,0.6
0.04252,0,0.2,0.6
0.04254,0,0.2,0.6
0.04256,0,0.2,0.6
0.04258,0,0.2,0.6
0.0426,0,0.2,0.6
0.04262,0,0.2,0.6
0.04264,0,0.2,0.6
0.04266,0,0.2,0.6
0.04268,0,0.2,0.6
0.0427,0,0.2,0.6
0.04272,0,0.2,0.6
0.04274,0,0.2,0.56
0.04276,0,0.2,0.6
0.04278,0,0.2,0.6
0.0428,0,0.2,0.6
0.04282,0,0.2,0.6
0.04284,0,0.2,0.6
0.04286,0,0.2,0.6
0.04288,0,0.2,0.6
0.0429,0,0.2,0.6
0.04292,0,0.2,0.6
0.04294,0,0.24,0.6
0.04296,0,0.2,0.6
0.04298,0,0.24,0.6
0.043,0,0.2,0.6
0.04302,0,0.2,0.6
0.04304,0,0.2,0.6
0.04306,0,0.2,0.6
0.04308,0,0.2,0.6
0.0431,0,0.2,0.6
0.04312,0,0.2,0.6
0.04314,0,0.2,0.6
0.04316,0,0.2,0.6
0.04318,0,0.2,0.6
0.0432,0,0.2,0.6
0.04322,0,0.2,0.6
0.04324,0,0.2,0.6
0.04326,0,0.2,0.6
0.04328,0,0.2,0.6
0.0433,0,0.2,0.6
0.04332,0,0.2,0.6
0.04334,0,0.2,0.6
0.04336,0,0.2,0.6
0.04338,0,0.2,0.6
0.0434,0,0.2,0.6
0.04342,0,0.24,0.6
0.04344,0,0.2,0.6
0.04346,0,0.2,0.6
0.04348,0,0.2,0.6
0.0435,0,0.2,0.6
0.04352,0,0.2,0.6
0.04354,0.04,0.2,0.6
0.04356,0,0.2,0.6
0.04358,0,0.2,0.6
0.0436,0,0.2,0.6
0.04362,0,0.2,0.6
0.04364,0,0.2,0.6
0.04366,0,0.2,0.6
0.04368,0,0.24,0.6
0.0437,0,0.2,0.6
0.04372,0,0.2,0.6
0.04374,0,0.2,0.6
0.04376,0,0.2,0.6
0.04378,0,0.2,0.6
0.0438,0,0.2,0.6
0.04382,0,0.2,0.6
0.04384,0,0.2,0.6
0.04386,0,0.2,0.6
0.04388,0,0.2,0.6
0.0439,0,0.2,0.6
0.04392,0,0.2,0.6
0.04394,0.04,0.2,0.6
0.04396,0,0.2,0.6
0.04398,0.04,0.2,0.6
0.044,0,0.24,0.6
0.04402,0,0.2,0.6
0.04404,0,0.24,0.56
0.04406,0,0.2,0.6
0.04408,0,0.2,0.6
0.0441,0,0.2,0.56
0.04412,0,0.2,0.6
0.04414,0,0.2,0.6
0.04416,0,0.2,0.6
0.04418,0,0.2,0.6
0.0442,0,0.2,0.6
0.04422,0,0.2,0.6
0.04424,0,0.2,0.6
0.04426,0,0.2,0.6
0.04428,0,0.2,0.56
0.0443,0,0.2,0.6
0.04432,0,0.2,0.56
0.04434,0,0.2,0.6
0.04436,0,0.2,0.6
0.04438,0,0.2,0.6
0.0444,0,0.2,0.6
0.04442,0,0.24,0.6
0.04444,0,0.2,0.6
0.04446,0,0.2,0.6
0.04448,0,0.2,0.6
0.0445,0,0.2,0.6
0.04452,0,0.2,0.6
0.04454,0,0.2,0.56
0.04456,0,0.2,0.6
0.04458,0,0.2,0.6
0.0446,0,0.24,0.6
0.04462,0,0.2,0.6
0.04464,0,0.2,0.6
0.04466,0,0.2,0.6
0.04468,0,0.2,0.6
0.0447,0,0.2,0.6
0.04472,0,0.2,0.6
0.04474,0,0.24,0.6
0.04476,0,0.24,0.6
0.04478,0,0.2,0.6
0.0448,0,0.2,0.6
0.04482,0,0.2,0.6
0.04484,0,0.2,0.6
0.04486,0,0.24,0.56
0.04488,0,0.2,0.6
0.0449,0,0.24,0.6
0.04492,0,0.2,0.6
0.04494,0,0.2,0.6
0.04496,0,0.2,0.6
0.04498,0,0.24,0.6
0.045,0,0.2,0.6
0.04502,0,0.2,0.56
0.04504,0,0.2,0.6
0.04506,0,0.2,0.6
0.04508,0,0.2,0.6
0.0451,0,0.2,0.6
0.04512,0,0.2,0.6
0.04514,0,0.2,0.6
0.04516,0,0.2,0.6
0.04518,0,0.2,0.6
0.0452,0,0.2,0.6
0.04522,0,0.2,0.6
0.04524,0,0.2,0.6
0.04526,0,0.2,0.6
0.04528,0,0.2,0.6
0.0453,0,0.24,0.6
0.04532,0,0.2,0.6
0.04534,0,0.24,0.6
0.04536,0,0.2,0.6
0.04538,0,0.2,0.6
0.0454,0,0.2,0.6
0.04542,0,0.2,0.6
0.04544,0.04,0.2,0.6
0.04546,0,0.2,0.56
0.04548,0,0.2,0.6
0.0455,0,0.2,0.6
0.04552,0,0.2,0.6
0.04554,0,0.2,0.6
0.04556,0,0.2,0.6
0.04558,0,0.2,0.6
0.0456,0,0.2,0.6
0.04562,0,0.2,0.6
0.04564,0,0.2,0.6
0.04566,0,0.2,0.6
0.04568,0,0.2,0.6
0.0457,0,0.2,0.6
0.04572,0,0.2,0.6
0.04574,0,0.2,0.6
0.04576,0,0.2,0.56
0.04578,0,0.2,0.6
0.0458,0,0.2,0.6
0.04582,0,0.2,0.6
0.04584,0,0.2,0.6
0.04586,0,0.2,0.6
0.04588,0,0.2,0.56
0.0459,0,0.2,0.6
0.04592,0,0.2,0.6
0.04594,0,0.24,0.6
0.04596,0,0.2,0.6
0.04598,0,0.2,0.6
0.046,0,0.2,0.6
0.04602,0,0.2,0.56
0.04604,0,0.2,0.6
0.04606,0,0.2,0.6
0.04608,0,0.2,0.6
0.0461,0,0.2,0.6
0.04612,0,0.2,0.6
0.04614,0,0.24,0.6
0.04616,0,0.2,0.6
0.04618,0,0.2,0.6
0.0462,0,0.24,0.56
0.04622,0,0.2,0.6
0.04624,0,0.2,0.6
0.04626,0,0.2,0.6
0.04628,0,0.2,0.6
0.0463,0,0.2,0.6
0.04632,0,0.2,0.6
0.04634,0,0.24,0.6
0.04636,0,0.2,0.6
0.04638,0,0.2,0.6
0.0464,0,0.2,0.6
0.04642,0,0.2,0.56
0.04644,0,0.2,0.6
0.04646,0,0.2,0.56
0.04648,0,0.2,0.6
0.0465,0,0.2,0.6
0.04652,0,0.2,0.6
0.04654,0,0.2,0.6
0.04656,0,0.2,0.6
0.04658,0,0.2,0.56
0.0466,0,0.2,0.6
0.04662,0,0.2,0.6
0.04664,0,0.2,0.6
0.04666,0,0.2,0.6
0.04668,0,0.2,0.6
0.0467,0,0.2,0.56
0.04672,0,0.2,0.6
0.04674,0,0.2,0.6
0.04676,0,0.2,0.56
0.04678,0,0.2,0.6
0.0468,0,0.2,0.6
0.04682,0,0.2,0.56
0.04684,0,0.2,0.6
0.04686,0,0.2,0.6
0.04688,0,0.2,0.6
0.0469,0,0.2,0.6
0.04692,0,0.2,0.6
0.04694,0,0.2,0.6
0.04696,0,0.2,0.6
0.04698,0,0.2,0.6
0.047,0,0.2,0.6
0.04702,0,0.2,0.6
0.04704,0,0.2,0.6
0.04706,0,0.2,0.6
0.04708,0,0.2,0.6
0.0471,0,0.2,0.6
0.04712,0,0.2,0.6
0.04714,0,0.2,0.6
0.04716,0,0.2,0.56
0.04718,0,0.2,0.56
0.0472,0,0.2,0.6
0.04722,0,0.2,0.56
0.04724,0,0.2,0.6
0.04726,0,0.2,0.6
0.04728,0,0.2,0.6
0.0473,0,0.2,0.6
0.04732,0,0.2,0.6
0.04734,0,0.2,0.6
0.04736,0,0.2,0.6
0.04738,0,0.2,0.6
0.0474,0,0.2,0.6
0.04742,0,0.2,0.6
0.04744,0,0.2,0.6
0.04746,0,0.2,0.6
0.04748,0,0.2,0.6
0.0475,0,0.2,0.6
0.04752,0,0.2,0.56
0.04754,0,0.2,0.6
0.04756,0,0.2,0.6
0.04758,0,0.2,0.6
0.0476,0,0.2,0.6
0.04762,0,0.2,0.6
0.04764,0,0.2,0.6
0.04766,0,0.2,0.56
0.04768,0,0.2,0.6
0.0477,0,0.2,0.6
0.04772,0,0.2,0.6
0.04774,0,0.2,0.6
0.04776,0,0.2,0.6
0.04778,0,0.2,0.6
0.0478,0,0.2,0.6
0.04782,0,0.2,0.6
0.04784,0,0.2,0.6
0.04786,0,0.2,0.6
0.04788,0,0.2,0.6
0.0479,0,0.2,0.6
0.04792,0,0.2,0.56
0.04794,0,0.2,0.6
0.04796,0,0.2,0.6
0.04798,0,0.2,0.6
0.048,0,0.2,0.6
0.04802,0,0.2,0.6
0.04804,0,0.2,0.6
0.04806,0.04,0.2,0.6
0.04808,0,0.2,0.6
0.0481,0,0.2,0.6
0.04812,0,0.2,0.6
0.04814,0,0.2,0.6
0.04816,0,0.2,0.6
0.04818,0,0.2,0.6
0.0482,0,0.2,0.6
0.04822,0,0.2,0.6
0.04824,0,0.2,0.6
0.04826,0,0.2,0.6
0.04828,0,0.2,0.6
0.0483,0,0.2,0.6
0.04832,0,0.24,0.6
0.04834,0,0.2,0.6
0.04836,0,0.2,0.6
0.04838,0,0.2,0.6
0.0484,0,0.2,0.6
0.04842,0,0.2,0.6
0.04844,0,0.2,0.6
0.04846,0.04,0.2,0.6
0.04848,0,0.2,0.6
0.0485,0,0.2,0.6
0.04852,0,0.24,0.6
0.04854,0,0.2,0.6
0.04856,0,0.2,0.6
0.04858,0,0.2,0.6
0.0486,0,0.2,0.56
0.04862,0,0.24,0.6
0.04864,0,0.2,0.6
0.04866,0,0.2,0.6
0.04868,0,0.2,0.6
0.0487,0,0.2,0.6
0.04872,0,0.2,0.6
0.04874,0,0.2,0.6
0.04876,0,0.2,0.6
0.04878,0,0.2,0.6
0.0488,0,0.2,0.6
0.04882,0,0.2,0.6
0.04884,0,0.2,0.6
0.04886,0,0.2,0.6
0.04888,0,0.2,0.56
0.0489,0,0.2,0.6
0.04892,0,0.2,0.6
0.04894,0,0.2,0.6
0.04896,0,0.2,0.6
0.04898,0,0.2,0.6
0.049,0,0.2,0.56
0.04902,0,0.24,0.6
0.04904,0,0.2,0.6
0.04906,0,0.2,0.6
0.04908,0,0.2,0.6
0.0491,0,0.2,0.6
0.04912,0,0.2,0.6
0.04914,0,0.2,0.6
0.04916,0,0.2,0.6
0.04918,0,0.2,0.6
0.0492,0,0.2,0.56
0.04922,0,0.2,0.6
0.04924,0,0.2,0.6
0.04926,0,0.2,0.6
0.04928,0,0.2,0.56
0.0493,0,0.24,0.6
0.04932,0,0.2,0.6
0.04934,0,0.2,0.6
0.04936,0,0.2,0.6
0.04938,0,0.2,0.6
0.0494,0.04,0.2,0.6
0.04942,0.04,0.2,0.6
0.04944,0,0.24,0.64
0.04946,0,0.2,0.6
0.04948,0,0.2,0.6
0.0495,0,0.2,0.6
0.04952,0,0.2,0.6
0.04954,0,0.2,0.6
0.04956,0,0.2,0.6
0.04958,0,0.2,0.6
0.0496,0,0.2,0.6
0.04962,0,0.2,0.56
0.04964,0,0.2,0.6
0.04966,0,0.2,0.56
0.04968,0,0.2,0.6
0.0497,0,0.2,0.6
0.04972,0,0.2,0.6
0.04974,0,0.2,0.6
0.04976,0,0.24,0.6
0.04978,0,0.2,0.6
0.0498,0,0.2,0.6
0.04982,0,0.24,0.6
0.04984,0,0.2,0.6
0.04986,0,0.24,0.6
0.04988,0,0.2,0.6
0.0499,0,0.2,0.6
0.04992,0,0.2,0.6
0.04994,0,0.2,0.56
0.04996,0,0.2,0.6
0.04998,0,0.2,0.6
0.05,0,0.2,0.6
0.05002,0,0.2,0.6
0.05004,0,0.2,0.6
0.05006,0,0.2,0.6
0.05008,0,0.2,0.6
0.0501,0,0.2,0.6
0.05012,0,0.2,0.6
0.05014,0,0.2,0.6
0.05016,0,0.2,0.6
0.05018,0,0.2,0.6
0.0502,0,0.2,0.6
0.05022,0,0.2,0.6
0.05024,0,0.2,0.6
0.05026,0,0.2,0.6
0.05028,0,0.2,0.6
0.0503,0,0.2,0.6
0.05032,0,0.2,0.56
0.05034,0,0.2,0.6
0.05036,0,0.2,0.6
0.05038,0.04,0.2,0.6
0.0504,0,0.2,0.6
0.05042,0,0.24,0.6
0.05044,0,0.2,0.6
0.05046,0,0.2,0.6
0.05048,0,0.2,0.6
0.0505,0,0.2,0.6
0.05052,0,0.2,0.6
0.05054,0,0.2,0.6
0.05056,0,0.2,0.6
0.05058,0,0.2,0.6
0.0506,0,0.2,0.6
0.05062,0,0.2,0.6
0.05064,0,0.2,0.6
0.05066,0,0.2,0.6
0.05068,0,0.2,0.6
0.0507,0.04,0.24,0.6
0.05072,0,0.2,0.6
0.05074,0,0.2,0.6
0.05076,0,0.2,0.6
0.05078,0,0.2,0.6
0.0508,0,0.2,0.6
0.05082,0,0.2,0.6
0.05084,0,0.2,0.6
0.05086,0,0.2,0.6
0.05088,0,0.2,0.6
0.0509,0.04,0.24,0.6
0.05092,0,0.24,0.6
0.05094,0,0.2,0.6
0.05096,0,0.2,0.6
0.05098,0,0.2,0.6
0.051,0,0.2,0.6
0.05102,0,0.2,0.6
0.05104,0,0.2,0.6
0.05106,0,0.2,0.6
0.05108,0,0.2,0.6
0.0511,0,0.24,0.6
0.05112,0,0.2,0.6
0.05114,0.04,0.2,0.6
0.05116,0,0.2,0.6
0.05118,0,0.2,0.6
0.0512,0,0.2,0.6
0.05122,0,0.24,0.6
0.05124,0,0.2,0.6
0.05126,0,0.2,0.6
0.05128,0,0.2,0.6
0.0513,0,0.2,0.6
0.05132,0,0.2,0.6
0.05134,0,0.2,0.6
0.05136,0,0.2,0.6
0.05138,0,0.2,0.6
0.0514,0,0.2,0.6
0.05142,0,0.2,0.6
0.05144,0,0.2,0.6
0.05146,0.04,0.2,0.6
0.05148,0,0.2,0.6
0.0515,0,0.2,0.6
0.05152,0,0.2,0.6
0.05154,0,0.2,0.6
0.05156,0,0.2,0.6
0.05158,0,0.2,0.6
0.0516,0.04,0.2,0.6
0.05162,0,0.2,0.56
0.05164,0,0.2,0.6
0.05166,0,0.2,0.6
0.05168,0,0.2,0.6
0.0517,0,0.2,0.6
0.05172,0,0.2,0.6
0.05174,0,0.2,0.6
0.05176,0,0.2,0.6
0.05178,0,0.2,0.6
0.0518,0,0.2,0.6
0.05182,0,0.2,0.6
0.05184,0,0.2,0.6
0.05186,0,0.2,0.6
0.05188,0,0.2,0.6
0.0519,0,0.2,0.6
0.05192,0,0.2,0.6
0.05194,0,0.2,0.6
0.05196,0,0.2,0.6
0.05198,0,0.2,0.6
0.052,0,0.2,0.6
0.05202,0,0.2,0.6
0.05204,0,0.2,0.6
0.05206,0,0.2,0.6
0.05208,0,0.2,0.6
0.0521,0,0.2,0.6
0.05212,0,0.2,0.56
0.05214,0,0.2,0.6
0.05216,0,0.2,0.6
0.05218,0,0.2,0.6
0.0522,0,0.2,0.6
0.05222,0,0.2,0.56
0.05224,0,0.2,0.6
0.05226,0,0.2,0.6
0.05228,0,0.2,0.56
0.0523,0,0.2,0.6
0.05232,0.04,0.2,0.6
0.05234,0,0.2,0.6
0.05236,0,0.2,0.56
0.05238,0.04,0.2,0.6
0.0524,0,0.2,0.6
0.05242,0,0.24,0.56
0.05244,0,0.2,0.6
0.05246,0,0.2,0.6
0.05248,0.04,0.2,0.6
0.0525,0,0.2,0.6
0.05252,0,0.2,0.6
0.05254,0,0.2,0.6
0.05256,0,0.2,0.6
0.05258,0,0.2,0.6
0.0526,0,0.2,0.6
0.05262,0,0.2,0.6
0.05264,0,0.2,0.6
0.05266,0,0.2,0.6
0.05268,0,0.2,0.6
0.0527,0,0.2,0.6
0.05272,0,0.2,0.6
0.05274,0,0.2,0.6
0.05276,0,0.2,0.6
0.05278,0,0.2,0.6
0.0528,0,0.2,0.6
0.05282,0,0.2,0.6
0.05284,0,0.24,0.6
0.05286,0,0.2,0.6
0.05288,0,0.2,0.6
0.0529,0,0.2,0.6
0.05292,0,0.2,0.6
0.05294,0,0.2,0.6
0.05296,0,0.2,0.6
0.05298,0,0.2,0.6
0.053,0,0.2,0.6
0.05302,0,0.2,0.6
0.05304,0,0.2,0.6
0.05306,0,0.2,0.56
0.05308,0,0.2,0.6
0.0531,0,0.2,0.6
0.05312,0,0.2,0.6
0.05314,0,0.24,0.6
0.05316,0,0.2,0.6
0.05318,0,0.2,0.6
0.0532,0,0.2,0.6
0.05322,0,0.2,0.6
0.05324,0,0.2,0.56
0.05326,0,0.2,0.6
0.05328,0,0.2,0.6
0.0533,0,0.2,0.6
0.05332,0,0.2,0.6
0.05334,0,0.2,0.6
0.05336,0,0.2,0.6
0.05338,0,0.2,0.6
0.0534,0.04,0.2,0.6
0.05342,0,0.2,0.6
0.05344,0,0.2,0.6
0.05346,0,0.2,0.6
0.05348,0,0.2,0.6
0.0535,0,0.2,0.6
0.05352,0,0.2,0.6
0.05354,0,0.2,0.56
0.05356,0,0.2,0.6
0.05358,0,0.2,0.6
0.0536,0,0.2,0.6
0.05362,0,0.2,0.56
0.05364,0,0.2,0.6
0.05366,0,0.2,0.6
0.05368,0,0.2,0.6
0.0537,0,0.2,0.6
0.05372,0,0.24,0.6
0.05374,0,0.2,0.6
0.05376,0,0.2,0.6
0.05378,0,0.2,0.6
0.0538,0,0.24,0.6
0.05382,0,0.2,0.6
0.05384,0,0.2,0.6
0.05386,0,0.2,0.6
0.05388,0,0.2,0.6
0.0539,0,0.2,0.6
0.05392,0,0.2,0.6
0.05394,0,0.2,0.6
0.05396,0.04,0.2,0.6
0.05398,0,0.2,0.6
0.054,0,0.2,0.6
0.05402,0,0.2,0.6
0.05404,0,0.2,0.6
0.05406,0,0.2,0.6
0.05408,0.04,0.2,0.6
0.0541,0,0.2,0.6
0.05412,0,0.2,0.6
0.05414,0,0.2,0.6
0.05416,0,0.2,0.6
0.05418,0,0.2,0.6
0.0542,0,0.24,0.6
0.05422,0,0.2,0.6
0.05424,0,0.24,0.6
0.05426,0,0.2,0.6
0.05428,0,0.2,0.6
0.0543,0.04,0.2,0.6
0.05432,0,0.24,0.6
0.05434,0,0.2,0.6
0.05436,0,0.2,0.6
0.05438,0,0.2,0.6
0.0544,0,0.2,0.6
0.05442,0,0.2,0.6
0.05444,0,0.2,0.6
0.05446,0,0.2,0.6
0.05448,0,0.2,0.6
0.0545,0.04,0.2,0.6
0.05452,0,0.2,0.6
0.05454,0,0.2,0.56
0.05456,0,0.2,0.6
0.05458,0,0.2,0.6
0.0546,0,0.2,0.6
0.05462,0,0.2,0.6
0.05464,0,0.2,0.6
0.05466,0,0.2,0.6
0.05468,0,0.2,0.6
0.0547,0,0.24,0.6
0.05472,0,0.2,0.6
0.05474,0,0.2,0.6
0.05476,0,0.2,0.6
0.05478,0,0.2,0.6
0.0548,0,0.2,0.6
0.05482,0,0.2,0.6
0.05484,0,0.2,0.6
0.05486,0,0.2,0.6
0.05488,0,0.2,0.6
0.0549,0,0.2,0.6
0.05492,0,0.2,0.56
0.05494,0,0.2,0.6
0.05496,0,0.2,0.56
0.05498,0,0.2,0.6
0.055,0,0.2,0.6
0.05502,0,0.2,0.6
0.05504,0,0.2,0.6
0.05506,0,0.2,0.6
0.05508,0,0.2,0.6
0.0551,0,0.2,0.6
0.05512,0,0.2,0.6
0.05514,0,0.2,0.6
0.05516,0,0.2,0.6
0.05518,0,0.2,0.6
0.0552,0.04,0.2,0.6
0.05522,0,0.2,0.6
0.05524,0,0.2,0.6
0.05526,0,0.2,0.6
0.05528,0,0.2,0.6
0.0553,0,0.2,0.6
0.05532,0,0.2,0.6
0.05534,0,0.2,0.6
0.05536,0,0.2,0.56
0.05538,0,0.2,0.6
0.0554,0,0.2,0.6
0.05542,0,0.2,0.6
0.05544,0,0.2,0.6
0.05546,0,0.2,0.6
0.05548,0,0.2,0.6
0.0555,0,0.2,0.6
0.05552,0,0.2,0.6
0.05554,0,0.2,0.6
0.05556,0,0.2,0.6
0.05558,0,0.2,0.56
0.0556,0,0.2,0.6
0.05562,0,0.2,0.6
0.05564,0,0.2,0.6
0.05566,0,0.2,0.6
0.05568,0,0.2,0.6
0.0557,0,0.2,0.56
0.05572,0,0.2,0.6
0.05574,0,0.2,0.6
0.05576,0,0.2,0.6
0.05578,0.04,0.2,0.56
0.0558,0,0.2,0.6
0.05582,0,0.2,0.6
0.05584,0,0.2,0.6
0.05586,0,0.2,0.56
0.05588,0,0.2,0.6
0.0559,0.04,0.2,0.6
0.05592,0,0.2,0.6
0.05594,0,0.2,0.6
0.05596,0,0.2,0.6
0.05598,0,0.2,0.6
0.056,0,0.2,0.6
0.05602,0,0.2,0.6
0.05604,0.04,0.2,0.6
0.05606,0,0.2,0.6
0.05608,0,0.2,0.6
0.0561,0,0.2,0.6
0.05612,0,0.2,0.6
0.05614,0,0.2,0.6
0.05616,0,0.2,0.6
0.05618,0,0.2,0.6
0.0562,0,0.2,0.6
0.05622,0,0.2,0.6
0.05624,0,0.2,0.6
0.05626,0,0.2,0.56
0.05628,0,0.2,0.6
0.0563,0,0.2,0.6
0.05632,0,0.2,0.6
0.05634,0,0.2,0.56
0.05636,0,0.2,0.56
0.05638,0,0.2,0.6
0.0564,0,0.2,0.56
0.05642,0,0.2,0.6
0.05644,0,0.2,0.6
0.05646,0.04,0.2,0.6
0.05648,0,0.2,0.6
0.0565,0,0.2,0.6
0.05652,0,0.2,0.6
0.05654,0,0.2,0.6
0.05656,0,0.2,0.6
0.05658,0,0.2,0.6
0.0566,0,0.2,0.6
0.05662,0,0.2,0.6
0.05664,0,0.2,0.6
0.05666,0,0.2,0.6
0.05668,0,0.2,0.6
0.0567,0,0.2,0.6
0.05672,0.04,0.2,0.6
0.05674,0,0.2,0.6
0.05676,0,0.2,0.6
0.05678,0,0.2,0.6
0.0568,0,0.2,0.6
0.05682,0,0.2,0.6
0.05684,0,0.2,0.6
0.05686,0,0.2,0.6
0.05688,0,0.24,0.6
0.0569,0,0.24,0.6
0.05692,0,0.2,0.56
0.05694,0,0.2,0.6
0.05696,0,0.2,0.56
0.05698,0,0.2,0.6
0.057,0,0.2,0.6
0.05702,0.04,0.2,0.6
0.05704,0.04,0.2,0.6
0.05706,0,0.2,0.6
0.05708,0,0.2,0.6
0.0571,0,0.2,0.6
0.05712,0,0.2,0.56
0.05714,0,0.2,0.6
0.05716,0.04,0.2,0.6
0.05718,0,0.2,0.6
0.0572,0,0.2,0.56
0.05722,0,0.2,0.6
0.05724,0,0.2,0.6
0.05726,0,0.24,0.6
0.05728,0,0.2,0.56
0.0573,0,0.2,0.6
0.05732,0,0.2,0.6
0.05734,0,0.2,0.6
0.05736,0.04,0.2,0.6
0.05738,0,0.2,0.6
0.0574,0,0.2,0.56
0.05742,0.04,0.2,0.6
0.05744,0,0.2,0.6
0.05746,0,0.2,0.6
0.05748,0,0.2,0.6
0.0575,0,0.2,0.6
0.05752,0,0.2,0.6
0.05754,0,0.2,0.56
0.05756,0,0.2,0.6
0.05758,0,0.2,0.6
0.0576,0,0.2,0.6
0.05762,0,0.2,0.6
0.05764,0,0.2,0.6
0.05766,0,0.2,0.6
0.05768,0,0.2,0.6
0.0577,0,0.2,0.6
0.05772,0,0.2,0.6
0.05774,0,0.2,0.6
0.05776,0,0.2,0.6
0.05778,0,0.2,0.6
0.0578,0,0.2,0.56
0.05782,0,0.2,0.6
0.05784,0,0.2,0.6
0.05786,0,0.2,0.6
0.05788,0,0.2,0.6
0.0579,0,0.2,0.56
0.05792,0,0.2,0.6
0.05794,0,0.2,0.56
0.05796,0,0.2,0.6
0.05798,0,0.2,0.6
0.058,0,0.2,0.6
0.05802,0,0.2,0.6
0.05804,0,0.2,0.6
0.05806,0,0.2,0.6
0.05808,0,0.2,0.6
0.0581,0,0.2,0.56
0.05812,0,0.2,0.6
0.05814,0,0.2,0.6
0.05816,0,0.2,0.6
0.05818,0,0.2,0.6
0.0582,0,0.2,0.6
0.05822,0,0.2,0.6
0.05824,0,0.2,0.6
0.05826,0,0.2,0.6
0.05828,0,0.2,0.6
0.0583,0,0.2,0.6
0.05832,0,0.2,0.6
0.05834,0,0.24,0.6
0.05836,0,0.2,0.6
0.05838,0,0.2,0.6
0.0584,0,0.2,0.6
0.05842,0,0.24,0.6
0.05844,0,0.2,0.6
0.05846,0.04,0.2,0.6
0.05848,0,0.2,0.6
0.0585,0,0.2,0.6
0.05852,0,0.2,0.6
0.05854,0,0.2,0.6
0.05856,0,0.2,0.6
0.05858,0,0.2,0.6
0.0586,0,0.2,0.56
0.05862,0,0.2,0.6
0.05864,0,0.2,0.6
0.05866,0,0.2,0.6
0.05868,0,0.2,0.6
0.0587,0,0.24,0.6
0.05872,0,0.2,0.6
0.05874,0,0.2,0.6
0.05876,0,0.2,0.6
0.05878,0,0.2,0.6
0.0588,0,0.2,0.6
0.05882,0,0.2,0.6
0.05884,0,0.2,0.6
0.05886,0,0.24,0.6
0.05888,0,0.2,0.6
0.0589,0,0.2,0.6
0.05892,0,0.2,0.6
0.05894,0,0.2,0.6
0.05896,0,0.2,0.6
0.05898,0,0.2,0.6
0.059,0,0.2,0.6
0.05902,0,0.2,0.6
0.05904,0,0.2,0.6
0.05906,0,0.2,0.6
0.05908,0,0.2,0.6
0.0591,0,0.2,0.6
0.05912,0,0.2,0.6
0.05914,0,0.24,0.6
0.05916,0,0.2,0.6
0.05918,0,0.2,0.6
0.0592,0,0.2,0.6
0.05922,0,0.2,0.6
0.05924,0,0.2,0.6
0.05926,0,0.2,0.6
0.05928,0,0.2,0.56
0.0593,0,0.2,0.6
0.05932,0,0.2,0.6
0.05934,0,0.2,0.56
0.05936,0,0.2,0.6
0.05938,0,0.2,0.6
0.0594,0,0.2,0.56
0.05942,0,0.2,0.6
0.05944,0,0.2,0.6
0.05946,0,0.2,0.6
0.05948,0,0.2,0.6
0.0595,0,0.2,0.56
0.05952,0,0.2,0.6
0.05954,0,0.2,0.6
0.05956,0,0.2,0.6
0.05958,0,0.2,0.6
0.0596,0,0.2,0.6
0.05962,0,0.2,0.6
0.05964,0,0.2,0.6
0.05966,0,0.2,0.6
0.05968,0,0.2,0.6
0.0597,0,0.2,0.6
0.05972,0,0.2,0.56
0.05974,0,0.2,0.6
0.05976,0,0.2,0.6
0.05978,0,0.2,0.6
0.0598,0,0.2,0.6
0.05982,0,0.24,0.6
0.05984,0,0.2,0.6
0.05986,0,0.24,0.6
0.05988,0,0.24,0.6
0.0599,0,0.2,0.6
0.05992,0,0.2,0.6
0.05994,0,0.2,0.6
0.05996,0,0.2,0.6
0.05998,0,0.2,0.6
0.06,0,0.2,0.6
0.06002,0,0.2,0.6
0.06004,0,0.2,0.6
0.06006,0,0.2,0.6
0.06008,0,0.2,0.6
0.0601,0,0.24,0.6
0.06012,0,0.2,0.6
0.06014,0,0.2,0.6
0.06016,0,0.24,0.6
0.06018,0.04,0.24,0.6
0.0602,0,0.24,0.6
0.06022,0,0.2,0.6
0.06024,0,0.2,0.6
0.06026,0,0.2,0.6
0.06028,0,0.24,0.6
0.0603,0,0.2,0.6
0.06032,0,0.2,0.6
0.06034,0.04,0.2,0.6
0.06036,0,0.2,0.56
0.06038,0,0.24,0.6
0.0604,0,0.2,0.6
0.06042,0,0.2,0.6
0.06044,0,0.2,0.6
0.06046,0,0.2,0.6
0.06048,0,0.2,0.6
0.0605,0,0.2,0.56
0.06052,0,0.2,0.6
0.06054,0,0.24,0.6
0.06056,0,0.2,0.6
0.06058,0,0.24,0.6
0.0606,0,0.2,0.6
0.06062,0,0.2,0.6
0.06064,0,0.2,0.6
0.06066,0,0.2,0.6
0.06068,0,0.2,0.6
0.0607,0,0.2,0.6
0.06072,0,0.2,0.6
0.06074,0.04,0.2,0.6
0.06076,0,0.2,0.6
0.06078,0,0.2,0.6
0.0608,0,0.2,0.6
0.06082,0,0.2,0.6
0.06084,0,0.2,0.6
0.06086,0,0.2,0.6
0.06088,0,0.2,0.6
0.0609,0,0.24,0.6
0.06092,0,0.2,0.6
0.06094,0,0.2,0.6
0.06096,0,0.2,0.6
0.06098,0,0.2,0.6
0.061,0,0.2,0.6
0.06102,0,0.2,0.6
0.06104,0,0.2,0.6
0.06106,0,0.2,0.6
0.06108,0,0.2,0.6
0.0611,0,0.2,0.56
0.06112,0.04,0.2,0.6
0.06114,0,0.2,0.6
0.06116,0,0.2,0.6
0.06118,0,0.2,0.6
0.0612,-0.04,0.2,0.56
0.06122,0,0.24,0.56
0.06124,0,0.2,0.6
0.06126,0,0.24,0.6
0.06128,0,0.2,0.6
0.0613,0,0.2,0.56
0.06132,0,0.2,0.6
0.06134,0,0.2,0.6
0.06136,0,0.2,0.56
0.06138,0,0.2,0.56
0.0614,0,0.2,0.56
0.06142,0,0.24,0.6
0.06144,0,0.2,0.6
0.06146,0,0.24,0.56
0.06148,0,0.2,0.6
0.0615,0,0.2,0.6
0.06152,0,0.2,0.6
0.06154,0,0.24,0.6
0.06156,0,0.2,0.6
0.06158,0.04,0.2,0.6
0.0616,0,0.2,0.56
0.06162,0,0.2,0.6
0.06164,0,0.24,0.6
0.06166,0,0.2,0.6
0.06168,0,0.2,0.6
0.0617,0,0.2,0.6
0.06172,0,0.2,0.6
0.06174,0,0.2,0.6
0.06176,0,0.2,0.6
0.06178,0,0.2,0.6
0.0618,0,0.2,0.6
0.06182,0,0.2,0.6
0.06184,0,0.24,0.6
0.06186,0,0.24,0.6
0.06188,0,0.2,0.6
0.0619,0,0.2,0.6
0.06192,0,0.2,0.6
0.06194,0,0.2,0.6
0.06196,0,0.2,0.6
0.06198,0,0.24,0.6
0.062,0,0.2,0.56
0.06202,0,0.2,0.6
0.06204,0,0.2,0.6
0.06206,0,0.24,0.6
0.06208,0,0.2,0.6
0.0621,0,0.2,0.56
0.06212,0,0.2,0.6
0.06214,0,0.2,0.6
0.06216,0,0.2,0.56
0.06218,0,0.2,0.56
0.0622,0,0.2,0.6
0.06222,0,0.2,0.6
0.06224,0.04,0.24,0.6
0.06226,0,0.2,0.6
0.06228,0,0.2,0.6
0.0623,0,0.2,0.6
0.06232,0,0.2,0.6
0.06234,0,0.2,0.6
0.06236,0,0.2,0.6
0.06238,0,0.2,0.6
0.0624,0,0.2,0.6
0.06242,0.04,0.2,0.6
0.06244,0,0.2,0.6
0.06246,0,0.2,0.56
0.06248,0,0.2,0.6
0.0625,0,0.2,0.56
0.06252,0,0.2,0.6
0.06254,0,0.2,0.56
0.06256,0,0.2,0.6
0.06258,0,0.2,0.6
0.0626,0,0.2,0.6
0.06262,0,0.2,0.6
0.06264,0,0.2,0.6
0.06266,0,0.2,0.56
0.06268,0,0.2,0.6
0.0627,0.04,0.2,0.56
0.06272,0,0.2,0.56
0.06274,0,0.2,0.6
0.06276,0,0.2,0.6
0.06278,0,0.2,0.6
0.0628,0,0.2,0.6
0.06282,0,0.2,0.56
0.06284,0,0.2,0.6
0.06286,0,0.2,0.6
0.06288,0,0.2,0.6
0.0629,0,0.2,0.6
0.06292,0,0.24,0.6
0.06294,0,0.2,0.6
0.06296,0,0.2,0.6
0.06298,0,0.2,0.6
0.063,0,0.2,0.56
0.06302,0,0.2,0.56
0.06304,0,0.2,0.6
0.06306,0,0.2,0.6
0.06308,0,0.24,0.6
0.0631,0,0.24,0.56
0.06312,0,0.2,0.6
0.06314,0,0.2,0.6
0.06316,0,0.2,0.56
0.06318,0,0.2,0.6
0.0632,0,0.24,0.6
0.06322,0,0.2,0.6
0.06324,0,0.2,0.6
0.06326,0,0.2,0.6
0.06328,0,0.2,0.6
0.0633,0,0.2,0.6
0.06332,0,0.2,0.6
0.06334,0,0.2,0.6
0.06336,0,0.2,0.6
0.06338,0,0.2,0.6
0.0634,0,0.24,0.6
0.06342,0,0.2,0.56
0.06344,0,0.2,0.56
0.06346,0,0.2,0.6
0.06348,0.04,0.2,0.6
0.0635,0,0.2,0.6
0.06352,0,0.2,0.6
0.06354,0,0.2,0.6
0.06356,0,0.2,0.56
0.06358,0,0.2,0.6
0.0636,0.04,0.24,0.6
0.06362,0,0.24,0.6
0.06364,0.04,0.2,0.6
0.06366,0,0.2,0.6
0.06368,0,0.2,0.6
0.0637,0.04,0.2,0.56
0.06372,0,0.2,0.6
0.06374,0,0.2,0.6
0.06376,0,0.2,0.6
0.06378,0,0.2,0.6
0.0638,0,0.2,0.6
0.06382,0,0.2,0.6
0.06384,0,0.2,0.56
0.06386,0,0.2,0.6
0.06388,0,0.2,0.6
0.0639,0,0.2,0.56
0.06392,0,0.2,0.56
0.06394,0,0.2,0.6
0.06396,0,0.2,0.6
0.06398,0,0.2,0.64
0.064,0,0.2,0.56
0.06402,0,0.24,0.6
0.06404,0,0.2,0.6
0.06406,0,0.2,0.6
0.06408,0,0.2,0.6
0.0641,0,0.2,0.6
0.06412,0,0.2,0.6
0.06414,0,0.2,0.6
0.06416,0,0.24,0.6
0.06418,0,0.2,0.6
0.0642,0,0.2,0.6
0.06422,0,0.2,0.6
0.06424,0,0.2,0.6
0.06426,0,0.2,0.6
0.06428,0,0.2,0.6
0.0643,0,0.2,0.6
0.06432,0,0.2,0.6
0.06434,0,0.2,0.6
0.06436,0,0.2,0.6
0.06438,0,0.2,0.6
0.0644,0,0.2,0.6
0.06442,0,0.2,0.6
0.06444,0,0.24,0.6
0.06446,0,0.2,0.6
0.06448,0,0.2,0.6
0.0645,0,0.2,0.6
0.06452,0,0.2,0.6
0.06454,0.04,0.24,0.6
0.06456,0,0.2,0.6
0.06458,0,0.2,0.6
0.0646,0,0.2,0.6
0.06462,0,0.2,0.6
0.06464,0,0.2,0.56
0.06466,0,0.24,0.6
0.06468,0,0.2,0.6
0.0647,0,0.2,0.6
0.06472,0,0.2,0.6
0.06474,0,0.2,0.6
0.06476,0,0.2,0.6
0.06478,0,0.2,0.6
0.0648,0,0.2,0.6
0.06482,0,0.2,0.6
0.06484,0,0.2,0.6
0.06486,0,0.2,0.6
0.06488,0,0.2,0.6
0.0649,0,0.2,0.6
0.06492,0,0.2,0.6
0.06494,0,0.2,0.6
0.06496,0,0.2,0.6
0.06498,0,0.24,0.6
0.065,0,0.24,0.6
0.06502,0,0.2,0.6
0.06504,0,0.2,0.6
0.06506,0,0.2,0.6
0.06508,0,0.24,0.6
0.0651,0,0.2,0.6
0.06512,0,0.2,0.6
0.06514,0,0.2,0.6
0.06516,0,0.2,0.6
0.06518,0,0.2,0.6
0.0652,0,0.2,0.6
0.06522,0,0.2,0.6
0.06524,0,0.24,0.6
0.06526,0,0.2,0.6
0.06528,0,0.2,0.6
0.0653,0,0.2,0.6
0.06532,0,0.2,0.6
0.06534,0,0.2,0.6
0.06536,0,0.2,0.6
0.06538,0,0.2,0.6
0.0654,0,0.24,0.6
0.06542,0,0.2,0.6
0.06544,0,0.2,0.6
0.06546,0,0.2,0.6
0.06548,0,0.2,0.6
0.0655,0.04,0.2,0.6
0.06552,0,0.2,0.6
0.06554,0,0.2,0.6
0.06556,0,0.2,0.6
0.06558,0,0.2,0.6
0.0656,0,0.2,0.6
0.06562,0,0.2,0.6
0.06564,0,0.24,0.6
0.06566,0,0.2,0.6
0.06568,0,0.2,0.6
0.0657,0,0.24,0.6
0.06572,0,0.2,0.56
0.06574,0,0.2,0.6
0.06576,0,0.2,0.56
0.06578,0,0.2,0.56
0.0658,0,0.2,0.6
0.06582,0,0.2,0.6
0.06584,0.04,0.2,0.6
0.06586,0,0.2,0.6
0.06588,0,0.2,0.6
0.0659,0,0.2,0.6
0.06592,0,0.24,0.6
0.06594,0,0.2,0.6
0.06596,0,0.2,0.6
0.06598,0,0.2,0.6
0.066,0,0.2,0.6
0.06602,0,0.2,0.6
0.06604,0,0.2,0.6
0.06606,0,0.2,0.6
0.06608,0.04,0.2,0.6
0.0661,0,0.2,0.6
0.06612,0,0.2,0.6
0.06614,0,0.2,0.6
0.06616,0,0.24,0.6
0.06618,0,0.2,0.64
0.0662,0,0.2,0.6
0.06622,0,0.2,0.6
0.06624,0,0.2,0.6
0.06626,0,0.24,0.6
0.06628,0,0.2,0.6
0.0663,0,0.2,0.6
0.06632,0,0.2,0.6
0.06634,0,0.2,0.6
0.06636,0,0.2,0.6
0.06638,0,0.24,0.6
0.0664,0,0.2,0.56
0.06642,0,0.2,0.6
0.06644,0,0.2,0.6
0.06646,0,0.2,0.6
0.06648,0,0.2,0.6
0.0665,0,0.2,0.6
0.06652,0,0.24,0.6
0.06654,0,0.24,0.6
0.06656,0,0.2,0.6
0.06658,0,0.2,0.6
0.0666,0,0.2,0.6
0.06662,0,0.24,0.64
0.06664,0,0.2,0.6
0.06666,0,0.2,0.6
0.06668,0,0.2,0.6
0.0667,0,0.2,0.6
0.06672,0,0.2,0.56
0.06674,0,0.24,0.6
0.06676,0,0.2,0.6
0.06678,0,0.2,0.6
0.0668,0,0.2,0.6
0.06682,0,0.2,0.6
0.06684,0,0.2,0.6
0.06686,0,0.2,0.6
0.06688,0,0.2,0.6
0.0669,0,0.2,0.6
0.06692,0,0.2,0.6
0.06694,0,0.2,0.6
0.06696,0,0.2,0.6
0.06698,0,0.2,0.6
0.067,0,0.2,0.6
0.06702,0,0.24,0.6
0.06704,0,0.2,0.6
0.06706,0,0.2,0.6
0.06708,0,0.2,0.6
0.0671,0,0.24,0.6
0.06712,0,0.2,0.6
0.06714,0,0.2,0.6
0.06716,0,0.2,0.6
0.06718,0,0.2,0.6
0.0672,0,0.2,0.6
0.06722,0,0.2,0.56
0.06724,0,0.24,0.6
0.06726,0,0.2,0.6
0.06728,0,0.2,0.6
0.0673,0,0.24,0.6
0.06732,0,0.24,0.6
0.06734,0,0.24,0.6
0.06736,0,0.2,0.6
0.06738,0,0.2,0.6
0.0674,0,0.24,0.6
0.06742,0,0.2,0.6
0.06744,0,0.2,0.6
0.06746,0,0.2,0.6
0.06748,0,0.2,0.56
0.0675,0,0.24,0.6
0.06752,0,0.2,0.6
0.06754,0,0.2,0.6
0.06756,0,0.2,0.56
0.06758,0,0.24,0.6
0.0676,0,0.2,0.6
0.06762,0,0.2,0.6
0.06764,0,0.2,0.6
0.06766,0,0.24,0.56
0.06768,0,0.2,0.6
0.0677,0,0.2,0.6
0.06772,0,0.2,0.6
0.06774,0,0.24,0.6
0.06776,0,0.2,0.56
0.06778,0,0.2,0.6
0.0678,0,0.2,0.6
0.06782,0.04,0.2,0.6
0.06784,0,0.2,0.6
0.06786,0,0.2,0.6
0.06788,0,0.2,0.56
0.0679,0,0.2,0.6
0.06792,0,0.24,0.6
0.06794,0,0.2,0.6
0.06796,0,0.2,0.6
0.06798,0,0.2,0.6
0.068,0,0.24,0.6
0.06802,0,0.2,0.6
0.06804,0,0.2,0.6
0.06806,0,0.2,0.6
0.06808,0,0.2,0.6
0.0681,0,0.2,0.6
0.06812,0,0.2,0.6
0.06814,0,0.2,0.6
0.06816,0,0.2,0.6
0.06818,0,0.2,0.6
0.0682,0,0.2,0.6
0.06822,0,0.2,0.6
0.06824,0,0.2,0.6
0.06826,0,0.2,0.6
0.06828,0,0.2,0.6
0.0683,0,0.24,0.6
0.06832,0,0.2,0.6
0.06834,0,0.2,0.56
0.06836,0,0.2,0.6
0.06838,0,0.2,0.6
0.0684,0,0.24,0.6
0.06842,0,0.2,0.6
0.06844,0,0.2,0.6
0.06846,0,0.2,0.6
0.06848,0,0.2,0.6
0.0685,0,0.2,0.6
0.06852,0.04,0.2,0.6
0.06854,0.04,0.24,0.6
0.06856,0,0.2,0.56
0.06858,0,0.2,0.6
0.0686,0,0.24,0.6
0.06862,0,0.2,0.6
0.06864,0,0.2,0.6
0.06866,0,0.2,0.6
0.06868,0,0.24,0.56
0.0687,0,0.2,0.6
0.06872,0.04,0.2,0.6
0.06874,0,0.2,0.6
0.06876,0,0.2,0.6
0.06878,0,0.2,0.6
0.0688,0,0.24,0.6
0.06882,0,0.2,0.6
0.06884,0,0.2,0.6
0.06886,0,0.24,0.6
0.06888,0,0.2,0.6
0.0689,0,0.2,0.6
0.06892,0,0.2,0.6
0.06894,0,0.2,0.6
0.06896,0,0.2,0.6
0.06898,0,0.2,0.56
0.069,0,0.2,0.6
0.06902,0,0.2,0.6
0.06904,0,0.2,0.6
0.06906,0,0.2,0.6
0.06908,0,0.2,0.6
0.0691,0,0.2,0.6
0.06912,0,0.2,0.6
0.06914,0,0.2,0.6
0.06916,0,0.2,0.6
0.06918,0,0.2,0.6
0.0692,0,0.2,0.6
0.06922,0,0.2,0.6
0.06924,0,0.2,0.6
0.06926,0,0.2,0.6
0.06928,0,0.2,0.6
0.0693,0,0.2,0.6
0.06932,0,0.2,0.6
0.06934,0,0.2,0.6
0.06936,0,0.2,0.6
0.06938,0,0.2,0.6
0.0694,0.04,0.2,0.6
0.06942,0,0.2,0.6
0.06944,0,0.2,0.6
0.06946,0,0.24,0.6
0.06948,0,0.2,0.56
0.0695,0,0.2,0.6
0.06952,0,0.2,0.6
0.06954,0,0.2,0.6
0.06956,0,0.2,0.6
0.06958,0,0.2,0.6
0.0696,0,0.2,0.6
0.06962,0,0.2,0.6
0.06964,0,0.2,0.6
0.06966,0,0.2,0.56
0.06968,0,0.2,0.6
0.0697,0,0.2,0.6
0.06972,0,0.2,0.6
0.06974,0,0.2,0.6
0.06976,0,0.2,0.56
0.06978,0,0.2,0.6
0.0698,0,0.2,0.6
0.06982,0,0.2,0.6
0.06984,0,0.24,0.6
0.06986,0,0.2,0.6
0.06988,0,0.2,0.6
0.0699,0,0.2,0.6
0.06992,0,0.2,0.6
0.06994,0,0.2,0.6
0.06996,0,0.2,0.6
0.06998,0,0.24,0.6
0.07,0,0.2,0.6
0.07002,0,0.2,0.6
0.07004,0,0.2,0.56
0.07006,0,0.24,0.6
0.07008,0,0.2,0.6
0.0701,0,0.2,0.6
0.07012,0,0.2,0.6
0.07014,0,0.24,0.6
0.07016,0,0.2,0.6
0.07018,0,0.2,0.6
0.0702,0,0.2,0.6
0.07022,0,0.2,0.6
0.07024,0,0.2,0.6
0.07026,0,0.2,0.6
0.07028,0,0.2,0.6
0.0703,0,0.2,0.6
0.07032,0,0.24,0.6
0.07034,0,0.24,0.6
0.07036,0,0.24,0.6
0.07038,0,0.2,0.56
0.0704,0,0.2,0.6
0.07042,0,0.2,0.6
0.07044,0,0.2,0.6
0.07046,0,0.2,0.6
0.07048,0,0.2,0.6
0.0705,0,0.24,0.6
0.07052,0,0.2,0.6
0.07054,0,0.2,0.6
0.07056,0,0.2,0.56
0.07058,0,0.24,0.6
0.0706,0,0.2,0.6
0.07062,0,0.2,0.6
0.07064,0,0.2,0.6
0.07066,0,0.2,0.6
0.07068,0,0.2,0.6
0.0707,0,0.2,0.6
0.07072,0,0.2,0.6
0.07074,0,0.2,0.56
0.07076,0,0.2,0.6
0.07078,0,0.2,0.56
0.0708,0,0.2,0.6
0.07082,0,0.2,0.6
0.07084,0,0.2,0.6
0.07086,0,0.2,0.6
0.07088,0,0.2,0.6
0.0709,0,0.2,0.6
0.07092,0,0.2,0.6
0.07094,0,0.2,0.56
0.07096,0,0.2,0.6
0.07098,0,0.2,0.6
0.071,0,0.2,0.56
0.07102,0,0.2,0.6
0.07104,0,0.24,0.6
0.07106,0,0.2,0.6
0.07108,0,0.2,0.6
0.0711,0,0.2,0.6
0.07112,0,0.2,0.6
0.07114,0,0.2,0.6
0.07116,0,0.2,0.6
0.07118,0,0.2,0.6
0.0712,0,0.2,0.56
0.07122,0,0.2,0.6
0.07124,0,0.2,0.56
0.07126,0,0.2,0.6
0.07128,0,0.2,0.6
0.0713,0,0.2,0.6
0.07132,0,0.2,0.6
0.07134,0,0.2,0.6
0.07136,0,0.2,0.6
0.07138,0,0.2,0.56
0.0714,0,0.2,0.6
0.07142,0,0.2,0.6
0.07144,0.04,0.2,0.6
0.07146,0,0.2,0.6
0.07148,0,0.2,0.6
0.0715,0,0.2,0.6
0.07152,0,0.2,0.6
0.07154,0,0.2,0.6
0.07156,0,0.2,0.6
0.07158,0,0.24,0.6
0.0716,0,0.2,0.56
0.07162,0,0.24,0.6
0.07164,0,0.24,0.6
0.07166,0,0.24,0.6
0.07168,0,0.2,0.6
0.0717,0,0.24,0.6
0.07172,0,0.24,0.6
0.07174,0,0.2,0.6
0.07176,0,0.2,0.6
0.07178,0,0.2,0.6
0.0718,0,0.2,0.6
0.07182,0,0.2,0.6
0.07184,0,0.2,0.6
0.07186,0,0.24,0.56
0.07188,0,0.2,0.6
0.0719,0,0.24,0.6
0.07192,0,0.2,0.6
0.07194,0,0.2,0.6
0.07196,0,0.2,0.6
0.07198,0,0.24,0.6
0.072,0,0.2,0.6
0.07202,0,0.24,0.6
0.07204,0,0.2,0.6
0.07206,0,0.2,0.6
0.07208,0,0.2,0.6
0.0721,0,0.2,0.6
0.07212,0,0.2,0.56
0.07214,0,0.2,0.6
0.07216,0,0.2,0.6
0.07218,0,0.2,0.6
0.0722,0,0.2,0.6
0.07222,0,0.2,0.6
0.07224,0,0.24,0.6
0.07226,0,0.2,0.6
0.07228,0,0.2,0.6
0.0723,0,0.2,0.56
0.07232,0,0.2,0.6
0.07234,0.04,0.2,0.6
0.07236,0,0.2,0.6
0.07238,0,0.24,0.6
0.0724,0,0.2,0.56
0.07242,0,0.2,0.6
0.07244,0,0.2,0.6
0.07246,0,0.2,0.56
0.07248,0,0.2,0.6
0.0725,0,0.2,0.6
0.07252,0,0.2,0.6
0.07254,0,0.2,0.6
0.07256,0,0.2,0.6
0.07258,0,0.2,0.6
0.0726,0,0.24,0.6
0.07262,0,0.2,0.6
0.07264,0,0.2,0.6
0.07266,0,0.2,0.56
0.07268,0,0.2,0.6
0.0727,0,0.2,0.56
0.07272,0,0.2,0.56
0.07274,0,0.2,0.6
0.07276,0.04,0.24,0.6
0.07278,0,0.2,0.6
0.0728,0,0.24,0.6
0.07282,0,0.2,0.6
0.07284,0,0.2,0.56
0.07286,0,0.2,0.6
0.07288,0,0.2,0.6
0.0729,0,0.2,0.6
0.07292,0,0.2,0.6
0.07294,0,0.2,0.6
0.07296,0,0.2,0.6
0.07298,0,0.2,0.56
0.073,0,0.24,0.6
0.07302,0,0.2,0.6
0.07304,0.04,0.24,0.6
0.07306,0,0.2,0.6
0.07308,0,0.2,0.6
0.0731,0,0.24,0.56
0.07312,0,0.2,0.6
0.07314,0,0.2,0.6
0.07316,0,0.2,0.6
0.07318,0,0.2,0.6
0.0732,0,0.2,0.56
0.07322,0,0.2,0.56
0.07324,0,0.2,0.6
0.07326,0,0.24,0.6
0.07328,0,0.2,0.6
0.0733,0,0.2,0.6
0.07332,0,0.2,0.6
0.07334,0,0.2,0.6
0.07336,0,0.2,0.6
0.07338,0,0.2,0.6
0.0734,0,0.2,0.6
0.07342,0,0.2,0.56
0.07344,0,0.2,0.6
0.07346,0,0.2,0.6
0.07348,0,0.2,0.6
0.0735,0,0.24,0.6
0.07352,0,0.2,0.6
0.07354,0,0.2,0.6
0.07356,0,0.2,0.6
0.07358,0,0.2,0.6
0.0736,0,0.2,0.6
0.07362,0,0.2,0.56
0.07364,0,0.2,0.6
0.07366,0,0.2,0.6
0.07368,0,0.2,0.6
0.0737,0,0.2,0.6
0.07372,0,0.2,0.6
0.07374,0,0.2,0.6
0.07376,0,0.2,0.56
0.07378,0,0.2,0.6
0.0738,0,0.2,0.6
0.07382,0,0.2,0.6
0.07384,0,0.24,0.6
0.07386,0,0.24,0.6
0.07388,0,0.2,0.6
0.0739,0,0.2,0.6
0.07392,0.04,0.24,0.6
0.07394,0,0.2,0.6
0.07396,0,0.2,0.6
0.07398,0,0.2,0.6
0.074,0,0.2,0.6
0.07402,0,0.2,0.6
0.07404,0,0.2,0.6
0.07406,0,0.2,0.6
0.07408,0,0.2,0.6
0.0741,0,0.24,0.6
0.07412,0,0.2,0.56
0.07414,0,0.24,0.6
0.07416,0,0.24,0.6
0.07418,0,0.2,0.56
0.0742,0,0.2,0.6
0.07422,0,0.2,0.6
0.07424,0,0.2,0.56
0.07426,0,0.2,0.6
0.07428,0,0.2,0.6
0.0743,0,0.2,0.6
0.07432,0,0.2,0.6
0.07434,0,0.2,0.6
0.07436,0,0.2,0.6
0.07438,0,0.2,0.6
0.0744,0,0.2,0.6
0.07442,0,0.2,0.56
0.07444,0,0.2,0.6
0.07446,0,0.2,0.6
0.07448,0,0.2,0.6
0.0745,0,0.2,0.6
0.07452,0,0.2,0.6
0.07454,0,0.2,0.6
0.07456,0,0.2,0.6
0.07458,0,0.2,0.56
0.0746,0.04,0.2,0.64
0.07462,0,0.2,0.6
0.07464,0,0.24,0.6
0.07466,0,0.2,0.6
0.07468,0,0.24,0.6
0.0747,0,0.24,0.6
0.07472,0.04,0.2,0.6
0.07474,0,0.2,0.6
0.07476,0,0.24,0.6
0.07478,0,0.2,0.6
0.0748,0,0.2,0.56
0.07482,0,0.2,0.56
0.07484,0,0.2,0.56
0.07486,0,0.2,0.56
0.07488,0,0.2,0.6
0.0749,0.04,0.2,0.6
0.07492,0,0.2,0.6
0.07494,0,0.2,0.6
0.07496,0,0.2,0.6
0.07498,0,0.2,0.6
0.075,0,0.2,0.6
0.07502,0,0.2,0.6
0.07504,0,0.2,0.6
0.07506,0,0.2,0.6
0.07508,0,0.2,0.6
0.0751,0,0.2,0.6
0.07512,0,0.2,0.6
0.07514,0.04,0.24,0.6
0.07516,0,0.24,0.6
0.07518,0,0.2,0.6
0.0752,0,0.2,0.6
0.07522,0,0.2,0.6
0.07524,0,0.2,0.6
0.07526,0,0.2,0.6
0.07528,0,0.2,0.56
0.0753,0.04,0.2,0.6
0.07532,0,0.24,0.6
0.07534,0,0.2,0.6
0.07536,0,0.2,0.56
0.07538,0,0.2,0.6
0.0754,0.04,0.2,0.6
0.07542,0,0.2,0.6
0.07544,0,0.2,0.6
0.07546,0,0.24,0.6
0.07548,0,0.2,0.6
0.0755,0,0.2,0.6
0.07552,0,0.2,0.6
0.07554,0,0.2,0.6
0.07556,0,0.2,0.6
0.07558,0,0.2,0.6
0.0756,0,0.2,0.6
0.07562,0,0.2,0.6
0.07564,0,0.2,0.6
0.07566,0,0.2,0.6
0.07568,0,0.24,0.56
0.0757,0,0.2,0.56
0.07572,0,0.2,0.6
0.07574,0,0.24,0.6
0.07576,0,0.2,0.6
0.07578,0,0.2,0.6
0.0758,0,0.2,0.6
0.07582,0,0.2,0.6
0.07584,0,0.2,0.6
0.07586,0,0.2,0.6
0.07588,0,0.2,0.6
0.0759,0,0.2,0.6
0.07592,0,0.24,0.6
0.07594,0,0.2,0.6
0.07596,0,0.2,0.56
0.07598,0,0.2,0.6
0.076,0,0.2,0.6
0.07602,0,0.2,0.6
0.07604,0,0.2,0.6
0.07606,0,0.2,0.56
0.07608,0,0.2,0.6
0.0761,0,0.24,0.6
0.07612,0,0.24,0.6
0.07614,0,0.2,0.6
0.07616,0,0.2,0.6
0.07618,0,0.2,0.6
0.0762,0,0.24,0.6
0.07622,0,0.2,0.6
0.07624,0,0.2,0.6
0.07626,0,0.2,0.6
0.07628,0,0.2,0.6
0.0763,0,0.2,0.6
0.07632,0,0.2,0.6
0.07634,0,0.2,0.6
0.07636,0,0.2,0.6
0.07638,0,0.2,0.6
0.0764,0,0.2,0.56
0.07642,0,0.2,0.6
0.07644,0,0.24,0.6
0.07646,0.04,0.2,0.6
0.07648,0,0.2,0.6
0.0765,0,0.2,0.56
0.07652,0,0.2,0.6
0.07654,0,0.2,0.6
0.07656,0,0.2,0.6
0.07658,0,0.2,0.6
0.0766,0,0.2,0.6
0.07662,0,0.2,0.6
0.07664,0,0.2,0.6
0.07666,0,0.2,0.6
0.07668,0,0.2,0.6
0.0767,0,0.2,0.56
0.07672,0,0.2,0.6
0.07674,0,0.2,0.6
0.07676,0,0.2,0.6
0.07678,0,0.2,0.6
0.0768,0,0.24,0.6
0.07682,0,0.2,0.6
0.07684,0,0.2,0.6
0.07686,0,0.2,0.6
0.07688,0,0.2,0.6
0.0769,0,0.2,0.6
0.07692,0,0.2,0.6
0.07694,0,0.2,0.6
0.07696,0,0.2,0.6
0.07698,0,0.2,0.6
0.077,0,0.24,0.6
0.07702,0,0.24,0.6
0.07704,0,0.2,0.6
0.07706,0,0.2,0.56
0.07708,0,0.24,0.6
0.0771,0,0.2,0.6
0.07712,0,0.2,0.6
0.07714,0,0.2,0.6
0.07716,0,0.2,0.56
0.07718,0,0.2,0.56
0.0772,0,0.2,0.6
0.07722,0,0.2,0.6
0.07724,0,0.2,0.6
0.07726,0,0.2,0.6
0.07728,0,0.24,0.6
0.0773,0,0.2,0.6
0.07732,0,0.2,0.6
0.07734,0,0.2,0.56
0.07736,0,0.24,0.6
0.07738,0,0.24,0.6
0.0774,0.04,0.24,0.6
0.07742,0,0.24,0.56
0.07744,0,0.2,0.56
0.07746,0,0.2,0.56
0.07748,0,0.2,0.6
0.0775,0,0.2,0.6
0.07752,0,0.2,0.6
0.07754,0,0.2,0.6
0.07756,0,0.2,0.6
0.07758,0,0.2,0.6
0.0776,0,0.2,0.56
0.07762,0,0.2,0.6
0.07764,0,0.2,0.6
0.07766,0,0.2,0.6
0.07768,0,0.2,0.56
0.0777,0,0.24,0.56
0.07772,0,0.2,0.56
0.07774,0,0.2,0.6
0.07776,0,0.2,0.6
0.07778,0,0.2,0.6
0.0778,0,0.2,0.6
0.07782,0,0.24,0.6
0.07784,0,0.2,0.6
0.07786,0.04,0.24,0.6
0.07788,0,0.2,0.6
0.0779,0,0.2,0.6
0.07792,0,0.2,0.6
0.07794,0,0.2,0.56
0.07796,0,0.2,0.6
0.07798,0,0.24,0.6
0.078,0,0.24,0.6
0.07802,0,0.2,0.56
0.07804,0,0.2,0.6
0.07806,0,0.2,0.6
0.07808,0,0.2,0.6
0.0781,0,0.2,0.56
0.07812,0,0.2,0.56
0.07814,0,0.2,0.6
0.07816,0,0.2,0.6
0.07818,0,0.2,0.56
0.0782,0,0.2,0.6
0.07822,0,0.2,0.6
0.07824,0,0.2,0.56
0.07826,0,0.2,0.6
0.07828,0,0.24,0.6
0.0783,0,0.24,0.6
0.07832,0,0.2,0.6
0.07834,0,0.2,0.6
0.07836,0,0.2,0.6
0.07838,0,0.24,0.6
0.0784,0,0.2,0.6
0.07842,0,0.2,0.6
0.07844,0,0.24,0.6
0.07846,0,0.2,0.6
0.07848,0,0.2,0.56
0.0785,0,0.24,0.6
0.07852,0.04,0.2,0.6
0.07854,0,0.2,0.6
0.07856,0,0.24,0.6
0.07858,0,0.2,0.6
0.0786,0,0.2,0.56
0.07862,0,0.2,0.6
0.07864,0,0.2,0.56
0.07866,0,0.2,0.6
0.07868,0,0.2,0.6
0.0787,0,0.2,0.6
0.07872,0.04,0.24,0.64
0.07874,0,0.2,0.6
0.07876,0.04,0.2,0.6
0.07878,0,0.24,0.6
0.0788,0,0.2,0.6
0.07882,0,0.2,0.6
0.07884,0,0.2,0.6
0.07886,0,0.2,0.56
0.07888,0,0.2,0.6
0.0789,0,0.2,0.6
0.07892,0,0.2,0.56
0.07894,0,0.2,0.6
0.07896,0,0.24,0.56
0.07898,0,0.2,0.6
0.079,0,0.24,0.6
0.07902,0,0.2,0.6
0.07904,0,0.2,0.6
0.07906,0,0.2,0.6
0.07908,0,0.2,0.6
0.0791,0,0.2,0.6
0.07912,0.04,0.24,0.6
0.07914,0,0.2,0.6
0.07916,0,0.2,0.6
0.07918,0,0.24,0.6
0.0792,0,0.2,0.6
0.07922,0,0.2,0.6
0.07924,0,0.2,0.6
0.07926,0,0.2,0.6
0.07928,0,0.2,0.6
0.0793,0,0.2,0.6
0.07932,0,0.2,0.6
0.07934,0,0.2,0.6
0.07936,0,0.2,0.56
0.07938,0,0.2,0.6
0.0794,0,0.2,0.6
0.07942,0.04,0.24,0.6
0.07944,0,0.2,0.6
0.07946,0,0.2,0.6
0.07948,0,0.2,0.6
0.0795,0.04,0.2,0.6
0.07952,0,0.2,0.6
0.07954,0,0.2,0.6
0.07956,0,0.2,0.6
0.07958,0,0.2,0.6
0.0796,0,0.2,0.6
0.07962,0,0.2,0.6
0.07964,0,0.2,0.6
0.07966,0,0.2,0.6
0.07968,0,0.2,0.6
0.0797,0,0.2,0.6
0.07972,0,0.2,0.6
0.07974,0,0.24,0.6
0.07976,0,0.2,0.6
0.07978,0,0.24,0.6
0.0798,0,0.2,0.6
0.07982,0,0.2,0.6
0.07984,0,0.2,0.6
0.07986,0,0.2,0.64
0.07988,0,0.2,0.6
0.0799,0,0.2,0.6
0.07992,0,0.2,0.56
0.07994,0,0.2,0.56
0.07996,0,0.2,0.6
0.07998,0,0.2,0.6
0.08,0,0.2,0.56
0.08002,0,0.24,0.6
0.08004,0,0.2,0.6
0.08006,0,0.24,0.6
0.08008,0,0.2,0.6
0.0801,0.04,0.24,0.6
0.08012,0,0.2,0.6
0.08014,0,0.24,0.6
0.08016,0,0.2,0.6
0.08018,0,0.2,0.56
0.0802,0,0.2,0.6
0.08022,0,0.2,0.6
0.08024,0,0.2,0.6
0.08026,0,0.2,0.6
0.08028,0,0.2,0.56
0.0803,0,0.2,0.6
0.08032,0,0.2,0.6
0.08034,0.04,0.2,0.56
0.08036,0,0.2,0.6
0.08038,0,0.2,0.6
0.0804,0.04,0.2,0.6
0.08042,0,0.2,0.6
0.08044,0.04,0.2,0.6
0.08046,0,0.2,0.6
0.08048,0,0.2,0.6
0.0805,0,0.2,0.6
0.08052,0,0.2,0.6
0.08054,0,0.2,0.6
0.08056,0,0.24,0.6
0.08058,0.04,0.2,0.56
0.0806,0,0.2,0.6
0.08062,0,0.24,0.6
0.08064,0,0.2,0.6
0.08066,0,0.24,0.6
0.08068,0,0.2,0.6
0.0807,0,0.2,0.6
0.08072,0,0.2,0.6
0.08074,0,0.2,0.64
0.08076,0,0.2,0.6
0.08078,0,0.2,0.6
0.0808,0,0.2,0.6
0.08082,0,0.2,0.6
0.08084,0,0.2,0.6
0.08086,0,0.2,0.6
0.08088,0,0.2,0.6
0.0809,0,0.2,0.6
0.08092,0,0.2,0.6
0.08094,0,0.2,0.56
0.08096,0,0.2,0.6
0.08098,0,0.2,0.6
0.081,0,0.24,0.6
0.08102,0,0.2,0.6
0.08104,0,0.2,0.6
0.08106,0,0.2,0.6
0.08108,0,0.24,0.56
0.0811,0,0.2,0.6
0.08112,0,0.2,0.6
0.08114,0,0.2,0.6
0.08116,0,0.2,0.6
0.08118,0,0.2,0.6
0.0812,0,0.2,0.6
0.08122,0,0.24,0.6
0.08124,0,0.2,0.6
0.08126,0,0.2,0.6
0.08128,0,0.2,0.6
0.0813,0,0.2,0.6
0.08132,0,0.2,0.6
0.08134,0,0.24,0.6
0.08136,0,0.2,0.6
0.08138,0,0.2,0.6
0.0814,0,0.2,0.6
0.08142,0,0.2,0.6
0.08144,0,0.2,0.6
0.08146,0,0.2,0.6
0.08148,0,0.2,0.56
0.0815,0,0.2,0.6
0.08152,0,0.2,0.6
0.08154,0,0.24,0.6
0.08156,0,0.24,0.6
0.08158,0,0.24,0.6
0.0816,0,0.2,0.6
0.08162,0,0.2,0.6
0.08164,0,0.24,0.6
0.08166,0,0.2,0.6
0.08168,0,0.24,0.56
0.0817,0,0.24,0.6
0.08172,0,0.2,0.6
0.08174,0,0.2,0.6
0.08176,0,0.2,0.6
0.08178,0,0.2,0.6
0.0818,0,0.2,0.6
0.08182,0,0.2,0.6
0.08184,0,0.2,0.56
0.08186,0,0.2,0.6
0.08188,0,0.2,0.6
0.0819,0,0.2,0.6
0.08192,0,0.2,0.6
0.08194,0,0.2,0.6
0.08196,0,0.24,0.6
0.08198,0.04,0.24,0.6
0.082,0,0.24,0.56
0.08202,0,0.2,0.6
0.08204,0,0.2,0.56
0.08206,0,0.2,0.6
0.08208,0,0.2,0.6
0.0821,0,0.2,0.6
0.08212,0,0.2,0.6
0.08214,0,0.2,0.6
0.08216,0,0.2,0.6
0.08218,0,0.2,0.6
0.0822,0,0.24,0.6
0.08222,0,0.2,0.6
0.08224,0,0.2,0.6
0.08226,0,0.2,0.6
0.08228,0,0.2,0.6
0.0823,0,0.2,0.6
0.08232,0,0.2,0.6
0.08234,0,0.2,0.6
0.08236,0,0.2,0.56
0.08238,0,0.2,0.6
0.0824,0,0.2,0.6
0.08242,0,0.2,0.6
0.08244,0,0.2,0.56
0.08246,0,0.2,0.6
0.08248,0,0.24,0.6
0.0825,0,0.24,0.6
0.08252,0,0.2,0.6
0.08254,0,0.2,0.6
0.08256,0,0.2,0.6
0.08258,0,0.2,0.6
0.0826,0,0.2,0.6
0.08262,0,0.2,0.6
0.08264,0,0.2,0.56
0.08266,0,0.2,0.6
0.08268,0,0.2,0.6
0.0827,0,0.2,0.6
0.08272,0,0.2,0.6
0.08274,0,0.2,0.56
0.08276,0,0.2,0.6
0.08278,0,0.2,0.6
0.0828,0.04,0.2,0.6
0.08282,0,0.2,0.6
0.08284,0,0.2,0.6
0.08286,0,0.2,0.6
0.08288,0,0.2,0.6
0.0829,0,0.2,0.6
0.08292,0,0.2,0.6
0.08294,0,0.2,0.6
0.08296,0,0.2,0.6
0.08298,0,0.2,0.6
0.083,0,0.2,0.6
0.08302,0,0.2,0.6
0.08304,0,0.2,0.56
0.08306,0,0.2,0.6
0.08308,0,0.2,0.6
0.0831,0,0.2,0.6
0.08312,0,0.2,0.6
0.08314,0,0.2,0.6
0.08316,0,0.2,0.6
0.08318,0,0.2,0.56
0.0832,0,0.2,0.56
0.08322,0,0.2,0.6
0.08324,0,0.2,0.6
0.08326,0,0.2,0.6
0.08328,0,0.2,0.6
0.0833,0,0.2,0.6
0.08332,0,0.2,0.6
0.08334,0,0.2,0.6
0.08336,0,0.2,0.6
0.08338,0,0.2,0.6
0.0834,0,0.2,0.6
0.08342,0,0.2,0.6
0.08344,0,0.2,0.56
0.08346,0,0.2,0.6
0.08348,0,0.2,0.6
0.0835,0,0.2,0.6
0.08352,0,0.2,0.6
0.08354,0,0.2,0.6
0.08356,0,0.2,0.6
0.08358,0,0.2,0.6
0.0836,0,0.2,0.6
0.08362,0,0.24,0.6
0.08364,0,0.2,0.56
0.08366,0,0.2,0.6
0.08368,0,0.2,0.6
0.0837,0,0.2,0.6
0.08372,0,0.2,0.6
0.08374,0,0.2,0.6
0.08376,0,0.2,0.56
0.08378,0,0.2,0.56
0.0838,0,0.2,0.56
0.08382,0,0.2,0.6
0.08384,0,0.2,0.6
0.08386,0,0.2,0.6
0.08388,0,0.2,0.56
0.0839,0,0.2,0.6
0.08392,0,0.2,0.6
0.08394,0,0.2,0.6
0.08396,0,0.2,0.6
0.08398,0,0.24,0.6
0.084,0,0.2,0.6
0.08402,0,0.2,0.6
0.08404,0,0.24,0.6
0.08406,0,0.2,0.6
0.08408,0,0.2,0.6
0.0841,0,0.2,0.6
0.08412,0,0.2,0.6
0.08414,0,0.2,0.6
0.08416,0,0.2,0.6
0.08418,0,0.2,0.56
0.0842,0.04,0.2,0.6
0.08422,0,0.24,0.6
0.08424,0,0.2,0.6
0.08426,0,0.2,0.6
0.08428,0,0.2,0.6
0.0843,0,0.2,0.6
0.08432,0,0.2,0.6
0.08434,0,0.2,0.56
0.08436,0,0.2,0.6
0.08438,0.04,0.24,0.64
0.0844,0,0.2,0.6
0.08442,0,0.2,0.6
0.08444,0,0.2,0.6
0.08446,0,0.2,0.6
0.08448,0,0.2,0.6
0.0845,0,0.24,0.6
0.08452,0,0.2,0.6
0.08454,0,0.2,0.6
0.08456,0,0.2,0.56
0.08458,0,0.24,0.6
0.0846,0,0.24,0.6
0.08462,0,0.2,0.56
0.08464,0,0.2,0.6
0.08466,0.04,0.2,0.6
0.08468,0,0.2,0.6
0.0847,0,0.2,0.56
0.08472,0,0.2,0.6
0.08474,0,0.2,0.6
0.08476,0,0.2,0.6
0.08478,0,0.2,0.56
0.0848,0,0.2,0.6
0.08482,0,0.2,0.6
0.08484,0,0.2,0.6
0.08486,0,0.24,0.6
0.08488,0,0.2,0.56
0.0849,0,0.2,0.6
0.08492,0,0.2,0.56
0.08494,0,0.2,0.56
0.08496,0,0.2,0.6
0.08498,0.04,0.2,0.6
0.085,0,0.2,0.6
0.08502,0,0.2,0.6
0.08504,0,0.2,0.6
0.08506,0,0.2,0.56
0.08508,0.04,0.2,0.6
0.0851,0,0.2,0.6
0.08512,0,0.2,0.6
0.08514,0,0.2,0.6
0.08516,0,0.2,0.6
0.08518,0,0.2,0.6
0.0852,0,0.2,0.6
0.08522,0,0.2,0.6
0.08524,0,0.2,0.6
0.08526,0,0.2,0.6
0.08528,0,0.2,0.6
0.0853,0,0.2,0.6
0.08532,0,0.2,0.6
0.08534,0,0.2,0.6
0.08536,0,0.2,0.6
0.08538,0,0.2,0.56
0.0854,0,0.2,0.6
0.08542,0,0.2,0.6
0.08544,0,0.24,0.6
0.08546,0,0.2,0.6
0.08548,0.04,0.2,0.56
0.0855,0,0.24,0.56
0.08552,0,0.2,0.6
0.08554,0,0.2,0.6
0.08556,0,0.24,0.56
0.08558,0,0.2,0.6
0.0856,0,0.2,0.6
0.08562,0,0.2,0.56
0.08564,0,0.2,0.6
0.08566,0,0.2,0.6
0.08568,0.04,0.2,0.6
0.0857,0,0.2,0.6
0.08572,0,0.2,0.6
0.08574,0,0.2,0.6
0.08576,0,0.2,0.56
0.08578,0,0.2,0.6
0.0858,0,0.2,0.6
0.08582,0,0.24,0.6
0.08584,0,0.2,0.6
0.08586,0,0.2,0.6
0.08588,0,0.2,0.6
0.0859,0,0.2,0.6
0.08592,0,0.24,0.6
0.08594,0,0.2,0.6
0.08596,0,0.2,0.6
0.08598,0,0.2,0.6
0.086,0,0.2,0.56
0.08602,0,0.24,0.6
0.08604,0,0.2,0.56
0.08606,0,0.2,0.6
0.08608,0,0.2,0.6
0.0861,0,0.24,0.6
0.08612,0,0.2,0.6
0.08614,0,0.2,0.6
0.08616,0,0.2,0.6
0.08618,0,0.2,0.6
0.0862,0,0.2,0.6
0.08622,0,0.24,0.6
0.08624,0,0.2,0.6
0.08626,0,0.2,0.6
0.08628,0,0.2,0.6
0.0863,0,0.2,0.6
0.08632,0,0.2,0.6
0.08634,0,0.24,0.6
0.08636,0,0.2,0.6
0.08638,0,0.2,0.56
0.0864,0,0.2,0.6
0.08642,0,0.24,0.56
0.08644,0,0.2,0.6
0.08646,0,0.2,0.6
0.08648,0,0.2,0.6
0.0865,0,0.2,0.6
0.08652,0,0.2,0.56
0.08654,0,0.2,0.6
0.08656,0,0.2,0.6
0.08658,0,0.24,0.6
0.0866,0,0.2,0.6
0.08662,0,0.2,0.6
0.08664,0,0.2,0.6
0.08666,0,0.2,0.6
0.08668,0,0.2,0.6
0.0867,0,0.2,0.6
0.08672,0,0.2,0.56
0.08674,0.04,0.2,0.6
0.08676,0,0.24,0.6
0.08678,0,0.2,0.6
0.0868,0,0.24,0.56
0.08682,0,0.24,0.6
0.08684,0,0.2,0.6
0.08686,0,0.2,0.6
0.08688,0,0.2,0.6
0.0869,0,0.2,0.6
0.08692,0,0.2,0.6
0.08694,0,0.2,0.6
0.08696,0,0.2,0.6
0.08698,0,0.2,0.6
0.087,0,0.2,0.6
0.08702,0,0.2,0.6
0.08704,0,0.2,0.6
0.08706,0,0.2,0.56
0.08708,0,0.2,0.6
0.0871,0,0.2,0.56
0.08712,0,0.2,0.56
0.08714,0,0.2,0.6
0.08716,0,0.2,0.6
0.08718,0,0.24,0.6
0.0872,0,0.2,0.6
0.08722,0,0.2,0.6
0.08724,0,0.2,0.6
0.08726,0,0.2,0.6
0.08728,0,0.2,0.6
0.0873,0,0.2,0.56
0.08732,0,0.2,0.6
0.08734,0,0.2,0.6
0.08736,0,0.2,0.6
0.08738,0,0.2,0.56
0.0874,0,0.2,0.6
0.08742,0,0.24,0.6
0.08744,0,0.2,0.6
0.08746,0,0.2,0.6
0.08748,0,0.2,0.6
0.0875,0,0.2,0.6
0.08752,0,0.2,0.56
0.08754,0,0.2,0.6
0.08756,0,0.2,0.6
0.08758,0,0.2,0.56
0.0876,0,0.2,0.6
0.08762,0,0.2,0.6
0.08764,0,0.2,0.6
0.08766,0.04,0.2,0.6
0.08768,0,0.2,0.6
0.0877,0,0.2,0.6
0.08772,0,0.2,0.56
0.08774,0,0.2,0.6
0.08776,0,0.2,0.6
0.08778,0.04,0.2,0.6
0.0878,0,0.2,0.6
0.08782,0,0.2,0.6
0.08784,0,0.2,0.6
0.08786,0,0.2,0.6
0.08788,0,0.2,0.6
0.0879,0,0.2,0.6
0.08792,0,0.2,0.6
0.08794,0,0.2,0.6
0.08796,0,0.2,0.56
0.08798,0,0.2,0.6
0.088,0,0.2,0.56
0.08802,0,0.2,0.6
0.08804,0,0.2,0.56
0.08806,0,0.2,0.6
0.08808,0,0.2,0.6
0.0881,0,0.2,0.6
0.08812,0,0.2,0.6
0.08814,0,0.2,0.64
0.08816,0,0.2,0.6
0.08818,0,0.2,0.56
0.0882,0,0.2,0.6
0.08822,0,0.2,0.6
0.08824,0,0.24,0.6
0.08826,0,0.24,0.6
0.08828,0,0.2,0.6
0.0883,0,0.2,0.6
0.08832,0,0.2,0.6
0.08834,0,0.2,0.6
0.08836,0,0.2,0.6
0.08838,0,0.2,0.6
0.0884,0,0.2,0.6
0.08842,0,0.2,0.6
0.08844,0,0.2,0.6
0.08846,0,0.2,0.6
0.08848,0,0.2,0.6
0.0885,0,0.2,0.6
0.08852,0,0.2,0.56
0.08854,0,0.2,0.56
0.08856,0,0.2,0.6
0.08858,0,0.2,0.6
0.0886,0,0.2,0.6
0.08862,0,0.2,0.6
0.08864,0,0.2,0.6
0.08866,0,0.2,0.6
0.08868,0,0.2,0.56
0.0887,0,0.2,0.56
0.08872,0,0.24,0.6
0.08874,0,0.2,0.6
0.08876,0,0.2,0.56
0.08878,0,0.2,0.6
0.0888,0,0.2,0.56
0.08882,0,0.2,0.6
0.08884,0,0.2,0.6
0.08886,0,0.2,0.6
0.08888,0,0.2,0.6
0.0889,0,0.2,0.6
0.08892,0,0.2,0.6
0.08894,0,0.2,0.56
0.08896,0,0.2,0.56
0.08898,0,0.2,0.6
0.089,0,0.2,0.6
0.08902,0,0.2,0.6
0.08904,0,0.2,0.6
0.08906,0,0.2,0.6
0.08908,0,0.24,0.6
0.0891,0,0.2,0.6
0.08912,0,0.2,0.6
0.08914,0,0.2,0.56
0.08916,0,0.24,0.6
0.08918,0.04,0.2,0.6
0.0892,0,0.2,0.6
0.08922,0,0.2,0.6
0.08924,0,0.2,0.6
0.08926,0,0.2,0.6
0.08928,0,0.2,0.6
0.0893,0,0.2,0.6
0.08932,0,0.2,0.6
0.08934,0,0.2,0.6
0.08936,0,0.2,0.6
0.08938,0,0.2,0.6
0.0894,0,0.2,0.6
0.08942,0,0.2,0.56
0.08944,0,0.2,0.6
0.08946,0,0.2,0.56
0.08948,0,0.2,0.6
0.0895,0,0.2,0.6
0.08952,0,0.2,0.6
0.08954,0,0.2,0.6
0.08956,0,0.2,0.6
0.08958,0,0.2,0.56
0.0896,0,0.2,0.6
0.08962,0,0.2,0.6
0.08964,0,0.2,0.56
0.08966,0,0.2,0.56
0.08968,0,0.2,0.6
0.0897,0,0.2,0.6
0.08972,0,0.2,0.6
0.08974,0.04,0.2,0.6
0.08976,0,0.2,0.6
0.08978,0,0.2,0.6
0.0898,0.04,0.2,0.6
0.08982,0,0.24,0.6
0.08984,0,0.2,0.6
0.08986,0,0.2,0.6
0.08988,0,0.2,0.6
0.0899,0,0.2,0.6
0.08992,0,0.2,0.6
0.08994,0,0.2,0.6
0.08996,0,0.2,0.6
0.08998,0,0.2,0.6
0.09,0,0.2,0.56
0.09002,0,0.2,0.6
0.09004,0,0.2,0.6
0.09006,0,0.2,0.6
0.09008,0,0.2,0.6
0.0901,0,0.2,0.6
0.09012,0,0.2,0.6
0.09014,0,0.2,0.6
0.09016,0,0.2,0.56
0.09018,0,0.2,0.6
0.0902,0,0.2,0.6
0.09022,0,0.2,0.6
0.09024,0,0.2,0.6
0.09026,0,0.2,0.6
0.09028,0.04,0.2,0.6
0.0903,0,0.2,0.56
0.09032,0,0.2,0.6
0.09034,0,0.2,0.6
0.09036,0,0.2,0.6
0.09038,0,0.2,0.6
0.0904,0,0.2,0.56
0.09042,0,0.2,0.6
0.09044,0,0.24,0.6
0.09046,0,0.2,0.6
0.09048,0.04,0.2,0.6
0.0905,0,0.2,0.56
0.09052,0,0.24,0.6
0.09054,0,0.2,0.6
0.09056,0,0.2,0.6
0.09058,0,0.2,0.6
0.0906,0,0.2,0.6
0.09062,0,0.2,0.6
0.09064,0,0.2,0.6
0.09066,0,0.2,0.6
0.09068,0,0.24,0.6
0.0907,0,0.2,0.56
0.09072,0,0.2,0.6
0.09074,0,0.2,0.6
0.09076,0,0.2,0.6
0.09078,0,0.2,0.6
0.0908,0,0.2,0.6
0.09082,0,0.2,0.6
0.09084,0,0.2,0.6
0.09086,0,0.2,0.6
0.09088,0,0.2,0.6
0.0909,0,0.2,0.56
0.09092,0,0.2,0.6
0.09094,0,0.2,0.6
0.09096,0,0.2,0.56
0.09098,0,0.2,0.6
0.091,0,0.2,0.6
0.09102,0,0.2,0.6
0.09104,0,0.2,0.6
0.09106,0,0.2,0.6
0.09108,0,0.2,0.6
0.0911,0,0.2,0.56
0.09112,0,0.2,0.56
0.09114,0,0.24,0.6
0.09116,0,0.2,0.6
0.09118,0,0.2,0.6
0.0912,0,0.2,0.6
0.09122,0,0.2,0.56
0.09124,0,0.24,0.6
0.09126,0.04,0.2,0.56
0.09128,0,0.2,0.6
0.0913,0,0.24,0.6
0.09132,0,0.24,0.6
0.09134,0,0.2,0.56
0.09136,0,0.24,0.6
0.09138,0,0.2,0.6
0.0914,0,0.2,0.6
0.09142,0,0.2,0.6
0.09144,0.04,0.2,0.6
0.09146,0,0.24,0.6
0.09148,0,0.2,0.6
0.0915,0,0.2,0.6
0.09152,0,0.2,0.6
0.09154,0.04,0.24,0.6
0.09156,0,0.2,0.6
0.09158,0,0.2,0.56
0.0916,0,0.2,0.6
0.09162,0,0.2,0.6
0.09164,0,0.2,0.6
0.09166,0,0.24,0.6
0.09168,0,0.2,0.6
0.0917,0,0.24,0.6
0.09172,0,0.2,0.6
0.09174,0.04,0.24,0.6
0.09176,0,0.2,0.6
0.09178,0,0.2,0.6
0.0918,0,0.24,0.6
0.09182,0,0.2,0.6
0.09184,0,0.2,0.6
0.09186,0.04,0.2,0.6
0.09188,0,0.2,0.6
0.0919,0,0.2,0.6
0.09192,0,0.2,0.6
0.09194,0,0.2,0.6
0.09196,0,0.2,0.6
0.09198,0,0.24,0.6
0.092,0,0.2,0.56
0.09202,0,0.2,0.6
0.09204,0,0.2,0.6
0.09206,0,0.2,0.6
0.09208,0,0.2,0.6
0.0921,0,0.2,0.6
0.09212,0,0.2,0.6
0.09214,0.04,0.24,0.6
0.09216,0,0.24,0.6
0.09218,0,0.2,0.6
0.0922,0,0.2,0.6
0.09222,0,0.2,0.6
0.09224,0,0.2,0.6
0.09226,0,0.2,0.6
0.09228,0,0.2,0.6
0.0923,0,0.2,0.6
0.09232,0,0.2,0.6
0.09234,0,0.2,0.6
0.09236,0,0.2,0.6
0.09238,0,0.2,0.6
0.0924,0,0.2,0.56
0.09242,0,0.2,0.6
0.09244,0,0.2,0.6
0.09246,0,0.2,0.6
0.09248,0,0.2,0.6
0.0925,0,0.2,0.6
0.09252,0,0.2,0.6
0.09254,0,0.2,0.6
0.09256,0,0.2,0.6
0.09258,0,0.24,0.6
0.0926,0,0.2,0.6
0.09262,0,0.2,0.6
0.09264,0,0.2,0.6
0.09266,0,0.2,0.6
0.09268,0,0.2,0.6
0.0927,0,0.2,0.56
0.09272,0,0.2,0.6
0.09274,0,0.2,0.6
0.09276,0,0.24,0.6
0.09278,0,0.2,0.6
0.0928,0,0.24,0.6
0.09282,0,0.2,0.6
0.09284,0,0.2,0.6
0.09286,0,0.2,0.6
0.09288,0,0.2,0.6
0.0929,0,0.2,0.56
0.09292,0,0.24,0.6
0.09294,0.04,0.2,0.6
0.09296,0,0.2,0.6
0.09298,0,0.2,0.6
0.093,0,0.2,0.6
0.09302,0,0.2,0.6
0.09304,0,0.2,0.6
0.09306,0,0.2,0.56
0.09308,0,0.2,0.6
0.0931,0.04,0.2,0.6
0.09312,0,0.2,0.6
0.09314,0,0.2,0.6
0.09316,0,0.2,0.6
0.09318,0,0.2,0.6
0.0932,0,0.2,0.6
0.09322,0,0.2,0.6
0.09324,0,0.2,0.6
0.09326,0,0.2,0.6
0.09328,0,0.24,0.6
0.0933,0,0.2,0.6
0.09332,0,0.2,0.6
0.09334,0,0.2,0.6
0.09336,0,0.2,0.6
0.09338,0,0.2,0.56
0.0934,0,0.2,0.6
0.09342,0,0.2,0.6
0.09344,0,0.2,0.6
0.09346,0,0.2,0.6
0.09348,0,0.24,0.6
0.0935,0,0.2,0.6
0.09352,0,0.2,0.6
0.09354,0,0.2,0.6
0.09356,0,0.2,0.6
0.09358,0,0.2,0.6
0.0936,0,0.2,0.6
0.09362,0,0.2,0.6
0.09364,0,0.2,0.6
0.09366,0,0.2,0.6
0.09368,0,0.2,0.6
0.0937,0,0.2,0.6
0.09372,0,0.2,0.6
0.09374,0.04,0.2,0.6
0.09376,0,0.2,0.6
0.09378,0,0.2,0.6
0.0938,0,0.2,0.6
0.09382,0,0.2,0.6
0.09384,0,0.2,0.56
0.09386,0,0.2,0.6
0.09388,0,0.2,0.64
0.0939,0,0.2,0.6
0.09392,0,0.2,0.6
0.09394,0,0.2,0.6
0.09396,0,0.2,0.56
0.09398,0,0.2,0.6
0.094,0,0.24,0.6
0.09402,0,0.2,0.6
0.09404,0,0.2,0.6
0.09406,0,0.2,0.6
0.09408,0,0.2,0.56
0.0941,0,0.2,0.6
0.09412,0,0.2,0.6
0.09414,0,0.2,0.6
0.09416,0,0.2,0.56
0.09418,0,0.2,0.6
0.0942,0,0.2,0.6
0.09422,0,0.2,0.6
0.09424,0,0.2,0.6
0.09426,0,0.2,0.56
0.09428,0,0.2,0.6
0.0943,0,0.2,0.56
0.09432,0.04,0.24,0.64
0.09434,0,0.2,0.6
0.09436,0,0.2,0.56
0.09438,0,0.2,0.6
0.0944,0,0.2,0.6
0.09442,0,0.2,0.56
0.09444,0,0.2,0.6
0.09446,0,0.2,0.6
0.09448,0,0.24,0.6
0.0945,0,0.2,0.6
0.09452,0,0.24,0.56
0.09454,0,0.2,0.6
0.09456,0,0.2,0.6
0.09458,0,0.2,0.6
0.0946,0,0.2,0.6
0.09462,0,0.2,0.6
0.09464,0,0.2,0.6
0.09466,0,0.24,0.6
0.09468,0,0.2,0.6
0.0947,0,0.2,0.6
0.09472,0,0.2,0.6
0.09474,0,0.24,0.6
0.09476,0,0.24,0.64
0.09478,0,0.2,0.6
0.0948,0,0.2,0.6
0.09482,0,0.2,0.6
0.09484,0,0.2,0.56
0.09486,0,0.2,0.6
0.09488,0,0.2,0.6
0.0949,0,0.2,0.56
0.09492,0,0.2,0.6
0.09494,0,0.2,0.6
0.09496,0,0.2,0.6
0.09498,0,0.2,0.6
0.095,0,0.24,0.6
0.09502,0,0.2,0.56
0.09504,0,0.2,0.56
0.09506,0,0.2,0.6
0.09508,0,0.2,0.6
0.0951,0,0.2,0.6
0.09512,0,0.2,0.6
0.09514,0,0.2,0.6
0.09516,0,0.2,0.56
0.09518,0,0.2,0.6
0.0952,0,0.2,0.6
0.09522,0,0.2,0.6
0.09524,0,0.2,0.6
0.09526,0,0.2,0.56
0.09528,0,0.2,0.6
0.0953,0,0.2,0.56
0.09532,0,0.24,0.56
0.09534,0,0.2,0.6
0.09536,0,0.2,0.6
0.09538,0,0.2,0.6
0.0954,0,0.2,0.56
0.09542,0,0.2,0.6
0.09544,0,0.2,0.6
0.09546,0,0.2,0.6
0.09548,0,0.2,0.6
0.0955,0,0.2,0.56
0.09552,0,0.2,0.6
0.09554,0,0.2,0.6
0.09556,0,0.2,0.56
0.09558,0,0.2,0.6
0.0956,0,0.2,0.6
0.09562,0,0.2,0.56
0.09564,0,0.2,0.6
0.09566,0,0.2,0.6
0.09568,0,0.2,0.6
0.0957,0,0.2,0.6
0.09572,0,0.2,0.6
0.09574,0,0.24,0.6
0.09576,0,0.2,0.56
0.09578,0,0.2,0.6
0.0958,0,0.24,0.6
0.09582,0,0.2,0.56
0.09584,0,0.2,0.6
0.09586,0,0.2,0.6
0.09588,0,0.2,0.6
0.0959,0,0.2,0.6
0.09592,0,0.2,0.6
0.09594,0,0.2,0.6
0.09596,0,0.2,0.6
0.09598,0,0.2,0.56
0.096,0,0.2,0.6
0.09602,0,0.2,0.6
0.09604,0,0.2,0.6
0.09606,0,0.2,0.6
0.09608,0,0.2,0.6
0.0961,0,0.2,0.6
0.09612,0,0.2,0.6
0.09614,0,0.2,0.6
0.09616,0,0.2,0.6
0.09618,0,0.2,0.6
0.0962,0,0.2,0.6
0.09622,0,0.2,0.6
0.09624,0,0.2,0.6
0.09626,0,0.2,0.56
0.09628,0,0.2,0.6
0.0963,0,0.2,0.6
0.09632,0,0.2,0.6
0.09634,0,0.2,0.6
0.09636,0,0.2,0.6
0.09638,0,0.2,0.6
0.0964,0,0.24,0.6
0.09642,0,0.2,0.6
0.09644,0,0.2,0.6
0.09646,0,0.2,0.6
0.09648,0,0.2,0.6
0.0965,0,0.24,0.6
0.09652,0,0.2,0.6
0.09654,0,0.2,0.6
0.09656,0,0.2,0.6
0.09658,0,0.2,0.6
0.0966,0,0.2,0.56
0.09662,0,0.2,0.6
0.09664,0,0.24,0.6
0.09666,0,0.2,0.6
0.09668,0,0.2,0.6
0.0967,0,0.2,0.6
0.09672,0,0.24,0.6
0.09674,0,0.2,0.6
0.09676,0,0.2,0.6
0.09678,0,0.2,0.6
0.0968,0,0.24,0.56
0.09682,0,0.24,0.6
0.09684,0,0.2,0.56
0.09686,0,0.2,0.6
0.09688,0,0.2,0.6
0.0969,0,0.2,0.6
0.09692,0,0.2,0.6
0.09694,0,0.2,0.6
0.09696,0,0.2,0.6
0.09698,0,0.2,0.56
0.097,0,0.24,0.6
0.09702,0,0.2,0.6
0.09704,0,0.2,0.6
0.09706,0,0.2,0.6
0.09708,0,0.2,0.6
0.0971,0.04,0.24,0.6
0.09712,0,0.2,0.6
0.09714,0,0.2,0.6
0.09716,0,0.2,0.6
0.09718,0,0.2,0.6
0.0972,0,0.2,0.6
0.09722,0,0.2,0.6
0.09724,0,0.2,0.6
0.09726,0.04,0.2,0.6
0.09728,0,0.2,0.6
0.0973,0,0.2,0.56
0.09732,0,0.2,0.56
0.09734,0,0.2,0.6
0.09736,0,0.2,0.6
0.09738,0,0.2,0.6
0.0974,0,0.2,0.6
0.09742,0,0.2,0.56
0.09744,0,0.2,0.6
0.09746,0,0.24,0.6
0.09748,0.04,0.2,0.6
0.0975,0,0.2,0.6
0.09752,0,0.2,0.6
0.09754,0,0.2,0.6
0.09756,0,0.2,0.6
0.09758,0,0.2,0.6
0.0976,0,0.2,0.6
0.09762,0,0.2,0.6
0.09764,0,0.2,0.6
0.09766,0,0.2,0.6
0.09768,0,0.2,0.6
0.0977,0,0.2,0.6
0.09772,0,0.2,0.6
0.09774,0,0.2,0.6
0.09776,0,0.2,0.6
0.09778,0,0.2,0.6
0.0978,0,0.2,0.56
0.09782,0,0.2,0.56
0.09784,0,0.2,0.6
0.09786,0,0.2,0.56
0.09788,0,0.2,0.6
0.0979,0,0.2,0.6
0.09792,0,0.2,0.6
0.09794,0,0.2,0.56
0.09796,0,0.2,0.56
0.09798,0,0.2,0.56
0.098,0,0.2,0.6
0.09802,0,0.2,0.6
0.09804,0,0.2,0.6
0.09806,0,0.2,0.6
0.09808,0,0.2,0.6
0.0981,0,0.2,0.56
0.09812,0,0.2,0.6
0.09814,0,0.2,0.6
0.09816,0,0.2,0.6
0.09818,0,0.2,0.6
0.0982,0.04,0.2,0.6
0.09822,0,0.2,0.6
0.09824,0,0.2,0.6
0.09826,0,0.2,0.6
0.09828,0,0.2,0.56
0.0983,0,0.2,0.6
0.09832,0,0.24,0.64
0.09834,0,0.2,0.6
0.09836,0,0.2,0.56
0.09838,0,0.2,0.6
0.0984,0,0.2,0.56
0.09842,0,0.24,0.6
0.09844,0,0.2,0.6
0.09846,0,0.2,0.6
0.09848,0,0.2,0.56
0.0985,0,0.2,0.6
0.09852,0,0.2,0.6
0.09854,0,0.2,0.6
0.09856,0,0.2,0.6
0.09858,0,0.2,0.6
0.0986,0,0.2,0.6
0.09862,0,0.2,0.6
0.09864,0,0.2,0.6
0.09866,0,0.2,0.6
0.09868,0,0.2,0.6
0.0987,0,0.2,0.6
0.09872,0,0.2,0.56
0.09874,0,0.2,0.6
0.09876,0,0.2,0.6
0.09878,0,0.2,0.6
0.0988,0,0.2,0.6
0.09882,0,0.2,0.6
0.09884,0,0.2,0.6
0.09886,0,0.2,0.6
0.09888,0,0.2,0.6
0.0989,0,0.2,0.6
0.09892,0,0.2,0.56
0.09894,0.04,0.2,0.6
0.09896,0,0.2,0.6
0.09898,0,0.2,0.6
0.099,0,0.2,0.6
0.09902,0,0.24,0.6
0.09904,0,0.24,0.6
0.09906,0,0.2,0.56
0.09908,0,0.2,0.6
0.0991,0,0.2,0.6
0.09912,0,0.2,0.6
0.09914,0,0.2,0.6
0.09916,0,0.2,0.6
0.09918,0,0.2,0.6
0.0992,0,0.2,0.56
0.09922,0,0.2,0.6
0.09924,0,0.2,0.6
0.09926,0,0.2,0.6
0.09928,0,0.2,0.6
0.0993,0,0.2,0.6
0.09932,0,0.24,0.6
0.09934,0,0.2,0.56
0.09936,0,0.24,0.6
0.09938,0,0.24,0.6
0.0994,0,0.2,0.6
0.09942,0,0.2,0.6
0.09944,0,0.2,0.6
0.09946,0,0.24,0.6
0.09948,0,0.2,0.6
0.0995,0,0.2,0.6
0.09952,0,0.2,0.6
0.09954,0,0.2,0.6
0.09956,0,0.2,0.6
0.09958,0,0.2,0.56
0.0996,0,0.2,0.56
0.09962,0,0.2,0.6
0.09964,0,0.2,0.6
0.09966,0,0.2,0.6
0.09968,0,0.2,0.6
0.0997,0,0.2,0.6
0.09972,0,0.2,0.6
0.09974,0,0.2,0.6
0.09976,0,0.2,0.6
0.09978,0,0.2,0.6
0.0998,0,0.2,0.6
0.09982,0,0.2,0.6
0.09984,0,0.2,0.6
0.09986,0,0.2,0.6
0.09988,0,0.2,0.6
0.0999,0,0.2,0.56
0.09992,0,0.2,0.6
0.09994,0,0.2,0.56
0.09996,0,0.2,0.6
0.09998,0.04,0.2,0.6
0.1,0,0.2,0.56
0.10002,3.76,0.24,0.6
0.10004,3.76,0.2,0.6
0.10006,3.76,0.24,0.6
0.10008,3.76,0.2,0.6
0.1001,3.76,0.2,0.6
0.10012,3.76,0.2,0.6
0.10014,3.76,0.2,0.6
0.10016,3.76,0.2,0.6
0.10018,3.76,0.2,0.6
0.1002,3.76,0.2,0.6
0.10022,3.76,0.2,0.6
0.10024,3.76,0.2,0.6
0.10026,3.76,0.2,0.6
0.10028,3.76,0.2,0.6
0.1003,3.76,0.2,0.6
0.10032,3.76,0.2,0.6
0.10034,3.76,0.2,0.6
0.10036,3.76,0.2,0.6
0.10038,3.76,2.64,0.6
0.1004,3.76,2.64,0.6
0.10042,3.76,2.64,0.6
0.10044,3.76,2.64,0.6
0.10046,3.76,2.64,0.6
0.10048,3.76,2.64,0.6
0.1005,3.76,2.64,0.6
0.10052,3.76,2.64,0.6
0.10054,3.76,2.64,0.6
0.10056,3.76,2.64,0.56
0.10058,3.76,2.64,0.6
0.1006,3.76,2.64,0.6
0.10062,3.76,2.64,0.6
0.10064,3.76,2.64,0.6
0.10066,3.76,2.64,0.6
0.10068,3.76,2.64,0.6
0.1007,3.76,2.64,0.6
0.10072,3.76,2.64,0.6
0.10074,3.76,2.64,0.64
0.10076,3.76,2.64,0.6
0.10078,3.76,2.6,0.6
0.1008,3.76,2.64,0.6
0.10082,3.76,2.64,0.6
0.10084,3.76,2.64,0.6
0.10086,3.76,2.64,0.6
0.10088,3.76,2.64,0.6
0.1009,3.76,2.64,0.6
0.10092,3.76,2.64,0.6
0.10094,3.76,2.64,0.6
0.10096,3.76,2.64,0.6
0.10098,3.76,2.64,0.6
0.101,3.76,2.64,0.6
0.10102,3.76,2.64,0.6
0.10104,3.76,2.64,0.6
0.10106,3.76,2.64,0.6
0.10108,3.76,2.64,0.6
0.1011,3.76,2.6,0.6
0.10112,3.76,2.64,0.6
0.10114,3.76,2.64,0.6
0.10116,3.76,2.6,0.6
0.10118,3.76,2.64,0.6
0.1012,3.76,2.64,0.6
0.10122,3.76,2.64,0.6
0.10124,3.76,2.64,0.6
0.10126,3.76,2.64,0.6
0.10128,3.76,2.64,0.64
0.1013,3.76,2.64,0.6
0.10132,3.76,2.64,0.6
0.10134,3.76,2.64,0.6
0.10136,3.76,2.64,0.6
0.10138,3.76,2.64,0.6
0.1014,3.76,2.6,0.6
0.10142,3.76,2.64,0.6
0.10144,3.76,2.64,0.64
0.10146,3.76,2.64,0.64
0.10148,3.76,2.64,0.64
0.1015,3.76,2.64,0.6
0.10152,3.76,2.64,0.64
0.10154,3.76,2.64,0.6
0.10156,3.76,2.64,0.64
0.10158,3.76,2.64,0.6
0.1016,3.76,2.64,0.64
0.10162,3.76,2.64,0.6
0.10164,3.76,2.64,0.6
0.10166,3.76,2.64,0.64
0.10168,3.76,2.64,0.64
0.1017,3.76,2.64,0.6
0.10172,3.76,2.64,0.6
0.10174,3.76,2.64,0.64
0.10176,3.76,2.64,0.64
0.10178,3.76,2.64,0.64
0.1018,3.76,2.64,0.64
0.10182,3.76,2.64,0.6
0.10184,3.76,2.64,0.64
0.10186,3.76,2.64,0.6
0.10188,3.76,2.64,0.64
0.1019,3.76,2.64,0.64
0.10192,3.76,2.64,0.64
0.10194,3.76,2.64,0.6
0.10196,3.76,2.64,0.6
0.10198,3.76,2.64,0.64
0.102,3.76,2.64,0.64
0.10202,3.76,2.64,0.64
0.10204,3.76,2.64,0.6
0.10206,3.76,2.64,0.64
0.10208,3.76,2.64,0.64
0.1021,3.76,2.64,0.64
0.10212,3.76,2.64,0.64
0.10214,3.76,2.64,0.64
0.10216,3.76,2.64,0.64
0.10218,3.76,2.64,0.64
0.1022,3.76,2.64,0.64
0.10222,3.76,2.64,0.64
0.10224,3.76,2.64,0.64
0.10226,3.76,2.64,0.6
0.10228,3.76,2.64,0.64
0.1023,3.76,2.64,0.64
0.10232,3.76,2.64,0.64
0.10234,3.76,2.64,0.64
0.10236,3.76,2.64,0.64
0.10238,3.76,2.64,0.64
0.1024,3.76,2.64,0.64
0.10242,3.76,2.64,0.64
0.10244,3.76,2.64,0.64
0.10246,3.76,2.64,0.64
0.10248,3.76,2.64,0.64
0.1025,3.76,2.64,0.64
0.10252,3.76,2.64,0.64
0.10254,3.76,2.64,0.64
0.10256,3.76,2.6,0.64
0.10258,3.76,2.64,0.64
0.1026,3.76,2.64,0.68
0.10262,3.76,2.64,0.64
0.10264,3.76,2.64,0.64
0.10266,3.76,2.64,0.64
0.10268,3.76,2.64,0.64
0.1027,3.8,2.64,0.64
0.10272,3.76,2.64,0.68
0.10274,3.76,2.64,0.64
0.10276,3.76,2.64,0.64
0.10278,3.76,2.64,0.64
0.1028,3.76,2.64,0.64
0.10282,3.76,2.64,0.64
0.10284,3.76,2.64,0.64
0.10286,3.76,2.64,0.64
0.10288,3.76,2.64,0.68
0.1029,3.76,2.64,0.68
0.10292,3.76,2.6,0.64
0.10294,3.76,2.6,0.64
0.10296,3.76,2.64,0.64
0.10298,3.76,2.64,0.64
0.103,3.76,2.64,0.64
0.10302,3.76,2.64,0.64
0.10304,3.76,2.64,0.64
0.10306,3.76,2.64,0.64
0.10308,3.76,2.64,0.68
0.1031,3.76,2.64,0.64
0.10312,3.76,2.64,0.68
0.10314,3.76,2.6,0.64
0.10316,3.76,2.6,0.64
0.10318,3.76,2.64,0.64
0.1032,3.76,2.64,0.68
0.10322,3.76,2.64,0.64
0.10324,3.76,2.64,0.64
0.10326,3.76,2.64,0.64
0.10328,3.76,2.64,0.68
0.1033,3.76,2.64,0.68
0.10332,3.76,2.64,0.64
0.10334,3.76,2.64,0.64
0.10336,3.76,2.6,0.68
0.10338,3.76,2.64,0.68
0.1034,3.76,2.64,0.64
0.10342,3.76,2.64,0.68
0.10344,3.76,2.64,0.68
0.10346,3.76,2.64,0.64
0.10348,3.76,2.64,0.64
0.1035,3.76,2.64,0.68
0.10352,3.76,2.64,0.68
0.10354,3.76,2.64,0.68
0.10356,3.76,2.64,0.68
0.10358,3.8,2.64,0.68
0.1036,3.76,2.64,0.68
0.10362,3.76,2.6,0.68
0.10364,3.76,2.64,0.64
0.10366,3.76,2.64,0.68
0.10368,3.76,2.64,0.68
0.1037,3.76,2.64,0.64
0.10372,3.76,2.64,0.68
0.10374,3.76,2.64,0.68
0.10376,3.76,2.64,0.68
0.10378,3.76,2.64,0.68
0.1038,3.76,2.64,0.68
0.10382,3.76,2.64,0.68
0.10384,3.76,2.64,0.64
0.10386,3.76,2.64,0.68
0.10388,3.76,2.64,0.68
0.1039,3.76,2.64,0.68
0.10392,3.76,2.64,0.68
0.10394,3.76,2.64,0.68
0.10396,3.76,2.64,0.68
0.10398,3.76,2.64,0.68
0.104,3.76,2.64,0.64
0.10402,3.76,2.6,0.64
0.10404,3.76,2.64,0.68
0.10406,3.76,2.64,0.68
0.10408,3.76,2.64,0.68
0.1041,3.76,2.64,0.68
0.10412,3.76,2.64,0.68
0.10414,3.76,2.64,0.68
0.10416,3.76,2.64,0.68
0.10418,3.76,2.64,0.68
0.1042,3.76,2.64,0.68
0.10422,3.76,2.64,0.68
0.10424,3.76,2.64,0.68
0.10426,3.76,2.64,0.68
0.10428,3.76,2.64,0.68
0.1043,3.76,2.64,0.68
0.10432,3.76,2.64,0.68
0.10434,3.76,2.64,0.68
0.10436,3.76,2.64,0.68
0.10438,3.76,2.64,0.68
0.1044,3.76,2.64,0.68
0.10442,3.76,2.6,0.68
0.10444,3.76,2.64,0.68
0.10446,3.76,2.64,0.72
0.10448,3.76,2.64,0.72
0.1045,3.76,2.64,0.68
0.10452,3.76,2.64,0.68
0.10454,3.76,2.64,0.68
0.10456,3.76,2.64,0.68
0.10458,3.76,2.64,0.68
0.1046,3.76,2.64,0.68
0.10462,3.76,2.64,0.68
0.10464,3.76,2.64,0.68
0.10466,3.76,2.64,0.68
0.10468,3.76,2.64,0.68
0.1047,3.76,2.6,0.68
0.10472,3.76,2.64,0.68
0.10474,3.76,2.64,0.68
0.10476,3.76,2.64,0.68
0.10478,3.76,2.64,0.68
0.1048,3.76,2.64,0.68
0.10482,3.76,2.64,0.68
0.10484,3.76,2.64,0.68
0.10486,3.76,2.64,0.72
0.10488,3.76,2.64,0.68
0.1049,3.76,2.64,0.68
0.10492,3.76,2.6,0.68
0.10494,3.76,2.64,0.68
0.10496,3.76,2.64,0.68
0.10498,3.76,2.64,0.68
0.105,3.76,2.64,0.68
0.10502,3.76,2.64,0.68
0.10504,3.76,2.64,0.68
0.10506,3.76,2.64,0.68
0.10508,3.76,2.64,0.68
0.1051,3.76,2.64,0.68
0.10512,3.76,2.64,0.68
0.10514,3.76,2.64,0.68
0.10516,3.76,2.64,0.68
0.10518,3.76,2.64,0.72
0.1052,3.76,2.64,0.68
0.10522,3.76,2.64,0.68
0.10524,3.76,2.64,0.68
0.10526,3.76,2.64,0.68
0.10528,3.76,2.64,0.68
0.1053,3.76,2.64,0.68
0.10532,3.76,2.64,0.72
0.10534,3.76,2.64,0.68
0.10536,3.76,2.64,0.72
0.10538,3.76,2.6,0.68
0.1054,3.76,2.6,0.68
0.10542,3.76,2.64,0.68
0.10544,3.76,2.64,0.68
0.10546,3.76,2.64,0.72
0.10548,3.76,2.64,0.72
0.1055,3.76,2.64,0.72
0.10552,3.76,2.64,0.72
0.10554,3.76,2.64,0.68
0.10556,3.76,2.64,0.72
0.10558,3.76,2.64,0.72
0.1056,3.76,2.64,0.68
0.10562,3.76,2.64,0.68
0.10564,3.76,2.64,0.68
0.10566,3.76,2.64,0.72
0.10568,3.76,2.64,0.72
0.1057,3.76,2.64,0.68
0.10572,3.76,2.64,0.72
0.10574,3.76,2.64,0.68
0.10576,3.76,2.64,0.72
0.10578,3.76,2.64,0.72
0.1058,3.76,2.64,0.68
0.10582,3.76,2.64,0.68
0.10584,3.72,2.64,0.68
0.10586,3.76,2.64,0.68
0.10588,3.76,2.64,0.72
0.1059,3.76,2.64,0.72
0.10592,3.76,2.64,0.68
0.10594,3.76,2.64,0.72
0.10596,3.76,2.64,0.68
0.10598,3.76,2.64,0.72
0.106,3.76,2.64,0.68
0.10602,3.76,2.64,0.72
0.10604,3.76,2.64,0.68
0.10606,3.76,2.64,0.72
0.10608,3.76,2.64,0.72
0.1061,3.76,2.64,0.72
0.10612,3.76,2.64,0.72
0.10614,3.76,2.64,0.72
0.10616,3.76,2.64,0.72
0.10618,3.76,2.64,0.72
0.1062,3.76,2.64,0.72
0.10622,3.76,2.64,0.72
0.10624,3.76,2.64,0.72
0.10626,3.76,2.64,0.72
0.10628,3.76,2.64,0.72
0.1063,3.76,2.64,0.72
0.10632,3.76,2.64,0.72
0.10634,3.76,2.64,0.72
0.10636,3.76,2.64,0.72
0.10638,3.76,2.64,0.72
0.1064,3.76,2.64,0.72
0.10642,3.76,2.64,0.72
0.10644,3.76,2.64,0.72
0.10646,3.76,2.64,0.72
0.10648,3.76,2.64,0.72
0.1065,3.76,2.64,0.72
0.10652,3.76,2.64,0.72
0.10654,3.76,2.64,0.72
0.10656,3.76,2.64,0.72
0.10658,3.76,2.64,0.72
0.1066,3.76,2.64,0.72
0.10662,3.76,2.64,0.72
0.10664,3.76,2.64,0.72
0.10666,3.76,2.64,0.72
0.10668,3.76,2.64,0.72
0.1067,3.76,2.64,0.72
0.10672,3.76,2.64,0.72
0.10674,3.76,2.6,0.72
0.10676,3.76,2.64,0.72
0.10678,3.76,2.64,0.72
0.1068,3.76,2.64,0.72
0.10682,3.76,2.64,0.72
0.10684,3.76,2.64,0.72
0.10686,3.76,2.64,0.76
0.10688,3.76,2.64,0.72
0.1069,3.76,2.64,0.72
0.10692,3.76,2.64,0.72
0.10694,3.76,2.64,0.72
0.10696,3.76,2.64,0.72
0.10698,3.76,2.64,0.72
0.107,3.76,2.64,0.72
0.10702,3.76,2.64,0.76
0.10704,3.76,2.64,0.72
0.10706,3.76,2.64,0.72
0.10708,3.76,2.64,0.72
0.1071,3.76,2.64,0.72
0.10712,3.76,2.64,0.76
0.10714,3.76,2.64,0.72
0.10716,3.76,2.64,0.72
0.10718,3.76,2.64,0.76
0.1072,3.76,2.64,0.72
0.10722,3.76,2.64,0.72
0.10724,3.76,2.64,0.72
0.10726,3.76,2.64,0.72
0.10728,3.76,2.64,0.72
0.1073,3.76,2.64,0.72
0.10732,3.76,2.64,0.72
0.10734,3.76,2.64,0.76
0.10736,3.76,2.64,0.72
0.10738,3.76,2.64,0.72
0.1074,3.76,2.6,0.72
0.10742,3.76,2.64,0.72
0.10744,3.76,2.64,0.76
0.10746,3.76,2.64,0.72
0.10748,3.76,2.64,0.76
0.1075,3.76,2.64,0.72
0.10752,3.76,2.64,0.76
0.10754,3.76,2.64,0.76
0.10756,3.76,2.64,0.76
0.10758,3.76,2.64,0.72
0.1076,3.76,2.64,0.76
0.10762,3.76,2.64,0.72
0.10764,3.76,2.64,0.72
0.10766,3.76,2.64,0.72
0.10768,3.76,2.64,0.76
0.1077,3.76,2.64,0.76
0.10772,3.76,2.64,0.76
0.10774,3.76,2.64,0.76
0.10776,3.76,2.64,0.76
0.10778,3.76,2.64,0.76
0.1078,3.76,2.64,0.76
0.10782,3.76,2.64,0.76
0.10784,3.76,2.64,0.76
0.10786,3.76,2.64,0.76
0.10788,3.76,2.64,0.76
0.1079,3.76,2.64,0.72
0.10792,3.76,2.64,0.76
0.10794,3.76,2.64,0.76
0.10796,3.76,2.64,0.76
0.10798,3.76,2.64,0.76
0.108,3.76,2.64,0.76
0.10802,3.76,2.64,0.76
0.10804,3.76,2.64,0.76
0.10806,3.76,2.64,0.76
0.10808,3.76,2.64,0.76
0.1081,3.76,2.64,0.72
0.10812,3.76,2.64,0.76
0.10814,3.76,2.64,0.76
0.10816,3.76,2.64,0.76
0.10818,3.72,2.64,0.76
0.1082,3.76,2.64,0.72
0.10822,3.76,2.64,0.76
0.10824,3.76,2.64,0.72
0.10826,3.76,2.64,0.76
0.10828,3.76,2.64,0.76
0.1083,3.76,2.64,0.76
0.10832,3.76,2.64,0.76
0.10834,3.76,2.64,0.76
0.10836,3.76,2.64,0.76
0.10838,3.76,2.64,0.76
0.1084,3.76,2.64,0.76
0.10842,3.76,2.64,0.76
0.10844,3.76,2.64,0.76
0.10846,3.76,2.6,0.76
0.10848,3.76,2.64,0.76
0.1085,3.76,2.64,0.8
0.10852,3.76,2.64,0.76
0.10854,3.76,2.64,0.76
0.10856,3.76,2.64,0.76
0.10858,3.76,2.64,0.76
0.1086,3.76,2.64,0.76
0.10862,3.76,2.64,0.76
0.10864,3.76,2.64,0.76
0.10866,3.76,2.64,0.76
0.10868,3.76,2.64,0.76
0.1087,3.76,2.64,0.76
0.10872,3.76,2.64,0.76
0.10874,3.76,2.6,0.76
0.10876,3.76,2.64,0.76
0.10878,3.76,2.64,0.76
0.1088,3.76,2.64,0.76
0.10882,3.76,2.64,0.76
0.10884,3.76,2.64,0.76
0.10886,3.76,2.64,0.76
0.10888,3.76,2.64,0.76
0.1089,3.76,2.64,0.76
0.10892,3.76,2.64,0.76
0.10894,3.76,2.64,0.76
0.10896,3.76,2.64,0.76
0.10898,3.76,2.64,0.76
0.109,3.76,2.64,0.76
0.10902,3.76,2.64,0.76
0.10904,3.76,2.64,0.76
0.10906,3.76,2.64,0.76
0.10908,3.76,2.64,0.8
0.1091,3.76,2.64,0.76
0.10912,3.76,2.64,0.76
0.10914,3.76,2.64,0.8
0.10916,3.76,2.64,0.76
0.10918,3.76,2.6,0.76
0.1092,3.76,2.64,0.76
0.10922,3.76,2.64,0.76
0.10924,3.76,2.64,0.76
0.10926,3.76,2.64,0.76
0.10928,3.76,2.64,0.76
0.1093,3.76,2.64,0.76
0.10932,3.76,2.64,0.76
0.10934,3.76,2.64,0.76
0.10936,3.76,2.64,0.8
0.10938,3.76,2.64,0.76
0.1094,3.76,2.64,0.76
0.10942,3.76,2.6,0.76
0.10944,3.76,2.64,0.76
0.10946,3.76,2.64,0.8
0.10948,3.76,2.64,0.8
0.1095,3.76,2.64,0.76
0.10952,3.76,2.64,0.76
0.10954,3.76,2.64,0.76
0.10956,3.76,2.6,0.8
0.10958,3.76,2.64,0.76
0.1096,3.72,2.64,0.76
0.10962,3.76,2.64,0.76
0.10964,3.76,2.64,0.76
0.10966,3.76,2.64,0.76
0.10968,3.76,2.6,0.8
0.1097,3.76,2.64,0.8
0.10972,3.76,2.64,0.76
0.10974,3.76,2.64,0.8
0.10976,3.76,2.64,0.8
0.10978,3.76,2.64,0.76
0.1098,3.76,2.64,0.8
0.10982,3.76,2.64,0.76
0.10984,3.76,2.64,0.8
0.10986,3.76,2.64,0.8
0.10988,3.76,2.64,0.8
0.1099,3.76,2.64,0.8
0.10992,3.76,2.64,0.8
0.10994,3.76,2.64,0.8
0.10996,3.76,2.64,0.76
0.10998,3.76,2.64,0.8
0.11,3.76,2.64,0.76
0.11002,3.76,2.64,0.76
0.11004,3.76,2.64,0.8
0.11006,3.76,2.64,0.8
0.11008,3.76,2.64,0.8
0.1101,3.76,2.64,0.76
0.11012,3.76,2.64,0.8
0.11014,3.76,2.64,0.8
0.11016,3.76,2.64,0.8
0.11018,3.76,2.6,0.8
0.1102,3.76,2.64,0.84
0.11022,3.76,2.64,0.8
0.11024,3.76,2.64,0.8
0.11026,3.76,2.64,0.8
0.11028,3.76,2.64,0.8
0.1103,3.76,2.64,0.8
0.11032,3.76,2.6,0.8
0.11034,3.76,2.64,0.8
0.11036,3.76,2.64,0.8
0.11038,3.76,2.64,0.8
0.1104,3.76,2.64,0.8
0.11042,3.76,2.64,0.8
0.11044,3.76,2.64,0.8
0.11046,3.76,2.64,0.8
0.11048,3.76,2.64,0.8
0.1105,3.76,2.64,0.8
0.11052,3.76,2.64,0.8
0.11054,3.76,2.64,0.8
0.11056,3.76,2.64,0.8
0.11058,3.76,2.64,0.8
0.1106,3.76,2.64,0.8
0.11062,3.76,2.64,0.8
0.11064,3.76,2.64,0.8
0.11066,3.76,2.64,0.8
0.11068,3.76,2.64,0.8
0.1107,3.76,2.64,0.8
0.11072,3.76,2.6,0.8
0.11074,3.76,2.64,0.8
0.11076,3.76,2.64,0.8
0.11078,3.76,2.64,0.8
0.1108,3.76,2.64,0.8
0.11082,3.76,2.64,0.8
0.11084,3.76,2.64,0.8
0.11086,3.76,2.64,0.8
0.11088,3.76,2.64,0.8
0.1109,3.76,2.64,0.8
0.11092,3.76,2.64,0.8
0.11094,3.76,2.64,0.8
0.11096,3.8,2.64,0.8
0.11098,3.76,2.64,0.8
0.111,3.76,2.64,0.8
0.11102,3.76,2.64,0.8
0.11104,3.76,2.64,0.8
0.11106,3.76,2.64,0.8
0.11108,3.76,2.64,0.8
0.1111,3.76,2.64,0.8
0.11112,3.76,2.64,0.8
0.11114,3.76,2.64,0.8
0.11116,3.76,2.64,0.8
0.11118,3.76,2.64,0.8
0.1112,3.76,2.64,0.8
0.11122,3.76,2.6,0.8
0.11124,3.76,2.64,0.8
0.11126,3.76,2.64,0.8
0.11128,3.76,2.64,0.8
0.1113,3.76,2.64,0.8
0.11132,3.76,2.64,0.8
0.11134,3.76,2.64,0.8
0.11136,3.76,2.64,0.8
0.11138,3.76,2.64,0.8
0.1114,3.76,2.64,0.8
0.11142,3.76,2.64,0.84
0.11144,3.76,2.64,0.8
0.11146,3.76,2.64,0.84
0.11148,3.76,2.64,0.8
0.1115,3.76,2.64,0.8
0.11152,3.76,2.64,0.8
0.11154,3.76,2.64,0.8
0.11156,3.76,2.64,0.84
0.11158,3.76,2.64,0.8
0.1116,3.76,2.64,0.8
0.11162,3.76,2.64,0.8
0.11164,3.76,2.64,0.84
0.11166,3.76,2.64,0.8
0.11168,3.76,2.64,0.84
0.1117,3.76,2.64,0.84
0.11172,3.76,2.64,0.8
0.11174,3.76,2.64,0.84
0.11176,3.76,2.64,0.8
0.11178,3.76,2.64,0.84
0.1118,3.76,2.64,0.8
0.11182,3.76,2.64,0.8
0.11184,3.76,2.64,0.8
0.11186,3.76,2.64,0.84
0.11188,3.76,2.64,0.8
0.1119,3.72,2.64,0.8
0.11192,3.76,2.64,0.8
0.11194,3.76,2.64,0.8
0.11196,3.76,2.64,0.8
0.11198,3.76,2.64,0.8
0.112,3.76,2.64,0.84
0.11202,3.76,2.64,0.8
0.11204,3.76,2.64,0.84
0.11206,3.76,2.64,0.84
0.11208,3.76,2.64,0.84
0.1121,3.76,2.64,0.8
0.11212,3.76,2.64,0.8
0.11214,3.76,2.64,0.84
0.11216,3.76,2.64,0.84
0.11218,3.76,2.64,0.84
0.1122,3.76,2.64,0.84
0.11222,3.76,2.64,0.84
0.11224,3.76,2.64,0.8
0.11226,3.76,2.64,0.84
0.11228,3.76,2.64,0.84
0.1123,3.76,2.64,0.84
0.11232,3.76,2.64,0.84
0.11234,3.76,2.64,0.84
0.11236,3.76,2.64,0.84
0.11238,3.76,2.64,0.8
0.1124,3.76,2.64,0.84
0.11242,3.76,2.6,0.84
0.11244,3.8,2.64,0.84
0.11246,3.76,2.64,0.84
0.11248,3.76,2.64,0.84
0.1125,3.76,2.64,0.84
0.11252,3.76,2.64,0.84
0.11254,3.76,2.64,0.84
0.11256,3.76,2.64,0.84
0.11258,3.76,2.64,0.84
0.1126,3.76,2.64,0.84
0.11262,3.76,2.64,0.84
0.11264,3.76,2.64,0.84
0.11266,3.76,2.64,0.84
0.11268,3.76,2.64,0.84
0.1127,3.76,2.64,0.84
0.11272,3.76,2.64,0.84
0.11274,3.76,2.64,0.88
0.11276,3.76,2.6,0.84
0.11278,3.76,2.64,0.84
0.1128,3.76,2.64,0.84
0.11282,3.76,2.64,0.84
0.11284,3.76,2.6,0.84
0.11286,3.76,2.64,0.84
0.11288,3.76,2.64,0.84
0.1129,3.76,2.64,0.84
0.11292,3.76,2.64,0.84
0.11294,3.76,2.64,0.88
0.11296,3.76,2.64,0.84
0.11298,3.76,2.64,0.84
0.113,3.76,2.64,0.84
0.11302,3.76,2.64,0.84
0.11304,3.76,2.64,0.84
0.11306,3.76,2.64,0.84
0.11308,3.76,2.64,0.84
0.1131,3.76,2.64,0.84
0.11312,3.76,2.64,0.84
0.11314,3.76,2.64,0.84
0.11316,3.76,2.64,0.84
0.11318,3.76,2.64,0.88
0.1132,3.76,2.64,0.84
0.11322,3.76,2.64,0.84
0.11324,3.76,2.64,0.84
0.11326,3.76,2.64,0.84
0.11328,3.76,2.64,0.84
0.1133,3.76,2.64,0.84
0.11332,3.76,2.64,0.88
0.11334,3.76,2.64,0.84
0.11336,3.76,2.6,0.84
0.11338,3.76,2.64,0.84
0.1134,3.76,2.64,0.84
0.11342,3.76,2.64,0.84
0.11344,3.76,2.64,0.88
0.11346,3.76,2.64,0.84
0.11348,3.76,2.64,0.84
0.1135,3.76,2.64,0.88
0.11352,3.76,2.64,0.84
0.11354,3.76,2.64,0.88
0.11356,3.76,2.64,0.84
0.11358,3.76,2.64,0.84
0.1136,3.76,2.64,0.84
0.11362,3.76,2.64,0.84
0.11364,3.76,2.64,0.84
0.11366,3.76,2.64,0.84
0.11368,3.72,2.6,0.88
0.1137,3.76,2.64,0.88
0.11372,3.76,2.64,0.88
0.11374,3.76,2.64,0.84
0.11376,3.76,2.6,0.84
0.11378,3.76,2.64,0.84
0.1138,3.76,2.64,0.84
0.11382,3.76,2.64,0.88
0.11384,3.76,2.64,0.88
0.11386,3.76,2.64,0.84
0.11388,3.76,2.64,0.88
0.1139,3.76,2.64,0.84
0.11392,3.76,2.64,0.88
0.11394,3.76,2.64,0.88
0.11396,3.76,2.64,0.84
0.11398,3.76,2.64,0.88
0.114,3.76,2.64,0.88
0.11402,3.76,2.64,0.88
0.11404,3.76,2.6,0.84
0.11406,3.76,2.64,0.88
0.11408,3.76,2.64,0.88
0.1141,3.76,2.64,0.84
0.11412,3.76,2.64,0.84
0.11414,3.76,2.64,0.84
0.11416,3.76,2.64,0.88
0.11418,3.76,2.64,0.88
0.1142,3.76,2.64,0.88
0.11422,3.76,2.64,0.88
0.11424,3.76,2.64,0.88
0.11426,3.76,2.64,0.88
0.11428,3.76,2.64,0.88
0.1143,3.76,2.64,0.88
0.11432,3.76,2.6,0.88
0.11434,3.76,2.64,0.84
0.11436,3.76,2.64,0.88
0.11438,3.76,2.6,0.88
0.1144,3.76,2.64,0.88
0.11442,3.76,2.6,0.88
0.11444,3.76,2.64,0.88
0.11446,3.76,2.64,0.88
0.11448,3.76,2.64,0.88
0.1145,3.76,2.64,0.88
0.11452,3.76,2.6,0.88
0.11454,3.76,2.64,0.88
0.11456,3.76,2.64,0.88
0.11458,3.76,2.64,0.88
0.1146,3.76,2.64,0.88
0.11462,3.76,2.64,0.88
0.11464,3.76,2.64,0.88
0.11466,3.76,2.64,0.88
0.11468,3.76,2.64,0.88
0.1147,3.76,2.64,0.88
0.11472,3.76,2.64,0.88
0.11474,3.76,2.64,0.88
0.11476,3.76,2.64,0.88
0.11478,3.76,2.64,0.88
0.1148,3.76,2.64,0.88
0.11482,3.76,2.64,0.88
0.11484,3.76,2.64,0.88
0.11486,3.76,2.64,0.88
0.11488,3.76,2.64,0.88
0.1149,3.76,2.64,0.88
0.11492,3.76,2.64,0.88
0.11494,3.76,2.64,0.88
0.11496,3.76,2.64,0.88
0.11498,3.76,2.64,0.88
0.115,3.76,2.64,0.88
0.11502,3.76,2.64,0.88
0.11504,3.76,2.64,0.88
0.11506,3.76,2.64,0.84
0.11508,3.76,2.64,0.88
0.1151,3.76,2.64,0.88
0.11512,3.76,2.6,0.88
0.11514,3.76,2.64,0.88
0.11516,3.76,2.64,0.88
0.11518,3.76,2.6,0.88
0.1152,3.76,2.64,0.88
0.11522,3.76,2.64,0.88
0.11524,3.76,2.64,0.88
0.11526,3.76,2.64,0.92
0.11528,3.76,2.64,0.88
0.1153,3.76,2.64,0.88
0.11532,3.76,2.64,0.88
0.11534,3.76,2.64,0.88
0.11536,3.76,2.64,0.88
0.11538,3.76,2.64,0.92
0.1154,3.76,2.64,0.88
0.11542,3.76,2.64,0.88
0.11544,3.76,2.64,0.92
0.11546,3.76,2.64,0.88
0.11548,3.76,2.64,0.88
0.1155,3.76,2.64,0.88
0.11552,3.76,2.64,0.88
0.11554,3.76,2.64,0.88
0.11556,3.76,2.64,0.92
0.11558,3.76,2.64,0.88
0.1156,3.76,2.64,0.88
0.11562,3.76,2.64,0.88
0.11564,3.76,2.64,0.88
0.11566,3.76,2.64,0.88
0.11568,3.76,2.64,0.92
0.1157,3.76,2.64,0.88
0.11572,3.76,2.64,0.88
0.11574,3.76,2.64,0.92
0.11576,3.76,2.6,0.88
0.11578,3.76,2.64,0.88
0.1158,3.76,2.64,0.92
0.11582,3.76,2.64,0.92
0.11584,3.76,2.64,0.92
0.11586,3.76,2.64,0.88
0.11588,3.76,2.64,0.88
0.1159,3.76,2.64,0.88
0.11592,3.76,2.64,0.88
0.11594,3.76,2.64,0.88
0.11596,3.76,2.64,0.92
0.11598,3.76,2.64,0.92
0.116,3.76,2.64,0.88
0.11602,3.76,2.64,0.88
0.11604,3.76,2.64,0.92
0.11606,3.76,2.64,0.88
0.11608,3.76,2.64,0.92
0.1161,3.76,2.6,0.88
0.11612,3.76,2.64,0.88
0.11614,3.76,2.64,0.92
0.11616,3.76,2.64,0.92
0.11618,3.76,2.64,0.88
0.1162,3.76,2.64,0.88
0.11622,3.76,2.64,0.92
0.11624,3.76,2.64,0.92
0.11626,3.76,2.64,0.92
0.11628,3.76,2.64,0.92
0.1163,3.76,2.64,0.92
0.11632,3.76,2.64,0.88
0.11634,3.76,2.64,0.92
0.11636,3.76,2.64,0.92
0.11638,3.76,2.64,0.92
0.1164,3.76,2.64,0.92
0.11642,3.76,2.64,0.92
0.11644,3.76,2.64,0.92
0.11646,3.76,2.64,0.92
0.11648,3.76,2.6,0.92
0.1165,3.76,2.64,0.92
0.11652,3.76,2.64,0.92
0.11654,3.76,2.64,0.92
0.11656,3.76,2.64,0.92
0.11658,3.76,2.6,0.92
0.1166,3.76,2.64,0.88
0.11662,3.76,2.64,0.92
0.11664,3.76,2.64,0.92
0.11666,3.76,2.64,0.92
0.11668,3.76,2.64,0.92
0.1167,3.76,2.64,0.92
0.11672,3.76,2.64,0.92
0.11674,3.76,2.64,0.92
0.11676,3.76,2.64,0.92
0.11678,3.76,2.64,0.92
0.1168,3.76,2.6,0.92
0.11682,3.76,2.64,0.92
0.11684,3.76,2.64,0.92
0.11686,3.76,2.6,0.92
0.11688,3.76,2.6,0.92
0.1169,3.76,2.64,0.92
0.11692,3.76,2.64,0.92
0.11694,3.76,2.64,0.92
0.11696,3.76,2.64,0.92
0.11698,3.76,2.64,0.92
0.117,3.76,2.64,0.92
0.11702,3.76,2.64,0.92
0.11704,3.76,2.64,0.92
0.11706,3.76,2.64,0.92
0.11708,3.76,2.64,0.92
0.1171,3.76,2.64,0.92
0.11712,3.76,2.64,0.92
0.11714,3.76,2.64,0.92
0.11716,3.76,2.64,0.92
0.11718,3.76,2.64,0.88
0.1172,3.76,2.64,0.92
0.11722,3.76,2.64,0.92
0.11724,3.76,2.6,0.92
0.11726,3.76,2.64,0.92
0.11728,3.76,2.64,0.92
0.1173,3.76,2.64,0.92
0.11732,3.76,2.64,0.92
0.11734,3.76,2.64,0.92
0.11736,3.76,2.64,0.92
0.11738,3.76,2.64,0.92
0.1174,3.76,2.64,0.96
0.11742,3.76,2.64,0.92
0.11744,3.76,2.64,0.96
0.11746,3.76,2.64,0.92
0.11748,3.76,2.64,0.92
0.1175,3.76,2.64,0.92
0.11752,3.76,2.64,0.92
0.11754,3.76,2.64,0.96
0.11756,3.76,2.64,0.92
0.11758,3.76,2.64,0.92
0.1176,3.76,2.64,0.92
0.11762,3.76,2.6,0.92
0.11764,3.76,2.64,0.92
0.11766,3.76,2.64,0.96
0.11768,3.76,2.64,0.92
0.1177,3.8,2.64,0.96
0.11772,3.76,2.64,0.96
0.11774,3.76,2.64,0.96
0.11776,3.76,2.64,0.92
0.11778,3.76,2.64,0.92
0.1178,3.76,2.64,0.96
0.11782,3.76,2.64,0.96
0.11784,3.76,2.64,0.92
0.11786,3.76,2.64,0.96
0.11788,3.76,2.64,0.96
0.1179,3.76,2.64,0.96
0.11792,3.76,2.64,0.96
0.11794,3.76,2.64,0.96
0.11796,3.76,2.64,0.96
0.11798,3.76,2.64,0.96
0.118,3.76,2.64,0.96
0.11802,3.76,2.64,0.96
0.11804,3.76,2.64,0.92
0.11806,3.76,2.64,0.96
0.11808,3.76,2.64,0.92
0.1181,3.76,2.64,0.96
0.11812,3.76,2.64,0.96
0.11814,3.76,2.64,0.96
0.11816,3.76,2.64,0.92
0.11818,3.76,2.64,0.92
0.1182,3.76,2.64,0.96
0.11822,3.76,2.64,0.92
0.11824,3.76,2.64,0.92
0.11826,3.76,2.64,0.96
0.11828,3.76,2.64,0.96
0.1183,3.76,2.64,0.96
0.11832,3.76,2.64,0.96
0.11834,3.76,2.64,0.96
0.11836,3.76,2.64,0.96
0.11838,3.76,2.64,0.92
0.1184,3.76,2.64,0.96
0.11842,3.76,2.64,0.96
0.11844,3.76,2.64,0.96
0.11846,3.76,2.64,0.92
0.11848,3.76,2.64,0.96
0.1185,3.76,2.64,0.96
0.11852,3.76,2.64,0.96
0.11854,3.76,2.64,0.96
0.11856,3.76,2.64,0.96
0.11858,3.76,2.64,0.96
0.1186,3.76,2.64,0.96
0.11862,3.76,2.64,0.96
0.11864,3.76,2.64,0.96
0.11866,3.76,2.64,0.96
0.11868,3.76,2.64,0.96
0.1187,3.76,2.64,0.96
0.11872,3.76,2.64,0.96
0.11874,3.76,2.64,0.96
0.11876,3.76,2.64,0.96
0.11878,3.76,2.64,0.96
0.1188,3.76,2.64,0.96
0.11882,3.76,2.64,0.96
0.11884,3.76,2.64,0.96
0.11886,3.76,2.64,0.96
0.11888,3.76,2.64,0.92
0.1189,3.76,2.64,0.96
0.11892,3.76,2.64,0.96
0.11894,3.76,2.64,0.96
0.11896,3.76,2.64,0.96
0.11898,3.76,2.64,0.96
0.119,3.76,2.64,0.96
0.11902,3.76,2.64,0.96
0.11904,3.76,2.64,0.96
0.11906,3.76,2.64,0.96
0.11908,3.76,2.64,0.96
0.1191,3.76,2.64,0.96
0.11912,3.76,2.64,0.96
0.11914,3.76,2.64,0.96
0.11916,3.76,2.64,0.96
0.11918,3.76,2.64,0.96
0.1192,3.76,2.64,0.96
0.11922,3.72,2.6,0.96
0.11924,3.76,2.64,0.96
0.11926,3.76,2.64,0.96
0.11928,3.76,2.64,0.96
0.1193,3.76,2.64,0.96
0.11932,3.76,2.64,0.96
0.11934,3.76,2.64,0.96
0.11936,3.76,2.64,0.96
0.11938,3.72,2.64,0.96
0.1194,3.76,2.64,0.96
0.11942,3.76,2.64,0.96
0.11944,3.76,2.64,1
0.11946,3.76,2.64,0.96
0.11948,3.76,2.64,0.96
0.1195,3.76,2.64,0.96
0.11952,3.76,2.64,0.96
0.11954,3.76,2.64,0.96
0.11956,3.76,2.64,0.96
0.11958,3.76,2.64,0.96
0.1196,3.76,2.64,1
0.11962,3.76,2.64,0.96
0.11964,3.76,2.64,1
0.11966,3.76,2.64,1
0.11968,3.76,2.64,1
0.1197,3.76,2.64,0.96
0.11972,3.76,2.64,1
0.11974,3.76,2.64,1
0.11976,3.76,2.64,0.96
0.11978,3.76,2.64,0.96
0.1198,3.76,2.64,0.96
0.11982,3.76,2.64,0.96
0.11984,3.76,2.64,0.96
0.11986,3.76,2.64,0.96
0.11988,3.76,2.64,1
0.1199,3.76,2.64,1
0.11992,3.76,2.64,0.96
0.11994,3.76,2.64,0.96
0.11996,3.76,2.64,1
0.11998,3.76,2.64,1
0.12,3.76,2.64,0.96
0.12002,3.76,2.64,0.96
0.12004,3.76,2.64,0.96
0.12006,3.76,2.64,0.96
0.12008,3.76,2.64,1
0.1201,3.76,2.64,0.96
0.12012,3.76,2.64,1
0.12014,3.76,2.64,1
0.12016,3.76,2.64,1
0.12018,3.76,2.64,1
0.1202,3.76,2.64,1
0.12022,3.76,2.64,1
0.12024,3.76,2.64,0.96
0.12026,3.76,2.64,1
0.12028,3.76,2.64,1
0.1203,3.76,2.64,1
0.12032,3.76,2.64,1
0.12034,3.76,2.64,1
0.12036,3.76,2.64,0.96
0.12038,3.76,2.64,1
0.1204,3.76,2.64,1
0.12042,3.76,2.64,1
0.12044,3.76,2.64,1
0.12046,3.76,2.64,1
0.12048,3.76,2.64,1
0.1205,3.76,2.64,1
0.12052,3.76,2.64,1
0.12054,3.76,2.64,1
0.12056,3.76,2.64,1
0.12058,3.76,2.64,1
0.1206,3.76,2.64,1
0.12062,3.76,2.64,1
0.12064,3.76,2.64,1
0.12066,3.76,2.64,1
0.12068,3.76,2.6,0.96
0.1207,3.76,2.64,1
0.12072,3.76,2.64,1
0.12074,3.76,2.64,1
0.12076,3.76,2.64,1
0.12078,3.76,2.64,1
0.1208,3.76,2.64,0.96
0.12082,3.76,2.64,1
0.12084,3.76,2.64,1
0.12086,3.76,2.64,1
0.12088,3.76,2.64,1
0.1209,3.76,2.64,1
0.12092,3.76,2.64,1
0.12094,3.76,2.64,1
0.12096,3.76,2.64,1
0.12098,3.72,2.64,1
0.121,3.76,2.64,1
0.12102,3.76,2.64,1
0.12104,3.76,2.64,1
0.12106,3.76,2.64,1
0.12108,3.76,2.64,1
0.1211,3.76,2.64,1
0.12112,3.76,2.64,1
0.12114,3.76,2.64,1
0.12116,3.76,2.64,1
0.12118,3.76,2.64,1
0.1212,3.76,2.64,1
0.12122,3.76,2.64,1
0.12124,3.76,2.64,1.04
0.12126,3.76,2.64,1
0.12128,3.76,2.64,1
0.1213,3.76,2.64,1
0.12132,3.76,2.64,1
0.12134,3.76,2.64,1
0.12136,3.76,2.64,1
0.12138,3.76,2.64,1
0.1214,3.76,2.64,1
0.12142,3.76,2.64,1
0.12144,3.76,2.64,1
0.12146,3.76,2.64,1
0.12148,3.76,2.64,1
0.1215,3.76,2.64,1
0.12152,3.76,2.64,1
0.12154,3.76,2.64,1
0.12156,3.76,2.64,1
0.12158,3.76,2.64,1
0.1216,3.76,2.64,1
0.12162,3.76,2.64,1
0.12164,3.76,2.64,1
0.12166,3.76,2.6,1
0.12168,3.76,2.64,1
0.1217,3.76,2.64,1
0.12172,3.76,2.64,1
0.12174,3.76,2.64,1
0.12176,3.76,2.64,1
0.12178,3.76,2.64,1
0.1218,3.76,2.64,1
0.12182,3.76,2.64,1
0.12184,3.76,2.64,1
0.12186,3.76,2.64,1
0.12188,3.76,2.6,1
0.1219,3.76,2.64,1
0.12192,3.76,2.64,1
0.12194,3.76,2.64,1
0.12196,3.76,2.64,1
0.12198,3.76,2.64,1
0.122,3.76,2.64,1
0.12202,3.76,2.64,1
0.12204,3.76,2.64,1
0.12206,3.76,2.64,1
0.12208,3.72,2.64,1
0.1221,3.76,2.64,1
0.12212,3.76,2.64,1
0.12214,3.76,2.64,1
0.12216,3.76,2.64,1.04
0.12218,3.76,2.64,1.04
0.1222,3.76,2.64,1
0.12222,3.76,2.64,1
0.12224,3.76,2.64,1
0.12226,3.76,2.64,1.04
0.12228,3.76,2.64,1
0.1223,3.76,2.64,1
0.12232,3.76,2.64,1
0.12234,3.76,2.64,1.04
0.12236,3.76,2.64,1.04
0.12238,3.76,2.64,1.04
0.1224,3.76,2.64,1.04
0.12242,3.76,2.6,1
0.12244,3.76,2.64,1.04
0.12246,3.76,2.64,1
0.12248,3.76,2.64,1.04
0.1225,3.76,2.64,1.04
0.12252,3.76,2.6,1
0.12254,3.76,2.64,1.04
0.12256,3.76,2.64,1.04
0.12258,3.76,2.64,1.04
0.1226,3.76,2.64,1
0.12262,3.76,2.64,1
0.12264,3.76,2.64,1.04
0.12266,3.76,2.64,1.04
0.12268,3.76,2.64,1.04
0.1227,3.76,2.64,1.04
0.12272,3.8,2.64,1
0.12274,3.76,2.64,1
0.12276,3.76,2.64,1
0.12278,3.76,2.64,1.04
0.1228,3.76,2.6,1
0.12282,3.76,2.64,1.04
0.12284,3.76,2.6,1
0.12286,3.76,2.64,1.04
0.12288,3.76,2.64,1.04
0.1229,3.76,2.64,1.04
0.12292,3.76,2.64,1.04
0.12294,3.76,2.64,1.08
0.12296,3.76,2.64,1.04
0.12298,3.76,2.64,1.04
0.123,3.76,2.64,1.04
0.12302,3.76,2.64,1.04
0.12304,3.76,2.64,1.04
0.12306,3.76,2.64,1.04
0.12308,3.76,2.64,1.04
0.1231,3.76,2.64,1.04
0.12312,3.76,2.64,1
0.12314,3.76,2.64,1.04
0.12316,3.76,2.64,1.04
0.12318,3.76,2.64,1.04
0.1232,3.76,2.64,1
0.12322,3.76,2.64,1.04
0.12324,3.76,2.64,1.04
0.12326,3.76,2.64,1.04
0.12328,3.76,2.64,1.04
0.1233,3.76,2.64,1.04
0.12332,3.76,2.64,1.04
0.12334,3.72,2.64,1.04
0.12336,3.76,2.64,1.04
0.12338,3.76,2.64,1.04
0.1234,3.76,2.64,1.04
0.12342,3.76,2.64,1.04
0.12344,3.76,2.64,1.04
0.12346,3.76,2.64,1.04
0.12348,3.76,2.64,1.04
0.1235,3.76,2.64,1.04
0.12352,3.76,2.64,1.04
0.12354,3.76,2.6,1.04
0.12356,3.76,2.6,1.04
0.12358,3.76,2.64,1.04
0.1236,3.76,2.64,1.04
0.12362,3.76,2.64,1.04
0.12364,3.76,2.64,1.04
0.12366,3.76,2.64,1.04
0.12368,3.76,2.64,1.04
0.1237,3.76,2.64,1.04
0.12372,3.76,2.64,1.04
0.12374,3.76,2.64,1.04
0.12376,3.76,2.64,1.04
0.12378,3.76,2.64,1.04
0.1238,3.76,2.64,1.04
0.12382,3.76,2.64,1.04
0.12384,3.76,2.64,1.04
0.12386,3.76,2.6,1.04
0.12388,3.76,2.64,1.04
0.1239,3.76,2.64,1.04
0.12392,3.76,2.64,1.04
0.12394,3.72,2.64,1.04
0.12396,3.76,2.64,1.04
0.12398,3.76,2.64,1.04
0.124,3.76,2.64,1.04
0.12402,3.76,2.64,1.04
0.12404,3.76,2.64,1.04
0.12406,3.76,2.64,1.08
0.12408,3.76,2.64,1.04
0.1241,3.76,2.6,1.04
0.12412,3.76,2.64,1.04
0.12414,3.76,2.64,1.04
0.12416,3.76,2.64,1.04
0.12418,3.76,2.64,1.04
0.1242,3.76,2.64,1.04
0.12422,3.76,2.64,1.04
0.12424,3.76,2.64,1.04
0.12426,3.76,2.6,1.04
0.12428,3.76,2.64,1.04
0.1243,3.76,2.64,1.04
0.12432,3.76,2.64,1.04
0.12434,3.76,2.64,1.04
0.12436,3.76,2.64,1.04
0.12438,3.76,2.64,1.04
0.1244,3.76,2.64,1.04
0.12442,3.76,2.6,1.04
0.12444,3.76,2.64,1.08
0.12446,3.76,2.64,1.04
0.12448,3.76,2.6,1.08
0.1245,3.76,2.64,1.04
0.12452,3.76,2.64,1.04
0.12454,3.76,2.64,1.04
0.12456,3.76,2.64,1.04
0.12458,3.76,2.6,1.04
0.1246,3.76,2.64,1.04
0.12462,3.76,2.64,1.04
0.12464,3.76,2.64,1.04
0.12466,3.76,2.64,1.08
0.12468,3.76,2.64,1.04
0.1247,3.76,2.64,1.04
0.12472,3.76,2.64,1.08
0.12474,3.76,2.64,1.04
0.12476,3.76,2.64,1.08
0.12478,3.76,2.64,1.04
0.1248,3.76,2.64,1.04
0.12482,3.76,2.64,1.04
0.12484,3.76,2.64,1.04
0.12486,3.76,2.64,1.04
0.12488,3.76,2.64,1.04
0.1249,3.76,2.64,1.04
0.12492,3.76,2.64,1.04
0.12494,3.76,2.64,1.04
0.12496,3.76,2.64,1.04
0.12498,3.76,2.64,1.08
0.125,3.76,2.64,1.08
0.12502,3.76,2.64,1.04
0.12504,3.76,2.64,1.04
0.12506,3.76,2.64,1.08
0.12508,3.76,2.64,1.08
0.1251,3.76,2.64,1.04
0.12512,3.76,2.64,1.08
0.12514,3.76,2.64,1.08
0.12516,3.76,2.64,1.04
0.12518,3.76,2.64,1.08
0.1252,3.76,2.64,1.04
0.12522,3.76,2.64,1.08
0.12524,3.76,2.64,1.08
0.12526,3.76,2.64,1.08
0.12528,3.76,2.64,1.08
0.1253,3.76,2.64,1.08
0.12532,3.76,2.64,1.04
0.12534,3.76,2.64,1.08
0.12536,3.76,2.64,1.08
0.12538,3.76,2.64,1.08
0.1254,3.76,2.64,1.08
0.12542,3.76,2.64,1.08
0.12544,3.76,2.64,1.08
0.12546,3.76,2.64,1.08
0.12548,3.76,2.64,1.08
0.1255,3.76,2.64,1.08
0.12552,3.76,2.64,1.08
0.12554,3.76,2.6,1.04
0.12556,3.76,2.64,1.08
0.12558,3.76,2.64,1.08
0.1256,3.76,2.64,1.08
0.12562,3.76,2.64,1.08
0.12564,3.76,2.64,1.08
0.12566,3.76,2.64,1.08
0.12568,3.76,2.64,1.08
0.1257,3.76,2.64,1.08
0.12572,3.76,2.64,1.08
0.12574,3.76,2.64,1.08
0.12576,3.76,2.64,1.08
0.12578,3.76,2.64,1.08
0.1258,3.76,2.64,1.08
0.12582,3.76,2.64,1.08
0.12584,3.76,2.64,1.08
0.12586,3.76,2.64,1.08
0.12588,3.72,2.6,1.08
0.1259,3.76,2.64,1.08
0.12592,3.76,2.64,1.08
0.12594,3.76,2.6,1.08
0.12596,3.76,2.64,1.08
0.12598,3.76,2.64,1.08
0.126,3.76,2.64,1.08
0.12602,3.76,2.64,1.04
0.12604,3.76,2.64,1.08
0.12606,3.76,2.64,1.08
0.12608,3.76,2.64,1.08
0.1261,3.76,2.6,1.08
0.12612,3.76,2.64,1.08
0.12614,3.76,2.64,1.08
0.12616,3.76,2.64,1.08
0.12618,3.76,2.64,1.08
0.1262,3.76,2.64,1.08
0.12622,3.76,2.64,1.08
0.12624,3.76,2.64,1.08
0.12626,3.76,2.64,1.08
0.12628,3.76,2.64,1.08
0.1263,3.76,2.64,1.08
0.12632,3.72,2.64,1.08
0.12634,3.76,2.64,1.08
0.12636,3.76,2.64,1.08
0.12638,3.76,2.6,1.08
0.1264,3.76,2.64,1.08
0.12642,3.76,2.64,1.08
0.12644,3.76,2.6,1.04
0.12646,3.76,2.64,1.08
0.12648,3.76,2.64,1.12
0.1265,3.76,2.64,1.08
0.12652,3.8,2.64,1.08
0.12654,3.76,2.64,1.08
0.12656,3.76,2.64,1.08
0.12658,3.76,2.64,1.08
0.1266,3.76,2.64,1.08
0.12662,3.76,2.64,1.08
0.12664,3.76,2.64,1.08
0.12666,3.76,2.64,1.08
0.12668,3.76,2.64,1.08
0.1267,3.76,2.64,1.08
0.12672,3.76,2.64,1.08
0.12674,3.76,2.64,1.08
0.12676,3.76,2.64,1.08
0.12678,3.76,2.64,1.08
0.1268,3.76,2.64,1.12
0.12682,3.76,2.64,1.08
0.12684,3.76,2.64,1.08
0.12686,3.76,2.64,1.08
0.12688,3.76,2.64,1.08
0.1269,3.76,2.64,1.08
0.12692,3.76,2.64,1.08
0.12694,3.76,2.64,1.08
0.12696,3.76,2.64,1.12
0.12698,3.76,2.64,1.08
0.127,3.76,2.64,1.08
0.12702,3.76,2.64,1.08
0.12704,3.76,2.64,1.12
0.12706,3.76,2.64,1.08
0.12708,3.76,2.64,1.08
0.1271,3.76,2.64,1.12
0.12712,3.76,2.64,1.08
0.12714,3.76,2.64,1.08
0.12716,3.76,2.64,1.08
0.12718,3.76,2.64,1.08
0.1272,3.76,2.64,1.08
0.12722,3.76,2.64,1.08
0.12724,3.72,2.64,1.08
0.12726,3.76,2.64,1.08
0.12728,3.76,2.64,1.12
0.1273,3.76,2.64,1.08
0.12732,3.76,2.64,1.12
0.12734,3.76,2.64,1.12
0.12736,3.76,2.64,1.08
0.12738,3.76,2.64,1.12
0.1274,3.76,2.64,1.12
0.12742,3.76,2.64,1.12
0.12744,3.76,2.64,1.08
0.12746,3.76,2.64,1.08
0.12748,3.76,2.64,1.08
0.1275,3.76,2.64,1.12
0.12752,3.76,2.64,1.12
0.12754,3.76,2.64,1.08
0.12756,3.76,2.64,1.12
0.12758,3.76,2.64,1.12
0.1276,3.76,2.64,1.08
0.12762,3.76,2.64,1.12
0.12764,3.76,2.64,1.12
0.12766,3.76,2.64,1.08
0.12768,3.76,2.64,1.08
0.1277,3.76,2.6,1.08
0.12772,3.76,2.64,1.12
0.12774,3.76,2.64,1.12
0.12776,3.76,2.64,1.12
0.12778,3.76,2.64,1.12
0.1278,3.76,2.64,1.12
0.12782,3.76,2.64,1.12
0.12784,3.76,2.64,1.12
0.12786,3.76,2.64,1.12
0.12788,3.76,2.64,1.12
0.1279,3.76,2.64,1.12
0.12792,3.76,2.64,1.12
0.12794,3.76,2.6,1.12
0.12796,3.76,2.64,1.12
0.12798,3.76,2.64,1.08
0.128,3.76,2.64,1.12
0.12802,3.76,2.64,1.12
0.12804,3.76,2.64,1.12
0.12806,3.76,2.6,1.12
0.12808,3.76,2.64,1.12
0.1281,3.76,2.64,1.12
0.12812,3.76,2.64,1.12
0.12814,3.76,2.64,1.12
0.12816,3.76,2.64,1.12
0.12818,3.76,2.64,1.12
0.1282,3.76,2.64,1.12
0.12822,3.76,2.64,1.12
0.12824,3.76,2.64,1.12
0.12826,3.76,2.64,1.12
0.12828,3.76,2.64,1.12
0.1283,3.76,2.64,1.12
0.12832,3.76,2.64,1.12
0.12834,3.76,2.64,1.12
0.12836,3.76,2.64,1.12
0.12838,3.76,2.64,1.12
0.1284,3.76,2.64,1.12
0.12842,3.76,2.64,1.12
0.12844,3.76,2.64,1.12
0.12846,3.76,2.64,1.12
0.12848,3.76,2.64,1.12
0.1285,3.76,2.64,1.12
0.12852,3.76,2.64,1.12
0.12854,3.76,2.64,1.12
0.12856,3.76,2.64,1.12
0.12858,3.76,2.64,1.12
0.1286,3.76,2.64,1.12
0.12862,3.76,2.64,1.12
0.12864,3.76,2.64,1.12
0.12866,3.76,2.64,1.12
0.12868,3.76,2.64,1.12
0.1287,3.76,2.64,1.12
0.12872,3.76,2.64,1.12
0.12874,3.76,2.64,1.12
0.12876,3.76,2.64,1.12
0.12878,3.76,2.64,1.12
0.1288,3.76,2.64,1.12
0.12882,3.76,2.64,1.12
0.12884,3.76,2.64,1.12
0.12886,3.76,2.64,1.12
0.12888,3.76,2.64,1.12
0.1289,3.76,2.64,1.12
0.12892,3.76,2.64,1.12
0.12894,3.76,2.64,1.12
0.12896,3.76,2.64,1.12
0.12898,3.76,2.64,1.12
0.129,3.76,2.64,1.12
0.12902,3.76,2.64,1.12
0.12904,3.76,2.64,1.12
0.12906,3.76,2.64,1.12
0.12908,3.76,2.64,1.12
0.1291,3.76,2.64,1.12
0.12912,3.76,2.64,1.16
0.12914,3.76,2.64,1.12
0.12916,3.76,2.64,1.16
0.12918,3.76,2.64,1.12
0.1292,3.76,2.64,1.12
0.12922,3.76,2.64,1.16
0.12924,3.76,2.64,1.12
0.12926,3.76,2.64,1.12
0.12928,3.76,2.64,1.16
0.1293,3.76,2.64,1.12
0.12932,3.76,2.64,1.16
0.12934,3.76,2.64,1.12
0.12936,3.76,2.6,1.12
0.12938,3.76,2.64,1.12
0.1294,3.76,2.64,1.16
0.12942,3.76,2.64,1.16
0.12944,3.76,2.64,1.16
0.12946,3.76,2.64,1.12
0.12948,3.76,2.64,1.16
0.1295,3.76,2.64,1.12
0.12952,3.76,2.6,1.12
0.12954,3.76,2.64,1.12
0.12956,3.76,2.64,1.16
0.12958,3.76,2.64,1.12
0.1296,3.76,2.64,1.12
0.12962,3.76,2.64,1.12
0.12964,3.76,2.64,1.16
0.12966,3.76,2.64,1.12
0.12968,3.76,2.64,1.12
0.1297,3.76,2.64,1.12
0.12972,3.76,2.64,1.16
0.12974,3.76,2.64,1.16
0.12976,3.76,2.64,1.12
0.12978,3.76,2.64,1.16
0.1298,3.76,2.64,1.16
0.12982,3.76,2.64,1.16
0.12984,3.76,2.64,1.16
0.12986,3.76,2.64,1.16
0.12988,3.76,2.64,1.16
0.1299,3.76,2.64,1.16
0.12992,3.76,2.64,1.16
0.12994,3.76,2.64,1.16
0.12996,3.76,2.64,1.16
0.12998,3.76,2.64,1.16
0.13,3.76,2.64,1.16
0.13002,3.76,2.64,1.16
0.13004,3.76,2.64,1.16
0.13006,3.76,2.64,1.16
0.13008,3.76,2.64,1.16
0.1301,3.76,2.64,1.12
0.13012,3.76,2.64,1.16
0.13014,3.76,2.64,1.16
0.13016,3.76,2.64,1.16
0.13018,3.76,2.64,1.16
0.1302,3.76,2.6,1.16
0.13022,3.76,2.64,1.16
0.13024,3.76,2.64,1.16
0.13026,3.76,2.64,1.16
0.13028,3.76,2.64,1.16
0.1303,3.76,2.6,1.16
0.13032,3.76,2.64,1.16
0.13034,3.76,2.64,1.16
0.13036,3.76,2.6,1.16
0.13038,3.76,2.64,1.16
0.1304,3.76,2.64,1.16
0.13042,3.76,2.64,1.16
0.13044,3.76,2.64,1.16
0.13046,3.76,2.64,1.16
0.13048,3.76,2.64,1.16
0.1305,3.76,2.64,1.16
0.13052,3.76,2.6,1.16
0.13054,3.76,2.64,1.16
0.13056,3.76,2.64,1.16
0.13058,3.76,2.64,1.16
0.1306,3.76,2.64,1.16
0.13062,3.76,2.64,1.16
0.13064,3.76,2.64,1.16
0.13066,3.76,2.64,1.16
0.13068,3.76,2.64,1.16
0.1307,3.76,2.64,1.16
0.13072,3.76,2.64,1.16
0.13074,3.76,2.64,1.16
0.13076,3.76,2.64,1.16
0.13078,3.76,2.64,1.16
0.1308,3.76,2.64,1.16
0.13082,3.76,2.64,1.16
0.13084,3.76,2.64,1.16
0.13086,3.76,2.64,1.16
0.13088,3.76,2.64,1.16
0.1309,3.76,2.64,1.16
0.13092,3.76,2.64,1.16
0.13094,3.76,2.64,1.16
0.13096,3.76,2.64,1.16
0.13098,3.76,2.64,1.16
0.131,3.76,2.64,1.16
0.13102,3.76,2.64,1.16
0.13104,3.76,2.64,1.16
0.13106,3.76,2.64,1.16
0.13108,3.76,2.64,1.16
0.1311,3.76,2.64,1.16
0.13112,3.76,2.64,1.16
0.13114,3.76,2.64,1.16
0.13116,3.76,2.64,1.2
0.13118,3.76,2.64,1.2
0.1312,3.76,2.64,1.16
0.13122,3.76,2.64,1.16
0.13124,3.76,2.64,1.16
0.13126,3.76,2.64,1.16
0.13128,3.76,2.64,1.16
0.1313,3.76,2.64,1.16
0.13132,3.76,2.64,1.16
0.13134,3.76,2.64,1.16
0.13136,3.76,2.64,1.16
0.13138,3.76,2.64,1.16
0.1314,3.76,2.64,1.16
0.13142,3.76,2.64,1.16
0.13144,3.76,2.64,1.16
0.13146,3.76,2.64,1.16
0.13148,3.76,2.64,1.2
0.1315,3.76,2.64,1.16
0.13152,3.76,2.64,1.2
0.13154,3.76,2.64,1.16
0.13156,3.76,2.64,1.16
0.13158,3.76,2.64,1.16
0.1316,3.76,2.64,1.2
0.13162,3.76,2.64,1.16
0.13164,3.76,2.6,1.16
0.13166,3.76,2.64,1.16
0.13168,3.76,2.64,1.16
0.1317,3.76,2.64,1.2
0.13172,3.76,2.64,1.16
0.13174,3.76,2.64,1.16
0.13176,3.76,2.64,1.16
0.13178,3.76,2.64,1.16
0.1318,3.76,2.64,1.16
0.13182,3.76,2.64,1.2
0.13184,3.76,2.64,1.2
0.13186,3.76,2.64,1.16
0.13188,3.76,2.64,1.16
0.1319,3.76,2.64,1.16
0.13192,3.76,2.64,1.16
0.13194,3.76,2.64,1.2
0.13196,3.76,2.64,1.16
0.13198,3.76,2.64,1.16
0.132,3.76,2.64,1.16
0.13202,3.76,2.64,1.16
0.13204,3.76,2.64,1.16
0.13206,3.76,2.64,1.16
0.13208,3.76,2.64,1.2
0.1321,3.76,2.64,1.2
0.13212,3.76,2.64,1.16
0.13214,3.76,2.64,1.2
0.13216,3.76,2.64,1.16
0.13218,3.76,2.64,1.2
0.1322,3.72,2.64,1.2
0.13222,3.76,2.64,1.2
0.13224,3.76,2.64,1.2
0.13226,3.76,2.64,1.16
0.13228,3.76,2.6,1.2
0.1323,3.76,2.64,1.2
0.13232,3.76,2.64,1.2
0.13234,3.76,2.64,1.2
0.13236,3.76,2.64,1.2
0.13238,3.76,2.64,1.16
0.1324,3.76,2.64,1.2
0.13242,3.76,2.64,1.16
0.13244,3.76,2.64,1.16
0.13246,3.76,2.64,1.16
0.13248,3.76,2.64,1.16
0.1325,3.76,2.6,1.2
0.13252,3.76,2.64,1.16
0.13254,3.76,2.64,1.2
0.13256,3.76,2.6,1.16
0.13258,3.76,2.64,1.2
0.1326,3.72,2.64,1.16
0.13262,3.76,2.64,1.2
0.13264,3.76,2.64,1.2
0.13266,3.76,2.64,1.16
0.13268,3.76,2.64,1.2
0.1327,3.76,2.64,1.16
0.13272,3.76,2.64,1.2
0.13274,3.76,2.64,1.2
0.13276,3.76,2.64,1.2
0.13278,3.76,2.64,1.2
0.1328,3.76,2.64,1.2
0.13282,3.76,2.64,1.2
0.13284,3.76,2.64,1.2
0.13286,3.76,2.6,1.2
0.13288,3.76,2.64,1.2
0.1329,3.76,2.64,1.2
0.13292,3.76,2.64,1.2
0.13294,3.76,2.64,1.2
0.13296,3.76,2.64,1.2
0.13298,3.72,2.64,1.2
0.133,3.76,2.64,1.2
0.13302,3.76,2.6,1.2
0.13304,3.76,2.64,1.16
0.13306,3.76,2.64,1.2
0.13308,3.76,2.64,1.2
0.1331,3.76,2.6,1.2
0.13312,3.76,2.64,1.2
0.13314,3.76,2.64,1.2
0.13316,3.76,2.64,1.2
0.13318,3.76,2.64,1.2
0.1332,3.76,2.64,1.2
0.13322,3.76,2.64,1.2
0.13324,3.76,2.64,1.2
0.13326,3.76,2.64,1.2
0.13328,3.76,2.6,1.16
0.1333,3.76,2.6,1.2
0.13332,3.76,2.64,1.2
0.13334,3.76,2.64,1.2
0.13336,3.76,2.64,1.2
0.13338,3.76,2.64,1.2
0.1334,3.76,2.64,1.2
0.13342,3.76,2.64,1.2
0.13344,3.76,2.64,1.2
0.13346,3.76,2.64,1.2
0.13348,3.76,2.64,1.2
0.1335,3.76,2.6,1.2
0.13352,3.76,2.64,1.2
0.13354,3.76,2.64,1.2
0.13356,3.76,2.64,1.2
0.13358,3.76,2.64,1.24
0.1336,3.76,2.64,1.2
0.13362,3.76,2.64,1.2
0.13364,3.76,2.64,1.2
0.13366,3.76,2.64,1.2
0.13368,3.76,2.64,1.2
0.1337,3.76,2.6,1.2
0.13372,3.76,2.64,1.2
0.13374,3.76,2.64,1.2
0.13376,3.76,2.64,1.2
0.13378,3.76,2.6,1.2
0.1338,3.76,2.6,1.16
0.13382,3.76,2.64,1.2
0.13384,3.76,2.64,1.2
0.13386,3.76,2.64,1.2
0.13388,3.76,2.64,1.2
0.1339,3.76,2.64,1.2
0.13392,3.76,2.64,1.2
0.13394,3.76,2.64,1.2
0.13396,3.76,2.64,1.2
0.13398,3.76,2.64,1.2
0.134,3.76,2.64,1.2
0.13402,3.76,2.64,1.2
0.13404,3.76,2.64,1.24
0.13406,3.76,2.64,1.2
0.13408,3.76,2.6,1.2
0.1341,3.76,2.64,1.2
0.13412,3.76,2.64,1.2
0.13414,3.76,2.64,1.2
0.13416,3.76,2.64,1.2
0.13418,3.76,2.64,1.2
0.1342,3.76,2.64,1.2
0.13422,3.72,2.64,1.2
0.13424,3.76,2.6,1.2
0.13426,3.76,2.64,1.2
0.13428,3.76,2.64,1.2
0.1343,3.76,2.64,1.2
0.13432,3.76,2.64,1.2
0.13434,3.76,2.64,1.2
0.13436,3.76,2.64,1.2
0.13438,3.76,2.64,1.2
0.1344,3.76,2.64,1.2
0.13442,3.76,2.6,1.2
0.13444,3.76,2.64,1.2
0.13446,3.76,2.64,1.2
0.13448,3.72,2.64,1.24
0.1345,3.76,2.64,1.2
0.13452,3.76,2.64,1.2
0.13454,3.76,2.64,1.24
0.13456,3.76,2.64,1.2
0.13458,3.76,2.64,1.24
0.1346,3.76,2.64,1.24
0.13462,3.76,2.64,1.24
0.13464,3.76,2.64,1.2
0.13466,3.76,2.64,1.24
0.13468,3.76,2.64,1.24
0.1347,3.76,2.64,1.2
0.13472,3.76,2.64,1.24
0.13474,3.76,2.64,1.24
0.13476,3.76,2.64,1.2
0.13478,3.76,2.64,1.24
0.1348,3.76,2.64,1.24
0.13482,3.76,2.64,1.2
0.13484,3.76,2.64,1.2
0.13486,3.76,2.64,1.24
0.13488,3.76,2.64,1.2
0.1349,3.76,2.64,1.2
0.13492,3.76,2.64,1.2
0.13494,3.76,2.6,1.2
0.13496,3.76,2.64,1.24
0.13498,3.76,2.64,1.2
0.135,3.76,2.64,1.24
0.13502,3.76,2.64,1.24
0.13504,3.76,2.64,1.24
0.13506,3.76,2.64,1.2
0.13508,3.76,2.64,1.24
0.1351,3.76,2.64,1.24
0.13512,3.76,2.64,1.24
0.13514,3.76,2.64,1.24
0.13516,3.76,2.64,1.24
0.13518,3.76,2.64,1.24
0.1352,3.76,2.64,1.24
0.13522,3.76,2.64,1.2
0.13524,3.76,2.64,1.24
0.13526,3.76,2.64,1.24
0.13528,3.76,2.64,1.24
0.1353,3.76,2.64,1.24
0.13532,3.76,2.64,1.24
0.13534,3.76,2.64,1.24
0.13536,3.76,2.64,1.24
0.13538,3.76,2.64,1.2
0.1354,3.76,2.64,1.24
0.13542,3.76,2.64,1.24
0.13544,3.76,2.64,1.24
0.13546,3.76,2.64,1.24
0.13548,3.76,2.64,1.24
0.1355,3.76,2.64,1.24
0.13552,3.76,2.64,1.24
0.13554,3.76,2.64,1.24
0.13556,3.76,2.64,1.24
0.13558,3.76,2.64,1.24
0.1356,3.76,2.64,1.24
0.13562,3.76,2.64,1.24
0.13564,3.76,2.64,1.24
0.13566,3.76,2.64,1.24
0.13568,3.76,2.64,1.24
0.1357,3.76,2.64,1.24
0.13572,3.76,2.64,1.24
0.13574,3.76,2.64,1.24
0.13576,3.76,2.6,1.24
0.13578,3.76,2.64,1.24
0.1358,3.76,2.64,1.24
0.13582,3.76,2.64,1.24
0.13584,3.76,2.64,1.24
0.13586,3.76,2.64,1.24
0.13588,3.76,2.64,1.24
0.1359,3.76,2.64,1.24
0.13592,3.76,2.64,1.24
0.13594,3.76,2.64,1.24
0.13596,3.76,2.64,1.24
0.13598,3.76,2.64,1.24
0.136,3.76,2.64,1.24
0.13602,3.76,2.64,1.24
0.13604,3.76,2.64,1.24
0.13606,3.76,2.6,1.24
0.13608,3.76,2.64,1.24
0.1361,3.76,2.64,1.24
0.13612,3.76,2.64,1.24
0.13614,3.76,2.64,1.24
0.13616,3.76,2.64,1.24
0.13618,3.76,2.64,1.24
0.1362,3.76,2.64,1.24
0.13622,3.76,2.64,1.24
0.13624,3.76,2.64,1.24
0.13626,3.76,2.64,1.28
0.13628,3.76,2.64,1.24
0.1363,3.76,2.64,1.24
0.13632,3.76,2.64,1.24
0.13634,3.76,2.64,1.24
0.13636,3.76,2.64,1.24
0.13638,3.76,2.6,1.24
0.1364,3.76,2.64,1.24
0.13642,3.76,2.64,1.24
0.13644,3.76,2.64,1.24
0.13646,3.76,2.6,1.24
0.13648,3.76,2.64,1.24
0.1365,3.76,2.64,1.24
0.13652,3.76,2.64,1.24
0.13654,3.76,2.64,1.24
0.13656,3.76,2.64,1.24
0.13658,3.72,2.64,1.24
0.1366,3.76,2.64,1.24
0.13662,3.76,2.64,1.24
0.13664,3.76,2.64,1.28
0.13666,3.76,2.64,1.24
0.13668,3.76,2.64,1.24
0.1367,3.76,2.64,1.24
0.13672,3.76,2.64,1.24
0.13674,3.76,2.64,1.24
0.13676,3.76,2.64,1.24
0.13678,3.76,2.64,1.24
0.1368,3.76,2.64,1.24
0.13682,3.76,2.64,1.28
0.13684,3.76,2.64,1.24
0.13686,3.76,2.64,1.24
0.13688,3.76,2.64,1.24
0.1369,3.76,2.64,1.24
0.13692,3.76,2.64,1.24
0.13694,3.76,2.64,1.28
0.13696,3.76,2.64,1.28
0.13698,3.76,2.64,1.24
0.137,3.76,2.64,1.24
0.13702,3.76,2.64,1.24
0.13704,3.76,2.64,1.2
0.13706,3.76,2.64,1.24
0.13708,3.76,2.64,1.24
0.1371,3.76,2.64,1.28
0.13712,3.76,2.64,1.24
0.13714,3.76,2.64,1.28
0.13716,3.76,2.64,1.24
0.13718,3.76,2.64,1.24
0.1372,3.76,2.64,1.28
0.13722,3.76,2.64,1.24
0.13724,3.76,2.64,1.28
0.13726,3.76,2.64,1.24
0.13728,3.76,2.64,1.28
0.1373,3.76,2.64,1.24
0.13732,3.76,2.64,1.24
0.13734,3.76,2.64,1.28
0.13736,3.76,2.64,1.24
0.13738,3.76,2.64,1.28
0.1374,3.76,2.64,1.28
0.13742,3.76,2.64,1.24
0.13744,3.76,2.64,1.28
0.13746,3.76,2.6,1.28
0.13748,3.76,2.64,1.24
0.1375,3.76,2.64,1.24
0.13752,3.76,2.64,1.24
0.13754,3.76,2.64,1.28
0.13756,3.76,2.64,1.28
0.13758,3.76,2.64,1.28
0.1376,3.76,2.64,1.28
0.13762,3.76,2.64,1.24
0.13764,3.76,2.64,1.28
0.13766,3.76,2.64,1.24
0.13768,3.76,2.64,1.28
0.1377,3.76,2.64,1.28
0.13772,3.76,2.64,1.28
0.13774,3.76,2.64,1.28
0.13776,3.76,2.64,1.28
0.13778,3.76,2.64,1.24
0.1378,3.76,2.64,1.24
0.13782,3.76,2.64,1.24
0.13784,3.76,2.64,1.28
0.13786,3.76,2.64,1.28
0.13788,3.76,2.64,1.28
0.1379,3.76,2.64,1.28
0.13792,3.76,2.64,1.28
0.13794,3.76,2.64,1.28
0.13796,3.76,2.64,1.28
0.13798,3.76,2.64,1.28
0.138,3.76,2.64,1.28
0.13802,3.76,2.64,1.28
0.13804,3.76,2.64,1.28
0.13806,3.76,2.64,1.28
0.13808,3.76,2.64,1.28
0.1381,3.76,2.64,1.28
0.13812,3.76,2.64,1.28
0.13814,3.76,2.64,1.28
0.13816,3.76,2.64,1.28
0.13818,3.76,2.64,1.28
0.1382,3.76,2.64,1.24
0.13822,3.72,2.6,1.28
0.13824,3.76,2.64,1.28
0.13826,3.76,2.64,1.28
0.13828,3.76,2.64,1.24
0.1383,3.76,2.64,1.28
0.13832,3.76,2.64,1.28
0.13834,3.76,2.64,1.28
0.13836,3.76,2.64,1.28
0.13838,3.76,2.64,1.28
0.1384,3.76,2.64,1.28
0.13842,3.76,2.64,1.28
0.13844,3.76,2.64,1.28
0.13846,3.76,2.64,1.28
0.13848,3.76,2.64,1.28
0.1385,3.76,2.64,1.28
0.13852,3.76,2.64,1.28
0.13854,3.76,2.64,1.28
0.13856,3.76,2.64,1.28
0.13858,3.76,2.64,1.28
0.1386,3.76,2.64,1.28
0.13862,3.76,2.64,1.28
0.13864,3.76,2.64,1.28
0.13866,3.76,2.64,1.28
0.13868,3.76,2.64,1.28
0.1387,3.76,2.64,1.28
0.13872,3.76,2.64,1.28
0.13874,3.76,2.64,1.28
0.13876,3.76,2.64,1.28
0.13878,3.76,2.64,1.28
0.1388,3.76,2.6,1.28
0.13882,3.76,2.64,1.28
0.13884,3.76,2.64,1.28
0.13886,3.76,2.64,1.28
0.13888,3.76,2.64,1.28
0.1389,3.76,2.64,1.28
0.13892,3.76,2.64,1.28
0.13894,3.8,2.64,1.28
0.13896,3.76,2.64,1.28
0.13898,3.76,2.64,1.28
0.139,3.76,2.64,1.28
0.13902,3.76,2.64,1.28
0.13904,3.76,2.64,1.28
0.13906,3.76,2.64,1.28
0.13908,3.76,2.64,1.28
0.1391,3.76,2.64,1.28
0.13912,3.76,2.64,1.28
0.13914,3.76,2.64,1.28
0.13916,3.76,2.64,1.28
0.13918,3.76,2.64,1.28
0.1392,3.76,2.64,1.28
0.13922,3.76,2.64,1.28
0.13924,3.76,2.64,1.28
0.13926,3.76,2.64,1.28
0.13928,3.76,2.64,1.28
0.1393,3.76,2.64,1.28
0.13932,3.76,2.6,1.28
0.13934,3.76,2.64,1.28
0.13936,3.76,2.64,1.28
0.13938,3.76,2.64,1.28
0.1394,3.76,2.64,1.28
0.13942,3.76,2.64,1.28
0.13944,3.76,2.64,1.28
0.13946,3.76,2.64,1.28
0.13948,3.76,2.6,1.28
0.1395,3.76,2.6,1.28
0.13952,3.76,2.6,1.28
0.13954,3.76,2.64,1.28
0.13956,3.76,2.64,1.28
0.13958,3.76,2.6,1.28
0.1396,3.76,2.64,1.28
0.13962,3.76,2.64,1.28
0.13964,3.76,2.64,1.28
0.13966,3.76,2.64,1.28
0.13968,3.76,2.64,1.28
0.1397,3.76,2.64,1.28
0.13972,3.76,2.64,1.28
0.13974,3.76,2.64,1.28
0.13976,3.76,2.64,1.28
0.13978,3.76,2.64,1.28
0.1398,3.76,2.64,1.28
0.13982,3.76,2.64,1.28
0.13984,3.76,2.64,1.28
0.13986,3.76,2.64,1.28
0.13988,3.76,2.64,1.28
0.1399,3.76,2.64,1.32
0.13992,3.76,2.6,1.28
0.13994,3.76,2.6,1.28
0.13996,3.76,2.64,1.32
0.13998,3.76,2.64,1.28
0.14,3.76,2.64,1.32
0.14002,3.76,2.64,1.28
0.14004,3.76,2.64,1.32
0.14006,3.76,2.64,1.28
0.14008,3.76,2.64,1.32
0.1401,3.76,2.64,1.28
0.14012,3.76,2.64,1.28
0.14014,3.76,2.64,1.32
0.14016,3.76,2.64,1.32
0.14018,3.76,2.64,1.28
0.1402,3.76,2.64,1.28
0.14022,3.76,2.64,1.32
0.14024,3.76,2.64,1.28
0.14026,3.76,2.64,1.28
0.14028,3.76,2.6,1.28
0.1403,3.76,2.64,1.32
0.14032,3.76,2.64,1.32
0.14034,3.76,2.64,1.32
0.14036,3.76,2.64,1.28
0.14038,3.76,2.64,1.28
0.1404,3.76,2.64,1.28
0.14042,3.76,2.64,1.32
0.14044,3.76,2.64,1.32
0.14046,3.76,2.64,1.32
0.14048,3.76,2.64,1.28
0.1405,3.76,2.64,1.32
0.14052,3.76,2.6,1.28
0.14054,3.76,2.64,1.32
0.14056,3.76,2.6,1.32
0.14058,3.76,2.6,1.28
0.1406,3.76,2.64,1.32
0.14062,3.76,2.64,1.32
0.14064,3.8,2.64,1.32
0.14066,3.76,2.64,1.32
0.14068,3.76,2.64,1.32
0.1407,3.76,2.64,1.32
0.14072,3.76,2.64,1.32
0.14074,3.76,2.6,1.32
0.14076,3.76,2.64,1.32
0.14078,3.76,2.64,1.32
0.1408,3.76,2.64,1.32
0.14082,3.76,2.64,1.32
0.14084,3.76,2.64,1.32
0.14086,3.76,2.64,1.32
0.14088,3.76,2.64,1.32
0.1409,3.76,2.64,1.28
0.14092,3.76,2.64,1.32
0.14094,3.76,2.64,1.32
0.14096,3.76,2.64,1.32
0.14098,3.76,2.64,1.32
0.141,3.76,2.64,1.32
0.14102,3.76,2.64,1.32
0.14104,3.76,2.64,1.32
0.14106,3.76,2.64,1.32
0.14108,3.76,2.64,1.32
0.1411,3.76,2.64,1.32
0.14112,3.76,2.64,1.32
0.14114,3.76,2.64,1.32
0.14116,3.76,2.64,1.32
0.14118,3.76,2.64,1.32
0.1412,3.76,2.64,1.32
0.14122,3.76,2.6,1.28
0.14124,3.76,2.6,1.28
0.14126,3.76,2.64,1.32
0.14128,3.76,2.64,1.28
0.1413,3.76,2.64,1.32
0.14132,3.76,2.64,1.32
0.14134,3.76,2.64,1.32
0.14136,3.76,2.64,1.32
0.14138,3.76,2.64,1.32
0.1414,3.76,2.64,1.32
0.14142,3.76,2.64,1.32
0.14144,3.76,2.64,1.32
0.14146,3.76,2.64,1.32
0.14148,3.72,2.6,1.32
0.1415,3.76,2.64,1.32
0.14152,3.76,2.64,1.32
0.14154,3.76,2.64,1.32
0.14156,3.76,2.64,1.32
0.14158,3.76,2.6,1.32
0.1416,3.76,2.64,1.32
0.14162,3.76,2.64,1.32
0.14164,3.76,2.64,1.32
0.14166,3.76,2.64,1.32
0.14168,3.76,2.64,1.32
0.1417,3.76,2.6,1.32
0.14172,3.72,2.64,1.28
0.14174,3.76,2.64,1.32
0.14176,3.76,2.64,1.32
0.14178,3.76,2.64,1.32
0.1418,3.76,2.64,1.32
0.14182,3.76,2.64,1.32
0.14184,3.76,2.64,1.28
0.14186,3.76,2.64,1.32
0.14188,3.76,2.64,1.32
0.1419,3.76,2.64,1.32
0.14192,3.76,2.64,1.32
0.14194,3.76,2.64,1.32
0.14196,3.76,2.64,1.32
0.14198,3.76,2.6,1.32
0.142,3.76,2.64,1.32
0.14202,3.76,2.6,1.32
0.14204,3.76,2.64,1.32
0.14206,3.76,2.64,1.32
0.14208,3.76,2.64,1.32
0.1421,3.76,2.64,1.32
0.14212,3.76,2.64,1.36
0.14214,3.76,2.6,1.32
0.14216,3.76,2.64,1.32
0.14218,3.76,2.64,1.32
0.1422,3.76,2.64,1.32
0.14222,3.76,2.64,1.32
0.14224,3.76,2.64,1.32
0.14226,3.76,2.64,1.32
0.14228,3.76,2.64,1.32
0.1423,3.76,2.64,1.32
0.14232,3.76,2.64,1.32
0.14234,3.76,2.64,1.32
0.14236,3.76,2.64,1.32
0.14238,3.76,2.64,1.36
0.1424,3.76,2.64,1.32
0.14242,3.76,2.64,1.32
0.14244,3.76,2.64,1.32
0.14246,3.76,2.64,1.36
0.14248,3.76,2.64,1.32
0.1425,3.76,2.6,1.32
0.14252,3.76,2.64,1.36
0.14254,3.76,2.64,1.32
0.14256,3.76,2.64,1.32
0.14258,3.76,2.64,1.32
0.1426,3.76,2.64,1.32
0.14262,3.76,2.64,1.32
0.14264,3.76,2.64,1.32
0.14266,3.76,2.64,1.36
0.14268,3.76,2.64,1.36
0.1427,3.76,2.6,1.32
0.14272,3.76,2.6,1.28
0.14274,3.76,2.64,1.36
0.14276,3.76,2.64,1.32
0.14278,3.76,2.64,1.32
0.1428,3.76,2.64,1.36
0.14282,3.76,2.64,1.32
0.14284,3.76,2.6,1.36
0.14286,3.76,2.64,1.32
0.14288,3.76,2.64,1.36
0.1429,3.76,2.64,1.32
0.14292,3.76,2.64,1.36
0.14294,3.76,2.64,1.36
0.14296,3.76,2.64,1.36
0.14298,3.76,2.64,1.36
0.143,3.76,2.64,1.36
0.14302,3.76,2.64,1.36
0.14304,3.76,2.6,1.36
0.14306,3.76,2.64,1.32
0.14308,3.76,2.64,1.32
0.1431,3.76,2.64,1.32
0.14312,3.76,2.64,1.36
0.14314,3.76,2.64,1.32
0.14316,3.76,2.64,1.32
0.14318,3.76,2.64,1.36
0.1432,3.76,2.64,1.36
0.14322,3.76,2.64,1.36
0.14324,3.76,2.64,1.32
0.14326,3.76,2.64,1.36
0.14328,3.76,2.64,1.32
0.1433,3.76,2.64,1.36
0.14332,3.76,2.64,1.36
0.14334,3.76,2.6,1.36
0.14336,3.76,2.64,1.32
0.14338,3.76,2.64,1.36
0.1434,3.76,2.64,1.36
0.14342,3.76,2.64,1.32
0.14344,3.76,2.64,1.36
0.14346,3.76,2.64,1.32
0.14348,3.76,2.64,1.36
0.1435,3.76,2.64,1.36
0.14352,3.76,2.64,1.36
0.14354,3.76,2.64,1.36
0.14356,3.76,2.64,1.36
0.14358,3.76,2.64,1.36
0.1436,3.76,2.64,1.36
0.14362,3.76,2.64,1.36
0.14364,3.76,2.64,1.36
0.14366,3.76,2.64,1.36
0.14368,3.76,2.64,1.36
0.1437,3.76,2.64,1.32
0.14372,3.76,2.64,1.36
0.14374,3.76,2.64,1.36
0.14376,3.76,2.64,1.36
0.14378,3.76,2.64,1.36
0.1438,3.76,2.64,1.36
0.14382,3.76,2.64,1.36
0.14384,3.76,2.64,1.36
0.14386,3.76,2.64,1.32
0.14388,3.76,2.64,1.36
0.1439,3.76,2.64,1.36
0.14392,3.76,2.64,1.36
0.14394,3.76,2.64,1.36
0.14396,3.76,2.64,1.36
0.14398,3.76,2.64,1.36
0.144,3.76,2.64,1.36
0.14402,3.76,2.6,1.36
0.14404,3.76,2.64,1.32
0.14406,3.76,2.64,1.32
0.14408,3.76,2.64,1.36
0.1441,3.76,2.64,1.36
0.14412,3.76,2.64,1.36
0.14414,3.76,2.64,1.32
0.14416,3.76,2.64,1.36
0.14418,3.76,2.64,1.36
0.1442,3.76,2.64,1.36
0.14422,3.76,2.64,1.36
0.14424,3.76,2.64,1.36
0.14426,3.76,2.64,1.36
0.14428,3.76,2.64,1.36
0.1443,3.76,2.64,1.36
0.14432,3.76,2.64,1.36
0.14434,3.76,2.6,1.36
0.14436,3.76,2.64,1.36
0.14438,3.76,2.64,1.36
0.1444,3.76,2.64,1.36
0.14442,3.76,2.64,1.36
0.14444,3.76,2.64,1.36
0.14446,3.76,2.64,1.36
0.14448,3.76,2.64,1.36
0.1445,3.76,2.64,1.36
0.14452,3.76,2.64,1.36
0.14454,3.76,2.6,1.36
0.14456,3.76,2.64,1.36
0.14458,3.76,2.64,1.36
0.1446,3.76,2.64,1.36
0.14462,3.76,2.64,1.36
0.14464,3.76,2.64,1.36
0.14466,3.76,2.64,1.36
0.14468,3.72,2.64,1.36
0.1447,3.76,2.64,1.36
0.14472,3.76,2.6,1.32
0.14474,3.76,2.64,1.36
0.14476,3.76,2.64,1.36
0.14478,3.76,2.64,1.36
0.1448,3.76,2.64,1.36
0.14482,3.76,2.64,1.36
0.14484,3.76,2.64,1.36
0.14486,3.76,2.64,1.36
0.14488,3.76,2.64,1.36
0.1449,3.76,2.6,1.36
0.14492,3.76,2.64,1.36
0.14494,3.76,2.64,1.36
0.14496,3.76,2.64,1.36
0.14498,3.76,2.64,1.36
0.145,3.76,2.64,1.36
0.14502,3.76,2.64,1.36
0.14504,3.76,2.64,1.36
0.14506,3.76,2.64,1.36
0.14508,3.76,2.64,1.36
0.1451,3.76,2.64,1.36
0.14512,3.76,2.64,1.36
0.14514,3.76,2.64,1.36
0.14516,3.76,2.64,1.36
0.14518,3.76,2.64,1.36
0.1452,3.76,2.64,1.4
0.14522,3.76,2.64,1.4
0.14524,3.76,2.64,1.4
0.14526,3.76,2.64,1.36
0.14528,3.76,2.64,1.36
0.1453,3.76,2.64,1.36
0.14532,3.76,2.6,1.4
0.14534,3.76,2.64,1.4
0.14536,3.76,2.64,1.4
0.14538,3.76,2.64,1.36
0.1454,3.72,2.64,1.36
0.14542,3.76,2.64,1.36
0.14544,3.76,2.64,1.36
0.14546,3.76,2.64,1.36
0.14548,3.76,2.64,1.36
0.1455,3.76,2.64,1.36
0.14552,3.76,2.64,1.36
0.14554,3.76,2.64,1.4
0.14556,3.72,2.64,1.4
0.14558,3.76,2.64,1.36
0.1456,3.76,2.64,1.36
0.14562,3.76,2.64,1.36
0.14564,3.76,2.64,1.4
0.14566,3.76,2.64,1.4
0.14568,3.76,2.64,1.36
0.1457,3.76,2.6,1.36
0.14572,3.76,2.64,1.4
0.14574,3.76,2.64,1.36
0.14576,3.76,2.64,1.4
0.14578,3.76,2.64,1.36
0.1458,3.76,2.64,1.4
0.14582,3.76,2.64,1.4
0.14584,3.72,2.64,1.36
0.14586,3.72,2.64,1.36
0.14588,3.76,2.64,1.4
0.1459,3.72,2.64,1.36
0.14592,3.76,2.64,1.4
0.14594,3.76,2.64,1.4
0.14596,3.76,2.64,1.36
0.14598,3.76,2.64,1.4
0.146,3.76,2.64,1.36
0.14602,3.76,2.64,1.36
0.14604,3.76,2.64,1.4
0.14606,3.76,2.64,1.4
0.14608,3.76,2.6,1.4
0.1461,3.76,2.64,1.4
0.14612,3.76,2.64,1.4
0.14614,3.76,2.64,1.36
0.14616,3.76,2.64,1.4
0.14618,3.76,2.64,1.36
0.1462,3.76,2.6,1.4
0.14622,3.76,2.64,1.4
0.14624,3.76,2.64,1.4
0.14626,3.76,2.64,1.4
0.14628,3.76,2.64,1.4
0.1463,3.76,2.64,1.36
0.14632,3.76,2.64,1.4
0.14634,3.76,2.64,1.4
0.14636,3.76,2.64,1.36
0.14638,3.76,2.64,1.4
0.1464,3.72,2.64,1.36
0.14642,3.72,2.64,1.4
0.14644,3.76,2.64,1.4
0.14646,3.76,2.64,1.4
0.14648,3.76,2.64,1.4
0.1465,3.76,2.64,1.4
0.14652,3.76,2.64,1.4
0.14654,3.76,2.64,1.4
0.14656,3.76,2.64,1.4
0.14658,3.76,2.6,1.4
0.1466,3.76,2.64,1.4
0.14662,3.76,2.64,1.36
0.14664,3.76,2.64,1.4
0.14666,3.76,2.64,1.4
0.14668,3.76,2.64,1.4
0.1467,3.72,2.64,1.4
0.14672,3.76,2.64,1.4
0.14674,3.76,2.64,1.4
0.14676,3.76,2.64,1.4
0.14678,3.76,2.64,1.4
0.1468,3.76,2.64,1.36
0.14682,3.76,2.64,1.4
0.14684,3.76,2.64,1.4
0.14686,3.76,2.64,1.4
0.14688,3.76,2.64,1.36
0.1469,3.76,2.64,1.4
0.14692,3.76,2.64,1.4
0.14694,3.76,2.64,1.4
0.14696,3.76,2.64,1.4
0.14698,3.76,2.64,1.4
0.147,3.76,2.64,1.4
0.14702,3.76,2.64,1.4
0.14704,3.76,2.6,1.4
0.14706,3.76,2.64,1.4
0.14708,3.76,2.64,1.4
0.1471,3.76,2.64,1.4
0.14712,3.76,2.64,1.4
0.14714,3.76,2.64,1.4
0.14716,3.76,2.64,1.4
0.14718,3.76,2.64,1.36
0.1472,3.76,2.64,1.4
0.14722,3.76,2.64,1.4
0.14724,3.76,2.64,1.4
0.14726,3.76,2.64,1.4
0.14728,3.76,2.64,1.4
0.1473,3.76,2.64,1.4
0.14732,3.76,2.64,1.4
0.14734,3.76,2.64,1.4
0.14736,3.76,2.64,1.4
0.14738,3.76,2.64,1.4
0.1474,3.76,2.64,1.4
0.14742,3.76,2.64,1.4
0.14744,3.76,2.64,1.4
0.14746,3.76,2.6,1.4
0.14748,3.76,2.64,1.4
0.1475,3.76,2.64,1.4
0.14752,3.76,2.64,1.4
0.14754,3.76,2.64,1.4
0.14756,3.76,2.64,1.4
0.14758,3.76,2.64,1.4
0.1476,3.76,2.64,1.4
0.14762,3.76,2.64,1.4
0.14764,3.76,2.64,1.4
0.14766,3.76,2.64,1.4
0.14768,3.76,2.64,1.4
0.1477,3.76,2.64,1.4
0.14772,3.76,2.64,1.4
0.14774,3.76,2.64,1.4
0.14776,3.76,2.64,1.4
0.14778,3.76,2.64,1.4
0.1478,3.76,2.64,1.4
0.14782,3.76,2.64,1.4
0.14784,3.76,2.64,1.4
0.14786,3.76,2.64,1.4
0.14788,3.76,2.64,1.4
0.1479,3.76,2.64,1.4
0.14792,3.76,2.64,1.4
0.14794,3.76,2.64,1.4
0.14796,3.76,2.64,1.4
0.14798,3.76,2.6,1.4
0.148,3.76,2.64,1.4
0.14802,3.72,2.64,1.4
0.14804,3.76,2.64,1.4
0.14806,3.76,2.64,1.4
0.14808,3.76,2.64,1.4
0.1481,3.76,2.64,1.4
0.14812,3.76,2.6,1.4
0.14814,3.76,2.6,1.4
0.14816,3.76,2.64,1.4
0.14818,3.76,2.64,1.4
0.1482,3.76,2.64,1.4
0.14822,3.76,2.64,1.4
0.14824,3.76,2.64,1.4
0.14826,3.72,2.64,1.36
0.14828,3.76,2.64,1.4
0.1483,3.76,2.64,1.44
0.14832,3.76,2.64,1.4
0.14834,3.76,2.6,1.4
0.14836,3.76,2.64,1.4
0.14838,3.76,2.64,1.4
0.1484,3.76,2.64,1.4
0.14842,3.76,2.64,1.4
0.14844,3.76,2.64,1.4
0.14846,3.76,2.64,1.4
0.14848,3.76,2.64,1.4
0.1485,3.76,2.64,1.4
0.14852,3.76,2.64,1.4
0.14854,3.76,2.64,1.4
0.14856,3.76,2.64,1.4
0.14858,3.76,2.64,1.4
0.1486,3.76,2.64,1.4
0.14862,3.76,2.64,1.4
0.14864,3.76,2.64,1.4
0.14866,3.76,2.64,1.4
0.14868,3.76,2.64,1.4
0.1487,3.76,2.64,1.4
0.14872,3.76,2.64,1.4
0.14874,3.76,2.64,1.4
0.14876,3.76,2.64,1.4
0.14878,3.76,2.64,1.4
0.1488,3.76,2.64,1.4
0.14882,3.76,2.64,1.44
0.14884,3.76,2.64,1.4
0.14886,3.76,2.64,1.44
0.14888,3.76,2.64,1.4
0.1489,3.76,2.64,1.4
0.14892,3.76,2.64,1.4
0.14894,3.76,2.64,1.4
0.14896,3.76,2.64,1.44
0.14898,3.76,2.64,1.4
0.149,3.76,2.64,1.44
0.14902,3.76,2.64,1.4
0.14904,3.76,2.64,1.4
0.14906,3.76,2.64,1.44
0.14908,3.76,2.64,1.4
0.1491,3.76,2.64,1.4
0.14912,3.76,2.64,1.44
0.14914,3.76,2.64,1.4
0.14916,3.76,2.64,1.4
0.14918,3.76,2.6,1.4
0.1492,3.76,2.64,1.4
0.14922,3.76,2.64,1.44
0.14924,3.76,2.64,1.44
0.14926,3.76,2.64,1.4
0.14928,3.76,2.64,1.4
0.1493,3.76,2.64,1.44
0.14932,3.76,2.64,1.4
0.14934,3.76,2.64,1.44
0.14936,3.76,2.64,1.44
0.14938,3.76,2.64,1.4
0.1494,3.76,2.64,1.44
0.14942,3.76,2.64,1.44
0.14944,3.76,2.64,1.44
0.14946,3.76,2.64,1.44
0.14948,3.76,2.6,1.44
0.1495,3.76,2.64,1.4
0.14952,3.76,2.64,1.44
0.14954,3.76,2.64,1.44
0.14956,3.76,2.6,1.4
0.14958,3.76,2.64,1.4
0.1496,3.76,2.64,1.44
0.14962,3.76,2.64,1.44
0.14964,3.76,2.64,1.44
0.14966,3.76,2.64,1.44
0.14968,3.76,2.64,1.44
0.1497,3.76,2.64,1.44
0.14972,3.76,2.64,1.44
0.14974,3.76,2.64,1.44
0.14976,3.76,2.64,1.44
0.14978,3.76,2.64,1.44
0.1498,3.76,2.64,1.44
0.14982,3.76,2.6,1.44
0.14984,3.76,2.64,1.44
0.14986,3.76,2.64,1.44
0.14988,3.76,2.64,1.44
0.1499,3.76,2.64,1.44
0.14992,3.76,2.64,1.4
0.14994,3.76,2.64,1.44
0.14996,3.76,2.64,1.44
0.14998,3.76,2.64,1.44
0.15,3.76,2.64,1.44
0.15002,3.76,2.6,1.44
0.15004,3.76,2.64,1.44
0.15006,3.76,2.64,1.44
0.15008,3.76,2.64,1.44
0.1501,3.76,2.6,1.4
0.15012,3.76,2.64,1.44
0.15014,3.76,2.64,1.44
0.15016,3.76,2.64,1.44
0.15018,3.76,2.64,1.44
0.1502,3.76,2.64,1.44
0.15022,3.76,2.64,1.44
0.15024,3.76,2.64,1.44
0.15026,3.76,2.64,1.44
0.15028,3.76,2.64,1.44
0.1503,3.76,2.64,1.44
0.15032,3.72,2.64,1.44
0.15034,3.76,2.64,1.44
0.15036,3.76,2.64,1.44
0.15038,3.76,2.64,1.44
0.1504,3.76,2.64,1.44
0.15042,3.76,2.64,1.44
0.15044,3.76,2.6,1.44
0.15046,3.76,2.64,1.44
0.15048,3.76,2.64,1.44
0.1505,3.72,2.64,1.44
0.15052,3.76,2.64,1.44
0.15054,3.76,2.64,1.44
0.15056,3.76,2.64,1.44
0.15058,3.76,2.64,1.44
0.1506,3.76,2.64,1.44
0.15062,3.76,2.64,1.44
0.15064,3.76,2.64,1.44
0.15066,3.76,2.64,1.4
0.15068,3.76,2.64,1.44
0.1507,3.72,2.64,1.44
0.15072,3.76,2.6,1.44
0.15074,3.76,2.64,1.44
0.15076,3.76,2.64,1.44
0.15078,3.76,2.64,1.44
0.1508,3.76,2.64,1.48
0.15082,3.76,2.64,1.44
0.15084,3.76,2.64,1.44
0.15086,3.76,2.64,1.44
0.15088,3.76,2.64,1.44
0.1509,3.76,2.64,1.44
0.15092,3.76,2.64,1.44
0.15094,3.76,2.64,1.44
0.15096,3.76,2.6,1.44
0.15098,3.76,2.64,1.44
0.151,3.76,2.64,1.44
0.15102,3.76,2.64,1.44
0.15104,3.76,2.64,1.44
0.15106,3.76,2.64,1.44
0.15108,3.76,2.64,1.44
0.1511,3.76,2.64,1.44
0.15112,3.76,2.64,1.44
0.15114,3.76,2.64,1.44
0.15116,3.76,2.6,1.44
0.15118,3.76,2.64,1.44
0.1512,3.76,2.64,1.4
0.15122,3.76,2.6,1.44
0.15124,3.76,2.64,1.44
0.15126,3.76,2.64,1.44
0.15128,3.76,2.64,1.44
0.1513,3.76,2.64,1.44
0.15132,3.76,2.64,1.44
0.15134,3.76,2.64,1.44
0.15136,3.76,2.64,1.44
0.15138,3.76,2.64,1.44
0.1514,3.76,2.64,1.44
0.15142,3.76,2.64,1.44
0.15144,3.76,2.64,1.44
0.15146,3.76,2.64,1.44
0.15148,3.76,2.64,1.44
0.1515,3.76,2.64,1.44
0.15152,3.76,2.64,1.48
0.15154,3.76,2.64,1.44
0.15156,3.76,2.64,1.44
0.15158,3.76,2.64,1.44
0.1516,3.76,2.64,1.44
0.15162,3.76,2.64,1.44
0.15164,3.76,2.64,1.44
0.15166,3.76,2.64,1.44
0.15168,3.76,2.64,1.48
0.1517,3.76,2.64,1.44
0.15172,3.76,2.64,1.44
0.15174,3.76,2.64,1.44
0.15176,3.76,2.6,1.44
0.15178,3.76,2.64,1.44
0.1518,3.76,2.64,1.44
0.15182,3.76,2.64,1.44
0.15184,3.76,2.6,1.44
0.15186,3.76,2.64,1.44
0.15188,3.76,2.64,1.44
0.1519,3.76,2.64,1.44
0.15192,3.76,2.64,1.48
0.15194,3.76,2.64,1.44
0.15196,3.76,2.64,1.44
0.15198,3.76,2.64,1.44
0.152,3.72,2.6,1.48
0.15202,3.76,2.64,1.44
0.15204,3.76,2.64,1.44
0.15206,3.76,2.64,1.44
0.15208,3.76,2.64,1.44
0.1521,3.76,2.64,1.44
0.15212,3.76,2.64,1.44
0.15214,3.76,2.64,1.48
0.15216,3.76,2.64,1.48
0.15218,3.76,2.64,1.44
0.1522,3.76,2.64,1.44
0.15222,3.76,2.64,1.44
0.15224,3.72,2.64,1.44
0.15226,3.76,2.64,1.44
0.15228,3.76,2.64,1.44
0.1523,3.76,2.64,1.48
0.15232,3.76,2.64,1.44
0.15234,3.76,2.64,1.44
0.15236,3.76,2.64,1.48
0.15238,3.76,2.64,1.48
0.1524,3.72,2.64,1.48
0.15242,3.76,2.64,1.48
0.15244,3.76,2.64,1.44
0.15246,3.76,2.6,1.48
0.15248,3.76,2.64,1.44
0.1525,3.76,2.64,1.44
0.15252,3.76,2.64,1.48
0.15254,3.76,2.64,1.48
0.15256,3.76,2.64,1.44
0.15258,3.76,2.64,1.48
0.1526,3.76,2.64,1.48
0.15262,3.76,2.64,1.44
0.15264,3.76,2.64,1.48
0.15266,3.76,2.64,1.48
0.15268,3.76,2.64,1.44
0.1527,3.76,2.64,1.48
0.15272,3.76,2.64,1.48
0.15274,3.76,2.64,1.48
0.15276,3.76,2.6,1.44
0.15278,3.76,2.64,1.44
0.1528,3.76,2.64,1.44
0.15282,3.76,2.64,1.44
0.15284,3.76,2.64,1.48
0.15286,3.76,2.64,1.48
0.15288,3.76,2.64,1.44
0.1529,3.76,2.64,1.48
0.15292,3.76,2.64,1.48
0.15294,3.76,2.64,1.48
0.15296,3.76,2.64,1.48
0.15298,3.76,2.64,1.48
0.153,3.76,2.64,1.48
0.15302,3.76,2.64,1.48
0.15304,3.76,2.64,1.48
0.15306,3.76,2.64,1.44
0.15308,3.76,2.64,1.44
0.1531,3.76,2.64,1.48
0.15312,3.76,2.6,1.48
0.15314,3.76,2.64,1.44
0.15316,3.76,2.64,1.48
0.15318,3.76,2.64,1.48
0.1532,3.76,2.64,1.48
0.15322,3.76,2.6,1.48
0.15324,3.76,2.64,1.48
0.15326,3.76,2.64,1.48
0.15328,3.76,2.64,1.48
0.1533,3.76,2.64,1.48
0.15332,3.76,2.64,1.48
0.15334,3.76,2.64,1.48
0.15336,3.72,2.6,1.44
0.15338,3.76,2.64,1.48
0.1534,3.76,2.64,1.48
0.15342,3.76,2.64,1.48
0.15344,3.76,2.64,1.48
0.15346,3.76,2.64,1.48
0.15348,3.76,2.6,1.48
0.1535,3.76,2.64,1.48
0.15352,3.76,2.64,1.48
0.15354,3.76,2.64,1.48
0.15356,3.76,2.64,1.48
0.15358,3.76,2.64,1.48
0.1536,3.76,2.64,1.48
0.15362,3.76,2.64,1.48
0.15364,3.76,2.64,1.48
0.15366,3.76,2.6,1.48
0.15368,3.76,2.64,1.48
0.1537,3.76,2.64,1.48
0.15372,3.76,2.64,1.48
0.15374,3.76,2.64,1.48
0.15376,3.76,2.64,1.48
0.15378,3.76,2.64,1.48
0.1538,3.76,2.64,1.48
0.15382,3.76,2.6,1.48
0.15384,3.76,2.64,1.48
0.15386,3.72,2.64,1.48
0.15388,3.76,2.64,1.48
0.1539,3.76,2.64,1.48
0.15392,3.76,2.64,1.48
0.15394,3.76,2.64,1.48
0.15396,3.76,2.64,1.48
0.15398,3.76,2.64,1.48
0.154,3.76,2.64,1.48
0.15402,3.76,2.64,1.48
0.15404,3.76,2.64,1.48
0.15406,3.76,2.64,1.48
0.15408,3.76,2.64,1.48
0.1541,3.76,2.64,1.48
0.15412,3.76,2.64,1.48
0.15414,3.76,2.64,1.48
0.15416,3.76,2.64,1.48
0.15418,3.76,2.64,1.52
0.1542,3.76,2.64,1.48
0.15422,3.76,2.64,1.48
0.15424,3.76,2.64,1.48
0.15426,3.76,2.64,1.48
0.15428,3.76,2.64,1.48
0.1543,3.76,2.64,1.48
0.15432,3.76,2.64,1.48
0.15434,3.76,2.6,1.48
0.15436,3.76,2.64,1.48
0.15438,3.76,2.64,1.48
0.1544,3.76,2.64,1.48
0.15442,3.76,2.64,1.48
0.15444,3.76,2.64,1.48
0.15446,3.76,2.6,1.48
0.15448,3.76,2.64,1.48
0.1545,3.76,2.64,1.48
0.15452,3.76,2.64,1.48
0.15454,3.76,2.64,1.48
0.15456,3.76,2.6,1.48
0.15458,3.76,2.64,1.48
0.1546,3.76,2.64,1.48
0.15462,3.76,2.64,1.48
0.15464,3.76,2.64,1.48
0.15466,3.76,2.64,1.48
0.15468,3.76,2.64,1.48
0.1547,3.76,2.64,1.48
0.15472,3.76,2.64,1.48
0.15474,3.76,2.64,1.48
0.15476,3.76,2.64,1.48
0.15478,3.76,2.64,1.48
0.1548,3.76,2.64,1.48
0.15482,3.76,2.64,1.48
0.15484,3.76,2.6,1.48
0.15486,3.76,2.64,1.48
0.15488,3.76,2.64,1.52
0.1549,3.76,2.64,1.48
0.15492,3.76,2.64,1.48
0.15494,3.76,2.64,1.48
0.15496,3.76,2.64,1.48
0.15498,3.76,2.64,1.48
0.155,3.76,2.64,1.48
0.15502,3.76,2.64,1.48
0.15504,3.76,2.64,1.48
0.15506,3.76,2.64,1.52
0.15508,3.72,2.64,1.52
0.1551,3.76,2.64,1.48
0.15512,3.76,2.64,1.48
0.15514,3.76,2.64,1.48
0.15516,3.76,2.64,1.48
0.15518,3.76,2.64,1.48
0.1552,3.76,2.64,1.48
0.15522,3.76,2.64,1.48
0.15524,3.76,2.64,1.52
0.15526,3.76,2.64,1.48
0.15528,3.76,2.64,1.48
0.1553,3.76,2.64,1.48
0.15532,3.76,2.64,1.52
0.15534,3.72,2.64,1.48
0.15536,3.76,2.6,1.48
0.15538,3.76,2.64,1.52
0.1554,3.76,2.64,1.48
0.15542,3.76,2.6,1.48
0.15544,3.76,2.64,1.48
0.15546,3.76,2.6,1.48
0.15548,3.76,2.64,1.48
0.1555,3.76,2.64,1.48
0.15552,3.76,2.64,1.48
0.15554,3.76,2.6,1.48
0.15556,3.76,2.64,1.52
0.15558,3.76,2.64,1.48
0.1556,3.76,2.64,1.48
0.15562,3.76,2.64,1.48
0.15564,3.76,2.64,1.48
0.15566,3.76,2.64,1.48
0.15568,3.76,2.64,1.48
0.1557,3.76,2.64,1.52
0.15572,3.76,2.64,1.48
0.15574,3.76,2.64,1.48
0.15576,3.76,2.64,1.48
0.15578,3.76,2.64,1.52
0.1558,3.76,2.64,1.52
0.15582,3.76,2.64,1.48
0.15584,3.76,2.64,1.48
0.15586,3.76,2.64,1.52
0.15588,3.76,2.64,1.48
0.1559,3.76,2.64,1.48
0.15592,3.76,2.6,1.48
0.15594,3.76,2.64,1.52
0.15596,3.76,2.64,1.52
0.15598,3.76,2.6,1.48
0.156,3.76,2.64,1.52
0.15602,3.76,2.64,1.48
0.15604,3.72,2.64,1.48
0.15606,3.76,2.64,1.48
0.15608,3.76,2.64,1.52
0.1561,3.76,2.64,1.48
0.15612,3.76,2.64,1.52
0.15614,3.76,2.64,1.48
0.15616,3.76,2.64,1.48
0.15618,3.76,2.64,1.52
0.1562,3.76,2.64,1.52
0.15622,3.76,2.64,1.52
0.15624,3.76,2.64,1.48
0.15626,3.76,2.64,1.52
0.15628,3.76,2.64,1.52
0.1563,3.76,2.6,1.52
0.15632,3.76,2.64,1.52
0.15634,3.76,2.64,1.52
0.15636,3.76,2.64,1.52
0.15638,3.76,2.64,1.52
0.1564,3.76,2.64,1.52
0.15642,3.76,2.64,1.48
0.15644,3.76,2.64,1.52
0.15646,3.76,2.64,1.48
0.15648,3.76,2.64,1.48
0.1565,3.76,2.64,1.52
0.15652,3.76,2.64,1.52
0.15654,3.76,2.64,1.52
0.15656,3.76,2.64,1.52
0.15658,3.76,2.64,1.48
0.1566,3.76,2.64,1.52
0.15662,3.76,2.64,1.52
0.15664,3.76,2.64,1.52
0.15666,3.76,2.64,1.52
0.15668,3.76,2.64,1.52
0.1567,3.76,2.64,1.52
0.15672,3.76,2.64,1.52
0.15674,3.76,2.64,1.52
0.15676,3.76,2.6,1.52
0.15678,3.76,2.64,1.52
0.1568,3.76,2.64,1.52
0.15682,3.76,2.64,1.52
0.15684,3.76,2.64,1.52
0.15686,3.76,2.64,1.52
0.15688,3.76,2.64,1.52
0.1569,3.76,2.64,1.52
0.15692,3.76,2.64,1.52
0.15694,3.76,2.64,1.52
0.15696,3.76,2.64,1.52
0.15698,3.76,2.64,1.52
0.157,3.76,2.64,1.52
0.15702,3.76,2.64,1.52
0.15704,3.76,2.6,1.52
0.15706,3.76,2.64,1.52
0.15708,3.76,2.64,1.52
0.1571,3.76,2.64,1.52
0.15712,3.76,2.64,1.52
0.15714,3.76,2.64,1.52
0.15716,3.72,2.64,1.52
0.15718,3.76,2.64,1.52
0.1572,3.76,2.64,1.52
0.15722,3.76,2.64,1.52
0.15724,3.76,2.64,1.52
0.15726,3.76,2.64,1.52
0.15728,3.76,2.64,1.48
0.1573,3.76,2.64,1.52
0.15732,3.76,2.64,1.52
0.15734,3.76,2.6,1.52
0.15736,3.76,2.64,1.52
0.15738,3.76,2.64,1.52
0.1574,3.76,2.64,1.52
0.15742,3.76,2.64,1.52
0.15744,3.76,2.64,1.52
0.15746,3.76,2.64,1.52
0.15748,3.76,2.64,1.52
0.1575,3.76,2.64,1.52
0.15752,3.76,2.64,1.52
0.15754,3.76,2.64,1.52
0.15756,3.76,2.64,1.52
0.15758,3.76,2.6,1.52
0.1576,3.76,2.64,1.52
0.15762,3.76,2.64,1.52
0.15764,3.76,2.64,1.52
0.15766,3.76,2.64,1.52
0.15768,3.76,2.64,1.52
0.1577,3.76,2.64,1.52
0.15772,3.76,2.64,1.52
0.15774,3.76,2.6,1.52
0.15776,3.76,2.64,1.52
0.15778,3.76,2.64,1.52
0.1578,3.76,2.64,1.52
0.15782,3.76,2.64,1.52
0.15784,3.76,2.6,1.52
0.15786,3.76,2.64,1.52
0.15788,3.76,2.64,1.52
0.1579,3.76,2.64,1.52
0.15792,3.76,2.64,1.52
0.15794,3.76,2.6,1.52
0.15796,3.76,2.64,1.52
0.15798,3.76,2.64,1.52
0.158,3.76,2.64,1.56
0.15802,3.76,2.64,1.52
0.15804,3.76,2.64,1.52
0.15806,3.76,2.64,1.52
0.15808,3.76,2.64,1.52
0.1581,3.76,2.64,1.52
0.15812,3.76,2.64,1.52
0.15814,3.76,2.64,1.56
0.15816,3.76,2.64,1.52
0.15818,3.76,2.64,1.52
0.1582,3.76,2.64,1.52
0.15822,3.76,2.64,1.52
0.15824,3.76,2.64,1.52
0.15826,3.76,2.64,1.52
0.15828,3.76,2.64,1.52
0.1583,3.76,2.64,1.52
0.15832,3.76,2.64,1.52
0.15834,3.76,2.64,1.52
0.15836,3.76,2.64,1.52
0.15838,3.76,2.64,1.52
0.1584,3.76,2.64,1.52
0.15842,3.76,2.64,1.52
0.15844,3.76,2.64,1.52
0.15846,3.76,2.64,1.56
0.15848,3.76,2.64,1.52
0.1585,3.76,2.64,1.52
0.15852,3.76,2.64,1.52
0.15854,3.76,2.6,1.52
0.15856,3.76,2.64,1.52
0.15858,3.76,2.64,1.52
0.1586,3.76,2.64,1.52
0.15862,3.76,2.64,1.52
0.15864,3.76,2.64,1.52
0.15866,3.76,2.64,1.52
0.15868,3.76,2.64,1.56
0.1587,3.76,2.64,1.56
0.15872,3.76,2.64,1.52
0.15874,3.76,2.64,1.56
0.15876,3.76,2.64,1.56
0.15878,3.76,2.64,1.52
0.1588,3.76,2.64,1.56
0.15882,3.76,2.64,1.52
0.15884,3.76,2.64,1.56
0.15886,3.76,2.64,1.52
0.15888,3.76,2.64,1.52
0.1589,3.76,2.64,1.52
0.15892,3.76,2.64,1.52
0.15894,3.76,2.64,1.52
0.15896,3.76,2.64,1.52
0.15898,3.76,2.64,1.56
0.159,3.76,2.64,1.56
0.15902,3.76,2.64,1.52
0.15904,3.72,2.6,1.52
0.15906,3.76,2.64,1.56
0.15908,3.76,2.64,1.56
0.1591,3.76,2.64,1.52
0.15912,3.76,2.64,1.56
0.15914,3.76,2.64,1.56
0.15916,3.76,2.6,1.52
0.15918,3.76,2.64,1.52
0.1592,3.76,2.64,1.56
0.15922,3.76,2.64,1.52
0.15924,3.76,2.64,1.56
0.15926,3.76,2.64,1.52
0.15928,3.76,2.64,1.56
0.1593,3.76,2.64,1.56
0.15932,3.76,2.64,1.56
0.15934,3.76,2.64,1.52
0.15936,3.76,2.64,1.52
0.15938,3.76,2.64,1.56
0.1594,3.76,2.64,1.56
0.15942,3.76,2.64,1.56
0.15944,3.76,2.6,1.56
0.15946,3.76,2.64,1.56
0.15948,3.76,2.64,1.56
0.1595,3.76,2.64,1.56
0.15952,3.76,2.64,1.52
0.15954,3.76,2.64,1.56
0.15956,3.76,2.64,1.56
0.15958,3.76,2.64,1.56
0.1596,3.76,2.64,1.56
0.15962,3.76,2.64,1.52
0.15964,3.76,2.6,1.56
0.15966,3.76,2.64,1.56
0.15968,3.76,2.6,1.52
0.1597,3.76,2.64,1.56
0.15972,3.76,2.64,1.56
0.15974,3.76,2.64,1.56
0.15976,3.76,2.64,1.52
0.15978,3.76,2.64,1.56
0.1598,3.72,2.64,1.52
0.15982,3.76,2.6,1.56
0.15984,3.76,2.64,1.56
0.15986,3.76,2.64,1.56
0.15988,3.76,2.64,1.56
0.1599,3.76,2.64,1.56
0.15992,3.76,2.64,1.56
0.15994,3.76,2.64,1.56
0.15996,3.76,2.6,1.56
0.15998,3.76,2.64,1.56
0.16,3.76,2.64,1.56
0.16002,3.76,2.64,1.56
0.16004,3.76,2.64,1.56
0.16006,3.76,2.64,1.52
0.16008,3.76,2.64,1.56
0.1601,3.76,2.64,1.56
0.16012,3.76,2.64,1.56
0.16014,3.76,2.64,1.56
0.16016,3.76,2.6,1.56
0.16018,3.76,2.64,1.56
0.1602,3.76,2.64,1.56
0.16022,3.76,2.64,1.56
0.16024,3.76,2.64,1.56
0.16026,3.76,2.64,1.56
0.16028,3.76,2.64,1.56
0.1603,3.76,2.6,1.56
0.16032,3.76,2.64,1.56
0.16034,3.76,2.64,1.56
0.16036,3.76,2.64,1.56
0.16038,3.76,2.64,1.56
0.1604,3.76,2.64,1.56
0.16042,3.76,2.64,1.56
0.16044,3.76,2.64,1.56
0.16046,3.76,2.64,1.56
0.16048,3.76,2.64,1.56
0.1605,3.76,2.64,1.56
0.16052,3.76,2.64,1.56
0.16054,3.76,2.64,1.56
0.16056,3.76,2.64,1.56
0.16058,3.76,2.64,1.56
0.1606,3.76,2.64,1.56
0.16062,3.76,2.64,1.56
0.16064,3.76,2.64,1.56
0.16066,3.76,2.64,1.56
0.16068,3.76,2.64,1.56
0.1607,3.76,2.64,1.56
0.16072,3.76,2.64,1.56
0.16074,3.76,2.64,1.56
0.16076,3.76,2.64,1.56
0.16078,3.76,2.64,1.56
0.1608,3.76,2.64,1.56
0.16082,3.76,2.64,1.56
0.16084,3.76,2.64,1.56
0.16086,3.76,2.6,1.56
0.16088,3.76,2.64,1.56
0.1609,3.76,2.64,1.56
0.16092,3.76,2.64,1.56
0.16094,3.76,2.64,1.56
0.16096,3.76,2.64,1.56
0.16098,3.76,2.64,1.56
0.161,3.76,2.64,1.56
0.16102,3.76,2.64,1.56
0.16104,3.76,2.64,1.6
0.16106,3.76,2.64,1.56
0.16108,3.76,2.64,1.56
0.1611,3.76,2.64,1.56
0.16112,3.76,2.64,1.56
0.16114,3.76,2.64,1.56
0.16116,3.76,2.64,1.56
0.16118,3.76,2.64,1.56
0.1612,3.76,2.6,1.56
0.16122,3.76,2.64,1.56
0.16124,3.76,2.64,1.56
0.16126,3.76,2.64,1.56
0.16128,3.76,2.64,1.56
0.1613,3.72,2.64,1.56
0.16132,3.76,2.64,1.56
0.16134,3.76,2.64,1.56
0.16136,3.76,2.64,1.56
0.16138,3.76,2.64,1.56
0.1614,3.76,2.64,1.56
0.16142,3.76,2.64,1.56
0.16144,3.76,2.64,1.56
0.16146,3.76,2.64,1.56
0.16148,3.76,2.64,1.56
0.1615,3.76,2.64,1.56
0.16152,3.76,2.64,1.56
0.16154,3.76,2.64,1.56
0.16156,3.76,2.64,1.56
0.16158,3.76,2.64,1.56
0.1616,3.76,2.64,1.56
0.16162,3.76,2.64,1.6
0.16164,3.76,2.64,1.56
0.16166,3.76,2.64,1.56
0.16168,3.76,2.6,1.56
0.1617,3.76,2.64,1.56
0.16172,3.76,2.64,1.56
0.16174,3.76,2.64,1.56
0.16176,3.76,2.64,1.56
0.16178,3.76,2.64,1.56
0.1618,3.76,2.64,1.56
0.16182,3.76,2.64,1.56
0.16184,3.76,2.64,1.6
0.16186,3.76,2.64,1.6
0.16188,3.76,2.64,1.56
0.1619,3.76,2.64,1.56
0.16192,3.76,2.64,1.56
0.16194,3.76,2.64,1.56
0.16196,3.76,2.64,1.6
0.16198,3.76,2.6,1.56
0.162,3.76,2.64,1.56
0.16202,3.76,2.64,1.56
0.16204,3.76,2.64,1.56
0.16206,3.76,2.64,1.6
0.16208,3.76,2.64,1.56
0.1621,3.76,2.64,1.56
0.16212,3.76,2.64,1.56
0.16214,3.76,2.64,1.6
0.16216,3.76,2.64,1.56
0.16218,3.76,2.64,1.56
0.1622,3.76,2.64,1.56
0.16222,3.76,2.64,1.56
0.16224,3.76,2.64,1.56
0.16226,3.76,2.64,1.56
0.16228,3.76,2.64,1.56
0.1623,3.76,2.64,1.56
0.16232,3.76,2.64,1.6
0.16234,3.76,2.64,1.56
0.16236,3.76,2.64,1.56
0.16238,3.76,2.64,1.56
0.1624,3.76,2.64,1.6
0.16242,3.76,2.64,1.56
0.16244,3.76,2.64,1.56
0.16246,3.76,2.64,1.56
0.16248,3.76,2.64,1.6
0.1625,3.76,2.64,1.56
0.16252,3.76,2.64,1.56
0.16254,3.76,2.64,1.56
0.16256,3.76,2.64,1.56
0.16258,3.76,2.6,1.56
0.1626,3.76,2.64,1.6
0.16262,3.76,2.6,1.6
0.16264,3.76,2.64,1.6
0.16266,3.76,2.64,1.56
0.16268,3.76,2.64,1.6
0.1627,3.76,2.64,1.56
0.16272,3.76,2.64,1.6
0.16274,3.76,2.64,1.56
0.16276,3.76,2.64,1.56
0.16278,3.76,2.64,1.6
0.1628,3.76,2.64,1.56
0.16282,3.76,2.64,1.56
0.16284,3.76,2.64,1.6
0.16286,3.76,2.64,1.56
0.16288,3.76,2.64,1.56
0.1629,3.76,2.64,1.6
0.16292,3.76,2.64,1.6
0.16294,3.76,2.64,1.56
0.16296,3.76,2.64,1.6
0.16298,3.76,2.64,1.56
0.163,3.76,2.64,1.56
0.16302,3.76,2.64,1.6
0.16304,3.76,2.64,1.56
0.16306,3.76,2.64,1.6
0.16308,3.76,2.64,1.6
0.1631,3.76,2.64,1.6
0.16312,3.76,2.64,1.56
0.16314,3.76,2.64,1.56
0.16316,3.76,2.64,1.6
0.16318,3.76,2.64,1.56
0.1632,3.76,2.64,1.6
0.16322,3.76,2.64,1.56
0.16324,3.76,2.64,1.6
0.16326,3.76,2.64,1.6
0.16328,3.76,2.64,1.6
0.1633,3.76,2.64,1.6
0.16332,3.76,2.64,1.56
0.16334,3.76,2.64,1.6
0.16336,3.76,2.64,1.6
0.16338,3.76,2.64,1.56
0.1634,3.76,2.64,1.6
0.16342,3.76,2.64,1.6
0.16344,3.76,2.64,1.6
0.16346,3.76,2.64,1.6
0.16348,3.76,2.64,1.6
0.1635,3.76,2.64,1.6
0.16352,3.76,2.6,1.56
0.16354,3.76,2.64,1.6
0.16356,3.76,2.64,1.6
0.16358,3.76,2.64,1.6
0.1636,3.76,2.6,1.56
0.16362,3.76,2.64,1.6
0.16364,3.76,2.64,1.6
0.16366,3.76,2.64,1.56
0.16368,3.76,2.64,1.6
0.1637,3.76,2.64,1.6
0.16372,3.76,2.64,1.6
0.16374,3.76,2.64,1.6
0.16376,3.76,2.64,1.6
0.16378,3.76,2.64,1.6
0.1638,3.76,2.64,1.6
0.16382,3.76,2.64,1.6
0.16384,3.76,2.64,1.6
0.16386,3.76,2.64,1.6
0.16388,3.76,2.64,1.6
0.1639,3.76,2.64,1.6
0.16392,3.76,2.64,1.6
0.16394,3.76,2.64,1.6
0.16396,3.76,2.64,1.6
0.16398,3.76,2.64,1.6
0.164,3.76,2.64,1.6
0.16402,3.76,2.64,1.6
0.16404,3.76,2.64,1.64
0.16406,3.76,2.64,1.6
0.16408,3.76,2.64,1.6
0.1641,3.76,2.64,1.6
0.16412,3.76,2.6,1.6
0.16414,3.76,2.64,1.6
0.16416,3.76,2.64,1.6
0.16418,3.76,2.6,1.6
0.1642,3.76,2.64,1.6
0.16422,3.76,2.64,1.6
0.16424,3.76,2.64,1.6
0.16426,3.76,2.64,1.6
0.16428,3.76,2.64,1.6
0.1643,3.76,2.64,1.6
0.16432,3.76,2.64,1.6
0.16434,3.76,2.64,1.6
0.16436,3.76,2.64,1.6
0.16438,3.76,2.64,1.6
0.1644,3.76,2.64,1.6
0.16442,3.76,2.64,1.6
0.16444,3.76,2.64,1.6
0.16446,3.76,2.64,1.6
0.16448,3.76,2.64,1.6
0.1645,3.76,2.64,1.6
0.16452,3.76,2.64,1.6
0.16454,3.76,2.64,1.6
0.16456,3.76,2.64,1.6
0.16458,3.76,2.64,1.6
0.1646,3.76,2.64,1.64
0.16462,3.76,2.64,1.6
0.16464,3.76,2.64,1.6
0.16466,3.76,2.64,1.6
0.16468,3.76,2.64,1.6
0.1647,3.76,2.64,1.6
0.16472,3.76,2.64,1.6
0.16474,3.76,2.64,1.6
0.16476,3.76,2.64,1.6
0.16478,3.76,2.6,1.6
0.1648,3.76,2.64,1.6
0.16482,3.76,2.64,1.6
0.16484,3.76,2.64,1.6
0.16486,3.76,2.64,1.6
0.16488,3.76,2.64,1.6
0.1649,3.76,2.64,1.6
0.16492,3.76,2.64,1.56
0.16494,3.76,2.64,1.6
0.16496,3.76,2.64,1.6
0.16498,3.76,2.64,1.64
0.165,3.76,2.64,1.6
0.16502,3.76,2.64,1.64
0.16504,3.76,2.6,1.6
0.16506,3.76,2.64,1.6
0.16508,3.76,2.64,1.64
0.1651,3.76,2.64,1.6
0.16512,3.76,2.64,1.6
0.16514,3.76,2.64,1.6
0.16516,3.76,2.64,1.6
0.16518,3.76,2.64,1.6
0.1652,3.76,2.64,1.6
0.16522,3.76,2.64,1.6
0.16524,3.76,2.64,1.6
0.16526,3.76,2.64,1.6
0.16528,3.76,2.64,1.6
0.1653,3.76,2.64,1.6
0.16532,3.76,2.64,1.6
0.16534,3.76,2.64,1.6
0.16536,3.76,2.6,1.6
0.16538,3.76,2.64,1.6
0.1654,3.76,2.64,1.6
0.16542,3.76,2.64,1.6
0.16544,3.76,2.64,1.64
0.16546,3.76,2.64,1.64
0.16548,3.76,2.64,1.6
0.1655,3.76,2.64,1.6
0.16552,3.76,2.64,1.6
0.16554,3.76,2.64,1.6
0.16556,3.76,2.64,1.6
0.16558,3.76,2.64,1.6
0.1656,3.76,2.64,1.64
0.16562,3.76,2.64,1.68
0.16564,3.76,2.6,1.6
0.16566,3.76,2.64,1.6
0.16568,3.76,2.64,1.64
0.1657,3.76,2.64,1.64
0.16572,3.76,2.64,1.6
0.16574,3.76,2.64,1.6
0.16576,3.76,2.64,1.64
0.16578,3.76,2.64,1.6
0.1658,3.76,2.64,1.6
0.16582,3.76,2.64,1.6
0.16584,3.76,2.64,1.6
0.16586,3.76,2.64,1.6
0.16588,3.76,2.64,1.6
0.1659,3.76,2.64,1.64
0.16592,3.76,2.64,1.64
0.16594,3.76,2.64,1.64
0.16596,3.76,2.6,1.6
0.16598,3.76,2.6,1.64
0.166,3.76,2.64,1.6
0.16602,3.76,2.64,1.64
0.16604,3.76,2.64,1.64
0.16606,3.76,2.64,1.64
0.16608,3.76,2.64,1.64
0.1661,3.76,2.64,1.6
0.16612,3.76,2.64,1.6
0.16614,3.76,2.64,1.64
0.16616,3.76,2.64,1.64
0.16618,3.76,2.64,1.6
0.1662,3.76,2.64,1.64
0.16622,3.76,2.64,1.64
0.16624,3.76,2.64,1.6
0.16626,3.76,2.64,1.6
0.16628,3.76,2.64,1.64
0.1663,3.76,2.64,1.6
0.16632,3.76,2.64,1.6
0.16634,3.76,2.64,1.6
0.16636,3.76,2.64,1.64
0.16638,3.76,2.64,1.6
0.1664,3.76,2.64,1.64
0.16642,3.76,2.6,1.64
0.16644,3.76,2.64,1.64
0.16646,3.76,2.64,1.6
0.16648,3.76,2.64,1.64
0.1665,3.76,2.64,1.64
0.16652,3.76,2.64,1.64
0.16654,3.76,2.64,1.64
0.16656,3.76,2.6,1.64
0.16658,3.76,2.6,1.64
0.1666,3.76,2.64,1.64
0.16662,3.72,2.6,1.6
0.16664,3.76,2.64,1.64
0.16666,3.76,2.64,1.64
0.16668,3.76,2.64,1.6
0.1667,3.76,2.64,1.64
0.16672,3.76,2.64,1.64
0.16674,3.76,2.64,1.64
0.16676,3.76,2.64,1.64
0.16678,3.76,2.64,1.64
0.1668,3.76,2.64,1.6
0.16682,3.76,2.64,1.64
0.16684,3.76,2.64,1.64
0.16686,3.76,2.6,1.64
0.16688,3.76,2.64,1.6
0.1669,3.76,2.64,1.64
0.16692,3.76,2.64,1.64
0.16694,3.76,2.64,1.64
0.16696,3.76,2.6,1.6
0.16698,3.76,2.64,1.6
0.167,3.76,2.64,1.64
0.16702,3.76,2.64,1.64
0.16704,3.76,2.64,1.64
0.16706,3.76,2.64,1.64
0.16708,3.76,2.64,1.64
0.1671,3.76,2.6,1.64
0.16712,3.76,2.64,1.64
0.16714,3.76,2.64,1.64
0.16716,3.76,2.64,1.64
0.16718,3.76,2.64,1.6
0.1672,3.76,2.64,1.64
0.16722,3.76,2.64,1.64
0.16724,3.76,2.64,1.6
0.16726,3.76,2.64,1.64
0.16728,3.76,2.64,1.64
0.1673,3.76,2.64,1.64
0.16732,3.76,2.64,1.64
0.16734,3.76,2.64,1.64
0.16736,3.76,2.64,1.64
0.16738,3.76,2.64,1.64
0.1674,3.76,2.64,1.64
0.16742,3.76,2.64,1.64
0.16744,3.76,2.64,1.64
0.16746,3.76,2.6,1.64
0.16748,3.76,2.64,1.64
0.1675,3.76,2.64,1.64
0.16752,3.76,2.64,1.64
0.16754,3.76,2.64,1.64
0.16756,3.76,2.64,1.64
0.16758,3.76,2.64,1.64
0.1676,3.76,2.64,1.64
0.16762,3.76,2.64,1.64
0.16764,3.76,2.64,1.64
0.16766,3.76,2.6,1.64
0.16768,3.76,2.64,1.6
0.1677,3.76,2.64,1.64
0.16772,3.76,2.64,1.64
0.16774,3.76,2.64,1.64
0.16776,3.72,2.64,1.64
0.16778,3.76,2.6,1.64
0.1678,3.76,2.64,1.64
0.16782,3.76,2.64,1.64
0.16784,3.76,2.64,1.64
0.16786,3.76,2.64,1.64
0.16788,3.76,2.64,1.64
0.1679,3.76,2.64,1.64
0.16792,3.76,2.64,1.64
0.16794,3.76,2.6,1.64
0.16796,3.76,2.64,1.64
0.16798,3.76,2.64,1.64
0.168,3.76,2.64,1.64
0.16802,3.76,2.64,1.64
0.16804,3.76,2.6,1.64
0.16806,3.76,2.64,1.64
0.16808,3.76,2.64,1.64
0.1681,3.76,2.64,1.64
0.16812,3.76,2.6,1.64
0.16814,3.76,2.64,1.64
0.16816,3.76,2.6,1.64
0.16818,3.76,2.64,1.64
0.1682,3.76,2.64,1.64
0.16822,3.76,2.64,1.64
0.16824,3.76,2.64,1.64
0.16826,3.76,2.64,1.64
0.16828,3.76,2.64,1.64
0.1683,3.76,2.64,1.64
0.16832,3.76,2.64,1.64
0.16834,3.76,2.64,1.64
0.16836,3.76,2.64,1.64
0.16838,3.76,2.64,1.64
0.1684,3.76,2.64,1.64
0.16842,3.76,2.64,1.64
0.16844,3.76,2.6,1.64
0.16846,3.76,2.64,1.64
0.16848,3.76,2.64,1.64
0.1685,3.76,2.64,1.64
0.16852,3.76,2.64,1.64
0.16854,3.76,2.64,1.64
0.16856,3.76,2.64,1.64
0.16858,3.76,2.64,1.64
0.1686,3.76,2.64,1.64
0.16862,3.76,2.64,1.64
0.16864,3.76,2.64,1.64
0.16866,3.76,2.6,1.64
0.16868,3.76,2.64,1.64
0.1687,3.76,2.64,1.64
0.16872,3.76,2.64,1.64
0.16874,3.76,2.64,1.68
0.16876,3.76,2.64,1.64
0.16878,3.76,2.64,1.64
0.1688,3.76,2.64,1.64
0.16882,3.76,2.64,1.64
0.16884,3.76,2.64,1.64
0.16886,3.76,2.6,1.64
0.16888,3.76,2.64,1.64
0.1689,3.76,2.64,1.64
0.16892,3.76,2.64,1.64
0.16894,3.76,2.64,1.64
0.16896,3.76,2.64,1.64
0.16898,3.76,2.64,1.64
0.169,3.76,2.64,1.64
0.16902,3.76,2.64,1.64
0.16904,3.76,2.64,1.64
0.16906,3.76,2.64,1.64
0.16908,3.76,2.64,1.64
0.1691,3.76,2.64,1.64
0.16912,3.76,2.64,1.64
0.16914,3.76,2.64,1.64
0.16916,3.76,2.64,1.68
0.16918,3.76,2.64,1.68
0.1692,3.76,2.64,1.64
0.16922,3.76,2.64,1.64
0.16924,3.76,2.64,1.68
0.16926,3.76,2.64,1.64
0.16928,3.76,2.64,1.68
0.1693,3.76,2.64,1.64
0.16932,3.76,2.64,1.64
0.16934,3.76,2.64,1.64
0.16936,3.76,2.6,1.64
0.16938,3.76,2.64,1.64
0.1694,3.76,2.64,1.64
0.16942,3.76,2.64,1.64
0.16944,3.76,2.64,1.64
0.16946,3.76,2.64,1.68
0.16948,3.76,2.64,1.64
0.1695,3.76,2.64,1.68
0.16952,3.8,2.64,1.64
0.16954,3.76,2.64,1.64
0.16956,3.76,2.64,1.68
0.16958,3.76,2.64,1.64
0.1696,3.76,2.64,1.64
0.16962,3.76,2.64,1.64
0.16964,3.76,2.64,1.68
0.16966,3.76,2.64,1.64
0.16968,3.76,2.64,1.68
0.1697,3.76,2.64,1.64
0.16972,3.76,2.64,1.68
0.16974,3.76,2.64,1.64
0.16976,3.76,2.64,1.68
0.16978,3.76,2.64,1.64
0.1698,3.76,2.64,1.68
0.16982,3.76,2.6,1.64
0.16984,3.76,2.64,1.64
0.16986,3.76,2.64,1.64
0.16988,3.76,2.64,1.64
0.1699,3.76,2.64,1.68
0.16992,3.72,2.64,1.64
0.16994,3.76,2.64,1.68
0.16996,3.76,2.64,1.68
0.16998,3.76,2.6,1.64
0.17,3.76,2.6,1.64
0.17002,3.76,2.64,1.64
0.17004,3.76,2.64,1.68
0.17006,3.76,2.64,1.64
0.17008,3.76,2.64,1.68
0.1701,3.76,2.64,1.64
0.17012,3.76,2.64,1.64
0.17014,3.76,2.64,1.68
0.17016,3.76,2.64,1.64
0.17018,3.76,2.64,1.64
0.1702,3.76,2.64,1.64
0.17022,3.76,2.64,1.64
0.17024,3.76,2.64,1.68
0.17026,3.76,2.64,1.68
0.17028,3.76,2.64,1.64
0.1703,3.76,2.64,1.64
0.17032,3.76,2.64,1.68
0.17034,3.76,2.64,1.68
0.17036,3.76,2.64,1.68
0.17038,3.76,2.64,1.68
0.1704,3.76,2.64,1.68
0.17042,3.76,2.64,1.68
0.17044,3.76,2.64,1.68
0.17046,3.76,2.64,1.68
0.17048,3.76,2.64,1.68
0.1705,3.76,2.64,1.64
0.17052,3.76,2.64,1.64
0.17054,3.76,2.64,1.64
0.17056,3.76,2.64,1.68
0.17058,3.76,2.64,1.68
0.1706,3.76,2.64,1.68
0.17062,3.76,2.64,1.68
0.17064,3.76,2.64,1.68
0.17066,3.76,2.64,1.68
0.17068,3.76,2.6,1.68
0.1707,3.76,2.64,1.68
0.17072,3.76,2.64,1.64
0.17074,3.76,2.64,1.68
0.17076,3.76,2.64,1.68
0.17078,3.76,2.64,1.68
0.1708,3.76,2.64,1.68
0.17082,3.76,2.64,1.64
0.17084,3.76,2.64,1.64
0.17086,3.76,2.64,1.64
0.17088,3.76,2.64,1.68
0.1709,3.76,2.64,1.68
0.17092,3.76,2.64,1.68
0.17094,3.76,2.64,1.68
0.17096,3.76,2.64,1.68
0.17098,3.76,2.6,1.64
0.171,3.76,2.64,1.64
0.17102,3.76,2.64,1.68
0.17104,3.76,2.64,1.68
0.17106,3.76,2.64,1.64
0.17108,3.76,2.64,1.68
0.1711,3.76,2.64,1.68
0.17112,3.76,2.64,1.68
0.17114,3.76,2.64,1.68
0.17116,3.76,2.64,1.68
0.17118,3.76,2.64,1.68
0.1712,3.76,2.64,1.68
0.17122,3.76,2.64,1.68
0.17124,3.76,2.64,1.68
0.17126,3.76,2.64,1.68
0.17128,3.76,2.64,1.68
0.1713,3.76,2.64,1.68
0.17132,3.76,2.64,1.68
0.17134,3.76,2.64,1.68
0.17136,3.76,2.64,1.64
0.17138,3.76,2.64,1.68
0.1714,3.76,2.64,1.68
0.17142,3.76,2.64,1.68
0.17144,3.76,2.64,1.68
0.17146,3.76,2.64,1.68
0.17148,3.76,2.64,1.68
0.1715,3.76,2.64,1.68
0.17152,3.76,2.64,1.68
0.17154,3.76,2.64,1.68
0.17156,3.76,2.64,1.68
0.17158,3.72,2.64,1.64
0.1716,3.76,2.64,1.64
0.17162,3.76,2.64,1.68
0.17164,3.76,2.64,1.68
0.17166,3.76,2.64,1.68
0.17168,3.76,2.64,1.68
0.1717,3.76,2.64,1.68
0.17172,3.76,2.64,1.68
0.17174,3.76,2.64,1.68
0.17176,3.76,2.64,1.68
0.17178,3.76,2.64,1.68
0.1718,3.76,2.64,1.68
0.17182,3.76,2.64,1.68
0.17184,3.76,2.64,1.68
0.17186,3.76,2.64,1.68
0.17188,3.76,2.64,1.72
0.1719,3.76,2.64,1.68
0.17192,3.76,2.64,1.68
0.17194,3.76,2.64,1.68
0.17196,3.76,2.64,1.68
0.17198,3.76,2.6,1.68
0.172,3.76,2.64,1.68
0.17202,3.76,2.64,1.68
0.17204,3.76,2.64,1.72
0.17206,3.76,2.64,1.68
0.17208,3.76,2.64,1.68
0.1721,3.76,2.64,1.68
0.17212,3.76,2.64,1.68
0.17214,3.76,2.64,1.68
0.17216,3.76,2.64,1.68
0.17218,3.76,2.64,1.68
0.1722,3.76,2.64,1.68
0.17222,3.76,2.64,1.68
0.17224,3.8,2.64,1.76
0.17226,3.76,2.64,1.68
0.17228,3.76,2.64,1.68
0.1723,3.76,2.64,1.68
0.17232,3.76,2.6,1.68
0.17234,3.76,2.64,1.72
0.17236,3.76,2.64,1.68
0.17238,3.76,2.6,1.68
0.1724,3.76,2.64,1.68
0.17242,3.76,2.64,1.68
0.17244,3.76,2.64,1.68
0.17246,3.76,2.6,1.68
0.17248,3.76,2.6,1.68
0.1725,3.76,2.64,1.68
0.17252,3.76,2.64,1.68
0.17254,3.76,2.64,1.68
0.17256,3.76,2.64,1.72
0.17258,3.76,2.64,1.72
0.1726,3.76,2.64,1.68
0.17262,3.76,2.64,1.68
0.17264,3.76,2.64,1.68
0.17266,3.76,2.64,1.68
0.17268,3.76,2.64,1.68
0.1727,3.76,2.64,1.68
0.17272,3.76,2.64,1.68
0.17274,3.76,2.64,1.72
0.17276,3.76,2.64,1.68
0.17278,3.76,2.64,1.68
0.1728,3.76,2.64,1.68
0.17282,3.76,2.64,1.68
0.17284,3.76,2.64,1.72
0.17286,3.76,2.64,1.68
0.17288,3.76,2.64,1.72
0.1729,3.76,2.64,1.68
0.17292,3.76,2.64,1.68
0.17294,3.76,2.64,1.68
0.17296,3.76,2.64,1.72
0.17298,3.76,2.64,1.68
0.173,3.76,2.64,1.68
0.17302,3.76,2.64,1.72
0.17304,3.72,2.64,1.68
0.17306,3.76,2.64,1.68
0.17308,3.76,2.64,1.68
0.1731,3.76,2.64,1.68
0.17312,3.76,2.6,1.68
0.17314,3.76,2.64,1.68
0.17316,3.76,2.64,1.68
0.17318,3.76,2.64,1.72
0.1732,3.76,2.64,1.68
0.17322,3.76,2.64,1.68
0.17324,3.76,2.64,1.68
0.17326,3.76,2.64,1.68
0.17328,3.76,2.64,1.68
0.1733,3.76,2.64,1.68
0.17332,3.76,2.64,1.72
0.17334,3.76,2.64,1.68
0.17336,3.76,2.64,1.72
0.17338,3.76,2.64,1.68
0.1734,3.76,2.64,1.72
0.17342,3.76,2.64,1.68
0.17344,3.76,2.64,1.68
0.17346,3.76,2.64,1.68
0.17348,3.76,2.64,1.72
0.1735,3.76,2.64,1.68
0.17352,3.76,2.64,1.72
0.17354,3.76,2.64,1.68
0.17356,3.76,2.64,1.68
0.17358,3.76,2.64,1.72
0.1736,3.76,2.64,1.72
0.17362,3.76,2.64,1.72
0.17364,3.76,2.64,1.68
0.17366,3.76,2.64,1.72
0.17368,3.76,2.64,1.72
0.1737,3.76,2.64,1.68
0.17372,3.76,2.64,1.72
0.17374,3.76,2.64,1.68
0.17376,3.76,2.64,1.72
0.17378,3.76,2.64,1.72
0.1738,3.76,2.64,1.68
0.17382,3.76,2.64,1.72
0.17384,3.76,2.64,1.72
0.17386,3.76,2.64,1.72
0.17388,3.76,2.64,1.68
0.1739,3.76,2.6,1.68
0.17392,3.76,2.64,1.68
0.17394,3.76,2.64,1.72
0.17396,3.76,2.64,1.68
0.17398,3.76,2.64,1.68
0.174,3.76,2.64,1.72
0.17402,3.76,2.64,1.72
0.17404,3.76,2.64,1.72
0.17406,3.76,2.64,1.72
0.17408,3.76,2.64,1.68
0.1741,3.76,2.64,1.72
0.17412,3.76,2.64,1.68
0.17414,3.76,2.64,1.72
0.17416,3.76,2.64,1.72
0.17418,3.76,2.6,1.72
0.1742,3.76,2.64,1.72
0.17422,3.76,2.64,1.72
0.17424,3.76,2.64,1.72
0.17426,3.76,2.64,1.72
0.17428,3.76,2.64,1.72
0.1743,3.76,2.64,1.72
0.17432,3.76,2.64,1.68
0.17434,3.76,2.64,1.68
0.17436,3.76,2.64,1.72
0.17438,3.76,2.64,1.72
0.1744,3.76,2.64,1.72
0.17442,3.76,2.64,1.68
0.17444,3.76,2.64,1.72
0.17446,3.76,2.64,1.72
0.17448,3.76,2.64,1.72
0.1745,3.76,2.64,1.72
0.17452,3.76,2.64,1.72
0.17454,3.76,2.64,1.72
0.17456,3.76,2.64,1.72
0.17458,3.76,2.64,1.72
0.1746,3.76,2.64,1.72
0.17462,3.76,2.64,1.68
0.17464,3.76,2.64,1.72
0.17466,3.76,2.64,1.72
0.17468,3.76,2.64,1.72
0.1747,3.76,2.64,1.68
0.17472,3.76,2.64,1.72
0.17474,3.76,2.6,1.72
0.17476,3.76,2.64,1.72
0.17478,3.76,2.64,1.72
0.1748,3.76,2.64,1.72
0.17482,3.76,2.64,1.72
0.17484,3.76,2.64,1.72
0.17486,3.76,2.64,1.72
0.17488,3.76,2.64,1.72
0.1749,3.76,2.64,1.72
0.17492,3.76,2.64,1.72
0.17494,3.76,2.64,1.72
0.17496,3.76,2.64,1.72
0.17498,3.76,2.64,1.72
0.175,3.76,2.64,1.72
0.17502,3.76,2.64,1.72
0.17504,3.76,2.64,1.72
0.17506,3.76,2.64,1.72
0.17508,3.76,2.64,1.72
0.1751,3.76,2.64,1.72
0.17512,3.76,2.64,1.72
0.17514,3.76,2.64,1.72
0.17516,3.76,2.64,1.72
0.17518,3.76,2.64,1.72
0.1752,3.76,2.64,1.72
0.17522,3.76,2.64,1.72
0.17524,3.76,2.64,1.72
0.17526,3.76,2.64,1.72
0.17528,3.76,2.64,1.72
0.1753,3.76,2.64,1.72
0.17532,3.76,2.64,1.72
0.17534,3.76,2.64,1.72
0.17536,3.76,2.64,1.72
0.17538,3.76,2.64,1.72
0.1754,3.76,2.64,1.72
0.17542,3.76,2.64,1.72
0.17544,3.76,2.64,1.72
0.17546,3.76,2.64,1.72
0.17548,3.76,2.64,1.72
0.1755,3.76,2.64,1.72
0.17552,3.76,2.64,1.72
0.17554,3.76,2.64,1.72
0.17556,3.76,2.64,1.72
0.17558,3.76,2.64,1.72
0.1756,3.76,2.64,1.72
0.17562,3.76,2.64,1.72
0.17564,3.76,2.64,1.72
0.17566,3.76,2.64,1.72
0.17568,3.76,2.64,1.72
0.1757,3.76,2.64,1.72
0.17572,3.76,2.6,1.72
0.17574,3.76,2.64,1.76
0.17576,3.76,2.64,1.72
0.17578,3.72,2.64,1.72
0.1758,3.76,2.6,1.72
0.17582,3.76,2.64,1.72
0.17584,3.76,2.6,1.72
0.17586,3.76,2.64,1.72
0.17588,3.76,2.64,1.72
0.1759,3.76,2.64,1.72
0.17592,3.76,2.64,1.72
0.17594,3.76,2.64,1.72
0.17596,3.76,2.64,1.72
0.17598,3.76,2.64,1.72
0.176,3.76,2.64,1.72
0.17602,3.76,2.64,1.72
0.17604,3.76,2.64,1.76
0.17606,3.76,2.64,1.72
0.17608,3.76,2.64,1.72
0.1761,3.76,2.64,1.72
0.17612,3.76,2.64,1.72
0.17614,3.76,2.64,1.72
0.17616,3.76,2.64,1.72
0.17618,3.76,2.64,1.76
0.1762,3.76,2.64,1.72
0.17622,3.76,2.64,1.72
0.17624,3.76,2.64,1.72
0.17626,3.76,2.6,1.72
0.17628,3.76,2.64,1.76
0.1763,3.76,2.64,1.76
0.17632,3.76,2.64,1.72
0.17634,3.76,2.64,1.72
0.17636,3.76,2.64,1.72
0.17638,3.76,2.64,1.76
0.1764,3.76,2.64,1.72
0.17642,3.76,2.64,1.72
0.17644,3.76,2.64,1.72
0.17646,3.76,2.64,1.72
0.17648,3.76,2.64,1.72
0.1765,3.76,2.64,1.72
0.17652,3.76,2.64,1.72
0.17654,3.76,2.64,1.72
0.17656,3.76,2.64,1.72
0.17658,3.76,2.64,1.72
0.1766,3.76,2.64,1.76
0.17662,3.76,2.64,1.76
0.17664,3.76,2.64,1.72
0.17666,3.76,2.64,1.76
0.17668,3.76,2.64,1.72
0.1767,3.76,2.64,1.72
0.17672,3.76,2.64,1.72
0.17674,3.76,2.64,1.72
0.17676,3.76,2.6,1.72
0.17678,3.76,2.64,1.72
0.1768,3.76,2.64,1.72
0.17682,3.76,2.64,1.76
0.17684,3.76,2.64,1.76
0.17686,3.76,2.64,1.72
0.17688,3.76,2.64,1.76
0.1769,3.76,2.64,1.72
0.17692,3.76,2.64,1.72
0.17694,3.76,2.64,1.72
0.17696,3.76,2.64,1.76
0.17698,3.76,2.64,1.72
0.177,3.76,2.64,1.76
0.17702,3.76,2.6,1.76
0.17704,3.76,2.64,1.76
0.17706,3.76,2.64,1.76
0.17708,3.76,2.6,1.76
0.1771,3.76,2.64,1.72
0.17712,3.76,2.64,1.76
0.17714,3.76,2.64,1.76
0.17716,3.76,2.64,1.72
0.17718,3.76,2.64,1.72
0.1772,3.76,2.64,1.76
0.17722,3.76,2.64,1.76
0.17724,3.76,2.64,1.76
0.17726,3.76,2.64,1.72
0.17728,3.76,2.64,1.76
0.1773,3.76,2.64,1.76
0.17732,3.76,2.64,1.72
0.17734,3.76,2.64,1.72
0.17736,3.76,2.64,1.76
0.17738,3.76,2.6,1.72
0.1774,3.76,2.64,1.72
0.17742,3.76,2.64,1.76
0.17744,3.76,2.64,1.72
0.17746,3.76,2.64,1.72
0.17748,3.76,2.64,1.76
0.1775,3.76,2.64,1.72
0.17752,3.76,2.64,1.76
0.17754,3.76,2.64,1.76
0.17756,3.76,2.64,1.76
0.17758,3.76,2.64,1.76
0.1776,3.76,2.6,1.76
0.17762,3.76,2.64,1.76
0.17764,3.76,2.64,1.76
0.17766,3.76,2.64,1.76
0.17768,3.76,2.64,1.76
0.1777,3.76,2.64,1.76
0.17772,3.76,2.64,1.76
0.17774,3.76,2.64,1.72
0.17776,3.76,2.64,1.76
0.17778,3.76,2.64,1.76
0.1778,3.76,2.64,1.76
0.17782,3.76,2.64,1.76
0.17784,3.76,2.64,1.76
0.17786,3.76,2.64,1.76
0.17788,3.76,2.64,1.76
0.1779,3.76,2.64,1.76
0.17792,3.76,2.64,1.76
0.17794,3.76,2.64,1.76
0.17796,3.76,2.64,1.76
0.17798,3.76,2.64,1.76
0.178,3.76,2.64,1.72
0.17802,3.76,2.64,1.76
0.17804,3.76,2.64,1.72
0.17806,3.76,2.64,1.76
0.17808,3.76,2.6,1.76
0.1781,3.76,2.64,1.76
0.17812,3.76,2.64,1.76
0.17814,3.76,2.64,1.76
0.17816,3.76,2.64,1.76
0.17818,3.76,2.6,1.76
0.1782,3.76,2.6,1.76
0.17822,3.76,2.64,1.76
0.17824,3.76,2.64,1.76
0.17826,3.76,2.64,1.76
0.17828,3.76,2.64,1.76
0.1783,3.76,2.64,1.76
0.17832,3.76,2.64,1.76
0.17834,3.76,2.64,1.76
0.17836,3.76,2.6,1.72
0.17838,3.76,2.64,1.76
0.1784,3.76,2.64,1.76
0.17842,3.76,2.64,1.76
0.17844,3.76,2.64,1.76
0.17846,3.76,2.64,1.76
0.17848,3.76,2.64,1.76
0.1785,3.76,2.64,1.76
0.17852,3.76,2.64,1.76
0.17854,3.76,2.64,1.76
0.17856,3.76,2.64,1.76
0.17858,3.76,2.64,1.76
0.1786,3.76,2.64,1.76
0.17862,3.76,2.64,1.76
0.17864,3.76,2.64,1.76
0.17866,3.76,2.64,1.76
0.17868,3.76,2.64,1.76
0.1787,3.76,2.64,1.76
0.17872,3.76,2.6,1.76
0.17874,3.76,2.6,1.76
0.17876,3.76,2.64,1.76
0.17878,3.76,2.64,1.76
0.1788,3.76,2.64,1.72
0.17882,3.76,2.64,1.76
0.17884,3.76,2.64,1.76
0.17886,3.76,2.64,1.76
0.17888,3.76,2.64,1.76
0.1789,3.76,2.64,1.76
0.17892,3.76,2.64,1.76
0.17894,3.76,2.64,1.76
0.17896,3.76,2.64,1.76
0.17898,3.76,2.64,1.76
0.179,3.76,2.64,1.76
0.17902,3.76,2.64,1.76
0.17904,3.76,2.64,1.76
0.17906,3.76,2.64,1.76
0.17908,3.76,2.64,1.76
0.1791,3.76,2.64,1.8
0.17912,3.76,2.64,1.8
0.17914,3.76,2.64,1.76
0.17916,3.76,2.6,1.76
0.17918,3.76,2.64,1.76
0.1792,3.76,2.64,1.76
0.17922,3.76,2.64,1.76
0.17924,3.76,2.64,1.76
0.17926,3.76,2.64,1.76
0.17928,3.76,2.6,1.76
0.1793,3.76,2.64,1.76
0.17932,3.76,2.64,1.76
0.17934,3.76,2.64,1.76
0.17936,3.76,2.64,1.76
0.17938,3.76,2.64,1.76
0.1794,3.72,2.64,1.76
0.17942,3.76,2.64,1.76
0.17944,3.76,2.64,1.76
0.17946,3.76,2.64,1.76
0.17948,3.76,2.6,1.76
0.1795,3.76,2.6,1.76
0.17952,3.76,2.64,1.76
0.17954,3.76,2.64,1.76
0.17956,3.76,2.64,1.8
0.17958,3.76,2.64,1.76
0.1796,3.76,2.64,1.76
0.17962,3.76,2.64,1.8
0.17964,3.76,2.64,1.76
0.17966,3.76,2.64,1.76
0.17968,3.76,2.64,1.76
0.1797,3.76,2.64,1.76
0.17972,3.76,2.64,1.76
0.17974,3.76,2.64,1.76
0.17976,3.76,2.64,1.76
0.17978,3.76,2.64,1.8
0.1798,3.76,2.64,1.76
0.17982,3.76,2.64,1.76
0.17984,3.76,2.64,1.76
0.17986,3.76,2.64,1.8
0.17988,3.76,2.6,1.76
0.1799,3.76,2.64,1.76
0.17992,3.76,2.64,1.76
0.17994,3.76,2.64,1.76
0.17996,3.76,2.64,1.76
0.17998,3.76,2.64,1.76
0.18,3.76,2.64,1.8
0.18002,3.76,2.64,1.76
0.18004,3.76,2.64,1.76
0.18006,3.76,2.64,1.76
0.18008,3.76,2.64,1.76
0.1801,3.76,2.64,1.8
0.18012,3.76,2.6,1.76
0.18014,3.76,2.64,1.76
0.18016,3.76,2.64,1.76
0.18018,3.76,2.64,1.76
0.1802,3.76,2.64,1.76
0.18022,3.76,2.64,1.76
0.18024,3.76,2.64,1.76
0.18026,3.76,2.64,1.76
0.18028,3.76,2.64,1.76
0.1803,3.76,2.64,1.76
0.18032,3.76,2.64,1.76
0.18034,3.76,2.64,1.76
0.18036,3.76,2.64,1.8
0.18038,3.76,2.64,1.8
0.1804,3.76,2.64,1.76
0.18042,3.76,2.64,1.76
0.18044,3.76,2.64,1.76
0.18046,3.76,2.64,1.8
0.18048,3.76,2.6,1.76
0.1805,3.76,2.64,1.76
0.18052,3.76,2.6,1.76
0.18054,3.76,2.64,1.76
0.18056,3.76,2.64,1.8
0.18058,3.76,2.6,1.76
0.1806,3.76,2.64,1.76
0.18062,3.76,2.64,1.8
0.18064,3.76,2.64,1.76
0.18066,3.76,2.64,1.76
0.18068,3.76,2.64,1.76
0.1807,3.76,2.64,1.8
0.18072,3.76,2.64,1.76
0.18074,3.76,2.64,1.76
0.18076,3.76,2.64,1.76
0.18078,3.76,2.64,1.8
0.1808,3.76,2.64,1.76
0.18082,3.76,2.64,1.76
0.18084,3.76,2.64,1.8
0.18086,3.76,2.64,1.8
0.18088,3.76,2.64,1.76
0.1809,3.76,2.64,1.8
0.18092,3.76,2.64,1.8
0.18094,3.76,2.64,1.76
0.18096,3.76,2.64,1.76
0.18098,3.76,2.64,1.76
0.181,3.76,2.64,1.8
0.18102,3.76,2.64,1.76
0.18104,3.76,2.64,1.76
0.18106,3.76,2.64,1.8
0.18108,3.76,2.64,1.8
0.1811,3.76,2.64,1.76
0.18112,3.76,2.64,1.76
0.18114,3.76,2.64,1.76
0.18116,3.76,2.64,1.76
0.18118,3.76,2.64,1.76
0.1812,3.76,2.64,1.76
0.18122,3.76,2.64,1.8
0.18124,3.76,2.6,1.8
0.18126,3.76,2.64,1.8
0.18128,3.76,2.64,1.8
0.1813,3.76,2.64,1.8
0.18132,3.76,2.64,1.8
0.18134,3.76,2.64,1.8
0.18136,3.76,2.64,1.8
0.18138,3.76,2.64,1.8
0.1814,3.76,2.64,1.8
0.18142,3.76,2.64,1.8
0.18144,3.76,2.64,1.8
0.18146,3.76,2.64,1.76
0.18148,3.76,2.64,1.8
0.1815,3.72,2.64,1.8
0.18152,3.76,2.64,1.8
0.18154,3.76,2.64,1.76
0.18156,3.76,2.64,1.8
0.18158,3.76,2.64,1.8
0.1816,3.76,2.64,1.8
0.18162,3.76,2.64,1.8
0.18164,3.76,2.6,1.8
0.18166,3.76,2.64,1.8
0.18168,3.76,2.64,1.8
0.1817,3.76,2.64,1.76
0.18172,3.76,2.64,1.76
0.18174,3.76,2.64,1.76
0.18176,3.76,2.64,1.8
0.18178,3.72,2.64,1.76
0.1818,3.76,2.6,1.8
0.18182,3.76,2.64,1.8
0.18184,3.76,2.64,1.8
0.18186,3.76,2.64,1.8
0.18188,3.76,2.64,1.8
0.1819,3.76,2.64,1.8
0.18192,3.76,2.64,1.8
0.18194,3.72,2.64,1.8
0.18196,3.76,2.64,1.76
0.18198,3.76,2.64,1.8
0.182,3.76,2.64,1.8
0.18202,3.76,2.64,1.8
0.18204,3.76,2.64,1.8
0.18206,3.76,2.64,1.8
0.18208,3.76,2.64,1.8
0.1821,3.76,2.64,1.8
0.18212,3.76,2.64,1.8
0.18214,3.76,2.64,1.8
0.18216,3.76,2.64,1.8
0.18218,3.76,2.64,1.8
0.1822,3.76,2.64,1.8
0.18222,3.76,2.64,1.8
0.18224,3.76,2.64,1.8
0.18226,3.76,2.64,1.8
0.18228,3.76,2.64,1.8
0.1823,3.76,2.64,1.8
0.18232,3.76,2.64,1.8
0.18234,3.76,2.64,1.8
0.18236,3.76,2.64,1.8
0.18238,3.76,2.64,1.8
0.1824,3.72,2.64,1.76
0.18242,3.76,2.6,1.8
0.18244,3.76,2.64,1.8
0.18246,3.76,2.64,1.8
0.18248,3.76,2.64,1.76
0.1825,3.72,2.64,1.8
0.18252,3.76,2.6,1.8
0.18254,3.76,2.64,1.8
0.18256,3.76,2.64,1.8
0.18258,3.76,2.6,1.8
0.1826,3.76,2.64,1.8
0.18262,3.76,2.64,1.8
0.18264,3.76,2.6,1.8
0.18266,3.76,2.64,1.8
0.18268,3.76,2.64,1.8
0.1827,3.76,2.64,1.8
0.18272,3.76,2.6,1.8
0.18274,3.76,2.64,1.8
0.18276,3.76,2.64,1.8
0.18278,3.76,2.6,1.8
0.1828,3.76,2.64,1.8
0.18282,3.76,2.64,1.8
0.18284,3.76,2.6,1.8
0.18286,3.76,2.64,1.8
0.18288,3.76,2.64,1.8
0.1829,3.76,2.64,1.76
0.18292,3.76,2.64,1.8
0.18294,3.76,2.6,1.8
0.18296,3.76,2.64,1.8
0.18298,3.76,2.64,1.8
0.183,3.76,2.64,1.8
0.18302,3.76,2.64,1.8
0.18304,3.76,2.64,1.8
0.18306,3.76,2.64,1.8
0.18308,3.76,2.64,1.8
0.1831,3.76,2.6,1.8
0.18312,3.76,2.64,1.8
0.18314,3.76,2.64,1.8
0.18316,3.76,2.64,1.8
0.18318,3.76,2.6,1.8
0.1832,3.76,2.64,1.8
0.18322,3.76,2.64,1.8
0.18324,3.76,2.6,1.8
0.18326,3.76,2.64,1.8
0.18328,3.76,2.64,1.8
0.1833,3.76,2.64,1.8
0.18332,3.76,2.6,1.8
0.18334,3.76,2.64,1.8
0.18336,3.76,2.64,1.8
0.18338,3.76,2.64,1.8
0.1834,3.76,2.64,1.8
0.18342,3.76,2.64,1.8
0.18344,3.76,2.64,1.84
0.18346,3.76,2.64,1.8
0.18348,3.76,2.64,1.8
0.1835,3.76,2.64,1.8
0.18352,3.76,2.64,1.8
0.18354,3.76,2.64,1.84
0.18356,3.76,2.64,1.8
0.18358,3.76,2.64,1.8
0.1836,3.76,2.64,1.8
0.18362,3.76,2.64,1.8
0.18364,3.76,2.64,1.8
0.18366,3.76,2.64,1.8
0.18368,3.76,2.6,1.8
0.1837,3.76,2.6,1.8
0.18372,3.76,2.64,1.8
0.18374,3.76,2.64,1.8
0.18376,3.76,2.64,1.8
0.18378,3.76,2.64,1.8
0.1838,3.76,2.64,1.8
0.18382,3.76,2.64,1.8
0.18384,3.76,2.64,1.8
0.18386,3.76,2.64,1.8
0.18388,3.76,2.64,1.8
0.1839,3.76,2.64,1.8
0.18392,3.76,2.64,1.8
0.18394,3.76,2.64,1.8
0.18396,3.76,2.64,1.8
0.18398,3.76,2.64,1.84
0.184,3.76,2.64,1.8
0.18402,3.76,2.64,1.8
0.18404,3.76,2.64,1.8
0.18406,3.76,2.64,1.8
0.18408,3.76,2.64,1.8
0.1841,3.76,2.64,1.8
0.18412,3.76,2.64,1.8
0.18414,3.76,2.64,1.8
0.18416,3.76,2.64,1.8
0.18418,3.76,2.64,1.84
0.1842,3.76,2.64,1.8
0.18422,3.76,2.64,1.8
0.18424,3.76,2.64,1.8
0.18426,3.76,2.64,1.8
0.18428,3.76,2.64,1.84
0.1843,3.76,2.64,1.8
0.18432,3.76,2.64,1.8
0.18434,3.76,2.64,1.8
0.18436,3.76,2.64,1.8
0.18438,3.76,2.64,1.8
0.1844,3.76,2.64,1.8
0.18442,3.76,2.64,1.84
0.18444,3.76,2.64,1.8
0.18446,3.76,2.64,1.8
0.18448,3.76,2.64,1.8
0.1845,3.76,2.64,1.8
0.18452,3.76,2.64,1.8
0.18454,3.76,2.64,1.8
0.18456,3.76,2.64,1.84
0.18458,3.72,2.64,1.8
0.1846,3.76,2.64,1.8
0.18462,3.76,2.64,1.8
0.18464,3.76,2.64,1.8
0.18466,3.76,2.64,1.84
0.18468,3.76,2.64,1.8
0.1847,3.76,2.64,1.8
0.18472,3.76,2.64,1.8
0.18474,3.76,2.64,1.84
0.18476,3.76,2.64,1.84
0.18478,3.76,2.64,1.8
0.1848,3.76,2.64,1.84
0.18482,3.76,2.64,1.8
0.18484,3.76,2.64,1.84
0.18486,3.76,2.64,1.8
0.18488,3.76,2.64,1.84
0.1849,3.76,2.64,1.84
0.18492,3.76,2.64,1.84
0.18494,3.76,2.64,1.8
0.18496,3.76,2.6,1.8
0.18498,3.72,2.6,1.8
0.185,3.76,2.64,1.84
0.18502,3.76,2.64,1.8
0.18504,3.76,2.64,1.84
0.18506,3.76,2.64,1.8
0.18508,3.76,2.6,1.8
0.1851,3.76,2.64,1.84
0.18512,3.8,2.64,1.84
0.18514,3.76,2.64,1.84
0.18516,3.76,2.64,1.84
0.18518,3.76,2.64,1.84
0.1852,3.76,2.64,1.84
0.18522,3.76,2.64,1.84
0.18524,3.76,2.6,1.8
0.18526,3.76,2.64,1.84
0.18528,3.76,2.6,1.8
0.1853,3.76,2.64,1.8
0.18532,3.76,2.64,1.8
0.18534,3.76,2.64,1.8
0.18536,3.76,2.64,1.84
0.18538,3.76,2.64,1.8
0.1854,3.76,2.64,1.84
0.18542,3.76,2.64,1.8
0.18544,3.76,2.64,1.8
0.18546,3.76,2.64,1.8
0.18548,3.76,2.64,1.8
0.1855,3.76,2.64,1.84
0.18552,3.76,2.64,1.8
0.18554,3.76,2.64,1.8
0.18556,3.76,2.6,1.8
0.18558,3.76,2.64,1.84
0.1856,3.76,2.64,1.84
0.18562,3.76,2.64,1.84
0.18564,3.76,2.64,1.8
0.18566,3.76,2.64,1.8
0.18568,3.76,2.64,1.84
0.1857,3.76,2.64,1.84
0.18572,3.76,2.64,1.84
0.18574,3.76,2.64,1.84
0.18576,3.76,2.64,1.84
0.18578,3.76,2.64,1.8
0.1858,3.76,2.64,1.84
0.18582,3.76,2.64,1.84
0.18584,3.76,2.64,1.84
0.18586,3.76,2.64,1.84
0.18588,3.76,2.64,1.84
0.1859,3.76,2.64,1.84
0.18592,3.76,2.64,1.84
0.18594,3.76,2.64,1.84
0.18596,3.76,2.64,1.84
0.18598,3.76,2.64,1.84
0.186,3.76,2.64,1.84
0.18602,3.76,2.64,1.84
0.18604,3.76,2.64,1.84
0.18606,3.76,2.64,1.84
0.18608,3.76,2.64,1.8
0.1861,3.76,2.64,1.84
0.18612,3.76,2.64,1.84
0.18614,3.76,2.64,1.84
0.18616,3.76,2.64,1.84
0.18618,3.8,2.64,1.84
0.1862,3.76,2.64,1.84
0.18622,3.76,2.64,1.8
0.18624,3.76,2.64,1.84
0.18626,3.76,2.64,1.84
0.18628,3.76,2.64,1.84
0.1863,3.76,2.64,1.84
0.18632,3.76,2.64,1.84
0.18634,3.76,2.64,1.84
0.18636,3.76,2.64,1.84
0.18638,3.76,2.64,1.84
0.1864,3.76,2.64,1.84
0.18642,3.76,2.64,1.84
0.18644,3.76,2.64,1.84
0.18646,3.76,2.6,1.84
0.18648,3.76,2.64,1.84
0.1865,3.76,2.64,1.84
0.18652,3.76,2.64,1.84
0.18654,3.76,2.64,1.84
0.18656,3.76,2.64,1.84
0.18658,3.76,2.64,1.84
0.1866,3.76,2.64,1.84
0.18662,3.76,2.6,1.8
0.18664,3.76,2.64,1.84
0.18666,3.76,2.64,1.84
0.18668,3.76,2.64,1.84
0.1867,3.76,2.64,1.84
0.18672,3.76,2.64,1.84
0.18674,3.76,2.64,1.84
0.18676,3.76,2.64,1.84
0.18678,3.76,2.64,1.84
0.1868,3.76,2.64,1.84
0.18682,3.76,2.6,1.84
0.18684,3.76,2.64,1.84
0.18686,3.76,2.64,1.84
0.18688,3.76,2.64,1.84
0.1869,3.76,2.6,1.84
0.18692,3.76,2.64,1.84
0.18694,3.76,2.64,1.84
0.18696,3.76,2.64,1.84
0.18698,3.76,2.64,1.84
0.187,3.76,2.64,1.84
0.18702,3.76,2.64,1.84
0.18704,3.76,2.64,1.88
0.18706,3.76,2.64,1.84
0.18708,3.76,2.64,1.84
0.1871,3.76,2.64,1.84
0.18712,3.76,2.64,1.84
0.18714,3.76,2.64,1.8
0.18716,3.76,2.64,1.84
0.18718,3.76,2.6,1.84
0.1872,3.76,2.64,1.84
0.18722,3.76,2.64,1.84
0.18724,3.76,2.64,1.84
0.18726,3.76,2.64,1.84
0.18728,3.76,2.6,1.84
0.1873,3.76,2.64,1.84
0.18732,3.76,2.64,1.84
0.18734,3.76,2.64,1.84
0.18736,3.76,2.64,1.84
0.18738,3.76,2.64,1.84
0.1874,3.76,2.64,1.84
0.18742,3.76,2.64,1.84
0.18744,3.76,2.64,1.84
0.18746,3.76,2.6,1.84
0.18748,3.76,2.6,1.84
0.1875,3.76,2.64,1.84
0.18752,3.76,2.64,1.84
0.18754,3.76,2.64,1.84
0.18756,3.76,2.6,1.84
0.18758,3.76,2.64,1.84
0.1876,3.76,2.6,1.84
0.18762,3.76,2.64,1.88
0.18764,3.76,2.64,1.84
0.18766,3.76,2.64,1.84
0.18768,3.76,2.64,1.84
0.1877,3.76,2.64,1.84
0.18772,3.76,2.64,1.84
0.18774,3.76,2.6,1.84
0.18776,3.76,2.64,1.84
0.18778,3.76,2.64,1.84
0.1878,3.76,2.6,1.84
0.18782,3.76,2.64,1.84
0.18784,3.76,2.64,1.84
0.18786,3.76,2.64,1.84
0.18788,3.76,2.64,1.84
0.1879,3.76,2.64,1.84
0.18792,3.76,2.64,1.84
0.18794,3.76,2.6,1.84
0.18796,3.76,2.64,1.84
0.18798,3.76,2.64,1.88
0.188,3.76,2.64,1.88
0.18802,3.76,2.64,1.84
0.18804,3.76,2.64,1.84
0.18806,3.76,2.6,1.84
0.18808,3.76,2.64,1.84
0.1881,3.76,2.64,1.84
0.18812,3.76,2.64,1.84
0.18814,3.76,2.64,1.84
0.18816,3.76,2.64,1.88
0.18818,3.76,2.64,1.84
0.1882,3.76,2.64,1.84
0.18822,3.76,2.64,1.84
0.18824,3.76,2.64,1.84
0.18826,3.76,2.64,1.84
0.18828,3.76,2.64,1.84
0.1883,3.76,2.64,1.84
0.18832,3.76,2.64,1.84
0.18834,3.76,2.64,1.84
0.18836,3.76,2.64,1.84
0.18838,3.76,2.64,1.84
0.1884,3.76,2.64,1.84
0.18842,3.76,2.64,1.84
0.18844,3.76,2.6,1.84
0.18846,3.76,2.64,1.84
0.18848,3.76,2.64,1.84
0.1885,3.76,2.64,1.84
0.18852,3.76,2.64,1.84
0.18854,3.76,2.64,1.84
0.18856,3.76,2.64,1.84
0.18858,3.76,2.6,1.84
0.1886,3.76,2.64,1.88
0.18862,3.76,2.64,1.84
0.18864,3.76,2.64,1.84
0.18866,3.76,2.6,1.84
0.18868,3.76,2.64,1.84
0.1887,3.76,2.64,1.88
0.18872,3.76,2.6,1.88
0.18874,3.76,2.64,1.84
0.18876,3.76,2.64,1.84
0.18878,3.76,2.64,1.88
0.1888,3.76,2.64,1.84
0.18882,3.76,2.64,1.88
0.18884,3.76,2.64,1.84
0.18886,3.76,2.64,1.84
0.18888,3.76,2.64,1.88
0.1889,3.76,2.64,1.88
0.18892,3.76,2.64,1.88
0.18894,3.76,2.64,1.84
0.18896,3.76,2.64,1.84
0.18898,3.76,2.64,1.88
0.189,3.76,2.64,1.84
0.18902,3.76,2.64,1.84
0.18904,3.76,2.64,1.84
0.18906,3.76,2.64,1.88
0.18908,3.76,2.64,1.88
0.1891,3.76,2.64,1.88
0.18912,3.76,2.64,1.88
0.18914,3.76,2.64,1.88
0.18916,3.76,2.64,1.84
0.18918,3.76,2.64,1.84
0.1892,3.76,2.64,1.84
0.18922,3.76,2.64,1.84
0.18924,3.76,2.6,1.88
0.18926,3.76,2.64,1.84
0.18928,3.76,2.64,1.88
0.1893,3.76,2.6,1.88
0.18932,3.76,2.64,1.88
0.18934,3.76,2.6,1.84
0.18936,3.76,2.64,1.88
0.18938,3.76,2.64,1.84
0.1894,3.76,2.64,1.88
0.18942,3.76,2.64,1.88
0.18944,3.76,2.64,1.84
0.18946,3.76,2.64,1.88
0.18948,3.76,2.64,1.88
0.1895,3.76,2.64,1.88
0.18952,3.76,2.64,1.88
0.18954,3.76,2.64,1.88
0.18956,3.76,2.64,1.84
0.18958,3.76,2.64,1.88
0.1896,3.76,2.64,1.88
0.18962,3.76,2.64,1.84
0.18964,3.76,2.64,1.84
0.18966,3.76,2.64,1.84
0.18968,3.76,2.64,1.88
0.1897,3.76,2.64,1.84
0.18972,3.76,2.6,1.88
0.18974,3.76,2.64,1.88
0.18976,3.76,2.64,1.88
0.18978,3.76,2.64,1.88
0.1898,3.76,2.6,1.84
0.18982,3.76,2.64,1.88
0.18984,3.76,2.64,1.84
0.18986,3.76,2.64,1.88
0.18988,3.76,2.64,1.88
0.1899,3.76,2.64,1.88
0.18992,3.76,2.64,1.88
0.18994,3.76,2.64,1.84
0.18996,3.76,2.64,1.88
0.18998,3.76,2.64,1.84
0.19,3.76,2.64,1.88
0.19002,3.76,2.64,1.84
0.19004,3.76,2.64,1.88
0.19006,3.76,2.64,1.88
0.19008,3.76,2.64,1.88
0.1901,3.76,2.64,1.84
0.19012,3.76,2.64,1.88
0.19014,3.76,2.64,1.88
0.19016,3.76,2.64,1.84
0.19018,3.76,2.64,1.84
0.1902,3.76,2.64,1.84
0.19022,3.76,2.64,1.88
0.19024,3.76,2.64,1.84
0.19026,3.76,2.64,1.88
0.19028,3.76,2.64,1.88
0.1903,3.76,2.64,1.88
0.19032,3.76,2.64,1.88
0.19034,3.76,2.64,1.84
0.19036,3.76,2.64,1.88
0.19038,3.76,2.64,1.88
0.1904,3.76,2.64,1.88
0.19042,3.76,2.6,1.88
0.19044,3.76,2.64,1.88
0.19046,3.76,2.64,1.88
0.19048,3.76,2.64,1.88
0.1905,3.76,2.64,1.88
0.19052,3.76,2.64,1.88
0.19054,3.76,2.64,1.88
0.19056,3.76,2.64,1.88
0.19058,3.76,2.64,1.88
0.1906,3.76,2.64,1.88
0.19062,3.76,2.6,1.88
0.19064,3.76,2.64,1.84
0.19066,3.76,2.64,1.88
0.19068,3.76,2.64,1.88
0.1907,3.76,2.6,1.88
0.19072,3.76,2.6,1.88
0.19074,3.76,2.64,1.88
0.19076,3.76,2.64,1.84
0.19078,3.76,2.64,1.88
0.1908,3.76,2.64,1.88
0.19082,3.76,2.64,1.88
0.19084,3.76,2.64,1.88
0.19086,3.76,2.64,1.88
0.19088,3.76,2.64,1.88
0.1909,3.76,2.64,1.88
0.19092,3.76,2.64,1.88
0.19094,3.76,2.6,1.88
0.19096,3.76,2.64,1.88
0.19098,3.76,2.64,1.88
0.191,3.76,2.64,1.84
0.19102,3.76,2.64,1.88
0.19104,3.76,2.64,1.88
0.19106,3.76,2.64,1.88
0.19108,3.76,2.64,1.88
0.1911,3.76,2.64,1.88
0.19112,3.76,2.64,1.88
0.19114,3.76,2.64,1.88
0.19116,3.76,2.64,1.88
0.19118,3.76,2.64,1.88
0.1912,3.76,2.64,1.88
0.19122,3.76,2.64,1.88
0.19124,3.76,2.64,1.88
0.19126,3.76,2.64,1.88
0.19128,3.76,2.6,1.92
0.1913,3.76,2.64,1.88
0.19132,3.76,2.64,1.88
0.19134,3.76,2.64,1.88
0.19136,3.76,2.64,1.92
0.19138,3.76,2.64,1.88
0.1914,3.76,2.64,1.88
0.19142,3.76,2.64,1.88
0.19144,3.72,2.6,1.84
0.19146,3.76,2.64,1.84
0.19148,3.76,2.64,1.88
0.1915,3.76,2.64,1.88
0.19152,3.76,2.64,1.88
0.19154,3.72,2.64,1.88
0.19156,3.76,2.6,1.88
0.19158,3.76,2.64,1.88
0.1916,3.76,2.64,1.88
0.19162,3.76,2.64,1.88
0.19164,3.76,2.64,1.88
0.19166,3.76,2.64,1.88
0.19168,3.76,2.64,1.88
0.1917,3.76,2.64,1.88
0.19172,3.76,2.64,1.88
0.19174,3.76,2.64,1.88
0.19176,3.76,2.64,1.92
0.19178,3.76,2.64,1.88
0.1918,3.76,2.64,1.88
0.19182,3.76,2.64,1.88
0.19184,3.76,2.64,1.88
0.19186,3.76,2.64,1.88
0.19188,3.76,2.64,1.88
0.1919,3.76,2.6,1.88
0.19192,3.76,2.64,1.88
0.19194,3.76,2.64,1.88
0.19196,3.76,2.64,1.88
0.19198,3.76,2.6,1.88
0.192,3.76,2.64,1.88
0.19202,3.76,2.64,1.88
0.19204,3.76,2.64,1.88
0.19206,3.76,2.64,1.88
0.19208,3.76,2.64,1.88
0.1921,3.76,2.64,1.88
0.19212,3.76,2.64,1.88
0.19214,3.76,2.64,1.88
0.19216,3.76,2.64,1.88
0.19218,3.76,2.64,1.88
0.1922,3.76,2.64,1.88
0.19222,3.76,2.64,1.88
0.19224,3.76,2.64,1.88
0.19226,3.76,2.64,1.88
0.19228,3.76,2.64,1.88
0.1923,3.76,2.64,1.88
0.19232,3.76,2.64,1.88
0.19234,3.76,2.64,1.92
0.19236,3.76,2.64,1.88
0.19238,3.76,2.64,1.88
0.1924,3.76,2.64,1.88
0.19242,3.76,2.6,1.88
0.19244,3.76,2.64,1.88
0.19246,3.76,2.64,1.88
0.19248,3.76,2.64,1.88
0.1925,3.76,2.64,1.88
0.19252,3.76,2.64,1.88
0.19254,3.76,2.64,1.88
0.19256,3.76,2.64,1.88
0.19258,3.76,2.64,1.88
0.1926,3.76,2.64,1.88
0.19262,3.76,2.64,1.92
0.19264,3.76,2.64,1.88
0.19266,3.76,2.64,1.88
0.19268,3.76,2.64,1.88
0.1927,3.76,2.64,1.88
0.19272,3.76,2.64,1.88
0.19274,3.76,2.6,1.88
0.19276,3.76,2.64,1.92
0.19278,3.76,2.64,1.92
0.1928,3.76,2.64,1.88
0.19282,3.76,2.64,1.88
0.19284,3.76,2.64,1.92
0.19286,3.72,2.64,1.88
0.19288,3.76,2.64,1.88
0.1929,3.76,2.64,1.88
0.19292,3.76,2.6,1.88
0.19294,3.76,2.64,1.92
0.19296,3.76,2.64,1.92
0.19298,3.76,2.64,1.88
0.193,3.76,2.64,1.88
0.19302,3.76,2.64,1.88
0.19304,3.76,2.64,1.92
0.19306,3.76,2.64,1.88
0.19308,3.76,2.64,1.88
0.1931,3.76,2.6,1.88
0.19312,3.76,2.64,1.92
0.19314,3.76,2.64,1.88
0.19316,3.76,2.64,1.88
0.19318,3.76,2.64,1.88
0.1932,3.76,2.64,1.88
0.19322,3.76,2.64,1.88
0.19324,3.76,2.64,1.92
0.19326,3.76,2.64,1.92
0.19328,3.76,2.64,1.88
0.1933,3.76,2.64,1.92
0.19332,3.76,2.64,1.92
0.19334,3.76,2.64,1.92
0.19336,3.76,2.64,1.92
0.19338,3.76,2.64,1.88
0.1934,3.76,2.64,1.92
0.19342,3.76,2.64,1.92
0.19344,3.76,2.64,1.88
0.19346,3.76,2.64,1.92
0.19348,3.76,2.64,1.88
0.1935,3.76,2.64,1.92
0.19352,3.76,2.64,1.92
0.19354,3.76,2.64,1.88
0.19356,3.76,2.64,1.88
0.19358,3.76,2.64,1.92
0.1936,3.76,2.64,1.92
0.19362,3.76,2.64,1.92
0.19364,3.76,2.64,1.92
0.19366,3.76,2.64,1.88
0.19368,3.76,2.64,1.88
0.1937,3.76,2.64,1.92
0.19372,3.76,2.64,1.92
0.19374,3.76,2.64,1.92
0.19376,3.76,2.64,1.88
0.19378,3.76,2.64,1.92
0.1938,3.76,2.64,1.88
0.19382,3.76,2.64,1.88
0.19384,3.76,2.64,1.92
0.19386,3.76,2.64,1.92
0.19388,3.76,2.64,1.92
0.1939,3.76,2.64,1.92
0.19392,3.76,2.64,1.92
0.19394,3.76,2.64,1.88
0.19396,3.76,2.64,1.92
0.19398,3.76,2.64,1.92
0.194,3.76,2.64,1.88
0.19402,3.76,2.64,1.92
0.19404,3.76,2.64,1.92
0.19406,3.76,2.64,1.92
0.19408,3.76,2.6,1.92
0.1941,3.76,2.64,1.92
0.19412,3.76,2.64,1.92
0.19414,3.76,2.64,1.92
0.19416,3.76,2.64,1.92
0.19418,3.76,2.64,1.88
0.1942,3.76,2.64,1.92
0.19422,3.76,2.64,1.92
0.19424,3.76,2.64,1.92
0.19426,3.76,2.64,1.92
0.19428,3.76,2.64,1.88
0.1943,3.76,2.64,1.92
0.19432,3.76,2.64,1.92
0.19434,3.76,2.64,1.92
0.19436,3.76,2.64,1.92
0.19438,3.76,2.64,1.92
0.1944,3.76,2.64,1.92
0.19442,3.76,2.64,1.92
0.19444,3.76,2.64,1.92
0.19446,3.76,2.64,1.92
0.19448,3.76,2.64,1.92
0.1945,3.76,2.64,1.92
0.19452,3.76,2.64,1.92
0.19454,3.76,2.64,1.92
0.19456,3.76,2.64,1.92
0.19458,3.76,2.64,1.92
0.1946,3.76,2.64,1.92
0.19462,3.76,2.64,1.92
0.19464,3.76,2.64,1.92
0.19466,3.76,2.64,1.92
0.19468,3.72,2.64,1.88
0.1947,3.76,2.64,1.92
0.19472,3.76,2.64,1.88
0.19474,3.76,2.6,1.92
0.19476,3.76,2.64,1.92
0.19478,3.76,2.64,1.92
0.1948,3.76,2.64,1.92
0.19482,3.76,2.64,1.92
0.19484,3.76,2.64,1.92
0.19486,3.76,2.64,1.92
0.19488,3.76,2.6,1.92
0.1949,3.72,2.64,1.92
0.19492,3.76,2.6,1.92
0.19494,3.76,2.64,1.92
0.19496,3.76,2.6,1.92
0.19498,3.76,2.64,1.92
0.195,3.76,2.64,1.92
0.19502,3.76,2.64,1.92
0.19504,3.76,2.64,1.92
0.19506,3.76,2.64,1.92
0.19508,3.76,2.64,1.92
0.1951,3.76,2.64,1.92
0.19512,3.76,2.64,1.92
0.19514,3.76,2.6,1.92
0.19516,3.76,2.64,1.92
0.19518,3.76,2.64,1.92
0.1952,3.76,2.64,1.92
0.19522,3.76,2.64,1.92
0.19524,3.76,2.64,1.92
0.19526,3.76,2.64,1.92
0.19528,3.76,2.64,1.92
0.1953,3.76,2.64,1.92
0.19532,3.76,2.64,1.92
0.19534,3.76,2.64,1.92
0.19536,3.76,2.64,1.92
0.19538,3.76,2.64,1.92
0.1954,3.76,2.64,1.92
0.19542,3.76,2.64,1.92
0.19544,3.76,2.64,1.92
0.19546,3.76,2.64,1.92
0.19548,3.76,2.6,1.92
0.1955,3.76,2.64,1.92
0.19552,3.76,2.64,1.92
0.19554,3.76,2.64,1.92
0.19556,3.76,2.64,1.92
0.19558,3.76,2.64,1.92
0.1956,3.76,2.6,1.92
0.19562,3.76,2.64,1.92
0.19564,3.76,2.64,1.92
0.19566,3.76,2.64,1.92
0.19568,3.76,2.64,1.92
0.1957,3.76,2.64,1.92
0.19572,3.76,2.64,1.92
0.19574,3.76,2.6,1.92
0.19576,3.76,2.64,1.92
0.19578,3.76,2.64,1.92
0.1958,3.76,2.64,1.92
0.19582,3.76,2.64,1.92
0.19584,3.76,2.64,1.92
0.19586,3.76,2.64,1.92
0.19588,3.76,2.64,1.88
0.1959,3.76,2.6,1.92
0.19592,3.76,2.64,1.92
0.19594,3.76,2.64,1.92
0.19596,3.76,2.64,1.92
0.19598,3.76,2.64,1.92
0.196,3.76,2.64,1.92
0.19602,3.76,2.64,1.92
0.19604,3.76,2.64,1.92
0.19606,3.76,2.64,1.92
0.19608,3.76,2.64,1.92
0.1961,3.76,2.64,1.92
0.19612,3.76,2.6,1.92
0.19614,3.76,2.64,1.92
0.19616,3.76,2.64,1.92
0.19618,3.76,2.64,1.92
0.1962,3.76,2.64,1.92
0.19622,3.76,2.64,1.92
0.19624,3.76,2.64,1.92
0.19626,3.76,2.64,1.92
0.19628,3.76,2.64,1.92
0.1963,3.76,2.64,1.92
0.19632,3.76,2.64,1.92
0.19634,3.76,2.64,1.92
0.19636,3.76,2.64,1.92
0.19638,3.76,2.64,1.92
0.1964,3.76,2.64,1.92
0.19642,3.76,2.64,1.92
0.19644,3.76,2.64,1.92
0.19646,3.76,2.64,1.92
0.19648,3.76,2.64,1.92
0.1965,3.76,2.64,1.92
0.19652,3.76,2.64,1.92
0.19654,3.76,2.64,1.92
0.19656,3.76,2.64,1.92
0.19658,3.76,2.64,1.92
0.1966,3.76,2.64,1.92
0.19662,3.76,2.64,1.92
0.19664,3.76,2.64,1.92
0.19666,3.76,2.64,1.92
0.19668,3.76,2.64,1.92
0.1967,3.76,2.64,1.92
0.19672,3.72,2.64,1.92
0.19674,3.76,2.64,1.92
0.19676,3.76,2.64,1.96
0.19678,3.76,2.64,1.92
0.1968,3.76,2.64,1.92
0.19682,3.76,2.64,1.92
0.19684,3.76,2.64,1.92
0.19686,3.76,2.64,1.92
0.19688,3.76,2.64,1.92
0.1969,3.76,2.64,1.92
0.19692,3.76,2.64,1.92
0.19694,3.76,2.64,1.92
0.19696,3.76,2.64,1.92
0.19698,3.76,2.64,1.96
0.197,3.76,2.64,1.96
0.19702,3.76,2.64,1.92
0.19704,3.76,2.64,1.92
0.19706,3.76,2.64,1.92
0.19708,3.76,2.64,1.92
0.1971,3.76,2.64,1.92
0.19712,3.76,2.64,1.92
0.19714,3.76,2.64,1.92
0.19716,3.76,2.64,1.96
0.19718,3.76,2.64,1.92
0.1972,3.76,2.64,1.92
0.19722,3.76,2.64,1.92
0.19724,3.76,2.6,1.92
0.19726,3.76,2.64,1.96
0.19728,3.76,2.64,1.92
0.1973,3.76,2.64,1.96
0.19732,3.76,2.64,1.92
0.19734,3.76,2.64,1.92
0.19736,3.76,2.64,1.92
0.19738,3.76,2.64,1.92
0.1974,3.76,2.64,1.92
0.19742,3.76,2.64,1.96
0.19744,3.76,2.64,1.96
0.19746,3.76,2.6,1.92
0.19748,3.76,2.64,1.92
0.1975,3.76,2.64,1.92
0.19752,3.76,2.64,1.96
0.19754,3.76,2.64,1.92
0.19756,3.76,2.64,1.96
0.19758,3.76,2.64,1.92
0.1976,3.76,2.64,1.92
0.19762,3.76,2.64,1.92
0.19764,3.76,2.64,1.92
0.19766,3.76,2.6,1.88
0.19768,3.76,2.64,1.96
0.1977,3.76,2.64,1.92
0.19772,3.76,2.64,1.96
0.19774,3.76,2.64,1.96
0.19776,3.76,2.6,1.92
0.19778,3.76,2.64,1.92
0.1978,3.76,2.64,1.96
0.19782,3.76,2.64,1.92
0.19784,3.76,2.64,1.92
0.19786,3.76,2.64,1.92
0.19788,3.76,2.64,1.92
0.1979,3.76,2.64,1.96
0.19792,3.76,2.64,1.92
0.19794,3.76,2.64,1.96
0.19796,3.76,2.64,1.92
0.19798,3.76,2.64,1.96
0.198,3.76,2.64,1.96
0.19802,3.76,2.64,1.92
0.19804,3.76,2.64,1.96
0.19806,3.76,2.64,1.96
0.19808,3.76,2.64,1.96
0.1981,3.76,2.64,1.92
0.19812,3.76,2.64,1.92
0.19814,3.76,2.64,1.92
0.19816,3.76,2.64,1.96
0.19818,3.76,2.64,1.92
0.1982,3.76,2.64,1.92
0.19822,3.76,2.64,1.96
0.19824,3.72,2.64,1.92
0.19826,3.76,2.64,1.96
0.19828,3.76,2.64,1.96
0.1983,3.76,2.64,1.96
0.19832,3.76,2.6,1.92
0.19834,3.76,2.6,1.92
0.19836,3.76,2.64,1.96
0.19838,3.76,2.64,1.96
0.1984,3.76,2.64,1.96
0.19842,3.76,2.64,1.96
0.19844,3.76,2.64,1.96
0.19846,3.76,2.6,1.96
0.19848,3.76,2.64,1.96
0.1985,3.76,2.64,1.96
0.19852,3.76,2.64,1.96
0.19854,3.76,2.64,1.96
0.19856,3.76,2.64,1.96
0.19858,3.76,2.64,1.92
0.1986,3.76,2.64,1.96
0.19862,3.76,2.64,1.96
0.19864,3.76,2.64,1.96
0.19866,3.76,2.64,1.92
0.19868,3.76,2.64,1.96
0.1987,3.76,2.64,1.96
0.19872,3.76,2.64,1.92
0.19874,3.76,2.64,1.96
0.19876,3.76,2.6,1.96
0.19878,3.76,2.64,1.96
0.1988,3.76,2.64,1.96
0.19882,3.76,2.64,1.96
0.19884,3.76,2.6,1.96
0.19886,3.72,2.64,1.96
0.19888,3.76,2.64,1.96
0.1989,3.76,2.64,1.96
0.19892,3.76,2.64,1.92
0.19894,3.76,2.64,1.92
0.19896,3.76,2.6,1.96
0.19898,3.76,2.64,1.96
0.199,3.76,2.64,1.96
0.19902,3.76,2.64,1.96
0.19904,3.76,2.64,1.92
0.19906,3.76,2.64,1.96
0.19908,3.76,2.64,1.96
0.1991,3.76,2.64,1.96
0.19912,3.76,2.64,1.96
0.19914,3.76,2.64,1.96
0.19916,3.76,2.64,1.96
0.19918,3.76,2.6,1.96
0.1992,3.76,2.64,1.92
0.19922,3.76,2.64,1.96
0.19924,3.76,2.64,1.96
0.19926,3.76,2.64,1.96
0.19928,3.76,2.64,1.96
0.1993,3.76,2.64,1.96
0.19932,3.76,2.64,1.96
0.19934,3.76,2.64,1.96
0.19936,3.76,2.64,1.96
0.19938,3.76,2.64,1.96
0.1994,3.76,2.64,1.96
0.19942,3.76,2.64,1.96
0.19944,3.76,2.64,1.96
0.19946,3.76,2.6,1.96
0.19948,3.76,2.64,1.96
0.1995,3.76,2.64,1.96
0.19952,3.76,2.64,1.96
0.19954,3.76,2.64,1.96
0.19956,3.76,2.64,1.96
0.19958,3.76,2.64,1.96
0.1996,3.76,2.64,1.96
0.19962,3.76,2.64,1.96
0.19964,3.76,2.6,1.96
0.19966,3.76,2.64,1.96
0.19968,3.76,2.64,1.96
0.1997,3.76,2.64,1.96
0.19972,3.76,2.64,1.96
0.19974,3.76,2.64,1.96
0.19976,3.76,2.64,1.96
0.19978,3.76,2.64,1.96
0.1998,3.76,2.64,1.96
0.19982,3.8,2.64,1.96
0.19984,3.76,2.64,1.96
0.19986,3.76,2.64,1.96
0.19988,3.76,2.64,1.96
0.1999,3.76,2.64,1.96
0.19992,3.76,2.64,1.96
0.19994,3.76,2.64,1.96
0.19996,3.76,2.64,1.96
0.19998,3.76,2.64,2
