t_s,dt_s,volts,disp_um,raw_code,seq,n_held
0,,4.724885,-4461.94008,2029322921,1562,1
0.002016,0.002016,4.724194,-4460.55196,2029025940,1563,1
0.004039,0.002023,4.725173,-4462.51863,2029446237,1564,1
0.006055,0.002016,4.725508,-4463.1916,2029590250,1565,2
0.010093,0.004038,4.725589,-4463.35432,2029625265,1567,1
0.012109,0.002016,4.72614,-4464.4612,2029861543,1568,1
0.014132,0.002023,4.725241,-4462.65524,2029475485,1569,1
0.016148,0.002016,4.724409,-4460.98387,2029118339,1570,2
0.020186,0.004038,4.725009,-4462.18918,2029375611,1572,1
0.022202,0.002016,4.725428,-4463.03089,2029555800,1573,1
0.024224,0.002022,4.725338,-4462.85009,2029517213,1574,1
0.02624,0.002016,4.725832,-4463.84247,2029729254,1575,2
0.030279,0.004039,4.725059,-4462.28962,2029397330,1577,1
0.032295,0.002016,4.724111,-4460.38523,2028990106,1578,1
0.034317,0.002022,4.724713,-4461.59456,2029249076,1579,1
0.036333,0.002016,4.725357,-4462.88826,2029525298,1580,1
0.038356,0.002023,4.725171,-4462.51462,2029445550,1581,2
0.042388,0.004032,4.725812,-4463.80229,2029720777,1583,1
0.04441,0.002022,4.725313,-4462.79987,2029506614,1584,1
0.046426,0.002016,4.724403,-4460.97181,2029115759,1585,1
0.048448,0.002022,4.724793,-4461.75527,2029282859,1586,2
0.052487,0.004039,4.725657,-4463.49092,2029654117,1588,1
0.054503,0.002016,4.725352,-4462.87822,2029523043,1589,1
0.056525,0.002022,4.725948,-4464.0755,2029779389,1590,1
0.058541,0.002016,4.725517,-4463.20968,2029593952,1591,2
0.06258,0.004039,4.724452,-4461.07025,2029136636,1593,1
0.064595,0.002015,4.724726,-4461.62067,2029254339,1594,1
0.066618,0.002023,4.725864,-4463.90675,2029743209,1595,1
0.068634,0.002016,4.725391,-4462.95656,2029540117,1596,2
0.072672,0.004038,4.72591,-4463.99916,2029763070,1598,1
0.074688,0.002016,4.725587,-4463.3503,2029624053,1599,1
0.076711,0.002023,4.72448,-4461.1265,2029148816,1600,1
0.078727,0.002016,4.724532,-4461.23096,2029170839,1601,1
0.080749,0.002022,4.725648,-4463.47284,2029650577,1602,2
0.084787,0.004038,4.725229,-4462.63113,2029470586,1604,1
0.086804,0.002017,4.725611,-4463.39851,2029634373,1605,1
0.08882,0.002016,4.725502,-4463.17955,2029587568,1606,1
0.090842,0.002022,4.724406,-4460.97784,2029117072,1607,2
0.09488,0.004038,4.724381,-4460.92762,2029106157,1609,1
0.096896,0.002016,4.725624,-4463.42463,2029640185,1610,1
0.098919,0.002023,4.725309,-4462.79184,2029504757,1611,1
0.100935,0.002016,4.7259,-4463.97907,2029758446,1612,2
0.104973,0.004038,4.725876,-4463.93086,2029748437,1614,1
0.106989,0.002016,4.724587,-4461.34144,2029194476,1615,1
0.109012,0.002023,4.724365,-4460.89548,2029099376,1616,1
0.111027,0.002015,4.725397,-4462.96862,2029542579,1617,2
0.115069,0.004042,4.725043,-4462.25748,2029390647,1619,1
0.117085,0.002016,4.725527,-4463.22977,2029598542,1620,1
0.119107,0.002022,4.725762,-4463.70185,2029699315,1621,1
0.121124,0.002017,4.724696,-4461.56041,2029241438,1622,1
0.12314,0.002016,4.724318,-4460.80106,2029079167,1623,2
0.127178,0.004038,4.725499,-4463.17352,2029586117,1625,1
0.1292,0.002022,4.725311,-4462.79586,2029505725,1626,1
0.131216,0.002016,4.725692,-4463.56123,2029669129,1627,1
0.133239,0.002023,4.725865,-4463.90876,2029743559,1628,2
0.137277,0.004038,4.724588,-4461.34345,2029195081,1630,1
0.139293,0.002016,4.724074,-4460.3109,2028974412,1631,1
0.141309,0.002016,4.725015,-4462.20123,2029378561,1632,1
0.143332,0.002023,4.724957,-4462.08472,2029353415,1633,2
0.14737,0.004038,4.725411,-4462.99674,2029548830,1635,1
0.149386,0.002016,4.725737,-4463.65163,2029688598,1636,1
0.151408,0.002022,4.724739,-4461.64679,2029259905,1637,1
0.153424,0.002016,4.724222,-4460.60821,2029037981,1638,2
0.157463,0.004039,4.725213,-4462.59899,2029463245,1640,1
0.159479,0.002016,4.725421,-4463.01683,2029552991,1641,1
0.161501,0.002022,4.725525,-4463.22575,2029597423,1642,1
0.163517,0.002016,4.726017,-4464.21411,2029808644,1643,1
0.16554,0.002023,4.725053,-4462.27757,2029394733,1644,2
0.169572,0.004032,4.724247,-4460.65843,2029048572,1646,1
0.171594,0.002022,4.725075,-4462.32177,2029404164,1647,1
0.17361,0.002016,4.725489,-4463.15343,2029582135,1648,1
0.175632,0.002022,4.725678,-4463.53311,2029663463,1649,2
0.179671,0.004039,4.726219,-4464.6199,2029895528,1651,1
0.181687,0.002016,4.725281,-4462.73559,2029492763,1652,1
0.183709,0.002022,4.724258,-4460.68053,2029053411,1653,1
0.185725,0.002016,4.724772,-4461.71308,2029274373,1654,2
0.189764,0.004039,4.725335,-4462.84407,2029515970,1656,1
0.19178,0.002016,4.725265,-4462.70345,2029485775,1657,1
0.193802,0.002022,4.725775,-4463.72796,2029705085,1658,1
0.195818,0.002016,4.725114,-4462.40011,2029421120,1659,2
0.199856,0.004038,4.724125,-4460.41335,2028996057,1661,1
0.201879,0.002023,4.72465,-4461.468,2029221637,1662,1
0.203895,0.002016,4.725393,-4462.96058,2029540837,1663,1
0.205917,0.002022,4.725228,-4462.62912,2029469888,1664,1
0.207933,0.002016,4.72582,-4463.81836,2029724328,1665,2
0.211971,0.004038,4.725222,-4462.61707,2029467403,1667,1
0.213994,0.002023,4.724159,-4460.48165,2029010802,1668,1
0.21601,0.002016,4.724501,-4461.16868,2029157763,1669,1
0.218026,0.002016,4.725453,-4463.08111,2029566593,1670,2
0.222064,0.004038,4.72516,-4462.49252,2029440945,1672,1
0.224087,0.002023,4.725754,-4463.68578,2029695810,1673,1
0.226103,0.002016,4.725378,-4462.93045,2029534369,1674,1
0.228125,0.002022,4.724216,-4460.59616,2029035473,1675,2
0.232163,0.004038,4.724521,-4461.20886,2029166142,1677,1
0.234179,0.002016,4.725647,-4463.47083,2029649750,1678,1
0.236195,0.002016,4.725243,-4462.65925,2029476379,1679,1
0.238218,0.002023,4.725899,-4463.97706,2029758123,1680,2
0.242256,0.004038,4.725601,-4463.37842,2029630105,1682,1
0.244272,0.002016,4.724306,-4460.77695,2029073871,1683,1
0.246295,0.002023,4.724241,-4460.64638,2029045931,1684,1
0.248311,0.002016,4.725461,-4463.09718,2029569807,1685,2
0.252349,0.004038,4.725053,-4462.27757,2029394680,1687,1
0.254371,0.002022,4.725558,-4463.29204,2029611859,1688,1
0.256388,0.002017,4.725409,-4462.99272,2029547835,1689,1
0.258404,0.002016,4.724303,-4460.77093,2029072594,1690,1
0.260426,0.002022,4.724246,-4460.65642,2029048079,1691,2
0.264464,0.004038,4.725427,-4463.02888,2029555284,1693,1
0.26648,0.002016,4.725059,-4462.28962,2029397383,1694,1
0.268503,0.002023,4.725595,-4463.36637,2029627587,1695,1
0.270519,0.002016,4.725595,-4463.36637,2029627678,1696,2
0.274557,0.004038,4.72441,-4460.98588,2029118468,1698,1
0.276573,0.002016,4.724171,-4460.50576,2029015870,1699,1
0.278596,0.002023,4.725294,-4462.7617,2029498127,1700,1
0.280612,0.002016,4.725087,-4462.34587,2029409441,1701,2
0.28465,0.004038,4.725589,-4463.35432,2029625256,1703,1
0.286672,0.002022,4.725806,-4463.79024,2029718137,1704,1
0.288688,0.002016,4.724526,-4461.2189,2029168363,1705,1
0.290704,0.002016,4.724123,-4460.40933,2028995507,1706,2
0.294743,0.004039,4.725279,-4462.73157,2029492146,1708,1
0.296765,0.002022,4.725086,-4462.34386,2029408952,1709,1
0.298781,0.002016,4.725476,-4463.12732,2029576362,1710,1
0.300804,0.002023,4.725763,-4463.70386,2029699790,1711,1
0.302819,0.002015,4.724602,-4461.37158,2029201320,1712,2
0.306858,0.004039,4.724079,-4460.32094,2028976576,1714,1
0.30888,0.002022,4.725069,-4462.30971,2029401749,1715,1
0.310896,0.002016,4.72511,-4462.39208,2029419127,1716,1
0.312912,0.002016,4.725322,-4462.81795,2029510230,1717,2
0.316951,0.004039,4.72575,-4463.67774,2029694037,1719,1
0.318973,0.002022,4.724807,-4461.78339,2029289185,1720,1
0.320989,0.002016,4.724108,-4460.3792,2028989020,1721,1
0.323012,0.002023,4.72519,-4462.55278,2029453487,1722,2
0.32705,0.004038,4.725462,-4463.09919,2029570213,1724,1
0.329066,0.002016,4.725574,-4463.32418,2029618468,1725,1
0.331088,0.002022,4.726027,-4464.2342,2029812807,1726,1
0.333104,0.002016,4.724967,-4462.10481,2029358001,1727,2
0.337143,0.004039,4.724169,-4460.50174,2029015200,1729,1
0.339159,0.002016,4.724724,-4461.61666,2029253458,1730,1
0.341181,0.002022,4.725023,-4462.2173,2029381767,1731,1
0.343197,0.002016,4.724979,-4462.12891,2029363132,1732,1
0.34522,0.002023,4.725553,-4463.282,2029609639,1733,2
0.349258,0.004038,4.72475,-4461.66889,2029264805,1735,1
0.351274,0.002016,4.723865,-4459.89105,2028884415,1736,1
0.35329,0.002016,4.724566,-4461.29926,2029185466,1737,1
0.355312,0.002022,4.725345,-4462.86416,2029520107,1738,2
0.359351,0.004039,4.725229,-4462.63113,2029470335,1740,1
0.361367,0.002016,4.725801,-4463.78019,2029716141,1741,1
0.363389,0.002022,4.725145,-4462.46238,2029434439,1742,1
0.365405,0.002016,4.724075,-4460.31291,2028974934,1743,2
0.369443,0.004038,4.72458,-4461.32738,2029191706,1745,1
0.37146,0.002017,4.725449,-4463.07308,2029564617,1746,1
0.373482,0.002022,4.725243,-4462.65925,2029476404,1747,1
0.375498,0.002016,4.72585,-4463.87863,2029737208,1748,2
0.381552,0.006054,4.724241,-4460.64638,2029046225,1751,1
0.383575,0.002023,4.724532,-4461.23096,2029171252,1752,1
0.385591,0.002016,4.725523,-4463.22173,2029596485,1753,1
0.387613,0.002022,4.725342,-4462.85813,2029519047,1754,2
0.391652,0.004039,4.726024,-4464.22817,2029811990,1756,1
0.393668,0.002016,4.725513,-4463.20164,2029592611,1757,1
0.39569,0.002022,4.724346,-4460.85731,2029091231,1758,1
0.397706,0.002016,4.72453,-4461.22694,2029170155,1759,2
0.401744,0.004038,4.725655,-4463.4869,2029653274,1761,1
0.40376,0.002016,4.725344,-4462.86215,2029519830,1762,1
0.405783,0.002023,4.72587,-4463.91881,2029745517,1763,1
0.407799,0.002016,4.725701,-4463.57931,2029673225,1764,2
0.411837,0.004038,4.724621,-4461.40974,2029209210,1766,1
0.41386,0.002023,4.724507,-4461.18073,2029160463,1767,1
0.415875,0.002015,4.725547,-4463.26995,2029607132,1768,1
0.417895,0.00202,4.72512,-4462.41216,2029423639,1769,2
0.421933,0.004038,4.72567,-4463.51703,2029659666,1771,1
0.423949,0.002016,4.725482,-4463.13937,2029578884,1772,1
0.425972,0.002023,4.724152,-4460.46759,2029007872,1773,1
0.427987,0.002015,4.723901,-4459.96337,2028899996,1774,1
0.430004,0.002017,4.725223,-4462.61908,2029467724,1775,2
0.434042,0.004038,4.725004,-4462.17914,2029373921,1777,1
0.436064,0.002022,4.725532,-4463.23981,2029600697,1778,1
0.43808,0.002016,4.725622,-4463.42061,2029639163,1779,1
0.440096,0.002016,4.724557,-4461.28118,2029181816,1780,2
0.444135,0.004039,4.724199,-4460.56201,2029028171,1782,1
0.446157,0.002022,4.725332,-4462.83804,2029514584,1783,1
0.448173,0.002016,4.725189,-4462.55077,2029453125,1784,1
0.450196,0.002023,4.725585,-4463.34628,2029623552,1785,2
0.454234,0.004038,4.725819,-4463.81635,2029723754,1787,1
0.45625,0.002016,4.724653,-4461.47403,2029223200,1788,1
0.458266,0.002016,4.724208,-4460.58009,2029032095,1789,1
0.460288,0.002022,4.725279,-4462.73157,2029491942,1790,2
0.464327,0.004039,4.725167,-4462.50658,2029443880,1792,1
0.466343,0.002016,4.725614,-4463.40454,2029635892,1793,1
0.468365,0.002022,4.726014,-4464.20808,2029807330,1794,1
0.470381,0.002016,4.724765,-4461.69902,2029271221,1795,1
0.472404,0.002023,4.724142,-4460.4475,2029003660,1796,2
0.476436,0.004032,4.725214,-4462.601,2029463859,1798,1
0.478458,0.002022,4.72529,-4462.75367,2029496553,1799,1
0.480474,0.002016,4.725347,-4462.86817,2029520923,1800,1
0.482496,0.002022,4.725747,-4463.67172,2029692797,1801,2
0.486528,0.004032,4.72479,-4461.74924,2029281704,1803,1
0.488551,0.002023,4.724114,-4460.39125,2028991682,1804,1
0.490567,0.002016,4.725077,-4462.32578,2029405135,1805,1
0.492589,0.002022,4.725341,-4462.85612,2029518539,1806,2
0.496628,0.004039,4.725525,-4463.22575,2029597447,1808,1
0.498644,0.002016,4.725967,-4464.11366,2029787656,1809,1
0.50066,0.002016,4.725002,-4462.17512,2029373086,1810,1
0.502682,0.002022,4.724138,-4460.43947,2029001774,1811,2
0.50672,0.004038,4.724788,-4461.74522,2029281135,1813,1
0.508736,0.002016,4.725183,-4462.53872,2029450616,1814,1
0.512775,0.004039,4.7255,-4463.17553,2029586761,1816,2
0.516813,0.004038,4.724755,-4461.67893,2029266899,1818,1
0.518829,0.002016,4.723981,-4460.12408,2028934249,1819,1
0.520852,0.002023,4.724623,-4461.41376,2029210205,1820,1
0.522868,0.002016,4.725422,-4463.01884,2029553259,1821,1
0.524884,0.002016,4.725504,-4463.18356,2029588429,1822,2
0.528922,0.004038,4.726186,-4464.5536,2029881296,1824,1
0.530944,0.002022,4.725459,-4463.09317,2029569247,1825,1
0.53296,0.002016,4.724337,-4460.83923,2029087333,1826,1
0.534983,0.002023,4.724604,-4461.37559,2029201991,1827,2
0.539015,0.004032,4.725391,-4462.95656,2029540089,1829,1
0.541037,0.002022,4.724996,-4462.16307,2029370175,1830,1
0.543053,0.002016,4.725313,-4462.79987,2029506584,1831,1
0.545075,0.002022,4.724831,-4461.8316,2029299509,1832,2
0.549108,0.004033,4.723854,-4459.86895,2028879899,1834,1
0.55113,0.002022,4.723988,-4460.13814,2028937180,1835,1
0.553146,0.002016,4.724939,-4462.04856,2029346057,1836,1
0.555168,0.002022,4.724711,-4461.59054,2029247881,1837,2
0.5592,0.004032,4.725465,-4463.10522,2029571606,1839,1
0.561223,0.002023,4.72533,-4462.83402,2029513756,1840,1
0.563239,0.002016,4.72422,-4460.60419,2029037235,1841,1
0.565261,0.002022,4.72439,-4460.9457,2029109913,1842,1
0.567277,0.002016,4.725526,-4463.22776,2029597776,1843,2
0.571316,0.004039,4.725143,-4462.45837,2029433783,1845,1
1.251469,0.680153,4.723563,-4459.28437,2028754686,1846,1
1.253485,0.002016,4.72328,-4458.71587,2028633261,1847,2
1.257524,0.004039,4.723569,-4459.29643,2028757371,1849,1
1.259539,0.002015,4.723687,-4459.53347,2028808219,1850,1
1.261556,0.002017,4.722664,-4457.47841,2028368893,1851,1
1.263571,0.002015,4.722299,-4456.74518,2028211815,1852,2
1.26761,0.004039,4.723425,-4459.00715,2028695624,1854,1
1.269626,0.002016,4.723228,-4458.61141,2028611092,1855,1
1.271648,0.002022,4.723281,-4458.71788,2028633567,1856,1
1.273664,0.002016,4.723363,-4458.8826,2028668977,1857,2
1.277703,0.004039,4.722437,-4457.0224,2028271118,1859,1
1.279719,0.002016,4.721908,-4455.95972,2028044179,1860,1
1.281735,0.002016,4.722991,-4458.13531,2028509165,1861,1
1.283757,0.002022,4.723066,-4458.28597,2028541435,1862,1
1.285773,0.002016,4.723413,-4458.98305,2028690554,1863,2
1.289812,0.004039,4.723726,-4459.61182,2028825117,1865,1
1.291828,0.002016,4.72294,-4458.03286,2028487052,1866,1
1.293844,0.002016,4.722306,-4456.75924,2028214924,1867,1
1.295866,0.002022,4.723192,-4458.53909,2028595367,1868,2
1.299898,0.004032,4.723526,-4459.21005,2028738676,1870,1
1.30192,0.002022,4.723589,-4459.33661,2028766225,1871,1
1.303936,0.002016,4.72391,-4459.98145,2028903952,1872,1
1.305952,0.002016,4.723185,-4458.52503,2028592246,1873,2
1.309991,0.004039,4.7223,-4456.74719,2028212459,1875,1
1.312007,0.002016,4.723059,-4458.27191,2028538218,1876,1
1.314029,0.002022,4.723354,-4458.86452,2028665050,1877,1
1.316045,0.002016,4.723226,-4458.60739,2028610057,1878,2
1.320084,0.004039,4.723559,-4459.27634,2028753347,1880,1
1.3221,0.002016,4.722953,-4458.05897,2028492770,1881,1
1.324116,0.002016,4.722167,-4456.48001,2028155420,1882,1
1.326138,0.002022,4.722935,-4458.02281,2028485148,1883,1
1.328154,0.002016,4.723677,-4459.51338,2028803713,1884,2
1.332192,0.004038,4.72352,-4459.19799,2028736334,1886,1
1.334208,0.002016,4.72391,-4459.98145,2028903945,1887,1
1.336224,0.002016,4.723391,-4458.93885,2028681093,1888,1
1.338247,0.002023,4.722307,-4456.76125,2028215553,1889,2
1.342279,0.004032,4.722763,-4457.67729,2028411293,1891,1
1.344301,0.002022,4.723612,-4459.38281,2028775811,1892,1
1.346317,0.002016,4.72328,-4458.71587,2028633209,1893,1
1.348333,0.002016,4.723585,-4459.32857,2028764313,1894,2
1.352371,0.004038,4.723202,-4458.55918,2028599980,1896,1
1.354387,0.002016,4.722034,-4456.21283,2028098239,1897,1
1.35641,0.002023,4.72226,-4456.66684,2028195194,1898,1
1.358426,0.002016,4.723265,-4458.68574,2028626754,1899,2
1.362464,0.004038,4.722908,-4457.96857,2028473287,1901,1
1.36448,0.002016,4.723241,-4458.63752,2028616679,1902,1
1.366496,0.002016,4.723251,-4458.65761,2028621114,1903,1
1.368519,0.002023,4.722346,-4456.8396,2028232196,1904,2
1.372551,0.004032,4.722476,-4457.10075,2028287690,1906,1
1.374573,0.002022,4.723538,-4459.23415,2028744035,1907,1
1.376589,0.002016,4.723284,-4458.7239,2028635100,1908,1
1.378605,0.002016,4.723695,-4459.54954,2028811534,1909,1
1.380628,0.002023,4.723577,-4459.3125,2028761013,1910,2
1.38466,0.004032,4.722487,-4457.12285,2028292946,1912,1
1.386682,0.002022,4.722406,-4456.96013,2028258078,1913,1
1.388698,0.002016,4.723537,-4459.23214,2028743842,1914,1
1.390714,0.002016,4.723185,-4458.52503,2028592458,1915,2
1.394752,0.004038,4.723602,-4459.36272,2028771570,1917,1
1.396768,0.002016,4.723501,-4459.15983,2028728097,1918,1
1.398791,0.002023,4.722418,-4456.98423,2028262899,1919,1
1.400807,0.002016,4.722222,-4456.5905,2028178896,1920,2
1.404845,0.004038,4.72339,-4458.93684,2028680612,1922,1
1.406861,0.002016,4.723048,-4458.24981,2028533701,1923,1
1.408877,0.002016,4.723472,-4459.10157,2028715849,1924,1
1.4109,0.002023,4.723687,-4459.53347,2028808064,1925,2
1.414931,0.004031,4.72261,-4457.36994,2028345490,1927,1
1.416954,0.002023,4.722421,-4456.99026,2028264425,1928,1
1.41897,0.002016,4.723683,-4459.52544,2028806289,1929,1
1.420986,0.002016,4.723478,-4459.11362,2028718567,1930,1
1.423008,0.002022,4.723793,-4459.74641,2028853484,1931,2
1.42704,0.004032,4.723944,-4460.04975,2028918220,1933,1
1.429063,0.002023,4.722965,-4458.08308,2028498163,1934,1
1.431079,0.002016,4.72246,-4457.06861,2028280974,1935,1
1.433095,0.002016,4.723503,-4459.16384,2028729241,1936,2
1.437133,0.004038,4.723331,-4458.81832,2028654995,1938,1
1.439149,0.002016,4.723352,-4458.86051,2028664045,1939,1
1.441171,0.002022,4.723496,-4459.14978,2028725989,1940,1
1.443187,0.002016,4.722504,-4457.157,2028299818,1941,2
1.447226,0.004039,4.721863,-4455.86932,2028024526,1943,1
1.449242,0.002016,4.722906,-4457.96456,2028472780,1944,1
1.451258,0.002016,4.723072,-4458.29803,2028544018,1945,1
1.45328,0.002022,4.723354,-4458.86452,2028665237,1946,2
1.457312,0.004032,4.723763,-4459.68615,2028840413,1948,1
1.459335,0.002023,4.723192,-4458.53909,2028595549,1949,1
1.461351,0.002016,4.722629,-4457.4081,2028353652,1950,1
1.463367,0.002016,4.723542,-4459.24219,2028745746,1951,1
1.465389,0.002022,4.723825,-4459.8107,2028867081,1952,2
1.469421,0.004032,4.7238,-4459.76047,2028856504,1954,1
1.471444,0.002023,4.724126,-4460.41536,2028996644,1955,1
1.47346,0.002016,4.723336,-4458.82836,2028657536,1956,1
1.475476,0.002016,4.722424,-4456.99629,2028265580,1957,2
1.479514,0.004038,4.723077,-4458.30807,2028546326,1959,1
1.48153,0.002016,4.723477,-4459.11161,2028717810,1960,1
1.483552,0.002022,4.723405,-4458.96698,2028687251,1961,1
1.485568,0.002016,4.724022,-4460.20644,2028952098,1962,2
1.489607,0.004039,4.723177,-4458.50896,2028588876,1964,1
1.491623,0.002016,4.722253,-4456.65277,2028192147,1965,1
1.493639,0.002016,4.722914,-4457.98063,2028476046,1966,1
1.495661,0.002022,4.723737,-4459.63392,2028829660,1967,2
1.4997,0.004039,4.723545,-4459.24822,2028747054,1969,1
1.501716,0.002016,4.724254,-4460.67249,2029051739,1970,1
1.503732,0.002016,4.723673,-4459.50535,2028802034,1971,1
1.505748,0.002016,4.72272,-4457.59091,2028392838,1972,2
1.509786,0.004038,4.723154,-4458.46275,2028579081,1974,1
1.511802,0.002016,4.723928,-4460.01761,2028911920,1975,1
1.513824,0.002022,4.723471,-4459.09956,2028715176,1976,1
1.51584,0.002016,4.723976,-4460.11403,2028932080,1977,1
1.517856,0.002016,4.723458,-4459.07344,2028709849,1978,2
1.521895,0.004039,4.722342,-4456.83156,2028230266,1980,1
1.523911,0.002016,4.722591,-4457.33177,2028337593,1981,1
1.525933,0.002022,4.723567,-4459.29241,2028756636,1982,1
1.527949,0.002016,4.723362,-4458.88059,2028668801,1983,2
1.531988,0.004039,4.723993,-4460.14818,2028939483,1985,1
1.534004,0.002016,4.723657,-4459.47321,2028795061,1986,1
1.53602,0.002016,4.722559,-4457.26748,2028323462,1987,1
1.538042,0.002022,4.72252,-4457.18914,2028307044,1988,2
1.54208,0.004038,4.723607,-4459.37276,2028773849,1990,1
1.544096,0.002016,4.723267,-4458.68975,2028627787,1991,1
1.546112,0.002016,4.723957,-4460.07586,2028924016,1992,1
1.548128,0.002016,4.723888,-4459.93725,2028894392,1993,2
1.552167,0.004039,4.722753,-4457.6572,2028406812,1995,1
1.554189,0.002022,4.722638,-4457.42618,2028357448,1996,1
1.556205,0.002016,4.723746,-4459.652,2028833423,1997,1
1.558221,0.002016,4.723349,-4458.85448,2028662983,1998,1
1.560244,0.002023,4.723592,-4459.34263,2028767283,1999,2
1.564276,0.004032,4.723577,-4459.3125,2028760771,2001,1
1.566298,0.002022,4.722447,-4457.04249,2028275716,2002,1
1.568314,0.002016,4.722156,-4456.45791,2028150710,2003,1
1.57033,0.002016,4.723341,-4458.83841,2028659270,2004,2
1.574368,0.004038,4.72309,-4458.33419,2028551580,2006,1
1.576384,0.002016,4.723555,-4459.2683,2028751440,2007,1
1.578407,0.002023,4.723684,-4459.52745,2028806758,2008,1
1.580423,0.002016,4.722686,-4457.52261,2028378180,2009,2
1.584461,0.004038,4.722426,-4457.00031,2028266553,2011,1
1.586477,0.002016,4.723599,-4459.35669,2028770275,2012,1
1.5885,0.002023,4.723373,-4458.90269,2028673343,2013,1
1.590516,0.002016,4.723691,-4459.54151,2028809626,2014,2
1.594547,0.004031,4.724,-4460.16224,2028942443,2016,1
1.59657,0.002023,4.722988,-4458.12928,2028507799,2017,1
1.598586,0.002016,4.722465,-4457.07865,2028283161,2018,1
1.600608,0.002022,4.723414,-4458.98506,2028690813,2019,1
1.602624,0.002016,4.723324,-4458.80426,2028652129,2020,2
1.606663,0.004039,4.723446,-4459.04934,2028704554,2022,1
1.608679,0.002016,4.723785,-4459.73034,2028850389,2023,1
1.610695,0.002016,4.722883,-4457.91835,2028462865,2024,1
1.612717,0.002022,4.722241,-4456.62867,2028186967,2025,2
1.616749,0.004032,4.723279,-4458.71386,2028632708,2027,1
1.618772,0.002023,4.723472,-4459.10157,2028715820,2028,1
1.620788,0.002016,4.723579,-4459.31652,2028761833,2029,1
1.622804,0.002016,4.723879,-4459.91917,2028890515,2030,2
1.626842,0.004038,4.723216,-4458.5873,2028605527,2032,1
1.628858,0.002016,4.722452,-4457.05254,2028277807,2033,1
1.63088,0.002022,4.72327,-4458.69578,2028629008,2034,1
1.632896,0.002016,4.723623,-4459.40491,2028780658,2035,2
1.636935,0.004039,4.723845,-4459.85087,2028875930,2037,1
1.638951,0.002016,4.724424,-4461.014,2029124691,2038,1
1.640973,0.002022,4.723517,-4459.19197,2028735198,2039,1
1.642989,0.002016,4.72253,-4457.20923,2028311374,2040,1
1.645005,0.002016,4.723073,-4458.30004,2028544252,2041,2
1.649044,0.004039,4.723453,-4459.0634,2028707563,2043,1
1.651059,0.002015,4.72341,-4458.97702,2028688937,2044,1
1.653082,0.002023,4.72401,-4460.18233,2028947112,2045,1
1.655098,0.002016,4.723416,-4458.98907,2028691894,2046,2
1.659136,0.004038,4.722636,-4457.42217,2028356839,2048,1
1.661152,0.002016,4.723457,-4459.07144,2028709265,2049,1
1.663168,0.002016,4.724461,-4461.08833,2029140455,2050,1
1.665191,0.002023,4.724282,-4460.72874,2029063871,2051,2
1.669223,0.004032,4.72502,-4462.21128,2029380767,2053,1
1.671245,0.002022,4.724504,-4461.17471,2029158864,2054,1
1.673261,0.002016,4.723354,-4458.86452,2028665315,2055,1
1.675284,0.002023,4.723577,-4459.3125,2028760968,2056,2
1.679316,0.004032,4.724419,-4461.00396,2029122346,2058,1
1.681338,0.002022,4.724151,-4460.46558,2029007505,2059,1
1.683354,0.002016,4.724548,-4461.2631,2029177793,2060,1
1.68537,0.002016,4.723814,-4459.7886,2028862475,2061,2
1.689408,0.004038,4.722602,-4457.35386,2028342102,2063,1
1.691424,0.002016,4.722858,-4457.86813,2028452309,2064,1
1.693447,0.002023,4.724015,-4460.19238,2028949029,2065,1
1.695463,0.002016,4.723665,-4459.48928,2028798897,2066,1
1.697479,0.002016,4.72435,-4460.86534,2029092708,2067,2
1.701517,0.004038,4.724523,-4461.21288,2029166991,2069,1
1.70354,0.002023,4.723419,-4458.9951,2028693043,2070,1
1.705556,0.002016,4.723365,-4458.88662,2028669999,2071,1
1.707572,0.002016,4.724622,-4461.41175,2029209761,2072,2
1.71161,0.004038,4.724403,-4460.97181,2029115661,2074,1
1.713626,0.002016,4.724957,-4462.08472,2029353284,2075,1
1.715648,0.002022,4.724916,-4462.00236,2029336192,2076,1
1.717664,0.002016,4.723919,-4459.99953,2028907917,2077,2
1.721703,0.004039,4.723942,-4460.04573,2028917643,2079,1
1.723719,0.002016,4.725063,-4462.29766,2029399138,2080,1
1.725735,0.002016,4.72464,-4461.44791,2029217398,2081,1
1.727757,0.002022,4.725271,-4462.7155,2029488563,2082,2
1.731789,0.004032,4.725303,-4462.77978,2029501970,2084,1
1.733812,0.002023,4.724002,-4460.16626,2028943375,2085,1
1.735828,0.002016,4.723683,-4459.52544,2028806641,2086,1
1.737844,0.002016,4.724913,-4461.99633,2029334490,2087,1
1.739866,0.002022,4.724715,-4461.59858,2029249723,2088,2
1.743898,0.004032,4.725289,-4462.75166,2029496346,2090,1
1.74592,0.002022,4.725455,-4463.08513,2029567520,2091,1
1.747936,0.002016,4.724321,-4460.80709,2029080344,2092,1
1.749952,0.002016,4.723977,-4460.11604,2028932770,2093,2
1.753991,0.004039,4.725164,-4462.50055,2029442542,2095,1
1.756013,0.002022,4.725144,-4462.46038,2029433928,2096,1
1.758029,0.002016,4.725522,-4463.21972,2029596304,2097,1
1.760045,0.002016,4.72584,-4463.85854,2029732723,2098,2
1.764083,0.004038,4.724675,-4461.51822,2029232444,2100,1
1.7661,0.002017,4.724216,-4460.59616,2029035509,2101,1
1.768122,0.002022,4.725277,-4462.72755,2029491078,2102,1
1.770138,0.002016,4.725228,-4462.62912,2029470064,2103,2
1.774176,0.004038,4.725555,-4463.28602,2029610400,2105,1
1.776192,0.002016,4.725946,-4464.07148,2029778045,2106,1
1.778215,0.002023,4.724803,-4461.77536,2029287431,2107,1
1.780231,0.002016,4.724219,-4460.60218,2029036740,2108,1
1.782247,0.002016,4.725071,-4462.31373,2029402424,2109,2
1.786285,0.004038,4.725283,-4462.73961,2029493410,2111,1
1.788301,0.002016,4.725447,-4463.06906,2029564003,2112,1
1.790323,0.002022,4.725924,-4464.02728,2029768780,2113,1
1.79234,0.002017,4.725163,-4462.49854,2029442201,2114,2
1.796378,0.004038,4.724379,-4460.9236,2029105114,2116,1
1.798394,0.002016,4.725164,-4462.50055,2029442636,2117,1
1.80041,0.002016,4.725542,-4463.2599,2029604926,2118,1
1.802432,0.002022,4.725533,-4463.24182,2029600708,2119,2
1.806464,0.004032,4.726033,-4464.24625,2029815858,2121,1
1.808487,0.002023,4.725299,-4462.77175,2029500459,2122,1
1.810503,0.002016,4.724456,-4461.07828,2029138560,2123,1
1.812525,0.002022,4.725,-4462.1711,2029372144,2124,2
1.816557,0.004032,4.725606,-4463.38847,2029632532,2126,1
1.81858,0.002023,4.72537,-4462.91438,2029530929,2127,1
1.820596,0.002016,4.725807,-4463.79225,2029718759,2128,1
1.822612,0.002016,4.725161,-4462.49453,2029441207,2129,1
1.824634,0.002022,4.72425,-4460.66446,2029049886,2130,2
1.828672,0.004038,4.724835,-4461.83964,2029301244,2132,1
1.830688,0.002016,4.725765,-4463.70788,2029700766,2133,1
1.832704,0.002016,4.725639,-4463.45476,2029646506,2134,1
1.83472,0.002016,4.726347,-4464.87703,2029950796,2135,2
1.838759,0.004039,4.725879,-4463.93689,2029749410,2137,1
1.840781,0.002022,4.724824,-4461.81754,2029296632,2138,1
1.842797,0.002016,4.724955,-4462.0807,2029352834,2139,1
1.844813,0.002016,4.725847,-4463.8726,2029735884,2140,2
1.848852,0.004039,4.725625,-4463.42664,2029640490,2142,1
1.850868,0.002016,4.726407,-4464.99756,2029976206,2143,1
1.85289,0.002022,4.726091,-4464.36276,2029840659,2144,1
1.854906,0.002016,4.724909,-4461.98829,2029333178,2145,2
1.858944,0.004038,4.725031,-4462.23338,2029385375,2147,1
1.86096,0.002016,4.726051,-4464.28241,2029823565,2148,1
1.862983,0.002023,4.725611,-4463.39851,2029634611,2149,1
1.864999,0.002016,4.726152,-4464.4853,2029867017,2150,2
1.869037,0.004038,4.726001,-4464.18197,2029801842,2152,1
1.871053,0.002016,4.72479,-4461.74924,2029281669,2153,1
1.873075,0.002022,4.72492,-4462.01039,2029337900,2154,1
1.875092,0.002017,4.726271,-4464.72436,2029917764,2155,1
1.877108,0.002016,4.726054,-4464.28844,2029824722,2156,2
1.881146,0.004038,4.726435,-4465.05381,2029988192,2158,1
1.883162,0.002016,4.726458,-4465.10001,2029998078,2159,1
1.885184,0.002022,4.725263,-4462.69943,2029484736,2160,1
1.8872,0.002016,4.725113,-4462.3981,2029420675,2161,2
1.891239,0.004039,4.726373,-4464.92926,2029961919,2163,1
1.893739,0.0025,4.726143,-4464.46722,2029863013,2164,1
1.895274,0.001535,4.726568,-4465.32099,2030045565,2165,1
1.89729,0.002016,4.726674,-4465.53393,2030090908,2166,2
1.901328,0.004038,4.72551,-4463.19562,2029591139,2168,1
1.903351,0.002023,4.725022,-4462.2153,2029381616,2169,1
1.905367,0.002016,4.726029,-4464.23821,2029814285,2170,1
1.907383,0.002016,4.725793,-4463.76412,2029712826,2171,2
1.911421,0.004038,4.726266,-4464.71431,2029915933,2173,1
1.913437,0.002016,4.726578,-4465.34108,2030049862,2174,1
1.91546,0.002023,4.725626,-4463.42864,2029640654,2175,1
1.917476,0.002016,4.725147,-4462.4664,2029435327,2176,1
1.919492,0.002016,4.726218,-4464.61789,2029895273,2177,2
1.92353,0.004038,4.726034,-4464.24826,2029816106,2179,1
1.925552,0.002022,4.726272,-4464.72637,2029918151,2180,1
1.927568,0.002016,4.726664,-4465.51384,2030086771,2181,1
1.929591,0.002023,4.725641,-4463.45878,2029647513,2182,2
1.933623,0.004032,4.725052,-4462.27556,2029394541,2184,1
1.935645,0.002022,4.726308,-4464.79868,2029933774,2185,1
1.937661,0.002016,4.726603,-4465.3913,2030060313,2186,1
1.939677,0.002016,4.72671,-4465.60624,2030106586,2187,2
1.943716,0.004039,4.726848,-4465.88347,2030165697,2189,1
1.945732,0.002016,4.725827,-4463.83242,2029727247,2190,1
1.947754,0.002022,4.725025,-4462.22132,2029382780,2191,1
1.94977,0.002016,4.725852,-4463.88265,2029738005,2192,2
1.953808,0.004038,4.726168,-4464.51744,2029873567,2194,1
1.955824,0.002016,4.726265,-4464.7123,2029915441,2195,1
1.957847,0.002023,4.726773,-4465.7328,2030133426,2196,1
1.959863,0.002016,4.725953,-4464.08554,2029781436,2197,1
1.961885,0.002022,4.724952,-4462.07468,2029351452,2198,2
1.965917,0.004032,4.725699,-4463.57529,2029672063,2200,1
1.96794,0.002023,4.726175,-4464.53151,2029876618,2201,1
1.969956,0.002016,4.726225,-4464.63195,2029898182,2202,1
1.971971,0.002015,4.726791,-4465.76896,2030141403,2203,2
1.97601,0.004039,4.726346,-4464.87502,2029950250,2205,1
1.978032,0.002022,4.725584,-4463.34427,2029622851,2206,1
1.980048,0.002016,4.72612,-4464.42102,2029853043,2207,1
1.982064,0.002016,4.726598,-4465.38125,2030058303,2208,2
1.986103,0.004039,4.726278,-4464.73842,2029920852,2210,1
1.988119,0.002016,4.726752,-4465.69062,2030124458,2211,1
1.990141,0.002022,4.726034,-4464.24826,2029816030,2212,1
1.992157,0.002016,4.725127,-4462.42623,2029426728,2213,2
1.996196,0.004039,4.725615,-4463.40655,2029636174,2215,1
1.998212,0.002016,4.726584,-4465.35313,2030052280,2216,1
2.000234,0.002022,4.726407,-4464.99756,2029976392,2217,1
2.00225,0.002016,4.726771,-4465.72878,2030132893,2218,1
2.004272,0.002022,4.726285,-4464.75248,2029924284,2219,2
2.008304,0.004032,4.725203,-4462.5789,2029459177,2221,1
2.010327,0.002023,4.725376,-4462.92643,2029533476,2222,1
2.012343,0.002016,4.726471,-4465.12613,2030004091,2223,1
2.014359,0.002016,4.726161,-4464.50338,2029870714,2224,2
2.018397,0.004038,4.726856,-4465.89954,2030169333,2226,1
2.020419,0.002022,4.726813,-4465.81316,2030150857,2227,1
2.022436,0.002017,4.72573,-4463.63757,2029685612,2228,1
2.024452,0.002016,4.725769,-4463.71591,2029702177,2229,2
2.02849,0.004038,4.726688,-4465.56205,2030097052,2231,1
2.030512,0.002022,4.726175,-4464.53151,2029876743,2232,1
2.032528,0.002016,4.726648,-4465.4817,2030079967,2233,1
2.034544,0.002016,4.726584,-4465.35313,2030052384,2234,2
2.038583,0.004039,4.725648,-4463.47284,2029650543,2236,1
2.040605,0.002022,4.725688,-4463.55319,2029667542,2237,1
2.042621,0.002016,4.726845,-4465.87744,2030164502,2238,1
2.044637,0.002016,4.726359,-4464.90114,2029955688,2239,2
2.048676,0.004039,4.726584,-4465.35313,2030052662,2241,1
2.050692,0.002016,4.726604,-4465.39331,2030061143,2242,1
2.052714,0.002022,4.725472,-4463.11928,2029574840,2243,1
2.05473,0.002016,4.725219,-4462.61104,2029466116,2244,1
2.056752,0.002022,4.726463,-4465.11006,2030000559,2245,2
2.060784,0.004032,4.726222,-4464.62592,2029896662,2247,1
2.062807,0.002023,4.726614,-4465.41339,2030065182,2248,1
2.064823,0.002016,4.726663,-4465.51183,2030086171,2249,1
2.066845,0.002022,4.725488,-4463.15142,2029581574,2250,2
2.070877,0.004032,4.725019,-4462.20927,2029380526,2252,1
2.0729,0.002023,4.726118,-4464.417,2029852050,2253,1
2.074915,0.002015,4.725972,-4464.12371,2029789714,2254,1
2.076938,0.002023,4.726387,-4464.95738,2029967767,2255,2
2.08097,0.004032,4.726838,-4465.86338,2030161264,2257,1
2.082992,0.002022,4.72608,-4464.34067,2029835747,2258,1
2.085008,0.002016,4.725709,-4463.59538,2029676365,2259,1
2.087024,0.002016,4.726802,-4465.79106,2030145880,2260,2
2.091063,0.004039,4.726706,-4465.59821,2030104610,2262,1
2.093085,0.002022,4.727023,-4466.23502,2030241070,2263,1
2.095101,0.002016,4.727233,-4466.65688,2030331281,2264,1
2.097124,0.002023,4.725953,-4464.08554,2029781423,2265,1
2.09914,0.002016,4.725313,-4462.79987,2029506585,2266,2
2.103178,0.004038,4.726408,-4464.99957,2029976762,2268,1
2.105194,0.002016,4.726501,-4465.18639,2030016897,2269,1
2.10721,0.002016,4.72651,-4465.20447,2030020410,2270,1
2.109232,0.002022,4.726934,-4466.05623,2030202821,2271,2
2.113264,0.004032,4.72591,-4463.99916,2029763111,2273,1
2.115287,0.002023,4.72515,-4462.47243,2029436418,2274,1
2.117303,0.002016,4.725946,-4464.07148,2029778610,2275,1
2.119325,0.002022,4.72635,-4464.88306,2029951917,2276,2
2.123357,0.004032,4.726516,-4465.21653,2030023250,2278,1
2.125379,0.002022,4.727198,-4466.58657,2030315884,2279,1
2.127399,0.00202,4.726193,-4464.56767,2029884193,2280,1
2.129415,0.002016,4.72517,-4462.51261,2029445067,2281,2
2.133453,0.004038,4.725877,-4463.93287,2029748833,2283,1
2.135469,0.002016,4.726389,-4464.9614,2029968740,2284,1
2.137491,0.002022,4.726149,-4464.47928,2029865292,2285,1
2.139507,0.002016,4.72666,-4465.5058,2030085023,2286,1
2.141524,0.002017,4.726053,-4464.28643,2029824271,2287,2
2.145562,0.004038,4.725063,-4462.29766,2029399078,2289,1
2.147578,0.002016,4.725443,-4463.06102,2029562439,2290,1
2.1496,0.002022,4.726196,-4464.57369,2029885757,2291,1
2.151616,0.002016,4.726068,-4464.31656,2029830695,2292,2
2.155655,0.004039,4.726676,-4465.53794,2030091853,2294,1
2.157671,0.002016,4.726169,-4464.51945,2029874044,2295,1
2.159693,0.002022,4.725245,-4462.66327,2029477021,2296,1
2.161709,0.002016,4.72568,-4463.53712,2029664272,2297,2
2.165748,0.004039,4.726631,-4465.44754,2030072498,2299,1
2.167764,0.002016,4.726328,-4464.83886,2029942344,2300,1
2.16978,0.002016,4.726692,-4465.57009,2030098612,2301,1
2.171802,0.002022,4.726256,-4464.69422,2029911525,2302,2
2.17584,0.004038,4.725191,-4462.55479,2029454268,2304,1
2.177856,0.002016,4.725364,-4462.90232,2029528503,2305,1
2.179879,0.002023,4.726319,-4464.82078,2029938752,2306,1
2.181895,0.002016,4.725978,-4464.13576,2029792027,2307,1
2.183911,0.002016,4.726534,-4465.25269,2030030849,2308,2
2.187949,0.004038,4.726264,-4464.71029,2029914841,2310,1
2.189965,0.002016,4.725058,-4462.28761,2029396895,2311,1
2.191988,0.002023,4.724974,-4462.11887,2029360809,2312,1
2.194004,0.002016,4.726277,-4464.73641,2029920374,2313,2
2.198042,0.004038,4.72599,-4464.15987,2029797415,2315,1
2.200058,0.002016,4.726638,-4465.46161,2030075734,2316,1
2.20208,0.002022,4.726786,-4465.75892,2030139054,2317,1
2.204096,0.002016,4.72574,-4463.65765,2029689660,2318,2
2.208135,0.004039,4.725508,-4463.1916,2029590153,2320,1
2.210151,0.002016,4.726595,-4465.37523,2030057371,2321,1
2.212173,0.002022,4.726214,-4464.60985,2029893315,2322,1
2.214189,0.002016,4.72663,-4465.44554,2030072123,2323,2
2.218227,0.004038,4.726641,-4465.46763,2030076953,2325,1
2.220244,0.002017,4.725333,-4462.84005,2029514965,2326,1
2.222259,0.002015,4.725124,-4462.4202,2029425569,2327,1
2.224282,0.002023,4.726509,-4465.20246,2030019985,2328,2
2.22832,0.004038,4.726409,-4465.00158,2029977447,2330,1
2.230336,0.002016,4.726605,-4465.39531,2030061353,2331,1
2.232352,0.002016,4.726629,-4465.44353,2030071770,2332,1
2.234375,0.002023,4.72559,-4463.35633,2029625585,2333,1
2.236391,0.002016,4.72519,-4462.55278,2029453614,2334,2
2.240429,0.004038,4.726302,-4464.78663,2029931077,2336,1
2.242445,0.002016,4.726163,-4464.5074,2029871762,2337,1
2.244467,0.002022,4.726569,-4465.323,2030046055,2338,1
2.246484,0.002017,4.726881,-4465.94976,2030179801,2339,2
2.250522,0.004038,4.725817,-4463.81234,2029722728,2341,1
2.252538,0.002016,4.725261,-4462.69541,2029484051,2342,1
2.25456,0.002022,4.726284,-4464.75047,2029923296,2343,1
2.256576,0.002016,4.726411,-4465.0056,2029977972,2344,2
2.260615,0.004039,4.7268,-4465.78704,2030145458,2346,1
2.262631,0.002016,4.727185,-4466.56045,2030310499,2347,1
2.264653,0.002022,4.72629,-4464.76253,2029926067,2348,1
2.266669,0.002016,4.725718,-4463.61346,2029680265,2349,2
2.270708,0.004039,4.726612,-4465.40938,2030064210,2351,1
2.272724,0.002016,4.726659,-4465.50379,2030084545,2352,1
2.274746,0.002022,4.726619,-4465.42344,2030067149,2353,1
2.276762,0.002016,4.726935,-4466.05824,2030203282,2354,1
2.278778,0.002016,4.7261,-4464.38084,2029844669,2355,2
2.282816,0.004038,4.725495,-4463.16548,2029584517,2357,1
2.284839,0.002023,4.72644,-4465.06385,2029990677,2358,1
2.286855,0.002016,4.726934,-4466.05623,2030202425,2359,1
2.288871,0.002016,4.727016,-4466.22095,2030237980,2360,2
2.292909,0.004038,4.72741,-4467.01244,2030407111,2362,1
2.294932,0.002023,4.726596,-4465.37723,2030057410,2363,1
2.296947,0.002015,4.72574,-4463.65765,2029689655,2364,1
2.298963,0.002016,4.72614,-4464.4612,2029861520,2365,2
2.303002,0.004039,4.726749,-4465.68459,2030123531,2367,1
2.305018,0.002016,4.726637,-4465.4596,2030075325,2368,1
2.30704,0.002022,4.727162,-4466.51425,2030300672,2369,1
2.309056,0.002016,4.7267,-4465.58616,2030102430,2370,2
2.313095,0.004039,4.725778,-4463.73399,2029706158,2372,1
2.315111,0.002016,4.726132,-4464.44513,2029858442,2373,1
2.317133,0.002022,4.726951,-4466.09038,2030209962,2374,1
2.319149,0.002016,4.726791,-4465.76896,2030141215,2375,1
2.321172,0.002023,4.727407,-4467.00642,2030405611,2376,2
2.325204,0.004032,4.727115,-4466.41983,2030280261,2378,1
2.327226,0.002022,4.726042,-4464.26433,2029819467,2379,1
2.329242,0.002016,4.726366,-4464.9152,2029958474,2380,1
2.331258,0.002016,4.727231,-4466.65286,2030330388,2381,2
2.335296,0.004038,4.726513,-4465.2105,2030021785,2383,1
2.337319,0.002023,4.727086,-4466.36157,2030267806,2384,1
2.339335,0.002016,4.726811,-4465.80914,2030150196,2385,1
2.341351,0.002016,4.725688,-4463.55319,2029667650,2386,2
2.345389,0.004038,4.725815,-4463.80832,2029722118,2388,1
2.347412,0.002023,4.72691,-4466.00802,2030192258,2389,1
2.349428,0.002016,4.726327,-4464.83685,2029942037,2390,1
2.351444,0.002016,4.727174,-4466.53835,2030305972,2391,2
2.355482,0.004038,4.727018,-4466.22497,2030238692,2393,1
2.357504,0.002022,4.72576,-4463.69783,2029698181,2394,1
2.35952,0.002016,4.725683,-4463.54315,2029665487,2395,1
2.361536,0.002016,4.726836,-4465.85936,2030160694,2396,1
2.363559,0.002023,4.726325,-4464.83283,2029940820,2397,2
2.367597,0.004038,4.727152,-4466.49416,2030296335,2399,1
2.369613,0.002016,4.727381,-4466.95419,2030394531,2400,1
2.371629,0.002016,4.726205,-4464.59177,2029889716,2401,1
2.373652,0.002023,4.726034,-4464.24826,2029815879,2402,2
2.37769,0.004038,4.727201,-4466.59259,2030317138,2404,1
2.379706,0.002016,4.72673,-4465.64642,2030115333,2405,1
2.381722,0.002016,4.727315,-4466.8216,2030366333,2406,1
2.383744,0.002022,4.72747,-4467.13298,2030432888,2407,2
2.387783,0.004039,4.726063,-4464.30651,2029828622,2409,1
2.389799,0.002016,4.725773,-4463.72395,2029703952,2410,1
2.391815,0.002016,4.726927,-4466.04217,2030199689,2411,1
2.393837,0.002022,4.72649,-4465.1643,2030011934,2412,2
2.397876,0.004039,4.726796,-4465.77901,2030143411,2414,1
2.399891,0.002015,4.727202,-4466.5946,2030317646,2415,1
2.401908,0.002017,4.726081,-4464.34267,2029836280,2416,1
2.40393,0.002022,4.725672,-4463.52105,2029660756,2417,1
2.405946,0.002016,4.726879,-4465.94574,2030178960,2418,2
2.409984,0.004038,4.726945,-4466.07833,2030207380,2420,1
2.412007,0.002023,4.727416,-4467.0245,2030409628,2421,1
2.414023,0.002016,4.727763,-4467.72157,2030558555,2422,1
2.416039,0.002016,4.726609,-4465.40335,2030063068,2423,2
2.420077,0.004038,4.725938,-4464.05541,2029775025,2425,1
2.422093,0.002016,4.726849,-4465.88548,2030166110,2426,1
2.424116,0.002023,4.726957,-4466.10243,2030212550,2427,1
2.426132,0.002016,4.727214,-4466.61871,2030323022,2428,2
2.43017,0.004038,4.727593,-4467.38006,2030485689,2430,1
2.432186,0.002016,4.726608,-4465.40134,2030062619,2431,1
2.434208,0.002022,4.725926,-4464.0313,2029769924,2432,1
2.436224,0.002016,4.726747,-4465.68057,2030122270,2433,2
2.440263,0.004039,4.726846,-4465.87945,2030164814,2435,1
2.442279,0.002016,4.72694,-4466.06828,2030205445,2436,1
2.444301,0.002022,4.727445,-4467.08275,2030422280,2437,1
2.446317,0.002016,4.7265,-4465.18438,2030016355,2438,2
2.450355,0.004038,4.725808,-4463.79426,2029719012,2440,1
2.452372,0.002017,4.726799,-4465.78503,2030144748,2441,1
2.454394,0.002022,4.727359,-4466.90999,2030385221,2442,1
2.45641,0.002016,4.72731,-4466.81156,2030364182,2443,1
2.458432,0.002022,4.727843,-4467.88228,2030593335,2444,2
2.462464,0.004032,4.727069,-4466.32742,2030260848,2446,1
2.464487,0.002023,4.726049,-4464.27839,2029822863,2447,1
2.466503,0.002016,4.726496,-4465.17635,2030014752,2448,1
2.468525,0.002022,4.727192,-4466.57451,2030313625,2449,2
2.472557,0.004032,4.726975,-4466.13859,2030220354,2451,1
2.47458,0.002023,4.727604,-4467.40216,2030490480,2452,1
2.476596,0.002016,4.72702,-4466.22899,2030239425,2453,1
2.478618,0.002022,4.725986,-4464.15183,2029795584,2454,2
2.48265,0.004032,4.726337,-4464.85694,2029946230,2456,1
2.484672,0.002022,4.727184,-4466.55844,2030310268,2457,1
2.486688,0.002016,4.726955,-4466.09841,2030211909,2458,1
2.488711,0.002023,4.727559,-4467.31176,2030471155,2459,2
2.492743,0.004032,4.72729,-4466.77138,2030355563,2461,1
2.494765,0.002022,4.726262,-4464.70628,2029913882,2462,1
2.496781,0.002016,4.726438,-4465.05984,2029989650,2463,1
2.498804,0.002023,4.727282,-4466.75531,2030352191,2464,1
2.50082,0.002016,4.726599,-4465.38326,2030058776,2465,2
2.504858,0.004038,4.727288,-4466.76736,2030354699,2467,1
2.506874,0.002016,4.726976,-4466.1406,2030220789,2468,1
2.508896,0.002022,4.725903,-4463.9851,2029759831,2469,1
2.510912,0.002016,4.726018,-4464.21612,2029809530,2470,2
2.514951,0.004039,4.727188,-4466.56648,2030311804,2472,1
2.516967,0.002016,4.726709,-4465.60424,2030106008,2473,1
2.518989,0.002022,4.727422,-4467.03655,2030412158,2474,1
2.521005,0.002016,4.727332,-4466.85575,2030373775,2475,2
2.525044,0.004039,4.726169,-4464.51945,2029873894,2477,1
2.52706,0.002016,4.726112,-4464.40495,2029849784,2478,1
2.529082,0.002022,4.727392,-4466.97628,2030399423,2479,1
2.531098,0.002016,4.726895,-4465.97788,2030185905,2480,2
2.535136,0.004038,4.727654,-4467.5026,2030511832,2482,1
2.537152,0.002016,4.728025,-4468.24789,2030671327,2483,1
2.539175,0.002023,4.727011,-4466.21091,2030235860,2484,1
2.541191,0.002016,4.726734,-4465.65446,2030116912,2485,1
2.543213,0.002022,4.727746,-4467.68742,2030551449,2486,2
2.547245,0.004032,4.727314,-4466.81959,2030365815,2488,1
2.549268,0.002023,4.727742,-4467.67938,2030549711,2489,1
2.551284,0.002016,4.727823,-4467.8421,2030584568,2490,1
2.553306,0.002022,4.726505,-4465.19443,2030018306,2491,2
2.557338,0.004032,4.72603,-4464.24022,2029814526,2493,1
2.55936,0.002022,4.72706,-4466.30934,2030257072,2494,1
2.561376,0.002016,4.726797,-4465.78102,2030143847,2495,1
2.563399,0.002023,4.72711,-4466.40979,2030278436,2496,2
2.567431,0.004032,4.727547,-4467.28766,2030465949,2498,1
2.569453,0.002022,4.726519,-4465.22255,2030024271,2499,1
2.571469,0.002016,4.726291,-4464.76453,2029926377,2500,1
2.573492,0.002023,4.727557,-4467.30775,2030470170,2501,2
2.577527,0.004035,4.727594,-4467.38207,2030486149,2503,1
2.579543,0.002016,4.72785,-4467.89634,2030595926,2504,1
2.581565,0.002022,4.728364,-4468.92889,2030816612,2505,1
2.583581,0.002016,4.727096,-4466.38166,2030271987,2506,1
2.585604,0.002023,4.726318,-4464.81877,2029938008,2507,2
2.589636,0.004032,4.727045,-4466.27921,2030250242,2509,1
2.591658,0.002022,4.726951,-4466.09038,2030209958,2510,1
2.593674,0.002016,4.727096,-4466.38166,2030272227,2511,1
2.595696,0.002022,4.727795,-4467.78585,2030572237,2512,2
2.599728,0.004032,4.726831,-4465.84932,2030158581,2514,1
2.601751,0.002023,4.726119,-4464.41901,2029852679,2515,1
2.603767,0.002016,4.726958,-4466.10444,2030213057,2516,1
2.605789,0.002022,4.727356,-4466.90397,2030383958,2517,2
2.609821,0.004032,4.727431,-4467.05463,2030416168,2519,1
2.611844,0.002023,4.728306,-4468.81238,2030792008,2520,1
2.61386,0.002016,4.727759,-4467.71353,2030557008,2521,1
2.615876,0.002016,4.727137,-4466.46403,2030289601,2522,2
2.619914,0.004038,4.727947,-4468.0912,2030637799,2524,1
2.621936,0.002022,4.728303,-4468.80635,2030790782,2525,1
2.623952,0.002016,4.727902,-4468.0008,2030618349,2526,1
2.625968,0.002016,4.728585,-4469.37285,2030911659,2527,1
2.627991,0.002023,4.727749,-4467.69345,2030552622,2528,2
2.632029,0.004038,4.726517,-4465.21854,2030023373,2530,1
2.634045,0.002016,4.726736,-4465.65847,2030117660,2531,1
2.636061,0.002016,4.727306,-4466.80352,2030362665,2532,1
2.638083,0.002022,4.726879,-4465.94574,2030179183,2533,2
2.642122,0.004039,4.727618,-4467.43029,2030496324,2535,1
2.644138,0.002016,4.727026,-4466.24104,2030242016,2536,1
2.646154,0.002016,4.725954,-4464.08755,2029781637,2537,1
2.648176,0.002022,4.726325,-4464.83283,2029940863,2538,2
2.652215,0.004039,4.727381,-4466.95419,2030394473,2540,1
2.654231,0.002016,4.727188,-4466.56648,2030311795,2541,1
2.656247,0.002016,4.728275,-4468.7501,2030778696,2542,1
2.658269,0.002022,4.727974,-4468.14544,2030649643,2543,2
2.662308,0.004039,4.726789,-4465.76494,2030140450,2545,1
2.664324,0.002016,4.72683,-4465.84731,2030157865,2546,1
2.66634,0.002016,4.727865,-4467.92647,2030602679,2547,1
2.668362,0.002022,4.727229,-4466.64884,2030329225,2548,2
2.6724,0.004038,4.72785,-4467.89634,2030595838,2550,1
2.674416,0.002016,4.727527,-4467.24748,2030457206,2551,1
2.676432,0.002016,4.726318,-4464.81877,2029938121,2552,1
2.678455,0.002023,4.726288,-4464.75851,2029925116,2553,1
2.680471,0.002016,4.727358,-4466.90798,2030384967,2554,2
2.684509,0.004038,4.726739,-4465.6645,2030119027,2556,1
2.686525,0.002016,4.727417,-4467.02651,2030410281,2557,1
2.688547,0.002022,4.72739,-4466.97227,2030398505,2558,1
2.690564,0.002017,4.726162,-4464.50539,2029871360,2559,2
2.694602,0.004038,4.72609,-4464.36075,2029840223,2561,1
2.696618,0.002016,4.727572,-4467.33788,2030476532,2562,1
2.69864,0.002022,4.727191,-4466.5725,2030313063,2563,1
2.700656,0.002016,4.727946,-4468.08919,2030637195,2564,2
2.704695,0.004039,4.728076,-4468.35034,2030693253,2566,1
2.706711,0.002016,4.726719,-4465.62432,2030110237,2567,1
2.708733,0.002022,4.726449,-4465.08193,2029994396,2568,1
2.710749,0.002016,4.7275,-4467.19324,2030445785,2569,2
2.714788,0.004039,4.726961,-4466.11047,2030214214,2571,1
2.716804,0.002016,4.727457,-4467.10686,2030427417,2572,1
2.718826,0.002022,4.727815,-4467.82603,2030581147,2573,1
2.720842,0.002016,4.726516,-4465.21653,2030023321,2574,1
2.722858,0.002016,4.725941,-4464.06143,2029776116,2575,2
2.726896,0.004038,4.727023,-4466.23502,2030240936,2577,1
2.728919,0.002023,4.726696,-4465.57812,2030100252,2578,1
2.730935,0.002016,4.726977,-4466.14261,2030220994,2579,1
2.732951,0.002016,4.727666,-4467.52671,2030516940,2580,2
2.736989,0.004038,4.726637,-4465.4596,2030075067,2582,1
2.739011,0.002022,4.7263,-4464.78261,2029930481,2583,1
2.741028,0.002017,4.727494,-4467.18119,2030443121,2584,1
2.743043,0.002015,4.727495,-4467.1832,2030443560,2585,2
2.747082,0.004039,4.727602,-4467.39814,2030489556,2587,1
2.749104,0.002022,4.728109,-4468.41663,2030707548,2588,1
2.75112,0.002016,4.72679,-4465.76695,2030141034,2589,1
2.753143,0.002023,4.725994,-4464.1679,2029798916,2590,2
2.757175,0.004032,4.72687,-4465.92766,2030175056,2592,1
2.759197,0.002022,4.72695,-4466.08837,2030209452,2593,1
2.761213,0.002016,4.727015,-4466.21895,2030237190,2594,1
2.763235,0.002022,4.727683,-4467.56086,2030524161,2595,1
2.765252,0.002017,4.726594,-4465.37322,2030056468,2596,2
2.76929,0.004038,4.725913,-4464.00519,2029764202,2598,1
2.771306,0.002016,4.72653,-4465.24465,2030029211,2599,1
2.773328,0.002022,4.726841,-4465.8694,2030162874,2600,1
2.775344,0.002016,4.726726,-4465.63839,2030113177,2601,2
2.779383,0.004039,4.727687,-4467.5689,2030526392,2603,1
2.781399,0.002016,4.726959,-4466.10645,2030213421,2604,1
2.783421,0.002022,4.726045,-4464.27036,2029820865,2605,1
2.785437,0.002016,4.726553,-4465.29085,2030038914,2606,2
2.789476,0.004039,4.727085,-4466.35957,2030267686,2608,1
2.791492,0.002016,4.726735,-4465.65647,2030117231,2609,1
2.793514,0.002022,4.727552,-4467.2977,2030468186,2610,1
2.79553,0.002016,4.726975,-4466.13859,2030220494,2611,2
2.799568,0.004038,4.726011,-4464.20205,2029806215,2613,1
2.801584,0.002016,4.726432,-4465.04778,2029987108,2614,1
2.803607,0.002023,4.727198,-4466.58657,2030316144,2615,1
2.805623,0.002016,4.726638,-4465.46161,2030075370,2616,1
2.807639,0.002016,4.727332,-4466.85575,2030373635,2617,2
2.811677,0.004038,4.726904,-4465.99596,2030189789,2619,1
2.8137,0.002023,4.725821,-4463.82037,2029724428,2620,1
2.815716,0.002016,4.726046,-4464.27236,2029821202,2621,1
2.817732,0.002016,4.727073,-4466.33546,2030262434,2622,2
2.82177,0.004038,4.726728,-4465.6424,2030114073,2624,1
2.823792,0.002022,4.727625,-4467.44435,2030499639,2625,1
2.825808,0.002016,4.727521,-4467.23543,2030454858,2626,1
2.827831,0.002023,4.726332,-4464.8469,2029944069,2627,2
2.831863,0.004032,4.726318,-4464.81877,2029938291,2629,1
2.833885,0.002022,4.727229,-4466.64884,2030329338,2630,1
2.835901,0.002016,4.726563,-4465.31094,2030043154,2631,1
2.837923,0.002022,4.727077,-4466.34349,2030263909,2632,2
2.841955,0.004032,4.726946,-4466.08033,2030207900,2634,1
2.843978,0.002023,4.725823,-4463.82439,2029725383,2635,1
2.845994,0.002016,4.725683,-4463.54315,2029665554,2636,1
2.848016,0.002022,4.726853,-4465.89351,2030167818,2637,1
2.850032,0.002016,4.726319,-4464.82078,2029938522,2638,2
2.854071,0.004039,4.726983,-4466.15466,2030223919,2640,1
2.856087,0.002016,4.727065,-4466.31939,2030258820,2641,1
2.858109,0.002022,4.725777,-4463.73198,2029705736,2642,1
2.860125,0.002016,4.725701,-4463.57931,2029673126,2643,2
2.864164,0.004039,4.726995,-4466.17877,2030228911,2645,1
2.86618,0.002016,4.726669,-4465.52388,2030089102,2646,1
2.868202,0.002022,4.727172,-4466.53434,2030304886,2647,1
2.870218,0.002016,4.727169,-4466.52831,2030303593,2648,2
2.874256,0.004038,4.725896,-4463.97104,2029756814,2650,1
2.876272,0.002016,4.725409,-4462.99272,2029547691,2651,1
2.878295,0.002023,4.726525,-4465.23461,2030027019,2652,1
2.880311,0.002016,4.726322,-4464.82681,2029939945,2653,2
2.884349,0.004038,4.726903,-4465.99395,2030189447,2655,1
2.886372,0.002023,4.727192,-4466.57451,2030313518,2656,1
2.888388,0.002016,4.725911,-4464.00117,2029763207,2657,1
2.890404,0.002016,4.725365,-4462.90433,2029528608,2658,2
2.894442,0.004038,4.726322,-4464.82681,2029939993,2660,1
2.896464,0.002022,4.726141,-4464.46321,2029862064,2661,1
2.89848,0.002016,4.726528,-4465.24063,2030028125,2662,1
2.900496,0.002016,4.726848,-4465.88347,2030165712,2663,1
2.903003,0.002507,4.725991,-4464.16188,2029797586,2664,2
2.906554,0.003551,4.725513,-4463.20164,2029592101,2666,1
2.908576,0.002022,4.726449,-4465.08193,2029994077,2667,1
2.910592,0.002016,4.72643,-4465.04376,2029986406,2668,1
2.912608,0.002016,4.726637,-4465.4596,2030075145,2669,2
2.916647,0.004039,4.727193,-4466.57652,2030314024,2671,1
2.918669,0.002022,4.726056,-4464.29245,2029825399,2672,1
2.920685,0.002016,4.725078,-4462.32779,2029405583,2673,1
2.922701,0.002016,4.725918,-4464.01523,2029766164,2674,2
2.92674,0.004039,4.726263,-4464.70829,2029914201,2676,1
2.928762,0.002022,4.726377,-4464.9373,2029963582,2677,1
2.930778,0.002016,4.72671,-4465.60624,2030106359,2678,1
2.932794,0.002016,4.725761,-4463.69984,2029698918,2679,2
2.936832,0.004038,4.724966,-4462.1028,2029357267,2681,1
2.938855,0.002023,4.72575,-4463.67774,2029693949,2682,1
2.940871,0.002016,4.72627,-4464.72235,2029917541,2683,1
2.942887,0.002016,4.726284,-4464.75047,2029923469,2684,1
2.944909,0.002022,4.726801,-4465.78905,2030145476,2685,2
2.948948,0.004039,4.726104,-4464.38888,2029846262,2687,1
2.950964,0.002016,4.725155,-4462.48247,2029438694,2688,1
2.952986,0.002022,4.725589,-4463.35432,2029624820,2689,1
2.955002,0.002016,4.726134,-4464.44914,2029859268,2690,2
2.95904,0.004038,4.725968,-4464.11567,2029787893,2692,1
2.961056,0.002016,4.726599,-4465.38326,2030058684,2693,1
2.963079,0.002023,4.726198,-4464.57771,2029886443,2694,1
2.965095,0.002016,4.72526,-4462.6934,2029483556,2695,2
2.969133,0.004038,4.725613,-4463.40253,2029635157,2697,1
2.971149,0.002016,4.726492,-4465.16831,2030012778,2698,1
2.973172,0.002023,4.726217,-4464.61588,2029894964,2699,1
2.975188,0.002016,4.726724,-4465.63437,2030112530,2700,2
2.979226,0.004038,4.726201,-4464.58374,2029887572,2702,1
2.981242,0.002016,4.724927,-4462.02445,2029340534,2703,1
2.983264,0.002022,4.725144,-4462.46038,2029433862,2704,1
2.98528,0.002016,4.726277,-4464.73641,2029920549,2705,1
2.987303,0.002023,4.725934,-4464.04737,2029772894,2706,2
2.991335,0.004032,4.726395,-4464.97345,2029971319,2708,1
2.993357,0.002022,4.726071,-4464.32259,2029831925,2709,1
2.995373,0.002016,4.724918,-4462.00637,2029336811,2710,1
2.997395,0.002022,4.72506,-4462.29163,2029397446,2711,2
3.001428,0.004033,4.726307,-4464.79668,2029933283,2713,1
3.00345,0.002022,4.725996,-4464.17192,2029799904,2714,1
3.005466,0.002016,4.726505,-4465.19443,2030018403,2715,1
3.007488,0.002022,4.72647,-4465.12412,2030003455,2716,2
3.011527,0.004039,4.725246,-4462.66528,2029477732,2718,1
3.013543,0.002016,4.725012,-4462.19521,2029377221,2719,1
3.015559,0.002016,4.726123,-4464.42705,2029854246,2720,1
3.017581,0.002022,4.725717,-4463.61145,2029680029,2721,2
3.02162,0.004039,4.726195,-4464.57168,2029885206,2723,1
3.023635,0.002015,4.726231,-4464.644,2029900518,2724,1
3.025658,0.002023,4.7252,-4462.57287,2029457780,2725,1
3.027674,0.002016,4.725034,-4462.2394,2029386778,2726,1
3.02969,0.002016,4.726162,-4464.50539,2029871242,2727,2
3.033728,0.004038,4.725922,-4464.02327,2029768037,2729,1
3.035751,0.002023,4.726348,-4464.87904,2029950951,2730,1
3.037767,0.002016,4.726352,-4464.88707,2029952686,2731,1
3.039783,0.002016,4.725033,-4462.23739,2029386240,2732,2
3.043821,0.004038,4.724707,-4461.58251,2029246261,2734,1
3.045844,0.002023,4.725956,-4464.09157,2029782786,2735,1
3.04786,0.002016,4.725779,-4463.736,2029706681,2736,1
3.049882,0.002022,4.726162,-4464.50539,2029870849,2737,2
3.053914,0.004032,4.726367,-4464.91721,2029959045,2739,1
3.055936,0.002022,4.725294,-4462.7617,2029498310,2740,1
3.057952,0.002016,4.724712,-4461.59255,2029248372,2741,1
3.059975,0.002023,4.725641,-4463.45878,2029647421,2742,2
3.064007,0.004032,4.725503,-4463.18156,2029588213,2744,1
3.066029,0.002022,4.725643,-4463.4628,2029647945,2745,1
3.068045,0.002016,4.725997,-4464.17393,2029800118,2746,1
3.070067,0.002022,4.72508,-4462.33181,2029406160,2747,1
3.072084,0.002017,4.724312,-4460.78901,2029076706,2748,2
3.076122,0.004038,4.725332,-4462.83804,2029514710,2750,1
3.078138,0.002016,4.725699,-4463.57529,2029672032,2751,1
3.08016,0.002022,4.725794,-4463.76613,2029713216,2752,1
3.082176,0.002016,4.726263,-4464.70829,2029914607,2753,2
3.086215,0.004039,4.7255,-4463.17553,2029586909,2755,1
3.088231,0.002016,4.724765,-4461.69902,2029271014,2756,1
3.090253,0.002022,4.725503,-4463.18156,2029588096,2757,1
3.092269,0.002016,4.72584,-4463.85854,2029732749,2758,2
3.096308,0.004039,4.725765,-4463.70788,2029700511,2760,1
3.098324,0.002016,4.726238,-4464.65806,2029903622,2761,1
3.100346,0.002022,4.725343,-4462.86014,2029519244,2762,1
3.102362,0.002016,4.724539,-4461.24502,2029174014,2763,2
3.1064,0.004038,4.725216,-4462.60501,2029464742,2765,1
3.108416,0.002016,4.725847,-4463.8726,2029735686,2766,1
3.110439,0.002023,4.72584,-4463.85854,2029732832,2767,1
3.112455,0.002016,4.726373,-4464.92926,2029961800,2768,2
3.116493,0.004038,4.725724,-4463.62551,2029682757,2770,1
3.118509,0.002016,4.724781,-4461.73116,2029277895,2771,1
3.120532,0.002023,4.725296,-4462.76572,2029499273,2772,1
3.122548,0.002016,4.725972,-4464.12371,2029789453,2773,1
3.124564,0.002016,4.725748,-4463.67373,2029692995,2774,2
3.128602,0.004038,4.726321,-4464.8248,2029939454,2776,1
3.130624,0.002022,4.725846,-4463.87059,2029735360,2777,1
3.13264,0.002016,4.724794,-4461.75728,2029283832,2778,1
3.134656,0.002016,4.725112,-4462.39609,2029419924,2779,2
3.138695,0.004039,4.725951,-4464.08152,2029780497,2781,1
3.140717,0.002022,4.725598,-4463.3724,2029628870,2782,1
3.142733,0.002016,4.726163,-4464.5074,2029871563,2783,1
3.144756,0.002023,4.725684,-4463.54516,2029665864,2784,2
3.148788,0.004032,4.724503,-4461.1727,2029158408,2786,1
3.15081,0.002022,4.72463,-4461.42782,2029213280,2787,1
3.152826,0.002016,4.725682,-4463.54114,2029665150,2788,1
3.154848,0.002022,4.72537,-4462.91438,2029530869,2789,2
3.15888,0.004032,4.726072,-4464.32459,2029832579,2791,1
3.160903,0.002023,4.725898,-4463.97505,2029757858,2792,1
3.162919,0.002016,4.724792,-4461.75326,2029282708,2793,1
3.164941,0.002022,4.724818,-4461.80549,2029294060,2794,1
3.166957,0.002016,4.726069,-4464.31857,2029831275,2795,2
3.170996,0.004039,4.725704,-4463.58534,2029674241,2797,1
3.173012,0.002016,4.72622,-4464.62191,2029896020,2798,1
3.175034,0.002022,4.726162,-4464.50539,2029871380,2799,1
3.17705,0.002016,4.724992,-4462.15503,2029368710,2800,2
3.181088,0.004038,4.724696,-4461.56041,2029241470,2802,1
3.183104,0.002016,4.725757,-4463.6918,2029697175,2803,1
3.18512,0.002016,4.7254,-4462.97464,2029543549,2804,1
3.187143,0.002023,4.725872,-4463.92282,2029746336,2805,2
3.191181,0.004038,4.725896,-4463.97104,2029757065,2807,1
3.193197,0.002016,4.724735,-4461.63875,2029258175,2808,1
3.19522,0.002023,4.724431,-4461.02806,2029127384,2809,1
3.197236,0.002016,4.725611,-4463.39851,2029634558,2810,2
3.201274,0.004038,4.725433,-4463.04094,2029558179,2812,1
3.20329,0.002016,4.725921,-4464.02126,2029767716,2813,1
3.205312,0.002022,4.726142,-4464.46521,2029862610,2814,1
3.207328,0.002016,4.725009,-4462.18918,2029375778,2815,1
3.209344,0.002016,4.724609,-4461.38564,2029204170,2816,2
3.213383,0.004039,4.725737,-4463.65163,2029688273,2818,1
3.215399,0.002016,4.725701,-4463.57931,2029673269,2819,1
3.217421,0.002022,4.725983,-4464.14581,2029794043,2820,1
3.219437,0.002016,4.726145,-4464.47124,2029863904,2821,2
3.223476,0.004039,4.724939,-4462.04856,2029345990,2823,1
3.225492,0.002016,4.724385,-4460.93565,2029107828,2824,1
3.227514,0.002022,4.725579,-4463.33423,2029620631,2825,1
3.22953,0.002016,4.725573,-4463.32218,2029617920,2826,2
3.233568,0.004038,4.725765,-4463.70788,2029700700,2828,1
3.235584,0.002016,4.726203,-4464.58775,2029888476,2829,1
3.237607,0.002023,4.725201,-4462.57488,2029458282,2830,1
3.239623,0.002016,4.724535,-4461.23698,2029172442,2831,2
3.243661,0.004038,4.725469,-4463.11325,2029573421,2833,1
3.245684,0.002023,4.72561,-4463.3965,2029633948,2834,1
3.247699,0.002015,4.72561,-4463.3965,2029634097,2835,1
3.249716,0.002017,4.726049,-4464.27839,2029822698,2836,1
3.251738,0.002022,4.725174,-4462.52064,2029446903,2837,2
3.25577,0.004032,4.724329,-4460.82316,2029083951,2839,1
3.257792,0.002022,4.725123,-4462.41819,2029424960,2840,1
3.259808,0.002016,4.725737,-4463.65163,2029688558,2841,1
3.261831,0.002023,4.725668,-4463.51302,2029659077,2842,2
3.265863,0.004032,4.725991,-4464.16188,2029797950,2844,1
3.267885,0.002022,4.725307,-4462.78782,2029503697,2845,1
3.269901,0.002016,4.724448,-4461.06221,2029134886,2846,1
3.271924,0.002023,4.725067,-4462.30569,2029400969,2847,2
3.275955,0.004031,4.725623,-4463.42262,2029639427,2849,1
3.277978,0.002023,4.725514,-4463.20365,2029592693,2850,1
3.279994,0.002016,4.725956,-4464.09157,2029782400,2851,1
3.282016,0.002022,4.725225,-4462.62309,2029468882,2852,2
3.286048,0.004032,4.724363,-4460.89146,2029098558,2854,1
3.288071,0.002023,4.724847,-4461.86375,2029306191,2855,1
3.290087,0.002016,4.72564,-4463.45677,2029647016,2856,1
3.292109,0.002022,4.725403,-4462.98067,2029545234,2857,1
3.294125,0.002016,4.725946,-4464.07148,2029778166,2858,2
3.298163,0.004038,4.72552,-4463.21571,2029595471,2860,1
3.30018,0.002017,4.724435,-4461.0361,2029129385,2861,1
3.302202,0.002022,4.724606,-4461.37961,2029202656,2862,1
3.304218,0.002016,4.725507,-4463.18959,2029589829,2863,2
3.308256,0.004038,4.725173,-4462.51863,2029446399,2865,1
3.310272,0.002016,4.72571,-4463.59739,2029677228,2866,1
3.312295,0.002023,4.725501,-4463.17754,2029587379,2867,1
3.314311,0.002016,4.72456,-4461.2872,2029183133,2868,2
3.318349,0.004038,4.724764,-4461.69701,2029270652,2870,1
3.320365,0.002016,4.725808,-4463.79426,2029718875,2871,1
3.322388,0.002023,4.725332,-4462.83804,2029514531,2872,1
3.324404,0.002016,4.725824,-4463.8264,2029726064,2873,2
3.328442,0.004038,4.725753,-4463.68377,2029695651,2875,1
3.330458,0.002016,4.724461,-4461.08833,2029140402,2876,1
3.33248,0.002022,4.724353,-4460.87137,2029094075,2877,1
3.334496,0.002016,4.725567,-4463.31012,2029615805,2878,2
3.338535,0.004039,4.725286,-4462.74563,2029494800,2880,1
3.340551,0.002016,4.725811,-4463.80028,2029720370,2881,1
3.342573,0.002022,4.725744,-4463.66569,2029691615,2882,1
3.344589,0.002016,4.724505,-4461.17672,2029159402,2883,1
3.346605,0.002016,4.724264,-4460.69258,2029055746,2884,2
3.350644,0.004039,4.725414,-4463.00277,2029549827,2886,1
3.35266,0.002016,4.72513,-4462.43225,2029427886,2887,1
3.354682,0.002022,4.725728,-4463.63355,2029684701,2888,1
3.356698,0.002016,4.725931,-4464.04135,2029772066,2889,2
3.360736,0.004038,4.724774,-4461.7171,2029274990,2891,1
3.362752,0.002016,4.724412,-4460.98989,2029119284,2892,1
3.364775,0.002023,4.725559,-4463.29405,2029612042,2893,1
3.366791,0.002016,4.725355,-4462.88424,2029524305,2894,2
3.370829,0.004038,4.725672,-4463.52105,2029660574,2896,1
3.372845,0.002016,4.725913,-4464.00519,2029764083,2897,1
3.374868,0.002023,4.724769,-4461.70706,2029273003,2898,1
3.376884,0.002016,4.724284,-4460.73276,2029064737,2899,2
3.380922,0.004038,4.725235,-4462.64318,2029472788,2901,1
3.382938,0.002016,4.725004,-4462.17914,2029373736,2902,1
3.38496,0.002022,4.725328,-4462.83001,2029512877,2903,1
3.386976,0.002016,4.725664,-4463.50498,2029657272,2904,1
3.388992,0.002016,4.724572,-4461.31131,2029188385,2905,2
3.393031,0.004039,4.724037,-4460.23657,2028958301,2907,1
3.395053,0.002022,4.725194,-4462.56082,2029455205,2908,1
3.397069,0.002016,4.725386,-4462.94652,2029537805,2909,1
3.399092,0.002023,4.725687,-4463.55118,2029667076,2910,2
3.403127,0.004035,4.726062,-4464.30451,2029828212,2912,1
3.405143,0.002016,4.725083,-4462.33784,2029407710,2913,1
3.407165,0.002022,4.724362,-4460.88945,2029098134,2914,1
3.409181,0.002016,4.725238,-4462.64921,2029474418,2915,2
3.41322,0.004039,4.725464,-4463.10321,2029571273,2917,1
3.415236,0.002016,4.725427,-4463.02888,2029555176,2918,1
3.417258,0.002022,4.725904,-4463.98711,2029760100,2919,1
3.419274,0.002016,4.725065,-4462.30168,2029400084,2920,2
3.423312,0.004038,4.724233,-4460.63031,2029042481,2922,1
3.425328,0.002016,4.724865,-4461.89991,2029314032,2923,1
3.427344,0.002016,4.72537,-4462.91438,2029530862,2924,1
3.429367,0.002023,4.725332,-4462.83804,2029514644,2925,1
3.431383,0.002016,4.725878,-4463.93488,2029749186,2926,2
3.435421,0.004038,4.725111,-4462.39408,2029419618,2928,1
3.437443,0.002022,4.724157,-4460.47764,2029010082,2929,1
3.43946,0.002017,4.724705,-4461.57849,2029245470,2930,1
3.441476,0.002016,4.725446,-4463.06705,2029563742,2931,2
3.445514,0.004038,4.725314,-4462.80188,2029506807,2933,1
3.447536,0.002022,4.725888,-4463.95496,2029753633,2934,1
3.449552,0.002016,4.725415,-4463.00478,2029550352,2935,1
3.451568,0.002016,4.724429,-4461.02404,2029126604,2936,2
3.455607,0.004039,4.724855,-4461.87982,2029309538,2938,1
3.457623,0.002016,4.725802,-4463.7822,2029716638,2939,1
3.459645,0.002022,4.72561,-4463.3965,2029634209,2940,1
3.461661,0.002016,4.726128,-4464.43709,2029856443,2941,2
3.465699,0.004038,4.725577,-4463.33021,2029619988,2943,1
3.467716,0.002017,4.724416,-4460.99793,2029121282,2944,1
3.469738,0.002022,4.724466,-4461.09837,2029142847,2945,1
3.471754,0.002016,4.7253,-4462.77376,2029500854,2946,1
3.473776,0.002022,4.725005,-4462.18115,2029374157,2947,2
3.477815,0.004039,4.725647,-4463.47083,2029650198,2949,1
3.479831,0.002016,4.725329,-4462.83201,2029513640,2950,1
3.481847,0.002016,4.724233,-4460.63031,2029042392,2951,1
3.483869,0.002022,4.724418,-4461.00195,2029122195,2952,2
3.487901,0.004032,4.725546,-4463.26794,2029606422,2954,1
3.489924,0.002023,4.725163,-4462.49854,2029441984,2955,1
3.49194,0.002016,4.725724,-4463.62551,2029682982,2956,1
3.493956,0.002016,4.725668,-4463.51302,2029659004,2957,2
3.497994,0.004038,4.724595,-4461.35751,2029198158,2959,1
3.500016,0.002022,4.724496,-4461.15864,2029155732,2960,1
3.502032,0.002016,4.725724,-4463.62551,2029683077,2961,1
3.504055,0.002023,4.725409,-4462.99272,2029547485,2962,2
3.508087,0.004032,4.725917,-4464.01322,2029765878,2964,1
3.510109,0.002022,4.725897,-4463.97304,2029757474,2965,1
3.512125,0.002016,4.72457,-4461.30729,2029187518,2966,1
3.514148,0.002023,4.724201,-4460.56602,2029028980,2967,2
3.51818,0.004032,4.725435,-4463.04495,2029558766,2969,1
3.520202,0.002022,4.725132,-4462.43627,2029428516,2970,1
3.522218,0.002016,4.725562,-4463.30008,2029613479,2971,1
3.52424,0.002022,4.725544,-4463.26392,2029605470,2972,1
3.526256,0.002016,4.72442,-4461.00596,2029122841,2973,2
3.530295,0.004039,4.7241,-4460.36313,2028985595,2975,1
3.532311,0.002016,4.72519,-4462.55278,2029453393,2976,1
3.534333,0.002022,4.724967,-4462.10481,2029357817,2977,1
3.536349,0.002016,4.725489,-4463.15343,2029581813,2978,2
3.540388,0.004039,4.725928,-4464.03532,2029770779,2980,1
3.542404,0.002016,4.724835,-4461.83964,2029301229,2981,1
3.54442,0.002016,4.72436,-4460.88543,2029097219,2982,1
3.546442,0.002022,4.725379,-4462.93246,2029534596,2983,2
3.55048,0.004038,4.725284,-4462.74162,2029494095,2985,1
3.552496,0.002016,4.72548,-4463.13535,2029578263,2986,1
3.554512,0.002016,4.725716,-4463.60944,2029679376,2987,1
3.556535,0.002023,4.724568,-4461.30328,2029186451,2988,2
3.560573,0.004038,4.723942,-4460.04573,2028917764,2990,1
3.562589,0.002016,4.724784,-4461.73719,2029279366,2991,1
3.564605,0.002016,4.724907,-4461.98428,2029332148,2992,1
3.566628,0.002023,4.725058,-4462.28761,2029397040,2993,1
3.568644,0.002016,4.72569,-4463.55721,2029668394,2994,2
3.572682,0.004038,4.724782,-4461.73317,2029278330,2996,1
3.574698,0.002016,4.724029,-4460.2205,2028954713,2997,1
3.57672,0.002022,4.724964,-4462.09878,2029356374,2998,1
3.578736,0.002016,4.725354,-4462.88224,2029524180,2999,2
3.582775,0.004039,4.725484,-4463.14339,2029580090,3001,1
3.584791,0.002016,4.725961,-4464.10161,2029784673,3002,1
3.586813,0.002022,4.725069,-4462.30971,2029401573,3003,1
3.588829,0.002016,4.724079,-4460.32094,2028976467,3004,2
3.592868,0.004039,4.72463,-4461.42782,2029213207,3006,1
3.594884,0.002016,4.725105,-4462.38203,2029417290,3007,1
3.596906,0.002022,4.724938,-4462.04655,2029345430,3008,1
3.598922,0.002016,4.725514,-4463.20365,2029592724,3009,2
3.60296,0.004038,4.724914,-4461.99834,2029334987,3011,1
3.604976,0.002016,4.723868,-4459.89708,2028885808,3012,1
3.606992,0.002016,4.724313,-4460.79102,2029076811,3013,1
3.609015,0.002023,4.725076,-4462.32377,2029404822,3014,1
3.611031,0.002016,4.725031,-4462.23338,2029385426,3015,2
3.615069,0.004038,4.725683,-4463.54315,2029665372,3017,1
3.617085,0.002016,4.725177,-4462.52667,2029448008,3018,1
3.619108,0.002023,4.724177,-4460.51781,2029018767,3019,1
3.621124,0.002016,4.724579,-4461.32537,2029191160,3020,2
3.625162,0.004038,4.725478,-4463.13133,2029577237,3022,1
3.627178,0.002016,4.725226,-4462.6251,2029469226,3023,1
3.6292,0.002022,4.725874,-4463.92684,2029747458,3024,1
3.631216,0.002016,4.725408,-4462.99071,2029547297,3025,2
3.635255,0.004039,4.724266,-4460.6966,2029056821,3027,1
3.637271,0.002016,4.724287,-4460.73879,2029065790,3028,1
3.639293,0.002022,4.725123,-4462.41819,2029425193,3029,1
3.641309,0.002016,4.72464,-4461.44791,2029217318,3030,2
3.645348,0.004039,4.725189,-4462.55077,2029453188,3032,1
3.647364,0.002016,4.725009,-4462.18918,2029375868,3033,1
3.649386,0.002022,4.723838,-4459.83681,2028872801,3034,1
3.651402,0.002016,4.723998,-4460.15823,2028941411,3035,1
3.653424,0.002022,4.725246,-4462.66528,2029477615,3036,2
3.657456,0.004032,4.72492,-4462.01039,2029337911,3038,1
3.659479,0.002023,4.72543,-4463.03491,2029556641,3039,1
3.661495,0.002016,4.72525,-4462.67331,2029479564,3040,1
3.663517,0.002022,4.723983,-4460.12809,2028935307,3041,2
3.667556,0.004039,4.723683,-4459.52544,2028806418,3043,1
3.669572,0.002016,4.724729,-4461.6267,2029255537,3044,1
3.671588,0.002016,4.724365,-4460.89548,2029099225,3045,1
3.67361,0.002022,4.724925,-4462.02044,2029339929,3046,2
3.677648,0.004038,4.725152,-4462.47645,2029437252,3048,1
3.679664,0.002016,4.724017,-4460.1964,2028949934,3049,1
3.68168,0.002016,4.723686,-4459.53146,2028807821,3050,1
3.683703,0.002023,4.724814,-4461.79745,2029292343,3051,2
3.687741,0.004038,4.724556,-4461.27917,2029181425,3053,1
3.689757,0.002016,4.725053,-4462.27757,2029394710,3054,1
3.69178,0.002023,4.725218,-4462.60903,2029465700,3055,1
3.693796,0.002016,4.724046,-4460.25465,2028962429,3056,1
3.695812,0.002016,4.723608,-4459.37477,2028774129,3057,2
3.69985,0.004038,4.724659,-4461.48608,2029225904,3059,1
3.701872,0.002022,4.724452,-4461.07025,2029136607,3060,1
3.703888,0.002016,4.724879,-4461.92803,2029320178,3061,1
3.705911,0.002023,4.725282,-4462.7376,2029493019,3062,2
3.709943,0.004032,4.724264,-4460.69258,2029055840,3064,1
3.711965,0.002022,4.723805,-4459.77052,2028858760,3065,1
3.713981,0.002016,4.7248,-4461.76933,2029286022,3066,1
3.716004,0.002023,4.724838,-4461.84567,2029302562,3067,2
3.720035,0.004031,4.725057,-4462.28561,2029396537,3069,1
3.722055,0.00202,4.725416,-4463.00678,2029550577,3070,1
3.724077,0.002022,4.724237,-4460.63834,2029044396,3071,1
3.726093,0.002016,4.723526,-4459.21005,2028738699,3072,2
3.730132,0.004039,4.724282,-4460.72874,2029063791,3074,1
3.732148,0.002016,4.724545,-4461.25707,2029176729,3075,1
3.73417,0.002022,4.724659,-4461.48608,2029225338,3076,1
3.736186,0.002016,4.725266,-4462.70546,2029486324,3077,2
3.740224,0.004038,4.724461,-4461.08833,2029140318,3079,1
3.74224,0.002016,4.72369,-4459.5395,2028809460,3080,1
3.744263,0.002023,4.724506,-4461.17873,2029159943,3081,1
3.746279,0.002016,4.724846,-4461.86174,2029305877,3082,1
3.748301,0.002022,4.724609,-4461.38564,2029204397,3083,2
3.75234,0.004039,4.725003,-4462.17713,2029373260,3085,1
3.754355,0.002015,4.724021,-4460.20443,2028951645,3086,1
3.756372,0.002017,4.722944,-4458.04089,2028488991,3087,1
3.758394,0.002022,4.723673,-4459.50535,2028802121,3088,2
3.762432,0.004038,4.724253,-4460.67049,2029051297,3090,1
3.764448,0.002016,4.724147,-4460.45755,2029005668,3091,1
3.766464,0.002016,4.724704,-4461.57648,2029244851,3092,1
3.768487,0.002023,4.724131,-4460.42541,2028998764,3093,2
3.772525,0.004038,4.723263,-4458.68172,2028625956,3095,1
3.774541,0.002016,4.723688,-4459.53548,2028808519,3096,1
3.776564,0.002023,4.724515,-4461.19681,2029163662,3097,1
3.77858,0.002016,4.724235,-4460.63433,2029043156,3098,2
3.782618,0.004038,4.724704,-4461.57648,2029244750,3100,1
3.784634,0.002016,4.724144,-4460.45152,2029004110,3101,1
3.786656,0.002022,4.722827,-4457.80586,2028438873,3102,1
3.788672,0.002016,4.72279,-4457.73153,2028423085,3103,1
3.790688,0.002016,4.723632,-4459.42299,2028784573,3104,2
3.794727,0.004039,4.723485,-4459.12768,2028721142,3106,1
3.796749,0.002022,4.724116,-4460.39527,2028992494,3107,1
3.798765,0.002016,4.723919,-4459.99953,2028907656,3108,1
3.800781,0.002016,4.723008,-4458.16946,2028516468,3109,2
3.804823,0.004042,4.723357,-4458.87055,2028666533,3111,1
3.806839,0.002016,4.724628,-4461.42381,2029211988,3112,1
3.808861,0.002022,4.724489,-4461.14458,2029152383,3113,1
3.810877,0.002016,4.724977,-4462.1249,2029361945,3114,2
3.814916,0.004039,4.724855,-4461.87982,2029309501,3116,1
3.816932,0.002016,4.723762,-4459.68414,2028840176,3117,1
3.818954,0.002022,4.723763,-4459.68615,2028840959,3118,1
3.82097,0.002016,4.724761,-4461.69098,2029269162,3119,2
3.825008,0.004038,4.724276,-4460.71669,2029060813,3121,1
3.827024,0.002016,4.724513,-4461.19279,2029162875,3122,1
3.82904,0.002016,4.724473,-4461.11243,2029145632,3123,1
3.831063,0.002023,4.723364,-4458.88461,2028669452,3124,1
3.833079,0.002016,4.722904,-4457.96054,2028471618,3125,2
3.837117,0.004038,4.723976,-4460.11403,2028932358,3127,1
3.839139,0.002022,4.723576,-4459.31049,2028760432,3128,1
3.841156,0.002017,4.723816,-4459.79262,2028863523,3129,1
3.843172,0.002016,4.72413,-4460.4234,2028998158,3130,2
3.84721,0.004038,4.723191,-4458.53708,2028595184,3132,1
3.849232,0.002022,4.72294,-4458.03286,2028487407,3133,1
3.851248,0.002016,4.724246,-4460.65642,2029048235,3134,1
3.853264,0.002016,4.724052,-4460.26671,2028964727,3135,2
3.857303,0.004039,4.724413,-4460.9919,2029120023,3137,1
3.859325,0.002022,4.72469,-4461.54836,2029238779,3138,1
3.861341,0.002016,4.723764,-4459.68815,2028841055,3139,1
3.863357,0.002016,4.723132,-4458.41856,2028569903,3140,2
3.867396,0.004039,4.72413,-4460.4234,2028998106,3142,1
3.869411,0.002015,4.72402,-4460.20242,2028951031,3143,1
3.871434,0.002023,4.724094,-4460.35108,2028982942,3144,1
3.87345,0.002016,4.724131,-4460.42541,2028998689,3145,1
3.875472,0.002022,4.723224,-4458.60337,2028609340,3146,2
3.879511,0.004039,4.722685,-4457.5206,2028378026,3148,1
3.881527,0.002016,4.723666,-4459.49129,2028798915,3149,1
3.883543,0.002016,4.723702,-4459.56361,2028814761,3150,1
3.885565,0.002022,4.724106,-4460.37518,2028987905,3151,2
3.889604,0.004039,4.724716,-4461.60059,2029250173,3153,1
3.89162,0.002016,4.723656,-4459.4712,2028794786,3154,1
3.893636,0.002016,4.723022,-4458.19758,2028522409,3155,1
3.895658,0.002022,4.72391,-4459.98145,2028903979,3156,2
3.899696,0.004038,4.724294,-4460.75285,2029068821,3158,1
3.901712,0.002016,4.724387,-4460.93967,2029108679,3159,1
3.903728,0.002016,4.724846,-4461.86174,2029305941,3160,1
3.905751,0.002023,4.723897,-4459.95533,2028898249,3161,2
3.909789,0.004038,4.723173,-4458.50092,2028587449,3163,1
3.912289,0.0025,4.723952,-4460.06582,2028921869,3164,1
3.913824,0.001535,4.7244,-4460.96579,2029114077,3165,1
3.91584,0.002016,4.724397,-4460.95976,2029113073,3166,1
3.917863,0.002023,4.725033,-4462.23739,2029386222,3167,2
3.921895,0.004032,4.724351,-4460.86735,2029093395,3169,1
3.923917,0.002022,4.723342,-4458.84042,2028660031,3170,1
3.925933,0.002016,4.723935,-4460.03167,2028914695,3171,1
3.927955,0.002022,4.724684,-4461.5363,2029236337,3172,2
3.931988,0.004033,4.724413,-4460.9919,2029120085,3174,1
3.93401,0.002022,4.724873,-4461.91598,2029317500,3175,1
3.936026,0.002016,4.724331,-4460.82718,2029084885,3176,1
3.938048,0.002022,4.723291,-4458.73797,2028638134,3177,2
3.94208,0.004032,4.723686,-4459.53146,2028807694,3179,1
3.944103,0.002023,4.724512,-4461.19078,2029162364,3180,1
3.946119,0.002016,4.724187,-4460.5379,2029023159,3181,1
3.948141,0.002022,4.724659,-4461.48608,2029225560,3182,2
3.95218,0.004039,4.724134,-4460.43143,2028999916,3184,1
3.954195,0.002015,4.723074,-4458.30204,2028544825,3185,1
3.956212,0.002017,4.723337,-4458.83037,2028657983,3186,1
3.958234,0.002022,4.724427,-4461.02003,2029125887,3187,2
3.962272,0.004038,4.724165,-4460.49371,2029013679,3189,1
3.964288,0.002016,4.724945,-4462.06061,2029348299,3190,1
3.966304,0.002016,4.724848,-4461.86575,2029306602,3191,1
3.968327,0.002023,4.723725,-4459.60981,2028824492,3192,1
3.970343,0.002016,4.723692,-4459.54352,2028810373,3193,2
3.974381,0.004038,4.724809,-4461.78741,2029289793,3195,1
3.976404,0.002023,4.724554,-4461.27515,2029180317,3196,1
3.97842,0.002016,4.725134,-4462.44029,2029429818,3197,1
3.980436,0.002016,4.72499,-4462.15101,2029367825,3198,2
3.984474,0.004038,4.723701,-4459.5616,2028813970,3200,1
3.986496,0.002022,4.723693,-4459.54553,2028810894,3201,1
3.988512,0.002016,4.724865,-4461.89991,2029314032,3202,1
3.990528,0.002016,4.724535,-4461.23698,2029172524,3203,2
3.994567,0.004039,4.725072,-4462.31574,2029403172,3205,1
3.996589,0.002022,4.724968,-4462.10682,2029358400,3206,1
3.998605,0.002016,4.723683,-4459.52544,2028806521,3207,1
4.000621,0.002016,4.723423,-4459.00314,2028694483,3208,2
4.00466,0.004039,4.724528,-4461.22292,2029169241,3210,1
4.006682,0.002022,4.724335,-4460.83521,2029086442,3211,1
4.008698,0.002016,4.724957,-4462.08472,2029353626,3212,1
4.01072,0.002022,4.725164,-4462.50055,2029442373,3213,1
4.012736,0.002016,4.723845,-4459.85087,2028875921,3214,2
4.016775,0.004039,4.723606,-4459.37076,2028773409,3216,1
4.018791,0.002016,4.724816,-4461.80147,2029293179,3217,1
4.020813,0.002022,4.724705,-4461.57849,2029245278,3218,1
4.022829,0.002016,4.725084,-4462.33984,2029408129,3219,2
4.026867,0.004038,4.725321,-4462.81594,2029509831,3221,1
4.028884,0.002017,4.724292,-4460.74883,2029067761,3222,1
4.030906,0.002022,4.723791,-4459.74239,2028852847,3223,1
4.032922,0.002016,4.724829,-4461.82759,2029298606,3224,2
4.03696,0.004038,4.724621,-4461.40974,2029209115,3226,1
4.038976,0.002016,4.724748,-4461.66487,2029263607,3227,1
4.040999,0.002023,4.725127,-4462.42623,2029426704,3228,1
4.043015,0.002016,4.724042,-4460.24662,2028960635,3229,2
4.047053,0.004038,4.723441,-4459.03929,2028702525,3231,1
4.049069,0.002016,4.724518,-4461.20283,2029165041,3232,1
4.051092,0.002023,4.724827,-4461.82357,2029297635,3233,1
4.053108,0.002016,4.72501,-4462.19119,2029376526,3234,1
4.05513,0.002022,4.725491,-4463.15745,2029582992,3235,2
4.059162,0.004032,4.724615,-4461.39769,2029206575,3237,1
4.061184,0.002022,4.723837,-4459.8348,2028872636,3238,1
4.0632,0.002016,4.724553,-4461.27314,2029179893,3239,1
4.065223,0.002023,4.724865,-4461.89991,2029313795,3240,2
4.069261,0.004038,4.724818,-4461.80549,2029294082,3242,1
4.071277,0.002016,4.725184,-4462.54073,2029450691,3243,1
4.073293,0.002016,4.724079,-4460.32094,2028976521,3244,1
4.075316,0.002023,4.723224,-4458.60337,2028609268,3245,2
4.079354,0.004038,4.723893,-4459.9473,2028896829,3247,1
4.08137,0.002016,4.724518,-4461.20283,2029165032,3248,1
4.083392,0.002022,4.724568,-4461.30328,2029186550,3249,1
4.085408,0.002016,4.725304,-4462.78179,2029502476,3250,2
4.089447,0.004039,4.724741,-4461.65081,2029260513,3252,1
4.091463,0.002016,4.723807,-4459.77454,2028859487,3253,1
4.093485,0.002022,4.724327,-4460.81914,2029082939,3254,1
4.095501,0.002016,4.725019,-4462.20927,2029380253,3255,1
4.097517,0.002016,4.72466,-4461.48809,2029226293,3256,2
4.101556,0.004039,4.725258,-4462.68939,2029482979,3258,1
4.103578,0.002022,4.724758,-4461.68496,2029267914,3259,1
4.105594,0.002016,4.723668,-4459.4953,2028799729,3260,1
4.107616,0.002022,4.724171,-4460.50576,2029016056,3261,2
4.111648,0.004032,4.725106,-4462.38404,2029417534,3263,1
4.113671,0.002023,4.724771,-4461.71107,2029273686,3264,1
4.115687,0.002016,4.725354,-4462.88224,2029524224,3265,1
4.117709,0.002022,4.725033,-4462.23739,2029386178,3266,2
4.121748,0.004039,4.723939,-4460.0397,2028916211,3268,1
4.123764,0.002016,4.724019,-4460.20041,2028950699,3269,1
4.125779,0.002015,4.725015,-4462.20123,2029378304,3270,1
4.127802,0.002023,4.724787,-4461.74321,2029280467,3271,2
4.13184,0.004038,4.725449,-4463.07308,2029564835,3273,1
4.133856,0.002016,4.72523,-4462.63314,2029471022,3274,1
4.135879,0.002023,4.724117,-4460.39728,2028992973,3275,1
4.137895,0.002016,4.723998,-4460.15823,2028941440,3276,1
4.139911,0.002016,4.72517,-4462.51261,2029444977,3277,2
4.143949,0.004038,4.724951,-4462.07267,2029350974,3279,1
4.145972,0.002023,4.725583,-4463.34226,2029622461,3280,1
4.147988,0.002016,4.72538,-4462.93447,2029535252,3281,1
4.150003,0.002015,4.724125,-4460.41335,2028996201,3282,2
4.154042,0.004039,4.723952,-4460.06582,2028921918,3284,1
4.156064,0.002022,4.725178,-4462.52868,2029448318,3285,1
4.15808,0.002016,4.72485,-4461.86977,2029307481,3286,1
4.160103,0.002023,4.725451,-4463.07709,2029565583,3287,2
4.164135,0.004032,4.725398,-4462.97063,2029542965,3289,1
4.166157,0.002022,4.72416,-4460.48366,2029011316,3290,1
4.168173,0.002016,4.72399,-4460.14216,2028938306,3291,1
4.170195,0.002022,4.725241,-4462.65524,2029475717,3292,2
4.174234,0.004039,4.724987,-4462.14499,2029366448,3294,1
4.17625,0.002016,4.72539,-4462.95455,2029539887,3295,1
4.178272,0.002022,4.725469,-4463.11325,2029573280,3296,1
4.180288,0.002016,4.724273,-4460.71066,2029059699,3297,2
4.184327,0.004039,4.723788,-4459.73637,2028851571,3299,1
4.186343,0.002016,4.72488,-4461.93004,2029320375,3300,1
4.188365,0.002022,4.724729,-4461.6267,2029255609,3301,1
4.190381,0.002016,4.725109,-4462.39007,2029419050,3302,1
4.192404,0.002023,4.725442,-4463.05902,2029561847,3303,2
4.196436,0.004032,4.724379,-4460.9236,2029105187,3305,1
4.198458,0.002022,4.723763,-4459.68615,2028840974,3306,1
4.200474,0.002016,4.724786,-4461.74121,2029280185,3307,1
4.202496,0.002022,4.724795,-4461.75929,2029283912,3308,2
4.206528,0.004032,4.724932,-4462.0345,2029342715,3310,1
4.208551,0.002023,4.725305,-4462.7838,2029503008,3311,1
4.210567,0.002016,4.724373,-4460.91155,2029102909,3312,1
4.212589,0.002022,4.723733,-4459.62588,2028827984,3313,2
4.216628,0.004039,4.72478,-4461.72915,2029277282,3315,1
4.218644,0.002016,4.724975,-4462.12088,2029361397,3316,1
4.22066,0.002016,4.725024,-4462.21931,2029382489,3317,1
4.222682,0.002022,4.725488,-4463.15142,2029581379,3318,2
4.22672,0.004038,4.724397,-4460.95976,2029112914,3320,1
4.228736,0.002016,4.723506,-4459.16987,2028730424,3321,1
4.230759,0.002023,4.724211,-4460.58611,2029033376,3322,1
4.232775,0.002016,4.724556,-4461.27917,2029181279,3323,1
4.234797,0.002022,4.724608,-4461.38363,2029203615,3324,2
4.238836,0.004039,4.725265,-4462.70345,2029485568,3326,1
4.240852,0.002016,4.724327,-4460.81914,2029082966,3327,1
4.242867,0.002015,4.723502,-4459.16183,2028728788,3328,1
4.24489,0.002023,4.724191,-4460.54594,2029024693,3329,2
4.248928,0.004038,4.724765,-4461.69902,2029271319,3331,1
4.250944,0.002016,4.72449,-4461.14658,2029153148,3332,1
4.25296,0.002016,4.725073,-4462.31775,2029403286,3333,1
4.254983,0.002023,4.724414,-4460.99391,2029120194,3334,2
4.259021,0.004038,4.723459,-4459.07545,2028710042,3336,1
4.261037,0.002016,4.723826,-4459.8127,2028867958,3337,1
4.26306,0.002023,4.724651,-4461.47001,2029222000,3338,1
4.265076,0.002016,4.724466,-4461.09837,2029142688,3339,2
4.269114,0.004038,4.725066,-4462.30369,2029400372,3341,1
4.27113,0.002016,4.724685,-4461.53831,2029236710,3342,1
4.273152,0.002022,4.723721,-4459.60177,2028822582,3343,1
4.275168,0.002016,4.724044,-4460.25063,2028961376,3344,1
4.277184,0.002016,4.725087,-4462.34587,2029409248,3345,2
4.281223,0.004039,4.724868,-4461.90593,2029315222,3347,1
4.283245,0.002022,4.72543,-4463.03491,2029556522,3348,1
4.285261,0.002016,4.72506,-4462.29163,2029397956,3349,1
4.287283,0.002022,4.723771,-4459.70222,2028844089,3350,2
4.291322,0.004039,4.723813,-4459.78659,2028862267,3352,1
4.293338,0.002016,4.72493,-4462.03048,2029342050,3353,1
4.295354,0.002016,4.724435,-4461.0361,2029129625,3354,1
4.297376,0.002022,4.72481,-4461.78942,2029290387,3355,2
4.301415,0.004039,4.724597,-4461.36153,2029198911,3357,1
4.303431,0.002016,4.723444,-4459.04532,2028703616,3358,1
4.305453,0.002022,4.723426,-4459.00916,2028695966,3359,1
4.307469,0.002016,4.724669,-4461.50617,2029229574,3360,2
4.311508,0.004039,4.724519,-4461.20484,2029165401,3362,1
4.313523,0.002015,4.725189,-4462.55077,2029453079,3363,1
4.315546,0.002023,4.725201,-4462.57488,2029458372,3364,1
4.317562,0.002016,4.724067,-4460.29684,2028971262,3365,1
4.319578,0.002016,4.723746,-4459.652,2028833415,3366,2
4.323616,0.004038,4.724804,-4461.77737,2029287982,3368,1
4.325639,0.002023,4.72435,-4460.86534,2029093005,3369,1
4.327655,0.002016,4.724689,-4461.54635,2029238307,3370,1
4.329677,0.002022,4.724718,-4461.6046,2029250717,3371,2
4.333716,0.004039,4.723493,-4459.14375,2028724908,3373,1
4.335732,0.002016,4.723216,-4458.5873,2028605559,3374,1
4.337748,0.002016,4.724301,-4460.76691,2029071796,3375,1
4.33977,0.002022,4.723948,-4460.05778,2028920136,3376,2
4.343808,0.004038,4.724443,-4461.05217,2029132759,3378,1
4.345824,0.002016,4.724713,-4461.59456,2029248798,3379,1
4.34784,0.002016,4.723558,-4459.27433,2028752911,3380,1
4.349863,0.002023,4.723217,-4458.58931,2028606103,3381,2
4.353901,0.004038,4.724443,-4461.05217,2029133114,3383,1
4.355917,0.002016,4.724474,-4461.11444,2029145837,3384,1
4.35794,0.002023,4.724991,-4462.15302,2029368123,3385,1
4.359955,0.002015,4.725525,-4463.22575,2029597558,3386,1
4.361978,0.002023,4.724307,-4460.77896,2029074323,3387,2
4.36601,0.004032,4.723663,-4459.48526,2028797903,3389,1
4.368032,0.002022,4.724587,-4461.34144,2029194883,3390,1
4.370048,0.002016,4.724505,-4461.17672,2029159107,3391,1
4.372071,0.002023,4.724472,-4461.11042,2029145362,3392,2
4.376109,0.004038,4.724861,-4461.89187,2029312380,3394,1
4.378125,0.002016,4.723769,-4459.6982,2028843158,3395,1
4.380141,0.002016,4.723044,-4458.24178,2028531924,3396,1
4.382164,0.002023,4.724036,-4460.23456,2028958177,3397,2
4.386202,0.004038,4.724375,-4460.91557,2029103474,3399,1
4.388218,0.002016,4.724591,-4461.34948,2029196424,3400,1
4.39024,0.002022,4.725282,-4462.7376,2029493017,3401,1
4.392256,0.002016,4.724494,-4461.15462,2029154415,3402,2
4.396295,0.004039,4.72375,-4459.66003,2028835281,3404,1
4.398311,0.002016,4.724205,-4460.57406,2029030603,3405,1
4.400333,0.002022,4.724559,-4461.2852,2029182729,3406,1
4.402349,0.002016,4.724378,-4460.92159,2029105072,3407,1
4.404365,0.002016,4.724542,-4461.25104,2029175130,3408,2
4.408403,0.004038,4.723445,-4459.04733,2028704254,3410,1
4.410426,0.002023,4.722366,-4456.87977,2028240669,3411,1
4.412442,0.002016,4.722919,-4457.99067,2028478340,3412,1
4.414464,0.002022,4.723716,-4459.59173,2028820795,3413,2
4.418496,0.004032,4.723825,-4459.8107,2028867633,3415,1
4.420519,0.002023,4.724728,-4461.62469,2029255348,3416,1
4.422535,0.002016,4.724282,-4460.72874,2029063759,3417,1
4.424557,0.002022,4.723405,-4458.96698,2028687113,3418,2
4.428596,0.004039,4.723873,-4459.90712,2028887872,3420,1
4.430612,0.002016,4.72476,-4461.68898,2029268709,3421,1
4.432628,0.002016,4.724481,-4461.1285,2029148876,3422,1
4.43465,0.002022,4.724643,-4461.45394,2029218849,3423,2
4.438688,0.004038,4.724175,-4460.51379,2029017742,3425,1
4.440704,0.002016,4.722813,-4457.77773,2028432644,3426,1
4.44272,0.002016,4.722781,-4457.71345,2028418770,3427,1
4.444743,0.002023,4.723758,-4459.6761,2028838643,3428,2
4.448781,0.004038,4.723299,-4458.75404,2028641354,3430,1
4.450797,0.002016,4.723698,-4459.55557,2028812888,3431,1
4.45282,0.002023,4.723798,-4459.75646,2028855669,3432,1
4.454835,0.002015,4.722786,-4457.72349,2028420875,3433,1
4.456851,0.002016,4.722914,-4457.98063,2028475992,3434,2
4.46089,0.004039,4.724289,-4460.7428,2029066859,3436,1
4.462912,0.002022,4.724165,-4460.49371,2029013520,3437,1
4.464928,0.002016,4.724607,-4461.38162,2029203268,3438,1
4.466951,0.002023,4.724673,-4461.5142,2029231496,3439,2
4.470983,0.004032,4.723462,-4459.08148,2028711256,3441,1
4.473005,0.002022,4.723343,-4458.84243,2028660323,3442,1
4.475021,0.002016,4.724556,-4461.27917,2029181358,3443,1
4.477044,0.002023,4.724079,-4460.32094,2028976593,3444,2
4.481076,0.004032,4.724097,-4460.3571,2028984187,3446,1
4.483098,0.002022,4.723912,-4459.98547,2028904612,3447,1
4.485114,0.002016,4.722722,-4457.59493,2028393519,3448,1
4.487136,0.002022,4.72232,-4456.78737,2028220963,3449,2
4.491175,0.004039,4.723404,-4458.96497,2028686471,3451,1
4.493191,0.002016,4.723103,-4458.3603,2028557117,3452,1
4.495213,0.002022,4.72362,-4459.39888,2028779309,3453,1
4.497229,0.002016,4.723893,-4459.9473,2028896814,3454,1
4.499245,0.002016,4.723005,-4458.16343,2028515274,3455,2
4.503284,0.004039,4.722915,-4457.98264,2028476479,3457,1
4.505306,0.002022,4.72434,-4460.84526,2029088269,3458,1
4.507322,0.002016,4.724198,-4460.56,2029027566,3459,1
4.509344,0.002022,4.724501,-4461.16868,2029157816,3460,2
4.513376,0.004032,4.72469,-4461.54836,2029238598,3462,1
4.515399,0.002023,4.723603,-4459.36473,2028772133,3463,1
4.517415,0.002016,4.722844,-4457.84001,2028445904,3464,1
4.519437,0.002022,4.723768,-4459.69619,2028842837,3465,2
4.523476,0.004039,4.723664,-4459.48727,2028798068,3467,1
4.525491,0.002015,4.723715,-4459.58972,2028820356,3468,1
4.527508,0.002017,4.723929,-4460.01962,2028912045,3469,1
4.52953,0.002022,4.723072,-4458.29803,2028543830,3470,2
4.533568,0.004038,4.72248,-4457.10878,2028289978,3472,1
4.535584,0.002016,4.723489,-4459.13572,2028723063,3473,1
4.5376,0.002016,4.723755,-4459.67008,2028837325,3474,1
4.539623,0.002023,4.72393,-4460.02162,2028912490,3475,1
4.541639,0.002016,4.724292,-4460.74883,2029068218,3476,2
4.545677,0.004038,4.723554,-4459.2663,2028751014,3478,1
4.5477,0.002023,4.722893,-4457.93844,2028466910,3479,1
4.549716,0.002016,4.723839,-4459.83882,2028873368,3480,1
4.551732,0.002016,4.723995,-4460.1522,2028940468,3481,2
4.55577,0.004038,4.723751,-4459.66204,2028835717,3483,1
4.557786,0.002016,4.724064,-4460.29081,2028970285,3484,1
4.559808,0.002022,4.723475,-4459.1076,2028717221,3485,1
4.561824,0.002016,4.722485,-4457.11883,2028291712,3486,2
4.565863,0.004039,4.722925,-4458.00272,2028480938,3488,1
4.567885,0.002022,4.723482,-4459.12166,2028720166,3489,1
4.569901,0.002016,4.723359,-4458.87457,2028667120,3490,1
4.571917,0.002016,4.723656,-4459.4712,2028794769,3491,2
4.575956,0.004039,4.723327,-4458.81028,2028653330,3493,1
4.577978,0.002022,4.722487,-4457.12285,2028292953,3494,1
4.579994,0.002016,4.722975,-4458.10317,2028502378,3495,1
4.582016,0.002022,4.723796,-4459.75244,2028854847,3496,1
4.584032,0.002016,4.723713,-4459.5857,2028819517,3497,2
4.588071,0.004039,4.724238,-4460.64035,2029044741,3499,1
4.590087,0.002016,4.723946,-4460.05377,2028919106,3500,1
4.592109,0.002022,4.722979,-4458.1112,2028503907,3501,1
4.594125,0.002016,4.723444,-4459.04532,2028703873,3502,2
4.598164,0.004039,4.724293,-4460.75084,2029068325,3504,1
4.60018,0.002016,4.723718,-4459.59575,2028821502,3505,1
4.602202,0.002022,4.724076,-4460.31492,2028975069,3506,1
4.604218,0.002016,4.723877,-4459.91516,2028889606,3507,2
4.608256,0.004038,4.722585,-4457.31971,2028334878,3509,1
4.610272,0.002016,4.722585,-4457.31971,2028335017,3510,1
4.612295,0.002023,4.72364,-4459.43906,2028788167,3511,1
4.614311,0.002016,4.723286,-4458.72792,2028635603,3512,2
4.618349,0.004038,4.723866,-4459.89306,2028884840,3514,1
4.620365,0.002016,4.723918,-4459.99752,2028907382,3515,1
4.622388,0.002023,4.722947,-4458.04692,2028490142,3516,1
4.624404,0.002016,4.723247,-4458.64958,2028618963,3517,1
4.626426,0.002022,4.724556,-4461.27917,2029181158,3518,2
4.630464,0.004038,4.724209,-4460.5821,2029032423,3520,1
4.63248,0.002016,4.724487,-4461.14056,2029151798,3521,1
4.634496,0.002016,4.724568,-4461.30328,2029186629,3522,1
4.636519,0.002023,4.7235,-4459.15782,2028727971,3523,2
4.640557,0.004038,4.723213,-4458.58128,2028604669,3525,1
4.642573,0.002016,4.724255,-4460.6745,2029051978,3526,1
4.644589,0.002016,4.723952,-4460.06582,2028922104,3527,1
4.646612,0.002023,4.724097,-4460.3571,2028984013,3528,2
4.65065,0.004038,4.723988,-4460.13814,2028937434,3530,1
4.652666,0.002016,4.722833,-4457.81791,2028441339,3531,1
4.654682,0.002016,4.722519,-4457.18713,2028306617,3532,1
4.656704,0.002022,4.723671,-4459.50133,2028801124,3533,2
4.660743,0.004039,4.723334,-4458.82435,2028656466,3535,1
4.662759,0.002016,4.723739,-4459.63793,2028830301,3536,1
4.664775,0.002016,4.723855,-4459.87096,2028880051,3537,1
4.666797,0.002022,4.722758,-4457.66725,2028409352,3538,1
4.668813,0.002016,4.722453,-4457.05454,2028278064,3539,2
4.672852,0.004039,4.723547,-4459.25223,2028747870,3541,1
4.674867,0.002015,4.7234,-4458.95693,2028684735,3542,1
4.67689,0.002023,4.723889,-4459.93926,2028894879,3543,1
4.678906,0.002016,4.724274,-4460.71267,2029060340,3544,2
4.682944,0.004038,4.723027,-4458.20763,2028524598,3546,1
4.684967,0.002023,4.722411,-4456.97017,2028259974,3547,1
4.686983,0.002016,4.723389,-4458.93483,2028680186,3548,1
4.688999,0.002016,4.723311,-4458.77814,2028646564,3549,2
4.693037,0.004038,4.723549,-4459.25625,2028748917,3551,1
4.695059,0.002022,4.723943,-4460.04774,2028918024,3552,1
4.697076,0.002017,4.722891,-4457.93442,2028466283,3553,1
4.699098,0.002022,4.722169,-4456.48403,2028156303,3554,2
4.70313,0.004032,4.723239,-4458.63351,2028615771,3556,1
4.705152,0.002022,4.723705,-4459.56963,2028815708,3557,1
4.707168,0.002016,4.723796,-4459.75244,2028854936,3558,1
4.709191,0.002023,4.724408,-4460.98186,2029117764,3559,2
4.713229,0.004038,4.723643,-4459.44508,2028789220,3561,1
4.715245,0.002016,4.722971,-4458.09513,2028500450,3562,1
4.717261,0.002016,4.723706,-4459.57164,2028816369,3563,1
4.719284,0.002023,4.723952,-4460.06582,2028922076,3564,1
4.721299,0.002015,4.723911,-4459.98346,2028904216,3565,2
4.725338,0.004039,4.724255,-4460.6745,2029052148,3567,1
4.72736,0.002022,4.723211,-4458.57726,2028603539,3568,1
4.729376,0.002016,4.722169,-4456.48403,2028156128,3569,1
4.731392,0.002016,4.72269,-4457.53064,2028379618,3570,2
4.735431,0.004039,4.723299,-4458.75404,2028641445,3572,1
4.737453,0.002022,4.72315,-4458.45472,2028577465,3573,1
4.739469,0.002016,4.723799,-4459.75846,2028856037,3574,1
4.741485,0.002016,4.723246,-4458.64757,2028618449,3575,2
4.745523,0.004038,4.722489,-4457.12686,2028293699,3577,1
4.747546,0.002023,4.72299,-4458.1333,2028508489,3578,1
4.749562,0.002016,4.723859,-4459.879,2028882111,3579,1
4.751578,0.002016,4.723673,-4459.50535,2028802001,3580,2
4.755616,0.004038,4.724212,-4460.58812,2029033738,3582,1
4.757639,0.002023,4.723533,-4459.22411,2028741809,3583,1
4.759655,0.002016,4.722495,-4457.13892,2028296076,3584,1
4.761671,0.002016,4.722761,-4457.67327,2028410325,3585,1
4.763693,0.002022,4.723584,-4459.32656,2028764069,3586,2
4.767732,0.004039,4.723235,-4458.62547,2028614039,3588,1
4.769748,0.002016,4.723874,-4459.90913,2028888338,3589,1
4.771763,0.002015,4.723455,-4459.06742,2028708203,3590,1
4.773786,0.002023,4.722213,-4456.57242,2028174948,3591,2
4.777824,0.004038,4.722354,-4456.85567,2028235552,3593,1
4.77984,0.002016,4.723493,-4459.14375,2028724820,3594,1
4.781863,0.002023,4.723231,-4458.61743,2028612541,3595,1
4.783879,0.002016,4.723794,-4459.74842,2028854066,3596,2
4.787917,0.004038,4.72359,-4459.33861,2028766595,3598,1
4.789933,0.002016,4.722399,-4456.94607,2028254708,3599,1
4.791955,0.002022,4.722328,-4456.80344,2028224501,3600,1
4.793972,0.002017,4.723557,-4459.27232,2028752045,3601,2
4.79801,0.004038,4.723274,-4458.70382,2028630611,3603,1
4.800026,0.002016,4.723762,-4459.68414,2028840332,3604,1
4.802048,0.002022,4.72374,-4459.63994,2028831035,3605,1
4.804064,0.002016,4.722537,-4457.22329,2028314061,3606,1
4.80608,0.002016,4.722326,-4456.79942,2028223564,3607,2
4.810119,0.004039,4.723487,-4459.1317,2028722112,3609,1
4.812141,0.002022,4.723213,-4458.58128,2028604501,3610,1
4.814157,0.002016,4.723459,-4459.07545,2028710338,3611,1
4.816179,0.002022,4.723475,-4459.1076,2028717219,3612,2
4.820212,0.004033,4.722466,-4457.08066,2028283694,3614,1
4.822234,0.002022,4.722129,-4456.40368,2028138886,3615,1
4.82425,0.002016,4.723297,-4458.75002,2028640584,3616,1
4.826272,0.002022,4.723177,-4458.50896,2028589253,3617,2
4.830304,0.004032,4.72352,-4459.19799,2028736545,3619,1
4.832327,0.002023,4.723837,-4459.8348,2028872496,3620,1
4.834343,0.002016,4.723051,-4458.25584,2028534823,3621,1
4.836365,0.002022,4.722658,-4457.46636,2028366241,3622,2
4.840404,0.004039,4.723708,-4459.57566,2028817233,3624,1
4.84242,0.002016,4.723433,-4459.02322,2028698949,3625,1
4.844435,0.002015,4.72364,-4459.43906,2028788213,3626,1
4.846458,0.002023,4.723913,-4459.98747,2028905063,3627,1
4.848474,0.002016,4.722985,-4458.12326,2028506709,3628,2
4.852512,0.004038,4.722261,-4456.66884,2028195416,3630,1
4.854528,0.002016,4.723234,-4458.62346,2028613650,3631,1
4.856551,0.002023,4.723276,-4458.70783,2028631727,3632,1
4.858567,0.002016,4.723407,-4458.97099,2028688037,3633,2
4.862605,0.004038,4.723776,-4459.71226,2028846245,3635,1
4.864621,0.002016,4.723036,-4458.22571,2028528644,3636,1
4.866644,0.002023,4.722356,-4456.85969,2028236673,3637,1
4.86866,0.002016,4.723324,-4458.80426,2028652063,3638,2
4.872698,0.004038,4.723599,-4459.35669,2028770225,3640,1
4.87472,0.002022,4.723562,-4459.28237,2028754546,3641,1
4.876736,0.002016,4.723931,-4460.02363,2028913158,3642,1
4.878752,0.002016,4.723257,-4458.66966,2028623196,3643,2
4.882791,0.004039,4.722463,-4457.07463,2028282297,3645,1
4.884813,0.002022,4.723099,-4458.35227,2028555424,3646,1
4.886829,0.002016,4.723516,-4459.18996,2028734909,3647,1
4.888852,0.002023,4.723382,-4458.92077,2028677037,3648,1
4.890868,0.002016,4.723951,-4460.06381,2028921430,3649,2
4.894906,0.004038,4.72323,-4458.61543,2028611770,3651,1
4.896922,0.002016,4.722243,-4456.63268,2028188147,3652,1
4.898944,0.002022,4.722851,-4457.85407,2028449164,3653,1
4.90096,0.002016,4.723648,-4459.45513,2028791305,3654,2
4.904999,0.004039,4.723577,-4459.3125,2028760723,3656,1
4.907015,0.002016,4.724133,-4460.42942,2028999558,3657,1
4.909037,0.002022,4.723506,-4459.16987,2028730125,3658,1
4.911053,0.002016,4.722566,-4457.28155,2028326541,3659,2
4.915092,0.004039,4.723056,-4458.26588,2028537053,3661,1
4.917108,0.002016,4.723852,-4459.86493,2028878883,3662,1
4.91913,0.002022,4.723685,-4459.52946,2028807274,3663,1
4.92163,0.0025,4.724278,-4460.72071,2029062016,3664,2
4.925188,0.003558,4.723892,-4459.94529,2028896223,3666,1
4.927203,0.002015,4.722793,-4457.73756,2028424217,3667,1
4.929223,0.00202,4.722945,-4458.0429,2028489387,3668,1
4.931239,0.002016,4.723956,-4460.07386,2028923765,3669,2
4.935277,0.004038,4.723499,-4459.15581,2028727548,3671,1
4.9373,0.002023,4.724093,-4460.34907,2028982544,3672,1
4.939316,0.002016,4.723773,-4459.70623,2028844749,3673,1
4.941332,0.002016,4.722497,-4457.14293,2028297215,3674,1
4.943354,0.002022,4.722494,-4457.13691,2028295493,3675,2
4.947392,0.004038,4.723669,-4459.49731,2028800546,3677,1
4.949408,0.002016,4.723407,-4458.97099,2028687857,3678,1
4.951431,0.002023,4.724033,-4460.22854,2028956630,3679,1
4.953447,0.002016,4.724045,-4460.25264,2028961757,3680,2
4.957485,0.004038,4.722923,-4457.99871,2028480151,3682,1
4.959501,0.002016,4.722956,-4458.065,2028493902,3683,1
4.961524,0.002023,4.724351,-4460.86735,2029093483,3684,1
4.96354,0.002016,4.723901,-4459.96337,2028899994,3685,2
4.967578,0.004038,4.724191,-4460.54594,2029024435,3687,1
4.969594,0.002016,4.724188,-4460.53991,2029023361,3688,1
4.971616,0.002022,4.722837,-4457.82595,2028442854,3689,1
4.973632,0.002016,4.72241,-4456.96816,2028259846,3690,2
4.977671,0.004039,4.723503,-4459.16384,2028728910,3692,1
4.979687,0.002016,4.723274,-4458.70382,2028630692,3693,1
4.981709,0.002022,4.723701,-4459.5616,2028814200,3694,1
4.983725,0.002016,4.723805,-4459.77052,2028859069,3695,1
4.985748,0.002023,4.722631,-4457.41212,2028354281,3696,2
4.98978,0.004032,4.722418,-4456.98423,2028263021,3698,1
4.991802,0.002022,4.723681,-4459.52142,2028805503,3699,1
4.993818,0.002016,4.723479,-4459.11563,2028718988,3700,1
4.99584,0.002022,4.723879,-4459.91917,2028890668,3701,2
4.999872,0.004032,4.724104,-4460.37117,2028987238,3703,1
5.001895,0.002023,4.72293,-4458.01277,2028482657,3704,1
5.003911,0.002016,4.722417,-4456.98223,2028262847,3705,1
5.005933,0.002022,4.723334,-4458.82435,2028656435,3706,2
5.009972,0.004039,4.723238,-4458.6315,2028615027,3708,1
5.011988,0.002016,4.723601,-4459.36071,2028771100,3709,1
5.014004,0.002016,4.723961,-4460.0839,2028925856,3710,1
5.016026,0.002022,4.722828,-4457.80787,2028439081,3711,2
5.020064,0.004038,4.722172,-4456.49006,2028157348,3713,1
5.02208,0.002016,4.723183,-4458.52101,2028591788,3714,1
5.024096,0.002016,4.723356,-4458.86854,2028665897,3715,1
5.026119,0.002023,4.723502,-4459.16183,2028728845,3716,1
5.028135,0.002016,4.724036,-4460.23456,2028957781,3717,2
5.032173,0.004038,4.723096,-4458.34624,2028554382,3719,1
5.034189,0.002016,4.722439,-4457.02642,2028272024,3720,1
5.036211,0.002022,4.723268,-4458.69176,2028628042,3721,1
5.038228,0.002017,4.723513,-4459.18393,2028733340,3722,2
5.042266,0.004038,4.723368,-4458.89265,2028670921,3724,1
5.044282,0.002016,4.723712,-4459.58369,2028818729,3725,1
5.046304,0.002022,4.723206,-4458.56721,2028601615,3726,1
5.04832,0.002016,4.722466,-4457.08066,2028283354,3727,2
5.052359,0.004039,4.723032,-4458.21767,2028526633,3729,1
5.054375,0.002016,4.723641,-4459.44107,2028788585,3730,1
5.056397,0.002022,4.723487,-4459.1317,2028722371,3731,1
5.058413,0.002016,4.723721,-4459.60177,2028822491,3732,2
5.062452,0.004039,4.723125,-4458.4045,2028567049,3734,1
5.064468,0.002016,4.72214,-4456.42577,2028143696,3735,1
5.06649,0.002022,4.722606,-4457.3619,2028343717,3736,1
5.068506,0.002016,4.723356,-4458.86854,2028665981,3737,1
5.070528,0.002022,4.723158,-4458.47079,2028581094,3738,2
5.07456,0.004032,4.723688,-4459.53548,2028808718,3740,1
5.076583,0.002023,4.72362,-4459.39888,2028779459,3741,1
5.078599,0.002016,4.722801,-4457.75363,2028427698,3742,1
5.080621,0.002022,4.723058,-4458.2699,2028537990,3743,2
5.084659,0.004038,4.72392,-4460.00154,2028908013,3745,1
5.086676,0.002017,4.723501,-4459.15983,2028728131,3746,1
5.088692,0.002016,4.723831,-4459.82275,2028869967,3747,1
5.090714,0.002022,4.723504,-4459.16585,2028729496,3748,2
5.094752,0.004038,4.722396,-4456.94004,2028253763,3750,1
5.096768,0.002016,4.722559,-4457.26748,2028323776,3751,1
5.098791,0.002023,4.723548,-4459.25424,2028748430,3752,1
5.100807,0.002016,4.722949,-4458.05094,2028491078,3753,2
5.104845,0.004038,4.723233,-4458.62145,2028613163,3755,1
5.106861,0.002016,4.723163,-4458.48083,2028583125,3756,1
5.108884,0.002023,4.722202,-4456.55032,2028170261,3757,1
5.1109,0.002016,4.722246,-4456.63871,2028189142,3758,1
5.112922,0.002022,4.723472,-4459.10157,2028715613,3759,2
5.116954,0.004032,4.723232,-4458.61944,2028612734,3761,1
5.118976,0.002022,4.723663,-4459.48526,2028797749,3762,1
5.120992,0.002016,4.723657,-4459.47321,2028795281,3763,1
5.123015,0.002023,4.722547,-4457.24338,2028318233,3764,2
5.127047,0.004032,4.722378,-4456.90388,2028246045,3766,1
5.129069,0.002022,4.723569,-4459.29643,2028757501,3767,1
5.131085,0.002016,4.723168,-4458.49088,2028585199,3768,1
5.133108,0.002023,4.723386,-4458.92881,2028678597,3769,2
5.137146,0.004038,4.72332,-4458.79622,2028650535,3771,1
5.139162,0.002016,4.72207,-4456.28515,2028113666,3772,1
5.141178,0.002016,4.721593,-4455.32693,2027908702,3773,1
5.1432,0.002022,4.722578,-4457.30565,2028331959,3774,2
5.147239,0.004039,4.722333,-4456.81348,2028226445,3776,1
5.149255,0.002016,4.722845,-4457.84202,2028446537,3777,1
5.151271,0.002016,4.723179,-4458.51297,2028589919,3778,1
5.153293,0.002022,4.722348,-4456.84361,2028233048,3779,1
5.155309,0.002016,4.722034,-4456.21283,2028098080,3780,2
5.159348,0.004039,4.723256,-4458.66766,2028623036,3782,1
5.161364,0.002016,4.723314,-4458.78417,2028648097,3783,1
5.163386,0.002022,4.723623,-4459.40491,2028780678,3784,1
5.165402,0.002016,4.723897,-4459.95533,2028898156,3785,2
5.16944,0.004038,4.723021,-4458.19557,2028521974,3787,1
5.171463,0.002023,4.722328,-4456.80344,2028224192,3788,1
5.173479,0.002016,4.723189,-4458.53306,2028594279,3789,1
5.175495,0.002016,4.723094,-4458.34222,2028553506,3790,2
5.179533,0.004038,4.723113,-4458.38039,2028561597,3792,1
5.181556,0.002023,4.723181,-4458.51699,2028590809,3793,1
5.183572,0.002016,4.722239,-4456.62465,2028185939,3794,1
5.185588,0.002016,4.721547,-4455.23452,2027888753,3795,2
5.189626,0.004038,4.722504,-4457.157,2028300069,3797,1
5.191648,0.002022,4.722778,-4457.70742,2028417970,3798,1
5.193664,0.002016,4.72304,-4458.23374,2028530199,3799,1
5.19568,0.002016,4.723372,-4458.90068,2028673068,3800,2
5.199719,0.004039,4.722664,-4457.47841,2028368656,3802,1
5.201741,0.002022,4.721987,-4456.11842,2028077963,3803,1
5.203757,0.002016,4.722854,-4457.8601,2028450420,3804,1
5.20578,0.002023,4.723278,-4458.71185,2028632350,3805,1
5.207796,0.002016,4.723177,-4458.50896,2028588828,3806,2
5.211834,0.004038,4.723541,-4459.24018,2028745550,3808,1
5.21385,0.002016,4.722895,-4457.94246,2028467955,3809,1
5.215872,0.002022,4.721884,-4455.91151,2028033681,3810,1
5.217888,0.002016,4.722403,-4456.9541,2028256509,3811,2
5.221927,0.004039,4.722877,-4457.9063,2028460349,3813,1
5.223943,0.002016,4.722416,-4456.98022,2028262423,3814,1
5.225965,0.002022,4.722774,-4457.69939,2028415821,3815,1
5.227981,0.002016,4.722342,-4456.83156,2028230109,3816,2
5.23202,0.004039,4.721515,-4455.17024,2027875113,3818,1
5.234042,0.002022,4.72214,-4456.42577,2028143713,3819,1
5.236058,0.002016,4.723155,-4458.46476,2028579569,3820,1
5.238074,0.002016,4.72306,-4458.27392,2028538786,3821,2
5.242112,0.004038,4.723384,-4458.92479,2028678117,3823,1
5.244135,0.002023,4.723152,-4458.45874,2028578262,3824,1
5.246151,0.002016,4.722299,-4456.74518,2028211756,3825,1
5.248167,0.002016,4.722626,-4457.40208,2028352424,3826,1
5.250189,0.002022,4.723615,-4459.38884,2028777163,3827,2
5.254228,0.004039,4.723058,-4458.2699,2028538123,3829,1
5.256244,0.002016,4.723254,-4458.66364,2028621937,3830,1
5.25826,0.002016,4.722858,-4457.86813,2028452379,3831,1
5.260282,0.002022,4.721713,-4455.56799,2027960248,3832,2
5.26432,0.004038,4.72163,-4455.40126,2027924443,3834,1
5.266336,0.002016,4.722462,-4457.07262,2028282170,3835,1
5.268352,0.002016,4.722089,-4456.32332,2028121710,3836,1
5.270375,0.002023,4.722503,-4457.15499,2028299687,3837,2
5.274413,0.004038,4.72261,-4457.36994,2028345518,3839,1
5.276429,0.002016,4.721692,-4455.52581,2027951360,3840,1
5.278451,0.002022,4.721842,-4455.82713,2028015828,3841,1
5.280468,0.002017,4.723168,-4458.49088,2028585137,3842,2
5.284506,0.004038,4.722832,-4457.8159,2028440784,3844,1
5.286522,0.002016,4.723461,-4459.07947,2028710870,3845,1
5.288544,0.002022,4.723377,-4458.91073,2028674865,3846,1
5.29056,0.002016,4.722133,-4456.41171,2028140552,3847,1
5.292576,0.002016,4.721803,-4455.74879,2027999159,3848,2
5.296615,0.004039,4.722968,-4458.08911,2028499178,3850,1
5.298637,0.002022,4.72265,-4457.45029,2028362654,3851,1
5.300653,0.002016,4.723048,-4458.24981,2028533627,3852,1
5.302676,0.002023,4.723045,-4458.24379,2028532303,3853,2
5.306708,0.004032,4.721701,-4455.54389,2027954974,3855,1
5.30873,0.002022,4.721303,-4454.74436,2027784500,3856,1
5.310746,0.002016,4.722517,-4457.18311,2028305584,3857,1
5.312768,0.002022,4.72232,-4456.78737,2028221060,3858,2
5.3168,0.004032,4.722871,-4457.89425,2028457434,3860,1
5.318823,0.002023,4.72315,-4458.45472,2028577354,3861,1
5.320839,0.002016,4.722068,-4456.28114,2028112609,3862,1
5.322861,0.002022,4.721725,-4455.5921,2027965667,3863,2
5.3269,0.004039,4.722779,-4457.70943,2028418113,3865,1
5.328915,0.002015,4.722696,-4457.5427,2028382322,3866,1
5.330931,0.002016,4.72304,-4458.23374,2028530162,3867,1
5.332954,0.002023,4.723442,-4459.0413,2028703013,3868,1
5.33497,0.002016,4.722226,-4456.59853,2028180606,3869,2
5.339008,0.004038,4.721501,-4455.14211,2027869372,3871,1
5.341024,0.002016,4.72244,-4457.02843,2028272352,3872,1
5.343047,0.002023,4.722391,-4456.93,2028251305,3873,1
5.345063,0.002016,4.722426,-4457.00031,2028266577,3874,2
5.349101,0.004038,4.72275,-4457.65117,2028405506,3876,1
5.351124,0.002023,4.721696,-4455.53384,2027953159,3877,1
5.35314,0.002016,4.7212,-4454.53745,2027739768,3878,1
5.355162,0.002022,4.722362,-4456.87174,2028239042,3879,2
5.359194,0.004032,4.72277,-4457.69135,2028414019,3881,1
5.361216,0.002022,4.722811,-4457.77372,2028431886,3882,1
5.363232,0.002016,4.723235,-4458.62547,2028613791,3883,1
5.365255,0.002023,4.722639,-4457.42819,2028357842,3884,2
5.369293,0.004038,4.721695,-4455.53183,2027952474,3886,1
5.371309,0.002016,4.722236,-4456.61862,2028184906,3887,1
5.373325,0.002016,4.722622,-4457.39404,2028350602,3888,1
5.375347,0.002022,4.72242,-4456.98825,2028263942,3889,1
5.377364,0.002017,4.722755,-4457.66122,2028408009,3890,2
5.381402,0.004038,4.722198,-4456.54229,2028168398,3892,1
5.383418,0.002016,4.721131,-4454.39884,2027710388,3893,1
5.38544,0.002022,4.721484,-4455.10796,2027861837,3894,1
5.387456,0.002016,4.722138,-4456.42176,2028142840,3895,2
5.391495,0.004039,4.722032,-4456.20882,2028097095,3897,1
5.393517,0.002022,4.722525,-4457.19918,2028308879,3898,1
5.395533,0.002016,4.722267,-4456.6809,2028198429,3899,1
5.397549,0.002016,4.721377,-4454.89302,2027815912,3900,2
5.401587,0.004038,4.721851,-4455.84521,2028019560,3902,1
5.40361,0.002023,4.722789,-4457.72952,2028422436,3903,1
5.405626,0.002016,4.722552,-4457.25342,2028320832,3904,1
5.407648,0.002022,4.722903,-4457.95853,2028471502,3905,2
5.411687,0.004039,4.722689,-4457.52863,2028379543,3907,1
5.413703,0.002016,4.721722,-4455.58607,2027963880,3908,1
5.415719,0.002016,4.721863,-4455.86932,2028024649,3909,1
5.417741,0.002022,4.722951,-4458.05495,2028492133,3910,2
5.42178,0.004039,4.722641,-4457.43221,2028359034,3912,1
5.423795,0.002015,4.72288,-4457.91233,2028461710,3913,1
5.425812,0.002017,4.722633,-4457.41614,2028355606,3914,1
5.427834,0.002022,4.721411,-4454.96132,2027830504,3915,1
5.42985,0.002016,4.721293,-4454.72427,2027779669,3916,2
5.433888,0.004038,4.722258,-4456.66282,2028194119,3918,1
5.435904,0.002016,4.722018,-4456.18069,2028091241,3919,1
5.437927,0.002023,4.722564,-4457.27753,2028325672,3920,1
5.439943,0.002016,4.722758,-4457.66725,2028409221,3921,2
5.443981,0.004038,4.721901,-4455.94566,2028040950,3923,1
5.446004,0.002023,4.721838,-4455.8191,2028013855,3924,1
5.448019,0.002015,4.723181,-4458.51699,2028590566,3925,1
5.450036,0.002017,4.723005,-4458.16343,2028515324,3926,2
5.454074,0.004038,4.723325,-4458.80627,2028652686,3928,1
5.456096,0.002022,4.723316,-4458.78819,2028648750,3929,1
5.458112,0.002016,4.722141,-4456.42778,2028144087,3930,1
5.460128,0.002016,4.721801,-4455.74477,2027998272,3931,2
5.464167,0.004039,4.722828,-4457.80787,2028439336,3933,1
5.466189,0.002022,4.722362,-4456.87174,2028238953,3934,1
5.468205,0.002016,4.722527,-4457.2032,2028309936,3935,1
5.470228,0.002023,4.72259,-4457.32976,2028336934,3936,1
5.472244,0.002016,4.721427,-4454.99346,2027837686,3937,2
5.476282,0.004038,4.721051,-4454.23813,2027676223,3939,1
5.478298,0.002016,4.722384,-4456.91593,2028248621,3940,1
5.48032,0.002022,4.722307,-4456.76125,2028215363,3941,1
5.482336,0.002016,4.722745,-4457.64113,2028403398,3942,2
5.486375,0.004039,4.722997,-4458.14736,2028511714,3944,1
5.488391,0.002016,4.721998,-4456.14052,2028082530,3945,1
5.490413,0.002022,4.72149,-4455.12002,2027864721,3946,1
5.492429,0.002016,4.722572,-4457.2936,2028329367,3947,2
5.496468,0.004039,4.722566,-4457.28155,2028326526,3949,1
5.498483,0.002015,4.722758,-4457.66725,2028409208,3950,1
5.500506,0.002023,4.723075,-4458.30405,2028545443,3951,1
5.502522,0.002016,4.722174,-4456.49407,2028158114,3952,2
5.50656,0.004038,4.721456,-4455.05172,2027849911,3954,1
5.508583,0.002023,4.722281,-4456.70902,2028204400,3955,1
5.510599,0.002016,4.722407,-4456.96214,2028258341,3956,1
5.512615,0.002016,4.722339,-4456.82554,2028229106,3957,1
5.514637,0.002022,4.722387,-4456.92196,2028249885,3958,2
5.518676,0.004039,4.721817,-4455.77691,2028004894,3960,1
5.520692,0.002016,4.721275,-4454.68811,2027772193,3961,1
5.522714,0.002022,4.722096,-4456.33738,2028124801,3962,1
5.52473,0.002016,4.722655,-4457.46033,2028364942,3963,2
5.528768,0.004038,4.722785,-4457.72148,2028420495,3965,1
5.530784,0.002016,4.723117,-4458.38843,2028563176,3966,1
5.532807,0.002023,4.72252,-4457.18914,2028307056,3967,1
5.534823,0.002016,4.72169,-4455.52179,2027950618,3968,2
5.538861,0.004038,4.722531,-4457.21124,2028311495,3970,1
5.540877,0.002016,4.723109,-4458.37235,2028559920,3971,1
5.5429,0.002023,4.722874,-4457.90027,2028458693,3972,1
5.544916,0.002016,4.723107,-4458.36834,2028559264,3973,2
5.548954,0.004038,4.722615,-4457.37998,2028347483,3975,1
5.550976,0.002022,4.721512,-4455.16421,2027874177,3976,1
5.552992,0.002016,4.721717,-4455.57603,2027961910,3977,1
5.555015,0.002023,4.722267,-4456.6809,2028198450,3978,1
5.557031,0.002016,4.721927,-4455.99789,2028052280,3979,2
5.561069,0.004038,4.722418,-4456.98423,2028263356,3981,1
5.563085,0.002016,4.722305,-4456.75723,2028214583,3982,1
5.565108,0.002023,4.7214,-4454.93922,2027825765,3983,1
5.567123,0.002015,4.7217,-4455.54188,2027954706,3984,2
5.571162,0.004039,4.72284,-4457.83197,2028444381,3986,1
5.573178,0.002016,4.722645,-4457.44025,2028360387,3987,1
5.5752,0.002022,4.723018,-4458.18955,2028520803,3988,1
5.577216,0.002016,4.722912,-4457.97661,2028475364,3989,2
5.581255,0.004039,4.722072,-4456.28917,2028114275,3991,1
5.583271,0.002016,4.722217,-4456.58045,2028176820,3992,1
5.585293,0.002022,4.723197,-4458.54913,2028597362,3993,1
5.587309,0.002016,4.722755,-4457.66122,2028408014,3994,2
5.591347,0.004038,4.722889,-4457.93041,2028465162,3996,1
5.59337,0.002023,4.722615,-4457.37998,2028347457,3997,1
5.595386,0.002016,4.721358,-4454.85485,2027807732,3998,1
5.597402,0.002016,4.721188,-4454.51334,2027734920,3999,1
5.599424,0.002022,4.722459,-4457.0666,2028280879,4000,2
5.603463,0.004039,4.722208,-4456.56238,2028172818,4002,1
5.605479,0.002016,4.722681,-4457.51256,2028376039,4003,1
5.607501,0.002022,4.722927,-4458.00674,2028481713,4004,1
5.609517,0.002016,4.721949,-4456.04208,2028061739,4005,2
5.613555,0.004038,4.721863,-4455.86932,2028024754,4007,1
5.615572,0.002017,4.72312,-4458.39445,2028564550,4008,1
5.617594,0.002022,4.722778,-4457.70742,2028417819,4009,1
5.61961,0.002016,4.723115,-4458.38441,2028562446,4010,2
5.623648,0.004038,4.723193,-4458.5411,2028596037,4012,1
5.625664,0.002016,4.722021,-4456.18672,2028092602,4013,1
5.627687,0.002023,4.721714,-4455.57,2027960700,4014,1
5.629703,0.002016,4.72271,-4457.57082,2028388399,4015,2
5.633741,0.004038,4.722194,-4456.53425,2028166677,4017,1
5.635757,0.002016,4.722391,-4456.93,2028251637,4018,1
5.63778,0.002023,4.722411,-4456.97017,2028259937,4019,1
5.639796,0.002016,4.721361,-4454.86087,2027808983,4020,1
5.641818,0.002022,4.720987,-4454.10956,2027648327,4021,2
5.64585,0.004032,4.72228,-4456.70701,2028203863,4023,1
5.647872,0.002022,4.722323,-4456.79339,2028222494,4024,1
5.649888,0.002016,4.722829,-4457.80987,2028439712,4025,1
5.651911,0.002023,4.723154,-4458.46275,2028579040,4026,2
5.655943,0.004032,4.722488,-4457.12485,2028293228,4028,1
5.657965,0.002022,4.722042,-4456.2289,2028101334,4029,1
5.659981,0.002016,4.723095,-4458.34423,2028553975,4030,1
5.662004,0.002023,4.723192,-4458.53909,2028595355,4031,2
5.666036,0.004032,4.72328,-4458.71587,2028633286,4033,1
5.668058,0.002022,4.723403,-4458.96296,2028686030,4034,1
5.670074,0.002016,4.722372,-4456.89183,2028243302,4035,1
5.672096,0.002022,4.721563,-4455.26666,2027896006,4036,2
5.676128,0.004032,4.722302,-4456.75121,2028213426,4038,1
5.678151,0.002023,4.722473,-4457.09472,2028286762,4039,1
5.680167,0.002016,4.722512,-4457.17307,2028303546,4040,1
5.682189,0.002022,4.722818,-4457.78778,2028435121,4041,2
5.686228,0.004039,4.722342,-4456.83156,2028230324,4043,1
5.688244,0.002016,4.721821,-4455.78495,2028006647,4044,1
5.690259,0.002015,4.722727,-4457.60497,2028395703,4045,1
5.692282,0.002023,4.72312,-4458.39445,2028564646,4046,1
5.694298,0.002016,4.723218,-4458.59132,2028606569,4047,2
5.698336,0.004038,4.723655,-4459.46919,2028794345,4049,1
5.700352,0.002016,4.723174,-4458.50293,2028587695,4050,1
5.702375,0.002023,4.722278,-4456.70299,2028202889,4051,1
5.704391,0.002016,4.722758,-4457.66725,2028409020,4052,2
5.708429,0.004038,4.723192,-4458.53909,2028595625,4054,1
5.710452,0.002023,4.722816,-4457.78376,2028433876,4055,1
5.712468,0.002016,4.722882,-4457.91634,2028462618,4056,1
5.714484,0.002016,4.722237,-4456.62063,2028185445,4057,2
5.718522,0.004038,4.72111,-4454.35665,2027701414,4059,1
5.720544,0.002022,4.721507,-4455.15417,2027871790,4060,1
5.72256,0.002016,4.722597,-4457.34382,2028340115,4061,1
5.724576,0.002016,4.722521,-4457.19115,2028307246,4062,2
5.728615,0.004039,4.723126,-4458.4065,2028567423,4064,1
5.730637,0.002022,4.723094,-4458.34222,2028553157,4065,1
5.732653,0.002016,4.722291,-4456.72911,2028208508,4066,1
5.734669,0.002016,4.722627,-4457.40409,2028352613,4067,1
5.736692,0.002023,4.7236,-4459.3587,2028770820,4068,2
5.74073,0.004038,4.723243,-4458.64154,2028617486,4070,1
5.742746,0.002016,4.723646,-4459.45111,2028790653,4071,1
5.744762,0.002016,4.723496,-4459.14978,2028725920,4072,1
5.746784,0.002022,4.722302,-4456.75121,2028213107,4073,2
5.750823,0.004039,4.722169,-4456.48403,2028156138,4075,1
5.752839,0.002016,4.723126,-4458.4065,2028567396,4076,1
5.754855,0.002016,4.722663,-4457.4764,2028368294,4077,1
5.756877,0.002022,4.722804,-4457.75965,2028428687,4078,2
5.760916,0.004039,4.722597,-4457.34382,2028339783,4080,1
5.762932,0.002016,4.721583,-4455.30684,2027904565,4081,1
5.764954,0.002022,4.72176,-4455.66241,2027980444,4082,1
5.76697,0.002016,4.723109,-4458.37235,2028559721,4083,2
5.771008,0.004038,4.722834,-4457.81992,2028441902,4085,1
5.773024,0.002016,4.723351,-4458.8585,2028663799,4086,1
5.775047,0.002023,4.723419,-4458.9951,2028693103,4087,1
5.777063,0.002016,4.722507,-4457.16302,2028300995,4088,1
5.779085,0.002022,4.722393,-4456.93401,2028252096,4089,2
5.783117,0.004032,4.723437,-4459.03126,2028700857,4091,1
5.78514,0.002023,4.723084,-4458.32213,2028549282,4092,1
5.787155,0.002015,4.72326,-4458.67569,2028624582,4093,1
5.789178,0.002023,4.723289,-4458.73395,2028636956,4094,2
5.793216,0.004038,4.722094,-4456.33337,2028123629,4096,1
5.795232,0.002016,4.721543,-4455.22649,2027887454,4097,1
5.797248,0.002016,4.722506,-4457.16101,2028300699,4098,1
5.799271,0.002023,4.722111,-4456.36752,2028131241,4099,2
5.803309,0.004038,4.722379,-4456.90589,2028246201,4101,1
5.805325,0.002016,4.722695,-4457.54069,2028382172,4102,1
5.807347,0.002022,4.721906,-4455.9557,2028043091,4103,1
5.809364,0.002017,4.721664,-4455.46956,2027939241,4104,2
5.813402,0.004038,4.72286,-4457.87215,2028452800,4106,1
5.815418,0.002016,4.723042,-4458.23776,2028530778,4107,1
5.81744,0.002022,4.72356,-4459.27835,2028753665,4108,1
5.819456,0.002016,4.723998,-4460.15823,2028941868,4109,1
5.821479,0.002023,4.722866,-4457.8842,2028455479,4110,2
5.825511,0.004032,4.722192,-4456.53023,2028165907,4112,1
5.827533,0.002022,4.723216,-4458.5873,2028605967,4113,1
5.829549,0.002016,4.723297,-4458.75002,2028640731,4114,1
5.831571,0.002022,4.723383,-4458.92278,2028677579,4115,2
5.83561,0.004039,4.723693,-4459.54553,2028810777,4117,1
5.837626,0.002016,4.722396,-4456.94004,2028253657,4118,1
5.839642,0.002016,4.721593,-4455.32693,2027908741,4119,1
5.841664,0.002022,4.722243,-4456.63268,2028188122,4120,2
5.845703,0.004039,4.722418,-4456.98423,2028263191,4122,1
5.847719,0.002016,4.7226,-4457.34985,2028341505,4123,1
5.849741,0.002022,4.723287,-4458.72993,2028636105,4124,1
5.851757,0.002016,4.722477,-4457.10276,2028288207,4125,2
5.855796,0.004039,4.721693,-4455.52781,2027951575,4127,1
5.857811,0.002015,4.722614,-4457.37797,2028347357,4128,1
5.859834,0.002023,4.723224,-4458.60337,2028609060,4129,1
5.86185,0.002016,4.723218,-4458.59132,2028606801,4130,1
5.863866,0.002016,4.72388,-4459.92118,2028890978,4131,2
5.867904,0.004038,4.722992,-4458.13732,2028509865,4133,1
5.869927,0.002023,4.722065,-4456.27511,2028111195,4134,1
5.871943,0.002016,4.722458,-4457.06459,2028280445,4135,1
5.873965,0.002022,4.72286,-4457.87215,2028453001,4136,2
5.877997,0.004032,4.722549,-4457.24739,2028319158,4138,1
5.88002,0.002023,4.723047,-4458.24781,2028533294,4139,1
5.882036,0.002016,4.722234,-4456.61461,2028184105,4140,1
5.884058,0.002022,4.721058,-4454.25219,2027679159,4141,2
5.888096,0.004038,4.721356,-4454.85083,2027806876,4143,1
5.890112,0.002016,4.722363,-4456.87375,2028239535,4144,1
5.892128,0.002016,4.722229,-4456.60456,2028181602,4145,1
5.894151,0.002023,4.72304,-4458.23374,2028530323,4146,2
5.898189,0.004038,4.722603,-4457.35587,2028342557,4148,1
5.900205,0.002016,4.721718,-4455.57804,2027962409,4149,1
5.902221,0.002016,4.721967,-4456.07824,2028069284,4150,1
5.904243,0.002022,4.722994,-4458.14134,2028510509,4151,2
5.908279,0.004036,4.722714,-4457.57886,2028390027,4153,1
5.910301,0.002022,4.7235,-4459.15782,2028727626,4154,1
5.912317,0.002016,4.723139,-4458.43262,2028572882,4155,1
5.914333,0.002016,4.721869,-4455.88137,2028027428,4156,1
5.916356,0.002023,4.721705,-4455.55192,2027957179,4157,2
5.920394,0.004038,4.722727,-4457.60497,2028395650,4159,1
5.92241,0.002016,4.722219,-4456.58447,2028177385,4160,1
5.924426,0.002016,4.722727,-4457.60497,2028395884,4161,1
5.926448,0.002022,4.722394,-4456.93602,2028252549,4162,2
5.930971,0.004523,4.721194,-4454.5254,2027737196,4164,1
5.9325,0.001529,4.7212,-4454.53745,2027739735,4165,1
5.934522,0.002022,4.722469,-4457.08669,2028285065,4166,1
5.936538,0.002016,4.722264,-4456.67487,2028196842,4167,2
5.940576,0.004038,4.723006,-4458.16544,2028515857,4169,1
5.942599,0.002023,4.723154,-4458.46275,2028578927,4170,1
5.944615,0.002016,4.721995,-4456.13449,2028081630,4171,1
5.946631,0.002016,4.721781,-4455.70459,2027989529,4172,2
5.950669,0.004038,4.723056,-4458.26588,2028537121,4174,1
5.952692,0.002023,4.72284,-4457.83197,2028444490,4175,1
5.954708,0.002016,4.723211,-4458.57726,2028603528,4176,1
5.956724,0.002016,4.72332,-4458.79622,2028650246,4177,1
5.958746,0.002022,4.7219,-4455.94365,2028040795,4178,2
5.962784,0.004038,4.721381,-4454.90105,2027817647,4180,1
5.9648,0.002016,4.722459,-4457.0666,2028280643,4181,1
5.966816,0.002016,4.722117,-4456.37957,2028134015,4182,1
5.968839,0.002023,4.722513,-4457.17508,2028303768,4183,2
5.972877,0.004038,4.722876,-4457.90429,2028459786,4185,1
5.974893,0.002016,4.7218,-4455.74276,2027997877,4186,1
5.976916,0.002023,4.721385,-4454.90909,2027819222,4187,1
5.978932,0.002016,4.722632,-4457.41413,2028355164,4188,2
5.98297,0.004038,4.722691,-4457.53265,2028380232,4190,1
5.984986,0.002016,4.722906,-4457.96456,2028472850,4191,1
5.987008,0.002022,4.723155,-4458.46476,2028579684,4192,1
5.989024,0.002016,4.722245,-4456.6367,2028188639,4193,2
5.993063,0.004039,4.721576,-4455.29278,2027901349,4195,1
5.995079,0.002016,4.722571,-4457.29159,2028328840,4196,1
5.997101,0.002022,4.722558,-4457.26547,2028323083,4197,1
5.999117,0.002016,4.722439,-4457.02642,2028271965,4198,1
6.00114,0.002023,4.722608,-4457.36592,2028344765,4199,2
6.005172,0.004032,4.721721,-4455.58406,2027963710,4201,1
6.007194,0.002022,4.720905,-4453.94484,2027613231,4202,1
6.00921,0.002016,4.721718,-4455.57804,2027962409,4203,1
6.011232,0.002022,4.72212,-4456.3856,2028135194,4204,2
6.015264,0.004032,4.722094,-4456.33337,2028123940,4206,1
6.017287,0.002023,4.722507,-4457.16302,2028301351,4207,1
6.019303,0.002016,4.722058,-4456.26105,2028108561,4208,1
6.021325,0.002022,4.72146,-4455.05975,2027851549,4209,2
6.025364,0.004039,4.722189,-4456.52421,2028164701,4211,1
6.02738,0.002016,4.722802,-4457.75564,2028428122,4212,1
6.029396,0.002016,4.722713,-4457.57685,2028389461,4213,1
6.031418,0.002022,4.722926,-4458.00473,2028481256,4214,2
6.035456,0.004038,4.722283,-4456.71304,2028205217,4216,1
6.037472,0.002016,4.721302,-4454.74235,2027783517,4217,1
6.039488,0.002016,4.721612,-4455.3651,2027917155,4218,1
6.041511,0.002023,4.722185,-4456.51617,2028163063,4219,1
6.043527,0.002016,4.721953,-4456.05012,2028063537,4220,2
6.047565,0.004038,4.722326,-4456.79942,2028223639,4222,1
6.049588,0.002023,4.722119,-4456.38359,2028134731,4223,1
6.051604,0.002016,4.721273,-4454.68409,2027771484,4224,1
6.05362,0.002016,4.721703,-4455.5479,2027955841,4225,2
6.057658,0.004038,4.722758,-4457.66725,2028409370,4227,1
6.05968,0.002022,4.722628,-4457.40609,2028353461,4228,1
6.061696,0.002016,4.723363,-4458.8826,2028668938,4229,1
6.063712,0.002016,4.722996,-4458.14535,2028511442,4230,2
6.067751,0.004039,4.721841,-4455.82512,2028015260,4232,1
6.069773,0.002022,4.721764,-4455.67044,2027982114,4233,1
6.071789,0.002016,4.722744,-4457.63912,2028403109,4234,1
6.073812,0.002023,4.722192,-4456.53023,2028166007,4235,2
6.077844,0.004032,4.722701,-4457.55274,2028384523,4237,1
6.079866,0.002022,4.72239,-4456.92799,2028251005,4238,1
6.081882,0.002016,4.720926,-4453.98702,2027622383,4239,1
6.083904,0.002022,4.720897,-4453.92876,2027609998,4240,1
6.08592,0.002016,4.722085,-4456.31529,2028119954,4241,2
6.089959,0.004039,4.721653,-4455.44746,2027934678,4243,1
6.091975,0.002016,4.722347,-4456.84161,2028232458,4244,1
6.093997,0.002022,4.722478,-4457.10477,2028288926,4245,1
6.096013,0.002016,4.721454,-4455.0477,2027849014,4246,2
6.100051,0.004038,4.72141,-4454.95931,2027829984,4248,1
6.102068,0.002017,4.722693,-4457.53667,2028381474,4249,1
6.10409,0.002022,4.722431,-4457.01035,2028268549,4250,1
6.106106,0.002016,4.723025,-4458.20361,2028523845,4251,2
6.110144,0.004038,4.722965,-4458.08308,2028498231,4253,1
6.11216,0.002016,4.721605,-4455.35103,2027913923,4254,1
6.114183,0.002023,4.721139,-4454.41491,2027713882,4255,1
6.116199,0.002016,4.722107,-4456.35948,2028129679,4256,2
6.120237,0.004038,4.721773,-4455.68852,2027985948,4258,1
6.122253,0.002016,4.722255,-4456.65679,2028193088,4259,1
6.124276,0.002023,4.722398,-4456.94406,2028254525,4260,1
6.126292,0.002016,4.721083,-4454.30241,2027689592,4261,2
6.13033,0.004038,4.72087,-4453.87453,2027598374,4263,1
6.132346,0.002016,4.722046,-4456.23694,2028103298,4264,1
6.134368,0.002022,4.72192,-4455.98382,2028049321,4265,1
6.136384,0.002016,4.72226,-4456.66684,2028195167,4266,1
6.138407,0.002023,4.722642,-4457.43422,2028359495,4267,2
6.142439,0.004032,4.721292,-4454.72226,2027779227,4269,1
6.144461,0.002022,4.720758,-4453.64953,2027550381,4270,1
6.146477,0.002016,4.721818,-4455.77892,2028005181,4271,1
6.1485,0.002023,4.721809,-4455.76084,2028001356,4272,2
6.152538,0.004038,4.722141,-4456.42778,2028144059,4274,1
6.154554,0.002016,4.722604,-4457.35788,2028343159,4275,1
6.15657,0.002016,4.721401,-4454.94123,2027826459,4276,1
6.158592,0.002022,4.720737,-4453.60735,2027541318,4277,2
6.162631,0.004039,4.721598,-4455.33697,2027910866,4279,1
6.164647,0.002016,4.721733,-4455.60817,2027968964,4280,1
6.166663,0.002016,4.721873,-4455.88941,2028028987,4281,1
6.168685,0.002022,4.722467,-4457.08267,2028284435,4282,2
6.172723,0.004038,4.721532,-4455.20439,2027882774,4284,1
6.174743,0.00202,4.720706,-4453.54507,2027527614,4285,1
6.176759,0.002016,4.721498,-4455.13609,2027867831,4286,1
6.178775,0.002016,4.722089,-4456.32332,2028121604,4287,1
6.180797,0.002022,4.722268,-4456.68291,2028198761,4288,2
6.184835,0.004038,4.722906,-4457.96456,2028472854,4290,1
6.186851,0.002016,4.722,-4456.14453,2028083705,4291,1
6.188868,0.002017,4.72104,-4454.21603,2027671158,4292,1
6.19089,0.002022,4.721663,-4455.46755,2027938652,4293,2
6.194928,0.004038,4.722195,-4456.53626,2028167132,4295,1
6.196944,0.002016,4.721903,-4455.94967,2028041737,4296,1
6.198967,0.002023,4.72241,-4456.96816,2028259835,4297,1
6.200983,0.002016,4.721585,-4455.31086,2027905456,4298,2
6.205021,0.004038,4.720448,-4453.02679,2027416857,4300,1
6.207037,0.002016,4.720815,-4453.76404,2027574604,4301,1
6.20906,0.002023,4.721683,-4455.50773,2027947356,4302,1
6.211075,0.002015,4.721598,-4455.33697,2027910883,4303,2
6.215114,0.004039,4.72247,-4457.0887,2028285352,4305,1
6.21713,0.002016,4.721935,-4456.01396,2028055495,4306,1
6.219152,0.002022,4.720867,-4453.8685,2027596777,4307,1
6.221168,0.002016,4.721199,-4454.53544,2027739279,4308,1
6.223191,0.002023,4.722241,-4456.62867,2028186991,4309,2
6.227223,0.004032,4.722002,-4456.14855,2028084177,4311,1
6.229245,0.002022,4.72266,-4457.47038,2028367098,4312,1
6.231261,0.002016,4.722254,-4456.65478,2028192496,4313,1
6.233284,0.002023,4.720956,-4454.04729,2027635167,4314,2
6.237322,0.004038,4.721043,-4454.22206,2027672285,4316,1
6.239338,0.002016,4.722261,-4456.66884,2028195649,4317,1
6.241354,0.002016,4.721827,-4455.797,2028009138,4318,1
6.243376,0.002022,4.722403,-4456.9541,2028256397,4319,2
6.247415,0.004039,4.722133,-4456.41171,2028140672,4321,1
6.249431,0.002016,4.720882,-4453.89863,2027603291,4322,1
6.251453,0.002022,4.7209,-4453.93479,2027610869,4323,1
6.253469,0.002016,4.722086,-4456.31729,2028120229,4324,2
6.257507,0.004038,4.721731,-4455.60415,2027968101,4326,1
6.259524,0.002017,4.722504,-4457.157,2028299873,4327,1
6.261546,0.002022,4.722493,-4457.1349,2028295255,4328,1
6.263562,0.002016,4.721255,-4454.64794,2027763645,4329,1
6.265584,0.002022,4.72113,-4454.39683,2027709972,4330,2
6.269616,0.004032,4.722377,-4456.90187,2028245642,4332,1
6.271639,0.002023,4.722062,-4456.26908,2028109950,4333,1
6.273655,0.002016,4.722636,-4457.42217,2028356783,4334,1
6.275677,0.002022,4.722733,-4457.61702,2028398035,4335,2
6.279716,0.004039,4.721584,-4455.30885,2027904952,4337,1
6.281732,0.002016,4.721094,-4454.32451,2027694507,4338,1
6.283748,0.002016,4.722112,-4456.36952,2028131466,4339,1
6.28577,0.002022,4.721854,-4455.85124,2028021041,4340,2
6.289808,0.004038,4.722239,-4456.62465,2028186253,4342,1
6.291824,0.002016,4.722411,-4456.97017,2028259983,4343,1
6.29384,0.002016,4.721206,-4454.5495,2027742344,4344,1
6.295863,0.002023,4.720765,-4453.6636,2027553294,4345,2
6.299901,0.004038,4.721958,-4456.06016,2028065611,4347,1
6.301917,0.002016,4.722093,-4456.33136,2028123201,4348,1
6.30394,0.002023,4.722556,-4457.26146,2028322254,4349,1
6.305956,0.002016,4.722985,-4458.12326,2028506640,4350,1
6.307972,0.002016,4.721838,-4455.8191,2028013898,4351,2
6.31201,0.004038,4.721404,-4454.94725,2027827435,4353,1
6.314032,0.002022,4.722461,-4457.07062,2028281388,4354,1
6.316048,0.002016,4.722515,-4457.17909,2028304947,4355,1
6.318064,0.002016,4.722782,-4457.71546,2028419187,4356,2
6.322103,0.004039,4.723185,-4458.52503,2028592309,4358,1
6.324125,0.002022,4.722052,-4456.24899,2028105958,4359,1
6.326141,0.002016,4.721317,-4454.77248,2027790259,4360,1
6.328164,0.002023,4.722089,-4456.32332,2028121748,4361,2
6.332196,0.004032,4.72228,-4456.70701,2028203964,4363,1
6.334218,0.002022,4.722368,-4456.88379,2028241812,4364,1
6.336234,0.002016,4.723106,-4458.36633,2028558909,4365,1
6.338256,0.002022,4.722173,-4456.49207,2028157825,4366,2
6.342295,0.004039,4.721265,-4454.66802,2027768057,4368,1
6.344311,0.002016,4.722162,-4456.46997,2028153296,4369,1
6.346327,0.002016,4.722829,-4457.80987,2028439520,4370,1
6.348349,0.002022,4.722835,-4457.82193,2028442039,4371,2
6.352387,0.004038,4.723442,-4459.0413,2028702730,4373,1
6.354404,0.002017,4.722817,-4457.78577,2028434398,4374,1
6.35642,0.002016,4.721904,-4455.95168,2028042464,4375,1
6.358442,0.002022,4.722487,-4457.12285,2028292552,4376,1
6.360458,0.002016,4.723159,-4458.4728,2028581192,4377,2
6.364496,0.004038,4.722938,-4458.02884,2028486402,4379,1
6.366512,0.002016,4.723185,-4458.52503,2028592377,4380,1
6.368535,0.002023,4.722762,-4457.67528,2028410661,4381,1
6.370551,0.002016,4.721732,-4455.60616,2027968523,4382,2
6.374589,0.004038,4.721973,-4456.09029,2028072058,4384,1
6.376605,0.002016,4.722804,-4457.75965,2028428933,4385,1
6.378628,0.002023,4.722726,-4457.60296,2028395394,4386,1
6.380644,0.002016,4.723286,-4458.72792,2028635806,4387,2
6.384682,0.004038,4.722971,-4458.09513,2028500608,4389,1
6.386698,0.002016,4.722039,-4456.22288,2028100175,4390,1
6.38872,0.002022,4.722393,-4456.93401,2028252183,4391,1
6.390736,0.002016,4.723415,-4458.98706,2028691475,4392,2
6.394775,0.004039,4.723019,-4458.19156,2028520902,4394,1
6.396791,0.002016,4.723291,-4458.73797,2028638119,4395,1
6.398813,0.002022,4.723148,-4458.4507,2028576477,4396,1
6.400829,0.002016,4.722063,-4456.27109,2028110576,4397,1
6.402851,0.002022,4.722066,-4456.27712,2028111996,4398,2
6.406883,0.004032,4.723165,-4458.48485,2028583895,4400,1
6.408906,0.002023,4.72297,-4458.09312,2028500254,4401,1
6.410922,0.002016,4.723399,-4458.95492,2028684581,4402,1
6.412944,0.002022,4.723395,-4458.94689,2028682889,4403,2
6.416976,0.004032,4.722302,-4456.75121,2028213484,4405,1
6.418999,0.002023,4.722023,-4456.19074,2028093198,4406,1
6.421015,0.002016,4.723228,-4458.61141,2028611138,4407,1
6.423037,0.002022,4.722924,-4458.00072,2028480529,4408,2
6.427075,0.004038,4.723135,-4458.42458,2028570718,4410,1
6.429092,0.002017,4.723088,-4458.33017,2028550923,4411,1
6.431107,0.002015,4.722037,-4456.21886,2028099394,4412,1
6.43313,0.002023,4.72172,-4455.58205,2027963408,4413,2
6.437162,0.004032,4.72295,-4458.05295,2028491394,4415,1
6.439184,0.002022,4.722658,-4457.46636,2028366310,4416,1
6.4412,0.002016,4.722879,-4457.91032,2028461283,4417,1
6.443223,0.002023,4.723053,-4458.25986,2028535779,4418,1
6.445239,0.002016,4.722146,-4456.43783,2028146160,4419,2
6.449277,0.004038,4.72173,-4455.60214,2027967429,4421,1
6.451293,0.002016,4.722899,-4457.95049,2028469348,4422,1
6.453316,0.002023,4.722728,-4457.60698,2028396471,4423,1
6.455331,0.002015,4.723023,-4458.19959,2028522856,4424,2
6.45937,0.004039,4.723327,-4458.81028,2028653262,4426,1
6.461386,0.002016,4.722365,-4456.87777,2028240207,4427,1
6.463408,0.002022,4.721972,-4456.08829,2028071857,4428,1
6.465424,0.002016,4.723208,-4458.57123,2028602576,4429,2
6.469463,0.004039,4.72327,-4458.69578,2028628945,4431,1
6.471479,0.002016,4.723473,-4459.10358,2028715999,4432,1
6.473501,0.002022,4.723787,-4459.73436,2028850930,4433,1
6.475517,0.002016,4.722855,-4457.8621,2028450505,4434,2
6.479556,0.004039,4.722259,-4456.66483,2028194751,4436,1
6.481572,0.002016,4.723253,-4458.66163,2028621835,4437,1
6.483594,0.002022,4.723325,-4458.80627,2028652657,4438,1
6.48561,0.002016,4.723258,-4458.67167,2028623915,4439,1
6.487632,0.002022,4.723531,-4459.22009,2028741077,4440,2
6.491664,0.004032,4.72277,-4457.69135,2028414285,4442,1
6.493687,0.002023,4.722119,-4456.38359,2028134844,4443,1
6.495703,0.002016,4.723055,-4458.26388,2028536859,4444,1
6.497725,0.002022,4.723486,-4459.12969,2028721603,4445,2
6.501764,0.004039,4.723426,-4459.00916,2028696013,4447,1
6.50378,0.002016,4.723723,-4459.60579,2028823707,4448,1
6.505796,0.002016,4.72309,-4458.33419,2028551787,4449,1
6.507818,0.002022,4.722218,-4456.58246,2028176947,4450,2
6.51185,0.004032,4.722924,-4458.00072,2028480233,4452,1
6.513872,0.002022,4.72347,-4459.09755,2028714948,4453,1
6.515888,0.002016,4.723348,-4458.85247,2028662524,4454,1
6.517911,0.002023,4.723684,-4459.52745,2028806777,4455,2
6.521949,0.004038,4.723221,-4458.59735,2028607984,4457,1
6.523965,0.002016,4.722247,-4456.64072,2028189474,4458,1
6.525981,0.002016,4.722581,-4457.31168,2028333210,4459,1
6.528004,0.002023,4.723249,-4458.65359,2028620262,4460,1
6.53002,0.002016,4.722918,-4457.98866,2028477522,4461,2
6.534058,0.004038,4.723268,-4458.69176,2028628072,4463,1
6.536074,0.002016,4.723002,-4458.15741,2028513998,4464,1
6.538096,0.002022,4.722179,-4456.50412,2028160657,4465,1
6.540112,0.002016,4.722638,-4457.42618,2028357608,4466,2
6.544151,0.004039,4.723568,-4459.29442,2028757093,4468,1
6.546173,0.002022,4.723286,-4458.72792,2028635761,4469,1
6.548189,0.002016,4.723634,-4459.427,2028785560,4470,1
6.550205,0.002016,4.723394,-4458.94488,2028682309,4471,2
6.554243,0.004038,4.722384,-4456.91593,2028248490,4473,1
6.556266,0.002023,4.722543,-4457.23534,2028316719,4474,1
6.558282,0.002016,4.723654,-4459.46718,2028793874,4475,1
6.560298,0.002016,4.723244,-4458.64355,2028618029,4476,2
6.564336,0.004038,4.723468,-4459.09353,2028713992,4478,1
6.566359,0.002023,4.723357,-4458.87055,2028666287,4479,1
6.568375,0.002016,4.722284,-4456.71505,2028205407,4480,1
6.570391,0.002016,4.722196,-4456.53827,2028167645,4481,2
6.574429,0.004038,4.723327,-4458.81028,2028653304,4483,1
6.576452,0.002023,4.723017,-4458.18754,2028520190,4484,1
6.578467,0.002015,4.723549,-4459.25625,2028748999,4485,1
6.580484,0.002017,4.7237,-4459.55959,2028813483,4486,1
6.582506,0.002022,4.722567,-4457.28355,2028327114,4487,2
6.586544,0.004038,4.722393,-4456.93401,2028252281,4489,1
6.58856,0.002016,4.723574,-4459.30647,2028759714,4490,1
6.590583,0.002023,4.723182,-4458.519,2028591113,4491,1
6.592599,0.002016,4.723546,-4459.25022,2028747371,4492,2
6.596637,0.004038,4.723682,-4459.52343,2028805886,4494,1
6.598653,0.002016,4.722592,-4457.33378,2028337862,4495,1
6.600676,0.002023,4.722322,-4456.79138,2028221763,4496,1
6.602692,0.002016,4.723503,-4459.16384,2028729021,4497,2
6.60673,0.004038,4.723236,-4458.62748,2028614474,4499,1
6.608746,0.002016,4.723469,-4459.09554,2028714504,4500,1
6.610768,0.002022,4.72352,-4459.19799,2028736411,4501,1
6.612784,0.002016,4.722557,-4457.26347,2028322579,4502,2
6.616823,0.004039,4.722071,-4456.28716,2028114142,4504,1
6.618839,0.002016,4.723171,-4458.4969,2028586322,4505,1
6.620861,0.002022,4.723042,-4458.23776,2028530963,4506,1
6.622877,0.002016,4.723453,-4459.0634,2028707751,4507,1
6.6249,0.002023,4.723738,-4459.63592,2028830017,4508,2
6.628932,0.004032,4.722812,-4457.77572,2028432438,4510,1
6.630954,0.002022,4.722276,-4456.69898,2028202006,4511,1
6.63297,0.002016,4.723273,-4458.70181,2028630469,4512,1
6.634992,0.002022,4.723295,-4458.746,2028639889,4513,2
6.639031,0.004039,4.723529,-4459.21607,2028740110,4515,1
6.641047,0.002016,4.723733,-4459.62588,2028827660,4516,1
6.643063,0.002016,4.722852,-4457.85608,2028449570,4517,1
6.645085,0.002022,4.722314,-4456.77531,2028218448,4518,2
6.649124,0.004039,4.723343,-4458.84243,2028660358,4520,1
6.65114,0.002016,4.723519,-4459.19599,2028735941,4521,1
6.653162,0.002022,4.723369,-4458.89466,2028671320,4522,1
6.655178,0.002016,4.723606,-4459.37076,2028773267,4523,2
6.659216,0.004038,4.722831,-4457.81389,2028440635,4525,1
6.661232,0.002016,4.722024,-4456.19275,2028093546,4526,1
6.663255,0.002023,4.722834,-4457.81992,2028441629,4527,1
6.665271,0.002016,4.723299,-4458.75404,2028641230,4528,1
6.667293,0.002022,4.723323,-4458.80225,2028651749,4529,2
6.671332,0.004039,4.723774,-4459.70824,2028845246,4531,1
6.673348,0.002016,4.723177,-4458.50896,2028588949,4532,1
6.675364,0.002016,4.722244,-4456.63469,2028188324,4533,1
6.677386,0.002022,4.722887,-4457.92639,2028464223,4534,2
6.681424,0.004038,4.723534,-4459.22612,2028742285,4536,1
6.68344,0.002016,4.723346,-4458.84845,2028661525,4537,1
6.685463,0.002023,4.723645,-4459.4491,2028790135,4538,1
6.687479,0.002016,4.723263,-4458.68172,2028625967,4539,2
6.691517,0.004038,4.722248,-4456.64273,2028189946,4541,1
6.693533,0.002016,4.722466,-4457.08066,2028283655,4542,1
6.695556,0.002023,4.723149,-4458.45271,2028577156,4543,1
6.697572,0.002016,4.722796,-4457.74358,2028425371,4544,2
6.70161,0.004038,4.723086,-4458.32615,2028550113,4546,1
6.703626,0.002016,4.72286,-4457.87215,2028452973,4547,1
6.705648,0.002022,4.721946,-4456.03605,2028060342,4548,1
6.707664,0.002016,4.722343,-4456.83357,2028231221,4549,1
6.70968,0.002016,4.723564,-4459.28638,2028755352,4550,2
6.713719,0.004039,4.723332,-4458.82033,2028655887,4552,1
6.715741,0.002022,4.723638,-4459.43504,2028786862,4553,1
6.717757,0.002016,4.723471,-4459.09956,2028715163,4554,1
6.71978,0.002023,4.72256,-4457.26949,2028324205,4555,2
6.723811,0.004031,4.722783,-4457.71747,2028420024,4557,1
6.725834,0.002023,4.723955,-4460.07185,2028923140,4558,1
6.72785,0.002016,4.723558,-4459.27433,2028752938,4559,1
6.729872,0.002022,4.723975,-4460.11202,2028931901,4560,2
6.733911,0.004039,4.723924,-4460.00957,2028909639,4562,1
6.735927,0.002016,4.722768,-4457.68733,2028413508,4563,1
6.737949,0.002022,4.722569,-4457.28757,2028327737,4564,1
6.739965,0.002016,4.723621,-4459.40089,2028779781,4565,2
6.744003,0.004038,4.72322,-4458.59534,2028607545,4567,1
6.74602,0.002017,4.723577,-4459.3125,2028760540,4568,1
6.748042,0.002022,4.723674,-4459.50736,2028802659,4569,1
6.750058,0.002016,4.722683,-4457.51658,2028376994,4570,1
6.75208,0.002022,4.72257,-4457.28958,2028328292,4571,2
6.756112,0.004032,4.723938,-4460.0377,2028916145,4573,1
6.758135,0.002023,4.723641,-4459.44107,2028788480,4574,1
6.760151,0.002016,4.724247,-4460.65843,2029048770,4575,1
6.762173,0.002022,4.724429,-4461.02404,2029126766,4576,2
6.766205,0.004032,4.723029,-4458.21165,2028525593,4578,1
6.768228,0.002023,4.722696,-4457.5427,2028382754,4579,1
6.770243,0.002015,4.723879,-4459.91917,2028890489,4580,1
6.772266,0.002023,4.723597,-4459.35268,2028769580,4581,2
6.776304,0.004038,4.723892,-4459.94529,2028895972,4583,1
6.77832,0.002016,4.724083,-4460.32898,2028977992,4584,1
6.780343,0.002023,4.722868,-4457.88822,2028456489,4585,1
6.782359,0.002016,4.722325,-4456.79741,2028223319,4586,2
6.786397,0.004038,4.723391,-4458.93885,2028681111,4588,1
6.788413,0.002016,4.723281,-4458.71788,2028633789,4589,1
6.790436,0.002023,4.723681,-4459.52142,2028805696,4590,1
6.792452,0.002016,4.724237,-4460.63834,2029044573,4591,1
6.794467,0.002015,4.723254,-4458.66364,2028622158,4592,2
6.798506,0.004039,4.722696,-4457.5427,2028382424,4594,1
6.800528,0.002022,4.723765,-4459.69016,2028841690,4595,1
6.802544,0.002016,4.724018,-4460.1984,2028950296,4596,1
6.804567,0.002023,4.724257,-4460.67852,2029052972,4597,2
6.808605,0.004038,4.724668,-4461.50416,2029229481,4599,1
6.810621,0.002016,4.72369,-4459.5395,2028809478,4600,1
6.812637,0.002016,4.722992,-4458.13732,2028509751,4601,1
6.814659,0.002022,4.723856,-4459.87297,2028880820,4602,2
6.818695,0.004036,4.724169,-4460.50174,2029015155,4604,1
6.820717,0.002022,4.724259,-4460.68254,2029053914,4605,1
6.822733,0.002016,4.724862,-4461.89388,2029312733,4606,1
6.824756,0.002023,4.724017,-4460.1964,2028949601,4607,2
6.828788,0.004032,4.723208,-4458.57123,2028602553,4609,1
6.83081,0.002022,4.723969,-4460.09997,2028929210,4610,1
6.832826,0.002016,4.724412,-4460.98989,2029119759,4611,1
6.834848,0.002022,4.724322,-4460.8091,2029081114,4612,2
6.83888,0.004032,4.724925,-4462.02044,2029339589,4614,1
6.840903,0.002023,4.72408,-4460.32295,2028976880,4615,1
6.842919,0.002016,4.723146,-4458.44668,2028576023,4616,1
6.844941,0.002022,4.723817,-4459.79462,2028863985,4617,1
6.846957,0.002016,4.724544,-4461.25506,2029175999,4618,2
6.850996,0.004039,4.724263,-4460.69057,2029055316,4620,1
6.853012,0.002016,4.724896,-4461.96218,2029327172,4621,1
6.855034,0.002022,4.724307,-4460.77896,2029074313,4622,1
6.85705,0.002016,4.723234,-4458.62346,2028613696,4623,2
6.861088,0.004038,4.723696,-4459.55155,2028812184,4625,1
6.863111,0.002023,4.724601,-4461.36957,2029200666,4626,1
6.865127,0.002016,4.724254,-4460.67249,2029051529,4627,1
6.867149,0.002022,4.724949,-4462.06865,2029350052,4628,2
6.871181,0.004032,4.724732,-4461.63273,2029256800,4630,1
6.873204,0.002023,4.723699,-4459.55758,2028813171,4631,1
6.87522,0.002016,4.723756,-4459.67208,2028837751,4632,1
6.877242,0.002022,4.724654,-4461.47604,2029223335,4633,2
6.88128,0.004038,4.724264,-4460.69258,2029055706,4635,1
6.883296,0.002016,4.724872,-4461.91397,2029317155,4636,1
6.885312,0.002016,4.724517,-4461.20082,2029164513,4637,1
6.887335,0.002023,4.723376,-4458.90872,2028674604,4638,1
6.889351,0.002016,4.723475,-4459.1076,2028717272,4639,2
6.893389,0.004038,4.724571,-4461.3093,2029187935,4641,1
6.895412,0.002023,4.724408,-4460.98186,2029117808,4642,1
6.897428,0.002016,4.725148,-4462.46841,2029435770,4643,1
6.899444,0.002016,4.725145,-4462.46238,2029434482,4644,2
6.903482,0.004038,4.724072,-4460.30688,2028973430,4646,1
6.905504,0.002022,4.723944,-4460.04975,2028918628,4647,1
6.90752,0.002016,4.725089,-4462.34989,2029410206,4648,1
6.909543,0.002023,4.724726,-4461.62067,2029254349,4649,2
6.913575,0.004032,4.725368,-4462.91036,2029529988,4651,1
6.915597,0.002022,4.725341,-4462.85612,2029518746,4652,1
6.917613,0.002016,4.72399,-4460.14216,2028938351,4653,1
6.919636,0.002023,4.723692,-4459.54352,2028810330,4654,2
6.923674,0.004038,4.724834,-4461.83763,2029300669,4656,1
6.92569,0.002016,4.724376,-4460.91757,2029103870,4657,1
6.927706,0.002016,4.72469,-4461.54836,2029238964,4658,1
6.929728,0.002022,4.724794,-4461.75728,2029283710,4659,1
6.931744,0.002016,4.723525,-4459.20804,2028738328,4660,2
6.935783,0.004039,4.723221,-4458.59735,2028607974,4662,1
6.937805,0.002022,4.724377,-4460.91958,2029104455,4663,1
6.940305,0.0025,4.72437,-4460.90552,2029101186,4664,1
6.94184,0.001535,4.724942,-4462.05459,2029346980,4665,2
6.945879,0.004039,4.725445,-4463.06504,2029563304,4667,1
6.947895,0.002016,4.724327,-4460.81914,2029083112,4668,1
6.949917,0.002022,4.723763,-4459.68615,2028840933,4669,1
6.951933,0.002016,4.72486,-4461.88986,2029311990,4670,2
6.955972,0.004039,4.724831,-4461.8316,2029299318,4672,1
6.957994,0.002022,4.725051,-4462.27355,2029394062,4673,1
6.96001,0.002016,4.725266,-4462.70546,2029486357,4674,1
6.962026,0.002016,4.724041,-4460.24461,2028960084,4675,2
6.966064,0.004038,4.723347,-4458.85046,2028661950,4677,1
6.968087,0.002023,4.724199,-4460.56201,2029028281,4678,1
6.970103,0.002016,4.724245,-4460.65441,2029047662,4679,1
6.972125,0.002022,4.724395,-4460.95574,2029112228,4680,1
6.974141,0.002016,4.724976,-4462.12289,2029361617,4681,2
6.97818,0.004039,4.724057,-4460.27675,2028967171,4683,1
6.980196,0.002016,4.723491,-4459.13974,2028723960,4684,1
6.982218,0.002022,4.724573,-4461.31332,2029188584,4685,1
6.984234,0.002016,4.7251,-4462.37199,2029414799,4686,2
6.988272,0.004038,4.725325,-4462.82398,2029511675,4688,1
6.990288,0.002016,4.72591,-4463.99916,2029762849,4689,1
6.992311,0.002023,4.7249,-4461.97022,2029329175,4690,1
6.994327,0.002016,4.723956,-4460.07386,2028923565,4691,2
6.998365,0.004038,4.724517,-4461.20082,2029164774,4693,1
7.000388,0.002023,4.72499,-4462.15101,2029367814,4694,1
7.002403,0.002015,4.724664,-4461.49613,2029227815,4695,1
7.00442,0.002017,4.725153,-4462.47846,2029437991,4696,2
7.008458,0.004038,4.724296,-4460.75687,2029069524,4698,1
7.01048,0.002022,4.723233,-4458.62145,2028613303,4699,1
7.012496,0.002016,4.723753,-4459.66606,2028836525,4700,1
7.014519,0.002023,4.724559,-4461.2852,2029182509,4701,1
7.016535,0.002016,4.724361,-4460.88744,2029097736,4702,2
7.020573,0.004038,4.725071,-4462.31373,2029402573,4704,1
7.022595,0.002022,4.724611,-4461.38966,2029204918,4705,1
7.024612,0.002017,4.723731,-4459.62186,2028827114,4706,1
7.026628,0.002016,4.724259,-4460.68254,2029053861,4707,2
7.030666,0.004038,4.72526,-4462.6934,2029483916,4709,1
7.032688,0.002022,4.724914,-4461.99834,2029335085,4710,1
7.034704,0.002016,4.725522,-4463.21972,2029596127,4711,1
7.036727,0.002023,4.725225,-4462.62309,2029468628,4712,2
7.040759,0.004032,4.724077,-4460.31693,2028975762,4714,1
7.042781,0.002022,4.724071,-4460.30487,2028972836,4715,1
7.044797,0.002016,4.72498,-4462.13092,2029363686,4716,1
7.046819,0.002022,4.724608,-4461.38363,2029203675,4717,2
7.050858,0.004039,4.724944,-4462.0586,2029348102,4719,1
7.052874,0.002016,4.724618,-4461.40372,2029208097,4720,1
7.054896,0.002022,4.723477,-4459.11161,2028717882,4721,1
7.056912,0.002016,4.723466,-4459.08952,2028713142,4722,1
7.058928,0.002016,4.724698,-4461.56443,2029242202,4723,2
7.062967,0.004039,4.724583,-4461.33341,2029192940,4725,1
7.064989,0.002022,4.725365,-4462.90433,2029528840,4726,1
7.067005,0.002016,4.725489,-4463.15343,2029582112,4727,1
7.069028,0.002023,4.724427,-4461.02003,2029125965,4728,2
7.073066,0.004038,4.724294,-4460.75285,2029068971,4730,1
7.075082,0.002016,4.725648,-4463.47284,2029650414,4731,1
7.077098,0.002016,4.72526,-4462.6934,2029483627,4732,1
7.07912,0.002022,4.725702,-4463.58132,2029673578,4733,2
7.083159,0.004039,4.725679,-4463.53511,2029663707,4735,1
7.085175,0.002016,4.724385,-4460.93565,2029107785,4736,1
7.087197,0.002022,4.724012,-4460.18635,2028947686,4737,1
7.089213,0.002016,4.725013,-4462.19722,2029377773,4738,2
7.093252,0.004039,4.724698,-4461.56443,2029242300,4740,1
7.095268,0.002016,4.725263,-4462.69943,2029484750,4741,1
7.09729,0.002022,4.725429,-4463.0329,2029556189,4742,1
7.099306,0.002016,4.724261,-4460.68656,2029054646,4743,2
7.103344,0.004038,4.723843,-4459.84685,2028875185,4745,1
7.105367,0.002023,4.725001,-4462.17311,2029372525,4746,1
7.107383,0.002016,4.724963,-4462.09677,2029355987,4747,1
7.109399,0.002016,4.725414,-4463.00277,2029549672,4748,1
7.111421,0.002022,4.725912,-4464.00318,2029763530,4749,2
7.115459,0.004038,4.72482,-4461.80951,2029294717,4751,1
7.117475,0.002016,4.724362,-4460.88945,2029098072,4752,1
7.119498,0.002023,4.725447,-4463.06906,2029564145,4753,1
7.121514,0.002016,4.725413,-4463.00076,2029549407,4754,2
7.125552,0.004038,4.725608,-4463.39249,2029633134,4756,1
7.127568,0.002016,4.725905,-4463.98912,2029761083,4757,1
7.129591,0.002023,4.724871,-4461.91196,2029316528,4758,1
7.131607,0.002016,4.724136,-4460.43545,2029001188,4759,2
7.135645,0.004038,4.725074,-4462.31976,2029403631,4761,1
7.137668,0.002023,4.72532,-4462.81393,2029509550,4762,1
7.139684,0.002016,4.725446,-4463.06705,2029563597,4763,1
7.141699,0.002015,4.725913,-4464.00519,2029764062,4764,2
7.145738,0.004039,4.724947,-4462.06463,2029348986,4766,1
7.14776,0.002022,4.724215,-4460.59415,2029034581,4767,1
7.149776,0.002016,4.724952,-4462.07468,2029351241,4768,1
7.151792,0.002016,4.725328,-4462.83001,2029513137,4769,1
7.153815,0.002023,4.725493,-4463.16147,2029583715,4770,2
7.157853,0.004038,4.72605,-4464.2804,2029823014,4772,1
7.159869,0.002016,4.72525,-4462.67331,2029479321,4773,1
7.161891,0.002022,4.724403,-4460.97181,2029115520,4774,1
7.163908,0.002017,4.724837,-4461.84366,2029302084,4775,2
7.167946,0.004038,4.725393,-4462.96058,2029540941,4777,1
7.169962,0.002016,4.725287,-4462.74764,2029495177,4778,1
7.171984,0.002022,4.725936,-4464.05139,2029773923,4779,1
7.174,0.002016,4.725236,-4462.64519,2029473660,4780,2
7.178039,0.004039,4.724189,-4460.54192,2029023883,4782,1
7.180061,0.002022,4.724658,-4461.48407,2029224947,4783,1
7.182077,0.002016,4.725538,-4463.25187,2029603117,4784,1
7.184099,0.002022,4.725303,-4462.77978,2029502139,4785,2
7.188131,0.004032,4.725886,-4463.95095,2029752797,4787,1
7.190154,0.002023,4.725403,-4462.98067,2029545035,4788,1
7.19217,0.002016,4.724254,-4460.67249,2029051839,4789,1
7.194192,0.002022,4.724625,-4461.41778,2029210868,4790,1
7.196208,0.002016,4.725753,-4463.68377,2029695399,4791,2
7.200247,0.004039,4.725438,-4463.05098,2029560092,4793,1
7.202269,0.002022,4.725979,-4464.13777,2029792658,4794,1
7.204285,0.002016,4.725717,-4463.61145,2029679893,4795,1
7.206301,0.002016,4.724508,-4461.18274,2029160930,4796,2
7.210339,0.004038,4.724563,-4461.29323,2029184201,4798,1
7.212362,0.002023,4.725764,-4463.70587,2029700077,4799,1
7.214378,0.002016,4.725557,-4463.29003,2029611125,4800,1
7.2164,0.002022,4.726139,-4464.45919,2029861036,4801,2
7.220432,0.004032,4.725972,-4464.12371,2029789492,4803,1
7.222455,0.002023,4.724817,-4461.80348,2029293326,4804,1
7.224471,0.002016,4.724761,-4461.69098,2029269315,4805,1
7.226493,0.002022,4.725943,-4464.06545,2029776853,4806,2
7.230532,0.004039,4.725596,-4463.36838,2029628026,4808,1
7.232548,0.002016,4.7262,-4464.58173,2029887548,4809,1
7.23457,0.002022,4.726252,-4464.68619,2029909887,4810,1
7.236586,0.002016,4.725039,-4462.24945,2029388809,4811,1
7.238608,0.002022,4.724995,-4462.16106,2029369736,4812,2
7.24264,0.004032,4.726253,-4464.6882,2029910209,4814,1
7.244663,0.002023,4.725866,-4463.91077,2029743887,4815,1
7.246679,0.002016,4.726352,-4464.88707,2029952947,4816,1
7.248701,0.002022,4.726289,-4464.76052,2029925490,4817,2
7.25274,0.004039,4.724981,-4462.13293,2029363923,4819,1
7.254756,0.002016,4.72468,-4461.52827,2029234572,4820,1
7.256772,0.002016,4.725957,-4464.09358,2029783304,4821,1
7.258794,0.002022,4.725742,-4463.66167,2029690683,4822,2
7.262832,0.004038,4.726252,-4464.68619,2029909738,4824,1
7.264848,0.002016,4.726617,-4465.41942,2030066393,4825,1
7.266871,0.002023,4.725476,-4463.12732,2029576530,4826,1
7.268887,0.002016,4.724986,-4462.14298,2029365926,4827,2
7.272925,0.004038,4.726023,-4464.22616,2029811144,4829,1
7.274941,0.002016,4.725926,-4464.0313,2029769871,4830,1
7.276964,0.002023,4.726268,-4464.71833,2029916673,4831,1
7.278979,0.002015,4.726622,-4465.42947,2030068748,4832,1
7.281002,0.002023,4.725528,-4463.23178,2029599009,4833,2
7.285034,0.004032,4.724839,-4461.84768,2029303034,4835,1
7.287056,0.002022,4.725721,-4463.61949,2029681956,4836,1
7.289072,0.002016,4.725872,-4463.92282,2029746562,4837,1
7.291095,0.002023,4.726,-4464.17996,2029801439,4838,2
7.295133,0.004038,4.726331,-4464.84489,2029943629,4840,1
7.297149,0.002016,4.72549,-4463.15544,2029582371,4841,1
7.299165,0.002016,4.724828,-4461.82558,2029298321,4842,1
7.301188,0.002023,4.725832,-4463.84247,2029729393,4843,2
7.305226,0.004038,4.726059,-4464.29848,2029827010,4845,1
7.307242,0.002016,4.726074,-4464.32861,2029833285,4846,1
7.309264,0.002022,4.726581,-4465.3471,2030051102,4847,1
7.31128,0.002016,4.725836,-4463.8505,2029730993,4848,2
7.315319,0.004039,4.725059,-4462.28962,2029397415,4850,1
7.317335,0.002016,4.725833,-4463.84448,2029729931,4851,1
7.319357,0.002022,4.726519,-4465.22255,2030024566,4852,1
7.321373,0.002016,4.7266,-4465.38527,2030059166,4853,1
7.323396,0.002023,4.72709,-4466.36961,2030269834,4854,2
7.327428,0.004032,4.726346,-4464.87502,2029950150,4856,1
7.32945,0.002022,4.725279,-4462.73157,2029491660,4857,1
7.331466,0.002016,4.725717,-4463.61145,2029680052,4858,1
7.333488,0.002022,4.726301,-4464.78462,2029930909,4859,2
7.33752,0.004032,4.726018,-4464.21612,2029809391,4861,1
7.339543,0.002023,4.726519,-4465.22255,2030024223,4862,1
7.341559,0.002016,4.726018,-4464.21612,2029809087,4863,1
7.343581,0.002022,4.725021,-4462.21329,2029381046,4864,2
7.34762,0.004039,4.725384,-4462.9425,2029536813,4866,1
7.349636,0.002016,4.726083,-4464.34669,2029837110,4867,1
7.351651,0.002015,4.725877,-4463.93287,2029748617,4868,1
7.353674,0.002023,4.726575,-4465.33505,2030048678,4869,2
7.357712,0.004038,4.726327,-4464.83685,2029941962,4871,1
7.359728,0.002016,4.725241,-4462.65524,2029475699,4872,1
7.361751,0.002023,4.725465,-4463.10522,2029571550,4873,1
7.363767,0.002016,4.726424,-4465.03171,2029983495,4874,2
7.367805,0.004038,4.72608,-4464.34067,2029836130,4876,1
7.369821,0.002016,4.726519,-4465.22255,2030024551,4877,1
7.371844,0.002023,4.726154,-4464.48932,2029867804,4878,1
7.37386,0.002016,4.725063,-4462.29766,2029399294,4879,1
7.375882,0.002022,4.725158,-4462.4885,2029439905,4880,2
7.37992,0.004038,4.726325,-4464.83283,2029941259,4882,1
7.381936,0.002016,4.726102,-4464.38486,2029845553,4883,1
7.383952,0.002016,4.726646,-4465.47768,2030079244,4884,1
7.385975,0.002023,4.726713,-4465.61227,2030107726,4885,2
7.390013,0.004038,4.725402,-4462.97866,2029544655,4887,1
7.392029,0.002016,4.725204,-4462.58091,2029459562,4888,1
7.394052,0.002023,4.726393,-4464.96944,2029970369,4889,1
7.396068,0.002016,4.726206,-4464.59378,2029889883,4890,2
7.400106,0.004038,4.72683,-4465.84731,2030157788,4892,1
7.402122,0.002016,4.72688,-4465.94775,2030179475,4893,1
7.404144,0.002022,4.725695,-4463.56726,2029670454,4894,1
7.40616,0.002016,4.725474,-4463.1233,2029575567,4895,2
7.410199,0.004039,4.726402,-4464.98752,2029974200,4897,1
7.412215,0.002016,4.726095,-4464.3708,2029842377,4898,1
7.414237,0.002022,4.726563,-4465.31094,2030043138,4899,1
7.416253,0.002016,4.726615,-4465.4154,2030065794,4900,1
7.418276,0.002023,4.725566,-4463.30811,2029615074,4901,2
7.422314,0.004038,4.725228,-4462.62912,2029469861,4903,1
7.42433,0.002016,4.726598,-4465.38125,2030058549,4904,1
7.426346,0.002016,4.726441,-4465.06586,2029991213,4905,1
7.428368,0.002022,4.726863,-4465.9136,2030172343,4906,2
7.432407,0.004039,4.727109,-4466.40778,2030277962,4908,1
7.434423,0.002016,4.725954,-4464.08755,2029781821,4909,1
7.436445,0.002022,4.725443,-4463.06102,2029562252,4910,1
7.438461,0.002016,4.72662,-4465.42545,2030067750,4911,2
7.4425,0.004039,4.726712,-4465.61026,2030107357,4913,1
7.444515,0.002015,4.727038,-4466.26515,2030247560,4914,1
7.446538,0.002023,4.727375,-4466.94213,2030392175,4915,1
7.448554,0.002016,4.726337,-4464.85694,2029946403,4916,2
7.452592,0.004038,4.725629,-4463.43467,2029642314,4918,1
7.454608,0.002016,4.726501,-4465.18639,2030017067,4919,1
7.456631,0.002023,4.726661,-4465.50781,2030085446,4920,1
7.458647,0.002016,4.726763,-4465.71271,2030129238,4921,1
7.460669,0.002022,4.727264,-4466.71915,2030344275,4922,2
7.464708,0.004039,4.726311,-4464.80471,2029934982,4924,1
7.466724,0.002016,4.725677,-4463.5311,2029662691,4925,1
7.46874,0.002016,4.726475,-4465.13416,2030005524,4926,1
7.470762,0.002022,4.726869,-4465.92565,2030174646,4927,2
7.4748,0.004038,4.726854,-4465.89552,2030168626,4929,1
7.476816,0.002016,4.727238,-4466.66692,2030333179,4930,1
7.478839,0.002023,4.726452,-4465.08796,2029995765,4931,1
7.480855,0.002016,4.725671,-4463.51904,2029660471,4932,2
7.484893,0.004038,4.72638,-4464.94332,2029964985,4934,1
7.486909,0.002016,4.727009,-4466.20689,2030234973,4935,1
7.488932,0.002023,4.726824,-4465.83525,2030155620,4936,1
7.490948,0.002016,4.727354,-4466.89995,2030383061,4937,2
7.494986,0.004038,4.726678,-4465.54196,2030092716,4939,1
7.497008,0.002022,4.725751,-4463.67975,2029694440,4940,1
7.499024,0.002016,4.726358,-4464.89913,2029955595,4941,1
7.501047,0.002023,4.727138,-4466.46603,2030290317,4942,1
7.503063,0.002016,4.727112,-4466.4138,2030279113,4943,2
7.507101,0.004038,4.727812,-4467.82,2030579659,4945,1
7.509117,0.002016,4.727346,-4466.88388,2030379760,4946,1
7.511139,0.002022,4.726182,-4464.54557,2029879969,4947,1
7.513156,0.002017,4.726501,-4465.18639,2030016507,4948,2
7.517194,0.004038,4.727176,-4466.54237,2030306501,4950,1
7.51921,0.002016,4.72653,-4465.24465,2030029365,4951,1
7.521232,0.002022,4.727345,-4466.88187,2030379379,4952,1
7.523248,0.002016,4.727006,-4466.20087,2030233872,4953,2
7.527287,0.004039,4.725829,-4463.83644,2029728118,4955,1
7.529309,0.002022,4.726032,-4464.24424,2029815382,4956,1
7.531325,0.002016,4.727103,-4466.39572,2030275207,4957,1
7.533348,0.002023,4.72656,-4465.30492,2030042034,4958,2
7.53738,0.004032,4.727244,-4466.67897,2030335843,4960,1
7.539402,0.002022,4.727084,-4466.35756,2030267293,4961,1
7.541418,0.002016,4.726062,-4464.30451,2029828281,4962,1
7.54344,0.002022,4.726184,-4464.54959,2029880581,4963,1
7.545456,0.002016,4.727561,-4467.31578,2030471913,4964,2
7.549495,0.004039,4.727167,-4466.52429,2030302645,4966,1
7.551511,0.002016,4.727949,-4468.09522,2030638583,4967,1
7.553533,0.002022,4.727902,-4468.0008,2030618384,4968,1
7.555549,0.002016,4.726433,-4465.04979,2029987331,4969,2
7.559588,0.004039,4.726116,-4464.41298,2029851356,4971,1
7.56161,0.002022,4.727116,-4466.42184,2030280851,4972,1
7.563626,0.002016,4.726527,-4465.23862,2030028023,4973,1
7.565648,0.002022,4.727071,-4466.33144,2030261616,4974,2
7.56968,0.004032,4.727309,-4466.80955,2030363891,4976,1
7.571703,0.002023,4.726124,-4464.42905,2029855002,4977,1
7.573719,0.002016,4.725812,-4463.80229,2029721002,4978,1
7.575741,0.002022,4.726939,-4466.06627,2030204798,4979,2
7.57978,0.004039,4.726667,-4465.51986,2030088107,4981,1
7.581796,0.002016,4.727326,-4466.8437,2030371037,4982,1
7.583812,0.002016,4.727722,-4467.63921,2030541343,4983,1
7.585834,0.002022,4.726577,-4465.33907,2030049531,4984,1
7.58785,0.002016,4.726224,-4464.62994,2029897816,4985,2
7.591888,0.004038,4.727425,-4467.04258,2030413383,4987,1
7.593904,0.002016,4.727081,-4466.35153,2030265816,4988,1
7.595927,0.002023,4.727193,-4466.57652,2030313941,4989,1
7.597943,0.002016,4.727599,-4467.39212,2030488317,4990,2
7.601981,0.004038,4.726426,-4465.03573,2029984572,4992,1
7.604004,0.002023,4.725687,-4463.55118,2029667256,4993,1
7.60602,0.002016,4.726729,-4465.64441,2030114547,4994,1
7.608035,0.002015,4.726696,-4465.57812,2030100406,4995,2
7.612074,0.004039,4.726998,-4466.1848,2030230109,4997,1
7.614096,0.002022,4.727656,-4467.50662,2030512800,4998,1
7.616112,0.002016,4.726595,-4465.37523,2030057320,4999,1
7.618135,0.002023,4.725791,-4463.76011,2029711894,5000,2
7.622167,0.004032,4.72676,-4465.70669,2030128166,5002,1
7.624189,0.002022,4.726984,-4466.15667,2030224107,5003,1
7.626205,0.002016,4.727125,-4466.43992,2030284481,5004,1
7.628228,0.002023,4.728097,-4468.39253,2030702320,5005,2
7.632266,0.004038,4.72735,-4466.89191,2030381421,5007,1
7.634282,0.002016,4.726685,-4465.55602,2030095556,5008,1
7.636298,0.002016,4.727288,-4466.76736,2030354832,5009,1
7.63832,0.002022,4.727475,-4467.14302,2030435044,5010,1
7.640336,0.002016,4.727221,-4466.63277,2030325961,5011,2
7.644375,0.004039,4.727898,-4467.99277,2030616606,5013,1
7.646397,0.002022,4.727055,-4466.2993,2030254717,5014,1
7.648413,0.002016,4.726069,-4464.31857,2029831346,5015,1
7.650429,0.002016,4.726689,-4465.56406,2030097653,5016,2
7.654467,0.004038,4.727326,-4466.8437,2030370951,5018,1
7.65649,0.002023,4.726925,-4466.03815,2030199096,5019,1
7.658506,0.002016,4.727599,-4467.39212,2030488176,5020,1
7.660528,0.002022,4.726945,-4466.07833,2030207479,5021,2
7.66456,0.004032,4.725991,-4464.16188,2029797574,5023,1
7.666583,0.002023,4.726384,-4464.95136,2029966361,5024,1
7.668599,0.002016,4.727347,-4466.88589,2030380287,5025,1
7.670621,0.002022,4.727138,-4466.46603,2030290171,5026,2
7.67466,0.004039,4.727904,-4468.00482,2030619509,5028,1
7.676675,0.002015,4.727459,-4467.11088,2030428429,5029,1
7.678692,0.002017,4.726379,-4464.94131,2029964511,5030,1
7.680714,0.002022,4.726505,-4465.19443,2030018601,5031,1
7.68273,0.002016,4.727341,-4466.87383,2030377305,5032,2
7.686768,0.004038,4.726756,-4465.69865,2030126239,5034,1
7.688791,0.002023,4.727495,-4467.1832,2030443527,5035,1
7.690807,0.002016,4.727147,-4466.48411,2030294234,5036,1
7.692823,0.002016,4.725967,-4464.11366,2029787567,5037,2
7.696861,0.004038,4.726107,-4464.3949,2029847542,5039,1
7.698884,0.002023,4.727222,-4466.63478,2030326667,5040,1
7.7009,0.002016,4.726684,-4465.55401,2030095396,5041,1
7.702916,0.002016,4.727445,-4467.08275,2030422016,5042,2
7.706954,0.004038,4.727499,-4467.19123,2030445341,5044,1
7.708976,0.002022,4.726307,-4464.79668,2029933623,5045,1
7.710992,0.002016,4.72649,-4465.1643,2030011783,5046,1
7.713008,0.002016,4.728075,-4468.34833,2030692650,5047,2
7.717047,0.004039,4.727657,-4467.50863,2030513252,5049,1
7.719069,0.002022,4.728169,-4468.53717,2030733062,5050,1
7.721085,0.002016,4.728155,-4468.50904,2030727060,5051,1
7.723108,0.002023,4.726889,-4465.96583,2030183223,5052,1
7.725124,0.002016,4.726529,-4465.24264,2030028838,5053,2
7.729162,0.004038,4.727542,-4467.27761,2030463922,5055,1
7.731178,0.002016,4.727017,-4466.22296,2030238598,5056,1
7.7332,0.002022,4.72742,-4467.03253,2030411382,5057,1
7.735216,0.002016,4.727625,-4467.44435,2030499568,5058,2
7.739255,0.004039,4.726467,-4465.11809,2030002002,5060,1
7.741271,0.002016,4.726184,-4464.54959,2029880615,5061,1
7.743293,0.002022,4.727265,-4466.72116,2030344800,5062,1
7.745309,0.002016,4.726734,-4465.65446,2030116783,5063,2
7.749348,0.004039,4.727172,-4466.53434,2030305039,5065,1
7.75137,0.002022,4.72754,-4467.27359,2030462934,5066,1
7.753386,0.002016,4.726481,-4465.14622,2030008011,5067,1
7.755402,0.002016,4.726255,-4464.69222,2029911146,5068,2
7.75944,0.004038,4.727376,-4466.94414,2030392366,5070,1
7.761463,0.002023,4.727115,-4466.41983,2030280298,5071,1
7.763479,0.002016,4.727503,-4467.19927,2030447209,5072,1
7.765501,0.002022,4.728093,-4468.38449,2030700417,5073,1
7.767517,0.002016,4.726954,-4466.09641,2030211256,5074,2
7.771556,0.004039,4.726152,-4464.4853,2029866978,5076,1
7.773572,0.002016,4.727212,-4466.61469,2030321739,5077,1
7.775594,0.002022,4.727266,-4466.72317,2030345360,5078,1
7.77761,0.002016,4.727274,-4466.73924,2030348965,5079,2
7.781648,0.004038,4.727797,-4467.78987,2030573312,5081,1
7.783664,0.002016,4.726674,-4465.53393,2030090859,5082,1
7.785687,0.002023,4.725975,-4464.12974,2029790639,5083,1
7.787703,0.002016,4.726805,-4465.79709,2030147411,5084,2
7.791741,0.004038,4.727073,-4466.33546,2030262331,5086,1
7.793757,0.002016,4.727221,-4466.63277,2030326049,5087,1
7.79578,0.002023,4.728188,-4468.57533,2030741238,5088,1
7.797796,0.002016,4.727562,-4467.31779,2030472607,5089,2
7.801834,0.004038,4.726903,-4465.99395,2030189621,5091,1
7.80385,0.002016,4.727567,-4467.32783,2030474512,5092,1
7.805872,0.002022,4.727911,-4468.01888,2030622269,5093,1
7.807888,0.002016,4.727493,-4467.17918,2030442901,5094,1
7.809911,0.002023,4.728073,-4468.34432,2030691747,5095,2
7.813949,0.004038,4.727259,-4466.70911,2030342106,5097,1
7.815965,0.002016,4.726229,-4464.63998,2029900008,5098,1
7.817981,0.002016,4.726812,-4465.81115,2030150343,5099,1
7.820004,0.002023,4.727546,-4467.28565,2030465601,5100,2
7.824042,0.004038,4.727081,-4466.35153,2030265885,5102,1
7.826058,0.002016,4.727839,-4467.87424,2030591297,5103,1
7.82808,0.002022,4.727433,-4467.05865,2030416873,5104,1
7.830096,0.002016,4.726569,-4465.323,2030045770,5105,2
7.834135,0.004039,4.727119,-4466.42787,2030282219,5107,1
7.836151,0.002016,4.72822,-4468.63962,2030754873,5108,1
7.838173,0.002022,4.727826,-4467.84813,2030585683,5109,1
7.840189,0.002016,4.728663,-4469.52954,2030945293,5110,2
7.844228,0.004039,4.728175,-4468.54922,2030735705,5112,1
7.846244,0.002016,4.72683,-4465.84731,2030157824,5113,1
7.848266,0.002022,4.726816,-4465.81918,2030151912,5114,1
7.850282,0.002016,4.727579,-4467.35194,2030479641,5115,2
7.85432,0.004038,4.726897,-4465.9819,2030186974,5117,1
7.856336,0.002016,4.72769,-4467.57492,2030527404,5118,1
7.858359,0.002023,4.72761,-4467.41421,2030492804,5119,1
7.860375,0.002016,4.7265,-4465.18438,2030016316,5120,1
7.862391,0.002016,4.7266,-4465.38527,2030059408,5121,2
7.866429,0.004038,4.727619,-4467.43229,2030497045,5123,1
7.868451,0.002022,4.727099,-4466.38769,2030273602,5124,1
7.870468,0.002017,4.727959,-4468.11531,2030642935,5125,1
7.87249,0.002022,4.727989,-4468.17557,2030655815,5126,2
7.876522,0.004032,4.726843,-4465.87342,2030163415,5128,1
7.878544,0.002022,4.726941,-4466.07029,2030205790,5129,1
7.88056,0.002016,4.728338,-4468.87666,2030805819,5130,1
7.882583,0.002023,4.727913,-4468.0229,2030623309,5131,2
7.886621,0.004038,4.728509,-4469.22018,2030879304,5133,1
7.888637,0.002016,4.728604,-4469.41102,2030919816,5134,1
7.890653,0.002016,4.727271,-4466.73321,2030347275,5135,1
7.892676,0.002023,4.726836,-4465.85936,2030160655,5136,2
7.896714,0.004038,4.727848,-4467.89232,2030595159,5138,1
7.89873,0.002016,4.7272,-4466.59058,2030316890,5139,1
7.900752,0.002022,4.727659,-4467.51265,2030513929,5140,1
7.902768,0.002016,4.727932,-4468.06107,2030631206,5141,1
7.904784,0.002016,4.726714,-4465.61428,2030108212,5142,2
7.908823,0.004039,4.726236,-4464.65405,2029903126,5144,1
7.910845,0.002022,4.727418,-4467.02851,2030410520,5145,1
7.912861,0.002016,4.727395,-4466.98231,2030400642,5146,1
7.914884,0.002023,4.727995,-4468.18762,2030658587,5147,2
7.918916,0.004032,4.728586,-4469.37486,2030912240,5149,1
7.920938,0.002022,4.727717,-4467.62916,2030538914,5150,1
7.922954,0.002016,4.727355,-4466.90196,2030383457,5151,1
7.92497,0.002016,4.728318,-4468.83648,2030797368,5152,2
7.929008,0.004038,4.727973,-4468.14343,2030649228,5154,1
7.931031,0.002023,4.727999,-4468.19566,2030660181,5155,1
7.933047,0.002016,4.728327,-4468.85456,2030800955,5156,1
7.935063,0.002016,4.726975,-4466.13859,2030220422,5157,2
7.939101,0.004038,4.726255,-4464.69222,2029911164,5159,1
7.941124,0.002023,4.727226,-4466.64281,2030328375,5160,1
7.94314,0.002016,4.727328,-4466.84772,2030371988,5161,1
7.945162,0.002022,4.727482,-4467.15708,2030438056,5162,1
7.947178,0.002016,4.72804,-4468.27802,2030677608,5163,2
7.951213,0.004035,4.727059,-4466.30734,2030256448,5165,1
7.953236,0.002023,4.726429,-4465.04176,2029985484,5166,1
7.955251,0.002015,4.72742,-4467.03253,2030411675,5167,1
7.957274,0.002023,4.727816,-4467.82804,2030581347,5168,2
7.961312,0.004038,4.727748,-4467.69144,2030552354,5170,1
7.963328,0.002016,4.728716,-4469.63601,2030968051,5171,1
7.965344,0.002016,4.727987,-4468.17155,2030655159,5172,1
7.967367,0.002023,4.726989,-4466.16672,2030226443,5173,2
7.971405,0.004038,4.727531,-4467.25552,2030458879,5175,1
7.973421,0.002016,4.727919,-4468.03495,2030625659,5176,1
7.975437,0.002016,4.727531,-4467.25552,2030459419,5177,1
7.97746,0.002023,4.728163,-4468.52511,2030730580,5178,2
7.981498,0.004038,4.727334,-4466.85977,2030374383,5180,1
7.983514,0.002016,4.726286,-4464.75449,2029924661,5181,1
7.985536,0.002022,4.726766,-4465.71874,2030130334,5182,1
7.987552,0.002016,4.727469,-4467.13097,2030432504,5183,1
7.989568,0.002016,4.726953,-4466.0944,2030210875,5184,2
7.993607,0.004039,4.727787,-4467.76978,2030568867,5186,1
7.995629,0.002022,4.727514,-4467.22136,2030451743,5187,1
7.997645,0.002016,4.726758,-4465.70267,2030127139,5188,1
7.999668,0.002023,4.727257,-4466.70509,2030341497,5189,2
8.003699,0.004031,4.728477,-4469.15589,2030865143,5191,1
8.005722,0.002023,4.728263,-4468.726,2030773490,5192,1
8.007738,0.002016,4.729098,-4470.40339,2031132237,5193,1
8.00976,0.002022,4.728514,-4469.23022,2030881102,5194,2
8.013799,0.004039,4.727104,-4466.39773,2030275678,5196,1
8.015815,0.002016,4.726988,-4466.16471,2030226005,5197,1
8.017831,0.002016,4.727841,-4467.87826,2030592504,5198,1
8.019853,0.002022,4.72714,-4466.47005,2030291498,5199,2
8.023892,0.004039,4.727904,-4468.00482,2030619307,5201,1
8.025908,0.002016,4.727736,-4467.66733,2030547053,5202,1
8.027924,0.002016,4.726645,-4465.47567,2030078557,5203,1
8.029946,0.002022,4.726875,-4465.93771,2030177388,5204,1
8.031962,0.002016,4.728169,-4468.53717,2030733051,5205,2
8.036,0.004038,4.727723,-4467.64122,2030541603,5207,1
8.038023,0.002023,4.728698,-4469.59985,2030960140,5208,1
8.040039,0.002016,4.728851,-4469.90721,2031026057,5209,1
8.042055,0.002016,4.7277,-4467.59501,2030531729,5210,2
8.046093,0.004038,4.727555,-4467.30373,2030469229,5212,1
8.048116,0.002023,4.728709,-4469.62195,2030964853,5213,1
8.050132,0.002016,4.727979,-4468.15548,2030651472,5214,1
8.052148,0.002016,4.728361,-4468.92287,2030815547,5215,2
8.056186,0.004038,4.728361,-4468.92287,2030815794,5217,1
8.058208,0.002022,4.726983,-4466.15466,2030223480,5218,1
8.060224,0.002016,4.726444,-4465.07189,2029992421,5219,1
8.062247,0.002023,4.727569,-4467.33185,2030475576,5220,2
8.066279,0.004032,4.727318,-4466.82763,2030367569,5222,1
8.068301,0.002022,4.727799,-4467.79389,2030574320,5223,1
8.070317,0.002016,4.728057,-4468.31217,2030685217,5224,1
8.07234,0.002023,4.72674,-4465.66651,2030119614,5225,1
8.074355,0.002015,4.726409,-4465.00158,2029977102,5226,2
8.078394,0.004039,4.727713,-4467.62113,2030537155,5228,1
8.08041,0.002016,4.727581,-4467.35596,2030480654,5229,1
8.082432,0.002022,4.72822,-4468.63962,2030754891,5230,1
8.084448,0.002016,4.729154,-4470.51589,2031156263,5231,2
8.088487,0.004039,4.728209,-4468.61752,2030750031,5233,1
8.090503,0.002016,4.727641,-4467.47649,2030506237,5234,1
8.092525,0.002022,4.728601,-4469.40499,2030918608,5235,1
8.094541,0.002016,4.728297,-4468.7943,2030788026,5236,2
8.098579,0.004038,4.728248,-4468.69586,2030766796,5238,1
8.100596,0.002017,4.728618,-4469.43914,2030926003,5239,1
8.102618,0.002022,4.727244,-4466.67897,2030335699,5240,1
8.104634,0.002016,4.726421,-4465.02569,2029982390,5241,2
8.108672,0.004038,4.727307,-4466.80553,2030362829,5243,1
8.110688,0.002016,4.727486,-4467.16512,2030439639,5244,1
8.112711,0.002023,4.727501,-4467.19525,2030446245,5245,1
8.114727,0.002016,4.728148,-4468.49498,2030724362,5246,2
8.118765,0.004038,4.727127,-4466.44394,2030285407,5248,1
8.120788,0.002023,4.726509,-4465.20246,2030020218,5249,1
8.122804,0.002016,4.727447,-4467.08677,2030423015,5250,1
8.12482,0.002016,4.727959,-4468.11531,2030642863,5251,1
8.126842,0.002022,4.728103,-4468.40458,2030704920,5252,2
8.13088,0.004038,4.729242,-4470.69267,2031193802,5254,1
8.132896,0.002016,4.728457,-4469.11572,2030857134,5255,1
8.134912,0.002016,4.727382,-4466.9562,2030395323,5256,1
8.136935,0.002023,4.727787,-4467.76978,2030568791,5257,2
8.140973,0.004038,4.72813,-4468.45882,2030716406,5259,1
8.142989,0.002016,4.727755,-4467.7055,2030555352,5260,1
8.145012,0.002023,4.728466,-4469.1338,2030860762,5261,1
8.147028,0.002016,4.727706,-4467.60707,2030534116,5262,2
8.151066,0.004038,4.726803,-4465.79307,2030146441,5264,1
8.153082,0.002016,4.727191,-4466.5725,2030313274,5265,1
8.155104,0.002022,4.727907,-4468.01085,2030620668,5266,1
8.15712,0.002016,4.727425,-4467.04258,2030413629,5267,2
8.161159,0.004039,4.72816,-4468.51909,2030729450,5269,1
8.163175,0.002016,4.727994,-4468.18562,2030657901,5270,1
8.165197,0.002022,4.727126,-4466.44193,2030285157,5271,1
8.167213,0.002016,4.727625,-4467.44435,2030499534,5272,1
8.169236,0.002023,4.728866,-4469.93734,2031032640,5273,2
8.173267,0.004031,4.728361,-4468.92287,2030815761,5275,1
8.17529,0.002023,4.728741,-4469.68623,2030978644,5276,1
8.177306,0.002016,4.728313,-4468.82644,2030795234,5277,1
8.179328,0.002022,4.72709,-4466.36961,2030269713,5278,2
8.183367,0.004039,4.726934,-4466.05623,2030202408,5280,1
8.185383,0.002016,4.727782,-4467.75974,2030566816,5281,1
8.187399,0.002016,4.727145,-4466.4801,2030293090,5282,1
8.189421,0.002022,4.727746,-4467.68742,2030551535,5283,2
8.193459,0.004038,4.727954,-4468.10526,2030640931,5285,1
8.195476,0.002017,4.726902,-4465.99194,2030188624,5286,1
8.197491,0.002015,4.72683,-4465.84731,2030158013,5287,1
8.199514,0.002023,4.727943,-4468.08316,2030636220,5288,2
8.203552,0.004038,4.727535,-4467.26355,2030460839,5290,1
8.205568,0.002016,4.728278,-4468.75613,2030779931,5291,1
8.207584,0.002016,4.728537,-4469.27642,2030891271,5292,1
8.209607,0.002023,4.727528,-4467.24949,2030457893,5293,1
8.211623,0.002016,4.72767,-4467.53475,2030518777,5294,2
8.215661,0.004038,4.729205,-4470.61834,2031177945,5296,1
8.217677,0.002016,4.728484,-4469.16996,2030868481,5297,1
8.2197,0.002023,4.728805,-4469.8148,2031006397,5298,1
8.221716,0.002016,4.728868,-4469.94136,2031033231,5299,2
8.225754,0.004038,4.727396,-4466.98432,2030401097,5301,1
8.227776,0.002022,4.726844,-4465.87543,2030164245,5302,1
8.229792,0.002016,4.727838,-4467.87223,2030590886,5303,1
8.231808,0.002016,4.727514,-4467.22136,2030451749,5304,2
8.235847,0.004039,4.728144,-4468.48694,2030722282,5306,1
8.237869,0.002022,4.728609,-4469.42106,2030922298,5307,1
8.239885,0.002016,4.727368,-4466.92807,2030388980,5308,1
8.241901,0.002016,4.727014,-4466.21694,2030236867,5309,2
8.245939,0.004038,4.728245,-4468.68984,2030765621,5311,1
8.247962,0.002023,4.728213,-4468.62556,2030751940,5312,1
8.249978,0.002016,4.728644,-4469.49137,2030937330,5313,1
8.251994,0.002016,4.729271,-4470.75092,2031206551,5314,1
8.254016,0.002022,4.728049,-4468.2961,2030681785,5315,2
8.258055,0.004039,4.727205,-4466.60063,2030318985,5317,1
8.260071,0.002016,4.727953,-4468.10325,2030640241,5318,1
8.262087,0.002016,4.727738,-4467.67135,2030547973,5319,1
8.264109,0.002022,4.727771,-4467.73764,2030562314,5320,2
8.268148,0.004039,4.728289,-4468.77823,2030784551,5322,1
8.270164,0.002016,4.727155,-4466.50019,2030297580,5323,1
8.272179,0.002015,4.726625,-4465.43549,2030070268,5324,1
8.274202,0.002023,4.72763,-4467.45439,2030501489,5325,2
8.27824,0.004038,4.727904,-4468.00482,2030619481,5327,1
8.280256,0.002016,4.727842,-4467.88027,2030592957,5328,1
8.282279,0.002023,4.72854,-4469.28245,2030892512,5329,1
8.284295,0.002016,4.727693,-4467.58095,2030528523,5330,2
8.288333,0.004038,4.727024,-4466.23703,2030241154,5332,1
8.290349,0.002016,4.727949,-4468.09522,2030638547,5333,1
8.292372,0.002023,4.728424,-4469.04942,2030842812,5334,1
8.294387,0.002015,4.728434,-4469.06951,2030846896,5335,1
8.296404,0.002017,4.729603,-4471.41786,2031348992,5336,2
8.300442,0.004038,4.728752,-4469.70833,2030983531,5338,1
8.302464,0.002022,4.727606,-4467.40618,2030491323,5339,1
8.30448,0.002016,4.727968,-4468.13339,2030646688,5340,1
8.306503,0.002023,4.728427,-4469.05545,2030843863,5341,2
8.310535,0.004032,4.72792,-4468.03696,2030626183,5343,1
8.312557,0.002022,4.728662,-4469.52753,2030944671,5344,1
8.314573,0.002016,4.728003,-4468.2037,2030661718,5345,1
8.316596,0.002023,4.726917,-4466.02208,2030195532,5346,2
8.320634,0.004038,4.72746,-4467.11289,2030428664,5348,1
8.32265,0.002016,4.728374,-4468.94898,2030821145,5349,1
8.324666,0.002016,4.727986,-4468.16954,2030654782,5350,1
8.326688,0.002022,4.728909,-4470.02372,2031050984,5351,2
8.330727,0.004039,4.728591,-4469.3849,2030914214,5353,1
8.332743,0.002016,4.727715,-4467.62514,2030538127,5354,1
8.334765,0.002022,4.727899,-4467.99477,2030617119,5355,1
8.336781,0.002016,4.728978,-4470.16233,2031080636,5356,2
8.34082,0.004039,4.72857,-4469.34272,2030905201,5358,1
8.342835,0.002015,4.729191,-4470.59022,2031171920,5359,1
8.344858,0.002023,4.728674,-4469.55164,2030950333,5360,1
8.346874,0.002016,4.727316,-4466.82361,2030366985,5361,1
8.348896,0.002022,4.727179,-4466.5484,2030307675,5362,2
8.352928,0.004032,4.728068,-4468.33427,2030689952,5364,1
8.354951,0.002023,4.727383,-4466.9582,2030395353,5365,1
8.356967,0.002016,4.728208,-4468.61551,2030749654,5366,1
8.358989,0.002022,4.728132,-4468.46284,2030717217,5367,2
8.363021,0.004032,4.726917,-4466.02208,2030195267,5369,1
8.365043,0.002022,4.726812,-4465.81115,2030150445,5370,1
8.36706,0.002017,4.728031,-4468.25994,2030673899,5371,1
8.369082,0.002022,4.727667,-4467.52872,2030517388,5372,2
8.37312,0.004038,4.728533,-4469.26839,2030889646,5374,1
8.375136,0.002016,4.72894,-4470.08599,2031064112,5375,1
8.377152,0.002016,4.727732,-4467.6593,2030545598,5376,1
8.379175,0.002023,4.727681,-4467.55684,2030523648,5377,2
8.383213,0.004038,4.728761,-4469.72641,2030987450,5379,1
8.385229,0.002016,4.728057,-4468.31217,2030685166,5380,1
8.387252,0.002023,4.728514,-4469.23022,2030881206,5381,1
8.389268,0.002016,4.728633,-4469.46927,2030932427,5382,1
8.391283,0.002015,4.727191,-4466.5725,2030313102,5383,2
8.395322,0.004039,4.726623,-4465.43147,2030069075,5385,1
8.397344,0.002022,4.727763,-4467.72157,2030558833,5386,1
8.39936,0.002016,4.72751,-4467.21333,2030449870,5387,1
8.401383,0.002023,4.728114,-4468.42668,2030709350,5388,2
8.405421,0.004038,4.72859,-4469.38289,2030913797,5390,1
8.407437,0.002016,4.727525,-4467.24346,2030456381,5391,1
8.409453,0.002016,4.72706,-4466.30934,2030257000,5392,1
8.411475,0.002022,4.728261,-4468.72198,2030772520,5393,2
8.415511,0.004036,4.728345,-4468.89072,2030808666,5395,1
8.417533,0.002022,4.728798,-4469.80074,2031003076,5396,1
8.419549,0.002016,4.729318,-4470.84534,2031226467,5397,1
8.421572,0.002023,4.72807,-4468.33829,2030690641,5398,2
8.425603,0.004031,4.727308,-4466.80754,2030363333,5400,1
8.427623,0.00202,4.728124,-4468.44677,2030713709,5401,1
8.429645,0.002022,4.728088,-4468.37445,2030698337,5402,1
8.431661,0.002016,4.728061,-4468.32021,2030686740,5403,1
8.433684,0.002023,4.72865,-4469.50343,2030939615,5404,2
8.437716,0.004032,4.727613,-4467.42024,2030494163,5406,1
8.439738,0.002022,4.726823,-4465.83325,2030155121,5407,1
8.441754,0.002016,4.727576,-4467.34591,2030478642,5408,1
8.443776,0.002022,4.727794,-4467.78384,2030571888,5409,2
8.447815,0.004039,4.727788,-4467.77179,2030569745,5411,1
8.449831,0.002016,4.728712,-4469.62797,2030966286,5412,1
8.451853,0.002022,4.727954,-4468.10526,2030640855,5413,1
8.453869,0.002016,4.727258,-4466.7071,2030341805,5414,2
8.457907,0.004038,4.728249,-4468.69787,2030767186,5416,1
8.459924,0.002017,4.7291,-4470.40741,2031133196,5417,1
8.461946,0.002022,4.728751,-4469.70632,2030983149,5418,1
8.463962,0.002016,4.729375,-4470.95985,2031251260,5419,2
8.468,0.004038,4.728384,-4468.96907,2030825181,5421,1
8.470016,0.002016,4.727223,-4466.63679,2030326951,5422,1
8.472039,0.002023,4.727543,-4467.27962,2030464358,5423,1
8.474055,0.002016,4.728036,-4468.26999,2030675936,5424,1
8.476077,0.002022,4.727507,-4467.2073,2030448906,5425,2
8.480116,0.004039,4.728512,-4469.2262,2030880520,5427,1
8.482131,0.002015,4.727842,-4467.88027,2030592603,5428,1
8.484148,0.002017,4.726663,-4465.51183,2030086303,5429,1
8.48617,0.002022,4.726884,-4465.95579,2030181320,5430,2
8.490208,0.004038,4.727637,-4467.46845,2030504823,5432,1
8.492224,0.002016,4.727284,-4466.75933,2030353290,5433,1
8.494247,0.002023,4.728316,-4468.83247,2030796225,5434,1
8.496263,0.002016,4.728026,-4468.2499,2030671847,5435,2
8.500301,0.004038,4.727187,-4466.56447,2030311159,5437,1
8.502324,0.002023,4.727502,-4467.19726,2030446882,5438,1
8.50434,0.002016,4.728751,-4469.70632,2030982928,5439,1
8.506355,0.002015,4.728097,-4468.39253,2030702406,5440,2
8.510394,0.004039,4.728583,-4469.36883,2030910993,5442,1
8.512416,0.002022,4.728248,-4468.69586,2030767092,5443,1
8.514432,0.002016,4.726966,-4466.12051,2030216552,5444,1
8.516448,0.002016,4.726775,-4465.73682,2030134514,5445,1
8.518471,0.002023,4.727835,-4467.86621,2030589515,5446,2
8.522509,0.004038,4.727406,-4467.00441,2030405151,5448,1
8.524525,0.002016,4.728196,-4468.5914,2030744602,5449,1
8.526548,0.002023,4.727903,-4468.00281,2030618841,5450,1
8.528564,0.002016,4.72652,-4465.22456,2030024905,5451,2
8.532602,0.004038,4.726339,-4464.86096,2029947432,5453,1
8.534618,0.002016,4.727446,-4467.08476,2030422503,5454,1
8.53664,0.002022,4.727174,-4466.53835,2030305720,5455,1
8.538656,0.002016,4.72809,-4468.37847,2030699390,5456,2
8.542695,0.004039,4.728436,-4469.07353,2030847534,5458,1
8.544717,0.002022,4.727211,-4466.61268,2030321579,5459,1
8.546733,0.002016,4.727113,-4466.41581,2030279654,5460,1
8.548756,0.002023,4.728264,-4468.72801,2030774030,5461,2
8.552788,0.004032,4.727588,-4467.37002,2030483696,5463,1
8.55481,0.002022,4.727802,-4467.79992,2030575331,5464,1
8.556826,0.002016,4.728006,-4468.20972,2030663120,5465,1
8.558848,0.002022,4.726745,-4465.67655,2030121355,5466,1
8.560864,0.002016,4.726333,-4464.84891,2029944685,5467,2
8.564903,0.004039,4.727533,-4467.25953,2030459995,5469,1
8.566925,0.002022,4.727305,-4466.80151,2030362024,5470,1
8.568941,0.002016,4.727526,-4467.24547,2030457056,5471,1
8.570964,0.002023,4.72813,-4468.45882,2030716542,5472,2
8.574996,0.004032,4.727102,-4466.39372,2030274783,5474,1
8.577018,0.002022,4.72661,-4465.40536,2030063432,5475,1
8.579034,0.002016,4.727881,-4467.95861,2030609198,5476,1
8.581056,0.002022,4.727931,-4468.05906,2030630859,5477,2
8.585095,0.004039,4.728331,-4468.8626,2030802495,5479,1
8.587111,0.002016,4.72886,-4469.92528,2031029782,5480,1
8.589127,0.002016,4.727706,-4467.60707,2030534171,5481,1
8.591149,0.002022,4.726842,-4465.87141,2030163383,5482,2
8.595187,0.004038,4.727554,-4467.30172,2030468974,5484,1
8.597204,0.002017,4.727659,-4467.51265,2030514045,5485,1
8.599226,0.002022,4.727608,-4467.4102,2030492274,5486,1
8.601242,0.002016,4.728333,-4468.86662,2030803523,5487,2
8.60528,0.004038,4.727282,-4466.75531,2030352319,5489,1
8.607296,0.002016,4.726326,-4464.83484,2029941752,5490,1
8.609319,0.002023,4.727008,-4466.20488,2030234395,5491,1
8.611335,0.002016,4.727315,-4466.8216,2030366597,5492,1
8.613357,0.002022,4.727251,-4466.69304,2030338745,5493,2
8.617396,0.004039,4.728089,-4468.37646,2030698890,5495,1
8.619412,0.002016,4.727192,-4466.57451,2030313488,5496,1
8.621434,0.002022,4.726397,-4464.97747,2029971977,5497,1
8.62345,0.002016,4.727215,-4466.62072,2030323279,5498,2
8.627488,0.004038,4.727948,-4468.09321,2030638346,5500,1
8.629504,0.002016,4.727613,-4467.42024,2030494146,5501,1
8.631527,0.002023,4.728419,-4469.03938,2030840521,5502,1
8.633543,0.002016,4.727752,-4467.69947,2030553878,5503,2
8.637581,0.004038,4.726625,-4465.43549,2030069806,5505,1
8.639603,0.002022,4.726878,-4465.94373,2030178746,5506,1
8.64162,0.002017,4.727475,-4467.14302,2030434948,5507,1
8.643642,0.002022,4.727044,-4466.2772,2030249816,5508,2
8.64768,0.004038,4.727915,-4468.02692,2030623965,5510,1
8.649696,0.002016,4.727303,-4466.7975,2030360959,5511,1
8.651712,0.002016,4.726209,-4464.59981,2029891447,5512,1
8.653735,0.002023,4.726395,-4464.97345,2029971370,5513,1
8.655751,0.002016,4.727221,-4466.63277,2030325816,5514,2
8.659789,0.004038,4.726878,-4465.94373,2030178395,5516,1
8.661812,0.002023,4.727887,-4467.97067,2030611887,5517,1
8.663828,0.002016,4.727809,-4467.81398,2030578252,5518,1
8.665844,0.002016,4.726851,-4465.88949,2030166841,5519,2
8.669882,0.004038,4.726936,-4466.06025,2030203681,5521,1
8.671904,0.002022,4.728046,-4468.29008,2030680297,5522,1
8.67392,0.002016,4.727402,-4466.99637,2030403853,5523,1
8.675943,0.002023,4.727927,-4468.05102,2030629181,5524,2
8.679975,0.004032,4.727619,-4467.43229,2030497045,5526,1
8.681997,0.002022,4.726281,-4464.74445,2029922088,5527,1
8.684013,0.002016,4.726315,-4464.81275,2029936613,5528,1
8.686036,0.002023,4.727648,-4467.49055,2030509334,5529,2
8.690074,0.004038,4.727091,-4466.37162,2030269966,5531,1
8.69209,0.002016,4.727716,-4467.62715,2030538614,5532,1
8.694112,0.002022,4.72764,-4467.47448,2030506022,5533,1
8.696128,0.002016,4.726377,-4464.9373,2029963441,5534,1
8.698144,0.002016,4.726184,-4464.54959,2029880639,5535,2
8.702183,0.004039,4.727448,-4467.08878,2030423170,5537,1
8.704205,0.002022,4.727158,-4466.50621,2030298927,5538,1
8.706221,0.002016,4.727843,-4467.88228,2030593058,5539,1
8.708244,0.002023,4.728104,-4468.40659,2030705000,5540,2
8.712276,0.004032,4.726813,-4465.81316,2030150614,5542,1
8.714298,0.002022,4.726391,-4464.96542,2029969711,5543,1
8.716314,0.002016,4.727389,-4466.97026,2030398393,5544,1
8.718336,0.002022,4.726977,-4466.14261,2030221003,5545,2
8.722375,0.004039,4.72742,-4467.03253,2030411698,5547,1
8.724391,0.002016,4.727788,-4467.77179,2030569583,5548,1
8.726413,0.002022,4.726501,-4465.18639,2030016895,5549,1
8.728429,0.002016,4.726082,-4464.34468,2029836957,5550,2
8.732467,0.004038,4.727277,-4466.74527,2030350169,5552,1
8.734484,0.002017,4.727043,-4466.27519,2030249281,5553,1
8.736506,0.002022,4.727261,-4466.71312,2030343093,5554,1
8.738522,0.002016,4.727742,-4467.67938,2030549900,5555,1
8.740544,0.002022,4.726623,-4465.43147,2030068878,5556,2
8.744583,0.004039,4.726203,-4464.58775,2029888726,5558,1
8.746599,0.002016,4.72729,-4466.77138,2030355582,5559,1
8.748621,0.002022,4.727283,-4466.75732,2030352432,5560,1
8.750637,0.002016,4.727437,-4467.06668,2030418879,5561,2
8.754676,0.004039,4.728046,-4468.29008,2030680235,5563,1
8.756691,0.002015,4.72682,-4465.82722,2030153788,5564,1
8.758711,0.00202,4.725896,-4463.97104,2029757094,5565,1
8.760733,0.002022,4.72677,-4465.72678,2030132342,5566,2
8.764772,0.004039,4.727088,-4466.36559,2030268572,5568,1
8.766788,0.002016,4.727103,-4466.39572,2030275172,5569,1
8.768803,0.002015,4.727839,-4467.87424,2030591204,5570,1
8.770826,0.002023,4.726883,-4465.95378,2030181026,5571,2
8.774864,0.004038,4.725976,-4464.13174,2029791502,5573,1
8.77688,0.002016,4.726652,-4465.48973,2030081592,5574,1
8.778903,0.002023,4.72701,-4466.2089,2030235156,5575,1
8.780919,0.002016,4.726824,-4465.83525,2030155210,5576,1
8.782941,0.002022,4.72759,-4467.37404,2030484372,5577,2
8.786973,0.004032,4.727172,-4466.53434,2030304725,5579,1
8.788996,0.002023,4.726471,-4465.12613,2030004138,5580,1
8.791011,0.002015,4.726992,-4466.17274,2030227620,5581,1
8.793034,0.002023,4.727613,-4467.42024,2030494492,5582,2
8.797072,0.004038,4.727163,-4466.51626,2030301141,5584,1
8.799088,0.002016,4.727778,-4467.7517,2030565103,5585,1
8.801104,0.002016,4.72706,-4466.30934,2030256865,5586,1
8.803127,0.002023,4.725985,-4464.14982,2029795043,5587,2
8.807165,0.004038,4.726342,-4464.86699,2029948569,5589,1
8.809181,0.002016,4.72718,-4466.55041,2030308403,5590,1
8.811204,0.002023,4.726651,-4465.48772,2030081016,5591,1
8.81322,0.002016,4.727491,-4467.17516,2030441941,5592,2
8.817258,0.004038,4.727043,-4466.27519,2030249336,5594,1
8.819274,0.002016,4.725872,-4463.92282,2029746441,5595,1
8.821296,0.002022,4.726086,-4464.35272,2029838354,5596,1
8.823312,0.002016,4.727135,-4466.46001,2030288907,5597,1
8.825328,0.002016,4.726664,-4465.51384,2030086605,5598,2
8.829367,0.004039,4.727483,-4467.15909,2030438617,5600,1
8.831389,0.002022,4.727434,-4467.06066,2030417583,5601,1
8.833405,0.002016,4.726243,-4464.66811,2029905678,5602,1
8.835428,0.002023,4.726266,-4464.71431,2029916038,5603,2
8.839459,0.004031,4.727308,-4466.80754,2030363548,5605,1
8.841482,0.002023,4.726549,-4465.28282,2030037537,5606,1
8.843498,0.002016,4.72714,-4466.47005,2030291081,5607,1
8.84552,0.002022,4.727103,-4466.39572,2030275486,5608,2
8.849552,0.004032,4.725972,-4464.12371,2029789725,5610,1
8.851575,0.002023,4.725817,-4463.81234,2029723018,5611,1
8.853591,0.002016,4.727009,-4466.20689,2030234755,5612,1
8.855613,0.002022,4.726436,-4465.05582,2029988800,5613,2
8.859652,0.004039,4.727141,-4466.47206,2030291711,5615,1
8.861668,0.002016,4.727281,-4466.7533,2030351571,5616,1
8.863684,0.002016,4.726045,-4464.27036,2029820718,5617,1
8.865706,0.002022,4.725821,-4463.82037,2029724421,5618,2
8.869744,0.004038,4.726947,-4466.08234,2030208425,5620,1
8.87176,0.002016,4.726519,-4465.22255,2030024544,5621,1
8.873776,0.002016,4.727091,-4466.37162,2030270005,5622,1
8.875799,0.002023,4.727307,-4466.80553,2030362740,5623,1
8.877815,0.002016,4.726084,-4464.3487,2029837511,5624,2
8.881853,0.004038,4.725781,-4463.74002,2029707463,5626,1
8.883876,0.002023,4.726875,-4465.93771,2030177460,5627,1
8.885892,0.002016,4.726563,-4465.31094,2030043591,5628,1
8.887908,0.002016,4.727051,-4466.29126,2030252839,5629,2
8.891946,0.004038,4.727544,-4467.28163,2030464602,5631,1
8.893968,0.002022,4.726214,-4464.60985,2029893400,5632,1
8.895984,0.002016,4.725627,-4463.43065,2029641387,5633,1
8.898007,0.002023,4.726645,-4465.47567,2030078381,5634,2
8.902039,0.004032,4.726458,-4465.10001,2029998055,5636,1
8.904061,0.002022,4.726737,-4465.66048,2030117839,5637,1
8.906077,0.002016,4.727425,-4467.04258,2030413354,5638,1
8.9081,0.002023,4.726456,-4465.096,2029997141,5639,2
8.912138,0.004038,4.725842,-4463.86256,2029733748,5641,1
8.914154,0.002016,4.726855,-4465.89753,2030168707,5642,1
8.91617,0.002016,4.726933,-4466.05422,2030202171,5643,1
8.918192,0.002022,4.726886,-4465.9598,2030182128,5644,1
8.920208,0.002016,4.727407,-4467.00642,2030406009,5645,2
8.924247,0.004039,4.726449,-4465.08193,2029994399,5647,1
8.926269,0.002022,4.725534,-4463.24383,2029601160,5648,1
8.928285,0.002016,4.726282,-4464.74645,2029922600,5649,1
8.930308,0.002023,4.726718,-4465.62232,2030110063,5650,2
8.93434,0.004032,4.726738,-4465.66249,2030118296,5652,1
8.936362,0.002022,4.727394,-4466.9803,2030400375,5653,1
8.938378,0.002016,4.726431,-4465.04577,2029986496,5654,1
8.9404,0.002022,4.725511,-4463.19763,2029591601,5655,2
8.944432,0.004032,4.72621,-4464.60182,2029891554,5657,1
8.946455,0.002023,4.726742,-4465.67053,2030120243,5658,1
8.948471,0.002016,4.726619,-4465.42344,2030067473,5659,1
8.950493,0.002022,4.727396,-4466.98432,2030400879,5660,2
8.954532,0.004039,4.726761,-4465.7087,2030128196,5662,1
8.956548,0.002016,4.725871,-4463.92081,2029745983,5663,1
8.959048,0.0025,4.726281,-4464.74445,2029922206,5664,1
8.960583,0.001535,4.726948,-4466.08435,2030208804,5665,1
8.962605,0.002022,4.72638,-4464.94332,2029964953,5666,2
8.966644,0.004039,4.727132,-4466.45398,2030287877,5668,1
8.968659,0.002015,4.726601,-4465.38728,2030059712,5669,1
8.970682,0.002023,4.72555,-4463.27597,2029608194,5670,1
8.972698,0.002016,4.725905,-4463.98912,2029760892,5671,2
8.976736,0.004038,4.726908,-4466.004,2030191410,5673,1
8.978752,0.002016,4.726529,-4465.24264,2030028735,5674,1
8.980775,0.002023,4.727269,-4466.7292,2030346321,5675,1
8.982791,0.002016,4.726768,-4465.72276,2030131254,5676,2
8.986829,0.004038,4.725731,-4463.63957,2029686183,5678,1
8.988852,0.002023,4.726025,-4464.23018,2029812287,5679,1
8.990868,0.002016,4.727197,-4466.58456,2030315671,5680,1
8.992884,0.002016,4.726959,-4466.10645,2030213363,5681,2
8.996922,0.004038,4.727716,-4467.62715,2030538242,5683,1
8.998944,0.002022,4.727361,-4466.91401,2030386239,5684,1
9.00096,0.002016,4.726023,-4464.22616,2029811254,5685,1
9.002976,0.002016,4.725929,-4464.03733,2029770886,5686,1
9.004999,0.002023,4.726986,-4466.16069,2030224900,5687,2
9.009037,0.004038,4.726636,-4465.45759,2030074614,5689,1
9.011053,0.002016,4.727229,-4466.64884,2030329186,5690,1
9.013076,0.002023,4.727162,-4466.51425,2030300713,5691,1
9.015092,0.002016,4.72594,-4464.05943,2029775766,5692,2
9.019127,0.004035,4.725786,-4463.75006,2029709620,5694,1
9.021149,0.002022,4.72703,-4466.24908,2030243888,5695,1
9.023165,0.002016,4.726667,-4465.51986,2030087933,5696,1
9.025188,0.002023,4.72729,-4466.77138,2030355471,5697,2
9.02922,0.004032,4.727496,-4467.18521,2030444150,5699,1
9.031242,0.002022,4.726592,-4465.3692,2030055502,5700,1
9.033258,0.002016,4.726471,-4465.12613,2030004097,5701,1
9.03528,0.002022,4.727683,-4467.56086,2030524223,5702,2
9.039312,0.004032,4.727374,-4466.94012,2030391646,5704,1
9.041335,0.002023,4.727674,-4467.54278,2030520282,5705,1
9.043351,0.002016,4.727544,-4467.28163,2030464714,5706,1
9.045373,0.002022,4.726152,-4464.4853,2029867049,5707,1
9.047389,0.002016,4.725679,-4463.53511,2029663801,5708,2
9.051427,0.004038,4.726705,-4465.5962,2030104279,5710,1
9.053444,0.002017,4.726617,-4465.41942,2030066634,5711,1
9.055466,0.002022,4.727151,-4466.49215,2030296022,5712,1
9.057482,0.002016,4.727547,-4467.28766,2030465850,5713,2
9.06152,0.004038,4.72634,-4464.86297,2029947550,5715,1
9.063536,0.002016,4.725728,-4463.63355,2029684712,5716,1
9.065559,0.002023,4.726751,-4465.68861,2030124332,5717,1
9.067575,0.002016,4.726769,-4465.72477,2030131835,5718,2
9.071613,0.004038,4.72697,-4466.12855,2030218280,5720,1
9.073635,0.002022,4.727717,-4467.62916,2030539188,5721,1
9.075652,0.002017,4.72677,-4465.72678,2030132341,5722,1
9.077667,0.002015,4.726184,-4464.54959,2029880435,5723,2
9.081706,0.004039,4.727048,-4466.28524,2030251561,5725,1
9.083728,0.002022,4.727033,-4466.25511,2030245156,5726,1
9.085744,0.002016,4.726853,-4465.89351,2030167943,5727,1
9.08776,0.002016,4.727444,-4467.08074,2030421874,5728,2
9.091799,0.004039,4.72648,-4465.14421,2030007454,5730,1
9.093821,0.002022,4.725634,-4463.44472,2029644221,5731,1
9.095837,0.002016,4.726452,-4465.08796,2029995896,5732,1
9.09786,0.002023,4.726801,-4465.78905,2030145844,5733,1
9.099876,0.002016,4.726613,-4465.41139,2030064664,5734,2
9.103914,0.004038,4.727334,-4466.85977,2030374384,5736,1
9.10593,0.002016,4.726606,-4465.39732,2030061913,5737,1
9.107952,0.002022,4.725689,-4463.5552,2029668027,5738,1
9.109968,0.002016,4.726254,-4464.69021,2029910788,5739,2
9.114007,0.004039,4.726916,-4466.02007,2030195187,5741,1
9.116023,0.002016,4.726755,-4465.69664,2030125954,5742,1
9.118045,0.002022,4.727576,-4467.34591,2030478548,5743,1
9.120061,0.002016,4.726896,-4465.97989,2030186190,5744,2
9.124099,0.004038,4.725765,-4463.70788,2029700511,5746,1
9.126116,0.002017,4.726204,-4464.58976,2029889161,5747,1
9.128138,0.002022,4.72684,-4465.8674,2030162242,5748,1
9.130154,0.002016,4.726343,-4464.86899,2029948786,5749,2
9.134192,0.004038,4.727218,-4466.62674,2030324646,5751,1
9.136208,0.002016,4.726821,-4465.82923,2030153971,5752,1
9.138231,0.002023,4.725934,-4464.04737,2029773045,5753,1
9.140247,0.002016,4.726259,-4464.70025,2029913021,5754,1
9.142269,0.002022,4.727156,-4466.50219,2030297889,5755,2
9.146308,0.004039,4.726646,-4465.47768,2030079005,5757,1
9.148324,0.002016,4.727445,-4467.08275,2030421966,5758,1
9.150339,0.002015,4.727041,-4466.27118,2030248663,5759,1
9.152362,0.002023,4.72597,-4464.11969,2029788631,5760,2
9.1564,0.004038,4.726161,-4464.50338,2029870699,5762,1
9.158416,0.002016,4.727381,-4466.95419,2030394450,5763,1
9.160432,0.002016,4.726912,-4466.01203,2030193032,5764,1
9.162455,0.002023,4.727583,-4467.35998,2030481612,5765,2
9.166493,0.004038,4.727473,-4467.139,2030434002,5767,1
9.168509,0.002016,4.726129,-4464.4391,2029857042,5768,1
9.170532,0.002023,4.725905,-4463.98912,2029760619,5769,1
9.172548,0.002016,4.727013,-4466.21493,2030236451,5770,2
9.176586,0.004038,4.726496,-4465.17635,2030014572,5772,1
9.178602,0.002016,4.727104,-4466.39773,2030275708,5773,1
9.180624,0.002022,4.727215,-4466.62072,2030323405,5774,1
9.18264,0.002016,4.725922,-4464.02327,2029768043,5775,1
9.184663,0.002023,4.725618,-4463.41257,2029637430,5776,2
9.188695,0.004032,4.726857,-4465.90155,2030169763,5778,1
9.190717,0.002022,4.726409,-4465.00158,2029976934,5779,1
9.192733,0.002016,4.727027,-4466.24305,2030242552,5780,1
9.194756,0.002023,4.727289,-4466.76937,2030355240,5781,2
9.198788,0.004032,4.726188,-4464.55762,2029882219,5783,1
9.20081,0.002022,4.726065,-4464.31053,2029829467,5784,1
9.202826,0.002016,4.727319,-4466.82964,2030368097,5785,1
9.204848,0.002022,4.726949,-4466.08636,2030209325,5786,2
9.208887,0.004039,4.727167,-4466.52429,2030302772,5788,1
9.210903,0.002016,4.727543,-4467.27962,2030464077,5789,1
9.212925,0.002022,4.726285,-4464.75248,2029924097,5790,1
9.214941,0.002016,4.7257,-4463.5773,2029672956,5791,2
9.21898,0.004039,4.726845,-4465.87744,2030164623,5793,1
9.220996,0.002016,4.726609,-4465.40335,2030063132,5794,1
9.223018,0.002022,4.726901,-4465.98994,2030188442,5795,1
9.225034,0.002016,4.727435,-4467.06267,2030417978,5796,1
9.22705,0.002016,4.726245,-4464.67213,2029906762,5797,2
9.231088,0.004038,4.725692,-4463.56123,2029669184,5799,1
9.233111,0.002023,4.726745,-4465.67655,2030121553,5800,1
9.235127,0.002016,4.726725,-4465.63638,2030112802,5801,1
9.237149,0.002022,4.72681,-4465.80713,2030149504,5802,2
9.241181,0.004032,4.727529,-4467.2515,2030457942,5804,1
9.243204,0.002023,4.726669,-4465.52388,2030088989,5805,1
9.24522,0.002016,4.725996,-4464.17192,2029799567,5806,1
9.247242,0.002022,4.726805,-4465.79709,2030147486,5807,2
9.25128,0.004038,4.726946,-4466.08033,2030207933,5809,1
9.253296,0.002016,4.726796,-4465.77901,2030143474,5810,1
9.255312,0.002016,4.727516,-4467.22538,2030452554,5811,1
9.257335,0.002023,4.726549,-4465.28282,2030037487,5812,2
9.261373,0.004038,4.725716,-4463.60944,2029679505,5814,1
9.263389,0.002016,4.726424,-4465.03171,2029983518,5815,1
9.265405,0.002016,4.72681,-4465.80713,2030149378,5816,1
9.267428,0.002023,4.726641,-4465.46763,2030076633,5817,1
9.269443,0.002015,4.727395,-4466.98231,2030400784,5818,2
9.273482,0.004039,4.726679,-4465.54397,2030093374,5820,1
9.275504,0.002022,4.725849,-4463.87662,2029736596,5821,1
9.27752,0.002016,4.726526,-4465.23662,2030027534,5822,1
9.279536,0.002016,4.727277,-4466.74527,2030349956,5823,2
9.283575,0.004039,4.726968,-4466.12453,2030217493,5825,1
9.285597,0.002022,4.727814,-4467.82402,2030580749,5826,1
9.287613,0.002016,4.727186,-4466.56246,2030311007,5827,1
9.289635,0.002022,4.725986,-4464.15183,2029795401,5828,2
9.293668,0.004033,4.726266,-4464.71431,2029915881,5830,1
9.29569,0.002022,4.726988,-4466.16471,2030225958,5831,1
9.297706,0.002016,4.726551,-4465.28684,2030038307,5832,1
9.299728,0.002022,4.727332,-4466.85575,2030373542,5833,2
9.30376,0.004032,4.726931,-4466.0502,2030201173,5835,1
9.305783,0.002023,4.725867,-4463.91278,2029744688,5836,1
9.307799,0.002016,4.726,-4464.17996,2029801730,5837,1
9.309821,0.002022,4.727049,-4466.28725,2030252076,5838,1
9.311837,0.002016,4.726642,-4465.46964,2030077192,5839,2
9.315879,0.004042,4.727568,-4467.32984,2030475181,5841,1
9.317895,0.002016,4.72742,-4467.03253,2030411417,5842,1
9.319911,0.002016,4.726296,-4464.77458,2029928669,5843,1
9.321933,0.002022,4.726303,-4464.78864,2029931766,5844,2
9.325971,0.004038,4.727421,-4467.03454,2030411784,5846,1
9.327988,0.002017,4.726734,-4465.65446,2030116612,5847,1
9.33001,0.002022,4.727212,-4466.61469,2030322068,5848,1
9.332026,0.002016,4.727105,-4466.39974,2030276283,5849,2
9.336064,0.004038,4.725901,-4463.98108,2029758966,5851,1
9.33808,0.002016,4.725884,-4463.94693,2029751892,5852,1
9.340103,0.002023,4.727085,-4466.35957,2030267435,5853,1
9.342119,0.002016,4.726468,-4465.1201,2030002337,5854,2
9.346157,0.004038,4.727099,-4466.38769,2030273742,5856,1
9.348173,0.002016,4.727273,-4466.73723,2030348320,5857,1
9.350196,0.002023,4.725849,-4463.87662,2029736627,5858,1
9.352212,0.002016,4.72558,-4463.33624,2029621011,5859,2
9.35625,0.004038,4.726873,-4465.93369,2030176668,5861,1
9.358266,0.002016,4.726618,-4465.42143,2030067064,5862,1
9.360288,0.002022,4.727182,-4466.55442,2030309098,5863,1
9.362304,0.002016,4.727515,-4467.22337,2030452101,5864,1
9.364327,0.002023,4.72651,-4465.20447,2030020307,5865,2
9.368365,0.004038,4.726141,-4464.46321,2029861992,5867,1
9.370381,0.002016,4.727135,-4466.46001,2030288964,5868,1
9.372397,0.002016,4.726632,-4465.44955,2030072908,5869,1
9.37442,0.002023,4.726936,-4466.06025,2030203519,5870,2
9.378458,0.004038,4.727425,-4467.04258,2030413354,5872,1
9.380474,0.002016,4.726213,-4464.60784,2029892741,5873,1
9.38249,0.002016,4.725749,-4463.67573,2029693582,5874,1
9.384512,0.002022,4.726731,-4465.64843,2030115725,5875,2
9.388551,0.004039,4.726548,-4465.28081,2030036830,5877,1
9.390567,0.002016,4.726859,-4465.90556,2030170614,5878,1
9.392583,0.002016,4.727408,-4467.00843,2030406528,5879,1
9.394605,0.002022,4.72635,-4464.88306,2029951996,5880,2
9.398644,0.004039,4.725903,-4463.9851,2029759890,5882,1
9.40066,0.002016,4.727017,-4466.22296,2030238596,5883,1
9.402682,0.002022,4.727107,-4466.40376,2030276779,5884,1
9.404698,0.002016,4.72716,-4466.51023,2030299704,5885,1
9.406714,0.002016,4.727868,-4467.9325,2030603828,5886,2
9.410752,0.004038,4.726814,-4465.81517,2030151179,5888,1
9.412775,0.002023,4.725894,-4463.96702,2029755994,5889,1
9.414791,0.002016,4.726561,-4465.30692,2030042466,5890,1
9.416807,0.002016,4.726879,-4465.94574,2030179166,5891,2
9.420845,0.004038,4.726743,-4465.67254,2030120763,5893,1
9.422868,0.002023,4.727421,-4467.03454,2030412023,5894,1
9.424884,0.002016,4.726604,-4465.39331,2030060834,5895,1
9.426906,0.002022,4.725713,-4463.60342,2029678426,5896,2
9.430938,0.004032,4.726382,-4464.94734,2029965714,5898,1
9.43296,0.002022,4.726898,-4465.98391,2030187216,5899,1
9.434976,0.002016,4.726586,-4465.35715,2030053164,5900,1
9.436999,0.002023,4.727214,-4466.61871,2030322782,5901,2
9.441031,0.004032,4.726646,-4465.47768,2030078829,5903,1
9.443053,0.002022,4.725748,-4463.67373,2029693013,5904,1
9.445069,0.002016,4.72619,-4464.56164,2029883176,5905,1
9.447091,0.002022,4.726899,-4465.98592,2030187651,5906,1
9.449111,0.00202,4.726699,-4465.58415,2030101941,5907,2
9.453143,0.004032,4.727434,-4467.06066,2030417444,5909,1
9.455165,0.002022,4.726869,-4465.92565,2030174747,5910,1
9.457181,0.002016,4.72579,-4463.7581,2029711097,5911,1
9.459204,0.002023,4.726152,-4464.4853,2029867025,5912,2
9.463236,0.004032,4.727042,-4466.27318,2030249114,5914,1
9.465258,0.002022,4.726469,-4465.12211,2030003132,5915,1
9.467274,0.002016,4.727118,-4466.42586,2030281558,5916,1
9.469296,0.002022,4.726782,-4465.75088,2030137435,5917,2
9.473328,0.004032,4.725723,-4463.6235,2029682629,5919,1
9.475351,0.002023,4.726016,-4464.2121,2029808403,5920,1
9.477367,0.002016,4.72704,-4466.26917,2030248091,5921,1
9.479389,0.002022,4.726558,-4465.3009,2030041058,5922,2
9.483428,0.004039,4.727478,-4467.14905,2030436410,5924,1
9.485444,0.002016,4.727449,-4467.09079,2030423835,5925,1
9.48746,0.002016,4.72628,-4464.74244,2029921855,5926,1
9.489482,0.002022,4.726276,-4464.7344,2029919997,5927,1
9.491498,0.002016,4.7274,-4466.99236,2030402632,5928,2
9.495536,0.004038,4.726621,-4465.42746,2030068114,5930,1
9.497552,0.002016,4.727178,-4466.54639,2030307538,5931,1
9.499575,0.002023,4.727174,-4466.53835,2030305970,5932,1
9.501591,0.002016,4.725973,-4464.12572,2029789993,5933,2
9.505629,0.004038,4.725845,-4463.86858,2029735047,5935,1
9.507645,0.002016,4.727014,-4466.21694,2030237016,5936,1
9.509668,0.002023,4.726471,-4465.12613,2030003807,5937,1
9.511683,0.002015,4.727062,-4466.31336,2030257569,5938,2
9.515722,0.004039,4.72719,-4466.5705,2030312524,5940,1
9.517738,0.002016,4.725871,-4463.92081,2029746189,5941,1
9.51976,0.002022,4.725581,-4463.33825,2029621672,5942,1
9.521776,0.002016,4.726753,-4465.69263,2030124895,5943,2
9.525815,0.004039,4.72639,-4464.96341,2029969071,5945,1
9.527831,0.002016,4.726981,-4466.15064,2030222974,5946,1
9.529853,0.002022,4.727353,-4466.89794,2030382564,5947,1
9.531869,0.002016,4.726227,-4464.63597,2029898928,5948,1
9.533892,0.002023,4.725887,-4463.95296,2029753248,5949,2
9.537924,0.004032,4.726966,-4466.12051,2030216488,5951,1
9.539946,0.002022,4.726606,-4465.39732,2030061943,5952,1
9.541962,0.002016,4.726867,-4465.92163,2030174031,5953,1
9.543984,0.002022,4.727307,-4466.80553,2030363095,5954,2
9.548023,0.004039,4.726183,-4464.54758,2029880144,5956,1
9.550039,0.002016,4.725551,-4463.27798,2029608721,5957,1
9.552055,0.002016,4.726624,-4465.43348,2030069651,5958,1
9.554077,0.002022,4.726796,-4465.77901,2030143309,5959,2
9.558116,0.004039,4.727003,-4466.19484,2030232281,5961,1
9.560132,0.002016,4.72746,-4467.11289,2030428649,5962,1
9.562154,0.002022,4.726545,-4465.27478,2030035852,5963,1
9.56417,0.002016,4.725863,-4463.90474,2029742515,5964,2
9.568208,0.004038,4.726777,-4465.74084,2030135210,5966,1
9.570224,0.002016,4.727102,-4466.39372,2030275090,5967,1
9.572247,0.002023,4.72736,-4466.912,2030385615,5968,1
9.574263,0.002016,4.727668,-4467.53073,2030517989,5969,2
9.578301,0.004038,4.726517,-4465.21854,2030023460,5971,1
9.580317,0.002016,4.725708,-4463.59337,2029676118,5972,1
9.58234,0.002023,4.726454,-4465.09198,2029996552,5973,1
9.584356,0.002016,4.726842,-4465.87141,2030163180,5974,1
9.586372,0.002016,4.726685,-4465.55602,2030095605,5975,2
9.59041,0.004038,4.727239,-4466.66893,2030333806,5977,1
9.592432,0.002022,4.726446,-4465.07591,2029992962,5978,1
9.594448,0.002016,4.725663,-4463.50297,2029656813,5979,1
9.596464,0.002016,4.726323,-4464.82882,2029940039,5980,2
9.600503,0.004039,4.726951,-4466.09038,2030210024,5982,1
9.602525,0.002022,4.726834,-4465.85534,2030159800,5983,1
9.604541,0.002016,4.727481,-4467.15507,2030437743,5984,1
9.606563,0.002022,4.726892,-4465.97186,2030184463,5985,2
9.610596,0.004033,4.72607,-4464.32058,2029831680,5987,1
9.612618,0.002022,4.726623,-4465.43147,2030068915,5988,1
9.614634,0.002016,4.727351,-4466.89392,2030381724,5989,1
9.616656,0.002022,4.726896,-4465.97989,2030186465,5990,2
9.620688,0.004032,4.727569,-4467.33185,2030475491,5992,1
9.622711,0.002023,4.727026,-4466.24104,2030241910,5993,1
9.624727,0.002016,4.725813,-4463.8043,2029721289,5994,1
9.626749,0.002022,4.726053,-4464.28643,2029824081,5995,1
9.628765,0.002016,4.726915,-4466.01806,2030194385,5996,2
9.632803,0.004038,4.726386,-4464.95538,2029967055,5998,1
9.63482,0.002017,4.727123,-4466.4359,2030283733,5999,1
9.636842,0.002022,4.726822,-4465.83124,2030154620,6000,1
9.638858,0.002016,4.725685,-4463.54717,2029666241,6001,2
9.642896,0.004038,4.725766,-4463.70988,2029701054,6003,1
9.644912,0.002016,4.726816,-4465.81918,2030151955,6004,1
9.646935,0.002023,4.726336,-4464.85493,2029945652,6005,1
9.648951,0.002016,4.727237,-4466.66491,2030332832,6006,2
9.652989,0.004038,4.727181,-4466.55242,2030308804,6008,1
9.655005,0.002016,4.726123,-4464.42705,2029854201,6009,1
9.657028,0.002023,4.726081,-4464.34267,2029836299,6010,1
9.659043,0.002015,4.727136,-4466.46202,2030289525,6011,2
9.663082,0.004039,4.726409,-4465.00158,2029977372,6013,1
9.665098,0.002016,4.727076,-4466.34149,2030263542,6014,1
9.66712,0.002022,4.727058,-4466.30533,2030255867,6015,1
9.669136,0.002016,4.725752,-4463.68176,2029695278,6016,1
9.671159,0.002023,4.725565,-4463.3061,2029614831,6017,2
9.675197,0.004038,4.726801,-4465.78905,2030145562,6019,1
9.677213,0.002016,4.726315,-4464.81275,2029936802,6020,1
9.679229,0.002016,4.7268,-4465.78704,2030145346,6021,1
9.681252,0.002023,4.727111,-4466.4118,2030278658,6022,2
9.68529,0.004038,4.7259,-4463.97907,2029758751,6024,1
9.687306,0.002016,4.725668,-4463.51302,2029659022,6025,1
9.689322,0.002016,4.72691,-4466.00802,2030192556,6026,1
9.691344,0.002022,4.726778,-4465.74285,2030135567,6027,2
9.695383,0.004039,4.727264,-4466.71915,2030344704,6029,1
9.697399,0.002016,4.727453,-4467.09882,2030425481,6030,1
9.699421,0.002022,4.726186,-4464.5536,2029881623,6031,1
9.701437,0.002016,4.725649,-4463.47485,2029650985,6032,2
9.705476,0.004039,4.72665,-4465.48571,2030080633,6034,1
9.707492,0.002016,4.726526,-4465.23662,2030027360,6035,1
9.709514,0.002022,4.726774,-4465.73481,2030134111,6036,1
9.71153,0.002016,4.727003,-4466.19484,2030232249,6037,1
9.713552,0.002022,4.725956,-4464.09157,2029782704,6038,2
9.717584,0.004032,4.725519,-4463.2137,2029594703,6040,1
9.719607,0.002023,4.726549,-4465.28282,2030037286,6041,1
9.721623,0.002016,4.726584,-4465.35313,2030052526,6042,1
9.723645,0.002022,4.726818,-4465.8232,2030152745,6043,2
9.727684,0.004039,4.727217,-4466.62473,2030324375,6045,1
9.7297,0.002016,4.726178,-4464.53753,2029878207,6046,1
9.731716,0.002016,4.725525,-4463.22575,2029597490,6047,1
9.733738,0.002022,4.726564,-4465.31295,2030043866,6048,2
9.737776,0.004038,4.72679,-4465.76695,2030140482,6050,1
9.739792,0.002016,4.726938,-4466.06426,2030204267,6051,1
9.741808,0.002016,4.727427,-4467.04659,2030414340,6052,1
9.743831,0.002023,4.726437,-4465.05783,2029989211,6053,2
9.747869,0.004038,4.725543,-4463.26191,2029605322,6055,1
9.749885,0.002016,4.726245,-4464.67213,2029906732,6056,1
9.751908,0.002023,4.726675,-4465.53593,2030091504,6057,1
9.753923,0.002015,4.726619,-4465.42344,2030067432,6058,1
9.755943,0.00202,4.727179,-4466.5484,2030307721,6059,2
9.759981,0.004038,4.726447,-4465.07792,2029993423,6061,1
9.761997,0.002016,4.725684,-4463.54516,2029665609,6062,1
9.76402,0.002023,4.72632,-4464.82279,2029938769,6063,1
9.766036,0.002016,4.72697,-4466.12855,2030218121,6064,2
9.770074,0.004038,4.726913,-4466.01404,2030193902,6066,1
9.77209,0.002016,4.727523,-4467.23944,2030455717,6067,1
9.774112,0.002022,4.726911,-4466.01002,2030192661,6068,1
9.776128,0.002016,4.725781,-4463.74002,2029707351,6069,2
9.780167,0.004039,4.726099,-4464.37883,2029844154,6071,1
9.782183,0.002016,4.726983,-4466.15466,2030223798,6072,1
9.784205,0.002022,4.726607,-4465.39933,2030062266,6073,1
9.786221,0.002016,4.727131,-4466.45197,2030287179,6074,2
9.79026,0.004039,4.726626,-4465.4375,2030070338,6076,1
9.792276,0.002016,4.72561,-4463.3965,2029634181,6077,1
9.794298,0.002022,4.725881,-4463.9409,2029750316,6078,1
9.796314,0.002016,4.72685,-4465.88748,2030166439,6079,2
9.800352,0.004038,4.726455,-4465.09399,2029996940,6081,1
9.802375,0.002023,4.727084,-4466.35756,2030267138,6082,1
9.804391,0.002016,4.726869,-4465.92565,2030174839,6083,1
9.806407,0.002016,4.725578,-4463.33222,2029620228,6084,1
9.808429,0.002022,4.725699,-4463.57529,2029671897,6085,2
9.812468,0.004039,4.726863,-4465.9136,2030172387,6087,1
9.814484,0.002016,4.726565,-4465.31496,2030044360,6088,1
9.816506,0.002022,4.727216,-4466.62273,2030323940,6089,1
9.818522,0.002016,4.727123,-4466.4359,2030283902,6090,2
9.82256,0.004038,4.726035,-4464.25027,2029816671,6092,1
9.824576,0.002016,4.725969,-4464.11768,2029788154,6093,1
9.826599,0.002023,4.727024,-4466.23703,2030241465,6094,1
9.828615,0.002016,4.726628,-4465.44152,2030071136,6095,2
9.832653,0.004038,4.727168,-4466.5263,2030303052,6097,1
9.834669,0.002016,4.727055,-4466.2993,2030254543,6098,1
9.836692,0.002023,4.725769,-4463.71591,2029702461,6099,1
9.838708,0.002016,4.725569,-4463.31414,2029616459,6100,2
9.842746,0.004038,4.726763,-4465.71271,2030129469,6102,1
9.844768,0.002022,4.72645,-4465.08394,2029994633,6103,1
9.846784,0.002016,4.727009,-4466.20689,2030235046,6104,1
9.8488,0.002016,4.727215,-4466.62072,2030323190,6105,1
9.850823,0.002023,4.726064,-4464.30852,2029829093,6106,2
9.854861,0.004038,4.72574,-4463.65765,2029689621,6108,1
9.856877,0.002016,4.726917,-4466.02208,2030195539,6109,1
9.858893,0.002016,4.726838,-4465.86338,2030161578,6110,1
9.860916,0.002023,4.727234,-4466.65889,2030331730,6111,2
9.864954,0.004038,4.727482,-4467.15708,2030438277,6113,1
9.86697,0.002016,4.726187,-4464.55561,2029881798,6114,1
9.868992,0.002022,4.725712,-4463.60141,2029677886,6115,1
9.871008,0.002016,4.726799,-4465.78503,2030144738,6116,2
9.875047,0.004039,4.726752,-4465.69062,2030124680,6118,1
9.877063,0.002016,4.727002,-4466.19283,2030232068,6119,1
9.879085,0.002022,4.727371,-4466.9341,2030390424,6120,1
9.881101,0.002016,4.726441,-4465.06586,2029991175,6121,2
9.88514,0.004039,4.725723,-4463.6235,2029682479,6123,1
9.887155,0.002015,4.726614,-4465.41339,2030065020,6124,1
9.889175,0.00202,4.726831,-4465.84932,2030158703,6125,1
9.891197,0.002022,4.72702,-4466.22899,2030239653,6126,1
9.893213,0.002016,4.727432,-4467.05664,2030416711,6127,2
9.897252,0.004039,4.726414,-4465.01162,2029979310,6129,1
9.899268,0.002016,4.72579,-4463.7581,2029711244,6130,1
9.90129,0.002022,4.726729,-4465.64441,2030114633,6131,1
9.903306,0.002016,4.727178,-4466.54639,2030307387,6132,2
9.907344,0.004038,4.72731,-4466.81156,2030364108,6134,1
9.90936,0.002016,4.727804,-4467.80393,2030576349,6135,1
9.911383,0.002023,4.726976,-4466.1406,2030220924,6136,1
9.913399,0.002016,4.726129,-4464.4391,2029857035,6137,2
9.917437,0.004038,4.726716,-4465.6183,2030108882,6139,1
9.91946,0.002023,4.727142,-4466.47407,2030292078,6140,1
9.921476,0.002016,4.727066,-4466.3214,2030259211,6141,1
9.923498,0.002022,4.727529,-4467.2515,2030457926,6142,2
9.927536,0.004038,4.726795,-4465.777,2030142982,6144,1
9.929552,0.002016,4.725888,-4463.95496,2029753540,6145,1
9.931568,0.002016,4.726456,-4465.096,2029997177,6146,1
9.933591,0.002023,4.727162,-4466.51425,2030300680,6147,1
9.935607,0.002016,4.726903,-4465.99395,2030189306,6148,2
9.939645,0.004038,4.727742,-4467.67938,2030549847,6150,1
9.941668,0.002023,4.727256,-4466.70308,2030341175,6151,1
9.943683,0.002015,4.726145,-4464.47124,2029863786,6152,1
9.9457,0.002017,4.726346,-4464.87502,2029950083,6153,2
9.949738,0.004038,4.72724,-4466.67094,2030334207,6155,1
9.95176,0.002022,4.726717,-4465.62031,2030109436,6156,1
9.953776,0.002016,4.727439,-4467.0707,2030419630,6157,1
9.955799,0.002023,4.727173,-4466.53634,2030305563,6158,2
9.959837,0.004038,4.726057,-4464.29446,2029825964,6160,1
9.961853,0.002016,4.726171,-4464.52347,2029875101,6161,1
9.963869,0.002016,4.727226,-4466.64281,2030328334,6162,1
9.965892,0.002023,4.726702,-4465.59017,2030103215,6163,2
9.96993,0.004038,4.72741,-4467.01244,2030407020,6165,1
9.971946,0.002016,4.72725,-4466.69103,2030338445,6166,1
9.973968,0.002022,4.726048,-4464.27638,2029822096,6167,1
9.975984,0.002016,4.726101,-4464.38285,2029845172,6168,1
9.978,0.002016,4.727226,-4466.64281,2030328057,6169,2
9.982039,0.004039,4.726677,-4465.53995,2030092407,6171,1
9.984061,0.002022,4.727388,-4466.96825,2030397896,6172,1
9.986077,0.002016,4.727358,-4466.90798,2030384698,6173,1
9.988099,0.002022,4.726151,-4464.48329,2029866672,6174,2
9.992138,0.004039,4.726035,-4464.25027,2029816587,6176,1
9.994154,0.002016,4.727175,-4466.54036,2030306337,6177,1
9.996176,0.002022,4.726624,-4465.43348,2030069448,6178,1
9.998192,0.002016,4.727298,-4466.78745,2030359017,6179,2
10.002231,0.004039,4.727464,-4467.12092,2030430344,6181,1
10.004247,0.002016,4.7262,-4464.58173,2029887351,6182,1
10.006269,0.002022,4.725954,-4464.08755,2029781790,6183,1
10.008285,0.002016,4.727188,-4466.56648,2030311852,6184,2
10.012324,0.004039,4.726735,-4465.65647,2030117147,6186,1
10.014339,0.002015,4.727164,-4466.51827,2030301693,6187,1
10.016362,0.002023,4.727508,-4467.20931,2030449048,6188,1
10.018378,0.002016,4.726323,-4464.82882,2029940134,6189,1
10.0204,0.002022,4.726007,-4464.19402,2029804438,6190,2
10.024439,0.004039,4.727328,-4466.84772,2030371983,6192,1
10.026455,0.002016,4.727278,-4466.74727,2030350447,6193,1
10.028477,0.002022,4.727704,-4467.60305,2030533302,6194,1
10.030493,0.002016,4.728297,-4468.7943,2030788070,6195,2
10.034532,0.004039,4.727213,-4466.6167,2030322578,6197,1
10.036548,0.002016,4.726662,-4465.50982,2030085731,6198,1
10.03857,0.002022,4.727585,-4467.36399,2030482138,6199,1
10.040586,0.002016,4.727462,-4467.1169,2030429531,6200,2
10.044624,0.004038,4.727487,-4467.16713,2030440118,6202,1
10.04664,0.002016,4.727995,-4468.18762,2030658318,6203,1
10.048663,0.002023,4.726975,-4466.13859,2030220284,6204,1
10.050679,0.002016,4.726419,-4465.02167,2029981753,6205,2
10.054717,0.004038,4.727478,-4467.14905,2030436378,6207,1
10.05674,0.002023,4.727701,-4467.59702,2030532191,6208,1
10.058756,0.002016,4.727794,-4467.78384,2030571933,6209,1
10.060772,0.002016,4.728524,-4469.25031,2030885510,6210,2
10.06481,0.004038,4.727558,-4467.30975,2030470487,6212,1
10.066832,0.002022,4.726727,-4465.6404,2030113543,6213,1
10.068848,0.002016,4.727493,-4467.17918,2030442936,6214,1
10.070864,0.002016,4.727639,-4467.47247,2030505428,6215,1
10.072887,0.002023,4.727223,-4466.63679,2030326985,6216,2
10.076925,0.004038,4.727983,-4468.16352,2030653320,6218,1
10.078941,0.002016,4.727389,-4466.97026,2030398326,6219,1
10.080957,0.002016,4.726548,-4465.28081,2030036906,6220,1
10.08298,0.002023,4.727001,-4466.19082,2030231600,6221,2
10.087018,0.004038,4.727655,-4467.50461,2030512416,6223,1
10.089034,0.002016,4.727524,-4467.24145,2030455887,6224,1
10.091056,0.002022,4.728509,-4469.22018,2030879330,6225,1
10.093072,0.002016,4.727783,-4467.76175,2030567241,6226,2
10.097111,0.004039,4.726743,-4465.67254,2030120494,6228,1
10.099127,0.002016,4.727415,-4467.02249,2030409178,6229,1
10.101149,0.002022,4.728218,-4468.6356,2030754288,6230,1
10.103165,0.002016,4.727833,-4467.86219,2030588987,6231,2
10.107204,0.004039,4.728794,-4469.7927,2031001512,6233,1
10.10922,0.002016,4.728433,-4469.0675,2030846467,6234,1
10.111242,0.002022,4.727489,-4467.17114,2030440899,6235,1
10.113258,0.002016,4.727799,-4467.79389,2030574243,6236,1
10.11528,0.002022,4.728638,-4469.47932,2030934514,6237,2
10.119312,0.004032,4.727979,-4468.15548,2030651364,6239,1
10.121335,0.002023,4.728877,-4469.95944,2031037282,6240,1
10.123351,0.002016,4.728328,-4468.85657,2030801424,6241,1
10.125373,0.002022,4.726893,-4465.97387,2030185227,6242,2
10.129412,0.004039,4.726936,-4466.06025,2030203797,6244,1
10.131428,0.002016,4.727978,-4468.15347,2030651081,6245,1
10.13345,0.002022,4.727482,-4467.15708,2030438182,6246,1
10.135466,0.002016,4.728244,-4468.68783,2030765501,6247,2
10.139504,0.004038,4.728237,-4468.67377,2030762311,6249,1
10.14152,0.002016,4.727062,-4466.31336,2030257659,6250,1
10.143543,0.002023,4.727016,-4466.22095,2030237644,6251,1
10.145559,0.002016,4.728262,-4468.72399,2030773270,6252,2
10.149597,0.004038,4.72805,-4468.29811,2030682054,6254,1
10.15162,0.002023,4.728959,-4470.12416,2031072220,6255,1
10.153635,0.002015,4.728791,-4469.78667,2031000214,6256,1
10.155652,0.002017,4.727419,-4467.03052,2030411020,6257,1
10.157674,0.002022,4.727297,-4466.78544,2030358611,6258,2
10.161712,0.004038,4.728464,-4469.12978,2030859652,6260,1
10.163728,0.002016,4.728016,-4468.22981,2030667601,6261,1
10.165744,0.002016,4.728736,-4469.67619,2030976843,6262,1
10.167767,0.002023,4.729164,-4470.53598,2031160546,6263,2
10.171805,0.004038,4.72804,-4468.27802,2030677930,6265,1
10.173821,0.002016,4.727533,-4467.25953,2030459911,6266,1
10.175844,0.002023,4.72848,-4469.16192,2030866556,6267,1
10.17786,0.002016,4.727988,-4468.17356,2030655339,6268,2
10.181898,0.004038,4.728566,-4469.33468,2030903670,6270,1
10.183914,0.002016,4.728953,-4470.11211,2031070060,6271,1
10.185936,0.002022,4.727654,-4467.5026,2030511585,6272,1
10.187952,0.002016,4.727443,-4467.07874,2030421422,6273,2
10.191991,0.004039,4.728811,-4469.82685,2031008753,6275,1
10.194013,0.002022,4.72874,-4469.68422,2030978485,6276,1
10.196029,0.002016,4.72904,-4470.28688,2031107293,6277,1
10.198045,0.002016,4.729618,-4471.448,2031355213,6278,1
10.200068,0.002023,4.728401,-4469.00322,2030832659,6279,2
10.204106,0.004038,4.727795,-4467.78585,2030572251,6281,1
10.206122,0.002016,4.728788,-4469.78065,2030999125,6282,1
10.208144,0.002022,4.728803,-4469.81078,2031005492,6283,1
10.21016,0.002016,4.728909,-4470.02372,2031051049,6284,2
10.214199,0.004039,4.729643,-4471.49822,2031366255,6286,1
10.216215,0.002016,4.728542,-4469.28647,2030893229,6287,1
10.218237,0.002022,4.727771,-4467.73764,2030562229,6288,1
10.220253,0.002016,4.728643,-4469.48936,2030936684,6289,2
10.224292,0.004039,4.728951,-4470.10809,2031068774,6291,1
10.226308,0.002016,4.728795,-4469.79471,2031001935,6292,1
10.22833,0.002022,4.72913,-4470.46768,2031145785,6293,1
10.230346,0.002016,4.728433,-4469.0675,2030846633,6294,2
10.234384,0.004038,4.727677,-4467.54881,2030521956,6296,1
10.236407,0.002023,4.728413,-4469.02733,2030837754,6297,1
10.238423,0.002016,4.728748,-4469.70029,2030981913,6298,1
10.240445,0.002022,4.728436,-4469.07353,2030847762,6299,1
10.242461,0.002016,4.729171,-4470.55004,2031163355,6300,2
10.2465,0.004039,4.728517,-4469.23625,2030882551,6302,1
10.248516,0.002016,4.727663,-4467.52068,2030515816,6303,1
10.250538,0.002022,4.728199,-4468.59743,2030745978,6304,1
10.252554,0.002016,4.728561,-4469.32464,2030901327,6305,2
10.256592,0.004038,4.72799,-4468.17758,2030656080,6307,1
10.258608,0.002016,4.728436,-4469.07353,2030847546,6308,1
10.260631,0.002023,4.72794,-4468.07714,2030634808,6309,1
10.262647,0.002016,4.726919,-4466.0261,2030196046,6310,2
10.266685,0.004038,4.727391,-4466.97428,2030398890,6312,1
10.268708,0.002023,4.728449,-4469.09965,2030853344,6313,1
10.270724,0.002016,4.728066,-4468.33025,2030688683,6314,1
10.27274,0.002016,4.728602,-4469.407,2030919339,6315,2
10.276778,0.004038,4.728229,-4468.6577,2030758908,6317,1
10.2788,0.002022,4.727135,-4466.46001,2030289120,6318,1
10.280816,0.002016,4.727336,-4466.86379,2030375602,6319,1
10.282832,0.002016,4.728358,-4468.91684,2030814520,6320,1
10.284855,0.002023,4.72796,-4468.11731,2030643447,6321,2
10.288893,0.004038,4.728802,-4469.80877,2031004989,6323,1
10.290909,0.002016,4.728836,-4469.87707,2031019707,6324,1
10.292932,0.002023,4.727833,-4467.86219,2030588844,6325,1
10.294947,0.002015,4.727801,-4467.79791,2030575102,6326,2
10.298986,0.004039,4.728995,-4470.19648,2031087840,6328,1
10.301002,0.002016,4.728591,-4469.3849,2030914482,6329,1
10.303024,0.002022,4.729156,-4470.51991,2031156838,6330,1
10.30504,0.002016,4.729266,-4470.74088,2031204365,6331,2
10.309079,0.004039,4.728269,-4468.73805,2030775873,6333,1
10.311095,0.002016,4.7283,-4468.80033,2030789562,6334,1
10.313117,0.002022,4.729478,-4471.16676,2031295345,6335,1
10.315133,0.002016,4.728982,-4470.17037,2031082052,6336,2
10.319172,0.004039,4.729507,-4471.22501,2031307472,6338,1
10.321188,0.002016,4.72967,-4471.55246,2031377592,6339,1
10.32321,0.002022,4.728608,-4469.41905,2030921788,6340,1
10.325226,0.002016,4.728262,-4468.72399,2030773000,6341,2
10.329264,0.004038,4.729275,-4470.75896,2031208167,6343,1
10.33128,0.002016,4.72858,-4469.36281,2030909444,6344,1
10.333303,0.002023,4.728871,-4469.94738,2031034450,6345,1
10.335319,0.002016,4.729058,-4470.32304,2031114951,6346,1
10.337341,0.002022,4.727867,-4467.93049,2030603371,6347,2
10.34138,0.004039,4.727494,-4467.18119,2030443300,6349,1
10.343396,0.002016,4.728654,-4469.51146,2030941557,6350,1
10.345412,0.002016,4.728312,-4468.82443,2030794677,6351,1
10.347434,0.002022,4.728781,-4469.76659,2030995879,6352,2
10.351472,0.004038,4.72919,-4470.58821,2031171796,6354,1
10.353488,0.002016,4.728406,-4469.01326,2030835096,6355,1
10.355504,0.002016,4.728025,-4468.24789,2030671234,6356,1
10.357527,0.002023,4.729224,-4470.65651,2031186280,6357,2
10.361565,0.004038,4.729038,-4470.28286,2031106568,6359,1
10.363581,0.002016,4.729268,-4470.7449,2031204996,6360,1
10.365603,0.002022,4.729819,-4471.85178,2031441613,6361,1
10.36762,0.002017,4.728809,-4469.82283,2031008069,6362,2
10.371655,0.004035,4.728048,-4468.29409,2030681246,6364,1
10.373677,0.002022,4.728913,-4470.03175,2031052485,6365,1
10.375693,0.002016,4.728832,-4469.86904,2031017685,6366,1
10.377716,0.002023,4.728825,-4469.85497,2031014857,6367,1
10.379731,0.002015,4.72952,-4471.25113,2031313475,6368,2
10.38377,0.004039,4.728687,-4469.57775,2030955806,6370,1
10.385786,0.002016,4.728128,-4468.4548,2030715232,6371,1
10.387808,0.002022,4.729105,-4470.41745,2031134821,6372,1
10.389824,0.002016,4.729514,-4471.23908,2031310821,6373,2
10.393863,0.004039,4.729489,-4471.18886,2031300270,6375,1
10.395879,0.002016,4.730276,-4472.76982,2031638039,6376,1
10.397901,0.002022,4.729632,-4471.47612,2031361471,6377,1
10.399917,0.002016,4.728642,-4469.48735,2030936338,6378,2
10.403956,0.004039,4.729002,-4470.21054,2031090746,6380,1
10.405978,0.002022,4.72938,-4470.96989,2031253054,6381,1
10.407994,0.002016,4.728973,-4470.15229,2031078498,6382,1
10.41001,0.002016,4.729423,-4471.05627,2031271699,6383,2
10.414048,0.004038,4.728628,-4469.45923,2030930063,6385,1
10.416071,0.002023,4.727801,-4467.79791,2030575242,6386,1
10.418087,0.002016,4.728556,-4469.31459,2030899179,6387,1
10.420103,0.002016,4.729331,-4470.87146,2031232069,6388,1
10.422125,0.002022,4.728931,-4470.06791,2031060428,6389,2
10.426164,0.004039,4.729633,-4471.47813,2031362036,6391,1
10.42818,0.002016,4.729247,-4470.70271,2031196188,6392,1
10.430202,0.002022,4.728091,-4468.38047,2030699820,6393,1
10.432218,0.002016,4.728413,-4469.02733,2030837756,6394,2
10.436256,0.004038,4.729308,-4470.82525,2031222342,6396,1
10.438272,0.002016,4.728926,-4470.05787,2031057991,6397,1
10.440295,0.002023,4.729624,-4471.46005,2031357958,6398,1
10.442311,0.002016,4.729384,-4470.97793,2031254853,6399,2
10.446349,0.004038,4.7284,-4469.00121,2030832372,6401,1
10.448372,0.002023,4.728636,-4469.4753,2030933531,6402,1
10.450388,0.002016,4.729731,-4471.675,2031403992,6403,1
10.452404,0.002016,4.729101,-4470.40942,2031133363,6404,2
10.456442,0.004038,4.729519,-4471.24912,2031313070,6406,1
10.458464,0.002022,4.729506,-4471.22301,2031307166,6407,1
10.46048,0.002016,4.728426,-4469.05344,2030843479,6408,1
10.462496,0.002016,4.728519,-4469.24026,2030883766,6409,1
10.464519,0.002023,4.729731,-4471.675,2031403756,6410,2
10.468557,0.004038,4.729219,-4470.64646,2031184428,6412,1
10.470573,0.002016,4.729744,-4471.70111,2031409499,6413,1
10.472596,0.002023,4.729913,-4472.04061,2031482256,6414,1
10.474612,0.002016,4.728729,-4469.66212,2030973877,6415,2
10.47865,0.004038,4.728577,-4469.35678,2030908240,6417,1
10.480666,0.002016,4.729855,-4471.9241,2031457059,6418,1
10.482688,0.002022,4.729356,-4470.92168,2031242713,6419,1
10.484704,0.002016,4.729737,-4471.68705,2031406590,6420,2
10.488743,0.004039,4.729804,-4471.82164,2031435255,6422,1
10.490759,0.002016,4.728671,-4469.54561,2030948633,6423,1
10.492781,0.002022,4.728399,-4468.9992,2030832010,6424,1
10.494797,0.002016,4.729476,-4471.16274,2031294375,6425,2
10.498836,0.004039,4.728948,-4470.10206,2031067530,6427,1
10.500852,0.002016,4.729209,-4470.62638,2031179553,6428,1
10.502874,0.002022,4.729484,-4471.17881,2031297922,6429,1
10.50489,0.002016,4.72858,-4469.36281,2030909462,6430,1
10.506912,0.002022,4.728275,-4468.7501,2030778556,6431,2
10.510944,0.004032,4.729301,-4470.81119,2031219319,6433,1
10.512967,0.002023,4.729087,-4470.3813,2031127394,6434,1
10.514983,0.002016,4.7296,-4471.41184,2031347956,6435,1
10.517005,0.002022,4.73012,-4472.45644,2031571057,6436,2
10.521044,0.004039,4.729071,-4470.34915,2031120553,6438,1
10.52306,0.002016,4.728416,-4469.03335,2030839116,6439,1
10.525076,0.002016,4.729408,-4471.02614,2031265415,6440,1
10.527098,0.002022,4.729157,-4470.52192,2031157437,6441,2
10.531136,0.004038,4.729184,-4470.57615,2031168991,6443,1
10.533152,0.002016,4.729772,-4471.75736,2031421723,6444,1
10.535175,0.002023,4.729043,-4470.29291,2031108463,6445,1
10.537191,0.002016,4.728415,-4469.03134,2030838697,6446,2
10.541229,0.004038,4.729299,-4470.80717,2031218465,6448,1
10.543245,0.002016,4.729372,-4470.95382,2031249658,6449,1
10.545268,0.002023,4.729193,-4470.59423,2031172947,6450,1
10.547284,0.002016,4.729751,-4471.71518,2031412417,6451,2
10.551322,0.004038,4.728994,-4470.19447,2031087471,6453,1
10.553338,0.002016,4.728188,-4468.57533,2030741177,6454,1
10.55536,0.002022,4.728989,-4470.18443,2031085208,6455,1
10.557376,0.002016,4.729629,-4471.4701,2031359988,6456,1
10.559399,0.002023,4.729636,-4471.48416,2031363326,6457,2
10.563431,0.004032,4.730227,-4472.67139,2031616958,6459,1
10.565453,0.002022,4.729486,-4471.18283,2031298850,6460,1
10.567469,0.002016,4.728478,-4469.1579,2030866106,6461,1
10.569492,0.002023,4.728964,-4470.13421,2031074608,6462,2
10.57353,0.004038,4.729397,-4471.00404,2031260591,6464,1
10.575546,0.002016,4.729032,-4470.27081,2031103736,6465,1
10.577562,0.002016,4.729709,-4471.6308,2031394550,6466,1
10.579584,0.002022,4.729419,-4471.04824,2031269921,6467,2
10.583623,0.004039,4.728623,-4469.44919,2030928154,6469,1
10.585639,0.002016,4.729073,-4470.35317,2031121355,6470,1
10.587655,0.002016,4.729869,-4471.95222,2031463414,6471,1
10.589677,0.002022,4.729545,-4471.30135,2031324150,6472,2
10.593716,0.004039,4.730176,-4472.56894,2031594948,6474,1
10.595732,0.002016,4.72973,-4471.67299,2031403611,6475,1
10.597754,0.002022,4.728642,-4469.48735,2030936593,6476,1
10.59977,0.002016,4.728972,-4470.15028,2031077816,6477,1
10.601786,0.002016,4.729987,-4472.18927,2031514138,6478,2
10.605824,0.004038,4.729352,-4470.91364,2031241194,6480,1
10.607847,0.002023,4.729895,-4472.00445,2031474585,6481,1
10.609863,0.002016,4.729679,-4471.57054,2031381550,6482,1
10.611885,0.002022,4.728661,-4469.52552,2030944268,6483,2
10.615917,0.004032,4.728805,-4469.8148,2031006350,6485,1
10.61794,0.002023,4.729938,-4472.09083,2031493040,6486,1
10.619955,0.002015,4.729556,-4471.32345,2031328844,6487,1
10.621978,0.002023,4.730467,-4473.15352,2031720159,6488,2
10.626016,0.004038,4.730297,-4472.81201,2031647136,6490,1
10.628032,0.002016,4.729,-4470.20652,2031089962,6491,1
10.630048,0.002016,4.728962,-4470.13019,2031073973,6492,1
10.632071,0.002023,4.7301,-4472.41627,2031562609,6493,2
10.636109,0.004038,4.729554,-4471.31943,2031327856,6495,1
10.638125,0.002016,4.730371,-4472.96067,2031678839,6496,1
10.640141,0.002016,4.730342,-4472.90241,2031666411,6497,1
10.642164,0.002023,4.72902,-4470.2467,2031098540,6498,1
10.64418,0.002016,4.728953,-4470.11211,2031070040,6499,2
10.648218,0.004038,4.730243,-4472.70353,2031624009,6501,1
10.65024,0.002022,4.729908,-4472.03057,2031479929,6502,1
10.652256,0.002016,4.73065,-4473.52114,2031798644,6503,1
10.654272,0.002016,4.730876,-4473.97514,2031895906,6504,2
10.658311,0.004039,4.729542,-4471.29532,2031322576,6506,1
10.660333,0.002022,4.729217,-4470.64245,2031183264,6507,1
10.662349,0.002016,4.730338,-4472.89437,2031664469,6508,1
10.664371,0.002022,4.730038,-4472.29172,2031536059,6509,2
10.668403,0.004032,4.730589,-4473.3986,2031772623,6511,1
10.670426,0.002023,4.730975,-4474.17402,2031938238,6512,1
10.672442,0.002016,4.729638,-4471.48817,2031364034,6513,1
10.674464,0.002022,4.729031,-4470.2688,2031103177,6514,2
10.678496,0.004032,4.730004,-4472.22342,2031521302,6516,1
10.680519,0.002023,4.729879,-4471.97231,2031467490,6517,1
10.682535,0.002016,4.730207,-4472.63121,2031608479,6518,1
10.684557,0.002022,4.730786,-4473.79434,2031857134,6519,1
10.686573,0.002016,4.729565,-4471.34153,2031332670,6520,2
10.690612,0.004039,4.729058,-4470.32304,2031115009,6522,1
10.692628,0.002016,4.730083,-4472.38212,2031555419,6523,1
10.69465,0.002022,4.729905,-4472.02454,2031478684,6524,1
10.696666,0.002016,4.730095,-4472.40622,2031560277,6525,2
10.700704,0.004038,4.730739,-4473.69993,2031836979,6527,1
10.70272,0.002016,4.729578,-4471.36764,2031338312,6528,1
10.704743,0.002023,4.728921,-4470.04783,2031055990,6529,1
10.706759,0.002016,4.729954,-4472.12297,2031499638,6530,2
10.710797,0.004038,4.730228,-4472.6734,2031617439,6532,1
10.712813,0.002016,4.730195,-4472.60711,2031603152,6533,1
10.714836,0.002023,4.731046,-4474.31664,2031968598,6534,1
10.716852,0.002016,4.729959,-4472.13302,2031501989,6535,2
10.72089,0.004038,4.72912,-4470.44759,2031141613,6537,1
10.722906,0.002016,4.729852,-4471.91807,2031455748,6538,1
10.724928,0.002022,4.730321,-4472.86022,2031657379,6539,1
10.726944,0.002016,4.730134,-4472.48457,2031577058,6540,1
10.728967,0.002023,4.731028,-4474.28048,2031960980,6541,2
10.733005,0.004038,4.730094,-4472.40421,2031559678,6543,1
10.735021,0.002016,4.729155,-4470.5179,2031156587,6544,1
10.737037,0.002016,4.729704,-4471.62076,2031392275,6545,1
10.73906,0.002023,4.730204,-4472.62519,2031607004,6546,2
10.743098,0.004038,4.729812,-4471.83772,2031438648,6548,1
10.745114,0.002016,4.730607,-4473.43476,2031780122,6549,1
10.747136,0.002022,4.729992,-4472.19931,2031516170,6550,1
10.749152,0.002016,4.729083,-4470.37326,2031125818,6551,2
10.753191,0.004039,4.729462,-4471.13462,2031288610,6553,1
10.755207,0.002016,4.730277,-4472.77183,2031638386,6554,1
10.757229,0.002022,4.729908,-4472.03057,2031480223,6555,1
10.759245,0.002016,4.730918,-4474.05951,2031914005,6556,2
10.763284,0.004039,4.730359,-4472.93656,2031673411,6558,1
10.765299,0.002015,4.72927,-4470.74892,2031206095,6559,1
10.767322,0.002023,4.729496,-4471.20292,2031302885,6560,1
10.769338,0.002016,4.730446,-4473.11133,2031711153,6561,1
10.77136,0.002022,4.730001,-4472.21739,2031519879,6562,2
10.775392,0.004032,4.730865,-4473.95304,2031890991,6564,1
10.777415,0.002023,4.730487,-4473.19369,2031728612,6565,1
10.779431,0.002016,4.729162,-4470.53196,2031159625,6566,1
10.781453,0.002022,4.729203,-4470.61432,2031177346,6567,2
10.785492,0.004039,4.73032,-4472.85821,2031656968,6569,1
10.787508,0.002016,4.729855,-4471.9241,2031457038,6570,1
10.789524,0.002016,4.730655,-4473.53118,2031800788,6571,1
10.791546,0.002022,4.730475,-4473.16959,2031723427,6572,2
10.795584,0.004038,4.729263,-4470.73485,2031203068,6574,1
10.7976,0.002016,4.729283,-4470.77503,2031211702,6575,1
10.799616,0.002016,4.730444,-4473.10731,2031710329,6576,1
10.801639,0.002023,4.729906,-4472.02655,2031479278,6577,2
10.805677,0.004038,4.730655,-4473.53118,2031800861,6579,1
10.807693,0.002016,4.730769,-4473.76019,2031849651,6580,1
10.809716,0.002023,4.72949,-4471.19086,2031300505,6581,1
10.811732,0.002016,4.729172,-4470.55205,2031163935,6582,2
10.81577,0.004038,4.730317,-4472.85219,2031655729,6584,1
10.817786,0.002016,4.72976,-4471.73326,2031416387,6585,1
10.819808,0.002022,4.730246,-4472.70956,2031624964,6586,1
10.821824,0.002016,4.730495,-4473.20976,2031731981,6587,1
10.823847,0.002023,4.729196,-4470.60026,2031174291,6588,2
10.827879,0.004032,4.72872,-4469.64405,2030969865,6590,1
10.829901,0.002022,4.729717,-4471.64687,2031398159,6591,1
10.831917,0.002016,4.729434,-4471.07837,2031276251,6592,1
10.833939,0.002022,4.729929,-4472.07275,2031488850,6593,2
10.837978,0.004039,4.730598,-4473.41668,2031776358,6595,1
10.839994,0.002016,4.729342,-4470.89355,2031236570,6596,1
10.84201,0.002016,4.728856,-4469.91725,2031028113,6597,1
10.844032,0.002022,4.730011,-4472.23748,2031524216,6598,2
10.848071,0.004039,4.729881,-4471.97633,2031468539,6600,1
10.850087,0.002016,4.730319,-4472.85621,2031656390,6601,1
10.852103,0.002016,4.731023,-4474.27044,2031958774,6602,1
10.854125,0.002022,4.729686,-4471.5846,2031384673,6603,2
10.858164,0.004039,4.729023,-4470.25273,2031100004,6605,1
10.86018,0.002016,4.730062,-4472.33993,2031545890,6606,1
10.862202,0.002022,4.73005,-4472.31582,2031541155,6607,1
10.864218,0.002016,4.730081,-4472.3781,2031554185,6608,1
10.866234,0.002016,4.73081,-4473.84255,2031867327,6609,2
10.870272,0.004038,4.729633,-4471.47813,2031361806,6611,1
10.872295,0.002023,4.728884,-4469.9735,2031039943,6612,1
10.874311,0.002016,4.729752,-4471.71718,2031412858,6613,1
10.876327,0.002016,4.730063,-4472.34194,2031546461,6614,2
10.880365,0.004038,4.730122,-4472.46046,2031571833,6616,1
10.882388,0.002023,4.730893,-4474.00929,2031903283,6617,1
10.884404,0.002016,4.729716,-4471.64487,2031397681,6618,1
10.886426,0.002022,4.728797,-4469.79873,2031002968,6619,2
10.890458,0.004032,4.729403,-4471.01609,2031262883,6621,1
10.89248,0.002022,4.729802,-4471.81763,2031434400,6622,1
10.894496,0.002016,4.729529,-4471.26921,2031317211,6623,1
10.896519,0.002023,4.730589,-4473.3986,2031772672,6624,2
10.900557,0.004038,4.729744,-4471.70111,2031409449,6626,1
10.902573,0.002016,4.728748,-4469.70029,2030981841,6627,1
10.904589,0.002016,4.729073,-4470.35317,2031121243,6628,1
10.906612,0.002023,4.729747,-4471.70714,2031410634,6629,1
10.908628,0.002016,4.729369,-4470.94779,2031248594,6630,2
10.912666,0.004038,4.730202,-4472.62117,2031606394,6632,1
10.914688,0.002022,4.729496,-4471.20292,2031303010,6633,1
10.916704,0.002016,4.728403,-4469.00724,2030833672,6634,1
10.91872,0.002016,4.728777,-4469.75855,2030994494,6635,2
10.922759,0.004039,4.729672,-4471.55648,2031378859,6637,1
10.924781,0.002022,4.72909,-4470.38732,2031128842,6638,1
10.926797,0.002016,4.729637,-4471.48617,2031363538,6639,1
10.92882,0.002023,4.729411,-4471.03216,2031266443,6640,2
10.932852,0.004032,4.728393,-4468.98715,2030829170,6642,1
10.934874,0.002022,4.728607,-4469.41704,2030921035,6643,1
10.93689,0.002016,4.729494,-4471.1989,2031302152,6644,1
10.938912,0.002022,4.729003,-4470.21255,2031091103,6645,2
10.942944,0.004032,4.729737,-4471.68705,2031406725,6647,1
10.944967,0.002023,4.729687,-4471.58661,2031384996,6648,1
10.946983,0.002016,4.728451,-4469.10366,2030854146,6649,1
10.949005,0.002022,4.728382,-4468.96505,2030824682,6650,1
10.951021,0.002016,4.729479,-4471.16877,2031295649,6651,2
10.95506,0.004039,4.729014,-4470.23465,2031096363,6653,1
10.957076,0.002016,4.729661,-4471.53438,2031374052,6654,1
10.959098,0.002022,4.729776,-4471.7654,2031423191,6655,1
10.961114,0.002016,4.728664,-4469.53155,2030945732,6656,2
10.965152,0.004038,4.728521,-4469.24428,2030884233,6658,1
10.967175,0.002023,4.729589,-4471.38974,2031342911,6659,1
10.969191,0.002016,4.728851,-4469.90721,2031026207,6660,1
10.971207,0.002016,4.729251,-4470.71075,2031197944,6661,2
10.975245,0.004038,4.72933,-4470.86945,2031231602,6663,1
10.977752,0.002507,4.728116,-4468.4307,2030710462,6664,1
10.979287,0.001535,4.727739,-4467.67336,2030548310,6665,1
10.981303,0.002016,4.729187,-4470.58218,2031170161,6666,2
10.985341,0.004038,4.728943,-4470.09202,2031065477,6668,1
10.987357,0.002016,4.729383,-4470.97592,2031254669,6669,1
10.98938,0.002023,4.729746,-4471.70513,2031410544,6670,1
10.991396,0.002016,4.728628,-4469.45923,2030930241,6671,1
10.993418,0.002022,4.728215,-4468.62957,2030752743,6672,2
10.997456,0.004038,4.72938,-4470.96989,2031253029,6674,1
10.999472,0.002016,4.729291,-4470.7911,2031214967,6675,1
11.001488,0.002016,4.729719,-4471.65089,2031398928,6676,1
11.003511,0.002023,4.730141,-4472.49863,2031579950,6677,2
11.007549,0.004038,4.728905,-4470.01568,2031049058,6679,1
11.009565,0.002016,4.728363,-4468.92688,2030816351,6680,1
11.011588,0.002023,4.729266,-4470.74088,2031204288,6681,1
11.013603,0.002015,4.729012,-4470.23063,2031095149,6682,2
11.017642,0.004039,4.729209,-4470.62638,2031179688,6684,1
11.019658,0.002016,4.729866,-4471.94619,2031461768,6685,1
11.02168,0.002022,4.728699,-4469.60186,2030960774,6686,1
11.023696,0.002016,4.728213,-4468.62556,2030751990,6687,2
11.027735,0.004039,4.729096,-4470.39937,2031131306,6689,1
11.029751,0.002016,4.729168,-4470.54401,2031162379,6690,1
11.031773,0.002022,4.729258,-4470.72481,2031200912,6691,1
11.033789,0.002016,4.729919,-4472.05266,2031484692,6692,2
11.037828,0.004039,4.728431,-4469.06349,2030845527,6694,1
11.039844,0.002016,4.727525,-4467.24346,2030456345,6695,1
11.041866,0.002022,4.728388,-4468.9771,2030827403,6696,1
11.043882,0.002016,4.728694,-4469.59181,2030958663,6697,1
11.045904,0.002022,4.728565,-4469.33267,2030903303,6698,2
11.049943,0.004039,4.729558,-4471.32747,2031329764,6700,1
11.051959,0.002016,4.728717,-4469.63802,2030968402,6701,1
11.053981,0.002022,4.727768,-4467.73161,2030561055,6702,1
11.055997,0.002016,4.72812,-4468.43873,2030711893,6703,2
11.060036,0.004039,4.728499,-4469.20009,2030874949,6705,1
11.062052,0.002016,4.728321,-4468.84251,2030798315,6706,1
11.064074,0.002022,4.72942,-4471.05024,2031270443,6707,1
11.06609,0.002016,4.728758,-4469.72038,2030986284,6708,2
11.070128,0.004038,4.727965,-4468.12736,2030645778,6710,1
11.072151,0.002023,4.728465,-4469.13179,2030860194,6711,1
11.074167,0.002016,4.729271,-4470.75092,2031206563,6712,1
11.076189,0.002022,4.728697,-4469.59784,2030959899,6713,2
11.080221,0.004032,4.729374,-4470.95784,2031250643,6715,1
11.082244,0.002023,4.728814,-4469.83288,2031010076,6716,1
11.084259,0.002015,4.727787,-4467.76978,2030569108,6717,1
11.086282,0.002023,4.728115,-4468.42869,2030709711,6718,1
11.088298,0.002016,4.728913,-4470.03175,2031052563,6719,2
11.092336,0.004038,4.728405,-4469.01126,2030834324,6721,1
11.094359,0.002023,4.729148,-4470.50384,2031153608,6722,1
11.096375,0.002016,4.728926,-4470.05787,2031058177,6723,1
11.098391,0.002016,4.727802,-4467.79992,2030575308,6724,2
11.102429,0.004038,4.727779,-4467.75371,2030565808,6726,1
11.104452,0.002023,4.728729,-4469.66212,2030973705,6727,1
11.106468,0.002016,4.728171,-4468.54118,2030733945,6728,1
11.108484,0.002016,4.728706,-4469.61592,2030963650,6729,2
11.112522,0.004038,4.728535,-4469.27241,2030890366,6731,1
11.114544,0.002022,4.727287,-4466.76535,2030354184,6732,1
11.11656,0.002016,4.72736,-4466.912,2030385539,6733,1
11.118583,0.002023,4.728667,-4469.53758,2030947083,6734,2
11.122621,0.004038,4.728119,-4468.43672,2030711661,6736,1
11.124637,0.002016,4.728585,-4469.37285,2030911762,6737,1
11.126653,0.002016,4.728867,-4469.93935,2031032840,6738,1
11.128676,0.002023,4.727672,-4467.53876,2030519493,6739,1
11.130692,0.002016,4.727441,-4467.07472,2030420435,6740,2
11.13473,0.004038,4.72869,-4469.58378,2030957073,6742,1
11.136752,0.002022,4.728231,-4468.66171,2030759838,6743,1
11.138768,0.002016,4.728676,-4469.55566,2030950970,6744,1
11.140784,0.002016,4.728943,-4470.09202,2031065755,6745,2
11.144823,0.004039,4.72783,-4467.85616,2030587557,6747,1
11.146845,0.002022,4.727467,-4467.12695,2030431602,6748,1
11.148861,0.002016,4.728515,-4469.23223,2030881622,6749,1
11.150884,0.002023,4.728059,-4468.31619,2030685692,6750,2
11.154916,0.004032,4.728593,-4469.38892,2030915418,6752,1
11.156938,0.002022,4.729044,-4470.29491,2031108954,6753,1
11.158954,0.002016,4.727824,-4467.84411,2030584828,6754,1
11.160976,0.002022,4.727299,-4466.78946,2030359609,6755,2
11.165015,0.004039,4.728522,-4469.24629,2030884877,6757,1
11.167031,0.002016,4.728179,-4468.55725,2030737347,6758,1
11.169047,0.002016,4.728264,-4468.72801,2030774192,6759,1
11.171069,0.002022,4.728479,-4469.15991,2030866192,6760,1
11.173085,0.002016,4.727232,-4466.65487,2030330694,6761,2
11.177124,0.004039,4.726622,-4465.42947,2030068682,6763,1
11.179146,0.002022,4.727661,-4467.51667,2030515069,6764,1
11.181162,0.002016,4.727782,-4467.75974,2030566730,6765,1
11.183184,0.002022,4.728075,-4468.34833,2030692927,6766,2
11.187216,0.004032,4.728759,-4469.72239,2030986320,6768,1
11.189239,0.002023,4.728092,-4468.38248,2030700124,6769,1
11.191255,0.002016,4.727325,-4466.84169,2030370683,6770,1
11.193277,0.002022,4.728089,-4468.37646,2030698768,6771,2
11.197316,0.004039,4.728277,-4468.75412,2030779415,6773,1
11.199332,0.002016,4.728053,-4468.30414,2030683440,6774,1
11.201347,0.002015,4.728472,-4469.14585,2030863151,6775,1
11.20337,0.002023,4.727603,-4467.40015,2030490253,6776,2
11.207408,0.004038,4.726833,-4465.85333,2030159535,6778,1
11.209424,0.002016,4.727684,-4467.56287,2030524819,6779,1
11.21144,0.002016,4.728288,-4468.77622,2030784025,6780,1
11.213463,0.002023,4.728055,-4468.30816,2030684159,6781,1
11.215479,0.002016,4.72856,-4469.32263,2030901018,6782,2
11.219517,0.004038,4.727987,-4468.17155,2030655119,6784,1
11.22154,0.002023,4.727204,-4466.59862,2030318827,6785,1
11.223555,0.002015,4.727756,-4467.70751,2030555835,6786,1
11.225572,0.002017,4.728323,-4468.84653,2030799380,6787,2
11.22961,0.004038,4.727951,-4468.09923,2030639450,6789,1
11.231632,0.002022,4.728758,-4469.72038,2030986093,6790,1
11.233648,0.002016,4.728316,-4468.83247,2030796364,6791,1
11.235664,0.002016,4.727278,-4466.74727,2030350287,6792,2
11.239703,0.004039,4.727728,-4467.65126,2030543922,6794,1
11.241725,0.002022,4.728508,-4469.21817,2030878560,6795,1
11.243741,0.002016,4.728064,-4468.32624,2030687867,6796,1
11.245763,0.002022,4.72897,-4470.14626,2031077107,6797,2
11.249795,0.004032,4.728726,-4469.6561,2030972291,6799,1
11.251815,0.00202,4.727651,-4467.49658,2030510540,6800,1
11.253837,0.002022,4.727835,-4467.86621,2030589475,6801,1
11.255853,0.002016,4.729131,-4470.46968,2031146232,6802,1
11.257876,0.002023,4.728627,-4469.45722,2030929893,6803,2
11.261908,0.004032,4.729313,-4470.8353,2031224617,6805,1
11.26393,0.002022,4.728799,-4469.80274,2031003904,6806,1
11.265946,0.002016,4.727527,-4467.24748,2030457402,6807,1
11.267968,0.002022,4.727679,-4467.55283,2030522925,6808,2
11.272007,0.004039,4.728786,-4469.77663,2030997993,6810,1
11.274023,0.002016,4.728204,-4468.60748,2030748325,6811,1
11.276039,0.002016,4.72889,-4469.98555,2031042906,6812,1
11.278061,0.002022,4.728729,-4469.66212,2030973862,6813,2
11.2821,0.004039,4.72762,-4467.4343,2030497242,6815,1
11.284115,0.002015,4.727471,-4467.13498,2030433349,6816,1
11.286138,0.002023,4.728463,-4469.12777,2030859247,6817,1
11.288154,0.002016,4.727818,-4467.83206,2030582102,6818,2
11.292192,0.004038,4.728602,-4469.407,2030919229,6820,1
11.294208,0.002016,4.728931,-4470.06791,2031060303,6821,1
11.296231,0.002023,4.727819,-4467.83407,2030582992,6822,1
11.298247,0.002016,4.727711,-4467.61711,2030536445,6823,2
11.302285,0.004038,4.728986,-4470.1784,2031084102,6825,1
11.304307,0.002022,4.728743,-4469.69025,2030979451,6826,1
11.306323,0.002016,4.729409,-4471.02815,2031265650,6827,1
11.308343,0.00202,4.729685,-4471.58259,2031384087,6828,1
11.310359,0.002016,4.72823,-4468.65971,2030759125,6829,2
11.314397,0.004038,4.727706,-4467.60707,2030534116,6831,1
11.31642,0.002023,4.728822,-4469.84895,2031013497,6832,1
11.318436,0.002016,4.728492,-4469.18603,2030871925,6833,1
11.320458,0.002022,4.728781,-4469.76659,2030996156,6834,2
11.32449,0.004032,4.729157,-4470.52192,2031157741,6836,1
11.326512,0.002022,4.728051,-4468.30012,2030682260,6837,1
11.328528,0.002016,4.727405,-4467.0024,2030404940,6838,1
11.330551,0.002023,4.728757,-4469.71837,2030985857,6839,2
11.334583,0.004032,4.72874,-4469.68422,2030978221,6841,1
11.336605,0.002022,4.728871,-4469.94738,2031034638,6842,1
11.338621,0.002016,4.72928,-4470.769,2031210313,6843,1
11.340643,0.002022,4.72828,-4468.76015,2030780500,6844,2
11.344676,0.004033,4.727654,-4467.5026,2030512071,6846,1
11.346698,0.002022,4.72856,-4469.32263,2030900684,6847,1
11.348714,0.002016,4.728539,-4469.28044,2030892176,6848,1
11.350736,0.002022,4.728312,-4468.82443,2030794665,6849,1
11.352752,0.002016,4.728838,-4469.88109,2031020514,6850,2
11.356791,0.004039,4.728143,-4468.48494,2030721942,6852,1
11.358807,0.002016,4.727549,-4467.29167,2030466562,6853,1
11.360829,0.002022,4.728193,-4468.58538,2030743586,6854,1
11.362845,0.002016,4.728359,-4468.91885,2030814892,6855,2
11.366884,0.004039,4.728476,-4469.15388,2030864856,6857,1
11.368906,0.002022,4.729046,-4470.29893,2031109833,6858,1
11.370922,0.002016,4.728041,-4468.28003,2030678177,6859,1
11.372938,0.002016,4.726957,-4466.10243,2030212466,6860,2
11.376976,0.004038,4.727546,-4467.28565,2030465698,6862,1
11.378999,0.002023,4.727801,-4467.79791,2030574935,6863,1
11.381015,0.002016,4.72721,-4466.61067,2030321220,6864,1
11.383037,0.002022,4.727831,-4467.85817,2030587993,6865,2
11.387069,0.004032,4.727312,-4466.81558,2030365137,6867,1
11.389092,0.002023,4.726316,-4464.81476,2029937575,6868,1
11.391107,0.002015,4.72681,-4465.80713,2030149262,6869,1
11.39313,0.002023,4.727481,-4467.15507,2030437464,6870,1
11.395146,0.002016,4.727198,-4466.58657,2030315893,6871,2
11.399184,0.004038,4.728094,-4468.3865,2030700663,6873,1
11.4012,0.002016,4.727868,-4467.9325,2030603828,6874,1
11.403223,0.002023,4.727086,-4466.36157,2030267834,6875,1
11.405239,0.002016,4.72765,-4467.49457,2030510064,6876,2
11.409277,0.004038,4.728784,-4469.77261,2030996967,6878,1
11.411293,0.002016,4.728466,-4469.1338,2030860633,6879,1
11.413316,0.002023,4.729186,-4470.58017,2031169780,6880,1
11.415332,0.002016,4.728788,-4469.78065,2030999151,6881,2
11.41937,0.004038,4.727574,-4467.3419,2030477538,6883,1
11.421392,0.002022,4.727569,-4467.33185,2030475242,6884,1
11.423408,0.002016,4.728581,-4469.36481,2030910163,6885,1
11.425424,0.002016,4.728102,-4468.40257,2030704219,6886,2
11.429463,0.004039,4.728921,-4470.04783,2031055993,6888,1
11.431485,0.002022,4.728801,-4469.80676,2031004359,6889,1
11.433501,0.002016,4.727578,-4467.34993,2030479191,6890,1
11.435524,0.002023,4.727409,-4467.01043,2030406625,6891,1
11.43754,0.002016,4.728564,-4469.33066,2030902689,6892,2
11.441578,0.004038,4.727909,-4468.01486,2030621385,6894,1
11.443594,0.002016,4.728598,-4469.39896,2030917305,6895,1
11.445616,0.002022,4.728656,-4469.51548,2030942223,6896,1
11.447632,0.002016,4.727586,-4467.366,2030482600,6897,2
11.451671,0.004039,4.72748,-4467.15306,2030437368,6899,1
11.453687,0.002016,4.728543,-4469.28848,2030893678,6900,1
11.455709,0.002022,4.728028,-4468.25392,2030672756,6901,1
11.457725,0.002016,4.728519,-4469.24026,2030883157,6902,2
11.461764,0.004039,4.728373,-4468.94697,2030820594,6904,1
11.463786,0.002022,4.726748,-4465.68258,2030122883,6905,1
11.465802,0.002016,4.726342,-4464.86699,2029948529,6906,1
11.467818,0.002016,4.727584,-4467.36198,2030481959,6907,2
11.471856,0.004038,4.7274,-4466.99236,2030402808,6909,1
11.473879,0.002023,4.72817,-4468.53917,2030733587,6910,1
11.475895,0.002016,4.728769,-4469.74248,2030990995,6911,1
11.477917,0.002022,4.727792,-4467.77983,2030571128,6912,1
11.479933,0.002016,4.727683,-4467.56086,2030524461,6913,2
11.483972,0.004039,4.729129,-4470.46567,2031145367,6915,1
11.485988,0.002016,4.728771,-4469.7465,2030991520,6916,1
11.48801,0.002022,4.728761,-4469.72641,2030987428,6917,1
11.490026,0.002016,4.729082,-4470.37125,2031125059,6918,2
11.494064,0.004038,4.727916,-4468.02892,2030624234,6920,1
11.49608,0.002016,4.727398,-4466.98834,2030401995,6921,1
11.498103,0.002023,4.728499,-4469.20009,2030875104,6922,1
11.500119,0.002016,4.728391,-4468.98313,2030828427,6923,2
11.504157,0.004038,4.728749,-4469.7023,2030982334,6925,1
11.50618,0.002023,4.729391,-4470.99199,2031257708,6926,1
11.508195,0.002015,4.728266,-4468.73202,2030774726,6927,1
11.510212,0.002017,4.727507,-4467.2073,2030448900,6928,2
11.51425,0.004038,4.728527,-4469.25634,2030886915,6930,1
11.516272,0.002022,4.728757,-4469.71837,2030985650,6931,1
11.518288,0.002016,4.728664,-4469.53155,2030945790,6932,1
11.520311,0.002023,4.729198,-4470.60428,2031175340,6933,1
11.522327,0.002016,4.728265,-4468.73002,2030774287,6934,2
11.526365,0.004038,4.727585,-4467.36399,2030482122,6936,1
11.528388,0.002023,4.728212,-4468.62355,2030751536,6937,1
11.530404,0.002016,4.728385,-4468.97108,2030825623,6938,1
11.53242,0.002016,4.72822,-4468.63962,2030755228,6939,2
11.536458,0.004038,4.728906,-4470.01769,2031049758,6941,1
11.53848,0.002022,4.727881,-4467.95861,2030609145,6942,1
11.540496,0.002016,4.726747,-4465.68057,2030122082,6943,1
11.542519,0.002023,4.727138,-4466.46603,2030290113,6944,2
11.546551,0.004032,4.727614,-4467.42225,2030494969,6946,1
11.548573,0.002022,4.727585,-4467.36399,2030482217,6947,1
11.550589,0.002016,4.728531,-4469.26437,2030888879,6948,1
11.552612,0.002023,4.727802,-4467.79992,2030575676,6949,2
11.55665,0.004038,4.726713,-4465.61227,2030107608,6951,1
11.558666,0.002016,4.727269,-4466.7292,2030346348,6952,1
11.560682,0.002016,4.728228,-4468.65569,2030758429,6953,1
11.562704,0.002022,4.727899,-4467.99477,2030617006,6954,2
11.566743,0.004039,4.728857,-4469.91926,2031028798,6956,1
11.568759,0.002016,4.728509,-4469.22018,2030879300,6957,1
11.570781,0.002022,4.72766,-4467.51466,2030514472,6958,1
11.572797,0.002016,4.728218,-4468.6356,2030754211,6959,1
11.57482,0.002023,4.72932,-4470.84936,2031227278,6960,2
11.578852,0.004032,4.728654,-4469.51146,2030941410,6962,1
11.580874,0.002022,4.729268,-4470.7449,2031205132,6963,1
11.58289,0.002016,4.728966,-4470.13822,2031075342,6964,1
11.584912,0.002022,4.727707,-4467.60907,2030534881,6965,2
11.588944,0.004032,4.727798,-4467.79188,2030573878,6967,1
11.590967,0.002023,4.728885,-4469.97551,2031040721,6968,1
11.592983,0.002016,4.728118,-4468.43471,2030711391,6969,1
11.595005,0.002022,4.728802,-4469.80877,2031004894,6970,2
11.599044,0.004039,4.728622,-4469.44718,2030927531,6972,1
11.60106,0.002016,4.727276,-4466.74326,2030349651,6973,1
11.603082,0.002022,4.726948,-4466.08435,2030208693,6974,1
11.605098,0.002016,4.727917,-4468.03093,2030624910,6975,2
11.609136,0.004038,4.727308,-4466.80754,2030363559,6977,1
11.611152,0.002016,4.728263,-4468.726,2030773514,6978,1
11.613175,0.002023,4.72854,-4469.28245,2030892705,6979,1
11.615191,0.002016,4.727387,-4466.96624,2030397284,6980,1
11.617213,0.002022,4.727453,-4467.09882,2030425651,6981,2
11.621252,0.004039,4.728873,-4469.9514,2031035407,6983,1
11.623268,0.002016,4.728644,-4469.49137,2030937306,6984,1
11.625284,0.002016,4.729272,-4470.75293,2031206991,6985,1
11.627306,0.002022,4.729586,-4471.38371,2031341504,6986,2
11.631344,0.004038,4.728523,-4469.2483,2030885312,6988,1
11.63336,0.002016,4.728164,-4468.52712,2030730942,6989,1
11.635383,0.002023,4.729073,-4470.35317,2031121132,6990,1
11.637399,0.002016,4.728449,-4469.09965,2030853322,6991,2
11.641437,0.004038,4.728609,-4469.42106,2030922193,6993,1
11.643453,0.002016,4.728928,-4470.06189,2031058936,6994,1
11.645476,0.002023,4.727577,-4467.34792,2030478825,6995,1
11.647492,0.002016,4.726899,-4465.98592,2030187625,6996,2
11.65153,0.004038,4.728022,-4468.24186,2030669943,6998,1
11.653552,0.002022,4.727997,-4468.19164,2030659200,6999,1
11.655568,0.002016,4.728328,-4468.85657,2030801352,7000,1
11.657584,0.002016,4.728807,-4469.81882,2031006978,7001,1
11.659607,0.002023,4.727971,-4468.13941,2030648207,7002,2
11.663645,0.004038,4.727402,-4466.99637,2030403799,7004,1
11.665661,0.002016,4.728368,-4468.93693,2030818440,7005,1
11.667684,0.002023,4.728185,-4468.56931,2030739790,7006,1
11.6697,0.002016,4.728117,-4468.4327,2030710917,7007,2
11.673738,0.004038,4.728603,-4469.40901,2030919365,7009,1
11.675754,0.002016,4.7278,-4467.7959,2030574584,7010,1
11.677776,0.002022,4.727109,-4466.40778,2030277963,7011,1
11.679792,0.002016,4.728064,-4468.32624,2030687734,7012,2
11.683831,0.004039,4.72832,-4468.8405,2030798127,7014,1
11.685847,0.002016,4.728472,-4469.14585,2030863339,7015,1
11.687869,0.002022,4.729158,-4470.52392,2031158195,7016,1
11.689885,0.002016,4.728404,-4469.00925,2030833793,7017,2
11.693924,0.004039,4.727581,-4467.35596,2030480642,7019,1
11.69594,0.002016,4.728266,-4468.73202,2030774905,7020,1
11.697962,0.002022,4.728762,-4469.72842,2030987697,7021,1
11.699978,0.002016,4.728548,-4469.29852,2030895759,7022,1
11.702,0.002022,4.729171,-4470.55004,2031163574,7023,2
11.706032,0.004032,4.728689,-4469.58177,2030956372,7025,1
11.708055,0.002023,4.727801,-4467.79791,2030575086,7026,1
11.710071,0.002016,4.728512,-4469.2262,2030880546,7027,1
11.712093,0.002022,4.729388,-4470.98596,2031256633,7028,2
11.716132,0.004039,4.729067,-4470.34112,2031118972,7030,1
11.718148,0.002016,4.729682,-4471.57656,2031382796,7031,1
11.720164,0.002016,4.729265,-4470.73887,2031203964,7032,1
11.722186,0.002022,4.728186,-4468.57132,2030740463,7033,2
11.726224,0.004038,4.728455,-4469.1117,2030855931,7035,1
11.72824,0.002016,4.728928,-4470.06189,2031059077,7036,1
11.730263,0.002023,4.728179,-4468.55725,2030737379,7037,1
11.732279,0.002016,4.728642,-4469.48735,2030936029,7038,2
11.736317,0.004038,4.72839,-4468.98112,2030828183,7040,1
11.738333,0.002016,4.727399,-4466.99035,2030402608,7041,1
11.740356,0.002023,4.727962,-4468.12133,2030644129,7042,1
11.742372,0.002016,4.729393,-4470.99601,2031258609,7043,1
11.744387,0.002015,4.729061,-4470.32906,2031116231,7044,2
11.748429,0.004042,4.72978,-4471.77343,2031424920,7046,1
11.750445,0.002016,4.729786,-4471.78549,2031427627,7047,1
11.752468,0.002023,4.728708,-4469.61994,2030964608,7048,1
11.754484,0.002016,4.728784,-4469.77261,2030997178,7049,2
11.758522,0.004038,4.729704,-4471.62076,2031392216,7051,1
11.760538,0.002016,4.729126,-4470.45964,2031143935,7052,1
11.76256,0.002022,4.729753,-4471.71919,2031413439,7053,1
11.764576,0.002016,4.729759,-4471.73125,2031416200,7054,2
11.768615,0.004039,4.72845,-4469.10165,2030853967,7056,1
11.770631,0.002016,4.72825,-4468.69988,2030767751,7057,1
11.772653,0.002022,4.729283,-4470.77503,2031211609,7058,1
11.774669,0.002016,4.728582,-4469.36682,2030910704,7059,2
11.778708,0.004039,4.728911,-4470.02774,2031051936,7061,1
11.780724,0.002016,4.72886,-4469.92528,2031030188,7062,1
11.782746,0.002022,4.727813,-4467.82201,2030580054,7063,1
11.784762,0.002016,4.727478,-4467.14905,2030436033,7064,1
11.786784,0.002022,4.728629,-4469.46124,2030930794,7065,2
11.790816,0.004032,4.728078,-4468.35436,2030694064,7067,1
11.792839,0.002023,4.728516,-4469.23424,2030881974,7068,1
11.794855,0.002016,4.728882,-4469.96948,2031039448,7069,1
11.796877,0.002022,4.727992,-4468.1816,2030656926,7070,2
11.800909,0.004032,4.727798,-4467.79188,2030574100,7072,1
11.802932,0.002023,4.729093,-4470.39335,2031130042,7073,1
11.804948,0.002016,4.728918,-4470.0418,2031054810,7074,1
11.80697,0.002022,4.7292,-4470.6083,2031176100,7075,2
11.811002,0.004032,4.729507,-4471.22501,2031307533,7077,1
11.813024,0.002022,4.728485,-4469.17196,2030868956,7078,1
11.81504,0.002016,4.728032,-4468.26195,2030674181,7079,1
11.817063,0.002023,4.729098,-4470.40339,2031132017,7080,2
11.821095,0.004032,4.72894,-4470.08599,2031064146,7082,1
11.823117,0.002022,4.729069,-4470.34514,2031119512,7083,1
11.825133,0.002016,4.729654,-4471.52032,2031370973,7084,1
11.827156,0.002023,4.728716,-4469.63601,2030968199,7085,2
11.831187,0.004031,4.72802,-4468.23785,2030668941,7087,1
11.83321,0.002023,4.729116,-4470.43955,2031139603,7088,1
11.835226,0.002016,4.729162,-4470.53196,2031159385,7089,1
11.837248,0.002022,4.72917,-4470.54803,2031162973,7090,1
11.839264,0.002016,4.729765,-4471.7433,2031418442,7091,2
11.843303,0.004039,4.728981,-4470.16836,2031081632,7093,1
11.845319,0.002016,4.728285,-4468.77019,2030782798,7094,1
11.847341,0.002022,4.729045,-4470.29692,2031109337,7095,1
11.849357,0.002016,4.729136,-4470.47973,2031148414,7096,2
11.853395,0.004038,4.72869,-4469.58378,2030956682,7098,1
11.855412,0.002017,4.729143,-4470.49379,2031151382,7099,1
11.857434,0.002022,4.728435,-4469.07152,2030847242,7100,1
11.85945,0.002016,4.727461,-4467.1149,2030429188,7101,2
11.863488,0.004038,4.728173,-4468.5452,2030734675,7103,1
11.865511,0.002023,4.728751,-4469.70632,2030983221,7104,1
11.867527,0.002016,4.728658,-4469.5195,2030942951,7105,1
11.869543,0.002016,4.729504,-4471.21899,2031306663,7106,2
11.873581,0.004038,4.729043,-4470.29291,2031108313,7108,1
11.875603,0.002022,4.72809,-4468.37847,2030699329,7109,1
11.87762,0.002017,4.728649,-4469.50142,2030939211,7110,1
11.879642,0.002022,4.729366,-4470.94177,2031247273,7111,1
11.881658,0.002016,4.728878,-4469.96144,2031037432,7112,2
11.885696,0.004038,4.729313,-4470.8353,2031224545,7114,1
11.887712,0.002016,4.728673,-4469.54963,2030949378,7115,1
11.889735,0.002023,4.727706,-4467.60707,2030534041,7116,1
11.891751,0.002016,4.728008,-4468.21374,2030664159,7117,2
11.895789,0.004038,4.728754,-4469.71235,2030984233,7119,1
11.897805,0.002016,4.728369,-4468.93894,2030818969,7120,1
11.899827,0.002022,4.729214,-4470.63642,2031181786,7121,1
11.901843,0.002016,4.729176,-4470.56008,2031165391,7122,2
11.905882,0.004039,4.728181,-4468.56127,2030738235,7124,1
11.907904,0.002022,4.728334,-4468.86863,2030803956,7125,1
11.90992,0.002016,4.729445,-4471.10047,2031280881,7126,1
11.911936,0.002016,4.729026,-4470.25875,2031101374,7127,2
11.915975,0.004039,4.72979,-4471.79352,2031429451,7129,1
11.917997,0.002022,4.729833,-4471.8799,2031447988,7130,1
11.920013,0.002016,4.72867,-4469.5436,2030948145,7131,1
11.922029,0.002016,4.728733,-4469.67016,2030975372,7132,1
11.924052,0.002023,4.729877,-4471.96829,2031466680,7133,2
11.92809,0.004038,4.729346,-4470.90159,2031238569,7135,1
11.930106,0.002016,4.72983,-4471.87388,2031446576,7136,1
11.932122,0.002016,4.729854,-4471.92209,2031456943,7137,1
11.934144,0.002022,4.728561,-4469.32464,2030901386,7138,2
11.938183,0.004039,4.728289,-4468.77823,2030784629,7140,1
11.940199,0.002016,4.729418,-4471.04623,2031269700,7141,1
11.942221,0.002022,4.728802,-4469.80877,2031004843,7142,1
11.944237,0.002016,4.729529,-4471.26921,2031317527,7143,2
11.948276,0.004039,4.729641,-4471.4942,2031365504,7145,1
11.950292,0.002016,4.728338,-4468.87666,2030805819,7146,1
11.952314,0.002022,4.728203,-4468.60547,2030747611,7147,1
11.95433,0.002016,4.729524,-4471.25917,2031314996,7148,2
11.958368,0.004038,4.729243,-4470.69468,2031194353,7150,1
11.960384,0.002016,4.729786,-4471.78549,2031427832,7151,1
11.962407,0.002023,4.730252,-4472.72161,2031627915,7152,1
11.964423,0.002016,4.728974,-4470.15429,2031078836,7153,1
11.966445,0.002022,4.728575,-4469.35276,2030907446,7154,2
11.970484,0.004039,4.729789,-4471.79151,2031428809,7156,1
11.9725,0.002016,4.729456,-4471.12256,2031285572,7157,1
11.974516,0.002016,4.72993,-4472.07476,2031489423,7158,1
11.976538,0.002022,4.730592,-4473.40462,2031773712,7159,2
11.980576,0.004038,4.729217,-4470.64245,2031183245,7161,1
11.982592,0.002016,4.728568,-4469.3387,2030904288,7162,1
11.984608,0.002016,4.729604,-4471.41987,2031349373,7163,1
11.987115,0.002507,4.729511,-4471.23305,2031309561,7164,2
11.990666,0.003551,4.729655,-4471.52233,2031371304,7166,1
11.992688,0.002022,4.730267,-4472.75175,2031634191,7167,1
11.994704,0.002016,4.729018,-4470.24268,2031097840,7168,1
11.996727,0.002023,4.728394,-4468.98916,2030829737,7169,2
12.000759,0.004032,4.729353,-4470.91565,2031241455,7171,1
12.002781,0.002022,4.729544,-4471.29934,2031323770,7172,1
12.004797,0.002016,4.729576,-4471.36363,2031337270,7173,1
12.00682,0.002023,4.730449,-4473.11736,2031712372,7174,1
12.008835,0.002015,4.729322,-4470.85338,2031228358,7175,2
12.012874,0.004039,4.728549,-4469.30053,2030896262,7177,1
12.01489,0.002016,4.729332,-4470.87346,2031232802,7178,1
12.016912,0.002022,4.72962,-4471.45202,2031356055,7179,1
12.018928,0.002016,4.729494,-4471.1989,2031302194,7180,2
12.022967,0.004039,4.730149,-4472.5147,2031583651,7182,1
12.024983,0.002016,4.729129,-4470.46567,2031145389,7183,1
12.027005,0.002022,4.728159,-4468.51708,2030728672,7184,1
12.029021,0.002016,4.7288,-4469.80475,2031004265,7185,2
12.03306,0.004039,4.729339,-4470.88753,2031235590,7187,1
12.035076,0.002016,4.729133,-4470.4737,2031147170,7188,1
12.037098,0.002022,4.730163,-4472.54282,2031589355,7189,1
12.039114,0.002016,4.729577,-4471.36563,2031337998,7190,2
12.043152,0.004038,4.728662,-4469.52753,2030944939,7192,1
12.045168,0.002016,4.729248,-4470.70472,2031196341,7193,1
12.047191,0.002023,4.730022,-4472.25958,2031528777,7194,1
12.049207,0.002016,4.729607,-4471.4259,2031350678,7195,2
12.053245,0.004038,4.730378,-4472.97473,2031681913,7197,1
12.055268,0.002023,4.729603,-4471.41786,2031349142,7198,1
12.057284,0.002016,4.728469,-4469.13982,2030861850,7199,1
12.0593,0.002016,4.728743,-4469.69025,2030979399,7200,1
12.061322,0.002022,4.729648,-4471.50826,2031368258,7201,2
12.06536,0.004038,4.729077,-4470.36121,2031123233,7203,1
12.067376,0.002016,4.730067,-4472.34997,2031548424,7204,1
12.069399,0.002023,4.729702,-4471.61674,2031391441,7205,1
12.071415,0.002016,4.728527,-4469.25634,2030886939,7206,2
12.075453,0.004038,4.728517,-4469.23625,2030882531,7208,1
12.077469,0.002016,4.729481,-4471.17278,2031296697,7209,1
12.079492,0.002023,4.729067,-4470.34112,2031119031,7210,1
12.081508,0.002016,4.730204,-4472.62519,2031606862,7211,2
12.085546,0.004038,4.730098,-4472.41225,2031561447,7213,1
12.087562,0.002016,4.728947,-4470.10006,2031067109,7214,1
12.089584,0.002022,4.728934,-4470.07394,2031061586,7215,1
12.0916,0.002016,4.730066,-4472.34797,2031548087,7216,2
12.095639,0.004039,4.729353,-4470.91565,2031241523,7218,1
12.097655,0.002016,4.730125,-4472.46649,2031573263,7219,1
12.099677,0.002022,4.730187,-4472.59104,2031599867,7220,1
12.101693,0.002016,4.728716,-4469.63601,2030968244,7221,1
12.103716,0.002023,4.728412,-4469.02532,2030837452,7222,2
12.107754,0.004038,4.729517,-4471.2451,2031312080,7224,1
12.10977,0.002016,4.729032,-4470.27081,2031103616,7225,1
12.111786,0.002016,4.729657,-4471.52634,2031372223,7226,1
12.113808,0.002022,4.729885,-4471.98436,2031470119,7227,2
12.117847,0.004039,4.728612,-4469.42709,2030923487,7229,1
12.119863,0.002016,4.728407,-4469.01527,2030835159,7230,1
12.121879,0.002016,4.729716,-4471.64487,2031397747,7231,1
12.123901,0.002022,4.729485,-4471.18082,2031298248,7232,2
12.12794,0.004039,4.730212,-4472.64126,2031610592,7234,1
12.129956,0.002016,4.730589,-4473.3986,2031772543,7235,1
12.131978,0.002022,4.729261,-4470.73084,2031202318,7236,1
12.133994,0.002016,4.728802,-4469.80877,2031004914,7237,2
12.138032,0.004038,4.729886,-4471.98637,2031470375,7239,1
12.140048,0.002016,4.729669,-4471.55045,2031377175,7240,1
12.142071,0.002023,4.729999,-4472.21337,2031518794,7241,1
12.144087,0.002016,4.730348,-4472.91446,2031668787,7242,1
12.146103,0.002016,4.728955,-4470.11613,2031070561,7243,2
12.150141,0.004038,4.728292,-4468.78425,2030785606,7245,1
12.152164,0.002023,4.729181,-4470.57013,2031167890,7246,1
12.15418,0.002016,4.728987,-4470.18041,2031084485,7247,1
12.156202,0.002022,4.729055,-4470.31701,2031113761,7248,2
12.160234,0.004032,4.729767,-4471.74732,2031419427,7250,1
12.162256,0.002022,4.72853,-4469.26236,2030888202,7251,1
12.164272,0.002016,4.727945,-4468.08718,2030636930,7252,1
12.166295,0.002023,4.729014,-4470.23465,2031095878,7253,2
12.170333,0.004038,4.729379,-4470.96788,2031252644,7255,1
12.172349,0.002016,4.729588,-4471.38773,2031342426,7256,1
12.174365,0.002016,4.730517,-4473.25396,2031741551,7257,1
12.176388,0.002023,4.729564,-4471.33952,2031332401,7258,2
12.180426,0.004038,4.728737,-4469.6782,2030977266,7260,1
12.182442,0.002016,4.729498,-4471.20693,2031303823,7261,1
12.184464,0.002022,4.729847,-4471.90803,2031454131,7262,1
12.18648,0.002016,4.729487,-4471.18484,2031299206,7263,1
12.188496,0.002016,4.729899,-4472.01249,2031476244,7264,2
12.192535,0.004039,4.729061,-4470.32906,2031116307,7266,1
12.194557,0.002022,4.727791,-4467.77782,2030570923,7267,1
12.196573,0.002016,4.727976,-4468.14946,2030650119,7268,1
12.198589,0.002016,4.728458,-4469.11772,2030857384,7269,2
12.202628,0.004039,4.728137,-4468.47288,2030719496,7271,1
12.20465,0.002022,4.728884,-4469.9735,2031040361,7272,1
12.206666,0.002016,4.728776,-4469.75654,2030993480,7273,1
12.208682,0.002016,4.728199,-4468.59743,2030746104,7274,2
12.21272,0.004038,4.728875,-4469.95542,2031036372,7276,1
12.214743,0.002023,4.729877,-4471.96829,2031466761,7277,1
12.216759,0.002016,4.729581,-4471.37367,2031339583,7278,1
12.218781,0.002022,4.730106,-4472.42832,2031564929,7279,2
12.222813,0.004032,4.729708,-4471.62879,2031394234,7281,1
12.224836,0.002023,4.728642,-4469.48735,2030936463,7282,1
12.226851,0.002015,4.728907,-4470.0197,2031049915,7283,1
12.228874,0.002023,4.72984,-4471.89396,2031450998,7284,1
12.23089,0.002016,4.72916,-4470.52794,2031158928,7285,2
12.234928,0.004038,4.72981,-4471.8337,2031437799,7287,1
12.236944,0.002016,4.729562,-4471.3355,2031331547,7288,1
12.238967,0.002023,4.728374,-4468.94898,2030821268,7289,1
12.240983,0.002016,4.728439,-4469.07956,2030849103,7290,2
12.245021,0.004038,4.729578,-4471.36764,2031338119,7292,1
12.247037,0.002016,4.729033,-4470.27282,2031104296,7293,1
12.249059,0.002022,4.729712,-4471.63683,2031395784,7294,1
12.251079,0.00202,4.729723,-4471.65893,2031400643,7295,2
12.255111,0.004032,4.728644,-4469.49137,2030937104,7297,1
12.257133,0.002022,4.728709,-4469.62195,2030964848,7298,1
12.259149,0.002016,4.729855,-4471.9241,2031457050,7299,1
12.261172,0.002023,4.729175,-4470.55807,2031164973,7300,2
12.265204,0.004032,4.729688,-4471.58862,2031385619,7302,1
12.267226,0.002022,4.729822,-4471.8578,2031442901,7303,1
12.269242,0.002016,4.728534,-4469.2704,2030889900,7304,1
12.271264,0.002022,4.728307,-4468.81439,2030792196,7305,2
12.275296,0.004032,4.729329,-4470.86744,2031231375,7307,1
12.277319,0.002023,4.728798,-4469.80074,2031003344,7308,1
12.279335,0.002016,4.729024,-4470.25474,2031100246,7309,1
12.281357,0.002022,4.729206,-4470.62035,2031178384,7310,1
12.283373,0.002016,4.728249,-4468.69787,2030767272,7311,2
12.287412,0.004039,4.727993,-4468.18361,2030657332,7313,1
12.289428,0.002016,4.729284,-4470.77704,2031212196,7314,1
12.29145,0.002022,4.729128,-4470.46366,2031145108,7315,1
12.293466,0.002016,4.729582,-4471.37568,2031340097,7316,2
12.297504,0.004038,4.730215,-4472.64728,2031611812,7318,1
12.29952,0.002016,4.729333,-4470.87547,2031233252,7319,1
12.301543,0.002023,4.728806,-4469.81681,2031006497,7320,1
12.303559,0.002016,4.72974,-4471.69308,2031407767,7321,2
12.307597,0.004038,4.729452,-4471.11453,2031284077,7323,1
12.309613,0.002016,4.729453,-4471.11654,2031284534,7324,1
12.311635,0.002022,4.729795,-4471.80357,2031431187,7325,1
12.313652,0.002017,4.728781,-4469.76659,2030995986,7326,2
12.31769,0.004038,4.728015,-4468.2278,2030667128,7328,1
12.319706,0.002016,4.728989,-4470.18443,2031085329,7329,1
12.321728,0.002022,4.729086,-4470.37929,2031127052,7330,1
12.323744,0.002016,4.7292,-4470.6083,2031175779,7331,1
12.325767,0.002023,4.729886,-4471.98637,2031470424,7332,2
12.329799,0.004032,4.729178,-4470.5641,2031166306,7334,1
12.331821,0.002022,4.728542,-4469.28647,2030893442,7335,1
12.333837,0.002016,4.729414,-4471.03819,2031267800,7336,1
12.335859,0.002022,4.729625,-4471.46206,2031358597,7337,2
12.339892,0.004033,4.729497,-4471.20493,2031303421,7339,1
12.341914,0.002022,4.730179,-4472.57497,2031596574,7340,1
12.34393,0.002016,4.729377,-4470.96386,2031252014,7341,1
12.345952,0.002022,4.72842,-4469.04139,2030840840,7342,2
12.349984,0.004032,4.729045,-4470.29692,2031109503,7344,1
12.352007,0.002023,4.72936,-4470.92971,2031244459,7345,1
12.354023,0.002016,4.729029,-4470.26478,2031102312,7346,1
12.356045,0.002022,4.729568,-4471.34755,2031333893,7347,2
12.360084,0.004039,4.728759,-4469.72239,2030986438,7349,1
12.362099,0.002015,4.727633,-4467.46042,2030502601,7350,1
12.364116,0.002017,4.72822,-4468.63962,2030754844,7351,1
12.366138,0.002022,4.729095,-4470.39737,2031131117,7352,1
12.368154,0.002016,4.728823,-4469.85096,2031014182,7353,2
12.372192,0.004038,4.729502,-4471.21497,2031305776,7355,1
12.374208,0.002016,4.729374,-4470.95784,2031250579,7356,1
12.376231,0.002023,4.728598,-4469.39896,2030917342,7357,1
12.378247,0.002016,4.728978,-4470.16233,2031080704,7358,2
12.382285,0.004038,4.729822,-4471.8578,2031443079,7360,1
12.384301,0.002016,4.729417,-4471.04422,2031269015,7361,1
12.386324,0.002023,4.729983,-4472.18123,2031512491,7362,1
12.38834,0.002016,4.729606,-4471.42389,2031350218,7363,2
12.392378,0.004038,4.728405,-4469.01126,2030834517,7365,1
12.394394,0.002016,4.728392,-4468.98514,2030828678,7366,1
12.396416,0.002022,4.729228,-4470.66454,2031187682,7367,1
12.398432,0.002016,4.728648,-4469.49941,2030939046,7368,2
12.402471,0.004039,4.729224,-4470.65651,2031186310,7370,1
12.404487,0.002016,4.729163,-4470.53397,2031159978,7371,1
12.406509,0.002022,4.728201,-4468.60145,2030746832,7372,1
12.408525,0.002016,4.728285,-4468.77019,2030782808,7373,1
12.410547,0.002022,4.729529,-4471.26921,2031317255,7374,2
12.41458,0.004033,4.729065,-4470.3371,2031117898,7376,1
12.416602,0.002022,4.729747,-4471.70714,2031411019,7377,1
12.418618,0.002016,4.729927,-4472.06873,2031488098,7378,1
12.42064,0.002022,4.728781,-4469.76659,2030995784,7379,2
12.424672,0.004032,4.728652,-4469.50744,2030940323,7381,1
12.426695,0.002023,4.72976,-4471.73326,2031416311,7382,1
12.428711,0.002016,4.729194,-4470.59624,2031173560,7383,1
12.430733,0.002022,4.729617,-4471.44599,2031355121,7384,2
12.434765,0.004032,4.729702,-4471.61674,2031391671,7386,1
12.436788,0.002023,4.728408,-4469.01728,2030835797,7387,1
12.438804,0.002016,4.727937,-4468.07111,2030633543,7388,1
12.440826,0.002022,4.729073,-4470.35317,2031121302,7389,2
12.444864,0.004038,4.728715,-4469.634,2030967805,7391,1
12.44688,0.002016,4.728972,-4470.15028,2031078290,7392,1
12.448896,0.002016,4.729254,-4470.71677,2031198992,7393,1
12.450919,0.002023,4.728371,-4468.94295,2030819884,7394,1
12.452935,0.002016,4.728009,-4468.21575,2030664393,7395,2
12.456973,0.004038,4.729161,-4470.52995,2031159197,7397,1
12.458989,0.002016,4.728896,-4469.9976,2031045391,7398,1
12.461012,0.002023,4.729269,-4470.74691,2031205596,7399,1
12.463028,0.002016,4.72983,-4471.87388,2031446586,7400,2
12.467066,0.004038,4.728826,-4469.85698,2031014985,7402,1
12.469082,0.002016,4.72823,-4468.65971,2030759047,7403,1
12.471104,0.002022,4.729387,-4470.98395,2031256360,7404,1
12.47312,0.002016,4.729299,-4470.80717,2031218186,7405,2
12.477159,0.004039,4.729249,-4470.70673,2031196902,7407,1
12.479175,0.002016,4.72972,-4471.6529,2031399434,7408,1
12.481197,0.002022,4.728681,-4469.5657,2030953079,7409,1
12.483213,0.002016,4.727956,-4468.10928,2030641634,7410,2
12.487252,0.004039,4.728798,-4469.80074,2031003259,7412,1
12.489267,0.002015,4.728559,-4469.32062,2030900395,7413,1
12.49129,0.002023,4.728418,-4469.03737,2030840159,7414,1
12.493306,0.002016,4.729044,-4470.29491,2031109151,7415,2
12.497344,0.004038,4.728146,-4468.49096,2030723089,7417,1
12.49936,0.002016,4.727306,-4466.80352,2030362435,7418,1
12.501383,0.002023,4.72805,-4468.29811,2030682129,7419,1
12.503399,0.002016,4.728362,-4468.92487,2030815996,7420,1
12.505421,0.002022,4.728142,-4468.48293,2030721530,7421,2
12.50946,0.004039,4.72865,-4469.50343,2030939655,7423,1
12.511476,0.002016,4.727819,-4467.83407,2030582710,7424,1
12.513492,0.002016,4.726882,-4465.95177,2030180071,7425,1
12.515514,0.002022,4.727695,-4467.58497,2030529645,7426,2
12.519552,0.004038,4.728414,-4469.02934,2030838337,7428,1
12.521568,0.002016,4.728119,-4468.43672,2030711808,7429,1
12.523584,0.002016,4.728764,-4469.73243,2030988507,7430,1
12.525607,0.002023,4.72843,-4469.06148,2030845258,7431,2
12.529645,0.004038,4.72758,-4467.35395,2030480038,7433,1
12.531661,0.002016,4.727787,-4467.76978,2030568978,7434,1
12.533677,0.002016,4.728333,-4468.86662,2030803300,7435,1
12.5357,0.002023,4.727763,-4467.72157,2030558850,7436,2
12.539731,0.004031,4.728155,-4468.50904,2030726934,7438,1
12.541754,0.002023,4.727824,-4467.84411,2030585108,7439,1
12.54377,0.002016,4.726931,-4466.0502,2030201270,7440,1
12.545792,0.002022,4.727482,-4467.15708,2030438105,7441,1
12.547808,0.002016,4.728689,-4469.58177,2030956593,7442,2
12.551847,0.004039,4.728329,-4468.85858,2030801941,7444,1
12.553863,0.002016,4.728973,-4470.15229,2031078623,7445,1
12.555885,0.002022,4.728838,-4469.88109,2031020139,7446,1
12.557901,0.002016,4.727798,-4467.79188,2030574138,7447,2
12.561939,0.004038,4.727898,-4467.99277,2030616779,7449,1
12.563956,0.002017,4.728957,-4470.12014,2031071412,7450,1
12.565978,0.002022,4.728385,-4468.97108,2030826155,7451,1
12.567994,0.002016,4.728997,-4470.2005,2031088880,7452,2
12.572032,0.004038,4.728921,-4470.04783,2031056136,7454,1
12.574048,0.002016,4.72768,-4467.55483,2030522955,7455,1
12.576071,0.002023,4.727571,-4467.33587,2030476044,7456,1
12.578087,0.002016,4.728774,-4469.75252,2030992714,7457,2
12.582125,0.004038,4.728202,-4468.60346,2030747311,7459,1
12.584148,0.002023,4.728798,-4469.80074,2031003211,7460,1
12.586163,0.002015,4.729003,-4470.21255,2031091412,7461,1
12.588179,0.002016,4.728117,-4468.4327,2030711031,7462,1
12.590202,0.002023,4.727741,-4467.67738,2030549111,7463,2
12.59424,0.004038,4.7289,-4470.00564,2031047228,7465,1
12.596256,0.002016,4.728427,-4469.05545,2030843903,7466,1
12.598279,0.002023,4.728896,-4469.9976,2031045551,7467,1
12.600295,0.002016,4.729186,-4470.58017,2031169727,7468,2
12.604333,0.004038,4.728022,-4468.24186,2030670025,7470,1
12.606349,0.002016,4.727682,-4467.55885,2030523817,7471,1
12.608372,0.002023,4.728804,-4469.81279,2031005898,7472,1
12.610387,0.002015,4.72845,-4469.10165,2030853720,7473,2
12.614426,0.004039,4.728873,-4469.9514,2031035664,7475,1
12.616442,0.002016,4.729288,-4470.78508,2031213765,7476,1
12.618464,0.002022,4.728241,-4468.6818,2030764131,7477,1
12.62048,0.002016,4.727846,-4467.8883,2030594525,7478,2
12.624519,0.004039,4.728954,-4470.11412,2031070263,7480,1
12.626535,0.002016,4.728709,-4469.62195,2030964891,7481,1
12.628557,0.002022,4.728849,-4469.90319,2031025186,7482,1
12.630573,0.002016,4.729356,-4470.92168,2031242858,7483,1
12.632595,0.002022,4.728367,-4468.93492,2030818352,7484,2
12.636634,0.004039,4.727737,-4467.66934,2030547497,7486,1
12.63865,0.002016,4.728776,-4469.75654,2030993504,7487,1
12.640666,0.002016,4.728653,-4469.50945,2030940997,7488,1
12.642688,0.002022,4.728519,-4469.24026,2030883153,7489,2
12.646727,0.004039,4.728868,-4469.94136,2031033227,7491,1
12.648743,0.002016,4.727938,-4468.07312,2030633745,7492,1
12.650759,0.002016,4.726956,-4466.10042,2030212085,7493,1
12.652781,0.002022,4.727577,-4467.34792,2030478902,7494,2
12.65682,0.004039,4.727717,-4467.62916,2030538918,7496,1
12.658836,0.002016,4.727784,-4467.76376,2030567762,7497,1
12.660858,0.002022,4.728405,-4469.01126,2030834483,7498,1
12.662874,0.002016,4.727694,-4467.58296,2030529008,7499,2
12.666912,0.004038,4.727026,-4466.24104,2030242028,7501,1
12.668928,0.002016,4.727951,-4468.09923,2030639467,7502,1
12.670951,0.002023,4.728333,-4468.86662,2030803330,7503,1
12.672967,0.002016,4.728201,-4468.60145,2030746805,7504,1
12.674983,0.002016,4.728985,-4470.17639,2031083683,7505,2
12.679021,0.004038,4.728315,-4468.83046,2030796017,7507,1
12.681044,0.002023,4.727307,-4466.80553,2030363063,7508,1
12.68306,0.002016,4.727859,-4467.91442,2030599622,7509,1
12.685076,0.002016,4.728481,-4469.16393,2030867347,7510,2
12.689114,0.004038,4.728154,-4468.50703,2030726757,7512,1
12.691136,0.002022,4.728717,-4469.63802,2030968517,7513,1
12.693152,0.002016,4.728153,-4468.50502,2030726206,7514,1
12.695168,0.002016,4.727172,-4466.53434,2030305074,7515,2
12.699207,0.004039,4.727685,-4467.56488,2030525444,7517,1
12.701229,0.002022,4.728671,-4469.54561,2030948657,7518,1
12.703245,0.002016,4.72823,-4468.65971,2030759295,7519,1
12.705268,0.002023,4.728989,-4470.18443,2031085114,7520,2
12.7093,0.004032,4.728865,-4469.93533,2031031892,7522,1
12.711322,0.002022,4.727694,-4467.58296,2030529071,7523,1
12.713338,0.002016,4.727777,-4467.74969,2030564534,7524,1
12.71536,0.002022,4.7287,-4469.60387,2030961320,7525,2
12.719392,0.004032,4.728042,-4468.28204,2030678506,7527,1
12.721415,0.002023,4.728378,-4468.95702,2030823085,7528,1
12.723431,0.002016,4.72821,-4468.61953,2030750489,7529,1
12.725453,0.002022,4.727066,-4466.3214,2030259141,7530,1
12.727469,0.002016,4.726974,-4466.13658,2030219607,7531,2
12.731508,0.004039,4.727889,-4467.97469,2030612748,7533,1
12.733523,0.002015,4.727098,-4466.38568,2030273148,7534,1
12.735546,0.002023,4.727468,-4467.12896,2030431710,7535,1
12.737562,0.002016,4.727438,-4467.06869,2030419291,7536,2
12.7416,0.004038,4.726404,-4464.99153,2029975094,7538,1
12.743616,0.002016,4.726572,-4465.32902,2030047110,7539,1
12.745639,0.002023,4.727913,-4468.0229,2030623138,7540,1
12.747655,0.002016,4.727432,-4467.05664,2030416661,7541,2
12.751693,0.004038,4.727985,-4468.16754,2030654098,7543,1
12.753716,0.002023,4.728044,-4468.28606,2030679475,7544,1
12.755732,0.002016,4.726705,-4465.5962,2030104446,7545,1
12.757748,0.002016,4.726311,-4464.80471,2029934960,7546,2
12.761786,0.004038,4.727434,-4467.06066,2030417275,7548,1
12.763808,0.002022,4.726906,-4465.99998,2030190648,7549,1
12.765824,0.002016,4.727308,-4466.80754,2030363337,7550,1
12.76784,0.002016,4.727616,-4467.42627,2030495500,7551,1
12.769863,0.002023,4.726638,-4465.46161,2030075787,7552,2
12.773901,0.004038,4.726356,-4464.89511,2029954470,7554,1
12.775917,0.002016,4.72749,-4467.17315,2030441613,7555,1
12.77794,0.002023,4.727207,-4466.60465,2030319784,7556,1
12.779955,0.002015,4.72771,-4467.6151,2030535889,7557,2
12.783994,0.004039,4.728205,-4468.60948,2030748384,7559,1
12.78601,0.002016,4.72719,-4466.5705,2030312705,7560,1
12.788032,0.002022,4.726868,-4465.92364,2030174355,7561,1
12.790048,0.002016,4.72812,-4468.43873,2030712206,7562,2
12.794087,0.004039,4.727954,-4468.10526,2030640765,7564,1
12.796103,0.002016,4.727996,-4468.18963,2030658817,7565,1
12.798125,0.002022,4.728404,-4469.00925,2030834125,7566,1
12.800141,0.002016,4.727117,-4466.42385,2030281265,7567,2
12.80418,0.004039,4.726333,-4464.84891,2029944268,7569,1
12.806196,0.002016,4.727168,-4466.5263,2030302929,7570,1
12.808218,0.002022,4.727115,-4466.41983,2030280439,7571,1
12.810234,0.002016,4.727356,-4466.90397,2030384128,7572,1
12.812256,0.002022,4.728114,-4468.42668,2030709355,7573,2
12.816288,0.004032,4.727102,-4466.39372,2030274839,7575,1
12.818311,0.002023,4.726463,-4465.11006,2030000663,7576,1
12.820327,0.002016,4.727206,-4466.60264,2030319563,7577,1
12.822349,0.002022,4.727641,-4467.47649,2030506461,7578,2
12.826381,0.004032,4.727706,-4467.60707,2030534588,7580,1
12.828404,0.002023,4.728436,-4469.07353,2030847710,7581,1
12.83042,0.002016,4.727536,-4467.26556,2030461160,7582,1
12.832442,0.002022,4.726631,-4465.44754,2030072754,7583,2
12.83648,0.004038,4.727203,-4466.59661,2030318273,7585,1
12.838496,0.002016,4.727548,-4467.28967,2030466428,7586,1
12.840512,0.002016,4.72715,-4466.49014,2030295305,7587,1
12.842535,0.002023,4.727787,-4467.76978,2030568912,7588,2
12.846573,0.004038,4.727042,-4466.27318,2030249071,7590,1
12.848589,0.002016,4.72625,-4464.68217,2029908706,7591,1
12.850605,0.002016,4.726836,-4465.85936,2030160743,7592,1
12.852628,0.002023,4.727459,-4467.11088,2030428425,7593,1
12.854644,0.002016,4.727111,-4466.4118,2030278737,7594,2
12.858682,0.004038,4.728054,-4468.30615,2030683516,7596,1
12.860704,0.002022,4.72745,-4467.0928,2030424380,7597,1
12.86272,0.002016,4.726185,-4464.5516,2029880945,7598,1
12.864736,0.002016,4.726534,-4465.25269,2030030907,7599,2
12.868775,0.004039,4.727382,-4466.9562,2030395009,7601,1
12.870797,0.002022,4.72691,-4466.00802,2030192169,7602,1
12.872813,0.002016,4.727819,-4467.83407,2030582808,7603,1
12.874829,0.002016,4.72735,-4466.89191,2030381574,7604,2
12.878868,0.004039,4.726197,-4464.5757,2029886341,7606,1
12.88089,0.002022,4.726274,-4464.73038,2029919252,7607,1
12.882906,0.002016,4.72721,-4466.61067,2030320984,7608,1
12.884922,0.002016,4.726659,-4465.50379,2030084428,7609,2
12.88896,0.004038,4.727384,-4466.96021,2030396067,7611,1
12.890983,0.002023,4.72727,-4466.7312,2030346958,7612,1
12.892999,0.002016,4.726107,-4464.3949,2029847378,7613,1
12.895021,0.002022,4.726061,-4464.3025,2029827593,7614,1
12.897037,0.002016,4.727194,-4466.57853,2030314327,7615,2
12.901075,0.004038,4.72674,-4465.66651,2030119374,7617,1
12.903091,0.002016,4.727424,-4467.04057,2030413152,7618,1
12.905114,0.002023,4.727416,-4467.0245,2030409745,7619,1
12.90713,0.002016,4.726365,-4464.91319,2029958363,7620,2
12.911168,0.004038,4.726282,-4464.74645,2029922402,7622,1
12.913184,0.002016,4.727506,-4467.20529,2030448474,7623,1
12.915207,0.002023,4.727088,-4466.36559,2030268625,7624,1
12.917223,0.002016,4.727678,-4467.55082,2030522242,7625,2
12.921261,0.004038,4.727784,-4467.76376,2030567892,7627,1
12.923277,0.002016,4.726508,-4465.20046,2030019774,7628,1
12.9253,0.002023,4.726167,-4464.51544,2029873412,7629,1
12.927316,0.002016,4.727323,-4466.83767,2030369672,7630,2
12.931354,0.004038,4.726882,-4465.95177,2030180431,7632,1
12.93337,0.002016,4.727416,-4467.0245,2030409619,7633,1
12.935392,0.002022,4.727722,-4467.63921,2030541227,7634,1
12.937408,0.002016,4.726428,-4465.03975,2029985226,7635,2
12.941447,0.004039,4.726054,-4464.28844,2029824669,7637,1
12.943469,0.002022,4.727319,-4466.82964,2030368170,7638,1
12.945485,0.002016,4.727154,-4466.49818,2030297320,7639,1
12.947501,0.002016,4.72752,-4467.23342,2030454404,7640,1
12.949524,0.002023,4.72809,-4468.37847,2030699199,7641,2
12.953562,0.004038,4.727113,-4466.41581,2030279550,7643,1
12.955578,0.002016,4.726612,-4465.40938,2030064239,7644,1
12.957594,0.002016,4.727623,-4467.44033,2030498568,7645,1
12.959616,0.002022,4.727429,-4467.05061,2030415429,7646,2
12.963655,0.004039,4.727492,-4467.17717,2030442316,7648,1
12.965671,0.002016,4.728099,-4468.39655,2030702924,7649,1
12.967687,0.002016,4.726835,-4465.85735,2030160135,7650,1
12.969709,0.002022,4.726059,-4464.29848,2029827069,7651,2
12.973748,0.004039,4.726793,-4465.77298,2030142160,7653,1
12.975764,0.002016,4.727024,-4466.23703,2030241298,7654,1
12.977779,0.002015,4.72711,-4466.40979,2030278125,7655,1
12.979802,0.002023,4.727746,-4467.68742,2030551603,7656,2
12.98384,0.004038,4.726856,-4465.89954,2030169342,7658,1
12.985856,0.002016,4.726135,-4464.45115,2029859718,7659,1
12.987879,0.002023,4.727076,-4466.34149,2030263721,7660,1
12.989895,0.002016,4.727428,-4467.0486,2030414548,7661,1
12.991911,0.002016,4.727376,-4466.94414,2030392746,7662,2
12.996433,0.004522,4.728272,-4468.74408,2030777242,7664,1
12.997968,0.001535,4.727541,-4467.2756,2030463620,7665,1
12.999991,0.002023,4.726718,-4465.62232,2030109812,7666,1
13.002007,0.002016,4.727315,-4466.8216,2030366341,7667,2
13.006045,0.004038,4.727739,-4467.67336,2030548347,7669,1
13.008061,0.002016,4.727391,-4466.97428,2030399001,7670,1
13.010084,0.002023,4.728174,-4468.54721,2030735247,7671,1
13.0121,0.002016,4.727486,-4467.16512,2030439830,7672,2
13.016138,0.004038,4.726464,-4465.11207,2030000795,7674,1
13.018154,0.002016,4.726963,-4466.11449,2030215167,7675,1
13.020176,0.002022,4.727718,-4467.63117,2030539667,7676,1
13.022192,0.002016,4.727164,-4466.51827,2030301674,7677,2
13.026231,0.004039,4.727833,-4467.86219,2030588633,7679,1
13.028247,0.002016,4.727267,-4466.72518,2030345713,7680,1
13.030269,0.002022,4.726371,-4464.92524,2029961123,7681,1
13.032285,0.002016,4.726829,-4465.8453,2030157469,7682,1
13.034307,0.002022,4.727793,-4467.78184,2030571720,7683,2
13.03834,0.004033,4.727314,-4466.81959,2030365853,7685,1
13.040362,0.002022,4.72812,-4468.43873,2030712143,7686,1
13.042378,0.002016,4.727639,-4467.47247,2030505525,7687,1
13.0444,0.002022,4.726272,-4464.72637,2029918193,7688,2
13.048439,0.004039,4.726147,-4464.47526,2029864655,7690,1
13.050455,0.002016,4.727226,-4466.64281,2030328000,7691,1
13.052471,0.002016,4.726797,-4465.78102,2030143763,7692,1
13.054493,0.002022,4.727733,-4467.6613,2030545813,7693,2
13.058531,0.004038,4.727692,-4467.57894,2030528172,7695,1
13.060548,0.002017,4.726443,-4465.06988,2029991826,7696,1
13.062564,0.002016,4.726466,-4465.11608,2030001603,7697,1
13.064586,0.002022,4.727631,-4467.4564,2030501987,7698,2
13.068624,0.004038,4.727201,-4466.59259,2030317257,7700,1
13.07064,0.002016,4.728017,-4468.23182,2030667716,7701,1
13.072656,0.002016,4.728188,-4468.57533,2030741219,7702,1
13.074679,0.002023,4.727019,-4466.22698,2030239291,7703,1
13.076695,0.002016,4.726762,-4465.71071,2030129000,7704,2
13.080733,0.004038,4.727942,-4468.08116,2030635537,7706,1
13.082756,0.002023,4.727398,-4466.98834,2030401924,7707,1
13.084772,0.002016,4.728,-4468.19767,2030660542,7708,1
13.086788,0.002016,4.728056,-4468.31016,2030684823,7709,2
13.090826,0.004038,4.726787,-4465.76093,2030139375,7711,1
13.092848,0.002022,4.726732,-4465.65044,2030116081,7712,1
13.094864,0.002016,4.728121,-4468.44074,2030712293,7713,1
13.09688,0.002016,4.727853,-4467.90237,2030597404,7714,2
13.100919,0.004039,4.728405,-4469.01126,2030834599,7716,1
13.102941,0.002022,4.728917,-4470.03979,2031054384,7717,1
13.104957,0.002016,4.727734,-4467.66331,2030546169,7718,1
13.106973,0.002016,4.727206,-4466.60264,2030319303,7719,2
13.111012,0.004039,4.728148,-4468.49498,2030724187,7721,1
13.113034,0.002022,4.727897,-4467.99076,2030616367,7722,1
13.11505,0.002016,4.728059,-4468.31619,2030686052,7723,1
13.117072,0.002022,4.72841,-4469.0213,2030836418,7724,1
13.119088,0.002016,4.727043,-4466.27519,2030249556,7725,2
13.123127,0.004039,4.726573,-4465.33103,2030047898,7727,1
13.125143,0.002016,4.727618,-4467.43029,2030496614,7728,1
13.127165,0.002022,4.72744,-4467.07271,2030420179,7729,1
13.129181,0.002016,4.727697,-4467.58899,2030530380,7730,2
13.13322,0.004039,4.728455,-4469.1117,2030856052,7732,1
13.135236,0.002016,4.727302,-4466.79549,2030360828,7733,1
13.137258,0.002022,4.726657,-4465.49978,2030083758,7734,1
13.139274,0.002016,4.727587,-4467.36801,2030483305,7735,2
13.143312,0.004038,4.727912,-4468.02089,2030622821,7737,1
13.145328,0.002016,4.727909,-4468.01486,2030621425,7738,1
13.147351,0.002023,4.728882,-4469.96948,2031039179,7739,1
13.149367,0.002016,4.728231,-4468.66171,2030759457,7740,2
13.153405,0.004038,4.727523,-4467.23944,2030455510,7742,1
13.155421,0.002016,4.728238,-4468.67578,2030762655,7743,1
13.157443,0.002022,4.728518,-4469.23826,2030882937,7744,1
13.15946,0.002017,4.728173,-4468.5452,2030734754,7745,1
13.161482,0.002022,4.728715,-4469.634,2030967700,7746,2
13.16552,0.004038,4.727556,-4467.30574,2030469789,7748,1
13.167536,0.002016,4.726432,-4465.04778,2029987031,7749,1
13.169552,0.002016,4.72682,-4465.82722,2030153470,7750,1
13.171575,0.002023,4.727505,-4467.20329,2030447919,7751,2
13.175613,0.004038,4.727412,-4467.01646,2030407795,7753,1
13.177629,0.002016,4.728299,-4468.79832,2030788881,7754,1
13.179645,0.002016,4.727901,-4467.99879,2030617784,7755,1
13.181668,0.002023,4.726923,-4466.03413,2030197903,7756,2
13.185706,0.004038,4.727459,-4467.11088,2030428009,7758,1
13.187722,0.002016,4.728148,-4468.49498,2030724215,7759,1
13.189738,0.002016,4.727614,-4467.42225,2030494909,7760,1
13.19176,0.002022,4.728205,-4468.60948,2030748459,7761,2
13.195799,0.004039,4.727539,-4467.27159,2030462599,7763,1
13.197815,0.002016,4.726499,-4465.18238,2030015795,7764,1
13.199831,0.002016,4.726682,-4465.55,2030094584,7765,1
13.201853,0.002022,4.727674,-4467.54278,2030520358,7766,2
13.205891,0.004038,4.727194,-4466.57853,2030314517,7768,1
13.207908,0.002017,4.728153,-4468.50502,2030726099,7769,1
13.209924,0.002016,4.728113,-4468.42467,2030708807,7770,1
13.211946,0.002022,4.727085,-4466.35957,2030267675,7771,1
13.213962,0.002016,4.727414,-4467.02048,2030409009,7772,2
13.218,0.004038,4.72876,-4469.7244,2030986689,7774,1
13.220023,0.002023,4.728117,-4468.4327,2030711025,7775,1
13.222039,0.002016,4.728711,-4469.62597,2030965776,7776,1
13.224055,0.002016,4.728419,-4469.03938,2030840607,7777,2
13.228093,0.004038,4.726872,-4465.93168,2030175822,7779,1
13.230116,0.002023,4.726491,-4465.16631,2030012608,7780,1
13.232132,0.002016,4.727606,-4467.40618,2030491521,7781,1
13.234154,0.002022,4.727134,-4466.458,2030288400,7782,2
13.238186,0.004032,4.727831,-4467.85817,2030587858,7784,1
13.240208,0.002022,4.728122,-4468.44275,2030713099,7785,1
13.242224,0.002016,4.727125,-4466.43992,2030284682,7786,1
13.244247,0.002023,4.726967,-4466.12252,2030217088,7787,2
13.248279,0.004032,4.728187,-4468.57332,2030740553,7789,1
13.250301,0.002022,4.727743,-4467.68139,2030550028,7790,1
13.252317,0.002016,4.728415,-4469.03134,2030838846,7791,1
13.25434,0.002023,4.728611,-4469.42508,2030922791,7792,1
13.256356,0.002016,4.727432,-4467.05664,2030416783,7793,2
13.260394,0.004038,4.727249,-4466.68902,2030337877,7795,1
13.26241,0.002016,4.728524,-4469.25031,2030885442,7796,1
13.264432,0.002022,4.728104,-4468.40659,2030705271,7797,1
13.266448,0.002016,4.72856,-4469.32263,2030901183,7798,2
13.270487,0.004039,4.728962,-4470.13019,2031073854,7800,1
13.272503,0.002016,4.727673,-4467.54077,2030519873,7801,1
13.274525,0.002022,4.727046,-4466.28122,2030250725,7802,1
13.276541,0.002016,4.727903,-4468.00281,2030618944,7803,2
13.28058,0.004039,4.72754,-4467.27359,2030462983,7805,1
13.282596,0.002016,4.727698,-4467.59099,2030531007,7806,1
13.284618,0.002022,4.728151,-4468.50101,2030725403,7807,1
13.286634,0.002016,4.727029,-4466.24707,2030243338,7808,2
13.290672,0.004038,4.726638,-4465.46161,2030075600,7810,1
13.292688,0.002016,4.727649,-4467.49256,2030509906,7811,1
13.294711,0.002023,4.727592,-4467.37806,2030485326,7812,1
13.296727,0.002016,4.727712,-4467.61912,2030536759,7813,1
13.298749,0.002022,4.728446,-4469.09362,2030852005,7814,2
13.302781,0.004032,4.72729,-4466.77138,2030355730,7816,1
13.304804,0.002023,4.72631,-4464.8027,2029934869,7817,1
13.30682,0.002016,4.727108,-4466.40577,2030277239,7818,1
13.308842,0.002022,4.727574,-4467.3419,2030477666,7819,2
13.312874,0.004032,4.727522,-4467.23744,2030455293,7821,1
13.314896,0.002022,4.728431,-4469.06349,2030845697,7822,1
13.316912,0.002016,4.727679,-4467.55283,2030522442,7823,1
13.318935,0.002023,4.726876,-4465.93971,2030177790,7824,2
13.322967,0.004032,4.727446,-4467.08476,2030422354,7826,1
13.324989,0.002022,4.727675,-4467.54479,2030520869,7827,1
13.327005,0.002016,4.727253,-4466.69705,2030339758,7828,1
13.329028,0.002023,4.72787,-4467.93652,2030604684,7829,2
13.333059,0.004031,4.726952,-4466.09239,2030210199,7831,1
13.335082,0.002023,4.725928,-4464.03532,2029770799,7832,1
13.337098,0.002016,4.72645,-4465.08394,2029994974,7833,1
13.33912,0.002022,4.727125,-4466.43992,2030284686,7834,1
13.341136,0.002016,4.72673,-4465.64642,2030115133,7835,2
13.345175,0.004039,4.727596,-4467.38609,2030486993,7837,1
13.347191,0.002016,4.727011,-4466.21091,2030235916,7838,1
13.349213,0.002022,4.725928,-4464.03532,2029770574,7839,1
13.351229,0.002016,4.726337,-4464.85694,2029946057,7840,2
13.355268,0.004039,4.72716,-4466.51023,2030299811,7842,1
13.357284,0.002016,4.726749,-4465.68459,2030123236,7843,1
13.359306,0.002022,4.727754,-4467.70349,2030554902,7844,1
13.361322,0.002016,4.727534,-4467.26154,2030460409,7845,2
13.36536,0.004038,4.726407,-4464.99756,2029976472,7847,1
13.367376,0.002016,4.726606,-4465.39732,2030061899,7848,1
13.369399,0.002023,4.727594,-4467.38207,2030486229,7849,1
13.371415,0.002016,4.727008,-4466.20488,2030234534,7850,2
13.375453,0.004038,4.727695,-4467.58497,2030529337,7852,1
13.377475,0.002022,4.727356,-4466.90397,2030383705,7853,1
13.379491,0.002016,4.726085,-4464.35071,2029837865,7854,1
13.381511,0.00202,4.726108,-4464.39691,2029847889,7855,1
13.383527,0.002016,4.727041,-4466.27118,2030248685,7856,2
13.387565,0.004038,4.726441,-4465.06586,2029991044,7858,1
13.389588,0.002023,4.727257,-4466.70509,2030341488,7859,1
13.391604,0.002016,4.727207,-4466.60465,2030319958,7860,1
13.393619,0.002015,4.726112,-4464.40495,2029849757,7861,2
13.397658,0.004039,4.726196,-4464.57369,2029885680,7863,1
13.39968,0.002022,4.727555,-4467.30373,2030469507,7864,1
13.401696,0.002016,4.727061,-4466.31135,2030257116,7865,1
13.403719,0.002023,4.727726,-4467.64724,2030542885,7866,2
13.407751,0.004032,4.7279,-4467.99678,2030617607,7868,1
13.409773,0.002022,4.726555,-4465.29487,2030039791,7869,1
13.411789,0.002016,4.726041,-4464.26232,2029819022,7870,1
13.413812,0.002023,4.727084,-4466.35756,2030267201,7871,2
13.417843,0.004031,4.726623,-4465.43147,2030068927,7873,1
13.419866,0.002023,4.727065,-4466.31939,2030259095,7874,1
13.421882,0.002016,4.727271,-4466.73321,2030347250,7875,1
13.423904,0.002022,4.726004,-4464.18799,2029803100,7876,2
13.427936,0.004032,4.725556,-4463.28802,2029610948,7878,1
13.429959,0.002023,4.726673,-4465.53192,2030090758,7879,1
13.431975,0.002016,4.726546,-4465.27679,2030036283,7880,1
13.433997,0.002022,4.726904,-4465.99596,2030189783,7881,1
13.436013,0.002016,4.727401,-4466.99436,2030403140,7882,2
13.440052,0.004039,4.726431,-4465.04577,2029986704,7884,1
13.442067,0.002015,4.725926,-4464.0313,2029769813,7885,1
13.44409,0.002023,4.726965,-4466.1185,2030215874,7886,1
13.446106,0.002016,4.726834,-4465.85534,2030159771,7887,2
13.450144,0.004038,4.72702,-4466.22899,2030239665,7889,1
13.45216,0.002016,4.727631,-4467.4564,2030501960,7890,1
13.454183,0.002023,4.726576,-4465.33706,2030048946,7891,1
13.456199,0.002016,4.725895,-4463.96903,2029756519,7892,2
13.460237,0.004038,4.72681,-4465.80713,2030149459,7894,1
13.46226,0.002023,4.726914,-4466.01605,2030194108,7895,1
13.464276,0.002016,4.726947,-4466.08234,2030208118,7896,1
13.466292,0.002016,4.727596,-4467.38609,2030487107,7897,2
13.47033,0.004038,4.726493,-4465.17032,2030013462,7899,1
13.472352,0.002022,4.725642,-4463.46079,2029647738,7900,1
13.474368,0.002016,4.726501,-4465.18639,2030016505,7901,1
13.476391,0.002023,4.726843,-4465.87342,2030163848,7902,1
13.478407,0.002016,4.726669,-4465.52388,2030088922,7903,2
13.482445,0.004038,4.727588,-4467.37002,2030483512,7905,1
13.484461,0.002016,4.726833,-4465.85333,2030159410,7906,1
13.486484,0.002023,4.725906,-4463.99112,2029761380,7907,1
13.4885,0.002016,4.726674,-4465.53393,2030091045,7908,2
13.492538,0.004038,4.72732,-4466.83165,2030368313,7910,1
13.494554,0.002016,4.726886,-4465.9598,2030182043,7911,1
13.496576,0.002022,4.727464,-4467.12092,2030430446,7912,1
13.498592,0.002016,4.726726,-4465.63839,2030113257,7913,2
13.502631,0.004039,4.725781,-4463.74002,2029707459,7915,1
13.504653,0.002022,4.726182,-4464.54557,2029879566,7916,1
13.506669,0.002016,4.72681,-4465.80713,2030149306,7917,1
13.508685,0.002016,4.726387,-4464.95738,2029967691,7918,2
13.512724,0.004039,4.727075,-4466.33948,2030263055,7920,1
13.514746,0.002022,4.72652,-4465.22456,2030025017,7921,1
13.516762,0.002016,4.72563,-4463.43668,2029642517,7922,1
13.518778,0.002016,4.725938,-4464.05541,2029774947,7923,1
13.5208,0.002022,4.726981,-4466.15064,2030222913,7924,2
13.524839,0.004039,4.726591,-4465.36719,2030055351,7926,1
13.526855,0.002016,4.727387,-4466.96624,2030397061,7927,1
13.528871,0.002016,4.727121,-4466.43188,2030283146,7928,1
13.530893,0.002022,4.726006,-4464.19201,2029804100,7929,2
13.534932,0.004039,4.726148,-4464.47727,2029865075,7931,1
13.536947,0.002015,4.727115,-4466.41983,2030280212,7932,1
13.53897,0.002023,4.726452,-4465.08796,2029995505,7933,1
13.540986,0.002016,4.727201,-4466.59259,2030317515,7934,2
13.545024,0.004038,4.727021,-4466.231,2030240245,7936,1
13.54704,0.002016,4.725794,-4463.76613,2029713109,7937,1
13.549063,0.002023,4.725713,-4463.60342,2029678335,7938,1
13.551079,0.002016,4.726852,-4465.8915,2030167604,7939,2
13.555117,0.004038,4.72632,-4464.82279,2029938948,7941,1
13.557133,0.002016,4.726966,-4466.12051,2030216628,7942,1
13.559156,0.002023,4.727002,-4466.19283,2030232117,7943,1
13.561172,0.002016,4.725808,-4463.79426,2029719139,7944,1
13.563194,0.002022,4.725602,-4463.38043,2029630643,7945,2
13.567232,0.004038,4.726935,-4466.05824,2030203198,7947,1
13.569248,0.002016,4.726652,-4465.48973,2030081535,7948,1
13.571264,0.002016,4.727262,-4466.71513,2030343603,7949,1
13.573287,0.002023,4.727468,-4467.12896,2030431739,7950,2
13.577325,0.004038,4.726292,-4464.76654,2029926893,7952,1
13.579341,0.002016,4.725844,-4463.86658,2029734787,7953,1
13.581364,0.002023,4.726837,-4465.86137,2030161134,7954,1
13.58338,0.002016,4.726325,-4464.83283,2029941074,7955,2
13.587418,0.004038,4.726529,-4465.24264,2030028555,7957,1
13.589434,0.002016,4.726878,-4465.94373,2030178428,7958,1
13.591456,0.002022,4.725854,-4463.88666,2029739046,7959,1
13.593472,0.002016,4.725226,-4462.6251,2029469176,7960,2
13.597511,0.004039,4.726259,-4464.70025,2029912785,7962,1
13.599527,0.002016,4.726123,-4464.42705,2029854441,7963,1
13.601549,0.002022,4.72646,-4465.10403,2029999412,7964,1
13.603565,0.002016,4.726838,-4465.86338,2030161515,7965,1
13.605587,0.002022,4.725689,-4463.5552,2029668093,7966,2
13.60962,0.004033,4.725254,-4462.68135,2029481275,7968,1
13.611642,0.002022,4.726387,-4464.95738,2029967587,7969,1
13.613658,0.002016,4.726541,-4465.26675,2030033654,7970,1
13.61568,0.002022,4.726828,-4465.84329,2030157052,7971,2
13.619719,0.004039,4.727222,-4466.63478,2030326699,7973,1
13.621735,0.002016,4.726182,-4464.54557,2029879583,7974,1
13.623751,0.002016,4.725446,-4463.06705,2029563815,7975,1
13.625773,0.002022,4.726372,-4464.92725,2029961269,7976,2
13.629812,0.004039,4.726522,-4465.22858,2030025433,7978,1
13.631828,0.002016,4.726428,-4465.03975,2029985103,7979,1
13.633844,0.002016,4.726925,-4466.03815,2030198851,7980,1
13.635866,0.002022,4.725929,-4464.03733,2029771294,7981,2
13.639904,0.004038,4.725148,-4462.46841,2029435670,7983,1
13.64192,0.002016,4.72576,-4463.69783,2029698387,7984,1
13.643943,0.002023,4.726222,-4464.62592,2029896982,7985,1
13.645959,0.002016,4.726277,-4464.73641,2029920499,7986,2
13.649997,0.004038,4.726836,-4465.85936,2030160581,7988,1
13.652013,0.002016,4.726171,-4464.52347,2029874746,7989,1
13.654036,0.002023,4.725352,-4462.87822,2029523077,7990,1
13.656052,0.002016,4.725915,-4464.0092,2029765143,7991,1
13.658068,0.002016,4.726594,-4465.37322,2030056405,7992,2
13.662106,0.004038,4.726404,-4464.99153,2029974974,7994,1
13.664128,0.002022,4.726963,-4466.11449,2030214906,7995,1
13.666144,0.002016,4.726409,-4465.00158,2029977304,7996,1
13.66816,0.002016,4.725201,-4462.57488,2029458329,7997,2
13.672199,0.004039,4.725554,-4463.28401,2029610197,7999,1
13.674221,0.002022,4.726456,-4465.096,2029997172,8000,1
13.676237,0.002016,4.726231,-4464.644,2029900716,8001,1
13.67826,0.002023,4.726604,-4465.39331,2030061111,8002,2
13.682292,0.004032,4.726216,-4464.61387,2029894322,8004,1
13.684314,0.002022,4.725194,-4462.56082,2029455120,8005,1
13.68633,0.002016,4.725441,-4463.05701,2029561202,8006,1
13.688352,0.002022,4.726721,-4465.62834,2030111125,8007,2
13.692384,0.004032,4.726514,-4465.21251,2030022311,8009,1
13.694407,0.002023,4.727015,-4466.21895,2030237208,8010,1
13.696423,0.002016,4.726812,-4465.81115,2030150575,8011,1
13.698445,0.002022,4.725682,-4463.54114,2029665071,8012,1
13.700461,0.002016,4.725725,-4463.62752,2029683321,8013,2
13.7045,0.004039,4.726721,-4465.62834,2030111277,8015,1
13.706516,0.002016,4.726237,-4464.65606,2029903537,8016,1
13.708538,0.002022,4.726628,-4465.44152,2030071331,8017,1
13.710554,0.002016,4.72644,-4465.06385,2029990461,8018,2
13.714592,0.004038,4.725256,-4462.68537,2029482293,8020,1
13.716615,0.002023,4.72527,-4462.71349,2029488074,8021,1
13.718631,0.002016,4.726533,-4465.25068,2030030638,8022,1
13.720647,0.002016,4.726163,-4464.5074,2029871787,8023,2
13.724685,0.004038,4.726615,-4465.4154,2030065771,8025,1
13.726708,0.002023,4.726706,-4465.59821,2030104563,8026,1
13.728724,0.002016,4.72547,-4463.11526,2029573705,8027,1
13.730746,0.002022,4.725181,-4462.5347,2029449579,8028,2
13.734778,0.004032,4.726493,-4465.17032,2030013136,8030,1
13.7368,0.002022,4.726278,-4464.73842,2029921152,8031,1
13.738816,0.002016,4.726872,-4465.93168,2030175963,8032,1
13.740839,0.002023,4.727082,-4466.35354,2030266315,8033,1
13.742855,0.002016,4.725906,-4463.99112,2029761469,8034,2
13.746893,0.004038,4.725517,-4463.20968,2029594035,8036,1
13.748909,0.002016,4.726712,-4465.61026,2030107510,8037,1
13.750932,0.002023,4.726572,-4465.32902,2030046939,8038,1
13.752948,0.002016,4.72683,-4465.84731,2030157811,8039,2
13.756986,0.004038,4.726932,-4466.05221,2030201857,8041,1
13.759008,0.002022,4.725838,-4463.85452,2029732159,8042,1
13.761024,0.002016,4.725282,-4462.7376,2029492938,8043,1
13.76304,0.002016,4.726297,-4464.77659,2029929195,8044,2
13.767079,0.004039,4.726214,-4464.60985,2029893385,8046,1
13.769101,0.002022,4.726536,-4465.2567,2030031905,8047,1
13.771117,0.002016,4.727036,-4466.26113,2030246559,8048,1
13.773133,0.002016,4.726193,-4464.56767,2029884332,8049,2
13.777171,0.004038,4.725883,-4463.94492,2029750992,8051,1
13.779194,0.002023,4.726878,-4465.94373,2030178826,8052,1
13.78121,0.002016,4.72698,-4466.14864,2030222419,8053,1
13.783232,0.002022,4.727148,-4466.48612,2030294525,8054,1
13.785248,0.002016,4.72748,-4467.15306,2030437415,8055,2
13.789287,0.004039,4.726322,-4464.82681,2029939806,8057,1
13.791303,0.002016,4.725344,-4462.86215,2029519778,8058,1
13.793325,0.002022,4.726152,-4464.4853,2029866972,8059,1
13.795341,0.002016,4.726465,-4465.11407,2030001469,8060,2
13.79938,0.004039,4.726457,-4465.098,2029997894,8062,1
13.801395,0.002015,4.72697,-4466.12855,2030218110,8063,1
13.803415,0.00202,4.726208,-4464.5978,2029890632,8064,1
13.805437,0.002022,4.72551,-4463.19562,2029590866,8065,2
13.809469,0.004032,4.726152,-4464.4853,2029867007,8067,1
13.811492,0.002023,4.726557,-4465.29889,2030040587,8068,1
13.813507,0.002015,4.726417,-4465.01765,2029980458,8069,1
13.81553,0.002023,4.727009,-4466.20689,2030234737,8070,2
13.819562,0.004032,4.72635,-4464.88306,2029951711,8072,1
13.821584,0.002022,4.72535,-4462.8742,2029522462,8073,1
13.8236,0.002016,4.725929,-4464.03733,2029771191,8074,1
13.825623,0.002023,4.726817,-4465.82119,2030152539,8075,1
13.827639,0.002016,4.726582,-4465.34911,2030051394,8076,2
13.831677,0.004038,4.727167,-4466.52429,2030302642,8078,1
13.833693,0.002016,4.726658,-4465.50178,2030084330,8079,1
13.835716,0.002023,4.725632,-4463.4407,2029643512,8080,1
13.837732,0.002016,4.725884,-4463.94693,2029751413,8081,2
13.84177,0.004038,4.726703,-4465.59218,2030103269,8083,1
13.843786,0.002016,4.726391,-4464.96542,2029969669,8084,1
13.845808,0.002022,4.72698,-4466.14864,2030222377,8085,1
13.847824,0.002016,4.726643,-4465.47165,2030077533,8086,2
13.851863,0.004039,4.725723,-4463.6235,2029682408,8088,1
13.853879,0.002016,4.726026,-4464.23219,2029812662,8089,1
13.855901,0.002022,4.727068,-4466.32541,2030259962,8090,1
13.857917,0.002016,4.726863,-4465.9136,2030172423,8091,2
13.861955,0.004038,4.727517,-4467.22739,2030452990,8093,1
13.863972,0.002017,4.727213,-4466.6167,2030322612,8094,1
13.865994,0.002022,4.725929,-4464.03733,2029771175,8095,1
13.86801,0.002016,4.725843,-4463.86457,2029734452,8096,1
13.870032,0.002022,4.726846,-4465.87945,2030164747,8097,2
13.874064,0.004032,4.726461,-4465.10604,2029999730,8099,1
13.876087,0.002023,4.727083,-4466.35555,2030266585,8100,1
13.878103,0.002016,4.727003,-4466.19484,2030232459,8101,1
13.880125,0.002022,4.725759,-4463.69582,2029698107,8102,2
13.884164,0.004039,4.72561,-4463.3965,2029634225,8104,1
13.88618,0.002016,4.726819,-4465.82521,2030153287,8105,1
13.888196,0.002016,4.726491,-4465.16631,2030012615,8106,1
13.890218,0.002022,4.727079,-4466.34751,2030265069,8107,2
13.894256,0.004038,4.727097,-4466.38367,2030272733,8109,1
13.896272,0.002016,4.72587,-4463.91881,2029745701,8110,1
13.898288,0.002016,4.725724,-4463.62551,2029682872,8111,1
13.900311,0.002023,4.72691,-4466.00802,2030192454,8112,2
13.904349,0.004038,4.726664,-4465.51384,2030086489,8114,1
13.906365,0.002016,4.727159,-4466.50822,2030299212,8115,1
13.908388,0.002023,4.72728,-4466.75129,2030351168,8116,1
13.910404,0.002016,4.725974,-4464.12773,2029790481,8117,2
13.914442,0.004038,4.725449,-4463.07308,2029564826,8119,1
13.916458,0.002016,4.72652,-4465.22456,2030024697,8120,1
13.91848,0.002022,4.726476,-4465.13617,2030005847,8121,1
13.920496,0.002016,4.726889,-4465.96583,2030183435,8122,1
13.922512,0.002016,4.727196,-4466.58255,2030315288,8123,2
13.926551,0.004039,4.726064,-4464.30852,2029829110,8125,1
13.928573,0.002022,4.725479,-4463.13334,2029577878,8126,1
13.930589,0.002016,4.726647,-4465.47969,2030079483,8127,1
13.932605,0.002016,4.726819,-4465.82521,2030153358,8128,2
13.936644,0.004039,4.727072,-4466.33345,2030261758,8130,1
13.938666,0.002022,4.727467,-4467.12695,2030431405,8131,1
13.940682,0.002016,4.726487,-4465.15827,2030010631,8132,1
13.942698,0.002016,4.725841,-4463.86055,2029733267,8133,2
13.946736,0.004038,4.726753,-4465.69263,2030124775,8135,1
13.948759,0.002023,4.726854,-4465.89552,2030168250,8136,1
13.950775,0.002016,4.726895,-4465.97788,2030185891,8137,1
13.952797,0.002022,4.727257,-4466.70509,2030341415,8138,2
13.956829,0.004032,4.726297,-4464.77659,2029929257,8140,1
13.958852,0.002023,4.725561,-4463.29807,2029612906,8141,1
13.960868,0.002016,4.7265,-4465.18438,2030016378,8142,1
13.96289,0.002022,4.726859,-4465.90556,2030170528,8143,1
13.964906,0.002016,4.726721,-4465.62834,2030111188,8144,2
13.968944,0.004038,4.727436,-4467.06467,2030418179,8146,1
13.97096,0.002016,4.726596,-4465.37723,2030057425,8147,1
13.972983,0.002023,4.725714,-4463.60542,2029678636,8148,1
13.974999,0.002016,4.726423,-4465.0297,2029983128,8149,2
13.979037,0.004038,4.726979,-4466.14663,2030222035,8151,1
13.981053,0.002016,4.726651,-4465.48772,2030081288,8152,1
13.983076,0.002023,4.727566,-4467.32583,2030474144,8153,1
13.985092,0.002016,4.726947,-4466.08234,2030208349,8154,2
13.98913,0.004038,4.725948,-4464.0755,2029779198,8156,1
13.991152,0.002022,4.726383,-4464.94935,2029965926,8157,1
13.993168,0.002016,4.727012,-4466.21292,2030236235,8158,1
13.995184,0.002016,4.726555,-4465.29487,2030039921,8159,2
13.999223,0.004039,4.727171,-4466.53233,2030304341,8161,1
14.001245,0.002022,4.726693,-4465.57209,2030099061,8162,1
14.003261,0.002016,4.725645,-4463.46681,2029648978,8163,1
14.005768,0.002507,4.725899,-4463.97706,2029758136,8164,1
14.007296,0.001528,4.726851,-4465.88949,2030166777,8165,2
14.011335,0.004039,4.726347,-4464.87703,2029950456,8167,1
14.013357,0.002022,4.727044,-4466.2772,2030249917,8168,1
14.015373,0.002016,4.726759,-4465.70468,2030127750,8169,1
14.017396,0.002023,4.725694,-4463.56525,2029670121,8170,2
14.021427,0.004031,4.725969,-4464.11768,2029788439,8172,1
14.02345,0.002023,4.727053,-4466.29528,2030253631,8173,1
14.025466,0.002016,4.726477,-4465.13818,2030006255,8174,1
14.027488,0.002022,4.727269,-4466.7292,2030346558,8175,2
14.03152,0.004032,4.727229,-4466.64884,2030329424,8177,1
14.033543,0.002023,4.726028,-4464.2362,2029813214,8178,1
14.035559,0.002016,4.725936,-4464.05139,2029774086,8179,1
14.037581,0.002022,4.727008,-4466.20488,2030234414,8180,2
14.041619,0.004038,4.726708,-4465.60223,2030105819,8182,1
14.043635,0.002016,4.727229,-4466.64884,2030329192,8183,1
14.045652,0.002017,4.727088,-4466.36559,2030269098,8184,1
14.047674,0.002022,4.725853,-4463.88465,2029738519,8185,1
14.04969,0.002016,4.72581,-4463.79827,2029719739,8186,2
14.053728,0.004038,4.726907,-4466.00199,2030191236,8188,1
14.055744,0.002016,4.726596,-4465.37723,2030057460,8189,1
14.057767,0.002023,4.727174,-4466.53835,2030305625,8190,1
14.059783,0.002016,4.727503,-4467.19927,2030446956,8191,2
14.063821,0.004038,4.726551,-4465.28684,2030038083,8193,1
14.065843,0.002022,4.726356,-4464.89511,2029954210,8194,1
14.06786,0.002017,4.727524,-4467.24145,2030456098,8195,1
14.069876,0.002016,4.727277,-4466.74527,2030349945,8196,2
14.073914,0.004038,4.727578,-4467.34993,2030479201,8198,1
14.075936,0.002022,4.727622,-4467.43832,2030498141,8199,1
14.077952,0.002016,4.726234,-4464.65003,2029902140,8200,1
14.079968,0.002016,4.725659,-4463.49494,2029655218,8201,2
14.084007,0.004039,4.726782,-4465.75088,2030137645,8203,1
14.086029,0.002022,4.726545,-4465.27478,2030035746,8204,1
14.088045,0.002016,4.726885,-4465.95779,2030181742,8205,1
14.090068,0.002023,4.727261,-4466.71312,2030343217,8206,1
14.092084,0.002016,4.726292,-4464.76654,2029926976,8207,2
14.096122,0.004038,4.725664,-4463.50498,2029657208,8209,1
14.098138,0.002016,4.726763,-4465.71271,2030129230,8210,1
14.10016,0.002022,4.727128,-4466.44595,2030286043,8211,1
14.102176,0.002016,4.727595,-4467.38408,2030486601,8212,2
14.106215,0.004039,4.728111,-4468.42065,2030708359,8214,1
14.108231,0.002016,4.727176,-4466.54237,2030306603,8215,1
14.110253,0.002022,4.726402,-4464.98752,2029974217,8216,1
14.112269,0.002016,4.727103,-4466.39572,2030275444,8217,2
14.116308,0.004039,4.727148,-4466.48612,2030294406,8219,1
14.118324,0.002016,4.726917,-4466.02208,2030195508,8220,1
14.120346,0.002022,4.727463,-4467.11891,2030429890,8221,1
14.122362,0.002016,4.72651,-4465.20447,2030020603,8222,2
14.1264,0.004038,4.725791,-4463.76011,2029711862,8224,1
14.128416,0.002016,4.726612,-4465.40938,2030064511,8225,1
14.130439,0.002023,4.726968,-4466.12453,2030217232,8226,1
14.132455,0.002016,4.726692,-4465.57009,2030098887,8227,1
14.134477,0.002022,4.727455,-4467.10284,2030426502,8228,2
14.138516,0.004039,4.726661,-4465.50781,2030085498,8230,1
14.140532,0.002016,4.725734,-4463.6456,2029687410,8231,1
14.142554,0.002022,4.726403,-4464.98953,2029974830,8232,1
14.14457,0.002016,4.727116,-4466.42184,2030280711,8233,2
14.148608,0.004038,4.726909,-4466.00601,2030191973,8235,1
14.150624,0.002016,4.727785,-4467.76576,2030568173,8236,1
14.152647,0.002023,4.727172,-4466.53434,2030305079,8237,1
14.154663,0.002016,4.725991,-4464.16188,2029797896,8238,2
14.158701,0.004038,4.726162,-4464.50539,2029870785,8240,1
14.160717,0.002016,4.726989,-4466.16672,2030226175,8241,1
14.16274,0.002023,4.726456,-4465.096,2029997263,8242,1
14.164756,0.002016,4.727192,-4466.57451,2030313469,8243,2
14.168794,0.004038,4.726958,-4466.10444,2030213075,8245,1
14.17081,0.002016,4.725881,-4463.9409,2029750254,8246,1
14.172832,0.002022,4.726038,-4464.25629,2029817693,8247,1
14.174848,0.002016,4.727048,-4466.28524,2030251601,8248,2
14.178887,0.004039,4.726517,-4465.21854,2030023730,8250,1
14.180909,0.002022,4.727285,-4466.76134,2030353350,8251,1
14.182925,0.002016,4.727053,-4466.29528,2030253635,8252,1
14.184941,0.002016,4.725931,-4464.04135,2029771983,8253,1
14.186963,0.002022,4.726056,-4464.29245,2029825399,8254,2
14.191002,0.004039,4.727301,-4466.79348,2030360429,8256,1
14.193018,0.002016,4.726718,-4465.62232,2030109860,8257,1
14.195034,0.002016,4.727366,-4466.92405,2030388182,8258,1
14.197056,0.002022,4.72717,-4466.53032,2030303920,8259,2
14.201095,0.004039,4.725946,-4464.07148,2029778271,8261,1
14.203111,0.002016,4.725861,-4463.90073,2029741889,8262,1
14.205127,0.002016,4.727024,-4466.23703,2030241283,8263,1
14.207149,0.002022,4.726627,-4465.43951,2030070980,8264,2
14.211188,0.004039,4.727288,-4466.76736,2030354924,8266,1
14.213204,0.002016,4.727404,-4467.00039,2030404452,8267,1
14.215226,0.002022,4.726011,-4464.20205,2029806278,8268,1
14.217242,0.002016,4.725776,-4463.72997,2029705331,8269,2
14.22128,0.004038,4.726936,-4466.06025,2030203774,8271,1
14.223296,0.002016,4.72648,-4465.14421,2030007419,8272,1
14.225319,0.002023,4.727036,-4466.26113,2030246261,8273,1
14.227335,0.002016,4.727275,-4466.74125,2030349041,8274,1
14.229351,0.002016,4.726144,-4464.46923,2029863257,8275,2
14.233389,0.004038,4.725877,-4463.93287,2029748797,8277,1
14.235412,0.002023,4.726924,-4466.03614,2030198657,8278,1
14.237428,0.002016,4.726543,-4465.27077,2030034433,8279,1
14.23945,0.002022,4.726943,-4466.07431,2030206548,8280,2
14.243482,0.004032,4.727406,-4467.00441,2030405194,8282,1
14.245504,0.002022,4.726112,-4464.40495,2029849547,8283,1
14.24752,0.002016,4.725606,-4463.38847,2029632391,8284,1
14.249543,0.002023,4.726874,-4465.9357,2030176944,8285,2
14.253581,0.004038,4.726803,-4465.79307,2030146557,8287,1
14.255597,0.002016,4.726944,-4466.07632,2030206883,8288,1
14.257613,0.002016,4.727416,-4467.0245,2030409721,8289,1
14.259636,0.002023,4.726347,-4464.87703,2029950574,8290,2
14.263674,0.004038,4.725694,-4463.56525,2029669892,8292,1
14.26569,0.002016,4.726689,-4465.56406,2030097547,8293,1
14.267706,0.002016,4.726805,-4465.79709,2030147179,8294,1
14.269728,0.002022,4.726905,-4465.99797,2030190164,8295,1
14.271744,0.002016,4.727688,-4467.57091,2030526604,8296,2
14.275783,0.004039,4.726794,-4465.77499,2030142480,8298,1
14.277805,0.002022,4.725932,-4464.04335,2029772145,8299,1
14.279821,0.002016,4.726729,-4465.64441,2030114511,8300,1
14.281837,0.002016,4.726967,-4466.12252,2030216784,8301,2
14.285876,0.004039,4.726862,-4465.91159,2030171633,8303,1
14.287898,0.002022,4.727569,-4467.33185,2030475219,8304,1
14.289914,0.002016,4.726723,-4465.63236,2030112040,8305,1
14.291936,0.002022,4.725905,-4463.98912,2029760704,8306,2
14.295968,0.004032,4.726419,-4465.02167,2029981383,8308,1
14.297991,0.002023,4.72694,-4466.06828,2030205370,8309,1
14.300007,0.002016,4.726758,-4465.70267,2030126892,8310,1
14.302029,0.002022,4.727466,-4467.12494,2030431032,8311,2
14.306061,0.004032,4.726688,-4465.56205,2030096999,8313,1
14.308084,0.002023,4.725889,-4463.95697,2029753951,8314,1
14.310099,0.002015,4.726588,-4465.36116,2030054023,8315,1
14.312122,0.002023,4.727284,-4466.75933,2030353051,8316,1
14.314138,0.002016,4.726932,-4466.05221,2030201688,8317,2
14.318176,0.004038,4.727804,-4467.80393,2030576209,8319,1
14.320192,0.002016,4.727264,-4466.71915,2030344367,8320,1
14.322215,0.002023,4.726059,-4464.29848,2029827062,8321,1
14.324231,0.002016,4.726234,-4464.65003,2029902293,8322,2
14.328269,0.004038,4.726984,-4466.15667,2030224176,8324,1
14.330292,0.002023,4.726494,-4465.17233,2030013880,8325,1
14.332308,0.002016,4.727276,-4466.74326,2030349418,8326,1
14.334324,0.002016,4.726982,-4466.15265,2030223050,8327,2
14.338362,0.004038,4.725836,-4463.8505,2029730957,8329,1
14.340384,0.002022,4.726023,-4464.22616,2029811182,8330,1
14.3424,0.002016,4.727191,-4466.5725,2030313363,8331,1
14.344423,0.002023,4.726778,-4465.74285,2030135545,8332,2
14.348455,0.004032,4.727599,-4467.39212,2030488445,8334,1
14.350477,0.002022,4.727478,-4467.14905,2030436293,8335,1
14.352493,0.002016,4.726296,-4464.77458,2029928527,8336,1
14.354516,0.002023,4.726223,-4464.62793,2029897361,8337,1
14.356532,0.002016,4.727341,-4466.87383,2030377400,8338,2
14.36057,0.004038,4.72691,-4466.00802,2030192186,8340,1
14.362586,0.002016,4.727494,-4467.18119,2030443115,8341,1
14.364608,0.002022,4.727374,-4466.94012,2030391588,8342,1
14.366624,0.002016,4.726081,-4464.34267,2029836231,8343,2
14.370663,0.004039,4.726023,-4464.22616,2029811330,8345,1
14.372685,0.002022,4.727139,-4466.46804,2030290804,8346,1
14.374701,0.002016,4.726873,-4465.93369,2030176738,8347,1
14.376717,0.002016,4.727481,-4467.15507,2030437729,8348,2
14.380756,0.004039,4.72744,-4467.07271,2030419926,8350,1
14.382778,0.002022,4.726211,-4464.60383,2029892251,8351,1
14.384794,0.002016,4.725997,-4464.17393,2029800073,8352,1
14.386816,0.002022,4.727135,-4466.46001,2030288930,8353,2
14.390848,0.004032,4.726825,-4465.83726,2030156082,8355,1
14.392871,0.002023,4.727394,-4466.9803,2030400355,8356,1
14.394887,0.002016,4.727681,-4467.55684,2030523708,8357,1
14.396909,0.002022,4.726489,-4465.16229,2030011687,8358,2
14.400948,0.004039,4.726067,-4464.31455,2029830271,8360,1
14.402964,0.002016,4.727086,-4466.36157,2030267859,8361,1
14.404979,0.002015,4.726953,-4466.0944,2030210893,8362,1
14.407002,0.002023,4.727342,-4466.87584,2030377734,8363,1
14.409018,0.002016,4.727586,-4467.366,2030482545,8364,2
14.413056,0.004038,4.726429,-4465.04176,2029985654,8366,1
14.415072,0.002016,4.725842,-4463.86256,2029733689,8367,1
14.417095,0.002023,4.726932,-4466.05221,2030201766,8368,1
14.419111,0.002016,4.726786,-4465.75892,2030139309,8369,2
14.423149,0.004038,4.726883,-4465.95378,2030181013,8371,1
14.425172,0.002023,4.727552,-4467.2977,2030468137,8372,1
14.427188,0.002016,4.726561,-4465.30692,2030042506,8373,1
14.429204,0.002016,4.72586,-4463.89872,2029741270,8374,2
14.433242,0.004038,4.726833,-4465.85333,2030159445,8376,1
14.435264,0.002022,4.727134,-4466.458,2030288482,8377,1
14.43728,0.002016,4.727191,-4466.5725,2030312924,8378,1
14.439303,0.002023,4.727819,-4467.83407,2030583012,8379,2
14.443335,0.004032,4.726851,-4465.88949,2030167317,8381,1
14.445357,0.002022,4.726061,-4464.3025,2029827927,8382,1
14.447373,0.002016,4.726806,-4465.79909,2030147775,8383,1
14.449396,0.002023,4.727059,-4466.30734,2030256596,8384,1
14.451412,0.002016,4.726901,-4465.98994,2030188225,8385,2
14.45545,0.004038,4.727488,-4467.16913,2030440612,8387,1
14.457466,0.002016,4.726608,-4465.40134,2030062637,8388,1
14.459488,0.002022,4.725742,-4463.66167,2029690561,8389,1
14.461504,0.002016,4.726358,-4464.89913,2029955410,8390,2
14.465543,0.004039,4.726898,-4465.98391,2030187306,8392,1
14.467559,0.002016,4.72671,-4465.60624,2030106399,8393,1
14.469581,0.002022,4.727635,-4467.46444,2030503963,8394,1
14.471597,0.002016,4.72711,-4466.40979,2030278531,8395,2
14.475636,0.004039,4.726149,-4464.47928,2029865314,8397,1
14.477658,0.002022,4.726764,-4465.71472,2030129560,8398,1
14.479674,0.002016,4.727698,-4467.59099,2030530932,8399,1
14.48169,0.002016,4.727238,-4466.66692,2030333089,8400,2
14.485728,0.004038,4.727907,-4468.01085,2030620512,8402,1
14.487751,0.002023,4.727403,-4466.99838,2030404118,8403,1
14.489767,0.002016,4.726331,-4464.84489,2029943527,8404,1
14.491789,0.002022,4.72646,-4465.10403,2029999029,8405,1
14.493805,0.002016,4.727264,-4466.71915,2030344400,8406,2
14.497844,0.004039,4.726652,-4465.48973,2030081458,8408,1
14.49986,0.002016,4.727461,-4467.1149,2030429115,8409,1
14.501882,0.002022,4.727161,-4466.51224,2030300464,8410,1
14.503898,0.002016,4.726015,-4464.21009,2029807841,8411,2
14.507936,0.004038,4.726145,-4464.47124,2029863884,8413,1
14.509952,0.002016,4.727192,-4466.57451,2030313636,8414,1
14.511975,0.002023,4.726768,-4465.72276,2030131187,8415,1
14.513991,0.002016,4.727722,-4467.63921,2030540918,8416,2
14.518029,0.004038,4.727698,-4467.59099,2030530695,8418,1
14.520052,0.002023,4.726483,-4465.15023,2030009147,8419,1
14.522068,0.002016,4.726402,-4464.98752,2029974347,8420,1
14.524084,0.002016,4.727623,-4467.44033,2030498698,8421,2
14.528122,0.004038,4.726958,-4466.10444,2030213125,8423,1
14.530144,0.002022,4.727393,-4466.97829,2030399919,8424,1
14.53216,0.002016,4.727386,-4466.96423,2030396640,8425,1
14.534176,0.002016,4.72622,-4464.62191,2029896223,8426,1
14.536199,0.002023,4.726063,-4464.30651,2029828477,8427,2
14.540237,0.004038,4.727185,-4466.56045,2030310629,8429,1
14.542253,0.002016,4.726702,-4465.59017,2030103215,8430,1
14.544276,0.002023,4.727254,-4466.69906,2030340054,8431,1
14.546292,0.002016,4.72753,-4467.25351,2030458415,8432,2
14.55033,0.004038,4.726503,-4465.19041,2030017476,8434,1
14.552352,0.002022,4.726336,-4464.85493,2029945727,8435,1
14.554368,0.002016,4.727694,-4467.58296,2030528921,8436,1
14.556384,0.002016,4.727634,-4467.46243,2030503217,8437,2
14.560423,0.004039,4.728303,-4468.80635,2030790948,8439,1
14.562445,0.002022,4.728615,-4469.43312,2030924721,8440,1
14.564461,0.002016,4.727278,-4466.74727,2030350475,8441,1
14.566484,0.002023,4.726727,-4465.6404,2030113705,8442,2
14.570516,0.004032,4.727646,-4467.48653,2030508424,8444,1
14.572538,0.002022,4.727328,-4466.84772,2030372112,8445,1
14.574554,0.002016,4.727697,-4467.58899,2030530358,8446,1
14.576576,0.002022,4.728314,-4468.82845,2030795468,8447,1
14.578592,0.002016,4.727276,-4466.74326,2030349757,8448,2
14.582631,0.004039,4.726811,-4465.80914,2030149734,8450,1
14.584653,0.002022,4.727846,-4467.8883,2030594335,8451,1
14.586669,0.002016,4.727664,-4467.52269,2030515972,8452,1
14.588692,0.002023,4.727755,-4467.7055,2030555245,8453,2
14.592724,0.004032,4.728606,-4469.41504,2030921008,8455,1
14.594746,0.002022,4.727567,-4467.32783,2030474509,8456,1
14.596762,0.002016,4.726732,-4465.65044,2030116027,8457,1
14.598784,0.002022,4.727563,-4467.3198,2030472828,8458,2
14.602823,0.004039,4.7277,-4467.59501,2030531794,8460,1
14.604839,0.002016,4.727528,-4467.24949,2030457849,8461,1
14.606855,0.002016,4.728092,-4468.38248,2030700089,8462,1
14.608877,0.002022,4.726918,-4466.02409,2030195864,8463,2
14.612915,0.004038,4.725885,-4463.94894,2029752210,8465,1
14.614932,0.002017,4.726543,-4465.27077,2030034774,8466,1
14.616954,0.002022,4.727049,-4466.28725,2030252197,8467,1
14.61897,0.002016,4.726929,-4466.04618,2030200521,8468,1
14.620986,0.002016,4.727954,-4468.10526,2030640671,8469,2
14.625024,0.004038,4.727314,-4466.81959,2030365680,8471,1
14.627047,0.002023,4.726622,-4465.42947,2030068743,8472,1
14.629063,0.002016,4.727461,-4467.1149,2030429038,8473,1
14.631085,0.002022,4.728324,-4468.84854,2030799792,8474,2
14.635123,0.004038,4.728436,-4469.07353,2030847631,8476,1
14.637139,0.002016,4.729219,-4470.64646,2031184058,8477,1
14.639159,0.00202,4.728317,-4468.83448,2030796507,8478,1
14.641175,0.002016,4.727128,-4466.44595,2030285942,8479,2
14.645213,0.004038,4.727244,-4466.67897,2030336030,8481,1
14.647235,0.002022,4.727785,-4467.76576,2030568033,8482,1
14.649252,0.002017,4.726988,-4466.16471,2030226106,8483,1
14.651268,0.002016,4.727676,-4467.5468,2030521623,8484,2
14.655306,0.004038,4.727229,-4466.64884,2030329241,8486,1
14.657328,0.002022,4.726146,-4464.47325,2029864221,8487,1
14.659344,0.002016,4.726337,-4464.85694,2029946365,8488,1
14.66136,0.002016,4.72742,-4467.03253,2030411501,8489,2
14.665399,0.004039,4.727068,-4466.32541,2030260339,8491,1
14.667421,0.002022,4.728095,-4468.38851,2030701343,8492,1
14.669437,0.002016,4.727725,-4467.64523,2030542484,8493,1
14.67146,0.002023,4.726629,-4465.44353,2030071562,8494,1
14.673476,0.002016,4.726907,-4466.00199,2030191294,8495,2
14.677514,0.004038,4.728224,-4468.64765,2030756924,8497,1
14.67953,0.002016,4.727874,-4467.94455,2030606611,8498,1
14.681552,0.002022,4.728552,-4469.30656,2030897799,8499,1
14.683568,0.002016,4.728521,-4469.24428,2030884179,8500,2
14.687607,0.004039,4.727143,-4466.47608,2030292575,8502,1
14.689623,0.002016,4.726854,-4465.89552,2030168163,8503,1
14.691645,0.002022,4.727835,-4467.86621,2030589436,8504,1
14.693661,0.002016,4.727216,-4466.62273,2030323784,8505,2
14.6977,0.004039,4.727936,-4468.0691,2030633225,8507,1
14.699722,0.002022,4.728018,-4468.23383,2030668422,8508,1
14.701738,0.002016,4.726688,-4465.56205,2030097220,8509,1
14.703754,0.002016,4.726378,-4464.9393,2029963833,8510,2
14.707792,0.004038,4.727595,-4467.38408,2030486473,8512,1
14.709815,0.002023,4.72713,-4466.44996,2030286968,8513,1
14.711831,0.002016,4.727695,-4467.58497,2030529340,8514,1
14.713853,0.002022,4.728112,-4468.42266,2030708521,8515,1
14.715869,0.002016,4.726973,-4466.13457,2030219292,8516,2
14.719907,0.004038,4.72682,-4465.82722,2030153757,8518,1
14.721924,0.002017,4.728209,-4468.61752,2030750292,8519,1
14.723946,0.002022,4.727898,-4467.99277,2030616850,8520,1
14.725962,0.002016,4.728224,-4468.64765,2030756746,8521,2
14.73,0.004038,4.728636,-4469.4753,2030933638,8523,1
14.732016,0.002016,4.727441,-4467.07472,2030420563,8524,1
14.734039,0.002023,4.726893,-4465.97387,2030185231,8525,1
14.736055,0.002016,4.728075,-4468.34833,2030692707,8526,2
14.740093,0.004038,4.728024,-4468.24588,2030670723,8528,1
14.742116,0.002023,4.72838,-4468.96103,2030823789,8529,1
14.744132,0.002016,4.729088,-4470.3833,2031127667,8530,1
14.746148,0.002016,4.728014,-4468.22579,2030666345,8531,2
14.750186,0.004038,4.727515,-4467.22337,2030452130,8533,1
14.752208,0.002022,4.728606,-4469.41504,2030920769,8534,1
14.754224,0.002016,4.728674,-4469.55164,2030949956,8535,1
14.75624,0.002016,4.728884,-4469.9735,2031040376,8536,1
14.758263,0.002023,4.729719,-4471.65089,2031398876,8537,2
14.762301,0.004038,4.728494,-4469.19004,2030872663,8539,1
14.764317,0.002016,4.727476,-4467.14503,2030435304,8540,1
14.766333,0.002016,4.728109,-4468.41663,2030707558,8541,1
14.768356,0.002023,4.728133,-4468.46485,2030717522,8542,2
14.772394,0.004038,4.727842,-4467.88027,2030592903,8544,1
14.77441,0.002016,4.72836,-4468.92086,2030815115,8545,1
14.776432,0.002022,4.727403,-4466.99838,2030403915,8546,1
14.778448,0.002016,4.726658,-4465.50178,2030084402,8547,2
14.782487,0.004039,4.727542,-4467.27761,2030463845,8549,1
14.784503,0.002016,4.728135,-4468.46886,2030718287,8550,1
14.786525,0.002022,4.728021,-4468.23985,2030669295,8551,1
14.788541,0.002016,4.728984,-4470.17438,2031083035,8552,2
14.79258,0.004039,4.728081,-4468.36039,2030695363,8554,1
14.794595,0.002015,4.727098,-4466.38568,2030272880,8555,1
14.796618,0.002023,4.727641,-4467.47649,2030506295,8556,1
14.798634,0.002016,4.728464,-4469.12978,2030859696,8557,1
14.800656,0.002022,4.728192,-4468.58337,2030742959,8558,2
14.804688,0.004032,4.728984,-4470.17438,2031083123,8560,1
14.806711,0.002023,4.728498,-4469.19808,2030874377,8561,1
14.808727,0.002016,4.727479,-4467.15105,2030436981,8562,1
14.810749,0.002022,4.72761,-4467.41421,2030492780,8563,2
14.814788,0.004039,4.728375,-4468.95099,2030821340,8565,1
14.816803,0.002015,4.727753,-4467.70148,2030554313,8566,1
14.818826,0.002023,4.728454,-4469.10969,2030855608,8567,1
14.820842,0.002016,4.727953,-4468.10325,2030640412,8568,2
14.82488,0.004038,4.726833,-4465.85333,2030159445,8570,1
14.826896,0.002016,4.726935,-4466.05824,2030203233,8571,1
14.828919,0.002023,4.727753,-4467.70148,2030554278,8572,1
14.830935,0.002016,4.727288,-4466.76736,2030354729,8573,2
14.834973,0.004038,4.728385,-4468.97108,2030825678,8575,1
14.836996,0.002023,4.728316,-4468.83247,2030796198,8576,1
14.839012,0.002016,4.727203,-4466.59661,2030318160,8577,1
14.841028,0.002016,4.727381,-4466.95419,2030394775,8578,1
14.84305,0.002022,4.728529,-4469.26035,2030887802,8579,2
14.847088,0.004038,4.727897,-4467.99076,2030616058,8581,1
14.849104,0.002016,4.728467,-4469.1358,2030860916,8582,1
14.85112,0.002016,4.728361,-4468.92287,2030815757,8583,1
14.853143,0.002023,4.727093,-4466.37564,2030271071,8584,2
14.857181,0.004038,4.726888,-4465.96382,2030183082,8586,1
14.859197,0.002016,4.728151,-4468.50101,2030725491,8587,1
14.86122,0.002023,4.727806,-4467.80795,2030577060,8588,1
14.863235,0.002015,4.728434,-4469.06951,2030847014,8589,2
14.867274,0.004039,4.728563,-4469.32865,2030902381,8591,1
14.86929,0.002016,4.72711,-4466.40979,2030278290,8592,1
14.871312,0.002022,4.726622,-4465.42947,2030068479,8593,1
14.873328,0.002016,4.727726,-4467.64724,2030543031,8594,2
14.877367,0.004039,4.727295,-4466.78143,2030357837,8596,1
14.879383,0.002016,4.727892,-4467.98071,2030614293,8597,1
14.881405,0.002022,4.728424,-4469.04942,2030842687,8598,1
14.883421,0.002016,4.727475,-4467.14302,2030435169,8599,1
14.885444,0.002023,4.727318,-4466.82763,2030367770,8600,2
14.889476,0.004032,4.728531,-4469.26437,2030888845,8602,1
14.891498,0.002022,4.728251,-4468.70189,2030768086,8603,1
14.893514,0.002016,4.728771,-4469.7465,2030991598,8604,1
14.895536,0.002022,4.729205,-4470.61834,2031178129,8605,2
14.899575,0.004039,4.72775,-4467.69545,2030553381,8607,1
14.901591,0.002016,4.726999,-4466.1868,2030230676,8608,1
14.903607,0.002016,4.727935,-4468.06709,2030632437,8609,1
14.905629,0.002022,4.727746,-4467.68742,2030551521,8610,2
14.909668,0.004039,4.727839,-4467.87424,2030591213,8612,1
14.911684,0.002016,4.728578,-4469.35879,2030908833,8613,1
14.913706,0.002022,4.727606,-4467.40618,2030491507,8614,1
14.915722,0.002016,4.72711,-4466.40979,2030278315,8615,2
14.91976,0.004038,4.728258,-4468.71595,2030771368,8617,1
14.921776,0.002016,4.728574,-4469.35075,2030907178,8618,1
14.923799,0.002023,4.728622,-4469.44718,2030927682,8619,1
14.925815,0.002016,4.729308,-4470.82525,2031222250,8620,2
14.929853,0.004038,4.728341,-4468.88269,2030806762,8622,1
14.931869,0.002016,4.727611,-4467.41622,2030493464,8623,1
14.933891,0.002022,4.728392,-4468.98514,2030828940,8624,1
14.935908,0.002017,4.72877,-4469.74449,2030991174,8625,1
14.93793,0.002022,4.728582,-4469.36682,2030910718,8626,2
14.941968,0.004038,4.729407,-4471.02413,2031264834,8628,1
14.943984,0.002016,4.72853,-4469.26236,2030888184,8629,1
14.946,0.002016,4.727343,-4466.87785,2030378355,8630,1
14.948023,0.002023,4.727712,-4467.61912,2030536800,8631,2
14.952061,0.004038,4.728228,-4468.65569,2030758575,8633,1
14.954077,0.002016,4.72789,-4467.97669,2030613395,8634,1
14.956099,0.002022,4.728538,-4469.27843,2030891455,8635,1
14.958115,0.002016,4.727767,-4467.72961,2030560574,8636,2
14.962154,0.004039,4.726913,-4466.01404,2030193550,8638,1
14.96417,0.002016,4.727476,-4467.14503,2030435584,8639,1
14.966192,0.002022,4.728082,-4468.36239,2030695594,8640,1
14.968208,0.002016,4.727523,-4467.23944,2030455513,8641,2
14.972247,0.004039,4.728383,-4468.96706,2030824793,8643,1
14.974263,0.002016,4.727792,-4467.77983,2030571417,8644,1
14.976285,0.002022,4.726588,-4465.36116,2030054115,8645,1
14.978301,0.002016,4.726974,-4466.13658,2030219881,8646,1
14.980324,0.002023,4.728152,-4468.50301,2030725940,8647,2
14.984362,0.004038,4.727864,-4467.92446,2030602244,8649,1
14.986378,0.002016,4.728912,-4470.02975,2031052393,8650,1
14.988394,0.002016,4.728556,-4469.31459,2030899340,8651,1
14.990416,0.002022,4.727393,-4466.97829,2030399997,8652,2
14.994455,0.004039,4.727474,-4467.14101,2030434475,8654,1
14.996471,0.002016,4.728439,-4469.07956,2030849061,8655,1
14.998493,0.002022,4.727825,-4467.84612,2030585424,8656,1
15.000509,0.002016,4.728757,-4469.71837,2030985613,8657,2
15.004547,0.004038,4.728645,-4469.49338,2030937574,8659,1
15.006567,0.00202,4.727457,-4467.10686,2030427314,8660,1
15.008583,0.002016,4.727524,-4467.24145,2030456247,8661,1
15.010605,0.002022,4.728955,-4470.11613,2031070705,8662,2
15.015128,0.004523,4.728521,-4469.24428,2030884529,8664,1
15.016656,0.001528,4.729165,-4470.53799,2031160665,8665,1
15.018679,0.002023,4.729181,-4470.57013,2031167969,8666,1
15.020695,0.002016,4.728015,-4468.2278,2030666798,8667,1
15.022717,0.002022,4.727968,-4468.13339,2030646812,8668,2
15.026756,0.004039,4.728928,-4470.06189,2031059022,8670,1
15.028772,0.002016,4.728386,-4468.97309,2030826464,8671,1
15.030788,0.002016,4.72889,-4469.98555,2031042724,8672,1
15.03281,0.002022,4.729172,-4470.55205,2031163970,8673,2
15.036848,0.004038,4.728002,-4468.20169,2030661262,8675,1
15.038864,0.002016,4.727749,-4467.69345,2030552618,8676,1
15.040887,0.002023,4.729047,-4470.30094,2031110121,8677,1
15.042903,0.002016,4.728788,-4469.78065,2030999107,8678,2
15.046941,0.004038,4.729229,-4470.66655,2031188154,8680,1
15.048957,0.002016,4.729678,-4471.56853,2031381236,8681,1
15.05098,0.002023,4.728618,-4469.43914,2030926070,8682,1
15.052996,0.002016,4.727848,-4467.89232,2030595075,8683,2
15.057034,0.004038,4.728643,-4469.48936,2030936683,8685,1
15.059056,0.002022,4.728324,-4468.84854,2030799935,8686,1
15.061072,0.002016,4.728407,-4469.01527,2030835374,8687,1
15.063088,0.002016,4.728762,-4469.72842,2030987747,8688,1
15.065111,0.002023,4.727824,-4467.84411,2030584909,8689,2
15.069149,0.004038,4.727344,-4466.87986,2030378873,8691,1
15.071165,0.002016,4.728576,-4469.35477,2030908008,8692,1
15.073188,0.002023,4.72858,-4469.36281,2030909437,8693,1
15.075204,0.002016,4.728643,-4469.48936,2030936810,8694,2
15.079242,0.004038,4.729258,-4470.72481,2031200850,8696,1
15.081258,0.002016,4.728649,-4469.50142,2030939378,8697,1
15.08328,0.002022,4.728155,-4468.50904,2030727086,8698,1
15.085296,0.002016,4.729035,-4470.27683,2031105095,8699,2
15.089335,0.004039,4.729194,-4470.59624,2031173161,8701,1
15.091351,0.002016,4.729098,-4470.40339,2031131987,8702,1
15.093373,0.002022,4.729713,-4471.63884,2031395935,8703,1
15.095389,0.002016,4.728866,-4469.93734,2031032391,8704,2
15.099427,0.004038,4.727966,-4468.12937,2030646039,8706,1
15.10145,0.002023,4.728642,-4469.48735,2030936181,8707,1
15.103466,0.002016,4.728919,-4470.04381,2031055307,8708,1
15.105482,0.002016,4.728665,-4469.53356,2030945993,8709,1
15.107504,0.002022,4.729388,-4470.98596,2031256781,8710,2
15.111543,0.004039,4.729023,-4470.25273,2031100160,8712,1
15.113559,0.002016,4.728196,-4468.5914,2030744696,8713,1
15.115581,0.002022,4.728868,-4469.94136,2031033149,8714,1
15.117597,0.002016,4.729429,-4471.06832,2031274354,8715,2
15.121636,0.004039,4.729019,-4470.24469,2031098225,8717,1
15.123652,0.002016,4.729727,-4471.66696,2031402089,8718,1
15.125674,0.002022,4.729426,-4471.0623,2031273261,8719,1
15.12769,0.002016,4.728255,-4468.70993,2030770227,8720,2
15.131728,0.004038,4.728579,-4469.3608,2030908947,8722,1
15.133744,0.002016,4.729653,-4471.51831,2031370763,8723,1
15.135767,0.002023,4.729435,-4471.08038,2031277017,8724,1
15.137783,0.002016,4.730006,-4472.22743,2031522163,8725,2
15.141821,0.004038,4.72967,-4471.55246,2031377512,8727,1
15.143844,0.002023,4.72864,-4469.48334,2030935309,8728,1
15.145859,0.002015,4.728615,-4469.43312,2030924650,8729,1
15.147879,0.00202,4.729426,-4471.0623,2031273151,8730,1
15.149895,0.002016,4.728899,-4470.00363,2031046551,8731,2
15.153933,0.004038,4.729578,-4471.36764,2031338265,8733,1
15.155956,0.002023,4.729393,-4470.99601,2031258850,8734,1
15.157972,0.002016,4.728288,-4468.77622,2030784297,8735,1
15.159988,0.002016,4.728378,-4468.95702,2030822786,8736,2
15.164026,0.004038,4.72951,-4471.23104,2031309069,8738,1
15.166048,0.002022,4.728865,-4469.93533,2031031955,8739,1
15.168064,0.002016,4.729419,-4471.04824,2031270019,8740,1
15.17008,0.002016,4.729347,-4470.9036,2031239096,8741,2
15.174119,0.004039,4.728164,-4468.52712,2030730715,8743,1
15.176141,0.002022,4.72819,-4468.57935,2030742301,8744,1
15.178157,0.002016,4.729535,-4471.28126,2031319889,8745,1
15.18018,0.002023,4.729144,-4470.4958,2031151959,8746,2
15.184212,0.004032,4.729859,-4471.93213,2031459069,8748,1
15.186234,0.002022,4.730129,-4472.47452,2031574915,8749,1
15.18825,0.002016,4.729058,-4470.32304,2031114893,8750,1
15.190272,0.002022,4.728809,-4469.82283,2031007974,8751,2
15.194311,0.004039,4.730036,-4472.2877,2031535068,8753,1
15.196327,0.002016,4.729629,-4471.4701,2031360087,8754,1
15.198349,0.002022,4.730341,-4472.9004,2031665991,8755,1
15.200365,0.002016,4.730714,-4473.6497,2031826086,8756,1
15.202381,0.002016,4.729376,-4470.96185,2031251490,8757,2
15.20642,0.004039,4.729085,-4470.37728,2031126465,8759,1
15.208442,0.002022,4.730286,-4472.78991,2031642319,8760,1
15.210458,0.002016,4.729844,-4471.902,2031452702,8761,1
15.21248,0.002022,4.730259,-4472.73567,2031630870,8762,2
15.216512,0.004032,4.730652,-4473.52515,2031799441,8764,1
15.218535,0.002023,4.72929,-4470.78909,2031214569,8765,1
15.220551,0.002016,4.728878,-4469.96144,2031037739,8766,1
15.222573,0.002022,4.73016,-4472.5368,2031588076,8767,2
15.226612,0.004039,4.730146,-4472.50867,2031582495,8769,1
15.228628,0.002016,4.730561,-4473.34235,2031760570,8770,1
15.230644,0.002016,4.731226,-4474.67824,2032046058,8771,1
15.232666,0.002022,4.729923,-4472.0607,2031486575,8772,2
15.236704,0.004038,4.729321,-4470.85137,2031227741,8774,1
15.23872,0.002016,4.730224,-4472.66536,2031615582,8775,1
15.240743,0.002023,4.730129,-4472.47452,2031574955,8776,1
15.242759,0.002016,4.730317,-4472.85219,2031655576,8777,1
15.244781,0.002022,4.731067,-4474.35883,2031977790,8778,2
15.248813,0.004032,4.7299,-4472.0145,2031476473,8780,1
15.250836,0.002023,4.72929,-4470.78909,2031214654,8781,1
15.252852,0.002016,4.730339,-4472.89638,2031665040,8782,1
15.254874,0.002022,4.730653,-4473.52716,2031800201,8783,2
15.258912,0.004038,4.73071,-4473.64167,2031824236,8785,1
15.260928,0.002016,4.731578,-4475.38536,2032197244,8786,1
15.262944,0.002016,4.730567,-4473.3544,2031763157,8787,1
15.264967,0.002023,4.729742,-4471.6971,2031408780,8788,2
15.269005,0.004038,4.730478,-4473.17561,2031724789,8790,1
15.271021,0.002016,4.73084,-4473.90282,2031880374,8791,1
15.273044,0.002023,4.7305,-4473.21981,2031734110,8792,1
15.27506,0.002016,4.731334,-4474.89519,2032092548,8793,2
15.279098,0.004038,4.730535,-4473.29012,2031749231,8795,1
15.281114,0.002016,4.729558,-4471.32747,2031329772,8796,1
15.283136,0.002022,4.730105,-4472.42631,2031564669,8797,1
15.285152,0.002016,4.730931,-4474.08563,2031919274,8798,1
15.287175,0.002023,4.730633,-4473.48699,2031791269,8799,2
15.291213,0.004038,4.731427,-4475.08202,2032132202,8801,1
15.293229,0.002016,4.730893,-4474.00929,2031903021,8802,1
15.295245,0.002016,4.729781,-4471.77544,2031425450,8803,1
15.297268,0.002023,4.730125,-4472.46649,2031573500,8804,2
15.301306,0.004038,4.731004,-4474.23227,2031950539,8806,1
15.303322,0.002016,4.730495,-4473.20976,2031732015,8807,1
15.305344,0.002022,4.731335,-4474.8972,2032093082,8808,1
15.30736,0.002016,4.731023,-4474.27044,2031958909,8809,2
15.311399,0.004039,4.729933,-4472.08079,2031490548,8811,1
15.313415,0.002016,4.730034,-4472.28368,2031534026,8812,1
15.315437,0.002022,4.731044,-4474.31263,2031967817,8813,1
15.317453,0.002016,4.73055,-4473.32025,2031755771,8814,2
15.321491,0.004038,4.731308,-4474.84296,2032081538,8816,1
15.323508,0.002017,4.731133,-4474.49141,2032006020,8817,1
15.32553,0.002022,4.729908,-4472.03057,2031479963,8818,1
15.327546,0.002016,4.729899,-4472.01249,2031476150,8819,1
15.329568,0.002022,4.731102,-4474.42914,2031992724,8820,2
15.333607,0.004039,4.730596,-4473.41266,2031775357,8822,1
15.335623,0.002016,4.731463,-4475.15434,2032147648,8823,1
15.337645,0.002022,4.731404,-4475.03581,2032122761,8824,1
15.339661,0.002016,4.730294,-4472.80598,2031645774,8825,2
15.3437,0.004039,4.7302,-4472.61715,2031605377,8827,1
15.345715,0.002015,4.731325,-4474.87711,2032088584,8828,1
15.347738,0.002023,4.730839,-4473.90081,2031880114,8829,1
15.349754,0.002016,4.731579,-4475.38736,2032197701,8830,2
15.353792,0.004038,4.731654,-4475.53803,2032230029,8832,1
15.355808,0.002016,4.730214,-4472.64528,2031611547,8833,1
15.357831,0.002023,4.729813,-4471.83972,2031438949,8834,1
15.359847,0.002016,4.730973,-4474.17,2031937362,8835,2
15.363885,0.004038,4.730539,-4473.29815,2031751006,8837,1
15.365907,0.002022,4.731093,-4474.41106,2031988931,8838,1
15.367923,0.002016,4.731437,-4475.10211,2032136523,8839,1
15.36994,0.002017,4.730083,-4472.38212,2031555233,8840,1
15.371962,0.002022,4.729737,-4471.68705,2031406521,8841,2
15.376,0.004038,4.730886,-4473.99523,2031900076,8843,1
15.378016,0.002016,4.730617,-4473.45484,2031784374,8844,1
15.380039,0.002023,4.731032,-4474.28852,2031962898,8845,1
15.382055,0.002016,4.731656,-4475.54205,2032230971,8846,2
15.386093,0.004038,4.730557,-4473.33431,2031758571,8848,1
15.388109,0.002016,4.730103,-4472.42229,2031563835,8849,1
15.390132,0.002023,4.731128,-4474.48137,2032003819,8850,1
15.392148,0.002016,4.731069,-4474.36285,2031978678,8851,2
15.396186,0.004038,4.731292,-4474.81082,2032074534,8853,1
15.398202,0.002016,4.731759,-4475.74896,2032275039,8854,1
15.400224,0.002022,4.730614,-4473.44882,2031782981,8855,1
15.40224,0.002016,4.729821,-4471.8558,2031442704,8856,2
15.406279,0.004039,4.730621,-4473.46288,2031786529,8858,1
15.408295,0.002016,4.73072,-4473.66176,2031828488,8859,1
15.410317,0.002022,4.730844,-4473.91086,2031882138,8860,1
15.412333,0.002016,4.731669,-4475.56816,2032236413,8861,1
15.414355,0.002022,4.730733,-4473.68787,2031834237,8862,2
15.418388,0.004033,4.730068,-4472.35198,2031548508,8864,1
15.42041,0.002022,4.730859,-4473.94099,2031888513,8865,1
15.422426,0.002016,4.731236,-4474.69833,2032050258,8866,1
15.424448,0.002022,4.731313,-4474.85301,2032083612,8867,2
15.42848,0.004032,4.732118,-4476.47014,2032429349,8869,1
15.430503,0.002023,4.731041,-4474.3066,2031966752,8870,1
15.432519,0.002016,4.730025,-4472.2656,2031530442,8871,1
15.434541,0.002022,4.730737,-4473.69591,2031835943,8872,2
15.438579,0.004038,4.731262,-4474.75056,2032061589,8874,1
15.440596,0.002017,4.730886,-4473.99523,2031899796,8875,1
15.442618,0.002022,4.731621,-4475.47174,2032215684,8876,1
15.444634,0.002016,4.730824,-4473.87068,2031873278,8877,2
15.448672,0.004038,4.729771,-4471.75535,2031421265,8879,1
15.450688,0.002016,4.730318,-4472.8542,2031655958,8880,1
15.452711,0.002023,4.731185,-4474.59587,2032028459,8881,1
15.454727,0.002016,4.730716,-4473.65372,2031826884,8882,2
15.458765,0.004038,4.73163,-4475.48982,2032219641,8884,1
15.460781,0.002016,4.731221,-4474.66819,2032043815,8885,1
15.462804,0.002023,4.730149,-4472.5147,2031583677,8886,1
15.464819,0.002015,4.730334,-4472.88634,2031663034,8887,1
15.466842,0.002023,4.731225,-4474.67623,2032045392,8888,2
15.47088,0.004038,4.730753,-4473.72805,2031843111,8890,1
15.472896,0.002016,4.73156,-4475.3492,2032189396,8891,1
15.474912,0.002016,4.731153,-4474.53159,2032014489,8892,1
15.476935,0.002023,4.729887,-4471.98838,2031471016,8893,2
15.480973,0.004038,4.729988,-4472.19127,2031514526,8895,1
15.482989,0.002016,4.731076,-4474.37691,2031981760,8896,1
15.485012,0.002023,4.730529,-4473.27807,2031746648,8897,1
15.487028,0.002016,4.731439,-4475.10612,2032137563,8898,2
15.491066,0.004038,4.731377,-4474.98158,2032110882,8900,1
15.493082,0.002016,4.730129,-4472.47452,2031574798,8901,1
15.495104,0.002022,4.730094,-4472.40421,2031560017,8902,1
15.49712,0.002016,4.731101,-4474.42713,2031992455,8903,2
15.501159,0.004039,4.730476,-4473.1716,2031724146,8905,1
15.503181,0.002022,4.731269,-4474.76462,2032064814,8906,1
15.505197,0.002016,4.731235,-4474.69632,2032049669,8907,1
15.507213,0.002016,4.729981,-4472.17721,2031511467,8908,1
15.509236,0.002023,4.729844,-4471.902,2031452601,8909,2
15.513274,0.004038,4.731031,-4474.28651,2031962668,8911,1
15.51529,0.002016,4.73044,-4473.09928,2031708280,8912,1
15.517312,0.002022,4.731117,-4474.45927,2031999547,8913,1
15.519328,0.002016,4.731354,-4474.93537,2032101194,8914,2
15.523367,0.004039,4.730101,-4472.41828,2031562956,8916,1
15.525383,0.002016,4.729827,-4471.86785,2031445094,8917,1
15.527405,0.002022,4.73095,-4474.12379,2031927442,8918,1
15.529421,0.002016,4.730598,-4473.41668,2031776655,8919,2
15.53346,0.004039,4.731063,-4474.35079,2031976082,8921,1
15.535476,0.002016,4.731433,-4475.09407,2032135100,8922,1
15.537498,0.002022,4.730181,-4472.57898,2031597115,8923,1
15.539514,0.002016,4.729744,-4471.70111,2031409808,8924,2
15.543552,0.004038,4.730842,-4473.90684,2031880939,8926,1
15.545568,0.002016,4.730654,-4473.52917,2031800470,8927,1
15.547591,0.002023,4.730935,-4474.09366,2031921056,8928,1
15.549607,0.002016,4.731451,-4475.13023,2032142504,8929,1
15.551629,0.002022,4.730316,-4472.85018,2031655047,8930,2
15.555668,0.004039,4.729775,-4471.76339,2031422811,8932,1
15.557684,0.002016,4.730756,-4473.73408,2031844109,8933,1
15.5597,0.002016,4.730729,-4473.67984,2031832487,8934,1
15.561722,0.002022,4.730821,-4473.86465,2031871955,8935,2
15.56576,0.004038,4.731496,-4475.22063,2032162020,8937,1
15.567776,0.002016,4.730445,-4473.10932,2031710534,8938,1
15.569799,0.002023,4.729768,-4471.74933,2031419832,8939,1
15.571815,0.002016,4.730582,-4473.38453,2031769289,8940,2
15.575853,0.004038,4.730772,-4473.76622,2031850995,8942,1
15.577869,0.002016,4.730616,-4473.45284,2031784150,8943,1
15.579892,0.002023,4.731283,-4474.79274,2032070578,8944,1
15.581907,0.002015,4.730244,-4472.70554,2031624130,8945,2
15.585946,0.004039,4.729351,-4470.91163,2031240662,8947,1
15.587962,0.002016,4.730187,-4472.59104,2031600029,8948,1
15.589984,0.002022,4.730658,-4473.53721,2031802023,8949,1
15.592,0.002016,4.730561,-4473.34235,2031760522,8950,1
15.594023,0.002023,4.731463,-4475.15434,2032147900,8951,2
15.598061,0.004038,4.730672,-4473.56533,2031808358,8953,1
15.600077,0.002016,4.729785,-4471.78348,2031427327,8954,1
15.602093,0.002016,4.730346,-4472.91044,2031668111,8955,1
15.604116,0.002023,4.730928,-4474.0796,2031918224,8956,2
15.608154,0.004038,4.730551,-4473.32226,2031756193,8958,1
15.61017,0.002016,4.731345,-4474.91729,2032097222,8959,1
15.612192,0.002022,4.730603,-4473.42672,2031778694,8960,1
15.614208,0.002016,4.729399,-4471.00806,2031261229,8961,2
15.618247,0.004039,4.729643,-4471.49822,2031366373,8963,1
15.620263,0.002016,4.730463,-4473.14548,2031718151,8964,1
15.622285,0.002022,4.729988,-4472.19127,2031514321,8965,1
15.624301,0.002016,4.730818,-4473.85862,2031870678,8966,2
15.62834,0.004039,4.73035,-4472.91848,2031669745,8968,1
15.630355,0.002015,4.729409,-4471.02815,2031265765,8969,1
15.632378,0.002023,4.729676,-4471.56451,2031380183,8970,1
15.634394,0.002016,4.73065,-4473.52114,2031798341,8971,1
15.636416,0.002022,4.7302,-4472.61715,2031605217,8972,2
15.640448,0.004032,4.731125,-4474.47534,2032002496,8974,1
15.642471,0.002023,4.730921,-4474.06554,2031914983,8975,1
15.644487,0.002016,4.729695,-4471.60268,2031388521,8976,1
15.646509,0.002022,4.729842,-4471.89798,2031451475,8977,2
15.650548,0.004039,4.730933,-4474.08964,2031920166,8979,1
15.652564,0.002016,4.730373,-4472.96468,2031679650,8980,1
15.65458,0.002016,4.731103,-4474.43115,2031993494,8981,1
15.656602,0.002022,4.730843,-4473.90885,2031881374,8982,2
15.66064,0.004038,4.729477,-4471.16475,2031295098,8984,1
15.662656,0.002016,4.729267,-4470.74289,2031204835,8985,1
15.664679,0.002023,4.730403,-4473.02495,2031692567,8986,1
15.666695,0.002016,4.729986,-4472.18726,2031513343,8987,2
15.670733,0.004038,4.730809,-4473.84055,2031867104,8989,1
15.672749,0.002016,4.730955,-4474.13384,2031929635,8990,1
15.674772,0.002023,4.72986,-4471.93414,2031459579,8991,1
15.676787,0.002015,4.729635,-4471.48215,2031362929,8992,2
15.680826,0.004039,4.7308,-4473.82247,2031863103,8994,1
15.682842,0.002016,4.730303,-4472.82406,2031649653,8995,1
15.684864,0.002022,4.730817,-4473.85662,2031870332,8996,1
15.68688,0.002016,4.731023,-4474.27044,2031958958,8997,1
15.688903,0.002023,4.729711,-4471.63482,2031395362,8998,2
15.692941,0.004038,4.729264,-4470.73686,2031203576,9000,1
15.694957,0.002016,4.73041,-4473.03901,2031695651,9001,1
15.696973,0.002016,4.730016,-4472.24752,2031526382,9002,1
15.698996,0.002023,4.730267,-4472.75175,2031634176,9003,2
15.703034,0.004038,4.730729,-4473.67984,2031832635,9005,1
15.70505,0.002016,4.729441,-4471.09243,2031279444,9006,1
15.707072,0.002022,4.728765,-4469.73444,2030989053,9007,1
15.709088,0.002016,4.729865,-4471.94419,2031461357,9008,2
15.713127,0.004039,4.729742,-4471.6971,2031408727,9010,1
15.715143,0.002016,4.729921,-4472.05668,2031485817,9011,1
15.717165,0.002022,4.730599,-4473.41869,2031776897,9012,1
15.719181,0.002016,4.729385,-4470.97993,2031255566,9013,2
15.723219,0.004038,4.728714,-4469.63199,2030967335,9015,1
15.725236,0.002017,4.729687,-4471.58661,2031384904,9016,1
15.727258,0.002022,4.729871,-4471.95624,2031464330,9017,1
15.729274,0.002016,4.730051,-4472.31783,2031541338,9018,1
15.73129,0.002016,4.730802,-4473.82648,2031864041,9019,2
15.735328,0.004038,4.729642,-4471.49621,2031365817,9021,1
15.737351,0.002023,4.729006,-4470.21858,2031092733,9022,1
15.739367,0.002016,4.729825,-4471.86383,2031444472,9023,1
15.741389,0.002022,4.730049,-4472.31381,2031540301,9024,2
15.745421,0.004032,4.729994,-4472.20333,2031517060,9026,1
15.747444,0.002023,4.730807,-4473.83653,2031866103,9027,1
15.74946,0.002016,4.729773,-4471.75937,2031422000,9028,1
15.751482,0.002022,4.728916,-4470.03778,2031053881,9029,2
15.75552,0.004038,4.729604,-4471.41987,2031349315,9031,1
15.757536,0.002016,4.730012,-4472.23949,2031524863,9032,1
15.759552,0.002016,4.729764,-4471.74129,2031418143,9033,1
15.761575,0.002023,4.730639,-4473.49904,2031793992,9034,2
15.765613,0.004038,4.729852,-4471.91807,2031455932,9036,1
15.767629,0.002016,4.728981,-4470.16836,2031082018,9037,1
15.769645,0.002016,4.729522,-4471.25515,2031314226,9038,1
15.771668,0.002023,4.730018,-4472.25154,2031527064,9039,1
15.773683,0.002015,4.729602,-4471.41586,2031348714,9040,2
15.777722,0.004039,4.730554,-4473.32829,2031757414,9042,1
15.779738,0.002016,4.729661,-4471.53438,2031373949,9043,1
15.78176,0.002022,4.728436,-4469.07353,2030847662,9044,1
15.783776,0.002016,4.728803,-4469.81078,2031005464,9045,2
15.787815,0.004039,4.729628,-4471.46809,2031359840,9047,1
15.789831,0.002016,4.729255,-4470.71878,2031199571,9048,1
15.791853,0.002022,4.730306,-4472.83009,2031650876,9049,1
15.793869,0.002016,4.730024,-4472.26359,2031529990,9050,2
15.797907,0.004038,4.729044,-4470.29491,2031109028,9052,1
15.79993,0.002023,4.729221,-4470.65048,2031185066,9053,1
15.801946,0.002016,4.730209,-4472.63523,2031609160,9054,1
15.803962,0.002016,4.729603,-4471.41786,2031349049,9055,2
15.808,0.004038,4.73044,-4473.09928,2031708303,9057,1
15.810023,0.002023,4.730212,-4472.64126,2031610445,9058,1
15.812039,0.002016,4.728968,-4470.14224,2031076176,9059,1
15.814055,0.002016,4.728843,-4469.89113,2031022695,9060,1
15.816077,0.002022,4.729733,-4471.67902,2031404524,9061,2
15.820116,0.004039,4.72911,-4470.4275,2031137153,9063,1
15.822132,0.002016,4.729913,-4472.04061,2031482288,9064,1
15.824154,0.002022,4.729711,-4471.63482,2031395429,9065,1
15.82617,0.002016,4.72827,-4468.74006,2030776264,9066,2
15.830208,0.004038,4.728034,-4468.26597,2030675031,9068,1
15.832224,0.002016,4.729409,-4471.02815,2031265830,9069,1
15.834247,0.002023,4.729045,-4470.29692,2031109306,9070,1
15.836263,0.002016,4.729812,-4471.83772,2031438750,9071,2
15.840301,0.004038,4.730101,-4472.41828,2031562866,9073,1
15.842317,0.002016,4.728914,-4470.03376,2031053333,9074,1
15.84434,0.002023,4.728653,-4469.50945,2030940912,9075,1
15.846356,0.002016,4.729857,-4471.92811,2031457812,9076,2
15.850394,0.004038,4.729409,-4471.02815,2031265846,9078,1
15.85241,0.002016,4.730051,-4472.31783,2031541374,9079,1
15.854432,0.002022,4.730206,-4472.6292,2031608008,9080,1
15.856448,0.002016,4.728766,-4469.73645,2030989443,9081,1
15.858464,0.002016,4.728481,-4469.16393,2030867087,9082,2
15.862503,0.004039,4.729614,-4471.43996,2031353704,9084,1
15.864525,0.002022,4.72921,-4470.62838,2031180128,9085,1
15.866541,0.002016,4.729727,-4471.66696,2031402357,9086,1
15.868564,0.002023,4.730297,-4472.81201,2031646786,9087,2
15.872596,0.004032,4.728938,-4470.08198,2031063615,9089,1
15.874618,0.002022,4.728374,-4468.94898,2030821212,9090,1
15.876634,0.002016,4.729315,-4470.83931,2031225426,9091,1
15.878656,0.002022,4.729112,-4470.43152,2031138109,9092,2
15.882688,0.004032,4.729304,-4470.81722,2031220649,9094,1
15.884711,0.002023,4.730082,-4472.38011,2031554562,9095,1
15.886727,0.002016,4.728829,-4469.86301,2031016639,9096,1
15.888749,0.002022,4.728213,-4468.62556,2030751896,9097,2
15.892788,0.004039,4.729139,-4470.48576,2031149650,9099,1
15.894804,0.002016,4.729247,-4470.70271,2031195915,9100,1
15.89682,0.002016,4.729159,-4470.52593,2031158446,9101,1
15.898842,0.002022,4.72979,-4471.79352,2031429422,9102,1
15.900858,0.002016,4.728955,-4470.11613,2031070674,9103,2
15.904896,0.004038,4.72806,-4468.3182,2030686202,9105,1
15.906919,0.002023,4.728848,-4469.90118,2031025082,9106,1
15.908935,0.002016,4.729337,-4470.88351,2031234867,9107,1
15.910951,0.002016,4.729142,-4470.49178,2031150875,9108,2
15.914989,0.004038,4.729761,-4471.73526,2031416786,9110,1
15.917012,0.002023,4.729137,-4470.48174,2031148737,9111,1
15.919028,0.002016,4.72838,-4468.96103,2030823588,9112,1
15.921044,0.002016,4.729135,-4470.47772,2031147864,9113,2
15.925082,0.004038,4.729762,-4471.73727,2031417064,9115,1
15.927104,0.002022,4.729569,-4471.34956,2031334619,9116,1
15.92912,0.002016,4.73022,-4472.65733,2031613935,9117,1
15.931143,0.002023,4.729751,-4471.71518,2031412430,9118,2
15.935175,0.004032,4.728818,-4469.84091,2031012130,9120,1
15.937197,0.002022,4.729178,-4470.5641,2031166562,9121,1
15.939213,0.002016,4.729785,-4471.78348,2031427221,9122,1
15.941236,0.002023,4.729303,-4470.81521,2031220103,9123,2
15.945268,0.004032,4.72988,-4471.97432,2031468006,9125,1
15.94729,0.002022,4.729489,-4471.18886,2031300151,9126,1
15.949306,0.002016,4.728414,-4469.02934,2030838350,9127,1
15.951328,0.002022,4.728717,-4469.63802,2030968519,9128,1
15.953344,0.002016,4.729575,-4471.36162,2031337111,9129,2
15.957383,0.004039,4.729027,-4470.26076,2031101555,9131,1
15.959399,0.002016,4.729651,-4471.51429,2031369876,9132,1
15.961421,0.002022,4.729431,-4471.07234,2031275143,9133,1
15.963437,0.002016,4.728421,-4469.0434,2030841284,9134,2
15.967476,0.004039,4.728618,-4469.43914,2030925886,9136,1
15.969498,0.002022,4.729747,-4471.70714,2031410786,9137,1
15.971514,0.002016,4.728996,-4470.19849,2031088437,9138,1
15.973536,0.002022,4.729518,-4471.24711,2031312548,9139,2
15.977568,0.004032,4.729468,-4471.14667,2031291116,9141,1
15.979591,0.002023,4.728016,-4468.22981,2030667695,9142,1
15.981607,0.002016,4.727613,-4467.42024,2030494161,9143,1
15.983629,0.002022,4.728814,-4469.83288,2031010013,9144,2
15.987668,0.004039,4.728408,-4469.01728,2030835669,9146,1
15.989683,0.002015,4.728895,-4469.99559,2031044865,9147,1
15.9917,0.002017,4.729023,-4470.25273,2031099668,9148,1
15.993722,0.002022,4.727958,-4468.1133,2030642438,9149,1
15.995738,0.002016,4.727997,-4468.19164,2030659228,9150,2
15.999776,0.004038,4.729339,-4470.88753,2031235445,9152,1
16.001799,0.002023,4.72895,-4470.10608,2031068437,9153,1
16.003815,0.002016,4.72943,-4471.07033,2031274808,9154,1
16.005831,0.002016,4.729655,-4471.52233,2031371282,9155,2
16.009869,0.004038,4.728683,-4469.56972,2030953832,9157,1
16.011892,0.002023,4.728587,-4469.37687,2030912766,9158,1
16.013907,0.002015,4.729639,-4471.49018,2031364478,9159,1
16.01593,0.002023,4.729124,-4470.45562,2031143080,9160,2
16.019962,0.004032,4.729546,-4471.30336,2031324371,9162,1
16.021984,0.002022,4.72988,-4471.97432,2031468223,9163,1
16.024484,0.0025,4.728612,-4469.42709,2030923391,9164,1
16.02602,0.001536,4.727887,-4467.97067,2030611988,9165,2
16.030058,0.004038,4.728801,-4469.80676,2031004546,9167,1
16.03208,0.002022,4.728339,-4468.87867,2030806012,9168,1
16.034096,0.002016,4.728433,-4469.0675,2030846344,9169,1
16.036112,0.002016,4.728844,-4469.89314,2031023124,9170,1
16.038135,0.002023,4.728041,-4468.28003,2030678178,9171,2
16.042173,0.004038,4.727632,-4467.45841,2030502330,9173,1
16.044189,0.002016,4.728776,-4469.75654,2030994103,9174,1
16.046211,0.002022,4.729123,-4470.45361,2031142666,9175,1
16.048228,0.002017,4.72941,-4471.03016,2031265910,9176,2
16.052266,0.004038,4.730148,-4472.51269,2031582934,9178,1
16.054282,0.002016,4.728999,-4470.20452,2031089466,9179,1
16.056304,0.002022,4.728076,-4468.35034,2030693056,9180,1
16.05832,0.002016,4.728772,-4469.74851,2030992115,9181,2
16.062359,0.004039,4.72882,-4469.84493,2031012746,9183,1
16.064375,0.002016,4.728691,-4469.58579,2030957138,9184,1
16.066397,0.002022,4.729437,-4471.08439,2031277973,9185,1
16.068413,0.002016,4.728353,-4468.90679,2030812040,9186,2
16.072452,0.004039,4.727431,-4467.05463,2030416304,9188,1
16.074474,0.002022,4.728205,-4468.60948,2030748729,9189,1
16.07649,0.002016,4.728732,-4469.66815,2030974739,9190,1
16.078512,0.002022,4.7286,-4469.40298,2030917963,9191,1
16.080528,0.002016,4.729539,-4471.2893,2031321600,9192,2
16.084567,0.004039,4.728918,-4470.0418,2031054605,9194,1
16.086583,0.002016,4.728066,-4468.33025,2030688592,9195,1
16.088605,0.002022,4.728539,-4469.28044,2030892011,9196,1
16.090621,0.002016,4.728941,-4470.088,2031064653,9197,2
16.094659,0.004038,4.728516,-4469.23424,2030882159,9199,1
16.096675,0.002016,4.729291,-4470.7911,2031215237,9200,1
16.098698,0.002023,4.728565,-4469.33267,2030903164,9201,1
16.100714,0.002016,4.727575,-4467.3439,2030477937,9202,2
16.104752,0.004038,4.728135,-4468.46886,2030718519,9204,1
16.106768,0.002016,4.728944,-4470.09403,2031066039,9205,1
16.108791,0.002023,4.728554,-4469.31057,2030898300,9206,1
16.110807,0.002016,4.729366,-4470.94177,2031247353,9207,2
16.114845,0.004038,4.728692,-4469.5878,2030957752,9209,1
16.116868,0.002023,4.727263,-4466.71714,2030343757,9210,1
16.118884,0.002016,4.727284,-4466.75933,2030353270,9211,1
16.120906,0.002022,4.728209,-4468.61752,2030750342,9212,1
16.122922,0.002016,4.727721,-4467.6372,2030540625,9213,2
16.12696,0.004038,4.728735,-4469.67418,2030976323,9215,1
16.128976,0.002016,4.728757,-4469.71837,2030985626,9216,1
16.130999,0.002023,4.727855,-4467.90638,2030598208,9217,1
16.133015,0.002016,4.728327,-4468.85456,2030800876,9218,2
16.137053,0.004038,4.729565,-4471.34153,2031332676,9220,1
16.139076,0.002023,4.728985,-4470.17639,2031083576,9221,1
16.141092,0.002016,4.72981,-4471.8337,2031437809,9222,1
16.143108,0.002016,4.729581,-4471.37367,2031339719,9223,2
16.147146,0.004038,4.728284,-4468.76818,2030782654,9225,1
16.149168,0.002022,4.72822,-4468.63962,2030754871,9226,1
16.151184,0.002016,4.729292,-4470.79311,2031215304,9227,1
16.1532,0.002016,4.728575,-4469.35276,2030907541,9228,2
16.157239,0.004039,4.729086,-4470.37929,2031127000,9230,1
16.159261,0.002022,4.729085,-4470.37728,2031126816,9231,1
16.161277,0.002016,4.727786,-4467.76777,2030568490,9232,1
16.1633,0.002023,4.727502,-4467.19726,2030446602,9233,1
16.165315,0.002015,4.728547,-4469.29651,2030895584,9234,2
16.169354,0.004039,4.728171,-4468.54118,2030734114,9236,1
16.171376,0.002022,4.728975,-4470.1563,2031079373,9237,1
16.173392,0.002016,4.729622,-4471.45603,2031357364,9238,1
16.175408,0.002016,4.72868,-4469.56369,2030952664,9239,2
16.179447,0.004039,4.728421,-4469.0434,2030841374,9241,1
16.181469,0.002022,4.729585,-4471.38171,2031341129,9242,1
16.183485,0.002016,4.729239,-4470.68664,2031192652,9243,1
16.185508,0.002023,4.729561,-4471.33349,2031331215,9244,2
16.189546,0.004038,4.729988,-4472.19127,2031514485,9246,1
16.191562,0.002016,4.728592,-4469.38691,2030914724,9247,1
16.193584,0.002022,4.727971,-4468.13941,2030647912,9248,1
16.1956,0.002016,4.729106,-4470.41946,2031135621,9249,2
16.199639,0.004039,4.728973,-4470.15229,2031078668,9251,1
16.201655,0.002016,4.729101,-4470.40942,2031133580,9252,1
16.203677,0.002022,4.729441,-4471.09243,2031279341,9253,1
16.205693,0.002016,4.728229,-4468.6577,2030758689,9254,2
16.209732,0.004039,4.72752,-4467.23342,2030454580,9256,1
16.211754,0.002022,4.728314,-4468.82845,2030795405,9257,1
16.21377,0.002016,4.728344,-4468.88872,2030808244,9258,1
16.215786,0.002016,4.728411,-4469.02331,2030837176,9259,1
16.217808,0.002022,4.729077,-4470.36121,2031123050,9260,2
16.221847,0.004039,4.728207,-4468.6135,2030749248,9262,1
16.223863,0.002016,4.727714,-4467.62314,2030537580,9263,1
16.225885,0.002022,4.728844,-4469.89314,2031022966,9264,1
16.227901,0.002016,4.72914,-4470.48776,2031150206,9265,2
16.231939,0.004038,4.729164,-4470.53598,2031160291,9267,1
16.233956,0.002017,4.729971,-4472.15712,2031506971,9268,1
16.235978,0.002022,4.72916,-4470.52794,2031158952,9269,1
16.237994,0.002016,4.728212,-4468.62355,2030751787,9270,2
16.242032,0.004038,4.728613,-4469.4291,2030923858,9272,1
16.244055,0.002023,4.72908,-4470.36723,2031124460,9273,1
16.246071,0.002016,4.728748,-4469.70029,2030981855,9274,1
16.248087,0.002016,4.729337,-4470.88351,2031234667,9275,2
16.252125,0.004038,4.728798,-4469.80074,2031003140,9277,1
16.254148,0.002023,4.727751,-4467.69746,2030553597,9278,1
16.256164,0.002016,4.728317,-4468.83448,2030796799,9279,1
16.258186,0.002022,4.729228,-4470.66454,2031187999,9280,1
16.260202,0.002016,4.728914,-4470.03376,2031053203,9281,2
16.26424,0.004038,4.729513,-4471.23707,2031310354,9283,1
16.266256,0.002016,4.729104,-4470.41545,2031134602,9284,1
16.268279,0.002023,4.728294,-4468.78827,2030786704,9285,1
16.270295,0.002016,4.728621,-4469.44517,2030927070,9286,2
16.274333,0.004038,4.729166,-4470.53999,2031161133,9288,1
16.276356,0.002023,4.728512,-4469.2262,2030880266,9289,1
16.278372,0.002016,4.729047,-4470.30094,2031110368,9290,1
16.280388,0.002016,4.728712,-4469.62797,2030966377,9291,2
16.284426,0.004038,4.72746,-4467.11289,2030428784,9293,1
16.286448,0.002022,4.727577,-4467.34792,2030478772,9294,1
16.288464,0.002016,4.728745,-4469.69427,2030980496,9295,1
16.290487,0.002023,4.728274,-4468.7481,2030778102,9296,2
16.294525,0.004038,4.728902,-4470.00966,2031048036,9298,1
16.296541,0.002016,4.728957,-4470.12014,2031071632,9299,1
16.298557,0.002016,4.728098,-4468.39454,2030702666,9300,1
16.30058,0.002023,4.72848,-4469.16192,2030866998,9301,1
16.302596,0.002016,4.729687,-4471.58661,2031384968,9302,2
16.306634,0.004038,4.728937,-4470.07997,2031063045,9304,1
16.308656,0.002022,4.729306,-4470.82123,2031221582,9305,1
16.310672,0.002016,4.729144,-4470.4958,2031151942,9306,1
16.312688,0.002016,4.72797,-4468.1374,2030647639,9307,2
16.316727,0.004039,4.727592,-4467.37806,2030485420,9309,1
16.318749,0.002022,4.728743,-4469.69025,2030979414,9310,1
16.320765,0.002016,4.72828,-4468.76015,2030780649,9311,1
16.322788,0.002023,4.728986,-4470.1784,2031083970,9312,2
16.32682,0.004032,4.729469,-4471.14868,2031291703,9314,1
16.328842,0.002022,4.728412,-4469.02532,2030837256,9315,1
16.330858,0.002016,4.728104,-4468.40659,2030705067,9316,1
16.33288,0.002022,4.72938,-4470.96989,2031253244,9317,2
16.336919,0.004039,4.72908,-4470.36723,2031124460,9319,1
16.338935,0.002016,4.729599,-4471.40983,2031347255,9320,1
16.340957,0.002022,4.729941,-4472.09686,2031494094,9321,1
16.342973,0.002016,4.728754,-4469.71235,2030984148,9322,1
16.344996,0.002023,4.728235,-4468.66975,2030761504,9323,2
16.349028,0.004032,4.729128,-4470.46366,2031145054,9325,1
16.35105,0.002022,4.728651,-4469.50543,2030939971,9326,1
16.353066,0.002016,4.728764,-4469.73243,2030988408,9327,1
16.355088,0.002022,4.729067,-4470.34112,2031118719,9328,2
16.359127,0.004039,4.728138,-4468.47489,2030719596,9330,1
16.361143,0.002016,4.727731,-4467.65729,2030544923,9331,1
16.363165,0.002022,4.728971,-4470.14827,2031077597,9332,1
16.365181,0.002016,4.729028,-4470.26277,2031101944,9333,2
16.369219,0.004038,4.728896,-4469.9976,2031045252,9335,1
16.371239,0.00202,4.729242,-4470.69267,2031194078,9336,1
16.373255,0.002016,4.72828,-4468.76015,2030780665,9337,1
16.375277,0.002022,4.727634,-4467.46243,2030503450,9338,2
16.379316,0.004039,4.728519,-4469.24026,2030883586,9340,1
16.381332,0.002016,4.728542,-4469.28647,2030893305,9341,1
16.383347,0.002015,4.72856,-4469.32263,2030900793,9342,1
16.38537,0.002023,4.729133,-4470.4737,2031147242,9343,1
16.387386,0.002016,4.728267,-4468.73403,2030775119,9344,2
16.391424,0.004038,4.727547,-4467.28766,2030465845,9346,1
16.393447,0.002023,4.728216,-4468.63158,2030753190,9347,1
16.395463,0.002016,4.728385,-4468.97108,2030825796,9348,1
16.397485,0.002022,4.728213,-4468.62556,2030752218,9349,2
16.401517,0.004032,4.728943,-4470.09202,2031065694,9351,1
16.40354,0.002023,4.728455,-4469.1117,2030855838,9352,1
16.405556,0.002016,4.727516,-4467.22538,2030452789,9353,1
16.407578,0.002022,4.728072,-4468.34231,2030691446,9354,2
16.411616,0.004038,4.728796,-4469.79672,2031002436,9356,1
16.413632,0.002016,4.72864,-4469.48334,2030935151,9357,1
16.415655,0.002023,4.729244,-4470.69669,2031194760,9358,1
16.417671,0.002016,4.728704,-4469.6119,2030963190,9359,2
16.421709,0.004038,4.727846,-4467.8883,2030594448,9361,1
16.423725,0.002016,4.728484,-4469.16996,2030868356,9362,1
16.425748,0.002023,4.72914,-4470.48776,2031150185,9363,1
16.427764,0.002016,4.72857,-4469.34272,2030905157,9364,1
16.429786,0.002022,4.729204,-4470.61633,2031177624,9365,2
16.433824,0.004038,4.729086,-4470.37929,2031126894,9367,1
16.43584,0.002016,4.728146,-4468.49096,2030723229,9368,1
16.437863,0.002023,4.728272,-4468.74408,2030777488,9369,1
16.439879,0.002016,4.729019,-4470.24469,2031098213,9370,2
16.443917,0.004038,4.728564,-4469.33066,2030902913,9372,1
16.445933,0.002016,4.729216,-4470.64044,2031182887,9373,1
16.447956,0.002023,4.729086,-4470.37929,2031126970,9374,1
16.449972,0.002016,4.727819,-4467.83407,2030582951,9375,2
16.45401,0.004038,4.727744,-4467.6834,2030550602,9377,1
16.456032,0.002022,4.728583,-4469.36883,2030910849,9378,1
16.458048,0.002016,4.727787,-4467.76978,2030568917,9379,1
16.460064,0.002016,4.728273,-4468.74609,2030777771,9380,2
16.464103,0.004039,4.72822,-4468.63962,2030754798,9382,1
16.466125,0.002022,4.727148,-4466.48612,2030294480,9383,1
16.468141,0.002016,4.727318,-4466.82763,2030367439,9384,1
16.470164,0.002023,4.728781,-4469.76659,2030996065,9385,2
16.474202,0.004038,4.72846,-4469.12174,2030858281,9387,1
16.476218,0.002016,4.729006,-4470.21858,2031092599,9388,1
16.47824,0.002022,4.728976,-4470.15831,2031079547,9389,1
16.480256,0.002016,4.727681,-4467.55684,2030523638,9390,1
16.482279,0.002023,4.72742,-4467.03253,2030411284,9391,2
16.486311,0.004032,4.728734,-4469.67217,2030975633,9393,1
16.488333,0.002022,4.728222,-4468.64363,2030755945,9394,1
16.490349,0.002016,4.728854,-4469.91323,2031027348,9395,1
16.492371,0.002022,4.729407,-4471.02413,2031264911,9396,2
16.49641,0.004039,4.72839,-4468.98112,2030828067,9398,1
16.498426,0.002016,4.728083,-4468.3644,2030696082,9399,1
16.500448,0.002022,4.729116,-4470.43955,2031139779,9400,1
16.502464,0.002016,4.728476,-4469.15388,2030864853,9401,2
16.506503,0.004039,4.728634,-4469.47128,2030933046,9403,1
16.508519,0.002016,4.728998,-4470.20251,2031089148,9404,1
16.510541,0.002022,4.728003,-4468.2037,2030661719,9405,1
16.512557,0.002016,4.727527,-4467.24748,2030457342,9406,2
16.516596,0.004039,4.728516,-4469.23424,2030881991,9408,1
16.518618,0.002022,4.728436,-4469.07353,2030847493,9409,1
16.520634,0.002016,4.728735,-4469.67418,2030976310,9410,1
16.522656,0.002022,4.729056,-4470.31902,2031114009,9411,1
16.524672,0.002016,4.727942,-4468.08116,2030635400,9412,2
16.528711,0.004039,4.727309,-4466.80955,2030363796,9414,1
16.530733,0.002022,4.728294,-4468.78827,2030786894,9415,1
16.532749,0.002016,4.728354,-4468.9088,2030812638,9416,1
16.534772,0.002023,4.728299,-4468.79832,2030788680,9417,2
16.538804,0.004032,4.728674,-4469.55164,2030950021,9419,1
16.540826,0.002022,4.727594,-4467.38207,2030486333,9420,1
16.542842,0.002016,4.726891,-4465.96985,2030184090,9421,1
16.544864,0.002022,4.72784,-4467.87625,2030591790,9422,2
16.548903,0.004039,4.72791,-4468.01687,2030621896,9424,1
16.550919,0.002016,4.727633,-4467.46042,2030502934,9425,1
16.552941,0.002022,4.728395,-4468.99117,2030829914,9426,1
16.554957,0.002016,4.727941,-4468.07915,2030634974,9427,2
16.558995,0.004038,4.727185,-4466.56045,2030310720,9429,1
16.561018,0.002023,4.727816,-4467.82804,2030581656,9430,1
16.563034,0.002016,4.728137,-4468.47288,2030719379,9431,1
16.56505,0.002016,4.727825,-4467.84612,2030585488,9432,1
16.567072,0.002022,4.728365,-4468.9309,2030817527,9433,2
16.571111,0.004039,4.727706,-4467.60707,2030534139,9435,1
16.573127,0.002016,4.726862,-4465.91159,2030171980,9436,1
16.575149,0.002022,4.7277,-4467.59501,2030531763,9437,1
16.577165,0.002016,4.72857,-4469.34272,2030905025,9438,2
16.581204,0.004039,4.728343,-4468.88671,2030807887,9440,1
16.583219,0.002015,4.729168,-4470.54401,2031162163,9441,1
16.585242,0.002023,4.728895,-4469.99559,2031044788,9442,1
16.587258,0.002016,4.727937,-4468.07111,2030633630,9443,2
16.591296,0.004038,4.728057,-4468.31217,2030685063,9445,1
16.593319,0.002023,4.728626,-4469.45521,2030929448,9446,1
16.595335,0.002016,4.728157,-4468.51306,2030727973,9447,1
16.597357,0.002022,4.7287,-4469.60387,2030961226,9448,2
16.601396,0.004039,4.728288,-4468.77622,2030784150,9450,1
16.603412,0.002016,4.72717,-4466.53032,2030303983,9451,1
16.605427,0.002015,4.727264,-4466.71915,2030344283,9452,1
16.60745,0.002023,4.728209,-4468.61752,2030750063,9453,1
16.609466,0.002016,4.727624,-4467.44234,2030499101,9454,2
16.613504,0.004038,4.728325,-4468.85055,2030799989,9456,1
16.615527,0.002023,4.728401,-4469.00322,2030832672,9457,1
16.617543,0.002016,4.727438,-4467.06869,2030419004,9458,1
16.619559,0.002016,4.727676,-4467.5468,2030521298,9459,2
16.623597,0.004038,4.728838,-4469.88109,2031020568,9461,1
16.62562,0.002023,4.72842,-4469.04139,2030840812,9462,1
16.627635,0.002015,4.729027,-4470.26076,2031101692,9463,1
16.629658,0.002023,4.729213,-4470.63441,2031181715,9464,2
16.633696,0.004038,4.72807,-4468.33829,2030690637,9466,1
16.635712,0.002016,4.728102,-4468.40257,2030704369,9467,1
16.637728,0.002016,4.729357,-4470.92369,2031243559,9468,1
16.639751,0.002023,4.728962,-4470.13019,2031073778,9469,2
16.643789,0.004038,4.729355,-4470.91967,2031242552,9471,1
16.645805,0.002016,4.729287,-4470.78307,2031213329,9472,1
16.647828,0.002023,4.727978,-4468.15347,2030651182,9473,1
16.649844,0.002016,4.727749,-4467.69345,2030552855,9474,1
16.651866,0.002022,4.72876,-4469.7244,2030986832,9475,2
16.655904,0.004038,4.728149,-4468.49699,2030724545,9477,1
16.65792,0.002016,4.728591,-4469.3849,2030914350,9478,1
16.659936,0.002016,4.728976,-4470.15831,2031079555,9479,1
16.661959,0.002023,4.728079,-4468.35637,2030694534,9480,2
16.665997,0.004038,4.727576,-4467.34591,2030478527,9482,1
16.668013,0.002016,4.728735,-4469.67418,2030976409,9483,1
16.670036,0.002023,4.728593,-4469.38892,2030915319,9484,1
16.672051,0.002015,4.729215,-4470.63843,2031182283,9485,2
16.67609,0.004039,4.72961,-4471.43193,2031352359,9487,1
16.678106,0.002016,4.728114,-4468.42668,2030709458,9488,1
16.680128,0.002022,4.72736,-4466.912,2030385750,9489,1
16.682144,0.002016,4.728235,-4468.66975,2030761649,9490,2
16.686183,0.004039,4.727934,-4468.06508,2030632105,9492,1
16.688205,0.002022,4.727988,-4468.17356,2030655338,9493,1
16.690221,0.002016,4.728386,-4468.97309,2030826389,9494,1
16.692237,0.002016,4.727325,-4466.84169,2030370775,9495,1
16.69426,0.002023,4.726687,-4465.56004,2030096543,9496,2
16.698298,0.004038,4.727759,-4467.71353,2030556932,9498,1
16.700314,0.002016,4.727904,-4468.00482,2030619253,9499,1
16.702336,0.002022,4.72796,-4468.11731,2030643347,9500,1
16.704352,0.002016,4.728782,-4469.76859,2030996326,9501,2
16.708391,0.004039,4.727691,-4467.57693,2030527607,9503,1
16.710407,0.002016,4.726963,-4466.11449,2030215128,9504,1
16.712429,0.002022,4.727879,-4467.9546,2030608479,9505,1
16.714445,0.002016,4.72822,-4468.63962,2030755139,9506,2
16.718484,0.004039,4.728269,-4468.73805,2030776167,9508,1
16.7205,0.002016,4.729077,-4470.36121,2031123166,9509,1
16.722522,0.002022,4.728091,-4468.38047,2030699551,9510,1
16.724538,0.002016,4.727349,-4466.8899,2030380956,9511,2
16.728576,0.004038,4.728192,-4468.58337,2030742983,9513,1
16.730592,0.002016,4.728682,-4469.56771,2030953425,9514,1
16.732615,0.002023,4.728245,-4468.68984,2030765732,9515,1
16.734631,0.002016,4.72904,-4470.28688,2031107361,9516,1
16.736653,0.002022,4.728137,-4468.47288,2030719345,9517,2
16.740692,0.004039,4.727076,-4466.34149,2030263419,9519,1
16.742708,0.002016,4.727591,-4467.37605,2030484758,9520,1
16.74473,0.002022,4.728165,-4468.52913,2030731476,9521,1
16.746746,0.002016,4.727779,-4467.75371,2030565452,9522,2
16.750784,0.004038,4.728886,-4469.97752,2031041214,9524,1
16.7528,0.002016,4.728582,-4469.36682,2030910433,9525,1
16.754823,0.002023,4.727666,-4467.52671,2030517074,9526,1
16.756839,0.002016,4.728001,-4468.19968,2030660683,9527,2
16.760877,0.004038,4.728892,-4469.98957,2031043633,9529,1
16.762893,0.002016,4.728505,-4469.21214,2030877289,9530,1
16.764916,0.002023,4.729232,-4470.67258,2031189638,9531,1
16.766932,0.002016,4.728742,-4469.68824,2030979138,9532,2
16.77097,0.004038,4.727544,-4467.28163,2030464768,9534,1
16.772992,0.002022,4.727553,-4467.29971,2030468664,9535,1
16.775008,0.002016,4.728583,-4469.36883,2030911019,9536,1
16.777024,0.002016,4.728071,-4468.3403,2030691142,9537,1
16.779047,0.002023,4.728823,-4469.85096,2031013882,9538,2
16.783085,0.004038,4.728612,-4469.42709,2030923612,9540,1
16.785101,0.002016,4.72756,-4467.31377,2030471237,9541,1
16.787124,0.002023,4.727788,-4467.77179,2030569221,9542,1
16.78914,0.002016,4.728936,-4470.07796,2031062668,9543,2
16.793178,0.004038,4.728338,-4468.87666,2030805578,9545,1
16.795194,0.002016,4.729003,-4470.21255,2031091084,9546,1
16.797216,0.002022,4.728909,-4470.02372,2031050802,9547,1
16.799232,0.002016,4.727417,-4467.02651,2030410014,9548,2
16.803271,0.004039,4.727238,-4466.66692,2030333222,9550,1
16.805293,0.002022,4.728368,-4468.93693,2030818614,9551,1
16.807309,0.002016,4.727959,-4468.11531,2030643127,9552,1
16.809325,0.002016,4.728759,-4469.72239,2030986429,9553,2
16.813364,0.004039,4.72908,-4470.36723,2031124500,9555,1
16.815386,0.002022,4.727998,-4468.19365,2030659688,9556,1
16.817402,0.002016,4.727599,-4467.39212,2030488287,9557,1
16.819424,0.002022,4.72861,-4469.42307,2030922457,9558,2
16.823456,0.004032,4.728021,-4468.23985,2030669756,9560,1
16.825479,0.002023,4.728123,-4468.44476,2030713212,9561,1
16.827495,0.002016,4.728258,-4468.71595,2030771294,9562,1
16.829517,0.002022,4.727126,-4466.44193,2030285281,9563,1
16.831533,0.002016,4.726798,-4465.78302,2030144315,9564,2
16.835571,0.004038,4.72814,-4468.47891,2030720450,9566,1
16.837588,0.002017,4.72803,-4468.25793,2030673460,9567,1
16.83961,0.002022,4.728399,-4468.9992,2030831997,9568,1
16.841626,0.002016,4.729023,-4470.25273,2031099863,9569,2
16.845664,0.004038,4.728193,-4468.58538,2030743514,9571,1
16.84768,0.002016,4.727516,-4467.22538,2030452428,9572,1
16.849703,0.002023,4.728331,-4468.8626,2030802648,9573,1
16.851719,0.002016,4.728285,-4468.77019,2030783084,9574,2
16.855757,0.004038,4.728309,-4468.81841,2030793406,9576,1
16.85778,0.002023,4.728676,-4469.55566,2030951087,9577,1
16.859795,0.002015,4.72771,-4467.6151,2030535972,9578,1
16.861815,0.00202,4.727042,-4466.27318,2030249117,9579,2
16.865853,0.004038,4.728083,-4468.3644,2030696052,9581,1
16.867869,0.002016,4.728146,-4468.49096,2030723322,9582,1
16.869892,0.002023,4.728173,-4468.5452,2030734799,9583,1
16.871908,0.002016,4.728851,-4469.90721,2031026148,9584,1
16.87393,0.002022,4.72803,-4468.25793,2030673363,9585,2
16.877962,0.004032,4.727178,-4466.54639,2030307305,9587,1
16.879984,0.002022,4.727812,-4467.82,2030580000,9588,1
16.882,0.002016,4.728319,-4468.83849,2030797513,9589,1
16.884023,0.002023,4.728338,-4468.87666,2030805890,9590,2
16.888061,0.004038,4.729006,-4470.21858,2031092773,9592,1
16.890077,0.002016,4.728465,-4469.13179,2030860163,9593,1
16.8921,0.002023,4.727671,-4467.53676,2030519126,9594,1
16.894116,0.002016,4.728109,-4468.41663,2030707437,9595,2
16.898154,0.004038,4.728514,-4469.23022,2030881294,9597,1
16.90017,0.002016,4.728171,-4468.54118,2030734074,9598,1
16.902192,0.002022,4.728816,-4469.8369,2031011070,9599,1
16.904208,0.002016,4.728292,-4468.78425,2030785665,9600,2
16.908247,0.004039,4.727344,-4466.87986,2030378477,9602,1
16.910263,0.002016,4.727761,-4467.71755,2030557870,9603,1
16.912285,0.002022,4.728618,-4469.43914,2030926052,9604,1
16.914301,0.002016,4.728288,-4468.77622,2030784197,9605,1
16.916324,0.002023,4.728883,-4469.97149,2031039871,9606,2
16.920362,0.004038,4.728653,-4469.50945,2030940972,9608,1
16.922378,0.002016,4.727619,-4467.43229,2030497075,9609,1
16.924394,0.002016,4.728049,-4468.2961,2030681561,9610,1
16.926416,0.002022,4.729293,-4470.79512,2031215891,9611,2
16.930455,0.004039,4.728827,-4469.85899,2031015489,9613,1
16.932471,0.002016,4.729473,-4471.15671,2031293037,9614,1
16.934493,0.002022,4.729437,-4471.08439,2031277870,9615,1
16.936509,0.002016,4.728412,-4469.02532,2030837515,9616,2
16.940548,0.004039,4.728487,-4469.17598,2030869616,9618,1
16.942564,0.002016,4.729486,-4471.18283,2031298680,9619,1
16.944586,0.002022,4.728814,-4469.83288,2031010016,9620,1
16.946602,0.002016,4.72908,-4470.36723,2031124326,9621,2
16.95064,0.004038,4.72899,-4470.18644,2031085583,9623,1
16.952656,0.002016,4.727896,-4467.98875,2030615686,9624,1
16.954679,0.002023,4.727796,-4467.78786,2030572733,9625,1
16.956695,0.002016,4.728982,-4470.17037,2031082371,9626,1
16.958717,0.002022,4.728436,-4469.07353,2030847757,9627,2
16.962756,0.004039,4.729081,-4470.36924,2031124986,9629,1
16.964772,0.002016,4.729271,-4470.75092,2031206416,9630,1
16.966787,0.002015,4.72793,-4468.05705,2030630510,9631,1
16.96881,0.002023,4.727544,-4467.28163,2030464855,9632,2
16.972848,0.004038,4.72869,-4469.58378,2030956993,9634,1
16.974864,0.002016,4.728265,-4468.73002,2030774245,9635,1
16.97688,0.002016,4.728692,-4469.5878,2030957722,9636,1
16.978903,0.002023,4.728972,-4470.15028,2031077843,9637,2
16.982941,0.004038,4.728,-4468.19767,2030660437,9639,1
16.984957,0.002016,4.728058,-4468.31418,2030685355,9640,1
16.986979,0.002022,4.729401,-4471.01208,2031262030,9641,1
16.988996,0.002017,4.728918,-4470.0418,2031054783,9642,2
16.993034,0.004038,4.729224,-4470.65651,2031186171,9644,1
16.99505,0.002016,4.729514,-4471.23908,2031310830,9645,1
16.997072,0.002022,4.728197,-4468.59341,2030744981,9646,1
16.999088,0.002016,4.72752,-4467.23342,2030454267,9647,1
17.001111,0.002023,4.728408,-4469.01728,2030835854,9648,2
17.005143,0.004032,4.728025,-4468.24789,2030671412,9650,1
17.007165,0.002022,4.72806,-4468.3182,2030686331,9651,1
17.009181,0.002016,4.728477,-4469.15589,2030865449,9652,1
17.011203,0.002022,4.727557,-4467.30775,2030470372,9653,2
17.015242,0.004039,4.727195,-4466.58054,2030314859,9655,1
17.017258,0.002016,4.72836,-4468.92086,2030814982,9656,1
17.019274,0.002016,4.728488,-4469.17799,2030870440,9657,1
17.021296,0.002022,4.728435,-4469.07152,2030847384,9658,2
17.025335,0.004039,4.728834,-4469.87305,2031018858,9660,1
17.027351,0.002016,4.72805,-4468.29811,2030681949,9661,1
17.029367,0.002016,4.727208,-4466.60665,2030320275,9662,1
17.031389,0.002022,4.727798,-4467.79188,2030573974,9663,2
17.035428,0.004039,4.727889,-4467.97469,2030612640,9665,1
17.037444,0.002016,4.72797,-4468.1374,2030647782,9666,1
17.039466,0.002022,4.728738,-4469.6802,2030977486,9667,1
17.041482,0.002016,4.728225,-4468.64966,2030757280,9668,1
17.043504,0.002022,4.727497,-4467.18721,2030444522,9669,2
17.047536,0.004032,4.728209,-4468.61752,2030750175,9671,1
17.049559,0.002023,4.728604,-4469.41102,2030920185,9672,1
17.051575,0.002016,4.728197,-4468.59341,2030745018,9673,1
17.053597,0.002022,4.728792,-4469.78868,2031000635,9674,2
17.057636,0.004039,4.728271,-4468.74207,2030776995,9676,1
17.059652,0.002016,4.727521,-4467.23543,2030455050,9677,1
17.061667,0.002015,4.728166,-4468.53114,2030731749,9678,1
17.06369,0.002023,4.729056,-4470.31902,2031113956,9679,2
17.067728,0.004038,4.728845,-4469.89515,2031023309,9681,1
17.069744,0.002016,4.729555,-4471.32144,2031328477,9682,1
17.07176,0.002016,4.729008,-4470.2226,2031093588,9683,1
17.073783,0.002023,4.727784,-4467.76376,2030567970,9684,2
17.077821,0.004038,4.728148,-4468.49498,2030724230,9686,1
17.079837,0.002016,4.728972,-4470.15028,2031077812,9687,1
17.08186,0.002023,4.728346,-4468.89273,2030809081,9688,1
17.083876,0.002016,4.728844,-4469.89314,2031022859,9689,2
17.087914,0.004038,4.728465,-4469.13179,2030860100,9691,1
17.08993,0.002016,4.727217,-4466.62473,2030324094,9692,1
17.091952,0.002022,4.727434,-4467.06066,2030417231,9693,1
17.093968,0.002016,4.728487,-4469.17598,2030869795,9694,1
17.095991,0.002023,4.728046,-4468.29008,2030680166,9695,2
17.100023,0.004032,4.728587,-4469.37687,2030912668,9697,1
17.102045,0.002022,4.728563,-4469.32865,2030902247,9698,1
17.104061,0.002016,4.727626,-4467.44636,2030500118,9699,1
17.106084,0.002023,4.727683,-4467.56086,2030524197,9700,2
17.110122,0.004038,4.728555,-4469.31258,2030898910,9702,1
17.112138,0.002016,4.727823,-4467.8421,2030584554,9703,1
17.114154,0.002016,4.728202,-4468.60346,2030747175,9704,1
17.116176,0.002022,4.728339,-4468.87867,2030806107,9705,2
17.120215,0.004039,4.727336,-4466.86379,2030375290,9707,1
17.122231,0.002016,4.727122,-4466.43389,2030283693,9708,1
17.124253,0.002022,4.72817,-4468.53917,2030733576,9709,1
17.126269,0.002016,4.727708,-4467.61108,2030535298,9710,2
17.130307,0.004038,4.728589,-4469.38088,2030913245,9712,1
17.132324,0.002017,4.728784,-4469.77261,2030997048,9713,1
17.134346,0.002022,4.727563,-4467.3198,2030472691,9714,1
17.136362,0.002016,4.727603,-4467.40015,2030489770,9715,1
17.138384,0.002022,4.728949,-4470.10407,2031067871,9716,2
17.142423,0.004039,4.728502,-4469.20611,2030875980,9718,1
17.144439,0.002016,4.729088,-4470.3833,2031127762,9719,1
17.146455,0.002016,4.729365,-4470.93976,2031246857,9720,1
17.148477,0.002022,4.728023,-4468.24387,2030670276,9721,2
17.152516,0.004039,4.727599,-4467.39212,2030488202,9723,1
17.154532,0.002016,4.728757,-4469.71837,2030985815,9724,1
17.156554,0.002022,4.728488,-4469.17799,2030869862,9725,1
17.15857,0.002016,4.728955,-4470.11613,2031070840,9726,2
17.162608,0.004038,4.72941,-4471.03016,2031265917,9728,1
17.164624,0.002016,4.728182,-4468.56328,2030738869,9729,1
17.166647,0.002023,4.727608,-4467.4102,2030492342,9730,1
17.168663,0.002016,4.728567,-4469.33669,2030903972,9731,2
17.172701,0.004038,4.728553,-4469.30857,2030898023,9733,1
17.174724,0.002023,4.728757,-4469.71837,2030985557,9734,1
17.17674,0.002016,4.729119,-4470.44558,2031141292,9735,1
17.178756,0.002016,4.727834,-4467.8642,2030589336,9736,1
17.180778,0.002022,4.727129,-4466.44796,2030286190,9737,2
17.184816,0.004038,4.728235,-4468.66975,2030761657,9739,1
17.186832,0.002016,4.728363,-4468.92688,2030816553,9740,1
17.188848,0.002016,4.728424,-4469.04942,2030842441,9741,1
17.190871,0.002023,4.729078,-4470.36322,2031123707,9742,2
17.194909,0.004038,4.728139,-4468.4769,2030720310,9744,1
17.196925,0.002016,4.727428,-4467.0486,2030414919,9745,1
17.198948,0.002023,4.72821,-4468.61953,2030750524,9746,1
17.200964,0.002016,4.728398,-4468.99719,2030831311,9747,2
17.205002,0.004038,4.728118,-4468.43471,2030711305,9749,1
17.207018,0.002016,4.728985,-4470.17639,2031083464,9750,1
17.20904,0.002022,4.72806,-4468.3182,2030686509,9751,1
17.211056,0.002016,4.727203,-4466.59661,2030318314,9752,2
17.215095,0.004039,4.727879,-4467.9546,2030608327,9754,1
17.217117,0.002022,4.728229,-4468.6577,2030758826,9755,1
17.219133,0.002016,4.72802,-4468.23785,2030669188,9756,1
17.221149,0.002016,4.729074,-4470.35518,2031121618,9757,1
17.223171,0.002022,4.728372,-4468.94496,2030820039,9758,2
17.22721,0.004039,4.727433,-4467.05865,2030416859,9760,1
17.229226,0.002016,4.727782,-4467.75974,2030567057,9761,1
17.231248,0.002022,4.728482,-4469.16594,2030867481,9762,1
17.233264,0.002016,4.728071,-4468.3403,2030691018,9763,2
17.237303,0.004039,4.728983,-4470.17237,2031082640,9765,1
17.239319,0.002016,4.728299,-4468.79832,2030788749,9766,1
17.241341,0.002022,4.727107,-4466.40376,2030277114,9767,1
17.243357,0.002016,4.727367,-4466.92606,2030388870,9768,2
17.247396,0.004039,4.728493,-4469.18803,2030872386,9770,1
17.249412,0.002016,4.728117,-4468.4327,2030710773,9771,1
17.251434,0.002022,4.728994,-4470.19447,2031087331,9772,1
17.25345,0.002016,4.728603,-4469.40901,2030919534,9773,2
17.257488,0.004038,4.727532,-4467.25752,2030459587,9775,1
17.259504,0.002016,4.72786,-4467.91643,2030600179,9776,1
17.261527,0.002023,4.728819,-4469.84292,2031012350,9777,1
17.263543,0.002016,4.728373,-4468.94697,2030820491,9778,1
17.265565,0.002022,4.729241,-4470.69066,2031193613,9779,2
17.269603,0.004038,4.729072,-4470.35116,2031120880,9781,1
17.271619,0.002016,4.727832,-4467.86018,2030588356,9782,1
17.273636,0.002017,4.727846,-4467.8883,2030594429,9783,1
17.275658,0.002022,4.729062,-4470.33107,2031116534,9784,2
17.279696,0.004038,4.728345,-4468.89072,2030808714,9786,1
17.281712,0.002016,4.728949,-4470.10407,2031068128,9787,1
17.283728,0.002016,4.728983,-4470.17237,2031082684,9788,1
17.285751,0.002023,4.727648,-4467.49055,2030509133,9789,2
17.289789,0.004038,4.727392,-4466.97628,2030399437,9791,1
17.291805,0.002016,4.72832,-4468.8405,2030797783,9792,1
17.293828,0.002023,4.727574,-4467.3419,2030477779,9793,1
17.295844,0.002016,4.728016,-4468.22981,2030667668,9794,2
17.299882,0.004038,4.728128,-4468.4548,2030715656,9796,1
17.301898,0.002016,4.727058,-4466.30533,2030255848,9797,1
17.30392,0.002022,4.726856,-4465.89954,2030169227,9798,1
17.305936,0.002016,4.728283,-4468.76617,2030782291,9799,1
17.307952,0.002016,4.728147,-4468.49297,2030723761,9800,2
17.311991,0.004039,4.728738,-4469.6802,2030977374,9802,1
17.314013,0.002022,4.729168,-4470.54401,2031162225,9803,1
17.316029,0.002016,4.728103,-4468.40458,2030704882,9804,1
17.318052,0.002023,4.727718,-4467.63117,2030539672,9805,2
17.32209,0.004038,4.72882,-4469.84493,2031012743,9807,1
17.324106,0.002016,4.72849,-4469.18201,2030871047,9808,1
17.326122,0.002016,4.728592,-4469.38691,2030914769,9809,1
17.328144,0.002022,4.729064,-4470.33509,2031117538,9810,2
17.332183,0.004039,4.728125,-4468.44878,2030714122,9812,1
17.334199,0.002016,4.727498,-4467.18922,2030444781,9813,1
17.336221,0.002022,4.728524,-4469.25031,2030885819,9814,1
17.338237,0.002016,4.728455,-4469.1117,2030855880,9815,2
17.342276,0.004039,4.728602,-4469.407,2030919327,9817,1
17.344292,0.002016,4.729235,-4470.67861,2031190780,9818,1
17.346314,0.002022,4.728311,-4468.82242,2030793844,9819,1
17.34833,0.002016,4.72764,-4467.47448,2030505863,9820,2
17.352368,0.004038,4.728647,-4469.4974,2030938606,9822,1
17.354384,0.002016,4.728922,-4470.04983,2031056804,9823,1
17.356407,0.002023,4.728807,-4469.81882,2031007216,9824,1
17.358423,0.002016,4.729413,-4471.03618,2031267343,9825,1
17.360445,0.002022,4.728703,-4469.60989,2030962573,9826,2
17.364484,0.004039,4.727903,-4468.00281,2030619040,9828,1
17.3665,0.002016,4.72869,-4469.58378,2030956909,9829,1
17.368522,0.002022,4.728951,-4470.10809,2031069104,9830,1
17.370538,0.002016,4.728632,-4469.46727,2030931963,9831,2
17.374576,0.004038,4.729243,-4470.69468,2031194391,9833,1
17.376592,0.002016,4.728596,-4469.39495,2030916352,9834,1
17.378615,0.002023,4.727713,-4467.62113,2030537068,9835,1
17.380631,0.002016,4.72822,-4468.63962,2030755133,9836,2
17.384669,0.004038,4.728707,-4469.61793,2030964266,9838,1
17.386691,0.002022,4.728478,-4469.1579,2030865896,9839,1
17.388707,0.002016,4.729198,-4470.60428,2031174773,9840,1
17.390724,0.002017,4.728639,-4469.48133,2030934857,9841,2
17.394762,0.004038,4.727752,-4467.69947,2030553815,9843,1
17.396784,0.002022,4.728168,-4468.53516,2030732497,9844,1
17.3988,0.002016,4.728894,-4469.99359,2031044305,9845,1
17.400816,0.002016,4.728284,-4468.76818,2030782735,9846,1
17.402839,0.002023,4.728749,-4469.7023,2030982434,9847,2
17.406877,0.004038,4.728116,-4468.4307,2030710115,9849,1
17.408893,0.002016,4.726909,-4466.00601,2030191868,9850,1
17.410915,0.002022,4.727068,-4466.32541,2030260447,9851,1
17.412932,0.002017,4.728203,-4468.60547,2030747756,9852,2
17.41697,0.004038,4.727976,-4468.14946,2030650066,9854,1
17.418992,0.002022,4.728832,-4469.86904,2031018022,9855,1
17.421008,0.002016,4.72889,-4469.98555,2031042734,9856,1
17.423024,0.002016,4.727818,-4467.83206,2030582326,9857,2
17.427063,0.004039,4.727991,-4468.17959,2030656458,9859,1
17.429085,0.002022,4.72919,-4470.58821,2031171839,9860,1
17.431101,0.002016,4.728665,-4469.53356,2030946073,9861,1
17.433124,0.002023,4.729147,-4470.50183,2031153176,9862,2
17.437162,0.004038,4.729247,-4470.70271,2031196185,9864,1
17.439178,0.002016,4.727932,-4468.06107,2030631568,9865,1
17.441194,0.002016,4.727677,-4467.54881,2030521747,9866,1
17.443216,0.002022,4.728631,-4469.46526,2030931380,9867,1
17.445232,0.002016,4.727898,-4467.99277,2030616833,9868,2
17.449271,0.004039,4.728212,-4468.62355,2030751728,9870,1
17.451293,0.002022,4.728329,-4468.85858,2030801820,9871,1
17.453309,0.002016,4.727239,-4466.66893,2030333497,9872,1
17.455332,0.002023,4.727168,-4466.5263,2030303215,9873,2
17.459363,0.004031,4.728405,-4469.01126,2030834318,9875,1
17.461386,0.002023,4.728084,-4468.36641,2030696439,9876,1
17.463402,0.002016,4.72867,-4469.5436,2030948142,9877,1
17.465424,0.002022,4.728963,-4470.1322,2031074085,9878,2
17.469463,0.004039,4.727845,-4467.8863,2030593739,9880,1
17.471479,0.002016,4.727489,-4467.17114,2030440807,9881,1
17.473501,0.002022,4.728675,-4469.55365,2030950553,9882,1
17.475517,0.002016,4.728369,-4468.93894,2030819027,9883,2
17.479556,0.004039,4.728846,-4469.89716,2031023559,9885,1
17.481572,0.002016,4.729446,-4471.10247,2031281822,9886,1
17.483594,0.002022,4.728485,-4469.17196,2030868584,9887,1
17.48561,0.002016,4.728105,-4468.4086,2030705715,9888,1
17.487632,0.002022,4.729283,-4470.77503,2031211725,9889,2
17.491664,0.004032,4.729004,-4470.21456,2031091884,9891,1
17.493687,0.002023,4.72881,-4469.82484,2031008331,9892,1
17.495703,0.002016,4.729031,-4470.2688,2031103261,9893,1
17.497725,0.002022,4.727901,-4467.99879,2030617754,9894,2
17.501764,0.004039,4.727212,-4466.61469,2030322346,9896,1
17.503779,0.002015,4.728016,-4468.22981,2030667372,9897,1
17.505802,0.002023,4.728076,-4468.35034,2030693191,9898,1
17.507818,0.002016,4.728268,-4468.73604,2030775477,9899,2
17.511856,0.004038,4.728863,-4469.93131,2031031216,9901,1
17.513872,0.002016,4.728026,-4468.2499,2030671895,9902,1
17.515895,0.002023,4.727347,-4466.88589,2030380193,9903,1
17.517911,0.002016,4.728264,-4468.72801,2030773815,9904,2
17.521949,0.004038,4.728588,-4469.37888,2030912864,9906,1
17.523972,0.002023,4.72871,-4469.62396,2030965630,9907,1
17.525988,0.002016,4.729426,-4471.0623,2031272951,9908,1
17.528004,0.002016,4.728318,-4468.83648,2030797058,9909,1
17.530026,0.002022,4.727281,-4466.7533,2030351612,9910,2
17.534064,0.004038,4.728121,-4468.44074,2030712680,9912,1
17.53608,0.002016,4.728479,-4469.15991,2030866372,9913,1
17.538103,0.002023,4.728261,-4468.72198,2030772795,9914,1
17.540119,0.002016,4.72899,-4470.18644,2031085613,9915,2
17.544157,0.004038,4.72813,-4468.45882,2030716436,9917,1
17.546173,0.002016,4.727329,-4466.84973,2030372196,9918,1
17.548196,0.002023,4.727847,-4467.89031,2030594729,9919,1
17.550212,0.002016,4.728562,-4469.32665,2030902009,9920,2
17.55425,0.004038,4.72818,-4468.55926,2030737856,9922,1
17.556266,0.002016,4.729057,-4470.32103,2031114372,9923,1
17.558288,0.002022,4.728606,-4469.41504,2030920994,9924,1
17.560304,0.002016,4.727741,-4467.67738,2030549533,9925,2
17.564343,0.004039,4.728033,-4468.26396,2030674529,9927,1
17.566365,0.002022,4.728721,-4469.64605,2030970102,9928,1
17.568381,0.002016,4.728075,-4468.34833,2030692864,9929,1
17.570397,0.002016,4.728849,-4469.90319,2031025091,9930,1
17.57242,0.002023,4.728334,-4468.86863,2030804285,9931,2
17.576458,0.004038,4.727133,-4466.45599,2030288008,9933,1
17.578474,0.002016,4.72729,-4466.77138,2030355410,9934,1
17.580496,0.002022,4.728392,-4468.98514,2030828651,9935,1
17.582512,0.002016,4.728117,-4468.4327,2030711015,9936,2
17.586551,0.004039,4.729255,-4470.71878,2031199343,9938,1
17.588567,0.002016,4.729087,-4470.3813,2031127257,9939,1
17.590589,0.002022,4.72782,-4467.83607,2030583153,9940,1
17.592605,0.002016,4.727665,-4467.5247,2030516771,9941,2
17.596644,0.004039,4.728797,-4469.79873,2031002705,9943,1
17.59866,0.002016,4.728209,-4468.61752,2030750384,9944,1
17.600682,0.002022,4.728903,-4470.01167,2031048611,9945,1
17.602698,0.002016,4.728853,-4469.91122,2031026805,9946,2
17.606736,0.004038,4.727687,-4467.5689,2030526329,9948,1
17.608759,0.002023,4.727692,-4467.57894,2030528149,9949,1
17.610775,0.002016,4.728743,-4469.69025,2030979660,9950,1
17.612791,0.002016,4.727963,-4468.12334,2030644480,9951,1
17.614813,0.002022,4.728292,-4468.78425,2030785781,9952,2
17.618852,0.004039,4.728397,-4468.99518,2030831248,9954,1
17.620868,0.002016,4.727182,-4466.55442,2030309110,9955,1
17.622884,0.002016,4.72676,-4465.70669,2030128067,9956,1
17.624906,0.002022,4.727934,-4468.06508,2030632367,9957,2
17.628944,0.004038,4.727747,-4467.68943,2030551826,9959,1
17.63096,0.002016,4.728421,-4469.0434,2030841428,9960,1
17.632983,0.002023,4.728967,-4470.14023,2031075727,9961,1
17.634999,0.002016,4.727972,-4468.14142,2030648575,9962,2
17.639037,0.004038,4.7274,-4466.99236,2030402840,9964,1
17.641053,0.002016,4.728398,-4468.99719,2030831299,9965,1
17.643076,0.002023,4.728127,-4468.45279,2030714908,9966,1
17.645092,0.002016,4.728534,-4469.2704,2030889857,9967,2
17.64913,0.004038,4.72891,-4470.02573,2031051544,9969,1
17.651146,0.002016,4.727879,-4467.9546,2030608352,9970,1
17.653168,0.002022,4.727586,-4467.366,2030482610,9971,1
17.655184,0.002016,4.728835,-4469.87506,2031019071,9972,2
17.659223,0.004039,4.728585,-4469.37285,2030911669,9974,1
17.661239,0.002016,4.7285,-4469.2021,2030875492,9975,1
17.663261,0.002022,4.72883,-4469.86502,2031016902,9976,1
17.665277,0.002016,4.72784,-4467.87625,2030591935,9977,1
17.6673,0.002023,4.727249,-4466.68902,2030338088,9978,2
17.671338,0.004038,4.72838,-4468.96103,2030823717,9980,1
17.673354,0.002016,4.728721,-4469.64605,2030970293,9981,1
17.675376,0.002022,4.728993,-4470.19246,2031086960,9982,1
17.677392,0.002016,4.729629,-4471.4701,2031359983,9983,2
17.681431,0.004039,4.728797,-4469.79873,2031002731,9985,1
17.683447,0.002016,4.727919,-4468.03495,2030625754,9986,1
17.685469,0.002022,4.728733,-4469.67016,2030975271,9987,1
17.687485,0.002016,4.729106,-4470.41946,2031135522,9988,2
17.691524,0.004039,4.72874,-4469.68422,2030978410,9990,1
17.69354,0.002016,4.729432,-4471.07435,2031275362,9991,1
17.695562,0.002022,4.728687,-4469.57775,2030955725,9992,1
17.697578,0.002016,4.727888,-4467.97268,2030612165,9993,2
17.701616,0.004038,4.728561,-4469.32464,2030901634,9995,1
17.703632,0.002016,4.728907,-4470.0197,2031050031,9996,1
17.705655,0.002023,4.728649,-4469.50142,2030939143,9997,1
17.707671,0.002016,4.729422,-4471.05426,2031271034,9998,1
17.709693,0.002022,4.72867,-4469.5436,2030948344,9999,2
17.713731,0.004038,4.727469,-4467.13097,2030432533,10001,1
17.715747,0.002016,4.727851,-4467.89835,2030596713,10002,1
17.717763,0.002016,4.728718,-4469.64003,2030968836,10003,1
17.719786,0.002023,4.728373,-4468.94697,2030820603,10004,2
17.723824,0.004038,4.729204,-4470.61633,2031177663,10006,1
17.72584,0.002016,4.728606,-4469.41504,2030920690,10007,1
17.727856,0.002016,4.727614,-4467.42225,2030495005,10008,1
17.729879,0.002023,4.728181,-4468.56127,2030738410,10009,2
17.733917,0.004038,4.7291,-4470.40741,2031133076,10011,1
17.735933,0.002016,4.728604,-4469.41102,2030920199,10012,1
17.737956,0.002023,4.729541,-4471.29332,2031322473,10013,1
17.739972,0.002016,4.729032,-4470.27081,2031103578,10014,2
17.74401,0.004038,4.727901,-4467.99879,2030617877,10016,1
17.746026,0.002016,4.728126,-4468.45078,2030714770,10017,1
17.748048,0.002022,4.729188,-4470.58419,2031170914,10018,1
17.750064,0.002016,4.728569,-4469.34071,2030904964,10019,1
17.752087,0.002023,4.729483,-4471.1768,2031297310,10020,2
17.756119,0.004032,4.729387,-4470.98395,2031256206,10022,1
17.758141,0.002022,4.727953,-4468.10325,2030640143,10023,1
17.760157,0.002016,4.727864,-4467.92446,2030602220,10024,1
17.76218,0.002023,4.729,-4470.20652,2031090071,10025,2
17.766218,0.004038,4.728514,-4469.23022,2030881336,10027,1
17.768234,0.002016,4.729263,-4470.73485,2031203172,10028,1
17.770256,0.002022,4.729481,-4471.17278,2031296768,10029,1
17.772272,0.002016,4.728391,-4468.98313,2030828601,10030,2
17.776311,0.004039,4.728231,-4468.66171,2030759681,10032,1
17.778327,0.002016,4.729445,-4471.10047,2031280861,10033,1
17.780349,0.002022,4.728835,-4469.87506,2031018976,10034,1
17.782365,0.002016,4.728931,-4470.06791,2031060521,10035,2
17.786404,0.004039,4.728804,-4469.81279,2031005804,10037,1
17.78842,0.002016,4.727483,-4467.15909,2030438542,10038,1
17.790442,0.002022,4.726986,-4466.16069,2030224995,10039,1
17.792458,0.002016,4.727978,-4468.15347,2030651028,10040,1
17.79448,0.002022,4.727397,-4466.98633,2030401542,10041,2
17.798512,0.004032,4.727629,-4467.45238,2030501091,10043,1
17.800535,0.002023,4.727975,-4468.14745,2030649743,10044,1
17.802551,0.002016,4.727017,-4466.22296,2030238466,10045,1
17.804573,0.002022,4.726591,-4465.36719,2030055435,10046,2
17.808612,0.004039,4.727768,-4467.73161,2030560936,10048,1
17.810628,0.002016,4.72765,-4467.49457,2030510059,10049,1
17.812644,0.002016,4.728035,-4468.26798,2030675682,10050,1
17.814666,0.002022,4.728712,-4469.62797,2030966286,10051,2
17.818704,0.004038,4.727958,-4468.1133,2030642556,10053,1
17.82072,0.002016,4.727406,-4467.00441,2030405332,10054,1
17.822743,0.002023,4.728333,-4468.86662,2030803370,10055,1
17.824759,0.002016,4.728136,-4468.47087,2030718718,10056,2
17.828797,0.004038,4.728003,-4468.2037,2030661607,10058,1
17.830813,0.002016,4.728393,-4468.98715,2030829429,10059,1
17.832835,0.002022,4.727387,-4466.96624,2030397313,10060,1
17.834852,0.002017,4.726861,-4465.90958,2030171220,10061,1
17.836874,0.002022,4.728064,-4468.32624,2030688055,10062,2
17.840906,0.004032,4.728283,-4468.76617,2030781947,10064,1
17.842928,0.002022,4.728319,-4468.83849,2030797416,10065,1
17.844944,0.002016,4.729043,-4470.29291,2031108255,10066,1
17.846967,0.002023,4.728247,-4468.69386,2030766608,10067,2
17.850999,0.004032,4.727288,-4466.76736,2030354904,10069,1
17.853021,0.002022,4.728115,-4468.42869,2030709803,10070,1
17.855037,0.002016,4.728416,-4469.03335,2030838977,10071,1
17.85706,0.002023,4.727986,-4468.16954,2030654631,10072,2
17.861098,0.004038,4.728531,-4469.26437,2030888631,10074,1
17.863114,0.002016,4.727937,-4468.07111,2030633435,10075,1
17.86513,0.002016,4.727206,-4466.60264,2030319668,10076,1
17.867152,0.002022,4.727748,-4467.69144,2030552310,10077,2
17.871191,0.004039,4.728122,-4468.44275,2030713056,10079,1
17.873207,0.002016,4.727754,-4467.70349,2030554696,10080,1
17.875229,0.002022,4.728264,-4468.72801,2030774163,10081,1
17.877245,0.002016,4.727588,-4467.37002,2030483398,10082,2
17.881284,0.004039,4.726338,-4464.85895,2029946733,10084,1
17.8833,0.002016,4.726814,-4465.81517,2030151283,10085,1
17.885322,0.002022,4.7278,-4467.7959,2030574633,10086,1
17.887338,0.002016,4.727598,-4467.39011,2030488115,10087,1
17.88936,0.002022,4.728498,-4469.19808,2030874602,10088,2
17.893392,0.004032,4.728539,-4469.28044,2030892311,10090,1
17.895415,0.002023,4.727822,-4467.84009,2030583950,10091,1
17.897431,0.002016,4.728183,-4468.56529,2030739003,10092,1
17.899453,0.002022,4.729357,-4470.92369,2031243318,10093,2
17.903492,0.004039,4.729021,-4470.24871,2031098870,10095,1
17.905508,0.002016,4.729454,-4471.11855,2031284949,10096,1
17.907523,0.002015,4.729229,-4470.66655,2031188388,10097,1
17.909546,0.002023,4.728133,-4468.46485,2030717803,10098,2
17.913584,0.004038,4.728013,-4468.22378,2030666023,10100,1
17.9156,0.002016,4.728982,-4470.17037,2031082384,10101,1
17.917616,0.002016,4.728384,-4468.96907,2030825493,10102,1
17.919639,0.002023,4.728889,-4469.98354,2031042145,10103,2
17.923677,0.004038,4.728582,-4469.36682,2030910453,10105,1
17.925693,0.002016,4.727298,-4466.78745,2030359035,10106,1
17.927716,0.002023,4.727212,-4466.61469,2030322102,10107,1
17.929732,0.002016,4.728264,-4468.72801,2030773915,10108,1
17.931748,0.002016,4.727533,-4467.25953,2030459965,10109,2
17.935786,0.004038,4.727963,-4468.12334,2030644530,10111,1
17.937808,0.002022,4.728183,-4468.56529,2030739366,10112,1
17.939824,0.002016,4.726996,-4466.18078,2030229345,10113,1
17.941847,0.002023,4.726671,-4465.5279,2030089647,10114,2
17.945879,0.004032,4.728017,-4468.23182,2030667714,10116,1
17.947901,0.002022,4.727691,-4467.57693,2030527848,10117,1
17.949917,0.002016,4.728123,-4468.44476,2030713436,10118,1
17.951939,0.002022,4.728397,-4468.99518,2030830996,10119,2
17.955971,0.004032,4.727152,-4466.49416,2030296197,10121,1
17.957994,0.002023,4.72689,-4465.96784,2030183566,10122,1
17.96001,0.002016,4.728242,-4468.68381,2030764619,10123,1
17.962032,0.002022,4.727884,-4467.96464,2030610540,10124,2
17.966071,0.004039,4.728323,-4468.84653,2030799431,10126,1
17.968087,0.002016,4.728914,-4470.03376,2031053056,10127,1
17.970109,0.002022,4.728214,-4468.62756,2030752703,10128,1
17.972125,0.002016,4.727986,-4468.16954,2030654458,10129,1
17.974141,0.002016,4.729104,-4470.41545,2031134485,10130,2
17.97818,0.004039,4.728676,-4469.55566,2030950917,10132,1
17.980202,0.002022,4.728733,-4469.67016,2030975410,10133,1
17.982218,0.002016,4.729162,-4470.53196,2031159608,10134,1
17.98424,0.002022,4.728202,-4468.60346,2030747259,10135,2
17.988272,0.004032,4.72738,-4466.95218,2030394287,10137,1
17.990295,0.002023,4.728124,-4468.44677,2030713619,10138,1
17.992311,0.002016,4.728018,-4468.23383,2030668422,10139,1
17.994333,0.002022,4.728025,-4468.24789,2030671062,10140,2
17.998372,0.004039,4.728297,-4468.7943,2030788022,10142,1
18.000388,0.002016,4.727249,-4466.68902,2030337885,10143,1
18.002404,0.002016,4.726427,-4465.03774,2029984850,10144,1
18.004426,0.002022,4.727387,-4466.96624,2030396899,10145,2
18.008464,0.004038,4.727884,-4467.96464,2030610877,10147,1
18.01048,0.002016,4.728049,-4468.2961,2030681447,10148,1
18.012503,0.002023,4.72893,-4470.0659,2031059900,10149,1
18.014519,0.002016,4.728388,-4468.9771,2030827330,10150,1
18.016535,0.002016,4.727685,-4467.56488,2030525093,10151,2
18.020573,0.004038,4.728297,-4468.7943,2030787963,10153,1
18.022596,0.002023,4.72853,-4469.26236,2030888305,10154,1
18.024612,0.002016,4.728117,-4468.4327,2030710961,10155,1
18.026628,0.002016,4.728475,-4469.15188,2030864660,10156,2
18.030666,0.004038,4.727852,-4467.90036,2030596870,10158,1
18.032688,0.002022,4.727158,-4466.50621,2030298951,10159,1
18.034704,0.002016,4.727793,-4467.78184,2030571653,10160,1
18.036727,0.002023,4.728623,-4469.44919,2030928136,10161,2
18.040759,0.004032,4.728376,-4468.953,2030822032,10163,1
18.043264,0.002505,4.729156,-4470.51991,2031156673,10164,1
18.0448,0.001536,4.728763,-4469.73043,2030988148,10165,1
18.046816,0.002016,4.727724,-4467.64322,2030541961,10166,2
18.050855,0.004039,4.728071,-4468.3403,2030690995,10168,1
18.052877,0.002022,4.728933,-4470.07193,2031061563,10169,1
18.054893,0.002016,4.72845,-4469.10165,2030853956,10170,1
18.056909,0.002016,4.728963,-4470.1322,2031074298,10171,1
18.058932,0.002023,4.728749,-4469.7023,2030982334,10172,2
18.06297,0.004038,4.727872,-4467.94054,2030605440,10174,1
18.064986,0.002016,4.728021,-4468.23985,2030669710,10175,1
18.067008,0.002022,4.729023,-4470.25273,2031099872,10176,1
18.069024,0.002016,4.728693,-4469.58981,2030958205,10177,2
18.073063,0.004039,4.729523,-4471.25716,2031314862,10179,1
18.075079,0.002016,4.729378,-4470.96587,2031252305,10180,1
18.077101,0.002022,4.72798,-4468.15749,2030651805,10181,1
18.079117,0.002016,4.72787,-4467.93652,2030604658,10182,2
18.083156,0.004039,4.729008,-4470.2226,2031093381,10184,1
18.085172,0.002016,4.728419,-4469.03938,2030840747,10185,1
18.087194,0.002022,4.728996,-4470.19849,2031088210,10186,1
18.08921,0.002016,4.729107,-4470.42147,2031135944,10187,2
18.093248,0.004038,4.728128,-4468.4548,2030715697,10189,1
18.095264,0.002016,4.728047,-4468.29208,2030680961,10190,1
18.097287,0.002023,4.729338,-4470.88552,2031235248,10191,1
18.099303,0.002016,4.728803,-4469.81078,2031005367,10192,1
18.101325,0.002022,4.729206,-4470.62035,2031178403,10193,2
18.105357,0.004032,4.72919,-4470.58821,2031171891,10195,1
18.107379,0.002022,4.727996,-4468.18963,2030658901,10196,1
18.109396,0.002017,4.727753,-4467.70148,2030554432,10197,1
18.111418,0.002022,4.728975,-4470.1563,2031079127,10198,2
18.11545,0.004032,4.728435,-4469.07152,2030847245,10200,1
18.117472,0.002022,4.72885,-4469.9052,2031025786,10201,1
18.119488,0.002016,4.729293,-4470.79512,2031215932,10202,1
18.121511,0.002023,4.728144,-4468.48694,2030722364,10203,2
18.125543,0.004032,4.727716,-4467.62715,2030538557,10205,1
18.127565,0.002022,4.728845,-4469.89515,2031023333,10206,1
18.129581,0.002016,4.728603,-4469.40901,2030919599,10207,1
18.131604,0.002023,4.728946,-4470.09805,2031066796,10208,2
18.135642,0.004038,4.729341,-4470.89154,2031236265,10210,1
18.137658,0.002016,4.728296,-4468.79229,2030787770,10211,1
18.139674,0.002016,4.727922,-4468.04098,2030627238,10212,1
18.141696,0.002022,4.728962,-4470.13019,2031073685,10213,2
18.145735,0.004039,4.728635,-4469.47329,2030933219,10215,1
18.147751,0.002016,4.728622,-4469.44718,2030927685,10216,1
18.149773,0.002022,4.728915,-4470.03577,2031053623,10217,1
18.151789,0.002016,4.727801,-4467.79791,2030575125,10218,1
18.153805,0.002016,4.727117,-4466.42385,2030281173,10219,2
18.157844,0.004039,4.728059,-4468.31619,2030685999,10221,1
18.159866,0.002022,4.728164,-4468.52712,2030730863,10222,1
18.161882,0.002016,4.728105,-4468.4086,2030705496,10223,1
18.163904,0.002022,4.728657,-4469.51749,2030942684,10224,2
18.167936,0.004032,4.728086,-4468.37043,2030697394,10226,1
18.169959,0.002023,4.727431,-4467.05463,2030416052,10227,1
18.171975,0.002016,4.728169,-4468.53717,2030733334,10228,1
18.173997,0.002022,4.728528,-4469.25834,2030887430,10229,2
18.178036,0.004039,4.728416,-4469.03335,2030839106,10231,1
18.180052,0.002016,4.729242,-4470.69267,2031193957,10232,1
18.182068,0.002016,4.728641,-4469.48535,2030935752,10233,1
18.18409,0.002022,4.727592,-4467.37806,2030485554,10234,2
18.188128,0.004038,4.728259,-4468.71796,2030771648,10236,1
18.190144,0.002016,4.728722,-4469.64806,2030970696,10237,1
18.192167,0.002023,4.72821,-4468.61953,2030750584,10238,1
18.194183,0.002016,4.728644,-4469.49137,2030937139,10239,1
18.196199,0.002016,4.727856,-4467.90839,2030598736,10240,2
18.200237,0.004038,4.726902,-4465.99194,2030188645,10242,1
18.20226,0.002023,4.727543,-4467.27962,2030464399,10243,1
18.204276,0.002016,4.728416,-4469.03335,2030838874,10244,1
18.206298,0.002022,4.728032,-4468.26195,2030674418,10245,2
18.21033,0.004032,4.728903,-4470.01167,2031048271,10247,1
18.212352,0.002022,4.728766,-4469.73645,2030989462,10248,1
18.214368,0.002016,4.727684,-4467.56287,2030524708,10249,1
18.216391,0.002023,4.727841,-4467.87826,2030592290,10250,2
18.220429,0.004038,4.728758,-4469.72038,2030986273,10252,1
18.222445,0.002016,4.728112,-4468.42266,2030708579,10253,1
18.224468,0.002023,4.728651,-4469.50543,2030940157,10254,1
18.226484,0.002016,4.728163,-4468.52511,2030730518,10255,2
18.230522,0.004038,4.727142,-4466.47407,2030292098,10257,1
18.232538,0.002016,4.72734,-4466.87182,2030377160,10258,1
18.23456,0.002022,4.728309,-4468.81841,2030793222,10259,1
18.236576,0.002016,4.727973,-4468.14343,2030649215,10260,1
18.238592,0.002016,4.729057,-4470.32103,2031114753,10261,2
18.242631,0.004039,4.729071,-4470.34915,2031120459,10263,1
18.244653,0.002022,4.727827,-4467.85014,2030586429,10264,1
18.246669,0.002016,4.727687,-4467.5689,2030526315,10265,1
18.248685,0.002016,4.728567,-4469.33669,2030903931,10266,2
18.252724,0.004039,4.727887,-4467.97067,2030612003,10268,1
18.254746,0.002022,4.728515,-4469.23223,2030881803,10269,1
18.256762,0.002016,4.728266,-4468.73202,2030774912,10270,1
18.258778,0.002016,4.72701,-4466.2089,2030235219,10271,2
18.262816,0.004038,4.727156,-4466.50219,2030298140,10273,1
18.264839,0.002023,4.728612,-4469.42709,2030923435,10274,1
18.266855,0.002016,4.728035,-4468.26798,2030675880,10275,1
18.268877,0.002022,4.728788,-4469.78065,2030998992,10276,2
18.272909,0.004032,4.729,-4470.20652,2031090157,10278,1
18.274932,0.002023,4.727609,-4467.41221,2030492600,10279,1
18.276948,0.002016,4.727029,-4466.24707,2030243571,10280,1
18.27897,0.002022,4.727993,-4468.18361,2030657483,10281,1
18.280986,0.002016,4.727588,-4467.37002,2030483644,10282,2
18.285024,0.004038,4.727879,-4467.9546,2030608484,10284,1
18.28704,0.002016,4.728099,-4468.39655,2030702969,10285,1
18.289063,0.002023,4.7268,-4465.78704,2030145280,10286,1
18.291079,0.002016,4.726279,-4464.74043,2029921445,10287,2
18.295117,0.004038,4.72759,-4467.37404,2030484334,10289,1
18.29714,0.002023,4.727607,-4467.40819,2030491726,10290,1
18.299156,0.002016,4.727885,-4467.96665,2030611296,10291,1
18.301172,0.002016,4.728463,-4469.12777,2030859222,10292,2
18.30521,0.004038,4.727356,-4466.90397,2030384133,10294,1
18.307232,0.002022,4.727026,-4466.24104,2030241863,10295,1
18.309248,0.002016,4.728004,-4468.2057,2030662053,10296,1
18.311264,0.002016,4.727779,-4467.75371,2030565740,10297,2
18.315303,0.004039,4.727782,-4467.75974,2030566902,10299,1
18.317325,0.002022,4.728484,-4469.16996,2030868540,10300,1
18.319341,0.002016,4.7273,-4466.79147,2030359821,10301,1
18.321364,0.002023,4.726508,-4465.20046,2030019885,10302,1
18.323379,0.002015,4.727166,-4466.52228,2030302304,10303,2
18.327418,0.004039,4.727285,-4466.76134,2030353410,10305,1
18.329434,0.002016,4.727386,-4466.96423,2030396845,10306,1
18.331456,0.002022,4.728099,-4468.39655,2030702960,10307,1
18.333472,0.002016,4.727016,-4466.22095,2030237801,10308,2
18.337511,0.004039,4.725976,-4464.13174,2029791298,10310,1
18.339527,0.002016,4.726801,-4465.78905,2030145794,10311,1
18.341549,0.002022,4.727358,-4466.90798,2030384917,10312,1
18.343565,0.002016,4.727311,-4466.81357,2030364659,10313,2
18.347604,0.004039,4.728224,-4468.64765,2030756562,10315,1
18.34962,0.002016,4.727417,-4467.02651,2030410085,10316,1
18.351642,0.002022,4.726509,-4465.20246,2030020071,10317,1
18.353658,0.002016,4.727071,-4466.33144,2030261664,10318,2
18.357696,0.004038,4.72751,-4467.21333,2030450126,10320,1
18.359712,0.002016,4.727002,-4466.19283,2030231670,10321,1
18.361735,0.002023,4.727699,-4467.593,2030531487,10322,1
18.363751,0.002016,4.72701,-4466.2089,2030235462,10323,1
18.365773,0.002022,4.725934,-4464.04737,2029772992,10324,2
18.369812,0.004039,4.72639,-4464.96341,2029968954,10326,1
18.371828,0.002016,4.727367,-4466.92606,2030388684,10327,1
18.373844,0.002016,4.72704,-4466.26917,2030248143,10328,1
18.375866,0.002022,4.72802,-4468.23785,2030669218,10329,2
18.379904,0.004038,4.727512,-4467.21735,2030451136,10331,1
18.38192,0.002016,4.726395,-4464.97345,2029970970,10332,1
18.383936,0.002016,4.726621,-4465.42746,2030068413,10333,1
18.385959,0.002023,4.727562,-4467.31779,2030472298,10334,2
18.389997,0.004038,4.726829,-4465.8453,2030157666,10336,1
18.392013,0.002016,4.727462,-4467.1169,2030429349,10337,1
18.394036,0.002023,4.727231,-4466.65286,2030330373,10338,1
18.396052,0.002016,4.726046,-4464.27236,2029821025,10339,2
18.40009,0.004038,4.726088,-4464.35674,2029839286,10341,1
18.402106,0.002016,4.727175,-4466.54036,2030306101,10342,1
18.404128,0.002022,4.726786,-4465.75892,2030139129,10343,1
18.406144,0.002016,4.727679,-4467.55283,2030522871,10344,2
18.410183,0.004039,4.727519,-4467.23141,2030454007,10346,1
18.412199,0.002016,4.726308,-4464.79868,2029933892,10347,1
18.414221,0.002022,4.726164,-4464.50941,2029872012,10348,1
18.416237,0.002016,4.727181,-4466.55242,2030308833,10349,1
18.41826,0.002023,4.726689,-4465.56406,2030097624,10350,2
18.422298,0.004038,4.727281,-4466.7533,2030351675,10352,1
18.424314,0.002016,4.727241,-4466.67295,2030334643,10353,1
18.426336,0.002022,4.726047,-4464.27437,2029821649,10354,1
18.428352,0.002016,4.725749,-4463.67573,2029693661,10355,2
18.432391,0.004039,4.726784,-4465.7549,2030138248,10357,1
18.434407,0.002016,4.726327,-4464.83685,2029941963,10358,1
18.436429,0.002022,4.726964,-4466.11649,2030215570,10359,1
18.438445,0.002016,4.727137,-4466.46403,2030289981,10360,2
18.442483,0.004038,4.725932,-4464.04335,2029772211,10362,1
18.4445,0.002017,4.725575,-4463.32619,2029618800,10363,1
18.446522,0.002022,4.726796,-4465.77901,2030143357,10364,1
18.448538,0.002016,4.726467,-4465.11809,2030002182,10365,2
18.452576,0.004038,4.726804,-4465.79508,2030146749,10367,1
18.454592,0.002016,4.727228,-4466.64683,2030328787,10368,1
18.456615,0.002023,4.725951,-4464.08152,2029780596,10369,1
18.458631,0.002016,4.725482,-4463.13937,2029579091,10370,1
18.460653,0.002022,4.726631,-4465.44754,2030072674,10371,2
18.464692,0.004039,4.726513,-4465.2105,2030021807,10373,1
18.466707,0.002015,4.726834,-4465.85534,2030159711,10374,1
18.468724,0.002017,4.727278,-4466.74727,2030350515,10375,1
18.470746,0.002022,4.726143,-4464.46722,2029862922,10376,2
18.474784,0.004038,4.725509,-4463.19361,2029590678,10378,1
18.4768,0.002016,4.726483,-4465.15023,2030009238,10379,1
18.478823,0.002023,4.726558,-4465.3009,2030041284,10380,1
18.480839,0.002016,4.726665,-4465.51585,2030086948,10381,2
18.484877,0.004038,4.727046,-4466.28122,2030250697,10383,1
18.486893,0.002016,4.726069,-4464.31857,2029831101,10384,1
18.488916,0.002023,4.725388,-4462.95054,2029538462,10385,1
18.490932,0.002016,4.726274,-4464.73038,2029919172,10386,2
18.49497,0.004038,4.726454,-4465.09198,2029996436,10388,1
18.496986,0.002016,4.726412,-4465.00761,2029978644,10389,1
18.499008,0.002022,4.726853,-4465.89351,2030167768,10390,1
18.501024,0.002016,4.72599,-4464.15987,2029797412,10391,1
18.503047,0.002023,4.725183,-4462.53872,2029450529,10392,2
18.507085,0.004038,4.725857,-4463.89269,2029740187,10394,1
18.509101,0.002016,4.726318,-4464.81877,2029938231,10395,1
18.511117,0.002016,4.726339,-4464.86096,2029947154,10396,1
18.51314,0.002023,4.726867,-4465.92163,2030173741,10397,2
18.517178,0.004038,4.726078,-4464.33665,2029835153,10399,1
18.519194,0.002016,4.725156,-4462.48448,2029439116,10400,1
18.52121,0.002016,4.725705,-4463.58734,2029674631,10401,1
18.523232,0.002022,4.726518,-4465.22054,2030024121,10402,2
18.527271,0.004039,4.726517,-4465.21854,2030023498,10404,1
18.529287,0.002016,4.727162,-4466.51425,2030300532,10405,1
18.531303,0.002016,4.72668,-4465.54598,2030093648,10406,1
18.533325,0.002022,4.725657,-4463.49092,2029654400,10407,2
18.537364,0.004039,4.725971,-4464.1217,2029788995,10409,1
18.539379,0.002015,4.726661,-4465.50781,2030085476,10410,1
18.541402,0.002023,4.726256,-4464.69422,2029911440,10411,1
18.543418,0.002016,4.726701,-4465.58816,2030102528,10412,1
18.545434,0.002016,4.726257,-4464.69623,2029912126,10413,2
18.549472,0.004038,4.725077,-4462.32578,2029405221,10415,1
18.551495,0.002023,4.725224,-4462.62108,2029468044,10416,1
18.553511,0.002016,4.726378,-4464.9393,2029964219,10417,1
18.555527,0.002016,4.726004,-4464.18799,2029803061,10418,2
18.559565,0.004038,4.726466,-4465.11608,2030001797,10420,1
18.561588,0.002023,4.726295,-4464.77257,2029928025,10421,1
18.563604,0.002016,4.725148,-4462.46841,2029435737,10422,1
18.565626,0.002022,4.725114,-4462.40011,2029420878,10423,2
18.569658,0.004032,4.726301,-4464.78462,2029930937,10425,1
18.57168,0.002022,4.725802,-4463.7822,2029716474,10426,1
18.573696,0.002016,4.726339,-4464.86096,2029947253,10427,1
18.575719,0.002023,4.726446,-4465.07591,2029993160,10428,2
18.579751,0.004032,4.725307,-4462.78782,2029504037,10430,1
18.581773,0.002022,4.725112,-4462.39609,2029420160,10431,1
18.583789,0.002016,4.726138,-4464.45718,2029860709,10432,1
18.585812,0.002023,4.725782,-4463.74203,2029707863,10433,1
18.587828,0.002016,4.726232,-4464.64601,2029901078,10434,2
18.591866,0.004038,4.726317,-4464.81676,2029937782,10436,1
18.593882,0.002016,4.725132,-4462.43627,2029428507,10437,1
18.595904,0.002022,4.724906,-4461.98227,2029331718,10438,1
18.59792,0.002016,4.726195,-4464.57168,2029885458,10439,2
18.601959,0.004039,4.726022,-4464.22415,2029810776,10441,1
18.603975,0.002016,4.72666,-4465.5058,2030084810,10442,1
18.605997,0.002022,4.726926,-4466.04016,2030199473,10443,1
18.608013,0.002016,4.725964,-4464.10764,2029785866,10444,2
18.612052,0.004039,4.725608,-4463.39249,2029633379,10446,1
18.614068,0.002016,4.72669,-4465.56607,2030098038,10447,1
18.61609,0.002022,4.726395,-4464.97345,2029970952,10448,1
18.618106,0.002016,4.726622,-4465.42947,2030068590,10449,2
18.622144,0.004038,4.726847,-4465.88146,2030165176,10451,1
18.62416,0.002016,4.725699,-4463.57529,2029672121,10452,1
18.626183,0.002023,4.72517,-4462.51261,2029445108,10453,1
18.628199,0.002016,4.726228,-4464.63798,2029899222,10454,2
18.632237,0.004038,4.72634,-4464.86297,2029947728,10456,1
18.63426,0.002023,4.726756,-4465.69865,2030126286,10457,1
18.636276,0.002016,4.727185,-4466.56045,2030310716,10458,1
18.638292,0.002016,4.726141,-4464.46321,2029862128,10459,1
18.640314,0.002022,4.725543,-4463.26191,2029605219,10460,2
18.644352,0.004038,4.726312,-4464.80672,2029935597,10462,1
18.646368,0.002016,4.726469,-4465.12211,2030002920,10463,1
18.648384,0.002016,4.72655,-4465.28483,2030037725,10464,1
18.650407,0.002023,4.727019,-4466.22698,2030239170,10465,2
18.654445,0.004038,4.726077,-4464.33464,2029834426,10467,1
18.656461,0.002016,4.725311,-4462.79586,2029505702,10468,1
18.658484,0.002023,4.726116,-4464.41298,2029851265,10469,1
18.660499,0.002015,4.726568,-4465.32099,2030045481,10470,2
18.664535,0.004036,4.726569,-4465.323,2030045831,10472,1
18.666557,0.002022,4.726989,-4466.16672,2030226170,10473,1
18.668573,0.002016,4.726227,-4464.63597,2029899018,10474,1
18.670589,0.002016,4.725376,-4462.92643,2029533302,10475,2
18.674628,0.004039,4.726083,-4464.34669,2029837254,10477,1
18.67665,0.002022,4.726781,-4465.74887,2030136858,10478,1
18.678666,0.002016,4.726715,-4465.61629,2030108660,10479,1
18.680688,0.002022,4.727216,-4466.62273,2030323932,10480,1
18.682704,0.002016,4.726657,-4465.49978,2030083585,10481,2
18.686743,0.004039,4.72575,-4463.67774,2029693935,10483,1
18.688759,0.002016,4.726251,-4464.68418,2029909063,10484,1
18.690775,0.002016,4.727035,-4466.25912,2030246043,10485,1
18.692797,0.002022,4.72699,-4466.16872,2030226515,10486,2
18.696836,0.004039,4.727585,-4467.36399,2030482261,10488,1
18.698852,0.002016,4.727,-4466.18881,2030231004,10489,1
18.700868,0.002016,4.726018,-4464.21612,2029809570,10490,1
18.70289,0.002022,4.726327,-4464.83685,2029942093,10491,2
18.706928,0.004038,4.727304,-4466.7995,2030361392,10493,1
18.708944,0.002016,4.726981,-4466.15064,2030222977,10494,1
18.71096,0.002016,4.727439,-4467.0707,2030419393,10495,1
18.712983,0.002023,4.727085,-4466.35957,2030267690,10496,2
18.717021,0.004038,4.725995,-4464.16991,2029799303,10498,1
18.719037,0.002016,4.726158,-4464.49736,2029869429,10499,1
18.72106,0.002023,4.7273,-4466.79147,2030359930,10500,1
18.723076,0.002016,4.726871,-4465.92967,2030175644,10501,1
18.725092,0.002016,4.727561,-4467.31578,2030471877,10502,2
18.72913,0.004038,4.727377,-4466.94615,2030393223,10504,1
18.731152,0.002022,4.726119,-4464.41901,2029852613,10505,1
18.733168,0.002016,4.726041,-4464.26232,2029818987,10506,1
18.735184,0.002016,4.727246,-4466.68299,2030336778,10507,2
18.739223,0.004039,4.726907,-4466.00199,2030191245,10509,1
18.741245,0.002022,4.727416,-4467.0245,2030409501,10510,1
18.743261,0.002016,4.727369,-4466.93008,2030389424,10511,1
18.745277,0.002016,4.726192,-4464.56566,2029883898,10512,2
18.749316,0.004039,4.726001,-4464.18197,2029802005,10514,1
18.751338,0.002022,4.72722,-4466.63076,2030325687,10515,1
18.753354,0.002016,4.72692,-4466.0281,2030196538,10516,1
18.75537,0.002016,4.72743,-4467.05262,2030415931,10517,2
18.759408,0.004038,4.727471,-4467.13498,2030433541,10519,1
18.761431,0.002023,4.726435,-4465.05381,2029988186,10520,1
18.763447,0.002016,4.726323,-4464.82882,2029940198,10521,1
18.765463,0.002016,4.727326,-4466.8437,2030371149,10522,1
18.767485,0.002022,4.726898,-4465.98391,2030187141,10523,2
18.771524,0.004039,4.727536,-4467.26556,2030461300,10525,1
18.77354,0.002016,4.727944,-4468.08517,2030636664,10526,1
18.775556,0.002016,4.726767,-4465.72075,2030131105,10527,1
18.777578,0.002022,4.726322,-4464.82681,2029939735,10528,2
18.781616,0.004038,4.727424,-4467.04057,2030413066,10530,1
18.783632,0.002016,4.727184,-4466.55844,2030310331,10531,1
18.785648,0.002016,4.727528,-4467.24949,2030457627,10532,1
18.787671,0.002023,4.728212,-4468.62355,2030751448,10533,2
18.791709,0.004038,4.727126,-4466.44193,2030285277,10535,1
18.793725,0.002016,4.726598,-4465.38125,2030058525,10536,1
18.795741,0.002016,4.727659,-4467.51265,2030514148,10537,1
18.797764,0.002023,4.727646,-4467.48653,2030508584,10538,2
18.801802,0.004038,4.727635,-4467.46444,2030503835,10540,1
18.803818,0.002016,4.72807,-4468.33829,2030690762,10541,1
18.805834,0.002016,4.726967,-4466.12252,2030216910,10542,1
18.807856,0.002022,4.726114,-4464.40897,2029850326,10543,1
18.809872,0.002016,4.726973,-4466.13457,2030219351,10544,2
18.813911,0.004039,4.727213,-4466.6167,2030322685,10546,1
18.815927,0.002016,4.727321,-4466.83366,2030368972,10547,1
18.817949,0.002022,4.728024,-4468.24588,2030670594,10548,1
18.819965,0.002016,4.72714,-4466.47005,2030290902,10549,2
18.824004,0.004039,4.72647,-4465.12412,2030003230,10551,1
18.82602,0.002016,4.727188,-4466.56648,2030311597,10552,1
18.828042,0.002022,4.727757,-4467.70952,2030556403,10553,1
18.830058,0.002016,4.727655,-4467.50461,2030512540,10554,2
18.834096,0.004038,4.728743,-4469.69025,2030979451,10556,1
18.836112,0.002016,4.728282,-4468.76417,2030781771,10557,1
18.838135,0.002023,4.727298,-4466.78745,2030359205,10558,1
18.840151,0.002016,4.727852,-4467.90036,2030597037,10559,2
18.844189,0.004038,4.728316,-4468.83247,2030796192,10561,1
18.846212,0.002023,4.727948,-4468.09321,2030638074,10562,1
18.848228,0.002016,4.728829,-4469.86301,2031016591,10563,1
18.850244,0.002016,4.728022,-4468.24186,2030669962,10564,2
18.854282,0.004038,4.726823,-4465.83325,2030154817,10566,1
18.856304,0.002022,4.727187,-4466.56447,2030311471,10567,1
18.85832,0.002016,4.727959,-4468.11531,2030642736,10568,1
18.860343,0.002023,4.727529,-4467.2515,2030458010,10569,1
18.862359,0.002016,4.728364,-4468.92889,2030817099,10570,2
18.866397,0.004038,4.727923,-4468.04299,2030627712,10572,1
18.868413,0.002016,4.726784,-4465.7549,2030138108,10573,1
18.870435,0.002022,4.727053,-4466.29528,2030253883,10574,1
18.872455,0.00202,4.728117,-4468.4327,2030710980,10575,2
18.876487,0.004032,4.727722,-4467.63921,2030540899,10577,1
18.878509,0.002022,4.728574,-4469.35075,2030906828,10578,1
18.880525,0.002016,4.72831,-4468.82041,2030793437,10579,1
18.882548,0.002023,4.727137,-4466.46403,2030289731,10580,2
18.886586,0.004038,4.727463,-4467.11891,2030429680,10582,1
18.888602,0.002016,4.728783,-4469.7706,2030996690,10583,1
18.890618,0.002016,4.728236,-4468.67176,2030761831,10584,1
18.89264,0.002022,4.72904,-4470.28688,2031107275,10585,2
18.896679,0.004039,4.728905,-4470.01568,2031049291,10587,1
18.898695,0.002016,4.727876,-4467.94857,2030607386,10588,1
18.900717,0.002022,4.727933,-4468.06308,2030631832,10589,1
18.902733,0.002016,4.728954,-4470.11412,2031070490,10590,1
18.904749,0.002016,4.728242,-4468.68381,2030764586,10591,2
18.908787,0.004038,4.728978,-4470.16233,2031080702,10593,1
18.91081,0.002023,4.729128,-4470.46366,2031145059,10594,1
18.912826,0.002016,4.727821,-4467.83808,2030583525,10595,1
18.914848,0.002022,4.727356,-4466.90397,2030383699,10596,2
18.91888,0.004032,4.728619,-4469.44115,2030926493,10598,1
18.920903,0.002023,4.728396,-4468.99318,2030830567,10599,1
18.922919,0.002016,4.728944,-4470.09403,2031066159,10600,1
18.924941,0.002022,4.72916,-4470.52794,2031158857,10601,2
18.92898,0.004039,4.72806,-4468.3182,2030686364,10603,1
18.930996,0.002016,4.727595,-4467.38408,2030486827,10604,1
18.933012,0.002016,4.728632,-4469.46727,2030932243,10605,1
18.935034,0.002022,4.728355,-4468.91081,2030813235,10606,2
18.939072,0.004038,4.728625,-4469.4532,2030928979,10608,1
18.941088,0.002016,4.729016,-4470.23867,2031097029,10609,1
18.943104,0.002016,4.727961,-4468.11932,2030643657,10610,1
18.945127,0.002023,4.727487,-4467.16713,2030440088,10611,1
18.947143,0.002016,4.728801,-4469.80676,2031004637,10612,2
18.951181,0.004038,4.728723,-4469.65007,2030970951,10614,1
18.953204,0.002023,4.728747,-4469.69828,2030981198,10615,1
18.955219,0.002015,4.72915,-4470.50785,2031154553,10616,1
18.957242,0.002023,4.728226,-4468.65167,2030757754,10617,2
18.961274,0.004032,4.727756,-4467.70751,2030555693,10619,1
18.963296,0.002022,4.72887,-4469.94537,2031034378,10620,1
18.965312,0.002016,4.728881,-4469.96747,2031039024,10621,1
18.967335,0.002023,4.728926,-4470.05787,2031057989,10622,2
18.971373,0.004038,4.729634,-4471.48014,2031362266,10624,1
18.973389,0.002016,4.728756,-4469.71636,2030985483,10625,1
18.975405,0.002016,4.727819,-4467.83407,2030583011,10626,1
18.977428,0.002023,4.728416,-4469.03335,2030838876,10627,2
18.981466,0.004038,4.728546,-4469.2945,2030894863,10629,1
18.983482,0.002016,4.728511,-4469.22419,2030880173,10630,1
18.985504,0.002022,4.729213,-4470.63441,2031181570,10631,1
18.98752,0.002016,4.728474,-4469.14987,2030864256,10632,1
18.989536,0.002016,4.727679,-4467.55283,2030522527,10633,2
18.993575,0.004039,4.728456,-4469.11371,2030856448,10635,1
18.995597,0.002022,4.728918,-4470.0418,2031054569,10636,1
18.997613,0.002016,4.728609,-4469.42106,2030922255,10637,1
18.999635,0.002022,4.729305,-4470.81923,2031220897,10638,2
19.003668,0.004033,4.728803,-4469.81078,2031005586,10640,1
19.00569,0.002022,4.7279,-4467.99678,2030617567,10641,1
19.007706,0.002016,4.728453,-4469.10768,2030855042,10642,1
19.009728,0.002022,4.729091,-4470.38933,2031128954,10643,2
19.01376,0.004032,4.728485,-4469.17196,2030868926,10645,1
19.015783,0.002023,4.728939,-4470.08398,2031063642,10646,1
19.017799,0.002016,4.728504,-4469.21013,2030876872,10647,1
19.019821,0.002022,4.727568,-4467.32984,2030474957,10648,2
19.02386,0.004039,4.727879,-4467.9546,2030608479,10650,1
19.025875,0.002015,4.728738,-4469.6802,2030977442,10651,1
19.027895,0.00202,4.728371,-4468.94295,2030819788,10652,1
19.029911,0.002016,4.729192,-4470.59223,2031172339,10653,1
19.031933,0.002022,4.729131,-4470.46968,2031146430,10654,2
19.035972,0.004039,4.728229,-4468.6577,2030758907,10656,1
19.037987,0.002015,4.728584,-4469.37084,2030911278,10657,1
19.04001,0.002023,4.729624,-4471.46005,2031357936,10658,1
19.042026,0.002016,4.729164,-4470.53598,2031160586,10659,2
19.046064,0.004038,4.729939,-4472.09284,2031493304,10661,1
19.04808,0.002016,4.729909,-4472.03257,2031480294,10662,1
19.050103,0.002023,4.72867,-4469.5436,2030948398,10663,1
19.052603,0.0025,4.728622,-4469.44718,2030927415,10664,2
19.056154,0.003551,4.729611,-4471.43394,2031352462,10666,1
19.058176,0.002022,4.728848,-4469.90118,2031025087,10667,1
19.060192,0.002016,4.729047,-4470.30094,2031110355,10668,1
19.062215,0.002023,4.728991,-4470.18844,2031085933,10669,2
19.066253,0.004038,4.72776,-4467.71554,2030557461,10671,1
19.068269,0.002016,4.727655,-4467.50461,2030512393,10672,1
19.070285,0.002016,4.728973,-4470.15229,2031078519,10673,1
19.072308,0.002023,4.728445,-4469.09161,2030851403,10674,1
19.074324,0.002016,4.729248,-4470.70472,2031196336,10675,2
19.078362,0.004038,4.729641,-4471.4942,2031365391,10677,1
19.080384,0.002022,4.728672,-4469.54762,2030948960,10678,1
19.0824,0.002016,4.728462,-4469.12576,2030859060,10679,1
19.084416,0.002016,4.72969,-4471.59264,2031386308,10680,2
19.088455,0.004039,4.729393,-4470.99601,2031258873,10682,1
19.090477,0.002022,4.729781,-4471.77544,2031425445,10683,1
19.092493,0.002016,4.730078,-4472.37207,2031552887,10684,1
19.094509,0.002016,4.728826,-4469.85698,2031015114,10685,2
19.098548,0.004039,4.728202,-4468.60346,2030747334,10687,1
19.10057,0.002022,4.72924,-4470.68865,2031193107,10688,1
19.102586,0.002016,4.728846,-4469.89716,2031023710,10689,1
19.104608,0.002022,4.728898,-4470.00162,2031046232,10690,2
19.10864,0.004032,4.729239,-4470.68664,2031192404,10692,1
19.110663,0.002023,4.728249,-4468.69787,2030767383,10693,1
19.112679,0.002016,4.727938,-4468.07312,2030633955,10694,1
19.114701,0.002022,4.729126,-4470.45964,2031144335,10695,2
19.11874,0.004039,4.729116,-4470.43955,2031139567,10697,1
19.120756,0.002016,4.72929,-4470.78909,2031214291,10698,1
19.122772,0.002016,4.729948,-4472.11092,2031497143,10699,1
19.124794,0.002022,4.729125,-4470.45763,2031143506,10700,1
19.12681,0.002016,4.728514,-4469.23022,2030881259,10701,2
19.130848,0.004038,4.729478,-4471.16676,2031295365,10703,1
19.132864,0.002016,4.729504,-4471.21899,2031306414,10704,1
19.134887,0.002023,4.729451,-4471.11252,2031283521,10705,1
19.136903,0.002016,4.729993,-4472.20132,2031516725,10706,2
19.140941,0.004038,4.72913,-4470.46768,2031145744,10708,1
19.142964,0.002023,4.728198,-4468.59542,2030745586,10709,1
19.14498,0.002016,4.728967,-4470.14023,2031075725,10710,1
19.146996,0.002016,4.729355,-4470.91967,2031242556,10711,2
19.151034,0.004038,4.729302,-4470.8132,2031219837,10713,1
19.153056,0.002022,4.729936,-4472.08681,2031491801,10714,1
19.155072,0.002016,4.729422,-4471.05426,2031271027,10715,1
19.157088,0.002016,4.728609,-4469.42106,2030922209,10716,2
19.161127,0.004039,4.729301,-4470.81119,2031219010,10718,1
19.163149,0.002022,4.72998,-4472.1752,2031510809,10719,1
19.165165,0.002016,4.729685,-4471.58259,2031384253,10720,1
19.167187,0.002022,4.730368,-4472.95464,2031677716,10721,1
19.169204,0.002017,4.72984,-4471.89396,2031450799,10722,2
19.173242,0.004038,4.728818,-4469.84091,2031011864,10724,1
19.175258,0.002016,4.72921,-4470.62838,2031180103,10725,1
19.17728,0.002022,4.729922,-4472.05869,2031486082,10726,1
19.179296,0.002016,4.72932,-4470.84936,2031227574,10727,2
19.183335,0.004039,4.729766,-4471.74531,2031418973,10729,1
19.185351,0.002016,4.729363,-4470.93574,2031245770,10730,1
19.187373,0.002022,4.728202,-4468.60346,2030747166,10731,1
19.189389,0.002016,4.728395,-4468.99117,2030830008,10732,2
19.193428,0.004039,4.729378,-4470.96587,2031252352,10734,1
19.195444,0.002016,4.729047,-4470.30094,2031110433,10735,1
19.197466,0.002022,4.729896,-4472.00646,2031475004,10736,1
19.199482,0.002016,4.729921,-4472.05668,2031485727,10737,2
19.20352,0.004038,4.72891,-4470.02573,2031051696,10739,1
19.205543,0.002023,4.729135,-4470.47772,2031147805,10740,1
19.207559,0.002016,4.730296,-4472.81,2031646754,10741,1
19.209575,0.002016,4.729787,-4471.78749,2031427990,10742,1
19.211597,0.002022,4.730221,-4472.65934,2031614620,10743,2
19.215636,0.004039,4.730019,-4472.25355,2031527837,10745,1
19.217652,0.002016,4.728644,-4469.49137,2030937251,10746,1
19.219667,0.002015,4.728498,-4469.19808,2030874293,10747,1
19.221687,0.00202,4.72951,-4471.23104,2031309176,10748,2
19.225725,0.004038,4.728749,-4469.7023,2030982324,10750,1
19.227748,0.002023,4.729469,-4471.14868,2031291443,10751,1
19.229764,0.002016,4.72944,-4471.09042,2031278939,10752,1
19.23178,0.002016,4.728236,-4468.67176,2030761669,10753,2
19.235818,0.004038,4.728202,-4468.60346,2030747204,10755,1
19.23784,0.002022,4.729574,-4471.35961,2031336652,10756,1
19.239856,0.002016,4.729229,-4470.66655,2031188161,10757,1
19.241879,0.002023,4.729933,-4472.08079,2031490579,10758,2
19.245911,0.004032,4.730162,-4472.54082,2031589205,10760,1
19.247933,0.002022,4.728905,-4470.01568,2031049190,10761,1
19.249949,0.002016,4.728611,-4469.42508,2030922778,10762,1
19.251972,0.002023,4.729874,-4471.96226,2031465160,10763,1
19.253988,0.002016,4.7296,-4471.41184,2031347569,10764,2
19.258026,0.004038,4.730021,-4472.25757,2031528579,10766,1
19.260042,0.002016,4.73032,-4472.85821,2031657215,10767,1
19.262064,0.002022,4.728895,-4469.99559,2031045015,10768,1
19.26408,0.002016,4.728264,-4468.72801,2030773973,10769,2
19.268119,0.004039,4.729351,-4470.91163,2031240772,10771,1
19.270141,0.002022,4.729177,-4470.56209,2031166030,10772,1
19.272157,0.002016,4.729495,-4471.20091,2031302429,10773,1
19.274173,0.002016,4.730029,-4472.27364,2031531866,10774,2
19.278212,0.004039,4.72879,-4469.78466,2030999762,10776,1
19.280234,0.002022,4.728372,-4468.94496,2030820148,10777,1
19.28225,0.002016,4.729353,-4470.91565,2031241332,10778,1
19.284266,0.002016,4.729496,-4471.20292,2031302998,10779,2
19.288304,0.004038,4.72983,-4471.87388,2031446524,10781,1
19.290327,0.002023,4.730634,-4473.489,2031791606,10782,1
19.292343,0.002016,4.729493,-4471.19689,2031301589,10783,1
19.294365,0.002022,4.728836,-4469.87707,2031019335,10784,1
19.296381,0.002016,4.72969,-4471.59264,2031386464,10785,2
19.30042,0.004039,4.729812,-4471.83772,2031438567,10787,1
19.302436,0.002016,4.729728,-4471.66897,2031402593,10788,1
19.304458,0.002022,4.730505,-4473.22985,2031736148,10789,1
19.306474,0.002016,4.729278,-4470.76499,2031209283,10790,2
19.310512,0.004038,4.728152,-4468.50301,2030725787,10792,1
19.312528,0.002016,4.728774,-4469.75252,2030993030,10793,1
19.314551,0.002023,4.729193,-4470.59423,2031172771,10794,1
19.316567,0.002016,4.729131,-4470.46968,2031146155,10795,2
19.320605,0.004038,4.730103,-4472.42229,2031563493,10797,1
19.322621,0.002016,4.72938,-4470.96989,2031253204,10798,1
19.324644,0.002023,4.728651,-4469.50543,2030940219,10799,1
19.32666,0.002016,4.729304,-4470.81722,2031220739,10800,2
19.330698,0.004038,4.729883,-4471.98034,2031469446,10802,1
19.332714,0.002016,4.72965,-4471.51228,2031369038,10803,1
19.334736,0.002022,4.730585,-4473.39056,2031770684,10804,1
19.336752,0.002016,4.729912,-4472.0386,2031481730,10805,1
19.338775,0.002023,4.728649,-4469.50142,2030939259,10806,2
19.342813,0.004038,4.728862,-4469.9293,2031030629,10808,1
19.344829,0.002016,4.729609,-4471.42992,2031351338,10809,1
19.346845,0.002016,4.729076,-4470.3592,2031122647,10810,1
19.348868,0.002023,4.730006,-4472.22743,2031522256,10811,2
19.352906,0.004038,4.729448,-4471.10649,2031282724,10813,1
19.354922,0.002016,4.728279,-4468.75814,2030780109,10814,1
19.356938,0.002016,4.728589,-4469.38088,2030913514,10815,1
19.35896,0.002022,4.729532,-4471.27524,2031318403,10816,2
19.362999,0.004039,4.72913,-4470.46768,2031145942,10818,1
19.365015,0.002016,4.730159,-4472.53479,2031587799,10819,1
19.367031,0.002016,4.729848,-4471.91003,2031454420,10820,1
19.369053,0.002022,4.728735,-4469.67418,2030975982,10821,2
19.373091,0.004038,4.728892,-4469.98957,2031043889,10823,1
19.375108,0.002017,4.730061,-4472.33792,2031545731,10824,1
19.37713,0.002022,4.729529,-4471.26921,2031317426,10825,1
19.379146,0.002016,4.730454,-4473.1274,2031714472,10826,2
19.383184,0.004038,4.730289,-4472.79594,2031643716,10828,1
19.3852,0.002016,4.728988,-4470.18242,2031084624,10829,1
19.387223,0.002023,4.728938,-4470.08198,2031063436,10830,1
19.389239,0.002016,4.730049,-4472.31381,2031540711,10831,1
19.391255,0.002016,4.729598,-4471.40782,2031346680,10832,2
19.395293,0.004038,4.730401,-4473.02093,2031691840,10834,1
19.397316,0.002023,4.730446,-4473.11133,2031711032,10835,1
19.399332,0.002016,4.729106,-4470.41946,2031135469,10836,1
19.401354,0.002022,4.728879,-4469.96345,2031038325,10837,2
19.405386,0.004032,4.73019,-4472.59706,2031601042,10839,1
19.407408,0.002022,4.729795,-4471.80357,2031431578,10840,1
19.409424,0.002016,4.730426,-4473.07115,2031702405,10841,1
19.411447,0.002023,4.730536,-4473.29213,2031749850,10842,2
19.415479,0.004032,4.729236,-4470.68061,2031191427,10844,1
19.417501,0.002022,4.728792,-4469.78868,2031000684,10845,1
19.419517,0.002016,4.72999,-4472.19529,2031515026,10846,1
19.42154,0.002023,4.729638,-4471.48817,2031363859,10847,2
19.425578,0.004038,4.730053,-4472.32185,2031542178,10849,1
19.427594,0.002016,4.73041,-4473.03901,2031695347,10850,1
19.42961,0.002016,4.729187,-4470.58218,2031170414,10851,1
19.431632,0.002022,4.728637,-4469.47731,2030934319,10852,1
19.433648,0.002016,4.729633,-4471.47813,2031362026,10853,2
19.437687,0.004039,4.729365,-4470.93976,2031246732,10855,1
19.439703,0.002016,4.729646,-4471.50425,2031367386,10856,1
19.441725,0.002022,4.730264,-4472.74572,2031632848,10857,1
19.443741,0.002016,4.729008,-4470.2226,2031093579,10858,2
19.44778,0.004039,4.728394,-4468.98916,2030829760,10860,1
19.449802,0.002022,4.729448,-4471.10649,2031282561,10861,1
19.451818,0.002016,4.7296,-4471.41184,2031347513,10862,1
19.453834,0.002016,4.729836,-4471.88593,2031449118,10863,2
19.457872,0.004038,4.730679,-4473.57939,2031811249,10865,1
19.459895,0.002023,4.729483,-4471.1768,2031297436,10866,1
19.461911,0.002016,4.728742,-4469.68824,2030979090,10867,1
19.463927,0.002016,4.729518,-4471.24711,2031312618,10868,2
19.467965,0.004038,4.729733,-4471.67902,2031404825,10870,1
19.469988,0.002023,4.729632,-4471.47612,2031361549,10871,1
19.472004,0.002016,4.730302,-4472.82206,2031649213,10872,1
19.474026,0.002022,4.729006,-4470.21858,2031092710,10873,1
19.476042,0.002016,4.727984,-4468.16553,2030653708,10874,2
19.48008,0.004038,4.728755,-4469.71435,2030984612,10876,1
19.482096,0.002016,4.729229,-4470.66655,2031188457,10877,1
19.484119,0.002023,4.729027,-4470.26076,2031101550,10878,1
19.486135,0.002016,4.730118,-4472.45243,2031570082,10879,2
19.490173,0.004038,4.729517,-4471.2451,2031311895,10881,1
19.492189,0.002016,4.728622,-4469.44718,2030927313,10882,1
19.494212,0.002023,4.729166,-4470.53999,2031161104,10883,1
19.496228,0.002016,4.729987,-4472.18927,2031513804,10884,2
19.500266,0.004038,4.729593,-4471.39778,2031344680,10886,1
19.502282,0.002016,4.730485,-4473.18968,2031727947,10887,1
19.504304,0.002022,4.72994,-4472.09485,2031493924,10888,1
19.50632,0.002016,4.72881,-4469.82484,2031008462,10889,2
19.510359,0.004039,4.729053,-4470.31299,2031112657,10891,1
19.512381,0.002022,4.729885,-4471.98436,2031470168,10892,1
19.514397,0.002016,4.72928,-4470.769,2031210270,10893,1
19.516413,0.002016,4.730031,-4472.27766,2031532925,10894,1
19.518436,0.002023,4.729488,-4471.18685,2031299847,10895,2
19.522474,0.004038,4.728292,-4468.78425,2030786053,10897,1
19.52449,0.002016,4.728337,-4468.87465,2030805395,10898,1
19.526506,0.002016,4.72934,-4470.88954,2031235878,10899,1
19.528528,0.002022,4.728941,-4470.088,2031064444,10900,2
19.532567,0.004039,4.729895,-4472.00445,2031474532,10902,1
19.534583,0.002016,4.729597,-4471.40581,2031346313,10903,1
19.536599,0.002016,4.728466,-4469.1338,2030860690,10904,1
19.538621,0.002022,4.728428,-4469.05746,2030844388,10905,2
19.54266,0.004039,4.729539,-4471.2893,2031321506,10907,1
19.544676,0.002016,4.729042,-4470.2909,2031107940,10908,1
19.546698,0.002022,4.729485,-4471.18082,2031298492,10909,1
19.548714,0.002016,4.729383,-4470.97592,2031254577,10910,2
19.552752,0.004038,4.728085,-4468.36842,2030696797,10912,1
19.554768,0.002016,4.72791,-4468.01687,2030621994,10913,1
19.556791,0.002023,4.728787,-4469.77864,2030998655,10914,1
19.558807,0.002016,4.728046,-4468.29008,2030680619,10915,1
19.560823,0.002016,4.728536,-4469.27442,2030890711,10916,2
19.564861,0.004038,4.728775,-4469.75453,2030993264,10918,1
19.566884,0.002023,4.727667,-4467.52872,2030517627,10919,1
19.568899,0.002015,4.727555,-4467.30373,2030469265,10920,1
19.570916,0.002017,4.729063,-4470.33308,2031116918,10921,2
19.574954,0.004038,4.728966,-4470.13822,2031075422,10923,1
19.576976,0.002022,4.729386,-4470.98194,2031255733,10924,1
19.578992,0.002016,4.729771,-4471.75535,2031421248,10925,1
19.581015,0.002023,4.728634,-4469.47128,2030932980,10926,2
19.585047,0.004032,4.728038,-4468.27401,2030677041,10928,1
19.587069,0.002022,4.729197,-4470.60227,2031174525,10929,1
19.589085,0.002016,4.728823,-4469.85096,2031013896,10930,1
19.591108,0.002023,4.728987,-4470.18041,2031084478,10931,2
19.595146,0.004038,4.7292,-4470.6083,2031176062,10933,1
19.597162,0.002016,4.727943,-4468.08316,2030636071,10934,1
19.599178,0.002016,4.727078,-4466.3455,2030264546,10935,1
19.6012,0.002022,4.727952,-4468.10124,2030640024,10936,2
19.605239,0.004039,4.727849,-4467.89433,2030595724,10938,1
19.607255,0.002016,4.727996,-4468.18963,2030658784,10939,1
19.609271,0.002016,4.728609,-4469.42106,2030922269,10940,1
19.611293,0.002022,4.727939,-4468.07513,2030634291,10941,1
19.613309,0.002016,4.727506,-4467.20529,2030448321,10942,2
19.617348,0.004039,4.728355,-4468.91081,2030813121,10944,1
19.619364,0.002016,4.728457,-4469.11572,2030856813,10945,1
19.621386,0.002022,4.728599,-4469.40097,2030917832,10946,1
19.623402,0.002016,4.729554,-4471.31943,2031328037,10947,2
19.62744,0.004038,4.72856,-4469.32263,2030901232,10949,1
19.629456,0.002016,4.727692,-4467.57894,2030528409,10950,1
19.631479,0.002023,4.728436,-4469.07353,2030847429,10951,1
19.633495,0.002016,4.728652,-4469.50744,2030940609,10952,2
19.637533,0.004038,4.728363,-4468.92688,2030816576,10954,1
19.639556,0.002023,4.728999,-4470.20452,2031089466,10955,1
19.641572,0.002016,4.728002,-4468.20169,2030661542,10956,1
19.643588,0.002016,4.726972,-4466.13256,2030219191,10957,2
19.647626,0.004038,4.727468,-4467.12896,2030431883,10959,1
19.649648,0.002022,4.72795,-4468.09723,2030638839,10960,1
19.651664,0.002016,4.727874,-4467.94455,2030606548,10961,1
19.65368,0.002016,4.729037,-4470.28085,2031105779,10962,1
19.655703,0.002023,4.728357,-4468.91483,2030814106,10963,2
19.659741,0.004038,4.727502,-4467.19726,2030446601,10965,1
19.661757,0.002016,4.728159,-4468.51708,2030729124,10966,1
19.66378,0.002023,4.728932,-4470.06992,2031061056,10967,1
19.665796,0.002016,4.728546,-4469.2945,2030895082,10968,2
19.669834,0.004038,4.729327,-4470.86342,2031230520,10970,1
19.67185,0.002016,4.728875,-4469.95542,2031036098,10971,1
19.673872,0.002022,4.727739,-4467.67336,2030548665,10972,1
19.675888,0.002016,4.727767,-4467.72961,2030560356,10973,2
19.679927,0.004039,4.72853,-4469.26236,2030888369,10975,1
19.681943,0.002016,4.727843,-4467.88228,2030593197,10976,1
19.683965,0.002022,4.728457,-4469.11572,2030857073,10977,1
19.685981,0.002016,4.727886,-4467.96866,2030611549,10978,2
19.69002,0.004039,4.726669,-4465.52388,2030089124,10980,1
19.692036,0.002016,4.726943,-4466.07431,2030206507,10981,1
19.694058,0.002022,4.728375,-4468.95099,2030821714,10982,1
19.696074,0.002016,4.728057,-4468.31217,2030684966,10983,1
19.698096,0.002022,4.728899,-4470.00363,2031046357,10984,2
19.702128,0.004032,4.728842,-4469.88913,2031022305,10986,1
19.704151,0.002023,4.727682,-4467.55885,2030523951,10987,1
19.706167,0.002016,4.727596,-4467.38609,2030486921,10988,1
19.708189,0.002022,4.728764,-4469.73243,2030988695,10989,2
19.712228,0.004039,4.727982,-4468.16151,2030652838,10991,1
19.714244,0.002016,4.728598,-4469.39896,2030917311,10992,1
19.71626,0.002016,4.728576,-4469.35477,2030907797,10993,1
19.718282,0.002022,4.727173,-4466.53634,2030305362,10994,2
19.72232,0.004038,4.726763,-4465.71271,2030129170,10996,1
19.724336,0.002016,4.727666,-4467.52671,2030517174,10997,1
19.726359,0.002023,4.727042,-4466.27318,2030249123,10998,1
19.728375,0.002016,4.727558,-4467.30975,2030470504,10999,2
19.732413,0.004038,4.727821,-4467.83808,2030583827,11001,1
19.734429,0.002016,4.726649,-4465.4837,2030080179,11002,1
19.736452,0.002023,4.726573,-4465.33103,2030047835,11003,1
19.738468,0.002016,4.728047,-4468.29208,2030680682,11004,1
19.74049,0.002022,4.72786,-4467.91643,2030600607,11005,2
19.744522,0.004032,4.728651,-4469.50543,2030940044,11007,1
19.746544,0.002022,4.729136,-4470.47973,2031148186,11008,1
19.74856,0.002016,4.727911,-4468.01888,2030622215,11009,1
19.750583,0.002023,4.727469,-4467.13097,2030432376,11010,2
19.754621,0.004038,4.728444,-4469.0896,2030851160,11012,1
19.756637,0.002016,4.728071,-4468.3403,2030691105,11013,1
19.758653,0.002016,4.728218,-4468.6356,2030754128,11014,1
19.760676,0.002023,4.728548,-4469.29852,2030895859,11015,2
19.764714,0.004038,4.727234,-4466.65889,2030331537,11017,1
19.76673,0.002016,4.726398,-4464.97948,2029972202,11018,1
19.768752,0.002022,4.727323,-4466.83767,2030369520,11019,1
19.770768,0.002016,4.727235,-4466.66089,2030332219,11020,2
19.774807,0.004039,4.727236,-4466.6629,2030332445,11022,1
19.776823,0.002016,4.728101,-4468.40056,2030703708,11023,1
19.778845,0.002022,4.727263,-4466.71714,2030344001,11024,1
19.780861,0.002016,4.726652,-4465.48973,2030081512,11025,1
19.782884,0.002023,4.727532,-4467.25752,2030459574,11026,2
19.786916,0.004032,4.727702,-4467.59903,2030532368,11028,1
19.788938,0.002022,4.72783,-4467.85616,2030587705,11029,1
19.790954,0.002016,4.728685,-4469.57374,2030954971,11030,1
19.792976,0.002022,4.727722,-4467.63921,2030541115,11031,2
19.797015,0.004039,4.727019,-4466.22698,2030239107,11033,1
19.799031,0.002016,4.727734,-4467.66331,2030546101,11034,1
19.801047,0.002016,4.728227,-4468.65368,2030758150,11035,1
19.803069,0.002022,4.727921,-4468.03897,2030626676,11036,2
19.807108,0.004039,4.72852,-4469.24227,2030884099,11038,1
19.809124,0.002016,4.727384,-4466.96021,2030395972,11039,1
19.81114,0.002016,4.726253,-4464.6882,2029910011,11040,1
19.813162,0.002022,4.726683,-4465.55201,2030094903,11041,2
19.8172,0.004038,4.727342,-4466.87584,2030377696,11043,1
19.819216,0.002016,4.727222,-4466.63478,2030326297,11044,1
19.821232,0.002016,4.728278,-4468.75613,2030780060,11045,1
19.823255,0.002023,4.727726,-4467.64724,2030542529,11046,1
19.825271,0.002016,4.726853,-4465.89351,2030167760,11047,2
19.829309,0.004038,4.727359,-4466.90999,2030385236,11049,1
19.831332,0.002023,4.72816,-4468.51909,2030729441,11050,1
19.833348,0.002016,4.727726,-4467.64724,2030542804,11051,1
19.835364,0.002016,4.72873,-4469.66413,2030974082,11052,2
19.839402,0.004038,4.728367,-4468.93492,2030818364,11054,1
19.841424,0.002022,4.72714,-4466.47005,2030291402,11055,1
19.84344,0.002016,4.727347,-4466.88589,2030380175,11056,1
19.845463,0.002023,4.72811,-4468.41864,2030707929,11057,2
19.849495,0.004032,4.727335,-4466.86178,2030374632,11059,1
19.851517,0.002022,4.727938,-4468.07312,2030633669,11060,1
19.853533,0.002016,4.72758,-4467.35395,2030480241,11061,1
19.855555,0.002022,4.726388,-4464.95939,2029968420,11062,2
19.859594,0.004039,4.726546,-4465.27679,2030036183,11064,1
19.86161,0.002016,4.727891,-4467.9787,2030613484,11065,1
19.863626,0.002016,4.727461,-4467.1149,2030428936,11066,1
19.865648,0.002022,4.728282,-4468.76417,2030781503,11067,2
19.869687,0.004039,4.728217,-4468.63359,2030753784,11069,1
19.871703,0.002016,4.727088,-4466.36559,2030268943,11070,1
19.873725,0.002022,4.727016,-4466.22095,2030238262,11071,1
19.875741,0.002016,4.72822,-4468.63962,2030755133,11072,1
19.877764,0.002023,4.727814,-4467.82402,2030580671,11073,2
19.881796,0.004032,4.728569,-4469.34071,2030904786,11075,1
19.883818,0.002022,4.72855,-4469.30254,2030897046,11076,1
19.885834,0.002016,4.727115,-4466.41983,2030280632,11077,1
19.887856,0.002022,4.726724,-4465.63437,2030112586,11078,2
19.891895,0.004039,4.727713,-4467.62113,2030537194,11080,1
19.893911,0.002016,4.727035,-4466.25912,2030245836,11081,1
19.895927,0.002016,4.727546,-4467.28565,2030465377,11082,1
19.897949,0.002022,4.727923,-4468.04299,2030627559,11083,2
19.901988,0.004039,4.726773,-4465.7328,2030133494,11085,1
19.904004,0.002016,4.726661,-4465.50781,2030085427,11086,1
19.90602,0.002016,4.727892,-4467.98071,2030614047,11087,1
19.908042,0.002022,4.727611,-4467.41622,2030493183,11088,2
19.91208,0.004038,4.728044,-4468.28606,2030679185,11090,1
19.914096,0.002016,4.728473,-4469.14786,2030863746,11091,1
19.916119,0.002023,4.727234,-4466.65889,2030331659,11092,1
19.918135,0.002016,4.726701,-4465.58816,2030102739,11093,1
19.920151,0.002016,4.727816,-4467.82804,2030581636,11094,2
19.924189,0.004038,4.727757,-4467.70952,2030556479,11096,1
19.926212,0.002023,4.728045,-4468.28807,2030680109,11097,1
19.928228,0.002016,4.728479,-4469.15991,2030866170,11098,1
19.93025,0.002022,4.72715,-4466.49014,2030295702,11099,2
19.934288,0.004038,4.726172,-4464.52548,2029875606,11101,1
19.936304,0.002016,4.726909,-4466.00601,2030191713,11102,1
19.93832,0.002016,4.726943,-4466.07431,2030206432,11103,1
19.940343,0.002023,4.727188,-4466.56648,2030311918,11104,2
19.944381,0.004038,4.72799,-4468.17758,2030656217,11106,1
19.946397,0.002016,4.727075,-4466.33948,2030263234,11107,1
19.94842,0.002023,4.726412,-4465.00761,2029978421,11108,1
19.950436,0.002016,4.727334,-4466.85977,2030374412,11109,2
19.954474,0.004038,4.727646,-4467.48653,2030508685,11111,1
19.95649,0.002016,4.727551,-4467.29569,2030467900,11112,1
19.958512,0.002022,4.728444,-4469.0896,2030851008,11113,1
19.960528,0.002016,4.727556,-4467.30574,2030469739,11114,1
19.962544,0.002016,4.726667,-4465.51986,2030088107,11115,2
19.966583,0.004039,4.727457,-4467.10686,2030427324,11117,1
19.968605,0.002022,4.727992,-4468.1816,2030656844,11118,1
19.970621,0.002016,4.727616,-4467.42627,2030495774,11119,1
19.972644,0.002023,4.728249,-4468.69787,2030767293,11120,2
19.976675,0.004031,4.727146,-4466.48211,2030293714,11122,1
19.978698,0.002023,4.725939,-4464.05742,2029775300,11123,1
19.980714,0.002016,4.726264,-4464.71029,2029914760,11124,1
19.982736,0.002022,4.727109,-4466.40778,2030277867,11125,2
19.986775,0.004039,4.72703,-4466.24908,2030243833,11127,1
19.988791,0.002016,4.728059,-4468.31619,2030685816,11128,1
19.990807,0.002016,4.727436,-4467.06467,2030418422,11129,1
19.992829,0.002022,4.72647,-4465.12412,2030003216,11130,2
19.996868,0.004039,4.727044,-4466.2772,2030249891,11132,1
19.998884,0.002016,4.728013,-4468.22378,2030665938,11133,1
20.000906,0.002022,4.727466,-4467.12494,2030431227,11134,1
20.002922,0.002016,4.72829,-4468.78024,2030785169,11135,1
20.004938,0.002016,4.727959,-4468.11531,2030642691,11136,2
20.008976,0.004038,4.726799,-4465.78503,2030144823,11138,1
20.010999,0.002023,4.726903,-4465.99395,2030189223,11139,1
20.013015,0.002016,4.727689,-4467.57291,2030526889,11140,1
20.015037,0.002022,4.726868,-4465.92364,2030174269,11141,2
20.019069,0.004032,4.727297,-4466.78544,2030358744,11143,1
20.021092,0.002023,4.726929,-4466.04618,2030200751,11144,1
20.023108,0.002016,4.725863,-4463.90474,2029743008,11145,1
20.02513,0.002022,4.726111,-4464.40294,2029849484,11146,2
20.029168,0.004038,4.727471,-4467.13498,2030433348,11148,1
20.031184,0.002016,4.727056,-4466.30131,2030254792,11149,1
20.033207,0.002023,4.727823,-4467.8421,2030584601,11150,1
20.035223,0.002016,4.727953,-4468.10325,2030640223,11151,2
20.039261,0.004038,4.726796,-4465.77901,2030143362,11153,1
20.041277,0.002016,4.726724,-4465.63437,2030112567,11154,1
20.0433,0.002023,4.727942,-4468.08116,2030635597,11155,1
20.045315,0.002015,4.72747,-4467.13298,2030433032,11156,1
20.047332,0.002017,4.728046,-4468.29008,2030680158,11157,2
20.05137,0.004038,4.728211,-4468.62154,2030751158,11159,1
20.053392,0.002022,4.726935,-4466.05824,2030203271,11160,1
20.055408,0.002016,4.726352,-4464.88707,2029952574,11161,1
20.057424,0.002016,4.72725,-4466.69103,2030338505,11162,2
20.061947,0.004523,4.726588,-4465.36116,2030054105,11164,1
20.063482,0.001535,4.727045,-4466.27921,2030250351,11165,1
20.065504,0.002022,4.727392,-4466.97628,2030399296,11166,1
20.06752,0.002016,4.726382,-4464.94734,2029965737,11167,2
20.071559,0.004039,4.726151,-4464.48329,2029866171,11169,1
20.073575,0.002016,4.727397,-4466.98633,2030401825,11170,1
20.075597,0.002022,4.727193,-4466.57652,2030313977,11171,1
20.077613,0.002016,4.727703,-4467.60104,2030532876,11172,2
20.081652,0.004039,4.728293,-4468.78626,2030786331,11174,1
20.083674,0.002022,4.727285,-4466.76134,2030353632,11175,1
20.08569,0.002016,4.726773,-4465.7328,2030133775,11176,1
20.087706,0.002016,4.727963,-4468.12334,2030644569,11177,1
20.089728,0.002022,4.727841,-4467.87826,2030592552,11178,2
20.093767,0.004039,4.727811,-4467.81799,2030579372,11180,1
20.095783,0.002016,4.72832,-4468.8405,2030797782,11181,1
20.097805,0.002022,4.72692,-4466.0281,2030196792,11182,1
20.099821,0.002016,4.725851,-4463.88064,2029737291,11183,2
20.10386,0.004039,4.726579,-4465.34308,2030050082,11185,1
20.105875,0.002015,4.72672,-4465.62633,2030111027,11186,1
20.107898,0.002023,4.726903,-4465.99395,2030189174,11187,1
20.109914,0.002016,4.727765,-4467.72559,2030559464,11188,2
20.113952,0.004038,4.727037,-4466.26314,2030247043,11190,1
20.115968,0.002016,4.726292,-4464.76654,2029926730,11191,1
20.117991,0.002023,4.727207,-4466.60465,2030319948,11192,1
20.120007,0.002016,4.727664,-4467.52269,2030516175,11193,2
20.124045,0.004038,4.727621,-4467.43631,2030497852,11195,1
20.126068,0.002023,4.728484,-4469.16996,2030868179,11196,1
20.128083,0.002015,4.727811,-4467.81799,2030579552,11197,1
20.130099,0.002016,4.726953,-4466.0944,2030210802,11198,2
20.134138,0.004039,4.727444,-4467.08074,2030421899,11200,1
20.13616,0.002022,4.727863,-4467.92246,2030601627,11201,1
20.138176,0.002016,4.727426,-4467.04459,2030414018,11202,1
20.140199,0.002023,4.727857,-4467.9104,2030599180,11203,1
20.142215,0.002016,4.726914,-4466.01605,2030194094,11204,2
20.146253,0.004038,4.725879,-4463.93689,2029749583,11206,1
20.148275,0.002022,4.726422,-4465.02769,2029982751,11207,1
20.150292,0.002017,4.727304,-4466.7995,2030361371,11208,1
20.152308,0.002016,4.726934,-4466.05623,2030202449,11209,2
20.156346,0.004038,4.727757,-4467.70952,2030556467,11211,1
20.158368,0.002022,4.727411,-4467.01445,2030407711,11212,1
20.160384,0.002016,4.726342,-4464.86699,2029948315,11213,1
20.1624,0.002016,4.726687,-4465.56004,2030096414,11214,2
20.166439,0.004039,4.72779,-4467.77581,2030570260,11216,1
20.168461,0.002022,4.727417,-4467.02651,2030410009,11217,1
20.170477,0.002016,4.728291,-4468.78225,2030785348,11218,1
20.1725,0.002023,4.727877,-4467.95058,2030607752,11219,2
20.176538,0.004038,4.72647,-4465.12412,2030003467,11221,1
20.178554,0.002016,4.726403,-4464.98953,2029974742,11222,1
20.18057,0.002016,4.727194,-4466.57853,2030314463,11223,1
20.182592,0.002022,4.72627,-4464.72235,2029917626,11224,1
20.184608,0.002016,4.726587,-4465.35916,2030053917,11225,2
20.188647,0.004039,4.726584,-4465.35313,2030052241,11227,1
20.190669,0.002022,4.725726,-4463.62953,2029683908,11228,1
20.192685,0.002016,4.725926,-4464.0313,2029769850,11229,1
20.194701,0.002016,4.727248,-4466.68701,2030337607,11230,2
20.19874,0.004039,4.726918,-4466.02409,2030195893,11232,1
20.200762,0.002022,4.727734,-4467.66331,2030546110,11233,1
20.202778,0.002016,4.727998,-4468.19365,2030659639,11234,1
20.2048,0.002022,4.726959,-4466.10645,2030213622,11235,2
20.208832,0.004032,4.726833,-4465.85333,2030159455,11237,1
20.210855,0.002023,4.728016,-4468.22981,2030667659,11238,1
20.212871,0.002016,4.7275,-4467.19324,2030445990,11239,1
20.214893,0.002022,4.72804,-4468.27802,2030677646,11240,2
20.218932,0.004039,4.728138,-4468.47489,2030719835,11242,1
20.220948,0.002016,4.72672,-4465.62633,2030110858,11243,1
20.222964,0.002016,4.726064,-4464.30852,2029828968,11244,1
20.224986,0.002022,4.727024,-4466.23703,2030241323,11245,1
20.227002,0.002016,4.7266,-4465.38527,2030059201,11246,2
20.23104,0.004038,4.727264,-4466.71915,2030344755,11248,1
20.233056,0.002016,4.727811,-4467.81799,2030579477,11249,1
20.235079,0.002023,4.726737,-4465.66048,2030118079,11250,1
20.237095,0.002016,4.726434,-4465.0518,2029988145,11251,2
20.241133,0.004038,4.727613,-4467.42024,2030494363,11253,1
20.243156,0.002023,4.727428,-4467.0486,2030414618,11254,1
20.245172,0.002016,4.727677,-4467.54881,2030521803,11255,1
20.247188,0.002016,4.728311,-4468.82242,2030794124,11256,2
20.251226,0.004038,4.727253,-4466.69705,2030339415,11258,1
20.253248,0.002022,4.726701,-4465.58816,2030102537,11259,1
20.255264,0.002016,4.727632,-4467.45841,2030502312,11260,1
20.25728,0.002016,4.727382,-4466.9562,2030394836,11261,2
20.261319,0.004039,4.72734,-4466.87182,2030377264,11263,1
20.263341,0.002022,4.72767,-4467.53475,2030518859,11264,1
20.265357,0.002016,4.726324,-4464.83083,2029940546,11265,1
20.26738,0.002023,4.725529,-4463.23379,2029599065,11266,1
20.269396,0.002016,4.726559,-4465.30291,2030041419,11267,2
20.273434,0.004038,4.727059,-4466.30734,2030256530,11269,1
20.27545,0.002016,4.727246,-4466.68299,2030336785,11270,1
20.277472,0.002022,4.728052,-4468.30213,2030682952,11271,1
20.279488,0.002016,4.727137,-4466.46403,2030289897,11272,2
20.283527,0.004039,4.726301,-4464.78462,2029931010,11274,1
20.285543,0.002016,4.727028,-4466.24506,2030243015,11275,1
20.287565,0.002022,4.727606,-4467.40618,2030491109,11276,1
20.289581,0.002016,4.727512,-4467.21735,2030451102,11277,2
20.29362,0.004039,4.728406,-4469.01326,2030835072,11279,1
20.295642,0.002022,4.727716,-4467.62715,2030538180,11280,1
20.297658,0.002016,4.726601,-4465.38728,2030059538,11281,1
20.29968,0.002022,4.726913,-4466.01404,2030193417,11282,2
20.303712,0.004032,4.727357,-4466.90597,2030384333,11284,1
20.305735,0.002023,4.726668,-4465.52187,2030088441,11285,1
20.307751,0.002016,4.727018,-4466.22497,2030238776,11286,1
20.309773,0.002022,4.726286,-4464.75449,2029924662,11287,1
20.311789,0.002016,4.725496,-4463.16749,2029585009,11288,2
20.315828,0.004039,4.726279,-4464.74043,2029921510,11290,1
20.317843,0.002015,4.727356,-4466.90397,2030383775,11291,1
20.319866,0.002023,4.727022,-4466.23301,2030240327,11292,1
20.321882,0.002016,4.727884,-4467.96464,2030610975,11293,2
20.32592,0.004038,4.727511,-4467.21534,2030450435,11295,1
20.327943,0.002023,4.726449,-4465.08193,2029994437,11296,1
20.329959,0.002016,4.726758,-4465.70267,2030126792,11297,1
20.331981,0.002022,4.72777,-4467.73563,2030561907,11298,2
20.33602,0.004039,4.727284,-4466.75933,2030352967,11300,1
20.338036,0.002016,4.728134,-4468.46686,2030717893,11301,1
20.340051,0.002015,4.727857,-4467.9104,2030598949,11302,1
20.342074,0.002023,4.726521,-4465.22657,2030025092,11303,2
20.346112,0.004038,4.726287,-4464.7565,2029924752,11305,1
20.348128,0.002016,4.727107,-4466.40376,2030277129,11306,1
20.350144,0.002016,4.726348,-4464.87904,2029951034,11307,1
20.352167,0.002023,4.727057,-4466.30332,2030255388,11308,1
20.354183,0.002016,4.727245,-4466.68098,2030336304,11309,2
20.358221,0.004038,4.726266,-4464.71431,2029915827,11311,1
20.360244,0.002023,4.726367,-4464.91721,2029959166,11312,1
20.36226,0.002016,4.727625,-4467.44435,2030499570,11313,1
20.364282,0.002022,4.727139,-4466.46804,2030290779,11314,2
20.36832,0.004038,4.727837,-4467.87023,2030590393,11316,1
20.370336,0.002016,4.728086,-4468.37043,2030697320,11317,1
20.372352,0.002016,4.727002,-4466.19283,2030232083,11318,1
20.374375,0.002023,4.726746,-4465.67856,2030121739,11319,2
20.378413,0.004038,4.727933,-4468.06308,2030631972,11321,1
20.380429,0.002016,4.727479,-4467.15105,2030436504,11322,1
20.382452,0.002023,4.727803,-4467.80192,2030576038,11323,1
20.384468,0.002016,4.727732,-4467.6593,2030545522,11324,2
20.388506,0.004038,4.72616,-4464.50137,2029870029,11326,1
20.390522,0.002016,4.725266,-4462.70546,2029486384,11327,1
20.392544,0.002022,4.72618,-4464.54155,2029878900,11328,1
20.39456,0.002016,4.725957,-4464.09358,2029783328,11329,2
20.398599,0.004039,4.726649,-4465.4837,2030080097,11331,1
20.400615,0.002016,4.727393,-4466.97829,2030399836,11332,1
20.402637,0.002022,4.726411,-4465.0056,2029977967,11333,1
20.404653,0.002016,4.72622,-4464.62191,2029896125,11334,1
20.406675,0.002022,4.727534,-4467.26154,2030460318,11335,2
20.410711,0.004036,4.72753,-4467.25351,2030458664,11337,1
20.412727,0.002016,4.728019,-4468.23584,2030668536,11338,1
20.414749,0.002022,4.728695,-4469.59382,2030959270,11339,1
20.416765,0.002016,4.727472,-4467.13699,2030433681,11340,2
20.420804,0.004039,4.726766,-4465.71874,2030130264,11342,1
20.422819,0.002015,4.727647,-4467.48854,2030508998,11343,1
20.424842,0.002023,4.727572,-4467.33788,2030476931,11344,1
20.426858,0.002016,4.72727,-4466.7312,2030347052,11345,2
20.430896,0.004038,4.727551,-4467.29569,2030467481,11347,1
20.432919,0.002023,4.726205,-4464.59177,2029889480,11348,1
20.434935,0.002016,4.725343,-4462.86014,2029519433,11349,1
20.436951,0.002016,4.726375,-4464.93328,2029962546,11350,2
20.440989,0.004038,4.726976,-4466.1406,2030220735,11352,1
20.443012,0.002023,4.727076,-4466.34149,2030263731,11353,1
20.445028,0.002016,4.728059,-4468.31619,2030686040,11354,1
20.447044,0.002016,4.727362,-4466.91602,2030386605,11355,1
20.449066,0.002022,4.726654,-4465.49375,2030082354,11356,2
20.453104,0.004038,4.727494,-4467.18119,2030443236,11358,1
20.45512,0.002016,4.728101,-4468.40056,2030703904,11359,1
20.457143,0.002023,4.72802,-4468.23785,2030669218,11360,1
20.459159,0.002016,4.728807,-4469.81882,2031007413,11361,2
20.463197,0.004038,4.727953,-4468.10325,2030640310,11363,1
20.465213,0.002016,4.726811,-4465.80914,2030150006,11364,1
20.467236,0.002023,4.726912,-4466.01203,2030193023,11365,1
20.469252,0.002016,4.727093,-4466.37564,2030271020,11366,2
20.47329,0.004038,4.726233,-4464.64802,2029901402,11368,1
20.475312,0.002022,4.726905,-4465.99797,2030190332,11369,1
20.477328,0.002016,4.726393,-4464.96944,2029970336,11370,1
20.479344,0.002016,4.725583,-4463.34226,2029622429,11371,2
20.483383,0.004039,4.726306,-4464.79467,2029932867,11373,1
20.485405,0.002022,4.727574,-4467.3419,2030477531,11374,1
20.487421,0.002016,4.727456,-4467.10485,2030426951,11375,1
20.489444,0.002023,4.72856,-4469.32263,2030901035,11376,1
20.49146,0.002016,4.728246,-4468.69185,2030766191,11377,2
20.495498,0.004038,4.727286,-4466.76335,2030353903,11379,1
20.497514,0.002016,4.72749,-4467.17315,2030441214,11380,1
20.499536,0.002022,4.728389,-4468.97911,2030827828,11381,1
20.501552,0.002016,4.727637,-4467.46845,2030504778,11382,2
20.505591,0.004039,4.728237,-4468.67377,2030762158,11384,1
20.507607,0.002016,4.727779,-4467.75371,2030565553,11385,1
20.509629,0.002022,4.726215,-4464.61186,2029894183,11386,1
20.511645,0.002016,4.725967,-4464.11366,2029787527,11387,2
20.515683,0.004038,4.72705,-4466.28926,2030252539,11389,1
20.517703,0.00202,4.726575,-4465.33505,2030048620,11390,1
20.519719,0.002016,4.727525,-4467.24346,2030456408,11391,1
20.521741,0.002022,4.727809,-4467.81398,2030578288,11392,2
20.52578,0.004039,4.726821,-4465.82923,2030153953,11394,1
20.527796,0.002016,4.726881,-4465.94976,2030180007,11395,1
20.529818,0.002022,4.728162,-4468.5231,2030730182,11396,1
20.531834,0.002016,4.727788,-4467.77179,2030569713,11397,1
20.53385,0.002016,4.728505,-4469.21214,2030877365,11398,2
20.537888,0.004038,4.728853,-4469.91122,2031026897,11400,1
20.539911,0.002023,4.72753,-4467.25351,2030458365,11401,1
20.541927,0.002016,4.727189,-4466.56849,2030312359,11402,1
20.543949,0.002022,4.728253,-4468.70591,2030769363,11403,2
20.547981,0.004032,4.727557,-4467.30775,2030470381,11405,1
20.550004,0.002023,4.727684,-4467.56287,2030524575,11406,1
20.552019,0.002015,4.72774,-4467.67537,2030548832,11407,1
20.554039,0.00202,4.726302,-4464.78663,2029931170,11408,2
20.558077,0.004038,4.725768,-4463.7139,2029701882,11410,1
20.560093,0.002016,4.726918,-4466.02409,2030195809,11411,1
20.562116,0.002023,4.726879,-4465.94574,2030179002,11412,1
20.564132,0.002016,4.727564,-4467.32181,2030473476,11413,2
20.56817,0.004038,4.728258,-4468.71595,2030771406,11415,1
20.570192,0.002022,4.72728,-4466.75129,2030351223,11416,1
20.572208,0.002016,4.726866,-4465.91963,2030173397,11417,1
20.574224,0.002016,4.728075,-4468.34833,2030692697,11418,1
20.576247,0.002023,4.728121,-4468.44074,2030712283,11419,2
20.580285,0.004038,4.728361,-4468.92287,2030815600,11421,1
20.582301,0.002016,4.728882,-4469.96948,2031039279,11422,1
20.584317,0.002016,4.727617,-4467.42828,2030496292,11423,1
20.58634,0.002023,4.726876,-4465.93971,2030177911,11424,2
20.590378,0.004038,4.727517,-4467.22739,2030453149,11426,1
20.592394,0.002016,4.727164,-4466.51827,2030301456,11427,1
20.59441,0.002016,4.726805,-4465.79709,2030147322,11428,1
20.596432,0.002022,4.72742,-4467.03253,2030411652,11429,2
20.600471,0.004039,4.726511,-4465.20648,2030020967,11431,1
20.602487,0.002016,4.725735,-4463.64761,2029687494,11432,1
20.604509,0.002022,4.726769,-4465.72477,2030131854,11433,1
20.606525,0.002016,4.72742,-4467.03253,2030411599,11434,2
20.610564,0.004039,4.727556,-4467.30574,2030469941,11436,1
20.61258,0.002016,4.728673,-4469.54963,2030949609,11437,1
20.614602,0.002022,4.727859,-4467.91442,2030600087,11438,1
20.616618,0.002016,4.727197,-4466.58456,2030315717,11439,1
20.61864,0.002022,4.72786,-4467.91643,2030600459,11440,2
20.622672,0.004032,4.728268,-4468.73604,2030775674,11442,1
20.624695,0.002023,4.727831,-4467.85817,2030588171,11443,1
20.626711,0.002016,4.728501,-4469.20411,2030875950,11444,1
20.628733,0.002022,4.727637,-4467.46845,2030504589,11445,2
20.632772,0.004039,4.726244,-4464.67012,2029906459,11447,1
20.634787,0.002015,4.72627,-4464.72235,2029917305,11448,1
20.636804,0.002017,4.726779,-4465.74486,2030136158,11449,1
20.638826,0.002022,4.726285,-4464.75248,2029923783,11450,2
20.642864,0.004038,4.7271,-4466.3897,2030274172,11452,1
20.64488,0.002016,4.726699,-4465.58415,2030101806,11453,1
20.646896,0.002016,4.725924,-4464.02728,2029768764,11454,1
20.648919,0.002023,4.726398,-4464.97948,2029972723,11455,2
20.652957,0.004038,4.727686,-4467.56689,2030525816,11457,1
20.654973,0.002016,4.727547,-4467.28766,2030465848,11458,1
20.656989,0.002016,4.728547,-4469.29651,2030895545,11459,1
20.659012,0.002023,4.728457,-4469.11572,2030856897,11460,2
20.66305,0.004038,4.727273,-4466.73723,2030348041,11462,1
20.665066,0.002016,4.727158,-4466.50621,2030298629,11463,1
20.667088,0.002022,4.728095,-4468.38851,2030701330,11464,1
20.669104,0.002016,4.727318,-4466.82763,2030367725,11465,1
20.67112,0.002016,4.727934,-4468.06508,2030632098,11466,2
20.675159,0.004039,4.727379,-4466.95017,2030393799,11468,1
20.677181,0.002022,4.725714,-4463.60542,2029678865,11469,1
20.679197,0.002016,4.725403,-4462.98067,2029544914,11470,1
20.681213,0.002016,4.726532,-4465.24867,2030030173,11471,2
20.685251,0.004038,4.726143,-4464.46722,2029863083,11473,1
20.687274,0.002023,4.727181,-4466.55242,2030308703,11474,1
20.68929,0.002016,4.727568,-4467.32984,2030475053,11475,1
20.691312,0.002022,4.726581,-4465.3471,2030051098,11476,2
20.695344,0.004032,4.726678,-4465.54196,2030092754,11478,1
20.697367,0.002023,4.728142,-4468.48293,2030721544,11479,1
20.699383,0.002016,4.72783,-4467.85616,2030587375,11480,1
20.701405,0.002022,4.728351,-4468.90278,2030811330,11481,2
20.705437,0.004032,4.728414,-4469.02934,2030838353,11483,1
20.70746,0.002023,4.727027,-4466.24305,2030242755,11484,1
20.709476,0.002016,4.726512,-4465.20849,2030021455,11485,1
20.711498,0.002022,4.727374,-4466.94012,2030391779,11486,1
20.713514,0.002016,4.726593,-4465.37121,2030056159,11487,2
20.717552,0.004038,4.726428,-4465.03975,2029985253,11489,1
20.719568,0.002016,4.726441,-4465.06586,2029991214,11490,1
20.721591,0.002023,4.725066,-4462.30369,2029400312,11491,1
20.723607,0.002016,4.724601,-4461.36957,2029200563,11492,2
20.727645,0.004038,4.72586,-4463.89872,2029741131,11494,1
20.729668,0.002023,4.725976,-4464.13174,2029791124,11495,1
20.731684,0.002016,4.726724,-4465.63437,2030112600,11496,1
20.7337,0.002016,4.727701,-4467.59702,2030532158,11497,2
20.737738,0.004038,4.727043,-4466.27519,2030249474,11499,1
20.73976,0.002022,4.726835,-4465.85735,2030160019,11500,1
20.741776,0.002016,4.728035,-4468.26798,2030675605,11501,1
20.743799,0.002023,4.727807,-4467.80996,2030577675,11502,2
20.747831,0.004032,4.727809,-4467.81398,2030578286,11504,1
20.749853,0.002022,4.728194,-4468.58739,2030743657,11505,1
20.751869,0.002016,4.726823,-4465.83325,2030154871,11506,1
20.753892,0.002023,4.725669,-4463.51503,2029659283,11507,1
20.755908,0.002016,4.726001,-4464.18197,2029801812,11508,2
20.759946,0.004038,4.725866,-4463.91077,2029744061,11510,1
20.761962,0.002016,4.725648,-4463.47284,2029650444,11511,1
20.763984,0.002022,4.726447,-4465.07792,2029993469,11512,1
20.766,0.002016,4.725646,-4463.46882,2029649438,11513,2
20.770039,0.004039,4.725293,-4462.7597,2029497943,11515,1
20.772055,0.002016,4.726515,-4465.21452,2030022598,11516,1
20.774077,0.002022,4.727284,-4466.75933,2030352955,11517,1
20.776093,0.002016,4.727422,-4467.03655,2030412294,11518,2
20.780131,0.004038,4.727915,-4468.02692,2030624119,11520,1
20.782147,0.002016,4.727223,-4466.63679,2030327004,11521,1
20.78417,0.002023,4.726205,-4464.59177,2029889519,11522,1
20.786186,0.002016,4.726482,-4465.14823,2030008637,11523,2
20.790224,0.004038,4.726941,-4466.07029,2030205718,11525,1
20.79224,0.002016,4.726453,-4465.08997,2029996093,11526,1
20.794263,0.002023,4.726577,-4465.33907,2030049493,11527,1
20.796279,0.002016,4.725708,-4463.59337,2029676179,11528,1
20.798301,0.002022,4.724448,-4461.06221,2029135045,11529,2
20.802333,0.004032,4.724606,-4461.37961,2029202525,11531,1
20.804356,0.002023,4.725328,-4462.83001,2029512895,11532,1
20.806372,0.002016,4.725208,-4462.58894,2029461487,11533,1
20.808388,0.002016,4.725998,-4464.17594,2029800523,11534,2
20.812426,0.004038,4.726079,-4464.33866,2029835240,11536,1
20.814448,0.002022,4.725393,-4462.96058,2029540755,11537,1
20.816464,0.002016,4.725882,-4463.94291,2029750920,11538,1
20.818487,0.002023,4.727244,-4466.67897,2030335755,11539,2
20.822519,0.004032,4.72719,-4466.5705,2030312565,11541,1
20.824541,0.002022,4.727824,-4467.84411,2030585000,11542,1
20.826557,0.002016,4.72746,-4467.11289,2030428633,11543,1
20.82858,0.002023,4.726057,-4464.29446,2029825747,11544,2
20.832612,0.004032,4.725911,-4464.00117,2029763207,11546,1
20.834634,0.002022,4.726611,-4465.40737,2030063704,11547,1
20.83665,0.002016,4.725769,-4463.71591,2029702417,11548,1
20.838672,0.002022,4.72592,-4464.01925,2029767275,11549,1
20.840688,0.002016,4.725565,-4463.3061,2029614976,11550,2
20.844727,0.004039,4.724269,-4460.70263,2029058016,11552,1
20.846743,0.002016,4.724272,-4460.70865,2029059274,11553,1
20.848765,0.002022,4.725606,-4463.38847,2029632440,11554,1
20.850781,0.002016,4.725576,-4463.3282,2029619340,11555,2
20.85482,0.004039,4.72661,-4465.40536,2030063419,11557,1
20.856836,0.002016,4.727057,-4466.30332,2030255479,11558,1
20.858858,0.002022,4.726112,-4464.40495,2029849917,11559,1
20.860874,0.002016,4.726129,-4464.4391,2029856863,11560,2
20.864912,0.004038,4.727375,-4466.94213,2030392240,11562,1
20.866928,0.002016,4.726875,-4465.93771,2030177295,11563,1
20.868951,0.002023,4.727253,-4466.69705,2030339540,11564,1
20.870967,0.002016,4.727258,-4466.7071,2030341977,11565,2
20.875005,0.004038,4.72564,-4463.45677,2029646912,11567,1
20.877028,0.002023,4.72493,-4462.03048,2029342003,11568,1
20.879043,0.002015,4.725676,-4463.52909,2029662146,11569,1
20.88106,0.002017,4.725268,-4462.70947,2029487114,11570,2
20.885098,0.004038,4.725466,-4463.10723,2029572070,11572,1
20.88712,0.002022,4.725664,-4463.50498,2029657070,11573,1
20.889136,0.002016,4.724495,-4461.15663,2029155043,11574,1
20.891152,0.002016,4.724212,-4460.58812,2029033548,11575,1
20.893175,0.002023,4.72573,-4463.63757,2029685701,11576,2
20.897213,0.004038,4.726202,-4464.58575,2029888198,11578,1
20.899229,0.002016,4.726993,-4466.17475,2030227842,11579,1
20.901252,0.002023,4.727672,-4467.53876,2030519382,11580,1
20.903267,0.002015,4.726829,-4465.8453,2030157711,11581,2
20.907306,0.004039,4.726298,-4464.7786,2029929657,11583,1
20.909322,0.002016,4.727136,-4466.46202,2030289467,11584,1
20.911344,0.002022,4.727055,-4466.2993,2030254416,11585,1
20.91336,0.002016,4.727118,-4466.42586,2030281529,11586,2
20.917399,0.004039,4.727433,-4467.05865,2030417027,11588,1
20.919415,0.002016,4.726371,-4464.92524,2029961081,11589,1
20.921437,0.002022,4.725498,-4463.17151,2029585793,11590,1
20.923453,0.002016,4.726168,-4464.51744,2029873597,11591,2
20.927492,0.004039,4.726253,-4464.6882,2029910115,11593,1
20.929508,0.002016,4.726213,-4464.60784,2029892861,11594,1
20.93153,0.002022,4.726697,-4465.58013,2030100645,11595,1
20.933546,0.002016,4.725822,-4463.82238,2029724872,11596,1
20.935568,0.002022,4.72522,-4462.61305,2029466473,11597,2
20.9396,0.004032,4.726224,-4464.62994,2029897894,11599,1
20.941623,0.002023,4.72709,-4466.36961,2030269633,11600,1
20.943639,0.002016,4.727244,-4466.67897,2030335787,11601,1
20.945661,0.002022,4.727907,-4468.01085,2030620643,11602,2
20.9497,0.004039,4.72711,-4466.40979,2030278508,11604,1
20.951716,0.002016,4.725889,-4463.95697,2029753991,11605,1
20.953732,0.002016,4.726189,-4464.55963,2029882609,11606,1
20.955754,0.002022,4.726793,-4465.77298,2030142026,11607,2
20.959792,0.004038,4.726376,-4464.93529,2029962699,11609,1
20.961808,0.002016,4.726865,-4465.91762,2030173137,11610,1
20.963831,0.002023,4.726321,-4464.8248,2029939416,11611,1
20.965847,0.002016,4.725312,-4462.79786,2029505876,11612,2
20.969885,0.004038,4.7256,-4463.37641,2029629976,11614,1
20.971901,0.002016,4.726747,-4465.68057,2030122242,11615,1
20.973924,0.002023,4.726572,-4465.32902,2030047060,11616,1
20.97594,0.002016,4.727199,-4466.58858,2030316423,11617,1
20.977956,0.002016,4.726942,-4466.0723,2030206014,11618,2
20.981994,0.004038,4.725929,-4464.03733,2029771035,11620,1
20.984016,0.002022,4.72623,-4464.64199,2029900282,11621,1
20.986032,0.002016,4.727397,-4466.98633,2030401487,11622,1
20.988048,0.002016,4.726955,-4466.09841,2030211757,11623,2
20.992087,0.004039,4.727479,-4467.15105,2030436988,11625,1
20.994109,0.002022,4.727144,-4466.47809,2030293033,11626,1
20.996125,0.002016,4.725781,-4463.74002,2029707585,11627,1
20.998148,0.002023,4.725587,-4463.3503,2029624284,11628,2
21.002179,0.004031,4.726441,-4465.06586,2029991049,11630,1
21.004202,0.002023,4.72602,-4464.22013,2029810307,11631,1
21.006218,0.002016,4.726687,-4465.56004,2030096690,11632,1
21.00824,0.002022,4.726423,-4465.0297,2029983194,11633,2
21.012272,0.004032,4.725171,-4462.51462,2029445685,11635,1
21.014295,0.002023,4.72522,-4462.61305,2029466596,11636,1
21.016311,0.002016,4.726606,-4465.39732,2030061704,11637,1
21.018333,0.002022,4.726585,-4465.35514,2030052909,11638,1
21.020349,0.002016,4.727357,-4466.90597,2030384462,11639,2
21.024388,0.004039,4.727472,-4467.13699,2030433697,11641,1
21.026403,0.002015,4.726276,-4464.7344,2029920191,11642,1
21.028426,0.002023,4.725994,-4464.1679,2029798961,11643,1
21.030442,0.002016,4.726968,-4466.12453,2030217246,11644,2
21.03448,0.004038,4.726499,-4465.18238,2030015738,11646,1
21.036496,0.002016,4.72666,-4465.5058,2030084958,11647,1
21.038519,0.002023,4.726817,-4465.82119,2030152424,11648,1
21.040535,0.002016,4.725619,-4463.41458,2029638028,11649,2
21.044573,0.004038,4.725034,-4462.2394,2029386796,11651,1
21.046596,0.002023,4.726204,-4464.58976,2029888977,11652,1
21.048611,0.002015,4.726091,-4464.36276,2029840674,11653,1
21.050628,0.002017,4.726321,-4464.8248,2029939471,11654,2
21.054666,0.004038,4.726653,-4465.49174,2030082105,11656,1
21.056688,0.002022,4.725579,-4463.33423,2029620839,11657,1
21.058704,0.002016,4.725232,-4462.63716,2029471784,11658,1
21.06072,0.002016,4.726504,-4465.19242,2030018075,11659,1
21.062743,0.002023,4.726589,-4465.36317,2030054520,11660,2
21.066781,0.004038,4.726808,-4465.80311,2030148363,11662,1
21.068797,0.002016,4.72724,-4466.67094,2030334006,11663,1
21.071304,0.002507,4.726192,-4464.56566,2029883782,11664,1
21.072832,0.001528,4.725238,-4462.64921,2029474184,11665,2
21.076871,0.004039,4.7261,-4464.38084,2029844458,11667,1
21.078893,0.002022,4.726195,-4464.57168,2029885310,11668,1
21.080909,0.002016,4.72619,-4464.56164,2029883019,11669,1
21.082925,0.002016,4.726705,-4465.5962,2030104005,11670,2
21.086963,0.004038,4.725824,-4463.8264,2029726084,11672,1
21.088983,0.00202,4.725039,-4462.24945,2029388778,11673,1
21.090999,0.002016,4.725649,-4463.47485,2029650955,11674,1
21.093021,0.002022,4.725941,-4464.06143,2029776123,11675,2
21.097059,0.004038,4.725908,-4463.99514,2029762173,11677,1
21.099076,0.002017,4.726371,-4464.92524,2029960947,11678,1
21.101092,0.002016,4.725678,-4463.53311,2029663447,11679,1
21.103114,0.002022,4.724794,-4461.75728,2029283836,11680,2
21.107152,0.004038,4.725498,-4463.17151,2029585920,11682,1
21.109168,0.002016,4.726185,-4464.5516,2029881224,11683,1
21.111184,0.002016,4.726077,-4464.33464,2029834574,11684,1
21.113207,0.002023,4.726675,-4465.53593,2030091336,11685,1
21.115223,0.002016,4.726058,-4464.29647,2029826285,11686,2
21.119261,0.004038,4.724997,-4462.16507,2029370524,11688,1
21.121284,0.002023,4.725299,-4462.77175,2029500381,11689,1
21.1233,0.002016,4.725909,-4463.99715,2029762254,11690,1
21.125316,0.002016,4.725595,-4463.36637,2029627683,11691,2
21.129354,0.004038,4.726123,-4464.42705,2029854161,11693,1
21.131376,0.002022,4.725428,-4463.03089,2029555760,11694,1
21.133392,0.002016,4.724263,-4460.69057,2029055473,11695,1
21.135408,0.002016,4.724632,-4461.43184,2029214137,11696,2
21.139447,0.004039,4.725715,-4463.60743,2029679030,11698,1
21.141469,0.002022,4.72539,-4462.95455,2029539740,11699,1
21.143485,0.002016,4.726016,-4464.2121,2029808295,11700,1
21.145508,0.002023,4.725835,-4463.8485,2029730805,11701,2
21.14954,0.004032,4.724749,-4461.66688,2029264254,11703,1
21.151562,0.002022,4.724885,-4461.94008,2029322928,11704,1
21.153578,0.002016,4.725956,-4464.09157,2029782391,11705,1
21.1556,0.002022,4.725648,-4463.47284,2029650284,11706,1
21.157616,0.002016,4.726151,-4464.48329,2029866537,11707,2
21.161655,0.004039,4.725874,-4463.92684,2029747455,11709,1
21.163671,0.002016,4.724634,-4461.43586,2029214755,11710,1
21.165693,0.002022,4.724528,-4461.22292,2029169554,11711,1
21.167709,0.002016,4.725658,-4463.49293,2029654940,11712,2
21.171748,0.004039,4.725382,-4462.93848,2029536316,11714,1
21.173764,0.002016,4.725704,-4463.58534,2029674236,11715,1
21.175786,0.002022,4.725657,-4463.49092,2029654224,11716,1
21.177802,0.002016,4.724519,-4461.20484,2029165422,11717,2
21.18184,0.004038,4.724312,-4460.78901,2029076577,11719,1
21.183856,0.002016,4.725458,-4463.09116,2029568604,11720,1
21.185879,0.002023,4.725246,-4462.66528,2029477322,11721,1
21.187895,0.002016,4.725852,-4463.88265,2029737717,11722,2
21.191933,0.004038,4.725921,-4464.02126,2029767692,11724,1
21.193956,0.002023,4.724741,-4461.65081,2029261052,11725,1
21.195972,0.002016,4.72456,-4461.2872,2029183286,11726,1
21.197988,0.002016,4.725849,-4463.87662,2029736654,11727,1
21.20001,0.002022,4.725635,-4463.44672,2029644526,11728,2
21.204048,0.004038,4.725958,-4464.09558,2029783377,11730,1
21.206064,0.002016,4.726182,-4464.54557,2029879404,11731,1
21.208087,0.002023,4.725006,-4462.18315,2029374557,11732,1
21.210103,0.002016,4.724417,-4460.99994,2029121577,11733,2
21.214141,0.004038,4.725412,-4462.99875,2029548918,11735,1
21.216157,0.002016,4.725198,-4462.56885,2029456955,11736,1
21.21818,0.002023,4.725476,-4463.12732,2029576308,11737,1
21.220196,0.002016,4.725859,-4463.89671,2029740859,11738,2
21.224234,0.004038,4.724813,-4461.79544,2029292023,11740,1
21.22625,0.002016,4.724295,-4460.75486,2029069165,11741,1
21.228272,0.002022,4.72538,-4462.93447,2029535359,11742,1
21.230288,0.002016,4.725647,-4463.47083,2029650160,11743,2
21.234327,0.004039,4.725821,-4463.82037,2029724381,11745,1
21.236343,0.002016,4.726196,-4464.57369,2029886009,11746,1
21.238365,0.002022,4.725168,-4462.50859,2029444102,11747,1
21.240381,0.002016,4.724439,-4461.04413,2029130891,11748,1
21.242403,0.002022,4.725266,-4462.70546,2029486448,11749,2
21.246436,0.004033,4.725505,-4463.18557,2029589125,11751,1
21.248458,0.002022,4.72556,-4463.29606,2029612618,11752,1
21.250474,0.002016,4.725976,-4464.13174,2029791036,11753,1
21.252496,0.002022,4.725081,-4462.33382,2029407104,11754,2
21.256528,0.004032,4.724262,-4460.68857,2029055180,11756,1
21.258551,0.002023,4.724793,-4461.75527,2029283146,11757,1
21.260567,0.002016,4.725156,-4462.48448,2029439022,11758,1
21.262589,0.002022,4.725155,-4462.48247,2029438666,11759,2
21.266628,0.004039,4.725712,-4463.60141,2029677884,11761,1
21.268644,0.002016,4.725078,-4462.32779,2029405544,11762,1
21.27066,0.002016,4.724274,-4460.71267,2029060125,11763,1
21.272682,0.002022,4.725026,-4462.22333,2029383138,11764,2
21.27672,0.004038,4.725661,-4463.49895,2029656049,11766,1
21.278736,0.002016,4.725435,-4463.04495,2029559080,11767,1
21.280752,0.002016,4.725976,-4464.13174,2029791471,11768,1
21.282775,0.002023,4.725457,-4463.08915,2029568551,11769,1
21.284791,0.002016,4.724468,-4461.10239,2029143597,11770,2
21.288829,0.004038,4.724813,-4461.79544,2029291969,11772,1
21.290852,0.002023,4.725704,-4463.58534,2029674183,11773,1
21.292868,0.002016,4.725395,-4462.9646,2029541455,11774,1
21.294884,0.002016,4.725916,-4464.01121,2029765435,11775,2
21.298922,0.004038,4.725572,-4463.32017,2029617817,11777,1
21.300944,0.002022,4.724316,-4460.79704,2029078333,11778,1
21.30296,0.002016,4.72447,-4461.10641,2029144193,11779,1
21.304976,0.002016,4.725587,-4463.3503,2029624151,11780,2
21.309015,0.004039,4.725206,-4462.58493,2029460767,11782,1
21.311037,0.002022,4.725676,-4463.52909,2029662441,11783,1
21.313053,0.002016,4.72549,-4463.15544,2029582587,11784,1
21.315076,0.002023,4.724378,-4460.92159,2029104873,11785,2
21.319108,0.004032,4.724416,-4460.99793,2029121371,11787,1
21.32113,0.002022,4.725482,-4463.13937,2029579209,11788,1
21.323146,0.002016,4.725095,-4462.36194,2029412797,11789,1
21.325168,0.002022,4.72577,-4463.71792,2029702663,11790,2
21.3292,0.004032,4.725686,-4463.54918,2029666424,11792,1
21.331223,0.002023,4.724477,-4461.12047,2029147509,11793,1
21.333239,0.002016,4.724349,-4460.86334,2029092231,11794,1
21.335261,0.002022,4.725526,-4463.22776,2029597834,11795,1
21.337277,0.002016,4.72504,-4462.25146,2029388950,11796,2
21.341316,0.004039,4.725375,-4462.92442,2029532929,11798,1
21.343332,0.002016,4.725341,-4462.85612,2029518352,11799,1
21.345354,0.002022,4.723942,-4460.04573,2028917819,11800,1
21.34737,0.002016,4.723666,-4459.49129,2028799116,11801,2
21.351408,0.004038,4.724877,-4461.92401,2029319384,11803,1
21.353424,0.002016,4.724637,-4461.44189,2029215819,11804,1
21.355447,0.002023,4.725265,-4462.70345,2029485609,11805,1
21.357463,0.002016,4.725469,-4463.11325,2029573539,11806,2
21.361501,0.004038,4.724331,-4460.82718,2029084883,11808,1
21.363524,0.002023,4.72412,-4460.40331,2028994035,11809,1
21.365539,0.002015,4.725435,-4463.04495,2029558837,11810,1
21.367556,0.002017,4.725343,-4462.86014,2029519225,11811,2
21.371594,0.004038,4.725841,-4463.86055,2029733121,11813,1
21.373616,0.002022,4.726006,-4464.19201,2029803946,11814,1
21.375632,0.002016,4.724677,-4461.52224,2029233402,11815,1
21.377655,0.002023,4.723942,-4460.04573,2028917617,11816,1
21.379671,0.002016,4.724766,-4461.70103,2029271665,11817,2
21.383709,0.004038,4.724453,-4461.07226,2029137132,11819,1
21.385725,0.002016,4.724581,-4461.32939,2029191929,11820,1
21.387748,0.002023,4.724938,-4462.04655,2029345435,11821,1
21.389764,0.002016,4.723857,-4459.87498,2028881019,11822,2
21.393802,0.004038,4.723243,-4458.64154,2028617590,11824,1
21.395818,0.002016,4.724309,-4460.78298,2029075442,11825,1
21.39784,0.002022,4.724563,-4461.29323,2029184386,11826,1
21.399856,0.002016,4.724899,-4461.96821,2029328924,11827,2
21.403895,0.004039,4.725431,-4463.03692,2029557299,11829,1
21.405911,0.002016,4.724587,-4461.34144,2029194639,11830,1
21.407933,0.002022,4.723929,-4460.01962,2028912315,11831,1
21.409949,0.002016,4.724827,-4461.82357,2029297621,11832,2
21.413988,0.004039,4.725425,-4463.02486,2029554726,11834,1
21.416004,0.002016,4.725616,-4463.40856,2029636517,11835,1
21.418026,0.002022,4.726018,-4464.21612,2029809414,11836,1
21.420042,0.002016,4.725091,-4462.35391,2029411215,11837,1
21.422064,0.002022,4.724199,-4460.56201,2029027966,11838,2
21.426096,0.004032,4.72486,-4461.88986,2029311988,11840,1
21.428119,0.002023,4.725288,-4462.74965,2029495763,11841,1
21.430135,0.002016,4.725104,-4462.38002,2029416614,11842,1
21.432157,0.002022,4.725663,-4463.50297,2029657016,11843,2
21.436196,0.004039,4.724998,-4462.16708,2029370990,11845,1
21.438212,0.002016,4.723913,-4459.98747,2028905166,11846,1
21.440234,0.002022,4.72432,-4460.80508,2029079940,11847,1
21.44225,0.002016,4.725132,-4462.43627,2029428607,11848,2
21.446288,0.004038,4.725108,-4462.38806,2029418230,11850,1
21.448304,0.002016,4.725694,-4463.56525,2029670069,11851,1
21.450327,0.002023,4.725112,-4462.39609,2029420018,11852,1
21.452343,0.002016,4.724133,-4460.42942,2028999508,11853,2
21.456381,0.004038,4.72462,-4461.40774,2029208961,11855,1
21.458397,0.002016,4.725467,-4463.10924,2029572550,11856,1
21.46042,0.002023,4.724982,-4462.13494,2029364474,11857,1
21.462436,0.002016,4.725512,-4463.19964,2029591756,11858,1
21.464458,0.002022,4.725097,-4462.36596,2029413754,11859,2
21.46849,0.004032,4.724057,-4460.27675,2028967224,11861,1
21.470512,0.002022,4.72431,-4460.78499,2029075810,11862,1
21.472528,0.002016,4.725414,-4463.00277,2029549776,11863,1
21.474551,0.002023,4.725153,-4462.47846,2029437788,11864,2
21.478589,0.004038,4.72582,-4463.81836,2029724077,11866,1
21.480605,0.002016,4.725582,-4463.34026,2029622070,11867,1
21.482621,0.002016,4.724364,-4460.89347,2029098818,11868,1
21.484644,0.002023,4.72434,-4460.84526,2029088524,11869,2
21.488682,0.004038,4.725611,-4463.39851,2029634427,11871,1
21.490698,0.002016,4.725306,-4462.78581,2029503298,11872,1
21.49272,0.002022,4.725724,-4463.62551,2029683012,11873,1
21.494736,0.002016,4.725604,-4463.38445,2029631440,11874,2
21.498775,0.004039,4.724407,-4460.97985,2029117456,11876,1
21.500791,0.002016,4.72416,-4460.48366,2029011075,11877,1
21.502813,0.002022,4.725238,-4462.64921,2029474302,11878,1
21.504829,0.002016,4.724876,-4461.922,2029318744,11879,1
21.506851,0.002022,4.725472,-4463.11928,2029574510,11880,2
21.510884,0.004033,4.725478,-4463.13133,2029577515,11882,1
21.512906,0.002022,4.724459,-4461.08431,2029139478,11883,1
21.514922,0.002016,4.724268,-4460.70062,2029057932,11884,1
21.516944,0.002022,4.725407,-4462.98871,2029546886,11885,2
21.520983,0.004039,4.725162,-4462.49654,2029441601,11887,1
21.522999,0.002016,4.725669,-4463.51503,2029659213,11888,1
21.525015,0.002016,4.725804,-4463.78622,2029717539,11889,1
21.527037,0.002022,4.724654,-4461.47604,2029223403,11890,2
21.531076,0.004039,4.724329,-4460.82316,2029083821,11892,1
21.533092,0.002016,4.725332,-4462.83804,2029514798,11893,1
21.535108,0.002016,4.725175,-4462.52265,2029447381,11894,1
21.53713,0.002022,4.725574,-4463.32418,2029618506,11895,2
21.541168,0.004038,4.725903,-4463.9851,2029759615,11897,1
21.543184,0.002016,4.724785,-4461.7392,2029279707,11898,1
21.545207,0.002023,4.72425,-4460.66446,2029050014,11899,1
21.547223,0.002016,4.72522,-4462.61305,2029466367,11900,1
21.549245,0.002022,4.725327,-4462.828,2029512268,11901,2
21.553277,0.004032,4.725624,-4463.42463,2029640116,11903,1
21.5553,0.002023,4.726021,-4464.22214,2029810694,11904,1
21.557316,0.002016,4.724877,-4461.92401,2029319308,11905,1
21.559338,0.002022,4.724118,-4460.39929,2028993317,11906,2
21.563376,0.004038,4.725075,-4462.32177,2029404435,11908,1
21.565392,0.002016,4.725342,-4462.85813,2029518889,11909,1
21.567408,0.002016,4.7254,-4462.97464,2029543539,11910,1
21.569431,0.002023,4.725976,-4464.13174,2029791077,11911,2
21.573469,0.004038,4.725217,-4462.60702,2029465399,11913,1
21.575485,0.002016,4.724403,-4460.97181,2029115890,11914,1
21.577508,0.002023,4.725158,-4462.4885,2029439945,11915,1
21.579524,0.002016,4.725416,-4463.00678,2029550823,11916,2
21.583562,0.004038,4.72536,-4462.89429,2029526558,11918,1
21.585578,0.002016,4.725877,-4463.93287,2029748613,11919,1
21.5876,0.002022,4.72506,-4462.29163,2029398004,11920,1
21.589616,0.002016,4.724061,-4460.28479,2028968889,11921,2
21.593655,0.004039,4.724627,-4461.4218,2029211821,11923,1
21.595671,0.002016,4.7252,-4462.57287,2029457932,11924,1
21.597693,0.002022,4.725093,-4462.35792,2029412049,11925,1
21.599709,0.002016,4.725785,-4463.74805,2029709095,11926,1
21.601732,0.002023,4.725185,-4462.54274,2029451509,11927,2
21.605764,0.004032,4.72423,-4460.62428,2029041312,11929,1
21.607786,0.002022,4.724723,-4461.61465,2029252982,11930,1
21.609802,0.002016,4.725474,-4463.1233,2029575860,11931,1
21.611824,0.002022,4.725266,-4462.70546,2029486355,11932,2
21.615856,0.004032,4.725831,-4463.84046,2029728771,11934,1
21.617879,0.002023,4.725153,-4462.47846,2029437631,11935,1
21.619895,0.002016,4.724047,-4460.25666,2028962597,11936,1
21.621917,0.002022,4.72434,-4460.84526,2029088245,11937,2
21.625949,0.004032,4.725297,-4462.76773,2029499630,11939,1
21.627971,0.002022,4.725024,-4462.21931,2029382409,11940,1
21.629988,0.002017,4.725659,-4463.49494,2029655210,11941,1
21.63201,0.002022,4.725385,-4462.94451,2029537491,11942,2
21.636042,0.004032,4.724232,-4460.6283,2029042254,11944,1
21.638064,0.002022,4.72423,-4460.62428,2029041243,11945,1
21.64008,0.002016,4.725299,-4462.77175,2029500730,11946,1
21.642103,0.002023,4.724965,-4462.10079,2029356896,11947,1
21.644119,0.002016,4.725589,-4463.35432,2029625189,11948,2
21.648157,0.004038,4.72545,-4463.07509,2029565025,11950,1
21.650173,0.002016,4.724387,-4460.93967,2029108788,11951,1
21.652195,0.002022,4.724316,-4460.79704,2029077960,11952,1
21.654212,0.002017,4.725515,-4463.20566,2029593271,11953,2
21.65825,0.004038,4.725036,-4462.24342,2029387673,11955,1
21.660272,0.002022,4.725518,-4463.21169,2029594314,11956,1
21.662288,0.002016,4.725364,-4462.90232,2029528502,11957,1
21.664304,0.002016,4.724102,-4460.36715,2028986055,11958,2
21.668343,0.004039,4.723899,-4459.95935,2028899364,11960,1
21.670365,0.002022,4.725189,-4462.55077,2029453187,11961,1
21.672381,0.002016,4.724978,-4462.12691,2029362797,11962,1
21.674404,0.002023,4.725483,-4463.14138,2029579337,11963,2
21.678439,0.004035,4.7256,-4463.37641,2029629522,11965,1
21.680455,0.002016,4.724379,-4460.9236,2029105203,11966,1
21.682477,0.002022,4.724013,-4460.18836,2028948151,11967,1
21.684493,0.002016,4.725143,-4462.45837,2029433261,11968,1
21.686516,0.002023,4.724829,-4461.82759,2029298736,11969,2
21.690548,0.004032,4.725284,-4462.74162,2029494081,11971,1
21.69257,0.002022,4.725663,-4463.50297,2029656998,11972,1
21.694586,0.002016,4.724468,-4461.10239,2029143703,11973,1
21.696608,0.002022,4.72386,-4459.88101,2028882393,11974,2
21.70064,0.004032,4.724884,-4461.93807,2029322045,11976,1
21.702663,0.002023,4.724825,-4461.81955,2029297044,11977,1
21.704679,0.002016,4.725204,-4462.58091,2029459917,11978,1
21.706701,0.002022,4.725597,-4463.37039,2029628609,11979,2
21.71074,0.004039,4.724542,-4461.25104,2029175253,11981,1
21.712756,0.002016,4.724098,-4460.35911,2028984837,11982,1
21.714772,0.002016,4.725244,-4462.66126,2029476863,11983,1
21.716794,0.002022,4.725328,-4462.83001,2029512749,11984,2
21.720832,0.004038,4.725462,-4463.09919,2029570489,11986,1
21.722848,0.002016,4.725919,-4464.01724,2029766910,11987,1
21.724871,0.002023,4.724869,-4461.90794,2029315845,11988,1
21.726887,0.002016,4.724151,-4460.46558,2029007494,11989,1
21.728909,0.002022,4.725086,-4462.34386,2029408911,11990,2
21.732948,0.004039,4.725298,-4462.76974,2029500213,11992,1
21.734964,0.002016,4.725519,-4463.2137,2029594947,11993,1
21.73698,0.002016,4.726108,-4464.39691,2029847958,11994,1
21.739002,0.002022,4.72506,-4462.29163,2029397977,11995,2
21.74304,0.004038,4.724018,-4460.1984,2028950104,11997,1
21.745056,0.002016,4.724697,-4461.56242,2029241841,11998,1
21.747072,0.002016,4.725195,-4462.56283,2029455902,11999,1
21.749095,0.002023,4.725095,-4462.36194,2029412863,12000,2
21.753133,0.004038,4.725649,-4463.47485,2029650909,12002,1
21.755149,0.002016,4.725038,-4462.24744,2029388366,12003,1
21.757172,0.002023,4.724268,-4460.70062,2029057729,12004,1
21.759188,0.002016,4.724801,-4461.77134,2029286431,12005,2
21.763226,0.004038,4.725416,-4463.00678,2029550671,12007,1
21.765242,0.002016,4.725287,-4462.74764,2029495182,12008,1
21.767264,0.002022,4.725863,-4463.90474,2029742888,12009,1
21.76928,0.002016,4.725212,-4462.59698,2029463223,12010,1
21.771303,0.002023,4.724153,-4460.4696,2029008131,12011,2
21.775335,0.004032,4.724446,-4461.05819,2029134196,12013,1
21.777357,0.002022,4.725316,-4462.8059,2029507772,12014,1
21.779373,0.002016,4.724926,-4462.02245,2029340045,12015,1
21.781396,0.002023,4.725385,-4462.94451,2029537491,12016,2
21.785428,0.004032,4.724992,-4462.15503,2029368677,12018,1
21.78745,0.002022,4.724099,-4460.36112,2028985187,12019,1
21.789466,0.002016,4.724509,-4461.18475,2029161355,12020,1
21.791488,0.002022,4.725581,-4463.33825,2029621717,12021,2
21.79552,0.004032,4.725453,-4463.08111,2029566847,12023,1
21.797543,0.002023,4.726243,-4464.66811,2029905649,12024,1
21.799559,0.002016,4.725927,-4464.03331,2029770228,12025,1
21.801581,0.002022,4.724749,-4461.66688,2029263951,12026,2
21.80562,0.004039,4.724773,-4461.71509,2029274477,12028,1
21.807636,0.002016,4.725726,-4463.62953,2029683702,12029,1
21.809651,0.002015,4.725147,-4462.4664,2029435067,12030,1
21.811674,0.002023,4.72572,-4463.61748,2029681342,12031,1
21.81369,0.002016,4.725613,-4463.40253,2029635145,12032,2
21.817728,0.004038,4.724235,-4460.63433,2029043160,12034,1
21.819744,0.002016,4.724055,-4460.27273,2028966248,12035,1
21.821767,0.002023,4.725312,-4462.79786,2029506077,12036,1
21.823783,0.002016,4.724903,-4461.97624,2029330392,12037,2
21.827821,0.004038,4.725314,-4462.80188,2029507004,12039,1
21.829844,0.002023,4.725386,-4462.94652,2029537679,12040,1
21.83186,0.002016,4.724313,-4460.79102,2029076920,12041,1
21.833876,0.002016,4.724083,-4460.32898,2028978308,12042,2
21.837914,0.004038,4.725381,-4462.93647,2029535637,12044,1
21.839936,0.002022,4.725172,-4462.51662,2029446024,12045,1
21.841952,0.002016,4.725826,-4463.83042,2029727009,12046,1
21.843968,0.002016,4.726006,-4464.19201,2029804145,12047,2
21.848007,0.004039,4.724799,-4461.76732,2029285516,12049,1
21.850029,0.002022,4.724237,-4460.63834,2029044622,12050,1
21.852045,0.002016,4.725305,-4462.7838,2029502824,12051,1
21.854067,0.002022,4.725078,-4462.32779,2029405452,12052,2
21.8581,0.004033,4.725404,-4462.98268,2029545659,12054,1
21.860122,0.002022,4.725675,-4463.52708,2029662110,12055,1
21.862138,0.002016,4.724446,-4461.05819,2029134323,12056,1
21.86416,0.002022,4.72386,-4459.88101,2028882475,12057,1
21.866176,0.002016,4.724892,-4461.95414,2029325466,12058,2
21.870215,0.004039,4.724871,-4461.91196,2029316682,12060,1
21.872231,0.002016,4.725441,-4463.05701,2029561653,12061,1
21.874253,0.002022,4.725954,-4464.08755,2029781949,12062,1
21.876269,0.002016,4.724873,-4461.91598,2029317303,12063,2
21.880307,0.004038,4.724209,-4460.5821,2029032278,12065,1
21.882324,0.002017,4.725057,-4462.28561,2029396375,12066,1
21.884346,0.002022,4.725124,-4462.4202,2029425335,12067,1
21.886362,0.002016,4.725284,-4462.74162,2029493913,12068,2
21.8904,0.004038,4.725595,-4463.36637,2029627420,12070,1
21.892416,0.002016,4.72457,-4461.30729,2029187647,12071,1
21.894439,0.002023,4.723821,-4459.80266,2028865532,12072,1
21.896455,0.002016,4.724637,-4461.44189,2029216229,12073,2
21.900493,0.004038,4.724963,-4462.09677,2029356051,12075,1
21.902516,0.002023,4.725005,-4462.18115,2029374197,12076,1
21.904532,0.002016,4.725511,-4463.19763,2029591357,12077,1
21.906554,0.002022,4.724709,-4461.58652,2029246958,12078,1
21.90857,0.002016,4.723818,-4459.79663,2028864202,12079,2
21.912608,0.004038,4.724481,-4461.1285,2029149103,12081,1
21.914624,0.002016,4.725055,-4462.28159,2029395540,12082,1
21.916647,0.002023,4.725084,-4462.33984,2029408013,12083,1
21.918663,0.002016,4.725527,-4463.22977,2029598554,12084,2
21.922701,0.004038,4.724825,-4461.81955,2029296830,12086,1
21.924717,0.002016,4.723796,-4459.75244,2028855141,12087,1
21.92674,0.002023,4.724278,-4460.72071,2029061623,12088,1
21.928756,0.002016,4.725156,-4462.48448,2029439156,12089,2
21.932794,0.004038,4.724937,-4462.04454,2029344952,12091,1
21.934816,0.002022,4.725499,-4463.17352,2029586412,12092,1
21.936832,0.002016,4.725019,-4462.20927,2029380227,12093,1
21.938848,0.002016,4.72398,-4460.12207,2028933985,12094,2
21.942887,0.004039,4.724124,-4460.41134,2028995817,12096,1
21.944909,0.002022,4.724893,-4461.95615,2029325993,12097,1
21.946925,0.002016,4.72447,-4461.10641,2029144165,12098,1
21.948948,0.002023,4.725081,-4462.33382,2029406819,12099,1
21.950964,0.002016,4.724666,-4461.50014,2029228425,12100,2
21.955002,0.004038,4.723567,-4459.29241,2028756605,12102,1
21.957018,0.002016,4.723874,-4459.90913,2028888558,12103,1
21.95904,0.002022,4.724948,-4462.06664,2029349952,12104,1
21.961056,0.002016,4.724711,-4461.59054,2029248042,12105,2
21.965095,0.004039,4.725279,-4462.73157,2029492016,12107,1
21.967111,0.002016,4.724972,-4462.11485,2029360122,12108,1
21.969133,0.002022,4.723729,-4459.61784,2028826123,12109,1
21.971149,0.002016,4.723583,-4459.32455,2028763618,12110,2
21.975188,0.004039,4.724645,-4461.45796,2029219309,12112,1
21.977204,0.002016,4.724136,-4460.43545,2029001108,12113,1
21.979226,0.002022,4.724772,-4461.71308,2029273895,12114,1
21.981242,0.002016,4.724727,-4461.62268,2029254745,12115,2
21.98528,0.004038,4.723485,-4459.12768,2028721323,12117,1
21.987303,0.002023,4.723506,-4459.16987,2028730568,12118,1
21.989319,0.002016,4.724924,-4462.01843,2029339217,12119,1
21.991335,0.002016,4.724715,-4461.59858,2029249771,12120,1
21.993357,0.002022,4.72529,-4462.75367,2029496801,12121,2
21.997395,0.004038,4.725265,-4462.70345,2029485787,12123,1
21.999412,0.002017,4.723993,-4460.14818,2028939683,12124,1
22.001434,0.002022,4.72366,-4459.47923,2028796536,12125,1
22.00345,0.002016,4.724791,-4461.75125,2029282227,12126,2
22.007488,0.004038,4.72453,-4461.22694,2029170306,12128,1
22.009504,0.002016,4.725002,-4462.17512,2029372753,12129,1
22.011527,0.002023,4.725221,-4462.61506,2029466839,12130,1
22.013543,0.002016,4.724129,-4460.42139,2028998053,12131,2
22.017581,0.004038,4.723724,-4459.6078,2028823884,12133,1
22.019604,0.002023,4.724655,-4461.47805,2029223881,12134,1
22.02162,0.002016,4.724384,-4460.93365,2029107411,12135,1
22.023636,0.002016,4.724484,-4461.13453,2029150653,12136,2
22.027674,0.004038,4.724475,-4461.11645,2029146605,12138,1
22.029696,0.002022,4.723177,-4458.50896,2028589160,12139,1
22.031712,0.002016,4.722508,-4457.16503,2028301606,12140,1
22.033728,0.002016,4.723575,-4459.30848,2028759792,12141,1
22.035751,0.002023,4.723704,-4459.56762,2028815580,12142,2
22.039789,0.004038,4.723971,-4460.10399,2028930072,12144,1
22.041805,0.002016,4.724371,-4460.90753,2029101683,12145,1
22.043828,0.002023,4.723342,-4458.84042,2028659996,12146,1
22.045844,0.002016,4.722662,-4457.4744,2028367927,12147,2
22.049882,0.004038,4.723527,-4459.21206,2028739171,12149,1
22.051898,0.002016,4.723774,-4459.70824,2028845366,12150,1
22.05392,0.002022,4.723888,-4459.93725,2028894540,12151,1
22.055936,0.002016,4.724384,-4460.93365,2029107756,12152,2
22.059975,0.004039,4.723286,-4458.72792,2028635720,12154,1
22.061991,0.002016,4.722402,-4456.95209,2028255964,12155,1
22.064013,0.002022,4.723049,-4458.25182,2028534052,12156,1
22.066029,0.002016,4.723425,-4459.00715,2028695605,12157,2
22.070068,0.004039,4.723403,-4458.96296,2028686172,12159,1
22.072084,0.002016,4.724037,-4460.23657,2028958614,12160,1
22.074106,0.002022,4.723393,-4458.94287,2028681976,12161,1
22.076122,0.002016,4.72246,-4457.06861,2028281118,12162,1
22.078144,0.002022,4.723232,-4458.61944,2028612557,12163,2
22.08218,0.004036,4.724026,-4460.21448,2028953741,12165,1
22.084196,0.002016,4.723898,-4459.95734,2028898657,12166,1
22.086218,0.002022,4.724408,-4460.98186,2029117837,12167,1
22.088234,0.002016,4.723756,-4459.67208,2028837869,12168,2
22.092272,0.004038,4.722736,-4457.62305,2028399605,12170,1
22.094295,0.002023,4.723071,-4458.29602,2028543413,12171,1
22.096311,0.002016,4.72389,-4459.94127,2028895207,12172,1
22.098327,0.002016,4.723714,-4459.58771,2028819678,12173,2
22.102365,0.004038,4.724369,-4460.90351,2029100859,12175,1
22.104388,0.002023,4.723893,-4459.9473,2028896578,12176,1
22.106404,0.002016,4.722813,-4457.77773,2028432764,12177,1
22.10842,0.002016,4.723024,-4458.2016,2028523403,12178,2
22.112458,0.004038,4.723945,-4460.05176,2028918803,12180,1
22.11448,0.002022,4.723568,-4459.29442,2028756771,12181,1
22.116496,0.002016,4.724101,-4460.36514,2028985795,12182,1
22.118519,0.002023,4.723848,-4459.8569,2028877227,12183,2
22.122557,0.004038,4.722826,-4457.80385,2028438431,12185,1
22.124573,0.002016,4.723025,-4458.20361,2028523865,12186,1
22.126589,0.002016,4.724171,-4460.50576,2029015753,12187,1
22.128612,0.002023,4.723807,-4459.77454,2028859527,12188,1
22.130628,0.002016,4.724365,-4460.89548,2029099378,12189,2
22.134666,0.004038,4.724006,-4460.1743,2028944988,12191,1
22.136682,0.002016,4.722622,-4457.39404,2028350571,12192,1
22.138704,0.002022,4.722541,-4457.23132,2028315833,12193,1
22.14072,0.002016,4.723574,-4459.30647,2028759670,12194,2
22.144759,0.004039,4.723224,-4458.60337,2028609098,12196,1
22.146781,0.002022,4.7237,-4459.55959,2028813708,12197,1
22.148797,0.002016,4.723681,-4459.52142,2028805280,12198,1
22.15082,0.002023,4.722653,-4457.45632,2028364229,12199,2
22.154852,0.004032,4.722582,-4457.31369,2028333525,12201,1
22.156874,0.002022,4.72392,-4460.00154,2028908065,12202,1
22.15889,0.002016,4.723795,-4459.75043,2028854364,12203,1
22.160912,0.002022,4.724561,-4461.28921,2029183598,12204,2
22.164951,0.004039,4.724676,-4461.52023,2029233001,12206,1
22.166967,0.002016,4.723416,-4458.98907,2028691706,12207,1
22.168983,0.002016,4.722988,-4458.12928,2028508044,12208,1
22.171005,0.002022,4.723969,-4460.09997,2028929591,12209,1
22.173021,0.002016,4.723622,-4459.4029,2028780248,12210,2
22.177059,0.004038,4.723962,-4460.08591,2028926107,12212,1
22.179082,0.002023,4.724112,-4460.38724,2028990705,12213,1
22.181098,0.002016,4.722919,-4457.99067,2028478409,12214,1
22.183114,0.002016,4.722506,-4457.16101,2028300933,12215,2
22.187152,0.004038,4.723759,-4459.67811,2028839112,12217,1
22.189175,0.002023,4.723564,-4459.28638,2028755232,12218,1
22.191191,0.002016,4.723826,-4459.8127,2028867960,12219,1
22.193213,0.002022,4.724296,-4460.75687,2029069445,12220,2
22.197245,0.004032,4.723275,-4458.70582,2028631213,12222,1
22.199268,0.002023,4.722755,-4457.66122,2028407726,12223,1
22.201284,0.002016,4.723938,-4460.0377,2028915926,12224,1
22.203306,0.002022,4.724175,-4460.51379,2029017553,12225,2
22.207344,0.004038,4.724604,-4461.37559,2029201961,12227,1
22.20936,0.002016,4.725165,-4462.50256,2029442982,12228,1
22.211376,0.002016,4.724077,-4460.31693,2028975550,12229,1
22.213399,0.002023,4.723341,-4458.83841,2028659349,12230,1
22.215415,0.002016,4.724113,-4460.38925,2028991304,12231,2
22.219453,0.004038,4.724344,-4460.85329,2029090213,12233,1
22.221476,0.002023,4.72427,-4460.70464,2029058553,12234,1
22.223491,0.002015,4.724638,-4461.44389,2029216338,12235,1
22.225508,0.002017,4.723475,-4459.1076,2028716940,12236,2
22.229546,0.004038,4.72268,-4457.51056,2028375516,12238,1
22.231568,0.002022,4.723397,-4458.9509,2028683440,12239,1
22.233584,0.002016,4.723835,-4459.83078,2028871410,12240,1
22.2356,0.002016,4.723781,-4459.72231,2028848342,12241,2
22.239639,0.004039,4.724389,-4460.94369,2029109759,12243,1
22.241661,0.002022,4.723726,-4459.61182,2028824763,12244,1
22.243677,0.002016,4.72285,-4457.85206,2028448552,12245,1
22.245693,0.002016,4.723434,-4459.02523,2028699447,12246,2
22.249731,0.004038,4.724065,-4460.29282,2028970656,12248,1
22.251748,0.002017,4.723953,-4460.06783,2028922216,12249,1
22.25377,0.002022,4.724405,-4460.97583,2029116533,12250,1
22.255786,0.002016,4.723758,-4459.6761,2028838354,12251,1
