t_s,dt_s,volts,disp_um,raw_code,seq,n_held
0,,4.728922,-4470.04983,2031056335,7851,1
0.002016,0.002016,4.729677,-4471.56652,2031380978,7852,1
0.004039,0.002023,4.729356,-4470.92168,2031242990,7853,1
0.006055,0.002016,4.72834,-4468.88068,2030806684,7854,2
0.010093,0.004038,4.728666,-4469.53557,2030946575,7856,1
0.012109,0.002016,4.729704,-4471.62076,2031392571,7857,1
0.014132,0.002023,4.729164,-4470.53598,2031160636,7858,1
0.016148,0.002016,4.729641,-4471.4942,2031365480,7859,1
0.01817,0.002022,4.729405,-4471.02011,2031264010,7860,2
0.022208,0.004038,4.728304,-4468.80836,2030791073,7862,1
0.024224,0.002016,4.728436,-4469.07353,2030847865,7863,1
0.02624,0.002016,4.729461,-4471.13261,2031287929,7864,1
0.028263,0.002023,4.728742,-4469.68824,2030979121,7865,2
0.032301,0.004038,4.729328,-4470.86543,2031230787,7867,1
0.034317,0.002016,4.729309,-4470.82726,2031222758,7868,1
0.03634,0.002023,4.728164,-4468.52712,2030731131,7869,1
0.038356,0.002016,4.728156,-4468.51105,2030727691,7870,2
0.042394,0.004038,4.729404,-4471.0181,2031263738,7872,1
0.04441,0.002016,4.728938,-4470.08198,2031063108,7873,1
0.046432,0.002022,4.729426,-4471.0623,2031273160,7874,1
0.048448,0.002016,4.729566,-4471.34354,2031333307,7875,2
0.052487,0.004039,4.728433,-4469.0675,2030846583,7877,1
0.054503,0.002016,4.72822,-4468.63962,2030755129,7878,1
0.056525,0.002022,4.729272,-4470.75293,2031206927,7879,1
0.058541,0.002016,4.728584,-4469.37084,2030911373,7880,1
0.060564,0.002023,4.728776,-4469.75654,2030993580,7881,2
0.064596,0.004032,4.729101,-4470.40942,2031133254,7883,1
0.066618,0.002022,4.728103,-4468.40458,2030704606,7884,1
0.068634,0.002016,4.727733,-4467.6613,2030545739,7885,1
0.070656,0.002022,4.729034,-4470.27483,2031104480,7886,2
0.074688,0.004032,4.728867,-4469.93935,2031032889,7888,1
0.076711,0.002023,4.729289,-4470.78708,2031214199,7889,1
0.078727,0.002016,4.729713,-4471.63884,2031396263,7890,1
0.080749,0.002022,4.728712,-4469.62797,2030966402,7891,2
0.084788,0.004039,4.728362,-4468.92487,2030816098,7893,1
0.086804,0.002016,4.729434,-4471.07837,2031276583,7894,1
0.08882,0.002016,4.729335,-4470.87949,2031233992,7895,1
0.090842,0.002022,4.729415,-4471.0402,2031268434,7896,2
0.09488,0.004038,4.729769,-4471.75133,2031420245,7898,1
0.096896,0.002016,4.728785,-4469.77462,2030997486,7899,1
0.098919,0.002023,4.728195,-4468.5894,2030744337,7900,1
0.100935,0.002016,4.729103,-4470.41344,2031134200,7901,1
0.102951,0.002016,4.728969,-4470.14425,2031076421,7902,2
0.106989,0.004038,4.729012,-4470.23063,2031095180,7904,1
0.109012,0.002023,4.729602,-4471.41586,2031348622,7905,1
0.111028,0.002016,4.728598,-4469.39896,2030917134,7906,1
0.11305,0.002022,4.727828,-4467.85215,2030586729,7907,2
0.117088,0.004038,4.728805,-4469.8148,2031006086,7909,1
0.119104,0.002016,4.729099,-4470.4054,2031132638,7910,1
0.12112,0.002016,4.728942,-4470.09001,2031065286,7911,1
0.123143,0.002023,4.729706,-4471.62478,2031393463,7912,2
0.127181,0.004038,4.729034,-4470.27483,2031104870,7914,1
0.129197,0.002016,4.728144,-4468.48694,2030722453,7915,1
0.13122,0.002023,4.728884,-4469.9735,2031040175,7916,1
0.133236,0.002016,4.729284,-4470.77704,2031212071,7917,2
0.137274,0.004038,4.728835,-4469.87506,2031019307,7919,1
0.13929,0.002016,4.729442,-4471.09444,2031279770,7920,1
0.141312,0.002022,4.728993,-4470.19246,2031087124,7921,1
0.143328,0.002016,4.728018,-4468.23383,2030668456,7922,1
0.145351,0.002023,4.728504,-4469.21013,2030876826,7923,2
0.149389,0.004038,4.729235,-4470.67861,2031190769,7925,1
0.151405,0.002016,4.728874,-4469.95341,2031035891,7926,1
0.153428,0.002023,4.729517,-4471.2451,2031312211,7927,1
0.155444,0.002016,4.729101,-4470.40942,2031133594,7928,2
0.159482,0.004038,4.728092,-4468.38248,2030699947,7930,1
0.161498,0.002016,4.728469,-4469.13982,2030861773,7931,1
0.16352,0.002022,4.729399,-4471.00806,2031261184,7932,1
0.165536,0.002016,4.72903,-4470.26679,2031102897,7933,2
0.169575,0.004039,4.729742,-4471.6971,2031408684,7935,1
0.171591,0.002016,4.729651,-4471.51429,2031369288,7936,1
0.173613,0.002022,4.728844,-4469.89314,2031022919,7937,1
0.175629,0.002016,4.729057,-4470.32103,2031114404,7938,2
0.179668,0.004039,4.730079,-4472.37408,2031553284,7940,1
0.18169,0.002022,4.729495,-4471.20091,2031302422,7941,1
0.183706,0.002016,4.729993,-4472.20132,2031516675,7942,1
0.185728,0.002022,4.729662,-4471.53639,2031374364,7943,1
0.187744,0.002016,4.72832,-4468.8405,2030797994,7944,2
0.191783,0.004039,4.728174,-4468.54721,2030735157,7946,1
0.193799,0.002016,4.729349,-4470.90762,2031240113,7947,1
0.195821,0.002022,4.72879,-4469.78466,2030999883,7948,1
0.197837,0.002016,4.72932,-4470.84936,2031227406,7949,2
0.201876,0.004039,4.729384,-4470.97793,2031254886,7951,1
0.203898,0.002022,4.728268,-4468.73604,2030775648,7952,1
0.205914,0.002016,4.728202,-4468.60346,2030747074,7953,1
0.207936,0.002022,4.729467,-4471.14466,2031290704,7954,2
0.211968,0.004032,4.728968,-4470.14224,2031076268,7956,1
0.213991,0.002023,4.729369,-4470.94779,2031248653,7957,1
0.216007,0.002016,4.729613,-4471.43795,2031353474,7958,1
0.218029,0.002022,4.728519,-4469.24026,2030883188,7959,2
0.222068,0.004039,4.728226,-4468.65167,2030757728,7961,1
0.224084,0.002016,4.729378,-4470.96587,2031252412,7962,1
0.226106,0.002022,4.728971,-4470.14827,2031077372,7963,1
0.228122,0.002016,4.729369,-4470.94779,2031248685,7964,1
0.230144,0.002022,4.72967,-4471.55246,2031377677,7965,2
0.234183,0.004039,4.728612,-4469.42709,2030923280,7967,1
0.236199,0.002016,4.728128,-4468.4548,2030715397,7968,1
0.238221,0.002022,4.729181,-4470.57013,2031167561,7969,1
0.240237,0.002016,4.729043,-4470.29291,2031108183,7970,2
0.244276,0.004039,4.729507,-4471.22501,2031307520,7972,1
0.246292,0.002016,4.730176,-4472.56894,2031594925,7973,1
0.248314,0.002022,4.729384,-4470.97793,2031255135,7974,1
0.25033,0.002016,4.729004,-4470.21456,2031091765,7975,2
0.254368,0.004038,4.730278,-4472.77384,2031638897,7977,1
0.256391,0.002023,4.730191,-4472.59907,2031601431,7978,1
0.258407,0.002016,4.73016,-4472.5368,2031588344,7979,1
0.260429,0.002022,4.730491,-4473.20173,2031730229,7980,2
0.264461,0.004032,4.72937,-4470.9498,2031248741,7982,1
0.266484,0.002023,4.728572,-4469.34673,2030906050,7983,1
0.2685,0.002016,4.729317,-4470.84333,2031226151,7984,1
0.270522,0.002022,4.729239,-4470.68664,2031192810,7985,1
0.272538,0.002016,4.729064,-4470.33509,2031117574,7986,2
0.276576,0.004038,4.729535,-4471.28126,2031319646,7988,1
0.278599,0.002023,4.728725,-4469.65409,2030972007,7989,1
0.280615,0.002016,4.728042,-4468.28204,2030678598,7990,1
0.282631,0.002016,4.729016,-4470.23867,2031096966,7991,2
0.286669,0.004038,4.729322,-4470.85338,2031228135,7993,1
0.288692,0.002023,4.729128,-4470.46366,2031145020,7994,1
0.290708,0.002016,4.729685,-4471.58259,2031384024,7995,1
0.29273,0.002022,4.729056,-4470.31902,2031114036,7996,2
0.296768,0.004038,4.728384,-4468.96907,2030825441,7998,1
0.298784,0.002016,4.729216,-4470.64044,2031182830,7999,1
0.301284,0.0025,4.729939,-4472.09284,2031493384,8000,1
0.30282,0.001536,4.729652,-4471.5163,2031370151,8001,2
0.306858,0.004038,4.730144,-4472.50466,2031581209,8003,1
0.30888,0.002022,4.729634,-4471.48014,2031362461,8004,1
0.310896,0.002016,4.728517,-4469.23625,2030882669,8005,1
0.312919,0.002023,4.728796,-4469.79672,2031002556,8006,2
0.316957,0.004038,4.72934,-4470.88954,2031235803,8008,1
0.318973,0.002016,4.728911,-4470.02774,2031051740,8009,1
0.320996,0.002023,4.729516,-4471.24309,2031311781,8010,1
0.323012,0.002016,4.729199,-4470.60629,2031175533,8011,1
0.325028,0.002016,4.728315,-4468.83046,2030795968,8012,2
0.329066,0.004038,4.728625,-4469.4532,2030929135,8014,1
0.331088,0.002022,4.729605,-4471.42188,2031350069,8015,1
0.333104,0.002016,4.729244,-4470.69669,2031194907,8016,1
0.335127,0.002023,4.729956,-4472.12699,2031500538,8017,2
0.339159,0.004032,4.729928,-4472.07074,2031488361,8019,1
0.341181,0.002022,4.728961,-4470.12818,2031073577,8020,1
0.343197,0.002016,4.729041,-4470.28889,2031107503,8021,1
0.34522,0.002023,4.730191,-4472.59907,2031601626,8022,2
0.349258,0.004038,4.72949,-4471.19086,2031300291,8024,1
0.351274,0.002016,4.729968,-4472.1511,2031505875,8025,1
0.353296,0.002022,4.729874,-4471.96226,2031465402,8026,1
0.355312,0.002016,4.728641,-4469.48535,2030935565,8027,2
0.359351,0.004039,4.728493,-4469.18803,2030872250,8029,1
0.361367,0.002016,4.729686,-4471.5846,2031384817,8030,1
0.365405,0.004038,4.72975,-4471.71317,2031412108,8032,1
0.367428,0.002023,4.729902,-4472.01851,2031477470,8033,2
0.37146,0.004032,4.728854,-4469.91323,2031027317,8035,1
0.373482,0.002022,4.728723,-4469.65007,2030970902,8036,1
0.375498,0.002016,4.730077,-4472.37006,2031552755,8037,1
0.37752,0.002022,4.729692,-4471.59665,2031387459,8038,2
0.381559,0.004039,4.730461,-4473.14146,2031717566,8040,1
0.383575,0.002016,4.730742,-4473.70595,2031838174,8041,1
0.385591,0.002016,4.72935,-4470.90962,2031240410,8042,1
0.387613,0.002022,4.729033,-4470.27282,2031104127,8043,2
0.391652,0.004039,4.730015,-4472.24551,2031526132,8045,1
0.393668,0.002016,4.72944,-4471.09042,2031278912,8046,1
0.395684,0.002016,4.729786,-4471.78549,2031427541,8047,1
0.397706,0.002022,4.730165,-4472.54684,2031590295,8048,2
0.401744,0.004038,4.728719,-4469.64204,2030969423,8050,1
0.40376,0.002016,4.728223,-4468.64564,2030756253,8051,1
0.405776,0.002016,4.72953,-4471.27122,2031317734,8052,1
0.407799,0.002023,4.729521,-4471.25314,2031313904,8053,1
0.409815,0.002016,4.730074,-4472.36404,2031551331,8054,2
0.413853,0.004038,4.730705,-4473.63162,2031822180,8056,1
0.415876,0.002023,4.729433,-4471.07636,2031276040,8057,1
0.417892,0.002016,4.729009,-4470.2246,2031093848,8058,1
0.419914,0.002022,4.730138,-4472.4926,2031578766,8059,2
0.423952,0.004038,4.730171,-4472.5589,2031592924,8061,1
0.425968,0.002016,4.730402,-4473.02294,2031692010,8062,1
0.427984,0.002016,4.730927,-4474.07759,2031917433,8063,1
0.430007,0.002023,4.729666,-4471.54442,2031376211,8064,2
0.434045,0.004038,4.728898,-4470.00162,2031046099,8066,1
0.436061,0.002016,4.729593,-4471.39778,2031344821,8067,1
0.438084,0.002023,4.729609,-4471.42992,2031351527,8068,1
0.4401,0.002016,4.729472,-4471.1547,2031292535,8069,2
0.444138,0.004038,4.730258,-4472.73367,2031630642,8071,1
0.446154,0.002016,4.729293,-4470.79512,2031215864,8072,1
0.448176,0.002022,4.7286,-4469.40298,2030918279,8073,1
0.450192,0.002016,4.72958,-4471.37166,2031339239,8074,1
0.452208,0.002016,4.730193,-4472.60309,2031602305,8075,2
0.456247,0.004039,4.730207,-4472.63121,2031608245,8077,1
0.458269,0.002022,4.731214,-4474.65413,2032040686,8078,1
0.460285,0.002016,4.730502,-4473.22383,2031735116,8079,1
0.462308,0.002023,4.729565,-4471.34153,2031332624,8080,2
0.46634,0.004032,4.730011,-4472.23748,2031524216,8082,1
0.468362,0.002022,4.730494,-4473.20776,2031731581,8083,1
0.470378,0.002016,4.729951,-4472.11695,2031498330,8084,1
0.4724,0.002022,4.730697,-4473.61555,2031818695,8085,2
0.476439,0.004039,4.729798,-4471.80959,2031432876,8087,1
0.478455,0.002016,4.728424,-4469.04942,2030842552,8088,1
0.480471,0.002016,4.728668,-4469.53958,2030947404,8089,1
0.482493,0.002022,4.729457,-4471.12457,2031286277,8090,2
0.486532,0.004039,4.729099,-4470.4054,2031132651,8092,1
0.488548,0.002016,4.730045,-4472.30578,2031539060,8093,1
0.490564,0.002016,4.729727,-4471.66696,2031402207,8094,1
0.492586,0.002022,4.728952,-4470.1101,2031069332,8095,1
0.496624,0.004038,4.729616,-4471.44398,2031354735,8097,1
0.49864,0.002016,4.730923,-4474.06955,2031915984,8098,1
0.500656,0.002016,4.730602,-4473.42471,2031778196,8099,1
0.502679,0.002023,4.731684,-4475.59829,2032242630,8100,1
0.504695,0.002016,4.731284,-4474.79475,2032070978,8101,2
0.508733,0.004038,4.729886,-4471.98637,2031470315,8103,1
0.510756,0.002023,4.72971,-4471.63281,2031395113,8104,1
0.512772,0.002016,4.730535,-4473.29012,2031749398,8105,1
0.514788,0.002016,4.729744,-4471.70111,2031409722,8106,2
0.518826,0.004038,4.730489,-4473.19771,2031729688,8108,1
0.520842,0.002016,4.730122,-4472.46046,2031571725,8109,1
0.522864,0.002022,4.728585,-4469.37285,2030911796,8110,1
0.52488,0.002016,4.728382,-4468.96505,2030824387,8111,2
0.528919,0.004039,4.729581,-4471.37367,2031339466,8113,1
0.530935,0.002016,4.729063,-4470.33308,2031117097,8114,1
0.532957,0.002022,4.730068,-4472.35198,2031548683,8115,1
0.534973,0.002016,4.730362,-4472.94259,2031675109,8116,1
0.536996,0.002023,4.7291,-4470.40741,2031132857,8117,2
0.541028,0.004032,4.728915,-4470.03577,2031053751,8119,1
0.54305,0.002022,4.730238,-4472.69349,2031621602,8120,1
0.545066,0.002016,4.729882,-4471.97834,2031468964,8121,1
0.547088,0.002022,4.730198,-4472.61313,2031604626,8122,2
0.55112,0.004032,4.730361,-4472.94058,2031674553,8124,1
0.553143,0.002023,4.729371,-4470.95181,2031249380,8125,1
0.555159,0.002016,4.728997,-4470.2005,2031088849,8126,1
1.251453,0.696294,4.728493,-4469.18803,2030872431,8127,1
1.253469,0.002016,4.727658,-4467.51064,2030513729,8128,1
1.255485,0.002016,4.728383,-4468.96706,2030825043,8129,2
1.259524,0.004039,4.728696,-4469.59583,2030959442,8131,1
1.26154,0.002016,4.728148,-4468.49498,2030724073,8132,1
1.263562,0.002022,4.728499,-4469.20009,2030875000,8133,1
1.265578,0.002016,4.727942,-4468.08116,2030635479,8134,2
1.269616,0.004038,4.727115,-4466.41983,2030280570,8136,1
1.271632,0.002016,4.727748,-4467.69144,2030552455,8137,1
1.273648,0.002016,4.728148,-4468.49498,2030723851,8138,1
1.275671,0.002023,4.727586,-4467.366,2030482682,8139,2
1.279703,0.004032,4.728015,-4468.2278,2030666840,8141,1
1.281725,0.002022,4.727278,-4466.74727,2030350274,8142,1
1.283741,0.002016,4.726108,-4464.39691,2029847914,8143,1
1.285757,0.002016,4.726372,-4464.92725,2029961176,8144,2
1.289796,0.004039,4.727022,-4466.23301,2030240689,8146,1
1.291812,0.002016,4.726612,-4465.40938,2030064301,8147,1
1.293828,0.002016,4.727189,-4466.56849,2030312092,8148,1
1.29585,0.002022,4.72683,-4465.84731,2030157957,8149,1
1.297866,0.002016,4.725814,-4463.80631,2029721768,8150,2
1.301904,0.004038,4.725985,-4464.14982,2029794757,8152,1
1.30392,0.002016,4.726815,-4465.81717,2030151637,8153,1
1.305936,0.002016,4.726148,-4464.47727,2029864908,8154,1
1.307959,0.002023,4.726598,-4465.38125,2030058428,8155,2
1.311994,0.004035,4.726166,-4464.51343,2029872799,8157,1
1.31401,0.002016,4.724794,-4461.75728,2029283559,8158,1
1.316032,0.002022,4.724661,-4461.4901,2029226325,8159,1
1.318048,0.002016,4.725515,-4463.20566,2029593307,8160,2
1.322087,0.004039,4.72476,-4461.68898,2029268699,8162,1
1.324103,0.002016,4.725262,-4462.69742,2029484385,8163,1
1.326119,0.002016,4.725079,-4462.3298,2029405790,8164,1
1.328141,0.002022,4.723884,-4459.92922,2028892783,8165,2
1.332173,0.004032,4.72374,-4459.63994,2028830995,8167,1
1.334196,0.002023,4.724938,-4462.04655,2029345682,8168,1
1.336212,0.002016,4.724395,-4460.95574,2029112277,8169,1
1.338228,0.002016,4.725085,-4462.34185,2029408670,8170,2
1.342266,0.004038,4.725334,-4462.84206,2029515426,8172,1
1.344282,0.002016,4.724077,-4460.31693,2028975472,8173,1
1.346298,0.002016,4.723743,-4459.64597,2028832109,8174,1
1.34832,0.002022,4.724709,-4461.58652,2029246918,8175,1
1.350336,0.002016,4.724079,-4460.32094,2028976383,8176,2
1.354375,0.004039,4.724535,-4461.23698,2029172093,8178,1
1.356391,0.002016,4.724714,-4461.59657,2029249121,8179,1
1.358407,0.002016,4.723322,-4458.80024,2028651382,8180,1
1.360429,0.002022,4.722813,-4457.77773,2028432634,8181,2
1.364461,0.004032,4.723953,-4460.06783,2028922503,8183,1
1.366484,0.002023,4.72354,-4459.23817,2028745203,8184,1
1.3685,0.002016,4.723814,-4459.7886,2028862680,8185,1
1.370516,0.002016,4.724154,-4460.47161,2029008473,8186,2
1.374554,0.004038,4.722852,-4457.85608,2028449236,8188,1
1.37657,0.002016,4.722077,-4456.29921,2028116748,8189,1
1.378592,0.002022,4.722896,-4457.94447,2028468229,8190,1
1.380608,0.002016,4.722592,-4457.33378,2028338059,8191,2
1.384647,0.004039,4.722633,-4457.41614,2028355356,8193,1
1.386663,0.002016,4.722665,-4457.48042,2028369036,8194,1
1.388679,0.002016,4.72125,-4454.63789,2027761162,8195,1
1.390701,0.002022,4.720225,-4452.57881,2027321210,8196,1
1.392717,0.002016,4.721065,-4454.26625,2027682031,8197,2
1.396756,0.004039,4.721016,-4454.16782,2027660835,8199,1
1.398772,0.002016,4.720947,-4454.02921,2027631198,8200,1
1.400788,0.002016,4.721278,-4454.69414,2027773550,8201,1
1.40281,0.002022,4.720018,-4452.16298,2027232556,8202,2
1.406842,0.004032,4.719146,-4450.41126,2026857663,8204,1
1.408864,0.002022,4.719851,-4451.8275,2027160323,8205,1
1.41088,0.002016,4.719844,-4451.81344,2027157490,8206,1
1.412896,0.002016,4.719677,-4451.47796,2027085628,8207,2
1.416935,0.004039,4.720068,-4452.26342,2027253733,8209,1
1.418951,0.002016,4.719012,-4450.14207,2026800139,8210,1
1.420973,0.002022,4.717997,-4448.10308,2026364348,8211,1
1.422989,0.002016,4.718409,-4448.93073,2026541076,8212,2
1.427028,0.004039,4.718712,-4449.53941,2026671484,8214,1
1.429044,0.002016,4.718291,-4448.69369,2026490648,8215,1
1.43106,0.002016,4.718521,-4449.15572,2026589496,8216,1
1.433082,0.002022,4.71758,-4447.26539,2026185119,8217,1
1.435098,0.002016,4.716296,-4444.68602,2025633564,8218,2
1.439136,0.004038,4.716503,-4445.10185,2025722447,8220,1
1.441152,0.002016,4.716974,-4446.04802,2025925109,8221,1
1.443168,0.002016,4.716529,-4445.15408,2025733568,8222,1
1.445191,0.002023,4.716813,-4445.7246,2025855840,8223,2
1.449223,0.004032,4.715963,-4444.01707,2025490929,8225,1
1.451245,0.002022,4.714769,-4441.6185,2024977899,8226,1
1.453261,0.002016,4.714887,-4441.85554,2025028376,8227,1
1.455277,0.002016,4.715712,-4443.51285,2025382947,8228,2
1.459316,0.004039,4.715278,-4442.641,2025196486,8230,1
1.461332,0.002016,4.71549,-4443.06688,2025287576,8231,1
1.463354,0.002022,4.715015,-4442.11267,2025083507,8232,1
1.46537,0.002016,4.713673,-4439.41679,2024507238,8233,2
1.469408,0.004038,4.713534,-4439.13756,2024447513,8235,1
1.471424,0.002016,4.7142,-4440.47546,2024733306,8236,1
1.47344,0.002016,4.713508,-4439.08533,2024436115,8237,1
1.475463,0.002023,4.713535,-4439.13957,2024447960,8238,1
1.477479,0.002016,4.712917,-4437.89809,2024182371,8239,2
1.481517,0.004038,4.711468,-4434.98726,2023559934,8241,1
1.483533,0.002016,4.711209,-4434.46697,2023449011,8242,1
1.485549,0.002016,4.712044,-4436.14436,2023807516,8243,1
1.487572,0.002023,4.711411,-4434.87276,2023535446,8244,2
1.491604,0.004032,4.711597,-4435.2464,2023615560,8246,1
1.493626,0.002022,4.711319,-4434.68794,2023496372,8247,1
1.495642,0.002016,4.709918,-4431.87354,2022894320,8248,1
1.497658,0.002016,4.70965,-4431.33516,2022779070,8249,2
1.501696,0.004038,4.710745,-4433.53486,2023249500,8251,1
1.503712,0.002016,4.710137,-4432.31347,2022988555,8252,1
1.505735,0.002023,4.71037,-4432.78154,2023088604,8253,1
1.507751,0.002016,4.710208,-4432.4561,2023019142,8254,2
1.511789,0.004038,4.70889,-4429.80843,2022453028,8256,1
1.513805,0.002016,4.708378,-4428.7799,2022233087,8257,1
1.515828,0.002023,4.709422,-4430.87714,2022681355,8258,1
1.517844,0.002016,4.709033,-4430.0957,2022514313,8259,2
1.521876,0.004032,4.709304,-4430.6401,2022630621,8261,1
1.523898,0.002022,4.709262,-4430.55573,2022612707,8262,1
1.525914,0.002016,4.708186,-4428.3942,2022150378,8263,1
1.527936,0.002022,4.707704,-4427.42593,2021943381,8264,1
1.529952,0.002016,4.708727,-4429.48099,2022383029,8265,2
1.533984,0.004032,4.708464,-4428.95266,2022269747,8267,1
1.536007,0.002023,4.708636,-4429.29818,2022343867,8268,1
1.538023,0.002016,4.708638,-4429.3022,2022344502,8269,1
1.540039,0.002016,4.707321,-4426.65654,2021778901,8270,2
1.544077,0.004038,4.706552,-4425.11173,2021448490,8272,1
1.5461,0.002023,4.707253,-4426.51993,2021749904,8273,1
1.548116,0.002016,4.706946,-4425.90322,2021617859,8274,1
1.550132,0.002016,4.706776,-4425.56171,2021544958,8275,2
1.55417,0.004038,4.706918,-4425.84697,2021605735,8277,1
1.556186,0.002016,4.705761,-4423.52272,2021109042,8278,1
1.558208,0.002022,4.70478,-4421.55203,2020687517,8279,1
1.560224,0.002016,4.7052,-4422.39575,2020868106,8280,2
1.564263,0.004039,4.704747,-4421.48574,2020673390,8282,1
1.566279,0.002016,4.704416,-4420.82081,2020531491,8283,1
1.568295,0.002016,4.704923,-4421.8393,2020748847,8284,1
1.570317,0.002022,4.704072,-4420.12976,2020383614,8285,1
1.572333,0.002016,4.703117,-4418.21131,2019973475,8286,2
1.576372,0.004039,4.703752,-4419.48693,2020245880,8288,1
1.578388,0.002016,4.704052,-4420.08959,2020374699,8289,1
1.580404,0.002016,4.703712,-4419.40658,2020228846,8290,1
1.582426,0.002022,4.704137,-4420.26034,2020411345,8291,2
1.586464,0.004038,4.703116,-4418.2093,2019972952,8293,1
1.58848,0.002016,4.701741,-4415.44712,2019382539,8294,1
1.590496,0.002016,4.702019,-4416.00558,2019501981,8295,1
1.592512,0.002016,4.702143,-4416.25468,2019554816,8296,2
1.596551,0.004039,4.701245,-4414.45073,2019169319,8298,1
1.598573,0.002022,4.701396,-4414.75406,2019234442,8299,1
1.600589,0.002016,4.700444,-4412.84163,2018825437,8300,1
1.602605,0.002016,4.69923,-4410.40288,2018303793,8301,2
1.606644,0.004039,4.699456,-4410.85688,2018401185,8303,1
1.60866,0.002016,4.700134,-4412.21889,2018692198,8304,1
1.610682,0.002022,4.699571,-4411.0879,2018450437,8305,1
1.612698,0.002016,4.700047,-4412.04412,2018654635,8306,1
1.614714,0.002016,4.699696,-4411.33901,2018503925,8307,2
1.618752,0.004038,4.698422,-4408.77973,2017957147,8309,1
1.620768,0.002016,4.69856,-4409.05695,2018016114,8310,1
1.622791,0.002023,4.699271,-4410.48525,2018321569,8311,1
1.624807,0.002016,4.698518,-4408.97258,2017998265,8312,2
1.628845,0.004038,4.699039,-4410.01919,2018221568,8314,1
1.630861,0.002016,4.698326,-4408.58688,2017915584,8315,1
1.632877,0.002016,4.696906,-4405.7343,2017305690,8316,1
1.6349,0.002023,4.696829,-4405.57962,2017272739,8317,2
1.638932,0.004032,4.697632,-4407.19273,2017617503,8319,1
1.640954,0.002022,4.696979,-4405.88095,2017337035,8320,1
1.64297,0.002016,4.697554,-4407.03604,2017584010,8321,1
1.644986,0.002016,4.697203,-4406.33093,2017433156,8322,2
1.649024,0.004038,4.695805,-4403.52255,2016832737,8324,1
1.65104,0.002016,4.695456,-4402.82146,2016682768,8325,1
1.653063,0.002023,4.696404,-4404.72586,2017090104,8326,1
1.655079,0.002016,4.695927,-4403.76763,2016885330,8327,1
1.657101,0.002022,4.696437,-4404.79215,2017104228,8328,2
1.661133,0.004032,4.696158,-4404.23168,2016984716,8330,1
1.663156,0.002023,4.694604,-4401.10992,2016317168,8331,1
1.665172,0.002016,4.694195,-4400.28829,2016141277,8332,1
1.667188,0.002016,4.695131,-4402.16858,2016543453,8333,2
1.671226,0.004038,4.694546,-4400.9934,2016292124,8335,1
1.673242,0.002016,4.69506,-4402.02595,2016512756,8336,1
1.675264,0.002022,4.69485,-4401.60409,2016422813,8337,1
1.67728,0.002016,4.6931,-4398.0886,2015671281,8338,2
1.681319,0.004039,4.692379,-4396.64021,2015361113,8340,1
1.683335,0.002016,4.693177,-4398.24328,2015704141,8341,1
1.685357,0.002022,4.692487,-4396.85717,2015408014,8342,1
1.687373,0.002016,4.692612,-4397.10827,2015461655,8343,2
1.691412,0.004039,4.692567,-4397.01788,2015442015,8345,1
1.693428,0.002016,4.691031,-4393.93227,2014782148,8346,1
1.695444,0.002016,4.690247,-4392.35733,2014445689,8347,1
1.697466,0.002022,4.691217,-4394.30592,2014862106,8348,2
1.701498,0.004032,4.690931,-4393.73139,2014739724,8350,1
1.70352,0.002022,4.690811,-4393.49032,2014688185,8351,1
1.705536,0.002016,4.69094,-4393.74947,2014743494,8352,1
1.707552,0.002016,4.689928,-4391.7165,2014308518,8353,1
1.709575,0.002023,4.689107,-4390.06723,2013956162,8354,2
1.713613,0.004038,4.689724,-4391.3067,2014220936,8356,1
1.715629,0.002016,4.689527,-4390.91095,2014136633,8357,1
1.717645,0.002016,4.689231,-4390.31633,2014009588,8358,1
1.719668,0.002023,4.689493,-4390.84265,2014121679,8359,2
1.7237,0.004032,4.688414,-4388.6751,2013658474,8361,1
1.725722,0.002022,4.687491,-4386.82092,2013262154,8362,1
1.727738,0.002016,4.687992,-4387.82736,2013477419,8363,1
1.729754,0.002016,4.687996,-4387.83539,2013479068,8364,2
1.733792,0.004038,4.687716,-4387.27292,2013358755,8366,1
1.735808,0.002016,4.687981,-4387.80526,2013472401,8367,1
1.737831,0.002023,4.687141,-4386.11782,2013111743,8368,1
1.739847,0.002016,4.686184,-4384.19535,2012700667,8369,2
1.743885,0.004038,4.686773,-4385.37856,2012953793,8371,1
1.745901,0.002016,4.687026,-4385.8868,2013062297,8372,1
1.747924,0.002023,4.68646,-4384.74979,2012818953,8373,1
1.74994,0.002016,4.686685,-4385.20178,2012915994,8374,1
1.751956,0.002016,4.685813,-4383.45006,2012541598,8375,2
1.755994,0.004038,4.684696,-4381.20617,2012061604,8377,1
1.758016,0.002022,4.68522,-4382.25881,2012286593,8378,1
1.760032,0.002016,4.685684,-4383.19092,2012485945,8379,1
1.762048,0.002016,4.685226,-4382.27086,2012289046,8380,2
1.766087,0.004039,4.685672,-4383.16681,2012480730,8382,1
1.768103,0.002016,4.685205,-4382.22868,2012280217,8383,1
1.770125,0.002022,4.684079,-4379.96671,2011796623,8384,1
1.772141,0.002016,4.684464,-4380.74012,2011961917,8385,2
1.77618,0.004039,4.685171,-4382.16038,2012265412,8387,1
1.778196,0.002016,4.684529,-4380.87069,2011990074,8388,1
1.780218,0.002022,4.684746,-4381.30661,2012082950,8389,1
1.782234,0.002016,4.684389,-4380.58945,2011929567,8390,2
1.786272,0.004038,4.683346,-4378.49421,2011481888,8392,1
1.788288,0.002016,4.683305,-4378.41185,2011464282,8393,1
1.790304,0.002016,4.684129,-4380.06715,2011817998,8394,1
1.792327,0.002023,4.68361,-4379.02455,2011595392,8395,1
1.794343,0.002016,4.68384,-4379.48659,2011693931,8396,2
1.798381,0.004038,4.683548,-4378.9,2011568582,8398,1
1.800397,0.002016,4.682433,-4376.66013,2011089817,8399,1
1.80242,0.002023,4.682261,-4376.31461,2011016117,8400,1
1.804436,0.002016,4.6832,-4378.20092,2011419259,8401,2
1.808474,0.004038,4.682629,-4377.05387,2011173694,8403,1
1.81049,0.002016,4.682841,-4377.47974,2011265086,8404,1
1.812512,0.002022,4.682609,-4377.01369,2011165018,8405,1
1.814528,0.002016,4.681458,-4374.70149,2010670592,8406,2
1.818567,0.004039,4.681248,-4374.27963,2010580464,8408,1
1.820583,0.002016,4.682357,-4376.50746,2011057136,8409,1
1.822605,0.002022,4.681808,-4375.40459,2010821284,8410,1
1.824621,0.002016,4.682087,-4375.96507,2010941124,8411,2
1.82866,0.004039,4.681938,-4375.66575,2010877024,8413,1
1.830676,0.002016,4.680774,-4373.32744,2010377192,8414,1
1.832692,0.002016,4.680391,-4372.55805,2010212422,8415,1
1.834714,0.002022,4.681302,-4374.38811,2010603781,8416,1
1.83673,0.002016,4.680619,-4373.01606,2010310388,8417,2
1.840768,0.004038,4.680693,-4373.16472,2010342393,8419,1
1.842784,0.002016,4.680686,-4373.15066,2010339055,8420,1
1.844807,0.002023,4.679656,-4371.08154,2009896969,8421,1
1.846823,0.002016,4.679029,-4369.82198,2009627336,8422,2
1.850861,0.004038,4.679965,-4371.70227,2010029665,8424,1
1.852877,0.002016,4.679548,-4370.86458,2009850764,8425,1
1.8549,0.002023,4.679588,-4370.94493,2009867855,8426,1
1.856916,0.002016,4.679669,-4371.10765,2009902648,8427,2
1.860954,0.004038,4.6783,-4368.35753,2009314712,8429,1
1.86297,0.002016,4.67762,-4366.99151,2009022506,8430,1
1.864986,0.002016,4.678499,-4368.75729,2009400134,8431,1
1.867008,0.002022,4.678168,-4368.09236,2009257678,8432,2
1.87104,0.004032,4.67825,-4368.25708,2009292913,8434,1
1.873063,0.002023,4.678792,-4369.34588,2009525645,8435,1
1.875079,0.002016,4.677369,-4366.48728,2008914636,8436,1
1.877101,0.002022,4.676426,-4364.59293,2008509685,8437,2
1.881133,0.004032,4.677049,-4365.84445,2008777140,8439,1
1.883156,0.002023,4.67687,-4365.48486,2008700444,8440,1
1.885172,0.002016,4.676683,-4365.10921,2008620172,8441,1
1.887194,0.002022,4.677201,-4366.14979,2008842681,8442,1
1.88921,0.002016,4.675735,-4363.20481,2008212834,8443,2
1.893248,0.004038,4.674668,-4361.06136,2007754593,8445,1
1.895264,0.002016,4.675143,-4362.01557,2007958701,8446,1
1.897287,0.002023,4.67504,-4361.80866,2007914326,8447,1
1.899303,0.002016,4.674453,-4360.62946,2007662411,8448,2
1.903341,0.004038,4.674966,-4361.66,2007882505,8450,1
1.905357,0.002016,4.673747,-4359.21121,2007358948,8451,1
1.90738,0.002023,4.672563,-4356.83272,2006850317,8452,1
1.909396,0.002016,4.672863,-4357.43538,2006979157,8453,2
1.913434,0.004038,4.673135,-4357.98179,2007096212,8455,1
1.91545,0.002016,4.672748,-4357.20436,2006930003,8456,1
1.917466,0.002016,4.673689,-4359.09469,2007334074,8457,1
1.919488,0.002022,4.672715,-4357.13807,2006915933,8458,2
1.92352,0.004032,4.671543,-4354.78369,2006412324,8460,1
1.925543,0.002023,4.671862,-4355.42451,2006549512,8461,1
1.927559,0.002016,4.672306,-4356.31645,2006739976,8462,1
1.929581,0.002022,4.671615,-4354.92833,2006443319,8463,1
1.931597,0.002016,4.672234,-4356.17181,2006709008,8464,2
1.935636,0.004039,4.671348,-4354.39196,2006328741,8466,1
1.937652,0.002016,4.66995,-4351.58358,2005728137,8467,1
1.939668,0.002016,4.669915,-4351.51327,2005713080,8468,1
1.94169,0.002022,4.670587,-4352.86322,2006001823,8469,2
1.945728,0.004038,4.669979,-4351.64184,2005740501,8471,1
1.947744,0.002016,4.670324,-4352.33489,2005888896,8472,1
1.94976,0.002016,4.670041,-4351.76639,2005767275,8473,1
1.951783,0.002023,4.668595,-4348.86158,2005146202,8474,2
1.955821,0.004038,4.66848,-4348.63056,2005096973,8476,1
1.957837,0.002016,4.669359,-4350.39635,2005474577,8477,1
1.959853,0.002016,4.668658,-4348.98814,2005173186,8478,1
1.961876,0.002023,4.668693,-4349.05845,2005188122,8479,2
1.965908,0.004032,4.668365,-4348.39954,2005047540,8481,1
1.96793,0.002022,4.666972,-4345.60121,2004448993,8482,1
1.969946,0.002016,4.666666,-4344.9865,2004317817,8483,1
1.971968,0.002022,4.667663,-4346.98933,2004745856,8484,1
1.973984,0.002016,4.66718,-4346.01905,2004538560,8485,2
1.978023,0.004039,4.667461,-4346.58354,2004659222,8487,1
1.980039,0.002016,4.667366,-4346.3927,2004618242,8488,1
1.982055,0.002016,4.66599,-4343.62851,2004027399,8489,1
1.984077,0.002022,4.66562,-4342.88523,2003868607,8490,2
1.988109,0.004032,4.666626,-4344.90614,2004300375,8492,1
1.990132,0.002023,4.666163,-4343.97604,2004101871,8493,1
1.992148,0.002016,4.666367,-4344.38585,2004189287,8494,1
1.99417,0.002022,4.666335,-4344.32157,2004175520,8495,2
1.998202,0.004032,4.665059,-4341.75827,2003627492,8497,1
2.000224,0.002022,4.664591,-4340.81812,2003426573,8498,1
2.00224,0.002016,4.665547,-4342.73859,2003837232,8499,1
2.004256,0.002016,4.665081,-4341.80246,2003636807,8500,2
2.008295,0.004039,4.665239,-4342.11986,2003704789,8502,1
2.010317,0.002022,4.665284,-4342.21026,2003724333,8503,1
2.012333,0.002016,4.664003,-4339.63691,2003174052,8504,1
2.014349,0.002016,4.663347,-4338.3191,2002892389,8505,1
2.016372,0.002023,4.664365,-4340.36412,2003329570,8506,2
2.020404,0.004032,4.664069,-4339.7695,2003202450,8508,1
2.022426,0.002022,4.66425,-4340.1331,2003280299,8509,1
2.024442,0.002016,4.664424,-4340.48264,2003354962,8510,1
2.026464,0.002022,4.662708,-4337.03545,2002617920,8511,2
2.030496,0.004032,4.66186,-4335.33194,2002253343,8513,1
2.032519,0.002023,4.662847,-4337.31468,2002677222,8514,1
2.034535,0.002016,4.662642,-4336.90286,2002589535,8515,1
2.036551,0.002016,4.662629,-4336.87675,2002583819,8516,2
2.040589,0.004038,4.662934,-4337.48945,2002715157,8518,1
2.042612,0.002023,4.661474,-4334.55652,2002087621,8519,1
2.044628,0.002016,4.660505,-4332.60994,2001671775,8520,1
2.046644,0.002016,4.661088,-4333.7811,2001922152,8521,2
2.050682,0.004038,4.661037,-4333.67865,2001900275,8523,1
2.052704,0.002022,4.660985,-4333.57419,2001877591,8524,1
2.05472,0.002016,4.661449,-4334.5063,2002076772,8525,1
2.056736,0.002016,4.660311,-4332.22022,2001588543,8526,1
2.058759,0.002023,4.659338,-4330.2656,2001170126,8527,2
2.062791,0.004032,4.659889,-4331.37248,2001407118,8529,1
2.064813,0.002022,4.660279,-4332.15593,2001574771,8530,1
2.066829,0.002016,4.660049,-4331.6939,2001475656,8531,1
2.068852,0.002023,4.660386,-4332.37088,2001620358,8532,2
2.072884,0.004032,4.659354,-4330.29774,2001177235,8534,1
2.074906,0.002022,4.658167,-4327.91323,2000667633,8535,1
2.076922,0.002016,4.658581,-4328.7449,2000845459,8536,1
2.078938,0.002016,4.658975,-4329.53639,2001014232,8537,2
2.082976,0.004038,4.658633,-4328.84936,2000867807,8539,1
2.084999,0.002023,4.659687,-4330.96669,2001320466,8540,1
2.087015,0.002016,4.658662,-4328.90761,2000880185,8541,1
2.089031,0.002016,4.657196,-4325.96263,2000250258,8542,2
2.093069,0.004038,4.657295,-4326.16151,2000293132,8544,1
2.095085,0.002016,4.657836,-4327.2483,2000525166,8545,1
2.097108,0.002023,4.657282,-4326.13539,2000287398,8546,1
2.099124,0.002016,4.658353,-4328.28688,2000747474,8547,2
2.103162,0.004038,4.657483,-4326.53917,2000373559,8549,1
2.105178,0.002016,4.655751,-4323.05983,1999629895,8550,1
2.1072,0.002022,4.655916,-4323.3913,1999700718,8551,1
2.109216,0.002016,4.656663,-4324.89191,2000021738,8552,1
2.111232,0.002016,4.65588,-4323.31898,1999685263,8553,2
2.115271,0.004039,4.656658,-4324.88187,2000019452,8555,1
2.117287,0.002016,4.656192,-4323.94574,1999819342,8556,1
2.119309,0.002022,4.654462,-4320.47042,1999076148,8557,1
2.121325,0.002016,4.65427,-4320.08472,1998993780,8558,2
2.125364,0.004039,4.655118,-4321.78823,1999357652,8560,1
2.12738,0.002016,4.65439,-4320.32578,1999045401,8561,1
2.129396,0.002016,4.655226,-4322.00519,1999404224,8562,1
2.131418,0.002022,4.655096,-4321.74403,1999348524,8563,2
2.135456,0.004038,4.653203,-4317.94127,1998535458,8565,1
2.137472,0.002016,4.652942,-4317.41696,1998423226,8566,1
2.139488,0.002016,4.653869,-4319.27917,1998821332,8567,1
2.141511,0.002023,4.65321,-4317.95533,1998538267,8568,2
2.145543,0.004032,4.653996,-4319.53429,1998876101,8570,1
2.147565,0.002022,4.654056,-4319.65482,1998901721,8571,1
2.149581,0.002016,4.652295,-4316.11723,1998145364,8572,1
2.151604,0.002023,4.651991,-4315.50654,1998014837,8573,1
2.15362,0.002016,4.653039,-4317.61182,1998465212,8574,2
2.157658,0.004038,4.652652,-4316.83439,1998298868,8576,1
2.159674,0.002016,4.653051,-4317.63592,1998470223,8577,1
2.16169,0.002016,4.653327,-4318.19037,1998588702,8578,1
2.163712,0.002022,4.651657,-4314.83558,1997871541,8579,2
2.167744,0.004032,4.651143,-4313.80303,1997650572,8581,1
2.169767,0.002023,4.652146,-4315.81791,1998081355,8582,1
2.171783,0.002016,4.651792,-4315.10677,1997929161,8583,1
2.173805,0.002022,4.651938,-4315.40007,1997992431,8584,2
2.177837,0.004032,4.652182,-4315.89023,1998096923,8586,1
2.17986,0.002023,4.650673,-4312.85886,1997448835,8587,1
2.181876,0.002016,4.649895,-4311.29597,1997114476,8588,1
2.183892,0.002016,4.650661,-4312.83476,1997443867,8589,2
2.18793,0.004038,4.650155,-4311.81828,1997226505,8591,1
2.189952,0.002022,4.650023,-4311.55311,1997169641,8592,1
2.191968,0.002016,4.650299,-4312.10755,1997288148,8593,1
2.193984,0.002016,4.648814,-4309.1244,1996650457,8594,1
2.196007,0.002023,4.647846,-4307.17983,1996234714,8595,2
2.200039,0.004032,4.648721,-4308.93758,1996610486,8597,1
2.202061,0.002022,4.648796,-4309.08824,1996642433,8598,1
2.204077,0.002016,4.648699,-4308.89338,1996600829,8599,1
2.2061,0.002023,4.649161,-4309.82147,1996799652,8600,2
2.210132,0.004032,4.64776,-4307.00707,1996197632,8602,1
2.212148,0.002016,4.64656,-4304.59644,1995682408,8603,1
2.21417,0.002022,4.647235,-4305.95242,1995972168,8604,1
2.216186,0.002016,4.647266,-4306.01469,1995985686,8605,2
2.220224,0.004038,4.647012,-4305.50444,1995876338,8607,1
2.22224,0.002016,4.647559,-4306.60329,1996111501,8608,1
2.224263,0.002023,4.646671,-4304.81942,1995729985,8609,1
2.226279,0.002016,4.645623,-4302.71414,1995279813,8610,2
2.230317,0.004038,4.646339,-4304.15248,1995587625,8612,1
2.232333,0.002016,4.646832,-4305.14285,1995799412,8613,1
2.234356,0.002023,4.64673,-4304.93795,1995755275,8614,1
2.236372,0.002016,4.647196,-4305.87407,1995955577,8615,1
2.238388,0.002016,4.646322,-4304.11833,1995580041,8616,2
2.242426,0.004038,4.645146,-4301.75592,1995074957,8618,1
2.244448,0.002022,4.645408,-4302.28224,1995187611,8619,1
2.246464,0.002016,4.645841,-4303.15207,1995373384,8620,1
2.24848,0.002016,4.645239,-4301.94274,1995115075,8621,2
2.252519,0.004039,4.64537,-4302.2059,1995171024,8623,1
2.254535,0.002016,4.644554,-4300.56667,1994820544,8624,1
2.256557,0.002022,4.643202,-4297.8507,1994239958,8625,1
2.258573,0.002016,4.643302,-4298.05159,1994283268,8626,2
2.262612,0.004039,4.643924,-4299.3011,1994550122,8628,1
2.264628,0.002016,4.64343,-4298.30872,1994338170,8629,1
2.26665,0.002022,4.643933,-4299.31917,1994554279,8630,1
2.268666,0.002016,4.643459,-4298.36698,1994350414,8631,2
2.272704,0.004038,4.642062,-4295.56061,1993750475,8633,1
2.27472,0.002016,4.642131,-4295.69922,1993780267,8634,1
2.276736,0.002016,4.643043,-4297.53129,1994171534,8635,1
2.278759,0.002023,4.64253,-4296.50075,1993951665,8636,2
2.282797,0.004038,4.64297,-4297.38465,1994140577,8638,1
2.284813,0.002016,4.642856,-4297.15564,1994091365,8639,1
2.286829,0.002016,4.64155,-4294.53207,1993530514,8640,1
2.288852,0.002023,4.64156,-4294.55216,1993534583,8641,1
2.290868,0.002016,4.642567,-4296.57508,1993967277,8642,2
2.294906,0.004038,4.641794,-4295.02223,1993635474,8644,1
2.296922,0.002016,4.641885,-4295.20504,1993674579,8645,1
2.298944,0.002022,4.641493,-4294.41757,1993506084,8646,1
2.30096,0.002016,4.639861,-4291.13911,1992805117,8647,2
2.304999,0.004039,4.639552,-4290.51838,1992672462,8649,1
2.307015,0.002016,4.64058,-4292.58348,1993114127,8650,1
2.309037,0.002022,4.64013,-4291.6795,1992920534,8651,1
2.311053,0.002016,4.640761,-4292.94708,1993191677,8652,2
2.315092,0.004039,4.641067,-4293.56179,1993322820,8654,1
2.317108,0.002016,4.63983,-4291.07684,1992791713,8655,1
2.319517,0.002409,4.639139,-4289.68872,1992494858,8656,1
2.321146,0.001629,4.639985,-4291.38821,1992858517,8657,2
2.325178,0.004032,4.639298,-4290.00813,1992563262,8659,1
2.3272,0.002022,4.639526,-4290.46615,1992661320,8660,1
2.329216,0.002016,4.639577,-4290.5686,1992683057,8661,1
2.331232,0.002016,4.637849,-4287.0973,1991941143,8662,1
2.333255,0.002023,4.637209,-4285.81163,1991666288,8663,2
2.337293,0.004038,4.638148,-4287.69794,1992069516,8665,1
2.339309,0.002016,4.637898,-4287.19573,1991962135,8666,1
2.341325,0.002016,4.638297,-4287.99726,1992133297,8667,1
2.343348,0.002023,4.638931,-4289.27088,1992405649,8668,2
2.34738,0.004032,4.6373,-4285.99443,1991704995,8670,1
2.349402,0.002022,4.636456,-4284.29896,1991342489,8671,1
2.351418,0.002016,4.637306,-4286.00649,1991707719,8672,1
2.35344,0.002022,4.636994,-4285.37972,1991573577,8673,2
2.357472,0.004032,4.636984,-4285.35963,1991569528,8675,1
2.359495,0.002023,4.637513,-4286.42232,1991796593,8676,1
2.361511,0.002016,4.635743,-4282.86664,1991036491,8677,1
2.363527,0.002016,4.634777,-4280.92609,1990621634,8678,2
2.367565,0.004038,4.635579,-4282.53719,1990965997,8680,1
2.369581,0.002016,4.635616,-4282.61152,1990981845,8681,1
2.371604,0.002023,4.635749,-4282.8787,1991038967,8682,1
2.37362,0.002016,4.636644,-4284.67662,1991423401,8683,1
2.375636,0.002016,4.635459,-4282.29613,1990914148,8684,2
2.379674,0.004038,4.634443,-4280.25513,1990478091,8686,1
2.381696,0.002022,4.635058,-4281.49058,1990742425,8687,1
2.383712,0.002016,4.635175,-4281.72561,1990792379,8688,1
2.385728,0.002016,4.634926,-4281.22541,1990685730,8689,2
2.389767,0.004039,4.635635,-4282.64969,1990990082,8691,1
2.391783,0.002016,4.634357,-4280.08237,1990441459,8692,1
2.393805,0.002022,4.633041,-4277.43872,1989876007,8693,1
2.395821,0.002016,4.63342,-4278.20007,1990038478,8694,2
2.39986,0.004039,4.633853,-4279.06991,1990224829,8696,1
2.401876,0.002016,4.63365,-4278.66211,1990137779,8697,1
2.403898,0.002022,4.634324,-4280.01608,1990427013,8698,1
2.405914,0.002016,4.633377,-4278.11369,1990020045,8699,2
2.409952,0.004038,4.632084,-4275.51624,1989464948,8701,1
2.411968,0.002016,4.63228,-4275.90998,1989549244,8702,1
2.413984,0.002016,4.63282,-4276.99476,1989780923,8703,1
2.416007,0.002023,4.632386,-4276.12292,1989594622,8704,1
2.418023,0.002016,4.633214,-4277.78625,1989950233,8705,2
2.422061,0.004038,4.632524,-4276.40014,1989653726,8707,1
2.424077,0.002016,4.631072,-4273.48328,1989030018,8708,1
2.4261,0.002023,4.631186,-4273.71229,1989079330,8709,1
2.428116,0.002016,4.631904,-4275.15465,1989387426,8710,2
2.432154,0.004038,4.631367,-4274.07589,1989157049,8712,1
2.43417,0.002016,4.631858,-4275.06224,1989367789,8713,1
2.436192,0.002022,4.631272,-4273.88505,1989116308,8714,1
2.438208,0.002016,4.629664,-4270.65481,1988425701,8715,2
2.442247,0.004039,4.62967,-4270.66686,1988427884,8717,1
2.444263,0.002016,4.630483,-4272.30006,1988777386,8718,1
2.446279,0.002016,4.629912,-4271.15301,1988532234,8719,1
2.448301,0.002022,4.6305,-4272.33421,1988784714,8720,2
2.45234,0.004039,4.630403,-4272.13935,1988743016,8722,1
2.454356,0.002016,4.6287,-4268.71827,1988011665,8723,1
2.456372,0.002016,4.628419,-4268.15378,1987891123,8724,1
2.458394,0.002022,4.629317,-4269.95774,1988276328,8725,1
2.46041,0.002016,4.628708,-4268.73434,1988014834,8726,2
2.464448,0.004038,4.629261,-4269.84524,1988252515,8728,1
2.466464,0.002016,4.629211,-4269.7448,1988230606,8729,1
2.46848,0.002016,4.627312,-4265.92998,1987415367,8730,1
2.470503,0.002023,4.626823,-4264.94765,1987205546,8731,2
2.474541,0.004038,4.627838,-4266.98664,1987641232,8733,1
2.476557,0.002016,4.627061,-4265.42576,1987307662,8734,1
2.478573,0.002016,4.6272,-4265.70499,1987366997,8735,1
2.480596,0.002023,4.627318,-4265.94203,1987418100,8736,2
2.484628,0.004032,4.625687,-4262.66559,1986717392,8738,1
2.48665,0.002022,4.625144,-4261.57478,1986484278,8739,1
2.488666,0.002016,4.626164,-4263.62381,1986921997,8740,1
2.490682,0.002016,4.625464,-4262.21761,1986621545,8741,2
2.49472,0.004038,4.625607,-4262.50488,1986683190,8743,1
2.496743,0.002023,4.625962,-4263.21802,1986835596,8744,1
2.498759,0.002016,4.624565,-4260.41165,1986235627,8745,1
2.500775,0.002016,4.623865,-4259.00545,1985935034,8746,2
2.504813,0.004038,4.624838,-4260.96007,1986352931,8748,1
2.506829,0.002016,4.624412,-4260.1043,1986169697,8749,1
2.508852,0.002023,4.624358,-4259.99582,1986146631,8750,1
2.510868,0.002016,4.624717,-4260.717,1986300802,8751,1
2.51289,0.002022,4.623274,-4257.81822,1985681330,8752,2
2.516922,0.004032,4.622529,-4256.32162,1985361019,8754,1
2.518944,0.002022,4.623336,-4257.94277,1985707633,8755,1
2.52096,0.002016,4.622891,-4257.04883,1985516348,8756,1
2.522976,0.002016,4.622701,-4256.66715,1985435023,8757,2
2.527015,0.004039,4.623293,-4257.85639,1985689510,8759,1
2.529031,0.002016,4.622257,-4255.77521,1985244395,8760,1
2.531053,0.002022,4.621357,-4253.96724,1984857504,8761,1
2.533069,0.002016,4.622048,-4255.35536,1985154578,8762,2
2.537108,0.004039,4.62223,-4255.72097,1985232320,8764,1
2.539124,0.002016,4.622135,-4255.53013,1985191708,8765,1
2.541146,0.002022,4.622746,-4256.75754,1985454398,8766,1
2.543162,0.002016,4.621616,-4254.48754,1984969200,8767,2
2.5472,0.004038,4.620369,-4251.98249,1984433157,8769,1
2.549216,0.002016,4.620903,-4253.05522,1984662722,8770,1
2.551232,0.002016,4.620825,-4252.89853,1984629398,8771,1
2.553255,0.002023,4.620087,-4251.416,1984312028,8772,1
2.555271,0.002016,4.620691,-4252.62934,1984571603,8773,2
2.559309,0.004038,4.619494,-4250.22474,1984057916,8775,1
2.561325,0.002016,4.617992,-4247.20744,1983412348,8776,1
2.563348,0.002023,4.618221,-4247.66747,1983510748,8777,1
2.565364,0.002016,4.618757,-4248.74422,1983741171,8778,2
2.569402,0.004038,4.618312,-4247.85028,1983549856,8780,1
2.571418,0.002016,4.618866,-4248.96318,1983787646,8781,1
2.573434,0.002016,4.618345,-4247.91657,1983563970,8782,1
2.575456,0.002022,4.61725,-4245.71687,1983093806,8783,2
2.579488,0.004032,4.617753,-4246.72733,1983309794,8785,1
2.581511,0.002023,4.61864,-4248.50918,1983690813,8786,1
2.583527,0.002016,4.618372,-4247.97081,1983575794,8787,1
2.585549,0.002022,4.619158,-4249.54977,1983913030,8788,2
2.589581,0.004032,4.618539,-4248.30629,1983647419,8790,1
2.591604,0.002023,4.61691,-4245.03386,1982947702,8791,1
2.59362,0.002016,4.616732,-4244.67628,1982871447,8792,1
2.595636,0.002016,4.617377,-4245.972,1983148116,8793,1
2.597658,0.002022,4.6168,-4244.81289,1982900291,8794,2
2.601696,0.004038,4.617442,-4246.10257,1983176373,8796,1
2.603712,0.002016,4.616926,-4245.066,1982954794,8797,1
2.605728,0.002016,4.615347,-4241.89402,1982276507,8798,1
2.607751,0.002023,4.615251,-4241.70117,1982235184,8799,2
2.611783,0.004032,4.616046,-4243.29821,1982576803,8801,1
2.613805,0.002022,4.615402,-4242.00451,1982299858,8802,1
2.615821,0.002016,4.61608,-4243.36651,1982591254,8803,1
2.617844,0.002023,4.615824,-4242.85224,1982481443,8804,2
2.621876,0.004032,4.61411,-4239.40906,1981745025,8806,1
2.623898,0.002022,4.614008,-4239.20416,1981701498,8807,1
2.625914,0.002016,4.615068,-4241.33355,1982156324,8808,1
2.62793,0.002016,4.614571,-4240.33515,1981942902,8809,2
2.631968,0.004038,4.61508,-4241.35765,1982161603,8811,1
2.633991,0.002023,4.615197,-4241.59269,1982211813,8812,1
2.636007,0.002016,4.613503,-4238.18969,1981484593,8813,1
2.638023,0.002016,4.613216,-4237.61315,1981361413,8814,1
2.640045,0.002022,4.614322,-4239.83494,1981836075,8815,2
2.644084,0.004039,4.61395,-4239.08765,1981676393,8817,1
2.6461,0.002016,4.614409,-4240.00971,1981873588,8818,1
2.648116,0.002016,4.614562,-4240.31707,1981939320,8819,1
2.650138,0.002022,4.613009,-4237.19731,1981272597,8820,2
2.65417,0.004032,4.612478,-4236.13061,1981044344,8822,1
2.656192,0.002022,4.613492,-4238.16759,1981479732,8823,1
2.658208,0.002016,4.61317,-4237.52074,1981341544,8824,1
2.660224,0.002016,4.613399,-4237.98077,1981439731,8825,2
2.664263,0.004039,4.61358,-4238.34437,1981517735,8827,1
2.666285,0.002022,4.61233,-4235.8333,1980980417,8828,1
2.668301,0.002016,4.611705,-4234.57777,1980712265,8829,1
2.670317,0.002016,4.612598,-4236.37167,1981095992,8830,2
2.674356,0.004039,4.612328,-4235.82928,1980979896,8832,1
2.676372,0.002016,4.612471,-4236.11655,1981041291,8833,1
2.678394,0.002022,4.612509,-4236.19289,1981057629,8834,1
2.68041,0.002016,4.61088,-4232.92046,1980358051,8835,2
2.684448,0.004038,4.609914,-4230.9799,1979942962,8837,1
2.686464,0.002016,4.610543,-4232.24347,1980213033,8838,1
2.688487,0.002023,4.61047,-4232.09683,1980181643,8839,1
2.690503,0.002016,4.610512,-4232.1812,1980199920,8840,1
2.692519,0.002016,4.61096,-4233.08117,1980392311,8841,2
2.696557,0.004038,4.609892,-4230.93571,1979933602,8843,1
2.69858,0.002023,4.60898,-4229.10363,1979541947,8844,1
2.700596,0.002016,4.609674,-4230.49778,1979840179,8845,1
2.702612,0.002016,4.609871,-4230.89352,1979924654,8846,2
2.70665,0.004038,4.609757,-4230.66451,1979875801,8848,1
2.708672,0.002022,4.610201,-4231.55645,1980066190,8849,1
2.710688,0.002016,4.609047,-4229.23823,1979570750,8850,1
2.712704,0.002016,4.607819,-4226.77135,1979043004,8851,2
2.716743,0.004039,4.608438,-4228.01483,1979309019,8853,1
2.718759,0.002016,4.608907,-4228.95699,1979510370,8854,1
2.720781,0.002022,4.608458,-4228.05501,1979317488,8855,1
2.722797,0.002016,4.60921,-4229.56567,1979640604,8856,2
2.726836,0.004039,4.608134,-4227.40414,1979178370,8858,1
2.728852,0.002016,4.606858,-4224.84084,1978630257,8859,1
2.730874,0.002022,4.607183,-4225.49372,1978770309,8860,1
2.73289,0.002016,4.607707,-4226.54636,1978995036,8861,1
2.734906,0.002016,4.607235,-4225.59818,1978792337,8862,2
2.738944,0.004038,4.60825,-4227.63717,1979228174,8864,1
2.74096,0.002016,4.607532,-4226.19481,1978919833,8865,1
2.742983,0.002023,4.606119,-4223.3563,1978312782,8866,1
2.744999,0.002016,4.606471,-4224.06341,1978464303,8867,2
2.749037,0.004038,4.607169,-4225.46559,1978764200,8869,1
2.751053,0.002016,4.606623,-4224.36876,1978529586,8870,1
2.753076,0.002023,4.607438,-4226.00598,1978879382,8871,1
2.755092,0.002016,4.606845,-4224.81473,1978624735,8872,2
2.75913,0.004038,4.605296,-4221.70301,1977959529,8874,1
2.761146,0.002016,4.605268,-4221.64676,1977947434,8875,1
2.763168,0.002022,4.606074,-4223.2659,1978293950,8876,1
2.765184,0.002016,4.605409,-4221.93001,1978007926,8877,2
2.769223,0.004039,4.606271,-4223.66164,1978378274,8879,1
2.771239,0.002016,4.606149,-4223.41656,1978325747,8880,1
2.773261,0.002022,4.604628,-4220.36109,1977672733,8881,1
2.775277,0.002016,4.604612,-4220.32895,1977666085,8882,1
2.777293,0.002016,4.60564,-4222.39405,1978107371,8883,2
2.781332,0.004039,4.605168,-4221.44587,1977904472,8885,1
2.783348,0.002016,4.605741,-4222.59695,1978150838,8886,1
2.78537,0.002022,4.605678,-4222.47039,1978123348,8887,1
2.787386,0.002016,4.604164,-4219.42898,1977473189,8888,2
2.791424,0.004038,4.603783,-4218.66361,1977309562,8890,1
2.79344,0.002016,4.604721,-4220.54792,1977712334,8891,1
2.795463,0.002023,4.604098,-4219.2964,1977445082,8892,1
2.797479,0.002016,4.604394,-4219.89102,1977572395,8893,2
2.801517,0.004038,4.604401,-4219.90508,1977574900,8895,1
2.803533,0.002016,4.602867,-4216.8235,1976916167,8896,1
2.805556,0.002023,4.602374,-4215.83313,1976704362,8897,1
2.807572,0.002016,4.603323,-4217.73953,1977112025,8898,2
2.81161,0.004038,4.602815,-4216.71904,1976893840,8900,1
2.813626,0.002016,4.603094,-4217.27951,1977013645,8901,1
2.815648,0.002022,4.603372,-4217.83797,1977133092,8902,1
2.817664,0.002016,4.601761,-4214.6017,1976441331,8903,1
2.81968,0.002016,4.601095,-4213.2638,1976155094,8904,2
2.823719,0.004039,4.602084,-4215.25056,1976579837,8906,1
2.825735,0.002016,4.601864,-4214.80861,1976485656,8907,1
2.827757,0.002022,4.602037,-4215.15615,1976559670,8908,1
2.829773,0.002016,4.602487,-4216.06013,1976753118,8909,2
2.833812,0.004039,4.601001,-4213.07497,1976114757,8911,1
2.835828,0.002016,4.600104,-4211.27303,1975729720,8912,1
2.83785,0.002022,4.600876,-4212.82386,1976061022,8913,1
2.839866,0.002016,4.600637,-4212.34375,1975958391,8914,2
2.843904,0.004038,4.600632,-4212.3337,1975956217,8916,1
2.84592,0.002016,4.601053,-4213.17943,1976137194,8917,1
2.847943,0.002023,4.599895,-4210.85318,1975639825,8918,1
2.849959,0.002016,4.599021,-4209.09744,1975264596,8919,2
2.853997,0.004038,4.59988,-4210.82304,1975633326,8921,1
2.856013,0.002016,4.599882,-4210.82706,1975634056,8922,1
2.858036,0.002023,4.599941,-4210.94558,1975659573,8923,1
2.860052,0.002016,4.600748,-4212.56673,1976005958,8924,1
2.862068,0.002016,4.599363,-4209.78446,1975411471,8925,2
2.866106,0.004038,4.598235,-4207.51848,1974926702,8927,1
2.868122,0.002016,4.598805,-4208.66352,1975171730,8928,1
2.870144,0.002022,4.598895,-4208.84432,1975210471,8929,1
2.87216,0.002016,4.598753,-4208.55906,1975149582,8930,2
2.876199,0.004039,4.599505,-4210.06972,1975472368,8932,1
2.878215,0.002016,4.598361,-4207.77159,1974980811,8933,1
2.880237,0.002022,4.597351,-4205.74265,1974547140,8934,1
2.882253,0.002016,4.59797,-4206.98613,1974813046,8935,2
2.886292,0.004039,4.598545,-4208.14122,1975060103,8937,1
2.888308,0.002016,4.598302,-4207.65307,1974955543,8938,1
2.89033,0.002022,4.599172,-4209.40077,1975329373,8939,1
2.892346,0.002016,4.598204,-4207.4562,1974913353,8940,2
2.896384,0.004038,4.596787,-4204.60965,1974305091,8942,1
2.8984,0.002016,4.596996,-4205.0295,1974394800,8943,1
2.900423,0.002023,4.597586,-4206.21473,1974648118,8944,1
2.902439,0.002016,4.597225,-4205.48953,1974493114,8945,2
2.906477,0.004038,4.598024,-4207.09461,1974836533,8947,1
2.908493,0.002016,4.597376,-4205.79287,1974557840,8948,1
2.910516,0.002023,4.595939,-4202.90614,1973940817,8949,1
2.912532,0.002016,4.596111,-4203.25167,1974014768,8950,1
2.914548,0.002016,4.597064,-4205.16611,1974423977,8951,2
2.918586,0.004038,4.596822,-4204.67996,1974319981,8953,1
2.920602,0.002016,4.597615,-4206.27298,1974660597,8954,1
2.922624,0.002022,4.597332,-4205.70448,1974539083,8955,1
2.92464,0.002016,4.595953,-4202.93427,1973946752,8956,2
2.928679,0.004039,4.596001,-4203.03069,1973967326,8958,1
2.930695,0.002016,4.597035,-4205.10785,1974411478,8959,1
2.932717,0.002022,4.596536,-4204.10543,1974196949,8960,1
2.934733,0.002016,4.59713,-4205.29869,1974452528,8961,2
2.938772,0.004039,4.596813,-4204.66188,1974316031,8963,1
2.940788,0.002016,4.59512,-4201.26089,1973588890,8964,1
2.942804,0.002016,4.594909,-4200.83702,1973498440,8965,1
2.944826,0.002022,4.5959,-4202.8278,1973923918,8966,2
2.948864,0.004038,4.59527,-4201.56222,1973653240,8968,1
2.95088,0.002016,4.595711,-4202.44812,1973842950,8969,1
2.952896,0.002016,4.59555,-4202.1247,1973773387,8970,1
2.954919,0.002023,4.593868,-4198.7458,1973051393,8971,1
2.956935,0.002016,4.593491,-4197.98846,1972889039,8972,2
2.960973,0.004038,4.594535,-4200.08571,1973338004,8974,1
2.962989,0.002016,4.593968,-4198.94669,1973094136,8975,1
2.965012,0.002023,4.594379,-4199.77233,1973271028,8976,1
2.967028,0.002016,4.594617,-4200.25043,1973372991,8977,2
2.971066,0.004038,4.592989,-4196.98002,1972673720,8979,1
2.973082,0.002016,4.59236,-4195.71645,1972403432,8980,1
2.975098,0.002016,4.59332,-4197.64495,1972815990,8981,1
2.97712,0.002022,4.592788,-4196.57624,1972587383,8982,2
2.981159,0.004039,4.592874,-4196.749,1972624222,8984,1
2.983175,0.002016,4.593184,-4197.37174,1972757311,8985,1
2.985191,0.002016,4.591632,-4194.254,1972090923,8986,1
2.987213,0.002022,4.590941,-4192.86588,1971794114,8987,2
2.991252,0.004039,4.591931,-4194.85465,1972219288,8989,1
2.993268,0.002016,4.591744,-4194.47899,1972139000,8990,1
2.995284,0.002016,4.592094,-4195.18209,1972289287,8991,1
2.997306,0.002022,4.59262,-4196.23875,1972515225,8992,1
2.999322,0.002016,4.591194,-4193.37412,1971902954,8993,2
3.00336,0.004038,4.590545,-4192.07037,1971623881,8995,1
3.005376,0.002016,4.591444,-4193.87633,1972010154,8996,1
3.007392,0.002016,4.591219,-4193.42434,1971913562,8997,1
3.009415,0.002023,4.591265,-4193.51675,1971933384,8998,2
3.013453,0.004038,4.591822,-4194.63568,1972172552,9000,1
3.015469,0.002016,4.590528,-4192.03622,1971616627,9001,1
3.017485,0.002016,4.589496,-4189.96308,1971173553,9002,1
3.019508,0.002023,4.59021,-4191.39741,1971480280,9003,2
3.02354,0.004032,4.590312,-4191.60231,1971523834,9005,1
3.025562,0.002022,4.590225,-4191.42754,1971486630,9006,1
3.027578,0.002016,4.590885,-4192.75338,1971770281,9007,1
3.0296,0.002022,4.589652,-4190.27646,1971240526,9008,2
3.033632,0.004032,4.588676,-4188.31582,1970821339,9010,1
3.035655,0.002023,4.589287,-4189.54323,1971083868,9011,1
3.037671,0.002016,4.589611,-4190.1941,1971222672,9012,1
3.039687,0.002016,4.589317,-4189.6035,1971096609,9013,1
3.041709,0.002022,4.58993,-4190.83493,1971359978,9014,2
3.045748,0.004039,4.588858,-4188.68143,1970899429,9016,1
3.047764,0.002016,4.5876,-4186.15429,1970359264,9017,1
3.04978,0.002016,4.587997,-4186.95181,1970529397,9018,1
3.051802,0.002022,4.588616,-4188.19529,1970795685,9019,2
3.05584,0.004038,4.588559,-4188.08079,1970771166,9021,1
3.057856,0.002016,4.589476,-4189.92291,1971164907,9022,1
3.059872,0.002016,4.588929,-4188.82406,1970929918,9023,1
3.061895,0.002023,4.587737,-4186.42951,1970417928,9024,2
3.065927,0.004032,4.588078,-4187.11453,1970564483,9026,1
3.067949,0.002022,4.588809,-4188.583,1970878432,9027,1
3.069965,0.002016,4.588393,-4187.74732,1970699719,9028,1
3.071988,0.002023,4.589156,-4189.28007,1971027284,9029,2
3.07602,0.004032,4.588559,-4188.08079,1970770980,9031,1
3.078042,0.002022,4.587071,-4185.09161,1970132272,9032,1
3.080058,0.002016,4.587091,-4185.13178,1970140313,9033,1
3.082074,0.002016,4.588069,-4187.09645,1970560567,9034,1
3.084096,0.002022,4.587583,-4186.12014,1970351976,9035,2
3.088128,0.004032,4.588106,-4187.17077,1970576703,9037,1
3.090151,0.002023,4.587603,-4186.16032,1970360347,9038,1
3.092167,0.002016,4.585795,-4182.52831,1969584179,9039,1
3.094189,0.002022,4.585554,-4182.04417,1969480369,9040,2
3.098228,0.004039,4.586359,-4183.6613,1969826014,9042,1
3.100244,0.002016,4.585784,-4182.50621,1969579385,9043,1
3.10226,0.002016,4.586333,-4183.60907,1969815191,9044,1
3.104282,0.002022,4.586358,-4183.65929,1969825612,9045,2
3.108314,0.004032,4.585033,-4180.99756,1969256654,9047,1
3.110336,0.002022,4.584796,-4180.52146,1969154642,9048,1
3.112352,0.002016,4.585905,-4182.74928,1969631207,9049,1
3.114368,0.002016,4.585496,-4181.92766,1969455591,9050,2
3.118407,0.004039,4.586002,-4182.94414,1969672930,9052,1
3.120429,0.002022,4.58594,-4182.81959,1969646517,9053,1
3.122445,0.002016,4.584676,-4180.2804,1969103530,9054,1
3.124461,0.002016,4.584284,-4179.49293,1968934944,9055,2
3.1285,0.004039,4.585283,-4181.49977,1969364260,9057,1
3.130516,0.002016,4.584749,-4180.42704,1969134594,9058,1
3.132538,0.002022,4.585145,-4181.22255,1969304567,9059,1
3.134554,0.002016,4.58521,-4181.35313,1969332783,9060,1
3.13657,0.002016,4.583837,-4178.59497,1968742993,9061,2
3.140608,0.004038,4.58343,-4177.77736,1968568289,9063,1
3.142624,0.002016,4.584492,-4179.91077,1969024239,9064,1
3.144647,0.002023,4.584252,-4179.42864,1968921249,9065,1
3.146663,0.002016,4.584686,-4180.30049,1969107888,9066,2
3.150701,0.004038,4.585062,-4181.05582,1969268948,9068,1
3.152717,0.002016,4.583842,-4178.60501,1968745303,9069,1
3.15474,0.002023,4.583312,-4177.54032,1968517253,9070,1
3.156756,0.002016,4.584378,-4179.68176,1968975385,9071,2
3.160794,0.004038,4.584102,-4179.12731,1968856595,9073,1
3.16281,0.002016,4.584042,-4179.00678,1968831065,9074,1
3.164826,0.002016,4.584291,-4179.50699,1968938201,9075,1
3.166848,0.002022,4.582994,-4176.9015,1968380825,9076,2
3.17088,0.004032,4.581894,-4174.69176,1967908577,9078,1
3.172903,0.002023,4.582571,-4176.05176,1968199101,9079,1
3.174919,0.002016,4.58263,-4176.17028,1968224345,9080,1
3.176941,0.002022,4.582472,-4175.85288,1968156923,9081,1
3.178957,0.002016,4.582702,-4176.31492,1968255665,9082,2
3.182996,0.004039,4.581625,-4174.15138,1967793091,9084,1
3.185012,0.002016,4.580465,-4171.82111,1967295027,9085,1
3.187028,0.002016,4.580978,-4172.85165,1967515288,9086,1
3.18905,0.002022,4.581013,-4172.92196,1967530249,9087,2
3.193088,0.004038,4.580786,-4172.46595,1967432677,9089,1
3.195104,0.002016,4.581143,-4173.18311,1967586082,9090,1
3.19712,0.002016,4.580183,-4171.25461,1967173384,9091,1
3.199143,0.002023,4.579032,-4168.94241,1966679123,9092,2
3.203175,0.004032,4.579615,-4170.11358,1966929668,9094,1
3.205197,0.002022,4.580183,-4171.25461,1967173662,9095,1
3.207213,0.002016,4.579976,-4170.83877,1967084761,9096,1
3.209236,0.002023,4.580324,-4171.53786,1967233993,9097,2
3.213268,0.004032,4.579572,-4170.0272,1966911078,9099,1
3.21529,0.002022,4.578507,-4167.88777,1966453841,9100,1
3.217306,0.002016,4.579,-4168.87813,1966665627,9101,1
3.219322,0.002016,4.579582,-4170.04729,1966915485,9102,1
3.221344,0.002022,4.579207,-4169.29396,1966754715,9103,2
3.225376,0.004032,4.579754,-4170.39281,1966989248,9105,1
3.227399,0.002023,4.579279,-4169.4386,1966785423,9106,1
3.229415,0.002016,4.578138,-4167.1465,1966295170,9107,1
3.231431,0.002016,4.578537,-4167.94803,1966466541,9108,2
3.235469,0.004038,4.579472,-4169.82631,1966868299,9110,1
3.237492,0.002023,4.579054,-4168.98661,1966688718,9111,1
3.239508,0.002016,4.579676,-4170.23612,1966955874,9112,1
3.241524,0.002016,4.579304,-4169.48882,1966796216,9113,2
3.245562,0.004038,4.577783,-4166.43335,1966142847,9115,1
3.247578,0.002016,4.577691,-4166.24854,1966103282,9116,1
3.2496,0.002022,4.578476,-4167.82549,1966440689,9117,1
3.251616,0.002016,4.5776,-4166.06573,1966064231,9118,2
3.255655,0.004039,4.578021,-4166.91146,1966244868,9120,1
3.257671,0.002016,4.577875,-4166.61817,1966182124,9121,1
3.259687,0.002016,4.576346,-4163.54663,1965525907,9122,1
3.261709,0.002022,4.576239,-4163.33168,1965479397,9123,1
3.263725,0.002016,4.577325,-4165.5133,1965946081,9124,2
3.267764,0.004039,4.576716,-4164.2899,1965684435,9126,1
3.26978,0.002016,4.577258,-4165.3787,1965917293,9127,1
3.271802,0.002022,4.577515,-4165.89498,1966027634,9128,1
3.273818,0.002016,4.57609,-4163.03236,1965415767,9129,2
3.277856,0.004038,4.575937,-4162.72501,1965349930,9131,1
3.279872,0.002016,4.577082,-4165.02515,1965841760,9132,1
3.281888,0.002016,4.576579,-4164.01469,1965625720,9133,1
3.283911,0.002023,4.577083,-4165.02715,1965842167,9134,2
3.287949,0.004038,4.577302,-4165.46709,1965936457,9136,1
3.289965,0.002016,4.575714,-4162.27703,1965253992,9137,1
3.291988,0.002023,4.575137,-4161.11792,1965006362,9138,1
3.294004,0.002016,4.57601,-4162.87165,1965381531,9139,2
3.298042,0.004038,4.575457,-4161.76075,1965143718,9141,1
3.300058,0.002016,4.575801,-4162.4518,1965291650,9142,1
3.302074,0.002016,4.576351,-4163.55667,1965527765,9143,1
3.304096,0.002022,4.575003,-4160.84873,1964948565,9144,2
3.308128,0.004032,4.574435,-4159.7077,1964704838,9146,1
3.310151,0.002023,4.57539,-4161.62616,1965115124,9147,1
3.312167,0.002016,4.574865,-4160.57151,1964889669,9148,1
3.314189,0.002022,4.574906,-4160.65387,1964907187,9149,1
3.316205,0.002016,4.575577,-4162.00182,1965195369,9150,2
3.320244,0.004039,4.574191,-4159.21754,1964600131,9152,1
3.32226,0.002016,4.573346,-4157.52006,1964237094,9153,1
3.324282,0.002022,4.574083,-4159.00059,1964553624,9154,1
3.326298,0.002016,4.573802,-4158.4361,1964432888,9155,2
3.330336,0.004038,4.573821,-4158.47427,1964441070,9157,1
3.332352,0.002016,4.574625,-4160.08939,1964786489,9158,1
3.334368,0.002016,4.573418,-4157.6647,1964268057,9159,1
3.336391,0.002023,4.572557,-4155.93507,1963898558,9160,2
3.340429,0.004038,4.573459,-4157.74706,1964285486,9162,1
3.342445,0.002016,4.573552,-4157.93388,1964325539,9163,1
3.344468,0.002023,4.573595,-4158.02026,1964344101,9164,1
3.346484,0.002016,4.574348,-4159.53293,1964667657,9165,2
3.350522,0.004038,4.573066,-4156.95758,1964116755,9167,1
3.352538,0.002016,4.572,-4154.81614,1963658841,9168,1
3.354554,0.002016,4.572743,-4156.30872,1963978141,9169,1
3.356576,0.002022,4.57305,-4156.92544,1964109760,9170,1
3.358592,0.002016,4.572973,-4156.77076,1964076802,9171,2
3.362631,0.004039,4.573653,-4158.13678,1964369119,9173,1
3.364647,0.002016,4.572711,-4156.24444,1963964630,9174,1
3.366669,0.002022,4.571665,-4154.14317,1963515286,9175,1
3.368685,0.002016,4.572231,-4155.28019,1963758368,9176,2
3.372724,0.004039,4.572698,-4156.21832,1963958605,9178,1
3.37474,0.002016,4.572579,-4155.97927,1963907650,9179,1
3.376762,0.002022,4.573222,-4157.27096,1964183763,9180,1
3.378778,0.002016,4.572289,-4155.3967,1963783129,9181,2
3.382816,0.004038,4.571031,-4152.86956,1963242874,9183,1
3.384832,0.002016,4.571388,-4153.58672,1963396035,9184,1
3.386848,0.002016,4.572126,-4155.06926,1963713214,9185,1
3.388871,0.002023,4.571799,-4154.41236,1963572667,9186,2
3.392909,0.004038,4.572576,-4155.97324,1963906287,9188,1
3.394925,0.002016,4.572121,-4155.05921,1963710837,9189,1
3.396941,0.002016,4.570708,-4152.2207,1963104043,9190,1
3.398964,0.002023,4.570847,-4152.49993,1963163816,9191,1
3.40098,0.002016,4.571709,-4154.23156,1963534099,9192,2
3.405018,0.004038,4.57131,-4153.43003,1963362543,9194,1
3.407034,0.002016,4.572101,-4155.01903,1963702445,9195,1
3.409056,0.002022,4.571872,-4154.55901,1963604265,9196,1
3.411072,0.002016,4.570399,-4151.59996,1962971260,9197,2
3.415111,0.004039,4.570487,-4151.77674,1963009334,9199,1
3.417127,0.002016,4.571658,-4154.12911,1963512119,9200,1
3.419149,0.002022,4.571138,-4153.08451,1963289014,9201,1
3.421165,0.002016,4.571979,-4154.77395,1963649935,9202,2
3.425204,0.004039,4.571986,-4154.78802,1963652972,9204,1
3.42722,0.002016,4.570267,-4151.33479,1962914697,9205,1
3.429242,0.002022,4.569972,-4150.74218,1962788014,9206,1
3.431258,0.002016,4.571024,-4152.8555,1963239813,9207,2
3.435296,0.004038,4.570482,-4151.7667,1963006919,9209,1
3.437312,0.002016,4.571052,-4152.91174,1963251831,9210,1
3.439328,0.002016,4.571284,-4153.3778,1963351594,9211,1
3.441351,0.002023,4.569633,-4150.06118,1962642161,9212,1
3.443367,0.002016,4.569347,-4149.48664,1962519559,9213,2
3.447405,0.004038,4.570418,-4151.63813,1962979523,9215,1
3.449421,0.002016,4.570061,-4150.92097,1962826421,9216,1
3.451444,0.002023,4.570597,-4151.99771,1963056435,9217,1
3.45346,0.002016,4.571073,-4152.95393,1963260769,9218,2
3.457498,0.004038,4.569564,-4149.92257,1962612899,9220,1
3.459514,0.002016,4.569206,-4149.2034,1962459051,9221,1
3.461536,0.002022,4.570241,-4151.28256,1962903575,9222,1
3.463552,0.002016,4.569871,-4150.53929,1962744649,9223,2
3.467591,0.004039,4.570229,-4151.25846,1962898483,9225,1
3.469607,0.002016,4.570772,-4152.34926,1963131787,9226,1
3.471629,0.002022,4.569068,-4148.92617,1962399709,9227,1
3.473645,0.002016,4.568378,-4147.54006,1962103276,9228,2
3.477684,0.004039,4.569274,-4149.34,1962488204,9230,1
3.4797,0.002016,4.568769,-4148.32553,1962271051,9231,1
3.481716,0.002016,4.569077,-4148.94425,1962403707,9232,1
3.483738,0.002022,4.569687,-4150.16966,1962665586,9233,1
3.485754,0.002016,4.568087,-4146.95549,1961978340,9234,2
3.489792,0.004038,4.567312,-4145.39862,1961645740,9236,1
3.491808,0.002016,4.568286,-4147.35525,1962063965,9237,1
3.493831,0.002023,4.568316,-4147.41551,1962076685,9238,1
3.495847,0.002016,4.568375,-4147.53404,1962102192,9239,2
3.499885,0.004038,4.569221,-4149.23353,1962465399,9241,1
3.501901,0.002016,4.567928,-4146.63608,1961910178,9242,1
3.503924,0.002023,4.566979,-4144.72967,1961502686,9243,1
3.50594,0.002016,4.567793,-4146.36488,1961852230,9244,2
3.509978,0.004038,4.56803,-4146.84098,1961954212,9246,1
3.511994,0.002016,4.567995,-4146.77067,1961938742,9247,1
3.51401,0.002016,4.568944,-4148.67708,1962346560,9248,1
3.516032,0.002022,4.567847,-4146.47336,1961875391,9249,2
3.520064,0.004032,4.566913,-4144.59709,1961474368,9251,1
3.522087,0.002023,4.567562,-4145.90084,1961753068,9252,1
3.524103,0.002016,4.568049,-4146.87915,1961961910,9253,1
3.526119,0.002016,4.567686,-4146.14993,1961806312,9254,2
3.530157,0.004038,4.568517,-4147.81929,1962162986,9256,1
3.53218,0.002023,4.567444,-4145.66379,1961702408,9257,1
3.534196,0.002016,4.566222,-4143.20897,1961177546,9258,1
3.536212,0.002016,4.566595,-4143.95827,1961337604,9259,1
3.538234,0.002022,4.567185,-4145.1435,1961591210,9260,2
3.542272,0.004038,4.566814,-4144.39821,1961431746,9262,1
3.544288,0.002016,4.567648,-4146.0736,1961789798,9263,1
3.546304,0.002016,4.566865,-4144.50066,1961453797,9264,1
3.548327,0.002023,4.565678,-4142.11615,1960943693,9265,2
3.552359,0.004032,4.565887,-4142.536,1961033403,9267,1
3.554381,0.002022,4.566465,-4143.69712,1961281852,9268,1
3.556397,0.002016,4.565768,-4142.29695,1960982347,9269,1
3.558413,0.002016,4.566264,-4143.29334,1961195382,9270,2
3.562452,0.004039,4.565671,-4142.10209,1960940957,9272,1
3.564468,0.002016,4.564044,-4138.83368,1960242001,9273,1
3.56649,0.002022,4.563954,-4138.65288,1960203528,9274,1
3.568506,0.002016,4.564825,-4140.4026,1960577232,9275,2
3.572544,0.004038,4.56425,-4139.24751,1960330422,9277,1
3.57456,0.002016,4.564942,-4140.63763,1960627754,9278,1
3.576583,0.002023,4.564782,-4140.31622,1960558714,9279,1
3.578599,0.002016,4.56323,-4137.19847,1959892324,9280,1
3.580615,0.002016,4.563131,-4136.9996,1959849768,9281,2
3.584653,0.004038,4.564265,-4139.27764,1960336912,9283,1
3.586676,0.002023,4.563812,-4138.36763,1960142521,9284,1
3.588692,0.002016,4.56454,-4139.83007,1960454909,9285,1
3.590708,0.002016,4.564659,-4140.06913,1960506109,9286,2
3.594746,0.004038,4.563212,-4137.16231,1959884646,9288,1
3.596762,0.002016,4.563065,-4136.86701,1959821594,9289,1
3.598784,0.002022,4.564099,-4138.94417,1960265507,9290,1
3.6008,0.002016,4.563416,-4137.57212,1959972223,9291,2
3.604839,0.004039,4.563873,-4138.49017,1960168722,9293,1
3.606855,0.002016,4.564079,-4138.90399,1960257106,9294,1
3.608871,0.002016,4.562468,-4135.66772,1959564848,9295,1
3.610893,0.002022,4.562133,-4134.99476,1959421091,9296,2
3.614932,0.004039,4.563218,-4137.17437,1959887098,9298,1
3.616948,0.002016,4.562816,-4136.36681,1959714535,9299,1
3.618964,0.002016,4.563197,-4137.13218,1959878094,9300,1
3.620986,0.002022,4.563653,-4138.04822,1960073939,9301,1
3.623002,0.002016,4.562052,-4134.83204,1959386534,9302,2
3.62704,0.004038,4.561495,-4133.71311,1959147386,9304,1
3.629056,0.002016,4.562537,-4135.80634,1959594756,9305,1
3.631072,0.002016,4.562371,-4135.47287,1959523365,9306,1
3.633095,0.002023,4.562844,-4136.42305,1959726623,9307,2
3.637133,0.004038,4.563379,-4137.49779,1959956503,9309,1
3.639149,0.002016,4.561916,-4134.55884,1959327850,9310,1
3.641165,0.002016,4.561344,-4133.40977,1959082256,9311,1
3.643188,0.002023,4.562249,-4135.22778,1959470998,9312,2
3.64722,0.004032,4.561982,-4134.69142,1959356130,9314,1
3.649242,0.002022,4.562104,-4134.9365,1959408708,9315,1
3.651258,0.002016,4.562668,-4136.0695,1959650862,9316,1
3.65328,0.002022,4.561165,-4133.05019,1959005299,9317,2
3.657312,0.004032,4.560315,-4131.34266,1958640528,9319,1
3.659335,0.002023,4.56117,-4133.06023,1959007338,9320,1
3.661351,0.002016,4.561205,-4133.13054,1959022607,9321,1
3.663367,0.002016,4.561212,-4133.1446,1959025433,9322,1
3.665389,0.002022,4.562059,-4134.8461,1959389261,9323,2
3.669428,0.004039,4.560857,-4132.43146,1958873169,9325,1
3.671444,0.002016,4.560004,-4130.7179,1958506894,9326,1
3.67346,0.002016,4.560882,-4132.48168,1958883689,9327,1
3.675482,0.002022,4.561259,-4133.23902,1959045786,9328,2
3.67952,0.004038,4.561102,-4132.92363,1958978540,9330,1
3.681536,0.002016,4.561888,-4134.50259,1959315898,9331,1
3.683552,0.002016,4.560896,-4132.5098,1958890137,9332,1
3.685575,0.002023,4.559828,-4130.36434,1958431347,9333,2
3.689607,0.004032,4.560333,-4131.37882,1958648202,9335,1
3.691629,0.002022,4.560804,-4132.32499,1958850249,9336,1
3.693645,0.002016,4.560456,-4131.62591,1958700982,9337,1
3.695668,0.002023,4.561213,-4133.14661,1959025758,9338,2
3.6997,0.004032,4.560348,-4131.40895,1958654513,9340,1
3.701722,0.002022,4.559074,-4128.84967,1958107649,9341,1
3.703738,0.002016,4.559429,-4129.56281,1958259814,9342,1
3.705754,0.002016,4.560259,-4131.23016,1958616255,9343,2
3.709792,0.004038,4.559949,-4130.60742,1958483189,9345,1
3.711815,0.002023,4.560942,-4132.60221,1958909553,9346,1
3.713831,0.002016,4.560256,-4131.22413,1958614904,9347,1
3.715847,0.002016,4.558848,-4128.39567,1958010251,9348,1
3.717869,0.002022,4.558967,-4128.63472,1958061265,9349,2
3.721908,0.004039,4.559593,-4129.89226,1958330218,9351,1
3.723924,0.002016,4.558697,-4128.09233,1957945452,9352,1
3.72594,0.002016,4.559706,-4130.11926,1958378677,9353,1
3.727962,0.002022,4.559187,-4129.07667,1958156117,9354,2
3.731994,0.004032,4.557566,-4125.82031,1957459877,9356,1
3.734016,0.002022,4.557653,-4125.99508,1957497158,9357,1
3.736032,0.002016,4.558672,-4128.04211,1957934957,9358,1
3.738048,0.002016,4.558109,-4126.91112,1957692874,9359,2
3.742087,0.004039,4.559289,-4129.28157,1958199542,9361,1
3.744109,0.002022,4.559068,-4128.83761,1958104929,9362,1
3.746125,0.002016,4.557427,-4125.54108,1957399908,9363,1
3.748148,0.002023,4.557277,-4125.23975,1957335711,9364,2
3.75218,0.004032,4.558288,-4127.27071,1957769860,9366,1
3.754202,0.002022,4.557496,-4125.67969,1957429336,9367,1
3.756218,0.002016,4.558249,-4127.19236,1957752805,9368,1
3.758234,0.002016,4.558312,-4127.31892,1957780153,9369,1
3.760256,0.002022,4.556641,-4123.96212,1957062466,9370,2
3.764288,0.004032,4.556352,-4123.38156,1956938238,9372,1
3.766311,0.002023,4.557407,-4125.5009,1957391606,9373,1
3.768327,0.002016,4.556647,-4123.97417,1957064820,9374,1
3.770349,0.002022,4.557294,-4125.2739,1957342793,9375,2
3.774381,0.004032,4.557682,-4126.05334,1957509384,9377,1
3.776404,0.002023,4.555913,-4122.49967,1956749928,9378,1
3.77842,0.002016,4.555343,-4121.35463,1956504985,9379,1
3.780436,0.002016,4.556347,-4123.37152,1956936180,9380,2
3.784474,0.004038,4.555858,-4122.38919,1956725929,9382,1
3.786496,0.002022,4.556276,-4123.22889,1956905758,9383,1
3.788512,0.002016,4.556943,-4124.5688,1957192119,9384,1
3.790528,0.002016,4.55524,-4121.14771,1956460609,9385,2
3.794567,0.004039,4.554749,-4120.16137,1956249559,9387,1
3.796583,0.002016,4.555695,-4122.06174,1956656024,9388,1
3.798605,0.002022,4.555444,-4121.55752,1956548353,9389,1
3.800621,0.002016,4.555701,-4122.0738,1956658523,9390,1
3.802637,0.002016,4.556504,-4123.68691,1957003792,9391,2
3.806676,0.004039,4.555096,-4120.85844,1956398533,9393,1
3.808692,0.002016,4.554238,-4119.13484,1956030344,9394,1
3.810714,0.002022,4.554999,-4120.66358,1956357219,9395,1
3.81273,0.002016,4.554654,-4119.97052,1956209064,9396,2
3.816768,0.004038,4.554502,-4119.66518,1956143737,9398,1
3.818784,0.002016,4.55519,-4121.04727,1956439013,9399,1
3.820807,0.002023,4.553752,-4118.15854,1955821507,9400,1
3.822823,0.002016,4.552899,-4116.44498,1955455296,9401,2
3.826861,0.004038,4.553876,-4118.40763,1955874895,9403,1
3.828877,0.002016,4.554013,-4118.68285,1955933788,9404,1
3.8309,0.002023,4.553959,-4118.57437,1955910520,9405,1
3.832916,0.002016,4.554978,-4120.62139,1956348013,9406,2
3.836954,0.004038,4.5539,-4118.45585,1955885087,9408,1
3.83897,0.002016,4.552957,-4116.5615,1955480199,9409,1
3.840986,0.002016,4.55367,-4117.99381,1955786646,9410,1
3.843008,0.002022,4.55387,-4118.39558,1955872343,9411,1
3.845024,0.002016,4.553556,-4117.7648,1955737161,9412,2
3.849063,0.004039,4.554361,-4119.38193,1956083316,9414,1
3.851079,0.002016,4.553364,-4117.3791,1955654832,9415,1
3.853101,0.002022,4.552085,-4114.80977,1955105742,9416,1
3.855117,0.002016,4.552553,-4115.74992,1955306579,9417,2
3.859156,0.004039,4.553085,-4116.81863,1955535125,9419,1
3.861172,0.002016,4.552753,-4116.15169,1955392581,9420,1
3.863188,0.002016,4.553617,-4117.88734,1955763643,9421,1
3.86521,0.002022,4.552871,-4116.38873,1955443053,9422,2
3.869248,0.004038,4.551673,-4113.98212,1954928707,9424,1
3.871264,0.002016,4.552053,-4114.74549,1955091584,9425,1
3.87328,0.002016,4.552907,-4116.46105,1955458759,9426,1
3.875303,0.002023,4.552505,-4115.65349,1955285883,9427,2
3.879335,0.004032,4.553204,-4117.05768,1955586102,9429,1
3.881357,0.002022,4.552828,-4116.30235,1955424710,9430,1
3.883373,0.002016,4.551545,-4113.72499,1954873710,9431,1
3.885396,0.002023,4.551766,-4114.16895,1954968543,9432,1
3.887412,0.002016,4.552612,-4115.86844,1955332008,9433,2
3.89145,0.004038,4.552017,-4114.67317,1955076307,9435,1
3.893466,0.002016,4.552574,-4115.7921,1955315471,9436,1
3.895482,0.002016,4.552541,-4115.72581,1955301319,9437,1
3.897504,0.002022,4.551209,-4113.05002,1954729496,9438,2
3.901536,0.004032,4.55126,-4113.15247,1954751170,9440,1
3.903559,0.002023,4.552322,-4115.28587,1955207712,9441,1
3.905575,0.002016,4.551737,-4114.11069,1954956335,9442,1
3.907591,0.002016,4.552058,-4114.75553,1955093845,9443,2
3.911629,0.004038,4.552103,-4114.84593,1955113489,9445,1
3.913652,0.002023,4.550496,-4111.6177,1954422934,9446,1
3.915668,0.002016,4.550227,-4111.07732,1954307435,9447,1
3.917684,0.002016,4.551156,-4112.94355,1954706648,9448,2
3.921722,0.004038,4.550504,-4111.63377,1954426482,9450,1
3.923738,0.002016,4.550898,-4112.42526,1954595833,9451,1
3.92576,0.002022,4.551219,-4113.0701,1954733420,9452,1
3.927776,0.002016,4.549722,-4110.06285,1954090603,9453,2
3.931815,0.004039,4.549388,-4109.39189,1953947496,9455,1
3.933831,0.002016,4.550676,-4111.97929,1954500576,9456,1
3.935853,0.002022,4.550272,-4111.16772,1954326647,9457,1
3.937869,0.002016,4.550599,-4111.82461,1954467431,9458,1
3.939885,0.002016,4.551153,-4112.93752,1954705316,9459,2
3.943924,0.004039,4.549733,-4110.08494,1954095679,9461,1
3.94594,0.002016,4.54927,-4109.15484,1953896438,9462,1
3.947962,0.002022,4.550478,-4111.58154,1954415246,9463,1
3.949978,0.002016,4.550015,-4110.65144,1954216507,9464,2
3.954016,0.004038,4.550282,-4111.18781,1954331130,9466,1
3.956032,0.002016,4.550647,-4111.92104,1954487858,9467,1
3.958055,0.002023,4.549035,-4108.68276,1953795764,9468,1
3.960071,0.002016,4.548347,-4107.30067,1953499958,9469,2
3.964109,0.004038,4.549183,-4108.98007,1953859022,9471,1
3.966125,0.002016,4.54882,-4108.25086,1953703232,9472,1
3.968148,0.002023,4.548763,-4108.13635,1953678834,9473,1
3.970164,0.002016,4.549227,-4109.06846,1953878196,9474,2
3.974202,0.004038,4.547983,-4106.56945,1953343622,9476,1
3.976218,0.002016,4.547243,-4105.08289,1953026017,9477,1
3.978234,0.002016,4.548229,-4107.06362,1953449442,9478,1
3.980256,0.002022,4.548288,-4107.18215,1953474760,9479,1
3.982272,0.002016,4.548365,-4107.33683,1953507866,9480,2
3.986311,0.004039,4.549075,-4108.76312,1953812707,9482,1
3.988327,0.002016,4.547911,-4106.42481,1953312782,9483,1
3.990343,0.002016,4.547242,-4105.08088,1953025676,9484,1
3.992365,0.002022,4.548251,-4107.10782,1953458956,9485,2
3.996404,0.004039,4.548683,-4107.97565,1953644486,9487,1
3.99842,0.002016,4.548893,-4108.3975,1953734743,9488,1
4.000436,0.002016,4.549829,-4110.27779,1954136654,9489,1
4.002458,0.002022,4.549019,-4108.65062,1953788911,9490,2
4.00649,0.004032,4.548306,-4107.21831,1953482228,9492,1
4.008512,0.002022,4.548965,-4108.54214,1953765453,9493,1
4.010528,0.002016,4.549378,-4109.3718,1953943164,9494,1
4.012544,0.002016,4.548998,-4108.60843,1953780019,9495,2
4.016583,0.004039,4.549792,-4110.20347,1954121000,9497,1
4.018599,0.002016,4.549094,-4108.80128,1953820872,9498,1
4.020621,0.002022,4.548086,-4106.77636,1953388058,9499,1
4.022637,0.002016,4.548568,-4107.74463,1953595242,9500,1
4.02466,0.002023,4.549138,-4108.88967,1953839917,9501,2
4.028692,0.004032,4.548597,-4107.80288,1953607720,9503,1
4.030714,0.002022,4.549067,-4108.74705,1953809250,9504,1
4.03273,0.002016,4.548672,-4107.95355,1953639653,9505,1
4.034746,0.002016,4.547515,-4105.6293,1953142991,9506,2
4.038784,0.004038,4.547809,-4106.2199,1953268956,9508,1
4.0408,0.002016,4.548773,-4108.15644,1953683201,9509,1
4.042823,0.002023,4.548218,-4107.04153,1953444863,9510,1
4.044839,0.002016,4.548811,-4108.23278,1953699402,9511,2
4.048877,0.004038,4.54883,-4108.27095,1953707567,9513,1
4.050893,0.002016,4.54763,-4105.86032,1953192212,9514,1
4.052916,0.002023,4.547735,-4106.07125,1953237362,9515,1
4.054932,0.002016,4.548635,-4107.87922,1953623627,9516,2
4.05897,0.004038,4.547965,-4106.53329,1953336253,9518,1
4.060986,0.002016,4.548365,-4107.33683,1953507734,9519,1
4.063002,0.002016,4.548343,-4107.29263,1953498248,9520,1
4.065024,0.002022,4.54704,-4104.67509,1952938667,9521,1
4.06704,0.002016,4.546842,-4104.27734,1952853529,9522,2
4.071079,0.004039,4.547837,-4106.27615,1953281274,9524,1
4.073095,0.002016,4.547184,-4104.96437,1953000855,9525,1
4.075117,0.002022,4.547437,-4105.47261,1953109235,9526,1
4.077133,0.002016,4.547465,-4105.52886,1953121336,9527,2
4.081172,0.004039,4.546135,-4102.85708,1952550147,9529,1
4.083188,0.002016,4.546059,-4102.70441,1952517446,9530,1
4.085204,0.002016,4.547228,-4105.05276,1953019748,9531,1
4.087226,0.002022,4.546625,-4103.84142,1952760638,9532,2
4.091258,0.004032,4.546875,-4104.34363,1952867761,9534,1
4.09328,0.002022,4.547208,-4105.01258,1953010834,9535,1
4.095296,0.002016,4.545972,-4102.52964,1952480126,9536,1
4.097312,0.002016,4.545602,-4101.78636,1952321354,9537,2
4.101351,0.004039,4.546797,-4104.18694,1952834570,9539,1
4.103367,0.002016,4.546384,-4103.35729,1952657064,9540,1
4.105389,0.002022,4.546533,-4103.6566,1952720913,9541,1
4.107405,0.002016,4.546862,-4104.31752,1952862432,9542,2
4.111444,0.004039,4.545546,-4101.67386,1952296995,9544,1
4.11346,0.002016,4.544875,-4100.32592,1952008773,9545,1
4.115482,0.002022,4.545785,-4102.15398,1952399986,9546,1
4.117498,0.002016,4.545355,-4101.29017,1952215276,9547,1
4.119514,0.002016,4.545481,-4101.54329,1952269153,9548,2
4.123552,0.004038,4.545822,-4102.22831,1952415664,9550,1
4.125568,0.002016,4.544766,-4100.10696,1951962164,9551,1
4.127591,0.002023,4.544157,-4098.88356,1951700437,9552,1
4.129607,0.002016,4.54515,-4100.87836,1952126913,9553,2
4.133645,0.004038,4.545106,-4100.78997,1952108041,9555,1
4.135661,0.002016,4.545179,-4100.93661,1952139503,9556,1
4.137684,0.002023,4.545886,-4102.35687,1952443028,9557,1
4.1397,0.002016,4.544856,-4100.28775,1952000859,9558,2
4.143732,0.004032,4.544041,-4098.65054,1951650880,9560,1
4.145754,0.002022,4.544884,-4100.344,1952012823,9561,1
4.14777,0.002016,4.54505,-4100.67747,1952084275,9562,1
4.149792,0.002022,4.544874,-4100.32391,1952008421,9563,2
4.153824,0.004032,4.54537,-4101.32031,1952221392,9565,1
4.155847,0.002023,4.544422,-4099.41591,1951814259,9566,1
4.157863,0.002016,4.543549,-4097.66218,1951439361,9567,1
4.159879,0.002016,4.544268,-4099.10655,1951748146,9568,1
4.161901,0.002022,4.544572,-4099.71724,1951878879,9569,2
4.16594,0.004039,4.544325,-4099.22105,1951772679,9571,1
4.167956,0.002016,4.544976,-4100.52882,1952052516,9572,1
4.169972,0.002016,4.54406,-4098.6887,1951658829,9573,1
4.171988,0.002016,4.54297,-4096.49905,1951190546,9574,2
4.176026,0.004038,4.543462,-4097.48741,1951401989,9576,1
4.178048,0.002022,4.543839,-4098.24475,1951563982,9577,1
4.180064,0.002016,4.543345,-4097.25237,1951352074,9578,1
4.18208,0.002016,4.543903,-4098.37331,1951591608,9579,2
4.186119,0.004039,4.543135,-4096.83051,1951261395,9581,1
4.188135,0.002016,4.542003,-4094.55649,1950775335,9582,1
4.190157,0.002022,4.542428,-4095.41025,1950957712,9583,1
4.192173,0.002016,4.543187,-4096.93497,1951283847,9584,2
4.196212,0.004039,4.542683,-4095.92251,1951067559,9586,1
4.198228,0.002016,4.54346,-4097.48339,1951401070,9587,1
4.200244,0.002016,4.543113,-4096.78632,1951252319,9588,1
4.202266,0.002022,4.541936,-4094.42189,1950746738,9589,1
4.204282,0.002016,4.542242,-4095.0366,1950877949,9590,2
4.20832,0.004038,4.543191,-4096.94301,1951285688,9592,1
4.210336,0.002016,4.542625,-4095.806,1951042654,9593,1
4.212352,0.002016,4.543229,-4097.01934,1951301802,9594,1
4.214375,0.002023,4.542944,-4096.44682,1951179501,9595,2
4.218407,0.004032,4.541697,-4093.94178,1950643682,9597,1
4.220429,0.002022,4.541749,-4094.04624,1950666147,9598,1
4.222445,0.002016,4.542786,-4096.12942,1951111539,9599,1
4.224468,0.002023,4.54201,-4094.57055,1950778546,9600,2
4.2285,0.004032,4.542509,-4095.57297,1950992825,9602,1
4.230522,0.002022,4.542419,-4095.39217,1950954326,9603,1
4.232538,0.002016,4.541015,-4092.57174,1950351216,9604,1
4.234554,0.002016,4.54066,-4091.85859,1950198747,9605,2
4.238592,0.004038,4.541536,-4093.61835,1950574923,9607,1
4.240608,0.002016,4.540769,-4092.07756,1950245480,9608,1
4.242631,0.002023,4.541164,-4092.87106,1950415036,9609,1
4.244647,0.002016,4.541252,-4093.04784,1950452833,9610,1
4.246663,0.002016,4.539954,-4090.44034,1949895573,9611,2
4.250701,0.004038,4.539664,-4089.85777,1949770887,9613,1
4.252717,0.002016,4.540725,-4091.98917,1950226435,9614,1
4.25474,0.002023,4.540247,-4091.02894,1950021266,9615,1
4.256756,0.002016,4.540869,-4092.27844,1950288261,9616,2
4.260794,0.004038,4.541227,-4092.99761,1950442404,9618,1
4.26281,0.002016,4.539725,-4089.98031,1949797046,9619,1
4.264826,0.002016,4.539434,-4089.39574,1949672341,9620,1
4.266848,0.002022,4.540676,-4091.89074,1950205615,9621,2
4.27088,0.004032,4.540392,-4091.32022,1950083578,9623,1
4.272903,0.002023,4.540865,-4092.27041,1950286600,9624,1
4.274919,0.002016,4.541523,-4093.59224,1950569435,9625,1
4.276941,0.002022,4.540097,-4090.72761,1949956930,9626,2
4.280973,0.004032,4.539399,-4089.32543,1949656781,9628,1
4.282996,0.002023,4.540256,-4091.04702,1950025008,9629,1
4.285012,0.002016,4.539807,-4090.14504,1949832182,9630,1
4.287028,0.002016,4.539848,-4090.2274,1949849684,9631,2
4.291066,0.004038,4.54045,-4091.43673,1950108478,9633,1
4.293082,0.002016,4.538919,-4088.36118,1949450598,9634,1
4.295104,0.002022,4.537949,-4086.41259,1949034043,9635,1
4.29712,0.002016,4.53901,-4088.54398,1949489781,9636,1
4.299136,0.002016,4.53896,-4088.44354,1949468603,9637,2
4.303175,0.004039,4.539153,-4088.83125,1949551284,9639,1
4.305191,0.002016,4.540099,-4090.73163,1949957625,9640,1
4.307213,0.002022,4.53901,-4088.54398,1949489952,9641,1
4.309229,0.002016,4.538383,-4087.28443,1949220446,9642,2
4.313268,0.004039,4.5393,-4089.12655,1949614464,9644,1
4.315284,0.002016,4.539562,-4089.65287,1949727219,9645,1
4.317306,0.002022,4.539505,-4089.53837,1949702675,9646,1
4.319322,0.002016,4.540333,-4091.2017,1950057945,9647,2
4.32336,0.004038,4.539047,-4088.61831,1949505960,9649,1
4.325376,0.002016,4.537934,-4086.38245,1949027854,9650,1
4.327392,0.002016,4.538459,-4087.4371,1949253442,9651,1
4.329415,0.002023,4.538627,-4087.77459,1949325445,9652,2
4.333447,0.004032,4.538206,-4086.92886,1949144687,9654,1
4.335469,0.002022,4.538883,-4088.28886,1949435322,9655,1
4.337878,0.002409,4.538129,-4086.77418,1949111562,9656,1
4.339504,0.001626,4.537092,-4084.691,1948666152,9657,1
4.34152,0.002016,4.537719,-4085.95055,1948935429,9658,2
4.345559,0.004039,4.538541,-4087.60183,1949288524,9660,1
4.347575,0.002016,4.538383,-4087.28443,1949220311,9661,1
4.349597,0.002022,4.539405,-4089.33748,1949659609,9662,1
4.351613,0.002016,4.539069,-4088.6625,1949515341,9663,2
4.355652,0.004039,4.537849,-4086.2117,1948991491,9665,1
4.357668,0.002016,4.538284,-4087.08555,1949178332,9666,1
4.359684,0.002016,4.538864,-4088.25069,1949427166,9667,1
4.361706,0.002022,4.538068,-4086.65164,1949085449,9668,2
4.365738,0.004032,4.538579,-4087.67816,1949304821,9670,1
4.36776,0.002022,4.537906,-4086.3262,1949015875,9671,1
4.369776,0.002016,4.536267,-4083.03369,1948312102,9672,1
4.371792,0.002016,4.536135,-4082.76852,1948255138,9673,2
4.375831,0.004039,4.536915,-4084.33543,1948590087,9675,1
4.377847,0.002016,4.53632,-4083.14016,1948334777,9676,1
4.379869,0.002022,4.536795,-4084.09437,1948538682,9677,1
4.381885,0.002016,4.536691,-4083.88544,1948493829,9678,1
4.383901,0.002016,4.535532,-4081.55718,1947995931,9679,2
4.38794,0.004039,4.535702,-4081.89869,1948069111,9681,1
4.389956,0.002016,4.536877,-4084.25909,1948573895,9682,1
4.391978,0.002022,4.536415,-4083.331,1948375362,9683,1
4.393994,0.002016,4.537166,-4084.83965,1948698023,9684,2
4.398032,0.004038,4.537425,-4085.35994,1948809008,9686,1
4.400048,0.002016,4.536101,-4082.70022,1948240477,9687,1
4.402064,0.002016,4.535842,-4082.17993,1948129343,9688,1
4.404087,0.002023,4.536951,-4084.40775,1948605732,9689,2
4.408119,0.004032,4.536248,-4082.99552,1948303451,9691,1
4.410141,0.002022,4.536506,-4083.51381,1948414472,9692,1
4.412157,0.002016,4.536615,-4083.73277,1948461342,9693,1
4.41418,0.002023,4.534978,-4080.44427,1947758230,9694,2
4.418212,0.004032,4.534546,-4079.57645,1947572549,9696,1
4.420234,0.002022,4.535608,-4081.70985,1948028723,9697,1
4.42225,0.002016,4.535061,-4080.61101,1947793978,9698,1
4.424266,0.002016,4.53552,-4081.53307,1947990760,9699,1
4.426288,0.002022,4.53608,-4082.65803,1948231658,9700,2
4.43032,0.004032,4.534474,-4079.43181,1947541610,9702,1
4.432343,0.002023,4.534001,-4078.48162,1947338658,9703,1
4.434359,0.002016,4.535331,-4081.1534,1947909938,9704,1
4.436375,0.002016,4.535291,-4081.07305,1947892561,9705,2
4.440413,0.004038,4.535811,-4082.11765,1948115845,9707,1
4.442436,0.002023,4.536381,-4083.2627,1948360938,9708,1
4.444452,0.002016,4.534921,-4080.32977,1947733710,9709,1
4.446468,0.002016,4.53431,-4079.10236,1947471540,9710,2
4.450506,0.004038,4.534943,-4080.37396,1947743049,9712,1
4.452522,0.002016,4.534281,-4079.0441,1947458974,9713,1
4.454544,0.002022,4.534117,-4078.71465,1947388280,9714,1
4.45656,0.002016,4.534611,-4079.70702,1947600688,9715,2
4.460599,0.004039,4.533019,-4076.50893,1946916900,9717,1
4.462615,0.002016,4.532063,-4074.58846,1946506251,9718,1
4.464631,0.002016,4.532976,-4076.42254,1946898339,9719,1
4.466653,0.002022,4.533091,-4076.65356,1946947737,9720,2
4.470692,0.004039,4.533293,-4077.05935,1947034656,9722,1
4.472708,0.002016,4.534322,-4079.12646,1947476593,9723,1
4.474724,0.002016,4.533361,-4077.19595,1947063377,9724,1
4.476746,0.002022,4.532777,-4076.02278,1946813056,9725,1
4.478762,0.002016,4.533797,-4078.07182,1947251029,9726,2
4.4828,0.004038,4.534222,-4078.92558,1947433397,9728,1
4.484816,0.002016,4.533967,-4078.41332,1947323990,9729,1
4.486832,0.002016,4.534714,-4079.91394,1947644700,9730,1
4.488855,0.002023,4.533637,-4077.7504,1947182228,9731,2
4.492893,0.004038,4.532418,-4075.3016,1946658511,9733,1
4.494909,0.002016,4.532826,-4076.12122,1946833942,9734,1
4.496925,0.002016,4.533128,-4076.72789,1946963407,9735,1
4.498948,0.002023,4.532606,-4075.67927,1946739593,9736,2
4.50298,0.004032,4.533384,-4077.24216,1947073839,9738,1
4.505002,0.002022,4.532628,-4075.72346,1946748734,9739,1
4.507018,0.002016,4.531535,-4073.52778,1946279429,9740,1
4.509034,0.002016,4.531821,-4074.10232,1946402490,9741,2
4.513072,0.004038,4.532425,-4075.31566,1946661633,9743,1
4.515088,0.002016,4.531902,-4074.26503,1946437261,9744,1
4.517111,0.002023,4.532626,-4075.71944,1946748185,9745,1
4.519127,0.002016,4.531944,-4074.34941,1946455350,9746,1
4.521149,0.002022,4.530627,-4071.70374,1945889713,9747,2
4.525181,0.004032,4.531003,-4072.45907,1946050795,9749,1
4.527204,0.002023,4.531951,-4074.36347,1946458364,9750,1
4.52922,0.002016,4.531528,-4073.51372,1946276230,9751,1
4.531236,0.002016,4.53245,-4075.36589,1946672253,9752,2
4.535274,0.004038,4.532173,-4074.80943,1946553525,9754,1
4.53729,0.002016,4.530759,-4071.96891,1945946165,9755,1
4.539312,0.002022,4.530673,-4071.79615,1945908993,9756,1
4.541328,0.002016,4.531478,-4073.41328,1946254859,9757,2
4.545367,0.004039,4.530754,-4071.95887,1945944064,9759,1
4.547383,0.002016,4.531375,-4073.20637,1946210647,9760,1
4.549405,0.002022,4.531274,-4073.00347,1946167487,9761,1
4.551421,0.002016,4.529795,-4070.03237,1945532137,9762,2
4.55546,0.004039,4.529967,-4070.3779,1945605926,9764,1
4.557476,0.002016,4.531162,-4072.77848,1946119373,9765,1
4.559492,0.002016,4.53062,-4071.68968,1945886182,9766,1
4.561514,0.002022,4.531285,-4073.02557,1946172022,9767,1
4.56353,0.002016,4.531379,-4073.2144,1946212623,9768,2
4.567568,0.004038,4.529881,-4070.20514,1945568846,9770,1
4.569584,0.002016,4.529514,-4069.46789,1945411354,9771,1
4.5716,0.002016,4.530507,-4071.46268,1945837695,9772,1
4.573623,0.002023,4.529692,-4069.82546,1945487928,9773,2
4.577655,0.004032,4.530227,-4070.9002,1945717472,9775,1
4.579677,0.002022,4.530474,-4071.39639,1945823561,9776,1
4.581693,0.002016,4.52886,-4068.15409,1945130393,9777,1
4.583716,0.002023,4.528472,-4067.37466,1944963798,9778,2
4.587748,0.004032,4.529486,-4069.41164,1945399299,9780,1
4.58977,0.002022,4.529008,-4068.4514,1945194363,9781,1
4.591786,0.002016,4.529495,-4069.42972,1945403356,9782,1
4.593802,0.002016,4.529945,-4070.3337,1945596551,9783,2
4.59784,0.004038,4.528556,-4067.5434,1945000158,9785,1
4.599856,0.002016,4.528161,-4066.7499,1944830363,9786,1
4.601879,0.002023,4.529217,-4068.87125,1945283887,9787,1
4.603895,0.002016,4.52888,-4068.19427,1945139054,9788,1
4.605911,0.002016,4.529183,-4068.80295,1945269465,9789,2
4.609949,0.004038,4.530045,-4070.53459,1945639254,9791,1
4.611965,0.002016,4.528682,-4067.79652,1945054272,9792,1
4.613988,0.002023,4.528002,-4066.43049,1944762089,9793,1
4.616004,0.002016,4.528945,-4068.32485,1945166987,9794,2
4.620042,0.004038,4.528803,-4068.03959,1945106256,9796,1
4.622058,0.002016,4.52877,-4067.9733,1945091889,9797,1
4.62408,0.002022,4.529513,-4069.46588,1945410942,9798,1
4.626096,0.002016,4.528252,-4066.93271,1944869236,9799,2
4.630135,0.004039,4.527393,-4065.2071,1944500606,9801,1
4.632151,0.002016,4.528146,-4066.71977,1944824079,9802,1
4.634167,0.002016,4.52802,-4066.46665,1944769744,9803,1
4.636189,0.002022,4.527609,-4065.64101,1944593213,9804,2
4.640221,0.004032,4.52847,-4067.37064,1944962799,9806,1
4.642244,0.002023,4.527305,-4065.03032,1944462425,9807,1
4.64426,0.002016,4.526124,-4062.65786,1943955441,9808,1
4.646276,0.002016,4.526736,-4063.88728,1944218284,9809,2
4.650314,0.004038,4.527054,-4064.5261,1944355114,9811,1
4.652336,0.002022,4.526863,-4064.14241,1944272628,9812,1
4.654352,0.002016,4.527887,-4066.19948,1944712559,9813,1
4.656368,0.002016,4.526839,-4064.0942,1944262443,9814,1
4.658391,0.002023,4.525693,-4061.79205,1943770557,9815,2
4.662423,0.004032,4.526156,-4062.72215,1943969028,9817,1
4.664445,0.002022,4.526605,-4063.62412,1944161736,9818,1
4.666461,0.002016,4.526015,-4062.4389,1943908876,9819,1
4.668477,0.002016,4.526991,-4064.39954,1944327656,9820,2
4.672516,0.004039,4.526404,-4063.22034,1944075667,9822,1
4.674532,0.002016,4.525426,-4061.25568,1943655565,9823,1
4.676554,0.002022,4.525911,-4062.22998,1943863985,9824,1
4.67857,0.002016,4.526654,-4063.72256,1944183284,9825,2
4.682608,0.004038,4.526097,-4062.60362,1943943905,9827,1
4.684624,0.002016,4.527164,-4064.74707,1944402123,9828,1
4.686647,0.002023,4.526499,-4063.41118,1944116421,9829,1
4.688663,0.002016,4.525126,-4060.65303,1943527000,9830,2
4.692701,0.004038,4.525223,-4060.84788,1943568415,9832,1
4.694717,0.002016,4.525837,-4062.08132,1943832171,9833,1
4.696733,0.002016,4.524749,-4059.89569,1943364701,9834,1
4.698756,0.002023,4.525427,-4061.25769,1943656073,9835,1
4.700772,0.002016,4.525057,-4060.51441,1943497157,9836,2
4.70481,0.004038,4.523481,-4057.34846,1942820308,9838,1
4.706826,0.002016,4.523404,-4057.19378,1942787385,9839,1
4.708848,0.002022,4.524327,-4059.04795,1943183802,9840,1
4.710864,0.002016,4.52353,-4057.44689,1942841636,9841,2
4.714896,0.004032,4.524515,-4059.42561,1943264265,9843,1
4.716919,0.002023,4.524449,-4059.29303,1943236024,9844,1
4.718935,0.002016,4.522765,-4055.91012,1942512734,9845,1
4.720957,0.002022,4.522596,-4055.57062,1942440216,9846,2
4.724989,0.004032,4.523608,-4057.60358,1942875009,9848,1
4.727012,0.002023,4.522763,-4055.9061,1942512039,9849,1
4.729028,0.002016,4.523256,-4056.89646,1942723523,9850,1
4.731044,0.002016,4.523378,-4057.14154,1942776039,9851,2
4.735082,0.004038,4.521848,-4054.068,1942119006,9853,1
4.737104,0.002022,4.52166,-4053.69033,1942038084,9854,1
4.73912,0.002016,4.522776,-4055.93221,1942517343,9855,1
4.741136,0.002016,4.522152,-4054.67869,1942249442,9856,1
4.743152,0.002016,4.52251,-4055.39786,1942403095,9857,2
4.747191,0.004039,4.522779,-4055.93824,1942518574,9859,1
4.749213,0.002022,4.521278,-4052.92295,1941874095,9860,1
4.751229,0.002016,4.520746,-4051.85424,1941645825,9861,1
4.753245,0.002016,4.521841,-4054.05393,1942115927,9862,2
4.757284,0.004039,4.52143,-4053.22829,1941939153,9864,1
4.7593,0.002016,4.521619,-4053.60797,1942020628,9865,1
4.761322,0.002022,4.52194,-4054.25281,1942158294,9866,1
4.763338,0.002016,4.520554,-4051.46854,1941563116,9867,2
4.767376,0.004038,4.519863,-4050.08042,1941266256,9869,1
4.769392,0.002016,4.520548,-4051.45648,1941560729,9870,1
4.771408,0.002016,4.520126,-4050.60875,1941379292,9871,1
4.773431,0.002023,4.520179,-4050.71521,1941401979,9872,2
4.777469,0.004038,4.520732,-4051.82611,1941639820,9874,1
4.779485,0.002016,4.519496,-4049.34317,1941108851,9875,1
4.781501,0.002016,4.518744,-4047.83251,1940786043,9876,1
4.783524,0.002023,4.519716,-4049.78511,1941203239,9877,1
4.78554,0.002016,4.51966,-4049.67262,1941179226,9878,2
4.789578,0.004038,4.519666,-4049.68467,1941181505,9880,1
4.791594,0.002016,4.520439,-4051.23752,1941513712,9881,1
4.793616,0.002022,4.519235,-4048.81885,1940996429,9882,1
4.795632,0.002016,4.518196,-4046.73165,1940550210,9883,2
4.799671,0.004039,4.518837,-4048.01933,1940825488,9885,1
4.801687,0.002016,4.518887,-4048.11977,1940846971,9886,1
4.803703,0.002016,4.518619,-4047.5814,1940731842,9887,1
4.805725,0.002022,4.519295,-4048.93939,1941022579,9888,2
4.809757,0.004032,4.518151,-4046.64125,1940531203,9890,1
4.81178,0.002023,4.51714,-4044.6103,1940096911,9891,1
4.813796,0.002016,4.517899,-4046.13502,1940422877,9892,1
4.815812,0.002016,4.518343,-4047.02696,1940613293,9893,2
4.81985,0.004038,4.518127,-4046.59304,1940520457,9895,1
4.821872,0.002022,4.518417,-4047.17561,1940645362,9896,1
4.823888,0.002016,4.517836,-4046.00847,1940395812,9897,1
4.825904,0.002016,4.516733,-4043.7927,1939921983,9898,2
4.829943,0.004039,4.517124,-4044.57816,1940089998,9900,1
4.831959,0.002016,4.517818,-4045.97231,1940388247,9901,1
4.833981,0.002022,4.517765,-4045.86584,1940365371,9902,1
4.835997,0.002016,4.518129,-4046.59706,1940521872,9903,1
4.838013,0.002016,4.517545,-4045.42389,1940270786,9904,2
4.842052,0.004039,4.516295,-4042.91282,1939733925,9906,1
4.844068,0.002016,4.51644,-4043.2041,1939796049,9907,1
4.84609,0.002022,4.517157,-4044.64445,1940104191,9908,1
4.848106,0.002016,4.516855,-4044.03778,1939974225,9909,2
4.852144,0.004038,4.517221,-4044.77302,1940131448,9911,1
4.85416,0.002016,4.516926,-4044.18041,1940005114,9912,1
4.856176,0.002016,4.5158,-4041.91843,1939521275,9913,1
4.858199,0.002023,4.5159,-4042.11932,1939564001,9914,2
4.862237,0.004038,4.516801,-4043.9293,1939951053,9916,1
4.864253,0.002016,4.516437,-4043.19808,1939794783,9917,1
4.866269,0.002016,4.516815,-4043.95742,1939957362,9918,1
4.868292,0.002023,4.516594,-4043.51347,1939862525,9919,2
4.872324,0.004032,4.515114,-4040.54036,1939226687,9921,1
4.874346,0.002022,4.514911,-4040.13256,1939139307,9922,1
4.876362,0.002016,4.5158,-4041.91843,1939520988,9923,1
4.878378,0.002016,4.515286,-4040.88588,1939300813,9924,1
4.8804,0.002022,4.515566,-4041.44836,1939420617,9925,2
4.884432,0.004032,4.515318,-4040.95017,1939314490,9927,1
4.886455,0.002023,4.513943,-4038.18799,1938723531,9928,1
4.888471,0.002016,4.513812,-4037.92483,1938667296,9929,1
4.890493,0.002022,4.514874,-4040.05823,1939123793,9930,2
4.894525,0.004032,4.514511,-4039.32902,1938967824,9932,1
4.896548,0.002023,4.514795,-4039.89953,1939089952,9933,1
4.898564,0.002016,4.514785,-4039.87945,1939085369,9934,1
4.90058,0.002016,4.513343,-4036.98268,1938465905,9935,2
4.904618,0.004038,4.512924,-4036.14096,1938286153,9937,1
4.906634,0.002016,4.514024,-4038.35071,1938758582,9938,1
4.908656,0.002022,4.513865,-4038.0313,1938690386,9939,1
4.910672,0.002016,4.514269,-4038.84288,1938863880,9940,2
4.914711,0.004039,4.51441,-4039.12612,1938924305,9942,1
4.916727,0.002016,4.51321,-4036.7155,1938408887,9943,1
4.918743,0.002016,4.512846,-4035.98427,1938252739,9944,1
4.920765,0.002022,4.513971,-4038.24424,1938735830,9945,1
4.922781,0.002016,4.513732,-4037.76412,1938633182,9946,2
4.92682,0.004039,4.514074,-4038.45115,1938779962,9948,1
4.928836,0.002016,4.514157,-4038.61788,1938815595,9949,1
4.930852,0.002016,4.512967,-4036.22735,1938304563,9950,1
4.932874,0.002022,4.512298,-4034.88342,1938017024,9951,2
4.936912,0.004038,4.513345,-4036.98669,1938466913,9953,1
4.938928,0.002016,4.513167,-4036.62912,1938390667,9954,1
4.940944,0.002016,4.513251,-4036.79786,1938426724,9955,1
4.942967,0.002023,4.513346,-4036.9887,1938467492,9956,2
4.946999,0.004032,4.511996,-4034.27675,1937887736,9958,1
4.949021,0.002022,4.511135,-4032.54712,1937517596,9959,1
4.951037,0.002016,4.511873,-4034.02966,1937834783,9960,1
4.953053,0.002016,4.511797,-4033.87698,1937802008,9961,2
4.957092,0.004039,4.511854,-4033.99149,1937826583,9963,1
4.959108,0.002016,4.51211,-4034.50576,1937936585,9964,1
4.96113,0.002022,4.510757,-4031.78777,1937355241,9965,1
4.963146,0.002016,4.509673,-4029.61017,1936889856,9966,1
4.965162,0.002016,4.510323,-4030.91593,1937168836,9967,2
4.9692,0.004038,4.510432,-4031.1349,1937215698,9969,1
4.971216,0.002016,4.510295,-4030.85968,1937156883,9970,1
4.973239,0.002023,4.510687,-4031.64715,1937325495,9971,1
4.975255,0.002016,4.509566,-4029.39523,1936844019,9972,2
4.979293,0.004038,4.508563,-4027.38034,1936412841,9974,1
4.981309,0.002016,4.509076,-4028.41089,1936633505,9975,1
4.983332,0.002023,4.509516,-4029.29478,1936822337,9976,1
4.985348,0.002016,4.509487,-4029.23653,1936810003,9977,2
4.989386,0.004038,4.509923,-4030.11239,1936997326,9979,1
4.991402,0.002016,4.508978,-4028.21402,1936591507,9980,1
4.993418,0.002016,4.507647,-4025.54023,1936019630,9981,1
4.99544,0.002022,4.5079,-4026.04847,1936128176,9982,2
4.999472,0.004032,4.50847,-4027.19352,1936372985,9984,1
5.001495,0.002023,4.508279,-4026.80983,1936290960,9985,1
5.003511,0.002016,4.508844,-4027.94483,1936534001,9986,1
5.005533,0.002022,4.508352,-4026.95648,1936322611,9987,2
5.009565,0.004032,4.507118,-4024.47755,1935792207,9989,1
5.011588,0.002023,4.507208,-4024.65834,1935831262,9990,1
5.013604,0.002016,4.50794,-4026.12883,1936145379,9991,1
5.01562,0.002016,4.507522,-4025.28912,1935965856,9992,1
5.017642,0.002022,4.507899,-4026.04646,1936127979,9993,2
5.021674,0.004032,4.50737,-4024.98378,1935900677,9995,1
5.023696,0.002022,4.506049,-4022.33008,1935333184,9996,1
5.025712,0.002016,4.506027,-4022.28589,1935323915,9997,1
5.027728,0.002016,4.507066,-4024.37309,1935770054,9998,2
5.031767,0.004039,4.506625,-4023.48718,1935580549,10000,1
5.033789,0.002022,4.506975,-4024.19028,1935731136,10001,1
5.035805,0.002016,4.506668,-4023.57356,1935599084,10002,1
5.037821,0.002016,4.505293,-4020.81139,1935008650,10003,2
5.04186,0.004039,4.505195,-4020.61452,1934966656,10005,1
5.043876,0.002016,4.506246,-4022.72582,1935417830,10006,1
5.045898,0.002022,4.505892,-4022.01469,1935265933,10007,1
5.047914,0.002016,4.506589,-4023.41486,1935565474,10008,2
5.051952,0.004038,4.506386,-4023.00706,1935477975,10010,1
5.053968,0.002016,4.504618,-4019.45541,1934718429,10011,1
5.055984,0.002016,4.50417,-4018.55544,1934526306,10012,1
5.058007,0.002023,4.505094,-4020.41162,1934923194,10013,1
5.060023,0.002016,4.504529,-4019.27662,1934680328,10014,2
5.064061,0.004038,4.504951,-4020.12436,1934861635,10016,1
5.066077,0.002016,4.505134,-4020.49198,1934940352,10017,1
5.0681,0.002023,4.503584,-4017.37825,1934274639,10018,1
5.070116,0.002016,4.503212,-4016.63096,1934114965,10019,2
5.074154,0.004038,4.504235,-4018.68602,1934554406,10021,1
5.07617,0.002016,4.503699,-4017.60927,1934323987,10022,1
5.078192,0.002022,4.503903,-4018.01908,1934411499,10023,1
5.080208,0.002016,4.504017,-4018.24808,1934460595,10024,2
5.08424,0.004032,4.502474,-4015.14842,1933797868,10026,1
5.086263,0.002023,4.501781,-4013.75628,1933500274,10027,1
5.088279,0.002016,4.502768,-4015.73902,1933923857,10028,1
5.090301,0.002022,4.502493,-4015.18659,1933806084,10029,2
5.094333,0.004032,4.5027,-4015.60242,1933894764,10031,1
5.096356,0.002023,4.502953,-4016.11066,1934003563,10032,1
5.098372,0.002016,4.501672,-4013.53732,1933453306,10033,1
5.100388,0.002016,4.501053,-4012.29384,1933187650,10034,1
5.10241,0.002022,4.5018,-4013.79445,1933508284,10035,2
5.106442,0.004032,4.501741,-4013.67593,1933482947,10037,1
5.108464,0.002022,4.502017,-4014.23037,1933601543,10038,1
5.11048,0.002016,4.502378,-4014.95557,1933756985,10039,1
5.112496,0.002016,4.500866,-4011.91818,1933107209,10040,2
5.116535,0.004039,4.499816,-4009.80888,1932656371,10042,1
5.118551,0.002016,4.500484,-4011.1508,1932942900,10043,1
5.120573,0.002022,4.500544,-4011.27133,1932968882,10044,1
5.122589,0.002016,4.500525,-4011.23316,1932960760,10045,2
5.126628,0.004039,4.501185,-4012.559,1933244400,10047,1
5.128644,0.002016,4.500019,-4010.21668,1932743477,10048,1
5.13066,0.002016,4.499144,-4008.45893,1932367635,10049,1
5.132682,0.002022,4.499832,-4009.84102,1932663314,10050,2
5.136714,0.004032,4.500278,-4010.73697,1932854459,10052,1
5.138736,0.002022,4.500253,-4010.68675,1932843955,10053,1
5.140752,0.002016,4.500915,-4012.01661,1933128089,10054,1
5.142768,0.002016,4.499823,-4009.82294,1932659366,10055,1
5.144791,0.002023,4.498664,-4007.49468,1932161612,10056,2
5.148823,0.004032,4.499247,-4008.66584,1932411931,10058,1
5.150845,0.002022,4.499773,-4009.7225,1932637608,10059,1
5.152861,0.002016,4.499398,-4008.96918,1932476484,10060,1
5.154877,0.002016,4.500116,-4010.41154,1932785030,10061,2
5.158916,0.004039,4.499325,-4008.82253,1932445621,10063,1
5.160932,0.002016,4.49794,-4006.04027,1931850654,10064,1
5.162954,0.002022,4.49814,-4006.44204,1931936596,10065,1
5.16497,0.002016,4.499001,-4008.17166,1932305977,10066,2
5.169008,0.004038,4.498564,-4007.29379,1932118711,10068,1
5.171024,0.002016,4.499036,-4008.24197,1932321251,10069,1
5.17304,0.002016,4.498345,-4006.85385,1932024410,10070,1
5.175063,0.002023,4.496975,-4004.10172,1931436343,10071,2
5.179095,0.004032,4.497118,-4004.38899,1931497448,10073,1
5.181117,0.002022,4.498114,-4006.38981,1931925275,10074,1
5.183133,0.002016,4.497677,-4005.51194,1931737671,10075,1
5.185149,0.002016,4.498342,-4006.84783,1932023211,10076,2
5.189188,0.004039,4.497957,-4006.07442,1931857687,10078,1
5.191204,0.002016,4.496436,-4003.01895,1931204341,10079,1
5.193226,0.002022,4.496354,-4002.85422,1931169380,10080,1
5.195242,0.002016,4.497109,-4004.37091,1931493773,10081,1
5.197258,0.002016,4.496519,-4003.18568,1931240173,10082,2
5.201296,0.004038,4.497104,-4004.36086,1931491583,10084,1
5.203312,0.002016,4.496786,-4003.72205,1931354947,10085,1
5.205335,0.002023,4.495139,-4000.41346,1930647547,10086,1
5.207351,0.002016,4.494941,-4000.01571,1930562307,10087,2
5.211389,0.004038,4.495993,-4002.12902,1931014258,10089,1
5.213405,0.002016,4.495543,-4001.22504,1930820787,10090,1
5.215428,0.002023,4.496217,-4002.57901,1931110442,10091,1
5.217444,0.002016,4.496131,-4002.40625,1931073705,10092,2
5.221482,0.004038,4.494596,-3999.32265,1930414133,10094,1
5.223498,0.002016,4.494378,-3998.88472,1930320498,10095,1
5.225514,0.002016,4.495531,-4001.20093,1930815877,10096,1
5.227536,0.002022,4.495188,-4000.5119,1930668725,10097,2
5.231568,0.004032,4.495818,-4001.77747,1930939179,10099,1
5.233591,0.002023,4.495976,-4002.09487,1931006892,10100,1
5.235607,0.002016,4.494392,-3998.91285,1930326621,10101,1
5.237623,0.002016,4.493878,-3997.88029,1930106013,10102,1
5.239645,0.002022,4.494815,-3999.76259,1930508243,10103,2
5.243677,0.004032,4.49452,-3999.16998,1930381498,10105,1
5.2457,0.002023,4.494925,-3999.98357,1930555623,10106,1
5.247716,0.002016,4.495225,-4000.58622,1930684670,10107,1
5.249732,0.002016,4.493802,-3997.72762,1930073112,10108,2
5.25377,0.004038,4.49315,-3996.41785,1929793076,10110,1
5.255792,0.002022,4.494047,-3998.21979,1930178618,10111,1
5.257808,0.002016,4.493813,-3997.74972,1930077681,10112,1
5.259824,0.002016,4.494024,-3998.17359,1930168399,10113,2
5.263863,0.004039,4.494327,-3998.78227,1930298483,10115,1
5.265879,0.002016,4.492935,-3995.98594,1929700940,10116,1
5.267901,0.002022,4.492037,-3994.18199,1929315142,10117,1
5.269917,0.002016,4.492723,-3995.56007,1929609914,10118,2
5.273956,0.004039,4.492591,-3995.2949,1929553195,10120,1
5.275972,0.002016,4.492459,-3995.02973,1929496544,10121,1
5.277988,0.002016,4.492968,-3996.05224,1929714918,10122,1
5.280004,0.002016,4.491786,-3993.67777,1929207740,10123,1
5.282026,0.002022,4.490785,-3991.6669,1928777321,10124,2
5.286064,0.004038,4.491637,-3993.37845,1929143465,10126,1
5.28808,0.002016,4.491916,-3993.93892,1929263075,10127,1
5.290096,0.002016,4.491977,-3994.06146,1929289540,10128,1
5.292119,0.002023,4.49262,-3995.35315,1929565760,10129,2
5.296151,0.004032,4.491685,-3993.47487,1929164137,10131,1
5.298173,0.002022,4.49071,-3991.51624,1928745404,10132,1
5.300189,0.002016,4.491201,-3992.50259,1928956356,10133,1
5.302205,0.002016,4.491581,-3993.26595,1929119256,10134,2
5.306244,0.004039,4.491321,-3992.74365,1929007553,10136,1
5.30826,0.002016,4.491744,-3993.5934,1929189265,10137,1
5.310282,0.002022,4.490764,-3991.62472,1928768352,10138,1
5.312298,0.002016,4.489402,-3988.88865,1928183492,10139,2
5.316336,0.004038,4.489718,-3989.52345,1928319049,10141,1
5.318352,0.002016,4.490227,-3990.54596,1928537725,10142,1
5.320368,0.002016,4.489892,-3989.87299,1928393850,10143,1
5.322391,0.002023,4.49074,-3991.5765,1928757990,10144,1
5.324407,0.002016,4.490073,-3990.2366,1928471839,10145,2
5.328445,0.004038,4.488787,-3987.65321,1927919276,10147,1
5.330461,0.002016,4.489111,-3988.30408,1928058406,10148,1
5.332477,0.002016,4.48992,-3989.92924,1928405915,10149,1
5.3345,0.002023,4.489375,-3988.83442,1928171703,10150,2
5.338532,0.004032,4.489877,-3989.84286,1928387645,10152,1
5.340554,0.002022,4.489325,-3988.73397,1928150084,10153,1
5.34257,0.002016,4.487748,-3985.56601,1927473106,10154,1
5.344586,0.002016,4.487737,-3985.54391,1927468473,10155,2
5.348628,0.004042,4.488703,-3987.48446,1927883268,10157,1
5.350644,0.002016,4.488449,-3986.97422,1927774048,10158,1
5.35266,0.002016,4.48876,-3987.59897,1927907688,10159,1
5.354682,0.002022,4.488505,-3987.08671,1927798188,10160,2
5.358714,0.004032,4.487435,-3984.93724,1927338834,10162,1
5.360736,0.002022,4.487403,-3984.87295,1927324802,10163,1
5.362752,0.002016,4.488399,-3986.87377,1927752417,10164,1
5.364768,0.002016,4.48794,-3985.95171,1927555538,10165,2
5.368807,0.004039,4.488088,-3986.24902,1927619236,10167,1
5.370823,0.002016,4.487929,-3985.92961,1927550795,10168,1
5.372845,0.002022,4.486768,-3983.59733,1927052167,10169,1
5.374861,0.002016,4.486411,-3982.88017,1926898662,10170,1
5.376877,0.002016,4.487498,-3985.06379,1927365853,10171,2
5.380916,0.004039,4.486984,-3984.03124,1927144996,10173,1
5.382932,0.002016,4.487083,-3984.23012,1927187498,10174,1
5.384954,0.002022,4.486876,-3983.81428,1927098619,10175,1
5.38697,0.002016,4.485507,-3981.06416,1926510386,10176,2
5.391008,0.004038,4.484862,-3979.76845,1926233694,10178,1
5.393024,0.002016,4.485888,-3981.82954,1926674391,10179,1
5.39504,0.002016,4.48556,-3981.17063,1926533655,10180,1
5.397063,0.002023,4.485867,-3981.78735,1926664943,10181,2
5.401101,0.004038,4.486127,-3982.30965,1926777012,10183,1
5.403117,0.002016,4.485203,-3980.45347,1926379889,10184,1
5.405133,0.002016,4.484931,-3979.90706,1926263061,10185,1
5.407156,0.002023,4.486292,-3982.64111,1926847630,10186,2
5.411188,0.004032,4.486085,-3982.22528,1926758927,10188,1
5.41321,0.002022,4.48617,-3982.39603,1926795281,10189,1
5.415226,0.002016,4.486198,-3982.45228,1926807432,10190,1
5.417242,0.002016,4.484859,-3979.76242,1926232531,10191,1
5.419264,0.002022,4.483796,-3977.62701,1925775428,10192,2
5.423296,0.004032,4.484331,-3978.70175,1926005454,10194,1
5.425319,0.002023,4.483739,-3977.5125,1925751179,10195,1
5.427335,0.002016,4.483505,-3977.04243,1925650572,10196,1
5.429351,0.002016,4.48352,-3977.07256,1925657098,10197,2
5.433389,0.004038,4.482581,-3975.18625,1925253842,10199,1
5.435412,0.002023,4.481957,-3973.93272,1924985939,10200,1
5.437428,0.002016,4.483036,-3976.10028,1925449204,10201,1
5.439444,0.002016,4.483402,-3976.83552,1925606485,10202,2
5.443482,0.004038,4.483656,-3977.34577,1925715567,10204,1
5.445498,0.002016,4.484131,-3978.29998,1925919557,10205,1
5.44752,0.002022,4.483424,-3976.87971,1925615924,10206,1
5.449536,0.002016,4.482477,-3974.97733,1925209145,10207,2
5.453575,0.004039,4.482903,-3975.8331,1925392404,10209,1
5.455591,0.002016,4.482897,-3975.82105,1925389702,10210,1
5.457607,0.002016,4.482541,-3975.10589,1925236680,10211,1
5.459629,0.002022,4.482466,-3974.95523,1925204576,10212,1
5.461645,0.002016,4.481475,-3972.96445,1924779053,10213,2
5.465684,0.004039,4.480363,-3970.73061,1924301178,10215,1
5.4677,0.002016,4.480789,-3971.58638,1924484351,10216,1
5.469722,0.002022,4.481259,-3972.53054,1924686162,10217,1
5.471738,0.002016,4.480997,-3972.00422,1924573289,10218,2
5.475776,0.004038,4.481353,-3972.71937,1924726567,10220,1
5.477792,0.002016,4.480907,-3971.82342,1924534856,10221,1
5.479808,0.002016,4.479995,-3969.99135,1924143082,10222,1
5.481831,0.002023,4.480453,-3970.9114,1924339746,10223,2
5.485863,0.004032,4.481047,-3972.10466,1924594789,10225,1
5.487885,0.002022,4.480788,-3971.58437,1924483695,10226,1
5.489901,0.002016,4.481179,-3972.36983,1924651872,10227,1
5.491924,0.002023,4.480773,-3971.55424,1924477247,10228,2
5.495956,0.004032,4.479642,-3969.28222,1923991546,10230,1
5.497978,0.002022,4.479889,-3969.77841,1924097833,10231,1
5.499994,0.002016,4.480836,-3971.68079,1924504618,10232,1
5.50201,0.002016,4.480235,-3970.47347,1924246090,10233,1
5.504032,0.002022,4.480742,-3971.49196,1924463778,10234,2
5.508064,0.004032,4.480368,-3970.74065,1924303418,10236,1
5.510087,0.002023,4.478867,-3967.72536,1923658517,10237,1
5.512103,0.002016,4.478806,-3967.60282,1923632291,10238,1
5.514125,0.002022,4.479797,-3969.59359,1924058169,10239,2
5.518157,0.004032,4.479309,-3968.61327,1923848610,10241,1
5.52018,0.002023,4.480243,-3970.48954,1924249539,10242,1
5.522196,0.002016,4.480165,-3970.33285,1924216029,10243,1
5.524212,0.002016,4.478672,-3967.33363,1923574840,10244,2
5.52825,0.004038,4.478437,-3966.86155,1923474189,10246,1
5.530266,0.002016,4.479548,-3969.09339,1923951201,10247,1
5.532288,0.002022,4.478952,-3967.89611,1923695342,10248,1
5.534304,0.002016,4.479611,-3969.21995,1923978414,10249,2
5.538343,0.004039,4.479527,-3969.0512,1923942151,10251,1
5.540359,0.002016,4.477737,-3965.45535,1923173392,10252,1
5.542381,0.002022,4.477413,-3964.80448,1923034202,10253,1
5.544397,0.002016,4.478496,-3966.98007,1923499228,10254,2
5.548436,0.004039,4.477858,-3965.69842,1923225235,10256,1
5.550452,0.002016,4.478477,-3966.9419,1923491097,10257,1
5.552468,0.002016,4.478825,-3967.64099,1923640400,10258,1
5.55449,0.002022,4.47724,-3964.45695,1922959696,10259,1
5.556506,0.002016,4.476903,-3963.77996,1922815374,10260,2
5.560544,0.004038,4.478037,-3966.05801,1923302202,10262,1
5.56256,0.002016,4.477747,-3965.47544,1923177814,10263,1
5.564583,0.002023,4.478347,-3966.68075,1923435326,10264,1
5.566599,0.002016,4.478749,-3967.48831,1923608217,10265,2
5.570637,0.004038,4.477217,-3964.41075,1922950195,10267,1
5.572653,0.002016,4.47667,-3963.3119,1922715221,10268,1
5.574676,0.002023,4.477621,-3965.22232,1923123546,10269,1
5.576692,0.002016,4.477343,-3964.66386,1923004335,10270,2
5.58073,0.004038,4.477738,-3965.45736,1923173891,10272,1
5.582746,0.002016,4.478329,-3966.64459,1923427452,10273,1
5.584768,0.002022,4.476882,-3963.73778,1922806321,10274,1
5.586784,0.002016,4.476226,-3962.41997,1922524385,10275,2
5.590816,0.004032,4.477119,-3964.21388,1922908220,10277,1
5.592839,0.002023,4.476923,-3963.82014,1922823919,10278,1
5.594855,0.002016,4.47692,-3963.81411,1922822525,10279,1
5.596877,0.002022,4.477708,-3965.39709,1923160869,10280,1
5.598893,0.002016,4.476485,-3962.94026,1922635670,10281,2
5.602932,0.004039,4.475492,-3960.94547,1922209287,10283,1
5.604948,0.002016,4.476229,-3962.426,1922525790,10284,1
5.606964,0.002016,4.476461,-3962.89205,1922625574,10285,1
5.608986,0.002022,4.476494,-3962.95834,1922639496,10286,2
5.613024,0.004038,4.477323,-3964.62368,1922995602,10288,1
5.61504,0.002016,4.476298,-3962.56461,1922555426,10289,1
5.617056,0.002016,4.475364,-3960.68834,1922154270,10290,1
5.619079,0.002023,4.476021,-3962.00815,1922436429,10291,2
5.623111,0.004032,4.476326,-3962.62085,1922567181,10293,1
5.625133,0.002022,4.476166,-3962.29944,1922498836,10294,1
5.627149,0.002016,4.477001,-3963.97683,1922857456,10295,1
5.629165,0.002016,4.476052,-3962.07043,1922449645,10296,2
5.633204,0.004039,4.475015,-3959.98724,1922004335,10298,1
5.63522,0.002016,4.475597,-3961.1564,1922254337,10299,1
5.637242,0.002022,4.476165,-3962.29743,1922498428,10300,1
5.639258,0.002016,4.475951,-3961.86753,1922406320,10301,1
5.64128,0.002022,4.476814,-3963.60118,1922776820,10302,2
5.645312,0.004032,4.475979,-3961.92378,1922418220,10304,1
5.647335,0.002023,4.474659,-3959.27209,1921851118,10305,1
5.649351,0.002016,4.474939,-3959.83457,1921971682,10306,1
5.651367,0.002016,4.475575,-3961.1122,1922244585,10307,2
5.655405,0.004038,4.475127,-3960.21224,1922052420,10309,1
5.657421,0.002016,4.475655,-3961.27291,1922279091,10310,1
5.659444,0.002023,4.475039,-3960.03546,1922014284,10311,1
5.66146,0.002016,4.4736,-3957.14471,1921396478,10312,2
5.665498,0.004038,4.473771,-3957.48823,1921470077,10314,1
5.667514,0.002016,4.474638,-3959.22991,1921842572,10315,1
5.669536,0.002022,4.474042,-3958.03263,1921586582,10316,1
5.671552,0.002016,4.474514,-3958.98081,1921788968,10317,2
5.675591,0.004039,4.474009,-3957.96634,1921572183,10319,1
5.677607,0.002016,4.472463,-3954.86064,1920908187,10320,1
5.679623,0.002016,4.472391,-3954.71601,1920877450,10321,1
5.681645,0.002022,4.473358,-3956.65857,1921292474,10322,1
5.683661,0.002016,4.472913,-3955.76463,1921101458,10323,2
5.6877,0.004039,4.473416,-3956.77508,1921317458,10325,1
5.689716,0.002016,4.473302,-3956.54607,1921268642,10326,1
5.691738,0.002022,4.471767,-3953.46248,1920609302,10327,1
5.693754,0.002016,4.471716,-3953.36003,1920587200,10328,2
5.697792,0.004038,4.472882,-3955.70235,1921088344,10330,1
5.699808,0.002016,4.47254,-3955.01533,1920941317,10331,1
5.701824,0.002016,4.47317,-3956.28091,1921211865,10332,1
5.703847,0.002023,4.473291,-3956.52398,1921263882,10333,2
5.707879,0.004032,4.471838,-3953.60511,1920639695,10335,1
5.709901,0.002022,4.471593,-3953.11294,1920534692,10336,1
5.711917,0.002016,4.4727,-3955.33674,1921009879,10337,1
5.71394,0.002023,4.472346,-3954.62561,1920857967,10338,2
5.717972,0.004032,4.472697,-3955.33072,1921008618,10340,1
5.719994,0.002022,4.472698,-3955.33273,1921009158,10341,1
5.72201,0.002016,4.470888,-3951.6967,1920231891,10342,1
5.724026,0.002016,4.47024,-3950.39496,1919953581,10343,2
5.728064,0.004038,4.471113,-3952.14869,1920328480,10345,1
5.73008,0.002016,4.470782,-3951.48376,1920186143,10346,1
5.732103,0.002023,4.471204,-3952.33149,1920367482,10347,1
5.734119,0.002016,4.471364,-3952.65291,1920436156,10348,1
5.736141,0.002022,4.469843,-3949.59744,1919783148,10349,2
5.740173,0.004032,4.469276,-3948.45842,1919539317,10351,1
5.742196,0.002023,4.470326,-3950.56772,1919990349,10352,1
5.744212,0.002016,4.470316,-3950.54763,1919986016,10353,1
5.746228,0.002016,4.470717,-3951.35318,1920158345,10354,2
5.750266,0.004038,4.471166,-3952.25516,1920351086,10356,1
5.752282,0.002016,4.469723,-3949.35638,1919731619,10357,1
5.754304,0.002022,4.46876,-3947.42185,1919317880,10358,1
5.75632,0.002016,4.46964,-3949.18964,1919695735,10359,2
5.760359,0.004039,4.469572,-3949.05304,1919666611,10361,1
5.762375,0.002016,4.469497,-3948.90238,1919634197,10362,1
5.764397,0.002022,4.469792,-3949.49499,1919760978,10363,1
5.766413,0.002016,4.468315,-3946.52791,1919126834,10364,2
5.770452,0.004039,4.46731,-3944.50901,1918695307,10366,1
5.772468,0.002016,4.467916,-3945.72638,1918955320,10367,1
5.774484,0.002016,4.46813,-3946.15627,1919047117,10368,1
5.776506,0.002022,4.468326,-3946.55001,1919131582,10369,1
5.778522,0.002016,4.468982,-3947.86782,1919413060,10370,2
5.78256,0.004038,4.468151,-3946.19846,1919056157,10372,1
5.784576,0.002016,4.467416,-3944.72195,1918740482,10373,1
5.786599,0.002023,4.467949,-3945.79267,1918969390,10374,1
5.788615,0.002016,4.468356,-3946.61027,1919144105,10375,2
5.792653,0.004038,4.468157,-3946.21051,1919058828,10377,1
5.794669,0.002016,4.468717,-3947.33547,1919299393,10378,1
5.796692,0.002023,4.467578,-3945.04738,1918810076,10379,1
5.798708,0.002016,4.466247,-3942.3736,1918238650,10380,2
5.802746,0.004038,4.466466,-3942.81353,1918332602,10382,1
5.804762,0.002016,4.466835,-3943.5548,1918491152,10383,1
5.806778,0.002016,4.466588,-3943.05862,1918384781,10384,1
5.8088,0.002022,4.466869,-3943.6231,1918505744,10385,2
5.812832,0.004032,4.465938,-3941.75286,1918105912,10387,1
5.814855,0.002023,4.464589,-3939.04291,1917526482,10388,1
5.816871,0.002016,4.464712,-3939.29,1917579082,10389,1
5.818887,0.002016,4.465601,-3941.07587,1917961020,10390,1
5.820909,0.002022,4.465535,-3940.94329,1917932722,10391,2
5.824948,0.004039,4.466168,-3942.2149,1918204732,10393,1
5.826964,0.002016,4.465507,-3940.88704,1917920628,10394,1
5.82898,0.002016,4.464237,-3938.33579,1917375356,10395,1
5.831002,0.002022,4.464387,-3938.63712,1917439767,10396,2
5.835034,0.004032,4.465419,-3940.71026,1917882840,10398,1
5.837056,0.002022,4.46521,-3940.29041,1917793222,10399,1
5.839072,0.002016,4.465773,-3941.4214,1918034919,10400,1
5.841095,0.002023,4.465443,-3940.75848,1917892985,10401,2
5.845127,0.004032,4.464098,-3938.05656,1917315746,10403,1
5.847149,0.002022,4.463895,-3937.64877,1917228263,10404,1
5.849165,0.002016,4.4648,-3939.46678,1917617067,10405,1
5.851188,0.002023,4.464394,-3938.65119,1917442671,10406,2
5.85522,0.004032,4.46489,-3939.64758,1917655884,10408,1
5.857242,0.002022,4.464654,-3939.17349,1917554575,10409,1
5.859258,0.002016,4.463176,-3936.2044,1916919329,10410,1
5.861274,0.002016,4.462945,-3935.74035,1916820440,10411,1
5.863296,0.002022,4.464049,-3937.95813,1917294626,10412,2
5.867328,0.004032,4.463602,-3937.06017,1917102584,10414,1
5.869351,0.002023,4.463913,-3937.68493,1917235981,10415,1
5.871367,0.002016,4.463645,-3937.14655,1917121164,10416,1
5.873389,0.002022,4.462008,-3933.85805,1916417555,10417,2
5.877421,0.004032,4.461494,-3932.8255,1916196911,10419,1
5.879444,0.002023,4.462643,-3935.13368,1916690468,10420,1
5.88146,0.002016,4.46231,-3934.46473,1916547478,10421,1
5.883476,0.002016,4.462595,-3935.03725,1916669771,10422,2
5.887514,0.004038,4.462645,-3935.1377,1916691228,10424,1
5.889536,0.002022,4.461087,-3932.0079,1916022299,10425,1
5.891552,0.002016,4.46047,-3930.76843,1915757309,10426,1
5.893568,0.002016,4.461391,-3932.61859,1916152974,10427,2
5.897607,0.004039,4.461061,-3931.95567,1916011034,10429,1
5.899623,0.002016,4.461379,-3932.59448,1916147731,10430,1
5.901645,0.002022,4.4617,-3933.23933,1916285497,10431,1
5.903661,0.002016,4.460213,-3930.25216,1915646866,10432,1
5.905684,0.002023,4.459523,-3928.86605,1915350692,10433,2
5.909716,0.004032,4.46036,-3930.54746,1915710131,10435,1
5.911738,0.002022,4.460176,-3930.17783,1915630678,10436,1
5.913754,0.002016,4.460463,-3930.75437,1915754025,10437,1
5.91577,0.002016,4.46101,-3931.85322,1915989382,10438,2
5.919808,0.004038,4.459526,-3928.87207,1915351981,10440,1
5.921824,0.002016,4.458633,-3927.07817,1914968567,10441,1
5.923847,0.002023,4.459401,-3928.62097,1915297963,10442,1
5.925863,0.002016,4.45932,-3928.45825,1915263181,10443,2
5.929901,0.004038,4.459307,-3928.43213,1915257652,10445,1
5.931917,0.002016,4.459935,-3929.6937,1915527339,10446,1
5.93394,0.002023,4.458564,-3926.93955,1914938684,10447,1
5.935956,0.002016,4.45747,-3924.74187,1914468757,10448,2
5.939994,0.004038,4.458071,-3925.94919,1914726844,10450,1
5.94201,0.002016,4.45822,-3926.24851,1914791114,10451,1
5.944026,0.002016,4.458154,-3926.11592,1914762317,10452,1
5.946048,0.002022,4.45896,-3927.73506,1915108671,10453,2
5.95008,0.004032,4.458074,-3925.95522,1914728277,10455,1
5.952103,0.002023,4.457266,-3924.33206,1914381041,10456,1
5.954119,0.002016,4.457885,-3925.57554,1914647184,10457,1
5.956135,0.002016,4.458509,-3926.82907,1914915179,10458,1
5.958157,0.002022,4.458151,-3926.1099,1914761332,10459,2
5.962196,0.004039,4.458656,-3927.12437,1914978333,10461,1
5.964212,0.002016,4.457618,-3925.03918,1914532507,10462,1
5.966228,0.002016,4.456205,-3922.20066,1913925595,10463,1
5.96825,0.002022,4.456283,-3922.35735,1913958725,10464,2
5.972282,0.004032,4.456927,-3923.65106,1914235819,10466,1
5.974304,0.002022,4.45657,-3922.9339,1914082044,10467,1
5.97632,0.002016,4.45739,-3924.58116,1914434437,10468,1
5.978343,0.002023,4.456797,-3923.38991,1914179750,10469,2
5.982375,0.004032,4.455553,-3920.89089,1913645538,10471,1
5.984397,0.002022,4.455715,-3921.21632,1913715232,10472,1
5.986413,0.002016,4.456512,-3922.81738,1914057632,10473,1
5.988429,0.002016,4.456087,-3921.96362,1913874505,10474,2
5.992468,0.004039,4.456937,-3923.67115,1914239743,10476,1
5.994484,0.002016,4.456465,-3922.72297,1914037080,10477,1
5.996506,0.002022,4.454994,-3919.76794,1913405491,10478,1
5.998522,0.002016,4.45506,-3919.90052,1913433838,10479,1
6.000544,0.002022,4.456128,-3922.04598,1913892486,10480,2
6.004576,0.004032,4.455507,-3920.79848,1913625577,10482,1
6.006592,0.002016,4.456233,-3922.25691,1913937255,10483,1
6.008615,0.002023,4.456055,-3921.89934,1913860816,10484,1
6.010631,0.002016,4.454446,-3918.66709,1913170009,10485,2
6.014669,0.004038,4.454381,-3918.53651,1913142242,10487,1
6.016685,0.002016,4.45552,-3920.8246,1913631060,10488,1
6.018708,0.002023,4.45476,-3919.29787,1913304617,10489,1
6.020724,0.002016,4.455391,-3920.56546,1913575945,10490,2
6.024762,0.004038,4.455392,-3920.56746,1913576447,10492,1
6.026778,0.002016,4.453919,-3917.60842,1912943703,10493,1
6.028794,0.002016,4.453743,-3917.25486,1912867908,10494,1
6.030816,0.002022,4.45496,-3919.69964,1913390861,10495,2
6.034848,0.004032,4.454692,-3919.16126,1913275635,10497,1
6.036871,0.002023,4.455405,-3920.59358,1913581923,10498,1
6.038887,0.002016,4.455584,-3920.95316,1913658650,10499,1
6.040909,0.002022,4.453896,-3917.56222,1912933462,10500,1
6.042925,0.002016,4.453325,-3916.41516,1912688585,10501,2
6.046964,0.004039,4.454163,-3918.09858,1913048486,10503,1
6.04898,0.002016,4.453707,-3917.18254,1912852671,10504,1
6.050996,0.002016,4.454088,-3917.94792,1913016034,10505,1
6.053018,0.002022,4.454194,-3918.16085,1913061447,10506,2
6.057056,0.004038,4.452717,-3915.19377,1912427315,10508,1
6.059072,0.002016,4.452285,-3914.32595,1912241666,10509,1
6.061088,0.002016,4.453343,-3916.45132,1912696220,10510,1
6.063111,0.002023,4.453432,-3916.63011,1912734530,10511,2
6.067143,0.004032,4.453983,-3917.73699,1912971226,10513,1
6.069165,0.002022,4.454456,-3918.68717,1913174092,10514,1
6.071181,0.002016,4.453048,-3915.85871,1912569285,10515,1
6.073204,0.002023,4.45218,-3914.11502,1912196771,10516,2
6.077236,0.004032,4.453044,-3915.85067,1912568052,10518,1
6.079258,0.002022,4.453191,-3916.14597,1912630800,10519,1
6.081274,0.002016,4.453598,-3916.96358,1912805674,10520,1
6.08329,0.002016,4.454092,-3917.95595,1913017797,10521,1
6.085312,0.002022,4.452837,-3915.43484,1912479051,10522,2
6.089344,0.004032,4.451889,-3913.53044,1912071697,10524,1
6.091367,0.002023,4.452753,-3915.26609,1912442695,10525,1
6.093383,0.002016,4.453082,-3915.92701,1912584046,10526,1
6.095405,0.002022,4.45323,-3916.22432,1912647751,10527,2
6.099437,0.004032,4.453911,-3917.59235,1912940363,10529,1
6.10146,0.002023,4.452833,-3915.4268,1912477086,10530,1
6.103476,0.002016,4.45187,-3913.49227,1912063681,10531,1
6.105492,0.002016,4.452582,-3914.92258,1912369453,10532,2
6.10953,0.004038,4.453177,-3916.11785,1912625195,10534,1
6.111552,0.002022,4.453389,-3916.54373,1912715879,10535,1
6.113568,0.002016,4.454058,-3917.88765,1913003349,10536,1
6.115584,0.002016,4.45313,-3916.02343,1912604790,10537,2
6.119623,0.004039,4.451911,-3913.57464,1912081078,10539,1
6.121639,0.002016,4.452398,-3914.55295,1912290405,10540,1
6.123661,0.002022,4.452845,-3915.45091,1912482196,10541,1
6.125677,0.002016,4.452487,-3914.73174,1912328322,10542,2
6.129716,0.004039,4.45302,-3915.80246,1912557534,10544,1
6.131732,0.002016,4.452043,-3913.83981,1912137668,10545,1
6.133754,0.002022,4.450706,-3911.15396,1911563896,10546,1
6.13577,0.002016,4.450992,-3911.7285,1911686491,10547,1
6.137786,0.002016,4.451895,-3913.54249,1912074179,10548,2
6.141824,0.004038,4.451747,-3913.24518,1912010828,10550,1
6.14384,0.002016,4.452513,-3914.78397,1912339746,10551,1
6.145863,0.002023,4.451971,-3913.69517,1912106914,10552,1
6.147879,0.002016,4.450791,-3911.32472,1911600070,10553,2
6.151917,0.004038,4.451022,-3911.78876,1911699162,10555,1
6.153933,0.002016,4.4521,-3913.95431,1912162257,10556,1
6.155956,0.002023,4.451885,-3913.52241,1912069892,10557,1
6.157972,0.002016,4.452673,-3915.10538,1912408460,10558,2
6.16201,0.004038,4.452303,-3914.36211,1912249545,10560,1
6.164026,0.002016,4.450821,-3911.38498,1911612992,10561,1
6.166048,0.002022,4.450753,-3911.24838,1911583774,10562,1
6.168064,0.002016,4.451788,-3913.32755,1912028414,10563,2
6.172103,0.004039,4.451338,-3912.42356,1911835080,10565,1
6.174119,0.002016,4.452024,-3913.80164,1912130063,10566,1
6.176135,0.002016,4.451684,-3913.11863,1911983511,10567,1
6.178157,0.002022,4.450147,-3910.03101,1911323584,10568,1
6.180173,0.002016,4.450088,-3909.91249,1911298252,10569,2
6.184212,0.004039,4.451312,-3912.37133,1911824010,10571,1
6.186228,0.002016,4.451111,-3911.96755,1911737439,10572,1
6.18825,0.002022,4.451928,-3913.60879,1912088582,10573,1
6.190266,0.002016,4.451943,-3913.63892,1912094792,10574,2
6.194304,0.004038,4.450726,-3911.19414,1911572027,10576,1
6.19632,0.002016,4.450642,-3911.0254,1911536126,10577,1
6.198336,0.002016,4.451844,-3913.44004,1912052607,10578,1
6.200359,0.002023,4.451394,-3912.53606,1911858951,10579,2
6.204391,0.004032,4.451864,-3913.48022,1912061050,10581,1
6.206413,0.002022,4.451854,-3913.46013,1912056573,10582,1
6.208429,0.002016,4.45042,-3910.57943,1911440885,10583,1
6.210452,0.002023,4.449858,-3909.45046,1911199313,10584,2
6.214484,0.004032,4.45083,-3911.40306,1911616727,10586,1
6.216506,0.002022,4.450649,-3911.03946,1911539260,10587,1
6.218522,0.002016,4.451154,-3912.05393,1911756094,10588,1
6.220538,0.002016,4.451333,-3912.41352,1911832700,10589,1
6.22256,0.002022,4.450194,-3910.12543,1911343925,10590,2
6.226592,0.004032,4.449709,-3909.15114,1911135496,10592,1
6.228615,0.002023,4.450963,-3911.67024,1911674008,10593,1
6.230631,0.002016,4.451166,-3912.07804,1911761310,10594,1
6.232647,0.002016,4.451742,-3913.23514,1912008677,10595,2
6.236685,0.004038,4.452126,-3914.00654,1912173389,10597,1
6.238708,0.002023,4.451037,-3911.8189,1911706144,10598,1
6.240724,0.002016,4.45031,-3910.35846,1911393406,10599,1
6.24274,0.002016,4.451077,-3911.89925,1911723217,10600,2
6.246778,0.004038,4.45102,-3911.78475,1911698451,10602,1
6.248794,0.002016,4.451065,-3911.87514,1911717616,10603,1
6.250816,0.002022,4.451355,-3912.45771,1911842274,10604,1
6.252832,0.002016,4.450162,-3910.06115,1911330035,10605,2
6.256871,0.004039,4.449158,-3908.04426,1910898665,10607,1
6.258887,0.002016,4.449899,-3909.53282,1911217109,10608,1
6.260909,0.002022,4.450286,-3910.31025,1911383329,10609,1
6.262925,0.002016,4.450383,-3910.5051,1911425073,10610,1
6.264941,0.002016,4.45083,-3911.40306,1911617040,10611,2
6.26898,0.004039,4.450273,-3910.28413,1911377370,10613,1
6.270996,0.002016,4.44949,-3908.7112,1911041104,10614,1
6.273018,0.002022,4.450231,-3910.19976,1911359621,10615,1
6.275034,0.002016,4.450681,-3911.10374,1911553014,10616,2
6.279072,0.004038,4.450454,-3910.64773,1911455373,10618,1
6.281088,0.002016,4.450692,-3911.12584,1911557554,10619,1
6.283111,0.002023,4.450117,-3909.97075,1911310707,10620,1
6.285127,0.002016,4.448919,-3907.56414,1910796060,10621,2
6.289165,0.004038,4.449297,-3908.32349,1910958558,10623,1
6.291181,0.002016,4.449956,-3909.64732,1911241591,10624,1
6.293204,0.002023,4.449811,-3909.35604,1911178965,10625,1
6.29522,0.002016,4.450065,-3909.86629,1911288420,10626,2
6.299258,0.004038,4.449616,-3908.96431,1911095764,10628,1
6.301274,0.002016,4.448593,-3906.90925,1910655984,10629,1
6.30329,0.002016,4.448882,-3907.48981,1910780239,10630,1
6.305312,0.002022,4.449817,-3909.36809,1911181904,10631,2
6.309344,0.004032,4.449571,-3908.87391,1911076063,10633,1
6.311367,0.002023,4.449864,-3909.46251,1911202212,10634,1
6.313383,0.002016,4.449647,-3909.02659,1911108900,10635,1
6.315399,0.002016,4.448809,-3907.34317,1910749000,10636,1
6.317421,0.002022,4.448937,-3907.6003,1910804068,10637,2
6.32146,0.004039,4.449961,-3909.65737,1911243593,10639,1
6.323476,0.002016,4.449693,-3909.11899,1911128732,10640,1
6.325492,0.002016,4.45008,-3909.89642,1911294785,10641,1
6.327514,0.002022,4.449728,-3909.1893,1911143553,10642,2
6.331546,0.004032,4.448538,-3906.79877,1910632664,10644,1
6.333568,0.002022,4.448401,-3906.52355,1910573956,10645,1
6.335584,0.002016,4.449355,-3908.44,1910983265,10646,1
6.3376,0.002016,4.448935,-3907.59628,1910803118,10647,2
6.341639,0.004039,4.449268,-3908.26523,1910946349,10649,1
6.343661,0.002022,4.449206,-3908.14068,1910919408,10650,1
6.345677,0.002016,4.448173,-3906.06553,1910475553,10651,1
6.347693,0.002016,4.447954,-3905.62559,1910381869,10652,2
6.351732,0.004039,4.449224,-3908.17684,1910927077,10654,1
6.353748,0.002016,4.449007,-3907.74092,1910833947,10655,1
6.356163,0.002415,4.449645,-3909.02257,1911107859,10656,1
6.357786,0.001623,4.449678,-3909.08886,1911122456,10657,1
6.359802,0.002016,4.448392,-3906.50547,1910569866,10658,2
6.36384,0.004038,4.448081,-3905.88072,1910436232,10660,1
6.365856,0.002016,4.449187,-3908.10251,1910911540,10661,1
6.367879,0.002023,4.448777,-3907.27888,1910735312,10662,1
6.369895,0.002016,4.449116,-3907.95988,1910880868,10663,2
6.373933,0.004038,4.449129,-3907.986,1910886149,10665,1
6.375949,0.002016,4.447852,-3905.42069,1910337630,10666,1
6.377972,0.002023,4.447309,-3904.32988,1910104510,10667,1
6.379988,0.002016,4.44839,-3906.50145,1910568670,10668,2
6.384026,0.004038,4.448181,-3906.0816,1910479414,10670,1
6.386042,0.002016,4.448612,-3906.94742,1910664464,10671,1
6.388058,0.002016,4.448957,-3907.64048,1910812372,10672,1
6.39008,0.002022,4.447876,-3905.4689,1910348444,10673,2
6.394112,0.004032,4.447311,-3904.3339,1910105608,10675,1
6.396135,0.002023,4.448159,-3906.03741,1910469576,10676,1
6.398151,0.002016,4.44799,-3905.69791,1910397164,10677,1
6.400173,0.002022,4.448219,-3906.15794,1910495475,10678,1
6.402189,0.002016,4.44829,-3906.30057,1910526046,10679,2
6.406228,0.004039,4.446862,-3903.43192,1909912779,10681,1
6.408244,0.002016,4.44591,-3901.51949,1909504051,10682,1
6.41026,0.002016,4.446713,-3903.1326,1909848557,10683,1
6.412282,0.002022,4.44677,-3903.24711,1909873004,10684,2
6.416314,0.004032,4.446692,-3903.09042,1909839328,10686,1
6.418336,0.002022,4.446811,-3903.32947,1909890908,10687,1
6.420352,0.002016,4.445839,-3901.37686,1909473484,10688,1
6.422368,0.002016,4.444974,-3899.6392,1909101816,10689,2
6.426407,0.004039,4.44569,-3901.07754,1909409283,10691,1
6.428423,0.002016,4.446116,-3901.93332,1909592177,10692,1
6.430445,0.002022,4.446198,-3902.09804,1909627764,10693,1
6.432461,0.002016,4.446663,-3903.03216,1909827192,10694,2
6.4365,0.004039,4.445884,-3901.46726,1909492679,10696,1
6.438516,0.002016,4.445016,-3899.72357,1909119839,10697,1
6.440538,0.002022,4.445624,-3900.94496,1909380988,10698,1
6.442554,0.002016,4.44623,-3902.16233,1909641400,10699,1
6.44457,0.002016,4.445941,-3901.58177,1909517374,10700,2
6.448608,0.004038,4.446275,-3902.25272,1909660562,10702,1
6.450624,0.002016,4.445403,-3900.501,1909285917,10703,1
6.452647,0.002023,4.444119,-3897.92163,1908734851,10704,1
6.454663,0.002016,4.444336,-3898.35755,1908827940,10705,2
6.458701,0.004038,4.444976,-3899.64322,1909102751,10707,1
6.460717,0.002016,4.444631,-3898.95016,1908954551,10708,1
6.46274,0.002023,4.445081,-3899.85415,1909147662,10709,1
6.464756,0.002016,4.444805,-3899.29971,1909029091,10710,2
6.468794,0.004038,4.443726,-3897.13215,1908565589,10712,1
6.47081,0.002016,4.443744,-3897.16831,1908573612,10713,1
6.472826,0.002016,4.444594,-3898.87584,1908938791,10714,1
6.474848,0.002022,4.444118,-3897.91962,1908734267,10715,2
6.47888,0.004032,4.444609,-3898.90597,1908945047,10717,1
6.480903,0.002023,4.444304,-3898.29327,1908814315,10718,1
6.482919,0.002016,4.443053,-3895.78019,1908276663,10719,1
6.484941,0.002022,4.44317,-3896.01523,1908326798,10720,2
6.488973,0.004032,4.444245,-3898.17475,1908788779,10722,1
6.490996,0.002023,4.443723,-3897.12612,1908564543,10723,1
6.493012,0.002016,4.444138,-3897.9598,1908742667,10724,1
6.495028,0.002016,4.443775,-3897.23058,1908586832,10725,1
6.49705,0.002022,4.442507,-3894.68335,1908042251,10726,2
6.501088,0.004038,4.442273,-3894.21328,1907941890,10728,1
6.503104,0.002016,4.443303,-3896.2824,1908384297,10729,1
6.50512,0.002016,4.443064,-3895.80229,1908281637,10730,1
6.507143,0.002023,4.443789,-3897.25871,1908592580,10731,2
6.511175,0.004032,4.443739,-3897.15827,1908571506,10733,1
6.513197,0.002022,4.442606,-3894.88223,1908084596,10734,1
6.515213,0.002016,4.442451,-3894.57086,1908018480,10735,1
6.517229,0.002016,4.443492,-3896.66208,1908465564,10736,2
6.521268,0.004039,4.443015,-3895.70385,1908260516,10738,1
6.523284,0.002016,4.443556,-3896.79064,1908492985,10739,1
6.525306,0.002022,4.443483,-3896.644,1908461417,10740,1
6.527322,0.002016,4.441985,-3893.63473,1907818118,10741,2
6.53136,0.004038,4.441382,-3892.42339,1907558991,10743,1
6.533376,0.002016,4.442367,-3894.40212,1907982084,10744,1
6.535392,0.002016,4.441772,-3893.20685,1907726680,10745,1
6.537415,0.002023,4.441987,-3893.63875,1907818877,10746,1
6.539431,0.002016,4.442129,-3893.92401,1907879627,10747,2
6.543469,0.004038,4.440913,-3891.48124,1907357744,10749,1
6.545485,0.002016,4.44062,-3890.89264,1907231875,10750,1
6.547508,0.002023,4.44204,-3893.74522,1907841908,10751,1
6.549524,0.002016,4.442228,-3894.12288,1907922462,10752,2
6.553562,0.004038,4.442809,-3895.29003,1908172039,10754,1
6.555578,0.002016,4.443103,-3895.88063,1908298233,10755,1
6.557594,0.002016,4.442015,-3893.695,1907830814,10756,1
6.559616,0.002022,4.441212,-3892.08189,1907486092,10757,2
6.563648,0.004032,4.44189,-3893.44389,1907777056,10759,1
6.565671,0.002023,4.44176,-3893.18274,1907721229,10760,1
6.567687,0.002016,4.441678,-3893.01801,1907686009,10761,1
6.569703,0.002016,4.441836,-3893.33541,1907754061,10762,2
6.573741,0.004038,4.440772,-3891.19799,1907296942,10764,1
6.575757,0.002016,4.439736,-3889.11682,1906852274,10765,1
6.57778,0.002023,4.440499,-3890.64957,1907179883,10766,1
6.579796,0.002016,4.440949,-3891.55356,1907373101,10767,1
6.581812,0.002016,4.441283,-3892.22452,1907516511,10768,2
6.58585,0.004038,4.442082,-3893.82959,1907859558,10770,1
6.587866,0.002016,4.441094,-3891.84484,1907435480,10771,1
6.589888,0.002022,4.440381,-3890.41253,1907129216,10772,1
6.591904,0.002016,4.441206,-3892.06983,1907483389,10773,2
6.595943,0.004039,4.441643,-3892.9477,1907670980,10775,1
6.597959,0.002016,4.441566,-3892.79302,1907637930,10776,1
6.599975,0.002016,4.442273,-3894.21328,1907941795,10777,1
6.601997,0.002022,4.441127,-3891.91113,1907449447,10778,2
6.606036,0.004039,4.439989,-3889.62506,1906960593,10780,1
6.608052,0.002016,4.440457,-3890.5652,1907161897,10781,1
6.610068,0.002016,4.44103,-3891.71627,1907407582,10782,1
6.61209,0.002022,4.440789,-3891.23214,1907304251,10783,2
6.616122,0.004032,4.441759,-3893.18073,1907720890,10785,1
6.618144,0.002022,4.440762,-3891.1779,1907292609,10786,1
6.62016,0.002016,4.439486,-3888.6146,1906744742,10787,1
6.622176,0.002016,4.439857,-3889.35989,1906903889,10788,1
6.624199,0.002023,4.440828,-3891.31049,1907321069,10789,2
6.628231,0.004032,4.440532,-3890.71586,1907194004,10791,1
6.630253,0.002022,4.441262,-3892.18233,1907507339,10792,1
6.632269,0.002016,4.440639,-3890.93081,1907239822,10793,1
6.634292,0.002023,4.439415,-3888.47197,1906714027,10794,2
6.638324,0.004032,4.43965,-3888.94405,1906815294,10796,1
6.640346,0.002022,4.440618,-3890.88863,1907230890,10797,1
6.642362,0.002016,4.440156,-3889.96053,1907032698,10798,1
6.644378,0.002016,4.440906,-3891.46718,1907354481,10799,2
6.648416,0.004038,4.440421,-3890.49288,1907146168,10801,1
6.650432,0.002016,4.439019,-3887.67647,1906543957,10802,1
6.652455,0.002023,4.438826,-3887.28876,1906461079,10803,1
6.654471,0.002016,4.439861,-3889.36792,1906905770,10804,2
6.658509,0.004038,4.43956,-3888.76326,1906776398,10806,1
6.660525,0.002016,4.44031,-3890.2699,1907098685,10807,1
6.662541,0.002016,4.439982,-3889.61099,1906957964,10808,1
6.664564,0.002023,4.438707,-3887.0497,1906410297,10809,2
6.668596,0.004032,4.438682,-3886.99948,1906399180,10811,1
6.670618,0.002022,4.439824,-3889.29359,1906889741,10812,1
6.672634,0.002016,4.43948,-3888.60255,1906742256,10813,1
6.674656,0.002022,4.439991,-3889.62907,1906961378,10814,1
6.676672,0.002016,4.440133,-3889.91433,1907022482,10815,2
6.680711,0.004039,4.438862,-3887.36107,1906476748,10817,1
6.682727,0.002016,4.438525,-3886.68409,1906331861,10818,1
6.684743,0.002016,4.439615,-3888.87374,1906800209,10819,1
6.686765,0.002022,4.439307,-3888.25502,1906667701,10820,2
6.690797,0.004032,4.439668,-3888.98021,1906822632,10822,1
6.69282,0.002023,4.4397,-3889.0445,1906836572,10823,1
6.694836,0.002016,4.43843,-3886.49325,1906291257,10824,1
6.696852,0.002016,4.437928,-3885.4848,1906075572,10825,2
6.70089,0.004038,4.439015,-3887.66843,1906542341,10827,1
6.702912,0.002022,4.438768,-3887.17224,1906436670,10828,1
6.704928,0.002016,4.439036,-3887.71062,1906551650,10829,1
6.706944,0.002016,4.43935,-3888.3414,1906686125,10830,2
6.710983,0.004039,4.438169,-3885.96894,1906179128,10832,1
6.712999,0.002016,4.437613,-3884.85201,1905940254,10833,1
6.715021,0.002022,4.438688,-3887.01153,1906402032,10834,1
6.717037,0.002016,4.438622,-3886.87895,1906373938,10835,1
6.71906,0.002023,4.438976,-3887.59008,1906525714,10836,2
6.723092,0.004032,4.439554,-3888.7512,1906773764,10838,1
6.725108,0.002016,4.4385,-3886.63387,1906321089,10839,1
6.72713,0.002022,4.437782,-3885.19151,1906012937,10840,1
6.729146,0.002016,4.438752,-3887.1401,1906429307,10841,2
6.733184,0.004038,4.438932,-3887.50169,1906506848,10843,1
6.7352,0.002016,4.439063,-3887.76485,1906563013,10844,1
6.737223,0.002023,4.439511,-3888.66482,1906755416,10845,1
6.739239,0.002016,4.438414,-3886.46111,1906284175,10846,2
6.743277,0.004038,4.437557,-3884.73952,1905916407,10848,1
6.745293,0.002016,4.438412,-3886.45709,1906283201,10849,1
6.747309,0.002016,4.438771,-3887.17827,1906437625,10850,1
6.749332,0.002023,4.438842,-3887.3209,1906468032,10851,2
6.753364,0.004032,4.439563,-3888.76928,1906777622,10853,1
6.755386,0.002022,4.438532,-3886.69815,1906334966,10854,1
6.757402,0.002016,4.437554,-3884.73349,1905915006,10855,1
6.759418,0.002016,4.43822,-3886.07139,1906201140,10856,1
6.76144,0.002022,4.438781,-3887.19836,1906442155,10857,2
6.765472,0.004032,4.438811,-3887.25862,1906454793,10859,1
6.767495,0.002023,4.439576,-3888.7954,1906783315,10860,1
6.769511,0.002016,4.438691,-3887.01756,1906403106,10861,1
6.771527,0.002016,4.437618,-3884.86206,1905942543,10862,2
6.775565,0.004038,4.438084,-3885.79818,1906142326,10864,1
6.777588,0.002023,4.438815,-3887.26666,1906456455,10865,1
6.779604,0.002016,4.438745,-3887.12604,1906426520,10866,1
6.78162,0.002016,4.439494,-3888.63067,1906748246,10867,2
6.785658,0.004038,4.438843,-3887.32291,1906468787,10869,1
6.787674,0.002016,4.437676,-3884.97857,1905967190,10870,1
6.789696,0.002022,4.438029,-3885.6877,1906119052,10871,1
6.791712,0.002016,4.438951,-3887.53986,1906514916,10872,2
6.795744,0.004032,4.438788,-3887.21242,1906444897,10874,1
6.797767,0.002023,4.439683,-3889.01035,1906829257,10875,1
6.799783,0.002016,4.439193,-3888.02601,1906618712,10876,1
6.801805,0.002022,4.437863,-3885.35423,1906047584,10877,1
6.803821,0.002016,4.438026,-3885.68167,1906117915,10878,2
6.80786,0.004039,4.439202,-3888.04409,1906622646,10880,1
6.809876,0.002016,4.438873,-3887.38317,1906481248,10881,1
6.811892,0.002016,4.43957,-3888.78334,1906781017,10882,1
6.813914,0.002022,4.439267,-3888.17466,1906650708,10883,2
6.817946,0.004032,4.437747,-3885.1212,1905998093,10885,1
6.819968,0.002022,4.437711,-3885.04888,1905982359,10886,1
6.821984,0.002016,4.438928,-3887.49366,1906504960,10887,1
6.824,0.002016,4.43854,-3886.71422,1906338552,10888,2
6.828039,0.004039,4.439281,-3888.20279,1906656929,10890,1
6.830055,0.002016,4.43928,-3888.20078,1906656278,10891,1
6.832077,0.002022,4.437851,-3885.33012,1906042557,10892,1
6.834093,0.002016,4.437694,-3885.01473,1905974723,10893,2
6.838132,0.004039,4.438858,-3887.35304,1906474991,10895,1
6.840148,0.002016,4.438558,-3886.75038,1906346168,10896,1
6.842164,0.002016,4.439243,-3888.12645,1906640212,10897,1
6.844186,0.002022,4.439287,-3888.21484,1906659354,10898,2
6.848224,0.004038,4.437915,-3885.45869,1906070043,10900,1
6.85024,0.002016,4.437675,-3884.97656,1905966618,10901,1
6.852256,0.002016,4.438862,-3887.36107,1906476544,10902,1
6.854272,0.002016,4.438566,-3886.76645,1906349670,10903,1
6.856295,0.002023,4.439216,-3888.07221,1906628579,10904,2
6.860333,0.004038,4.439368,-3888.37756,1906694063,10906,1
6.862349,0.002016,4.437811,-3885.24977,1906025408,10907,1
6.864365,0.002016,4.437449,-3884.52256,1905869665,10908,1
6.866388,0.002023,4.438668,-3886.97136,1906393385,10909,2
6.87042,0.004032,4.438541,-3886.71623,1906338772,10911,1
6.872442,0.002022,4.439115,-3887.86932,1906585412,10912,1
6.874458,0.002016,4.439527,-3888.69696,1906762108,10913,1
6.876474,0.002016,4.43829,-3886.21201,1906230999,10914,2
6.880512,0.004038,4.437724,-3885.075,1905988011,10916,1
6.882528,0.002016,4.438837,-3887.31085,1906465839,10917,1
6.884551,0.002023,4.438812,-3887.26063,1906455362,10918,1
6.886567,0.002016,4.439198,-3888.03605,1906620782,10919,2
6.890605,0.004038,4.439807,-3889.25944,1906882635,10921,1
6.892621,0.002016,4.43849,-3886.61378,1906317246,10922,1
6.894644,0.002023,4.437617,-3884.86005,1905941933,10923,1
6.89666,0.002016,4.438509,-3886.65195,1906325189,10924,1
6.898676,0.002016,4.438752,-3887.1401,1906429352,10925,2
6.902714,0.004038,4.439036,-3887.71062,1906551574,10927,1
6.90473,0.002016,4.439716,-3889.07664,1906843567,10928,1
6.906752,0.002022,4.438643,-3886.92114,1906382295,10929,1
6.908768,0.002016,4.437743,-3885.11317,1905996230,10930,2
6.912807,0.004039,4.43849,-3886.61378,1906317061,10932,1
6.914823,0.002016,4.438987,-3887.61218,1906530330,10933,1
6.916839,0.002016,4.438863,-3887.36308,1906477143,10934,1
6.918861,0.002022,4.439508,-3888.6588,1906754301,10935,2
6.922893,0.004032,4.43858,-3886.79458,1906355544,10937,1
6.924916,0.002023,4.437637,-3884.90023,1905950663,10938,1
6.926932,0.002016,4.438204,-3886.03925,1906193913,10939,1
6.928948,0.002016,4.438824,-3887.28474,1906460132,10940,2
6.932986,0.004038,4.438788,-3887.21242,1906445027,10942,1
6.935002,0.002016,4.439441,-3888.5242,1906725436,10943,1
6.937024,0.002022,4.438546,-3886.72628,1906340801,10944,1
6.93904,0.002016,4.437476,-3884.5768,1905881465,10945,1
6.941056,0.002016,4.437905,-3885.4386,1906065980,10946,2
6.945095,0.004039,4.438705,-3887.04568,1906409343,10948,1
6.947117,0.002022,4.438564,-3886.76244,1906348918,10949,1
6.949133,0.002016,4.439333,-3888.30725,1906678981,10950,1
6.951149,0.002016,4.438728,-3887.09189,1906419257,10951,2
6.955188,0.004039,4.437485,-3884.59488,1905885283,10953,1
6.957204,0.002016,4.4378,-3885.22767,1906020901,10954,1
6.959226,0.002022,4.438596,-3886.82672,1906362507,10955,1
6.961242,0.002016,4.438161,-3885.95287,1906175521,10956,2
6.96528,0.004038,4.438813,-3887.26264,1906455806,10958,1
6.967296,0.002016,4.438445,-3886.52338,1906297639,10959,1
6.969312,0.002016,4.437013,-3883.6467,1905682398,10960,1
6.971335,0.002023,4.437112,-3883.84558,1905725139,10961,2
6.975367,0.004032,4.438184,-3885.99907,1906185576,10963,1
6.977389,0.002022,4.437823,-3885.27387,1906030331,10964,1
6.979405,0.002016,4.438514,-3886.66199,1906327369,10965,1
6.981428,0.002023,4.438385,-3886.40285,1906271892,10966,1
6.983444,0.002016,4.436841,-3883.30118,1905608546,10967,2
6.987476,0.004032,4.43664,-3882.8974,1905522205,10969,1
6.989498,0.002022,4.437754,-3885.13526,1906000912,10970,1
6.991514,0.002016,4.437369,-3884.36185,1905835544,10971,1
6.993536,0.002022,4.437913,-3885.45467,1906068994,10972,2
6.997568,0.004032,4.437844,-3885.31606,1906039708,10974,1
6.999584,0.002016,4.436403,-3882.4213,1905420525,10975,1
7.001607,0.002023,4.436113,-3881.83873,1905296057,10976,1
7.003623,0.002016,4.437272,-3884.16699,1905793680,10977,2
7.007661,0.004038,4.436917,-3883.45385,1905641423,10979,1
7.009677,0.002016,4.437473,-3884.57077,1905880172,10980,1
7.0117,0.002023,4.437573,-3884.77166,1905923338,10981,1
7.013716,0.002016,4.436067,-3881.74632,1905276240,10982,2
7.017754,0.004038,4.435685,-3880.97894,1905112222,10984,1
7.01977,0.002016,4.436864,-3883.34738,1905618557,10985,1
7.021786,0.002016,4.436708,-3883.034,1905551403,10986,1
7.023808,0.002022,4.437162,-3883.94602,1905746820,10987,2
7.02784,0.004032,4.437412,-3884.44823,1905853961,10989,1
7.029863,0.002023,4.436074,-3881.76038,1905279301,10990,1
7.031879,0.002016,4.435567,-3880.74189,1905061584,10991,1
7.033895,0.002016,4.436612,-3882.84115,1905510313,10992,1
7.035917,0.002022,4.436549,-3882.71459,1905483276,10993,2
7.039949,0.004032,4.43703,-3883.68085,1905689779,10995,1
7.041972,0.002023,4.437595,-3884.81585,1905932656,10996,1
7.043988,0.002016,4.436368,-3882.35099,1905405593,10997,1
7.046004,0.002016,4.4357,-3881.00907,1905118579,10998,2
7.050042,0.004038,4.436661,-3882.93958,1905531490,11000,1
7.052058,0.002016,4.436671,-3882.95967,1905535613,11001,1
7.05408,0.002022,4.436927,-3883.47394,1905645797,11002,1
7.056096,0.002016,4.437405,-3884.43417,1905850847,11003,2
7.060135,0.004039,4.436114,-3881.84074,1905296331,11005,1
7.062151,0.002016,4.4353,-3880.20553,1904946742,11006,1
7.064167,0.002016,4.43609,-3881.79253,1905286044,11007,1
7.066189,0.002022,4.43632,-3882.25456,1905384950,11008,2
7.070228,0.004039,4.436501,-3882.61817,1905462477,11010,1
7.072244,0.002016,4.437205,-3884.0324,1905765074,11011,1
7.07426,0.002016,4.436231,-3882.07577,1905346629,11012,1
7.076276,0.002016,4.435411,-3880.42851,1904994451,11013,1
7.078298,0.002022,4.436217,-3882.04765,1905340489,11014,2
7.082336,0.004038,4.436826,-3883.27104,1905602140,11016,1
7.084352,0.002016,4.436888,-3883.39559,1905628758,11017,1
7.086368,0.002016,4.437583,-3884.79175,1905927136,11018,1
7.088384,0.002016,4.43676,-3883.13846,1905574023,11019,2
7.092423,0.004039,4.435618,-3880.84435,1905083518,11021,1
7.094445,0.002022,4.436005,-3881.62177,1905249405,11022,1
7.096461,0.002016,4.436764,-3883.1465,1905575433,11023,1
7.098477,0.002016,4.436491,-3882.59808,1905458228,11024,2
7.102516,0.004039,4.437087,-3883.79536,1905714241,11026,1
7.104532,0.002016,4.436404,-3882.42331,1905421127,11027,1
7.106554,0.002022,4.435215,-3880.03478,1904910310,11028,1
7.10857,0.002016,4.435543,-3880.69368,1905051130,11029,2
7.112608,0.004038,4.436358,-3882.3309,1905401455,11031,1
7.114624,0.002016,4.436052,-3881.71619,1905269892,11032,1
7.11664,0.002016,4.436687,-3882.99181,1905542328,11033,1
7.118663,0.002023,4.436141,-3881.89498,1905307929,11034,1
7.120679,0.002016,4.434832,-3879.26539,1904745686,11035,2
7.124717,0.004038,4.435012,-3879.62698,1904823134,11037,1
7.126733,0.002016,4.436002,-3881.61575,1905248462,11038,1
7.128756,0.002023,4.435728,-3881.06532,1905130562,11039,1
7.130772,0.002016,4.436456,-3882.52777,1905443401,11040,2
7.13481,0.004038,4.436202,-3882.01752,1905334320,11042,1
7.136826,0.002016,4.434826,-3879.25333,1904743365,11043,1
7.138842,0.002016,4.434785,-3879.17097,1904725648,11044,1
7.140864,0.002022,4.43588,-3881.37067,1905195835,11045,2
7.144896,0.004032,4.43539,-3880.38633,1904985484,11047,1
7.146919,0.002023,4.43595,-3881.51129,1905226300,11048,1
7.148935,0.002016,4.435791,-3881.19188,1905157585,11049,1
7.150951,0.002016,4.434412,-3878.42167,1904565538,11050,2
7.154989,0.004038,4.434242,-3878.08016,1904492229,11052,1
7.157005,0.002016,4.435328,-3880.26178,1904959030,11053,1
7.159028,0.002023,4.434883,-3879.36784,1904767769,11054,1
7.161044,0.002016,4.43545,-3880.50686,1905011032,11055,2
7.165082,0.004038,4.43546,-3880.52695,1905015477,11057,1
7.167098,0.002016,4.43411,-3877.81499,1904435790,11058,1
7.169114,0.002016,4.433792,-3877.17618,1904299138,11059,1
7.171136,0.002022,4.435026,-3879.6551,1904829073,11060,1
7.173152,0.002016,4.434631,-3878.86161,1904659689,11061,2
7.177191,0.004039,4.435136,-3879.87608,1904876551,11063,1
7.179207,0.002016,4.435298,-3880.20151,1904945811,11064,1
7.181223,0.002016,4.433899,-3877.39112,1904345279,11065,1
7.183245,0.002022,4.433399,-3876.38669,1904130438,11066,2
7.187284,0.004039,4.434357,-3878.31118,1904541848,11068,1
7.1893,0.002016,4.434114,-3877.82303,1904437505,11069,1
7.191316,0.002016,4.43453,-3878.65871,1904616194,11070,1
7.193332,0.002016,4.43487,-3879.34172,1904762159,11071,2
7.19737,0.004038,4.433445,-3876.4791,1904150173,11073,1
7.199386,0.002016,4.432878,-3875.34008,1903906333,11074,1
7.201408,0.002022,4.433903,-3877.39916,1904346747,11075,1
7.203424,0.002016,4.433802,-3877.19626,1904303301,11076,2
7.207463,0.004039,4.434119,-3877.83307,1904439446,11078,1
7.209479,0.002016,4.434461,-3878.5201,1904586581,11079,1
7.211495,0.002016,4.433418,-3876.42486,1904138705,11080,1
7.213517,0.002022,4.432775,-3875.13317,1903862413,11081,1
7.215533,0.002016,4.43368,-3876.95118,1904250966,11082,2
7.219572,0.004039,4.433752,-3877.09582,1904282092,11084,1
7.221588,0.002016,4.433884,-3877.36099,1904338387,11085,1
7.223604,0.002016,4.434361,-3878.31921,1904543593,11086,1
7.225626,0.002022,4.433477,-3876.54339,1904164108,11087,2
7.229658,0.004032,4.432613,-3874.80773,1903792840,11089,1
7.23168,0.002022,4.433513,-3876.6157,1904179409,11090,1
7.233696,0.002016,4.433894,-3877.38108,1904342766,11091,1
7.235712,0.002016,4.433812,-3877.21635,1904307576,11092,2
7.239751,0.004039,4.434177,-3877.94958,1904464781,11094,1
7.241767,0.002016,4.43332,-3876.228,1904096316,11095,1
7.243789,0.002022,4.432161,-3873.89973,1903598789,11096,1
7.245805,0.002016,4.432575,-3874.7314,1903776581,11097,2
7.249844,0.004039,4.433054,-3875.69364,1903982388,11099,1
7.25186,0.002016,4.43279,-3875.1633,1903868952,11100,1
7.253876,0.002016,4.433053,-3875.69163,1903981763,11101,1
7.255898,0.002022,4.432434,-3874.44815,1903715667,11102,1
7.257914,0.002016,4.431336,-3872.24242,1903244372,11103,2
7.261952,0.004038,4.43161,-3872.79285,1903362062,11105,1
7.263968,0.002016,4.432363,-3874.30552,1903685536,11106,1
7.265984,0.002016,4.432155,-3873.88768,1903595995,11107,1
7.268007,0.002023,4.432522,-3874.62493,1903753698,11108,2
7.272045,0.004038,4.431977,-3873.5301,1903519631,11110,1
7.274061,0.002016,4.430597,-3870.75788,1902926853,11111,1
7.276077,0.002016,4.430718,-3871.00095,1902978861,11112,1
7.2781,0.002023,4.431535,-3872.64219,1903329927,11113,2
7.282132,0.004032,4.431127,-3871.82257,1903154619,11115,1
7.284154,0.002022,4.431809,-3873.19261,1903447416,11116,1
7.28617,0.002016,4.431395,-3872.36095,1903269361,11117,1
7.288186,0.002016,4.430275,-3870.11103,1902788441,11118,2
7.292224,0.004038,4.430409,-3870.38022,1902846047,11120,1
7.29424,0.002016,4.431501,-3872.57389,1903315204,11121,1
7.296263,0.002023,4.430904,-3871.3746,1903059003,11122,1
7.298279,0.002016,4.43161,-3872.79285,1903362087,11123,1
7.300301,0.002022,4.431403,-3872.37702,1903272928,11124,2
7.304333,0.004032,4.42999,-3869.5385,1902666057,11126,1
7.306356,0.002023,4.429881,-3869.31954,1902619564,11127,1
7.308372,0.002016,4.430838,-3871.24201,1903030591,11128,1
7.310388,0.002016,4.430217,-3869.99452,1902763854,11129,2
7.314426,0.004038,4.430807,-3871.17974,1903016948,11131,1
7.316442,0.002016,4.430631,-3870.82618,1902941441,11132,1
7.318464,0.002022,4.429158,-3867.86714,1902309006,11133,1
7.32048,0.002016,4.428982,-3867.51358,1902233047,11134,2
7.324519,0.004039,4.430132,-3869.82376,1902727333,11136,1
7.326535,0.002016,4.429487,-3868.52805,1902450356,11137,1
7.328551,0.002016,4.430184,-3869.92822,1902749376,11138,1
7.330573,0.002022,4.430332,-3870.22553,1902813070,11139,2
7.334605,0.004032,4.428986,-3867.52161,1902234947,11141,1
7.336628,0.002023,4.428716,-3866.97922,1902118936,11142,1
7.338644,0.002016,4.4299,-3869.35771,1902627578,11143,1
7.34066,0.002016,4.429564,-3868.68273,1902482880,11144,2
7.344698,0.004038,4.430141,-3869.84184,1902730766,11146,1
7.34672,0.002022,4.430452,-3870.4666,1902864575,11147,1
7.348736,0.002016,4.429166,-3867.88321,1902312166,11148,1
7.350752,0.002016,4.428675,-3866.89686,1902101443,11149,1
7.352768,0.002016,4.429858,-3869.27334,1902609539,11150,2
7.356807,0.004039,4.429626,-3868.80728,1902509541,11152,1
7.358829,0.002022,4.429969,-3869.49632,1902657214,11153,1
7.360845,0.002016,4.430407,-3870.3762,1902845192,11154,1
7.362861,0.002016,4.429257,-3868.06601,1902351538,11155,2
7.3669,0.004039,4.428672,-3866.89083,1902100013,11157,1
7.368916,0.002016,4.429667,-3868.88964,1902527780,11158,1
7.370938,0.002022,4.42969,-3868.93585,1902537289,11159,1
7.372954,0.002016,4.429941,-3869.44007,1902645310,11160,2
7.376992,0.004038,4.430493,-3870.54896,1902882325,11162,1
7.379008,0.002016,4.429245,-3868.04191,1902346334,11163,1
7.381024,0.002016,4.428412,-3866.36853,1901988654,11164,1
7.383047,0.002023,4.429251,-3868.05396,1902348617,11165,2
7.387079,0.004032,4.429316,-3868.18454,1902376495,11167,1
7.389101,0.002022,4.429197,-3867.94548,1902325493,11168,1
7.391117,0.002016,4.429791,-3869.13874,1902580817,11169,1
7.393133,0.002016,4.42857,-3866.68593,1902056363,11170,1
7.395156,0.002023,4.427686,-3864.9101,1901676632,11171,2
7.399188,0.004032,4.42832,-3866.18372,1901949076,11173,1
7.40121,0.002022,4.428617,-3866.78035,1902076528,11174,1
7.403226,0.002016,4.428602,-3866.75021,1902070204,11175,1
7.405242,0.002016,4.429559,-3868.67269,1902481295,11176,2
7.40928,0.004038,4.428719,-3866.98525,1902120052,11178,1
7.411296,0.002016,4.427742,-3865.0226,1901700712,11179,1
7.413319,0.002023,4.428396,-3866.33639,1901981645,11180,1
7.415335,0.002016,4.429092,-3867.73455,1902280680,11181,2
7.419373,0.004038,4.428851,-3867.25042,1902177125,11183,1
7.421389,0.002016,4.429706,-3868.96799,1902543945,11184,1
7.423412,0.002023,4.429033,-3867.61603,1902255381,11185,1
7.425428,0.002016,4.42788,-3865.29982,1901759810,11186,2
7.42946,0.004032,4.428354,-3866.25202,1901963689,11188,1
7.431482,0.002022,4.429168,-3867.88723,1902313073,11189,1
7.433498,0.002016,4.428783,-3867.11382,1902147727,11190,1
7.43552,0.002022,4.429512,-3868.57827,1902460770,11191,1
7.437536,0.002016,4.428932,-3867.41314,1902211835,11192,2
7.441575,0.004039,4.427629,-3864.7956,1901652461,11194,1
7.443591,0.002016,4.427748,-3865.03465,1901703168,11195,1
7.445607,0.002016,4.428551,-3866.64776,1902048170,11196,1
7.447629,0.002022,4.428185,-3865.91252,1901890641,11197,2
7.451661,0.004032,4.429146,-3867.84303,1902303846,11199,1
7.453684,0.002023,4.42891,-3867.36894,1902202536,11200,1
7.4557,0.002016,4.427742,-3865.0226,1901700541,11201,1
7.457716,0.002016,4.427915,-3865.37013,1901774849,11202,2
7.461754,0.004038,4.429014,-3867.57786,1902247141,11204,1
7.46377,0.002016,4.428563,-3866.67187,1902053207,11205,1
7.465792,0.002022,4.429415,-3868.38341,1902419216,11206,1
7.467808,0.002016,4.42921,-3867.9716,1902331115,11207,2
7.471847,0.004039,4.42791,-3865.36008,1901773110,11209,1
7.473863,0.002016,4.427837,-3865.21344,1901741654,11210,1
7.475879,0.002016,4.428888,-3867.32475,1902192978,11211,1
7.477901,0.002022,4.428445,-3866.43482,1902002682,11212,1
7.479917,0.002016,4.429216,-3867.98365,1902333932,11213,2
7.483956,0.004039,4.429247,-3868.04592,1902346986,11215,1
7.485972,0.002016,4.427887,-3865.31388,1901763017,11216,1
7.487988,0.002016,4.427786,-3865.11099,1901719607,11217,1
7.49001,0.002022,4.429153,-3867.85709,1902306620,11218,2
7.494042,0.004032,4.428877,-3867.30265,1902187985,11220,1
7.496064,0.002022,4.429597,-3868.74902,1902497559,11221,1
7.49808,0.002016,4.42998,-3869.51842,1902662017,11222,1
7.500096,0.002016,4.428646,-3866.8386,1902088854,11223,2
7.504135,0.004039,4.428149,-3865.8402,1901875487,11225,1
7.506151,0.002016,4.42924,-3868.03186,1902344213,11226,1
7.508173,0.002022,4.428992,-3867.53367,1902237604,11227,1
7.510189,0.002016,4.429335,-3868.2227,1902384864,11228,2
7.514228,0.004039,4.429706,-3868.96799,1902544075,11230,1
7.516244,0.002016,4.428323,-3866.18974,1901950104,11231,1
7.51826,0.002016,4.427645,-3864.82774,1901658820,11232,1
7.520282,0.002022,4.4287,-3866.94708,1902111909,11233,2
7.52432,0.004038,4.428624,-3866.79441,1902079319,11235,1
7.526336,0.002016,4.429051,-3867.65219,1902263179,11236,1
7.528352,0.002016,4.42951,-3868.57425,1902460048,11237,1
7.530375,0.002023,4.428315,-3866.17367,1901946708,11238,1
7.532391,0.002016,4.427779,-3865.09692,1901716615,11239,2
7.536429,0.004038,4.428873,-3867.29461,1902186219,11241,1
7.538445,0.002016,4.428914,-3867.37698,1902203858,11242,1
7.540461,0.002016,4.429217,-3867.98566,1902334393,11243,1
7.542484,0.002023,4.429903,-3869.36373,1902628820,11244,2
7.546516,0.004032,4.428752,-3867.05154,1902134361,11246,1
7.548538,0.002022,4.42802,-3865.58106,1901820164,11247,1
7.550554,0.002016,4.428884,-3867.31671,1902191090,11248,1
7.55257,0.002016,4.429103,-3867.75665,1902285321,11249,2
7.556608,0.004038,4.429058,-3867.66625,1902266025,11251,1
7.558624,0.002016,4.429812,-3869.18093,1902589881,11252,1
7.560647,0.002023,4.428595,-3866.73615,1902066794,11253,1
7.562663,0.002016,4.427688,-3864.91412,1901677539,11254,2
7.566701,0.004038,4.428482,-3866.50915,1902018540,11256,1
7.568717,0.002016,4.429099,-3867.74861,1902283505,11257,1
7.57074,0.002023,4.428969,-3867.48746,1902227987,11258,1
7.572756,0.002016,4.429911,-3869.37981,1902632140,11259,1
7.574772,0.002016,4.429099,-3867.74861,1902283363,11260,2
7.57881,0.004038,4.428179,-3865.90047,1901888352,11262,1
7.580826,0.002016,4.428867,-3867.28256,1902184065,11263,1
7.582848,0.002022,4.429563,-3868.68072,1902482845,11264,1
7.584864,0.002016,4.429267,-3868.0861,1902355858,11265,2
7.588903,0.004039,4.430077,-3869.71328,1902703443,11267,1
7.590919,0.002016,4.429397,-3868.34725,1902411549,11268,1
7.592935,0.002016,4.42817,-3865.88239,1901884684,11269,1
7.594957,0.002022,4.428363,-3866.2701,1901967397,11270,2
7.598989,0.004032,4.429131,-3867.8129,1902297265,11272,1
7.601012,0.002023,4.428652,-3866.85066,1902091622,11273,1
7.603028,0.002016,4.429434,-3868.42158,1902427375,11274,1
7.605044,0.002016,4.429027,-3867.60398,1902252690,11275,2
7.609082,0.004038,4.427856,-3865.25161,1901749821,11277,1
7.611098,0.002016,4.428253,-3866.04912,1901920140,11278,1
7.61312,0.002022,4.42953,-3868.61443,1902468442,11279,1
7.615136,0.002016,4.429368,-3868.289,1902398797,11280,1
7.617152,0.002016,4.430354,-3870.26973,1902822416,11281,2
7.621191,0.004039,4.430143,-3869.84586,1902731894,11283,1
7.623213,0.002022,4.428923,-3867.39506,1902207743,11284,1
7.625229,0.002016,4.428883,-3867.3147,1902190746,11285,1
7.627245,0.002016,4.430007,-3869.57266,1902673293,11286,2
7.631284,0.004039,4.42952,-3868.59434,1902464254,11288,1
7.6333,0.002016,4.430274,-3870.10902,1902788229,11289,1
7.635322,0.002022,4.430246,-3870.05277,1902776116,11290,1
7.637338,0.002016,4.42891,-3867.36894,1902202226,11291,2
7.641376,0.004038,4.428768,-3867.08368,1902141192,11293,1
7.643392,0.002016,4.429976,-3869.51038,1902659909,11294,1
7.645408,0.002016,4.429484,-3868.52202,1902448708,11295,1
7.647431,0.002023,4.430245,-3870.05076,1902775763,11296,2
7.651463,0.004032,4.430326,-3870.21348,1902810198,11298,1
7.653485,0.002022,4.429159,-3867.86915,1902309280,11299,1
7.655501,0.002016,4.428923,-3867.39506,1902207736,11300,1
7.657517,0.002016,4.430168,-3869.89608,1902742540,11301,1
7.65954,0.002023,4.429832,-3869.22111,1902598675,11302,2
7.663572,0.004032,4.430364,-3870.28982,1902826815,11304,1
7.665594,0.002022,4.430758,-3871.08131,1902996076,11305,1
7.66761,0.002016,4.429525,-3868.60439,1902466605,11306,1
7.669626,0.002016,4.429061,-3867.67228,1902267132,11307,2
7.673664,0.004038,4.430059,-3869.67712,1902695845,11309,1
7.67568,0.002016,4.429745,-3869.04634,1902560770,11310,1
7.677703,0.002023,4.429986,-3869.53047,1902664765,11311,1
7.679719,0.002016,4.430358,-3870.27776,1902824351,11312,2
7.683757,0.004038,4.429308,-3868.16847,1902373392,11314,1
7.685773,0.002016,4.428846,-3867.24037,1902174932,11315,1
7.687796,0.002023,4.430011,-3869.58069,1902675322,11316,1
7.689812,0.002016,4.430027,-3869.61283,1902682087,11317,2
7.69385,0.004038,4.430272,-3870.105,1902787400,11319,1
7.695866,0.002016,4.43088,-3871.32639,1903048361,11320,1
7.697882,0.002016,4.430097,-3869.75345,1902712232,11321,1
7.699904,0.002022,4.429435,-3868.42359,1902427854,11322,2
7.703936,0.004032,4.43046,-3870.48267,1902868157,11324,1
7.705959,0.002023,4.430793,-3871.15162,1903010909,11325,1
7.707975,0.002016,4.430965,-3871.49714,1903084966,11326,1
7.709991,0.002016,4.431436,-3872.44331,1903287005,11327,1
7.712013,0.002022,4.430542,-3870.64739,1902903351,11328,2
7.716045,0.004032,4.429814,-3869.18495,1902590603,11330,1
7.718068,0.002023,4.430549,-3870.66146,1902906181,11331,1
7.720084,0.002016,4.430892,-3871.35049,1903053604,11332,1
7.7221,0.002016,4.430873,-3871.31232,1903045572,11333,2
7.726138,0.004038,4.431358,-3872.28662,1903253937,11335,1
7.728154,0.002016,4.430703,-3870.97082,1902972484,11336,1
7.730176,0.002022,4.429827,-3869.21106,1902596104,11337,1
7.732192,0.002016,4.430433,-3870.42843,1902856306,11338,2
7.736231,0.004039,4.430979,-3871.52526,1903090772,11340,1
7.738247,0.002016,4.430777,-3871.11947,1903004060,11341,1
7.740269,0.002022,4.431419,-3872.40916,1903279836,11342,1
7.742285,0.002016,4.430824,-3871.21389,1903024684,11343,2
7.746324,0.004039,4.42976,-3869.07647,1902567318,11345,1
7.74834,0.002016,4.430311,-3870.18335,1902804062,11346,1
7.750356,0.002016,4.43109,-3871.74825,1903138840,11347,1
7.752378,0.002022,4.430773,-3871.11144,1903002604,11348,1
7.754394,0.002016,4.431344,-3872.2585,1903247624,11349,2
7.758432,0.004038,4.430985,-3871.53732,1903093687,11351,1
7.760448,0.002016,4.429818,-3869.19298,1902592313,11352,1
7.762464,0.002016,4.430243,-3870.04675,1902774892,11353,1
7.764487,0.002023,4.431355,-3872.28059,1903252561,11354,2
7.768519,0.004032,4.430913,-3871.39268,1903062699,11356,1
7.770541,0.002022,4.431659,-3872.89129,1903382865,11357,1
7.772557,0.002016,4.431516,-3872.60402,1903321652,11358,1
7.774573,0.002016,4.430299,-3870.15924,1902798906,11359,2
7.778612,0.004039,4.430388,-3870.33803,1902837271,11361,1
7.780628,0.002016,4.431508,-3872.58795,1903318046,11362,1
7.78265,0.002022,4.431045,-3871.65785,1903119182,11363,1
7.784666,0.002016,4.43159,-3872.75267,1903353503,11364,2
7.788704,0.004038,4.431571,-3872.71451,1903345208,11366,1
7.79072,0.002016,4.430411,-3870.38423,1902847205,11367,1
7.792736,0.002016,4.430426,-3870.41437,1902853443,11368,1
7.794759,0.002023,4.431695,-3872.9636,1903398761,11369,1
7.796775,0.002016,4.431297,-3872.16408,1903227654,11370,2
7.800813,0.004038,4.431973,-3873.52207,1903518022,11372,1
7.802829,0.002016,4.432001,-3873.57831,1903529772,11373,1
7.804845,0.002016,4.430895,-3871.35652,1903054822,11374,1
7.806868,0.002023,4.430882,-3871.3304,1903049661,11375,2
7.8109,0.004032,4.432022,-3873.6205,1903539024,11377,1
7.812922,0.002022,4.431577,-3872.72656,1903347990,11378,1
7.814938,0.002016,4.432147,-3873.87161,1903592528,11379,1
7.816954,0.002016,4.43228,-3874.13878,1903649705,11380,2
7.820992,0.004038,4.43107,-3871.70807,1903129961,11382,1
7.823008,0.002016,4.43073,-3871.02506,1902983910,11383,1
7.825031,0.002023,4.431971,-3873.51805,1903516784,11384,1
7.827047,0.002016,4.431615,-3872.8029,1903364139,11385,2
7.831085,0.004038,4.432242,-3874.06245,1903633411,11387,1
7.833101,0.002016,4.432622,-3874.82581,1903796569,11388,1
7.835117,0.002016,4.431237,-3872.04355,1903201679,11389,1
7.83714,0.002023,4.430792,-3871.14961,1903010757,11390,2
7.841172,0.004032,4.431913,-3873.40153,1903492375,11392,1
7.843194,0.002022,4.431738,-3873.04999,1903416936,11393,1
7.84521,0.002016,4.432113,-3873.80331,1903578080,11394,1
7.847226,0.002016,4.432666,-3874.9142,1903815584,11395,1
7.849248,0.002022,4.431348,-3872.26653,1903249592,11396,2
7.85328,0.004032,4.43073,-3871.02506,1902984007,11398,1
7.855303,0.002023,4.431728,-3873.0299,1903412869,11399,1
7.857319,0.002016,4.431781,-3873.13637,1903435439,11400,1
7.859335,0.002016,4.432024,-3873.62452,1903540018,11401,2
7.863373,0.004038,4.432691,-3874.96442,1903826210,11403,1
7.865389,0.002016,4.431512,-3872.59598,1903319828,11404,1
7.867412,0.002023,4.430737,-3871.03912,1902987076,11405,1
7.869428,0.002016,4.431682,-3872.93749,1903392986,11406,2
7.873466,0.004038,4.432023,-3873.62251,1903539403,11408,1
7.875482,0.002016,4.432108,-3873.79326,1903575854,11409,1
7.877498,0.002016,4.432908,-3875.40035,1903919639,11410,1
7.87952,0.002022,4.431828,-3873.23078,1903455365,11411,2
7.883552,0.004032,4.431077,-3871.72213,1903133360,11413,1
7.885575,0.002023,4.431794,-3873.16248,1903441107,11414,1
7.887591,0.002016,4.432066,-3873.70889,1903557880,11415,1
7.889607,0.002016,4.432007,-3873.59037,1903532473,11416,1
7.891629,0.002022,4.432881,-3875.34611,1903907812,11417,2
7.895661,0.004032,4.43186,-3873.29507,1903469630,11419,1
7.897684,0.002023,4.430714,-3870.99292,1902977086,11420,1
7.8997,0.002016,4.431205,-3871.97926,1903188234,11421,1
7.901716,0.002016,4.431714,-3873.00177,1903406670,11422,2
7.905754,0.004038,4.431466,-3872.50358,1903300140,11424,1
7.90777,0.002016,4.4322,-3873.97808,1903615500,11425,1
7.909792,0.002022,4.431439,-3872.44934,1903288554,11426,1
7.911808,0.002016,4.430204,-3869.9684,1902758452,11427,2
7.915847,0.004039,4.430592,-3870.74784,1902924859,11429,1
7.917863,0.002016,4.431395,-3872.36095,1903269558,11430,1
7.919879,0.002016,4.431079,-3871.72615,1903133769,11431,1
7.921901,0.002022,4.432,-3873.57631,1903529322,11432,2
7.92594,0.004039,4.431459,-3872.48951,1903297419,11434,1
7.927956,0.002016,4.430069,-3869.6972,1902700348,11435,1
7.929972,0.002016,4.430281,-3870.12308,1902791275,11436,1
7.931988,0.002016,4.431188,-3871.94511,1903180530,11437,1
7.93401,0.002022,4.430694,-3870.95274,1902968278,11438,2
7.938048,0.004038,4.431528,-3872.62813,1903326679,11440,1
7.940064,0.002016,4.431223,-3872.01542,1903195834,11441,1
7.94208,0.002016,4.429992,-3869.54252,1902667163,11442,1
7.944096,0.002016,4.43001,-3869.57868,1902674826,11443,2
7.948135,0.004039,4.431139,-3871.84668,1903159665,11445,1
7.950157,0.002022,4.430587,-3870.73779,1902922758,11446,1
7.952173,0.002016,4.43142,-3872.41117,1903280584,11447,1
7.954189,0.002016,4.431387,-3872.34488,1903266405,11448,2
7.958228,0.004039,4.430014,-3869.58672,1902676481,11450,1
7.960244,0.002016,4.429833,-3869.22311,1902598782,11451,1
7.962266,0.002022,4.431087,-3871.74222,1903137195,11452,1
7.964282,0.002016,4.430713,-3870.99091,1902976698,11453,2
7.96832,0.004038,4.431412,-3872.3951,1903277090,11455,1
7.970336,0.002016,4.431463,-3872.49755,1903299130,11456,1
7.972352,0.002016,4.430141,-3869.84184,1902731272,11457,1
7.974375,0.002023,4.429875,-3869.30749,1902616766,11458,1
7.976391,0.002016,4.431012,-3871.59156,1903104976,11459,2
7.980429,0.004038,4.430656,-3870.8764,1902952464,11461,1
7.982445,0.002016,4.431135,-3871.83864,1903157898,11462,1
7.984461,0.002016,4.431401,-3872.373,1903272331,11463,1
7.986484,0.002023,4.430181,-3869.9222,1902748286,11464,2
7.990516,0.004032,4.429811,-3869.17892,1902589275,11466,1
7.992538,0.002022,4.430957,-3871.48107,1903081618,11467,1
7.994554,0.002016,4.430709,-3870.98287,1902975277,11468,1
7.996576,0.002022,4.431071,-3871.71008,1903130568,11469,2
8.000608,0.004032,4.431397,-3872.36497,1903270361,11471,1
8.002624,0.002016,4.430141,-3869.84184,1902731219,11472,1
8.004647,0.002023,4.429483,-3868.52001,1902448378,11473,1
8.006663,0.002016,4.430378,-3870.31794,1902832737,11474,2
8.010701,0.004038,4.430037,-3869.63292,1902686316,11476,1
8.012717,0.002016,4.430126,-3869.81171,1902724622,11477,1
8.01474,0.002023,4.430523,-3870.60923,1902895211,11478,1
8.016756,0.002016,4.429451,-3868.45573,1902434848,11479,2
8.020794,0.004038,4.428813,-3867.17408,1902160554,11481,1
8.02281,0.002016,4.429957,-3869.47221,1902652121,11482,1
8.024826,0.002016,4.430151,-3869.86193,1902735527,11483,1
8.026848,0.002022,4.430337,-3870.23558,1902815296,11484,1
8.028864,0.002016,4.430895,-3871.35652,1903055106,11485,2
8.032903,0.004039,4.430037,-3869.63292,1902686432,11487,1
8.034919,0.002016,4.429173,-3867.89727,1902315024,11488,1
8.036941,0.002022,4.429926,-3869.40994,1902638730,11489,1
8.038957,0.002016,4.430153,-3869.86595,1902736210,11490,2
8.042996,0.004039,4.430037,-3869.63292,1902686451,11492,1
8.045012,0.002016,4.430518,-3870.59918,1902892961,11493,1
8.047028,0.002016,4.429719,-3868.9941,1902549660,11494,1
8.04905,0.002022,4.428787,-3867.12185,1902149671,11495,2
8.053082,0.004032,4.429355,-3868.26288,1902393530,11497,1
8.055104,0.002022,4.429806,-3869.16888,1902587276,11498,1
8.05712,0.002016,4.429749,-3869.05437,1902562392,11499,1
8.059136,0.002016,4.430367,-3870.29584,1902828104,11500,2
8.063175,0.004039,4.429791,-3869.13874,1902581028,11502,1
8.065191,0.002016,4.428902,-3867.35287,1902198904,11503,1
8.067213,0.002022,4.429332,-3868.21668,1902383566,11504,1
8.069229,0.002016,4.430064,-3869.68716,1902697976,11505,1
8.071245,0.002016,4.429755,-3869.06642,1902565429,11506,2
8.075284,0.004039,4.430195,-3869.95032,1902754159,11508,1
8.0773,0.002016,4.429738,-3869.03227,1902558074,11509,1
8.079322,0.002022,4.428578,-3866.702,1902059713,11510,1
8.081338,0.002016,4.428934,-3867.41715,1902212554,11511,2
8.085376,0.004038,4.429763,-3869.08249,1902568756,11513,1
8.087392,0.002016,4.429338,-3868.22873,1902386241,11514,1
8.089408,0.002016,4.430024,-3869.60681,1902680979,11515,1
8.091431,0.002023,4.429982,-3869.52243,1902662612,11516,2
8.095469,0.004038,4.428877,-3867.30265,1902188465,11518,1
8.097485,0.002016,4.428962,-3867.4734,1902224594,11519,1
8.099501,0.002016,4.43002,-3869.59877,1902679296,11520,1
8.101524,0.002023,4.429476,-3868.50595,1902445605,11521,2
8.105556,0.004032,4.430028,-3869.61484,1902682467,11523,1
8.107578,0.002022,4.430031,-3869.62087,1902683828,11524,1
8.109594,0.002016,4.428805,-3867.15801,1902157128,11525,1
8.11161,0.002016,4.42875,-3867.04752,1902133473,11526,1
8.113632,0.002022,4.430002,-3869.56261,1902671469,11527,2
8.117664,0.004032,4.429445,-3868.44368,1902432003,11529,1
8.119687,0.002023,4.43,-3869.55859,1902670628,11530,1
8.121703,0.002016,4.430116,-3869.79162,1902720381,11531,1
8.123719,0.002016,4.428946,-3867.44126,1902217856,11532,2
8.127757,0.004038,4.428729,-3867.00534,1902124734,11534,1
8.129773,0.002016,4.429888,-3869.3336,1902622459,11535,1
8.131796,0.002023,4.429411,-3868.37538,1902417512,11536,1
8.133812,0.002016,4.430036,-3869.63091,1902685692,11537,2
8.13785,0.004038,4.430219,-3869.99853,1902764665,11539,1
8.139866,0.002016,4.429038,-3867.62607,1902257096,11540,1
8.141888,0.002022,4.428708,-3866.96315,1902115423,11541,1
8.143904,0.002016,4.429796,-3869.14879,1902582816,11542,2
8.147936,0.004032,4.429481,-3868.516,1902447323,11544,1
8.149959,0.002023,4.430107,-3869.77354,1902716566,11545,1
8.151975,0.002016,4.43039,-3870.34205,1902838221,11546,1
8.153997,0.002022,4.428812,-3867.17207,1902160325,11547,1
8.156013,0.002016,4.428235,-3866.01296,1901912226,11548,2
8.160052,0.004039,4.429194,-3867.93946,1902324430,11550,1
8.162068,0.002016,4.428834,-3867.21627,1902169583,11551,1
8.164084,0.002016,4.429225,-3868.00173,1902337524,11552,1
8.166106,0.002022,4.42982,-3869.197,1902593201,11553,2
8.170138,0.004032,4.428679,-3866.90489,1902103113,11555,1
8.17216,0.002022,4.42835,-3866.24398,1901961777,11556,1
8.174176,0.002016,4.429602,-3868.75907,1902499462,11557,1
8.176192,0.002016,4.429624,-3868.80326,1902508807,11558,2
8.180231,0.004039,4.429959,-3869.47623,1902653052,11560,1
8.182253,0.002022,4.430604,-3870.77194,1902929906,11561,1
8.184269,0.002016,4.42935,-3868.25284,1902391316,11562,1
8.186285,0.002016,4.428636,-3866.81851,1902084534,11563,2
8.190324,0.004039,4.429612,-3868.77916,1902503748,11565,1
8.19234,0.002016,4.429719,-3868.9941,1902549953,11566,1
8.194362,0.002022,4.429851,-3869.25927,1902606457,11567,1
8.196378,0.002016,4.430492,-3870.54695,1902881896,11568,2
8.200416,0.004038,4.429491,-3868.53609,1902451650,11570,1
8.202432,0.002016,4.428616,-3866.77834,1902075954,11571,1
8.204448,0.002016,4.429427,-3868.40752,1902424292,11572,1
8.206471,0.002023,4.429811,-3869.17892,1902589218,11573,1
8.208487,0.002016,4.429751,-3869.05839,1902563656,11574,2
8.212525,0.004038,4.430474,-3870.51079,1902874244,11576,1
8.214541,0.002016,4.429608,-3868.77112,1902502127,11577,1
8.216564,0.002023,4.428618,-3866.78235,1902076874,11578,1
8.21858,0.002016,4.429222,-3867.9957,1902336503,11579,2
8.222618,0.004038,4.429882,-3869.32155,1902619715,11581,1
8.224634,0.002016,4.429708,-3868.97201,1902545132,11582,1
8.22665,0.002016,4.430474,-3870.51079,1902874259,11583,1
8.228672,0.002022,4.429794,-3869.14477,1902582321,11584,2
8.232704,0.004032,4.428741,-3867.02944,1902129719,11586,1
8.234727,0.002023,4.429179,-3867.90932,1902317931,11587,1
8.236743,0.002016,4.429912,-3869.38181,1902632798,11588,1
8.238765,0.002022,4.429536,-3868.62648,1902471201,11589,2
8.242797,0.004032,4.430439,-3870.44048,1902859277,11591,1
8.24482,0.002023,4.429877,-3869.3115,1902617831,11592,1
8.246836,0.002016,4.428759,-3867.0656,1902137542,11593,1
8.248852,0.002016,4.429056,-3867.66223,1902264978,11594,1
8.250874,0.002022,4.4301,-3869.75948,1902713568,11595,2
8.254906,0.004032,4.429822,-3869.20102,1902594069,11597,1
8.256928,0.002022,4.430781,-3871.12751,1903005816,11598,1
8.258944,0.002016,4.430384,-3870.32999,1902835344,11599,1
8.26096,0.002016,4.429141,-3867.83299,1902301543,11600,2
8.264999,0.004039,4.429316,-3868.18454,1902376837,11602,1
8.267021,0.002022,4.430379,-3870.31995,1902833123,11603,1
8.269037,0.002016,4.429704,-3868.96397,1902543416,11604,1
8.271053,0.002016,4.430495,-3870.55298,1902883297,11605,2
8.275092,0.004039,4.430234,-3870.02867,1902771231,11607,1
8.277108,0.002016,4.428823,-3867.19417,1902164863,11608,1
8.27913,0.002022,4.428777,-3867.10176,1902145035,11609,1
8.281146,0.002016,4.429962,-3869.48226,1902654352,11610,2
8.285184,0.004038,4.429467,-3868.48787,1902441599,11612,1
8.2872,0.002016,4.43025,-3870.06081,1902777741,11613,1
8.289223,0.002023,4.43029,-3870.14116,1902795119,11614,1
8.291239,0.002016,4.428926,-3867.40108,1902209309,11615,1
8.293255,0.002016,4.428692,-3866.93101,1902108813,11616,2
8.297293,0.004038,4.429971,-3869.50034,1902657968,11618,1
8.299316,0.002023,4.429497,-3868.54814,1902454412,11619,1
8.301332,0.002016,4.430168,-3869.89608,1902742524,11620,1
8.303348,0.002016,4.430414,-3870.39026,1902848423,11621,2
8.307386,0.004038,4.429108,-3867.76669,1902287484,11623,1
8.309402,0.002016,4.42872,-3866.98726,1902120499,11624,1
8.311424,0.002022,4.429826,-3869.20905,1902595933,11625,1
8.31344,0.002016,4.429555,-3868.66465,1902479370,11626,2
8.317479,0.004039,4.430085,-3869.72935,1902707057,11628,1
8.319495,0.002016,4.43045,-3870.46258,1902863982,11629,1
8.321517,0.002022,4.429158,-3867.86714,1902308867,11630,1
8.323533,0.002016,4.428706,-3866.95913,1902114577,11631,2
8.327572,0.004039,4.429891,-3869.33963,1902623547,11633,1
8.329588,0.002016,4.429815,-3869.18696,1902590960,11634,1
8.331604,0.002016,4.430352,-3870.26571,1902821952,11635,1
8.333626,0.002022,4.430872,-3871.31032,1903045150,11636,1
8.335642,0.002016,4.429595,-3868.74501,1902496591,11637,2
8.33968,0.004038,4.429016,-3867.58188,1902247725,11639,1
8.341696,0.002016,4.43005,-3869.65904,1902691875,11640,1
8.343719,0.002023,4.429974,-3869.50636,1902659488,11641,1
8.345735,0.002016,4.430087,-3869.73336,1902707887,11642,2
8.349773,0.004038,4.430733,-3871.03108,1902985522,11644,1
8.351789,0.002016,4.429455,-3868.46377,1902436338,11645,1
8.353805,0.002016,4.428611,-3866.76829,1902073984,11646,1
8.355828,0.002023,4.429532,-3868.61845,1902469554,11647,2
8.35986,0.004032,4.429708,-3868.97201,1902545156,11649,1
8.361882,0.002022,4.429698,-3868.95192,1902540520,11650,1
8.363898,0.002016,4.430547,-3870.65744,1902905609,11651,1
8.36592,0.002022,4.429512,-3868.57827,1902460867,11652,2
8.369952,0.004032,4.428572,-3866.68995,1902057368,11654,1
8.371975,0.002023,4.429345,-3868.24279,1902389205,11655,1
8.374384,0.002409,4.429813,-3869.18294,1902590164,11656,1
8.37601,0.001626,4.429699,-3868.95393,1902541166,11657,2
8.380048,0.004038,4.43048,-3870.52284,1902876716,11659,1
8.382064,0.002016,4.429711,-3868.97803,1902546308,11660,1
8.38408,0.002016,4.428665,-3866.87677,1902097118,11661,1
8.386096,0.002016,4.429187,-3867.92539,1902321567,11662,1
8.388119,0.002023,4.429845,-3869.24722,1902603866,11663,2
8.392157,0.004038,4.429635,-3868.82536,1902513752,11665,1
8.394173,0.002016,4.430462,-3870.48668,1902869074,11666,1
8.396189,0.002016,4.42983,-3869.21709,1902597430,11667,1
8.398212,0.002023,4.428676,-3866.89887,1902101765,11668,2
8.402244,0.004032,4.428851,-3867.25042,1902176954,11670,1
8.404266,0.002022,4.429479,-3868.51198,1902446822,11671,1
8.406282,0.002016,4.428995,-3867.53969,1902238977,11672,1
8.408298,0.002016,4.42973,-3869.0162,1902554449,11673,2
8.412336,0.004038,4.428988,-3867.52563,1902236193,11675,1
8.414352,0.002016,4.427777,-3865.09291,1901715610,11676,1
8.416375,0.002023,4.427989,-3865.51878,1901806569,11677,1
8.418391,0.002016,4.428971,-3867.49148,1902228488,11678,2
8.422429,0.004038,4.428538,-3866.62165,1902042476,11680,1
8.424445,0.002016,4.429298,-3868.14838,1902369092,11681,1
8.426461,0.002016,4.428905,-3867.3589,1902200151,11682,1
8.428484,0.002023,4.427538,-3864.61279,1901613358,11683,1
8.4305,0.002016,4.427423,-3864.38177,1901563790,11684,2
8.434538,0.004038,4.428416,-3866.37657,1901990053,11686,1
8.436554,0.002016,4.42778,-3865.09893,1901716919,11687,1
8.438576,0.002022,4.428311,-3866.16564,1901945303,11688,1
8.440592,0.002016,4.428101,-3865.74378,1901854751,11689,2
8.444631,0.004039,4.426755,-3863.03986,1901277083,11691,1
8.446647,0.002016,4.426659,-3862.84701,1901235535,11692,1
8.448663,0.002016,4.427871,-3865.28174,1901755900,11693,1
8.450685,0.002022,4.427415,-3864.3657,1901560431,11694,2
8.454717,0.004032,4.428028,-3865.59713,1901823644,11696,1
8.45674,0.002023,4.428088,-3865.71766,1901849211,11697,1
8.458756,0.002016,4.426685,-3862.89924,1901246543,11698,1
8.460772,0.002016,4.42632,-3862.166,1901090056,11699,2
8.46481,0.004038,4.427391,-3864.31749,1901549638,11701,1
8.466826,0.002016,4.426869,-3863.26887,1901325744,11702,1
8.468848,0.002022,4.427424,-3864.38378,1901564332,11703,1
8.470864,0.002016,4.427648,-3864.83376,1901660388,11704,1
8.47288,0.002016,4.426259,-3862.04346,1901063772,11705,2
8.476919,0.004039,4.425806,-3861.13345,1900869068,11707,1
8.478941,0.002022,4.426951,-3863.43359,1901361010,11708,1
8.480957,0.002016,4.426626,-3862.78071,1901221460,11709,1
8.482973,0.002016,4.426815,-3863.16039,1901302541,11710,2
8.487012,0.004039,4.426958,-3863.44765,1901363950,11712,1
8.489028,0.002016,4.425427,-3860.3721,1900706382,11713,1
8.49105,0.002022,4.424592,-3858.6947,1900347567,11714,1
8.493066,0.002016,4.425473,-3860.4645,1900725956,11715,2
8.497104,0.004038,4.42524,-3859.99644,1900626205,11717,1
8.49912,0.002016,4.425568,-3860.65534,1900766919,11718,1
8.501136,0.002016,4.426111,-3861.74615,1901000044,11719,1
8.503159,0.002023,4.425032,-3859.5786,1900536782,11720,2
8.507191,0.004032,4.424376,-3858.26079,1900254881,11722,1
8.509213,0.002022,4.425364,-3860.24554,1900679319,11723,1
8.511229,0.002016,4.425408,-3860.33393,1900698395,11724,1
8.513252,0.002023,4.425397,-3860.31183,1900693442,11725,1
8.515268,0.002016,4.425955,-3861.43277,1900933270,11726,2
8.5193,0.004032,4.424826,-3859.16477,1900448070,11728,1
8.521322,0.002022,4.423863,-3857.23024,1900034760,11729,1
8.523338,0.002016,4.424474,-3858.45766,1900297018,11730,1
8.52536,0.002022,4.424644,-3858.79916,1900370120,11731,2
8.529392,0.004032,4.424738,-3858.98799,1900410608,11733,1
8.531408,0.002016,4.425014,-3859.54244,1900528793,11734,1
8.533431,0.002023,4.424032,-3857.56974,1900107294,11735,1
8.535447,0.002016,4.423276,-3856.05105,1899782490,11736,2
8.539485,0.004038,4.424066,-3857.63804,1900121829,11738,1
8.541501,0.002016,4.424743,-3858.99804,1900412485,11739,1
8.543524,0.002023,4.424758,-3859.02817,1900419336,11740,1
8.54554,0.002016,4.425395,-3860.30781,1900692739,11741,2
8.549578,0.004038,4.424698,-3858.90764,1900393182,11743,1
8.551594,0.002016,4.423523,-3856.54723,1899888830,11744,1
8.55361,0.002016,4.423786,-3857.07556,1900001733,11745,1
8.555632,0.002022,4.42435,-3858.20856,1900243771,11746,2
8.559664,0.004032,4.424011,-3857.52756,1900098253,11748,1
8.561687,0.002023,4.424369,-3858.24673,1900251950,11749,1
8.563703,0.002016,4.423652,-3856.80638,1899943885,11750,1
8.565719,0.002016,4.422363,-3854.21696,1899390471,11751,1
8.567741,0.002022,4.422567,-3854.62677,1899477967,11752,2
8.57178,0.004039,4.423482,-3856.46487,1899871180,11754,1
8.573796,0.002016,4.42331,-3856.11935,1899797112,11755,1
8.575812,0.002016,4.423935,-3857.37488,1900065762,11756,1
8.577828,0.002016,4.423709,-3856.92088,1899968453,11757,2
8.581866,0.004038,4.422636,-3854.76538,1899507400,11759,1
8.583888,0.002022,4.422799,-3855.09282,1899577518,11760,1
8.585904,0.002016,4.423886,-3857.27645,1900044763,11761,1
8.58792,0.002016,4.42361,-3856.722,1899925981,11762,2
8.591959,0.004039,4.424174,-3857.855,1900168415,11764,1
8.593975,0.002016,4.423891,-3857.28649,1900046883,11765,1
8.595997,0.002022,4.422596,-3854.68502,1899490707,11766,1
8.598013,0.002016,4.422459,-3854.40981,1899431845,11767,2
8.602052,0.004039,4.423481,-3856.46286,1899870519,11769,1
8.604068,0.002016,4.423127,-3855.75173,1899718689,11770,1
8.606084,0.002016,4.423824,-3857.1519,1900018032,11771,1
8.608106,0.002022,4.423625,-3856.75214,1899932577,11772,1
8.610122,0.002016,4.422223,-3853.93572,1899330286,11773,2
8.61416,0.004038,4.422189,-3853.86742,1899315650,11775,1
8.616176,0.002016,4.423468,-3856.43675,1899864988,11776,1
8.618192,0.002016,4.423156,-3855.80998,1899731197,11777,1
8.620215,0.002023,4.423973,-3857.45122,1900082095,11778,2
8.624247,0.004032,4.424096,-3857.69831,1900134671,11780,1
8.626269,0.002022,4.422595,-3854.68302,1899490237,11781,1
8.628285,0.002016,4.422221,-3853.9317,1899329555,11782,1
8.630308,0.002023,4.423377,-3856.25394,1899826027,11783,2
8.63434,0.004032,4.42309,-3855.6774,1899702685,11785,1
8.636356,0.002016,4.423503,-3856.50706,1899879956,11786,1
8.638378,0.002022,4.423577,-3856.65571,1899911968,11787,1
8.640394,0.002016,4.422081,-3853.65046,1899269567,11788,2
8.644432,0.004038,4.421592,-3852.66813,1899059374,11790,1
8.646448,0.002016,4.422751,-3854.9964,1899557310,11791,1
8.648464,0.002016,4.422807,-3855.10889,1899581005,11792,1
8.650487,0.002023,4.423467,-3856.43474,1899864679,11793,1
8.652503,0.002016,4.423942,-3857.38894,1900068616,11794,2
8.656541,0.004038,4.422917,-3855.32987,1899628322,11796,1
8.658557,0.002016,4.422529,-3854.55043,1899461749,11797,1
8.66058,0.002023,4.423519,-3856.5392,1899886777,11798,1
8.662596,0.002016,4.423725,-3856.95302,1899975296,11799,2
8.666634,0.004038,4.424232,-3857.97151,1900193193,11801,1
8.66865,0.002016,4.424577,-3858.66457,1900341363,11802,1
8.670666,0.002016,4.423434,-3856.36845,1899850507,11803,1
8.672688,0.002022,4.422705,-3854.90399,1899537203,11804,2
8.67672,0.004032,4.423434,-3856.36845,1899850503,11806,1
8.678743,0.002023,4.42363,-3856.76218,1899934511,11807,1
8.680759,0.002016,4.423899,-3857.30256,1900049999,11808,1
8.682775,0.002016,4.424272,-3858.05187,1900210283,11809,2
8.686813,0.004038,4.422985,-3855.46647,1899657302,11811,1
8.688836,0.002023,4.422178,-3853.84532,1899310948,11812,1
8.690852,0.002016,4.423072,-3855.64124,1899694915,11813,1
8.692868,0.002016,4.423556,-3856.61353,1899902851,11814,1
8.694884,0.002016,4.423814,-3857.13181,1900013588,11815,2
8.698922,0.004038,4.424489,-3858.48779,1900303636,11817,1
8.700944,0.002022,4.423642,-3856.78629,1899939880,11818,1
8.70296,0.002016,4.422715,-3854.92408,1899541528,11819,1
8.704976,0.002016,4.423389,-3856.27805,1899831314,11820,2
8.709015,0.004039,4.423982,-3857.4693,1900085626,11822,1
8.711031,0.002016,4.423795,-3857.09364,1900005339,11823,1
8.713053,0.002022,4.424256,-3858.01972,1900203626,11824,1
8.715069,0.002016,4.42321,-3855.91846,1899754139,11825,2
8.719108,0.004039,4.421816,-3853.11812,1899155450,11827,1
8.721124,0.002016,4.421972,-3853.4315,1899222376,11828,1
8.72314,0.002016,4.422712,-3854.91805,1899540536,11829,1
8.725162,0.002022,4.422389,-3854.26919,1899401378,11830,2
8.729194,0.004032,4.422974,-3855.44437,1899652716,11832,1
8.731216,0.002022,4.422519,-3854.53034,1899457570,11833,1
8.733232,0.002016,4.421566,-3852.6159,1899048043,11834,1
8.735248,0.002016,4.422014,-3853.51587,1899240584,11835,2
8.739287,0.004039,4.423218,-3855.93453,1899757805,11837,1
8.741303,0.002016,4.423174,-3855.84614,1899738939,11838,1
8.743325,0.002022,4.423944,-3857.39296,1900069353,11839,1
8.745341,0.002016,4.423512,-3856.52514,1899883912,11840,1
8.747364,0.002023,4.422301,-3854.09241,1899364001,11841,2
8.751396,0.004032,4.422406,-3854.30334,1899409043,11843,1
8.753412,0.002016,4.423391,-3856.28206,1899832143,11844,1
8.755434,0.002022,4.423002,-3855.50062,1899665025,11845,1
8.75745,0.002016,4.423519,-3856.5392,1899886763,11846,2
8.761488,0.004038,4.423038,-3855.57294,1899680437,11848,1
8.763504,0.002016,4.421586,-3852.65608,1899056698,11849,1
8.765527,0.002023,4.421444,-3852.37082,1898995709,11850,1
8.767543,0.002016,4.422462,-3854.41584,1899432911,11851,2
8.771581,0.004038,4.422022,-3853.53194,1899243885,11853,1
8.773597,0.002016,4.422666,-3854.82564,1899520673,11854,1
8.775613,0.002016,4.422544,-3854.58056,1899468223,11855,1
8.777636,0.002023,4.421119,-3851.71794,1898855943,11856,2
8.781668,0.004032,4.420792,-3851.06105,1898715696,11858,1
8.78369,0.002022,4.421794,-3853.07392,1899146021,11859,1
8.785706,0.002016,4.421482,-3852.44716,1899011925,11860,1
8.787722,0.002016,4.422081,-3853.65046,1899269500,11861,1
8.789744,0.002022,4.422082,-3853.65247,1899269950,11862,2
8.793776,0.004032,4.42061,-3850.69544,1898637555,11864,1
8.795799,0.002023,4.42025,-3849.97225,1898483003,11865,1
8.797815,0.002016,4.421471,-3852.42506,1899007104,11866,1
8.799831,0.002016,4.421274,-3852.02932,1898922705,11867,2
8.803869,0.004038,4.421744,-3852.97348,1899124677,11869,1
8.805892,0.002023,4.422036,-3853.56006,1899250125,11870,1
8.807908,0.002016,4.420709,-3850.89431,1898680031,11871,1
8.809924,0.002016,4.420068,-3849.60664,1898404792,11872,2
8.813962,0.004038,4.421082,-3851.64362,1898840323,11874,1
8.815978,0.002016,4.420796,-3851.06908,1898717683,11875,1
8.818,0.002022,4.421117,-3851.71393,1898855195,11876,1
8.820016,0.002016,4.421553,-3852.58979,1899042484,11877,2
8.824048,0.004032,4.420392,-3850.25751,1898543775,11879,1
8.826071,0.002023,4.419666,-3848.79908,1898232301,11880,1
8.828087,0.002016,4.420647,-3850.76976,1898653392,11881,1
8.830103,0.002016,4.420808,-3851.09319,1898722720,11882,1
8.832125,0.002022,4.421042,-3851.56326,1898823003,11883,2
8.836164,0.004039,4.42135,-3852.18199,1898955194,11885,1
8.83818,0.002016,4.420079,-3849.62873,1898409383,11886,1
8.840196,0.002016,4.419253,-3847.96942,1898054720,11887,1
8.842212,0.002016,4.420149,-3849.76935,1898439510,11888,2
8.84625,0.004038,4.420375,-3850.22335,1898536620,11890,1
8.848272,0.002022,4.420542,-3850.55883,1898608350,11891,1
8.850288,0.002016,4.42085,-3851.17756,1898740483,11892,1
8.852304,0.002016,4.420164,-3849.79949,1898446008,11893,2
8.856343,0.004039,4.419328,-3848.12008,1898086989,11895,1
8.858359,0.002016,4.420037,-3849.54436,1898391454,11896,1
8.860381,0.002022,4.420536,-3850.54678,1898605587,11897,1
8.862397,0.002016,4.420577,-3850.62914,1898623546,11898,2
8.866436,0.004039,4.420815,-3851.10725,1898725666,11900,1
8.868452,0.002016,4.4201,-3849.67092,1898418381,11901,1
8.870468,0.002016,4.419164,-3847.79063,1898016270,11902,1
8.87249,0.002022,4.419579,-3848.62431,1898194855,11903,1
8.874506,0.002016,4.420162,-3849.79547,1898445030,11904,2
8.878544,0.004038,4.420033,-3849.53633,1898389543,11906,1
8.88056,0.002016,4.420263,-3849.99836,1898488414,11907,1
8.882576,0.002016,4.419695,-3848.85733,1898244577,11908,1
8.884599,0.002023,4.418528,-3846.513,1897743216,11909,2
8.888631,0.004032,4.418716,-3846.89066,1897824271,11911,1
8.890653,0.002022,4.419465,-3848.3953,1898145703,11912,1
8.892669,0.002016,4.419127,-3847.7163,1898000677,11913,1
8.894685,0.002016,4.419323,-3848.11004,1898084932,11914,2
8.898724,0.004039,4.418963,-3847.38685,1897930276,11916,1
8.90074,0.002016,4.417749,-3844.9481,1897408865,11917,1
8.902762,0.002022,4.417772,-3844.9943,1897418578,11918,1
8.904778,0.002016,4.418623,-3846.70384,1897784092,11919,2
8.908816,0.004038,4.418298,-3846.05096,1897644671,11921,1
8.910832,0.002016,4.41852,-3846.49693,1897739953,11922,1
8.912848,0.002016,4.418189,-3845.832,1897597765,11923,1
8.914871,0.002023,4.416949,-3843.34101,1897065145,11924,2
8.918909,0.004038,4.416938,-3843.31892,1897060656,11926,1
8.920925,0.002016,4.418121,-3845.69539,1897568656,11927,1
8.922941,0.002016,4.417916,-3845.28358,1897480571,11928,1
8.924964,0.002023,4.41832,-3846.09516,1897654100,11929,1
8.92698,0.002016,4.418057,-3845.56683,1897540832,11930,2
8.931018,0.004038,4.416755,-3842.9513,1896981795,11932,1
8.933034,0.002016,4.416499,-3842.43703,1896871918,11933,1
8.93505,0.002016,4.417559,-3844.56642,1897327075,11934,1
8.937072,0.002022,4.41719,-3843.82515,1897168762,11935,2
8.941104,0.004032,4.417638,-3844.72512,1897360979,11937,1
8.943127,0.002023,4.417443,-3844.33339,1897277166,11938,1
8.945143,0.002016,4.416105,-3841.64554,1896702558,11939,1
8.947159,0.002016,4.415809,-3841.05092,1896575555,11940,2
8.951197,0.004038,4.416937,-3843.31691,1897060160,11942,1
8.953213,0.002016,4.416582,-3842.60376,1896907541,11943,1
8.955236,0.002023,4.417003,-3843.44949,1897088290,11944,1
8.957252,0.002016,4.416941,-3843.32494,1897061561,11945,2
8.96129,0.004038,4.415525,-3840.4804,1896453592,11947,1
8.963306,0.002016,4.415068,-3839.56236,1896257032,11948,1
8.965328,0.002022,4.416005,-3841.44465,1896659752,11949,1
8.967344,0.002016,4.415683,-3840.7978,1896521178,11950,1
8.96936,0.002016,4.416169,-3841.77411,1896730160,11951,2
8.973399,0.004039,4.416089,-3841.6134,1896695774,11953,1
8.975415,0.002016,4.41474,-3838.90345,1896116513,11954,1
8.977437,0.002022,4.414081,-3837.57962,1895833072,11955,1
8.979453,0.002016,4.415105,-3839.63668,1896273039,11956,2
8.983492,0.004039,4.415048,-3839.52218,1896248606,11958,1
8.985508,0.002016,4.415255,-3839.93801,1896337626,11959,1
8.987524,0.002016,4.415402,-3840.23331,1896400823,11960,1
8.989546,0.002022,4.41438,-3838.18026,1895961733,11961,2
8.993578,0.004032,4.41376,-3836.93477,1895695582,11963,1
8.9956,0.002022,4.414638,-3838.69855,1896072624,11964,1
8.997616,0.002016,4.414735,-3838.89341,1896114118,11965,1
8.999632,0.002016,4.41498,-3839.38558,1896219562,11966,2
9.003671,0.004039,4.41507,-3839.56637,1896257864,11968,1
9.005687,0.002016,4.414077,-3837.57158,1895831488,11969,1
9.007709,0.002022,4.413225,-3835.86003,1895465538,11970,1
9.009725,0.002016,4.41392,-3837.25619,1895764172,11971,1
9.011748,0.002023,4.414283,-3837.9854,1895920033,11972,2
9.01578,0.004032,4.41433,-3838.07982,1895940640,11974,1
9.017796,0.002016,4.414551,-3838.52378,1896035190,11975,1
9.019818,0.002022,4.413683,-3836.78009,1895662529,11976,1
9.021834,0.002016,4.412827,-3835.06051,1895294515,11977,2
9.025872,0.004038,4.413367,-3836.14529,1895526545,11979,1
9.027888,0.002016,4.413808,-3837.0312,1895716177,11980,1
9.029911,0.002023,4.413906,-3837.22807,1895758380,11981,1
9.031927,0.002016,4.414114,-3837.64591,1895847682,11982,2
9.035965,0.004038,4.413141,-3835.69129,1895429540,11984,1
9.037981,0.002016,4.411977,-3833.35298,1894929508,11985,1
9.039997,0.002016,4.412287,-3833.97573,1895062670,11986,1
9.04202,0.002023,4.412905,-3835.2172,1895328422,11987,2
9.046052,0.004032,4.412642,-3834.68887,1895215383,11989,1
9.048074,0.002022,4.412968,-3835.34376,1895355371,11990,1
9.05009,0.002016,4.412409,-3834.22081,1895115439,11991,1
9.052112,0.002022,4.411296,-3831.98495,1894637346,11992,2
9.056144,0.004032,4.411625,-3832.64587,1894778688,11994,1
9.058167,0.002023,4.412428,-3834.25898,1895123342,11995,1
9.060183,0.002016,4.411842,-3833.08179,1894871757,11996,1
9.062199,0.002016,4.412469,-3834.34134,1895141273,11997,1
9.064221,0.002022,4.411983,-3833.36504,1894931963,11998,2
9.068253,0.004032,4.410674,-3830.73544,1894370112,12000,1
9.070276,0.002023,4.410637,-3830.66112,1894354286,12001,1
9.072292,0.002016,4.411571,-3832.53739,1894755195,12002,1
9.074311,0.002019,4.411067,-3831.52492,1894538748,12003,2
9.078349,0.004038,4.411829,-3833.05567,1894866172,12005,1
9.080365,0.002016,4.411519,-3832.43293,1894732855,12006,1
9.082381,0.002016,4.410139,-3829.66071,1894140081,12007,1
9.084404,0.002023,4.410043,-3829.46786,1894099193,12008,2
9.088436,0.004032,4.41107,-3831.53095,1894540236,12010,1
9.090458,0.002022,4.410693,-3830.77361,1894378253,12011,1
9.092474,0.002016,4.41139,-3832.17378,1894677489,12012,1
9.094496,0.002022,4.411198,-3831.78808,1894595032,12013,2
9.098528,0.004032,4.409729,-3828.83707,1893964427,12015,1
9.100551,0.002023,4.409488,-3828.35294,1893860446,12016,1
9.102567,0.002016,4.410604,-3830.59482,1894339725,12017,1
9.104583,0.002016,4.410203,-3829.78927,1894167828,12018,1
9.106605,0.002022,4.410886,-3831.16132,1894460935,12019,2
9.110637,0.004032,4.411027,-3831.44457,1894521569,12021,1
9.11266,0.002023,4.409684,-3828.74668,1893945001,12022,1
9.114676,0.002016,4.409373,-3828.12192,1893811489,12023,1
9.116692,0.002016,4.410416,-3830.21716,1894259314,12024,2
9.12073,0.004038,4.409999,-3829.37947,1894080046,12026,1
9.122746,0.002016,4.410501,-3830.38791,1894296004,12027,1
9.124768,0.002022,4.410628,-3830.64304,1894350284,12028,1
9.126784,0.002016,4.409234,-3827.84269,1893751540,12029,2
9.130823,0.004039,4.408633,-3826.63537,1893493687,12031,1
9.132839,0.002016,4.409552,-3828.48151,1893888012,12032,1
9.134861,0.002022,4.409324,-3828.02349,1893790362,12033,1
9.136877,0.002016,4.409668,-3828.71453,1893937958,12034,2
9.140916,0.004039,4.409959,-3829.29911,1894063038,12036,1
9.142932,0.002016,4.408598,-3826.56506,1893478477,12037,1
9.144948,0.002016,4.40798,-3825.32359,1893213130,12038,1
9.14697,0.002022,4.40906,-3827.49315,1893676728,12039,1
9.148986,0.002016,4.409008,-3827.38869,1893654288,12040,2
9.153024,0.004038,4.409367,-3828.10987,1893808475,12042,1
9.15504,0.002016,4.40992,-3829.22077,1894046106,12043,1
9.157056,0.002016,4.40871,-3826.79005,1893526469,12044,1
9.159079,0.002023,4.40795,-3825.26332,1893200165,12045,2
9.163111,0.004032,4.408943,-3827.25811,1893626684,12047,1
9.165133,0.002022,4.409183,-3827.74024,1893729566,12048,1
9.167149,0.002016,4.409251,-3827.87684,1893758708,12049,1
9.169165,0.002016,4.409744,-3828.86721,1893970760,12050,2
9.173204,0.004039,4.408719,-3826.80813,1893530382,12052,1
9.17522,0.002016,4.407829,-3825.02025,1893148331,12053,1
9.177242,0.002022,4.408558,-3826.4847,1893461199,12054,1
9.179258,0.002016,4.409044,-3827.46101,1893670050,12055,2
9.183296,0.004038,4.408976,-3827.32441,1893640683,12057,1
9.185312,0.002016,4.40972,-3828.81899,1893960556,12058,1
9.187328,0.002016,4.408803,-3826.97687,1893566694,12059,1
9.189351,0.002023,4.407825,-3825.01221,1893146426,12060,1
9.191367,0.002016,4.408383,-3826.13315,1893386256,12061,2
9.195405,0.004038,4.409054,-3827.4811,1893674157,12063,1
9.197421,0.002016,4.408857,-3827.08535,1893589580,12064,1
9.199444,0.002023,4.409407,-3828.19022,1893825803,12065,1
9.20146,0.002016,4.408479,-3826.326,1893427493,12066,2
9.205498,0.004038,4.407336,-3824.02988,1892936377,12068,1
9.207514,0.002016,4.407719,-3824.79927,1893100872,12069,1
9.20953,0.002016,4.408402,-3826.17132,1893394476,12070,1
9.211552,0.002022,4.408246,-3825.85794,1893327021,12071,2
9.215584,0.004032,4.409051,-3827.47507,1893673140,12073,1
9.217607,0.002023,4.408478,-3826.324,1893426889,12074,1
9.219623,0.002016,4.407324,-3824.00578,1892931056,12075,1
9.221639,0.002016,4.407652,-3824.66468,1893072008,12076,2
9.225677,0.004038,4.408719,-3826.80813,1893530257,12078,1
9.2277,0.002023,4.408336,-3826.03874,1893365812,12079,1
9.229716,0.002016,4.408959,-3827.29026,1893633669,12080,1
9.231732,0.002016,4.408596,-3826.56104,1893477492,12081,2
9.23577,0.004038,4.407087,-3823.52968,1892829515,12083,1
9.237786,0.002016,4.407073,-3823.50155,1892823389,12084,1
9.239808,0.002022,4.408068,-3825.50036,1893250834,12085,1
9.241824,0.002016,4.407538,-3824.43567,1893023064,12086,1
9.24384,0.002016,4.408269,-3825.90414,1893337344,12087,2
9.247879,0.004039,4.40824,-3825.84589,1893324593,12089,1
9.249895,0.002016,4.407004,-3823.36294,1892793842,12090,1
9.251917,0.002022,4.407048,-3823.45133,1892812627,12091,1
9.253933,0.002016,4.408259,-3825.88406,1893333038,12092,2
9.257972,0.004039,4.407852,-3825.06645,1893157967,12094,1
9.259988,0.002016,4.408335,-3826.03673,1893365411,12095,1
9.26201,0.002022,4.408212,-3825.78964,1893312525,12096,1
9.264026,0.002016,4.406859,-3823.07166,1892731723,12097,2
9.268064,0.004038,4.406468,-3822.2862,1892563683,12099,1
9.27008,0.002016,4.407498,-3824.35532,1893006159,12100,1
9.272096,0.002016,4.407051,-3823.45736,1892814027,12101,1
9.274119,0.002023,4.407482,-3824.32317,1892998859,12102,2
9.278151,0.004032,4.407503,-3824.36536,1893008210,12104,1
9.280173,0.002022,4.406307,-3821.96277,1892494576,12105,1
9.282189,0.002016,4.405839,-3821.02262,1892293188,12106,1
9.284212,0.002023,4.40685,-3823.05358,1892727819,12107,1
9.286228,0.002016,4.406574,-3822.49913,1892609322,12108,2
9.29026,0.004032,4.406971,-3823.29665,1892779442,12110,1
9.292282,0.002022,4.407154,-3823.66427,1892858393,12111,1
9.294298,0.002016,4.405842,-3821.02865,1892294660,12112,1
9.29632,0.002022,4.405171,-3819.68071,1892006657,12113,2
9.300352,0.004032,4.406135,-3821.61725,1892420562,12115,1
9.302368,0.002016,4.406103,-3821.55296,1892406627,12116,1
9.304391,0.002023,4.406657,-3822.66587,1892644695,12117,1
9.306407,0.002016,4.406961,-3823.27656,1892775549,12118,2
9.310445,0.004038,4.405589,-3820.52041,1892185894,12120,1
9.312461,0.002016,4.404808,-3818.95149,1891850501,12121,1
9.314484,0.002023,4.40575,-3820.84384,1892255168,12122,1
9.3165,0.002016,4.405597,-3820.53648,1892189435,12123,2
9.320538,0.004038,4.405668,-3820.67911,1892219915,12125,1
9.322554,0.002016,4.405914,-3821.17329,1892325607,12126,1
9.32457,0.002016,4.404681,-3818.69637,1891796212,12127,1
9.326592,0.002022,4.403728,-3816.78193,1891386686,12128,1
9.328608,0.002016,4.404461,-3818.25442,1891701554,12129,2
9.33264,0.004032,4.404896,-3819.12827,1891888489,12131,1
9.334663,0.002023,4.405056,-3819.44969,1891957108,12132,1
9.336679,0.002016,4.405477,-3820.29542,1892137811,12133,1
9.338701,0.002022,4.404509,-3818.35085,1891722214,12134,2
9.342733,0.004032,4.403562,-3816.44846,1891315306,12136,1
9.344756,0.002023,4.404049,-3817.42677,1891524771,12137,1
9.346772,0.002016,4.404485,-3818.30263,1891711688,12138,1
9.348788,0.002016,4.40443,-3818.19215,1891688340,12139,2
9.352826,0.004038,4.404715,-3818.76467,1891810605,12141,1
9.354842,0.002016,4.403842,-3817.01094,1891435792,12142,1
9.356864,0.002022,4.402694,-3814.70477,1890942442,12143,1
9.35888,0.002016,4.403054,-3815.42796,1891097304,12144,2
9.362912,0.004032,4.403662,-3816.64935,1891358323,12146,1
9.364935,0.002023,4.403637,-3816.59912,1891347674,12147,1
9.366951,0.002016,4.404303,-3817.93702,1891633649,12148,1
9.368973,0.002022,4.40381,-3816.94666,1891421714,12149,1
9.370989,0.002016,4.402933,-3815.18489,1891045179,12150,2
9.375028,0.004039,4.40348,-3816.28373,1891280180,12152,1
9.377044,0.002016,4.404533,-3818.39906,1891732472,12153,1
9.37906,0.002016,4.404457,-3818.24639,1891699947,12154,1
9.381076,0.002016,4.405043,-3819.42358,1891951678,12155,2
9.385114,0.004038,4.404428,-3818.18813,1891687559,12157,1
9.387136,0.002022,4.403108,-3815.53644,1891120232,12158,1
9.389152,0.002016,4.403147,-3815.61478,1891137457,12159,1
9.391168,0.002016,4.403906,-3817.13951,1891463254,12160,2
9.395207,0.004039,4.403577,-3816.47859,1891322152,12162,1
9.397223,0.002016,4.404211,-3817.75221,1891593964,12163,1
9.399239,0.002016,4.403939,-3817.2058,1891477402,12164,1
9.401261,0.002022,4.402633,-3814.58223,1890916589,12165,2
9.4053,0.004039,4.402656,-3814.62844,1890926526,12167,1
9.407316,0.002016,4.403827,-3816.98081,1891429233,12168,1
9.409332,0.002016,4.403582,-3816.48864,1891324083,12169,1
9.411354,0.002022,4.404204,-3817.73815,1891591148,12170,2
9.415386,0.004032,4.404027,-3817.38258,1891515237,12172,1
9.417408,0.002022,4.402702,-3814.72084,1890946281,12173,1
9.419424,0.002016,4.402607,-3814.53,1890905044,12174,1
9.42144,0.002016,4.403862,-3817.05112,1891444258,12175,1
9.423463,0.002023,4.403584,-3816.49265,1891324645,12176,2
9.427495,0.004032,4.404184,-3817.69797,1891582860,12178,1
9.429517,0.002022,4.404134,-3817.59753,1891560992,12179,1
9.431533,0.002016,4.402801,-3814.91972,1890988537,12180,1
9.433549,0.002016,4.402532,-3814.37934,1890872913,12181,2
9.437588,0.004039,4.403691,-3816.7076,1891370762,12183,1
9.439604,0.002016,4.403481,-3816.28574,1891280489,12184,1
9.441626,0.002022,4.403997,-3817.32231,1891502650,12185,1
9.443642,0.002016,4.403997,-3817.32231,1891502324,12186,2
9.44768,0.004038,4.402643,-3814.60232,1890920903,12188,1
9.449696,0.002016,4.402102,-3813.51553,1890688314,12189,1
9.451712,0.002016,4.403301,-3815.92415,1891203336,12190,1
9.453735,0.002023,4.40317,-3815.66099,1891147114,12191,2
9.457773,0.004038,4.40372,-3816.76586,1891383547,12193,1
9.459789,0.002016,4.403891,-3817.10937,1891456668,12194,1
9.461805,0.002016,4.40263,-3814.57621,1890915010,12195,1
9.463828,0.002023,4.402115,-3813.54165,1890694031,12196,1
9.465844,0.002016,4.403012,-3815.34359,1891079426,12197,2
9.469882,0.004038,4.402832,-3814.98199,1891001807,12199,1
9.471898,0.002016,4.403227,-3815.77549,1891171542,12200,1
9.473914,0.002016,4.403475,-3816.27369,1891277941,12201,1
9.475936,0.002022,4.402175,-3813.66218,1890719983,12202,2
9.479968,0.004032,4.40144,-3812.18567,1890403998,12204,1
9.481991,0.002023,4.402339,-3813.99163,1890790445,12205,1
9.484007,0.002016,4.402665,-3814.64652,1890930091,12206,1
9.486023,0.002016,4.40295,-3815.21904,1891052641,12207,2
9.490061,0.004038,4.403431,-3816.1853,1891259269,12209,1
9.492077,0.002016,4.402291,-3813.8952,1890769739,12210,1
9.4941,0.002023,4.401474,-3812.25397,1890418423,12211,1
9.496116,0.002016,4.402183,-3813.67825,1890722913,12212,2
9.500154,0.004038,4.402555,-3814.42554,1890882765,12214,1
9.50217,0.002016,4.402854,-3815.02619,1891011285,12215,1
9.504186,0.002016,4.403492,-3816.30784,1891285441,12216,1
9.506208,0.002022,4.402538,-3814.39139,1890875745,12217,1
9.508224,0.002016,4.401689,-3812.68587,1890510815,12218,2
9.512263,0.004039,4.402375,-3814.06395,1890805781,12220,1
9.514279,0.002016,4.402845,-3815.00811,1891007787,12221,1
9.516295,0.002016,4.402586,-3814.48782,1890896195,12222,1
9.518317,0.002022,4.402989,-3815.29739,1891069382,12223,2
9.522349,0.004032,4.402134,-3813.57981,1890702067,12225,1
9.524372,0.002023,4.400851,-3811.00245,1890151225,12226,1
9.526388,0.002016,4.401278,-3811.86023,1890334183,12227,1
9.528404,0.002016,4.402052,-3813.41509,1890667082,12228,2
9.532442,0.004038,4.402035,-3813.38094,1890659647,12230,1
9.534458,0.002016,4.402608,-3814.53201,1890906028,12231,1
9.53648,0.002022,4.401949,-3813.20817,1890622728,12232,1
9.538496,0.002016,4.400847,-3810.99442,1890149532,12233,2
9.542528,0.004032,4.401109,-3811.52074,1890261735,12235,1
9.544551,0.002023,4.401926,-3813.16197,1890612840,12236,1
9.546567,0.002016,4.401703,-3812.714,1890517209,12237,1
9.548589,0.002022,4.402442,-3814.19854,1890834313,12238,1
9.550605,0.002016,4.401966,-3813.24233,1890630093,12239,2
9.554644,0.004039,4.400732,-3810.7634,1890099967,12241,1
9.55666,0.002016,4.400875,-3811.05066,1890161364,12242,1
9.558676,0.002016,4.401861,-3813.0314,1890584716,12243,1
9.560698,0.002022,4.401547,-3812.40061,1890450128,12244,2
9.56473,0.004032,4.402358,-3814.0298,1890798149,12246,1
9.566752,0.002022,4.402026,-3813.36286,1890655767,12247,1
9.568768,0.002016,4.400764,-3810.82768,1890114057,12248,1
9.570784,0.002016,4.400784,-3810.86786,1890122256,12249,2
9.574823,0.004039,4.401933,-3813.17603,1890615782,12251,1
9.576839,0.002016,4.401731,-3812.77024,1890528800,12252,1
9.578861,0.002022,4.402455,-3814.22466,1890840092,12253,1
9.580877,0.002016,4.402383,-3814.08002,1890809268,12254,2
9.584916,0.004039,4.401173,-3811.6493,1890289427,12256,1
9.586932,0.002016,4.401167,-3811.63725,1890286821,12257,1
9.588948,0.002016,4.402568,-3814.45166,1890888476,12258,1
9.59097,0.002022,4.402276,-3813.86507,1890763322,12259,2
9.595002,0.004032,4.402864,-3815.04628,1891015630,12261,1
9.597024,0.002022,4.402864,-3815.04628,1891015594,12262,1
9.59904,0.002016,4.401433,-3812.17161,1890401098,12263,1
9.601056,0.002016,4.400818,-3810.93616,1890136946,12264,1
9.603079,0.002023,4.401909,-3813.12782,1890605417,12265,2
9.607111,0.004032,4.40167,-3812.6477,1890502947,12267,1
9.609133,0.002022,4.402142,-3813.59588,1890705624,12268,1
9.611149,0.002016,4.402158,-3813.62803,1890712331,12269,1
9.613165,0.002016,4.400833,-3810.96629,1890143421,12270,2
9.617204,0.004039,4.400341,-3809.97793,1889931955,12272,1
9.61922,0.002016,4.40144,-3812.18567,1890404057,12273,1
9.621236,0.002016,4.401429,-3812.16357,1890399518,12274,1
9.623258,0.002022,4.401902,-3813.11376,1890602384,12275,2
9.627296,0.004038,4.402187,-3813.68628,1890725026,12277,1
9.629312,0.002016,4.400918,-3811.13704,1890179728,12278,1
9.631328,0.002016,4.400348,-3809.992,1889935239,12279,1
9.633344,0.002016,4.401389,-3812.08322,1890381944,12280,2
9.637383,0.004039,4.401497,-3812.30017,1890428622,12282,1
9.639405,0.002022,4.401816,-3812.941,1890565465,12283,1
9.641421,0.002016,4.402259,-3813.83092,1890755731,12284,1
9.643437,0.002016,4.400984,-3811.26963,1890208389,12285,1
9.64546,0.002023,4.400282,-3809.85941,1889906949,12286,2
9.649492,0.004032,4.401266,-3811.83613,1890329422,12288,1
9.651514,0.002022,4.401511,-3812.3283,1890434712,12289,1
9.65353,0.002016,4.401874,-3813.05751,1890590507,12290,1
9.655546,0.002016,4.402515,-3814.34519,1890866020,12291,2
9.659584,0.004038,4.401381,-3812.06714,1890378499,12293,1
9.6616,0.002016,4.400503,-3810.30337,1890001809,12294,1
9.663623,0.002023,4.401288,-3811.88032,1890338861,12295,1
9.665639,0.002016,4.401793,-3812.89479,1890555614,12296,2
9.669677,0.004038,4.401794,-3812.8968,1890556476,12298,1
9.671693,0.002016,4.402275,-3813.86306,1890762773,12299,1
9.673709,0.002016,4.40136,-3812.02496,1890369843,12300,1
9.675732,0.002023,4.400404,-3810.10449,1889958863,12301,2
9.679764,0.004032,4.400987,-3811.27566,1890209662,12303,1
9.681786,0.002022,4.401636,-3812.5794,1890488350,12304,1
9.683802,0.002016,4.401618,-3812.54324,1890480312,12305,1
9.685818,0.002016,4.402238,-3813.78873,1890746871,12306,1
9.68784,0.002022,4.401151,-3811.60511,1890279796,12307,2
9.691872,0.004032,4.399919,-3809.1302,1889750795,12309,1
9.693895,0.002023,4.400214,-3809.72281,1889877587,12310,1
9.695911,0.002016,4.400874,-3811.04865,1890161043,12311,1
9.697927,0.002016,4.400661,-3810.62077,1890069781,12312,2
9.701965,0.004038,4.401329,-3811.96268,1890356390,12314,1
9.703988,0.002023,4.400659,-3810.61675,1890068521,12315,1
9.706004,0.002016,4.399458,-3808.20411,1889552800,12316,1
9.70802,0.002016,4.399746,-3808.78267,1889676635,12317,2
9.712058,0.004038,4.400724,-3810.74733,1890096800,12319,1
9.714074,0.002016,4.400515,-3810.32748,1890006727,12320,1
9.716096,0.002022,4.401248,-3811.79997,1890321593,12321,1
9.718112,0.002016,4.400856,-3811.0125,1890153287,12322,2
9.722151,0.004039,4.399647,-3808.58379,1889633981,12324,1
9.724167,0.002016,4.399653,-3808.59584,1889636913,12325,1
9.726183,0.002016,4.400774,-3810.84777,1890117972,12326,1
9.728205,0.002022,4.400466,-3810.22904,1889985832,12327,2
9.732237,0.004032,4.401208,-3811.71961,1890304386,12329,1
9.73426,0.002023,4.400972,-3811.24552,1890203010,12330,1
9.736276,0.002016,4.399629,-3808.54763,1889626432,12331,1
9.738292,0.002016,4.39956,-3808.40902,1889596521,12332,1
9.740314,0.002022,4.400646,-3810.59064,1890063275,12333,2
9.744346,0.004032,4.400198,-3809.69067,1889870643,12335,1
9.746368,0.002022,4.400965,-3811.23146,1890200148,12336,1
9.748384,0.002016,4.400801,-3810.90201,1890129607,12337,1
9.7504,0.002016,4.399377,-3808.0414,1889518028,12338,2
9.754439,0.004039,4.398994,-3807.27201,1889353219,12340,1
9.756455,0.002016,4.400127,-3809.54804,1889840086,12341,1
9.758477,0.002022,4.399799,-3808.88913,1889699387,12342,1
9.760493,0.002016,4.400306,-3809.90762,1889916931,12343,2
9.764532,0.004039,4.400502,-3810.30136,1890001210,12345,1
9.766548,0.002016,4.399329,-3807.94497,1889497407,12346,1
9.768564,0.002016,4.398927,-3807.13741,1889324958,12347,1
9.770586,0.002022,4.4001,-3809.4938,1889828734,12348,2
9.774618,0.004032,4.399891,-3809.07395,1889738696,12350,1
9.77664,0.002022,4.400173,-3809.64045,1889859760,12351,1
9.778656,0.002016,4.400303,-3809.9016,1889915659,12352,1
9.780672,0.002016,4.399175,-3807.63561,1889431044,12353,1
9.782695,0.002023,4.39871,-3806.70149,1889231553,12354,2
9.786727,0.004032,4.399772,-3808.8349,1889687612,12356,1
9.788749,0.002022,4.399733,-3808.75655,1889670855,12357,1
9.790765,0.002016,4.400116,-3809.52594,1889835476,12358,1
9.792781,0.002016,4.400465,-3810.22703,1889985146,12359,2
9.79682,0.004039,4.399473,-3808.23425,1889559385,12361,1
9.798836,0.002016,4.39881,-3806.90238,1889274781,12362,1
9.800858,0.002022,4.399819,-3808.92931,1889707808,12363,1
9.802874,0.002016,4.399972,-3809.23667,1889773757,12364,2
9.806912,0.004038,4.40009,-3809.47371,1889824442,12366,1
9.808928,0.002016,4.400287,-3809.86946,1889908827,12367,1
9.810944,0.002016,4.399129,-3807.5432,1889411440,12368,1
9.812967,0.002023,4.398262,-3805.80152,1889038992,12369,2
9.816999,0.004032,4.398952,-3807.18763,1889335448,12371,1
9.819021,0.002022,4.399054,-3807.39254,1889379278,12372,1
9.821037,0.002016,4.399045,-3807.37446,1889375354,12373,1
9.823053,0.002016,4.399336,-3807.95903,1889500520,12374,1
9.825076,0.002023,4.398598,-3806.4765,1889183429,12375,2
9.829108,0.004032,4.397713,-3804.69866,1888803338,12377,1
9.83113,0.002022,4.398366,-3806.01044,1889083748,12378,1
9.833146,0.002016,4.398748,-3806.77783,1889248040,12379,1
9.835162,0.002016,4.398758,-3806.79792,1889252104,12380,2
9.8392,0.004038,4.399321,-3807.9289,1889493745,12382,1
9.841216,0.002016,4.398597,-3806.47449,1889183075,12383,1
9.843239,0.002023,4.39766,-3804.59219,1888780711,12384,1
9.845255,0.002016,4.398226,-3805.7292,1889023622,12385,2
9.849293,0.004038,4.399027,-3807.3383,1889367812,12387,1
9.851309,0.002016,4.398908,-3807.09924,1889316433,12388,1
9.853325,0.002016,4.399416,-3808.11974,1889534890,12389,1
9.855348,0.002023,4.398814,-3806.91041,1889276079,12390,2
9.85938,0.004032,4.397541,-3804.35314,1888729189,12392,1
9.861402,0.002022,4.397824,-3804.92164,1888851149,12393,1
9.863418,0.002016,4.398626,-3806.53275,1889195463,12394,1
9.865434,0.002016,4.398241,-3805.75934,1889030057,12395,1
9.867456,0.002022,4.39876,-3806.80193,1889253003,12396,2
9.871488,0.004032,4.398199,-3805.67497,1889012250,12398,1
9.873511,0.002023,4.396871,-3803.0072,1888441570,12399,1
9.875527,0.002016,4.396971,-3803.20809,1888484593,12400,1
9.877543,0.002016,4.397899,-3805.07231,1888883071,12401,2
9.881581,0.004038,4.397685,-3804.64241,1888791473,12403,1
9.883597,0.002016,4.39821,-3805.69706,1889016632,12404,1
9.88562,0.002023,4.397905,-3805.08436,1888886020,12405,1
9.887636,0.002016,4.396704,-3802.67173,1888370025,12406,2
9.891674,0.004038,4.396629,-3802.52106,1888337850,12408,1
9.89369,0.002016,4.397742,-3804.75692,1888815802,12409,1
9.895706,0.002016,4.397394,-3804.05784,1888666193,12410,1
9.897728,0.002022,4.398049,-3805.37364,1888947605,12411,2
9.90176,0.004032,4.397871,-3805.01606,1888871204,12413,1
9.903783,0.002023,4.396619,-3802.50097,1888333705,12414,1
9.905799,0.002016,4.396519,-3802.30009,1888290644,12415,1
9.907815,0.002016,4.397687,-3804.64643,1888792299,12416,2
9.911853,0.004038,4.397366,-3804.00159,1888654040,12418,1
9.913876,0.002023,4.397973,-3805.22096,1888914910,12419,1
9.915892,0.002016,4.397889,-3805.05222,1888878699,12420,1
9.917908,0.002016,4.396525,-3802.31214,1888293158,12421,1
9.919924,0.002016,4.396188,-3801.63516,1888148197,12422,2
9.923962,0.004038,4.397434,-3804.13819,1888683482,12424,1
9.925984,0.002022,4.39711,-3803.48732,1888544098,12425,1
9.928,0.002016,4.397589,-3804.44956,1888750058,12426,1
9.930016,0.002016,4.397772,-3804.81718,1888828529,12427,2
9.934055,0.004039,4.39648,-3802.22174,1888273630,12429,1
9.936071,0.002016,4.396027,-3801.31173,1888079043,12430,1
9.938093,0.002022,4.39713,-3803.5275,1888552758,12431,1
9.940109,0.002016,4.39691,-3803.08555,1888458621,12432,2
9.944148,0.004039,4.397182,-3803.63196,1888575209,12434,1
9.946164,0.002016,4.397496,-3804.26274,1888709994,12435,1
9.94818,0.002016,4.396402,-3802.06505,1888240249,12436,1
9.950202,0.002022,4.395789,-3800.83362,1887977110,12437,2
9.954234,0.004032,4.396755,-3802.77418,1888392088,12439,1
9.956256,0.002022,4.396851,-3802.96703,1888432856,12440,1
9.958272,0.002016,4.397127,-3803.52147,1888551808,12441,1
9.960288,0.002016,4.397504,-3804.27881,1888713552,12442,1
9.962311,0.002023,4.396351,-3801.9626,1888218386,12443,2
9.966343,0.004032,4.395612,-3800.47805,1887901011,12445,1
9.968365,0.002022,4.396544,-3802.35031,1888301038,12446,1
9.970381,0.002016,4.396773,-3802.81034,1888399819,12447,1
9.972397,0.002016,4.39705,-3803.36679,1888518535,12448,2
9.976436,0.004039,4.397529,-3804.32903,1888724057,12450,1
9.978452,0.002016,4.396633,-3802.5291,1888339441,12451,1
9.980474,0.002022,4.395825,-3800.90594,1887992765,12452,1
9.98249,0.002016,4.3966,-3802.4628,1888325378,12453,2
9.986528,0.004038,4.396974,-3803.21412,1888485700,12455,1
9.988544,0.002016,4.39694,-3803.14582,1888471140,12456,1
9.99056,0.002016,4.397422,-3804.11408,1888678409,12457,1
9.992583,0.002023,4.396593,-3802.44874,1888322206,12458,2
9.996615,0.004032,4.395786,-3800.8276,1887975764,12460,1
9.998637,0.002022,4.39647,-3802.20165,1888269624,12461,1
10.000653,0.002016,4.396953,-3803.17193,1888476713,12462,1
10.002669,0.002016,4.396855,-3802.97506,1888434928,12463,1
10.004692,0.002023,4.397606,-3804.48371,1888757686,12464,2
10.008724,0.004032,4.397001,-3803.26836,1888497384,12466,1
10.010746,0.002022,4.39582,-3800.8959,1887990426,12467,1
10.012762,0.002016,4.396286,-3801.83202,1888190210,12468,1
10.014778,0.002016,4.397086,-3803.43911,1888534126,12469,2
10.018816,0.004038,4.396919,-3803.10363,1888462218,12471,1
10.020832,0.002016,4.397557,-3804.38528,1888736299,12472,1
10.022855,0.002023,4.397107,-3803.48129,1888543278,12473,1
10.024871,0.002016,4.39612,-3801.49855,1888119189,12474,2
10.028909,0.004038,4.396496,-3802.25388,1888280833,12476,1
10.030925,0.002016,4.397492,-3804.2547,1888708421,12477,1
10.032948,0.002023,4.397155,-3803.57772,1888563531,12478,1
10.034964,0.002016,4.397716,-3804.70469,1888804564,12479,2
10.039002,0.004038,4.397264,-3803.79668,1888610729,12481,1
10.041018,0.002016,4.39599,-3801.2374,1888063286,12482,1
10.043034,0.002016,4.395903,-3801.06263,1888025696,12483,1
10.045056,0.002022,4.396868,-3803.00118,1888440361,12484,1
10.047072,0.002016,4.396468,-3802.19764,1888268495,12485,2
10.051111,0.004039,4.397079,-3803.42505,1888531343,12487,1
10.053127,0.002016,4.396875,-3803.01524,1888443651,12488,1
10.055149,0.002022,4.395624,-3800.50216,1887906297,12489,1
10.057165,0.002016,4.395527,-3800.3073,1887864428,12490,2
10.061204,0.004039,4.396695,-3802.65365,1888365965,12492,1
10.06322,0.002016,4.396397,-3802.05501,1888238099,12493,1
10.065236,0.002016,4.397056,-3803.37884,1888521266,12494,1
10.067258,0.002022,4.396959,-3803.18398,1888479472,12495,2
10.07129,0.004032,4.395714,-3800.68296,1887944925,12497,1
10.073312,0.002022,4.395499,-3800.25105,1887852503,12498,1
10.075328,0.002016,4.396643,-3802.54919,1888343740,12499,1
10.077344,0.002016,4.396382,-3802.02487,1888231554,12500,2
10.081383,0.004039,4.397018,-3803.30251,1888505058,12502,1
10.083399,0.002016,4.397088,-3803.44313,1888534857,12503,1
10.085421,0.002022,4.395799,-3800.85371,1887981174,12504,1
10.087437,0.002016,4.395449,-3800.15061,1887830861,12505,2
10.091476,0.004039,4.396648,-3802.55923,1888345931,12507,1
10.093492,0.002016,4.396388,-3802.03693,1888234165,12508,1
10.095514,0.002022,4.397069,-3803.40496,1888526790,12509,1
10.09753,0.002016,4.397331,-3803.93128,1888639183,12510,1
10.099546,0.002016,4.395934,-3801.12491,1888039180,12511,2
10.103584,0.004038,4.395398,-3800.04816,1887808974,12513,1
10.1056,0.002016,4.39657,-3802.40254,1888312339,12514,1
10.107623,0.002023,4.396355,-3801.97063,1888219848,12515,1
10.109639,0.002016,4.396687,-3802.63757,1888362470,12516,2
10.113677,0.004038,4.397055,-3803.37683,1888520795,12518,1
10.115693,0.002016,4.39583,-3800.91599,1887994740,12519,1
10.117716,0.002023,4.395185,-3799.62027,1887717715,12520,1
10.119732,0.002016,4.39627,-3801.79988,1888183633,12521,2
10.12377,0.004038,4.396307,-3801.87421,1888199506,12523,1
10.125786,0.002016,4.396574,-3802.41057,1888314269,12524,1
10.127808,0.002022,4.396998,-3803.26233,1888496510,12525,1
10.129824,0.002016,4.395951,-3801.15906,1888046406,12526,2
10.133863,0.004039,4.395309,-3799.86937,1887770701,12528,1
10.135879,0.002016,4.396293,-3801.84609,1888193277,12529,1
10.137895,0.002016,4.39654,-3802.34227,1888299395,12530,1
10.139917,0.002022,4.396606,-3802.47486,1888328038,12531,1
10.141933,0.002016,4.397169,-3803.60584,1888569840,12532,2
10.145972,0.004039,4.396123,-3801.50458,1888120503,12534,1
10.147988,0.002016,4.395265,-3799.78098,1887751759,12535,1
10.150004,0.002016,4.396022,-3801.30169,1888077013,12536,1
10.152026,0.002022,4.396333,-3801.92644,1888210669,12537,2
10.156064,0.004038,4.396284,-3801.82801,1888189529,12539,1
10.15808,0.002016,4.396835,-3802.93489,1888426238,12540,1
10.160096,0.002016,4.395993,-3801.24343,1888064534,12541,1
10.162119,0.002023,4.395147,-3799.54394,1887701298,12542,2
10.166151,0.004032,4.395705,-3800.66488,1887940993,12544,1
10.168173,0.002022,4.39643,-3802.1213,1888252230,12545,1
10.170189,0.002016,4.39634,-3801.9405,1888213630,12546,1
10.172205,0.002016,4.396797,-3802.85855,1888409913,12547,2
10.176244,0.004039,4.396085,-3801.42824,1888103992,12549,1
10.17826,0.002016,4.394857,-3798.96137,1887576715,12550,1
10.180282,0.002022,4.395289,-3799.82919,1887762281,12551,1
10.182298,0.002016,4.396086,-3801.43025,1888104719,12552,1
10.18432,0.002022,4.395869,-3800.99433,1888011458,12553,2
10.188352,0.004032,4.396579,-3802.42062,1888316278,12555,1
10.190375,0.002023,4.396132,-3801.52266,1888124204,12556,1
10.192391,0.002016,4.394967,-3799.18234,1887623889,12557,1
10.194407,0.002016,4.395175,-3799.60018,1887713123,12558,2
10.198445,0.004038,4.396205,-3801.66931,1888155954,12560,1
10.200461,0.002016,4.395889,-3801.03451,1888020082,12561,1
10.202484,0.002023,4.396531,-3802.32419,1888295702,12562,1
10.2045,0.002016,4.396369,-3801.99876,1888226031,12563,2
10.208538,0.004038,4.39529,-3799.8312,1887762920,12565,1
10.210554,0.002016,4.395379,-3800.00999,1887800806,12566,1
10.212576,0.002022,4.396565,-3802.39249,1888310316,12567,1
10.214592,0.002016,4.396286,-3801.83202,1888190203,12568,2
10.218631,0.004039,4.397018,-3803.30251,1888505002,12570,1
10.220647,0.002016,4.396762,-3802.78824,1888394788,12571,1
10.222663,0.002016,4.395461,-3800.17472,1887835997,12572,1
10.224685,0.002022,4.395295,-3799.84125,1887764634,12573,1
10.226701,0.002016,4.396466,-3802.19362,1888267735,12574,2
10.23074,0.004039,4.396132,-3801.52266,1888124394,12576,1
10.232756,0.002016,4.396616,-3802.49495,1888331865,12577,1
10.234772,0.002016,4.396468,-3802.19764,1888268553,12578,1
10.236794,0.002022,4.395168,-3799.58612,1887710397,12579,2
10.240826,0.004032,4.394838,-3798.9232,1887568782,12581,1
10.242848,0.002022,4.395892,-3801.04053,1888021374,12582,1
10.244864,0.002016,4.395538,-3800.3294,1887869012,12583,1
10.24688,0.002016,4.3962,-3801.65926,1888153413,12584,2
10.250919,0.004039,4.39641,-3802.08112,1888243467,12586,1
10.252941,0.002022,4.395004,-3799.25667,1887640122,12587,1
10.254957,0.002016,4.394682,-3798.60982,1887501570,12588,1
10.256973,0.002016,4.395733,-3800.72113,1887952870,12589,2
10.261012,0.004039,4.395352,-3799.95575,1887789558,12591,1
10.263028,0.002016,4.395736,-3800.72715,1887954191,12592,1
10.26505,0.002022,4.396057,-3801.372,1888091951,12593,1
10.267066,0.002016,4.394773,-3798.79262,1887540623,12594,2
10.271104,0.004038,4.394221,-3797.68374,1887303674,12596,1
10.27312,0.002016,4.395365,-3799.98187,1887794893,12597,1
10.275136,0.002016,4.39547,-3800.1928,1887839688,12598,1
10.277159,0.002023,4.395998,-3801.25347,1888066763,12599,1
10.279175,0.002016,4.396528,-3802.31817,1888294327,12600,2
10.283213,0.004038,4.395502,-3800.25708,1887853678,12602,1
10.285229,0.002016,4.39491,-3799.06784,1887599495,12603,1
10.287252,0.002023,4.395964,-3801.18517,1888052049,12604,1
10.289268,0.002016,4.396261,-3801.7818,1888179591,12605,2
10.293306,0.004038,4.396563,-3802.38848,1888309540,12607,1
10.295322,0.002016,4.396955,-3803.17595,1888477730,12608,1
10.297338,0.002016,4.396021,-3801.29968,1888076771,12609,1
10.29936,0.002022,4.395217,-3799.68456,1887731494,12610,2
10.303392,0.004032,4.396034,-3801.32579,1888082220,12612,1
10.305415,0.002023,4.396334,-3801.92845,1888211223,12613,1
10.307431,0.002016,4.396305,-3801.87019,1888198465,12614,1
10.309447,0.002016,4.396878,-3803.02127,1888444802,12615,2
10.313485,0.004038,4.396022,-3801.30169,1888077040,12617,1
10.315501,0.002016,4.395152,-3799.55398,1887703601,12618,1
10.317524,0.002023,4.395875,-3801.00638,1888013999,12619,1
10.31954,0.002016,4.396459,-3802.17956,1888264607,12620,1
10.321556,0.002016,4.396468,-3802.19764,1888268752,12621,2
10.325594,0.004038,4.397029,-3803.3246,1888509441,12623,1
10.327616,0.002022,4.396249,-3801.7577,1888174471,12624,1
10.329632,0.002016,4.39526,-3799.77094,1887749773,12625,1
10.331648,0.002016,4.395952,-3801.16107,1888046905,12626,2
10.335687,0.004039,4.396866,-3802.99716,1888439475,12628,1
10.337703,0.002016,4.396722,-3802.70788,1888377722,12629,1
10.339725,0.002022,4.397357,-3803.98351,1888650658,12630,1
10.341741,0.002016,4.396615,-3802.49294,1888331489,12631,2
10.34578,0.004039,4.395516,-3800.2852,1887859759,12633,1
10.347796,0.002016,4.395813,-3800.88183,1887987490,12634,1
10.349812,0.002016,4.396828,-3802.92082,1888423264,12635,1
10.351834,0.002022,4.396726,-3802.71592,1888379281,12636,2
10.355866,0.004032,4.397528,-3804.32702,1888723722,12638,1
10.357888,0.002022,4.397132,-3803.53152,1888553711,12639,1
10.359904,0.002016,4.395976,-3801.20928,1888057176,12640,1
10.36192,0.002016,4.396158,-3801.57489,1888135236,12641,1
10.363943,0.002023,4.397237,-3803.74245,1888599003,12642,2
10.367975,0.004032,4.396826,-3802.91681,1888422411,12644,1
10.369997,0.002022,4.397453,-3804.17636,1888691607,12645,1
10.372013,0.002016,4.397193,-3803.65406,1888580048,12646,1
10.374036,0.002023,4.395967,-3801.1912,1888053459,12647,2
10.378068,0.004032,4.396228,-3801.71551,1888165366,12649,1
10.380084,0.002016,4.397504,-3804.27881,1888713465,12650,1
10.382106,0.002022,4.39725,-3803.76856,1888604674,12651,1
10.384122,0.002016,4.39799,-3805.25511,1888922205,12652,2
10.38816,0.004038,4.397911,-3805.09641,1888888246,12654,1
10.390176,0.002016,4.39676,-3802.78422,1888394112,12655,1
10.392592,0.002416,4.396569,-3802.40053,1888312051,12656,1
10.394212,0.00162,4.397658,-3804.58817,1888779733,12657,2
10.39825,0.004038,4.397342,-3803.95338,1888644138,12659,1
10.400272,0.002022,4.397969,-3805.21293,1888913310,12660,1
10.402288,0.002016,4.39802,-3805.31538,1888935316,12661,1
10.404304,0.002016,4.396902,-3803.06948,1888455040,12662,1
10.406327,0.002023,4.396769,-3802.8023,1888397981,12663,2
10.410359,0.004032,4.39805,-3805.37565,1888947946,12665,1
10.412381,0.002022,4.398055,-3805.38569,1888950328,12666,1
10.414397,0.002016,4.398709,-3806.69948,1889231187,12667,1
10.41642,0.002023,4.398944,-3807.17156,1889332262,12668,2
10.420452,0.004032,4.397621,-3804.51385,1888763595,12670,1
10.422474,0.002022,4.396914,-3803.09359,1888460114,12671,1
10.42449,0.002016,4.397897,-3805.06829,1888882457,12672,1
10.426506,0.002016,4.397709,-3804.69063,1888801570,12673,2
10.430544,0.004038,4.398091,-3805.45801,1888965669,12675,1
10.43256,0.002016,4.398323,-3805.92406,1889065531,12676,1
10.434583,0.002023,4.397159,-3803.58575,1888565241,12677,1
10.436599,0.002016,4.396705,-3802.67373,1888370288,12678,2
10.440637,0.004038,4.39776,-3804.79308,1888823712,12680,1
10.442653,0.002016,4.397723,-3804.71875,1888807682,12681,1
10.444676,0.002023,4.397933,-3805.14061,1888898035,12682,1
10.446692,0.002016,4.398405,-3806.08879,1889100367,12683,2
10.450724,0.004032,4.397228,-3803.72437,1888594910,12685,1
10.452746,0.002022,4.396345,-3801.95055,1888215949,12686,1
10.454762,0.002016,4.397289,-3803.84691,1888621340,12687,1
10.456784,0.002022,4.397602,-3804.47568,1888755675,12688,1
10.4588,0.002016,4.397781,-3804.83526,1888832548,12689,2
10.462839,0.004039,4.39822,-3805.71715,1889021152,12691,1
10.464855,0.002016,4.397406,-3804.08194,1888671563,12692,1
10.466871,0.002016,4.396671,-3802.60543,1888355773,12693,1
10.468893,0.002022,4.39765,-3804.5721,1888776426,12694,2
10.472925,0.004032,4.398232,-3805.74126,1889026515,12696,1
10.474948,0.002023,4.398423,-3806.12495,1889108278,12697,1
10.476964,0.002016,4.398987,-3807.25794,1889350343,12698,1
10.47898,0.002016,4.398264,-3805.80554,1889039959,12699,2
10.483018,0.004038,4.397326,-3803.92123,1888637141,12701,1
10.485034,0.002016,4.398026,-3805.32743,1888937490,12702,1
10.487056,0.002022,4.398707,-3806.69546,1889230514,12703,1
10.489072,0.002016,4.398703,-3806.68743,1889228278,12704,2
10.493111,0.004039,4.399219,-3807.724,1889450128,12706,1
10.495127,0.002016,4.398642,-3806.56489,1889202374,12707,1
10.497143,0.002016,4.397698,-3804.66853,1888796980,12708,1
10.499165,0.002022,4.397944,-3805.16271,1888902749,12709,1
10.501181,0.002016,4.398552,-3806.38409,1889163785,12710,2
10.50522,0.004039,4.398423,-3806.12495,1889108296,12712,1
10.507236,0.002016,4.398908,-3807.09924,1889316643,12713,1
10.509252,0.002016,4.3983,-3805.87786,1889055505,12714,1
10.511274,0.002022,4.397224,-3803.71633,1888593367,12715,2
10.515306,0.004032,4.397492,-3804.2547,1888708648,12717,1
10.517328,0.002022,4.398372,-3806.0225,1889086291,12718,1
10.519344,0.002016,4.39793,-3805.13458,1888896673,12719,1
10.52136,0.002016,4.398427,-3806.13298,1889109874,12720,2
10.525399,0.004039,4.398125,-3805.52631,1888980088,12722,1
10.527415,0.002016,4.397001,-3803.26836,1888497546,12723,1
10.529437,0.002022,4.39722,-3803.7083,1888591686,12724,1
10.531453,0.002016,4.398493,-3806.26557,1889138159,12725,2
10.535492,0.004039,4.398199,-3805.67497,1889011820,12727,1
10.537508,0.002016,4.398913,-3807.10929,1889318765,12728,1
10.539524,0.002016,4.398843,-3806.96867,1889288556,12729,1
10.541546,0.002022,4.397544,-3804.35916,1888730973,12730,1
10.543562,0.002016,4.397339,-3803.94735,1888642790,12731,2
10.5476,0.004038,4.398469,-3806.21736,1889127909,12733,1
10.549616,0.002016,4.398139,-3805.55443,1888986372,12734,1
10.551639,0.002023,4.398634,-3806.54882,1889199101,12735,1
10.553655,0.002016,4.398726,-3806.73363,1889238486,12736,2
10.557693,0.004038,4.397491,-3804.2527,1888708015,12738,1
10.559709,0.002016,4.397282,-3803.83284,1888618358,12739,1
10.561725,0.002016,4.398515,-3806.30976,1889147751,12740,1
10.563748,0.002023,4.398347,-3805.97228,1889075879,12741,2
10.56778,0.004032,4.39884,-3806.96264,1889287458,12743,1
10.569802,0.002022,4.398937,-3807.1575,1889328889,12744,1
10.571818,0.002016,4.397707,-3804.68661,1888800681,12745,1
10.573834,0.002016,4.397353,-3803.97547,1888648627,12746,2
10.577872,0.004038,4.39857,-3806.42025,1889171517,12748,1
10.579888,0.002016,4.39838,-3806.03857,1889089652,12749,1
10.581911,0.002023,4.398827,-3806.93653,1889281506,12750,1
10.583927,0.002016,4.399035,-3807.35437,1889371143,12751,1
10.585949,0.002022,4.397804,-3804.88147,1888842476,12752,2
10.589981,0.004032,4.397365,-3803.99958,1888653832,12754,1
10.592004,0.002023,4.398491,-3806.26155,1889137691,12755,1
10.59402,0.002016,4.398335,-3805.94817,1889070763,12756,1
10.596036,0.002016,4.398746,-3806.77381,1889246932,12757,2
10.600074,0.004038,4.399086,-3807.45682,1889393134,12759,1
10.60209,0.002016,4.397966,-3805.2069,1888911977,12760,1
10.604112,0.002022,4.397366,-3804.00159,1888654134,12761,1
10.606128,0.002016,4.398539,-3806.35798,1889158001,12762,2
10.610167,0.004039,4.398623,-3806.52672,1889194075,12764,1
10.612183,0.002016,4.398994,-3807.27201,1889353245,12765,1
10.614199,0.002016,4.399511,-3808.31058,1889575825,12766,1
10.616221,0.002022,4.398451,-3806.1812,1889120500,12767,2
10.620253,0.004032,4.397828,-3804.92968,1888852698,12769,1
10.622276,0.002023,4.398794,-3806.87023,1889267397,12770,1
10.624292,0.002016,4.398904,-3807.09121,1889314971,12771,1
10.626308,0.002016,4.39902,-3807.32424,1889364724,12772,2
10.630346,0.004038,4.399468,-3808.2242,1889557316,12774,1
10.632362,0.002016,4.39838,-3806.03857,1889089745,12775,1
10.634384,0.002022,4.397541,-3804.35314,1888729401,12776,1
10.6364,0.002016,4.398103,-3805.48211,1888970864,12777,1
10.638416,0.002016,4.398593,-3806.46645,1889181543,12778,2
10.642455,0.004039,4.398612,-3806.50462,1889189399,12780,1
10.644471,0.002016,4.399101,-3807.48695,1889399429,12781,1
10.646493,0.002022,4.398272,-3805.82161,1889043346,12782,1
10.648509,0.002016,4.397329,-3803.92726,1888638484,12783,2
10.652548,0.004039,4.397924,-3805.12253,1888893990,12785,1
10.654564,0.002016,4.398692,-3806.66533,1889223848,12786,1
10.65658,0.002016,4.398689,-3806.6593,1889222656,12787,1
10.658602,0.002022,4.399268,-3807.82243,1889471311,12788,2
10.662634,0.004032,4.398698,-3806.67738,1889226227,12790,1
10.664656,0.002022,4.397641,-3804.55402,1888772377,12791,1
10.666672,0.002016,4.397879,-3805.03213,1888874590,12792,1
10.668688,0.002016,4.39866,-3806.60105,1889210165,12793,2
10.672727,0.004039,4.398468,-3806.21535,1889127520,12795,1
10.674743,0.002016,4.399001,-3807.28607,1889356512,12796,1
10.676765,0.002022,4.398585,-3806.45038,1889177730,12797,1
10.678781,0.002016,4.397398,-3804.06587,1888668088,12798,1
10.680797,0.002016,4.39761,-3804.49175,1888759007,12799,2
10.684836,0.004039,4.398695,-3806.67136,1889225089,12801,1
10.686852,0.002016,4.398393,-3806.06468,1889095258,12802,1
10.688874,0.002022,4.399072,-3807.4287,1889387110,12803,1
10.69089,0.002016,4.39886,-3807.00282,1889296090,12804,2
10.694928,0.004038,4.397724,-3804.72076,1888807910,12806,1
10.696944,0.002016,4.397974,-3805.22297,1888915471,12807,1
10.69896,0.002016,4.399238,-3807.76217,1889458421,12808,1
10.700983,0.002023,4.398926,-3807.1354,1889324256,12809,2
10.705015,0.004032,4.399498,-3808.28447,1889569927,12811,1
10.707037,0.002022,4.399275,-3807.83649,1889474017,12812,1
10.709053,0.002016,4.397831,-3804.93571,1888853844,12813,1
10.711076,0.002023,4.397651,-3804.57411,1888776545,12814,2
10.715108,0.004032,4.398738,-3806.75774,1889243726,12816,1
10.717124,0.002016,4.398301,-3805.87987,1889055719,12817,1
10.719146,0.002022,4.398953,-3807.18964,1889335908,12818,1
10.721162,0.002016,4.398914,-3807.1113,1889319095,12819,1
10.723178,0.002016,4.397629,-3804.52992,1888767104,12820,2
10.727216,0.004038,4.397371,-3804.01163,1888656448,12822,1
10.729232,0.002016,4.398587,-3806.4544,1889178709,12823,1
10.731255,0.002023,4.398497,-3806.2736,1889140077,12824,1
10.733271,0.002016,4.399079,-3807.44276,1889390147,12825,2
10.737309,0.004038,4.399266,-3807.81841,1889470153,12827,1
10.739325,0.002016,4.397982,-3805.23904,1888918831,12828,1
10.741348,0.002023,4.397439,-3804.14823,1888685888,12829,1
10.743364,0.002016,4.398455,-3806.18923,1889121943,12830,2
10.747396,0.004032,4.398321,-3805.92005,1889064416,12832,1
10.749418,0.002022,4.398702,-3806.68542,1889228202,12833,1
10.751434,0.002016,4.398895,-3807.07313,1889310834,12834,1
10.753456,0.002022,4.397597,-3804.46563,1888753486,12835,2
10.757488,0.004032,4.396958,-3803.18197,1888479050,12837,1
10.759511,0.002023,4.398087,-3805.44997,1888963732,12838,1
10.761527,0.002016,4.398166,-3805.60867,1888997736,12839,1
10.763543,0.002016,4.398712,-3806.70551,1889232343,12840,2
10.767581,0.004038,4.399138,-3807.56128,1889415211,12842,1
10.769597,0.002016,4.398063,-3805.40176,1888953460,12843,1
10.77162,0.002023,4.397532,-3804.33506,1888725445,12844,1
10.773636,0.002016,4.398652,-3806.58498,1889206593,12845,1
10.775652,0.002016,4.398809,-3806.90037,1889274398,12846,2
10.77969,0.004038,4.399179,-3807.64364,1889433201,12848,1
10.781706,0.002016,4.399712,-3808.71436,1889661766,12849,1
10.783728,0.002022,4.398523,-3806.32583,1889151233,12850,1
10.785744,0.002016,4.397585,-3804.44153,1888748297,12851,2
10.789783,0.004039,4.398385,-3806.04861,1889091926,12853,1
10.791799,0.002016,4.398722,-3806.7256,1889236832,12854,1
10.793815,0.002016,4.398661,-3806.60306,1889210457,12855,1
10.795837,0.002022,4.399189,-3807.66373,1889437526,12856,2
10.799876,0.004039,4.39827,-3805.81759,1889042648,12858,1
10.801892,0.002016,4.397295,-3803.85896,1888624060,12859,1
10.803908,0.002016,4.397979,-3805.23302,1888917808,12860,1
10.80593,0.002022,4.398623,-3806.52672,1889194473,12861,2
10.809962,0.004032,4.398633,-3806.54681,1889198532,12863,1
10.811984,0.002022,4.399301,-3807.88872,1889485145,12864,1
10.814,0.002016,4.398603,-3806.48654,1889185759,12865,1
10.816016,0.002016,4.397576,-3804.42345,1888744734,12866,1
10.818039,0.002023,4.398032,-3805.33949,1888940159,12867,2
10.822071,0.004032,4.398871,-3807.02492,1889300811,12869,1
10.824093,0.002022,4.398807,-3806.89635,1889273195,12870,1
10.826109,0.002016,4.399333,-3807.95301,1889499369,12871,1
10.828125,0.002016,4.39867,-3806.62114,1889214206,12872,2
10.832164,0.004039,4.397626,-3804.52389,1888766007,12874,1
10.83418,0.002016,4.397949,-3805.17275,1888904607,12875,1
10.836196,0.002016,4.39874,-3806.76176,1889244532,12876,1
10.838218,0.002022,4.39838,-3806.03857,1889090010,12877,2
10.84225,0.004032,4.398991,-3807.26598,1889352114,12879,1
10.844272,0.002022,4.39859,-3806.46043,1889179841,12880,1
10.846288,0.002016,4.397421,-3804.11208,1888678187,12881,1
10.848304,0.002016,4.397536,-3804.34309,1888727156,12882,2
10.852343,0.004039,4.398494,-3806.26758,1889138691,12884,1
10.854359,0.002016,4.398367,-3806.01245,1889084096,12885,1
10.856381,0.002022,4.398995,-3807.27401,1889354073,12886,1
10.858397,0.002016,4.398675,-3806.63118,1889216318,12887,1
10.860413,0.002016,4.39744,-3804.15024,1888686160,12888,2
10.864452,0.004039,4.397472,-3804.21453,1888699919,12890,1
10.866468,0.002016,4.398518,-3806.31579,1889149179,12891,1
10.86849,0.002022,4.398127,-3805.53033,1888980945,12892,1
10.870506,0.002016,4.398737,-3806.75573,1889243244,12893,2
10.874544,0.004038,4.398625,-3806.53074,1889195060,12895,1
10.87656,0.002016,4.397188,-3803.64401,1888577746,12896,1
10.878576,0.002016,4.396831,-3802.92685,1888424269,12897,1
10.880599,0.002023,4.397851,-3804.97588,1888862804,12898,2
10.884631,0.004032,4.397477,-3804.22457,1888701870,12900,1
10.886653,0.002022,4.397814,-3804.90156,1888846820,12901,1
10.888669,0.002016,4.397756,-3804.78504,1888821781,12902,1
10.890692,0.002023,4.39638,-3802.02086,1888231077,12903,2
10.894724,0.004032,4.396013,-3801.28361,1888073406,12905,1
10.89674,0.002016,4.39735,-3803.96945,1888647332,12906,1
10.898762,0.002022,4.397273,-3803.81476,1888614100,12907,1
10.900778,0.002016,4.39786,-3804.99396,1888866545,12908,1
10.902794,0.002016,4.398164,-3805.60466,1888997103,12909,2
10.906832,0.004038,4.397069,-3803.40496,1888526626,12911,1
10.908848,0.002016,4.396573,-3802.40857,1888313671,12912,1
10.910871,0.002023,4.397635,-3804.54197,1888769567,12913,1
10.912887,0.002016,4.397516,-3804.30292,1888718568,12914,2
10.916925,0.004038,4.397811,-3804.89553,1888845307,12916,1
10.918941,0.002016,4.397994,-3805.26315,1888923921,12917,1
10.920957,0.002016,4.396819,-3802.90274,1888419474,12918,1
10.92298,0.002023,4.396101,-3801.46039,1888110953,12919,2
10.927012,0.004032,4.396889,-3803.04336,1888449305,12921,1
10.929034,0.002022,4.396838,-3802.94091,1888427624,12922,1
10.93105,0.002016,4.397151,-3803.56968,1888561762,12923,1
10.933066,0.002016,4.397479,-3804.22859,1888703029,12924,2
10.937104,0.004038,4.396287,-3801.83403,1888190633,12926,1
10.93912,0.002016,4.39571,-3800.67492,1887942987,12927,1
10.941143,0.002023,4.396741,-3802.74605,1888385825,12928,1
10.943159,0.002016,4.39687,-3803.0052,1888441266,12929,2
10.947197,0.004038,4.397086,-3803.43911,1888533897,12931,1
10.949213,0.002016,4.397501,-3804.27278,1888712247,12932,1
10.951229,0.002016,4.396511,-3802.28402,1888287231,12933,1
10.953252,0.002023,4.395541,-3800.33543,1887870650,12934,1
10.955268,0.002016,4.396179,-3801.61708,1888144325,12935,2
10.959306,0.004038,4.396522,-3802.30611,1888291781,12937,1
10.961322,0.002016,4.396727,-3802.71793,1888379657,12938,1
10.963338,0.002016,4.397407,-3804.08395,1888671982,12939,1
10.96536,0.002022,4.396544,-3802.35031,1888301347,12940,2
10.969392,0.004032,4.395606,-3800.466,1887898429,12942,1
10.971408,0.002016,4.396215,-3801.68939,1888159692,12943,1
10.973431,0.002023,4.396798,-3802.86056,1888410423,12944,1
10.975447,0.002016,4.396644,-3802.55119,1888344288,12945,2
10.979485,0.004038,4.3971,-3803.46723,1888540167,12947,1
10.981501,0.002016,4.396483,-3802.22777,1888275140,12948,1
10.983524,0.002023,4.3955,-3800.25306,1887852729,12949,1
10.98554,0.002016,4.395868,-3800.99232,1888011025,12950,2
10.989572,0.004032,4.396717,-3802.69784,1888375559,12952,1
10.991594,0.002022,4.396526,-3802.31415,1888293728,12953,1
10.99361,0.002016,4.397172,-3803.61187,1888570931,12954,1
10.995626,0.002016,4.39669,-3802.6436,1888363969,12955,1
10.997648,0.002022,4.395615,-3800.48408,1887902233,12956,2
11.00168,0.004032,4.395932,-3801.12089,1888038498,12958,1
11.003703,0.002023,4.397058,-3803.38286,1888522028,12959,1
11.005719,0.002016,4.396891,-3803.04738,1888450337,12960,1
11.007735,0.002016,4.397506,-3804.28283,1888714255,12961,2
11.011773,0.004038,4.39712,-3803.50741,1888548874,12963,1
11.013789,0.002016,4.395929,-3801.11486,1888036958,12964,1
11.015812,0.002023,4.395948,-3801.15303,1888045512,12965,1
11.017828,0.002016,4.396935,-3803.13577,1888469525,12966,2
11.021866,0.004038,4.396589,-3802.44071,1888320543,12968,1
11.023882,0.002016,4.397213,-3803.69423,1888588596,12969,1
11.025898,0.002016,4.396993,-3803.25228,1888494258,12970,1
11.02792,0.002022,4.395589,-3800.43185,1887891365,12971,2
11.031952,0.004032,4.395543,-3800.33944,1887871077,12973,1
11.033968,0.002016,4.396781,-3802.82641,1888403376,12974,1
11.035991,0.002023,4.396565,-3802.39249,1888310532,12975,1
11.038007,0.002016,4.397259,-3803.78664,1888608262,12976,1
11.040023,0.002016,4.397205,-3803.67816,1888585399,12977,2
11.044061,0.004038,4.395835,-3800.92603,1887996949,12979,1
11.046084,0.002023,4.3957,-3800.65483,1887938539,12980,1
11.0481,0.002016,4.396919,-3803.10363,1888462342,12981,1
11.050116,0.002016,4.396371,-3802.00278,1888226860,12982,2
11.054154,0.004038,4.396831,-3802.92685,1888424549,12984,1
11.05617,0.002016,4.396912,-3803.08957,1888459448,12985,1
11.058186,0.002016,4.395579,-3800.41176,1887886971,12986,1
11.060208,0.002022,4.395225,-3799.70063,1887734653,12987,2
11.06424,0.004032,4.396436,-3802.13335,1888254770,12989,1
11.066263,0.002023,4.396315,-3801.89028,1888202857,12990,1
11.068279,0.002016,4.397068,-3803.40295,1888526043,12991,1
11.070295,0.002016,4.397304,-3803.87704,1888627698,12992,2
11.074333,0.004038,4.395952,-3801.16107,1888047019,12994,1
11.076349,0.002016,4.395372,-3799.99593,1887797945,12995,1
11.078372,0.002023,4.396352,-3801.96461,1888218632,12996,1
11.080388,0.002016,4.396275,-3801.80993,1888185501,12997,2
11.084426,0.004038,4.396662,-3802.58735,1888352106,12999,1
11.086442,0.002016,4.397042,-3803.35072,1888515219,13000,1
11.088458,0.002016,4.395874,-3801.00438,1888013326,13001,1
11.09048,0.002022,4.395229,-3799.70866,1887736455,13002,1
11.092496,0.002016,4.396205,-3801.66931,1888155749,13003,2
11.096535,0.004039,4.39636,-3801.98068,1888222498,13005,1
11.098551,0.002016,4.396828,-3802.92082,1888423200,13006,1
11.100567,0.002016,4.397373,-3804.01565,1888657396,13007,1
11.102589,0.002022,4.396358,-3801.97666,1888221172,13008,2
11.106621,0.004032,4.395633,-3800.52024,1887909983,13010,1
11.108644,0.002023,4.396355,-3801.97063,1888220206,13011,1
11.11066,0.002016,4.396655,-3802.57329,1888348804,13012,1
11.112676,0.002016,4.396753,-3802.77016,1888390855,13013,2
11.116714,0.004038,4.397202,-3803.67214,1888583707,13015,1
11.11873,0.002016,4.396238,-3801.7356,1888169718,13016,1
11.120752,0.002022,4.395381,-3800.01401,1887801492,13017,1
11.122768,0.002016,4.396137,-3801.5327,1888126616,13018,2
11.1268,0.004032,4.396681,-3802.62552,1888359941,13020,1
11.128823,0.002023,4.396761,-3802.78623,1888394488,13021,1
11.130839,0.002016,4.397424,-3804.1181,1888679249,13022,1
11.132855,0.002016,4.396696,-3802.65565,1888366400,13023,1
11.134877,0.002022,4.395652,-3800.55841,1887918293,13024,2
11.138909,0.004032,4.396203,-3801.66529,1888154598,13026,1
11.140932,0.002023,4.396869,-3803.00319,1888441005,13027,1
11.142948,0.002016,4.396611,-3802.4849,1888329799,13028,1
11.144964,0.002016,4.397168,-3803.60383,1888569034,13029,2
11.149002,0.004038,4.396599,-3802.4608,1888324677,13031,1
11.151018,0.002016,4.395537,-3800.32739,1887868924,13032,1
11.15304,0.002022,4.396008,-3801.27356,1888071101,13033,1
11.155056,0.002016,4.396913,-3803.09158,1888459610,13034,2
11.159095,0.004039,4.396719,-3802.70186,1888376535,13036,1
11.161111,0.002016,4.397425,-3804.12011,1888679866,13037,1
11.163127,0.002016,4.397096,-3803.4592,1888538362,13038,1
11.165149,0.002022,4.395948,-3801.15303,1888045444,13039,2
11.169181,0.004032,4.396084,-3801.42623,1888103687,13041,1
11.171204,0.002023,4.397103,-3803.47326,1888541616,13042,1
11.17322,0.002016,4.396895,-3803.05542,1888451954,13043,1
11.175236,0.002016,4.397707,-3804.68661,1888800855,13044,1
11.177258,0.002022,4.397508,-3804.28685,1888715420,13045,2
11.18129,0.004032,4.396325,-3801.91037,1888206933,13047,1
11.183312,0.002022,4.396404,-3802.06907,1888241320,13048,1
11.185328,0.002016,4.397588,-3804.44755,1888749614,13049,1
11.187344,0.002016,4.397305,-3803.87905,1888628023,13050,2
11.191383,0.004039,4.397833,-3804.93972,1888854821,13052,1
11.193399,0.002016,4.397579,-3804.42947,1888745766,13053,1
11.195421,0.002022,4.39636,-3801.98068,1888222450,13054,1
11.197437,0.002016,4.396349,-3801.95858,1888217545,13055,2
11.201476,0.004039,4.397481,-3804.23261,1888703897,13057,1
11.203492,0.002016,4.3971,-3803.46723,1888539956,13058,1
11.205508,0.002016,4.397772,-3804.81718,1888828512,13059,1
11.20753,0.002022,4.397795,-3804.86339,1888838385,13060,2
11.211562,0.004032,4.396437,-3802.13536,1888255401,13062,1
11.213584,0.002022,4.396338,-3801.93648,1888212945,13063,1
11.2156,0.002016,4.397703,-3804.67857,1888799197,13064,1
11.217616,0.002016,4.397546,-3804.36318,1888731564,13065,1
11.219632,0.002016,4.398131,-3805.53836,1888982854,13066,2
11.223671,0.004039,4.398285,-3805.84773,1889049010,13068,1
11.225687,0.002016,4.396955,-3803.17595,1888477714,13069,1
11.227709,0.002022,4.396413,-3802.08715,1888244897,13070,1
11.229725,0.002016,4.39754,-3804.35113,1888729029,13071,2
11.233764,0.004039,4.397396,-3804.06185,1888666978,13073,1
11.23578,0.002016,4.397819,-3804.9116,1888848736,13074,1
11.237802,0.002022,4.3983,-3805.87786,1889055473,13075,1
11.239818,0.002016,4.397339,-3803.94735,1888642893,13076,2
11.243856,0.004038,4.396936,-3803.13778,1888469654,13078,1
11.245872,0.002016,4.39818,-3805.6368,1889003720,13079,1
11.247888,0.002016,4.398193,-3805.66291,1889009680,13080,1
11.249904,0.002016,4.398629,-3806.53877,1889196942,13081,2
11.253943,0.004039,4.398952,-3807.18763,1889335729,13083,1
11.255959,0.002016,4.397765,-3804.80312,1888825829,13084,1
11.257981,0.002022,4.397066,-3803.39893,1888525264,13085,1
11.259997,0.002016,4.398158,-3805.5926,1888994339,13086,2
11.264036,0.004039,4.398503,-3806.28566,1889142733,13088,1
11.266052,0.002016,4.398805,-3806.89233,1889272432,13089,1
11.268068,0.002016,4.39925,-3807.78627,1889463319,13090,1
11.27009,0.002022,4.398355,-3805.98835,1889078920,13091,1
11.272106,0.002016,4.397664,-3804.60023,1888782116,13092,2
11.276144,0.004038,4.398411,-3806.10084,1889103077,13094,1
11.27816,0.002016,4.398608,-3806.49659,1889187636,13095,1
11.280176,0.002016,4.398599,-3806.47851,1889184061,13096,1
11.282199,0.002023,4.399071,-3807.42669,1889386723,13097,2
11.286231,0.004032,4.398159,-3805.59461,1888994709,13099,1
11.288253,0.002022,4.397158,-3803.58375,1888564929,13100,1
11.290269,0.002016,4.397759,-3804.79107,1888823014,13101,1
11.292285,0.002016,4.398437,-3806.15307,1889114264,13102,2
11.296324,0.004039,4.398431,-3806.14102,1889111677,13104,1
11.29834,0.002016,4.399035,-3807.35437,1889371407,13105,1
11.300362,0.002022,4.398397,-3806.07272,1889097248,13106,1
11.302378,0.002016,4.397376,-3804.02168,1888658671,13107,2
11.306416,0.004038,4.397866,-3805.00602,1888869291,13109,1
11.308432,0.002016,4.398585,-3806.45038,1889177811,13110,1
11.310448,0.002016,4.398466,-3806.21133,1889126902,13111,1
11.312471,0.002023,4.399093,-3807.47088,1889395895,13112,1
11.314487,0.002016,4.39864,-3806.56087,1889201516,13113,2
11.318525,0.004038,4.397566,-3804.40336,1888740171,13115,1
11.320541,0.002016,4.398024,-3805.32342,1888936660,13116,1
11.322557,0.002016,4.399042,-3807.36843,1889373901,13117,1
11.32458,0.002023,4.398818,-3806.91845,1889277724,13118,2
11.328612,0.004032,4.399377,-3808.0414,1889518152,13120,1
11.330634,0.002022,4.398981,-3807.24589,1889347766,13121,1
11.33265,0.002016,4.397793,-3804.85937,1888837690,13122,1
11.334672,0.002022,4.39796,-3805.19485,1888909374,13123,2
11.338704,0.004032,4.399019,-3807.32223,1889364145,13125,1
11.34072,0.002016,4.398528,-3806.33588,1889153331,13126,1
11.342743,0.002023,4.398982,-3807.2479,1889348483,13127,1
11.344759,0.002016,4.39875,-3806.78184,1889248851,13128,2
11.348797,0.004038,4.397428,-3804.12614,1888680850,13130,1
11.350813,0.002016,4.397309,-3803.88708,1888629775,13131,1
11.352829,0.002016,4.398302,-3805.88188,1889056071,13132,1
11.354852,0.002023,4.398102,-3805.48011,1888970576,13133,1
11.356868,0.002016,4.398794,-3806.87023,1889267397,13134,2
11.360906,0.004038,4.398615,-3806.51065,1889190711,13136,1
11.362922,0.002016,4.397412,-3804.094,1888673953,13137,1
11.364944,0.002022,4.397193,-3803.65406,1888580201,13138,1
11.36696,0.002016,4.398435,-3806.14906,1889113232,13139,2
11.370992,0.004032,4.398176,-3805.62876,1889002222,13141,1
11.373015,0.002023,4.39886,-3807.00282,1889296265,13142,1
11.375031,0.002016,4.398963,-3807.20973,1889340441,13143,1
11.377053,0.002022,4.397666,-3804.60424,1888783419,13144,2
11.381085,0.004032,4.397358,-3803.98552,1888650929,13146,1
11.383108,0.002023,4.398465,-3806.20932,1889126171,13147,1
11.385124,0.002016,4.398265,-3805.80755,1889040345,13148,1
11.38714,0.002016,4.398772,-3806.82604,1889258393,13149,2
11.391178,0.004038,4.398913,-3807.10929,1889318835,13151,1
11.393194,0.002016,4.397587,-3804.44555,1888749313,13152,1
11.395216,0.002022,4.397058,-3803.38286,1888521935,13153,1
11.397232,0.002016,4.398287,-3805.85174,1889049762,13154,2
11.401664,0.004432,4.398343,-3805.96424,1889073939,13156,1
11.403287,0.001623,4.398947,-3807.17759,1889333340,13157,1
11.405303,0.002016,4.399471,-3808.23023,1889558561,13158,1
11.407325,0.002022,4.398252,-3805.78143,1889034741,13159,1
11.409341,0.002016,4.397625,-3804.52188,1888765287,13160,2
11.41338,0.004039,4.398572,-3806.42427,1889172064,13162,1
11.415396,0.002016,4.398484,-3806.24749,1889134366,13163,1
11.417412,0.002016,4.398597,-3806.47449,1889182790,13164,1
11.419434,0.002022,4.398944,-3807.17156,1889332096,13165,2
11.423472,0.004038,4.397864,-3805.002,1888868091,13167,1
11.425488,0.002016,4.396932,-3803.12974,1888467883,13168,1
11.427504,0.002016,4.397596,-3804.46362,1888753215,13169,1
11.42952,0.002016,4.397841,-3804.95579,1888858172,13170,2
11.433559,0.004039,4.398082,-3805.43993,1888961898,13172,1
11.435581,0.002022,4.398569,-3806.41824,1889170855,13173,1
11.437597,0.002016,4.397608,-3804.48773,1888758260,13174,1
11.439613,0.002016,4.396766,-3802.79627,1888396367,13175,2
11.443652,0.004039,4.397345,-3803.9594,1888645348,13177,1
11.445668,0.002016,4.39772,-3804.71272,1888806410,13178,1
11.44769,0.002022,4.397791,-3804.85535,1888836712,13179,1
11.449706,0.002016,4.398102,-3805.48011,1888970669,13180,1
11.451722,0.002016,4.3972,-3803.66812,1888582880,13181,2
11.45576,0.004038,4.396351,-3801.9626,1888218261,13183,1
11.457776,0.002016,4.396983,-3803.2322,1888489917,13184,1
11.459799,0.002023,4.397537,-3804.3451,1888727954,13185,1
11.461815,0.002016,4.397546,-3804.36318,1888731795,13186,2
11.465853,0.004038,4.398283,-3805.84371,1889048376,13188,1
11.467869,0.002016,4.397731,-3804.73482,1888811120,13189,1
11.469885,0.002016,4.396681,-3802.62552,1888360061,13190,1
11.471908,0.002023,4.39699,-3803.24626,1888492868,13191,2
11.47594,0.004032,4.39784,-3804.95379,1888857913,13193,1
11.477962,0.002022,4.397525,-3804.321,1888722852,13194,1
11.479978,0.002016,4.398029,-3805.33346,1888939135,13195,1
11.481994,0.002016,4.397606,-3804.48371,1888757297,13196,2
11.486032,0.004038,4.396463,-3802.18759,1888266789,13198,1
11.488048,0.002016,4.39679,-3802.84449,1888406939,13199,1
11.490071,0.002023,4.397834,-3804.94173,1888855243,13200,1
11.492087,0.002016,4.397409,-3804.08797,1888672750,13201,1
11.494103,0.002016,4.398096,-3805.46805,1888967965,13202,2
11.498141,0.004038,4.397794,-3804.86138,1888838255,13204,1
11.500164,0.002023,4.396414,-3802.08916,1888245568,13205,1
11.50218,0.002016,4.396395,-3802.05099,1888237218,13206,1
11.504196,0.002016,4.397511,-3804.29287,1888716549,13207,2
11.508234,0.004038,4.397205,-3803.67816,1888585063,13209,1
11.51025,0.002016,4.397598,-3804.46764,1888753956,13210,1
11.512272,0.002022,4.397381,-3804.03172,1888660554,13211,1
11.514288,0.002016,4.396016,-3801.28963,1888074665,13212,2
11.51832,0.004032,4.395942,-3801.14098,1888042490,13214,1
11.520343,0.002023,4.397097,-3803.46121,1888538887,13215,1
11.522359,0.002016,4.396632,-3802.52709,1888339240,13216,1
11.524375,0.002016,4.397153,-3803.5737,1888563043,13217,2
11.528413,0.004038,4.397102,-3803.47125,1888541132,13219,1
11.530436,0.002023,4.395866,-3800.9883,1888009922,13220,1
11.532452,0.002016,4.395538,-3800.3294,1887869399,13221,1
11.534468,0.002016,4.396684,-3802.63155,1888361442,13222,1
11.536484,0.002016,4.396359,-3801.97867,1888221778,13223,2
11.540522,0.004038,4.39699,-3803.24626,1888492654,13225,1
11.542538,0.002016,4.397161,-3803.58977,1888566260,13226,1
11.54456,0.002022,4.395945,-3801.147,1888043948,13227,1
11.546576,0.002016,4.395618,-3800.49011,1887903667,13228,2
11.550615,0.004039,4.396799,-3802.86257,1888410707,13230,1
11.552631,0.002016,4.396515,-3802.29205,1888288924,13231,1
11.554647,0.002016,4.397055,-3803.37683,1888520842,13232,1
11.556669,0.002022,4.397204,-3803.67615,1888584951,13233,2
11.560701,0.004032,4.395891,-3801.03853,1888020863,13235,1
11.562724,0.002023,4.395406,-3800.06423,1887812576,13236,1
11.56474,0.002016,4.396495,-3802.25187,1888280346,13237,1
11.566756,0.002016,4.396282,-3801.82399,1888188725,13238,2
11.570794,0.004038,4.396622,-3802.507,1888334872,13240,1
11.57281,0.002016,4.396991,-3803.24827,1888493414,13241,1
11.574832,0.002022,4.395847,-3800.95014,1888002024,13242,1
11.576848,0.002016,4.395195,-3799.64036,1887721720,13243,2
11.58088,0.004032,4.396163,-3801.58493,1888137507,13245,1
11.582903,0.002023,4.396436,-3802.13335,1888254850,13246,1
11.584919,0.002016,4.396718,-3802.69985,1888376053,13247,1
11.586935,0.002016,4.397064,-3803.39491,1888524812,13248,1
11.588957,0.002022,4.395942,-3801.14098,1888042433,13249,2
11.592989,0.004032,4.395136,-3799.52184,1887696628,13251,1
11.595012,0.002023,4.39577,-3800.79545,1887968860,13252,1
11.597028,0.002016,4.395973,-3801.20325,1888056105,13253,1
11.599044,0.002016,4.396082,-3801.42222,1888102916,13254,2
11.603082,0.004038,4.396619,-3802.50097,1888333715,13256,1
11.605098,0.002016,4.395618,-3800.49011,1887903488,13257,1
11.60712,0.002022,4.394795,-3798.83682,1887550248,13258,1
11.609136,0.002016,4.395581,-3800.41578,1887887647,13259,2
11.613175,0.004039,4.396284,-3801.82801,1888189396,13261,1
11.615191,0.002016,4.396253,-3801.76573,1888176168,13262,1
11.617207,0.002016,4.396844,-3802.95297,1888430289,13263,1
11.619229,0.002022,4.396005,-3801.26754,1888069901,13264,2
11.623261,0.004032,4.39485,-3798.94731,1887573783,13266,1
11.625284,0.002023,4.395227,-3799.70465,1887735754,13267,1
11.6273,0.002016,4.395858,-3800.97223,1888006696,13268,1
11.629316,0.002016,4.395765,-3800.78541,1887966683,13269,1
11.631332,0.002016,4.396396,-3802.053,1888237638,13270,2
11.63537,0.004038,4.39581,-3800.87581,1887985983,13272,1
11.637392,0.002022,4.394822,-3798.89106,1887561612,13273,1
11.639408,0.002016,4.395255,-3799.76089,1887747463,13274,1
11.641424,0.002016,4.396075,-3801.40816,1888099923,13275,2
11.645463,0.004039,4.395832,-3800.92,1887995416,13277,1
11.647479,0.002016,4.396452,-3802.16549,1888262070,13278,1
11.649495,0.002016,4.395885,-3801.02647,1888018206,13279,1
11.651517,0.002022,4.394563,-3798.37076,1887450209,13280,2
11.655556,0.004039,4.39459,-3798.425,1887462223,13282,1
11.657572,0.002016,4.395438,-3800.12851,1887826093,13283,1
11.659588,0.002016,4.395091,-3799.43144,1887677131,13284,1
11.66161,0.002022,4.395967,-3801.1912,1888053481,13285,2
11.665642,0.004032,4.395685,-3800.6247,1887932397,13287,1
11.667664,0.002022,4.394423,-3798.08953,1887390225,13288,1
11.66968,0.002016,4.39449,-3798.22412,1887418955,13289,1
11.671696,0.002016,4.395624,-3800.50216,1887906192,13290,1
11.673712,0.002016,4.395248,-3799.74683,1887744676,13291,2
11.677751,0.004039,4.395791,-3800.83764,1887977972,13293,1
11.679773,0.002022,4.39563,-3800.51421,1887908851,13294,1
11.681789,0.002016,4.394345,-3797.93283,1887356796,13295,1
11.683805,0.002016,4.394182,-3797.60539,1887286688,13296,2
11.687844,0.004039,4.395381,-3800.01401,1887801636,13298,1
11.68986,0.002016,4.395035,-3799.31894,1887653117,13299,1
11.691876,0.002016,4.39552,-3800.29324,1887861492,13300,1
11.693898,0.002022,4.395474,-3800.20083,1887841724,13301,2
11.69793,0.004032,4.394247,-3797.73597,1887314695,13303,1
11.699952,0.002022,4.393893,-3797.02483,1887162500,13304,1
11.701968,0.002016,4.395097,-3799.44349,1887679596,13305,1
11.703984,0.002016,4.394889,-3799.02565,1887590384,13306,2
11.708023,0.004039,4.395401,-3800.05419,1887810161,13308,1
11.710039,0.002016,4.39579,-3800.83563,1887977159,13309,1
11.712061,0.002022,4.39466,-3798.56562,1887491826,13310,1
11.714077,0.002016,4.394243,-3797.72793,1887312870,13311,1
11.716093,0.002016,4.395473,-3800.19882,1887841569,13312,2
11.720132,0.004039,4.39541,-3800.07227,1887814182,13314,1
11.722148,0.002016,4.395916,-3801.08875,1888031417,13315,1
11.72417,0.002022,4.396139,-3801.53672,1888127320,13316,1
11.726186,0.002016,4.394763,-3798.77254,1887536110,13317,2
11.730224,0.004038,4.394207,-3797.65561,1887297541,13319,1
11.73224,0.002016,4.395323,-3799.8975,1887776767,13320,1
11.734256,0.002016,4.395241,-3799.73277,1887741472,13321,1
11.736279,0.002023,4.395492,-3800.23699,1887849437,13322,2
11.740311,0.004032,4.39593,-3801.11687,1888037497,13324,1
11.742333,0.002022,4.394663,-3798.57165,1887493371,13325,1
11.744349,0.002016,4.39382,-3796.87818,1887131110,13326,1
11.746365,0.002016,4.394804,-3798.8549,1887553985,13327,2
11.750404,0.004039,4.394831,-3798.90914,1887565409,13329,1
11.75242,0.002016,4.394955,-3799.15824,1887618589,13330,1
11.754442,0.002022,4.395604,-3800.46198,1887897538,13331,1
11.756458,0.002016,4.39463,-3798.50536,1887479161,13332,2
11.760496,0.004038,4.393711,-3796.65922,1887084404,13334,1
11.762512,0.002016,4.39435,-3797.94288,1887358907,13335,1
11.764528,0.002016,4.394674,-3798.59375,1887497939,13336,1
11.766551,0.002023,4.394489,-3798.22211,1887418656,13337,1
11.768567,0.002016,4.394786,-3798.81874,1887546417,13338,2
11.772605,0.004038,4.394198,-3797.63753,1887293906,13340,1
11.774621,0.002016,4.393355,-3795.94407,1886931637,13341,1
11.776644,0.002023,4.393974,-3797.18755,1887197701,13342,1
11.77866,0.002016,4.394532,-3798.30849,1887436973,13343,2
11.782692,0.004032,4.394452,-3798.14778,1887402582,13345,1
11.784714,0.002022,4.394812,-3798.87097,1887557350,13346,1
11.78673,0.002016,4.394363,-3797.96899,1887364666,13347,1
11.788746,0.002016,4.393493,-3796.22129,1886990883,13348,2
11.792784,0.004038,4.393985,-3797.20965,1887202059,13350,1
11.7948,0.002016,4.394712,-3798.67008,1887514482,13351,1
11.796823,0.002023,4.394579,-3798.40291,1887457542,13352,1
11.798839,0.002016,4.394955,-3799.15824,1887618653,13353,2
11.802877,0.004038,4.394589,-3798.423,1887461814,13355,1
11.804893,0.002016,4.393524,-3796.28356,1887004197,13356,1
11.806909,0.002016,4.393704,-3796.64516,1887081500,13357,1
11.808932,0.002023,4.394609,-3798.46317,1887470240,13358,1
11.810948,0.002016,4.394181,-3797.60338,1887286581,13359,2
11.814986,0.004038,4.394528,-3798.30045,1887435691,13361,1
11.817002,0.002016,4.394244,-3797.72994,1887313494,13362,1
11.819018,0.002016,4.393024,-3795.27914,1886789506,13363,1
11.82104,0.002022,4.393046,-3795.32333,1886798944,13364,2
11.825072,0.004032,4.394091,-3797.42258,1887247776,13366,1
11.827095,0.002023,4.393703,-3796.64315,1887081109,13367,1
11.829111,0.002016,4.394134,-3797.50897,1887265969,13368,1
11.831127,0.002016,4.394083,-3797.40651,1887244283,13369,2
11.835165,0.004038,4.392799,-3794.82714,1886692944,13371,1
11.837188,0.002023,4.39269,-3794.60818,1886646053,13372,1
11.839204,0.002016,4.393901,-3797.0409,1887165997,13373,1
11.84122,0.002016,4.393507,-3796.24941,1886996864,13374,2
11.845258,0.004038,4.393924,-3797.08711,1887176039,13376,1
11.847274,0.002016,4.3939,-3797.03889,1887165650,13377,1
11.84929,0.002016,4.392696,-3794.62023,1886648790,13378,1
11.851312,0.002022,4.392331,-3793.887,1886491714,13379,1
11.853328,0.002016,4.393294,-3795.82153,1886905536,13380,2
11.857367,0.004039,4.392902,-3795.03406,1886737100,13382,1
11.859383,0.002016,4.39357,-3796.37597,1887023990,13383,1
11.861399,0.002016,4.393651,-3796.53869,1887058641,13384,1
11.863421,0.002022,4.392185,-3793.59371,1886429001,13385,2
11.867453,0.004032,4.391745,-3792.70981,1886239831,13387,1
11.869476,0.002023,4.392986,-3795.2028,1886773158,13388,1
11.871492,0.002016,4.392728,-3794.68451,1886662267,13389,1
11.873508,0.002016,4.393259,-3795.75122,1886890131,13390,2
11.877546,0.004038,4.393378,-3795.99027,1886941574,13392,1
11.879562,0.002016,4.391972,-3793.16582,1886337691,13393,1
11.881584,0.002022,4.391546,-3792.31005,1886154811,13394,1
11.8836,0.002016,4.392553,-3794.33296,1886587310,13395,2
11.887639,0.004039,4.392296,-3793.81669,1886476722,13397,1
11.889655,0.002016,4.392658,-3794.54389,1886632458,13398,1
11.891671,0.002016,4.393066,-3795.36351,1886807528,13399,1
11.893693,0.002022,4.391744,-3792.7078,1886239757,13400,2
11.897732,0.004039,4.391191,-3791.5969,1886001887,13402,1
11.899748,0.002016,4.39231,-3793.84481,1886482836,13403,1
11.901764,0.002016,4.392443,-3794.11199,1886539855,13404,1
11.90378,0.002016,4.392809,-3794.84723,1886697340,13405,1
11.905802,0.002022,4.393305,-3795.84362,1886910165,13406,2
11.90984,0.004038,4.392028,-3793.27831,1886361631,13408,1
11.911856,0.002016,4.391135,-3791.48441,1885978008,13409,1
11.913872,0.002016,4.391874,-3792.96895,1886295533,13410,1
11.915888,0.002016,4.391931,-3793.08346,1886319682,13411,2
11.919927,0.004039,4.392042,-3793.30644,1886367429,13413,1
11.921943,0.002016,4.392509,-3794.24457,1886568491,13414,1
11.923965,0.002022,4.391419,-3792.05492,1886100293,13415,1
11.925981,0.002016,4.390416,-3790.04004,1885669113,13416,2
11.93002,0.004039,4.391079,-3791.37191,1885954126,13418,1
11.932036,0.002016,4.391436,-3792.08907,1886107179,13419,1
11.934058,0.002022,4.391506,-3792.22969,1886137442,13420,1
11.936074,0.002016,4.391853,-3792.92677,1886286695,13421,2
11.940112,0.004038,4.390952,-3791.11679,1885899619,13423,1
11.942128,0.002016,4.390014,-3789.23248,1885496449,13424,1
11.944144,0.002016,4.390482,-3790.17262,1885697865,13425,1
11.94616,0.002016,4.391196,-3791.60695,1886004469,13426,1
11.948183,0.002023,4.39115,-3791.51454,1885984452,13427,2
11.952221,0.004038,4.391596,-3792.41049,1886176210,13429,1
11.954237,0.002016,4.390896,-3791.00429,1885875410,13430,1
11.956253,0.002016,4.389864,-3788.93115,1885432057,13431,1
11.958276,0.002023,4.390242,-3789.6905,1885594653,13432,2
11.962308,0.004032,4.391166,-3791.54668,1885991247,13434,1
11.96433,0.002022,4.391064,-3791.34178,1885947541,13435,1
11.966346,0.002016,4.391458,-3792.13327,1886116592,13436,1
11.968362,0.002016,4.390816,-3790.84358,1885841013,13437,2
11.9724,0.004038,4.389755,-3788.71219,1885385371,13439,1
11.974416,0.002016,4.389847,-3788.897,1885425022,13440,1
11.976439,0.002023,4.390792,-3790.79537,1885830775,13441,1
11.978455,0.002016,4.390614,-3790.43779,1885754282,13442,2
11.982493,0.004038,4.390989,-3791.19111,1885915266,13444,1
11.984509,0.002016,4.390502,-3790.2128,1885705965,13445,1
11.986532,0.002023,4.38938,-3787.95886,1885224440,13446,1
11.988548,0.002016,4.389354,-3787.90663,1885213252,13447,1
11.990564,0.002016,4.390323,-3789.85322,1885629210,13448,2
11.994602,0.004038,4.389857,-3788.91709,1885429217,13450,1
11.996618,0.002016,4.390454,-3790.11638,1885685446,13451,1
11.998634,0.002016,4.39008,-3789.36506,1885524918,13452,1
12.000656,0.002022,4.388766,-3786.72543,1884960818,13453,2
12.004688,0.004032,4.388713,-3786.61896,1884937833,13455,1
12.006711,0.002023,4.389864,-3788.93115,1885432472,13456,1
12.008727,0.002016,4.389502,-3788.20394,1885276624,13457,1
12.010749,0.002022,4.39013,-3789.46551,1885546515,13458,2
12.014781,0.004032,4.389999,-3789.20235,1885490470,13460,1
12.016804,0.002023,4.388843,-3786.88011,1884993489,13461,1
12.01882,0.002016,4.388643,-3786.47834,1884907822,13462,1
12.020836,0.002016,4.389863,-3788.92914,1885431672,13463,2
12.024874,0.004038,4.389369,-3787.93677,1885219501,13465,1
12.02689,0.002016,4.389812,-3788.82669,1885409762,13466,1
12.028912,0.002022,4.389821,-3788.84477,1885413533,13467,1
12.030928,0.002016,4.388637,-3786.46628,1884905376,13468,1
12.032944,0.002016,4.388051,-3785.28909,1884653250,13469,2
12.036983,0.004039,4.389046,-3787.28791,1885080870,13471,1
12.038999,0.002016,4.388726,-3786.64507,1884943491,13472,1
12.041021,0.002022,4.388925,-3787.04483,1885028903,13473,1
12.043037,0.002016,4.388654,-3786.50043,1884912540,13474,2
12.047076,0.004039,4.387463,-3784.10789,1884400734,13476,1
12.049092,0.002016,4.386793,-3782.76195,1884113058,13477,1
12.051108,0.002016,4.387777,-3784.73867,1884535914,13478,1
12.05313,0.002022,4.388015,-3785.21678,1884638183,13479,2
12.057168,0.004038,4.388691,-3786.57476,1884928475,13481,1
12.059184,0.002016,4.389101,-3787.39839,1885104367,13482,1
12.0612,0.002016,4.388346,-3785.88171,1884780329,13483,1
12.063216,0.002016,4.388022,-3785.23084,1884641002,13484,2
12.067255,0.004039,4.389102,-3787.4004,1885105201,13486,1
12.069271,0.002016,4.389131,-3787.45866,1885117210,13487,1
12.071293,0.002022,4.389309,-3787.81624,1885193666,13488,1
12.073309,0.002016,4.389552,-3788.30439,1885298035,13489,2
12.077348,0.004039,4.388637,-3786.46628,1884904957,13491,1
12.079364,0.002016,4.387887,-3784.95964,1884582991,13492,1
12.081386,0.002022,4.38855,-3786.29151,1884867989,13493,1
12.083402,0.002016,4.388831,-3786.856,1884988673,13494,1
12.085418,0.002016,4.388865,-3786.9243,1885002960,13495,2
12.089456,0.004038,4.389072,-3787.34014,1885092267,13497,1
12.091472,0.002016,4.388194,-3785.57636,1884714980,13498,1
12.093488,0.002016,4.387179,-3783.53737,1884279309,13499,1
12.095511,0.002023,4.387785,-3784.75474,1884539245,13500,2
12.099543,0.004032,4.388103,-3785.39356,1884675569,13502,1
12.101565,0.002022,4.388032,-3785.25093,1884645512,13503,1
12.103581,0.002016,4.388289,-3785.7672,1884755748,13504,1
12.105604,0.002023,4.387481,-3784.14405,1884408553,13505,2
12.109636,0.004032,4.386496,-3782.16532,1883985780,13507,1
12.111652,0.002016,4.386817,-3782.81017,1884123740,13508,1
12.113674,0.002022,4.387509,-3784.20029,1884420920,13509,1
12.11569,0.002016,4.387424,-3784.02954,1884384431,13510,2
12.119728,0.004038,4.38787,-3784.92549,1884575735,13512,1
12.121744,0.002016,4.387348,-3783.87687,1884351685,13513,1
12.12376,0.002016,4.386287,-3781.74547,1883895845,13514,1
12.125783,0.002023,4.386613,-3782.40036,1884036112,13515,1
12.127799,0.002016,4.387472,-3784.12597,1884404778,13516,2
12.131837,0.004038,4.387153,-3783.48514,1884267708,13518,1
12.133853,0.002016,4.387468,-3784.11793,1884403360,13519,1
12.135869,0.002016,4.386754,-3782.68361,1884096256,13520,1
12.137892,0.002023,4.385526,-3780.21673,1883569195,13521,2
12.141924,0.004032,4.38549,-3780.14441,1883553512,13523,1
12.143946,0.002022,4.386283,-3781.73744,1883894457,13524,1
12.145962,0.002016,4.385963,-3781.0946,1883756753,13525,1
12.147978,0.002016,4.386499,-3782.17135,1883986900,13526,2
12.152016,0.004038,4.386171,-3781.51245,1883845966,13528,1
12.154032,0.002016,4.385018,-3779.19623,1883351030,13529,1
12.156055,0.002023,4.385081,-3779.32279,1883378205,13530,1
12.158071,0.002016,4.386425,-3782.0227,1883955030,13531,2
12.162109,0.004038,4.386429,-3782.03073,1883956826,13533,1
12.164125,0.002016,4.387191,-3783.56148,1884284316,13534,1
12.166141,0.002016,4.387185,-3783.54943,1884281519,13535,1
12.168164,0.002023,4.386215,-3781.60084,1883864908,13536,1
12.17018,0.002016,4.386333,-3781.83788,1883915955,13537,2
12.174218,0.004038,4.387686,-3784.55586,1884496927,13539,1
12.176234,0.002016,4.387463,-3784.10789,1884400928,13540,1
12.17825,0.002016,4.388124,-3785.43574,1884684634,13541,1
12.180272,0.002022,4.388174,-3785.53618,1884706383,13542,2
12.184304,0.004032,4.387151,-3783.48112,1884267097,13544,1
12.18632,0.002016,4.38693,-3783.03717,1884172006,13545,1
12.188343,0.002023,4.388163,-3785.51409,1884701517,13546,1
12.190359,0.002016,4.387803,-3784.7909,1884547016,13547,2
12.194397,0.004038,4.388241,-3785.67078,1884734959,13549,1
12.196413,0.002016,4.38825,-3785.68886,1884739180,13550,1
12.198436,0.002023,4.387237,-3783.65389,1884303739,13551,1
12.200452,0.002016,4.386828,-3782.83226,1884128230,13552,2
12.204484,0.004032,4.387998,-3785.18263,1884630685,13554,1
12.206506,0.002022,4.387965,-3785.11633,1884616746,13555,1
12.208522,0.002016,4.38841,-3786.01027,1884807491,13556,1
12.210544,0.002022,4.388471,-3786.13281,1884834058,13557,2
12.214576,0.004032,4.387421,-3784.02352,1884382659,13559,1
12.216592,0.002016,4.386812,-3782.80012,1884121576,13560,1
12.218615,0.002023,4.387838,-3784.86121,1884562045,13561,1
12.220631,0.002016,4.38788,-3784.94558,1884580296,13562,1
12.222653,0.002022,4.388195,-3785.57837,1884715407,13563,2
12.226685,0.004032,4.388326,-3785.84153,1884771457,13565,1
12.228708,0.002023,4.387507,-3784.19628,1884419716,13566,1
12.230724,0.002016,4.386982,-3783.14163,1884194348,13567,1
12.23274,0.002016,4.388072,-3785.33128,1884662461,13568,2
12.236778,0.004038,4.388602,-3786.39597,1884890284,13570,1
12.238794,0.002016,4.389008,-3787.21157,1885064587,13571,1
12.240816,0.002022,4.389282,-3787.762,1885182428,13572,1
12.242832,0.002016,4.388638,-3786.46829,1884905632,13573,2
12.246871,0.004039,4.388037,-3785.26097,1884647665,13575,1
12.248887,0.002016,4.38873,-3786.65311,1884945184,13576,1
12.250903,0.002016,4.38899,-3787.17541,1885057072,13577,1
12.252925,0.002022,4.389187,-3787.57116,1885141626,13578,2
12.256957,0.004032,4.389357,-3787.91266,1885214631,13580,1
12.25898,0.002023,4.388494,-3786.17902,1884843607,13581,1
12.260996,0.002016,4.387536,-3784.25453,1884432108,13582,1
12.263012,0.002016,4.388119,-3785.4257,1884682902,13583,1
12.265034,0.002022,4.388567,-3786.32566,1884874846,13584,2
12.269072,0.004038,4.388364,-3785.91787,1884788119,13586,1
12.271088,0.002016,4.38835,-3785.88974,1884781874,13587,1
12.273104,0.002016,4.387841,-3784.86724,1884563386,13588,1
12.275127,0.002023,4.387038,-3783.25412,1884218424,13589,2
12.279159,0.004032,4.387759,-3784.70251,1884528099,13591,1
12.281181,0.002022,4.388789,-3786.77163,1884970687,13592,1
12.283197,0.002016,4.388794,-3786.78167,1884972845,13593,1
12.285213,0.002016,4.389328,-3787.8544,1885202230,13594,2
12.289252,0.004039,4.389211,-3787.61937,1885151814,13596,1
12.291268,0.002016,4.388168,-3785.52413,1884703884,13597,1
12.29329,0.002022,4.388353,-3785.89577,1884783316,13598,1
12.295306,0.002016,4.389492,-3788.18386,1885272321,13599,2
12.299344,0.004038,4.389421,-3788.04123,1885242094,13601,1
12.30136,0.002016,4.389767,-3788.73629,1885390529,13602,1
12.303376,0.002016,4.389392,-3787.98297,1885229601,13603,1
12.305399,0.002023,4.388302,-3785.79332,1884761324,13604,1
12.307415,0.002016,4.388341,-3785.87166,1884778294,13605,2
12.311453,0.004038,4.389478,-3788.15573,1885266361,13607,1
12.313469,0.002016,4.389193,-3787.58321,1885143827,13608,1
12.315485,0.002016,4.389647,-3788.49523,1885338828,13609,1
12.317508,0.002023,4.389576,-3788.3526,1885308577,13610,2
12.32154,0.004032,4.388701,-3786.59485,1884932812,13612,1
12.323562,0.002022,4.388872,-3786.93837,1885006176,13613,1
12.325578,0.002016,4.389972,-3789.14811,1885478459,13614,1
12.327594,0.002016,4.389786,-3788.77446,1885398560,13615,2
12.331632,0.004038,4.390513,-3790.2349,1885711259,13617,1
12.333648,0.002016,4.390357,-3789.92152,1885643788,13618,1
12.335671,0.002023,4.389152,-3787.50085,1885126289,13619,1
12.337687,0.002016,4.388811,-3786.81583,1884979914,13620,2
12.341725,0.004038,4.389797,-3788.79656,1885403255,13622,1
12.343741,0.002016,4.389334,-3787.86646,1885204610,13623,1
12.345757,0.002016,4.389794,-3788.79053,1885402140,13624,1
12.34778,0.002023,4.389663,-3788.52737,1885345819,13625,1
12.349796,0.002016,4.388557,-3786.30558,1884870792,13626,2
12.353834,0.004038,4.388395,-3785.98014,1884801562,13628,1
12.35585,0.002016,4.38976,-3788.72223,1885387576,13629,1
12.357866,0.002016,4.389704,-3788.60973,1885363419,13630,1
12.359888,0.002022,4.390379,-3789.96571,1885653387,13631,2
12.36392,0.004032,4.390654,-3790.51815,1885771578,13633,1
12.365943,0.002023,4.389752,-3788.70616,1885384121,13634,1
12.367959,0.002016,4.389256,-3787.70977,1885170866,13635,1
12.369975,0.002016,4.390381,-3789.96973,1885654234,13636,2
12.374013,0.004038,4.390211,-3789.62822,1885581003,13638,1
12.376029,0.002016,4.390571,-3790.35141,1885735658,13639,1
12.378052,0.002023,4.390695,-3790.60051,1885789189,13640,1
12.380068,0.002016,4.389665,-3788.53139,1885346663,13641,2
12.384106,0.004038,4.389089,-3787.37429,1885099317,13643,1
12.386122,0.002016,4.390054,-3789.31283,1885513922,13644,1
12.388144,0.002022,4.390253,-3789.7126,1885599181,13645,1
12.39016,0.002016,4.390553,-3790.31525,1885728283,13646,2
12.394192,0.004032,4.390673,-3790.55632,1885779549,13648,1
12.396215,0.002023,4.390153,-3789.51171,1885556408,13649,1
12.398231,0.002016,4.389535,-3788.27024,1885290957,13650,1
12.400253,0.002022,4.390519,-3790.24695,1885713697,13651,1
12.402269,0.002016,4.390961,-3791.13487,1885903494,13652,2
12.406308,0.004039,4.391161,-3791.53664,1885989049,13654,1
12.408324,0.002016,4.391259,-3791.7335,1886031437,13655,1
12.410733,0.002409,4.390638,-3790.48601,1885764575,13656,1
12.412359,0.001626,4.389862,-3788.92713,1885431317,13657,2
12.416397,0.004038,4.390541,-3790.29115,1885722719,13659,1
12.418413,0.002016,4.390863,-3790.938,1885861343,13660,1
12.420429,0.002016,4.390627,-3790.46391,1885760086,13661,1
12.422452,0.002023,4.390439,-3790.08624,1885679108,13662,2
12.426484,0.004032,4.38972,-3788.64188,1885370462,13664,1
12.428506,0.002022,4.388731,-3786.65512,1884945679,13665,1
12.430522,0.002016,4.389281,-3787.75999,1885181633,13666,1
12.432538,0.002016,4.390101,-3789.40725,1885533889,13667,2
12.436576,0.004038,4.390293,-3789.79295,1885616249,13669,1
12.438592,0.002016,4.390812,-3790.83555,1885839611,13670,1
12.440615,0.002023,4.390756,-3790.72305,1885815285,13671,1
12.442631,0.002016,4.39001,-3789.22444,1885494921,13672,1
12.444647,0.002016,4.390666,-3790.54225,1885776708,13673,2
12.448685,0.004038,4.391684,-3792.58727,1886214079,13675,1
12.450701,0.002016,4.391514,-3792.24576,1886141102,13676,1
12.452724,0.002023,4.391766,-3792.75199,1886249135,13677,1
12.45474,0.002016,4.391469,-3792.15536,1886121853,13678,2
12.458778,0.004038,4.390421,-3790.05008,1885671558,13680,1
12.460794,0.002016,4.390507,-3790.22285,1885708440,13681,1
12.462816,0.002022,4.391429,-3792.07501,1886104616,13682,1
12.464832,0.002016,4.39097,-3791.15295,1885907263,13683,2
12.468864,0.004032,4.391355,-3791.92635,1886072735,13685,1
12.470887,0.002023,4.390675,-3790.56033,1885780608,13686,1
12.472903,0.002016,4.389486,-3788.1718,1885269897,13687,1
12.474925,0.002022,4.38969,-3788.58161,1885357390,13688,2
12.478957,0.004032,4.39094,-3791.09268,1885894285,13690,1
12.48098,0.002023,4.390848,-3790.90786,1885854811,13691,1
12.482996,0.002016,4.391719,-3792.65758,1886228912,13692,1
12.485012,0.002016,4.391587,-3792.39241,1886172310,13693,1
12.487028,0.002016,4.390585,-3790.37954,1885742053,13694,2
12.491066,0.004038,4.390471,-3790.15053,1885692760,13696,1
12.493082,0.002016,4.391708,-3792.63548,1886224165,13697,1
12.495104,0.002022,4.391419,-3792.05492,1886100384,13698,1
12.49712,0.002016,4.39203,-3793.28233,1886362577,13699,2
12.501159,0.004039,4.391756,-3792.73191,1886244786,13701,1
12.503175,0.002016,4.390395,-3789.99785,1885660444,13702,1
12.505191,0.002016,4.390142,-3789.48961,1885551865,13703,1
12.507213,0.002022,4.391314,-3791.84399,1886054943,13704,2
12.511245,0.004032,4.391038,-3791.28955,1885936690,13706,1
12.513268,0.002023,4.391633,-3792.48482,1886192078,13707,1
12.515284,0.002016,4.391601,-3792.42053,1886178221,13708,1
12.5173,0.002016,4.390544,-3790.29717,1885724105,13709,2
12.521338,0.004038,4.390365,-3789.93759,1885647306,13711,1
12.523354,0.002016,4.391613,-3792.44464,1886183443,13712,1
12.525376,0.002022,4.391681,-3792.58124,1886212597,13713,1
12.527392,0.002016,4.392286,-3793.7966,1886472394,13714,2
12.531431,0.004039,4.392379,-3793.98342,1886512543,13716,1
12.533447,0.002016,4.391229,-3791.67324,1886018244,13717,1
12.535463,0.002016,4.390792,-3790.79537,1885830795,13718,1
12.537485,0.002022,4.391858,-3792.93681,1886288760,13719,1
12.539501,0.002016,4.39166,-3792.53906,1886203745,13720,2
12.54354,0.004039,4.391822,-3792.86449,1886273443,13722,1
12.545556,0.002016,4.391792,-3792.80422,1886260460,13723,1
12.547572,0.002016,4.390578,-3790.36547,1885739057,13724,1
12.549594,0.002022,4.389821,-3788.84477,1885413543,13725,2
12.553626,0.004032,4.390628,-3790.46592,1885760374,13727,1
12.555648,0.002022,4.390791,-3790.79336,1885830336,13728,1
12.557664,0.002016,4.391169,-3791.55271,1885992550,13729,1
12.55968,0.002016,4.391618,-3792.45468,1886185472,13730,2
12.563719,0.004039,4.390876,-3790.96411,1885866900,13732,1
12.565735,0.002016,4.390218,-3789.64229,1885584208,13733,1
12.567757,0.002022,4.391222,-3791.65918,1886015538,13734,1
12.569773,0.002016,4.391605,-3792.42857,1886180208,13735,2
12.573812,0.004039,4.391613,-3792.44464,1886183555,13737,1
12.575828,0.002016,4.391865,-3792.95087,1886291879,13738,1
12.577844,0.002016,4.391011,-3791.23531,1885924871,13739,1
12.579866,0.002022,4.390111,-3789.42734,1885538509,13740,1
12.581882,0.002016,4.390625,-3790.45989,1885759114,13741,2
12.58592,0.004038,4.390882,-3790.97617,1885869372,13743,1
12.587936,0.002016,4.39066,-3790.5302,1885774149,13744,1
12.589952,0.002016,4.39105,-3791.31365,1885941691,13745,1
12.591968,0.002016,4.390239,-3789.68447,1885593277,13746,2
12.596007,0.004039,4.38928,-3787.75798,1885181600,13748,1
12.598023,0.002016,4.389825,-3788.85281,1885415509,13749,1
12.600045,0.002022,4.390676,-3790.56234,1885780908,13750,1
12.602061,0.002016,4.390848,-3790.90786,1885854994,13751,2
12.6061,0.004039,4.391562,-3792.34219,1886161245,13753,1
12.608116,0.002016,4.390878,-3790.96813,1885867860,13754,1
12.610132,0.002016,4.389905,-3789.01351,1885449861,13755,1
12.612154,0.002022,4.39028,-3789.76683,1885610972,13756,2
12.616186,0.004032,4.391047,-3791.30763,1885940082,13758,1
12.618208,0.002022,4.390647,-3790.50408,1885768727,13759,1
12.620224,0.002016,4.390971,-3791.15495,1885907826,13760,1
12.62224,0.002016,4.390206,-3789.61818,1885578993,13761,1
12.624263,0.002023,4.388761,-3786.71538,1884958516,13762,2
12.628295,0.004032,4.388553,-3786.29754,1884868937,13764,1
12.630317,0.002022,4.389303,-3787.80418,1885191188,13765,1
12.632333,0.002016,4.388852,-3786.89819,1884997538,13766,1
12.634349,0.002016,4.389107,-3787.41045,1885106962,13767,2
12.638388,0.004039,4.388978,-3787.1513,1885051588,13769,1
12.640404,0.002016,4.38799,-3785.16655,1884627500,13770,1
12.642426,0.002022,4.388104,-3785.39556,1884676644,13771,1
12.644442,0.002016,4.389503,-3788.20595,1885277064,13772,2
12.64848,0.004038,4.389395,-3787.989,1885231015,13774,1
12.650496,0.002016,4.389724,-3788.64991,1885372318,13775,1
12.652512,0.002016,4.389708,-3788.61777,1885365311,13776,1
12.654535,0.002023,4.388695,-3786.5828,1884930362,13777,2
12.658567,0.004032,4.388437,-3786.06451,1884819491,13779,1
12.660589,0.002022,4.38966,-3788.52134,1885344613,13780,1
12.662605,0.002016,4.389359,-3787.91668,1885215398,13781,1
12.664621,0.002016,4.389663,-3788.52737,1885345921,13782,1
12.666644,0.002023,4.389309,-3787.81624,1885194108,13783,2
12.670676,0.004032,4.388059,-3785.30517,1884656781,13785,1
12.672698,0.002022,4.387715,-3784.61412,1884509500,13786,1
12.674714,0.002016,4.388825,-3786.84395,1884985936,13787,1
12.67673,0.002016,4.388587,-3786.36584,1884883662,13788,2
12.680768,0.004038,4.388962,-3787.11916,1885044994,13790,1
12.682784,0.002016,4.389045,-3787.2859,1885080340,13791,1
12.684807,0.002023,4.38811,-3785.40762,1884678834,13792,1
12.686823,0.002016,4.387612,-3784.40721,1884464930,13793,2
12.690861,0.004038,4.388719,-3786.63101,1884940232,13795,1
12.692877,0.002016,4.38837,-3785.92992,1884790699,13796,1
12.694893,0.002016,4.388584,-3786.35982,1884882378,13797,1
12.696916,0.002023,4.388513,-3786.21719,1884851999,13798,2
12.700948,0.004032,4.387405,-3783.99137,1884376104,13800,1
12.70297,0.002022,4.386529,-3782.23162,1883999975,13801,1
12.704986,0.002016,4.387116,-3783.41081,1884252112,13802,1
12.707002,0.002016,4.386662,-3782.49879,1884056720,13803,2
12.71104,0.004038,4.386429,-3782.03073,1883957183,13805,1
12.713056,0.002016,4.386118,-3781.40598,1883823248,13806,1
12.715079,0.002023,4.385073,-3779.30672,1883374296,13807,1
12.717095,0.002016,4.384595,-3778.34649,1883169190,13808,1
12.719111,0.002016,4.385874,-3780.91582,1883718463,13809,2
12.723149,0.004038,4.386317,-3781.80574,1883909023,13811,1
12.725165,0.002016,4.386712,-3782.59924,1884078294,13812,1
12.727188,0.002023,4.387025,-3783.22801,1884212774,13813,1
12.729204,0.002016,4.386263,-3781.69726,1883885717,13814,2
12.733242,0.004038,4.385342,-3779.8471,1883490129,13816,1
12.735258,0.002016,4.385886,-3780.93992,1883723724,13817,1
12.737274,0.002016,4.386074,-3781.31759,1883804424,13818,1
12.739296,0.002022,4.386186,-3781.54258,1883852470,13819,2
12.743328,0.004032,4.386136,-3781.44214,1883831021,13821,1
12.745351,0.002023,4.385102,-3779.36498,1883387033,13822,1
12.747367,0.002016,4.384027,-3777.20546,1882925558,13823,1
12.749383,0.002016,4.384391,-3777.93668,1883081656,13824,2
12.753421,0.004038,4.384763,-3778.68398,1883241501,13826,1
12.755437,0.002016,4.384648,-3778.45296,1883192058,13827,1
12.75746,0.002023,4.384909,-3778.97727,1883304191,13828,1
12.759476,0.002016,4.384504,-3778.16368,1883130071,13829,1
12.761492,0.002016,4.383743,-3776.63494,1882803202,13830,2
12.76553,0.004038,4.384366,-3777.88646,1883070600,13832,1
12.767546,0.002016,4.385271,-3779.70448,1883459326,13833,1
12.769568,0.002022,4.385242,-3779.64622,1883446969,13834,1
12.771584,0.002016,4.385652,-3780.46985,1883623022,13835,2
12.775623,0.004039,4.385182,-3779.52569,1883421541,13837,1
12.777639,0.002016,4.384029,-3777.20948,1882926135,13838,1
12.779655,0.002016,4.384091,-3777.33403,1882952949,13839,1
12.781677,0.002022,4.384735,-3778.62773,1883229397,13840,2
12.785709,0.004032,4.384042,-3777.23559,1882931559,13842,1
12.787732,0.002023,4.384047,-3777.24564,1882933572,13843,1
12.789748,0.002016,4.383382,-3775.90975,1882648091,13844,1
12.791764,0.002016,4.382234,-3773.60358,1882155095,13845,2
12.795802,0.004038,4.382467,-3774.07164,1882255111,13847,1
12.797818,0.002016,4.383779,-3776.70726,1882818577,13848,1
12.79984,0.002022,4.383893,-3776.93627,1882867402,13849,1
12.801856,0.002016,4.384814,-3778.78643,1883263438,13850,1
12.803872,0.002016,4.385004,-3779.16811,1883344789,13851,2
12.807911,0.004039,4.384237,-3777.62732,1883015347,13853,1
12.809927,0.002016,4.384281,-3777.71571,1883034327,13854,1
12.811949,0.002022,4.385456,-3780.07611,1883539088,13855,1
12.813965,0.002016,4.385036,-3779.23239,1883358650,13856,2
12.818004,0.004039,4.385407,-3779.97768,1883517728,13858,1
12.82002,0.002016,4.385098,-3779.35694,1883385275,13859,1
12.822042,0.002022,4.383805,-3776.75949,1882829896,13860,1
12.824058,0.002016,4.383432,-3776.01019,1882669774,13861,2
12.828096,0.004038,4.384452,-3778.05922,1883107883,13863,1
12.830112,0.002016,4.384072,-3777.29586,1882944812,13864,1
12.832128,0.002016,4.384347,-3777.84829,1883062662,13865,1
12.834144,0.002016,4.384239,-3777.63134,1883016191,13866,2
12.838183,0.004039,4.383455,-3776.05639,1882679714,13868,1
12.840205,0.002022,4.383333,-3775.81131,1882627365,13869,1
12.842221,0.002016,4.384652,-3778.46099,1883193897,13870,1
12.844237,0.002016,4.384697,-3778.55139,1883213039,13871,1
12.84626,0.002023,4.385414,-3779.99174,1883520815,13872,2
12.850292,0.004032,4.385662,-3780.48994,1883627489,13874,1
12.852314,0.002022,4.384784,-3778.72616,1883250604,13875,1
12.85433,0.002016,4.384347,-3777.84829,1883062483,13876,1
12.856346,0.002016,4.385336,-3779.83505,1883487673,13877,2
12.860384,0.004038,4.38513,-3779.42123,1883398943,13879,1
12.8624,0.002016,4.385465,-3780.09419,1883542799,13880,1
12.864423,0.002023,4.385291,-3779.74465,1883468095,13881,1
12.866439,0.002016,4.384206,-3777.56504,1883002199,13882,2
12.870477,0.004038,4.383515,-3776.17692,1882705574,13884,1
12.872493,0.002016,4.384507,-3778.16971,1883131429,13885,1
12.874516,0.002023,4.384584,-3778.32439,1883164590,13886,1
12.876532,0.002016,4.385096,-3779.35293,1883384337,13887,2
12.880564,0.004032,4.38549,-3780.14441,1883553681,13889,1
12.882586,0.002022,4.384856,-3778.8708,1883281130,13890,1
12.884602,0.002016,4.384371,-3777.8965,1883073134,13891,1
12.886624,0.002022,4.385495,-3780.15446,1883555660,13892,2
12.890656,0.004032,4.385938,-3781.04438,1883745815,13894,1
12.892679,0.002023,4.386323,-3781.81779,1883911441,13895,1
12.894695,0.002016,4.386639,-3782.45259,1884047138,13896,1
12.896711,0.002016,4.38589,-3780.94796,1883725505,13897,1
12.898733,0.002022,4.384959,-3779.07771,1883325475,13898,2
12.902765,0.004032,4.385458,-3780.08013,1883539906,13900,1
12.904788,0.002023,4.385805,-3780.7772,1883688698,13901,1
12.906804,0.002016,4.385592,-3780.34932,1883597633,13902,1
12.90882,0.002016,4.385833,-3780.83345,1883700718,13903,2
12.912858,0.004038,4.385229,-3779.6201,1883441709,13905,1
12.914874,0.002016,4.384334,-3777.82218,1883057087,13906,1
12.916896,0.002022,4.385116,-3779.3931,1883392895,13907,1
12.918912,0.002016,4.3862,-3781.5707,1883858801,13908,2
12.922951,0.004039,4.386532,-3782.23764,1884001155,13910,1
12.924967,0.002016,4.387214,-3783.60768,1884294058,13911,1
12.926983,0.002016,4.387012,-3783.20189,1884207123,13912,1
12.929005,0.002022,4.386229,-3781.62896,1883870694,13913,2
12.933037,0.004032,4.386828,-3782.83226,1884128248,13915,1
12.93506,0.002023,4.387736,-3784.65631,1884518350,13916,1
12.937076,0.002016,4.387515,-3784.21235,1884423245,13917,1
12.939092,0.002016,4.387782,-3784.74871,1884537965,13918,1
12.941114,0.002022,4.38724,-3783.65991,1884305427,13919,2
12.945146,0.004032,4.38603,-3781.2292,1883785514,13921,1
12.947168,0.002022,4.386158,-3781.48633,1883840518,13922,1
12.949184,0.002016,4.386934,-3783.0452,1884173723,13923,1
12.9512,0.002016,4.386482,-3782.1372,1883979553,13924,2
12.955239,0.004039,4.386921,-3783.01909,1884168418,13926,1
12.957255,0.002016,4.38675,-3782.67557,1884094594,13927,1
12.959277,0.002022,4.385965,-3781.09862,1883757873,13928,1
12.961293,0.002016,4.386307,-3781.78565,1883904658,13929,2
12.965332,0.004039,4.387627,-3784.43734,1884471588,13931,1
12.967348,0.002016,4.387431,-3784.0436,1884387331,13932,1
12.969364,0.002016,4.388092,-3785.37146,1884671215,13933,1
12.971386,0.002022,4.388093,-3785.37347,1884671835,13934,2
12.975424,0.004038,4.387036,-3783.25011,1884217575,13936,1
12.97744,0.002016,4.386946,-3783.06931,1884178801,13937,1
12.979456,0.002016,4.388071,-3785.32927,1884662098,13938,1
12.981472,0.002016,4.387555,-3784.2927,1884440359,13939,1
12.983495,0.002023,4.3878,-3784.78487,1884545705,13940,2
12.987527,0.004032,4.387537,-3784.25654,1884432550,13942,1
12.989549,0.002022,4.38631,-3781.79168,1883905660,13943,1
12.991565,0.002016,4.385884,-3780.9359,1883722731,13944,1
12.993588,0.002023,4.387091,-3783.36059,1884241311,13945,2
12.99762,0.004032,4.387188,-3783.55545,1884282846,13947,1
12.999636,0.002016,4.387926,-3785.03799,1884599900,13948,1
13.001658,0.002022,4.388125,-3785.43775,1884685521,13949,1
13.003674,0.002016,4.38751,-3784.2023,1884421132,13950,2
13.007712,0.004038,4.387496,-3784.17418,1884415166,13952,1
13.009728,0.002016,4.388735,-3786.66315,1884947492,13953,1
13.011744,0.002016,4.388788,-3786.76962,1884969952,13954,1
13.013767,0.002023,4.389271,-3787.7399,1885177530,13955,2
13.017799,0.004032,4.389404,-3788.00708,1885234575,13957,1
13.019821,0.002022,4.388502,-3786.19509,1884847097,13958,1
13.021837,0.002016,4.387969,-3785.12437,1884618122,13959,1
13.023853,0.002016,4.389148,-3787.49281,1885124810,13960,2
13.027892,0.004039,4.389178,-3787.55308,1885137564,13962,1
13.029908,0.002016,4.389554,-3788.30841,1885299030,13963,1
13.03193,0.002022,4.389576,-3788.3526,1885308719,13964,1
13.033946,0.002016,4.388629,-3786.45021,1884901875,13965,1
13.035962,0.002016,4.388174,-3785.53618,1884706185,13966,2
13.04,0.004038,4.389272,-3787.74191,1885178157,13968,1
13.042016,0.002016,4.38938,-3787.95886,1885224319,13969,1
13.044039,0.002023,4.3896,-3788.40081,1885318603,13970,1
13.046055,0.002016,4.389903,-3789.0095,1885448932,13971,2
13.050093,0.004038,4.389197,-3787.59124,1885145825,13973,1
13.052109,0.002016,4.388465,-3786.12076,1884831579,13974,1
13.054125,0.002016,4.389308,-3787.81423,1885193640,13975,1
13.056148,0.002023,4.389599,-3788.3988,1885318379,13976,2
13.06018,0.004032,4.389728,-3788.65795,1885373595,13978,1
13.062202,0.002022,4.390003,-3789.21038,1885492049,13979,1
13.064218,0.002016,4.389227,-3787.65151,1885158712,13980,1
13.066234,0.002016,4.388328,-3785.84555,1884772430,13981,2
13.070272,0.004038,4.388994,-3787.18345,1885058654,13983,1
13.072288,0.002016,4.38959,-3788.38072,1885314473,13984,1
13.074311,0.002023,4.389631,-3788.46309,1885332326,13985,1
13.076327,0.002016,4.390069,-3789.34297,1885520375,13986,1
13.078343,0.002016,4.389617,-3788.43496,1885326190,13987,2
13.082381,0.004038,4.388905,-3787.00466,1885020475,13989,1
13.084397,0.002016,4.389507,-3788.21399,1885278811,13990,1
13.08642,0.002023,4.390394,-3789.99584,1885659984,13991,1
13.088436,0.002016,4.390383,-3789.97375,1885655305,13992,2
13.092474,0.004038,4.390935,-3791.08264,1885892228,13994,1
13.09449,0.002016,4.390524,-3790.257,1885715681,13995,1
13.096506,0.002016,4.389668,-3788.53741,1885348397,13996,1
13.098528,0.002022,4.390069,-3789.34297,1885520146,13997,2
13.10256,0.004032,4.390954,-3791.1208,1885900391,13999,1
13.104583,0.002023,4.390543,-3790.29516,1885723884,14000,1
13.106599,0.002016,4.390788,-3790.78733,1885828902,14001,1
13.108615,0.002016,4.390051,-3789.30681,1885512675,14002,2
13.112653,0.004038,4.388879,-3786.95243,1885009169,14004,1
13.114676,0.002023,4.388981,-3787.15733,1885052991,14005,1
13.116692,0.002016,4.390188,-3789.58202,1885571216,14006,1
13.118708,0.002016,4.390224,-3789.65434,1885586700,14007,1
13.120724,0.002016,4.391016,-3791.24535,1885927063,14008,2
13.124762,0.004038,4.391023,-3791.25941,1885929869,14010,1
13.126778,0.002016,4.39014,-3789.48559,1885550638,14011,1
13.1288,0.002022,4.390322,-3789.85121,1885628901,14012,1
13.130816,0.002016,4.391546,-3792.31005,1886154622,14013,2
13.134855,0.004039,4.391316,-3791.84801,1886056041,14015,1
13.136871,0.002016,4.392037,-3793.29639,1886365518,14016,1
13.138887,0.002016,4.391814,-3792.84842,1886269711,14017,1
13.140909,0.002022,4.39063,-3790.46993,1885761217,14018,2
13.144941,0.004032,4.390355,-3789.9175,1885643303,14020,1
13.146964,0.002023,4.391517,-3792.25179,1886141974,14021,1
13.14898,0.002016,4.391081,-3791.37593,1885955136,14022,1
13.150996,0.002016,4.391558,-3792.33415,1886159657,14023,2
13.155034,0.004038,4.391481,-3792.17947,1886126869,14025,1
13.15705,0.002016,4.390355,-3789.9175,1885642874,14026,1
13.159072,0.002022,4.39022,-3789.6463,1885585214,14027,1
13.161088,0.002016,4.391789,-3792.7982,1886258939,14028,1
13.163104,0.002016,4.391813,-3792.84641,1886269142,14029,2
13.167143,0.004039,4.392515,-3794.25663,1886570982,14031,1
13.169159,0.002016,4.392748,-3794.72469,1886670988,14032,1
13.171181,0.002022,4.391718,-3792.65557,1886228667,14033,1
13.173197,0.002016,4.39134,-3791.89622,1886066081,14034,2
13.177236,0.004039,4.392511,-3794.24859,1886569365,14036,1
13.179252,0.002016,4.392476,-3794.17828,1886554151,14037,1
13.181268,0.002016,4.392888,-3795.00593,1886730994,14038,1
13.18329,0.002022,4.39286,-3794.94968,1886719104,14039,2
13.187322,0.004032,4.39166,-3792.53906,1886203403,14041,1
13.189344,0.002022,4.390919,-3791.05049,1885885127,14042,1
13.19136,0.002016,4.391903,-3793.02721,1886307796,14043,1
13.193376,0.002016,4.39187,-3792.96092,1886293606,14044,2
13.197415,0.004039,4.392331,-3793.887,1886491824,14046,1
13.199431,0.002016,4.392683,-3794.59412,1886642955,14047,1
13.201453,0.002022,4.391861,-3792.94284,1886290078,14048,1
13.203469,0.002016,4.39154,-3792.29799,1886152069,14049,2
13.207508,0.004039,4.392626,-3794.47961,1886618668,14051,1
13.209524,0.002016,4.392932,-3795.09432,1886750096,14052,1
13.21154,0.002016,4.393395,-3796.02442,1886948893,14053,1
13.213556,0.002016,4.393848,-3796.93443,1887143368,14054,1
13.215578,0.002022,4.392832,-3794.89344,1886707013,14055,2
13.219616,0.004038,4.392043,-3793.30845,1886367922,14057,1
13.221632,0.002016,4.392901,-3795.03205,1886736669,14058,1
13.223648,0.002016,4.393273,-3795.77934,1886896475,14059,1
13.225671,0.002023,4.393231,-3795.69497,1886878450,14060,2
13.229703,0.004032,4.393661,-3796.55878,1887062984,14062,1
13.231725,0.002022,4.392824,-3794.87736,1886703640,14063,1
13.233741,0.002016,4.391938,-3793.09752,1886323106,14064,1
13.235757,0.002016,4.39254,-3794.30685,1886581712,14065,2
13.239796,0.004039,4.393224,-3795.68091,1886875247,14067,1
13.241812,0.002016,4.393304,-3795.84162,1886909672,14068,1
13.243834,0.002022,4.39413,-3797.50093,1887264685,14069,1
13.24585,0.002016,4.393476,-3796.18714,1886983482,14070,2
13.249888,0.004038,4.392441,-3794.10797,1886539162,14072,1
13.251904,0.002016,4.392922,-3795.07423,1886745880,14073,1
13.25392,0.002016,4.393751,-3796.73957,1887101615,14074,1
13.255943,0.002023,4.393583,-3796.40209,1887029626,14075,1
13.257959,0.002016,4.394138,-3797.517,1887268111,14076,2
13.261997,0.004038,4.393452,-3796.13893,1886973174,14078,1
13.264013,0.002016,4.392195,-3793.61379,1886433508,14079,1
13.266036,0.002023,4.392347,-3793.91914,1886498806,14080,1
13.268052,0.002016,4.393229,-3795.69095,1886877316,14081,2
13.272084,0.004032,4.393095,-3795.42176,1886819968,14083,1
13.274106,0.002022,4.393809,-3796.85609,1887126536,14084,1
13.276122,0.002016,4.3935,-3796.23535,1886993884,14085,1
13.278144,0.002022,4.392353,-3793.93119,1886501253,14086,2
13.282176,0.004032,4.392666,-3794.55997,1886635679,14088,1
13.284192,0.002016,4.394071,-3797.38241,1887238973,14089,1
13.286215,0.002023,4.394107,-3797.45473,1887254643,14090,1
13.288231,0.002016,4.395055,-3799.35912,1887661686,14091,2
13.292269,0.004038,4.394799,-3798.84485,1887551756,14093,1
13.294285,0.002016,4.393546,-3796.32776,1887013580,14094,1
13.296308,0.002023,4.39359,-3796.41615,1887032741,14095,1
13.298324,0.002016,4.394578,-3798.4009,1887456967,14096,1
13.30034,0.002016,4.394174,-3797.58932,1887283514,14097,2
13.304378,0.004038,4.394793,-3798.8328,1887548976,14099,1
13.306394,0.002016,4.394467,-3798.17791,1887409412,14100,1
13.30841,0.002016,4.392907,-3795.0441,1886739304,14101,1
13.310432,0.002022,4.392492,-3794.21042,1886561167,14102,2
13.314464,0.004032,4.393595,-3796.42619,1887034474,14104,1
13.316487,0.002023,4.393332,-3795.89786,1886922031,14105,1
13.318503,0.002016,4.394141,-3797.52303,1887269218,14106,1
13.320519,0.002016,4.394315,-3797.87257,1887343796,14107,2
13.324557,0.004038,4.392917,-3795.06419,1886743356,14109,1
13.32658,0.002023,4.392665,-3794.55796,1886635128,14110,1
13.328596,0.002016,4.393899,-3797.03688,1887165095,14111,1
13.330612,0.002016,4.393628,-3796.49248,1887048869,14112,2
13.33465,0.004038,4.39414,-3797.52102,1887268909,14114,1
13.336666,0.002016,4.394304,-3797.85047,1887339214,14115,1
13.338688,0.002022,4.393044,-3795.31931,1886798144,14116,1
13.340704,0.002016,4.392533,-3794.29279,1886578616,14117,2
13.344736,0.004032,4.393517,-3796.2695,1887001086,14119,1
13.346759,0.002023,4.393366,-3795.96616,1886936205,14120,1
13.348775,0.002016,4.393814,-3796.86613,1887128894,14121,1
13.350791,0.002016,4.394063,-3797.36634,1887236008,14122,1
13.352813,0.002022,4.392767,-3794.76286,1886679107,14123,2
13.356852,0.004039,4.392163,-3793.54951,1886419538,14125,1
13.358868,0.002016,4.393301,-3795.83559,1886908359,14126,1
13.360884,0.002016,4.393542,-3796.31972,1887012136,14127,1
13.3629,0.002016,4.394131,-3797.50294,1887264812,14128,2
13.366938,0.004038,4.394795,-3798.83682,1887550101,14130,1
13.368954,0.002016,4.393892,-3797.02282,1887162072,14131,1
13.370976,0.002022,4.393302,-3795.8376,1886908608,14132,1
13.372992,0.002016,4.394298,-3797.83842,1887336725,14133,2
13.377031,0.004039,4.394508,-3798.26028,1887426979,14135,1
13.379047,0.002016,4.394536,-3798.31653,1887438724,14136,1
13.381063,0.002016,4.395205,-3799.66045,1887726065,14137,1
13.383085,0.002022,4.393994,-3797.22773,1887205974,14138,2
13.387117,0.004032,4.392901,-3795.03205,1886736540,14140,1
13.38914,0.002023,4.393378,-3795.99027,1886941366,14141,1
13.391156,0.002016,4.393726,-3796.68935,1887090764,14142,1
13.393172,0.002016,4.393851,-3796.94046,1887144648,14143,1
13.395194,0.002022,4.394587,-3798.41898,1887460605,14144,2
13.399226,0.004032,4.393799,-3796.836,1887122152,14146,1
13.401248,0.002022,4.393012,-3795.25503,1886784176,14147,1
13.403264,0.002016,4.393754,-3796.7456,1887103240,14148,1
13.40528,0.002016,4.394609,-3798.46317,1887470281,14149,2
13.409319,0.004039,4.394621,-3798.48728,1887475215,14151,1
13.411335,0.002016,4.39532,-3799.89147,1887775653,14152,1
13.413357,0.002022,4.394648,-3798.54152,1887487009,14153,1
13.415373,0.002016,4.393509,-3796.25343,1886997588,14154,2
13.419805,0.004432,4.393927,-3797.09313,1887177361,14156,1
13.421424,0.001619,4.394765,-3798.77655,1887537248,14157,1
13.423447,0.002023,4.394549,-3798.34264,1887444446,14158,1
13.425463,0.002016,4.395272,-3799.79504,1887754880,14159,2
13.429501,0.004038,4.394736,-3798.7183,1887524785,14161,1
13.431517,0.002016,4.39354,-3796.31571,1887011371,14162,1
13.43354,0.002023,4.393762,-3796.76167,1887106380,14163,1
13.435556,0.002016,4.394786,-3798.81874,1887546146,14164,1
13.437572,0.002016,4.394491,-3798.22613,1887419538,14165,2
13.44161,0.004038,4.395291,-3799.83321,1887763292,14167,1
13.443626,0.002016,4.394993,-3799.23457,1887635387,14168,1
13.445642,0.002016,4.393858,-3796.95452,1887147458,14169,1
13.447664,0.002022,4.394061,-3797.36232,1887234862,14170,2
13.451696,0.004032,4.395273,-3799.79705,1887755394,14172,1
13.453719,0.002023,4.395122,-3799.49372,1887690465,14173,1
13.455735,0.002016,4.395904,-3801.06464,1888026369,14174,1
13.457751,0.002016,4.395749,-3800.75327,1887959830,14175,2
13.461789,0.004038,4.394426,-3798.09555,1887391476,14177,1
13.463812,0.002023,4.394343,-3797.92882,1887356165,14178,1
13.465828,0.002016,4.395376,-3800.00396,1887799724,14179,1
13.467844,0.002016,4.394975,-3799.19841,1887627353,14180,2
13.471882,0.004038,4.395732,-3800.71912,1887952704,14182,1
13.473898,0.002016,4.395675,-3800.60461,1887927875,14183,1
13.475914,0.002016,4.39437,-3797.98306,1887367482,14184,1
13.477936,0.002022,4.3943,-3797.84244,1887337260,14185,1
13.479952,0.002016,4.395635,-3800.52426,1887910646,14186,2
13.483991,0.004039,4.39553,-3800.31333,1887865663,14188,1
13.486007,0.002016,4.396251,-3801.76171,1888175420,14189,1
13.488023,0.002016,4.39649,-3802.24183,1888277863,14190,1
13.490045,0.002022,4.395206,-3799.66246,1887726343,14191,2
13.494077,0.004032,4.39478,-3798.80669,1887543601,14193,1
13.4961,0.002023,4.395993,-3801.24343,1888064529,14194,1
13.498116,0.002016,4.395806,-3800.86777,1887984303,14195,1
13.500132,0.002016,4.396213,-3801.68538,1888158911,14196,2
13.50417,0.004038,4.396564,-3802.39049,1888309992,14198,1
13.506186,0.002016,4.395463,-3800.17874,1887836892,14199,1
13.508208,0.002022,4.394925,-3799.09797,1887605895,14200,1
13.510224,0.002016,4.396074,-3801.40615,1888099598,14201,2
13.514256,0.004032,4.396152,-3801.56284,1888132618,14203,1
13.516279,0.002023,4.396572,-3802.40656,1888313130,14204,1
13.518295,0.002016,4.39705,-3803.36679,1888518500,14205,1
13.520311,0.002016,4.396021,-3801.29968,1888076777,14206,2
13.524349,0.004038,4.395405,-3800.06222,1887812024,14208,1
13.526365,0.002016,4.39643,-3802.1213,1888252186,14209,1
13.528388,0.002023,4.396615,-3802.49294,1888331779,14210,1
13.530404,0.002016,4.397015,-3803.29648,1888503262,14211,1
13.53242,0.002016,4.39764,-3804.55201,1888772125,14212,2
13.536458,0.004038,4.396779,-3802.82239,1888402169,14214,1
13.538474,0.002016,4.396112,-3801.48248,1888115666,14215,1
13.540496,0.002022,4.397014,-3803.29447,1888502937,14216,1
13.542512,0.002016,4.397455,-3804.18038,1888692418,14217,2
13.546551,0.004039,4.397624,-3804.51987,1888765192,14219,1
13.548567,0.002016,4.398232,-3805.74126,1889026596,14220,1
13.550583,0.002016,4.397398,-3804.06587,1888667859,14221,1
13.552605,0.002022,4.396586,-3802.43468,1888319362,14222,2
13.556637,0.004032,4.397341,-3803.95137,1888643557,14224,1
13.55866,0.002023,4.397994,-3805.26315,1888923735,14225,1
13.560676,0.002016,4.398141,-3805.55845,1888987132,14226,1
13.562692,0.002016,4.398928,-3807.13942,1889325287,14227,2
13.56673,0.004038,4.398327,-3805.9321,1889066967,14229,1
13.568746,0.002016,4.397331,-3803.93128,1888639088,14230,1
13.570768,0.002022,4.397835,-3804.94374,1888855680,14231,1
13.572784,0.002016,4.398541,-3806.36199,1889159121,14232,1
13.5748,0.002016,4.398398,-3806.07473,1889097541,14233,2
13.578839,0.004039,4.398992,-3807.26799,1889352650,14235,1
13.580855,0.002016,4.398448,-3806.17517,1889119080,14236,1
13.582877,0.002022,4.397327,-3803.92324,1888637732,14237,1
13.584893,0.002016,4.397606,-3804.48371,1888757688,14238,2
13.588932,0.004039,4.398708,-3806.69747,1889230799,14240,1
13.590948,0.002016,4.398547,-3806.37405,1889161607,14241,1
13.592964,0.002016,4.399137,-3807.55927,1889415011,14242,1
13.59498,0.002016,4.399003,-3807.29009,1889357165,14243,2
13.599018,0.004038,4.397964,-3805.20288,1888911184,14245,1
13.601034,0.002016,4.398242,-3805.76135,1889030439,14246,1
13.603056,0.002022,4.3995,-3808.28849,1889571012,14247,1
13.605072,0.002016,4.399293,-3807.87265,1889481932,14248,2
13.609111,0.004039,4.399843,-3808.97752,1889718214,14250,1
13.611127,0.002016,4.399583,-3808.45522,1889606564,14251,1
13.613143,0.002016,4.398362,-3806.00241,1889082197,14252,1
13.615165,0.002022,4.398397,-3806.07272,1889096791,14253,1
13.617181,0.002016,4.399585,-3808.45924,1889607280,14254,2
13.62122,0.004039,4.399254,-3807.79431,1889465046,14256,1
13.623236,0.002016,4.399894,-3809.07998,1889740044,14257,1
13.625252,0.002016,4.399896,-3809.08399,1889741051,14258,1
13.627274,0.002022,4.398665,-3806.61109,1889212338,14259,2
13.631306,0.004032,4.398527,-3806.33387,1889153015,14261,1
13.633328,0.002022,4.399724,-3808.73847,1889666792,14262,1
13.635344,0.002016,4.399374,-3808.03537,1889516653,14263,1
13.63736,0.002016,4.399959,-3809.21055,1889767752,14264,2
13.641399,0.004039,4.400024,-3809.34113,1889796147,14266,1
13.643415,0.002016,4.398722,-3806.7256,1889236825,14267,1
13.645437,0.002022,4.39853,-3806.3399,1889154193,14268,1
13.647453,0.002016,4.399857,-3809.00565,1889723920,14269,2
13.651492,0.004039,4.399644,-3808.57776,1889632831,14271,1
13.653508,0.002016,4.400365,-3810.02615,1889942435,14272,1
13.655524,0.002016,4.40061,-3810.51832,1890047628,14273,1
13.657546,0.002022,4.399398,-3808.08358,1889527002,14274,2
13.661578,0.004032,4.399019,-3807.32223,1889364348,14276,1
13.6636,0.002022,4.400199,-3809.69268,1889870945,14277,1
13.665616,0.002016,4.400018,-3809.32907,1889793252,14278,1
13.667632,0.002016,4.400455,-3810.20694,1889981291,14279,1
13.669648,0.002016,4.400638,-3810.57456,1890059387,14280,2
13.673687,0.004039,4.399378,-3808.04341,1889518610,14282,1
13.675709,0.002022,4.398814,-3806.91041,1889276138,14283,1
13.677725,0.002016,4.399789,-3808.86905,1889694921,14284,1
13.679741,0.002016,4.39991,-3809.11212,1889747234,14285,2
13.68378,0.004039,4.400315,-3809.9257,1889920725,14287,1
13.685796,0.002016,4.400818,-3810.93616,1890137034,14288,1
13.687812,0.002016,4.399711,-3808.71236,1889661457,14289,1
13.689834,0.002022,4.398994,-3807.27201,1889353365,14290,2
13.693866,0.004032,4.400057,-3809.40742,1889809932,14292,1
13.695888,0.002022,4.40032,-3809.93575,1889922870,14293,1
13.697904,0.002016,4.400679,-3810.65693,1890077127,14294,1
13.69992,0.002016,4.401282,-3811.86827,1890336158,14295,2
13.703959,0.004039,4.400281,-3809.8574,1889906547,14297,1
13.705975,0.002016,4.39947,-3808.22822,1889558206,14298,1
13.707997,0.002022,4.400234,-3809.76299,1889885911,14299,1
13.710013,0.002016,4.400787,-3810.87388,1890123464,14300,1
13.712029,0.002016,4.400982,-3811.26561,1890207440,14301,2
13.716068,0.004039,4.401493,-3812.29214,1890426929,14303,1
13.718084,0.002016,4.400987,-3811.27566,1890209484,14304,1
13.7201,0.002016,4.400313,-3809.92169,1889920196,14305,1
13.722122,0.002022,4.401017,-3811.33592,1890222246,14306,2
13.726154,0.004032,4.40162,-3812.54726,1890481261,14308,1
13.728176,0.002022,4.401534,-3812.3745,1890444400,14309,1
13.730192,0.002016,4.401954,-3813.21822,1890624650,14310,1
13.732208,0.002016,4.401389,-3812.08322,1890381979,14311,2
13.736247,0.004039,4.400462,-3810.22101,1889984137,14313,1
13.738263,0.002016,4.401011,-3811.32387,1890220071,14314,1
13.740285,0.002022,4.401804,-3812.91689,1890560635,14315,1
13.742301,0.002016,4.401654,-3812.61556,1890496026,14316,2
13.74634,0.004039,4.402336,-3813.9856,1890788736,14318,1
13.748356,0.002016,4.401965,-3813.24032,1890629459,14319,1
13.750372,0.002016,4.400846,-3810.99241,1890149015,14320,1
13.752394,0.002022,4.401113,-3811.52877,1890263440,14321,1
13.75441,0.002016,4.402073,-3813.45727,1890675854,14322,2
13.758448,0.004038,4.401785,-3812.87872,1890552447,14324,1
13.760464,0.002016,4.402304,-3813.92132,1890775049,14325,1
13.76248,0.002016,4.402074,-3813.45928,1890676274,14326,1
13.764496,0.002016,4.400877,-3811.05468,1890162319,14327,2
13.768535,0.004039,4.401055,-3811.41226,1890238826,14329,1
13.770551,0.002016,4.402224,-3813.76061,1890740906,14330,1
13.772573,0.002022,4.401901,-3813.11175,1890602075,14331,1
13.774589,0.002016,4.402384,-3814.08203,1890809702,14332,2
13.778628,0.004039,4.402433,-3814.18046,1890830534,14334,1
13.780644,0.002016,4.401328,-3811.96068,1890355934,14335,1
13.78266,0.002016,4.401265,-3811.83412,1890328914,14336,1
13.784682,0.002022,4.402636,-3814.58826,1890917738,14337,2
13.788714,0.004032,4.402423,-3814.16037,1890826376,14339,1
13.790736,0.002022,4.403081,-3815.4822,1891109116,14340,1
13.792752,0.002016,4.402955,-3815.22908,1891054590,14341,1
13.794768,0.002016,4.401619,-3812.54525,1890481015,14342,1
13.796784,0.002016,4.401507,-3812.32026,1890432964,14343,2
13.800823,0.004039,4.402723,-3814.76303,1890955322,14345,1
13.802839,0.002016,4.402436,-3814.18649,1890831735,14346,1
13.804861,0.002022,4.403225,-3815.77148,1891170995,14347,1
13.806877,0.002016,4.403397,-3816.117,1891244568,14348,2
13.810916,0.004039,4.402072,-3813.45526,1890675680,14350,1
13.812932,0.002016,4.401768,-3812.84457,1890544883,14351,1
13.814948,0.002016,4.402929,-3815.17685,1891043542,14352,1
13.81697,0.002022,4.402806,-3814.92976,1890990688,14353,2
13.821002,0.004032,4.40348,-3816.28373,1891280166,14355,1
13.823024,0.002022,4.403676,-3816.67747,1891364363,14356,1
13.82504,0.002016,4.4024,-3814.11417,1890816336,14357,1
13.827056,0.002016,4.402001,-3813.31264,1890645158,14358,2
13.831095,0.004039,4.403187,-3815.69514,1891154526,14360,1
13.833111,0.002016,4.403197,-3815.71523,1891158774,14361,1
13.835133,0.002022,4.403752,-3816.83014,1891397183,14362,1
13.837149,0.002016,4.404097,-3817.5232,1891545349,14363,2
13.841188,0.004039,4.40281,-3814.9378,1890992594,14365,1
13.843204,0.002016,4.402031,-3813.3729,1890658011,14366,1
13.84522,0.002016,4.403089,-3815.49827,1891112137,14367,1
13.847236,0.002016,4.40321,-3815.74134,1891164440,14368,1
13.849258,0.002022,4.40346,-3816.24356,1891271579,14369,2
13.85329,0.004032,4.404119,-3817.56739,1891554724,14371,1
13.855312,0.002022,4.402955,-3815.22908,1891054590,14372,1
13.857328,0.002016,4.402035,-3813.38094,1890659479,14373,1
13.859344,0.002016,4.40269,-3814.69674,1890941102,14374,2
13.863383,0.004039,4.40283,-3814.97798,1891001034,14376,1
13.865399,0.002016,4.402756,-3814.82932,1890969448,14377,1
13.867421,0.002022,4.402975,-3815.26926,1891063213,14378,1
13.869437,0.002016,4.40179,-3812.88877,1890554380,14379,2
13.873476,0.004039,4.400935,-3811.1712,1890187152,14381,1
13.875492,0.002016,4.401677,-3812.66177,1890505796,14382,1
13.877508,0.002016,4.402208,-3813.72847,1890734121,14383,1
13.87953,0.002022,4.402291,-3813.8952,1890769504,14384,2
13.883562,0.004032,4.402863,-3815.04427,1891015062,14386,1
13.885584,0.002022,4.401927,-3813.16398,1890613546,14387,1
13.8876,0.002016,4.400912,-3811.12499,1890177401,14388,1
13.889616,0.002016,4.401505,-3812.31624,1890431993,14389,1
13.891639,0.002023,4.40219,-3813.69231,1890726007,14390,2
13.895671,0.004032,4.402272,-3813.85704,1890761479,14392,1
13.897693,0.002022,4.402995,-3815.30944,1891072030,14393,1
13.899709,0.002016,4.402361,-3814.03582,1890799747,14394,1
13.901725,0.002016,4.401349,-3812.00286,1890365098,14395,2
13.905764,0.004039,4.401804,-3812.91689,1890560540,14397,1
13.90778,0.002016,4.402659,-3814.63446,1890927632,14398,1
13.909802,0.002022,4.402407,-3814.12823,1890819182,14399,1
13.911818,0.002016,4.403168,-3815.65697,1891146397,14400,2
13.915856,0.004038,4.402738,-3814.79316,1890961527,14402,1
13.917872,0.002016,4.401506,-3812.31825,1890432356,14403,1
13.919888,0.002016,4.401794,-3812.8968,1890556303,14404,1
13.921911,0.002023,4.402904,-3815.12663,1891032597,14405,2
13.925943,0.004032,4.402733,-3814.78312,1890959673,14407,1
13.927965,0.002022,4.403465,-3816.2536,1891273841,14408,1
13.929981,0.002016,4.402998,-3815.31546,1891073206,14409,1
13.931997,0.002016,4.401682,-3812.67181,1890507865,14410,1
13.93402,0.002023,4.401536,-3812.37852,1890445475,14411,2
13.938052,0.004032,4.402673,-3814.66259,1890933522,14413,1
13.940074,0.002022,4.402344,-3814.00167,1890792262,14414,1
13.94209,0.002016,4.402942,-3815.20297,1891049059,14415,1
13.944106,0.002016,4.402835,-3814.98802,1891003450,14416,2
13.948144,0.004038,4.401569,-3812.44481,1890459553,14418,1
13.95016,0.002016,4.401368,-3812.04103,1890373126,14419,1
13.952183,0.002023,4.402603,-3814.52197,1890903597,14420,1
13.954199,0.002016,4.402391,-3814.09609,1890812578,14421,2
13.958237,0.004038,4.403022,-3815.36368,1891083574,14423,1
13.960253,0.002016,4.40285,-3815.01815,1891009473,14424,1
13.962269,0.002016,4.401504,-3812.31423,1890431549,14425,1
13.964292,0.002023,4.40119,-3811.68345,1890296578,14426,2
13.968324,0.004032,4.402503,-3814.32108,1890860704,14428,1
13.970346,0.002022,4.402309,-3813.93136,1890777580,14429,1
13.972362,0.002016,4.402921,-3815.16078,1891040252,14430,1
13.974378,0.002016,4.403036,-3815.3918,1891089475,14431,2
13.978416,0.004038,4.401645,-3812.59748,1890492142,14433,1
13.980432,0.002016,4.401156,-3811.61515,1890282248,14434,1
13.982455,0.002023,4.402191,-3813.69432,1890726622,14435,1
13.984471,0.002016,4.401965,-3813.24032,1890629559,14436,1
13.986487,0.002016,4.402471,-3814.2568,1890846994,14437,2
13.990525,0.004038,4.402714,-3814.74495,1890951239,14439,1
13.992541,0.002016,4.401495,-3812.29615,1890427620,14440,1
13.994564,0.002023,4.400918,-3811.13704,1890179803,14441,1
13.99658,0.002016,4.40199,-3813.29054,1890640454,14442,2
14.000615,0.004035,4.401936,-3813.18206,1890617253,14444,1
14.002631,0.002016,4.402485,-3814.28492,1890853116,14445,1
14.004653,0.002022,4.403074,-3815.46814,1891105996,14446,1
14.006669,0.002016,4.401768,-3812.84457,1890544991,14447,2
14.010708,0.004039,4.401075,-3811.45243,1890247389,14449,1
14.012724,0.002016,4.40204,-3813.39098,1890662066,14450,1
14.01474,0.002016,4.402243,-3813.79878,1890748836,14451,1
14.016762,0.002022,4.402459,-3814.23269,1890841881,14452,2
14.020794,0.004032,4.402822,-3814.96191,1890997675,14454,1
14.022816,0.002022,4.401662,-3812.63163,1890499389,14455,1
14.024832,0.002016,4.400768,-3810.83572,1890115265,14456,1
14.026848,0.002016,4.401582,-3812.47092,1890465121,14457,1
14.028871,0.002023,4.401979,-3813.26844,1890635369,14458,2
14.032903,0.004032,4.402038,-3813.38696,1890660707,14460,1
14.034925,0.002022,4.402658,-3814.63245,1890926979,14461,1
14.036941,0.002016,4.401695,-3812.69793,1890513690,14462,1
14.038957,0.002016,4.400772,-3810.84375,1890117236,14463,2
14.042996,0.004039,4.401477,-3812.25999,1890419979,14465,1
14.045012,0.002016,4.402188,-3813.68829,1890725224,14466,1
14.047034,0.002022,4.402281,-3813.87512,1890765249,14467,1
14.04905,0.002016,4.402889,-3815.0965,1891026525,14468,2
14.053088,0.004038,4.402042,-3813.395,1890662946,14470,1
14.055104,0.002016,4.400987,-3811.27566,1890209308,14471,1
14.05712,0.002016,4.401479,-3812.26401,1890420750,14472,1
14.059143,0.002023,4.402092,-3813.49544,1890684133,14473,2
14.063175,0.004032,4.401956,-3813.22224,1890625591,14475,1
14.065191,0.002016,4.402567,-3814.44965,1890888097,14476,1
14.067213,0.002022,4.401845,-3812.99925,1890578338,14477,1
14.069229,0.002016,4.400682,-3810.66295,1890078450,14478,1
14.071245,0.002016,4.400859,-3811.01852,1890154552,14479,2
14.075284,0.004039,4.401652,-3812.61154,1890495286,14481,1
14.0773,0.002016,4.401587,-3812.48097,1890467025,14482,1
14.079322,0.002022,4.402379,-3814.07198,1890807246,14483,1
14.081338,0.002016,4.401891,-3813.09166,1890597630,14484,2
14.085376,0.004038,4.400675,-3810.64889,1890075651,14486,1
14.087392,0.002016,4.40083,-3810.96027,1890141904,14487,1
14.089408,0.002016,4.401927,-3813.16398,1890613284,14488,1
14.091431,0.002023,4.401615,-3812.53722,1890479143,14489,2
14.095463,0.004032,4.402305,-3813.92333,1890775721,14491,1
14.097485,0.002022,4.401964,-3813.23831,1890629034,14492,1
14.099501,0.002016,4.400534,-3810.36564,1890015090,14493,1
14.101517,0.002016,4.400493,-3810.28328,1889997165,14494,2
14.105556,0.004039,4.401739,-3812.78632,1890532479,14496,1
14.107572,0.002016,4.401375,-3812.05509,1890376254,14497,1
14.109588,0.002016,4.402144,-3813.5999,1890706456,14498,1
14.11161,0.002022,4.402018,-3813.34679,1890652271,14499,1
14.113626,0.002016,4.400582,-3810.46207,1890035766,14500,2
14.117664,0.004038,4.400392,-3810.08039,1889954096,14502,1
14.11968,0.002016,4.401657,-3812.62159,1890497267,14503,1
14.121703,0.002023,4.401391,-3812.08723,1890382805,14504,1
14.123719,0.002016,4.402074,-3813.45928,1890676583,14505,2
14.127751,0.004032,4.40206,-3813.43116,1890670452,14507,1
14.129773,0.002022,4.400531,-3810.35962,1890013570,14508,1
14.131789,0.002016,4.400099,-3809.49179,1889828136,14509,1
14.133805,0.002016,4.401231,-3811.76582,1890314390,14510,2
14.137844,0.004039,4.400901,-3811.10289,1890172556,14512,1
14.13986,0.002016,4.401491,-3812.28812,1890425950,14513,1
14.141882,0.002022,4.401631,-3812.56936,1890486142,14514,1
14.143898,0.002016,4.400239,-3809.77303,1889888476,14515,2
14.147936,0.004038,4.399839,-3808.96949,1889716507,14517,1
14.149952,0.002016,4.400894,-3811.08883,1890169707,14518,1
14.151968,0.002016,4.40081,-3810.92009,1890133589,14519,1
14.153991,0.002023,4.401377,-3812.05911,1890376945,14520,2
14.158023,0.004032,4.401669,-3812.6457,1890502513,14522,1
14.160045,0.002022,4.400311,-3809.91767,1889919263,14523,1
14.162061,0.002016,4.399776,-3808.84293,1889689099,14524,1
14.164077,0.002016,4.400866,-3811.03258,1890157512,14525,1
14.1661,0.002023,4.400838,-3810.97634,1890145675,14526,2
14.170132,0.004032,4.401283,-3811.87028,1890336548,14528,1
14.172154,0.002022,4.401812,-3812.93296,1890563615,14529,1
14.17417,0.002016,4.400568,-3810.43394,1890029456,14530,1
14.176186,0.002016,4.399781,-3808.85298,1889691329,14531,2
14.180224,0.004038,4.400695,-3810.68907,1890084283,14533,1
14.18224,0.002016,4.400915,-3811.13102,1890178480,14534,1
14.184263,0.002023,4.40105,-3811.40221,1890236632,14535,1
14.186279,0.002016,4.401466,-3812.2379,1890415210,14536,2
14.190317,0.004038,4.400636,-3810.57055,1890058736,14538,1
14.192333,0.002016,4.399755,-3808.80074,1889680631,14539,1
14.194349,0.002016,4.400542,-3810.38171,1890018579,14540,1
14.196372,0.002023,4.401061,-3811.42431,1890241156,14541,2
14.200404,0.004032,4.401021,-3811.34396,1890224040,14543,1
14.20242,0.002016,4.401412,-3812.12942,1890392028,14544,1
14.204442,0.002022,4.400836,-3810.97232,1890144934,14545,1
14.206458,0.002016,4.399881,-3809.05386,1889734529,14546,1
14.20848,0.002022,4.400415,-3810.12659,1889963746,14547,2
14.212512,0.004032,4.401125,-3811.55288,1890268875,14549,1
14.214535,0.002023,4.401107,-3811.51672,1890260985,14550,1
14.216551,0.002016,4.401518,-3812.34236,1890437652,14551,1
14.218567,0.002016,4.400943,-3811.18727,1890190491,14552,2
14.222605,0.004038,4.399875,-3809.04181,1889732030,14554,1
14.224621,0.002016,4.400284,-3809.86343,1889907742,14555,1
14.226637,0.002016,4.401069,-3811.44038,1890244656,14556,1
14.22866,0.002023,4.400916,-3811.13303,1890179064,14557,2
14.232692,0.004032,4.401361,-3812.02697,1890369886,14559,1
14.234714,0.002022,4.400974,-3811.24954,1890203781,14560,1
14.23673,0.002016,4.39989,-3809.07194,1889738279,14561,1
14.238746,0.002016,4.400173,-3809.64045,1889859776,14562,2
14.242784,0.004038,4.401093,-3811.48859,1890254926,14564,1
14.2448,0.002016,4.400827,-3810.95424,1890140964,14565,1
14.246823,0.002023,4.401369,-3812.04304,1890373431,14566,1
14.248839,0.002016,4.401136,-3811.57498,1890273548,14567,1
14.250855,0.002016,4.399945,-3809.18243,1889762166,14568,2
14.254893,0.004038,4.40009,-3809.47371,1889824418,14570,1
14.256909,0.002016,4.401163,-3811.62921,1890284869,14571,1
14.258932,0.002023,4.400863,-3811.02656,1890156477,14572,1
14.260948,0.002016,4.401347,-3811.99884,1890364085,14573,2
14.264986,0.004038,4.401096,-3811.49462,1890256201,14575,1
14.267002,0.002016,4.399802,-3808.89516,1889700790,14576,1
14.269018,0.002016,4.399676,-3808.64205,1889646525,14577,1
14.27104,0.002022,4.400787,-3810.87388,1890123830,14578,2
14.275072,0.004032,4.400466,-3810.22904,1889985884,14580,1
14.277095,0.002023,4.400885,-3811.07075,1890165628,14581,1
14.279111,0.002016,4.400917,-3811.13504,1890179523,14582,1
14.281127,0.002016,4.39974,-3808.77061,1889673983,14583,2
14.285165,0.004038,4.399469,-3808.22621,1889557644,14585,1
14.287181,0.002016,4.40068,-3810.65894,1890077432,14586,1
14.289204,0.002023,4.400394,-3810.0844,1889954673,14587,1
14.29122,0.002016,4.400754,-3810.80759,1890109251,14588,2
14.295258,0.004038,4.400763,-3810.82567,1890113013,14590,1
14.297274,0.002016,4.399497,-3808.28246,1889569715,14591,1
14.29929,0.002016,4.398973,-3807.22982,1889344380,14592,1
14.301312,0.002022,4.400167,-3809.62839,1889857458,14593,1
14.303328,0.002016,4.399969,-3809.23064,1889772171,14594,2
14.307367,0.004039,4.400279,-3809.85339,1889905418,14596,1
14.309383,0.002016,4.400415,-3810.12659,1889963951,14597,1
14.311399,0.002016,4.399348,-3807.98314,1889505483,14598,1
14.313421,0.002022,4.398747,-3806.77582,1889247278,14599,2
14.317453,0.004032,4.399748,-3808.78668,1889677526,14601,1
14.319476,0.002023,4.399592,-3808.4733,1889610623,14602,1
14.321492,0.002016,4.399816,-3808.92329,1889706447,14603,1
14.323508,0.002016,4.400146,-3809.58621,1889848154,14604,2
14.327546,0.004038,4.399075,-3807.43472,1889387993,14606,1
14.329562,0.002016,4.398462,-3806.20329,1889125267,14607,1
14.331584,0.002022,4.399437,-3808.16193,1889543710,14608,1
14.3336,0.002016,4.399462,-3808.21215,1889554565,14609,2
14.337639,0.004039,4.399639,-3808.56772,1889630652,14611,1
14.339655,0.002016,4.399914,-3809.12015,1889748686,14612,1
14.341671,0.002016,4.398862,-3807.00684,1889296830,14613,1
14.343693,0.002022,4.397916,-3805.10646,1888890750,14614,1
14.345709,0.002016,4.398618,-3806.51668,1889191970,14615,2
14.349748,0.004039,4.398845,-3806.97269,1889289487,14617,1
14.351764,0.002016,4.398904,-3807.09121,1889315093,14618,1
14.35378,0.002016,4.399426,-3808.13983,1889539214,14619,1
14.355796,0.002016,4.398303,-3805.88389,1889056549,14620,2
14.359834,0.004038,4.397244,-3803.75651,1888601665,14622,1
14.36185,0.002016,4.398033,-3805.3415,1888940623,14623,1
14.363872,0.002022,4.39852,-3806.31981,1889149934,14624,1
14.365888,0.002016,4.398581,-3806.44235,1889176163,14625,2
14.369927,0.004039,4.399169,-3807.62356,1889428694,14627,1
14.371943,0.002016,4.398345,-3805.96826,1889074620,14628,1
14.373959,0.002016,4.397297,-3803.86298,1888624598,14629,1
14.375981,0.002022,4.397715,-3804.70268,1888804051,14630,2
14.38002,0.004039,4.398393,-3806.06468,1889095579,14632,1
14.382036,0.002016,4.398279,-3805.83567,1889046358,14633,1
14.384052,0.002016,4.39883,-3806.94255,1889283081,14634,1
14.386068,0.002016,4.398124,-3805.5243,1888979951,14635,1
14.38809,0.002022,4.397064,-3803.39491,1888524841,14636,2
14.392128,0.004038,4.397391,-3804.05181,1888665220,14638,1
14.394144,0.002016,4.398243,-3805.76335,1889030860,14639,1
14.39616,0.002016,4.3981,-3805.47609,1888969628,14640,1
14.398183,0.002023,4.398707,-3806.69546,1889230487,14641,2
14.402215,0.004032,4.398064,-3805.40377,1888953816,14643,1
14.404231,0.002016,4.396901,-3803.06747,1888454535,14644,1
14.406253,0.002022,4.397057,-3803.38085,1888521283,14645,1
14.408269,0.002016,4.398117,-3805.51024,1888976784,14646,2
14.412308,0.004039,4.397773,-3804.81919,1888829347,14648,1
14.414324,0.002016,4.398363,-3806.00442,1889082354,14649,1
14.41634,0.002016,4.398232,-3805.74126,1889026337,14650,1
14.418362,0.002022,4.397131,-3803.52951,1888553577,14651,2
14.422394,0.004032,4.397177,-3803.62191,1888573269,14653,1
14.424416,0.002022,4.398245,-3805.76737,1889031640,14654,1
14.426432,0.002016,4.397874,-3805.02209,1888872388,14655,1
14.428841,0.002409,4.398533,-3806.34592,1889155596,14656,2
14.432487,0.003646,4.398489,-3806.25753,1889136760,14658,1
14.434503,0.002016,4.397285,-3803.83887,1888619681,14659,1
14.436525,0.002022,4.397081,-3803.42906,1888531835,14660,1
14.438541,0.002016,4.398158,-3805.5926,1888994478,14661,1
14.440557,0.002016,4.397662,-3804.59621,1888781610,14662,2
14.444592,0.004035,4.398231,-3805.73925,1889025602,14664,1
14.446615,0.002023,4.398225,-3805.7272,1889023087,14665,1
14.448631,0.002016,4.39696,-3803.18599,1888479918,14666,1
14.450647,0.002016,4.396791,-3802.8465,1888407121,14667,2
14.454685,0.004038,4.398151,-3805.57854,1888991755,14669,1
14.456701,0.002016,4.398043,-3805.36158,1888945100,14670,1
14.458724,0.002023,4.398587,-3806.4544,1889178886,14671,1
14.46074,0.002016,4.398859,-3807.00081,1889295460,14672,2
14.464772,0.004032,4.397714,-3804.70067,1888803544,14674,1
14.466794,0.002022,4.397145,-3803.55763,1888559281,14675,1
14.46881,0.002016,4.398265,-3805.80755,1889040644,14676,1
14.470826,0.002016,4.398098,-3805.47207,1888968911,14677,2
14.474864,0.004038,4.398559,-3806.39815,1889166687,14679,1
14.476887,0.002023,4.398837,-3806.95662,1889286097,14680,1
14.478903,0.002016,4.397828,-3804.92968,1888852665,14681,1
14.480919,0.002016,4.39735,-3803.96945,1888647503,14682,1
14.482935,0.002016,4.398374,-3806.02651,1889087263,14683,2
14.486973,0.004038,4.398314,-3805.90598,1889061614,14685,1
14.488989,0.002016,4.398736,-3806.75372,1889242882,14686,1
14.491012,0.002023,4.399086,-3807.45682,1889392729,14687,1
14.493028,0.002016,4.397942,-3805.15869,1888901776,14688,2
14.497066,0.004038,4.397344,-3803.95739,1888644860,14690,1
14.499082,0.002016,4.398184,-3805.64483,1889005708,14691,1
14.501098,0.002016,4.398335,-3805.94817,1889070623,14692,1
14.50312,0.002022,4.398574,-3806.42829,1889173039,14693,2
14.507152,0.004032,4.399107,-3807.49901,1889402082,14695,1
14.509175,0.002023,4.398051,-3805.37765,1888948294,14696,1
14.511191,0.002016,4.397207,-3803.68218,1888586259,14697,1
14.513207,0.002016,4.398073,-3805.42185,1888957901,14698,2
14.517245,0.004038,4.3985,-3806.27963,1889141557,14700,1
14.519261,0.002016,4.398754,-3806.78988,1889250322,14701,1
14.521284,0.002023,4.399356,-3807.99921,1889508936,14702,1
14.5233,0.002016,4.398443,-3806.16513,1889116755,14703,1
14.525316,0.002016,4.397515,-3804.30091,1888718151,14704,2
14.529354,0.004038,4.39827,-3805.81759,1889042648,14706,1
14.53137,0.002016,4.398899,-3807.08116,1889312765,14707,1
14.533392,0.002022,4.39887,-3807.02291,1889300150,14708,1
14.535408,0.002016,4.399555,-3808.39897,1889594622,14709,2
14.539447,0.004039,4.399135,-3807.55525,1889413895,14711,1
14.541463,0.002016,4.398205,-3805.68702,1889014730,14712,1
14.543479,0.002016,4.398747,-3806.77582,1889247402,14713,1
14.545501,0.002022,4.399628,-3808.54562,1889625801,14714,2
14.549533,0.004032,4.399596,-3808.48134,1889611868,14716,1
14.551556,0.002023,4.400232,-3809.75897,1889885289,14717,1
14.553572,0.002016,4.39969,-3808.67017,1889652401,14718,1
14.555588,0.002016,4.39861,-3806.5006,1889188466,14719,2
14.559626,0.004038,4.399017,-3807.31821,1889363386,14721,1
14.561642,0.002016,4.400028,-3809.34916,1889797581,14722,1
14.563664,0.002022,4.399856,-3809.00364,1889723710,14723,1
14.56568,0.002016,4.400496,-3810.28931,1889998386,14724,1
14.567696,0.002016,4.399952,-3809.19649,1889764939,14725,2
14.571735,0.004039,4.398588,-3806.45641,1889179155,14727,1
14.573751,0.002016,4.3987,-3806.6814,1889227347,14728,1
14.575773,0.002022,4.399766,-3808.82284,1889685278,14729,1
14.577789,0.002016,4.399431,-3808.14988,1889541346,14730,2
14.581828,0.004039,4.400209,-3809.71277,1889875531,14732,1
14.583844,0.002016,4.400021,-3809.3351,1889794477,14733,1
14.58586,0.002016,4.398849,-3806.98072,1889291101,14734,1
14.587876,0.002016,4.398878,-3807.03898,1889303728,14735,2
14.591914,0.004038,4.400142,-3809.57817,1889846370,14737,1
14.593936,0.002022,4.399854,-3808.99962,1889722697,14738,1
14.595952,0.002016,4.400611,-3810.52033,1890048068,14739,1
14.597968,0.002016,4.400401,-3810.09847,1889957609,14740,2
14.602007,0.004039,4.39906,-3807.40459,1889381903,14742,1
14.604023,0.002016,4.398997,-3807.27803,1889355032,14743,1
14.606039,0.002016,4.40018,-3809.65451,1889862894,14744,1
14.608061,0.002022,4.399814,-3808.91927,1889705889,14745,2
14.612093,0.004032,4.400543,-3810.38372,1890018970,14747,1
14.614116,0.002023,4.400643,-3810.58461,1890061802,14748,1
14.616132,0.002016,4.399367,-3808.02131,1889513876,14749,1
14.618148,0.002016,4.399158,-3807.60146,1889424214,14750,1
14.62017,0.002022,4.400437,-3810.17078,1889973416,14751,2
14.624202,0.004032,4.400388,-3810.07235,1889952295,14753,1
14.626224,0.002022,4.401088,-3811.47855,1890252912,14754,1
14.62824,0.002016,4.401465,-3812.23589,1890414835,14755,1
14.630263,0.002023,4.400253,-3809.80116,1889894172,14756,2
14.634295,0.004032,4.399783,-3808.85699,1889692377,14758,1
14.636311,0.002016,4.400925,-3811.15111,1890182774,14759,1
14.638333,0.002022,4.400818,-3810.93616,1890136836,14760,1
14.640349,0.002016,4.401141,-3811.58502,1890275432,14761,2
14.644388,0.004039,4.401279,-3811.86224,1890334815,14763,1
14.646404,0.002016,4.400119,-3809.53197,1889836524,14764,1
14.64842,0.002016,4.399446,-3808.18001,1889547456,14765,1
14.650442,0.002022,4.4004,-3810.09646,1889957531,14766,2
14.65448,0.004038,4.400483,-3810.26319,1889992829,14768,1
14.656496,0.002016,4.400754,-3810.80759,1890109433,14769,1
14.658512,0.002016,4.401194,-3811.69149,1890298290,14770,1
14.660535,0.002023,4.400463,-3810.22301,1889984406,14771,1
14.662551,0.002016,4.39973,-3808.75052,1889669463,14772,2
14.666583,0.004032,4.400662,-3810.62278,1890070035,14774,1
14.668605,0.002022,4.400915,-3811.13102,1890178468,14775,1
14.670621,0.002016,4.401105,-3811.5127,1890260409,14776,1
14.672644,0.002023,4.401457,-3812.21982,1890411579,14777,2
14.676676,0.004032,4.400601,-3810.50024,1890043762,14779,1
14.678692,0.002016,4.399799,-3808.88913,1889699269,14780,1
14.680714,0.002022,4.400529,-3810.3556,1890012723,14781,1
14.68273,0.002016,4.400954,-3811.20936,1890195416,14782,2
14.686768,0.004038,4.401052,-3811.40623,1890237591,14784,1
14.688784,0.002016,4.401513,-3812.33231,1890435267,14785,1
14.690807,0.002023,4.400809,-3810.91808,1890133309,14786,1
14.692823,0.002016,4.399817,-3808.92529,1889706751,14787,2
14.696861,0.004038,4.400459,-3810.21498,1889982910,14789,1
14.698877,0.002016,4.401041,-3811.38413,1890232532,14790,1
14.700893,0.002016,4.400895,-3811.09084,1890169851,14791,1
14.702919,0.002026,4.401438,-3812.18165,1890403080,14792,1
14.704928,0.002009,4.400854,-3811.00848,1890152490,14793,2
14.708967,0.004039,4.399833,-3808.95744,1889713671,14795,1
14.710983,0.002016,4.400289,-3809.87347,1889909502,14796,1
14.713005,0.002022,4.401127,-3811.5569,1890269549,14797,1
14.715021,0.002016,4.400922,-3811.14508,1890181565,14798,2
14.71906,0.004039,4.40138,-3812.06514,1890378385,14800,1
14.721076,0.002016,4.401123,-3811.54886,1890267998,14801,1
14.723092,0.002016,4.399909,-3809.11011,1889746473,14802,1
14.725114,0.002022,4.400094,-3809.48175,1889825813,14803,2
14.729152,0.004038,4.4011,-3811.50266,1890258185,14805,1
14.731168,0.002016,4.400927,-3811.15512,1890183586,14806,1
14.733184,0.002016,4.401412,-3812.12942,1890391965,14807,1
14.735207,0.002023,4.401115,-3811.53279,1890264422,14808,2
14.739239,0.004032,4.400012,-3809.31702,1889790823,14810,1
14.741255,0.002016,4.399996,-3809.28488,1889784085,14811,1
14.743277,0.002022,4.401141,-3811.58502,1890275765,14812,1
14.745293,0.002016,4.400884,-3811.06874,1890165428,14813,2
14.749332,0.004039,4.401328,-3811.96068,1890356089,14815,1
14.751348,0.002016,4.40119,-3811.68345,1890296871,14816,1
14.753364,0.002016,4.399996,-3809.28488,1889783955,14817,1
14.755386,0.002022,4.399887,-3809.06591,1889737169,14818,1
14.757402,0.002016,4.401037,-3811.3761,1890231217,14819,2
14.76144,0.004038,4.400741,-3810.78148,1890103864,14821,1
14.763456,0.002016,4.401282,-3811.86827,1890336076,14822,1
14.765479,0.002023,4.401256,-3811.81604,1890324847,14823,1
14.767495,0.002016,4.400044,-3809.3813,1889804567,14824,2
14.771527,0.004032,4.399838,-3808.96748,1889715799,14826,1
14.773549,0.002022,4.401064,-3811.43034,1890242759,14827,1
14.775565,0.002016,4.400805,-3810.91004,1890131608,14828,1
14.777588,0.002023,4.401265,-3811.83412,1890328929,14829,2
14.78162,0.004032,4.401382,-3812.06915,1890379098,14831,1
14.783636,0.002016,4.400169,-3809.63241,1889858468,14832,1
14.785658,0.002022,4.399751,-3808.79271,1889678401,14833,1
14.787674,0.002016,4.400957,-3811.21539,1890196456,14834,2
14.791712,0.004038,4.400762,-3810.82366,1890112722,14836,1
14.793728,0.002016,4.40118,-3811.66336,1890292478,14837,1
14.795751,0.002023,4.401454,-3812.21379,1890410153,14838,1
14.797767,0.002016,4.400322,-3809.93977,1889923799,14839,1
14.799783,0.002016,4.399757,-3808.80476,1889681364,14840,2
14.803821,0.004038,4.400845,-3810.9904,1890148636,14842,1
14.805837,0.002016,4.400845,-3810.9904,1890148583,14843,1
14.807853,0.002016,4.401138,-3811.57899,1890274396,14844,1
14.809876,0.002023,4.401356,-3812.01692,1890367855,14845,2
14.813908,0.004032,4.400361,-3810.01811,1889940787,14847,1
14.81593,0.002022,4.39974,-3808.77061,1889673955,14848,1
14.817946,0.002016,4.400759,-3810.81764,1890111498,14849,1
14.819962,0.002016,4.400924,-3811.1491,1890182471,14850,2
14.824,0.004038,4.401104,-3811.51069,1890259574,14852,1
14.826016,0.002016,4.401393,-3812.09125,1890384187,14853,1
14.828039,0.002023,4.400442,-3810.18083,1889975393,14854,1
14.830055,0.002016,4.399769,-3808.82887,1889686318,14855,2
14.834093,0.004038,4.40065,-3810.59867,1890064532,14857,1
14.836109,0.002016,4.400882,-3811.06473,1890164567,14858,1
14.838132,0.002023,4.400968,-3811.23749,1890201517,14859,1
14.840148,0.002016,4.401201,-3811.70555,1890301331,14860,1
14.842164,0.002016,4.400334,-3809.96387,1889928896,14861,2
14.846202,0.004038,4.399393,-3808.07354,1889524793,14863,1
14.848218,0.002016,4.40007,-3809.43353,1889815661,14864,1
14.85024,0.002022,4.400442,-3810.18083,1889975450,14865,1
14.852256,0.002016,4.400432,-3810.16074,1889971156,14866,2
14.856295,0.004039,4.400769,-3810.83772,1890115875,14868,1
14.858311,0.002016,4.40003,-3809.35318,1889798234,14869,1
14.860327,0.002016,4.399018,-3807.32022,1889363730,14870,1
14.862349,0.002022,4.399391,-3808.06952,1889524205,14871,2
14.866381,0.004032,4.400061,-3809.41545,1889811634,14873,1
14.868404,0.002023,4.39999,-3809.27283,1889781237,14874,1
14.87042,0.002016,4.400405,-3810.1065,1889959516,14875,1
14.872436,0.002016,4.40006,-3809.41345,1889811373,14876,2
14.876474,0.004038,4.399093,-3807.47088,1889396003,14878,1
14.87849,0.002016,4.399391,-3808.06952,1889523982,14879,1
14.880506,0.002016,4.400304,-3809.90361,1889916308,14880,1
14.882528,0.002022,4.400149,-3809.59223,1889849872,14881,1
14.884544,0.002016,4.400816,-3810.93214,1890136188,14882,2
14.888583,0.004039,4.400379,-3810.05427,1889948281,14884,1
14.890599,0.002016,4.399174,-3807.6336,1889430823,14885,1
14.892615,0.002016,4.399217,-3807.71998,1889449234,14886,1
14.894637,0.002022,4.40015,-3809.59424,1889850049,14887,2
14.898676,0.004039,4.399896,-3809.08399,1889741031,14889,1
14.900692,0.002016,4.400627,-3810.55247,1890054829,14890,1
14.902708,0.002016,4.400311,-3809.91767,1889919099,14891,1
14.904724,0.002016,4.399089,-3807.46285,1889394546,14892,2
14.908762,0.004038,4.399037,-3807.35839,1889372124,14894,1
14.910784,0.002022,4.400157,-3809.60831,1889852841,14895,1
14.9128,0.002016,4.399841,-3808.97351,1889717450,14896,1
14.914816,0.002016,4.400496,-3810.28931,1889998820,14897,2
14.918855,0.004039,4.40039,-3810.07637,1889953155,14899,1
14.920871,0.002016,4.398965,-3807.21375,1889341145,14900,1
14.922887,0.002016,4.398707,-3806.69546,1889230518,14901,1
14.924909,0.002022,4.399749,-3808.78869,1889677971,14902,2
14.928941,0.004032,4.39925,-3807.78627,1889463375,14904,1
14.930964,0.002023,4.3998,-3808.89114,1889699753,14905,1
14.93298,0.002016,4.399717,-3808.72441,1889664034,14906,1
14.934996,0.002016,4.398226,-3805.7292,1889023734,14907,1
14.937018,0.002022,4.397972,-3805.21895,1888914705,14908,2
14.94105,0.004032,4.399113,-3807.51106,1889404554,14910,1
14.943072,0.002022,4.398833,-3806.94858,1889284305,14911,1
14.945088,0.002016,4.399492,-3808.27242,1889567619,14912,1
14.947104,0.002016,4.399664,-3808.61794,1889641448,14913,2
14.951143,0.004039,4.398169,-3805.6147,1888999031,14915,1
14.953159,0.002016,4.39774,-3804.7529,1888814958,14916,1
14.955181,0.002022,4.398841,-3806.96465,1889287672,14917,1
14.957197,0.002016,4.398492,-3806.26356,1889137792,14918,2
14.961236,0.004039,4.398938,-3807.15951,1889329219,14920,1
14.963252,0.002016,4.399109,-3807.50302,1889402822,14921,1
14.965268,0.002016,4.397868,-3805.01003,1888870045,14922,1
14.96729,0.002022,4.397283,-3803.83485,1888618540,14923,2
14.971322,0.004032,4.398368,-3806.01446,1889084583,14925,1
14.973344,0.002022,4.398413,-3806.10486,1889103964,14926,1
14.97536,0.002016,4.398645,-3806.57091,1889203579,14927,1
14.977376,0.002016,4.398945,-3807.17357,1889332364,14928,1
14.979399,0.002023,4.397799,-3804.87142,1888840163,14929,2
14.983431,0.004032,4.39702,-3803.30652,1888505687,14931,1
14.985453,0.002022,4.397875,-3805.0241,1888873095,14932,1
14.987469,0.002016,4.398078,-3805.43189,1888960148,14933,1
14.989485,0.002016,4.39835,-3805.9783,1889076686,14934,2
14.993524,0.004039,4.398674,-3806.62917,1889215987,14936,1
14.99554,0.002016,4.397727,-3804.72679,1888809044,14937,1
14.997562,0.002022,4.396785,-3802.83444,1888404735,14938,1
14.999578,0.002016,4.397496,-3804.26274,1888710149,14939,2
15.003616,0.004038,4.397919,-3805.11249,1888891928,14941,1
15.005632,0.002016,4.397875,-3805.0241,1888872966,14942,1
15.007648,0.002016,4.398353,-3805.98433,1889078163,14943,1
15.009671,0.002023,4.397359,-3803.98753,1888651476,14944,2
15.013703,0.004032,4.396307,-3801.87421,1888199245,14946,1
15.015719,0.002016,4.396801,-3802.86658,1888411774,14947,1
15.017741,0.002022,4.39735,-3803.96945,1888647491,14948,1
15.019757,0.002016,4.397387,-3804.04377,1888663009,14949,1
15.02178,0.002023,4.397784,-3804.84129,1888834089,14950,2
15.025812,0.004032,4.396854,-3802.97305,1888434316,14952,1
15.027828,0.002016,4.395777,-3800.80952,1887971674,14953,1
15.02985,0.002022,4.396354,-3801.96863,1888219776,14954,1
15.031866,0.002016,4.397113,-3803.49335,1888545698,14955,2
15.035904,0.004038,4.396812,-3802.88868,1888416468,14957,1
15.03792,0.002016,4.39742,-3804.11007,1888677572,14958,1
15.039943,0.002023,4.396675,-3802.61347,1888357316,14959,1
15.041959,0.002016,4.395433,-3800.11847,1887824272,14960,2
15.045997,0.004038,4.395672,-3800.59859,1887926691,14962,1
15.048013,0.002016,4.396386,-3802.03291,1888233229,14963,1
15.050029,0.002016,4.395817,-3800.88987,1887989091,14964,1
15.052052,0.002023,4.396421,-3802.10322,1888248638,14965,2
15.056087,0.004035,4.395957,-3801.17111,1888048839,14967,1
15.058103,0.002016,4.394544,-3798.3326,1887442261,14968,1
15.060119,0.002016,4.394462,-3798.16787,1887407075,14969,1
15.062141,0.002022,4.395454,-3800.16066,1887833371,14970,1
15.064157,0.002016,4.395062,-3799.37318,1887665010,14971,2
15.068196,0.004039,4.395498,-3800.24905,1887852068,14973,1
15.070212,0.002016,4.395256,-3799.7629,1887747851,14974,1
15.072228,0.002016,4.39406,-3797.36031,1887234432,14975,1
15.07425,0.002022,4.39401,-3797.25987,1887212816,14976,2
15.078282,0.004032,4.395,-3799.24863,1887638432,14978,1
15.080304,0.002022,4.394608,-3798.46116,1887469511,14979,1
15.08232,0.002016,4.395038,-3799.32497,1887654471,14980,1
15.084343,0.002023,4.394973,-3799.1944,1887626663,14981,2
15.088375,0.004032,4.393794,-3796.82595,1887120243,14983,1
15.090397,0.002022,4.393564,-3796.36392,1887021570,14984,1
15.092413,0.002016,4.394688,-3798.62187,1887503820,14985,1
15.094429,0.002016,4.39447,-3798.18394,1887410667,14986,2
15.098468,0.004039,4.394874,-3798.99552,1887583695,14988,1
15.100484,0.002016,4.394867,-3798.98146,1887580907,14989,1
15.1025,0.002016,4.393653,-3796.54271,1887059618,14990,1
15.104522,0.002022,4.393319,-3795.87175,1886916166,14991,2
15.10856,0.004038,4.394361,-3797.96498,1887363444,14993,1
15.110576,0.002016,4.394011,-3797.26188,1887213052,14994,1
15.112592,0.002016,4.394354,-3797.95091,1887360529,14995,1
15.114615,0.002023,4.394371,-3797.98506,1887367937,14996,1
15.116631,0.002016,4.393229,-3795.69095,1886877554,14997,2
15.120669,0.004038,4.392638,-3794.50372,1886623558,14999,1
15.122685,0.002016,4.393559,-3796.35387,1887019538,15000,1
15.124701,0.002016,4.393248,-3795.72912,1886885367,15001,1
15.126724,0.002023,4.393367,-3795.96817,1886936880,15002,2
15.130756,0.004032,4.39341,-3796.05455,1886955429,15004,1
15.132772,0.002016,4.39236,-3793.94526,1886504046,15005,1
15.134794,0.002022,4.391643,-3792.50491,1886196112,15006,1
15.13681,0.002016,4.392558,-3794.34301,1886589132,15007,2
15.140848,0.004038,4.392447,-3794.12003,1886541411,15009,1
15.142864,0.002016,4.392525,-3794.27672,1886575275,15010,1
15.144887,0.002023,4.392768,-3794.76487,1886679507,15011,1
15.146903,0.002016,4.391897,-3793.01515,1886305536,15012,2
15.150941,0.004038,4.391021,-3791.2554,1885928930,15014,1
15.152957,0.002016,4.391857,-3792.9348,1886288158,15015,1
15.154973,0.002016,4.392124,-3793.47117,1886403047,15016,1
15.156996,0.002023,4.392201,-3793.62585,1886436008,15017,1
15.159012,0.002016,4.392574,-3794.37515,1886596316,15018,2
15.163044,0.004032,4.391882,-3792.98502,1886299119,15020,1
15.165066,0.002022,4.391012,-3791.23732,1885925417,15021,1
15.167082,0.002016,4.391625,-3792.46875,1886188723,15022,1
15.169098,0.002016,4.391946,-3793.11359,1886326526,15023,2
15.173136,0.004038,4.39174,-3792.69976,1886238024,15025,1
15.175159,0.002023,4.391942,-3793.10555,1886324461,15026,1
15.177175,0.002016,4.391089,-3791.392,1885958704,15027,1
15.179191,0.002016,4.390055,-3789.31484,1885514090,15028,2
15.183229,0.004038,4.390598,-3790.40565,1885747743,15030,1
15.185245,0.002016,4.391288,-3791.79176,1886043688,15031,1
15.187261,0.002016,4.391284,-3791.78373,1886042369,15032,1
15.189284,0.002023,4.391776,-3792.77208,1886253499,15033,2
15.193316,0.004032,4.390963,-3791.13888,1885904271,15035,1
15.195338,0.002022,4.389874,-3788.95124,1885436595,15036,1
15.197354,0.002016,4.390248,-3789.70255,1885597139,15037,1
15.19937,0.002016,4.390951,-3791.11478,1885899278,15038,1
15.201392,0.002022,4.390608,-3790.42574,1885751690,15039,2
15.205431,0.004039,4.390976,-3791.165,1885910058,15041,1
15.207447,0.002016,4.390265,-3789.7367,1885604171,15042,1
15.209463,0.002016,4.389015,-3787.22563,1885067559,15043,1
15.211479,0.002016,4.389126,-3787.44862,1885115125,15044,2
15.215517,0.004038,4.389936,-3789.07579,1885463224,15046,1
15.21754,0.002023,4.389611,-3788.42291,1885323593,15047,1
15.219556,0.002016,4.390177,-3789.55992,1885566745,15048,1
15.221572,0.002016,4.389777,-3788.75638,1885394769,15049,2
15.22561,0.004038,4.388682,-3786.55668,1884924516,15051,1
15.227626,0.002016,4.388639,-3786.4703,1884906404,15052,1
15.229648,0.002022,4.389699,-3788.59969,1885361517,15053,1
15.231664,0.002016,4.389342,-3787.88253,1885207985,15054,2
15.235703,0.004039,4.389754,-3788.71018,1885385153,15056,1
15.237719,0.002016,4.389253,-3787.70374,1885169611,15057,1
15.239735,0.002016,4.387918,-3785.02192,1884596733,15058,1
15.241751,0.002016,4.387655,-3784.49359,1884483487,15059,2
15.245789,0.004038,4.388627,-3786.4462,1884900854,15061,1
15.247805,0.002016,4.388208,-3785.60449,1884720989,15062,1
15.249828,0.002023,4.38886,-3786.91426,1885000956,15063,1
15.251844,0.002016,4.388818,-3786.82989,1884982859,15064,1
15.25386,0.002016,4.387744,-3784.67238,1884521550,15065,2
15.257898,0.004038,4.387698,-3784.57997,1884501767,15067,1
15.259914,0.002016,4.389224,-3787.64548,1885157252,15068,1
15.261936,0.002022,4.389279,-3787.75597,1885180898,15069,1
15.263952,0.002016,4.389782,-3788.76642,1885397202,15070,2
15.267991,0.004039,4.389755,-3788.71219,1885385366,15072,1
15.270007,0.002016,4.388454,-3786.09866,1884826885,15073,1
15.272023,0.002016,4.387816,-3784.81701,1884552734,15074,1
15.274045,0.002022,4.388725,-3786.64306,1884942914,15075,2
15.278077,0.004032,4.388342,-3785.87367,1884778497,15077,1
15.2801,0.002023,4.388516,-3786.22321,1884853308,15078,1
15.282116,0.002016,4.388369,-3785.92791,1884789839,15079,1
15.284132,0.002016,4.387245,-3783.66996,1884307167,15080,2
15.28817,0.004038,4.386667,-3782.50884,1884059152,15082,1
15.290186,0.002016,4.387449,-3784.07976,1884395055,15083,1
15.292202,0.002016,4.387105,-3783.38872,1884247002,15084,1
15.294224,0.002022,4.387313,-3783.80656,1884336452,15085,1
15.29624,0.002016,4.387336,-3783.85276,1884346683,15086,2
15.300279,0.004039,4.386336,-3781.84391,1883916999,15088,1
15.302295,0.002016,4.38545,-3780.06406,1883536475,15089,1
15.304311,0.002016,4.386377,-3781.92627,1883934477,15090,1
15.306333,0.002022,4.386474,-3782.12113,1883976241,15091,2
15.310365,0.004032,4.386531,-3782.23563,1884000809,15093,1
15.312388,0.002023,4.386586,-3782.34612,1884024145,15094,1
15.314404,0.002016,4.38547,-3780.10424,1883545147,15095,1
15.31642,0.002016,4.384489,-3778.13355,1883123619,15096,2
15.320458,0.004038,4.385245,-3779.65225,1883448360,15098,1
15.322474,0.002016,4.38539,-3779.94353,1883510612,15099,1
15.324496,0.002022,4.385317,-3779.79688,1883479278,15100,1
15.326512,0.002016,4.385512,-3780.18861,1883563263,15101,2
15.330551,0.004039,4.384838,-3778.83464,1883273356,15103,1
15.332567,0.002016,4.383961,-3777.07287,1882896899,15104,1
15.334583,0.002016,4.384624,-3778.40475,1883181645,15105,1
15.336605,0.002022,4.385121,-3779.40315,1883395323,15106,1
15.338621,0.002016,4.384857,-3778.87281,1883281833,15107,2
15.34266,0.004039,4.384801,-3778.76031,1883257641,15109,1
15.344676,0.002016,4.384344,-3777.84227,1883061328,15110,1
15.346692,0.002016,4.383306,-3775.75707,1882615600,15111,1
15.348708,0.002016,4.383532,-3776.21107,1882712737,15112,2
15.352746,0.004038,4.384214,-3777.58111,1883005552,15114,1
15.354768,0.002022,4.384087,-3777.32599,1882950918,15115,1
15.356784,0.002016,4.384036,-3777.22354,1882929171,15116,1
15.3588,0.002016,4.383616,-3776.37982,1882748693,15117,2
15.362839,0.004039,4.382681,-3774.50154,1882347068,15119,1
15.364855,0.002016,4.382965,-3775.07205,1882469037,15120,1
15.366871,0.002016,4.383659,-3776.4662,1882767048,15121,1
15.368893,0.002022,4.383333,-3775.81131,1882627028,15122,2
15.372925,0.004032,4.383487,-3776.12068,1882693419,15124,1
15.374948,0.002023,4.383297,-3775.73899,1882611588,15125,1
15.376964,0.002016,4.382339,-3773.81451,1882200250,15126,1
15.37898,0.002016,4.382483,-3774.10378,1882262135,15127,1
15.381002,0.002022,4.38353,-3776.20706,1882711801,15128,2
15.385034,0.004032,4.383204,-3775.55217,1882571678,15130,1
15.387056,0.002022,4.383383,-3775.91176,1882648525,15131,1
15.389072,0.002016,4.383175,-3775.49391,1882559291,15132,1
15.391088,0.002016,4.382072,-3773.27815,1882085661,15133,2
15.395127,0.004039,4.381996,-3773.12547,1882053061,15135,1
15.397143,0.002016,4.382907,-3774.95554,1882444370,15136,1
15.399165,0.002022,4.38234,-3773.81652,1882200953,15137,1
15.401181,0.002016,4.382566,-3774.27052,1882297667,15138,2
15.40522,0.004039,4.382414,-3773.96517,1882232672,15140,1
15.407236,0.002016,4.381379,-3771.88601,1881787939,15141,1
15.409252,0.002016,4.381017,-3771.1588,1881632328,15142,1
15.411268,0.002016,4.382106,-3773.34645,1882100395,15143,2
15.415306,0.004038,4.381791,-3772.71366,1881964794,15145,1
15.417322,0.002016,4.382364,-3773.86473,1882211114,15146,1
15.419344,0.002022,4.382342,-3773.82054,1882201680,15147,1
15.42136,0.002016,4.380815,-3770.75301,1881545646,15148,2
15.425399,0.004039,4.380515,-3770.15036,1881416982,15150,1
15.427415,0.002016,4.381604,-3772.338,1881884408,15151,1
15.429431,0.002016,4.381145,-3771.41594,1881687193,15152,1
15.431453,0.002022,4.381849,-3772.83017,1881989993,15153,1
15.433469,0.002016,4.381974,-3773.08128,1882043363,15154,2
15.437901,0.004432,4.380461,-3770.04188,1881393519,15156,1
15.439524,0.001623,4.379892,-3768.89884,1881149232,15157,1
15.44154,0.002016,4.380848,-3770.81931,1881559925,15158,1
15.443562,0.002022,4.380597,-3770.31508,1881451881,15159,2
15.447594,0.004032,4.381052,-3771.22911,1881647550,15161,1
15.449616,0.002022,4.381567,-3772.26367,1881868368,15162,1
15.451632,0.002016,4.380301,-3769.72046,1881324773,15163,1
15.453648,0.002016,4.379906,-3768.92696,1881155062,15164,2
15.457687,0.004039,4.381087,-3771.29942,1881662598,15166,1
15.459703,0.002016,4.381147,-3771.41995,1881688633,15167,1
15.461725,0.002022,4.381668,-3772.46657,1881912111,15168,1
15.463741,0.002016,4.382237,-3773.60961,1882156651,15169,2
15.46778,0.004039,4.380945,-3771.01416,1881601577,15171,1
15.469796,0.002016,4.380172,-3769.46132,1881269394,15172,1
15.471812,0.002016,4.380982,-3771.08849,1881617480,15173,1
15.473834,0.002022,4.381018,-3771.16081,1881632949,15174,1
15.47585,0.002016,4.380952,-3771.02823,1881604706,15175,2
15.479888,0.004038,4.381548,-3772.2255,1881860606,15177,1
15.481904,0.002016,4.380155,-3769.42717,1881262241,15178,1
15.48392,0.002016,4.379011,-3767.12904,1880770812,15179,1
15.485943,0.002023,4.379669,-3768.45086,1881053415,15180,2
15.489975,0.004032,4.38004,-3769.19615,1881212944,15182,1
15.491997,0.002022,4.380072,-3769.26043,1881226404,15183,1
15.494013,0.002016,4.380908,-3770.93984,1881585424,15184,1
15.496029,0.002016,4.379944,-3769.0033,1881171692,15185,2
15.500068,0.004039,4.378963,-3767.03261,1880750317,15187,1
15.502084,0.002016,4.379734,-3768.58144,1881081169,15188,1
15.5041,0.002016,4.380496,-3770.11219,1881408559,15189,1
15.506122,0.002022,4.380494,-3770.10817,1881407968,15190,2
15.510154,0.004032,4.381423,-3771.9744,1881806822,15192,1
15.512176,0.002022,4.380641,-3770.40347,1881470675,15193,1
15.514192,0.002016,4.379396,-3767.90245,1880936287,15194,1
15.516215,0.002023,4.379735,-3768.58345,1881081582,15195,1
15.518231,0.002016,4.380351,-3769.8209,1881346502,15196,2
15.522263,0.004032,4.379766,-3768.64572,1881094927,15198,1
15.524285,0.002022,4.380431,-3769.98161,1881380883,15199,1
15.526301,0.002016,4.379581,-3768.27408,1881015831,15200,1
15.528317,0.002016,4.37817,-3765.43959,1880409529,15201,2
15.532356,0.004039,4.378229,-3765.55811,1880434820,15203,1
15.534372,0.002016,4.379095,-3767.29778,1880806873,15204,1
15.536394,0.002022,4.378733,-3766.57058,1880651342,15205,1
15.53841,0.002016,4.379453,-3768.01695,1880960623,15206,2
15.542448,0.004038,4.37897,-3767.04667,1880753463,15208,1
15.544464,0.002016,4.377738,-3764.57176,1880224239,15209,1
15.54648,0.002016,4.377756,-3764.60792,1880231790,15210,1
15.548503,0.002023,4.378725,-3766.5545,1880648126,15211,2
15.552535,0.004032,4.37831,-3765.72083,1880469803,15213,1
15.554557,0.002022,4.379155,-3767.41831,1880832822,15214,1
15.556573,0.002016,4.378943,-3766.99243,1880741777,15215,1
15.558589,0.002016,4.377531,-3764.15593,1880135186,15216,2
15.562628,0.004039,4.377525,-3764.14388,1880132735,15218,1
15.564644,0.002016,4.378666,-3766.43598,1880622570,15219,1
15.56666,0.002016,4.378099,-3765.29696,1880379446,15220,1
15.568682,0.002022,4.378828,-3766.76142,1880692392,15221,1
15.570698,0.002016,4.37874,-3766.58464,1880654667,15222,2
15.574736,0.004038,4.377242,-3763.57537,1880011030,15224,1
15.576752,0.002016,4.376981,-3763.05106,1879898965,15225,1
15.578768,0.002016,4.378133,-3765.36526,1880393928,15226,1
15.580791,0.002023,4.377703,-3764.50145,1880209167,15227,2
15.584823,0.004032,4.378326,-3765.75297,1880476974,15229,1
15.586845,0.002022,4.378596,-3766.29536,1880592580,15230,1
15.588861,0.002016,4.377128,-3763.34636,1879962160,15231,1
15.590877,0.002016,4.376703,-3762.4926,1879779594,15232,2
15.594916,0.004039,4.377879,-3764.85501,1880284723,15234,1
15.596932,0.002016,4.377508,-3764.10973,1880125209,15235,1
15.598954,0.002022,4.377869,-3764.83492,1880280479,15236,1
15.60097,0.002016,4.378213,-3765.52597,1880428007,15237,2
15.605008,0.004038,4.37678,-3762.64728,1879812512,15239,1
15.607024,0.002016,4.376292,-3761.66696,1879602954,15240,1
15.60904,0.002016,4.377388,-3763.86866,1880073829,15241,1
15.611063,0.002023,4.377118,-3763.32627,1879957953,15242,1
15.613079,0.002016,4.377404,-3763.90081,1880080720,15243,2
15.617111,0.004032,4.377875,-3764.84698,1880283022,15245,1
15.619133,0.002022,4.376681,-3762.4484,1879770294,15246,1
15.621149,0.002016,4.375885,-3760.84935,1879428188,15247,1
15.623172,0.002023,4.376614,-3762.31381,1879741277,15248,2
15.627204,0.004032,4.376526,-3762.13703,1879703858,15250,1
15.62922,0.002016,4.376785,-3762.65732,1879815003,15251,1
15.631242,0.002022,4.377437,-3763.9671,1880094681,15252,1
15.633258,0.002016,4.376172,-3761.42589,1879551517,15253,2
15.637296,0.004038,4.37525,-3759.57373,1879155416,15255,1
15.639312,0.002016,4.375932,-3760.94377,1879448282,15256,1
15.641335,0.002023,4.375925,-3760.92971,1879445184,15257,1
15.643351,0.002016,4.375746,-3760.57012,1879368453,15258,2
15.647383,0.004032,4.376353,-3761.7895,1879629316,15260,1
15.649405,0.002022,4.375152,-3759.37686,1879113275,15261,1
15.651421,0.002016,4.374123,-3757.30975,1878671310,15262,1
15.653444,0.002023,4.374723,-3758.51506,1878929299,15263,1
15.65546,0.002016,4.375175,-3759.42307,1879123172,15264,2
15.659492,0.004032,4.375141,-3759.35476,1879108782,15266,1
15.661514,0.002022,4.375699,-3760.47571,1879348518,15267,1
15.66353,0.002016,4.374781,-3758.63158,1878953981,15268,1
15.665552,0.002022,4.373816,-3756.69303,1878539548,15269,2
15.669584,0.004032,4.374512,-3758.09119,1878838615,15271,1
15.671607,0.002023,4.375276,-3759.62596,1879166716,15272,1
15.673623,0.002016,4.375275,-3759.62395,1879166269,15273,1
15.675639,0.002016,4.375934,-3760.94779,1879449500,15274,2
15.679677,0.004038,4.375186,-3759.44516,1879128024,15276,1
15.681693,0.002016,4.373976,-3757.01445,1878608516,15277,1
15.683709,0.002016,4.374162,-3757.38809,1878688092,15278,1
15.685732,0.002023,4.374865,-3758.80032,1878990127,15279,2
15.689764,0.004032,4.374666,-3758.40056,1878904573,15281,1
15.691786,0.002022,4.375023,-3759.11772,1879058175,15282,1
15.693802,0.002016,4.374489,-3758.04499,1878828535,15283,1
15.695818,0.002016,4.373336,-3755.72878,1878333720,15284,1
15.69784,0.002022,4.373458,-3755.97386,1878385738,15285,2
15.701872,0.004032,4.374445,-3757.9566,1878809866,15287,1
15.703895,0.002023,4.374272,-3757.60907,1878735721,15288,1
15.705911,0.002016,4.374803,-3758.67577,1878963318,15289,1
15.707927,0.002016,4.374328,-3757.72156,1878759579,15290,2
15.711965,0.004038,4.372944,-3754.94131,1878165339,15292,1
15.713981,0.002016,4.372992,-3755.03773,1878185829,15293,1
15.716004,0.002023,4.374087,-3757.23743,1878655971,15294,1
15.71802,0.002016,4.373802,-3756.66491,1878533486,15295,2
15.722058,0.004038,4.374517,-3758.10124,1878840491,15297,1
15.724074,0.002016,4.374439,-3757.94455,1878807179,15298,1
15.72609,0.002016,4.373066,-3755.18639,1878217600,15299,1
15.728112,0.002022,4.373045,-3755.1442,1878208210,15300,2
15.732144,0.004032,4.374386,-3757.83808,1878784512,15302,1
15.734167,0.002023,4.374039,-3757.14101,1878635206,15303,1
15.736183,0.002016,4.374753,-3758.57533,1878942353,15304,1
15.738199,0.002016,4.374746,-3758.56127,1878939308,15305,2
15.742237,0.004038,4.373258,-3755.57209,1878300086,15307,1
15.74426,0.002023,4.372839,-3754.73038,1878119799,15308,1
15.746276,0.002016,4.374059,-3757.18118,1878643801,15309,1
15.748292,0.002016,4.373833,-3756.72718,1878546828,15310,1
15.750308,0.002016,4.374343,-3757.7517,1878765972,15311,2
15.754346,0.004038,4.37444,-3757.94656,1878807676,15313,1
15.756368,0.002022,4.373032,-3755.11809,1878202983,15314,1
15.758384,0.002016,4.372702,-3754.45516,1878061334,15315,1
15.7604,0.002016,4.373876,-3756.81356,1878565518,15316,2
15.764439,0.004039,4.373745,-3756.5504,1878509361,15318,1
15.766455,0.002016,4.374267,-3757.59902,1878733323,15319,1
15.768477,0.002022,4.374473,-3758.01285,1878821816,15320,1
15.770493,0.002016,4.372933,-3754.91921,1878160342,15321,2
15.774532,0.004039,4.372368,-3753.78421,1877917669,15323,1
15.776548,0.002016,4.373426,-3755.90958,1878372356,15324,1
15.778564,0.002016,4.373549,-3756.15667,1878425030,15325,1
15.780586,0.002022,4.373999,-3757.06065,1878618176,15326,2
15.784618,0.004032,4.37439,-3757.84611,1878786015,15328,1
15.78664,0.002022,4.373092,-3755.23862,1878228885,15329,1
15.788656,0.002016,4.372383,-3753.81434,1877924141,15330,1
15.790679,0.002023,4.373362,-3755.78101,1878344659,15331,1
15.792695,0.002016,4.373537,-3756.13256,1878419780,15332,2
15.796733,0.004038,4.373824,-3756.7091,1878543293,15334,1
15.798749,0.002016,4.374251,-3757.56688,1878726590,15335,1
15.800765,0.002016,4.373064,-3755.18237,1878216422,15336,1
15.802788,0.002023,4.3722,-3753.44672,1877845473,15337,2
15.80682,0.004032,4.372894,-3754.84087,1878143765,15339,1
15.808842,0.002022,4.373247,-3755.54999,1878295314,15340,1
15.810858,0.002016,4.373427,-3755.91159,1878372562,15341,1
15.812874,0.002016,4.374009,-3757.08074,1878622315,15342,2
15.816912,0.004038,4.372995,-3755.04376,1878187217,15344,1
15.818928,0.002016,4.372028,-3753.1012,1877771640,15345,1
15.820951,0.002023,4.372695,-3754.4411,1878058351,15346,1
15.822967,0.002016,4.373278,-3755.61227,1878308720,15347,2
15.826999,0.004032,4.373313,-3755.68258,1878323781,15349,1
15.829021,0.002022,4.373988,-3757.03855,1878613336,15350,1
15.831037,0.002016,4.372977,-3755.0076,1878179309,15351,1
15.833053,0.002016,4.371904,-3752.8521,1877718674,15352,1
15.835076,0.002023,4.372409,-3753.86657,1877935542,15353,2
15.839108,0.004032,4.373089,-3755.23259,1878227524,15355,1
15.84113,0.002022,4.37306,-3755.17434,1878214788,15356,1
15.843146,0.002016,4.373788,-3756.63678,1878527510,15357,1
15.845162,0.002016,4.373149,-3755.35312,1878253171,15358,2
15.8492,0.004038,4.371814,-3752.6713,1877679556,15360,1
15.851216,0.002016,4.37202,-3753.08512,1877768387,15361,1
15.853239,0.002023,4.372834,-3754.72033,1878118048,15362,1
15.855255,0.002016,4.372549,-3754.14781,1877995419,15363,2
15.859293,0.004038,4.373094,-3755.24264,1878229462,15365,1
15.861309,0.002016,4.372491,-3754.0313,1877970761,15366,1
15.863325,0.002016,4.371056,-3751.14859,1877353939,15367,1
15.865348,0.002023,4.37118,-3751.39769,1877407623,15368,2
15.86938,0.004032,4.372261,-3753.56926,1877871650,15370,1
15.871402,0.002022,4.372041,-3753.12731,1877777463,15371,1
15.873418,0.002016,4.372792,-3754.63596,1878100006,15372,1
15.875434,0.002016,4.372587,-3754.22415,1878011881,15373,1
15.877456,0.002022,4.371267,-3751.57246,1877444726,15374,2
15.881488,0.004032,4.37129,-3751.61866,1877454599,15376,1
15.883511,0.002023,4.372467,-3753.98308,1877960193,15377,1
15.885527,0.002016,4.371968,-3752.98066,1877746176,15378,1
15.887543,0.002016,4.372705,-3754.46119,1878062163,15379,2
15.891581,0.004038,4.372558,-3754.16589,1877999436,15381,1
15.893597,0.002016,4.370939,-3750.91355,1877304019,15382,1
15.89562,0.002023,4.370685,-3750.4033,1877194818,15383,1
15.897636,0.002016,4.371794,-3752.63112,1877671092,15384,2
15.901674,0.004038,4.371379,-3751.79745,1877493099,15386,1
15.90369,0.002016,4.372186,-3753.4186,1877839439,15387,1
15.905706,0.002016,4.372378,-3753.8043,1877921866,15388,1
15.907728,0.002022,4.370862,-3750.75887,1877270814,15389,2
15.91176,0.004032,4.370569,-3750.17027,1877145268,15391,1
15.913783,0.002023,4.371711,-3752.46439,1877635514,15392,1
15.915799,0.002016,4.371241,-3751.52023,1877433728,15393,1
15.917815,0.002016,4.371885,-3752.81393,1877710417,15394,2
15.921853,0.004038,4.372397,-3753.84246,1877930330,15396,1
15.923869,0.002016,4.370676,-3750.38522,1877191192,15397,1
15.925892,0.002023,4.370091,-3749.21004,1876939967,15398,1
15.927908,0.002016,4.371375,-3751.78941,1877491124,15399,1
15.929924,0.002016,4.371355,-3751.74924,1877482447,15400,2
15.933962,0.004038,4.371809,-3752.66126,1877677387,15402,1
15.935978,0.002016,4.372441,-3753.93085,1877949153,15403,1
15.938,0.002022,4.370978,-3750.9919,1877320751,15404,1
15.940016,0.002016,4.370324,-3749.67811,1877040057,15405,2
15.944055,0.004039,4.371293,-3751.62469,1877455937,15407,1
15.946071,0.002016,4.371286,-3751.61062,1877452916,15408,1
15.948087,0.002016,4.371454,-3751.94811,1877525427,15409,1
15.950109,0.002022,4.372106,-3753.25789,1877805212,15410,2
15.954141,0.004032,4.370714,-3750.46156,1877207214,15412,1
15.956164,0.002023,4.369933,-3748.89264,1876871797,15413,1
15.95818,0.002016,4.370798,-3750.6303,1877243366,15414,1
15.960196,0.002016,4.371219,-3751.47603,1877424402,15415,2
15.964234,0.004038,4.371435,-3751.90994,1877517163,15417,1
15.96625,0.002016,4.372168,-3753.38244,1877831949,15418,1
15.968272,0.002022,4.370791,-3750.61624,1877240486,15419,1
15.970288,0.002016,4.369916,-3748.85849,1876864583,15420,1
15.972304,0.002016,4.370668,-3750.36915,1877187523,15421,2
15.976343,0.004039,4.37086,-3750.75485,1877270143,15423,1
15.978359,0.002016,4.370754,-3750.54191,1877224505,15424,1
15.980381,0.002022,4.371696,-3752.43426,1877629194,15425,1
15.982397,0.002016,4.37068,-3750.39326,1877192775,15426,2
15.986436,0.004039,4.369715,-3748.45471,1876778392,15428,1
15.988452,0.002016,4.370431,-3749.89305,1877085927,15429,1
15.990468,0.002016,4.371108,-3751.25305,1877376582,15430,1
15.99249,0.002022,4.370989,-3751.01399,1877325399,15431,2
15.996522,0.004032,4.372043,-3753.13133,1877777939,15433,1
15.998544,0.002022,4.371211,-3751.45996,1877420642,15434,1
16.00056,0.002016,4.369946,-3748.91876,1876877580,15435,1
16.002576,0.002016,4.370311,-3749.65199,1877034173,15436,2
16.006615,0.004039,4.37104,-3751.11645,1877347582,15438,1
16.008631,0.002016,4.370605,-3750.24259,1877160586,15439,1
16.010653,0.002022,4.371537,-3752.11485,1877560842,15440,1
16.012669,0.002016,4.370833,-3750.70061,1877258606,15441,1
16.014685,0.002016,4.369463,-3747.94848,1876670035,15442,2
16.018724,0.004039,4.369886,-3748.79823,1876851899,15444,1
16.02074,0.002016,4.370885,-3750.80507,1877281033,15445,1
16.022762,0.002022,4.370555,-3750.14215,1877139266,15446,1
16.024778,0.002016,4.371366,-3751.77133,1877487541,15447,2
16.028816,0.004038,4.371107,-3751.25104,1877376080,15449,1
16.030832,0.002016,4.369781,-3748.5873,1876806589,15450,1
16.032855,0.002023,4.369927,-3748.88059,1876869462,15451,1
16.034871,0.002016,4.371108,-3751.25305,1877376591,15452,2
16.038909,0.004038,4.37076,-3750.55397,1877227005,15454,1
16.040925,0.002016,4.37141,-3751.85972,1877506160,15455,1
16.042941,0.002016,4.371442,-3751.92401,1877520133,15456,1
16.044964,0.002023,4.3701,-3749.22812,1876943734,15457,2
16.048996,0.004032,4.369921,-3748.86854,1876866849,15459,1
16.051018,0.002022,4.37085,-3750.73476,1877265845,15460,1
16.053034,0.002016,4.370347,-3749.72431,1877049822,15461,1
16.05505,0.002016,4.37078,-3750.59414,1877235992,15462,2
16.059088,0.004038,4.371025,-3751.08631,1877341078,15464,1
16.061104,0.002016,4.369681,-3748.38641,1876763801,15465,1
16.063127,0.002023,4.369466,-3747.95451,1876671308,15466,1
16.065143,0.002016,4.370771,-3750.57606,1877231903,15467,1
16.067159,0.002016,4.370465,-3749.96135,1877100447,15468,2
16.071197,0.004038,4.370906,-3750.84726,1877289922,15470,1
16.073213,0.002016,4.371259,-3751.55639,1877441396,15471,1
16.075236,0.002023,4.369904,-3748.83439,1876859498,15472,1
16.077252,0.002016,4.369525,-3748.07303,1876696931,15473,2
16.08129,0.004038,4.370752,-3750.5379,1877223622,15475,1
16.083306,0.002016,4.370312,-3749.654,1877034678,15476,1
16.085322,0.002016,4.370657,-3750.34705,1877182735,15477,1
16.087344,0.002022,4.371019,-3751.07426,1877338564,15478,2
16.091383,0.004039,4.369706,-3748.43663,1876774470,15480,1
16.093399,0.002016,4.369107,-3747.23333,1876517296,15481,1
16.095415,0.002016,4.370083,-3749.19397,1876936545,15482,1
16.097431,0.002016,4.369955,-3748.93684,1876881132,15483,2
16.101469,0.004038,4.370214,-3749.45713,1876992798,15485,1
16.103492,0.002023,4.370824,-3750.68253,1877254813,15486,1
16.105508,0.002016,4.369679,-3748.38239,1876762589,15487,1
16.107524,0.002016,4.368983,-3746.98423,1876463832,15488,1
16.10954,0.002016,4.370116,-3749.26026,1876950505,15489,2
16.113578,0.004038,4.370211,-3749.4511,1876991189,15491,1
16.115594,0.002016,4.370568,-3750.16827,1877144660,15492,1
16.117616,0.002022,4.371372,-3751.78339,1877490028,15493,1
16.119632,0.002016,4.370152,-3749.33258,1876966171,15494,2
16.123671,0.004039,4.369516,-3748.05495,1876692936,15496,1
16.125687,0.002016,4.37036,-3749.75042,1877055346,15497,1
16.127703,0.002016,4.370701,-3750.43544,1877201626,15498,1
16.129725,0.002022,4.370729,-3750.49169,1877213851,15499,2
16.133757,0.004032,4.371577,-3752.1952,1877578290,15501,1
16.13578,0.002023,4.370437,-3749.90511,1877088208,15502,1
16.137796,0.002016,4.369344,-3747.70943,1876618808,15503,1
16.139812,0.002016,4.370025,-3749.07746,1876911366,15504,2
16.14385,0.004038,4.37049,-3750.01158,1877110987,15506,1
16.145866,0.002016,4.370349,-3749.72833,1877050652,15507,1
16.147888,0.002022,4.371207,-3751.45193,1877418975,15508,1
16.149904,0.002016,4.370273,-3749.57565,1877017861,15509,1
16.15192,0.002016,4.369284,-3747.5889,1876593147,15510,2
16.155959,0.004039,4.369947,-3748.92077,1876878066,15512,1
16.157975,0.002016,4.370632,-3750.29683,1877172045,15513,1
16.159997,0.002022,4.370505,-3750.04171,1877117833,15514,1
16.162013,0.002016,4.37145,-3751.94008,1877523658,15515,2
16.166052,0.004039,4.370857,-3750.74883,1877268865,15517,1
16.168068,0.002016,4.369536,-3748.09513,1876701608,15518,1
16.170084,0.002016,4.369885,-3748.79622,1876851339,15519,1
16.172106,0.002022,4.370829,-3750.69258,1877256644,15520,2
16.176138,0.004032,4.370525,-3750.08189,1877126084,15522,1
16.17816,0.002022,4.371445,-3751.93003,1877521243,15523,1
16.180176,0.002016,4.371,-3751.03609,1877330063,15524,1
16.182192,0.002016,4.369638,-3748.30003,1876745242,15525,2
16.186231,0.004039,4.369975,-3748.97701,1876889845,15527,1
16.188247,0.002016,4.371022,-3751.08029,1877339815,15528,1
16.190269,0.002022,4.370658,-3750.34906,1877183362,15529,1
16.192285,0.002016,4.371638,-3752.31774,1877604220,15530,1
16.194301,0.002016,4.371647,-3752.33582,1877607904,15531,2
16.19834,0.004039,4.370235,-3749.49932,1877001560,15533,1
16.200356,0.002016,4.370106,-3749.24017,1876946300,15534,1
16.202378,0.002022,4.371272,-3751.5825,1877446861,15535,1
16.204394,0.002016,4.370762,-3750.55798,1877228026,15536,2
16.208432,0.004038,4.371095,-3751.22693,1877371188,15538,1
16.210448,0.002016,4.370955,-3750.94569,1877311058,15539,1
16.212464,0.002016,4.369494,-3748.01075,1876683194,15540,1
16.214487,0.002023,4.369351,-3747.72349,1876622151,15541,2
16.218519,0.004032,4.370716,-3750.46558,1877208112,15543,1
16.220541,0.002022,4.370473,-3749.97742,1877103829,15544,1
16.222557,0.002016,4.370935,-3750.90552,1877302300,15545,1
16.22458,0.002023,4.371192,-3751.42179,1877412532,15546,2
16.228612,0.004032,4.36989,-3748.80626,1876853430,15548,1
16.230628,0.002016,4.3695,-3748.02281,1876686133,15549,1
16.23265,0.002022,4.370448,-3749.9272,1877093284,15550,1
16.234666,0.002016,4.36993,-3748.88662,1876870708,15551,2
16.238704,0.004038,4.370386,-3749.80265,1877066414,15553,1
16.24072,0.002016,4.370698,-3750.42942,1877200400,15554,1
16.242743,0.002023,4.369391,-3747.80384,1876639179,15555,1
16.244759,0.002016,4.369011,-3747.04048,1876476127,15556,1
16.246775,0.002016,4.370131,-3749.2904,1876956642,15557,2
16.250813,0.004038,4.369914,-3748.85447,1876863565,15559,1
16.252829,0.002016,4.370312,-3749.654,1877034857,15560,1
16.254852,0.002023,4.370791,-3750.61624,1877240750,15561,1
16.256868,0.002016,4.369483,-3747.98866,1876678461,15562,2
16.2609,0.004032,4.368979,-3746.97619,1876461921,15564,1
16.262922,0.002022,4.370098,-3749.2241,1876942641,15565,1
16.264938,0.002016,4.369992,-3749.01117,1876897162,15566,1
16.26696,0.002022,4.370179,-3749.38682,1876977648,15567,2
16.270992,0.004032,4.370812,-3750.65843,1877249551,15569,1
16.273015,0.002023,4.369725,-3748.4748,1876782631,15570,1
16.275031,0.002016,4.368995,-3747.00834,1876468805,15571,1
16.277047,0.002016,4.369941,-3748.90871,1876875241,15572,2
16.281085,0.004038,4.370104,-3749.23616,1876945285,15574,1
16.283101,0.002016,4.37021,-3749.4491,1876990936,15575,1
16.285124,0.002023,4.37093,-3750.89547,1877300171,15576,1
16.28714,0.002016,4.369646,-3748.3161,1876748812,15577,1
16.289156,0.002016,4.368685,-3746.38559,1876335748,15578,2
16.293194,0.004038,4.369391,-3747.80384,1876639065,15580,1
16.29521,0.002016,4.369787,-3748.59935,1876809149,15581,1
16.297232,0.002022,4.369757,-3748.53908,1876796272,15582,1
16.299248,0.002016,4.370636,-3750.30487,1877173833,15583,2
16.303287,0.004039,4.369638,-3748.30003,1876745410,15585,1
16.305303,0.002016,4.368658,-3746.33135,1876324301,15586,1
16.307319,0.002016,4.369252,-3747.52461,1876579618,15587,1
16.309335,0.002016,4.369878,-3748.78216,1876848453,15588,2
16.313373,0.004038,4.36989,-3748.80626,1876853638,15590,1
16.315389,0.002016,4.370843,-3750.7207,1877262731,15591,1
16.317412,0.002023,4.370149,-3749.32656,1876964552,15592,1
16.319428,0.002016,4.369061,-3747.14092,1876497338,15593,2
16.323466,0.004038,4.369545,-3748.11321,1876705388,15595,1
16.325482,0.002016,4.370215,-3749.45914,1876993289,15596,1
16.327498,0.002016,4.369878,-3748.78216,1876848558,15597,1
16.32952,0.002022,4.370736,-3750.50575,1877216821,15598,1
16.331536,0.002016,4.370062,-3749.15179,1876927488,15599,2
16.335575,0.004039,4.368627,-3746.26908,1876310996,15601,1
16.337591,0.002016,4.368987,-3746.99226,1876465363,15602,1
16.339607,0.002016,4.369935,-3748.89666,1876872526,15603,1
16.341629,0.002022,4.36952,-3748.06299,1876694649,15604,2
16.345661,0.004032,4.370465,-3749.96135,1877100551,15606,1
16.347684,0.002023,4.370274,-3749.57766,1877018295,15607,1
16.3497,0.002016,4.368944,-3746.90588,1876446949,15608,1
16.351716,0.002016,4.369143,-3747.30565,1876532498,15609,2
16.355754,0.004038,4.370256,-3749.5415,1877010682,15611,1
16.35777,0.002016,4.369903,-3748.83238,1876858928,15612,1
16.359792,0.002022,4.370782,-3750.59816,1877236624,15613,1
16.361808,0.002016,4.370675,-3750.38321,1877190678,15614,2
16.365847,0.004039,4.369127,-3747.2735,1876525840,15616,1
16.367863,0.002016,4.368965,-3746.94807,1876456012,15617,1
16.369879,0.002016,4.370123,-3749.27433,1876953542,15618,1
16.371901,0.002022,4.36958,-3748.18352,1876720297,15619,1
16.373917,0.002016,4.370299,-3749.62788,1877029363,15620,2
16.377956,0.004039,4.370376,-3749.78257,1877062026,15622,1
16.379972,0.002016,4.368929,-3746.87575,1876440957,15623,1
16.381988,0.002016,4.368678,-3746.37153,1876332710,15624,1
16.38401,0.002022,4.369862,-3748.75001,1876841196,15625,2
16.388042,0.004032,4.369496,-3748.01477,1876684336,15627,1
16.390064,0.002022,4.370229,-3749.48726,1876999174,15628,1
16.39208,0.002016,4.370487,-3750.00555,1877110046,15629,1
16.394096,0.002016,4.369106,-3747.23132,1876516548,15630,2
16.398135,0.004039,4.368857,-3746.73111,1876409868,15632,1
16.400151,0.002016,4.370123,-3749.27433,1876953720,15633,1
16.402173,0.002022,4.369922,-3748.87055,1876867173,15634,1
16.404189,0.002016,4.370519,-3750.06983,1877123406,15635,2
16.408228,0.004039,4.370933,-3750.9015,1877301268,15637,1
16.410244,0.002016,4.369425,-3747.87214,1876653622,15638,1
16.41226,0.002016,4.368898,-3746.81348,1876427653,15639,1
16.414282,0.002022,4.369862,-3748.75001,1876841444,15640,2
16.418314,0.004032,4.36973,-3748.48484,1876784769,15642,1
16.420336,0.002022,4.370002,-3749.03125,1876901568,15643,1
16.422352,0.002016,4.370642,-3750.31692,1877176309,15644,1
16.424368,0.002016,4.369178,-3747.37596,1876547764,15645,1
16.426391,0.002023,4.36839,-3745.79298,1876209029,15646,2
16.430423,0.004032,4.369316,-3747.65318,1876607002,15648,1
16.432445,0.002022,4.36925,-3747.52059,1876578565,15649,1
16.434461,0.002016,4.369457,-3747.93643,1876667585,15650,1
16.436477,0.002016,4.370055,-3749.13772,1876924221,15651,2
16.440516,0.004039,4.368554,-3746.12243,1876279602,15653,1
16.442532,0.002016,4.367582,-3744.16982,1875862427,15654,1
16.444554,0.002022,4.368506,-3746.02601,1876259271,15655,1
16.446963,0.002409,4.368619,-3746.25301,1876307708,15656,2
16.450608,0.003645,4.368567,-3746.14855,1876285191,15658,1
16.452624,0.002016,4.369288,-3747.59693,1876594786,15659,1
16.45464,0.002016,4.368131,-3745.27268,1876098023,15660,1
16.456663,0.002023,4.36714,-3743.28191,1875672195,15661,2
16.460695,0.004032,4.367843,-3744.69413,1875974312,15663,1
16.462717,0.002022,4.368274,-3745.55995,1876159386,15664,1
16.464733,0.002016,4.368241,-3745.49366,1876145424,15665,1
16.466749,0.002016,4.369071,-3747.16101,1876501765,15666,1
16.468772,0.002023,4.368113,-3745.23652,1876089946,15667,2
16.472804,0.004032,4.367044,-3743.08906,1875631045,15669,1
16.474826,0.002022,4.367608,-3744.22205,1875873427,15670,1
16.476842,0.002016,4.368302,-3745.6162,1876171531,15671,1
16.478858,0.002016,4.368105,-3745.22045,1876087062,15672,2
16.482896,0.004038,4.368982,-3746.98222,1876463456,15674,1
16.484912,0.002016,4.368279,-3745.56999,1876161727,15675,1
16.486935,0.002023,4.367138,-3743.27789,1875671569,15676,1
16.488951,0.002016,4.367518,-3744.04126,1875834644,15677,2
16.492983,0.004032,4.368195,-3745.40125,1876125475,15679,1
16.495005,0.002022,4.367955,-3744.91913,1876022313,15680,1
16.497021,0.002016,4.36874,-3746.49608,1876359733,15681,1
16.499044,0.002023,4.368404,-3745.8211,1876215378,15682,2
16.503076,0.004032,4.367187,-3743.37632,1875692353,15684,1
16.505092,0.002016,4.3674,-3743.80421,1875784199,15685,1
16.507114,0.002022,4.368336,-3745.6845,1876186125,15686,1
16.50913,0.002016,4.368013,-3745.03564,1876047191,15687,1
16.511152,0.002022,4.368554,-3746.12243,1876279636,15688,2
16.515184,0.004032,4.368327,-3745.66642,1876182194,15690,1
16.517207,0.002023,4.367043,-3743.08705,1875630493,15691,1
16.519223,0.002016,4.367111,-3743.22365,1875659822,15692,1
16.521239,0.002016,4.368225,-3745.46152,1876138367,15693,2
16.525277,0.004038,4.367766,-3744.53945,1875941142,15695,1
16.527293,0.002016,4.368505,-3746.024,1876258869,15696,1
16.529309,0.002016,4.368509,-3746.03203,1876260414,15697,1
16.531332,0.002023,4.366992,-3742.9846,1875608815,15698,2
16.535364,0.004032,4.366828,-3742.65514,1875538118,15700,1
16.537386,0.002022,4.367919,-3744.84681,1876006775,15701,1
16.539402,0.002016,4.367451,-3743.90666,1875805764,15702,1
16.541418,0.002016,4.367945,-3744.89904,1876018127,15703,2
16.545456,0.004038,4.36802,-3745.0497,1876050071,15705,1
16.547472,0.002016,4.366402,-3741.79937,1875355214,15706,1
16.549495,0.002023,4.36598,-3740.95164,1875174088,15707,1
16.551511,0.002016,4.367223,-3743.44864,1875708062,15708,2
16.555549,0.004038,4.366908,-3742.81585,1875572613,15710,1
16.557565,0.002016,4.367338,-3743.67966,1875757409,15711,1
16.559581,0.002016,4.36768,-3744.36669,1875904102,15712,1
16.561604,0.002023,4.366387,-3741.76924,1875349143,15713,1
16.56362,0.002016,4.365964,-3740.91949,1875167329,15714,2
16.567652,0.004032,4.367018,-3743.03683,1875619829,15716,1
16.569674,0.002022,4.366705,-3742.40806,1875485486,15717,1
16.57169,0.002016,4.366996,-3742.99263,1875610687,15718,1
16.573706,0.002016,4.367268,-3743.53904,1875727424,15719,2
16.577744,0.004038,4.365823,-3740.63624,1875106744,15721,1
16.57976,0.002016,4.365233,-3739.45102,1874853416,15722,1
16.581783,0.002023,4.366263,-3741.52014,1875295836,15723,1
16.583799,0.002016,4.366222,-3741.43778,1875278297,15724,2
16.587837,0.004038,4.366623,-3742.24333,1875450346,15726,1
16.589853,0.002016,4.367055,-3743.11116,1875635945,15727,1
16.591869,0.002016,4.365632,-3740.25255,1875024734,15728,1
16.593892,0.002023,4.364972,-3738.92671,1874741108,15729,2
16.597924,0.004032,4.365926,-3740.84316,1875151148,15731,1
16.59994,0.002016,4.365994,-3740.97976,1875180044,15732,1
16.601962,0.002022,4.366252,-3741.49804,1875290949,15733,1
16.603978,0.002016,4.367002,-3743.00469,1875613020,15734,1
16.605994,0.002016,4.365763,-3740.51571,1875080980,15735,2
16.610032,0.004038,4.364799,-3738.57918,1874666693,15737,1
16.612048,0.002016,4.365684,-3740.35701,1875046924,15738,1
16.614071,0.002023,4.366039,-3741.07016,1875199582,15739,1
16.616087,0.002016,4.366072,-3741.13645,1875213618,15740,2
16.620125,0.004038,4.366781,-3742.56073,1875518155,15742,1
16.622141,0.002016,4.365796,-3740.58201,1875095128,15743,1
16.624157,0.002016,4.364795,-3738.57114,1874665232,15744,1
16.62618,0.002023,4.365485,-3739.95725,1874961387,15745,2
16.630212,0.004032,4.365901,-3740.79294,1875140115,15747,1
16.632234,0.002022,4.36574,-3740.46951,1875071077,15748,1
16.63425,0.002016,4.366434,-3741.86366,1875368973,15749,1
16.636266,0.002016,4.365558,-3740.1039,1874993065,15750,2
16.640304,0.004038,4.364431,-3737.83992,1874508993,15752,1
16.64232,0.002016,4.364913,-3738.80819,1874715667,15753,1
16.644343,0.002023,4.365575,-3740.13805,1875000192,15754,1
16.646359,0.002016,4.365368,-3739.72222,1874911417,15755,1
16.648375,0.002016,4.366075,-3741.14248,1875214970,15756,2
16.652413,0.004038,4.365418,-3739.82266,1874932856,15758,1
16.654429,0.002016,4.3641,-3737.17499,1874366788,15759,1
16.656445,0.002016,4.364394,-3737.76559,1874492970,15760,1
16.658468,0.002023,4.365167,-3739.31844,1874824832,15761,2
16.6625,0.004032,4.365031,-3739.04523,1874766519,15763,1
16.664522,0.002022,4.365841,-3740.6724,1875114318,15764,1
16.666538,0.002016,4.365442,-3739.87087,1874943242,15765,1
16.668554,0.002016,4.364112,-3737.19909,1874371738,15766,2
16.672592,0.004038,4.364416,-3737.80978,1874502493,15768,1
16.674608,0.002016,4.365571,-3740.13001,1874998351,15769,1
16.676631,0.002023,4.365122,-3739.22804,1874805525,15770,1
16.678647,0.002016,4.365844,-3740.67843,1875115954,15771,2
16.682679,0.004032,4.365585,-3740.15814,1875004423,15773,1
16.684701,0.002022,4.364022,-3737.0183,1874333184,15774,1
16.686717,0.002016,4.363937,-3736.84754,1874296837,15775,1
16.688733,0.002016,4.365006,-3738.99501,1874755547,15776,1
16.690756,0.002023,4.364516,-3738.01067,1874545397,15777,2
16.694788,0.004032,4.36506,-3739.10349,1874779075,15779,1
16.69681,0.002022,4.365075,-3739.13362,1874785380,15780,1
16.698826,0.002016,4.363719,-3736.40961,1874202928,15781,1
16.700842,0.002016,4.363575,-3736.12034,1874140976,15782,2
16.70488,0.004038,4.364798,-3738.57717,1874666252,15784,1
16.706896,0.002016,4.364384,-3737.7455,1874488426,15785,1
16.708919,0.002023,4.36504,-3739.06331,1874770376,15786,1
16.710935,0.002016,4.365238,-3739.46106,1874855382,15787,2
16.714973,0.004038,4.3638,-3736.57233,1874237890,15789,1
16.716989,0.002016,4.363547,-3736.06409,1874129430,15790,1
16.719005,0.002016,4.364694,-3738.36825,1874621723,15791,1
16.721028,0.002023,4.36447,-3737.91826,1874525281,15792,2
16.72506,0.004032,4.364944,-3738.87046,1874729479,15794,1
16.727082,0.002022,4.36531,-3739.6057,1874886343,15795,1
16.729098,0.002016,4.363915,-3736.80335,1874287540,15796,1
16.731114,0.002016,4.363478,-3735.92548,1874099485,15797,2
16.735152,0.004038,4.364633,-3738.24571,1874595340,15799,1
16.737168,0.002016,4.364428,-3737.83389,1874507260,15800,1
16.739191,0.002023,4.364695,-3738.37026,1874622237,15801,1
16.741207,0.002016,4.365083,-3739.14969,1874788945,15802,1
16.743223,0.002016,4.363842,-3736.6567,1874255586,15803,2
16.747261,0.004038,4.363064,-3735.09381,1873921523,15805,1
16.749277,0.002016,4.363856,-3736.68482,1874261697,15806,1
16.7513,0.002023,4.36373,-3736.43171,1874207893,15807,1
16.753316,0.002016,4.363738,-3736.44778,1874211076,15808,2
16.757354,0.004038,4.364004,-3736.98214,1874325286,15810,1
16.75937,0.002016,4.362863,-3734.69003,1873835193,15811,1
16.761386,0.002016,4.362121,-3733.19946,1873516569,15812,1
16.763408,0.002022,4.363032,-3735.02953,1873908166,15813,2
16.76744,0.004032,4.363137,-3735.24046,1873953163,15815,1
16.769463,0.002023,4.363145,-3735.25653,1873956434,15816,1
16.771479,0.002016,4.363614,-3736.19868,1874157810,15817,1
16.773495,0.002016,4.362652,-3734.26616,1873744604,15818,2
16.777533,0.004038,4.361754,-3732.46221,1873359283,15820,1
16.779549,0.002016,4.36254,-3734.04117,1873696533,15821,1
16.781572,0.002023,4.362805,-3734.57352,1873810599,15822,1
16.783588,0.002016,4.362813,-3734.58959,1873814174,15823,1
16.785604,0.002016,4.363482,-3735.93351,1874101033,15824,2
16.789642,0.004038,4.362778,-3734.51928,1873798614,15826,1
16.791658,0.002016,4.361752,-3732.45819,1873358020,15827,1
16.79368,0.002022,4.362405,-3733.76997,1873638675,15828,1
16.795696,0.002016,4.362952,-3734.86882,1873873585,15829,2
16.799735,0.004039,4.362756,-3734.47508,1873789592,15831,1
16.801751,0.002016,4.36332,-3735.60808,1874031866,15832,1
16.803767,0.002016,4.36267,-3734.30232,1873752462,15833,1
16.805789,0.002022,4.361578,-3732.10865,1873283742,15834,2
16.809828,0.004039,4.362043,-3733.04277,1873483212,15836,1
16.811844,0.002016,4.362795,-3734.55343,1873806016,15837,1
16.81386,0.002016,4.362391,-3733.74185,1873632631,15838,1
16.815876,0.002016,4.36331,-3735.58799,1874027308,15839,2
16.819914,0.004038,4.362717,-3734.39674,1873772788,15841,1
16.821936,0.002022,4.361382,-3731.71492,1873199332,15842,1
16.823952,0.002016,4.361369,-3731.6888,1873193817,15843,1
16.825968,0.002016,4.362116,-3733.18942,1873514465,15844,1
16.827991,0.002023,4.361447,-3731.84549,1873227100,15845,2
16.832023,0.004032,4.362319,-3733.59721,1873601693,15847,1
16.834045,0.002022,4.361772,-3732.49837,1873366631,15848,1
16.836061,0.002016,4.360181,-3729.30228,1872683500,15849,1
16.838077,0.002016,4.360237,-3729.41478,1872707333,15850,2
16.842116,0.004039,4.361272,-3731.49394,1873151970,15852,1
16.844132,0.002016,4.360748,-3730.4413,1872927052,15853,1
16.846154,0.002022,4.361724,-3732.40194,1873346438,15854,1
16.84817,0.002016,4.36162,-3732.19302,1873301746,15855,2
16.852208,0.004038,4.360006,-3728.95073,1872608371,15857,1
16.854224,0.002016,4.359729,-3728.39428,1872489218,15858,1
16.856247,0.002023,4.36068,-3730.3047,1872897858,15859,1
16.858263,0.002016,4.359872,-3728.68154,1872550923,15860,2
16.862295,0.004032,4.360546,-3730.03551,1872840246,15862,1
16.864317,0.002022,4.360409,-3729.7603,1872781276,15863,1
16.866333,0.002016,4.358715,-3726.3573,1872053913,15864,1
16.868356,0.002023,4.358562,-3726.04994,1871988060,15865,2
16.872388,0.004032,4.359825,-3728.58713,1872530706,15867,1
16.874404,0.002016,4.359324,-3727.58069,1872315512,15868,1
16.876426,0.002022,4.359947,-3728.83221,1872582775,15869,1
16.878442,0.002016,4.360252,-3729.44491,1872713913,15870,1
16.880464,0.002022,4.358459,-3725.84303,1871944164,15871,2
16.884496,0.004032,4.357956,-3724.83257,1871727891,15873,1
16.886519,0.002023,4.359173,-3727.27735,1872250552,15874,1
16.888535,0.002016,4.358756,-3726.43966,1872071503,15875,1
16.890551,0.002016,4.359248,-3727.42802,1872282751,15876,2
16.894589,0.004038,4.359919,-3728.77596,1872570909,15878,1
16.896605,0.002016,4.358247,-3725.41715,1871852810,15879,1
16.898628,0.002023,4.357745,-3724.40871,1871637395,15880,1
16.900644,0.002016,4.358836,-3726.60037,1872105863,15881,2
16.904682,0.004038,4.358675,-3726.27694,1872036605,15883,1
16.906698,0.002016,4.358993,-3726.91576,1872173368,15884,1
16.908714,0.002016,4.35973,-3728.39629,1872489552,15885,1
16.910736,0.002022,4.358361,-3725.64616,1871901845,15886,2
16.914768,0.004032,4.357728,-3724.37456,1871629994,15888,1
16.916791,0.002023,4.358758,-3726.44368,1872072590,15889,1
16.918807,0.002016,4.358775,-3726.47783,1872079538,15890,1
16.920823,0.002016,4.358973,-3726.87558,1872164438,15891,1
16.922845,0.002022,4.359993,-3728.92461,1872602719,15892,2
16.926877,0.004032,4.358648,-3726.2227,1872025009,15894,1
16.9289,0.002023,4.357906,-3724.73213,1871706612,15895,1
16.930916,0.002016,4.358939,-3726.80728,1872149855,15896,1
16.932932,0.002016,4.359153,-3727.23718,1872241838,15897,2
16.93697,0.004038,4.359179,-3727.28941,1872252958,15899,1
16.938992,0.002022,4.360232,-3729.40473,1872705496,15900,1
16.941008,0.002016,4.359029,-3726.98808,1872188716,15901,1
16.943024,0.002016,4.358103,-3725.12788,1871790856,15902,2
16.947063,0.004039,4.358812,-3726.55216,1872095691,15904,1
16.949079,0.002016,4.359086,-3727.10258,1872213172,15905,1
16.951101,0.002022,4.358838,-3726.60439,1872106536,15906,1
16.953117,0.002016,4.359984,-3728.90653,1872598802,15907,2
16.957156,0.004039,4.35903,-3726.99009,1872189073,15909,1
16.959172,0.002016,4.357895,-3724.71003,1871701873,15910,1
16.961188,0.002016,4.358607,-3726.14034,1872007480,15911,1
16.96321,0.002022,4.359263,-3727.45815,1872289229,15912,1
16.965226,0.002016,4.358792,-3726.51198,1872086883,15913,2
16.969264,0.004038,4.359861,-3728.65945,1872546077,15915,1
16.97128,0.002016,4.359108,-3727.14678,1872222557,15916,1
16.973296,0.002016,4.357772,-3724.46295,1871648938,15917,1
16.975319,0.002023,4.358034,-3724.98927,1871761328,15918,2
16.979351,0.004032,4.358818,-3726.56421,1872098099,15920,1
16.981373,0.002022,4.358335,-3725.59393,1871890573,15921,1
16.983389,0.002016,4.359321,-3727.57466,1872313841,15922,1
16.985405,0.002016,4.358899,-3726.72693,1872132874,15923,2
16.989444,0.004039,4.357627,-3724.17166,1871586510,15925,1
16.99146,0.002016,4.357827,-3724.57343,1871672430,15926,1
16.993482,0.002022,4.358651,-3726.22873,1872026381,15927,1
16.995498,0.002016,4.358128,-3725.1781,1871801578,15928,2
16.999536,0.004038,4.359,-3726.92982,1872176342,15930,1
17.001552,0.002016,4.358743,-3726.41354,1872065682,15931,1
17.003568,0.002016,4.357331,-3723.57704,1871459579,15932,1
17.005591,0.002023,4.357327,-3723.569,1871457746,15933,1
17.007607,0.002016,4.35832,-3725.5638,1871884089,15934,2
17.011645,0.004038,4.35764,-3724.19778,1871592100,15936,1
17.013661,0.002016,4.358374,-3725.67228,1871907430,15937,1
17.015677,0.002016,4.358369,-3725.66223,1871905423,15938,1
17.0177,0.002023,4.356699,-3722.30744,1871187762,15939,2
17.021732,0.004032,4.356537,-3721.98201,1871118642,15941,1
17.023754,0.002022,4.357728,-3724.37456,1871630104,15942,1
17.02577,0.002016,4.357103,-3723.11902,1871361496,15943,1
17.027786,0.002016,4.357858,-3724.63571,1871685664,15944,2
17.031824,0.004038,4.358224,-3725.37095,1871842838,15946,1
17.03384,0.002016,4.356738,-3722.38579,1871204841,15947,1
17.035863,0.002023,4.356483,-3721.87353,1871095346,15948,1
17.037879,0.002016,4.357635,-3724.18773,1871589816,15949,2
17.041917,0.004038,4.357235,-3723.38419,1871418363,15951,1
17.043933,0.002016,4.357815,-3724.54933,1871667479,15952,1
17.045949,0.002016,4.358194,-3725.31068,1871830250,15953,1
17.047972,0.002023,4.356454,-3721.81527,1871082788,15954,2
17.052004,0.004032,4.355962,-3720.82692,1870871282,15956,1
17.054026,0.002022,4.356945,-3722.80162,1871293386,15957,1
17.056042,0.002016,4.356579,-3722.06638,1871136199,15958,1
17.058058,0.002016,4.357021,-3722.95429,1871326229,15959,1
17.06008,0.002022,4.357578,-3724.07323,1871565699,15960,2
17.064112,0.004032,4.35618,-3721.26485,1870964882,15962,1
17.066135,0.002023,4.355605,-3720.10975,1870718234,15963,1
17.068151,0.002016,4.356679,-3722.26727,1871179201,15964,1
17.070167,0.002016,4.356599,-3722.10656,1871145230,15965,2
17.074205,0.004038,4.356881,-3722.67305,1871266170,15967,1
17.076221,0.002016,4.357485,-3723.8864,1871525619,15968,1
17.078244,0.002023,4.356094,-3721.09209,1870928176,15969,1
17.08026,0.002016,4.355412,-3719.72205,1870635388,15970,2
17.084292,0.004032,4.356499,-3721.90567,1871102058,15972,1
17.086314,0.002022,4.356675,-3722.25923,1871177512,15973,1
17.08833,0.002016,4.356906,-3722.72328,1871276761,15974,1
17.090346,0.002016,4.357689,-3724.29621,1871613094,15975,2
17.094384,0.004038,4.35656,-3722.02821,1871128345,15977,1
17.096407,0.002023,4.355745,-3720.39099,1870778350,15978,1
17.098423,0.002016,4.356448,-3721.80322,1871080010,15979,1
17.100439,0.002016,4.356707,-3722.32351,1871191291,15980,1
17.102455,0.002016,4.356557,-3722.02219,1871127186,15981,2
17.106493,0.004038,4.357185,-3723.28375,1871396871,15983,1
17.108516,0.002023,4.356127,-3721.15838,1870942241,15984,1
17.110532,0.002016,4.354918,-3718.72967,1870423010,15985,1
17.112548,0.002016,4.355557,-3720.01333,1870697443,15986,2
17.116586,0.004038,4.356049,-3721.00169,1870908496,15988,1
17.118602,0.002016,4.355921,-3720.74455,1870853818,15989,1
17.120618,0.002016,4.356779,-3722.46815,1871222205,15990,1
17.12264,0.002022,4.355946,-3720.79477,1870864455,15991,2
17.126679,0.004039,4.354781,-3718.45446,1870364203,15993,1
17.128695,0.002016,4.355395,-3719.68789,1870627829,15994,1
17.130711,0.002016,4.356128,-3721.16039,1870942584,15995,1
17.132727,0.002016,4.355865,-3720.63206,1870830107,15996,2
17.136765,0.004038,4.356784,-3722.4782,1871224565,15998,1
17.138788,0.002023,4.356155,-3721.21463,1870954515,15999,1
17.140804,0.002016,4.354836,-3718.56494,1870388003,16000,1
17.14282,0.002016,4.355228,-3719.35242,1870556386,16001,1
17.144836,0.002016,4.35637,-3721.64653,1871046456,16002,2
17.148874,0.004038,4.356025,-3720.95347,1870898252,16004,1
17.150896,0.002022,4.356897,-3722.7052,1871273001,16005,1
17.152912,0.002016,4.356551,-3722.01013,1871124425,16006,1
17.154928,0.002016,4.355127,-3719.14952,1870512888,16007,2
17.158967,0.004039,4.355242,-3719.38054,1870562140,16009,1
17.160983,0.002016,4.35639,-3721.68671,1871054968,16010,1
17.163005,0.002022,4.355942,-3720.78674,1870862730,16011,1
17.165021,0.002016,4.356794,-3722.49828,1871228919,16012,2
17.16906,0.004039,4.356637,-3722.18289,1871161225,16014,1
17.171076,0.002016,4.355259,-3719.41469,1870569438,16015,1
17.173092,0.002016,4.355249,-3719.3946,1870565133,16016,1
17.175114,0.002022,4.356388,-3721.68269,1871054320,16017,2
17.179146,0.004032,4.355896,-3720.69433,1870843197,16019,1
17.181168,0.002022,4.356542,-3721.99205,1871120605,16020,1
17.183184,0.002016,4.356589,-3722.08647,1871140669,16021,1
17.1852,0.002016,4.355136,-3719.1676,1870516622,16022,1
17.187223,0.002023,4.354969,-3718.83212,1870444680,16023,2
17.191255,0.004032,4.356183,-3721.27087,1870966359,16025,1
17.193277,0.002022,4.355797,-3720.49545,1870800499,16026,1
17.195293,0.002016,4.356498,-3721.90366,1871101515,16027,1
17.197309,0.002016,4.35679,-3722.49025,1871227151,16028,2
17.201348,0.004039,4.355368,-3719.63366,1870616437,16030,1
17.203364,0.002016,4.355264,-3719.42473,1870571532,16031,1
17.205386,0.002022,4.356493,-3721.89362,1871099594,16032,1
17.207402,0.002016,4.356083,-3721.06999,1870923452,16033,2
17.21144,0.004038,4.356633,-3722.17486,1871159656,16035,1
17.213456,0.002016,4.357086,-3723.08487,1871354169,16036,1
17.215472,0.002016,4.355487,-3719.87271,1870667309,16037,1
17.217495,0.002023,4.354874,-3718.64128,1870404033,16038,2
17.221527,0.004032,4.355948,-3720.79879,1870865687,16040,1
17.223549,0.002022,4.355845,-3720.59188,1870821146,16041,1
17.225565,0.002016,4.356187,-3721.27891,1870967888,16042,1
17.227581,0.002016,4.356797,-3722.50431,1871230098,16043,2
17.23162,0.004039,4.355405,-3719.70798,1870632214,16045,1
17.233636,0.002016,4.354737,-3718.36607,1870345291,16046,1
17.235658,0.002022,4.355785,-3720.47135,1870795562,16047,1
17.237674,0.002016,4.355714,-3720.32872,1870764878,16048,1
17.23969,0.002016,4.355939,-3720.78071,1870861646,16049,2
17.243728,0.004038,4.356656,-3722.22106,1871169472,16051,1
17.245744,0.002016,4.355387,-3719.67182,1870624290,16052,1
17.247767,0.002023,4.35464,-3718.17121,1870303736,16053,1
17.249783,0.002016,4.355675,-3720.25037,1870748253,16054,2
17.253821,0.004038,4.355891,-3720.68429,1870840833,16056,1
17.255837,0.002016,4.355976,-3720.85504,1870877272,16057,1
17.257853,0.002016,4.356834,-3722.57864,1871246171,16058,1
17.259876,0.002023,4.355764,-3720.42916,1870786528,16059,2
17.263908,0.004032,4.354795,-3718.48258,1870369975,16061,1
17.26593,0.002022,4.355596,-3720.09167,1870713942,16062,1
17.267946,0.002016,4.355963,-3720.82892,1870871935,16063,1
17.269968,0.002022,4.355872,-3720.64612,1870832848,16064,2
17.274,0.004032,4.356822,-3722.55453,1871240559,16066,1
17.276023,0.002023,4.355716,-3720.33274,1870765505,16067,1
17.278039,0.002016,4.354812,-3718.51673,1870377370,16068,1
17.280055,0.002016,4.355486,-3719.8707,1870667022,16069,1
17.282077,0.002022,4.356009,-3720.92133,1870891792,16070,2
17.286109,0.004032,4.355899,-3720.70036,1870844334,16072,1
17.288132,0.002023,4.356838,-3722.58667,1871247488,16073,1
17.290148,0.002016,4.355951,-3720.80482,1870866583,16074,1
17.292164,0.002016,4.354684,-3718.2596,1870322750,16075,2
17.296202,0.004038,4.355189,-3719.27407,1870539467,16077,1
17.298218,0.002016,4.355975,-3720.85303,1870877079,16078,1
17.30024,0.002022,4.3557,-3720.3006,1870758607,16079,1
17.302256,0.002016,4.356604,-3722.1166,1871147003,16080,2
17.306295,0.004039,4.356038,-3720.97959,1870903968,16082,1
17.308311,0.002016,4.354738,-3718.36808,1870345754,16083,1
17.310333,0.002022,4.355002,-3718.89841,1870459267,16084,1
17.312349,0.002016,4.355959,-3720.82089,1870869968,16085,2
17.316388,0.004039,4.355714,-3720.32872,1870765107,16087,1
17.318404,0.002016,4.356616,-3722.14071,1871152377,16088,1
17.32042,0.002016,4.356372,-3721.65055,1871047591,16089,1
17.322442,0.002022,4.354998,-3718.89038,1870457408,16090,1
17.324458,0.002016,4.354963,-3718.82007,1870442261,16091,2
17.328496,0.004038,4.355972,-3720.847,1870875856,16093,1
17.330512,0.002016,4.355594,-3720.08766,1870713413,16094,1
17.332535,0.002023,4.356407,-3721.72086,1871062414,16095,1
17.334551,0.002016,4.356357,-3721.62041,1871040901,16096,2
17.338589,0.004038,4.354936,-3718.76583,1870430900,16098,1
17.340605,0.002016,4.354947,-3718.78793,1870435338,16099,1
17.342621,0.002016,4.356179,-3721.26284,1870964667,16100,1
17.344644,0.002023,4.355802,-3720.5055,1870802778,16101,2
17.348676,0.004032,4.3565,-3721.90768,1871102375,16103,1
17.350698,0.002022,4.356652,-3722.21303,1871167720,16104,1
17.352714,0.002016,4.355087,-3719.06917,1870495440,16105,1
17.35473,0.002016,4.35482,-3718.5328,1870380862,16106,2
17.358768,0.004038,4.355968,-3720.83897,1870874067,16108,1
17.360784,0.002016,4.355556,-3720.01132,1870696989,16109,1
17.362807,0.002023,4.356104,-3721.11217,1870932658,16110,1
17.364823,0.002016,4.356407,-3721.72086,1871062382,16111,1
17.366839,0.002016,4.354801,-3718.49463,1870372552,16112,2
17.370877,0.004038,4.354446,-3717.78149,1870220587,16114,1
17.372893,0.002016,4.355661,-3720.22225,1870742102,16115,1
17.374916,0.002023,4.355491,-3719.88074,1870668883,16116,1
17.376932,0.002016,4.356164,-3721.2327,1870957956,16117,2
17.38097,0.004038,4.356632,-3722.17285,1871159197,16119,1
17.382986,0.002016,4.355106,-3719.10734,1870503869,16120,1
17.385002,0.002016,4.354628,-3718.1471,1870298413,16121,1
17.387024,0.002022,4.355689,-3720.2785,1870754195,16122,2
17.391063,0.004039,4.355387,-3719.67182,1870624685,16124,1
17.393079,0.002016,4.355644,-3720.1881,1870734965,16125,1
17.395095,0.002016,4.356303,-3721.51194,1871017972,16126,1
17.397117,0.002022,4.354893,-3718.67945,1870412333,16127,2
17.401149,0.004032,4.354228,-3717.34356,1870126760,16129,1
17.403172,0.002023,4.355261,-3719.41871,1870570378,16130,1
17.405188,0.002016,4.355369,-3719.63566,1870616536,16131,1
17.407204,0.002016,4.355715,-3720.33073,1870765442,16132,2
17.411242,0.004038,4.356485,-3721.87755,1871096130,16134,1
17.413258,0.002016,4.355208,-3719.31224,1870547694,16135,1
17.41528,0.002022,4.354403,-3717.69511,1870201570,16136,1
17.417296,0.002016,4.355358,-3719.61357,1870611830,16137,1
17.419319,0.002023,4.355557,-3720.01333,1870697761,16138,2
17.423351,0.004032,4.355445,-3719.78834,1870649636,16140,1
17.425367,0.002016,4.35616,-3721.22467,1870956402,16141,1
17.427389,0.002022,4.355044,-3718.98279,1870477062,16142,1
17.429405,0.002016,4.354092,-3717.07036,1870068206,16143,2
17.433444,0.004039,4.354879,-3718.65133,1870406333,16145,1
17.43546,0.002016,4.355304,-3719.50509,1870588987,16146,1
17.437482,0.002022,4.355288,-3719.47295,1870581901,16147,1
17.439498,0.002016,4.356203,-3721.31105,1870974686,16148,2
17.443536,0.004038,4.35534,-3719.57741,1870604191,16150,1
17.445552,0.002016,4.354333,-3717.55449,1870171967,16151,1
17.447575,0.002023,4.354833,-3718.55892,1870386374,16152,1
17.449591,0.002016,4.355502,-3719.90284,1870673788,16153,2
17.453623,0.004032,4.355318,-3719.53321,1870594878,16155,1
17.456038,0.002415,4.356241,-3721.38739,1870991114,16156,1
17.457661,0.001623,4.355531,-3719.9611,1870686403,16157,1
17.459684,0.002023,4.354319,-3717.52637,1870165842,16158,1
17.4617,0.002016,4.354733,-3718.35803,1870343682,16159,2
17.465738,0.004038,4.355641,-3720.18207,1870733725,16161,1
17.467754,0.002016,4.355371,-3719.63968,1870617647,16162,1
17.46977,0.002016,4.356202,-3721.30904,1870974561,16163,1
17.471792,0.002022,4.355742,-3720.38497,1870776916,16164,2
17.475831,0.004039,4.354353,-3717.59467,1870180438,16166,1
17.477847,0.002016,4.354464,-3717.81765,1870227845,16167,1
17.479863,0.002016,4.355333,-3719.56335,1870601395,16168,1
17.481885,0.002022,4.354815,-3718.52276,1870378619,16169,2
17.485917,0.004032,4.355594,-3720.08766,1870713341,16171,1
17.48794,0.002023,4.355288,-3719.47295,1870581734,16172,1
17.489956,0.002016,4.353821,-3716.52596,1869951738,16173,1
17.491972,0.002016,4.353893,-3716.67059,1869982939,16174,2
17.49601,0.004038,4.355068,-3719.031,1870487413,16176,1
17.498026,0.002016,4.354523,-3717.93617,1870253366,16177,1
17.500048,0.002022,4.355171,-3719.23791,1870531568,16178,1
17.502064,0.002016,4.355194,-3719.28411,1870541469,16179,1
17.50408,0.002016,4.353569,-3716.01972,1869843455,16180,2
17.508119,0.004039,4.353273,-3715.4251,1869716499,16182,1
17.510135,0.002016,4.354418,-3717.72524,1870208242,16183,1
17.512157,0.002022,4.354064,-3717.01411,1870056358,16184,1
17.514173,0.002016,4.35465,-3718.1913,1870307930,16185,2
17.518212,0.004039,4.354993,-3718.88033,1870455227,16187,1
17.520228,0.002016,4.353624,-3716.13021,1869867084,16188,1
17.522244,0.002016,4.353379,-3715.63804,1869762098,16189,1
17.524266,0.002022,4.354515,-3717.9201,1870249749,16190,2
17.528298,0.004032,4.354143,-3717.17281,1870090152,16192,1
17.53032,0.002022,4.354461,-3717.81162,1870226752,16193,1
17.532336,0.002016,4.35472,-3718.33192,1870337864,16194,1
17.534359,0.002023,4.353344,-3715.56773,1869747264,16195,2
17.538391,0.004032,4.35287,-3714.61553,1869543504,16197,1
17.540413,0.002022,4.353867,-3716.61836,1869971723,16198,1
17.542429,0.002016,4.35368,-3716.24271,1869891511,16199,1
17.544445,0.002016,4.354187,-3717.2612,1870109003,16200,1
17.546468,0.002023,4.354739,-3718.37009,1870346278,16201,2
17.5505,0.004032,4.353422,-3715.72442,1869780659,16203,1
17.552522,0.002022,4.352771,-3714.41666,1869500872,16204,1
17.554538,0.002016,4.353982,-3716.84938,1870021147,16205,1
17.556554,0.002016,4.353899,-3716.68265,1869985230,16206,2
17.560592,0.004038,4.353977,-3716.83934,1870018647,16208,1
17.562615,0.002023,4.354629,-3718.14911,1870299038,16209,1
17.564631,0.002016,4.353499,-3715.8791,1869813483,16210,1
17.566647,0.002016,4.352741,-3714.35639,1869488042,16211,2
17.570685,0.004038,4.353637,-3716.15633,1869872937,16213,1
17.572701,0.002016,4.353694,-3716.27083,1869897301,16214,1
17.574724,0.002023,4.353714,-3716.31101,1869906040,16215,1
17.57674,0.002016,4.354376,-3717.64087,1870190048,16216,2
17.580778,0.004038,4.353441,-3715.76259,1869788620,16218,1
17.582794,0.002016,4.352524,-3713.92047,1869394679,16219,1
17.58481,0.002016,4.353331,-3715.54162,1869741247,16220,1
17.586832,0.002022,4.353694,-3716.27083,1869897370,16221,2
17.590864,0.004032,4.353701,-3716.28489,1869900138,16223,1
17.592887,0.002023,4.35463,-3718.15112,1870299677,16224,1
17.594903,0.002016,4.353548,-3715.97754,1869834592,16225,1
17.596919,0.002016,4.352485,-3713.84212,1869378063,16226,1
17.598941,0.002022,4.35323,-3715.33872,1869698075,16227,2
17.602973,0.004032,4.353831,-3716.54604,1869956358,16229,1
17.604996,0.002023,4.353674,-3716.23065,1869888580,16230,1
17.607012,0.002016,4.354628,-3718.1471,1870298471,16231,1
17.609028,0.002016,4.353689,-3716.26079,1869895279,16232,2
17.613066,0.004038,4.352573,-3714.0189,1869415788,16234,1
17.615088,0.002022,4.353154,-3715.18605,1869665525,16235,1
17.617104,0.002016,4.353841,-3716.56613,1869960519,16236,1
17.61912,0.002016,4.353568,-3716.01771,1869843253,16237,2
17.623159,0.004039,4.354592,-3718.07478,1870283276,16239,1
17.625175,0.002016,4.35388,-3716.64448,1869977264,16240,1
17.627197,0.002022,4.352632,-3714.13743,1869441044,16241,1
17.629213,0.002016,4.352963,-3714.80236,1869583152,16242,2
17.633252,0.004039,4.353723,-3716.32909,1869909488,16244,1
17.635268,0.002016,4.353355,-3715.58983,1869751757,16245,1
17.637284,0.002016,4.354335,-3717.55851,1870172855,16246,1
17.639306,0.002022,4.35387,-3716.62439,1869972964,16247,1
17.641322,0.002016,4.352463,-3713.79793,1869368543,16248,2
17.64536,0.004038,4.352654,-3714.18162,1869450789,16250,1
17.647376,0.002016,4.353716,-3716.31503,1869906948,16251,1
17.649392,0.002016,4.353262,-3715.403,1869711780,16252,1
17.651415,0.002023,4.354177,-3717.24111,1870105011,16253,2
17.655447,0.004032,4.353985,-3716.85541,1870022409,16255,1
17.657469,0.002022,4.352562,-3713.99681,1869411111,16256,1
17.659485,0.002016,4.352637,-3714.14747,1869443262,16257,1
17.661501,0.002016,4.353947,-3716.77907,1870005893,16258,2
17.66554,0.004039,4.353551,-3715.98356,1869835713,16260,1
17.667556,0.002016,4.354272,-3717.43195,1870145745,16261,1
17.669578,0.002022,4.354365,-3717.61877,1870185524,16262,1
17.671594,0.002016,4.352837,-3714.54924,1869529159,16263,2
17.675632,0.004038,4.35268,-3714.23385,1869461964,16265,1
17.677648,0.002016,4.353859,-3716.60229,1869968153,16266,1
17.679664,0.002016,4.353409,-3715.69831,1869774941,16267,1
17.681687,0.002023,4.354128,-3717.14267,1870083654,16268,1
17.683703,0.002016,4.354472,-3717.83372,1870231527,16269,2
17.687741,0.004038,4.352949,-3714.77423,1869577259,16271,1
17.689757,0.002016,4.352623,-3714.11935,1869437050,16272,1
17.69178,0.002023,4.353767,-3716.41748,1869928757,16273,1
17.693796,0.002016,4.35349,-3715.86102,1869809867,16274,2
17.697834,0.004038,4.354062,-3717.01009,1870055297,16276,1
17.69985,0.002016,4.354559,-3718.00849,1870268780,16277,1
17.701866,0.002016,4.353036,-3714.949,1869614533,16278,1
17.703888,0.002022,4.352631,-3714.13542,1869440905,16279,2
17.70792,0.004032,4.35391,-3716.70474,1869990354,16281,1
17.709943,0.002023,4.353702,-3716.2869,1869900778,16282,1
17.711959,0.002016,4.35431,-3717.50829,1870161821,16283,1
17.713975,0.002016,4.35507,-3719.03502,1870488152,16284,2
17.718013,0.004038,4.353617,-3716.11615,1869864097,16286,1
17.720029,0.002016,4.353116,-3715.10971,1869649122,16287,1
17.722052,0.002023,4.354239,-3717.36566,1870131339,16288,1
17.724068,0.002016,4.354342,-3717.57257,1870175518,16289,1
17.726084,0.002016,4.354798,-3718.48861,1870371616,16290,2
17.730122,0.004038,4.355821,-3720.54367,1870810744,16292,1
17.732138,0.002016,4.354496,-3717.88193,1870241962,16293,1
17.73416,0.002022,4.353799,-3716.48176,1869942706,16294,1
17.736176,0.002016,4.354859,-3718.61115,1870397938,16295,2
17.740215,0.004039,4.355135,-3719.16559,1870516170,16297,1
17.742231,0.002016,4.355189,-3719.27407,1870539649,16298,1
17.744247,0.002016,4.356291,-3721.48783,1871012921,16299,1
17.746269,0.002022,4.355147,-3719.1897,1870521626,16300,2
17.750308,0.004039,4.35435,-3717.58864,1870179259,16302,1
17.752324,0.002016,4.355194,-3719.28411,1870541549,16303,1
17.75434,0.002016,4.355621,-3720.1419,1870724940,16304,1
17.756362,0.002022,4.3555,-3719.89882,1870673077,16305,2
17.760394,0.004032,4.356193,-3721.29096,1870970691,16307,1
17.762416,0.002022,4.355529,-3719.95708,1870685534,16308,1
17.764432,0.002016,4.354517,-3717.92412,1870251047,16309,1
17.766448,0.002016,4.355268,-3719.43277,1870573003,16310,2
17.770487,0.004039,4.356065,-3721.03383,1870915692,16312,1
17.772503,0.002016,4.355943,-3720.78875,1870863138,16313,1
17.774525,0.002022,4.356724,-3722.35766,1871198894,16314,1
17.776541,0.002016,4.356241,-3721.38739,1870991070,16315,1
17.778557,0.002016,4.355211,-3719.31827,1870548726,16316,2
17.782596,0.004039,4.355568,-3720.03543,1870702331,16318,1
17.784612,0.002016,4.356309,-3721.52399,1871020358,16319,1
17.786634,0.002022,4.35605,-3721.0037,1870909174,16320,1
17.78865,0.002016,4.356785,-3722.4802,1871225022,16321,2
17.792688,0.004038,4.356576,-3722.06035,1871135013,16323,1
17.794704,0.002016,4.35557,-3720.03944,1870702952,16324,1
17.79672,0.002016,4.355878,-3720.65817,1870835136,16325,1
17.798743,0.002023,4.356927,-3722.76546,1871286093,16326,2
17.802775,0.004032,4.356644,-3722.19696,1871164426,16328,1
17.804797,0.002022,4.357376,-3723.66744,1871478753,16329,1
17.806813,0.002016,4.357294,-3723.50271,1871443452,16330,1
17.808829,0.002016,4.355927,-3720.75661,1870856498,16331,2
17.812868,0.004039,4.356176,-3721.25681,1870963587,16333,1
17.814884,0.002016,4.35737,-3723.65539,1871476326,16334,1
17.816906,0.002022,4.356992,-3722.89604,1871313648,16335,1
17.818922,0.002016,4.35777,-3724.45893,1871647791,16336,1
17.820938,0.002016,4.357695,-3724.30826,1871615876,16337,2
17.824976,0.004038,4.356141,-3721.1865,1870948337,16339,1
17.826992,0.002016,4.356068,-3721.03985,1870916882,16340,1
17.829015,0.002023,4.357337,-3723.58909,1871462020,16341,1
17.831031,0.002016,4.356921,-3722.75341,1871283312,16342,2
17.835069,0.004038,4.357607,-3724.13148,1871578144,16344,1
17.837085,0.002016,4.357973,-3724.86673,1871734965,16345,1
17.839101,0.002016,4.356597,-3722.10254,1871144338,16346,1
17.841124,0.002023,4.356438,-3721.78313,1871075844,16347,2
17.845156,0.004032,4.357789,-3724.4971,1871656132,16349,1
17.847178,0.002022,4.35753,-3723.9768,1871544761,16350,1
17.849194,0.002016,4.358149,-3725.22028,1871810781,16351,1
17.85121,0.002016,4.358637,-3726.20061,1872020317,16352,2
17.855248,0.004038,4.3572,-3723.31388,1871403097,16354,1
17.857264,0.002016,4.35673,-3722.36972,1871201265,16355,1
17.859287,0.002023,4.357837,-3724.59352,1871676598,16356,1
17.861303,0.002016,4.357553,-3724.02301,1871554612,16357,1
17.863319,0.002016,4.358106,-3725.1339,1871792251,16358,2
17.867357,0.004038,4.358717,-3726.36131,1872054850,16360,1
17.86938,0.002023,4.35725,-3723.41432,1871424729,16361,1
17.871396,0.002016,4.356781,-3722.47217,1871222984,16362,1
17.873412,0.002016,4.357947,-3724.8145,1871724006,16363,2
17.87745,0.004038,4.357902,-3724.7241,1871704387,16365,1
17.879466,0.002016,4.358323,-3725.56982,1871885408,16366,1
17.881488,0.002022,4.358943,-3726.81532,1872151613,16367,1
17.883504,0.002016,4.357546,-3724.00894,1871551843,16368,2
17.887543,0.004039,4.356889,-3722.68913,1871269776,16370,1
17.889559,0.002016,4.357939,-3724.79842,1871720386,16371,1
17.891575,0.002016,4.357962,-3724.84463,1871730584,16372,1
17.893591,0.002016,4.358174,-3725.27051,1871821526,16373,2
17.897629,0.004038,4.358886,-3726.70081,1872127403,16375,1
17.899645,0.002016,4.357637,-3724.19175,1871590898,16376,1
17.901668,0.002023,4.35693,-3722.77149,1871287002,16377,1
17.903684,0.002016,4.357823,-3724.5654,1871670889,16378,2
17.907722,0.004038,4.358104,-3725.12989,1871791475,16380,1
17.909738,0.002016,4.35811,-3725.14194,1871793888,16381,1
17.911754,0.002016,4.358946,-3726.82134,1872153189,16382,1
17.913776,0.002022,4.358092,-3725.10578,1871786180,16383,1
17.915792,0.002016,4.357143,-3723.19937,1871378797,16384,2
17.919831,0.004039,4.357793,-3724.50513,1871657830,16386,1
17.921847,0.002016,4.358509,-3725.94347,1871965408,16387,1
17.923863,0.002016,4.358429,-3725.78276,1871930927,16388,1
17.925885,0.002022,4.359335,-3727.60279,1872320145,16389,2
17.929924,0.004039,4.358665,-3726.25685,1872032372,16391,1
17.93194,0.002016,4.357522,-3723.96073,1871541450,16392,1
17.933956,0.002016,4.358062,-3725.04551,1871773399,16393,1
17.935972,0.002016,4.358868,-3726.66465,1872119520,16394,2
17.94001,0.004038,4.358711,-3726.34926,1872052000,16396,1
17.942032,0.002022,4.359567,-3728.06884,1872419846,16397,1
17.944048,0.002016,4.359004,-3726.93786,1872177816,16398,1
17.946064,0.002016,4.357822,-3724.56339,1871670517,16399,2
17.950103,0.004039,4.35815,-3725.22229,1871811125,16401,1
17.952119,0.002016,4.359003,-3726.93585,1872177553,16402,1
17.954141,0.002022,4.358564,-3726.05396,1871989027,16403,1
17.956157,0.002016,4.359273,-3727.47824,1872293457,16404,1
17.958173,0.002016,4.35893,-3726.7892,1872146335,16405,2
17.962212,0.004039,4.35762,-3724.1576,1871583512,16407,1
17.964228,0.002016,4.357852,-3724.62365,1871683498,16408,1
17.96625,0.002022,4.358865,-3726.65862,1872118359,16409,1
17.968266,0.002016,4.35844,-3725.80486,1871935707,16410,2
17.972304,0.004038,4.359262,-3727.45614,1872288820,16412,1
17.97432,0.002016,4.359122,-3727.1749,1872228910,16413,1
17.976336,0.002016,4.357644,-3724.20581,1871593959,16414,1
17.978359,0.002023,4.357664,-3724.24599,1871602400,16415,2
17.982391,0.004032,4.358848,-3726.62447,1872110980,16417,1
17.984413,0.002022,4.358267,-3725.45733,1871861343,16418,1
17.986429,0.002016,4.359056,-3727.04232,1872200100,16419,1
17.988445,0.002016,4.359104,-3727.13874,1872220954,16420,2
17.992484,0.004039,4.357443,-3723.80203,1871507620,16422,1
17.9945,0.002016,4.35726,-3723.43441,1871429048,16423,1
17.996516,0.002016,4.358439,-3725.80285,1871935142,16424,1
17.998538,0.002022,4.35788,-3724.6799,1871695198,16425,1
18.000554,0.002016,4.358626,-3726.17851,1872015729,16426,2
18.004592,0.004038,4.358848,-3726.62447,1872110681,16428,1
18.006608,0.002016,4.357239,-3723.39223,1871420045,16429,1
18.008631,0.002023,4.356923,-3722.75743,1871284195,16430,1
18.010647,0.002016,4.358035,-3724.99127,1871761872,16431,2
18.014685,0.004038,4.357532,-3723.98082,1871545639,16433,1
18.016701,0.002016,4.357975,-3724.87074,1871735929,16434,1
18.018717,0.002016,4.358571,-3726.06802,1871991939,16435,1
18.02074,0.002023,4.357128,-3723.16924,1871372336,16436,2
18.024772,0.004032,4.35671,-3722.32954,1871192794,16438,1
18.026788,0.002016,4.358044,-3725.00935,1871765708,16439,1
18.02881,0.002022,4.357892,-3724.70401,1871700361,16440,1
18.030826,0.002016,4.358258,-3725.43925,1871857468,16441,2
18.034864,0.004038,4.358812,-3726.55216,1872095390,16443,1
18.03688,0.002016,4.35734,-3723.59512,1871463283,16444,1
18.038903,0.002023,4.356654,-3722.21704,1871168567,16445,1
18.040919,0.002016,4.357575,-3724.0672,1871564149,16446,1
18.042935,0.002016,4.357539,-3723.99488,1871548706,16447,2
18.046973,0.004038,4.357722,-3724.3625,1871627334,16449,1
18.048989,0.002016,4.358592,-3726.11021,1872000863,16450,1
18.051012,0.002023,4.357269,-3723.45249,1871432941,16451,1
18.053028,0.002016,4.356563,-3722.03424,1871129374,16452,2
18.057066,0.004038,4.357449,-3723.81408,1871509925,16454,1
18.059082,0.002016,4.357618,-3724.15358,1871582697,16455,1
18.061098,0.002016,4.35778,-3724.47902,1871652018,16456,1
18.06312,0.002022,4.35842,-3725.76468,1871927104,16457,2
18.067152,0.004032,4.357167,-3723.24759,1871388751,16459,1
18.069175,0.002023,4.356184,-3721.27288,1870966586,16460,1
18.071191,0.002016,4.356865,-3722.64091,1871259190,16461,1
18.073207,0.002016,4.35721,-3723.33397,1871407374,16462,2
18.077245,0.004038,4.357102,-3723.11701,1871361232,16464,1
18.079261,0.002016,4.357923,-3724.76628,1871713534,16465,1
18.081284,0.002023,4.356791,-3722.49226,1871227482,16466,1
18.0833,0.002016,4.355748,-3720.39702,1870779690,16467,2
18.087338,0.004038,4.356452,-3721.81126,1871081678,16469,1
18.089354,0.002016,4.357004,-3722.92014,1871319065,16470,1
18.09137,0.002016,4.35679,-3722.49025,1871227155,16471,1
18.093392,0.002022,4.357557,-3724.03104,1871556375,16472,1
18.095408,0.002016,4.356807,-3722.5244,1871234235,16473,2
18.099447,0.004039,4.355628,-3720.15596,1870727904,16475,1
18.101463,0.002016,4.35602,-3720.94343,1870896304,16476,1
18.103479,0.002016,4.356696,-3722.30142,1871186729,16477,1
18.105501,0.002022,4.356279,-3721.46372,1871007448,16478,2
18.109533,0.004032,4.356992,-3722.89604,1871313809,16480,1
18.111556,0.002023,4.356524,-3721.95589,1871113070,16481,1
18.113572,0.002016,4.355248,-3719.39259,1870564669,16482,1
18.115588,0.002016,4.355666,-3720.23229,1870744173,16483,2
18.119626,0.004038,4.356575,-3722.05834,1871134782,16485,1
18.121642,0.002016,4.356177,-3721.25882,1870963684,16486,1
18.123664,0.002022,4.356978,-3722.86791,1871307754,16487,1
18.12568,0.002016,4.356739,-3722.3878,1871204949,16488,2
18.129719,0.004039,4.35536,-3719.61758,1870612887,16490,1
18.131735,0.002016,4.355359,-3719.61558,1870612493,16491,1
18.133751,0.002016,4.356231,-3721.3673,1870987047,16492,1
18.135773,0.002022,4.355895,-3720.69232,1870842499,16493,1
18.137789,0.002016,4.356666,-3722.24115,1871173611,16494,2
18.141828,0.004039,4.35641,-3721.72688,1871063887,16496,1
18.143844,0.002016,4.354969,-3718.83212,1870444620,16497,1
18.14586,0.002016,4.355137,-3719.16961,1870517071,16498,1
18.147882,0.002022,4.356231,-3721.3673,1870986990,16499,2
18.151914,0.004032,4.355807,-3720.51554,1870804946,16501,1
18.153936,0.002022,4.356602,-3722.11258,1871146423,16502,1
18.155952,0.002016,4.356742,-3722.39382,1871206400,16503,1
18.157968,0.002016,4.355158,-3719.2118,1870525990,16504,2
18.162007,0.004039,4.354916,-3718.72565,1870422087,16506,1
18.164023,0.002016,4.356026,-3720.95548,1870898676,16507,1
18.166045,0.002022,4.355572,-3720.04346,1870704004,16508,1
18.168061,0.002016,4.356242,-3721.3894,1870991896,16509,2
18.1721,0.004039,4.356585,-3722.07843,1871139066,16511,1
18.174116,0.002016,4.355043,-3718.98078,1870476885,16512,1
18.176132,0.002016,4.354692,-3718.27567,1870326150,16513,1
18.178154,0.002022,4.355999,-3720.90124,1870887410,16514,1
18.18017,0.002016,4.355726,-3720.35283,1870770089,16515,2
18.184208,0.004038,4.356133,-3721.17043,1870944751,16517,1
18.186224,0.002016,4.356695,-3722.29941,1871186213,16518,1
18.18824,0.002016,4.35522,-3719.33634,1870552885,16519,1
18.190263,0.002023,4.354814,-3718.52075,1870378066,16520,2
18.194295,0.004032,4.355999,-3720.90124,1870887110,16522,1
18.196311,0.002016,4.355752,-3720.40506,1870781437,16523,1
18.198333,0.002022,4.356067,-3721.03785,1870916399,16524,1
18.200349,0.002016,4.356567,-3722.04227,1871131566,16525,2
18.204388,0.004039,4.355047,-3718.98881,1870478320,16527,1
18.206404,0.002016,4.354321,-3717.53038,1870166391,16528,1
18.20842,0.002016,4.355173,-3719.24193,1870532656,16529,1
18.210442,0.002022,4.35516,-3719.21581,1870526859,16530,2
18.214474,0.004032,4.355271,-3719.4388,1870574567,16532,1
18.216496,0.002022,4.35584,-3720.58184,1870818901,16533,1
18.218512,0.002016,4.354471,-3717.83171,1870230938,16534,1
18.220528,0.002016,4.353596,-3716.07396,1869855414,16535,1
18.222551,0.002023,4.354289,-3717.4661,1870152692,16536,2
18.226583,0.004032,4.354421,-3717.73127,1870209574,16538,1
18.228605,0.002022,4.354419,-3717.72725,1870208760,16539,1
18.230621,0.002016,4.355227,-3719.35041,1870555495,16540,1
18.232637,0.002016,4.354119,-3717.12459,1870079744,16541,2
18.236676,0.004039,4.353124,-3715.12578,1869652497,16543,1
18.238692,0.002016,4.353719,-3716.32105,1869908072,16544,1
18.240714,0.002022,4.354114,-3717.11455,1870077682,16545,1
18.24273,0.002016,4.353985,-3716.85541,1870022406,16546,2
18.246768,0.004038,4.354853,-3718.59909,1870395047,16548,1
18.248784,0.002016,4.353752,-3716.38734,1869922152,16549,1
18.2508,0.002016,4.352596,-3714.06511,1869425878,16550,1
18.252823,0.002023,4.353219,-3715.31662,1869693442,16551,2
18.256855,0.004032,4.353785,-3716.45364,1869936237,16553,1
18.258877,0.002022,4.353656,-3716.19449,1869881013,16554,1
18.260893,0.002016,4.354573,-3718.03662,1870274750,16555,1
18.262909,0.002016,4.353879,-3716.64247,1869976857,16556,2
18.266948,0.004039,4.35265,-3714.17359,1869448880,16558,1
18.268964,0.002016,4.353057,-3714.99119,1869623957,16559,1
18.270986,0.002022,4.353904,-3716.69269,1869987654,16560,1
18.273002,0.002016,4.353574,-3716.02977,1869845720,16561,1
18.275018,0.002016,4.354472,-3717.83372,1870231533,16562,2
18.279056,0.004038,4.354012,-3716.90965,1870033785,16564,1
18.281072,0.002016,4.352627,-3714.12738,1869439201,16565,1
18.283095,0.002023,4.352903,-3714.68183,1869557477,16566,1
18.285111,0.002016,4.353973,-3716.8313,1870017258,16567,2
18.289143,0.004032,4.353451,-3715.78268,1869793056,16569,1
18.291165,0.002022,4.354217,-3717.32146,1870121680,16570,1
18.293181,0.002016,4.353892,-3716.66858,1869982535,16571,1
18.295204,0.002023,4.352366,-3713.60307,1869327123,16572,2
18.299236,0.004032,4.352452,-3713.77583,1869363884,16574,1
18.301252,0.002016,4.3536,-3716.082,1869856868,16575,1
18.303274,0.002022,4.353143,-3715.16395,1869660677,16576,1
18.30529,0.002016,4.354039,-3716.96389,1870045387,16577,2
18.309328,0.004038,4.354001,-3716.88755,1870029286,16579,1
18.311344,0.002016,4.352469,-3713.80998,1869371341,16580,1
18.313367,0.002023,4.352389,-3713.64927,1869337027,16581,1
18.315383,0.002016,4.353528,-3715.93736,1869825811,16582,1
18.317399,0.002016,4.353141,-3715.15993,1869659633,16583,2
18.321437,0.004038,4.353786,-3716.45565,1869937089,16585,1
18.323453,0.002016,4.353891,-3716.66658,1869982166,16586,1
18.325476,0.002023,4.352187,-3713.24348,1869250032,16587,1
18.327492,0.002016,4.351941,-3712.74931,1869144149,16588,2
18.331524,0.004032,4.353086,-3715.04945,1869636074,16590,1
18.333546,0.002022,4.352584,-3714.041,1869420690,16591,1
18.335562,0.002016,4.353271,-3715.42108,1869715624,16592,1
18.337578,0.002016,4.353653,-3716.18847,1869879896,16593,2
18.341616,0.004038,4.352041,-3712.95019,1869187554,16595,1
18.343632,0.002016,4.351705,-3712.27522,1869042869,16596,1
18.345655,0.002023,4.352838,-3714.55125,1869529559,16597,1
18.347671,0.002016,4.352561,-3713.9948,1869410888,16598,2
18.351709,0.004038,4.353016,-3714.90883,1869606333,16600,1
18.353725,0.002016,4.353515,-3715.91125,1869820439,16601,1
18.355741,0.002016,4.351832,-3712.53034,1869097775,16602,1
18.357764,0.002023,4.351225,-3711.31097,1868837103,16603,1
18.35978,0.002016,4.352242,-3713.35397,1869273618,16604,2
18.363818,0.004038,4.352087,-3713.0426,1869207123,16606,1
18.365834,0.002016,4.35242,-3713.71155,1869350329,16607,1
18.36785,0.002016,4.353133,-3715.14386,1869656156,16608,1
18.369872,0.002022,4.35162,-3712.10446,1869006777,16609,2
18.373904,0.004032,4.350883,-3710.62394,1868690117,16611,1
18.375927,0.002023,4.351758,-3712.38169,1869066120,16612,1
18.377943,0.002016,4.351706,-3712.27723,1869043511,16613,1
18.379959,0.002016,4.351689,-3712.24307,1869036147,16614,2
18.383997,0.004038,4.352118,-3713.10487,1869220452,16616,1
18.386013,0.002016,4.351085,-3711.02973,1868776614,16617,1
18.388036,0.002023,4.350219,-3709.29006,1868405044,16618,1
18.390052,0.002016,4.350893,-3710.64403,1868694455,16619,2
18.39409,0.004038,4.351255,-3711.37123,1868850036,16621,1
18.396106,0.002016,4.351252,-3711.3652,1868848257,16622,1
18.398122,0.002016,4.351895,-3712.6569,1869124588,16623,1
18.400144,0.002022,4.350985,-3710.82884,1868733772,16624,2
18.404176,0.004032,4.350216,-3709.28403,1868403675,16626,1
18.406199,0.002023,4.35093,-3710.71835,1868710205,16627,1
18.408215,0.002016,4.35141,-3711.6826,1868916638,16628,1
18.410231,0.002016,4.351279,-3711.41944,1868860349,16629,1
18.412253,0.002022,4.352133,-3713.13501,1869226933,16630,2
18.416285,0.004032,4.351439,-3711.74086,1868928921,16632,1
18.418308,0.002023,4.350398,-3709.64964,1868481711,16633,1
18.420324,0.002016,4.35086,-3710.57773,1868680240,16634,1
18.42234,0.002016,4.351439,-3711.74086,1868928967,16635,2
18.426378,0.004038,4.351077,-3711.01365,1868773065,16637,1
18.428394,0.002016,4.351789,-3712.44396,1869079368,16638,1
18.43041,0.002016,4.351191,-3711.24266,1868822386,16639,1
18.432432,0.002022,4.350112,-3709.07511,1868358614,16640,2
18.436464,0.004032,4.350566,-3709.98713,1868554025,16642,1
18.438487,0.002023,4.351487,-3711.83729,1868949315,16643,1
18.440503,0.002016,4.351066,-3710.99156,1868768361,16644,1
18.442519,0.002016,4.351782,-3712.4299,1869075905,16645,2
18.446557,0.004038,4.35148,-3711.82322,1868946318,16647,1
18.448573,0.002016,4.350246,-3709.3443,1868416337,16648,1
18.450596,0.002023,4.350404,-3709.66169,1868484135,16649,1
18.452612,0.002016,4.351355,-3711.57212,1868892752,16650,1
18.454628,0.002016,4.350913,-3710.6842,1868702973,16651,2
18.458666,0.004038,4.351282,-3711.42547,1868861419,16653,1
18.460682,0.002016,4.351186,-3711.23262,1868820200,16654,1
18.462704,0.002022,4.350018,-3708.88628,1868318201,16655,1
18.465113,0.002409,4.349935,-3708.71954,1868282634,16656,2
18.468759,0.003646,4.350991,-3710.84089,1868736365,16658,1
18.470775,0.002016,4.350445,-3709.74406,1868502021,16659,1
18.472791,0.002016,4.35091,-3710.67818,1868701579,16660,1
18.474813,0.002022,4.350951,-3710.76054,1868719401,16661,2
18.478845,0.004032,4.349865,-3708.57892,1868252743,16663,1
18.480868,0.002023,4.349652,-3708.15103,1868161544,16664,1
18.482884,0.002016,4.350834,-3710.5255,1868668897,16665,1
18.4849,0.002016,4.35038,-3709.61348,1868473948,16666,2
18.488938,0.004038,4.350849,-3710.55564,1868675389,16668,1
18.49096,0.002022,4.350995,-3710.84893,1868738221,16669,1
18.492976,0.002016,4.349655,-3708.15706,1868162707,16670,1
18.494992,0.002016,4.349232,-3707.30732,1867980847,16671,1
18.497015,0.002023,4.350377,-3709.60746,1868472501,16672,2
18.501047,0.004032,4.350039,-3708.92846,1868327635,16674,1
18.503069,0.002022,4.350329,-3709.51103,1868452177,16675,1
18.505085,0.002016,4.350455,-3709.76415,1868506365,16676,1
18.507101,0.002016,4.349227,-3707.29727,1867978920,16677,2
18.51114,0.004039,4.348766,-3706.37119,1867780785,16679,1
18.513156,0.002016,4.3499,-3708.64923,1868267643,16680,1
18.515178,0.002022,4.349673,-3708.19322,1868170351,16681,1
18.517194,0.002016,4.349875,-3708.59901,1868256927,16682,2
18.521232,0.004038,4.350394,-3709.64161,1868479848,16684,1
18.523248,0.002016,4.349151,-3707.1446,1867946050,16685,1
18.525271,0.002023,4.348551,-3705.93928,1867688570,16686,1
18.527287,0.002016,4.349615,-3708.07671,1868145410,16687,2
18.531319,0.004032,4.349579,-3708.00439,1868130118,16689,1
18.533341,0.002022,4.349799,-3708.44634,1868224299,16690,1
18.535357,0.002016,4.350137,-3709.12533,1868369680,16691,1
18.537373,0.002016,4.348882,-3706.60422,1867830375,16692,1
18.539396,0.002023,4.347985,-3704.80227,1867445270,16693,2
18.543431,0.004035,4.348882,-3706.60422,1867830644,16695,1
18.545447,0.002016,4.349001,-3706.84327,1867881822,16696,1
18.547469,0.002022,4.348896,-3706.63234,1867836664,16697,1
18.549485,0.002016,4.34945,-3707.74525,1868074568,16698,2
18.553524,0.004039,4.348449,-3705.73438,1867644507,16700,1
18.55554,0.002016,4.347597,-3704.02284,1867278656,16701,1
18.557556,0.002016,4.348347,-3705.52948,1867600671,16702,1
18.559572,0.002016,4.348587,-3706.0116,1867703931,16703,2
18.56361,0.004038,4.348549,-3705.93527,1867687792,16705,1
18.565626,0.002016,4.349254,-3707.35151,1867990165,16706,1
18.567648,0.002022,4.348401,-3705.63796,1867623978,16707,1
18.569664,0.002016,4.347455,-3703.73758,1867217554,16708,2
18.573703,0.004039,4.348053,-3704.93887,1867474394,16710,1
18.575719,0.002016,4.348672,-3706.18236,1867740375,16711,1
18.577735,0.002016,4.348397,-3705.62992,1867622405,16712,1
18.579757,0.002022,4.348996,-3706.83323,1867879407,16713,2
18.583789,0.004032,4.348293,-3705.421,1867577451,16715,1
18.585812,0.002023,4.347187,-3703.19921,1867102607,16716,1
18.587828,0.002016,4.347553,-3703.93445,1867259957,16717,1
18.589844,0.002016,4.348084,-3705.00115,1867488177,16718,1
18.591866,0.002022,4.34763,-3704.08913,1867292817,16719,2
18.595898,0.004032,4.348211,-3705.25627,1867542439,16721,1
18.59792,0.002022,4.347843,-3704.51701,1867384374,16722,1
18.599936,0.002016,4.346764,-3702.34946,1866921021,16723,1
18.601952,0.002016,4.347054,-3702.93203,1867045572,16724,2
18.605991,0.004039,4.347976,-3704.78419,1867441237,16726,1
18.608007,0.002016,4.347521,-3703.87016,1867246043,16727,1
18.610029,0.002022,4.348012,-3704.85651,1867457018,16728,1
18.612045,0.002016,4.34773,-3704.29001,1867335708,16729,2
18.616084,0.004039,4.346452,-3701.7227,1866786977,16731,1
18.6181,0.002016,4.346581,-3701.98184,1866842391,16732,1
18.620116,0.002016,4.347526,-3703.88021,1867247955,16733,1
18.622138,0.002022,4.346911,-3702.64476,1866984193,16734,2
18.62617,0.004032,4.347473,-3703.77374,1867225409,16736,1
18.628192,0.002022,4.347539,-3703.90632,1867253739,16737,1
18.630208,0.002016,4.346363,-3701.54391,1866748743,16738,1
18.632224,0.002016,4.346289,-3701.39525,1866717059,16739,1
18.634247,0.002023,4.347352,-3703.53067,1867173535,16740,2
18.638279,0.004032,4.346737,-3702.29522,1866909232,16742,1
18.640301,0.002022,4.347137,-3703.09876,1867081197,16743,1
18.642317,0.002016,4.347216,-3703.25746,1867114908,16744,1
18.644333,0.002016,4.346043,-3700.90107,1866611015,16745,2
18.648372,0.004039,4.34581,-3700.43301,1866511363,16747,1
18.650388,0.002016,4.347061,-3702.94609,1867048453,16748,1
18.65241,0.002022,4.34652,-3701.8593,1866816173,16749,1
18.654426,0.002016,4.346815,-3702.45191,1866942539,16750,2
18.658464,0.004038,4.347036,-3702.89587,1867037955,16752,1
18.66048,0.002016,4.345858,-3700.52944,1866531872,16753,1
18.662496,0.002016,4.345473,-3699.75603,1866366351,16754,1
18.664519,0.002023,4.346546,-3701.91153,1866827241,16755,2
18.668551,0.004032,4.34604,-3700.89505,1866610071,16757,1
18.670573,0.002022,4.346477,-3701.77292,1866797442,16758,1
18.672589,0.002016,4.346838,-3702.49811,1866952594,16759,1
18.674605,0.002016,4.345536,-3699.88258,1866393416,16760,1
18.676628,0.002023,4.344956,-3698.71745,1866144541,16761,2
18.68066,0.004032,4.346038,-3700.89103,1866609201,16763,1
18.682676,0.002016,4.345859,-3700.53144,1866532064,16764,1
18.684698,0.002022,4.346241,-3701.29883,1866696398,16765,1
18.686714,0.002016,4.346895,-3702.61262,1866977316,16766,2
18.690752,0.004038,4.34587,-3700.55354,1866536714,16768,1
18.692768,0.002016,4.345416,-3699.64152,1866341852,16769,1
18.694791,0.002023,4.346519,-3701.85729,1866815792,16770,1
18.696807,0.002016,4.346497,-3701.81309,1866806170,16771,2
18.700839,0.004032,4.346612,-3702.04411,1866855651,16773,1
18.702861,0.002022,4.347295,-3703.41616,1867148850,16774,1
18.704877,0.002016,4.346293,-3701.40329,1866718847,16775,1
18.7069,0.002023,4.345478,-3699.76607,1866368629,16776,2
18.710932,0.004032,4.346391,-3701.60016,1866760556,16778,1
18.712948,0.002016,4.346546,-3701.91153,1866827191,16779,1
18.71497,0.002022,4.346338,-3701.49369,1866737949,16780,1
18.716986,0.002016,4.346896,-3702.61463,1866977668,16781,1
18.719008,0.002022,4.345965,-3700.74438,1866577617,16782,2
18.72304,0.004032,4.344952,-3698.70941,1866142506,16784,1
18.725063,0.002023,4.345455,-3699.71987,1866358545,16785,1
18.727079,0.002016,4.345778,-3700.36873,1866497211,16786,1
18.729095,0.002016,4.345607,-3700.02521,1866424036,16787,2
18.733133,0.004038,4.346222,-3701.26066,1866687954,16789,1
18.735149,0.002016,4.345603,-3700.01718,1866422390,16790,1
18.737172,0.002023,4.344639,-3698.08064,1866008316,16791,1
18.739188,0.002016,4.345227,-3699.26185,1866261001,16792,2
18.743226,0.004038,4.345935,-3700.68412,1866565052,16794,1
18.745242,0.002016,4.345712,-3700.23614,1866469032,16795,1
18.747258,0.002016,4.346376,-3701.57002,1866754233,16796,1
18.74928,0.002022,4.345872,-3700.55756,1866537751,16797,2
18.753312,0.004032,4.344832,-3698.46835,1866091182,16799,1
18.755335,0.002023,4.345198,-3699.20359,1866248224,16800,1
18.757351,0.002016,4.346049,-3700.91313,1866613882,16801,1
18.759367,0.002016,4.345533,-3699.87656,1866392460,16802,2
18.763405,0.004038,4.346231,-3701.27874,1866692025,16804,1
18.765421,0.002016,4.346001,-3700.8167,1866593269,16805,1
18.767444,0.002023,4.34483,-3698.46433,1866090231,16806,1
18.76946,0.002016,4.344931,-3698.66723,1866133561,16807,1
18.771476,0.002016,4.345936,-3700.68613,1866565471,16808,2
18.775514,0.004038,4.345406,-3699.62143,1866337628,16810,1
18.77753,0.002016,4.346061,-3700.93723,1866619149,16811,1
18.779552,0.002022,4.345709,-3700.23012,1866467812,16812,1
18.781568,0.002016,4.344253,-3697.30522,1865842441,16813,2
18.785607,0.004039,4.344235,-3697.26906,1865834834,16815,1
18.787623,0.002016,4.345391,-3699.5913,1866331144,16816,1
18.789639,0.002016,4.344911,-3698.62705,1866125045,16817,1
18.791661,0.002022,4.345639,-3700.0895,1866437708,16818,2
18.795693,0.004032,4.345789,-3700.39082,1866502180,16820,1
18.797716,0.002023,4.344573,-3697.94806,1865979927,16821,1
18.799732,0.002016,4.344496,-3697.79337,1865947039,16822,1
18.801748,0.002016,4.345736,-3700.28436,1866479205,16823,2
18.805786,0.004038,4.345231,-3699.26988,1866262539,16825,1
18.807802,0.002016,4.345753,-3700.31851,1866486751,16826,1
18.809818,0.002016,4.345801,-3700.41493,1866507296,16827,1
18.81184,0.002022,4.344426,-3697.65275,1865916878,16828,1
18.813856,0.002016,4.344109,-3697.01595,1865780548,16829,2
18.817895,0.004039,4.345156,-3699.11922,1866230384,16831,1
18.819911,0.002016,4.344672,-3698.14693,1866022580,16832,1
18.821927,0.002016,4.3451,-3699.00672,1866206426,16833,1
18.823949,0.002022,4.345262,-3699.33216,1866275813,16834,2
18.827981,0.004032,4.344076,-3696.94965,1865766219,16836,1
18.830004,0.002023,4.343647,-3696.08785,1865582341,16837,1
18.83202,0.002016,4.344805,-3698.41411,1866079555,16838,1
18.834036,0.002016,4.344461,-3697.72306,1865931936,16839,2
18.838074,0.004038,4.344641,-3698.08466,1866008932,16841,1
18.84009,0.002016,4.345012,-3698.82994,1866168615,16842,1
18.842106,0.002016,4.344162,-3697.12242,1865803605,16843,1
18.844128,0.002022,4.343729,-3696.25258,1865617175,16844,2
18.84816,0.004032,4.344881,-3698.56678,1866112089,16846,1
18.850183,0.002023,4.344784,-3698.37192,1866070499,16847,1
18.852199,0.002016,4.345025,-3698.85606,1866174083,16848,1
18.854215,0.002016,4.345426,-3699.66161,1866346031,16849,1
18.856237,0.002022,4.344593,-3697.98823,1865988666,16850,2
18.860269,0.004032,4.343868,-3696.53181,1865677178,16852,1
18.862292,0.002023,4.344672,-3698.14693,1866022541,16853,1
18.864308,0.002016,4.344563,-3697.92797,1865975351,16854,1
18.866324,0.002016,4.344205,-3697.2088,1865821892,16855,2
18.870362,0.004038,4.344334,-3697.46794,1865877017,16857,1
18.872378,0.002016,4.34338,-3695.55149,1865467715,16858,1
18.8744,0.002022,4.342298,-3693.37791,1865002645,16859,1
18.876416,0.002016,4.342865,-3694.51693,1865246491,16860,2
18.880455,0.004039,4.343022,-3694.83232,1865313859,16862,1
18.882471,0.002016,4.342711,-3694.20757,1865180139,16863,1
18.884487,0.002016,4.34314,-3695.06936,1865364195,16864,1
18.886509,0.002022,4.342647,-3694.079,1865152829,16865,2
18.890541,0.004032,4.341742,-3692.26098,1864763790,16867,1
18.892564,0.002023,4.342398,-3693.57879,1865045671,16868,1
18.89458,0.002016,4.343057,-3694.90263,1865328579,16869,1
18.896596,0.002016,4.342738,-3694.2618,1865191653,16870,2
18.900634,0.004038,4.343254,-3695.29837,1865413240,16872,1
18.90265,0.002016,4.343069,-3694.92674,1865333707,16873,1
18.904672,0.002022,4.342114,-3693.00828,1864923641,16874,1
18.906688,0.002016,4.342703,-3694.19149,1865176927,16875,1
18.908704,0.002016,4.343548,-3695.88898,1865539530,16876,2
18.912743,0.004039,4.343216,-3695.22204,1865397104,16878,1
18.914759,0.002016,4.344145,-3697.08827,1865795973,16879,1
18.916775,0.002016,4.343588,-3695.96933,1865556993,16880,1
18.918797,0.002022,4.342346,-3693.47433,1865023441,16881,2
18.922829,0.004032,4.342487,-3693.75758,1865083902,16883,1
18.924852,0.002023,4.343319,-3695.42895,1865441532,16884,1
18.926868,0.002016,4.343043,-3694.87451,1865322911,16885,1
18.928884,0.002016,4.343966,-3696.72868,1865718955,16886,2
18.932922,0.004038,4.343535,-3695.86286,1865534234,16888,1
18.934938,0.002016,4.342159,-3693.09868,1864943110,16889,1
18.93696,0.002022,4.342331,-3693.4442,1865016993,16890,1
18.938976,0.002016,4.343363,-3695.51734,1865460258,16891,2
18.943015,0.004039,4.342937,-3694.66157,1865277036,16893,1
18.945031,0.002016,4.343886,-3696.56797,1865684830,16894,1
18.947047,0.002016,4.343607,-3696.0075,1865565101,16895,1
18.949069,0.002022,4.342071,-3692.9219,1864905335,16896,1
18.951085,0.002016,4.342064,-3692.90784,1864902414,16897,2
18.955124,0.004039,4.343205,-3695.19994,1865392470,16899,1
18.95714,0.002016,4.342749,-3694.2839,1865196468,16900,1
18.959156,0.002016,4.343577,-3695.94723,1865551941,16901,1
18.961172,0.002016,4.343663,-3696.12,1865589027,16902,2
18.96521,0.004038,4.342144,-3693.06854,1864936507,16904,1
18.967226,0.002016,4.341956,-3692.69088,1864855680,16905,1
18.969248,0.002022,4.343209,-3695.20798,1865393894,16906,1
18.971264,0.002016,4.342733,-3694.25176,1865189884,16907,2
18.975303,0.004039,4.343308,-3695.40685,1865436339,16909,1
18.977319,0.002016,4.343621,-3696.03562,1865571145,16910,1
18.979335,0.002016,4.342204,-3693.18908,1864962194,16911,1
18.981357,0.002022,4.341921,-3692.62057,1864841013,16912,2
18.985389,0.004032,4.343141,-3695.07137,1865364761,16914,1
18.987412,0.002023,4.342979,-3694.74594,1865295291,16915,1
18.989428,0.002016,4.343617,-3696.02759,1865569424,16916,1
18.991444,0.002016,4.34419,-3697.17866,1865815181,16917,1
18.993466,0.002022,4.34273,-3694.24573,1865188297,16918,2
18.997498,0.004032,4.342215,-3693.21117,1864967144,16920,1
18.99952,0.002022,4.343391,-3695.57359,1865472253,16921,1
19.001536,0.002016,4.343196,-3695.18186,1865388681,16922,1
19.003552,0.002016,4.343652,-3696.0979,1865584543,16923,2
19.007591,0.004039,4.344111,-3697.01996,1865781456,16925,1
19.009607,0.002016,4.342599,-3693.98257,1865132138,16926,1
19.011629,0.002022,4.342044,-3692.86766,1864893513,16927,1
19.013645,0.002016,4.343048,-3694.88455,1865324761,16928,2
19.017684,0.004039,4.34294,-3694.66759,1865278680,16930,1
19.0197,0.002016,4.343202,-3695.19391,1865390980,16931,1
19.021716,0.002016,4.343987,-3696.77087,1865728045,16932,1
19.023732,0.002016,4.342558,-3693.90021,1865114522,16933,2
19.02777,0.004038,4.341813,-3692.40361,1864794314,16935,1
19.029786,0.002016,4.342837,-3694.46068,1865234276,16936,1
19.031808,0.002022,4.34294,-3694.66759,1865278599,16937,1
19.033824,0.002016,4.343061,-3694.91067,1865330752,16938,1
19.035847,0.002023,4.343964,-3696.72466,1865718188,16939,2
19.039879,0.004032,4.34273,-3694.24573,1865188294,16941,1
19.041895,0.002016,4.341813,-3692.40361,1864794636,16942,1
19.043917,0.002022,4.342653,-3694.09105,1865155364,16943,1
19.045933,0.002016,4.343102,-3694.99303,1865348136,16944,2
19.049972,0.004039,4.342954,-3694.69572,1865284533,16946,1
19.051988,0.002016,4.343862,-3696.51976,1865674480,16947,1
19.054004,0.002016,4.343009,-3694.8062,1865308019,16948,1
19.056026,0.002022,4.342091,-3692.96208,1864913905,16949,2
19.060064,0.004038,4.342721,-3694.22765,1865184249,16951,1
19.06208,0.002016,4.343322,-3695.43498,1865442511,16952,1
19.064096,0.002016,4.343081,-3694.95084,1865339218,16953,1
19.066119,0.002023,4.343939,-3696.67444,1865707582,16954,2
19.070151,0.004032,4.343094,-3694.97696,1865344469,16956,1
19.072173,0.002022,4.341826,-3692.42973,1864800269,16957,1
19.074189,0.002016,4.342051,-3692.88172,1864896578,16958,1
19.076205,0.002016,4.342723,-3694.23167,1865185420,16959,2
19.080244,0.004039,4.342272,-3693.32568,1864991757,16961,1
19.08226,0.002016,4.343034,-3694.85643,1865319017,16962,1
19.084282,0.002022,4.342471,-3693.72544,1865076878,16963,1
19.086298,0.002016,4.341238,-3691.24852,1864547628,16964,1
19.088314,0.002016,4.341611,-3691.99782,1864707964,16965,2
19.092352,0.004038,4.342468,-3693.71941,1865075737,16967,1
19.094368,0.002016,4.34199,-3692.75918,1864870265,16968,1
19.096391,0.002023,4.34293,-3694.64751,1865274152,16969,1
19.098407,0.002016,4.342679,-3694.14328,1865166275,16970,2
19.102445,0.004038,4.341289,-3691.35097,1864569178,16972,1
19.104461,0.002016,4.341261,-3691.29472,1864557438,16973,1
19.106477,0.002016,4.342265,-3693.31162,1864988691,16974,1
19.1085,0.002023,4.341889,-3692.55629,1864827125,16975,2
19.112532,0.004032,4.342891,-3694.56916,1865257478,16977,1
19.114554,0.002022,4.343094,-3694.97696,1865344451,16978,1
19.11657,0.002016,4.341719,-3692.21478,1864753868,16979,1
19.118586,0.002016,4.341653,-3692.0822,1864725691,16980,2
19.122624,0.004038,4.342904,-3694.59527,1865262839,16982,1
19.12464,0.002016,4.342453,-3693.68928,1865069540,16983,1
19.126663,0.002023,4.34319,-3695.16981,1865385795,16984,1
19.128679,0.002016,4.343284,-3695.35864,1865426302,16985,1
19.130695,0.002016,4.341758,-3692.29313,1864770829,16986,2
19.134733,0.004038,4.341593,-3691.96166,1864699913,16988,1
19.136749,0.002016,4.342845,-3694.47675,1865237827,16989,1
19.138772,0.002023,4.342366,-3693.51451,1865031917,16990,1
19.140788,0.002016,4.343143,-3695.07539,1865365901,16991,2
19.144826,0.004038,4.343715,-3696.22446,1865611209,16993,1
19.146842,0.002016,4.342255,-3693.29153,1864984169,16994,1
19.148864,0.002022,4.341753,-3692.28308,1864768845,16995,1
19.15088,0.002016,4.342923,-3694.63344,1865271229,16996,2
19.154919,0.004039,4.342588,-3693.96048,1865127326,16998,1
19.156935,0.002016,4.343072,-3694.93276,1865335187,16999,1
19.158951,0.002016,4.343633,-3696.05973,1865576027,17000,1
19.160973,0.002022,4.342157,-3693.09466,1864942300,17001,2
19.165005,0.004032,4.341737,-3692.25094,1864761725,17003,1
19.167031,0.002026,4.342751,-3694.28792,1865197274,17004,1
19.16904,0.002009,4.342666,-3694.11717,1865160835,17005,1
19.171063,0.002023,4.343035,-3694.85844,1865319265,17006,1
19.173079,0.002016,4.343701,-3696.19633,1865605503,17007,2
19.177117,0.004038,4.34233,-3693.44219,1865016654,17009,1
19.179133,0.002016,4.341563,-3691.9014,1864687284,17010,1
19.181149,0.002016,4.342413,-3693.60893,1865052364,17011,1
19.183172,0.002023,4.342489,-3693.7616,1865084784,17012,2
19.187204,0.004032,4.342666,-3694.11717,1865160823,17014,1
19.189226,0.002022,4.343372,-3695.53542,1865463902,17015,1
19.191242,0.002016,4.342073,-3692.92592,1864906115,17016,1
19.193258,0.002016,4.341272,-3691.31682,1864562289,17017,2
19.197296,0.004038,4.342148,-3693.07658,1864938246,17019,1
19.199312,0.002016,4.34238,-3693.54263,1865037929,17020,1
19.201335,0.002023,4.342466,-3693.7154,1865074786,17021,1
19.203351,0.002016,4.343349,-3695.48922,1865453909,17022,2
19.207389,0.004038,4.342289,-3693.35983,1864999052,17024,1
19.209405,0.002016,4.341301,-3691.37508,1864574340,17025,1
19.211421,0.002016,4.342074,-3692.92792,1864906621,17026,1
19.213444,0.002023,4.342512,-3693.8078,1865094692,17027,2
19.217476,0.004032,4.342431,-3693.64509,1865059812,17029,1
19.219492,0.002016,4.343493,-3695.77849,1865516059,17030,1
19.221514,0.002022,4.342647,-3694.079,1865152585,17031,1
19.22353,0.002016,4.341578,-3691.93153,1864693578,17032,1
19.225546,0.002016,4.342336,-3693.45424,1865019303,17033,2
19.229584,0.004038,4.343229,-3695.24815,1865402502,17035,1
19.2316,0.002016,4.343092,-3694.97294,1865343581,17036,1
19.233623,0.002023,4.344043,-3696.88336,1865752480,17037,1
19.235639,0.002016,4.343473,-3695.73831,1865507569,17038,2
19.239677,0.004038,4.34232,-3693.4221,1865012327,17040,1
19.241693,0.002016,4.342602,-3693.9886,1865133321,17041,1
19.243709,0.002016,4.34341,-3695.61176,1865480498,17042,1
19.245732,0.002023,4.343001,-3694.79013,1865304809,17043,2
19.249764,0.004032,4.343878,-3696.5519,1865681477,17045,1
19.251786,0.002022,4.343333,-3695.45707,1865447201,17046,1
19.253802,0.002016,4.341989,-3692.75717,1864870039,17047,1
19.255818,0.002016,4.342192,-3693.16497,1864957358,17048,2
19.259856,0.004038,4.343307,-3695.40484,1865436146,17050,1
19.261872,0.002016,4.343107,-3695.00307,1865350197,17051,1
19.263895,0.002023,4.34413,-3697.05813,1865789542,17052,1
19.265911,0.002016,4.344073,-3696.94363,1865765111,17053,1
19.267927,0.002016,4.342823,-3694.43256,1865228295,17054,2
19.271965,0.004038,4.343118,-3695.02517,1865354948,17056,1
19.273981,0.002016,4.344373,-3697.54628,1865894063,17057,1
19.276004,0.002023,4.343802,-3696.39923,1865648585,17058,1
19.27802,0.002016,4.344518,-3697.83757,1865956155,17059,2
19.282052,0.004032,4.344353,-3697.50611,1865885165,17061,1
19.284074,0.002022,4.34279,-3694.36627,1865214034,17062,1
19.28609,0.002016,4.342602,-3693.9886,1865133437,17063,1
19.288112,0.002022,4.343586,-3695.96531,1865555698,17064,2
19.292144,0.004032,4.343048,-3694.88455,1865325088,17066,1
19.294167,0.002023,4.343766,-3696.32691,1865633205,17067,1
19.296183,0.002016,4.343906,-3696.60815,1865693666,17068,1
19.298199,0.002016,4.342569,-3693.92231,1865119203,17069,2
19.302237,0.004038,4.342358,-3693.49844,1865028663,17071,1
19.304253,0.002016,4.343758,-3696.31084,1865629640,17072,1
19.306276,0.002023,4.343439,-3695.67001,1865492910,17073,1
19.308292,0.002016,4.344149,-3697.0963,1865797704,17074,1
19.310308,0.002016,4.344789,-3698.38197,1866072568,17075,2
19.314346,0.004038,4.343824,-3696.44342,1865658422,17077,1
19.316362,0.002016,4.343598,-3695.98942,1865561123,17078,1
19.318384,0.002022,4.344795,-3698.39402,1866075171,17079,1
19.3204,0.002016,4.344541,-3697.88377,1865966227,17080,2
19.324439,0.004039,4.344875,-3698.55473,1866109760,17082,1
19.326455,0.002016,4.345318,-3699.44465,1866300047,17083,1
19.328471,0.002016,4.344172,-3697.1425,1865807385,17084,1
19.330493,0.002022,4.343565,-3695.92313,1865546811,17085,2
19.334525,0.004032,4.344627,-3698.05653,1866003024,17087,1
19.336548,0.002023,4.344601,-3698.0043,1865992040,17088,1
19.338564,0.002016,4.344828,-3698.46031,1866089156,17089,1
19.34058,0.002016,4.345396,-3699.60134,1866333404,17090,2
19.344618,0.004038,4.344333,-3697.46593,1865876556,17092,1
19.346634,0.002016,4.343719,-3696.23249,1865613117,17093,1
19.348656,0.002022,4.344725,-3698.2534,1866045109,17094,1
19.350672,0.002016,4.344892,-3698.58888,1866116788,17095,1
19.352688,0.002016,4.34509,-3698.98663,1866202110,17096,2
19.356727,0.004039,4.345875,-3700.56359,1866539103,17098,1
19.358743,0.002016,4.345008,-3698.82191,1866166810,17099,1
19.360765,0.002022,4.344399,-3697.59851,1865904962,17100,1
19.362781,0.002016,4.345332,-3699.47278,1866305631,17101,2
19.36682,0.004039,4.345706,-3700.22409,1866466523,17103,1
19.368836,0.002016,4.345732,-3700.27632,1866477669,17104,1
19.370852,0.002016,4.346437,-3701.69256,1866780720,17105,1
19.372874,0.002022,4.345656,-3700.12365,1866445048,17106,2
19.376906,0.004032,4.344725,-3698.2534,1866045278,17108,1
19.378928,0.002022,4.34542,-3699.64956,1866343625,17109,1
19.380944,0.002016,4.345894,-3700.60175,1866547218,17110,1
19.38296,0.002016,4.345651,-3700.1136,1866442969,17111,2
19.386999,0.004039,4.346393,-3701.60417,1866761571,17113,1
19.389015,0.002016,4.345824,-3700.46113,1866517152,17114,1
19.391037,0.002022,4.344763,-3698.32974,1866061461,17115,1
19.393053,0.002016,4.345282,-3699.37233,1866284131,17116,2
19.397092,0.004039,4.34602,-3700.85487,1866601341,17118,1
19.399108,0.002016,4.34568,-3700.17186,1866455601,17119,1
19.401124,0.002016,4.346473,-3701.76488,1866796064,17120,1
19.403146,0.002022,4.346197,-3701.21044,1866677387,17121,1
19.405162,0.002016,4.345198,-3699.20359,1866248485,17122,2
19.4092,0.004038,4.345567,-3699.94486,1866406802,17124,1
19.411216,0.002016,4.346556,-3701.93162,1866831486,17125,1
19.413232,0.002016,4.346271,-3701.35909,1866709008,17126,1
19.415255,0.002023,4.347015,-3702.85368,1867028998,17127,2
19.419287,0.004032,4.34679,-3702.40169,1866932182,17129,1
19.421309,0.002022,4.345685,-3700.1819,1866457210,17130,1
19.423325,0.002016,4.345744,-3700.30043,1866482674,17131,1
19.425341,0.002016,4.346829,-3702.48003,1866948982,17132,2
19.42938,0.004039,4.346512,-3701.84323,1866812547,17134,1
19.431396,0.002016,4.347219,-3703.26349,1867116518,17135,1
19.433418,0.002022,4.347103,-3703.03046,1867066348,17136,1
19.435434,0.002016,4.345902,-3700.61783,1866550841,17137,2
19.439472,0.004038,4.345857,-3700.52743,1866531278,17139,1
19.441488,0.002016,4.347055,-3702.93404,1867046177,17140,1
19.443504,0.002016,4.346554,-3701.9276,1866830761,17141,1
19.445527,0.002023,4.34719,-3703.20523,1867103800,17142,1
19.447543,0.002016,4.347368,-3703.56281,1867180523,17143,2
19.451575,0.004032,4.346146,-3701.10799,1866655657,17145,1
19.453597,0.002022,4.346054,-3700.92317,1866616108,17146,1
19.455613,0.002016,4.347326,-3703.47844,1867162191,17147,1
19.457629,0.002016,4.346901,-3702.62467,1866979831,17148,2
19.461668,0.004039,4.347448,-3703.72352,1867214716,17150,1
19.463684,0.002016,4.347851,-3704.53309,1867387888,17151,1
19.465706,0.002022,4.346584,-3701.98786,1866843568,17152,1
19.467722,0.002016,4.346408,-3701.63431,1866767956,17153,2
19.47176,0.004038,4.347745,-3704.32015,1867342275,17155,1
19.474169,0.002409,4.347644,-3704.11725,1867298915,17156,1
19.475792,0.001623,4.348283,-3705.40091,1867573414,17157,1
19.477815,0.002023,4.348843,-3706.52587,1867813911,17158,2
19.481847,0.004032,4.347803,-3704.43666,1867367196,17160,1
19.483869,0.002022,4.347514,-3703.8561,1867242858,17161,1
19.485885,0.002016,4.348768,-3706.37521,1867781548,17162,1
19.487901,0.002016,4.348568,-3705.97344,1867695572,17163,1
19.489924,0.002023,4.348816,-3706.47163,1867802239,17164,2
19.493956,0.004032,4.349232,-3707.30732,1867980765,17166,1
19.495978,0.002022,4.348142,-3705.11766,1867512541,17167,1
19.497994,0.002016,4.347423,-3703.6733,1867203746,17168,1
19.50001,0.002016,4.348438,-3705.71228,1867639836,17169,2
19.504048,0.004038,4.348321,-3705.47725,1867589636,17171,1
19.506064,0.002016,4.348341,-3705.51742,1867598075,17172,1
19.508087,0.002023,4.348887,-3706.61426,1867832862,17173,1
19.510103,0.002016,4.347992,-3704.81633,1867448364,17174,2
19.514135,0.004032,4.347464,-3703.75566,1867221568,17176,1
19.516157,0.002022,4.348683,-3706.20445,1867745250,17177,1
19.518173,0.002016,4.349236,-3707.31535,1867982657,17178,1
19.520196,0.002023,4.349493,-3707.83163,1868092822,17179,2
19.524228,0.004032,4.350392,-3709.63759,1868479325,17181,1
19.526244,0.002016,4.349946,-3708.74164,1868287453,17182,1
19.528266,0.002022,4.34922,-3707.28321,1867975841,17183,1
19.530282,0.002016,4.349921,-3708.69142,1868277020,17184,2
19.53432,0.004038,4.350286,-3709.42465,1868433573,17186,1
19.536336,0.002016,4.350191,-3709.23381,1868392946,17187,1
19.538352,0.002016,4.350808,-3710.47327,1868657971,17188,1
19.540375,0.002023,4.350061,-3708.97266,1868337101,17189,1
19.542391,0.002016,4.349176,-3707.19482,1867956870,17190,2
19.546429,0.004038,4.349737,-3708.32179,1868197895,17192,1
19.548445,0.002016,4.350328,-3709.50902,1868451417,17193,1
19.550461,0.002016,4.350112,-3709.07511,1868358811,17194,1
19.552484,0.002023,4.350796,-3710.44917,1868652627,17195,2
19.556516,0.004032,4.350327,-3709.50701,1868450900,17197,1
19.558538,0.002022,4.34936,-3707.56445,1868035852,17198,1
19.560554,0.002016,4.349984,-3708.81798,1868303925,17199,1
19.56257,0.002016,4.350882,-3710.62193,1868689654,17200,2
19.566608,0.004038,4.350585,-3710.0253,1868561896,17202,1
19.568624,0.002016,4.351284,-3711.42949,1868862222,17203,1
19.570647,0.002023,4.350992,-3710.8429,1868736598,17204,1
19.572663,0.002016,4.349863,-3708.5749,1868251901,17205,2
19.576695,0.004032,4.350009,-3708.8682,1868314740,17207,1
19.578717,0.002022,4.351057,-3710.97348,1868764833,17208,1
19.580733,0.002016,4.350478,-3709.81035,1868516202,17209,1
19.582749,0.002016,4.351017,-3710.89312,1868747460,17210,1
19.584772,0.002023,4.351021,-3710.90116,1868749459,17211,2
19.588804,0.004032,4.349844,-3708.53674,1868243894,17213,1
19.590826,0.002022,4.349889,-3708.62713,1868263343,17214,1
19.592842,0.002016,4.351267,-3711.39534,1868854815,17215,1
19.594858,0.002016,4.351009,-3710.87705,1868744001,17216,2
19.598896,0.004038,4.351839,-3712.5444,1869100706,17218,1
19.600912,0.002016,4.351954,-3712.77542,1869150269,17219,1
19.602935,0.002023,4.350873,-3710.60385,1868686001,17220,1
19.604951,0.002016,4.350843,-3710.54358,1868672757,17221,2
19.608989,0.004038,4.352147,-3713.16313,1869233008,17223,1
19.611005,0.002016,4.351729,-3712.32343,1869053349,17224,1
19.613021,0.002016,4.352239,-3713.34795,1869272297,17225,1
19.615044,0.002023,4.352503,-3713.87828,1869385945,17226,2
19.619076,0.004032,4.351379,-3711.62033,1868903106,17228,1
19.621098,0.002022,4.351197,-3711.25472,1868824809,17229,1
19.623114,0.002016,4.352335,-3713.5408,1869313383,17230,1
19.62513,0.002016,4.351875,-3712.61672,1869116054,17231,1
19.627152,0.002022,4.352322,-3713.51468,1869307842,17232,2
19.631184,0.004032,4.352563,-3713.99881,1869411411,17234,1
19.633207,0.002023,4.351402,-3711.66653,1868913038,17235,1
19.635223,0.002016,4.351111,-3711.08196,1868788082,17236,1
19.637239,0.002016,4.352262,-3713.39415,1869282153,17237,2
19.641277,0.004038,4.351899,-3712.66493,1869126223,17239,1
19.643293,0.002016,4.352214,-3713.29772,1869261707,17240,1
19.645316,0.002023,4.352645,-3714.16354,1869446661,17241,1
19.647332,0.002016,4.35157,-3712.00402,1868985035,17242,2
19.651364,0.004032,4.351022,-3710.90317,1868749599,17244,1
19.653386,0.002022,4.352208,-3713.28567,1869258948,17245,1
19.655402,0.002016,4.352247,-3713.36402,1869275724,17246,1
19.657424,0.002022,4.352547,-3713.96667,1869404660,17247,2
19.661456,0.004032,4.353185,-3715.24832,1869678690,17249,1
19.663479,0.002023,4.352358,-3713.587,1869323475,17250,1
19.665495,0.002016,4.351858,-3712.58257,1869108865,17251,1
19.667511,0.002016,4.352951,-3714.77825,1869578099,17252,1
19.669527,0.002016,4.353097,-3715.07154,1869641059,17253,2
19.673565,0.004038,4.353147,-3715.17199,1869662348,17255,1
19.675581,0.002016,4.353548,-3715.97754,1869834411,17256,1
19.677604,0.002023,4.352833,-3714.54121,1869527362,17257,1
19.67962,0.002016,4.351847,-3712.56047,1869104075,17258,2
19.683658,0.004038,4.352628,-3714.12939,1869439453,17260,1
19.685674,0.002016,4.353024,-3714.9249,1869609543,17261,1
19.68769,0.002016,4.353141,-3715.15993,1869659718,17262,1
19.689712,0.002022,4.353815,-3716.5139,1869949240,17263,2
19.693744,0.004032,4.352982,-3714.84053,1869591241,17265,1
19.695767,0.002023,4.352158,-3713.18523,1869237628,17266,1
19.697783,0.002016,4.352905,-3714.68584,1869558481,17267,1
19.699799,0.002016,4.353587,-3716.05588,1869851541,17268,2
19.703837,0.004038,4.353624,-3716.13021,1869867147,17270,1
19.705853,0.002016,4.354349,-3717.58663,1870178661,17271,1
19.707876,0.002023,4.353706,-3716.29494,1869902731,17272,1
19.709892,0.002016,4.35292,-3714.71598,1869564948,17273,2
19.71393,0.004038,4.353561,-3716.00365,1869840174,17275,1
19.715946,0.002016,4.35424,-3717.36767,1870131865,17276,1
19.717962,0.002016,4.353939,-3716.763,1870002720,17277,1
19.719984,0.002022,4.354711,-3718.31384,1870334065,17278,1
19.722,0.002016,4.354172,-3717.23106,1870102472,17279,2
19.726039,0.004039,4.353032,-3714.94097,1869612974,17281,1
19.728055,0.002016,4.353486,-3715.85299,1869807737,17282,1
19.730071,0.002016,4.354495,-3717.87992,1870241213,17283,1
19.732093,0.002022,4.354154,-3717.1949,1870094843,17284,2
19.736125,0.004032,4.35494,-3718.77387,1870432372,17286,1
19.738148,0.002023,4.354766,-3718.42432,1870357819,17287,1
19.740164,0.002016,4.353772,-3716.42752,1869930995,17288,1
19.74218,0.002016,4.354059,-3717.00406,1870054155,17289,2
19.746218,0.004038,4.355206,-3719.30822,1870546548,17291,1
19.748234,0.002016,4.354953,-3718.79998,1870438079,17292,1
19.75025,0.002016,4.355762,-3720.42514,1870785342,17293,1
19.752272,0.002022,4.355616,-3720.13185,1870722878,17294,2
19.756304,0.004032,4.354384,-3717.65694,1870193896,17296,1
19.758327,0.002023,4.354518,-3717.92613,1870251191,17297,1
19.760343,0.002016,4.355809,-3720.51956,1870805647,17298,1
19.762359,0.002016,4.355405,-3719.70798,1870632057,17299,1
19.764381,0.002022,4.356021,-3720.94544,1870896817,17300,2
19.768413,0.004032,4.356284,-3721.47377,1871009590,17302,1
19.770436,0.002023,4.354933,-3718.7598,1870429389,17303,1
19.772452,0.002016,4.354913,-3718.71963,1870420750,17304,1
19.774468,0.002016,4.356107,-3721.1182,1870933623,17305,2
19.778506,0.004038,4.355629,-3720.15797,1870728377,17307,1
19.780522,0.002016,4.356081,-3721.06597,1870922649,17308,1
19.782544,0.002022,4.356426,-3721.75903,1871070851,17309,1
19.78456,0.002016,4.355267,-3719.43076,1870572698,17310,2
19.788599,0.004039,4.35498,-3718.85422,1870449346,17312,1
19.790615,0.002016,4.356163,-3721.2307,1870957804,17313,1
19.792631,0.002016,4.355989,-3720.88116,1870883074,17314,1
19.794647,0.002016,4.356475,-3721.85746,1871091992,17315,2
19.798685,0.004038,4.356996,-3722.90407,1871315643,17317,1
19.800701,0.002016,4.355773,-3720.44724,1870790222,17318,1
19.802724,0.002023,4.355318,-3719.53321,1870594713,17319,1
19.80474,0.002016,4.356514,-3721.9358,1871108669,17320,1
19.806756,0.002016,4.356472,-3721.85143,1871090374,17321,2
19.810794,0.004038,4.356759,-3722.42797,1871213595,17323,1
19.81281,0.002016,4.357318,-3723.55092,1871453670,17324,1
19.814832,0.002022,4.356188,-3721.28092,1870968693,17325,1
19.816848,0.002016,4.355736,-3720.37291,1870774427,17326,2
19.820887,0.004039,4.356806,-3722.52239,1871233863,17328,1
19.822903,0.002016,4.356811,-3722.53243,1871236089,17329,1
19.824919,0.002016,4.357039,-3722.99045,1871333889,17330,1
19.826935,0.002016,4.357843,-3724.60557,1871679491,17331,2
19.830973,0.004038,4.3568,-3722.51034,1871231242,17333,1
19.832989,0.002016,4.355937,-3720.77669,1870860820,17334,1
19.835012,0.002023,4.356943,-3722.7976,1871292991,17335,1
19.837028,0.002016,4.357096,-3723.10496,1871358525,17336,2
19.841066,0.004038,4.357075,-3723.06277,1871349600,17338,1
19.843082,0.002016,4.357795,-3724.50915,1871658675,17339,1
19.845098,0.002016,4.356853,-3722.61681,1871253941,17340,1
19.84712,0.002022,4.355963,-3720.82892,1870871970,17341,2
19.851152,0.004032,4.356819,-3722.54851,1871239521,17343,1
19.853175,0.002023,4.35719,-3723.29379,1871398951,17344,1
19.855191,0.002016,4.357113,-3723.13911,1871365685,17345,1
19.857207,0.002016,4.35798,-3724.88079,1871738232,17346,1
19.859229,0.002022,4.35708,-3723.07282,1871351760,17347,2
19.863261,0.004032,4.35599,-3720.88316,1870883647,17349,1
19.865284,0.002023,4.356622,-3722.15276,1871154776,17350,1
19.8673,0.002016,4.357207,-3723.32794,1871406039,17351,1
19.869316,0.002016,4.357113,-3723.13911,1871365589,17352,2
19.873354,0.004038,4.358,-3724.92096,1871746793,17354,1
19.87537,0.002016,4.357158,-3723.22951,1871384953,17355,1
19.877386,0.002016,4.356034,-3720.97155,1870902385,17356,1
19.879408,0.002022,4.356483,-3721.87353,1871095436,17357,2
19.88344,0.004032,4.357225,-3723.3641,1871413852,17359,1
19.885463,0.002023,4.357079,-3723.07081,1871350904,17360,1
19.887479,0.002016,4.358129,-3725.18011,1871801873,17361,1
19.889495,0.002016,4.357661,-3724.23996,1871601298,17362,2
19.893533,0.004038,4.356455,-3721.81728,1871083308,17364,1
19.895549,0.002016,4.35678,-3722.47016,1871222676,17365,1
19.897572,0.002023,4.357686,-3724.29018,1871611951,17366,1
19.899588,0.002016,4.357249,-3723.41231,1871424146,17367,1
19.901604,0.002016,4.358026,-3724.97319,1871757675,17368,2
19.905642,0.004038,4.357516,-3723.94868,1871538901,17370,1
19.907658,0.002016,4.35606,-3721.02378,1870913445,17371,1
19.909674,0.002016,4.356257,-3721.41953,1870998109,17372,1
19.911696,0.002022,4.357409,-3723.73373,1871492792,17373,2
19.915728,0.004032,4.356981,-3722.87394,1871309178,17375,1
19.917751,0.002023,4.357698,-3724.31429,1871616976,17376,1
19.919767,0.002016,4.357844,-3724.60758,1871679975,17377,1
19.921783,0.002016,4.35642,-3721.74697,1871068161,17378,2
19.925821,0.004038,4.35636,-3721.62644,1871042482,17380,1
19.927837,0.002016,4.357548,-3724.01296,1871552586,17381,1
19.929853,0.002016,4.357172,-3723.25763,1871391278,17382,1
19.931876,0.002023,4.357762,-3724.44286,1871644636,17383,2
19.935908,0.004032,4.358014,-3724.94909,1871752674,17385,1
19.937924,0.002016,4.35664,-3722.18892,1871162456,17386,1
19.939946,0.002022,4.356471,-3721.84942,1871089994,17387,1
19.941962,0.002016,4.35771,-3724.3384,1871622150,17388,1
19.943978,0.002016,4.357552,-3724.021,1871554169,17389,2
19.948016,0.004038,4.358097,-3725.11582,1871788587,17391,1
19.950032,0.002016,4.35842,-3725.76468,1871927086,17392,1
19.952055,0.002023,4.356982,-3722.87595,1871309589,17393,1
19.954071,0.002016,4.35669,-3722.28936,1871184045,17394,2
19.958109,0.004038,4.358036,-3724.99328,1871762187,17396,1
19.960125,0.002016,4.357809,-3724.53727,1871664626,17397,1
19.962141,0.002016,4.358251,-3725.42519,1871854338,17398,1
19.964164,0.002023,4.358732,-3726.39145,1872061342,17399,2
19.968196,0.004032,4.357363,-3723.64132,1871473189,17401,1
19.970212,0.002016,4.356988,-3722.888,1871312098,17402,1
19.972234,0.002022,4.358146,-3725.21426,1871809448,17403,1
19.97425,0.002016,4.357937,-3724.79441,1871719685,17404,2
19.978288,0.004038,4.358484,-3725.89325,1871954554,17406,1
19.980304,0.002016,4.359185,-3727.30146,1872255652,17407,1
19.98232,0.002016,4.357777,-3724.47299,1871651119,17408,1
19.984343,0.002023,4.357172,-3723.25763,1871390991,17409,1
19.986359,0.002016,4.358225,-3725.37296,1871843391,17410,2
19.990397,0.004038,4.358279,-3725.48144,1871866481,17412,1
19.992413,0.002016,4.358553,-3726.03186,1871984494,17413,1
19.994429,0.002016,4.359509,-3727.95233,1872395090,17414,1
19.996445,0.002016,4.358482,-3725.88923,1871953983,17415,2
20.000484,0.004039,4.357735,-3724.38862,1871632891,17417,1
20.0025,0.002016,4.358636,-3726.1986,1872020115,17418,1
20.004522,0.002022,4.358852,-3726.63251,1872112695,17419,1
20.006538,0.002016,4.358762,-3726.45171,1872073807,17420,2
20.010576,0.004038,4.35957,-3728.07487,1872420942,17422,1
20.012592,0.002016,4.358552,-3726.02985,1871983836,17423,1
20.014608,0.002016,4.357582,-3724.08126,1871567121,17424,1
20.016631,0.002023,4.35848,-3725.88522,1871953075,17425,2
20.020663,0.004032,4.359103,-3727.13673,1872220545,17427,1
20.022685,0.002022,4.359096,-3727.12267,1872217286,17428,1
20.024701,0.002016,4.359834,-3728.60521,1872534209,17429,1
20.026717,0.002016,4.358946,-3726.82134,1872153140,17430,2
20.030756,0.004039,4.357954,-3724.82856,1871726739,17432,1
20.032772,0.002016,4.358559,-3726.04391,1871986628,17433,1
20.034788,0.002016,4.359141,-3727.21307,1872236881,17434,1
20.03681,0.002022,4.358959,-3726.84746,1872158655,17435,1
20.038826,0.002016,4.359824,-3728.58512,1872530083,17436,2
20.042864,0.004038,4.359278,-3727.48828,1872295774,17438,1
20.04488,0.002016,4.358139,-3725.2002,1871806364,17439,1
20.046896,0.002016,4.358412,-3725.74861,1871923576,17440,1
20.048919,0.002023,4.359198,-3727.32757,1872261412,17441,2
20.052951,0.004032,4.358892,-3726.71286,1872129877,17443,1
20.054967,0.002016,4.359664,-3728.2637,1872461637,17444,1
20.056989,0.002022,4.359275,-3727.48226,1872294292,17445,1
20.059005,0.002016,4.357933,-3724.78637,1871717968,17446,2
20.063044,0.004039,4.358232,-3725.38702,1871846354,17448,1
20.06506,0.002016,4.359239,-3727.40994,1872278898,17449,1
20.067076,0.002016,4.35871,-3726.34725,1872051624,17450,1
20.069098,0.002022,4.359704,-3728.34406,1872478722,17451,2
20.07313,0.004032,4.359564,-3728.06282,1872418722,17453,1
20.075152,0.002022,4.358297,-3725.51759,1871874135,17454,1
20.077168,0.002016,4.358613,-3726.15239,1872010044,17455,1
20.079184,0.002016,4.359985,-3728.90854,1872599414,17456,1
20.081207,0.002023,4.359567,-3728.06884,1872419805,17457,2
20.085239,0.004032,4.360556,-3730.0556,1872844566,17459,1
20.087261,0.002022,4.360629,-3730.20225,1872876047,17460,1
20.089277,0.002016,4.358865,-3726.65862,1872118308,17461,1
20.091293,0.002016,4.358619,-3726.16445,1872012440,17462,2
20.095332,0.004039,4.359749,-3728.43445,1872497951,17464,1
20.097348,0.002016,4.359104,-3727.13874,1872221075,17465,1
20.099364,0.002016,4.360005,-3728.94872,1872607980,17466,1
20.101386,0.002022,4.360553,-3730.04957,1872843232,17467,2
20.105418,0.004032,4.359289,-3727.51038,1872300240,17469,1
20.10744,0.002022,4.359281,-3727.49431,1872296843,17470,1
20.109456,0.002016,4.36066,-3730.26452,1872889168,17471,1
20.111472,0.002016,4.360399,-3729.74021,1872777034,17472,2
20.115511,0.004039,4.361079,-3731.10623,1873069263,17474,1
20.117527,0.002016,4.361605,-3732.16289,1873294852,17475,1
20.119549,0.002022,4.3601,-3729.13956,1872648516,17476,1
20.121565,0.002016,4.359622,-3728.17933,1872443641,17477,1
20.123581,0.002016,4.360786,-3730.51764,1872943612,17478,2
20.12762,0.004039,4.360546,-3730.03551,1872840044,17480,1
20.129636,0.002016,4.361028,-3731.00378,1873047157,17481,1
20.131658,0.002022,4.361614,-3732.18097,1873298903,17482,1
20.133674,0.002016,4.360188,-3729.31634,1872686528,17483,2
20.137712,0.004038,4.359672,-3728.27977,1872464747,17485,1
20.139728,0.002016,4.36085,-3730.6462,1872970815,17486,1
20.141744,0.002016,4.360733,-3730.41117,1872920613,17487,1
20.143767,0.002023,4.361078,-3731.10422,1873068916,17488,2
20.147799,0.004032,4.361899,-3732.75349,1873421611,17490,1
20.149815,0.002016,4.360732,-3730.40916,1872920006,17491,1
20.151837,0.002022,4.36002,-3728.97885,1872614240,17492,1
20.153853,0.002016,4.36097,-3730.88727,1873022359,17493,2
20.157892,0.004039,4.360934,-3730.81495,1873007148,17495,1
20.159908,0.002016,4.36109,-3731.12833,1873073765,17496,1
20.161924,0.002016,4.361972,-3732.90014,1873452551,17497,1
20.163946,0.002022,4.361065,-3731.07811,1873063352,17498,2
20.167978,0.004032,4.360466,-3729.8748,1872805898,17500,1
20.17,0.002022,4.36149,-3731.93187,1873245795,17501,1
20.172016,0.002016,4.361955,-3732.86599,1873445276,17502,1
20.174032,0.002016,4.362047,-3733.0508,1873485021,17503,1
20.176055,0.002023,4.363268,-3735.50362,1874009506,17504,2
20.180087,0.004032,4.36256,-3734.08135,1873705410,17506,1
20.182103,0.002016,4.361569,-3732.09057,1873279913,17507,1
20.184125,0.002022,4.362288,-3733.53494,1873588176,17508,1
20.186141,0.002016,4.362798,-3734.55946,1873807508,17509,2
20.19018,0.004039,4.362414,-3733.78805,1873642774,17511,1
20.192196,0.002016,4.363324,-3735.61611,1874033438,17512,1
20.194212,0.002016,4.362722,-3734.40678,1873774750,17513,1
20.196234,0.002022,4.361574,-3732.10062,1873281801,17514,2
20.200266,0.004032,4.362046,-3733.0488,1873484708,17516,1
20.202288,0.002022,4.362838,-3734.63981,1873824523,17517,1
20.204304,0.002016,4.362547,-3734.05523,1873699648,17518,1
20.20632,0.002016,4.36344,-3735.84914,1874083041,17519,2
20.210359,0.004039,4.363053,-3735.07171,1873917105,17521,1
20.212375,0.002016,4.362016,-3732.98853,1873471459,17522,1
20.214397,0.002022,4.362412,-3733.78404,1873642007,17523,1
20.216413,0.002016,4.363312,-3735.59201,1874028239,17524,1
20.218429,0.002016,4.362916,-3734.7965,1873858286,17525,2
20.222468,0.004039,4.363778,-3736.52813,1874228380,17527,1
20.224484,0.002016,4.363511,-3735.99177,1874113562,17528,1
20.2265,0.002016,4.362385,-3733.7298,1873630081,17529,1
20.228522,0.002022,4.362735,-3734.4329,1873780372,17530,2
20.232554,0.004032,4.3638,-3736.57233,1874237582,17532,1
20.234576,0.002022,4.363322,-3735.6121,1874032664,17533,1
20.236592,0.002016,4.364341,-3737.65912,1874469968,17534,1
20.238608,0.002016,4.364172,-3737.31962,1874397704,17535,2
20.242647,0.004039,4.362532,-3734.0251,1873693037,17537,1
20.244663,0.002016,4.362562,-3734.08537,1873706192,17538,1
20.246685,0.002022,4.363607,-3736.18462,1874154925,17539,1
20.248701,0.002016,4.362942,-3734.84873,1873869424,17540,2
20.25274,0.004039,4.363799,-3736.57032,1874237186,17542,1
20.254756,0.002016,4.363962,-3736.89776,1874307505,17543,1
20.256772,0.002016,4.362427,-3733.81417,1873648146,17544,1
20.258788,0.002016,4.362319,-3733.59721,1873601837,17545,1
20.26081,0.002022,4.363528,-3736.02592,1874121170,17546,2
20.264842,0.004032,4.363107,-3735.18019,1873940186,17548,1
20.266864,0.002022,4.363869,-3736.71094,1874267359,17549,1
20.26888,0.002016,4.364444,-3737.86603,1874514307,17550,1
20.270896,0.002016,4.36299,-3734.94516,1873890095,17551,2
20.274935,0.004039,4.362801,-3734.56548,1873808663,17553,1
20.276951,0.002016,4.364224,-3737.42408,1874419993,17554,1
20.278967,0.002016,4.363781,-3736.53416,1874229580,17555,1
20.280989,0.002022,4.364458,-3737.89416,1874520314,17556,2
20.285021,0.004032,4.365011,-3739.00505,1874758133,17558,1
20.287044,0.002023,4.363421,-3735.81097,1874074806,17559,1
20.28906,0.002016,4.362859,-3734.682,1873833475,17560,1
20.291076,0.002016,4.363822,-3736.61652,1874247431,17561,2
20.295114,0.004038,4.363458,-3735.8853,1874090881,17563,1
20.29713,0.002016,4.363792,-3736.55626,1874234590,17564,1
20.299152,0.002022,4.364654,-3738.28789,1874604478,17565,1
20.301168,0.002016,4.363217,-3735.40117,1873987622,17566,2
20.305207,0.004039,4.362778,-3734.51928,1873798699,17568,1
20.307223,0.002016,4.36394,-3736.85357,1874297891,17569,1
20.309239,0.002016,4.363991,-3736.95602,1874319874,17570,1
20.311261,0.002022,4.36447,-3737.91826,1874525295,17571,1
20.313277,0.002016,4.365162,-3739.30839,1874822732,17572,2
20.317316,0.004039,4.363805,-3736.58237,1874239905,17574,1
20.319332,0.002016,4.363087,-3735.14001,1873931428,17575,1
20.321348,0.002016,4.364027,-3737.02834,1874335356,17576,1
20.323364,0.002016,4.364095,-3737.16494,1874364368,17577,2
20.327402,0.004038,4.364218,-3737.41203,1874417313,17579,1
20.329418,0.002016,4.364931,-3738.84435,1874723582,17580,1
20.33144,0.002022,4.36364,-3736.25091,1874169047,17581,1
20.333456,0.002016,4.362637,-3734.23603,1873738398,17582,2
20.337495,0.004039,4.36345,-3735.86923,1874087574,17584,1
20.339511,0.002016,4.363959,-3736.89174,1874306242,17585,1
20.341527,0.002016,4.36409,-3737.1549,1874362364,17586,1
20.343549,0.002022,4.365022,-3739.02715,1874762630,17587,2
20.347581,0.004032,4.364104,-3737.18302,1874368449,17589,1
20.349604,0.002023,4.363099,-3735.16412,1873936570,17590,1
20.35162,0.002016,4.363812,-3736.59644,1874243027,17591,1
20.353636,0.002016,4.364558,-3738.09504,1874563161,17592,1
20.355658,0.002022,4.364452,-3737.8821,1874517730,17593,2
20.35969,0.004032,4.365292,-3739.56954,1874878758,17595,1
20.361706,0.002016,4.364599,-3738.1774,1874580925,17596,1
20.363728,0.002022,4.363474,-3735.91744,1874097758,17597,1
20.365744,0.002016,4.363946,-3736.86562,1874300771,17598,2
20.369783,0.004039,4.364804,-3738.58922,1874669164,17600,1
20.371799,0.002016,4.364552,-3738.08299,1874560656,17601,1
20.373815,0.002016,4.365296,-3739.57758,1874880400,17602,1
20.375837,0.002022,4.364554,-3738.08701,1874561843,17603,2
20.379869,0.004032,4.363092,-3735.15006,1873933708,17605,1
20.381885,0.002016,4.363315,-3735.59803,1874029482,17606,1
20.383908,0.002023,4.364287,-3737.55064,1874446992,17607,1
20.385924,0.002016,4.364026,-3737.02633,1874334705,17608,2
20.389962,0.004038,4.364573,-3738.12517,1874569983,17610,1
20.391978,0.002016,4.364495,-3737.96848,1874536312,17611,1
20.393994,0.002016,4.363435,-3735.8391,1874080850,17612,1
20.396016,0.002022,4.363649,-3736.26899,1874173100,17613,1
20.398032,0.002016,4.364791,-3738.56311,1874663712,17614,2
20.402071,0.004039,4.364487,-3737.95241,1874532858,17616,1
20.404087,0.002016,4.364869,-3738.7198,1874696834,17617,1
20.406103,0.002016,4.364837,-3738.65551,1874683260,17618,1
20.408119,0.002016,4.363472,-3735.91342,1874096883,17619,2
20.412157,0.004038,4.363482,-3735.93351,1874100991,17621,1
20.414173,0.002016,4.364543,-3738.06491,1874557058,17622,1
20.416196,0.002023,4.364077,-3737.12878,1874356858,17623,1
20.418212,0.002016,4.364505,-3737.98857,1874540733,17624,2
20.42225,0.004038,4.364659,-3738.29794,1874606952,17626,1
20.424266,0.002016,4.363365,-3735.69848,1874050931,17627,1
20.426282,0.002016,4.363289,-3735.5458,1874018459,17628,1
20.428304,0.002022,4.364553,-3738.085,1874561372,17629,2
20.432336,0.004032,4.364263,-3737.50243,1874436638,17631,1
20.434359,0.002023,4.36466,-3738.29995,1874607383,17632,1
20.436375,0.002016,4.364979,-3738.94077,1874744349,17633,1
20.438391,0.002016,4.363613,-3736.19667,1874157366,17634,1
20.440413,0.002022,4.363305,-3735.57795,1874025263,17635,2
20.444445,0.004032,4.364529,-3738.03679,1874550967,17637,1
20.446468,0.002023,4.364259,-3737.49439,1874435062,17638,1
20.448484,0.002016,4.364503,-3737.98455,1874539723,17639,1
20.4505,0.002016,4.364824,-3738.6294,1874677565,17640,2
20.454538,0.004038,4.363633,-3736.23685,1874166052,17642,1
20.456554,0.002016,4.363122,-3735.21032,1873946722,17643,1
20.45857,0.002016,4.364244,-3737.46426,1874428833,17644,1
20.460592,0.002022,4.364107,-3737.18905,1874369671,17645,2
20.464624,0.004032,4.364331,-3737.63903,1874465986,17647,1
20.466647,0.002023,4.364913,-3738.80819,1874715960,17648,1
20.468663,0.002016,4.363985,-3736.94397,1874317283,17649,1
20.470679,0.002016,4.363419,-3735.80695,1874073975,17650,2
20.474717,0.004038,4.364562,-3738.10308,1874564925,17652,1
20.476733,0.002016,4.364916,-3738.81421,1874717177,17653,1
20.478756,0.002023,4.36526,-3739.50526,1874864720,17654,1
20.480772,0.002016,4.365721,-3740.43134,1875063017,17655,2
20.484807,0.004035,4.364788,-3738.55708,1874662167,17657,1
20.486823,0.002016,4.364048,-3737.07053,1874344437,17658,1
20.488845,0.002022,4.364868,-3738.71779,1874696762,17659,1
20.490861,0.002016,4.365026,-3739.03519,1874764474,17660,1
20.492877,0.002016,4.364916,-3738.81421,1874717365,17661,2
20.496916,0.004039,4.365269,-3739.52334,1874868611,17663,1
20.498932,0.002016,4.364278,-3737.53256,1874443277,17664,1
20.500948,0.002016,4.363528,-3736.02592,1874121193,17665,1
20.50297,0.002022,4.364403,-3737.78367,1874496651,17666,2
20.507002,0.004032,4.364858,-3738.6977,1874692129,17668,1
20.509024,0.002022,4.364788,-3738.55708,1874662019,17669,1
20.51104,0.002016,4.365571,-3740.13001,1874998507,17670,1
20.513056,0.002016,4.365194,-3739.37267,1874836736,17671,2
20.517095,0.004039,4.364286,-3737.54863,1874446405,17673,1
20.519111,0.002016,4.36487,-3738.7218,1874697396,17674,1
20.521127,0.002016,4.365693,-3740.37509,1875050729,17675,1
20.523149,0.002022,4.365434,-3739.8548,1874939615,17676,2
20.527181,0.004032,4.365955,-3740.90141,1875163653,17678,1
20.529204,0.002023,4.365498,-3739.98337,1874967175,17679,1
20.53122,0.002016,4.364149,-3737.27342,1874387748,17680,1
20.533236,0.002016,4.364463,-3737.9042,1874522768,17681,1
20.535258,0.002022,4.365252,-3739.48919,1874861327,17682,2
20.53929,0.004032,4.364882,-3738.74591,1874702532,17684,1
20.541312,0.002022,4.365492,-3739.97131,1874964625,17685,1
20.543328,0.002016,4.365346,-3739.67802,1874901821,17686,1
20.545344,0.002016,4.364195,-3737.36583,1874407482,17687,2
20.549383,0.004039,4.364457,-3737.89215,1874519870,17689,1
20.551399,0.002016,4.365618,-3740.22443,1875018795,17690,1
20.553415,0.002016,4.365466,-3739.91908,1874953508,17691,1
20.555437,0.002022,4.366302,-3741.59849,1875312555,17692,2
20.559469,0.004032,4.366319,-3741.63264,1875319625,17694,1
20.561492,0.002023,4.365102,-3739.18786,1874797166,17695,1
20.563508,0.002016,4.365181,-3739.34656,1874830794,17696,1
20.565524,0.002016,4.366242,-3741.47796,1875286659,17697,2
20.569562,0.004038,4.36594,-3740.87128,1875157056,17699,1
20.571578,0.002016,4.366567,-3742.13083,1875426153,17700,1
20.573594,0.002016,4.366338,-3741.67081,1875327953,17701,1
20.575616,0.002022,4.36482,-3738.62136,1874676051,17702,1
20.577632,0.002016,4.364769,-3738.51891,1874654205,17703,2
20.581671,0.004039,4.365947,-3740.88534,1875160038,17705,1
20.583687,0.002016,4.365562,-3740.11193,1874994267,17706,1
20.585703,0.002016,4.366456,-3741.90785,1875378632,17707,1
20.587725,0.002022,4.366922,-3742.84398,1875578625,17708,2
20.591757,0.004032,4.36575,-3740.4896,1875075433,17710,1
20.593773,0.002016,4.365856,-3740.70254,1875120863,17711,1
20.595796,0.002023,4.367279,-3743.56114,1875732094,17712,1
20.597812,0.002016,4.367392,-3743.78814,1875780503,17713,2
20.60185,0.004038,4.368031,-3745.0718,1876055075,17715,1
20.603866,0.002016,4.368361,-3745.73472,1876196439,17716,1
20.605882,0.002016,4.366903,-3742.80581,1875570600,17717,1
20.607904,0.002022,4.366226,-3741.44581,1875279839,17718,2
20.611936,0.004032,4.367122,-3743.24575,1875664675,17720,1
20.613959,0.002023,4.366868,-3742.7355,1875555332,17721,1
20.615975,0.002016,4.367028,-3743.05692,1875624126,17722,1
20.617991,0.002016,4.367265,-3743.53301,1875726203,17723,2
20.622029,0.004038,4.365795,-3740.58,1875094661,17725,1
20.624045,0.002016,4.365318,-3739.62177,1874889732,17726,1
20.626061,0.002016,4.366587,-3742.17101,1875434925,17727,1
20.628084,0.002023,4.366782,-3742.56274,1875518493,17728,1
20.6301,0.002016,4.367409,-3743.82229,1875787779,17729,2
20.634132,0.004032,4.368276,-3745.56397,1876160088,17731,1
20.636154,0.002022,4.367375,-3743.75399,1875773346,17732,1
20.63817,0.002016,4.366844,-3742.68729,1875545248,17733,1
20.640186,0.002016,4.367888,-3744.78453,1875993875,17734,2
20.644224,0.004038,4.368102,-3745.21443,1876085576,17736,1
20.64624,0.002016,4.36822,-3745.45147,1876136255,17737,1
20.648263,0.002023,4.368753,-3746.52219,1876365209,17738,1
20.650279,0.002016,4.367524,-3744.05331,1875837341,17739,2
20.654317,0.004038,4.366525,-3742.04646,1875408153,17741,1
20.656333,0.002016,4.367189,-3743.38034,1875693400,17742,1
20.658349,0.002016,4.36746,-3743.92474,1875809773,17743,1
20.660372,0.002023,4.367486,-3743.97697,1875820671,17744,2
20.664404,0.004032,4.368244,-3745.49968,1876146297,17746,1
20.66642,0.002016,4.367331,-3743.6656,1875754172,17747,1
20.668442,0.002022,4.366451,-3741.89781,1875376583,17748,1
20.670458,0.002016,4.367304,-3743.61136,1875742958,17749,1
20.672474,0.002016,4.368066,-3745.14211,1876070321,17750,2
20.676512,0.004038,4.368105,-3745.22045,1876086869,17752,1
20.678528,0.002016,4.368925,-3746.86772,1876439000,17753,1
20.680551,0.002023,4.368173,-3745.35706,1876115945,17754,1
20.682567,0.002016,4.367098,-3743.19754,1875654147,17755,2
20.686605,0.004038,4.367633,-3744.27227,1875884290,17757,1
20.688621,0.002016,4.368377,-3745.76686,1876203671,17758,1
20.690637,0.002016,4.368149,-3745.30884,1876105814,17759,1
20.69266,0.002023,4.368821,-3746.65879,1876394229,17760,2
20.696692,0.004032,4.368197,-3745.40527,1876126569,17762,1
20.698708,0.002016,4.366932,-3742.86407,1875583212,17763,1
20.70073,0.002022,4.367293,-3743.58926,1875737934,17764,1
20.702746,0.002016,4.368229,-3745.46955,1876140310,17765,2
20.706784,0.004038,4.368038,-3745.08586,1876058085,17767,1
20.7088,0.002016,4.368773,-3746.56237,1876373446,17768,1
20.710816,0.002016,4.368766,-3746.54831,1876370691,17769,1
20.712839,0.002023,4.367662,-3744.33053,1875896680,17770,1
20.714855,0.002016,4.367931,-3744.87091,1876012315,17771,2
20.718887,0.004032,4.369118,-3747.25543,1876521893,17773,1
20.720909,0.002022,4.368814,-3746.64473,1876391442,17774,1
20.722925,0.002016,4.369463,-3747.94848,1876670159,17775,1
20.724941,0.002016,4.369406,-3747.83398,1876645550,17776,2
20.72898,0.004039,4.368115,-3745.24054,1876090980,17778,1
20.730996,0.002016,4.36811,-3745.2305,1876089054,17779,1
20.733018,0.002022,4.369179,-3747.37797,1876548071,17780,1
20.735034,0.002016,4.368838,-3746.69295,1876401734,17781,2
20.739072,0.004038,4.369412,-3747.84603,1876648332,17783,1
20.741088,0.002016,4.369533,-3748.0891,1876700190,17784,1
20.743104,0.002016,4.36833,-3745.67245,1876183417,17785,1
20.745127,0.002023,4.368274,-3745.55995,1876159270,17786,2
20.749159,0.004032,4.369625,-3748.27391,1876739428,17788,1
20.751175,0.002016,4.369455,-3747.93241,1876666936,17789,1
20.753197,0.002022,4.370098,-3749.2241,1876942544,17790,1
20.755213,0.002016,4.370358,-3749.74641,1877054680,17791,2
20.759252,0.004039,4.368957,-3746.932,1876452691,17793,1
20.761268,0.002016,4.368639,-3746.29318,1876316048,17794,1
20.763284,0.002016,4.369841,-3748.70783,1876832219,17795,1
20.765306,0.002022,4.369488,-3747.9987,1876681012,17796,1
20.767322,0.002016,4.370096,-3749.22009,1876941816,17797,2
20.77136,0.004038,4.370521,-3750.07385,1877124522,17799,1
20.773376,0.002016,4.368815,-3746.64674,1876391770,17800,1
20.775392,0.002016,4.368238,-3745.48763,1876143769,17801,1
20.777415,0.002023,4.369385,-3747.79179,1876636401,17802,2
20.781447,0.004032,4.369201,-3747.42216,1876557307,17804,1
20.783463,0.002016,4.369639,-3748.30204,1876745603,17805,1
20.785485,0.002022,4.370265,-3749.55958,1877014375,17806,1
20.787501,0.002016,4.369025,-3747.0686,1876481758,17807,2
20.79154,0.004039,4.36864,-3746.29519,1876316511,17809,1
20.793556,0.002016,4.369833,-3748.69176,1876828896,17810,1
20.795572,0.002016,4.370026,-3749.07947,1876911977,17811,1
20.797594,0.002022,4.370255,-3749.53949,1877010343,17812,2
20.801626,0.004032,4.371004,-3751.04413,1877331682,17814,1
20.803648,0.002022,4.3698,-3748.62546,1876814743,17815,1
20.805664,0.002016,4.36892,-3746.85767,1876436893,17816,1
20.80768,0.002016,4.369799,-3748.62346,1876814501,17817,1
20.809703,0.002023,4.370127,-3749.28236,1876955211,17818,2
20.813735,0.004032,4.37029,-3749.6098,1877025398,17820,1
20.815751,0.002016,4.371039,-3751.11444,1877346925,17821,1
20.817773,0.002022,4.369748,-3748.521,1876792351,17822,1
20.819789,0.002016,4.368808,-3746.63268,1876388759,17823,2
20.823828,0.004039,4.369544,-3748.1112,1876704898,17825,1
20.825844,0.002016,4.370104,-3749.23616,1876945268,17826,1
20.82786,0.002016,4.37035,-3749.73034,1877050906,17827,1
20.829882,0.002022,4.371282,-3751.60259,1877451099,17828,2
20.833914,0.004032,4.370441,-3749.91314,1877090267,17830,1
20.835936,0.002022,4.369596,-3748.21566,1876726959,17831,1
20.837952,0.002016,4.370321,-3749.67208,1877038726,17832,1
20.839968,0.002016,4.370968,-3750.97181,1877316455,17833,2
20.844007,0.004039,4.370728,-3750.48968,1877213193,17835,1
20.846023,0.002016,4.371366,-3751.77133,1877487200,17836,1
20.848039,0.002016,4.370583,-3750.1984,1877151167,17837,1
20.850061,0.002022,4.36925,-3747.52059,1876578497,17838,1
20.852077,0.002016,4.369507,-3748.03687,1876689039,17839,2
20.856116,0.004039,4.370183,-3749.39486,1876979380,17841,1
20.858132,0.002016,4.369705,-3748.43462,1876774080,17842,1
20.860148,0.002016,4.370319,-3749.66806,1877037759,17843,1
20.86217,0.002022,4.369961,-3748.94889,1876883897,17844,2
20.866202,0.004032,4.368732,-3746.48001,1876356328,17846,1
20.868224,0.002022,4.369177,-3747.37395,1876547188,17847,1
20.87024,0.002016,4.370348,-3749.72632,1877049999,17848,1
20.872256,0.002016,4.370205,-3749.43905,1876988748,17849,2
20.876295,0.004039,4.371187,-3751.41175,1877410601,17851,1
20.878311,0.002016,4.37137,-3751.77937,1877489315,17852,1
20.880327,0.002016,4.370331,-3749.69217,1877042993,17853,1
20.882349,0.002022,4.370627,-3750.28679,1877170190,17854,2
20.886381,0.004032,4.371858,-3752.75969,1877698601,17856,1
20.888404,0.002023,4.371479,-3751.99833,1877535691,17857,1
20.89042,0.002016,4.371995,-3753.0349,1877757391,17858,1
20.892436,0.002016,4.371885,-3752.81393,1877710366,17859,1
20.894458,0.002022,4.370455,-3749.94127,1877096366,17860,2
20.89849,0.004032,4.370372,-3749.77453,1877060444,17862,1
20.900512,0.002022,4.371521,-3752.08271,1877553866,17863,1
20.902528,0.002016,4.370951,-3750.93766,1877309341,17864,1
20.904544,0.002016,4.371443,-3751.92602,1877520657,17865,2
20.908583,0.004039,4.37162,-3752.28158,1877596408,17867,1
20.910599,0.002016,4.370401,-3749.83279,1877072846,17868,1
20.912615,0.002016,4.370236,-3749.50133,1877002082,17869,1
20.914637,0.002022,4.371401,-3751.84164,1877502339,17870,2
20.918669,0.004032,4.371049,-3751.13453,1877351334,17872,1
20.920692,0.002023,4.371882,-3752.8079,1877709023,17873,1
20.922708,0.002016,4.372275,-3753.59738,1877877871,17874,1
20.924724,0.002016,4.37067,-3750.37317,1877188436,17875,2
20.928762,0.004038,4.370177,-3749.3828,1876976652,17877,1
20.930778,0.002016,4.37126,-3751.55839,1877441699,17878,1
20.932794,0.002016,4.370773,-3750.58008,1877232880,17879,1
20.934816,0.002022,4.3712,-3751.43786,1877416087,17880,2
20.938848,0.004032,4.371624,-3752.28962,1877598011,17882,1
20.940871,0.002023,4.370088,-3749.20402,1876938610,17883,1
20.942887,0.002016,4.369599,-3748.22168,1876728707,17884,1
20.944903,0.002016,4.370709,-3750.45151,1877205156,17885,1
20.946925,0.002022,4.370661,-3750.35509,1877184769,17886,2
20.950957,0.004032,4.3712,-3751.43786,1877416081,17888,1
20.95298,0.002023,4.372039,-3753.12329,1877776434,17889,1
20.954996,0.002016,4.370789,-3750.61222,1877239617,17890,1
20.957012,0.002016,4.370246,-3749.52141,1877006414,17891,2
20.96105,0.004038,4.371369,-3751.77736,1877488897,17893,1
20.963066,0.002016,4.371664,-3752.36997,1877615172,17894,1
20.965082,0.002016,4.371816,-3752.67532,1877680757,17895,1
20.967104,0.002022,4.37265,-3754.3507,1878038695,17896,2
20.971136,0.004032,4.371288,-3751.61464,1877454063,17898,1
20.973159,0.002023,4.370355,-3749.74038,1877053058,17899,1
20.975175,0.002016,4.371174,-3751.38563,1877405044,17900,1
20.977191,0.002016,4.371402,-3751.84365,1877502888,17901,2
20.981229,0.004038,4.371339,-3751.71709,1877475694,17903,1
20.983245,0.002016,4.37217,-3753.38645,1877833016,17904,1
20.985261,0.002016,4.371117,-3751.27113,1877380259,17905,1
20.987284,0.002023,4.370073,-3749.17388,1876932030,17906,1
20.9893,0.002016,4.370652,-3750.33701,1877180560,17907,2
20.993338,0.004038,4.371146,-3751.32938,1877392883,17909,1
20.995354,0.002016,4.371058,-3751.15261,1877355370,17910,1
20.99737,0.002016,4.371941,-3752.92643,1877734236,17911,1
20.999386,0.002016,4.370846,-3750.72673,1877263974,17912,2
21.003424,0.004038,4.36975,-3748.52502,1876793249,17914,1
21.00544,0.002016,4.370335,-3749.7002,1877044434,17915,1
21.007463,0.002023,4.370846,-3750.72673,1877263844,17916,1
21.009479,0.002016,4.370581,-3750.19438,1877150234,17917,2
21.013517,0.004038,4.371257,-3751.55237,1877440451,17919,1
21.015533,0.002016,4.370658,-3750.34906,1877183517,17920,1
21.017549,0.002016,4.369464,-3747.95049,1876670744,17921,1
21.019565,0.002016,4.369667,-3748.35829,1876757812,17922,2
21.023604,0.004039,4.370462,-3749.95533,1877099214,17924,1
21.02562,0.002016,4.370214,-3749.45713,1876992383,17925,1
21.027642,0.002022,4.371197,-3751.43184,1877414944,17926,1
21.029658,0.002016,4.371137,-3751.31131,1877389081,17927,1
21.031674,0.002016,4.370021,-3749.06942,1876909897,17928,2
21.035712,0.004038,4.370464,-3749.95935,1877099894,17930,1
21.037728,0.002016,4.371666,-3752.37399,1877616109,17931,1
21.039744,0.002016,4.371261,-3751.5604,1877442017,17932,1
21.041767,0.002023,4.371944,-3752.93245,1877735595,17933,2
21.045799,0.004032,4.371767,-3752.57688,1877659383,17935,1
21.047821,0.002022,4.370201,-3749.43102,1876987088,17936,1
21.049837,0.002016,4.369923,-3748.87255,1876867758,17937,1
21.051853,0.002016,4.370774,-3750.58209,1877233168,17938,2
21.055892,0.004039,4.370136,-3749.30044,1876959283,17940,1
21.057908,0.002016,4.370647,-3750.32697,1877178533,17941,1
21.059924,0.002016,4.370641,-3750.31491,1877176099,17942,1
21.061946,0.002022,4.369259,-3747.53867,1876582565,17943,2
21.065978,0.004032,4.369135,-3747.28958,1876529358,17945,1
21.067994,0.002016,4.37034,-3749.71025,1877046737,17946,1
21.070016,0.002022,4.369981,-3748.98907,1876892493,17947,1
21.072032,0.002016,4.370449,-3749.92921,1877093561,17948,2
21.076071,0.004039,4.370729,-3750.49169,1877213932,17950,1
21.078087,0.002016,4.369442,-3747.90629,1876661228,17951,1
21.080103,0.002016,4.369204,-3747.42819,1876558778,17952,1
21.082125,0.002022,4.370364,-3749.75846,1877057126,17953,1
21.084141,0.002016,4.370135,-3749.29843,1876958835,17954,2
21.08818,0.004039,4.370687,-3750.40732,1877195709,17956,1
21.090196,0.002016,4.370957,-3750.94971,1877311720,17957,1
21.092212,0.002016,4.36943,-3747.88219,1876656051,17958,1
21.094228,0.002016,4.36902,-3747.05856,1876479953,17959,2
21.098266,0.004038,4.370211,-3749.4511,1876991112,17961,1
21.100282,0.002016,4.369966,-3748.95893,1876886176,17962,1
21.102304,0.002022,4.370461,-3749.95332,1877098991,17963,1
21.10432,0.002016,4.371017,-3751.07024,1877337677,17964,2
21.108359,0.004039,4.369593,-3748.20963,1876725927,17966,1
21.110375,0.002016,4.369197,-3747.41412,1876555960,17967,1
21.112391,0.002016,4.370358,-3749.74641,1877054573,17968,1
21.114413,0.002022,4.370274,-3749.57766,1877018271,17969,2
21.118445,0.004032,4.370543,-3750.11804,1877134149,17971,1
21.120468,0.002023,4.371277,-3751.59255,1877449032,17972,1
21.122484,0.002016,4.369848,-3748.72189,1876835376,17973,1
21.1245,0.002016,4.368992,-3747.00231,1876467741,17974,1
21.126516,0.002016,4.36995,-3748.92679,1876879218,17975,2
21.130554,0.004038,4.369938,-3748.90269,1876874111,17977,1
21.13257,0.002016,4.370026,-3749.07947,1876911810,17978,1
21.134592,0.002022,4.370764,-3750.562,1877228879,17979,1
21.136608,0.002016,4.369472,-3747.96656,1876673710,17980,2
21.140647,0.004039,4.36855,-3746.11439,1876277979,17982,1
21.142663,0.002016,4.369406,-3747.83398,1876645654,17983,1
21.144679,0.002016,4.369835,-3748.69577,1876830014,17984,1
21.146695,0.002016,4.369803,-3748.63149,1876816356,17985,2
21.150733,0.004038,4.370626,-3750.28478,1877169348,17987,1
21.152749,0.002016,4.369602,-3748.22771,1876729643,17988,1
21.154772,0.002023,4.368738,-3746.49206,1876358514,17989,1
21.156788,0.002016,4.369603,-3748.22972,1876730296,17990,2
21.160826,0.004038,4.370244,-3749.5174,1877005574,17992,1
21.162842,0.002016,4.37013,-3749.28839,1876956256,17993,1
21.164858,0.002016,4.370987,-3751.00998,1877324758,17994,1
21.16688,0.002022,4.370101,-3749.23013,1876944145,17995,1
21.168896,0.002016,4.36901,-3747.03847,1876475678,17996,2
21.172935,0.004039,4.369302,-3747.62505,1876601054,17998,1
21.174951,0.002016,4.369886,-3748.79823,1876851827,17999,1
21.176967,0.002016,4.369689,-3748.40248,1876767364,18000,1
21.178983,0.002016,4.370521,-3750.07385,1877124518,18001,2
21.183021,0.004038,4.370013,-3749.05335,1876906504,18003,1
21.185037,0.002016,4.368714,-3746.44385,1876348324,18004,1
21.18706,0.002023,4.369112,-3747.24337,1876519013,18005,1
21.189076,0.002016,4.370073,-3749.17388,1876932099,18006,2
21.193114,0.004038,4.369699,-3748.42257,1876771301,18008,1
21.19513,0.002016,4.370561,-3750.1542,1877141747,18009,1
21.197146,0.002016,4.370284,-3749.59775,1877022734,18010,1
21.199168,0.002022,4.368973,-3746.96414,1876459805,18011,2
21.2032,0.004032,4.369053,-3747.12485,1876494104,18013,1
21.205223,0.002023,4.369955,-3748.93684,1876881399,18014,1
21.207239,0.002016,4.369518,-3748.05897,1876693799,18015,1
21.209255,0.002016,4.370322,-3749.67409,1877038808,18016,2
21.213293,0.004038,4.370245,-3749.51941,1877005659,18018,1
21.215309,0.002016,4.368817,-3746.65076,1876392582,18019,1
21.217332,0.002023,4.36875,-3746.51617,1876363646,18020,1
21.219348,0.002016,4.369987,-3749.00112,1876894796,18021,1
21.221364,0.002016,4.369539,-3748.10115,1876702782,18022,2
21.225402,0.004038,4.370273,-3749.57565,1877017671,18024,1
21.227418,0.002016,4.370332,-3749.69418,1877043404,18025,1
21.22944,0.002022,4.368693,-3746.40166,1876339346,18026,1
21.231456,0.002016,4.368341,-3745.69454,1876188003,18027,2
21.235495,0.004039,4.369381,-3747.78375,1876634914,18029,1
21.237511,0.002016,4.368838,-3746.69295,1876401561,18030,1
21.239527,0.002016,4.369361,-3747.74358,1876626360,18031,1
21.241543,0.002016,4.369531,-3748.08508,1876699246,18032,2
21.245581,0.004038,4.368053,-3745.11599,1876064568,18034,1
21.247604,0.002023,4.367577,-3744.15978,1875859791,18035,1
21.24962,0.002016,4.368671,-3746.35747,1876329979,18036,1
21.251636,0.002016,4.368322,-3745.65638,1876180146,18037,2
21.255674,0.004038,4.368794,-3746.60456,1876382882,18039,1
21.25769,0.002016,4.369123,-3747.26547,1876523851,18040,1
21.259706,0.002016,4.367511,-3744.02719,1875831601,18041,1
21.261728,0.002022,4.367148,-3743.29798,1875675858,18042,1
21.263744,0.002016,4.368225,-3745.46152,1876138229,18043,2
21.267783,0.004039,4.368056,-3745.12202,1876065918,18045,1
21.269799,0.002016,4.368502,-3746.01797,1876257375,18046,1
21.271815,0.002016,4.369119,-3747.25743,1876522253,18047,1
21.273837,0.002022,4.367639,-3744.28433,1875886516,18048,2
21.277869,0.004032,4.366856,-3742.71139,1875550198,18050,1
21.279892,0.002023,4.367713,-3744.43298,1875918154,18051,1
21.281908,0.002016,4.367667,-3744.34058,1875898889,18052,1
21.283924,0.002016,4.367899,-3744.80663,1875998526,18053,2
21.287962,0.004038,4.368631,-3746.27711,1876312899,18055,1
21.289978,0.002016,4.367198,-3743.39842,1875696974,18056,1
21.292,0.002022,4.366427,-3741.84959,1875366384,18057,1
21.294016,0.002016,4.367398,-3743.80019,1875783150,18058,2
21.298055,0.004039,4.36761,-3744.22607,1875873876,18060,1
21.300071,0.002016,4.367696,-3744.39883,1875911189,18061,1
21.302087,0.002016,4.368395,-3745.80302,1876211507,18062,1
21.304109,0.002022,4.367425,-3743.85443,1875794759,18063,1
21.306125,0.002016,4.366521,-3742.03843,1875406482,18064,2
21.310164,0.004039,4.36729,-3743.58324,1875736521,18066,1
21.31218,0.002016,4.367741,-3744.48923,1875930458,18067,1
21.314196,0.002016,4.367575,-3744.15576,1875859283,18068,1
21.316218,0.002022,4.368165,-3745.34099,1876112620,18069,2
21.32025,0.004032,4.367245,-3743.49284,1875717368,18071,1
21.322272,0.002022,4.365938,-3740.86726,1875156095,18072,1
21.324288,0.002016,4.366424,-3741.84357,1875364690,18073,1
21.326304,0.002016,4.366995,-3742.99062,1875610141,18074,2
21.330343,0.004039,4.366656,-3742.30962,1875464604,18076,1
21.332359,0.002016,4.36717,-3743.34217,1875685250,18077,1
21.334375,0.002016,4.366448,-3741.89178,1875375351,18078,1
21.336397,0.002022,4.365205,-3739.39477,1874841244,18079,2
21.340436,0.004039,4.365428,-3739.84275,1874936878,18081,1
21.342452,0.002016,4.366287,-3741.56835,1875305873,18082,1
21.344468,0.002016,4.366069,-3741.13042,1875212308,18083,1
21.346484,0.002016,4.366742,-3742.48238,1875501158,18084,1
21.348506,0.002022,4.366342,-3741.67884,1875329603,18085,2
21.352538,0.004032,4.365078,-3739.13965,1874786635,18087,1
21.35456,0.002022,4.365293,-3739.57155,1874879093,18088,1
21.356576,0.002016,4.366274,-3741.54224,1875300356,18089,1
21.358592,0.002016,4.365995,-3740.98177,1875180743,18090,2
21.362631,0.004039,4.366592,-3742.18105,1875437196,18092,1
21.364647,0.002016,4.366314,-3741.62259,1875317604,18093,1
21.366669,0.002022,4.364962,-3738.90662,1874736661,18094,1
21.368685,0.002016,4.364976,-3738.93474,1874742864,18095,2
21.372724,0.004039,4.366011,-3741.01391,1875187438,18097,1
21.37474,0.002016,4.365574,-3740.13604,1874999958,18098,1
21.376756,0.002016,4.366239,-3741.47193,1875285171,18099,1
21.378778,0.002022,4.366216,-3741.42573,1875275408,18100,2
21.38281,0.004032,4.364766,-3738.51288,1874652821,18102,1
21.384832,0.002022,4.364571,-3738.12116,1874568954,18103,1
21.386848,0.002016,4.365628,-3740.24452,1875022951,18104,1
21.388864,0.002016,4.3652,-3739.38473,1874839023,18105,2
21.392903,0.004039,4.365839,-3740.66839,1875113575,18107,1
21.394919,0.002016,4.365941,-3740.87329,1875157502,18108,1
21.396941,0.002022,4.364249,-3737.47431,1874430903,18109,1
21.398957,0.002016,4.363891,-3736.75513,1874276726,18110,1
21.400973,0.002016,4.365174,-3739.3325,1874827866,18111,2
21.405012,0.004039,4.364714,-3738.40842,1874630333,18113,1
21.407028,0.002016,4.36504,-3739.06331,1874770608,18114,1
21.409044,0.002016,4.365371,-3739.72824,1874912592,18115,1
21.411066,0.002022,4.363969,-3736.91183,1874310554,18116,2
21.415098,0.004032,4.36354,-3736.05003,1874125968,18118,1
21.41712,0.002022,4.364672,-3738.32405,1874612246,18119,1
21.419136,0.002016,4.364505,-3737.98857,1874540717,18120,1
21.421152,0.002016,4.364928,-3738.83832,1874722118,18121,2
21.425191,0.004039,4.365335,-3739.65592,1874896839,18123,1
21.427207,0.002016,4.364006,-3736.98615,1874326170,18124,1
21.429229,0.002022,4.363446,-3735.86119,1874085578,18125,1
21.431245,0.002016,4.364501,-3737.98054,1874538595,18126,2
21.435284,0.004039,4.364536,-3738.05085,1874554015,18128,1
21.4373,0.002016,4.364888,-3738.75796,1874705322,18129,1
21.439316,0.002016,4.365445,-3739.8769,1874944233,18130,1
21.441338,0.002022,4.364166,-3737.30757,1874394970,18131,1
21.443354,0.002016,4.363516,-3736.00181,1874115792,18132,2
21.447392,0.004038,4.364485,-3737.9484,1874531796,18134,1
21.449408,0.002016,4.364578,-3738.13522,1874571974,18135,1
21.451424,0.002016,4.364773,-3738.52695,1874655841,18136,1
21.453447,0.002023,4.365486,-3739.95926,1874962092,18137,2
21.457479,0.004032,4.364321,-3737.61894,1874461547,18139,1
21.459495,0.002016,4.363484,-3735.93753,1874102185,18140,1
21.461517,0.002022,4.364361,-3737.6993,1874478549,18141,1
21.463533,0.002016,4.364529,-3738.03679,1874550917,18142,2
21.467572,0.004039,4.364564,-3738.10709,1874566170,18144,1
21.469588,0.002016,4.365221,-3739.42691,1874848229,18145,1
21.471604,0.002016,4.364389,-3737.75555,1874491011,18146,1
21.473623,0.002019,4.363382,-3735.73263,1874058179,18147,2
21.477661,0.004038,4.36421,-3737.39596,1874414131,18149,1
21.479677,0.002016,4.364693,-3738.36624,1874621401,18150,1
21.481693,0.002016,4.364547,-3738.07294,1874558813,18151,1
21.483716,0.002023,4.365142,-3739.26821,1874814150,18152,1
21.485732,0.002016,4.364622,-3738.22361,1874590872,18153,2
21.48977,0.004038,4.363491,-3735.95159,1874105151,18155,1
21.492179,0.002409,4.364007,-3736.98816,1874326671,18156,1
21.493802,0.001623,4.364786,-3738.55306,1874661122,18157,1
21.495824,0.002022,4.36459,-3738.15933,1874577224,18158,2
21.499856,0.004032,4.365105,-3739.19389,1874798151,18160,1
21.501879,0.002023,4.364745,-3738.4707,1874643877,18161,1
21.503895,0.002016,4.363602,-3736.17458,1874152752,18162,1
21.505911,0.002016,4.363859,-3736.69085,1874263233,18163,2
21.509949,0.004038,4.364773,-3738.52695,1874655783,18165,1
21.511965,0.002016,4.364533,-3738.04482,1874552600,18166,1
21.513988,0.002023,4.365018,-3739.01912,1874761004,18167,1
21.516004,0.002016,4.36477,-3738.52092,1874654390,18168,2
21.520042,0.004038,4.363626,-3736.22279,1874162991,18170,1
21.522058,0.002016,4.363785,-3736.5422,1874231390,18171,1
21.524074,0.002016,4.364762,-3738.50485,1874651186,18172,1
21.526096,0.002022,4.364456,-3737.89014,1874519597,18173,2
21.530128,0.004032,4.36497,-3738.92269,1874740450,18175,1
21.532151,0.002023,4.364949,-3738.8805,1874731131,18176,1
21.534167,0.002016,4.363641,-3736.25292,1874169583,18177,1
21.536183,0.002016,4.363638,-3736.24689,1874168281,18178,1
21.538205,0.002022,4.364812,-3738.60529,1874672678,18179,2
21.542237,0.004032,4.364467,-3737.91224,1874524145,18181,1
21.54426,0.002023,4.364952,-3738.88653,1874732719,18182,1
21.546276,0.002016,4.365038,-3739.05929,1874769655,18183,1
21.548292,0.002016,4.363729,-3736.4297,1874207529,18184,2
21.55233,0.004038,4.363603,-3736.17658,1874152960,18186,1
21.554346,0.002016,4.364807,-3738.59525,1874670274,18187,1
21.556362,0.002016,4.364451,-3737.88009,1874517448,18188,1
21.558384,0.002022,4.364844,-3738.66957,1874686519,18189,2
21.562416,0.004032,4.365159,-3739.30236,1874821392,18191,1
21.564439,0.002023,4.363865,-3736.7029,1874265755,18192,1
21.566455,0.002016,4.363537,-3736.044,1874125081,18193,1
21.568471,0.002016,4.364737,-3738.45463,1874640300,18194,2
21.572509,0.004038,4.36445,-3737.87809,1874517294,18196,1
21.574525,0.002016,4.364793,-3738.56712,1874664250,18197,1
21.576548,0.002023,4.365117,-3739.21799,1874803600,18198,1
21.578564,0.002016,4.363896,-3736.76518,1874279174,18199,1
21.58058,0.002016,4.363547,-3736.06409,1874128974,18200,2
21.584618,0.004038,4.364851,-3738.68364,1874689400,18202,1
21.586634,0.002016,4.364773,-3738.52695,1874655918,18203,1
21.58865,0.002016,4.365105,-3739.19389,1874798237,18204,1
21.590672,0.002022,4.36558,-3740.14809,1875002284,18205,2
21.594704,0.004032,4.364385,-3737.74751,1874488776,18207,1
21.596727,0.002023,4.363771,-3736.51407,1874225571,18208,1
21.598743,0.002016,4.364785,-3738.55105,1874660743,18209,1
21.600759,0.002016,4.364657,-3738.29392,1874606075,18210,2
21.604797,0.004038,4.364693,-3738.36624,1874621375,18212,1
21.606813,0.002016,4.36516,-3739.30437,1874821778,18213,1
21.608836,0.002023,4.364112,-3737.19909,1874371904,18214,1
21.610852,0.002016,4.363422,-3735.81298,1874075647,18215,2
21.61489,0.004038,4.364343,-3737.66314,1874470960,18217,1
21.616906,0.002016,4.364571,-3738.12116,1874569040,18218,1
21.618922,0.002016,4.364588,-3738.15531,1874576068,18219,1
21.620944,0.002022,4.365103,-3739.18987,1874797308,18220,1
21.62296,0.002016,4.364219,-3737.41404,1874417705,18221,2
21.626999,0.004039,4.363438,-3735.84512,1874082261,18223,1
21.629015,0.002016,4.364276,-3737.52854,1874442291,18224,1
21.631031,0.002016,4.36463,-3738.23968,1874594428,18225,1
21.633047,0.002016,4.364617,-3738.21356,1874588955,18226,2
21.637085,0.004038,4.365144,-3739.27223,1874815027,18228,1
21.639101,0.002016,4.364432,-3737.84193,1874509263,18229,1
21.641124,0.002023,4.363456,-3735.88128,1874090013,18230,1
21.64314,0.002016,4.364119,-3737.21315,1874374715,18231,2
21.647172,0.004032,4.364715,-3738.41043,1874630695,18233,1
21.649194,0.002022,4.364576,-3738.1312,1874571126,18234,1
21.65121,0.002016,4.365166,-3739.31643,1874824465,18235,1
21.653226,0.002016,4.364603,-3738.18544,1874582800,18236,2
21.657264,0.004038,4.363462,-3735.89334,1874092969,18238,1
21.65928,0.002016,4.363962,-3736.89776,1874307207,18239,1
21.661303,0.002023,4.364667,-3738.31401,1874610209,18240,1
21.663319,0.002016,4.364386,-3737.74952,1874489415,18241,2
21.667357,0.004038,4.364893,-3738.76801,1874707384,18243,1
21.669373,0.002016,4.364481,-3737.94036,1874530559,18244,1
21.671389,0.002016,4.363227,-3735.42125,1873991806,18245,1
21.673412,0.002023,4.363479,-3735.92749,1874100060,18246,1
21.675428,0.002016,4.364425,-3737.82786,1874506091,18247,2
21.679466,0.004038,4.364013,-3737.00022,1874329190,18249,1
21.681482,0.002016,4.364352,-3737.68122,1874474824,18250,1
21.683498,0.002016,4.364105,-3737.18503,1874368923,18251,1
21.68552,0.002022,4.362711,-3734.38468,1873770074,18252,2
21.689552,0.004032,4.362622,-3734.2059,1873731850,18254,1
21.691575,0.002023,4.363565,-3736.10025,1874137145,18255,1
21.693591,0.002016,4.363115,-3735.19626,1873943642,18256,1
21.695607,0.002016,4.363606,-3736.18261,1874154567,18257,2
21.699645,0.004038,4.363565,-3736.10025,1874137148,18259,1
21.701661,0.002016,4.362325,-3733.60927,1873604327,18260,1
21.703677,0.002016,4.36227,-3733.49878,1873580944,18261,1
21.7057,0.002023,4.363419,-3735.80695,1874074071,18262,2
21.709732,0.004032,4.363082,-3735.12997,1873929502,18264,1
21.711748,0.002016,4.363896,-3736.76518,1874279116,18265,1
21.71377,0.002022,4.363968,-3736.90982,1874310157,18266,1
21.715786,0.002016,4.362384,-3733.72779,1873629648,18267,1
21.717802,0.002016,4.361998,-3732.95237,1873463977,18268,2
21.72184,0.004038,4.362912,-3734.78846,1873856410,18270,1
21.723856,0.002016,4.362273,-3733.50481,1873581817,18271,1
21.725879,0.002023,4.362655,-3734.27219,1873745992,18272,1
21.727895,0.002016,4.362864,-3734.69204,1873835699,18273,2
21.731933,0.004038,4.361224,-3731.39752,1873131391,18275,1
21.733949,0.002016,4.360746,-3730.43728,1872926301,18276,1
21.735965,0.002016,4.361755,-3732.46422,1873359782,18277,1
21.737988,0.002023,4.36138,-3731.7109,1873198437,18278,2
21.74202,0.004032,4.361778,-3732.51042,1873369640,18280,1
21.744036,0.002016,4.361963,-3732.88206,1873448999,18281,1
21.746058,0.002022,4.36023,-3729.40071,1872704550,18282,1
21.748074,0.002016,4.359549,-3728.03268,1872411883,18283,2
21.752112,0.004038,4.360496,-3729.93507,1872818745,18285,1
21.754128,0.002016,4.360282,-3729.50517,1872726731,18286,1
21.756151,0.002023,4.360518,-3729.97926,1872828183,18287,1
21.758167,0.002016,4.360772,-3730.48951,1872937044,18288,1
21.760183,0.002016,4.359185,-3727.30146,1872255582,18289,2
21.764221,0.004038,4.358339,-3725.60197,1871892205,18291,1
21.766237,0.002016,4.35916,-3727.25124,1872245013,18292,1
21.768253,0.002016,4.359117,-3727.16486,1872226356,18293,1
21.770276,0.002023,4.359284,-3727.50034,1872298402,18294,2
21.774308,0.004032,4.359831,-3728.59918,1872533306,18296,1
21.77633,0.002022,4.358415,-3725.75464,1871924799,18297,1
21.778346,0.002016,4.357473,-3723.8623,1871520425,18298,1
21.780362,0.002016,4.358247,-3725.41715,1871852967,18299,2
21.7844,0.004038,4.35839,-3725.70442,1871914199,18301,1
21.786416,0.002016,4.3583,-3725.52362,1871875769,18302,1
21.788439,0.002023,4.359225,-3727.38181,1872273050,18303,1
21.790455,0.002016,4.35789,-3724.69999,1871699497,18304,2
21.794493,0.004038,4.356919,-3722.74939,1871282535,18306,1
21.796509,0.002016,4.35756,-3724.03707,1871557753,18307,1
21.798525,0.002016,4.357951,-3724.82253,1871725858,18308,1
21.800541,0.002016,4.357839,-3724.59754,1871677559,18309,1
21.802564,0.002023,4.359064,-3727.05839,1872203637,18310,2
21.806596,0.004032,4.358075,-3725.07163,1871778919,18312,1
21.808618,0.002022,4.356919,-3722.74939,1871282308,18313,1
21.810634,0.002016,4.35755,-3724.01698,1871553399,18314,1
21.81265,0.002016,4.35819,-3725.30265,1871828183,18315,2
21.816688,0.004038,4.357818,-3724.55535,1871668341,18317,1
21.818704,0.002016,4.358868,-3726.66465,1872119576,18318,1
21.820727,0.002023,4.358053,-3725.02743,1871769437,18319,1
21.822743,0.002016,4.356678,-3722.26526,1871178902,18320,2
21.826775,0.004032,4.357018,-3722.94827,1871324837,18322,1
21.828797,0.002022,4.357836,-3724.59151,1871676309,18323,1
21.830813,0.002016,4.357316,-3723.54691,1871452936,18324,1
21.832829,0.002016,4.35829,-3725.50353,1871871262,18325,2
21.836868,0.004039,4.357652,-3724.22188,1871597299,18327,1
21.838884,0.002016,4.356196,-3721.29699,1870971914,18328,1
21.840906,0.002022,4.356622,-3722.15276,1871154648,18329,1
21.842922,0.002016,4.357774,-3724.46696,1871649591,18330,2
21.84696,0.004038,4.357246,-3723.40629,1871423050,18332,1
21.848976,0.002016,4.358217,-3725.35689,1871840048,18333,1
21.850992,0.002016,4.358002,-3724.92498,1871747522,18334,1
21.853015,0.002023,4.356498,-3721.90366,1871101659,18335,1
21.855031,0.002016,4.356435,-3721.7771,1871074740,18336,2
21.859063,0.004032,4.35737,-3723.65539,1871476369,18338,1
21.861085,0.002022,4.356936,-3722.78354,1871290041,18339,1
21.863101,0.002016,4.357667,-3724.25202,1871603851,18340,1
21.865117,0.002016,4.357668,-3724.25402,1871604085,18341,2
21.869156,0.004039,4.356244,-3721.39341,1870992654,18343,1
21.871172,0.002016,4.356136,-3721.17646,1870946344,18344,1
21.873194,0.002022,4.357368,-3723.65137,1871475056,18345,1
21.87521,0.002016,4.356894,-3722.69917,1871271569,18346,2
21.879248,0.004038,4.35742,-3723.75583,1871497310,18348,1
21.881264,0.002016,4.357613,-3724.14354,1871580249,18349,1
21.88328,0.002016,4.356136,-3721.17646,1870946088,18350,1
21.885303,0.002023,4.35581,-3720.52157,1870806086,18351,2
21.889335,0.004032,4.356942,-3722.79559,1871292343,18353,1
21.891351,0.002016,4.356436,-3721.77911,1871074904,18354,1
21.893373,0.002022,4.356885,-3722.68109,1871268143,18355,1
21.895389,0.002016,4.357264,-3723.44245,1871430652,18356,1
21.897412,0.002023,4.355785,-3720.47135,1870795611,18357,2
21.901444,0.004032,4.35522,-3719.33634,1870552837,18359,1
21.90346,0.002016,4.356436,-3721.77911,1871074771,18360,1
21.905482,0.002022,4.356226,-3721.35725,1870984588,18361,1
21.907498,0.002016,4.356623,-3722.15477,1871155392,18362,2
21.911536,0.004038,4.357156,-3723.22549,1871384033,18364,1
21.913552,0.002016,4.355622,-3720.14391,1870725258,18365,1
21.915568,0.002016,4.355088,-3719.07118,1870495985,18366,1
21.917591,0.002023,4.356128,-3721.16039,1870942535,18367,2
21.921623,0.004032,4.35593,-3720.76263,1870857556,18369,1
21.923645,0.002022,4.356143,-3721.19052,1870949436,18370,1
21.925661,0.002016,4.356807,-3722.5244,1871234272,18371,1
21.927677,0.002016,4.3555,-3719.89882,1870673077,18372,2
21.931716,0.004039,4.35469,-3718.27165,1870324814,18374,1
21.933732,0.002016,4.355716,-3720.33274,1870765809,18375,1
21.935748,0.002016,4.355973,-3720.84901,1870876112,18376,1
21.93777,0.002022,4.356119,-3721.14231,1870938817,18377,1
21.939786,0.002016,4.356975,-3722.86189,1871306264,18378,2
21.943824,0.004038,4.355767,-3720.43519,1870787803,18380,1
21.94584,0.002016,4.354728,-3718.34799,1870341323,18381,1
21.947856,0.002016,4.35559,-3720.07962,1870711558,18382,1
21.949879,0.002023,4.355902,-3720.70638,1870845858,18383,2
21.953911,0.004032,4.355927,-3720.75661,1870856190,18385,1
21.955933,0.002022,4.356757,-3722.42396,1871212879,18386,1
21.957949,0.002016,4.355855,-3720.61197,1870825782,18387,1
21.959965,0.002016,4.355038,-3718.97073,1870474373,18388,2
21.964004,0.004039,4.355906,-3720.71442,1870847215,18390,1
21.96602,0.002016,4.356525,-3721.9579,1871113275,18391,1
21.968036,0.002016,4.356547,-3722.0021,1871122544,18392,1
21.970058,0.002022,4.357619,-3724.15559,1871582919,18393,2
21.97409,0.004032,4.356792,-3722.49427,1871228012,18395,1
21.976112,0.002022,4.35576,-3720.42113,1870784601,18396,1
21.978128,0.002016,4.356465,-3721.83737,1871087364,18397,1
21.980144,0.002016,4.357299,-3723.51276,1871445892,18398,2
21.984183,0.004039,4.357181,-3723.27571,1871394822,18400,1
21.986199,0.002016,4.358257,-3725.43724,1871857120,18401,1
21.988221,0.002022,4.357607,-3724.13148,1871578051,18402,1
21.990237,0.002016,4.356348,-3721.60233,1871037174,18403,1
21.992253,0.002016,4.356709,-3722.32753,1871192257,18404,2
21.996292,0.004039,4.357671,-3724.26005,1871605356,18406,1
21.998308,0.002016,4.357427,-3723.76989,1871500444,18407,1
22.00033,0.002022,4.358546,-3726.0178,1871981465,18408,1
22.002346,0.002016,4.358283,-3725.48947,1871868451,18409,2
22.006384,0.004038,4.356906,-3722.72328,1871276998,18411,1
22.0084,0.002016,4.357162,-3723.23754,1871386852,18412,1
22.010416,0.002016,4.358477,-3725.87919,1871951708,18413,1
22.012439,0.002023,4.358252,-3725.4272,1871854888,18414,2
22.016471,0.004032,4.359129,-3727.18896,1872231516,18416,1
22.018487,0.002016,4.359206,-3727.34364,1872264888,18417,1
22.020509,0.002022,4.357961,-3724.84262,1871729930,18418,1
22.022525,0.002016,4.358089,-3725.09975,1871785256,18419,2
22.026564,0.004039,4.359412,-3727.75747,1872353072,18421,1
22.02858,0.002016,4.359252,-3727.43605,1872284511,18422,1
22.030596,0.002016,4.360131,-3729.20184,1872662087,18423,1
22.032618,0.002022,4.360403,-3729.74825,1872778777,18424,1
22.034634,0.002016,4.359062,-3727.05437,1872203069,18425,2
22.038672,0.004038,4.358983,-3726.89567,1872168937,18427,1
22.040688,0.002016,4.360207,-3729.35451,1872694576,18428,1
22.042704,0.002016,4.359882,-3728.70163,1872555166,18429,1
22.044727,0.002023,4.360404,-3729.75025,1872779256,18430,2
22.048759,0.004032,4.360515,-3729.97324,1872826930,18432,1
22.050781,0.002022,4.358838,-3726.60439,1872106697,18433,1
22.052797,0.002016,4.358446,-3725.81691,1871938270,18434,1
22.054813,0.002016,4.359712,-3728.36013,1872481807,18435,2
22.058852,0.004039,4.359525,-3727.98447,1872401714,18437,1
22.060868,0.002016,4.360322,-3729.58553,1872743844,18438,1
22.062884,0.002016,4.361118,-3731.18458,1873085825,18439,1
22.064906,0.002022,4.35994,-3728.81815,1872579658,18440,2
22.068944,0.004038,4.359849,-3728.63534,1872540681,18442,1
22.07096,0.002016,4.361516,-3731.9841,1873256838,18443,1
22.072976,0.002016,4.361682,-3732.31757,1873328252,18444,1
22.074999,0.002023,4.362417,-3733.79408,1873643672,18445,1
22.077015,0.002016,4.363242,-3735.45139,1873997948,18446,2
22.081047,0.004032,4.36193,-3732.81577,1873434688,18448,1
22.083069,0.002022,4.36157,-3732.09258,1873280141,18449,1
22.085085,0.002016,4.362734,-3734.43089,1873779942,18450,1
22.087101,0.002016,4.362659,-3734.28022,1873747964,18451,2
22.09114,0.004039,4.36291,-3734.78445,1873855613,18453,1
22.093156,0.002016,4.364051,-3737.07655,1874345744,18454,1
22.095178,0.002022,4.362751,-3734.46504,1873787146,18455,1
22.097194,0.002016,4.36217,-3733.29789,1873537819,18456,2
22.101232,0.004038,4.363376,-3735.72057,1874055620,18458,1
22.103248,0.002016,4.363671,-3736.31319,1874182261,18459,1
22.105271,0.002023,4.363892,-3736.75714,1874277373,18460,1
22.107287,0.002016,4.365133,-3739.25013,1874810244,18461,2
22.111319,0.004032,4.363982,-3736.93794,1874316008,18463,1
22.113341,0.002022,4.363201,-3735.36902,1873980500,18464,1
22.115357,0.002016,4.363946,-3736.86562,1874300497,18465,1
22.11738,0.002023,4.364314,-3737.60488,1874458350,18466,2
22.121412,0.004032,4.364259,-3737.49439,1874435110,18468,1
22.123428,0.002016,4.365341,-3739.66798,1874899890,18469,1
22.12545,0.002022,4.364215,-3737.406,1874416293,18470,1
22.127466,0.002016,4.363209,-3735.3851,1873983872,18471,1
22.129488,0.002022,4.363906,-3736.78527,1874283370,18472,2
22.13352,0.004032,4.364539,-3738.05687,1874555303,18474,1
22.135543,0.002023,4.364339,-3737.6551,1874469561,18475,1
22.137559,0.002016,4.365687,-3740.36304,1875048196,18476,1
22.139575,0.002016,4.364843,-3738.66757,1874685670,18477,2
22.143613,0.004038,4.363641,-3736.25292,1874169354,18479,1
22.145629,0.002016,4.364172,-3737.31962,1874397372,18480,1
22.147652,0.002023,4.365008,-3738.99903,1874756586,18481,1
22.149668,0.002016,4.364647,-3738.27383,1874601559,18482,2
22.1537,0.004032,4.366008,-3741.00788,1875186285,18484,1
22.155722,0.002022,4.365576,-3740.14006,1875000573,18485,1
22.157738,0.002016,4.364242,-3737.46024,1874427785,18486,1
22.15976,0.002022,4.364678,-3738.3361,1874615186,18487,2
22.163792,0.004032,4.365767,-3740.52375,1875082682,18489,1
22.165815,0.002023,4.365421,-3739.82868,1874934194,18490,1
22.167831,0.002016,4.366039,-3741.07016,1875199414,18491,1
22.169847,0.002016,4.365984,-3740.95967,1875176116,18492,1
22.171869,0.002022,4.364989,-3738.96086,1874748653,18493,2
22.175901,0.004032,4.365178,-3739.34053,1874829829,18495,1
22.177924,0.002023,4.366406,-3741.80741,1875356886,18496,1
22.17994,0.002016,4.366172,-3741.33734,1875256562,18497,1
22.181956,0.002016,4.366794,-3742.58684,1875523816,18498,2
22.185994,0.004038,4.3669,-3742.79978,1875569043,18500,1
22.18801,0.002016,4.365542,-3740.07176,1874986122,18501,1
22.190032,0.002022,4.365448,-3739.88292,1874945366,18502,1
22.192048,0.002016,4.36664,-3742.27748,1875457515,18503,2
22.196087,0.004039,4.36625,-3741.49403,1875289830,18505,1
22.198103,0.002016,4.366675,-3742.34779,1875472960,18506,1
22.200119,0.002016,4.366931,-3742.86206,1875582794,18507,1
22.202141,0.002022,4.365579,-3740.14608,1875001868,18508,2
22.206173,0.004032,4.365397,-3739.78047,1874923871,18510,1
22.208196,0.002023,4.366585,-3742.16699,1875433829,18511,1
22.210212,0.002016,4.366415,-3741.82549,1875361016,18512,1
22.212228,0.002016,4.367022,-3743.04486,1875621487,18513,1
22.21425,0.002022,4.367585,-3744.17585,1875863347,18514,2
22.218288,0.004038,4.366562,-3742.12079,1875424097,18516,1
22.220304,0.002016,4.366429,-3741.85361,1875366855,18517,1
22.22232,0.002016,4.367891,-3744.79056,1875995164,18518,1
22.224343,0.002023,4.368017,-3745.04367,1876049192,18519,2
22.228375,0.004032,4.368566,-3746.14654,1876284847,18521,1
22.230397,0.002022,4.368929,-3746.87575,1876440876,18522,1
22.232413,0.002016,4.367796,-3744.59972,1875954031,18523,1
22.234429,0.002016,4.367404,-3743.81225,1875785849,18524,2
22.238468,0.004039,4.368511,-3746.03605,1876261218,18526,1
22.240484,0.002016,4.368508,-3746.03002,1876260077,18527,1
22.242506,0.002022,4.368916,-3746.84964,1876435257,18528,1
22.244522,0.002016,4.369431,-3747.8842,1876656077,18529,2
22.24856,0.004038,4.368198,-3745.40728,1876126727,18531,1
22.250576,0.002016,4.367552,-3744.10956,1875849400,18532,1
22.252599,0.002023,4.368599,-3746.21283,1876299111,18533,1
22.254615,0.002016,4.368596,-3746.2068,1876297561,18534,1
22.256631,0.002016,4.368926,-3746.86972,1876439540,18535,2
22.260669,0.004038,4.36982,-3748.66564,1876823474,18537,1
22.262685,0.002016,4.368939,-3746.89584,1876444911,18538,1
22.264708,0.002023,4.36827,-3745.55192,1876157653,18539,1
22.266724,0.002016,4.369366,-3747.75362,1876628440,18540,2
22.270762,0.004038,4.369958,-3748.94286,1876882747,18542,1
22.272778,0.002016,4.370172,-3749.37276,1876974475,18543,1
22.274794,0.002016,4.370767,-3750.56803,1877229935,18544,1
22.276816,0.002022,4.369812,-3748.64957,1876819802,18545,2
22.280848,0.004032,4.368859,-3746.73513,1876410674,18547,1
22.282871,0.002023,4.369649,-3748.32213,1876750233,18548,1
22.284887,0.002016,4.370235,-3749.49932,1877001450,18549,1
22.286903,0.002016,4.370204,-3749.43704,1876988027,18550,2
22.290941,0.004038,4.371012,-3751.0602,1877335282,18552,1
22.292957,0.002016,4.370414,-3749.8589,1877078571,18553,1
