t_s,dt_s,volts,force_mN,raw_code,seq,n_held
0,,1.966214,196.100966,3298760,8531,1
0.002023,0.002023,1.963955,195.879514,3294970,8532,1
0.004039,0.002016,1.95995,195.4869,3288250,8533,1
0.006061,0.002022,1.949251,194.438067,3270300,8534,1
0.008077,0.002016,1.955378,195.038703,3280580,8535,2
0.012116,0.004039,1.960671,195.55758,3289460,8537,1
0.014132,0.002016,1.953828,194.886755,3277980,8538,1
0.016154,0.002022,1.951718,194.67991,3274440,8539,1
0.01817,0.002016,1.948172,194.332292,3268490,8540,2
0.022208,0.004038,1.951164,194.625601,3273510,8542,1
0.024231,0.002023,1.956224,195.121637,3282000,8543,1
0.026247,0.002016,1.951021,194.611582,3273270,8544,1
0.028269,0.002022,1.963997,195.883631,3295040,8545,2
0.032308,0.004039,1.958007,195.296426,3284990,8547,1
0.034324,0.002016,1.945108,194.031925,3263350,8548,1
0.03634,0.002016,1.945788,194.098586,3264490,8549,1
0.038362,0.002022,1.949126,194.425814,3270090,8550,1
0.040378,0.002016,1.953667,194.870972,3277710,8551,2
0.044416,0.004038,1.948333,194.348075,3268760,8553,1
0.046439,0.002023,1.9485,194.364446,3269040,8554,1
0.048455,0.002016,1.951522,194.660696,3274110,8555,1
0.050471,0.002016,1.951927,194.700398,3274790,8556,2
0.054509,0.004038,1.953608,194.865188,3277610,8558,1
0.056532,0.002023,1.952988,194.804409,3276570,8559,1
0.058548,0.002016,1.955879,195.087816,3281420,8560,1
0.06057,0.002022,1.951987,194.70628,3274890,8561,2
0.064608,0.004038,1.949173,194.430421,3270170,8563,1
0.066624,0.002016,1.950866,194.596387,3273010,8564,1
0.06864,0.002016,1.959652,195.457687,3287750,8565,1
0.070663,0.002023,1.940852,193.614706,3256210,8566,2
0.074701,0.004038,1.944292,193.951932,3261980,8568,1
0.076717,0.002016,1.952052,194.712652,3275000,8569,1
0.07874,0.002023,1.956302,195.129283,3282130,8570,1
0.080756,0.002016,1.954442,194.946946,3279010,8571,1
0.082778,0.002022,1.944125,193.935561,3261700,8572,2
0.086816,0.004038,1.943898,193.913308,3261320,8574,1
0.088832,0.002016,1.951289,194.637854,3273720,8575,1
0.090848,0.002016,1.952183,194.725494,3275220,8576,1
0.092871,0.002023,1.962996,195.785502,3293360,8577,2
0.096909,0.004038,1.957494,195.246136,3284130,8579,1
0.098925,0.002016,1.954764,194.978512,3279550,8580,1
0.100948,0.002023,1.958674,195.361813,3286110,8581,1
0.102964,0.002016,1.961756,195.663944,3291280,8582,2
0.107002,0.004038,1.958233,195.318581,3285370,8584,1
0.109018,0.002016,1.954567,194.9592,3279220,8585,1
0.11104,0.002022,1.950115,194.522766,3271750,8586,1
0.113056,0.002016,1.957339,195.230941,3283870,8587,2
0.117095,0.004039,1.959503,195.44308,3287500,8589,1
0.119111,0.002016,1.960468,195.53768,3289120,8590,1
0.121133,0.002022,1.959538,195.446511,3287560,8591,1
0.123149,0.002016,1.96318,195.80354,3293670,8592,1
0.125172,0.002023,1.949489,194.461399,3270700,8593,2
0.12921,0.004038,1.955545,195.055074,3280860,8595,1
0.131226,0.002016,1.961124,195.601988,3290220,8596,1
0.133248,0.002022,1.956683,195.166633,3282770,8597,1
0.135264,0.002016,1.953173,194.822545,3276880,8598,2
0.139303,0.004039,1.948875,194.401208,3269670,8600,1
0.141319,0.002016,1.953495,194.854111,3277420,8601,1
0.143341,0.002022,1.951033,194.612758,3273290,8602,1
0.145357,0.002016,1.950127,194.523943,3271770,8603,2
0.149396,0.004039,1.946336,194.152307,3265410,8605,1
0.151412,0.002016,1.951349,194.643736,3273820,8606,1
0.153434,0.002022,1.95626,195.125166,3282060,8607,1
0.15545,0.002016,1.954508,194.953416,3279120,8608,2
0.159488,0.004038,1.960468,195.53768,3289120,8610,1
0.161511,0.002023,1.962662,195.75276,3292800,8611,1
0.163527,0.002016,1.964033,195.88716,3295100,8612,1
0.165543,0.002016,1.965368,196.018031,3297340,8613,1
0.167565,0.002022,1.962501,195.736977,3292530,8614,2
0.171604,0.004039,1.953936,194.897342,3278160,8616,1
0.17362,0.002016,1.958877,195.381713,3286450,8617,1
0.175642,0.002022,1.952118,194.719122,3275110,8618,1
0.177658,0.002016,1.946539,194.172208,3265750,8619,2
0.181696,0.004038,1.951081,194.617464,3273370,8621,1
0.183712,0.002016,1.944709,193.992811,3262680,8622,1
0.185735,0.002023,1.947814,194.297197,3267890,8623,1
0.187751,0.002016,1.952928,194.798527,3276470,8624,2
0.191789,0.004038,1.952374,194.744218,3275540,8626,1
0.193812,0.002023,1.963568,195.841576,3294320,8627,1
0.195828,0.002016,1.954329,194.935868,3278820,8628,1
0.197844,0.002016,1.953405,194.845288,3277270,8629,2
0.201882,0.004038,1.958674,195.361813,3286110,8631,1
0.203904,0.002022,1.955372,195.038115,3280570,8632,1
0.20592,0.002016,1.953298,194.834798,3277090,8633,1
0.207943,0.002023,1.949418,194.454439,3270580,8634,1
0.209959,0.002016,1.952857,194.791567,3276350,8635,2
0.213997,0.004038,1.950669,194.577075,3272680,8637,1
0.216013,0.002016,1.951093,194.61864,3273390,8638,1
0.218036,0.002023,1.959282,195.421415,3287130,8639,1
0.220052,0.002016,1.962549,195.741682,3292610,8640,2
0.22409,0.004038,1.958209,195.316228,3285330,8642,1
0.226112,0.002022,1.958442,195.339069,3285720,8643,1
0.228128,0.002016,1.961708,195.659238,3291200,8644,1
0.230144,0.002016,1.955432,195.043996,3280670,8645,2
0.234183,0.004039,1.95328,194.833034,3277060,8647,1
0.236205,0.002022,1.956242,195.123401,3282030,8648,1
0.238221,0.002016,1.960689,195.559345,3289490,8649,1
0.240244,0.002023,1.94968,194.480123,3271020,8650,2
0.244282,0.004038,1.952404,194.747159,3275590,8652,1
0.246298,0.002016,1.954186,194.92185,3278580,8653,1
0.248314,0.002016,1.954758,194.977924,3279540,8654,1
0.250336,0.002022,1.952732,194.779313,3276140,8655,2
0.254375,0.004039,1.946944,194.21191,3266430,8657,1
0.256391,0.002016,1.951855,194.69334,3274670,8658,1
0.258413,0.002022,1.958662,195.360636,3286090,8659,1
0.260429,0.002016,1.95812,195.307503,3285180,8660,1
0.262452,0.002023,1.955193,195.020567,3280270,8661,2
0.266484,0.004032,1.949012,194.414638,3269900,8663,1
0.268506,0.002022,1.952463,194.752943,3275690,8664,1
0.270522,0.002016,1.948124,194.327587,3268410,8665,1
0.272544,0.002022,1.952136,194.720887,3275140,8666,2
0.276583,0.004039,1.95663,195.161437,3282680,8668,1
0.278599,0.002016,1.964331,195.916373,3295600,8669,1
0.280621,0.002022,1.954949,194.996648,3279860,8670,1
0.282637,0.002016,1.959711,195.463471,3287850,8671,2
0.286676,0.004039,1.958054,195.301033,3285070,8673,1
0.288692,0.002016,1.95002,194.513453,3271590,8674,1
0.290714,0.002022,1.956815,195.179573,3282990,8675,1
0.29273,0.002016,1.964563,195.939117,3295990,8676,2
0.296768,0.004038,1.958448,195.339658,3285730,8678,1
0.298791,0.002023,1.953,194.805585,3276590,8679,1
0.300807,0.002016,1.950645,194.574723,3272640,8680,1
0.302829,0.002022,1.954764,194.978512,3279550,8681,1
0.304845,0.002016,1.949984,194.509924,3271530,8682,2
0.308884,0.004039,1.948857,194.399443,3269640,8684,1
0.3109,0.002016,1.955563,195.056838,3280890,8685,1
0.312922,0.002022,1.957428,195.239666,3284020,8686,1
0.314938,0.002016,1.958406,195.33554,3285660,8687,2
0.318976,0.004038,1.962286,195.7159,3292170,8689,1
0.320999,0.002023,1.955843,195.084287,3281360,8690,1
0.323015,0.002016,1.95334,194.838916,3277160,8691,1
0.325037,0.002022,1.958936,195.387497,3286550,8692,2
0.329076,0.004039,1.950204,194.531491,3271900,8694,1
0.331092,0.002016,1.942951,193.820473,3259730,8695,1
0.333108,0.002016,1.955789,195.078993,3281270,8696,1
0.33513,0.002022,1.952732,194.779313,3276140,8697,2
0.339168,0.004038,1.947993,194.314745,3268190,8699,1
0.341184,0.002016,1.959991,195.490919,3288320,8700,1
0.343207,0.002023,1.95781,195.277114,3284660,8701,1
0.345223,0.002016,1.957566,195.253194,3284250,8702,1
0.347239,0.002016,1.961458,195.634731,3290780,8703,2
0.351277,0.004038,1.962775,195.763837,3292990,8705,1
0.3533,0.002023,1.956928,195.190651,3283180,8706,1
0.357338,0.004038,1.954144,194.917733,3278510,8708,2
0.361376,0.004038,1.948828,194.3966,3269590,8710,1
0.363392,0.002016,1.946354,194.154072,3265440,8711,1
0.365408,0.002016,1.950812,194.591094,3272920,8712,1
0.367431,0.002023,1.958913,195.385242,3286510,8713,2
0.371469,0.004038,1.961178,195.607282,3290310,8715,1
0.373485,0.002016,1.964635,195.946175,3296110,8716,1
0.375508,0.002023,1.956135,195.112912,3281850,8717,1
0.377524,0.002016,1.956755,195.173691,3282890,8718,2
0.381562,0.004038,1.948875,194.401208,3269670,8720,1
0.383578,0.002016,1.95328,194.833034,3277060,8721,1
0.3856,0.002022,1.949912,194.502866,3271410,8722,1
0.387616,0.002016,1.952767,194.782744,3276200,8723,1
0.389639,0.002023,1.961631,195.65169,3291070,8724,2
0.393677,0.004038,1.957965,195.292309,3284920,8726,1
0.395693,0.002016,1.953536,194.85813,3277490,8727,1
0.397716,0.002023,1.953566,194.861071,3277540,8728,1
0.399732,0.002016,1.944762,193.998007,3262770,8729,2
0.40377,0.004038,1.945031,194.024377,3263220,8731,1
0.405786,0.002016,1.951516,194.660107,3274100,8732,1
0.407808,0.002022,1.955003,195.001941,3279950,8733,1
0.409824,0.002016,1.951116,194.620895,3273430,8734,2
0.413863,0.004039,1.952273,194.734317,3275370,8736,1
0.415879,0.002016,1.950592,194.569527,3272550,8737,1
0.417901,0.002022,1.947331,194.249848,3267080,8738,1
0.419917,0.002016,1.952422,194.748923,3275620,8739,2
0.423956,0.004039,1.965827,196.063028,3298110,8741,1
0.425978,0.002022,1.959688,195.461216,3287810,8742,1
0.427994,0.002016,1.949537,194.466104,3270780,8743,1
0.43001,0.002016,1.94993,194.50463,3271440,8744,1
0.432032,0.002022,1.957703,195.266625,3284480,8745,2
0.436071,0.004039,1.951754,194.683439,3274500,8747,1
0.438087,0.002016,1.947534,194.269748,3267420,8748,1
0.440109,0.002022,1.951486,194.657166,3274050,8749,1
0.442125,0.002016,1.956594,195.157908,3282620,8750,2
0.446164,0.004039,1.960665,195.556992,3289450,8752,1
0.44818,0.002016,1.954699,194.97214,3279440,8753,1
0.450202,0.002022,1.945245,194.045356,3263580,8754,1
0.452218,0.002016,1.947409,194.257495,3267210,8755,2
0.456256,0.004038,1.953262,194.831269,3277030,8757,1
0.458272,0.002016,1.955777,195.077817,3281250,8758,1
0.460295,0.002023,1.955861,195.086052,3281390,8759,1
0.462311,0.002016,1.953179,194.823133,3276890,8760,2
0.466349,0.004038,1.95598,195.097717,3281590,8762,1
0.468372,0.002023,1.952183,194.725494,3275220,8763,1
0.470388,0.002016,1.958114,195.306915,3285170,8764,1
0.472404,0.002016,1.956683,195.166633,3282770,8765,1
0.474426,0.002022,1.961178,195.607282,3290310,8766,2
0.478464,0.004038,1.968521,196.327123,3302630,8768,1
0.48048,0.002016,1.960182,195.509643,3288640,8769,1
0.482496,0.002016,1.947349,194.251613,3267110,8770,1
0.484519,0.002023,1.962787,195.765014,3293010,8771,1
0.488557,0.004038,1.95809,195.304563,3285130,8773,1
0.490573,0.002016,1.96389,195.873142,3294860,8774,1
0.492596,0.002023,1.970375,196.508872,3305740,8775,1
0.494612,0.002016,1.956719,195.170162,3282830,8776,2
0.49865,0.004038,1.958257,195.320934,3285410,8778,1
0.500666,0.002016,1.959187,195.412102,3286970,8779,1
0.502688,0.002022,1.958782,195.3724,3286290,8780,1
0.504704,0.002016,1.95722,195.219276,3283670,8781,2
0.508743,0.004039,1.9499,194.501689,3271390,8783,1
0.510759,0.002016,1.952189,194.726082,3275230,8784,1
0.512781,0.002022,1.948088,194.324057,3268350,8785,1
0.514797,0.002016,1.959032,195.396908,3286710,8786,2
0.518836,0.004039,1.956266,195.125754,3282070,8788,1
0.520852,0.002016,1.949763,194.488259,3271160,8789,1
0.522874,0.002022,1.954287,194.931751,3278750,8790,1
0.52489,0.002016,1.953024,194.807938,3276630,8791,1
0.526912,0.002022,1.952136,194.720887,3275140,8792,2
0.530944,0.004032,1.960802,195.570422,3289680,8794,1
0.532967,0.002023,1.957381,195.235059,3283940,8795,1
0.534983,0.002016,1.952654,194.771667,3276010,8796,1
0.537005,0.002022,1.955628,195.06321,3281000,8797,2
0.541044,0.004039,1.957285,195.225648,3283780,8799,1
0.54306,0.002016,1.953769,194.880971,3277880,8800,1
0.545076,0.002016,1.952189,194.726082,3275230,8801,1
0.547098,0.002022,1.95027,194.537961,3272010,8802,1
1.253476,0.706378,1.955229,195.024096,3280330,8803,1
1.257514,0.004038,1.948518,194.366211,3269070,8805,1
1.25953,0.002016,1.9593,195.42318,3287160,8806,1
1.261546,0.002016,1.959211,195.414455,3287010,8807,1
1.263568,0.002022,1.953983,194.90195,3278240,8808,1
1.265585,0.002017,1.953143,194.819604,3276830,8809,2
1.269616,0.004031,1.962173,195.704823,3291980,8811,1
1.271639,0.002023,1.963335,195.818735,3293930,8812,1
1.273655,0.002016,1.963776,195.861966,3294670,8813,1
1.275671,0.002016,1.953185,194.823721,3276900,8814,2
1.279709,0.004038,1.954883,194.990177,3279750,8816,1
1.281725,0.002016,1.949298,194.442675,3270380,8817,1
1.283748,0.002023,1.944262,193.948991,3261930,8818,1
1.285764,0.002016,1.956332,195.132224,3282180,8819,1
1.28778,0.002016,1.966953,196.17341,3300000,8820,2
1.291818,0.004038,1.962125,195.700117,3291900,8822,1
1.293834,0.002016,1.953775,194.881559,3277890,8823,1
1.29585,0.002016,1.955742,195.074386,3281190,8824,1
1.297872,0.002022,1.963764,195.86079,3294650,8825,2
1.301904,0.004032,1.958543,195.348971,3285890,8827,1
1.303927,0.002023,1.954794,194.981453,3279600,8828,1
1.305943,0.002016,1.960427,195.533661,3289050,8829,1
1.307959,0.002016,1.956862,195.184181,3283070,8830,2
1.311997,0.004038,1.949078,194.421108,3270010,8832,1
1.314013,0.002016,1.957464,195.243195,3284080,8833,1
1.316029,0.002016,1.959932,195.485135,3288220,8834,1
1.318052,0.002023,1.958829,195.377007,3286370,8835,2
1.322084,0.004032,1.955295,195.030566,3280440,8837,1
1.324106,0.002022,1.958191,195.314464,3285300,8838,1
1.326122,0.002016,1.955783,195.078405,3281260,8839,1
1.328138,0.002016,1.952648,194.771078,3276000,8840,1
1.330161,0.002023,1.955152,195.016548,3280200,8841,2
1.334193,0.004032,1.951438,194.652461,3273970,8843,1
1.336208,0.002015,1.955748,195.074974,3281200,8844,1
1.338231,0.002023,1.960844,195.57454,3289750,8845,1
1.340247,0.002016,1.968092,196.285068,3301910,8846,2
1.344285,0.004038,1.963156,195.801187,3293630,8848,1
1.346301,0.002016,1.96442,195.925098,3295750,8849,1
1.348317,0.002016,1.963747,195.859123,3294620,8850,1
1.350333,0.002016,1.959819,195.474058,3288030,8851,2
1.354372,0.004039,1.960087,195.50033,3288480,8853,1
1.356388,0.002016,1.960337,195.524838,3288900,8854,1
1.35841,0.002022,1.959723,195.464647,3287870,8855,1
1.360426,0.002016,1.953453,194.849993,3277350,8856,2
1.364464,0.004038,1.955509,195.051545,3280800,8858,1
1.36648,0.002016,1.963067,195.792462,3293480,8859,1
1.368496,0.002016,1.954466,194.949299,3279050,8860,1
1.370519,0.002023,1.952261,194.73314,3275350,8861,2
1.374551,0.004032,1.950842,194.594035,3272970,8863,1
1.376567,0.002016,1.956087,195.108207,3281770,8864,1
1.378589,0.002022,1.957393,195.236235,3283960,8865,1
1.380605,0.002016,1.955342,195.035174,3280520,8866,1
1.382621,0.002016,1.954776,194.979688,3279570,8867,2
1.38666,0.004039,1.95576,195.076151,3281220,8869,1
1.388676,0.002016,1.958287,195.323875,3285460,8870,1
1.390698,0.002022,1.971108,196.580729,3306970,8871,1
1.392714,0.002016,1.958823,195.376419,3286360,8872,2
1.396752,0.004038,1.953208,194.825976,3276940,8874,1
1.398768,0.002016,1.964766,195.959017,3296330,8875,1
1.400784,0.002016,1.963919,195.875985,3294910,8876,1
1.4028,0.002016,1.963133,195.798932,3293590,8877,2
1.406839,0.004039,1.95877,195.371224,3286270,8879,1
1.408855,0.002016,1.962888,195.774915,3293180,8880,1
1.410877,0.002022,1.962519,195.738741,3292560,8881,1
1.412893,0.002016,1.953125,194.817839,3276800,8882,2
1.416925,0.004032,1.945096,194.030749,3263330,8884,1
1.418948,0.002023,1.95207,194.714417,3275030,8885,1
1.420964,0.002016,1.951748,194.682851,3274490,8886,1
1.42298,0.002016,1.957369,195.233882,3283920,8887,1
1.425002,0.002022,1.961827,195.670904,3291400,8888,2
1.429034,0.004032,1.962137,195.701294,3291920,8890,1
1.431057,0.002023,1.965207,196.002248,3297070,8891,1
1.433072,0.002015,1.963449,195.82991,3294120,8892,1
1.435089,0.002017,1.958919,195.38583,3286520,8893,2
1.439127,0.004038,1.971167,196.586513,3307070,8895,1
1.441143,0.002016,1.964527,195.935587,3295930,8896,1
1.443165,0.002022,1.957071,195.204669,3283420,8897,1
1.445181,0.002016,1.961923,195.680315,3291560,8898,2
1.449213,0.004032,1.961011,195.590911,3290030,8900,1
1.451236,0.002023,1.957059,195.203493,3283400,8901,1
1.453252,0.002016,1.963377,195.822852,3294000,8902,1
1.455268,0.002016,1.960731,195.563462,3289560,8903,2
1.459306,0.004038,1.960361,195.527191,3288940,8905,1
1.461322,0.002016,1.96417,195.90059,3295330,8906,1
1.463345,0.002023,1.972657,196.732579,3309570,8907,1
1.465361,0.002016,1.970077,196.479659,3305240,8908,1
1.467377,0.002016,1.966047,196.084594,3298480,8909,2
1.471415,0.004038,1.954597,194.962141,3279270,8911,1
1.473431,0.002016,1.958901,195.384066,3286490,8912,1
1.475453,0.002022,1.956588,195.15732,3282610,8913,1
1.477469,0.002016,1.966888,196.167038,3299890,8914,2
1.481508,0.004039,1.966697,196.148315,3299570,8916,1
1.483524,0.002016,1.964587,195.941469,3296030,8917,1
1.48554,0.002016,1.959181,195.411514,3286960,8918,1
1.487562,0.002022,1.964325,195.915785,3295590,8919,2
1.491594,0.004032,1.955241,195.025273,3280350,8921,1
1.493616,0.002022,1.963466,195.831577,3294150,8922,1
1.495632,0.002016,1.962084,195.696098,3291830,8923,1
1.497648,0.002016,1.967549,196.231837,3301000,8924,2
1.501687,0.004039,1.959956,195.487488,3288260,8926,1
1.503703,0.002016,1.962006,195.688452,3291700,8927,1
1.505719,0.002016,1.962668,195.753348,3292810,8928,1
1.507741,0.002022,1.970518,196.522891,3305980,8929,2
1.511773,0.004032,1.968825,196.356924,3303140,8931,1
1.513796,0.002023,1.971263,196.595924,3307230,8932,1
1.515812,0.002016,1.969993,196.471424,3305100,8933,1
1.517828,0.002016,1.960403,195.531308,3289010,8934,1
1.51985,0.002022,1.968241,196.299674,3302160,8935,2
1.523888,0.004038,1.954544,194.956945,3279180,8937,1
1.525904,0.002016,1.952755,194.781568,3276180,8938,1
1.52792,0.002016,1.969749,196.447505,3304690,8939,1
1.529936,0.002016,1.966882,196.16645,3299880,8940,2
1.533975,0.004039,1.964265,195.909903,3295490,8942,1
1.535991,0.002016,1.962495,195.736389,3292520,8943,1
1.538013,0.002022,1.965225,196.004013,3297100,8944,1
1.540029,0.002016,1.963306,195.815892,3293880,8945,2
1.544068,0.004039,1.968962,196.370355,3303370,8947,1
1.546084,0.002016,1.969188,196.392509,3303750,8948,1
1.5481,0.002016,1.960874,195.577481,3289800,8949,1
1.550122,0.002022,1.973325,196.798063,3310690,8950,2
1.55416,0.004038,1.974392,196.902662,3312480,8952,1
1.556176,0.002016,1.964599,195.942646,3296050,8953,1
1.558192,0.002016,1.962745,195.760896,3292940,8954,1
1.560209,0.002017,1.960778,195.56807,3289640,8955,1
1.562231,0.002022,1.965719,196.05244,3297930,8956,2
1.566263,0.004032,1.965982,196.078222,3298370,8958,1
1.568285,0.002022,1.966071,196.086947,3298520,8959,1
1.570301,0.002016,1.970369,196.508284,3305730,8960,1
1.572317,0.002016,1.962954,195.781385,3293290,8961,2
1.576356,0.004039,1.957667,195.263095,3284420,8963,1
1.578372,0.002016,1.963896,195.87373,3294870,8964,1
1.580394,0.002022,1.969618,196.434663,3304470,8965,1
1.58241,0.002016,1.961488,195.637672,3290830,8966,2
1.586449,0.004039,1.968646,196.339377,3302840,8968,1
1.588464,0.002015,1.97131,196.600531,3307310,8969,1
1.59048,0.002016,1.960009,195.492684,3288350,8970,1
1.592503,0.002023,1.965433,196.024403,3297450,8971,2
1.596535,0.004032,1.971036,196.573671,3306850,8973,1
1.598557,0.002022,1.970726,196.543281,3306330,8974,1
1.600573,0.002016,1.968265,196.302027,3302200,8975,1
1.602596,0.002023,1.961345,195.623653,3290590,8976,1
1.604612,0.002016,1.968098,196.285656,3301920,8977,2
1.608644,0.004032,1.97019,196.490736,3305430,8979,1
1.610666,0.002022,1.964909,195.973035,3296570,8980,1
1.612682,0.002016,1.966572,196.136061,3299360,8981,1
1.614704,0.002022,1.963598,195.844517,3294370,8982,2
1.618736,0.004032,1.970041,196.47613,3305180,8984,1
1.620752,0.002016,1.965857,196.065969,3298160,8985,1
1.622775,0.002023,1.962841,195.770307,3293100,8986,1
1.624791,0.002016,1.959962,195.488076,3288270,8987,2
1.628829,0.004038,1.963258,195.811186,3293800,8989,1
1.630845,0.002016,1.974934,196.955795,3313390,8990,1
1.632868,0.002023,1.972336,196.701111,3309030,8991,1
1.634884,0.002016,1.968867,196.361042,3303210,8992,2
1.638916,0.004032,1.969916,196.463876,3304970,8994,1
1.640938,0.002022,1.977462,197.203617,3317630,8995,1
1.642954,0.002016,1.972187,196.686504,3308780,8996,1
1.644976,0.002022,1.969045,196.378491,3303510,8997,2
1.649008,0.004032,1.96324,195.809422,3293770,8999,1
1.651024,0.002016,1.965886,196.068811,3298210,9000,1
1.653047,0.002023,1.964456,195.928627,3295810,9001,1
1.655063,0.002016,1.962888,195.774915,3293180,9002,1
1.657079,0.002016,1.962316,195.718841,3292220,9003,2
1.661117,0.004038,1.964819,195.964212,3296420,9005,1
1.66314,0.002023,1.977724,197.229301,3318070,9006,1
1.665156,0.002016,1.970458,196.517009,3305880,9007,1
1.667172,0.002016,1.965576,196.038422,3297690,9008,2
1.67121,0.004038,1.96591,196.071164,3298250,9010,1
1.673226,0.002016,1.966,196.079987,3298400,9011,1
1.675248,0.002022,1.964957,195.977741,3296650,9012,1
1.677265,0.002017,1.972669,196.733755,3309590,9013,2
1.681296,0.004031,1.969522,196.425252,3304310,9015,1
1.683319,0.002023,1.969117,196.385549,3303630,9016,1
1.685335,0.002016,1.97174,196.642684,3308030,9017,1
1.687351,0.002016,1.961911,195.679139,3291540,9018,2
1.691389,0.004038,1.97416,196.879919,3312090,9020,1
1.693412,0.002023,1.976287,197.088431,3315660,9021,1
1.695428,0.002016,1.966155,196.095182,3298660,9022,1
1.697444,0.002016,1.969951,196.467307,3305030,9023,1
1.69946,0.002016,1.973009,196.767086,3310160,9024,2
1.703498,0.004038,1.965004,195.982348,3296730,9026,1
1.705514,0.002016,1.957607,195.257214,3284320,9027,1
1.707537,0.002023,1.965028,195.984701,3296770,9028,1
1.709552,0.002015,1.965183,195.999896,3297030,9029,2
1.713591,0.004039,1.961863,195.674433,3291460,9031,1
1.715607,0.002016,1.962346,195.721782,3292270,9032,1
1.717623,0.002016,1.970023,196.474365,3305150,9033,1
1.719645,0.002022,1.966095,196.0893,3298560,9034,2
1.723677,0.004032,1.970929,196.563181,3306670,9036,1
1.7257,0.002023,1.967931,196.269285,3301640,9037,1
1.727716,0.002016,1.966417,196.120866,3299100,9038,1
1.729732,0.002016,1.970947,196.564946,3306700,9039,2
1.73377,0.004038,1.973957,196.860019,3311750,9041,1
1.735786,0.002016,1.96901,196.37506,3303450,9042,1
1.737808,0.002022,1.96687,196.165274,3299860,9043,1
1.739824,0.002016,1.979464,197.399875,3320990,9044,1
1.74184,0.002016,1.97559,197.020103,3314490,9045,2
1.745879,0.004039,1.972973,196.763556,3310100,9047,1
1.747901,0.002022,1.962101,195.697765,3291860,9048,1
1.749917,0.002016,1.964688,195.95137,3296200,9049,1
1.751933,0.002016,1.968628,196.337612,3302810,9050,2
1.755972,0.004039,1.97382,196.846589,3311520,9052,1
1.757988,0.002016,1.977056,197.163817,3316950,9053,1
1.76001,0.002022,1.970005,196.472601,3305120,9054,1
1.762026,0.002016,1.97531,196.992655,3314020,9055,2
1.766064,0.004038,1.962972,195.783149,3293320,9057,1
1.76808,0.002016,1.95908,195.401613,3286790,9058,1
1.770096,0.002016,1.961821,195.670316,3291390,9059,1
1.772119,0.002023,1.96982,196.454465,3304810,9060,2
1.776151,0.004032,1.971978,196.666016,3308430,9062,1
1.778173,0.002022,1.972735,196.740225,3309700,9063,1
1.780189,0.002016,1.972955,196.761792,3310070,9064,1
1.782205,0.002016,1.98372,197.817095,3328130,9065,1
1.784228,0.002023,1.974249,196.888644,3312240,9066,2
1.78826,0.004032,1.981199,197.569959,3323900,9068,1
1.790282,0.002022,1.975518,197.013045,3314370,9069,1
1.792298,0.002016,1.973283,196.793946,3310620,9070,1
1.794314,0.002016,1.980752,197.526139,3323150,9071,2
1.798352,0.004038,1.965165,195.998131,3297000,9073,1
1.800368,0.002016,1.969051,196.379079,3303520,9074,1
1.802391,0.002023,1.9705,196.521126,3305950,9075,1
1.804407,0.002016,1.97084,196.554457,3306520,9076,2
1.808445,0.004038,1.980633,197.514473,3322950,9078,1
1.810461,0.002016,1.974553,196.918445,3312750,9079,1
1.812477,0.002016,1.968217,196.297321,3302120,9080,1
1.8145,0.002023,1.969862,196.458582,3304880,9081,2
1.818532,0.004032,1.97261,196.727971,3309490,9083,1
1.820554,0.002022,1.974285,196.892173,3312300,9084,1
1.82257,0.002016,1.972312,196.698758,3308990,9085,1
1.824586,0.002016,1.980388,197.490456,3322540,9086,2
1.828625,0.004039,1.976454,197.104802,3315940,9088,1
1.83064,0.002015,1.958907,195.384654,3286500,9089,1
1.832663,0.002023,1.968247,196.300262,3302170,9090,1
1.834679,0.002016,1.97323,196.78875,3310530,9091,1
1.836695,0.002016,1.970965,196.56671,3306730,9092,2
1.840733,0.004038,1.972967,196.762968,3310090,9094,1
1.842756,0.002023,1.969826,196.455053,3304820,9095,1
1.844772,0.002016,1.971847,196.653174,3308210,9096,1
1.846788,0.002016,1.974368,196.90031,3312440,9097,2
1.850826,0.004038,1.966858,196.164097,3299840,9099,1
1.852842,0.002016,1.965541,196.034991,3297630,9100,1
1.854858,0.002016,1.967716,196.248208,3301280,9101,1
1.85688,0.002022,1.96721,196.198604,3300430,9102,2
1.860913,0.004033,1.967037,196.181645,3300140,9104,1
1.862935,0.002022,1.974255,196.889232,3312250,9105,1
1.864951,0.002016,1.980674,197.518492,3323020,9106,1
1.866973,0.002022,1.979178,197.371838,3320510,9107,2
1.871005,0.004032,1.971769,196.645527,3308080,9109,1
1.873028,0.002023,1.973116,196.777575,3310340,9110,1
1.875044,0.002016,1.981115,197.561724,3323760,9111,1
1.87706,0.002016,1.97627,197.086764,3315630,9112,1
1.879082,0.002022,1.97469,196.931876,3312980,9113,2
1.883114,0.004032,1.978946,197.349095,3320120,9115,1
1.885136,0.002022,1.974535,196.916681,3312720,9116,1
1.887152,0.002016,1.97441,196.904427,3312510,9117,1
1.889168,0.002016,1.977402,197.197735,3317530,9118,2
1.893207,0.004039,1.9759,197.050493,3315010,9120,1
1.895223,0.002016,1.97022,196.493677,3305480,9121,1
1.897245,0.002022,1.977801,197.23685,3318200,9122,1
1.899261,0.002016,1.981247,197.574664,3323980,9123,2
1.9033,0.004039,1.975191,196.980989,3313820,9125,1
1.905316,0.002016,1.975524,197.013633,3314380,9126,1
1.907332,0.002016,1.968366,196.311928,3302370,9127,1
1.909354,0.002022,1.976895,197.148034,3316680,9128,2
1.913392,0.004038,1.972771,196.743754,3309760,9130,1
1.915408,0.002016,1.964927,195.9748,3296600,9131,1
1.917424,0.002016,1.962376,195.724723,3292320,9132,1
1.919447,0.002023,1.96538,196.019208,3297360,9133,1
1.921463,0.002016,1.973152,196.781104,3310400,9134,2
1.925501,0.004038,1.974708,196.93364,3313010,9136,1
1.927517,0.002016,1.977485,197.205872,3317670,9137,1
1.929533,0.002016,1.968384,196.313693,3302400,9138,1
1.931556,0.002023,1.976371,197.096665,3315800,9139,2
1.935588,0.004032,1.970577,196.528674,3306080,9141,1
1.93761,0.002022,1.978684,197.323411,3319680,9142,1
1.939626,0.002016,1.978654,197.32047,3319630,9143,1
1.941642,0.002016,1.974809,196.943541,3313180,9144,2
1.945681,0.004039,1.97646,197.10539,3315950,9146,1
1.947697,0.002016,1.97351,196.816199,3311000,9147,1
1.949719,0.002022,1.984757,197.918753,3329870,9148,1
1.951735,0.002016,1.990217,198.454001,3339030,9149,2
1.95577,0.004035,1.976794,197.138133,3316510,9151,1
1.957793,0.002023,1.965612,196.041951,3297750,9152,1
1.959809,0.002016,1.968074,196.283303,3301880,9153,1
1.961825,0.002016,1.968914,196.365649,3303290,9154,2
1.965863,0.004038,1.976997,197.158033,3316850,9156,1
1.967879,0.002016,1.982164,197.664558,3325520,9157,1
1.969901,0.002022,1.973635,196.828453,3311210,9158,1
1.971917,0.002016,1.976353,197.094901,3315770,9159,1
1.97394,0.002023,1.98074,197.524962,3323130,9160,2
1.977972,0.004032,1.972801,196.746695,3309810,9162,1
1.979988,0.002016,1.97264,196.730912,3309540,9163,1
1.98201,0.002022,1.976156,197.075589,3315440,9164,1
1.984026,0.002016,1.975697,197.030593,3314670,9165,2
1.988064,0.004038,1.987743,198.211473,3334880,9167,1
1.99008,0.002016,1.983231,197.769157,3327310,9168,1
1.992096,0.002016,1.978046,197.260867,3318610,9169,1
1.994119,0.002023,1.969826,196.455053,3304820,9170,2
1.998151,0.004032,1.970589,196.529851,3306100,9172,1
2.000173,0.002022,1.975626,197.023632,3314550,9173,1
2.002189,0.002016,1.969057,196.379667,3303530,9174,1
2.004212,0.002023,1.971197,196.589454,3307120,9175,2
2.008244,0.004032,1.976156,197.075589,3315440,9177,1
2.01026,0.002016,1.978278,197.28361,3319000,9178,1
2.012282,0.002022,1.98698,198.136675,3333600,9179,1
2.014298,0.002016,1.994258,198.850144,3345810,9180,1
2.016314,0.002016,1.979488,197.402228,3321030,9181,2
2.020352,0.004038,1.975596,197.020691,3314500,9183,1
2.022368,0.002016,1.978827,197.337429,3319920,9184,1
2.024391,0.002023,1.967287,196.206153,3300560,9185,1
2.026407,0.002016,1.969659,196.438682,3304540,9186,2
2.030445,0.004038,1.986575,198.096973,3332920,9188,1
2.032461,0.002016,1.982594,197.706712,3326240,9189,1
2.034477,0.002016,1.978493,197.304687,3319360,9190,1
2.0365,0.002023,1.985067,197.949142,3330390,9191,2
2.040532,0.004032,1.981348,197.584565,3324150,9193,1
2.042554,0.002022,1.978052,197.261455,3318620,9194,1
2.04457,0.002016,1.975161,196.978048,3313770,9195,1
2.046586,0.002016,1.980704,197.521433,3323070,9196,2
2.050624,0.004038,1.98279,197.725926,3326570,9198,1
2.05264,0.002016,1.979208,197.374779,3320560,9199,1
2.054656,0.002016,1.983088,197.755139,3327070,9200,1
2.056679,0.002023,1.990449,198.476744,3339420,9201,1
2.058695,0.002016,1.992673,198.694765,3343150,9202,2
2.062733,0.004038,1.981014,197.551823,3323590,9204,1
2.064749,0.002016,1.97711,197.16911,3317040,9205,1
2.066772,0.002023,1.978821,197.336841,3319910,9206,1
2.068788,0.002016,1.98319,197.765138,3327240,9207,2
2.07282,0.004032,1.980281,197.479966,3322360,9209,1
2.074842,0.002022,1.972139,196.681799,3308700,9210,1
2.076858,0.002016,1.981884,197.63711,3325050,9211,1
2.078874,0.002016,1.985037,197.946201,3330340,9212,2
2.082913,0.004039,1.980627,197.513885,3322940,9214,1
2.084928,0.002015,1.986587,198.098149,3332940,9215,1
2.086951,0.002023,1.988435,198.27931,3336040,9216,1
2.088967,0.002016,1.979893,197.44193,3321710,9217,2
2.093005,0.004038,1.973814,196.846,3311510,9219,1
2.095021,0.002016,1.984745,197.917576,3329850,9220,1
2.097037,0.002016,1.97401,196.865214,3311840,9221,1
2.09906,0.002023,1.983106,197.756904,3327100,9222,1
2.101076,0.002016,1.98161,197.610249,3324590,9223,2
2.105114,0.004038,1.969451,196.418292,3304190,9225,1
2.10713,0.002016,1.98139,197.588683,3324220,9226,1
2.109146,0.002016,1.990104,198.442924,3338840,9227,1
2.111169,0.002023,1.979721,197.425069,3321420,9228,2
2.1152,0.004031,1.979059,197.360173,3320310,9230,1
2.117223,0.002023,1.987016,198.140204,3333660,9231,1
2.119239,0.002016,1.979017,197.356055,3320240,9232,1
2.121261,0.002022,1.977515,197.208813,3317720,9233,2
2.125293,0.004032,1.984173,197.861503,3328890,9235,1
2.127316,0.002023,1.990634,198.49488,3339730,9236,1
2.129332,0.002016,1.984251,197.869149,3329020,9237,1
2.131348,0.002016,1.979274,197.381249,3320670,9238,2
2.135386,0.004038,1.971334,196.602884,3307350,9240,1
2.137402,0.002016,1.983708,197.815918,3328110,9241,1
2.139424,0.002022,1.989138,198.348226,3337220,9242,1
2.14144,0.002016,1.989663,198.399692,3338100,9243,2
2.145479,0.004039,1.98257,197.704359,3326200,9245,1
2.147495,0.002016,1.984262,197.870227,3329040,9246,1
2.149517,0.002022,1.987648,198.20216,3334720,9247,1
2.151533,0.002016,1.983529,197.798371,3327810,9248,1
2.153549,0.002016,1.969034,196.377413,3303490,9249,2
2.157588,0.004039,1.972443,196.7116,3309210,9251,1
2.159604,0.002016,1.980114,197.463595,3322080,9252,1
2.161626,0.002022,1.979899,197.442518,3321720,9253,1
2.163642,0.002016,1.976836,197.14225,3316580,9254,2
2.16768,0.004038,1.984233,197.867384,3328990,9256,1
2.169696,0.002016,1.983869,197.831701,3328380,9257,1
2.171712,0.002016,1.985663,198.007569,3331390,9258,1
2.173735,0.002023,1.994616,198.885239,3346410,9259,2
2.177767,0.004032,1.993358,198.761916,3344300,9261,1
2.179789,0.002022,1.987451,198.182848,3334390,9262,1
2.181805,0.002016,1.981086,197.558881,3323710,9263,1
2.183828,0.002023,1.98127,197.576919,3324020,9264,2
2.18786,0.004032,1.979721,197.425069,3321420,9266,1
2.189876,0.002016,1.978356,197.291257,3319130,9267,1
2.191898,0.002022,1.977062,197.164405,3316960,9268,1
2.193914,0.002016,1.984984,197.941006,3330250,9269,1
2.195937,0.002023,1.988828,198.317836,3336700,9270,2
2.199969,0.004032,1.988554,198.290976,3336240,9272,1
2.201991,0.002022,1.988184,198.254704,3335620,9273,1
2.204007,0.002016,1.98046,197.497514,3322660,9274,1
2.206023,0.002016,1.975691,197.030004,3314660,9275,2
2.210061,0.004038,1.989698,198.403123,3338160,9277,1
2.212077,0.002016,1.984602,197.903558,3329610,9278,1
2.2141,0.002023,1.980895,197.540157,3323390,9279,1
2.216116,0.002016,1.983255,197.77151,3327350,9280,2
2.220154,0.004038,1.976639,197.122938,3316250,9282,1
2.22217,0.002016,1.987636,198.200984,3334700,9283,1
2.224186,0.002016,1.985413,197.983061,3330970,9284,1
2.226208,0.002022,1.980108,197.463007,3322070,9285,2
2.23024,0.004032,1.980954,197.545941,3323490,9287,1
2.232263,0.002023,1.976717,197.130584,3316380,9288,1
2.234279,0.002016,1.981223,197.572311,3323940,9289,1
2.236295,0.002016,1.986605,198.099914,3332970,9290,1
2.238317,0.002022,1.976067,197.066864,3315290,9291,2
2.242349,0.004032,1.981491,197.598584,3324390,9293,1
2.244372,0.002023,1.99008,198.440571,3338800,9294,1
2.246388,0.002016,1.987559,198.193435,3334570,9295,1
2.248404,0.002016,1.984346,197.878462,3329180,9296,2
2.252442,0.004038,1.981103,197.560548,3323740,9298,1
2.254458,0.002016,1.986879,198.126774,3333430,9299,1
2.25648,0.002022,1.983315,197.777392,3327450,9300,1
2.258496,0.002016,1.978779,197.332724,3319840,9301,2
2.262535,0.004039,1.991153,198.545758,3340600,9303,1
2.264551,0.002016,1.999241,199.338632,3354170,9304,1
2.266567,0.002016,1.988369,198.27284,3335930,9305,1
2.268589,0.002022,1.980501,197.501533,3322730,9306,2
2.272628,0.004039,1.983666,197.811801,3328040,9308,1
2.274644,0.002016,1.986343,198.07423,3332530,9309,1
2.27666,0.002016,1.990742,198.505468,3339910,9310,1
2.278676,0.002016,1.992506,198.678394,3342870,9311,2
2.282714,0.004038,1.986229,198.063054,3332340,9313,1
2.284736,0.002022,1.982033,197.651716,3325300,9314,1
2.286752,0.002016,1.984584,197.901793,3329580,9315,1
2.288768,0.002016,1.984036,197.848072,3328660,9316,1
2.290784,0.002016,1.979321,197.385857,3320750,9317,2
2.294823,0.004039,1.981854,197.634169,3325000,9319,1
2.296845,0.002022,1.98338,197.783764,3327560,9320,1
2.298861,0.002016,1.982558,197.703183,3326180,9321,1
2.300877,0.002016,1.976645,197.123526,3316260,9322,2
2.304916,0.004039,1.984078,197.85219,3328730,9324,1
2.306932,0.002016,1.986587,198.098149,3332940,9325,1
2.308954,0.002022,1.980805,197.531334,3323240,9326,1
2.31097,0.002016,1.981622,197.611426,3324610,9327,2
2.315008,0.004038,1.982927,197.739356,3326800,9329,1
2.317024,0.002016,1.9786,197.315176,3319540,9330,1
2.31904,0.002016,1.98049,197.500455,3322710,9331,1
2.321063,0.002023,1.979452,197.398699,3320970,9332,2
2.325095,0.004032,1.98198,197.646521,3325210,9334,1
2.327117,0.002022,1.982158,197.66397,3325510,9335,1
2.329133,0.002016,1.981127,197.5629,3323780,9336,1
2.331149,0.002016,1.988381,198.274017,3335950,9337,1
2.333172,0.002023,1.986134,198.053741,3332180,9338,2
2.337204,0.004032,1.985061,197.948554,3330380,9340,1
2.339226,0.002022,1.988679,198.30323,3336450,9341,1
2.341242,0.002016,1.991159,198.546346,3340610,9342,1
2.343258,0.002016,1.99331,198.757211,3344220,9343,2
2.347297,0.004039,1.989174,198.351755,3337280,9345,1
2.349312,0.002015,1.981795,197.628385,3324900,9346,1
2.351335,0.002023,1.988316,198.267645,3335840,9347,1
2.353351,0.002016,1.988077,198.244215,3335440,9348,2
2.357389,0.004038,1.983702,197.81533,3328100,9350,1
2.359405,0.002016,1.97829,197.284787,3319020,9351,1
2.361428,0.002023,1.987594,198.196866,3334630,9352,1
2.363444,0.002016,1.988101,198.246568,3335480,9353,2
2.367482,0.004038,1.984555,197.89895,3329530,9355,1
2.369498,0.002016,1.981944,197.642992,3325150,9356,1
2.371514,0.002016,1.991248,198.555071,3340760,9357,1
2.373536,0.002022,1.985776,198.018646,3331580,9358,1
2.375553,0.002017,1.989269,198.361068,3337440,9359,2
2.379591,0.004038,1.979697,197.422716,3321380,9361,1
2.381607,0.002016,1.981616,197.610838,3324600,9362,1
2.383623,0.002016,1.978517,197.30704,3319400,9363,1
2.385645,0.002022,1.979536,197.406933,3321110,9364,2
2.389684,0.004039,1.978171,197.273121,3318820,9366,1
2.3917,0.002016,1.992172,198.645652,3342310,9367,1
2.393716,0.002016,1.99635,199.055225,3349320,9368,1
2.395732,0.002016,1.995266,198.948959,3347500,9369,2
2.39977,0.004038,1.996428,199.062871,3349450,9371,1
2.401792,0.002022,1.989186,198.352931,3337300,9372,1
2.403808,0.002016,1.986182,198.058447,3332260,9373,1
2.405824,0.002016,1.988155,198.251862,3335570,9374,2
2.409863,0.004039,1.988781,198.313229,3336620,9376,1
2.411879,0.002016,2.001327,199.543125,3357670,9377,1
2.413901,0.002022,1.99796,199.213055,3352020,9378,1
2.415917,0.002016,1.988721,198.307347,3336520,9379,1
2.41794,0.002023,1.986045,198.045016,3332030,9380,2
2.421972,0.004032,1.986444,198.084131,3332700,9382,1
2.423994,0.002022,1.986432,198.082954,3332680,9383,1
2.42601,0.002016,1.990467,198.478509,3339450,9384,1
2.428026,0.002016,1.996869,199.106103,3350190,9385,2
2.432064,0.004038,1.999188,199.333436,3354080,9387,1
2.43408,0.002016,1.993054,198.732115,3343790,9388,1
2.436103,0.002023,1.987547,198.192259,3334550,9389,1
2.438119,0.002016,1.985389,197.980708,3330930,9390,2
2.442157,0.004038,1.984948,197.937476,3330190,9392,1
2.444173,0.002016,1.982665,197.713672,3326360,9393,1
2.446196,0.002023,1.983309,197.776804,3327440,9394,1
2.448212,0.002016,1.991016,198.532328,3340370,9395,2
2.45225,0.004038,1.988214,198.257645,3335670,9397,1
2.454266,0.002016,1.98856,198.291564,3336250,9398,1
2.456282,0.002016,1.990998,198.530563,3340340,9399,1
2.458304,0.002022,1.988924,198.327247,3336860,9400,2
2.462336,0.004032,1.986659,198.105207,3333060,9402,1
2.464359,0.002023,1.98558,197.999432,3331250,9403,1
2.466375,0.002016,1.987064,198.14491,3333740,9404,1
2.468397,0.002022,1.988351,198.271076,3335900,9405,1
2.470413,0.002016,1.99464,198.887592,3346450,9406,2
2.474452,0.004039,2.006161,200.017006,3365780,9408,1
2.476468,0.002016,2.004802,199.883782,3363500,9409,1
2.478484,0.002016,1.994669,198.890435,3346500,9410,1
2.480506,0.002022,1.98977,198.410181,3338280,9411,2
2.484538,0.004032,1.99821,199.237562,3352440,9413,1
2.486561,0.002023,1.985991,198.039723,3331940,9414,1
2.488577,0.002016,1.977682,197.225184,3318000,9415,1
2.490593,0.002016,1.986522,198.091777,3332830,9416,2
2.494631,0.004038,1.993692,198.794659,3344860,9418,1
2.496653,0.002022,2.000391,199.451368,3356100,9419,1
2.498669,0.002016,1.990312,198.463314,3339190,9420,1
2.500685,0.002016,1.992154,198.643887,3342280,9421,2
2.504724,0.004039,1.989627,198.396163,3338040,9423,1
2.50674,0.002016,1.987261,198.164222,3334070,9424,1
2.508762,0.002022,1.987475,198.185201,3334430,9425,1
2.510778,0.002016,1.978684,197.323411,3319680,9426,1
2.512794,0.002016,1.983231,197.769157,3327310,9427,2
2.516832,0.004038,1.993585,198.784169,3344680,9429,1
2.518848,0.002016,1.989675,198.400869,3338120,9430,1
2.520871,0.002023,1.992279,198.656141,3342490,9431,1
2.522887,0.002016,1.990742,198.505468,3339910,9432,2
2.526925,0.004038,1.991475,198.577324,3341140,9434,1
2.528941,0.002016,1.988822,198.317248,3336690,9435,1
2.530964,0.002023,1.974762,196.938934,3313100,9436,1
2.53298,0.002016,1.980889,197.539569,3323380,9437,2
2.537012,0.004032,1.98698,198.136675,3333600,9439,1
2.539034,0.002022,1.982933,197.739944,3326810,9440,1
2.54105,0.002016,1.991713,198.600656,3341540,9441,1
2.543072,0.002022,1.988536,198.289211,3336210,9442,2
2.547104,0.004032,1.993561,198.781817,3344640,9444,1
2.54912,0.002016,1.98856,198.291564,3336250,9445,1
2.551143,0.002023,1.99272,198.699373,3343230,9446,1
2.553159,0.002016,1.998687,199.284323,3353240,9447,1
2.555181,0.002022,1.995724,198.993857,3348270,9448,2
2.559213,0.004032,1.979828,197.435558,3321600,9450,1
2.561236,0.002023,1.986021,198.042664,3331990,9451,1
2.563252,0.002016,1.984543,197.897774,3329510,9452,1
2.565268,0.002016,1.984876,197.930418,3330070,9453,2
2.569306,0.004038,1.985526,197.994138,3331160,9455,1
2.571322,0.002016,1.989871,198.420083,3338450,9456,1
2.573344,0.002022,1.994586,198.882298,3346360,9457,1
2.57536,0.002016,1.982439,197.691517,3325980,9458,2
2.579399,0.004039,1.990217,198.454001,3339030,9460,1
2.581415,0.002016,1.995426,198.964644,3347770,9461,1
2.583431,0.002016,1.993507,198.776523,3344550,9462,1
2.585453,0.002022,1.990861,198.517133,3340110,9463,2
2.589485,0.004032,1.990986,198.529387,3340320,9465,1
2.591508,0.002023,1.991183,198.548699,3340650,9466,1
2.593524,0.002016,1.988667,198.302053,3336430,9467,1
2.595546,0.002022,1.984644,197.907675,3329680,9468,1
2.597562,0.002016,1.989841,198.417142,3338400,9469,2
2.601601,0.004039,1.993895,198.814559,3345200,9471,1
2.603616,0.002015,1.992667,198.694177,3343140,9472,1
2.605632,0.002016,1.990366,198.468608,3339280,9473,1
2.607655,0.002023,1.990569,198.488508,3339620,9474,2
2.611687,0.004032,1.997232,199.141688,3350800,9476,1
2.613709,0.002022,1.997268,199.145217,3350860,9477,1
2.615725,0.002016,1.989871,198.420083,3338450,9478,1
2.617741,0.002016,1.984066,197.851013,3328710,9479,2
2.62178,0.004039,2.000105,199.423331,3355620,9481,1
2.623802,0.002022,2.001661,199.575867,3358230,9482,1
2.625818,0.002016,1.995009,198.923765,3347070,9483,1
2.627834,0.002016,1.997739,199.19139,3351650,9484,2
2.631872,0.004038,2.000171,199.429801,3355730,9486,1
2.633888,0.002016,2.003366,199.74301,3361090,9487,1
2.635911,0.002023,1.995361,198.958272,3347660,9488,1
2.637927,0.002016,1.992947,198.721626,3343610,9489,2
2.641965,0.004038,1.988244,198.260586,3335720,9491,1
2.643981,0.002016,1.99104,198.534681,3340410,9492,1
2.646004,0.002023,1.987535,198.191082,3334530,9493,1
2.64802,0.002016,1.990938,198.524682,3340240,9494,1
2.650036,0.002016,1.995236,198.946018,3347450,9495,2
2.654074,0.004038,1.983261,197.772098,3327360,9497,1
2.65609,0.002016,1.985163,197.958553,3330550,9498,1
2.658112,0.002022,1.996726,199.092084,3349950,9499,1
2.660128,0.002016,2.00389,199.794378,3361970,9500,2
2.664167,0.004039,1.995635,198.985133,3348120,9502,1
2.666183,0.002016,1.992148,198.643299,3342270,9503,1
2.668199,0.002016,2.00491,199.894369,3363680,9504,1
2.670221,0.002022,2.000773,199.488815,3356740,9505,2
2.67426,0.004039,1.996261,199.0465,3349170,9507,1
2.676276,0.002016,1.988971,198.331855,3336940,9508,1
2.678292,0.002016,1.992351,198.663199,3342610,9509,1
2.680314,0.002022,1.990646,198.496057,3339750,9510,2
2.684346,0.004032,1.991844,198.613498,3341760,9512,1
2.686368,0.002022,1.994634,198.887004,3346440,9513,1
2.688384,0.002016,1.995736,198.995034,3348290,9514,1
2.6904,0.002016,1.998055,199.222367,3352180,9515,1
2.692423,0.002023,1.998609,199.276677,3353110,9516,2
2.696455,0.004032,1.996481,199.068067,3349540,9518,1
2.698477,0.002022,1.988387,198.274605,3335960,9519,1
2.700493,0.002016,1.98524,197.966101,3330680,9520,1
2.702516,0.002023,1.995182,198.940725,3347360,9521,2
2.706548,0.004032,1.989603,198.39381,3338000,9523,1
2.70857,0.002022,2.001214,199.532047,3357480,9524,1
2.710586,0.002016,2.003318,199.738304,3361010,9525,1
2.712602,0.002016,1.993537,198.779464,3344600,9526,2
2.71664,0.004038,1.995432,198.965232,3347780,9528,1
2.718657,0.002017,1.992834,198.710548,3343420,9529,1
2.720679,0.002022,1.992971,198.723978,3343650,9530,1
2.722695,0.002016,1.99455,198.878769,3346300,9531,2
2.726733,0.004038,1.998359,199.252169,3352690,9533,1
2.728749,0.002016,2.001768,199.586356,3358410,9534,1
2.730765,0.002016,1.99483,198.906218,3346770,9535,1
2.732788,0.002023,1.985925,198.033253,3331830,9536,1
2.734804,0.002016,1.981008,197.551235,3323580,9537,2
2.738842,0.004038,1.983494,197.79494,3327750,9539,1
2.740858,0.002016,1.995927,199.013758,3348610,9540,1
2.74288,0.002022,1.999468,199.360885,3354550,9541,1
2.744896,0.002016,1.997,199.118945,3350410,9542,2
2.748928,0.004032,1.996201,199.040618,3349070,9544,1
2.750951,0.002023,1.987982,198.234902,3335280,9545,1
2.752967,0.002016,1.995277,198.950038,3347520,9546,1
2.754989,0.002022,1.99635,199.055225,3349320,9547,2
2.759021,0.004032,1.991558,198.585461,3341280,9549,1
2.761044,0.002023,1.991123,198.542817,3340550,9550,1
2.76306,0.002016,2.000386,199.450878,3356090,9551,1
2.765076,0.002016,2.006972,200.096509,3367140,9552,2
2.769114,0.004038,2.001637,199.573514,3358190,9554,1
2.77113,0.002016,1.998419,199.258051,3352790,9555,1
2.773152,0.002022,1.992333,198.661435,3342580,9556,1
2.775168,0.002016,1.995832,199.004445,3348450,9557,2
2.779207,0.004039,2.003515,199.757616,3361340,9559,1
2.781223,0.002016,1.999688,199.382452,3354920,9560,1
2.783239,0.002016,1.995379,198.960037,3347690,9561,1
2.785261,0.002022,1.992577,198.685354,3342990,9562,1
2.787277,0.002016,1.994681,198.891611,3346520,9563,2
2.791316,0.004039,1.994997,198.922589,3347050,9565,1
2.793332,0.002016,1.994467,198.870633,3346160,9566,1
2.795348,0.002016,1.989108,198.345285,3337170,9567,1
2.79737,0.002022,1.994532,198.877005,3346270,9568,2
2.801408,0.004038,1.99753,199.170901,3351300,9570,1
2.803424,0.002016,1.996261,199.0465,3349170,9571,1
2.80544,0.002016,1.997316,199.149923,3350940,9572,1
2.807463,0.002023,1.996076,199.028364,3348860,9573,2
2.811495,0.004032,1.993936,198.818578,3345270,9575,1
2.813517,0.002022,1.996166,199.037187,3349010,9576,1
2.815533,0.002016,2.004033,199.808396,3362210,9577,1
2.817556,0.002023,1.993018,198.728586,3343730,9578,2
2.821588,0.004032,1.984942,197.936888,3330180,9580,1
2.82361,0.002022,1.997113,199.130022,3350600,9581,1
2.825626,0.002016,1.994145,198.839067,3345620,9582,1
2.827642,0.002016,1.99365,198.790541,3344790,9583,1
2.829664,0.002022,1.997727,199.190213,3351630,9584,2
2.833696,0.004032,1.995373,198.959449,3347680,9586,1
2.835719,0.002023,1.988471,198.282839,3336100,9587,1
2.837735,0.002016,2.000606,199.472444,3356460,9588,1
2.839751,0.002016,1.993072,198.73388,3343820,9589,2
2.843789,0.004038,1.988429,198.278722,3336030,9591,1
2.845805,0.002016,1.989043,198.338913,3337060,9592,1
2.847828,0.002023,1.997274,199.145805,3350870,9593,1
2.849844,0.002016,1.997119,199.130611,3350610,9594,2
2.853882,0.004038,2.001393,199.549595,3357780,9596,1
2.855898,0.002016,1.997405,199.158647,3351090,9597,1
2.857921,0.002023,2.002692,199.676937,3359960,9598,1
2.859937,0.002016,1.995403,198.96239,3347730,9599,2
2.863975,0.004038,1.996988,199.117769,3350390,9601,1
2.865991,0.002016,1.994467,198.870633,3346160,9602,1
2.868007,0.002016,1.995039,198.926706,3347120,9603,1
2.870029,0.002022,1.988125,198.248921,3335520,9604,1
2.872045,0.002016,1.9903,198.462138,3339170,9605,2
2.876084,0.004039,1.989752,198.408417,3338250,9607,1
2.8781,0.002016,1.992101,198.638691,3342190,9608,1
2.880116,0.002016,1.999104,199.325202,3353940,9609,1
2.882138,0.002022,2.004117,199.816631,3362350,9610,2
2.88617,0.004032,1.988554,198.290976,3336240,9612,1
2.888193,0.002023,1.993823,198.807501,3345080,9613,1
2.890209,0.002016,1.993412,198.76721,3344390,9614,1
2.892225,0.002016,1.998848,199.300106,3353510,9615,2
2.896263,0.004038,1.994801,198.903375,3346720,9617,1
2.898285,0.002022,1.995921,199.01317,3348600,9618,1
2.900301,0.002016,1.998735,199.289028,3353320,9619,1
2.902317,0.002016,1.996565,199.076301,3349680,9620,2
2.906356,0.004039,2.006477,200.047984,3366310,9622,1
2.908372,0.002016,2.009594,200.353546,3371540,9623,1
2.910394,0.002022,2.001905,199.599786,3358640,9624,1
2.91241,0.002016,1.995003,198.923177,3347060,9625,1
2.914426,0.002016,1.993126,198.739173,3343910,9626,2
2.918464,0.004038,1.991981,198.626928,3341990,9628,1
2.92048,0.002016,2.000409,199.453132,3356130,9629,1
2.922503,0.002023,2.002817,199.689191,3360170,9630,1
2.924519,0.002016,1.997733,199.190802,3351640,9631,2
2.928557,0.004038,1.994443,198.86828,3346120,9633,1
2.930573,0.002016,1.996362,199.056401,3349340,9634,1
2.932596,0.002023,2.001512,199.56126,3357980,9635,1
2.934612,0.002016,2.003604,199.766341,3361490,9636,2
2.93865,0.004038,2.002048,199.613805,3358880,9638,1
2.940666,0.002016,1.999438,199.357944,3354500,9639,1
2.942682,0.002016,2.008384,200.234929,3369510,9640,1
2.944704,0.002022,2.003437,199.74997,3361210,9641,2
2.948736,0.004032,1.999652,199.378923,3354860,9643,1
2.950759,0.002023,1.992077,198.636339,3342150,9644,1
2.952775,0.002016,1.995677,198.98925,3348190,9645,1
2.954797,0.002022,1.995033,198.926118,3347110,9646,2
2.958829,0.004032,2.000302,199.442643,3355950,9648,1
2.960852,0.002023,2.004802,199.883782,3363500,9649,1
2.962868,0.002016,1.996005,199.021404,3348740,9650,1
2.964884,0.002016,1.997864,199.203644,3351860,9651,1
2.966906,0.002022,2.00038,199.450289,3356080,9652,2
2.970938,0.004032,2.001137,199.524499,3357350,9654,1
2.972961,0.002023,2.003181,199.724874,3360780,9655,1
2.974977,0.002016,2.006406,200.041024,3366190,9656,1
2.976992,0.002015,2.009499,200.344233,3371380,9657,2
2.981031,0.004039,2.002096,199.61851,3358960,9659,1
2.983053,0.002022,1.996309,199.051206,3349250,9660,1
2.985069,0.002016,2.00426,199.830649,3362590,9661,1
2.987085,0.002016,2.006239,200.024652,3365910,9662,2
2.991124,0.004039,2.005893,199.990734,3365330,9664,1
2.99314,0.002016,2.000743,199.485875,3356690,9665,1
2.995162,0.002022,1.997936,199.210702,3351980,9666,1
2.997178,0.002016,2.006614,200.061414,3366540,9667,2
3.001217,0.004039,1.995921,199.01317,3348600,9669,1
3.003232,0.002015,1.994258,198.850144,3345810,9670,1
3.005248,0.002016,1.994801,198.903375,3346720,9671,1
3.007271,0.002023,1.99647,199.066989,3349520,9672,1
3.009287,0.002016,1.991791,198.608302,3341670,9673,2
3.013325,0.004038,1.997083,199.127081,3350550,9675,1
3.015341,0.002016,1.995581,198.979839,3348030,9676,1
3.017364,0.002023,2.006316,200.032201,3366040,9677,1
3.01938,0.002016,1.999694,199.38304,3354930,9678,2
3.023418,0.004038,1.987344,198.172359,3334210,9680,1
3.025434,0.002016,1.986921,198.130891,3333500,9681,1
3.02745,0.002016,1.989663,198.399692,3338100,9682,1
3.029472,0.002022,1.992375,198.665552,3342650,9683,2
3.033504,0.004032,1.996273,199.047676,3349190,9685,1
3.035527,0.002023,2.002162,199.62498,3359070,9686,1
3.037543,0.002016,2.008444,200.24081,3369610,9687,1
3.039565,0.002022,1.992995,198.726331,3343690,9688,2
3.043597,0.004032,1.989663,198.399692,3338100,9690,1
3.04562,0.002023,1.994938,198.916805,3346950,9691,1
3.047636,0.002016,1.99396,198.820931,3345310,9692,1
3.049652,0.002016,1.99033,198.465079,3339220,9693,1
3.051674,0.002022,2.000099,199.422743,3355610,9694,2
3.055712,0.004038,1.999748,199.388334,3355020,9696,1
3.057728,0.002016,2.002639,199.671741,3359870,9697,1
3.059744,0.002016,2.003288,199.735363,3360960,9698,1
3.061767,0.002023,2.000368,199.449113,3356060,9699,2
3.065799,0.004032,2.00054,199.465974,3356350,9701,1
3.067821,0.002022,2.002138,199.622628,3359030,9702,1
3.069837,0.002016,2.005929,199.994263,3365390,9703,1
3.07186,0.002023,2.007055,200.104646,3367280,9704,2
3.075892,0.004032,2.007437,200.142093,3367920,9706,1
3.077914,0.002022,1.999742,199.387746,3355010,9707,1
3.07993,0.002016,1.998884,199.303635,3353570,9708,1
3.081946,0.002016,1.994514,198.87524,3346240,9709,2
3.085984,0.004038,1.996774,199.09679,3350030,9711,1
3.088,0.002016,2.006286,200.02926,3365990,9712,1
3.090023,0.002023,2.000457,199.457838,3356210,9713,1
3.092039,0.002016,1.995802,199.001504,3348400,9714,1
3.094061,0.002022,1.993591,198.784758,3344690,9715,2
3.098093,0.004032,2.002865,199.693896,3360250,9717,1
3.100116,0.002023,2.003753,199.780948,3361740,9718,1
3.102132,0.002016,1.992363,198.664376,3342630,9719,1
3.104148,0.002016,1.999682,199.381864,3354910,9720,2
3.108186,0.004038,1.99942,199.35618,3354470,9722,1
3.110209,0.002023,2.005661,199.967991,3364940,9723,1
3.112225,0.002016,2.006173,200.018182,3365800,9724,1
3.11424,0.002015,1.998979,199.312948,3353730,9725,2
3.118279,0.004039,2.001226,199.533223,3357500,9727,1
3.120295,0.002016,1.998061,199.222956,3352190,9728,1
3.122317,0.002022,2.004528,199.856921,3363040,9729,1
3.124333,0.002016,2.005988,200.000047,3365490,9730,2
3.128372,0.004039,2.007347,200.133271,3367770,9732,1
3.130388,0.002016,2.003235,199.730168,3360870,9733,1
3.13241,0.002022,2.006346,200.035142,3366090,9734,1
3.134426,0.002016,2.004904,199.893781,3363670,9735,2
3.138465,0.004039,1.99759,199.176783,3351400,9737,1
3.14048,0.002015,1.991081,198.5387,3340480,9738,1
3.142496,0.002016,1.994044,198.829166,3345450,9739,1
3.144519,0.002023,1.996571,199.07689,3349690,9740,1
3.146535,0.002016,2.000022,199.415194,3355480,9741,2
3.150573,0.004038,2.002305,199.638999,3359310,9743,1
3.152589,0.002016,2.001989,199.608021,3358780,9744,1
3.154612,0.002023,2.006894,200.088863,3367010,9745,1
3.156628,0.002016,2.005684,199.970245,3364980,9746,2
3.160666,0.004038,2.003443,199.750558,3361220,9748,1
3.162682,0.002016,2.001643,199.574102,3358200,9749,1
3.164704,0.002022,2.002722,199.679878,3360010,9750,1
3.16672,0.002016,1.996917,199.110808,3350270,9751,2
3.170759,0.004039,1.992118,198.640358,3342220,9753,1
3.172775,0.002016,1.991975,198.62634,3341980,9754,1
3.174791,0.002016,2.005982,199.999458,3365480,9755,1
3.176813,0.002022,2.000797,199.491168,3356780,9756,2
3.180852,0.004039,1.992625,198.69006,3343070,9758,1
3.182868,0.002016,1.999915,199.404705,3355300,9759,1
3.184884,0.002016,1.996702,199.089732,3349910,9760,1
3.186906,0.002022,1.997578,199.175607,3351380,9761,1
3.188922,0.002016,2.012122,200.601368,3375780,9762,2
3.19296,0.004038,2.006739,200.073668,3366750,9764,1
3.194976,0.002016,2.003914,199.796731,3362010,9765,1
3.196992,0.002016,2.010894,200.480986,3373720,9766,1
3.199015,0.002023,2.000862,199.49754,3356890,9767,2
3.203053,0.004038,2.001578,199.56773,3358090,9769,1
3.205069,0.002016,2.00333,199.73948,3361030,9770,1
3.207085,0.002016,1.997423,199.160412,3351120,9771,1
3.209108,0.002023,2.001882,199.597532,3358600,9772,2
3.21314,0.004032,2.000022,199.415194,3355480,9774,1
3.215162,0.002022,1.99753,199.170901,3351300,9775,1
3.217178,0.002016,2.002007,199.609786,3358810,9776,1
3.219201,0.002023,1.997542,199.172078,3351320,9777,2
3.223233,0.004032,2.001244,199.534988,3357530,9779,1
3.225255,0.002022,2.004319,199.836433,3362690,9780,1
3.227271,0.002016,2.00513,199.915936,3364050,9781,1
3.229287,0.002016,2.003723,199.778007,3361690,9782,1
3.231309,0.002022,2.007896,200.18709,3368690,9783,2
3.235348,0.004039,2.002728,199.680466,3360020,9785,1
3.237364,0.002016,1.999855,199.398823,3355200,9786,1
3.23938,0.002016,2.004933,199.896624,3363720,9787,1
3.241402,0.002022,2.003074,199.714385,3360600,9788,2
3.245434,0.004032,2.001202,199.530871,3357460,9790,1
3.247456,0.002022,1.999635,199.377256,3354830,9791,1
3.249472,0.002016,2.003002,199.707326,3360480,9792,1
3.251488,0.002016,2.012026,200.591957,3375620,9793,2
3.255527,0.004039,2.010494,200.441774,3373050,9795,1
3.257543,0.002016,2.005357,199.938189,3364430,9796,1
3.259565,0.002022,1.998979,199.312948,3353730,9797,1
3.261581,0.002016,2.011299,200.520689,3374400,9798,2
3.26562,0.004039,2.006465,200.046807,3366290,9800,1
3.267636,0.002016,2.000302,199.442643,3355950,9801,1
3.269658,0.002022,2.001202,199.530871,3357460,9802,1
3.271674,0.002016,2.001011,199.512147,3357140,9803,1
3.273696,0.002022,2.00178,199.587533,3358430,9804,2
3.277728,0.004032,2.010506,200.44295,3373070,9806,1
3.279751,0.002023,2.009231,200.317961,3370930,9807,1
3.281767,0.002016,2.003253,199.731932,3360900,9808,1
3.283783,0.002016,2.004099,199.814866,3362320,9809,2
3.287821,0.004038,2.001476,199.557731,3357920,9811,1
3.289844,0.002023,1.998067,199.223544,3352200,9812,1
3.29186,0.002016,2.002454,199.653605,3359560,9813,1
3.293876,0.002016,1.998222,199.238739,3352460,9814,2
3.297914,0.004038,2.002746,199.68223,3360050,9816,1
3.29993,0.002016,2.016956,201.07525,3383890,9817,1
3.301952,0.002022,2.002406,199.6489,3359480,9818,1
3.303968,0.002016,2.002418,199.650076,3359500,9819,2
3.308007,0.004039,1.997668,199.18443,3351530,9821,1
3.310023,0.002016,1.994586,198.882298,3346360,9822,1
3.312045,0.002022,1.99669,199.088555,3349890,9823,1
3.314061,0.002016,2.002239,199.632529,3359200,9824,2
3.3181,0.004039,2.009994,200.392758,3372210,9826,1
3.320116,0.002016,2.005213,199.924073,3364190,9827,1
3.322132,0.002016,2.003556,199.761635,3361410,9828,1
3.324154,0.002022,2.006847,200.084255,3366930,9829,1
3.32617,0.002016,2.011943,200.583821,3375480,9830,2
3.330208,0.004038,2.005517,199.953874,3364700,9832,1
3.332224,0.002016,2.001268,199.537341,3357570,9833,1
3.334247,0.002023,1.999688,199.382452,3354920,9834,1
3.336263,0.002016,2.00277,199.684583,3360090,9835,2
3.340301,0.004038,2.003932,199.798495,3362040,9837,1
3.342317,0.002016,2.005982,199.999458,3365480,9838,1
3.34434,0.002023,2.011931,200.582644,3375460,9839,1
3.346356,0.002016,2.01416,200.801155,3379200,9840,2
3.350394,0.004038,2.000546,199.466562,3356360,9842,1
3.35241,0.002016,1.998436,199.259717,3352820,9843,1
3.354426,0.002016,2.000237,199.436271,3355840,9844,1
3.356448,0.002022,2.005798,199.981421,3365170,9845,2
3.36048,0.004032,1.998723,199.287852,3353300,9847,1
3.362503,0.002023,2.000213,199.433918,3355800,9848,1
3.364519,0.002016,1.99939,199.353239,3354420,9849,1
3.366541,0.002022,1.998842,199.299518,3353500,9850,1
3.368557,0.002016,2.006501,200.050336,3366350,9851,2
3.372596,0.004039,1.999152,199.329907,3354020,9853,1
3.374612,0.002016,1.996863,199.105515,3350180,9854,1
3.376628,0.002016,1.996195,199.04003,3349060,9855,1
3.37865,0.002022,1.997972,199.214231,3352040,9856,2
3.382688,0.004038,1.995969,199.017875,3348680,9858,1
3.384704,0.002016,1.996511,199.071008,3349590,9859,1
3.38672,0.002016,2.001685,199.57822,3358270,9860,1
3.388743,0.002023,2.004546,199.858686,3363070,9861,2
3.392775,0.004032,1.998568,199.272657,3353040,9863,1
3.394797,0.002022,2.006453,200.045631,3366270,9864,1
3.396813,0.002016,2.008289,200.225616,3369350,9865,1
3.398836,0.002023,2.007651,200.163072,3368280,9866,2
3.402868,0.004032,2.003837,199.789182,3361880,9868,1
3.404884,0.002016,2.006304,200.031024,3366020,9869,1
3.406906,0.002022,2.009094,200.304531,3370700,9870,1
3.408922,0.002016,2.006888,200.088274,3367000,9871,1
3.410945,0.002023,2.003068,199.713796,3360590,9872,2
3.414977,0.004032,2.006662,200.066119,3366620,9874,1
3.416999,0.002022,2.00578,199.979656,3365140,9875,1
3.419015,0.002016,2.011466,200.53706,3374680,9876,1
3.421037,0.002022,2.014583,200.842622,3379910,9877,2
3.425069,0.004032,2.010989,200.490299,3373880,9879,1
3.427092,0.002023,2.005172,199.920053,3364120,9880,1
3.429108,0.002016,1.993477,198.773582,3344500,9881,1
3.431124,0.002016,1.992476,198.675453,3342820,9882,2
3.435162,0.004038,1.992589,198.686531,3343010,9884,1
3.437184,0.002022,2.001727,199.582337,3358340,9885,1
3.4392,0.002016,2.001256,199.536164,3357550,9886,1
3.441216,0.002016,2.002579,199.665859,3359770,9887,2
3.445255,0.004039,1.997316,199.149923,3350940,9889,1
3.447271,0.002016,1.989263,198.36048,3337430,9890,1
3.449293,0.002022,2.007496,200.147877,3368020,9891,1
3.451309,0.002016,2.011442,200.534707,3374640,9892,1
3.453332,0.002023,2.007788,200.176502,3368510,9893,2
3.457364,0.004032,2.003592,199.765165,3361470,9895,1
3.459386,0.002022,2.001214,199.532047,3357480,9896,1
3.461402,0.002016,2.007693,200.167189,3368350,9897,1
3.463418,0.002016,2.005893,199.990734,3365330,9898,2
3.467456,0.004038,2.010226,200.415502,3372600,9900,1
3.469472,0.002016,2.004021,199.80722,3362190,9901,1
3.471495,0.002023,2.001935,199.602727,3358690,9902,1
3.473511,0.002016,1.999897,199.40294,3355270,9903,2
3.477549,0.004038,2.008814,200.277082,3370230,9905,1
3.479565,0.002016,2.003455,199.751734,3361240,9906,1
3.481588,0.002023,2.011436,200.534119,3374630,9907,1
3.483604,0.002016,2.010691,200.461086,3373380,9908,2
3.487642,0.004038,2.002668,199.674584,3359920,9910,1
3.489658,0.002016,2.001423,199.552536,3357830,9911,1
3.491674,0.002016,2.012086,200.597839,3375720,9912,1
3.493696,0.002022,2.009946,200.388053,3372130,9913,2
3.497728,0.004032,2.008182,200.215126,3369170,9915,1
3.499751,0.002023,2.002466,199.654782,3359580,9916,1
3.501767,0.002016,2.00339,199.745362,3361130,9917,1
3.503789,0.002022,2.003318,199.738304,3361010,9918,1
3.505805,0.002016,2.006441,200.044455,3366250,9919,2
3.509844,0.004039,2.002341,199.642528,3359370,9921,1
3.51186,0.002016,2.004987,199.901918,3363810,9922,1
3.513876,0.002016,2.003622,199.768105,3361520,9923,1
3.515898,0.002022,2.006513,200.051513,3366370,9924,2
3.519937,0.004039,1.99858,199.273834,3353060,9926,1
3.521953,0.002016,1.999813,199.394706,3355130,9927,1
3.523969,0.002016,2.013886,200.774295,3378740,9928,1
3.525991,0.002022,2.013236,200.710575,3377650,9929,2
3.530023,0.004032,2.005219,199.924661,3364200,9931,1
3.532045,0.002022,2.004343,199.838786,3362730,9932,1
3.534061,0.002016,2.003163,199.723109,3360750,9933,1
3.536084,0.002023,2.000821,199.493521,3356820,9934,2
3.540116,0.004032,1.997352,199.153452,3351000,9936,1
3.542138,0.002022,2.003431,199.749382,3361200,9937,1
3.544154,0.002016,2.003795,199.785065,3361810,9938,1
3.546176,0.002022,2.009273,200.322078,3371000,9939,1
3.548192,0.002016,2.00904,200.299237,3370610,9940,2
3.552231,0.004039,2.005148,199.917701,3364080,9942,1
3.554247,0.002016,2.004004,199.805553,3362160,9943,1
3.556263,0.002016,2.008271,200.223851,3369320,9944,1
3.558285,0.002022,2.004737,199.87741,3363390,9945,2
3.562324,0.004039,2.012014,200.590781,3375600,9947,1
3.56434,0.002016,2.023351,201.702157,3394620,9948,1
3.566368,0.002028,2.023,201.667748,3394030,9949,1
3.568378,0.00201,2.013922,200.777824,3378800,9950,2
3.57241,0.004032,2.008122,200.209245,3369070,9952,1
3.574432,0.002022,2.004325,199.837021,3362700,9953,1
3.576448,0.002016,2.002352,199.643606,3359390,9954,1
3.578465,0.002017,2.004468,199.85104,3362940,9955,2
3.582503,0.004038,2.00429,199.83359,3362640,9957,1
3.584519,0.002016,2.015609,200.943202,3381630,9958,1
3.586541,0.002022,2.022177,201.587069,3392650,9959,1
3.588557,0.002016,2.014172,200.802331,3379220,9960,1
3.59058,0.002023,2.00538,199.940444,3364470,9961,2
3.594612,0.004032,2.008194,200.216303,3369190,9963,1
3.596634,0.002022,2.004027,199.807808,3362200,9964,1
3.59865,0.002016,2.004552,199.859274,3363080,9965,1
3.600666,0.002016,2.00125,199.535576,3357540,9966,2
3.604704,0.004038,2.00246,199.654194,3359570,9968,1
3.60672,0.002016,2.016252,201.006236,3382710,9969,1
3.608743,0.002023,2.018577,201.234158,3386610,9970,1
3.610759,0.002016,2.020502,201.422867,3389840,9971,2
3.614797,0.004038,2.01683,201.062898,3383680,9973,1
3.616813,0.002016,2.011156,200.50667,3374160,9974,1
3.618836,0.002023,2.007508,200.149054,3368040,9975,1
3.620852,0.002016,2.018362,201.213081,3386250,9976,2
3.62489,0.004038,2.012813,200.669108,3376940,9978,1
3.626906,0.002016,2.009743,200.368153,3371790,9979,1
3.628922,0.002016,2.001297,199.540184,3357620,9980,1
3.630944,0.002022,2.008808,200.276494,3370220,9981,1
3.632961,0.002017,2.013922,200.777824,3378800,9982,2
3.636999,0.004038,2.012652,200.653325,3376670,9984,1
3.639015,0.002016,2.015203,200.903401,3380950,9985,1
3.641037,0.002022,2.007729,200.170718,3368410,9986,1
3.643053,0.002016,2.005434,199.945737,3364560,9987,2
3.647092,0.004039,2.011758,200.565685,3375170,9989,1
3.649108,0.002016,2.014154,200.800567,3379190,9990,1
3.651124,0.002016,2.005315,199.934072,3364360,9991,1
3.653146,0.002022,2.014321,200.816938,3379470,9992,2
3.657185,0.004039,2.021378,201.508742,3391310,9994,1
3.659201,0.002016,2.019763,201.350422,3388600,9995,1
3.661217,0.002016,2.011889,200.578527,3375390,9996,1
3.663239,0.002022,2.008033,200.20052,3368920,9997,2
3.667277,0.004038,2.015162,200.899382,3380880,9999,1
3.669293,0.002016,2.010262,200.419031,3372660,10000,1
3.671309,0.002016,2.008361,200.232674,3369470,10001,1
3.673332,0.002023,2.011234,200.514317,3374290,10002,2
3.677364,0.004032,2.013057,200.693027,3377350,10004,1
3.679386,0.002022,2.011901,200.579703,3375410,10005,1
3.681402,0.002016,2.018666,201.242882,3386760,10006,1
3.683424,0.002022,2.019721,201.346305,3388530,10007,1
3.68544,0.002016,2.015656,200.947809,3381710,10008,2
3.689479,0.004039,2.008349,200.231498,3369450,10010,1
3.691495,0.002016,2.010328,200.425501,3372770,10011,1
3.693511,0.002016,2.002275,199.636058,3359260,10012,1
3.695533,0.002022,2.005357,199.938189,3364430,10013,2
3.699565,0.004032,2.005136,199.916524,3364060,10015,1
3.701588,0.002023,2.009946,200.388053,3372130,10016,1
3.703604,0.002016,2.006662,200.066119,3366620,10017,1
3.70562,0.002016,2.006793,200.078961,3366840,10018,2
3.709658,0.004038,2.000397,199.451956,3356110,10020,1
3.71168,0.002022,2.013469,200.733416,3378040,10021,1
3.713696,0.002016,2.01996,201.369734,3388930,10022,1
3.715712,0.002016,2.011216,200.512552,3374260,10023,2
3.719751,0.004039,2.006143,200.015241,3365750,10025,1
3.721767,0.002016,2.004164,199.821238,3362430,10026,1
3.723789,0.002022,2.010739,200.465791,3373460,10027,1
3.725805,0.002016,2.010292,200.421972,3372710,10028,1
3.727821,0.002016,2.013946,200.780177,3378840,10029,2
3.73186,0.004039,2.011788,200.568626,3375220,10031,1
3.733876,0.002016,2.00969,200.362957,3371700,10032,1
3.735898,0.002022,2.02049,201.421691,3389820,10033,1
3.737914,0.002016,2.019781,201.352187,3388630,10034,2
3.741953,0.004039,2.013326,200.719397,3377800,10036,1
3.743968,0.002015,2.010119,200.405012,3372420,10037,1
3.745991,0.002023,2.016836,201.063486,3383690,10038,1
3.748007,0.002016,2.011418,200.532354,3374600,10039,2
3.752045,0.004038,2.019626,201.336992,3388370,10041,1
3.754061,0.002016,2.013141,200.701262,3377490,10042,1
3.756077,0.002016,2.007383,200.1368,3367830,10043,1
3.7581,0.002023,2.014852,200.868993,3380360,10044,2
3.762132,0.004032,2.011776,200.567449,3375200,10046,1
3.764154,0.002022,2.011806,200.57039,3375250,10047,1
3.76617,0.002016,2.017289,201.107894,3384450,10048,1
3.768192,0.002022,2.007592,200.157288,3368180,10049,1
3.770208,0.002016,2.009517,200.345998,3371410,10050,2
3.774247,0.004039,2.001482,199.558319,3357930,10052,1
3.776263,0.002016,2.0082,200.216891,3369200,10053,1
3.778279,0.002016,2.015316,200.914479,3381140,10054,1
3.780301,0.002022,2.019322,201.307191,3387860,10055,2
3.78434,0.004039,2.023417,201.708627,3394730,10057,1
3.786356,0.002016,2.019787,201.352775,3388640,10058,1
3.788372,0.002016,2.018988,201.274448,3387300,10059,1
3.790394,0.002022,2.010423,200.434814,3372930,10060,2
3.794426,0.004032,2.017629,201.141224,3385020,10062,1
3.796448,0.002022,2.025926,201.954587,3398940,10063,1
3.798464,0.002016,2.012318,200.620582,3376110,10064,1
3.80048,0.002016,2.006334,200.033965,3366070,10065,2
3.804519,0.004039,2.020872,201.459139,3390460,10067,1
3.806541,0.002022,2.012426,200.63117,3376290,10068,1
3.808557,0.002016,2.012569,200.645188,3376530,10069,1
3.810573,0.002016,2.020353,201.40826,3389590,10070,1
3.812596,0.002023,2.015686,200.95075,3381760,10071,2
3.816628,0.004032,2.021486,201.519329,3391490,10073,1
3.81865,0.002022,2.01844,201.220727,3386380,10074,1
3.820666,0.002016,2.015787,200.960651,3381930,10075,1
3.822682,0.002016,2.014494,200.833897,3379760,10076,2
3.82672,0.004038,2.018178,201.195043,3385940,10078,1
3.828736,0.002016,2.023357,201.702745,3394630,10079,1
3.830759,0.002023,2.018803,201.256313,3386990,10080,1
3.832775,0.002016,2.017921,201.169849,3385510,10081,2
3.836813,0.004038,2.015829,200.964769,3382000,10083,1
3.838829,0.002016,2.018756,201.251705,3386910,10084,1
3.840852,0.002023,2.013153,200.702438,3377510,10085,1
3.842868,0.002016,2.018517,201.228276,3386510,10086,2
3.846906,0.004038,2.021325,201.503547,3391220,10088,1
3.848922,0.002016,2.016044,200.985845,3382360,10089,1
3.850938,0.002016,2.014232,200.808213,3379320,10090,1
3.85296,0.002022,2.00991,200.384524,3372070,10091,2
3.856992,0.004032,2.020144,201.387772,3389240,10093,1
3.859015,0.002023,2.015191,200.902225,3380930,10094,1
3.861031,0.002016,2.019584,201.332875,3388300,10095,1
3.863053,0.002022,2.027094,202.069087,3400900,10096,1
3.865069,0.002016,2.016163,200.997511,3382560,10097,2
3.869108,0.004039,2.016741,201.054173,3383530,10099,1
3.871124,0.002016,2.020931,201.464922,3390560,10100,1
3.87314,0.002016,2.019632,201.33758,3388380,10101,1
3.875162,0.002022,2.024525,201.817245,3396590,10102,2
3.879194,0.004032,2.027464,202.105358,3401520,10104,1
3.881216,0.002022,2.020454,201.418162,3389760,10105,1
3.883233,0.002017,2.018481,201.224747,3386450,10106,1
3.885248,0.002015,2.013427,200.729298,3377970,10107,2
3.889287,0.004039,2.018392,201.216022,3386300,10109,1
3.891309,0.002022,2.022374,201.606381,3392980,10110,1
3.893325,0.002016,2.016217,201.002805,3382650,10111,1
3.895341,0.002016,2.018815,201.257489,3387010,10112,2
3.89938,0.004039,2.010745,200.46638,3373470,10114,1
3.901396,0.002016,2.01596,200.977611,3382220,10115,1
3.903418,0.002022,2.00879,200.274729,3370190,10116,1
3.905434,0.002016,2.018446,201.221316,3386390,10117,1
3.90745,0.002016,2.020687,201.441003,3390150,10118,2
3.911488,0.004038,2.023453,201.712156,3394790,10120,1
3.913505,0.002017,2.02356,201.722646,3394970,10121,1
3.915527,0.002022,2.014846,200.868404,3380350,10122,1
3.917543,0.002016,2.014565,200.840858,3379880,10123,2
3.921581,0.004038,2.013838,200.769589,3378660,10125,1
3.923597,0.002016,2.006978,200.097097,3367150,10126,1
3.925613,0.002016,2.010512,200.443538,3373080,10127,1
3.927636,0.002023,2.016056,200.987022,3382380,10128,2
3.931674,0.004038,2.014512,200.835662,3379790,10130,1
3.93369,0.002016,2.017289,201.107894,3384450,10131,1
3.935706,0.002016,2.023077,201.675297,3394160,10132,1
3.937728,0.002022,2.01773,201.151125,3385190,10133,2
3.94176,0.004032,2.018666,201.242882,3386760,10135,1
3.943783,0.002023,2.01785,201.162889,3385390,10136,1
3.945799,0.002016,2.013117,200.698909,3377450,10137,1
3.947815,0.002016,2.016824,201.062309,3383670,10138,1
3.949837,0.002022,2.01543,200.925654,3381330,10139,2
3.953876,0.004039,2.025145,201.878025,3397630,10141,1
3.955892,0.002016,2.016771,201.057114,3383580,10142,1
3.957908,0.002016,2.01667,201.047213,3383410,10143,1
3.95993,0.002022,2.015817,200.963592,3381980,10144,2
3.963962,0.004032,2.012354,200.624111,3376170,10146,1
3.965984,0.002022,2.006608,200.060826,3366530,10147,1
3.968,0.002016,2.010047,200.397954,3372300,10148,1
3.970016,0.002016,2.012378,200.626464,3376210,10149,2
3.974058,0.004042,2.021182,201.489528,3390980,10151,1
3.976074,0.002016,2.02812,202.169666,3402620,10152,1
3.97809,0.002016,2.030051,202.358964,3405860,10153,1
3.980112,0.002022,2.027392,202.0983,3401400,10154,2
3.984144,0.004032,2.015817,200.963592,3381980,10156,1
3.986167,0.002023,2.012593,200.647541,3376570,10157,1
3.988183,0.002016,2.014387,200.823408,3379580,10158,1
3.990199,0.002016,2.017474,201.12603,3384760,10159,1
3.992221,0.002022,2.020758,201.447963,3390270,10160,2
3.99626,0.004039,2.023464,201.713235,3394810,10162,1
3.998276,0.002016,2.009326,200.327274,3371090,10163,1
4.000292,0.002016,2.011877,200.577351,3375370,10164,1
4.002308,0.002016,2.016181,200.999276,3382590,10165,2
4.006346,0.004038,2.015841,200.965945,3382020,10167,1
4.008369,0.002023,2.017015,201.081033,3383990,10168,1
4.010384,0.002015,2.012736,200.661559,3376810,10169,1
4.012401,0.002017,2.010846,200.476281,3373640,10170,2
4.016439,0.004038,2.014118,200.797038,3379130,10172,1
4.018455,0.002016,2.018493,201.225923,3386470,10173,1
4.020477,0.002022,2.013916,200.777236,3378790,10174,1
4.022493,0.002016,2.021754,201.545602,3391940,10175,2
4.026532,0.004039,2.023774,201.743624,3395330,10177,1
4.028548,0.002016,2.01667,201.047213,3383410,10178,1
4.030564,0.002016,2.009428,200.337273,3371260,10179,1
4.032586,0.002022,2.02446,201.810873,3396480,10180,2
4.036624,0.004038,2.024037,201.769406,3395770,10182,1
4.03864,0.002016,2.025527,201.915472,3398270,10183,1
4.040656,0.002016,2.022952,201.663043,3393950,10184,1
4.042679,0.002023,2.020174,201.390713,3389290,10185,1
4.044695,0.002016,2.022654,201.63383,3393450,10186,2
4.048733,0.004038,2.019727,201.346893,3388540,10188,1
4.050749,0.002016,2.029037,202.259561,3404160,10189,1
4.052765,0.002016,2.028292,202.186528,3402910,10190,1
4.054788,0.002023,2.019864,201.360323,3388770,10191,2
4.05882,0.004032,2.022588,201.62736,3393340,10193,1
4.060842,0.002022,2.020222,201.395418,3389370,10194,1
4.062858,0.002016,2.020776,201.449728,3390300,10195,1
4.06488,0.002022,2.01565,200.947221,3381700,10196,2
4.068912,0.004032,2.024263,201.791561,3396150,10198,1
4.070935,0.002023,2.024323,201.797443,3396250,10199,1
4.072951,0.002016,2.022761,201.644319,3393630,10200,1
4.074967,0.002016,2.018631,201.239451,3386700,10201,2
4.079005,0.004038,2.020329,201.405908,3389550,10203,1
4.081021,0.002016,2.026713,202.031737,3400260,10204,1
4.083044,0.002023,2.029687,202.323281,3405250,10205,1
4.08506,0.002016,2.026409,202.001936,3399750,10206,1
4.087076,0.002016,2.019477,201.322385,3388120,10207,2
4.091114,0.004038,2.013683,200.754394,3378400,10209,1
4.093136,0.002022,2.024126,201.778131,3395920,10210,1
4.095152,0.002016,2.033812,202.727658,3412170,10211,1
4.097168,0.002016,2.027613,202.119965,3401770,10212,2
4.101207,0.004039,2.026564,202.01713,3400010,10214,1
4.103223,0.002016,2.028382,202.195351,3403060,10215,1
4.105245,0.002022,2.028555,202.21231,3403350,10216,1
4.107261,0.002016,2.023035,201.671179,3394090,10217,2
4.1113,0.004039,2.013695,200.755571,3378420,10219,1
4.113316,0.002016,2.009767,200.370505,3371830,10220,1
4.115332,0.002016,2.017832,201.161125,3385360,10221,1
4.117354,0.002022,2.017158,201.095052,3384230,10222,2
4.121392,0.004038,2.015376,200.920361,3381240,10224,1
4.123408,0.002016,2.022654,201.63383,3393450,10225,1
4.125424,0.002016,2.020997,201.471392,3390670,10226,1
4.127447,0.002023,2.022612,201.629712,3393380,10227,1
4.129463,0.002016,2.016366,201.017411,3382900,10228,2
4.133501,0.004038,2.015734,200.955456,3381840,10230,1
4.135517,0.002016,2.014148,200.799979,3379180,10231,1
4.137533,0.002016,2.018189,201.196122,3385960,10232,1
4.139556,0.002023,2.004248,199.829473,3362570,10233,2
4.143588,0.004032,2.014214,200.806449,3379290,10235,1
4.14561,0.002022,2.024156,201.781072,3395970,10236,1
4.147626,0.002016,2.020735,201.445708,3390230,10237,1
4.149649,0.002023,2.006602,200.060238,3366520,10238,2
4.15368,0.004031,2.011329,200.52363,3374450,10240,1
4.155697,0.002017,2.015036,200.88703,3380670,10241,1
4.157719,0.002022,2.020311,201.404143,3389520,10242,1
4.159735,0.002016,2.024102,201.775778,3395880,10243,2
4.163773,0.004038,2.027583,202.117024,3401720,10245,1
4.165789,0.002016,2.03107,202.458858,3407570,10246,1
4.167812,0.002023,2.021259,201.497076,3391110,10247,1
4.169828,0.002016,2.024627,201.827245,3396760,10248,2
4.173866,0.004038,2.022082,201.577756,3392490,10250,1
4.175882,0.002016,2.021629,201.533348,3391730,10251,1
4.177898,0.002016,2.023542,201.720881,3394940,10252,1
4.17992,0.002022,2.02595,201.956939,3398980,10253,1
4.181936,0.002016,2.029902,202.344358,3405610,10254,2
4.185975,0.004039,2.018023,201.179848,3385680,10256,1
4.187991,0.002016,2.020019,201.375518,3389030,10257,1
4.190013,0.002022,2.027804,202.138689,3402090,10258,1
4.192029,0.002016,2.025729,201.935275,3398610,10259,2
4.196068,0.004039,2.021438,201.514624,3391410,10261,1
4.198084,0.002016,2.02688,202.048108,3400540,10262,1
4.2001,0.002016,2.0199,201.363852,3388830,10263,1
4.202122,0.002022,2.019197,201.294937,3387650,10264,2
4.206154,0.004032,2.02949,202.303969,3404920,10266,1
4.208176,0.002022,2.029645,202.319164,3405180,10267,1
4.210192,0.002016,2.022696,201.637947,3393520,10268,1
4.212208,0.002016,2.018297,201.206709,3386140,10269,2
4.216247,0.004039,2.024984,201.862242,3397360,10271,1
4.218263,0.002016,2.029419,202.297009,3404800,10272,1
4.220285,0.002022,2.025431,201.906061,3398110,10273,1
4.222301,0.002016,2.022922,201.660102,3393900,10274,1
4.224324,0.002023,2.02263,201.631477,3393410,10275,2
4.228356,0.004032,2.021426,201.513448,3391390,10277,1
4.230372,0.002016,2.027231,202.082517,3401130,10278,1
4.232394,0.002022,2.018291,201.206121,3386130,10279,1
4.23441,0.002016,2.013749,200.760864,3378510,10280,2
4.238448,0.004038,2.015597,200.942026,3381610,10282,1
4.240464,0.002016,2.01537,200.919773,3381230,10283,1
4.242487,0.002023,2.019215,201.296701,3387680,10284,1
4.244503,0.002016,2.015948,200.976434,3382200,10285,2
4.248541,0.004038,2.013016,200.689008,3377280,10287,1
4.250557,0.002016,2.02508,201.871653,3397520,10288,1
4.25258,0.002023,2.018541,201.230628,3386550,10289,1
4.254596,0.002016,2.028453,202.202311,3403180,10290,2
4.258634,0.004038,2.024055,201.771171,3395800,10292,1
4.26065,0.002016,2.025247,201.888024,3397800,10293,1
4.262666,0.002016,2.023196,201.686962,3394360,10294,1
4.264689,0.002023,2.028173,202.174862,3402710,10295,1
4.266704,0.002015,2.031124,202.464151,3407660,10296,2
4.270743,0.004039,2.026016,201.963409,3399090,10298,1
4.272759,0.002016,2.017683,201.146518,3385110,10299,1
4.274775,0.002016,2.025747,201.937039,3398640,10300,1
4.276797,0.002022,2.025217,201.885083,3397750,10301,2
4.280829,0.004032,2.021843,201.554327,3392090,10303,1
4.282852,0.002023,2.017468,201.125441,3384750,10304,1
4.284868,0.002016,2.018738,201.249941,3386880,10305,1
4.28689,0.002022,2.023304,201.69755,3394540,10306,2
4.290922,0.004032,2.019227,201.297878,3387700,10308,1
4.292944,0.002022,2.015567,200.939085,3381560,10309,1
4.29496,0.002016,2.017277,201.106717,3384430,10310,1
4.296976,0.002016,2.025253,201.888612,3397810,10311,2
4.301015,0.004039,2.01928,201.303073,3387790,10313,1
4.303031,0.002016,2.019715,201.345717,3388520,10314,1
4.305053,0.002022,2.025199,201.883318,3397720,10315,1
4.307069,0.002016,2.018964,201.272096,3387260,10316,1
4.309092,0.002023,2.023047,201.672356,3394110,10317,2
4.313124,0.004032,2.021456,201.516389,3391440,10319,1
4.315146,0.002022,2.021533,201.523937,3391570,10320,1
4.317162,0.002016,2.024972,201.861065,3397340,10321,1
4.319178,0.002016,2.025539,201.916649,3398290,10322,2
4.323216,0.004038,2.022368,201.605793,3392970,10324,1
4.325232,0.002016,2.026731,202.033502,3400290,10325,1
4.327255,0.002023,2.032846,202.632961,3410550,10326,1
4.329271,0.002016,2.018762,201.252293,3386920,10327,2
4.333309,0.004038,2.019799,201.353951,3388660,10329,1
4.335325,0.002016,2.019566,201.33111,3388270,10330,1
4.337348,0.002023,2.01869,201.245235,3386800,10331,1
4.339364,0.002016,2.031046,202.456505,3407530,10332,2
4.343402,0.004038,2.022678,201.636182,3393490,10334,1
4.345418,0.002016,2.022809,201.649024,3393710,10335,1
4.347434,0.002016,2.030343,202.387589,3406350,10336,1
4.349456,0.002022,2.030325,202.385825,3406320,10337,2
4.353488,0.004032,2.028668,202.223387,3403540,10339,1
4.355511,0.002023,2.017486,201.127206,3384780,10340,1
4.357527,0.002016,2.024555,201.820186,3396640,10341,1
4.359549,0.002022,2.018458,201.222492,3386410,10342,1
4.361565,0.002016,2.021158,201.487175,3390940,10343,2
4.365604,0.004039,2.030975,202.449545,3407410,10345,1
4.36762,0.002016,2.030623,202.415038,3406820,10346,1
4.369636,0.002016,2.02648,202.008896,3399870,10347,1
4.371658,0.002022,2.032125,202.56228,3409340,10348,2
4.37569,0.004032,2.035588,202.901761,3415150,10350,1
4.377712,0.002022,2.025557,201.918413,3398320,10351,1
4.379728,0.002016,2.017236,201.102698,3384360,10352,1
4.381744,0.002016,2.023411,201.708039,3394720,10353,2
4.385783,0.004039,2.025402,201.903219,3398060,10355,1
4.387805,0.002022,2.016717,201.05182,3383490,10356,1
4.389821,0.002016,2.019095,201.284938,3387480,10357,1
4.391837,0.002016,2.023733,201.739605,3395260,10358,2
4.395876,0.004039,2.024233,201.78862,3396100,10360,1
4.397892,0.002016,2.020597,201.43218,3390000,10361,1
4.399914,0.002022,2.021587,201.529231,3391660,10362,1
4.40193,0.002016,2.020842,201.456198,3390410,10363,1
4.403952,0.002022,2.016783,201.05829,3383600,10364,2
4.407985,0.004033,2.02176,201.54619,3391950,10366,1
4.410007,0.002022,2.023172,201.68461,3394320,10367,1
4.412023,0.002016,2.024364,201.801462,3396320,10368,1
4.414039,0.002016,2.019912,201.365029,3388850,10369,2
4.418077,0.004038,2.020872,201.459139,3390460,10371,1
4.420093,0.002016,2.029186,202.274167,3404410,10372,1
4.422116,0.002023,2.027237,202.083105,3401140,10373,1
4.424132,0.002016,2.025664,201.928903,3398500,10374,2
4.42817,0.004038,2.020395,201.412378,3389660,10376,1
4.430186,0.002016,2.027029,202.062715,3400790,10377,1
4.432208,0.002022,2.023977,201.763524,3395670,10378,1
4.434225,0.002017,2.016795,201.059467,3383620,10379,2
4.438263,0.004038,2.028209,202.178391,3402770,10381,1
4.440279,0.002016,2.027458,202.10477,3401510,10382,1
4.442301,0.002022,2.030617,202.41445,3406810,10383,1
4.444317,0.002016,2.022636,201.632065,3393420,10384,1
4.44634,0.002023,2.019113,201.286702,3387510,10385,2
4.450372,0.004032,2.017808,201.158772,3385320,10387,1
4.452394,0.002022,2.014124,200.797626,3379140,10388,1
4.45441,0.002016,2.020293,201.402379,3389490,10389,1
4.456426,0.002016,2.030969,202.448957,3407400,10390,2
4.460464,0.004038,2.032763,202.624824,3410410,10392,1
4.46248,0.002016,2.022988,201.666572,3394010,10393,1
4.464503,0.002023,2.019376,201.312484,3387950,10394,1
4.466519,0.002016,2.021593,201.529819,3391670,10395,2
4.470557,0.004038,2.019477,201.322385,3388120,10397,1
4.47258,0.002023,2.024633,201.827833,3396770,10398,1
4.474596,0.002016,2.025789,201.941156,3398710,10399,1
4.476612,0.002016,2.023709,201.737252,3395220,10400,2
4.48065,0.004038,2.022541,201.622752,3393260,10402,1
4.482666,0.002016,2.018082,201.185632,3385780,10403,1
4.484688,0.002022,2.022004,201.57011,3392360,10404,1
4.486704,0.002016,2.023602,201.726763,3395040,10405,1
4.48872,0.002016,2.011728,200.562744,3375120,10406,2
4.492759,0.004039,2.017087,201.088092,3384110,10408,1
4.494781,0.002022,2.021301,201.501194,3391180,10409,1
4.496797,0.002016,2.026659,202.026443,3400170,10410,1
4.498813,0.002016,2.026367,201.997818,3399680,10411,2
4.502852,0.004039,2.023995,201.765289,3395700,10413,1
4.504868,0.002016,2.024078,201.773426,3395840,10414,1
4.50689,0.002022,2.017504,201.12897,3384810,10415,1
4.508906,0.002016,2.027005,202.060362,3400750,10416,2
4.512945,0.004039,2.028817,202.237994,3403790,10418,1
4.51496,0.002015,2.030331,202.386413,3406330,10419,1
4.516983,0.002023,2.025807,201.942921,3398740,10420,1
4.518999,0.002016,2.025115,201.875084,3397580,10421,2
4.523037,0.004038,2.016383,201.019078,3382930,10423,1
4.525053,0.002016,2.02148,201.518741,3391480,10424,1
4.527076,0.002023,2.02105,201.476588,3390760,10425,1
4.529092,0.002016,2.01683,201.062898,3383680,10426,2
4.53313,0.004038,2.022588,201.62736,3393340,10428,1
4.535146,0.002016,2.024019,201.767642,3395740,10429,1
4.537162,0.002016,2.016002,200.981728,3382290,10430,1
4.539185,0.002023,2.032894,202.637666,3410630,10431,1
4.5412,0.002015,2.031428,202.493953,3408170,10432,2
4.545239,0.004039,2.026623,202.022914,3400110,10434,1
4.547255,0.002016,2.021796,201.549719,3392010,10435,1
4.549277,0.002022,2.01363,200.749199,3378310,10436,1
4.551293,0.002016,2.021992,201.568933,3392340,10437,2
4.555332,0.004039,2.020472,201.419926,3389790,10439,1
4.557348,0.002016,2.017945,201.172202,3385550,10440,1
4.55937,0.002022,2.030057,202.359552,3405870,10441,1
4.561386,0.002016,2.021992,201.568933,3392340,10442,2
4.565424,0.004038,2.017558,201.134264,3384900,10444,1
4.56744,0.002016,2.022368,201.605793,3392970,10445,1
4.569456,0.002016,2.02955,202.309851,3405020,10446,1
4.571479,0.002023,2.022445,201.613341,3393100,10447,2
4.575511,0.004032,2.017564,201.134852,3384910,10449,1
4.577533,0.002022,2.020699,201.442179,3390170,10450,1
4.579549,0.002016,2.028906,202.246719,3403940,10451,1
4.581565,0.002016,2.031898,202.540027,3408960,10452,1
4.583588,0.002023,2.02325,201.692256,3394450,10453,2
4.58762,0.004032,2.017897,201.167497,3385470,10455,1
4.589642,0.002022,2.024078,201.773426,3395840,10456,1
4.591658,0.002016,2.028573,202.214074,3403380,10457,1
4.59368,0.002022,2.02685,202.045167,3400490,10458,2
4.597712,0.004032,2.02713,202.072616,3400960,10460,1
4.599735,0.002023,2.029735,202.327986,3405330,10461,1
4.601751,0.002016,2.025026,201.866359,3397430,10462,1
4.603767,0.002016,2.03079,202.431409,3407100,10463,2
4.607805,0.004038,2.029914,202.345534,3405630,10465,1
4.609821,0.002016,2.027327,202.091928,3401290,10466,1
4.611844,0.002023,2.024013,201.767054,3395730,10467,1
4.61386,0.002016,2.022046,201.574227,3392430,10468,2
4.617898,0.004038,2.028704,202.226917,3403600,10470,1
4.619914,0.002016,2.02778,202.136336,3402050,10471,1
4.62193,0.002016,2.026284,201.989682,3399540,10472,1
4.623952,0.002022,2.034962,202.840394,3414100,10473,1
4.625968,0.002016,2.032423,202.591493,3409840,10474,2
4.630007,0.004039,2.0244,201.804992,3396380,10476,1
4.632023,0.002016,2.020508,201.423455,3389850,10477,1
4.634045,0.002022,2.022785,201.646672,3393670,10478,1
4.636061,0.002016,2.026862,202.046344,3400510,10479,2
4.6401,0.004039,2.026123,201.973899,3399270,10481,1
4.642116,0.002016,2.029639,202.318575,3405170,10482,1
4.644132,0.002016,2.032191,202.56875,3409450,10483,1
4.646154,0.002022,2.033103,202.658154,3410980,10484,2
4.650186,0.004032,2.032357,202.585023,3409730,10486,1
4.652209,0.002023,2.029985,202.352494,3405750,10487,1
4.654224,0.002015,2.024984,201.862242,3397360,10488,1
4.65624,0.002016,2.022421,201.610988,3393060,10489,2
4.660279,0.004039,2.025437,201.90665,3398120,10491,1
4.662295,0.002016,2.02682,202.042226,3400440,10492,1
4.664317,0.002022,2.029002,202.25613,3404100,10493,1
4.666333,0.002016,2.019393,201.314151,3387980,10494,1
4.668349,0.002016,2.016449,201.025548,3383040,10495,2
4.672388,0.004039,2.022374,201.606381,3392980,10497,1
4.67441,0.002022,2.03284,202.632372,3410540,10498,1
4.676426,0.002016,2.030909,202.443075,3407300,10499,1
4.678442,0.002016,2.028155,202.173098,3402680,10500,2
4.682481,0.004039,2.033895,202.735795,3412310,10502,1
4.684496,0.002015,2.028507,202.207604,3403270,10503,1
4.686519,0.002023,2.028185,202.176038,3402730,10504,1
4.688535,0.002016,2.033317,202.679133,3411340,10505,2
4.692573,0.004038,2.033877,202.73403,3412280,10507,1
4.694589,0.002016,2.036124,202.954306,3416050,10508,1
4.696612,0.002023,2.033955,202.741677,3412410,10509,1
4.698628,0.002016,2.034438,202.789026,3413220,10510,2
4.702666,0.004038,2.030617,202.41445,3406810,10512,1
4.704682,0.002016,2.025068,201.870476,3397500,10513,1
4.706704,0.002022,2.018696,201.245823,3386810,10514,1
4.70872,0.002016,2.02114,201.485411,3390910,10515,2
4.712759,0.004039,2.023488,201.715587,3394850,10517,1
4.714775,0.002016,2.030337,202.387001,3406340,10518,1
4.716791,0.002016,2.016658,201.046036,3383390,10519,1
4.718813,0.002022,2.010363,200.428932,3372830,10520,1
4.720829,0.002016,2.029282,202.283578,3404570,10521,2
4.724868,0.004039,2.027494,202.108299,3401570,10523,1
4.726884,0.002016,2.013522,200.738611,3378130,10524,1
4.728906,0.002022,2.015132,200.896441,3380830,10525,1
4.730922,0.002016,2.018917,201.267488,3387180,10526,2
4.73496,0.004038,2.026421,202.003112,3399770,10528,1
4.736976,0.002016,2.020794,201.451492,3390330,10529,1
4.738992,0.002016,2.029216,202.277108,3404460,10530,1
4.741015,0.002023,2.037674,203.106254,3418650,10531,2
4.745053,0.004038,2.036637,203.004596,3416910,10533,1
4.747069,0.002016,2.031988,202.54885,3409110,10534,1
4.749085,0.002016,2.026922,202.052225,3400610,10535,1
4.751108,0.002023,2.025127,201.87626,3397600,10536,2
4.75514,0.004032,2.028573,202.214074,3403380,10538,1
4.757162,0.002022,2.03343,202.690211,3411530,10539,1
4.759178,0.002016,2.026683,202.028796,3400210,10540,1
4.761194,0.002016,2.035278,202.871372,3414630,10541,1
4.763217,0.002023,2.031964,202.546497,3409070,10542,2
4.767248,0.004031,2.030391,202.392295,3406430,10544,1
4.769271,0.002023,2.029729,202.327398,3405320,10545,1
4.771287,0.002016,2.026898,202.049873,3400570,10546,1
4.773309,0.002022,2.021372,201.508154,3391300,10547,2
4.777341,0.004032,2.026343,201.995466,3399640,10549,1
4.779364,0.002023,2.025926,201.954587,3398940,10550,1
4.78138,0.002016,2.028704,202.226917,3403600,10551,1
4.783396,0.002016,2.02297,201.664807,3393980,10552,2
4.787434,0.004038,2.029169,202.272501,3404380,10554,1
4.789457,0.002023,2.033341,202.681486,3411380,10555,1
4.791473,0.002016,2.027076,202.067322,3400870,10556,1
4.793489,0.002016,2.0208,201.45208,3390340,10557,2
4.797527,0.004038,2.02589,201.951058,3398880,10559,1
4.799543,0.002016,2.031285,202.479934,3407930,10560,1
4.801565,0.002022,2.032405,202.589729,3409810,10561,1
4.803581,0.002016,2.030814,202.433762,3407140,10562,1
4.805604,0.002023,2.030694,202.421998,3406940,10563,2
4.809636,0.004032,2.028602,202.216917,3403430,10565,1
4.811658,0.002022,2.029711,202.325634,3405290,10566,1
4.813674,0.002016,2.027029,202.062715,3400790,10567,1
4.81569,0.002016,2.025652,201.927726,3398480,10568,2
4.819728,0.004038,2.032691,202.617766,3410290,10570,1
4.821744,0.002016,2.030438,202.396902,3406510,10571,1
4.823767,0.002023,2.024239,201.789209,3396110,10572,1
4.825783,0.002016,2.016056,200.987022,3382380,10573,2
4.829821,0.004038,2.028686,202.225152,3403570,10575,1
4.831837,0.002016,2.026457,202.006641,3399830,10576,1
4.83386,0.002023,2.023393,201.706274,3394690,10577,1
4.835876,0.002016,2.027416,202.100653,3401440,10578,2
4.839914,0.004038,2.031505,202.501501,3408300,10580,1
4.84193,0.002016,2.030998,202.451799,3407450,10581,1
4.843952,0.002022,2.027559,202.114671,3401680,10582,1
4.845968,0.002016,2.02775,202.133395,3402000,10583,1
4.847984,0.002016,2.026761,202.036442,3400340,10584,2
4.852023,0.004039,2.030462,202.399255,3406550,10586,1
4.854045,0.002022,2.02828,202.185351,3402890,10587,1
4.856061,0.002016,2.025115,201.875084,3397580,10588,1
4.858077,0.002016,2.030832,202.435526,3407170,10589,2
4.862116,0.004039,2.036041,202.946169,3415910,10591,1
4.864132,0.002016,2.030838,202.436114,3407180,10592,1
4.866154,0.002022,2.029514,202.306322,3404960,10593,1
4.86817,0.002016,2.032566,202.605512,3410080,10594,2
4.872208,0.004038,2.03864,203.200952,3420270,10596,1
4.874224,0.002016,2.036589,202.99989,3416830,10597,1
4.876247,0.002023,2.035433,202.886566,3414890,10598,1
4.878263,0.002016,2.026218,201.983212,3399430,10599,2
4.882301,0.004038,2.02899,202.254953,3404080,10601,1
4.884317,0.002016,2.029556,202.310439,3405030,10602,1
4.88634,0.002023,2.025181,201.881554,3397690,10603,1
4.888356,0.002016,2.017814,201.15936,3385330,10604,2
4.892394,0.004038,2.023065,201.67412,3394140,10606,1
4.89441,0.002016,2.026409,202.001936,3399750,10607,1
4.896426,0.002016,2.035797,202.92225,3415500,10608,1
4.898449,0.002023,2.030915,202.443663,3407310,10609,1
4.900464,0.002015,2.029181,202.273677,3404400,10610,2
4.904503,0.004039,2.032131,202.562868,3409350,10612,1
4.906519,0.002016,2.028137,202.171333,3402650,10613,1
4.908541,0.002022,2.029026,202.258482,3404140,10614,1
4.910557,0.002016,2.026469,202.007817,3399850,10615,2
4.914596,0.004039,2.034682,202.812945,3413630,10617,1
4.916612,0.002016,2.029538,202.308674,3405000,10618,1
4.918628,0.002016,2.034885,202.832846,3413970,10619,1
4.92065,0.002022,2.039814,203.31604,3422240,10620,2
4.924689,0.004039,2.029872,202.341417,3405560,10622,1
4.926705,0.002016,2.022922,201.660102,3393900,10623,1
4.92872,0.002015,2.023858,201.751859,3395470,10624,1
4.930743,0.002023,2.02415,201.780484,3395960,10625,2
4.934775,0.004032,2.027345,202.093693,3401320,10627,1
4.936797,0.002022,2.033985,202.744618,3412460,10628,1
4.938813,0.002016,2.032095,202.559339,3409290,10629,1
4.940829,0.002016,2.043164,203.644443,3427860,10630,1
4.942852,0.002023,2.037758,203.114488,3418790,10631,2
4.946884,0.004032,2.029055,202.261325,3404190,10633,1
4.948906,0.002022,2.027845,202.142708,3402160,10634,1
4.950922,0.002016,2.025288,201.892043,3397870,10635,1
4.952945,0.002023,2.033484,202.695504,3411620,10636,2
4.956976,0.004031,2.026993,202.059186,3400730,10638,1
4.958999,0.002023,2.02831,202.188292,3402940,10639,1
4.961015,0.002016,2.033377,202.685015,3411440,10640,1
4.963037,0.002022,2.023357,201.702745,3394630,10641,2
4.967069,0.004032,2.026528,202.013601,3399950,10643,1
4.969092,0.002023,2.033377,202.685015,3411440,10644,1
4.971108,0.002016,2.030832,202.435526,3407170,10645,1
4.973124,0.002016,2.019429,201.31768,3388040,10646,2
4.977162,0.004038,2.028906,202.246719,3403940,10648,1
4.979184,0.002022,2.032995,202.647567,3410800,10649,1
4.9812,0.002016,2.026808,202.04105,3400420,10650,1
4.98322,0.00202,2.022517,201.620399,3393220,10651,1
4.985236,0.002016,2.022117,201.581187,3392550,10652,2
4.989274,0.004038,2.024484,201.813226,3396520,10654,1
4.99129,0.002016,2.029586,202.31338,3405080,10655,1
4.993312,0.002022,2.035779,202.920485,3415470,10656,1
4.995328,0.002016,2.021879,201.557856,3392150,10657,2
4.999367,0.004039,2.02812,202.169666,3402620,10659,1
5.001383,0.002016,2.024597,201.824304,3396710,10660,1
5.003405,0.002022,2.023703,201.736664,3395210,10661,1
5.005421,0.002016,2.025312,201.894396,3397910,10662,2
5.00946,0.004039,2.025282,201.891455,3397860,10664,1
5.011476,0.002016,2.036047,202.946757,3415920,10665,1
5.013492,0.002016,2.029502,202.305145,3404940,10666,1
5.015514,0.002022,2.030432,202.396314,3406500,10667,2
5.019552,0.004038,2.027166,202.076145,3401020,10669,1
5.021568,0.002016,2.03197,202.547085,3409080,10670,1
5.023584,0.002016,2.035499,202.893036,3415000,10671,1
5.025607,0.002023,2.026284,201.989682,3399540,10672,1
5.027623,0.002016,2.030665,202.419155,3406890,10673,2
5.031661,0.004038,2.030659,202.418567,3406880,10675,1
5.033677,0.002016,2.031833,202.533655,3408850,10676,1
5.0357,0.002023,2.034932,202.837453,3414050,10677,1
5.037716,0.002016,2.03529,202.872548,3414650,10678,2
5.041754,0.004038,2.021813,201.551386,3392040,10680,1
5.04377,0.002016,2.024269,201.792149,3396160,10681,1
5.045786,0.002016,2.023625,201.729018,3395080,10682,1
5.047809,0.002023,2.02738,202.097124,3401380,10683,2
5.05184,0.004031,2.032989,202.646979,3410790,10685,1
5.053863,0.002023,2.029747,202.329163,3405350,10686,1
5.055879,0.002016,2.036834,203.023908,3417240,10687,1
5.057901,0.002022,2.023643,201.730782,3395110,10688,2
5.061933,0.004032,2.033532,202.70021,3411700,10690,1
5.063956,0.002023,2.03135,202.486306,3408040,10691,1
5.065972,0.002016,2.027625,202.121141,3401790,10692,1
5.067988,0.002016,2.0284,202.197115,3403090,10693,1
5.07001,0.002022,2.028739,202.230348,3403660,10694,2
5.074048,0.004038,2.0284,202.197115,3403090,10696,1
5.076064,0.002016,2.022356,201.604616,3392950,10697,1
5.07808,0.002016,2.026767,202.037031,3400350,10698,1
5.080103,0.002023,2.032626,202.611394,3410180,10699,2
5.084135,0.004032,2.024788,201.843028,3397030,10701,1
5.086157,0.002022,2.013505,200.736945,3378100,10702,1
5.088173,0.002016,2.026045,201.966252,3399140,10703,1
5.090196,0.002023,2.022982,201.665984,3394000,10704,2
5.094228,0.004032,2.033651,202.711875,3411900,10706,1
5.09625,0.002022,2.025449,201.907826,3398140,10707,1
5.098266,0.002016,2.026451,202.006053,3399820,10708,1
5.100282,0.002016,2.028686,202.225152,3403570,10709,2
5.10432,0.004038,2.034163,202.762067,3412760,10711,1
5.106336,0.002016,2.03799,203.137231,3419180,10712,1
5.108359,0.002023,2.035809,202.923426,3415520,10713,1
5.110375,0.002016,2.030104,202.36416,3405950,10714,2
5.114413,0.004038,2.020437,201.416495,3389730,10716,1
5.116429,0.002016,2.026057,201.967429,3399160,10717,1
5.118452,0.002023,2.029014,202.257306,3404120,10718,1
5.120468,0.002016,2.03414,202.759813,3412720,10719,1
5.12249,0.002022,2.033895,202.735795,3412310,10720,2
5.126522,0.004032,2.034497,202.79481,3413320,10722,1
5.128544,0.002022,2.033925,202.738736,3412360,10723,1
5.13056,0.002016,2.029425,202.297597,3404810,10724,1
5.132576,0.002016,2.037257,203.065375,3417950,10725,2
5.136615,0.004039,2.032065,202.556398,3409240,10727,1
5.138631,0.002016,2.027577,202.116436,3401710,10728,1
5.140653,0.002022,2.030212,202.374747,3406130,10729,1
5.142669,0.002016,2.032286,202.578063,3409610,10730,2
5.146708,0.004039,2.025443,201.907238,3398130,10732,1
5.148724,0.002016,2.022612,201.629712,3393380,10733,1
5.150746,0.002022,2.029163,202.271913,3404370,10734,1
5.152762,0.002016,2.033764,202.722953,3412090,10735,2
5.1568,0.004038,2.032465,202.595611,3409910,10737,1
5.158817,0.002017,2.02679,202.039285,3400390,10738,1
5.160833,0.002016,2.02719,202.078498,3401060,10739,1
5.162855,0.002022,2.024627,201.827245,3396760,10740,1
5.164871,0.002016,2.020156,201.388948,3389260,10741,2
5.168909,0.004038,2.027732,202.13163,3401970,10743,1
5.170925,0.002016,2.032721,202.620707,3410340,10744,1
5.172948,0.002023,2.031857,202.536008,3408890,10745,1
5.174964,0.002016,2.032882,202.63649,3410610,10746,2
5.179002,0.004038,2.024972,201.861065,3397340,10748,1
5.181018,0.002016,2.031153,202.466994,3407710,10749,1
5.183034,0.002016,2.027088,202.068499,3400890,10750,1
5.185056,0.002022,2.025491,201.911943,3398210,10751,2
5.189095,0.004039,2.035314,202.874901,3414690,10753,1
5.191111,0.002016,2.032524,202.601395,3410010,10754,1
5.193127,0.002016,2.029812,202.335535,3405460,10755,1
5.195149,0.002022,2.028859,202.242111,3403860,10756,2
5.199181,0.004032,2.026618,202.022424,3400100,10758,1
5.201204,0.002023,2.030426,202.395726,3406490,10759,1
5.20322,0.002016,2.033252,202.672761,3411230,10760,1
5.205236,0.002016,2.030444,202.39749,3406520,10761,1
5.207258,0.002022,2.025628,201.925373,3398440,10762,2
5.211296,0.004038,2.031869,202.537184,3408910,10764,1
5.213312,0.002016,2.040535,203.38672,3423450,10765,1
5.215328,0.002016,2.039009,203.237125,3420890,10766,1
5.217351,0.002023,2.030164,202.370042,3406050,10767,2
5.221383,0.004032,2.032,202.550026,3409130,10769,1
5.223405,0.002022,2.031106,202.462387,3407630,10770,1
5.225421,0.002016,2.031028,202.45474,3407500,10771,1
5.227444,0.002023,2.028197,202.177215,3402750,10772,2
5.231476,0.004032,2.024955,201.859399,3397310,10774,1
5.233498,0.002022,2.033806,202.72707,3412160,10775,1
5.235514,0.002016,2.03231,202.580416,3409650,10776,1
5.23753,0.002016,2.02933,202.288284,3404650,10777,2
5.241568,0.004038,2.033585,202.705405,3411790,10779,1
5.243591,0.002023,2.036315,202.97303,3416370,10780,1
5.245607,0.002016,2.037305,203.07008,3418030,10781,1
5.247623,0.002016,2.034014,202.747461,3412510,10782,1
5.249645,0.002022,2.030915,202.443663,3407310,10783,2
5.253677,0.004032,2.038926,203.228988,3420750,10785,1
5.2557,0.002023,2.037835,203.122037,3418920,10786,1
5.257716,0.002016,2.024716,201.835969,3396910,10787,1
5.259738,0.002022,2.024668,201.831264,3396830,10788,2
5.26377,0.004032,2.032232,202.57277,3409520,10790,1
5.265792,0.002022,2.034092,202.755107,3412640,10791,1
5.267809,0.002017,2.041185,203.45044,3424540,10792,1
5.269824,0.002015,2.03535,202.87843,3414750,10793,2
5.273863,0.004039,2.027816,202.139865,3402110,10795,1
5.275885,0.002022,2.041227,203.454557,3424610,10796,1
5.277901,0.002016,2.046186,203.940693,3432930,10797,1
5.279917,0.002016,2.037269,203.066551,3417970,10798,2
5.283956,0.004039,2.039778,203.312511,3422180,10800,1
5.285972,0.002016,2.037662,203.105077,3418630,10801,1
5.287994,0.002022,2.035302,202.873724,3414670,10802,1
5.29001,0.002016,2.032518,202.600806,3410000,10803,2
5.294048,0.004038,2.026838,202.043991,3400470,10805,1
5.296064,0.002016,2.026129,201.974487,3399280,10806,1
5.298087,0.002023,2.031547,202.505618,3408370,10807,1
5.300103,0.002016,2.02871,202.227505,3403610,10808,1
5.302119,0.002016,2.02772,202.130454,3401950,10809,2
5.306157,0.004038,2.034074,202.753342,3412610,10811,1
5.30818,0.002023,2.040815,203.414169,3423920,10812,1
5.310196,0.002016,2.040905,203.422992,3424070,10813,1
5.312212,0.002016,2.038372,203.174679,3419820,10814,2
5.31625,0.004038,2.034414,202.786673,3413180,10816,1
5.318272,0.002022,2.032655,202.614237,3410230,10817,1
5.320288,0.002016,2.033162,202.663938,3411080,10818,1
5.322304,0.002016,2.037203,203.060081,3417860,10819,2
5.326343,0.004039,2.03324,202.671585,3411210,10821,1
5.328359,0.002016,2.035248,202.868431,3414580,10822,1
5.330381,0.002022,2.032924,202.640607,3410680,10823,1
5.332397,0.002016,2.026892,202.049285,3400560,10824,2
5.336436,0.004039,2.02412,201.777543,3395910,10826,1
5.338452,0.002016,2.0275,202.108887,3401580,10827,1
5.340468,0.002016,2.040291,203.362801,3423040,10828,1
5.34249,0.002022,2.029395,202.294656,3404760,10829,1
5.344506,0.002016,2.025306,201.893808,3397900,10830,2
5.348544,0.004038,2.027106,202.070263,3400920,10832,1
5.35056,0.002016,2.032024,202.552379,3409170,10833,1
5.352583,0.002023,2.038121,203.150074,3419400,10834,1
5.354599,0.002016,2.035475,202.890684,3414960,10835,2
5.358637,0.004038,2.041519,203.483183,3425100,10837,1
5.360653,0.002016,2.043563,203.683558,3428530,10838,1
5.362676,0.002023,2.032292,202.578651,3409620,10839,1
5.364692,0.002016,2.020818,201.453845,3390370,10840,2
5.36873,0.004038,2.03222,202.571593,3409500,10842,1
5.370746,0.002016,2.032655,202.614237,3410230,10843,1
5.372762,0.002016,2.033514,202.698445,3411670,10844,1
5.374785,0.002023,2.03079,202.431409,3407100,10845,2
5.378816,0.004031,2.025348,201.897925,3397970,10847,1
5.380839,0.002023,2.035427,202.885978,3414880,10848,1
5.382855,0.002016,2.036446,202.985872,3416590,10849,1
5.384877,0.002022,2.032715,202.620118,3410330,10850,1
5.386893,0.002016,2.035981,202.940287,3415810,10851,2
5.390932,0.004039,2.036828,203.02332,3417230,10853,1
5.392948,0.002016,2.02719,202.078498,3401060,10854,1
5.394964,0.002016,2.027959,202.153884,3402350,10855,1
5.396986,0.002022,2.033055,202.653449,3410900,10856,2
5.401024,0.004038,2.036244,202.96607,3416250,10858,1
5.40304,0.002016,2.030766,202.429056,3407060,10859,1
5.405056,0.002016,2.038491,203.186345,3420020,10860,1
5.407079,0.002023,2.02316,201.683433,3394300,10861,2
5.411117,0.004038,2.029008,202.256718,3404110,10863,1
5.413133,0.002016,2.029949,202.348965,3405690,10864,1
5.415149,0.002016,2.03011,202.364748,3405960,10865,1
5.417172,0.002023,2.023578,201.72441,3395000,10866,2
5.421204,0.004032,2.03439,202.78432,3413140,10868,1
5.423226,0.002022,2.027458,202.10477,3401510,10869,1
5.425242,0.002016,2.022898,201.657749,3393860,10870,1
5.427265,0.002023,2.033836,202.730011,3412210,10871,1
5.42928,0.002015,2.027649,202.123494,3401830,10872,2
5.433319,0.004039,2.025282,201.891455,3397860,10874,1
5.435335,0.002016,2.025682,201.930667,3398530,10875,1
5.437357,0.002022,2.023894,201.755388,3395530,10876,1
5.439373,0.002016,2.036637,203.004596,3416910,10877,2
5.443412,0.004039,2.039653,203.300257,3421970,10879,1
5.445428,0.002016,2.030617,202.41445,3406810,10880,1
5.447444,0.002016,2.036148,202.956659,3416090,10881,1
5.449466,0.002022,2.038306,203.168209,3419710,10882,2
5.453504,0.004038,2.023005,201.668238,3394040,10884,1
5.45552,0.002016,2.023917,201.757643,3395570,10885,1
5.457536,0.002016,2.027971,202.15506,3402370,10886,1
5.459559,0.002023,2.040535,203.38672,3423450,10887,2
5.463597,0.004038,2.02871,202.227505,3403610,10889,1
5.465613,0.002016,2.036196,202.961364,3416170,10890,1
5.467629,0.002016,2.04069,203.401915,3423710,10891,1
5.469652,0.002023,2.026445,202.005465,3399810,10892,2
5.473684,0.004032,2.032113,202.561104,3409320,10894,1
5.475706,0.002022,2.034777,202.822258,3413790,10895,1
5.477722,0.002016,2.020276,201.400712,3389460,10896,1
5.479744,0.002022,2.027512,202.110064,3401600,10897,1
5.48176,0.002016,2.032447,202.593846,3409880,10898,2
5.485799,0.004039,2.033371,202.684427,3411430,10900,1
5.487815,0.002016,2.024835,201.847635,3397110,10901,1
5.489831,0.002016,2.030373,202.39053,3406400,10902,1
5.491853,0.002022,2.032173,202.566986,3409420,10903,2
5.495892,0.004039,2.030396,202.392785,3406440,10905,1
5.497908,0.002016,2.023327,201.699804,3394580,10906,1
5.499924,0.002016,2.027428,202.101829,3401460,10907,1
5.501946,0.002022,2.028787,202.235053,3403740,10908,2
5.505984,0.004038,2.024049,201.770583,3395790,10910,1
5.508,0.002016,2.031392,202.490424,3408110,10911,1
5.510016,0.002016,2.034438,202.789026,3413220,10912,1
5.512039,0.002023,2.036023,202.944405,3415880,10913,2
5.516071,0.004032,2.037668,203.105666,3418640,10915,1
5.518093,0.002022,2.022028,201.572462,3392400,10916,1
5.520109,0.002016,2.031147,202.466406,3407700,10917,1
5.522132,0.002023,2.030718,202.424351,3406980,10918,1
5.524148,0.002016,2.028954,202.251424,3404020,10919,2
5.528186,0.004038,2.024889,201.852929,3397200,10921,1
5.530202,0.002016,2.034998,202.843923,3414160,10922,1
5.532218,0.002016,2.032971,202.645214,3410760,10923,1
5.534241,0.002023,2.028495,202.206428,3403250,10924,2
5.538273,0.004032,2.02477,201.841263,3397000,10926,1
5.540295,0.002022,2.028817,202.237994,3403790,10927,1
5.542311,0.002016,2.034235,202.769125,3412880,10928,1
5.544333,0.002022,2.038354,203.172915,3419790,10929,2
5.548365,0.004032,2.025634,201.925962,3398450,10931,1
5.550388,0.002023,2.020466,201.419338,3389780,10932,1
5.552404,0.002016,2.028137,202.171333,3402650,10933,1
5.554426,0.002022,2.032298,202.57924,3409630,10934,2
5.558458,0.004032,2.031171,202.468759,3407740,10936,1
5.560481,0.002023,2.032721,202.620707,3410340,10937,1
5.562496,0.002015,2.037591,203.098117,3418510,10938,1
5.564512,0.002016,2.037543,203.093412,3418430,10939,1
5.566535,0.002023,2.024961,201.859987,3397320,10940,2
5.570567,0.004032,2.030951,202.447192,3407370,10942,1
5.572589,0.002022,2.030164,202.370042,3406050,10943,1
5.574605,0.002016,2.032226,202.572181,3409510,10944,1
5.576628,0.002023,2.035892,202.931563,3415660,10945,2
5.58066,0.004032,2.029133,202.268972,3404320,10947,1
5.582682,0.002022,2.036512,202.992342,3416700,10948,1
5.584698,0.002016,2.039331,203.268691,3421430,10949,1
5.586714,0.002016,2.036339,202.975382,3416410,10950,2
5.590752,0.004038,2.038276,203.165268,3419660,10952,1
5.592768,0.002016,2.037477,203.086942,3418320,10953,1
5.594791,0.002023,2.030659,202.418567,3406880,10954,1
5.596807,0.002016,2.018166,201.193867,3385920,10955,2
5.600845,0.004038,2.025348,201.897925,3397970,10957,1
5.602861,0.002016,2.024901,201.854105,3397220,10958,1
5.604884,0.002023,2.032131,202.562868,3409350,10959,1
5.6069,0.002016,2.031416,202.492776,3408150,10960,1
5.608916,0.002016,2.030706,202.423174,3406960,10961,2
5.612954,0.004038,2.025419,201.904885,3398090,10963,1
5.614976,0.002022,2.025431,201.906061,3398110,10964,1
5.616993,0.002017,2.027291,202.088399,3401230,10965,1
5.619008,0.002015,2.028728,202.229269,3403640,10966,2
5.623047,0.004039,2.035862,202.928622,3415610,10968,1
5.625063,0.002016,2.032053,202.555222,3409220,10969,1
5.627085,0.002022,2.030933,202.445427,3407340,10970,1
5.629101,0.002016,2.031481,202.499148,3408260,10971,2
5.633152,0.004051,2.031904,202.540615,3408970,10973,1
5.635156,0.002004,2.029306,202.285931,3404610,10974,1
5.637178,0.002022,2.035958,202.938033,3415770,10975,1
5.639194,0.002016,2.027249,202.084282,3401160,10976,2
5.643233,0.004039,2.027857,202.143884,3402180,10978,1
5.645249,0.002016,2.031583,202.509147,3408430,10979,1
5.647265,0.002016,2.047092,204.029509,3434450,10980,1
5.649287,0.002022,2.036458,202.987048,3416610,10981,2
5.653325,0.004038,2.031815,202.531891,3408820,10983,1
5.655341,0.002016,2.031475,202.49856,3408250,10984,1
5.657357,0.002016,2.0338,202.726482,3412150,10985,1
5.65938,0.002023,2.031964,202.546497,3409070,10986,1
5.661396,0.002016,2.027357,202.094869,3401340,10987,2
5.665434,0.004038,2.025551,201.917825,3398310,10989,1
5.66745,0.002016,2.024639,201.828421,3396780,10990,1
5.669473,0.002023,2.032971,202.645214,3410760,10991,1
5.671488,0.002015,2.029824,202.336711,3405480,10992,2
5.675527,0.004039,2.025676,201.930079,3398520,10994,1
5.677543,0.002016,2.032828,202.631196,3410520,10995,1
5.679559,0.002016,2.035421,202.88539,3414870,10996,1
5.681581,0.002022,2.035379,202.881273,3414800,10997,2
5.68562,0.004039,2.023655,201.731959,3395130,10999,1
5.687636,0.002016,2.036315,202.97303,3416370,11000,1
5.689652,0.002016,2.031755,202.526009,3408720,11001,1
5.691674,0.002022,2.021664,201.536779,3391790,11002,2
5.695706,0.004032,2.034295,202.775007,3412980,11004,1
5.697728,0.002022,2.043921,203.718653,3429130,11005,1
5.699744,0.002016,2.041513,203.482594,3425090,11006,1
5.70176,0.002016,2.034503,202.795398,3413330,11007,1
5.703783,0.002023,2.034867,202.831081,3413940,11008,2
5.707815,0.004032,2.022904,201.658337,3393870,11010,1
5.709837,0.002022,2.025354,201.898513,3397980,11011,1
5.711853,0.002016,2.030641,202.416802,3406850,11012,1
5.713876,0.002023,2.036154,202.957247,3416100,11013,2
5.717908,0.004032,2.022094,201.578932,3392510,11015,1
5.71993,0.002022,2.03045,202.398078,3406530,11016,1
5.721946,0.002016,2.038538,203.190952,3420100,11017,1
5.723962,0.002016,2.034366,202.781967,3413100,11018,2
5.728,0.004038,2.03079,202.431409,3407100,11020,1
5.730016,0.002016,2.033329,202.680309,3411360,11021,1
5.732039,0.002023,2.026701,202.030561,3400240,11022,1
5.734055,0.002016,2.014738,200.857817,3380170,11023,2
5.738093,0.004038,2.013028,200.690184,3377300,11025,1
5.740109,0.002016,2.027333,202.092516,3401300,11026,1
5.742132,0.002023,2.027547,202.113495,3401660,11027,1
5.744148,0.002016,2.024597,201.824304,3396710,11028,1
5.746164,0.002016,2.023667,201.733135,3395150,11029,2
5.750202,0.004038,2.032501,202.59914,3409970,11031,1
5.752218,0.002016,2.032954,202.643548,3410730,11032,1
5.754241,0.002023,2.026993,202.059186,3400730,11033,1
5.756257,0.002016,2.018589,201.235334,3386630,11034,2
5.760295,0.004038,2.024448,201.809697,3396460,11036,1
5.762311,0.002016,2.020901,201.461981,3390510,11037,1
5.764333,0.002022,2.022916,201.659514,3393890,11038,1
5.766349,0.002016,2.026093,201.970958,3399220,11039,2
5.770388,0.004039,2.027553,202.114083,3401670,11041,1
5.772404,0.002016,2.033919,202.738148,3412350,11042,1
5.77442,0.002016,2.029008,202.256718,3404110,11043,1
5.776442,0.002022,2.037293,203.068904,3418010,11044,2
5.78048,0.004038,2.034283,202.773831,3412960,11046,1
5.782496,0.002016,2.030873,202.439546,3407240,11047,1
5.784512,0.002016,2.024001,201.765877,3395710,11048,1
5.786535,0.002023,2.02347,201.713823,3394820,11049,1
5.788551,0.002016,2.032155,202.565221,3409390,11050,2
5.792589,0.004038,2.031577,202.508559,3408420,11052,1
5.794605,0.002016,2.034795,202.824023,3413820,11053,1
5.796628,0.002023,2.034056,202.751578,3412580,11054,1
5.798644,0.002016,2.035892,202.931563,3415660,11055,2
5.802676,0.004032,2.031368,202.488071,3408070,11057,1
5.804698,0.002022,2.025574,201.92008,3398350,11058,1
5.806714,0.002016,2.024657,201.830185,3396810,11059,1
5.808736,0.002022,2.032244,202.573946,3409540,11060,2
5.812768,0.004032,2.027762,202.134571,3402020,11062,1
5.814791,0.002023,2.030003,202.354259,3405780,11063,1
5.816807,0.002016,2.032661,202.614825,3410240,11064,1
5.818829,0.002022,2.042842,203.612877,3427320,11065,2
5.822861,0.004032,2.038103,203.148309,3419370,11067,1
5.824884,0.002023,2.029186,202.274167,3404410,11068,1
5.8269,0.002016,2.022147,201.584128,3392600,11069,1
5.828916,0.002016,2.030134,202.367101,3406000,11070,2
5.832954,0.004038,2.032954,202.643548,3410730,11072,1
5.834976,0.002022,2.030736,202.426115,3407010,11073,1
5.836992,0.002016,2.028155,202.173098,3402680,11074,1
5.839008,0.002016,2.027607,202.119377,3401760,11075,1
5.841031,0.002023,2.031714,202.52199,3408650,11076,2
5.845063,0.004032,2.039069,203.243007,3420990,11078,1
5.847085,0.002022,2.033186,202.666291,3411120,11079,1
5.849101,0.002016,2.033597,202.706582,3411810,11080,1
5.851117,0.002016,2.031803,202.530714,3408800,11081,2
5.855156,0.004039,2.030402,202.393373,3406450,11083,1
5.857172,0.002016,2.029663,202.320928,3405210,11084,1
5.859194,0.002022,2.0293,202.285343,3404600,11085,1
5.86121,0.002016,2.024937,201.857634,3397280,11086,2
5.865249,0.004039,2.02719,202.078498,3401060,11088,1
5.867264,0.002015,2.018279,201.204944,3386110,11089,1
5.869287,0.002023,2.030885,202.440722,3407260,11090,1
5.871303,0.002016,2.025831,201.945274,3398780,11091,2
5.875341,0.004038,2.019054,201.280918,3387410,11093,1
5.877357,0.002016,2.020222,201.395418,3389370,11094,1
5.879373,0.002016,2.032298,202.57924,3409630,11095,1
5.881396,0.002023,2.03191,202.541204,3408980,11096,1
5.883412,0.002016,2.035278,202.871372,3414630,11097,2
5.88745,0.004038,2.033937,202.739912,3412380,11099,1
5.889466,0.002016,2.026045,201.966252,3399140,11100,1
5.891488,0.002022,2.026635,202.024091,3400130,11101,1
5.893504,0.002016,2.029455,202.300538,3404860,11102,2
5.897543,0.004039,2.039748,203.30957,3422130,11104,1
5.899559,0.002016,2.032495,202.598552,3409960,11105,1
5.901581,0.002022,2.02564,201.92655,3398460,11106,1
5.903597,0.002016,2.024543,201.81901,3396620,11107,2
5.907636,0.004039,2.027464,202.105358,3401520,11109,1
5.909652,0.002016,2.034301,202.775595,3412990,11110,1
5.911668,0.002016,2.034348,202.780203,3413070,11111,1
5.91369,0.002022,2.037323,203.071845,3418060,11112,2
5.917728,0.004038,2.02685,202.045167,3400490,11114,1
5.919744,0.002016,2.029812,202.335535,3405460,11115,1
5.92176,0.002016,2.02775,202.133395,3402000,11116,1
5.923783,0.002023,2.026606,202.021248,3400080,11117,1
5.925799,0.002016,2.02955,202.309851,3405020,11118,2
5.929837,0.004038,2.033377,202.685015,3411440,11120,1
5.931853,0.002016,2.029294,202.284755,3404590,11121,1
5.933876,0.002023,2.029026,202.258482,3404140,11122,1
5.935892,0.002016,2.039748,203.30957,3422130,11123,2
5.93993,0.004038,2.026391,202.000171,3399720,11125,1
5.941946,0.002016,2.020127,201.386106,3389210,11126,1
5.943962,0.002016,2.02499,201.86283,3397370,11127,1
5.945984,0.002022,2.040064,203.340548,3422660,11128,2
5.950017,0.004033,2.030462,202.399255,3406550,11130,1
5.952039,0.002022,2.025676,201.930079,3398520,11131,1
5.954055,0.002016,2.027291,202.088399,3401230,11132,1
5.956077,0.002022,2.031243,202.475817,3407860,11133,2
5.960116,0.004039,2.027142,202.073792,3400980,11135,1
5.962132,0.002016,2.018875,201.263371,3387110,11136,1
5.964148,0.002016,2.023321,201.699216,3394570,11137,1
5.96617,0.002022,2.031434,202.494541,3408180,11138,1
5.968186,0.002016,2.026695,202.029972,3400230,11139,2
5.972224,0.004038,2.021229,201.494136,3391060,11141,1
5.97424,0.002016,2.025402,201.903219,3398060,11142,1
5.976263,0.002023,2.034402,202.785497,3413160,11143,1
5.978279,0.002016,2.028412,202.198292,3403110,11144,2
5.982317,0.004038,2.031076,202.459446,3407580,11146,1
5.984333,0.002016,2.037352,203.074688,3418110,11147,1
5.986349,0.002016,2.02387,201.753035,3395490,11148,1
5.988372,0.002023,2.029836,202.337888,3405500,11149,2
5.992404,0.004032,2.034527,202.79775,3413370,11151,1
5.994426,0.002022,2.030551,202.40798,3406700,11152,1
5.996449,0.002023,2.021116,201.483058,3390870,11153,1
5.998464,0.002015,2.030587,202.411509,3406760,11154,2
6.002503,0.004039,2.025443,201.907238,3398130,11156,1
6.004519,0.002016,2.028853,202.241523,3403850,11157,1
6.006535,0.002016,2.027851,202.143296,3402170,11158,1
6.008557,0.002022,2.02775,202.133395,3402000,11159,2
6.012596,0.004039,2.033269,202.674428,3411260,11161,1
6.014612,0.002016,2.036345,202.975971,3416420,11162,1
6.016628,0.002016,2.033275,202.675016,3411270,11163,1
6.01865,0.002022,2.029961,202.350141,3405710,11164,1
6.020666,0.002016,2.026862,202.046344,3400510,11165,2
6.024704,0.004038,2.024609,201.82548,3396730,11167,1
6.02672,0.002016,2.033454,202.692563,3411570,11168,1
6.028743,0.002023,2.029628,202.317497,3405150,11169,1
6.030759,0.002016,2.024978,201.861653,3397350,11170,2
6.034797,0.004038,2.029002,202.25613,3404100,11172,1
6.036813,0.002016,2.030098,202.363572,3405940,11173,1
6.038836,0.002023,2.03594,202.936268,3415740,11174,1
6.040852,0.002016,2.040327,203.36633,3423100,11175,2
6.04489,0.004038,2.038318,203.169386,3419730,11177,1
6.046906,0.002016,2.036422,202.983519,3416550,11178,1
6.048928,0.002022,2.029079,202.263678,3404230,11179,1
6.050944,0.002016,2.023405,201.707451,3394710,11180,2
6.054983,0.004039,2.024502,201.814991,3396550,11182,1
6.056999,0.002016,2.022326,201.601675,3392900,11183,1
6.059021,0.002022,2.029079,202.263678,3404230,11184,1
6.061037,0.002016,2.019042,201.279742,3387390,11185,1
6.06306,0.002023,2.024192,201.784601,3396030,11186,2
6.067092,0.004032,2.021313,201.50237,3391200,11188,1
6.069114,0.002022,2.024609,201.82548,3396730,11189,1
6.07113,0.002016,2.032089,202.558751,3409280,11190,1
6.073146,0.002016,2.038932,203.229577,3420760,11191,2
6.077185,0.004039,2.038944,203.230753,3420780,11193,1
6.079207,0.002022,2.0338,202.726482,3412150,11194,1
6.081223,0.002016,2.040017,203.33594,3422580,11195,1
6.083239,0.002016,2.037597,203.098705,3418520,11196,2
6.087277,0.004038,2.028316,202.188881,3402950,11198,1
6.089293,0.002016,2.033705,202.717169,3411990,11199,1
6.091316,0.002023,2.036089,202.950875,3415990,11200,1
6.093332,0.002016,2.02558,201.920668,3398360,11201,2
6.09737,0.004038,2.021843,201.554327,3392090,11203,1
6.099386,0.002016,2.026552,202.015954,3399990,11204,1
6.101409,0.002023,2.021694,201.53972,3391840,11205,1
6.103424,0.002015,2.030379,202.391118,3406410,11206,1
6.10544,0.002016,2.030092,202.362983,3405930,11207,2
6.109479,0.004039,2.031726,202.523166,3408670,11209,1
6.111501,0.002022,2.02989,202.343181,3405590,11210,1
6.113517,0.002016,2.034104,202.756283,3412660,11211,1
6.115533,0.002016,2.026665,202.027032,3400180,11212,2
6.119572,0.004039,2.025306,201.893808,3397900,11214,1
6.121594,0.002022,2.028334,202.190645,3402980,11215,1
6.12361,0.002016,2.028203,202.177803,3402760,11216,1
6.125626,0.002016,2.03501,202.845099,3414180,11217,2
6.129664,0.004038,2.029681,202.322693,3405240,11219,1
6.13168,0.002016,2.028275,202.184861,3402880,11220,1
6.133703,0.002023,2.023202,201.687551,3394370,11221,1
6.135719,0.002016,2.021831,201.55315,3392070,11222,2
6.139757,0.004038,2.03141,202.492188,3408140,11224,1
6.141773,0.002016,2.040631,203.396131,3423610,11225,1
6.143796,0.002023,2.031869,202.537184,3408910,11226,1
6.145812,0.002016,2.027416,202.100653,3401440,11227,1
6.147828,0.002016,2.024812,201.84538,3397070,11228,2
6.151866,0.004038,2.026582,202.018895,3400040,11230,1
6.153889,0.002023,2.026302,201.991446,3399570,11231,1
6.155905,0.002016,2.025604,201.923021,3398400,11232,1
6.15792,0.002015,2.027106,202.070263,3400920,11233,2
6.161959,0.004039,2.024806,201.844792,3397060,11235,1
6.163981,0.002022,2.031279,202.479346,3407920,11236,1
6.165997,0.002016,2.028483,202.205252,3403230,11237,1
6.168013,0.002016,2.027273,202.086634,3401200,11238,2
6.172052,0.004039,2.036315,202.97303,3416370,11240,1
6.174068,0.002016,2.028829,202.23917,3403810,11241,1
6.17609,0.002022,2.030903,202.442486,3407290,11242,1
6.178106,0.002016,2.031839,202.534243,3408860,11243,2
6.182144,0.004038,2.044791,203.80394,3430590,11245,1
6.18416,0.002016,2.031684,202.519049,3408600,11246,1
6.186183,0.002023,2.034408,202.786085,3413170,11247,1
6.188199,0.002016,2.029967,202.35073,3405720,11248,1
6.190215,0.002016,2.02722,202.081439,3401110,11249,2
6.194253,0.004038,2.026206,201.982035,3399410,11251,1
6.196269,0.002016,2.027649,202.123494,3401830,11252,1
6.198292,0.002023,2.026671,202.02762,3400190,11253,1
6.200308,0.002016,2.032173,202.566986,3409420,11254,2
6.204346,0.004038,2.035671,202.909898,3415290,11256,1
6.206362,0.002016,2.031976,202.547674,3409090,11257,1
6.208384,0.002022,2.048898,204.206553,3437480,11258,1
6.210401,0.002017,2.036917,203.032044,3417380,11259,2
6.214439,0.004038,2.034789,202.823435,3413810,11261,1
6.216455,0.002016,2.024418,201.806756,3396410,11262,1
6.218477,0.002022,2.025408,201.903807,3398070,11263,1
6.220493,0.002016,2.03256,202.604924,3410070,11264,2
6.224532,0.004039,2.029359,202.291127,3404700,11266,1
6.226548,0.002016,2.03591,202.933327,3415690,11267,1
6.22857,0.002022,2.032834,202.631784,3410530,11268,1
6.230586,0.002016,2.03023,202.376512,3406160,11269,2
6.234625,0.004039,2.034169,202.762655,3412770,11271,1
6.23664,0.002015,2.029955,202.349553,3405700,11272,1
6.238657,0.002017,2.030528,202.405725,3406660,11273,1
6.240679,0.002022,2.0239,201.755976,3395540,11274,1
6.242695,0.002016,2.038115,203.149485,3419390,11275,2
6.246733,0.004038,2.039361,203.271632,3421480,11277,1
6.248749,0.002016,2.027053,202.065068,3400830,11278,1
6.250772,0.002023,2.029294,202.284755,3404590,11279,1
6.252788,0.002016,2.028608,202.217506,3403440,11280,2
6.256826,0.004038,2.039379,203.273396,3421510,11282,1
6.258842,0.002016,2.029818,202.336123,3405470,11283,1
6.260864,0.002022,2.027345,202.093693,3401320,11284,1
6.26288,0.002016,2.03166,202.516696,3408560,11285,2
6.266919,0.004039,2.029836,202.337888,3405500,11287,1
6.268935,0.002016,2.036661,203.006948,3416950,11288,1
6.270951,0.002016,2.032328,202.582181,3409680,11289,1
6.272973,0.002022,2.034736,202.818239,3413720,11290,2
6.277012,0.004039,2.025747,201.937039,3398640,11292,1
6.279028,0.002016,2.033871,202.733442,3412270,11293,1
6.281044,0.002016,2.039903,203.324765,3422390,11294,1
6.283066,0.002022,2.044642,203.789333,3430340,11295,1
6.285082,0.002016,2.036226,202.964305,3416220,11296,2
6.28912,0.004038,2.029383,202.29348,3404740,11298,1
6.291136,0.002016,2.024555,201.820186,3396640,11299,1
6.293152,0.002016,2.031243,202.475817,3407860,11300,1
6.295175,0.002023,2.032226,202.572181,3409510,11301,2
6.299213,0.004038,2.028513,202.208193,3403280,11303,1
6.301229,0.002016,2.028435,202.200546,3403150,11304,1
6.303245,0.002016,2.03101,202.452976,3407470,11305,1
6.305268,0.002023,2.033108,202.658645,3410990,11306,2
6.3093,0.004032,2.025193,201.88273,3397710,11308,1
6.311322,0.002022,2.02927,202.282402,3404550,11309,1
6.313338,0.002016,2.025664,201.928903,3398500,11310,1
6.31536,0.002022,2.022839,201.651965,3393760,11311,2
6.319393,0.004033,2.030241,202.37759,3406180,11313,1
6.321415,0.002022,2.030975,202.449545,3407410,11314,1
6.323431,0.002016,2.027535,202.112318,3401640,11315,1
6.325447,0.002016,2.03253,202.601983,3410020,11316,1
6.327469,0.002022,2.034402,202.785497,3413160,11317,2
6.331508,0.004039,2.030212,202.374747,3406130,11319,1
6.333524,0.002016,2.025008,201.864594,3397400,11320,1
6.33554,0.002016,2.024621,201.826656,3396750,11321,1
6.337562,0.002022,2.017081,201.087503,3384100,11322,2
6.341594,0.004032,2.027959,202.153884,3402350,11324,1
6.343617,0.002023,2.035713,202.914015,3415360,11325,1
6.345633,0.002016,2.030879,202.440134,3407250,11326,1
6.347655,0.002022,2.029002,202.25613,3404100,11327,2
6.351687,0.004032,2.020782,201.450316,3390310,11329,1
6.353709,0.002022,2.028644,202.221035,3403500,11330,1
6.355725,0.002016,2.036667,203.007537,3416960,11331,1
6.357748,0.002023,2.026093,201.970958,3399220,11332,2
6.36178,0.004032,2.036124,202.954306,3416050,11334,1
6.363802,0.002022,2.043772,203.704046,3428880,11335,1
6.365818,0.002016,2.037567,203.095764,3418470,11336,1
6.367834,0.002016,2.029634,202.318085,3405160,11337,1
6.369856,0.002022,2.026266,201.987917,3399510,11338,2
6.373888,0.004032,2.031696,202.520225,3408620,11340,1
6.375911,0.002023,2.037579,203.096941,3418490,11341,1
6.377927,0.002016,2.032971,202.645214,3410760,11342,1
6.379949,0.002022,2.036333,202.974794,3416400,11343,2
6.383981,0.004032,2.035248,202.868431,3414580,11345,1
6.386004,0.002023,2.033615,202.708346,3411840,11346,1
6.38802,0.002016,2.019149,201.290231,3387570,11347,1
6.390036,0.002016,2.018529,201.229452,3386530,11348,2
6.394074,0.004038,2.029479,202.30289,3404900,11350,1
6.396096,0.002022,2.029759,202.330339,3405370,11351,1
6.398112,0.002016,2.033353,202.682662,3411400,11352,1
6.400128,0.002016,2.035874,202.929798,3415630,11353,2
6.404167,0.004039,2.03557,202.899997,3415120,11355,1
6.406183,0.002016,2.030092,202.362983,3405930,11356,1
6.408205,0.002022,2.031308,202.482189,3407970,11357,1
6.410221,0.002016,2.030504,202.403372,3406620,11358,2
6.41426,0.004039,2.020639,201.436297,3390070,11360,1
6.416276,0.002016,2.026659,202.026443,3400170,11361,1
6.418298,0.002022,2.028036,202.161432,3402480,11362,1
6.420314,0.002016,2.029717,202.326222,3405300,11363,1
6.42233,0.002016,2.030861,202.438369,3407220,11364,2
6.426368,0.004038,2.033079,202.655802,3410940,11366,1
6.428384,0.002016,2.036464,202.987636,3416620,11367,1
6.430407,0.002023,2.038217,203.159484,3419560,11368,1
6.432423,0.002016,2.030498,202.402784,3406610,11369,2
6.436461,0.004038,2.035058,202.849805,3414260,11371,1
6.438477,0.002016,2.035117,202.855589,3414360,11372,1
6.4405,0.002023,2.032554,202.604335,3410060,11373,1
6.442516,0.002016,2.023101,201.677649,3394200,11374,2
6.446554,0.004038,2.025729,201.935275,3398610,11376,1
6.44857,0.002016,2.029085,202.264266,3404240,11377,1
6.450592,0.002022,2.018946,201.270331,3387230,11378,1
6.452608,0.002016,2.029151,202.270736,3404350,11379,2
6.456647,0.004039,2.0316,202.510814,3408460,11381,1
6.458663,0.002016,2.030659,202.418567,3406880,11382,1
6.460679,0.002016,2.035546,202.897644,3415080,11383,1
6.462701,0.002022,2.043384,203.66601,3428230,11384,1
6.464717,0.002016,2.032155,202.565221,3409390,11385,2
6.468756,0.004039,2.018899,201.265724,3387150,11387,1
6.470772,0.002016,2.034813,202.825787,3413850,11388,1
6.472794,0.002022,2.031302,202.481601,3407960,11389,1
6.47481,0.002016,2.030134,202.367101,3406000,11390,2
6.478848,0.004038,2.028722,202.228681,3403630,11392,1
6.480865,0.002017,2.027702,202.12869,3401920,11393,1
6.48288,0.002015,2.033091,202.656978,3410960,11394,1
6.484903,0.002023,2.027398,202.098888,3401410,11395,2
6.488935,0.004032,2.035475,202.890684,3414960,11397,1
6.490957,0.002022,2.031988,202.54885,3409110,11398,1
6.492973,0.002016,2.021563,201.526878,3391620,11399,1
6.494989,0.002016,2.030951,202.447192,3407370,11400,2
6.499028,0.004039,2.031428,202.493953,3408170,11402,1
6.50105,0.002022,2.032459,202.595023,3409900,11403,1
6.503066,0.002016,2.025932,201.955175,3398950,11404,1
6.505082,0.002016,2.033013,202.649332,3410830,11405,1
6.507104,0.002022,2.032048,202.554732,3409210,11406,2
6.511136,0.004032,2.033085,202.65639,3410950,11408,1
6.513159,0.002023,2.02477,201.841263,3397000,11409,1
6.515175,0.002016,2.026415,202.002524,3399760,11410,1
6.517197,0.002022,2.02415,201.780484,3395960,11411,2
6.521229,0.004032,2.038133,203.15125,3419420,11413,1
6.523252,0.002023,2.035058,202.849805,3414260,11414,1
6.525268,0.002016,2.022195,201.588833,3392680,11415,1
6.527284,0.002016,2.038348,203.172327,3419780,11416,2
6.531322,0.004038,2.033919,202.738148,3412350,11418,1
6.533344,0.002022,2.024698,201.834205,3396880,11419,1
6.53536,0.002016,2.030313,202.384648,3406300,11420,1
6.537376,0.002016,2.035081,202.85206,3414300,11421,2
6.541415,0.004039,2.027577,202.116436,3401710,11423,1
6.543431,0.002016,2.022624,201.630889,3393400,11424,1
6.545453,0.002022,2.030885,202.440722,3407260,11425,1
6.547469,0.002016,2.034903,202.83461,3414000,11426,1
6.549492,0.002023,2.030665,202.419155,3406890,11427,2
6.553524,0.004032,2.024055,201.771171,3395800,11429,1
6.555546,0.002022,2.027422,202.101241,3401450,11430,1
6.557562,0.002016,2.035767,202.919309,3415450,11431,1
6.559578,0.002016,2.034724,202.817063,3413700,11432,2
6.563616,0.004038,2.028352,202.19241,3403010,11434,1
6.565639,0.002023,2.028805,202.236818,3403770,11435,1
6.567655,0.002016,2.024108,201.776367,3395890,11436,1
6.569671,0.002016,2.028549,202.211722,3403340,11437,2
6.573709,0.004038,2.0338,202.726482,3412150,11439,1
6.575732,0.002023,2.03284,202.632372,3410540,11440,1
6.577748,0.002016,2.034748,202.819415,3413740,11441,1
6.579764,0.002016,2.033573,202.704229,3411770,11442,2
6.583802,0.004038,2.031773,202.527773,3408750,11444,1
6.585818,0.002016,2.029395,202.294656,3404760,11445,1
6.587841,0.002023,2.026886,202.048696,3400550,11446,1
6.589856,0.002015,2.029705,202.325045,3405280,11447,2
6.593895,0.004039,2.029681,202.322693,3405240,11449,1
6.595911,0.002016,2.027237,202.083105,3401140,11450,1
6.597933,0.002022,2.023065,201.67412,3394140,11451,1
6.599949,0.002016,2.025473,201.910179,3398180,11452,1
6.601965,0.002016,2.030814,202.433762,3407140,11453,2
6.606004,0.004039,2.040726,203.405444,3423770,11455,1
6.60802,0.002016,2.035034,202.847452,3414220,11456,1
6.610042,0.002022,2.031004,202.452388,3407460,11457,1
6.612058,0.002016,2.035701,202.912839,3415340,11458,2
6.616097,0.004039,2.03225,202.574534,3409550,11460,1
6.618112,0.002015,2.031451,202.496207,3408210,11461,1
6.620135,0.002023,2.034086,202.754519,3412630,11462,1
6.622151,0.002016,2.036238,202.965481,3416240,11463,2
6.626189,0.004038,2.033484,202.695504,3411620,11465,1
6.628205,0.002016,2.033281,202.675604,3411280,11466,1
6.630228,0.002023,2.029264,202.281814,3404540,11467,1
6.632244,0.002016,2.032834,202.631784,3410530,11468,2
6.636282,0.004038,2.029932,202.347298,3405660,11470,1
6.638298,0.002016,2.036822,203.022731,3417220,11471,1
6.640314,0.002016,2.031714,202.52199,3408650,11472,1
6.642336,0.002022,2.029288,202.284167,3404580,11473,1
6.644352,0.002016,2.02623,201.984388,3399450,11474,2
6.648391,0.004039,2.037019,203.042043,3417550,11476,1
6.650407,0.002016,2.043176,203.64562,3427880,11477,1
6.652429,0.002022,2.037323,203.071845,3418060,11478,1
6.654445,0.002016,2.033663,202.713052,3411920,11479,2
6.658484,0.004039,2.044612,203.786392,3430290,11481,1
6.6605,0.002016,2.034181,202.763832,3412790,11482,1
6.662516,0.002016,2.028382,202.195351,3403060,11483,1
6.664538,0.002022,2.026409,202.001936,3399750,11484,2
6.668576,0.004038,2.023417,201.708627,3394730,11486,1
6.670592,0.002016,2.027041,202.063891,3400810,11487,1
6.672608,0.002016,2.031952,202.545321,3409050,11488,1
6.674631,0.002023,2.034718,202.816474,3413690,11489,2
6.678663,0.004032,2.023041,201.671768,3394100,11491,1
6.680685,0.002022,2.036095,202.951463,3416000,11492,1
6.682701,0.002016,2.034587,202.803632,3413470,11493,1
6.684724,0.002023,2.038372,203.174679,3419820,11494,1
6.68674,0.002016,2.033806,202.72707,3412160,11495,2
6.690778,0.004038,2.035743,202.916956,3415410,11497,1
6.692794,0.002016,2.035213,202.865,3414520,11498,1
6.69481,0.002016,2.038163,203.154191,3419470,11499,1
6.696832,0.002022,2.036375,202.978912,3416470,11500,2
6.700864,0.004032,2.032876,202.635901,3410600,11502,1
6.702887,0.002023,2.029079,202.263678,3404230,11503,1
6.704903,0.002016,2.028453,202.202311,3403180,11504,1
6.706925,0.002022,2.023941,201.759995,3395610,11505,2
6.710957,0.004032,2.02508,201.871653,3397520,11507,1
6.71298,0.002023,2.028352,202.19241,3403010,11508,1
6.714996,0.002016,2.025902,201.952234,3398900,11509,1
6.717012,0.002016,2.025354,201.898513,3397980,11510,2
6.72105,0.004038,2.03321,202.668644,3411160,11512,1
6.723072,0.002022,2.035916,202.933915,3415700,11513,1
6.725089,0.002017,2.033901,202.736383,3412320,11514,1
6.727104,0.002015,2.029818,202.336123,3405470,11515,1
6.729127,0.002023,2.022851,201.653142,3393780,11516,2
6.733159,0.004032,2.030301,202.383472,3406280,11518,1
6.735181,0.002022,2.028638,202.220446,3403490,11519,1
6.737197,0.002016,2.028078,202.165549,3402550,11520,1
6.739213,0.002016,2.024609,201.82548,3396730,11521,2
6.743252,0.004039,2.032185,202.568162,3409440,11523,1
6.745274,0.002022,2.033252,202.672761,3411230,11524,1
6.74729,0.002016,2.027798,202.138101,3402080,11525,1
6.749313,0.002023,2.027887,202.146825,3402230,11526,2
6.753345,0.004032,2.029592,202.313968,3405090,11528,1
6.755367,0.002022,2.031273,202.478758,3407910,11529,1
6.757383,0.002016,2.03079,202.431409,3407100,11530,1
6.759399,0.002016,2.02288,201.655985,3393830,11531,2
6.763437,0.004038,2.031946,202.544733,3409040,11533,1
6.76546,0.002023,2.036613,203.002243,3416870,11534,1
6.767476,0.002016,2.026308,201.992034,3399580,11535,1
6.769492,0.002016,2.020609,201.433356,3390020,11536,2
6.77353,0.004038,2.019298,201.304838,3387820,11538,1
6.775546,0.002016,2.022511,201.619811,3393210,11539,1
6.777568,0.002022,2.03346,202.693151,3411580,11540,1
6.779584,0.002016,2.028072,202.164961,3402540,11541,1
6.781607,0.002023,2.023572,201.723822,3394990,11542,2
6.785639,0.004032,2.031308,202.482189,3407970,11544,1
6.787661,0.002022,2.035117,202.855589,3414360,11545,1
6.789677,0.002016,2.033269,202.674428,3411260,11546,1
6.7917,0.002023,2.034813,202.825787,3413850,11547,2
6.795732,0.004032,2.025628,201.925373,3398440,11549,1
6.797754,0.002022,2.030748,202.427292,3407030,11550,1
6.79977,0.002016,2.035612,202.904114,3415190,11551,1
6.801786,0.002016,2.030367,202.389942,3406390,11552,2
6.805824,0.004038,2.027011,202.06095,3400760,11554,1
6.80784,0.002016,2.033108,202.658645,3410990,11555,1
6.809863,0.002023,2.028227,202.180156,3402800,11556,1
6.811879,0.002016,2.036268,202.968422,3416290,11557,2
6.815917,0.004038,2.028179,202.17545,3402720,11559,1
6.817933,0.002016,2.029473,202.302302,3404890,11560,1
6.819956,0.002023,2.037209,203.060669,3417870,11561,1
6.821972,0.002016,2.030414,202.394549,3406470,11562,1
6.823988,0.002016,2.01937,201.311896,3387940,11563,2
6.828026,0.004038,2.02058,201.430514,3389970,11565,1
6.830048,0.002022,2.027375,202.096633,3401370,11566,1
6.832064,0.002016,2.029365,202.291715,3404710,11567,1
6.834081,0.002017,2.02738,202.097124,3401380,11568,2
6.838119,0.004038,2.026397,202.000759,3399730,11570,1
6.840135,0.002016,2.028382,202.195351,3403060,11571,1
6.842157,0.002022,2.025348,201.897925,3397970,11572,1
6.844173,0.002016,2.025938,201.955763,3398960,11573,2
6.848212,0.004039,2.037072,203.047239,3417640,11575,1
6.850228,0.002016,2.036345,202.975971,3416420,11576,1
6.85225,0.002022,2.035928,202.935092,3415720,11577,1
6.854266,0.002016,2.024782,201.842439,3397020,11578,2
6.858305,0.004039,2.026314,201.992623,3399590,11580,1
6.86032,0.002015,2.017456,201.124265,3384730,11581,1
6.862343,0.002023,2.025282,201.891455,3397860,11582,1
6.864359,0.002016,2.034336,202.779027,3413050,11583,1
6.866375,0.002016,2.033126,202.660409,3411020,11584,2
6.870413,0.004038,2.038181,203.155955,3419500,11586,1
6.872436,0.002023,2.037722,203.110959,3418730,11587,1
6.874452,0.002016,2.038401,203.177522,3419870,11588,1
6.876468,0.002016,2.035588,202.901761,3415150,11589,2
6.880506,0.004038,2.037895,203.127919,3419020,11591,1
6.882522,0.002016,2.034175,202.763244,3412780,11592,1
6.884544,0.002022,2.027529,202.11173,3401630,11593,1
6.88656,0.002016,2.029234,202.278873,3404490,11594,2
6.890599,0.004039,2.034152,202.760989,3412740,11596,1
6.892615,0.002016,2.039802,203.314863,3422220,11597,1
6.894637,0.002022,2.033794,202.725894,3412140,11598,1
6.896653,0.002016,2.034235,202.769125,3412880,11599,2
6.900692,0.004039,2.032393,202.588553,3409790,11601,1
6.902708,0.002016,2.024257,201.790973,3396140,11602,1
6.904724,0.002016,2.022684,201.636771,3393500,11603,1
6.906746,0.002022,2.037811,203.119684,3418880,11604,1
6.908762,0.002016,2.034605,202.805397,3413500,11605,2
6.9128,0.004038,2.031648,202.51552,3408540,11607,1
6.914816,0.002016,2.025628,201.925373,3398440,11608,1
6.916832,0.002016,2.026469,202.007817,3399850,11609,1
6.918855,0.002023,2.02803,202.160844,3402470,11610,2
6.922893,0.004038,2.02617,201.978506,3399350,11612,1
6.924909,0.002016,2.030331,202.386413,3406330,11613,1
6.926925,0.002016,2.029443,202.299361,3404840,11614,1
6.928948,0.002023,2.029079,202.263678,3404230,11615,2
6.93298,0.004032,2.031606,202.511402,3408470,11617,1
6.935002,0.002022,2.030647,202.417391,3406860,11618,1
6.937018,0.002016,2.035314,202.874901,3414690,11619,1
6.93904,0.002022,2.032763,202.624824,3410410,11620,2
6.943072,0.004032,2.038062,203.14429,3419300,11622,1
6.945095,0.002023,2.044952,203.819723,3430860,11623,1
6.947111,0.002016,2.03383,202.729423,3412200,11624,1
6.949133,0.002022,2.028871,202.243288,3403880,11625,2
6.953165,0.004032,2.031809,202.531302,3408810,11627,1
6.955188,0.002023,2.034742,202.818827,3413730,11628,1
6.957204,0.002016,2.039546,203.289768,3421790,11629,1
6.95922,0.002016,2.037996,203.13782,3419190,11630,1
6.961242,0.002022,2.037477,203.086942,3418320,11631,2
6.96528,0.004038,2.031827,202.533067,3408840,11633,1
6.967297,0.002017,2.02592,201.953999,3398930,11634,1
6.969313,0.002016,2.02691,202.051049,3400590,11635,1
6.971335,0.002022,2.023423,201.709215,3394740,11636,2
6.975367,0.004032,2.017558,201.134264,3384900,11638,1
6.977389,0.002022,2.022928,201.66069,3393910,11639,1
6.979405,0.002016,2.024943,201.858222,3397290,11640,1
6.981428,0.002023,2.025253,201.888612,3397810,11641,2
6.98546,0.004032,2.024221,201.787444,3396080,11643,1
6.987482,0.002022,2.02837,202.194174,3403040,11644,1
6.989498,0.002016,2.025086,201.872241,3397530,11645,1
6.99152,0.002022,2.027035,202.063303,3400800,11646,2
6.995552,0.004032,2.02648,202.008896,3399870,11648,1
6.997575,0.002023,2.033061,202.654037,3410910,11649,1
6.999591,0.002016,2.034181,202.763832,3412790,11650,1
7.001607,0.002016,2.036643,203.005184,3416920,11651,1
7.003629,0.002022,2.025265,201.889788,3397830,11652,2
7.007668,0.004039,2.030343,202.387589,3406350,11654,1
7.009684,0.002016,2.024662,201.830676,3396820,11655,1
7.0117,0.002016,2.037466,203.085863,3418300,11656,1
7.013722,0.002022,2.03687,203.027437,3417300,11657,2
7.017754,0.004032,2.04004,203.338195,3422620,11659,1
7.019776,0.002022,2.027696,202.128101,3401910,11660,1
7.021792,0.002016,2.035612,202.904114,3415190,11661,1
7.023808,0.002016,2.028155,202.173098,3402680,11662,2
7.027847,0.004039,2.03324,202.671585,3411210,11664,1
7.029869,0.002022,2.036345,202.975971,3416420,11665,1
7.031885,0.002016,2.030194,202.372983,3406100,11666,1
7.033901,0.002016,2.022707,201.639025,3393540,11667,2
7.03794,0.004039,2.016985,201.078092,3383940,11669,1
7.039956,0.002016,2.036077,202.949698,3415970,11670,1
7.041978,0.002022,2.036065,202.948522,3415950,11671,1
7.043994,0.002016,2.037811,203.119684,3418880,11672,1
7.04601,0.002016,2.035671,202.909898,3415290,11673,2
7.050048,0.004038,2.036726,203.01332,3417060,11675,1
7.052064,0.002016,2.026516,202.012425,3399930,11676,1
7.054087,0.002023,2.02921,202.27652,3404450,11677,1
7.056103,0.002016,2.032661,202.614825,3410240,11678,2
7.060141,0.004038,2.029198,202.275344,3404430,11680,1
7.062157,0.002016,2.031821,202.532479,3408830,11681,1
7.06418,0.002023,2.02921,202.27652,3404450,11682,1
7.066196,0.002016,2.029461,202.301126,3404870,11683,2
7.070234,0.004038,2.029139,202.26956,3404330,11685,1
7.07225,0.002016,2.0235,201.716764,3394870,11686,1
7.074272,0.002022,2.026701,202.030561,3400240,11687,1
7.076289,0.002017,2.018124,201.18975,3385850,11688,2
7.080327,0.004038,2.030301,202.383472,3406280,11690,1
7.082343,0.002016,2.031314,202.482777,3407980,11691,1
7.084359,0.002016,2.027935,202.151531,3402310,11692,1
7.086381,0.002022,2.029854,202.339652,3405530,11693,1
7.088397,0.002016,2.023041,201.671768,3394100,11694,2
7.092436,0.004039,2.017313,201.110247,3384490,11696,1
7.094452,0.002016,2.016956,201.07525,3383890,11697,1
7.096474,0.002022,2.037048,203.044886,3417600,11698,1
7.09849,0.002016,2.036327,202.974206,3416390,11699,2
7.102528,0.004038,2.033544,202.701386,3411720,11701,1
7.104544,0.002016,2.037644,203.103313,3418600,11702,1
7.10656,0.002016,2.032399,202.589141,3409800,11703,1
7.108583,0.002023,2.025551,201.917825,3398310,11704,2
7.112621,0.004038,2.033561,202.703053,3411750,11706,1
7.114637,0.002016,2.030599,202.412685,3406780,11707,1
7.116653,0.002016,2.032757,202.624236,3410400,11708,1
7.118676,0.002023,2.037507,203.089883,3418370,11709,2
7.122708,0.004032,2.025127,201.87626,3397600,11711,1
7.12473,0.002022,2.025771,201.939392,3398680,11712,1
7.126746,0.002016,2.023369,201.703922,3394650,11713,1
7.128762,0.002016,2.032739,202.622471,3410370,11714,2
7.1328,0.004038,2.032608,202.609629,3410150,11716,1
7.134816,0.002016,2.02651,202.011837,3399920,11717,1
7.136839,0.002023,2.03293,202.641195,3410690,11718,1
7.138855,0.002016,2.036589,202.99989,3416830,11719,1
7.140877,0.002022,2.032429,202.592082,3409850,11720,2
7.144909,0.004032,2.026564,202.01713,3400010,11722,1
7.146932,0.002023,2.032745,202.623059,3410380,11723,1
7.148948,0.002016,2.031338,202.48513,3408020,11724,1
7.150964,0.002016,2.03231,202.580416,3409650,11725,2
7.155002,0.004038,2.032101,202.559927,3409300,11727,1
7.157024,0.002022,2.038169,203.154779,3419480,11728,1
7.15904,0.002016,2.036554,202.996459,3416770,11729,1
7.161056,0.002016,2.02381,201.747153,3395390,11730,2
7.165095,0.004039,2.018708,201.247,3386830,11732,1
7.167111,0.002016,2.018231,201.200239,3386030,11733,1
7.169133,0.002022,2.027905,202.14859,3402260,11734,1
7.171149,0.002016,2.03284,202.632372,3410540,11735,2
7.175188,0.004039,2.031493,202.500325,3408280,11737,1
7.177204,0.002016,2.035326,202.876077,3414710,11738,1
7.179226,0.002022,2.030355,202.388766,3406370,11739,1
7.181242,0.002016,2.028924,202.248483,3403970,11740,1
7.183258,0.002016,2.031028,202.45474,3407500,11741,2
7.187297,0.004039,2.031738,202.524342,3408690,11743,1
7.189313,0.002016,2.022398,201.608734,3393020,11744,1
7.191335,0.002022,2.024156,201.781072,3395970,11745,1
7.193351,0.002016,2.025616,201.924197,3398420,11746,2
7.197389,0.004038,2.02744,202.103005,3401480,11748,1
7.199405,0.002016,2.026033,201.965076,3399120,11749,1
7.201428,0.002023,2.023363,201.703333,3394640,11750,1
7.203444,0.002016,2.029836,202.337888,3405500,11751,2
7.207482,0.004038,2.035135,202.857353,3414390,11753,1
7.209498,0.002016,2.030569,202.409744,3406730,11754,1
7.21152,0.002022,2.036619,203.002831,3416880,11755,1
7.213536,0.002016,2.028245,202.18192,3402830,11756,2
7.217568,0.004032,2.040899,203.422403,3424060,11758,1
7.219591,0.002023,2.029294,202.284755,3404590,11759,1
7.221607,0.002016,2.033323,202.679721,3411350,11760,1
7.223629,0.002022,2.041668,203.497789,3425350,11761,1
7.225645,0.002016,2.025908,201.952822,3398910,11762,2
7.229684,0.004039,2.031618,202.512579,3408490,11764,1
7.2317,0.002016,2.040851,203.417698,3423980,11765,1
7.233716,0.002016,2.034044,202.750402,3412560,11766,1
7.235738,0.002022,2.025104,201.874005,3397560,11767,2
7.239776,0.004038,2.025938,201.955763,3398960,11769,1
7.241792,0.002016,2.038568,203.193893,3420150,11770,1
7.243808,0.002016,2.045268,203.8507,3431390,11771,1
7.245831,0.002023,2.036071,202.94911,3415960,11772,2
7.249869,0.004038,2.025276,201.890867,3397850,11774,1
7.251885,0.002016,2.033293,202.67678,3411300,11775,1
7.253901,0.002016,2.024603,201.824892,3396720,11776,1
7.255924,0.002023,2.033782,202.724717,3412120,11777,2
7.259956,0.004032,2.040929,203.425344,3424110,11779,1
7.261978,0.002022,2.038747,203.211441,3420450,11780,1
7.263994,0.002016,2.028078,202.165549,3402550,11781,1
7.266016,0.002022,2.025598,201.922433,3398390,11782,1
7.268032,0.002016,2.026296,201.990858,3399560,11783,2
7.272071,0.004039,2.034539,202.798927,3413390,11785,1
7.274087,0.002016,2.040493,203.382603,3423380,11786,1
7.276103,0.002016,2.035886,202.930974,3415650,11787,1
7.278125,0.002022,2.029556,202.310439,3405030,11788,2
7.282164,0.004039,2.030545,202.407391,3406690,11790,1
7.28418,0.002016,2.025723,201.934686,3398600,11791,1
7.286196,0.002016,2.035242,202.867843,3414570,11792,1
7.288218,0.002022,2.030206,202.374159,3406120,11793,2
7.29225,0.004032,2.029777,202.332104,3405400,11795,1
7.294273,0.002023,2.029538,202.308674,3405000,11796,1
7.296288,0.002015,2.038932,203.229577,3420760,11797,1
7.298304,0.002016,2.036184,202.960188,3416150,11798,2
7.302343,0.004039,2.03138,202.489247,3408090,11800,1
7.304365,0.002022,2.035838,202.926269,3415570,11801,1
7.306381,0.002016,2.039075,203.243595,3421000,11802,1
7.308397,0.002016,2.028745,202.230936,3403670,11803,2
7.312436,0.004039,2.035058,202.849805,3414260,11805,1
7.314452,0.002016,2.042025,203.532786,3425950,11806,1
7.316474,0.002022,2.035576,202.900585,3415130,11807,1
7.31849,0.002016,2.033114,202.659233,3411000,11808,1
7.320512,0.002022,2.031374,202.488659,3408080,11809,2
7.324544,0.004032,2.033466,202.69374,3411590,11811,1
7.326567,0.002023,2.042162,203.546216,3426180,11812,1
7.328583,0.002016,2.031881,202.538361,3408930,11813,1
7.330599,0.002016,2.026552,202.015954,3399990,11814,2
7.334637,0.004038,2.030921,202.444251,3407320,11816,1
7.33666,0.002023,2.026367,201.997818,3399680,11817,1
7.338676,0.002016,2.033138,202.661586,3411040,11818,1
7.340692,0.002016,2.034569,202.801868,3413440,11819,2
7.34473,0.004038,2.035213,202.865,3414520,11821,1
7.346746,0.002016,2.035826,202.925093,3415550,11822,1
7.348768,0.002022,2.032781,202.626589,3410440,11823,1
7.350784,0.002016,2.02632,201.993211,3399600,11824,2
7.354823,0.004039,2.029109,202.266619,3404280,11826,1
7.356839,0.002016,2.023667,201.733135,3395150,11827,1
7.358861,0.002022,2.027774,202.135748,3402040,11828,1
7.360877,0.002016,2.036417,202.983029,3416540,11829,1
7.362893,0.002016,2.02738,202.097124,3401380,11830,2
7.366932,0.004039,2.031052,202.457093,3407540,11832,1
7.368954,0.002022,2.031302,202.481601,3407960,11833,1
7.37097,0.002016,2.033824,202.728835,3412190,11834,1
7.372986,0.002016,2.032936,202.641783,3410700,11835,2
7.377024,0.004038,2.023983,201.764113,3395680,11837,1
7.37904,0.002016,2.023995,201.765289,3395700,11838,1
7.381063,0.002023,2.036291,202.970677,3416330,11839,1
7.383079,0.002016,2.027243,202.083693,3401150,11840,2
7.387117,0.004038,2.036291,202.970677,3416330,11842,1
7.389133,0.002016,2.041405,203.472007,3424910,11843,1
7.391156,0.002023,2.038378,203.175267,3419830,11844,1
7.393172,0.002016,2.037334,203.072923,3418080,11845,2
7.39721,0.004038,2.037734,203.112136,3418750,11847,1
7.399226,0.002016,2.033275,202.675016,3411270,11848,1
7.401248,0.002022,2.034342,202.779615,3413060,11849,1
7.403265,0.002017,2.030718,202.424351,3406980,11850,1
7.40528,0.002015,2.033728,202.719424,3412030,11851,2
7.409319,0.004039,2.025747,201.937039,3398640,11853,1
7.411335,0.002016,2.026176,201.979094,3399360,11854,1
7.413357,0.002022,2.027887,202.146825,3402230,11855,1
7.415373,0.002016,2.029908,202.344946,3405620,11856,2
7.419412,0.004039,2.029753,202.329751,3405360,11858,1
7.421428,0.002016,2.028185,202.176038,3402730,11859,1
7.42345,0.002022,2.023417,201.708627,3394730,11860,1
7.425466,0.002016,2.026331,201.994289,3399620,11861,2
7.429504,0.004038,2.029526,202.307498,3404980,11863,1
7.43152,0.002016,2.037978,203.136055,3419160,11864,1
7.433543,0.002023,2.033424,202.689622,3411520,11865,1
7.435559,0.002016,2.028698,202.226328,3403590,11866,2
7.439597,0.004038,2.030629,202.415626,3406830,11868,1
7.441613,0.002016,2.035928,202.935092,3415720,11869,1
7.443629,0.002016,2.038848,203.221342,3420620,11870,1
7.445652,0.002023,2.03765,203.103901,3418610,11871,1
7.447668,0.002016,2.036744,203.015085,3417090,11872,2
7.451706,0.004038,2.027029,202.062715,3400790,11874,1
7.453722,0.002016,2.026445,202.005465,3399810,11875,1
7.455744,0.002022,2.033538,202.700798,3411710,11876,1
7.45776,0.002016,2.021205,201.491783,3391020,11877,2
7.461799,0.004039,2.031714,202.52199,3408650,11879,1
7.463815,0.002016,2.027518,202.110652,3401610,11880,1
7.465831,0.002016,2.022499,201.618635,3393190,11881,1
7.467853,0.002022,2.031291,202.480522,3407940,11882,2
7.471885,0.004032,2.031624,202.513167,3408500,11884,1
7.473908,0.002023,2.029181,202.273677,3404400,11885,1
7.475924,0.002016,2.0437,203.696988,3428760,11886,1
7.47794,0.002016,2.042174,203.547393,3426200,11887,2
7.481978,0.004038,2.035695,202.912251,3415330,11889,1
7.484001,0.002023,2.034944,202.838629,3414070,11890,1
7.486017,0.002016,2.036339,202.975382,3416410,11891,1
7.488032,0.002015,2.029175,202.273089,3404390,11892,2
7.492071,0.004039,2.022713,201.639613,3393550,11894,1
7.494087,0.002016,2.028263,202.183685,3402860,11895,1
7.496109,0.002022,2.032846,202.632961,3410550,11896,1
7.498125,0.002016,2.030718,202.424351,3406980,11897,1
7.500141,0.002016,2.036107,202.952639,3416020,11898,2
7.50418,0.004039,2.037591,203.098117,3418510,11900,1
7.506196,0.002016,2.032858,202.634137,3410570,11901,1
7.508218,0.002022,2.023864,201.752447,3395480,11902,1
7.510234,0.002016,2.032638,202.61257,3410200,11903,2
7.514272,0.004038,2.027768,202.13516,3402030,11905,1
7.516288,0.002016,2.024406,201.80558,3396390,11906,1
7.518311,0.002023,2.029717,202.326222,3405300,11907,1
7.520327,0.002016,2.031678,202.51846,3408590,11908,2
7.524365,0.004038,2.032572,202.6061,3410090,11910,1
7.526381,0.002016,2.041179,203.449852,3424530,11911,1
7.528397,0.002016,2.034843,202.828728,3413900,11912,1
7.53042,0.002023,2.032411,202.590317,3409820,11913,2
7.534452,0.004032,2.033186,202.666291,3411120,11915,1
7.536474,0.002022,2.035385,202.881861,3414810,11916,1
7.53849,0.002016,2.037501,203.089294,3418360,11917,1
7.540506,0.002016,2.030408,202.393961,3406460,11918,1
7.542528,0.002022,2.020192,201.392478,3389320,11919,2
7.54656,0.004032,2.030009,202.354847,3405790,11921,1
7.548583,0.002023,2.02868,202.224564,3403560,11922,1
7.550599,0.002016,2.033484,202.695504,3411620,11923,1
7.552621,0.002022,2.041709,203.501808,3425420,11924,2
7.556653,0.004032,2.038896,203.226047,3420700,11926,1
7.558676,0.002023,2.026463,202.007229,3399840,11927,1
7.560692,0.002016,2.029467,202.301714,3404880,11928,1
7.562708,0.002016,2.036834,203.023908,3417240,11929,2
7.566746,0.004038,2.035075,202.851471,3414290,11931,1
7.568762,0.002016,2.028352,202.19241,3403010,11932,1
7.570784,0.002022,2.028942,202.250248,3404000,11933,1
7.5728,0.002016,2.03625,202.966658,3416260,11934,2
7.576839,0.004039,2.033186,202.666291,3411120,11936,1
7.578855,0.002016,2.028966,202.252601,3404040,11937,1
7.580871,0.002016,2.029949,202.348965,3405690,11938,1
7.582893,0.002022,2.018011,201.178672,3385660,11939,1
7.584909,0.002016,2.038622,203.199187,3420240,11940,2
7.588948,0.004039,2.037531,203.092235,3418410,11942,1
7.590964,0.002016,2.027583,202.117024,3401720,11943,1
7.592986,0.002022,2.023721,201.738429,3395240,11944,1
7.595002,0.002016,2.032524,202.601395,3410010,11945,2
7.59904,0.004038,2.03625,202.966658,3416260,11947,1
7.601056,0.002016,2.027547,202.113495,3401660,11948,1
7.603072,0.002016,2.026683,202.028796,3400210,11949,1
7.605095,0.002023,2.03445,202.790202,3413240,11950,2
7.609127,0.004032,2.035588,202.901761,3415150,11952,1
7.611149,0.002022,2.036297,202.971265,3416340,11953,1
7.613165,0.002016,2.045614,203.884619,3431970,11954,1
7.615181,0.002016,2.043313,203.65905,3428110,11955,2
7.61922,0.004039,2.028567,202.213486,3403370,11957,1
7.621236,0.002016,2.037913,203.129683,3419050,11958,1
7.623258,0.002022,2.032572,202.6061,3410090,11959,1
7.625274,0.002016,2.023631,201.729606,3395090,11960,1
7.627296,0.002022,2.024382,201.803227,3396350,11961,2
7.631328,0.004032,2.036464,202.987636,3416620,11963,1
7.633344,0.002016,2.033889,202.735207,3412300,11964,1
7.635367,0.002023,2.035934,202.93568,3415730,11965,1
7.637383,0.002016,2.028245,202.18192,3402830,11966,2
7.641421,0.004038,2.027577,202.116436,3401710,11968,1
7.643437,0.002016,2.029157,202.271325,3404360,11969,1
7.64546,0.002023,2.037108,203.050768,3417700,11970,1
7.647476,0.002016,2.04373,203.699929,3428810,11971,2
7.651514,0.004038,2.034318,202.777262,3413020,11973,1
7.65353,0.002016,2.031827,202.533067,3408840,11974,1
7.655546,0.002016,2.034378,202.783144,3413120,11975,1
7.657568,0.002022,2.021199,201.491195,3391010,11976,2
7.6616,0.004032,2.024281,201.793326,3396180,11978,1
7.663623,0.002023,2.035868,202.92921,3415620,11979,1
7.665639,0.002016,2.035099,202.853824,3414330,11980,1
7.667655,0.002016,2.032256,202.575122,3409560,11981,2
7.671693,0.004038,2.037239,203.06361,3417920,11983,1
7.673716,0.002023,2.041274,203.459165,3424690,11984,1
7.675732,0.002016,2.04289,203.617583,3427400,11985,1
7.677748,0.002016,2.033007,202.648743,3410820,11986,1
7.679764,0.002016,2.031291,202.480522,3407940,11987,2
7.683802,0.004038,2.029145,202.270148,3404340,11989,1
7.685824,0.002022,2.036601,203.001067,3416850,11990,1
7.68784,0.002016,2.039707,203.305551,3422060,11991,1
7.689856,0.002016,2.035493,202.892448,3414990,11992,2
7.693895,0.004039,2.032876,202.635901,3410600,11994,1
7.695911,0.002016,2.032828,202.631196,3410520,11995,1
7.697933,0.002022,2.027506,202.109476,3401590,11996,1
7.699962,0.002029,2.024293,201.794502,3396200,11997,2
7.703988,0.004026,2.024037,201.769406,3395770,11999,1
7.706004,0.002016,2.024502,201.814991,3396550,12000,1
7.70802,0.002016,2.02958,202.312792,3405070,12001,1
7.710042,0.002022,2.033639,202.710699,3411880,12002,2
7.714074,0.004032,2.026707,202.031149,3400250,12004,1
7.716097,0.002023,2.035755,202.918132,3415430,12005,1
7.718113,0.002016,2.028155,202.173098,3402680,12006,1
7.720128,0.002015,2.021962,201.565992,3392290,12007,1
7.722151,0.002023,2.030545,202.407391,3406690,12008,2
7.726189,0.004038,2.033871,202.733442,3412270,12010,1
7.728205,0.002016,2.042437,203.573175,3426640,12011,1
7.730221,0.002016,2.031785,202.52895,3408770,12012,1
7.732244,0.002023,2.017421,201.120834,3384670,12013,2
7.736276,0.004032,2.033061,202.654037,3410910,12015,1
7.738298,0.002022,2.036184,202.960188,3416150,12016,1
7.740314,0.002016,2.029401,202.295244,3404770,12017,1
7.74233,0.002016,2.033204,202.668056,3411150,12018,2
7.746368,0.004038,2.034515,202.796574,3413350,12020,1
7.748384,0.002016,2.032,202.550026,3409130,12021,1
7.750407,0.002023,2.037674,203.106254,3418650,12022,1
7.752423,0.002016,2.03647,202.988225,3416630,12023,2
7.756461,0.004038,2.026993,202.059186,3400730,12025,1
7.758477,0.002016,2.027261,202.085458,3401180,12026,1
7.7605,0.002023,2.032673,202.616001,3410260,12027,1
7.762516,0.002016,2.027482,202.107123,3401550,12028,1
7.764532,0.002016,2.023786,201.744801,3395350,12029,2
7.76857,0.004038,2.037627,203.101646,3418570,12031,1
7.770586,0.002016,2.038103,203.148309,3419370,12032,1
7.772608,0.002022,2.038974,203.233694,3420830,12033,1
7.774624,0.002016,2.030307,202.38406,3406290,12034,2
7.778663,0.004039,2.031678,202.51846,3408590,12036,1
7.780679,0.002016,2.034462,202.791378,3413260,12037,2
7.784717,0.004038,2.02477,201.841263,3397000,12039,2
7.788749,0.004032,2.020091,201.382576,3389150,12041,1
7.790772,0.002023,2.032816,202.63002,3410500,12042,1
7.792788,0.002016,2.034932,202.837453,3414050,12043,1
7.794804,0.002016,2.038568,203.193893,3420150,12044,2
7.798842,0.004038,2.043158,203.643855,3427850,12046,1
7.800864,0.002022,2.039474,203.282709,3421670,12047,1
7.80288,0.002016,2.032048,202.554732,3409210,12048,1
7.804896,0.002016,2.032894,202.637666,3410630,12049,1
7.806912,0.002016,2.037054,203.045475,3417610,12050,2
7.810951,0.004039,2.03582,202.924504,3415540,12052,1
7.812973,0.002022,2.023286,201.695785,3394510,12053,1
7.814989,0.002016,2.029157,202.271325,3404360,12054,1
7.817005,0.002016,2.037585,203.097529,3418500,12055,2
7.821044,0.004039,2.026433,202.004288,3399790,12057,1
7.82306,0.002016,2.034152,202.760989,3412740,12058,1
7.825082,0.002022,2.035773,202.919897,3415460,12059,1
7.827098,0.002016,2.04739,204.058722,3434950,12060,2
7.831137,0.004039,2.037895,203.127919,3419020,12062,1
7.833152,0.002015,2.034748,202.819415,3413740,12063,1
7.835168,0.002016,2.035683,202.911074,3415310,12064,1
7.837191,0.002023,2.029651,202.319752,3405190,12065,2
7.841223,0.004032,2.036768,203.017438,3417130,12067,1
7.843245,0.002022,2.045053,203.829624,3431030,12068,1
7.845261,0.002016,2.03858,203.19507,3420170,12069,1
7.847277,0.002016,2.040154,203.34937,3422810,12070,2
7.851316,0.004039,2.041912,203.521709,3425760,12072,1
7.853332,0.002016,2.039874,203.321922,3422340,12073,1
7.855354,0.002022,2.038819,203.218499,3420570,12074,1
7.85737,0.002016,2.039671,203.302021,3422000,12075,1
7.859386,0.002016,2.033114,202.659233,3411000,12076,2
7.863424,0.004038,2.033478,202.694916,3411610,12078,1
7.86544,0.002016,2.032405,202.589729,3409810,12079,1
7.867463,0.002023,2.032948,202.64296,3410720,12080,1
7.869479,0.002016,2.031112,202.462975,3407640,12081,2
7.873517,0.004038,2.033097,202.657566,3410970,12083,1
7.875533,0.002016,2.041227,203.454557,3424610,12084,1
7.877556,0.002023,2.037996,203.13782,3419190,12085,1
7.879572,0.002016,2.033812,202.727658,3412170,12086,2
7.88361,0.004038,2.032262,202.57571,3409570,12088,1
7.885626,0.002016,2.031392,202.490424,3408110,12089,1
7.887642,0.002016,2.030313,202.384648,3406300,12090,1
7.889664,0.002022,2.029306,202.285931,3404610,12091,2
7.893696,0.004032,2.03619,202.960776,3416160,12093,1
7.895712,0.002016,2.027535,202.112318,3401640,12094,1
7.897735,0.002023,2.030939,202.446016,3407350,12095,1
7.899751,0.002016,2.04221,203.550922,3426260,12096,1
7.901773,0.002022,2.035266,202.870195,3414610,12097,2
7.905805,0.004032,2.025378,201.900866,3398020,12099,1
7.907828,0.002023,2.025425,201.905473,3398100,12100,1
7.909844,0.002016,2.034134,202.759224,3412710,12101,1
7.91186,0.002016,2.036995,203.039691,3417510,12102,2
7.915898,0.004038,2.027452,202.104182,3401500,12104,1
7.917914,0.002016,2.029806,202.334947,3405450,12105,1
7.919936,0.002022,2.034432,202.788438,3413210,12106,1
7.921953,0.002017,2.031422,202.493365,3408160,12107,2
7.925984,0.004031,2.027941,202.152119,3402320,12109,1
7.928007,0.002023,2.031291,202.480522,3407940,12110,1
7.930023,0.002016,2.027339,202.093104,3401310,12111,1
7.932045,0.002022,2.027005,202.060362,3400750,12112,2
7.936077,0.004032,2.038831,203.219675,3420590,12114,1
7.938093,0.002016,2.033496,202.696681,3411640,12115,1
7.940116,0.002023,2.032191,202.56875,3409450,12116,1
7.942132,0.002016,2.027321,202.09134,3401280,12117,1
7.944148,0.002016,2.03079,202.431409,3407100,12118,2
7.948186,0.004038,2.041906,203.52112,3425750,12120,1
7.950209,0.002023,2.037209,203.060669,3417870,12121,1
7.952225,0.002016,2.036196,202.961364,3416170,12122,1
7.95424,0.002015,2.033216,202.669232,3411170,12123,2
7.958279,0.004039,2.028197,202.177215,3402750,12125,1
7.960295,0.002016,2.03625,202.966658,3416260,12126,1
7.962317,0.002022,2.033365,202.683839,3411420,12127,1
7.964333,0.002016,2.023494,201.716176,3394860,12128,2
7.968372,0.004039,2.023035,201.671179,3394090,12130,1
7.970388,0.002016,2.036399,202.981264,3416510,12131,1
7.972404,0.002016,2.035809,202.923426,3415520,12132,1
7.974426,0.002022,2.036524,202.993518,3416720,12133,2
7.978458,0.004032,2.027953,202.153295,3402340,12135,1
7.98048,0.002022,2.024662,201.830676,3396820,12136,1
7.982496,0.002016,2.030659,202.418567,3406880,12137,1
7.984512,0.002016,2.024281,201.793326,3396180,12138,2
7.988551,0.004039,2.025539,201.916649,3398290,12140,1
7.990573,0.002022,2.03284,202.632372,3410540,12141,1
7.992589,0.002016,2.029842,202.338476,3405510,12142,1
7.994605,0.002016,2.036804,203.020967,3417190,12143,1
7.996628,0.002023,2.037984,203.136643,3419170,12144,2
8.00066,0.004032,2.033925,202.738736,3412360,12146,1
8.002682,0.002022,2.044672,203.792274,3430390,12147,1
8.004698,0.002016,2.033383,202.685603,3411450,12148,1
8.006714,0.002016,2.02893,202.249072,3403980,12149,2
8.010752,0.004038,2.024424,201.807344,3396420,12151,1
8.012768,0.002016,2.02952,202.30691,3404970,12152,1
8.014791,0.002023,2.036726,203.01332,3417060,12153,1
8.016807,0.002016,2.035713,202.914015,3415360,12154,2
8.020845,0.004038,2.034271,202.772655,3412940,12156,1
8.022861,0.002016,2.037138,203.053709,3417750,12157,1
8.024877,0.002016,2.024615,201.826068,3396740,12158,1
8.0269,0.002023,2.024513,201.816069,3396570,12159,2
8.030932,0.004032,2.032328,202.582181,3409680,12161,1
8.032954,0.002022,2.033371,202.684427,3411430,12162,1
8.03497,0.002016,2.030909,202.443075,3407300,12163,1
8.036992,0.002022,2.036262,202.967834,3416280,12164,1
8.039009,0.002017,2.039015,203.237713,3420900,12165,2
8.04304,0.004031,2.038449,203.182228,3419950,12167,1
8.045063,0.002023,2.039295,203.265162,3421370,12168,1
8.047079,0.002016,2.03914,203.249967,3421110,12169,1
8.049101,0.002022,2.041942,203.52465,3425810,12170,2
8.053133,0.004032,2.038699,203.206735,3420370,12172,1
8.055149,0.002016,2.031821,202.532479,3408830,12173,1
8.057172,0.002023,2.037328,203.072335,3418070,12174,1
8.059188,0.002016,2.032751,202.623648,3410390,12175,2
8.063226,0.004038,2.034611,202.805985,3413510,12177,1
8.065242,0.002016,2.041805,203.511219,3425580,12178,1
8.067264,0.002022,2.035332,202.876665,3414720,12179,1
8.06928,0.002016,2.03864,203.200952,3420270,12180,2
8.073319,0.004039,2.029872,202.341417,3405560,12182,1
8.075335,0.002016,2.030706,202.423174,3406960,12183,1
8.077351,0.002016,2.028161,202.173686,3402690,12184,1
8.079373,0.002022,2.031964,202.546497,3409070,12185,1
8.081389,0.002016,2.03923,203.25879,3421260,12186,2
8.085428,0.004039,2.034116,202.75746,3412680,12188,1
8.087444,0.002016,2.033287,202.676192,3411290,12189,1
8.08946,0.002016,2.026421,202.003112,3399770,12190,1
8.091482,0.002022,2.035445,202.887743,3414910,12191,2
8.095514,0.004032,2.039576,203.292708,3421840,12193,1
8.097536,0.002022,2.031976,202.547674,3409090,12194,1
8.099552,0.002016,2.028394,202.196527,3403080,12195,1
8.101568,0.002016,2.027529,202.11173,3401630,12196,2
8.105607,0.004039,2.030098,202.363572,3405940,12198,1
8.107623,0.002016,2.034205,202.766185,3412830,12199,1
8.109645,0.002022,2.037954,203.133702,3419120,12200,1
8.111661,0.002016,2.040005,203.334764,3422560,12201,2
8.1157,0.004039,2.039766,203.311334,3422160,12203,1
8.117716,0.002016,2.031487,202.499737,3408270,12204,1
8.119732,0.002016,2.031416,202.492776,3408150,12205,1
8.121754,0.002022,2.037317,203.071257,3418050,12206,1
8.12377,0.002016,2.027655,202.124082,3401840,12207,2
8.127808,0.004038,2.034354,202.780791,3413080,12209,1
8.129824,0.002016,2.031398,202.491012,3408120,12210,1
8.13184,0.002016,2.028972,202.253189,3404050,12211,1
8.133863,0.002023,2.024198,201.785189,3396040,12212,2
8.137901,0.004038,2.030367,202.389942,3406390,12214,1
8.139917,0.002016,2.031273,202.478758,3407910,12215,1
8.141933,0.002016,2.028346,202.191821,3403000,12216,1
8.143956,0.002023,2.036971,203.037338,3417470,12217,2
8.147988,0.004032,2.040011,203.335352,3422570,12219,1
8.15001,0.002022,2.037102,203.05018,3417690,12220,1
8.152026,0.002016,2.022964,201.664219,3393970,12221,1
8.154042,0.002016,2.023804,201.746565,3395380,12222,2
8.15808,0.004038,2.02899,202.254953,3404080,12224,1
8.160097,0.002017,2.045918,203.91442,3432480,12225,1
8.162119,0.002022,2.04497,203.821487,3430890,12226,1
8.164135,0.002016,2.030462,202.399255,3406550,12227,2
8.168173,0.004038,2.033216,202.669232,3411170,12229,1
8.170189,0.002016,2.030212,202.374747,3406130,12230,1
8.172205,0.002016,2.03284,202.632372,3410540,12231,1
8.174228,0.002023,2.035958,202.938033,3415770,12232,1
8.176244,0.002016,2.033436,202.690799,3411540,12233,2
8.180282,0.004038,2.028543,202.211134,3403330,12235,1
8.182298,0.002016,2.036095,202.951463,3416000,12236,1
8.18432,0.002022,2.032161,202.565809,3409400,12237,1
8.186336,0.002016,2.037293,203.068904,3418010,12238,2
8.190375,0.004039,2.039117,203.247712,3421070,12240,1
8.192391,0.002016,2.030838,202.436114,3407180,12241,1
8.194407,0.002016,2.033448,202.691975,3411560,12242,1
8.196429,0.002022,2.03253,202.601983,3410020,12243,2
8.200468,0.004039,2.031672,202.517872,3408580,12245,1
8.202484,0.002016,2.030814,202.433762,3407140,12246,1
8.2045,0.002016,2.039218,203.257613,3421240,12247,1
8.206516,0.002016,2.044922,203.816782,3430810,12248,2
8.210554,0.004038,2.034897,202.834022,3413990,12250,1
8.212576,0.002022,2.031255,202.476993,3407880,12251,1
8.214592,0.002016,2.032292,202.578651,3409620,12252,1
8.216608,0.002016,2.036929,203.033221,3417400,12253,1
8.218624,0.002016,2.03436,202.781379,3413090,12254,2
8.222663,0.004039,2.038544,203.191541,3420110,12256,1
8.224685,0.002022,2.038413,203.178699,3419890,12257,1
8.226701,0.002016,2.03582,202.924504,3415540,12258,1
8.228717,0.002016,2.033073,202.655214,3410930,12259,2
8.232756,0.004039,2.03048,202.401019,3406580,12261,1
8.234772,0.002016,2.028674,202.223976,3403550,12262,1
8.236794,0.002022,2.032489,202.597963,3409950,12263,1
8.23881,0.002016,2.034765,202.821082,3413770,12264,2
8.242848,0.004038,2.02924,202.279461,3404500,12266,1
8.244864,0.002016,2.034897,202.834022,3413990,12267,1
8.24688,0.002016,2.033502,202.697269,3411650,12268,1
8.248903,0.002023,2.025592,201.921844,3398380,12269,2
8.252935,0.004032,2.039897,203.324176,3422380,12271,1
8.254957,0.002022,2.039135,203.249477,3421100,12272,1
8.256973,0.002016,2.043015,203.629837,3427610,12273,1
8.258989,0.002016,2.036595,203.000478,3416840,12274,1
8.261012,0.002023,2.031356,202.486894,3408050,12275,2
8.265044,0.004032,2.028853,202.241523,3403850,12277,1
8.267066,0.002022,2.033293,202.67678,3411300,12278,1
8.269082,0.002016,2.030122,202.365924,3405980,12279,1
8.271098,0.002016,2.038056,203.143702,3419290,12280,2
8.275136,0.004038,2.039254,203.261143,3421300,12282,1
8.277153,0.002017,2.034855,202.829905,3413920,12283,1
8.279175,0.002022,2.030545,202.407391,3406690,12284,1
8.281191,0.002016,2.0365,202.991165,3416680,12285,2
8.285229,0.004038,2.038825,203.219087,3420580,12287,1
8.287245,0.002016,2.041584,203.489555,3425210,12288,1
8.289261,0.002016,2.031505,202.501501,3408300,12289,1
8.291284,0.002023,2.04035,203.368584,3423140,12290,2
8.295322,0.004038,2.037072,203.047239,3417640,12292,1
8.297338,0.002016,2.040952,203.427599,3424150,12293,1
8.299354,0.002016,2.029932,202.347298,3405660,12294,1
8.301377,0.002023,2.033383,202.685603,3411450,12295,2
8.305409,0.004032,2.038985,203.234772,3420850,12297,1
8.307431,0.002022,2.024245,201.789797,3396120,12298,1
8.309447,0.002016,2.021652,201.535603,3391770,12299,1
8.311463,0.002016,2.033669,202.71364,3411930,12300,1
8.313485,0.002022,2.046549,203.976278,3433540,12301,2
8.317517,0.004032,2.04075,203.407797,3423810,12303,1
8.31954,0.002023,2.040905,203.422992,3424070,12304,1
8.321556,0.002016,2.043313,203.65905,3428110,12305,1
8.323572,0.002016,2.030438,202.396902,3406510,12306,2
8.32761,0.004038,2.032495,202.598552,3409960,12308,1
8.329632,0.002022,2.031714,202.52199,3408650,12309,1
8.331648,0.002016,2.036041,202.946169,3415910,12310,1
8.333664,0.002016,2.03408,202.753931,3412620,12311,2
8.337703,0.004039,2.028292,202.186528,3402910,12313,1
8.339719,0.002016,2.031255,202.476993,3407880,12314,1
8.341741,0.002022,2.035689,202.911662,3415320,12315,1
8.343757,0.002016,2.036476,202.988813,3416640,12316,2
8.347796,0.004039,2.039218,203.257613,3421240,12318,1
8.349812,0.002016,2.037221,203.061846,3417890,12319,1
8.351828,0.002016,2.036178,202.959599,3416140,12320,1
8.35385,0.002022,2.03501,202.845099,3414180,12321,1
8.355866,0.002016,2.036464,202.987636,3416620,12322,2
8.359904,0.004038,2.037936,203.131938,3419090,12324,1
8.36192,0.002016,2.023745,201.740781,3395280,12325,1
8.363943,0.002023,2.03079,202.431409,3407100,12326,1
8.365959,0.002016,2.037549,203.094,3418440,12327,2
8.369997,0.004038,2.034652,202.810004,3413580,12329,1
8.372013,0.002016,2.033538,202.700798,3411710,12330,1
8.374029,0.002016,2.028662,202.222799,3403530,12331,1
8.376052,0.002023,2.032924,202.640607,3410680,12332,2
8.380084,0.004032,2.0329,202.638254,3410640,12334,1
8.382106,0.002022,2.030933,202.445427,3407340,12335,1
8.384122,0.002016,2.035183,202.862059,3414470,12336,1
8.386144,0.002022,2.033669,202.71364,3411930,12337,2
8.390176,0.004032,2.03402,202.748049,3412520,12339,1
8.392199,0.002023,2.046013,203.923733,3432640,12340,1
8.394215,0.002016,2.037001,203.040279,3417520,12341,1
8.396231,0.002016,2.035242,202.867843,3414570,12342,1
8.398253,0.002022,2.038056,203.143702,3419290,12343,2
8.402285,0.004032,2.033842,202.730599,3412220,12345,1
8.404308,0.002023,2.034354,202.780791,3413080,12346,1
8.406324,0.002016,2.029788,202.333182,3405420,12347,1
8.40834,0.002016,2.035087,202.852648,3414310,12348,2
8.412378,0.004038,2.032781,202.626589,3410440,12350,1
8.414394,0.002016,2.031422,202.493365,3408160,12351,1
8.416417,0.002023,2.037883,203.126742,3419000,12352,1
8.418433,0.002016,2.036625,203.003419,3416890,12353,2
8.422471,0.004038,2.035397,202.883037,3414830,12355,1
8.424487,0.002016,2.038997,203.235949,3420870,12356,1
8.426509,0.002022,2.038074,203.145466,3419320,12357,1
8.428525,0.002016,2.033281,202.675604,3411280,12358,2
8.432564,0.004039,2.031225,202.474052,3407830,12360,1
8.43458,0.002016,2.032107,202.560516,3409310,12361,1
8.436596,0.002016,2.032793,202.627765,3410460,12362,1
8.438618,0.002022,2.03681,203.021555,3417200,12363,1
8.440634,0.002016,2.04047,203.380348,3423340,12364,2
8.444672,0.004038,2.036804,203.020967,3417190,12366,1
8.446688,0.002016,2.029759,202.330339,3405370,12367,1
8.448704,0.002016,2.032667,202.615413,3410250,12368,1
8.450727,0.002023,2.033925,202.738736,3412360,12369,2
8.454765,0.004038,2.029967,202.35073,3405720,12371,1
8.456781,0.002016,2.035201,202.863823,3414500,12372,1
8.458797,0.002016,2.028865,202.2427,3403870,12373,1
8.46082,0.002023,2.031642,202.514931,3408530,12374,2
8.464852,0.004032,2.03917,203.252908,3421160,12376,1
8.466874,0.002022,2.043939,203.720417,3429160,12377,1
8.46889,0.002016,2.033472,202.694328,3411600,12378,1
8.470906,0.002016,2.033794,202.725894,3412140,12379,2
8.474944,0.004038,2.037698,203.108606,3418690,12381,1
8.47696,0.002016,2.034116,202.75746,3412680,12382,1
8.478983,0.002023,2.033442,202.691387,3411550,12383,1
8.480999,0.002016,2.042723,203.601212,3427120,12384,2
8.485037,0.004038,2.037072,203.047239,3417640,12386,1
8.487053,0.002016,2.039659,203.300845,3421980,12387,1
8.489076,0.002023,2.037662,203.105077,3418630,12388,1
8.491092,0.002016,2.034426,202.787849,3413200,12389,1
8.493108,0.002016,2.035856,202.928034,3415600,12390,2
8.497146,0.004038,2.040124,203.346429,3422760,12392,1
8.499162,0.002016,2.034861,202.830493,3413930,12393,1
8.501184,0.002022,2.028483,202.205252,3403230,12394,1
8.5032,0.002016,2.032614,202.610217,3410160,12395,2
8.507239,0.004039,2.041864,203.517003,3425680,12397,1
8.509255,0.002016,2.033293,202.67678,3411300,12398,1
8.511277,0.002022,2.034128,202.758636,3412700,12399,1
8.513293,0.002016,2.03464,202.808828,3413560,12400,2
8.517332,0.004039,2.041543,203.485535,3425140,12402,1
8.519348,0.002016,2.047741,204.093131,3435540,12403,1
8.521364,0.002016,2.052689,204.578188,3443840,12404,1
8.523386,0.002022,2.042288,203.558568,3426390,12405,2
8.527424,0.004038,2.037758,203.114488,3418790,12407,1
8.529441,0.002017,2.032679,202.616589,3410270,12408,1
8.531457,0.002016,2.034998,202.843923,3414160,12409,1
8.533479,0.002022,2.035719,202.914603,3415370,12410,1
8.535495,0.002016,2.036089,202.950875,3415990,12411,2
8.539533,0.004038,2.02198,201.567757,3392320,12413,1
8.541549,0.002016,2.032018,202.551791,3409160,12414,1
8.543565,0.002016,2.035558,202.89882,3415100,12415,1
8.545588,0.002023,2.042329,203.562588,3426460,12416,2
8.54962,0.004032,2.036959,203.036162,3417450,12418,1
8.551642,0.002022,2.035207,202.864411,3414510,12419,1
8.553658,0.002016,2.034599,202.804809,3413490,12420,1
8.55568,0.002022,2.038282,203.165856,3419670,12421,2
8.559712,0.004032,2.044082,203.734436,3429400,12423,1
8.561728,0.002016,2.049595,204.27488,3438650,12424,1
8.563751,0.002023,2.046639,203.985101,3433690,12425,1
8.565767,0.002016,2.038699,203.206735,3420370,12426,2
8.569805,0.004038,2.036667,203.007537,3416960,12428,1
8.571821,0.002016,2.049464,204.262038,3438430,12429,1
8.573844,0.002023,2.041805,203.511219,3425580,12430,1
8.57586,0.002016,2.034247,202.770302,3412900,12431,1
8.577876,0.002016,2.036548,202.995871,3416760,12432,2
8.581914,0.004038,2.030587,202.411509,3406760,12434,1
8.58393,0.002016,2.03833,203.170562,3419750,12435,1
8.585952,0.002022,2.033293,202.67678,3411300,12436,1
8.587968,0.002016,2.028394,202.196527,3403080,12437,2
8.592007,0.004039,2.029479,202.30289,3404900,12439,1
8.594023,0.002016,2.029055,202.261325,3404190,12440,1
8.596039,0.002016,2.026814,202.041638,3400430,12441,1
8.598061,0.002022,2.029192,202.274756,3404420,12442,2
8.602093,0.004032,2.030313,202.384648,3406300,12444,1
8.604116,0.002023,2.031273,202.478758,3407910,12445,1
8.606132,0.002016,2.035195,202.863235,3414490,12446,1
8.608154,0.002022,2.031463,202.497384,3408230,12447,2
8.612186,0.004032,2.023113,201.678826,3394220,12449,1
8.614208,0.002022,2.030474,202.400431,3406570,12450,1
8.616224,0.002016,2.033228,202.670408,3411190,12451,1
8.61824,0.002016,2.044785,203.803351,3430580,12452,1
8.620263,0.002023,2.038002,203.138408,3419200,12453,2
8.624295,0.004032,2.030027,202.356611,3405820,12455,1
8.626317,0.002022,2.035791,202.921662,3415490,12456,1
8.628333,0.002016,2.040964,203.428775,3424170,12457,1
8.630349,0.002016,2.033567,202.703641,3411760,12458,2
8.634388,0.004039,2.038586,203.195658,3420180,12460,1
8.636404,0.002016,2.032191,202.56875,3409450,12461,1
8.638426,0.002022,2.035505,202.893625,3415010,12462,1
8.640442,0.002016,2.043575,203.684734,3428550,12463,2
8.644481,0.004039,2.047223,204.042351,3434670,12465,1
8.646497,0.002016,2.034068,202.752754,3412600,12466,1
8.648513,0.002016,2.036715,203.012242,3417040,12467,1
8.650535,0.002022,2.040213,203.355154,3422910,12468,2
8.654573,0.004038,2.041203,203.452205,3424570,12470,1
8.656589,0.002016,2.035189,202.862647,3414480,12471,1
8.658605,0.002016,2.03281,202.629431,3410490,12472,1
8.660621,0.002016,2.037811,203.119684,3418880,12473,2
8.66466,0.004039,2.042723,203.601212,3427120,12475,1
8.666676,0.002016,2.039069,203.243007,3420990,12476,1
8.668698,0.002022,2.036214,202.963129,3416200,12477,1
8.670714,0.002016,2.040261,203.35986,3422990,12478,1
8.672736,0.002022,2.037716,203.110371,3418720,12479,2
8.676768,0.004032,2.042603,203.589448,3426920,12481,1
8.678784,0.002016,2.041262,203.457989,3424670,12482,1
8.680807,0.002023,2.037519,203.091059,3418390,12483,1
8.682823,0.002016,2.034914,202.835688,3414020,12484,2
8.686861,0.004038,2.033967,202.742853,3412430,12486,1
8.688877,0.002016,2.035654,202.908231,3415260,12487,1
8.6909,0.002023,2.030665,202.419155,3406890,12488,1
8.692916,0.002016,2.036828,203.02332,3417230,12489,2
8.696954,0.004038,2.045441,203.86766,3431680,12491,1
8.69897,0.002016,2.036279,202.969501,3416310,12492,1
8.700986,0.002016,2.032906,202.638842,3410650,12493,1
8.703008,0.002022,2.0338,202.726482,3412150,12494,2
8.70704,0.004032,2.041066,203.438775,3424340,12496,1
8.709063,0.002023,2.038246,203.162327,3419610,12497,1
8.711079,0.002016,2.034569,202.801868,3413440,12498,1
8.713095,0.002016,2.035272,202.870783,3414620,12499,1
8.715117,0.002022,2.035439,202.887155,3414900,12500,2
8.719149,0.004032,2.033669,202.71364,3411930,12502,1
8.721172,0.002023,2.036101,202.952051,3416010,12503,1
8.723188,0.002016,2.043808,203.707575,3428940,12504,1
8.725204,0.002016,2.046984,204.018921,3434270,12505,2
8.729242,0.004038,2.034217,202.767361,3412850,12507,1
8.731264,0.002022,2.036321,202.973618,3416380,12508,1
8.733281,0.002017,2.043229,203.650815,3427970,12509,1
8.735296,0.002015,2.04041,203.374466,3423240,12510,2
8.739335,0.004039,2.038133,203.15125,3419420,12512,1
8.741351,0.002016,2.040386,203.372114,3423200,12513,1
8.743373,0.002022,2.034819,202.826375,3413860,12514,1
8.745389,0.002016,2.031893,202.539537,3408950,12515,2
8.749428,0.004039,2.019751,201.349246,3388580,12517,1
8.751444,0.002016,2.023846,201.750682,3395450,12518,1
8.75346,0.002016,2.032751,202.623648,3410390,12519,1
8.755482,0.002022,2.027673,202.125847,3401870,12520,1
8.757498,0.002016,2.033442,202.691387,3411550,12521,2
8.761537,0.004039,2.032024,202.552379,3409170,12523,1
8.763553,0.002016,2.037644,203.103313,3418600,12524,1
8.765569,0.002016,2.042443,203.573763,3426650,12525,1
8.767591,0.002022,2.049774,204.292428,3438950,12526,2
8.771629,0.004038,2.042955,203.623955,3427510,12528,1
8.773645,0.002016,2.044076,203.733848,3429390,12529,1
8.775661,0.002016,2.046281,203.950006,3433090,12530,1
8.777684,0.002023,2.040458,203.379172,3423320,12531,2
8.781716,0.004032,2.031916,202.541792,3408990,12533,1
8.783738,0.002022,2.026898,202.049873,3400570,12534,1
8.785754,0.002016,2.03712,203.051945,3417720,12535,1
8.78777,0.002016,2.031791,202.529538,3408780,12536,2
8.791808,0.004038,2.025861,201.948215,3398830,12538,1
8.793824,0.002016,2.036709,203.011654,3417030,12539,1
8.795847,0.002023,2.045178,203.841878,3431240,12540,1
8.797863,0.002016,2.035809,202.923426,3415520,12541,1
8.799879,0.002016,2.032137,202.563457,3409360,12542,2
8.803917,0.004038,2.037072,203.047239,3417640,12544,1
8.80594,0.002023,2.040029,203.337116,3422600,12545,1
8.807956,0.002016,2.033097,202.657566,3410970,12546,1
8.809972,0.002016,2.031881,202.538361,3408930,12547,2
8.81401,0.004038,2.038163,203.154191,3419470,12549,1
8.816026,0.002016,2.045769,203.899814,3432230,12550,1
8.818048,0.002022,2.036458,202.987048,3416610,12551,1
8.820064,0.002016,2.049881,204.302917,3439130,12552,2
8.824103,0.004039,2.050322,204.346149,3439870,12554,1
8.826119,0.002016,2.045643,203.887462,3432020,12555,1
8.828135,0.002016,2.040517,203.384956,3423420,12556,1
8.830157,0.002022,2.03495,202.839218,3414080,12557,2
8.834196,0.004039,2.041668,203.497789,3425350,12559,1
8.836212,0.002016,2.041698,203.50073,3425400,12560,1
8.838228,0.002016,2.044851,203.809821,3430690,12561,1
8.84025,0.002022,2.041823,203.512984,3425610,12562,2
8.844282,0.004032,2.042407,203.570234,3426590,12564,1
8.846305,0.002023,2.054405,204.746409,3446720,12565,1
8.84832,0.002015,2.045494,203.872855,3431770,12566,1
8.850336,0.002016,2.039939,203.328294,3422450,12567,1
8.852359,0.002023,2.045804,203.903245,3432290,12568,2
8.856391,0.004032,2.04373,203.699929,3428810,12570,1
8.858413,0.002022,2.04618,203.940105,3432920,12571,1
8.860429,0.002016,2.037877,203.126154,3418990,12572,1
8.862445,0.002016,2.043295,203.657285,3428080,12573,2
8.866484,0.004039,2.033007,202.648743,3410820,12575,1
8.8685,0.002016,2.029526,202.307498,3404980,12576,1
8.870522,0.002022,2.032262,202.57571,3409570,12577,1
8.872538,0.002016,2.029663,202.320928,3405210,12578,2
8.876577,0.004039,2.031845,202.534832,3408870,12580,1
8.878593,0.002016,2.037948,203.133114,3419110,12581,1
8.880609,0.002016,2.040285,203.362212,3423030,12582,1
8.882631,0.002022,2.029979,202.351906,3405740,12583,2
8.886669,0.004038,2.042449,203.574351,3426660,12585,1
8.888685,0.002016,2.04289,203.617583,3427400,12586,1
8.890701,0.002016,2.04038,203.371525,3423190,12587,1
8.892724,0.002023,2.034348,202.780203,3413070,12588,1
8.89474,0.002016,2.032948,202.64296,3410720,12589,2
8.898778,0.004038,2.034688,202.813533,3413640,12591,1
8.900794,0.002016,2.032351,202.584435,3409720,12592,1
8.90281,0.002016,2.038306,203.168209,3419710,12593,1
8.904832,0.002022,2.044612,203.786392,3430290,12594,2
8.908864,0.004032,2.047211,204.041174,3434650,12596,1
8.910887,0.002023,2.043492,203.676597,3428410,12597,1
8.912903,0.002016,2.032655,202.614237,3410230,12598,1
8.914919,0.002016,2.032787,202.627177,3410450,12599,2
8.918957,0.004038,2.036631,203.004007,3416900,12601,1
8.920973,0.002016,2.038282,203.165856,3419670,12602,1
8.922996,0.002023,2.043158,203.643855,3427850,12603,1
8.925012,0.002016,2.0392,203.255849,3421210,12604,2
8.92905,0.004038,2.038395,203.176934,3419860,12606,1
8.931066,0.002016,2.045614,203.884619,3431970,12607,1
8.933082,0.002016,2.042079,203.53808,3426040,12608,1
8.935104,0.002022,2.044135,203.739631,3429490,12609,1
8.93712,0.002016,2.049047,204.221159,3437730,12610,2
8.941159,0.004039,2.046388,203.960495,3433270,12612,1
8.943175,0.002016,2.039784,203.313099,3422190,12613,1
8.945191,0.002016,2.031821,202.532479,3408830,12614,1
8.947213,0.002022,2.029979,202.351906,3405740,12615,2
8.951245,0.004032,2.033263,202.673839,3411250,12617,1
8.953268,0.002023,2.04798,204.11656,3435940,12618,1
8.955284,0.002016,2.036387,202.980088,3416490,12619,1
8.9573,0.002016,2.036476,202.988813,3416640,12620,2
8.961338,0.004038,2.032232,202.57277,3409520,12622,1
8.963354,0.002016,2.036512,202.992342,3416700,12623,1
8.965377,0.002023,2.024984,201.862242,3397360,12624,1
8.967393,0.002016,2.026391,202.000171,3399720,12625,2
8.971424,0.004031,2.038103,203.148309,3419370,12627,1
8.973447,0.002023,2.035236,202.867254,3414560,12628,1
8.975463,0.002016,2.039546,203.289768,3421790,12629,1
8.977485,0.002022,2.03864,203.200952,3420270,12630,2
8.981517,0.004032,2.034897,202.834022,3413990,12632,1
8.98354,0.002023,2.038687,203.205559,3420350,12633,1
8.985556,0.002016,2.03104,202.455917,3407520,12634,1
8.987572,0.002016,2.033412,202.688446,3411500,12635,1
8.989594,0.002022,2.040404,203.373878,3423230,12636,2
8.993626,0.004032,2.045155,203.839623,3431200,12638,1
8.995649,0.002023,2.033007,202.648743,3410820,12639,1
8.997664,0.002015,2.041709,203.501808,3425420,12640,1
8.99968,0.002016,2.040929,203.425344,3424110,12641,2
9.003719,0.004039,2.039546,203.289768,3421790,12643,1
9.005735,0.002016,2.03203,202.552967,3409180,12644,1
9.007757,0.002022,2.036649,203.005772,3416930,12645,1
9.009773,0.002016,2.047455,204.065094,3435060,12646,2
9.013812,0.004039,2.051884,204.499273,3442490,12648,1
9.015828,0.002016,2.041471,203.478477,3425020,12649,1
9.017844,0.002016,2.04528,203.851877,3431410,12650,1
9.01986,0.002016,2.040952,203.427599,3424150,12651,2
9.023898,0.004038,2.051932,204.503978,3442570,12653,1
9.02592,0.002022,2.043003,203.62866,3427590,12654,1
9.027936,0.002016,2.028704,202.226917,3403600,12655,1
9.029952,0.002016,2.035004,202.844511,3414170,12656,1
9.031975,0.002023,2.041072,203.439363,3424350,12657,2
9.036007,0.004032,2.046645,203.985689,3433700,12659,1
9.038029,0.002022,2.046609,203.98216,3433640,12660,1
9.040045,0.002016,2.036023,202.944405,3415880,12661,1
9.042068,0.002023,2.034336,202.779027,3413050,12662,2
9.0461,0.004032,2.040064,203.340548,3422660,12664,1
9.048122,0.002022,2.040195,203.35339,3422880,12665,1
9.050138,0.002016,2.038914,203.227812,3420730,12666,1
9.052154,0.002016,2.040899,203.422403,3424060,12667,2
9.056192,0.004038,2.041543,203.485535,3425140,12669,1
9.058208,0.002016,2.046162,203.93834,3432890,12670,1
9.060224,0.002016,2.037299,203.069492,3418020,12671,1
9.062247,0.002023,2.038425,203.179875,3419910,12672,2
9.066285,0.004038,2.04531,203.854818,3431460,12674,1
9.068301,0.002016,2.045083,203.832565,3431080,12675,1
9.070317,0.002016,2.048367,204.154498,3436590,12676,1
9.072333,0.002016,2.046525,203.973925,3433500,12677,1
9.074356,0.002023,2.05003,204.317524,3439380,12678,2
9.078388,0.004032,2.043265,203.654344,3428030,12680,1
9.08041,0.002022,2.030462,202.399255,3406550,12681,1
9.082426,0.002016,2.03312,202.659821,3411010,12682,1
9.084449,0.002023,2.037418,203.081158,3418220,12683,2
9.088481,0.004032,2.038062,203.14429,3419300,12685,1
9.090497,0.002016,2.038705,203.207324,3420380,12686,1
9.092519,0.002022,2.035892,202.931563,3415660,12687,1
9.094535,0.002016,2.043259,203.653756,3428020,12688,2
9.098573,0.004038,2.042115,203.541609,3426100,12690,1
9.100589,0.002016,2.037418,203.081158,3418220,12691,1
9.102605,0.002016,2.044809,203.805704,3430620,12692,1
9.104628,0.002023,2.045423,203.865895,3431650,12693,2
9.108666,0.004038,2.045584,203.881678,3431920,12695,1
9.110682,0.002016,2.04789,204.107737,3435790,12696,1
9.112698,0.002016,2.042496,203.578959,3426740,12697,1
9.11472,0.002022,2.037334,203.072923,3418080,12698,1
9.116736,0.002016,2.040935,203.425932,3424120,12699,2
9.120775,0.004039,2.048135,204.131755,3436200,12701,1
9.122791,0.002016,2.050179,204.33213,3439630,12702,1
9.124807,0.002016,2.046204,203.942457,3432960,12703,1
9.126829,0.002022,2.047378,204.057546,3434930,12704,2
9.130861,0.004032,2.04258,203.587193,3426880,12706,1
9.132884,0.002023,2.042133,203.543373,3426130,12707,1
9.1349,0.002016,2.039886,203.323098,3422360,12708,1
9.136916,0.002016,2.040976,203.429952,3424190,12709,2
9.140954,0.004038,2.038854,203.22193,3420630,12711,1
9.14297,0.002016,2.04879,204.195965,3437300,12712,1
9.144992,0.002022,2.042001,203.530433,3425910,12713,1
9.147008,0.002016,2.040678,203.400739,3423690,12714,2
9.151047,0.004039,2.038759,203.212617,3420470,12716,1
9.153063,0.002016,2.041751,203.505926,3425490,12717,1
9.155079,0.002016,2.040249,203.358683,3422970,12718,1
9.157101,0.002022,2.043372,203.664834,3428210,12719,2
9.16114,0.004039,2.039558,203.290944,3421810,12721,1
9.163156,0.002016,2.042931,203.621602,3427470,12722,1
9.165172,0.002016,2.0423,203.559745,3426410,12723,1
9.167194,0.002022,2.045208,203.844819,3431290,12724,1
9.16921,0.002016,2.050668,204.380067,3440450,12725,2
9.173248,0.004038,2.047777,204.09666,3435600,12727,1
9.175264,0.002016,2.045745,203.897461,3432190,12728,1
9.17728,0.002016,2.037269,203.066551,3417970,12729,1
9.179303,0.002023,2.033091,202.656978,3410960,12730,2
9.183335,0.004032,2.041161,203.448087,3424500,12732,1
9.185357,0.002022,2.044725,203.79747,3430480,12733,1
9.187373,0.002016,2.040273,203.361036,3423010,12734,1
9.189389,0.002016,2.044731,203.798058,3430490,12735,2
9.193428,0.004039,2.033818,202.728247,3412180,12737,1
9.195444,0.002016,2.033967,202.742853,3412430,12738,1
9.197466,0.002022,2.037853,203.123801,3418950,12739,1
9.199482,0.002016,2.042031,203.533374,3425960,12740,2
9.20352,0.004038,2.040428,203.376231,3423270,12742,1
9.205536,0.002016,2.044123,203.738455,3429470,12743,1
9.207553,0.002017,2.047652,204.084406,3435390,12744,1
9.209575,0.002022,2.031332,202.484542,3408010,12745,1
9.211591,0.002016,2.033627,202.709523,3411860,12746,2
9.215629,0.004038,2.038658,203.202716,3420300,12748,1
9.217645,0.002016,2.043015,203.629837,3427610,12749,1
9.219668,0.002023,2.035517,202.894801,3415030,12750,1
9.221684,0.002016,2.036464,202.987636,3416620,12751,2
9.225722,0.004038,2.034152,202.760989,3412740,12753,1
9.227738,0.002016,2.040422,203.375643,3423260,12754,1
9.229754,0.002016,2.042633,203.592389,3426970,12755,1
9.231776,0.002022,2.0423,203.559745,3426410,12756,2
9.235808,0.004032,2.044064,203.732671,3429370,12758,1
9.237831,0.002023,2.046382,203.959907,3433260,12759,1
9.239847,0.002016,2.045923,203.914911,3432490,12760,1
9.241863,0.002016,2.036101,202.952051,3416010,12761,2
9.245901,0.004038,2.043974,203.723848,3429220,12763,1
9.247924,0.002023,2.043438,203.671304,3428320,12764,1
9.24994,0.002016,2.046704,203.991473,3433800,12765,1
9.251956,0.002016,2.049202,204.236354,3437990,12766,1
9.253978,0.002022,2.042049,203.535139,3425990,12767,2
9.25801,0.004032,2.047563,204.075681,3435240,12769,1
9.260032,0.002022,2.04407,203.733259,3429380,12770,1
9.262048,0.002016,2.048355,204.153322,3436570,12771,1
9.264064,0.002016,2.044964,203.820899,3430880,12772,2
9.268103,0.004039,2.040899,203.422403,3424060,12774,1
9.270119,0.002016,2.042836,203.612289,3427310,12775,1
9.272141,0.002022,2.036333,202.974794,3416400,12776,1
9.274157,0.002016,2.037442,203.083511,3418260,12777,2
9.278196,0.004039,2.04165,203.496025,3425320,12779,1
9.280212,0.002016,2.034199,202.765596,3412820,12780,1
9.282234,0.002022,2.036649,203.005772,3416930,12781,1
9.28425,0.002016,2.041799,203.510631,3425570,12782,2
9.288288,0.004038,2.042603,203.589448,3426920,12784,1
9.290304,0.002016,2.033252,202.672761,3411230,12785,1
9.29232,0.002016,2.039361,203.271632,3421480,12786,1
9.294343,0.002023,2.045166,203.840701,3431220,12787,1
9.296359,0.002016,2.054036,204.710235,3446100,12788,2
9.300397,0.004038,2.0446,203.785216,3430270,12790,1
9.302413,0.002016,2.049822,204.297133,3439030,12791,1
9.304436,0.002023,2.044165,203.742572,3429540,12792,1
9.306452,0.002016,2.044421,203.767668,3429970,12793,2
9.31049,0.004038,2.046531,203.974513,3433510,12795,1
9.312506,0.002016,2.043396,203.667187,3428250,12796,1
9.314522,0.002016,2.044511,203.776491,3430120,12797,1
9.316545,0.002023,2.048373,204.155086,3436600,12798,2
9.320577,0.004032,2.038723,203.209088,3420410,12800,1
9.322599,0.002022,2.041489,203.480242,3425050,12801,1
9.324615,0.002016,2.039677,203.30261,3422010,12802,1
9.326637,0.002022,2.044213,203.747278,3429620,12803,2
9.330669,0.004032,2.047557,204.075093,3435230,12805,1
9.332692,0.002023,2.044958,203.820311,3430870,12806,1
9.334708,0.002016,2.037674,203.106254,3418650,12807,1
9.336724,0.002016,2.046198,203.941869,3432950,12808,2
9.340762,0.004038,2.05012,204.326346,3439530,12810,1
9.342784,0.002022,2.049673,204.282526,3438780,12811,1
9.344801,0.002017,2.050239,204.338012,3439730,12812,1
9.346817,0.002016,2.042073,203.537492,3426030,12813,1
9.348839,0.002022,2.037311,203.070668,3418040,12814,2
9.352871,0.004032,2.043879,203.714535,3429060,12816,1
9.354893,0.002022,2.046317,203.953535,3433150,12817,1
9.356909,0.002016,2.046973,204.017843,3434250,12818,1
9.358932,0.002023,2.041632,203.49426,3425290,12819,2
9.362964,0.004032,2.054238,204.730038,3446440,12821,1
9.36498,0.002016,2.054167,204.723077,3446320,12822,1
9.367002,0.002022,2.048039,204.122344,3436040,12823,1
9.369018,0.002016,2.045643,203.887462,3432020,12824,2
9.373056,0.004038,2.050006,204.315171,3439340,12826,1
9.375072,0.002016,2.039778,203.312511,3422180,12827,1
9.377095,0.002023,2.041006,203.432893,3424240,12828,1
9.379111,0.002016,2.04404,203.730318,3429330,12829,2
9.383149,0.004038,2.043664,203.693459,3428700,12831,1
9.385165,0.002016,2.043647,203.691792,3428670,12832,1
9.387188,0.002023,2.047747,204.093719,3435550,12833,1
9.389204,0.002016,2.042574,203.586605,3426870,12834,1
9.39122,0.002016,2.049726,204.287722,3438870,12835,2
9.395258,0.004038,2.051365,204.448395,3441620,12837,1
9.397274,0.002016,2.046394,203.961083,3433280,12838,1
9.399296,0.002022,2.041388,203.47034,3424880,12839,1
9.401312,0.002016,2.044433,203.768845,3429990,12840,2
9.405351,0.004039,2.04277,203.605819,3427200,12842,1
9.407367,0.002016,2.047187,204.038822,3434610,12843,1
9.409383,0.002016,2.046031,203.925498,3432670,12844,1
9.411405,0.002022,2.043128,203.640914,3427800,12845,2
9.415437,0.004032,2.045512,203.87462,3431800,12847,1
9.41746,0.002023,2.044994,203.82384,3430930,12848,1
9.419476,0.002016,2.046782,203.999119,3433930,12849,1
9.421492,0.002016,2.047652,204.084406,3435390,12850,2
9.42553,0.004038,2.04193,203.523473,3425790,12852,1
9.427546,0.002016,2.046126,203.934811,3432830,12853,1
9.429569,0.002023,2.039284,203.264083,3421350,12854,1
9.431585,0.002016,2.040762,203.408973,3423830,12855,1
9.433601,0.002016,2.040058,203.339959,3422650,12856,2
9.437639,0.004038,2.04379,203.705811,3428910,12858,1
9.439661,0.002022,2.040637,203.396719,3423620,12859,1
9.441677,0.002016,2.040255,203.359271,3422980,12860,1
9.443693,0.002016,2.03948,203.283298,3421680,12861,2
9.447732,0.004039,2.045798,203.902657,3432280,12863,1
9.449748,0.002016,2.047318,204.051664,3434830,12864,1
9.45177,0.002022,2.051204,204.432612,3441350,12865,1
9.453786,0.002016,2.05012,204.326346,3439530,12866,2
9.457825,0.004039,2.047497,204.069211,3435130,12868,1
9.45984,0.002015,2.046317,203.953535,3433150,12869,1
9.461856,0.002016,2.044594,203.784628,3430260,12870,1
9.463879,0.002023,2.047127,204.03294,3434510,12871,2
9.467917,0.004038,2.043587,203.68591,3428570,12873,1
9.469933,0.002016,2.041,203.432304,3424230,12874,1
9.471949,0.002016,2.058452,205.14314,3453510,12875,1
9.473972,0.002023,2.052945,204.603284,3444270,12876,1
9.475988,0.002016,2.049327,204.248608,3438200,12877,2
9.480026,0.004038,2.046812,204.00206,3433980,12879,1
9.482042,0.002016,2.03712,203.051945,3417720,12880,1
9.484058,0.002016,2.037853,203.123801,3418950,12881,1
9.48608,0.002022,2.048761,204.193122,3437250,12882,2
9.490112,0.004032,2.042717,203.600624,3427110,12884,1
9.492135,0.002023,2.051765,204.487607,3442290,12885,1
9.494151,0.002016,2.044141,203.74022,3429500,12886,1
9.496167,0.002016,2.04885,204.201847,3437400,12887,2
9.500205,0.004038,2.048647,204.181947,3437060,12889,1
9.502228,0.002023,2.052748,204.583971,3443940,12890,1
9.504244,0.002016,2.046633,203.984513,3433680,12891,1
9.50626,0.002016,2.045369,203.860601,3431560,12892,2
9.510298,0.004038,2.046716,203.992649,3433820,12894,1
9.512314,0.002016,2.042544,203.583664,3426820,12895,1
9.514336,0.002022,2.04199,203.529355,3425890,12896,1
9.516352,0.002016,2.047199,204.039998,3434630,12897,2
9.520391,0.004039,2.050352,204.349089,3439920,12899,1
9.522407,0.002016,2.05515,204.819442,3447970,12900,1
9.524423,0.002016,2.055126,204.817089,3447930,12901,1
9.526445,0.002022,2.054399,204.745821,3446710,12902,1
9.528461,0.002016,2.051288,204.440846,3441490,12903,2
9.5325,0.004039,2.049971,204.31174,3439280,12905,1
9.534516,0.002016,2.047545,204.073917,3435210,12906,1
9.536538,0.002022,2.055365,204.840518,3448330,12907,1
9.538554,0.002016,2.051771,204.488195,3442300,12908,2
9.542592,0.004038,2.050614,204.374774,3440360,12910,1
9.544608,0.002016,2.056968,204.997662,3451020,12911,1
9.546624,0.002016,2.059746,205.269992,3455680,12912,1
9.548647,0.002023,2.046764,203.997355,3433900,12913,2
9.552679,0.004032,2.046943,204.014902,3434200,12915,1
9.554701,0.002022,2.0576,205.059617,3452080,12916,1
9.556717,0.002016,2.04469,203.794038,3430420,12917,1
9.55874,0.002023,2.051383,204.450159,3441650,12918,2
9.562772,0.004032,2.05065,204.378303,3440420,12920,1
9.564794,0.002022,2.049267,204.242726,3438100,12921,1
9.56681,0.002016,2.048367,204.154498,3436590,12922,1
9.568826,0.002016,2.048188,204.136951,3436290,12923,1
9.570848,0.002022,2.056634,204.96492,3450460,12924,2
9.57488,0.004032,2.050036,204.318112,3439390,12926,1
9.576903,0.002023,2.056062,204.908846,3449500,12927,1
9.578919,0.002016,2.052724,204.581619,3443900,12928,1
9.580935,0.002016,2.050275,204.341541,3439790,12929,2
9.584973,0.004038,2.040887,203.421227,3424040,12931,1
9.586996,0.002023,2.042919,203.620426,3427450,12932,1
9.589012,0.002016,2.041769,203.50769,3425520,12933,1
9.591028,0.002016,2.048939,204.210572,3437550,12934,2
9.595066,0.004038,2.051371,204.448983,3441630,12936,1
9.597082,0.002016,2.053684,204.675728,3445510,12937,1
9.599104,0.002022,2.043384,203.66601,3428230,12938,1
9.60112,0.002016,2.041382,203.469752,3424870,12939,2
9.605159,0.004039,2.051568,204.468295,3441960,12941,1
9.607175,0.002016,2.05791,205.090007,3452600,12942,1
9.609191,0.002016,2.047318,204.051664,3434830,12943,1
9.611213,0.002022,2.045292,203.853053,3431430,12944,1
9.613229,0.002016,2.045316,203.855406,3431470,12945,2
9.617268,0.004039,2.041709,203.501808,3425420,12947,1
9.619284,0.002016,2.039999,203.334176,3422550,12948,1
9.621306,0.002022,2.05,204.314583,3439330,12949,1
9.623322,0.002016,2.049649,204.280174,3438740,12950,2
9.62736,0.004038,2.049601,204.275468,3438660,12952,1
9.629377,0.002017,2.053821,204.689159,3445740,12953,1
9.631393,0.002016,2.058232,205.121573,3453140,12954,1
9.633415,0.002022,2.046525,203.973925,3433500,12955,2
9.637447,0.004032,2.039224,203.258202,3421250,12957,1
9.639469,0.002022,2.046657,203.986865,3433720,12958,1
9.641485,0.002016,2.054495,204.755231,3446870,12959,1
9.643508,0.002023,2.046663,203.987453,3433730,12960,2
9.64754,0.004032,2.048767,204.19371,3437260,12962,1
9.649556,0.002016,2.049589,204.274292,3438640,12963,1
9.651578,0.002022,2.05366,204.673376,3445470,12964,1
9.653594,0.002016,2.048534,204.170869,3436870,12965,1
9.655616,0.002022,2.04854,204.171457,3436880,12966,2
9.659648,0.004032,2.040011,203.335352,3422570,12968,1
9.661671,0.002023,2.052522,204.561817,3443560,12969,1
9.663687,0.002016,2.046281,203.950006,3433090,12970,1
9.665703,0.002016,2.055639,204.867379,3448790,12971,2
9.669741,0.004038,2.053678,204.67514,3445500,12973,1
9.671757,0.002016,2.061653,205.456937,3458880,12974,1
9.67378,0.002023,2.056628,204.964331,3450450,12975,1
9.675796,0.002016,2.048737,204.19077,3437210,12976,2
9.679834,0.004038,2.043784,203.705223,3428900,12978,1
9.68185,0.002016,2.047443,204.063918,3435040,12979,1
9.683872,0.002022,2.040696,203.402503,3423720,12980,1
9.685889,0.002017,2.047902,204.108914,3435810,12981,2
9.689927,0.004038,2.051175,204.429769,3441300,12983,1
9.691943,0.002016,2.041447,203.476124,3424980,12984,1
9.693959,0.002016,2.039605,203.295551,3421890,12985,1
9.695981,0.002022,2.045232,203.847171,3431330,12986,2
9.700013,0.004032,2.053404,204.64828,3445040,12988,1
9.702036,0.002023,2.049673,204.282526,3438780,12989,1
9.704052,0.002016,2.053428,204.650633,3445080,12990,1
9.706068,0.002016,2.053958,204.702589,3445970,12991,1
9.70809,0.002022,2.051449,204.456629,3441760,12992,2
9.712128,0.004038,2.052784,204.587501,3444000,12994,1
9.714145,0.002017,2.048939,204.210572,3437550,12995,1
9.71616,0.002015,2.056128,204.915316,3449610,12996,1
9.718177,0.002017,2.055597,204.863262,3448720,12997,2
9.722215,0.004038,2.05549,204.852772,3448540,12999,1
9.724237,0.002022,2.051002,204.41281,3441010,13000,1
9.726253,0.002016,2.050114,204.325758,3439520,13001,1
9.728269,0.002016,2.04277,203.605819,3427200,13002,2
9.732308,0.004039,2.047086,204.028921,3434440,13004,1
9.734324,0.002016,2.048308,204.148714,3436490,13005,1
9.736346,0.002022,2.057093,205.009916,3451230,13006,1
9.738362,0.002016,2.059662,205.261757,3455540,13007,2
9.742401,0.004039,2.058131,205.111672,3452970,13009,1
9.744416,0.002015,2.050292,204.343208,3439820,13010,1
9.746432,0.002016,2.053654,204.672787,3445460,13011,1
9.748455,0.002023,2.054328,204.73886,3446590,13012,1
9.750471,0.002016,2.056956,204.996486,3451000,13013,2
9.754509,0.004038,2.047837,204.102542,3435700,13015,1
9.756525,0.002016,2.055287,204.832872,3448200,13016,1
9.758548,0.002023,2.056724,204.973742,3450610,13017,1
9.760564,0.002016,2.046746,203.99559,3433870,13018,2
9.764602,0.004038,2.049124,204.228708,3437860,13020,1
9.766631,0.002029,2.052754,204.58456,3443950,13021,1
9.768634,0.002003,2.043533,203.680617,3428480,13022,1
9.770656,0.002022,2.051777,204.488783,3442310,13023,2
9.774688,0.004032,2.054113,204.717784,3446230,13025,1
9.776711,0.002023,2.048391,204.156851,3436630,13026,1
9.778727,0.002016,2.048659,204.183123,3437080,13027,1
9.780743,0.002016,2.037412,203.08057,3418210,13028,2
9.784781,0.004038,2.042091,203.539256,3426060,13030,1
9.786797,0.002016,2.053976,204.704353,3446000,13031,1
9.78882,0.002023,2.053767,204.683865,3445650,13032,1
9.790836,0.002016,2.054274,204.733567,3446500,13033,1
9.792852,0.002016,2.043766,203.703458,3428870,13034,2
9.79689,0.004038,2.051795,204.490548,3442340,13036,1
9.798912,0.002022,2.049899,204.304681,3439160,13037,1
9.800928,0.002016,2.053469,204.654652,3445150,13038,1
9.802944,0.002016,2.045882,203.910891,3432420,13039,2
9.806983,0.004039,2.049953,204.309975,3439250,13041,1
9.808999,0.002016,2.046388,203.960495,3433270,13042,1
9.811021,0.002022,2.056372,204.939235,3450020,13043,1
9.813037,0.002016,2.056986,204.999426,3451050,13044,2
9.817076,0.004039,2.043408,203.668363,3428270,13046,1
9.819092,0.002016,2.043605,203.687675,3428600,13047,1
9.821108,0.002016,2.052778,204.586912,3443990,13048,1
9.82313,0.002022,2.044743,203.799234,3430510,13049,2
9.827162,0.004032,2.036619,203.002831,3416880,13051,1
9.829184,0.002022,2.049673,204.282526,3438780,13052,1
9.8312,0.002016,2.057797,205.07893,3452410,13053,1
9.833217,0.002017,2.056277,204.929923,3449860,13054,1
9.835239,0.002022,2.056026,204.905317,3449440,13055,2
9.839271,0.004032,2.058154,205.113927,3453010,13057,1
9.841293,0.002022,2.054203,204.726606,3446380,13058,1
9.843309,0.002016,2.053481,204.655828,3445170,13059,1
9.845332,0.002023,2.060556,205.349397,3457040,13060,2
9.849364,0.004032,2.046245,203.946477,3433030,13062,1
9.851386,0.002022,2.047855,204.104306,3435730,13063,1
9.853402,0.002016,2.045482,203.871679,3431750,13064,1
9.855418,0.002016,2.051175,204.429769,3441300,13065,2
9.859457,0.004039,2.043378,203.665422,3428220,13067,1
9.861473,0.002016,2.041966,203.527002,3425850,13068,1
9.863495,0.002022,2.040428,203.376231,3423270,13069,1
9.865511,0.002016,2.04832,204.149891,3436510,13070,2
9.869549,0.004038,2.045,203.824428,3430940,13072,1
9.871565,0.002016,2.056962,204.997074,3451010,13073,1
9.873581,0.002016,2.06064,205.357631,3457180,13074,1
9.875604,0.002023,2.051353,204.447218,3441600,13075,2
9.879636,0.004032,2.046633,203.984513,3433680,13077,1
9.881658,0.002022,2.055353,204.839342,3448310,13078,1
9.883674,0.002016,2.054507,204.756408,3446890,13079,1
9.885696,0.002022,2.05394,204.700824,3445940,13080,1
9.887712,0.002016,2.055675,204.870908,3448850,13081,2
9.891751,0.004039,2.058417,205.139709,3453450,13083,1
9.893767,0.002016,2.05521,204.825324,3448070,13084,1
9.895783,0.002016,2.059489,205.244798,3455250,13085,1
9.897805,0.002022,2.049965,204.311151,3439270,13086,2
9.901837,0.004032,2.051806,204.491626,3442360,13088,1
9.90386,0.002023,2.059495,205.245386,3455260,13089,1
9.905876,0.002016,2.065259,205.810436,3464930,13090,1
9.907892,0.002016,2.062565,205.546341,3460410,13091,2
9.91193,0.004038,2.06092,205.38508,3457650,13093,1
9.913946,0.002016,2.047557,204.075093,3435230,13094,1
9.915968,0.002022,2.057135,205.014033,3451300,13095,1
9.917984,0.002016,2.051806,204.491626,3442360,13096,2
9.922023,0.004039,2.053797,204.686806,3445700,13098,1
9.924039,0.002016,2.060771,205.370473,3457400,13099,1
9.926055,0.002016,2.056116,204.91414,3449590,13100,1
9.928077,0.002022,2.055073,204.811893,3447840,13101,1
9.930093,0.002016,2.050877,204.400556,3440800,13102,2
9.934132,0.004039,2.055871,204.890122,3449180,13104,1
9.936148,0.002016,2.051675,204.478784,3442140,13105,1
9.938164,0.002016,2.050412,204.354971,3440020,13106,1
9.940186,0.002022,2.057397,205.039717,3451740,13107,2
9.944225,0.004039,2.049279,204.243902,3438120,13109,1
9.946241,0.002016,2.053761,204.683277,3445640,13110,1
9.948257,0.002016,2.046633,203.984513,3433680,13111,1
9.950279,0.002022,2.054578,204.763368,3447010,13112,2
9.954311,0.004032,2.056229,204.925217,3449780,13114,1
9.956333,0.002022,2.053875,204.694452,3445830,13115,1
9.958349,0.002016,2.048361,204.15391,3436580,13116,1
9.960365,0.002016,2.057159,205.016386,3451340,13117,2
9.964404,0.004039,2.056414,204.943353,3450090,13119,1
9.96642,0.002016,2.061063,205.399098,3457890,13120,1
9.968442,0.002022,2.054399,204.745821,3446710,13121,1
9.970458,0.002016,2.053618,204.669258,3445400,13122,1
9.972474,0.002016,2.051634,204.474765,3442070,13123,2
9.976512,0.004038,2.052468,204.556523,3443470,13125,1
9.978528,0.002016,2.04345,203.67248,3428340,13126,1
9.980551,0.002023,2.057195,205.019915,3451400,13127,1
9.982567,0.002016,2.054185,204.724842,3446350,13128,2
9.986605,0.004038,2.054721,204.777386,3447250,13130,1
9.988621,0.002016,2.056867,204.987761,3450850,13131,1
9.990644,0.002023,2.056426,204.944529,3450110,13132,1
9.99266,0.002016,2.052587,204.568189,3443670,13133,2
9.996698,0.004038,2.061176,205.410176,3458080,13135,1
9.998714,0.002016,2.047819,204.100777,3435670,13136,1
10.00073,0.002016,2.045906,203.913244,3432460,13137,1
10.002752,0.002022,2.043843,203.711006,3429000,13138,2
10.006784,0.004032,2.053922,204.69906,3445910,13140,1
10.008807,0.002023,2.052635,204.572894,3443750,13141,1
10.010823,0.002016,2.057421,205.04207,3451780,13142,1
10.012839,0.002016,2.051425,204.454277,3441720,13143,1
10.014861,0.002022,2.056128,204.915316,3449610,13144,2
10.0189,0.004039,2.053756,204.682787,3445630,13146,1
10.020916,0.002016,2.048719,204.189005,3437180,13147,1
10.022932,0.002016,2.050644,204.377714,3440410,13148,1
10.024954,0.002022,2.063453,205.633392,3461900,13149,2
10.028989,0.004035,2.056473,204.949137,3450190,13151,1
10.031005,0.002016,2.049005,204.217042,3437660,13152,1
10.033028,0.002023,2.053922,204.69906,3445910,13153,1
10.035044,0.002016,2.058196,205.118044,3453080,13154,2
10.039076,0.004032,2.057445,205.044423,3451820,13156,1
10.041098,0.002022,2.065206,205.80524,3464840,13157,1
10.043114,0.002016,2.061331,205.425371,3458340,13158,1
10.045136,0.002022,2.052331,204.543093,3443240,13159,2
10.049168,0.004032,2.047831,204.101954,3435690,13161,1
10.051191,0.002023,2.058131,205.111672,3452970,13162,1
10.053207,0.002016,2.061015,205.394393,3457810,13163,1
10.055223,0.002016,2.060109,205.305577,3456290,13164,2
10.059261,0.004038,2.061123,205.40498,3457990,13166,1
10.061277,0.002016,2.056885,204.989525,3450880,13167,1
10.0633,0.002023,2.051473,204.458982,3441800,13168,1
10.065316,0.002016,2.0585,205.147845,3453590,13169,1
10.067332,0.002016,2.06039,205.333124,3456760,13170,2
10.07137,0.004038,2.05645,204.946882,3450150,13172,1
10.073392,0.002022,2.056742,204.975507,3450640,13173,1
10.075408,0.002016,2.060443,205.338319,3456850,13174,1
10.077424,0.002016,2.05887,205.184117,3454210,13175,2
10.081463,0.004039,2.056861,204.987173,3450840,13177,1
10.083479,0.002016,2.05825,205.123338,3453170,13178,1
10.085501,0.002022,2.056593,204.9609,3450390,13179,1
10.087517,0.002016,2.060044,205.299205,3456180,13180,2
10.091556,0.004039,2.05127,204.439082,3441460,13182,1
10.093572,0.002016,2.058023,205.101084,3452790,13183,1
10.095588,0.002016,2.057362,205.036286,3451680,13184,1
10.09761,0.002022,2.059346,205.230779,3455010,13185,2
10.101642,0.004032,2.059376,205.23372,3455060,13187,1
10.103664,0.002022,2.060956,205.388609,3457710,13188,1
10.10568,0.002016,2.060121,205.306753,3456310,13189,1
10.107697,0.002017,2.054965,204.801306,3447660,13190,1
10.109719,0.002022,2.058083,205.106966,3452890,13191,2
10.113751,0.004032,2.057105,205.011092,3451250,13193,1
10.115773,0.002022,2.058721,205.16951,3453960,13194,1
10.117789,0.002016,2.061355,205.427723,3458380,13195,1
10.119805,0.002016,2.058834,205.180588,3454150,13196,2
10.123844,0.004039,2.058989,205.195782,3454410,13198,1
10.12586,0.002016,2.0625,205.539969,3460300,13199,1
10.127882,0.002022,2.061522,205.444095,3458660,13200,1
10.129898,0.002016,2.063757,205.663194,3462410,13201,2
10.133936,0.004038,2.061194,205.41194,3458110,13203,1
10.135952,0.002016,2.055866,204.889632,3449170,13204,1
10.137968,0.002016,2.055639,204.867379,3448790,13205,1
10.139991,0.002023,2.058166,205.115103,3453030,13206,2
10.144029,0.004038,2.0643,205.716424,3463320,13208,1
10.146045,0.002016,2.064806,205.766028,3464170,13209,1
10.148061,0.002016,2.058816,205.178823,3454120,13210,1
10.150084,0.002023,2.053291,204.637202,3444850,13211,1
10.1521,0.002016,2.045941,203.916675,3432520,13212,2
10.156138,0.004038,2.049005,204.217042,3437660,13214,1
10.158154,0.002016,2.054775,204.78268,3447340,13215,1
10.16017,0.002016,2.063978,205.684858,3462780,13216,1
10.162192,0.002022,2.058566,205.154315,3453700,13217,2
10.166224,0.004032,2.045667,203.889815,3432060,13219,1
10.168247,0.002023,2.045876,203.910303,3432410,13220,1
10.170263,0.002016,2.056569,204.958548,3450350,13221,1
10.172285,0.002022,2.055603,204.86385,3448730,13222,2
10.176317,0.004032,2.050561,204.369578,3440270,13224,1
10.17834,0.002023,2.054876,204.792581,3447510,13225,1
10.180356,0.002016,2.051032,204.41575,3441060,13226,1
10.182372,0.002016,2.054018,204.708471,3446070,13227,2
10.18641,0.004038,2.063382,205.626432,3461780,13229,1
10.188432,0.002022,2.052885,204.597402,3444170,13230,1
10.190448,0.002016,2.054566,204.762192,3446990,13231,1
10.192464,0.002016,2.053064,204.614949,3444470,13232,2
10.196503,0.004039,2.051067,204.419182,3441120,13234,1
10.198519,0.002016,2.057111,205.01168,3451260,13235,1
10.200541,0.002022,2.068132,206.092079,3469750,13236,1
10.202557,0.002016,2.067184,205.999146,3468160,13237,1
10.204573,0.002016,2.065915,205.874744,3466030,13238,2
10.208612,0.004039,2.053916,204.698472,3445900,13240,1
10.210628,0.002016,2.055317,204.835813,3448250,13241,1
10.21265,0.002022,2.057153,205.015798,3451330,13242,1
10.214666,0.002016,2.05906,205.202743,3454530,13243,2
10.218705,0.004039,2.054054,204.712,3446130,13245,1
10.220721,0.002016,2.065068,205.791712,3464610,13246,1
10.222737,0.002016,2.06145,205.437036,3458540,13247,1
10.224759,0.002022,2.06725,206.005616,3468270,13248,2
10.228797,0.004038,2.055389,204.842871,3448370,13250,1
10.230813,0.002016,2.055997,204.902474,3449390,13251,1
10.232829,0.002016,2.051157,204.428004,3441270,13252,1
10.234852,0.002023,2.057773,205.076577,3452370,13253,2
10.238884,0.004032,2.059287,205.224996,3454910,13255,1
10.240906,0.002022,2.062082,205.498992,3459600,13256,1
10.242922,0.002016,2.057564,205.056088,3452020,13257,1
10.244938,0.002016,2.064419,205.72809,3463520,13258,1
10.24696,0.002022,2.060807,205.374003,3457460,13259,2
10.250992,0.004032,2.052462,204.555935,3443460,13261,1
10.253015,0.002023,2.05313,204.621419,3444580,13262,1
10.255031,0.002016,2.057749,205.074224,3452330,13263,1
10.257047,0.002016,2.063149,205.603591,3461390,13264,2
10.261085,0.004038,2.062577,205.547517,3460430,13266,1
10.263108,0.002023,2.063245,205.613002,3461550,13267,1
10.265124,0.002016,2.062851,205.574378,3460890,13268,1
10.26714,0.002016,2.054501,204.75582,3446880,13269,2
10.271178,0.004038,2.047044,204.024803,3434370,13271,1
10.273194,0.002016,2.05462,204.767485,3447080,13272,1
10.275216,0.002022,2.05546,204.849831,3448490,13273,1
10.277232,0.002016,2.047276,204.047546,3434760,13274,2
10.281271,0.004039,2.054787,204.783856,3447360,13276,1
10.283287,0.002016,2.062297,205.520069,3459960,13277,1
10.285303,0.002016,2.063805,205.667899,3462490,13278,1
10.287325,0.002022,2.060801,205.373414,3457450,13279,1
10.289341,0.002016,2.056342,204.936295,3449970,13280,2
10.29338,0.004039,2.051115,204.423887,3441200,13282,1
10.295396,0.002016,2.057421,205.04207,3451780,13283,1
10.297412,0.002016,2.046335,203.955299,3433180,13284,1
10.299434,0.002022,2.046794,204.000296,3433950,13285,2
10.303472,0.004038,2.054161,204.722489,3446310,13287,1
10.305488,0.002016,2.058566,205.154315,3453700,13288,1
10.307504,0.002016,2.054679,204.773269,3447180,13289,1
10.309527,0.002023,2.068001,206.079237,3469530,13290,2
10.313559,0.004032,2.056682,204.969625,3450540,13292,1
10.315581,0.002022,2.055991,204.901886,3449380,13293,1
10.317597,0.002016,2.05453,204.758663,3446930,13294,1
10.319613,0.002016,2.05496,204.800816,3447650,13295,2
10.323652,0.004039,2.04944,204.259685,3438390,13297,1
10.325668,0.002016,2.061945,205.485562,3459370,13298,1
10.32769,0.002022,2.06058,205.35175,3457080,13299,1
10.329706,0.002016,2.063149,205.603591,3461390,13300,1
10.331722,0.002016,2.064824,205.767793,3464200,13301,2
10.33576,0.004038,2.061296,205.42194,3458280,13303,1
10.337776,0.002016,2.052808,204.589853,3444040,13304,1
10.339799,0.002023,2.062792,205.568594,3460790,13305,1
10.341815,0.002016,2.063203,205.608885,3461480,13306,2
10.345853,0.004038,2.062565,205.546341,3460410,13308,1
10.347869,0.002016,2.061242,205.416646,3458190,13309,1
10.349885,0.002016,2.0625,205.539969,3460300,13310,1
10.351908,0.002023,2.057248,205.025111,3451490,13311,2
10.355946,0.004038,2.057558,205.0555,3452010,13313,1
10.357962,0.002016,2.056795,204.980703,3450730,13314,1
10.359978,0.002016,2.052283,204.538387,3443160,13315,1
10.362001,0.002023,2.049005,204.217042,3437660,13316,2
10.366032,0.004031,2.049774,204.292428,3438950,13318,1
10.368055,0.002023,2.05394,204.700824,3445940,13319,1
10.370071,0.002016,2.066374,205.919741,3466800,13320,1
10.372087,0.002016,2.064967,205.781811,3464440,13321,2
10.376125,0.004038,2.061307,205.423018,3458300,13323,1
10.378141,0.002016,2.057272,205.027463,3451530,13324,1
10.380164,0.002023,2.0549,204.794934,3447550,13325,1
10.38218,0.002016,2.0576,205.059617,3452080,13326,1
10.384196,0.002016,2.065635,205.847296,3465560,13327,2
10.388234,0.004038,2.059448,205.240779,3455180,13329,1
10.39025,0.002016,2.064312,205.717601,3463340,13330,1
10.392272,0.002022,2.061474,205.439389,3458580,13331,1
10.394288,0.002016,2.061415,205.433605,3458480,13332,2
10.398327,0.004039,2.05574,204.87728,3448960,13334,1
10.400343,0.002016,2.063793,205.666723,3462470,13335,1
10.402365,0.002022,2.054316,204.737684,3446570,13336,1
10.404381,0.002016,2.05453,204.758663,3446930,13337,2
10.40842,0.004039,2.058083,205.106966,3452890,13339,1
10.410436,0.002016,2.061033,205.396157,3457840,13340,1
10.412452,0.002016,2.054721,204.777386,3447250,13341,1
10.414474,0.002022,2.049732,204.28831,3438880,13342,2
10.418506,0.004032,2.055049,204.809541,3447800,13344,1
10.420528,0.002022,2.065039,205.788869,3464560,13345,1
10.422544,0.002016,2.059221,205.218526,3454800,13346,1
10.42456,0.002016,2.054483,204.754055,3446850,13347,1
10.426583,0.002023,2.055097,204.814246,3447880,13348,2
10.430615,0.004032,2.058583,205.155982,3453730,13350,1
10.432637,0.002022,2.060491,205.343025,3456930,13351,1
10.434653,0.002016,2.066857,205.967089,3467610,13352,1
10.436676,0.002023,2.060568,205.350573,3457060,13353,2
10.440708,0.004032,2.059972,205.292147,3456060,13355,1
10.44273,0.002022,2.056664,204.96786,3450510,13356,1
10.444746,0.002016,2.058053,205.104025,3452840,13357,1
10.446762,0.002016,2.059901,205.285187,3455940,13358,2
10.4508,0.004038,2.056891,204.990114,3450890,13360,1
10.452816,0.002016,2.05645,204.946882,3450150,13361,1
10.454839,0.002023,2.057403,205.040305,3451750,13362,1
10.456855,0.002016,2.059764,205.271756,3455710,13363,2
10.460893,0.004038,2.055973,204.900121,3449350,13365,1
10.462909,0.002016,2.058136,205.112162,3452980,13366,1
10.464925,0.002016,2.045494,203.872855,3431770,13367,1
10.466948,0.002023,2.045596,203.882854,3431940,13368,1
10.468964,0.002016,2.047241,204.044115,3434700,13369,2
10.473002,0.004038,2.051944,204.505155,3442590,13371,1
10.475018,0.002016,2.058762,205.173529,3454030,13372,1
10.47704,0.002022,2.053303,204.638379,3444870,13373,1
10.479057,0.002017,2.057952,205.094124,3452670,13374,2
10.483088,0.004031,2.059472,205.243131,3455220,13376,1
10.485111,0.002023,2.059114,205.208036,3454620,13377,1
10.487127,0.002016,2.060801,205.373414,3457450,13378,1
10.489149,0.002022,2.05791,205.090007,3452600,13379,2
10.493181,0.004032,2.065849,205.868274,3465920,13381,1
10.495204,0.002023,2.074075,206.674676,3479720,13382,1
10.49722,0.002016,2.061069,205.399687,3457900,13383,1
10.499236,0.002016,2.057362,205.036286,3451680,13384,2
10.503274,0.004038,2.051622,204.473589,3442050,13386,1
10.50529,0.002016,2.064377,205.723973,3463450,13387,1
10.507312,0.002022,2.062935,205.582612,3461030,13388,1
10.509328,0.002016,2.054363,204.742291,3446650,13389,1
10.511344,0.002016,2.047575,204.076858,3435260,13390,2
10.515383,0.004039,2.056611,204.962665,3450420,13392,1
10.517399,0.002016,2.067256,206.006204,3468280,13393,1
10.519421,0.002022,2.069908,206.266182,3472730,13394,1
10.521437,0.002016,2.054083,204.714843,3446180,13395,2
10.525476,0.004039,2.055895,204.892475,3449220,13397,1
10.527492,0.002016,2.058971,205.194018,3454380,13398,1
10.529508,0.002016,2.059817,205.276952,3455800,13399,1
10.53153,0.002022,2.060652,205.358808,3457200,13400,2
10.535568,0.004038,2.063257,205.614178,3461570,13402,1
10.537584,0.002016,2.067679,206.047671,3468990,13403,1
10.5396,0.002016,2.061439,205.435958,3458520,13404,1
10.541616,0.002016,2.058363,205.134415,3453360,13405,2
10.545655,0.004039,2.061987,205.489679,3459440,13407,1
10.547677,0.002022,2.063489,205.636921,3461960,13408,1
10.549693,0.002016,2.065873,205.870627,3465960,13409,1
10.551709,0.002016,2.073175,206.586449,3478210,13410,2
10.555748,0.004039,2.06601,205.884057,3466190,13412,1
10.557764,0.002016,2.060723,205.365768,3457320,13413,1
10.559786,0.002022,2.060044,205.299205,3456180,13414,1
10.561802,0.002016,2.058929,205.1899,3454310,13415,1
10.563818,0.002016,2.061528,205.444683,3458670,13416,2
10.567856,0.004038,2.057773,205.076577,3452370,13418,1
10.569872,0.002016,2.059805,205.275776,3455780,13419,1
10.571895,0.002023,2.057153,205.015798,3451330,13420,1
10.573911,0.002016,2.05459,204.764544,3447030,13421,2
10.577949,0.004038,2.061278,205.420175,3458250,13423,1
10.579965,0.002016,2.057475,205.047364,3451870,13424,1
10.581988,0.002023,2.047145,204.034704,3434540,13425,1
10.584004,0.002016,2.050805,204.393497,3440680,13426,2
10.588042,0.004038,2.059847,205.279893,3455850,13428,1
10.590058,0.002016,2.065498,205.833865,3465330,13429,1
10.592074,0.002016,2.060968,205.389785,3457730,13430,1
10.594096,0.002022,2.060461,205.340084,3456880,13431,2
10.598128,0.004032,2.057093,205.009916,3451230,13433,1
10.600151,0.002023,2.057546,205.054324,3451990,13434,1
10.602167,0.002016,2.060187,205.313223,3456420,13435,1
10.604183,0.002016,2.060413,205.335378,3456800,13436,1
10.606205,0.002022,2.057129,205.013445,3451290,13437,2
10.610237,0.004032,2.053446,204.652397,3445110,13439,1
10.61226,0.002023,2.052665,204.575835,3443800,13440,1
10.614276,0.002016,2.067745,206.054141,3469100,13441,1
10.616292,0.002016,2.064103,205.697112,3462990,13442,2
10.62033,0.004038,2.062994,205.588396,3461130,13444,1
10.622346,0.002016,2.052331,204.543093,3443240,13445,1
10.624368,0.002022,2.059823,205.27754,3455810,13446,1
10.626385,0.002017,2.057374,205.037462,3451700,13447,2
10.630423,0.004038,2.062964,205.585455,3461080,13449,1
10.632439,0.002016,2.055365,204.840518,3448330,13450,1
10.634461,0.002022,2.06356,205.643882,3462080,13451,1
10.636477,0.002016,2.058554,205.153139,3453680,13452,2
10.640516,0.004039,2.053428,204.650633,3445080,13454,1
10.642532,0.002016,2.056479,204.949725,3450200,13455,1
10.644548,0.002016,2.061683,205.459878,3458930,13456,1
10.64657,0.002022,2.053303,204.638379,3444870,13457,1
10.648586,0.002016,2.059072,205.203919,3454550,13458,2
10.652624,0.004038,2.061975,205.488503,3459420,13460,1
10.654641,0.002017,2.063423,205.630451,3461850,13461,1
10.656657,0.002016,2.064747,205.760244,3464070,13462,1
10.658679,0.002022,2.067691,206.048847,3469010,13463,2
10.662711,0.004032,2.056021,204.904827,3449430,13465,1
10.664733,0.002022,2.052325,204.542504,3443230,13466,1
10.666749,0.002016,2.05034,204.347913,3439900,13467,1
10.668772,0.002023,2.060658,205.359396,3457210,13468,2
10.672804,0.004032,2.058929,205.1899,3454310,13470,1
10.674826,0.002022,2.066839,205.965325,3467580,13471,1
10.676842,0.002016,2.060938,205.386845,3457680,13472,1
10.678858,0.002016,2.063072,205.596043,3461260,13473,2
10.682896,0.004038,2.061296,205.42194,3458280,13475,1
10.684912,0.002016,2.046907,204.011373,3434140,13476,1
10.686935,0.002023,2.054089,204.715431,3446190,13477,1
10.688951,0.002016,2.057987,205.097555,3452730,13478,1
10.690967,0.002016,2.060497,205.343613,3456940,13479,2
10.695005,0.004038,2.064961,205.781223,3464430,13481,1
10.697028,0.002023,2.060378,205.331947,3456740,13482,1
10.699044,0.002016,2.055055,204.810129,3447810,13483,1
10.70106,0.002016,2.063018,205.590749,3461170,13484,2
10.705098,0.004038,2.066755,205.95709,3467440,13486,1
10.707114,0.002016,2.060694,205.362925,3457270,13487,1
10.709136,0.002022,2.062428,205.532911,3460180,13488,1
10.711152,0.002016,2.056414,204.943353,3450090,13489,2
10.715191,0.004039,2.058876,205.184705,3454220,13491,1
10.717207,0.002016,2.056241,204.926393,3449800,13492,1
10.719223,0.002016,2.066243,205.906898,3466580,13493,1
10.721245,0.002022,2.059865,205.281657,3455880,13494,2
10.725277,0.004032,2.065772,205.860726,3465790,13496,1
10.7273,0.002023,2.062619,205.551635,3460500,13497,1
10.729316,0.002016,2.055365,204.840518,3448330,13498,1
10.731338,0.002022,2.060848,205.378022,3457530,13499,2
10.73537,0.004032,2.070147,206.289611,3473130,13501,1
10.737393,0.002023,2.062124,205.503109,3459670,13502,1
10.739409,0.002016,2.066118,205.894645,3466370,13503,1
10.741425,0.002016,2.057457,205.045599,3451840,13504,1
10.743447,0.002022,2.04863,204.18028,3437030,13505,2
10.747479,0.004032,2.052414,204.551229,3443380,13507,1
10.749501,0.002022,2.055174,204.821794,3448010,13508,1
10.751517,0.002016,2.06002,205.296852,3456140,13509,1
10.75354,0.002023,2.066177,205.900428,3466470,13510,2
10.757572,0.004032,2.057844,205.083537,3452490,13512,1
10.759594,0.002022,2.061212,205.413705,3458140,13513,1
10.76161,0.002016,2.07088,206.361468,3474360,13514,1
10.763626,0.002016,2.075297,206.79447,3481770,13515,2
10.767665,0.004039,2.062625,205.552223,3460510,13517,1
10.76968,0.002015,2.059412,205.237249,3455120,13518,1
10.771703,0.002023,2.055025,204.807188,3447760,13519,1
10.773719,0.002016,2.049577,204.273116,3438620,13520,2
10.777757,0.004038,2.051455,204.457218,3441770,13522,1
10.779773,0.002016,2.06219,205.509579,3459780,13523,1
10.781796,0.002023,2.055174,204.821794,3448010,13524,1
10.783812,0.002016,2.060944,205.387433,3457690,13525,1
10.785828,0.002016,2.058733,205.170686,3453980,13526,2
10.789866,0.004038,2.071279,206.400582,3475030,13528,1
10.791882,0.002016,2.064312,205.717601,3463340,13529,1
10.793904,0.002022,2.062804,205.56977,3460810,13530,1
10.79592,0.002016,2.051848,204.495744,3442430,13531,2
10.799959,0.004039,2.055067,204.811305,3447830,13533,1
10.801975,0.002016,2.061546,205.446447,3458700,13534,1
10.803991,0.002016,2.058017,205.100496,3452780,13535,1
10.806013,0.002022,2.057612,205.060794,3452100,13536,2
10.810045,0.004032,2.062708,205.560359,3460650,13538,1
10.812068,0.002023,2.070886,206.362056,3474370,13539,1
10.814084,0.002016,2.073032,206.57243,3477970,13540,1
10.8161,0.002016,2.060258,205.320184,3456540,13541,2
10.820138,0.004038,2.059031,205.1999,3454480,13543,1
10.82216,0.002022,2.063125,205.601238,3461350,13544,1
10.824176,0.002016,2.05791,205.090007,3452600,13545,1
10.826192,0.002016,2.062005,205.491444,3459470,13546,1
10.828215,0.002023,2.067512,206.0313,3468710,13547,2
10.832247,0.004032,2.058661,205.163628,3453860,13549,1
10.834269,0.002022,2.061117,205.404392,3457980,13550,1
10.836285,0.002016,2.05853,205.150786,3453640,13551,1
10.838301,0.002016,2.053809,204.687982,3445720,13552,2
10.84234,0.004039,2.063113,205.600062,3461330,13554,1
10.844356,0.002016,2.062565,205.546341,3460410,13555,1
10.846378,0.002022,2.060437,205.337731,3456840,13556,1
10.848394,0.002016,2.054638,204.76925,3447110,13557,2
10.852432,0.004038,2.057832,205.082361,3452470,13559,1
10.854448,0.002016,2.057177,205.01815,3451370,13560,1
10.856471,0.002023,2.064234,205.709954,3463210,13561,1
10.858487,0.002016,2.067435,206.023751,3468580,13562,2
10.862525,0.004038,2.060288,205.323124,3456590,13564,1
10.864541,0.002016,2.061427,205.434782,3458500,13565,1
10.866557,0.002016,2.058387,205.136768,3453400,13566,1
10.86858,0.002023,2.060908,205.383904,3457630,13567,1
10.870596,0.002016,2.06551,205.835042,3465350,13568,2
10.874634,0.004038,2.06762,206.041887,3468890,13570,1
10.87665,0.002016,2.064365,205.722796,3463430,13571,1
10.878672,0.002022,2.057755,205.074812,3452340,13572,1
10.880689,0.002017,2.065933,205.876509,3466060,13573,2
10.884727,0.004038,2.06461,205.746814,3463840,13575,1
10.886743,0.002016,2.059603,205.255973,3455440,13576,1
10.888759,0.002016,2.063072,205.596043,3461260,13577,1
10.890781,0.002022,2.061576,205.449388,3458750,13578,2
10.894813,0.004032,2.059847,205.279893,3455850,13580,1
10.896836,0.002023,2.067965,206.075708,3469470,13581,1
10.898852,0.002016,2.061778,205.469191,3459090,13582,1
10.900868,0.002016,2.063936,205.680741,3462710,13583,2
10.904906,0.004038,2.060312,205.325477,3456630,13585,1
10.906922,0.002016,2.059931,205.288127,3455990,13586,1
10.908944,0.002022,2.063501,205.638098,3461980,13587,1
10.91096,0.002016,2.069926,206.267946,3472760,13588,2
10.914999,0.004039,2.072012,206.472439,3476260,13590,1
10.917015,0.002016,2.06157,205.4488,3458740,13591,1
10.919037,0.002022,2.055085,204.81307,3447860,13592,1
10.921053,0.002016,2.053463,204.654064,3445140,13593,1
10.923069,0.002016,2.06902,206.17913,3471240,13594,2
10.927108,0.004039,2.068442,206.122468,3470270,13596,1
10.929124,0.002016,2.067274,206.007968,3468310,13597,1
10.931146,0.002022,2.063775,205.664958,3462440,13598,1
10.933162,0.002016,2.068114,206.090314,3469720,13599,2
10.9372,0.004038,2.066648,205.946601,3467260,13601,1
10.939216,0.002016,2.067101,205.991009,3468020,13602,1
10.941232,0.002016,2.06033,205.327242,3456660,13603,1
10.943255,0.002023,2.050596,204.373009,3440330,13604,2
10.947287,0.004032,2.054769,204.782092,3447330,13606,1
10.949309,0.002022,2.059048,205.201566,3454510,13607,1
10.951325,0.002016,2.056718,204.973154,3450600,13608,1
10.953341,0.002016,2.065891,205.872392,3465990,13609,2
10.95738,0.004039,2.068055,206.08453,3469620,13611,1
10.959396,0.002016,2.061832,205.474484,3459180,13612,1
10.961418,0.002022,2.067244,206.005027,3468260,13613,1
10.963434,0.002016,2.062654,205.555066,3460560,13614,1
10.96545,0.002016,2.065891,205.872392,3465990,13615,2
10.969489,0.004039,2.072924,206.561843,3477790,13617,1
10.971504,0.002015,2.072996,206.568901,3477910,13618,1
10.973527,0.002023,2.069467,206.22295,3471990,13619,1
10.975543,0.002016,2.067727,206.052376,3469070,13620,2
10.979581,0.004038,2.066308,205.91327,3466690,13622,1
10.981597,0.002016,2.070498,206.32402,3473720,13623,1
10.983613,0.002016,2.06303,205.591925,3461190,13624,1
10.985636,0.002023,2.056468,204.948646,3450180,13625,2
10.989668,0.004032,2.059495,205.245386,3455260,13627,1
10.99169,0.002022,2.065521,205.83612,3465370,13628,1
10.993706,0.002016,2.076489,206.911323,3483770,13629,1
10.995728,0.002022,2.067786,206.05816,3469170,13630,2
10.99976,0.004032,2.059072,205.203919,3454550,13632,1
11.001783,0.002023,2.066571,205.939053,3467130,13633,1
11.003799,0.002016,2.071804,206.452048,3475910,13634,1
11.005815,0.002016,2.059853,205.280481,3455860,13635,1
11.007837,0.002022,2.068335,206.111979,3470090,13636,2
11.011869,0.004032,2.069491,206.225303,3472030,13638,1
11.013892,0.002023,2.073354,206.603996,3478510,13639,1
11.015908,0.002016,2.070427,206.31706,3473600,13640,1
11.017924,0.002016,2.060449,205.338907,3456860,13641,2
11.021962,0.004038,2.064043,205.691231,3462890,13643,1
11.023984,0.002022,2.063209,205.609473,3461490,13644,1
11.026,0.002016,2.068514,206.129527,3470390,13645,1
11.028016,0.002016,2.061594,205.451153,3458780,13646,2
11.032055,0.004039,2.057338,205.033933,3451640,13648,1
11.034071,0.002016,2.063614,205.649175,3462170,13649,1
11.036093,0.002022,2.068895,206.166876,3471030,13650,1
11.038109,0.002016,2.069527,206.228832,3472090,13651,2
11.042148,0.004039,2.072114,206.482438,3476430,13653,1
11.044164,0.002016,2.06117,205.409588,3458070,13654,1
11.04618,0.002016,2.062815,205.570849,3460830,13655,1
11.048202,0.002022,2.064204,205.707013,3463160,13656,1
11.050218,0.002016,2.068311,206.109626,3470050,13657,2
11.054256,0.004038,2.059203,205.216761,3454770,13659,1
11.056272,0.002016,2.056253,204.92757,3449820,13660,1
11.058295,0.002023,2.052873,204.596225,3444150,13661,1
11.060311,0.002016,2.051502,204.461825,3441850,13662,2
11.064349,0.004038,2.06359,205.646823,3462130,13664,1
11.066365,0.002016,2.067959,206.07512,3469460,13665,1
11.068381,0.002016,2.06145,205.437036,3458540,13666,1
11.070404,0.002023,2.064723,205.757892,3464030,13667,2
11.074436,0.004032,2.063614,205.649175,3462170,13669,1
11.076458,0.002022,2.061141,205.406745,3458020,13670,1
11.078474,0.002016,2.059716,205.267051,3455630,13671,1
11.08049,0.002016,2.065855,205.868862,3465930,13672,2
11.084528,0.004038,2.06486,205.771322,3464260,13674,1
11.086544,0.002016,2.06151,205.442918,3458640,13675,1
11.088567,0.002023,2.064806,205.766028,3464170,13676,1
11.090583,0.002016,2.067298,206.010321,3468350,13677,2
11.094621,0.004038,2.076817,206.943477,3484320,13679,1
11.096637,0.002016,2.072549,206.525081,3477160,13680,1
11.098653,0.002016,2.065277,205.812201,3464960,13681,1
11.100676,0.002023,2.057028,205.003544,3451120,13682,1
11.102692,0.002016,2.059072,205.203919,3454550,13683,2
11.10673,0.004038,2.064919,205.777106,3464360,13685,1
11.108746,0.002016,2.070481,206.322353,3473690,13686,1
11.110762,0.002016,2.064633,205.749069,3463880,13687,1
11.112784,0.002022,2.05853,205.150786,3453640,13688,2
11.116816,0.004032,2.059418,205.237838,3455130,13690,1
11.118839,0.002023,2.059823,205.27754,3455810,13691,1
11.120855,0.002016,2.061456,205.437625,3458550,13692,1
11.122871,0.002016,2.064639,205.749657,3463890,13693,2
11.126909,0.004038,2.074945,206.759963,3481180,13695,1
11.128932,0.002023,2.068275,206.106097,3469990,13696,1
11.130948,0.002016,2.058184,205.116867,3453060,13697,1
11.132964,0.002016,2.063912,205.678388,3462670,13698,2
11.137002,0.004038,2.071762,206.447931,3475840,13700,1
11.139018,0.002016,2.058673,205.164805,3453880,13701,1
11.141041,0.002023,2.061927,205.483797,3459340,13702,1
11.143057,0.002016,2.064967,205.781811,3464440,13703,1
11.145072,0.002015,2.071309,206.403523,3475080,13704,2
11.149111,0.004039,2.063227,205.611237,3461520,13706,1
11.151127,0.002016,2.058488,205.146669,3453570,13707,1
11.153149,0.002022,2.061635,205.455172,3458850,13708,1
11.155165,0.002016,2.07206,206.477144,3476340,13709,2
11.159204,0.004039,2.066582,205.940131,3467150,13711,1
11.16122,0.002016,2.066469,205.929053,3466960,13712,1
11.163236,0.002016,2.062207,205.511246,3459810,13713,1
11.165258,0.002022,2.055365,204.840518,3448330,13714,2
11.169296,0.004038,2.067077,205.988656,3467980,13716,1
11.171312,0.002016,2.061123,205.40498,3457990,13717,1
11.173328,0.002016,2.061796,205.470955,3459120,13718,1
11.175351,0.002023,2.059138,205.210389,3454660,13719,2
11.179383,0.004032,2.064496,205.735639,3463650,13721,1
11.181405,0.002022,2.057058,205.006485,3451170,13722,1
11.183421,0.002016,2.060997,205.392628,3457780,13723,1
11.185437,0.002016,2.065408,205.825043,3465180,13724,1
11.18746,0.002023,2.062684,205.558007,3460610,13725,2
11.191492,0.004032,2.066046,205.887586,3466250,13727,1
11.193514,0.002022,2.064425,205.728678,3463530,13728,1
11.19553,0.002016,2.059364,205.232544,3455040,13729,1
11.197552,0.002022,2.0513,204.442023,3441510,13730,2
11.201584,0.004032,2.060694,205.362925,3457270,13732,1
11.2036,0.002016,2.060026,205.29744,3456150,13733,1
11.205623,0.002023,2.05611,204.913551,3449580,13734,1
11.207639,0.002016,2.070665,206.340391,3474000,13735,2
11.211677,0.004038,2.070546,206.328725,3473800,13737,1
11.213693,0.002016,2.068877,206.165112,3471000,13738,1
11.215716,0.002023,2.064651,205.750833,3463910,13739,1
11.217732,0.002016,2.062047,205.495561,3459540,13740,2
11.22177,0.004038,2.064562,205.742109,3463760,13742,1
11.223786,0.002016,2.061725,205.463995,3459000,13743,1
11.225802,0.002016,2.06129,205.421351,3458270,13744,1
11.227824,0.002022,2.067012,205.982284,3467870,13745,2
11.231856,0.004032,2.060938,205.386845,3457680,13747,1
11.233879,0.002023,2.057588,205.058441,3452060,13748,1
11.235895,0.002016,2.056354,204.937471,3449990,13749,1
11.237917,0.002022,2.061224,205.414881,3458160,13750,1
11.239933,0.002016,2.068156,206.094432,3469790,13751,2
11.243972,0.004039,2.072203,206.491163,3476580,13753,1
11.245988,0.002016,2.073973,206.664677,3479550,13754,1
11.248004,0.002016,2.075052,206.770453,3481360,13755,1
11.250026,0.002022,2.076107,206.873875,3483130,13756,2
11.254058,0.004032,2.065194,205.804064,3464820,13758,1
11.256081,0.002023,2.065772,205.860726,3465790,13759,1
11.258097,0.002016,2.06995,206.270299,3472800,13760,1
11.260112,0.002015,2.06303,205.591925,3461190,13761,2
11.264151,0.004039,2.066988,205.979932,3467830,13763,1
11.266173,0.002022,2.071935,206.46489,3476130,13764,1
11.268189,0.002016,2.056521,204.953842,3450270,13765,1
11.270205,0.002016,2.054018,204.708471,3446070,13766,2
11.274244,0.004039,2.058274,205.12569,3453210,13768,1
11.27626,0.002016,2.067584,206.038358,3468830,13769,1
11.278282,0.002022,2.065402,205.824455,3465170,13770,1
11.280298,0.002016,2.062261,205.516539,3459900,13771,1
11.282314,0.002016,2.06424,205.710543,3463220,13772,2
11.286352,0.004038,2.064461,205.732207,3463590,13774,1
11.288368,0.002016,2.063328,205.621138,3461690,13775,1
11.290391,0.002023,2.071857,206.457244,3476000,13776,1
11.292407,0.002016,2.064121,205.698877,3463020,13777,2
11.296445,0.004038,2.059674,205.262934,3455560,13779,1
11.298461,0.002016,2.06452,205.737991,3463690,13780,1
11.300484,0.002023,2.065384,205.82269,3465140,13781,1
11.3025,0.002016,2.059281,205.224407,3454900,13782,2
11.306538,0.004038,2.06517,205.801711,3464780,13784,1
11.308554,0.002016,2.063316,205.619962,3461670,13785,1
11.31057,0.002016,2.068442,206.122468,3470270,13786,1
11.312592,0.002022,2.066219,205.904546,3466540,13787,2
11.316624,0.004032,2.067953,206.074531,3469450,13789,1
11.318647,0.002023,2.068233,206.10198,3469920,13790,1
11.320663,0.002016,2.07637,206.899657,3483570,13791,1
11.322685,0.002022,2.071702,206.442049,3475740,13792,1
11.324701,0.002016,2.062505,205.540459,3460310,13793,2
11.32874,0.004039,2.056235,204.925805,3449790,13795,1
11.330756,0.002016,2.053612,204.66867,3445390,13796,1
11.332772,0.002016,2.063167,205.605355,3461420,13797,1
11.334794,0.002022,2.065927,205.875921,3466050,13798,2
11.338826,0.004032,2.06632,205.914447,3466710,13800,1
11.340848,0.002022,2.060384,205.332535,3456750,13801,1
11.342864,0.002016,2.058154,205.113927,3453010,13802,1
11.34488,0.002016,2.068251,206.103745,3469950,13803,2
11.348919,0.004039,2.06399,205.686035,3462800,13805,1
11.350935,0.002016,2.062702,205.559771,3460640,13806,1
11.352957,0.002022,2.062845,205.573789,3460880,13807,1
11.354973,0.002016,2.071804,206.452048,3475910,13808,2
11.359012,0.004039,2.059573,205.253032,3455390,13810,1
11.361028,0.002016,2.059203,205.216761,3454770,13811,1
11.363044,0.002016,2.06669,205.950718,3467330,13812,1
11.365066,0.002022,2.064919,205.777106,3464360,13813,1
11.367082,0.002016,2.057844,205.083537,3452490,13814,2
11.37112,0.004038,2.061272,205.419587,3458240,13816,1
11.373136,0.002016,2.059644,205.259993,3455510,13817,1
11.375153,0.002017,2.070051,206.2802,3472970,13818,1
11.377175,0.002022,2.065086,205.793477,3464640,13819,2
11.381213,0.004038,2.064556,205.74152,3463750,13821,1
11.383229,0.002016,2.068424,206.120704,3470240,13822,1
11.385245,0.002016,2.07153,206.425188,3475450,13823,1
11.387268,0.002023,2.062577,205.547517,3460430,13824,2
11.3913,0.004032,2.055907,204.893651,3449240,13826,1
11.393322,0.002022,2.064222,205.708778,3463190,13827,1
11.395338,0.002016,2.064055,205.692407,3462910,13828,1
11.397354,0.002016,2.0652,205.804652,3464830,13829,2
11.401393,0.004039,2.060229,205.317341,3456490,13831,1
11.403408,0.002015,2.059489,205.244798,3455250,13832,1
11.405431,0.002023,2.060133,205.30793,3456330,13833,1
11.407447,0.002016,2.065569,205.840826,3465450,13834,2
11.411485,0.004038,2.073741,206.641934,3479160,13836,1
11.413501,0.002016,2.072752,206.544982,3477500,13837,1
11.415517,0.002016,2.067977,206.076884,3469490,13838,1
11.41754,0.002023,2.063197,205.608296,3461470,13839,1
11.419556,0.002016,2.063835,205.67084,3462540,13840,2
11.423594,0.004038,2.068096,206.08855,3469690,13842,1
11.42561,0.002016,2.072066,206.477732,3476350,13843,1
11.427632,0.002022,2.06942,206.218343,3471910,13844,1
11.429648,0.002016,2.064139,205.700641,3463050,13845,2
11.43368,0.004032,2.071279,206.400582,3475030,13847,1
11.435703,0.002023,2.070707,206.344508,3474070,13848,1
11.437719,0.002016,2.059585,205.254209,3455410,13849,1
11.439741,0.002022,2.060634,205.357043,3457170,13850,2
11.443773,0.004032,2.066362,205.918564,3466780,13852,1
11.445796,0.002023,2.066171,205.89984,3466460,13853,1
11.447812,0.002016,2.063137,205.602415,3461370,13854,1
11.449828,0.002016,2.061832,205.474484,3459180,13855,2
11.453866,0.004038,2.057844,205.083537,3452490,13857,1
11.455882,0.002016,2.059311,205.227348,3454950,13858,1
11.457904,0.002022,2.065796,205.863079,3465830,13859,1
11.45992,0.002016,2.064347,205.721032,3463400,13860,1
11.461936,0.002016,2.070028,206.277945,3472930,13861,2
11.465975,0.004039,2.06694,205.975226,3467750,13863,1
11.467991,0.002016,2.061832,205.474484,3459180,13864,1
11.470013,0.002022,2.06303,205.591925,3461190,13865,1
11.472029,0.002016,2.064043,205.691231,3462890,13866,2
11.476068,0.004039,2.068651,206.142957,3470620,13868,1
11.478084,0.002016,2.060705,205.364003,3457290,13869,1
11.4801,0.002016,2.066034,205.88641,3466230,13870,1
11.482122,0.002022,2.070969,206.370193,3474510,13871,2
11.486154,0.004032,2.066457,205.927877,3466940,13873,1
11.488177,0.002023,2.060854,205.37861,3457540,13874,1
11.490192,0.002015,2.058744,205.171765,3454000,13875,1
11.492209,0.002017,2.067816,206.061101,3469220,13876,2
11.496247,0.004038,2.066833,205.964737,3467570,13878,1
11.498263,0.002016,2.060997,205.392628,3457780,13879,1
11.500285,0.002022,2.059889,205.28401,3455920,13880,1
11.502301,0.002016,2.071941,206.465479,3476140,13881,1
11.504317,0.002016,2.068776,206.155211,3470830,13882,2
11.508356,0.004039,2.068543,206.13237,3470440,13884,1
11.510372,0.002016,2.06753,206.033064,3468740,13885,1
11.512394,0.002022,2.066666,205.948366,3467290,13886,1
11.51441,0.002016,2.069044,206.181483,3471280,13887,2
11.518448,0.004038,2.06973,206.248732,3472430,13889,1
11.520465,0.002017,2.070308,206.305394,3473400,13890,1
11.522481,0.002016,2.056289,204.931099,3449880,13891,1
11.524503,0.002022,2.055782,204.881397,3449030,13892,2
11.528535,0.004032,2.057731,205.072459,3452300,13894,1
11.530557,0.002022,2.073878,206.655364,3479390,13895,1
11.532573,0.002016,2.065605,205.844355,3465510,13896,1
11.534589,0.002016,2.062249,205.515363,3459880,13897,2
11.538628,0.004039,2.06148,205.439977,3458590,13899,1
11.540644,0.002016,2.058542,205.151963,3453660,13900,1
11.542666,0.002022,2.058852,205.182352,3454180,13901,1
11.544682,0.002016,2.062148,205.505462,3459710,13902,1
11.546698,0.002016,2.049249,204.240961,3438070,13903,2
11.550736,0.004038,2.051467,204.458394,3441790,13905,1
11.552752,0.002016,2.055168,204.821206,3448000,13906,1
11.554775,0.002023,2.064943,205.779458,3464400,13907,1
11.556791,0.002016,2.065367,205.821023,3465110,13908,2
11.560829,0.004038,2.06669,205.950718,3467330,13910,1
11.562845,0.002016,2.063555,205.643391,3462070,13911,1
11.564861,0.002016,2.05974,205.269404,3455670,13912,1
11.566884,0.002023,2.059811,205.276364,3455790,13913,2
11.570916,0.004032,2.068716,206.149329,3470730,13915,1
11.572938,0.002022,2.069366,206.213049,3471820,13916,1
11.574954,0.002016,2.054578,204.763368,3447010,13917,1
11.57697,0.002016,2.064961,205.781223,3464430,13918,2
11.581008,0.004038,2.060157,205.310282,3456370,13920,1
11.583024,0.002016,2.058518,205.14961,3453620,13921,1
11.585047,0.002023,2.05996,205.29097,3456040,13922,1
11.587063,0.002016,2.058196,205.118044,3453080,13923,2
11.591101,0.004038,2.055413,204.845224,3448410,13925,1
11.593117,0.002016,2.061814,205.47272,3459150,13926,1
11.595133,0.002016,2.068377,206.116096,3470160,13927,1
11.597156,0.002023,2.068442,206.122468,3470270,13928,1
11.599172,0.002016,2.063555,205.643391,3462070,13929,2
11.60321,0.004038,2.058721,205.16951,3453960,13931,1
11.605226,0.002016,2.063692,205.656822,3462300,13932,1
11.607242,0.002016,2.060407,205.33479,3456790,13933,1
11.609264,0.002022,2.058947,205.191665,3454340,13934,2
11.613297,0.004033,2.057612,205.060794,3452100,13936,1
11.615312,0.002015,2.061838,205.475072,3459190,13937,1
11.617335,0.002023,2.054012,204.707883,3446060,13938,1
11.619351,0.002016,2.057457,205.045599,3451840,13939,2
11.623389,0.004038,2.063012,205.590161,3461160,13941,1
11.625405,0.002016,2.066076,205.890527,3466300,13942,1
11.627428,0.002023,2.063996,205.686623,3462810,13943,1
11.629444,0.002016,2.062994,205.588396,3461130,13944,2
11.633476,0.004032,2.065873,205.870627,3465960,13946,1
11.635498,0.002022,2.056283,204.930511,3449870,13947,1
11.637514,0.002016,2.059126,205.209213,3454640,13948,1
11.63953,0.002016,2.067906,206.069924,3469370,13949,1
11.641552,0.002022,2.058929,205.1899,3454310,13950,2
11.645585,0.004033,2.057844,205.083537,3452490,13952,1
11.647607,0.002022,2.06486,205.771322,3464260,13953,1
11.649623,0.002016,2.064556,205.74152,3463750,13954,1
11.651639,0.002016,2.064103,205.697112,3462990,13955,2
11.655677,0.004038,2.061427,205.434782,3458500,13957,1
11.6577,0.002023,2.06942,206.218343,3471910,13958,1
11.659716,0.002016,2.059251,205.221466,3454850,13959,1
11.661732,0.002016,2.062511,205.541047,3460320,13960,2
11.66577,0.004038,2.06877,206.154623,3470820,13962,1
11.667786,0.002016,2.068287,206.107274,3470010,13963,1
11.669809,0.002023,2.073127,206.581743,3478130,13964,1
11.671825,0.002016,2.066183,205.901017,3466480,13965,2
11.675863,0.004038,2.067626,206.042475,3468900,13967,1
11.677879,0.002016,2.073336,206.602232,3478480,13968,1
11.679895,0.002016,2.060997,205.392628,3457780,13969,1
11.681917,0.002022,2.063918,205.678977,3462680,13970,1
11.683933,0.002016,2.062768,205.566241,3460750,13971,2
11.687972,0.004039,2.066016,205.884645,3466200,13973,1
11.689988,0.002016,2.068812,206.15874,3470890,13974,1
11.692004,0.002016,2.07051,206.325196,3473740,13975,1
11.694026,0.002022,2.070665,206.340391,3474000,13976,2
11.698064,0.004038,2.064109,205.697701,3463000,13978,1
11.70008,0.002016,2.051222,204.434376,3441380,13979,1
11.702096,0.002016,2.061522,205.444095,3458660,13980,1
11.704119,0.002023,2.070987,206.371957,3474540,13981,2
11.708151,0.004032,2.070403,206.314707,3473560,13983,1
11.710173,0.002022,2.064759,205.761421,3464090,13984,1
11.712189,0.002016,2.06328,205.616433,3461610,13985,1
11.714205,0.002016,2.063686,205.656233,3462290,13986,2
11.718244,0.004039,2.070463,206.320589,3473660,13988,1
11.72026,0.002016,2.061558,205.447624,3458720,13989,1
11.722282,0.002022,2.059978,205.292735,3456070,13990,1
11.724298,0.002016,2.065867,205.870039,3465950,13991,1
11.726314,0.002016,2.066493,205.931406,3467000,13992,2
11.730353,0.004039,2.064925,205.777694,3464370,13994,1
11.732368,0.002015,2.070612,206.335195,3473910,13995,1
11.734391,0.002023,2.063775,205.664958,3462440,13996,1
11.736407,0.002016,2.064681,205.753774,3463960,13997,2
11.740445,0.004038,2.068782,206.155799,3470840,13999,1
11.742461,0.002016,2.069652,206.241086,3472300,14000,1
11.744484,0.002023,2.064699,205.755539,3463990,14001,1
11.7465,0.002016,2.065349,205.819259,3465080,14002,2
11.750538,0.004038,2.062756,205.565065,3460730,14004,1
11.752554,0.002016,2.071828,206.454401,3475950,14005,1
11.75457,0.002016,2.067131,205.99395,3468070,14006,1
11.756593,0.002023,2.060837,205.376943,3457510,14007,2
11.760625,0.004032,2.064425,205.728678,3463530,14009,1
11.762647,0.002022,2.061796,205.470955,3459120,14010,1
11.764663,0.002016,2.076912,206.95279,3484480,14011,1
11.766679,0.002016,2.07153,206.425188,3475450,14012,2
11.770717,0.004038,2.064264,205.712895,3463260,14014,1
11.772733,0.002016,2.062958,205.584867,3461070,14015,1
11.774756,0.002023,2.063233,205.611825,3461530,14016,1
11.776772,0.002016,2.06663,205.944836,3467230,14017,1
11.778788,0.002016,2.067858,206.065218,3469290,14018,2
11.782826,0.004038,2.068156,206.094432,3469790,14020,1
11.784848,0.002022,2.070469,206.321177,3473670,14021,1
11.786864,0.002016,2.063948,205.681918,3462730,14022,1
11.78888,0.002016,2.062476,205.537616,3460260,14023,2
11.792919,0.004039,2.073878,206.655364,3479390,14025,1
11.794935,0.002016,2.072364,206.506946,3476850,14026,1
11.796957,0.002022,2.07479,206.744769,3480920,14027,1
11.798973,0.002016,2.072209,206.491751,3476590,14028,2
11.803012,0.004039,2.073401,206.608604,3478590,14030,1
11.805028,0.002016,2.074087,206.675853,3479740,14031,1
11.807044,0.002016,2.073354,206.603996,3478510,14032,1
11.809066,0.002022,2.073544,206.622622,3478830,14033,2
11.813098,0.004032,2.076697,206.931714,3484120,14035,1
11.81512,0.002022,2.064735,205.759068,3464050,14036,1
11.817136,0.002016,2.059281,205.224407,3454900,14037,1
11.819152,0.002016,2.069497,206.225891,3472040,14038,1
11.821175,0.002023,2.072096,206.480673,3476400,14039,2
11.825207,0.004032,2.067679,206.047671,3468990,14041,1
11.827229,0.002022,2.06089,205.382139,3457600,14042,1
11.829245,0.002016,2.072775,206.547236,3477540,14043,1
11.831268,0.002023,2.076221,206.885051,3483320,14044,2
11.8353,0.004032,2.067477,206.027869,3468650,14046,1
11.837316,0.002016,2.065116,205.796418,3464690,14047,1
11.839338,0.002022,2.06027,205.32136,3456560,14048,1
11.841354,0.002016,2.06241,205.531146,3460150,14049,2
11.845392,0.004038,2.07268,206.537923,3477380,14051,1
11.847408,0.002016,2.071297,206.402347,3475060,14052,1
11.849431,0.002023,2.06753,206.033064,3468740,14053,1
11.851447,0.002016,2.068311,206.109626,3470050,14054,2
11.855485,0.004038,2.060658,205.359396,3457210,14056,1
11.857501,0.002016,2.061629,205.454584,3458840,14057,1
11.859517,0.002016,2.067035,205.984539,3467910,14058,1
11.86154,0.002023,2.06598,205.881116,3466140,14059,1
11.863556,0.002016,2.061212,205.413705,3458140,14060,2
11.867594,0.004038,2.064723,205.757892,3464030,14062,1
11.86961,0.002016,2.063119,205.60065,3461340,14063,1
11.871626,0.002016,2.055323,204.836401,3448260,14064,1
11.873648,0.002022,2.057749,205.074224,3452330,14065,2
11.87768,0.004032,2.057594,205.059029,3452070,14067,1
11.879703,0.002023,2.066249,205.907487,3466590,14068,1
11.881719,0.002016,2.06306,205.594866,3461240,14069,1
11.883735,0.002016,2.061617,205.453408,3458820,14070,2
11.887773,0.004038,2.052218,204.532015,3443050,14072,1
11.889789,0.002016,2.068061,206.085119,3469630,14073,1
11.891812,0.002023,2.072209,206.491751,3476590,14074,1
11.893828,0.002016,2.064383,205.724561,3463460,14075,2
11.897866,0.004038,2.061528,205.444683,3458670,14077,1
11.899882,0.002016,2.070963,206.369604,3474500,14078,1
11.901905,0.002023,2.06241,205.531146,3460150,14079,1
11.903921,0.002016,2.06511,205.795829,3464680,14080,2
11.907953,0.004032,2.06973,206.248732,3472430,14082,1
11.909975,0.002022,2.060616,205.355279,3457140,14083,1
11.911991,0.002016,2.061409,205.433017,3458470,14084,1
11.914013,0.002022,2.06728,206.008557,3468320,14085,1
11.916029,0.002016,2.062166,205.507227,3459740,14086,2
11.920068,0.004039,2.064753,205.760832,3464080,14088,1
11.922084,0.002016,2.073675,206.635464,3479050,14089,1
11.9241,0.002016,2.068311,206.109626,3470050,14090,1
11.926122,0.002022,2.053684,204.675728,3445510,14091,2
11.930161,0.004039,2.067667,206.046494,3468970,14093,1
11.932176,0.002015,2.072674,206.537335,3477370,14094,1
11.934192,0.002016,2.0679,206.069336,3469360,14095,1
11.936215,0.002023,2.063799,205.667311,3462480,14096,2
11.940247,0.004032,2.065599,205.843767,3465500,14098,1
11.942269,0.002022,2.071488,206.421071,3475380,14099,1
11.944285,0.002016,2.066451,205.927289,3466930,14100,1
11.946301,0.002016,2.054346,204.740625,3446620,14101,2
11.95034,0.004039,2.062142,205.504874,3459700,14103,1
11.952356,0.002016,2.059913,205.286363,3455960,14104,1
11.954378,0.002022,2.064753,205.760832,3464080,14105,1
11.956394,0.002016,2.053279,204.636026,3444830,14106,1
11.958416,0.002022,2.067518,206.031888,3468720,14107,2
11.962448,0.004032,2.073133,206.582331,3478140,14109,1
11.964464,0.002016,2.059168,205.21333,3454710,14110,1
11.966487,0.002023,2.05304,204.612597,3444430,14111,1
11.968503,0.002016,2.059442,205.24019,3455170,14112,2
11.972541,0.004038,2.05732,205.032169,3451610,14114,1
11.974557,0.002016,2.05819,205.117456,3453070,14115,1
11.97658,0.002023,2.065605,205.844355,3465510,14116,1
11.978596,0.002016,2.058929,205.1899,3454310,14117,2
11.982634,0.004038,2.049208,204.236942,3438000,14119,1
11.98465,0.002016,2.052045,204.515056,3442760,14120,1
11.986666,0.002016,2.060205,205.314988,3456450,14121,1
11.988688,0.002022,2.071041,206.377251,3474630,14122,2
11.99272,0.004032,2.062565,205.546341,3460410,14124,1
11.994743,0.002023,2.059817,205.276952,3455800,14125,1
11.996759,0.002016,2.063948,205.681918,3462730,14126,1
11.998775,0.002016,2.067143,205.995126,3468090,14127,1
12.000797,0.002022,2.07305,206.574195,3478000,14128,2
12.004829,0.004032,2.072823,206.551942,3477620,14130,1
12.006852,0.002023,2.070355,206.310002,3473480,14131,1
12.008868,0.002016,2.068514,206.129527,3470390,14132,1
12.010884,0.002016,2.062869,205.576142,3460920,14133,2
12.014922,0.004038,2.0634,205.628197,3461810,14135,1
12.016938,0.002016,2.064931,205.778282,3464380,14136,1
12.01896,0.002022,2.066088,205.891704,3466320,14137,1
12.020977,0.002017,2.055144,204.818854,3447960,14138,2
12.025015,0.004038,2.058309,205.129121,3453270,14140,1
12.027031,0.002016,2.058709,205.168334,3453940,14141,1
12.029047,0.002016,2.057779,205.077165,3452380,14142,1
12.031069,0.002022,2.058506,205.148433,3453600,14143,2
12.035101,0.004032,2.06424,205.710543,3463220,14145,1
12.037124,0.002023,2.066648,205.946601,3467260,14146,1
12.03914,0.002016,2.071226,206.395386,3474940,14147,1
12.041156,0.002016,2.065802,205.863667,3465840,14148,1
12.043178,0.002022,2.066368,205.919152,3466790,14149,2
12.04721,0.004032,2.065742,205.857785,3465740,14151,1
12.049232,0.002022,2.068263,206.104921,3469970,14152,1
12.051248,0.002016,2.068669,206.144721,3470650,14153,1
12.053264,0.002016,2.071941,206.465479,3476140,14154,2
12.057303,0.004039,2.066284,205.910918,3466650,14156,1
12.059319,0.002016,2.070493,206.32353,3473710,14157,1
12.061341,0.002022,2.075052,206.770453,3481360,14158,1
12.063357,0.002016,2.074003,206.667618,3479600,14159,2
12.067396,0.004039,2.07215,206.485967,3476490,14161,1
12.069412,0.002016,2.0594,205.236073,3455100,14162,1
12.071428,0.002016,2.059197,205.216173,3454760,14163,1
12.07345,0.002022,2.060479,205.341848,3456910,14164,2
12.077488,0.004038,2.066118,205.894645,3466370,14166,1
12.079504,0.002016,2.064759,205.761421,3464090,14167,1
12.08152,0.002016,2.063698,205.65741,3462310,14168,1
12.083536,0.002016,2.06427,205.713484,3463270,14169,2
12.087575,0.004039,2.063626,205.650352,3462190,14171,1
12.089597,0.002022,2.068079,206.086883,3469660,14172,1
12.091613,0.002016,2.068192,206.097961,3469850,14173,1
12.093629,0.002016,2.071202,206.393034,3474900,14174,1
12.095652,0.002023,2.062821,205.571437,3460840,14175,2
12.099684,0.004032,2.053595,204.667004,3445360,14177,1
12.101706,0.002022,2.061045,205.397334,3457860,14178,1
12.103722,0.002016,2.062219,205.512422,3459830,14179,1
12.105738,0.002016,2.060169,205.311459,3456390,14180,2
12.109776,0.004038,2.068812,206.15874,3470890,14182,1
12.111792,0.002016,2.067786,206.05816,3469170,14183,1
12.113815,0.002023,2.075076,206.772805,3481400,14184,1
12.115831,0.002016,2.075219,206.786824,3481640,14185,2
12.119869,0.004038,2.068239,206.102568,3469930,14187,1
12.121885,0.002016,2.06998,206.27324,3472850,14188,1
12.123901,0.002016,2.074856,206.751239,3481030,14189,1
12.125924,0.002023,2.067679,206.047671,3468990,14190,2
12.129956,0.004032,2.064174,205.704073,3463110,14192,1
12.131978,0.002022,2.057993,205.098144,3452740,14193,1
12.133994,0.002016,2.062684,205.558007,3460610,14194,1
12.136016,0.002022,2.06821,206.099725,3469880,14195,1
12.138032,0.002016,2.061594,205.451153,3458780,14196,2
12.142071,0.004039,2.048111,204.129402,3436160,14198,1
12.144087,0.002016,2.05515,204.819442,3447970,14199,1
12.146103,0.002016,2.055728,204.876104,3448940,14200,1
12.148125,0.002022,2.055585,204.862085,3448700,14201,2
12.152157,0.004032,2.063537,205.641627,3462040,14203,1
12.15418,0.002023,2.06641,205.92327,3466860,14204,1
12.156196,0.002016,2.064276,205.714072,3463280,14205,1
12.158212,0.002016,2.067536,206.033652,3468750,14206,2
12.16225,0.004038,2.06601,205.884057,3466190,14208,1
12.164273,0.002023,2.065158,205.800535,3464760,14209,1
12.166289,0.002016,2.063119,205.60065,3461340,14210,1
12.168304,0.002015,2.065539,205.837885,3465400,14211,2
12.172343,0.004039,2.064925,205.777694,3464370,14213,1
12.174359,0.002016,2.062392,205.529381,3460120,14214,1
12.176381,0.002022,2.062261,205.516539,3459900,14215,1
12.178397,0.002016,2.066386,205.920917,3466820,14216,1
12.180413,0.002016,2.062124,205.503109,3459670,14217,2
12.184452,0.004039,2.065682,205.851903,3465640,14219,1
12.186474,0.002022,2.062905,205.579671,3460980,14220,1
12.18849,0.002016,2.064937,205.77887,3464390,14221,1
12.190506,0.002016,2.063125,205.601238,3461350,14222,2
12.194544,0.004038,2.071851,206.456656,3475990,14224,1
12.19656,0.002016,2.069479,206.224126,3472010,14225,1
12.198583,0.002023,2.063966,205.683682,3462760,14226,1
12.200599,0.002016,2.068746,206.15227,3470780,14227,2
12.204637,0.004038,2.06722,206.002675,3468220,14229,1
12.206653,0.002016,2.071297,206.402347,3475060,14230,1
12.208676,0.002023,2.075803,206.844074,3482620,14231,1
12.210692,0.002016,2.070993,206.372545,3474550,14232,2
12.21473,0.004038,2.072436,206.514004,3476970,14234,1
12.216746,0.002016,2.061999,205.490855,3459460,14235,1
12.218762,0.002016,2.069801,206.255692,3472550,14236,1
12.220784,0.002022,2.067512,206.0313,3468710,14237,1
12.2228,0.002016,2.066165,205.899252,3466450,14238,2
12.226839,0.004039,2.064139,205.700641,3463050,14240,1
12.228855,0.002016,2.063602,205.647999,3462150,14241,1
12.230871,0.002016,2.072215,206.492339,3476600,14242,1
12.232893,0.002022,2.065706,205.854256,3465680,14243,2
12.236932,0.004039,2.063912,205.678388,3462670,14245,1
12.238948,0.002016,2.063113,205.600062,3461330,14246,1
12.240964,0.002016,2.066994,205.98052,3467840,14247,1
12.24298,0.002016,2.071261,206.398818,3475000,14248,2
12.247018,0.004038,2.055258,204.830029,3448150,14250,1
12.24904,0.002022,2.05549,204.852772,3448540,14251,1
12.251056,0.002016,2.053052,204.613773,3444450,14252,1
12.253072,0.002016,2.061099,205.402628,3457950,14253,2
12.257111,0.004039,2.063286,205.617021,3461620,14255,1
12.259127,0.002016,2.065951,205.878273,3466090,14256,1
12.261149,0.002022,2.061069,205.399687,3457900,14257,1
12.263165,0.002016,2.062339,205.524186,3460030,14258,2
12.267204,0.004039,2.072608,206.530865,3477260,14260,1
12.26922,0.002016,2.070957,206.369016,3474490,14261,1
12.271236,0.002016,2.062118,205.502521,3459660,14262,1
12.273258,0.002022,2.068192,206.097961,3469850,14263,1
12.275274,0.002016,2.061862,205.477425,3459230,14264,2
12.279313,0.004039,2.065736,205.857197,3465730,14266,1
12.281329,0.002016,2.070177,206.292552,3473180,14267,1
12.283351,0.002022,2.065295,205.813965,3464990,14268,1
12.285367,0.002016,2.061933,205.484385,3459350,14269,2
12.289405,0.004038,2.056229,204.925217,3449780,14271,1
12.291421,0.002016,2.061123,205.40498,3457990,14272,1
12.293437,0.002016,2.059776,205.272933,3455730,14273,1
12.29546,0.002023,2.062052,205.496051,3459550,14274,2
12.299492,0.004032,2.065319,205.816318,3465030,14276,1
12.301514,0.002022,2.070528,206.326961,3473770,14277,1
12.30353,0.002016,2.056938,204.994721,3450970,14278,1
12.305546,0.002016,2.054089,204.715431,3446190,14279,2
12.309584,0.004038,2.061731,205.464583,3459010,14281,1
12.3116,0.002016,2.064878,205.773086,3464290,14282,1
12.313623,0.002023,2.066439,205.926113,3466910,14283,1
12.315639,0.002016,2.060395,205.333614,3456770,14284,1
12.317661,0.002022,2.063113,205.600062,3461330,14285,2
12.321693,0.004032,2.061534,205.445271,3458680,14287,1
12.323716,0.002023,2.058876,205.184705,3454220,14288,1
12.325732,0.002016,2.066988,205.979932,3467830,14289,1
12.327748,0.002016,2.072942,206.563607,3477820,14290,2
12.331786,0.004038,2.055043,204.808952,3447790,14292,1
12.333808,0.002022,2.059084,205.205095,3454570,14293,1
12.335824,0.002016,2.065939,205.877097,3466070,14294,1
12.33784,0.002016,2.067107,205.991597,3468030,14295,2
12.341879,0.004039,2.060884,205.381551,3457590,14297,1
12.343895,0.002016,2.06641,205.92327,3466860,14298,1
12.345917,0.002022,2.061528,205.444683,3458670,14299,1
12.347933,0.002016,2.059263,205.222643,3454870,14300,2
12.351972,0.004039,2.060562,205.349985,3457050,14302,1
12.353988,0.002016,2.060008,205.295676,3456120,14303,1
12.35601,0.002022,2.07206,206.477144,3476340,14304,1
12.358026,0.002016,2.07122,206.394798,3474930,14305,1
12.360042,0.002016,2.059591,205.254797,3455420,14306,2
12.36408,0.004038,2.06452,205.737991,3463690,14308,1
12.366096,0.002016,2.066821,205.96356,3467550,14309,1
12.368119,0.002023,2.059364,205.232544,3455040,14310,1
12.370135,0.002016,2.069998,206.275005,3472880,14311,2
12.374173,0.004038,2.065974,205.880528,3466130,14313,1
12.376189,0.002016,2.056104,204.912963,3449570,14314,1
12.378212,0.002023,2.062339,205.524186,3460030,14315,3
12.384266,0.006054,2.066803,205.961796,3467520,14318,1
12.386282,0.002016,2.0639,205.677212,3462650,14319,1
12.388298,0.002016,2.062565,205.546341,3460410,14320,1
12.390321,0.002023,2.055174,204.821794,3448010,14321,2
12.394352,0.004031,2.065051,205.790046,3464580,14323,1
12.396375,0.002023,2.064663,205.75201,3463930,14324,1
12.398391,0.002016,2.059627,205.258326,3455480,14325,1
12.400413,0.002022,2.059829,205.278128,3455820,14326,1
12.402429,0.002016,2.064145,205.70123,3463060,14327,2
12.406468,0.004039,2.067739,206.053553,3469090,14329,1
12.408484,0.002016,2.074075,206.674676,3479720,14330,1
12.4105,0.002016,2.065998,205.882881,3466170,14331,1
12.412522,0.002022,2.054757,204.780916,3447310,14332,2
12.416554,0.004032,2.060431,205.337143,3456830,14334,1
12.418577,0.002023,2.070451,206.319413,3473640,14335,1
12.420593,0.002016,2.073044,206.573607,3477990,14336,1
12.422608,0.002015,2.069885,206.263927,3472690,14337,2
12.426647,0.004039,2.071691,206.440971,3475720,14339,1
12.428669,0.002022,2.066886,205.969932,3467660,14340,1
12.430685,0.002016,2.061784,205.469779,3459100,14341,1
12.432701,0.002016,2.063996,205.686623,3462810,14342,2
12.43674,0.004039,2.066982,205.979343,3467820,14344,1
12.438756,0.002016,2.064723,205.757892,3464030,14345,1
12.440778,0.002022,2.05732,205.032169,3451610,14346,1
12.442794,0.002016,2.065539,205.837885,3465400,14347,2
12.446833,0.004039,2.06477,205.762499,3464110,14349,1
12.448849,0.002016,2.062452,205.535263,3460220,14350,1
12.450865,0.002016,2.060688,205.362337,3457260,14351,1
12.452887,0.002022,2.062142,205.504874,3459700,14352,1
12.454903,0.002016,2.063209,205.609473,3461490,14353,2
12.458941,0.004038,2.057201,205.020503,3451410,14355,1
12.460957,0.002016,2.059269,205.223231,3454880,14356,1
12.46298,0.002023,2.067637,206.043554,3468920,14357,1
12.464996,0.002016,2.054417,204.747585,3446740,14358,2
12.469034,0.004038,2.058297,205.127945,3453250,14360,1
12.47105,0.002016,2.059448,205.240779,3455180,14361,1
12.473066,0.002016,2.066666,205.948366,3467290,14362,1
12.475088,0.002022,2.064103,205.697112,3462990,14363,2
12.47912,0.004032,2.063942,205.681329,3462720,14365,1
12.481143,0.002023,2.061731,205.464583,3459010,14366,1
12.483159,0.002016,2.058476,205.145492,3453550,14367,1
12.485181,0.002022,2.067703,206.050024,3469030,14368,2
12.489213,0.004032,2.065039,205.788869,3464560,14370,1
12.491236,0.002023,2.056283,204.930511,3449870,14371,1
12.493252,0.002016,2.055746,204.877868,3448970,14372,1
12.495268,0.002016,2.060771,205.370473,3457400,14373,1
12.49729,0.002022,2.067465,206.026692,3468630,14374,2
12.501322,0.004032,2.073389,206.607427,3478570,14376,1
12.503345,0.002023,2.070075,206.282553,3473010,14377,1
12.50536,0.002015,2.06964,206.239909,3472280,14378,1
12.507376,0.002016,2.068037,206.082766,3469590,14379,2
12.511415,0.004039,2.057952,205.094124,3452670,14381,1
12.513437,0.002022,2.053761,204.683277,3445640,14382,1
12.515453,0.002016,2.061713,205.462819,3458980,14383,1
12.517469,0.002016,2.070588,206.332843,3473870,14384,2
12.521508,0.004039,2.069551,206.231185,3472130,14386,1
12.523524,0.002016,2.062225,205.51301,3459840,14387,1
12.525546,0.002022,2.063322,205.62055,3461680,14388,1
12.527562,0.002016,2.069116,206.188541,3471400,14389,2
12.531601,0.004039,2.06964,206.239909,3472280,14391,1
12.533617,0.002016,2.073944,206.661834,3479500,14392,1
12.535633,0.002016,2.07758,207.018275,3485600,14393,1
12.537655,0.002022,2.067709,206.050612,3469040,14394,1
12.539671,0.002016,2.067918,206.0711,3469390,14395,2
12.543709,0.004038,2.062565,205.546341,3460410,14397,1
12.545725,0.002016,2.062172,205.507815,3459750,14398,1
12.547748,0.002023,2.055383,204.842283,3448360,14399,1
12.549764,0.002016,2.059668,205.262345,3455550,14400,2
12.553802,0.004038,2.058202,205.118632,3453090,14402,1
12.555818,0.002016,2.061313,205.423606,3458310,14403,1
12.557834,0.002016,2.061003,205.393217,3457790,14404,1
12.559856,0.002022,2.064037,205.690642,3462880,14405,2
12.563888,0.004032,2.058065,205.105202,3452860,14407,1
12.565911,0.002023,2.065468,205.830925,3465280,14408,1
12.567927,0.002016,2.069032,206.180307,3471260,14409,1
12.569949,0.002022,2.064621,205.747892,3463860,14410,2
12.573981,0.004032,2.053326,204.640633,3444910,14412,1
12.576004,0.002023,2.052981,204.606813,3444330,14413,1
12.57802,0.002016,2.05906,205.202743,3454530,14414,1
12.580036,0.002016,2.066821,205.96356,3467550,14415,1
12.582058,0.002022,2.065915,205.874744,3466030,14416,2
12.58609,0.004032,2.060485,205.342437,3456920,14418,1
12.588112,0.002022,2.071851,206.456656,3475990,14419,1
12.590128,0.002016,2.068961,206.173346,3471140,14420,1
12.592144,0.002016,2.06247,205.537028,3460250,14421,2
12.596183,0.004039,2.061862,205.477425,3459230,14423,1
12.598199,0.002016,2.060813,205.374591,3457470,14424,1
12.600221,0.002022,2.062184,205.508991,3459770,14425,1
12.602237,0.002016,2.071065,206.379603,3474670,14426,2
12.606276,0.004039,2.070057,206.280788,3472980,14428,1
12.608292,0.002016,2.067739,206.053553,3469090,14429,1
12.610308,0.002016,2.06126,205.418411,3458220,14430,1
12.61233,0.002022,2.059036,205.20039,3454490,14431,2
12.616368,0.004038,2.063698,205.65741,3462310,14433,1
12.618384,0.002016,2.065575,205.841414,3465460,14434,1
12.6204,0.002016,2.058607,205.158335,3453770,14435,1
12.622423,0.002023,2.069736,206.24932,3472440,14436,2
12.626455,0.004032,2.072757,206.545472,3477510,14438,1
12.628477,0.002022,2.06964,206.239909,3472280,14439,1
12.630493,0.002016,2.059966,205.291559,3456050,14440,1
12.632509,0.002016,2.065766,205.860138,3465780,14441,1
12.634532,0.002023,2.066004,205.883469,3466180,14442,2
12.638564,0.004032,2.056944,204.995309,3450980,14444,1
12.640586,0.002022,2.067405,206.02081,3468530,14445,1
12.642602,0.002016,2.057636,205.063147,3452140,14446,1
12.644625,0.002023,2.067995,206.078649,3469520,14447,2
12.648657,0.004032,2.067363,206.016693,3468460,14449,1
12.650673,0.002016,2.059007,205.197547,3454440,14450,1
12.652695,0.002022,2.065194,205.804064,3464820,14451,1
12.654711,0.002016,2.060717,205.36518,3457310,14452,2
12.658749,0.004038,2.067304,206.010909,3468360,14454,1
12.660765,0.002016,2.074057,206.672912,3479690,14455,1
12.662788,0.002023,2.071339,206.406464,3475130,14456,1
12.664804,0.002016,2.069902,206.265594,3472720,14457,2
12.668842,0.004038,2.070665,206.340391,3474000,14459,1
12.670858,0.002016,2.052146,204.524957,3442930,14460,1
12.672874,0.002016,2.054483,204.754055,3446850,14461,1
12.674896,0.002022,2.057958,205.094712,3452680,14462,1
12.676912,0.002016,2.066004,205.883469,3466180,14463,2
12.680951,0.004039,2.067387,206.019046,3468500,14465,1
12.682967,0.002016,2.063084,205.597219,3461280,14466,1
12.684989,0.002022,2.065963,205.87945,3466110,14467,1
12.687005,0.002016,2.069467,206.22295,3471990,14468,2
12.691044,0.004039,2.067494,206.029535,3468680,14470,1
12.69306,0.002016,2.067941,206.073355,3469430,14471,1
12.695076,0.002016,2.069348,206.211284,3471790,14472,1
12.697098,0.002022,2.065963,205.87945,3466110,14473,2
12.701136,0.004038,2.079052,207.162576,3488070,14475,1
12.703152,0.002016,2.075243,206.789177,3481680,14476,1
12.705168,0.002016,2.066576,205.939543,3467140,14477,1
12.707191,0.002023,2.059358,205.231956,3455030,14478,2
12.711223,0.004032,2.066714,205.953071,3467370,14480,1
12.713245,0.002022,2.074236,206.690459,3479990,14481,1
12.715261,0.002016,2.077389,206.999551,3485280,14482,1
12.717277,0.002016,2.068007,206.079825,3469540,14483,1
12.7193,0.002023,2.066982,205.979343,3467820,14484,2
12.723332,0.004032,2.067095,205.990421,3468010,14486,1
12.725354,0.002022,2.063632,205.65094,3462200,14487,1
12.72737,0.002016,2.059102,205.20686,3454600,14488,1
12.729392,0.002022,2.064639,205.749657,3463890,14489,2
12.733424,0.004032,2.071226,206.395386,3474940,14491,1
12.735447,0.002023,2.065188,205.803476,3464810,14492,1
12.737463,0.002016,2.058494,205.147257,3453580,14493,1
12.739479,0.002016,2.059674,205.262934,3455560,14494,2
12.743517,0.004038,2.07023,206.297748,3473270,14496,1
12.745533,0.002016,2.066493,205.931406,3467000,14497,1
12.747556,0.002023,2.063984,205.685447,3462790,14498,1
12.749572,0.002016,2.066237,205.90631,3466570,14499,2
12.75361,0.004038,2.065611,205.844943,3465520,14501,1
12.755626,0.002016,2.078921,207.149734,3487850,14502,1
12.757649,0.002023,2.075624,206.826526,3482320,14503,1
12.759665,0.002016,2.075863,206.849956,3482720,14504,1
12.76168,0.002015,2.068043,206.083354,3469600,14505,2
12.765719,0.004039,2.069503,206.226479,3472050,14507,1
12.767735,0.002016,2.05732,205.032169,3451610,14508,1
12.769757,0.002022,2.064866,205.77191,3464270,14509,1
12.771773,0.002016,2.060282,205.322536,3456580,14510,2
12.775812,0.004039,2.071452,206.417541,3475320,14512,1
12.777828,0.002016,2.07507,206.772217,3481390,14513,1
12.77985,0.002022,2.067649,206.04473,3468940,14514,1
12.781866,0.002016,2.070528,206.326961,3473770,14515,2
12.785904,0.004038,2.06567,205.850727,3465620,14517,1
12.78792,0.002016,2.057523,205.052069,3451950,14518,1
12.789943,0.002023,2.075773,206.841133,3482570,14519,1
12.791959,0.002016,2.061957,205.486738,3459390,14520,2
12.795997,0.004038,2.064812,205.766616,3464180,14522,1
12.798013,0.002016,2.06064,205.357631,3457180,14523,1
12.800036,0.002023,2.059519,205.247739,3455300,14524,1
12.802052,0.002016,2.065015,205.786517,3464520,14525,2
12.80609,0.004038,2.065504,205.834454,3465340,14527,1
12.808106,0.002016,2.067518,206.031888,3468720,14528,1
12.810122,0.002016,2.073389,206.607427,3478570,14529,1
12.812145,0.002023,2.068949,206.17217,3471120,14530,1
12.81416,0.002015,2.069032,206.180307,3471260,14531,2
12.818199,0.004039,2.068216,206.100313,3469890,14533,1
12.820215,0.002016,2.063102,205.598983,3461310,14534,1
12.822237,0.002022,2.068645,206.142369,3470610,14535,1
12.824253,0.002016,2.06517,205.801711,3464780,14536,2
12.828292,0.004039,2.065879,205.871215,3465970,14538,1
12.830308,0.002016,2.060634,205.357043,3457170,14539,1
12.832324,0.002016,2.070564,206.33049,3473830,14540,1
12.834346,0.002022,2.077538,207.014158,3485530,14541,2
12.838384,0.004038,2.082902,207.539995,3494530,14543,1
12.8404,0.002016,2.081233,207.376382,3491730,14544,1
12.842416,0.002016,2.071375,206.409993,3475190,14545,1
12.844439,0.002023,2.069682,206.244027,3472350,14546,2
12.848471,0.004032,2.061528,205.444683,3458670,14548,1
12.850493,0.002022,2.068943,206.171582,3471110,14549,1
12.852509,0.002016,2.066541,205.936112,3467080,14550,1
12.854532,0.002023,2.058983,205.195194,3454400,14551,1
12.856548,0.002016,2.064872,205.772498,3464280,14552,2
12.860586,0.004038,2.064729,205.75848,3464040,14554,1
12.862602,0.002016,2.066416,205.923858,3466870,14555,1
12.864618,0.002016,2.071279,206.400582,3475030,14556,1
12.866641,0.002023,2.070397,206.314119,3473550,14557,2
12.870673,0.004032,2.069569,206.232949,3472160,14559,1
12.872695,0.002022,2.063489,205.636921,3461960,14560,1
12.874711,0.002016,2.065629,205.846708,3465550,14561,1
12.876727,0.002016,2.068686,206.146388,3470680,14562,2
12.880765,0.004038,2.063853,205.672605,3462570,14564,1
12.882781,0.002016,2.062452,205.535263,3460220,14565,1
12.884804,0.002023,2.070969,206.370193,3474510,14566,1
12.88682,0.002016,2.065152,205.799947,3464750,14567,2
12.890858,0.004038,2.068871,206.164524,3470990,14569,1
12.892874,0.002016,2.07293,206.562431,3477800,14570,1
12.894896,0.002022,2.073765,206.644287,3479200,14571,1
12.896912,0.002016,2.070469,206.321177,3473670,14572,1
12.898928,0.002016,2.065438,205.827984,3465230,14573,2
12.902967,0.004039,2.060193,205.313812,3456430,14575,1
12.904983,0.002016,2.069014,206.178542,3471230,14576,1
12.907005,0.002022,2.074957,206.76114,3481200,14577,1
12.909021,0.002016,2.064377,205.723973,3463450,14578,2
12.91306,0.004039,2.059156,205.212153,3454690,14580,1
12.915076,0.002016,2.062625,205.552223,3460510,14581,1
12.917098,0.002022,2.060151,205.309694,3456360,14582,1
12.919114,0.002016,2.061498,205.441742,3458620,14583,2
12.923152,0.004038,2.073109,206.579979,3478100,14585,1
12.925168,0.002016,2.077502,207.010628,3485470,14586,1
12.927184,0.002016,2.079093,207.166596,3488140,14587,1
12.929207,0.002023,2.074885,206.754082,3481080,14588,2
12.933239,0.004032,2.073491,206.617426,3478740,14590,1
12.935261,0.002022,2.071333,206.405876,3475120,14591,1
12.937277,0.002016,2.071059,206.379015,3474660,14592,1
12.9393,0.002023,2.068764,206.154034,3470810,14593,1
12.941316,0.002016,2.069324,206.208932,3471750,14594,2
12.945354,0.004038,2.075672,206.831232,3482400,14596,1
12.94737,0.002016,2.076697,206.931714,3484120,14597,1
12.949386,0.002016,2.075803,206.844074,3482620,14598,1
12.951408,0.002022,2.075291,206.793882,3481760,14599,2
12.955441,0.004033,2.075303,206.795058,3481780,14601,1
12.95746,0.002019,2.062744,205.563888,3460710,14602,1
12.959482,0.002022,2.070671,206.340979,3474010,14603,1
12.961498,0.002016,2.072251,206.495868,3476660,14604,2
12.965536,0.004038,2.056354,204.937471,3449990,14606,1
12.967553,0.002017,2.061069,205.399687,3457900,14607,1
12.969575,0.002022,2.058476,205.145492,3453550,14608,1
12.971591,0.002016,2.067447,206.024928,3468600,14609,2
12.975629,0.004038,2.074611,206.727221,3480620,14611,1
12.977645,0.002016,2.071887,206.460185,3476050,14612,1
12.979661,0.002016,2.068293,206.107862,3470020,14613,1
12.981684,0.002023,2.071095,206.382544,3474720,14614,1
12.9837,0.002016,2.081686,207.42079,3492490,14615,2
12.987738,0.004038,2.080131,207.268352,3489880,14617,1
12.989754,0.002016,2.077204,206.981415,3484970,14618,1
12.99177,0.002016,2.082574,207.507841,3493980,14619,1
12.993792,0.002022,2.072144,206.485379,3476480,14620,2
12.997824,0.004032,2.064162,205.702896,3463090,14622,1
12.999847,0.002023,2.062505,205.540459,3460310,14623,1
13.001863,0.002016,2.072638,206.533806,3477310,14624,1
13.003879,0.002016,2.077186,206.979651,3484940,14625,2
13.007917,0.004038,2.065301,205.814553,3465000,14627,1
13.00994,0.002023,2.068543,206.13237,3470440,14628,1
13.011956,0.002016,2.06697,205.978167,3467800,14629,1
13.013972,0.002016,2.070767,206.35039,3474170,14630,2
13.01801,0.004038,2.073604,206.628504,3478930,14632,1
13.020026,0.002016,2.071857,206.457244,3476000,14633,1
13.022048,0.002022,2.064377,205.723973,3463450,14634,1
13.024064,0.002016,2.069342,206.210696,3471780,14635,2
13.028103,0.004039,2.070361,206.31059,3473490,14637,1
13.030119,0.002016,2.06697,205.978167,3467800,14638,1
13.032135,0.002016,2.069044,206.181483,3471280,14639,1
13.034157,0.002022,2.068633,206.141192,3470590,14640,1
13.036173,0.002016,2.071381,206.410581,3475200,14641,2
13.040212,0.004039,2.07184,206.455577,3475970,14643,1
13.042228,0.002016,2.067757,206.055317,3469120,14644,1
13.044244,0.002016,2.07051,206.325196,3473740,14645,1
13.046266,0.002022,2.065885,205.871803,3465980,14646,2
13.050298,0.004032,2.066159,205.898664,3466440,14648,1
13.05232,0.002022,2.067488,206.028947,3468670,14649,1
13.054337,0.002017,2.072185,206.489398,3476550,14650,1
13.056352,0.002015,2.074063,206.6735,3479700,14651,2
13.060391,0.004039,2.072883,206.557824,3477720,14653,1
13.062407,0.002016,2.069598,206.235792,3472210,14654,1
13.064429,0.002022,2.068853,206.162759,3470960,14655,1
13.066445,0.002016,2.070719,206.345685,3474090,14656,2
13.070484,0.004039,2.065468,205.830925,3465280,14658,1
13.0725,0.002016,2.063519,205.639862,3462010,14659,1
13.074522,0.002022,2.056861,204.987173,3450840,14660,1
13.076538,0.002016,2.056617,204.963253,3450430,14661,1
13.078554,0.002016,2.066845,205.965913,3467590,14662,2
13.082593,0.004039,2.065611,205.844943,3465520,14664,1
13.084608,0.002015,2.065325,205.816906,3465040,14665,1
13.086631,0.002023,2.061146,205.407235,3458030,14666,1
13.088647,0.002016,2.061999,205.490855,3459460,14667,2
13.092685,0.004038,2.063119,205.60065,3461340,14669,1
13.094701,0.002016,2.071655,206.437442,3475660,14670,1
13.096724,0.002023,2.075356,206.800254,3481870,14671,1
13.09874,0.002016,2.071363,206.408817,3475170,14672,2
13.102778,0.004038,2.070832,206.356762,3474280,14674,1
13.104794,0.002016,2.070314,206.305982,3473410,14675,1
13.10681,0.002016,2.0733,206.598703,3478420,14676,1
13.108832,0.002022,2.058554,205.153139,3453680,14677,2
13.112871,0.004039,2.069563,206.232361,3472150,14679,1
13.114887,0.002016,2.071315,206.404111,3475090,14680,1
13.116903,0.002016,2.064836,205.768969,3464220,14681,1
13.118919,0.002016,2.069986,206.273828,3472860,14682,1
13.120941,0.002022,2.067429,206.023163,3468570,14683,2
13.12498,0.004039,2.060217,205.316164,3456470,14685,1
13.126996,0.002016,2.067178,205.998557,3468150,14686,1
13.129012,0.002016,2.061081,205.400863,3457920,14687,1
13.131034,0.002022,2.060872,205.380375,3457570,14688,2
13.135066,0.004032,2.064514,205.737403,3463680,14690,1
13.137089,0.002023,2.070808,206.35441,3474240,14691,1
13.139104,0.002015,2.072978,206.567137,3477880,14692,1
13.141127,0.002023,2.065754,205.858961,3465760,14693,2
13.145159,0.004032,2.067107,205.991597,3468030,14695,1
13.147181,0.002022,2.06266,205.555654,3460570,14696,1
13.149197,0.002016,2.072734,206.543217,3477470,14697,1
13.151213,0.002016,2.073312,206.599879,3478440,14698,2
13.155252,0.004039,2.068836,206.161093,3470930,14700,1
13.157268,0.002016,2.060187,205.313223,3456420,14701,1
13.15929,0.002022,2.058327,205.130886,3453300,14702,1
13.161306,0.002016,2.061957,205.486738,3459390,14703,1
13.163322,0.002016,2.074778,206.743592,3480900,14704,2
13.16736,0.004038,2.064574,205.743285,3463780,14706,1
13.169383,0.002023,2.058387,205.136768,3453400,14707,1
13.171399,0.002016,2.063239,205.612414,3461540,14708,1
13.173415,0.002016,2.062309,205.521245,3459980,14709,2
13.177453,0.004038,2.066362,205.918564,3466780,14711,1
13.179469,0.002016,2.063727,205.660253,3462360,14712,1
13.181492,0.002023,2.064562,205.742109,3463760,14713,1
13.183508,0.002016,2.061123,205.40498,3457990,14714,2
13.187546,0.004038,2.060485,205.342437,3456920,14716,1
13.189562,0.002016,2.075744,206.83829,3482520,14717,1
13.191578,0.002016,2.075517,206.816037,3482140,14718,1
13.1936,0.002022,2.062255,205.515951,3459890,14719,2
13.197639,0.004039,2.060676,205.36116,3457240,14721,1
13.199655,0.002016,2.071244,206.397151,3474970,14722,1
13.201671,0.002016,2.075553,206.819566,3482200,14723,1
13.203693,0.002022,2.067411,206.021399,3468540,14724,2
13.207725,0.004032,2.063477,205.635745,3461940,14726,1
13.209748,0.002023,2.075773,206.841133,3482570,14727,1
13.211764,0.002016,2.064586,205.744461,3463800,14728,1
13.21378,0.002016,2.055699,204.873261,3448890,14729,1
13.215802,0.002022,2.055651,204.868555,3448810,14730,2
13.219834,0.004032,2.073628,206.630857,3478970,14732,1
13.221856,0.002022,2.071625,206.434501,3475610,14733,1
13.223872,0.002016,2.070028,206.277945,3472930,14734,1
13.225895,0.002023,2.078235,207.082485,3486700,14735,2
13.229927,0.004032,2.074564,206.722614,3480540,14737,1
13.231949,0.002022,2.066672,205.948954,3467300,14738,1
13.233965,0.002016,2.062577,205.547517,3460430,14739,1
13.235981,0.002016,2.066672,205.948954,3467300,14740,2
13.24002,0.004039,2.073789,206.64664,3479240,14742,1
13.242036,0.002016,2.06185,205.476249,3459210,14743,1
13.244058,0.002022,2.072847,206.554295,3477660,14744,1
13.246074,0.002016,2.077627,207.022882,3485680,14745,2
13.250112,0.004038,2.074897,206.755258,3481100,14747,1
13.252128,0.002016,2.070796,206.353233,3474220,14748,1
13.254151,0.002023,2.067345,206.014929,3468430,14749,1
13.256167,0.002016,2.06666,205.947777,3467280,14750,1
13.258183,0.002016,2.064657,205.751421,3463920,14751,2
13.262221,0.004038,2.060622,205.355867,3457150,14753,1
13.264237,0.002016,2.061105,205.403216,3457960,14754,1
13.26626,0.002023,2.05515,204.819442,3447970,14755,1
13.268276,0.002016,2.070975,206.370781,3474520,14756,2
13.272314,0.004038,2.070439,206.318236,3473620,14758,1
13.27433,0.002016,2.069348,206.211284,3471790,14759,1
13.276346,0.002016,2.069926,206.267946,3472760,14760,1
13.278368,0.002022,2.061272,205.419587,3458240,14761,2
13.282407,0.004039,2.061415,205.433605,3458480,14763,1
13.284423,0.002016,2.059507,205.246562,3455280,14764,1
13.286439,0.002016,2.055961,204.898945,3449330,14765,1
13.288455,0.002016,2.064931,205.778282,3464380,14766,2
13.292493,0.004038,2.0675,206.030123,3468690,14768,1
13.294516,0.002023,2.070975,206.370781,3474520,14769,1
13.296532,0.002016,2.071422,206.414601,3475270,14770,1
13.298548,0.002016,2.077514,207.011805,3485490,14771,1
13.300564,0.002016,2.06427,205.713484,3463270,14772,2
13.304602,0.004038,2.072203,206.491163,3476580,14774,1
13.306625,0.002023,2.078801,207.137971,3487650,14775,1
13.30864,0.002015,2.069628,206.238733,3472260,14776,1
13.310657,0.002017,2.072078,206.478909,3476370,14777,2
13.314695,0.004038,2.076411,206.903677,3483640,14779,1
13.316711,0.002016,2.072954,206.564784,3477840,14780,1
13.318733,0.002022,2.063149,205.603591,3461390,14781,1
13.320749,0.002016,2.061361,205.428312,3458390,14782,2
13.324788,0.004039,2.070463,206.320589,3473660,14784,1
13.326804,0.002016,2.073246,206.593409,3478330,14785,1
13.32882,0.002016,2.07392,206.659482,3479460,14786,1
13.330842,0.002022,2.06691,205.972285,3467700,14787,2
13.334874,0.004032,2.067864,206.065807,3469300,14789,1
13.336896,0.002022,2.07209,206.480085,3476390,14790,1
13.338912,0.002016,2.07119,206.391857,3474880,14791,1
13.340935,0.002023,2.064914,205.776615,3464350,14792,1
13.342951,0.002016,2.061445,205.436546,3458530,14793,2
13.346989,0.004038,2.067029,205.983951,3467900,14795,1
13.349005,0.002016,2.065086,205.793477,3464640,14796,1
13.351021,0.002016,2.062845,205.573789,3460880,14797,1
13.353044,0.002023,2.072781,206.547825,3477550,14798,2
13.357076,0.004032,2.063924,205.679565,3462690,14800,1
13.359098,0.002022,2.067906,206.069924,3469370,14801,1
13.361114,0.002016,2.066296,205.912094,3466670,14802,1
13.36313,0.002016,2.0724,206.510475,3476910,14803,2
13.367168,0.004038,2.063704,205.657998,3462320,14805,1
13.369184,0.002016,2.06458,205.743873,3463790,14806,1
13.371207,0.002023,2.066213,205.903958,3466530,14807,1
13.373223,0.002016,2.066344,205.9168,3466750,14808,2
13.377261,0.004038,2.058262,205.124514,3453190,14810,1
13.379277,0.002016,2.06418,205.704661,3463120,14811,1
13.3813,0.002023,2.061015,205.394393,3457810,14812,1
13.383316,0.002016,2.072984,206.567725,3477890,14813,2
13.387354,0.004038,2.070928,206.366173,3474440,14815,1
13.38937,0.002016,2.064162,205.702896,3463090,14816,1
13.391386,0.002016,2.070045,206.279612,3472960,14817,1
13.393409,0.002023,2.073562,206.624387,3478860,14818,1
13.395424,0.002015,2.068168,206.095608,3469810,14819,2
13.399463,0.004039,2.065974,205.880528,3466130,14821,1
13.401479,0.002016,2.071631,206.435089,3475620,14822,1
13.403495,0.002016,2.077651,207.025235,3485720,14823,1
13.405517,0.002022,2.069563,206.232361,3472150,14824,2
13.409556,0.004039,2.066916,205.972873,3467710,14826,1
13.411572,0.002016,2.060777,205.371062,3457410,14827,1
13.413588,0.002016,2.061373,205.429488,3458410,14828,1
13.41561,0.002022,2.057016,205.002367,3451100,14829,2
13.419642,0.004032,2.058876,205.184705,3454220,14831,1
13.421665,0.002023,2.057415,205.041482,3451770,14832,1
13.423681,0.002016,2.062416,205.531734,3460160,14833,1
13.425703,0.002022,2.067202,206.00091,3468190,14834,2
13.429735,0.004032,2.061307,205.423018,3458300,14836,1
13.431757,0.002022,2.058232,205.121573,3453140,14837,1
13.433773,0.002016,2.066791,205.960619,3467500,14838,1
13.435789,0.002016,2.06641,205.92327,3466860,14839,1
13.437812,0.002023,2.064371,205.723385,3463440,14840,2
13.441844,0.004032,2.064884,205.773674,3464300,14842,1
13.443866,0.002022,2.067786,206.05816,3469170,14843,1
13.445882,0.002016,2.054971,204.801894,3447670,14844,1
13.447898,0.002016,2.064091,205.695936,3462970,14845,2
13.451936,0.004038,2.070111,206.286082,3473070,14847,1
13.453959,0.002023,2.063793,205.666723,3462470,14848,1
13.455975,0.002016,2.058887,205.185783,3454240,14849,1
13.457991,0.002016,2.072012,206.472439,3476260,14850,2
13.462029,0.004038,2.059078,205.204507,3454560,14852,1
13.464045,0.002016,2.069974,206.272652,3472840,14853,1
13.466068,0.002023,2.075279,206.792706,3481740,14854,1
13.468084,0.002016,2.08317,207.566268,3494980,14855,2
13.472122,0.004038,2.070791,206.352743,3474210,14857,1
13.474138,0.002016,2.064168,205.703484,3463100,14858,1
13.476154,0.002016,2.06306,205.594866,3461240,14859,1
13.478176,0.002022,2.064252,205.711719,3463240,14860,1
13.480192,0.002016,2.06725,206.005616,3468270,14861,2
13.484231,0.004039,2.069509,206.227067,3472060,14863,1
13.486247,0.002016,2.07141,206.413424,3475250,14864,1
13.488269,0.002022,2.070791,206.352743,3474210,14865,1
13.490285,0.002016,2.062458,205.535852,3460230,14866,2
13.494324,0.004039,2.062213,205.511834,3459820,14868,1
13.49634,0.002016,2.061379,205.430076,3458420,14869,1
13.498356,0.002016,2.062082,205.498992,3459600,14870,1
13.500378,0.002022,2.066267,205.909251,3466620,14871,2
13.50441,0.004032,2.06877,206.154623,3470820,14873,1
13.506432,0.002022,2.062196,205.510167,3459790,14874,1
13.508448,0.002016,2.07119,206.391857,3474880,14875,1
13.510464,0.002016,2.070308,206.305394,3473400,14876,2
13.514503,0.004039,2.061921,205.483209,3459330,14878,1
13.516519,0.002016,2.067047,205.985715,3467930,14879,1
13.518541,0.002022,2.069086,206.1856,3471350,14880,1
13.520557,0.002016,2.065164,205.801123,3464770,14881,2
13.524596,0.004039,2.070493,206.32353,3473710,14883,1
13.526612,0.002016,2.060777,205.371062,3457410,14884,1
13.528628,0.002016,2.067661,206.045906,3468960,14885,1
13.53065,0.002022,2.070963,206.369604,3474500,14886,1
13.532666,0.002016,2.0697,206.245791,3472380,14887,2
13.536705,0.004039,2.066213,205.903958,3466530,14889,1
13.53872,0.002015,2.060086,205.303322,3456250,14890,1
13.540743,0.002023,2.07063,206.33696,3473940,14891,1
13.542759,0.002016,2.073628,206.630857,3478970,14892,2
13.546797,0.004038,2.074265,206.693302,3480040,14894,1
13.548813,0.002016,2.070272,206.301865,3473340,14895,1
13.550829,0.002016,2.066076,205.890527,3466300,14896,1
13.552852,0.002023,2.062249,205.515363,3459880,14897,2
13.556884,0.004032,2.068782,206.155799,3470840,14899,1
13.558906,0.002022,2.067953,206.074531,3469450,14900,1
13.560922,0.002016,2.073318,206.600467,3478450,14901,1
13.562944,0.002022,2.069205,206.197266,3471550,14902,2
13.566976,0.004032,2.06368,205.655645,3462280,14904,1
13.568999,0.002023,2.072668,206.536747,3477360,14905,1
13.571015,0.002016,2.06871,206.148741,3470720,14906,1
13.573031,0.002016,2.064508,205.736815,3463670,14907,1
13.575053,0.002022,2.063954,205.682506,3462740,14908,2
13.579092,0.004039,2.066833,205.964737,3467570,14910,1
13.581108,0.002016,2.06973,206.248732,3472430,14911,1
13.583124,0.002016,2.075076,206.772805,3481400,14912,1
13.58514,0.002016,2.075553,206.819566,3482200,14913,2
13.589178,0.004038,2.071124,206.385387,3474770,14915,1
13.5912,0.002022,2.065414,205.825631,3465190,14916,1
13.593216,0.002016,2.068633,206.141192,3470590,14917,1
13.595232,0.002016,2.070636,206.337548,3473950,14918,2
13.599271,0.004039,2.071923,206.463714,3476110,14920,1
13.601287,0.002016,2.066469,205.929053,3466960,14921,1
13.603309,0.002022,2.070266,206.301277,3473330,14922,1
13.605325,0.002016,2.065343,205.818671,3465070,14923,2
13.609364,0.004039,2.066636,205.945425,3467240,14925,1
13.61138,0.002016,2.069902,206.265594,3472720,14926,1
13.613396,0.002016,2.068341,206.112567,3470100,14927,1
13.615418,0.002022,2.071488,206.421071,3475380,14928,1
13.617434,0.002016,2.065092,205.794065,3464650,14929,2
13.621472,0.004038,2.059561,205.251856,3455370,14931,1
13.623489,0.002017,2.063066,205.595454,3461250,14932,1
13.625511,0.002022,2.067024,205.983461,3467890,14933,1
13.627527,0.002016,2.076262,206.88907,3483390,14934,2
13.631565,0.004038,2.06849,206.127174,3470350,14936,1
13.633581,0.002016,2.061927,205.483797,3459340,14937,1
13.635597,0.002016,2.063388,205.62702,3461790,14938,1
13.63762,0.002023,2.064478,205.733874,3463620,14939,2
13.641652,0.004032,2.06216,205.506638,3459730,14941,1
13.643674,0.002022,2.066278,205.91033,3466640,14942,1
13.64569,0.002016,2.06086,205.379198,3457550,14943,1
13.647712,0.002022,2.06216,205.506638,3459730,14944,2
13.651745,0.004033,2.0603,205.324301,3456610,14946,1
13.65376,0.002015,2.067411,206.021399,3468540,14947,1
13.655783,0.002023,2.0657,205.853668,3465670,14948,1
13.657799,0.002016,2.068615,206.139428,3470560,14949,1
13.659821,0.002022,2.068919,206.169229,3471070,14950,2
13.663853,0.004032,2.068412,206.119528,3470220,14952,1
13.665876,0.002023,2.065498,205.833865,3465330,14953,1
13.667892,0.002016,2.067834,206.062866,3469250,14954,1
13.669908,0.002016,2.060598,205.353514,3457110,14955,2
13.673946,0.004038,2.065247,205.80926,3464910,14957,1
13.675968,0.002022,2.067828,206.062277,3469240,14958,1
13.677984,0.002016,2.06036,205.330183,3456710,14959,1
13.68,0.002016,2.049577,204.273116,3438620,14960,2
13.684039,0.004039,2.057052,205.005896,3451160,14962,1
13.686055,0.002016,2.063674,205.655057,3462270,14963,1
13.688077,0.002022,2.061272,205.419587,3458240,14964,1
13.690093,0.002016,2.068526,206.130703,3470410,14965,2
13.694132,0.004039,2.066523,205.934347,3467050,14967,1
13.696148,0.002016,2.069378,206.214225,3471840,14968,1
13.698164,0.002016,2.073687,206.636641,3479070,14969,1
13.700186,0.002022,2.079773,207.233257,3489280,14970,1
13.702202,0.002016,2.065903,205.873568,3466010,14971,2
13.70624,0.004038,2.071738,206.445578,3475800,14973,1
13.708256,0.002016,2.077919,207.051507,3486170,14974,1
13.710279,0.002023,2.070135,206.288435,3473110,14975,1
13.712295,0.002016,2.074826,206.748298,3480980,14976,2
13.716333,0.004038,2.073234,206.592233,3478310,14978,1
13.718349,0.002016,2.078199,207.078956,3486640,14979,1
13.720365,0.002016,2.061599,205.451643,3458790,14980,1
13.722388,0.002023,2.06483,205.768381,3464210,14981,2
13.72642,0.004032,2.065939,205.877097,3466070,14983,1
13.728442,0.002022,2.065164,205.801123,3464770,14984,1
13.730458,0.002016,2.065331,205.817494,3465050,14985,1
13.732474,0.002016,2.074337,206.700361,3480160,14986,2
13.736512,0.004038,2.076161,206.879169,3483220,14988,1
13.738535,0.002023,2.070922,206.365585,3474430,14989,1
13.740551,0.002016,2.06027,205.32136,3456560,14990,1
13.742567,0.002016,2.066684,205.95013,3467320,14991,2
13.746605,0.004038,2.066368,205.919152,3466790,14993,1
13.748621,0.002016,2.062577,205.547517,3460430,14994,1
13.750644,0.002023,2.060497,205.343613,3456940,14995,1
13.75266,0.002016,2.061552,205.447036,3458710,14996,1
13.754676,0.002016,2.071738,206.445578,3475800,14997,2
13.758714,0.004038,2.073252,206.593997,3478340,14999,1
13.760736,0.002022,2.067238,206.004439,3468250,15000,1
13.762753,0.002017,2.068132,206.092079,3469750,15001,1
13.764769,0.002016,2.06582,205.865431,3465870,15002,2
13.768807,0.004038,2.068925,206.169817,3471080,15004,1
13.770823,0.002016,2.069998,206.275005,3472880,15005,1
13.772845,0.002022,2.068883,206.1657,3471010,15006,1
13.774861,0.002016,2.069336,206.210108,3471770,15007,2
13.7789,0.004039,2.065063,205.791222,3464600,15009,1
13.780916,0.002016,2.059245,205.220878,3454840,15010,1
13.782932,0.002016,2.063829,205.670252,3462530,15011,1
13.784954,0.002022,2.061141,205.406745,3458020,15012,2
13.788986,0.004032,2.075475,206.81192,3482070,15014,1
13.791008,0.002022,2.067351,206.015517,3468440,15015,1
13.793024,0.002016,2.06418,205.704661,3463120,15016,1
13.79504,0.002016,2.061933,205.484385,3459350,15017,1
13.797063,0.002023,2.066773,205.958855,3467470,15018,2
13.801095,0.004032,2.07243,206.513416,3476960,15020,1
13.803117,0.002022,2.075821,206.845838,3482650,15021,1
13.805133,0.002016,2.061778,205.469191,3459090,15022,1
13.807156,0.002023,2.069598,206.235792,3472210,15023,2
13.811188,0.004032,2.069712,206.246968,3472400,15025,1
13.81321,0.002022,2.058899,205.18696,3454260,15026,1
13.815226,0.002016,2.057654,205.064911,3452170,15027,1
13.817242,0.002016,2.0702,206.294807,3473220,15028,2
13.82128,0.004038,2.071434,206.415777,3475290,15030,1
13.823296,0.002016,2.065802,205.863667,3465840,15031,1
13.825319,0.002023,2.068275,206.106097,3469990,15032,1
13.827335,0.002016,2.063119,205.60065,3461340,15033,2
13.831373,0.004038,2.063364,205.624668,3461750,15035,1
13.833389,0.002016,2.070057,206.280788,3472980,15036,1
13.835412,0.002023,2.058405,205.138532,3453430,15037,1
13.837428,0.002016,2.054965,204.801306,3447660,15038,1
13.839444,0.002016,2.059674,205.262934,3455560,15039,2
13.843482,0.004038,2.07544,206.808489,3482010,15041,1
13.845498,0.002016,2.074111,206.678206,3479780,15042,1
13.84752,0.002022,2.068955,206.172758,3471130,15043,1
13.849536,0.002016,2.062541,205.543988,3460370,15044,2
13.853575,0.004039,2.061975,205.488503,3459420,15046,1
13.855591,0.002016,2.068812,206.15874,3470890,15047,1
13.857607,0.002016,2.065784,205.861902,3465810,15048,1
13.859623,0.002016,2.073085,206.577626,3478060,15049,2
13.863661,0.004038,2.06939,206.215402,3471860,15051,1
13.865684,0.002023,2.064973,205.782399,3464450,15052,1
13.8677,0.002016,2.075106,206.775746,3481450,15053,1
13.869716,0.002016,2.070487,206.322942,3473700,15054,2
13.873754,0.004038,2.068883,206.1657,3471010,15056,1
13.87577,0.002016,2.063864,205.673683,3462590,15057,1
13.877792,0.002022,2.072203,206.491163,3476580,15058,1
13.879809,0.002017,2.062523,205.542224,3460340,15059,2
13.883847,0.004038,2.060568,205.350573,3457060,15061,1
13.885863,0.002016,2.073783,206.646051,3479230,15062,1
13.887879,0.002016,2.07029,206.30363,3473370,15063,1
13.889901,0.002022,2.063328,205.621138,3461690,15064,1
13.891917,0.002016,2.073449,206.613309,3478670,15065,2
13.895956,0.004039,2.068615,206.139428,3470560,15067,1
13.897972,0.002016,2.069825,206.258045,3472590,15068,1
13.900004,0.002032,2.070355,206.310002,3473480,15069,1
13.902007,0.002003,2.063727,205.660253,3462360,15070,2
13.906045,0.004038,2.063268,205.615257,3461590,15072,1
13.908061,0.002016,2.063745,205.662017,3462390,15073,1
13.910084,0.002023,2.055293,204.83346,3448210,15074,1
13.9121,0.002016,2.061129,205.405568,3458000,15075,2
13.916138,0.004038,2.063859,205.673193,3462580,15077,1
13.918154,0.002016,2.065969,205.880038,3466120,15078,1
13.92017,0.002016,2.072084,206.479497,3476380,15079,1
13.922192,0.002022,2.078885,207.146205,3487790,15080,2
13.926224,0.004032,2.072871,206.556647,3477700,15082,1
13.928247,0.002023,2.064043,205.691231,3462890,15083,1
13.930263,0.002016,2.06399,205.686035,3462800,15084,1
13.932279,0.002016,2.062553,205.545164,3460390,15085,1
13.934301,0.002022,2.058303,205.128533,3453260,15086,2
13.93834,0.004039,2.059346,205.230779,3455010,15088,1
13.940356,0.002016,2.058166,205.115103,3453030,15089,1
13.942372,0.002016,2.066702,205.951895,3467350,15090,1
13.944394,0.002022,2.072495,206.519788,3477070,15091,2
13.948426,0.004032,2.062684,205.558007,3460610,15093,1
13.950449,0.002023,2.068752,206.152858,3470790,15094,1
13.952464,0.002015,2.074194,206.686342,3479920,15095,1
13.954481,0.002017,2.06542,205.826219,3465200,15096,2
13.958519,0.004038,2.060503,205.344201,3456950,15098,1
13.960535,0.002016,2.058846,205.181764,3454170,15099,1
13.962557,0.002022,2.064013,205.68829,3462840,15100,1
13.964573,0.002016,2.068692,206.146976,3470690,15101,2
13.968612,0.004039,2.06722,206.002675,3468220,15103,1
13.970628,0.002016,2.071506,206.422835,3475410,15104,1
13.972644,0.002016,2.071524,206.4246,3475440,15105,1
13.974666,0.002022,2.067178,205.998557,3468150,15106,1
13.976682,0.002016,2.063626,205.650352,3462190,15107,2
13.98072,0.004038,2.071208,206.393622,3474910,15109,1
13.982736,0.002016,2.05484,204.789052,3447450,15110,1
13.984759,0.002023,2.055001,204.804835,3447720,15111,1
13.986775,0.002016,2.061456,205.437625,3458550,15112,2
13.990813,0.004038,2.066797,205.961208,3467510,15114,1
13.992829,0.002016,2.069587,206.234714,3472190,15115,1
13.994845,0.002016,2.066094,205.892292,3466330,15116,1
13.996868,0.002023,2.062231,205.513599,3459850,15117,2
14.0009,0.004032,2.064097,205.696524,3462980,15119,1
14.002922,0.002022,2.064598,205.745638,3463820,15120,1
14.004938,0.002016,2.064568,205.742697,3463770,15121,1
14.00696,0.002022,2.070504,206.324608,3473730,15122,2
14.010992,0.004032,2.06877,206.154623,3470820,15124,1
14.013015,0.002023,2.061725,205.463995,3459000,15125,1
14.015031,0.002016,2.064568,205.742697,3463770,15126,1
14.017047,0.002016,2.064949,205.780047,3464410,15127,1
14.019069,0.002022,2.053422,204.650044,3445070,15128,2
14.023101,0.004032,2.064848,205.770145,3464240,15130,1
14.025124,0.002023,2.070874,206.36088,3474350,15131,1
14.02714,0.002016,2.063,205.588984,3461140,15132,1
14.029156,0.002016,2.071756,206.447343,3475830,15133,2
14.033194,0.004038,2.070183,206.29314,3473190,15135,1
14.035216,0.002022,2.067107,205.991597,3468030,15136,2
14.039248,0.004032,2.062309,205.521245,3459980,15138,2
14.043287,0.004039,2.070862,206.359703,3474330,15140,1
14.045303,0.002016,2.062154,205.50605,3459720,15141,1
14.047325,0.002022,2.065742,205.857785,3465740,15142,1
14.049341,0.002016,2.072603,206.530375,3477250,15143,2
14.05338,0.004039,2.069569,206.232949,3472160,15145,1
14.055396,0.002016,2.069396,206.21599,3471870,15146,1
14.057418,0.002022,2.066016,205.884645,3466200,15147,1
14.059434,0.002016,2.064991,205.784164,3464480,15148,2
14.063472,0.004038,2.066565,205.938464,3467120,15150,1
14.065489,0.002017,2.068543,206.13237,3470440,15151,1
14.067504,0.002015,2.065927,205.875921,3466050,15152,1
14.069527,0.002023,2.064669,205.752598,3463940,15153,1
14.071543,0.002016,2.06517,205.801711,3464780,15154,2
14.075581,0.004038,2.065915,205.874744,3466030,15156,1
14.077597,0.002016,2.064538,205.739756,3463720,15157,1
14.07962,0.002023,2.0688,206.157563,3470870,15158,1
14.081636,0.002016,2.061009,205.393805,3457800,15159,2
14.085674,0.004038,2.060068,205.301558,3456220,15161,1
14.08769,0.002016,2.065641,205.847884,3465570,15162,1
14.089713,0.002023,2.057803,205.079518,3452420,15163,1
14.091729,0.002016,2.05878,205.175294,3454060,15164,2
14.095767,0.004038,2.066809,205.962384,3467530,15166,1
14.097783,0.002016,2.057374,205.037462,3451700,15167,1
14.099799,0.002016,2.061468,205.438801,3458570,15168,1
14.101821,0.002022,2.06399,205.686035,3462800,15169,2
14.105853,0.004032,2.073234,206.592233,3478310,15171,1
14.107876,0.002023,2.069306,206.207167,3471720,15172,1
14.109892,0.002016,2.07482,206.74771,3480970,15173,1
14.111908,0.002016,2.074277,206.694479,3480060,15174,1
14.11393,0.002022,2.067989,206.07806,3469510,15175,2
14.117968,0.004038,2.059394,205.235485,3455090,15177,1
14.119984,0.002016,2.064353,205.72162,3463410,15178,1
14.122,0.002016,2.067506,206.030712,3468700,15179,1
14.124023,0.002023,2.070898,206.363232,3474390,15180,2
14.128055,0.004032,2.072448,206.51518,3476990,15182,1
14.130077,0.002022,2.064145,205.70123,3463060,15183,1
14.132093,0.002016,2.063304,205.618786,3461650,15184,1
14.134116,0.002023,2.064371,205.723385,3463440,15185,2
14.138148,0.004032,2.071065,206.379603,3474670,15187,1
14.14017,0.002022,2.06694,205.975226,3467750,15188,1
14.142186,0.002016,2.057612,205.060794,3452100,15189,1
14.144202,0.002016,2.056313,204.933452,3449920,15190,2
14.14824,0.004038,2.061868,205.478013,3459240,15192,1
14.150263,0.002023,2.056879,204.988937,3450870,15193,1
14.152279,0.002016,2.065617,205.845531,3465530,15194,1
14.154295,0.002016,2.064347,205.721032,3463400,15195,1
14.156317,0.002022,2.060318,205.326065,3456640,15196,2
14.160356,0.004039,2.061129,205.405568,3458000,15198,1
14.162372,0.002016,2.064276,205.714072,3463280,15199,1
14.164388,0.002016,2.067876,206.066983,3469320,15200,1
14.16641,0.002022,2.064419,205.72809,3463520,15201,2
14.170442,0.004032,2.059841,205.279305,3455840,15203,1
14.172464,0.002022,2.074242,206.691048,3480000,15204,1
14.17448,0.002016,2.071995,206.470772,3476230,15205,1
14.176503,0.002023,2.059585,205.254209,3455410,15206,2
14.180535,0.004032,2.066809,205.962384,3467530,15208,1
14.182557,0.002022,2.082402,207.49098,3493690,15209,1
14.184573,0.002016,2.074587,206.724868,3480580,15210,1
14.186589,0.002016,2.071649,206.436854,3475650,15211,2
14.190628,0.004039,2.071935,206.46489,3476130,15213,1
14.192644,0.002016,2.06815,206.093843,3469780,15214,1
14.194666,0.002022,2.067894,206.068748,3469350,15215,1
14.196682,0.002016,2.070606,206.334607,3473900,15216,1
14.198704,0.002022,2.067316,206.012086,3468380,15217,2
14.202736,0.004032,2.065152,205.799947,3464750,15219,1
14.204759,0.002023,2.06635,205.917388,3466760,15220,1
14.206775,0.002016,2.066296,205.912094,3466670,15221,1
14.208791,0.002016,2.066499,205.931994,3467010,15222,2
14.212829,0.004038,2.059489,205.244798,3455250,15224,1
14.214852,0.002023,2.063173,205.605944,3461430,15225,1
14.216868,0.002016,2.070957,206.369016,3474490,15226,1
14.218884,0.002016,2.062821,205.571437,3460840,15227,2
14.222922,0.004038,2.066416,205.923858,3466870,15229,1
14.224945,0.002023,2.063847,205.672016,3462560,15230,1
14.22696,0.002015,2.059925,205.287539,3455980,15231,1
14.228976,0.002016,2.072251,206.495868,3476660,15232,2
14.233015,0.004039,2.070737,206.347449,3474120,15234,1
14.235031,0.002016,2.069241,206.200795,3471610,15235,1
14.237053,0.002022,2.076954,206.956907,3484550,15236,1
14.239069,0.002016,2.065319,205.816318,3465030,15237,1
14.241085,0.002016,2.068496,206.127762,3470360,15238,2
14.245124,0.004039,2.067518,206.031888,3468720,15240,1
14.24714,0.002016,2.062738,205.5633,3460700,15241,1
14.249162,0.002022,2.067262,206.006792,3468290,15242,1
14.251178,0.002016,2.060622,205.355867,3457150,15243,2
14.255216,0.004038,2.071512,206.423423,3475420,15245,1
14.257239,0.002023,2.06514,205.79877,3464730,15246,1
14.259255,0.002016,2.065307,205.815142,3465010,15247,1
14.261271,0.002016,2.070189,206.293728,3473200,15248,2
14.265309,0.004038,2.066273,205.909839,3466630,15250,1
14.267325,0.002016,2.068323,206.110803,3470070,15251,1
14.269348,0.002023,2.068496,206.127762,3470360,15252,1
14.271364,0.002016,2.067477,206.027869,3468650,15253,2
14.275402,0.004038,2.06458,205.743873,3463790,15255,1
14.277418,0.002016,2.056515,204.953254,3450260,15256,1
14.27944,0.002022,2.059656,205.261169,3455530,15257,1
14.281456,0.002016,2.064693,205.754951,3463980,15258,2
14.285495,0.004039,2.067471,206.02728,3468640,15260,1
14.287511,0.002016,2.063054,205.594278,3461230,15261,1
14.289527,0.002016,2.071214,206.39421,3474920,15262,1
14.291549,0.002022,2.065849,205.868274,3465920,15263,1
14.293565,0.002016,2.065361,205.820435,3465100,15264,2
14.297604,0.004039,2.067554,206.035417,3468780,15266,1
14.29962,0.002016,2.07482,206.74771,3480970,15267,1
14.301642,0.002022,2.073103,206.57939,3478090,15268,1
14.303658,0.002016,2.065313,205.81573,3465020,15269,2
14.307696,0.004038,2.068532,206.131291,3470420,15271,1
14.309712,0.002016,2.070773,206.350978,3474180,15272,1
14.311735,0.002023,2.066898,205.971109,3467680,15273,1
14.313751,0.002016,2.059525,205.248327,3455310,15274,2
14.317789,0.004038,2.069306,206.207167,3471720,15276,1
14.319805,0.002016,2.067238,206.004439,3468250,15277,1
14.321821,0.002016,2.0639,205.677212,3462650,15278,1
14.323844,0.002023,2.07243,206.513416,3476960,15279,2
14.327876,0.004032,2.069783,206.253928,3472520,15281,1
14.329898,0.002022,2.068436,206.12188,3470260,15282,1
14.331914,0.002016,2.066046,205.887586,3466250,15283,1
14.333936,0.002022,2.067685,206.048259,3469000,15284,1
14.335953,0.002017,2.073634,206.631445,3478980,15285,2
14.339991,0.004038,2.069396,206.21599,3471870,15287,1
14.342007,0.002016,2.070439,206.318236,3473620,15288,1
14.344023,0.002016,2.059168,205.21333,3454710,15289,1
14.346045,0.002022,2.060878,205.380963,3457580,15290,2
14.350084,0.004039,2.067554,206.035417,3468780,15292,1
14.3521,0.002016,2.06818,206.096784,3469830,15293,1
14.354116,0.002016,2.05875,205.172353,3454010,15294,1
14.356138,0.002022,2.068865,206.163936,3470980,15295,2
14.36017,0.004032,2.072161,206.487045,3476510,15297,1
14.362192,0.002022,2.069598,206.235792,3472210,15298,1
14.364209,0.002017,2.064008,205.687799,3462830,15299,1
14.366231,0.002022,2.070218,206.296571,3473250,15300,2
14.370263,0.004032,2.071029,206.376074,3474610,15302,1
14.372285,0.002022,2.065152,205.799947,3464750,15303,1
14.374301,0.002016,2.069581,206.234126,3472180,15304,1
14.376317,0.002016,2.076131,206.876228,3483170,15305,1
14.37834,0.002023,2.076435,206.906029,3483680,15306,2
14.382372,0.004032,2.065617,205.845531,3465530,15308,1
14.384394,0.002022,2.063107,205.599474,3461320,15309,1
14.38641,0.002016,2.066946,205.975814,3467760,15310,3
14.392464,0.006054,2.068573,206.13531,3470490,15313,1
14.394487,0.002023,2.06725,206.005616,3468270,15314,1
14.396503,0.002016,2.068865,206.163936,3470980,15315,1
14.398519,0.002016,2.077001,206.961515,3484630,15316,2
14.402557,0.004038,2.083439,207.592638,3495430,15318,1
14.40458,0.002023,2.068877,206.165112,3471000,15319,1
14.406596,0.002016,2.069926,206.267946,3472760,15320,1
14.408612,0.002016,2.069384,206.214814,3471850,15321,2
14.41265,0.004038,2.061027,205.395569,3457830,15323,1
14.414666,0.002016,2.060515,205.345377,3456970,15324,1
14.416688,0.002022,2.063638,205.651528,3462210,15325,1
14.418704,0.002016,2.062953,205.584377,3461060,15326,1
14.42072,0.002016,2.067977,206.076884,3469490,15327,2
14.424759,0.004039,2.070075,206.282553,3473010,15329,1
14.426775,0.002016,2.067214,206.002086,3468210,15330,1
14.428797,0.002022,2.067029,205.983951,3467900,15331,1
14.430813,0.002016,2.064073,205.694171,3462940,15332,2
14.434852,0.004039,2.059191,205.215585,3454750,15334,1
14.436868,0.002016,2.071434,206.415777,3475290,15335,1
14.43889,0.002022,2.070433,206.317648,3473610,15336,1
14.440906,0.002016,2.069581,206.234126,3472180,15337,2
14.444944,0.004038,2.065152,205.799947,3464750,15339,1
14.44696,0.002016,2.064961,205.781223,3464430,15340,1
14.448983,0.002023,2.064699,205.755539,3463990,15341,1
14.450999,0.002016,2.064061,205.692995,3462920,15342,2
14.455037,0.004038,2.072459,206.516259,3477010,15344,1
14.457053,0.002016,2.0639,205.677212,3462650,15345,1
14.459069,0.002016,2.067792,206.058748,3469180,15346,1
14.461092,0.002023,2.079743,207.230316,3489230,15347,2
14.465124,0.004032,2.071428,206.415189,3475280,15349,1
14.467146,0.002022,2.066648,205.946601,3467260,15350,1
14.469162,0.002016,2.076417,206.904265,3483650,15351,1
14.471178,0.002016,2.076036,206.866915,3483010,15352,1
14.4732,0.002022,2.07209,206.480085,3476390,15353,2
14.477232,0.004032,2.073634,206.631445,3478980,15355,1
14.479255,0.002023,2.060151,205.309694,3456360,15356,1
14.481271,0.002016,2.048713,204.188417,3437170,15357,1
14.483287,0.002016,2.061403,205.432429,3458460,15358,2
14.487325,0.004038,2.064931,205.778282,3464380,15360,1
14.489348,0.002023,2.066946,205.975814,3467760,15361,1
14.491364,0.002016,2.068073,206.086295,3469650,15362,1
14.49338,0.002016,2.072901,206.559588,3477750,15363,2
14.497418,0.004038,2.068895,206.166876,3471030,15365,1
14.499434,0.002016,2.06697,205.978167,3467800,15366,1
14.501457,0.002023,2.068847,206.162171,3470950,15367,1
14.503472,0.002015,2.075243,206.789177,3481680,15368,2
14.507505,0.004033,2.07414,206.681049,3479830,15370,1
14.509527,0.002022,2.067369,206.017281,3468470,15371,1
14.511543,0.002016,2.073181,206.587037,3478220,15372,1
14.513565,0.002022,2.065849,205.868274,3465920,15373,1
14.515581,0.002016,2.07023,206.297748,3473270,15374,2
14.51962,0.004039,2.075028,206.7681,3481320,15376,1
14.521636,0.002016,2.071697,206.441559,3475730,15377,1
14.523652,0.002016,2.066308,205.91327,3466690,15378,1
14.525674,0.002022,2.06477,205.762499,3464110,15379,2
14.529706,0.004032,2.070463,206.320589,3473660,15381,1
14.531728,0.002022,2.072036,206.474791,3476300,15382,1
14.533744,0.002016,2.073163,206.585272,3478190,15383,1
14.53576,0.002016,2.076393,206.901912,3483610,15384,2
14.539799,0.004039,2.082515,207.502057,3493880,15386,1
14.541815,0.002016,2.067339,206.01434,3468420,15387,1
14.543837,0.002022,2.064818,205.767204,3464190,15388,1
14.545853,0.002016,2.067494,206.029535,3468680,15389,2
14.549892,0.004039,2.067018,205.982872,3467880,15391,1
14.551908,0.002016,2.073503,206.618603,3478760,15392,1
14.553924,0.002016,2.07594,206.857504,3482850,15393,1
14.555946,0.002022,2.075416,206.806136,3481970,15394,1
14.557962,0.002016,2.076989,206.960339,3484610,15395,2
14.562,0.004038,2.063465,205.634569,3461920,15397,1
14.564016,0.002016,2.057034,205.004132,3451130,15398,1
14.566039,0.002023,2.062035,205.494384,3459520,15399,1
14.568055,0.002016,2.067882,206.067571,3469330,15400,2
14.572087,0.004032,2.073169,206.585861,3478200,15402,1
14.574109,0.002022,2.068532,206.131291,3470420,15403,1
14.576125,0.002016,2.069891,206.264515,3472700,15404,1
14.578148,0.002023,2.080864,207.340208,3491110,15405,2
14.58218,0.004032,2.070761,206.349802,3474160,15407,1
14.584202,0.002022,2.068573,206.13531,3470490,15408,1
14.586218,0.002016,2.060735,205.366944,3457340,15409,1
14.588234,0.002016,2.077389,206.999551,3485280,15410,2
14.592272,0.004038,2.071327,206.405288,3475110,15412,1
14.594289,0.002017,2.067453,206.025516,3468610,15413,1
14.596311,0.002022,2.067328,206.013262,3468400,15414,1
14.598327,0.002016,2.076513,206.913676,3483810,15415,1
14.600343,0.002016,2.080256,207.280605,3490090,15416,2
14.604381,0.004038,2.077186,206.979651,3484940,15418,1
14.606397,0.002016,2.066189,205.901605,3466490,15419,1
14.60842,0.002023,2.067316,206.012086,3468380,15420,1
14.610436,0.002016,2.063578,205.645646,3462110,15421,2
14.614474,0.004038,2.065587,205.84259,3465480,15423,1
14.61649,0.002016,2.063161,205.604767,3461410,15424,1
14.618506,0.002016,2.067816,206.061101,3469220,15425,1
14.620529,0.002023,2.070737,206.347449,3474120,15426,2
14.62456,0.004031,2.068478,206.125998,3470330,15428,1
14.626583,0.002023,2.066654,205.947189,3467270,15429,1
14.628599,0.002016,2.065355,205.819847,3465090,15430,1
14.630615,0.002016,2.075088,206.773982,3481420,15431,2
14.634653,0.004038,2.072382,206.50871,3476880,15433,1
14.636676,0.002023,2.071565,206.428619,3475510,15434,1
14.638692,0.002016,2.071059,206.379015,3474660,15435,1
14.640708,0.002016,2.065414,205.825631,3465190,15436,2
14.644746,0.004038,2.062052,205.496051,3459550,15438,1
14.646762,0.002016,2.064484,205.734462,3463630,15439,1
14.648784,0.002022,2.057534,205.053147,3451970,15440,1
14.6508,0.002016,2.061379,205.430076,3458420,15441,1
14.652816,0.002016,2.062726,205.562124,3460680,15442,2
14.656855,0.004039,2.066618,205.94366,3467210,15444,1
14.658871,0.002016,2.070439,206.318236,3473620,15445,1
14.660893,0.002022,2.064097,205.696524,3462980,15446,1
14.662909,0.002016,2.066231,205.905722,3466560,15447,2
14.666948,0.004039,2.060854,205.37861,3457540,15449,1
14.668964,0.002016,2.072155,206.486457,3476500,15450,1
14.67098,0.002016,2.075815,206.84525,3482640,15451,1
14.673002,0.002022,2.063912,205.678388,3462670,15452,2
14.67704,0.004038,2.05788,205.087066,3452550,15454,1
14.679056,0.002016,2.059507,205.246562,3455280,15455,1
14.681072,0.002016,2.056432,204.945117,3450120,15456,1
14.683095,0.002023,2.067977,206.076884,3469490,15457,2
14.687127,0.004032,2.075791,206.842898,3482600,15459,1
14.689149,0.002022,2.076077,206.870934,3483080,15460,1
14.691165,0.002016,2.072781,206.547825,3477550,15461,1
14.693181,0.002016,2.076167,206.879757,3483230,15462,1
14.695204,0.002023,2.078253,207.08425,3486730,15463,2
14.699236,0.004032,2.073246,206.593409,3478330,15465,1
14.701258,0.002022,2.072191,206.489986,3476560,15466,1
14.703274,0.002016,2.064782,205.763675,3464130,15467,1
14.70529,0.002016,2.051902,204.501037,3442520,15468,2
14.709328,0.004038,2.060044,205.299205,3456180,15470,1
14.711351,0.002023,2.065694,205.85308,3465660,15471,1
14.713367,0.002016,2.070504,206.324608,3473730,15472,1
14.715383,0.002016,2.065867,205.870039,3465950,15473,2
14.719421,0.004038,2.065784,205.861902,3465810,15475,1
14.721437,0.002016,2.072704,206.540276,3477420,15476,1
14.72346,0.002023,2.068609,206.13884,3470550,15477,1
14.725476,0.002016,2.073717,206.639581,3479120,15478,2
14.729514,0.004038,2.074552,206.721437,3480520,15480,1
14.73153,0.002016,2.0693,206.206579,3471710,15481,1
14.733552,0.002022,2.065182,205.802888,3464800,15482,1
14.735568,0.002016,2.066177,205.900428,3466470,15483,1
14.737584,0.002016,2.073258,206.594585,3478350,15484,2
14.741623,0.004039,2.07327,206.595762,3478370,15486,1
14.743639,0.002016,2.071095,206.382544,3474720,15487,1
14.745661,0.002022,2.074617,206.727809,3480630,15488,1
14.747677,0.002016,2.069134,206.190306,3471430,15489,2
14.751716,0.004039,2.068001,206.079237,3469530,15491,1
14.753732,0.002016,2.061385,205.430664,3458430,15492,1
14.755748,0.002016,2.064824,205.767793,3464200,15493,1
14.75777,0.002022,2.072072,206.478321,3476360,15494,2
14.761808,0.004038,2.065098,205.794653,3464660,15496,1
14.763824,0.002016,2.072537,206.523905,3477140,15497,1
14.76584,0.002016,2.0652,205.804652,3464830,15498,1
14.767863,0.002023,2.070558,206.329902,3473820,15499,2
14.771895,0.004032,2.061713,205.462819,3458980,15501,1
14.773917,0.002022,2.06334,205.622315,3461710,15502,1
14.775933,0.002016,2.064908,205.776027,3464340,15503,1
14.777956,0.002023,2.0621,205.500756,3459630,15504,1
14.779972,0.002016,2.069068,206.183836,3471320,15505,2
14.784004,0.004032,2.070206,206.295395,3473230,15507,1
14.786026,0.002022,2.066356,205.917976,3466770,15508,1
14.788042,0.002016,2.070886,206.362056,3474370,15509,1
14.790064,0.002022,2.06725,206.005616,3468270,15510,2
14.794096,0.004032,2.063501,205.638098,3461980,15512,1
14.796119,0.002023,2.069026,206.179718,3471250,15513,1
14.798135,0.002016,2.073628,206.630857,3478970,15514,1
14.800151,0.002016,2.071488,206.421071,3475380,15515,2
14.804189,0.004038,2.070129,206.287847,3473100,15517,1
14.806205,0.002016,2.068347,206.113156,3470110,15518,1
14.808228,0.002023,2.062863,205.575554,3460910,15519,1
14.810244,0.002016,2.065933,205.876509,3466060,15520,2
14.814282,0.004038,2.067435,206.023751,3468580,15522,1
14.816298,0.002016,2.07234,206.504593,3476810,15523,1
14.818314,0.002016,2.068275,206.106097,3469990,15524,1
14.820337,0.002023,2.062476,205.537616,3460260,15525,2
14.824375,0.004038,2.061439,205.435958,3458520,15527,1
14.826391,0.002016,2.067727,206.052376,3469070,15528,1
14.828407,0.002016,2.073622,206.630268,3478960,15529,1
14.830423,0.002016,2.069128,206.189718,3471420,15530,1
14.832445,0.002022,2.067554,206.035417,3468780,15531,2
14.836484,0.004039,2.062613,205.551046,3460490,15533,1
14.8385,0.002016,2.060139,205.308518,3456340,15534,1
14.840516,0.002016,2.061933,205.484385,3459350,15535,1
14.842538,0.002022,2.067363,206.016693,3468460,15536,2
14.84657,0.004032,2.065158,205.800535,3464760,15538,1
14.848592,0.002022,2.066094,205.892292,3466330,15539,1
14.850609,0.002017,2.065384,205.82269,3465140,15540,1
14.852625,0.002016,2.080697,207.323837,3490830,15541,2
14.856663,0.004038,2.066302,205.912682,3466680,15543,1
14.858679,0.002016,2.063632,205.65094,3462200,15544,1
14.860701,0.002022,2.063966,205.683682,3462760,15545,1
14.862717,0.002016,2.066535,205.935524,3467070,15546,2
14.866756,0.004039,2.065945,205.877685,3466080,15548,1
14.868772,0.002016,2.071536,206.425776,3475460,15549,1
14.870788,0.002016,2.065539,205.837885,3465400,15550,1
14.87281,0.002022,2.079362,207.192966,3488590,15551,1
14.874826,0.002016,2.071589,206.430972,3475550,15552,2
14.878864,0.004038,2.065098,205.794653,3464660,15554,1
14.88088,0.002016,2.064449,205.731031,3463570,15555,1
14.882903,0.002023,2.067882,206.067571,3469330,15556,1
14.884919,0.002016,2.068383,206.116685,3470170,15557,2
14.888951,0.004032,2.06055,205.348809,3457030,15559,1
14.890973,0.002022,2.065885,205.871803,3465980,15560,1
14.892989,0.002016,2.071637,206.435677,3475630,15561,1
14.895012,0.002023,2.071226,206.395386,3474940,15562,2
14.899044,0.004032,2.056342,204.936295,3449970,15564,1
14.901066,0.002022,2.057809,205.080106,3452430,15565,1
14.903082,0.002016,2.058905,205.187548,3454270,15566,1
14.905098,0.002016,2.07029,206.30363,3473370,15567,2
14.909137,0.004039,2.077234,206.984356,3485020,15569,1
14.911153,0.002016,2.074993,206.764669,3481260,15570,1
14.913175,0.002022,2.063072,205.596043,3461260,15571,1
14.915191,0.002016,2.063954,205.682506,3462740,15572,1
14.917207,0.002016,2.065533,205.837297,3465390,15573,2
14.921245,0.004038,2.063262,205.614668,3461580,15575,1
14.923261,0.002016,2.069598,206.235792,3472210,15576,1
14.925284,0.002023,2.073956,206.663011,3479520,15577,1
14.9273,0.002016,2.076477,206.910147,3483750,15578,2
14.931338,0.004038,2.077019,206.963279,3484660,15580,1
14.933354,0.002016,2.068162,206.09502,3469800,15581,1
14.935377,0.002023,2.064627,205.748481,3463870,15582,1
14.937392,0.002015,2.070522,206.326373,3473760,15583,2
14.941431,0.004039,2.070367,206.311178,3473500,15585,1
14.943447,0.002016,2.075613,206.825448,3482300,15586,1
14.945463,0.002016,2.074361,206.702713,3480200,15587,1
14.947485,0.002022,2.065557,205.839649,3465430,15588,2
14.951517,0.004032,2.063864,205.673683,3462590,15590,1
14.95354,0.002023,2.062613,205.551046,3460490,15591,1
14.955556,0.002016,2.060729,205.366356,3457330,15592,1
14.957572,0.002016,2.066916,205.972873,3467710,15593,2
14.96161,0.004038,2.067226,206.003263,3468230,15595,1
14.963626,0.002016,2.059138,205.210389,3454660,15596,1
14.965648,0.002022,2.052647,204.57407,3443770,15597,1
14.967665,0.002017,2.065611,205.844943,3465520,15598,1
14.96968,0.002015,2.064228,205.709366,3463200,15599,2
14.973719,0.004039,2.075022,206.767512,3481310,15601,1
14.975735,0.002016,2.064836,205.768969,3464220,15602,1
14.977757,0.002022,2.061218,205.414293,3458150,15603,1
14.979773,0.002016,2.061677,205.459289,3458920,15604,2
14.983812,0.004039,2.075636,206.827703,3482340,15606,1
14.985828,0.002016,2.077508,207.011217,3485480,15607,1
14.98785,0.002022,2.072239,206.494692,3476640,15608,1
14.989866,0.002016,2.070457,206.320001,3473650,15609,2
14.993904,0.004038,2.072006,206.471851,3476250,15611,1
14.99592,0.002016,2.06418,205.704661,3463120,15612,1
14.997936,0.002016,2.072501,206.520376,3477080,15613,1
14.999959,0.002023,2.067697,206.049435,3469020,15614,2
15.003991,0.004032,2.065045,205.789457,3464570,15616,1
15.006013,0.002022,2.068007,206.079825,3469540,15617,1
15.008029,0.002016,2.06871,206.148741,3470720,15618,1
15.010045,0.002016,2.07063,206.33696,3473940,15619,1
15.012068,0.002023,2.069676,206.243439,3472340,15620,2
15.0161,0.004032,2.06579,205.86249,3465820,15622,1
15.018122,0.002022,2.067685,206.048259,3469000,15623,1
15.020138,0.002016,2.069688,206.244615,3472360,15624,1
15.02216,0.002022,2.06582,205.865431,3465870,15625,2
15.026192,0.004032,2.063811,205.668487,3462500,15627,1
15.028215,0.002023,2.071053,206.378427,3474650,15628,1
15.030231,0.002016,2.062929,205.582024,3461020,15629,1
15.032247,0.002016,2.065831,205.86651,3465890,15630,2
15.036285,0.004038,2.07442,206.708497,3480300,15632,1
15.038301,0.002016,2.068222,206.100902,3469900,15633,1
15.040324,0.002023,2.065259,205.810436,3464930,15634,1
15.04234,0.002016,2.062047,205.495561,3459540,15635,2
15.046378,0.004038,2.064162,205.702896,3463090,15637,1
15.048394,0.002016,2.062786,205.568006,3460780,15638,1
15.050416,0.002022,2.056557,204.957371,3450330,15639,1
15.052432,0.002016,2.060848,205.378022,3457530,15640,1
15.054448,0.002016,2.068293,206.107862,3470020,15641,2
15.058487,0.004039,2.076119,206.875052,3483150,15643,1
15.060503,0.002016,2.071971,206.468419,3476190,15644,1
15.062525,0.002022,2.059376,205.23372,3455060,15645,1
15.064541,0.002016,2.069628,206.238733,3472260,15646,2
15.06858,0.004039,2.073669,206.634876,3479040,15648,1
15.070596,0.002016,2.066082,205.891116,3466310,15649,1
15.072618,0.002022,2.07113,206.385975,3474780,15650,1
15.074634,0.002016,2.062273,205.517716,3459920,15651,2
15.078673,0.004039,2.05915,205.211565,3454680,15653,1
15.080689,0.002016,2.068996,206.176778,3471200,15654,1
15.082704,0.002015,2.07724,206.984944,3485030,15655,1
15.084727,0.002023,2.074486,206.714967,3480410,15656,2
15.088759,0.004032,2.065736,205.857197,3465730,15658,1
15.090781,0.002022,2.066052,205.888175,3466260,15659,1
15.092797,0.002016,2.067894,206.068748,3469350,15660,1
15.094813,0.002016,2.067947,206.073943,3469440,15661,1
15.096836,0.002023,2.070957,206.369016,3474490,15662,2
15.100868,0.004032,2.074003,206.667618,3479600,15664,1
15.10289,0.002022,2.069455,206.221774,3471970,15665,1
15.104906,0.002016,2.072924,206.561843,3477790,15666,1
15.106928,0.002022,2.075487,206.813096,3482090,15667,2
15.11096,0.004032,2.071589,206.430972,3475550,15669,1
15.112983,0.002023,2.0639,205.677212,3462650,15670,1
15.114999,0.002016,2.06598,205.881116,3466140,15671,1
15.117015,0.002016,2.075422,206.806724,3481980,15672,2
15.121053,0.004038,2.062547,205.544576,3460380,15674,1
15.123069,0.002016,2.065468,205.830925,3465280,15675,1
15.125092,0.002023,2.071828,206.454401,3475950,15676,1
15.127108,0.002016,2.068436,206.12188,3470260,15677,2
15.131146,0.004038,2.0706,206.334019,3473890,15679,1
15.133162,0.002016,2.073938,206.661246,3479490,15680,1
15.135178,0.002016,2.072495,206.519788,3477070,15681,1
15.1372,0.002022,2.067238,206.004439,3468250,15682,2
15.141239,0.004039,2.060139,205.308518,3456340,15684,1
15.143255,0.002016,2.065378,205.822102,3465130,15685,1
15.145271,0.002016,2.07364,206.632033,3478990,15686,1
15.147293,0.002022,2.076221,206.885051,3483320,15687,1
15.149309,0.002016,2.06843,206.121292,3470250,15688,2
15.153348,0.004039,2.059525,205.248327,3455310,15690,1
15.155364,0.002016,2.058715,205.168922,3453950,15691,1
15.15738,0.002016,2.062738,205.5633,3460700,15692,1
15.159402,0.002022,2.068204,206.099137,3469870,15693,2
15.163441,0.004039,2.071673,206.439206,3475690,15695,1
15.165456,0.002015,2.077609,207.021118,3485650,15696,1
15.167472,0.002016,2.069008,206.177954,3471220,15697,1
15.169495,0.002023,2.063221,205.610649,3461510,15698,2
15.173527,0.004032,2.063304,205.618786,3461650,15700,1
15.175549,0.002022,2.066934,205.974638,3467740,15701,1
15.177565,0.002016,2.067381,206.018458,3468490,15702,1
15.179581,0.002016,2.064186,205.705249,3463130,15703,2
15.18362,0.004039,2.066851,205.966501,3467600,15705,1
15.185636,0.002016,2.063704,205.657998,3462320,15706,1
15.187658,0.002022,2.06365,205.652704,3462230,15707,1
15.189674,0.002016,2.069688,206.244615,3472360,15708,1
15.191696,0.002022,2.068222,206.100902,3469900,15709,2
15.195728,0.004032,2.066016,205.884645,3466200,15711,1
15.197751,0.002023,2.067989,206.07806,3469510,15712,1
15.199767,0.002016,2.058661,205.163628,3453860,15713,1
15.201783,0.002016,2.062684,205.558007,3460610,15714,2
15.205821,0.004038,2.061915,205.482621,3459320,15716,1
15.207844,0.002023,2.076155,206.878581,3483210,15717,1
15.20986,0.002016,2.066147,205.897488,3466420,15718,1
15.211876,0.002016,2.057946,205.093536,3452660,15719,2
15.215914,0.004038,2.050346,204.348501,3439910,15721,1
15.21793,0.002016,2.064043,205.691231,3462890,15722,1
15.219952,0.002022,2.070439,206.318236,3473620,15723,1
15.221968,0.002016,2.075309,206.795647,3481790,15724,2
15.226007,0.004039,2.064222,205.708778,3463190,15726,1
15.228023,0.002016,2.065378,205.822102,3465130,15727,1
15.230039,0.002016,2.068251,206.103745,3469950,15728,1
15.232061,0.002022,2.068973,206.174523,3471160,15729,1
15.234077,0.002016,2.062845,205.573789,3460880,15730,2
15.238116,0.004039,2.068275,206.106097,3469990,15732,1
15.240132,0.002016,2.074927,206.758199,3481150,15733,1
15.242154,0.002022,2.072793,206.549001,3477570,15734,1
15.24417,0.002016,2.072048,206.475968,3476320,15735,2
15.248208,0.004038,2.072209,206.491751,3476590,15737,1
15.250224,0.002016,2.069312,206.207755,3471730,15738,1
15.25224,0.002016,2.062607,205.550458,3460480,15739,1
15.254263,0.002023,2.065724,205.85602,3465710,15740,2
15.258295,0.004032,2.059489,205.244798,3455250,15742,1
15.260317,0.002022,2.060264,205.320772,3456550,15743,1
15.262333,0.002016,2.058679,205.165393,3453890,15744,1
15.264349,0.002016,2.064389,205.725149,3463470,15745,2
15.268388,0.004039,2.069366,206.213049,3471820,15747,1
15.270404,0.002016,2.074623,206.728397,3480640,15748,1
15.272426,0.002022,2.075541,206.81839,3482180,15749,1
15.274442,0.002016,2.070838,206.35735,3474290,15750,1
15.276458,0.002016,2.066505,205.932583,3467020,15751,2
15.280497,0.004039,2.058452,205.14314,3453510,15753,1
15.282513,0.002016,2.066565,205.938464,3467120,15754,1
15.284535,0.002022,2.068275,206.106097,3469990,15755,1
15.286551,0.002016,2.070063,206.281377,3472990,15756,2
15.290589,0.004038,2.08115,207.368245,3491590,15758,1
15.292605,0.002016,2.078891,207.146793,3487800,15759,1
15.294621,0.002016,2.058488,205.146669,3453570,15760,1
15.296644,0.002023,2.067852,206.06463,3469280,15761,2
15.300676,0.004032,2.070588,206.332843,3473870,15763,1
15.302698,0.002022,2.0715,206.422247,3475400,15764,1
15.304714,0.002016,2.07057,206.331078,3473840,15765,1
15.30673,0.002016,2.070451,206.319413,3473640,15766,2
15.310768,0.004038,2.067238,206.004439,3468250,15768,1
15.312791,0.002023,2.065223,205.806907,3464870,15769,1
15.314807,0.002016,2.069229,206.199619,3471590,15770,1
15.316823,0.002016,2.080315,207.286389,3490190,15771,2
15.320861,0.004038,2.080667,207.320896,3490780,15773,1
15.322877,0.002016,2.069396,206.21599,3471870,15774,1
15.3249,0.002023,2.061611,205.452819,3458810,15775,1
15.326916,0.002016,2.064329,205.719267,3463370,15776,1
15.328932,0.002016,2.071446,206.416953,3475310,15777,2
15.33297,0.004038,2.072972,206.566548,3477870,15779,1
15.334992,0.002022,2.074331,206.699772,3480150,15780,1
15.337008,0.002016,2.062851,205.574378,3460890,15781,1
15.339024,0.002016,2.065027,205.787693,3464540,15782,2
15.343063,0.004039,2.064371,205.723385,3463440,15784,1
15.345079,0.002016,2.078158,207.074937,3486570,15785,1
15.347101,0.002022,2.070791,206.352743,3474210,15786,1
15.349117,0.002016,2.061719,205.463407,3458990,15787,2
15.353156,0.004039,2.069306,206.207167,3471720,15789,1
15.355172,0.002016,2.072412,206.511651,3476930,15790,1
15.357188,0.002016,2.066004,205.883469,3466180,15791,1
15.35921,0.002022,2.058887,205.185783,3454240,15792,2
15.363242,0.004032,2.06582,205.865431,3465870,15794,1
15.365264,0.002022,2.064127,205.699465,3463030,15795,1
15.36728,0.002016,2.068269,206.105509,3469980,15796,1
15.369303,0.002023,2.069288,206.205403,3471690,15797,1
15.371319,0.002016,2.072567,206.526846,3477190,15798,2
15.375357,0.004038,2.071631,206.435089,3475620,15800,1
15.377373,0.002016,2.069575,206.233537,3472170,15801,1
15.379389,0.002016,2.059877,205.282834,3455900,15802,1
15.381412,0.002023,2.060276,205.321948,3456570,15803,2
15.385444,0.004032,2.065647,205.848472,3465580,15805,1
15.387466,0.002022,2.072537,206.523905,3477140,15806,1
15.389482,0.002016,2.079064,207.163753,3488090,15807,1
15.391498,0.002016,2.073419,206.610368,3478620,15808,2
15.395537,0.004039,2.065241,205.808672,3464900,15810,1
15.397553,0.002016,2.063906,205.6778,3462660,15811,1
15.399575,0.002022,2.064753,205.760832,3464080,15812,1
15.401591,0.002016,2.069503,206.226479,3472050,15813,2
15.405629,0.004038,2.070594,206.333431,3473880,15815,1
15.407645,0.002016,2.067494,206.029535,3468680,15816,1
15.409668,0.002023,2.070928,206.366173,3474440,15817,1
15.411684,0.002016,2.067888,206.068159,3469340,15818,1
15.4137,0.002016,2.061534,205.445271,3458680,15819,2
15.417738,0.004038,2.064419,205.72809,3463520,15821,1
15.419754,0.002016,2.076679,206.929949,3484090,15822,1
15.421776,0.002022,2.068341,206.112567,3470100,15823,1
15.423792,0.002016,2.066374,205.919741,3466800,15824,2
15.427831,0.004039,2.062804,205.56977,3460810,15826,1
15.429847,0.002016,2.060699,205.363415,3457280,15827,1
15.431863,0.002016,2.063954,205.682506,3462740,15828,1
15.433885,0.002022,2.063024,205.591337,3461180,15829,2
15.437924,0.004039,2.071035,206.376663,3474620,15831,1
15.43994,0.002016,2.073568,206.624975,3478870,15832,1
15.441956,0.002016,2.076238,206.886717,3483350,15833,1
15.443972,0.002016,2.062654,205.555066,3460560,15834,2
15.44801,0.004038,2.061254,205.417822,3458210,15836,1
15.450032,0.002022,2.0724,206.510475,3476910,15837,1
15.452048,0.002016,2.072304,206.501064,3476750,15838,1
15.454064,0.002016,2.067405,206.02081,3468530,15839,1
15.456087,0.002023,2.068746,206.15227,3470780,15840,2
15.460119,0.004032,2.057701,205.069519,3452250,15842,1
15.462141,0.002022,2.067149,205.995714,3468100,15843,1
15.464157,0.002016,2.069908,206.266182,3472730,15844,1
15.466173,0.002016,2.068907,206.168053,3471050,15845,2
15.470212,0.004039,2.058101,205.108731,3452920,15847,1
15.472228,0.002016,2.061158,205.408411,3458050,15848,1
15.47425,0.002022,2.066106,205.893468,3466350,15849,1
15.476266,0.002016,2.074176,206.684578,3479890,15850,2
15.480304,0.004038,2.070421,206.316472,3473590,15852,1
15.48232,0.002016,2.062041,205.494973,3459530,15853,1
15.484343,0.002023,2.072632,206.533218,3477300,15854,1
15.486359,0.002016,2.077395,207.000139,3485290,15855,2
15.490397,0.004038,2.065283,205.812789,3464970,15857,1
15.492413,0.002016,2.065438,205.827984,3465230,15858,1
15.494429,0.002016,2.06514,205.79877,3464730,15859,1
15.496452,0.002023,2.069652,206.241086,3472300,15860,2
15.500484,0.004032,2.063608,205.648587,3462160,15862,1
15.502506,0.002022,2.070165,206.291376,3473160,15863,1
15.504522,0.002016,2.072537,206.523905,3477140,15864,1
15.506544,0.002022,2.069896,206.265005,3472710,15865,1
15.50856,0.002016,2.066851,205.966501,3467600,15866,2
15.512599,0.004039,2.065998,205.882881,3466170,15868,1
15.514615,0.002016,2.060682,205.361749,3457250,15869,1
15.516631,0.002016,2.066219,205.904546,3466540,15870,1
15.518653,0.002022,2.069294,206.205991,3471700,15871,2
15.522692,0.004039,2.074426,206.709085,3480310,15873,1
15.524708,0.002016,2.07392,206.659482,3479460,15874,1
15.526724,0.002016,2.064407,205.726914,3463500,15875,1
15.528746,0.002022,2.06182,205.473308,3459160,15876,2
15.532778,0.004032,2.065355,205.819847,3465090,15878,1
15.534801,0.002023,2.066457,205.927877,3466940,15879,1
15.536817,0.002016,2.06334,205.622315,3461710,15880,1
15.538839,0.002022,2.058101,205.108731,3452920,15881,2
15.542871,0.004032,2.061599,205.451643,3458790,15883,1
15.544893,0.002022,2.07063,206.33696,3473940,15884,1
15.546909,0.002016,2.064389,205.725149,3463470,15885,1
15.548925,0.002016,2.06356,205.643882,3462080,15886,1
15.550948,0.002023,2.06452,205.737991,3463690,15887,2
15.55498,0.004032,2.068162,206.09502,3469800,15889,1
15.557002,0.002022,2.073127,206.581743,3478130,15890,1
15.559018,0.002016,2.067369,206.017281,3468470,15891,1
15.561034,0.002016,2.062094,205.500168,3459620,15892,2
15.565072,0.004038,2.058703,205.167746,3453930,15894,1
15.567088,0.002016,2.067548,206.034829,3468770,15895,1
15.569111,0.002023,2.074301,206.696831,3480100,15896,1
15.571127,0.002016,2.071226,206.395386,3474940,15897,2
15.575165,0.004038,2.05816,205.114515,3453020,15899,1
15.577181,0.002016,2.056354,204.937471,3449990,15900,1
15.579204,0.002023,2.061045,205.397334,3457860,15901,1
15.58122,0.002016,2.076209,206.883874,3483300,15902,2
15.585252,0.004032,2.083039,207.553425,3494760,15904,1
15.587274,0.002022,2.065367,205.821023,3465110,15905,1
15.58929,0.002016,2.067149,205.995714,3468100,15906,1
15.591312,0.002022,2.07603,206.866327,3483000,15907,1
15.593328,0.002016,2.066147,205.897488,3466420,15908,2
15.597367,0.004039,2.067059,205.986892,3467950,15910,1
15.599383,0.002016,2.063978,205.684858,3462780,15911,1
15.601399,0.002016,2.073073,206.57645,3478040,15912,1
15.603421,0.002022,2.066028,205.885822,3466220,15913,2
15.607453,0.004032,2.069598,206.235792,3472210,15915,1
15.609476,0.002023,2.065939,205.877097,3466070,15916,1
15.611492,0.002016,2.063507,205.638686,3461990,15917,1
15.613508,0.002016,2.066422,205.924446,3466880,15918,2
15.617546,0.004038,2.066904,205.971697,3467690,15920,1
15.619568,0.002022,2.062476,205.537616,3460260,15921,1
15.621584,0.002016,2.062285,205.518892,3459940,15922,1
15.623601,0.002017,2.065265,205.811024,3464940,15923,2
15.627639,0.004038,2.069092,206.186189,3471360,15925,1
15.629655,0.002016,2.070874,206.36088,3474350,15926,1
15.631677,0.002022,2.066684,205.95013,3467320,15927,1
15.633693,0.002016,2.065438,205.827984,3465230,15928,1
15.635709,0.002016,2.073491,206.617426,3478740,15929,2
15.639748,0.004039,2.066153,205.898076,3466430,15931,1
15.641764,0.002016,2.072197,206.490574,3476570,15932,1
15.643786,0.002022,2.063704,205.657998,3462320,15933,1
15.645802,0.002016,2.062595,205.549282,3460460,15934,2
15.649841,0.004039,2.064228,205.709366,3463200,15936,1
15.651856,0.002015,2.059221,205.218526,3454800,15937,1
15.653879,0.002023,2.056217,204.924041,3449760,15938,1
15.655895,0.002016,2.06787,206.066395,3469310,15939,2
15.659933,0.004038,2.070785,206.352155,3474200,15941,1
15.661949,0.002016,2.071261,206.398818,3475000,15942,1
15.663972,0.002023,2.064735,205.759068,3464050,15943,1
15.665988,0.002016,2.065104,205.795241,3464670,15944,2
15.670026,0.004038,2.066094,205.892292,3466330,15946,1
15.672042,0.002016,2.06036,205.330183,3456710,15947,1
15.674058,0.002016,2.064663,205.75201,3463930,15948,1
15.67608,0.002022,2.060282,205.322536,3456580,15949,2
15.680119,0.004039,2.063745,205.662017,3462390,15951,1
15.682135,0.002016,2.058625,205.160099,3453800,15952,1
15.684151,0.002016,2.058071,205.10579,3452870,15953,1
15.686173,0.002022,2.054983,204.803071,3447690,15954,1
15.688189,0.002016,2.061129,205.405568,3458000,15955,2
15.692228,0.004039,2.064472,205.733286,3463610,15957,1
15.694244,0.002016,2.057588,205.058441,3452060,15958,1
15.69626,0.002016,2.06269,205.558595,3460620,15959,1
15.698282,0.002022,2.061081,205.400863,3457920,15960,2
15.70232,0.004038,2.058506,205.148433,3453600,15962,1
15.704336,0.002016,2.058321,205.130298,3453290,15963,1
15.706352,0.002016,2.061021,205.394981,3457820,15964,1
15.708375,0.002023,2.062535,205.5434,3460360,15965,2
15.712407,0.004032,2.066273,205.909839,3466630,15967,1
15.714429,0.002022,2.069718,206.247556,3472410,15968,1
15.716445,0.002016,2.076823,206.944065,3484330,15969,1
15.718461,0.002016,2.066833,205.964737,3467570,15970,2
15.7225,0.004039,2.0679,206.069336,3469360,15972,1
15.724516,0.002016,2.06145,205.437036,3458540,15973,1
15.726538,0.002022,2.073443,206.612721,3478660,15974,1
15.728554,0.002016,2.076173,206.880345,3483240,15975,1
15.73057,0.002016,2.072656,206.535571,3477340,15976,2
15.734608,0.004038,2.072585,206.52861,3477220,15978,1
15.736631,0.002023,2.068281,206.106685,3470000,15979,1
15.738647,0.002016,2.068579,206.135899,3470500,15980,1
15.740663,0.002016,2.074456,206.712026,3480360,15981,2
15.744701,0.004038,2.057701,205.069519,3452250,15983,1
15.746717,0.002016,2.05673,204.974331,3450620,15984,1
15.74874,0.002023,2.059454,205.241367,3455190,15985,1
15.750756,0.002016,2.061838,205.475072,3459190,15986,2
15.754794,0.004038,2.065927,205.875921,3466050,15988,1
15.75681,0.002016,2.073044,206.573607,3477990,15989,1
15.758826,0.002016,2.067524,206.032476,3468730,15990,1
15.760848,0.002022,2.058625,205.160099,3453800,15991,2
15.764887,0.004039,2.071381,206.410581,3475200,15993,1
15.766903,0.002016,2.075374,206.802019,3481900,15994,1
15.768919,0.002016,2.065659,205.849648,3465600,15995,1
15.770941,0.002022,2.060103,205.304989,3456280,15996,1
15.772957,0.002016,2.065361,205.820435,3465100,15997,2
15.776996,0.004039,2.072388,206.509298,3476890,15999,1
15.779012,0.002016,2.065176,205.8023,3464790,16000,1
15.781028,0.002016,2.066326,205.915035,3466720,16001,1
15.78305,0.002022,2.06458,205.743873,3463790,16002,2
15.787082,0.004032,2.066004,205.883469,3466180,16004,1
15.789104,0.002022,2.079225,207.179536,3488360,16005,1
15.79112,0.002016,2.070332,206.307747,3473440,16006,1
15.793143,0.002023,2.069515,206.227656,3472070,16007,2
15.797175,0.004032,2.064431,205.729266,3463540,16009,1
15.799191,0.002016,2.070743,206.348038,3474130,16010,1
15.801213,0.002022,2.069199,206.196678,3471540,16011,1
15.803229,0.002016,2.068478,206.125998,3470330,16012,2
15.807268,0.004039,2.068019,206.081001,3469560,16014,1
15.809284,0.002016,2.074796,206.745357,3480930,16015,1
15.811306,0.002022,2.072501,206.520376,3477080,16016,1
15.813322,0.002016,2.062905,205.579671,3460980,16017,1
15.815338,0.002016,2.070963,206.369604,3474500,16018,2
15.819377,0.004039,2.065909,205.874156,3466020,16020,1
15.821392,0.002015,2.066273,205.909839,3466630,16021,1
15.823415,0.002023,2.075422,206.806724,3481980,16022,1
15.825431,0.002016,2.077103,206.971514,3484800,16023,2
15.829469,0.004038,2.076685,206.930537,3484100,16025,1
15.831485,0.002016,2.070582,206.332255,3473860,16026,1
15.833501,0.002016,2.058214,205.119808,3453110,16027,1
15.835524,0.002023,2.05856,205.153727,3453690,16028,2
15.839556,0.004032,2.063203,205.608885,3461480,16030,1
15.841578,0.002022,2.066457,205.927877,3466940,16031,1
15.843594,0.002016,2.066755,205.95709,3467440,16032,1
15.845616,0.002022,2.067417,206.021987,3468550,16033,2
15.849648,0.004032,2.0585,205.147845,3453590,16035,1
15.851671,0.002023,2.061784,205.469779,3459100,16036,1
15.853687,0.002016,2.06421,205.707602,3463170,16037,1
15.855703,0.002016,2.066612,205.943072,3467200,16038,2
15.859741,0.004038,2.060616,205.355279,3457140,16040,1
15.861757,0.002016,2.06995,206.270299,3472800,16041,1
15.86378,0.002023,2.066636,205.945425,3467240,16042,1
15.865796,0.002016,2.0688,206.157563,3470870,16043,1
15.867812,0.002016,2.059704,205.265874,3455610,16044,2
15.87185,0.004038,2.067792,206.058748,3469180,16046,1
15.873866,0.002016,2.068257,206.104333,3469960,16047,1
15.875888,0.002022,2.062386,205.528793,3460110,16048,1
15.877904,0.002016,2.062154,205.50605,3459720,16049,2
15.881943,0.004039,2.06691,205.972285,3467700,16051,1
15.883959,0.002016,2.067304,206.010909,3468360,16052,1
15.885975,0.002016,2.066445,205.926701,3466920,16053,1
15.887997,0.002022,2.067512,206.0313,3468710,16054,2
15.892036,0.004039,2.067417,206.021987,3468550,16056,1
15.894052,0.002016,2.071565,206.428619,3475510,16057,1
15.896068,0.002016,2.063984,205.685447,3462790,16058,1
15.89809,0.002022,2.061367,205.4289,3458400,16059,2
15.902122,0.004032,2.060229,205.317341,3456490,16061,1
15.904145,0.002023,2.063471,205.635157,3461930,16062,1
15.906161,0.002016,2.067828,206.062277,3469240,16063,1
15.908176,0.002015,2.067381,206.018458,3468490,16064,1
15.910199,0.002023,2.075332,206.797901,3481830,16065,2
15.914231,0.004032,2.063584,205.646234,3462120,16067,1
15.916253,0.002022,2.056247,204.926982,3449810,16068,1
15.918269,0.002016,2.06278,205.567417,3460770,16069,1
15.920285,0.002016,2.065521,205.83612,3465370,16070,2
15.924324,0.004039,2.064025,205.689466,3462860,16072,1
15.92634,0.002016,2.070689,206.342744,3474040,16073,1
15.928362,0.002022,2.065277,205.812201,3464960,16074,1
15.930378,0.002016,2.06331,205.619374,3461660,16075,2
15.934416,0.004038,2.069044,206.181483,3471280,16077,1
15.936432,0.002016,2.065271,205.811612,3464950,16078,1
15.938455,0.002023,2.070892,206.362644,3474380,16079,1
15.940471,0.002016,2.070153,206.290199,3473140,16080,2
15.944509,0.004038,2.067614,206.041299,3468880,16082,1
15.946525,0.002016,2.063888,205.676036,3462630,16083,1
15.948541,0.002016,2.061397,205.431841,3458450,16084,1
15.950564,0.002023,2.066082,205.891116,3466310,16085,1
15.95258,0.002016,2.071154,206.388328,3474820,16086,2
15.956618,0.004038,2.074081,206.675265,3479730,16088,1
15.958634,0.002016,2.060789,205.372238,3457430,16089,1
15.96065,0.002016,2.056146,204.91708,3449640,16090,1
15.962672,0.002022,2.056313,204.933452,3449920,16091,2
15.966717,0.004045,2.066386,205.920917,3466820,16093,1
15.968727,0.00201,2.060163,205.310871,3456380,16094,1
15.970743,0.002016,2.063441,205.632216,3461880,16095,1
15.972759,0.002016,2.062333,205.523598,3460020,16096,2
15.976797,0.004038,2.069497,206.225891,3472040,16098,1
15.978813,0.002016,2.072018,206.473027,3476270,16099,1
15.980836,0.002023,2.069873,206.262751,3472670,16100,1
15.982852,0.002016,2.072495,206.519788,3477070,16101,2
15.98689,0.004038,2.069736,206.24932,3472440,16103,1
15.988906,0.002016,2.070129,206.287847,3473100,16104,1
15.990928,0.002022,2.067262,206.006792,3468290,16105,1
15.992944,0.002016,2.063793,205.666723,3462470,16106,2
15.996983,0.004039,2.073127,206.581743,3478130,16108,1
15.998999,0.002016,2.081174,207.370598,3491630,16109,1
16.001015,0.002016,2.076179,206.880934,3483250,16110,1
16.003037,0.002022,2.067047,205.985715,3467930,16111,1
16.005053,0.002016,2.055067,204.811305,3447830,16112,2
16.009092,0.004039,2.061874,205.478601,3459250,16114,1
16.011108,0.002016,2.061963,205.487326,3459400,16115,1
16.013124,0.002016,2.064174,205.704073,3463110,16116,1
16.015146,0.002022,2.068639,206.141781,3470600,16117,2
16.019178,0.004032,2.067918,206.0711,3469390,16119,1
16.0212,0.002022,2.074373,206.70389,3480220,16120,1
16.023216,0.002016,2.074444,206.71085,3480340,16121,1
16.025232,0.002016,2.074128,206.679872,3479810,16122,2
16.029271,0.004039,2.061027,205.395569,3457830,16124,1
16.031293,0.002022,2.057278,205.028051,3451540,16125,1
16.033309,0.002016,2.055758,204.879045,3448990,16126,1
16.035325,0.002016,2.057284,205.02864,3451550,16127,2
16.039364,0.004039,2.066094,205.892292,3466330,16129,1
16.04138,0.002016,2.063483,205.636333,3461950,16130,1
16.043402,0.002022,2.059817,205.276952,3455800,16131,1
16.045418,0.002016,2.068472,206.125409,3470320,16132,1
16.047434,0.002016,2.072364,206.506946,3476850,16133,2
16.051473,0.004039,2.06272,205.561536,3460670,16135,1
16.053495,0.002022,2.072603,206.530375,3477250,16136,1
16.055511,0.002016,2.069348,206.211284,3471790,16137,1
16.057527,0.002016,2.067542,206.034241,3468760,16138,2
16.061565,0.004038,2.07271,206.540864,3477430,16140,1
16.063581,0.002016,2.071375,206.409993,3475190,16141,1
16.065604,0.002023,2.068055,206.08453,3469620,16142,1
16.06762,0.002016,2.071977,206.469008,3476200,16143,2
16.071658,0.004038,2.068567,206.134722,3470480,16145,1
16.073674,0.002016,2.070993,206.372545,3474550,16146,1
16.07569,0.002016,2.066171,205.89984,3466460,16147,1
16.077712,0.002022,2.070504,206.324608,3473730,16148,2
16.081744,0.004032,2.068251,206.103745,3469950,16150,1
16.083767,0.002023,2.067727,206.052376,3469070,16151,1
16.085783,0.002016,2.073991,206.666442,3479580,16152,1
16.087799,0.002016,2.074486,206.714967,3480410,16153,1
16.089821,0.002022,2.066404,205.922681,3466850,16154,2
16.093853,0.004032,2.072448,206.51518,3476990,16156,1
16.095876,0.002023,2.065027,205.787693,3464540,16157,1
16.097892,0.002016,2.077162,206.977298,3484900,16158,1
16.099908,0.002016,2.066946,205.975814,3467760,16159,2
16.103946,0.004038,2.058858,205.18294,3454190,16161,1
16.105962,0.002016,2.068836,206.161093,3470930,16162,1
16.107984,0.002022,2.074689,206.734867,3480750,16163,1
16.11,0.002016,2.073032,206.57243,3477970,16164,2
16.114039,0.004039,2.064997,205.784752,3464490,16166,1
16.116055,0.002016,2.055418,204.845714,3448420,16167,1
16.118071,0.002016,2.062416,205.531734,3460160,16168,1
16.120093,0.002022,2.060819,205.375179,3457480,16169,2
16.124132,0.004039,2.064484,205.734462,3463630,16171,1
16.126148,0.002016,2.066499,205.931994,3467010,16172,1
16.128164,0.002016,2.067107,205.991597,3468030,16173,1
16.130186,0.002022,2.067709,206.050612,3469040,16174,1
16.132202,0.002016,2.068877,206.165112,3471000,16175,2
16.136241,0.004039,2.063346,205.622903,3461720,16177,1
16.138256,0.002015,2.064651,205.750833,3463910,16178,1
16.140273,0.002017,2.06247,205.537028,3460250,16179,1
16.142295,0.002022,2.069449,206.221186,3471960,16180,2
16.146327,0.004032,2.068585,206.136487,3470510,16182,1
16.148349,0.002022,2.069914,206.26677,3472740,16183,1
16.150365,0.002016,2.068025,206.08159,3469570,16184,1
16.152381,0.002016,2.068931,206.170406,3471090,16185,2
16.15642,0.004039,2.075696,206.833585,3482440,16187,1
16.158436,0.002016,2.076274,206.890246,3483410,16188,1
16.160458,0.002022,2.075559,206.820154,3482210,16189,1
16.162474,0.002016,2.073854,206.653012,3479350,16190,2
16.166512,0.004038,2.067995,206.078649,3469520,16192,1
16.168528,0.002016,2.056623,204.963841,3450440,16193,1
16.170551,0.002023,2.058399,205.137944,3453420,16194,1
16.172567,0.002016,2.067566,206.036593,3468800,16195,2
16.176605,0.004038,2.073652,206.633209,3479010,16197,1
16.178621,0.002016,2.075398,206.804371,3481940,16198,1
16.180637,0.002016,2.065456,205.829748,3465260,16199,1
16.18266,0.002023,2.071178,206.390681,3474860,16200,1
16.184676,0.002016,2.065325,205.816906,3465040,16201,2
16.188714,0.004038,2.064115,205.698289,3463010,16203,1
16.19073,0.002016,2.065808,205.864255,3465850,16204,1
16.192746,0.002016,2.059656,205.261169,3455530,16205,1
16.194768,0.002022,2.062792,205.568594,3460790,16206,2
16.198807,0.004039,2.071583,206.430383,3475540,16208,1
16.200823,0.002016,2.068222,206.100902,3469900,16209,1
16.202839,0.002016,2.065092,205.794065,3464650,16210,1
16.204861,0.002022,2.068549,206.132958,3470450,16211,2
16.208893,0.004032,2.069235,206.200207,3471600,16213,1
16.210916,0.002023,2.071202,206.393034,3474900,16214,1
16.212932,0.002016,2.070725,206.346273,3474100,16215,1
16.214948,0.002016,2.067518,206.031888,3468720,16216,2
16.218986,0.004038,2.060956,205.388609,3457710,16218,1
16.221008,0.002022,2.063853,205.672605,3462570,16219,1
16.223025,0.002017,2.069062,206.183248,3471310,16220,1
16.225041,0.002016,2.058953,205.192253,3454350,16221,1
16.227063,0.002022,2.060235,205.317929,3456500,16222,2
16.231095,0.004032,2.060217,205.316164,3456470,16224,1
16.233117,0.002022,2.061498,205.441742,3458620,16225,1
16.235133,0.002016,2.056676,204.969037,3450530,16226,1
16.237156,0.002023,2.052748,204.583971,3443940,16227,2
16.241188,0.004032,2.06337,205.625256,3461760,16229,1
16.24321,0.002022,2.055484,204.852184,3448530,16230,1
16.245226,0.002016,2.068299,206.10845,3470030,16231,1
16.247242,0.002016,2.064556,205.74152,3463750,16232,2
16.25128,0.004038,2.057284,205.02864,3451550,16234,1
16.253303,0.002023,2.059567,205.252444,3455380,16235,1
16.255319,0.002016,2.062136,205.504286,3459690,16236,1
16.257335,0.002016,2.070171,206.291964,3473170,16237,2
16.261373,0.004038,2.074295,206.696243,3480090,16239,1
16.263389,0.002016,2.06939,206.215402,3471860,16240,1
16.265412,0.002023,2.060461,205.340084,3456880,16241,1
16.267428,0.002016,2.069539,206.230008,3472110,16242,1
16.269444,0.002016,2.067488,206.028947,3468670,16243,2
16.273482,0.004038,2.066815,205.962972,3467540,16245,1
16.275498,0.002016,2.063549,205.642803,3462060,16246,1
16.27752,0.002022,2.062696,205.559183,3460630,16247,1
16.279536,0.002016,2.071005,206.373722,3474570,16248,2
16.283575,0.004039,2.069336,206.210108,3471770,16250,1
16.285591,0.002016,2.070677,206.341567,3474020,16251,1
16.287607,0.002016,2.071953,206.466655,3476160,16252,1
16.289629,0.002022,2.065784,205.861902,3465810,16253,2
16.293668,0.004039,2.064818,205.767204,3464190,16255,1
16.295684,0.002016,2.062631,205.552811,3460520,16256,1
16.2977,0.002016,2.066511,205.933171,3467030,16257,1
16.299722,0.002022,2.064896,205.774851,3464320,16258,2
16.303754,0.004032,2.062267,205.517128,3459910,16260,1
16.305777,0.002023,2.062643,205.553987,3460540,16261,1
16.307793,0.002016,2.058887,205.185783,3454240,16262,1
16.309808,0.002015,2.066553,205.937288,3467100,16263,1
16.311831,0.002023,2.063775,205.664958,3462440,16264,2
16.315863,0.004032,2.060574,205.351161,3457070,16266,1
16.317885,0.002022,2.061892,205.480366,3459280,16267,1
16.319901,0.002016,2.06449,205.73505,3463640,16268,1
16.321917,0.002016,2.064455,205.731619,3463580,16269,2
16.325956,0.004039,2.069151,206.191972,3471460,16271,1
16.327972,0.002016,2.067071,205.988068,3467970,16272,1
16.329994,0.002022,2.064872,205.772498,3464280,16273,1
16.33201,0.002016,2.06331,205.619374,3461660,16274,2
16.336048,0.004038,2.056181,204.920512,3449700,16276,1
16.338064,0.002016,2.059978,205.292735,3456070,16277,1
16.340087,0.002023,2.058619,205.159511,3453790,16278,1
16.342103,0.002016,2.056921,204.993054,3450940,16279,2
16.346141,0.004038,2.064765,205.762009,3464100,16281,1
16.348157,0.002016,2.0733,206.598703,3478420,16282,1
16.350173,0.002016,2.065551,205.839061,3465420,16283,1
16.352196,0.002023,2.066821,205.96356,3467550,16284,2
16.356228,0.004032,2.06272,205.561536,3460670,16286,1
16.35825,0.002022,2.0666,205.941896,3467180,16287,1
16.360266,0.002016,2.073568,206.624975,3478870,16288,1
16.362282,0.002016,2.072316,206.50224,3476770,16289,1
16.364304,0.002022,2.064717,205.757303,3464020,16290,2
16.368343,0.004039,2.061242,205.416646,3458190,16292,1
16.370359,0.002016,2.061713,205.462819,3458980,16293,1
16.372375,0.002016,2.060759,205.369297,3457380,16294,1
16.374397,0.002022,2.062553,205.545164,3460390,16295,2
16.378429,0.004032,2.068186,206.097373,3469840,16297,1
16.380452,0.002023,2.062559,205.545753,3460400,16298,1
16.382468,0.002016,2.060598,205.353514,3457110,16299,1
16.384484,0.002016,2.071327,206.405288,3475110,16300,2
16.388522,0.004038,2.067882,206.067571,3469330,16302,1
16.390538,0.002016,2.066898,205.971109,3467680,16303,1
16.392561,0.002023,2.072489,206.519199,3477060,16304,1
16.394576,0.002015,2.058876,205.184705,3454220,16305,2
16.398615,0.004039,2.057737,205.073048,3452310,16307,1
16.400631,0.002016,2.060544,205.34822,3457020,16308,1
16.402647,0.002016,2.070707,206.344508,3474070,16309,1
16.404669,0.002022,2.0693,206.206579,3471710,16310,1
16.406685,0.002016,2.0634,205.628197,3461810,16311,2
16.410724,0.004039,2.071232,206.395975,3474950,16313,1
16.41274,0.002016,2.066112,205.894056,3466360,16314,1
16.414762,0.002022,2.054673,204.772681,3447170,16315,1
16.416778,0.002016,2.050328,204.346737,3439880,16316,2
16.420816,0.004038,2.052724,204.581619,3443900,16318,1
16.422833,0.002017,2.053362,204.644162,3444970,16319,1
16.424848,0.002015,2.057123,205.012857,3451280,16320,1
16.426871,0.002023,2.061957,205.486738,3459390,16321,2
16.430909,0.004038,2.065408,205.825043,3465180,16323,1
16.432925,0.002016,2.057099,205.010504,3451240,16324,1
16.434941,0.002016,2.056903,204.99129,3450910,16325,1
16.436964,0.002023,2.066761,205.957678,3467450,16326,2
16.440996,0.004032,2.062649,205.554575,3460550,16328,1
16.443018,0.002022,2.062386,205.528793,3460110,16329,1
16.445034,0.002016,2.06359,205.646823,3462130,16330,1
16.447056,0.002022,2.06759,206.038946,3468840,16331,1
16.449072,0.002016,2.065587,205.84259,3465480,16332,2
16.453111,0.004039,2.066016,205.884645,3466200,16334,1
16.455127,0.002016,2.061754,205.466838,3459050,16335,1
16.457143,0.002016,2.066177,205.900428,3466470,16336,1
16.459165,0.002022,2.0612,205.412529,3458120,16337,2
16.463197,0.004032,2.05788,205.087066,3452550,16339,1
16.46522,0.002023,2.058667,205.164216,3453870,16340,1
16.467236,0.002016,2.066326,205.915035,3466720,16341,1
16.469252,0.002016,2.065718,205.855432,3465700,16342,2
16.47329,0.004038,2.057475,205.047364,3451870,16344,1
16.475312,0.002022,2.057815,205.080694,3452440,16345,1
16.477328,0.002016,2.066499,205.931994,3467010,16346,1
16.479344,0.002016,2.067912,206.070512,3469380,16347,2
16.483383,0.004039,2.065742,205.857785,3465740,16349,1
16.485399,0.002016,2.058887,205.185783,3454240,16350,1
16.487421,0.002022,2.05211,204.521428,3442870,16351,1
16.489437,0.002016,2.046323,203.954123,3433160,16352,1
16.49146,0.002023,2.056181,204.920512,3449700,16353,2
16.495492,0.004032,2.058822,205.179411,3454130,16355,1
16.497514,0.002022,2.054739,204.779151,3447280,16356,1
16.49953,0.002016,2.063805,205.667899,3462490,16357,1
16.501546,0.002016,2.062428,205.532911,3460180,16358,2
16.505584,0.004038,2.056974,204.99825,3451030,16360,1
16.507607,0.002023,2.067298,206.010321,3468350,16361,1
16.509623,0.002016,2.058136,205.112162,3452980,16362,1
16.511639,0.002016,2.052951,204.603872,3444280,16363,2
16.515677,0.004038,2.061856,205.476837,3459220,16365,1
16.517693,0.002016,2.062124,205.503109,3459670,16366,1
16.519716,0.002023,2.056569,204.958548,3450350,16367,1
16.521732,0.002016,2.060598,205.353514,3457110,16368,2
16.52577,0.004038,2.064484,205.734462,3463630,16370,1
16.527786,0.002016,2.060831,205.376355,3457500,16371,1
16.529809,0.002023,2.056462,204.948058,3450170,16372,1
16.531824,0.002015,2.061278,205.420175,3458250,16373,2
16.535863,0.004039,2.062684,205.558007,3460610,16375,1
16.537879,0.002016,2.070487,206.322942,3473700,16376,1
16.539901,0.002022,2.063471,205.635157,3461930,16377,1
16.541917,0.002016,2.060652,205.358808,3457200,16378,1
16.543933,0.002016,2.061301,205.42243,3458290,16379,2
16.547972,0.004039,2.064955,205.780635,3464420,16381,1
16.549988,0.002016,2.05279,204.588089,3444010,16382,1
16.55201,0.002022,2.05391,204.697883,3445890,16383,1
16.554026,0.002016,2.059191,205.215585,3454750,16384,2
16.558064,0.004038,2.064264,205.712895,3463260,16386,1
16.56008,0.002016,2.066666,205.948366,3467290,16387,1
16.562103,0.002023,2.068818,206.159328,3470900,16388,1
16.564119,0.002016,2.062452,205.535263,3460220,16389,2
16.568157,0.004038,2.060026,205.29744,3456150,16391,1
16.570173,0.002016,2.055931,204.896004,3449280,16392,1
16.572196,0.002023,2.054906,204.795522,3447560,16393,1
16.574212,0.002016,2.061564,205.448212,3458730,16394,2
16.57825,0.004038,2.059686,205.26411,3455580,16396,1
16.580266,0.002016,2.050501,204.363696,3440170,16397,1
16.582282,0.002016,2.053779,204.685041,3445670,16398,1
16.584304,0.002022,2.063203,205.608885,3461480,16399,1
16.58632,0.002016,2.062434,205.533499,3460190,16400,2
16.590359,0.004039,2.05524,204.828264,3448120,16402,1
16.592375,0.002016,2.059817,205.276952,3455800,16403,1
16.594397,0.002022,2.053505,204.658181,3445210,16404,1
16.596413,0.002016,2.060938,205.386845,3457680,16405,2
16.600452,0.004039,2.064997,205.784752,3464490,16407,1
16.602468,0.002016,2.056712,204.972566,3450590,16408,1
16.604484,0.002016,2.061933,205.484385,3459350,16409,1
16.606506,0.002022,2.063376,205.625844,3461770,16410,2
16.610544,0.004038,2.061182,205.410764,3458090,16412,1
16.61256,0.002016,2.069175,206.194325,3471500,16413,1
16.614576,0.002016,2.071375,206.409993,3475190,16414,1
16.616599,0.002023,2.066219,205.904546,3466540,16415,2
16.620631,0.004032,2.062488,205.538792,3460280,16417,1
16.622653,0.002022,2.061278,205.420175,3458250,16418,1
16.624669,0.002016,2.073419,206.610368,3478620,16419,1
16.626685,0.002016,2.071679,206.439794,3475700,16420,1
16.628708,0.002023,2.065307,205.815142,3465010,16421,2
16.63274,0.004032,2.055687,204.872084,3448870,16423,1
16.634762,0.002022,2.060193,205.313812,3456430,16424,1
16.636778,0.002016,2.055937,204.896592,3449290,16425,1
16.6388,0.002022,2.058214,205.119808,3453110,16426,2
16.642832,0.004032,2.065253,205.809848,3464920,16428,1
16.644855,0.002023,2.060139,205.308518,3456340,16429,1
16.646871,0.002016,2.065581,205.842002,3465470,16430,1
16.648887,0.002016,2.064455,205.731619,3463580,16431,2
16.652925,0.004038,2.066666,205.948366,3467290,16433,1
16.654948,0.002023,2.055585,204.862085,3448700,16434,1
16.656964,0.002016,2.065092,205.794065,3464650,16435,1
16.65898,0.002016,2.067596,206.039534,3468850,16436,2
16.663018,0.004038,2.064168,205.703484,3463100,16438,1
16.665034,0.002016,2.057576,205.057265,3452040,16439,1
16.667056,0.002022,2.062994,205.588396,3461130,16440,1
16.669072,0.002016,2.067703,206.050024,3469030,16441,1
16.671089,0.002017,2.072024,206.473615,3476280,16442,2
16.675127,0.004038,2.066612,205.943072,3467200,16444,1
16.677143,0.002016,2.055275,204.831696,3448180,16445,1
16.679165,0.002022,2.051014,204.413986,3441030,16446,1
16.681181,0.002016,2.05754,205.053736,3451980,16447,2
16.68522,0.004039,2.061176,205.410176,3458080,16449,1
16.687236,0.002016,2.057272,205.027463,3451530,16450,1
16.689252,0.002016,2.061892,205.480366,3459280,16451,1
16.691274,0.002022,2.066809,205.962384,3467530,16452,2
16.695312,0.004038,2.065438,205.827984,3465230,16454,1
16.697328,0.002016,2.062136,205.504286,3459690,16455,1
16.699344,0.002016,2.07268,206.537923,3477380,16456,1
16.701367,0.002023,2.07327,206.595762,3478370,16457,2
16.705399,0.004032,2.070063,206.281377,3472990,16459,1
16.707421,0.002022,2.063489,205.636921,3461960,16460,1
16.709437,0.002016,2.056402,204.942176,3450070,16461,1
16.711453,0.002016,2.062219,205.512422,3459830,16462,2
16.715492,0.004039,2.068353,206.113744,3470120,16464,1
16.717508,0.002016,2.061701,205.461642,3458960,16465,1
16.71953,0.002022,2.060193,205.313812,3456430,16466,1
16.721546,0.002016,2.05698,204.998838,3451040,16467,1
16.723562,0.002016,2.057362,205.036286,3451680,16468,2
16.7276,0.004038,2.057606,205.060206,3452090,16470,1
16.729623,0.002023,2.057457,205.045599,3451840,16471,1
16.731639,0.002016,2.05133,204.444964,3441560,16472,1
16.733655,0.002016,2.056849,204.985996,3450820,16473,2
16.737693,0.004038,2.052885,204.597402,3444170,16475,1
16.739709,0.002016,2.059472,205.243131,3455220,16476,1
16.741732,0.002023,2.067012,205.982284,3467870,16477,1
16.743748,0.002016,2.069312,206.207755,3471730,16478,2
16.747786,0.004038,2.05304,204.612597,3444430,16480,1
16.749802,0.002016,2.054209,204.727195,3446390,16481,1
16.751818,0.002016,2.062815,205.570849,3460830,16482,1
16.75384,0.002022,2.055377,204.841695,3448350,16483,2
16.757872,0.004032,2.058351,205.133239,3453340,16485,1
16.759895,0.002023,2.062154,205.50605,3459720,16486,1
16.761911,0.002016,2.055854,204.888455,3449150,16487,1
16.763927,0.002016,2.060956,205.388609,3457710,16488,1
16.765949,0.002022,2.059579,205.253621,3455400,16489,2
16.769981,0.004032,2.058172,205.115691,3453040,16491,1
16.772004,0.002023,2.060884,205.381551,3457590,16492,1
16.77402,0.002016,2.055067,204.811305,3447830,16493,1
16.776036,0.002016,2.052981,204.606813,3444330,16494,2
16.780074,0.004038,2.068591,206.137075,3470520,16496,1
16.78209,0.002016,2.063942,205.681329,3462720,16497,1
16.784112,0.002022,2.062571,205.546929,3460420,16498,1
16.786128,0.002016,2.060723,205.365768,3457320,16499,2
16.790167,0.004039,2.064765,205.762009,3464100,16501,1
16.792183,0.002016,2.056921,204.993054,3450940,16502,1
16.794199,0.002016,2.054596,204.765133,3447040,16503,1
16.796221,0.002022,2.065033,205.788281,3464550,16504,2
16.800253,0.004032,2.075398,206.804371,3481940,16506,1
16.802276,0.002023,2.075779,206.841721,3482580,16507,1
16.804292,0.002016,2.070522,206.326373,3473760,16508,1
16.806308,0.002016,2.072245,206.49528,3476650,16509,1
16.80833,0.002022,2.062368,205.527029,3460080,16510,2
16.812369,0.004039,2.068251,206.103745,3469950,16512,1
16.814384,0.002015,2.07175,206.446755,3475820,16513,1
16.816401,0.002017,2.061611,205.452819,3458810,16514,1
16.818423,0.002022,2.057952,205.094124,3452670,16515,2
16.822455,0.004032,2.067703,206.050024,3469030,16517,1
16.824477,0.002022,2.06778,206.057572,3469160,16518,1
16.826493,0.002016,2.065355,205.819847,3465090,16519,1
16.828509,0.002016,2.061343,205.426547,3458360,16520,2
16.832548,0.004039,2.060711,205.364592,3457300,16522,1
16.834564,0.002016,2.070183,206.29314,3473190,16523,1
16.836586,0.002022,2.069235,206.200207,3471600,16524,1
16.838602,0.002016,2.066761,205.957678,3467450,16525,2
16.842641,0.004039,2.074623,206.728397,3480640,16527,1
16.844656,0.002015,2.062398,205.52997,3460130,16528,1
16.846673,0.002017,2.058262,205.124514,3453190,16529,1
16.848695,0.002022,2.060705,205.364003,3457290,16530,1
16.850711,0.002016,2.064222,205.708778,3463190,16531,2
16.854749,0.004038,2.056205,204.922864,3449740,16533,1
16.856765,0.002016,2.057916,205.090595,3452610,16534,1
16.858788,0.002023,2.070987,206.371957,3474540,16535,1
16.860804,0.002016,2.061039,205.396746,3457850,16536,2
16.864836,0.004032,2.052069,204.517409,3442800,16538,1
16.866858,0.002022,2.055466,204.850419,3448500,16539,1
16.868874,0.002016,2.066135,205.896311,3466400,16540,1
16.870896,0.002022,2.066499,205.931994,3467010,16541,2
16.874928,0.004032,2.06753,206.033064,3468740,16543,1
16.876951,0.002023,2.062947,205.583789,3461050,16544,1
16.878967,0.002016,2.056146,204.91708,3449640,16545,1
16.880983,0.002016,2.057397,205.039717,3451740,16546,2
16.885021,0.004038,2.055067,204.811305,3447830,16548,1
16.887037,0.002016,2.055293,204.83346,3448210,16549,1
16.88906,0.002023,2.061749,205.466348,3459040,16550,1
16.891076,0.002016,2.069515,206.227656,3472070,16551,2
16.895114,0.004038,2.059191,205.215585,3454750,16553,1
16.89713,0.002016,2.06098,205.390962,3457750,16554,1
16.899152,0.002022,2.06424,205.710543,3463220,16555,1
16.901168,0.002016,2.064204,205.707013,3463160,16556,1
16.903184,0.002016,2.060646,205.35822,3457190,16557,2
16.907223,0.004039,2.063072,205.596043,3461260,16559,1
16.909239,0.002016,2.065372,205.821514,3465120,16560,1
16.911261,0.002022,2.059501,205.245974,3455270,16561,1
16.913277,0.002016,2.0612,205.412529,3458120,16562,2
16.917316,0.004039,2.061826,205.473896,3459170,16564,1
16.919332,0.002016,2.073103,206.57939,3478090,16565,1
16.921348,0.002016,2.060074,205.302146,3456230,16566,1
16.92337,0.002022,2.050042,204.3187,3439400,16567,2
16.927409,0.004039,2.055985,204.901298,3449370,16569,1
16.929424,0.002015,2.067441,206.02434,3468590,16570,1
16.93144,0.002016,2.064306,205.717013,3463330,16571,1
16.933463,0.002023,2.059233,205.219702,3454820,16572,2
16.937495,0.004032,2.062511,205.541047,3460320,16574,1
16.939517,0.002022,2.058679,205.165393,3453890,16575,1
16.941533,0.002016,2.051288,204.440846,3441490,16576,1
16.943549,0.002016,2.059597,205.255385,3455430,16577,1
16.945572,0.002023,2.052134,204.523781,3442910,16578,2
16.949604,0.004032,2.052361,204.546034,3443290,16580,1
16.951626,0.002022,2.055234,204.827676,3448110,16581,1
16.953642,0.002016,2.059162,205.212742,3454700,16582,1
16.955664,0.002022,2.054018,204.708471,3446070,16583,2
16.959696,0.004032,2.053702,204.677493,3445540,16585,1
16.961719,0.002023,2.062523,205.542224,3460340,16586,1
16.963735,0.002016,2.06688,205.969344,3467650,16587,1
16.965751,0.002016,2.058685,205.165981,3453900,16588,2
16.969789,0.004038,2.061999,205.490855,3459460,16590,1
16.971805,0.002016,2.063149,205.603591,3461390,16591,1
16.973828,0.002023,2.063274,205.615845,3461600,16592,1
16.975844,0.002016,2.067608,206.040711,3468870,16593,2
16.979882,0.004038,2.068931,206.170406,3471090,16595,1
16.981898,0.002016,2.058995,205.196371,3454420,16596,1
16.98392,0.002022,2.06027,205.32136,3456560,16597,1
16.985936,0.002016,2.060711,205.364592,3457300,16598,1
16.987952,0.002016,2.060461,205.340084,3456880,16599,2
16.991991,0.004039,2.053791,204.686218,3445690,16601,1
16.994007,0.002016,2.066869,205.968266,3467630,16602,1
16.996029,0.002022,2.05701,205.001779,3451090,16603,1
16.998045,0.002016,2.061957,205.486738,3459390,16604,2
17.002084,0.004039,2.069074,206.184424,3471330,16606,1
17.0041,0.002016,2.067298,206.010321,3468350,16607,1
17.006116,0.002016,2.062815,205.570849,3460830,16608,1
17.008138,0.002022,2.059692,205.264698,3455590,16609,2
17.01217,0.004032,2.061766,205.468014,3459070,16611,1
17.014192,0.002022,2.058274,205.12569,3453210,16612,1
17.016208,0.002016,2.066225,205.905134,3466550,16613,1
17.018231,0.002023,2.071947,206.466067,3476150,16614,2
17.022263,0.004032,2.063894,205.676624,3462640,16616,1
17.024285,0.002022,2.06511,205.795829,3464680,16617,1
17.026301,0.002016,2.059203,205.216761,3454770,16618,1
17.028317,0.002016,2.063489,205.636921,3461960,16619,1
17.03034,0.002023,2.05754,205.053736,3451980,16620,2
17.034372,0.004032,2.059436,205.239602,3455160,16622,1
17.036394,0.002022,2.056414,204.943353,3450090,16623,1
17.03841,0.002016,2.064478,205.733874,3463620,16624,1
17.040426,0.002016,2.069521,206.228244,3472080,16625,2
17.044464,0.004038,2.058703,205.167746,3453930,16627,1
17.04648,0.002016,2.057981,205.096967,3452720,16628,1
17.048503,0.002023,2.065754,205.858961,3465760,16629,1
17.050519,0.002016,2.064925,205.777694,3464370,16630,2
17.054557,0.004038,2.070081,206.283141,3473020,16632,1
17.056573,0.002016,2.06334,205.622315,3461710,16633,1
17.058596,0.002023,2.061409,205.433017,3458470,16634,1
17.060612,0.002016,2.059025,205.199311,3454470,16635,2
17.06465,0.004038,2.060759,205.369297,3457380,16637,1
17.066666,0.002016,2.064985,205.783576,3464470,16638,1
17.068682,0.002016,2.063417,205.629863,3461840,16639,1
17.070704,0.002022,2.058673,205.164805,3453880,16640,2
17.074736,0.004032,2.058393,205.137356,3453410,16642,1
17.076759,0.002023,2.062756,205.565065,3460730,16643,1
17.078775,0.002016,2.063018,205.590749,3461170,16644,1
17.080791,0.002016,2.051109,204.423299,3441190,16645,1
17.082813,0.002022,2.055144,204.818854,3447960,16646,2
17.086852,0.004039,2.070767,206.35039,3474170,16648,1
17.088868,0.002016,2.064693,205.754951,3463980,16649,1
17.090884,0.002016,2.065402,205.824455,3465170,16650,1
17.092906,0.002022,2.0675,206.030123,3468690,16651,2
17.096938,0.004032,2.074254,206.692224,3480020,16653,1
17.09896,0.002022,2.070594,206.333431,3473880,16654,1
17.100976,0.002016,2.068734,206.151093,3470760,16655,1
17.102992,0.002016,2.063596,205.647411,3462140,16656,2
17.107031,0.004039,2.060139,205.308518,3456340,16658,1
17.109047,0.002016,2.06117,205.409588,3458070,16659,1
17.111069,0.002022,2.071625,206.434501,3475610,16660,1
17.113085,0.002016,2.069741,206.249811,3472450,16661,2
17.117124,0.004039,2.061075,205.400275,3457910,16663,1
17.11914,0.002016,2.071255,206.398229,3474990,16664,1
17.121162,0.002022,2.055651,204.868555,3448810,16665,1
17.123178,0.002016,2.062207,205.511246,3459810,16666,1
17.125194,0.002016,2.068102,206.089138,3469700,16667,2
17.129232,0.004038,2.060759,205.369297,3457380,16669,1
17.131255,0.002023,2.057517,205.051481,3451940,16670,1
17.133271,0.002016,2.061349,205.427135,3458370,16671,1
17.135287,0.002016,2.065116,205.796418,3464690,16672,2
17.139325,0.004038,2.059978,205.292735,3456070,16674,1
17.141341,0.002016,2.061886,205.479778,3459270,16675,1
17.143364,0.002023,2.059746,205.269992,3455680,16676,1
17.14538,0.002016,2.046299,203.95177,3433120,16677,2
17.149418,0.004038,2.055794,204.882574,3449050,16679,1
17.151434,0.002016,2.058518,205.14961,3453620,16680,1
17.153456,0.002022,2.066857,205.967089,3467610,16681,1
17.155472,0.002016,2.063131,205.601826,3461360,16682,2
17.159511,0.004039,2.058244,205.122749,3453160,16684,1
17.161527,0.002016,2.061403,205.432429,3458460,16685,1
17.163543,0.002016,2.060139,205.308518,3456340,16686,1
17.165565,0.002022,2.058828,205.179999,3454140,16687,1
17.167581,0.002016,2.067739,206.053553,3469090,16688,2
17.17162,0.004039,2.074581,206.72428,3480570,16690,1
17.173636,0.002016,2.066213,205.903958,3466530,16691,1
17.175652,0.002016,2.056599,204.961488,3450400,16692,1
17.177674,0.002022,2.055889,204.891887,3449210,16693,2
17.181712,0.004038,2.052587,204.568189,3443670,16695,1
17.183728,0.002016,2.066618,205.94366,3467210,16696,1
17.185745,0.002017,2.062744,205.563888,3460710,16697,1
17.187767,0.002022,2.065629,205.846708,3465550,16698,2
17.191799,0.004032,2.061111,205.403804,3457970,16700,1
17.193821,0.002022,2.057838,205.082949,3452480,16701,1
17.195837,0.002016,2.056515,204.953254,3450260,16702,1
17.19786,0.002023,2.056247,204.926982,3449810,16703,2
17.201892,0.004032,2.061659,205.457525,3458890,16705,1
17.203908,0.002016,2.055901,204.893063,3449230,16706,1
17.20593,0.002022,2.054781,204.783268,3447350,16707,1
17.207946,0.002016,2.066302,205.912682,3466680,16708,1
17.209968,0.002022,2.062106,205.501345,3459640,16709,2
17.214,0.004032,2.055746,204.877868,3448970,16711,1
17.216023,0.002023,2.06179,205.470367,3459110,16712,1
17.218039,0.002016,2.065641,205.847884,3465570,16713,1
17.220055,0.002016,2.064705,205.756127,3464000,16714,2
17.224093,0.004038,2.055454,204.849243,3448480,16716,1
17.226116,0.002023,2.057046,205.005308,3451150,16717,1
17.228132,0.002016,2.064693,205.754951,3463980,16718,1
17.230148,0.002016,2.054787,204.783856,3447360,16719,2
17.234186,0.004038,2.057505,205.050304,3451920,16721,1
17.236202,0.002016,2.07215,206.485967,3476490,16722,1
17.238224,0.002022,2.067369,206.017281,3468470,16723,1
17.24024,0.002016,2.063745,205.662017,3462390,16724,2
17.244279,0.004039,2.063823,205.669664,3462520,16726,1
17.246295,0.002016,2.062583,205.548105,3460440,16727,1
17.248311,0.002016,2.060729,205.366356,3457330,16728,1
17.250333,0.002022,2.057987,205.097555,3452730,16729,2
17.254372,0.004039,2.057153,205.015798,3451330,16731,1
17.256388,0.002016,2.061141,205.406745,3458020,16732,1
17.258404,0.002016,2.0594,205.236073,3455100,16733,1
17.26042,0.002016,2.064055,205.692407,3462910,16734,1
17.262442,0.002022,2.056044,204.907081,3449470,16735,2
17.26648,0.004038,2.056301,204.932275,3449900,16737,1
17.268497,0.002017,2.062464,205.53644,3460240,16738,1
17.270512,0.002015,2.059346,205.230779,3455010,16739,1
17.272528,0.002016,2.063203,205.608885,3461480,16740,2
17.276567,0.004039,2.062005,205.491444,3459470,16742,1
17.278583,0.002016,2.065456,205.829748,3465260,16743,1
17.280605,0.002022,2.053845,204.691511,3445780,16744,1
17.282621,0.002016,2.060264,205.320772,3456550,16745,2
17.28666,0.004039,2.052385,204.548386,3443330,16747,1
17.288676,0.002016,2.052075,204.517997,3442810,16748,1
17.290692,0.002016,2.053899,204.696805,3445870,16749,1
17.292714,0.002022,2.060908,205.383904,3457630,16750,2
17.296752,0.004038,2.059448,205.240779,3455180,16752,1
17.298768,0.002016,2.068728,206.150505,3470750,16753,1
17.300784,0.002016,2.070785,206.352155,3474200,16754,1
17.302807,0.002023,2.070826,206.356174,3474270,16755,1
17.304823,0.002016,2.055484,204.852184,3448530,16756,2
17.308861,0.004038,2.049184,204.234589,3437960,16758,1
17.310877,0.002016,2.05636,204.938059,3450000,16759,1
17.312893,0.002016,2.066308,205.91327,3466690,16760,1
17.314916,0.002023,2.060014,205.296264,3456130,16761,2
17.318948,0.004032,2.062482,205.538204,3460270,16763,1
17.32097,0.002022,2.061391,205.431253,3458440,16764,1
17.322986,0.002016,2.055973,204.900121,3449350,16765,1
17.325002,0.002016,2.055109,204.815422,3447900,16766,2
17.329041,0.004039,2.060544,205.34822,3457020,16768,1
17.331056,0.002015,2.05406,204.712588,3446140,16769,1
17.333079,0.002023,2.048773,204.194299,3437270,16770,1
17.335095,0.002016,2.057892,205.088242,3452570,16771,2
17.339133,0.004038,2.063626,205.650352,3462190,16773,1
17.341149,0.002016,2.060485,205.342437,3456920,16774,1
17.343165,0.002016,2.063537,205.641627,3462040,16775,1
17.345188,0.002023,2.057886,205.087654,3452560,16776,1
17.347204,0.002016,2.049261,204.242138,3438090,16777,2
17.351242,0.004038,2.056074,204.910022,3449520,16779,1
17.353258,0.002016,2.052939,204.602695,3444260,16780,1
17.355274,0.002016,2.056402,204.942176,3450070,16781,1
17.357297,0.002023,2.060217,205.316164,3456470,16782,2
17.361329,0.004032,2.057463,205.046187,3451850,16784,1
17.363351,0.002022,2.061659,205.457525,3458890,16785,1
17.365367,0.002016,2.060938,205.386845,3457680,16786,1
17.367383,0.002016,2.063519,205.639862,3462010,16787,2
17.371421,0.004038,2.061206,205.413117,3458130,16789,1
17.373437,0.002016,2.056736,204.974919,3450630,16790,1
17.37546,0.002023,2.053487,204.656416,3445180,16791,1
17.377476,0.002016,2.054602,204.765721,3447050,16792,2
17.381514,0.004038,2.057642,205.063735,3452150,16794,1
17.38353,0.002016,2.05425,204.731214,3446460,16795,1
17.385546,0.002016,2.051032,204.41575,3441060,16796,1
17.387568,0.002022,2.056253,204.92757,3449820,16797,2
17.3916,0.004032,2.056861,204.987173,3450840,16799,1
17.393623,0.002023,2.064085,205.695348,3462960,16800,1
17.395639,0.002016,2.056426,204.944529,3450110,16801,1
17.397655,0.002016,2.061725,205.463995,3459000,16802,1
17.399677,0.002022,2.076632,206.925342,3484010,16803,2
17.403709,0.004032,2.070695,206.343332,3474050,16805,1
17.405732,0.002023,2.059102,205.20686,3454600,16806,1
17.407748,0.002016,2.065486,205.832689,3465310,16807,1
17.409764,0.002016,2.05881,205.178235,3454110,16808,2
17.413802,0.004038,2.05549,204.852772,3448540,16810,1
17.415818,0.002016,2.059394,205.235485,3455090,16811,1
17.41784,0.002022,2.069277,206.204324,3471670,16812,1
17.419856,0.002016,2.059489,205.244798,3455250,16813,2
17.423895,0.004039,2.058125,205.111084,3452960,16815,1
17.425911,0.002016,2.064681,205.753774,3463960,16816,1
17.427927,0.002016,2.067745,206.054141,3469100,16817,1
17.429943,0.002016,2.06337,205.625256,3461760,16818,2
17.433981,0.004038,2.063251,205.61359,3461560,16820,1
17.436004,0.002023,2.066469,205.929053,3466960,16821,1
17.43802,0.002016,2.066988,205.979932,3467830,16822,1
17.440036,0.002016,2.06843,206.121292,3470250,16823,1
17.442058,0.002022,2.065605,205.844355,3465510,16824,2
17.44609,0.004032,2.055138,204.818265,3447950,16826,1
17.448112,0.002022,2.056128,204.915316,3449610,16827,1
17.450129,0.002017,2.062613,205.551046,3460490,16828,1
17.452145,0.002016,2.066934,205.974638,3467740,16829,2
17.45618,0.004035,2.070552,206.329314,3473810,16831,1
17.458202,0.002022,2.052259,204.536034,3443120,16832,1
17.460218,0.002016,2.061492,205.441154,3458610,16833,1
17.462234,0.002016,2.061063,205.399098,3457890,16834,2
17.466273,0.004039,2.051234,204.435553,3441400,16836,1
17.468289,0.002016,2.062631,205.552811,3460520,16837,1
17.470311,0.002022,2.064145,205.70123,3463060,16838,1
17.472327,0.002016,2.060801,205.373414,3457450,16839,2
17.476365,0.004038,2.056772,204.978448,3450690,16841,1
17.478381,0.002016,2.068371,206.115508,3470150,16842,1
17.480404,0.002023,2.058053,205.104025,3452840,16843,1
17.48242,0.002016,2.059287,205.224996,3454910,16844,1
17.484436,0.002016,2.064639,205.749657,3463890,16845,2
17.488474,0.004038,2.06356,205.643882,3462080,16847,1
17.49049,0.002016,2.068728,206.150505,3470750,16848,1
17.492512,0.002022,2.061248,205.417234,3458200,16849,1
17.494528,0.002016,2.062809,205.57026,3460820,16850,2
17.498567,0.004039,2.069527,206.228832,3472090,16852,1
17.500583,0.002016,2.067786,206.05816,3469170,16853,1
17.502599,0.002016,2.065265,205.811024,3464940,16854,1
17.504621,0.002022,2.061576,205.449388,3458750,16855,2
17.508653,0.004032,2.05543,204.84689,3448440,16857,1
17.510676,0.002023,2.059633,205.258914,3455490,16858,1
17.512692,0.002016,2.06818,206.096784,3469830,16859,1
17.514708,0.002016,2.062535,205.5434,3460360,16860,2
17.518746,0.004038,2.058011,205.099908,3452770,16862,1
17.520762,0.002016,2.056986,204.999426,3451050,16863,1
17.522784,0.002022,2.060527,205.346554,3456990,16864,1
17.5248,0.002016,2.059728,205.268227,3455650,16865,1
17.526816,0.002016,2.064633,205.749069,3463880,16866,2
17.530855,0.004039,2.061921,205.483209,3459330,16868,1
17.532871,0.002016,2.062154,205.50605,3459720,16869,1
17.534893,0.002022,2.062827,205.572025,3460850,16870,1
17.536909,0.002016,2.067715,206.0512,3469050,16871,2
17.540948,0.004039,2.06911,206.187953,3471390,16873,1
17.542964,0.002016,2.068424,206.120704,3470240,16874,1
17.54498,0.002016,2.060944,205.387433,3457690,16875,1
17.547002,0.002022,2.064204,205.707013,3463160,16876,2
17.551034,0.004032,2.069831,206.258633,3472600,16878,1
17.553056,0.002022,2.060896,205.382727,3457610,16879,1
17.555072,0.002016,2.050906,204.403399,3440850,16880,1
17.557095,0.002023,2.058238,205.122161,3453150,16881,2
17.561127,0.004032,2.062017,205.49262,3459490,16883,1
17.563149,0.002022,2.059102,205.20686,3454600,16884,1
17.565165,0.002016,2.06728,206.008557,3468320,16885,1
17.567181,0.002016,2.065927,205.875921,3466050,16886,2
17.57122,0.004039,2.059072,205.203919,3454550,16888,1
17.573236,0.002016,2.057528,205.052559,3451960,16889,1
17.575258,0.002022,2.056402,204.942176,3450070,16890,1
17.577274,0.002016,2.055621,204.865614,3448760,16891,1
17.57929,0.002016,2.056986,204.999426,3451050,16892,2
17.583328,0.004038,2.054065,204.713078,3446150,16894,1
17.585344,0.002016,2.063137,205.602415,3461370,16895,1
17.587367,0.002023,2.06672,205.953659,3467380,16896,1
17.589383,0.002016,2.063972,205.68427,3462770,16897,2
17.593421,0.004038,2.059698,205.265286,3455600,16899,1
17.595437,0.002016,2.059907,205.285775,3455950,16900,1
17.59746,0.002023,2.056456,204.94747,3450160,16901,1
17.599476,0.002016,2.056277,204.929923,3449860,16902,2
17.603508,0.004032,2.065021,205.787105,3464530,16904,1
17.60553,0.002022,2.056414,204.943353,3450090,16905,1
17.607546,0.002016,2.064073,205.694171,3462940,16906,1
17.609569,0.002023,2.060646,205.35822,3457190,16907,2
17.6136,0.004031,2.065498,205.833865,3465330,16909,1
17.615623,0.002023,2.067214,206.002086,3468210,16910,1
17.617639,0.002016,2.059853,205.280481,3455860,16911,1
17.619655,0.002016,2.060121,205.306753,3456310,16912,1
17.621677,0.002022,2.060097,205.304401,3456270,16913,2
17.625709,0.004032,2.06269,205.558595,3460620,16915,1
17.627732,0.002023,2.064955,205.780635,3464420,16916,1
17.629748,0.002016,2.062988,205.587808,3461120,16917,1
17.631764,0.002016,2.063572,205.645058,3462100,16918,2
17.635802,0.004038,2.051711,204.482313,3442200,16920,1
17.637818,0.002016,2.063835,205.67084,3462540,16921,1
17.63984,0.002022,2.0666,205.941896,3467180,16922,1
17.641856,0.002016,2.069396,206.21599,3471870,16923,2
17.645895,0.004039,2.062851,205.574378,3460890,16925,1
17.647911,0.002016,2.057987,205.097555,3452730,16926,1
17.649927,0.002016,2.050918,204.404575,3440870,16927,1
17.651949,0.002022,2.060032,205.298029,3456160,16928,2
17.655981,0.004032,2.059335,205.229701,3454990,16930,1
17.658004,0.002023,2.057368,205.036874,3451690,16931,1
17.66002,0.002016,2.063239,205.612414,3461540,16932,1
17.662036,0.002016,2.062458,205.535852,3460230,16933,1
17.664058,0.002022,2.064037,205.690642,3462880,16934,2
17.66809,0.004032,2.061868,205.478013,3459240,16936,1
17.670112,0.002022,2.067578,206.03777,3468820,16937,1
17.672128,0.002016,2.070159,206.290787,3473150,16938,1
17.674151,0.002023,2.065045,205.789457,3464570,16939,2
17.678183,0.004032,2.065361,205.820435,3465100,16941,1
17.680199,0.002016,2.052349,204.544857,3443270,16942,1
17.682221,0.002022,2.051067,204.419182,3441120,16943,1
17.684237,0.002016,2.056926,204.993545,3450950,16944,2
17.688276,0.004039,2.061254,205.417822,3458210,16946,1
17.690292,0.002016,2.063566,205.64447,3462090,16947,1
17.692314,0.002022,2.068245,206.103156,3469940,16948,1
17.69433,0.002016,2.071404,206.412836,3475240,16949,2
17.698368,0.004038,2.072716,206.541453,3477440,16951,1
17.700384,0.002016,2.067959,206.07512,3469460,16952,1
17.702401,0.002017,2.063656,205.653293,3462240,16953,1
17.704423,0.002022,2.067071,205.988068,3467970,16954,2
17.708455,0.004032,2.070516,206.325785,3473750,16956,1
17.710477,0.002022,2.062529,205.542812,3460350,16957,1
17.712493,0.002016,2.061844,205.475661,3459200,16958,1
17.714509,0.002016,2.069777,206.25334,3472510,16959,1
17.716532,0.002023,2.067995,206.078649,3469520,16960,2
17.720564,0.004032,2.060324,205.326654,3456650,16962,1
17.722586,0.002022,2.0639,205.677212,3462650,16963,1
17.724602,0.002016,2.064914,205.776615,3464350,16964,1
17.726618,0.002016,2.064353,205.72162,3463410,16965,2
17.730656,0.004038,2.060872,205.380375,3457570,16967,1
17.732679,0.002023,2.071047,206.377839,3474640,16968,1
17.734695,0.002016,2.071559,206.428031,3475500,16969,1
17.736711,0.002016,2.061319,205.424194,3458320,16970,2
17.740749,0.004038,2.06176,205.467426,3459060,16972,1
17.742765,0.002016,2.068609,206.13884,3470550,16973,1
17.744788,0.002023,2.063894,205.676624,3462640,16974,1
17.746804,0.002016,2.069563,206.232361,3472150,16975,2
17.750842,0.004038,2.06511,205.795829,3464680,16977,1
17.752858,0.002016,2.065396,205.823866,3465160,16978,1
17.754874,0.002016,2.060956,205.388609,3457710,16979,1
17.756896,0.002022,2.053195,204.627791,3444690,16980,1
17.758912,0.002016,2.057821,205.081282,3452450,16981,2
17.762951,0.004039,2.065432,205.827395,3465220,16983,1
17.764967,0.002016,2.064407,205.726914,3463500,16984,1
17.766983,0.002016,2.055931,204.896004,3449280,16985,1
17.769005,0.002022,2.057141,205.014621,3451310,16986,2
17.773037,0.004032,2.057552,205.054912,3452000,16988,1
17.77506,0.002023,2.062601,205.54987,3460470,16989,1
17.777076,0.002016,2.066654,205.947189,3467270,16990,1
17.779092,0.002016,2.067453,206.025516,3468610,16991,2
17.78313,0.004038,2.059215,205.217937,3454790,16993,1
17.785146,0.002016,2.06064,205.357631,3457180,16994,1
17.787168,0.002022,2.070904,206.363821,3474400,16995,1
17.789184,0.002016,2.065122,205.797006,3464700,16996,2
17.793223,0.004039,2.0702,206.294807,3473220,16998,1
17.795239,0.002016,2.067196,206.000322,3468180,16999,1
17.797255,0.002016,2.065951,205.878273,3466090,17000,1
17.799277,0.002022,2.067584,206.038358,3468830,17001,1
17.801293,0.002016,2.066386,205.920917,3466820,17002,2
17.805332,0.004039,2.056754,204.976683,3450660,17004,1
17.807348,0.002016,2.070343,206.308825,3473460,17005,1
17.809364,0.002016,2.063644,205.652116,3462220,17006,1
17.811386,0.002022,2.064025,205.689466,3462860,17007,2
17.815424,0.004038,2.06238,205.528205,3460100,17009,1
17.81744,0.002016,2.061695,205.461054,3458950,17010,1
17.819456,0.002016,2.063316,205.619962,3461670,17011,1
17.821479,0.002023,2.068573,206.13531,3470490,17012,2
17.825511,0.004032,2.067649,206.04473,3468940,17014,1
17.827533,0.002022,2.065182,205.802888,3464800,17015,1
17.829549,0.002016,2.057791,205.078341,3452400,17016,1
17.831565,0.002016,2.061301,205.42243,3458290,17017,2
17.835604,0.004039,2.068341,206.112567,3470100,17019,1
17.83762,0.002016,2.070636,206.337548,3473950,17020,1
17.839642,0.002022,2.059358,205.231956,3455030,17021,1
17.841658,0.002016,2.067894,206.068748,3469350,17022,1
17.843674,0.002016,2.067876,206.066983,3469320,17023,2
17.847712,0.004038,2.063471,205.635157,3461930,17025,1
17.849728,0.002016,2.064174,205.704073,3463110,17026,1
17.851751,0.002023,2.07262,206.532042,3477280,17027,1
17.853767,0.002016,2.070969,206.370193,3474510,17028,2
17.857805,0.004038,2.068239,206.102568,3469930,17030,1
17.859821,0.002016,2.068698,206.147564,3470700,17031,1
17.861837,0.002016,2.068597,206.137663,3470530,17032,1
17.86386,0.002023,2.065992,205.882293,3466160,17033,2
17.867892,0.004032,2.066445,205.926701,3466920,17035,1
17.869914,0.002022,2.07262,206.532042,3477280,17036,1
17.87193,0.002016,2.072233,206.494104,3476630,17037,1
17.873946,0.002016,2.074224,206.689283,3479970,17038,2
17.877985,0.004039,2.072155,206.486457,3476500,17040,1
17.88,0.002015,2.065903,205.873568,3466010,17041,1
17.882023,0.002023,2.05856,205.153727,3453690,17042,1
17.884039,0.002016,2.06008,205.302734,3456240,17043,2
17.888077,0.004038,2.057821,205.081282,3452450,17045,1
17.890093,0.002016,2.057379,205.037953,3451710,17046,1
17.892109,0.002016,2.058297,205.127945,3453250,17047,1
17.894132,0.002023,2.059758,205.271168,3455700,17048,1
17.896148,0.002016,2.065176,205.8023,3464790,17049,2
17.900186,0.004038,2.059966,205.291559,3456050,17051,1
17.902202,0.002016,2.051711,204.482313,3442200,17052,1
17.904218,0.002016,2.054602,204.765721,3447050,17053,1
17.90624,0.002022,2.056611,204.962665,3450420,17054,2
17.910272,0.004032,2.054524,204.758074,3446920,17056,1
17.912295,0.002023,2.064991,205.784164,3464480,17057,1
17.914311,0.002016,2.072787,206.548413,3477560,17058,1
17.916327,0.002016,2.073789,206.64664,3479240,17059,2
17.920365,0.004038,2.070814,206.354998,3474250,17061,1
17.922388,0.002023,2.072096,206.480673,3476400,17062,1
17.924404,0.002016,2.06095,205.388021,3457700,17063,1
17.92642,0.002016,2.060801,205.373414,3457450,17064,2
17.930458,0.004038,2.059758,205.271168,3455700,17066,1
17.932474,0.002016,2.065706,205.854256,3465680,17067,1
17.934496,0.002022,2.070528,206.326961,3473770,17068,1
17.936512,0.002016,2.066469,205.929053,3466960,17069,1
17.938528,0.002016,2.062523,205.542224,3460340,17070,2
17.942567,0.004039,2.067745,206.054141,3469100,17072,1
17.944583,0.002016,2.06477,205.762499,3464110,17073,1
17.946605,0.002022,2.070433,206.317648,3473610,17074,1
17.948621,0.002016,2.062821,205.571437,3460840,17075,2
17.95266,0.004039,2.064723,205.757892,3464030,17077,1
17.954676,0.002016,2.05543,204.84689,3448440,17078,1
17.956692,0.002016,2.067173,205.998067,3468140,17079,1
17.958714,0.002022,2.05915,205.211565,3454680,17080,2
17.962752,0.004038,2.061379,205.430076,3458420,17082,1
17.964768,0.002016,2.061689,205.460466,3458940,17083,1
17.966785,0.002017,2.063012,205.590161,3461160,17084,1
17.968807,0.002022,2.067316,206.012086,3468380,17085,2
17.972839,0.004032,2.066028,205.885822,3466220,17087,1
17.974861,0.002022,2.056032,204.905905,3449450,17088,1
17.976877,0.002016,2.065498,205.833865,3465330,17089,1
17.978893,0.002016,2.053845,204.691511,3445780,17090,1
17.980916,0.002023,2.058476,205.145492,3453550,17091,2
17.984948,0.004032,2.066439,205.926113,3466910,17093,1
17.98697,0.002022,2.067363,206.016693,3468460,17094,1
17.988986,0.002016,2.062154,205.50605,3459720,17095,1
17.991002,0.002016,2.07516,206.78104,3481540,17096,2
17.995041,0.004039,2.078551,207.113463,3487230,17098,1
17.997057,0.002016,2.062285,205.518892,3459940,17099,1
17.999079,0.002022,2.059871,205.282246,3455890,17100,1
18.001095,0.002016,2.063525,205.640451,3462020,17101,2
18.005133,0.004038,2.05251,204.56064,3443540,17103,1
18.007149,0.002016,2.064413,205.727502,3463510,17104,1
18.009165,0.002016,2.070647,206.338627,3473970,17105,1
18.011188,0.002023,2.065212,205.805829,3464850,17106,2
18.01522,0.004032,2.059573,205.253032,3455390,17108,1
18.017242,0.002022,2.069324,206.208932,3471750,17109,1
18.019258,0.002016,2.066869,205.968266,3467630,17110,1
18.021274,0.002016,2.061749,205.466348,3459040,17111,1
18.023296,0.002022,2.063948,205.681918,3462730,17112,2
18.027328,0.004032,2.072954,206.564784,3477840,17114,1
18.029351,0.002023,2.064395,205.725737,3463480,17115,1
18.031367,0.002016,2.059639,205.259502,3455500,17116,1
18.033396,0.002029,2.065074,205.7923,3464620,17117,2
18.037421,0.004025,2.071649,206.436854,3475650,17119,1
18.039437,0.002016,2.070141,206.289023,3473120,17120,1
18.04146,0.002023,2.069169,206.193737,3471490,17121,1
18.043476,0.002016,2.070647,206.338627,3473970,17122,2
18.047514,0.004038,2.075994,206.862798,3482940,17124,1
18.04953,0.002016,2.06421,205.707602,3463170,17125,1
18.051546,0.002016,2.066189,205.901605,3466490,17126,1
18.053568,0.002022,2.074927,206.758199,3481150,17127,2
18.0576,0.004032,2.075547,206.818978,3482190,17129,1
18.059623,0.002023,2.070075,206.282553,3473010,17130,1
18.061639,0.002016,2.064765,205.762009,3464100,17131,1
18.063655,0.002016,2.062869,205.576142,3460920,17132,2
18.067693,0.004038,2.074939,206.759375,3481170,17134,1
18.069709,0.002016,2.062798,205.569182,3460800,17135,1
18.071732,0.002023,2.065784,205.861902,3465810,17136,1
18.073748,0.002016,2.068377,206.116096,3470160,17137,1
18.075764,0.002016,2.073771,206.644875,3479210,17138,2
18.079802,0.004038,2.065265,205.811024,3464940,17140,1
18.081818,0.002016,2.070332,206.307747,3473440,17141,1
18.08384,0.002022,2.069604,206.23638,3472220,17142,1
18.085856,0.002016,2.071029,206.376074,3474610,17143,2
18.089895,0.004039,2.064466,205.732698,3463600,17145,1
18.091911,0.002016,2.069706,206.246379,3472390,17146,1
18.093927,0.002016,2.068394,206.117763,3470190,17147,1
18.095949,0.002022,2.06117,205.409588,3458070,17148,2
18.099981,0.004032,2.057558,205.0555,3452010,17150,1
18.102004,0.002023,2.064753,205.760832,3464080,17151,1
18.10402,0.002016,2.061778,205.469191,3459090,17152,1
18.106036,0.002016,2.062637,205.553399,3460530,17153,2
18.110074,0.004038,2.069557,206.231773,3472140,17155,1
18.11209,0.002016,2.068943,206.171582,3471110,17156,1
18.114112,0.002022,2.061164,205.409,3458060,17157,1
18.116128,0.002016,2.07243,206.513416,3476960,17158,1
18.118144,0.002016,2.072734,206.543217,3477470,17159,2
18.122183,0.004039,2.073455,206.613897,3478680,17161,1
18.124199,0.002016,2.065796,205.863079,3465830,17162,1
18.126215,0.002016,2.066374,205.919741,3466800,17163,1
18.128237,0.002022,2.068478,206.125998,3470330,17164,2
18.132269,0.004032,2.070624,206.336372,3473930,17166,1
18.134292,0.002023,2.073061,206.575273,3478020,17167,1
18.136308,0.002016,2.075475,206.81192,3482070,17168,1
18.138324,0.002016,2.06995,206.270299,3472800,17169,2
18.142362,0.004038,2.062929,205.582024,3461020,17171,1
18.144378,0.002016,2.058166,205.115103,3453030,17172,1
18.1464,0.002022,2.065694,205.85308,3465660,17173,1
18.148416,0.002016,2.059758,205.271168,3455700,17174,2
18.152455,0.004039,2.068317,206.110215,3470060,17176,1
18.154471,0.002016,2.068216,206.100313,3469890,17177,1
18.156487,0.002016,2.06067,205.360572,3457230,17178,1
18.158509,0.002022,2.062064,205.497227,3459570,17179,1
18.160525,0.002016,2.058196,205.118044,3453080,17180,2
18.164564,0.004039,2.06641,205.92327,3466860,17182,1
18.16658,0.002016,2.067977,206.076884,3469490,17183,1
18.168596,0.002016,2.067876,206.066983,3469320,17184,1
18.170618,0.002022,2.067912,206.070512,3469380,17185,2
18.17465,0.004032,2.066433,205.925524,3466900,17187,1
18.176672,0.002022,2.070057,206.280788,3472980,17188,1
18.178688,0.002016,2.075744,206.83829,3482520,17189,1
18.180704,0.002016,2.078789,207.136794,3487630,17190,2
18.184743,0.004039,2.072245,206.49528,3476650,17192,1
18.186759,0.002016,2.065325,205.816906,3465040,17193,1
18.188775,0.002016,2.071947,206.466067,3476150,17194,1
18.190797,0.002022,2.076548,206.917107,3483870,17195,2
18.194829,0.004032,2.077681,207.028176,3485770,17197,1
18.196852,0.002023,2.078217,207.08072,3486670,17198,1
18.198868,0.002016,2.075648,206.828879,3482360,17199,1
18.200884,0.002016,2.075022,206.767512,3481310,17200,2
18.204922,0.004038,2.07572,206.835937,3482480,17202,1
18.206938,0.002016,2.070338,206.308335,3473450,17203,1
18.208961,0.002023,2.065086,205.793477,3464640,17204,1
18.210976,0.002015,2.059621,205.257738,3455470,17205,1
18.212992,0.002016,2.057499,205.049716,3451910,17206,2
18.217031,0.004039,2.070493,206.32353,3473710,17208,1
18.219047,0.002016,2.068865,206.163936,3470980,17209,1
18.221069,0.002022,2.071351,206.40764,3475150,17210,1
18.223085,0.002016,2.077168,206.977886,3484910,17211,2
18.227124,0.004039,2.075845,206.848191,3482690,17213,1
18.22914,0.002016,2.076513,206.913676,3483810,17214,1
18.231156,0.002016,2.072054,206.476556,3476330,17215,1
18.233172,0.002016,2.061981,205.489091,3459430,17216,2
18.23721,0.004038,2.072454,206.515768,3477000,17218,1
18.239226,0.002016,2.060145,205.309106,3456350,17219,1
18.241249,0.002023,2.061123,205.40498,3457990,17220,1
18.243264,0.002015,2.069277,206.204324,3471670,17221,2
18.247303,0.004039,2.067435,206.023751,3468580,17223,1
18.249319,0.002016,2.070117,206.28667,3473080,17224,1
18.251335,0.002016,2.069867,206.262162,3472660,17225,1
18.253357,0.002022,2.065247,205.80926,3464910,17226,1
18.255373,0.002016,2.065492,205.833277,3465320,17227,2
18.259412,0.004039,2.061075,205.400275,3457910,17229,1
18.261428,0.002016,2.072924,206.561843,3477790,17230,1
18.263444,0.002016,2.06964,206.239909,3472280,17231,1
18.265466,0.002022,2.06933,206.20952,3471760,17232,2
18.269498,0.004032,2.067345,206.014929,3468430,17234,1
18.27152,0.002022,2.073777,206.645463,3479220,17235,1
18.273536,0.002016,2.066624,205.944248,3467220,17236,1
18.275552,0.002016,2.061778,205.469191,3459090,17237,2
18.279591,0.004039,2.063257,205.614178,3461570,17239,1
18.281607,0.002016,2.066219,205.904546,3466540,17240,1
18.283629,0.002022,2.070868,206.360291,3474340,17241,1
18.285645,0.002016,2.071953,206.466655,3476160,17242,2
18.289684,0.004039,2.073747,206.642522,3479170,17244,1
18.2917,0.002016,2.075195,206.784471,3481600,17245,1
18.293716,0.002016,2.0684,206.118351,3470200,17246,1
18.295738,0.002022,2.064687,205.754362,3463970,17247,1
18.297754,0.002016,2.059662,205.261757,3455540,17248,2
18.301792,0.004038,2.064961,205.781223,3464430,17250,1
18.303808,0.002016,2.069581,206.234126,3472180,17251,1
18.305824,0.002016,2.065927,205.875921,3466050,17252,1
18.307847,0.002023,2.061391,205.431253,3458440,17253,2
18.311879,0.004032,2.064478,205.733874,3463620,17255,1
18.313901,0.002022,2.067775,206.057082,3469150,17256,1
18.315917,0.002016,2.073812,206.648894,3479280,17257,1
18.317933,0.002016,2.073616,206.62968,3478950,17258,2
18.321972,0.004039,2.073783,206.646051,3479230,17260,1
18.323988,0.002016,2.070147,206.289611,3473130,17261,1
18.32601,0.002022,2.069461,206.222362,3471980,17262,1
18.328026,0.002016,2.060747,205.368121,3457360,17263,2
18.332064,0.004038,2.061218,205.414293,3458150,17265,1
18.33408,0.002016,2.069348,206.211284,3471790,17266,1
18.336096,0.002016,2.069503,206.226479,3472050,17267,1
18.338119,0.002023,2.073127,206.581743,3478130,17268,2
18.342151,0.004032,2.069908,206.266182,3472730,17270,1
18.344173,0.002022,2.06601,205.884057,3466190,17271,1
18.346189,0.002016,2.067053,205.986304,3467940,17272,1
18.348205,0.002016,2.066714,205.953071,3467370,17273,1
18.350228,0.002023,2.064937,205.77887,3464390,17274,2
18.35426,0.004032,2.069062,206.183248,3471310,17276,1
18.356282,0.002022,2.062237,205.514187,3459860,17277,1
18.358298,0.002016,2.065063,205.791222,3464600,17278,1
18.360314,0.002016,2.071226,206.395386,3474940,17279,2
18.364352,0.004038,2.067494,206.029535,3468680,17281,1
18.366368,0.002016,2.06387,205.674271,3462600,17282,1
18.368391,0.002023,2.059251,205.221466,3454850,17283,1
18.370407,0.002016,2.057469,205.046775,3451860,17284,2
18.374445,0.004038,2.06086,205.379198,3457550,17286,1
18.376461,0.002016,2.0652,205.804652,3464830,17287,1
18.378477,0.002016,2.066368,205.919152,3466790,17288,1
18.3805,0.002023,2.064782,205.763675,3464130,17289,2
18.384532,0.004032,2.058214,205.119808,3453110,17291,1
18.386554,0.002022,2.062178,205.508403,3459760,17292,1
18.38857,0.002016,2.069741,206.249811,3472450,17293,1
18.390586,0.002016,2.072209,206.491751,3476590,17294,1
18.392609,0.002023,2.069062,206.183248,3471310,17295,2
18.39664,0.004031,2.065581,205.842002,3465470,17297,1
18.398663,0.002023,2.066457,205.927877,3466940,17298,1
18.400679,0.002016,2.071476,206.419894,3475360,17299,1
18.402695,0.002016,2.068138,206.092667,3469760,17300,2
18.406733,0.004038,2.072316,206.50224,3476770,17302,1
18.408749,0.002016,2.061749,205.466348,3459040,17303,1
18.410772,0.002023,2.066499,205.931994,3467010,17304,1
18.412788,0.002016,2.064031,205.690054,3462870,17305,2
18.416826,0.004038,2.062869,205.576142,3460920,17307,1
18.418842,0.002016,2.063954,205.682506,3462740,17308,1
18.420858,0.002016,2.067846,206.064042,3469270,17309,1
18.42288,0.002022,2.067119,205.992774,3468050,17310,2
18.426912,0.004032,2.065772,205.860726,3465790,17312,1
18.428935,0.002023,2.077484,207.008864,3485440,17313,1
18.430951,0.002016,2.079517,207.208161,3488850,17314,1
18.432967,0.002016,2.07634,206.896716,3483520,17315,1
18.434983,0.002016,2.069175,206.194325,3471500,17316,2
18.439021,0.004038,2.063364,205.624668,3461750,17318,1
18.441037,0.002016,2.068418,206.120116,3470230,17319,1
18.44306,0.002023,2.066571,205.939053,3467130,17320,1
18.445076,0.002016,2.060229,205.317341,3456490,17321,2
18.449114,0.004038,2.062774,205.566829,3460760,17323,1
18.45113,0.002016,2.061659,205.457525,3458890,17324,1
18.453146,0.002016,2.060014,205.296264,3456130,17325,1
18.455168,0.002022,2.059382,205.234308,3455070,17326,2
18.4592,0.004032,2.062625,205.552223,3460510,17328,1
18.461223,0.002023,2.070785,206.352155,3474200,17329,1
18.463239,0.002016,2.073133,206.582331,3478140,17330,1
18.465255,0.002016,2.074909,206.756434,3481120,17331,2
18.469293,0.004038,2.06629,205.911506,3466660,17333,1
18.471309,0.002016,2.07184,206.455577,3475970,17334,1
18.473332,0.002023,2.059704,205.265874,3455610,17335,1
18.475348,0.002016,2.051991,204.509762,3442670,17336,1
18.477364,0.002016,2.066886,205.969932,3467660,17337,2
18.481402,0.004038,2.069271,206.203736,3471660,17339,1
18.483418,0.002016,2.066231,205.905722,3466560,17340,1
18.485434,0.002016,2.068162,206.09502,3469800,17341,1
18.487457,0.002023,2.073187,206.587625,3478230,17342,2
18.491489,0.004032,2.068549,206.132958,3470450,17344,1
18.493511,0.002022,2.065498,205.833865,3465330,17345,1
18.495527,0.002016,2.055937,204.896592,3449290,17346,1
18.497543,0.002016,2.06629,205.911506,3466660,17347,2
18.501581,0.004038,2.075624,206.826526,3482320,17349,1
18.503597,0.002016,2.072608,206.530865,3477260,17350,1
18.50562,0.002023,2.065098,205.794653,3464660,17351,1
18.507636,0.002016,2.069122,206.189129,3471410,17352,2
18.511674,0.004038,2.072626,206.53263,3477290,17354,1
18.51369,0.002016,2.06331,205.619374,3461660,17355,1
18.515706,0.002016,2.060246,205.319007,3456520,17356,1
18.517728,0.002022,2.055913,204.894239,3449250,17357,2
18.52176,0.004032,2.068549,206.132958,3470450,17359,1
18.523783,0.002023,2.069795,206.255104,3472540,17360,1
18.525799,0.002016,2.06902,206.17913,3471240,17361,1
18.527815,0.002016,2.06517,205.801711,3464780,17362,1
18.529837,0.002022,2.054167,204.723077,3446320,17363,2
18.533869,0.004032,2.061212,205.413705,3458140,17365,1
18.535892,0.002023,2.068818,206.159328,3470900,17366,1
18.537908,0.002016,2.05676,204.977271,3450670,17367,1
18.539924,0.002016,2.058941,205.191077,3454330,17368,2
18.543962,0.004038,2.068245,206.103156,3469940,17370,1
18.545978,0.002016,2.06973,206.248732,3472430,17371,1
18.548,0.002022,2.072173,206.488222,3476530,17372,1
18.550016,0.002016,2.062911,205.58026,3460990,17373,2
18.554055,0.004039,2.0612,205.412529,3458120,17375,1
18.556071,0.002016,2.064025,205.689466,3462860,17376,1
18.558087,0.002016,2.076334,206.896128,3483510,17377,1
18.560109,0.002022,2.068925,206.169817,3471080,17378,2
18.564141,0.004032,2.063644,205.652116,3462220,17380,1
18.566164,0.002023,2.067107,205.991597,3468030,17381,1
18.56818,0.002016,2.068001,206.079237,3469530,17382,1
18.570196,0.002016,2.076387,206.901324,3483600,17383,1
18.572218,0.002022,2.0706,206.334019,3473890,17384,2
18.57625,0.004032,2.067715,206.0512,3469050,17386,1
18.578272,0.002022,2.063513,205.639274,3462000,17387,1
18.580288,0.002016,2.064753,205.760832,3464080,17388,1
18.582311,0.002023,2.069378,206.214225,3471840,17389,2
18.586343,0.004032,2.061826,205.473896,3459170,17391,1
18.588359,0.002016,2.0679,206.069336,3469360,17392,1
18.590381,0.002022,2.078342,207.092974,3486880,17393,1
18.592397,0.002016,2.069324,206.208932,3471750,17394,2
18.596436,0.004039,2.066922,205.973461,3467720,17396,1
18.598452,0.002016,2.06787,206.066395,3469310,17397,1
18.600468,0.002016,2.072793,206.549001,3477570,17398,1
18.60249,0.002022,2.062792,205.568594,3460790,17399,2
18.606528,0.004038,2.067661,206.045906,3468960,17401,1
18.608544,0.002016,2.066505,205.932583,3467020,17402,1
18.610561,0.002017,2.069151,206.191972,3471460,17403,1
18.612583,0.002022,2.059317,205.227936,3454960,17404,1
18.614599,0.002016,2.066171,205.89984,3466460,17405,2
18.618637,0.004038,2.07634,206.896716,3483520,17407,1
18.620653,0.002016,2.065921,205.875333,3466040,17408,1
18.622669,0.002016,2.066553,205.937288,3467100,17409,1
18.624692,0.002023,2.074075,206.674676,3479720,17410,2
18.628724,0.004032,2.063489,205.636921,3461960,17412,1
18.63074,0.002016,2.055323,204.836401,3448260,17413,1
18.632762,0.002022,2.058971,205.194018,3454380,17414,1
18.634778,0.002016,2.06427,205.713484,3463270,17415,2
18.638817,0.004039,2.069086,206.1856,3471350,17417,1
18.640833,0.002016,2.064097,205.696524,3462980,17418,1
18.642848,0.002015,2.065825,205.865922,3465880,17419,1
18.644871,0.002023,2.071512,206.423423,3475420,17420,2
18.648903,0.004032,2.05577,204.880221,3449010,17422,1
18.650925,0.002022,2.057666,205.066087,3452190,17423,1
18.652941,0.002016,2.071816,206.453225,3475930,17424,1
18.654957,0.002016,2.06666,205.947777,3467280,17425,2
18.658996,0.004039,2.063549,205.642803,3462060,17427,1
18.661012,0.002016,2.059215,205.217937,3454790,17428,1
18.663034,0.002022,2.057952,205.094124,3452670,17429,1
18.66505,0.002016,2.073336,206.602232,3478480,17430,1
18.667066,0.002016,2.067757,206.055317,3469120,17431,2
18.671104,0.004038,2.057821,205.081282,3452450,17433,1
18.673127,0.002023,2.058202,205.118632,3453090,17434,1
18.675143,0.002016,2.059597,205.255385,3455430,17435,1
18.677159,0.002016,2.060068,205.301558,3456220,17436,2
18.681197,0.004038,2.062434,205.533499,3460190,17438,1
18.683213,0.002016,2.057821,205.081282,3452450,17439,1
18.685236,0.002023,2.066785,205.960031,3467490,17440,1
18.687252,0.002016,2.068043,206.083354,3469600,17441,2
18.691284,0.004032,2.070081,206.283141,3473020,17443,1
18.693306,0.002022,2.05847,205.144904,3453540,17444,1
18.695322,0.002016,2.053058,204.614361,3444460,17445,1
18.697345,0.002023,2.057785,205.077753,3452390,17446,2
18.701376,0.004031,2.062827,205.572025,3460850,17448,1
18.703399,0.002023,2.073437,206.612133,3478650,17449,1
18.705415,0.002016,2.072561,206.526258,3477180,17450,1
18.707431,0.002016,2.058452,205.14314,3453510,17451,1
18.709447,0.002016,2.051115,204.423887,3441200,17452,2
18.713485,0.004038,2.056789,204.980114,3450720,17454,1
18.715508,0.002023,2.061474,205.439389,3458580,17455,1
18.717524,0.002016,2.06421,205.707602,3463170,17456,1
18.71954,0.002016,2.067041,205.985127,3467920,17457,2
18.723578,0.004038,2.059817,205.276952,3455800,17459,1
18.725594,0.002016,2.070212,206.295983,3473240,17460,1
18.72761,0.002016,2.07268,206.537923,3477380,17461,1
18.729633,0.002023,2.07004,206.279122,3472950,17462,2
18.733665,0.004032,2.066189,205.901605,3466490,17464,1
18.735687,0.002022,2.068788,206.156387,3470850,17465,1
18.737703,0.002016,2.070081,206.283141,3473020,17466,1
18.739719,0.002016,2.063066,205.595454,3461250,17467,2
18.743757,0.004038,2.064413,205.727502,3463510,17469,1
18.745773,0.002016,2.068323,206.110803,3470070,17470,1
18.747796,0.002023,2.06719,205.999734,3468170,17471,1
18.749812,0.002016,2.074087,206.675853,3479740,17472,1
18.751828,0.002016,2.073133,206.582331,3478140,17473,2
18.755866,0.004038,2.060664,205.359984,3457220,17475,1
18.757882,0.002016,2.070093,206.284317,3473040,17476,1
18.759904,0.002022,2.082032,207.454708,3493070,17477,1
18.76192,0.002016,2.05403,204.709647,3446090,17478,2
18.765959,0.004039,2.057916,205.090595,3452610,17480,1
18.767975,0.002016,2.071476,206.419894,3475360,17481,1
18.769991,0.002016,2.061647,205.456348,3458870,17482,1
18.772013,0.002022,2.056503,204.952078,3450240,17483,2
18.776045,0.004032,2.065629,205.846708,3465550,17485,1
18.778068,0.002023,2.068102,206.089138,3469700,17486,1
18.780084,0.002016,2.061826,205.473896,3459170,17487,1
18.7821,0.002016,2.061856,205.476837,3459220,17488,2
18.786138,0.004038,2.067941,206.073355,3469430,17490,1
18.788154,0.002016,2.060616,205.355279,3457140,17491,1
18.79017,0.002016,2.051592,204.470648,3442000,17492,1
18.792192,0.002022,2.054858,204.790817,3447480,17493,1
18.794208,0.002016,2.064854,205.770734,3464250,17494,2
18.798247,0.004039,2.075726,206.836526,3482490,17496,1
18.800263,0.002016,2.061737,205.465171,3459020,17497,1
18.802279,0.002016,2.056611,204.962665,3450420,17498,1
18.804301,0.002022,2.064532,205.739168,3463710,17499,2
18.808333,0.004032,2.066988,205.979932,3467830,17501,1
18.810356,0.002023,2.066344,205.9168,3466750,17502,1
18.812372,0.002016,2.065021,205.787105,3464530,17503,1
18.814388,0.002016,2.056295,204.931687,3449890,17504,2
18.818426,0.004038,2.055639,204.867379,3448790,17506,1
18.820442,0.002016,2.058321,205.130298,3453290,17507,1
18.822464,0.002022,2.063668,205.654469,3462260,17508,1
18.82448,0.002016,2.067441,206.02434,3468590,17509,2
18.828519,0.004039,2.071911,206.462538,3476090,17511,1
18.830535,0.002016,2.063048,205.59369,3461220,17512,1
18.832551,0.002016,2.05884,205.181176,3454160,17513,1
18.834573,0.002022,2.064639,205.749657,3463890,17514,2
18.838605,0.004032,2.077365,206.997198,3485240,17516,1
18.840628,0.002023,2.077872,207.0469,3486090,17517,1
18.842644,0.002016,2.067989,206.07806,3469510,17518,1
18.84466,0.002016,2.073622,206.630268,3478960,17519,1
18.846676,0.002016,2.065402,205.824455,3465170,17520,2
18.850714,0.004038,2.061158,205.408411,3458050,17522,1
18.85273,0.002016,2.058917,205.188724,3454290,17523,1
18.854752,0.002022,2.065146,205.799359,3464740,17524,1
18.856768,0.002016,2.069241,206.200795,3471610,17525,2
18.860807,0.004039,2.069223,206.199031,3471580,17527,1
18.862823,0.002016,2.068716,206.149329,3470730,17528,1
18.864839,0.002016,2.07386,206.6536,3479360,17529,1
18.866861,0.002022,2.068442,206.122468,3470270,17530,2
18.870893,0.004032,2.078307,207.089543,3486820,17532,1
18.872916,0.002023,2.070779,206.351567,3474190,17533,1
18.874932,0.002016,2.064186,205.705249,3463130,17534,1
18.876948,0.002016,2.065021,205.787105,3464530,17535,2
18.880986,0.004038,2.05977,205.272344,3455720,17537,1
18.883002,0.002016,2.068204,206.099137,3469870,17538,1
18.885024,0.002022,2.067572,206.037182,3468810,17539,1
18.887041,0.002017,2.057207,205.021091,3451420,17540,1
18.889057,0.002016,2.063125,205.601238,3461350,17541,2
18.893095,0.004038,2.067685,206.048259,3469000,17543,1
18.895111,0.002016,2.058035,205.102261,3452810,17544,1
18.897133,0.002022,2.059245,205.220878,3454840,17545,1
18.899149,0.002016,2.059388,205.234897,3455080,17546,2
18.903188,0.004039,2.06089,205.382139,3457600,17548,1
18.905204,0.002016,2.067375,206.017869,3468480,17549,1
18.90722,0.002016,2.068079,206.086883,3469660,17550,1
18.909242,0.002022,2.071917,206.463126,3476100,17551,2
18.913274,0.004032,2.06219,205.509579,3459780,17553,1
18.915296,0.002022,2.064723,205.757892,3464030,17554,1
18.917312,0.002016,2.068257,206.104333,3469960,17555,1
18.919328,0.002016,2.079171,207.174242,3488270,17556,2
18.923367,0.004039,2.064192,205.705837,3463140,17558,1
18.925383,0.002016,2.071893,206.460773,3476060,17559,1
18.927405,0.002022,2.069902,206.265594,3472720,17560,1
18.929421,0.002016,2.068692,206.146976,3470690,17561,1
18.931437,0.002016,2.072603,206.530375,3477250,17562,2
18.935476,0.004039,2.070653,206.339215,3473980,17564,1
18.937492,0.002016,2.065027,205.787693,3464540,17565,1
18.939508,0.002016,2.069849,206.260398,3472630,17566,1
18.94153,0.002022,2.063775,205.664958,3462440,17567,2
18.945562,0.004032,2.063578,205.645646,3462110,17569,1
18.947584,0.002022,2.068561,206.134134,3470470,17570,1
18.9496,0.002016,2.069068,206.183836,3471320,17571,1
18.951623,0.002023,2.059263,205.222643,3454870,17572,2
18.955655,0.004032,2.062923,205.581436,3461010,17574,1
18.957671,0.002016,2.056408,204.942765,3450080,17575,1
18.959693,0.002022,2.06092,205.38508,3457650,17576,1
18.961709,0.002016,2.066189,205.901605,3466490,17577,2
18.965748,0.004039,2.060753,205.368709,3457370,17579,1
18.967764,0.002016,2.065676,205.851315,3465630,17580,1
18.96978,0.002016,2.067274,206.007968,3468310,17581,1
18.971802,0.002022,2.060336,205.32783,3456670,17582,2
18.975834,0.004032,2.071548,206.426952,3475480,17584,1
18.977856,0.002022,2.070284,206.303041,3473360,17585,1
18.979872,0.002016,2.069473,206.223538,3472000,17586,1
18.981888,0.002016,2.062327,205.523009,3460010,17587,1
18.983911,0.002023,2.066505,205.932583,3467020,17588,2
18.987943,0.004032,2.070045,206.279612,3472960,17590,1
18.989965,0.002022,2.069271,206.203736,3471660,17591,1
18.991981,0.002016,2.064711,205.756715,3464010,17592,1
18.993997,0.002016,2.073401,206.608604,3478590,17593,2
18.998036,0.004039,2.068931,206.170406,3471090,17595,1
19.000052,0.002016,2.068317,206.110215,3470060,17596,1
19.002068,0.002016,2.074009,206.668206,3479610,17597,1
19.00409,0.002022,2.062982,205.58722,3461110,17598,2
19.008128,0.004038,2.056861,204.987173,3450840,17600,1
19.010145,0.002017,2.062511,205.541047,3460320,17601,1
19.012161,0.002016,2.069753,206.250987,3472470,17602,1
19.014183,0.002022,2.070254,206.3001,3473310,17603,2
19.018215,0.004032,2.066118,205.894645,3466370,17605,1
19.020231,0.002016,2.056485,204.950313,3450210,17606,1
19.022253,0.002022,2.062607,205.550458,3460480,17607,1
19.024269,0.002016,2.070385,206.312942,3473530,17608,1
19.026285,0.002016,2.060908,205.383904,3457630,17609,2
19.030324,0.004039,2.066439,205.926113,3466910,17611,1
19.03234,0.002016,2.057362,205.036286,3451680,17612,1
19.034362,0.002022,2.06939,206.215402,3471860,17613,1
19.036378,0.002016,2.068776,206.155211,3470830,17614,2
19.040416,0.004038,2.064443,205.730443,3463560,17616,1
19.042432,0.002016,2.061653,205.456937,3458880,17617,1
19.044448,0.002016,2.064592,205.745049,3463810,17618,1
19.046471,0.002023,2.061045,205.397334,3457860,17619,2
19.050503,0.004032,2.05732,205.032169,3451610,17621,1
19.052525,0.002022,2.068061,206.085119,3469630,17622,1
19.054541,0.002016,2.077591,207.019353,3485620,17623,1
19.056557,0.002016,2.063781,205.665546,3462450,17624,2
19.060596,0.004039,2.071017,206.374898,3474590,17626,1
19.062612,0.002016,2.064097,205.696524,3462980,17627,1
19.064628,0.002016,2.068418,206.120116,3470230,17628,1
19.06665,0.002022,2.063709,205.658488,3462330,17629,1
19.068666,0.002016,2.055144,204.818854,3447960,17630,2
19.072704,0.004038,2.061671,205.458701,3458910,17632,1
19.07472,0.002016,2.070856,206.359115,3474320,17633,1
19.076743,0.002023,2.063763,205.663782,3462420,17634,1
19.078759,0.002016,2.06238,205.528205,3460100,17635,2
19.082791,0.004032,2.068442,206.122468,3470270,17637,1
19.084813,0.002022,2.07209,206.480085,3476390,17638,1
19.086829,0.002016,2.060127,205.307342,3456320,17639,1
19.088845,0.002016,2.064139,205.700641,3463050,17640,2
19.092884,0.004039,2.064663,205.75201,3463930,17642,1
19.0949,0.002016,2.065903,205.873568,3466010,17643,1
19.096922,0.002022,2.062517,205.541635,3460330,17644,1
19.098938,0.002016,2.064127,205.699465,3463030,17645,2
19.102976,0.004038,2.057099,205.010504,3451240,17647,1
19.104992,0.002016,2.063936,205.680741,3462710,17648,1
19.107008,0.002016,2.07203,206.474203,3476290,17649,1
19.109031,0.002023,2.069193,206.19609,3471530,17650,2
19.113063,0.004032,2.059704,205.265874,3455610,17652,1
19.115085,0.002022,2.068436,206.12188,3470260,17653,1
19.117101,0.002016,2.06756,206.036005,3468790,17654,1
19.119117,0.002016,2.068466,206.124821,3470310,17655,1
19.12114,0.002023,2.065313,205.81573,3465020,17656,2
19.125172,0.004032,2.066684,205.95013,3467320,17658,1
19.127194,0.002022,2.066696,205.951306,3467340,17659,1
19.12921,0.002016,2.059531,205.248915,3455320,17660,1
19.131226,0.002016,2.059686,205.26411,3455580,17661,2
19.135264,0.004038,2.067262,206.006792,3468290,17663,1
19.13728,0.002016,2.06688,205.969344,3467650,17664,1
19.139297,0.002017,2.060336,205.32783,3456670,17665,1
19.141319,0.002022,2.067852,206.06463,3469280,17666,2
19.145351,0.004032,2.067304,206.010909,3468360,17668,1
19.147373,0.002022,2.071971,206.468419,3476190,17669,1
19.149389,0.002016,2.071524,206.4246,3475440,17670,1
19.151405,0.002016,2.063107,205.599474,3461320,17671,2
19.155444,0.004039,2.065992,205.882293,3466160,17673,1
19.15746,0.002016,2.060539,205.34773,3457010,17674,1
19.159482,0.002022,2.06663,205.944836,3467230,17675,1
19.161498,0.002016,2.060407,205.33479,3456790,17676,1
19.163514,0.002016,2.057505,205.050304,3451920,17677,2
19.167552,0.004038,2.065307,205.815142,3465010,17679,1
19.169568,0.002016,2.0711,206.383035,3474730,17680,1
19.171591,0.002023,2.063274,205.615845,3461600,17681,1
19.173607,0.002016,2.066112,205.894056,3466360,17682,2
19.177645,0.004038,2.067196,206.000322,3468180,17684,1
19.179661,0.002016,2.07414,206.681049,3479830,17685,1
19.181677,0.002016,2.06545,205.82916,3465250,17686,1
19.1837,0.002023,2.066004,205.883469,3466180,17687,2
19.187732,0.004032,2.067363,206.016693,3468460,17689,1
19.189748,0.002016,2.060318,205.326065,3456640,17690,1
19.19177,0.002022,2.066302,205.912682,3466680,17691,1
19.193786,0.002016,2.070075,206.282553,3473010,17692,2
19.197824,0.004038,2.058691,205.166569,3453910,17694,1
19.19984,0.002016,2.0603,205.324301,3456610,17695,1
19.201856,0.002016,2.059543,205.250091,3455340,17696,1
19.203879,0.002023,2.064306,205.717013,3463330,17697,1
19.205895,0.002016,2.070928,206.366173,3474440,17698,2
19.209933,0.004038,2.061331,205.425371,3458340,17700,1
19.211949,0.002016,2.065992,205.882293,3466160,17701,1
19.213965,0.002016,2.062249,205.515363,3459880,17702,1
19.215988,0.002023,2.051127,204.425063,3441220,17703,2
19.22002,0.004032,2.053404,204.64828,3445040,17705,1
19.222042,0.002022,2.055085,204.81307,3447860,17706,1
19.224058,0.002016,2.068877,206.165112,3471000,17707,1
19.226074,0.002016,2.061152,205.407823,3458040,17708,2
19.230112,0.004038,2.049631,204.278409,3438710,17710,1
19.232128,0.002016,2.059084,205.205095,3454570,17711,1
19.234151,0.002023,2.06511,205.795829,3464680,17712,1
19.236167,0.002016,2.058744,205.171765,3454000,17713,2
19.240205,0.004038,2.071905,206.461949,3476080,17715,1
19.242221,0.002016,2.069461,206.222362,3471980,17716,1
19.244237,0.002016,2.062839,205.573201,3460870,17717,1
19.24626,0.002023,2.061611,205.452819,3458810,17718,2
19.250292,0.004032,2.067423,206.022575,3468560,17720,1
19.252314,0.002022,2.064383,205.724561,3463460,17721,1
19.25433,0.002016,2.068508,206.128938,3470380,17722,1
19.256346,0.002016,2.076429,206.905441,3483670,17723,1
19.258368,0.002022,2.067274,206.007968,3468310,17724,2
19.262401,0.004033,2.057469,205.046775,3451860,17726,1
19.264423,0.002022,2.051133,204.425652,3441230,17727,1
19.266439,0.002016,2.065808,205.864255,3465850,17728,1
19.268455,0.002016,2.070075,206.282553,3473010,17729,2
19.272493,0.004038,2.060962,205.389197,3457720,17731,1
19.274509,0.002016,2.06514,205.79877,3464730,17732,1
19.276532,0.002023,2.060354,205.329595,3456700,17733,1
19.278548,0.002016,2.056229,204.925217,3449780,17734,2
19.282586,0.004038,2.063882,205.675448,3462620,17736,1
19.284602,0.002016,2.061158,205.408411,3458050,17737,1
19.286618,0.002016,2.052146,204.524957,3442930,17738,1
19.28864,0.002022,2.058375,205.135591,3453380,17739,2
19.292672,0.004032,2.068055,206.08453,3469620,17741,1
19.294695,0.002023,2.067232,206.003851,3468240,17742,1
19.296711,0.002016,2.074659,206.731927,3480700,17743,1
19.298727,0.002016,2.065051,205.790046,3464580,17744,1
19.300749,0.002022,2.059966,205.291559,3456050,17745,2
19.304781,0.004032,2.070421,206.316472,3473590,17747,1
19.306804,0.002023,2.07386,206.6536,3479360,17748,1
19.30882,0.002016,2.067274,206.007968,3468310,17749,1
19.310836,0.002016,2.053273,204.635438,3444820,17750,2
19.314874,0.004038,2.059668,205.262345,3455550,17752,1
19.31689,0.002016,2.061391,205.431253,3458440,17753,1
19.318912,0.002022,2.071327,206.405288,3475110,17754,1
19.320928,0.002016,2.071071,206.380192,3474680,17755,2
19.324967,0.004039,2.071893,206.460773,3476060,17757,1
19.326983,0.002016,2.057362,205.036286,3451680,17758,1
19.328999,0.002016,2.053565,204.664063,3445310,17759,1
19.331021,0.002022,2.064717,205.757303,3464020,17760,2
19.335053,0.004032,2.073038,206.573018,3477980,17762,1
19.337076,0.002023,2.064586,205.744461,3463800,17763,1
19.339092,0.002016,2.066171,205.89984,3466460,17764,1
19.341108,0.002016,2.071434,206.415777,3475290,17765,1
19.34313,0.002022,2.074015,206.668795,3479620,17766,2
19.347162,0.004032,2.064902,205.775439,3464330,17768,1
19.349184,0.002022,2.061433,205.43537,3458510,17769,1
19.3512,0.002016,2.053773,204.684453,3445660,17770,1
19.353216,0.002016,2.065814,205.864843,3465860,17771,2
19.357255,0.004039,2.063638,205.651528,3462210,17773,1
19.359271,0.002016,2.0648,205.76544,3464160,17774,1
19.361293,0.002022,2.066439,205.926113,3466910,17775,1
19.363309,0.002016,2.061898,205.480954,3459290,17776,2
19.367348,0.004039,2.06216,205.506638,3459730,17778,1
19.369364,0.002016,2.061397,205.431841,3458450,17779,1
19.37138,0.002016,2.058619,205.159511,3453790,17780,1
19.373396,0.002016,2.064586,205.744461,3463800,17781,2
19.377434,0.004038,2.059633,205.258914,3455490,17783,1
19.37945,0.002016,2.054346,204.740625,3446620,17784,1
19.381472,0.002022,2.06145,205.437036,3458540,17785,1
19.383488,0.002016,2.068883,206.1657,3471010,17786,1
19.385504,0.002016,2.067506,206.030712,3468700,17787,2
19.389543,0.004039,2.060241,205.318517,3456510,17789,1
19.391559,0.002016,2.054328,204.73886,3446590,17790,1
19.393581,0.002022,2.068162,206.09502,3469800,17791,1
19.395597,0.002016,2.06182,205.473308,3459160,17792,2
19.399636,0.004039,2.067184,205.999146,3468160,17794,1
19.401652,0.002016,2.069449,206.221186,3471960,17795,1
19.403668,0.002016,2.063274,205.615845,3461600,17796,1
19.40569,0.002022,2.05341,204.648868,3445050,17797,2
19.409722,0.004032,2.064794,205.764852,3464150,17799,1
19.411744,0.002022,2.065104,205.795241,3464670,17800,1
19.41376,0.002016,2.067888,206.068159,3469340,17801,1
19.415777,0.002017,2.066725,205.954149,3467390,17802,2
19.419815,0.004038,2.069986,206.273828,3472860,17804,1
19.421831,0.002016,2.061129,205.405568,3458000,17805,1
19.423847,0.002016,2.06545,205.82916,3465250,17806,1
19.425869,0.002022,2.07119,206.391857,3474880,17807,2
19.429901,0.004032,2.070701,206.34392,3474060,17809,1
19.431924,0.002023,2.070695,206.343332,3474050,17810,1
19.43394,0.002016,2.068824,206.159916,3470910,17811,1
19.435956,0.002016,2.064818,205.767204,3464190,17812,1
19.437978,0.002022,2.065039,205.788869,3464560,17813,2
19.44201,0.004032,2.058595,205.157158,3453750,17815,1
19.444032,0.002022,2.063698,205.65741,3462310,17816,1
19.446048,0.002016,2.057052,205.005896,3451160,17817,1
19.448064,0.002016,2.066231,205.905722,3466560,17818,2
19.452103,0.004039,2.06753,206.033064,3468740,17820,1
19.454119,0.002016,2.061301,205.42243,3458290,17821,1
19.456135,0.002016,2.066809,205.962384,3467530,17822,1
19.458157,0.002022,2.062887,205.577907,3460950,17823,2
19.462189,0.004032,2.054715,204.776798,3447240,17825,1
19.464212,0.002023,2.063918,205.678977,3462680,17826,1
19.466228,0.002016,2.064401,205.726326,3463490,17827,1
19.468244,0.002016,2.070063,206.281377,3472990,17828,2
19.472282,0.004038,2.054811,204.786209,3447400,17830,1
19.474298,0.002016,2.048182,204.136362,3436280,17831,1
19.47632,0.002022,2.063394,205.627608,3461800,17832,1
19.478336,0.002016,2.06334,205.622315,3461710,17833,1
19.480353,0.002017,2.059382,205.234308,3455070,17834,2
19.484391,0.004038,2.066952,205.976402,3467770,17836,1
19.486407,0.002016,2.059394,205.235485,3455090,17837,1
19.488429,0.002022,2.066046,205.887586,3466250,17838,1
19.490445,0.002016,2.061719,205.463407,3458990,17839,2
19.494484,0.004039,2.061981,205.489091,3459430,17841,1
19.4965,0.002016,2.054816,204.786699,3447410,17842,1
19.498516,0.002016,2.063578,205.645646,3462110,17843,1
19.500532,0.002016,2.055103,204.814834,3447890,17844,2
19.50457,0.004038,2.059472,205.243131,3455220,17846,1
19.506592,0.002022,2.057338,205.033933,3451640,17847,1
19.508609,0.002017,2.062422,205.532322,3460170,17848,1
19.510624,0.002015,2.061111,205.403804,3457970,17849,2
19.514663,0.004039,2.056217,204.924041,3449760,17851,1
19.516679,0.002016,2.06148,205.439977,3458590,17852,1
19.518695,0.002016,2.072072,206.478321,3476360,17853,1
19.520717,0.002022,2.062798,205.569182,3460800,17854,1
19.522733,0.002016,2.066845,205.965913,3467590,17855,2
19.526772,0.004039,2.06905,206.182071,3471290,17857,1
19.528788,0.002016,2.074921,206.757611,3481140,17858,1
19.530804,0.002016,2.064699,205.755539,3463990,17859,1
19.532826,0.002022,2.061242,205.416646,3458190,17860,2
19.536858,0.004032,2.061814,205.47272,3459150,17862,1
19.53888,0.002022,2.064997,205.784752,3464490,17863,1
19.540896,0.002016,2.050322,204.346149,3439870,17864,1
19.542912,0.002016,2.050972,204.409869,3440960,17865,2
19.546951,0.004039,2.053541,204.66171,3445270,17867,1
19.548967,0.002016,2.061939,205.484973,3459360,17868,1
19.550989,0.002022,2.059138,205.210389,3454660,17869,1
19.553005,0.002016,2.056712,204.972566,3450590,17870,2
19.557044,0.004039,2.047026,204.023039,3434340,17872,1
19.55906,0.002016,2.061778,205.469191,3459090,17873,1
19.561076,0.002016,2.054805,204.785621,3447390,17874,1
19.563098,0.002022,2.062488,205.538792,3460280,17875,2
19.56713,0.004032,2.056974,204.99825,3451030,17877,1
19.569152,0.002022,2.068359,206.114332,3470130,17878,1
19.571168,0.002016,2.072656,206.535571,3477340,17879,1
19.573184,0.002016,2.064019,205.688878,3462850,17880,1
19.575207,0.002023,2.058727,205.170098,3453970,17881,2
19.579239,0.004032,2.063096,205.598395,3461300,17883,1
19.581261,0.002022,2.057683,205.067754,3452220,17884,1
19.583277,0.002016,2.066875,205.968854,3467640,17885,1
19.585293,0.002016,2.066725,205.954149,3467390,17886,2
19.589332,0.004039,2.064943,205.779458,3464400,17888,1
19.591348,0.002016,2.063894,205.676624,3462640,17889,1
19.59337,0.002022,2.063197,205.608296,3461470,17890,1
19.595386,0.002016,2.057689,205.068342,3452230,17891,2
19.599424,0.004038,2.066851,205.966501,3467600,17893,1
19.60144,0.002016,2.065277,205.812201,3464960,17894,1
19.603456,0.002016,2.068073,206.086295,3469650,17895,1
19.605479,0.002023,2.056426,204.944529,3450110,17896,2
19.609511,0.004032,2.057242,205.024522,3451480,17898,1
19.611533,0.002022,2.066618,205.94366,3467210,17899,1
19.613549,0.002016,2.069038,206.180895,3471270,17900,1
19.615565,0.002016,2.06905,206.182071,3471290,17901,1
19.617588,0.002023,2.063245,205.613002,3461550,17902,2
19.62162,0.004032,2.060258,205.320184,3456540,17904,1
19.623642,0.002022,2.064717,205.757303,3464020,17905,1
19.625658,0.002016,2.059811,205.276364,3455790,17906,1
19.627674,0.002016,2.069956,206.270887,3472810,17907,2
19.631713,0.004039,2.067947,206.073943,3469440,17909,1
19.633728,0.002015,2.066255,205.908075,3466600,17910,1
19.635751,0.002023,2.055943,204.89718,3449300,17911,1
19.637767,0.002016,2.057225,205.022856,3451450,17912,2
19.641805,0.004038,2.049571,204.272527,3438610,17914,1
19.643821,0.002016,2.058142,205.11275,3452990,17915,1
19.645844,0.002023,2.056873,204.988349,3450860,17916,1
19.64786,0.002016,2.056587,204.960312,3450380,17917,2
19.651898,0.004038,2.059144,205.210977,3454670,17919,1
19.653914,0.002016,2.059919,205.286951,3455970,17920,1
19.65593,0.002016,2.066612,205.943072,3467200,17921,1
19.657952,0.002022,2.066559,205.937876,3467110,17922,1
19.659968,0.002016,2.056438,204.945706,3450130,17923,2
19.664007,0.004039,2.061749,205.466348,3459040,17925,1
19.666023,0.002016,2.061212,205.413705,3458140,17926,1
19.668039,0.002016,2.06691,205.972285,3467700,17927,1
19.670061,0.002022,2.070522,206.326373,3473760,17928,2
19.674093,0.004032,2.066451,205.927289,3466930,17930,1
19.676116,0.002023,2.062899,205.579083,3460970,17931,1
19.678132,0.002016,2.061045,205.397334,3457860,17932,1
19.680148,0.002016,2.064222,205.708778,3463190,17933,2
19.684186,0.004038,2.066445,205.926701,3466920,17935,1
19.686208,0.002022,2.059227,205.219114,3454810,17936,1
19.688224,0.002016,2.058774,205.174706,3454050,17937,1
19.69024,0.002016,2.063668,205.654469,3462260,17938,2
19.694279,0.004039,2.055007,204.805423,3447730,17940,1
19.696295,0.002016,2.055424,204.846302,3448430,17941,1
19.698317,0.002022,2.05676,204.977271,3450670,17942,1
19.700333,0.002016,2.065343,205.818671,3465070,17943,1
19.702349,0.002016,2.062452,205.535263,3460220,17944,2
19.706388,0.004039,2.061164,205.409,3458060,17946,1
19.708404,0.002016,2.056074,204.910022,3449520,17947,1
19.710426,0.002022,2.055055,204.810129,3447810,17948,1
19.712442,0.002016,2.05521,204.825324,3448070,17949,2
19.71648,0.004038,2.060145,205.309106,3456350,17951,1
19.718496,0.002016,2.063304,205.618786,3461650,17952,1
19.720519,0.002023,2.045792,203.902069,3432270,17953,1
19.722535,0.002016,2.055198,204.824147,3448050,17954,2
19.726567,0.004032,2.057117,205.012268,3451270,17956,1
19.728589,0.002022,2.050936,204.40634,3440900,17957,1
19.730605,0.002016,2.055091,204.813658,3447870,17958,1
19.732628,0.002023,2.064598,205.745638,3463820,17959,2
19.73666,0.004032,2.058172,205.115691,3453040,17961,1
19.738676,0.002016,2.059847,205.279893,3455850,17962,1
19.740698,0.002022,2.058721,205.16951,3453960,17963,1
19.742714,0.002016,2.059364,205.232544,3455040,17964,2
19.746752,0.004038,2.058887,205.185783,3454240,17966,1
19.748768,0.002016,2.068913,206.168641,3471060,17967,1
19.750791,0.002023,2.066284,205.910918,3466650,17968,1
19.752807,0.002016,2.07004,206.279122,3472950,17969,1
19.754823,0.002016,2.063954,205.682506,3462740,17970,2
19.758861,0.004038,2.063668,205.654469,3462260,17972,1
19.760877,0.002016,2.058643,205.161864,3453830,17973,1
19.7629,0.002023,2.058232,205.121573,3453140,17974,1
19.764916,0.002016,2.057177,205.01815,3451370,17975,2
19.768954,0.004038,2.062446,205.534675,3460210,17977,1
19.77097,0.002016,2.059287,205.224996,3454910,17978,1
19.772986,0.002016,2.062994,205.588396,3461130,17979,1
19.775008,0.002022,2.067983,206.077472,3469500,17980,2
19.77904,0.004032,2.053738,204.681022,3445600,17982,1
19.781063,0.002023,2.055466,204.850419,3448500,17983,1
19.783079,0.002016,2.062392,205.529381,3460120,17984,1
19.785095,0.002016,2.058446,205.142552,3453500,17985,2
19.789133,0.004038,2.05698,204.998838,3451040,17987,1
19.791149,0.002016,2.047145,204.034704,3434540,17988,1
19.793172,0.002023,2.059197,205.216173,3454760,17989,1
19.795188,0.002016,2.057463,205.046187,3451850,17990,1
19.797204,0.002016,2.062577,205.547517,3460430,17991,2
19.801242,0.004038,2.06399,205.686035,3462800,17993,1
19.803264,0.002022,2.075017,206.767022,3481300,17994,1
19.80528,0.002016,2.066934,205.974638,3467740,17995,1
19.807296,0.002016,2.05912,205.208624,3454630,17996,2
19.811335,0.004039,2.060521,205.345966,3456980,17998,1
19.813351,0.002016,2.058727,205.170098,3453970,17999,1
19.815373,0.002022,2.054477,204.753467,3446840,18000,1
19.817389,0.002016,2.055454,204.849243,3448480,18001,2
19.821428,0.004039,2.065092,205.794065,3464650,18003,1
19.823444,0.002016,2.064669,205.752598,3463940,18004,1
19.82546,0.002016,2.062154,205.50605,3459720,18005,1
19.827482,0.002022,2.062064,205.497227,3459570,18006,2
19.831514,0.004032,2.058882,205.185293,3454230,18008,1
19.833536,0.002022,2.055782,204.881397,3449030,18009,1
19.835552,0.002016,2.055848,204.887867,3449140,18010,1
19.837575,0.002023,2.063704,205.657998,3462320,18011,1
19.839591,0.002016,2.064967,205.781811,3464440,18012,2
19.843629,0.004038,2.063233,205.611825,3461530,18014,1
19.845645,0.002016,2.054971,204.801894,3447670,18015,1
19.847661,0.002016,2.056617,204.963253,3450430,18016,1
19.849684,0.002023,2.050263,204.340365,3439770,18017,2
19.853716,0.004032,2.053136,204.622007,3444590,18019,1
19.855738,0.002022,2.059317,205.227936,3454960,18020,1
19.857754,0.002016,2.05918,205.214506,3454730,18021,1
19.859776,0.002022,2.069998,206.275005,3472880,18022,2
19.863808,0.004032,2.062714,205.560947,3460660,18024,1
19.865831,0.002023,2.068508,206.128938,3470380,18025,1
19.867847,0.002016,2.07004,206.279122,3472950,18026,1
19.869863,0.002016,2.059877,205.282834,3455900,18027,2
19.873901,0.004038,2.05856,205.153727,3453690,18029,1
19.875917,0.002016,2.055645,204.867967,3448800,18030,1
19.87794,0.002023,2.055281,204.832284,3448190,18031,1
19.879956,0.002016,2.051502,204.461825,3441850,18032,1
19.881972,0.002016,2.061695,205.461054,3458950,18033,2
19.88601,0.004038,2.063024,205.591337,3461180,18035,1
19.888032,0.002022,2.062249,205.515363,3459880,18036,1
19.890048,0.002016,2.054185,204.724842,3446350,18037,1
19.892064,0.002016,2.05012,204.326346,3439530,18038,2
19.896103,0.004039,2.045482,203.871679,3431750,18040,1
19.898119,0.002016,2.05583,204.886103,3449110,18041,1
19.900141,0.002022,2.055842,204.887279,3449130,18042,1
19.902157,0.002016,2.06002,205.296852,3456140,18043,2
19.906196,0.004039,2.054679,204.773269,3447180,18045,1
19.908212,0.002016,2.061939,205.484973,3459360,18046,1
19.910228,0.002016,2.062511,205.541047,3460320,18047,1
19.91225,0.002022,2.057403,205.040305,3451750,18048,2
19.916289,0.004039,2.061677,205.459289,3458920,18050,1
19.918304,0.002015,2.066553,205.937288,3467100,18051,1
19.920321,0.002017,2.066493,205.931406,3467000,18052,1
19.922337,0.002016,2.05853,205.150786,3453640,18053,2
19.926375,0.004038,2.051646,204.475941,3442090,18055,1
19.928397,0.002022,2.06086,205.379198,3457550,18056,1
19.930413,0.002016,2.065533,205.837297,3465390,18057,1
19.932429,0.002016,2.065504,205.834454,3465340,18058,1
19.934452,0.002023,2.057946,205.093536,3452660,18059,2
19.938484,0.004032,2.057183,205.018739,3451380,18061,1
19.940506,0.002022,2.054703,204.775622,3447220,18062,1
19.942522,0.002016,2.052486,204.558287,3443500,18063,1
19.944538,0.002016,2.068567,206.134722,3470480,18064,2
19.948577,0.004039,2.063757,205.663194,3462410,18066,1
19.950593,0.002016,2.058917,205.188724,3454290,18067,1
19.952615,0.002022,2.057952,205.094124,3452670,18068,1
19.954631,0.002016,2.055264,204.830617,3448160,18069,3
19.960685,0.006054,2.053946,204.701413,3445950,18072,1
19.962708,0.002023,2.059519,205.247739,3455300,18073,1
19.964724,0.002016,2.051723,204.48349,3442220,18074,2
19.968762,0.004038,2.060157,205.310282,3456370,18076,1
19.970778,0.002016,2.063358,205.624079,3461740,18077,1
19.972794,0.002016,2.054131,204.719548,3446260,18078,1
19.974816,0.002022,2.06117,205.409588,3458070,18079,1
19.976832,0.002016,2.059209,205.217349,3454780,18080,2
19.980871,0.004039,2.050358,204.349678,3439930,18082,1
19.982887,0.002016,2.055943,204.89718,3449300,18083,1
19.984909,0.002022,2.057332,205.033345,3451630,18084,1
19.986925,0.002016,2.064085,205.695348,3462960,18085,2
19.990964,0.004039,2.061933,205.484385,3459350,18087,1
19.99298,0.002016,2.057445,205.044423,3451820,18088,1
19.994996,0.002016,2.057487,205.04854,3451890,18089,1
19.997018,0.002022,2.064413,205.727502,3463510,18090,2
20.00105,0.004032,2.063948,205.681918,3462730,18092,1
20.003072,0.002022,2.065551,205.839061,3465420,18093,1
20.005088,0.002016,2.055621,204.865614,3448760,18094,1
20.007111,0.002023,2.053148,204.623184,3444610,18095,2
20.011143,0.004032,2.052945,204.603284,3444270,18097,1
20.013165,0.002022,2.060616,205.355279,3457140,18098,1
20.015181,0.002016,2.054441,204.749938,3446780,18099,1
20.017197,0.002016,2.054226,204.728861,3446420,18100,1
20.01922,0.002023,2.054155,204.721901,3446300,18101,2
20.023252,0.004032,2.0477,204.089112,3435470,18103,1
20.025274,0.002022,2.049619,204.277233,3438690,18104,1
20.02729,0.002016,2.052778,204.586912,3443990,18105,1
20.029306,0.002016,2.051079,204.420358,3441140,18106,2
20.033345,0.004039,2.05391,204.697883,3445890,18108,1
20.035367,0.002022,2.051741,204.485254,3442250,18109,1
20.037383,0.002016,2.058876,205.184705,3454220,18110,1
20.039399,0.002016,2.059251,205.221466,3454850,18111,2
20.043437,0.004038,2.057153,205.015798,3451330,18113,1
20.045453,0.002016,2.053922,204.69906,3445910,18114,1
20.047476,0.002023,2.062607,205.550458,3460480,18115,1
20.049492,0.002016,2.060229,205.317341,3456490,18116,2
20.05353,0.004038,2.056682,204.969625,3450540,18118,1
20.055546,0.002016,2.048576,204.174987,3436940,18119,1
20.057562,0.002016,2.057308,205.030992,3451590,18120,1
20.059585,0.002023,2.052796,204.588677,3444020,18121,1
20.061601,0.002016,2.056295,204.931687,3449890,18122,2
20.065639,0.004038,2.056754,204.976683,3450660,18124,1
20.067655,0.002016,2.060324,205.326654,3456650,18125,1
20.069671,0.002016,2.06759,206.038946,3468840,18126,1
20.071693,0.002022,2.06126,205.418411,3458220,18127,2
20.075725,0.004032,2.061611,205.452819,3458810,18129,1
20.077748,0.002023,2.054483,204.754055,3446850,18130,1
20.079764,0.002016,2.04767,204.086171,3435420,18131,1
20.08178,0.002016,2.062714,205.560947,3460660,18132,2
20.085818,0.004038,2.063507,205.638686,3461990,18134,1
20.08784,0.002022,2.061391,205.431253,3458440,18135,1
20.089856,0.002016,2.062774,205.566829,3460760,18136,1
20.091872,0.002016,2.060765,205.369885,3457390,18137,2
20.095911,0.004039,2.055246,204.828853,3448130,18139,1
20.097927,0.002016,2.056462,204.948058,3450170,18140,1
20.099956,0.002029,2.060294,205.323713,3456600,18141,1
20.101965,0.002009,2.060694,205.362925,3457270,18142,2
20.106004,0.004039,2.051884,204.499273,3442490,18144,1
20.10802,0.002016,2.052116,204.522016,3442880,18145,1
20.110036,0.002016,2.04792,204.110678,3435840,18146,1
20.112058,0.002022,2.057201,205.020503,3451410,18147,1
20.114074,0.002016,2.062351,205.525362,3460050,18148,2
20.118112,0.004038,2.059454,205.241367,3455190,18150,1
20.120128,0.002016,2.055895,204.892475,3449220,18151,1
20.122151,0.002023,2.049208,204.236942,3438000,18152,1
20.124167,0.002016,2.050084,204.322817,3439470,18153,2
20.128205,0.004038,2.048635,204.18077,3437040,18155,1
20.130221,0.002016,2.041757,203.506514,3425500,18156,1
20.132237,0.002016,2.061278,205.420175,3458250,18157,1
20.13426,0.002023,2.061087,205.401451,3457930,18158,2
20.138292,0.004032,2.045935,203.916087,3432510,18160,1
20.140314,0.002022,2.048349,204.152734,3436560,18161,1
20.14233,0.002016,2.052361,204.546034,3443290,18162,1
20.144346,0.002016,2.045292,203.853053,3431430,18163,2
20.148384,0.004038,2.051234,204.435553,3441400,18165,1
20.150407,0.002023,2.060062,205.300969,3456210,18166,1
20.152423,0.002016,2.061671,205.458701,3458910,18167,1
20.154439,0.002016,2.05732,205.032169,3451610,18168,1
20.156455,0.002016,2.059633,205.258914,3455490,18169,2
20.160493,0.004038,2.049839,204.2988,3439060,18171,1
20.162516,0.002023,2.053034,204.612008,3444420,18172,1
20.164532,0.002016,2.049267,204.242726,3438100,18173,1
20.166548,0.002016,2.050799,204.392909,3440670,18174,2
20.170586,0.004038,2.049434,204.259097,3438380,18176,1
20.172602,0.002016,2.06055,205.348809,3457030,18177,1
20.174625,0.002023,2.057415,205.041482,3451770,18178,1
20.17664,0.002015,2.05847,205.144904,3453540,18179,2
20.180679,0.004039,2.063268,205.615257,3461590,18181,1
20.182695,0.002016,2.068001,206.079237,3469530,18182,1
20.184717,0.002022,2.054358,204.741801,3446640,18183,1
20.186733,0.002016,2.05785,205.084125,3452500,18184,2
20.190772,0.004039,2.053422,204.650044,3445070,18186,1
20.192788,0.002016,2.052438,204.553582,3443420,18187,1
20.194804,0.002016,2.050143,204.328601,3439570,18188,1
20.196826,0.002022,2.053797,204.686806,3445700,18189,1
20.198842,0.002016,2.054,204.706706,3446040,18190,2
20.20288,0.004038,2.055985,204.901298,3449370,18192,1
20.204896,0.002016,2.05195,204.505743,3442600,18193,1
20.206919,0.002023,2.050936,204.40634,3440900,18194,1
20.208935,0.002016,2.047491,204.068623,3435120,18195,2
20.212973,0.004038,2.045214,203.845407,3431300,18197,1
20.214989,0.002016,2.050471,204.360755,3440120,18198,1
20.217005,0.002016,2.046382,203.959907,3433260,18199,1
20.219028,0.002023,2.060753,205.368709,3457370,18200,2
20.22306,0.004032,2.04922,204.238118,3438020,18202,1
20.225082,0.002022,2.052587,204.568189,3443670,18203,1
20.227098,0.002016,2.052504,204.560052,3443530,18204,1
20.22912,0.002022,2.054256,204.731802,3446470,18205,2
20.233152,0.004032,2.048016,204.120089,3436000,18207,1
20.235175,0.002023,2.040023,203.336528,3422590,18208,1
20.237191,0.002016,2.055377,204.841695,3448350,18209,1
20.239207,0.002016,2.055728,204.876104,3448940,18210,1
20.241229,0.002022,2.045769,203.899814,3432230,18211,2
20.245261,0.004032,2.054173,204.723666,3446330,18213,1
20.247284,0.002023,2.052909,204.599754,3444210,18214,1
20.2493,0.002016,2.05465,204.770426,3447130,18215,1
20.251316,0.002016,2.052689,204.578188,3443840,18216,2
20.255354,0.004038,2.048165,204.134696,3436250,18218,1
20.25737,0.002016,2.046764,203.997355,3433900,18219,1
20.259392,0.002022,2.045238,203.847759,3431340,18220,1
20.261408,0.002016,2.057624,205.06197,3452120,18221,2
20.265447,0.004039,2.058268,205.125102,3453200,18223,1
20.267463,0.002016,2.051312,204.443199,3441530,18224,1
20.269485,0.002022,2.044016,203.727966,3429290,18225,1
20.271501,0.002016,2.043068,203.635032,3427700,18226,2
20.27554,0.004039,2.051443,204.456041,3441750,18228,1
20.277556,0.002016,2.055383,204.842283,3448360,18229,1
20.279572,0.002016,2.049357,204.251549,3438250,18230,1
20.281594,0.002022,2.060753,205.368709,3457370,18231,2
20.285626,0.004032,2.05549,204.852772,3448540,18233,1
20.287649,0.002023,2.048314,204.149302,3436500,18234,1
20.289664,0.002015,2.050036,204.318112,3439390,18235,1
20.291687,0.002023,2.049506,204.266155,3438500,18236,1
20.293703,0.002016,2.057177,205.01815,3451370,18237,2
20.297741,0.004038,2.054834,204.788464,3447440,18239,1
20.299757,0.002016,2.04525,203.848936,3431360,18240,1
20.301773,0.002016,2.047986,204.117148,3435950,18241,1
20.303796,0.002023,2.050155,204.329777,3439590,18242,2
20.307828,0.004032,2.052242,204.534368,3443090,18244,1
20.30985,0.002022,2.049434,204.259097,3438380,18245,1
20.311866,0.002016,2.05487,204.791993,3447500,18246,1
20.313888,0.002022,2.060437,205.337731,3456840,18247,2
20.31792,0.004032,2.056396,204.941588,3450060,18249,1
20.319943,0.002023,2.058977,205.194606,3454390,18250,1
20.321959,0.002016,2.061415,205.433605,3458480,18251,1
20.323975,0.002016,2.065229,205.807495,3464880,18252,2
20.328013,0.004038,2.05667,204.968449,3450520,18254,1
20.330029,0.002016,2.049863,204.301152,3439100,18255,1
20.332052,0.002023,2.052808,204.589853,3444040,18256,1
20.334068,0.002016,2.050298,204.343796,3439830,18257,1
20.336084,0.002016,2.055633,204.866791,3448780,18258,2
20.340122,0.004038,2.061588,205.450565,3458770,18260,1
20.342144,0.002022,2.054882,204.793169,3447520,18261,1
20.34416,0.002016,2.041477,203.479065,3425030,18262,1
20.346176,0.002016,2.049416,204.257333,3438350,18263,2
20.350215,0.004039,2.050757,204.388792,3440600,18265,1
20.352231,0.002016,2.049744,204.289487,3438900,18266,1
20.354253,0.002022,2.042973,203.625719,3427540,18267,1
20.356269,0.002016,2.053261,204.634261,3444800,18268,2
20.360308,0.004039,2.048349,204.152734,3436560,18270,1
20.362324,0.002016,2.049714,204.286546,3438850,18271,1
20.36434,0.002016,2.040333,203.366918,3423110,18272,1
20.366362,0.002022,2.051193,204.431533,3441330,18273,2
20.3704,0.004038,2.058083,205.106966,3452890,18275,1
20.372416,0.002016,2.062929,205.582024,3461020,18276,1
20.374432,0.002016,2.061081,205.400863,3457920,18277,1
20.376455,0.002023,2.05512,204.816501,3447920,18278,1
20.378471,0.002016,2.052504,204.560052,3443530,18279,2
20.382509,0.004038,2.046686,203.989708,3433770,18281,1
20.384525,0.002016,2.039862,203.320745,3422320,18282,1
20.386548,0.002023,2.036119,202.953816,3416040,18283,1
20.388564,0.002016,2.050394,204.353207,3439990,18284,2
20.392602,0.004038,2.057004,205.001191,3451080,18286,1
20.394618,0.002016,2.051336,204.445552,3441570,18287,1
20.396634,0.002016,2.050972,204.409869,3440960,18288,1
20.398656,0.002022,2.050841,204.397027,3440740,18289,2
20.402688,0.004032,2.047724,204.091464,3435510,18291,1
20.404711,0.002023,2.0473,204.049899,3434800,18292,1
20.406727,0.002016,2.040261,203.35986,3422990,18293,1
20.408743,0.002016,2.045375,203.86119,3431570,18294,2
20.412781,0.004038,2.051288,204.440846,3441490,18296,1
20.414804,0.002023,2.050138,204.328111,3439560,18297,1
20.41682,0.002016,2.055961,204.898945,3449330,18298,1
20.418836,0.002016,2.045202,203.84423,3431280,18299,1
20.420858,0.002022,2.048957,204.212336,3437580,18300,2
20.42489,0.004032,2.051079,204.420358,3441140,18302,1
20.426912,0.002022,2.056098,204.912375,3449560,18303,1
20.428929,0.002017,2.060151,205.309694,3456360,18304,1
20.430944,0.002015,2.048838,204.200671,3437380,18305,2
20.434983,0.004039,2.052677,204.577011,3443820,18307,1
20.437005,0.002022,2.048951,204.211748,3437570,18308,1
20.439021,0.002016,2.051604,204.471824,3442020,18309,1
20.441044,0.002023,2.047247,204.044704,3434710,18310,2
20.445076,0.004032,2.047461,204.065682,3435070,18312,1
20.447098,0.002022,2.05211,204.521428,3442870,18313,1
20.449114,0.002016,2.041268,203.458577,3424680,18314,1
20.45113,0.002016,2.052647,204.57407,3443770,18315,2
20.455169,0.004039,2.060091,205.303812,3456260,18317,1
20.457185,0.002016,2.046853,204.006079,3434050,18318,1
20.459207,0.002022,2.049458,204.26145,3438420,18319,1
20.461223,0.002016,2.052832,204.592206,3444080,18320,2
20.465261,0.004038,2.049345,204.250372,3438230,18322,1
20.467277,0.002016,2.041185,203.45044,3424540,18323,1
20.4693,0.002023,2.040333,203.366918,3423110,18324,1
20.471316,0.002016,2.042657,203.594742,3427010,18325,1
20.473332,0.002016,2.053338,204.64181,3444930,18326,2
20.47737,0.004038,2.055985,204.901298,3449370,18328,1
20.479386,0.002016,2.048236,204.141656,3436370,18329,1
20.481408,0.002022,2.050811,204.394086,3440690,18330,1
20.483424,0.002016,2.049559,204.271351,3438590,18331,2
20.487463,0.004039,2.053535,204.661122,3445260,18333,1
20.489479,0.002016,2.057618,205.061382,3452110,18334,1
20.491495,0.002016,2.046072,203.929517,3432740,18335,1
20.493517,0.002022,2.041626,203.493672,3425280,18336,2
20.497556,0.004039,2.048796,204.196553,3437310,18338,1
20.499572,0.002016,2.045876,203.910303,3432410,18339,1
20.501588,0.002016,2.053404,204.64828,3445040,18340,1
20.50361,0.002022,2.054393,204.745232,3446700,18341,2
20.507642,0.004032,2.049059,204.222336,3437750,18343,1
20.509664,0.002022,2.055568,204.860419,3448670,18344,1
20.511681,0.002017,2.044302,203.756003,3429770,18345,1
20.513696,0.002015,2.039403,203.275749,3421550,18346,1
20.515719,0.002023,2.046174,203.939516,3432910,18347,2
20.519751,0.004032,2.051014,204.413986,3441030,18349,1
20.521773,0.002022,2.053916,204.698472,3445900,18350,1
20.523789,0.002016,2.045786,203.90148,3432260,18351,1
20.525812,0.002023,2.047205,204.040586,3434640,18352,2
20.529844,0.004032,2.052522,204.561817,3443560,18354,1
20.531866,0.002022,2.057022,205.002956,3451110,18355,1
20.533882,0.002016,2.047777,204.09666,3435600,18356,1
20.535898,0.002016,2.05102,204.414574,3441040,18357,2
20.539937,0.004039,2.05034,204.347913,3439900,18359,1
20.541952,0.002015,2.050281,204.342129,3439800,18360,1
20.543975,0.002023,2.049476,204.263214,3438450,18361,1
20.545991,0.002016,2.048606,204.177928,3436990,18362,2
20.550029,0.004038,2.057827,205.08187,3452460,18364,1
20.552045,0.002016,2.055043,204.808952,3447790,18365,1
20.554068,0.002023,2.049458,204.26145,3438420,18366,1
20.556084,0.002016,2.046114,203.933635,3432810,18367,1
20.5581,0.002016,2.046025,203.92491,3432660,18368,2
20.562138,0.004038,2.042717,203.600624,3427110,18370,1
20.564154,0.002016,2.041513,203.482594,3425090,18371,1
20.566177,0.002023,2.048844,204.201259,3437390,18372,1
20.568193,0.002016,2.046388,203.960495,3433270,18373,2
20.572231,0.004038,2.054644,204.769838,3447120,18375,1
20.574247,0.002016,2.045959,203.91844,3432550,18376,1
20.576269,0.002022,2.051646,204.475941,3442090,18377,1
20.578285,0.002016,2.040797,203.412404,3423890,18378,2
20.582324,0.004039,2.039802,203.314863,3422220,18380,1
20.58434,0.002016,2.038586,203.195658,3420180,18381,1
20.586356,0.002016,2.040392,203.372702,3423210,18382,1
20.588378,0.002022,2.053946,204.701413,3445950,18383,2
20.59241,0.004032,2.054459,204.751702,3446810,18385,1
20.594432,0.002022,2.055925,204.895416,3449270,18386,1
20.596448,0.002016,2.058709,205.168334,3453940,18387,1
20.598464,0.002016,2.051711,204.482313,3442200,18388,1
20.600487,0.002023,2.046698,203.990885,3433790,18389,2
20.604519,0.004032,2.047729,204.091954,3435520,18391,1
20.606541,0.002022,2.045554,203.878737,3431870,18392,1
20.608557,0.002016,2.037871,203.125566,3418980,18393,1
20.610573,0.002016,2.043486,203.676009,3428400,18394,2
20.614612,0.004039,2.049804,204.295369,3439000,18396,1
20.616628,0.002016,2.049029,204.219395,3437700,18397,1
20.61865,0.002022,2.0432,203.647972,3427920,18398,1
20.620666,0.002016,2.04494,203.818546,3430840,18399,2
20.624704,0.004038,2.053529,204.660534,3445250,18401,1
20.62672,0.002016,2.052701,204.579364,3443860,18402,1
20.628743,0.002023,2.05099,204.411633,3440990,18403,1
20.630759,0.002016,2.047718,204.090876,3435500,18404,2
20.634797,0.004038,2.041835,203.51416,3425630,18406,1
20.636813,0.002016,2.046621,203.983336,3433660,18407,1
20.638829,0.002016,2.04286,203.614642,3427350,18408,1
20.640852,0.002023,2.036601,203.001067,3416850,18409,2
20.644884,0.004032,2.042216,203.55151,3426270,18411,1
20.646906,0.002022,2.047092,204.029509,3434450,18412,1
20.648922,0.002016,2.047563,204.075681,3435240,18413,1
20.650938,0.002016,2.058184,205.116867,3453060,18414,1
20.65296,0.002022,2.046281,203.950006,3433090,18415,2
20.656999,0.004039,2.047056,204.02598,3434390,18417,1
20.659015,0.002016,2.042001,203.530433,3425910,18418,1
20.661031,0.002016,2.049023,204.218806,3437690,18419,1
20.663053,0.002022,2.053863,204.693276,3445810,18420,2
20.667085,0.004032,2.043051,203.633366,3427670,18422,1
20.669108,0.002023,2.034992,202.843335,3414150,18423,1
20.671124,0.002016,2.040654,203.398386,3423650,18424,1
20.67314,0.002016,2.049708,204.285958,3438840,18425,2
20.677178,0.004038,2.05254,204.563581,3443590,18427,1
20.679194,0.002016,2.045614,203.884619,3431970,18428,1
20.681217,0.002023,2.050185,204.332718,3439640,18429,1
20.683232,0.002015,2.053416,204.649456,3445060,18430,2
20.687271,0.004039,2.053738,204.681022,3445600,18432,1
20.689287,0.002016,2.043843,203.711006,3429000,18433,1
20.691303,0.002016,2.049792,204.294192,3438980,18434,1
20.693325,0.002022,2.04857,204.174398,3436930,18435,1
20.695341,0.002016,2.055401,204.844047,3448390,18436,2
20.69938,0.004039,2.057528,205.052559,3451960,18438,1
20.701396,0.002016,2.051663,204.477608,3442120,18439,1
20.703418,0.002022,2.042091,203.539256,3426060,18440,1
20.705434,0.002016,2.054936,204.798463,3447610,18441,2
20.709473,0.004039,2.061009,205.393805,3457800,18443,1
20.711488,0.002015,2.060872,205.380375,3457570,18444,1
20.713505,0.002017,2.049047,204.221159,3437730,18445,1
20.715527,0.002022,2.056634,204.96492,3450460,18446,2
20.719565,0.004038,2.045602,203.883443,3431950,18448,1
20.721581,0.002016,2.056539,204.955607,3450300,18449,1
20.723597,0.002016,2.055287,204.832872,3448200,18450,1
20.72562,0.002023,2.051002,204.41281,3441010,18451,2
20.729652,0.004032,2.048117,204.12999,3436170,18453,1
20.731674,0.002022,2.051169,204.429181,3441290,18454,1
20.73369,0.002016,2.052402,204.550053,3443360,18455,1
20.735712,0.002022,2.058685,205.165981,3453900,18456,1
20.737728,0.002016,2.057332,205.033345,3451630,18457,2
20.741767,0.004039,2.051681,204.479373,3442150,18459,1
20.743783,0.002016,2.047098,204.030097,3434460,18460,1
20.745799,0.002016,2.042228,203.552686,3426290,18461,1
20.747821,0.002022,2.030295,202.382884,3406270,18462,2
20.751853,0.004032,2.033156,202.66335,3411070,18464,1
20.753876,0.002023,2.051574,204.468883,3441970,18465,1
20.755892,0.002016,2.056247,204.926982,3449810,18466,1
20.757908,0.002016,2.041936,203.524061,3425800,18467,2
20.761946,0.004038,2.0428,203.60876,3427250,18469,1
20.763968,0.002022,2.043235,203.651404,3427980,18470,1
20.765984,0.002016,2.04007,203.341136,3422670,18471,1
20.768,0.002016,2.049613,204.276645,3438680,18472,2
20.772039,0.004039,2.04168,203.498965,3425370,18474,1
20.774055,0.002016,2.046937,204.014314,3434190,18475,1
20.776077,0.002022,2.048981,204.214689,3437620,18476,1
20.778093,0.002016,2.054232,204.729449,3446430,18477,1
20.780109,0.002016,2.048439,204.161556,3436710,18478,2
20.784148,0.004039,2.04128,203.459753,3424700,18480,1
20.786164,0.002016,2.038366,203.174091,3419810,18481,1
20.788186,0.002022,2.047592,204.078524,3435290,18482,1
20.790202,0.002016,2.054065,204.713078,3446150,18483,2
20.79424,0.004038,2.039438,203.27918,3421610,18485,1
20.796256,0.002016,2.044219,203.747866,3429630,18486,1
20.798279,0.002023,2.058721,205.16951,3453960,18487,1
20.800295,0.002016,2.054971,204.801894,3447670,18488,2
20.804333,0.004038,2.04128,203.459753,3424700,18490,1
20.806349,0.002016,2.038342,203.171738,3419770,18491,1
20.808372,0.002023,2.04556,203.879325,3431880,18492,1
20.810388,0.002016,2.036852,203.025672,3417270,18493,2
20.81442,0.004032,2.04019,203.352899,3422870,18495,1
20.816442,0.002022,2.042913,203.619838,3427440,18496,1
20.818458,0.002016,2.052045,204.515056,3442760,18497,1
20.82048,0.002022,2.056354,204.937471,3449990,18498,2
20.824512,0.004032,2.04469,203.794038,3430420,18500,1
20.826535,0.002023,2.039701,203.304962,3422050,18501,1
20.828551,0.002016,2.046716,203.992649,3433820,18502,1
20.830567,0.002016,2.042854,203.614054,3427340,18503,1
20.832589,0.002022,2.052838,204.592794,3444090,18504,2
20.836628,0.004039,2.054673,204.772681,3447170,18506,1
20.838644,0.002016,2.044815,203.806292,3430630,18507,1
20.84066,0.002016,2.050954,204.408104,3440930,18508,1
20.842682,0.002022,2.059436,205.239602,3455160,18509,2
20.846714,0.004032,2.059704,205.265874,3455610,18511,1
20.848736,0.002022,2.044058,203.732083,3429360,18512,1
20.850752,0.002016,2.054739,204.779151,3447280,18513,1
20.852768,0.002016,2.054971,204.801894,3447670,18514,2
20.856807,0.004039,2.045661,203.889227,3432050,18516,1
20.858823,0.002016,2.038407,203.17811,3419880,18517,1
20.860845,0.002022,2.045888,203.91148,3432430,18518,1
20.862861,0.002016,2.051699,204.481137,3442180,18519,2
20.8669,0.004039,2.055347,204.838754,3448300,18521,1
20.868916,0.002016,2.045912,203.913832,3432470,18522,1
20.870938,0.002022,2.04671,203.992061,3433810,18523,1
20.872954,0.002016,2.044064,203.732671,3429370,18524,1
20.87497,0.002016,2.045143,203.838446,3431180,18525,2
20.879008,0.004038,2.048486,204.166164,3436790,18527,1
20.881024,0.002016,2.053714,204.678669,3445560,18528,1
20.883047,0.002023,2.053434,204.651221,3445090,18529,1
20.885063,0.002016,2.047348,204.054605,3434880,18530,2
20.889101,0.004038,2.041739,203.504749,3425470,18532,1
20.891117,0.002016,2.040678,203.400739,3423690,18533,1
20.89314,0.002023,2.045834,203.906186,3432340,18534,1
20.895156,0.002016,2.047676,204.086759,3435430,18535,2
20.899194,0.004038,2.043647,203.691792,3428670,18537,1
20.90121,0.002016,2.046615,203.982748,3433650,18538,1
20.903226,0.002016,2.043444,203.671892,3428330,18539,1
20.905248,0.002022,2.045476,203.871091,3431740,18540,2
20.90928,0.004032,2.042794,203.608172,3427240,18542,1
20.911303,0.002023,2.048641,204.181359,3437050,18543,1
20.913319,0.002016,2.046907,204.011373,3434140,18544,1
20.915335,0.002016,2.046627,203.983924,3433670,18545,1
20.917357,0.002022,2.044189,203.744925,3429580,18546,2
20.921389,0.004032,2.038723,203.209088,3420410,18548,1
20.923412,0.002023,2.045786,203.90148,3432260,18549,1
20.925428,0.002016,2.050632,204.376538,3440390,18550,1
20.927444,0.002016,2.042335,203.563176,3426470,18551,2
20.931482,0.004038,2.042764,203.605231,3427190,18553,1
20.933505,0.002023,2.051067,204.419182,3441120,18554,1
20.93552,0.002015,2.043992,203.725613,3429250,18555,1
20.937536,0.002016,2.042741,203.602976,3427150,18556,2
20.941575,0.004039,2.042496,203.578959,3426740,18558,1
20.943591,0.002016,2.039719,203.306727,3422080,18559,1
20.945613,0.002022,2.042019,203.532198,3425940,18560,1
20.947629,0.002016,2.034765,202.821082,3413770,18561,2
20.951668,0.004039,2.043372,203.664834,3428210,18563,1
20.953684,0.002016,2.045506,203.874032,3431790,18564,1
20.9557,0.002016,2.047598,204.079112,3435300,18565,1
20.957722,0.002022,2.040583,203.391426,3423530,18566,1
20.959738,0.002016,2.049851,204.299976,3439080,18567,2
20.963777,0.004039,2.052259,204.536034,3443120,18569,1
20.965793,0.002016,2.049375,204.253313,3438280,18570,1
20.967809,0.002016,2.041537,203.484947,3425130,18571,1
20.969831,0.002022,2.042246,203.554451,3426320,18572,2
20.973869,0.004038,2.043605,203.687675,3428600,18574,1
20.975885,0.002016,2.05577,204.880221,3449010,18575,1
20.977901,0.002016,2.052444,204.55417,3443430,18576,1
20.979924,0.002023,2.051568,204.468295,3441960,18577,2
20.983956,0.004032,2.035779,202.920485,3415470,18579,1
20.985978,0.002022,2.046448,203.966377,3433370,18580,1
20.987994,0.002016,2.038592,203.196246,3420190,18581,1
20.99001,0.002016,2.042949,203.623367,3427500,18582,2
20.994048,0.004038,2.042252,203.555039,3426330,18584,1
20.996071,0.002023,2.039886,203.323098,3422360,18585,1
20.998087,0.002016,2.034485,202.793633,3413300,18586,1
21.000103,0.002016,2.042562,203.585429,3426850,18587,2
21.004141,0.004038,2.051222,204.434376,3441380,18589,1
21.006157,0.002016,2.05614,204.916492,3449630,18590,1
21.00818,0.002023,2.040899,203.422403,3424060,18591,1
21.010196,0.002016,2.039486,203.283886,3421690,18592,1
21.012212,0.002016,2.051109,204.423299,3441190,18593,2
21.01625,0.004038,2.053511,204.658769,3445220,18595,1
21.018266,0.002016,2.046406,203.96226,3433300,18596,1
21.020288,0.002022,2.052522,204.561817,3443560,18597,1
21.022304,0.002016,2.043366,203.664246,3428200,18598,2
21.026343,0.004039,2.04531,203.854818,3431460,18600,1
21.028359,0.002016,2.051258,204.437905,3441440,18601,1
21.030375,0.002016,2.044171,203.74316,3429550,18602,1
21.032397,0.002022,2.043432,203.670716,3428310,18603,2
21.036436,0.004039,2.044332,203.758943,3429820,18605,1
21.038452,0.002016,2.05009,204.323405,3439480,18606,1
21.040468,0.002016,2.047843,204.10313,3435710,18607,1
21.04249,0.002022,2.043188,203.646796,3427900,18608,2
21.046522,0.004032,2.042437,203.573175,3426640,18610,1
21.048544,0.002022,2.043229,203.650815,3427970,18611,1
21.05056,0.002016,2.049214,204.23753,3438010,18612,1
21.052577,0.002017,2.045673,203.890403,3432070,18613,1
21.054599,0.002022,2.045369,203.860601,3431560,18614,2
21.058631,0.004032,2.048695,204.186652,3437140,18616,1
21.060653,0.002022,2.047086,204.028921,3434440,18617,1
21.062669,0.002016,2.040559,203.389073,3423490,18618,1
21.064685,0.002016,2.043879,203.714535,3429060,18619,2
21.068724,0.004039,2.056664,204.96786,3450510,18621,1
21.07074,0.002016,2.046645,203.985689,3433700,18622,1
21.072762,0.002022,2.040809,203.413581,3423910,18623,1
21.074778,0.002016,2.036035,202.945581,3415900,18624,2
21.078817,0.004039,2.038527,203.189874,3420080,18626,1
21.080833,0.002016,2.039808,203.315452,3422230,18627,1
21.082855,0.002022,2.038288,203.166445,3419680,18628,1
21.084871,0.002016,2.04047,203.380348,3423340,18629,2
21.088909,0.004038,2.045059,203.830212,3431040,18631,1
21.090925,0.002016,2.038461,203.183404,3419970,18632,1
21.092941,0.002016,2.039576,203.292708,3421840,18633,1
21.094964,0.002023,2.040124,203.346429,3422760,18634,1
21.09698,0.002016,2.039719,203.306727,3422080,18635,2
21.101018,0.004038,2.04125,203.456812,3424650,18637,1
21.103034,0.002016,2.035844,202.926857,3415580,18638,1
21.105056,0.002022,2.03954,203.289179,3421780,18639,1
21.107072,0.002016,2.037144,203.054297,3417760,18640,2
21.111111,0.004039,2.039111,203.247124,3421060,18642,1
21.113127,0.002016,2.04609,203.931282,3432770,18643,1
21.115143,0.002016,2.043217,203.649639,3427950,18644,1
21.117165,0.002022,2.038068,203.144878,3419310,18645,2
21.121197,0.004032,2.039069,203.243007,3420990,18647,1
21.12322,0.002023,2.037668,203.105666,3418640,18648,1
21.125236,0.002016,2.038825,203.219087,3420580,18649,1
21.127252,0.002016,2.042973,203.625719,3427540,18650,2
21.13129,0.004038,2.033967,202.742853,3412430,18652,1
21.133312,0.002022,2.031273,202.478758,3407910,18653,1
21.135328,0.002016,2.036673,203.008125,3416970,18654,1
21.137344,0.002016,2.033275,202.675016,3411270,18655,1
21.139367,0.002023,2.042067,203.536903,3426020,18656,2
21.143399,0.004032,2.042282,203.55798,3426380,18658,1
21.145421,0.002022,2.046484,203.969906,3433430,18659,1
21.147437,0.002016,2.038628,203.199775,3420250,18660,1
21.149453,0.002016,2.040362,203.369761,3423160,18661,2
21.153492,0.004039,2.049947,204.309387,3439240,18663,1
21.155508,0.002016,2.038985,203.234772,3420850,18664,1
21.15753,0.002022,2.045482,203.871679,3431750,18665,1
21.159546,0.002016,2.046359,203.957652,3433220,18666,2
21.163584,0.004038,2.049702,204.285369,3438830,18668,1
21.1656,0.002016,2.042854,203.614054,3427340,18669,1
21.167623,0.002023,2.039278,203.263495,3421340,18670,1
21.169639,0.002016,2.047068,204.027156,3434410,18671,2
21.173671,0.004032,2.043003,203.62866,3427590,18673,1
21.175693,0.002022,2.041805,203.511219,3425580,18674,1
21.177709,0.002016,2.036911,203.031456,3417370,18675,1
21.179732,0.002023,2.042222,203.552098,3426280,18676,2
21.183764,0.004032,2.045262,203.850112,3431380,18678,1
21.18578,0.002016,2.044946,203.819134,3430850,18679,1
21.187802,0.002022,2.044922,203.816782,3430810,18680,1
21.189818,0.002016,2.035397,202.883037,3414830,18681,1
21.191841,0.002023,2.039254,203.261143,3421300,18682,2
21.195872,0.004031,2.045977,203.920204,3432580,18684,1
21.197889,0.002017,2.043366,203.664246,3428200,18685,1
21.199911,0.002022,2.052212,204.531427,3443040,18686,1
21.201927,0.002016,2.041727,203.503573,3425450,18687,2
21.205965,0.004038,2.040249,203.358683,3422970,18689,1
21.207981,0.002016,2.041221,203.453969,3424600,18690,1
21.210004,0.002023,2.044445,203.770021,3430010,18691,1
21.21202,0.002016,2.046877,204.008432,3434090,18692,2
21.216058,0.004038,2.051181,204.430357,3441310,18694,1
21.218074,0.002016,2.040929,203.425344,3424110,18695,1
21.22009,0.002016,2.043021,203.630425,3427620,18696,1
21.222112,0.002022,2.047092,204.029509,3434450,18697,2
21.226145,0.004033,2.047414,204.061075,3434990,18699,1
21.228167,0.002022,2.03625,202.966658,3416260,18700,1
21.230183,0.002016,2.04041,203.374466,3423240,18701,1
21.232199,0.002016,2.039826,203.317216,3422260,18702,1
21.234221,0.002022,2.036107,202.952639,3416020,18703,2
21.23826,0.004039,2.03132,202.483365,3407990,18705,1
21.240276,0.002016,2.044749,203.799822,3430520,18706,1
21.242292,0.002016,2.048951,204.211748,3437570,18707,1
21.244308,0.002016,2.047062,204.026568,3434400,18708,2
21.248346,0.004038,2.046269,203.948829,3433070,18710,1
21.250368,0.002022,2.045739,203.896873,3432180,18711,1
21.252384,0.002016,2.042222,203.552098,3426280,18712,1
21.2544,0.002016,2.050728,204.385949,3440550,18713,2
21.258439,0.004039,2.042818,203.610525,3427280,18715,1
21.260455,0.002016,2.044845,203.809233,3430680,18716,1
21.262471,0.002016,2.042073,203.537492,3426030,18717,1
21.264493,0.002022,2.038133,203.15125,3419420,18718,2
21.268532,0.004039,2.040684,203.401327,3423700,18720,1
21.270548,0.002016,2.044642,203.789333,3430340,18721,1
21.272564,0.002016,2.036721,203.01283,3417050,18722,1
21.274586,0.002022,2.040941,203.426521,3424130,18723,1
21.276602,0.002016,2.039236,203.259378,3421270,18724,2
21.28064,0.004038,2.037519,203.091059,3418390,18726,1
21.282656,0.002016,2.033788,202.725306,3412130,18727,1
21.284672,0.002016,2.039915,203.325941,3422410,18728,1
21.286695,0.002023,2.048486,204.166164,3436790,18729,2
21.290727,0.004032,2.046525,203.973925,3433500,18731,1
21.292749,0.002022,2.042729,203.6018,3427130,18732,1
21.294765,0.002016,2.040428,203.376231,3423270,18733,1
21.296781,0.002016,2.038121,203.150074,3419400,18734,2
21.30082,0.004039,2.041596,203.490731,3425230,18736,1
21.302836,0.002016,2.050525,204.366049,3440210,18737,1
21.304858,0.002022,2.045333,203.857072,3431500,18738,1
21.306874,0.002016,2.038407,203.17811,3419880,18739,2
21.310912,0.004038,2.040428,203.376231,3423270,18741,1
21.312929,0.002017,2.048033,204.121756,3436030,18742,1
21.314945,0.002016,2.042115,203.541609,3426100,18743,1
21.316967,0.002022,2.040398,203.37329,3423220,18744,2
21.320999,0.004032,2.035749,202.917544,3415420,18746,1
21.323021,0.002022,2.038544,203.191541,3420110,18747,1
21.325037,0.002016,2.043957,203.722182,3429190,18748,1
21.32706,0.002023,2.040958,203.428187,3424160,18749,1
21.329076,0.002016,2.038866,203.223107,3420650,18750,2
21.333114,0.004038,2.043605,203.687675,3428600,18752,1
21.33513,0.002016,2.049553,204.270763,3438580,18753,1
21.337146,0.002016,2.037394,203.078805,3418180,18754,1
21.339168,0.002022,2.045065,203.8308,3431050,18755,2
21.3432,0.004032,2.038968,203.233106,3420820,18757,1
21.345223,0.002023,2.036244,202.96607,3416250,18758,1
21.347239,0.002016,2.043045,203.632778,3427660,18759,1
21.349255,0.002016,2.037859,203.124389,3418960,18760,2
21.353293,0.004038,2.034658,202.810593,3413590,18762,1
21.355309,0.002016,2.036959,203.036162,3417450,18763,1
21.357332,0.002023,2.043664,203.693459,3428700,18764,1
21.359348,0.002016,2.040601,203.39319,3423560,18765,2
21.363386,0.004038,2.041155,203.447499,3424490,18767,1
21.365402,0.002016,2.036852,203.025672,3417270,18768,1
21.367424,0.002022,2.036649,203.005772,3416930,18769,1
21.36944,0.002016,2.040058,203.339959,3422650,18770,1
21.371456,0.002016,2.040493,203.382603,3423380,18771,2
21.375495,0.004039,2.037603,203.099294,3418530,18773,1
21.377511,0.002016,2.037227,203.062434,3417900,18774,1
21.379533,0.002022,2.033043,202.652273,3410880,18775,1
21.381549,0.002016,2.031648,202.51552,3408540,18776,2
21.385588,0.004039,2.033591,202.705994,3411800,18778,1
21.387604,0.002016,2.042717,203.600624,3427110,18779,1
21.38962,0.002016,2.033567,202.703641,3411760,18780,1
21.391642,0.002022,2.034569,202.801868,3413440,18781,2
21.395674,0.004032,2.03734,203.073511,3418090,18783,1
21.397696,0.002022,2.042919,203.620426,3427450,18784,1
21.399712,0.002016,2.043241,203.651992,3427990,18785,1
21.401735,0.002023,2.036577,202.998714,3416810,18786,2
21.405767,0.004032,2.042538,203.583076,3426810,18788,1
21.407789,0.002022,2.052712,204.580442,3443880,18789,1
21.409805,0.002016,2.037239,203.06361,3417920,18790,1
21.411821,0.002016,2.037388,203.078217,3418170,18791,1
21.413844,0.002023,2.039695,203.304374,3422040,18792,2
21.417876,0.004032,2.038568,203.193893,3420150,18794,1
21.419898,0.002022,2.041817,203.512396,3425600,18795,1
21.421914,0.002016,2.038783,203.21497,3420510,18796,1
21.42393,0.002016,2.041686,203.499554,3425380,18797,2
21.427968,0.004038,2.041006,203.432893,3424240,18799,1
21.429991,0.002023,2.039838,203.318393,3422280,18800,1
21.432007,0.002016,2.040774,203.410149,3423850,18801,1
21.434023,0.002016,2.044749,203.799822,3430520,18802,2
21.438061,0.004038,2.046293,203.951182,3433110,18804,1
21.440077,0.002016,2.033037,202.651684,3410870,18805,1
21.4421,0.002023,2.036279,202.969501,3416310,18806,1
21.444116,0.002016,2.042741,203.602976,3427150,18807,2
21.448154,0.004038,2.035296,202.873136,3414660,18809,1
21.45017,0.002016,2.042007,203.531022,3425920,18810,1
21.452192,0.002022,2.038485,203.185757,3420010,18811,1
21.454209,0.002017,2.036339,202.975382,3416410,18812,1
21.456224,0.002015,2.040166,203.350547,3422830,18813,2
21.460263,0.004039,2.048677,204.184888,3437110,18815,1
21.462279,0.002016,2.047938,204.112443,3435870,18816,1
21.464301,0.002022,2.045983,203.920792,3432590,18817,1
21.466317,0.002016,2.03917,203.252908,3421160,18818,2
21.470356,0.004039,2.042747,203.603564,3427160,18820,1
21.472372,0.002016,2.033484,202.695504,3411620,18821,1
21.474388,0.002016,2.045345,203.858249,3431520,18822,1
21.47641,0.002022,2.044815,203.806292,3430630,18823,2
21.480448,0.004038,2.052188,204.529074,3443000,18825,1
21.482464,0.002016,2.038449,203.182228,3419950,18826,1
21.484481,0.002017,2.036309,202.972442,3416360,18827,1
21.486503,0.002022,2.049464,204.262038,3438430,18828,2
21.490535,0.004032,2.042288,203.558568,3426390,18830,1
21.492557,0.002022,2.035928,202.935092,3415720,18831,1
21.494573,0.002016,2.04109,203.441127,3424380,18832,1
21.496589,0.002016,2.042288,203.558568,3426390,18833,2
21.500628,0.004039,2.037424,203.081746,3418230,18835,1
21.502644,0.002016,2.04199,203.529355,3425890,18836,1
21.504666,0.002022,2.035487,202.89186,3414980,18837,1
21.506682,0.002016,2.039641,203.29908,3421950,18838,1
21.508704,0.002022,2.043557,203.682969,3428520,18839,2
21.512736,0.004032,2.032775,202.626,3410430,18841,1
21.514759,0.002023,2.032167,202.566398,3409410,18842,1
21.516775,0.002016,2.0428,203.60876,3427250,18843,1
21.518791,0.002016,2.043062,203.634444,3427690,18844,2
21.522829,0.004038,2.037895,203.127919,3419020,18846,1
21.524845,0.002016,2.043301,203.657874,3428090,18847,1
21.526868,0.002023,2.044338,203.759532,3429830,18848,1
21.528884,0.002016,2.03923,203.25879,3421260,18849,2
21.532922,0.004038,2.038282,203.165856,3419670,18851,1
21.534938,0.002016,2.043206,203.648561,3427930,18852,1
21.53696,0.002022,2.040654,203.398386,3423650,18853,1
21.538976,0.002016,2.049595,204.27488,3438650,18854,2
21.543015,0.004039,2.039337,203.269279,3421440,18856,1
21.545031,0.002016,2.039617,203.296728,3421910,18857,1
21.547047,0.002016,2.041191,203.451028,3424550,18858,1
21.549069,0.002022,2.042472,203.576606,3426700,18859,1
21.551085,0.002016,2.038884,203.224871,3420680,18860,2
21.555124,0.004039,2.047193,204.03941,3434620,18862,1
21.55714,0.002016,2.041626,203.493672,3425280,18863,1
21.559156,0.002016,2.044088,203.735024,3429410,18864,1
21.561178,0.002022,2.035272,202.870783,3414620,18865,2
21.565216,0.004038,2.041358,203.4674,3424830,18867,1
21.567233,0.002017,2.034152,202.760989,3412740,18868,1
21.569248,0.002015,2.04612,203.934223,3432820,18869,1
21.571271,0.002023,2.039564,203.291532,3421820,18870,2
21.575303,0.004032,2.037305,203.07008,3418030,18872,1
21.577325,0.002022,2.041334,203.465047,3424790,18873,1
21.579341,0.002016,2.040517,203.384956,3423420,18874,1
21.581357,0.002016,2.034169,202.762655,3412770,18875,2
21.585396,0.004039,2.035755,202.918132,3415430,18877,1
21.587412,0.002016,2.036554,202.996459,3416770,18878,1
21.589434,0.002022,2.034056,202.751578,3412580,18879,1
21.59145,0.002016,2.036577,202.998714,3416810,18880,1
21.593472,0.002022,2.032071,202.556987,3409250,18881,2
21.597504,0.004032,2.031797,202.530126,3408790,18883,1
21.599527,0.002023,2.042454,203.574841,3426670,18884,1
21.601543,0.002016,2.024639,201.828421,3396780,18885,1
21.603559,0.002016,2.036548,202.995871,3416760,18886,2
21.607597,0.004038,2.039999,203.334176,3422550,18888,1
21.609613,0.002016,2.03495,202.839218,3414080,18889,1
21.611636,0.002023,2.028602,202.216917,3403430,18890,1
21.613652,0.002016,2.040499,203.383191,3423390,18891,2
21.61769,0.004038,2.041417,203.473183,3424930,18893,1
21.619706,0.002016,2.039456,203.280945,3421640,18894,1
21.621722,0.002016,2.051449,204.456629,3441760,18895,1
21.623744,0.002022,2.046037,203.926086,3432680,18896,2
21.627783,0.004039,2.047634,204.082641,3435360,18898,1
21.629799,0.002016,2.040601,203.39319,3423560,18899,1
21.631815,0.002016,2.036554,202.996459,3416770,18900,1
21.633837,0.002022,2.035576,202.900585,3415130,18901,1
21.635853,0.002016,2.036262,202.967834,3416280,18902,2
21.639892,0.004039,2.0401,203.344077,3422720,18904,1
21.641908,0.002016,2.043474,203.674833,3428380,18905,1
21.643924,0.002016,2.041519,203.483183,3425100,18906,1
21.645946,0.002022,2.027762,202.134571,3402020,18907,2
21.649978,0.004032,2.036208,202.96254,3416190,18909,1
21.652,0.002022,2.034563,202.80128,3413430,18910,1
21.654017,0.002017,2.047241,204.044115,3434700,18911,1
21.656039,0.002022,2.04972,204.287134,3438860,18912,2
21.660071,0.004032,2.043873,203.713947,3429050,18914,1
21.662087,0.002016,2.039778,203.312511,3422180,18915,1
21.664109,0.002022,2.042997,203.628072,3427580,18916,1
21.666125,0.002016,2.040881,203.420639,3424030,18917,2
21.670164,0.004039,2.038223,203.160073,3419570,18919,1
21.67218,0.002016,2.031189,202.470523,3407770,18920,1
21.674202,0.002022,2.043122,203.640326,3427790,18921,1
21.676218,0.002016,2.039415,203.276926,3421570,18922,2
21.680256,0.004038,2.041894,203.519944,3425730,18924,1
21.682272,0.002016,2.032214,202.571005,3409490,18925,1
21.684289,0.002017,2.037919,203.130271,3419060,18926,1
21.686311,0.002022,2.03957,203.29212,3421830,18927,1
21.688327,0.002016,2.037352,203.074688,3418110,18928,2
21.692365,0.004038,2.032512,202.600218,3409990,18930,1
21.694381,0.002016,2.033055,202.653449,3410900,18931,1
21.696397,0.002016,2.037251,203.064787,3417940,18932,1
21.69842,0.002023,2.040797,203.412404,3423890,18933,2
21.702452,0.004032,2.032614,202.610217,3410160,18935,1
21.704474,0.002022,2.033037,202.651684,3410870,18936,1
21.70649,0.002016,2.03197,202.547085,3409080,18937,1
21.708506,0.002016,2.029037,202.259561,3404160,18938,2
21.712545,0.004039,2.025735,201.935863,3398620,18940,1
21.71456,0.002015,2.027476,202.106535,3401540,18941,1
21.716583,0.002023,2.039111,203.247124,3421060,18942,1
21.718599,0.002016,2.028567,202.213486,3403370,18943,2
21.722637,0.004038,2.031201,202.4717,3407790,18945,1
21.724653,0.002016,2.04671,203.992061,3433810,18946,1
21.726676,0.002023,2.042633,203.592389,3426970,18947,1
21.728692,0.002016,2.039295,203.265162,3421370,18948,1
21.730708,0.002016,2.035755,202.918132,3415430,18949,2
21.734746,0.004038,2.036601,203.001067,3416850,18951,1
21.736762,0.002016,2.034873,202.831669,3413950,18952,1
21.738785,0.002023,2.032614,202.610217,3410160,18953,1
21.740801,0.002016,2.040142,203.348194,3422790,18954,2
21.744836,0.004035,2.040184,203.352311,3422860,18956,1
21.746858,0.002022,2.035075,202.851471,3414290,18957,1
21.748874,0.002016,2.031004,202.452388,3407460,18958,1
21.75089,0.002016,2.033144,202.662174,3411050,18959,2
21.754928,0.004038,2.036709,203.011654,3417030,18961,1
21.756951,0.002023,2.03799,203.137231,3419180,18962,1
21.758967,0.002016,2.049083,204.224688,3437790,18963,1
21.760983,0.002016,2.037233,203.063022,3417910,18964,2
21.765021,0.004038,2.033198,202.667467,3411140,18966,1
21.767037,0.002016,2.0271,202.069675,3400910,18967,1
21.76906,0.002023,2.036256,202.967246,3416270,18968,1
21.771076,0.002016,2.039605,203.295551,3421890,18969,1
21.773092,0.002016,2.041036,203.435834,3424290,18970,2
21.77713,0.004038,2.034938,202.838041,3414060,18972,1
21.779146,0.002016,2.035153,202.859118,3414420,18973,1
21.781168,0.002022,2.027518,202.110652,3401610,18974,1
21.783184,0.002016,2.043724,203.699341,3428800,18975,2
21.787223,0.004039,2.052695,204.578776,3443850,18977,1
21.789239,0.002016,2.037913,203.129683,3419050,18978,1
21.791255,0.002016,2.039653,203.300257,3421970,18979,1
21.793277,0.002022,2.037191,203.058905,3417840,18980,2
21.797309,0.004032,2.038652,203.202128,3420290,18982,1
21.799332,0.002023,2.039826,203.317216,3422260,18983,1
21.801348,0.002016,2.043819,203.708654,3428960,18984,1
21.803364,0.002016,2.032357,202.585023,3409730,18985,2
21.807402,0.004038,2.032453,202.594434,3409890,18987,1
21.809418,0.002016,2.03923,203.25879,3421260,18988,1
21.81144,0.002022,2.041399,203.471419,3424900,18989,1
21.813456,0.002016,2.041775,203.508278,3425530,18990,1
21.815479,0.002023,2.032423,202.591493,3409840,18991,2
21.819511,0.004032,2.029312,202.286519,3404620,18993,1
21.821533,0.002022,2.041888,203.519356,3425720,18994,1
21.823549,0.002016,2.044463,203.771785,3430040,18995,1
21.825565,0.002016,2.041519,203.483183,3425100,18996,2
21.829604,0.004039,2.039814,203.31604,3422240,18998,1
21.83162,0.002016,2.029926,202.34671,3405650,18999,1
21.833642,0.002022,2.035248,202.868431,3414580,19000,1
21.835658,0.002016,2.041703,203.50122,3425410,19001,2
21.839697,0.004039,2.041101,203.442206,3424400,19003,1
21.841713,0.002016,2.035129,202.856765,3414380,19004,1
21.843729,0.002016,2.030158,202.369453,3406040,19005,1
21.845751,0.002022,2.037287,203.068316,3418000,19006,2
21.849783,0.004032,2.043986,203.725025,3429240,19008,1
21.851805,0.002022,2.044117,203.737867,3429460,19009,1
21.853821,0.002016,2.041334,203.465047,3424790,19010,1
21.855837,0.002016,2.039301,203.26575,3421380,19011,2
21.859876,0.004039,2.039707,203.305551,3422060,19013,1
21.861892,0.002016,2.046221,203.944124,3432990,19014,1
21.863914,0.002022,2.049482,204.263803,3438460,19015,1
21.86593,0.002016,2.041769,203.50769,3425520,19016,1
21.867946,0.002016,2.040559,203.389073,3423490,19017,2
21.871984,0.004038,2.03976,203.310746,3422150,19019,1
21.874007,0.002023,2.045721,203.895108,3432150,19020,1
21.876023,0.002016,2.032673,202.616001,3410260,19021,1
21.878039,0.002016,2.038336,203.17115,3419760,19022,2
21.882077,0.004038,2.034104,202.756283,3412660,19024,1
21.884093,0.002016,2.033097,202.657566,3410970,19025,1
21.886116,0.002023,2.038223,203.160073,3419570,19026,1
21.888132,0.002016,2.041829,203.513572,3425620,19027,2
21.892164,0.004032,2.049798,204.29478,3438990,19029,1
21.894186,0.002022,2.051908,204.501626,3442530,19030,1
21.896202,0.002016,2.050692,204.38242,3440490,19031,1
21.898224,0.002022,2.042681,203.597094,3427050,19032,2
21.902256,0.004032,2.039826,203.317216,3422260,19034,1
21.904279,0.002023,2.034515,202.796574,3413350,19035,1
21.906295,0.002016,2.031302,202.481601,3407960,19036,1
21.908311,0.002016,2.035326,202.876077,3414710,19037,1
21.910333,0.002022,2.039576,203.292708,3421840,19038,2
21.914365,0.004032,2.042603,203.589448,3426920,19040,1
21.916388,0.002023,2.03737,203.076452,3418140,19041,1
21.918404,0.002016,2.045369,203.860601,3431560,19042,1
21.92042,0.002016,2.041274,203.459165,3424690,19043,2
21.924458,0.004038,2.039921,203.326529,3422420,19045,1
21.92648,0.002022,2.03234,202.583357,3409700,19046,1
21.928496,0.002016,2.0298,202.334358,3405440,19047,1
21.930512,0.002016,2.044886,203.813253,3430750,19048,2
21.934551,0.004039,2.047956,204.114207,3435900,19050,1
21.936567,0.002016,2.045143,203.838446,3431180,19051,1
21.938589,0.002022,2.048737,204.19077,3437210,19052,1
21.940605,0.002016,2.048457,204.163321,3436740,19053,2
21.944644,0.004039,2.036846,203.025084,3417260,19055,1
21.94666,0.002016,2.032781,202.626589,3410440,19056,1
21.948676,0.002016,2.041972,203.527591,3425860,19057,1
21.950698,0.002022,2.040857,203.418286,3423990,19058,1
21.952714,0.002016,2.040601,203.39319,3423560,19059,2
21.956752,0.004038,2.034521,202.797162,3413360,19061,1
21.958768,0.002016,2.045298,203.853641,3431440,19062,1
21.960791,0.002023,2.045643,203.887462,3432020,19063,1
21.962807,0.002016,2.047461,204.065682,3435070,19064,2
21.966845,0.004038,2.052552,204.564757,3443610,19066,1
21.968861,0.002016,2.052975,204.606225,3444320,19067,1
21.970877,0.002016,2.043939,203.720417,3429160,19068,1
21.9729,0.002023,2.04649,203.970494,3433440,19069,2
21.976932,0.004032,2.043849,203.711595,3429010,19071,1
21.978954,0.002022,2.044338,203.759532,3429830,19072,1
21.98097,0.002016,2.055383,204.842283,3448360,19073,1
21.982986,0.002016,2.054179,204.724254,3446340,19074,2
21.987024,0.004038,2.049184,204.234589,3437960,19076,1
21.98904,0.002016,2.047616,204.080877,3435330,19077,1
21.991063,0.002023,2.047843,204.10313,3435710,19078,1
21.993079,0.002016,2.040285,203.362212,3423030,19079,2
21.997117,0.004038,2.043265,203.654344,3428030,19081,1
21.999133,0.002016,2.041203,203.452205,3424570,19082,1
22.001149,0.002016,2.042425,203.571999,3426620,19083,1
22.003172,0.002023,2.047032,204.023627,3434350,19084,1
22.005188,0.002016,2.044207,203.74669,3429610,19085,2
22.009226,0.004038,2.048111,204.129402,3436160,19087,1
22.011242,0.002016,2.045488,203.872267,3431760,19088,1
22.013258,0.002016,2.047002,204.020686,3434300,19089,1
22.01528,0.002022,2.041423,203.473772,3424940,19090,2
22.019319,0.004039,2.045828,203.905598,3432330,19092,1
22.021335,0.002016,2.04553,203.876384,3431830,19093,1
22.023351,0.002016,2.035844,202.926857,3415580,19094,1
22.025373,0.002022,2.035522,202.895291,3415040,19095,2
22.029405,0.004032,2.046579,203.979219,3433590,19097,1
22.031428,0.002023,2.049023,204.218806,3437690,19098,1
22.033444,0.002016,2.048743,204.191358,3437220,19099,1
22.03546,0.002016,2.041858,203.516415,3425670,19100,2
22.039498,0.004038,2.048773,204.194299,3437270,19102,1
22.041514,0.002016,2.037704,203.109195,3418700,19103,1
22.043536,0.002022,2.044016,203.727966,3429290,19104,1
22.045552,0.002016,2.043355,203.663167,3428180,19105,1
22.047568,0.002016,2.038574,203.194482,3420160,19106,2
22.051607,0.004039,2.033633,202.710111,3411870,19108,1
22.053623,0.002016,2.044052,203.731495,3429350,19109,1
22.055645,0.002022,2.041847,203.515337,3425650,19110,1
22.057661,0.002016,2.043104,203.638561,3427760,19111,2
22.0617,0.004039,2.043897,203.7163,3429090,19113,1
22.063716,0.002016,2.049357,204.251549,3438250,19114,1
22.065738,0.002022,2.049446,204.260273,3438400,19115,1
22.067754,0.002016,2.04553,203.876384,3431830,19116,2
22.071792,0.004038,2.045572,203.880502,3431900,19118,1
22.073808,0.002016,2.043533,203.680617,3428480,19119,1
22.075824,0.002016,2.047038,204.024215,3434360,19120,1
22.077847,0.002023,2.051389,204.450747,3441660,19121,2
22.081879,0.004032,2.046835,204.004315,3434020,19123,1
22.083901,0.002022,2.037078,203.047827,3417650,19124,1
22.085917,0.002016,2.033013,202.649332,3410830,19125,1
22.08794,0.002023,2.039999,203.334176,3422550,19126,1
22.089956,0.002016,2.0432,203.647972,3427920,19127,2
22.093994,0.004038,2.044117,203.737867,3429460,19129,1
22.09601,0.002016,2.048594,204.176751,3436970,19130,1
22.098026,0.002016,2.047491,204.068623,3435120,19131,1
22.100048,0.002022,2.045029,203.827271,3430990,19132,2
22.104087,0.004039,2.045876,203.910303,3432410,19134,1
22.106103,0.002016,2.044421,203.767668,3429970,19135,1
22.108119,0.002016,2.045566,203.879914,3431890,19136,1
22.110141,0.002022,2.045047,203.829036,3431020,19137,2
22.114173,0.004032,2.050829,204.39585,3440720,19139,1
22.116196,0.002023,2.04199,203.529355,3425890,19140,1
22.118212,0.002016,2.041614,203.492495,3425260,19141,1
22.120228,0.002016,2.039415,203.276926,3421570,19142,2
22.124266,0.004038,2.043325,203.660226,3428130,19144,1
22.126282,0.002016,2.048439,204.161556,3436710,19145,1
22.128304,0.002022,2.04882,204.198906,3437350,19146,1
22.13032,0.002016,2.043194,203.647384,3427910,19147,1
22.132343,0.002023,2.046257,203.947653,3433050,19148,2
22.136375,0.004032,2.039629,203.297904,3421930,19150,1
22.138397,0.002022,2.046084,203.930694,3432760,19151,1
22.140413,0.002016,2.047038,204.024215,3434360,19152,1
22.142429,0.002016,2.034521,202.797162,3413360,19153,2
22.146468,0.004039,2.041864,203.517003,3425680,19155,1
22.148484,0.002016,2.037364,203.075864,3418130,19156,1
22.150506,0.002022,2.044129,203.739043,3429480,19157,1
22.152522,0.002016,2.045721,203.895108,3432150,19158,2
22.15656,0.004038,2.05031,204.344972,3439850,19160,1
22.158576,0.002016,2.044022,203.728554,3429300,19161,1
22.160599,0.002023,2.04128,203.459753,3424700,19162,1
22.162615,0.002016,2.038431,203.180463,3419920,19163,2
22.16666,0.004045,2.034754,202.820003,3413750,19165,1
22.168669,0.002009,2.04125,203.456812,3424650,19166,1
22.170685,0.002016,2.043098,203.637973,3427750,19167,1
22.172708,0.002023,2.050823,204.395262,3440710,19168,2
22.17674,0.004032,2.052069,204.517409,3442800,19170,1
22.178762,0.002022,2.050966,204.40928,3440950,19171,1
22.180778,0.002016,2.049267,204.242726,3438100,19172,1
22.182794,0.002016,2.045321,203.855896,3431480,19173,1
22.184816,0.002022,2.044547,203.78002,3430180,19174,2
22.188855,0.004039,2.040875,203.420051,3424020,19176,1
22.190871,0.002016,2.0455,203.873444,3431780,19177,1
22.192887,0.002016,2.041686,203.499554,3425380,19178,1
22.194909,0.002022,2.044815,203.806292,3430630,19179,2
22.198941,0.004032,2.040482,203.381524,3423360,19181,1
22.200964,0.002023,2.04823,204.141068,3436360,19182,1
22.20298,0.002016,2.035958,202.938033,3415770,19183,1
22.204996,0.002016,2.034253,202.77089,3412910,19184,2
22.209034,0.004038,2.038503,203.187521,3420040,19186,1
22.21105,0.002016,2.037716,203.110371,3418720,19187,1
22.213072,0.002022,2.042311,203.560823,3426430,19188,1
22.215088,0.002016,2.045369,203.860601,3431560,19189,2
22.219127,0.004039,2.048492,204.166752,3436800,19191,1
22.221143,0.002016,2.048987,204.215277,3437630,19192,1
22.223165,0.002022,2.045757,203.898637,3432210,19193,1
22.225181,0.002016,2.039659,203.300845,3421980,19194,1
22.227197,0.002016,2.041954,203.525826,3425830,19195,2
22.231236,0.004039,2.038544,203.191541,3420110,19197,1
22.233252,0.002016,2.037263,203.065963,3417960,19198,1
22.235274,0.002022,2.041137,203.445735,3424460,19199,1
22.23729,0.002016,2.045906,203.913244,3432460,19200,2
22.241328,0.004038,2.044386,203.764237,3429910,19202,1
22.243344,0.002016,2.040279,203.361624,3423020,19203,1
22.245367,0.002023,2.04097,203.429364,3424180,19204,1
22.247383,0.002016,2.050138,204.328111,3439560,19205,2
22.251421,0.004038,2.048683,204.185476,3437120,19207,1
22.253437,0.002016,2.044129,203.739043,3429480,19208,1
22.25546,0.002023,2.052975,204.606225,3444320,19209,1
22.257476,0.002016,2.046883,204.00902,3434100,19210,2
22.261514,0.004038,2.043957,203.722182,3429190,19212,1
22.26353,0.002016,2.043337,203.661403,3428150,19213,1
22.265546,0.002016,2.036721,203.01283,3417050,19214,1
22.267568,0.002022,2.038401,203.177522,3419870,19215,1
22.269584,0.002016,2.045715,203.89452,3432140,19216,2
22.273623,0.004039,2.048969,204.213513,3437600,19218,1
22.275639,0.002016,2.048874,204.2042,3437440,19219,1
22.277661,0.002022,2.04587,203.909715,3432400,19220,1
22.279677,0.002016,2.047044,204.024803,3434370,19221,2
22.283716,0.004039,2.05276,204.585148,3443960,19223,1
22.285732,0.002016,2.0459,203.912656,3432450,19224,1
22.287748,0.002016,2.043647,203.691792,3428670,19225,1
