2026-06-26 10:41:40,598  INFO   root                Session: console_20260626_104140
2026-06-26 10:41:40,599  INFO   root                Output:  C:\Users\yilin\Documents\GitHubRepo_Research\MicroTensileMachine\MicroTensileMachine\Experiment_SMACharacterizationV3\data\console_20260626_104140
2026-06-26 10:41:40,599  INFO   root                Config:  C:\Users\yilin\Documents\GitHubRepo_Research\MicroTensileMachine\MicroTensileMachine\Experiment_SMACharacterizationV3\config.yaml  headless=False
2026-06-26 10:41:41,304  INFO   LCRMeter            Auto-detecting E4980A/AL LCR meter...
2026-06-26 10:41:41,484  INFO   LCRMeter            Using VISA backend: @py
2026-06-26 10:41:42,508  INFO   LCRMeter            Found 3 instruments
2026-06-26 10:41:42,564  INFO   Driver_ZaberStage   Configuration saved to zaber_config.json
2026-06-26 10:41:42,595  INFO   Driver_ZaberStage   Connected to X-LSQ300A-E01 on COM5
2026-06-26 10:41:42,611  INFO   ZaberWorker         Zaber ready: DeviceInfo(port='COM5', device_id=50138, serial_number='143153', name='X-LSQ300A-E01', firmware_version='7.48.24004', device_type='Linear Stage', axis_count=1)
2026-06-26 10:41:42,618  INFO   LCRMeter            Connected: Keysight Technologies,E4980AL,MY54414655,B.07.05
2026-06-26 10:41:43,119  INFO   LCRMeter            Configured: 1000000Hz, 0.5V, LSRS
2026-06-26 10:41:43,119  INFO   LcrWorker           LCR ready: Keysight Technologies,E4980AL,MY54414655,B.07.05
2026-06-26 10:41:49,322  INFO   RecordingCore       Running 10.0 s full system check...
2026-06-26 10:41:59,337  WARNING  RecordingCore       HEALTH: stage parked at 101.49 mm, outside the workflow window [5.0, 40.0] — move it into range before actuating
2026-06-26 10:41:59,337  WARNING  RecordingCore       health H7    FAIL (0) — only 0 samples (need >=20)
2026-06-26 10:41:59,337  INFO   RecordingCore       health LCR   PASS (1032) — E4980 ok, 1032 samples, 300 finite
2026-06-26 10:41:59,338  INFO   RecordingCore       health stage PASS (824) — 824 reads, pos~101.49 mm (outside [5.0, 40.0] — move into range)
2026-06-26 10:42:09,391  WARNING  RecordingCore       HEALTH WARNING: H7 silent 1.0s — no new samples (critical; other instruments still recording)
2026-06-26 10:42:11,388  WARNING  PortentaReader      send_command('disarm') ignored — port not open
2026-06-26 10:42:11,450  WARNING  PortentaReader      send_command('disarm') ignored — port not open
2026-06-26 10:42:11,512  WARNING  PortentaReader      send_command('disarm') ignored — port not open
2026-06-26 10:42:11,575  WARNING  PortentaReader      send_command('disarm') ignored — port not open
2026-06-26 10:42:11,635  WARNING  PortentaReader      send_command('disarm') ignored — port not open
2026-06-26 10:42:11,697  WARNING  PortentaReader      send_command('disarm') ignored — port not open
2026-06-26 10:42:11,760  WARNING  PortentaReader      send_command('disarm') ignored — port not open
2026-06-26 10:42:11,822  WARNING  PortentaReader      send_command('disarm') ignored — port not open
2026-06-26 10:42:11,883  WARNING  PortentaReader      send_command('disarm') ignored — port not open
2026-06-26 10:42:11,945  WARNING  PortentaReader      send_command('disarm') ignored — port not open
2026-06-26 10:42:12,023  WARNING  PortentaReader      send_command('disarm') ignored — port not open
2026-06-26 10:42:12,083  WARNING  PortentaReader      send_command('disarm') ignored — port not open
2026-06-26 10:42:12,145  WARNING  PortentaReader      send_command('disarm') ignored — port not open
2026-06-26 10:42:12,207  WARNING  PortentaReader      send_command('disarm') ignored — port not open
2026-06-26 10:42:12,269  WARNING  PortentaReader      send_command('disarm') ignored — port not open
2026-06-26 10:42:12,331  WARNING  PortentaReader      send_command('disarm') ignored — port not open
2026-06-26 10:42:12,393  WARNING  PortentaReader      send_command('disarm') ignored — port not open
2026-06-26 10:42:12,456  WARNING  PortentaReader      send_command('disarm') ignored — port not open
2026-06-26 10:42:12,518  WARNING  PortentaReader      send_command('disarm') ignored — port not open
2026-06-26 10:42:12,580  WARNING  PortentaReader      send_command('disarm') ignored — port not open
2026-06-26 10:42:12,642  WARNING  PortentaReader      send_command('disarm') ignored — port not open
2026-06-26 10:42:12,705  WARNING  PortentaReader      send_command('disarm') ignored — port not open
2026-06-26 10:42:12,766  WARNING  PortentaReader      send_command('disarm') ignored — port not open
2026-06-26 10:42:12,828  WARNING  PortentaReader      send_command('disarm') ignored — port not open
2026-06-26 10:42:12,890  WARNING  PortentaReader      send_command('disarm') ignored — port not open
2026-06-26 10:42:12,952  WARNING  PortentaReader      send_command('disarm') ignored — port not open
2026-06-26 10:42:13,013  WARNING  PortentaReader      send_command('disarm') ignored — port not open
2026-06-26 10:42:13,075  WARNING  PortentaReader      send_command('disarm') ignored — port not open
2026-06-26 10:42:13,136  WARNING  PortentaReader      send_command('disarm') ignored — port not open
2026-06-26 10:42:13,197  WARNING  PortentaReader      send_command('disarm') ignored — port not open
2026-06-26 10:42:13,259  WARNING  PortentaReader      send_command('disarm') ignored — port not open
2026-06-26 10:42:13,321  WARNING  PortentaReader      send_command('disarm') ignored — port not open
2026-06-26 10:42:13,382  WARNING  PortentaReader      send_command('disarm') ignored — port not open
2026-06-26 10:42:13,460  WARNING  PortentaReader      send_command('disarm') ignored — port not open
2026-06-26 10:42:13,521  WARNING  PortentaReader      send_command('disarm') ignored — port not open
2026-06-26 10:42:13,582  WARNING  PortentaReader      send_command('disarm') ignored — port not open
2026-06-26 10:42:13,644  WARNING  PortentaReader      send_command('disarm') ignored — port not open
2026-06-26 10:42:13,706  WARNING  PortentaReader      send_command('disarm') ignored — port not open
2026-06-26 10:42:13,768  WARNING  PortentaReader      send_command('disarm') ignored — port not open
2026-06-26 10:42:13,828  WARNING  PortentaReader      send_command('disarm') ignored — port not open
2026-06-26 10:42:13,891  WARNING  PortentaReader      send_command('disarm') ignored — port not open
2026-06-26 10:42:13,953  WARNING  PortentaReader      send_command('disarm') ignored — port not open
2026-06-26 10:42:14,014  WARNING  PortentaReader      send_command('disarm') ignored — port not open
2026-06-26 10:42:14,076  WARNING  PortentaReader      send_command('disarm') ignored — port not open
2026-06-26 10:42:14,138  WARNING  PortentaReader      send_command('disarm') ignored — port not open
2026-06-26 10:42:14,199  WARNING  PortentaReader      send_command('disarm') ignored — port not open
2026-06-26 10:42:14,262  WARNING  PortentaReader      send_command('disarm') ignored — port not open
2026-06-26 10:42:14,325  WARNING  PortentaReader      send_command('disarm') ignored — port not open
2026-06-26 10:42:14,387  WARNING  PortentaReader      send_command('disarm') ignored — port not open
2026-06-26 10:42:14,448  WARNING  PortentaReader      send_command('disarm') ignored — port not open
2026-06-26 10:42:14,511  WARNING  PortentaReader      send_command('disarm') ignored — port not open
2026-06-26 10:42:14,573  WARNING  PortentaReader      send_command('disarm') ignored — port not open
2026-06-26 10:42:14,635  WARNING  PortentaReader      send_command('disarm') ignored — port not open
2026-06-26 10:42:14,696  WARNING  PortentaReader      send_command('disarm') ignored — port not open
2026-06-26 10:42:14,758  WARNING  PortentaReader      send_command('disarm') ignored — port not open
2026-06-26 10:42:14,821  WARNING  PortentaReader      send_command('disarm') ignored — port not open
2026-06-26 10:42:14,884  WARNING  PortentaReader      send_command('disarm') ignored — port not open
2026-06-26 10:42:14,946  WARNING  PortentaReader      send_command('disarm') ignored — port not open
2026-06-26 10:42:15,008  WARNING  PortentaReader      send_command('disarm') ignored — port not open
2026-06-26 10:42:15,084  WARNING  PortentaReader      send_command('disarm') ignored — port not open
2026-06-26 10:42:15,146  WARNING  PortentaReader      send_command('disarm') ignored — port not open
2026-06-26 10:42:15,208  WARNING  PortentaReader      send_command('disarm') ignored — port not open
2026-06-26 10:42:15,270  WARNING  PortentaReader      send_command('disarm') ignored — port not open
2026-06-26 10:42:15,332  WARNING  PortentaReader      send_command('disarm') ignored — port not open
2026-06-26 10:42:15,393  WARNING  PortentaReader      send_command('disarm') ignored — port not open
2026-06-26 10:42:15,454  WARNING  PortentaReader      send_command('disarm') ignored — port not open
2026-06-26 10:42:15,515  WARNING  PortentaReader      send_command('disarm') ignored — port not open
2026-06-26 10:42:15,577  WARNING  PortentaReader      send_command('disarm') ignored — port not open
2026-06-26 10:42:15,639  WARNING  PortentaReader      send_command('disarm') ignored — port not open
2026-06-26 10:42:15,701  WARNING  PortentaReader      send_command('disarm') ignored — port not open
2026-06-26 10:42:15,762  WARNING  PortentaReader      send_command('disarm') ignored — port not open
2026-06-26 10:42:15,824  WARNING  PortentaReader      send_command('disarm') ignored — port not open
2026-06-26 10:42:15,885  WARNING  PortentaReader      send_command('disarm') ignored — port not open
2026-06-26 10:42:15,948  WARNING  PortentaReader      send_command('disarm') ignored — port not open
2026-06-26 10:42:16,010  WARNING  PortentaReader      send_command('disarm') ignored — port not open
2026-06-26 10:42:16,071  WARNING  PortentaReader      send_command('disarm') ignored — port not open
2026-06-26 10:42:16,134  WARNING  PortentaReader      send_command('disarm') ignored — port not open
2026-06-26 10:42:16,197  WARNING  PortentaReader      send_command('disarm') ignored — port not open
2026-06-26 10:42:16,260  WARNING  PortentaReader      send_command('disarm') ignored — port not open
2026-06-26 10:42:16,322  WARNING  PortentaReader      send_command('disarm') ignored — port not open
2026-06-26 10:42:16,382  WARNING  PortentaReader      send_command('disarm') ignored — port not open
2026-06-26 10:42:16,445  WARNING  PortentaReader      send_command('disarm') ignored — port not open
2026-06-26 10:42:16,522  WARNING  PortentaReader      send_command('disarm') ignored — port not open
2026-06-26 10:42:16,584  WARNING  PortentaReader      send_command('disarm') ignored — port not open
2026-06-26 10:42:16,646  WARNING  PortentaReader      send_command('disarm') ignored — port not open
2026-06-26 10:42:16,708  WARNING  PortentaReader      send_command('disarm') ignored — port not open
2026-06-26 10:42:16,771  WARNING  PortentaReader      send_command('disarm') ignored — port not open
2026-06-26 10:42:16,833  WARNING  PortentaReader      send_command('disarm') ignored — port not open
2026-06-26 10:42:16,896  WARNING  PortentaReader      send_command('disarm') ignored — port not open
2026-06-26 10:42:16,959  WARNING  PortentaReader      send_command('disarm') ignored — port not open
2026-06-26 10:42:17,021  WARNING  PortentaReader      send_command('disarm') ignored — port not open
2026-06-26 10:42:17,082  WARNING  PortentaReader      send_command('disarm') ignored — port not open
2026-06-26 10:42:17,144  WARNING  PortentaReader      send_command('disarm') ignored — port not open
2026-06-26 10:42:17,206  WARNING  PortentaReader      send_command('disarm') ignored — port not open
2026-06-26 10:42:17,268  WARNING  PortentaReader      send_command('disarm') ignored — port not open
2026-06-26 10:42:17,330  WARNING  PortentaReader      send_command('disarm') ignored — port not open
2026-06-26 10:42:17,391  WARNING  PortentaReader      send_command('disarm') ignored — port not open
2026-06-26 10:42:17,453  WARNING  PortentaReader      send_command('disarm') ignored — port not open
2026-06-26 10:42:17,514  WARNING  PortentaReader      send_command('disarm') ignored — port not open
2026-06-26 10:42:17,575  WARNING  PortentaReader      send_command('disarm') ignored — port not open
2026-06-26 10:42:17,637  WARNING  PortentaReader      send_command('disarm') ignored — port not open
2026-06-26 10:42:17,699  WARNING  PortentaReader      send_command('disarm') ignored — port not open
2026-06-26 10:42:17,761  WARNING  PortentaReader      send_command('disarm') ignored — port not open
2026-06-26 10:42:17,822  WARNING  PortentaReader      send_command('disarm') ignored — port not open
2026-06-26 10:42:17,884  WARNING  PortentaReader      send_command('disarm') ignored — port not open
2026-06-26 10:42:17,946  WARNING  PortentaReader      send_command('disarm') ignored — port not open
2026-06-26 10:42:18,007  WARNING  PortentaReader      send_command('disarm') ignored — port not open
2026-06-26 10:42:18,085  WARNING  PortentaReader      send_command('disarm') ignored — port not open
2026-06-26 10:42:18,163  WARNING  PortentaReader      send_command('disarm') ignored — port not open
2026-06-26 10:42:18,225  WARNING  PortentaReader      send_command('disarm') ignored — port not open
2026-06-26 10:42:18,287  WARNING  PortentaReader      send_command('disarm') ignored — port not open
2026-06-26 10:42:18,349  WARNING  PortentaReader      send_command('disarm') ignored — port not open
2026-06-26 10:42:18,410  WARNING  PortentaReader      send_command('disarm') ignored — port not open
2026-06-26 10:42:18,473  WARNING  PortentaReader      send_command('disarm') ignored — port not open
2026-06-26 10:42:18,533  WARNING  PortentaReader      send_command('disarm') ignored — port not open
2026-06-26 10:42:18,596  WARNING  PortentaReader      send_command('disarm') ignored — port not open
2026-06-26 10:42:18,657  WARNING  PortentaReader      send_command('disarm') ignored — port not open
2026-06-26 10:42:18,719  WARNING  PortentaReader      send_command('disarm') ignored — port not open
2026-06-26 10:42:18,781  WARNING  PortentaReader      send_command('disarm') ignored — port not open
2026-06-26 10:42:18,843  WARNING  PortentaReader      send_command('disarm') ignored — port not open
2026-06-26 10:42:18,904  WARNING  PortentaReader      send_command('disarm') ignored — port not open
2026-06-26 10:42:18,965  WARNING  PortentaReader      send_command('disarm') ignored — port not open
2026-06-26 10:42:19,028  WARNING  PortentaReader      send_command('disarm') ignored — port not open
2026-06-26 10:42:19,088  WARNING  PortentaReader      send_command('disarm') ignored — port not open
2026-06-26 10:42:19,151  WARNING  PortentaReader      send_command('disarm') ignored — port not open
2026-06-26 10:42:19,214  WARNING  PortentaReader      send_command('disarm') ignored — port not open
2026-06-26 10:42:19,274  WARNING  PortentaReader      send_command('disarm') ignored — port not open
2026-06-26 10:42:19,337  WARNING  PortentaReader      send_command('disarm') ignored — port not open
2026-06-26 10:42:19,400  WARNING  PortentaReader      send_command('disarm') ignored — port not open
2026-06-26 10:42:19,461  WARNING  PortentaReader      send_command('disarm') ignored — port not open
2026-06-26 10:42:19,523  WARNING  PortentaReader      send_command('disarm') ignored — port not open
2026-06-26 10:42:19,600  WARNING  PortentaReader      send_command('disarm') ignored — port not open
2026-06-26 10:42:19,662  WARNING  PortentaReader      send_command('disarm') ignored — port not open
2026-06-26 10:42:19,724  WARNING  PortentaReader      send_command('disarm') ignored — port not open
2026-06-26 10:42:19,786  WARNING  PortentaReader      send_command('disarm') ignored — port not open
2026-06-26 10:42:19,850  WARNING  PortentaReader      send_command('disarm') ignored — port not open
2026-06-26 10:42:19,911  WARNING  PortentaReader      send_command('disarm') ignored — port not open
2026-06-26 10:42:19,974  WARNING  PortentaReader      send_command('disarm') ignored — port not open
2026-06-26 10:42:20,035  WARNING  PortentaReader      send_command('disarm') ignored — port not open
2026-06-26 10:42:20,097  WARNING  PortentaReader      send_command('disarm') ignored — port not open
2026-06-26 10:42:20,158  WARNING  PortentaReader      send_command('disarm') ignored — port not open
2026-06-26 10:42:20,220  WARNING  PortentaReader      send_command('disarm') ignored — port not open
2026-06-26 10:42:20,283  WARNING  PortentaReader      send_command('disarm') ignored — port not open
2026-06-26 10:42:20,345  WARNING  PortentaReader      send_command('disarm') ignored — port not open
2026-06-26 10:42:20,406  WARNING  PortentaReader      send_command('disarm') ignored — port not open
2026-06-26 10:42:20,467  WARNING  PortentaReader      send_command('disarm') ignored — port not open
2026-06-26 10:42:20,529  WARNING  PortentaReader      send_command('disarm') ignored — port not open
2026-06-26 10:42:20,591  WARNING  PortentaReader      send_command('disarm') ignored — port not open
2026-06-26 10:42:20,677  WARNING  PortentaReader      send_command('disarm') ignored — port not open
2026-06-26 10:42:20,714  WARNING  PortentaReader      send_command('disarm') ignored — port not open
2026-06-26 10:42:20,776  WARNING  PortentaReader      send_command('disarm') ignored — port not open
2026-06-26 10:42:20,837  WARNING  PortentaReader      send_command('disarm') ignored — port not open
2026-06-26 10:42:20,898  WARNING  PortentaReader      send_command('disarm') ignored — port not open
2026-06-26 10:42:20,969  WARNING  PortentaReader      send_command('disarm') ignored — port not open
2026-06-26 10:42:21,038  WARNING  PortentaReader      send_command('disarm') ignored — port not open
2026-06-26 10:42:21,099  WARNING  PortentaReader      send_command('disarm') ignored — port not open
2026-06-26 10:42:21,161  WARNING  PortentaReader      send_command('disarm') ignored — port not open
2026-06-26 10:42:21,222  WARNING  PortentaReader      send_command('disarm') ignored — port not open
2026-06-26 10:42:21,284  WARNING  PortentaReader      send_command('disarm') ignored — port not open
2026-06-26 10:42:21,345  WARNING  PortentaReader      send_command('disarm') ignored — port not open
2026-06-26 10:42:21,408  WARNING  PortentaReader      send_command('disarm') ignored — port not open
2026-06-26 10:42:21,470  WARNING  PortentaReader      send_command('disarm') ignored — port not open
2026-06-26 10:42:21,532  WARNING  PortentaReader      send_command('disarm') ignored — port not open
2026-06-26 10:42:21,594  WARNING  PortentaReader      send_command('disarm') ignored — port not open
2026-06-26 10:42:21,655  WARNING  PortentaReader      send_command('disarm') ignored — port not open
2026-06-26 10:42:21,716  WARNING  PortentaReader      send_command('disarm') ignored — port not open
2026-06-26 10:42:21,778  WARNING  PortentaReader      send_command('disarm') ignored — port not open
2026-06-26 10:42:21,839  WARNING  PortentaReader      send_command('disarm') ignored — port not open
2026-06-26 10:42:21,901  WARNING  PortentaReader      send_command('disarm') ignored — port not open
2026-06-26 10:42:21,964  WARNING  PortentaReader      send_command('disarm') ignored — port not open
2026-06-26 10:42:22,026  WARNING  PortentaReader      send_command('disarm') ignored — port not open
2026-06-26 10:42:22,088  WARNING  PortentaReader      send_command('disarm') ignored — port not open
2026-06-26 10:42:22,149  WARNING  PortentaReader      send_command('disarm') ignored — port not open
2026-06-26 10:42:22,225  WARNING  PortentaReader      send_command('disarm') ignored — port not open
2026-06-26 10:42:22,287  WARNING  PortentaReader      send_command('disarm') ignored — port not open
2026-06-26 10:42:22,349  WARNING  PortentaReader      send_command('disarm') ignored — port not open
2026-06-26 10:42:22,401  WARNING  PortentaReader      send_command('disarm') ignored — port not open
2026-06-26 10:42:22,472  WARNING  PortentaReader      send_command('disarm') ignored — port not open
2026-06-26 10:42:22,533  WARNING  PortentaReader      send_command('disarm') ignored — port not open
2026-06-26 10:42:22,594  WARNING  PortentaReader      send_command('disarm') ignored — port not open
2026-06-26 10:42:22,648  WARNING  PortentaReader      send_command('disarm') ignored — port not open
2026-06-26 10:42:22,719  WARNING  PortentaReader      send_command('disarm') ignored — port not open
2026-06-26 10:42:22,779  WARNING  PortentaReader      send_command('disarm') ignored — port not open
2026-06-26 10:42:22,842  WARNING  PortentaReader      send_command('disarm') ignored — port not open
2026-06-26 10:42:22,904  WARNING  PortentaReader      send_command('disarm') ignored — port not open
2026-06-26 10:42:22,966  WARNING  PortentaReader      send_command('disarm') ignored — port not open
2026-06-26 10:42:23,027  WARNING  PortentaReader      send_command('disarm') ignored — port not open
2026-06-26 10:42:23,089  WARNING  PortentaReader      send_command('disarm') ignored — port not open
2026-06-26 10:42:23,151  WARNING  PortentaReader      send_command('disarm') ignored — port not open
2026-06-26 10:42:23,212  WARNING  PortentaReader      send_command('disarm') ignored — port not open
2026-06-26 10:42:23,274  WARNING  PortentaReader      send_command('disarm') ignored — port not open
2026-06-26 10:42:23,351  WARNING  PortentaReader      send_command('disarm') ignored — port not open
2026-06-26 10:42:23,412  WARNING  PortentaReader      send_command('disarm') ignored — port not open
2026-06-26 10:42:23,474  WARNING  PortentaReader      send_command('disarm') ignored — port not open
2026-06-26 10:42:23,526  WARNING  PortentaReader      send_command('disarm') ignored — port not open
2026-06-26 10:42:23,598  WARNING  PortentaReader      send_command('disarm') ignored — port not open
2026-06-26 10:42:23,660  WARNING  PortentaReader      send_command('disarm') ignored — port not open
2026-06-26 10:42:23,722  WARNING  PortentaReader      send_command('disarm') ignored — port not open
2026-06-26 10:42:23,784  WARNING  PortentaReader      send_command('disarm') ignored — port not open
2026-06-26 10:42:23,845  WARNING  PortentaReader      send_command('disarm') ignored — port not open
2026-06-26 10:42:23,907  WARNING  PortentaReader      send_command('disarm') ignored — port not open
2026-06-26 10:42:23,969  WARNING  PortentaReader      send_command('disarm') ignored — port not open
2026-06-26 10:42:24,030  WARNING  PortentaReader      send_command('disarm') ignored — port not open
2026-06-26 10:42:24,092  WARNING  PortentaReader      send_command('disarm') ignored — port not open
2026-06-26 10:42:24,154  WARNING  PortentaReader      send_command('disarm') ignored — port not open
2026-06-26 10:42:24,216  WARNING  PortentaReader      send_command('disarm') ignored — port not open
2026-06-26 10:42:24,278  WARNING  PortentaReader      send_command('disarm') ignored — port not open
2026-06-26 10:42:24,341  WARNING  PortentaReader      send_command('disarm') ignored — port not open
2026-06-26 10:42:24,402  WARNING  PortentaReader      send_command('disarm') ignored — port not open
2026-06-26 10:42:24,465  WARNING  PortentaReader      send_command('disarm') ignored — port not open
2026-06-26 10:42:24,526  WARNING  PortentaReader      send_command('disarm') ignored — port not open
2026-06-26 10:42:24,588  WARNING  PortentaReader      send_command('disarm') ignored — port not open
2026-06-26 10:42:24,650  WARNING  PortentaReader      send_command('disarm') ignored — port not open
2026-06-26 10:42:24,711  WARNING  PortentaReader      send_command('disarm') ignored — port not open
2026-06-26 10:42:24,773  WARNING  PortentaReader      send_command('disarm') ignored — port not open
2026-06-26 10:42:24,851  WARNING  PortentaReader      send_command('disarm') ignored — port not open
2026-06-26 10:42:24,914  WARNING  PortentaReader      send_command('disarm') ignored — port not open
2026-06-26 10:42:24,962  WARNING  PortentaReader      send_command('disarm') ignored — port not open
2026-06-26 10:42:25,038  WARNING  PortentaReader      send_command('disarm') ignored — port not open
2026-06-26 10:42:25,101  WARNING  PortentaReader      send_command('disarm') ignored — port not open
2026-06-26 10:42:25,163  WARNING  PortentaReader      send_command('disarm') ignored — port not open
2026-06-26 10:42:25,225  WARNING  PortentaReader      send_command('disarm') ignored — port not open
2026-06-26 10:42:25,287  WARNING  PortentaReader      send_command('disarm') ignored — port not open
2026-06-26 10:42:25,347  WARNING  PortentaReader      send_command('disarm') ignored — port not open
2026-06-26 10:42:25,409  WARNING  PortentaReader      send_command('disarm') ignored — port not open
2026-06-26 10:42:25,470  WARNING  PortentaReader      send_command('disarm') ignored — port not open
2026-06-26 10:42:25,533  WARNING  PortentaReader      send_command('disarm') ignored — port not open
2026-06-26 10:42:25,595  WARNING  PortentaReader      send_command('disarm') ignored — port not open
2026-06-26 10:42:25,659  WARNING  PortentaReader      send_command('disarm') ignored — port not open
2026-06-26 10:42:25,723  WARNING  PortentaReader      send_command('disarm') ignored — port not open
2026-06-26 10:42:25,785  WARNING  PortentaReader      send_command('disarm') ignored — port not open
2026-06-26 10:42:25,846  WARNING  PortentaReader      send_command('disarm') ignored — port not open
2026-06-26 10:42:25,908  WARNING  PortentaReader      send_command('disarm') ignored — port not open
2026-06-26 10:42:25,971  WARNING  PortentaReader      send_command('disarm') ignored — port not open
2026-06-26 10:42:26,033  WARNING  PortentaReader      send_command('disarm') ignored — port not open
2026-06-26 10:42:26,094  WARNING  PortentaReader      send_command('disarm') ignored — port not open
2026-06-26 10:42:26,155  WARNING  PortentaReader      send_command('disarm') ignored — port not open
2026-06-26 10:42:26,216  WARNING  PortentaReader      send_command('disarm') ignored — port not open
2026-06-26 10:42:26,278  WARNING  PortentaReader      send_command('disarm') ignored — port not open
2026-06-26 10:42:26,340  WARNING  PortentaReader      send_command('disarm') ignored — port not open
2026-06-26 10:42:26,401  WARNING  PortentaReader      send_command('disarm') ignored — port not open
2026-06-26 10:42:26,463  WARNING  PortentaReader      send_command('disarm') ignored — port not open
2026-06-26 10:42:26,524  WARNING  PortentaReader      send_command('disarm') ignored — port not open
2026-06-26 10:42:26,586  WARNING  PortentaReader      send_command('disarm') ignored — port not open
2026-06-26 10:42:26,649  WARNING  PortentaReader      send_command('disarm') ignored — port not open
2026-06-26 10:42:26,726  WARNING  PortentaReader      send_command('disarm') ignored — port not open
2026-06-26 10:42:26,787  WARNING  PortentaReader      send_command('disarm') ignored — port not open
2026-06-26 10:42:26,849  WARNING  PortentaReader      send_command('disarm') ignored — port not open
2026-06-26 10:42:26,911  WARNING  PortentaReader      send_command('disarm') ignored — port not open
2026-06-26 10:42:26,974  WARNING  PortentaReader      send_command('disarm') ignored — port not open
2026-06-26 10:42:27,035  WARNING  PortentaReader      send_command('disarm') ignored — port not open
2026-06-26 10:42:27,096  WARNING  PortentaReader      send_command('disarm') ignored — port not open
2026-06-26 10:42:27,159  WARNING  PortentaReader      send_command('disarm') ignored — port not open
2026-06-26 10:42:27,219  WARNING  PortentaReader      send_command('disarm') ignored — port not open
2026-06-26 10:42:27,281  WARNING  PortentaReader      send_command('disarm') ignored — port not open
2026-06-26 10:42:27,344  WARNING  PortentaReader      send_command('disarm') ignored — port not open
2026-06-26 10:42:27,407  WARNING  PortentaReader      send_command('disarm') ignored — port not open
2026-06-26 10:42:27,468  WARNING  PortentaReader      send_command('disarm') ignored — port not open
2026-06-26 10:42:27,530  WARNING  PortentaReader      send_command('disarm') ignored — port not open
2026-06-26 10:42:27,593  WARNING  PortentaReader      send_command('disarm') ignored — port not open
2026-06-26 10:42:27,655  WARNING  PortentaReader      send_command('disarm') ignored — port not open
2026-06-26 10:42:27,717  WARNING  PortentaReader      send_command('disarm') ignored — port not open
2026-06-26 10:42:27,778  WARNING  PortentaReader      send_command('disarm') ignored — port not open
2026-06-26 10:42:27,840  WARNING  PortentaReader      send_command('disarm') ignored — port not open
2026-06-26 10:42:27,902  WARNING  PortentaReader      send_command('disarm') ignored — port not open
2026-06-26 10:42:27,963  WARNING  PortentaReader      send_command('disarm') ignored — port not open
2026-06-26 10:42:28,027  WARNING  PortentaReader      send_command('disarm') ignored — port not open
2026-06-26 10:42:28,088  WARNING  PortentaReader      send_command('disarm') ignored — port not open
2026-06-26 10:42:28,150  WARNING  PortentaReader      send_command('disarm') ignored — port not open
2026-06-26 10:42:28,156  ERROR  H7Worker            H7 worker crashed: Cannot configure port, something went wrong. Original message: PermissionError(13, 'A device attached to the system is not functioning.', None, 31)
Traceback (most recent call last):
  File "c:\Users\yilin\Documents\GitHubRepo_Research\MicroTensileMachine\MicroTensileMachine\Experiment_SMACharacterizationV3\workers.py", line 219, in run
    self._main_loop()
  File "c:\Users\yilin\Documents\GitHubRepo_Research\MicroTensileMachine\MicroTensileMachine\Experiment_SMACharacterizationV3\workers.py", line 238, in _main_loop
    with reader:
         ^^^^^^
  File "C:\Users\yilin\Documents\GitHubRepo_Research\MicroTensileMachine\MicroTensileMachine\Calibrate_LaserHead\portenta_reader.py", line 330, in __enter__
    self.open()
  File "C:\Users\yilin\Documents\GitHubRepo_Research\MicroTensileMachine\MicroTensileMachine\Calibrate_LaserHead\portenta_reader.py", line 284, in open
    self._ser = serial.Serial(
                ^^^^^^^^^^^^^^
  File "C:\Users\yilin\AppData\Local\Programs\Python\Python312\Lib\site-packages\serial\serialwin32.py", line 33, in __init__
    super(Serial, self).__init__(*args, **kwargs)
  File "C:\Users\yilin\AppData\Local\Programs\Python\Python312\Lib\site-packages\serial\serialutil.py", line 244, in __init__
    self.open()
  File "C:\Users\yilin\AppData\Local\Programs\Python\Python312\Lib\site-packages\serial\serialwin32.py", line 80, in open
    self._reconfigure_port()
  File "C:\Users\yilin\AppData\Local\Programs\Python\Python312\Lib\site-packages\serial\serialwin32.py", line 222, in _reconfigure_port
    raise SerialException(
serial.serialutil.SerialException: Cannot configure port, something went wrong. Original message: PermissionError(13, 'A device attached to the system is not functioning.', None, 31)
2026-06-26 10:42:28,160  INFO   H7Worker            H7 worker exit  (pushed=0, dropped=0, filtered=0)
2026-06-26 10:42:28,214  WARNING  PortentaReader      send_command('disarm') ignored — port not open
2026-06-26 10:42:28,275  WARNING  PortentaReader      send_command('disarm') ignored — port not open
2026-06-26 10:42:28,337  WARNING  PortentaReader      send_command('disarm') ignored — port not open
2026-06-26 10:42:28,398  WARNING  PortentaReader      send_command('disarm') ignored — port not open
2026-06-26 10:42:28,461  WARNING  PortentaReader      send_command('disarm') ignored — port not open
2026-06-26 10:42:28,549  WARNING  PortentaReader      send_command('disarm') ignored — port not open
2026-06-26 10:42:28,600  WARNING  PortentaReader      send_command('disarm') ignored — port not open
2026-06-26 10:42:28,662  WARNING  PortentaReader      send_command('disarm') ignored — port not open
2026-06-26 10:42:28,722  WARNING  PortentaReader      send_command('disarm') ignored — port not open
2026-06-26 10:42:28,788  WARNING  PortentaReader      send_command('disarm') ignored — port not open
2026-06-26 10:42:28,849  WARNING  PortentaReader      send_command('disarm') ignored — port not open
2026-06-26 10:42:28,911  WARNING  PortentaReader      send_command('disarm') ignored — port not open
2026-06-26 10:42:28,973  WARNING  PortentaReader      send_command('disarm') ignored — port not open
2026-06-26 10:42:29,036  WARNING  PortentaReader      send_command('disarm') ignored — port not open
2026-06-26 10:42:29,098  WARNING  PortentaReader      send_command('disarm') ignored — port not open
2026-06-26 10:42:29,160  WARNING  PortentaReader      send_command('disarm') ignored — port not open
2026-06-26 10:42:29,224  WARNING  PortentaReader      send_command('disarm') ignored — port not open
2026-06-26 10:42:29,324  WARNING  PortentaReader      send_command('disarm') ignored — port not open
2026-06-26 10:42:29,338  WARNING  PortentaReader      send_command('disarm') ignored — port not open
2026-06-26 10:42:29,409  WARNING  PortentaReader      send_command('disarm') ignored — port not open
2026-06-26 10:42:29,471  WARNING  PortentaReader      send_command('disarm') ignored — port not open
2026-06-26 10:42:29,528  WARNING  PortentaReader      send_command('disarm') ignored — port not open
2026-06-26 10:42:29,594  WARNING  PortentaReader      send_command('disarm') ignored — port not open
2026-06-26 10:42:29,656  WARNING  PortentaReader      send_command('disarm') ignored — port not open
2026-06-26 10:42:29,719  WARNING  PortentaReader      send_command('disarm') ignored — port not open
2026-06-26 10:42:29,780  WARNING  PortentaReader      send_command('disarm') ignored — port not open
2026-06-26 10:42:29,842  WARNING  PortentaReader      send_command('disarm') ignored — port not open
2026-06-26 10:42:29,902  WARNING  PortentaReader      send_command('disarm') ignored — port not open
2026-06-26 10:42:29,965  WARNING  PortentaReader      send_command('disarm') ignored — port not open
2026-06-26 10:42:30,027  WARNING  PortentaReader      send_command('disarm') ignored — port not open
2026-06-26 10:42:30,089  WARNING  PortentaReader      send_command('disarm') ignored — port not open
2026-06-26 10:42:30,150  WARNING  PortentaReader      send_command('disarm') ignored — port not open
2026-06-26 10:42:30,212  WARNING  PortentaReader      send_command('disarm') ignored — port not open
2026-06-26 10:42:30,289  WARNING  PortentaReader      send_command('disarm') ignored — port not open
2026-06-26 10:42:30,336  WARNING  PortentaReader      send_command('disarm') ignored — port not open
2026-06-26 10:42:30,399  WARNING  PortentaReader      send_command('disarm') ignored — port not open
2026-06-26 10:42:30,462  WARNING  PortentaReader      send_command('disarm') ignored — port not open
2026-06-26 10:42:30,539  WARNING  PortentaReader      send_command('disarm') ignored — port not open
2026-06-26 10:42:30,602  WARNING  PortentaReader      send_command('disarm') ignored — port not open
2026-06-26 10:42:30,663  WARNING  PortentaReader      send_command('disarm') ignored — port not open
2026-06-26 10:42:30,724  WARNING  PortentaReader      send_command('disarm') ignored — port not open
2026-06-26 10:42:30,786  WARNING  PortentaReader      send_command('disarm') ignored — port not open
2026-06-26 10:42:30,849  WARNING  PortentaReader      send_command('disarm') ignored — port not open
2026-06-26 10:42:30,909  WARNING  PortentaReader      send_command('disarm') ignored — port not open
2026-06-26 10:42:30,971  WARNING  PortentaReader      send_command('disarm') ignored — port not open
2026-06-26 10:42:31,033  WARNING  PortentaReader      send_command('disarm') ignored — port not open
2026-06-26 10:42:31,096  WARNING  PortentaReader      send_command('disarm') ignored — port not open
2026-06-26 10:42:31,157  WARNING  PortentaReader      send_command('disarm') ignored — port not open
2026-06-26 10:42:31,219  WARNING  PortentaReader      send_command('disarm') ignored — port not open
2026-06-26 10:42:31,280  WARNING  PortentaReader      send_command('disarm') ignored — port not open
2026-06-26 10:42:31,343  WARNING  PortentaReader      send_command('disarm') ignored — port not open
2026-06-26 10:42:31,406  WARNING  PortentaReader      send_command('disarm') ignored — port not open
2026-06-26 10:42:31,468  WARNING  PortentaReader      send_command('disarm') ignored — port not open
2026-06-26 10:42:31,530  WARNING  PortentaReader      send_command('disarm') ignored — port not open
2026-06-26 10:42:31,593  WARNING  PortentaReader      send_command('disarm') ignored — port not open
2026-06-26 10:42:31,654  WARNING  PortentaReader      send_command('disarm') ignored — port not open
2026-06-26 10:42:31,716  WARNING  PortentaReader      send_command('disarm') ignored — port not open
2026-06-26 10:42:31,776  WARNING  PortentaReader      send_command('disarm') ignored — port not open
2026-06-26 10:42:31,839  WARNING  PortentaReader      send_command('disarm') ignored — port not open
2026-06-26 10:42:31,900  WARNING  PortentaReader      send_command('disarm') ignored — port not open
2026-06-26 10:42:31,963  WARNING  PortentaReader      send_command('disarm') ignored — port not open
2026-06-26 10:42:32,024  WARNING  PortentaReader      send_command('disarm') ignored — port not open
2026-06-26 10:42:32,086  WARNING  PortentaReader      send_command('disarm') ignored — port not open
2026-06-26 10:42:32,164  WARNING  PortentaReader      send_command('disarm') ignored — port not open
2026-06-26 10:42:32,226  WARNING  PortentaReader      send_command('disarm') ignored — port not open
2026-06-26 10:42:32,287  WARNING  PortentaReader      send_command('disarm') ignored — port not open
2026-06-26 10:42:32,348  WARNING  PortentaReader      send_command('disarm') ignored — port not open
2026-06-26 10:42:32,411  WARNING  PortentaReader      send_command('disarm') ignored — port not open
2026-06-26 10:42:32,473  WARNING  PortentaReader      send_command('disarm') ignored — port not open
2026-06-26 10:42:32,535  WARNING  PortentaReader      send_command('disarm') ignored — port not open
2026-06-26 10:42:32,597  WARNING  PortentaReader      send_command('disarm') ignored — port not open
2026-06-26 10:42:32,660  WARNING  PortentaReader      send_command('disarm') ignored — port not open
2026-06-26 10:42:32,722  WARNING  PortentaReader      send_command('disarm') ignored — port not open
2026-06-26 10:42:32,785  WARNING  PortentaReader      send_command('disarm') ignored — port not open
2026-06-26 10:42:32,847  WARNING  PortentaReader      send_command('disarm') ignored — port not open
2026-06-26 10:42:32,908  WARNING  PortentaReader      send_command('disarm') ignored — port not open
2026-06-26 10:42:32,971  WARNING  PortentaReader      send_command('disarm') ignored — port not open
2026-06-26 10:42:33,034  WARNING  PortentaReader      send_command('disarm') ignored — port not open
2026-06-26 10:42:33,095  WARNING  PortentaReader      send_command('disarm') ignored — port not open
2026-06-26 10:42:33,157  WARNING  PortentaReader      send_command('disarm') ignored — port not open
2026-06-26 10:42:33,221  WARNING  PortentaReader      send_command('disarm') ignored — port not open
2026-06-26 10:42:33,282  WARNING  PortentaReader      send_command('disarm') ignored — port not open
2026-06-26 10:42:33,344  WARNING  PortentaReader      send_command('disarm') ignored — port not open
2026-06-26 10:42:33,406  WARNING  PortentaReader      send_command('disarm') ignored — port not open
2026-06-26 10:42:33,467  WARNING  PortentaReader      send_command('disarm') ignored — port not open
2026-06-26 10:42:33,530  WARNING  PortentaReader      send_command('disarm') ignored — port not open
2026-06-26 10:42:33,591  WARNING  PortentaReader      send_command('disarm') ignored — port not open
2026-06-26 10:42:33,652  WARNING  PortentaReader      send_command('disarm') ignored — port not open
2026-06-26 10:42:33,714  WARNING  PortentaReader      send_command('disarm') ignored — port not open
2026-06-26 10:42:33,775  WARNING  PortentaReader      send_command('disarm') ignored — port not open
2026-06-26 10:42:33,836  WARNING  PortentaReader      send_command('disarm') ignored — port not open
2026-06-26 10:42:33,914  WARNING  PortentaReader      send_command('disarm') ignored — port not open
2026-06-26 10:42:33,962  WARNING  PortentaReader      send_command('disarm') ignored — port not open
2026-06-26 10:42:34,037  WARNING  PortentaReader      send_command('disarm') ignored — port not open
2026-06-26 10:42:34,098  WARNING  PortentaReader      send_command('disarm') ignored — port not open
2026-06-26 10:42:34,160  WARNING  PortentaReader      send_command('disarm') ignored — port not open
2026-06-26 10:42:34,221  WARNING  PortentaReader      send_command('disarm') ignored — port not open
2026-06-26 10:42:34,283  WARNING  PortentaReader      send_command('disarm') ignored — port not open
2026-06-26 10:42:34,343  WARNING  PortentaReader      send_command('disarm') ignored — port not open
2026-06-26 10:42:34,407  WARNING  PortentaReader      send_command('disarm') ignored — port not open
2026-06-26 10:42:34,467  WARNING  PortentaReader      send_command('disarm') ignored — port not open
2026-06-26 10:42:34,529  WARNING  PortentaReader      send_command('disarm') ignored — port not open
2026-06-26 10:42:34,615  WARNING  PortentaReader      send_command('disarm') ignored — port not open
2026-06-26 10:42:34,651  WARNING  PortentaReader      send_command('disarm') ignored — port not open
2026-06-26 10:42:34,714  WARNING  PortentaReader      send_command('disarm') ignored — port not open
2026-06-26 10:42:34,777  WARNING  PortentaReader      send_command('disarm') ignored — port not open
2026-06-26 10:42:34,839  WARNING  PortentaReader      send_command('disarm') ignored — port not open
2026-06-26 10:42:34,900  WARNING  PortentaReader      send_command('disarm') ignored — port not open
2026-06-26 10:42:34,963  WARNING  PortentaReader      send_command('disarm') ignored — port not open
2026-06-26 10:42:35,039  WARNING  PortentaReader      send_command('disarm') ignored — port not open
2026-06-26 10:42:35,101  WARNING  PortentaReader      send_command('disarm') ignored — port not open
2026-06-26 10:42:35,162  WARNING  PortentaReader      send_command('disarm') ignored — port not open
2026-06-26 10:42:35,225  WARNING  PortentaReader      send_command('disarm') ignored — port not open
2026-06-26 10:42:35,285  WARNING  PortentaReader      send_command('disarm') ignored — port not open
2026-06-26 10:42:35,348  WARNING  PortentaReader      send_command('disarm') ignored — port not open
2026-06-26 10:42:35,410  WARNING  PortentaReader      send_command('disarm') ignored — port not open
2026-06-26 10:42:35,471  WARNING  PortentaReader      send_command('disarm') ignored — port not open
2026-06-26 10:42:35,533  WARNING  PortentaReader      send_command('disarm') ignored — port not open
2026-06-26 10:42:35,595  WARNING  PortentaReader      send_command('disarm') ignored — port not open
2026-06-26 10:42:35,657  WARNING  PortentaReader      send_command('disarm') ignored — port not open
2026-06-26 10:42:35,719  WARNING  PortentaReader      send_command('disarm') ignored — port not open
2026-06-26 10:42:35,781  WARNING  PortentaReader      send_command('disarm') ignored — port not open
2026-06-26 10:42:35,843  WARNING  PortentaReader      send_command('disarm') ignored — port not open
2026-06-26 10:42:35,906  WARNING  PortentaReader      send_command('disarm') ignored — port not open
2026-06-26 10:42:35,968  WARNING  PortentaReader      send_command('disarm') ignored — port not open
2026-06-26 10:42:36,029  WARNING  PortentaReader      send_command('disarm') ignored — port not open
2026-06-26 10:42:36,092  WARNING  PortentaReader      send_command('disarm') ignored — port not open
2026-06-26 10:42:36,153  WARNING  PortentaReader      send_command('disarm') ignored — port not open
2026-06-26 10:42:36,215  WARNING  PortentaReader      send_command('disarm') ignored — port not open
2026-06-26 10:42:36,276  WARNING  PortentaReader      send_command('disarm') ignored — port not open
2026-06-26 10:42:36,338  WARNING  PortentaReader      send_command('disarm') ignored — port not open
2026-06-26 10:42:36,399  WARNING  PortentaReader      send_command('disarm') ignored — port not open
2026-06-26 10:42:36,477  WARNING  PortentaReader      send_command('disarm') ignored — port not open
2026-06-26 10:42:36,539  WARNING  PortentaReader      send_command('disarm') ignored — port not open
2026-06-26 10:42:36,601  WARNING  PortentaReader      send_command('disarm') ignored — port not open
2026-06-26 10:42:36,663  WARNING  PortentaReader      send_command('disarm') ignored — port not open
2026-06-26 10:42:36,725  WARNING  PortentaReader      send_command('disarm') ignored — port not open
2026-06-26 10:42:36,786  WARNING  PortentaReader      send_command('disarm') ignored — port not open
2026-06-26 10:42:36,848  WARNING  PortentaReader      send_command('disarm') ignored — port not open
2026-06-26 10:42:36,909  WARNING  PortentaReader      send_command('disarm') ignored — port not open
2026-06-26 10:42:36,972  WARNING  PortentaReader      send_command('disarm') ignored — port not open
2026-06-26 10:42:37,034  WARNING  PortentaReader      send_command('disarm') ignored — port not open
2026-06-26 10:42:37,096  WARNING  PortentaReader      send_command('disarm') ignored — port not open
2026-06-26 10:42:37,159  WARNING  PortentaReader      send_command('disarm') ignored — port not open
2026-06-26 10:42:37,220  WARNING  PortentaReader      send_command('disarm') ignored — port not open
2026-06-26 10:42:37,282  WARNING  PortentaReader      send_command('disarm') ignored — port not open
2026-06-26 10:42:37,344  WARNING  PortentaReader      send_command('disarm') ignored — port not open
2026-06-26 10:42:37,407  WARNING  PortentaReader      send_command('disarm') ignored — port not open
2026-06-26 10:42:37,468  WARNING  PortentaReader      send_command('disarm') ignored — port not open
2026-06-26 10:42:37,530  WARNING  PortentaReader      send_command('disarm') ignored — port not open
2026-06-26 10:42:37,593  WARNING  PortentaReader      send_command('disarm') ignored — port not open
2026-06-26 10:42:37,655  WARNING  PortentaReader      send_command('disarm') ignored — port not open
2026-06-26 10:42:37,717  WARNING  PortentaReader      send_command('disarm') ignored — port not open
2026-06-26 10:42:37,779  WARNING  PortentaReader      send_command('disarm') ignored — port not open
2026-06-26 10:42:37,843  WARNING  PortentaReader      send_command('disarm') ignored — port not open
2026-06-26 10:42:37,905  WARNING  PortentaReader      send_command('disarm') ignored — port not open
2026-06-26 10:42:37,966  WARNING  PortentaReader      send_command('disarm') ignored — port not open
2026-06-26 10:42:38,028  WARNING  PortentaReader      send_command('disarm') ignored — port not open
2026-06-26 10:42:38,091  WARNING  PortentaReader      send_command('disarm') ignored — port not open
2026-06-26 10:42:38,153  WARNING  PortentaReader      send_command('disarm') ignored — port not open
2026-06-26 10:42:38,214  WARNING  PortentaReader      send_command('disarm') ignored — port not open
2026-06-26 10:42:38,277  WARNING  PortentaReader      send_command('disarm') ignored — port not open
2026-06-26 10:42:38,339  WARNING  PortentaReader      send_command('disarm') ignored — port not open
2026-06-26 10:42:38,401  WARNING  PortentaReader      send_command('disarm') ignored — port not open
2026-06-26 10:42:38,462  WARNING  PortentaReader      send_command('disarm') ignored — port not open
2026-06-26 10:42:38,539  WARNING  PortentaReader      send_command('disarm') ignored — port not open
2026-06-26 10:42:38,600  WARNING  PortentaReader      send_command('disarm') ignored — port not open
2026-06-26 10:42:38,661  WARNING  PortentaReader      send_command('disarm') ignored — port not open
2026-06-26 10:42:38,723  WARNING  PortentaReader      send_command('disarm') ignored — port not open
2026-06-26 10:42:38,784  WARNING  PortentaReader      send_command('disarm') ignored — port not open
2026-06-26 10:42:38,846  WARNING  PortentaReader      send_command('disarm') ignored — port not open
2026-06-26 10:42:38,908  WARNING  PortentaReader      send_command('disarm') ignored — port not open
2026-06-26 10:42:38,970  WARNING  PortentaReader      send_command('disarm') ignored — port not open
2026-06-26 10:42:39,031  WARNING  PortentaReader      send_command('disarm') ignored — port not open
2026-06-26 10:42:39,092  WARNING  PortentaReader      send_command('disarm') ignored — port not open
2026-06-26 10:42:39,154  WARNING  PortentaReader      send_command('disarm') ignored — port not open
2026-06-26 10:42:39,215  WARNING  PortentaReader      send_command('disarm') ignored — port not open
2026-06-26 10:42:39,277  WARNING  PortentaReader      send_command('disarm') ignored — port not open
2026-06-26 10:42:39,339  WARNING  PortentaReader      send_command('disarm') ignored — port not open
2026-06-26 10:42:39,401  WARNING  PortentaReader      send_command('disarm') ignored — port not open
2026-06-26 10:42:39,489  WARNING  PortentaReader      send_command('disarm') ignored — port not open
2026-06-26 10:42:39,524  WARNING  PortentaReader      send_command('disarm') ignored — port not open
2026-06-26 10:42:39,587  WARNING  PortentaReader      send_command('disarm') ignored — port not open
2026-06-26 10:42:39,663  WARNING  PortentaReader      send_command('disarm') ignored — port not open
2026-06-26 10:42:39,725  WARNING  PortentaReader      send_command('disarm') ignored — port not open
2026-06-26 10:42:39,787  WARNING  PortentaReader      send_command('disarm') ignored — port not open
2026-06-26 10:42:39,848  WARNING  PortentaReader      send_command('disarm') ignored — port not open
2026-06-26 10:42:39,912  WARNING  PortentaReader      send_command('disarm') ignored — port not open
2026-06-26 10:42:39,973  WARNING  PortentaReader      send_command('disarm') ignored — port not open
2026-06-26 10:42:40,034  WARNING  PortentaReader      send_command('disarm') ignored — port not open
2026-06-26 10:42:40,097  WARNING  PortentaReader      send_command('disarm') ignored — port not open
2026-06-26 10:42:40,159  WARNING  PortentaReader      send_command('disarm') ignored — port not open
2026-06-26 10:42:40,221  WARNING  PortentaReader      send_command('disarm') ignored — port not open
2026-06-26 10:42:40,283  WARNING  PortentaReader      send_command('disarm') ignored — port not open
2026-06-26 10:42:40,345  WARNING  PortentaReader      send_command('disarm') ignored — port not open
2026-06-26 10:42:40,407  WARNING  PortentaReader      send_command('disarm') ignored — port not open
2026-06-26 10:42:40,469  WARNING  PortentaReader      send_command('disarm') ignored — port not open
2026-06-26 10:42:40,531  WARNING  PortentaReader      send_command('disarm') ignored — port not open
2026-06-26 10:42:40,592  WARNING  PortentaReader      send_command('disarm') ignored — port not open
2026-06-26 10:42:40,655  WARNING  PortentaReader      send_command('disarm') ignored — port not open
2026-06-26 10:42:40,716  WARNING  PortentaReader      send_command('disarm') ignored — port not open
2026-06-26 10:42:40,779  WARNING  PortentaReader      send_command('disarm') ignored — port not open
2026-06-26 10:42:40,841  WARNING  PortentaReader      send_command('disarm') ignored — port not open
2026-06-26 10:42:40,904  WARNING  PortentaReader      send_command('disarm') ignored — port not open
2026-06-26 10:42:40,966  WARNING  PortentaReader      send_command('disarm') ignored — port not open
2026-06-26 10:42:41,027  WARNING  PortentaReader      send_command('disarm') ignored — port not open
2026-06-26 10:42:41,089  WARNING  PortentaReader      send_command('disarm') ignored — port not open
2026-06-26 10:42:41,150  WARNING  PortentaReader      send_command('disarm') ignored — port not open
2026-06-26 10:42:41,213  WARNING  PortentaReader      send_command('disarm') ignored — port not open
2026-06-26 10:42:41,275  WARNING  PortentaReader      send_command('disarm') ignored — port not open
2026-06-26 10:42:41,337  WARNING  PortentaReader      send_command('disarm') ignored — port not open
2026-06-26 10:42:41,414  WARNING  PortentaReader      send_command('disarm') ignored — port not open
2026-06-26 10:42:41,476  WARNING  PortentaReader      send_command('disarm') ignored — port not open
2026-06-26 10:42:41,538  WARNING  PortentaReader      send_command('disarm') ignored — port not open
2026-06-26 10:42:41,599  WARNING  PortentaReader      send_command('disarm') ignored — port not open
2026-06-26 10:42:41,661  WARNING  PortentaReader      send_command('disarm') ignored — port not open
2026-06-26 10:42:41,723  WARNING  PortentaReader      send_command('disarm') ignored — port not open
2026-06-26 10:42:41,785  WARNING  PortentaReader      send_command('disarm') ignored — port not open
2026-06-26 10:42:41,847  WARNING  PortentaReader      send_command('disarm') ignored — port not open
2026-06-26 10:42:41,909  WARNING  PortentaReader      send_command('disarm') ignored — port not open
2026-06-26 10:42:41,970  WARNING  PortentaReader      send_command('disarm') ignored — port not open
2026-06-26 10:42:42,031  WARNING  PortentaReader      send_command('disarm') ignored — port not open
2026-06-26 10:42:42,094  WARNING  PortentaReader      send_command('disarm') ignored — port not open
2026-06-26 10:42:42,156  WARNING  PortentaReader      send_command('disarm') ignored — port not open
2026-06-26 10:42:42,217  WARNING  PortentaReader      send_command('disarm') ignored — port not open
2026-06-26 10:42:42,278  WARNING  PortentaReader      send_command('disarm') ignored — port not open
2026-06-26 10:42:42,339  WARNING  PortentaReader      send_command('disarm') ignored — port not open
2026-06-26 10:42:42,402  WARNING  PortentaReader      send_command('disarm') ignored — port not open
2026-06-26 10:42:42,463  WARNING  PortentaReader      send_command('disarm') ignored — port not open
2026-06-26 10:42:42,526  WARNING  PortentaReader      send_command('disarm') ignored — port not open
2026-06-26 10:42:42,588  WARNING  PortentaReader      send_command('disarm') ignored — port not open
2026-06-26 10:42:42,651  WARNING  PortentaReader      send_command('disarm') ignored — port not open
2026-06-26 10:42:42,713  WARNING  PortentaReader      send_command('disarm') ignored — port not open
2026-06-26 10:42:42,775  WARNING  PortentaReader      send_command('disarm') ignored — port not open
2026-06-26 10:42:42,837  WARNING  PortentaReader      send_command('disarm') ignored — port not open
2026-06-26 10:42:42,899  WARNING  PortentaReader      send_command('disarm') ignored — port not open
2026-06-26 10:42:42,962  WARNING  PortentaReader      send_command('disarm') ignored — port not open
2026-06-26 10:42:43,037  WARNING  PortentaReader      send_command('disarm') ignored — port not open
2026-06-26 10:42:43,099  WARNING  PortentaReader      send_command('disarm') ignored — port not open
2026-06-26 10:42:43,162  WARNING  PortentaReader      send_command('disarm') ignored — port not open
2026-06-26 10:42:43,223  WARNING  PortentaReader      send_command('disarm') ignored — port not open
2026-06-26 10:42:43,284  WARNING  PortentaReader      send_command('disarm') ignored — port not open
2026-06-26 10:42:43,346  WARNING  PortentaReader      send_command('disarm') ignored — port not open
2026-06-26 10:42:43,410  WARNING  PortentaReader      send_command('disarm') ignored — port not open
2026-06-26 10:42:43,471  WARNING  PortentaReader      send_command('disarm') ignored — port not open
2026-06-26 10:42:43,532  WARNING  PortentaReader      send_command('disarm') ignored — port not open
2026-06-26 10:42:43,594  WARNING  PortentaReader      send_command('disarm') ignored — port not open
2026-06-26 10:42:43,656  WARNING  PortentaReader      send_command('disarm') ignored — port not open
2026-06-26 10:42:43,718  WARNING  PortentaReader      send_command('disarm') ignored — port not open
2026-06-26 10:42:43,780  WARNING  PortentaReader      send_command('disarm') ignored — port not open
2026-06-26 10:42:43,841  WARNING  PortentaReader      send_command('disarm') ignored — port not open
2026-06-26 10:42:43,903  WARNING  PortentaReader      send_command('disarm') ignored — port not open
2026-06-26 10:42:43,964  WARNING  PortentaReader      send_command('disarm') ignored — port not open
2026-06-26 10:42:44,052  WARNING  PortentaReader      send_command('disarm') ignored — port not open
2026-06-26 10:42:44,087  WARNING  PortentaReader      send_command('disarm') ignored — port not open
2026-06-26 10:42:44,149  WARNING  PortentaReader      send_command('disarm') ignored — port not open
2026-06-26 10:42:44,226  WARNING  PortentaReader      send_command('disarm') ignored — port not open
2026-06-26 10:42:44,288  WARNING  PortentaReader      send_command('disarm') ignored — port not open
2026-06-26 10:42:44,350  WARNING  PortentaReader      send_command('disarm') ignored — port not open
2026-06-26 10:42:44,412  WARNING  PortentaReader      send_command('disarm') ignored — port not open
2026-06-26 10:42:44,474  WARNING  PortentaReader      send_command('disarm') ignored — port not open
2026-06-26 10:42:44,536  WARNING  PortentaReader      send_command('disarm') ignored — port not open
2026-06-26 10:42:44,598  WARNING  PortentaReader      send_command('disarm') ignored — port not open
2026-06-26 10:42:44,660  WARNING  PortentaReader      send_command('disarm') ignored — port not open
2026-06-26 10:42:44,722  WARNING  PortentaReader      send_command('disarm') ignored — port not open
2026-06-26 10:42:44,785  WARNING  PortentaReader      send_command('disarm') ignored — port not open
2026-06-26 10:42:44,849  WARNING  PortentaReader      send_command('disarm') ignored — port not open
2026-06-26 10:42:44,910  WARNING  PortentaReader      send_command('disarm') ignored — port not open
2026-06-26 10:42:44,972  WARNING  PortentaReader      send_command('disarm') ignored — port not open
2026-06-26 10:42:45,034  WARNING  PortentaReader      send_command('disarm') ignored — port not open
2026-06-26 10:42:45,096  WARNING  PortentaReader      send_command('disarm') ignored — port not open
2026-06-26 10:42:45,158  WARNING  PortentaReader      send_command('disarm') ignored — port not open
2026-06-26 10:42:45,220  WARNING  PortentaReader      send_command('disarm') ignored — port not open
2026-06-26 10:42:45,283  WARNING  PortentaReader      send_command('disarm') ignored — port not open
2026-06-26 10:42:45,344  WARNING  PortentaReader      send_command('disarm') ignored — port not open
2026-06-26 10:42:45,406  WARNING  PortentaReader      send_command('disarm') ignored — port not open
2026-06-26 10:42:45,466  WARNING  PortentaReader      send_command('disarm') ignored — port not open
2026-06-26 10:42:45,528  WARNING  PortentaReader      send_command('disarm') ignored — port not open
2026-06-26 10:42:45,591  WARNING  PortentaReader      send_command('disarm') ignored — port not open
2026-06-26 10:42:45,653  WARNING  PortentaReader      send_command('disarm') ignored — port not open
2026-06-26 10:42:45,715  WARNING  PortentaReader      send_command('disarm') ignored — port not open
2026-06-26 10:42:45,777  WARNING  PortentaReader      send_command('disarm') ignored — port not open
2026-06-26 10:42:45,841  WARNING  PortentaReader      send_command('disarm') ignored — port not open
2026-06-26 10:42:45,902  WARNING  PortentaReader      send_command('disarm') ignored — port not open
2026-06-26 10:42:45,963  WARNING  PortentaReader      send_command('disarm') ignored — port not open
2026-06-26 10:42:46,027  WARNING  PortentaReader      send_command('disarm') ignored — port not open
2026-06-26 10:42:46,089  WARNING  PortentaReader      send_command('disarm') ignored — port not open
2026-06-26 10:42:46,150  WARNING  PortentaReader      send_command('disarm') ignored — port not open
2026-06-26 10:42:46,211  WARNING  PortentaReader      send_command('disarm') ignored — port not open
2026-06-26 10:42:46,274  WARNING  PortentaReader      send_command('disarm') ignored — port not open
2026-06-26 10:42:46,350  WARNING  PortentaReader      send_command('disarm') ignored — port not open
2026-06-26 10:42:46,411  WARNING  PortentaReader      send_command('disarm') ignored — port not open
2026-06-26 10:42:46,472  WARNING  PortentaReader      send_command('disarm') ignored — port not open
2026-06-26 10:42:46,534  WARNING  PortentaReader      send_command('disarm') ignored — port not open
2026-06-26 10:42:46,596  WARNING  PortentaReader      send_command('disarm') ignored — port not open
2026-06-26 10:42:46,659  WARNING  PortentaReader      send_command('disarm') ignored — port not open
2026-06-26 10:42:46,721  WARNING  PortentaReader      send_command('disarm') ignored — port not open
2026-06-26 10:42:46,783  WARNING  PortentaReader      send_command('disarm') ignored — port not open
2026-06-26 10:42:46,846  WARNING  PortentaReader      send_command('disarm') ignored — port not open
2026-06-26 10:42:46,908  WARNING  PortentaReader      send_command('disarm') ignored — port not open
2026-06-26 10:42:46,969  WARNING  PortentaReader      send_command('disarm') ignored — port not open
2026-06-26 10:42:47,032  WARNING  PortentaReader      send_command('disarm') ignored — port not open
2026-06-26 10:42:47,093  WARNING  PortentaReader      send_command('disarm') ignored — port not open
2026-06-26 10:42:47,155  WARNING  PortentaReader      send_command('disarm') ignored — port not open
2026-06-26 10:42:47,217  WARNING  PortentaReader      send_command('disarm') ignored — port not open
2026-06-26 10:42:47,279  WARNING  PortentaReader      send_command('disarm') ignored — port not open
2026-06-26 10:42:47,341  WARNING  PortentaReader      send_command('disarm') ignored — port not open
2026-06-26 10:42:47,403  WARNING  PortentaReader      send_command('disarm') ignored — port not open
2026-06-26 10:42:47,464  WARNING  PortentaReader      send_command('disarm') ignored — port not open
2026-06-26 10:42:47,526  WARNING  PortentaReader      send_command('disarm') ignored — port not open
2026-06-26 10:42:47,588  WARNING  PortentaReader      send_command('disarm') ignored — port not open
2026-06-26 10:42:47,650  WARNING  PortentaReader      send_command('disarm') ignored — port not open
2026-06-26 10:42:47,727  WARNING  PortentaReader      send_command('disarm') ignored — port not open
2026-06-26 10:42:47,788  WARNING  PortentaReader      send_command('disarm') ignored — port not open
2026-06-26 10:42:47,851  WARNING  PortentaReader      send_command('disarm') ignored — port not open
2026-06-26 10:42:47,899  WARNING  PortentaReader      send_command('disarm') ignored — port not open
2026-06-26 10:42:47,961  WARNING  PortentaReader      send_command('disarm') ignored — port not open
2026-06-26 10:42:48,037  WARNING  PortentaReader      send_command('disarm') ignored — port not open
2026-06-26 10:42:48,100  WARNING  PortentaReader      send_command('disarm') ignored — port not open
2026-06-26 10:42:48,161  WARNING  PortentaReader      send_command('disarm') ignored — port not open
2026-06-26 10:42:48,225  WARNING  PortentaReader      send_command('disarm') ignored — port not open
2026-06-26 10:42:48,287  WARNING  PortentaReader      send_command('disarm') ignored — port not open
2026-06-26 10:42:48,348  WARNING  PortentaReader      send_command('disarm') ignored — port not open
2026-06-26 10:42:48,409  WARNING  PortentaReader      send_command('disarm') ignored — port not open
2026-06-26 10:42:48,472  WARNING  PortentaReader      send_command('disarm') ignored — port not open
2026-06-26 10:42:48,559  WARNING  PortentaReader      send_command('disarm') ignored — port not open
2026-06-26 10:42:48,595  WARNING  PortentaReader      send_command('disarm') ignored — port not open
2026-06-26 10:42:48,656  WARNING  PortentaReader      send_command('disarm') ignored — port not open
2026-06-26 10:42:48,717  WARNING  PortentaReader      send_command('disarm') ignored — port not open
2026-06-26 10:42:48,780  WARNING  PortentaReader      send_command('disarm') ignored — port not open
2026-06-26 10:42:48,842  WARNING  PortentaReader      send_command('disarm') ignored — port not open
2026-06-26 10:42:48,903  WARNING  PortentaReader      send_command('disarm') ignored — port not open
2026-06-26 10:42:48,965  WARNING  PortentaReader      send_command('disarm') ignored — port not open
2026-06-26 10:42:49,027  WARNING  PortentaReader      send_command('disarm') ignored — port not open
2026-06-26 10:42:49,090  WARNING  PortentaReader      send_command('disarm') ignored — port not open
2026-06-26 10:42:49,151  WARNING  PortentaReader      send_command('disarm') ignored — port not open
2026-06-26 10:42:49,213  WARNING  PortentaReader      send_command('disarm') ignored — port not open
2026-06-26 10:42:49,274  WARNING  PortentaReader      send_command('disarm') ignored — port not open
2026-06-26 10:42:49,337  WARNING  PortentaReader      send_command('disarm') ignored — port not open
2026-06-26 10:42:49,399  WARNING  PortentaReader      send_command('disarm') ignored — port not open
2026-06-26 10:42:49,476  WARNING  PortentaReader      send_command('disarm') ignored — port not open
2026-06-26 10:42:49,539  WARNING  PortentaReader      send_command('disarm') ignored — port not open
2026-06-26 10:42:49,600  WARNING  PortentaReader      send_command('disarm') ignored — port not open
2026-06-26 10:42:49,661  WARNING  PortentaReader      send_command('disarm') ignored — port not open
2026-06-26 10:42:49,722  WARNING  PortentaReader      send_command('disarm') ignored — port not open
2026-06-26 10:42:49,785  WARNING  PortentaReader      send_command('disarm') ignored — port not open
2026-06-26 10:42:49,848  WARNING  PortentaReader      send_command('disarm') ignored — port not open
2026-06-26 10:42:49,909  WARNING  PortentaReader      send_command('disarm') ignored — port not open
2026-06-26 10:42:49,972  WARNING  PortentaReader      send_command('disarm') ignored — port not open
2026-06-26 10:42:50,033  WARNING  PortentaReader      send_command('disarm') ignored — port not open
2026-06-26 10:42:50,094  WARNING  PortentaReader      send_command('disarm') ignored — port not open
2026-06-26 10:42:50,156  WARNING  PortentaReader      send_command('disarm') ignored — port not open
2026-06-26 10:42:50,218  WARNING  PortentaReader      send_command('disarm') ignored — port not open
2026-06-26 10:42:50,281  WARNING  PortentaReader      send_command('disarm') ignored — port not open
2026-06-26 10:42:50,343  WARNING  PortentaReader      send_command('disarm') ignored — port not open
2026-06-26 10:42:50,405  WARNING  PortentaReader      send_command('disarm') ignored — port not open
2026-06-26 10:42:50,468  WARNING  PortentaReader      send_command('disarm') ignored — port not open
2026-06-26 10:42:50,530  WARNING  PortentaReader      send_command('disarm') ignored — port not open
2026-06-26 10:42:50,592  WARNING  PortentaReader      send_command('disarm') ignored — port not open
2026-06-26 10:42:50,654  WARNING  PortentaReader      send_command('disarm') ignored — port not open
2026-06-26 10:42:50,715  WARNING  PortentaReader      send_command('disarm') ignored — port not open
2026-06-26 10:42:50,776  WARNING  PortentaReader      send_command('disarm') ignored — port not open
2026-06-26 10:42:50,838  WARNING  PortentaReader      send_command('disarm') ignored — port not open
2026-06-26 10:42:50,899  WARNING  PortentaReader      send_command('disarm') ignored — port not open
2026-06-26 10:42:50,976  WARNING  PortentaReader      send_command('disarm') ignored — port not open
2026-06-26 10:42:51,037  WARNING  PortentaReader      send_command('disarm') ignored — port not open
2026-06-26 10:42:51,099  WARNING  PortentaReader      send_command('disarm') ignored — port not open
2026-06-26 10:42:51,161  WARNING  PortentaReader      send_command('disarm') ignored — port not open
2026-06-26 10:42:51,222  WARNING  PortentaReader      send_command('disarm') ignored — port not open
2026-06-26 10:42:51,283  WARNING  PortentaReader      send_command('disarm') ignored — port not open
2026-06-26 10:42:51,345  WARNING  PortentaReader      send_command('disarm') ignored — port not open
2026-06-26 10:42:51,407  WARNING  PortentaReader      send_command('disarm') ignored — port not open
2026-06-26 10:42:51,469  WARNING  PortentaReader      send_command('disarm') ignored — port not open
2026-06-26 10:42:51,531  WARNING  PortentaReader      send_command('disarm') ignored — port not open
2026-06-26 10:42:51,592  WARNING  PortentaReader      send_command('disarm') ignored — port not open
2026-06-26 10:42:51,654  WARNING  PortentaReader      send_command('disarm') ignored — port not open
2026-06-26 10:42:51,716  WARNING  PortentaReader      send_command('disarm') ignored — port not open
2026-06-26 10:42:51,777  WARNING  PortentaReader      send_command('disarm') ignored — port not open
2026-06-26 10:42:51,839  WARNING  PortentaReader      send_command('disarm') ignored — port not open
2026-06-26 10:42:51,901  WARNING  PortentaReader      send_command('disarm') ignored — port not open
2026-06-26 10:42:51,963  WARNING  PortentaReader      send_command('disarm') ignored — port not open
2026-06-26 10:42:52,024  WARNING  PortentaReader      send_command('disarm') ignored — port not open
2026-06-26 10:42:52,087  WARNING  PortentaReader      send_command('disarm') ignored — port not open
2026-06-26 10:42:52,164  WARNING  PortentaReader      send_command('disarm') ignored — port not open
2026-06-26 10:42:52,226  WARNING  PortentaReader      send_command('disarm') ignored — port not open
2026-06-26 10:42:52,287  WARNING  PortentaReader      send_command('disarm') ignored — port not open
2026-06-26 10:42:52,349  WARNING  PortentaReader      send_command('disarm') ignored — port not open
2026-06-26 10:42:52,411  WARNING  PortentaReader      send_command('disarm') ignored — port not open
2026-06-26 10:42:52,474  WARNING  PortentaReader      send_command('disarm') ignored — port not open
2026-06-26 10:42:52,535  WARNING  PortentaReader      send_command('disarm') ignored — port not open
2026-06-26 10:42:52,598  WARNING  PortentaReader      send_command('disarm') ignored — port not open
2026-06-26 10:42:52,660  WARNING  PortentaReader      send_command('disarm') ignored — port not open
2026-06-26 10:42:52,721  WARNING  PortentaReader      send_command('disarm') ignored — port not open
2026-06-26 10:42:52,783  WARNING  PortentaReader      send_command('disarm') ignored — port not open
2026-06-26 10:42:52,845  WARNING  PortentaReader      send_command('disarm') ignored — port not open
2026-06-26 10:42:52,908  WARNING  PortentaReader      send_command('disarm') ignored — port not open
2026-06-26 10:42:52,970  WARNING  PortentaReader      send_command('disarm') ignored — port not open
2026-06-26 10:42:53,032  WARNING  PortentaReader      send_command('disarm') ignored — port not open
2026-06-26 10:42:53,119  WARNING  PortentaReader      send_command('disarm') ignored — port not open
2026-06-26 10:42:53,156  WARNING  PortentaReader      send_command('disarm') ignored — port not open
2026-06-26 10:42:53,218  WARNING  PortentaReader      send_command('disarm') ignored — port not open
2026-06-26 10:42:53,280  WARNING  PortentaReader      send_command('disarm') ignored — port not open
2026-06-26 10:42:53,341  WARNING  PortentaReader      send_command('disarm') ignored — port not open
2026-06-26 10:42:53,403  WARNING  PortentaReader      send_command('disarm') ignored — port not open
2026-06-26 10:42:53,465  WARNING  PortentaReader      send_command('disarm') ignored — port not open
2026-06-26 10:42:53,529  WARNING  PortentaReader      send_command('disarm') ignored — port not open
2026-06-26 10:42:53,593  WARNING  PortentaReader      send_command('disarm') ignored — port not open
2026-06-26 10:42:53,654  WARNING  PortentaReader      send_command('disarm') ignored — port not open
2026-06-26 10:42:53,716  WARNING  PortentaReader      send_command('disarm') ignored — port not open
2026-06-26 10:42:53,778  WARNING  PortentaReader      send_command('disarm') ignored — port not open
2026-06-26 10:42:53,840  WARNING  PortentaReader      send_command('disarm') ignored — port not open
2026-06-26 10:42:53,902  WARNING  PortentaReader      send_command('disarm') ignored — port not open
2026-06-26 10:42:53,964  WARNING  PortentaReader      send_command('disarm') ignored — port not open
2026-06-26 10:42:54,027  WARNING  PortentaReader      send_command('disarm') ignored — port not open
2026-06-26 10:42:54,089  WARNING  PortentaReader      send_command('disarm') ignored — port not open
2026-06-26 10:42:54,151  WARNING  PortentaReader      send_command('disarm') ignored — port not open
2026-06-26 10:42:54,212  WARNING  PortentaReader      send_command('disarm') ignored — port not open
2026-06-26 10:42:54,274  WARNING  PortentaReader      send_command('disarm') ignored — port not open
2026-06-26 10:42:54,337  WARNING  PortentaReader      send_command('disarm') ignored — port not open
2026-06-26 10:42:54,400  WARNING  PortentaReader      send_command('disarm') ignored — port not open
2026-06-26 10:42:54,463  WARNING  PortentaReader      send_command('disarm') ignored — port not open
2026-06-26 10:42:54,525  WARNING  PortentaReader      send_command('disarm') ignored — port not open
2026-06-26 10:42:54,602  WARNING  PortentaReader      send_command('disarm') ignored — port not open
2026-06-26 10:42:54,664  WARNING  PortentaReader      send_command('disarm') ignored — port not open
2026-06-26 10:42:54,726  WARNING  PortentaReader      send_command('disarm') ignored — port not open
2026-06-26 10:42:54,787  WARNING  PortentaReader      send_command('disarm') ignored — port not open
2026-06-26 10:42:54,849  WARNING  PortentaReader      send_command('disarm') ignored — port not open
2026-06-26 10:42:54,910  WARNING  PortentaReader      send_command('disarm') ignored — port not open
2026-06-26 10:42:54,971  WARNING  PortentaReader      send_command('disarm') ignored — port not open
2026-06-26 10:42:55,034  WARNING  PortentaReader      send_command('disarm') ignored — port not open
2026-06-26 10:42:55,095  WARNING  PortentaReader      send_command('disarm') ignored — port not open
2026-06-26 10:42:55,158  WARNING  PortentaReader      send_command('disarm') ignored — port not open
2026-06-26 10:42:55,220  WARNING  PortentaReader      send_command('disarm') ignored — port not open
2026-06-26 10:42:55,281  WARNING  PortentaReader      send_command('disarm') ignored — port not open
2026-06-26 10:42:55,343  WARNING  PortentaReader      send_command('disarm') ignored — port not open
2026-06-26 10:42:55,405  WARNING  PortentaReader      send_command('disarm') ignored — port not open
2026-06-26 10:42:55,465  WARNING  PortentaReader      send_command('disarm') ignored — port not open
2026-06-26 10:42:55,527  WARNING  PortentaReader      send_command('disarm') ignored — port not open
2026-06-26 10:42:55,589  WARNING  PortentaReader      send_command('disarm') ignored — port not open
2026-06-26 10:42:55,653  WARNING  PortentaReader      send_command('disarm') ignored — port not open
2026-06-26 10:42:55,715  WARNING  PortentaReader      send_command('disarm') ignored — port not open
2026-06-26 10:42:55,776  WARNING  PortentaReader      send_command('disarm') ignored — port not open
2026-06-26 10:42:55,838  WARNING  PortentaReader      send_command('disarm') ignored — port not open
2026-06-26 10:42:55,913  WARNING  PortentaReader      send_command('disarm') ignored — port not open
2026-06-26 10:42:55,975  WARNING  PortentaReader      send_command('disarm') ignored — port not open
2026-06-26 10:42:56,037  WARNING  PortentaReader      send_command('disarm') ignored — port not open
2026-06-26 10:42:56,098  WARNING  PortentaReader      send_command('disarm') ignored — port not open
2026-06-26 10:42:56,160  WARNING  PortentaReader      send_command('disarm') ignored — port not open
2026-06-26 10:42:56,221  WARNING  PortentaReader      send_command('disarm') ignored — port not open
2026-06-26 10:42:56,284  WARNING  PortentaReader      send_command('disarm') ignored — port not open
2026-06-26 10:42:56,347  WARNING  PortentaReader      send_command('disarm') ignored — port not open
2026-06-26 10:42:56,409  WARNING  PortentaReader      send_command('disarm') ignored — port not open
2026-06-26 10:42:56,470  WARNING  PortentaReader      send_command('disarm') ignored — port not open
2026-06-26 10:42:56,532  WARNING  PortentaReader      send_command('disarm') ignored — port not open
2026-06-26 10:42:56,595  WARNING  PortentaReader      send_command('disarm') ignored — port not open
2026-06-26 10:42:56,655  WARNING  PortentaReader      send_command('disarm') ignored — port not open
2026-06-26 10:42:56,717  WARNING  PortentaReader      send_command('disarm') ignored — port not open
2026-06-26 10:42:56,779  WARNING  PortentaReader      send_command('disarm') ignored — port not open
2026-06-26 10:42:56,841  WARNING  PortentaReader      send_command('disarm') ignored — port not open
2026-06-26 10:42:56,902  WARNING  PortentaReader      send_command('disarm') ignored — port not open
2026-06-26 10:42:56,964  WARNING  PortentaReader      send_command('disarm') ignored — port not open
2026-06-26 10:42:57,027  WARNING  PortentaReader      send_command('disarm') ignored — port not open
2026-06-26 10:42:57,089  WARNING  PortentaReader      send_command('disarm') ignored — port not open
2026-06-26 10:42:57,151  WARNING  PortentaReader      send_command('disarm') ignored — port not open
2026-06-26 10:42:57,212  WARNING  PortentaReader      send_command('disarm') ignored — port not open
2026-06-26 10:42:57,288  WARNING  PortentaReader      send_command('disarm') ignored — port not open
2026-06-26 10:42:57,349  WARNING  PortentaReader      send_command('disarm') ignored — port not open
2026-06-26 10:42:57,411  WARNING  PortentaReader      send_command('disarm') ignored — port not open
2026-06-26 10:42:57,474  WARNING  PortentaReader      send_command('disarm') ignored — port not open
2026-06-26 10:42:57,535  WARNING  PortentaReader      send_command('disarm') ignored — port not open
2026-06-26 10:42:57,622  WARNING  PortentaReader      send_command('disarm') ignored — port not open
2026-06-26 10:42:57,658  WARNING  PortentaReader      send_command('disarm') ignored — port not open
2026-06-26 10:42:57,720  WARNING  PortentaReader      send_command('disarm') ignored — port not open
2026-06-26 10:42:57,781  WARNING  PortentaReader      send_command('disarm') ignored — port not open
2026-06-26 10:42:57,845  WARNING  PortentaReader      send_command('disarm') ignored — port not open
2026-06-26 10:42:57,907  WARNING  PortentaReader      send_command('disarm') ignored — port not open
2026-06-26 10:42:57,969  WARNING  PortentaReader      send_command('disarm') ignored — port not open
2026-06-26 10:42:58,030  WARNING  PortentaReader      send_command('disarm') ignored — port not open
2026-06-26 10:42:58,093  WARNING  PortentaReader      send_command('disarm') ignored — port not open
2026-06-26 10:42:58,156  WARNING  PortentaReader      send_command('disarm') ignored — port not open
2026-06-26 10:42:58,217  WARNING  PortentaReader      send_command('disarm') ignored — port not open
2026-06-26 10:42:58,279  WARNING  PortentaReader      send_command('disarm') ignored — port not open
2026-06-26 10:42:58,341  WARNING  PortentaReader      send_command('disarm') ignored — port not open
2026-06-26 10:42:58,403  WARNING  PortentaReader      send_command('disarm') ignored — port not open
2026-06-26 10:42:58,465  WARNING  PortentaReader      send_command('disarm') ignored — port not open
2026-06-26 10:42:58,527  WARNING  PortentaReader      send_command('disarm') ignored — port not open
2026-06-26 10:42:58,589  WARNING  PortentaReader      send_command('disarm') ignored — port not open
2026-06-26 10:42:58,651  WARNING  PortentaReader      send_command('disarm') ignored — port not open
2026-06-26 10:42:58,712  WARNING  PortentaReader      send_command('disarm') ignored — port not open
2026-06-26 10:42:58,774  WARNING  PortentaReader      send_command('disarm') ignored — port not open
2026-06-26 10:42:58,851  WARNING  PortentaReader      send_command('disarm') ignored — port not open
2026-06-26 10:42:58,914  WARNING  PortentaReader      send_command('disarm') ignored — port not open
2026-06-26 10:42:58,975  WARNING  PortentaReader      send_command('disarm') ignored — port not open
2026-06-26 10:42:59,037  WARNING  PortentaReader      send_command('disarm') ignored — port not open
2026-06-26 10:42:59,100  WARNING  PortentaReader      send_command('disarm') ignored — port not open
2026-06-26 10:42:59,162  WARNING  PortentaReader      send_command('disarm') ignored — port not open
2026-06-26 10:42:59,224  WARNING  PortentaReader      send_command('disarm') ignored — port not open
2026-06-26 10:42:59,286  WARNING  PortentaReader      send_command('disarm') ignored — port not open
2026-06-26 10:42:59,349  WARNING  PortentaReader      send_command('disarm') ignored — port not open
2026-06-26 10:42:59,411  WARNING  PortentaReader      send_command('disarm') ignored — port not open
2026-06-26 10:42:59,473  WARNING  PortentaReader      send_command('disarm') ignored — port not open
2026-06-26 10:42:59,535  WARNING  PortentaReader      send_command('disarm') ignored — port not open
2026-06-26 10:42:59,596  WARNING  PortentaReader      send_command('disarm') ignored — port not open
2026-06-26 10:42:59,658  WARNING  PortentaReader      send_command('disarm') ignored — port not open
2026-06-26 10:42:59,721  WARNING  PortentaReader      send_command('disarm') ignored — port not open
2026-06-26 10:42:59,783  WARNING  PortentaReader      send_command('disarm') ignored — port not open
2026-06-26 10:42:59,844  WARNING  PortentaReader      send_command('disarm') ignored — port not open
2026-06-26 10:42:59,906  WARNING  PortentaReader      send_command('disarm') ignored — port not open
2026-06-26 10:42:59,967  WARNING  PortentaReader      send_command('disarm') ignored — port not open
2026-06-26 10:43:00,029  WARNING  PortentaReader      send_command('disarm') ignored — port not open
2026-06-26 10:43:00,093  WARNING  PortentaReader      send_command('disarm') ignored — port not open
2026-06-26 10:43:00,155  WARNING  PortentaReader      send_command('disarm') ignored — port not open
2026-06-26 10:43:00,216  WARNING  PortentaReader      send_command('disarm') ignored — port not open
2026-06-26 10:43:00,280  WARNING  PortentaReader      send_command('disarm') ignored — port not open
2026-06-26 10:43:00,342  WARNING  PortentaReader      send_command('disarm') ignored — port not open
2026-06-26 10:43:00,403  WARNING  PortentaReader      send_command('disarm') ignored — port not open
2026-06-26 10:43:00,465  WARNING  PortentaReader      send_command('disarm') ignored — port not open
2026-06-26 10:43:00,529  WARNING  PortentaReader      send_command('disarm') ignored — port not open
2026-06-26 10:43:00,591  WARNING  PortentaReader      send_command('disarm') ignored — port not open
2026-06-26 10:43:00,652  WARNING  PortentaReader      send_command('disarm') ignored — port not open
2026-06-26 10:43:00,714  WARNING  PortentaReader      send_command('disarm') ignored — port not open
2026-06-26 10:43:00,775  WARNING  PortentaReader      send_command('disarm') ignored — port not open
2026-06-26 10:43:00,837  WARNING  PortentaReader      send_command('disarm') ignored — port not open
2026-06-26 10:43:00,914  WARNING  PortentaReader      send_command('disarm') ignored — port not open
2026-06-26 10:43:00,962  WARNING  PortentaReader      send_command('disarm') ignored — port not open
2026-06-26 10:43:01,038  WARNING  PortentaReader      send_command('disarm') ignored — port not open
2026-06-26 10:43:01,099  WARNING  PortentaReader      send_command('disarm') ignored — port not open
2026-06-26 10:43:01,163  WARNING  PortentaReader      send_command('disarm') ignored — port not open
2026-06-26 10:43:01,227  WARNING  PortentaReader      send_command('disarm') ignored — port not open
2026-06-26 10:43:01,287  WARNING  PortentaReader      send_command('disarm') ignored — port not open
2026-06-26 10:43:01,349  WARNING  PortentaReader      send_command('disarm') ignored — port not open
2026-06-26 10:43:01,411  WARNING  PortentaReader      send_command('disarm') ignored — port not open
2026-06-26 10:43:01,474  WARNING  PortentaReader      send_command('disarm') ignored — port not open
2026-06-26 10:43:01,536  WARNING  PortentaReader      send_command('disarm') ignored — port not open
2026-06-26 10:43:01,598  WARNING  PortentaReader      send_command('disarm') ignored — port not open
2026-06-26 10:43:01,660  WARNING  PortentaReader      send_command('disarm') ignored — port not open
2026-06-26 10:43:01,722  WARNING  PortentaReader      send_command('disarm') ignored — port not open
2026-06-26 10:43:01,784  WARNING  PortentaReader      send_command('disarm') ignored — port not open
2026-06-26 10:43:01,845  WARNING  PortentaReader      send_command('disarm') ignored — port not open
2026-06-26 10:43:01,907  WARNING  PortentaReader      send_command('disarm') ignored — port not open
2026-06-26 10:43:01,968  WARNING  PortentaReader      send_command('disarm') ignored — port not open
2026-06-26 10:43:02,031  WARNING  PortentaReader      send_command('disarm') ignored — port not open
2026-06-26 10:43:02,092  WARNING  PortentaReader      send_command('disarm') ignored — port not open
2026-06-26 10:43:02,179  WARNING  PortentaReader      send_command('disarm') ignored — port not open
2026-06-26 10:43:02,217  WARNING  PortentaReader      send_command('disarm') ignored — port not open
2026-06-26 10:43:02,279  WARNING  PortentaReader      send_command('disarm') ignored — port not open
2026-06-26 10:43:02,341  WARNING  PortentaReader      send_command('disarm') ignored — port not open
2026-06-26 10:43:02,402  WARNING  PortentaReader      send_command('disarm') ignored — port not open
2026-06-26 10:43:02,464  WARNING  PortentaReader      send_command('disarm') ignored — port not open
2026-06-26 10:43:02,525  WARNING  PortentaReader      send_command('disarm') ignored — port not open
2026-06-26 10:43:02,587  WARNING  PortentaReader      send_command('disarm') ignored — port not open
2026-06-26 10:43:02,663  WARNING  PortentaReader      send_command('disarm') ignored — port not open
2026-06-26 10:43:02,726  WARNING  PortentaReader      send_command('disarm') ignored — port not open
2026-06-26 10:43:02,787  WARNING  PortentaReader      send_command('disarm') ignored — port not open
2026-06-26 10:43:02,849  WARNING  PortentaReader      send_command('disarm') ignored — port not open
2026-06-26 10:43:02,911  WARNING  PortentaReader      send_command('disarm') ignored — port not open
2026-06-26 10:43:02,973  WARNING  PortentaReader      send_command('disarm') ignored — port not open
2026-06-26 10:43:03,035  WARNING  PortentaReader      send_command('disarm') ignored — port not open
2026-06-26 10:43:03,099  WARNING  PortentaReader      send_command('disarm') ignored — port not open
2026-06-26 10:43:03,161  WARNING  PortentaReader      send_command('disarm') ignored — port not open
2026-06-26 10:43:03,224  WARNING  PortentaReader      send_command('disarm') ignored — port not open
2026-06-26 10:43:03,285  WARNING  PortentaReader      send_command('disarm') ignored — port not open
2026-06-26 10:43:03,346  WARNING  PortentaReader      send_command('disarm') ignored — port not open
2026-06-26 10:43:03,409  WARNING  PortentaReader      send_command('disarm') ignored — port not open
2026-06-26 10:43:03,471  WARNING  PortentaReader      send_command('disarm') ignored — port not open
2026-06-26 10:43:03,532  WARNING  PortentaReader      send_command('disarm') ignored — port not open
2026-06-26 10:43:03,595  WARNING  PortentaReader      send_command('disarm') ignored — port not open
2026-06-26 10:43:03,655  WARNING  PortentaReader      send_command('disarm') ignored — port not open
2026-06-26 10:43:03,718  WARNING  PortentaReader      send_command('disarm') ignored — port not open
2026-06-26 10:43:03,780  WARNING  PortentaReader      send_command('disarm') ignored — port not open
2026-06-26 10:43:03,841  WARNING  PortentaReader      send_command('disarm') ignored — port not open
2026-06-26 10:43:03,903  WARNING  PortentaReader      send_command('disarm') ignored — port not open
2026-06-26 10:43:03,965  WARNING  PortentaReader      send_command('disarm') ignored — port not open
2026-06-26 10:43:04,028  WARNING  PortentaReader      send_command('disarm') ignored — port not open
2026-06-26 10:43:04,089  WARNING  PortentaReader      send_command('disarm') ignored — port not open
2026-06-26 10:43:04,152  WARNING  PortentaReader      send_command('disarm') ignored — port not open
2026-06-26 10:43:04,215  WARNING  PortentaReader      send_command('disarm') ignored — port not open
2026-06-26 10:43:04,276  WARNING  PortentaReader      send_command('disarm') ignored — port not open
2026-06-26 10:43:04,338  WARNING  PortentaReader      send_command('disarm') ignored — port not open
2026-06-26 10:43:04,401  WARNING  PortentaReader      send_command('disarm') ignored — port not open
2026-06-26 10:43:04,462  WARNING  PortentaReader      send_command('disarm') ignored — port not open
2026-06-26 10:43:04,539  WARNING  PortentaReader      send_command('disarm') ignored — port not open
2026-06-26 10:43:04,602  WARNING  PortentaReader      send_command('disarm') ignored — port not open
2026-06-26 10:43:04,649  WARNING  PortentaReader      send_command('disarm') ignored — port not open
2026-06-26 10:43:04,727  WARNING  PortentaReader      send_command('disarm') ignored — port not open
2026-06-26 10:43:04,789  WARNING  PortentaReader      send_command('disarm') ignored — port not open
2026-06-26 10:43:04,850  WARNING  PortentaReader      send_command('disarm') ignored — port not open
2026-06-26 10:43:04,913  WARNING  PortentaReader      send_command('disarm') ignored — port not open
2026-06-26 10:43:04,975  WARNING  PortentaReader      send_command('disarm') ignored — port not open
2026-06-26 10:43:05,037  WARNING  PortentaReader      send_command('disarm') ignored — port not open
2026-06-26 10:43:05,098  WARNING  PortentaReader      send_command('disarm') ignored — port not open
2026-06-26 10:43:05,158  WARNING  PortentaReader      send_command('disarm') ignored — port not open
2026-06-26 10:43:05,220  WARNING  PortentaReader      send_command('disarm') ignored — port not open
2026-06-26 10:43:05,282  WARNING  PortentaReader      send_command('disarm') ignored — port not open
2026-06-26 10:43:05,343  WARNING  PortentaReader      send_command('disarm') ignored — port not open
2026-06-26 10:43:05,405  WARNING  PortentaReader      send_command('disarm') ignored — port not open
2026-06-26 10:43:05,465  WARNING  PortentaReader      send_command('disarm') ignored — port not open
2026-06-26 10:43:05,527  WARNING  PortentaReader      send_command('disarm') ignored — port not open
2026-06-26 10:43:05,590  WARNING  PortentaReader      send_command('disarm') ignored — port not open
2026-06-26 10:43:05,651  WARNING  PortentaReader      send_command('disarm') ignored — port not open
2026-06-26 10:43:05,714  WARNING  PortentaReader      send_command('disarm') ignored — port not open
2026-06-26 10:43:05,776  WARNING  PortentaReader      send_command('disarm') ignored — port not open
2026-06-26 10:43:05,837  WARNING  PortentaReader      send_command('disarm') ignored — port not open
2026-06-26 10:43:05,900  WARNING  PortentaReader      send_command('disarm') ignored — port not open
2026-06-26 10:43:05,962  WARNING  PortentaReader      send_command('disarm') ignored — port not open
2026-06-26 10:43:06,039  WARNING  PortentaReader      send_command('disarm') ignored — port not open
2026-06-26 10:43:06,101  WARNING  PortentaReader      send_command('disarm') ignored — port not open
2026-06-26 10:43:06,162  WARNING  PortentaReader      send_command('disarm') ignored — port not open
2026-06-26 10:43:06,224  WARNING  PortentaReader      send_command('disarm') ignored — port not open
2026-06-26 10:43:06,284  WARNING  PortentaReader      send_command('disarm') ignored — port not open
2026-06-26 10:43:06,348  WARNING  PortentaReader      send_command('disarm') ignored — port not open
2026-06-26 10:43:06,410  WARNING  PortentaReader      send_command('disarm') ignored — port not open
2026-06-26 10:43:06,472  WARNING  PortentaReader      send_command('disarm') ignored — port not open
2026-06-26 10:43:06,534  WARNING  PortentaReader      send_command('disarm') ignored — port not open
2026-06-26 10:43:06,595  WARNING  PortentaReader      send_command('disarm') ignored — port not open
2026-06-26 10:43:06,682  WARNING  PortentaReader      send_command('disarm') ignored — port not open
2026-06-26 10:43:06,719  WARNING  PortentaReader      send_command('disarm') ignored — port not open
2026-06-26 10:43:06,780  WARNING  PortentaReader      send_command('disarm') ignored — port not open
2026-06-26 10:43:06,841  WARNING  PortentaReader      send_command('disarm') ignored — port not open
2026-06-26 10:43:06,905  WARNING  PortentaReader      send_command('disarm') ignored — port not open
2026-06-26 10:43:06,967  WARNING  PortentaReader      send_command('disarm') ignored — port not open
2026-06-26 10:43:07,030  WARNING  PortentaReader      send_command('disarm') ignored — port not open
2026-06-26 10:43:07,090  WARNING  PortentaReader      send_command('disarm') ignored — port not open
2026-06-26 10:43:07,151  WARNING  PortentaReader      send_command('disarm') ignored — port not open
2026-06-26 10:43:07,213  WARNING  PortentaReader      send_command('disarm') ignored — port not open
2026-06-26 10:43:07,275  WARNING  PortentaReader      send_command('disarm') ignored — port not open
2026-06-26 10:43:07,352  WARNING  PortentaReader      send_command('disarm') ignored — port not open
2026-06-26 10:43:07,412  WARNING  PortentaReader      send_command('disarm') ignored — port not open
2026-06-26 10:43:07,473  WARNING  PortentaReader      send_command('disarm') ignored — port not open
2026-06-26 10:43:07,536  WARNING  PortentaReader      send_command('disarm') ignored — port not open
2026-06-26 10:43:07,598  WARNING  PortentaReader      send_command('disarm') ignored — port not open
2026-06-26 10:43:07,659  WARNING  PortentaReader      send_command('disarm') ignored — port not open
2026-06-26 10:43:07,720  WARNING  PortentaReader      send_command('disarm') ignored — port not open
2026-06-26 10:43:07,781  WARNING  PortentaReader      send_command('disarm') ignored — port not open
2026-06-26 10:43:07,843  WARNING  PortentaReader      send_command('disarm') ignored — port not open
2026-06-26 10:43:07,904  WARNING  PortentaReader      send_command('disarm') ignored — port not open
2026-06-26 10:43:07,966  WARNING  PortentaReader      send_command('disarm') ignored — port not open
2026-06-26 10:43:08,027  WARNING  PortentaReader      send_command('disarm') ignored — port not open
2026-06-26 10:43:08,089  WARNING  PortentaReader      send_command('disarm') ignored — port not open
2026-06-26 10:43:08,151  WARNING  PortentaReader      send_command('disarm') ignored — port not open
2026-06-26 10:43:08,213  WARNING  PortentaReader      send_command('disarm') ignored — port not open
2026-06-26 10:43:08,274  WARNING  PortentaReader      send_command('disarm') ignored — port not open
2026-06-26 10:43:08,352  WARNING  PortentaReader      send_command('disarm') ignored — port not open
2026-06-26 10:43:08,413  WARNING  PortentaReader      send_command('disarm') ignored — port not open
2026-06-26 10:43:08,476  WARNING  PortentaReader      send_command('disarm') ignored — port not open
2026-06-26 10:43:08,538  WARNING  PortentaReader      send_command('disarm') ignored — port not open
2026-06-26 10:43:08,598  WARNING  PortentaReader      send_command('disarm') ignored — port not open
2026-06-26 10:43:08,660  WARNING  PortentaReader      send_command('disarm') ignored — port not open
2026-06-26 10:43:08,724  WARNING  PortentaReader      send_command('disarm') ignored — port not open
2026-06-26 10:43:08,785  WARNING  PortentaReader      send_command('disarm') ignored — port not open
2026-06-26 10:43:08,847  WARNING  PortentaReader      send_command('disarm') ignored — port not open
2026-06-26 10:43:08,909  WARNING  PortentaReader      send_command('disarm') ignored — port not open
2026-06-26 10:43:08,969  WARNING  PortentaReader      send_command('disarm') ignored — port not open
2026-06-26 10:43:09,030  WARNING  PortentaReader      send_command('disarm') ignored — port not open
2026-06-26 10:43:09,093  WARNING  PortentaReader      send_command('disarm') ignored — port not open
2026-06-26 10:43:09,154  WARNING  PortentaReader      send_command('disarm') ignored — port not open
2026-06-26 10:43:09,216  WARNING  PortentaReader      send_command('disarm') ignored — port not open
2026-06-26 10:43:09,278  WARNING  PortentaReader      send_command('disarm') ignored — port not open
2026-06-26 10:43:09,340  WARNING  PortentaReader      send_command('disarm') ignored — port not open
2026-06-26 10:43:09,402  WARNING  PortentaReader      send_command('disarm') ignored — port not open
2026-06-26 10:43:09,462  WARNING  PortentaReader      send_command('disarm') ignored — port not open
2026-06-26 10:43:09,525  WARNING  PortentaReader      send_command('disarm') ignored — port not open
2026-06-26 10:43:09,594  WARNING  PortentaReader      send_command('disarm') ignored — port not open
2026-06-26 10:43:09,653  WARNING  PortentaReader      send_command('disarm') ignored — port not open
2026-06-26 10:43:09,714  WARNING  PortentaReader      send_command('disarm') ignored — port not open
2026-06-26 10:43:09,780  WARNING  PortentaReader      send_command('disarm') ignored — port not open
2026-06-26 10:43:09,847  WARNING  PortentaReader      send_command('disarm') ignored — port not open
2026-06-26 10:43:09,912  WARNING  PortentaReader      send_command('disarm') ignored — port not open
2026-06-26 10:43:09,974  WARNING  PortentaReader      send_command('disarm') ignored — port not open
2026-06-26 10:43:10,029  WARNING  PortentaReader      send_command('disarm') ignored — port not open
2026-06-26 10:43:10,089  WARNING  PortentaReader      send_command('disarm') ignored — port not open
2026-06-26 10:43:10,155  WARNING  PortentaReader      send_command('disarm') ignored — port not open
2026-06-26 10:43:10,216  WARNING  PortentaReader      send_command('disarm') ignored — port not open
2026-06-26 10:43:10,276  WARNING  PortentaReader      send_command('disarm') ignored — port not open
2026-06-26 10:43:10,344  WARNING  PortentaReader      send_command('disarm') ignored — port not open
2026-06-26 10:43:10,403  WARNING  PortentaReader      send_command('disarm') ignored — port not open
2026-06-26 10:43:10,469  WARNING  PortentaReader      send_command('disarm') ignored — port not open
2026-06-26 10:43:10,525  WARNING  PortentaReader      send_command('disarm') ignored — port not open
2026-06-26 10:43:10,589  WARNING  PortentaReader      send_command('disarm') ignored — port not open
2026-06-26 10:43:10,656  WARNING  PortentaReader      send_command('disarm') ignored — port not open
2026-06-26 10:43:10,713  WARNING  PortentaReader      send_command('disarm') ignored — port not open
2026-06-26 10:43:10,754  WARNING  PortentaReader      send_command('arm') ignored — port not open
2026-06-26 10:43:10,778  WARNING  PortentaReader      send_command('disarm') ignored — port not open
2026-06-26 10:43:10,842  WARNING  PortentaReader      send_command('disarm') ignored — port not open
2026-06-26 10:43:10,904  WARNING  PortentaReader      send_command('disarm') ignored — port not open
2026-06-26 10:43:10,967  WARNING  PortentaReader      send_command('disarm') ignored — port not open
2026-06-26 10:43:11,029  WARNING  PortentaReader      send_command('disarm') ignored — port not open
2026-06-26 10:43:11,091  WARNING  PortentaReader      send_command('disarm') ignored — port not open
2026-06-26 10:43:11,153  WARNING  PortentaReader      send_command('disarm') ignored — port not open
2026-06-26 10:43:11,239  WARNING  PortentaReader      send_command('disarm') ignored — port not open
2026-06-26 10:43:11,277  WARNING  PortentaReader      send_command('disarm') ignored — port not open
2026-06-26 10:43:11,339  WARNING  PortentaReader      send_command('disarm') ignored — port not open
2026-06-26 10:43:11,400  WARNING  PortentaReader      send_command('disarm') ignored — port not open
2026-06-26 10:43:11,463  WARNING  PortentaReader      send_command('disarm') ignored — port not open
2026-06-26 10:43:11,525  WARNING  PortentaReader      send_command('disarm') ignored — port not open
2026-06-26 10:43:11,587  WARNING  PortentaReader      send_command('disarm') ignored — port not open
2026-06-26 10:43:11,664  WARNING  PortentaReader      send_command('disarm') ignored — port not open
2026-06-26 10:43:11,726  WARNING  PortentaReader      send_command('disarm') ignored — port not open
2026-06-26 10:43:11,787  WARNING  PortentaReader      send_command('disarm') ignored — port not open
2026-06-26 10:43:11,843  WARNING  PortentaReader      send_command('disarm') ignored — port not open
2026-06-26 10:43:11,904  WARNING  PortentaReader      send_command('disarm') ignored — port not open
2026-06-26 10:43:11,964  WARNING  PortentaReader      send_command('disarm') ignored — port not open
2026-06-26 10:43:12,031  WARNING  PortentaReader      send_command('disarm') ignored — port not open
2026-06-26 10:43:12,091  WARNING  PortentaReader      send_command('disarm') ignored — port not open
2026-06-26 10:43:12,150  WARNING  PortentaReader      send_command('disarm') ignored — port not open
2026-06-26 10:43:12,216  WARNING  PortentaReader      send_command('disarm') ignored — port not open
2026-06-26 10:43:12,278  WARNING  PortentaReader      send_command('disarm') ignored — port not open
2026-06-26 10:43:12,341  WARNING  PortentaReader      send_command('disarm') ignored — port not open
2026-06-26 10:43:12,404  WARNING  PortentaReader      send_command('disarm') ignored — port not open
2026-06-26 10:43:12,465  WARNING  PortentaReader      send_command('disarm') ignored — port not open
2026-06-26 10:43:12,526  WARNING  PortentaReader      send_command('disarm') ignored — port not open
2026-06-26 10:43:12,588  WARNING  PortentaReader      send_command('disarm') ignored — port not open
2026-06-26 10:43:12,650  WARNING  PortentaReader      send_command('disarm') ignored — port not open
2026-06-26 10:43:12,726  WARNING  PortentaReader      send_command('disarm') ignored — port not open
2026-06-26 10:43:12,789  WARNING  PortentaReader      send_command('disarm') ignored — port not open
2026-06-26 10:43:12,850  WARNING  PortentaReader      send_command('disarm') ignored — port not open
2026-06-26 10:43:12,913  WARNING  PortentaReader      send_command('disarm') ignored — port not open
2026-06-26 10:43:12,975  WARNING  PortentaReader      send_command('disarm') ignored — port not open
2026-06-26 10:43:13,037  WARNING  PortentaReader      send_command('disarm') ignored — port not open
2026-06-26 10:43:13,099  WARNING  PortentaReader      send_command('disarm') ignored — port not open
2026-06-26 10:43:13,161  WARNING  PortentaReader      send_command('disarm') ignored — port not open
2026-06-26 10:43:13,224  WARNING  PortentaReader      send_command('disarm') ignored — port not open
2026-06-26 10:43:13,283  WARNING  PortentaReader      send_command('disarm') ignored — port not open
2026-06-26 10:43:13,344  WARNING  PortentaReader      send_command('disarm') ignored — port not open
2026-06-26 10:43:13,406  WARNING  PortentaReader      send_command('disarm') ignored — port not open
2026-06-26 10:43:13,468  WARNING  PortentaReader      send_command('disarm') ignored — port not open
2026-06-26 10:43:13,530  WARNING  PortentaReader      send_command('disarm') ignored — port not open
2026-06-26 10:43:13,593  WARNING  PortentaReader      send_command('disarm') ignored — port not open
2026-06-26 10:43:13,656  WARNING  PortentaReader      send_command('disarm') ignored — port not open
2026-06-26 10:43:13,718  WARNING  PortentaReader      send_command('disarm') ignored — port not open
2026-06-26 10:43:13,779  WARNING  PortentaReader      send_command('disarm') ignored — port not open
2026-06-26 10:43:13,841  WARNING  PortentaReader      send_command('disarm') ignored — port not open
2026-06-26 10:43:13,901  WARNING  PortentaReader      send_command('disarm') ignored — port not open
2026-06-26 10:43:13,967  WARNING  PortentaReader      send_command('disarm') ignored — port not open
2026-06-26 10:43:14,026  WARNING  PortentaReader      send_command('disarm') ignored — port not open
2026-06-26 10:43:14,087  WARNING  PortentaReader      send_command('disarm') ignored — port not open
2026-06-26 10:43:14,150  WARNING  PortentaReader      send_command('disarm') ignored — port not open
2026-06-26 10:43:14,226  WARNING  PortentaReader      send_command('disarm') ignored — port not open
2026-06-26 10:43:14,288  WARNING  PortentaReader      send_command('disarm') ignored — port not open
2026-06-26 10:43:14,341  WARNING  PortentaReader      send_command('disarm') ignored — port not open
2026-06-26 10:43:14,402  WARNING  PortentaReader      send_command('disarm') ignored — port not open
2026-06-26 10:43:14,469  WARNING  PortentaReader      send_command('disarm') ignored — port not open
2026-06-26 10:43:14,536  WARNING  PortentaReader      send_command('disarm') ignored — port not open
2026-06-26 10:43:14,596  WARNING  PortentaReader      send_command('disarm') ignored — port not open
2026-06-26 10:43:14,658  WARNING  PortentaReader      send_command('disarm') ignored — port not open
2026-06-26 10:43:14,721  WARNING  PortentaReader      send_command('disarm') ignored — port not open
2026-06-26 10:43:14,784  WARNING  PortentaReader      send_command('disarm') ignored — port not open
2026-06-26 10:43:14,844  WARNING  PortentaReader      send_command('disarm') ignored — port not open
2026-06-26 10:43:14,908  WARNING  PortentaReader      send_command('disarm') ignored — port not open
2026-06-26 10:43:14,964  WARNING  PortentaReader      send_command('disarm') ignored — port not open
2026-06-26 10:43:15,032  WARNING  PortentaReader      send_command('disarm') ignored — port not open
2026-06-26 10:43:15,091  WARNING  PortentaReader      send_command('disarm') ignored — port not open
2026-06-26 10:43:15,151  WARNING  PortentaReader      send_command('disarm') ignored — port not open
2026-06-26 10:43:15,217  WARNING  PortentaReader      send_command('disarm') ignored — port not open
2026-06-26 10:43:15,278  WARNING  PortentaReader      send_command('disarm') ignored — port not open
2026-06-26 10:43:15,340  WARNING  PortentaReader      send_command('disarm') ignored — port not open
2026-06-26 10:43:15,402  WARNING  PortentaReader      send_command('disarm') ignored — port not open
2026-06-26 10:43:15,464  WARNING  PortentaReader      send_command('disarm') ignored — port not open
2026-06-26 10:43:15,526  WARNING  PortentaReader      send_command('disarm') ignored — port not open
2026-06-26 10:43:15,588  WARNING  PortentaReader      send_command('disarm') ignored — port not open
2026-06-26 10:43:15,651  WARNING  PortentaReader      send_command('disarm') ignored — port not open
2026-06-26 10:43:15,737  WARNING  PortentaReader      send_command('disarm') ignored — port not open
2026-06-26 10:43:15,780  WARNING  PortentaReader      send_command('disarm') ignored — port not open
2026-06-26 10:43:15,840  WARNING  PortentaReader      send_command('disarm') ignored — port not open
2026-06-26 10:43:15,911  WARNING  PortentaReader      send_command('disarm') ignored — port not open
2026-06-26 10:43:15,970  WARNING  PortentaReader      send_command('disarm') ignored — port not open
2026-06-26 10:43:16,036  WARNING  PortentaReader      send_command('disarm') ignored — port not open
2026-06-26 10:43:16,097  WARNING  PortentaReader      send_command('disarm') ignored — port not open
2026-06-26 10:43:16,160  WARNING  PortentaReader      send_command('disarm') ignored — port not open
2026-06-26 10:43:16,222  WARNING  PortentaReader      send_command('disarm') ignored — port not open
2026-06-26 10:43:16,284  WARNING  PortentaReader      send_command('disarm') ignored — port not open
2026-06-26 10:43:16,345  WARNING  PortentaReader      send_command('disarm') ignored — port not open
2026-06-26 10:43:16,404  WARNING  PortentaReader      send_command('disarm') ignored — port not open
2026-06-26 10:43:16,463  WARNING  PortentaReader      send_command('disarm') ignored — port not open
2026-06-26 10:43:16,483  INFO   LCRMeter            Connection closed
2026-06-26 10:43:16,483  INFO   LcrWorker           LCR worker exit  (pushed=5974, dropped=0)
2026-06-26 10:43:16,655  INFO   Driver_ZaberStage   Disconnected
2026-06-26 10:43:16,655  INFO   ZaberWorker         Zaber worker exit  (pushed=4571, dropped=0)
2026-06-26 10:43:16,680  INFO   RecordingCore       Wrote C:\Users\yilin\Documents\GitHubRepo_Research\MicroTensileMachine\MicroTensileMachine\Experiment_SMACharacterizationV3\data\console_20260626_104140\meta.json
