t_rel_s,displacement_um,force_N,sma_v,sma_i,sma_r,sma_power_W,stage_mm
0,-4811.3966,0.22436112,0.49595,0.112168,4.321486,0.05562972,79.999979
0.0099999905,-4810.1523,0.22436112,0.49595,0.112168,4.321486,0.05562972,79.999979
0.019999981,-4807.5343,0.22383628,0.49595,0.112168,4.321486,0.05562972,79.999979
0.029999971,-4809.3855,0.2243249,0.49595,0.112168,4.321486,0.05562972,79.999979
0.039999962,-4810.679,0.22521599,0.49595,0.112168,4.321486,0.05562972,79.999979
0.049999952,-4809.8761,0.2248069,0.49595,0.112168,4.321486,0.05562972,79.999979
0.059999943,-4811.4522,0.224668,0.49595,0.112168,4.321486,0.05562972,79.999979
0.069999933,-4809.7284,0.2248611,0.49595,0.112168,4.321486,0.05562972,79.999979
0.079999924,-4811.1358,0.22526837,0.49595,0.112168,4.321486,0.05562972,79.999979
0.089999914,-4808.0789,0.22544452,0.49595,0.112168,4.321486,0.05562972,79.999979
0.099999905,-4810.367,0.22406753,0.49595,0.112168,4.321486,0.05562972,79.999979
0.1099999,-4810.0487,0.22437261,0.49595,0.112168,4.321486,0.05562972,79.999979
0.11999989,-4808.6525,0.22432896,0.49595,0.112168,4.321486,0.05562972,79.999979
0.12999988,-4808.326,0.22432896,0.49595,0.112168,4.321486,0.05562972,79.999979
0.13999987,-4807.6219,0.22432896,0.49595,0.112168,4.321486,0.05562972,79.999979
0.14999986,-4812.0977,0.22513772,0.49595,0.112168,4.321486,0.05562972,79.999979
0.15999985,-4807.9926,0.22514468,0.49595,0.112168,4.321486,0.05562972,79.999979
0.16999984,-4809.1274,0.22460822,0.49595,0.112168,4.321486,0.05562972,79.999979
0.17999983,-4810.2703,0.22539096,0.49595,0.112168,4.321486,0.05562972,79.999979
0.18999982,-4808.3417,0.22530085,0.49595,0.112168,4.321486,0.05562972,79.999979
0.19999981,-4808.4013,0.2252513,0.49595,0.112168,4.321486,0.05562972,79.999979
0.2099998,-4810.5175,0.22541146,0.49595,0.112168,4.321486,0.05562972,79.999979
0.21999979,-4807.9051,0.22500075,0.49595,0.112168,4.321486,0.05562972,79.999979
0.22999978,-4808.2304,0.22473189,0.49595,0.112168,4.321486,0.05562972,79.999979
0.23999977,-4810.7924,0.22470515,0.49595,0.112168,4.321486,0.05562972,79.999979
0.24999976,-4807.7819,0.22427464,0.49595,0.112168,4.321486,0.05562972,79.999979
0.25999975,-4807.5326,0.224647,0.49595,0.112168,4.321486,0.05562972,79.999979
0.26999974,-4809.4822,0.22427381,0.49595,0.112168,4.321486,0.05562972,79.999979
0.27999973,-4809.7492,0.2246258,0.49595,0.112168,4.321486,0.05562972,79.999979
0.28999972,-4809.1966,0.22437458,0.49595,0.112168,4.321486,0.05562972,79.999979
0.29999971,-4810.0189,0.224393,0.49595,0.112168,4.321486,0.05562972,79.999979
0.3099997,-4807.9093,0.22417131,0.49595,0.112168,4.321486,0.05562972,79.999979
0.31999969,-4808.6327,0.22408202,0.49595,0.112168,4.321486,0.05562972,79.999979
0.32999969,-4809.778,0.22360833,0.49595,0.112168,4.321486,0.05562972,79.999979
0.33999968,-4811.5388,0.22427497,0.49595,0.112168,4.321486,0.05562972,79.999979
0.34999967,-4807.7245,0.22516246,0.49595,0.112168,4.321486,0.05562972,79.999979
0.35999966,-4810.5874,0.22513931,0.49595,0.112168,4.321486,0.05562972,79.999979
0.36999965,-4807.9681,0.22382239,0.49595,0.112168,4.321486,0.05562972,79.999979
0.37999964,-4809.1708,0.2237353,0.49595,0.112168,4.321486,0.05562972,79.999979
0.38999963,-4809.9985,0.22368627,0.49595,0.112168,4.321486,0.05562972,79.999979
0.39999962,-4810.8077,0.22379453,0.49595,0.112168,4.321486,0.05562972,79.999979
0.40999961,-4807.5428,0.22443128,0.49595,0.112168,4.321486,0.05562972,79.999979
0.4199996,-4811.1796,0.2251777,0.49595,0.112168,4.321486,0.05562972,79.999979
0.42999959,-4807.448,0.2242204,0.49595,0.112168,4.321486,0.05562972,79.999979
0.43999958,-4808.4987,0.22396368,0.49595,0.112168,4.321486,0.05562972,79.999979
0.44999957,-4809.6445,0.22514652,0.49595,0.112168,4.321486,0.05562972,79.999979
0.45999956,-4809.7411,0.22429466,0.49595,0.112168,4.321486,0.05562972,79.999979
0.46999955,-4810.832,0.22466962,0.49595,0.112168,4.321486,0.05562972,79.999979
0.47999954,-4810.2665,0.22495411,0.49595,0.112168,4.321486,0.05562972,79.999979
0.48999953,-4808.6606,0.2249098,0.49595,0.112168,4.321486,0.05562972,79.999979
0.49999952,-4808.6606,0.22493264,0.49595,0.112168,4.321486,0.05562972,79.999979
0.50999951,-4808.6621,0.22497745,0.49595,0.112168,4.321486,0.05562972,79.999979
0.5199995,-4808.5601,0.22488696,0.49595,0.112168,4.321486,0.05562972,79.999979
0.52999949,-4809.7983,0.22456578,0.49595,0.112168,4.321486,0.05562972,79.999979
0.53999949,-4810.7237,0.22543566,0.49595,0.112168,4.321486,0.05562972,79.999979
0.54999948,-4808.3617,0.22407921,0.49595,0.112168,4.321486,0.05562972,79.999979
0.55999947,-4809.8134,0.22423588,0.49595,0.112168,4.321486,0.05562972,79.999979
0.56999946,-4809.4353,0.22439255,0.49595,0.112168,4.321486,0.05562972,79.999979
0.57999945,-4810.3891,0.22471151,0.49595,0.112168,4.321486,0.05562972,79.999979
0.58999944,-4807.4494,0.22563828,0.49595,0.112168,4.321486,0.05562972,79.999979
0.59999943,-4809.5666,0.22441954,0.49595,0.112168,4.321486,0.05562972,79.999979
0.60999942,-4808.3066,0.22544294,0.49595,0.112168,4.321486,0.05562972,79.999979
0.61999941,-4808.8227,0.22427512,0.49595,0.112168,4.321486,0.05562972,79.999979
0.6299994,-4809.1176,0.22409362,0.49595,0.112168,4.321486,0.05562972,79.999979
0.63999939,-4810.5039,0.22413614,0.49595,0.112168,4.321486,0.05562972,79.999979
0.64999938,-4807.4472,0.22416481,0.49595,0.112168,4.321486,0.05562972,79.999979
0.65999937,-4809.6409,0.22442457,0.49595,0.112168,4.321486,0.05562972,79.999979
0.66999936,-4808.812,0.22448699,0.49595,0.112168,4.321486,0.05562972,79.999979
0.67999935,-4810.218,0.2244232,0.49595,0.112168,4.321486,0.05562972,79.999979
0.68999934,-4809.8049,0.22445072,0.49595,0.112168,4.321486,0.05562972,79.999979
0.69999933,-4810.7712,0.22469943,0.49595,0.112168,4.321486,0.05562972,79.999979
0.70999932,-4809.5247,0.22409424,0.49595,0.112168,4.321486,0.05562972,79.999979
0.71999931,-4807.9553,0.22444582,0.49595,0.112168,4.321486,0.05562972,79.999979
0.7299993,-4807.7949,0.22459824,0.49595,0.112168,4.321486,0.05562972,79.999979
0.73999929,-4810.143,0.22447533,0.49595,0.112168,4.321486,0.05562972,79.999979
0.74999928,-4810.4143,0.22446572,0.49595,0.112168,4.321486,0.05562972,79.999979
0.75999928,-4810.4143,0.22446572,0.49595,0.112168,4.321486,0.05562972,79.999979
0.76999927,-4809.3392,0.22495238,0.49595,0.112168,4.321486,0.05562972,79.999979
0.77999926,-4809.7122,0.22509416,0.49595,0.112168,4.321486,0.05562972,79.999979
0.78999925,-4809.0056,0.2239786,0.49595,0.112168,4.321486,0.05562972,79.999979
0.79999924,-4809.7945,0.22431632,0.49595,0.112168,4.321486,0.05562972,79.999979
0.80999923,-4810.2507,0.22478348,0.49595,0.112168,4.321486,0.05562972,79.999979
0.81999922,-4810.7068,0.22532885,0.49595,0.112168,4.321486,0.05562972,79.999979
0.82999921,-4807.7363,0.22542399,0.49595,0.112168,4.321486,0.05562972,79.999979
0.8399992,-4809.4859,0.2244785,0.49595,0.112168,4.321486,0.05562972,79.999979
0.84999919,-4810.8776,0.22520679,0.49595,0.112168,4.321486,0.05562972,79.999979
0.85999918,-4809.9543,0.22508004,0.49595,0.112168,4.321486,0.05562972,79.999979
0.86999917,-4810.3209,0.22506439,0.49595,0.112168,4.321486,0.05562972,79.999979
0.87999916,-4810.4538,0.22496928,0.49595,0.112168,4.321486,0.05562972,79.999979
0.88999915,-4807.5919,0.22532937,0.49595,0.112168,4.321486,0.05562972,79.999979
0.89999914,-4808.4978,0.22396803,0.49595,0.112168,4.321486,0.05562972,79.999979
0.90999913,-4809.6359,0.22429669,0.49595,0.112168,4.321486,0.05562972,79.999979
0.91999912,-4810.3058,0.22389457,0.49595,0.112168,4.321486,0.05562972,79.999979
0.92999911,-4811.2709,0.22389096,0.49595,0.112168,4.321486,0.05562972,79.999979
0.9399991,-4809.7178,0.22424222,0.49595,0.112168,4.321486,0.05562972,79.999979
0.94999909,-4807.4021,0.2250004,0.49595,0.112168,4.321486,0.05562972,79.999979
0.95999908,-4806.9994,0.22537585,0.49595,0.112168,4.321486,0.05562972,79.999979
0.96999907,-4809.8261,0.22386608,0.49595,0.112168,4.321486,0.05562972,79.999979
0.97999907,-4809.2847,0.22432247,0.49595,0.112168,4.321486,0.05562972,79.999979
0.98999906,-4808.6446,0.22451165,0.49595,0.112168,4.321486,0.05562972,79.999979
0.99999905,-4810.4198,0.22518749,0.49595,0.112168,4.321486,0.05562972,79.999979
1.009999,-4809.0286,0.22513009,0.49595,0.112168,4.321486,0.05562972,79.999979
1.019999,-4807.4794,0.22507269,0.49595,0.112168,4.321486,0.05562972,79.999979
1.029999,-4809.0648,0.22405546,0.49595,0.112168,4.321486,0.05562972,79.999979
1.039999,-4807.8414,0.22551413,0.49595,0.112168,4.321486,0.05562972,79.999979
1.049999,-4807.1941,0.22518154,0.49595,0.112168,4.321486,0.05562972,79.999979
1.059999,-4808.1138,0.22513184,0.49595,0.112168,4.321486,0.05562972,79.999979
1.069999,-4807.7525,0.22509463,0.49595,0.112168,4.321486,0.05562972,79.999979
1.079999,-4807.3913,0.22461203,0.49595,0.112168,4.321486,0.05562972,79.999979
1.089999,-4809.2254,0.22456926,0.49595,0.112168,4.321486,0.05562972,79.999979
1.099999,-4809.1702,0.22466853,0.49595,0.112168,4.321486,0.05562972,79.999979
1.1099989,-4809.3167,0.22501399,0.49595,0.112168,4.321486,0.05562972,79.999979
1.1199989,-4810.6704,0.22399596,0.49595,0.112168,4.321486,0.05562972,79.999979
1.1299989,-4806.1517,0.22465215,0.49595,0.112168,4.321486,0.05562972,79.999979
1.1399989,-4806.9921,0.22512489,0.49595,0.112168,4.321486,0.05562972,79.999979
1.1499989,-4807.9038,0.22420231,0.49595,0.112168,4.321486,0.05562972,79.999979
1.1599989,-4810.7441,0.22508951,0.49595,0.112168,4.321486,0.05562972,79.999979
1.1699989,-4807.5671,0.22494254,0.49595,0.112168,4.321486,0.05562972,79.999979
1.1799989,-4810.4907,0.22352266,0.49595,0.112168,4.321486,0.05562972,79.999979
1.1899989,-4807.6808,0.22510163,0.49595,0.112168,4.321486,0.05562972,79.999979
1.1999989,-4808.9932,0.22477577,0.49595,0.112168,4.321486,0.05562972,79.999979
1.2099988,-4809.1648,0.22472981,0.49595,0.112168,4.321486,0.05562972,79.999979
1.2199988,-4807.3539,0.22539123,0.49595,0.112168,4.321486,0.05562972,79.999979
1.2299988,-4810.2225,0.22475785,0.49595,0.112168,4.321486,0.05562972,79.999979
1.2399988,-4809.5019,0.22517107,0.49595,0.112168,4.321486,0.05562972,79.999979
1.2499988,-4809.9105,0.22542114,0.49595,0.112168,4.321486,0.05562972,79.999979
1.2599988,-4811.2585,0.22549432,0.49595,0.112168,4.321486,0.05562972,79.999979
1.2699988,-4809.0593,0.22544331,0.49595,0.112168,4.321486,0.05562972,79.999979
1.2799988,-4810.6707,0.2249767,0.49595,0.112168,4.321486,0.05562972,79.999979
1.2899988,-4809.7293,0.224474,0.49595,0.112168,4.321486,0.05562972,79.999979
1.2999988,-4809.6188,0.22525336,0.49595,0.112168,4.321486,0.05562972,79.999979
1.3099988,-4809.6188,0.22516399,0.49595,0.112168,4.321486,0.05562972,79.999979
1.3199987,-4810.609,0.22504891,0.49595,0.112168,4.321486,0.05562972,79.999979
1.3299987,-4808.9296,0.22410345,0.49595,0.112168,4.321486,0.05562972,79.999979
1.3399987,-4810.6229,0.22440376,0.49595,0.112168,4.321486,0.05562972,79.999979
1.3499987,-4808.4027,0.22485589,0.49595,0.112168,4.321486,0.05562972,79.999979
1.3599987,-4809.8954,0.22602066,0.49595,0.112168,4.321486,0.05562972,79.999979
1.3699987,-4809.189,0.22437301,0.49595,0.112168,4.321486,0.05562972,79.999979
1.3799987,-4807.453,0.22439306,0.49595,0.112168,4.321486,0.05562972,79.999979
1.3899987,-4808.3205,0.22510767,0.49595,0.112168,4.321486,0.05562972,79.999979
1.3999987,-4809.7675,0.22531687,0.49595,0.112168,4.321486,0.05562972,79.999979
1.4099987,-4810.2332,0.22492685,0.49595,0.112168,4.321486,0.05562972,79.999979
1.4199986,-4809.5035,0.22465836,0.49595,0.112168,4.321486,0.05562972,79.999979
1.4299986,-4808.3578,0.22463012,0.49595,0.112168,4.321486,0.05562972,79.999979
1.4399986,-4807.636,0.22463333,0.49595,0.112168,4.321486,0.05562972,79.999979
1.4499986,-4807.0426,0.22449258,0.49595,0.112168,4.321486,0.05562972,79.999979
1.4599986,-4809.5805,0.22503453,0.49595,0.112168,4.321486,0.05562972,79.999979
1.4699986,-4809.6307,0.22430609,0.49595,0.112168,4.321486,0.05562972,79.999979
1.4799986,-4809.6236,0.2244748,0.49595,0.112168,4.321486,0.05562972,79.999979
1.4899986,-4810.1081,0.2260771,0.49595,0.112168,4.321486,0.05562972,79.999979
1.4999986,-4808.4136,0.22535103,0.49595,0.112168,4.321486,0.05562972,79.999979
1.5099986,-4807.6204,0.22414048,0.49595,0.112168,4.321486,0.05562972,79.999979
1.5199986,-4808.5891,0.22433531,0.49595,0.112168,4.321486,0.05562972,79.999979
1.5299985,-4810.5775,0.22478558,0.49595,0.112168,4.321486,0.05562972,79.999979
1.5399985,-4808.8508,0.22456546,0.49595,0.112168,4.321486,0.05562972,79.999979
1.5499985,-4807.8326,0.22484862,0.49595,0.112168,4.321486,0.05562972,79.999979
1.5599985,-4808.201,0.22508397,0.49595,0.112168,4.321486,0.05562972,79.999979
1.5699985,-4809.3726,0.2247469,0.49595,0.112168,4.321486,0.05562972,79.999979
1.5799985,-4810.6714,0.22533045,0.49595,0.112168,4.321486,0.05562972,79.999979
1.5899985,-4806.7602,0.224402,0.49595,0.112168,4.321486,0.05562972,79.999979
1.5999985,-4809.0698,0.22475252,0.49595,0.112168,4.321486,0.05562972,79.999979
1.6099985,-4807.7417,0.22472823,0.49595,0.112168,4.321486,0.05562972,79.999979
1.6199985,-4808.6566,0.22432646,0.49595,0.112168,4.321486,0.05562972,79.999979
1.6299984,-4809.2067,0.22407412,0.49595,0.112168,4.321486,0.05562972,79.999979
1.6399984,-4809.7607,0.22382179,0.49595,0.112168,4.321486,0.05562972,79.999979
1.6499984,-4810.6375,0.22488677,0.49595,0.112168,4.321486,0.05562972,79.999979
1.6599984,-4807.8329,0.22489754,0.49595,0.112168,4.321486,0.05562972,79.999979
1.6699984,-4810.5003,0.22578504,0.49595,0.112168,4.321486,0.05562972,79.999979
1.6799984,-4808.095,0.225747,0.49595,0.112168,4.321486,0.05562972,79.999979
1.6899984,-4807.7515,0.22570896,0.49595,0.112168,4.321486,0.05562972,79.999979
1.6999984,-4808.8897,0.22540851,0.49595,0.112168,4.321486,0.05562972,79.999979
1.7099984,-4809.2192,0.22464979,0.49595,0.112168,4.321486,0.05562972,79.999979
1.7199984,-4808.2447,0.22471985,0.49595,0.112168,4.321486,0.05562972,79.999979
1.7299984,-4808.5829,0.22469381,0.49595,0.112168,4.321486,0.05562972,79.999979
1.7399983,-4809.3518,0.22520444,0.49595,0.112168,4.321486,0.05562972,79.999979
1.7499983,-4810.794,0.22501456,0.49595,0.112168,4.321486,0.05562972,79.999979
1.7599983,-4810.794,0.22442693,0.49595,0.112168,4.321486,0.05562972,79.999979
1.7699983,-4807.3041,0.22401062,0.49595,0.112168,4.321486,0.05562972,79.999979
1.7799983,-4809.3758,0.22410356,0.49595,0.112168,4.321486,0.05562972,79.999979
1.7899983,-4809.8798,0.22492583,0.49595,0.112168,4.321486,0.05562972,79.999979
1.7999983,-4809.3005,0.22523695,0.49595,0.112168,4.321486,0.05562972,79.999979
1.8099983,-4809.5977,0.22490833,0.49595,0.112168,4.321486,0.05562972,79.999979
1.8199983,-4810.1957,0.2251749,0.49595,0.112168,4.321486,0.05562972,79.999979
1.8299983,-4807.2966,0.22560535,0.49595,0.112168,4.321486,0.05562972,79.999979
1.8399982,-4809.428,0.22446802,0.49595,0.112168,4.321486,0.05562972,79.999979
1.8499982,-4810.9728,0.22407134,0.49595,0.112168,4.321486,0.05562972,79.999979
1.8599982,-4809.354,0.22464894,0.49595,0.112168,4.321486,0.05562972,79.999979
1.8699982,-4810.7296,0.22473217,0.49595,0.112168,4.321486,0.05562972,79.999979
1.8799982,-4809.3291,0.22497762,0.49595,0.112168,4.321486,0.05562972,79.999979
1.8899982,-4807.7329,0.22490073,0.49595,0.112168,4.321486,0.05562972,79.999979
1.8999982,-4809.4091,0.22459102,0.49595,0.112168,4.321486,0.05562972,79.999979
1.9099982,-4810.0984,0.22462814,0.49595,0.112168,4.321486,0.05562972,79.999979
1.9199982,-4808.8789,0.22463625,0.49595,0.112168,4.321486,0.05562972,79.999979
1.9299982,-4808.4697,0.22520936,0.49595,0.112168,4.321486,0.05562972,79.999979
1.9399981,-4807.9355,0.22489152,0.49595,0.112168,4.321486,0.05562972,79.999979
1.9499981,-4806.8532,0.22457369,0.49595,0.112168,4.321486,0.05562972,79.999979
1.9599981,-4809.4496,0.22514225,0.49595,0.112168,4.321486,0.05562972,79.999979
1.9699981,-4806.9648,0.22502,0.49595,0.112168,4.321486,0.05562972,79.999979
1.9799981,-4809.1246,0.22416417,0.49595,0.112168,4.321486,0.05562972,79.999979
1.9899981,-4807.0823,0.223844,0.49595,0.112168,4.321486,0.05562972,79.999979
1.9999981,-4807.0736,0.223844,0.49595,0.112168,4.321486,0.05562972,79.999979
2.0099981,-4807.0736,0.223844,0.49595,0.112168,4.321486,0.05562972,79.999979
2.0199981,-4809.6779,0.22495071,0.49595,0.112168,4.321486,0.05562972,79.999979
2.0299981,-4806.9102,0.22463864,0.49595,0.112168,4.321486,0.05562972,79.999979
2.0399981,-4808.801,0.2248434,0.49595,0.112168,4.321486,0.05562972,79.999979
2.049998,-4808.3846,0.2252942,0.49595,0.112168,4.321486,0.05562972,79.999979
2.059998,-4809.1562,0.22432095,0.49595,0.112168,4.321486,0.05562972,79.999979
2.069998,-4809.3433,0.22409056,0.49595,0.112168,4.321486,0.05562972,79.999979
2.079998,-4809.4541,0.22404843,0.49595,0.112168,4.321486,0.05562972,79.999979
2.089998,-4810.7659,0.22447279,0.49595,0.112168,4.321486,0.05562972,79.999979
2.099998,-4807.2765,0.22423779,0.49595,0.112168,4.321486,0.05562972,79.999979
2.109998,-4809.5083,0.22435239,0.49595,0.112168,4.321486,0.05562972,79.999979
2.119998,-4808.7965,0.22432485,0.49595,0.112168,4.321486,0.05562972,79.999979
2.129998,-4808.7996,0.22427825,0.49595,0.112168,4.321486,0.05562972,79.999979
2.139998,-4809.1027,0.22406967,0.49595,0.112168,4.321486,0.05562972,79.999979
2.1499979,-4809.9915,0.22508753,0.49595,0.112168,4.321486,0.05562972,79.999979
2.1599979,-4806.9038,0.22488487,0.49595,0.112168,4.321486,0.05562972,79.999979
2.1699979,-4809.7015,0.22402814,0.49595,0.112168,4.321486,0.05562972,79.999979
2.1799979,-4808.8985,0.2245689,0.49595,0.112168,4.321486,0.05562972,79.999979
2.1899979,-4808.9946,0.22458574,0.49595,0.112168,4.321486,0.05562972,79.999979
2.1999979,-4809.8963,0.22501715,0.49595,0.112168,4.321486,0.05562972,79.999979
2.2099979,-4808.0429,0.22518136,0.49595,0.112168,4.321486,0.05562972,79.999979
2.2199979,-4806.8499,0.22439562,0.49595,0.112168,4.321486,0.05562972,79.999979
2.2299979,-4810.8543,0.22437984,0.49595,0.112168,4.321486,0.05562972,79.999979
2.2399979,-4808.9699,0.22413035,0.49595,0.112168,4.321486,0.05562972,79.999979
2.2499979,-4808.9699,0.22413035,0.49595,0.112168,4.321486,0.05562972,79.999979
2.2599978,-4808.9699,0.22413035,0.49595,0.112168,4.321486,0.05562972,79.999979
2.2699978,-4807.3368,0.22529347,0.49595,0.112168,4.321486,0.05562972,79.999979
2.2799978,-4808.8415,0.2239673,0.49595,0.112168,4.321486,0.05562972,79.999979
2.2899978,-4809.2082,0.22569032,0.49595,0.112168,4.321486,0.05562972,79.999979
2.2999978,-4808.3275,0.22401308,0.49595,0.112168,4.321486,0.05562972,79.999979
2.3099978,-4809.3921,0.22460215,0.49595,0.112168,4.321486,0.05562972,79.999979
2.3199978,-4809.2933,0.22471009,0.49595,0.112168,4.321486,0.05562972,79.999979
2.3299978,-4808.1338,0.22503224,0.49595,0.112168,4.321486,0.05562972,79.999979
2.3399978,-4807.8512,0.22511194,0.49595,0.112168,4.321486,0.05562972,79.999979
2.3499978,-4809.1286,0.22436552,0.49595,0.112168,4.321486,0.05562972,79.999979
2.3599977,-4807.9615,0.22538662,0.49595,0.112168,4.321486,0.05562972,79.999979
2.3699977,-4809.3638,0.2246038,0.49595,0.112168,4.321486,0.05562972,79.999979
2.3799977,-4809.9244,0.22470915,0.49595,0.112168,4.321486,0.05562972,79.999979
2.3899977,-4806.0579,0.22493084,0.49595,0.112168,4.321486,0.05562972,79.999979
2.3999977,-4808.4925,0.22481954,0.49595,0.112168,4.321486,0.05562972,79.999979
2.4099977,-4808.4687,0.22360494,0.49595,0.112168,4.321486,0.05562972,79.999979
2.4199977,-4807.8125,0.22475847,0.49595,0.112168,4.321486,0.05562972,79.999979
2.4299977,-4808.1825,0.22469129,0.49595,0.112168,4.321486,0.05562972,79.999979
2.4399977,-4808.9203,0.22469129,0.49595,0.112168,4.321486,0.05562972,79.999979
2.4499977,-4806.676,0.22489202,0.49595,0.112168,4.321486,0.05562972,79.999979
2.4599977,-4806.0832,0.22450515,0.49595,0.112168,4.321486,0.05562972,79.999979
2.4699976,-4807.4673,0.22371417,0.49595,0.112168,4.321486,0.05562972,79.999979
2.4799976,-4806.0138,0.2252592,0.49595,0.112168,4.321486,0.05562972,79.999979
2.4899976,-4809.5224,0.2249545,0.49595,0.112168,4.321486,0.05562972,79.999979
2.4999976,-4809.5224,0.22524457,0.49595,0.112168,4.321486,0.05562972,79.999979
2.5099976,-4808.9784,0.22516662,0.49595,0.112168,4.321486,0.05562972,79.999979
2.5199976,-4809.1268,0.22445508,0.49595,0.112168,4.321486,0.05562972,79.999979
2.5299976,-4807.4758,0.22488016,0.49595,0.112168,4.321486,0.05562972,79.999979
2.5399976,-4807.778,0.22493224,0.49595,0.112168,4.321486,0.05562972,79.999979
2.5499976,-4809.2241,0.22532799,0.49595,0.112168,4.321486,0.05562972,79.999979
2.5599976,-4806.7745,0.22537547,0.49595,0.112168,4.321486,0.05562972,79.999979
2.5699975,-4805.6659,0.22542295,0.49595,0.112168,4.321486,0.05562972,79.999979
2.5799975,-4807.6778,0.22529,0.49595,0.112168,4.321486,0.05562972,79.999979
2.5899975,-4808.4419,0.22472552,0.49595,0.112168,4.321486,0.05562972,79.999979
2.5999975,-4805.7248,0.22548612,0.49595,0.112168,4.321486,0.05562972,79.999979
2.6099975,-4808.7777,0.224396,0.49595,0.112168,4.321486,0.05562972,79.999979
2.6199975,-4808.0927,0.22379336,0.49595,0.112168,4.321486,0.05562972,79.999979
2.6299975,-4807.5982,0.22384791,0.49595,0.112168,4.321486,0.05562972,79.999979
2.6399975,-4807.1037,0.22390246,0.49595,0.112168,4.321486,0.05562972,79.999979
2.6499975,-4806.6091,0.22395701,0.49595,0.112168,4.321486,0.05562972,79.999979
2.6599975,-4806.1146,0.22401155,0.49595,0.112168,4.321486,0.05562972,79.999979
2.6699975,-4808.0756,0.22387831,0.49595,0.112168,4.321486,0.05562972,79.999979
2.6799974,-4806.2801,0.22437943,0.49595,0.112168,4.321486,0.05562972,79.999979
2.6899974,-4806.1434,0.22432014,0.49595,0.112168,4.321486,0.05562972,79.999979
2.6999974,-4807.5056,0.22491866,0.49595,0.112168,4.321486,0.05562972,79.999979
2.7099974,-4806.8335,0.22431051,0.49595,0.112168,4.321486,0.05562972,79.999979
2.7199974,-4808.7309,0.22479158,0.49595,0.112168,4.321486,0.05562972,79.999979
2.7299974,-4810.2507,0.2237334,0.49595,0.112168,4.321486,0.05562972,79.999979
2.7399974,-4808.2238,0.22557209,0.49595,0.112168,4.321486,0.05562972,79.999979
2.7499974,-4808.8297,0.22521039,0.49595,0.112168,4.321486,0.05562972,79.999979
2.7599974,-4809.2873,0.22420044,0.49595,0.112168,4.321486,0.05562972,79.999979
2.7699974,-4807.7024,0.22535799,0.49595,0.112168,4.321486,0.05562972,79.999979
2.7799973,-4810.5893,0.2244481,0.49595,0.112168,4.321486,0.05562972,79.999979
2.7899973,-4809.657,0.22462558,0.49595,0.112168,4.321486,0.05562972,79.999979
2.7999973,-4808.4833,0.22431997,0.49595,0.112168,4.321486,0.05562972,79.999979
2.8099973,-4809.0859,0.2241096,0.49595,0.112168,4.321486,0.05562972,79.999979
2.8199973,-4809.6555,0.22380129,0.49595,0.112168,4.321486,0.05562972,79.999979
2.8299973,-4809.1887,0.22464901,0.49595,0.112168,4.321486,0.05562972,79.999979
2.8399973,-4807.622,0.22485313,0.49595,0.112168,4.321486,0.05562972,79.999979
2.8499973,-4809.6874,0.2244122,0.49595,0.112168,4.321486,0.05562972,79.999979
2.8599973,-4808.4115,0.22510203,0.49595,0.112168,4.321486,0.05562972,79.999979
2.8699973,-4808.7807,0.22510203,0.49595,0.112168,4.321486,0.05562972,79.999979
2.8799973,-4809.384,0.22510203,0.49595,0.112168,4.321486,0.05562972,79.999979
2.8899972,-4807.6001,0.22470084,0.49595,0.112168,4.321486,0.05562972,79.999979
2.8999972,-4807.254,0.22445523,0.49595,0.112168,4.321486,0.05562972,79.999979
2.9099972,-4808.6829,0.22377366,0.49595,0.112168,4.321486,0.05562972,79.999979
2.9199972,-4809.3937,0.22517474,0.49595,0.112168,4.321486,0.05562972,79.999979
2.9299972,-4808.08,0.22467,0.49595,0.112168,4.321486,0.05562972,79.999979
2.9399972,-4808.6294,0.22445764,0.49595,0.112168,4.321486,0.05562972,79.999979
2.9499972,-4808.2546,0.22464767,0.49595,0.112168,4.321486,0.05562972,79.999979
2.9599972,-4809.2191,0.22583117,0.49595,0.112168,4.321486,0.05562972,79.999979
2.9699972,-4806.8854,0.22461296,0.49595,0.112168,4.321486,0.05562972,79.999979
2.9799972,-4806.3911,0.22603426,0.49595,0.112168,4.321486,0.05562972,79.999979
2.9899971,-4810.0791,0.22505218,0.49595,0.112168,4.321486,0.05562972,79.999979
2.9999971,-4807.9915,0.22478412,0.49595,0.112168,4.321486,0.05562972,79.999979
3.0099971,-4807.7668,0.22522674,0.49595,0.112168,4.321486,0.05562972,79.999979
3.0199971,-4807.9634,0.22473368,0.49595,0.112168,4.321486,0.05562972,79.999979
3.0299971,-4807.6746,0.22497261,0.49595,0.112168,4.321486,0.05562972,79.999979
3.0399971,-4808.2387,0.22428296,0.49595,0.112168,4.321486,0.05562972,79.999979
3.0499971,-4809.3464,0.2244194,0.49595,0.112168,4.321486,0.05562972,79.999979
3.0599971,-4805.9227,0.22500124,0.49595,0.112168,4.321486,0.05562972,79.999979
3.0699971,-4806.4695,0.2247133,0.49595,0.112168,4.321486,0.05562972,79.999979
3.0799971,-4808.2413,0.22503584,0.49595,0.112168,4.321486,0.05562972,79.999979
3.0899971,-4809.1202,0.2247041,0.49595,0.112168,4.321486,0.05562972,79.999979
3.099997,-4805.5877,0.22439954,0.49595,0.112168,4.321486,0.05562972,79.999979
3.109997,-4808.5012,0.22554862,0.49595,0.112168,4.321486,0.05562972,79.999979
3.119997,-4807.7679,0.22446222,0.49595,0.112168,4.321486,0.05562972,79.999979
3.129997,-4807.8431,0.22410227,0.49595,0.112168,4.321486,0.05562972,79.999979
3.139997,-4808.5626,0.22407369,0.49595,0.112168,4.321486,0.05562972,79.999979
3.149997,-4805.9825,0.22522253,0.49595,0.112168,4.321486,0.05562972,79.999979
3.159997,-4807.7762,0.22385253,0.49595,0.112168,4.321486,0.05562972,79.999979
3.169997,-4809.5005,0.22484165,0.49595,0.112168,4.321486,0.05562972,79.999979
3.179997,-4807.8852,0.225313,0.49595,0.112168,4.321486,0.05562972,79.999979
3.189997,-4808.1444,0.22390682,0.49595,0.112168,4.321486,0.05562972,79.999979
3.1999969,-4808.952,0.22369697,0.49595,0.112168,4.321486,0.05562972,79.999979
3.2099969,-4807.6442,0.22424073,0.49595,0.112168,4.321486,0.05562972,79.999979
3.2199969,-4807.6775,0.22499483,0.49595,0.112168,4.321486,0.05562972,79.999979
3.2299969,-4808.4218,0.22463781,0.49595,0.112168,4.321486,0.05562972,79.999979
3.2399969,-4807.0411,0.22488399,0.49595,0.112168,4.321486,0.05562972,79.999979
3.2499969,-4809.8599,0.2252483,0.49595,0.112168,4.321486,0.05562972,79.999979
3.2599969,-4809.607,0.22503318,0.49595,0.112168,4.321486,0.05562972,79.999979
3.2699969,-4808.6569,0.22497739,0.49595,0.112168,4.321486,0.05562972,79.999979
3.2799969,-4807.7055,0.22554839,0.49595,0.112168,4.321486,0.05562972,79.999979
3.2899969,-4807.5672,0.22445084,0.49595,0.112168,4.321486,0.05562972,79.999979
3.2999969,-4807.1496,0.22471756,0.49595,0.112168,4.321486,0.05562972,79.999979
3.3099968,-4808.9762,0.22421801,0.49595,0.112168,4.321486,0.05562972,79.999979
3.3199968,-4807.7428,0.2240585,0.49595,0.112168,4.321486,0.05562972,79.999979
3.3299968,-4806.5095,0.2240585,0.49595,0.112168,4.321486,0.05562972,79.999979
3.3399968,-4807.5173,0.22508981,0.49595,0.112168,4.321486,0.05562972,79.999979
3.3499968,-4808.1859,0.22446878,0.49595,0.112168,4.321486,0.05562972,79.999979
3.3599968,-4806.1012,0.22436241,0.49595,0.112168,4.321486,0.05562972,79.999979
3.3699968,-4809.5058,0.22439907,0.49595,0.112168,4.321486,0.05562972,79.999979
3.3799968,-4807.8642,0.22435244,0.49595,0.112168,4.321486,0.05562972,79.999979
3.3899968,-4806.4134,0.22434895,0.49595,0.112168,4.321486,0.05562972,79.999979
3.3999968,-4806.7898,0.22620586,0.49595,0.112168,4.321486,0.05562972,79.999979
3.4099967,-4808.0519,0.22517801,0.49595,0.112168,4.321486,0.05562972,79.999979
3.4199967,-4808.5922,0.2252522,0.49595,0.112168,4.321486,0.05562972,79.999979
3.4299967,-4810.3349,0.22464805,0.49595,0.112168,4.321486,0.05562972,79.999979
3.4399967,-4809.3623,0.22516565,0.49595,0.112168,4.321486,0.05562972,79.999979
3.4499967,-4807.8751,0.22450672,0.49595,0.112168,4.321486,0.05562972,79.999979
3.4599967,-4809.0166,0.22436733,0.49595,0.112168,4.321486,0.05562972,79.999979
3.4699967,-4808.0006,0.22552407,0.49595,0.112168,4.321486,0.05562972,79.999979
3.4799967,-4806.5494,0.22450441,0.49595,0.112168,4.321486,0.05562972,79.999979
3.4899967,-4809.0111,0.22461746,0.49595,0.112168,4.321486,0.05562972,79.999979
3.4999967,-4805.8904,0.22379028,0.49595,0.112168,4.321486,0.05562972,79.999979
3.5099967,-4805.8904,0.22379028,0.49595,0.112168,4.321486,0.05562972,79.999979
3.5199966,-4806.9827,0.22432129,0.49595,0.112168,4.321486,0.05562972,79.999979
3.5299966,-4807.7124,0.22497647,0.49595,0.112168,4.321486,0.05562972,79.999979
3.5399966,-4808.2468,0.22413263,0.49595,0.112168,4.321486,0.05562972,79.999979
3.5499966,-4807.7024,0.22410634,0.49595,0.112168,4.321486,0.05562972,79.999979
3.5599966,-4806.3834,0.22455363,0.49595,0.112168,4.321486,0.05562972,79.999979
3.5699966,-4807.4036,0.22466724,0.49595,0.112168,4.321486,0.05562972,79.999979
3.5799966,-4808.4499,0.22494372,0.49595,0.112168,4.321486,0.05562972,79.999979
3.5899966,-4807.3877,0.2251357,0.49595,0.112168,4.321486,0.05562972,79.999979
3.5999966,-4808.756,0.22462642,0.49595,0.112168,4.321486,0.05562972,79.999979
3.6099966,-4808.7525,0.22469159,0.49595,0.112168,4.321486,0.05562972,79.999979
3.6199965,-4806.6426,0.2240809,0.49595,0.112168,4.321486,0.05562972,79.999979
3.6299965,-4806.6235,0.22399048,0.49595,0.112168,4.321486,0.05562972,79.999979
3.6399965,-4808.2862,0.22390007,0.49595,0.112168,4.321486,0.05562972,79.999979
3.6499965,-4809.436,0.22511895,0.49595,0.112168,4.321486,0.05562972,79.999979
3.6599965,-4805.9585,0.22478265,0.49595,0.112168,4.321486,0.05562972,79.999979
3.6699965,-4808.066,0.22490391,0.49595,0.112168,4.321486,0.05562972,79.999979
3.6799965,-4807.7307,0.2250931,0.49595,0.112168,4.321486,0.05562972,79.999979
3.6899965,-4807.0213,0.2250354,0.49595,0.112168,4.321486,0.05562972,79.999979
3.6999965,-4806.5212,0.22494773,0.49595,0.112168,4.321486,0.05562972,79.999979
3.7099965,-4808.9318,0.22442484,0.49595,0.112168,4.321486,0.05562972,79.999979
3.7199965,-4806.4488,0.22399218,0.49595,0.112168,4.321486,0.05562972,79.999979
3.7299964,-4808.1,0.22447209,0.49595,0.112168,4.321486,0.05562972,79.999979
3.7399964,-4806.6997,0.22411097,0.49595,0.112168,4.321486,0.05562972,79.999979
3.7499964,-4809.1487,0.22569806,0.49595,0.112168,4.321486,0.05562972,79.999979
3.7599964,-4809.1487,0.22569806,0.49595,0.112168,4.321486,0.05562972,79.999979
3.7699964,-4808.3233,0.22455293,0.49595,0.112168,4.321486,0.05562972,79.999979
3.7799964,-4807.6299,0.22499859,0.49595,0.112168,4.321486,0.05562972,79.999979
3.7899964,-4806.8603,0.22369748,0.49595707,0.11221782,4.3196501,0.05565525,79.999979
3.7999964,-4805.8925,0.224551,0.49600522,0.11255712,4.3071475,0.055829115,79.999979
3.8099964,-4807.2972,0.22426341,0.49605336,0.11289641,4.2946448,0.056002979,79.999979
3.8199964,-4807.5196,0.22424641,0.49610151,0.1132357,4.2821422,0.056176844,79.999979
3.8299963,-4807.5196,0.22426303,0.49614965,0.113575,4.2696396,0.056350709,79.999979
3.8399963,-4807.878,0.22459479,0.4961978,0.11391429,4.257137,0.056524573,79.999979
3.8499963,-4806.381,0.22458646,0.49624595,0.11425359,4.2446343,0.056698438,79.999979
3.8599963,-4802.2111,0.22514674,0.49629409,0.11459288,4.2321317,0.056872302,79.999979
3.8699963,-4801.6577,0.22504478,0.49634224,0.11493217,4.2196291,0.057046167,79.999979
3.8799963,-4802.0377,0.22518317,0.49639038,0.11527147,4.2071265,0.057220032,79.999979
3.8899963,-4802.6348,0.22550782,0.49643853,0.11561076,4.1946239,0.057393896,79.999979
3.8999963,-4798.7534,0.22472085,0.49648667,0.11595006,4.1821212,0.057567761,79.999979
3.9099963,-4799.6097,0.22479642,0.49655135,0.11627407,4.1706182,0.057735191,79.999979
3.9199963,-4795.6753,0.22520989,0.49663771,0.11657329,4.1607377,0.057894175,79.999979
3.9299963,-4794.6642,0.22585227,0.49672407,0.11687251,4.1508572,0.058053159,79.999979
3.9399962,-4795.0334,0.225769,0.49681043,0.11717173,4.1409767,0.058212143,79.999979
3.9499962,-4795.4026,0.22559536,0.49689679,0.11747095,4.1310961,0.058371128,79.999979
3.9599962,-4794.8808,0.22516491,0.49698315,0.11777017,4.1212156,0.058530112,79.999979
3.9699962,-4794.9742,0.22558244,0.49706951,0.11806939,4.1113351,0.058689096,79.999979
3.9799962,-4792.9194,0.22535319,0.49715587,0.11836861,4.1014546,0.05884808,79.999979
3.9899962,-4789.1847,0.22555562,0.49724223,0.11866783,4.0915741,0.059007065,79.999979
3.9999962,-4790.8181,0.22567638,0.49732859,0.11896705,4.0816935,0.059166049,79.999979
4.0099962,-4790.9641,0.22587896,0.49741495,0.11926627,4.071813,0.059325033,79.999979
4.0199962,-4791.3862,0.22644538,0.49750131,0.11956549,4.0619325,0.059484018,79.999979
4.0299962,-4787.0616,0.22602524,0.49681376,0.11948514,4.0581883,0.059362581,79.999979
4.0399961,-4787.6553,0.2253532,0.49600504,0.11934536,4.0563383,0.059197239,79.999979
4.0499961,-4786.1688,0.22558442,0.49519633,0.11920558,4.0544882,0.059031897,79.999979
4.0599961,-4786.2869,0.225505,0.49438761,0.1190658,4.0526382,0.058866555,79.999979
4.0699961,-4786.052,0.22556935,0.49357889,0.11892602,4.0507881,0.058701213,79.999979
4.0799961,-4784.7611,0.22559632,0.49277017,0.11878624,4.0489381,0.058535871,79.999979
4.0899961,-4783.6704,0.22492617,0.49196146,0.11864645,4.047088,0.058370529,79.999979
4.0999961,-4781.8384,0.22484103,0.49115274,0.11850667,4.045238,0.058205187,79.999979
4.1099961,-4780.5989,0.22536405,0.4906854,0.11816065,4.0525126,0.057963427,79.999979
4.1199961,-4781.0506,0.22594672,0.49040058,0.11764698,4.0688716,0.057680812,79.999979
4.1299961,-4779.9924,0.22584324,0.49011576,0.11713332,4.0852306,0.057398196,79.999979
4.1399961,-4778.9342,0.22581619,0.48983093,0.11661965,4.1015896,0.057115581,79.999979
4.149996,-4780.7011,0.22645244,0.48954611,0.11610599,4.1179486,0.056832966,79.999979
4.159996,-4776.5609,0.22547646,0.48926128,0.11559232,4.1343076,0.05655035,79.999979
4.169996,-4775.2058,0.22628716,0.48897646,0.11507866,4.1506666,0.056267735,79.999979
4.179996,-4774.0179,0.22650098,0.48869164,0.11456499,4.1670256,0.055985119,79.999979
4.189996,-4773.2515,0.22590455,0.48840681,0.11405133,4.1833847,0.055702504,79.999979
4.199996,-4771.781,0.22530812,0.48812199,0.11353767,4.1997437,0.055419889,79.999979
4.209996,-4772.7058,0.22617081,0.48783717,0.113024,4.2161027,0.055137273,79.999979
4.219996,-4771.5996,0.22619143,0.48777306,0.11263958,4.2304234,0.054965867,79.999979
4.229996,-4770.0644,0.22625841,0.48861776,0.11302715,4.2233284,0.055252366,79.999979
4.239996,-4767.5946,0.22591948,0.48946245,0.11341472,4.2162333,0.055538865,79.999979
4.2499959,-4767.2906,0.22584178,0.49030715,0.11380229,4.2091382,0.055825364,79.999979
4.2599959,-4766.9865,0.22584178,0.49115185,0.11418986,4.2020432,0.056111863,79.999979
4.2699959,-4769.2843,0.22627768,0.49199655,0.11457743,4.1949481,0.056398361,79.999979
4.2799959,-4768.9547,0.22693033,0.49284124,0.114965,4.1878531,0.05668486,79.999979
4.2899959,-4768.625,0.2275005,0.49368594,0.11535257,4.180758,0.056971359,79.999979
4.2999959,-4770.4898,0.22671481,0.49453064,0.11574014,4.173663,0.057257858,79.999979
4.3099959,-4768.4353,0.226204,0.49537533,0.11612771,4.1665679,0.057544357,79.999979
4.3199959,-4768.4353,0.226204,0.49622003,0.11651528,4.1594729,0.057830856,79.999979
4.3299959,-4768.1411,0.22635657,0.49706473,0.11690285,4.1523778,0.058117354,79.999979
4.3399959,-4767.4969,0.22638708,0.49790943,0.11729042,4.1452828,0.058403853,79.999979
4.3499959,-4765.1467,0.22631973,0.49916523,0.11730005,4.1559705,0.058548345,79.999979
4.3599958,-4762.5139,0.22605715,0.50124518,0.11655203,4.2023081,0.058408151,79.999979
4.3699958,-4763.1774,0.22695397,0.50332514,0.11580401,4.2486457,0.058267957,79.999979
4.3799958,-4761.4365,0.2270679,0.5054051,0.11505599,4.2949832,0.058127763,79.999979
4.3899958,-4760.547,0.2268453,0.50748505,0.11430797,4.3413208,0.057987569,79.999979
4.3999958,-4761.406,0.22614429,0.50956501,0.11355995,4.3876584,0.057847375,79.999979
4.4099958,-4758.1264,0.22625011,0.51164497,0.11281193,4.4339959,0.057707181,79.999979
4.4199958,-4755.2037,0.22622989,0.51372492,0.11206391,4.4803335,0.057566987,79.999979
4.4299958,-4757.3655,0.22632451,0.51319785,0.11236978,4.4725121,0.057660661,79.999979
4.4399958,-4755.9418,0.22625267,0.51172644,0.11305741,4.4334227,0.057839048,79.999979
4.4499958,-4754.5181,0.22640524,0.51025503,0.11374504,4.3943333,0.058017435,79.999979
4.4599957,-4753.2222,0.22668414,0.50878362,0.11443266,4.3552439,0.058195822,79.999979
4.4699957,-4753.2717,0.22705774,0.50731221,0.11512029,4.3161545,0.05837421,79.999979
4.4799957,-4750.9329,0.22774271,0.50584081,0.11580792,4.2770651,0.058552597,79.999979
4.4899957,-4752.3204,0.227801,0.5043694,0.11649554,4.2379757,0.058730984,79.999979
4.4999957,-4752.848,0.22706972,0.50289799,0.11718317,4.1988863,0.058909371,79.999979
4.5099957,-4753.3431,0.22655087,0.50142658,0.1178708,4.1597969,0.059087758,79.999979
4.5199957,-4747.8849,0.2273002,0.49995517,0.11855843,4.1207075,0.059266145,79.999979
4.5299957,-4748.4799,0.22585245,0.49872738,0.11913083,4.0868182,0.059330878,79.999979
4.5399957,-4748.4388,0.22670284,0.49840032,0.11847672,4.1082807,0.058975388,79.999979
4.5499957,-4744.5022,0.22637351,0.49807327,0.11782261,4.1297432,0.058619897,79.999979
4.5599957,-4745.3974,0.22573407,0.49774622,0.1171685,4.1512058,0.058264406,79.999979
4.5699956,-4744.8269,0.22632793,0.49741917,0.11651439,4.1726683,0.057908915,79.999979
4.5799956,-4746.9566,0.22638053,0.49709212,0.11586028,4.1941308,0.057553424,79.999979
4.5899956,-4744.517,0.22634372,0.49676507,0.11520617,4.2155933,0.057197933,79.999979
4.5999956,-4742.9891,0.22697825,0.49643801,0.11455206,4.2370559,0.056842442,79.999979
4.6099956,-4743.433,0.22620576,0.49611096,0.11389795,4.2585184,0.056486951,79.999979
4.6199956,-4743.4309,0.22632379,0.49578391,0.11324384,4.2799809,0.05613146,79.999979
4.6299956,-4743.4782,0.22646069,0.49545686,0.11258973,4.3014435,0.055775969,79.999979
4.6399956,-4744.4752,0.22717133,0.49512981,0.11193561,4.322906,0.055420478,79.999979
4.6499956,-4740.2525,0.22744407,0.49557056,0.11176465,4.3339867,0.055388667,79.999979
4.6599956,-4740.1216,0.22700036,0.49662899,0.11198235,4.334771,0.055617244,79.999979
4.6699955,-4738.8048,0.22712191,0.49768742,0.11220006,4.3355552,0.05584582,79.999979
4.6799955,-4738.3449,0.22731648,0.49874585,0.11241776,4.3363394,0.056074397,79.999979
4.6899955,-4739.0308,0.22741111,0.49980428,0.11263547,4.3371237,0.056302974,79.999979
4.6999955,-4739.6765,0.22749066,0.50086271,0.11285317,4.3379079,0.056531551,79.999979
4.7099955,-4738.9081,0.22717745,0.50192114,0.11307088,4.3386921,0.056760128,79.999979
4.7199955,-4737.1124,0.22766266,0.50297957,0.11328858,4.3394764,0.056988705,79.999979
4.7299955,-4736.457,0.22738051,0.504038,0.11350629,4.3402606,0.057217282,79.999979
4.7399955,-4733.4169,0.22833146,0.50509643,0.11372399,4.3410448,0.057445859,79.999979
4.7499955,-4733.4169,0.22821882,0.50615486,0.1139417,4.3418291,0.057674436,79.999979
4.7599955,-4733.4169,0.22810618,0.50716609,0.11413897,4.3426133,0.057887402,79.999979
4.7699955,-4733.3024,0.22774066,0.5073959,0.11399806,4.347285,0.0578419,79.999979
4.7799954,-4732.6774,0.22712137,0.50762571,0.11385714,4.3553186,0.057796398,79.999979
4.7899954,-4732.1434,0.22695585,0.50785552,0.11371622,4.3633522,0.057750896,79.999979
4.7999954,-4730.8348,0.22840208,0.50808533,0.1135753,4.3713858,0.057705394,79.999979
4.8099954,-4731.9476,0.22803448,0.50831514,0.11343438,4.3794193,0.057659892,79.999979
4.8199954,-4733.0603,0.22766688,0.50854496,0.11329346,4.3874529,0.05761439,79.999979
4.8299954,-4729.5103,0.22709236,0.50877477,0.11315254,4.3954865,0.057568888,79.999979
4.8399954,-4728.514,0.22657952,0.50900458,0.11301163,4.4035201,0.057523386,79.999979
4.8499954,-4726.5378,0.22842428,0.50823149,0.11303506,4.3969209,0.057447432,79.999979
4.8599954,-4728.5633,0.22651662,0.50722476,0.11309678,4.3856665,0.057364383,79.999979
4.8699954,-4728.2879,0.22672576,0.50621803,0.11315851,4.3744122,0.057281335,79.999979
4.8799953,-4726.1926,0.22719868,0.5052113,0.11322023,4.3631578,0.057198286,79.999979
4.8899953,-4725.5741,0.22716357,0.50420457,0.11328195,4.3519034,0.057115238,79.999979
4.8999953,-4727.5387,0.22818157,0.50319784,0.11334367,4.3406491,0.057032189,79.999979
4.9099953,-4722.2742,0.2268253,0.50219111,0.1134054,4.3293947,0.056949141,79.999979
4.9199953,-4725.5213,0.22835133,0.50118438,0.11346712,4.3181404,0.056866092,79.999979
4.9299953,-4723.1195,0.22781429,0.50017765,0.11352884,4.306886,0.056783044,79.999979
4.9399953,-4723.1195,0.2276876,0.49917092,0.11359056,4.2956316,0.056699995,79.999979
4.9499953,-4722.237,0.22820849,0.49816419,0.11365228,4.2843773,0.056616947,79.999979
4.9599953,-4722.1119,0.22920828,0.49765539,0.11368057,4.275632,0.056573398,79.999979
4.9699953,-4723.3882,0.22839387,0.49944069,0.11355482,4.29661,0.056711841,79.999979
4.9799953,-4721.738,0.22825707,0.501226,0.11342906,4.317588,0.056850283,79.999979
4.9899952,-4719.2121,0.22782606,0.5030113,0.1133033,4.338566,0.056988726,79.999979
4.9999952,-4719.2061,0.22744827,0.50479661,0.11317754,4.359544,0.057127168,79.999979
5.0099952,-4719.6602,0.2274638,0.50658191,0.11305179,4.380522,0.05726561,79.999979
5.0199952,-4721.6625,0.22840037,0.50836722,0.11292603,4.4015,0.057404053,79.999979
5.0299952,-4719.5412,0.22795744,0.51015253,0.11280027,4.422478,0.057542495,79.999979
5.0399952,-4720.218,0.22781953,0.51193783,0.11267451,4.443456,0.057680938,79.999979
5.0499952,-4719.0886,0.22782268,0.51306486,0.11261732,4.455884,0.057779528,79.999979
5.0599952,-4718.8474,0.22823365,0.51201922,0.11278642,4.4400927,0.057746584,79.999979
5.0699952,-4716.6909,0.22817315,0.51097358,0.11295552,4.4243013,0.057713641,79.999979
5.0799952,-4717.7202,0.22817315,0.50992794,0.11312463,4.40851,0.057680697,79.999979
5.0899951,-4717.6711,0.22769122,0.5088823,0.11329373,4.3927186,0.057647754,79.999979
5.0999951,-4716.1909,0.22787202,0.50783666,0.11346283,4.3769272,0.05761481,79.999979
5.1099951,-4710.1061,0.22729901,0.50679102,0.11363193,4.3611359,0.057581867,79.999979
5.1199951,-4713.4801,0.22891993,0.50574538,0.11380103,4.3453445,0.057548924,79.999979
5.1299951,-4710.589,0.22838723,0.50469974,0.11397013,4.3295531,0.05751598,79.999979
5.1399951,-4711.1914,0.22814189,0.5036541,0.11413923,4.3137618,0.057483037,79.999979
5.1499951,-4711.8242,0.22882668,0.50260846,0.11430834,4.2979704,0.057450093,79.999979
5.1599951,-4711.8396,0.2286388,0.50156282,0.11447744,4.2821791,0.05741715,79.999979
5.1699951,-4710.426,0.22911024,0.50088144,0.11425005,4.2838953,0.057227374,79.999979
5.1799951,-4710.7454,0.2273046,0.50031501,0.11389754,4.2928278,0.056988107,79.999979
5.1899951,-4708.2771,0.22781102,0.49974858,0.11354503,4.3017603,0.05674884,79.999979
5.199995,-4709.4882,0.22784382,0.49918215,0.11319252,4.3106928,0.056509573,79.999979
5.209995,-4710.2532,0.22865323,0.49861571,0.11284001,4.3196253,0.056270305,79.999979
5.219995,-4709.5225,0.2288882,0.49804928,0.1124875,4.3285578,0.056031038,79.999979
5.229995,-4706.6027,0.22845056,0.49748285,0.11213499,4.3374903,0.055791771,79.999979
5.239995,-4709.1104,0.22857968,0.49691642,0.11178248,4.3464228,0.055552504,79.999979
5.249995,-4707.8441,0.22831461,0.49634999,0.11142997,4.3553553,0.055313237,79.999979
5.259995,-4707.756,0.22853822,0.49578356,0.11107745,4.3642878,0.055073969,79.999979
5.269995,-4707.598,0.22917837,0.49521712,0.11072494,4.3732203,0.054834702,79.999979
5.279995,-4706.8142,0.22799953,0.49489596,0.11041266,4.3813471,0.054678582,79.999979
5.289995,-4705.4151,0.2291604,0.49590272,0.11078485,4.3757641,0.05497264,79.999979
5.2999949,-4704.5269,0.22829611,0.49690949,0.11115704,4.3701811,0.055266699,79.999979
5.3099949,-4702.7189,0.22838009,0.49791625,0.11152924,4.364598,0.055560757,79.999979
5.3199949,-4702.5141,0.22849038,0.49892302,0.11190143,4.359015,0.055854816,79.999979
5.3299949,-4703.1041,0.22862122,0.49992978,0.11227362,4.353432,0.056148875,79.999979
5.3399949,-4703.5211,0.22883897,0.50093655,0.11264581,4.347849,0.056442933,79.999979
5.3499949,-4701.7218,0.22796194,0.50194331,0.11301801,4.3422659,0.056736992,79.999979
5.3599949,-4701.0822,0.22909696,0.50295008,0.1133902,4.3366829,0.057031051,79.999979
5.3699949,-4699.8192,0.22838996,0.50375207,0.1136919,4.3317458,0.057274301,79.999979
5.3799949,-4699.0029,0.22856004,0.50450427,0.11397646,4.3272385,0.057505196,79.999979
5.3899949,-4699.1943,0.22882712,0.50525647,0.11426101,4.3227311,0.057736091,79.999979
5.3999949,-4696.104,0.22871039,0.50600866,0.11454557,4.3182238,0.057966987,79.999979
5.4099948,-4697.972,0.22853168,0.50676086,0.11483013,4.3137165,0.058197882,79.999979
5.4199948,-4697.462,0.22856334,0.50751306,0.11511469,4.3092092,0.058428778,79.999979
5.4299948,-4696.483,0.22857358,0.50826526,0.11539924,4.3047019,0.058659673,79.999979
5.4399948,-4696.7148,0.22934869,0.50901746,0.1156838,4.3001946,0.058890568,79.999979
5.4499948,-4697.8669,0.22938584,0.50976966,0.11596836,4.2956873,0.059121464,79.999979
5.4599948,-4697.0189,0.22872527,0.51052186,0.11625292,4.29118,0.059352359,79.999979
5.4699948,-4691.7202,0.22913204,0.51127405,0.11653748,4.2866727,0.059583255,79.999979
5.4799948,-4693.3322,0.22927805,0.51109131,0.11668307,4.280682,0.059624553,79.999979
5.4899948,-4691.1067,0.22903983,0.51052963,0.11674042,4.2737494,0.059589005,79.999979
5.4999948,-4693.1433,0.22887684,0.50996794,0.11679776,4.2668168,0.059553458,79.999979
5.5099947,-4693.129,0.22907356,0.50940625,0.11685511,4.2598841,0.05951791,79.999979
5.5199947,-4690.9858,0.22916569,0.50884457,0.11691245,4.2529515,0.059482362,79.999979
5.5299947,-4689.433,0.22953225,0.50828288,0.1169698,4.2460188,0.059446815,79.999979
5.5399947,-4688.7125,0.22878004,0.50772119,0.11702715,4.2390862,0.059411267,79.999979
5.5499947,-4687.2169,0.2292407,0.50715951,0.11708449,4.2321535,0.059375719,79.999979
5.5599947,-4689.2171,0.22928775,0.50659782,0.11714184,4.2252209,0.059340171,79.999979
5.5699947,-4688.7998,0.22870601,0.50603613,0.11719918,4.2182882,0.059304624,79.999979
5.5799947,-4687.1208,0.22900754,0.50547445,0.11725653,4.2113556,0.059269076,79.999979
5.5899947,-4688.6365,0.22931172,0.50468084,0.11730561,4.2038263,0.059197173,79.999979
5.5999947,-4685.0841,0.22973547,0.5028695,0.11726572,4.1898721,0.058965729,79.999979
5.6099946,-4682.6687,0.22916868,0.50105816,0.11722582,4.1759179,0.058734286,79.999979
5.6199946,-4684.056,0.22978011,0.49924683,0.11718593,4.1619637,0.058502842,79.999979
5.6299946,-4685.0223,0.22959738,0.49743549,0.11714603,4.1480096,0.058271399,79.999979
5.6399946,-4684.0341,0.22945823,0.49562415,0.11710614,4.1340554,0.058039955,79.999979
5.6499946,-4686.0817,0.22911684,0.49381281,0.11706625,4.1201012,0.057808512,79.999979
5.6599946,-4680.2614,0.22905218,0.49200147,0.11702635,4.106147,0.057577068,79.999979
5.6699946,-4679.3907,0.22942363,0.49019013,0.11698646,4.0921929,0.057345625,79.999979
5.6799946,-4683.0958,0.22950421,0.48948093,0.11693861,4.0844035,0.057238993,79.999979
5.6899946,-4682.8483,0.22915123,0.49034491,0.11687939,4.0940092,0.057310516,79.999979
5.6999946,-4680.27,0.22872221,0.49120889,0.11682017,4.103615,0.05738204,79.999979
5.7099946,-4679.682,0.22967163,0.49207287,0.11676096,4.1132208,0.057453563,79.999979
5.7199945,-4680.4615,0.22952059,0.49293684,0.11670174,4.1228265,0.057525087,79.999979
5.7299945,-4678.615,0.2299233,0.49380082,0.11664252,4.1324323,0.05759661,79.999979
5.7399945,-4678.7338,0.22917345,0.4946648,0.11658331,4.142038,0.057668134,79.999979
5.7499945,-4677.5429,0.22926239,0.49552878,0.11652409,4.1516438,0.057739658,79.999979
5.7599945,-4676.5059,0.22952606,0.49639276,0.11646487,4.1612495,0.057811181,79.999979
5.7699945,-4678.3012,0.22946137,0.49725674,0.11640566,4.1708553,0.057882705,79.999979
5.7799945,-4677.3827,0.22956176,0.49812072,0.11634644,4.180461,0.057954228,79.999979
5.7899945,-4676.3179,0.2294764,0.4985978,0.11611491,4.1933166,0.057880648,79.999979
5.7999945,-4676.0741,0.22958656,0.49836472,0.11548164,4.2160288,0.057540726,79.999979
5.8099945,-4674.2011,0.23028748,0.49813164,0.11484836,4.2387409,0.057200805,79.999979
5.8199944,-4673.0494,0.2300162,0.49789857,0.11421509,4.2614531,0.056860883,79.999979
5.8299944,-4674.6228,0.2301488,0.49766549,0.11358181,4.2841653,0.056520962,79.999979
5.8399944,-4674.5113,0.23082862,0.49743241,0.11294854,4.3068774,0.05618104,79.999979
5.8499944,-4673.3325,0.22918548,0.49719933,0.11231527,4.3295896,0.055841119,79.999979
5.8599944,-4671.838,0.23007828,0.49696625,0.11168199,4.3523018,0.055501197,79.999979
5.8699944,-4670.5015,0.23016047,0.49673318,0.11104872,4.3750139,0.055161276,79.999979
5.8799944,-4670.0009,0.23070655,0.4965001,0.11041545,4.3977261,0.054821354,79.999979
5.8899944,-4671.0844,0.23077229,0.49626702,0.10978217,4.4204382,0.054481433,79.999979
5.8999944,-4671.3573,0.22947693,0.49625166,0.10934297,4.4395829,0.054262949,79.999979
5.9099944,-4671.8495,0.22948088,0.49760148,0.1101207,4.4204519,0.054805926,79.999979
5.9199944,-4668.8166,0.23047707,0.4989513,0.11089844,4.4013209,0.055348903,79.999979
5.9299943,-4666.4656,0.23068978,0.50030112,0.11167617,4.3821899,0.05589188,79.999979
5.9399943,-4666.9553,0.230376,0.50165094,0.1124539,4.3630589,0.056434857,79.999979
5.9499943,-4667.445,0.230376,0.50300076,0.11323163,4.3439279,0.056977834,79.999979
5.9599943,-4668.1021,0.22967621,0.50435058,0.11400937,4.3247969,0.057520811,79.999979
5.9699943,-4666.9744,0.23079215,0.5057004,0.1147871,4.3056659,0.058063789,79.999979
5.9799943,-4664.0799,0.22972401,0.50705022,0.11556483,4.2865348,0.058606766,79.999979
5.9899943,-4662.4974,0.23004969,0.50840004,0.11634256,4.2674038,0.059149743,79.999979
5.9999943,-4662.6477,0.22993205,0.50808166,0.11675566,4.2538839,0.059137647,79.999979
6.0099943,-4662.7981,0.22953113,0.50752941,0.11666691,4.2522468,0.059047736,79.999979
6.0199943,-4665.629,0.23000797,0.50697717,0.11657817,4.2506097,0.058957825,79.999979
6.0299942,-4661.7228,0.22960924,0.50642492,0.11648943,4.2489726,0.058867914,79.999979
6.0399942,-4661.3008,0.23033336,0.50587268,0.11640069,4.2473355,0.058778004,79.999979
6.0499942,-4656.0157,0.23102268,0.50532044,0.11631195,4.2456984,0.058688093,79.999979
6.0599942,-4657.8851,0.23168954,0.50476819,0.11622321,4.2440613,0.058598182,79.999979
6.0699942,-4657.7353,0.2317853,0.50421595,0.11613447,4.2424242,0.058508271,79.999979
6.0799942,-4658.873,0.23125191,0.5036637,0.11604573,4.2407871,0.05841836,79.999979
6.0899942,-4656.3431,0.23030708,0.50311146,0.11595699,4.23915,0.058328449,79.999979
6.0999942,-4655.1393,0.23061881,0.5030251,0.11600177,4.2361831,0.058361688,79.999979
6.1099942,-4654.7603,0.22970747,0.50357811,0.11627485,4.2309424,0.05856393,79.999979
6.1199942,-4656.331,0.23020131,0.50413111,0.11654792,4.2257017,0.058766172,79.999979
6.1299942,-4655.7829,0.23024395,0.50468412,0.11682099,4.220461,0.058968414,79.999979
6.1399941,-4655.9066,0.22977666,0.50523712,0.11709407,4.2152203,0.059170656,79.999979
6.1499941,-4653.7277,0.23039803,0.50579012,0.11736714,4.2099796,0.059372898,79.999979
6.1599941,-4650.505,0.23080523,0.50634313,0.11764022,4.2047389,0.059575141,79.999979
6.1699941,-4650.9629,0.23032345,0.50689613,0.11791329,4.1994982,0.059777383,79.999979
6.1799941,-4650.2212,0.23036745,0.50744913,0.11818637,4.1942575,0.059979625,79.999979
6.1899941,-4650.5885,0.23088522,0.50800214,0.11845944,4.1890168,0.060181867,79.999979
6.1999941,-4651.1603,0.2311777,0.50855514,0.11873251,4.1837762,0.060384109,79.999979
6.2099941,-4647.0863,0.23068347,0.50886946,0.11895594,4.1784845,0.060533186,79.999979
6.2199941,-4647.5735,0.23128771,0.5077334,0.1188777,4.1720096,0.060359199,79.999979
6.2299941,-4646.4481,0.23116246,0.50659733,0.11879945,4.1655348,0.060185213,79.999979
6.239994,-4647.4115,0.23120249,0.50546126,0.1187212,4.15906,0.060011226,79.999979
6.249994,-4647.3798,0.23077896,0.5043252,0.11864296,4.1525851,0.05983724,79.999979
6.259994,-4647.9593,0.23090917,0.50318913,0.11856471,4.1461103,0.059663253,79.999979
6.269994,-4644.7599,0.23067571,0.50205307,0.11848647,4.1396354,0.059489266,79.999979
6.279994,-4642.2323,0.23096809,0.500917,0.11840822,4.1331606,0.05931528,79.999979
6.289994,-4644.3984,0.23050209,0.49978093,0.11832997,4.1266858,0.059141293,79.999979
6.299994,-4643.2366,0.23054183,0.49864487,0.11825173,4.1202109,0.058967307,79.999979
6.309994,-4642.818,0.23049008,0.4975088,0.11817348,4.1137361,0.05879332,79.999979
6.319994,-4643.5809,0.23033324,0.49637274,0.11809524,4.1072612,0.058619333,79.999979
6.329994,-4642.7673,0.23067147,0.495984,0.11801644,4.1038177,0.058534223,79.999979
6.339994,-4640.8222,0.23126664,0.49565935,0.11793703,4.1037516,0.058456734,79.999979
6.3499939,-4640.3209,0.23048358,0.4953347,0.11785761,4.1036854,0.058379246,79.999979
6.3599939,-4639.4052,0.23128747,0.49501006,0.1177782,4.1036193,0.058301757,79.999979
6.3699939,-4640.4259,0.23158903,0.49468541,0.11769879,4.1035532,0.058224269,79.999979
6.3799939,-4641.2314,0.23158903,0.49436076,0.11761938,4.103487,0.05814678,79.999979
6.3899939,-4638.8083,0.23109817,0.49403612,0.11753996,4.1034209,0.058069292,79.999979
6.3999939,-4637.5406,0.2309338,0.49371147,0.11746055,4.1033548,0.057991803,79.999979
6.4099939,-4638.3359,0.23189778,0.49338683,0.11738114,4.1032886,0.057914315,79.999979
6.4199939,-4636.4528,0.23063242,0.49445346,0.11765211,4.1026862,0.05817663,79.999979
6.4299939,-4637.4821,0.23154788,0.49557732,0.11793749,4.1020618,0.058452922,79.999979
6.4399939,-4636.6066,0.23156118,0.49670118,0.11822288,4.1014373,0.058729214,79.999979
6.4499938,-4634.1864,0.23154051,0.49782504,0.11850826,4.1008128,0.059005506,79.999979
6.4599938,-4635.1878,0.23087615,0.4989489,0.11879364,4.1001884,0.059281798,79.999979
6.4699938,-4634.2292,0.23143944,0.50007276,0.11907903,4.0995639,0.05955809,79.999979
6.4799938,-4632.695,0.23127916,0.50119662,0.11936441,4.0989395,0.059834383,79.999979
6.4899938,-4633.6363,0.23181206,0.50232048,0.11964979,4.098315,0.060110675,79.999979
6.4999938,-4633.8273,0.23155302,0.50344433,0.11993518,4.0976905,0.060386967,79.999979
6.5099938,-4631.3161,0.23110079,0.50456819,0.12022056,4.0970661,0.060663259,79.999979
6.5199938,-4629.9268,0.23162801,0.50569205,0.12050594,4.0964416,0.060939551,79.999979
6.5299938,-4629.0158,0.23035286,0.50429254,0.12033906,4.0908614,0.060690827,79.999979
6.5399938,-4627.3283,0.23141222,0.50231674,0.1200689,4.0837332,0.0603222,79.999979
6.5499938,-4629.8744,0.23123377,0.50034094,0.11979873,4.076605,0.059953573,79.999979
6.5599937,-4628.7066,0.23123377,0.49836513,0.11952856,4.0694767,0.059584947,79.999979
6.5699937,-4626.2788,0.23085675,0.49638933,0.11925839,4.0623485,0.05921632,79.999979
6.5799937,-4625.5614,0.23135533,0.49441353,0.11898823,4.0552203,0.058847693,79.999979
6.5899937,-4625.7643,0.23156972,0.49243773,0.11871806,4.0480921,0.058479067,79.999979
6.5999937,-4624.0589,0.23130333,0.49046193,0.11844789,4.0409639,0.05811044,79.999979
6.6099937,-4624.1069,0.23169936,0.48848613,0.11817773,4.0338356,0.057741814,79.999979
6.6199937,-4622.074,0.23132847,0.48651033,0.11790756,4.0267074,0.057373187,79.999979
6.6299937,-4622.2643,0.23132847,0.48453452,0.11763739,4.0195792,0.05700456,79.999979
6.6399937,-4624.0383,0.23154589,0.48291478,0.11735778,4.0142248,0.056667942,79.999979
6.6499937,-4622.282,0.23119151,0.48441688,0.11688782,4.0446142,0.056611963,79.999979
6.6599936,-4620.06,0.23177248,0.48591899,0.11641786,4.0750037,0.056555985,79.999979
6.6699936,-4622.3151,0.23174938,0.48742109,0.1159479,4.1053931,0.056500006,79.999979
6.6799936,-4620.4182,0.23248681,0.48892319,0.11547793,4.1357826,0.056444028,79.999979
6.6899936,-4621.0033,0.23232127,0.4904253,0.11500797,4.166172,0.056388049,79.999979
6.6999936,-4621.0033,0.23218908,0.4919274,0.11453801,4.1965615,0.056332071,79.999979
6.7099936,-4621.0736,0.23185901,0.4934295,0.11406805,4.2269509,0.056276092,79.999979
6.7199936,-4617.0324,0.23217742,0.49493161,0.11359809,4.2573404,0.056220114,79.999979
6.7299936,-4619.2444,0.23187303,0.4958437,0.11368544,4.2623418,0.056371463,79.999979
6.7399936,-4616.736,0.23140089,0.49616525,0.1143306,4.2419322,0.056730329,79.999979
6.7499936,-4617.1264,0.23150083,0.49648681,0.11497577,4.2215225,0.057089194,79.999979
6.7599936,-4617.5168,0.23160077,0.49680836,0.11562093,4.2011129,0.057448059,79.999979
6.7699935,-4617.9737,0.23164106,0.49712991,0.1162661,4.1807033,0.057806925,79.999979
6.7799935,-4618.5283,0.23145033,0.49745146,0.11691127,4.1602936,0.05816579,79.999979
6.7899935,-4615.4141,0.2316679,0.49777301,0.11755643,4.139884,0.058524655,79.999979
6.7999935,-4614.2468,0.23262961,0.49809457,0.1182016,4.1194743,0.058883521,79.999979
6.8099935,-4615.1363,0.23237246,0.49841612,0.11884676,4.0990647,0.059242386,79.999979
6.8199935,-4615.0004,0.2321738,0.49873767,0.11949193,4.0786551,0.059601251,79.999979
6.8299935,-4615.2121,0.23178326,0.49905922,0.1201371,4.0582454,0.059960117,79.999979
6.8399935,-4615.8508,0.23188042,0.49938077,0.12078226,4.0378358,0.060318982,79.999979
6.8499935,-4611.6502,0.2312552,0.49970232,0.12142743,4.0174262,0.060677847,79.999979
6.8599935,-4612.9582,0.23217369,0.50031252,0.12141576,4.0198658,0.060745346,79.999979
6.8699934,-4613.6702,0.2317252,0.50095761,0.12132469,4.0283366,0.060777627,79.999979
6.8799934,-4613.9884,0.2317252,0.50160269,0.12123363,4.0368073,0.060809908,79.999979
6.8899934,-4612.0518,0.23106047,0.50224778,0.12114257,4.0452781,0.060842189,79.999979
6.8999934,-4610.3262,0.23224376,0.50289287,0.12105151,4.0537489,0.06087447,79.999979
6.9099934,-4610.6053,0.23242632,0.50353795,0.12096044,4.0622196,0.06090675,79.999979
6.9199934,-4609.0346,0.23125266,0.50418304,0.12086938,4.0706904,0.060939031,79.999979
6.9299934,-4609.6246,0.23202648,0.50482813,0.12077832,4.0791612,0.060971312,79.999979
6.9399934,-4610.1942,0.23204419,0.50547321,0.12068726,4.0876319,0.061003593,79.999979
6.9499934,-4608.3622,0.23252502,0.5061183,0.12059619,4.0961027,0.061035874,79.999979
6.9599934,-4608.8076,0.2321166,0.50515424,0.12018871,4.1033391,0.060708622,79.999979
6.9699934,-4606.6738,0.23231182,0.50398261,0.11971787,4.1102315,0.060334995,79.999979
6.9799933,-4608.5625,0.23172814,0.50281099,0.11924703,4.1171239,0.059961368,79.999979
6.9899933,-4608.8146,0.23198013,0.50163937,0.11877619,4.1240163,0.059587741,79.999979
6.9999933,-4609.52,0.23232587,0.50046774,0.11830534,4.1309087,0.059214114,79.999979
7.0099933,-4606.8509,0.23246553,0.49929612,0.1178345,4.1378011,0.058840487,79.999979
7.0199933,-4604.9787,0.2326361,0.4981245,0.11736366,4.1446935,0.05846686,79.999979
7.0299933,-4608.0273,0.23164175,0.49695287,0.11689281,4.1515859,0.058093233,79.999979
7.0399933,-4605.7747,0.23201991,0.49575564,0.11647328,4.1564674,0.05774189,79.999979
7.0499933,-4606.8452,0.23215626,0.49415382,0.11686439,4.1295819,0.057742587,79.999979
7.0599933,-4606.779,0.2323821,0.492552,0.1172555,4.1026964,0.057743283,79.999979
7.0699933,-4604.3983,0.23192187,0.49095019,0.11764661,4.0758109,0.05774398,79.999979
7.0799932,-4602.8583,0.23143865,0.48934837,0.11803773,4.0489254,0.057744676,79.999979
7.0899932,-4602.0507,0.23236505,0.48774655,0.11842884,4.0220399,0.057745372,79.999979
7.0999932,-4600.9586,0.23253974,0.48614473,0.11881995,3.9951544,0.057746069,79.999979
7.1099932,-4603.7993,0.23304979,0.48454292,0.11921106,3.9682689,0.057746765,79.999979
7.1199932,-4603.5684,0.23304979,0.4829411,0.11960217,3.9413834,0.057747462,79.999979
7.1299932,-4602.4468,0.23242506,0.48133928,0.11999328,3.9144979,0.057748158,79.999979
7.1399932,-4598.673,0.23253455,0.47973747,0.12038439,3.8876124,0.057748854,79.999979
7.1499932,-4599.3192,0.23212892,0.47917163,0.12057955,3.8724354,0.057761628,79.999979
7.1599932,-4597.9266,0.23228402,0.4804641,0.12032934,3.8917874,0.057796064,79.999979
7.1699932,-4600.6773,0.23227442,0.48175658,0.12007913,3.9111395,0.057830501,79.999979
7.1799932,-4598.7517,0.23201804,0.48304905,0.11982893,3.9304915,0.057864938,79.999979
7.1899931,-4599.6021,0.23282658,0.48434153,0.11957872,3.9498435,0.057899375,79.999979
7.1999931,-4598.6606,0.23291709,0.485634,0.11932851,3.9691956,0.057933811,79.999979
7.2099931,-4596.5172,0.23262237,0.48692648,0.1190783,3.9885476,0.057968248,79.999979
7.2199931,-4595.4834,0.23198224,0.48821895,0.11882809,4.0078996,0.058002685,79.999979
7.2299931,-4596.822,0.23285024,0.48951143,0.11857788,4.0272516,0.058037121,79.999979
7.2399931,-4597.3048,0.23252631,0.49080391,0.11832767,4.0466037,0.058071558,79.999979
7.2499931,-4597.9398,0.23170061,0.49215421,0.11808105,4.0659557,0.05811555,79.999979
7.2599931,-4596.9995,0.23190947,0.49401131,0.11790239,4.0885266,0.058243279,79.999979
7.2699931,-4595.1305,0.23211833,0.49586842,0.11772374,4.111104,0.058371008,79.999979
7.2799931,-4598.0642,0.23236079,0.49772552,0.11754508,4.1336813,0.058498737,79.999979
7.289993,-4592.9436,0.23199117,0.49958262,0.11736643,4.1562586,0.058626465,79.999979
7.299993,-4594.0732,0.23233489,0.50143972,0.11718778,4.1788359,0.058754194,79.999979
7.309993,-4593.4603,0.23301621,0.50329682,0.11700912,4.2014133,0.058881923,79.999979
7.319993,-4592.4671,0.23336443,0.50515392,0.11683047,4.2239906,0.059009652,79.999979
7.329993,-4593.5395,0.23372547,0.50701102,0.11665181,4.2465679,0.059137381,79.999979
7.339993,-4593.9938,0.2329934,0.50886812,0.11647316,4.2691452,0.059265109,79.999979
7.349993,-4591.8646,0.23219758,0.51072523,0.11629451,4.2917226,0.059392838,79.999979
7.359993,-4591.5527,0.23290722,0.51150791,0.11615065,4.3038248,0.059412232,79.999979
7.369993,-4592.1602,0.23210968,0.51105652,0.11604676,4.3038952,0.059307192,79.999979
7.379993,-4591.3764,0.23229364,0.51060512,0.11594287,4.3039657,0.059202152,79.999979
7.389993,-4591.8659,0.23196477,0.51015372,0.11583898,4.3040361,0.059097111,79.999979
7.3999929,-4591.7929,0.23177607,0.50970233,0.11573509,4.3041066,0.058992071,79.999979
7.4099929,-4591.1313,0.23246073,0.50925093,0.1156312,4.3041771,0.058887031,79.999979
7.4199929,-4588.6569,0.23280301,0.50879953,0.11552731,4.3042475,0.05878199,79.999979
7.4299929,-4590.2259,0.23268926,0.50834814,0.11542342,4.304318,0.05867695,79.999979
7.4399929,-4589.7204,0.23203778,0.50789674,0.11531953,4.3043884,0.058571909,79.999979
7.4499929,-4587.6193,0.23313016,0.50744534,0.11521565,4.3044589,0.058466869,79.999979
7.4599929,-4588.6006,0.23287341,0.50699395,0.11511176,4.3045293,0.058361829,79.999979
7.4699929,-4589.8278,0.23180209,0.50654255,0.11500787,4.3045998,0.058256788,79.999979
7.4799929,-4590.5358,0.23266669,0.50628575,0.11496433,4.3039685,0.058213663,79.999979
7.4899929,-4587.6608,0.23242177,0.50665649,0.11519006,4.298682,0.058370197,79.999979
7.4999928,-4586.4249,0.23197575,0.50702722,0.11541578,4.2933954,0.05852673,79.999979
7.5099928,-4583.9017,0.23280795,0.50739796,0.11564151,4.2881089,0.058683263,79.999979
7.5199928,-4585.5666,0.23274687,0.50776869,0.11586724,4.2828224,0.058839797,79.999979
7.5299928,-4585.7874,0.23340462,0.50813942,0.11609296,4.2775358,0.05899633,79.999979
7.5399928,-4586.1938,0.23426281,0.50851016,0.11631869,4.2722493,0.059152864,79.999979
7.5499928,-4583.3573,0.23258816,0.50888089,0.11654442,4.2669627,0.059309397,79.999979
7.5599928,-4583.5419,0.2330026,0.50925163,0.11677014,4.2616762,0.05946593,79.999979
7.5699928,-4581.2361,0.23277827,0.50882629,0.11682685,4.2559715,0.059444691,79.999979
7.5799928,-4583.5964,0.23381652,0.50803674,0.11680624,4.2499713,0.059342117,79.999979
7.5899928,-4583.0557,0.2338462,0.5072472,0.11678562,4.2439711,0.059239543,79.999979
7.5999928,-4583.6922,0.23327427,0.50645765,0.116765,4.2379708,0.059136969,79.999979
7.6099927,-4582.3459,0.23306597,0.5056681,0.11674438,4.2319706,0.059034396,79.999979
7.6199927,-4581.8326,0.23260103,0.50487855,0.11672376,4.2259704,0.058931822,79.999979
7.6299927,-4579.2934,0.23345681,0.504089,0.11670315,4.2199702,0.058829248,79.999979
7.6399927,-4579.8398,0.23191978,0.50329945,0.11668253,4.2139699,0.058726674,79.999979
7.6499927,-4580.0669,0.23291382,0.50250991,0.11666191,4.2079697,0.0586241,79.999979
7.6599927,-4580.3883,0.23381463,0.50172036,0.11664129,4.2019695,0.058521526,79.999979
7.6699927,-4580.2856,0.23438965,0.50093081,0.11662067,4.1959692,0.058418953,79.999979
7.6799927,-4578.1132,0.23343379,0.50023193,0.11665551,4.1889267,0.058354509,79.999979
7.6899927,-4578.7341,0.23293429,0.49958678,0.11672322,4.1809522,0.058312664,79.999979
7.6999927,-4579.3678,0.23356101,0.49894164,0.11679092,4.1729777,0.058270819,79.999979
7.7099926,-4579.2813,0.23334378,0.49829649,0.11685863,4.1650033,0.058228974,79.999979
7.7199926,-4579.9311,0.23339699,0.49765135,0.11692634,4.1570288,0.05818713,79.999979
7.7299926,-4579.0367,0.23331369,0.4970062,0.11699404,4.1490544,0.058145285,79.999979
7.7399926,-4575.1492,0.2328127,0.49636106,0.11706175,4.1410799,0.05810344,79.999979
7.7499926,-4577.4091,0.23328302,0.49571591,0.11712946,4.1331055,0.058061595,79.999979
7.7599926,-4575.2958,0.2328588,0.49507077,0.11719716,4.125131,0.05801975,79.999979
7.7699926,-4576.9417,0.23311306,0.49442562,0.11726487,4.1171565,0.057977905,79.999979
7.7799926,-4577.3734,0.23345377,0.49378048,0.11733258,4.1091821,0.05793606,79.999979
7.7899926,-4573.6747,0.23249356,0.49313534,0.11740028,4.1012076,0.057894215,79.999979
7.7999926,-4575.7076,0.23289843,0.49396054,0.11721464,4.1126184,0.057890691,79.999979
7.8099926,-4574.4275,0.23316327,0.49482394,0.11700563,4.1270842,0.057888161,79.999979
7.8199925,-4573.5368,0.23396498,0.49568735,0.11679662,4.1415499,0.057885632,79.999979
7.8299925,-4575.4123,0.23353299,0.49655075,0.11658761,4.1560157,0.057883102,79.999979
7.8399925,-4573.7186,0.23292643,0.49741415,0.1163786,4.1704814,0.057880573,79.999979
7.8499925,-4571.6928,0.23372001,0.49827755,0.11616959,4.1849472,0.057878044,79.999979
7.8599925,-4571.3187,0.23346192,0.49914096,0.11596058,4.1994129,0.057875514,79.999979
7.8699925,-4572.0672,0.23339148,0.50000436,0.11575157,4.2138787,0.057872985,79.999979
7.8799925,-4570.4977,0.23335917,0.50086776,0.11554256,4.2283444,0.057870456,79.999979
7.8899925,-4571.2415,0.23360325,0.50151373,0.11533355,4.2428102,0.057949175,79.999979
7.8999925,-4571.958,0.23376091,0.50198938,0.11534041,4.2481697,0.058091537,79.999979
7.9099925,-4571.0244,0.23329106,0.50246503,0.11555923,4.2445878,0.058233898,79.999979
7.9199924,-4566.9986,0.23359801,0.50294069,0.11577805,4.2410059,0.058376259,79.999979
7.9299924,-4570.4748,0.23367417,0.50341634,0.11599688,4.237424,0.058518621,79.999979
7.9399924,-4568.291,0.23405748,0.50389199,0.1162157,4.233842,0.058660982,79.999979
7.9499924,-4568.8434,0.23407306,0.50436764,0.11643452,4.2302601,0.058803343,79.999979
7.9599924,-4569.8927,0.23399983,0.5048433,0.11665334,4.2266782,0.058945705,79.999979
7.9699924,-4567.6937,0.23242406,0.50531895,0.11687216,4.2230963,0.059088066,79.999979
7.9799924,-4567.9793,0.23334428,0.5057946,0.11709099,4.2195144,0.059230428,79.999979
7.9899924,-4566.958,0.2333367,0.50541947,0.11695439,4.2216637,0.059099772,79.999979
7.9999924,-4565.5189,0.2334452,0.50473311,0.11665057,4.2271915,0.058869242,79.999979
8.0099924,-4566.2131,0.23393782,0.50404675,0.11634676,4.2327192,0.058638711,79.999979
8.0199924,-4566.393,0.23352067,0.50336039,0.11604294,4.2382469,0.05840818,79.999979
8.0299923,-4563.9325,0.23393033,0.50267403,0.11573912,4.2437747,0.05817765,79.999979
8.0399923,-4564.1757,0.23374461,0.50198767,0.11543531,4.2493024,0.057947119,79.999979
8.0499923,-4564.7204,0.23465049,0.50130131,0.11513149,4.2548301,0.057716589,79.999979
8.0599923,-4562.9006,0.23316965,0.50061495,0.11482767,4.2603579,0.057486058,79.999979
8.0699923,-4562.7228,0.23315768,0.49992859,0.11452386,4.2658856,0.057255528,79.999979
8.0799923,-4563.6386,0.2337679,0.49924223,0.11422004,4.2714133,0.057024997,79.999979
8.0899923,-4560.6578,0.2339356,0.49855587,0.11391622,4.2769411,0.056794466,79.999979
8.0999923,-4560.3161,0.23409573,0.49793115,0.11369602,4.2797066,0.0566303,79.999979
8.1099923,-4560.798,0.2349626,0.49760187,0.11408643,4.2623016,0.056784177,79.999979
8.1199923,-4558.9905,0.23344608,0.49727258,0.11447684,4.2448966,0.056938055,79.999979
8.1299922,-4562.6793,0.23383565,0.4969433,0.11486725,4.2274917,0.057091932,79.999979
8.1399922,-4561.3306,0.23316215,0.49661401,0.11525766,4.2100867,0.05724581,79.999979
8.1499922,-4559.9818,0.23328033,0.49628473,0.11564807,4.1926817,0.057399688,79.999979
8.1599922,-4561.649,0.2341825,0.49595544,0.11603848,4.1752768,0.057553565,79.999979
8.1699922,-4558.0585,0.23365884,0.49562616,0.11642889,4.1578718,0.057707443,79.999979
8.1799922,-4558.7211,0.23376909,0.49529687,0.1168193,4.1404668,0.05786132,79.999979
8.1899922,-4559.8459,0.23423444,0.49496758,0.11720971,4.1230619,0.058015198,79.999979
8.1999922,-4557.0253,0.2347722,0.49441871,0.11677714,4.134787,0.057740056,79.999979
8.2099922,-4557.709,0.23464711,0.49379392,0.1160601,4.1565813,0.057316617,79.999979
8.2199922,-4559.2816,0.23367342,0.49316913,0.11534305,4.1783756,0.056893178,79.999979
8.2299922,-4556.8013,0.23465458,0.49254435,0.11462601,4.2001699,0.05646974,79.999979
8.2399921,-4555.0465,0.23429777,0.49191956,0.11390897,4.2219643,0.056046301,79.999979
8.2499921,-4558.786,0.23385603,0.49129478,0.11319192,4.2437586,0.055622862,79.999979
8.2599921,-4556.1802,0.23456957,0.49066999,0.11247488,4.2655529,0.055199424,79.999979
8.2699921,-4557.0393,0.23456957,0.49004521,0.11175783,4.2873473,0.054775985,79.999979
8.2799921,-4556.4844,0.23378464,0.48942042,0.11104079,4.3091416,0.054352546,79.999979
8.2899921,-4556.2579,0.23392511,0.48879564,0.11032374,4.3309359,0.053929108,79.999979
8.2999921,-4554.0975,0.23456823,0.488634,0.10980059,4.3496716,0.053680169,79.999979
8.3099921,-4557.4726,0.23409435,0.48998918,0.11015049,4.3478879,0.054002737,79.999979
8.3199921,-4555.8071,0.23347365,0.49134437,0.11050039,4.3461041,0.054325305,79.999979
8.3299921,-4556.3089,0.23334475,0.49269955,0.11085029,4.3443204,0.054647873,79.999979
8.339992,-4556.8746,0.23363239,0.49405474,0.1112002,4.3425367,0.054970441,79.999979
8.349992,-4556.1474,0.23428491,0.49540993,0.1115501,4.340753,0.055293009,79.999979
8.359992,-4555.6215,0.23456556,0.49676511,0.1119,4.3389692,0.055615577,79.999979
8.369992,-4556.5912,0.23463328,0.4981203,0.11224991,4.3371855,0.055938144,79.999979
8.379992,-4555.7617,0.23363906,0.49947548,0.11259981,4.3354018,0.056260712,79.999979
8.389992,-4555.5857,0.2336979,0.50083067,0.11294971,4.333618,0.05658328,79.999979
8.399992,-4555.4275,0.23362874,0.50218586,0.11329962,4.3318343,0.056905848,79.999979
8.409992,-4554.817,0.23456143,0.50354104,0.11364952,4.3300506,0.057228416,79.999979
8.419992,-4555.1442,0.23308489,0.50352105,0.11372535,4.3278275,0.057254747,79.999979
8.429992,-4554.7753,0.23344368,0.50324324,0.11372832,4.3254876,0.057225539,79.999979
8.439992,-4553.1522,0.23412869,0.50296543,0.11373129,4.3231477,0.057196331,79.999979
8.4499919,-4552.9997,0.23429281,0.50268762,0.11373426,4.3208078,0.057167123,79.999979
8.4599919,-4553.617,0.23435744,0.50240981,0.11373723,4.318468,0.057137915,79.999979
8.4699919,-4551.525,0.23336182,0.502132,0.1137402,4.3161281,0.057108707,79.999979
8.4799919,-4553.5912,0.2340866,0.50185419,0.11374317,4.3137882,0.057079499,79.999979
8.4899919,-4553.6816,0.23443125,0.50157638,0.11374615,4.3114483,0.057050291,79.999979
8.4999919,-4553.4732,0.23468357,0.50129857,0.11374912,4.3091084,0.057021083,79.999979
8.5099919,-4554.2711,0.23465954,0.50102076,0.11375209,4.3067685,0.056991875,79.999979
8.5199919,-4554.2711,0.23448946,0.50115316,0.11375506,4.3044286,0.057010732,79.999979
8.5299919,-4554.5539,0.23307815,0.50147185,0.11376246,4.3052903,0.057051416,79.999979
8.5399919,-4555.0811,0.23443142,0.50179054,0.11377192,4.308025,0.057092101,79.999979
8.5499918,-4554.5483,0.23464848,0.50210923,0.11378138,4.3107597,0.057132785,79.999979
8.5599918,-4552.6761,0.23396246,0.50242792,0.11379084,4.3134943,0.05717347,79.999979
8.5699918,-4554.3892,0.23385176,0.50274661,0.1138003,4.316229,0.057214154,79.999979
8.5799918,-4554.4269,0.23423049,0.5030653,0.11380976,4.3189637,0.057254839,79.999979
8.5899918,-4552.9176,0.23446555,0.50338399,0.11381922,4.3216984,0.057295524,79.999979
8.5999918,-4550.1811,0.23375493,0.50370268,0.11382868,4.3244331,0.057336208,79.999979
8.6099918,-4552.3639,0.23422662,0.50402137,0.11383814,4.3271677,0.057376893,79.999979
8.6199918,-4549.5433,0.23512571,0.50406927,0.11412673,4.3170706,0.057543971,79.999979
8.6299918,-4551.8892,0.23437242,0.50408838,0.11448341,4.3038433,0.057724489,79.999979
8.6399918,-4552.5205,0.23444744,0.50410749,0.11484009,4.2906161,0.057905006,79.999979
8.6499918,-4552.1486,0.23439639,0.50412659,0.11519677,4.2773888,0.058085524,79.999979
8.6599917,-4550.9163,0.23421548,0.5041457,0.11555345,4.2641615,0.058266041,79.999979
8.6699917,-4550.2089,0.235688,0.50416481,0.11591012,4.2509343,0.058446558,79.999979
8.6799917,-4549.5543,0.23340976,0.50418392,0.1162668,4.237707,0.058627076,79.999979
8.6899917,-4554.922,0.23346113,0.50420303,0.11662348,4.2244797,0.058807593,79.999979
8.6999917,-4554.7664,0.23399099,0.50422213,0.11698016,4.2112525,0.058988111,79.999979
8.7099917,-4554.2222,0.23452321,0.50424124,0.11733684,4.1980252,0.059168628,79.999979
8.7199917,-4553.1617,0.23369836,0.50426035,0.11769352,4.1847979,0.059349145,79.999979
8.7299917,-4552.2479,0.23419685,0.50433221,0.11778947,4.1817726,0.059384651,79.999979
8.7399917,-4551.3789,0.23387155,0.50448646,0.11737245,4.1988197,0.059193623,79.999979
8.7499917,-4554.0445,0.23430004,0.50464072,0.11695542,4.2158669,0.059002594,79.999979
8.7599916,-4553.3341,0.23458111,0.50479498,0.1165384,4.232914,0.058811565,79.999979
8.7699916,-4551.8645,0.2341353,0.50494923,0.11612137,4.2499612,0.058620536,79.999979
8.7799916,-4552.5073,0.23490963,0.50510349,0.11570434,4.2670084,0.058429507,79.999979
8.7899916,-4548.5217,0.23445269,0.50525775,0.11528732,4.2840555,0.058238478,79.999979
8.7999916,-4549.7881,0.23377237,0.505412,0.11487029,4.3011027,0.058047449,79.999979
8.8099916,-4549.8723,0.23435728,0.50556626,0.11445327,4.3181498,0.05785642,79.999979
8.8199916,-4549.1035,0.23362616,0.50572052,0.11403624,4.335197,0.057665391,79.999979
8.8299916,-4548.3368,0.23341945,0.50587477,0.11361922,4.3522442,0.057474362,79.999979
8.8399916,-4549.0943,0.23423242,0.50602903,0.11320219,4.3692913,0.057283333,79.999979
8.8499916,-4550.3608,0.23399282,0.50550317,0.11306848,4.3711314,0.05716488,79.999979
8.8599916,-4549.6293,0.23398747,0.50489878,0.11298726,4.3689652,0.057054806,79.999979
8.8699915,-4550.0461,0.23423073,0.50429438,0.11290604,4.3667989,0.056944733,79.999979
8.8799915,-4550.0306,0.2342639,0.50368998,0.11282482,4.3646326,0.05683466,79.999979
8.8899915,-4548.9553,0.23407421,0.50308559,0.1127436,4.3624663,0.056724587,79.999979
8.8999915,-4549.6027,0.23385287,0.50248119,0.11266238,4.3603,0.056614514,79.999979
8.9099915,-4551.8399,0.23364353,0.5018768,0.11258117,4.3581338,0.05650444,79.999979
8.9199915,-4550.0811,0.23461316,0.5012724,0.11249995,4.3559675,0.056394367,79.999979
8.9299915,-4548.6881,0.23414605,0.50063429,0.11246768,4.3535398,0.056304796,79.999979
8.9399915,-4546.6495,0.23445036,0.49973452,0.11281526,4.3323749,0.056374319,79.999979
8.9499915,-4546.6495,0.23429718,0.49883475,0.11316284,4.3112099,0.056443842,79.999979
8.9599915,-4547.4772,0.2342445,0.49793498,0.11351042,4.2900449,0.056513366,79.999979
8.9699914,-4548.7669,0.23524064,0.49703521,0.113858,4.2688799,0.056582889,79.999979
8.9799914,-4548.93,0.23388919,0.49613544,0.11420558,4.2477149,0.056652412,79.999979
8.9899914,-4548.5646,0.23436297,0.49523567,0.11455317,4.22655,0.056721935,79.999979
8.9999914,-4546.28,0.23465484,0.4943359,0.11490075,4.205385,0.056791459,79.999979
9.0099914,-4546.4916,0.23452464,0.49343613,0.11524833,4.18422,0.056860982,79.999979
9.0199914,-4548.075,0.23401687,0.49253636,0.11559591,4.163055,0.056930505,79.999979
9.0299914,-4546.3582,0.23480621,0.49163659,0.11594349,4.1418901,0.057000028,79.999979
9.0399914,-4548.6387,0.23435988,0.49126559,0.11591975,4.1369977,0.056946008,79.999979
9.0499914,-4548.0777,0.23415653,0.49184714,0.1152271,4.1692633,0.056669433,79.999979
9.0599914,-4545.1074,0.23480342,0.49242869,0.11453446,4.201529,0.056392858,79.999979
9.0699914,-4547.7707,0.23404765,0.49301024,0.11384181,4.2337946,0.056116284,79.999979
9.0799913,-4546.6904,0.23446802,0.49359179,0.11314916,4.2660603,0.055839709,79.999979
9.0899913,-4547.9861,0.23408974,0.49417334,0.11245651,4.2983259,0.055563134,79.999979
9.0999913,-4548.2781,0.23384133,0.49475488,0.11176386,4.3305916,0.055286559,79.999979
9.1099913,-4547.1607,0.23450477,0.49533643,0.11107122,4.3628572,0.055009984,79.999979
9.1199913,-4544.0697,0.23399015,0.49591798,0.11037857,4.3951228,0.054733409,79.999979
9.1299913,-4544.5301,0.2343214,0.49649953,0.10968592,4.4273885,0.054456834,79.999979
9.1399913,-4541.9069,0.2345147,0.49727867,0.10939727,4.4452166,0.05443001,79.999979
9.1499913,-4543.3391,0.23476756,0.49832718,0.10979462,4.43853,0.054743658,79.999979
9.1599913,-4544.2738,0.23447184,0.49937569,0.11019196,4.4318433,0.055057306,79.999979
9.1699913,-4545.9841,0.23487566,0.5004242,0.1105893,4.4251567,0.055370954,79.999979
9.1799912,-4544.0428,0.2341693,0.50147271,0.11098665,4.41847,0.055684602,79.999979
9.1899912,-4543.3186,0.23426149,0.50252122,0.11138399,4.4117834,0.055998251,79.999979
9.1999912,-4539.9129,0.23377696,0.50356972,0.11178134,4.4050968,0.056311899,79.999979
9.2099912,-4541.7191,0.23412225,0.50461823,0.11217868,4.3984101,0.056625547,79.999979
9.2199912,-4540.986,0.23438737,0.50566674,0.11257602,4.3917235,0.056939195,79.999979
9.2299912,-4541.4571,0.2334627,0.50671525,0.11297337,4.3850368,0.057252844,79.999979
9.2399912,-4542.6224,0.2342822,0.50776376,0.11337071,4.3783502,0.057566492,79.999979
9.2499912,-4540.3502,0.23448482,0.50783964,0.11357747,4.3714191,0.057673376,79.999979
9.2599912,-4540.2588,0.23486269,0.50776286,0.11374041,4.3644319,0.057747807,79.999979
9.2699912,-4541.2015,0.23461653,0.50768608,0.11390334,4.3574446,0.057822239,79.999979
9.2799911,-4541.2015,0.23412941,0.5076093,0.11406627,4.3504574,0.057896671,79.999979
9.2899911,-4538.6321,0.23501579,0.50753252,0.11422921,4.3434701,0.057971102,79.999979
9.2999911,-4540.3949,0.23522684,0.50745574,0.11439214,4.3364828,0.058045534,79.999979
9.3099911,-4540.2411,0.23467564,0.50737896,0.11455508,4.3294956,0.058119965,79.999979
9.3199911,-4537.5586,0.23497902,0.50730219,0.11471801,4.3225083,0.058194397,79.999979
9.3299911,-4539.3656,0.2351178,0.50722541,0.11488095,4.3155211,0.058268829,79.999979
9.3399911,-4539.8451,0.23520245,0.50714863,0.11504388,4.3085338,0.05834326,79.999979
9.3499911,-4539.6365,0.23572436,0.50707185,0.11520682,4.3015465,0.058417692,79.999979
9.3599911,-4537.7709,0.23393678,0.50646999,0.11534741,4.2926405,0.05841504,79.999979
9.3699911,-4538.1738,0.23503515,0.50483843,0.11541639,4.2775853,0.058261225,79.999979
9.3799911,-4536.9502,0.23415408,0.50320686,0.11548537,4.2625301,0.05810741,79.999979
9.389991,-4539.2426,0.23412081,0.5015753,0.11555435,4.2474748,0.057953595,79.999979
9.399991,-4540.1343,0.23496716,0.49994374,0.11562334,4.2324196,0.057799781,79.999979
9.409991,-4538.5658,0.23467711,0.49831217,0.11569232,4.2173644,0.057645966,79.999979
9.419991,-4536.0859,0.23519491,0.49668061,0.1157613,4.2023091,0.057492151,79.999979
9.429991,-4538.5696,0.2352361,0.49504905,0.11583029,4.1872539,0.057338336,79.999979
9.439991,-4536.7985,0.23460182,0.49341749,0.11589927,4.1721986,0.057184521,79.999979
9.449991,-4537.7543,0.23370657,0.49178592,0.11596825,4.1571434,0.057030707,79.999979
9.459991,-4537.7543,0.23375767,0.49114949,0.11603723,4.1420882,0.056963345,79.999979
9.469991,-4537.8621,0.23380877,0.49174316,0.11608651,4.1289482,0.057002851,79.999979
9.479991,-4538.6842,0.23403465,0.49233683,0.11600797,4.1378005,0.057042357,79.999979
9.4899909,-4534.7242,0.23443474,0.4929305,0.11592943,4.1466529,0.057081863,79.999979
9.4999909,-4534.8053,0.23455092,0.49352417,0.11585089,4.1555053,0.057121369,79.999979
9.5099909,-4536.9124,0.2348056,0.49411783,0.11577236,4.1643577,0.057160875,79.999979
9.5199909,-4536.1352,0.23444869,0.4947115,0.11569382,4.1732101,0.057200381,79.999979
9.5299909,-4536.1352,0.2343111,0.49530517,0.11561528,4.1820625,0.057239887,79.999979
9.5399909,-4534.7411,0.23454939,0.49589884,0.11553675,4.1909149,0.057279393,79.999979
9.5499909,-4533.1786,0.23497301,0.49649251,0.11545821,4.1997673,0.057318899,79.999979
9.5599909,-4533.8601,0.23453327,0.49764189,0.11545895,4.2100577,0.057458038,79.999979
9.5699909,-4535.2143,0.23476049,0.4994047,0.11554719,4.2219356,0.057707159,79.999979
9.5799909,-4533.9348,0.23500015,0.50116751,0.11563544,4.2338134,0.05795628,79.999979
9.5899909,-4532.7115,0.23496376,0.50293033,0.11572369,4.2456913,0.058205401,79.999979
9.5999908,-4534.1383,0.23526767,0.50469314,0.11581193,4.2575692,0.058454523,79.999979
9.6099908,-4532.1762,0.23460451,0.50645595,0.11590018,4.269447,0.058703644,79.999979
9.6199908,-4533.3971,0.23395374,0.50821877,0.11598843,4.2813249,0.058952765,79.999979
9.6299908,-4532.698,0.23437918,0.50998158,0.11607668,4.2932028,0.059201887,79.999979
9.6399908,-4532.6255,0.23495468,0.51174439,0.11616492,4.3050806,0.059451008,79.999979
9.6499908,-4531.6362,0.23411237,0.51350721,0.11625317,4.3169585,0.059700129,79.999979
9.6599908,-4532.3353,0.23425486,0.51527002,0.11634142,4.3288364,0.059949251,79.999979
9.6699908,-4530.9486,0.2351342,0.51703283,0.11642967,4.3407142,0.060198372,79.999979
9.6799908,-4531.9272,0.23431087,0.51695111,0.11630198,4.3448685,0.060123388,79.999979
9.6899908,-4531.6677,0.23355348,0.51631714,0.11610964,4.3467104,0.05995137,79.999979
9.6999907,-4530.6354,0.23517094,0.51568318,0.11591731,4.3485523,0.059779353,79.999979
9.7099907,-4531.099,0.23501648,0.51504921,0.11572497,4.3503942,0.059607335,79.999979
9.7199907,-4532.9138,0.23491645,0.51441525,0.11553264,4.3522361,0.059435318,79.999979
9.7299907,-4530.1154,0.23511006,0.51378128,0.1153403,4.354078,0.0592633,79.999979
9.7399907,-4531.8331,0.23531935,0.51314732,0.11514797,4.3559199,0.059091282,79.999979
9.7499907,-4531.6032,0.23456672,0.51251336,0.11495563,4.3577617,0.058919265,79.999979
9.7599907,-4529.1303,0.23541214,0.51187939,0.1147633,4.3596036,0.058747247,79.999979
9.7699907,-4529.1303,0.23541214,0.51124543,0.11457096,4.3614455,0.058575229,79.999979
9.7799907,-4529.7763,0.23541214,0.51061146,0.11437862,4.3632874,0.058403212,79.999979
9.7899907,-4532.4883,0.23437703,0.51019986,0.11487497,4.3553384,0.058607623,79.999979
9.7999907,-4529.7255,0.23402039,0.50982244,0.11547718,4.3284328,0.058869895,79.999979
9.8099906,-4530.2412,0.23509573,0.50944502,0.11607938,4.3015272,0.059132166,79.999979
9.8199906,-4529.1088,0.2355779,0.50906759,0.11668158,4.2746216,0.059394437,79.999979
9.8299906,-4530.9336,0.2356637,0.50869017,0.11728378,4.2477159,0.059656709,79.999979
9.8399906,-4531.6835,0.23545428,0.50831275,0.11788599,4.2208103,0.05991898,79.999979
9.8499906,-4530.539,0.234619,0.50793532,0.11848819,4.1939047,0.060181251,79.999979
9.8599906,-4529.6285,0.23552355,0.5075579,0.11909039,4.1669991,0.060443523,79.999979
9.8699906,-4530.1929,0.23421548,0.50721516,0.11966147,4.1400934,0.06069389,79.999979
9.8799906,-4528.8049,0.23543616,0.508374,0.11888523,4.174811,0.060428924,79.999979
9.8899906,-4529.413,0.23475654,0.50953283,0.11810898,4.2150064,0.060163958,79.999979
9.8999906,-4528.9542,0.2349316,0.51069167,0.11733273,4.2552018,0.059898992,79.999979
9.9099905,-4529.2468,0.23444977,0.51185051,0.11655648,4.2953971,0.059634027,79.999979
9.9199905,-4527.3926,0.23438111,0.51300934,0.11578024,4.3355925,0.059369061,79.999979
9.9299905,-4528.3489,0.2350346,0.51416818,0.11500399,4.3757878,0.059104095,79.999979
9.9399905,-4528.7721,0.23589956,0.51532701,0.11422774,4.4159832,0.058839129,79.999979
9.9499905,-4528.7887,0.23461162,0.51648585,0.1134515,4.4561786,0.058574163,79.999979
9.9599905,-4529.5747,0.23441553,0.51764468,0.11267525,4.4963739,0.058309198,79.999979
9.9699905,-4531.213,0.23496465,0.51880352,0.111899,4.5365693,0.058044232,79.999979
9.9799905,-4527.073,0.23563257,0.51996235,0.11112275,4.5767647,0.057779266,79.999979
9.9899905,-4528.2434,0.23597663,0.51845327,0.11101536,4.5714789,0.057575428,79.999979
9.9999905,-4529.8896,0.23490572,0.51683729,0.11097504,4.5585774,0.05737404,79.999979
10.00999,-4528.2022,0.23546831,0.5152213,0.11093473,4.5456758,0.057172652,79.999979
10.01999,-4528.6346,0.23546831,0.51360531,0.11089441,4.5327742,0.056971263,79.999979
10.02999,-4529.5169,0.23546831,0.51198933,0.1108541,4.5198727,0.056769875,79.999979
10.03999,-4527.1295,0.23489347,0.51037334,0.11081378,4.5069711,0.056568487,79.999979
10.04999,-4529.7048,0.23459358,0.50875735,0.11077347,4.4940695,0.056367098,79.999979
10.05999,-4530.0951,0.23501388,0.50714137,0.11073315,4.481168,0.05616571,79.999979
10.06999,-4529.7111,0.23617064,0.50552538,0.11069284,4.4682664,0.055964322,79.999979
10.07999,-4530.6736,0.23541883,0.50390939,0.11065252,4.4553648,0.055762934,79.999979
10.08999,-4531.3001,0.23501908,0.50229341,0.11061221,4.4424633,0.055561545,79.999979
10.09999,-4527.0952,0.23428528,0.50124764,0.11057783,4.4326065,0.055428505,79.999979
10.10999,-4529.1199,0.23402681,0.50169504,0.1105712,4.4369699,0.055474438,79.999979
10.11999,-4529.9034,0.23434714,0.50214245,0.11056458,4.4413333,0.055520371,79.999979
10.12999,-4528.9897,0.23450048,0.50258985,0.11055795,4.4456967,0.055566304,79.999979
10.13999,-4530.1699,0.23418767,0.50303726,0.11055132,4.4500601,0.055612237,79.999979
10.14999,-4529.6533,0.23466774,0.50348466,0.1105447,4.4544235,0.05565817,79.999979
10.15999,-4528.499,0.23604312,0.50393206,0.11053807,4.4587869,0.055704103,79.999979
10.16999,-4529.9382,0.23436649,0.50437947,0.11053144,4.4631503,0.055750036,79.999979
10.17999,-4530.8602,0.23426957,0.50482687,0.11052482,4.4675137,0.055795969,79.999979
10.18999,-4529.762,0.23432137,0.50517283,0.11080286,4.4597218,0.055975383,79.999979
10.19999,-4530.9293,0.23498306,0.50544381,0.11129127,4.442947,0.05625344,79.999979
10.20999,-4531.4764,0.23446474,0.5057148,0.11177968,4.4261722,0.056531496,79.999979
10.21999,-4530.5064,0.23547821,0.50598578,0.11226809,4.4093974,0.056809553,79.999979
10.22999,-4532.86,0.23445742,0.50625677,0.1127565,4.3926226,0.057087609,79.999979
10.23999,-4531.2678,0.23502818,0.50652775,0.11324492,4.3758478,0.057365666,79.999979
10.24999,-4529.8356,0.23394198,0.50679874,0.11373333,4.359073,0.057643723,79.999979
10.25999,-4530.2994,0.23487111,0.50706972,0.11422174,4.3422982,0.057921779,79.999979
10.26999,-4530.2994,0.23495237,0.50734071,0.11471015,4.3255234,0.058199836,79.999979
10.27999,-4529.3763,0.23493312,0.50761169,0.11519856,4.3087486,0.058477892,79.999979
10.28999,-4531.2379,0.23546854,0.50788268,0.11568697,4.2919738,0.058755949,79.999979
10.29999,-4531.4515,0.23466027,0.50784891,0.11577042,4.2863246,0.058794139,79.999979
10.30999,-4531.7468,0.23562648,0.50762439,0.11560039,4.2909228,0.058682185,79.999979
10.31999,-4531.8676,0.23487333,0.50739987,0.11543035,4.295521,0.058570231,79.999979
10.32999,-4529.479,0.2344203,0.50717535,0.11526032,4.3001192,0.058458277,79.999979
10.33999,-4529.2247,0.23404174,0.50695083,0.11509029,4.3047174,0.058346323,79.999979
10.34999,-4530.4803,0.23408184,0.50672631,0.11492025,4.3093156,0.058234368,79.999979
10.35999,-4531.8008,0.2341026,0.50650179,0.11475022,4.3139138,0.058122414,79.999979
10.36999,-4531.3844,0.2351047,0.50627727,0.11458018,4.3185121,0.05801046,79.999979
10.37999,-4533.5758,0.23446454,0.50605275,0.11441015,4.3231103,0.057898506,79.999979
10.38999,-4530.8725,0.23483541,0.50582823,0.11424011,4.3277085,0.057786552,79.999979
10.39999,-4532.4,0.23518603,0.50560371,0.11407008,4.3323067,0.057674598,79.999979
10.40999,-4533.9202,0.23486458,0.505431,0.11399325,4.3353968,0.057639478,79.999979
10.41999,-4532.4234,0.23457519,0.50555054,0.11475786,4.3084626,0.058037677,79.999979
10.42999,-4531.0038,0.23496038,0.50567007,0.11552246,4.2815283,0.058435877,79.999979
10.43999,-4532.6597,0.23534837,0.5057896,0.11628707,4.254594,0.058834077,79.999979
10.44999,-4530.9279,0.2341189,0.50590914,0.11705167,4.2276598,0.059232276,79.999979
10.45999,-4531.3984,0.23453362,0.50602867,0.11781628,4.2007255,0.059630476,79.999979
10.46999,-4533.9495,0.23453222,0.50614821,0.11858088,4.1737913,0.060028675,79.999979
10.47999,-4531.2879,0.23496672,0.50626774,0.11934549,4.146857,0.060426875,79.999979
10.48999,-4530.796,0.23569959,0.50638727,0.12011009,4.1199228,0.060825075,79.999979
10.49999,-4532.9718,0.2343424,0.50637802,0.12071659,4.0946536,0.061128444,79.999979
10.50999,-4532.4827,0.23504286,0.50572033,0.12052701,4.0958463,0.060954342,79.999979
10.51999,-4533.3027,0.23504286,0.50506265,0.12033743,4.097039,0.060780241,79.999979
10.52999,-4532.6264,0.23503693,0.50440496,0.12014785,4.0982317,0.06060614,79.999979
10.53999,-4533.1536,0.23491497,0.50374727,0.11995827,4.0994244,0.060432039,79.999979
10.54999,-4531.2818,0.23473141,0.50308958,0.11976869,4.1006171,0.060257938,79.999979
10.55999,-4534.5843,0.23557172,0.5024319,0.11957911,4.1018098,0.060083836,79.999979
10.56999,-4532.6877,0.23393136,0.50177421,0.11938953,4.1030025,0.059909735,79.999979
10.57999,-4533.7683,0.23428302,0.50111652,0.11919995,4.1041952,0.059735634,79.999979
10.58999,-4533.9194,0.23432008,0.50045883,0.11901037,4.1053879,0.059561533,79.999979
10.59999,-4534.698,0.23484864,0.49980115,0.11882078,4.1065806,0.059387432,79.999979
10.60999,-4531.1022,0.23391876,0.49931455,0.11854387,4.1117971,0.059186062,79.999979
10.61999,-4533.5693,0.23400455,0.49901806,0.11814679,4.1239148,0.058954396,79.999979
10.62999,-4531.6628,0.23406849,0.49872157,0.11774971,4.1360325,0.058722729,79.999979
10.63999,-4533.3685,0.23458681,0.49842507,0.11735264,4.1481502,0.058491062,79.999979
10.64999,-4532.92,0.23482295,0.49812858,0.11695556,4.1602679,0.058259395,79.999979
10.65999,-4532.5735,0.23538116,0.49783209,0.11655848,4.1723856,0.058027728,79.999979
10.66999,-4532.8085,0.23448075,0.4975356,0.11616141,4.1845033,0.057796062,79.999979
10.67999,-4534.5582,0.23461868,0.4972391,0.11576433,4.196621,0.057564395,79.999979
10.68999,-4533.9374,0.23468208,0.49694261,0.11536725,4.2087388,0.057332728,79.999979
10.69999,-4533.5169,0.23480389,0.49664612,0.11497018,4.2208565,0.057101061,79.999979
10.70999,-4533.7338,0.23469716,0.49634962,0.1145731,4.2329742,0.056869395,79.999979
10.71999,-4534.9032,0.23469487,0.49605313,0.11417602,4.2450919,0.056637728,79.999979
10.72999,-4533.9684,0.23454524,0.4970631,0.11384859,4.2645598,0.056593966,79.999979
10.73999,-4534.6329,0.23471548,0.49893833,0.11359044,4.2913397,0.056674652,79.999979
10.74999,-4533.0637,0.23514325,0.50081357,0.1133323,4.3181196,0.056755338,79.999979
10.75999,-4534.0355,0.23494414,0.5026888,0.11307415,4.3448995,0.056836024,79.999979
10.76999,-4534.5047,0.23515451,0.50456404,0.112816,4.3716794,0.05691671,79.999979
10.77999,-4531.8369,0.233835,0.50643927,0.11255786,4.3984593,0.056997396,79.999979
10.78999,-4533.4126,0.23442911,0.5083145,0.11229971,4.4252392,0.057078082,79.999979
10.79999,-4533.7326,0.23522754,0.51018974,0.11204156,4.4520191,0.057158768,79.999979
10.80999,-4531.9166,0.23414513,0.51206497,0.11178341,4.478799,0.057239454,79.999979
10.81999,-4534.4558,0.23448523,0.51206929,0.11195288,4.4758579,0.057341517,79.999979
10.82999,-4534.4558,0.23401275,0.51137842,0.11232647,4.45506,0.057451524,79.999979
10.83999,-4531.7107,0.2342509,0.51068755,0.11270007,4.4342621,0.057561531,79.999979
10.84999,-4532.5564,0.23461729,0.50999667,0.11307366,4.4134642,0.057671538,79.999979
10.85999,-4533.3854,0.23493526,0.5093058,0.11344726,4.3926663,0.057781545,79.999979
10.86999,-4531.9273,0.23527669,0.50861493,0.11382085,4.3718684,0.057891552,79.999979
10.87999,-4535.2789,0.2351605,0.50792405,0.11419445,4.3510705,0.058001559,79.999979
10.88999,-4533.358,0.23546467,0.50723318,0.11456805,4.3302726,0.058111566,79.999979
10.89999,-4531.6896,0.23565857,0.50654231,0.11494164,4.3094746,0.058221573,79.999979
10.90999,-4533.1661,0.23491905,0.50585143,0.11531524,4.2886767,0.05833158,79.999979
10.91999,-4531.6808,0.23449899,0.50520128,0.11565695,4.2683517,0.058419272,79.999979
10.92999,-4530.7896,0.23469962,0.50482492,0.11561747,4.2665684,0.058356904,79.999979
10.93999,-4534.2087,0.23520471,0.50444856,0.11557799,4.2647851,0.058294537,79.999979
10.94999,-4531.498,0.23456556,0.5040722,0.11553851,4.2630018,0.058232169,79.999979
10.95999,-4531.3519,0.23433955,0.50369584,0.11549903,4.2612186,0.058169802,79.999979
10.96999,-4532.4707,0.2345524,0.50331948,0.11545954,4.2594353,0.058107435,79.999979
10.97999,-4533.4334,0.23440915,0.50294312,0.11542006,4.257652,0.058045067,79.999979
10.98999,-4530.8779,0.23460399,0.50256677,0.11538058,4.2558688,0.0579827,79.999979
10.99999,-4533.2743,0.23464897,0.50219041,0.1153411,4.2540855,0.057920333,79.999979
11.00999,-4530.6637,0.23513403,0.50181405,0.11530162,4.2523022,0.057857965,79.999979
11.019989,-4530.0309,0.2345327,0.50143769,0.11526213,4.250519,0.057795598,79.999979
11.029989,-4531.7958,0.23464756,0.50106133,0.11522265,4.2487357,0.057733231,79.999979
11.039989,-4532.4215,0.23455057,0.50071542,0.11532153,4.2425822,0.057742938,79.999979
11.049989,-4532.6294,0.23442322,0.50039969,0.11555753,4.2310886,0.057824075,79.999979
11.059989,-4532.3686,0.23448847,0.50008395,0.11579353,4.219595,0.057905211,79.999979
11.069989,-4530.9246,0.23490434,0.49976821,0.11602952,4.2081014,0.057986347,79.999979
11.079989,-4531.6414,0.23482045,0.49945248,0.11626552,4.1966079,0.058067483,79.999979
11.089989,-4532.565,0.23450803,0.49913674,0.11650152,4.1851143,0.05814862,79.999979
11.099989,-4532.6186,0.23460466,0.49882101,0.11673752,4.1736207,0.058229756,79.999979
11.109989,-4531.6672,0.23553127,0.49850527,0.11697352,4.1621271,0.058310892,79.999979
11.119989,-4531.7275,0.23510118,0.49818954,0.11720951,4.1506336,0.058392029,79.999979
11.129989,-4529.4905,0.23503836,0.49810924,0.11738507,4.1433887,0.058470372,79.999979
11.139989,-4529.9576,0.23580273,0.49916507,0.11726896,4.1566454,0.058535241,79.999979
11.149989,-4531.5054,0.23554379,0.50022089,0.11715285,4.1699022,0.05860011,79.999979
11.159989,-4530.0383,0.23463505,0.50127671,0.11703674,4.183159,0.05866498,79.999979
11.169989,-4531.5269,0.23460054,0.50233254,0.11692064,4.1964157,0.058729849,79.999979
11.179989,-4531.6193,0.23565755,0.50338836,0.11680453,4.2096725,0.058794718,79.999979
11.189989,-4529.303,0.23554774,0.50444418,0.11668842,4.2229292,0.058859587,79.999979
11.199989,-4531.2731,0.23497511,0.50550001,0.11657231,4.236186,0.058924456,79.999979
11.209989,-4531.2777,0.23529358,0.50655583,0.11645621,4.2494428,0.058989325,79.999979
11.219989,-4530.4854,0.23550826,0.50761165,0.1163401,4.2626995,0.059054194,79.999979
11.229989,-4531.6152,0.23469786,0.50866748,0.11622399,4.2759563,0.059119063,79.999979
11.239989,-4529.8036,0.23472278,0.50793847,0.11611728,4.2746931,0.058981536,79.999979
11.249989,-4528.7534,0.23472718,0.50664252,0.11601355,4.267396,0.05877972,79.999979
11.259989,-4531.1773,0.23421086,0.50534658,0.11590982,4.2600989,0.058577905,79.999979
11.269989,-4530.6159,0.23448883,0.50405064,0.1158061,4.2528019,0.058376089,79.999979
11.279989,-4529.6421,0.23418371,0.5027547,0.11570237,4.2455048,0.058174274,79.999979
11.289989,-4529.0519,0.23451584,0.50145876,0.11559864,4.2382077,0.057972458,79.999979
11.299989,-4529.916,0.23434853,0.50016282,0.11549492,4.2309106,0.057770643,79.999979
11.309989,-4527.8429,0.23578669,0.49886688,0.11539119,4.2236135,0.057568828,79.999979
11.319989,-4528.2827,0.23532392,0.49757094,0.11528746,4.2163165,0.057367012,79.999979
11.329989,-4528.614,0.23544018,0.496275,0.11518374,4.2090194,0.057165197,79.999979
11.339989,-4527.4417,0.23515053,0.49497905,0.11508001,4.2017223,0.056963381,79.999979
11.349989,-4528.6142,0.23507952,0.49425179,0.11494988,4.1986521,0.056807255,79.999979
11.359989,-4528.0842,0.23497034,0.49613402,0.11463081,4.2258268,0.056860782,79.999979
11.369989,-4526.8912,0.23543631,0.49801625,0.11431174,4.2530014,0.05691431,79.999979
11.379989,-4529.4087,0.23527615,0.49989848,0.11399268,4.2801761,0.056967837,79.999979
11.389989,-4530.0553,0.23505714,0.50178071,0.11367361,4.3073508,0.057021365,79.999979
11.399989,-4530.3044,0.23532921,0.50366294,0.11335454,4.3345254,0.057074892,79.999979
11.409989,-4528.2003,0.23524582,0.50554516,0.11303548,4.3617001,0.05712842,79.999979
11.419989,-4526.157,0.23544942,0.50742739,0.11271641,4.3888747,0.057181947,79.999979
11.429989,-4527.2922,0.23566146,0.50930962,0.11239734,4.4160494,0.057235475,79.999979
11.439989,-4525.891,0.23503227,0.51119185,0.11207827,4.4432241,0.057289002,79.999979
11.449989,-4526.3177,0.23521141,0.51212085,0.11175921,4.4703987,0.057371249,79.999979
11.459989,-4526.7443,0.23539055,0.51040084,0.11144014,4.4975734,0.057533304,79.999979
11.469989,-4524.8534,0.23497394,0.50868082,0.11215538,4.4575501,0.057695359,79.999979
11.479989,-4525.9422,0.23439429,0.50696081,0.11304107,4.4064531,0.057857415,79.999979
11.489989,-4523.8872,0.23575656,0.5052408,0.11392675,4.3553561,0.05801947,79.999979
11.499989,-4524.9549,0.2354813,0.50352079,0.11481244,4.3042591,0.058181526,79.999979
11.509989,-4525.9081,0.23517658,0.50180077,0.11569812,4.2531621,0.058343581,79.999979
11.519989,-4523.9627,0.23561241,0.50008076,0.11658381,4.2020651,0.058505636,79.999979
11.529989,-4523.7093,0.23524451,0.49836075,0.1174695,4.1509681,0.058667692,79.999979
11.539989,-4525.201,0.23559062,0.49664074,0.11835518,4.0998711,0.058829747,79.999979
11.549989,-4525.9546,0.23558398,0.49559317,0.11870667,4.0757329,0.058829154,79.999979
11.559989,-4525.4287,0.23452164,0.49597121,0.11792561,4.1087491,0.058483736,79.999979
11.569989,-4525.1485,0.23501911,0.49634926,0.11714455,4.1417653,0.058138317,79.999979
11.579989,-4523.2576,0.23541616,0.4967273,0.11636349,4.1747815,0.057792899,79.999979
11.589989,-4523.0538,0.23466642,0.49710535,0.11558243,4.2077977,0.057447481,79.999979
11.599989,-4523.6663,0.23517736,0.49748339,0.11480137,4.2408139,0.057102063,79.999979
11.609989,-4522.8446,0.2348816,0.49786144,0.11402031,4.2738302,0.056756644,79.999979
11.619989,-4521.7341,0.23487285,0.49823949,0.11323926,4.3068464,0.056411226,79.999979
11.629989,-4522.0282,0.23540241,0.49861753,0.1124582,4.3398626,0.056065808,79.999979
11.639989,-4520.2075,0.23561543,0.49899558,0.11167714,4.3728788,0.055720389,79.999979
11.649989,-4520.9017,0.23546044,0.49937362,0.11089608,4.405895,0.055374971,79.999979
11.659989,-4519.3567,0.23492649,0.49975167,0.11011502,4.4389112,0.055029553,79.999979
11.669989,-4520.6328,0.23505168,0.49996007,0.11011422,4.4405113,0.055077848,79.999979
11.679989,-4520.2054,0.23453356,0.50013037,0.11035392,4.4324281,0.055214562,79.999979
11.689989,-4521.2229,0.23647713,0.50030066,0.11059362,4.4243449,0.055351276,79.999979
11.699989,-4519.3289,0.23616927,0.50047096,0.11083332,4.4162617,0.055487991,79.999979
11.709989,-4518.5599,0.23487485,0.50064126,0.11107302,4.4081785,0.055624705,79.999979
11.719989,-4518.3026,0.23571133,0.50081156,0.11131272,4.4000954,0.055761419,79.999979
11.729989,-4522.2138,0.23526859,0.50098186,0.11155241,4.3920122,0.055898133,79.999979
11.739989,-4520.9884,0.23468358,0.50115216,0.11179211,4.383929,0.056034848,79.999979
11.749989,-4522.1777,0.23530279,0.50132246,0.11203181,4.3758458,0.056171562,79.999979
11.759989,-4520.5123,0.23527196,0.50149276,0.11227151,4.3677626,0.056308276,79.999979
11.769989,-4520.5123,0.23527196,0.50166305,0.11251121,4.3596795,0.05644499,79.999979
11.779989,-4522.7713,0.2347514,0.50169919,0.1126848,4.3521722,0.056534006,79.999979
11.789989,-4520.28,0.23561946,0.50106362,0.11252741,4.3527628,0.056384224,79.999979
11.799989,-4515.1617,0.23513853,0.50042805,0.11237003,4.3533534,0.056234442,79.999979
11.809989,-4516.5908,0.23544413,0.49979248,0.11221264,4.353944,0.056084659,79.999979
11.819989,-4514.6348,0.23525171,0.49915692,0.11205526,4.3545346,0.055934877,79.999979
11.829989,-4515.8776,0.2351799,0.49852135,0.11189788,4.3551252,0.055785095,79.999979
11.839989,-4517.6791,0.23503852,0.49788578,0.11174049,4.3557158,0.055635313,79.999979
11.849989,-4515.5429,0.23563149,0.49725021,0.11158311,4.3563064,0.05548553,79.999979
11.859989,-4516.3359,0.23551498,0.49661464,0.11142572,4.356897,0.055335748,79.999979
11.869989,-4514.9076,0.23543028,0.49667727,0.11146239,4.3559978,0.055360933,79.999979
11.879989,-4514.4505,0.23523044,0.49683991,0.11152687,4.3548852,0.055411185,79.999979
11.889989,-4515.3034,0.23480571,0.49700256,0.11159134,4.3537726,0.055461436,79.999979
11.899989,-4515.235,0.234952,0.49716521,0.11165582,4.35266,0.055511688,79.999979
11.909989,-4519.2194,0.23570665,0.49732785,0.11172029,4.3515474,0.05556194,79.999979
11.919989,-4513.7736,0.23523409,0.4974905,0.11178477,4.3504347,0.055612192,79.999979
11.929989,-4514.7172,0.2353764,0.49765315,0.11184924,4.3493221,0.055662444,79.999979
11.939989,-4514.9678,0.23485762,0.49781579,0.11191372,4.3482095,0.055712696,79.999979
11.949989,-4514.6333,0.23507455,0.49797844,0.11197819,4.3470969,0.055762947,79.999979
11.959989,-4516.1481,0.23539855,0.49814109,0.11204266,4.3459843,0.055813199,79.999979
11.969989,-4519.7349,0.23495581,0.49830373,0.11210714,4.3448717,0.055863451,79.999979
11.979989,-4515.9407,0.23554419,0.49922579,0.11249381,4.3382141,0.056180376,79.999979
11.989989,-4514.3833,0.23669733,0.50064394,0.11314158,4.3260044,0.056671505,79.999979
11.999989,-4514.8513,0.23639563,0.50206209,0.11378936,4.3137947,0.057162634,79.999979
12.009989,-4514.8366,0.23612286,0.50348023,0.11443713,4.301585,0.057653763,79.999979
12.019989,-4514.8203,0.23601236,0.50489838,0.1150849,4.2893753,0.058144892,79.999979
12.029989,-4511.6691,0.23464082,0.50631653,0.11573267,4.2771656,0.058636021,79.999979
12.039989,-4514.6942,0.23583951,0.50773468,0.11638045,4.264956,0.059127151,79.999979
12.049989,-4513.3448,0.23541372,0.50915282,0.11702822,4.2527463,0.05961828,79.999979
12.059988,-4512.3614,0.23447356,0.51057097,0.11767599,4.2405366,0.060109409,79.999979
12.069988,-4513.1277,0.2362951,0.51198912,0.11832377,4.2283269,0.060600538,79.999979
12.079988,-4513.1277,0.2365042,0.51340726,0.11897154,4.2161172,0.061091667,79.999979
12.089988,-4510.5777,0.23540347,0.51476275,0.11961931,4.2039075,0.061566006,79.999979
12.099988,-4514.4261,0.23526101,0.51335167,0.11944347,4.1986024,0.061299078,79.999979
12.109988,-4516.8205,0.23554988,0.51194059,0.11924317,4.1939029,0.061032149,79.999979
12.119988,-4514.098,0.23522897,0.51052951,0.11904286,4.1892033,0.06076522,79.999979
12.129988,-4513.1397,0.23595724,0.50911843,0.11884256,4.1845038,0.060498292,79.999979
12.139988,-4511.9232,0.23621863,0.50770736,0.11864225,4.1798043,0.060231363,79.999979
12.149988,-4510.9542,0.23614139,0.50629628,0.11844194,4.1751048,0.059964435,79.999979
12.159988,-4511.4326,0.23554799,0.5048852,0.11824164,4.1704052,0.059697506,79.999979
12.169988,-4512.378,0.23446923,0.50347412,0.11804133,4.1657057,0.059430577,79.999979
12.179988,-4510.7447,0.23528819,0.5028928,0.11772002,4.1703418,0.059199699,79.999979
12.189988,-4511.3281,0.23554542,0.50326941,0.11725901,4.1912714,0.05901044,79.999979
12.199988,-4510.3174,0.23542887,0.50364601,0.116798,4.2122011,0.058821181,79.999979
12.209988,-4508.3129,0.23568016,0.50402261,0.116337,4.2331307,0.058631922,79.999979
12.219988,-4509.1261,0.23596964,0.50439922,0.11587599,4.2540603,0.058442663,79.999979
12.229988,-4513.2407,0.23511073,0.50477582,0.11541498,4.27499,0.058253404,79.999979
12.239988,-4511.6355,0.23561202,0.50515243,0.11495397,4.2959196,0.058064145,79.999979
12.249988,-4512.6858,0.23562929,0.50552903,0.11449296,4.3168493,0.057874885,79.999979
12.259988,-4512.0661,0.23562484,0.50590563,0.11403196,4.3377789,0.057685626,79.999979
12.269988,-4510.4589,0.23524706,0.50628224,0.11357095,4.3587086,0.057496367,79.999979
12.279988,-4511.4835,0.23605842,0.50665884,0.11310994,4.3796382,0.057307108,79.999979
12.289988,-4510.5705,0.23627253,0.5065024,0.11276046,4.392265,0.057121671,79.999979
12.299988,-4512.2799,0.2353058,0.50562782,0.11259827,4.3909497,0.056941385,79.999979
12.309988,-4512.3527,0.23538212,0.50475323,0.11243607,4.3896343,0.056761098,79.999979
12.319988,-4510.3354,0.23496169,0.50387865,0.11227388,4.3883189,0.056580811,79.999979
12.329988,-4510.3354,0.23496169,0.50300406,0.11211168,4.3870035,0.056400524,79.999979
12.339988,-4510.8204,0.23504215,0.50212948,0.11194949,4.3856882,0.056220237,79.999979
12.349988,-4507.2586,0.23623751,0.5012549,0.11178729,4.3843728,0.05603995,79.999979
12.359988,-4507.5435,0.23680681,0.50038031,0.1116251,4.3830574,0.055859663,79.999979
12.369988,-4511.9534,0.23587253,0.49950573,0.1114629,4.381742,0.055679377,79.999979
12.379988,-4512.8023,0.23559355,0.49863114,0.11130071,4.3804266,0.05549909,79.999979
12.389988,-4509.6886,0.23614198,0.49801274,0.11129969,4.3747911,0.055437043,79.999979
12.399988,-4509.5753,0.23614198,0.49765989,0.11150319,4.3636736,0.05549756,79.999979
12.409988,-4509.8149,0.23621837,0.49730704,0.11170669,4.3525561,0.055558077,79.999979
12.419988,-4508.1873,0.23585953,0.49695419,0.11191018,4.3414386,0.055618594,79.999979
12.429988,-4512.9957,0.2361365,0.49660134,0.11211368,4.3303211,0.055679111,79.999979
12.439988,-4511.8879,0.23572173,0.49624849,0.11231718,4.3192037,0.055739628,79.999979
12.449988,-4512.5231,0.23579553,0.49589564,0.11252068,4.3080862,0.055800145,79.999979
12.459988,-4512.7815,0.23609597,0.49554279,0.11272418,4.2969687,0.055860662,79.999979
12.469988,-4510.7864,0.23551086,0.49518994,0.11292768,4.2858512,0.055921178,79.999979
12.479988,-4510.1811,0.23568998,0.49483709,0.11313117,4.2747337,0.055981695,79.999979
12.489988,-4510.0721,0.23613149,0.49448424,0.11333467,4.2636163,0.056042212,79.999979
12.499988,-4510.3088,0.23611357,0.82288088,0.18772203,4.2688139,0.29398559,79.999979
12.509988,-4511.692,0.23666972,1.160115,0.2641036,4.2753989,0.53832376,79.999979
12.519988,-4512.4351,0.2366846,1.4973491,0.34048517,4.2819838,0.78266193,79.999979
12.529988,-4509.8335,0.23611973,1.8345833,0.41686674,4.2885688,1.0270001,79.999979
12.539988,-4510.5474,0.23530638,2.1718174,0.49324831,4.2951537,1.2713383,79.999979
12.549988,-4509.9509,0.23579206,2.5090515,0.56962988,4.3017387,1.5156764,79.999979
12.559988,-4508.8104,0.23577571,2.9123427,0.65446869,4.2997124,1.9102204,79.999979
12.569988,-4507.1991,0.23574594,3.0054049,0.68486708,4.2679855,2.0583255,79.999979
12.579988,-4507.255,0.23591455,3.0180178,0.67042201,4.3552486,2.017479,79.999979
12.589988,-4507.3,0.23608316,2.9887673,0.64045461,4.5559506,1.9139824,79.999979
12.599988,-4506.54,0.23621266,3.0200157,0.66233596,4.4606946,1.9943225,79.999979
12.609988,-4506.7625,0.23605652,3.0523723,0.70353219,4.2320378,2.1492014,79.999979
12.619988,-4495.3364,0.23672281,3.0260505,0.68145301,4.3364666,2.0621168,79.999979
12.629988,-4478.6391,0.23795578,3.0241801,0.68147971,4.3379448,2.0609285,79.999979
12.639988,-4473.5366,0.23803249,3.05631,0.69567993,4.3105658,2.1103125,79.999979
12.649988,-4470.6715,0.23810921,3.0761771,0.69255517,4.2831868,2.1195315,79.999979
12.659988,-4467.8063,0.23824335,3.0622401,0.68571225,4.3615572,2.1340105,79.999979
12.669988,-4451.5042,0.23894747,3.0546987,0.70023284,4.2324552,2.1490295,79.999979
12.679988,-4424.0103,0.24023115,3.1135708,0.71776118,4.2540092,2.2348528,79.999979
12.689988,-4404.4386,0.24060873,3.0912723,0.69751721,4.2599947,2.1581518,79.999979
12.699988,-4398.599,0.24076892,3.1499962,0.70647544,4.3583833,2.2089983,79.999979
12.709988,-4395.4393,0.24089815,3.1431402,0.69993997,4.3910404,2.1876138,79.999979
12.719988,-4392.2796,0.24102738,3.1362843,0.69340449,4.4236974,2.1662293,79.999979
12.729988,-4389.0682,0.24115661,3.1294283,0.68686902,4.4563545,2.1448448,79.999979
12.739988,-4383.9045,0.24128584,3.1225723,0.68033355,4.4890115,2.1234603,79.999979
12.749988,-4378.7409,0.24192264,3.0623427,0.71031467,4.1732277,2.1751689,79.999979
12.759988,-4369.3174,0.24237055,3.0533007,0.71254933,4.1974907,2.1604763,79.999979
12.769988,-4365.1471,0.24238401,3.0442682,0.70952895,4.1875338,2.1620591,79.999979
12.779988,-4360.9768,0.24239747,3.0680601,0.71143828,4.177577,2.1831092,79.999979
12.789988,-4349.4467,0.24291782,3.0804217,0.69356491,4.2554295,2.1365551,79.999979
12.799988,-4326.2921,0.24383907,3.0991563,0.69949626,4.2747409,2.1676494,79.999979
12.809988,-4297.6322,0.24440385,3.1212008,0.70314134,4.279122,2.1944127,79.999979
12.819988,-4274.9732,0.24487558,3.0686483,0.71625079,4.1848195,2.197921,79.999979
12.829988,-4258.1009,0.24560753,3.0536282,0.69045751,4.3327363,2.1325828,79.999979
12.839988,-4253.0502,0.24577955,3.0730505,0.702983,4.2869399,2.1711196,79.999979
12.849988,-4249.6428,0.24594037,3.0943371,0.71270446,4.2404659,2.2053467,79.999979
12.859988,-4238.8345,0.24594144,3.1242943,0.71797692,4.2287521,2.2331095,79.999979
12.869988,-4217.165,0.2471839,3.0914858,0.73313922,4.0544803,2.2670167,79.999979
12.879988,-4195.9716,0.24765522,3.103753,0.7343672,4.2586343,2.2791835,79.999979
12.889988,-4179.3431,0.24906314,3.0906121,0.71439186,4.0967019,2.2076147,79.999979
12.899988,-4174.949,0.24920235,3.0845186,0.70343467,4.2194487,2.1696111,79.999979
12.909988,-4170.5548,0.24934156,3.061497,0.71162997,4.3421955,2.178627,79.999979
12.919988,-4163.8669,0.24948077,3.0635887,0.71609172,4.2158225,2.1934087,79.999979
12.929988,-4147.1062,0.25001637,0.6382741,0.12387393,4.9012032,0.081065681,79.999979
12.939988,-4120.7144,0.25022406,0.51947284,0.12024352,4.226868,0.063265735,79.999979
12.949988,-4106.4863,0.25006234,0.51802075,0.093248208,5.5263693,0.048385917,79.999979
12.959988,-4104.496,0.25016696,0.53283937,0.10326706,4.9765069,0.054690175,79.999979
12.969988,-4102.5057,0.25003461,0.57366022,0.1132859,4.4266445,0.063413533,79.999979
12.979988,-4098.2553,0.24997685,0.52294569,0.1085489,4.943325,0.056701776,79.999979
12.989988,-4098.8976,0.25073104,0.55274892,0.10899389,5.0584184,0.060454155,79.999979
12.999988,-4108.4476,0.24987527,0.52880453,0.11224381,4.7168222,0.059353363,79.999979
13.009988,-4106.4169,0.2503835,0.49785481,0.11830134,4.5093137,0.058895813,79.999979
13.019988,-4106.7257,0.25095437,0.52584844,0.11473626,4.3326515,0.06020214,79.999979
13.029988,-4107.0344,0.25078569,0.55384207,0.11117117,4.8305816,0.061508467,79.999979
13.039988,-4107.631,0.25061702,0.52937582,0.11471743,4.5797876,0.060644659,79.999979
13.049988,-4109.693,0.25011302,0.49558416,0.12717351,3.7300618,0.063005357,79.999979
13.059988,-4111.7095,0.2490596,0.50093554,0.099936496,4.9123781,0.05006215,79.999979
13.069988,-4110.6356,0.25031397,0.50434277,0.11009691,4.6534694,0.054512064,79.999979
13.079988,-4111.1225,0.25043891,0.52964399,0.15502208,4.313751,0.074959233,79.999979
13.089988,-4110.9835,0.25043891,0.55869122,0.12948029,3.5167953,0.069645001,79.999979
13.099988,-4110.8445,0.25071054,0.52895419,0.10382326,5.335303,0.066042644,79.999979
13.109987,-4112.0807,0.24983885,0.51715448,0.10424195,5.1436555,0.053924622,79.999979
13.119987,-4114.1908,0.24955955,0.51253575,0.10755834,5.1911076,0.05509628,79.999979
13.129987,-4117.0307,0.24996149,0.51901836,0.12388276,4.1446127,0.064481504,79.999979
13.139987,-4116.6715,0.24919073,0.54765858,0.13908892,3.7350932,0.069279099,79.999979
13.149987,-4116.0247,0.24908725,0.58345025,0.14004776,3.8984779,0.078543772,79.999979
13.159987,-4115.7972,0.24898376,0.55270822,0.11890547,4.1943145,0.066382289,79.999979
13.169987,-4117.6022,0.25072727,0.53207188,0.12284865,4.0718061,0.063521514,79.999979
13.179987,-4119.9741,0.24907086,0.56483106,0.10342801,5.5099396,0.058501774,79.999979
13.189987,-4121.204,0.2497983,0.55731664,0.14708799,3.6362377,0.074226692,79.999979
13.199987,-4120.9881,0.25017676,0.51599789,0.12544107,4.4000121,0.059665484,79.999979
13.209987,-4121.2165,0.24998285,0.51153393,0.15066939,3.314599,0.058006444,79.999979
13.219987,-4121.4449,0.24978893,0.50706997,0.11592128,4.2416567,0.056347404,79.999979
13.229987,-4119.7853,0.24999306,0.51583827,0.14354385,3.513709,0.07341268,79.999979
13.239987,-4120.5148,0.24964889,0.50737662,0.1266203,3.7570578,0.064242146,79.999979
13.249987,-4119.7545,0.24913058,0.5206185,0.11192086,4.8734856,0.058178118,79.999979
13.259987,-4117.0569,0.24951862,0.58000198,0.13958667,3.1818738,0.081653642,79.999979
13.269987,-4118.1209,0.24925812,0.52656088,0.10785552,4.9367523,0.064752061,79.999979
13.279987,-4119.1849,0.24899438,0.47709744,0.101852,4.6029376,0.049189129,79.999979
13.289987,-4120.6797,0.2487315,0.51581439,0.097518638,4.857173,0.057677033,79.999979
13.299987,-4121.9684,0.24968619,0.51801715,0.099755253,5.0303394,0.054230472,79.999979
13.309987,-4122.1585,0.25006238,0.53395462,0.12448687,4.1250698,0.06499069,79.999979
13.319987,-4126.2562,0.24928546,0.51696596,0.11282913,4.7007705,0.055244468,79.999979
13.329987,-4125.6568,0.249324,0.48404515,0.12528368,4.5361325,0.059848377,79.999979
13.339987,-4124.7821,0.249324,0.56216586,0.11493313,4.3682936,0.063767993,79.999979
13.349987,-4123.9074,0.24942787,0.51220038,0.13437552,5.1265567,0.068433874,79.999979
13.359987,-4124.728,0.24926919,0.53953394,0.11639745,4.7986868,0.062963076,79.999979
13.369987,-4127.8958,0.24949712,0.49575605,0.11060053,4.3116711,0.056516339,79.999979
13.379987,-4125.4744,0.24927028,0.52274483,0.1109452,4.612563,0.057996091,79.999979
13.389987,-4126.1853,0.24932797,0.54263152,0.10968533,4.4874372,0.062159095,79.999979
13.399987,-4127.0343,0.24950759,0.5340027,0.1130643,4.8125756,0.062165478,79.999979
13.409987,-4127.47,0.24968721,0.53065118,0.12038069,4.4685776,0.0578695,79.999979
13.419987,-4129.7376,0.24869365,0.54375499,0.1029204,5.3024592,0.05604434,79.999979
13.429987,-4130.5459,0.24885812,0.48050331,0.10295184,4.4034146,0.048967272,79.999979
13.439987,-4132.6123,0.24926679,0.52256181,0.10718308,4.515087,0.056164041,79.999979
13.449987,-4130.0279,0.24881195,0.51149269,0.11198098,4.6715394,0.057406518,79.999979
13.459987,-4130.2591,0.24883054,0.50241609,0.11941313,4.4034508,0.060095678,79.999979
13.469987,-4130.4902,0.24885342,0.48564888,0.11460629,4.1300022,0.056471385,79.999979
13.479987,-4133.0582,0.24903952,0.55906251,0.12715145,4.0493235,0.070758819,79.999979
13.489987,-4134.3612,0.24927255,0.52323477,0.11969911,4.7349618,0.061205024,79.999979
13.499987,-4132.0955,0.2490268,0.49075858,0.11445059,4.4078647,0.056195796,79.999979
13.509987,-4134.9943,0.24847463,0.56651907,0.13315725,4.1765406,0.072248809,79.999979
13.519987,-4135.569,0.2485349,0.54497065,0.11727877,4.3002032,0.06568032,79.999979
13.529987,-4135.8878,0.24859517,0.59011671,0.11299545,4.4267509,0.067469373,79.999979
13.539987,-4135.7927,0.24872877,0.48540713,0.15324092,3.8663482,0.074380487,79.999979
13.549987,-4136.6201,0.24892754,0.51439657,0.13008039,3.934882,0.066732414,79.999979
13.559987,-4137.8545,0.24901168,0.50571227,0.12421527,3.9441795,0.062409277,79.999979
13.569987,-4135.7601,0.24909977,0.54093144,0.1084649,4.9136741,0.059350844,79.999979
13.579987,-4135.9819,0.24918725,0.52109235,0.10590393,4.7905324,0.055128768,79.999979
13.589987,-4137.2727,0.24918725,0.52213052,0.10035417,5.0851689,0.052365482,79.999979
13.599987,-4138.5634,0.24910742,0.48533785,0.11571419,4.3196655,0.056013609,79.999979
13.609987,-4141.007,0.24840569,0.50281111,0.14492853,3.4299716,0.068699693,79.999979
13.619987,-4138.3808,0.24854432,0.57679019,0.11590506,4.7931054,0.066979604,79.999979
13.629987,-4141.2222,0.24889715,0.50807742,0.099133718,4.9501803,0.050400039,79.999979
13.639987,-4141.7429,0.24871877,0.57219424,0.10827891,3.6756589,0.072620272,79.999979
13.649987,-4142.3458,0.24859306,0.55923342,0.10596289,4.2053039,0.066400231,79.999979
13.659987,-4142.9487,0.24846735,0.5462726,0.10364686,4.734949,0.06018019,79.999979
13.669987,-4143.3486,0.24834164,0.53304258,0.10133084,5.1849264,0.054354576,79.999979
13.679987,-4141.2423,0.24921447,0.52012753,0.14300995,4.1122027,0.075316739,79.999979
13.689987,-4141.795,0.24826303,0.54176081,0.11011607,5.091075,0.059702032,79.999979
13.699987,-4142.0966,0.24841598,0.49566814,0.11881178,4.0060752,0.058865127,79.999979
13.709987,-4141.2241,0.24835426,0.52922848,0.11295188,4.3102957,0.059659505,79.999979
13.719987,-4140.5973,0.24829967,0.57208519,0.10725134,4.8285989,0.061327013,79.999979
13.729987,-4141.6584,0.24829426,0.50847001,0.10368126,5.0955814,0.052662658,79.999979
13.739987,-4144.5855,0.24872209,0.51928221,0.11640708,4.1415614,0.060461624,79.999979
13.749987,-4142.7692,0.24871738,0.50723226,0.13145239,3.7620368,0.06667618,79.999979
13.759987,-4145.0149,0.24911762,0.52074606,0.12034518,4.128148,0.062565464,79.999979
13.769987,-4145.0158,0.24950104,0.5737577,0.119944,4.3947104,0.069061658,79.999979
13.779987,-4145.0224,0.24950104,0.53849884,0.11954281,4.6612727,0.066339016,79.999979
13.789987,-4145.0289,0.2489292,0.46920731,0.11852012,3.7326652,0.047073241,79.999979
13.799987,-4144.5364,0.24730724,0.52246104,0.1046795,4.8640468,0.054658429,79.999979
13.809987,-4147.4002,0.24879424,0.5686639,0.11148765,4.958389,0.06343672,79.999979
13.819987,-4146.8771,0.24842248,0.49245114,0.12041216,4.2214014,0.05796062,79.999979
13.829987,-4146.8771,0.24780717,0.50855632,0.099552592,4.7178957,0.048727498,79.999979
13.839987,-4146.8771,0.24780717,0.5246615,0.075871351,6.6963179,0.039494376,79.999979
13.849987,-4145.4228,0.24780328,0.5088233,0.12191325,4.042195,0.064731592,79.999979
13.859987,-4146.8562,0.24913504,0.48727214,0.11305158,4.3066365,0.059191565,79.999979
13.869987,-4148.0213,0.24968031,0.55534641,0.11708673,4.6478114,0.065310414,79.999979
13.879987,-4150.6518,0.24797657,0.52100303,0.13467562,3.9822229,0.068996936,79.999979
13.889987,-4150.5758,0.24791158,0.53596751,0.11473206,4.5626007,0.060870769,79.999979
13.899987,-4150.4743,0.24783113,0.53236851,0.10756685,4.8538074,0.057000042,79.999979
13.909987,-4150.3728,0.24774915,0.52924691,0.11271783,4.8774342,0.059654288,79.999979
13.919987,-4152.7302,0.24890063,0.48281835,0.11962164,4.0265913,0.057572241,79.999979
13.929987,-4150.8755,0.24867863,0.55821822,0.10913015,5.0714389,0.060972383,79.999979
13.939987,-4152.6095,0.24852287,0.49478685,0.14184717,3.4459122,0.069918382,79.999979
13.949987,-4153.2472,0.24889394,0.51649789,0.10660968,5.0852305,0.055022149,79.999979
13.959987,-4153.1269,0.24889394,0.50148137,0.10902338,4.6290711,0.05302988,79.999979
13.969987,-4152.9801,0.24880947,0.52670357,0.10631436,4.6033446,0.05446999,79.999979
13.979987,-4149.46,0.24817826,0.54859683,0.13524594,3.9329428,0.073786974,79.999979
13.989987,-4151.9414,0.24863628,0.52141006,0.13657922,3.6406782,0.069467206,79.999979
13.999987,-4152.5018,0.24857195,0.50583293,0.1259694,4.2629517,0.063074259,79.999979
14.009987,-4154.7815,0.2485723,0.55735561,0.1308437,3.9266266,0.074735623,79.999979
14.019987,-4154.5749,0.24861382,0.57211653,0.11125345,5.3113144,0.065501904,79.999979
14.029987,-4154.3683,0.24865535,0.53221303,0.11495636,4.6375475,0.061505029,79.999979
14.039987,-4154.5447,0.24877066,0.51759263,0.12913925,4.349396,0.066863001,79.999979
14.049987,-4154.1775,0.24842539,0.53149779,0.11544251,4.5036894,0.061362876,79.999979
14.059987,-4154.9111,0.24875095,0.52626385,0.1057845,4.3264328,0.055668271,79.999979
14.069987,-4157.9174,0.24785323,0.54119488,0.12017002,3.9140458,0.064448205,79.999979
14.079987,-4157.7824,0.24771356,0.58490918,0.12001875,4.1800312,0.070119483,79.999979
14.089987,-4157.3962,0.24757389,0.57120563,0.11986748,4.4460167,0.068294494,79.999979
14.099987,-4157.0101,0.24743421,0.55750209,0.11971621,4.7120021,0.066469505,79.999979
14.109987,-4156.624,0.24729454,0.54379855,0.11929229,4.7846771,0.064644516,79.999979
14.119987,-4156.2378,0.24715487,0.530095,0.11857649,4.4556222,0.062819527,79.999979
14.129987,-4155.8977,0.24733369,0.54063712,0.11996616,4.368504,0.064866386,79.999979
14.139987,-4155.73,0.24757223,0.52668918,0.11669788,4.3928624,0.060940599,79.999979
14.149987,-4155.5623,0.24781377,0.50214949,0.10789399,4.4849591,0.054176577,79.999979
14.159986,-4158.189,0.24887415,0.55521833,0.11813329,3.9462172,0.06547895,79.999979
14.169986,-4159.3751,0.24822928,0.52907209,0.13096127,4.3107639,0.073873616,79.999979
14.179986,-4156.2526,0.2477329,0.52748981,0.12541485,3.6646581,0.066891693,79.999979
14.189986,-4158.5873,0.24809945,0.56772595,0.10911986,5.2118561,0.061999965,79.999979
14.199986,-4160.3084,0.248067,0.53869837,0.11498783,4.5376752,0.063421861,79.999979
14.209986,-4159.637,0.24824626,0.55873644,0.12111999,4.4895339,0.065901782,79.999979
14.219986,-4158.5409,0.24843025,0.5684408,0.11789066,4.4827002,0.066941687,79.999979
14.229986,-4157.6306,0.24869943,0.57579877,0.11663456,4.3237002,0.064924078,79.999979
14.239986,-4160.0096,0.24843584,0.48485081,0.11319967,4.1581316,0.053321707,79.999979
14.249986,-4159.8347,0.24854426,0.55486482,0.12657588,4.0380938,0.070375541,79.999979
14.259986,-4159.416,0.24795623,0.55116847,0.10442429,5.1940519,0.057496972,79.999979
14.269986,-4160.2594,0.24777117,0.53406731,0.1098165,4.8106157,0.058490865,79.999979
14.279986,-4160.615,0.24758612,0.51696615,0.1152087,4.4271795,0.059484758,79.999979
14.289986,-4161.0273,0.24788098,0.53528751,0.13025893,4.4370284,0.068367709,79.999979
14.299986,-4160.2425,0.24771959,0.55895151,0.13762374,3.619588,0.067894632,79.999979
14.309986,-4163.3989,0.24810121,0.51036744,0.11716731,4.2263333,0.059760936,79.999979
14.319986,-4166.5621,0.24750649,0.51805566,0.10698403,3.0104609,0.055228729,79.999979
14.329986,-4166.3483,0.24743918,0.52593029,0.11174297,4.9303898,0.058815128,79.999979
14.339986,-4166.1222,0.24737187,0.53126847,0.12180112,4.4856032,0.064576811,79.999979
14.349986,-4165.5209,0.24757613,0.52313926,0.093184174,5.068511,0.048349814,79.999979
14.359986,-4168.133,0.24852674,0.5019042,0.11530115,4.0875241,0.057882368,79.999979
14.369986,-4167.4758,0.24830085,0.51115997,0.10832681,4.4001746,0.050483361,79.999979
14.379986,-4169.6753,0.24771085,0.51605135,0.13070772,4.7632706,0.065864528,79.999979
14.389986,-4168.9191,0.24750709,0.51579468,0.10968622,4.6391807,0.056562513,79.999979
14.399986,-4169.7388,0.24729349,0.51354872,0.11607049,4.3387203,0.059604662,79.999979
14.409986,-4170.4651,0.24743808,0.5248122,0.1328505,4.2773104,0.069485994,79.999979
14.419986,-4167.9257,0.24763304,0.51957759,0.11567934,4.6053592,0.062270369,79.999979
14.429986,-4170.0721,0.24757323,0.51859151,0.11016285,4.6585916,0.058369211,79.999979
14.439986,-4169.8902,0.24742436,0.51518922,0.15668432,3.3698388,0.081220039,79.999979
14.449986,-4168.8028,0.24756111,0.5125562,0.11481292,4.1621449,0.061965804,79.999979
14.459986,-4168.7777,0.24756111,0.52198522,0.10634263,4.7389721,0.056331767,79.999979
14.469986,-4168.7777,0.247496,0.5044258,0.11362956,4.2629549,0.057304513,79.999979
14.479986,-4172.2127,0.24781925,0.55858505,0.11801446,4.175481,0.064806427,79.999979
14.489986,-4171.1783,0.24764206,0.50959952,0.13097586,3.8244146,0.066796031,79.999979
14.499986,-4174.1871,0.24701829,0.52070049,0.15862012,3.411115,0.082488405,79.999979
14.509986,-4175.6088,0.24710139,0.50602819,0.10650019,4.2690665,0.0538843,79.999979
14.519986,-4175.9603,0.24763052,0.53421296,0.10615725,4.8229822,0.056699806,79.999979
14.529986,-4176.0225,0.24821141,0.54491762,0.10827701,5.0226008,0.059191327,79.999979
14.539986,-4172.7695,0.24792452,0.58715867,0.11788974,4.7031518,0.073141497,79.999979
14.549986,-4174.8397,0.24867983,0.51563485,0.10119912,5.3567865,0.05225751,79.999979
14.559986,-4171.969,0.24811146,0.50548728,0.14820192,3.9565376,0.075212697,79.999979
14.569986,-4170.8709,0.24808792,0.50005864,0.10026815,3.7603202,0.061836585,79.999979
14.579986,-4171.8175,0.24790967,0.51004628,0.10257683,4.8720481,0.057894806,79.999979
14.589986,-4171.4484,0.24773142,0.51486291,0.11319136,4.8594795,0.058238702,79.999979
14.599986,-4171.9839,0.24762204,0.47393595,0.10821381,4.4764137,0.049527279,79.999979
14.609986,-4171.9095,0.24654078,0.52168712,0.11440929,4.4866046,0.059614899,79.999979
14.619986,-4174.057,0.24819625,0.57544367,0.11826131,4.8872467,0.066492988,79.999979
14.629986,-4176.7977,0.24768405,0.50381857,0.10343877,4.8518381,0.057644688,79.999979
14.639986,-4176.0099,0.24774942,0.52527877,0.13704517,4.2965132,0.066208997,79.999979
14.649986,-4175.2222,0.24780042,0.53093863,0.11126109,3.7411882,0.057803577,79.999979
14.659986,-4173.3344,0.24765506,0.54695539,0.12796,3.9173257,0.071758188,79.999979
14.669986,-4175.8767,0.24778718,0.50137411,0.14131521,3.4967721,0.062310156,79.999979
14.679986,-4176.8874,0.24745308,0.48600508,0.12237629,3.9173417,0.062930796,79.999979
14.689986,-4176.9209,0.24754329,0.51550008,0.098715926,4.6967467,0.050919641,79.999979
14.699986,-4178.4543,0.2472932,0.51795578,0.12014242,4.6184,0.062224631,79.999979
14.709986,-4178.4184,0.24698192,0.53082701,0.12116177,4.2437056,0.060033435,79.999979
14.719986,-4178.3826,0.24685529,0.53287588,0.10584698,5.0020456,0.057002291,79.999979
14.729986,-4179.6298,0.24831626,0.57766075,0.13713169,4.1403256,0.080435915,79.999979
14.739986,-4179.6845,0.2478153,0.51287084,0.11168747,4.4247025,0.057335947,79.999979
14.749986,-4181.6276,0.24715118,0.58514932,0.13945284,4.0459429,0.083784555,79.999979
14.759986,-4178.8,0.24697391,0.51883037,0.10256163,4.8906053,0.053221419,79.999979
14.769986,-4178.6472,0.24697391,0.51929565,0.10568579,4.8381441,0.056457755,79.999979
14.779986,-4178.6472,0.24674871,0.51432642,0.11540598,4.4055846,0.05956888,79.999979
14.789986,-4181.3584,0.24767871,0.53063062,0.12175891,4.4866833,0.064553428,79.999979
14.799986,-4183.3201,0.24757876,0.59621116,0.10066273,5.380164,0.059991951,79.999979
14.809986,-4183.3294,0.24701008,0.51372819,0.11010141,4.3269395,0.0573894,79.999979
14.819986,-4184.2401,0.2475172,0.48767826,0.10176197,4.6935209,0.051948218,79.999979
14.829986,-4184.1295,0.24746703,0.49556771,0.10403802,4.6719841,0.053007016,79.999979
14.839986,-4184.0189,0.24741686,0.50345716,0.10631407,4.6504474,0.054065814,79.999979
14.849986,-4183.9082,0.24736669,0.53859248,0.10856916,4.6289106,0.058538251,79.999979
14.859986,-4183.9362,0.24731653,0.60651371,0.11078011,4.7840188,0.067165683,79.999979
14.869986,-4184.9209,0.2470091,0.57744729,0.098206078,5.1823348,0.056307698,79.999979
14.879986,-4183.4289,0.2477507,0.52202974,0.11902496,4.339562,0.06178808,79.999979
14.889986,-4184.5326,0.24778305,0.49618903,0.12202638,4.2523345,0.059369511,79.999979
14.899986,-4185.6362,0.24794201,0.48634269,0.11876195,4.0750091,0.057490242,79.999979
14.909986,-4186.6343,0.24813461,0.53008699,0.10440349,4.8358551,0.054933001,79.999979
14.919986,-4186.1177,0.24810469,0.51219765,0.11075107,4.7398305,0.056720048,79.999979
14.929986,-4186.9904,0.2479439,0.52872047,0.11341107,4.5629231,0.059965257,79.999979
14.939986,-4188.073,0.24832826,0.49863658,0.12446932,4.7872617,0.061710457,79.999979
14.949986,-4187.1833,0.24810449,0.49080331,0.13094504,3.3710261,0.058952266,79.999979
14.959986,-4186.2477,0.24788071,0.51382486,0.11334703,4.3682726,0.057184768,79.999979
14.969986,-4185.216,0.24803531,0.54236129,0.11323587,5.088982,0.056520532,79.999979
14.979986,-4187.3599,0.2470563,0.54332754,0.11168932,4.6581861,0.060818239,79.999979
14.989986,-4187.1065,0.24694469,0.51865528,0.14243624,3.5782073,0.070576211,79.999979
14.999986,-4188.0336,0.24691759,0.52348748,0.12205912,4.2307008,0.06409376,79.999979
15.009986,-4188.3178,0.24645245,0.5726733,0.1082364,4.8390238,0.061766975,79.999979
15.019986,-4188.7127,0.24661825,0.54287109,0.11402224,4.8490653,0.058555693,79.999979
15.029986,-4188.8904,0.24678284,0.52209091,0.10692171,4.7160785,0.055469121,79.999979
15.039986,-4187.6503,0.24752254,0.5213918,0.10792692,5.4552241,0.059606113,79.999979
15.049986,-4189.5452,0.24797723,0.5509078,0.11317593,4.5787483,0.069320754,79.999979
15.059986,-4189.3637,0.24767759,0.55823792,0.11344652,4.6004389,0.066238437,79.999979
15.069986,-4187.4179,0.24818459,0.508304,0.10153799,5.0880818,0.051573967,79.999979
15.079986,-4187.4179,0.24769365,0.52447466,0.10753715,4.6572495,0.056273059,79.999979
15.089986,-4188.3777,0.24707703,0.56283704,0.11247256,4.7684041,0.063201552,79.999979
15.099986,-4189.8249,0.24770035,0.5059738,0.1288828,3.8531906,0.065209737,79.999979
15.109986,-4189.0661,0.24741767,0.53592722,0.11235264,4.5344053,0.060393287,79.999979
15.119986,-4190.8344,0.24816398,0.55010813,0.118057,4.5958332,0.071463881,79.999979
15.129986,-4190.9549,0.24727017,0.58158831,0.10567252,4.3819073,0.067522585,79.999979
15.139986,-4191.4114,0.24724278,0.57672101,0.1037724,4.9637121,0.063284882,79.999979
15.149986,-4191.5431,0.24721539,0.57185371,0.10187228,5.4557998,0.059047179,79.999979
15.159986,-4189.7957,0.24722394,0.51491945,0.11887714,4.1967662,0.059431557,79.999979
15.169986,-4191.9974,0.2474332,0.52198523,0.12691707,4.0233337,0.066064915,79.999979
15.179986,-4192.7654,0.24696577,0.52172754,0.10653209,5.0335011,0.055758516,79.999979
15.189986,-4191.8522,0.24704698,0.46344758,0.11553488,4.7233869,0.053568555,79.999979
15.199986,-4192.6142,0.24695066,0.49086523,0.10267193,4.5579689,0.053214301,79.999979
15.209985,-4193.3762,0.24685433,0.51828289,0.10160962,4.4514271,0.052860048,79.999979
15.219985,-4194.0009,0.24730525,0.59977993,0.097752083,5.8989909,0.05855458,79.999979
15.229985,-4190.8454,0.24644807,0.52662247,0.12770259,4.0376121,0.06819452,79.999979
15.239985,-4192.9629,0.24695303,0.51068754,0.11358863,4.5072704,0.059905174,79.999979
15.249985,-4192.789,0.24702311,0.50415552,0.11535289,4.3109897,0.058135507,79.999979
15.259985,-4191.7731,0.24704124,0.50436069,0.12447624,4.4022924,0.050725036,79.999979
15.269985,-4191.7731,0.24706244,0.49304709,0.10608924,4.2769038,0.049812232,79.999979
15.279985,-4191.8438,0.24706801,0.50812909,0.11702283,4.4120898,0.054753352,79.999979
15.289985,-4194.7054,0.24661247,0.51847754,0.10004337,5.2884819,0.051420758,79.999979
15.299985,-4193.8128,0.247565,0.51992564,0.090078176,5.3543844,0.048271195,79.999979
15.309985,-4195.2002,0.24616348,0.49385063,0.12555926,4.1322789,0.060594464,79.999979
15.319985,-4195.6045,0.24702148,0.51773204,0.10635204,4.9998564,0.055458219,79.999979
15.329985,-4196.2363,0.24684428,0.52029039,0.10317856,4.9178439,0.054197367,79.999979
15.339985,-4196.8879,0.24666709,0.52149766,0.10181838,5.0524481,0.053943729,79.999979
15.349985,-4194.9611,0.24691553,0.57264079,0.12381565,4.5207812,0.070906973,79.999979
15.359985,-4197.0571,0.24781637,0.5321874,0.11323178,4.5961803,0.059987514,79.999979
15.369985,-4197.1948,0.24727239,0.5516413,0.15441092,3.4829143,0.085346353,79.999979
15.379985,-4195.8767,0.24773903,0.58310648,0.11331826,4.6897199,0.066103408,79.999979
15.389985,-4195.5649,0.24760963,0.56816837,0.11436733,5.1710814,0.064923606,79.999979
15.399985,-4196.0963,0.24748024,0.50042858,0.11538416,4.9073127,0.056838037,79.999979
15.409985,-4198.0521,0.24665728,0.47816843,0.11089473,4.2280421,0.050127064,79.999979
15.419985,-4198.05,0.24689665,0.52210623,0.12823097,4.1173601,0.068185071,79.999979
15.429985,-4197.639,0.24712174,0.53576329,0.11728756,4.400867,0.062858241,79.999979
15.439985,-4198.4634,0.24708677,0.48739899,0.10895381,4.6653096,0.054202593,79.999979
15.449985,-4198.895,0.24700571,0.50083548,0.10054641,4.7606834,0.05245759,79.999979
15.459985,-4198.9454,0.24692465,0.51362773,0.10137887,4.9759813,0.055545972,79.999979
15.469985,-4196.2367,0.24644395,0.56891523,0.10564881,5.0244139,0.060055044,79.999979
15.479985,-4199.1216,0.24626322,0.53595584,0.10946076,4.8906205,0.061423123,79.999979
15.489985,-4199.8953,0.24653405,0.53894079,0.11923905,4.5919441,0.064641388,79.999979
15.499985,-4199.921,0.24635465,0.55831447,0.12441052,4.4733751,0.069682191,79.999979
15.509985,-4201.1914,0.2457389,0.52251175,0.11461732,4.460133,0.060034051,79.999979
15.519985,-4199.6399,0.24652172,0.51970906,0.1519141,3.4776987,0.076423806,79.999979
15.529985,-4198.7567,0.2462524,0.50600362,0.1502109,3.3416353,0.071961927,79.999979
15.539985,-4198.6579,0.24601624,0.48338039,0.13495681,3.5831691,0.061833823,79.999979
15.549985,-4200.5565,0.247192,0.51351493,0.12775153,3.9090234,0.066041514,79.999979
15.559985,-4200.6,0.24709546,0.50987627,0.10525461,4.2213808,0.053697307,79.999979
15.569985,-4200.101,0.24640806,0.51815888,0.12651784,4.050418,0.06555409,79.999979
15.579985,-4200.835,0.24631661,0.50761689,0.12871213,3.8830872,0.065497743,79.999979
15.589985,-4201.2108,0.24631661,0.52466778,0.13038641,3.9418185,0.066428249,79.999979
15.599985,-4202.2224,0.24631661,0.53039547,0.10120721,5.0879892,0.054259958,79.999979
15.609985,-4201.4239,0.24602687,0.51662233,0.099455167,4.7029881,0.054960585,79.999979
15.619985,-4201.9057,0.24666128,0.52065538,0.11262274,4.6179578,0.058633183,79.999979
15.629985,-4201.6921,0.24623651,0.5415711,0.097254489,5.1795463,0.053963281,79.999979
15.639985,-4202.4078,0.24666858,0.59695785,0.096772152,5.7003873,0.061033783,79.999979
15.649985,-4203.4434,0.24697861,0.60807097,0.11070947,5.4820386,0.069798045,79.999979
15.659985,-4200.6884,0.24789337,0.61783782,0.11340684,5.0832197,0.070077638,79.999979
15.669985,-4202.8077,0.24634698,0.5019953,0.11615524,4.1789529,0.061170138,79.999979
15.679985,-4204.3269,0.24724766,0.50838235,0.11657557,4.4491551,0.05925998,79.999979
15.689985,-4204.171,0.24528436,0.58166637,0.11227796,4.9719943,0.064072178,79.999979
15.699985,-4205.4569,0.24680883,0.58313468,0.11548545,4.8262974,0.066304804,79.999979
15.709985,-4205.998,0.24687574,0.56523167,0.12685431,4.2391093,0.07166884,79.999979
15.719985,-4204.6212,0.2464685,0.55279614,0.12221011,4.548407,0.065655685,79.999979
15.729985,-4203.2381,0.24674473,0.49901201,0.10742177,4.752555,0.053571124,79.999979
15.739985,-4205.5878,0.24650206,0.49998042,0.14710589,3.180335,0.074195556,79.999979
15.749985,-4206.7732,0.24634347,0.5879049,0.10837702,4.9845979,0.063583632,79.999979
15.759985,-4205.8739,0.24698626,0.53865577,0.12474681,4.1617249,0.068989255,79.999979
15.769985,-4206.127,0.24655699,0.48641927,0.11804128,3.5649412,0.062697673,79.999979
15.779985,-4206.5037,0.24625348,0.50853701,0.10790242,4.4186037,0.056761621,79.999979
15.789985,-4206.8803,0.24625348,0.50333019,0.11117592,4.5294177,0.05637426,79.999979
15.799985,-4207.4846,0.24686081,0.513604,0.12627714,3.9276912,0.064238634,79.999979
15.809985,-4207.1468,0.24658825,0.6126749,0.11681156,4.6392007,0.071896293,79.999979
15.819985,-4208.4912,0.24640025,0.51009072,0.10687151,4.5921456,0.053480969,79.999979
15.829985,-4206.085,0.24723169,0.53315412,0.11233899,4.6629712,0.059903601,79.999979
15.839985,-4205.4474,0.246935,0.5363174,0.10530258,4.9558608,0.058216047,79.999979
15.849985,-4204.8099,0.24663831,0.5690812,0.10135704,5.1949509,0.063738501,79.999979
15.859985,-4206.926,0.24727854,0.59129457,0.11055683,5.3504587,0.065323462,79.999979
15.869985,-4208.5611,0.24699543,0.58539238,0.11668559,4.649205,0.062974713,79.999979
15.879985,-4207.8078,0.24772322,0.51596991,0.13539366,4.2535084,0.069805745,79.999979
15.889985,-4209.0213,0.24680915,0.50385332,0.1243941,4.21021,0.063205788,79.999979
15.899985,-4210.1481,0.24641255,0.50824583,0.12315035,3.9810791,0.06355036,79.999979
15.909985,-4209.1947,0.24601595,0.55783845,0.12247993,3.9902449,0.075690111,79.999979
15.919985,-4207.1958,0.24531198,0.53403841,0.13321971,3.6249272,0.069407429,79.999979
15.929985,-4208.6878,0.2468553,0.48320198,0.11893921,3.9497649,0.057476076,79.999979
15.939985,-4208.6885,0.2464615,0.53550062,0.1102635,5.1609891,0.058876219,79.999979
15.949985,-4207.2158,0.24682625,0.53416332,0.12032873,4.3453108,0.064269517,79.999979
15.959985,-4208.5612,0.2464368,0.51347257,0.11912289,4.0082411,0.061166164,79.999979
15.969985,-4208.3278,0.2462103,0.57506961,0.12924449,4.2036257,0.075446335,79.999979
15.979985,-4208.0944,0.2459838,0.52613577,0.1396875,4.1020402,0.065748384,79.999979
15.989985,-4207.6834,0.24656143,0.56373245,0.15019052,3.3131326,0.077023119,79.999979
15.999985,-4207.7917,0.24636739,0.51853665,0.12663175,4.0027748,0.06573583,79.999979
16.009985,-4209.5076,0.24546447,0.52654673,0.095351518,5.291934,0.052389357,79.999979
16.019985,-4207.1328,0.24627681,0.50960006,0.11406909,4.3576691,0.058134937,79.999979
16.029985,-4207.1328,0.24639365,0.5197567,0.11474596,4.405699,0.059645823,79.999979
16.039985,-4207.1328,0.24655952,0.5864306,0.1020159,4.453729,0.058322014,79.999979
16.049985,-4209.7709,0.24593491,0.47861132,0.12712797,4.8428678,0.061749029,79.999979
16.059985,-4211.0662,0.24781728,0.4952009,0.11249256,4.2703893,0.059960604,79.999979
16.069985,-4210.6402,0.24649429,0.53716666,0.10148535,5.2455556,0.054700054,79.999979
16.079985,-4211.2385,0.24610966,0.50777187,0.10918005,4.4390261,0.055465449,79.999979
16.089985,-4208.993,0.24577959,0.49977488,0.12480247,3.8044887,0.059993143,79.999979
16.099985,-4209.3918,0.24573028,0.52194904,0.12644028,4.0045595,0.062245202,79.999979
16.109985,-4209.8974,0.24567814,0.52125147,0.1365202,3.8172501,0.062333469,79.999979
16.119985,-4210.403,0.245626,0.5205539,0.14660013,3.6299406,0.062421735,79.999979
16.129985,-4210.9086,0.24557385,0.51985634,0.12979499,3.4426311,0.062510001,79.999979
16.139985,-4211.4142,0.2462001,0.52768874,0.13036787,4.2178869,0.069003389,79.999979
16.149985,-4212.7656,0.24646381,0.53913323,0.13441914,4.1807068,0.076431241,79.999979
16.159985,-4211.947,0.24555437,0.48774532,0.10727496,6.063037,0.05369035,79.999979
16.169985,-4210.7687,0.2457913,0.49116515,0.1198283,4.6451726,0.057333244,79.999979
16.179985,-4209.8382,0.24602823,0.5072825,0.11109126,4.012608,0.056080649,79.999979
16.189985,-4211.2069,0.24651831,0.50912452,0.10087931,4.6035993,0.053798034,79.999979
16.199985,-4212.925,0.24631807,0.512753,0.11710766,4.8350513,0.061133468,79.999979
16.209985,-4212.86,0.24657034,0.53406622,0.10590485,5.0199639,0.056826148,79.999979
16.219985,-4214.0993,0.24677031,0.50988858,0.13034246,4.1786718,0.069398032,79.999979
16.229985,-4214.6278,0.24693132,0.53815938,0.15958842,3.5127213,0.08322447,79.999979
16.239985,-4215.1563,0.24704278,0.58587452,0.14706456,3.398109,0.085506956,79.999979
16.249985,-4212.6993,0.24630187,0.51976361,0.11666366,4.8776598,0.06787518,79.999979
16.259984,-4213.0179,0.2461909,0.4968742,0.10913616,4.5456194,0.054068821,79.999979
16.269984,-4214.7797,0.24554812,0.51820623,0.13009649,4.0016426,0.070133319,79.999979
16.279984,-4212.48,0.2466281,0.50250899,0.10825772,4.1436488,0.054402085,79.999979
16.289984,-4214.1376,0.24668541,0.50588114,0.11052244,4.512692,0.055917206,79.999979
16.299984,-4214.3909,0.24674272,0.50550512,0.11278715,4.4125277,0.055759515,79.999979
16.309984,-4214.6057,0.24675539,0.553259,0.11547355,4.2397905,0.062235768,79.999979
16.319984,-4216.277,0.24572168,0.52811102,0.10182512,5.1005831,0.053863502,79.999979
16.329984,-4214.6343,0.24648084,0.58282274,0.095228471,5.0100116,0.080450557,79.999979
16.339984,-4215.9302,0.24665211,0.53577507,0.10294034,5.4229894,0.066838518,79.999979
16.349984,-4216.3402,0.24682338,0.49285111,0.11096884,4.3879779,0.05512921,79.999979
16.359984,-4217.5669,0.24648968,0.58889177,0.12191773,4.2233203,0.0715952,79.999979
16.369984,-4216.1452,0.24640285,0.52340279,0.098910009,5.2095768,0.052054887,79.999979
16.379984,-4216.6194,0.24626031,0.51284859,0.11316559,4.5513561,0.057863685,79.999979
16.389984,-4217.1958,0.24580235,0.49624546,0.11091198,4.6353863,0.05499735,79.999979
16.399984,-4214.4792,0.24524444,0.55177671,0.12134622,4.2168601,0.067113336,79.999979
16.409984,-4216.0198,0.24529677,0.49840657,0.12481479,3.7552203,0.074088933,79.999979
16.419984,-4215.822,0.2455017,0.48629356,0.13175452,4.4783296,0.074208387,79.999979
16.429984,-4215.6241,0.24569625,0.49614197,0.14047757,3.2362455,0.067726963,79.999979
16.439984,-4216.04,0.24744866,0.50885953,0.11016171,4.8436144,0.056090185,79.999979
16.449984,-4215.2657,0.24598651,0.47716698,0.12054724,3.9117794,0.055745473,79.999979
16.459984,-4216.7713,0.2457897,0.52243211,0.10815389,4.8148037,0.056230119,79.999979
16.469984,-4214.3662,0.24575635,0.51748316,0.12324105,4.0761436,0.063751225,79.999979
16.479984,-4213.3243,0.24541898,0.55729193,0.11006437,4.6693712,0.061553059,79.999979
16.489984,-4213.3894,0.2451689,0.61360553,0.10081571,5.3743868,0.062312244,79.999979
16.499984,-4215.6764,0.24588255,0.497487,0.13575248,3.2840136,0.06392573,79.999979
16.509984,-4216.3677,0.24698893,0.5439775,0.1414961,3.9651285,0.073614879,79.999979
16.519984,-4213.317,0.24610067,0.52331188,0.11811184,4.6202434,0.072883024,79.999979
16.529984,-4215.228,0.24614958,0.52384415,0.11943257,4.2877584,0.065861307,79.999979
16.539984,-4215.9635,0.24613793,0.52305178,0.12253907,4.1848542,0.063552413,79.999979
16.549984,-4216.6985,0.24593244,0.51716198,0.12517924,4.0887472,0.063125491,79.999979
16.559984,-4217.1449,0.24601512,0.51854896,0.11441627,3.6912689,0.0591051,79.999979
16.569984,-4217.1361,0.24631298,0.50475413,0.11644785,4.5023434,0.059057219,79.999979
16.579984,-4218.6614,0.24597557,0.57235596,0.11658437,4.7773324,0.065281926,79.999979
16.589984,-4215.805,0.24574282,0.49987399,0.13521416,3.624106,0.067544222,79.999979
16.599984,-4215.805,0.24618103,0.52576915,0.10704874,4.8305028,0.058100495,79.999979
16.609984,-4215.805,0.24618103,0.5059615,0.11523251,4.3168985,0.058720112,79.999979
16.619984,-4217.9816,0.24660358,0.54696246,0.10375248,5.1459607,0.058236715,79.999979
16.629984,-4219.8917,0.24611993,0.49827784,0.11759031,4.2215083,0.058589022,79.999979
16.639984,-4217.4029,0.2458468,0.54915597,0.11873044,4.5303113,0.064821386,79.999979
16.649984,-4221.241,0.24658487,0.49805585,0.14844405,3.3279105,0.064313479,79.999979
16.659984,-4221.3061,0.24694234,0.54654204,0.1179892,4.2883361,0.067000948,79.999979
16.669984,-4222.0674,0.24694234,0.59293108,0.11714342,4.881689,0.070050397,79.999979
16.679984,-4222.8286,0.24690418,0.54429224,0.14443382,3.9481104,0.078579025,79.999979
16.689984,-4220.5029,0.24540668,0.48196262,0.17058758,3.4355039,0.082203039,79.999979
16.699984,-4221.5084,0.24548297,0.52737073,0.1078622,4.9464722,0.058268335,79.999979
16.709984,-4220.7053,0.24621324,0.51582598,0.10773874,4.7499859,0.055557331,79.999979
16.719984,-4219.3185,0.24627681,0.47783426,0.11751987,3.8804946,0.070446237,79.999979
16.729984,-4219.3185,0.24627681,0.49136705,0.1225315,3.8898681,0.066366232,79.999979
16.739984,-4219.3185,0.24620837,0.50891817,0.11489701,4.2559746,0.058359155,79.999979
16.749984,-4221.3533,0.24576304,0.49829679,0.15762515,3.5239172,0.069414024,79.999979
16.759984,-4222.6424,0.24644219,0.52729105,0.11480927,4.3631019,0.060563958,79.999979
16.769984,-4222.1157,0.24654987,0.52022025,0.11287344,4.5124933,0.058732498,79.999979
16.779984,-4222.1973,0.24687182,0.53462506,0.10082662,5.3471764,0.053898968,79.999979
16.789984,-4222.1346,0.24681079,0.51017389,0.10147569,5.1364531,0.051479324,79.999979
16.799984,-4222.5148,0.24674977,0.51758448,0.097794064,5.0815201,0.054678195,79.999979
16.809984,-4220.8326,0.24624169,0.53123591,0.13100497,4.0012911,0.069519086,79.999979
16.819984,-4222.16,0.24652904,0.5609596,0.10976967,4.7653888,0.058712884,79.999979
16.829984,-4222.5086,0.24642681,0.52590398,0.12845043,3.9754613,0.063465197,79.999979
16.839984,-4220.2604,0.24616107,0.48702456,0.085772814,5.729581,0.049500884,79.999979
16.849984,-4220.6007,0.24569414,0.51457988,0.11301956,5.0699086,0.053328137,79.999979
16.859984,-4220.9805,0.2455047,0.50963145,0.10630954,4.5089825,0.053828943,79.999979
16.869984,-4222.3906,0.24606714,0.53413446,0.10536864,4.6587251,0.05626875,79.999979
16.879984,-4223.2988,0.24684953,0.52421543,0.1146868,4.6376171,0.059165973,79.999979
16.889984,-4222.836,0.24641944,0.49967325,0.10607316,4.6821329,0.053014062,79.999979
16.899984,-4223.1456,0.24471603,0.54315297,0.10735677,4.8326048,0.059139609,79.999979
16.909984,-4223.2368,0.24499541,0.51354497,0.097408975,5.5842791,0.057025044,79.999979
16.919984,-4223.328,0.24527479,0.48393697,0.11142708,4.7246633,0.054910479,79.999979
16.929984,-4220.6785,0.24576876,0.51618028,0.093465121,4.8002018,0.053621612,79.999979
16.939984,-4223.3185,0.24536414,0.55021527,0.12731612,4.3511273,0.068712866,79.999979
16.949984,-4224.5415,0.24667291,0.50299668,0.13643879,4.1949013,0.075628996,79.999979
16.959984,-4223.465,0.24497405,0.51991055,0.13805127,4.2916964,0.072251076,79.999979
16.969984,-4224.2695,0.2450459,0.5471558,0.11225388,4.8021996,0.061397836,79.999979
16.979984,-4224.165,0.24511775,0.53729007,0.11310762,4.688504,0.060739774,79.999979
16.989984,-4224.0606,0.2451896,0.52742433,0.11396135,4.5748083,0.060081712,79.999979
16.999984,-4223.9561,0.24521572,0.51772924,0.11481509,4.4611127,0.05948195,79.999979
17.009984,-4223.8766,0.24521572,0.55826501,0.13141244,4.1625163,0.076044239,79.999979
17.019984,-4225.1533,0.24555867,0.50384189,0.117215,4.159366,0.056245043,79.999979
17.029984,-4224.4903,0.24652949,0.51974359,0.10525076,4.7153843,0.064198751,79.999979
17.039984,-4223.2762,0.24702445,0.50728885,0.10698925,4.6969355,0.058049181,79.999979
17.049984,-4222.2695,0.24678783,0.54428438,0.10949741,4.7706131,0.059571247,79.999979
17.059984,-4224.5512,0.24551386,0.55872468,0.10113099,5.1674839,0.066337962,79.999979
17.069984,-4226.1071,0.24585213,0.49428139,0.11253313,4.3897271,0.055179469,79.999979
17.079984,-4224.761,0.2456009,0.52397188,0.11336764,4.8915431,0.059438227,79.999979
17.089984,-4226.2324,0.24551496,0.50565445,0.11489466,3.8795982,0.057944159,79.999979
17.099984,-4226.5017,0.24552448,0.51828603,0.11057882,4.3750275,0.058051358,79.999979
17.109984,-4226.771,0.24553128,0.54448816,0.11454079,4.5177595,0.062687222,79.999979
17.119984,-4227.2244,0.24583442,0.58947315,0.11759261,4.2001503,0.070366415,79.999979
17.129984,-4225.9738,0.2462556,0.56260931,0.11344277,4.9553526,0.060563209,79.999979
17.139984,-4227.0782,0.24571212,0.50649488,0.1166272,5.1154308,0.059240788,79.999979
17.149984,-4224.0453,0.2460232,0.5233264,0.12603672,4.5510435,0.058856334,79.999979
17.159984,-4224.0453,0.24593114,0.5367063,0.12270841,4.1780255,0.062125175,79.999979
17.169984,-4224.0453,0.24572166,0.55008621,0.11938011,4.4784044,0.065394015,79.999979
17.179984,-4226.1798,0.2458034,0.52780714,0.12655426,4.1136367,0.067035371,79.999979
17.189984,-4228.4809,0.24543482,0.51979474,0.097421551,5.2291649,0.051126086,79.999979
17.199984,-4225.035,0.24614143,0.50327249,0.12087773,4.0732932,0.069117431,79.999979
17.209984,-4225.4447,0.24603526,0.49407029,0.12179721,3.9665835,0.06573668,79.999979
17.219984,-4225.8544,0.24592909,0.48486809,0.12271668,3.8598739,0.062355929,79.999979
17.229984,-4226.2641,0.24582292,0.4756659,0.12363616,3.7531643,0.058975178,79.999979
17.239984,-4227.1794,0.24501663,0.50096174,0.11679151,4.0650703,0.058504321,79.999979
17.249984,-4228.6511,0.24590651,0.50786983,0.1162764,4.3135469,0.057663994,79.999979
17.259984,-4226.1265,0.24639895,0.51368894,0.10068361,4.2767317,0.051727299,79.999979
17.269984,-4227.2661,0.24561017,0.49827563,0.11765861,4.8131956,0.059102129,79.999979
17.279984,-4228.3593,0.24533642,0.5057222,0.11527127,4.2727405,0.059119586,79.999979
17.289984,-4227.7415,0.24493937,0.52360688,0.11431516,4.4642331,0.060101262,79.999979
17.299984,-4227.1238,0.24493937,0.53104009,0.11465087,4.533236,0.060892048,79.999979
17.309983,-4226.4689,0.24675035,0.50661846,0.14192379,3.742335,0.07480518,79.999979
17.319983,-4228.1488,0.24599516,0.51377876,0.12900235,4.7351903,0.066092375,79.999979
17.329983,-4227.2924,0.24637197,0.55866502,0.10338889,5.258331,0.05947465,79.999979
17.339983,-4229.8991,0.24609682,0.54974488,0.12729732,4.2028255,0.070541671,79.999979
17.349983,-4229.8991,0.24609682,0.53921289,0.11267357,4.5968545,0.061792409,79.999979
17.359983,-4229.8991,0.24629465,0.56282134,0.11221419,4.7746761,0.063104009,79.999979
17.369983,-4231.2295,0.24588069,0.4880367,0.10643102,4.3495321,0.051237562,79.999979
17.379983,-4228.3113,0.24600498,0.5042816,0.13917115,3.5121817,0.070207664,79.999979
17.389983,-4230.9213,0.24511687,0.62106625,0.11627515,4.0444384,0.072208699,79.999979
17.399983,-4230.8525,0.24592337,0.5260507,0.11010729,4.3910959,0.057615526,79.999979
17.409983,-4229.655,0.24640468,0.59347161,0.11499016,4.6920459,0.0671009,79.999979
17.419983,-4228.5107,0.24633955,0.5563036,0.11886975,4.9574047,0.062718096,79.999979
17.429983,-4229.9148,0.2456758,0.56244718,0.099433255,5.6859409,0.061432662,79.999979
17.439983,-4230.5415,0.24600798,0.49569065,0.12495295,3.8013477,0.068335635,79.999979
17.449983,-4227.8308,0.24602791,0.52888344,0.11047671,4.7708873,0.061585993,79.999979
17.459983,-4229.4218,0.24517899,0.48630815,0.1184844,4.4964465,0.057551215,79.999979
17.469983,-4229.8904,0.2453686,0.49314669,0.11961027,3.9574464,0.05841677,79.999979
17.479983,-4230.359,0.24554961,0.49998523,0.11882232,4.0549948,0.059282325,79.999979
17.489983,-4231.2011,0.24569822,0.51199007,0.10418559,5.1899405,0.055608094,79.999979
17.499983,-4228.2992,0.24538943,0.5431966,0.13009461,4.2201341,0.069293908,79.999979
17.509983,-4230.7449,0.24655492,0.51512635,0.15656164,3.4725443,0.084410031,79.999979
17.519983,-4228.6159,0.24596116,0.51185323,0.099724018,4.646368,0.054959397,79.999979
17.529983,-4228.5608,0.24566517,0.52020317,0.11035637,4.4985791,0.055876419,79.999979
17.539983,-4229.2977,0.2455803,0.55180813,0.10778143,4.8116308,0.058747232,79.999979
17.549983,-4230.0346,0.2455803,0.5468587,0.1068011,5.095393,0.058356025,79.999979
17.559983,-4229.9517,0.24560832,0.52271341,0.12384254,4.1683966,0.064733401,79.999979
17.569983,-4229.642,0.24532505,0.50654184,0.11455028,4.3795996,0.057992663,79.999979
17.579983,-4230.6448,0.24501036,0.53223114,0.11982233,4.3560005,0.06385987,79.999979
17.589983,-4231.0752,0.24507615,0.5764717,0.12526833,4.5593565,0.072338413,79.999979
17.599983,-4231.8025,0.24484325,0.55759414,0.14176901,4.0745917,0.076378724,79.999979
17.609983,-4232.6721,0.24463665,0.50591112,0.13893736,3.890412,0.070730169,79.999979
17.619983,-4231.9357,0.24578321,0.56660433,0.11796937,4.7816834,0.066824231,79.999979
17.629983,-4232.143,0.24490781,0.53392806,0.14841543,3.7033119,0.079087707,79.999979
17.639983,-4233.5289,0.24528096,0.53599264,0.1339552,3.9787612,0.069243739,79.999979
17.649983,-4230.8292,0.24549858,0.49967202,0.11584911,4.2710381,0.057979961,79.999979
17.659983,-4230.8292,0.24555873,0.5150313,0.13449725,3.7959016,0.067421058,79.999979
17.669983,-4230.8715,0.24555873,0.52012621,0.14222088,3.4553737,0.073815603,79.999979
17.679983,-4233.7836,0.24514289,0.50022743,0.10899121,4.7164074,0.056678806,79.999979
17.689983,-4234.5365,0.2452765,0.51173474,0.11107544,4.4788256,0.058653757,79.999979
17.699983,-4233.6079,0.24499245,0.5006404,0.15376049,3.2493396,0.076269211,79.999979
17.709983,-4234.2242,0.24526097,0.53862811,0.14202827,3.5669123,0.076335059,79.999979
17.719983,-4234.4933,0.24551962,0.59375496,0.12757244,4.231295,0.079781548,79.999979
17.729983,-4235.2163,0.24577828,0.55598737,0.1254038,4.8956777,0.081075317,79.999979
17.739983,-4235.7686,0.24574143,0.52549498,0.12614868,3.6459496,0.068187099,79.999979
17.749983,-4232.4182,0.24613603,0.50388344,0.16034615,3.0642349,0.077485775,79.999979
17.759983,-4235.6173,0.24557745,0.56784954,0.13870334,3.4003963,0.078620011,79.999979
17.769983,-4232.579,0.24473679,0.48610976,0.1035099,4.8301837,0.050882356,79.999979
17.779983,-4232.6968,0.24493515,0.49227252,0.10893276,4.2240674,0.051009039,79.999979
17.789983,-4232.8164,0.2453514,0.50029915,0.103753,4.6488811,0.051289918,79.999979
17.799983,-4234.0851,0.24576764,0.53586432,0.13164054,3.8550797,0.070451931,79.999979
17.809983,-4235.0659,0.24663089,0.53877377,0.13232331,3.9783155,0.071289511,79.999979
17.819983,-4233.179,0.24536532,0.52887141,0.13789281,3.6408306,0.072520778,79.999979
17.829983,-4235.4515,0.24586237,0.50710279,0.11854065,4.1827089,0.060070862,79.999979
17.839983,-4236.9263,0.24565484,0.49941412,0.10402446,4.6820043,0.054786922,79.999979
17.849983,-4236.9702,0.24560972,0.51849374,0.10183259,4.9681556,0.054394679,79.999979
17.859983,-4237.0141,0.2455646,0.53757335,0.099640715,5.2543069,0.054002436,79.999979
17.869983,-4237.058,0.24551948,0.53038054,0.10068238,5.2960645,0.053553902,79.999979
17.879983,-4237.102,0.24548657,0.50535541,0.10565057,4.9358569,0.0533738,79.999979
17.889983,-4233.5282,0.24622544,0.48644412,0.11352169,4.2043289,0.055543476,79.999979
17.899983,-4235.0983,0.2455309,0.51298706,0.11014245,4.2702163,0.059865493,79.999979
17.909983,-4235.7625,0.24543654,0.51308268,0.10386872,4.74417,0.054718278,79.999979
17.919983,-4235.4659,0.24534218,0.49864087,0.10564504,4.7591392,0.052571269,79.999979
17.929983,-4237.7456,0.24538228,0.4855063,0.12970808,3.9592846,0.063840681,79.999979
17.939983,-4235.0142,0.24594187,0.48846592,0.12686543,3.9441612,0.061972301,79.999979
17.949983,-4236.9603,0.24614594,0.5119673,0.12173755,4.209571,0.062773909,79.999979
17.959983,-4239.0641,0.245856,0.60659525,0.12013563,5.0686585,0.069330007,79.999979
17.969983,-4238.0431,0.24575325,0.5657469,0.096134327,5.659356,0.053597587,79.999979
17.979983,-4237.0221,0.24499799,0.52489854,0.072133019,7.181268,0.037865166,79.999979
17.989983,-4236.8847,0.24529419,0.4929893,0.10608695,4.2517499,0.052306227,79.999979
17.999983,-4238.6363,0.24633434,0.48605498,0.12447131,4.0314825,0.061213124,79.999979
18.009983,-4237.9004,0.24554642,0.56670695,0.15681321,4.0111509,0.088902614,79.999979
18.019983,-4239.029,0.24531686,0.55482422,0.11771418,4.4175163,0.065138132,79.999979
18.029983,-4239.2792,0.24544461,0.52337796,0.12410847,4.2931772,0.06284971,79.999979
18.039983,-4239.5294,0.24557237,0.4919317,0.12426676,3.9322624,0.060561289,79.999979
18.049983,-4239.7796,0.24548501,0.52503091,0.10967256,4.6496191,0.057514773,79.999979
18.059983,-4239.1075,0.24584076,0.51468939,0.14718072,3.3058188,0.075836068,79.999979
18.069983,-4239.2885,0.24588998,0.55397526,0.10945928,4.3293386,0.060855954,79.999979
18.079983,-4241.3187,0.24583089,0.51240781,0.11397249,4.6310375,0.058423643,79.999979
18.089983,-4239.2078,0.24581215,0.5482939,0.11308988,4.653677,0.061996781,79.999979
18.099983,-4238.5808,0.24574162,0.53543311,0.10864463,4.9151068,0.059212067,79.999979
18.109983,-4237.9721,0.24569313,0.52957536,0.11156455,4.7384709,0.055457125,79.999979
18.119983,-4239.817,0.24527529,0.52423034,0.12823446,4.8258922,0.067637507,79.999979
18.129983,-4242.8402,0.24559946,0.52336555,0.11292898,4.5258222,0.057928871,79.999979
18.139983,-4239.0539,0.24607616,0.53967107,0.11657963,4.6396653,0.062940621,79.999979
18.149983,-4240.9219,0.24510438,0.49772431,0.13278269,4.4377446,0.066892466,79.999979
18.159983,-4240.9406,0.2448775,0.49590894,0.13093877,3.7408307,0.063938981,79.999979
18.169983,-4240.9594,0.2447138,0.50774582,0.10887842,3.9888662,0.057786037,79.999979
18.179983,-4242.3976,0.24456868,0.5090639,0.11313283,4.2096596,0.058343632,79.999979
18.189983,-4239.6586,0.24582341,0.49453915,0.10897592,4.4757172,0.053888776,79.999979
18.199983,-4240.6917,0.24492889,0.53333186,0.11568211,4.4085033,0.061697043,79.999979
18.209983,-4241.0985,0.24456843,0.570284,0.12200978,4.3248836,0.075063359,79.999979
18.219983,-4241.0985,0.24470058,0.57729598,0.12948601,4.5672602,0.081597531,79.999979
18.229983,-4241.0985,0.24481076,0.56926023,0.14999313,4.0180908,0.084509132,79.999979
18.239983,-4239.2855,0.24614651,0.50642117,0.10441574,4.857534,0.055349147,79.999979
18.249983,-4243.1317,0.24608633,0.51788525,0.13085146,3.770729,0.064904524,79.999979
18.259983,-4241.6519,0.24543685,0.50470096,0.10027534,5.1064362,0.055142959,79.999979
18.269983,-4243.939,0.24559608,0.56883219,0.11813687,4.7567533,0.067141662,79.999979
18.279983,-4243.939,0.24559608,0.53638897,0.12104199,4.3765475,0.064744037,79.999979
18.289983,-4243.939,0.24532178,0.50394576,0.12394712,3.9963417,0.062346413,79.999979
18.299983,-4243.939,0.24503562,0.49858898,0.13072049,3.7048198,0.065302103,79.999979
18.309983,-4245.0447,0.24533749,0.50825772,0.1136688,4.9172958,0.059159546,79.999979
18.319983,-4242.5933,0.24520867,0.50498578,0.12264436,3.8244295,0.061958119,79.999979
18.329983,-4244.5072,0.24593061,0.53368088,0.18471316,3.1426939,0.094066395,79.999979
18.339983,-4244.9589,0.2458835,0.52109888,0.13326217,3.4136154,0.082346434,79.999979
18.349983,-4245.4106,0.24577339,0.52053517,0.12442594,3.6845369,0.068802158,79.999979
18.359982,-4245.6656,0.24566329,0.53546064,0.11651507,4.2231103,0.062385637,79.999979
18.369982,-4242.434,0.24409708,0.52385011,0.11788505,4.2520816,0.061512018,79.999979
18.379982,-4244.2484,0.24455927,0.5331721,0.13829408,3.8553368,0.075383834,79.999979
18.389982,-4243.1768,0.24473432,0.54717849,0.11988549,4.7130345,0.065162512,79.999979
18.399982,-4242.9083,0.24479001,0.49454397,0.12125335,3.8099268,0.059947055,79.999979
18.409982,-4242.6398,0.24511927,0.50793256,0.11800218,4.0168674,0.060897459,79.999979
18.419982,-4242.4866,0.24544852,0.51103817,0.11957912,4.1831308,0.061717501,79.999979
18.429982,-4244.1925,0.24544498,0.51393357,0.13129618,3.8100767,0.066373731,79.999979
18.439982,-4243.1614,0.24588302,0.50867343,0.11643101,4.2272199,0.059225465,79.999979
18.449982,-4244.7463,0.24484433,0.527715,0.12305305,3.7247994,0.064894739,79.999979
18.459982,-4245.3348,0.24470528,0.51544559,0.11098944,4.5414713,0.057001166,79.999979
18.469982,-4245.7241,0.24472076,0.52338929,0.11742158,4.5501613,0.062516675,79.999979
18.479982,-4246.1135,0.24472076,0.5456761,0.13865961,4.5588513,0.075843589,79.999979
18.489982,-4246.7124,0.24545988,0.55244633,0.12132051,4.6252464,0.067970501,79.999979
18.499982,-4246.5405,0.24561652,0.55143955,0.11584642,4.8025133,0.06258988,79.999979
18.509982,-4247.5346,0.24470522,0.50399513,0.105765,4.5461098,0.053306336,79.999979
18.519982,-4246.8591,0.24563269,0.54772414,0.12250504,4.3306533,0.067275083,79.999979
18.529982,-4245.4822,0.24513139,0.57534573,0.13466654,4.0765351,0.074875802,79.999979
18.539982,-4244.752,0.24463008,0.56354807,0.14682805,3.822417,0.067519564,79.999979
18.549982,-4244.1038,0.24453676,0.50668698,0.1185143,4.5160642,0.059970235,79.999979
18.559982,-4245.5728,0.24568674,0.52236412,0.13479519,4.0370915,0.070506123,79.999979
18.569982,-4246.1552,0.24478727,0.54975884,0.10180702,5.4406276,0.059180951,79.999979
18.579982,-4245.8623,0.24487097,0.53789525,0.12647918,4.0574746,0.067888377,79.999979
18.589982,-4246.2975,0.24493962,0.5604779,0.11452343,4.829986,0.064611521,79.999979
18.599982,-4246.7326,0.24500827,0.52062289,0.10694017,4.7933609,0.055872558,79.999979
18.609982,-4246.87,0.24507318,0.48993219,0.11091296,4.3178755,0.054342274,79.999979
18.619982,-4247.5778,0.24549912,0.5224566,0.13618997,4.1421159,0.071162727,79.999979
18.629982,-4247.1144,0.24495286,0.52259421,0.10375805,4.897793,0.060153085,79.999979
18.639982,-4249.7154,0.24597412,0.48986559,0.1143725,4.4081204,0.05602234,79.999979
18.649982,-4249.1733,0.24597938,0.48253238,0.11294664,4.1973124,0.054501371,79.999979
18.659982,-4249.1661,0.24597938,0.49227409,0.11139459,4.2389094,0.054366794,79.999979
18.669982,-4249.1661,0.24587984,0.50926469,0.10714564,4.4304503,0.055176233,79.999979
18.679982,-4247.6201,0.24534581,0.53963685,0.11263402,4.6067174,0.060847505,79.999979
18.689982,-4249.9455,0.24478801,0.47115481,0.11867172,3.911839,0.055852299,79.999979
18.699982,-4248.7069,0.24414416,0.57831433,0.1204712,4.3883415,0.069020379,79.999979
18.709982,-4247.4129,0.24569116,0.52380264,0.094883048,4.9337401,0.049908225,79.999979
18.719982,-4247.437,0.24588932,0.52446379,0.09996174,5.3158774,0.052625276,79.999979
18.729982,-4248.1825,0.24608748,0.51243237,0.11038625,5.0892578,0.056780322,79.999979
18.739982,-4248.3135,0.24581568,0.54205593,0.1290642,4.3685721,0.069578614,79.999979
18.749982,-4245.8394,0.24492535,0.56045802,0.11519997,5.1431849,0.064437156,79.999979
18.759982,-4248.7017,0.24470776,0.50942276,0.11039351,4.8321767,0.056101737,79.999979
18.769982,-4250.3817,0.24457244,0.52582897,0.11894101,4.7815886,0.06254807,79.999979
18.779982,-4247.8365,0.24513884,0.58954486,0.10478669,5.5405838,0.061765062,79.999979
18.789982,-4248.2332,0.24535918,0.570643,0.10626343,5.3042031,0.060531717,79.999979
18.799982,-4248.6298,0.24557952,0.55174113,0.10774017,5.0678225,0.059298371,79.999979
18.809982,-4249.0265,0.24579986,0.53283927,0.10921692,4.8314418,0.058065025,79.999979
18.819982,-4249.4231,0.24579947,0.51393741,0.11069366,4.5950612,0.05683168,79.999979
18.829982,-4249.8198,0.24577702,0.50915378,0.10982995,4.4621258,0.055285955,79.999979
18.839982,-4249.8095,0.24575456,0.51891134,0.10296639,4.6764362,0.053418491,79.999979
18.849982,-4249.6317,0.24573211,0.49673088,0.10616283,4.8907466,0.053047669,79.999979
18.859982,-4249.4538,0.2457194,0.50880991,0.11150024,4.3985065,0.054685901,79.999979
18.869982,-4251.2097,0.24550235,0.5288462,0.12949915,3.8363299,0.066777245,79.999979
18.879982,-4249.1219,0.24525302,0.48152959,0.11267198,4.2453962,0.05434157,79.999979
18.889982,-4253.0062,0.24556244,0.52736729,0.11671483,4.1872107,0.06147395,79.999979
18.899982,-4251.0076,0.24490715,0.52636223,0.1065482,4.9150704,0.056083762,79.999979
18.909982,-4250.6981,0.24490462,0.54079835,0.10052981,5.3442873,0.054583213,79.999979
18.919982,-4251.5717,0.24509111,0.54942908,0.10122983,5.2634722,0.054743933,79.999979
18.929982,-4251.9704,0.24530075,0.59880112,0.098965081,5.6005988,0.058383091,79.999979
18.939982,-4252.4124,0.24508779,0.52640827,0.1070797,4.8792859,0.0603454,79.999979
18.949982,-4249.8193,0.24563682,0.56675068,0.10927767,5.8329103,0.06149965,79.999979
18.959982,-4251.2403,0.2454842,0.51816992,0.10470776,4.9164018,0.056274467,79.999979
18.969982,-4252.0008,0.24508693,0.56915708,0.12377011,4.7537753,0.070690217,79.999979
18.979982,-4252.4044,0.24466973,0.52087703,0.12244324,4.4459991,0.064525069,79.999979
18.989982,-4252.3969,0.24436686,0.52395413,0.12567978,4.0961962,0.065674661,79.999979
18.999982,-4250.4296,0.24404945,0.51807032,0.12857081,3.8853536,0.066175275,79.999979
19.009982,-4251.9212,0.24515251,0.50353686,0.12056913,4.0741773,0.060772205,79.999979
19.019982,-4252.9468,0.24478631,0.57858581,0.12893285,3.9912457,0.065835595,79.999979
19.029982,-4252.6602,0.24478538,0.5481984,0.11961097,4.4877663,0.06453789,79.999979
19.039982,-4252.9885,0.24470004,0.56208106,0.12834433,4.1305132,0.06556101,79.999979
19.049982,-4253.3168,0.24461469,0.57596372,0.1173387,4.6109277,0.066584131,79.999979
19.059982,-4253.5876,0.24460112,0.53421214,0.11757642,4.4635783,0.062814747,79.999979
19.069982,-4255.0771,0.24482012,0.49711926,0.11367426,4.2658671,0.058993887,79.999979
19.079982,-4253.8671,0.24468166,0.55926704,0.1115623,4.7745047,0.062527459,79.999979
19.089982,-4256.9357,0.24496576,0.49325704,0.097999044,4.9732007,0.049656874,79.999979
19.099982,-4256.2919,0.24460862,0.49972176,0.095293952,5.2651206,0.050358838,79.999979
19.109982,-4255.6481,0.24460862,0.50618647,0.099386058,5.0369182,0.051060802,79.999979
19.119982,-4255.3413,0.24460862,0.48550404,0.10644694,4.4577347,0.051680948,79.999979
19.129982,-4254.3009,0.24431922,0.52298474,0.12826552,3.947386,0.064071078,79.999979
19.139982,-4256.3705,0.2452665,0.50076814,0.12311066,4.2795157,0.063530781,79.999979
19.149982,-4253.3907,0.24514428,0.50508846,0.12057534,3.980504,0.07089808,79.999979
19.159982,-4253.3907,0.24509005,0.51222757,0.14177433,3.3105534,0.07292203,79.999979
19.169982,-4253.8809,0.24509005,0.50475203,0.12845834,3.6840815,0.065067491,79.999979
19.179982,-4254.8446,0.24509005,0.50050702,0.11561343,4.2137245,0.058687034,79.999979
19.189982,-4255.1872,0.24526064,0.52063614,0.13551036,3.3086886,0.070549453,79.999979
19.199982,-4253.8829,0.24470733,0.46816504,0.10194973,4.4846812,0.047814459,79.999979
19.209982,-4256.9721,0.24489829,0.57787559,0.10220606,5.5597311,0.059026801,79.999979
19.219982,-4257.0959,0.24408101,0.55097466,0.10998785,4.6640299,0.059241137,79.999979
19.229982,-4257.7607,0.24408101,0.5550141,0.11057012,4.8924266,0.062245112,79.999979
19.239982,-4258.3164,0.24408101,0.53143693,0.11553205,4.8655025,0.061656282,79.999979
19.249982,-4257.8405,0.24542313,0.55089496,0.13458713,3.740751,0.075648567,79.999979
19.259982,-4258.4088,0.24469106,0.51468038,0.11601096,4.2821931,0.059737595,79.999979
19.269982,-4259.8009,0.24484546,0.49550239,0.13254826,3.6112295,0.057966,79.999979
19.279982,-4256.9446,0.24452156,0.50043911,0.11693552,4.5051973,0.058486013,79.999979
19.289982,-4256.847,0.24452156,0.49863473,0.12500481,4.3791913,0.061902349,79.999979
19.299982,-4256.7493,0.24452156,0.50187764,0.12873044,4.2531853,0.064330249,79.999979
19.309982,-4256.6517,0.24452156,0.50512055,0.13245607,4.1271793,0.066758149,79.999979
19.319982,-4256.554,0.24452156,0.50836346,0.1361817,4.0011733,0.06918605,79.999979
19.329982,-4258.3025,0.24462418,0.5499389,0.12141979,4.3443651,0.068297516,79.999979
19.339982,-4259.058,0.24542386,0.57099199,0.14241282,3.9416566,0.081300198,79.999979
19.349982,-4259.7383,0.24519086,0.56324419,0.12664232,4.4941387,0.072186068,79.999979
19.359982,-4259.9311,0.24495786,0.53607568,0.11110035,5.0466209,0.06186367,79.999979
19.369982,-4259.9801,0.24486014,0.47813244,0.12917026,3.0761045,0.061991751,79.999979
19.379982,-4258.4958,0.24469728,0.52634642,0.1256221,4.1356283,0.063668084,79.999979
19.389982,-4259.1313,0.24398484,0.53393874,0.16419956,3.0941671,0.074159528,79.999979
19.399981,-4256.4767,0.2434094,0.55188152,0.098703304,5.5118362,0.056574808,79.999979
19.409981,-4257.0681,0.24392495,0.53191041,0.10132751,5.2520696,0.055220757,79.999979
19.419981,-4257.6595,0.24392495,0.51193931,0.10395172,4.992303,0.053866707,79.999979
19.429981,-4258.2509,0.24392495,0.4919682,0.10657592,4.7325365,0.052512656,79.999979
19.439981,-4258.8423,0.24392495,0.54663918,0.10920013,4.4727699,0.059667996,79.999979
19.449981,-4259.2325,0.24392495,0.55553791,0.11072742,4.8812148,0.065123704,79.999979
19.459981,-4260.9171,0.24437501,0.51935324,0.15754241,3.0688607,0.08176731,79.999979
19.469981,-4261.7953,0.24437263,0.51024447,0.12510725,3.87509,0.06848146,79.999979
19.479981,-4262.4091,0.2445546,0.49169399,0.11493005,4.1512573,0.057830374,79.999979
19.489981,-4262.5451,0.24473656,0.52365531,0.11863783,4.2007088,0.062190776,79.999979
19.499981,-4260.1679,0.24418973,0.49836032,0.1272934,4.1808576,0.063680754,79.999979
19.509981,-4263.2321,0.24469645,0.52891814,0.12288648,4.5249641,0.058377993,79.999979
19.519981,-4261.8417,0.24471428,0.59535957,0.140004,4.1385245,0.083834387,79.999979
19.529981,-4261.4707,0.24500144,0.52932926,0.10892078,4.9540425,0.05679186,79.999979
19.539981,-4262.1372,0.24528503,0.53198126,0.10671443,4.8234238,0.056306425,79.999979
19.549981,-4262.8036,0.24512565,0.56181207,0.1065705,4.887395,0.059945107,79.999979
19.559981,-4263.2766,0.24483604,0.53082332,0.12263112,4.136999,0.063930094,79.999979
19.569981,-4262.5222,0.24402023,0.50400739,0.13585422,3.7254417,0.069016919,79.999979
19.579981,-4263.6444,0.24545555,0.51162508,0.10438218,4.5204937,0.053293221,79.999979
19.589981,-4263.9596,0.24479944,0.48619836,0.10921247,4.5173788,0.053089864,79.999979
19.599981,-4264.3679,0.24462856,0.47974191,0.10704749,4.3509507,0.051315833,79.999979
19.609981,-4264.9276,0.2444557,0.4949211,0.10279289,4.2568497,0.050871148,79.999979
19.619981,-4264.9076,0.24426325,0.5294935,0.1111886,4.589613,0.056937337,79.999979
19.629981,-4262.4143,0.24458499,0.51064211,0.10375886,4.785931,0.053061224,79.999979
19.639981,-4263.7721,0.24447217,0.57032545,0.11659624,4.6568478,0.066490562,79.999979
19.649981,-4263.1204,0.244842,0.5486212,0.10309915,4.7084569,0.061065056,79.999979
19.659981,-4262.1937,0.24496005,0.51730413,0.10895627,5.119338,0.058533219,79.999979
19.669981,-4262.7433,0.24507811,0.48598705,0.11481339,4.4886237,0.056001382,79.999979
19.679981,-4263.222,0.24506094,0.54774157,0.10685264,5.1970294,0.058989863,79.999979
19.689981,-4265.6324,0.24439876,0.52903236,0.1200753,4.3257544,0.064962644,79.999979
19.699981,-4263.465,0.24516445,0.50084062,0.11794052,4.1620003,0.059079972,79.999979
19.709981,-4265.4505,0.24461594,0.52568645,0.13813728,3.6660799,0.069143429,79.999979
19.719981,-4265.4917,0.24477351,0.60238724,0.12065149,4.6944896,0.073599462,79.999979
19.729981,-4266.2886,0.24493108,0.56884789,0.1031657,5.7228993,0.068558441,79.999979
19.739981,-4267.0855,0.24499192,0.53947865,0.12106001,4.4618092,0.065323006,79.999979
19.749981,-4265.7109,0.24463902,0.5326351,0.11925581,4.4344048,0.063430659,79.999979
19.759981,-4268.1016,0.24502642,0.51314219,0.15259225,3.2776922,0.069889191,79.999979
19.769981,-4268.0373,0.24443713,0.50323962,0.12329791,3.97949,0.062120977,79.999979
19.779981,-4266.987,0.2449572,0.4852888,0.11676027,3.9119019,0.056891635,79.999979
19.789981,-4265.9716,0.24460261,0.49948056,0.11499146,4.1944757,0.057501878,79.999979
19.799981,-4264.9562,0.24410555,0.47158798,0.092632825,5.0211445,0.0440453,79.999979
19.809981,-4266.0132,0.24409511,0.52712657,0.14338194,3.5987992,0.062146864,79.999979
19.819981,-4266.5527,0.24441697,0.54553837,0.10997979,4.6979733,0.063700237,79.999979
19.829981,-4263.6335,0.24437629,0.50249601,0.11509429,4.5078961,0.057710074,79.999979
19.839981,-4265.6294,0.24454255,0.58562737,0.11902936,4.7487787,0.077316685,79.999979
19.849981,-4265.4819,0.24452055,0.52978626,0.11983263,4.7828806,0.068106363,79.999979
19.859981,-4265.3755,0.24449855,0.49463374,0.12778438,3.9465367,0.066037133,79.999979
19.869981,-4267.5255,0.24496461,0.50358325,0.11081661,4.1469893,0.055666479,79.999979
19.879981,-4266.1409,0.24431472,0.53559292,0.10768291,4.2136002,0.060668598,79.999979
19.889981,-4269.5924,0.24498352,0.50468761,0.10859808,4.5329268,0.054809184,79.999979
19.899981,-4270.7919,0.24479389,0.53192576,0.11446383,4.5763932,0.057863486,79.999979
19.909981,-4269.7631,0.24479389,0.53700112,0.11986356,4.3186752,0.060582814,79.999979
19.919981,-4268.7605,0.24479389,0.54022632,0.11659362,4.4681797,0.063184051,79.999979
19.929981,-4267.7314,0.24440365,0.51047296,0.10451223,4.7531552,0.053990409,79.999979
19.939981,-4270.2872,0.2443841,0.47969076,0.12046802,3.7815935,0.057790014,79.999979
19.949981,-4268.2726,0.2441506,0.52611314,0.10717952,4.6697152,0.056376733,79.999979
19.959981,-4269.3792,0.24474302,0.49636061,0.10101891,5.0240185,0.050240856,79.999979
19.969981,-4269.4368,0.24474302,0.50714562,0.11815313,4.6839134,0.060193885,79.999979
19.979981,-4269.7395,0.24474302,0.51793063,0.13528735,3.8960334,0.070146914,79.999979
19.989981,-4270.1092,0.24513874,0.50011793,0.11670607,4.7941681,0.058296178,79.999979
19.999981,-4269.7531,0.24457157,0.57608124,0.11232693,4.6493332,0.061976487,79.999979
20.009981,-4270.6643,0.24418065,0.52232062,0.11067875,4.5824066,0.057715399,79.999979
20.019981,-4272.5371,0.24396586,0.48941951,0.12513473,3.3994944,0.059642279,79.999979
20.029981,-4272.5371,0.2439869,0.49939126,0.11807309,4.0765985,0.058960065,79.999979
20.039981,-4271.896,0.2439869,0.51084848,0.11657268,4.1750166,0.059429162,79.999979
20.049981,-4271.1023,0.24399438,0.52950042,0.11422223,4.3617519,0.060595393,79.999979
20.059981,-4270.4379,0.2438913,0.53406756,0.14276631,3.5848303,0.068629824,79.999979
20.069981,-4272.1226,0.24457335,0.50637566,0.10949475,4.4413579,0.053742695,79.999979
20.079981,-4270.7564,0.24489456,0.51697939,0.13166136,3.8291262,0.068077277,79.999979
20.089981,-4271.4704,0.24494339,0.4796967,0.13769126,3.4092869,0.065958773,79.999979
20.099981,-4271.4704,0.24480472,0.50085871,0.11927955,4.0366815,0.069597668,79.999979
20.109981,-4271.7687,0.24463419,0.52057925,0.13022242,3.8978619,0.076888312,79.999979
20.119981,-4272.4084,0.24478224,0.50792605,0.13605656,3.4419178,0.071907267,79.999979
20.129981,-4271.5408,0.24328257,0.46507186,0.11123335,4.0912033,0.052181842,79.999979
20.139981,-4272.3369,0.24443158,0.48006178,0.11733484,4.3830861,0.057663668,79.999979
20.149981,-4272.4161,0.24455674,0.50933501,0.11046749,4.6136251,0.056206951,79.999979
20.159981,-4273.3082,0.24443538,0.48630939,0.11651488,4.258832,0.056734846,79.999979
20.169981,-4273.1442,0.24431402,0.48023449,0.12256228,3.904039,0.065687038,79.999979
20.179981,-4271.4714,0.24459094,0.52493047,0.12371856,4.2542833,0.060704679,79.999979
20.189981,-4272.6812,0.2437724,0.53055459,0.1044288,4.8860328,0.055487245,79.999979
20.199981,-4273.4866,0.24466153,0.52398656,0.11705395,4.3042521,0.061339305,79.999979
20.209981,-4271.4323,0.24435343,0.52884667,0.12342296,4.1284537,0.064400896,79.999979
20.219981,-4271.6436,0.24433333,0.54825801,0.11915726,4.2706988,0.064731994,79.999979
20.229981,-4272.8603,0.24431322,0.56766934,0.11489156,4.7552332,0.065063092,79.999979
20.239981,-4274.077,0.24412969,0.53296859,0.12705169,3.9311932,0.066417151,79.999979
20.249981,-4275.6147,0.24379349,0.58362132,0.10759885,5.2811042,0.061181162,79.999979
20.259981,-4273.9136,0.24464653,0.56413975,0.10891243,5.1518357,0.061126373,79.999979
20.269981,-4274.7411,0.24420548,0.51861632,0.13378475,4.3814555,0.067466472,79.999979
20.279981,-4274.9324,0.24433582,0.52784281,0.13712071,4.1051571,0.065190061,79.999979
20.289981,-4275.1237,0.24446616,0.53706931,0.12756573,3.8288588,0.06291365,79.999979
20.299981,-4275.315,0.24459651,0.54629581,0.11801075,3.5525605,0.060637238,79.999979
20.309981,-4275.5063,0.24453166,0.5555223,0.10845576,4.2562394,0.058360827,79.999979
20.319981,-4275.6976,0.24420518,0.55722659,0.1021164,5.5181763,0.056815108,79.999979
20.329981,-4274.8439,0.24343185,0.50893463,0.11041066,4.5135795,0.056222828,79.999979
20.339981,-4273.0667,0.24388279,0.49321158,0.10042074,4.2025024,0.049965801,79.999979
20.349981,-4272.7309,0.24424384,0.50325635,0.10113267,4.6871031,0.051786945,79.999979
20.359981,-4272.5371,0.2446049,0.50887057,0.10529211,4.8099116,0.055266676,79.999979
20.369981,-4274.6237,0.24453927,0.49386225,0.11373843,4.2310784,0.056157837,79.999979
20.379981,-4277.8887,0.2438128,0.50252988,0.10437475,5.1026432,0.055525619,79.999979
20.389981,-4277.3095,0.2448737,0.53634378,0.14302085,4.2823362,0.075442057,79.999979
20.399981,-4277.2108,0.24492588,0.50067217,0.14430822,3.4004944,0.072302439,79.999979
20.409981,-4277.4546,0.24490192,0.52414896,0.12977267,3.7522188,0.068932679,79.999979
20.419981,-4277.6858,0.24490192,0.56771762,0.11818167,4.2117732,0.0687775,79.999979
20.429981,-4278.6478,0.24503968,0.58642445,0.10945296,5.7091626,0.063830207,79.999979
20.439981,-4276.6484,0.24505418,0.54969624,0.12787811,3.5739973,0.068136856,79.999979
20.44998,-4277.0529,0.24445149,0.50789385,0.11981354,4.1335695,0.060857873,79.999979
20.45998,-4275.7573,0.24426378,0.51600013,0.11455612,4.3313276,0.060476408,79.999979
20.46998,-4275.7573,0.24425041,0.57087522,0.12276614,4.4362622,0.070957918,79.999979
20.47998,-4275.7573,0.24425041,0.57631865,0.13097616,4.5411968,0.071228381,79.999979
20.48998,-4274.796,0.24430073,0.49634935,0.13741651,3.6262402,0.060934808,79.999979
20.49998,-4277.788,0.24451225,0.52435377,0.12908062,4.3257853,0.067890703,79.999979
20.50998,-4275.7985,0.24405219,0.52275552,0.14410495,3.9409945,0.071675442,79.999979
20.51998,-4277.5854,0.24513408,0.50932341,0.11699392,4.4604077,0.058124128,79.999979
20.52998,-4277.5854,0.24498418,0.50495402,0.11824054,4.229833,0.05886926,79.999979
20.53998,-4277.5854,0.24483428,0.50058464,0.11948715,4.1400901,0.059614392,79.999979
20.54998,-4277.5854,0.24478801,0.4962443,0.13259028,3.8122343,0.065831305,79.999979
20.55998,-4278.0434,0.24463475,0.53748853,0.15066799,3.4604503,0.071793542,79.999979
20.56998,-4278.708,0.2436536,0.50576132,0.1058485,4.5916757,0.053541756,79.999979
20.57998,-4280.1059,0.24511289,0.52279792,0.11080704,4.6083282,0.064187843,79.999979
20.58998,-4279.8413,0.24511289,0.54307172,0.1155676,4.5792371,0.06270282,79.999979
20.59998,-4279.8413,0.24511289,0.55652698,0.11827986,4.592307,0.065773765,79.999979
20.60998,-4279.8413,0.24541286,0.56039655,0.11519757,4.7677306,0.064235068,79.999979
20.61998,-4278.976,0.24474857,0.58259291,0.12303774,4.6288513,0.073117401,79.999979
20.62998,-4279.2262,0.243111,0.55013891,0.11563965,4.3379114,0.066184125,79.999979
20.63998,-4277.1542,0.24395413,0.49365081,0.10285653,4.4225115,0.049243531,79.999979
20.64998,-4277.5693,0.24481933,0.54512906,0.10206611,5.1233366,0.055650582,79.999979
20.65998,-4277.5693,0.24485399,0.52579543,0.10438543,5.1089253,0.055986996,79.999979
20.66998,-4278.204,0.24485399,0.49246747,0.11020902,4.6417156,0.055229846,79.999979
20.67998,-4279.5546,0.24455047,0.49334766,0.12315135,4.1277753,0.060247892,79.999979
20.68998,-4278.5034,0.24514729,0.5114845,0.11026996,5.6407287,0.056705345,79.999979
20.69998,-4280.6424,0.24333858,0.52346762,0.11833546,4.4224441,0.058327597,79.999979
20.70998,-4282.3845,0.24384362,0.55103929,0.1078624,4.921914,0.063183204,79.999979
20.71998,-4282.3845,0.24393377,0.55347119,0.10704554,5.0421752,0.060928754,79.999979
20.72998,-4282.3845,0.24393377,0.54419004,0.10835772,4.9871713,0.059868701,79.999979
20.73998,-4280.9351,0.24346148,0.60781892,0.13862109,4.1351311,0.083823487,79.999979
20.74998,-4282.726,0.24391446,0.51579654,0.10988419,4.3924742,0.062263379,79.999979
20.75998,-4283.7087,0.24447917,0.45642263,0.1167938,3.8915973,0.05331403,79.999979
20.76998,-4280.3998,0.2440418,0.50126632,0.13772426,4.1129086,0.061297503,79.999979
20.77998,-4280.3998,0.24404116,0.4823223,0.13917025,3.4697299,0.062592789,79.999979
20.78998,-4280.3998,0.24403768,0.46337827,0.13981507,3.2445607,0.063888075,79.999979
20.79998,-4281.6525,0.24403379,0.60760879,0.10508468,5.5615183,0.063661201,79.999979
20.80998,-4284.3066,0.24440435,0.58217369,0.12282337,4.1349273,0.073804345,79.999979
20.81998,-4281.6967,0.24356797,0.51561902,0.095098632,5.4606599,0.04904203,79.999979
20.82998,-4282.5908,0.24442285,0.4874955,0.12044712,3.4931257,0.063387167,79.999979
20.83998,-4282.9634,0.24441868,0.50233522,0.13234721,3.90478,0.069450725,79.999979
20.84998,-4283.3361,0.24393089,0.51717495,0.1442473,3.6471785,0.075514283,79.999979
20.85998,-4283.7087,0.2434431,0.50528376,0.11957874,3.5442852,0.060370606,79.999979
20.86998,-4281.2989,0.24401819,0.49083815,0.1096934,4.2778804,0.055035433,79.999979
20.87998,-4282.8418,0.24370862,0.51448107,0.11664117,4.3457267,0.058914298,79.999979
20.88998,-4282.3765,0.24395997,0.5880663,0.12278847,4.826177,0.072197007,79.999979
20.89998,-4282.3765,0.24392554,0.56065425,0.12986709,4.2760125,0.064973173,79.999979
20.90998,-4282.3765,0.24392554,0.53775149,0.11116497,4.6974135,0.057311869,79.999979
20.91998,-4281.4407,0.24392554,0.51679492,0.11963957,5.1188144,0.062184922,79.999979
20.92998,-4283.8114,0.24322718,0.51817796,0.10108936,5.0198794,0.054048534,79.999979
20.93998,-4285.3114,0.24330748,0.49989539,0.13461178,3.8959,0.067754541,79.999979
20.94998,-4285.886,0.24350312,0.526636,0.09283841,3.8162539,0.048913423,79.999979
20.95998,-4285.9312,0.24338829,0.50773165,0.13969033,3.6510467,0.061204739,79.999979
20.96998,-4285.9913,0.24326132,0.54569098,0.13257494,3.7275854,0.06564795,79.999979
20.97998,-4286.0514,0.24325162,0.56098273,0.13252273,4.4336731,0.073875414,79.999979
20.98998,-4286.4505,0.24371276,0.52872805,0.10648271,5.0466667,0.057346338,79.999979
20.99998,-4285.6441,0.24286789,0.51405602,0.12256609,4.3191161,0.072295867,79.999979
21.00998,-4288.2484,0.244312,0.52576595,0.11171149,4.7036541,0.058658224,79.999979
21.01998,-4286.3202,0.24402584,0.5212264,0.11527532,4.4340863,0.060133032,79.999979
21.02998,-4285.5085,0.24360558,0.5348043,0.12760584,4.0532721,0.066887161,79.999979
21.03998,-4284.6968,0.24327347,0.54642294,0.13458136,3.8649416,0.072363049,79.999979
21.04998,-4285.1101,0.24398166,0.50453897,0.1066006,5.0191701,0.054000803,79.999979
21.05998,-4287.093,0.24412395,0.57959736,0.10564413,4.8230646,0.061163991,79.999979
21.06998,-4285.2845,0.2436866,0.50356829,0.11046719,4.4483465,0.055843786,79.999979
21.07998,-4286.6328,0.24334998,0.52411659,0.1139297,4.5065584,0.057863436,79.999979
21.08998,-4286.4922,0.24335904,0.52228438,0.11564291,4.448269,0.05915189,79.999979
21.09998,-4286.3516,0.24336809,0.52045218,0.11735612,4.3899797,0.060440344,79.999979
21.10998,-4286.211,0.24341431,0.51861997,0.11906933,4.3316904,0.061728798,79.999979
21.11998,-4286.0704,0.24353084,0.51692535,0.11829303,4.273401,0.06106602,79.999979
21.12998,-4286.8764,0.24364737,0.51523604,0.11710195,4.2875233,0.060328066,79.999979
21.13998,-4287.1548,0.24407572,0.49010021,0.15235896,3.5539561,0.073796383,79.999979
21.14998,-4287.346,0.24440038,0.56184328,0.11746527,4.6693349,0.066045581,79.999979
21.15998,-4288.1057,0.24428786,0.5511212,0.1045226,5.4457061,0.058320466,79.999979
21.16998,-4288.1921,0.24428786,0.52683954,0.10673403,5.1273657,0.056046119,79.999979
21.17998,-4288.1921,0.24428786,0.52025557,0.10341182,4.8090253,0.053780592,79.999979
21.18998,-4288.0815,0.24400994,0.59031592,0.11632992,5.2552148,0.065169446,79.999979
21.19998,-4287.6021,0.24351448,0.51113218,0.12947668,3.7902508,0.066176547,79.999979
21.20998,-4287.5591,0.24354694,0.55231352,0.14993981,3.5950536,0.067560939,79.999979
21.21998,-4287.3271,0.24354694,0.54934348,0.13042093,4.0263079,0.06302524,79.999979
21.22998,-4287.0951,0.24371959,0.54078951,0.11035561,4.7288655,0.059639483,79.999979
21.23998,-4288.5621,0.24430262,0.4841093,0.13996967,3.4150683,0.063583763,79.999979
21.24998,-4285.9167,0.24343586,0.50487547,0.16077637,3.5457396,0.081165115,79.999979
21.25998,-4289.3953,0.2439822,0.51387443,0.13366205,3.7483666,0.069086521,79.999979
21.26998,-4289.4197,0.24396048,0.52004577,0.10650908,4.9157013,0.055328421,79.999979
21.27998,-4288.53,0.24389956,0.50208417,0.11060757,4.674487,0.055424658,79.999979
21.28998,-4287.6402,0.24378512,0.48412257,0.11470606,4.1767785,0.055520895,79.999979
21.29998,-4286.6399,0.24336561,0.55143764,0.10649017,5.6156215,0.058680009,79.999979
21.30998,-4288.7676,0.24341136,0.50922799,0.11956387,3.9623516,0.060770217,79.999979
21.31998,-4287.2364,0.24456257,0.48592235,0.11288224,4.2046696,0.054855422,79.999979
21.32998,-4288.975,0.24392614,0.5682202,0.10821888,5.763096,0.061219684,79.999979
21.33998,-4288.9191,0.24426041,0.49251634,0.13587742,3.6418827,0.066752439,79.999979
21.34998,-4288.7345,0.24394307,0.53738389,0.11267985,4.6730627,0.060629441,79.999979
21.35998,-4288.4043,0.24355553,0.52702221,0.10692251,4.8354468,0.056422786,79.999979
21.36998,-4287.9537,0.24326349,0.52532424,0.1162452,4.564978,0.061993828,79.999979
21.37998,-4290.0296,0.24432145,0.51617727,0.11153695,4.3550651,0.053566165,79.999979
21.38998,-4291.6494,0.2442698,0.50806336,0.15339875,3.2390443,0.073072951,79.999979
21.39998,-4289.7683,0.24303039,0.5885651,0.11697086,4.6666697,0.069762048,79.999979
21.40998,-4290.1186,0.24323,0.52111442,0.13689147,4.2784372,0.071145196,79.999979
21.41998,-4290.1186,0.24358856,0.56366014,0.13182622,3.875987,0.07399111,79.999979
21.42998,-4290.129,0.24394713,0.60620587,0.12676097,3.6856658,0.076837024,79.999979
21.43998,-4291.4899,0.24330339,0.52170516,0.12017119,4.1566559,0.062519746,79.999979
21.44998,-4288.0294,0.24317582,0.52677139,0.13147838,4.1737412,0.069593586,79.999979
21.45998,-4290.2409,0.24367946,0.50799663,0.13879645,5.9530096,0.068992617,79.999979
21.46998,-4291.7144,0.24359831,0.57416281,0.10703155,5.6392242,0.060527358,79.999979
21.47998,-4291.0244,0.2436935,0.51835579,0.11903436,5.0442859,0.060462861,79.999979
21.48998,-4290.3343,0.24386424,0.4953754,0.12223432,4.4493477,0.060264583,79.999979
21.499979,-4288.0562,0.24402086,0.51230735,0.12838725,3.9722513,0.065716074,79.999979
21.509979,-4290.0965,0.24453617,0.52036618,0.12063442,4.0414593,0.062776719,79.999979
21.519979,-4290.4931,0.24430286,0.50620968,0.10832855,4.453603,0.054755442,79.999979
21.529979,-4289.07,0.24342549,0.50721833,0.13115461,3.7832139,0.06675568,79.999979
21.539979,-4289.07,0.24324766,0.48604141,0.11815408,3.9030191,0.057917377,79.999979
21.549979,-4289.07,0.24306984,0.53642948,0.1157871,4.328542,0.062199779,79.999979
21.559979,-4290.3876,0.24289201,0.50273516,0.13720018,4.4673141,0.068952247,79.999979
21.569979,-4292.6016,0.2440819,0.52677811,0.10855065,4.8665634,0.057186685,79.999979
21.579979,-4290.5255,0.24452807,0.56795803,0.12258114,3.9618727,0.074301186,79.999979
21.589979,-4293.3689,0.24355282,0.50860436,0.11105183,4.7573547,0.05641047,79.999979
21.599979,-4293.3689,0.24355337,0.60245738,0.11764722,4.6229157,0.070850535,79.999979
21.609979,-4293.3689,0.2435999,0.54940667,0.11954407,4.5733341,0.065524724,79.999979
21.619979,-4293.1707,0.24364643,0.50132265,0.12844551,3.9411388,0.064265406,79.999979
21.629979,-4289.9558,0.24394174,0.5133882,0.1132228,5.2275529,0.058146539,79.999979
21.639979,-4292.4131,0.24291239,0.51470147,0.13485986,3.8527183,0.069761358,79.999979
21.649979,-4292.6921,0.2431146,0.52741424,0.11163725,4.6781585,0.058900441,79.999979
21.659979,-4291.8784,0.24262302,0.52935758,0.11747847,4.3829933,0.061982901,79.999979
21.669979,-4291.8784,0.2426079,0.5131529,0.11216156,4.5314569,0.05882703,79.999979
21.679979,-4291.929,0.2426079,0.49926768,0.11294161,4.4735279,0.055023311,79.999979
21.689979,-4294.3018,0.24322421,0.53426931,0.12044596,4.7531947,0.062793112,79.999979
21.699979,-4295.8338,0.24365674,3.050824,0.74664554,4.0453478,2.2776153,79.999979
21.709979,-4289.8122,0.24476078,3.1495708,0.71248847,4.3077135,2.2444254,79.999979
21.719979,-4289.0466,0.24494516,3.1143764,0.72134752,4.0938452,2.2467838,79.999979
21.729979,-4288.6481,0.24494516,3.1370508,0.70811739,4.2212595,2.2356968,79.999979
21.739979,-4288.6481,0.24494516,3.1801703,0.72579907,4.3486739,2.3093244,79.999979
21.749979,-4287.1803,0.24482237,3.0944345,0.70764291,4.2534886,2.2115667,79.999979
21.759979,-4257.091,0.24573744,3.1074296,0.72414192,4.1712781,2.2835632,79.999979
21.769979,-4233.9612,0.24768114,3.1656525,0.72669051,4.1981678,2.3163481,79.999979
21.779979,-4219.2423,0.24719998,3.1045646,0.73716883,4.101257,2.2757795,79.999979
21.789979,-4212.6086,0.24751588,3.1152994,0.71350825,4.2592954,2.2343554,79.999979
21.799979,-4206.8793,0.24783178,3.1127571,0.68984767,4.4173338,2.1881312,79.999979
21.809979,-4203.3501,0.247758,3.1464261,0.70911821,4.367257,2.2661731,79.999979
21.819979,-4169.2334,0.25003713,3.1064746,0.72570881,4.1618508,2.2680591,79.999979
21.829979,-4149.8899,0.25003806,3.090632,0.71802373,4.2014472,2.2151254,79.999979
21.839979,-4120.4948,0.25038687,3.1571917,0.72142849,4.2808129,2.2776676,79.999979
21.849979,-4120.4948,0.25063168,3.137708,0.72332701,4.2505334,2.269497,79.999979
21.859979,-4120.4948,0.2508765,3.1182243,0.72522552,4.220254,2.2613263,79.999979
21.869979,-4120.4948,0.25110904,3.0987406,0.72712403,4.1899746,2.2531556,79.999979
21.879979,-4120.4948,0.25110904,3.103955,0.72902255,4.1596951,2.2666036,79.999979
21.889979,-4119.8679,0.25110904,3.11229,0.73193115,4.1394791,2.2827832,79.999979
21.899979,-4117.4746,0.25110904,3.120625,0.7365729,4.1365301,2.2989627,79.999979
21.909979,-4115.0812,0.25110904,3.1180216,0.72626108,4.1335811,2.2590059,79.999979
21.919979,-4112.6878,0.25120759,3.1143525,0.71123777,4.1943188,2.2135793,79.999979
21.929979,-4093.8225,0.25193625,3.1270647,0.75220397,4.119082,2.3057467,79.999979
21.939979,-4067.3847,0.25227722,3.0831608,0.71862145,4.1712593,2.1913782,79.999979
21.949979,-4037.1608,0.25436281,3.1253739,0.71835955,4.2132605,2.232747,79.999979
21.959979,-4015.2425,0.25464777,3.1426442,0.7162538,4.2966764,2.251025,79.999979
21.969979,-4009.1778,0.25443074,3.1471624,0.7423958,4.1155893,2.2701309,79.999979
21.979979,-4004.9534,0.25485759,3.1262441,0.72566831,4.1998342,2.2408678,79.999979
21.989979,-4000.7289,0.25538855,3.109795,0.71638969,4.2433838,2.2307293,79.999979
21.999979,-3980.4507,0.25498923,3.1117406,0.71042358,4.3014097,2.2107814,79.999979
22.009979,-3957.2862,0.256065,3.0799591,0.72458646,4.1530533,2.2322678,79.999979
22.019979,-3928.6993,0.25819603,3.1101779,0.70693595,4.2989713,2.1975737,79.999979
22.029979,-3923.6169,0.25853709,3.0737768,0.72742252,4.1287955,2.2389247,79.999979
22.039979,-3919.0654,0.25855267,3.0803192,0.72785187,4.1276564,2.2434888,79.999979
22.049979,-3915.156,0.25856826,2.9951615,0.70777218,4.1370283,2.1665886,79.999979
22.059979,-3907.6501,0.25884334,0.65193911,0.12698598,4.85604,0.082819103,79.999979
22.069979,-3885.451,0.25959986,0.58753683,0.11101937,4.9704844,0.065462552,79.999979
22.079979,-3859.3317,0.25996611,0.53435221,0.15481978,3.4199475,0.082824348,79.999979
22.089979,-3856.9467,0.26014014,0.53958588,0.11721661,4.6487238,0.061373898,79.999979
22.099979,-3856.8696,0.26014881,0.51855963,0.12274505,4.2855223,0.063149625,79.999979
22.109979,-3856.7925,0.26016272,0.539561,0.12827349,3.9223208,0.067207141,79.999979
22.119979,-3857.3393,0.25997932,0.53288063,0.12765094,3.8527342,0.061642481,79.999979
22.129979,-3866.1095,0.25861282,0.50521642,0.13980632,3.8680416,0.07074763,79.999979
22.139979,-3868.0293,0.25936056,0.52823058,0.15751091,3.3872451,0.082964629,79.999979
22.149979,-3865.8502,0.26044772,0.54033186,0.12971754,4.3683328,0.063702732,79.999979
22.159979,-3865.8502,0.26047033,0.53218176,0.14830193,3.5181884,0.068389085,79.999979
22.169979,-3865.8502,0.26049295,0.52403165,0.1448804,3.5278469,0.073075437,79.999979
22.179979,-3866.6718,0.26046341,0.4911189,0.14155844,3.3735328,0.069531257,79.999979
22.189979,-3871.1535,0.25804429,0.53550671,0.096893119,5.1079829,0.053988413,79.999979
22.199979,-3867.7255,0.2602098,0.53536948,0.10963123,5.4378699,0.058386384,79.999979
22.209979,-3869.6653,0.25957107,0.52001102,0.11222883,4.5193666,0.058346779,79.999979
22.219979,-3870.0608,0.25957107,0.51802163,0.12988157,4.3605275,0.067230439,79.999979
22.229979,-3870.0608,0.25957107,0.51603224,0.14753432,3.6357195,0.0761141,79.999979
22.239979,-3870.0608,0.25900902,0.51377562,0.13821909,3.6272823,0.068736557,79.999979
22.249979,-3872.4244,0.25782964,0.48908676,0.10128667,4.6091816,0.053981918,79.999979
22.259979,-3871.9431,0.25988255,0.51670816,0.10015779,5.0984569,0.051750495,79.999979
22.269979,-3879.8809,0.25835089,0.54412368,0.12125847,4.3703137,0.062512651,79.999979
22.279979,-3879.9142,0.25900779,0.55756126,0.1335886,4.410378,0.074485154,79.999979
22.289979,-3879.9142,0.25900779,0.55743759,0.13519929,4.1833578,0.074767142,79.999979
22.299979,-3879.5873,0.25900779,0.55723408,0.134768,4.0220388,0.074937758,79.999979
22.309979,-3876.9684,0.25887967,0.52671369,0.1287986,4.1157539,0.068954804,79.999979
22.319979,-3880.8323,0.26007534,0.55912495,0.16089245,3.221964,0.073921776,79.999979
22.329979,-3879.6388,0.25808139,0.51490649,0.11737577,4.3299022,0.060393026,79.999979
22.339979,-3879.9687,0.25806934,0.59318014,0.11459719,5.0312573,0.072508213,79.999979
22.349979,-3881.0221,0.25806934,0.55167123,0.13320567,4.5164273,0.076722615,79.999979
22.359979,-3881.0713,0.25806934,0.51473881,0.15371757,3.2505382,0.079113539,79.999979
22.369979,-3880.7683,0.25826321,0.49086342,0.11718327,3.9870212,0.057553673,79.999979
22.379979,-3880.0147,0.25800115,0.51257411,0.11696264,4.6684144,0.059901212,79.999979
22.389979,-3880.1672,0.25817455,0.50287244,0.11826574,4.7347483,0.060494495,79.999979
22.399979,-3879.9136,0.25735822,0.53338775,0.1142324,4.6475812,0.060918308,79.999979
22.409979,-3880.2932,0.25735822,0.52317793,0.11376673,4.5385228,0.058927467,79.999979
22.419979,-3880.6729,0.25735822,0.51848106,0.10645659,4.4294644,0.055065497,79.999979
22.429979,-3880.7331,0.25791189,0.51725503,0.15259605,3.2537112,0.067967197,79.999979
22.439979,-3880.607,0.258002,0.49890876,0.11460586,4.3562915,0.05996507,79.999979
22.449979,-3881.762,0.25771288,0.51499366,0.11148833,4.5333753,0.057416566,79.999979
22.459979,-3881.2018,0.25893605,0.50230311,0.12125149,4.0325281,0.060950428,79.999979
22.469979,-3880.9778,0.25879694,0.52213387,0.12329288,4.1211421,0.064572115,79.999979
22.479979,-3880.7538,0.25865782,0.54196463,0.12533426,4.2097562,0.068193801,79.999979
22.489979,-3880.5298,0.25851871,0.56179539,0.12737565,4.2983702,0.071815488,79.999979
22.499979,-3880.4727,0.2583796,0.58162616,0.12941703,4.3869843,0.075437175,79.999979
22.509979,-3880.4727,0.25824049,0.59818754,0.13108188,4.4682653,0.078441573,79.999979
22.519979,-3880.4727,0.25810138,0.52833394,0.1227942,4.3557213,0.06513,79.999979
22.529979,-3880.4727,0.25805708,0.50169181,0.12066084,4.2431773,0.061320531,79.999979
22.539979,-3880.4727,0.25805708,0.50669442,0.12704883,4.1306333,0.064469671,79.999979
22.549978,-3884.0301,0.2582261,0.55934321,0.12793156,3.9807583,0.072307601,79.999979
22.559978,-3885.8094,0.25867821,0.52830208,0.12834876,4.3881168,0.063138555,79.999979
22.569978,-3884.8019,0.25810525,0.57761304,0.13359897,4.2444266,0.077927136,79.999979
22.579978,-3887.0423,0.25849831,0.50929305,0.11573148,4.3288317,0.058980137,79.999979
22.589978,-3887.9439,0.25847699,0.5151766,0.10952964,4.6880065,0.056453407,79.999979
22.599978,-3887.5281,0.2584426,0.5359549,0.10869422,4.7791041,0.05756874,79.999979
22.609978,-3887.1122,0.25840041,0.54497497,0.10488792,5.257981,0.057130123,79.999979
22.619978,-3885.2312,0.25891712,0.51909587,0.12291839,4.2144054,0.065468434,79.999979
22.629978,-3888.1069,0.25777839,0.50025654,0.13170851,3.2464318,0.065547581,79.999979
22.639978,-3887.9264,0.25791455,0.50172065,0.12414975,4.1505147,0.059681972,79.999979
22.649978,-3887.1049,0.25777804,0.51433791,0.11988377,4.4496469,0.061854886,79.999979
22.659978,-3887.1143,0.25757799,0.52218475,0.12787751,4.1549216,0.065159888,79.999979
22.669978,-3887.1237,0.25737794,0.51617238,0.11952613,3.9417197,0.061597639,79.999979
22.679978,-3889.7279,0.25831877,0.51326766,0.13690816,4.134383,0.069857154,79.999979
22.689978,-3892.0386,0.25689886,0.51562267,0.11383412,4.7822729,0.058779992,79.999979
22.699978,-3891.8886,0.25822695,0.51241209,0.11333995,4.3664798,0.058074251,79.999979
22.709978,-3893.1553,0.25793361,0.55253212,0.10781116,5.4690034,0.061289471,79.999979
22.719978,-3893.3182,0.25774501,0.49263129,0.13132886,4.5045478,0.061940015,79.999979
22.729978,-3894.1961,0.25755641,0.49581611,0.14442291,3.5400922,0.065916921,79.999979
22.739978,-3895.074,0.25834745,0.4878245,0.13861628,3.4966251,0.065526001,79.999979
22.749978,-3896.427,0.25835098,0.52262372,0.10996754,4.7620111,0.05802187,79.999979
22.759978,-3901.1959,0.25812185,0.51703991,0.11351957,4.5504787,0.058746316,79.999979
22.769978,-3903.4978,0.2584393,0.51865793,0.11147011,4.4566823,0.059953728,79.999979
22.779978,-3902.8466,0.25815932,0.50632341,0.11013057,4.6014419,0.057775133,79.999979
22.789978,-3902.1953,0.25787935,0.49398889,0.11109506,4.3916737,0.055596537,79.999979
22.799978,-3901.544,0.25783586,0.504953,0.103831,4.6861527,0.052368956,79.999979
22.809978,-3903.0964,0.25752193,0.52462316,0.11328178,4.3674238,0.070021975,79.999979
22.819978,-3903.8167,0.25852603,0.53566164,0.12025681,4.2411464,0.066286218,79.999979
22.829978,-3903.9844,0.25896455,0.58762359,0.11338242,5.0048677,0.058977664,79.999979
22.839978,-3903.9928,0.25853817,0.50816268,0.1109604,5.4189908,0.056059325,79.999979
22.849978,-3904.0434,0.25806875,0.50701966,0.13532538,4.0564574,0.059390216,79.999979
22.859978,-3904.094,0.2576819,0.5229558,0.13536692,3.6982013,0.062773628,79.999979
22.869978,-3904.8495,0.2581078,0.56701517,0.089222322,5.939701,0.059138251,79.999979
22.879978,-3902.5997,0.25740049,0.56934819,0.11194909,4.9252496,0.063283142,79.999979
22.889978,-3905.393,0.25680343,0.52806777,0.13488012,3.7714255,0.071062106,79.999979
22.899978,-3906.0736,0.25691247,0.555768,0.14766253,3.8244268,0.075544445,79.999979
22.909978,-3906.3574,0.25691247,0.5316295,0.14194267,3.6673099,0.072426934,79.999979
22.919978,-3906.8222,0.25691247,0.50592895,0.13597155,3.6362274,0.067803874,79.999979
22.929978,-3906.4824,0.25756337,0.56565345,0.10654905,4.3644225,0.060587985,79.999979
22.939978,-3908.8699,0.25763114,0.53216735,0.12193641,4.2174016,0.063505542,79.999979
22.949978,-3909.8597,0.25766128,0.51070276,0.10650034,4.6593302,0.054382386,79.999979
22.959978,-3906.2865,0.2574051,0.51438452,0.10638216,4.7703483,0.057437254,79.999979
22.969978,-3906.2865,0.25784878,0.51755279,0.11666643,4.367996,0.058731884,79.999979
22.979978,-3906.2865,0.25829247,0.52864458,0.12695069,3.9656437,0.060697639,79.999979
22.989978,-3907.0767,0.2587161,0.49273533,0.12314065,4.1102812,0.061443103,79.999979
22.999978,-3908.8985,0.2575653,0.53902039,0.11878024,4.1111642,0.066445401,79.999979
23.009978,-3907.9982,0.25783472,0.52933442,0.12040312,4.3850464,0.06373648,79.999979
23.019978,-3909.6373,0.25733607,0.52542083,0.11198091,4.3262224,0.058168505,79.999979
23.029978,-3909.6373,0.25733607,0.55466696,0.13045448,4.37631,0.071537271,79.999979
23.039978,-3909.6373,0.25749509,0.5839131,0.14541939,4.0465357,0.084906038,79.999979
23.049978,-3909.6373,0.25772226,0.59126628,0.14804221,3.8936156,0.08810102,79.999979
23.059978,-3910.2341,0.25783359,0.49297806,0.11732474,4.2708935,0.057823662,79.999979
23.069978,-3909.6855,0.25753114,0.50114993,0.11565632,4.7648296,0.058173701,79.999979
23.079978,-3911.957,0.25732044,0.52867438,0.10645554,4.8758164,0.056285558,79.999979
23.089978,-3911.5397,0.25730052,0.48444786,0.11634494,4.3553346,0.056362988,79.999979
23.099978,-3911.5397,0.257136,0.53001211,0.12602921,4.1802328,0.068310653,79.999979
23.109978,-3911.5397,0.25699541,0.56131626,0.13982672,3.965454,0.076877683,79.999979
23.119978,-3909.9523,0.25703905,0.49962765,0.11047369,5.5234917,0.057358309,79.999979
23.129978,-3913.2921,0.25738165,0.51707867,0.13081531,3.8481352,0.067629874,79.999979
23.139978,-3912.5858,0.25722832,0.51132925,0.12691714,4.1189025,0.064123479,79.999979
23.149978,-3913.1805,0.25752762,0.4909856,0.11227714,4.0444504,0.068487502,79.999979
23.159978,-3914.0109,0.25779872,0.49747564,0.13262004,3.8870288,0.073685522,79.999979
23.169978,-3914.8414,0.25799277,0.50388291,0.1554836,3.1804243,0.078344065,79.999979
23.179978,-3915.1388,0.25707482,0.53467334,0.14820092,4.5949225,0.079193866,79.999979
23.189978,-3915.1609,0.25694292,0.54851936,0.11217488,4.9348416,0.066270067,79.999979
23.199978,-3915.9148,0.2564876,0.4879045,0.10242568,4.7249034,0.050046317,79.999979
23.209978,-3918.2749,0.25719358,0.5011718,0.11659691,4.7018019,0.060588432,79.999979
23.219978,-3918.2275,0.25730818,0.5083285,0.100857,4.8760156,0.058891644,79.999979
23.229978,-3918.18,0.25742278,0.51548519,0.10464059,4.8011989,0.057194855,79.999979
23.239978,-3918.1326,0.25750723,0.5566629,0.12035031,4.5724218,0.068955342,79.999979
23.249978,-3916.0881,0.25728164,0.49865547,0.11566956,4.3286772,0.060657715,79.999979
23.259978,-3918.0162,0.25713677,0.50325459,0.14207178,3.6058723,0.066436722,79.999979
23.269978,-3919.8266,0.25709827,0.48589535,0.10951721,4.7989702,0.053682892,79.999979
23.279978,-3920.0104,0.25724471,0.50320552,0.12518042,4.2565248,0.06365225,79.999979
23.289978,-3920.1943,0.25702962,0.52051569,0.14084364,3.7158509,0.073621607,79.999979
23.299978,-3920.3781,0.25681453,0.57175318,0.13528088,4.0870636,0.076998852,79.999979
23.309978,-3917.6428,0.25697551,0.48018229,0.13268315,4.0263942,0.06362102,79.999979
23.319978,-3922.1579,0.2573269,0.52801806,0.11250139,4.3594943,0.059199895,79.999979
23.329978,-3921.4212,0.25758726,0.5262707,0.10574142,4.8755588,0.054397687,79.999979
23.339978,-3921.4212,0.25756437,0.53096158,0.10775061,4.8159673,0.056391221,79.999979
23.349978,-3921.4212,0.25754148,0.53565246,0.10975979,4.7563759,0.058384755,79.999979
23.359978,-3921.4039,0.25751859,0.54034333,0.11176897,4.6967845,0.060378289,79.999979
23.369978,-3921.1369,0.25749569,0.51249806,0.11377816,4.6371931,0.053018364,79.999979
23.379978,-3920.8699,0.25722587,0.48329689,0.10361384,4.8750219,0.045268644,79.999979
23.389978,-3923.3417,0.25633515,0.57460692,0.10516353,5.8239242,0.060141239,79.999979
23.399978,-3923.7156,0.25627482,0.57995444,0.11942148,4.5794405,0.069291564,79.999979
23.409978,-3924.0689,0.2562738,0.55251555,0.12455538,4.5164801,0.066670337,79.999979
23.419978,-3924.3883,0.2562738,0.5107124,0.12612368,4.3663584,0.061877303,79.999979
23.429978,-3925.4489,0.2567517,0.56058147,0.1089566,5.0994119,0.061173838,79.999979
23.439978,-3924.6488,0.25657414,0.54377717,0.1044567,5.6548949,0.060080483,79.999979
23.449978,-3925.7262,0.25708611,0.53627643,0.10728335,5.2825088,0.057465356,79.999979
23.459978,-3926.369,0.25696667,0.52527846,0.13754926,3.5769534,0.072248928,79.999979
23.469978,-3925.8333,0.25715118,0.52830969,0.12479843,3.8252103,0.067808257,79.999979
23.479978,-3925.2975,0.25733569,0.53245741,0.12228181,4.0734671,0.065365598,79.999979
23.489978,-3924.0516,0.25725195,0.51401789,0.12522106,3.5508922,0.064365592,79.999979
23.499978,-3925.9445,0.25641738,0.54760321,0.11362086,4.6280564,0.062269658,79.999979
23.509978,-3928.0263,0.2573144,0.51197,0.12098066,4.2554901,0.061921708,79.999979
23.519978,-3926.015,0.25677123,0.50137331,0.1190396,4.4056212,0.057363315,79.999979
23.529978,-3925.4632,0.25683846,0.49876742,0.12354171,4.0096322,0.060274578,79.999979
23.539978,-3926.0628,0.25690568,0.49616153,0.12804382,3.810078,0.063185841,79.999979
23.549978,-3926.6625,0.25702105,0.61453836,0.11046882,5.2519004,0.067855832,79.999979
23.559978,-3928.7216,0.25633976,0.53473761,0.096357869,5.3510705,0.051004948,79.999979
23.569978,-3927.3292,0.25646655,0.54993533,0.1135821,4.7996373,0.061165565,79.999979
23.579978,-3929.101,0.25690381,0.50175991,0.11531654,4.155067,0.057873332,79.999979
23.589978,-3930.3431,0.25667212,0.63125721,0.12921712,4.4895141,0.081367506,79.999979
23.599977,-3930.3842,0.25644043,0.57025168,0.11316856,4.8197304,0.064530448,79.999979
23.609977,-3930.4253,0.25638828,0.50536997,0.10356629,5.136375,0.05294801,79.999979
23.619977,-3931.1663,0.25683768,0.57333736,0.1155718,4.8651225,0.075033358,79.999979
23.629977,-3928.9919,0.25717893,0.52512552,0.13842391,3.141459,0.072365444,79.999979
23.639977,-3930.8063,0.25633635,0.52719282,0.098361955,5.2971664,0.051974575,79.999979
23.649977,-3931.3173,0.25633635,0.55038009,0.10498097,5.3587184,0.059215065,79.999979
23.659977,-3931.8282,0.2562958,0.57356735,0.11445771,5.0923461,0.066455554,79.999979
23.669977,-3932.3392,0.25609843,0.59842408,0.12033508,4.8259737,0.071502828,79.999979
23.679977,-3931.2311,0.25627961,0.51624801,0.13474769,3.3130382,0.069570183,79.999979
23.689977,-3934.1795,0.25645897,0.56290818,0.11336355,5.0982064,0.063999992,79.999979
23.699977,-3937.5522,0.25626309,0.5516742,0.10715873,4.049604,0.059111067,79.999979
23.709977,-3935.8609,0.25651322,0.48657357,0.11433903,4.1743818,0.055060544,79.999979
23.719977,-3935.8609,0.25660476,0.49116222,0.11741769,4.12887,0.057343452,79.999979
23.729977,-3935.8609,0.25669629,0.49575087,0.12049635,4.0833583,0.05962636,79.999979
23.739977,-3935.8609,0.25678783,0.49632193,0.12091127,4.0378465,0.059706535,79.999979
23.749977,-3935.8609,0.25687937,0.4917639,0.11614239,3.9923347,0.056974555,79.999979
23.759977,-3935.8609,0.25693522,0.48720586,0.11137351,4.1875269,0.054242576,79.999979
23.769977,-3939.6111,0.25608107,0.5565993,0.11107693,4.7407869,0.063841726,79.999979
23.779977,-3940.5001,0.25615577,0.53103699,0.12569844,4.4493174,0.064466076,79.999979
23.789977,-3940.5507,0.25612459,0.48871193,0.10219017,4.6141805,0.057688441,79.999979
23.799977,-3940.6013,0.25609327,0.49346587,0.10505514,4.6041294,0.055245344,79.999979
23.809977,-3939.8197,0.25606195,0.50401162,0.11370853,4.5491171,0.057395342,79.999979
23.819977,-3938.3246,0.25696535,0.51225204,0.13113715,3.8028955,0.06643131,79.999979
23.829977,-3939.1012,0.25588574,0.56569787,0.12618961,4.8629728,0.070832835,79.999979
23.839977,-3939.1012,0.25626802,0.52407362,0.15293961,4.1726259,0.077433138,79.999979
23.849977,-3939.1012,0.25665031,0.53888597,0.13369714,3.482279,0.070975068,79.999979
23.859977,-3939.8374,0.2570326,0.56953864,0.11445466,4.3808218,0.06493548,79.999979
23.869977,-3938.4368,0.25581054,0.50349617,0.11684889,4.2404636,0.057409996,79.999979
23.879977,-3940.715,0.25764416,0.52378548,0.11876252,4.360862,0.062204954,79.999979
23.889977,-3942.9401,0.25584021,0.51926481,0.14787899,4.2397702,0.07680801,79.999979
23.899977,-3942.3635,0.25652838,0.51267619,0.11644201,4.072659,0.054802681,79.999979
23.909977,-3943.3562,0.256483,0.55233644,0.1179712,4.282616,0.064579898,79.999979
23.919977,-3943.8103,0.256483,0.61004272,0.11764414,5.3588615,0.073205274,79.999979
23.929977,-3944.2643,0.256483,0.61189375,0.13442244,4.7801938,0.082477706,79.999979
23.939977,-3944.3463,0.25654656,0.51934935,0.11317511,4.4671989,0.058701288,79.999979
23.949977,-3942.7175,0.25610942,0.56387354,0.11959978,4.5363283,0.067560503,79.999979
23.959977,-3945.5636,0.25617202,0.51209154,0.1067834,3.7114174,0.05452065,79.999979
23.969977,-3947.309,0.25590526,0.53116769,0.098333821,5.0555229,0.054331709,79.999979
23.979977,-3945.6018,0.25567896,0.5507949,0.10847319,5.2345135,0.061236948,79.999979
23.989977,-3945.6018,0.25545265,0.57042212,0.11861255,4.8055819,0.068142186,79.999979
23.999977,-3945.6018,0.25533192,0.56511108,0.11511899,4.5584566,0.0650154,79.999979
24.009977,-3945.9219,0.2569599,0.51158346,0.1183184,4.0969061,0.060986751,79.999979
24.019977,-3948.1571,0.25682744,0.50753643,0.15645514,3.0804583,0.079350189,79.999979
24.029977,-3944.6529,0.25548332,0.5328886,0.1048325,3.939422,0.062127183,79.999979
24.039977,-3945.7825,0.2557656,0.53030088,0.1044227,5.3009705,0.061633073,79.999979
24.049977,-3946.2396,0.25604789,0.52771317,0.11109919,4.7927473,0.061138964,79.999979
24.059977,-3946.6464,0.25655579,0.55793184,0.11709817,4.6426472,0.065390538,79.999979
24.069977,-3947.0646,0.25739457,0.51940176,0.14813918,3.4810422,0.076941336,79.999979
24.079977,-3946.4112,0.25641274,0.60029111,0.11499304,5.1010359,0.068162243,79.999979
24.089977,-3948.1213,0.25593015,0.53087371,0.11604053,4.161434,0.073799596,79.999979
24.099977,-3948.9252,0.25651065,0.52645515,0.15260692,3.5117524,0.080370042,79.999979
24.109977,-3949.2149,0.25657786,0.50755462,0.14945443,3.4598293,0.071921124,79.999979
24.119977,-3949.6361,0.25657075,0.49675001,0.13976268,3.533885,0.06359246,79.999979
24.129977,-3950.2463,0.2557462,0.57581769,0.10719735,5.2503005,0.06205939,79.999979
24.139977,-3949.8957,0.25567927,0.54041553,0.088606437,5.4869902,0.047436007,79.999979
24.149977,-3952.1406,0.2564882,0.50831894,0.13678684,3.8035802,0.054057486,79.999979
24.159977,-3952.8808,0.2564339,0.50882942,0.14388327,3.9956211,0.065327763,79.999979
24.169977,-3952.8035,0.25637932,0.50818922,0.13776487,3.7283631,0.063379073,79.999979
24.179977,-3952.7262,0.25632474,0.50754903,0.13164647,3.461105,0.061430384,79.999979
24.189977,-3952.6488,0.25627016,0.50690883,0.12552807,3.5274656,0.059481694,79.999979
24.199977,-3952.5715,0.25621558,0.50626863,0.11940966,3.8769912,0.057533004,79.999979
24.209977,-3952.4942,0.256161,0.50562843,0.11329126,4.2265168,0.055584314,79.999979
24.219977,-3952.4169,0.25610642,0.50498824,0.10717286,4.5760424,0.053635624,79.999979
24.229977,-3950.6509,0.25549072,0.56329038,0.095708823,5.7605646,0.05384195,79.999979
24.239977,-3952.9924,0.25546046,0.51548672,0.12508564,4.0383796,0.064516965,79.999979
24.249977,-3952.1366,0.25642742,0.51494525,0.12825347,4.0237218,0.066091877,79.999979
24.259977,-3954.8418,0.25650364,0.57366569,0.12207269,4.4335609,0.0700395,79.999979
24.269977,-3955.7003,0.25582956,0.50739078,0.12262736,4.7471601,0.060623557,79.999979
24.279977,-3955.3731,0.25644616,0.52287774,0.11168838,4.911304,0.054255528,79.999979
24.289977,-3954.7115,0.25656255,0.51959707,0.13813294,4.5626738,0.05334206,79.999979
24.299977,-3954.0499,0.25667894,0.51631641,0.13305236,4.2140436,0.052428592,79.999979
24.309977,-3953.3883,0.25679533,0.51303574,0.12797178,3.8654134,0.051515124,79.999979
24.319977,-3955.3549,0.25565713,0.50975508,0.1228912,3.790743,0.050601656,79.999979
24.329977,-3957.1768,0.25612715,0.50647442,0.11781061,4.0264946,0.049688188,79.999979
24.339977,-3958.796,0.25534855,0.50319375,0.11273003,4.2622462,0.04877472,79.999979
24.349977,-3958.8043,0.25550302,0.49991309,0.10764945,4.4979979,0.047861251,79.999979
24.359977,-3958.938,0.2557516,0.49663242,0.10256886,4.7337495,0.046947783,79.999979
24.369977,-3960.6255,0.25573558,0.49335176,0.097488282,4.9695011,0.046034315,79.999979
24.379977,-3959.3915,0.25624478,0.49007109,0.092407699,5.2052527,0.045120847,79.999979
24.389977,-3962.0476,0.25492402,0.83797689,0.17238513,5.0960939,0.31066288,79.999979
24.399977,-3964.0413,0.25582612,1.2198196,0.26058215,4.9536047,0.60195384,79.999979
24.409977,-3962.0215,0.25557201,1.6016623,0.34877917,4.8111156,0.8932448,79.999979
24.419977,-3962.2385,0.25567216,1.983505,0.43697619,4.6686264,1.1845358,79.999979
24.429977,-3962.8792,0.2561141,2.3653477,0.52517321,4.5261372,1.4758267,79.999979
24.439977,-3965.6266,0.25627727,2.7471905,0.61337023,4.3836481,1.7671177,79.999979
24.449977,-3966.2462,0.25555672,2.9086574,0.66321749,4.2869964,1.9084982,79.999979
24.459977,-3970.6266,0.25559161,2.9155673,0.67280905,4.2384604,1.9447413,79.999979
24.469977,-3969.7925,0.25608156,2.9224771,0.6824006,4.1899244,1.9809843,79.999979
24.479977,-3970.5295,0.25577689,2.9293869,0.69199215,4.1413884,2.0172274,79.999979
24.489977,-3971.7517,0.25527162,2.9362968,0.70158371,4.0928524,2.0534705,79.999979
24.499977,-3971.1382,0.25459293,2.9432066,0.71117526,4.0443164,2.0897136,79.999979
24.509977,-3973.7774,0.25526781,2.9501165,0.72076681,3.9957804,2.1259567,79.999979
24.519977,-3976.0804,0.25467982,2.9484369,0.71611267,4.0118698,2.1091522,79.999979
24.529977,-3973.8564,0.25467982,2.9454553,0.70824551,4.0480131,2.0843065,79.999979
24.539977,-3973.8564,0.25473804,2.9424737,0.70037834,4.0841564,2.0594609,79.999979
24.549977,-3973.7493,0.25478723,2.9394921,0.69251118,4.1202997,2.0346152,79.999979
24.559977,-3975.5073,0.25513145,2.9365105,0.68464401,4.156443,2.0097696,79.999979
24.569977,-3976.1788,0.25584754,2.9335289,0.67677685,4.1925863,1.9849239,79.999979
24.579977,-4210.8998,0.24558691,2.9305473,0.66890969,4.2287296,1.9600782,79.999979
24.589977,-4211.3455,0.24572046,2.9275657,0.66104252,4.2648729,1.9352326,79.999979
24.599977,-4211.7913,0.24585402,2.9418682,0.67544714,4.3010162,1.9930221,79.999979
24.609977,-4212.2371,0.24598757,2.9577295,0.69483123,4.3371595,2.0582647,79.999979
24.619977,-4208.6377,0.24629404,2.9633555,0.70936645,4.0770097,2.1021154,79.999979
24.629977,-4209.2843,0.24748867,3.0222057,0.67873169,4.305718,2.0536803,79.999979
24.639977,-4200.6891,0.24756348,3.0261119,0.73025822,4.0703305,2.2267645,79.999979
24.649976,-4186.0659,0.24710536,2.9813395,0.71721714,4.1661177,2.1381567,79.999979
24.659976,-4186.0659,0.24715339,3.0084529,0.70458545,4.0632872,2.1263043,79.999979
24.669976,-4186.0659,0.24741161,3.0173111,0.69195376,4.2144146,2.1748819,79.999979
24.679976,-4179.5326,0.24766983,3.0261693,0.73149512,4.0362898,2.2234595,79.999979
24.689976,-4153.9744,0.25072508,3.0215587,0.73368607,4.0071986,2.2081205,79.999979
24.699976,-4131.5644,0.25005098,3.0295803,0.69098101,4.2934034,2.093386,79.999979
24.709976,-4116.2965,0.25020949,3.0305378,0.68821241,4.3050529,2.0857122,79.999979
24.719976,-4112.6277,0.25095909,3.0649102,0.6905472,4.3104776,2.1166102,79.999979
24.729976,-4108.9589,0.25122728,3.0992826,0.69288198,4.3605288,2.1475083,79.999979
24.739976,-4102.6727,0.25149547,3.0132149,0.7024662,4.2231238,2.0978914,79.999979
24.749976,-4088.9725,0.25278831,3.078733,0.70580604,4.283808,2.1622397,79.999979
24.759976,-4059.4103,0.25184183,3.0672408,0.70754217,4.2268907,2.211709,79.999979
24.769976,-4045.6764,0.25313765,3.0726327,0.74113664,4.043701,2.2769478,79.999979
24.779976,-4042.677,0.25344236,3.1108685,0.73125,4.0665916,2.2741116,79.999979
24.789976,-4039.6775,0.25348774,3.1491043,0.72136335,4.2338645,2.2712754,79.999979
24.799976,-4031.7404,0.25353312,3.0577545,0.71390651,4.2034332,2.1829793,79.999979
24.809976,-4014.2585,0.25385126,3.0805241,0.72342945,4.0435255,2.2285701,79.999979
24.819976,-3991.3355,0.25587592,3.0817015,0.72616433,4.3088441,2.2378071,79.999979
24.829976,-3973.3401,0.25729435,3.0951363,0.74589052,4.0401251,2.2767879,79.999979
24.839976,-3959.3021,0.25705404,3.0955824,0.72069035,4.1773928,2.2206469,79.999979
24.849976,-3956.5516,0.25696771,3.128059,0.71430708,4.2758246,2.238179,79.999979
24.859976,-3953.8012,0.25688138,3.1639096,0.72010991,4.2919661,2.2784895,79.999979
24.869976,-3945.3839,0.25826799,3.0839294,0.71733579,4.1905706,2.2871785,79.999979
24.879976,-3923.2027,0.25855787,3.1235954,0.7077939,4.3010866,2.2050671,79.999979
24.889976,-3887.2626,0.2598515,3.0988164,0.72592651,4.2026471,2.2528952,79.999979
24.899976,-3875.7358,0.2601968,3.0985414,0.73297656,4.1686339,2.2381961,79.999979
24.909976,-3871.7277,0.25999704,3.0995291,0.75545419,3.9966037,2.2568819,79.999979
24.919976,-3867.7196,0.25979727,3.1005169,0.74250896,4.0742202,2.2755677,79.999979
24.929976,-3860.6902,0.2595975,3.1313739,0.72468488,4.2205811,2.2688336,79.999979
24.939976,-3838.5117,0.260411,0.62426638,0.13033025,4.7456227,0.081184314,79.999979
24.949976,-3821.7369,0.26166823,0.51581663,0.13780489,3.6400101,0.067541456,79.999979
24.959976,-3807.9555,0.2613318,0.53868201,0.1063442,4.6698377,0.059465026,79.999979
24.969976,-3806.8511,0.26119812,0.5609392,0.11260894,4.9384378,0.064815505,79.999979
24.979976,-3805.7467,0.26148874,0.58319639,0.11887367,4.8398024,0.070165984,79.999979
24.989976,-3804.6424,0.26187381,0.5918873,0.1198812,4.8064095,0.07106155,79.999979
24.999976,-3800.23,0.26221625,0.52516292,0.090993529,5.5208344,0.047338722,79.999979
25.009976,-3806.5039,0.2606701,0.4935475,0.11488782,4.2006931,0.056706006,79.999979
25.019976,-3811.2062,0.2611665,0.52223305,0.11070571,4.370426,0.057867436,79.999979
25.029976,-3810.5796,0.26129626,0.5244995,0.10081755,5.0003946,0.064963041,79.999979
25.039976,-3809.9529,0.26142603,0.52676594,0.12245981,4.4464456,0.072058647,79.999979
25.049976,-3809.3263,0.2615437,0.52903239,0.14943522,3.509204,0.079154252,79.999979
25.059976,-3809.5259,0.26138239,0.54021946,0.096766357,5.2310726,0.058886307,79.999979
25.069976,-3818.2804,0.26136833,0.51253621,0.13039084,4.0325061,0.066968229,79.999979
25.079976,-3821.3338,0.26073023,0.49107375,0.11725821,4.3084234,0.057549234,79.999979
25.089976,-3820.4445,0.26076161,0.55376597,0.12374937,3.9449854,0.064693752,79.999979
25.099976,-3820.2761,0.26079298,0.5468876,0.12882878,3.9615592,0.061913234,79.999979
25.109976,-3820.1077,0.26082435,0.54000923,0.1339082,3.978133,0.059132716,79.999979
25.119976,-3819.9393,0.26085572,0.53313086,0.12800565,4.1386939,0.056352198,79.999979
25.129976,-3819.7709,0.2608871,0.52625249,0.10820031,4.6640077,0.05357168,79.999979
25.139976,-3819.6025,0.26094533,0.52630973,0.10286776,5.1893214,0.055115182,79.999979
25.149976,-3820.0475,0.2610218,0.53076009,0.11226348,5.0108879,0.059519726,79.999979
25.159976,-3820.5858,0.26109827,0.52285683,0.11695793,4.7732645,0.061002265,79.999979
25.169976,-3821.1241,0.26095437,0.51836365,0.1212713,4.3846467,0.062524728,79.999979
25.179976,-3821.4164,0.26091204,0.50377492,0.10319396,4.9477198,0.055650931,79.999979
25.189976,-3825.8326,0.2610766,0.55120272,0.11022497,4.870021,0.065660712,79.999979
25.199976,-3828.0035,0.26130394,0.59312962,0.11074806,4.8742236,0.060959009,79.999979
25.209976,-3828.7596,0.2609487,0.51057472,0.11383221,4.3795588,0.06377409,79.999979
25.219976,-3829.3173,0.2606494,0.51471163,0.11691463,4.4459564,0.066421131,79.999979
25.229976,-3829.875,0.26035009,0.51884854,0.12954456,4.0955681,0.069068173,79.999979
25.239976,-3831.9657,0.26005079,0.52712443,0.13593508,3.7664727,0.071655433,79.999979
25.249976,-3831.3054,0.26028751,0.49494502,0.12706586,4.188466,0.062787264,79.999979
25.259976,-3834.0681,0.26044532,0.50762673,0.12095129,4.1095775,0.061408622,79.999979
25.269976,-3835.7801,0.26112044,0.49152437,0.10688305,4.4809144,0.052533819,79.999979
25.279976,-3835.5317,0.26101182,0.49255812,0.10400453,4.6291086,0.051224141,79.999979
25.289976,-3835.377,0.26090319,0.49359188,0.101126,4.7773028,0.049914464,79.999979
25.299976,-3835.2224,0.26072505,0.51343879,0.11710638,4.3642627,0.065476579,79.999979
25.309976,-3838.3772,0.26016357,0.52179241,0.11548426,4.4094902,0.062118638,79.999979
25.319976,-3837.9468,0.26064602,0.49788087,0.13609525,3.2492436,0.067959964,79.999979
25.329976,-3834.5703,0.26008559,0.48049205,0.1209018,4.7445455,0.055738869,79.999979
25.339976,-3834.5703,0.26003787,0.53940964,0.12424832,3.8978652,0.065885549,79.999979
25.349976,-3835.3758,0.25999015,0.59832723,0.12759485,4.4055312,0.076032228,79.999979
25.359976,-3836.2409,0.25994244,0.55735276,0.13280104,4.3177222,0.073761877,79.999979
25.369976,-3839.1596,0.25960167,0.58308748,0.15085933,3.6300845,0.084948325,79.999979
25.379976,-3840.3818,0.25925626,0.54423866,0.117121,4.298459,0.063831661,79.999979
25.389976,-3842.8629,0.26002117,0.51945872,0.11680011,4.3500191,0.0606711,79.999979
25.399976,-3842.8629,0.25981527,0.49288194,0.12684002,4.1389261,0.062498955,79.999979
25.409976,-3842.8629,0.25981527,0.52391117,0.12317006,3.9278332,0.064042947,79.999979
25.419976,-3842.8731,0.25981527,0.54236456,0.11801714,3.9925249,0.067365968,79.999979
25.429976,-3843.9166,0.25917899,0.52666733,0.11018153,5.0566318,0.058014718,79.999979
25.439976,-3842.4189,0.26032483,0.50824734,0.10529042,5.1884127,0.053538973,79.999979
25.449976,-3846.5871,0.25982852,0.5205462,0.10257,4.9383286,0.053491094,79.999979
25.459976,-3849.3696,0.25985433,0.49646608,0.13688173,4.1795794,0.055239305,79.999979
25.469976,-3849.3696,0.25998248,0.50871237,0.14905813,3.0680377,0.055362356,79.999979
25.479976,-3849.3696,0.26011064,0.52095866,0.12218331,4.1414001,0.055485406,79.999979
25.489976,-3849.3696,0.26017935,0.53387977,0.13346071,4.2947022,0.071422322,79.999979
25.499976,-3849.1992,0.25957845,0.56021871,0.1047865,5.2658846,0.05968722,79.999979
25.509976,-3853.6934,0.25998151,0.53053979,0.13495501,3.8336478,0.071598701,79.999979
25.519976,-3853.9563,0.25992226,0.5442059,0.098352641,5.2173386,0.054796944,79.999979
25.529976,-3852.9432,0.25957061,0.60431891,0.1054769,5.1997473,0.063545981,79.999979
25.539976,-3852.9424,0.25921896,0.52488733,0.11260115,5.1821561,0.057588249,79.999979
25.549976,-3852.9416,0.2589792,0.47257777,0.10797228,4.7332893,0.052006273,79.999979
25.559976,-3855.1149,0.25899744,0.49416719,0.11263755,4.5125841,0.054712238,79.999979
25.569976,-3856.986,0.25884968,0.49963334,0.11561864,4.2277641,0.057775223,79.999979
25.579976,-3856.7702,0.25860335,0.53188668,0.12257958,4.3188394,0.065383052,79.999979
25.589976,-3860.9768,0.25959745,0.4653504,0.10775636,4.4209441,0.050161529,79.999979
25.599976,-3861.3315,0.25963999,0.52467249,0.1144447,4.3766468,0.060049383,79.999979
25.609976,-3861.7761,0.25957223,0.52489569,0.1203158,4.3142138,0.063392227,79.999979
25.619976,-3862.2207,0.25947035,0.52223429,0.12991138,3.9596554,0.067897823,79.999979
25.629976,-3861.4863,0.25928504,0.52533282,0.12393776,4.1379657,0.064993643,79.999979
25.639976,-3865.4986,0.25982693,0.50987473,0.10359846,4.942237,0.05334542,79.999979
25.649976,-3868.2727,0.25863803,0.49536323,0.09274392,5.2582467,0.046041076,79.999979
25.659976,-3867.464,0.25814096,0.50282482,0.12235977,4.0261241,0.069802151,79.999979
25.669976,-3867.5775,0.25825228,0.50881371,0.10138369,4.8821251,0.062879255,79.999979
25.679976,-3867.614,0.2583636,0.51480259,0.10310282,4.8808945,0.055956359,79.999979
25.689976,-3867.614,0.25847492,0.52226214,0.10520755,4.8618305,0.054949044,79.999979
25.699975,-3872.7537,0.25885153,0.47056287,0.10418388,4.6040232,0.049783843,79.999979
25.709975,-3873.3332,0.25873032,0.49998084,0.12265048,3.3319441,0.061147346,79.999979
25.719975,-3873.5495,0.25951797,0.48166587,0.10754461,4.3713992,0.051886813,79.999979
25.729975,-3875.3535,0.25924579,0.5189746,0.11529153,4.3714767,0.059799324,79.999979
25.739975,-3875.7307,0.25897361,0.56168918,0.11288595,4.3715542,0.063029499,79.999979
25.749975,-3876.1078,0.25905067,0.58170828,0.10945368,4.7470524,0.064154753,79.999979
25.759975,-3877.6061,0.25995957,0.52273001,0.12918846,3.809861,0.067525149,79.999979
25.769975,-3876.709,0.2582023,0.49870607,0.15970536,3.511986,0.079645691,79.999979
25.779975,-3879.8484,0.25857685,0.59000411,0.10006957,5.4060503,0.059954728,79.999979
25.789975,-3880.2102,0.25873245,0.53842614,0.121854,5.8536543,0.065684686,79.999979
25.799975,-3880.5719,0.25858569,0.52195261,0.14537246,4.3359503,0.072656309,79.999979
25.809975,-3881.0532,0.25841803,0.51060877,0.15088892,3.3994766,0.076213481,79.999979
25.819975,-3881.099,0.25840072,0.54929989,0.11853677,4.4059463,0.065158577,79.999979
25.829975,-3881.0779,0.25782342,0.51759906,0.12458698,4.1563895,0.064488673,79.999979
25.839975,-3886.6158,0.25890897,0.50533673,0.12496383,4.0041688,0.063156485,79.999979
25.849975,-3886.6158,0.25876947,0.50474729,0.11059146,4.3925787,0.06002272,79.999979
25.859975,-3886.4172,0.25862097,0.52790498,0.11215805,4.4995581,0.05993825,79.999979
25.869975,-3886.1495,0.25847247,0.55835825,0.11890117,4.534898,0.070126812,79.999979
25.879975,-3885.2921,0.25854848,0.53267045,0.14609875,3.4968872,0.077003243,79.999979
25.889975,-3888.8203,0.25845617,0.48056385,0.14958554,3.2670699,0.071828406,79.999979
25.899975,-3891.3008,0.25815994,0.55626688,0.12065942,4.8344701,0.067275901,79.999979
25.909975,-3890.7626,0.25823706,0.51683728,0.1021195,4.9407888,0.062561939,79.999979
25.919975,-3891.0084,0.25815722,0.52098247,0.10062525,5.0243522,0.058588615,79.999979
25.929975,-3891.2541,0.25807739,0.52512765,0.099131004,5.1079155,0.054615292,79.999979
25.939975,-3891.4999,0.25799755,0.52871981,0.098145104,5.1914788,0.052027873,79.999979
25.949975,-3891.7457,0.25791771,0.53094639,0.099420634,5.2750421,0.052862571,79.999979
25.959975,-3892.0807,0.25783787,0.53317297,0.10069616,5.2302454,0.05369727,79.999979
25.969975,-3892.5639,0.25775803,0.52354542,0.10197169,5.1491665,0.055139431,79.999979
25.979975,-3893.0471,0.25767819,0.51221256,0.10811677,4.8757995,0.056668981,79.999979
25.989975,-3893.5304,0.25759836,0.50087969,0.116048,4.4542902,0.058198531,79.999979
25.999975,-3893.1152,0.25822712,0.53956917,0.11352211,4.5113262,0.065665532,79.999979
26.009975,-3893.5544,0.25768786,0.50797136,0.11619348,4.6966037,0.059089371,79.999979
26.019975,-3895.3458,0.25867133,0.55043258,0.13792012,4.1373799,0.072544297,79.999979
26.029975,-3896.1074,0.25831291,0.5055467,0.10793974,4.6026408,0.054292561,79.999979
26.039975,-3897.8266,0.25815895,0.50176695,0.11316677,4.3761741,0.056615877,79.999979
26.049975,-3897.8869,0.258005,0.49798721,0.1183938,4.1497075,0.058939193,79.999979
26.059975,-3897.9473,0.2578595,0.56208623,0.11485067,4.4075136,0.060631862,79.999979
26.069975,-3895.7062,0.2582437,0.54469027,0.10964092,4.601478,0.059786032,79.999979
26.079975,-3897.2801,0.25792615,0.50074188,0.11039443,4.5017922,0.055282911,79.999979
26.089975,-3895.5102,0.25868056,0.5190569,0.15240986,3.2877067,0.079073451,79.999979
26.099975,-3895.3583,0.25868056,0.53321681,0.12950217,3.6645272,0.068926215,79.999979
26.109975,-3895.3583,0.25868056,0.54537448,0.11879595,4.0413477,0.065707646,79.999979
26.119975,-3895.3583,0.25868056,0.55640256,0.11870238,4.4181682,0.066397967,79.999979
26.129975,-3895.4839,0.25818013,0.52894296,0.10448097,4.9619614,0.055705744,79.999979
26.139975,-3901.7646,0.25771005,0.52587404,0.1019976,4.6331843,0.053603826,79.999979
26.149975,-3900.2057,0.25659585,0.49526437,0.11441543,4.7765738,0.058426441,79.999979
26.159975,-3900.8683,0.25668565,0.48138631,0.12567772,3.5841708,0.062057043,79.999979
26.169975,-3901.7514,0.25710245,0.48945816,0.11796257,3.9835946,0.05964075,79.999979
26.179975,-3902.6344,0.25751926,0.49753002,0.11468907,4.1502904,0.057224457,79.999979
26.189975,-3903.2888,0.25744998,0.4831057,0.12158498,3.966278,0.058634997,79.999979
26.199975,-3906.2493,0.25797268,0.50560508,0.13530774,3.6372894,0.068408626,79.999979
26.209975,-3904.2669,0.25705743,0.53688439,0.12734022,4.041012,0.068378458,79.999979
26.219975,-3906.37,0.25719162,0.54527538,0.1195698,4.7816181,0.06128794,79.999979
26.229975,-3906.5293,0.25741505,0.51148207,0.11939456,4.4126003,0.059047718,79.999979
26.239975,-3906.6886,0.25772826,0.47768875,0.11921932,3.9829768,0.056807495,79.999979
26.249975,-3908.1462,0.25796753,0.5474133,0.13317301,3.7305828,0.073333008,79.999979
26.259975,-3909.7287,0.25707772,0.52339967,0.12495517,4.1339947,0.061306711,79.999979
26.269975,-3912.3512,0.25804469,0.52632808,0.14809331,3.6231069,0.07786186,79.999979
26.279975,-3913.0509,0.2582724,0.51582548,0.11422483,4.3948199,0.057993394,79.999979
26.289975,-3913.7265,0.25818687,0.52826229,0.10800674,4.7465487,0.056833781,79.999979
26.299975,-3914.2071,0.25810133,0.5161512,0.10178865,5.0982775,0.052586255,79.999979
26.309975,-3914.6877,0.25688941,0.50892766,0.099420356,5.0367145,0.057978804,79.999979
26.319975,-3913.6259,0.25749733,0.50132162,0.15712142,3.8005267,0.059231214,79.999979
26.329975,-3916.2103,0.25766812,0.48006105,0.1203166,4.2278032,0.057674647,79.999979
26.339975,-3917.1926,0.25795651,0.51576772,0.092141373,5.5254444,0.046848032,79.999979
26.349975,-3917.1926,0.2576135,0.49589269,0.11655652,4.3189765,0.048180449,79.999979
26.359975,-3917.1926,0.2572705,0.47601766,0.11258272,4.2225298,0.049512867,79.999979
26.369975,-3917.0753,0.25692749,0.47679055,0.11315173,4.0936557,0.056630672,79.999979
26.379975,-3919.6958,0.25613284,0.51790846,0.14441819,3.3401073,0.066607999,79.999979
26.389975,-3923.6809,0.25680376,0.4859687,0.11595006,5.1684971,0.056365833,79.999979
26.399975,-3925.6062,0.2566937,0.48044586,0.11155157,4.5193546,0.056335385,79.999979
26.409975,-3927.1086,0.25676634,0.5016501,0.10977302,4.4774476,0.057492357,79.999979
26.419975,-3928.1105,0.25683897,0.50979695,0.11539635,4.3122368,0.060591609,79.999979
26.429975,-3928.7831,0.2569116,0.49861599,0.12101967,4.147026,0.066565864,79.999979
26.439975,-3929.4556,0.25695218,0.48743503,0.14729316,3.2957224,0.072540118,79.999979
26.449975,-3929.9339,0.2567159,0.54849499,0.11903564,4.7363263,0.065328779,79.999979
26.459975,-3928.4402,0.25698545,0.5412293,0.11628178,5.0364434,0.063265222,79.999979
26.469975,-3928.6425,0.25679588,0.52278545,0.11620599,4.2120514,0.060086454,79.999979
26.479975,-3928.9021,0.25660631,0.54732169,0.11148616,4.5213061,0.062142404,79.999979
26.489975,-3929.1617,0.25641674,0.58763814,0.11582273,4.8099367,0.068187214,79.999979
26.499975,-3930.5761,0.2567834,0.53738482,0.11547453,4.2567467,0.06663951,79.999979
26.509975,-3930.8629,0.25666348,0.52663176,0.13123192,3.5319866,0.069099086,79.999979
26.519975,-3928.1866,0.25724901,0.51544483,0.1138503,4.3778896,0.058775557,79.999979
26.529975,-3930.3045,0.25761621,0.57830179,0.11721926,4.8349926,0.065102067,79.999979
26.539975,-3930.2146,0.2579566,0.55414991,0.11423682,4.8498757,0.062124388,79.999979
26.549975,-3930.1248,0.2579566,0.53219053,0.11125438,4.759121,0.058457222,79.999979
26.559975,-3930.0493,0.25781094,0.52009923,0.096148421,5.3625707,0.057248847,79.999979
26.569975,-3929.4533,0.25721932,0.47961636,0.11339852,4.1192499,0.056774265,79.999979
26.579975,-3931.707,0.25641797,0.50230743,0.12014196,4.2126987,0.062252637,79.999979
26.589975,-3933.057,0.25659902,0.5272032,0.11728369,4.4143993,0.061877008,79.999979
26.599975,-3934.6011,0.25655227,0.51418554,0.11050886,4.658419,0.056840811,79.999979
26.609975,-3934.7843,0.25650551,0.51471397,0.10373402,4.9024387,0.056156398,79.999979
26.619975,-3934.9676,0.25644089,0.51806269,0.11378095,4.5100501,0.056630417,79.999979
26.629975,-3934.5283,0.25630654,0.51657391,0.12255427,4.1279183,0.063337627,79.999979
26.639975,-3936.2236,0.25753799,0.50890017,0.11224491,4.5210845,0.05701235,79.999979
26.649975,-3938.4985,0.25704095,0.52527859,0.1151039,4.6335289,0.061632991,79.999979
26.659975,-3938.5084,0.25696267,0.53421847,0.11819421,4.4523992,0.063896681,79.999979
26.669975,-3938.777,0.2568844,0.54315835,0.12128451,4.3888723,0.066160371,79.999979
26.679975,-3939.0456,0.2565398,0.52855571,0.12273311,4.3499209,0.063335993,79.999979
26.689975,-3936.9054,0.25618384,0.5564179,0.11361942,4.6240488,0.062758362,79.999979
26.699975,-3940.1124,0.25686829,0.50022178,0.11292044,4.8383789,0.056471899,79.999979
26.709975,-3940.7545,0.25667459,0.50616911,0.11451764,4.3670233,0.057975623,79.999979
26.719975,-3940.7545,0.25632517,0.51305314,0.12749643,4.0679725,0.065413193,79.999979
26.729975,-3940.7545,0.25632517,0.54920504,0.14047522,3.7689217,0.069221587,79.999979
26.739974,-3940.7754,0.25632517,0.58697682,0.12170051,4.0792396,0.073828586,79.999979
26.749974,-3944.0061,0.25624178,0.52206587,0.1326167,3.5169313,0.065149812,79.999979
26.759974,-3949.1173,0.25683826,0.50398934,0.1199419,4.0590233,0.0604494,79.999979
26.769974,-3946.744,0.25566634,0.52147953,0.11569112,4.5357526,0.062122492,79.999979
26.779974,-3949.0137,0.25584099,0.54804716,0.11424198,4.5586429,0.06261362,79.999979
26.789974,-3949.7321,0.25597222,0.5389505,0.11456759,4.6655946,0.063064698,79.999979
26.799974,-3949.8386,0.25610344,0.50555731,0.11515811,4.7454696,0.061557461,79.999979
26.809974,-3949.9289,0.25612068,0.49898002,0.11952661,4.1770187,0.064408935,79.999979
26.819974,-3950.8809,0.25659349,0.59165241,0.1223615,4.505338,0.074676276,79.999979
26.829974,-3951.1867,0.25635606,0.49193691,0.11692771,4.2688215,0.057688361,79.999979
26.839974,-3952.1426,0.25573445,0.60360867,0.12620804,4.4204863,0.08308487,79.999979
26.849974,-3952.5645,0.25599597,0.58672175,0.11452965,5.1487738,0.075390671,79.999979
26.859974,-3952.9864,0.25625748,0.56983484,0.11622643,4.8488186,0.067696472,79.999979
26.869974,-3955.1178,0.2565968,0.56804681,0.11647372,5.1898566,0.064769712,79.999979
26.879974,-3952.8071,0.25647886,0.52696023,0.098038503,5.2848835,0.051811837,79.999979
26.889974,-3957.8016,0.25635615,0.52733988,0.13651462,3.7936164,0.072091401,79.999979
26.899974,-3959.1229,0.25605426,0.48396926,0.10587922,5.025789,0.051338732,79.999979
26.909974,-3958.1854,0.25599978,0.49262351,0.12134996,4.424377,0.060058127,79.999979
26.919974,-3957.4065,0.2559453,0.50127775,0.1368207,3.789773,0.068777522,79.999979
26.929974,-3956.6978,0.25589081,0.5098988,0.12736239,3.9032486,0.064885804,79.999979
26.939974,-3957.9683,0.25574385,0.53035844,0.10254461,5.3099427,0.05437911,79.999979
26.949974,-3961.847,0.25597835,0.56126733,0.10207271,4.9955979,0.05706922,79.999979
26.959974,-3958.7013,0.25594975,0.49083433,0.12589996,4.052916,0.061397262,79.999979
26.969974,-3959.1329,0.25599212,0.49261262,0.13032531,3.655086,0.066427404,79.999979
26.979974,-3959.5646,0.25602916,0.50268564,0.14126475,3.4474325,0.072192203,79.999979
26.989974,-3960.2296,0.2560662,0.51301475,0.1503175,3.2917757,0.076592401,79.999979
26.999974,-3961.9587,0.2549565,0.50361287,0.13388788,3.4449052,0.057430959,79.999979
27.009974,-3962.91,0.25542421,0.53121887,0.10696367,4.8645093,0.056821216,79.999979
27.019974,-3965.8792,0.25547202,0.52250293,0.11896781,4.3473247,0.06215088,79.999979
27.029974,-3965.9536,0.25558082,0.52177716,0.099405637,5.1385218,0.055253271,79.999979
27.039974,-3966.0465,0.25558082,0.52062091,0.10195917,5.1008055,0.055730652,79.999979
27.049974,-3966.1395,0.25542197,0.51946466,0.10755654,4.8738711,0.056208032,79.999979
27.059974,-3967.2178,0.25513695,0.57630046,0.11046182,5.2480443,0.063642771,79.999979
27.069974,-3967.4558,0.25634801,0.49132541,0.13276818,3.4455506,0.060267544,79.999979
27.079974,-3970.5282,0.25468162,0.5342426,0.10566077,5.0030025,0.060128698,79.999979
27.089974,-3972.4509,0.25492514,0.53511804,0.14114123,3.6312523,0.07550406,79.999979
27.099974,-3972.4181,0.25497835,0.53419588,0.12958868,4.0328884,0.067661967,79.999979
27.109974,-3972.3853,0.25503155,0.53327372,0.11803612,4.4345246,0.059819873,79.999979
27.119974,-3972.3526,0.25508476,0.53235155,0.10363306,4.9999919,0.05197778,79.999979
27.129974,-3972.3198,0.25513797,0.53142939,0.085068663,5.936797,0.044135686,79.999979
27.139974,-3972.287,0.25516243,0.5177252,0.082968674,6.8736021,0.043359879,79.999979
27.149974,-3972.2543,0.25516243,0.49059604,0.10210308,5.509102,0.050005795,79.999979
27.159974,-3972.1861,0.25549432,0.48855965,0.13555294,3.5209441,0.068257874,79.999979
27.169974,-3973.5442,0.25489527,0.50162245,0.11834829,4.1951412,0.059343539,79.999979
27.179974,-3975.1435,0.25570975,0.54245422,0.12578557,4.1267935,0.068043061,79.999979
27.189974,-3973.9902,0.25544379,0.59145797,0.11186773,5.2323131,0.066156625,79.999979
27.199974,-3976.7878,0.25500365,0.49105374,0.12211307,3.8767931,0.062274496,79.999979
27.209974,-3978.4488,0.25422692,0.56468419,0.097707365,5.609837,0.054677166,79.999979
27.219974,-3977.0645,0.25422692,0.59264017,0.097006287,5.7967342,0.057754516,79.999979
27.229974,-3977.0645,0.25422692,0.55032947,0.096305209,5.9836313,0.058401664,79.999979
27.239974,-3977.0645,0.25444217,0.50801877,0.10852506,5.0871507,0.059048812,79.999979
27.249974,-3979.841,0.25429127,0.5204231,0.13672508,3.5116357,0.070921848,79.999979
27.259974,-3982.2233,0.25461551,0.54391969,0.13804499,4.0993194,0.074555891,79.999979
27.269974,-3981.023,0.255874,0.52085327,0.12774043,4.1424444,0.066528125,79.999979
27.279974,-3981.8703,0.25576091,0.51563439,0.14272395,3.8190668,0.073591683,79.999979
27.289974,-3982.7176,0.25563329,0.50983076,0.13385564,3.6167211,0.067222109,79.999979
27.299974,-3983.392,0.25550567,0.50023268,0.11983651,3.6496077,0.064108325,79.999979
27.309974,-3983.2016,0.25550362,0.54420134,0.09361335,4.5634125,0.063505395,79.999979
27.319974,-3984.0579,0.25450822,0.56343059,0.095882041,5.9933389,0.057528979,79.999979
27.329974,-3985.259,0.25520228,0.56552341,0.11134196,4.6783203,0.063063296,79.999979
27.339974,-3985.4137,0.25462446,0.49418509,0.115388,4.9162577,0.057380005,79.999979
27.349974,-3985.5684,0.25443135,0.50384165,0.11148219,4.4797664,0.054903319,79.999979
27.359974,-3985.7231,0.25423824,0.524428,0.10131361,4.0432751,0.052859346,79.999979
27.369974,-3986.6447,0.25424025,0.48313486,0.11431961,4.4913687,0.055230215,79.999979
27.379974,-3988.0266,0.25518288,0.53658636,0.10843461,5.3729509,0.058080012,79.999979
27.389974,-3988.2303,0.25460724,0.51167508,0.12164188,4.2427522,0.062593346,79.999979
27.399974,-3988.5552,0.25447806,0.48974031,0.12853345,3.4923414,0.069703069,79.999979
27.409974,-3988.9115,0.25476547,0.49886327,0.13780657,3.6689311,0.072560922,79.999979
27.419974,-3989.3159,0.25505288,0.50798623,0.14707968,3.3911201,0.075418775,79.999979
27.429974,-3989.7202,0.25527955,0.48002429,0.12208441,3.829873,0.058491139,79.999979
27.439974,-3988.9429,0.2544022,0.50351154,0.11701967,4.623992,0.059224065,79.999979
27.449974,-3990.844,0.25495373,0.48018593,0.13042621,4.0453427,0.059511706,79.999979
27.459974,-3991.5484,0.25582447,0.50164518,0.11801623,4.3877122,0.058649217,79.999979
27.469974,-3991.5484,0.25536889,0.52963756,0.11836206,4.1209951,0.060262706,79.999979
27.479974,-3991.5484,0.2549133,0.55762994,0.1128951,4.7005769,0.061876194,79.999979
27.489974,-3991.5484,0.25460738,0.57877681,0.12134073,4.8913204,0.070271092,79.999979
27.499974,-3991.5138,0.25375038,0.51278349,0.15300427,3.3133352,0.0788101,79.999979
27.509974,-3993.8445,0.25420241,0.52565937,0.12252106,4.289975,0.064320755,79.999979
27.519974,-3993.6032,0.25426597,0.58776379,0.1426618,4.0010439,0.080150793,79.999979
27.529974,-3992.3124,0.25421406,0.59960707,0.13588885,4.2666738,0.081087733,79.999979
27.539974,-3992.7483,0.25416215,0.5624999,0.12911591,4.5323037,0.071955638,79.999979
27.549974,-3993.1842,0.25411023,0.51900577,0.12000255,4.8086646,0.061509754,79.999979
27.559974,-3995.2137,0.25490304,0.54929704,0.11140305,4.3478425,0.061019854,79.999979
27.569974,-3997.1094,0.254238,0.51723892,0.11554595,4.3213941,0.059806314,79.999979
27.579974,-3996.1882,0.25508469,0.51172423,0.15023193,3.393079,0.06804127,79.999979
27.589974,-3997.2112,0.25495351,0.48370463,0.10038962,4.7631117,0.055101156,79.999979
27.599974,-3998.1123,0.25481419,0.47946225,0.10731462,4.416222,0.054809912,79.999979
27.609974,-3998.9824,0.25467488,0.47521987,0.11423961,4.0693322,0.054518668,79.999979
27.619974,-3999.8526,0.25457816,0.52915046,0.11018522,4.9258192,0.058307931,79.999979
27.629974,-4001.9983,0.25399792,0.54495104,0.11367385,4.6803646,0.068496032,79.999979
27.639974,-4002.3532,0.254396,0.53136094,0.11722983,4.700837,0.060744258,79.999979
27.649974,-4004.6024,0.25384653,0.49592286,0.10482288,4.7833182,0.052307656,79.999979
27.659974,-4004.518,0.25372386,0.49539248,0.10098905,4.7420372,0.050894771,79.999979
27.669974,-4004.4336,0.25360118,0.51805498,0.10218269,4.9416899,0.05322653,79.999979
27.679974,-4004.3492,0.25355031,0.51610968,0.12094024,4.2390252,0.062331009,79.999979
27.689974,-4006.1127,0.25434584,0.52945853,0.15194983,3.3803335,0.080450463,79.999979
27.699974,-4003.6437,0.25429264,0.47246858,0.11308394,4.1307826,0.053691704,79.999979
27.709974,-4006.2271,0.25496444,0.54919725,0.15130175,3.3643397,0.083819607,79.999979
27.719974,-4006.1208,0.25502349,0.53475222,0.14131506,3.7241858,0.077677808,79.999979
27.729974,-4006.0145,0.25508254,0.52030719,0.13132836,4.0840319,0.071536009,79.999979
27.739974,-4005.9082,0.25514159,0.50586216,0.12145721,4.4438779,0.065394211,79.999979
27.749974,-4005.8019,0.25520063,0.49141713,0.11652399,4.3620854,0.059252412,79.999979
27.759974,-4005.7426,0.25525968,0.47882794,0.11183166,4.2434327,0.053547469,79.999979
27.769974,-4006.0832,0.25520887,0.49942996,0.11144754,4.2210353,0.055655572,79.999979
27.779974,-4006.4238,0.25498686,0.51353144,0.11106342,4.3486457,0.059641553,79.999979
27.789973,-4006.7645,0.25476485,0.51935477,0.11067929,4.476256,0.066018931,79.999979
27.799973,-4007.6931,0.25454284,0.52517809,0.13696771,3.7648252,0.072396308,79.999979
27.809973,-4006.4474,0.25337895,0.5768202,0.11789333,4.706159,0.069439577,79.999979
27.819973,-4009.3572,0.25395665,0.50943375,0.12518009,4.0083421,0.063818944,79.999979
27.829973,-4010.4258,0.25412648,0.49996154,0.096667491,5.0787133,0.048878722,79.999979
27.839973,-4011.105,0.25419541,0.51158587,0.10201587,4.9391038,0.052625578,79.999979
27.849973,-4010.3335,0.25426435,0.52321019,0.10736425,4.7994942,0.056372435,79.999979
27.859973,-4009.562,0.25433328,0.52594972,0.12111317,4.3957992,0.063663263,79.999979
27.869973,-4010.2636,0.25429198,0.5987747,0.11990169,5.0993313,0.068288118,79.999979
27.879973,-4012.2437,0.25386046,0.52378472,0.13692328,3.6906976,0.067968723,79.999979
27.889973,-4011.1873,0.25461551,0.51046643,0.13029839,3.5413932,0.069768247,79.999979
27.899973,-4010.9785,0.25461551,0.5318545,0.12309604,4.1729005,0.071508681,79.999979
27.909973,-4010.7697,0.25471792,0.55324257,0.12714535,4.2114454,0.073249115,79.999979
27.919973,-4011.0852,0.25489193,0.56191876,0.13413122,4.2499902,0.076197496,79.999979
27.929973,-4013.3533,0.25420578,0.52627138,0.11563088,4.5309608,0.056870757,79.999979
27.939973,-4015.0426,0.25360109,0.5268603,0.12092861,4.3268218,0.064075129,79.999979
27.949973,-4014.5589,0.25379477,0.52986909,0.10312502,5.6522555,0.061313361,79.999979
27.959973,-4015.4943,0.25352775,0.55893233,0.10121642,5.3845417,0.056548362,79.999979
27.969973,-4013.651,0.25345904,0.57428629,0.10561664,5.5562367,0.060412607,79.999979
27.979973,-4012.8463,0.2535123,0.52113136,0.11719746,4.8580347,0.060936982,79.999979
27.989973,-4012.8463,0.25356556,0.49993854,0.12877828,4.1598326,0.058109034,79.999979
27.999973,-4012.8463,0.25360462,0.48520685,0.12454925,3.869939,0.054603416,79.999979
28.009973,-4015.3229,0.25395248,0.52598116,0.11680641,4.6334364,0.062884741,79.999979
28.019973,-4016.0364,0.25343816,0.52845505,0.13069368,3.7320752,0.062696538,79.999979
28.029973,-4016.622,0.25312009,0.5255173,0.1228072,4.1402216,0.067951271,79.999979
28.039973,-4017.2721,0.25315064,0.58779973,0.12206656,4.3791383,0.071944971,79.999979
28.049973,-4017.9221,0.25330948,0.59698967,0.12132591,4.6180551,0.074195192,79.999979
28.059973,-4018.5354,0.25346833,0.60786409,0.13054061,4.5628736,0.077795196,79.999979
28.069973,-4019.1167,0.2531921,0.51879046,0.10910605,4.519676,0.056719034,79.999979
28.079973,-4018.0586,0.25351438,0.52170449,0.10464043,4.8806928,0.054393789,79.999979
28.089973,-4019.6116,0.25372695,0.51742918,0.11790908,4.6116921,0.060998757,79.999979
28.099973,-4019.9671,0.25360398,0.53641534,0.11660175,4.7458747,0.064200812,79.999979
28.109973,-4020.4453,0.2532976,0.5004239,0.1196735,4.3207387,0.060631204,79.999979
28.119973,-4020.9236,0.25290198,0.46443245,0.12274525,3.7549679,0.057061596,79.999979
28.129973,-4019.6702,0.25250636,0.59421593,0.11672319,5.0028726,0.069182377,79.999979
28.139973,-4019.0047,0.25351944,0.51194193,0.097469634,5.3630522,0.04578101,79.999979
28.149973,-4022.8157,0.25317059,0.49245823,0.1108567,4.3883829,0.054579406,79.999979
28.159973,-4024.0155,0.25309559,0.57261562,0.12451986,4.2864055,0.069043179,79.999979
28.169973,-4024.0155,0.25300869,0.5564245,0.11597674,4.5968644,0.063331918,79.999979
28.179973,-4024.0155,0.25300869,0.54023337,0.10743362,4.8995702,0.057620658,79.999979
28.189973,-4023.6961,0.25311393,0.55999562,0.1034548,5.3709168,0.058158206,79.999979
28.199973,-4024.9918,0.2536163,0.51163759,0.11256352,4.7731524,0.058232238,79.999979
28.209973,-4025.9905,0.25362248,0.61912983,0.099600125,5.5821327,0.063583394,79.999979
28.219973,-4024.7041,0.25322265,0.53411734,0.11621606,4.477052,0.063327286,79.999979
28.229973,-4023.9127,0.25314059,0.54628724,0.13030255,4.0998355,0.067088985,79.999979
28.239973,-4023.994,0.25305853,0.53398165,0.14438904,3.7226189,0.063163653,79.999979
28.249973,-4024.0752,0.25302967,0.57804981,0.099669683,5.0741138,0.059405763,79.999979
28.259973,-4026.6913,0.2532698,0.58051308,0.10788853,5.5925688,0.061670517,79.999979
28.269973,-4028.9146,0.2531822,0.57259827,0.12334598,4.3351369,0.075408666,79.999979
28.279973,-4028.7919,0.25258929,0.52219032,0.12352358,4.2124113,0.064540469,79.999979
28.289973,-4029.8183,0.2526317,0.54010489,0.12747663,4.0856798,0.067566672,79.999979
28.299973,-4030.8447,0.25267411,0.56939867,0.11329151,3.9589483,0.064089292,79.999979
28.309973,-4031.8711,0.25259404,0.52563665,0.10394572,5.3980231,0.055791617,79.999979
28.319973,-4034.8388,0.25288718,0.51965897,0.1278034,3.9768572,0.06602783,79.999979
28.329973,-4033.9797,0.25352462,0.4954112,0.12514683,4.1435683,0.061972861,79.999979
28.339973,-4035.0588,0.25278553,0.5001636,0.11452058,4.1858706,0.058116203,79.999979
28.349973,-4035.3312,0.2527418,0.49357848,0.11517186,4.2783851,0.057359012,79.999979
28.359973,-4035.6037,0.25281601,0.48699336,0.11582314,4.1475934,0.056601821,79.999979
28.369973,-4035.8761,0.25293689,0.54042185,0.11707663,4.38084,0.063393934,79.999979
28.379973,-4034.7207,0.25317263,0.5057488,0.11580204,4.3560308,0.058621195,79.999979
28.389973,-4036.9202,0.2532435,0.53636679,0.13896572,4.2122532,0.074649523,79.999979
28.399973,-4038.1812,0.25270362,0.52699337,0.11733061,4.3829004,0.061833652,79.999979
28.409973,-4038.5256,0.25284015,0.52459119,0.1025223,4.6561705,0.053784375,79.999979
28.419973,-4038.87,0.25298668,0.51744051,0.098409158,4.9294406,0.051258875,79.999979
28.429973,-4038.7196,0.25313321,0.52584034,0.096283202,5.1784521,0.052461759,79.999979
28.439973,-4035.4813,0.25251179,0.52396254,0.12208707,3.9643192,0.063947753,79.999979
28.449973,-4037.4633,0.25329155,0.54032347,0.12720965,4.0457842,0.069567906,79.999979
28.459973,-4034.8997,0.25299917,0.52846604,0.14536164,3.4541809,0.07665858,79.999979
28.469973,-4034.4455,0.2532287,0.51638643,0.11224802,4.5065812,0.064507236,79.999979
28.479973,-4034.4455,0.25345823,0.51762895,0.11313269,4.4899736,0.062484743,79.999979
28.489973,-4034.4455,0.25362746,0.51887147,0.11401737,4.4733661,0.06046225,79.999979
28.499973,-4034.4455,0.25362746,0.50632817,0.12103927,4.4567585,0.06154766,79.999979
28.509973,-4034.4455,0.25362746,0.48020716,0.13739074,4.440151,0.065694057,79.999979
28.519973,-4034.7748,0.25362746,0.45600722,0.15374221,3.7876628,0.069587908,79.999979
28.529973,-4035.3343,0.25362746,0.4788977,0.14235701,2.8633171,0.067291146,79.999979
28.539973,-4035.8938,0.25358599,0.50178819,0.13065477,3.5644523,0.064994384,79.999979
28.549973,-4036.4532,0.25351984,0.5110534,0.12972043,3.9669949,0.066209829,79.999979
28.559973,-4037.3356,0.25301988,0.55560923,0.10873742,4.9572942,0.060414851,79.999979
28.569973,-4038.0843,0.25246956,0.52953277,0.14785703,3.3631326,0.076483588,79.999979
28.579973,-4038.9703,0.25266458,0.50112351,0.11477971,4.3726219,0.057502801,79.999979
28.589973,-4041.194,0.25297877,0.86409187,0.19587913,4.2461145,0.33714034,79.999979
28.599973,-4037.8526,0.25288162,1.2366937,0.27821401,4.2615767,0.62307507,79.999979
28.609973,-4038.3981,0.25271481,1.6092956,0.3605489,4.277039,0.90900981,79.999979
28.619973,-4040.3443,0.25206698,1.9818975,0.44288378,4.2925013,1.1949445,79.999979
28.629973,-4039.1104,0.25245516,2.3544994,0.52521867,4.3079636,1.4808793,79.999979
28.639973,-4045.4519,0.25317771,2.7271012,0.60755355,4.3234258,1.766814,79.999979
28.649973,-4048.5721,0.25254164,2.9521934,0.66616974,4.3311033,1.9434346,79.999979
28.659973,-4048.9099,0.25236503,2.9563681,0.66879679,4.3204041,1.9563413,79.999979
28.669973,-4048.5958,0.25229359,2.9605428,0.67142385,4.309705,1.9692479,79.999979
28.679973,-4047.3887,0.25222258,2.9647174,0.67405091,4.2990059,1.9821545,79.999979
28.689973,-4047.1158,0.25226408,2.9688921,0.67667797,4.2883067,1.9950612,79.999979
28.699973,-4052.728,0.25261732,2.9730668,0.67930503,4.2776076,2.0079678,79.999979
28.709973,-4057.5026,0.25167784,2.9772414,0.68193209,4.2669085,2.0208744,79.999979
28.719973,-4056.2724,0.25180847,2.9814161,0.68455915,4.2562093,2.033781,79.999979
28.729973,-4055.5298,0.25187231,2.9855908,0.6871862,4.2455102,2.0466877,79.999979
28.739973,-4055.0979,0.25193615,2.9897654,0.68981326,4.2348111,2.0595943,79.999979
28.749973,-4057.7111,0.25234492,2.9939401,0.69244032,4.224112,2.0725009,79.999979
28.759973,-4061.9828,0.25137447,2.988097,0.69249549,4.216119,2.0687462,79.999979
28.769973,-4062.0713,0.25189745,2.9781515,0.6912066,4.209899,2.0581685,79.999979
28.779973,-4065.8826,0.25162071,2.968206,0.68991772,4.203679,2.0475907,79.999979
28.789973,-4065.9654,0.25151813,2.9582604,0.68862883,4.197459,2.0370129,79.999979
28.799973,-4065.5989,0.25151813,2.9483149,0.68733994,4.191239,2.0264351,79.999979
28.809973,-4066.9487,0.25179674,2.9383694,0.68605105,4.185019,2.0158573,79.999979
28.819973,-4069.3529,0.25097126,2.9346558,0.6850899,4.1827603,2.0109474,79.999979
28.829973,-4070.6024,0.25207456,2.9386006,0.68489581,4.1897728,2.0130026,79.999979
28.839972,-4073.3178,0.25077279,2.9425453,0.68470172,4.1967853,2.0150577,79.999979
28.849972,-4074.0551,0.25109083,2.94649,0.68450764,4.2037979,2.0171129,79.999979
28.859972,-4074.2775,0.2519265,2.9504347,0.68431355,4.2108104,2.019168,79.999979
28.869972,-4072.2999,0.25187681,2.9543795,0.68411946,4.2178229,2.0212232,79.999979
28.879972,-4272.1742,0.24364046,2.9583242,0.68392538,4.2248355,2.0232783,79.999979
28.889972,-4272.3739,0.24501131,2.9936672,0.68034456,4.328148,2.0568725,79.999979
28.899972,-4269.3644,0.24505368,2.9966753,0.69500828,4.1061762,2.1476699,79.999979
28.909972,-4266.604,0.24496763,3.0050326,0.68986066,4.2162,2.1128747,79.999979
28.919972,-4264.6466,0.24488158,3.0133899,0.68471304,4.2839178,2.0780795,79.999979
28.929972,-4262.6892,0.24479553,2.9943259,0.68219937,4.2944769,2.042717,79.999979
28.939972,-4256.7554,0.24500481,3.0232154,0.70828166,4.2520752,2.1777328,79.999979
28.949972,-4224.0353,0.24824517,3.0801052,0.68848577,4.3425498,2.1206056,79.999979
28.959972,-4209.7609,0.24823576,3.0800392,0.75147012,4.2081088,2.2398298,79.999979
28.969972,-4206.3678,0.24769465,3.0642526,0.74553475,4.000092,2.2421898,79.999979
28.979972,-4202.9747,0.24754718,3.0484661,0.73959938,4.0174249,2.2445498,79.999979
28.989972,-4196.6321,0.24739971,3.0997661,0.73470833,4.1046251,2.2774156,79.999979
28.999972,-4175.5817,0.24831252,3.0201247,0.72753044,4.0365511,2.1972562,79.999979
29.009972,-4149.185,0.25024565,3.0620886,0.71505939,4.1552667,2.1895763,79.999979
29.019972,-4136.0505,0.25005277,3.1252921,0.69872696,4.3421314,2.176917,79.999979
29.029972,-4132.9956,0.24957506,3.0879154,0.71685916,4.2669147,2.1797039,79.999979
29.039972,-4129.9407,0.24909734,3.0505386,0.71887073,4.1684614,2.1824909,79.999979
29.049972,-4126.8858,0.24878316,3.0707084,0.75169171,3.9847754,2.3095259,79.999979
29.059972,-4093.5601,0.25212619,3.071084,0.72421418,4.1380985,2.2035133,79.999979
29.069972,-4067.6654,0.25307191,3.1066742,0.72874808,4.1489169,2.2639654,79.999979
29.079972,-4043.8811,0.25273444,3.0656667,0.75774852,4.0581795,2.3231438,79.999979
29.089972,-4043.8811,0.25317008,3.0644238,0.74650379,4.008606,2.2876431,79.999979
29.099972,-4038.448,0.25360572,3.0702998,0.72239755,4.1415364,2.2451846,79.999979
29.109972,-4032.1745,0.25422642,3.0818435,0.71127808,4.2228721,2.2211404,79.999979
29.119972,-4011.3707,0.2553719,3.0966983,0.71839944,4.151703,2.2043474,79.999979
29.129972,-3990.2788,0.25552414,3.1679051,0.73278907,4.2093712,2.3220207,79.999979
29.139972,-3962.5626,0.2572921,3.0884608,0.72787691,4.1849507,2.2440072,79.999979
29.149972,-3962.5626,0.25758497,3.0987039,0.70162589,4.276631,2.1950894,79.999979
29.159972,-3960.4361,0.25758497,3.0957275,0.69930108,4.3216226,2.174182,79.999979
29.169972,-3957.2841,0.25758497,3.0922152,0.70405379,4.3066896,2.1825406,79.999979
29.179972,-3937.5055,0.2580391,3.1690261,0.71175926,4.3451812,2.2733235,79.999979
29.189972,-3915.2253,0.25855874,0.66003349,0.17702545,3.6178601,0.11684561,79.999979
29.199972,-3888.0163,0.25789396,0.51472937,0.13513485,4.1224035,0.072717981,79.999979
29.209972,-3877.8652,0.25797264,0.51245445,0.10535354,4.5435609,0.053938674,79.999979
29.219972,-3877.8652,0.25808368,0.52460688,0.10134713,4.8162145,0.054377804,79.999979
29.229972,-3877.8652,0.25819472,0.53325093,0.10914401,5.0888682,0.058827468,79.999979
29.239972,-3872.2922,0.25833447,0.52751432,0.11648377,4.5249399,0.061398521,79.999979
29.249972,-3863.5678,0.25984456,0.49888885,0.11462697,4.2588363,0.05718313,79.999979
29.259972,-3870.2589,0.25904757,0.52688036,0.10906517,4.6103256,0.057493075,79.999979
29.269972,-3872.9134,0.25921583,0.56606483,0.11977526,4.2595369,0.06727227,79.999979
29.279972,-3872.9134,0.25934863,0.60701951,0.099320743,5.0235947,0.061848015,79.999979
29.289972,-3872.9134,0.25948143,0.60462293,0.10154086,5.7876524,0.062160742,79.999979
29.299972,-3872.9134,0.25954186,0.59096717,0.10376098,5.7180735,0.062689064,79.999979
29.309972,-3874.2274,0.25849141,0.50154412,0.15233542,3.1285614,0.067553125,79.999979
29.319972,-3877.0446,0.25743157,0.52273813,0.12278714,4.2656933,0.06419772,79.999979
29.329972,-3875.0882,0.25919798,0.5358685,0.11621284,4.4902341,0.063680179,79.999979
29.339972,-3877.138,0.25896662,0.48706984,0.10740165,4.5876737,0.052336506,79.999979
29.349972,-3878.1588,0.25871595,0.4922689,0.10212028,4.9186844,0.055976153,79.999979
29.359972,-3878.2193,0.25848491,0.50651942,0.10260597,4.795904,0.057329603,79.999979
29.369972,-3878.2799,0.25825387,0.52076994,0.1110402,4.6436721,0.058683053,79.999979
29.379972,-3877.2626,0.25810712,0.53792584,0.11200776,4.6628492,0.060558697,79.999979
29.389972,-3880.7303,0.25811811,0.50326177,0.11230955,4.5666433,0.056683278,79.999979
29.399972,-3882.8894,0.25940439,0.50885604,0.11580224,4.3271857,0.058942587,79.999979
29.409972,-3881.6581,0.25855968,0.4910416,0.14098102,3.3703811,0.054912393,79.999979
29.419972,-3881.7675,0.25840621,0.50407436,0.1264266,3.7914923,0.054580507,79.999979
29.429972,-3881.8769,0.25825274,0.51710711,0.11187219,4.2126034,0.05424862,79.999979
29.439972,-3881.9864,0.25809927,0.53416845,0.097317777,4.6337146,0.054532539,79.999979
29.449972,-3882.0958,0.2579458,0.55767289,0.098090906,5.0548258,0.055801342,79.999979
29.459972,-3882.2052,0.25792424,0.57334903,0.099102293,5.396109,0.058602667,79.999979
29.469972,-3882.3146,0.25818235,0.57242872,0.10948602,5.6165956,0.064653034,79.999979
29.479972,-3884.4134,0.25844045,0.5715084,0.12354174,4.6968134,0.0707034,79.999979
29.489972,-3885.1015,0.2603274,0.59310856,0.16831866,3.7269918,0.096951455,79.999979
29.499972,-3885.6068,0.25804771,0.53811559,0.10880392,4.834795,0.058616594,79.999979
29.509972,-3887.5469,0.25784495,0.52463545,0.13689621,3.8206361,0.064100797,79.999979
29.519972,-3884.0967,0.25861449,0.51017913,0.10315464,4.9286222,0.052744596,79.999979
29.529972,-3885.9024,0.25817335,0.55469295,0.13851968,4.398495,0.072559478,79.999979
29.539972,-3885.5123,0.2585521,0.53088001,0.12708995,3.9506795,0.065511517,79.999979
29.549972,-3885.1222,0.25832125,0.50706707,0.11566022,4.2753785,0.058463556,79.999979
29.559972,-3884.8317,0.25794348,0.5090822,0.1068538,4.6408418,0.05634825,79.999979
29.569972,-3885.6897,0.25768662,0.47222734,0.13309257,3.4240982,0.063018522,79.999979
29.579972,-3881.3959,0.25882418,0.59439492,0.10506109,4.9320135,0.062457719,79.999979
29.589972,-3884.5834,0.25739097,0.51613705,0.10639205,4.7604748,0.052974352,79.999979
29.599972,-3886.0952,0.25717807,0.50615743,0.11540847,4.3027601,0.054635472,79.999979
29.609972,-3887.035,0.25745086,0.50978175,0.10465006,4.7716718,0.050404773,79.999979
29.619972,-3887.513,0.25772365,0.51340606,0.090573362,5.5478542,0.046174074,79.999979
29.629972,-3887.8461,0.25813178,0.5259658,0.13778013,3.8966614,0.069389334,79.999979
29.639972,-3884.8013,0.25853377,0.50949492,0.10569699,4.8166587,0.055562925,79.999979
29.649972,-3890.2215,0.25785001,0.56926311,0.10025688,5.1046917,0.062638562,79.999979
29.659972,-3891.4752,0.25787886,0.49285406,0.11453215,4.868184,0.056458511,79.999979
29.669972,-3891.4752,0.25789494,0.51941047,0.11516507,4.1057078,0.059884715,79.999979
29.679972,-3891.4752,0.25796966,0.53592796,0.115798,4.2488738,0.06277327,79.999979
29.689972,-3891.1957,0.25804439,0.55244544,0.11752229,4.4303974,0.065661825,79.999979
29.699972,-3888.178,0.25812035,0.51527951,0.12969377,3.9542535,0.066832807,79.999979
29.709972,-3890.0449,0.25762996,0.51238933,0.10844667,4.7225836,0.062266989,79.999979
29.719972,-3891.4131,0.25791234,0.51401213,0.09192939,5.3176796,0.049336984,79.999979
29.729972,-3891.7887,0.25828478,0.51928693,0.098878805,5.4724233,0.052584865,79.999979
29.739972,-3892.1644,0.25823607,0.52456172,0.10582822,4.9798081,0.055832745,79.999979
29.749972,-3892.54,0.2581368,0.58508021,0.10013491,5.6104232,0.058494324,79.999979
29.759972,-3890.9288,0.25832235,0.5183848,0.11432222,4.5945653,0.060011159,79.999979
29.769972,-3892.9004,0.25749131,0.50544211,0.13529307,3.9392176,0.072808838,79.999979
29.779972,-3892.2888,0.25798155,0.52674915,0.13305711,3.8420498,0.067504603,79.999979
29.789972,-3892.2888,0.25766291,0.53042783,0.12916714,3.8752851,0.068127932,79.999979
29.799972,-3892.2888,0.25734427,0.53579532,0.11909357,3.9085204,0.063654569,79.999979
29.809972,-3891.5491,0.25702562,0.50750712,0.10412643,4.6067959,0.052787319,79.999979
29.819972,-3894.077,0.25791687,0.51539345,0.14222912,3.5017696,0.065430805,79.999979
29.829972,-3895.8903,0.2586597,0.56575876,0.10151257,4.9952564,0.064558545,79.999979
29.839972,-3894.6295,0.25867226,0.56474183,0.10396025,5.3579882,0.058742392,79.999979
29.849972,-3895.9177,0.25861796,0.57798819,0.11045286,5.1063872,0.063847986,79.999979
29.859972,-3896.7085,0.25856365,0.53935832,0.11694547,4.8547863,0.064257254,79.999979
29.869972,-3897.4993,0.25853155,0.50492994,0.13717021,3.8502254,0.063076291,79.999979
29.879972,-3898.1661,0.25745517,0.51802087,0.11364329,4.1800597,0.058860717,79.999979
29.889971,-3897.6986,0.25823174,0.48793756,0.13749244,3.2185362,0.066754759,79.999979
29.899971,-3903.1598,0.25862786,0.51546027,0.099602253,5.1311944,0.050893671,79.999979
29.909971,-3903.3237,0.25841987,0.5196769,0.13040015,3.9273431,0.061724032,79.999979
29.919971,-3903.4876,0.25821187,0.52389354,0.14272919,3.6028789,0.072554392,79.999979
29.929971,-3905.0273,0.25800387,0.5556989,0.12967674,4.1515309,0.071772829,79.999979
29.939971,-3904.7626,0.25754067,0.52855514,0.10588111,4.6494166,0.058330377,79.999979
29.949971,-3906.2292,0.25745202,0.49958407,0.12264184,3.7225381,0.057777252,79.999979
29.959971,-3907.613,0.25700989,0.486065,0.1150488,4.2098355,0.054352534,79.999979
29.969971,-3906.6728,0.25744743,0.49576004,0.11051206,4.4982324,0.057646944,79.999979
29.979971,-3905.7569,0.25764037,0.49127699,0.11781775,4.2834269,0.058843387,79.999979
29.989971,-3904.8895,0.25771476,0.5017496,0.11882137,4.0437189,0.057771059,79.999979
29.999971,-3905.2494,0.2577627,0.51862375,0.14192423,3.5686842,0.073582807,79.999979
30.009971,-3906.9729,0.25778565,0.5323186,0.11404548,4.5741241,0.061928766,79.999979
30.019971,-3903.8075,0.25808911,0.51902609,0.11870252,4.7058326,0.063189268,79.999979
30.029971,-3906.3074,0.25818809,0.55762614,0.12952107,4.6555932,0.072036077,79.999979
30.039971,-3906.3294,0.2582575,0.54568572,0.14119457,4.1893869,0.076821812,79.999979
30.049971,-3906.3514,0.25793654,0.53329718,0.1521974,3.4499353,0.081169357,79.999979
30.059971,-3906.8639,0.25770829,0.50771951,0.14851135,3.2644781,0.075224884,79.999979
30.069971,-3907.8021,0.25758543,0.51877866,0.13951086,4.7601961,0.072852186,79.999979
30.079971,-3910.3042,0.25747992,0.51498709,0.13794999,3.62185,0.071672881,79.999979
30.089971,-3911.6298,0.25855836,0.5305468,0.10538437,5.4494663,0.054322466,79.999979
30.099971,-3911.7564,0.25846599,0.52934265,0.11551783,5.2577801,0.059520464,79.999979
30.109971,-3911.883,0.25837363,0.52813849,0.12483769,5.0660939,0.064718463,79.999979
30.119971,-3912.0097,0.25828126,0.52693434,0.13415756,4.8744076,0.069916461,79.999979
30.129971,-3912.1363,0.25818889,0.52573019,0.14347742,4.0680845,0.075114459,79.999979
30.139971,-3911.5224,0.25809652,0.51920283,0.14553881,3.4662045,0.075659343,79.999979
30.149971,-3910.8448,0.25800416,0.50232501,0.1334868,3.7088529,0.067156703,79.999979
30.159971,-3910.1672,0.25760182,0.50996364,0.1214348,3.9515012,0.067142056,79.999979
30.169971,-3909.6353,0.25714849,0.51741298,0.14288,3.7285545,0.072715109,79.999979
30.179971,-3910.0213,0.25769346,0.54232352,0.14048381,3.9273789,0.076720189,79.999979
30.189971,-3910.9109,0.25866536,0.53130827,0.12038906,4.3707427,0.061814163,79.999979
30.199971,-3908.6446,0.25783983,0.4983266,0.10053096,5.07146,0.060037311,79.999979
30.209971,-3911.1921,0.25683361,0.51059338,0.10444831,5.196382,0.054416629,79.999979
30.219971,-3911.3329,0.25704411,0.52055504,0.099627,4.8258839,0.055633915,79.999979
30.229971,-3911.4787,0.25720297,0.5661413,0.10537118,5.0001816,0.061994097,79.999979
30.239971,-3911.6244,0.25701476,0.59161963,0.12275273,4.9371948,0.073356005,79.999979
30.249971,-3910.1682,0.25679301,0.53908604,0.12076581,4.7179552,0.065098207,79.999979
30.259971,-3910.9106,0.25751208,0.50443804,0.12051248,4.4891161,0.061640368,79.999979
30.269971,-3913.0764,0.25682781,0.55028044,0.11045699,4.8814687,0.06030086,79.999979
30.279971,-3913.0764,0.25710814,0.54033275,0.1476918,3.8841158,0.080391266,79.999979
30.289971,-3912.4361,0.25710814,0.53082693,0.13157729,3.9931177,0.070478576,79.999979
30.299971,-3911.5917,0.25732513,0.55906693,0.12698636,4.0687426,0.071108046,79.999979
30.309971,-3911.0896,0.25717395,0.53641145,0.099153224,5.5102074,0.055384657,79.999979
30.319971,-3913.9688,0.25687888,0.46979244,0.11150442,4.1176611,0.059407064,79.999979
30.329971,-3912.2037,0.2572826,0.58629189,0.11837136,4.6048755,0.069729648,79.999979
30.339971,-3913.1668,0.25751664,0.54674512,0.12436834,4.3072531,0.068258783,79.999979
30.349971,-3913.1668,0.25751664,0.51984285,0.12066097,4.3749597,0.063694664,79.999979
30.359971,-3913.1668,0.25751664,0.52125302,0.13245814,4.0244853,0.069205225,79.999979
30.369971,-3914.9667,0.25814602,0.48813385,0.11122101,3.943391,0.054754834,79.999979
30.379971,-3916.0737,0.25718272,0.53872229,0.13911898,3.6194928,0.072339634,79.999979
30.389971,-3916.1244,0.25747264,0.51499214,0.11332577,4.6630155,0.058282337,79.999979
30.399971,-3917.4946,0.25673249,0.49121033,0.11229186,2.9041678,0.074843255,79.999979
30.409971,-3917.9645,0.25673249,0.49736399,0.11645017,3.1037529,0.072952304,79.999979
30.419971,-3918.4344,0.25673249,0.50351765,0.12060847,3.303338,0.071061353,79.999979
30.429971,-3918.9043,0.25673249,0.50967131,0.12476677,3.5029231,0.069170402,79.999979
30.439971,-3918.9764,0.25673249,0.51705753,0.12892507,3.7025082,0.062729745,79.999979
30.449971,-3918.9764,0.25671603,0.52314399,0.10271535,4.2824471,0.055570666,79.999979
30.459971,-3918.9764,0.25663908,0.51504992,0.097476088,5.5649497,0.055478224,79.999979
30.469971,-3918.829,0.25656213,0.50695585,0.1081521,4.8803741,0.055385783,79.999979
30.479971,-3918.5544,0.25648519,0.52234207,0.11882811,4.1957985,0.057927399,79.999979
30.489971,-3916.3413,0.25740522,0.51475223,0.13333294,3.756647,0.067933607,79.999979
30.499971,-3918.4656,0.25766873,0.52114177,0.10907756,4.5993692,0.057040731,79.999979
30.509971,-3918.4536,0.25659049,0.50846204,0.13823763,3.727488,0.070728875,79.999979
30.519971,-3920.3952,0.25712758,0.52600619,0.13060794,3.9278705,0.068700952,79.999979
30.529971,-3921.3437,0.25673354,0.52540025,0.10945075,4.9527173,0.057480382,79.999979
30.539971,-3921.8641,0.25660654,0.50008914,0.11676062,4.6884411,0.058044663,79.999979
30.549971,-3922.3844,0.25647955,0.46386415,0.12008538,4.3811158,0.055684165,79.999979
30.559971,-3922.6825,0.25699011,0.54472923,0.1158914,5.462109,0.062779573,79.999979
30.569971,-3921.9074,0.257,0.52165295,0.11164396,4.9496771,0.058228323,79.999979
30.579971,-3923.7555,0.25778618,0.52994268,0.13969222,3.6592684,0.074135835,79.999979
30.589971,-3924.2076,0.25701548,0.54565379,0.11670204,4.7180484,0.063617721,79.999979
30.599971,-3922.8037,0.25668482,0.53102627,0.12692212,4.4622052,0.066047429,79.999979
30.609971,-3922.7568,0.25635417,0.51173811,0.10906197,4.206362,0.055524705,79.999979
30.619971,-3922.7098,0.25637987,0.52441312,0.1238927,4.7936107,0.065264256,79.999979
30.629971,-3925.0689,0.25729572,0.47883178,0.11467395,4.0669562,0.0550041,79.999979
30.639971,-3924.4245,0.2560003,0.60810068,0.12258708,4.053731,0.077142185,79.999979
30.649971,-3924.6683,0.25654412,0.56314384,0.11759334,4.2783215,0.066834885,79.999979
30.659971,-3926.5272,0.25657028,0.48992937,0.11843177,4.7341042,0.058144018,79.999979
30.669971,-3926.8415,0.25659644,0.50672965,0.1192702,4.2139064,0.059265096,79.999979
30.679971,-3926.8937,0.256761,0.56614393,0.11102785,4.4235633,0.06253925,79.999979
30.689971,-3928.4422,0.25687426,0.52908381,0.14094815,3.3840595,0.066920211,79.999979
30.699971,-3926.5772,0.25763173,0.54939914,0.10580543,4.9844078,0.059580828,79.999979
30.709971,-3929.0269,0.25704283,0.55622481,0.10793552,4.964207,0.060038007,79.999979
30.719971,-3929.5539,0.25774222,0.53191376,0.12428925,4.5697136,0.0659977,79.999979
30.729971,-3930.0791,0.25771283,0.55366636,0.13768662,4.0221355,0.069135163,79.999979
30.739971,-3930.8703,0.25752397,0.54963448,0.11884295,4.312581,0.065716745,79.999979
30.749971,-3927.8987,0.25715255,0.53786886,0.13121449,3.7835262,0.070471,79.999979
30.759971,-3929.9853,0.25717823,0.51433345,0.12978136,3.9017651,0.069290225,79.999979
30.769971,-3932.0697,0.25669406,0.5111933,0.12126641,4.4101409,0.064351791,79.999979
30.779971,-3931.2955,0.25652972,0.48209615,0.12171816,3.8342997,0.058676745,79.999979
30.789971,-3930.5213,0.25627553,0.48955807,0.11708801,4.0052417,0.057297937,79.999979
30.799971,-3929.7224,0.25602134,0.49872711,0.11255902,4.2222135,0.056134349,79.999979
30.809971,-3929.868,0.25638752,0.4915105,0.10656952,4.4502636,0.056545208,79.999979
30.819971,-3931.7441,0.25598762,0.55527602,0.12237022,4.3265345,0.068147353,79.999979
30.829971,-3930.6349,0.25631155,0.63605045,0.13405213,4.6532526,0.085610754,79.999979
30.839971,-3932.3052,0.25579051,0.5682928,0.10564483,5.3304852,0.06002158,79.999979
30.849971,-3932.3052,0.25579051,0.55006317,0.10600911,5.1799628,0.058290775,79.999979
30.859971,-3932.3052,0.25579051,0.53183353,0.10637339,5.0294403,0.05655997,79.999979
30.869971,-3932.3052,0.25579051,0.5224593,0.10869373,4.8789179,0.057191528,79.999979
30.879971,-3932.3052,0.25579051,0.53177708,0.11789025,4.6523795,0.062809577,79.999979
30.889971,-3932.8018,0.25655021,0.53570224,0.12214516,4.827247,0.069293229,79.999979
30.899971,-3935.5384,0.25626627,0.52728849,0.10229665,5.1061093,0.053923462,79.999979
30.909971,-3936.5072,0.25626353,0.50827166,0.10390199,4.9153314,0.052810283,79.999979
30.919971,-3937.4761,0.25674634,0.48812324,0.10550732,4.7245534,0.061007522,79.999979
30.929971,-3937.2912,0.25710991,0.53519102,0.11705275,4.326312,0.062644522,79.999979
30.93997,-3940.3891,0.2568186,0.48703588,0.11358288,4.244074,0.05530984,79.999979
30.94997,-3943.2951,0.25630353,0.49652355,0.12424637,3.7781758,0.061757263,79.999979
30.95997,-3939.3832,0.25757021,0.58628705,0.13822436,4.2328115,0.078894256,79.999979
30.96997,-3939.6343,0.25778648,0.52423996,0.15072923,3.7313438,0.078684087,79.999979
30.97997,-3939.8854,0.25769069,0.51361784,0.16323409,3.2298761,0.07006025,79.999979
30.98997,-3940.8069,0.2575949,0.51031192,0.12608451,3.9219039,0.060239402,79.999979
30.99997,-3940.6934,0.25619181,0.51265372,0.11339529,4.4046603,0.058157951,79.999979
31.00997,-3939.1353,0.25784046,0.50549589,0.12112743,4.1021508,0.061335933,79.999979
31.01997,-3942.7222,0.25607833,0.52513754,0.13217535,3.9903291,0.069414103,79.999979
31.02997,-3942.648,0.25609135,0.52059468,0.12107584,3.8682842,0.0631159,79.999979
31.03997,-3942.5737,0.25618223,0.51605183,0.10997633,4.3301132,0.056817696,79.999979
31.04997,-3943.7534,0.25629695,0.52170615,0.10196394,4.8115236,0.053377705,79.999979
31.05997,-3944.7439,0.25684884,0.5303903,0.11963568,4.4277715,0.063508997,79.999979
31.06997,-3945.2496,0.25638596,0.50682325,0.11123145,4.8850661,0.056357096,79.999979
31.07997,-3946.9834,0.25599269,0.51158305,0.15998495,3.1866817,0.081245473,79.999979
31.08997,-3946.9542,0.2557992,0.50040917,0.11491774,4.003443,0.065701346,79.999979
31.09997,-3946.2602,0.25594498,0.49292136,0.11764658,4.2236922,0.061477041,79.999979
31.10997,-3945.0749,0.25610113,0.52308688,0.11992836,3.9938067,0.06232789,79.999979
31.11997,-3944.0128,0.25657878,0.50953648,0.10669791,4.6206122,0.056984384,79.999979
31.12997,-3946.0326,0.25669286,0.48582073,0.15364124,2.9710106,0.074735825,79.999979
31.13997,-3946.366,0.25609261,0.49562238,0.09878002,4.930097,0.051468904,79.999979
31.14997,-3944.7165,0.25632756,0.52500861,0.12307044,4.1698037,0.068188399,79.999979
31.15997,-3944.5729,0.25625901,0.51310877,0.11772398,4.3651134,0.064273597,79.999979
31.16997,-3944.4557,0.25619047,0.50120892,0.119786,4.116186,0.060358795,79.999979
31.17997,-3946.9906,0.25543125,0.54397896,0.12503857,4.3536082,0.065976406,79.999979
31.18997,-3949.458,0.25658593,0.50108303,0.12182809,4.1530196,0.067028747,79.999979
31.19997,-3949.5613,0.25526056,0.52419734,0.12933827,3.9485638,0.068253139,79.999979
31.20997,-3949.988,0.2553698,0.59110156,0.12329107,4.6159771,0.066108456,79.999979
31.21997,-3950.3938,0.25603882,0.59024842,0.13908989,4.3829714,0.076943519,79.999979
31.22997,-3950.7996,0.25649641,0.58939529,0.15091847,3.8759741,0.087778582,79.999979
31.23997,-3951.5291,0.2566655,0.50412619,0.12703099,4.4310249,0.060477517,79.999979
31.24997,-3949.0705,0.25611765,0.53588147,0.1487014,3.4848201,0.068693364,79.999979
31.25997,-3951.8405,0.25604012,0.52210852,0.14546972,4.442462,0.075383877,79.999979
31.26997,-3952.7815,0.25563026,0.49400136,0.11520158,4.1809937,0.056929633,79.999979
31.27997,-3951.3828,0.25591056,0.51552066,0.12014565,4.1418595,0.061949687,79.999979
31.28997,-3950.9539,0.25619086,0.49802314,0.12212978,4.1027254,0.059286683,79.999979
31.29997,-3950.5249,0.25600052,0.49805299,0.11561153,4.1179502,0.056004159,79.999979
31.30997,-3954.0732,0.2562645,0.52014023,0.14946554,3.3703789,0.076729366,79.999979
31.31997,-3954.789,0.25564009,0.54436301,0.11606384,4.6018997,0.063048709,79.999979
31.32997,-3954.8826,0.25530868,0.51341183,0.11546431,3.7717474,0.05917195,79.999979
31.33997,-3955.1976,0.25546495,0.51935867,0.098472509,4.1908533,0.051137394,79.999979
31.34997,-3955.3194,0.25562122,0.51837971,0.099896765,4.6099592,0.051776346,79.999979
31.35997,-3955.4413,0.25577749,0.51740075,0.10132102,5.0290651,0.052415299,79.999979
31.36997,-3955.5631,0.25594204,0.5164218,0.10274528,5.1351057,0.053054251,79.999979
31.37997,-3955.685,0.25612116,0.51544284,0.10416953,4.87764,0.053693203,79.999979
31.38997,-3956.3707,0.25601229,0.52644147,0.11540796,4.5381154,0.060634994,79.999979
31.39997,-3957.3456,0.25605825,0.49424752,0.1208213,4.1958651,0.059323261,79.999979
31.40997,-3957.3456,0.25625453,0.49607299,0.11965902,4.009448,0.058848229,79.999979
31.41997,-3957.3456,0.25643095,0.50576268,0.11192624,3.9506523,0.056397346,79.999979
31.42997,-3955.1464,0.256711,0.56438884,0.12685846,3.981471,0.071411152,79.999979
31.43997,-3957.5015,0.25606277,0.60043929,0.1436931,4.3730432,0.086060304,79.999979
31.44997,-3958.9614,0.25566546,0.52344013,0.14672561,3.6025383,0.07678315,79.999979
31.45997,-3957.4115,0.25532545,0.6016225,0.1034178,6.1028409,0.061913116,79.999979
31.46997,-3956.85,0.25523995,0.59119477,0.12255656,5.7573074,0.07203257,79.999979
31.47997,-3957.1636,0.25521014,0.58076705,0.14169531,4.6874413,0.082152024,79.999979
31.48997,-3957.4199,0.25570464,0.5187441,0.13304157,3.3922525,0.073569447,79.999979
31.49997,-3960.9176,0.25563563,0.53212015,0.10485398,5.1465105,0.060298798,79.999979
31.50997,-3957.7908,0.2563578,0.5912647,0.11229134,5.1922792,0.068282161,79.999979
31.51997,-3960.6729,0.25526471,0.57387761,0.10615363,5.6276561,0.061824758,79.999979
31.52997,-3960.6441,0.25494954,0.51461364,0.11154419,5.1608374,0.059513773,79.999979
31.53997,-3960.6153,0.25463437,0.53736385,0.13761055,4.6940186,0.074792303,79.999979
31.54997,-3960.5865,0.25462153,0.51347608,0.16367691,3.2908533,0.068287512,79.999979
31.55997,-3961.4624,0.2557583,0.53040566,0.098684379,5.6328579,0.052287988,79.999979
31.56997,-3962.0001,0.25572971,0.50295951,0.13448843,3.4836822,0.067567582,79.999979
31.57997,-3961.9462,0.25522763,0.48760318,0.11724379,4.0619419,0.05771076,79.999979
31.58997,-3962.9667,0.25539327,0.48274931,0.11692885,4.0315061,0.056784007,79.999979
31.59997,-3962.9544,0.25555891,0.47789544,0.11661392,4.0010704,0.055857254,79.999979
31.60997,-3962.7553,0.25567767,0.50316799,0.11180022,4.3272249,0.056129492,79.999979
31.61997,-3960.2805,0.25605813,0.47811401,0.10147602,4.4930781,0.048306222,79.999979
31.62997,-3963.548,0.25528732,0.52738967,0.13825806,3.6109028,0.072939043,79.999979
31.63997,-3964.4462,0.25602889,0.54942544,0.095223436,5.6636498,0.052327676,79.999979
31.64997,-3965.3949,0.25517714,0.54533462,0.12665666,4.0372407,0.066627152,79.999979
31.65997,-3965.2235,0.25559661,0.51001732,0.10560212,4.793373,0.055416223,79.999979
31.66997,-3965.6475,0.25559661,0.52808815,0.11329772,4.4279972,0.059865751,79.999979
31.67997,-3966.0714,0.25559661,0.6001662,0.11864516,4.885464,0.071340478,79.999979
31.68997,-3966.554,0.25542145,0.55658727,0.15608152,3.5556762,0.08682232,79.999979
31.69997,-3963.8402,0.25518868,0.53889936,0.12400074,4.3444682,0.067851322,79.999979
31.70997,-3966.8645,0.25553624,0.48428083,0.11030298,4.3518136,0.053420352,79.999979
31.71997,-3965.9033,0.25546338,0.52447954,0.12479708,4.1124177,0.065445825,79.999979
31.72997,-3965.9033,0.25546732,0.57251285,0.13552693,4.0559408,0.077793695,79.999979
31.73997,-3965.9033,0.25568992,0.55306157,0.14625678,3.8861383,0.077783357,79.999979
31.74997,-3965.6632,0.25591252,0.51484659,0.12474017,4.2484102,0.06636379,79.999979
31.75997,-3967.4202,0.25572849,0.5231626,0.11676683,4.6984306,0.061467461,79.999979
31.76997,-3969.9013,0.25504208,0.48241958,0.13932212,3.5484833,0.066122337,79.999979
31.77997,-3968.1857,0.25653215,0.49268102,0.12665988,3.518953,0.063177058,79.999979
31.78997,-3968.5128,0.25645653,0.50832734,0.12645944,3.6291086,0.061794368,79.999979
31.79997,-3968.5128,0.25638091,0.51111538,0.126259,3.7392642,0.059413978,79.999979
31.80997,-3968.5128,0.25630529,0.51390341,0.12605856,3.8494198,0.057033588,79.999979
31.81997,-3968.5128,0.25622967,0.51669145,0.11727659,4.2278801,0.054653198,79.999979
31.82997,-3968.5128,0.25615577,0.5204569,0.10087935,4.9961737,0.052514631,79.999979
31.83997,-3968.5128,0.25615577,0.56617241,0.10691177,5.0676714,0.060754983,79.999979
31.84997,-3968.7652,0.25615577,0.59238612,0.11294418,5.0804468,0.065763568,79.999979
31.85997,-3969.6819,0.25508711,0.48456681,0.11261509,4.6323035,0.054563804,79.999979
31.86997,-3968.4908,0.2545711,0.4944423,0.12206827,4.5396806,0.060192666,79.999979
31.87997,-3971.0509,0.2555666,0.50232474,0.11888945,4.1347267,0.060826455,79.999979
31.88997,-3972.514,0.25476426,0.55533261,0.12093909,4.5848771,0.068707694,79.999979
31.89997,-3972.6117,0.25620264,0.52614446,0.10390184,5.0662099,0.054843686,79.999979
31.90997,-3973.3542,0.25606284,0.49487721,0.13118125,4.1367368,0.055297363,79.999979
31.91997,-3973.3542,0.25606284,0.50668369,0.13391708,3.6055062,0.057872671,79.999979
31.92997,-3973.3738,0.25606284,0.51849017,0.11703624,4.2638162,0.060447979,79.999979
31.93997,-3975.3031,0.25634406,0.54556405,0.094645969,5.1006563,0.051456464,79.999979
31.94997,-3974.6356,0.25526467,0.51103311,0.13917536,3.5376759,0.071092567,79.999979
31.95997,-3976.6269,0.2554211,0.51514532,0.11950114,3.9612328,0.060033427,79.999979
31.96997,-3977.383,0.25488784,0.54128086,0.14781782,3.4369532,0.073179358,79.999979
31.97997,-3976.7712,0.25488784,0.55459539,0.13428322,3.9477149,0.071280254,79.999979
31.989969,-3976.7712,0.25488784,0.5698106,0.12074861,4.5562841,0.071324573,79.999979
31.999969,-3976.7712,0.25488784,0.59288874,0.1323375,4.3596212,0.079408689,79.999979
32.009969,-3976.4486,0.25503837,0.55658869,0.11391592,5.2908534,0.064895866,79.999979
32.019969,-3977.4264,0.25540458,0.56666529,0.1139617,4.9982777,0.0663107,79.999979
32.029969,-3975.2672,0.25608591,0.47962986,0.12017459,4.1705003,0.056404107,79.999979
32.039969,-3975.4099,0.25567821,0.48568172,0.12432221,3.7395692,0.055858882,79.999979
32.049969,-3975.5526,0.25539618,0.49173358,0.115304,4.1550288,0.055313657,79.999979
32.059969,-3976.6992,0.25538161,0.52183166,0.12821758,3.9925582,0.067072391,79.999979
32.069969,-3976.8732,0.25532398,0.5361703,0.10515692,4.6718791,0.057464542,79.999979
32.079969,-3976.0521,0.2545962,0.48842658,0.12035574,3.8097419,0.056150184,79.999979
32.089969,-3977.0883,0.25611917,0.54112316,0.097652631,3.7326516,0.062051095,79.999979
32.099969,-3978.9492,0.2558612,0.52012154,0.10717846,5.5261835,0.061027444,79.999979
32.109969,-3978.8942,0.25560322,0.49911992,0.1167043,4.5306601,0.060003792,79.999979
32.119969,-3978.5464,0.25502001,0.51421766,0.10267817,4.8571714,0.05221593,79.999979
32.129969,-3980.1084,0.2554575,0.52761073,0.11898337,4.829829,0.062634559,79.999979
32.139969,-3979.0267,0.25534574,0.48889999,0.12224636,3.8401142,0.059792988,79.999979
32.149969,-3979.7911,0.25535593,0.49475955,0.13082938,3.671129,0.064894838,79.999979
32.159969,-3980.6365,0.25563295,0.47839178,0.12092576,3.6967294,0.057958541,79.999979
32.169969,-3980.9658,0.25590997,0.47468986,0.11110984,4.0826189,0.054627905,79.999979
32.179969,-3981.1324,0.25606209,0.47761411,0.10775872,4.3419318,0.053183573,79.999979
32.189969,-3977.8646,0.25458689,0.50389894,0.14364799,2.9502793,0.069920806,79.999979
32.199969,-3979.931,0.25525167,0.50147084,0.13293326,4.2391354,0.057962655,79.999979
32.209969,-3981.4302,0.25551828,0.49927667,0.10637181,4.5623675,0.061560489,79.999979
32.219969,-3980.9124,0.25551828,0.52351573,0.11276355,4.5284581,0.064820684,79.999979
32.229969,-3980.3946,0.25551828,0.5477548,0.11915528,4.4945487,0.068080878,79.999979
32.239969,-3979.8768,0.25551828,0.55126146,0.12253213,4.4606393,0.066991049,79.999979
32.249969,-3980.9628,0.2555776,0.49346706,0.13009668,3.3860888,0.064368956,79.999979
32.259969,-3984.3366,0.25511625,0.51722076,0.13390652,3.7710855,0.066778694,79.999979
32.269969,-3983.0055,0.25504946,0.56484786,0.10998924,4.8309736,0.062075307,79.999979
32.279969,-3984.4194,0.25538741,0.53593984,0.12218149,4.8077958,0.065017112,79.999979
32.289969,-3985.2004,0.25538741,0.52381425,0.14879617,3.8430961,0.070280899,79.999979
32.299969,-3985.2004,0.25538741,0.55054761,0.17171827,2.8783964,0.068181187,79.999979
32.309969,-3985.4779,0.2552924,0.51933357,0.11265398,4.499627,0.058699973,79.999979
32.319969,-3984.7363,0.25522105,0.57402698,0.11381187,4.9358379,0.065430896,79.999979
32.329969,-3985.0845,0.25463182,0.49375406,0.12908858,3.832364,0.064821109,79.999979
32.339969,-3986.4344,0.2551916,0.55679934,0.1022366,5.4737172,0.056961668,79.999979
32.349969,-3986.7758,0.25497382,0.51414331,0.10028292,5.355111,0.052218341,79.999979
32.359969,-3987.1172,0.25475604,0.48833189,0.098329237,5.2365048,0.051508373,79.999979
32.369969,-3987.4242,0.25469845,0.51426667,0.11294925,4.2912079,0.062885139,79.999979
32.379969,-3985.4801,0.25504305,0.52496429,0.11885372,3.7786021,0.062415006,79.999979
32.389969,-3987.6861,0.25561456,0.52757615,0.10634647,4.6498712,0.057179868,79.999979
32.399969,-3988.0104,0.25625609,0.51092076,0.15783824,3.1366518,0.080174616,79.999979
32.409969,-3986.8311,0.25534561,0.51030047,0.15708609,3.1482582,0.079885799,79.999979
32.419969,-3986.0734,0.25560843,0.50968019,0.15633394,3.1598647,0.079596982,79.999979
32.429969,-3985.3157,0.25587126,0.48922616,0.12679717,3.8103312,0.061972554,79.999979
32.439969,-3987.7599,0.25509319,0.53491036,0.12943084,4.2168967,0.065089617,79.999979
32.449969,-3988.4105,0.2553926,0.5790479,0.14688316,3.7942205,0.080990567,79.999979
32.459969,-3987.1809,0.25460964,0.55717438,0.15814768,3.4343896,0.088264773,79.999979
32.469969,-3988.4084,0.25454882,0.52221834,0.14253034,3.7548992,0.074589669,79.999979
32.479969,-3989.2522,0.254488,0.51007661,0.126913,4.0754088,0.065195835,79.999979
32.489969,-3990.096,0.25461171,0.51525757,0.11575787,4.2945418,0.059825069,79.999979
32.499969,-3990.5607,0.25432939,0.61137531,0.11861013,5.022133,0.072611247,79.999979
32.509969,-3988.8773,0.2548159,0.5411442,0.11457745,4.294542,0.062241992,79.999979
32.519969,-3990.6083,0.25461562,0.5269639,0.10409396,5.0183362,0.054858519,79.999979
32.529969,-3990.7601,0.25479809,0.513641,0.11433653,4.5373747,0.058727967,79.999979
32.539969,-3991.0583,0.2550238,0.51376682,0.1145271,4.3902318,0.058840262,79.999979
32.549969,-3991.3565,0.2552989,0.51281677,0.11466095,4.3781391,0.058758966,79.999979
32.559969,-3988.97,0.25440053,0.54774115,0.11590097,4.7919209,0.063467415,79.999979
32.569969,-3991.1376,0.25461805,0.49103989,0.13853968,3.5443826,0.062483378,79.999979
32.579969,-3991.2396,0.25402532,0.52181792,0.11647426,4.666813,0.060871598,79.999979
32.589969,-3990.4414,0.25446461,0.52391625,0.12377572,3.9248195,0.064562322,79.999979
32.599969,-3989.6353,0.25464864,0.53866161,0.11622264,4.2008413,0.062827018,79.999979
32.609969,-3988.8292,0.25455408,0.57370937,0.10961468,4.6878584,0.063566329,79.999979
32.619969,-3989.2456,0.25433247,0.5154566,0.13553698,3.9052735,0.068143102,79.999979
32.629969,-3990.6426,0.25403624,0.50820534,0.13171601,3.9944609,0.066951994,79.999979
32.639969,-3988.8432,0.2553401,0.54727455,0.12812513,4.0886376,0.070543591,79.999979
32.649969,-3988.9642,0.25509926,0.52544187,0.12859219,3.7511417,0.058648312,79.999979
32.659969,-3989.6288,0.25481461,0.51231818,0.09929911,4.3915599,0.053541476,79.999979
32.669969,-3990.2934,0.25452995,0.50564624,0.10397447,5.031978,0.053085887,79.999979
32.679969,-3990.5243,0.25446941,0.54342937,0.11093403,4.7387618,0.060292634,79.999979
32.689969,-3991.922,0.25473669,0.52358667,0.13543901,3.660056,0.070900983,79.999979
32.699969,-3992.4511,0.25415785,0.51030174,0.12009071,4.2553234,0.063102434,79.999979
32.709969,-3992.4405,0.25414869,0.50210056,0.12962269,4.3638788,0.064728647,79.999979
32.719969,-3992.7911,0.25414869,0.51364974,0.1603685,3.9807687,0.080760803,79.999979
32.729969,-3993.1417,0.25414869,0.51925433,0.12828652,3.3694213,0.065253962,79.999979
32.739969,-3993.4923,0.25423929,0.50239161,0.11431099,4.4142582,0.057779404,79.999979
32.749969,-3992.1547,0.25397566,0.55398551,0.13605007,3.4397624,0.072622934,79.999979
32.759969,-3994.3588,0.25474599,0.5223009,0.10682677,4.8140516,0.055795372,79.999979
32.769969,-3995.3427,0.25526824,0.48742694,0.099707829,4.8866186,0.048684963,79.999979
32.779969,-3994.7541,0.2552418,0.50747451,0.11358851,4.6711703,0.057462949,79.999979
32.789969,-3994.1654,0.25521536,0.52457209,0.12321335,4.4557221,0.064661338,79.999979
32.799969,-3993.5768,0.25520331,0.50717549,0.11788347,4.0824331,0.059888551,79.999979
32.809969,-3993.4596,0.25452663,0.51262392,0.14469302,3.4526711,0.065565199,79.999979
32.819969,-3995.9444,0.25495382,0.54119815,0.11427679,4.1193923,0.06178072,79.999979
32.829969,-3994.473,0.25431702,0.52295002,0.11102404,4.7383085,0.060377258,79.999979
32.839969,-3995.2021,0.25435556,0.48688831,0.12275902,4.0918356,0.057697088,79.999979
32.849969,-3995.9312,0.25439409,0.48491808,0.11559561,4.0574193,0.054918906,79.999979
32.859969,-3996.6602,0.25470432,0.48894108,0.10695648,4.4061968,0.050289852,79.999979
32.869969,-3998.0606,0.25454184,0.5148769,0.10702768,4.6960177,0.055121873,79.999979
32.879969,-3997.8925,0.25422456,0.50981812,0.12114857,4.7802876,0.061980483,79.999979
32.889969,-3999.1244,0.25413372,0.49364351,0.11416111,4.3421388,0.057135632,79.999979
32.899969,-3999.9437,0.25386013,0.52303571,0.12940715,3.8774777,0.067237579,79.999979
32.909969,-4000.3139,0.25358655,0.55877493,0.13979877,3.7723392,0.078114206,79.999979
32.919969,-4000.415,0.25346557,0.53373371,0.14176203,3.7586287,0.070412301,79.999979
32.929969,-4001.8297,0.25482844,0.53092589,0.12056791,4.3221142,0.063980432,79.999979
32.939969,-3999.418,0.25328801,0.50047743,0.11803708,3.9374637,0.060629549,79.999979
32.949969,-4001.511,0.25412497,0.49845461,0.14772648,3.4201955,0.06817943,79.999979
32.959969,-4000.41,0.25427164,0.51983116,0.12020586,3.9120854,0.061765423,79.999979
32.969969,-4001.6447,0.25514871,0.59329109,0.098875841,4.8029529,0.067665301,79.999979
32.979969,-4002.9572,0.25511876,0.60354877,0.10512277,5.8627713,0.069114643,79.999979
32.989969,-4003.0421,0.25508881,0.61380645,0.1113697,5.5378426,0.070563985,79.999979
32.999969,-4002.8627,0.25499268,0.55894285,0.11740778,4.7762404,0.065497807,79.999979
33.009969,-4003.0617,0.25453429,0.53941044,0.11292343,4.4055502,0.060797199,79.999979
33.019969,-4001.2242,0.25316574,0.5212358,0.099467858,4.97968,0.05182375,79.999979
33.029969,-4002.9453,0.25447415,0.54284403,0.11983386,4.6005867,0.065031867,79.999979
33.039968,-4004.1343,0.25423576,0.58149114,0.11459393,4.9175257,0.066632232,79.999979
33.049968,-4004.5859,0.25395777,0.57523346,0.11493045,4.9451068,0.066108646,79.999979
33.059968,-4004.5594,0.25367978,0.57296667,0.11495512,4.8671611,0.06563141,79.999979
33.069968,-4003.2525,0.25425457,0.52659348,0.12629949,4.0138999,0.065913233,79.999979
33.079968,-4006.6658,0.25378204,0.53462304,0.1104128,4.7937278,0.059014989,79.999979
33.089968,-4006.9427,0.25482868,0.50955078,0.11069791,4.5283113,0.056408155,79.999979
33.099968,-4006.0865,0.25449572,0.55916133,0.12489159,4.4871131,0.06989894,79.999979
33.109968,-4006.1204,0.25449572,0.56242343,0.13778104,4.0978254,0.077574616,79.999979
33.119968,-4006.2015,0.25449572,0.56568553,0.15067049,3.7085377,0.085250291,79.999979
33.129968,-4006.7624,0.25361058,0.52994094,0.11571322,4.5876187,0.063899788,79.999979
33.139968,-4009.7265,0.25468056,0.47677399,0.11101475,4.3366963,0.052934863,79.999979
33.149968,-4007.5027,0.25411491,0.53776804,0.10165925,5.0122131,0.056646224,79.999979
33.159968,-4009.5059,0.25393479,0.55692497,0.11706656,4.8542448,0.066219841,79.999979
33.169968,-4009.1791,0.25393479,0.53274876,0.11655618,4.6777909,0.062696571,79.999979
33.179968,-4009.166,0.25393479,0.50857255,0.1160458,4.3596004,0.059173302,79.999979
33.189968,-4009.166,0.25393479,0.5288001,0.1404762,3.7191829,0.074828548,79.999979
33.199968,-4010.2056,0.25448893,0.53565523,0.12364706,3.9518452,0.065900656,79.999979
33.209968,-4011.0182,0.25413395,0.49448019,0.12105051,4.0916195,0.066523848,79.999979
33.219968,-4012.9387,0.25413695,0.55524381,0.14638161,3.2438455,0.081337031,79.999979
33.229968,-4012.9387,0.25426179,0.54883149,0.1336283,3.7742967,0.078916493,79.999979
33.239968,-4012.9387,0.25438663,0.54241916,0.120875,4.304748,0.076495955,79.999979
33.249968,-4012.9387,0.25451147,0.53600684,0.1081217,4.8351992,0.074075417,79.999979
33.259968,-4012.9387,0.25463632,0.52959451,0.11886709,4.8363875,0.071654879,79.999979
33.269968,-4012.9387,0.25475226,0.52705095,0.13133541,4.1986,0.069180747,79.999979
33.279968,-4010.5159,0.25439451,0.5384,0.1210077,4.3345909,0.06526548,79.999979
33.289968,-4010.0982,0.25410735,0.57948809,0.14081024,4.0831163,0.076360044,79.999979
33.299968,-4010.5659,0.25394618,0.56359891,0.13562941,4.0362496,0.074124934,79.999979
33.309968,-4011.7502,0.25378501,0.5418233,0.12763266,4.1350971,0.069233532,79.999979
33.319968,-4012.4857,0.25359632,0.55425346,0.13124829,4.0245958,0.073105691,79.999979
33.329968,-4013.3102,0.25386511,0.60683105,0.13108379,4.8106794,0.079547625,79.999979
33.339968,-4014.1139,0.25462835,0.53480617,0.10444087,4.8267823,0.05585319,79.999979
33.349968,-4016.5578,0.25479986,0.55803106,0.11576375,4.2801235,0.073563039,79.999979
33.359968,-4015.2212,0.25333593,0.51122379,0.15096448,3.8129881,0.072846242,79.999979
33.369968,-4014.2561,0.25356508,0.53216247,0.15283799,3.3032421,0.079824074,79.999979
33.379968,-4015.1229,0.25379424,0.53710603,0.15471149,3.3538132,0.075099021,79.999979
33.389968,-4016.2353,0.25402892,0.52269787,0.11976633,4.3917752,0.056215204,79.999979
33.399968,-4018.7223,0.25325196,0.49941538,0.11388323,4.446098,0.059070764,79.999979
33.409968,-4018.1611,0.25293626,0.49966963,0.14708913,3.1374377,0.060189025,79.999979
33.419968,-4019.6081,0.2544232,0.52302139,0.10699804,5.8584463,0.055940674,79.999979
33.429968,-4019.6081,0.25442739,0.51352537,0.11809662,4.2970762,0.057766003,79.999979
33.439968,-4019.5665,0.25442739,0.50787585,0.1176893,4.248597,0.059918419,79.999979
33.449968,-4019.5118,0.25442739,0.58526399,0.12382443,4.2949929,0.075486715,79.999979
33.459968,-4019.7813,0.25333073,0.52330942,0.15408441,3.4554433,0.080677344,79.999979
33.469968,-4017.3782,0.25393775,0.50296949,0.11712053,4.2123606,0.058911719,79.999979
33.479968,-4017.6881,0.25366712,0.48373153,0.11643748,4.1467325,0.056326842,79.999979
33.489968,-4017.9979,0.25339649,0.5228428,0.11331607,4.0811043,0.058989178,79.999979
33.499968,-4018.7503,0.25312586,0.55610571,0.10913822,4.5788748,0.064515018,79.999979
33.509968,-4020.3861,0.25301231,0.56261797,0.11880159,4.4300712,0.066860586,79.999979
33.519968,-4018.1025,0.25341121,0.49914876,0.11839625,4.0437333,0.059097932,79.999979
33.529968,-4021.0565,0.25254356,0.5066907,0.10368209,4.7335217,0.053684395,79.999979
33.539968,-4021.0565,0.25228414,0.52818135,0.11616922,4.5112583,0.060094231,79.999979
33.549968,-4021.0565,0.25228414,0.52379664,0.13260886,3.9893794,0.068313224,79.999979
33.559968,-4021.1033,0.25228414,0.51941192,0.14742822,3.465004,0.076532216,79.999979
33.569968,-4023.0964,0.25253276,0.49695026,0.11135021,4.5087668,0.055471554,79.999979
33.579968,-4021.4221,0.25313191,0.5388526,0.1123762,5.3528465,0.061173293,79.999979
33.589968,-4025.4126,0.25359745,0.52119748,0.12840117,4.0122644,0.06729518,79.999979
33.599968,-4022.7904,0.25381568,0.49300016,0.1140955,4.3521263,0.056238021,79.999979
33.609968,-4025.538,0.25361384,0.56365453,0.11463294,5.0422437,0.070371445,79.999979
33.619968,-4025.44,0.25335392,0.49587659,0.12144144,4.6126042,0.059888828,79.999979
33.629968,-4025.3419,0.253094,0.54580846,0.12170577,4.1829648,0.066242711,79.999979
33.639968,-4026.3736,0.25283408,0.52873028,0.1161266,4.3930713,0.06111213,79.999979
33.649968,-4026.8757,0.25292428,0.5127096,0.11104667,4.7893004,0.056960013,79.999979
33.659968,-4026.4643,0.25284055,0.62603585,0.11363365,5.3064469,0.069206523,79.999979
33.669968,-4027.6185,0.25221813,0.53694757,0.092102698,5.3987516,0.049316975,79.999979
33.679968,-4027.848,0.25219896,0.52960545,0.11051724,4.7700685,0.053500944,79.999979
33.689968,-4028.0775,0.25217978,0.52226333,0.11718823,4.4130981,0.057684914,79.999979
33.699968,-4027.6797,0.2521606,0.51186283,0.11966184,4.184919,0.061239273,79.999979
33.709968,-4025.1863,0.25280243,0.52996113,0.11968709,4.8054134,0.063470258,79.999979
33.719968,-4027.5845,0.25270769,0.53879716,0.14343192,4.2386192,0.07723852,79.999979
33.729968,-4029.008,0.25334003,0.510128,0.094035644,4.926998,0.052490064,79.999979
33.739968,-4027.2326,0.25308794,0.4916066,0.15090039,3.8588068,0.067331322,79.999979
33.749968,-4027.1329,0.25285561,0.48525788,0.13664598,3.0003398,0.063306718,79.999979
33.759968,-4027.0333,0.25279696,0.48578442,0.12239157,3.670716,0.060452766,79.999979
33.769968,-4027.6823,0.25279212,0.51646301,0.11703237,4.1878645,0.062732814,79.999979
33.779968,-4029.5821,0.2530875,0.50712024,0.10639543,5.0653668,0.053774958,79.999979
33.789968,-4030.2809,0.25291876,0.54709421,0.121212,4.9185933,0.069933096,79.999979
33.799968,-4032.3563,0.2536952,0.51791105,0.11848451,4.4360086,0.061286934,79.999979
33.809968,-4032.3563,0.2536952,0.47195077,0.121548,4.1349999,0.057306933,79.999979
33.819968,-4032.3563,0.2536952,0.50930422,0.12302443,3.8339913,0.0626633,79.999979
33.829968,-4032.3563,0.25292528,0.51513108,0.12086803,4.0968026,0.058770126,79.999979
33.839968,-4034.9768,0.25309588,0.51991502,0.10666577,4.8821233,0.064869721,79.999979
33.849968,-4032.8728,0.25262581,0.49024691,0.11931439,3.9832562,0.058481446,79.999979
33.859968,-4035.5002,0.25273154,0.47430029,0.11655997,3.9714346,0.054571528,79.999979
33.869968,-4035.7567,0.25292839,0.47805653,0.11786997,3.9571488,0.055881892,79.999979
33.879968,-4036.0132,0.25312525,0.50645265,0.10627084,3.9428629,0.05314552,79.999979
33.889968,-4036.151,0.2533221,0.53672298,0.093464462,5.030605,0.060070118,79.999979
33.899968,-4037.3862,0.25329184,0.55081717,0.14485965,3.83017,0.079829339,79.999979
33.909968,-4038.2061,0.25264519,0.52283284,0.11030603,4.6572056,0.057788797,79.999979
33.919968,-4040.2715,0.25258524,0.58691145,0.1174599,4.9656391,0.073941649,79.999979
33.929968,-4039.7586,0.25295515,0.50968544,0.11800545,4.6315476,0.060939697,79.999979
33.939968,-4039.2458,0.25246037,0.48715186,0.118551,4.2974562,0.058574678,79.999979
33.949968,-4038.3096,0.25187909,0.51100064,0.12671944,3.8066689,0.066581428,79.999979
33.959968,-4037.3798,0.25182825,0.53469121,0.12903469,4.1402578,0.06899472,79.999979
33.969968,-4041.1582,0.25233228,0.59539108,0.10895305,4.8024757,0.064884883,79.999979
33.979968,-4040.0403,0.2527962,0.57694855,0.12353084,4.1664994,0.0683177,79.999979
33.989968,-4039.8567,0.25256045,0.52207851,0.13795576,4.2281003,0.071988101,79.999979
33.999968,-4040.4676,0.25255567,0.52025942,0.15076927,3.6135522,0.078401308,79.999979
34.009968,-4041.0785,0.25269951,0.5108944,0.1530189,3.1999805,0.078517019,79.999979
34.019968,-4043.561,0.25275743,0.5414787,0.13693332,3.9406381,0.073874033,79.999979
34.029968,-4045.7108,0.25283931,0.50707477,0.11562919,4.1096619,0.056346532,79.999979
34.039968,-4044.1865,0.25230233,0.51958153,0.098371115,4.9721204,0.051113986,79.999979
34.049968,-4045.6738,0.25255124,0.51237177,0.13307543,4.7464934,0.069681685,79.999979
34.059968,-4045.347,0.25256728,0.49734347,0.15526018,3.9269536,0.074786044,79.999979
34.069968,-4045.0203,0.25258333,0.50073562,0.13792173,3.1074139,0.068582291,79.999979
34.079967,-4046.8288,0.25255084,0.57020858,0.11594644,4.4969489,0.066127042,79.999979
34.089967,-4044.2292,0.25316266,0.52250804,0.14881348,3.9203227,0.078093394,79.999979
34.099967,-4046.9003,0.25243703,0.55989311,0.092243825,5.7093186,0.051440031,79.999979
34.109967,-4048.2111,0.2523038,0.48783925,0.13197226,3.9921839,0.071567765,79.999979
34.119967,-4048.303,0.25228015,0.49685067,0.10892547,4.5495588,0.072736948,79.999979
34.129967,-4048.395,0.25225649,0.50586208,0.13768076,3.6695759,0.073906132,79.999979
34.139967,-4048.4869,0.25122077,0.56429669,0.11201992,4.9701776,0.063140619,79.999979
34.149967,-4048.1921,0.25205044,0.52462291,0.13102918,3.9683006,0.067590959,79.999979
34.159967,-4049.3007,0.2519526,0.49957242,0.11412736,3.948649,0.062069473,79.999979
34.169967,-4046.9784,0.25310449,0.49049017,0.14948837,4.0180067,0.073320098,79.999979
34.179967,-4046.7145,0.25325752,0.4909165,0.1309638,3.2143781,0.064281265,79.999979
34.189967,-4047.5744,0.25341054,0.49134282,0.11243923,4.0780753,0.055242432,79.999979
34.199967,-4048.7594,0.25356356,0.51542619,0.095273701,5.1879982,0.049543931,79.999979
34.209967,-4049.9135,0.25253655,0.51889062,0.12104038,4.7240277,0.066930939,79.999979
34.219967,-4049.7685,0.25319593,0.5237935,0.12102216,4.0228967,0.064417148,79.999979
34.229967,-4051.9102,0.25281057,0.49790779,0.11302033,4.5163931,0.056269391,79.999979
34.239967,-4051.9065,0.25281057,0.49910434,0.12010557,4.0195798,0.056864734,79.999979
34.249967,-4051.9065,0.25291601,0.51250109,0.11626052,4.1752849,0.058154625,79.999979
34.259967,-4051.9065,0.25309679,0.51963423,0.11360074,4.5026213,0.059024839,79.999979
34.269967,-4053.3865,0.25241879,0.59281532,0.1390746,4.5981961,0.082050376,79.999979
34.279967,-4051.2978,0.25271479,0.54371553,0.15674057,3.4683167,0.08009243,79.999979
34.289967,-4054.9643,0.25217109,0.55519727,0.11195583,4.8693224,0.062399039,79.999979
34.299967,-4055.8913,0.25231683,0.51429477,0.1128638,4.6044773,0.058077349,79.999979
34.309967,-4055.3879,0.25235188,0.51933734,0.11767505,4.4201902,0.060087619,79.999979
34.319967,-4054.8844,0.25235188,0.52089112,0.10978894,4.235903,0.057031298,79.999979
34.329967,-4054.8191,0.25240965,0.58541734,0.099837799,5.5081825,0.058400756,79.999979
34.339967,-4058.7288,0.25196129,0.48839839,0.11972478,3.893495,0.058430452,79.999979
34.349967,-4060.6798,0.25192839,0.5104351,0.12334111,3.5269818,0.062875253,79.999979
34.359967,-4058.8376,0.25113885,0.58048567,0.12738011,4.6445449,0.074670102,79.999979
34.369967,-4059.6014,0.25120967,0.6057942,0.15880105,4.1542776,0.095746381,79.999979
34.379967,-4060.3653,0.25128048,0.54614555,0.1287577,3.6640103,0.070171074,79.999979
34.389967,-4060.8419,0.2513513,0.52685929,0.10378379,4.523479,0.054855703,79.999979
34.399967,-4062.4259,0.2520754,0.53272771,0.15378638,3.3775525,0.072041658,79.999979
34.409967,-4062.2714,0.25104428,0.50217083,0.15131706,4.0129695,0.08154062,79.999979
34.419967,-4063.623,0.25135542,0.50975266,0.1052024,4.7932438,0.053616845,79.999979
34.429967,-4064.1667,0.25162185,0.50181266,0.11225557,4.4906375,0.056326038,79.999979
34.439967,-4064.7104,0.25186694,0.49564073,0.11930873,4.1880313,0.060358335,79.999979
34.449967,-4065.2437,0.25211202,0.51088087,0.13637222,3.5919911,0.072858994,79.999979
34.459967,-4067.2923,0.25250859,0.51541953,0.12329807,3.9900372,0.060644312,79.999979
34.469967,-4066.873,0.25195767,0.55969759,0.11904337,4.2244282,0.061567153,79.999979
34.479967,-4068.886,0.25173546,0.50200924,0.12164096,4.3133569,0.061104442,79.999979
34.489967,-4069.5012,0.2516993,0.49068824,0.12240838,4.0249852,0.060010761,79.999979
34.499967,-4070.1163,0.25155241,0.4971883,0.12414167,3.9028694,0.0617066,79.999979
34.509967,-4070.0218,0.25140552,0.49968194,0.12487102,3.9034779,0.062407755,79.999979
34.519967,-4067.3764,0.25103163,0.54952525,0.11766433,4.7297223,0.0646362,79.999979
34.529967,-4070.3633,0.25107262,0.57076787,0.1141258,4.78853,0.065398512,79.999979
34.539967,-4071.7761,0.25155901,0.4994216,0.11539561,4.6147175,0.056803852,79.999979
34.549967,-4071.2817,0.25143408,0.54565875,0.10426671,5.0265381,0.057229102,79.999979
34.559967,-4070.6563,0.25140482,0.5801919,0.10623525,5.158778,0.061519554,79.999979
34.569967,-4070.0309,0.25176117,0.60094372,0.10605581,5.2910179,0.063693941,79.999979
34.579967,-4070.2116,0.25211752,0.53617033,0.14419647,5.6646208,0.077118085,79.999979
34.589967,-4072.2361,0.25148009,0.50763821,0.14928904,3.298597,0.075768631,79.999979
34.599967,-4072.0773,0.25145136,0.50970344,0.13342508,4.2237797,0.071471041,79.999979
34.609967,-4071.8684,0.25144615,0.56631211,0.13039256,4.8733488,0.073203157,79.999979
34.619967,-4072.656,0.25144358,0.51938265,0.13617707,4.2501333,0.069035397,79.999979
34.629967,-4073.4437,0.25144101,0.51546571,0.11361598,3.6269179,0.058257551,79.999979
34.639967,-4074.1385,0.25146511,0.4776072,0.12285362,3.8413873,0.057137406,79.999979
34.649967,-4075.3803,0.25204323,0.55907396,0.14691692,3.5850817,0.078219269,79.999979
34.659967,-4073.1224,0.25121186,0.58270712,0.093562224,6.3466752,0.056649315,79.999979
34.669967,-4075.6661,0.25093818,0.48434424,0.10613427,5.2871981,0.053239165,79.999979
34.679967,-4075.3683,0.25094076,0.49334337,0.11875335,4.1290235,0.065137056,79.999979
34.689967,-4075.0704,0.25094333,0.50234249,0.14937668,3.3800612,0.077034946,79.999979
34.699967,-4076.1589,0.25094591,0.58210234,0.11989492,4.7048054,0.068737321,79.999979
34.709967,-4077.2402,0.25158206,0.53371695,0.10413523,4.5971046,0.054976487,79.999979
34.719967,-4079.4444,0.25086603,0.63663688,0.11018352,5.5240019,0.070082124,79.999979
34.729967,-4082.0304,0.25111035,0.52840565,0.1046973,5.1057687,0.054299889,79.999979
34.739967,-4083.3017,0.25123241,0.5278686,0.12235925,4.3836851,0.05674151,79.999979
34.749967,-4083.2069,0.25135448,0.52733155,0.11928163,4.3097096,0.059183131,79.999979
34.759967,-4082.2342,0.25147655,0.52262038,0.11712219,4.4297492,0.061682615,79.999979
34.769967,-4081.0925,0.251604,0.53993796,0.11608136,4.9072432,0.062720941,79.999979
34.779967,-4083.75,0.25159787,0.48193487,0.12196871,3.7114246,0.061776678,79.999979
34.789967,-4086.384,0.24966054,0.51706334,0.098777918,4.7562171,0.055751643,79.999979
34.799967,-4085.1779,0.24987182,0.57199343,0.10072518,5.7609368,0.06082711,79.999979
34.809967,-4084.3972,0.25010921,0.55326099,0.1160835,5.1180526,0.065456098,79.999979
34.819967,-4084.1513,0.25034661,0.52632506,0.13292428,3.9148666,0.070118078,79.999979
34.829967,-4086.604,0.2516929,0.49229239,0.11742576,4.1809793,0.061461474,79.999979
34.839967,-4088.3073,0.25101535,0.57348089,0.12574539,4.6045898,0.071102562,79.999979
34.849967,-4087.7577,0.25000355,0.48338532,0.14319717,3.0843576,0.069257626,79.999979
34.859967,-4087.867,0.25014006,0.57110637,0.12358875,4.3136779,0.070290916,79.999979
34.869967,-4087.9295,0.25032482,0.59744004,0.11306983,5.0643521,0.068412308,79.999979
34.879967,-4088.0354,0.25050959,0.57465084,0.10255091,5.8150264,0.061188941,79.999979
34.889967,-4088.0459,0.25084346,0.49644181,0.1327783,3.4945317,0.065842174,79.999979
34.899967,-4088.0438,0.25068957,0.52357449,0.12065042,4.2471295,0.063170105,79.999979
34.909967,-4090.1603,0.25158855,0.54115754,0.11934139,4.3272676,0.06668097,79.999979
34.919967,-4090.7517,0.25167409,0.6021463,0.10999547,5.4158491,0.067447625,79.999979
34.929967,-4090.9025,0.25167409,0.61522881,0.12369077,4.9384432,0.075417431,79.999979
34.939967,-4091.8848,0.25167409,0.57332219,0.13738606,4.4610373,0.065014801,79.999979
34.949967,-4092.8671,0.25132373,0.53141556,0.10861945,4.839335,0.05461217,79.999979
34.959967,-4091.2025,0.25087489,0.51609578,0.10374596,5.3207032,0.053474435,79.999979
34.969967,-4093.5961,0.25075147,0.50821301,0.12016948,4.0531417,0.06111037,79.999979
34.979967,-4094.0602,0.25064732,0.52499181,0.1164367,4.2330313,0.062333114,79.999979
34.989967,-4093.3746,0.25029408,0.53288811,0.094110789,5.0909117,0.060910544,79.999979
34.999967,-4092.6891,0.24994084,0.54078441,0.10126958,5.353739,0.059487974,79.999979
35.009967,-4092.2262,0.24958759,0.52052721,0.11188093,5.0833052,0.058227894,79.999979
35.019967,-4093.5634,0.25075297,0.53332825,0.11180016,5.1132527,0.059356877,79.999979
35.029967,-4097.6963,0.25024686,0.61101998,0.1253246,4.7780133,0.076580332,79.999979
35.039967,-4096.0538,0.25029374,0.48459776,0.10256387,4.3588139,0.052826979,79.999979
35.049967,-4096.4041,0.25045249,0.48813397,0.1133036,4.2771188,0.056053237,79.999979
35.059967,-4096.7545,0.25044864,0.49993158,0.12474568,3.878266,0.062715733,79.999979
35.069967,-4097.1777,0.25041277,0.51477273,0.13637362,3.5305187,0.070644159,79.999979
35.079967,-4099.25,0.25029862,0.57576014,0.12588364,4.1664824,0.070954746,79.999979
35.089967,-4101.1663,0.25100051,0.49818355,0.12413037,3.8729309,0.060774504,79.999979
35.099967,-4099.2371,0.24962897,0.48825069,0.12505181,3.7437182,0.06108783,79.999979
35.109967,-4100.0823,0.24962897,0.50247524,0.11514614,4.0615167,0.057825075,79.999979
35.119967,-4100.9793,0.24976087,0.51666841,0.12287526,4.2610898,0.068389206,79.999979
35.129966,-4101.8762,0.24994349,0.52479064,0.15653243,4.4121321,0.082517239,79.999979
35.139966,-4101.9811,0.25026172,0.47108567,0.11985533,3.8218252,0.056477441,79.999979
35.149966,-4102.2052,0.25048354,0.49735036,0.11904098,4.0696834,0.054664273,79.999979
35.159966,-4104.0563,0.25059226,0.54813253,0.10887177,4.7673112,0.063249262,79.999979
35.169966,-4105.1833,0.25033891,0.50257757,0.12062668,4.2511428,0.05776932,79.999979
35.179966,-4105.1833,0.25033891,0.50814659,0.12444148,3.9019414,0.05743092,79.999979
35.189966,-4105.1833,0.25033765,0.5137156,0.11562494,4.3039022,0.057092519,79.999979
35.199966,-4105.1833,0.25033408,0.52212205,0.10858158,4.6824111,0.056687829,79.999979
35.209966,-4103.0571,0.25031015,0.54374786,0.10417016,5.3370693,0.056666546,79.999979
35.219966,-4105.5297,0.2506366,0.48602994,0.1128594,4.5019733,0.055319092,79.999979
35.229966,-4106.8642,0.24911178,0.52739085,0.11736638,4.1383179,0.062275882,79.999979
35.239966,-4107.2645,0.24910223,0.55552368,0.11826339,4.4024367,0.065943538,79.999979
35.249966,-4107.6649,0.24977406,0.5836565,0.11916041,4.7291967,0.069611194,79.999979
35.259966,-4106.3549,0.2504459,0.56160363,0.10295192,5.0870473,0.059136662,79.999979
35.269966,-4106.4884,0.24965781,0.55696427,0.12700079,4.2189184,0.067322132,79.999979
35.279966,-4109.291,0.25029358,0.50545524,0.12707103,4.0153206,0.066376311,79.999979
35.289966,-4107.8193,0.24960942,0.49603689,0.14100312,3.3841408,0.066755371,79.999979
35.299966,-4107.5621,0.2497377,0.52016094,0.14380989,3.4046154,0.074455496,79.999979
35.309966,-4107.3049,0.24977569,0.52621655,0.14661666,3.4250899,0.066543276,79.999979
35.319966,-4108.4865,0.24981368,0.52966101,0.11540773,4.5312429,0.056374855,79.999979
35.329966,-4109.874,0.24942272,0.56290256,0.11600267,4.7668452,0.065296004,79.999979
35.339966,-4111.56,0.24926551,0.56890418,0.10456986,5.3385327,0.05954181,79.999979
35.349966,-4111.9867,0.25019604,0.57976346,0.16349057,3.4651124,0.084178778,79.999979
35.359966,-4112.7114,0.25010153,0.51323065,0.12679821,3.7687546,0.063792393,79.999979
35.369966,-4112.8692,0.25000702,0.52234346,0.11200912,4.0723967,0.059847592,79.999979
35.379966,-4113.0269,0.2498824,0.54008006,0.11335067,4.4735516,0.061123847,79.999979
35.389966,-4114.0663,0.24967618,0.58899094,0.13473734,4.1876751,0.079353534,79.999979
35.399966,-4113.3712,0.24887042,0.5170181,0.13128452,3.6707315,0.067947107,79.999979
35.409966,-4115.1458,0.25013597,0.57932531,0.10812051,4.8118464,0.061331668,79.999979
35.419966,-4115.1071,0.24973887,0.55172709,0.11027452,5.1872219,0.060948437,79.999979
35.429966,-4115.5274,0.24973887,0.55201486,0.10605149,5.0745035,0.059240617,79.999979
35.439966,-4116.2903,0.24970547,0.61375475,0.10477541,4.9715896,0.064868751,79.999979
35.449966,-4115.5515,0.2486563,0.49942283,0.11186097,4.3405196,0.055947169,79.999979
35.459966,-4116.0413,0.24987797,0.49813478,0.13798294,3.6305997,0.06092133,79.999979
35.469966,-4118.7954,0.2491277,0.51709715,0.11628036,4.3087613,0.066295392,79.999979
35.479966,-4116.5575,0.24939586,0.5013742,0.11094807,4.6598363,0.054995249,79.999979
35.489966,-4116.5575,0.24939586,0.50858461,0.13223181,3.7607359,0.065727723,79.999979
35.499966,-4116.5575,0.24938762,0.51579503,0.14901132,3.3966869,0.076460196,79.999979
35.509966,-4116.5575,0.2493612,0.53116612,0.12659115,4.1994229,0.066402295,79.999979
35.519966,-4120.2364,0.24979803,0.5549062,0.1177433,4.6021799,0.065527571,79.999979
35.529966,-4122.2004,0.24954538,0.49526508,0.1044736,4.6960563,0.055561222,79.999979
35.539966,-4119.8679,0.25003041,0.5919677,0.097253323,6.0811834,0.057530409,79.999979
35.549966,-4120.0557,0.2496944,0.57764202,0.10425738,5.6624581,0.060219787,79.999979
35.559966,-4120.2436,0.24935839,0.59018885,0.11126144,5.2437327,0.065351991,79.999979
35.569966,-4120.4315,0.24902238,0.60345808,0.1182655,4.8250073,0.070549863,79.999979
35.579966,-4122.5973,0.24893893,0.59735065,0.12235351,3.8281089,0.072972358,79.999979
35.589966,-4124.1329,0.24889866,0.48994946,0.11081301,4.4011934,0.054301553,79.999979
35.599966,-4122.5916,0.25023843,0.51627123,0.1358033,3.6733225,0.070063887,79.999979
35.609966,-4122.9763,0.25023843,0.54301654,0.13291385,3.9447305,0.072012674,79.999979
35.619966,-4123.3611,0.25023843,0.56976185,0.1300244,4.2161386,0.073961462,79.999979
35.629966,-4123.6327,0.25023843,0.5600296,0.12713495,4.4875466,0.073903628,79.999979
35.639966,-4125.9249,0.24966036,0.51257169,0.134546,4.2290585,0.070744384,79.999979
35.649966,-4127.7609,0.24974718,0.56207833,0.11501164,4.6684968,0.065286343,79.999979
35.659966,-4128.2558,0.24945858,0.52336912,0.13036841,4.0552656,0.066323836,79.999979
35.669966,-4129.4158,0.24946398,0.52497826,0.10347167,4.9809676,0.056766101,79.999979
35.679966,-4129.3902,0.24946937,0.51590432,0.098908171,5.2154927,0.054766469,79.999979
35.689966,-4129.3647,0.24942853,0.50039282,0.10264249,5.0944366,0.05691837,79.999979
35.699966,-4130.209,0.24910909,0.54381625,0.10941113,4.769043,0.059510475,79.999979
35.709966,-4130.3101,0.24991008,0.55879097,0.13925845,3.8611267,0.077965851,79.999979
35.719966,-4132.7246,0.24883216,0.51175844,0.12075184,3.8969462,0.060980435,79.999979
35.729966,-4133.6742,0.24849859,0.50568548,0.11012518,4.8211883,0.056614258,79.999979
35.739966,-4134.6463,0.24867643,0.50004316,0.12225294,4.6634872,0.060861097,79.999979
35.749966,-4135.2788,0.24885428,0.493499,0.13438069,3.8317056,0.063334373,79.999979
35.759966,-4135.9113,0.24910548,0.48695484,0.13558315,3.5030163,0.065807649,79.999979
35.769966,-4133.4167,0.24919622,0.51937715,0.10358896,4.4981137,0.053800385,79.999979
35.779966,-4136.4855,0.24834566,0.51523599,0.11025855,4.6264036,0.056784735,79.999979
35.789966,-4136.9186,0.24850368,0.54341569,0.1507862,3.9105502,0.062636572,79.999979
35.799966,-4137.4495,0.24864052,0.538504,0.13497701,3.7456061,0.060455983,79.999979
35.809966,-4137.9804,0.2491239,0.53359231,0.11400285,4.5586108,0.058275393,79.999979
35.819966,-4136.2154,0.24960728,0.58827677,0.10914726,5.6550357,0.069104942,79.999979
35.829966,-4138.1523,0.24876013,0.54621067,0.12810246,4.2326497,0.06306941,79.999979
35.839966,-4140.5878,0.24886056,0.56033822,0.15450405,3.2919005,0.079664059,79.999979
35.849966,-4137.8293,0.24902657,0.51889142,0.099862264,5.3050071,0.051822664,79.999979
35.859966,-4137.8293,0.24902657,0.5203595,0.10860017,5.0147795,0.055638311,79.999979
35.869966,-4137.8293,0.24902657,0.52328944,0.10140201,4.7245519,0.052801998,79.999979
35.879966,-4137.8293,0.24956275,0.57375338,0.11556574,5.2317715,0.066475626,79.999979
35.889966,-4141.5339,0.2489349,0.51388576,0.11299427,4.6473463,0.059987248,79.999979
35.899966,-4140.3906,0.24906996,0.50965873,0.1164006,4.3408027,0.059373349,79.999979
35.909966,-4142.8991,0.24964626,0.49207176,0.11123475,4.2506057,0.055356637,79.999979
35.919966,-4143.1465,0.24942241,0.51345909,0.10403962,4.5060198,0.053445019,79.999979
35.929966,-4143.394,0.24919856,0.51811527,0.10563153,4.7614338,0.055118713,79.999979
35.939966,-4143.6414,0.24905814,0.51091859,0.107867,4.7882339,0.055023047,79.999979
35.949966,-4145.5687,0.24931607,0.54835614,0.11252479,4.7128754,0.061975238,79.999979
35.959966,-4145.0189,0.24952388,0.49866634,0.11707406,3.7669883,0.058340349,79.999979
35.969966,-4146.5711,0.24899226,0.59598875,0.115607,4.865471,0.068900472,79.999979
35.979966,-4147.922,0.24877812,0.55910007,0.12221345,4.6401899,0.068126669,79.999979
35.989966,-4147.8475,0.24860217,0.51116073,0.12977689,4.0328779,0.066170051,79.999979
35.999966,-4146.9979,0.24836033,0.49624244,0.13995725,3.4497633,0.070585168,79.999979
36.009966,-4145.215,0.24842461,0.5683257,0.11744527,4.4966887,0.065946864,79.999979
36.019966,-4148.5268,0.24982252,0.52207418,0.12343692,4.1339221,0.064443729,79.999979
36.029966,-4148.7085,0.24793432,0.53420054,0.12047423,4.3575929,0.064370467,79.999979
36.039966,-4147.7321,0.24832048,0.51747943,0.11608608,4.2637338,0.060044598,79.999979
36.049966,-4148.1026,0.24814708,0.52557495,0.1136129,4.4720634,0.063808852,79.999979
36.059966,-4148.4731,0.24797367,0.50544878,0.11113972,4.680393,0.070419504,79.999979
36.069966,-4150.6417,0.24782932,0.50612012,0.104643,4.723749,0.052969777,79.999979
36.079966,-4152.4223,0.24941786,0.50785603,0.11199744,4.3372411,0.056758319,79.999979
36.089966,-4149.8731,0.24968975,0.49657076,0.10606028,4.3297346,0.058539506,79.999979
36.099966,-4152.8634,0.24893112,0.5855667,0.097544605,5.9136268,0.06082989,79.999979
36.109966,-4152.7481,0.24901733,0.55910131,0.094317351,5.8320793,0.05500046,79.999979
36.119966,-4152.6328,0.24873086,0.53263592,0.091090097,5.7505318,0.049171031,79.999979
36.129966,-4152.8527,0.24844439,0.55129128,0.10354446,5.2264556,0.05709122,79.999979
36.139966,-4153.211,0.24843466,0.49240597,0.14016275,3.6522401,0.0657848,79.999979
36.149966,-4154.9024,0.24898393,0.52342097,0.12363168,3.992579,0.064787439,79.999979
36.159966,-4156.5692,0.24758235,0.52579404,0.14455807,3.488677,0.075957013,79.999979
36.169966,-4156.7059,0.24773433,0.53610754,0.12586703,3.8274441,0.067477501,79.999979
36.179965,-4156.8426,0.2478863,0.52586431,0.11042256,4.1662113,0.058666209,79.999979
36.189965,-4155.8292,0.24803827,0.51555618,0.096477465,5.0301466,0.049853869,79.999979
36.199965,-4154.7981,0.24840604,0.54761899,0.099257263,5.4788325,0.055700373,79.999979
36.209965,-4158.8584,0.24778626,0.52668202,0.12497173,3.9254854,0.066276473,79.999979
36.219965,-4156.8612,0.24828564,0.56045105,0.11188641,4.8791161,0.063352389,79.999979
36.229965,-4156.7552,0.24827412,0.60850438,0.11868546,4.8555465,0.072319624,79.999979
36.239965,-4156.6492,0.2482626,0.59131357,0.12383149,4.8319768,0.068990755,79.999979
36.249965,-4156.5432,0.24833563,0.55817552,0.11200778,4.9608523,0.064738606,79.999979
36.259965,-4159.3106,0.24884136,0.53325667,0.15382549,3.2871878,0.08208169,79.999979
36.269965,-4161.5405,0.24856141,0.53253835,0.11338444,4.4879492,0.06038931,79.999979
36.279965,-4162.6808,0.24743218,0.52083304,0.13306129,3.6909219,0.066802315,79.999979
36.289965,-4162.6808,0.24727604,0.53776012,0.12611239,4.1077649,0.068207112,79.999979
36.299965,-4162.7431,0.24727604,0.56702732,0.12487101,4.2007242,0.069006383,79.999979
36.309965,-4162.8263,0.24731556,0.60500557,0.12153395,4.5183397,0.07030645,79.999979
36.319965,-4165.4932,0.24853685,0.5468685,0.12142993,4.1645289,0.061990014,79.999979
36.329965,-4164.6153,0.24758278,0.49647675,0.13429083,3.3014801,0.064466858,79.999979
36.339965,-4168.6321,0.24827495,0.51598831,0.11709304,4.5266852,0.061446163,79.999979
36.349965,-4169.7477,0.24807521,0.53297041,0.1058154,4.728581,0.061051333,79.999979
36.359965,-4171.4385,0.24802238,0.52426798,0.1175726,4.3075396,0.060098064,79.999979
36.369965,-4171.6438,0.24799147,0.52201239,0.13560238,3.7719474,0.061093741,79.999979
36.379965,-4171.8492,0.24796056,0.51975681,0.12656597,3.9451526,0.062089417,79.999979
36.389965,-4171.9557,0.24779376,0.5165519,0.13242255,4.1450283,0.068389481,79.999979
36.399965,-4174.6976,0.24698466,0.58891781,0.10614428,5.1923866,0.064329504,79.999979
36.409965,-4172.6648,0.24765287,0.4852439,0.11606445,4.4731594,0.056477655,79.999979
36.419965,-4172.9941,0.24882399,0.51538403,0.10758927,5.0451634,0.055449145,79.999979
36.429965,-4173.3976,0.24902641,0.50557018,0.10950019,4.5806319,0.055356777,79.999979
36.439965,-4173.8011,0.24846764,0.51316886,0.11141112,4.4570652,0.056383099,79.999979
36.449965,-4173.2214,0.2478947,0.53191745,0.10571017,4.7633403,0.058894686,79.999979
36.459965,-4170.639,0.24673539,0.54564869,0.11455964,4.593022,0.063456345,79.999979
36.469965,-4173.0186,0.24832738,0.52240417,0.097747361,4.9781115,0.051061131,79.999979
36.479965,-4173.7,0.24806273,0.50490917,0.12439327,4.6510987,0.065394424,79.999979
36.489965,-4172.7725,0.24751822,0.52556975,0.14739908,3.1681585,0.074672756,79.999979
36.499965,-4172.0176,0.24761361,0.52433702,0.12541479,3.7477515,0.064392509,79.999979
36.509965,-4172.1994,0.247709,0.52354151,0.10388458,4.9434467,0.054403679,79.999979
36.519965,-4174.3241,0.24753778,0.5555191,0.11200064,4.7550398,0.065504829,79.999979
36.529965,-4175.795,0.24777686,0.48996391,0.11595543,4.0735405,0.054844063,79.999979
36.539965,-4174.4506,0.24738639,0.51979072,0.11320927,4.4478288,0.058841604,79.999979
36.549965,-4177.0571,0.2478584,0.52199331,0.12886138,3.7695876,0.067673562,79.999979
36.559965,-4177.1158,0.24777242,0.51083821,0.10239178,4.452084,0.054658911,79.999979
36.569965,-4177.1745,0.24768643,0.52014191,0.10503769,4.8711016,0.055049378,79.999979
36.579965,-4178.5322,0.24773489,0.48469211,0.13036566,4.3805358,0.063162149,79.999979
36.589965,-4176.7473,0.24782799,0.56251323,0.10780772,4.7571018,0.064476059,79.999979
36.599965,-4179.9363,0.24785216,0.51593247,0.1155608,4.4558328,0.064452868,79.999979
36.609965,-4181.1454,0.24734325,0.48713478,0.15977123,2.946175,0.077831955,79.999979
36.619965,-4182.7704,0.24735452,0.4868244,0.1577571,2.9703475,0.076585782,79.999979
36.629965,-4183.029,0.2473658,0.50214545,0.153372,2.99452,0.075975935,79.999979
36.639965,-4183.2875,0.24714324,0.52107252,0.1327152,3.4371509,0.057972104,79.999979
36.649965,-4182.6429,0.24783596,0.52000186,0.11155087,4.7482267,0.057924854,79.999979
36.659965,-4186.1384,0.2476497,0.51327042,0.11388477,4.9439583,0.059294818,79.999979
36.669965,-4185.1598,0.24717332,0.60861775,0.1180821,4.519998,0.071780786,79.999979
36.679965,-4183.2252,0.24705571,0.55849692,0.12118733,5.0631817,0.067407359,79.999979
36.689965,-4183.1,0.24693809,0.50837608,0.12429256,4.2232119,0.063033933,79.999979
36.699965,-4182.9749,0.24730654,0.48839796,0.1572961,3.057067,0.077014227,79.999979
36.709965,-4185.487,0.24666062,0.50571708,0.1274667,3.3661673,0.064178111,79.999979
36.719965,-4185.2567,0.24889477,0.59739992,0.11865111,4.6042312,0.070902274,79.999979
36.729965,-4186.759,0.2463995,0.4956312,0.10808667,4.5315091,0.053659489,79.999979
36.739965,-4186.759,0.24636817,0.51295274,0.13664082,3.7264786,0.070166711,79.999979
36.749965,-4186.685,0.24633684,0.5098946,0.1286469,3.8828414,0.064370729,79.999979
36.759965,-4186.5508,0.24631154,0.51448705,0.11185858,4.4364057,0.057568924,79.999979
36.769965,-4188.914,0.24719819,0.49472477,0.1348474,3.8108137,0.066722691,79.999979
36.779965,-4187.5307,0.24744257,0.49458521,0.11341826,4.2540434,0.056083793,79.999979
36.789965,-4189.8414,0.24616467,0.56080525,0.12068044,4.3799424,0.068293728,79.999979
36.799965,-4190.4984,0.24618112,0.55911651,0.11823298,4.5136182,0.06568664,79.999979
36.809965,-4191.0063,0.2461874,0.54655283,0.11200717,4.7164793,0.061090903,79.999979
36.819965,-4191.5142,0.2461874,0.53343234,0.10755466,4.9133219,0.057846733,79.999979
36.829965,-4189.7917,0.24689231,0.53147793,0.15186923,3.7273053,0.081037599,79.999979
36.839965,-4189.7288,0.24552717,0.52539007,0.11944297,4.4077827,0.062999113,79.999979
36.849965,-4192.6804,0.24753423,0.50375604,0.12274887,4.0358888,0.061838547,79.999979
36.859965,-4191.753,0.24749679,0.5281556,0.11434105,4.1174582,0.060420414,79.999979
36.869965,-4191.0657,0.24721931,0.542487,0.10697489,4.7221299,0.057951957,79.999979
36.879965,-4190.6645,0.24694184,0.54997344,0.10106777,5.3517917,0.055562207,79.999979
36.889965,-4190.6413,0.24647846,0.51386404,0.11563767,4.0253966,0.05941823,79.999979
36.899965,-4194.4419,0.24724326,0.54704418,0.10355492,5.8290912,0.061451444,79.999979
36.909965,-4192.4454,0.24597318,0.5362492,0.12647688,4.0712704,0.067856842,79.999979
36.919965,-4194.662,0.24644879,0.52557899,0.13587542,3.7838508,0.069452439,79.999979
36.929965,-4195.0747,0.24690447,0.51883112,0.13607241,3.7552087,0.069887496,79.999979
36.939965,-4195.4875,0.24694258,0.50888593,0.1362694,3.7265666,0.063115407,79.999979
36.949965,-4196.0751,0.24698068,0.53524747,0.11512557,4.3206682,0.063239177,79.999979
36.959965,-4197.2313,0.24665851,0.51616262,0.1086718,4.7973191,0.059721036,79.999979
36.969965,-4197.3838,0.24762483,0.54487632,0.14125391,3.757466,0.077315144,79.999979
36.979965,-4199.3679,0.24711793,0.50448112,0.11250261,4.2692385,0.056704541,79.999979
36.989965,-4199.9012,0.24688314,0.53265139,0.1041774,4.5600628,0.055933901,79.999979
36.999965,-4200.4345,0.24664835,0.57057533,0.10457919,4.8508871,0.059803261,79.999979
37.009965,-4200.9678,0.24636894,0.50586371,0.11488272,5.2309302,0.058104246,79.999979
37.019965,-4198.803,0.24720058,0.46872027,0.10875106,4.3742271,0.050959136,79.999979
37.029965,-4202.47,0.24642171,0.54792328,0.10996466,4.7553796,0.060388794,79.999979
37.039965,-4203.0781,0.24678244,0.52276389,0.12442036,4.0961967,0.064714019,79.999979
37.049965,-4202.4306,0.24633273,0.51810356,0.11752721,4.2943723,0.060841466,79.999979
37.059965,-4201.783,0.24640058,0.52769676,0.11063406,4.4925479,0.062630461,79.999979
37.069965,-4201.7192,0.2465273,0.53160485,0.12680656,4.2464277,0.068684405,79.999979
37.079965,-4204.3565,0.24588821,0.55318198,0.1120741,4.8855215,0.063105954,79.999979
37.089965,-4205.1722,0.2468758,0.52541611,0.11304265,4.6270683,0.059466546,79.999979
37.099965,-4203.5918,0.2457226,0.49427975,0.092227969,5.56462,0.046747984,79.999979
37.109965,-4204.3142,0.24592069,0.48105485,0.097692299,5.1199611,0.046491052,79.999979
37.119965,-4205.0365,0.24611877,0.4827885,0.10315663,4.6753022,0.048738834,79.999979
37.129965,-4205.7589,0.24661326,0.48452214,0.10602288,4.4529558,0.050986616,79.999979
37.139965,-4206.3099,0.24685803,0.52212448,0.11574284,4.1246538,0.059544361,79.999979
37.149965,-4204.5738,0.24657626,0.54429424,0.12458098,4.1440717,0.06783866,79.999979
37.159965,-4206.8234,0.24617162,0.46942726,0.12542297,3.7929896,0.058901406,79.999979
37.169965,-4207.3552,0.24622679,0.52147879,0.10910288,4.3464068,0.06000346,79.999979
37.179965,-4207.8911,0.24630462,0.52635246,0.11650865,4.6880304,0.063019485,79.999979
37.189965,-4208.3238,0.24638244,0.53122614,0.12391442,4.2305746,0.06603551,79.999979
37.199965,-4208.1791,0.24635589,0.48703802,0.12244846,3.8701396,0.059632486,79.999979
37.209965,-4207.7948,0.24661109,0.57593257,0.11288842,4.4460944,0.064633326,79.999979
37.219965,-4211.3064,0.24595466,0.53249839,0.12987491,3.8999749,0.075059211,79.999979
37.229964,-4209.901,0.24600801,0.51898201,0.11180027,4.6487619,0.058175313,79.999979
37.239964,-4209.901,0.24609086,0.48626827,0.1037475,4.8176406,0.050573223,79.999979
37.249964,-4209.901,0.24634059,0.50042911,0.095694731,4.9865193,0.048689361,79.999979
37.259964,-4209.6012,0.24654362,0.52588295,0.1118627,4.6681567,0.059308957,79.999979
37.269964,-4213.0016,0.24654593,0.54628707,0.10587399,5.157609,0.057840561,79.999979
37.279964,-4212.9948,0.24568368,0.50092609,0.10267464,4.8944786,0.051811163,79.999979
37.289964,-4215.582,0.24617809,0.56618916,0.11429351,4.9137745,0.06479658,79.999979
37.299964,-4215.5837,0.24617809,0.52339522,0.10899416,4.9594115,0.057074659,79.999979
37.309964,-4215.7054,0.24617809,0.51935614,0.10369482,5.0050486,0.056006674,79.999979
37.319964,-4215.8271,0.24636142,0.51918473,0.10553445,4.823774,0.05560274,79.999979
37.329964,-4217.3339,0.2462226,0.50632616,0.11476146,4.3118393,0.058372822,79.999979
37.339964,-4216.9016,0.24585324,0.50372788,0.12310096,4.0562118,0.059251937,79.999979
37.349964,-4218.3924,0.245543,0.4813884,0.12116107,4.101112,0.057428384,79.999979
37.359964,-4218.9685,0.24561354,0.48518736,0.11538302,3.8687806,0.055479451,79.999979
37.369964,-4219.5446,0.24575659,0.48898633,0.10960498,4.2480391,0.053530519,79.999979
37.379964,-4220.0116,0.24590858,0.50665485,0.12749461,4.0567776,0.072230968,79.999979
37.389964,-4218.2997,0.24630548,0.5339817,0.13485827,3.8726784,0.072119772,79.999979
37.399964,-4219.6138,0.24546491,0.55557541,0.12131464,4.6552008,0.067117211,79.999979
37.409964,-4221.4344,0.24618107,0.51388446,0.11532783,4.1033853,0.061138228,79.999979
37.419964,-4220.8864,0.24624587,0.55236238,0.13900042,3.8313281,0.062995323,79.999979
37.429964,-4220.3385,0.24626011,0.53956216,0.12691976,4.1786787,0.057827573,79.999979
37.439964,-4219.5453,0.24627434,0.54700341,0.10040494,4.9435747,0.057444983,79.999979
37.449964,-4219.7544,0.24560549,0.55519551,0.11538427,4.990749,0.067214355,79.999979
37.459964,-4221.7546,0.24606031,0.59924645,0.1118432,4.1239166,0.064799905,79.999979
37.469964,-4219.796,0.24659208,0.56866378,0.13091027,4.2968387,0.074626993,79.999979
37.479964,-4219.7054,0.24628497,0.52113761,0.1350162,3.4586178,0.068201551,79.999979
37.489964,-4220.1831,0.24599537,0.5169333,0.12332369,4.0061263,0.065698071,79.999979
37.499964,-4220.7196,0.24571818,0.49406444,0.14822321,4.4474521,0.073309505,79.999979
37.509964,-4222.2724,0.2451441,0.5086065,0.1109328,4.622275,0.056394687,79.999979
37.519964,-4223.0657,0.24634341,0.5247441,0.10541666,4.8677604,0.055317284,79.999979
37.529964,-4224.034,0.24590517,0.57901709,0.1010305,5.2836853,0.058457939,79.999979
37.539964,-4224.7001,0.24572306,0.53910153,0.10331243,5.4859911,0.056556031,79.999979
37.549964,-4224.6631,0.2454816,0.5469397,0.10482217,5.0651293,0.058613265,79.999979
37.559964,-4224.626,0.24524014,0.55477787,0.10895844,4.9825936,0.060670499,79.999979
37.569964,-4225.4112,0.24535179,0.59817753,0.1435202,4.1092515,0.086108028,79.999979
37.579964,-4223.975,0.24591341,0.47787244,0.12062643,3.5261612,0.057891442,79.999979
37.589964,-4226.374,0.24607314,0.52541146,0.11013188,4.9803428,0.057695923,79.999979
37.599964,-4228.0642,0.24525425,0.50290889,0.13602096,4.2241871,0.06262451,79.999979
37.609964,-4228.2608,0.24525425,0.52077069,0.15949608,2.9775253,0.063171357,79.999979
37.619964,-4228.4573,0.24525425,0.53863248,0.12977344,4.0524357,0.063718203,79.999979
37.629964,-4228.5058,0.2458644,0.52181417,0.10448415,4.9047193,0.054517508,79.999979
37.639964,-4229.2021,0.24571798,0.51587156,0.11162795,4.4129059,0.057693757,79.999979
37.649964,-4230.0407,0.24566219,0.52570384,0.095938771,5.5974728,0.050503009,79.999979
37.659964,-4227.641,0.24607601,0.51289788,0.093046483,5.5607999,0.044949018,79.999979
37.669964,-4227.7178,0.24612247,0.50769131,0.13024432,3.8625858,0.047834154,79.999979
37.679964,-4227.7947,0.24616893,0.50248474,0.11274796,4.2613797,0.050719289,79.999979
37.689964,-4227.828,0.24621539,0.52156059,0.11008453,4.7314627,0.05760355,79.999979
37.699964,-4230.6513,0.24533928,0.52412531,0.15055253,3.7933997,0.079010129,79.999979
37.709964,-4231.4571,0.24550773,0.52408741,0.11062351,4.8174348,0.057938741,79.999979
37.719964,-4233.3323,0.24585233,0.50538489,0.1468225,3.3201234,0.068626205,79.999979
37.729964,-4233.5865,0.24590016,0.51475034,0.13519074,3.6387631,0.068999079,79.999979
37.739964,-4233.8529,0.24594615,0.51134981,0.11968734,4.1607418,0.060854182,79.999979
37.749964,-4234.1193,0.24594615,0.52708268,0.10653187,4.754095,0.057577517,79.999979
37.759964,-4234.8966,0.24606545,0.57249632,0.1192557,5.1590659,0.068257128,79.999979
37.769964,-4234.6483,0.24533663,0.54100036,0.11742567,4.6280939,0.063515129,79.999979
37.779964,-4236.3539,0.24507782,0.60554949,0.1044019,5.6689442,0.063742562,79.999979
37.789964,-4237.0043,0.24484726,0.50726047,0.11133007,4.3827398,0.055538677,79.999979
37.799964,-4237.3574,0.24478632,0.54818886,0.11365842,4.3478168,0.061359927,79.999979
37.809964,-4237.7106,0.24472539,0.58911725,0.11414276,4.8088813,0.067181178,79.999979
37.819964,-4235.5601,0.24507838,0.51644722,0.10666812,4.733364,0.057257075,79.999979
37.829964,-4236.6311,0.2467796,0.51942427,0.11673836,4.4001736,0.060636437,79.999979
37.839964,-4238.2366,0.24532178,0.50676542,0.12354292,4.0409273,0.062711658,79.999979
37.849964,-4235.7478,0.2452305,0.57258682,0.10360922,5.4256995,0.059649918,79.999979
37.859964,-4236.4362,0.24516107,0.60589223,0.11314874,5.3867532,0.067828076,79.999979
37.869964,-4237.1245,0.24509163,0.56597859,0.11095012,5.3478069,0.062695466,79.999979
37.879964,-4237.9675,0.24488898,0.53305932,0.13914659,4.2898863,0.073403671,79.999979
37.889964,-4240.1752,0.24572281,0.53865775,0.10773821,4.8842886,0.060667388,79.999979
37.899964,-4237.7618,0.24568029,0.56658181,0.11278659,5.0491554,0.063735705,79.999979
37.909964,-4241.1854,0.24525635,0.48712188,0.12061678,4.1581333,0.05887628,79.999979
37.919964,-4241.2823,0.2451928,0.49832963,0.15331932,3.6358377,0.074564047,79.999979
37.929964,-4241.3792,0.24512924,0.50017925,0.1560402,3.1334578,0.077284426,79.999979
37.939964,-4241.4761,0.24486342,0.59909399,0.15820482,3.0721592,0.080973657,79.999979
37.949964,-4242.8924,0.24480401,0.5514347,0.11075914,4.134612,0.06066165,79.999979
37.959964,-4243.9403,0.24487143,0.55003849,0.12233016,4.4222205,0.067902435,79.999979
37.969964,-4245.4302,0.24570334,0.50108698,0.11452562,4.095322,0.057650435,79.999979
37.979964,-4245.2612,0.24578731,0.50301017,0.1096278,4.1968681,0.056405003,79.999979
37.989964,-4245.0922,0.24587129,0.50493335,0.1074324,4.2984142,0.055159572,79.999979
37.999964,-4244.9233,0.24595526,0.50685654,0.10523699,4.3999603,0.05391414,79.999979
38.009964,-4244.7543,0.24603924,0.50877972,0.10304159,4.5996205,0.052668708,79.999979
38.019964,-4244.5854,0.24589443,0.51290395,0.1050024,4.8525553,0.05449832,79.999979
38.029964,-4243.5091,0.24649441,0.52570442,0.12811882,3.9833735,0.067789179,79.999979
38.039964,-4243.5091,0.24653335,0.54407378,0.11726144,4.7472349,0.064019601,79.999979
38.049964,-4243.5091,0.24653335,0.51057575,0.099700544,5.0210157,0.062783319,79.999979
38.059964,-4243.9483,0.24653335,0.49558462,0.13913096,4.3158679,0.067762279,79.999979
38.069964,-4245.7424,0.24556243,0.52652301,0.10962676,4.7331564,0.058956331,79.999979
38.079964,-4243.6759,0.24505093,0.51467147,0.12368844,3.8039444,0.063735366,79.999979
38.089964,-4245.6304,0.24503739,0.51558028,0.14817477,3.3784414,0.076429036,79.999979
38.099964,-4246.2426,0.24464371,0.55564728,0.12247873,4.2091323,0.068009754,79.999979
38.109964,-4244.5611,0.24510452,0.54235306,0.10522975,5.3459198,0.057448451,79.999979
38.119964,-4245.2661,0.24530219,0.50099095,0.12281923,4.7810383,0.061763496,79.999979
38.129964,-4245.9712,0.24549985,0.51249767,0.1440336,4.2161568,0.074066757,79.999979
38.139964,-4246.6763,0.24511366,0.52100402,0.14760776,3.3593177,0.076051395,79.999979
38.149964,-4246.9209,0.24473877,0.51757825,0.12833017,4.2130948,0.066437408,79.999979
38.159964,-4246.4364,0.24469205,0.51651703,0.13224304,4.011423,0.068314184,79.999979
38.169964,-4245.9064,0.24417002,0.52406454,0.15618459,3.0647833,0.080607872,79.999979
38.179964,-4246.6845,0.24438234,0.54932193,0.10539693,4.9161671,0.078611159,79.999979
38.189964,-4247.4626,0.24448354,0.56486084,0.1098202,5.0641908,0.074967398,79.999979
38.199964,-4248.2407,0.24439032,0.56543721,0.12125307,4.572767,0.068730478,79.999979
38.209964,-4249.4573,0.24459803,0.49202488,0.12864616,4.2078303,0.063910906,79.999979
38.219964,-4249.1821,0.24580998,0.47739037,0.11640157,4.078653,0.055728412,79.999979
38.229964,-4250.4857,0.24445414,0.55182988,0.13425757,3.8161901,0.07317177,79.999979
38.239964,-4250.285,0.24470616,0.53486834,0.11765636,4.6416104,0.066391107,79.999979
38.249964,-4250.285,0.24470616,0.51547015,0.12607743,4.2221519,0.068428517,79.999979
38.259964,-4250.3372,0.24470616,0.49607196,0.1419471,3.4583229,0.070465927,79.999979
38.269964,-4252.1938,0.24493544,0.55925584,0.16260188,3.5269159,0.07379654,79.999979
38.279963,-4251.6832,0.2438823,0.52620979,0.115211,4.4271061,0.064235854,79.999979
38.289963,-4253.2439,0.24544967,0.55052177,0.13551948,3.5556237,0.075312672,79.999979
38.299963,-4251.9202,0.24467528,0.5214109,0.11988204,4.1345846,0.062524659,79.999979
38.309963,-4251.9202,0.24467528,0.52347799,0.11146989,4.3043135,0.058678157,79.999979
38.319963,-4251.9202,0.24467528,0.53546986,0.10737593,4.4740424,0.057556825,79.999979
38.329963,-4251.9096,0.24481556,0.51659523,0.10445946,4.9899216,0.054158848,79.999979
38.339963,-4254.9151,0.24479344,0.52999064,0.11732682,4.2828865,0.065338906,79.999979
38.349963,-4256.6625,0.24482658,0.51391151,0.11329384,4.3701882,0.058224168,79.999979
38.359963,-4254.709,0.24469374,0.57840984,0.14835073,4.5921546,0.063862009,79.999979
38.369963,-4255.4769,0.2451526,0.55298696,0.13893271,3.8349874,0.0644995,79.999979
38.379963,-4256.2448,0.24554797,0.52756407,0.12951469,3.959145,0.065136991,79.999979
38.389963,-4256.8957,0.24594335,0.54259431,0.12166964,4.3245101,0.066018841,79.999979
38.399963,-4258.4661,0.24450681,0.4967346,0.13452888,3.4740302,0.067091312,79.999979
38.409963,-4255.7511,0.24438831,0.53491965,0.09887419,5.3377271,0.055551971,79.999979
38.419963,-4258.6339,0.24481555,0.57595668,0.14467758,3.7959641,0.083033951,79.999979
38.429963,-4258.8195,0.24468855,0.61781764,0.11104253,4.555384,0.069353065,79.999979
38.439963,-4259.005,0.24456154,0.55347114,0.10406019,5.314804,0.059105877,79.999979
38.449963,-4259.9642,0.24443453,0.50186597,0.1173563,5.3182232,0.059952119,79.999979
38.459963,-4260.3362,0.24435207,0.52135557,0.12392699,3.7611196,0.062461968,79.999979
38.469963,-4260.3359,0.2455076,0.50848387,0.11094486,4.3177007,0.05560175,79.999979
38.479963,-4261.1255,0.24565828,0.51773568,0.12512319,5.2918615,0.064863106,79.999979
38.489963,-4262.2291,0.24537345,0.50173474,0.12659796,3.9978425,0.061321511,79.999979
38.499963,-4262.1831,0.24508862,0.48810253,0.12048573,3.9150778,0.057888709,79.999979
38.509963,-4261.6164,0.24475292,0.49979952,0.11761288,4.0871673,0.059411527,79.999979
38.519963,-4259.6608,0.2436773,0.49784929,0.11332709,4.4165804,0.057952964,79.999979
38.529963,-4262.7383,0.24467371,0.52614877,0.13351624,3.8837068,0.070292604,79.999979
38.539963,-4264.909,0.24424227,0.51374119,0.12078893,4.1352172,0.063668499,79.999979
38.549963,-4263.7334,0.24431952,0.53295388,0.11669491,4.5095657,0.063084375,79.999979
38.559963,-4263.6348,0.24441306,0.5284334,0.11530877,4.4664867,0.060749705,79.999979
38.569963,-4264.2669,0.2445066,0.52702044,0.11085698,4.4234077,0.05840297,79.999979
38.579963,-4265.9402,0.24368064,0.52897736,0.099172597,5.2588073,0.052418338,79.999979
38.589963,-4267.6375,0.24362676,0.5247769,0.12320181,4.3860711,0.064823901,79.999979
38.599963,-4265.794,0.24398136,0.61438253,0.098393241,6.144832,0.060450853,79.999979
38.609963,-4268.435,0.24395769,0.52683188,0.10361888,4.8596887,0.054340434,79.999979
38.619963,-4268.435,0.24401196,0.54655156,0.11034446,4.6992726,0.0599011,79.999979
38.629963,-4268.435,0.24427393,0.56627124,0.11566713,4.7700099,0.065461766,79.999979
38.639963,-4268.4951,0.24445755,0.53938361,0.1077386,4.8610845,0.058468497,79.999979
38.649963,-4269.1301,0.24411549,0.501996,0.11248881,4.165982,0.054933144,79.999979
38.659963,-4272.0159,0.24384339,0.58360105,0.11140209,5.4399258,0.064314798,79.999979
38.669963,-4273.0293,0.24357615,0.52974753,0.10092109,4.9629847,0.053485303,79.999979
38.679963,-4273.3105,0.24357615,0.61241855,0.10179685,5.3011147,0.062388539,79.999979
38.689963,-4273.3105,0.24357615,0.62076312,0.10267261,5.6392447,0.06454201,79.999979
38.699963,-4273.3105,0.24365068,0.61806473,0.10992787,5.5797145,0.065430554,79.999979
38.709963,-4271.2237,0.24530482,0.52358149,0.11585287,4.425006,0.061182348,79.999979
38.719963,-4273.6788,0.24496664,0.53912263,0.11494728,4.6177328,0.061966377,79.999979
38.729963,-4272.7775,0.24486748,0.48948183,0.11820552,4.2017423,0.058306412,79.999979
38.739963,-4272.4981,0.24490269,0.49870173,0.1121812,4.1373132,0.056736814,79.999979
38.749963,-4272.3603,0.2449379,0.50792162,0.10814721,4.3996031,0.055167217,79.999979
38.759963,-4272.3603,0.2449731,0.52069496,0.10411322,4.7900191,0.057193067,79.999979
38.769963,-4274.2184,0.24492831,0.47991855,0.14762894,3.1527067,0.070882027,79.999979
38.779963,-4276.4049,0.24424634,0.51569944,0.14660233,3.2761069,0.075657156,79.999979
38.789963,-4275.0441,0.24458951,0.54777109,0.1056174,5.3165371,0.058176165,79.999979
38.799963,-4274.8699,0.24480091,0.48982338,0.096434379,5.045844,0.052083064,79.999979
38.809963,-4274.6956,0.24455235,0.50003347,0.098958259,4.9716924,0.053782813,79.999979
38.819963,-4274.6182,0.24430378,0.51024355,0.10851486,4.7282333,0.055482563,79.999979
38.829963,-4277.4557,0.24398059,0.5513304,0.11437262,4.3047784,0.062756056,79.999979
38.839963,-4280.518,0.24373699,0.53687736,0.11265844,4.4615656,0.05901756,79.999979
38.849963,-4280.3897,0.24247742,0.48013058,0.096765063,4.7633471,0.046400434,79.999979
38.859963,-4280.4983,0.24237222,0.57703903,0.11682154,5.2378439,0.064591318,79.999979
38.869963,-4280.7329,0.24256957,0.51140634,0.12009655,4.5856291,0.06030217,79.999979
38.879963,-4281.2573,0.24276693,0.491195,0.12337156,3.8624576,0.055883692,79.999979
38.889963,-4282.6719,0.24368707,0.47054189,0.11719561,4.1329645,0.054650221,79.999979
38.899963,-4280.8277,0.24390642,0.52185617,0.1277036,3.6095891,0.06653768,79.999979
38.909963,-4284.6957,0.24387982,0.50452775,0.11422915,4.6740604,0.057629847,79.999979
38.919963,-4287.1937,0.24545237,0.50433921,0.13244448,3.6873556,0.065297331,79.999979
38.929963,-4287.1937,0.24513307,0.50201433,0.13396952,3.6565596,0.062986431,79.999979
38.939963,-4287.1937,0.24481376,0.49968944,0.12423,3.9291312,0.060675531,79.999979
38.949963,-4285.8004,0.24449446,0.49878721,0.12101877,4.030219,0.06045931,79.999979
38.959963,-4285.7809,0.2434419,0.52588098,0.11763159,4.0967751,0.06162765,79.999979
38.969963,-4288.5496,0.24405615,0.4866451,0.11537731,4.3173424,0.056190898,79.999979
38.979963,-4287.1234,0.24431178,0.55667843,0.15160696,3.5623229,0.084424846,79.999979
38.989963,-4287.8099,0.24431178,0.54499372,0.13935665,3.7791459,0.075716389,79.999979
38.999963,-4288.4965,0.24431178,0.56856542,0.11785724,4.508493,0.066489339,79.999979
39.009963,-4288.8731,0.24431178,0.51202172,0.10781408,5.374825,0.055376306,79.999979
39.019963,-4290.9049,0.24270193,0.55324366,0.11988009,4.4320501,0.066323814,79.999979
39.029963,-4292.0858,0.24326606,0.51854773,0.1362763,3.6378505,0.070905603,79.999979
39.039963,-4294.028,0.24369438,0.48902318,0.13919718,3.4130611,0.068070845,79.999979
39.049963,-4294.0158,0.24380578,0.48654638,0.12769741,3.6665685,0.062135193,79.999979
39.059963,-4294.0036,0.24367991,0.50414308,0.11227989,4.2773182,0.056228963,79.999979
39.069963,-4293.9937,0.24355404,0.5184659,0.10289591,5.0812829,0.053310314,79.999979
39.079963,-4295.8521,0.24380705,0.61379059,0.097674499,5.8155334,0.05985838,79.999979
39.089963,-4295.6178,0.24289543,0.60205904,0.1180831,5.1666544,0.071316616,79.999979
39.099963,-4297.7386,0.24307182,1.5068813,0.14878423,6.2083477,0.3142635,79.999979
39.109963,-4297.0061,0.24284312,3.0543143,0.5765915,4.7685639,1.1576906,79.999979
39.119963,-4295.7936,0.24304908,3.0880098,0.70871109,4.2219679,1.6928215,79.999979
39.129963,-4294.5811,0.24319697,3.1173872,0.70825605,4.3019848,2.2079268,79.999979
39.139963,-4293.5136,0.24319697,3.1015914,0.71822435,4.0692443,2.1966514,79.999979
39.149963,-4294.2096,0.2444116,3.0675792,0.707872,4.229828,2.1714362,79.999979
39.159963,-4289.312,0.24459695,3.1559318,0.75172537,4.0316464,2.3231369,79.999979
39.169963,-4273.2177,0.24478097,3.0944128,0.70776597,4.2540301,2.1900967,79.999979
39.179963,-4270.0135,0.24490239,3.1088881,0.70626101,4.2773271,2.2050008,79.999979
39.189963,-4266.8094,0.24502381,3.1217382,0.71750811,4.300624,2.2422786,79.999979
39.199963,-4263.6053,0.2462737,3.156946,0.74214972,4.2259306,2.3435352,79.999979
39.209963,-4239.732,0.24805235,3.1236841,0.72616184,4.1918774,2.2523032,79.999979
39.219963,-4211.3325,0.24680573,3.1051691,0.70425619,4.3109707,2.1851882,79.999979
39.229963,-4198.7936,0.24785644,3.1161316,0.72666978,4.1865084,2.2643957,79.999979
39.239963,-4194.0678,0.24837557,3.1193727,0.72292825,4.2106673,2.2550798,79.999979
39.249963,-4189.4601,0.24889469,3.1151997,0.71918671,4.2348262,2.240128,79.999979
39.259963,-4184.8637,0.24901692,3.125833,0.71510287,4.2558412,2.2368904,79.999979
39.269963,-4169.915,0.24949181,3.1254066,0.76317282,3.9902222,2.385129,79.999979
39.279963,-4148.909,0.24869618,3.0632954,0.72222485,4.3095069,2.212379,79.999979
39.289963,-4120.2638,0.25092739,3.1183261,0.72956311,4.2026662,2.2240186,79.999979
39.299963,-4120.2638,0.25103544,3.0792107,0.71084743,4.275359,2.1887996,79.999979
39.309963,-4120.2638,0.25117607,3.1166856,0.72432143,4.2353111,2.2600248,79.999979
39.319963,-4119.602,0.2513167,3.1667666,0.74083325,4.1884109,2.3432549,79.999979
39.329962,-4100.8256,0.2520358,3.1152675,0.72644548,4.217448,2.2630938,79.999979
39.339962,-4080.5407,0.25163071,3.1062487,0.74319993,4.0784494,2.3199586,79.999979
39.349962,-4049.9488,0.25460913,3.0841691,0.734623,4.1475558,2.2710509,79.999979
39.359962,-4035.8718,0.25334993,3.1515217,0.73265563,4.2052332,2.2917864,79.999979
39.369962,-4035.6134,0.25334993,3.1476876,0.71956438,4.2820761,2.2632261,79.999979
39.379962,-4030.7803,0.25334993,3.135056,0.70647313,4.3589191,2.2405206,79.999979
39.389962,-4025.9472,0.2534183,3.1213054,0.70555065,4.3423184,2.2185598,79.999979
39.399962,-4005.9496,0.25423996,3.0859216,0.73220975,4.1525823,2.2748376,79.999979
39.409962,-3988.4823,0.25605062,3.1220486,0.74880145,4.069474,2.3377967,79.999979
39.419962,-3968.8665,0.25667368,3.1162087,0.74758888,4.1906374,2.3296448,79.999979
39.429962,-3966.8885,0.25661943,3.113205,0.74701957,4.068297,2.3256285,79.999979
39.439962,-3964.9106,0.256508,3.1102013,0.74645027,4.0669396,2.3216123,79.999979
39.449962,-3960.063,0.25639657,3.1038524,0.7161031,4.209173,2.2226907,79.999979
39.459962,-3946.0001,0.25715476,0.6339804,0.15257699,4.3245341,0.096826277,79.999979
39.469962,-3920.2782,0.25735949,0.53556869,0.11813083,4.1107083,0.063011571,79.999979
39.479962,-3908.8144,0.25802505,0.53927802,0.092624677,5.6919401,0.049985756,79.999979
39.489962,-3903.4911,0.25807998,0.57837925,0.096168502,5.8046912,0.055653331,79.999979
39.499962,-3900.6393,0.2581349,0.53735007,0.10814578,5.9174423,0.057577177,79.999979
39.509962,-3898.0095,0.25837007,0.49561306,0.11423983,4.7309173,0.055590027,79.999979
39.519962,-3896.7407,0.25898495,0.52713157,0.11019639,4.2556253,0.056068735,79.999979
39.529962,-3903.7341,0.25622046,0.53336164,0.10014848,5.2160697,0.053447265,79.999979
39.539962,-3908.4494,0.2565931,0.48055546,0.12041488,3.9380144,0.057183662,79.999979
39.549962,-3909.1548,0.25702868,0.50236909,0.10816513,4.2129531,0.054117084,79.999979
39.559962,-3909.8602,0.2573463,0.51504533,0.10607148,4.5665044,0.055860793,79.999979
39.569962,-3910.3816,0.25763945,0.52212029,0.11359876,4.78138,0.059085831,79.999979
39.579962,-3908.1243,0.25837138,0.58960707,0.11729302,4.9208441,0.06903332,79.999979
39.589962,-3911.6674,0.25742777,0.52675139,0.11549178,4.4248806,0.060847686,79.999979
39.599962,-3914.8613,0.25709455,0.50940729,0.13185202,3.8101063,0.060375869,79.999979
39.609962,-3913.9985,0.25710756,0.49875757,0.10634357,4.5693614,0.05246412,79.999979
39.619962,-3913.2746,0.25710756,0.50990472,0.10357008,4.6482313,0.052033853,79.999979
39.629962,-3912.5506,0.25710756,0.52105186,0.099427548,5.0764861,0.051603585,79.999979
39.639962,-3912.3553,0.25710756,0.5609678,0.11756106,4.7323242,0.066212013,79.999979
39.649962,-3918.1572,0.25748226,0.49084707,0.1170405,4.4274958,0.057288764,79.999979
39.659962,-3921.256,0.2577017,0.50177675,0.13447395,3.6879369,0.067397371,79.999979
39.669962,-3919.3377,0.25767549,0.52277773,0.11144605,4.5759884,0.058264789,79.999979
39.679962,-3919.6139,0.25739239,0.51707113,0.11279012,4.5442648,0.059053341,79.999979
39.689962,-3919.89,0.2571325,0.48569912,0.1141342,4.5125412,0.058590386,79.999979
39.699962,-3922.6867,0.25686099,0.55128319,0.1417374,3.3255547,0.07497176,79.999979
39.709962,-3926.6544,0.2566844,0.51287304,0.10860062,4.0403288,0.055555577,79.999979
39.719962,-3928.9135,0.25662024,0.52867715,0.13298788,4.2435374,0.067543755,79.999979
39.729962,-3929.9247,0.25637865,0.53664724,0.12919519,4.0018999,0.068783186,79.999979
39.739962,-3931.4382,0.25630443,0.57412465,0.12650202,4.2574285,0.072439018,79.999979
39.749962,-3931.9287,0.2562302,0.56367901,0.12380885,4.5129572,0.072791298,79.999979
39.759962,-3932.0403,0.25620656,0.52406377,0.12360306,4.6160099,0.071132786,79.999979
39.769962,-3934.3307,0.25660139,0.54356959,0.12494016,4.1045555,0.06780071,79.999979
39.779962,-3933.528,0.25649944,0.53003138,0.10962395,4.3062554,0.057856774,79.999979
39.789962,-3934.9383,0.25643878,0.53252585,0.10669692,3.8303177,0.056845643,79.999979
39.799962,-3934.7066,0.25625475,0.54258871,0.11134059,4.8864978,0.060504868,79.999979
39.809962,-3934.6757,0.25607071,0.55265157,0.11598426,4.7257546,0.064164094,79.999979
39.819962,-3934.6757,0.25596471,0.59694652,0.11916247,4.8656291,0.071140786,79.999979
39.829962,-3938.5345,0.25608957,0.52281572,0.10401698,4.9404061,0.057072245,79.999979
39.839962,-3942.4037,0.25586284,0.56696757,0.11566074,4.2778797,0.056509353,79.999979
39.849962,-3945.8746,0.25688187,0.54398311,0.10823407,5.4791624,0.076355866,79.999979
39.859962,-3945.8131,0.25604282,0.50984443,0.12216732,4.0384866,0.06227545,79.999979
39.869962,-3945.2126,0.25579698,0.5099531,0.11814813,4.2136192,0.06167079,79.999979
39.879962,-3944.6878,0.25579698,0.50515678,0.11756119,4.2551758,0.061383052,79.999979
39.889962,-3944.64,0.25611279,0.52327482,0.1482011,4.0543972,0.079556989,79.999979
39.899962,-3948.7818,0.25673157,0.5051292,0.11355266,4.1461691,0.061976252,79.999979
39.909962,-3948.4307,0.25575709,0.49063625,0.11964237,3.8967485,0.058639879,79.999979
39.919962,-3948.8801,0.25556412,0.53708015,0.12980399,3.875142,0.071544484,79.999979
39.929962,-3949.9086,0.25599796,0.53104512,0.11562302,4.5358099,0.06459409,79.999979
39.939962,-3950.937,0.2564318,0.52501009,0.10865126,4.7757213,0.057643695,79.999979
39.949962,-3952.4038,0.25648702,0.54322441,0.11507546,5.4066147,0.062553454,79.999979
39.959962,-3953.871,0.25648049,0.52961381,0.12264618,4.2525954,0.069626243,79.999979
39.969962,-3954.3697,0.25589641,0.51952541,0.10691389,4.7263102,0.055536395,79.999979
39.979962,-3956.8953,0.25587542,0.53517616,0.12412995,4.4762651,0.058885103,79.999979
39.989962,-3957.3202,0.25574458,0.56193702,0.14809205,3.4326916,0.066042661,79.999979
39.999962,-3957.745,0.25561375,0.58869788,0.13040989,4.1037939,0.073200219,79.999979
40.009962,-3959.8426,0.25554244,0.52344812,0.087835117,5.870262,0.047593007,79.999979
40.019962,-3957.205,0.25621528,0.58521199,0.11109604,5.1049664,0.064249543,79.999979
40.029962,-3961.4437,0.25548554,0.54418848,0.11405318,4.6553572,0.063501637,79.999979
40.039962,-3962.9217,0.25579065,0.50846002,0.11871834,4.245246,0.060809566,79.999979
40.049962,-3962.5023,0.25587942,0.50613488,0.10653392,4.6480565,0.063766389,79.999979
40.059962,-3962.0829,0.25596819,0.50380975,0.12344952,4.2613446,0.066723212,79.999979
40.069962,-3961.6635,0.25612399,0.51278865,0.14646965,3.663734,0.075179736,79.999979
40.079962,-3965.0589,0.25492637,0.5271041,0.14637224,3.9177007,0.077240968,79.999979
40.089962,-3970.1561,0.25546047,0.50255565,0.11071734,4.363808,0.055629684,79.999979
40.099962,-3969.7662,0.25516195,0.51160767,0.094494673,5.5551339,0.048238903,79.999979
40.109962,-3970.9402,0.2552562,0.50020314,0.11467922,4.2517672,0.057352299,79.999979
40.119962,-3971.8857,0.25564912,0.50625822,0.10996719,4.4582611,0.057336033,79.999979
40.129962,-3972.7912,0.25613891,0.51651429,0.11067069,4.5292054,0.060978223,79.999979
40.139962,-3975.4675,0.25682013,0.5262808,0.10636683,5.0522587,0.055902993,79.999979
40.149962,-3973.7334,0.25536853,0.49028463,0.1173677,4.612341,0.056712247,79.999979
40.159962,-3978.3173,0.25486733,0.54001131,0.10945383,4.850657,0.059445613,79.999979
40.169962,-3979.0247,0.25507263,0.49453353,0.1270419,3.762241,0.068997243,79.999979
40.179962,-3979.8133,0.25526872,0.52445803,0.14383136,3.7530348,0.079051853,79.999979
40.189962,-3980.6018,0.25571539,0.55438252,0.16062082,3.3737292,0.089106464,79.999979
40.199962,-3981.2814,0.2554794,0.54605001,0.099831471,5.7193926,0.059387574,79.999979
40.209962,-3984.4827,0.25520701,0.50286144,0.14583861,3.4265187,0.059901711,79.999979
40.219962,-3986.7548,0.25611195,0.50690486,0.11218248,4.4147112,0.060467494,79.999979
40.229962,-3986.3966,0.25571943,0.52233649,0.1140084,4.4262506,0.059635218,79.999979
40.239962,-3985.8975,0.25540736,0.54041294,0.12139345,4.2445922,0.065273354,79.999979
40.249962,-3985.3984,0.2553498,0.51885117,0.1287785,4.0629338,0.064996257,79.999979
40.259962,-3984.8993,0.25529223,0.4972894,0.13616355,3.8812753,0.06471916,79.999979
40.269962,-3984.4002,0.25523467,0.47572762,0.1435486,3.6996169,0.064442062,79.999979
40.279962,-3985.7143,0.25531631,0.49991873,0.13831228,3.4953691,0.065837429,79.999979
40.289962,-3986.5242,0.25477751,0.52999427,0.14148898,3.6174095,0.059509091,79.999979
40.299962,-3986.5242,0.25448391,0.53842996,0.1096282,4.605728,0.060888642,79.999979
40.309962,-3986.5242,0.2541903,0.51357754,0.10928688,4.7142454,0.056690992,79.999979
40.319962,-3987.3473,0.2538967,0.51229865,0.14562097,4.433633,0.07471577,79.999979
40.329962,-3986.3263,0.25465491,0.54324984,0.12933041,3.8245296,0.07058797,79.999979
40.339962,-3989.8389,0.25452543,0.5611276,0.11050631,4.9687766,0.062530171,79.999979
40.349962,-3991.9982,0.25427976,0.50577993,0.12566147,4.0442748,0.065330838,79.999979
40.359962,-3992.5562,0.25449055,0.51155963,0.15541642,3.6932884,0.079555183,79.999979
40.369962,-3991.8421,0.25470134,0.51965292,0.12892393,3.3423019,0.066867961,79.999979
40.379961,-3991.1279,0.25480128,0.54376056,0.11244143,4.2320806,0.061136532,79.999979
40.389961,-3992.8632,0.25462667,0.48077284,0.10967499,4.3114171,0.052085977,79.999979
40.399961,-3994.682,0.25435399,0.51454331,0.095299169,5.2974301,0.04977664,79.999979
40.409961,-3992.2487,0.25411712,0.52596478,0.13636288,3.6311318,0.072262823,79.999979
40.419961,-3993.1458,0.25396392,0.50456891,0.11453527,4.2961411,0.062201685,79.999979
40.429961,-3994.043,0.25406492,0.48998028,0.11228218,4.3427711,0.057055845,79.999979
40.439961,-3994.2543,0.25416592,0.48705462,0.11027251,4.2733481,0.053722852,79.999979
40.449961,-3994.5767,0.25446848,0.49950445,0.12103048,3.6535515,0.060858726,79.999979
40.459961,-3994.4018,0.25420391,0.54671076,0.14315697,3.9558222,0.078232309,79.999979
40.469961,-3996.0998,0.25449763,0.56228737,0.15799172,3.335319,0.082060808,79.999979
40.479961,-3996.5673,0.25435453,0.51516202,0.11475391,4.5109655,0.056510944,79.999979
40.489961,-3996.747,0.25443058,0.50478511,0.11861907,4.2218187,0.057110508,79.999979
40.499961,-3996.9267,0.25450663,0.4944082,0.11735164,4.1249335,0.057710071,79.999979
40.509961,-3997.9124,0.25453173,0.49990535,0.10461209,4.8554892,0.05231063,79.999979
40.519961,-3996.7465,0.2540246,0.60223204,0.10689611,5.6019676,0.067891185,79.999979
40.529961,-3998.055,0.2548012,0.53605042,0.14840659,3.764904,0.079456699,79.999979
40.539961,-3999.0525,0.25464624,0.54755512,0.11852942,4.5424172,0.065050112,79.999979
40.549961,-3998.4688,0.25469075,0.50929741,0.110519,4.5222318,0.056635441,79.999979
40.559961,-3997.9952,0.25473527,0.51392837,0.10945036,4.5020463,0.056361085,79.999979
40.569961,-3997.5216,0.25452232,0.51770085,0.10297631,4.6107954,0.05321171,79.999979
40.579961,-4000.4663,0.25343265,0.51326995,0.1063494,4.7574742,0.055272673,79.999979
40.589961,-4002.3942,0.25478844,0.48507233,0.15699245,3.0436232,0.076278496,79.999979
40.599961,-4000.8827,0.25420622,0.52439956,0.11035443,4.7250243,0.080163878,79.999979
40.609961,-4001.3467,0.25446329,0.52750637,0.12911297,4.1642665,0.080353949,79.999979
40.619961,-4001.8107,0.25421997,0.53061317,0.14787151,3.6035087,0.08054402,79.999979
40.629961,-4002.5455,0.25373674,0.58492769,0.14554589,3.7840365,0.085628712,79.999979
40.639961,-4004.4551,0.25346436,0.52843701,0.13990827,3.7440106,0.074187048,79.999979
40.649961,-4005.1954,0.25456885,0.53591081,0.11374478,4.2136177,0.060871041,79.999979
40.659961,-4005.719,0.25309221,0.52276928,0.1085089,4.7282721,0.056725285,79.999979
40.669961,-4006.6742,0.25309221,0.522962,0.11399061,4.5229581,0.059613509,79.999979
40.679961,-4007.6294,0.25330902,0.5228515,0.11947232,4.3039882,0.060463108,79.999979
40.689961,-4008.2816,0.25354922,0.52218136,0.11358869,4.4993722,0.057550384,79.999979
40.699961,-4010.0628,0.25278075,0.48801462,0.1078456,5.1393745,0.054261324,79.999979
40.709961,-4009.0508,0.25354581,0.48830831,0.10942773,4.3681594,0.053177382,79.999979
40.719961,-4013.8408,0.25352201,0.49010487,0.13593125,3.6575623,0.061352771,79.999979
40.729961,-4014.5578,0.253775,0.50542561,0.12046144,4.1085354,0.061010439,79.999979
40.739961,-4014.5578,0.25387459,0.51240761,0.11786726,4.209198,0.059357004,79.999979
40.749961,-4014.5578,0.25387459,0.49810155,0.09546579,5.1637116,0.04749937,79.999979
40.759961,-4014.8912,0.25445003,0.56173664,0.11020372,4.7693302,0.062559164,79.999979
40.769961,-4017.3783,0.2537998,0.57878405,0.10833309,5.1735234,0.061567019,79.999979
40.779961,-4019.922,0.25326219,0.54406559,0.097576175,5.5073879,0.054174868,79.999979
40.789961,-4017.7006,0.25381168,0.50860405,0.15646257,3.980601,0.070438116,79.999979
40.799961,-4017.5393,0.25417731,0.50009759,0.14892146,3.187137,0.069518871,79.999979
40.809961,-4017.3779,0.25417731,0.49159113,0.14138034,3.3588913,0.068599626,79.999979
40.819961,-4017.316,0.25417731,0.50313898,0.11859527,4.1430811,0.059833746,79.999979
40.829961,-4021.314,0.25316794,0.48107962,0.11378239,4.1537174,0.054736946,79.999979
40.839961,-4021.6652,0.25355443,0.55625549,0.1465039,4.0518692,0.08149145,79.999979
40.849961,-4021.2282,0.25329772,0.53202756,0.12207831,4.241353,0.065128572,79.999979
40.859961,-4022.1518,0.25336849,0.55681873,0.13334797,4.1972808,0.07181134,79.999979
40.869961,-4023.0754,0.25343926,0.51402785,0.12412125,4.1532087,0.063072865,79.999979
40.879961,-4023.1785,0.25351003,0.52544875,0.10749658,4.6731831,0.055944147,79.999979
40.889961,-4025.4399,0.25220534,0.52031947,0.11239149,4.4252492,0.058446541,79.999979
40.899961,-4024.1831,0.25286086,0.4873795,0.1245009,4.1959368,0.06061002,79.999979
40.909961,-4024.8119,0.25347969,0.58351467,0.13481339,4.2575322,0.078826693,79.999979
40.919961,-4025.405,0.25330398,0.52571621,0.12166602,4.5670633,0.064062314,79.999979
40.929961,-4026.0988,0.25312826,0.5114796,0.10851864,4.8765944,0.058235179,79.999979
40.939961,-4026.7937,0.25286748,0.50268647,0.10241786,4.8963985,0.053524839,79.999979
40.949961,-4024.6024,0.25248569,0.57333462,0.10073365,5.4695229,0.057058104,79.999979
40.959961,-4027.4415,0.25341995,0.52907822,0.10895112,5.0238894,0.058042965,79.999979
40.969961,-4030.3256,0.25351854,0.49293563,0.13651705,3.7505454,0.067144027,79.999979
40.979961,-4029.5743,0.25334942,0.50255141,0.14282194,3.4113521,0.075247206,79.999979
40.989961,-4028.8229,0.25317836,0.52078162,0.14941801,3.2413804,0.082199481,79.999979
40.999961,-4028.0716,0.2530073,0.53901183,0.16403875,3.1558052,0.089151757,79.999979
41.009961,-4026.6776,0.25293751,0.49114769,0.092337694,5.3691196,0.046648034,79.999979
41.019961,-4030.0677,0.25297441,0.55264262,0.10776828,4.9714282,0.05953075,79.999979
41.029961,-4029.772,0.25312416,0.55370546,0.10519743,5.131165,0.062714559,79.999979
41.039961,-4028.5756,0.25261539,0.51906992,0.13575633,4.2101776,0.069775865,79.999979
41.049961,-4028.5756,0.25261539,0.51361461,0.13819032,3.4521201,0.068809291,79.999979
41.059961,-4028.6157,0.25261539,0.53318129,0.11207606,4.0623619,0.059456632,79.999979
41.069961,-4030.241,0.25210414,0.57171496,0.10427295,5.4944311,0.059515779,79.999979
41.079961,-4032.4005,0.25273908,0.52673896,0.11837166,4.3463489,0.062666754,79.999979
41.089961,-4028.9252,0.25306476,0.51928769,0.11400566,4.5443994,0.060507555,79.999979
41.099961,-4030.83,0.25361741,0.52779861,0.09716448,5.372972,0.051261965,79.999979
41.109961,-4030.8484,0.25347717,0.52416121,0.10079329,5.1991499,0.052794061,79.999979
41.119961,-4030.8669,0.25335454,0.52052381,0.10442209,5.0253278,0.054326157,79.999979
41.129961,-4030.8853,0.25335454,0.52309267,0.1080509,4.8515057,0.056475498,79.999979
41.139961,-4030.9037,0.25335454,0.5550848,0.11110655,4.6776836,0.061551135,79.999979
41.149961,-4030.9139,0.25335454,0.53898048,0.11337748,4.8512082,0.06493585,79.999979
41.159961,-4032.4519,0.25209255,0.48989144,0.12090686,3.8965311,0.059224173,79.999979
41.169961,-4032.1716,0.25176499,0.52214679,0.11615531,4.2241959,0.060605221,79.999979
41.179961,-4031.8914,0.2517462,0.56123054,0.11140376,4.5518607,0.071765217,79.999979
41.189961,-4031.2544,0.25179653,0.60300697,0.12611247,4.5492926,0.086781397,79.999979
41.199961,-4030.3854,0.2524045,0.53965779,0.10687197,5.5240326,0.05865775,79.999979
41.209961,-4033.0363,0.25217202,0.50548136,0.10563607,5.1420748,0.052977724,79.999979
41.219961,-4035.0321,0.25278135,0.53237328,0.14545132,3.3585999,0.08780097,79.999979
41.229961,-4035.0321,0.25278135,0.53308715,0.14344065,3.5428054,0.082825527,79.999979
41.239961,-4034.9505,0.25278135,0.53380102,0.14142998,3.6271679,0.077850085,79.999979
41.249961,-4033.6076,0.25282557,0.52390102,0.13183857,3.703908,0.068657867,79.999979
41.259961,-4037.1381,0.25316817,0.53489701,0.10610441,4.8201818,0.057887271,79.999979
41.269961,-4039.0119,0.2531673,0.51133151,0.11941412,4.695171,0.062797559,79.999979
41.279961,-4038.1212,0.25203256,0.52475805,0.12335428,3.2922577,0.065808115,79.999979
41.289961,-4039.7355,0.25266709,0.51931698,0.11686279,4.4514726,0.060690247,79.999979
41.299961,-4040.1118,0.25301334,0.51337518,0.11361485,4.4499362,0.055542943,79.999979
41.309961,-4039.3371,0.2529401,0.51348135,0.10398372,4.8879081,0.051872537,79.999979
41.319961,-4038.5624,0.25286686,0.51358752,0.094352591,5.3258801,0.048202131,79.999979
41.329961,-4037.8465,0.25279362,0.50687221,0.15861445,3.0725627,0.066384782,79.999979
41.339961,-4040.1167,0.25175145,0.52121905,0.093956954,5.3691044,0.049032059,79.999979
41.349961,-4042.501,0.25228155,0.58130621,0.11664131,4.8061758,0.068614088,79.999979
41.359961,-4040.9775,0.25295842,0.5644054,0.11652457,4.4103016,0.063367645,79.999979
41.369961,-4041.888,0.25286472,0.54852157,0.12884991,4.252578,0.061217484,79.999979
41.379961,-4042.7984,0.25277102,0.53263773,0.11749856,4.4954314,0.059067322,79.999979
41.389961,-4043.7089,0.25285822,0.52440015,0.12543731,4.1807054,0.066538406,79.999979
41.399961,-4045.7676,0.25193918,0.51683292,0.1191216,4.2447031,0.061533081,79.999979
41.409961,-4047.0508,0.25204045,0.50304258,0.13439653,3.6208397,0.067622892,79.999979
41.41996,-4050.2312,0.25261255,0.5013714,0.16469598,2.8639448,0.08241696,79.999979
41.42996,-4050.4908,0.25200529,0.58380477,0.15669005,3.3350427,0.091298072,79.999979
41.43996,-4050.7504,0.25190281,0.54348283,0.14868411,3.8061407,0.080097796,79.999979
41.44996,-4051.6443,0.2518384,0.53948066,0.12505992,4.2198045,0.066343355,79.999979
41.45996,-4053.6595,0.25207377,0.58296737,0.1089609,4.9725506,0.063439882,79.999979
41.46996,-4054.263,0.25190369,0.53116204,0.12187902,4.1597539,0.070437905,79.999979
41.47996,-4056.1977,0.2521965,0.51698065,0.11572744,5.003709,0.059814464,79.999979
41.48996,-4056.5243,0.2521965,0.48351455,0.11985598,4.1210145,0.052656153,79.999979
41.49996,-4056.851,0.2521965,0.48061973,0.10672837,4.447181,0.048771092,79.999979
41.50996,-4057.1776,0.25212521,0.51103475,0.10281768,4.8573242,0.054352698,79.999979
41.51996,-4052.6963,0.25159284,0.50089902,0.10636294,4.254898,0.053110815,79.999979
41.52996,-4054.9913,0.25237366,0.62639848,0.12315453,4.9995343,0.077069407,79.999979
41.53996,-4055.7874,0.25171087,0.52405128,0.11433186,4.7715855,0.059902387,79.999979
41.54996,-4054.741,0.25157008,0.54424595,0.12759845,4.1117709,0.070663887,79.999979
41.55996,-4054.741,0.25157008,0.55012777,0.11146302,4.8669609,0.062631266,79.999979
41.56996,-4054.741,0.25156989,0.55600958,0.097741382,5.6287605,0.054598646,79.999979
41.57996,-4056.2199,0.25156584,0.5219316,0.10112954,5.1092392,0.057861606,79.999979
41.58996,-4059.9786,0.25175615,0.49939675,0.12731895,3.5250906,0.063182798,79.999979
41.59996,-4058.823,0.25136444,0.50099881,0.12780646,3.79927,0.064189686,79.999979
41.60996,-4059.138,0.25126469,0.52388811,0.15785114,3.0468895,0.083403821,79.999979
41.61996,-4059.3483,0.25127595,0.52204449,0.14595602,3.4169542,0.078537842,79.999979
41.62996,-4059.5586,0.25128721,0.52020087,0.13406091,3.7870189,0.073671862,79.999979
41.63996,-4059.7689,0.25129848,0.51835725,0.1221658,4.1570836,0.068805882,79.999979
41.64996,-4059.9792,0.25130974,0.51651364,0.11894352,4.2641798,0.063939902,79.999979
41.65996,-4060.1895,0.25141151,0.51513587,0.11566632,4.345791,0.059532857,79.999979
41.66996,-4060.3738,0.25189282,0.51571166,0.1106951,4.570294,0.057050368,79.999979
41.67996,-4060.3738,0.25230051,0.51628746,0.10572388,4.7947969,0.054567879,79.999979
41.68996,-4060.3738,0.25230051,0.49766014,0.13244589,3.9986466,0.065210324,79.999979
41.69996,-4062.3045,0.25202577,0.4877749,0.11188278,4.575931,0.054240476,79.999979
41.70996,-4062.3806,0.25204867,0.60557759,0.12594325,4.6114913,0.076850021,79.999979
41.71996,-4065.5652,0.25198958,0.58374708,0.12006976,4.2830686,0.070092443,79.999979
41.72996,-4066.6233,0.25126335,0.60510418,0.13468309,3.9343685,0.080435674,79.999979
41.73996,-4066.6233,0.25126335,0.57059136,0.1190819,4.3335194,0.067861124,79.999979
41.74996,-4065.9306,0.25126335,0.52878052,0.10993777,4.5951729,0.05830457,79.999979
41.75996,-4065.0906,0.25141742,0.48425519,0.10518935,4.7550448,0.050925977,79.999979
41.76996,-4066.6529,0.25203933,0.52386334,0.11110398,4.5812776,0.058206776,79.999979
41.77996,-4068.1977,0.25254164,0.53974337,0.12258501,5.1263818,0.065809066,79.999979
41.78996,-4067.0898,0.25097778,0.4832232,0.12307907,3.1524383,0.063205847,79.999979
41.79996,-4067.4247,0.25101305,0.50018124,0.10287899,4.6598031,0.061720713,79.999979
41.80996,-4068.3122,0.25104833,0.51713927,0.11109039,4.6600009,0.060235579,79.999979
41.81996,-4069.4439,0.25108361,0.56288693,0.1126553,4.7641883,0.056276503,79.999979
41.82996,-4069.8938,0.25117187,0.58405486,0.11118646,5.1512531,0.066296671,79.999979
41.83996,-4070.3511,0.25171786,0.49150625,0.11128349,4.4179623,0.054836245,79.999979
41.84996,-4072.2832,0.25123516,0.50886579,0.10511097,4.7418198,0.062207749,79.999979
41.85996,-4072.8848,0.2516761,0.52191267,0.12602377,4.0624728,0.065800919,79.999979
41.86996,-4072.715,0.25172998,0.52316734,0.12760096,3.9834384,0.066268063,79.999979
41.87996,-4072.5451,0.25178386,0.51738415,0.12142824,4.11427,0.062697174,79.999979
41.88996,-4074.3724,0.25183774,0.51043831,0.1529432,4.1749782,0.078308033,79.999979
41.89996,-4074.6519,0.2522268,0.53001853,0.10690283,4.6924675,0.057108501,79.999979
41.90996,-4075.7895,0.25080819,0.50533834,0.12271893,5.088379,0.061912919,79.999979
41.91996,-4075.5702,0.25084123,0.56520379,0.12321089,4.3945254,0.073872118,79.999979
41.92996,-4075.9034,0.25088668,0.57258851,0.12850572,4.4340117,0.072857899,79.999979
41.93996,-4076.2365,0.25093212,0.50879745,0.11937257,4.473498,0.060730949,79.999979
41.94996,-4076.9003,0.25140495,0.61830683,0.11108016,5.7869455,0.068747059,79.999979
41.95996,-4074.8427,0.25098523,0.52393036,0.13442372,3.8468457,0.073790337,79.999979
41.96996,-4079.2605,0.25106749,0.55637814,0.12819337,4.2758585,0.071429597,79.999979
41.97996,-4080.3592,0.25071783,0.59157097,0.1170625,4.907342,0.071444888,79.999979
41.98996,-4079.8492,0.25073128,0.56010975,0.10329475,5.7191856,0.066395483,79.999979
41.99996,-4079.3391,0.25074474,0.52864853,0.11080503,4.9024303,0.061346078,79.999979
42.00996,-4079.2006,0.2507582,0.50571125,0.12375782,4.0268673,0.062663959,79.999979
42.01996,-4082.0101,0.2509865,0.52745903,0.11992249,4.188645,0.063349547,79.999979
42.02996,-4083.8544,0.25060672,0.51731926,0.12640781,3.9908222,0.057403607,79.999979
42.03996,-4082.8449,0.25118208,0.52030981,0.11936229,6.4171583,0.053755171,79.999979
42.04996,-4082.8449,0.25118208,0.53411062,0.11374732,4.3366078,0.05526204,79.999979
42.05996,-4082.8449,0.2511165,0.54791142,0.10783335,4.8362838,0.05676891,79.999979
42.06996,-4082.8394,0.25103414,0.58237351,0.10359531,5.4884593,0.060328117,79.999979
42.07996,-4083.4435,0.2509706,0.4978496,0.1131996,4.2529412,0.056541235,79.999979
42.08996,-4082.9441,0.25110897,0.49331051,0.10694271,4.5790146,0.052725679,79.999979
42.09996,-4086.1518,0.25036147,0.50470387,0.11263398,4.4410741,0.05543063,79.999979
42.10996,-4086.35,0.25035046,0.55819259,0.10812991,4.6328462,0.060201936,79.999979
42.11996,-4087.4493,0.25033944,0.57308933,0.10141257,4.9347277,0.057985237,79.999979
42.12996,-4088.5504,0.25033078,0.56718738,0.095904706,5.4946325,0.054707369,79.999979
42.13996,-4087.8866,0.25156837,0.5162289,0.150281,3.3477326,0.080113747,79.999979
42.14996,-4088.0721,0.25071055,0.57626174,0.13639017,4.4358726,0.068879814,79.999979
42.15996,-4087.8167,0.25114512,0.48707797,0.12597459,4.0710671,0.061261538,79.999979
42.16996,-4088.4056,0.25089366,0.48759521,0.12971496,3.5528918,0.063024885,79.999979
42.17996,-4088.9946,0.25088183,0.50091298,0.12157181,3.8020338,0.060586586,79.999979
42.18996,-4088.9033,0.25110789,0.51423076,0.11342866,4.3641348,0.058148288,79.999979
42.19996,-4085.7276,0.25163035,0.58660671,0.11689566,4.9706227,0.068572589,79.999979
42.20996,-4088.5381,0.25141198,0.48277758,0.10540692,4.3040795,0.055441104,79.999979
42.21996,-4090.3982,0.25069359,0.58788174,0.096245696,5.8372847,0.056539219,79.999979
42.22996,-4089.9397,0.25098718,0.53478245,0.12040194,3.8178838,0.064361671,79.999979
42.23996,-4089.3243,0.25076024,0.55199603,0.11909895,4.3498351,0.065698882,79.999979
42.24996,-4088.7088,0.2505333,0.5692096,0.11779596,4.5844705,0.067036092,79.999979
42.25996,-4089.8249,0.25072483,0.57245244,0.11980972,4.5168382,0.068868676,79.999979
42.26996,-4091.8626,0.25120446,0.51359216,0.10330405,4.5986622,0.053346775,79.999979
42.27996,-4092.3948,0.25038366,0.53120518,0.1044,5.0556837,0.055421597,79.999979
42.28996,-4093.1115,0.25095425,0.49265544,0.12209961,3.806342,0.058543687,79.999979
42.29996,-4093.9413,0.25094562,0.51444813,0.10379158,4.2941873,0.056775037,79.999979
42.30996,-4094.7711,0.25091008,0.5166773,0.13455738,4.7820327,0.071808271,79.999979
42.31996,-4094.8059,0.25087454,0.52460249,0.12865505,3.5070446,0.067431663,79.999979
42.32996,-4096.8195,0.25089925,0.50128642,0.13325176,3.6813962,0.063954496,79.999979
42.33996,-4095.1353,0.25043115,0.50688894,0.12328023,4.1292558,0.062461967,79.999979
42.34996,-4095.7379,0.25028784,0.50542742,0.12242318,4.1243057,0.061030588,79.999979
42.35996,-4096.3406,0.25014452,0.5039659,0.12156612,4.1193556,0.059599209,79.999979
42.36996,-4096.9432,0.2500012,0.50250438,0.12070907,4.1144054,0.058167829,79.999979
42.37996,-4097.1148,0.24985788,0.50104286,0.11515436,4.2099489,0.05673645,79.999979
42.38996,-4097.4312,0.25035705,0.57428019,0.13886377,3.9104293,0.077709473,79.999979
42.39996,-4094.8328,0.25076116,0.52526473,0.11955294,4.2923202,0.062798185,79.999979
42.40996,-4096.9463,0.25105489,0.48967827,0.11794425,4.0032854,0.060341754,79.999979
42.41996,-4096.8475,0.25117663,0.50280068,0.11925853,4.1036068,0.059966775,79.999979
42.42996,-4097.0694,0.25129837,0.50460202,0.1197173,4.1081284,0.060415559,79.999979
42.43996,-4097.2913,0.25142011,0.50640336,0.12017607,4.11265,0.060864342,79.999979
42.44996,-4097.5133,0.25154185,0.50820469,0.12063484,4.1169179,0.061313126,79.999979
42.45996,-4097.7352,0.25142081,0.51000603,0.12109361,4.1139714,0.061761909,79.999979
42.469959,-4097.9571,0.25120523,0.51438905,0.12228637,4.1110249,0.063137108,79.999979
42.479959,-4098.179,0.25098966,0.53391569,0.13069195,4.0253066,0.069946449,79.999979
42.489959,-4098.4734,0.25077409,0.53774207,0.13909753,3.8894264,0.070523226,79.999979
42.499959,-4098.8117,0.25055852,0.5239177,0.12750553,3.7535463,0.064093143,79.999979
42.509959,-4098.9929,0.25103171,0.51825081,0.11186796,4.606811,0.057456821,79.999979
42.519959,-4096.8809,0.25014394,0.52404521,0.1163985,4.3956578,0.061115296,79.999979
42.529959,-4100.1466,0.25070678,0.56902891,0.12999922,4.7256349,0.074233927,79.999979
42.539959,-4098.4475,0.25117434,0.50792535,0.13228801,3.6560089,0.064952355,79.999979
42.549959,-4098.2725,0.25104734,0.53931586,0.11764462,4.1417995,0.063720833,79.999979
42.559959,-4098.0975,0.25092034,0.5352731,0.10896993,4.6409304,0.058488348,79.999979
42.569959,-4097.9226,0.25078454,0.54194135,0.10575996,5.0315827,0.057348667,79.999979
42.579959,-4099.9483,0.25101544,0.52000959,0.10482896,4.8975309,0.054509728,79.999979
42.589959,-4101.2264,0.25002316,0.53648592,0.12862767,4.0761614,0.066595818,79.999979
42.599959,-4101.3364,0.24962384,0.51290348,0.13140399,3.5494401,0.068302988,79.999979
42.609959,-4101.3364,0.25008714,0.50079391,0.12277351,4.0621269,0.062945452,79.999979
42.619959,-4101.396,0.25055044,0.51383188,0.12366754,4.004105,0.063504445,79.999979
42.629959,-4101.4694,0.25101374,0.53974687,0.12450394,3.8908344,0.067093048,79.999979
42.639959,-4102.2329,0.24985981,0.58898344,0.13159359,4.4403545,0.077593147,79.999979
42.649959,-4102.2718,0.25052873,0.52285835,0.10532561,5.1729801,0.056826329,79.999979
42.659959,-4104.2935,0.25019269,0.56059344,0.11185544,4.6942567,0.062720534,79.999979
42.669959,-4104.3967,0.25015144,0.49650402,0.13030782,3.3424225,0.057010066,79.999979
42.679959,-4104.434,0.25005939,0.51558412,0.10908697,3.8442902,0.057006755,79.999979
42.689959,-4104.434,0.24996735,0.52034654,0.10064403,4.3461579,0.052543308,79.999979
42.699959,-4104.434,0.24993758,0.54499132,0.1141951,5.2755611,0.062587451,79.999979
42.709959,-4103.1785,0.25042056,0.49815536,0.16124008,3.5907683,0.081305371,79.999979
42.719959,-4105.5566,0.25108334,0.51904038,0.11048992,5.2037504,0.057656611,79.999979
42.729959,-4106.3809,0.25023722,0.52944244,0.13929022,3.4639011,0.073035391,79.999979
42.739959,-4107.1086,0.24976598,0.56080798,0.10483403,4.2136973,0.058786924,79.999979
42.749959,-4106.8789,0.24929473,0.52378512,0.1060731,4.9634934,0.055521224,79.999979
42.759959,-4106.6492,0.24918458,0.51512195,0.10544947,4.7398021,0.053831765,79.999979
42.769959,-4106.3486,0.2500773,0.61197532,0.095100412,6.1544637,0.058006958,79.999979
42.779959,-4106.5456,0.25088071,0.50950107,0.1016656,5.0895341,0.051715832,79.999979
42.789959,-4107.7038,0.25094775,0.52923527,0.1129705,3.9203318,0.06248879,79.999979
42.799959,-4107.5476,0.25078069,0.53765887,0.11259831,4.1147483,0.062677685,79.999979
42.809959,-4107.3914,0.25061363,0.54608246,0.11222611,4.3091648,0.062866579,79.999979
42.819959,-4107.2351,0.25044658,0.55450605,0.11185392,4.5035812,0.063055473,79.999979
42.829959,-4107.3145,0.25027952,0.56292965,0.11148172,4.7590656,0.063244368,79.999979
42.839959,-4107.6121,0.25011246,0.56688013,0.11125285,5.0316012,0.063059535,79.999979
42.849959,-4107.9096,0.2499454,0.52701145,0.11242795,4.7842187,0.059213616,79.999979
42.859959,-4108.2072,0.24981715,0.51004054,0.11360306,4.5329272,0.05830165,79.999979
42.869959,-4108.5047,0.24973199,0.55397652,0.11477817,4.2816357,0.065193847,79.999979
42.879959,-4108.5783,0.24965936,0.51840627,0.15291153,3.4449419,0.078395364,79.999979
42.889959,-4107.3485,0.24939217,0.49114294,0.10566546,4.7564214,0.051867516,79.999979
42.899959,-4108.3593,0.2490218,0.57762943,0.12316722,4.6511714,0.070850344,79.999979
42.909959,-4107.883,0.24989157,0.55690246,0.14292744,3.7345034,0.079779119,79.999979
42.919959,-4108.2001,0.25002773,0.53272108,0.11518505,4.2565907,0.061375432,79.999979
42.929959,-4108.5172,0.25016389,0.51301634,0.11131743,4.778678,0.059282048,79.999979
42.939959,-4108.8342,0.25022735,0.51658258,0.12129748,4.1725485,0.060444131,79.999979
42.949959,-4110.4916,0.25084024,0.57052303,0.13191839,4.1659585,0.074084933,79.999979
42.959959,-4110.7896,0.2508291,0.53657864,0.10349019,5.2939663,0.055275976,79.999979
42.969959,-4111.6578,0.24986242,0.53246652,0.11740531,4.4156768,0.062709469,79.999979
42.979959,-4111.2781,0.24989042,0.50329618,0.10245304,4.9349545,0.053847836,79.999979
42.989959,-4111.7098,0.24995166,0.50744721,0.10860809,4.5691913,0.062433568,79.999979
42.999959,-4112.1416,0.24999884,0.52109888,0.13455625,3.7911549,0.077628202,79.999979
43.009959,-4112.2095,0.24997165,0.50243606,0.12542575,4.2924026,0.063048853,79.999979
43.019959,-4111.9351,0.25052066,0.49448073,0.11225275,4.4215503,0.056325515,79.999979
43.029959,-4112.2748,0.24947834,0.49130578,0.098087299,5.0490829,0.04832601,79.999979
43.039959,-4111.7627,0.24943676,0.49061565,0.13920656,3.2424715,0.068602599,79.999979
43.049959,-4110.8195,0.24986736,0.48340511,0.1137921,3.6612539,0.057150064,79.999979
43.059959,-4109.8763,0.25029796,0.49390334,0.11309619,4.0800363,0.056684968,79.999979
43.069959,-4109.879,0.25035263,0.57039246,0.088529335,6.396998,0.050382269,79.999979
43.079959,-4113.27,0.24975158,0.48754089,0.10807621,4.578253,0.053722265,79.999979
43.089959,-4111.7572,0.24959674,0.55530794,0.12231544,4.3609415,0.06858669,79.999979
43.099959,-4114.2087,0.24923952,0.47165471,0.10861245,4.6950647,0.052081042,79.999979
43.109959,-4114.1042,0.2494054,0.47683926,0.12842078,3.7179936,0.063473171,79.999979
43.119959,-4113.9998,0.24957127,0.48202382,0.15419573,3.2536396,0.074865301,79.999979
43.129959,-4113.9078,0.24961035,0.51624097,0.11579247,3.8329031,0.05949584,79.999979
43.139959,-4115.8126,0.2503923,0.53182311,0.11892011,4.3092077,0.065600085,79.999979
43.149959,-4117.4122,0.24979184,0.50780948,0.13328809,4.046095,0.067784309,79.999979
43.159959,-4118.292,0.25051542,0.51647375,0.097166976,4.779544,0.051187653,79.999979
43.169959,-4118.9957,0.25035146,0.51625426,0.096037425,5.1975445,0.050191509,79.999979
43.179959,-4118.6013,0.2501875,0.51603478,0.094907873,5.3133064,0.049195365,79.999979
43.189959,-4117.4289,0.25002353,0.52227136,0.1101552,4.6793159,0.057569392,79.999979
43.199959,-4116.7575,0.24993235,0.53021677,0.1162403,4.7938338,0.061841849,79.999979
43.209959,-4117.807,0.25005906,0.51200445,0.11133645,4.6107388,0.056976295,79.999979
43.219959,-4116.6694,0.25006693,0.52270143,0.094393842,5.1632515,0.058632333,79.999979
43.229959,-4116.9951,0.24990048,0.50964786,0.11462368,4.9705266,0.058812581,79.999979
43.239959,-4117.6823,0.24973402,0.54434845,0.11928957,4.447201,0.063226249,79.999979
43.249959,-4118.3695,0.24958092,0.59080376,0.11564409,4.5111581,0.06847122,79.999979
43.259959,-4119.698,0.24955174,0.51684338,0.1325828,4.0710433,0.069463581,79.999979
43.269959,-4120.3649,0.249483,0.52886887,0.11950733,4.6563608,0.063244962,79.999979
43.279959,-4121.4448,0.25061411,0.50720128,0.14098731,3.601571,0.067693981,79.999979
43.289959,-4121.907,0.25019311,0.55621334,0.11623651,4.4320998,0.07076729,79.999979
43.299959,-4121.8703,0.24989295,0.57878629,0.13018037,4.7265571,0.078893932,79.999979
43.309959,-4121.8336,0.24998993,0.60135924,0.14412423,4.1191198,0.087020575,79.999979
43.319959,-4123.3212,0.25007658,0.54978286,0.097404375,5.4949785,0.053704168,79.999979
43.329959,-4120.8361,0.24971269,0.51488934,0.12246449,4.2072113,0.063361736,79.999979
43.339959,-4123.2005,0.249608,0.49199788,0.10820493,4.9328037,0.059065325,79.999979
43.349959,-4125.2228,0.25017481,0.5235118,0.11199204,4.5831164,0.060193817,79.999979
43.359959,-4125.2165,0.25049101,0.51623735,0.10746685,4.7693758,0.05969698,79.999979
43.369959,-4125.2102,0.2508072,0.50531761,0.10482635,4.9556352,0.064212642,79.999979
43.379959,-4123.7846,0.25005739,0.51920246,0.14789076,3.4457691,0.07621755,79.999979
43.389959,-4126.7809,0.24958122,0.52086128,0.10599476,4.8321705,0.054818818,79.999979
43.399959,-4127.7388,0.24921185,0.55099507,0.14761694,3.6956558,0.081364914,79.999979
43.409959,-4127.7388,0.24921185,0.52755619,0.14316269,3.656355,0.075633131,79.999979
43.419959,-4127.7388,0.24917897,0.50717394,0.13870845,3.673546,0.070021158,79.999979
43.429959,-4127.7388,0.2490749,0.51228197,0.13425421,3.6907369,0.065408308,79.999979
43.439959,-4125.7839,0.24895041,0.50322262,0.11425091,4.3181892,0.057589915,79.999979
43.449959,-4127.5881,0.24915499,0.55903717,0.10684088,5.3493298,0.061439668,79.999979
43.459959,-4128.6225,0.25000228,0.54006222,0.1184717,4.3533383,0.063986487,79.999979
43.469959,-4130.6114,0.24926322,0.52321755,0.1008656,5.08013,0.052989164,79.999979
43.479959,-4130.6114,0.24926322,0.54720622,0.10152527,5.0381346,0.05897999,79.999979
43.489959,-4130.6114,0.24915268,0.57119489,0.11097193,4.9482836,0.064970816,79.999979
43.499959,-4130.6114,0.24899864,0.52660068,0.12748641,4.302689,0.066874686,79.999979
43.509959,-4131.4619,0.24923687,0.54732321,0.09935077,4.4178457,0.058922008,79.999979
43.519958,-4128.7443,0.24977389,0.51607371,0.11341571,4.3775869,0.058736167,79.999979
43.529958,-4131.0266,0.24947662,0.55287604,0.11557431,4.5867687,0.064128913,79.999979
43.539958,-4131.1157,0.24967647,0.52476446,0.10294983,5.0245902,0.056903076,79.999979
43.549958,-4131.1157,0.24987631,0.5351375,0.10907851,4.9414128,0.059721704,79.999979
43.559958,-4131.1157,0.24999365,0.56284352,0.1146078,4.7265377,0.064418514,79.999979
43.569958,-4129.4982,0.24966997,0.51797989,0.10098635,5.1888055,0.053424276,79.999979
43.579958,-4130.3463,0.24911245,0.48437236,0.12809972,3.992511,0.062038801,79.999979
43.589958,-4132.0916,0.24906582,0.51676548,0.10724845,4.3943149,0.055387172,79.999979
43.599958,-4130.1342,0.24905638,0.5264357,0.11676385,4.5665872,0.060804995,79.999979
43.609958,-4129.8822,0.24905638,0.50791594,0.1302495,4.0227358,0.066060039,79.999979
43.619958,-4129.8822,0.24905638,0.55105938,0.14373515,3.4788844,0.077086453,79.999979
43.629958,-4129.8822,0.2487563,0.54817526,0.11577432,4.6404978,0.062388188,79.999979
43.639958,-4133.9663,0.24884563,0.52974592,0.11940851,4.3697558,0.061602005,79.999979
43.649958,-4133.6645,0.24951915,0.52376306,0.091301935,5.3017655,0.047822711,79.999979
43.659958,-4136.1365,0.24935086,0.52494016,0.088943182,4.4785022,0.059972639,79.999979
43.669958,-4136.2332,0.24978101,0.52764116,0.099625129,5.916836,0.060752501,79.999979
43.679958,-4136.3299,0.24968243,0.53034217,0.11030708,5.0434157,0.061532363,79.999979
43.689958,-4136.4266,0.24945661,0.52142954,0.1393443,3.8594979,0.073061373,79.999979
43.699958,-4137.7445,0.24904902,0.50066105,0.11409753,4.3877583,0.058174385,79.999979
43.709958,-4135.9938,0.24875592,0.49508562,0.11548488,3.943815,0.057447415,79.999979
43.719958,-4137.36,0.24886857,0.60653148,0.11037152,4.0271374,0.073717532,79.999979
43.729958,-4137.5551,0.24883382,0.54373567,0.11159559,5.3935498,0.063097856,79.999979
43.739958,-4138.3508,0.24879908,0.52063955,0.11281967,4.8356892,0.058496641,79.999979
43.749958,-4139.3604,0.24873547,0.53889525,0.11019843,4.6517382,0.063717414,79.999979
43.759958,-4137.1603,0.2488758,0.5201355,0.12290101,3.8550989,0.064652447,79.999979
43.769958,-4138.3249,0.24976581,0.51637441,0.11820953,4.1532615,0.06107534,79.999979
43.779958,-4141.1017,0.2487687,0.51338127,0.11152021,4.56666,0.057239866,79.999979
43.789958,-4140.5393,0.24851221,0.55883674,0.10929276,4.6266325,0.061026296,79.999979
43.799958,-4139.9671,0.24856046,0.56754996,0.10901463,4.9552217,0.062423539,79.999979
43.809958,-4139.2887,0.2486087,0.55709216,0.11206927,5.1393668,0.061994202,79.999979
43.819958,-4139.7301,0.24922244,0.53461546,0.12444642,4.3711426,0.063591419,79.999979
43.829958,-4141.1675,0.24908509,0.56911791,0.10788611,4.0746405,0.060403251,79.999979
43.839958,-4140.5653,0.2496576,0.52431822,0.1126692,4.5537276,0.059861641,79.999979
43.849958,-4141.3787,0.24973509,0.57060734,0.11349905,5.0520671,0.064842015,79.999979
43.859958,-4142.4096,0.24984214,0.53309145,0.11050437,4.959322,0.061600025,79.999979
43.869958,-4143.3593,0.24994919,0.52555759,0.11081472,4.8665769,0.075405624,79.999979
43.879958,-4143.6311,0.24957117,0.5114731,0.16266522,3.7020916,0.08316459,79.999979
43.889958,-4145.4871,0.24895071,0.53804733,0.12200703,4.0266304,0.065640435,79.999979
43.899958,-4146.3037,0.24945643,0.55886196,0.13067121,4.2445862,0.073158726,79.999979
43.909958,-4145.8883,0.24909969,0.50845773,0.11212855,4.4049168,0.057844778,79.999979
43.919958,-4146.6548,0.24856714,0.4959995,0.11065118,4.4135536,0.053295453,79.999979
43.929958,-4147.4212,0.2480346,0.47376704,0.10003714,4.6305111,0.047138408,79.999979
43.939958,-4147.7041,0.24924488,0.52175244,0.11245815,4.4414402,0.058307938,79.999979
43.949958,-4145.3062,0.24814488,0.50481571,0.10917808,5.1736036,0.056643819,79.999979
43.959958,-4147.6825,0.2481101,0.51708711,0.10646659,4.7562931,0.055056043,79.999979
43.969958,-4145.4334,0.24797059,0.51599075,0.10282649,4.6082865,0.053026252,79.999979
43.979958,-4147.755,0.24826347,0.51485765,0.11259099,4.1117509,0.057711386,79.999979
43.989958,-4148.8599,0.24849445,0.51268474,0.13296346,3.8395387,0.068157007,79.999979
43.999958,-4148.8599,0.24860388,0.51374187,0.13505553,3.7131031,0.065253978,79.999979
44.009958,-4148.8599,0.24871332,0.52076712,0.10949947,3.5866675,0.056506619,79.999979
44.019958,-4148.7284,0.24902014,0.47752813,0.12071596,3.8883147,0.058765127,79.999979
44.029958,-4150.0451,0.24846998,0.51551703,0.12055033,4.2230698,0.062173271,79.999979
44.039958,-4151.6266,0.24918054,0.54388023,0.098263,4.6752186,0.053417148,79.999979
44.049958,-4149.2908,0.24901941,0.52378715,0.10886584,4.8173389,0.06236604,79.999979
44.059958,-4149.1922,0.24916647,0.52379643,0.11634736,4.6096881,0.069636447,79.999979
44.069958,-4149.0936,0.24926146,0.52380571,0.14479397,3.625956,0.076906853,79.999979
44.079958,-4149.0226,0.24926146,0.47564595,0.11614793,4.0469737,0.055249468,79.999979
44.089958,-4150.124,0.24769422,0.8387923,0.19384209,4.1577848,0.35540122,79.999979
44.099958,-4152.3567,0.24857139,1.2410129,0.29068727,4.1470792,0.68599284,79.999979
44.109958,-4152.7658,0.24867492,1.6432336,0.38753244,4.1363737,1.0165845,79.999979
44.119958,-4152.7872,0.24921126,2.0454542,0.48437762,4.1256681,1.3471761,79.999979
44.129958,-4152.7872,0.24921126,2.4476749,0.5812228,4.1149626,1.6777677,79.999979
44.139958,-4154.0514,0.24849263,2.8498955,0.67806798,4.104257,2.0083593,79.999979
44.149958,-4156.9533,0.2481451,2.9753068,0.70603233,4.1146921,2.1008678,79.999979
44.159958,-4159.5879,0.24847215,2.9651158,0.70025359,4.1354834,2.0767451,79.999979
44.169958,-4159.5681,0.24841507,2.9549248,0.69447486,4.1562747,2.0526223,79.999979
44.179958,-4161.4888,0.24828027,2.9447337,0.68869612,4.177066,2.0284995,79.999979
44.189958,-4161.4907,0.24763657,2.9345427,0.68291738,4.1978573,2.0043767,79.999979
44.199958,-4161.2184,0.24849074,2.9243517,0.67713865,4.2186486,1.9802539,79.999979
44.209958,-4167.0095,0.24875335,2.9240999,0.67626438,4.2238343,1.9783201,79.999979
44.219958,-4168.2542,0.24796587,2.9261312,0.67693558,4.2225802,1.9814833,79.999979
44.229958,-4171.74,0.24814225,2.9281625,0.67760679,4.2213262,1.9846466,79.999979
44.239958,-4171.8111,0.24785899,2.9301938,0.67827799,4.2200721,1.9878098,79.999979
44.249958,-4168.5316,0.24830244,2.9322251,0.6789492,4.2188181,1.990973,79.999979
44.259958,-4167.4913,0.24841819,2.9342709,0.68080374,4.2119149,1.9976718,79.999979
44.269958,-4169.372,0.24745776,2.9363633,0.68645765,4.1799929,2.0157225,79.999979
44.279958,-4171.3161,0.24783462,2.9384557,0.69211156,4.1480709,2.0337731,79.999979
44.289958,-4169.083,0.24738184,2.9405481,0.69776547,4.1161488,2.0518237,79.999979
44.299958,-4418.8341,0.23903793,2.9480295,0.69544585,4.1377217,2.0501126,79.999979
44.309958,-4417.371,0.23913868,2.957637,0.6899805,4.1862808,2.040605,79.999979
44.319958,-4414.5301,0.23934299,2.9672445,0.68451516,4.2348399,2.0310974,79.999979
44.329958,-4408.0333,0.2395473,2.9627915,0.70515623,4.1029333,2.0898737,79.999979
44.339958,-4399.9724,0.24117272,3.0544804,0.69315851,4.2993785,2.1171719,79.999979
44.349958,-4388.6469,0.24091697,3.034246,0.68426505,4.3336445,2.0762759,79.999979
44.359958,-4383.895,0.24096255,3.0371888,0.72933869,4.0161446,2.2151144,79.999979
44.369958,-4380.5218,0.24096255,3.0509683,0.70563014,4.122613,2.1647651,79.999979
44.379958,-4377.1485,0.24096255,3.0722356,0.69621911,4.2711581,2.1405764,79.999979
44.389958,-4374.7015,0.24143655,3.1000562,0.7457132,4.0535296,2.3119148,79.999979
44.399958,-4346.4128,0.24218374,3.1068538,0.70637794,4.2821009,2.2314008,79.999979
44.409958,-4327.8151,0.24393325,3.0714825,0.70228495,4.2233774,2.184431,79.999979
44.419958,-4306.3859,0.24401511,3.0540771,0.7334004,4.0632589,2.2647905,79.999979
44.429958,-4304.5166,0.24415934,3.0617511,0.73239924,4.0796175,2.2599205,79.999979
44.439958,-4302.6473,0.24430356,3.069425,0.73139807,4.0959761,2.2550504,79.999979
44.449958,-4300.778,0.24444778,3.077099,0.7303969,4.1123347,2.2501803,79.999979
44.459958,-4288.352,0.24429131,3.057602,0.71616544,4.2531743,2.211817,79.999979
44.469958,-4257.0876,0.24556238,3.0818259,0.71612578,4.2488655,2.2070194,79.999979
44.479958,-4235.4658,0.24621769,3.0791753,0.71130263,4.2420081,2.1908573,79.999979
44.489958,-4231.9789,0.24716916,3.1258082,0.71213331,4.2320852,2.221701,79.999979
44.499958,-4228.492,0.24731986,3.1356847,0.70876289,4.2846654,2.2233538,79.999979
44.509958,-4222.6481,0.24747056,3.1049919,0.70731637,4.3268845,2.224389,79.999979
44.519958,-4208.6093,0.24739322,3.1541153,0.70762976,4.1931522,2.2222,79.999979
44.529958,-4174.5604,0.24769457,3.1612729,0.71316374,4.2948725,2.2549827,79.999979
44.539958,-4155.9938,0.24949778,3.1005509,0.75529389,4.0678888,2.3418584,79.999979
44.549958,-4144.1065,0.250405,3.1080095,0.72046169,4.2278138,2.2371541,79.999979
44.559958,-4140.0517,0.25059272,3.1610484,0.72088943,4.1898245,2.2858964,79.999979
44.569957,-4135.9969,0.25061357,3.1801942,0.72131717,4.2672372,2.3349438,79.999979
44.579957,-4123.2989,0.25049864,3.1256332,0.71084704,4.3702186,2.2216475,79.999979
44.589957,-4105.7044,0.25186281,3.109308,0.71324829,4.255675,2.217704,79.999979
44.599957,-4080.9003,0.25259147,2.6149915,0.71181766,4.2253648,1.8325477,79.999979
44.609957,-4075.0275,0.25308394,0.57977586,0.13133596,4.2968918,0.079125762,79.999979
44.619957,-4067.7316,0.25300537,0.57411518,0.12219372,4.3967269,0.071711019,79.999979
44.629957,-4063.383,0.2529268,0.5684545,0.11305147,4.8848382,0.064296276,79.999979
44.639957,-4058.6099,0.25332857,0.51433774,0.12434655,4.1088953,0.066685512,79.999979
44.649957,-4040.0304,0.25319798,0.51078172,0.12562246,4.618626,0.064166421,79.999979
44.659957,-4019.096,0.25328136,0.52552505,0.10912461,4.7731927,0.057347852,79.999979
44.669957,-4024.6766,0.2529042,0.59545402,0.11649678,5.0709301,0.069461277,79.999979
44.679957,-4025.7042,0.25284816,0.53253589,0.11140635,4.9305671,0.059442026,79.999979
44.689957,-4026.7319,0.25279213,0.49960654,0.10854265,4.7902041,0.054362317,79.999979
44.699957,-4027.7596,0.25258969,0.50810458,0.11729175,4.4765955,0.059730983,79.999979
44.709957,-4033.7987,0.25337091,0.56233932,0.095992234,5.4266084,0.053930074,79.999979
44.719957,-4034.5741,0.25381883,0.50580644,0.11797366,4.9416149,0.060089902,79.999979
44.729957,-4035.2089,0.25292711,0.4852604,0.11770267,4.02289,0.05712679,79.999979
44.739957,-4035.2089,0.25314073,0.47192442,0.11452321,4.0210423,0.05406071,79.999979
44.749957,-4035.2089,0.25314073,0.48241414,0.13240165,3.7845725,0.064202431,79.999979
44.759957,-4035.2046,0.25314073,0.50183382,0.15327026,3.3378041,0.072635578,79.999979
44.769957,-4033.1408,0.25208825,0.55437383,0.11477216,4.7218206,0.063339546,79.999979
44.779957,-4030.4829,0.25297594,0.52479566,0.11530817,4.5059938,0.060562777,79.999979
44.789957,-4032.1,0.25232351,0.49820348,0.12957569,3.760132,0.062614447,79.999979
44.799957,-4031.4134,0.25225339,0.50261193,0.10944942,4.4480212,0.068759968,79.999979
44.809957,-4030.7269,0.25232851,0.51167313,0.11111275,4.619177,0.06656034,79.999979
44.819957,-4030.2474,0.25240363,0.51297595,0.12533583,4.1855883,0.063936821,79.999979
44.829957,-4031.4381,0.25214199,0.5173624,0.11658553,4.2285721,0.060337839,79.999979
44.839957,-4034.693,0.25253757,0.52797754,0.1145893,4.5056692,0.060507461,79.999979
44.849957,-4035.6913,0.25273294,0.509607,0.11045347,4.4931551,0.056382261,79.999979
44.859957,-4037.4858,0.25246048,0.53750886,0.13057941,3.9618437,0.069569079,79.999979
44.869957,-4038.8338,0.25264312,0.53398227,0.12131324,4.3259152,0.066988914,79.999979
44.879957,-4040.1819,0.25282575,0.5272425,0.12167731,4.2404065,0.064154921,79.999979
44.889957,-4041.389,0.25269548,0.60717191,0.13975555,4.1274657,0.08512317,79.999979
44.899957,-4041.5225,0.25294566,0.51642096,0.11097225,4.3615492,0.057307323,79.999979
44.909957,-4043.1258,0.25339812,0.51729775,0.10468812,4.6962183,0.054170332,79.999979
44.919957,-4042.9796,0.25355943,0.51156823,0.10093213,4.9337117,0.051632574,79.999979
44.929957,-4042.9808,0.25330532,0.51670276,0.097391213,5.0840128,0.051553725,79.999979
44.939957,-4042.9821,0.25305121,0.52793389,0.10002905,5.2343139,0.053821565,79.999979
44.949957,-4041.8135,0.25256989,0.57822381,0.12607237,4.9138334,0.072859939,79.999979
44.959957,-4039.8158,0.25306631,0.50921027,0.099142641,4.9811145,0.05091208,79.999979
44.969957,-4042.5231,0.25134275,0.51111156,0.10289964,4.9248828,0.053652569,79.999979
44.979957,-4043.4533,0.25112865,0.58884759,0.11882427,4.5729934,0.072748247,79.999979
44.989957,-4042.3624,0.25118641,0.56777301,0.098834108,5.8646818,0.063759347,79.999979
44.999957,-4041.5433,0.25124416,0.54669842,0.096694835,5.6305115,0.054770447,79.999979
45.009957,-4040.8308,0.25156468,0.51197307,0.14951055,3.3148055,0.070470909,79.999979
45.019957,-4043.9434,0.25187184,0.56297953,0.1392936,3.8011126,0.079632911,79.999979
45.029957,-4044.5412,0.25214752,0.54169945,0.13472566,4.1035224,0.073345665,79.999979
45.039957,-4043.7669,0.25177812,0.50447173,0.15063922,4.2609077,0.066799945,79.999979
45.049957,-4044.8023,0.2518242,0.51196563,0.13146607,3.2801244,0.0615488,79.999979
45.059957,-4045.789,0.25187027,0.51945954,0.11229291,4.3810862,0.056297656,79.999979
45.069957,-4046.7417,0.25180952,0.52495636,0.10215109,5.0348176,0.05362478,79.999979
45.079957,-4049.2869,0.25177516,0.49471976,0.1137291,4.2399907,0.056298993,79.999979
45.089957,-4048.0397,0.25171542,0.54661815,0.10440097,4.9608,0.058487399,79.999979
45.099957,-4050.0692,0.25123201,0.59544559,0.11038873,4.3928527,0.065692842,79.999979
45.109957,-4050.5524,0.25132691,0.57761753,0.12014016,4.7350698,0.063166211,79.999979
45.119957,-4051.0355,0.25142182,0.55978948,0.11317188,4.9019684,0.06063958,79.999979
45.129957,-4051.5187,0.25151627,0.52540267,0.12352169,5.0108041,0.066243241,79.999979
45.139957,-4049.9992,0.25114302,0.55022567,0.11366211,5.1394447,0.069242708,79.999979
45.149957,-4052.6025,0.25217651,0.50606756,0.11543697,4.2162025,0.061162364,79.999979
45.159957,-4053.9796,0.25296722,0.5311059,0.10254481,5.067796,0.054549641,79.999979
45.169957,-4053.8605,0.25296722,0.52154574,0.10191275,5.0951581,0.05397786,79.999979
45.179957,-4053.2005,0.25296722,0.55677302,0.1051299,5.1202226,0.058133328,79.999979
45.189957,-4052.5404,0.25287223,0.5860424,0.10514027,5.6324302,0.061936368,79.999979
45.199957,-4054.9079,0.25180558,0.54522113,0.11486742,4.3702207,0.059744596,79.999979
45.209957,-4056.9788,0.25125844,0.51959632,0.1043223,4.8126961,0.05442868,79.999979
45.219957,-4056.6889,0.25194568,0.52208688,0.15614383,3.2666522,0.081526999,79.999979
45.229957,-4058.9033,0.2520171,0.58255497,0.15597803,3.8842518,0.085051647,79.999979
45.239957,-4058.9033,0.25205317,0.55471222,0.15365848,3.6190366,0.082442965,79.999979
45.249957,-4058.9033,0.25220289,0.52541816,0.15133893,3.4036881,0.078718097,79.999979
45.259957,-4059.5253,0.25209602,0.54572517,0.1279082,4.6065982,0.069615269,79.999979
45.269957,-4060.1649,0.25141588,0.52811947,0.11952081,3.9097566,0.063624686,79.999979
45.279957,-4065.5085,0.2516008,0.57606981,0.11309239,5.0184827,0.065198881,79.999979
45.289957,-4068.2698,0.2519766,0.52306918,0.14172449,3.3335503,0.073902118,79.999979
45.299957,-4068.6927,0.2521865,0.52856036,0.12362236,3.8322843,0.065105606,79.999979
45.309957,-4069.1156,0.2521865,0.53405154,0.10552022,4.8848903,0.056309093,79.999979
45.319957,-4069.2429,0.25203396,0.58587945,0.12497757,4.3065724,0.073154866,79.999979
45.329957,-4069.1995,0.25160695,0.52066932,0.14158124,3.5338011,0.069920546,79.999979
45.339957,-4070.4337,0.25156691,0.51799253,0.13079968,3.8511336,0.067856618,79.999979
45.349957,-4068.0803,0.25096094,0.53067255,0.10835561,4.3400165,0.059139424,79.999979
45.359957,-4067.6709,0.25111662,0.53274018,0.11069528,4.7939459,0.059917114,79.999979
45.369957,-4067.6639,0.25127229,0.53480781,0.11303496,4.6557626,0.060694804,79.999979
45.379957,-4067.6639,0.25135677,0.49047279,0.11661564,4.141725,0.057195003,79.999979
45.389957,-4070.8982,0.2502322,0.51697502,0.13564762,3.8231216,0.070147096,79.999979
45.399957,-4069.7712,0.25204836,0.53790898,0.12237075,3.9969778,0.067159534,79.999979
45.409957,-4071.0423,0.25130469,0.5228367,0.1050568,4.8378574,0.056976263,79.999979
45.419957,-4071.1283,0.25126196,0.55472638,0.10460192,5.0683801,0.058907957,79.999979
45.429957,-4071.5767,0.25121922,0.55938663,0.10414705,5.3092719,0.059274735,79.999979
45.439957,-4072.1012,0.25118678,0.4708922,0.1119333,4.6341357,0.054287775,79.999979
45.449957,-4074.4558,0.25061124,0.53711184,0.13604003,3.6549589,0.066564166,79.999979
45.459957,-4076.2659,0.25196329,0.50174396,0.098593977,4.7078551,0.053338266,79.999979
45.469957,-4078.4885,0.25171985,0.54477722,0.14428288,3.6501099,0.08160545,79.999979
45.479957,-4080.4326,0.2513984,0.53507846,0.13305563,4.1075612,0.071294743,79.999979
45.489957,-4080.2864,0.25107694,0.51730903,0.11473334,4.6750963,0.06386769,79.999979
45.499957,-4079.689,0.25075548,0.49895958,0.10771588,4.7812381,0.058832623,79.999979
45.509957,-4078.1944,0.25134577,0.54009734,0.126926,3.8884529,0.070331665,79.999979
45.519957,-4080.9592,0.25165379,0.50377994,0.10982511,4.486647,0.055327592,79.999979
45.529957,-4082.0419,0.25054313,0.56294953,0.11792889,4.1855818,0.066412717,79.999979
45.539957,-4080.5982,0.25101954,0.51211096,0.1242669,4.1418988,0.065574638,79.999979
45.549957,-4080.0228,0.25121586,0.52424333,0.14350856,3.656093,0.07629591,79.999979
45.559957,-4079.4475,0.25141217,0.53986931,0.15905626,3.2879235,0.085175347,79.999979
45.569957,-4080.1585,0.25141228,0.51831913,0.1051406,4.5838131,0.05452392,79.999979
45.579957,-4080.9784,0.25054233,0.48538842,0.13440914,3.8500363,0.065202593,79.999979
45.589957,-4080.5809,0.25069027,0.51409636,0.13384316,3.5581068,0.068927028,79.999979
45.599957,-4082.1739,0.25097126,0.51535507,0.11598653,4.2654556,0.059817009,79.999979
45.609957,-4082.5917,0.25101082,0.50795642,0.10813283,4.4369865,0.056215156,79.999979
45.619956,-4083.2585,0.25105039,0.52092983,0.14704812,4.6085173,0.077194455,79.999979
45.629956,-4083.9254,0.25116409,0.55339202,0.14039403,3.9245275,0.07609258,79.999979
45.639956,-4085.303,0.25102592,0.56247312,0.12296653,4.293126,0.067418271,79.999979
45.649956,-4081.7807,0.25152836,0.55253305,0.11829155,5.7485379,0.066407766,79.999979
45.659956,-4084.9779,0.25056928,0.57722937,0.10520819,5.4222432,0.060620569,79.999979
45.669956,-4084.8906,0.2504182,0.54792133,0.11039776,4.9883182,0.060201232,79.999979
45.679956,-4084.8033,0.25026712,0.5186133,0.11558733,4.5543932,0.059781895,79.999979
45.689956,-4084.7159,0.25011603,0.49406599,0.12077689,4.1204683,0.054949964,79.999979
45.699956,-4086.7919,0.250086,0.56513241,0.11882566,4.7317489,0.067140824,79.999979
45.709956,-4085.0657,0.25121556,0.51801492,0.11571225,4.2827437,0.058838583,79.999979
45.719956,-4085.9324,0.25184418,0.50747526,0.14438545,4.0752699,0.070735548,79.999979
45.729956,-4086.6488,0.25184418,0.51292818,0.13091271,3.3875587,0.065447519,79.999979
45.739956,-4087.3651,0.25160295,0.5183811,0.11743998,3.9600542,0.060159491,79.999979
45.749956,-4088.0815,0.251308,0.50264355,0.10952636,4.5325497,0.055662481,79.999979
45.759956,-4088.8653,0.25107492,0.50537394,0.10206712,4.5814973,0.052303363,79.999979
45.769956,-4088.2587,0.2506831,0.60666846,0.11952497,4.8504772,0.072660228,79.999979
45.779956,-4089.6766,0.25076917,0.53743955,0.12908878,4.0675236,0.070848844,79.999979
45.789956,-4092.3954,0.25106555,0.49994508,0.13926371,3.5822433,0.066300482,79.999979
45.799956,-4092.9595,0.25033715,0.57646334,0.13994524,4.1310841,0.081098248,79.999979
45.809956,-4093.2176,0.25042983,0.51943259,0.12362851,4.4727692,0.064677437,79.999979
45.819956,-4093.4757,0.25072078,0.52002385,0.10731178,4.8144543,0.060493875,79.999979
45.829956,-4092.3553,0.25101172,0.5268185,0.11103523,4.6392418,0.059864946,79.999979
45.839956,-4093.2387,0.25054651,0.50732336,0.10571094,4.5354679,0.053908384,79.999979
45.849956,-4092.9694,0.25030142,0.53633318,0.10632999,4.8511778,0.058053001,79.999979
45.859956,-4092.6446,0.24999565,0.53030549,0.10183662,5.141882,0.055054326,79.999979
45.869956,-4092.8955,0.24968987,0.5242778,0.099088364,5.1964467,0.052055651,79.999979
45.879956,-4094.0083,0.25019476,0.52419898,0.11074687,4.717759,0.058089914,79.999979
45.889956,-4092.1177,0.24975544,0.54654068,0.11799005,4.6613636,0.064523205,79.999979
45.899956,-4096.747,0.25051507,0.51754823,0.12891682,3.8462391,0.069326324,79.999979
45.909956,-4098.4867,0.25004737,0.5177163,0.14767807,3.2997312,0.071339813,79.999979
45.919956,-4097.9929,0.25004737,0.52982899,0.11223472,3.8392809,0.06239678,79.999979
45.929956,-4097.4991,0.25004737,0.57995813,0.11580427,4.3788306,0.068063703,79.999979
45.939956,-4097.0052,0.25009997,0.60707208,0.11947755,4.9080145,0.072663648,79.999979
45.949956,-4099.4219,0.25125535,0.48998757,0.10838104,4.1820787,0.052705548,79.999979
45.959956,-4102.6814,0.25034499,0.5193658,0.11056471,4.3769041,0.058037655,79.999979
45.969956,-4100.3684,0.25115698,0.49207767,0.11513082,4.1620391,0.05665049,79.999979
45.979956,-4102.0255,0.25115698,0.50091779,0.11415856,4.2611676,0.057173185,79.999979
45.989956,-4102.3026,0.25115698,0.5097579,0.11318631,4.3602961,0.057695879,79.999979
45.999956,-4102.3026,0.25110021,0.54281752,0.11244279,4.5752128,0.061130964,79.999979
46.009956,-4102.9422,0.24990555,0.52376383,0.10053881,5.436194,0.053537883,79.999979
46.019956,-4102.0515,0.25081684,0.5099686,0.11427713,4.3330589,0.058292487,79.999979
46.029956,-4102.7528,0.25088517,0.52392538,0.13243737,4.1099879,0.069357836,79.999979
46.039956,-4102.7566,0.25057794,0.5134927,0.13284939,3.4238547,0.065520375,79.999979
46.049956,-4102.7604,0.25044214,0.51845159,0.11085488,4.238911,0.056076052,79.999979
46.059956,-4102.7607,0.25030634,0.52313223,0.092640604,5.576389,0.048464981,79.999979
46.069956,-4104.3243,0.25049415,0.56160686,0.14650746,3.3674809,0.078585151,79.999979
46.079956,-4103.44,0.24929023,0.52114431,0.13488362,3.808056,0.07189461,79.999979
46.089956,-4104.2283,0.24997062,0.47177123,0.14088287,4.1880469,0.066011166,79.999979
46.099956,-4103.6446,0.24987621,0.50283606,0.11475756,4.4749845,0.056183815,79.999979
46.109956,-4105.4102,0.24986276,0.47612202,0.12285118,3.8565142,0.058498504,79.999979
46.119956,-4106.5264,0.24992863,0.47738086,0.13677546,3.4840949,0.065295702,79.999979
46.129956,-4106.3105,0.2499945,0.48897209,0.15069973,3.1116757,0.063134733,79.999979
46.139956,-4106.0946,0.24977871,0.50137933,0.12672105,3.8166079,0.060266291,79.999979
46.149956,-4107.5854,0.24947536,0.52034374,0.096033718,5.3958774,0.057132201,79.999979
46.159956,-4106.8669,0.24994011,0.54486771,0.12376224,4.2652947,0.062388704,79.999979
46.169956,-4107.6678,0.24948435,0.52432411,0.12155437,4.3231523,0.063734339,79.999979
46.179956,-4109.0193,0.24946916,0.52201084,0.1199175,4.2429301,0.062604526,79.999979
46.189956,-4109.2933,0.24945398,0.51969756,0.11828063,4.2893979,0.061474713,79.999979
46.199956,-4109.2352,0.24968327,0.50321269,0.12911595,3.9087553,0.065234148,79.999979
46.209956,-4108.0922,0.25017471,0.52718633,0.11715983,4.3774888,0.061816509,79.999979
46.219956,-4110.1904,0.25013171,0.51794449,0.12217163,4.0043382,0.063284035,79.999979
46.229956,-4111.9353,0.25016422,0.51709425,0.10902173,4.8331436,0.057132237,79.999979
46.239956,-4111.2158,0.25013793,0.49045704,0.10658816,4.6060292,0.052273977,79.999979
46.249956,-4110.4963,0.25010721,0.49811233,0.13018734,4.512852,0.065821886,79.999979
46.259956,-4110.1418,0.2500765,0.51028765,0.14660031,3.7257617,0.072593356,79.999979
46.269956,-4112.0292,0.2507111,0.56885926,0.093822635,6.6050003,0.052834477,79.999979
46.279956,-4113.3299,0.25006281,0.47379355,0.15217673,3.1320473,0.072050618,79.999979
46.289956,-4114.6631,0.2501204,0.51712445,0.13296455,3.8751264,0.065854283,79.999979
46.299956,-4114.6631,0.24995856,0.51752012,0.14034895,3.6223105,0.068235726,79.999979
46.309956,-4114.5018,0.24976807,0.49665292,0.12734199,3.8402005,0.061355929,79.999979
46.319956,-4114.2232,0.24957758,0.48325594,0.11613069,4.055026,0.056231718,79.999979
46.329956,-4114.9452,0.24953361,0.50262424,0.10350104,4.9096359,0.05232672,79.999979
46.339956,-4114.3055,0.24927724,0.49336615,0.10773759,5.4594907,0.053121685,79.999979
46.349956,-4116.3227,0.24994651,0.50435576,0.13069279,3.874231,0.065778942,79.999979
46.359956,-4117.8284,0.24950878,0.53000612,0.12102845,4.0498679,0.063772798,79.999979
46.369956,-4118.2851,0.24915568,0.52970717,0.11235937,4.3665414,0.059693574,79.999979
46.379956,-4118.7418,0.24915568,0.47191212,0.10369029,5.1261806,0.049058046,79.999979
46.389956,-4118.4296,0.24984493,0.54650591,0.16841365,3.2351513,0.077918739,79.999979
46.399956,-4118.7485,0.25072785,0.51445524,0.11976774,3.2409984,0.061378331,79.999979
46.409956,-4120.6987,0.24947259,0.53886681,0.10862644,4.9013049,0.058682742,79.999979
46.419956,-4118.5945,0.2492825,0.54601584,0.10980702,4.9553899,0.06005919,79.999979
46.429956,-4118.5945,0.2489052,0.49124291,0.10572546,4.7577051,0.052259393,79.999979
46.439956,-4118.5945,0.24852789,0.49687005,0.10811368,4.5600203,0.053820299,79.999979
46.449956,-4118.8423,0.24840545,0.49590687,0.13623478,3.7288389,0.067584438,79.999979
46.459956,-4122.739,0.2493563,0.59598129,0.11123821,5.27429,0.065714638,79.999979
46.469956,-4122.3728,0.24951904,0.52179792,0.11934963,4.3761504,0.061103731,79.999979
46.479956,-4124.3912,0.25068291,0.4963775,0.10066266,4.9054341,0.049932633,79.999979
46.489956,-4124.9361,0.25023239,0.4785215,0.10808794,4.5032603,0.051703401,79.999979
46.499956,-4125.2224,0.24978187,0.53863026,0.11551322,4.1010865,0.069695675,79.999979
46.509956,-4125.5087,0.24956006,0.58965195,0.14859778,3.956048,0.086181103,79.999979
46.519956,-4126.4052,0.25016214,0.54017086,0.10433295,5.2877943,0.061526151,79.999979
46.529956,-4126.5149,0.25025657,0.49903088,0.12223185,4.0087323,0.060993273,79.999979
46.539956,-4129.1797,0.24867524,0.52378375,0.12997177,3.5993444,0.058529033,79.999979
46.549956,-4128.6283,0.24883636,0.52228047,0.11669443,4.6927282,0.060509148,79.999979
46.559956,-4128.0769,0.24923592,0.50694087,0.13332714,4.0755693,0.067180635,79.999979
46.569956,-4127.6524,0.24963547,0.51718775,0.14087034,3.4584104,0.070868235,79.999979
46.579956,-4126.1173,0.24979936,0.52343093,0.10675448,4.8221767,0.055872182,79.999979
46.589956,-4128.9943,0.24979141,0.47049541,0.12278128,3.9847537,0.057329509,79.999979
46.599956,-4127.4835,0.24986856,0.50428297,0.14978574,3.6636304,0.065174956,79.999979
46.609956,-4127.3021,0.24963652,0.48808573,0.098284678,4.8476784,0.051133264,79.999979
46.619956,-4127.81,0.24961419,0.50099504,0.093249306,5.1423978,0.050315497,79.999979
46.629956,-4128.3178,0.24959187,0.51390435,0.095730159,5.2456215,0.049497729,79.999979
46.639956,-4130.5451,0.24937475,0.51710025,0.13972924,3.5371337,0.06305511,79.999979
46.649956,-4132.4331,0.2487655,0.56675952,0.13349491,3.7930116,0.075936769,79.999979
46.659956,-4131.0416,0.24983983,0.56722062,0.11629633,4.2359728,0.065860465,79.999979
46.669955,-4133.6153,0.24966672,0.51649866,0.13153693,3.9548098,0.067964525,79.999979
46.679955,-4133.4333,0.24968007,0.51072514,0.14469728,3.3668003,0.064946165,79.999979
46.689955,-4133.2513,0.24969342,0.51138153,0.12045647,4.0016445,0.058444929,79.999979
46.699955,-4133.0694,0.24912556,0.51790738,0.11895342,4.6364886,0.061630248,79.999979
46.709955,-4134.1729,0.24897593,0.52967411,0.10558434,4.9693735,0.056220745,79.999979
46.719955,-4134.0856,0.24961956,0.52058462,0.09621171,4.9883905,0.050204399,79.999979
46.729955,-4133.5167,0.24922469,0.50073548,0.14371055,3.4648333,0.071381924,79.999979
46.739955,-4133.9483,0.24922469,0.53011686,0.10288855,4.9796635,0.054545427,79.999979
46.749955,-4134.3798,0.24915895,0.5671771,0.10312432,5.3515679,0.058494269,79.999979
46.759955,-4134.8113,0.24848012,0.5281051,0.1005205,5.2106304,0.05309014,79.999979
46.769955,-4132.0839,0.24920996,0.51617979,0.11410131,4.3593117,0.058714896,79.999979
46.779955,-4133.3691,0.24877931,0.52258632,0.12790215,4.0733991,0.066837136,79.999979
46.789955,-4135.2667,0.24904236,0.49869419,0.14323552,3.6179732,0.069520012,79.999979
46.799955,-4134.3931,0.24904236,0.52798615,0.14260943,3.3237345,0.06770083,79.999979
46.809955,-4133.5195,0.24904236,0.55727811,0.12302741,4.370057,0.065881648,79.999979
46.819955,-4133.1587,0.24904236,0.60005226,0.12517113,4.700038,0.075160913,79.999979
46.829955,-4135.7445,0.24886304,0.5096909,0.1170269,4.3244669,0.059680494,79.999979
46.839955,-4138.2631,0.24868587,0.52044429,0.11869666,4.3540679,0.061773824,79.999979
46.849955,-4135.8888,0.2487172,0.51207582,0.11346126,4.318442,0.057938084,79.999979
46.859955,-4137.5661,0.24892012,0.57307,0.10312338,4.8574803,0.059050365,79.999979
46.869955,-4137.5661,0.24912304,0.54043833,0.11506649,5.3965186,0.063539206,79.999979
46.879955,-4137.5661,0.2492293,0.53646942,0.12906562,4.2940673,0.068832223,79.999979
46.889955,-4138.9064,0.24785835,0.4959924,0.11363942,4.416495,0.057515333,79.999979
46.899955,-4136.1639,0.24896703,0.54671006,0.11370761,5.5525442,0.069355419,79.999979
46.909955,-4140.4718,0.24893519,0.4928343,0.099024561,4.7927196,0.048801797,79.999979
46.919955,-4141.8848,0.24900089,0.52852313,0.10087224,5.0954977,0.054211499,79.999979
46.929955,-4142.542,0.24900089,0.53015949,0.10560722,5.0373187,0.056416799,79.999979
46.939955,-4142.542,0.24900224,0.5398624,0.11079888,4.7357122,0.060037763,79.999979
46.949955,-4140.8021,0.24913912,0.526055,0.10316509,4.9076034,0.050508015,79.999979
46.959955,-4140.9229,0.24970209,0.49286911,0.12138374,4.0434115,0.05984807,79.999979
46.969955,-4141.7217,0.24868043,0.50840851,0.1036839,4.3699206,0.05292894,79.999979
46.979955,-4140.3377,0.24907013,0.52119447,0.11760064,4.7076749,0.061148106,79.999979
46.989955,-4141.001,0.24949067,0.48998359,0.11618611,4.3041771,0.056318867,79.999979
46.999955,-4141.6643,0.24990944,0.5012875,0.10547558,3.909883,0.052808146,79.999979
47.009955,-4142.0599,0.24943791,0.56388406,0.11042665,4.9099646,0.062110174,79.999979
47.019955,-4145.5002,0.24864042,0.56604649,0.11697024,5.1062956,0.066023801,79.999979
47.029955,-4144.4543,0.24821247,0.52392157,0.11783237,4.4827828,0.061708625,79.999979
47.039955,-4146.9746,0.24879531,0.52129457,0.10955671,4.6815152,0.057092412,79.999979
47.049955,-4147.0013,0.24876601,0.51195844,0.1148716,4.3957131,0.058890449,79.999979
47.059955,-4147.0279,0.24873672,0.50658046,0.12145627,4.0983874,0.061536139,79.999979
47.069955,-4147.0519,0.24906083,0.52143968,0.10070309,5.0781217,0.052510231,79.999979
47.079955,-4147.2663,0.24849912,0.58268796,0.11838611,4.8710212,0.068971766,79.999979
47.089955,-4148.4099,0.24889073,0.57486183,0.10758896,5.3811777,0.061601978,79.999979
47.099955,-4149.1835,0.2493176,0.52571181,0.10478492,4.8597501,0.055964397,79.999979
47.109955,-4148.9318,0.24836724,0.52393942,0.10947648,4.9049238,0.057679589,79.999979
47.119955,-4148.6802,0.24819791,0.52035913,0.11416804,4.5499684,0.059931698,79.999979
47.129955,-4147.8482,0.24802858,0.50504234,0.1227777,4.1183024,0.062066789,79.999979
47.139955,-4147.2223,0.24833696,0.58600672,0.11989374,5.0453375,0.070056626,79.999979
47.149955,-4149.1431,0.2472049,0.51574694,0.11560061,4.5497739,0.0596006,79.999979
47.159955,-4146.5592,0.24899211,0.50286352,0.10226992,4.5025598,0.051354695,79.999979
47.169955,-4146.9593,0.24865474,0.5054777,0.10875382,4.6236398,0.054929067,79.999979
47.179955,-4147.6694,0.24831738,0.50199297,0.11755681,4.2370865,0.058985177,79.999979
47.189955,-4148.5136,0.24812628,0.5237006,0.12357874,4.0547269,0.064264865,79.999979
47.199955,-4148.0142,0.24842147,0.61865151,0.14026242,4.4339632,0.086769877,79.999979
47.209955,-4146.699,0.24862213,0.52533184,0.11825225,4.6164104,0.062100604,79.999979
47.219955,-4148.8297,0.24902775,0.5518348,0.13209502,3.8344407,0.073170539,79.999979
47.229955,-4148.8427,0.24907429,0.50237988,0.12614341,4.1895137,0.063316893,79.999979
47.239955,-4149.3584,0.24912083,0.48987494,0.12312907,3.8789156,0.059261055,79.999979
47.249955,-4149.8741,0.24905954,0.51971121,0.11121308,3.7764548,0.060709221,79.999979
47.259955,-4151.0636,0.24775929,0.49549484,0.13533515,3.5641956,0.067041311,79.999979
47.269955,-4149.8804,0.24914935,0.51242793,0.11092857,4.6131069,0.058029296,79.999979
47.279955,-4152.1444,0.24763713,0.5917186,0.1118052,5.0864557,0.063785407,79.999979
47.289955,-4152.3209,0.24751402,0.50490039,0.10203896,5.0360019,0.051633321,79.999979
47.299955,-4152.5281,0.24762792,0.51696953,0.10943349,4.7820282,0.055909658,79.999979
47.309955,-4152.7353,0.24774182,0.5191809,0.10468416,4.6289215,0.054235352,79.999979
47.319955,-4150.047,0.24838843,0.51973623,0.12173497,3.9762872,0.064032096,79.999979
47.329955,-4152.387,0.24854131,0.53046576,0.1365971,3.5437111,0.071792433,79.999979
47.339955,-4152.9169,0.24834034,0.49118737,0.11398043,4.3079363,0.057766337,79.999979
47.349955,-4152.0781,0.24861994,0.54374747,0.13209228,3.9193364,0.063665347,79.999979
47.359955,-4151.8039,0.24861994,0.57942812,0.13364262,4.0590752,0.067176107,79.999979
47.369955,-4151.5296,0.24860285,0.60558965,0.11397295,5.2560075,0.071184241,79.999979
47.379955,-4153.5673,0.24785378,0.52570906,0.11822814,3.9160182,0.061844349,79.999979
47.389955,-4154.4498,0.24829036,0.55590807,0.11698958,4.1043793,0.064408288,79.999979
47.399955,-4153.6628,0.24858973,0.50596443,0.1081133,4.7442672,0.054564042,79.999979
47.409955,-4155.9953,0.24855034,0.50390928,0.13844704,4.5059181,0.062042339,79.999979
47.419955,-4155.9953,0.24855034,0.50528187,0.12924701,3.5722681,0.060959843,79.999979
47.429955,-4155.9953,0.24872308,0.50665445,0.12004698,4.0560635,0.059877346,79.999979
47.439955,-4156.4755,0.24895547,0.4976512,0.11050931,4.4083826,0.055409972,79.999979
47.449955,-4156.2574,0.24844187,0.56374789,0.13490025,3.761383,0.076163403,79.999979
47.459955,-4157.7989,0.24814349,0.52079203,0.11029034,5.208947,0.058033845,79.999979
47.469955,-4160.1488,0.24772012,0.493383,0.11729683,4.1202627,0.057708074,79.999979
47.479955,-4156.943,0.24884149,0.49008308,0.11503263,4.43307,0.055692023,79.999979
47.489955,-4158.1968,0.2489201,0.56597023,0.10456225,5.1841345,0.058982701,79.999979
47.499955,-4158.4701,0.24895547,0.5861153,0.10462364,5.7183632,0.061988925,79.999979
47.509955,-4158.7435,0.24889276,0.57735519,0.11495806,5.1397156,0.064350969,79.999979
47.519955,-4158.8901,0.24827223,0.50953395,0.11005248,4.5312697,0.056092887,79.999979
47.529955,-4158.2999,0.24788702,0.50964005,0.13431656,3.4780715,0.066132148,79.999979
47.539955,-4158.5666,0.24776452,0.492038,0.1184675,4.1260414,0.058294533,79.999979
47.549955,-4159.1668,0.24783883,0.56661377,0.11376338,4.8654953,0.064462547,79.999979
47.559955,-4159.3363,0.24831587,0.55398923,0.11177492,4.904173,0.063062605,79.999979
47.569955,-4159.6846,0.24879292,0.52699867,0.11694533,4.9428507,0.061844666,79.999979
47.579955,-4160.0328,0.24879007,0.53061975,0.1224172,4.836892,0.065284778,79.999979
47.589955,-4160.3811,0.24865058,0.54578376,0.12800168,4.689749,0.07048133,79.999979
47.599955,-4160.7294,0.2485111,0.56094778,0.13358616,4.5426061,0.075677883,79.999979
47.609955,-4161.0777,0.24837161,0.5761118,0.13917065,4.3954631,0.080874436,79.999979
47.619955,-4161.3685,0.24823212,0.59127582,0.14475513,4.2277045,0.086070988,79.999979
47.629955,-4160.6503,0.24809263,0.60643984,0.15033961,3.9822347,0.091267541,79.999979
47.639955,-4159.9321,0.24799851,0.527733,0.1081661,4.7756662,0.058543671,79.999979
47.649955,-4159.2903,0.24845449,0.56877334,0.12663843,4.1474667,0.070470836,79.999979
47.659955,-4163.8741,0.24755533,0.49714323,0.13481649,3.5253772,0.055673441,79.999979
47.669955,-4163.2739,0.24803965,0.5042581,0.11672246,4.0924683,0.060559582,79.999979
47.679955,-4162.5355,0.24776326,0.50450578,0.12379442,4.0544214,0.068516738,79.999979
47.689955,-4162.774,0.24748686,0.50475345,0.14810938,3.385216,0.076473894,79.999979
47.699955,-4163.611,0.24738682,0.49129011,0.1353092,3.5341283,0.065716863,79.999979
47.709955,-4166.2824,0.24786903,0.55402034,0.096887443,5.3563531,0.053643256,79.999979
47.719954,-4167.2633,0.24722061,0.56474391,0.11533474,4.5306592,0.065148262,79.999979
47.729954,-4164.3802,0.24771949,0.51378887,0.13092409,3.7923294,0.062133451,79.999979
47.739954,-4164.3407,0.24788689,0.52121554,0.11771639,4.1243362,0.060243749,79.999979
47.749954,-4164.9154,0.24805429,0.52684764,0.11357069,4.4563431,0.060362533,79.999979
47.759954,-4165.6142,0.2482217,0.53182222,0.11505352,4.5254275,0.061217225,79.999979
47.769954,-4165.2935,0.24828857,0.51729445,0.1252846,4.0741578,0.066899924,79.999979
47.779954,-4166.0979,0.24796689,0.50955536,0.12447014,4.7416133,0.063392152,79.999979
47.789954,-4165.1687,0.24893458,0.49744874,0.12359121,3.3017885,0.0614795,79.999979
47.799954,-4164.5852,0.24894129,0.51467891,0.12894924,3.8897607,0.066389819,79.999979
47.809954,-4164.5852,0.24894129,0.53630707,0.12756171,4.0772224,0.068049819,79.999979
47.819954,-4164.5852,0.24892148,0.57170813,0.1263608,4.3814084,0.073060551,79.999979
47.829954,-4165.8582,0.24775438,0.51932534,0.11603946,4.7457761,0.060255558,79.999979
47.839954,-4162.6125,0.24901256,0.54410953,0.11765889,3.8856667,0.063753887,79.999979
47.849954,-4165.4932,0.24770905,0.53427601,0.11399164,4.3861036,0.060955006,79.999979
47.859954,-4165.3717,0.24766561,0.51318614,0.15127632,3.6650194,0.073587338,79.999979
47.869954,-4164.3113,0.247751,0.52151743,0.13572266,3.4384324,0.070857937,79.999979
47.879954,-4163.2509,0.247751,0.57403075,0.120169,4.1762342,0.07137196,79.999979
47.889954,-4162.8685,0.24859701,0.57872793,0.13216293,4.0659643,0.077072458,79.999979
47.899954,-4165.51,0.24747994,0.64440273,0.11998306,4.8876765,0.07633642,79.999979
47.909954,-4164.7289,0.24803331,0.48984001,0.14472495,3.3081825,0.07079004,79.999979
47.919954,-4165.9773,0.24743663,0.51184951,0.12510561,3.8864666,0.063966937,79.999979
47.929954,-4165.9773,0.246954,0.52202619,0.10701699,4.3705216,0.055859636,79.999979
47.939954,-4165.9773,0.246954,0.52582994,0.11712431,4.8545766,0.063820034,79.999979
47.949954,-4166.0716,0.246954,0.5462663,0.14032116,3.8942911,0.070562839,79.999979
47.959954,-4168.2506,0.24816658,0.51275023,0.10941009,4.4910441,0.055967121,79.999979
47.969954,-4165.5464,0.24747216,0.5583399,0.11068407,5.027437,0.065046022,79.999979
47.979954,-4167.6916,0.24764953,0.46625842,0.14104825,3.2370858,0.06608428,79.999979
47.989954,-4168.1295,0.24733767,0.48129223,0.10693862,4.1787203,0.060438785,79.999979
47.999954,-4168.5674,0.24710772,0.49632604,0.10336018,4.6239377,0.05479329,79.999979
48.009954,-4169.0052,0.24710772,0.5156885,0.10572612,4.7800602,0.054634201,79.999979
48.019954,-4165.4982,0.24808292,0.48232123,0.11208794,4.1773731,0.060255534,79.999979
48.029954,-4168.0819,0.24810342,0.49591113,0.12206236,3.8214634,0.060761734,79.999979
48.039954,-4168.9595,0.24759553,0.46926173,0.12460701,3.9367681,0.058404335,79.999979
48.049954,-4167.8838,0.24793858,0.50072336,0.13035519,3.6271584,0.065340827,79.999979
48.059954,-4168.2394,0.24807039,0.52051355,0.13508283,3.7002611,0.072969905,79.999979
48.069954,-4169.0777,0.24819047,0.52265878,0.15484795,3.6261411,0.080442616,79.999979
48.079954,-4170.0022,0.24897893,0.54475997,0.11631234,4.3237869,0.063314693,79.999979
48.089954,-4173.2172,0.24833301,0.52637474,0.13864926,3.9117003,0.067308365,79.999979
48.099954,-4172.3863,0.24721022,0.51581539,0.1404059,3.3801534,0.072449082,79.999979
48.109954,-4173.9086,0.24680636,0.54144887,0.10503967,5.1018744,0.056903982,79.999979
48.119954,-4174.5044,0.24717776,0.55983645,0.11386601,4.7257974,0.064674376,79.999979
48.129954,-4174.4486,0.24754916,0.60217012,0.12323793,4.3790711,0.077205985,79.999979
48.139954,-4174.6271,0.24840133,0.52028409,0.13331634,3.8296304,0.070148543,79.999979
48.149954,-4172.8315,0.24799756,0.51097105,0.10373788,5.9975445,0.057215492,79.999979
48.159954,-4175.5066,0.24816053,0.54302173,0.12911904,4.4263187,0.066399805,79.999979
48.169954,-4177.1754,0.24754032,0.50082652,0.12263636,4.1492991,0.064350619,79.999979
48.179954,-4176.9647,0.24734977,0.50057996,0.11721269,4.2234409,0.066374714,79.999979
48.189954,-4176.754,0.24726499,0.5003334,0.13261376,3.8509614,0.068398809,79.999979
48.199954,-4174.4564,0.24719771,0.47217284,0.09977802,4.2974508,0.047124896,79.999979
48.209954,-4175.9872,0.24711879,0.51155706,0.099935684,4.9536024,0.057199358,79.999979
48.219954,-4177.4439,0.24773698,0.54612928,0.11353965,5.1001062,0.063462803,79.999979
48.229954,-4174.2429,0.2471514,0.49086871,0.12304111,3.725705,0.060163481,79.999979
48.239954,-4174.3398,0.24690205,0.52457328,0.10008137,4.3819812,0.053124315,79.999979
48.249954,-4174.4367,0.24705126,0.52531143,0.096343562,5.0382575,0.05111151,79.999979
48.259954,-4176.3755,0.24720046,0.57640736,0.098899793,5.4498083,0.062555465,79.999979
48.269954,-4177.336,0.24784926,0.52250955,0.13067873,3.9620404,0.068538862,79.999979
48.279954,-4176.5614,0.24781589,0.47467881,0.1153332,4.066497,0.055879279,79.999979
48.289954,-4179.6245,0.2483463,0.57925454,0.1580134,3.5899635,0.08326828,79.999979
48.299954,-4179.3419,0.24825761,0.50908087,0.13894609,3.6022946,0.070151843,79.999979
48.309954,-4179.0593,0.24816919,0.49960251,0.11401786,3.6146257,0.056859497,79.999979
48.319954,-4179.7703,0.24808077,0.51318349,0.1109234,4.8115858,0.058188931,79.999979
48.329954,-4180.7533,0.24731515,0.51428855,0.13723173,4.2089244,0.063712173,79.999979
48.339954,-4178.912,0.24735454,0.52557456,0.12278441,4.0873921,0.064533299,79.999979
48.349954,-4179.6505,0.24803881,0.53637396,0.12602871,5.3503518,0.067074911,79.999979
48.359954,-4180.0079,0.24790414,0.48877172,0.12654254,3.8575085,0.061840281,79.999979
48.369954,-4179.0374,0.24776947,0.49000133,0.12105277,3.8591799,0.059307729,79.999979
48.379954,-4177.4464,0.24741577,0.51428737,0.13324687,3.8518957,0.069487137,79.999979
48.389954,-4177.1421,0.24709664,0.51856176,0.12028511,4.6068515,0.062305592,79.999979
48.399954,-4177.1231,0.24745097,0.54200002,0.1131441,4.8172548,0.061409366,79.999979
48.409954,-4175.3451,0.24764061,0.54381998,0.10934412,4.9242066,0.0597309,79.999979
48.419954,-4175.0423,0.24765239,0.50633807,0.099431841,4.7404688,0.053362497,79.999979
48.429954,-4174.7395,0.24766693,0.55130104,0.10265097,4.8724554,0.05972847,79.999979
48.439954,-4175.1006,0.24768146,0.57422734,0.11209836,5.0798002,0.064219503,79.999979
48.449954,-4177.1758,0.24630746,0.5169038,0.13767797,3.8736843,0.069252599,79.999979
48.459954,-4178.2272,0.24772254,0.55931374,0.11692151,4.9430017,0.065247921,79.999979
48.469954,-4179.1374,0.24727133,0.54612587,0.11039787,5.1124966,0.060281219,79.999979
48.479954,-4179.2167,0.24698568,0.56372648,0.13370689,3.8816593,0.078537309,79.999979
48.489954,-4179.3054,0.24704458,0.54773714,0.11786519,4.684734,0.070540665,79.999979
48.499954,-4179.3941,0.24710348,0.5317478,0.11561846,4.5395354,0.062544021,79.999979
48.509954,-4181.1672,0.24751538,0.52077964,0.12014107,4.2500104,0.063794397,79.999979
48.519954,-4178.1797,0.24632122,0.56574297,0.12888378,4.6250305,0.073638714,79.999979
48.529954,-4181.7708,0.24715599,0.55232281,0.10512816,5.2171283,0.058025705,79.999979
48.539954,-4182.9832,0.24716975,0.51822247,0.11715035,4.2438023,0.060838437,79.999979
48.549954,-4182.4073,0.24693517,0.56810859,0.12245338,4.3826819,0.06869829,79.999979
48.559954,-4181.8314,0.2467006,0.52889597,0.11094688,4.5215616,0.058614337,79.999979
48.569954,-4180.5566,0.24646603,0.5326121,0.10998978,4.7486659,0.058780677,79.999979
48.579954,-4183.1051,0.24642699,0.59007931,0.11627663,4.8854595,0.067928031,79.999979
48.589954,-4183.542,0.24747162,0.51133423,0.12619702,3.9137094,0.065536065,79.999979
48.599954,-4181.8031,0.24707271,0.51155984,0.1150266,4.2228662,0.05880277,79.999979
48.609954,-4181.8031,0.24732211,0.58554911,0.11304292,4.6260417,0.066188267,79.999979
48.619954,-4181.8031,0.24732211,0.57494291,0.11105924,5.0292172,0.064024388,79.999979
48.629954,-4181.9005,0.24732211,0.56807621,0.1106567,5.1890902,0.062586763,79.999979
48.639954,-4182.1154,0.24732211,0.56951074,0.11150265,5.1114045,0.062540556,79.999979
48.649954,-4182.3304,0.24732211,0.57094528,0.1123486,5.0337189,0.062494348,79.999979
48.659954,-4182.5454,0.24732211,0.57237981,0.11319455,4.9560332,0.062448141,79.999979
48.669954,-4182.7604,0.24732211,0.57381434,0.1140405,4.8783475,0.062401933,79.999979
48.679954,-4182.9754,0.24732211,0.57524888,0.11044245,5.0431998,0.062355726,79.999979
48.689954,-4183.1904,0.24803107,0.53996061,0.12555192,5.2208804,0.068566631,79.999979
48.699954,-4184.7597,0.24633866,0.53241194,0.12004163,3.6214439,0.06389075,79.999979
48.709954,-4182.6113,0.24742562,0.51229545,0.11462312,4.3533991,0.059266116,79.999979
48.719954,-4186.3062,0.24662158,0.54426885,0.1205948,4.5871582,0.068382271,79.999979
48.729954,-4186.7047,0.24662158,0.52252396,0.13048531,3.8358931,0.06817593,79.999979
48.739954,-4186.7047,0.24669745,0.52280632,0.13317467,3.9256715,0.070170304,79.999979
48.749954,-4186.7047,0.24680349,0.52103893,0.14101724,3.6923048,0.073563338,79.999979
48.759953,-4186.4296,0.24692638,0.54649098,0.11383576,4.8616785,0.06261426,79.999979
48.769953,-4187.5685,0.2462841,0.56507797,0.11597484,4.2843972,0.065514474,79.999979
48.779953,-4187.9424,0.2462835,0.53969189,0.09470566,5.5157851,0.051096444,79.999979
48.789953,-4186.3662,0.2459345,0.52138279,0.12235172,4.0977284,0.063789802,79.999979
48.799953,-4185.4472,0.24617797,0.5165772,0.1179904,4.2011739,0.061324144,79.999979
48.809953,-4185.4472,0.24642144,0.50217056,0.11725314,4.3046194,0.058958415,79.999979
48.819953,-4185.529,0.24646963,0.47666927,0.11284564,4.1669612,0.054151263,79.999979
48.829953,-4188.8238,0.24794821,0.48263682,0.10934198,4.7272741,0.054213847,79.999979
48.839953,-4186.775,0.24614722,0.52011126,0.14343822,3.1202821,0.074139909,79.999979
48.849953,-4186.6592,0.24757039,0.50279383,0.11025269,4.571365,0.056784087,79.999979
48.859953,-4187.3561,0.24773389,0.55759478,0.12471984,3.9638343,0.072023029,79.999979
48.869953,-4188.053,0.2478974,0.61239574,0.14152428,4.0690871,0.087261971,79.999979
48.879953,-4187.4401,0.24795781,0.49166311,0.12836468,3.5884673,0.062054677,79.999979
48.889953,-4188.1749,0.2469728,0.4841986,0.1203055,3.9385384,0.058316768,79.999979
48.899953,-4187.633,0.24708609,0.51153476,0.10984393,4.5548997,0.056188901,79.999979
48.909953,-4189.4167,0.24779215,0.5209043,0.15186588,3.1757437,0.078558607,79.999979
48.919953,-4189.6388,0.24791453,0.49867914,0.1321104,3.3538457,0.066180379,79.999979
48.929953,-4189.861,0.24803692,0.47645397,0.11235493,4.0392534,0.053802151,79.999979
48.939953,-4190.0831,0.24759048,0.48417766,0.12664113,3.7732232,0.061470458,79.999979
48.949953,-4187.614,0.24749763,0.54889647,0.10271062,6.1713043,0.056144114,79.999979
48.959953,-4190.5376,0.24742151,0.48384305,0.11454212,4.3786063,0.055443346,79.999979
48.969953,-4189.3856,0.24750583,0.50333431,0.11359478,4.2441818,0.057176569,79.999979
48.979953,-4188.934,0.24751416,0.5142287,0.1159023,4.3374102,0.058711462,79.999979
48.989953,-4188.4823,0.24749906,0.50581177,0.11433588,4.3462734,0.057121192,79.999979
48.999953,-4188.9462,0.24748395,0.49033742,0.12298495,4.3564753,0.060091457,79.999979
49.009953,-4190.4745,0.24650355,0.50524517,0.11371735,4.3676712,0.057554769,79.999979
49.019953,-4190.6762,0.247156,0.55545856,0.11458742,5.1362974,0.064239369,79.999979
49.029953,-4190.621,0.24646947,0.54531596,0.11992429,4.3234014,0.06135983,79.999979
49.039953,-4191.3764,0.24618204,0.5677749,0.11760003,4.4353126,0.064882388,79.999979
49.049953,-4191.4629,0.24608556,0.57929339,0.11849118,4.8139795,0.06931262,79.999979
49.059953,-4191.5495,0.24598908,0.53393746,0.13554658,5.1926464,0.072351318,79.999979
49.069953,-4192.9699,0.24703116,0.50854665,0.12433338,3.7386272,0.063255507,79.999979
49.079953,-4190.8326,0.24674113,0.49345042,0.12232718,3.9816102,0.058138797,79.999979
49.089953,-4193.6229,0.24786501,0.50516101,0.09731989,5.0518765,0.050543019,79.999979
49.099953,-4195.1287,0.24696338,0.49978829,0.12203794,3.9709753,0.059809352,79.999979
49.109953,-4194.8768,0.24674071,0.53244897,0.13061174,3.9571653,0.069300008,79.999979
49.119953,-4194.6249,0.24651805,0.56510964,0.13918554,3.9433552,0.078790663,79.999979
49.129953,-4194.373,0.24629538,0.58982416,0.14775934,3.9295452,0.086127054,79.999979
49.139953,-4194.1211,0.24607272,0.54602567,0.13768739,3.9157351,0.074889023,79.999979
49.149953,-4193.8692,0.24605482,0.51501003,0.12656645,4.0605351,0.065186402,79.999979
49.159953,-4193.1471,0.24675069,0.53307047,0.10162507,4.3132308,0.056776288,79.999979
49.169953,-4193.1471,0.24674354,0.54274834,0.098402734,5.1437161,0.054765336,79.999979
49.179953,-4193.1471,0.24646758,0.5524262,0.0951804,5.5728718,0.052754383,79.999979
49.189953,-4193.1471,0.24619162,0.51792309,0.13047421,4.2414708,0.068396629,79.999979
49.199953,-4195.2689,0.2465953,0.49049623,0.14065873,3.7348673,0.065048353,79.999979
49.209953,-4193.4696,0.24802734,0.5123852,0.11069787,4.5489466,0.056706063,79.999979
49.219953,-4196.0338,0.24672971,0.47404072,0.14974998,3.3830119,0.071008982,79.999979
49.229953,-4196.6592,0.24672971,0.52509231,0.15187044,3.1871398,0.079097465,79.999979
49.239953,-4197.3574,0.24672971,0.53213557,0.13533099,3.3246165,0.069650875,79.999979
49.249953,-4198.0557,0.24679188,0.53900816,0.11621249,4.254296,0.063242332,79.999979
49.259953,-4196.7193,0.2470373,0.476251,0.10059189,4.5743362,0.048005338,79.999979
49.269953,-4200.2934,0.246964,0.50169526,0.14817981,3.787778,0.067026498,79.999979
49.279953,-4201.3248,0.24621938,0.5228448,0.11623827,4.4011821,0.060775864,79.999979
49.289953,-4199.9069,0.24606124,0.52037599,0.11526889,4.3556559,0.060060382,79.999979
49.299953,-4199.9069,0.24606124,0.52710766,0.11124926,4.4120763,0.058341229,79.999979
49.309953,-4199.9069,0.24610034,0.53282556,0.10278734,4.6618972,0.05647472,79.999979
49.319953,-4200.9576,0.24676789,0.51785127,0.10929077,5.5249877,0.056575335,79.999979
49.329953,-4202.88,0.24574274,0.53001059,0.11198131,4.529567,0.059409294,79.999979
49.339953,-4200.2487,0.24591691,0.56149769,0.12415157,4.8190229,0.081019216,79.999979
49.349953,-4202.5197,0.24584389,0.51780632,0.10661861,5.1298669,0.055070364,79.999979
49.359953,-4202.4366,0.24589374,0.5182729,0.10493198,5.0767051,0.054002774,79.999979
49.369953,-4202.3535,0.2459436,0.51873948,0.10324535,5.0235434,0.052935184,79.999979
49.379953,-4202.2704,0.24599345,0.51920606,0.10125387,5.0001007,0.051867594,79.999979
49.389953,-4202.1873,0.2460433,0.51967264,0.098086605,5.1381798,0.050800004,79.999979
49.399953,-4202.1066,0.24605947,0.50744217,0.11471433,4.738605,0.058233249,79.999979
49.409953,-4203.9711,0.24663732,0.51849034,0.11878451,4.1801433,0.06066199,79.999979
49.419953,-4204.1737,0.24672063,0.52455475,0.11772544,4.1946895,0.058253436,79.999979
49.429953,-4204.3763,0.24680394,0.53061915,0.10684021,4.6693354,0.055844882,79.999979
49.439953,-4202.386,0.24696941,0.55019778,0.093465925,5.3820833,0.053142315,79.999979
49.449953,-4202.55,0.24733664,0.50064299,0.12214473,3.806692,0.059754544,79.999979
49.459953,-4204.3358,0.24714231,0.55585317,0.10977401,5.0456542,0.06088943,79.999979
49.469953,-4202.2824,0.24670326,0.48859795,0.099120808,4.6418388,0.051413694,79.999979
49.479953,-4201.8443,0.24662877,0.49268667,0.10502213,4.8138815,0.053610195,79.999979
49.489953,-4202.8103,0.24655428,0.49677538,0.11092346,4.5027125,0.055806695,79.999979
49.499953,-4204.0765,0.24647979,0.53803969,0.12009674,4.3367115,0.064744012,79.999979
49.509953,-4205.3087,0.24692854,0.50758242,0.11385493,4.5128399,0.057256677,79.999979
49.519953,-4203.054,0.24678472,0.56463743,0.12368018,3.8763216,0.069632753,79.999979
49.529953,-4204.7437,0.24644939,0.54014173,0.10838546,4.9772505,0.058355586,79.999979
49.539953,-4205.0264,0.2465933,0.49406132,0.10458004,4.7455416,0.053524588,79.999979
49.549953,-4205.3203,0.24673721,0.52106827,0.10960412,4.4596893,0.058652639,79.999979
49.559953,-4205.6141,0.24677571,0.53521838,0.11491124,4.5878207,0.060974385,79.999979
49.569953,-4206.0371,0.24630011,0.52673558,0.11988963,4.3121271,0.06251523,79.999979
49.579953,-4204.5022,0.24708901,0.49475073,0.14736595,3.7030697,0.072278843,79.999979
49.589953,-4206.1523,0.24555932,0.50256108,0.11041484,4.4018582,0.059636199,79.999979
49.599953,-4206.8977,0.24556499,0.508618,0.11220185,4.2844901,0.056563785,79.999979
49.609953,-4206.5979,0.24557306,0.54248201,0.11188614,4.4034411,0.060523002,79.999979
49.619953,-4205.5358,0.24558113,0.54573279,0.11157044,4.8346681,0.066899756,79.999979
49.629953,-4203.9788,0.2457896,0.52301791,0.14018915,3.6344122,0.073092101,79.999979
49.639953,-4205.74,0.24610955,0.59600329,0.11033269,5.12916,0.065110958,79.999979
49.649953,-4206.19,0.24534472,0.56091411,0.12241563,3.8534949,0.065025281,79.999979
49.659953,-4206.3729,0.2460078,0.49805074,0.11061948,4.1576132,0.054984229,79.999979
49.669953,-4209.7651,0.24648282,0.50032626,0.13951294,3.8588893,0.069755926,79.999979
49.679953,-4209.5735,0.24663148,0.52803365,0.13706369,3.837933,0.071717777,79.999979
49.689953,-4209.382,0.24663148,0.55777206,0.12803298,4.368663,0.070608252,79.999979
49.699953,-4209.1905,0.24663148,0.58751047,0.11900227,4.8993931,0.069498728,79.999979
49.709953,-4208.8173,0.24717551,0.51915399,0.08631557,5.8670033,0.044811026,79.999979
49.719953,-4210.4655,0.24632416,0.49453456,0.12377698,3.8646625,0.061331413,79.999979
49.729953,-4212.044,0.24626681,0.51330359,0.10811539,4.650996,0.055475146,79.999979
49.739953,-4210.7207,0.24631287,0.53705945,0.10522701,4.4430937,0.059537242,79.999979
49.749953,-4209.9019,0.24658992,0.5519245,0.11041557,5.1720744,0.061719735,79.999979
49.759953,-4209.0832,0.24688343,0.53624081,0.13038447,4.3568948,0.069996249,79.999979
49.769953,-4209.67,0.24680098,0.50974252,0.10858543,4.5282622,0.058388351,79.999979
49.779953,-4212.0987,0.24610135,0.50695713,0.10992674,4.642575,0.055715486,79.999979
49.789953,-4210.9685,0.24617089,0.47746197,0.11919381,4.8639608,0.056907527,79.999979
49.799953,-4210.9238,0.24657201,0.59212656,0.11409617,5.0923437,0.067633322,79.999979
49.809952,-4211.6146,0.24668684,0.56980555,0.11116974,5.0292326,0.063475138,79.999979
49.819952,-4212.3055,0.24670105,0.54748453,0.1082433,4.9661215,0.059316954,79.999979
49.829952,-4212.2597,0.24671527,0.53580084,0.11292217,4.6707984,0.060518518,79.999979
49.839952,-4213.8998,0.2460486,0.56286057,0.11342084,4.8369289,0.063858698,79.999979
49.849952,-4212.9177,0.24661108,0.48620411,0.11414122,4.4256516,0.05958681,79.999979
49.859952,-4214.7995,0.24634459,0.49820379,0.11327986,4.7601663,0.056504013,79.999979
49.869952,-4214.6822,0.2465592,0.49151268,0.11930506,4.1245543,0.058894371,79.999979
49.879952,-4214.5649,0.24677381,0.48482157,0.12629438,3.7925246,0.06128473,79.999979
49.889952,-4216.0376,0.24698842,0.51703257,0.11083327,4.5325456,0.057255137,79.999979
49.899952,-4214.4189,0.24696979,0.52055615,0.091443634,5.5858282,0.05252857,79.999979
49.909952,-4215.9821,0.24568863,0.4967427,0.13552129,4.1366354,0.067413624,79.999979
49.919952,-4217.7616,0.24518314,0.47801702,0.14147242,4.8342879,0.058153202,79.999979
49.929952,-4217.7616,0.24545785,0.49711356,0.13108926,3.2317908,0.062482182,79.999979
49.939952,-4216.6377,0.24573257,0.50835654,0.1207061,3.9110788,0.073952254,79.999979
49.949952,-4215.4187,0.24638872,0.51478524,0.1622621,3.260822,0.08979986,79.999979
49.959952,-4216.7602,0.24616359,0.52229507,0.11466439,4.3308311,0.06075984,79.999979
49.969952,-4217.8281,0.24582188,0.52081216,0.11465147,4.3888711,0.060036571,79.999979
49.979952,-4214.1457,0.24541384,0.59984494,0.12457284,4.6261283,0.074712026,79.999979
49.989952,-4214.8566,0.24541384,0.56768182,0.1200177,4.3691796,0.068181878,79.999979
49.999952,-4215.6661,0.2456391,0.59371367,0.11953418,4.573781,0.069636114,79.999979
50.009952,-4216.3473,0.24601288,0.59297524,0.11602355,5.0159161,0.066244404,79.999979
50.019952,-4217.0957,0.24604323,0.51943802,0.11436597,4.5284087,0.060115756,79.999979
50.029952,-4216.5764,0.24713355,0.52337809,0.13220799,4.2882049,0.06881638,79.999979
50.039952,-4219.3981,0.24562036,0.49411596,0.11574921,4.2430172,0.058085932,79.999979
50.049952,-4219.7102,0.24583802,0.54836005,0.12086199,4.5797552,0.066303429,79.999979
50.059952,-4219.9919,0.24583802,0.50963151,0.11969738,4.40063,0.061011395,79.999979
50.069952,-4220.7348,0.24583802,0.50790003,0.11853277,4.2215048,0.060245974,79.999979
50.079952,-4219.9093,0.24632259,0.52471721,0.11236966,4.3212311,0.057730769,79.999979
50.089952,-4219.6158,0.24612025,0.49878114,0.11640591,4.7550331,0.058612301,79.999979
50.099952,-4223.2505,0.24603502,0.57072813,0.11596366,4.8067346,0.066184054,79.999979
50.109952,-4219.6279,0.24572117,0.49126002,0.11181082,4.9535457,0.052124281,79.999979
50.119952,-4219.6279,0.24571284,0.49325992,0.11472048,4.2847813,0.055742889,79.999979
50.129952,-4219.6279,0.24564248,0.50361768,0.11763013,4.1232226,0.05687669,79.999979
50.139952,-4220.8405,0.24557213,0.52149045,0.10659432,4.7644491,0.055587102,79.999979
50.149952,-4222.4496,0.24576397,0.54383082,0.14481782,3.6507043,0.078645993,79.999979
50.159952,-4218.6766,0.24523652,0.52714849,0.1031096,5.1050373,0.066187193,79.999979
50.169952,-4219.6259,0.24588361,0.5208352,0.11110917,4.6013413,0.058754595,79.999979
50.179952,-4219.6259,0.24588361,0.50718439,0.11007332,4.5648971,0.055849481,79.999979
50.189952,-4219.6259,0.24588361,0.49289417,0.12430728,4.5284529,0.061668896,79.999979
50.199952,-4219.2648,0.24588361,0.48641557,0.14195631,3.4486574,0.063448078,79.999979
50.209952,-4219.3328,0.24576607,0.52712533,0.15303736,3.3665808,0.081035823,79.999979
50.219952,-4218.3951,0.24593786,0.51810098,0.11922291,4.3574742,0.065735178,79.999979
50.229952,-4221.1297,0.24600662,0.50317712,0.1196424,3.9344585,0.059134029,79.999979
50.239952,-4221.0439,0.24603781,0.51001689,0.11687186,4.116863,0.063977265,79.999979
50.249952,-4220.9581,0.24603781,0.50239611,0.11410132,4.2992674,0.06631671,79.999979
50.259952,-4220.8723,0.24603781,0.49477533,0.11133078,4.4816719,0.068656156,79.999979
50.269952,-4220.7865,0.24603781,0.48715455,0.11823979,4.4610358,0.070995601,79.999979
50.279952,-4220.7007,0.24603781,0.47953377,0.1477111,3.6288907,0.073335047,79.999979
50.289952,-4220.6805,0.24603781,0.47916056,0.15126777,2.9764951,0.071249649,79.999979
50.299952,-4220.6805,0.24603781,0.48102331,0.14169397,3.2592916,0.067799141,79.999979
50.309952,-4220.6805,0.24606394,0.48270736,0.13212017,3.5420881,0.062663094,79.999979
50.319952,-4219.3814,0.24609101,0.5607119,0.10626639,4.4131753,0.070304451,79.999979
50.329952,-4221.9129,0.24587637,0.51809694,0.097514699,4.8682353,0.050436628,79.999979
50.339952,-4223.5396,0.24680547,0.50051135,0.14172142,3.6891218,0.071042525,79.999979
50.349952,-4223.8916,0.2448932,0.51548152,0.11763102,4.2018746,0.06063447,79.999979
50.359952,-4223.9127,0.24518601,0.53625927,0.12946951,3.6172825,0.057807769,79.999979
50.369952,-4223.719,0.24553142,0.56708189,0.10675477,4.5285656,0.062315973,79.999979
50.379952,-4223.3224,0.24587683,0.52635675,0.11457401,5.4398487,0.060450928,79.999979
50.389952,-4224.2568,0.24665757,0.50728372,0.12085712,4.1425429,0.057885374,79.999979
50.399952,-4222.1379,0.24598135,0.52316154,0.12395509,4.5135908,0.059741666,79.999979
50.409952,-4224.2824,0.24539724,0.52976686,0.11274543,4.8534478,0.059650369,79.999979
50.419952,-4225.9819,0.24539218,0.55938813,0.10557828,5.49341,0.059205889,79.999979
50.429952,-4226.2921,0.24540093,0.53402592,0.11117216,4.9906905,0.059812318,79.999979
50.439952,-4226.6024,0.24559216,0.5086637,0.11867957,4.3289407,0.060418748,79.999979
50.449952,-4225.2767,0.24578338,0.55562423,0.13230354,4.0127685,0.073527548,79.999979
50.459952,-4226.1427,0.24554822,0.5401469,0.11393968,4.2863582,0.059579397,79.999979
50.469952,-4227.4915,0.24592065,0.52453226,0.13626831,3.5784476,0.071531395,79.999979
50.479952,-4224.3366,0.24581636,0.52803966,0.12017844,4.2128766,0.063400507,79.999979
50.489952,-4224.3366,0.24581636,0.56073706,0.11466496,4.4866496,0.064697115,79.999979
50.499952,-4224.3366,0.24581636,0.49155583,0.11720141,4.7604226,0.057656626,79.999979
50.509952,-4224.3366,0.24580367,0.51028081,0.11029651,3.7473717,0.055953574,79.999979
50.519952,-4226.6902,0.24649611,0.49152012,0.11109015,4.4499681,0.056907206,79.999979
50.529952,-4226.1754,0.24563515,0.56929019,0.1354357,4.721092,0.080489789,79.999979
50.539952,-4227.1786,0.24527612,0.50074726,0.11720359,4.1632843,0.058693156,79.999979
50.549952,-4227.1481,0.24535935,0.518372,0.11930314,4.1669142,0.061854266,79.999979
50.559952,-4227.3916,0.24544257,0.51271172,0.12140269,4.1673062,0.061086801,79.999979
50.569952,-4227.6898,0.24549795,0.53224982,0.11337008,4.3215071,0.062243277,79.999979
50.579952,-4228.8879,0.24558694,0.51232494,0.12238118,4.3324603,0.062622701,79.999979
50.589952,-4227.3419,0.24543791,0.59989795,0.10416124,5.4508261,0.069458928,79.999979
50.599952,-4228.8981,0.24621998,0.51681751,0.14906282,3.9867215,0.076300979,79.999979
50.609952,-4228.7188,0.24511414,0.5118093,0.12669741,3.7296807,0.065400377,79.999979
50.619952,-4227.9283,0.24508456,0.52989029,0.10578177,4.2242365,0.060479972,79.999979
50.629952,-4227.1378,0.24505499,0.58319597,0.11883629,4.7187923,0.070291038,79.999979
50.639952,-4226.8425,0.24502936,0.51458818,0.11076099,4.3466501,0.057088178,79.999979
50.649952,-4227.4642,0.24600411,0.58110662,0.1451348,3.7738713,0.081724395,79.999979
50.659952,-4229.4309,0.24621819,0.50591807,0.11082362,4.63271,0.055879565,79.999979
50.669952,-4227.5599,0.24554816,0.5684882,0.11442472,4.6673864,0.065122834,79.999979
50.679952,-4227.0448,0.24519661,0.60996592,0.11691555,4.8293581,0.074974676,79.999979
50.689952,-4226.5296,0.2453877,0.60201128,0.11940638,4.9913297,0.088305583,79.999979
50.699952,-4228.2535,0.24600816,0.51586885,0.14552204,3.3495402,0.075440032,79.999979
50.709952,-4229.7588,0.24611685,0.56082573,0.12620126,4.1133902,0.07431116,79.999979
50.719952,-4231.3008,0.24554872,0.51947403,0.11295184,4.5124514,0.058674676,79.999979
50.729952,-4231.0251,0.24562695,0.51960149,0.10957118,4.6787726,0.056931192,79.999979
50.739952,-4230.7493,0.24570518,0.51972895,0.10619052,4.8450937,0.055187707,79.999979
50.749952,-4230.4736,0.24578341,0.5198564,0.10280987,5.0114149,0.053444223,79.999979
50.759952,-4230.1979,0.24586165,0.51998386,0.099429209,5.177736,0.051700739,79.999979
50.769952,-4229.4892,0.24593988,0.51897527,0.096048552,5.3440572,0.052728544,79.999979
50.779952,-4228.5573,0.24601811,0.51707251,0.093439139,5.4878177,0.055937602,79.999979
50.789952,-4228.0329,0.2461171,0.51516975,0.1097951,5.0767999,0.05914666,79.999979
50.799952,-4228.0329,0.24621638,0.51079965,0.11795553,4.665782,0.059472379,79.999979
50.809952,-4228.0329,0.24631567,0.50378288,0.11286095,4.2547642,0.056705162,79.999979
50.819952,-4228.4282,0.2463317,0.51715303,0.11945623,4.0404095,0.061884492,79.999979
50.829952,-4231.0793,0.2457129,0.53942285,0.11330543,3.716557,0.06023398,79.999979
50.839952,-4229.2475,0.24562812,0.598386,0.10486228,5.6699705,0.06287221,79.999979
50.849952,-4231.2681,0.24551893,0.57113835,0.13090733,3.6178436,0.075162308,79.999979
50.859951,-4230.7526,0.24551893,0.55258664,0.12813832,4.332853,0.072650693,79.999979
50.869951,-4230.6926,0.24551893,0.53403494,0.1302438,4.134039,0.070139077,79.999979
50.879951,-4230.6926,0.24549953,0.50201725,0.12553029,3.98802,0.061016847,79.999979
50.889951,-4232.3642,0.2459555,0.5426995,0.10355556,5.0914675,0.059994486,79.999979
50.899951,-4229.7264,0.24428256,0.53531518,0.1085992,4.8149589,0.058253645,79.999979
50.909951,-4231.6563,0.2451201,0.53058241,0.097228601,5.3279282,0.053798935,79.999979
50.919951,-4231.8532,0.24594107,0.53991803,0.15596668,3.7444912,0.054957977,79.999979
50.929951,-4231.7552,0.24623371,0.52165059,0.13731763,3.9565026,0.053593853,79.999979
50.939951,-4231.6571,0.24610962,0.5104073,0.10140573,4.9356051,0.053980069,79.999979
50.949951,-4228.4616,0.24539219,0.56592945,0.12165172,4.1691468,0.069631554,79.999979
50.959951,-4230.7978,0.2457861,0.51969277,0.15786752,3.4120753,0.082044365,79.999979
50.969951,-4233.0513,0.24552377,0.5946576,0.11920425,4.5761341,0.07108415,79.999979
50.979951,-4231.7425,0.24487883,0.56153329,0.11664387,4.6422335,0.065797784,79.999979
50.989951,-4230.9586,0.24481299,0.58038798,0.12567625,4.6326039,0.070192585,79.999979
50.999951,-4231.0321,0.24474714,0.53703708,0.11553632,4.6229742,0.061799207,79.999979
51.009951,-4233.9948,0.24517604,0.51609327,0.11944519,4.1649545,0.059767855,79.999979
51.019951,-4235.4244,0.24586728,0.51196143,0.10902273,4.6017818,0.05626008,79.999979
51.029951,-4232.7758,0.24590694,0.48265792,0.1091355,4.3557955,0.052671622,79.999979
51.039951,-4235.2283,0.24491298,0.57633082,0.095780151,6.2926616,0.05642715,79.999979
51.049951,-4235.0269,0.24500392,0.49476536,0.10216835,5.5935414,0.051176089,79.999979
51.059951,-4234.8256,0.24509486,0.51673445,0.114851,4.8944213,0.059729498,79.999979
51.069951,-4236.0339,0.24500038,0.59321405,0.10710737,5.3664927,0.073374246,79.999979
51.079951,-4234.9178,0.24540487,0.60300271,0.11221758,5.0164161,0.068031316,79.999979
51.089951,-4236.3456,0.2447993,0.51220608,0.12929173,3.9321332,0.064104528,79.999979
51.099951,-4238.8822,0.24552461,0.54120175,0.12369676,4.2518264,0.066939068,79.999979
51.109951,-4237.7943,0.24583546,0.55176161,0.11952372,4.4651052,0.06593926,79.999979
51.119951,-4236.7063,0.24592312,0.53545138,0.11535068,4.678384,0.062473237,79.999979
51.129951,-4235.3449,0.24598848,0.52297082,0.11957797,4.3784471,0.062556462,79.999979
51.139951,-4235.8675,0.24603808,0.47894524,0.13986448,3.6516324,0.065233069,79.999979
51.149951,-4236.4314,0.24498921,0.53137524,0.11362344,4.8065764,0.062046138,79.999979
51.159951,-4232.7273,0.24484785,0.48329027,0.11701092,4.1757271,0.056533408,79.999979
51.169951,-4233.932,0.2445896,0.52319725,0.14602814,3.5526474,0.076451116,79.999979
51.179951,-4234.7212,0.24498512,0.54438108,0.14762359,3.5105893,0.080418367,79.999979
51.189951,-4234.9572,0.24538063,0.56007303,0.14588392,3.7407139,0.081793283,79.999979
51.199951,-4235.8393,0.24609858,0.51149407,0.12344309,4.7839351,0.063473973,79.999979
51.209951,-4236.0235,0.24628386,0.50821212,0.13302089,3.7990231,0.067571358,79.999979
51.219951,-4238.5582,0.2455301,0.52991524,0.11698199,4.5371727,0.061885462,79.999979
51.229951,-4239.3589,0.24488328,0.52077439,0.12286484,4.500911,0.067835625,79.999979
51.239951,-4240.0668,0.2451359,0.51583058,0.13748003,4.1235519,0.07292777,79.999979
51.249951,-4240.7747,0.24504525,0.51088678,0.15209521,3.3764148,0.078019916,79.999979
51.259951,-4239.6266,0.24472055,0.49372211,0.11432143,4.6702492,0.056458015,79.999979
51.269951,-4238.3219,0.24522521,0.50298372,0.1230447,4.0792407,0.060651587,79.999979
51.279951,-4240.6084,0.24598542,0.55640322,0.13116275,4.1572091,0.073297258,79.999979
51.289951,-4239.8975,0.24606682,0.50581839,0.11518782,4.3671772,0.058357938,79.999979
51.299951,-4238.8644,0.24587608,0.51519907,0.12845099,4.0996514,0.064472174,79.999979
51.309951,-4237.807,0.24568534,0.49345395,0.12739755,3.8321256,0.060990548,79.999979
51.319951,-4236.9405,0.2451454,0.50697913,0.10878652,4.4087645,0.055821754,79.999979
51.329951,-4238.7805,0.24465589,0.50200482,0.13426269,4.2690963,0.056184917,79.999979
51.339951,-4235.8727,0.24456619,0.51577854,0.1128895,4.4308595,0.058305573,79.999979
51.349951,-4236.154,0.24532387,0.52499846,0.14180948,3.5414255,0.07493567,79.999979
51.359951,-4236.7314,0.24529796,0.54329802,0.11726019,4.2925335,0.069582244,79.999979
51.369951,-4237.3087,0.24527206,0.56159758,0.11075327,4.7652618,0.064228818,79.999979
51.379951,-4237.3052,0.24524615,0.53909701,0.11240029,5.2152925,0.060693651,79.999979
51.389951,-4237.9084,0.2438937,0.48361355,0.12086254,3.9725369,0.052557283,79.999979
51.399951,-4237.62,0.24543101,0.53785183,0.12809485,4.3860157,0.069038908,79.999979
51.409951,-4238.946,0.24530749,0.52978692,0.11636477,4.4340005,0.061535505,79.999979
51.419951,-4240.2385,0.24523566,0.51528383,0.11420928,4.479599,0.058740018,79.999979
51.429951,-4240.6471,0.24516382,0.49927375,0.1113342,4.52645,0.05769422,79.999979
51.439951,-4240.7914,0.24525358,0.48250279,0.11514885,4.269286,0.057531836,79.999979
51.449951,-4238.5791,0.24540167,0.51868349,0.1020622,4.920498,0.053916053,79.999979
51.459951,-4241.0054,0.24486222,0.52312608,0.14335915,4.0800074,0.074995624,79.999979
51.469951,-4239.4593,0.24556565,0.56228666,0.13351928,4.5441428,0.074735053,79.999979
51.479951,-4239.4593,0.24549148,0.52214145,0.13770999,3.5286121,0.071882062,79.999979
51.489951,-4239.2654,0.24549148,0.52803291,0.12724456,3.7012224,0.067191896,79.999979
51.499951,-4239.0665,0.24539049,0.52444011,0.11767306,4.089511,0.062443713,79.999979
51.509951,-4241.042,0.24507756,0.53229638,0.093433559,5.6445445,0.052194183,79.999979
51.519951,-4241.4628,0.24552818,0.5146992,0.099814716,4.6793742,0.046989225,79.999979
51.529951,-4240.3898,0.24574764,0.473784,0.10450907,4.4404517,0.049569426,79.999979
51.539951,-4240.3733,0.24564004,0.5314675,0.1069997,4.9193821,0.056146784,79.999979
51.549951,-4240.3733,0.24566167,0.50772693,0.10383542,4.8824208,0.052934327,79.999979
51.559951,-4240.3733,0.24568329,0.49711229,0.10467415,4.8454596,0.052058651,79.999979
51.569951,-4241.4688,0.24552145,0.52793129,0.11866468,4.0258251,0.063379808,79.999979
51.579951,-4240.2006,0.24527003,0.54011577,0.096557975,5.3430408,0.06069166,79.999979
51.589951,-4243.5129,0.24590852,0.50408926,0.12813291,3.8688985,0.064595767,79.999979
51.599951,-4244.413,0.24549442,0.54871735,0.13944171,3.993595,0.074367388,79.999979
51.609951,-4243.8514,0.24549442,0.52703821,0.1094139,4.7342664,0.064060746,79.999979
51.619951,-4243.2899,0.24549442,0.52170567,0.10145498,5.0088917,0.055974321,79.999979
51.629951,-4242.7283,0.24482128,0.51271278,0.10817748,5.1748939,0.055402796,79.999979
51.639951,-4243.6888,0.24500427,0.5625964,0.1018552,5.221742,0.05709538,79.999979
51.649951,-4244.7479,0.24477065,0.51768572,0.10957681,4.8690943,0.056674449,79.999979
51.659951,-4242.3443,0.24472833,0.54393728,0.12066294,4.21035,0.064360392,79.999979
51.669951,-4242.8386,0.24534571,0.53461352,0.14095112,3.8726569,0.06014749,79.999979
51.679951,-4243.3329,0.24541074,0.52528976,0.11890236,4.3243858,0.055934589,79.999979
51.689951,-4243.8271,0.24501684,0.55144293,0.10110891,5.257998,0.05631858,79.999979
51.699951,-4244.4001,0.24479354,0.59936613,0.14735471,4.4706906,0.088204057,79.999979
51.709951,-4244.1446,0.24568311,0.52411986,0.10014799,5.0319027,0.052557022,79.999979
51.719951,-4243.7602,0.24518162,0.51381188,0.112093,4.4999934,0.057439472,79.999979
51.729951,-4244.0592,0.2451709,0.49579391,0.10884542,4.4839499,0.053948873,79.999979
51.739951,-4244.3583,0.24512863,0.50213014,0.11844722,4.3372449,0.060760835,79.999979
51.749951,-4244.6573,0.24508635,0.51617497,0.13703417,3.715104,0.07083376,79.999979
51.759951,-4244.6471,0.24503695,0.51713062,0.13132488,3.8424397,0.067912245,79.999979
51.769951,-4244.6318,0.24498604,0.51712485,0.12383097,4.0741243,0.064036259,79.999979
51.779951,-4244.6165,0.24493513,0.51711908,0.11633707,4.3058089,0.060160273,79.999979
51.789951,-4244.6012,0.24488421,0.5171133,0.10884317,4.5374936,0.056284287,79.999979
51.799951,-4244.5858,0.2448333,0.54261269,0.10470842,4.7691782,0.060229994,79.999979
51.809951,-4244.78,0.24478239,0.54767543,0.11674775,4.8075193,0.064137303,79.999979
51.819951,-4244.6933,0.24439675,0.51608802,0.11869134,4.3727815,0.061277348,79.999979
51.829951,-4243.5099,0.24522726,0.4955623,0.11356225,4.3024549,0.060302393,79.999979
51.839951,-4245.239,0.24509167,0.52328153,0.10322471,4.8469199,0.053702101,79.999979
51.849951,-4245.454,0.24488116,0.49805249,0.16020331,3.521876,0.070143326,79.999979
51.859951,-4244.7182,0.24500089,0.50311683,0.14486607,3.1567362,0.068139273,79.999979
51.869951,-4243.752,0.24512062,0.50918792,0.12952882,3.8134296,0.063971291,79.999979
51.879951,-4243.0592,0.24509357,0.53978622,0.11727368,4.5881586,0.063355195,79.999979
51.889951,-4245.2361,0.24495423,0.76642955,0.18033438,4.1559211,0.282432,79.999979
51.899951,-4246.192,0.24476525,1.1488526,0.27081731,4.14251,0.59241554,79.999979
51.90995,-4246.2445,0.24407513,1.5312757,0.36130024,4.1290988,0.90239909,79.999979
51.91995,-4244.7607,0.24424569,1.9136988,0.45178317,4.1156876,1.2123826,79.999979
51.92995,-4244.7607,0.2450222,2.2961219,0.5422661,4.1022765,1.5223662,79.999979
51.93995,-4246.8119,0.24495315,2.678545,0.63274903,4.0888653,1.8323497,79.999979
51.94995,-4248.0954,0.24589406,2.9482506,0.70184662,4.0997153,2.0416354,79.999979
51.95995,-4245.2125,0.24479382,2.9632157,0.68889723,4.2036457,2.0233452,79.999979
51.96995,-4248.8503,0.24403576,2.9781809,0.67594784,4.3075761,2.0050551,79.999979
51.97995,-4248.2152,0.24448881,2.9893905,0.66478892,4.3971254,1.9916456,79.999979
51.98995,-4250.059,0.24465572,2.987304,0.6668023,4.3808745,1.9955153,79.999979
51.99995,-4250.3459,0.24507422,2.9852175,0.66881567,4.3646235,1.999385,79.999979
52.00995,-4251.1077,0.24508668,2.9831311,0.67082904,4.3483726,2.0032547,79.999979
52.01995,-4249.0851,0.24546297,2.9810446,0.67284241,4.3321217,2.0071244,79.999979
52.02995,-4249.1304,0.24480572,2.9789582,0.67485578,4.3158707,2.0109941,79.999979
52.03995,-4248.086,0.24434849,2.9775996,0.67670763,4.3000431,2.0149663,79.999979
52.04995,-4248.4737,0.24502789,2.9813481,0.67742612,4.3008975,2.0196576,79.999979
52.05995,-4248.7663,0.24512749,2.9850966,0.67814461,4.301752,2.0243489,79.999979
52.06995,-4250.3467,0.24512749,2.9888451,0.6788631,4.3026064,2.0290403,79.999979
52.07995,-4251.1576,0.24520375,2.9925936,0.6795816,4.3034608,2.0337316,79.999979
52.08995,-4249.5351,0.24506478,2.9963421,0.68030009,4.3043152,2.0384229,79.999979
52.09995,-4289.0658,0.24505615,2.9688932,0.68914746,4.2772362,2.0459345,79.999979
52.10995,-4279.768,0.24483711,3.046613,0.69376266,4.2271055,2.113119,79.999979
52.11995,-4277.7127,0.24487999,2.9805866,0.69063958,4.2931798,2.0584626,79.999979
52.12995,-4275.6575,0.24492287,2.9811294,0.68751649,4.2557535,2.0495456,79.999979
52.13995,-4273.6023,0.24496575,2.9935243,0.69998148,4.2268402,2.0907732,79.999979
52.14995,-4272.9369,0.24499545,3.0003288,0.69969795,4.2326978,2.0881326,79.999979
52.15995,-4253.611,0.24631683,3.0294542,0.72898073,4.0535433,2.2084241,79.999979
52.16995,-4216.5644,0.2467601,3.0470224,0.70387658,4.2141477,2.1387905,79.999979
52.17995,-4216.5644,0.2467601,3.0530947,0.7059591,4.2091986,2.1632076,79.999979
52.18995,-4216.5644,0.2467601,3.0515179,0.70804162,4.2042495,2.177017,79.999979
52.19995,-4216.5644,0.2467601,3.0499411,0.71012414,4.1993004,2.1908264,79.999979
52.20995,-4216.5644,0.2467601,3.0483643,0.71795553,4.155446,2.2046358,79.999979
52.21995,-4216.5644,0.2468089,3.0481835,0.72875174,4.0811602,2.2210445,79.999979
52.22995,-4216.5644,0.24726279,3.0595904,0.73835846,4.040563,2.2590276,79.999979
52.23995,-4213.7021,0.24771667,3.0709972,0.74796519,3.9999657,2.2970107,79.999979
52.24995,-4209.7694,0.24813385,3.0291154,0.73691155,4.0410585,2.2023613,79.999979
52.25995,-4192.8793,0.24823383,3.077206,0.70636208,4.2941042,2.1689725,79.999979
52.26995,-4172.4297,0.24975882,3.0666198,0.69989117,4.282778,2.1646648,79.999979
52.27995,-4142.8571,0.24956926,3.13464,0.71163072,4.3057592,2.2304242,79.999979
52.28995,-4124.1029,0.25115094,3.1389304,0.72074048,4.1888798,2.2622687,79.999979
52.29995,-4097.6521,0.2516452,3.1039744,0.71763958,4.1790072,2.2666229,79.999979
52.30995,-4097.6521,0.25146225,3.1332387,0.69222331,4.3883899,2.2689407,79.999979
52.31995,-4097.6521,0.25141637,3.1625031,0.70997291,4.3482145,2.2712586,79.999979
52.32995,-4097.6254,0.25141637,3.0633535,0.71290361,4.2211297,2.1845311,79.999979
52.33995,-4067.8278,0.25171997,3.0848124,0.74862224,4.0716734,2.3093665,79.999979
52.34995,-4043.9367,0.25334125,3.1364493,0.70300882,4.3652244,2.2049464,79.999979
52.35995,-4022.0504,0.25540005,3.093872,0.71052761,4.2706657,2.1796658,79.999979
52.36995,-4019.5506,0.25483104,3.0791518,0.72392522,4.1695622,2.1879295,79.999979
52.37995,-4017.0507,0.25426203,3.0644316,0.71894408,4.1666581,2.1961932,79.999979
52.38995,-4008.3583,0.25521723,3.0974891,0.70539796,4.2911783,2.1821709,79.999979
52.39995,-3987.3247,0.25538074,3.1125887,0.73266968,4.1349656,2.2809137,79.999979
52.40995,-3963.2267,0.2566425,3.0786352,0.71255419,4.2147586,2.2018671,79.999979
52.41995,-3948.9765,0.25757983,2.9953286,0.73130648,4.262477,2.1893197,79.999979
52.42995,-3946.2986,0.25781525,2.2749887,0.55090298,4.0508688,1.5247566,79.999979
52.43995,-3943.6208,0.25805068,1.5546488,0.37049947,4.2933073,0.86019351,79.999979
52.44995,-3926.5744,0.25843956,0.83430894,0.19009597,4.5357458,0.19563042,79.999979
52.45995,-3914.0731,0.25887789,0.52518656,0.11733641,4.4345293,0.061625679,79.999979
52.46995,-3883.6877,0.25780818,0.50855915,0.11398857,4.1581211,0.060932938,79.999979
52.47995,-3877.2024,0.25984348,0.48581362,0.11694761,4.9474122,0.055121521,79.999979
52.48995,-3875.2001,0.25935908,0.50076073,0.11866474,4.0684573,0.058223414,79.999979
52.49995,-3875.4745,0.25887467,0.51570783,0.11913773,4.1360047,0.061325306,79.999979
52.50995,-3876.2215,0.25860219,0.54480137,0.12237517,4.2877193,0.06717782,79.999979
52.51995,-3882.7817,0.25823236,0.61900718,0.11383527,4.9481319,0.07019981,79.999979
52.52995,-3888.8865,0.25772938,0.505904,0.12692417,3.8175143,0.064200718,79.999979
52.53995,-3886.6684,0.25965365,0.57559757,0.11368965,4.9967577,0.065537573,79.999979
52.54995,-3889.9801,0.25915729,0.53532228,0.13400223,4.4625379,0.072507729,79.999979
52.55995,-3890.4818,0.25858765,0.52934329,0.14663245,3.8741337,0.075757306,79.999979
52.56995,-3890.9834,0.25801031,0.5243477,0.12771668,3.5389654,0.06692964,79.999979
52.57995,-3894.4421,0.25646957,0.54995016,0.096213883,5.0326304,0.052910102,79.999979
52.58995,-3890.656,0.25941132,0.52472967,0.10954411,4.0832275,0.058037889,79.999979
52.59995,-3892.2345,0.25890672,0.52775093,0.11348799,4.722999,0.06122956,79.999979
52.60995,-3893.0827,0.25746433,0.51607942,0.11142633,4.6428875,0.058117957,79.999979
52.61995,-3893.4051,0.25761647,0.52906216,0.11285,4.5502294,0.059552321,79.999979
52.62995,-3893.7276,0.25776862,0.54563085,0.11427367,4.4575713,0.061985412,79.999979
52.63995,-3894.0501,0.25792076,0.56219953,0.11569734,4.3649132,0.064418504,79.999979
52.64995,-3894.3725,0.25807291,0.57876822,0.11621659,4.5728594,0.066851595,79.999979
52.65995,-3894.6569,0.25822505,0.59201826,0.1163344,4.9922322,0.068792785,79.999979
52.66995,-3894.3544,0.25837308,0.55408662,0.11395775,4.8987162,0.063147625,79.999979
52.67995,-3894.0519,0.2585152,0.53963533,0.1122796,4.7843829,0.060847912,79.999979
52.68995,-3893.7495,0.25865731,0.56420522,0.11347052,4.6700495,0.064107879,79.999979
52.69995,-3892.627,0.25879329,0.56102352,0.14456404,4.3702447,0.081278772,79.999979
52.70995,-3894.3458,0.25810954,0.5133109,0.13526257,3.694697,0.068386033,79.999979
52.71995,-3898.8925,0.25815304,0.48713086,0.11816589,4.1461645,0.057612418,79.999979
52.72995,-3898.8713,0.25793632,0.59249851,0.11081239,4.7671202,0.064108872,79.999979
52.73995,-3899.5607,0.25831183,0.56074115,0.11971452,4.8581054,0.059281311,79.999979
52.74995,-3900.2502,0.2583148,0.52898379,0.10824377,4.9269762,0.05445375,79.999979
52.75995,-3901.0925,0.25823659,0.51560979,0.099137016,5.0686615,0.051247101,79.999979
52.76995,-3902.2949,0.2588692,0.51284703,0.10730977,4.6645252,0.055442125,79.999979
52.77995,-3902.3925,0.25714676,0.52997378,0.1302422,4.3797875,0.0690006,79.999979
52.78995,-3904.8743,0.25707977,0.5092488,0.13995579,3.9433412,0.071181934,79.999979
52.79995,-3904.8743,0.25731519,0.58980495,0.13191323,3.9472996,0.077631414,79.999979
52.80995,-3904.771,0.25755062,0.59777066,0.12387068,4.4637411,0.076370522,79.999979
52.81995,-3904.6519,0.25778604,0.58304718,0.11582812,4.9801826,0.072699642,79.999979
52.82995,-3904.5328,0.25802146,0.5683237,0.10778557,5.4966241,0.069028762,79.999979
52.83995,-3904.4137,0.2581489,0.55566535,0.1200022,4.8011965,0.066735038,79.999979
52.84995,-3902.3274,0.25775387,0.54323997,0.079548426,5.897562,0.043061533,79.999979
52.85995,-3901.5275,0.25775387,0.49899029,0.13287149,3.7607023,0.066387585,79.999979
52.86995,-3901.5275,0.25788195,0.50554034,0.11978483,4.1007004,0.062628212,79.999979
52.87995,-3901.7871,0.25805666,0.52838844,0.11176004,4.419039,0.062212145,79.999979
52.88995,-3904.524,0.25832718,0.51616183,0.15510712,3.3618206,0.082017198,79.999979
52.89995,-3905.0353,0.25921051,0.51800422,0.11148331,4.5396352,0.060981983,79.999979
52.90995,-3904.949,0.25713585,0.53399658,0.10860165,4.4329813,0.057994666,79.999979
52.91995,-3906.5208,0.25795601,0.50497568,0.096947585,5.2446439,0.049167329,79.999979
52.92995,-3906.5733,0.25781831,0.540239,0.11466614,4.610992,0.061200106,79.999979
52.93995,-3906.6259,0.25744234,0.5987463,0.13137757,3.9773401,0.074350093,79.999979
52.94995,-3908.5792,0.25740049,0.52896576,0.1001092,5.3779097,0.052944194,79.999979
52.959949,-3906.164,0.2577176,0.53227394,0.10744458,4.5062673,0.062299497,79.999979
52.969949,-3909.4399,0.25718548,0.50611044,0.14154001,3.436997,0.068504923,79.999979
52.979949,-3910.5573,0.25758195,0.49312486,0.12949189,3.6551924,0.060555797,79.999979
52.989949,-3910.5573,0.2575984,0.53291003,0.11792198,4.2734073,0.062854321,79.999979
52.999949,-3910.5573,0.2575984,0.51748519,0.10635208,4.8916221,0.056298138,79.999979
53.009949,-3909.4911,0.2575984,0.50811629,0.11299133,4.5069592,0.063500539,79.999979
53.019949,-3911.5819,0.25734136,0.57833471,0.11734387,4.6738494,0.067321809,79.999979
53.029949,-3913.9636,0.25600006,0.5322633,0.11977537,5.1564891,0.063547568,79.999979
53.039949,-3914.5929,0.25817511,0.51462387,0.14608198,3.4189601,0.075176605,79.999979
53.049949,-3914.8061,0.25817511,0.51632559,0.14127974,3.494155,0.072945509,79.999979
53.059949,-3914.8061,0.25817511,0.51076669,0.1290825,3.56935,0.065765489,79.999979
53.069949,-3914.8061,0.25799833,0.49195315,0.12072263,4.0125426,0.059333331,79.999979
53.079949,-3916.0786,0.25758111,0.48512267,0.12068437,3.8967799,0.058670542,79.999979
53.089949,-3915.0616,0.25748313,0.51456238,0.14105278,3.5042432,0.072580478,79.999979
53.099949,-3916.9582,0.25764956,0.51919618,0.11736065,4.0396631,0.061240501,79.999979
53.109949,-3917.9137,0.25744553,0.53429275,0.10976627,4.7330419,0.058637457,79.999979
53.119949,-3918.2151,0.2572112,0.52619891,0.11090224,4.740519,0.05835305,79.999979
53.129949,-3918.2151,0.25701648,0.49306065,0.11282751,4.4518326,0.055851354,79.999979
53.139949,-3918.1834,0.25734042,0.5172468,0.13611684,3.9095161,0.068593521,79.999979
53.149949,-3919.7647,0.25658054,0.51116129,0.16049153,3.0863984,0.057812371,79.999979
53.159949,-3922.1582,0.25677271,0.57264077,0.10876435,5.4119834,0.062223711,79.999979
53.169949,-3920.6137,0.25739861,0.56146048,0.1007304,5.5383637,0.056369742,79.999979
53.179949,-3920.6137,0.25737332,0.53014095,0.10834916,5.4139422,0.057013851,79.999979
53.189949,-3920.6137,0.25714622,0.49882143,0.11596792,4.4155908,0.057657961,79.999979
53.199949,-3921.2967,0.25691912,0.49922037,0.12787775,3.7764882,0.063841283,79.999979
53.209949,-3926.4914,0.25669607,0.52685077,0.14256074,3.4757576,0.075111298,79.999979
53.219949,-3924.4305,0.2567848,0.52094547,0.10103724,4.727528,0.052630808,79.999979
53.229949,-3926.5438,0.2574512,0.55466382,0.10591808,5.1853069,0.059661311,79.999979
53.239949,-3927.0632,0.25758845,0.51412479,0.10662677,5.2037401,0.057187949,79.999979
53.249949,-3927.5825,0.2575604,0.50307603,0.10733547,4.7847233,0.070271367,79.999979
53.259949,-3928.4458,0.25753468,0.52670976,0.13641561,3.6026704,0.073294357,79.999979
53.269949,-3928.6892,0.25742863,0.52922513,0.12968998,3.8786329,0.065789476,79.999979
53.279949,-3928.4442,0.2568753,0.52950955,0.11111794,4.6697375,0.05885672,79.999979
53.289949,-3930.567,0.2556177,0.57433212,0.11964632,4.6907425,0.068924724,79.999979
53.299949,-3931.9503,0.25585743,0.54784942,0.1086372,4.9635005,0.060022454,79.999979
53.309949,-3931.2674,0.25624742,0.52136672,0.097628086,5.2362586,0.051120184,79.999979
53.319949,-3930.4097,0.25663742,0.50670337,0.09452405,5.2730457,0.047895436,79.999979
53.329949,-3929.2709,0.25745057,0.50819279,0.13804564,3.6340129,0.070221145,79.999979
53.339949,-3933.5339,0.25598334,0.57019948,0.13307313,4.4896084,0.075095578,79.999979
53.349949,-3932.6652,0.25680341,0.51789113,0.16424708,3.040864,0.07589586,79.999979
53.359949,-3930.9486,0.25669372,0.52732394,0.13072687,3.5207219,0.067683828,79.999979
53.369949,-3931.4275,0.25658403,0.52782737,0.13659951,4.0005798,0.074117959,79.999979
53.379949,-3931.9082,0.25627279,0.5241943,0.13753452,3.7510212,0.070753716,79.999979
53.389949,-3934.0288,0.25635887,0.55487997,0.12599277,4.6079736,0.073196746,79.999979
53.399949,-3934.6512,0.25662502,0.51487581,0.10794396,4.6527582,0.057122247,79.999979
53.409949,-3934.0337,0.25653312,0.54613079,0.11332073,4.4755592,0.062562658,79.999979
53.419949,-3935.8245,0.25679833,0.51451358,0.10345,4.8956,0.053311076,79.999979
53.429949,-3935.7241,0.25705592,0.52814435,0.10348641,4.8498225,0.054111575,79.999979
53.439949,-3935.6236,0.2572478,0.53109057,0.095489577,4.965488,0.052392858,79.999979
53.449949,-3937.4097,0.25691767,0.50917528,0.12344599,4.0629129,0.06273387,79.999979
53.459949,-3935.8773,0.25586406,0.58622005,0.14661131,4.0403919,0.086259489,79.999979
53.469949,-3938.0184,0.25683702,0.5356481,0.12024213,5.4317755,0.064251343,79.999979
53.479949,-3940.237,0.25644264,0.52538794,0.114925,4.4974645,0.060720715,79.999979
53.489949,-3940.6497,0.25617431,0.49325568,0.10494732,4.5931467,0.052520615,79.999979
53.499949,-3941.0624,0.25590598,0.50728726,0.10917715,4.5425325,0.055493409,79.999979
53.509949,-3939.5117,0.25637144,0.55547699,0.1086897,5.2229005,0.060545421,79.999979
53.519949,-3943.0319,0.25624248,0.47413643,0.11561379,4.0379399,0.055647836,79.999979
53.529949,-3945.4913,0.25656837,0.52659872,0.11517879,4.4722692,0.060652881,79.999979
53.539949,-3943.3539,0.25670541,0.52137952,0.10616418,4.8696194,0.059480681,79.999979
53.549949,-3943.3003,0.256664,0.50220819,0.11283478,4.4191355,0.056659199,79.999979
53.559949,-3943.2467,0.2566226,0.49986956,0.11941784,4.1322722,0.059683834,79.999979
53.569949,-3945.3293,0.25658119,0.57836411,0.13032087,3.8748785,0.080409056,79.999979
53.579949,-3947.8457,0.25615097,0.51484952,0.10017615,5.0427939,0.051575993,79.999979
53.589949,-3945.9963,0.25652869,0.5374453,0.12259881,3.7258144,0.062831212,79.999979
53.599949,-3948.9149,0.25636719,0.49722214,0.14391767,3.3446939,0.066732876,79.999979
53.609949,-3949.0754,0.25589569,0.52043467,0.15056694,3.3025766,0.07771656,79.999979
53.619949,-3949.5025,0.25542418,0.520452,0.1572162,3.2604594,0.064499481,79.999979
53.629949,-3949.9807,0.25539997,0.52984982,0.10455909,4.0662854,0.055619031,79.999979
53.639949,-3949.5466,0.25669693,0.50873765,0.12031333,3.9819833,0.060203278,79.999979
53.649949,-3950.0521,0.25684253,0.50144381,0.10517741,4.6506897,0.056923882,79.999979
53.659949,-3953.596,0.25534476,0.53468374,0.13963517,3.5702669,0.067709875,79.999979
53.669949,-3953.8562,0.25552526,0.5559356,0.11523642,4.5608956,0.064329785,79.999979
53.679949,-3953.5227,0.25574394,0.53334305,0.10690217,4.7770526,0.057322769,79.999979
53.689949,-3952.5288,0.25596261,0.50887289,0.098567916,5.0669722,0.050887894,79.999979
53.699949,-3951.0935,0.25668081,0.61440259,0.11224469,3.5854213,0.068854933,79.999979
53.709949,-3953.3962,0.25642864,0.53298559,0.11571252,4.551289,0.061339808,79.999979
53.719949,-3954.0348,0.25639008,0.55625754,0.12406564,4.3841335,0.069091779,79.999979
53.729949,-3952.677,0.25598444,0.47709097,0.12908342,3.3749297,0.05798025,79.999979
53.739949,-3952.677,0.25599912,0.47744574,0.10114253,3.6848339,0.049946626,79.999979
53.749949,-3952.677,0.25599912,0.50687393,0.097486972,4.2670467,0.049916822,79.999979
53.759949,-3953.7259,0.25599912,0.53420467,0.099862752,5.2568195,0.053379303,79.999979
53.769949,-3956.4188,0.25627222,0.55127808,0.099376697,5.3336108,0.060310961,79.999979
53.779949,-3956.6883,0.25578642,0.52181592,0.14515452,4.1167111,0.075743898,79.999979
53.789949,-3957.2891,0.25652921,0.56165935,0.14584694,4.1651574,0.077667863,79.999979
53.799949,-3957.923,0.25650013,0.53862842,0.13058368,3.7478222,0.068366185,79.999979
53.809949,-3958.5568,0.256621,0.51559749,0.11532041,4.2760572,0.059064507,79.999979
53.819949,-3958.7895,0.25674916,0.48389765,0.10341448,4.5970277,0.05005046,79.999979
53.829949,-3960.1802,0.2563174,0.46934978,0.11078241,4.3126764,0.053849898,79.999979
53.839949,-3957.6891,0.25538858,0.53702392,0.10992761,4.6531344,0.061499867,79.999979
53.849949,-3959.0633,0.25512236,0.49388542,0.091279648,5.6113145,0.045039991,79.999979
53.859949,-3959.581,0.2556827,0.4884615,0.12490506,4.8698537,0.060984179,79.999979
53.869949,-3960.0987,0.25558308,0.49987902,0.11132004,4.128393,0.054765625,79.999979
53.879949,-3960.209,0.25547114,0.51279469,0.095579537,4.5183905,0.049554355,79.999979
53.889949,-3957.653,0.25528977,0.5298695,0.099767909,5.0738866,0.053086593,79.999979
53.899949,-3961.4616,0.25565328,0.53698164,0.13227854,4.021577,0.068992748,79.999979
53.909949,-3963.2975,0.25595109,0.5364423,0.13727093,3.7314682,0.073498627,79.999979
53.919949,-3962.9048,0.25585308,0.48589315,0.1416669,3.6076502,0.068785865,79.999979
53.929949,-3961.8995,0.25575507,0.49387569,0.130105,3.3711734,0.063377757,79.999979
53.939949,-3960.7987,0.25584722,0.51072897,0.11077745,3.9831592,0.05952405,79.999979
53.949949,-3963.0903,0.25569102,0.51061506,0.10242168,5.0429408,0.053996823,79.999979
53.959949,-3965.0276,0.25484724,0.48098039,0.12370555,4.1709377,0.059778357,79.999979
53.969949,-3962.8418,0.25500705,0.61664747,0.14327537,4.1733605,0.082004721,79.999979
53.979949,-3963.6523,0.25579162,0.51546674,0.11284088,4.5210464,0.058800068,79.999979
53.989949,-3964.65,0.25571937,0.50716724,0.1146844,4.4319801,0.058023118,79.999979
53.999949,-3965.6477,0.25564712,0.47790072,0.11009161,4.3321893,0.05261318,79.999979
54.009948,-3966.1213,0.25572939,0.54343569,0.12620543,4.025978,0.070887754,79.999979
54.019948,-3966.1157,0.25655494,0.52371181,0.13627275,4.2449489,0.070995796,79.999979
54.029948,-3967.431,0.25579181,0.51016792,0.12718239,4.4843118,0.064047771,79.999979
54.039948,-3967.9028,0.2560743,0.58572054,0.12772542,4.149608,0.076682701,79.999979
54.049948,-3968.7172,0.25593428,0.56146387,0.11400996,5.0802225,0.070468129,79.999979
54.059948,-3969.3798,0.25579427,0.5372072,0.11574551,4.6549443,0.064253556,79.999979
54.069948,-3969.9369,0.25565425,0.5700398,0.11521955,4.7659539,0.065661748,79.999979
54.079948,-3967.4642,0.2558111,0.51380382,0.11674995,4.2944501,0.058533603,79.999979
54.089948,-3970.4173,0.2559053,0.52379274,0.10275927,5.2555788,0.055905495,79.999979
54.099948,-3971.672,0.25453483,0.51827421,0.14554621,3.8533799,0.075422867,79.999979
54.109948,-3970.6351,0.25453483,0.51956515,0.1348975,3.5002698,0.070065455,79.999979
54.119948,-3969.6719,0.25453483,0.52085608,0.12424879,4.0434141,0.064708042,79.999979
54.129948,-3969.6219,0.25495499,0.56625467,0.11472282,4.6594978,0.065088095,79.999979
54.139948,-3971.5603,0.25581065,0.52797833,0.11393831,4.3548172,0.060141556,79.999979
54.149948,-3973.7129,0.25435815,0.53518847,0.10909938,4.9474262,0.061969106,79.999979
54.159948,-3973.9126,0.25579711,0.50612621,0.11778707,4.3888398,0.057817092,79.999979
54.169948,-3973.9126,0.25576329,0.52023212,0.14129372,3.5091115,0.060717812,79.999979
54.179948,-3973.9126,0.25572947,0.53433803,0.12673146,3.9093831,0.063618532,79.999979
54.189948,-3973.9126,0.25571405,0.50469458,0.12838783,4.4288114,0.065194122,79.999979
54.199948,-3976.843,0.25577154,0.52422601,0.13163505,3.2442846,0.068354612,79.999979
54.209948,-3973.341,0.25496459,0.55057837,0.11575223,4.4141582,0.06373442,79.999979
54.219948,-3976.7058,0.25555109,0.50749045,0.10365934,4.6930006,0.052313931,79.999979
54.229948,-3978.085,0.25543785,0.52152388,0.11880002,4.7093686,0.062006294,79.999979
54.239948,-3978.085,0.25533425,0.51672841,0.12069133,4.3374712,0.061235814,79.999979
54.249948,-3978.085,0.25523664,0.50596501,0.10822436,4.1002326,0.054806227,79.999979
54.259948,-3975.3014,0.25489685,0.47478374,0.1203363,3.8461392,0.057076058,79.999979
54.269948,-3976.8395,0.2558805,0.53099057,0.14556184,3.3460959,0.077396096,79.999979
54.279948,-3978.2656,0.25518751,0.52411754,0.11412091,4.3369661,0.059843948,79.999979
54.289948,-3977.4973,0.2555056,0.56734177,0.098597514,5.8190136,0.064321966,79.999979
54.299948,-3976.935,0.25551112,0.55019056,0.086898756,6.5800198,0.056759207,79.999979
54.309948,-3976.3728,0.25551665,0.53303934,0.092138406,6.0413037,0.049196448,79.999979
54.319948,-3978.0348,0.25552063,0.5123393,0.13121054,4.0189819,0.068575604,79.999979
54.329948,-3982.5302,0.25403359,0.51823996,0.15320074,3.3199891,0.0720076,79.999979
54.339948,-3981.355,0.25530948,0.51017153,0.13998796,3.8926591,0.071482708,79.999979
54.349948,-3982.7323,0.25496335,0.52641585,0.11085697,4.4675903,0.058389249,79.999979
54.359948,-3983.5588,0.25506873,0.55275962,0.11660332,4.7069937,0.06479414,79.999979
54.369948,-3984.3854,0.2551741,0.53301289,0.12998605,4.7900399,0.069237579,79.999979
54.379948,-3984.5274,0.25530967,0.50180494,0.14461124,3.4029488,0.069406631,79.999979
54.389948,-3984.5899,0.25427362,0.50201955,0.10726039,4.5179607,0.065985456,79.999979
54.399948,-3987.0305,0.25501476,0.51126855,0.10000713,5.0077636,0.05112651,79.999979
54.409948,-3987.4654,0.25407242,0.54561463,0.11794407,4.3419526,0.064357204,79.999979
54.419948,-3987.4173,0.2542889,0.53121636,0.11497521,4.6290591,0.061081487,79.999979
54.429948,-3987.3691,0.25450539,0.51681809,0.11179493,4.6027507,0.05780577,79.999979
54.439948,-3986.1567,0.25472187,0.50575669,0.13680278,4.5403806,0.069860438,79.999979
54.449948,-3985.5367,0.25488415,0.53994012,0.12531142,4.2080124,0.06724779,79.999979
54.459948,-3988.2619,0.25481138,0.50578708,0.1135388,4.43757,0.057437231,79.999979
54.469948,-3986.1641,0.25445213,0.5185795,0.11917343,4.3789055,0.054996521,79.999979
54.479948,-3986.7149,0.25456381,0.51433648,0.12229957,4.6974761,0.063086634,79.999979
54.489948,-3987.6245,0.25467548,0.52292846,0.13668135,4.092262,0.068178769,79.999979
54.499948,-3988.2439,0.25476498,0.52630975,0.12498941,3.7803161,0.064773981,79.999979
54.509948,-3987.6894,0.25460055,0.60577639,0.11932317,5.5530591,0.071960055,79.999979
54.519948,-3987.2434,0.25453919,0.51715113,0.102352,5.2623478,0.052931799,79.999979
54.529948,-3990.0608,0.25546581,0.50198854,0.11845785,4.2423527,0.059419352,79.999979
54.539948,-3990.6565,0.2553905,0.5318455,0.13373981,3.8698701,0.071108556,79.999979
54.549948,-3991.3777,0.25552212,0.53620474,0.13009499,4.0217815,0.069730603,79.999979
54.559948,-3991.7178,0.25565374,0.54056398,0.12645016,4.173693,0.068352651,79.999979
54.569948,-3991.9883,0.25510635,0.57470915,0.098650662,5.8037732,0.055265678,79.999979
54.579948,-3991.7167,0.25521377,0.56477684,0.1097432,4.1600624,0.061344979,79.999979
54.589948,-3992.2981,0.2548283,0.5102611,0.12228822,3.8809621,0.06292855,79.999979
54.599948,-3991.8284,0.25486061,0.49864757,0.12650677,4.0205955,0.057282068,79.999979
54.609948,-3991.0646,0.25489307,0.49281366,0.14485383,3.3277089,0.061046055,79.999979
54.619948,-3990.3008,0.25492552,0.48697975,0.13663979,3.4762442,0.064810042,79.999979
54.629948,-3988.7599,0.25502567,0.5074853,0.13290053,3.7011777,0.067427596,79.999979
54.639948,-3990.5913,0.25508004,0.5708548,0.11800243,5.1084505,0.062898798,79.999979
54.649948,-3989.7344,0.25490407,0.48063415,0.1429645,3.3919932,0.068675875,79.999979
54.659948,-3988.9188,0.25421484,0.51510747,0.11005929,4.5007871,0.057943589,79.999979
54.669948,-3989.7063,0.25431816,0.52434535,0.10595172,4.6456021,0.056215212,79.999979
54.679948,-3990.4937,0.25442148,0.52624195,0.11479619,4.7904171,0.060668409,79.999979
54.689948,-3991.672,0.2545248,0.50659294,0.12364067,4.3505236,0.060635523,79.999979
54.699948,-3995.0779,0.25480775,0.50630288,0.11408293,4.3892755,0.055132676,79.999979
54.709948,-3993.2734,0.25361143,0.48141539,0.12150826,3.8709729,0.057087088,79.999979
54.719948,-3996.4188,0.25459253,0.5159669,0.093417126,5.4528416,0.04837553,79.999979
54.729948,-3995.728,0.2545055,0.51080749,0.12608428,4.2553251,0.066589208,79.999979
54.739948,-3995.1161,0.25407154,0.53598582,0.12738413,4.0339185,0.070556418,79.999979
54.749948,-3995.2961,0.25407154,0.55357242,0.12133054,4.5802154,0.067601795,79.999979
54.759948,-3995.9302,0.25407154,0.49417432,0.12375199,4.1183079,0.061223659,79.999979
54.769948,-3996.5786,0.25462421,0.59897293,0.12997139,3.6861035,0.077995682,79.999979
54.779948,-4000.1415,0.25398287,0.49076467,0.10931203,4.9707008,0.053557865,79.999979
54.789948,-3997.9717,0.25412463,0.49083239,0.1057941,4.7050576,0.051180353,79.999979
54.799948,-3999.9582,0.25438301,0.51207536,0.12254718,4.1611817,0.062726536,79.999979
54.809948,-4000.9005,0.25437118,0.49399075,0.12484232,3.9747754,0.060863288,79.999979
54.819948,-4000.7109,0.25435934,0.52083319,0.12118838,3.7883691,0.061796129,79.999979
54.829948,-4000.53,0.25435779,0.52795356,0.10948133,4.8299295,0.058181941,79.999979
54.839948,-3999.5267,0.25507539,0.5676523,0.13743292,3.792158,0.078195316,79.999979
54.849948,-3999.3338,0.25438829,0.51032662,0.13738742,3.7569938,0.060268914,79.999979
54.859948,-3999.831,0.25401143,0.48600578,0.10850608,4.3798031,0.053252473,79.999979
54.869948,-4000.7016,0.25410178,0.49437944,0.11667598,4.1104649,0.057061876,79.999979
54.879948,-4000.6317,0.25419212,0.50955804,0.12484587,3.8411267,0.059795022,79.999979
54.889948,-4000.5661,0.25379481,0.52458791,0.11905049,4.2917048,0.062241089,79.999979
54.899948,-4001.4431,0.25481635,0.48967495,0.11808492,4.1444767,0.057811141,79.999979
54.909948,-4006.0804,0.25448514,0.50598462,0.13954978,3.8443236,0.070573856,79.999979
54.919948,-4004.9143,0.25351081,0.56466921,0.1141584,4.8601915,0.064515316,79.999979
54.929948,-4005.1659,0.25349384,0.53017168,0.11006868,4.7582678,0.05857249,79.999979
54.939948,-4005.4175,0.25347688,0.49567415,0.10597897,4.6563441,0.052629665,79.999979
54.949948,-4005.8333,0.25392465,0.52245154,0.12812849,4.4721756,0.065593022,79.999979
54.959948,-4008.0571,0.25478371,0.52568618,0.16030998,3.0840835,0.082377642,79.999979
54.969948,-4007.1492,0.25374858,0.51260101,0.15586011,3.1871947,0.081236184,79.999979
54.979948,-4009.4758,0.25451277,0.49434326,0.11014243,4.6167265,0.055273642,79.999979
54.989948,-4009.1428,0.25472574,0.52352972,0.12905902,3.9658755,0.065200392,79.999979
54.999948,-4009.4088,0.25484881,0.52450536,0.12666233,3.9982354,0.065375637,79.999979
55.009948,-4010.213,0.25497189,0.53745296,0.11999351,4.3596058,0.064365723,79.999979
55.019948,-4011.426,0.25355792,0.48456035,0.10958966,4.480469,0.053174273,79.999979
55.029948,-4010.7128,0.2543183,0.51620642,0.14564081,3.4075017,0.073974153,79.999979
55.039948,-4011.5888,0.25404323,0.5276375,0.11669627,4.150436,0.061377573,79.999979
55.049948,-4011.7728,0.25448268,0.51900682,0.14127141,3.5751478,0.073431482,79.999979
55.059947,-4010.8537,0.25447063,0.52887247,0.12524762,3.8574721,0.067668096,79.999979
55.069947,-4009.9345,0.2543394,0.58767313,0.11849338,4.1397963,0.070979477,79.999979
55.079947,-4008.7127,0.25420816,0.53477944,0.10338243,5.0204784,0.054031871,79.999979
55.089947,-4010.6591,0.25402881,0.54671581,0.10884855,4.8610978,0.059699712,79.999979
55.099947,-4010.6121,0.25478089,0.53643149,0.12207238,5.0039718,0.065067493,79.999979
55.109947,-4009.9007,0.25422393,0.52783876,0.10229361,5.1433321,0.077065321,79.999979
55.119947,-4009.2558,0.25396751,0.52129699,0.10876041,4.8780187,0.060043727,79.999979
55.129947,-4010.1242,0.25371109,0.51614838,0.1150801,4.6127054,0.059067351,79.999979
55.139947,-4011.0968,0.25350019,0.51380718,0.13131862,4.3356219,0.06896431,79.999979
55.149947,-4012.9809,0.25337562,0.51673104,0.12149924,4.2632782,0.06078649,79.999979
55.159947,-4012.4132,0.25416287,0.56332511,0.12298684,3.9678654,0.069524904,79.999979
55.169947,-4014.0777,0.25314711,0.54475115,0.10767985,4.7851433,0.063351995,79.999979
55.179947,-4014.0777,0.25314711,0.53556735,0.11611052,4.9022448,0.06517601,79.999979
55.189947,-4014.3759,0.25314711,0.52638355,0.12552806,4.2564222,0.067000025,79.999979
55.199947,-4014.6786,0.25314711,0.52314149,0.12618544,4.033807,0.066011946,79.999979
55.209947,-4014.4221,0.25425638,0.56802673,0.11841146,4.4668876,0.064783061,79.999979
55.219947,-4011.6746,0.25398103,0.51622524,0.087489823,5.8197853,0.045136964,79.999979
55.229947,-4012.9236,0.25414751,0.52196209,0.10341622,4.7288938,0.054145771,79.999979
55.239947,-4014.2009,0.25414751,0.56457977,0.11054853,4.9201164,0.062543589,79.999979
55.249947,-4014.4473,0.25414751,0.53908733,0.11769012,4.734047,0.061156071,79.999979
55.259947,-4014.4473,0.25422534,0.48464584,0.12174325,4.428701,0.055609462,79.999979
55.269947,-4012.8698,0.25480019,0.55878972,0.11649181,4.4657196,0.065118801,79.999979
55.279947,-4015.2469,0.25323416,0.51815621,0.10743002,4.7386658,0.065110529,79.999979
55.289947,-4016.8976,0.25431065,0.50966015,0.12565179,4.1074916,0.06400526,79.999979
55.299947,-4015.6412,0.25472807,0.58956602,0.098073292,5.3922809,0.064934457,79.999979
55.309947,-4015.4968,0.25474647,0.60027041,0.1022167,5.8613897,0.064571922,79.999979
55.319947,-4016.0323,0.25476487,0.59301944,0.1063601,5.6368854,0.06354998,79.999979
55.329947,-4016.4964,0.25472859,0.53494065,0.11362866,4.9827343,0.062749636,79.999979
55.339947,-4019.7209,0.25371098,0.51534774,0.11971812,4.368936,0.062554451,79.999979
55.349947,-4019.2819,0.25390599,0.49669673,0.13615683,4.2736267,0.06772229,79.999979
55.359947,-4017.3209,0.25404066,0.56368845,0.10907388,5.011498,0.061065933,79.999979
55.369947,-4017.469,0.25410201,0.57127017,0.10586609,5.5210981,0.061250826,79.999979
55.379947,-4017.6171,0.25416335,0.52674711,0.11694729,4.6947791,0.061632804,79.999979
55.389947,-4018.7275,0.25371811,0.48094345,0.11410982,4.3467593,0.055536211,79.999979
55.399947,-4020.9068,0.25422239,0.4969074,0.13796951,3.730633,0.068108027,79.999979
55.409947,-4019.8653,0.25355031,0.57830098,0.13930007,3.6550298,0.08073145,79.999979
55.419947,-4022.7841,0.25323928,0.54796427,0.12866318,4.0462328,0.064491226,79.999979
55.429947,-4022.7841,0.25342121,0.56688041,0.13644679,3.9049721,0.06456913,79.999979
55.439947,-4022.7841,0.25360315,0.58579656,0.11716473,4.882866,0.064647033,79.999979
55.449947,-4022.2738,0.25378508,0.59892396,0.13390383,4.535008,0.080889822,79.999979
55.459947,-4022.1733,0.2541931,0.51995227,0.12779703,3.9631792,0.066814936,79.999979
55.469947,-4021.3622,0.25291036,0.53102581,0.10581133,5.1906932,0.064914315,79.999979
55.479947,-4024.3992,0.25367123,0.53897477,0.10754623,4.7707105,0.058029428,79.999979
55.489947,-4024.3992,0.2535569,0.61705283,0.11099628,5.0777189,0.0692078,79.999979
55.499947,-4024.3992,0.25344257,0.60249948,0.12744806,5.3847272,0.076911213,79.999979
55.509947,-4024.3992,0.25338905,0.53646675,0.11918868,4.6363819,0.06461059,79.999979
55.519947,-4021.9323,0.25322605,0.51400107,0.15260681,3.5396265,0.076249018,79.999979
55.529947,-4024.1541,0.25322094,0.52765324,0.14200288,3.6572955,0.07487898,79.999979
55.539947,-4026.643,0.2542106,0.52078878,0.10979682,4.728054,0.059114815,79.999979
55.549947,-4024.8391,0.25416832,0.54456904,0.14004183,3.6743038,0.062453745,79.999979
55.559947,-4023.9837,0.25412603,0.56861293,0.12888229,4.1280951,0.066829327,79.999979
55.569947,-4023.6846,0.25409546,0.5695252,0.12001978,4.7291055,0.068337484,79.999979
55.579947,-4026.0071,0.25314786,0.52425521,0.10697735,4.7713776,0.0560604,79.999979
55.589947,-4029.8391,0.25290198,0.54512116,0.11155523,4.4254221,0.058572307,79.999979
55.599947,-4026.8665,0.25384761,0.51928186,0.12689236,4.0318401,0.066332411,79.999979
55.609947,-4027.4972,0.25281542,0.51768809,0.1098905,4.3113034,0.056319737,79.999979
55.619947,-4028.3445,0.2526585,0.52401975,0.10590013,4.8843836,0.055558794,79.999979
55.629947,-4029.1143,0.25267792,0.53129683,0.11386171,4.59351,0.060119525,79.999979
55.639947,-4029.3189,0.2540189,0.51742469,0.11392482,4.4440503,0.058924773,79.999979
55.649947,-4028.0348,0.25273895,0.59586791,0.093762071,6.2409356,0.055869475,79.999979
55.659947,-4028.7292,0.25273985,0.52793407,0.14579456,3.52096,0.076976329,79.999979
55.669947,-4029.114,0.25290917,0.57152278,0.1127743,4.9626856,0.064480786,79.999979
55.679947,-4029.2276,0.25311382,0.57947217,0.11603784,4.9452743,0.067223911,79.999979
55.689947,-4029.3412,0.25331847,0.55874637,0.11936273,4.6336163,0.066658032,79.999979
55.699947,-4030.1684,0.25352313,0.55340788,0.1530811,3.7605278,0.084753709,79.999979
55.709947,-4027.3373,0.25277405,0.51267731,0.11686351,4.2468288,0.051421447,79.999979
55.719947,-4030.0462,0.25340715,0.52459355,0.14505039,4.0317957,0.076088802,79.999979
55.729947,-4030.6392,0.25356584,0.53280197,0.11035974,4.6310306,0.058300106,79.999979
55.739947,-4031.5502,0.25377946,0.53279282,0.11343468,4.5982216,0.059220036,79.999979
55.749947,-4031.1065,0.25399307,0.53278368,0.11339647,4.5981376,0.060139966,79.999979
55.759947,-4030.4186,0.25417709,0.50991475,0.11345902,4.5610717,0.057955033,79.999979
55.769947,-4028.3429,0.25236388,0.54994632,0.12465117,4.2050948,0.067918089,79.999979
55.779947,-4030.9522,0.2525786,0.49576197,0.15420064,3.8390186,0.076180516,79.999979
55.789947,-4031.2553,0.25314543,0.52208829,0.15130144,3.3140824,0.080596007,79.999979
55.799947,-4030.433,0.25276485,0.52339139,0.096168958,5.170744,0.071857732,79.999979
55.809947,-4029.6107,0.25276652,0.52469449,0.10788682,4.8521619,0.063119457,79.999979
55.819947,-4029.0156,0.25288838,0.52444443,0.11044396,4.6247959,0.056942712,79.999979
55.829947,-4031.2859,0.25337243,0.52317029,0.11117528,4.4799486,0.058163409,79.999979
55.839947,-4033.9013,0.25329494,0.5192643,0.12817705,3.819615,0.066536776,79.999979
55.849947,-4032.0697,0.25242577,0.53864469,0.13199184,3.6939912,0.071096258,79.999979
55.859947,-4032.7396,0.2521667,0.55036298,0.12225538,4.3916519,0.06723909,79.999979
55.869947,-4033.4095,0.25221563,0.54428785,0.11251891,4.8249291,0.068589045,79.999979
55.879947,-4033.7777,0.25236625,0.52636011,0.12497219,4.4946547,0.07340759,79.999979
55.889947,-4033.8353,0.25225344,0.51458858,0.12489977,4.4468126,0.064649471,79.999979
55.899947,-4033.3864,0.25249455,0.50934619,0.11629686,4.9233102,0.059688331,79.999979
55.909947,-4036.545,0.25276579,0.49632744,0.10321026,4.775436,0.051615395,79.999979
55.919947,-4037.0119,0.2525303,0.55003461,0.14472485,3.5717108,0.078980679,79.999979
55.929947,-4037.7017,0.25227364,0.58657809,0.13294214,4.2718134,0.077438833,79.999979
55.939947,-4038.3845,0.2520015,0.5648553,0.11899373,4.8516672,0.06661313,79.999979
55.949947,-4038.7023,0.25168458,0.51864447,0.099256486,5.3208693,0.051474947,79.999979
55.959947,-4039.3744,0.25289757,0.50683749,0.117091,4.1567572,0.061337432,79.999979
55.969947,-4041.1357,0.25268011,0.50392862,0.11585258,4.0882747,0.054945636,79.999979
55.979947,-4040.578,0.25322853,0.57153722,0.12747791,4.5096444,0.070245489,79.999979
55.989947,-4039.5131,0.25307305,0.54763182,0.12783191,4.3231501,0.067177201,79.999979
55.999947,-4038.6544,0.25291757,0.52372641,0.12276375,4.1967605,0.064108913,79.999979
56.009947,-4039.642,0.25201181,0.4945873,0.15153734,2.9996355,0.072688748,79.999979
56.019947,-4041.0702,0.25258171,0.54752633,0.12067547,4.3117175,0.065966445,79.999979
56.029947,-4040.1245,0.25143274,0.59480754,0.11402057,4.8641621,0.069856074,79.999979
56.039947,-4040.7272,0.25192296,0.5055681,0.14721246,4.063755,0.069966073,79.999979
56.049947,-4042.1824,0.25216104,0.56125238,0.1482068,3.2546126,0.083033989,79.999979
56.059947,-4042.3394,0.25239913,0.50556136,0.14920113,3.5781071,0.072032264,79.999979
56.069947,-4042.5755,0.25339555,0.51635468,0.12462563,4.0880438,0.065440398,79.999979
56.079947,-4043.3203,0.25264481,0.51757958,0.11437226,4.7257107,0.058231237,79.999979
56.089947,-4043.7637,0.25324122,0.52469236,0.1206063,4.164099,0.061763479,79.999979
56.099946,-4044.4418,0.25284302,0.55609972,0.11855803,4.6047376,0.065974826,79.999979
56.109946,-4044.7157,0.25266626,0.52264172,0.11304412,4.5700563,0.059079656,79.999979
56.119946,-4044.9896,0.2524895,0.52447112,0.10750796,4.5353749,0.05637854,79.999979
56.129946,-4044.2706,0.25231275,0.52053921,0.12382472,4.8671607,0.064414457,79.999979
56.139946,-4043.6497,0.2520025,0.50503067,0.11569389,4.2671099,0.058428365,79.999979
56.149946,-4047.0826,0.25323999,0.51356247,0.12490824,4.1667538,0.064131637,79.999979
56.159946,-4046.4896,0.2531563,0.53109229,0.10540025,5.0512048,0.061041818,79.999979
56.169946,-4046.0962,0.25298473,0.53242244,0.14093463,4.7693665,0.075027577,79.999979
56.179946,-4045.7028,0.25285451,0.55252712,0.14074096,4.2881591,0.077750641,79.999979
56.189946,-4045.3095,0.25272428,0.5726318,0.14054728,3.8069518,0.080473705,79.999979
56.199946,-4046.9181,0.25262782,0.5754451,0.14021917,4.2029327,0.07961782,79.999979
56.209946,-4048.3038,0.25212085,0.50511911,0.14624479,3.2632877,0.076496432,79.999979
56.219946,-4046.7873,0.25222524,0.54041322,0.10116823,5.4080628,0.054707245,79.999979
56.229946,-4047.9326,0.25185135,0.54448517,0.12484278,4.3943106,0.067993856,79.999979
56.239946,-4048.3228,0.25176384,0.50686312,0.12399349,4.2161656,0.061589274,79.999979
56.249946,-4048.7131,0.25167633,0.50487524,0.1231442,4.0380205,0.055460222,79.999979
56.259946,-4048.969,0.25161347,0.57284412,0.10896742,5.0579341,0.062636686,79.999979
56.269946,-4047.6175,0.25225954,0.48487762,0.10290724,4.7674518,0.049987738,79.999979
56.279946,-4049.358,0.25147949,0.51411825,0.11594523,4.0901001,0.059915794,79.999979
56.289946,-4051.1933,0.25166008,0.51687555,0.11544517,4.4158252,0.064864257,79.999979
56.299946,-4051.1933,0.25166008,0.50631534,0.12333815,4.0895298,0.065430299,79.999979
56.309946,-4051.1933,0.25166008,0.49575512,0.13123113,3.7632345,0.065996342,79.999979
56.319946,-4051.1933,0.25203638,0.54233098,0.13912411,3.4369391,0.067483171,79.999979
56.329946,-4048.8545,0.25188314,0.51996192,0.10906983,4.3672508,0.056286395,79.999979
56.339946,-4051.4782,0.25158064,0.59275818,0.12255273,4.8018742,0.072128335,79.999979
56.349946,-4052.1623,0.25240837,0.5079403,0.10494493,4.6958514,0.053305404,79.999979
56.359946,-4050.5705,0.25237253,0.50759273,0.10920396,4.5740953,0.05542822,79.999979
56.369946,-4050.8111,0.25235835,0.50724515,0.11346299,4.3883272,0.057551036,79.999979
56.379946,-4051.0517,0.25235835,0.5054772,0.11308405,4.3584676,0.060501857,79.999979
56.389946,-4052.5358,0.2521285,0.53304808,0.11036361,4.6730494,0.058842303,79.999979
56.399946,-4053.4262,0.251639,0.49698118,0.12042666,3.7506704,0.065225936,79.999979
56.409946,-4050.7657,0.253212,0.47108922,0.10540157,4.5301854,0.052759028,79.999979
56.419946,-4051.4198,0.25282046,0.52478681,0.12621234,4.0707974,0.067117186,79.999979
56.429946,-4052.115,0.25242892,0.52027669,0.11996715,4.2554919,0.061435955,79.999979
56.439946,-4052.8101,0.25200683,0.50754522,0.1034089,4.8126241,0.052551187,79.999979
56.449946,-4052.8004,0.2514795,0.49707801,0.12746138,3.7079187,0.063421697,79.999979
56.459946,-4053.917,0.25152006,0.4820861,0.12759665,3.4900418,0.058780079,79.999979
56.469946,-4055.7353,0.2513015,0.52109858,0.12504119,4.4482431,0.059677293,79.999979
56.479946,-4055.6812,0.25116736,0.52241522,0.098299658,5.2358445,0.051450923,79.999979
56.489946,-4055.6167,0.25118668,0.50654758,0.095890886,5.2271292,0.04871513,79.999979
56.499946,-4055.7928,0.25120601,0.50781101,0.097428224,5.1894919,0.049695488,79.999979
56.509946,-4057.6538,0.25140317,0.55302688,0.14473281,3.635049,0.08098272,79.999979
56.519946,-4055.9912,0.25129432,0.51859354,0.1400257,3.4154483,0.06684912,79.999979
56.529946,-4060.4401,0.25217366,0.58567978,0.11996462,4.6162488,0.070097787,79.999979
56.539946,-4061.1643,0.25212186,0.52522579,0.13039623,4.7010953,0.066148758,79.999979
56.549946,-4061.644,0.25204482,0.5240177,0.14274625,3.9406959,0.07351422,79.999979
56.559946,-4060.868,0.25196777,0.52280962,0.15509628,3.3492917,0.080879682,79.999979
56.569946,-4060.092,0.25159186,0.52451111,0.11785554,4.279908,0.062046729,79.999979
56.579946,-4062.7372,0.25162322,0.54434195,0.12087422,4.4700178,0.068251853,79.999979
56.589946,-4064.9889,0.25183021,0.53688336,0.11624478,4.095182,0.062410956,79.999979
56.599946,-4062.549,0.25172144,0.51539186,0.13292671,3.5032061,0.061795947,79.999979
56.609946,-4062.0552,0.25172144,0.54549082,0.10560321,4.19319,0.058344528,79.999979
56.619946,-4062.0552,0.25172144,0.50921489,0.10034984,4.8831739,0.051394879,79.999979
56.629946,-4062.0552,0.25250117,0.52524925,0.095026853,4.936313,0.049902443,79.999979
56.639946,-4064.6351,0.25217822,0.52144498,0.11019738,4.8060442,0.057440835,79.999979
56.649946,-4062.9554,0.25171676,0.48941514,0.13143664,3.7722649,0.06433496,79.999979
56.659946,-4064.0225,0.2515693,0.49933434,0.12553007,3.8669614,0.062628532,79.999979
56.669946,-4064.2522,0.25165618,0.51274626,0.11383098,4.4022469,0.058302,79.999979
56.679946,-4064.3152,0.25174306,0.50577434,0.1021319,4.9375325,0.055650467,79.999979
56.689946,-4064.3152,0.25180967,0.49652156,0.11807304,4.7018071,0.055856236,79.999979
56.699946,-4064.9929,0.25204214,0.52859195,0.16159171,3.256515,0.082888351,79.999979
56.709946,-4065.1282,0.25289997,0.48269506,0.14496241,4.9808044,0.071049524,79.999979
56.719946,-4067.8696,0.25062399,0.50079825,0.11606833,4.7060446,0.058580678,79.999979
56.729946,-4068.4843,0.25054511,0.51162913,0.088916619,5.573642,0.058798472,79.999979
56.739946,-4069.1741,0.25046623,0.52246001,0.10157445,5.1420195,0.059016265,79.999979
56.749946,-4069.9636,0.25045238,0.53209258,0.11518268,4.5261341,0.061406925,79.999979
56.759946,-4069.0922,0.2507533,0.53922309,0.11010631,4.6824294,0.061074024,79.999979
56.769946,-4069.2553,0.2516052,0.51652433,0.13202442,4.2930476,0.068356774,79.999979
56.779946,-4071.2351,0.25230416,0.56184173,0.11906972,4.1003501,0.06686611,79.999979
56.789946,-4071.0829,0.25115529,0.5391603,0.12917269,4.2071974,0.069912743,79.999979
56.799946,-4070.8207,0.2511365,0.5172484,0.13620893,3.707919,0.069920111,79.999979
56.809946,-4070.5584,0.2511177,0.51127221,0.13676321,3.6478801,0.069723495,79.999979
56.819946,-4068.6296,0.25167739,0.5541124,0.1143086,4.7478444,0.063340824,79.999979
56.829946,-4070.3554,0.25161949,0.56478298,0.10018596,4.842977,0.057851168,79.999979
56.839946,-4070.8414,0.25169542,0.50908311,0.10847911,4.7984693,0.057892034,79.999979
56.849946,-4068.7788,0.25142283,0.53144741,0.12232547,3.9673416,0.064114105,79.999979
56.859946,-4068.7788,0.25138608,0.56307681,0.123648,4.1443153,0.067598838,79.999979
56.869946,-4068.7788,0.25138608,0.53762733,0.12497054,4.321289,0.060400803,79.999979
56.879946,-4069.1558,0.25147085,0.51803355,0.10981311,4.6299942,0.058060448,79.999979
56.889946,-4071.5294,0.25170653,0.46884066,0.12051888,3.9380028,0.055722511,79.999979
56.899946,-4069.8449,0.25182925,0.53487886,0.13318873,3.8393323,0.068980748,79.999979
56.909946,-4072.253,0.25124478,0.52146672,0.096684551,5.3384296,0.050329375,79.999979
56.919946,-4071.8336,0.25145043,0.51069574,0.10486127,4.8753283,0.053342931,79.999979
56.929946,-4071.4143,0.25165609,0.49992476,0.11303799,4.4122271,0.056356487,79.999979
56.939946,-4070.995,0.25186174,0.51610748,0.11461316,4.3236157,0.054907481,79.999979
56.949946,-4073.2961,0.25146122,0.52516379,0.10591518,4.8734028,0.055550548,79.999979
56.959946,-4071.2437,0.25178876,0.55817159,0.12606324,4.2407726,0.071775074,79.999979
56.969946,-4073.6208,0.25115251,0.5358441,0.12521702,4.1701247,0.061469504,79.999979
56.979946,-4073.1062,0.25116932,0.55424158,0.12310054,4.3691266,0.064695554,79.999979
56.989946,-4073.9889,0.25118612,0.57263906,0.12098407,4.5681284,0.067921604,79.999979
56.999946,-4074.8715,0.25120293,0.59508627,0.11886759,4.7671303,0.074407621,79.999979
57.009946,-4076.6194,0.25024892,0.5211712,0.11699853,4.2041325,0.061409922,79.999979
57.019946,-4076.9728,0.25148156,0.51218842,0.10406684,4.8657607,0.053004277,79.999979
57.029946,-4077.1839,0.25141353,0.5196588,0.13871083,4.2827173,0.073176085,79.999979
57.039946,-4077.4248,0.25112524,0.49610585,0.14979675,3.2406734,0.072995549,79.999979
57.049946,-4077.7131,0.25083505,0.50435659,0.13835285,3.5179202,0.072667404,79.999979
57.059946,-4078.0013,0.25054043,0.51582172,0.13392316,3.687124,0.072774501,79.999979
57.069946,-4074.8739,0.25072096,0.5217224,0.11452038,4.3580473,0.059748819,79.999979
57.079946,-4077.1255,0.25082845,0.57690738,0.10983278,4.9345731,0.06302692,79.999979
57.089946,-4077.7323,0.25095829,0.50557822,0.096184141,5.2190739,0.052020155,79.999979
57.099946,-4077.6602,0.25111669,0.50211148,0.1269935,4.1519308,0.064429211,79.999979
57.109946,-4077.5639,0.25113665,0.51998621,0.13007355,3.6953124,0.064479864,79.999979
57.119946,-4077.4676,0.25117334,0.55574917,0.10171568,4.2994835,0.056219617,79.999979
57.129946,-4080.0405,0.25023445,0.51801726,0.12083485,4.4656778,0.062560481,79.999979
57.139946,-4083.8654,0.25069952,0.53593183,0.13121179,3.7855694,0.069728665,79.999979
57.149945,-4082.2589,0.25129622,0.4789767,0.099093915,4.6441238,0.0639309,79.999979
57.159945,-4082.9493,0.25142396,0.51824045,0.11070022,3.9047919,0.063143774,79.999979
57.169945,-4082.9493,0.25146438,0.52994748,0.11413267,4.5770942,0.063686244,79.999979
57.179945,-4082.9493,0.2515048,0.54165452,0.11756513,4.5271266,0.064228715,79.999979
57.189945,-4083.2229,0.25147084,0.54917352,0.10858513,4.6460256,0.061788832,79.999979
57.199945,-4081.4346,0.25097464,0.52323093,0.1193544,4.2350895,0.06501251,79.999979
57.209945,-4084.0834,0.25096964,0.52946336,0.10499526,5.0016085,0.055602279,79.999979
57.219945,-4085.3238,0.25230457,0.5301124,0.10946737,4.5320799,0.058346283,79.999979
57.229945,-4086.1047,0.25094225,0.51500254,0.11268217,4.471521,0.058113046,79.999979
57.239945,-4086.2382,0.25052125,0.48681354,0.1484944,3.9056,0.069097783,79.999979
57.249945,-4086.0994,0.25052125,0.51246301,0.15739711,3.1694335,0.079303252,79.999979
57.259945,-4086.043,0.25052125,0.53838,0.16419191,3.1372158,0.08834937,79.999979
57.269945,-4088.4414,0.25019999,0.48565281,0.10251898,4.4656813,0.049751879,79.999979
57.279945,-4086.1568,0.25127556,0.57728523,0.12196155,4.2550908,0.07042202,79.999979
57.289945,-4087.6529,0.25086488,0.53187341,0.099142078,4.92233,0.054466562,79.999979
57.299945,-4089.5786,0.25125905,0.5428389,0.11185722,4.7957543,0.060474361,79.999979
57.309945,-4089.0437,0.25100108,0.52887415,0.12694699,4.6362797,0.065505418,79.999979
57.319945,-4087.9452,0.2507431,0.60872662,0.14203675,3.5948825,0.076539405,79.999979
57.329945,-4087.7123,0.25086667,0.54140055,0.1254459,3.9298264,0.06765994,79.999979
57.339945,-4091.691,0.25103697,0.52850906,0.13340366,4.0605356,0.070595623,79.999979
57.349945,-4094.1521,0.25103064,0.50150007,0.11492047,4.4199584,0.059842958,79.999979
57.359945,-4092.7734,0.25128622,0.51458926,0.11295891,4.586953,0.057869943,79.999979
57.369945,-4093.4012,0.25144545,0.51321298,0.11549024,4.4516891,0.059122914,79.999979
57.379945,-4094.029,0.25131495,0.5118367,0.11802158,4.277254,0.060375884,79.999979
57.389945,-4094.6228,0.25118446,0.51589395,0.1222859,4.1204384,0.063107163,79.999979
57.399945,-4095.4773,0.25071601,0.52972237,0.12819328,4.084711,0.067880688,79.999979
57.409945,-4093.4657,0.2504839,0.5404927,0.12995307,4.3078954,0.063833712,79.999979
57.419945,-4095.9974,0.25022279,0.50577701,0.11214047,4.4557563,0.05679396,79.999979
57.429945,-4095.5779,0.25045832,0.52750077,0.12719601,4.174155,0.067125454,79.999979
57.439945,-4096.4195,0.25069385,0.50642085,0.13407624,3.8925537,0.06485341,79.999979
57.449945,-4097.3619,0.25072777,0.54664016,0.12385556,3.8791649,0.061086753,79.999979
57.459945,-4095.5892,0.25071334,0.5527898,0.11598947,4.8652177,0.058291126,79.999979
57.469945,-4098.0599,0.2504465,0.52144626,0.11862397,3.9089241,0.061332508,79.999979
57.479945,-4100.9186,0.25140029,0.49782496,0.12122299,4.0955587,0.060747074,79.999979
57.489945,-4100.1688,0.25152838,0.49082655,0.1165855,4.093228,0.05816842,79.999979
57.499945,-4099.419,0.25132628,0.48382815,0.11422423,4.1327156,0.055589767,79.999979
57.509945,-4098.6692,0.2508971,0.51363944,0.11020378,4.4821295,0.056406389,79.999979
57.519945,-4101.0672,0.25033431,0.55968174,0.11329568,5.063187,0.060440481,79.999979
57.529945,-4102.8311,0.24955355,0.59310993,0.11159812,5.093193,0.069228518,79.999979
57.539945,-4099.8076,0.25054033,0.49318981,0.13539302,4.0139659,0.066768647,79.999979
57.549945,-4100.1437,0.2506229,0.50797107,0.10719909,4.0856523,0.054361017,79.999979
57.559945,-4100.9601,0.25070547,0.51764832,0.098863784,4.7158268,0.051944778,79.999979
57.569945,-4101.7765,0.25065802,0.50888353,0.10009787,5.1139973,0.053312595,79.999979
57.579945,-4103.0482,0.25021786,0.52180027,0.12824642,4.134594,0.072974893,79.999979
57.589945,-4101.6039,0.25050531,0.5522947,0.10583696,4.6188304,0.058247057,79.999979
57.599945,-4103.4232,0.25000027,0.55303364,0.12381196,4.1014465,0.068548784,79.999979
57.609945,-4104.5783,0.25038376,0.52724225,0.11703567,4.4844079,0.068994549,79.999979
57.619945,-4105.2778,0.25052436,0.5330154,0.095559653,5.5210459,0.066704512,79.999979
57.629945,-4105.9774,0.25030134,0.53878856,0.1146786,4.7017909,0.064414476,79.999979
57.639945,-4104.7054,0.25007833,0.48159216,0.11824341,4.1060046,0.056500749,79.999979
57.649945,-4104.0358,0.25011562,0.51145162,0.13458909,3.7138621,0.068851891,79.999979
57.659945,-4107.0292,0.2496904,0.54743336,0.12246717,4.387659,0.067047363,79.999979
57.669945,-4108.5885,0.24985043,0.5122277,0.13167803,4.1306586,0.062867872,79.999979
57.679945,-4107.8816,0.24986789,0.51018835,0.12475311,3.8211853,0.061699989,79.999979
57.689945,-4107.1746,0.2500661,0.52505172,0.11782819,4.1697681,0.062094788,79.999979
57.699945,-4105.9201,0.2502643,0.57076739,0.11547568,5.0380987,0.065818673,79.999979
57.709945,-4108.4196,0.25111009,0.53603917,0.12354008,4.1070523,0.064224067,79.999979
57.719945,-4109.266,0.25036825,0.5078794,0.11304857,4.1649265,0.057376451,79.999979
57.729945,-4109.4019,0.24988846,0.52461909,0.12075467,4.049992,0.063222735,79.999979
57.739945,-4109.4019,0.24988846,0.48936905,0.13313076,4.2251064,0.06506785,79.999979
57.749945,-4109.4019,0.25004715,0.47797051,0.14550686,3.5214548,0.065758296,79.999979
57.759945,-4110.0208,0.25021421,0.48932886,0.11955713,4.0248823,0.074965868,79.999979
57.769945,-4111.0141,0.24996468,0.53750949,0.14165266,3.7051972,0.07605928,79.999979
57.779945,-4109.9965,0.2500995,0.51903354,0.12242158,4.1657807,0.052917461,79.999979
57.789945,-4111.7089,0.24935044,0.49947143,0.10725754,4.4646529,0.053569389,79.999979
57.799945,-4111.2045,0.24943632,0.50429546,0.098662871,4.8122448,0.049740928,79.999979
57.809945,-4111.0914,0.2495222,0.51280273,0.097284733,5.1029346,0.051223137,79.999979
57.819945,-4111.0914,0.24958751,0.53633509,0.10635158,5.0134786,0.057871596,79.999979
57.829945,-4112.2343,0.24963654,0.48889284,0.11236448,4.3254283,0.058096128,79.999979
57.839945,-4113.6306,0.25023478,0.52920476,0.12385853,4.4524002,0.065087725,79.999979
57.849945,-4114.3806,0.25053204,0.49420752,0.1020199,4.8134772,0.050541941,79.999979
57.859945,-4113.8967,0.25005482,0.51768669,0.098263001,5.144789,0.051192449,79.999979
57.869945,-4113.262,0.24957761,0.52701793,0.10196928,5.1554387,0.05373251,79.999979
57.879945,-4112.6273,0.24921216,0.53188126,0.10926211,4.8791892,0.058169344,79.999979
57.889945,-4112.4111,0.2495457,0.52089436,0.15086726,4.0388078,0.078632311,79.999979
57.899945,-4115.2748,0.25042152,0.58005678,0.11227199,4.9554828,0.06514331,79.999979
57.909945,-4114.4097,0.25044137,0.5071737,0.11660989,4.2457175,0.059187846,79.999979
57.919945,-4114.1359,0.25008132,0.51544298,0.11391187,4.3011174,0.058519876,79.999979
57.929945,-4114.7828,0.25013274,0.53681294,0.10565788,4.8943878,0.059494881,79.999979
57.939945,-4115.936,0.25005324,0.50490513,0.10568235,5.2154378,0.059735301,79.999979
57.949945,-4115.8303,0.24897285,0.48071786,0.11999089,4.2191867,0.056129815,79.999979
57.959945,-4117.1292,0.25114825,0.52607407,0.1068755,4.1097723,0.056154885,79.999979
57.969945,-4117.9324,0.24994867,0.5361952,0.12303346,4.7264557,0.065955376,79.999979
57.979945,-4117.6645,0.24955714,0.57315128,0.14750691,3.527226,0.084005233,79.999979
57.989945,-4118.1804,0.24949832,0.54286589,0.13013161,4.1362338,0.070270728,79.999979
57.999945,-4118.7011,0.24943951,0.51258049,0.1102062,4.5814029,0.056536223,79.999979
58.009945,-4119.2835,0.24945923,0.5271277,0.11876052,4.5971092,0.063597746,79.999979
58.019945,-4116.808,0.24973888,0.56775628,0.11113674,4.5230533,0.063104791,79.999979
58.029945,-4118.952,0.24923371,0.52717606,0.1079953,5.1320208,0.058580248,79.999979
58.039945,-4119.2667,0.24864635,0.49772178,0.10384392,4.7068561,0.051690236,79.999979
58.049945,-4117.9339,0.24883876,0.48738055,0.10231393,4.7266657,0.049867323,79.999979
58.059945,-4117.7613,0.24903118,0.49787331,0.10078393,4.7464753,0.052628497,79.999979
58.069945,-4117.5887,0.24951812,0.5148848,0.11094732,4.501964,0.055467631,79.999979
58.079945,-4120.6802,0.24959006,0.50674598,0.11444616,4.3723942,0.054875234,79.999979
58.089945,-4121.7762,0.24908365,0.5001896,0.11284291,3.9327831,0.05585221,79.999979
58.099945,-4122.3478,0.24900823,0.52477545,0.10898665,4.3013062,0.051805863,79.999979
58.109945,-4122.4904,0.24920985,0.56776844,0.10155838,5.3225056,0.05776819,79.999979
58.119945,-4122.7597,0.24941147,0.56685652,0.10901655,5.1599511,0.061249353,79.999979
58.129945,-4123.0676,0.24956019,0.53288397,0.11378953,4.9445799,0.060403682,79.999979
58.139945,-4125.1976,0.24930576,0.54007038,0.10672557,4.9808873,0.057741117,79.999979
58.149945,-4124.0539,0.2505377,0.5233637,0.11289445,4.6039153,0.059777161,79.999979
58.159945,-4126.8676,0.24933566,0.54503437,0.10402005,6.6642422,0.055178917,79.999979
58.169945,-4127.7324,0.24923453,0.51552055,0.11518602,4.0673842,0.063226981,79.999979
58.179945,-4128.3985,0.24944456,0.52202072,0.10943081,4.5847328,0.059775368,79.999979
58.189945,-4129.0405,0.24965458,0.52900611,0.10661418,4.8379466,0.05646535,79.999979
58.199944,-4126.5644,0.24902795,0.50661072,0.11602547,4.430231,0.058779663,79.999979
58.209944,-4128.4367,0.24831766,0.53061447,0.1527525,3.2465889,0.079691693,79.999979
58.219944,-4128.8183,0.24891031,0.54317155,0.12040875,4.309031,0.065440358,79.999979
58.229944,-4128.2599,0.24911313,0.52718417,0.11768747,4.3316312,0.062057457,79.999979
58.239944,-4127.5806,0.24900482,0.52736285,0.11479665,4.4269731,0.060763293,79.999979
58.249944,-4126.9013,0.24889651,0.53351735,0.11531946,4.4975695,0.06154388,79.999979
58.259944,-4129.1355,0.24924128,0.48689219,0.1226709,3.6498321,0.059754096,79.999979
58.269944,-4131.5884,0.24864425,0.49582518,0.12314651,4.2809187,0.062697133,79.999979
58.279944,-4129.6678,0.24911907,0.52494105,0.13788472,3.6519284,0.076478866,79.999979
58.289944,-4130.4983,0.24844482,0.5583733,0.12686423,4.529657,0.070302083,79.999979
58.299944,-4131.2667,0.24875051,0.5328202,0.14678778,3.4636695,0.073967498,79.999979
58.309944,-4132.0351,0.24905619,0.5501717,0.11724972,4.6442175,0.063215505,79.999979
58.319944,-4131.822,0.24937858,0.51336814,0.097022202,5.2275391,0.049860482,79.999979
58.329944,-4132.3369,0.24867244,0.53254288,0.14094597,3.926654,0.075069313,79.999979
58.339944,-4133.7152,0.24894992,0.49905063,0.11608478,4.0873152,0.053332671,79.999979
58.349944,-4135.7842,0.24903363,0.54283022,0.092634051,5.8842265,0.05359561,79.999979
58.359944,-4135.7842,0.24905865,0.51780185,0.10184825,5.2129783,0.053968772,79.999979
58.369944,-4135.7842,0.24913873,0.50573615,0.11106245,4.5417301,0.056083526,79.999979
58.379944,-4135.8736,0.24921882,0.55535019,0.11853895,4.3985461,0.065840511,79.999979
58.389944,-4134.9246,0.24909232,0.50842474,0.11555874,4.4025636,0.059044646,79.999979
58.399944,-4136.6143,0.24848292,0.53241935,0.15205212,3.7596203,0.080963073,79.999979
58.409944,-4135.2756,0.24951977,0.51379768,0.12551027,3.9379254,0.064599288,79.999979
58.419944,-4135.2981,0.24951977,0.51629928,0.11738954,4.2308109,0.063775434,79.999979
58.429944,-4135.3206,0.24951977,0.51880088,0.11878026,4.2709963,0.062951581,79.999979
58.439944,-4135.3322,0.24951977,0.49563321,0.11803783,4.242515,0.058544567,79.999979
58.449944,-4137.1835,0.24932727,0.56162029,0.11871687,4.5956888,0.066673821,79.999979
58.459944,-4140.4009,0.24954096,0.51528421,0.1083213,4.6562343,0.055827243,79.999979
58.469944,-4139.4065,0.24944572,0.5090816,0.10739894,5.0441001,0.05465,79.999979
58.479944,-4139.1071,0.2491976,0.52088478,0.11619153,4.3872093,0.057855486,79.999979
58.489944,-4138.8077,0.24884123,0.53268796,0.11629543,4.3853709,0.061060972,79.999979
58.499944,-4138.5083,0.24834728,0.54552215,0.10836798,4.5044746,0.058401026,79.999979
58.509944,-4140.799,0.24862653,0.53035154,0.13914559,3.7996548,0.06684867,79.999979
58.519944,-4139.7378,0.24855622,0.51882311,0.096155558,5.8755445,0.049880326,79.999979
58.529944,-4140.5531,0.24882158,0.48935618,0.1474346,3.9074963,0.072246905,79.999979
58.539944,-4141.758,0.24905872,0.51502978,0.11810991,4.2429994,0.060899861,79.999979
58.549944,-4140.7673,0.24908406,0.51753318,0.10619687,4.8102121,0.05498044,79.999979
58.559944,-4139.7767,0.24910667,0.53619647,0.1107384,4.7012571,0.059403267,79.999979
58.569944,-4139.2174,0.24910667,0.57207184,0.1379954,4.3351659,0.078949226,79.999979
58.579944,-4140.3672,0.24842905,0.47912542,0.12918151,4.1111199,0.061985988,79.999979
58.589944,-4143.4969,0.24879411,0.51931367,0.12197966,3.9059919,0.063350341,79.999979
58.599944,-4140.4428,0.24968965,0.51139252,0.13684196,4.3243853,0.065679253,79.999979
58.609944,-4140.0517,0.24941081,0.52796729,0.13647018,3.6266165,0.071760573,79.999979
58.619944,-4140.8804,0.24913197,0.57659393,0.13609841,3.7076793,0.076411518,79.999979
58.629944,-4141.7091,0.2489621,0.5174706,0.12597896,5.0018939,0.069523943,79.999979
58.639944,-4142.996,0.24843733,0.52062705,0.099394172,5.0226057,0.051790662,79.999979
58.649944,-4140.2399,0.24855387,0.50808814,0.11111606,4.607733,0.056426947,79.999979
58.659944,-4142.4575,0.24974389,0.48735736,0.11582304,4.1106393,0.063056744,79.999979
58.669944,-4143.1984,0.24948724,0.4968364,0.12484891,3.8889152,0.064991828,79.999979
58.679944,-4143.2761,0.2492306,0.50704485,0.13387478,3.6671912,0.065009583,79.999979
58.689944,-4143.3538,0.24898045,0.51983451,0.11267147,4.5167317,0.058242302,79.999979
58.699944,-4144.3596,0.24892256,0.50549778,0.14101614,4.2905529,0.071099216,79.999979
58.709944,-4144.4177,0.24877571,0.46689888,0.11916234,3.9434945,0.055917553,79.999979
58.719944,-4146.1259,0.24916475,0.49981373,0.11522675,4.2234747,0.057559781,79.999979
58.729944,-4146.3273,0.2493687,0.56203832,0.10020802,4.8535727,0.056184251,79.999979
58.739944,-4146.1357,0.24957266,0.53895028,0.10221244,5.4836707,0.056290332,79.999979
58.749944,-4145.9441,0.24945661,0.51715195,0.1161497,5.2751852,0.06051876,79.999979
58.759944,-4144.5542,0.24871925,0.55590075,0.11931569,4.5998389,0.066400142,79.999979
58.769944,-4146.825,0.24896647,0.55627327,0.11288584,4.6314181,0.062732201,79.999979
58.779944,-4146.7598,0.24870699,0.5165195,0.10874424,4.7017126,0.057776233,79.999979
58.789944,-4145.2255,0.24868392,0.50626213,0.1322279,4.1499608,0.066908008,79.999979
58.799944,-4145.4344,0.24865896,0.54576632,0.14040063,3.7269358,0.075145922,79.999979
58.809944,-4145.6432,0.24873158,0.58862799,0.13007079,3.7296864,0.076943417,79.999979
58.819944,-4147.0488,0.24841174,0.50926835,0.12447861,4.2020929,0.063451458,79.999979
58.829944,-4147.988,0.24786776,0.51786568,0.12289077,4.1077409,0.061110977,79.999979
58.839944,-4148.4702,0.24920303,0.48461837,0.10222033,4.5455599,0.049491448,79.999979
58.849944,-4148.4037,0.24908946,0.52204976,0.14498085,3.6506074,0.075693176,79.999979
58.859944,-4148.3019,0.24894811,0.52095453,0.14270953,3.5883051,0.074358049,79.999979
58.869944,-4148.2,0.24880676,0.51985929,0.14043821,3.5260029,0.073022923,79.999979
58.879944,-4148.0982,0.24866503,0.51876405,0.13816689,3.502156,0.071687796,79.999979
58.889944,-4147.9964,0.24848184,0.51766882,0.13589557,3.6715303,0.070352669,79.999979
58.899944,-4147.8946,0.24829865,0.53082255,0.10258843,5.140002,0.054391723,79.999979
58.909944,-4146.5891,0.24832396,0.50838156,0.11011115,5.0750845,0.055976893,79.999979
58.919944,-4149.0049,0.24846196,0.5072909,0.12816685,4.1695382,0.064223906,79.999979
58.929944,-4148.5156,0.24847592,0.53030669,0.12528447,4.0313328,0.067880256,79.999979
58.939944,-4148.8767,0.24848988,0.56041309,0.13008887,4.0915444,0.071655236,79.999979
58.949944,-4149.545,0.24867873,0.52186387,0.11786119,4.4722957,0.057652918,79.999979
58.959944,-4149.7855,0.24859403,0.52014494,0.10128258,5.2092977,0.052871441,79.999979
58.969944,-4149.9322,0.24895996,0.56711975,0.11149025,4.7919245,0.063224447,79.999979
58.979944,-4151.9104,0.24831541,0.49670303,0.15052688,3.4321705,0.065913283,79.999979
58.989944,-4152.3823,0.24900221,0.5461033,0.10600838,4.8058214,0.061951808,79.999979
58.999944,-4151.7013,0.24923788,0.51690316,0.11246269,4.99873,0.059932956,79.999979
59.009944,-4151.0203,0.24880688,0.4942298,0.11812746,4.0720212,0.058351434,79.999979
59.019944,-4150.3886,0.24887427,0.48713829,0.1061097,4.4644617,0.050004207,79.999979
59.029944,-4152.4842,0.2482081,0.57096986,0.11895562,4.4106924,0.067642549,79.999979
59.039944,-4150.691,0.24821918,0.5116876,0.11831489,3.9071284,0.0603395,79.999979
59.049944,-4149.4311,0.24866547,0.51521617,0.10751879,4.6337381,0.058329635,79.999979
59.059944,-4149.8902,0.24866395,0.50544228,0.10414997,4.8958003,0.057645918,79.999979
59.069944,-4150.3493,0.24866243,0.49566839,0.10813856,4.6121055,0.0569622,79.999979
59.079944,-4150.8083,0.24866091,0.4858945,0.11212715,4.3284107,0.056278483,79.999979
59.089944,-4151.2674,0.24865938,0.47612061,0.11611574,4.0447159,0.055594765,79.999979
59.099944,-4151.4166,0.24858661,0.5179007,0.10519116,4.8535137,0.055810723,79.999979
59.109944,-4152.259,0.24938187,0.50902561,0.097341832,5.2180664,0.049471186,79.999979
59.119944,-4152.7288,0.24896683,0.49288172,0.10438487,4.7569901,0.051348928,79.999979
59.129944,-4151.5882,0.24855178,0.49521144,0.11142791,4.2959138,0.059671261,79.999979
59.139944,-4150.2547,0.24803009,0.54432506,0.084069389,6.728639,0.056987894,79.999979
59.149944,-4152.6766,0.24790412,0.54694461,0.13425173,4.0532733,0.073555293,79.999979
59.159944,-4155.3637,0.24954779,0.49844327,0.11127882,5.5883178,0.056214866,79.999979
59.169944,-4153.332,0.24877941,0.52660944,0.11774528,4.1304888,0.062754516,79.999979
59.179944,-4154.054,0.24889629,0.61273551,0.11800846,4.9905008,0.073208974,79.999979
59.189944,-4154.776,0.24901316,0.60908331,0.12167322,4.9365513,0.07444963,79.999979
59.199944,-4155.0385,0.24913004,0.55299912,0.11119594,4.8655163,0.06185606,79.999979
59.209944,-4155.8929,0.24805077,0.52137999,0.1144264,3.9633499,0.059406402,79.999979
59.219944,-4152.1138,0.24912872,0.47885496,0.1087353,4.3098312,0.052028964,79.999979
59.229944,-4152.9656,0.24993814,0.55933173,0.1203865,4.6082668,0.066328135,79.999979
59.239944,-4152.9403,0.2496587,0.55285785,0.1245367,4.3457599,0.065948691,79.999979
59.249943,-4152.9149,0.24937925,0.54638396,0.12475216,4.2866473,0.065569246,79.999979
59.259943,-4152.8895,0.24909981,0.53991008,0.12496761,4.2275348,0.065189801,79.999979
59.269943,-4152.5599,0.24762798,0.5334362,0.12518307,4.1684223,0.064810357,79.999979
59.279943,-4154.9912,0.24800522,0.52696232,0.12539853,4.1093097,0.064430912,79.999979
59.289943,-4156.3208,0.24856233,0.52048843,0.12561399,4.0501972,0.064051468,79.999979
59.299943,-4158.9745,0.2488659,0.51401455,0.12582945,3.9910847,0.063672023,79.999979
59.309943,-4158.49,0.24877835,0.50754067,0.12604491,3.9319721,0.063292578,79.999979
59.319943,-4157.1174,0.24860683,0.50106679,0.12626037,3.8728596,0.062913134,79.999979
59.329943,-4155.7449,0.24995109,0.49459291,0.12647582,3.8137471,0.062533689,79.999979
59.339943,-4155.8708,0.24735011,0.85937085,0.20618699,3.8866596,0.33692325,79.999979
59.349943,-4157.739,0.24785275,1.2483314,0.29107634,3.9764493,0.62921068,79.999979
59.359943,-4158.4883,0.24907508,1.6372919,0.37596569,4.066239,0.92149811,79.999979
59.369943,-4158.6036,0.24922903,2.0262524,0.46085504,4.1560287,1.2137855,79.999979
59.379943,-4158.8648,0.24878962,2.4152129,0.54574438,4.2458185,1.506073,79.999979
59.389943,-4159.8231,0.2482457,2.8041734,0.63063373,4.3356082,1.7983604,79.999979
59.399943,-4159.0546,0.24809695,2.8834062,0.64622407,4.361621,1.8636485,79.999979
59.409943,-4161.9395,0.24799999,2.9067963,0.64932007,4.376135,1.8880095,79.999979
59.419943,-4161.3327,0.24809831,2.9301864,0.65241607,4.3906491,1.9123705,79.999979
59.429943,-4159.5784,0.2487955,2.9535766,0.65551207,4.4051632,1.9367315,79.999979
59.439943,-4160.2762,0.24880042,2.9769667,0.65860807,4.4196772,1.9610925,79.999979
59.449943,-4161.748,0.247902,3.0003568,0.66170407,4.4341913,1.9854535,79.999979
59.459943,-4163.7535,0.2481755,3.0001428,0.66281015,4.4265197,1.9885103,79.999979
59.469943,-4161.0949,0.24815831,2.9921294,0.6632587,4.4115174,1.9845277,79.999979
59.479943,-4165.9472,0.24758454,2.984116,0.66370725,4.396515,1.980545,79.999979
59.489943,-4165.9472,0.24758454,2.9761026,0.6641558,4.3815127,1.9765624,79.999979
59.499943,-4247.6204,0.24596796,2.9680893,0.66460435,4.3665104,1.9725798,79.999979
59.509943,-4373.576,0.24068677,2.9600759,0.6650529,4.3515081,1.9685971,79.999979
59.519943,-4372.0953,0.24008701,2.9849427,0.6684922,4.3650514,1.9955401,79.999979
59.529943,-4369.48,0.24157141,2.9850867,0.69662554,4.0527042,2.0792574,79.999979
59.539943,-4363.9878,0.24126846,3.037037,0.68978724,4.2879211,2.0949422,79.999979
59.549943,-4362.6563,0.2407302,3.0585439,0.69652972,4.2935986,2.1285349,79.999979
59.559943,-4361.7562,0.24083467,3.0676196,0.70133834,4.2798179,2.1503526,79.999979
59.569943,-4360.8562,0.24093914,3.0766952,0.70614696,4.2660373,2.1721702,79.999979
59.579943,-4359.9561,0.24104361,3.0675013,0.70955449,4.2522566,2.1757221,79.999979
59.589943,-4359.056,0.24114809,3.0071985,0.70776164,4.2128862,2.128176,79.999979
59.599943,-4356.9447,0.24125256,2.9770378,0.70541215,4.1243314,2.0836176,79.999979
59.609943,-4354.1154,0.24138728,2.9691542,0.68854685,4.1744585,2.0412673,79.999979
59.619943,-4351.2861,0.2419049,2.9927473,0.70210003,4.2267381,2.1051151,79.999979
59.629943,-4346.8909,0.24242253,3.0430062,0.71584386,4.1092911,2.1698622,79.999979
59.639943,-4340.782,0.24347273,3.0040549,0.68413657,4.2995595,2.0635849,79.999979
59.649943,-4305.5499,0.24435222,3.0345133,0.7004641,4.2330952,2.1255585,79.999979
59.659943,-4286.8251,0.24366338,3.0361448,0.70377044,4.2123821,2.1367187,79.999979
59.669943,-4268.8978,0.24506299,3.0656449,0.72812261,4.0525016,2.2022374,79.999979
59.679943,-4263.8498,0.24563492,3.1223639,0.69571192,4.195104,2.1837818,79.999979
59.689943,-4258.8017,0.24623015,3.1135395,0.70335386,4.3377063,2.1960941,79.999979
59.699943,-4249.0075,0.24682538,3.0500993,0.71332598,4.2887685,2.1600015,79.999979
59.709943,-4232.2288,0.24722849,3.066009,0.70819135,4.2293837,2.173218,79.999979
59.719943,-4207.8479,0.24785912,3.1067535,0.73750374,4.081407,2.2912306,79.999979
59.729943,-4183.4039,0.24922838,3.1338863,0.73933582,4.1210218,2.3132072,79.999979
59.739943,-4180.778,0.24935235,3.1160715,0.74826384,4.0877849,2.2502715,79.999979
59.749943,-4178.1521,0.24947631,3.0982567,0.72559078,4.1750894,2.1873359,79.999979
59.759943,-4173.4416,0.24960028,3.0805881,0.68974221,4.3420136,2.1248119,79.999979
59.769943,-4166.7086,0.24936861,3.0971836,0.70770172,4.29232,2.1792698,79.999979
59.779943,-4144.4825,0.24985315,3.059842,0.74353383,4.0184648,2.2411431,79.999979
59.789943,-4117.3791,0.25018471,3.1087357,0.72062312,4.1543963,2.2343703,79.999979
59.799943,-4114.085,0.25081459,3.0913787,0.74131321,4.1654844,2.2720748,79.999979
59.809943,-4109.9923,0.25132102,3.0704005,0.74438068,4.066587,2.2829652,79.999979
59.819943,-4105.8997,0.25167891,3.1280949,0.74168338,4.0145729,2.2345472,79.999979
59.829943,-4091.762,0.25236828,3.0383782,0.72313108,4.0882695,2.1971578,79.999979
59.839943,-4061.5689,0.2522305,3.1282418,0.71731516,4.2613912,2.2438105,79.999979
59.849943,-4033.0493,0.25385103,3.0892076,0.70795837,4.3090032,2.1870874,79.999979
59.859943,-4023.1158,0.2539475,2.9637313,0.69554138,4.3158811,2.0883512,79.999979
59.869943,-4018.7567,0.25391719,2.0880686,0.48716987,4.3081365,1.3135725,79.999979
59.879943,-4014.3976,0.25388687,1.212406,0.27879836,4.4735515,0.53879386,79.999979
59.889943,-4005.2616,0.25437924,0.69512254,0.13927991,4.6389665,0.099014445,79.999979
59.899943,-3991.4299,0.25472011,0.52279173,0.13078212,4.0557525,0.068402983,79.999979
59.909943,-3974.7189,0.25483225,0.52788183,0.097426441,4.9612508,0.056593011,79.999979
59.919943,-3963.0528,0.25552603,0.52006148,0.11667529,4.3704497,0.059688817,79.999979
59.929943,-3963.0528,0.25580227,0.51761599,0.11734446,4.2969568,0.056690481,79.999979
59.939943,-3963.0528,0.25607851,0.5151705,0.10649721,4.7391454,0.053692145,79.999979
59.949943,-3963.5686,0.25635284,0.51331404,0.11763765,4.2914792,0.060537211,79.999979
59.959943,-3968.9298,0.2548439,0.50134267,0.11932873,3.8705627,0.055517793,79.999979
59.969943,-3967.4598,0.25480225,0.52716614,0.13711669,4.4876664,0.07222312,79.999979
59.979943,-3970.113,0.25589864,0.50130976,0.11044404,4.4226913,0.054228533,79.999979
59.989943,-3970.9817,0.25589864,0.51917273,0.12111045,4.1432616,0.062736979,79.999979
59.999943,-3970.9817,0.25589864,0.50407363,0.13177686,3.8638319,0.060488672,79.999979
60.009943,-3970.9817,0.25582124,0.48166488,0.11894747,3.9941792,0.055854953,79.999979
60.019943,-3973.1877,0.25500213,0.57199493,0.10469895,6.0292313,0.059475497,79.999979
60.029943,-3974.6776,0.2550728,0.54895596,0.12673368,4.2914155,0.069557235,79.999979
60.039943,-3977.1379,0.25479055,0.51375041,0.13528223,3.5933918,0.068593895,79.999979
60.049943,-3976.9503,0.25476001,0.53162476,0.1241607,3.7800786,0.066602574,79.999979
60.059943,-3976.9139,0.25480865,0.55025357,0.11666458,4.4055382,0.06434728,79.999979
60.069943,-3976.9139,0.25485216,0.54556468,0.11040521,4.8926041,0.060379052,79.999979
60.079943,-3977.0583,0.25442006,0.49466024,0.15537487,4.0539471,0.076408918,79.999979
60.089943,-3980.0457,0.25459336,0.51328906,0.114671,4.9274105,0.058812371,79.999979
60.099943,-3978.2146,0.25434146,0.55865537,0.1114298,4.920695,0.06250851,79.999979
60.109943,-3978.6486,0.25447624,0.50491289,0.12507236,4.042772,0.063045832,79.999979
60.119943,-3979.0825,0.25459848,0.50081235,0.13674884,3.685203,0.068339143,79.999979
60.129943,-3979.5165,0.25472072,0.49671181,0.14842531,3.3276341,0.073632455,79.999979
60.139943,-3982.1309,0.25482353,0.52744265,0.11032974,4.7823046,0.058258852,79.999979
60.149943,-3983.3832,0.25484327,0.48519856,0.0992945,4.7992684,0.04835187,79.999979
60.159943,-3981.5081,0.25516831,0.5260038,0.11355308,4.7362818,0.059729629,79.999979
60.169943,-3984.5107,0.25440368,0.54116109,0.12040974,4.4446522,0.064595623,79.999979
60.179943,-3985.936,0.25418845,0.51302874,0.11432145,4.4350657,0.059748295,79.999979
60.189943,-3985.9369,0.25397321,0.5047077,0.11669869,4.4254792,0.05913704,79.999979
60.199943,-3986.2236,0.25394702,0.58262577,0.11617968,5.0214917,0.067582424,79.999979
60.209943,-3984.7466,0.25504305,0.48619554,0.14172405,3.587631,0.068856148,79.999979
60.219943,-3984.911,0.2544031,0.59709241,0.11364673,4.8695931,0.067810019,79.999979
60.229943,-3985.5629,0.25502122,0.51947939,0.12606789,3.8646345,0.065482924,79.999979
60.239943,-3985.4261,0.25491021,0.52143514,0.079233429,5.2790538,0.043554517,79.999979
60.249943,-3985.2894,0.2547992,0.52830842,0.11080946,6.6934732,0.059188601,79.999979
60.259943,-3984.6739,0.25334134,0.54886654,0.1143694,4.6027648,0.062848851,79.999979
60.269943,-3982.7927,0.25366363,0.58292561,0.13396472,3.8086642,0.069202082,79.999979
60.279943,-3985.4451,0.25321074,0.53874751,0.10846827,4.550792,0.058335471,79.999979
60.289943,-3984.6469,0.25415736,0.48154197,0.12190123,3.8608035,0.058736929,79.999979
60.299942,-3982.9027,0.25432166,0.49634617,0.13024506,3.684564,0.064582676,79.999979
60.309942,-3982.652,0.25448596,0.51594867,0.13858889,3.5083245,0.065164565,79.999979
60.319942,-3982.4013,0.25522385,0.5210551,0.099448654,5.181259,0.064102094,79.999979
60.329942,-3985.7678,0.2557713,0.51490551,0.11697448,4.432291,0.061568085,79.999979
60.339942,-3986.4958,0.25510546,0.5052307,0.1154579,4.1765277,0.060332125,79.999979
60.349942,-3988.3563,0.25491411,0.51959098,0.15829738,3.6792803,0.082268279,79.999979
60.359942,-3988.3563,0.25491411,0.51365076,0.14207614,3.5798649,0.073149664,79.999979
60.369942,-3988.2916,0.25482647,0.50771054,0.1258549,4.0110139,0.064031048,79.999979
60.379942,-3988.5294,0.25469639,0.53105219,0.11557778,4.4284845,0.062147085,79.999979
60.389942,-3989.8827,0.25494598,0.4879603,0.12301468,4.1811236,0.060662785,79.999979
60.399942,-3987.5215,0.25489473,0.52065096,0.11115411,4.1620635,0.057866121,79.999979
60.409942,-3989.3071,0.25433527,0.48059528,0.12455164,3.6149958,0.059855108,79.999979
60.419942,-3989.7424,0.25436838,0.48814717,0.11611444,3.9504906,0.056217578,79.999979
60.429942,-3989.9433,0.25436838,0.48997719,0.10620524,4.4230565,0.051817982,79.999979
60.439942,-3989.9433,0.25436138,0.50109619,0.099981568,4.9094732,0.050559456,79.999979
60.449942,-3988.118,0.25408212,0.54273794,0.1060903,5.1935433,0.058049591,79.999979
60.459942,-3990.4536,0.25519576,0.50792406,0.12054098,4.2545345,0.061218158,79.999979
60.469942,-3992.3473,0.2550025,0.61566254,0.10846137,5.2602719,0.066803011,79.999979
60.479942,-3991.7295,0.25538869,0.49948381,0.1046139,5.0278451,0.053068376,79.999979
60.489942,-3991.46,0.25532744,0.50016595,0.11598478,4.6165445,0.059058707,79.999979
60.499942,-3991.46,0.25526619,0.4905677,0.12748892,3.8726899,0.073107752,79.999979
60.509942,-3994.2521,0.25446587,0.51263901,0.105475,4.8726308,0.057178883,79.999979
60.519942,-3995.4166,0.25449042,0.57369629,0.10928011,4.8069787,0.062546573,79.999979
60.529942,-3994.0882,0.25509386,0.5947915,0.11657319,5.0334227,0.069828681,79.999979
60.539942,-3996.6416,0.25441628,0.54270592,0.11690327,4.7132297,0.060789697,79.999979
60.549942,-3996.7826,0.25444204,0.5452344,0.11772417,4.4705103,0.059353599,79.999979
60.559942,-3996.9237,0.25446781,0.54776287,0.10681492,4.8562871,0.057917502,79.999979
60.569942,-3997.0326,0.25435906,0.52692351,0.10094931,4.8560423,0.058018364,79.999979
60.579942,-3997.0723,0.2546672,0.54897127,0.11863367,4.4949036,0.064048537,79.999979
60.589942,-4001.0603,0.25366925,0.51062142,0.097446322,4.598469,0.053874921,79.999979
60.599942,-4002.6274,0.25395559,0.55213779,0.12733639,4.6417763,0.069632275,79.999979
60.609942,-4002.4596,0.25373401,0.49869259,0.16215575,3.9546137,0.080709709,79.999979
60.619942,-4002.2918,0.25411991,0.53217834,0.1419176,3.2674511,0.073416774,79.999979
60.629942,-4001.2215,0.25450581,0.57386897,0.12686181,3.8267586,0.073768362,79.999979
60.639942,-4000.2482,0.25492893,0.50726116,0.10777616,4.2629282,0.054460032,79.999979
60.649942,-4002.2034,0.25493803,0.49600141,0.10929009,4.7099196,0.05419514,79.999979
60.659942,-4000.9753,0.25427058,0.53616352,0.11201614,4.7537341,0.0599645,79.999979
60.669942,-3999.0862,0.25432273,0.51484638,0.12120289,4.2402685,0.062064244,79.999979
60.679942,-3999.0696,0.25437488,0.49352924,0.13038965,3.7268029,0.064163987,79.999979
60.689942,-3999.1882,0.25383191,0.54382554,0.13410754,3.8947155,0.072928259,79.999979
60.699942,-4001.75,0.25479434,0.57230158,0.1352779,3.9595269,0.073740375,79.999979
60.709942,-4003.6113,0.25387264,0.53973172,0.12665312,4.1598547,0.068350561,79.999979
60.719942,-4004.0497,0.25459371,0.58003916,0.14133988,3.9492623,0.078702533,79.999979
60.729942,-4005.9931,0.25466164,0.5500152,0.12677314,4.3947535,0.067966218,79.999979
60.739942,-4005.9305,0.25472957,0.51999124,0.11032869,4.8307754,0.057229904,79.999979
60.749942,-4005.6013,0.25482295,0.52117551,0.1196057,4.4963829,0.071856268,79.999979
60.759942,-4007.2659,0.25490941,0.56423966,0.12873609,4.3265027,0.072191595,79.999979
60.769942,-4004.5457,0.25423102,0.57826974,0.10884751,5.0860351,0.062843663,79.999979
60.779942,-4005.1075,0.2544268,0.52289645,0.115045,4.6293571,0.063576241,79.999979
60.789942,-4005.2999,0.25466028,0.522396,0.11038843,4.6057868,0.055975393,79.999979
60.799942,-4005.2008,0.25473459,0.51190332,0.098421663,5.1451406,0.04950357,79.999979
60.809942,-4005.1017,0.25457323,0.51623851,0.090254238,5.5972078,0.048240942,79.999979
60.819942,-4001.2105,0.25439732,0.50771178,0.13492589,4.0753952,0.066710141,79.999979
60.829942,-4002.5958,0.25300904,0.4729417,0.11507663,4.226167,0.05785995,79.999979
60.839942,-4001.5146,0.25429417,0.50091734,0.10059589,5.0157379,0.050387026,79.999979
60.849942,-4001.1596,0.25420826,0.49559555,0.12316535,4.232494,0.059878395,79.999979
60.859942,-4000.847,0.25411148,0.49824238,0.12781124,3.8985359,0.063107087,79.999979
60.869942,-4000.5344,0.25412754,0.5008892,0.13245714,3.6970921,0.066335778,79.999979
60.879942,-4002.4683,0.25467813,0.5130715,0.10502676,4.7152897,0.055025164,79.999979
60.889942,-4003.6528,0.25353361,0.52163643,0.12589111,3.7461766,0.068521102,79.999979
60.899942,-4002.3173,0.25373111,0.55188091,0.11190415,5.1241583,0.065678147,79.999979
60.909942,-4004.026,0.25398042,0.52256899,0.12987379,3.8804858,0.067883308,79.999979
60.919942,-4002.2656,0.25322367,0.52182946,0.11722936,4.403357,0.061170808,79.999979
60.929942,-4002.2656,0.25331405,0.51087924,0.11973405,4.2374326,0.061165226,79.999979
60.939942,-4002.2656,0.25341898,0.50439879,0.12778239,4.166274,0.064565047,79.999979
60.949942,-4002.7911,0.25352391,0.50402256,0.13609614,3.8198696,0.067725731,79.999979
60.959942,-4005.727,0.25354959,0.51347425,0.13022284,4.0474468,0.066582038,79.999979
60.969942,-4006.7129,0.25418898,0.49465313,0.11338688,3.9265022,0.055550269,79.999979
60.979942,-4006.3918,0.25406509,0.50129383,0.14533101,3.3287554,0.072818717,79.999979
60.989942,-4006.3918,0.25400273,0.51828428,0.1151345,4.2461164,0.059635874,79.999979
60.999942,-4006.3918,0.25400145,0.5156369,0.11093472,4.585381,0.057814051,79.999979
61.009942,-4006.4226,0.25400145,0.50360908,0.11648312,4.3690141,0.058839194,79.999979
61.019942,-4008.7046,0.25409565,0.50125303,0.15159105,3.2055747,0.075981925,79.999979
61.029942,-4007.5248,0.25431113,0.4885713,0.11765868,4.0510584,0.05750454,79.999979
61.039942,-4009.6392,0.25325113,0.50053013,0.12783208,3.8153427,0.06169834,79.999979
61.049942,-4010.6787,0.25385881,0.51034034,0.10850236,4.8668718,0.055465663,79.999979
61.059942,-4010.6787,0.25387615,0.51861055,0.12783118,4.470378,0.064873996,79.999979
61.069942,-4010.6787,0.2539494,0.51048893,0.11897075,4.0738843,0.060393249,79.999979
61.079942,-4009.6711,0.25399011,0.54108687,0.10525611,4.7282304,0.058076931,79.999979
61.089942,-4012.9792,0.25490823,0.56414115,0.10274127,4.5935096,0.057925721,79.999979
61.099942,-4013.7551,0.25368957,0.51875098,0.11359254,4.6289949,0.059538518,79.999979
61.109942,-4011.9551,0.25368057,0.51635605,0.1164376,4.3343079,0.058443391,79.999979
61.119942,-4012.8209,0.25416447,0.51558956,0.11437223,4.4085559,0.059090942,79.999979
61.129942,-4013.6868,0.25416447,0.53178797,0.11230686,4.4828039,0.06201478,79.999979
61.139942,-4014.1038,0.25416447,0.58422417,0.13581288,3.9315324,0.068137538,79.999979
61.149942,-4016.4461,0.25316257,0.53734366,0.11842209,4.8093145,0.077480049,79.999979
61.159942,-4015.7894,0.25419379,0.53990645,0.1167025,4.5914132,0.063129507,79.999979
61.169942,-4018.7718,0.25417356,0.5061371,0.10347788,4.5289275,0.053020828,79.999979
61.179942,-4019.343,0.25399546,0.51412925,0.10299624,4.6360912,0.053318633,79.999979
61.189942,-4019.9141,0.25381736,0.52212141,0.10251459,4.7432548,0.053616437,79.999979
61.199942,-4020.1083,0.25364089,0.58897525,0.11213919,4.9821777,0.067842542,79.999979
61.209942,-4017.3068,0.25365508,0.58653209,0.12451375,4.6148372,0.071079475,79.999979
61.219942,-4018.3646,0.25274622,0.54638045,0.10957799,4.5367514,0.05990692,79.999979
61.229942,-4016.7012,0.25319332,0.53042688,0.13376287,3.6999733,0.064854176,79.999979
61.239942,-4016.0456,0.25316411,0.55106696,0.10164162,5.4193508,0.060343105,79.999979
61.249942,-4015.8914,0.25313489,0.50661119,0.10285708,5.1082489,0.053875625,79.999979
61.259942,-4015.7372,0.25311554,0.52738167,0.10536294,4.8033496,0.055783569,79.999979
61.269942,-4017.9947,0.25250708,0.53880798,0.11214563,4.4689175,0.060674378,79.999979
61.279942,-4020.3855,0.25418074,0.49175558,0.11742183,4.2222337,0.05863343,79.999979
61.289942,-4019.4069,0.2539909,0.52713419,0.15163538,3.4564479,0.080016489,79.999979
61.299942,-4019.8669,0.25396888,0.52508362,0.10659238,5.1579416,0.061116543,79.999979
61.309942,-4020.2439,0.2538244,0.52468571,0.12438272,4.8689204,0.067905424,79.999979
61.319942,-4020.6209,0.2538244,0.52428781,0.14217306,3.7258096,0.074694304,79.999979
61.329942,-4020.7029,0.25355574,0.49389677,0.11384294,4.159747,0.056235453,79.999979
61.339942,-4018.6908,0.25441736,0.51153415,0.10629765,4.8600371,0.062128276,79.999979
61.349941,-4020.5826,0.25392583,0.54422703,0.10045172,5.8818701,0.054593032,79.999979
61.359941,-4021.5713,0.25357309,0.51036221,0.12979841,4.0948742,0.065963619,79.999979
61.369941,-4020.6236,0.25355872,0.49164101,0.14774546,3.4379087,0.071197082,79.999979
61.379941,-4019.6759,0.25354435,0.51030715,0.12972089,3.4675692,0.065698559,79.999979
61.389941,-4019.3871,0.253531,0.51374682,0.14529737,3.8007256,0.073461648,79.999979
61.399941,-4018.8518,0.25386834,0.5665622,0.11641742,4.7723642,0.065370809,79.999979
61.409941,-4019.0111,0.25348026,0.51914424,0.13940057,3.9263642,0.065514877,79.999979
61.419941,-4016.357,0.25222599,0.55471818,0.11876596,5.2216551,0.065904689,79.999979
61.429941,-4016.6259,0.25249327,0.53522739,0.1150252,4.5683138,0.061691558,79.999979
61.439941,-4016.8948,0.25257568,0.51573661,0.11128444,4.5621544,0.057478426,79.999979
61.449941,-4017.1271,0.25257568,0.49919211,0.11203695,4.4065736,0.056820036,79.999979
61.459941,-4017.255,0.25358193,0.5326503,0.16499219,3.1677968,0.087901642,79.999979
61.469941,-4015.95,0.2543271,0.52147022,0.12334308,4.113459,0.064309726,79.999979
61.479941,-4019.3917,0.25264067,0.51842154,0.13523753,3.7493295,0.061286156,79.999979
61.489941,-4020.0517,0.25293616,0.54518321,0.11454457,4.6285439,0.061436379,79.999979
61.499941,-4020.6584,0.25334374,0.56569222,0.11591215,4.5251394,0.064408286,79.999979
61.509941,-4021.265,0.2536986,0.55988302,0.11451897,4.6669492,0.061262115,79.999979
61.519941,-4020.7912,0.25347713,0.52136362,0.11788694,4.0947132,0.061402774,79.999979
61.529941,-4022.5524,0.25299575,0.55335051,0.099986151,5.4855156,0.055335746,79.999979
61.539941,-4023.8121,0.25292053,0.49986693,0.11364894,4.2837349,0.056835738,79.999979
61.549941,-4022.1204,0.25238202,0.52193551,0.12235318,4.0182041,0.06458978,79.999979
61.559941,-4021.1635,0.2524441,0.51414664,0.11552184,4.3505591,0.060017895,79.999979
61.569941,-4020.256,0.25250618,0.50635777,0.10946475,4.5216954,0.05544601,79.999979
61.579941,-4020.9982,0.25270538,0.5237497,0.12145463,4.1254904,0.063633117,79.999979
61.589941,-4024.0852,0.2529029,0.52533198,0.11712714,4.4935871,0.061519386,79.999979
61.599941,-4021.5811,0.25266,0.57781676,0.11070023,5.0978909,0.064462521,79.999979
61.609941,-4024.5006,0.25274133,0.54093422,0.14291279,3.6764065,0.077375621,79.999979
61.619941,-4024.5352,0.25260808,0.52852574,0.12686397,3.9817942,0.068013529,79.999979
61.629941,-4024.5698,0.25247484,0.5149886,0.11748501,4.287182,0.061629985,79.999979
61.639941,-4024.6748,0.25241897,0.50831266,0.12691559,4.2963627,0.068298442,79.999979
61.649941,-4026.2175,0.25218436,0.49644715,0.12371596,4.3763831,0.06162981,79.999979
61.659941,-4028.7082,0.25276134,0.52371038,0.12292678,3.9958664,0.063736808,79.999979
61.669941,-4028.5275,0.25233676,0.53223531,0.11740088,4.3811723,0.059959543,79.999979
61.679941,-4029.0166,0.2525465,0.56464237,0.12626939,4.0533304,0.065105995,79.999979
61.689941,-4029.5058,0.25275624,0.59704942,0.1206012,4.7314519,0.070252446,79.999979
61.699941,-4029.623,0.25296599,0.48566133,0.12055818,4.1121075,0.058550356,79.999979
61.709941,-4026.6725,0.25333003,0.49062151,0.12445195,3.8487455,0.060998862,79.999979
61.719941,-4030.1496,0.2527681,0.50823435,0.11999163,3.9843997,0.06097291,79.999979
61.729941,-4030.8478,0.25257387,0.54610645,0.13987915,3.6144512,0.07650317,79.999979
61.739941,-4030.1261,0.25276947,0.57832763,0.12274945,4.1869122,0.072821599,79.999979
61.749941,-4029.4043,0.25296507,0.6105488,0.11121672,5.0009424,0.069140027,79.999979
61.759941,-4028.8118,0.25316067,0.63323114,0.10403544,6.0940338,0.066697085,79.999979
61.769941,-4031.363,0.25281554,0.51827578,0.10425155,5.7466872,0.053999279,79.999979
61.779941,-4032.3281,0.25321978,0.52409115,0.11508104,4.6224314,0.060481547,79.999979
61.789941,-4028.3486,0.25206445,0.56176383,0.11296944,4.8048778,0.063403509,79.999979
61.799941,-4028.3486,0.25206445,0.50787642,0.11917312,5.0060376,0.060903885,79.999979
61.809941,-4029.0266,0.25206445,0.49994967,0.12985405,4.1904655,0.063087289,79.999979
61.819941,-4029.986,0.25224201,0.54090197,0.12290925,4.021419,0.06799729,79.999979
61.829941,-4030.7249,0.25198956,0.53545927,0.11374071,4.1146646,0.06377346,79.999979
61.839941,-4029.9215,0.25223515,0.5224607,0.11687899,4.3339518,0.060525482,79.999979
61.849941,-4031.1962,0.25293439,0.54301405,0.11187945,4.6832955,0.060125849,79.999979
61.859941,-4031.4876,0.25302212,0.50127965,0.11411505,4.843069,0.056393754,79.999979
61.869941,-4031.623,0.25302212,0.4835871,0.11920458,4.2788874,0.055755248,79.999979
61.879941,-4031.623,0.25302212,0.50179384,0.11921804,4.0062924,0.049808794,79.999979
61.889941,-4032.7667,0.25292344,0.47027981,0.10816504,4.2734579,0.050923275,79.999979
61.899941,-4031.4905,0.25185566,0.50537962,0.1114706,4.4023645,0.059734818,79.999979
61.909941,-4033.2146,0.253022,0.54922829,0.14808498,3.6441705,0.070726807,79.999979
61.919941,-4030.7735,0.25286328,0.52246671,0.13697068,4.1388563,0.071624865,79.999979
61.929941,-4030.0296,0.25326171,0.51940727,0.11925005,3.951717,0.062031268,79.999979
61.939941,-4029.2857,0.25326171,0.51634784,0.10152942,4.9229805,0.052437672,79.999979
61.949941,-4029.0979,0.25350497,0.51785349,0.11213879,4.6735645,0.059018214,79.999979
61.959941,-4031.0361,0.25203679,0.4924139,0.13626942,3.4907515,0.06940487,79.999979
61.969941,-4029.4758,0.25196406,0.52900131,0.10545526,4.8847363,0.060905341,79.999979
61.979941,-4029.6258,0.25324049,0.55384431,0.12071438,4.4120649,0.066778851,79.999979
61.989941,-4030.0911,0.25327227,0.57636353,0.11374917,4.785206,0.066083652,79.999979
61.999941,-4030.5564,0.25283214,0.54424698,0.11022577,5.1583471,0.062237815,79.999979
62.009941,-4030.7171,0.25240041,0.5022255,0.1321082,3.8320946,0.067453476,79.999979
62.019941,-4031.0292,0.25245021,0.5031077,0.0972098,5.0353258,0.048938444,79.999979
62.029941,-4029.99,0.25352849,0.52179561,0.1077071,4.8349692,0.062741431,79.999979
62.039941,-4033.0881,0.25279201,0.51378677,0.11254224,4.1213371,0.064925427,79.999979
62.049941,-4033.0121,0.25360545,0.51895833,0.11521363,4.4580241,0.064124625,79.999979
62.059941,-4032.936,0.25369931,0.52412989,0.11788502,4.368091,0.063323823,79.999979
62.069941,-4032.8599,0.25369931,0.51701835,0.1126029,4.5016684,0.058075177,79.999979
62.079941,-4031.4928,0.2529485,0.4722859,0.13340627,3.9886246,0.063129165,79.999979
62.089941,-4034.1,0.25247579,0.5198914,0.12190937,4.3388573,0.063392147,79.999979
62.099941,-4033.5915,0.25266376,0.49630932,0.11268383,4.385506,0.05594563,79.999979
62.109941,-4033.8199,0.25286551,0.50986797,0.10321863,4.6772126,0.063226006,79.999979
62.119941,-4034.0297,0.25273225,0.52827413,0.12409714,4.303699,0.073966427,79.999979
62.129941,-4034.0297,0.25260549,0.53440897,0.14232981,3.5448052,0.076398022,79.999979
62.139941,-4036.3336,0.25200183,0.55587328,0.12528857,4.4774029,0.070023652,79.999979
62.149941,-4037.1029,0.25145979,0.51049822,0.1106049,4.5038101,0.061961612,79.999979
62.159941,-4037.0615,0.25354947,0.53383175,0.11843473,4.3133846,0.063219195,79.999979
62.169941,-4037.3088,0.2537236,0.52875335,0.10385703,5.2703493,0.056011083,79.999979
62.179941,-4037.4446,0.25367612,0.52443803,0.11135072,4.8170243,0.055980002,79.999979
62.189941,-4038.1085,0.25362863,0.56107303,0.10577616,4.3636992,0.058674497,79.999979
62.199941,-4038.5717,0.25269724,0.51464127,0.14963519,3.3961933,0.065882402,79.999979
62.209941,-4037.0846,0.25295798,0.53681584,0.1460426,3.4679836,0.07838625,79.999979
62.219941,-4039.9927,0.25145281,0.59484586,0.11848995,4.6299412,0.070609184,79.999979
62.229941,-4041.8553,0.25240347,0.52428002,0.11908293,4.2877577,0.061429173,79.999979
62.239941,-4042.2918,0.25252497,0.52246044,0.11160557,4.6195648,0.056097049,79.999979
62.249941,-4042.7282,0.25264646,0.52064086,0.097996931,5.2427031,0.050764924,79.999979
62.259941,-4040.4877,0.25284608,0.54776514,0.12808495,4.2940244,0.078141033,79.999979
62.269941,-4042.6425,0.25248394,0.54892728,0.12196163,4.5724997,0.066860962,79.999979
62.279941,-4045.2471,0.25200434,0.52567349,0.13448876,3.2105947,0.070233983,79.999979
62.289941,-4042.5974,0.25260571,0.51073048,0.12832118,3.9399167,0.065706642,79.999979
62.299941,-4042.2261,0.25285381,0.48597575,0.11960706,4.1201352,0.058345518,79.999979
62.309941,-4042.945,0.2531019,0.54066232,0.11089295,4.3003537,0.063201206,79.999979
62.319941,-4043.6639,0.25303539,0.55030232,0.15060849,3.6324954,0.05725055,79.999979
62.329941,-4044.1346,0.25335783,0.50979275,0.1303193,3.7533274,0.060670008,79.999979
62.339941,-4040.3391,0.25324427,0.55581438,0.11185916,4.8088236,0.062154311,79.999979
62.349941,-4042.0612,0.25230558,0.50209105,0.09958066,4.7621396,0.054735362,79.999979
62.359941,-4042.292,0.25192756,0.50462947,0.110792,4.8493855,0.058548165,79.999979
62.369941,-4042.3843,0.25154954,0.50716788,0.12200334,4.2037091,0.062360967,79.999979
62.379941,-4042.4675,0.25144897,0.5332958,0.12185124,4.2082512,0.064924691,79.999979
62.389941,-4042.1012,0.25191427,0.50640173,0.096342031,6.1075104,0.054261687,79.999979
62.39994,-4043.4378,0.2522686,0.57540962,0.1466115,3.8787941,0.084590301,79.999979
62.40994,-4046.1743,0.25265207,0.49737547,0.10869076,4.9459449,0.054044801,79.999979
62.41994,-4045.6296,0.25269892,0.51597366,0.11514508,4.2943802,0.058839265,79.999979
62.42994,-4045.0487,0.25249319,0.53006308,0.11626032,4.3433949,0.061423983,79.999979
62.43994,-4044.0331,0.25221905,0.52284639,0.1159807,4.4749981,0.059599554,79.999979
62.44994,-4044.058,0.25188438,0.52220753,0.13488512,3.8448006,0.070436308,79.999979
62.45994,-4044.7409,0.25274245,0.54521794,0.09899984,5.3085245,0.060661484,79.999979
62.46994,-4042.1113,0.25246932,0.58183034,0.11119828,5.1317724,0.06523314,79.999979
62.47994,-4042.4186,0.25233154,0.55517151,0.13405676,4.5369886,0.071980634,79.999979
62.48994,-4042.8857,0.25248412,0.53408881,0.13997656,4.002645,0.073415798,79.999979
62.49994,-4043.5468,0.2526367,0.51304393,0.14589637,3.4924538,0.074754802,79.999979
62.50994,-4044.2078,0.25244454,0.49886403,0.10421324,4.9161019,0.051951358,79.999979
62.51994,-4044.2769,0.25252196,0.48301932,0.11164158,4.2303145,0.053924777,79.999979
62.52994,-4042.5634,0.25250998,0.56016499,0.15190032,4.0216605,0.085569935,79.999979
62.53994,-4043.7425,0.25274861,0.51761042,0.10136209,5.0505336,0.054884846,79.999979
62.54994,-4043.7425,0.2527127,0.49550758,0.10584897,5.0462557,0.053439464,79.999979
62.55994,-4043.7425,0.2524947,0.47794299,0.11033584,4.3770342,0.052498296,79.999979
62.56994,-4044.5729,0.25208214,0.47998686,0.11195075,4.1678891,0.053743354,79.999979
62.57994,-4042.2346,0.25160979,0.56569022,0.11287478,4.9721852,0.063762393,79.999979
62.58994,-4044.2764,0.25144149,0.48981722,0.13620396,3.9599764,0.066711673,79.999979
62.59994,-4045.0804,0.25223386,0.51490554,0.15389778,4.4672931,0.07401624,79.999979
62.60994,-4045.0804,0.25228081,0.51995442,0.14906388,3.2593238,0.074334164,79.999979
62.61994,-4045.0804,0.25228473,0.52500331,0.14422998,3.4697647,0.074652088,79.999979
62.62994,-4043.9739,0.25228473,0.51260125,0.11934864,4.112033,0.068804978,79.999979
62.63994,-4044.7107,0.251938,0.53451086,0.11835324,4.325665,0.063620292,79.999979
62.64994,-4047.6798,0.25182307,0.5562867,0.11596802,4.8206438,0.05752174,79.999979
62.65994,-4046.4847,0.25182657,0.5061212,0.1213161,4.0726757,0.060597325,79.999979
62.66994,-4046.3962,0.25226661,0.49366608,0.10572392,4.5579961,0.052117464,79.999979
62.67994,-4046.3077,0.25270665,0.50973535,0.11676872,4.3924719,0.06116451,79.999979
62.68994,-4047.3114,0.25256049,0.53076184,0.13681403,3.8634354,0.073257537,79.999979
62.69994,-4048.9421,0.25243822,0.54433823,0.12267322,3.7312806,0.066203679,79.999979
62.70994,-4049.8254,0.25305508,0.50351969,0.12064935,4.0705877,0.061334776,79.999979
62.71994,-4047.9738,0.2517493,0.51190059,0.092812904,5.1278059,0.052498302,79.999979
62.72994,-4049.8682,0.25183235,0.5219095,0.10594022,5.2249208,0.054618737,79.999979
62.73994,-4050.5561,0.25197919,0.52157226,0.11455864,4.6881573,0.059439991,79.999979
62.74994,-4050.5429,0.25212603,0.5272471,0.12547491,4.1005773,0.066715177,79.999979
62.75994,-4051.8854,0.25164183,0.5200615,0.15382148,4.2074247,0.080007141,79.999979
62.76994,-4050.1171,0.25199212,0.49277103,0.11658349,4.2070529,0.057206048,79.999979
62.77994,-4052.2178,0.25264754,0.51002983,0.11051962,4.4183311,0.057056465,79.999979
62.78994,-4052.4076,0.25202849,0.52556716,0.10921276,4.6993283,0.057392396,79.999979
62.79994,-4052.6768,0.25158382,0.52466761,0.11318348,4.7035577,0.060466245,79.999979
62.80994,-4052.9459,0.25144466,0.50890783,0.13932129,3.9537933,0.070973156,79.999979
62.81994,-4053.7097,0.25178237,0.4852269,0.14958349,3.5600847,0.072512548,79.999979
62.82994,-4051.2977,0.25353864,0.54587263,0.10906149,5.3388624,0.05931251,79.999979
62.83994,-4054.7561,0.25228349,0.57575153,0.11560354,4.7101557,0.066593835,79.999979
62.84994,-4054.7349,0.25173899,0.55659011,0.11237011,4.7239146,0.062563769,79.999979
62.85994,-4054.281,0.25174623,0.58846319,0.11742918,4.8576363,0.068256747,79.999979
62.86994,-4053.8271,0.25176568,0.54160372,0.11636313,4.991358,0.062686581,79.999979
62.87994,-4052.5724,0.25198189,0.52883346,0.1243243,4.0924826,0.063828565,79.999979
62.88994,-4056.6976,0.25146431,0.55455783,0.12886211,4.256311,0.073221739,79.999979
62.89994,-4056.4203,0.25273971,0.52751741,0.10953262,4.6002162,0.057723179,79.999979
62.90994,-4056.4887,0.25204926,0.55467304,0.11840141,4.8014319,0.061042374,79.999979
62.91994,-4056.4887,0.25204926,0.50213211,0.13423989,4.2170086,0.066813414,79.999979
62.92994,-4056.4887,0.25204926,0.52888776,0.13601399,3.6325853,0.068567464,79.999979
62.93994,-4056.8648,0.25204926,0.49308877,0.11817986,4.3441394,0.057888421,79.999979
62.94994,-4056.4727,0.25187017,0.51856508,0.14671252,3.4926973,0.076082247,79.999979
62.95994,-4053.7089,0.25269724,0.48896508,0.11257018,4.3974154,0.055046382,79.999979
62.96994,-4055.634,0.25188388,0.47736982,0.12308927,3.7637357,0.058775969,79.999979
62.97994,-4056.7482,0.25188388,0.51795522,0.1266086,3.8091825,0.065616756,79.999979
62.98994,-4056.8523,0.25188388,0.52451036,0.13012792,3.8611501,0.068624648,79.999979
62.99994,-4056.8523,0.25205815,0.51968563,0.13509667,3.7727854,0.070350802,79.999979
63.00994,-4054.8623,0.25115553,0.52418635,0.10911226,3.9330019,0.053840485,79.999979
63.01994,-4057.9303,0.25189555,0.4747944,0.12392127,3.8807746,0.059157438,79.999979
63.02994,-4057.5374,0.25199129,0.5387447,0.1348947,3.4303696,0.072469312,79.999979
63.03994,-4055.7635,0.25223314,0.5218955,0.14833951,3.6480818,0.073315957,79.999979
63.04994,-4055.7635,0.2522117,0.54155852,0.14118537,3.5291541,0.074360298,79.999979
63.05994,-4055.768,0.2522117,0.54804783,0.13058763,4.0847978,0.071828722,79.999979
63.06994,-4056.7104,0.25249187,0.51138829,0.10454783,4.3474783,0.053440517,79.999979
63.07994,-4057.8783,0.25203348,0.56682438,0.1079149,4.8658369,0.059920036,79.999979
63.08994,-4057.2492,0.25207035,0.49133189,0.11524579,4.1879465,0.056954256,79.999979
63.09994,-4059.2275,0.25240355,0.51119955,0.12379901,4.2661233,0.058846829,79.999979
63.10994,-4059.1412,0.25204458,0.50751443,0.11812092,4.0716525,0.057638929,79.999979
63.11994,-4059.1183,0.25168561,0.50382932,0.11244283,4.3666016,0.05643103,79.999979
63.12994,-4059.8376,0.25142872,0.48918723,0.13699053,3.8167655,0.06689523,79.999979
63.13994,-4058.2563,0.25235258,0.51152371,0.098718012,5.140055,0.04958908,79.999979
63.14994,-4060.2303,0.25240762,0.48714454,0.14001286,4.0050005,0.068230055,79.999979
63.15994,-4062.5657,0.25262304,0.50541095,0.11861377,4.6395554,0.055044261,79.999979
63.16994,-4061.8608,0.25231838,0.51076041,0.15812772,3.1728094,0.052275539,79.999979
63.17994,-4061.1559,0.25201372,0.51610987,0.11424664,4.6500627,0.049506816,79.999979
63.18994,-4060.4511,0.25189555,0.47527472,0.11278909,4.2179939,0.053407872,79.999979
63.19994,-4062.3804,0.25245373,0.53344216,0.09925688,5.4926104,0.052913867,79.999979
63.20994,-4062.8815,0.25218774,0.51554925,0.11725278,4.2965903,0.060449622,79.999979
63.21994,-4059.7802,0.25191004,0.52956439,0.11351551,4.5046909,0.05809289,79.999979
63.22994,-4060.2817,0.25183039,0.58078791,0.11098235,4.6490447,0.064290599,79.999979
63.23994,-4060.7832,0.25175075,0.56824663,0.11151016,4.7933985,0.063562386,79.999979
63.24994,-4061.2847,0.25167111,0.54989453,0.11297632,4.9377522,0.06220302,79.999979
63.25994,-4061.7862,0.25159146,0.53154243,0.11444248,5.082106,0.060843654,79.999979
63.26994,-4062.246,0.25151182,0.52855652,0.11793103,4.4174215,0.062339237,79.999979
63.27994,-4063.0089,0.25230227,0.51480659,0.10548935,5.2660864,0.061027086,79.999979
63.28994,-4063.8078,0.25242442,0.49985797,0.11358015,4.3036315,0.056770901,79.999979
63.29994,-4063.1978,0.25240178,0.52099119,0.10507736,4.6624339,0.057166781,79.999979
63.30994,-4062.2574,0.25239883,0.55278394,0.10449867,4.9841076,0.059966072,79.999979
63.31994,-4061.4546,0.25268345,0.50834606,0.11347142,4.4742879,0.057413391,79.999979
63.32994,-4065.6056,0.25208009,0.49110411,0.11942131,4.4551236,0.058832184,79.999979
63.33994,-4064.4576,0.25207176,0.57217916,0.10662836,4.6421259,0.05990872,79.999979
63.34994,-4063.4074,0.25214128,0.53541266,0.10125096,5.0068406,0.054615223,79.999979
63.35994,-4063.9837,0.25177458,0.57021377,0.10381026,5.2115976,0.059479992,79.999979
63.36994,-4064.5599,0.25172629,0.59934959,0.10636957,5.5501613,0.064734825,79.999979
63.37994,-4065.4,0.2519683,0.59719658,0.13854823,3.7689826,0.080052807,79.999979
63.38994,-4066.7424,0.25194049,0.51296661,0.12261287,4.0173704,0.063444269,79.999979
63.39994,-4068.289,0.25145267,0.52593322,0.15102585,3.340956,0.079383654,79.999979
63.40994,-4069.9036,0.25142744,0.51040696,0.15060052,3.266123,0.076530131,79.999979
63.41994,-4065.1072,0.25089906,0.53962927,0.093419346,5.6835492,0.051198704,79.999979
63.42994,-4065.7684,0.25120774,0.51851567,0.11758593,4.6342,0.056599092,79.999979
63.439939,-4066.3352,0.25147408,0.50824387,0.12854504,3.9673428,0.063369721,79.999979
63.449939,-4066.8384,0.25172432,0.53147095,0.13291377,3.8744099,0.069887822,79.999979
63.459939,-4066.4084,0.25101327,0.51480141,0.12512917,4.268976,0.064142684,79.999979
63.469939,-4067.252,0.25216046,0.52120521,0.1157511,4.6386273,0.060353288,79.999979
63.479939,-4069.7491,0.25089161,0.56406676,0.12242543,5.0203873,0.068690334,79.999979
63.489939,-4069.8315,0.25074732,0.5221654,0.1258444,4.0281616,0.067742803,79.999979
63.499939,-4070.4497,0.25102203,0.52617066,0.11952288,4.2558584,0.065129303,79.999979
63.509939,-4071.0679,0.25131679,0.5286786,0.11814014,4.3416521,0.062055678,79.999979
63.519939,-4069.7846,0.25107791,0.5809316,0.12011205,4.5998102,0.07039294,79.999979
63.529939,-4069.8626,0.2521411,0.52460092,0.12145658,3.9660092,0.062838948,79.999979
63.539939,-4070.9966,0.25145088,0.59178283,0.10761081,5.3821791,0.063682467,79.999979
63.549939,-4069.8029,0.25136595,0.50892437,0.12253216,4.3899824,0.06281963,79.999979
63.559939,-4068.935,0.25124665,0.51705649,0.120976,4.0699123,0.062779947,79.999979
63.569939,-4068.0672,0.25127912,0.52518862,0.11941983,4.2711108,0.062740263,79.999979
63.579939,-4067.4861,0.25132373,0.51606338,0.12500199,3.6600727,0.067750194,79.999979
63.589939,-4069.246,0.25056636,0.48989258,0.10772888,4.9903576,0.052738756,79.999979
63.599939,-4068.9743,0.25107793,0.52943236,0.1233068,4.1770012,0.065246359,79.999979
63.609939,-4069.6781,0.25096308,0.51105032,0.12271042,3.972981,0.06364966,79.999979
63.619939,-4070.5797,0.25118881,0.51506218,0.12291821,4.0783674,0.065811223,79.999979
63.629939,-4071.4812,0.25141455,0.51907405,0.12954799,3.9121313,0.067972786,79.999979
63.639939,-4071.5753,0.25206349,0.533987,0.1201677,4.3078617,0.063928427,79.999979
63.649939,-4072.5655,0.25060578,0.51256508,0.12494508,3.9392254,0.064254389,79.999979
63.659939,-4069.628,0.25170328,0.51000418,0.15847861,3.1364761,0.080761583,79.999979
63.669939,-4071.0509,0.25115522,0.55678786,0.10868434,5.0617444,0.060515414,79.999979
63.679939,-4071.0509,0.25115522,0.52949694,0.10851721,4.9390375,0.05746115,79.999979
63.689939,-4071.0509,0.25115522,0.50781061,0.10835008,4.8163305,0.058140031,79.999979
63.699939,-4071.0509,0.25127214,0.49925479,0.12547808,4.3907803,0.060081763,79.999979
63.709939,-4071.3203,0.25131882,0.51922117,0.10828682,4.6425496,0.056224609,79.999979
63.719939,-4072.7905,0.25185261,0.5262896,0.15545333,3.7488714,0.081755363,79.999979
63.729939,-4074.0877,0.25195592,0.57101046,0.10120139,5.712252,0.057642275,79.999979
63.739939,-4074.779,0.25201592,0.50261432,0.11082281,5.0405666,0.05554041,79.999979
63.749939,-4075.4702,0.2522163,0.49378284,0.12044422,4.3688811,0.064382107,79.999979
63.759939,-4075.3805,0.25243336,0.51368327,0.15585112,3.4377826,0.072076453,79.999979
63.769939,-4073.7204,0.25219356,0.50110796,0.10789417,4.4649931,0.054256592,79.999979
63.779939,-4075.0093,0.25138522,0.54755865,0.12019031,4.0783498,0.06111962,79.999979
63.789939,-4074.0836,0.25066071,0.50406955,0.14410852,3.8798064,0.072702638,79.999979
63.799939,-4073.0394,0.25131705,0.49763459,0.11424858,3.9696095,0.059971461,79.999979
63.809939,-4072.4455,0.25154364,0.49643599,0.11287548,4.2691859,0.058133998,79.999979
63.819939,-4072.0576,0.25147652,0.49174384,0.11615312,4.2329287,0.061208165,79.999979
63.829939,-4073.7508,0.25183006,0.47979915,0.12343254,3.9396785,0.059740022,79.999979
63.839939,-4076.429,0.25145175,0.49504936,0.11987573,4.2945635,0.059414667,79.999979
63.849939,-4073.7508,0.25136441,0.47844319,0.10415918,4.6478516,0.050400993,79.999979
63.859939,-4075.6189,0.25087397,0.49395182,0.11792651,4.156891,0.06429282,79.999979
63.869939,-4075.8322,0.25067062,0.48169952,0.1313741,3.9388865,0.06606767,79.999979
63.879939,-4076.0455,0.25077514,0.47433557,0.14059875,3.1693208,0.066520178,79.999979
63.889939,-4077.2723,0.25147369,0.54216649,0.14602424,3.8359417,0.079343094,79.999979
63.899939,-4074.6456,0.25100462,0.52671508,0.10318723,5.0176462,0.056116336,79.999979
63.909939,-4076.077,0.2521316,0.53015836,0.11563849,4.5732534,0.062083518,79.999979
63.919939,-4077.2888,0.25119848,0.53554711,0.14012554,3.5360065,0.0747995,79.999979
63.929939,-4077.9904,0.25093689,0.53999582,0.10104227,4.3847964,0.063421058,79.999979
63.939939,-4077.2019,0.2506753,0.51398869,0.13046715,5.2335863,0.069081394,79.999979
63.949939,-4075.9522,0.25146415,0.53516924,0.13115486,3.3922553,0.069156936,79.999979
63.959939,-4077.0888,0.2517445,0.51154379,0.10860768,4.4419976,0.06762731,79.999979
63.969939,-4080.4254,0.25048247,0.54783526,0.10039643,5.3554351,0.057908182,79.999979
63.979939,-4078.162,0.2507362,0.52793476,0.15151243,3.2754247,0.079303663,79.999979
63.989939,-4078.4312,0.25186341,0.57590638,0.13813097,3.3901159,0.07865563,79.999979
63.999939,-4078.7004,0.25196657,0.60959169,0.12474952,4.5598251,0.076299375,79.999979
64.009939,-4079.6478,0.25201959,0.52627257,0.11350746,4.6974478,0.059952847,79.999979
64.019939,-4080.6914,0.25160047,0.56353535,0.12680269,4.2594313,0.074563668,79.999979
64.029939,-4076.9629,0.25121956,0.51649775,0.1170268,4.323335,0.05851209,79.999979
64.039939,-4079.273,0.25174574,0.5595083,0.10479183,4.6051549,0.06079396,79.999979
64.049939,-4078.7957,0.25178663,0.54523354,0.099026375,5.2821092,0.056713204,79.999979
64.059939,-4078.3184,0.25182752,0.53095879,0.096897224,5.4070558,0.052632448,79.999979
64.069939,-4078.8702,0.25186841,0.52059214,0.11675433,4.8346705,0.062599687,79.999979
64.079939,-4078.904,0.25122408,0.50550773,0.096819724,4.523894,0.048948503,79.999979
64.089939,-4081.4104,0.25179103,0.47319256,0.12237813,4.0883044,0.055311783,79.999979
64.099939,-4083.8757,0.25214209,0.48187125,0.12349229,3.9040776,0.059717824,79.999979
64.109939,-4083.9377,0.25190157,0.56395972,0.12189882,4.4130878,0.069042037,79.999979
64.119939,-4083.2424,0.25160106,0.61754412,0.12817048,4.4914103,0.079211731,79.999979
64.129939,-4081.8972,0.25131286,0.56410111,0.12730211,4.6013094,0.064642959,79.999979
64.139939,-4081.003,0.25151909,0.53505724,0.11944172,4.176102,0.063662234,79.999979
64.149939,-4082.8934,0.25187126,0.52017557,0.12087182,4.2783248,0.06603757,79.999979
64.159939,-4081.6888,0.25055725,0.55785266,0.10785084,4.724967,0.060063477,79.999979
64.169939,-4082.0211,0.25088151,0.51057623,0.11943554,4.3983906,0.060859534,79.999979
64.179939,-4082.8467,0.25086318,0.49692701,0.13611964,4.0152769,0.066350552,79.999979
64.189939,-4083.6722,0.25084485,0.49912218,0.13793135,3.6321631,0.068570807,79.999979
64.199939,-4083.1758,0.25090688,0.52630659,0.1138329,4.3673133,0.060297134,79.999979
64.209939,-4082.7906,0.25037871,0.56480128,0.12850813,4.4024276,0.072025835,79.999979
64.219939,-4084.9948,0.2508952,0.53687899,0.14294113,3.7277499,0.0773977,79.999979
64.229939,-4086.0008,0.25193974,0.48951633,0.13245842,3.5769139,0.064835182,79.999979
64.239939,-4086.0008,0.25160446,0.50834143,0.13152766,3.6658124,0.066854561,79.999979
64.249939,-4086.3867,0.25126919,0.55207507,0.11940492,3.7547109,0.064827983,79.999979
64.259939,-4086.8397,0.25108386,0.56129085,0.10505494,4.5908574,0.06034277,79.999979
64.269939,-4083.5252,0.25132089,0.57931544,0.13846507,4.0765096,0.078590377,79.999979
64.279939,-4084.9493,0.25076633,0.53901473,0.10927363,5.1295525,0.062123275,79.999979
64.289939,-4084.6352,0.25066857,0.53138877,0.11947473,4.3548784,0.063485814,79.999979
64.299939,-4084.2696,0.25065369,0.52751931,0.12225694,4.2271876,0.064474976,79.999979
64.309939,-4083.9041,0.25063882,0.52364984,0.12503915,4.0994968,0.065464137,79.999979
64.319939,-4083.5385,0.25063114,0.50743017,0.11348765,4.4048469,0.057355077,79.999979
64.329939,-4085.9808,0.25093305,0.52627844,0.1593047,3.379728,0.079628333,79.999979
64.339939,-4088.3833,0.25115616,0.53382724,0.16142396,3.3510411,0.086012788,79.999979
64.349939,-4086.3539,0.25241683,0.51170082,0.10369755,4.8301438,0.053062448,79.999979
64.359939,-4086.847,0.25189891,0.5416773,0.1081855,4.661239,0.058328287,79.999979
64.369939,-4087.0608,0.25138099,0.57317485,0.11146202,4.830445,0.06373229,79.999979
64.379939,-4087.2746,0.25094542,0.57759705,0.11929515,4.9097761,0.069649974,79.999979
64.389939,-4087.1705,0.25057053,0.54185616,0.11602512,4.5087496,0.06145574,79.999979
64.399939,-4085.5469,0.25129781,0.59415647,0.10039415,5.1885852,0.059645244,79.999979
64.409939,-4087.0676,0.25056476,0.54997693,0.1105414,5.0477574,0.060934425,79.999979
64.419939,-4087.3,0.2508724,0.53746815,0.11638302,4.3602391,0.062589884,79.999979
64.429939,-4087.9926,0.2509315,0.54998303,0.11972339,4.4837423,0.065529025,79.999979
64.439939,-4088.6852,0.25099061,0.521339,0.11807892,4.582982,0.061557315,79.999979
64.449939,-4088.2688,0.25067496,0.54922393,0.12512664,3.7262279,0.067804514,79.999979
64.459939,-4087.625,0.25059577,0.53098603,0.11737775,4.3065826,0.062514846,79.999979
64.469939,-4089.2785,0.25094308,0.53635031,0.11411182,4.393708,0.070184064,79.999979
64.479939,-4090.5554,0.25054396,0.53682521,0.12011661,4.5391899,0.061185451,79.999979
64.489938,-4090.3269,0.25038482,0.56523409,0.11978091,4.3836698,0.062826314,79.999979
64.499938,-4090.0983,0.25022567,0.59364298,0.10947825,5.2302455,0.064467177,79.999979
64.509938,-4087.6536,0.250227,0.52597043,0.14690465,4.2013581,0.07877843,79.999979
64.519938,-4089.3392,0.25070875,0.52034175,0.071739283,7.3704379,0.03727972,79.999979
64.529938,-4088.6885,0.25215363,0.5751287,0.12995106,4.2668305,0.0747618,79.999979
64.539938,-4087.4884,0.2518532,0.51173444,0.12043942,4.2196412,0.05998615,79.999979
64.549938,-4087.6926,0.25130191,0.53316864,0.11651377,4.1956351,0.061067888,79.999979
64.559938,-4087.8969,0.25111473,0.55460285,0.11258811,4.7205327,0.062149625,79.999979
64.569938,-4089.731,0.25093846,0.50649791,0.12041563,4.2215174,0.060879374,79.999979
64.579938,-4091.0269,0.25043654,0.51675438,0.10033429,5.2589898,0.051978458,79.999979
64.589938,-4088.9727,0.25080608,0.50870442,0.12991879,3.4617443,0.066120325,79.999979
64.599938,-4090.2435,0.25060595,0.59513528,0.1247181,3.8499625,0.071223663,79.999979
64.609938,-4090.2435,0.25060595,0.57102658,0.15067439,3.799782,0.069181371,79.999979
64.619938,-4090.2435,0.25060595,0.54691788,0.13829611,3.9674499,0.067139079,79.999979
64.629938,-4090.3674,0.25086147,0.51377811,0.12433977,4.1145254,0.063329933,79.999979
64.639938,-4091.9033,0.25129386,0.53537728,0.10214501,5.0785729,0.055207035,79.999979
64.649938,-4088.8616,0.25080251,0.54168293,0.11626377,4.621649,0.063050712,79.999979
64.659938,-4090.6611,0.25038557,0.48759411,0.12630931,3.7565787,0.061676855,79.999979
64.669938,-4091.5336,0.25011197,0.53862132,0.13854251,3.7565679,0.074737483,79.999979
64.679938,-4091.97,0.24983838,0.52590941,0.11894317,3.7565572,0.061879178,79.999979
64.689938,-4092.4063,0.25024637,0.51405381,0.087572438,5.2994426,0.062616023,79.999979
64.699938,-4089.5468,0.25091178,0.56344132,0.10658309,4.834182,0.066983903,79.999979
64.709938,-4091.8385,0.25085934,0.53828329,0.12519249,3.9003006,0.059785812,79.999979
64.719938,-4091.7378,0.25140173,0.55242443,0.1041362,5.37749,0.057598402,79.999979
64.729938,-4090.7748,0.25124132,0.55850103,0.12028195,4.6189707,0.066031162,79.999979
64.739938,-4090.6014,0.25110094,0.55175079,0.12067067,4.53024,0.0662717,79.999979
64.749938,-4090.428,0.25097104,0.55882847,0.12105938,4.4415094,0.066663088,79.999979
64.759938,-4092.9314,0.25085377,0.51410655,0.10116852,4.4379362,0.052052433,79.999979
64.769938,-4093.466,0.25123526,0.49683626,0.12400781,5.3374241,0.061617152,79.999979
64.779938,-4092.411,0.25113649,0.51360431,0.11019125,4.7214177,0.055895135,79.999979
64.789938,-4091.7946,0.25066921,0.52027603,0.13152721,4.1803828,0.068500358,79.999979
64.799938,-4092.5896,0.25031272,0.51920775,0.1211695,3.9697572,0.065371317,79.999979
64.809938,-4093.3845,0.25033304,0.55375336,0.11081179,4.4689628,0.073393299,79.999979
64.819938,-4093.6621,0.2504647,0.55813578,0.1226177,4.4743196,0.069137869,79.999979
64.829938,-4094.2771,0.25075349,0.57987302,0.11334988,5.0146494,0.065951129,79.999979
64.839938,-4094.2141,0.2501701,0.50712181,0.1172251,4.0977054,0.056596517,79.999979
64.849938,-4094.4312,0.25137474,0.58834174,0.12131879,4.8002155,0.066447309,79.999979
64.859938,-4094.8139,0.25140447,0.53102699,0.111854,4.7854061,0.057627968,79.999979
64.869938,-4095.7357,0.25143419,0.49409155,0.10238921,4.7705967,0.051115254,79.999979
64.879938,-4096.6576,0.25077793,0.49646858,0.12487657,5.0806588,0.065293871,79.999979
64.889938,-4093.9831,0.25023843,0.5649867,0.11061675,4.9456332,0.062589118,79.999979
64.899938,-4096.4902,0.2497241,0.48879522,0.13152074,4.4075951,0.064292675,79.999979
64.909938,-4095.9184,0.25042425,0.62518881,0.10542183,5.1564933,0.065958566,79.999979
64.919938,-4095.3249,0.25102685,0.58017315,0.10384731,5.3895292,0.05755053,79.999979
64.929938,-4094.7314,0.25126099,0.53066365,0.092621723,5.6051915,0.048469307,79.999979
64.939938,-4094.1379,0.25132349,0.51541244,0.095580014,5.3441054,0.0493568,79.999979
64.949938,-4095.7349,0.25071173,0.49987464,0.10076729,4.5848935,0.050348751,79.999979
64.959938,-4095.8699,0.25035686,0.49437146,0.11579482,4.1448023,0.057298394,79.999979
64.969938,-4094.5163,0.25070761,0.55012713,0.11547833,4.2931573,0.063438147,79.999979
64.979938,-4095.1161,0.250779,0.54015137,0.11245605,5.0591455,0.060882087,79.999979
64.989938,-4095.7333,0.2508668,0.50807744,0.11039211,4.76652,0.056013474,79.999979
64.999938,-4096.0719,0.2509546,0.4980038,0.10729658,4.5386238,0.056707918,79.999979
65.009938,-4097.0285,0.25072852,0.49738413,0.098106929,5.0018458,0.051096159,79.999979
65.019938,-4094.825,0.25082841,0.61735769,0.13549784,4.2335575,0.084297838,79.999979
65.029938,-4098.27,0.25108748,0.56170821,0.11547701,4.7530421,0.065768658,79.999979
65.039938,-4098.3673,0.25093358,0.55313101,0.12100143,4.9703298,0.066321593,79.999979
65.049938,-4098.4101,0.25072481,0.52165989,0.14103357,4.116657,0.068800652,79.999979
65.059938,-4098.4905,0.25051605,0.55107914,0.13582368,3.2629841,0.072118976,79.999979
65.069938,-4096.4583,0.24992876,0.53351299,0.13332253,3.7489412,0.071471578,79.999979
65.079938,-4098.8289,0.25041253,0.51536488,0.10664074,4.8065763,0.05610937,79.999979
65.089938,-4098.3312,0.25106321,0.50648278,0.14230554,3.9876619,0.071839622,79.999979
65.099938,-4097.0468,0.25039305,0.51671818,0.12121821,3.6038967,0.068269995,79.999979
65.109938,-4096.7878,0.25042333,0.49872955,0.11678092,4.1757577,0.061660597,79.999979
65.119938,-4097.8351,0.25045362,0.48074091,0.11234363,4.1808499,0.055051199,79.999979
65.129938,-4099.0642,0.2504839,0.55890277,0.11831013,4.5876641,0.066223262,79.999979
65.139938,-4100.547,0.25104248,0.51922345,0.10431919,5.0317054,0.055278891,79.999979
65.149938,-4098.023,0.2505575,0.53535083,0.11295447,4.6367865,0.060629601,79.999979
65.159938,-4099.9824,0.25015874,0.51053421,0.1089235,4.7456782,0.054891605,79.999979
65.169938,-4099.9824,0.25049857,0.50116027,0.10323515,4.6008217,0.051381074,79.999979
65.179938,-4100.4651,0.2508384,0.49178632,0.0975468,4.8708369,0.047870542,79.999979
65.189938,-4101.1493,0.25117823,0.49853861,0.097584395,5.0009951,0.048667736,79.999979
65.199938,-4099.5232,0.25067958,0.53316794,0.10524596,5.2625142,0.05600614,79.999979
65.209938,-4100.1648,0.25093319,0.49619165,0.12573332,4.0962792,0.06251406,79.999979
65.219938,-4099.5304,0.25077368,0.56303092,0.10641324,5.5207249,0.06075978,79.999979
65.229938,-4099.5304,0.25077368,0.52445365,0.10339134,5.1252251,0.054492623,79.999979
65.239938,-4099.5304,0.25077368,0.52456236,0.10115789,5.0754115,0.053227898,79.999979
65.249938,-4099.5304,0.25091116,0.51718615,0.10660614,4.9290667,0.055033513,79.999979
65.259938,-4101.0084,0.25100415,0.5340919,0.13232437,3.7902805,0.068318028,79.999979
65.269938,-4102.2099,0.25092457,0.55588926,0.11692345,4.6542421,0.064997507,79.999979
65.279938,-4099.3927,0.25009264,0.48794251,0.11067957,4.3112182,0.054002838,79.999979
65.289938,-4100.9647,0.25104131,0.55524463,0.11027485,4.8043074,0.061291757,79.999979
65.299938,-4100.9647,0.25104131,0.57242993,0.11404954,4.8575503,0.064951317,79.999979
65.309938,-4100.9647,0.25104131,0.55599163,0.1167383,4.9107931,0.064540764,79.999979
65.319938,-4100.9005,0.25074711,0.51344327,0.12869153,3.8361811,0.066076552,79.999979
65.329938,-4099.7913,0.25128438,0.54715892,0.11450616,5.106846,0.06263231,79.999979
65.339938,-4100.8097,0.25053606,0.5364333,0.12618318,4.2836944,0.067691829,79.999979
65.349938,-4101.3936,0.25010874,0.54778855,0.12152984,4.5907008,0.064332223,79.999979
65.359938,-4102.2363,0.25010874,0.56485511,0.1199057,4.4295907,0.066478358,79.999979
65.369938,-4102.2363,0.25010874,0.58192167,0.11828156,4.7451324,0.068624493,79.999979
65.379938,-4102.2363,0.25017911,0.54207975,0.11248456,4.3860714,0.062067345,79.999979
65.389938,-4100.7932,0.24945475,0.49412241,0.12167007,4.092112,0.062848715,79.999979
65.399938,-4101.328,0.25062814,0.50686779,0.11684706,4.1484813,0.058284676,79.999979
65.409938,-4101.2081,0.25051802,0.51164519,0.15776784,3.1448746,0.075567665,79.999979
65.419938,-4099.9599,0.25077652,0.50753888,0.15400199,3.2008107,0.075371527,79.999979
65.429938,-4100.3078,0.25103502,0.50343257,0.15023614,3.2567468,0.075175389,79.999979
65.439938,-4100.7305,0.25118855,0.54007266,0.11611554,4.4650863,0.06180895,79.999979
65.449938,-4102.0652,0.25055547,0.48468838,0.10077048,4.7588172,0.05134069,79.999979
65.459938,-4102.4714,0.2509658,0.5084123,0.10721137,4.6647147,0.055407993,79.999979
65.469938,-4103.4711,0.2504163,0.49581667,0.12520441,4.1392078,0.062122214,79.999979
65.479938,-4103.2595,0.24990852,0.50741513,0.11380061,3.9974642,0.058523552,79.999979
65.489938,-4103.0479,0.24991498,0.51901358,0.10536527,4.6765135,0.054924891,79.999979
65.499938,-4102.8363,0.25020563,0.51856526,0.10413402,4.8848313,0.053985453,79.999979
65.509938,-4104.4336,0.25047458,0.5249308,0.14891336,3.1248278,0.07082336,79.999979
65.519938,-4104.3197,0.25011247,0.53117718,0.13608893,3.5634662,0.072181313,79.999979
65.529938,-4104.426,0.25009544,0.50878641,0.10805033,4.8028385,0.055023852,79.999979
65.539937,-4105.0176,0.25014589,0.52704469,0.13499115,3.8461983,0.056728145,79.999979
65.549937,-4104.9228,0.25019634,0.55234975,0.12668409,3.9689098,0.059526098,79.999979
65.559937,-4104.828,0.25030847,0.56709257,0.10777858,4.9194362,0.061792699,79.999979
65.569937,-4101.9953,0.25018303,0.53632372,0.094466992,5.4838314,0.050716656,79.999979
65.579937,-4102.6635,0.25054779,0.51485302,0.12360477,4.4876095,0.063837803,79.999979
65.589937,-4104.3323,0.24983601,0.51828686,0.10945169,3.661761,0.056699947,79.999979
65.599937,-4101.8538,0.25019852,0.53117711,0.10475353,4.9074134,0.055631266,79.999979
65.609937,-4102.1264,0.25044415,0.54397879,0.10368326,5.0526017,0.056451834,79.999979
65.619937,-4103.0571,0.25068979,0.49424337,0.10261299,5.1977899,0.051385011,79.999979
65.629937,-4103.9877,0.25109121,0.47770599,0.10956436,4.4964068,0.051783515,79.999979
65.639937,-4103.5946,0.25095236,0.59698247,0.099741193,5.5584524,0.061651467,79.999979
65.649937,-4102.2561,0.25112986,0.5247185,0.11661545,4.3773074,0.061300378,79.999979
65.659937,-4102.0472,0.2510572,0.50627564,0.099511172,5.0370582,0.050403528,79.999979
65.669937,-4102.6965,0.25077614,0.51664827,0.10592918,4.9273812,0.055012812,79.999979
65.679937,-4103.3459,0.25049507,0.52520558,0.11718465,4.8177043,0.061689963,79.999979
65.689937,-4103.9952,0.25040221,0.52943167,0.12533852,4.2493041,0.066304262,79.999979
65.699937,-4104.5039,0.25085402,0.50701338,0.097586142,5.0796044,0.050285195,79.999979
65.709937,-4101.5844,0.25041822,0.57147601,0.11652776,4.2737803,0.066316285,79.999979
65.719937,-4103.4959,0.25029049,0.52654671,0.11813416,4.743909,0.061818064,79.999979
65.729937,-4103.4959,0.25029049,0.5235726,0.11713672,4.4377883,0.059284062,79.999979
65.739937,-4103.4959,0.25029049,0.52059848,0.11074124,4.6088251,0.056750061,79.999979
65.749937,-4103.6925,0.25029049,0.52091363,0.10727947,4.7669568,0.055892094,79.999979
65.759937,-4103.804,0.25111741,0.50994365,0.11782089,4.1589158,0.060017647,79.999979
65.769937,-4104.4903,0.2514939,0.52195383,0.12245516,4.0838301,0.063977492,79.999979
65.779937,-4104.8464,0.24950009,0.48421937,0.11887276,3.9145158,0.062930283,79.999979
65.789937,-4101.8872,0.25024904,0.58112374,0.10393489,6.226431,0.066834529,79.999979
65.799937,-4103.2599,0.2498751,0.5130016,0.14494826,3.4372781,0.074278871,79.999979
65.809937,-4103.2268,0.25004442,0.54298144,0.14296713,3.6865518,0.077448937,79.999979
65.819937,-4103.1936,0.25021375,0.57296129,0.140986,3.9358255,0.080619003,79.999979
65.829937,-4103.1605,0.25038308,0.60294114,0.13900486,4.1850992,0.083789069,79.999979
65.839937,-4103.1274,0.25055241,0.54856081,0.13225111,4.260451,0.072617234,79.999979
65.849937,-4103.0943,0.25058658,0.50757102,0.12375036,4.2319967,0.062135796,79.999979
65.859937,-4103.0611,0.25031136,0.52141175,0.11323757,4.2035424,0.057345183,79.999979
65.869937,-4103.1838,0.25009884,0.54941922,0.11265086,5.1710081,0.061857537,79.999979
65.879937,-4102.3711,0.2498179,0.50991821,0.14279276,3.5781629,0.079034254,79.999979
65.889937,-4104.3873,0.2503086,0.51280406,0.10906197,4.6990076,0.055923647,79.999979
65.899937,-4104.786,0.25114035,0.53750105,0.14068361,3.8484819,0.076394484,79.999979
65.909937,-4104.7327,0.25046867,0.52529397,0.12819682,4.4136397,0.067161571,79.999979
65.919937,-4106.3525,0.25028149,0.48220985,0.096031058,4.8785918,0.046318142,79.999979
65.929937,-4106.3525,0.25044292,0.51508481,0.097521251,5.0084466,0.050249459,79.999979
65.939937,-4106.3525,0.25044292,0.56197579,0.10311913,5.1383014,0.059755925,79.999979
65.949937,-4106.0879,0.25044292,0.58303235,0.1174571,5.0832925,0.065423603,79.999979
65.959937,-4103.4518,0.24985204,0.49831797,0.11104652,4.3741768,0.058230878,79.999979
65.969937,-4104.7715,0.25111669,0.5914176,0.10972806,5.3132783,0.065086875,79.999979
65.979937,-4104.8389,0.25133008,0.50738582,0.12445523,3.8136156,0.0655764,79.999979
65.989937,-4103.9609,0.25065081,0.57937507,0.1194997,4.3953607,0.07228979,79.999979
65.999937,-4104.1193,0.2501888,0.5716641,0.11945876,4.7370229,0.069735548,79.999979
66.009937,-4104.2773,0.25012286,0.56766962,0.1195258,4.6294165,0.067852988,79.999979
66.019937,-4105.0372,0.25007541,0.48615558,0.12307953,3.828167,0.05584715,79.999979
66.029937,-4106.9403,0.24987227,0.5204742,0.12646299,4.0538879,0.065826221,79.999979
66.039937,-4104.8816,0.25058503,0.50818943,0.15855093,3.280838,0.080680423,79.999979
66.049937,-4106.7382,0.24995564,0.48988012,0.12292349,4.013522,0.059642502,79.999979
66.059937,-4106.423,0.24968977,0.49049914,0.13423236,3.8107598,0.066162229,79.999979
66.069937,-4106.1077,0.24951051,0.51321708,0.15004491,3.6079975,0.077174874,79.999979
66.079937,-4107.4655,0.24934674,0.56765146,0.09821257,5.0833968,0.062065156,79.999979
66.089937,-4105.1935,0.25009294,0.47668427,0.13988061,4.0603697,0.066670472,79.999979
66.099937,-4107.346,0.25034583,0.51007329,0.14564049,3.477883,0.068691034,79.999979
66.109937,-4107.8099,0.24956629,0.5269658,0.12663951,4.0501019,0.066736835,79.999979
66.119937,-4107.917,0.24985059,0.53930576,0.12677716,4.1151347,0.06837684,79.999979
66.129937,-4108.0242,0.25013489,0.55164573,0.12691481,4.1801675,0.070016846,79.999979
66.139937,-4108.1313,0.25028554,0.5639857,0.12705246,4.2452004,0.071656851,79.999979
66.149937,-4108.2385,0.25043585,0.55195483,0.1271901,4.3102332,0.06787026,79.999979
66.159937,-4108.1265,0.25058617,0.53429226,0.11841018,4.4530431,0.062829674,79.999979
66.169937,-4107.5114,0.25073648,0.52432964,0.10915999,4.7371629,0.059938382,79.999979
66.179937,-4106.8963,0.2508868,0.51657439,0.10789097,4.7855669,0.057663237,79.999979
66.189937,-4106.2813,0.25081548,0.51289582,0.11222978,4.632535,0.058379331,79.999979
66.199937,-4105.6737,0.24982004,0.48500009,0.11027355,4.8813794,0.053479763,79.999979
66.209937,-4107.8465,0.2503237,0.4800032,0.11478247,4.2092879,0.055082551,79.999979
66.219937,-4106.5941,0.25022545,0.51053254,0.11944479,4.209972,0.060657606,79.999979
66.229937,-4107.9194,0.25010227,0.50372873,0.10416175,5.2249883,0.052365624,79.999979
66.239937,-4107.9194,0.25018126,0.55864397,0.11563362,4.3962568,0.064310439,79.999979
66.249937,-4108.0389,0.25026723,0.57479572,0.11984699,4.6194889,0.065623397,79.999979
66.259937,-4108.207,0.25039884,0.54382016,0.10668092,5.0318832,0.059744006,79.999979
66.269937,-4108.0864,0.25080741,0.54410581,0.1404446,3.786977,0.071214826,79.999979
66.279937,-4107.2493,0.25011592,0.4720301,0.11483036,4.2102537,0.060371058,79.999979
66.289937,-4108.3941,0.24988944,0.53221316,0.13671195,3.7771878,0.06842037,79.999979
66.299937,-4106.3947,0.2499714,0.51826538,0.13168371,4.2194047,0.068339922,79.999979
66.309937,-4106.3947,0.2499714,0.52027351,0.14522897,3.8258141,0.073622637,79.999979
66.319937,-4106.3947,0.2499714,0.51547207,0.13621761,3.4322235,0.070047637,79.999979
66.329937,-4105.8013,0.25020862,0.58004491,0.10877622,5.2190844,0.066628906,79.999979
66.339937,-4106.6581,0.24901079,0.52202331,0.10207896,4.3773548,0.053287388,79.999979
66.349937,-4106.3598,0.25069114,0.53658727,0.1024564,4.8396644,0.056429931,79.999979
66.359937,-4105.6239,0.24980814,0.49702195,0.11470584,4.2912922,0.057868747,79.999979
66.369937,-4106.1436,0.2501676,0.53247891,0.12970625,4.0845516,0.070706789,79.999979
66.379937,-4106.6633,0.25052707,0.56793587,0.14470666,3.877811,0.083544832,79.999979
66.389937,-4107.16,0.25088653,0.60339284,0.15970708,3.6710704,0.096382874,79.999979
66.399937,-4108.3703,0.2502553,0.47219389,0.11153114,4.0392787,0.052632967,79.999979
66.409937,-4106.0512,0.25008541,0.4946991,0.12469099,3.7336543,0.058761237,79.999979
66.419937,-4107.6179,0.25030746,0.5617059,0.14734964,3.5751298,0.076979317,79.999979
66.429937,-4107.9357,0.25031194,0.55411212,0.11309784,4.2260652,0.063920979,79.999979
66.439937,-4108.2534,0.25031642,0.53519606,0.12315877,4.8770007,0.066176299,79.999979
66.449937,-4107.8936,0.25033607,0.51222055,0.11803653,4.1360238,0.060423638,79.999979
66.459937,-4108.2883,0.25026046,0.47338196,0.12045833,3.8938205,0.05706276,79.999979
66.469937,-4107.6771,0.25046927,0.494599,0.11954678,4.0992426,0.059118672,79.999979
66.479937,-4107.3349,0.25086566,0.49379992,0.11560239,4.1519428,0.057224452,79.999979
66.489937,-4108.4392,0.25100335,0.56279984,0.12999016,3.9798076,0.073355578,79.999979
66.499937,-4108.2658,0.25114104,0.53101053,0.14437792,3.8076724,0.073626713,79.999979
66.509937,-4108.0658,0.25058633,0.5185444,0.10923159,4.6103226,0.061287485,79.999979
66.519937,-4106.8185,0.24933861,0.50279472,0.10463708,4.2393255,0.056346901,79.999979
66.529937,-4108.1209,0.25062037,0.49243215,0.10527189,4.561718,0.051844584,79.999979
66.539937,-4108.7614,0.25011702,0.51249046,0.10738504,4.5405578,0.056827702,79.999979
66.549937,-4107.7477,0.25015957,0.53166704,0.14393994,3.7494459,0.06251681,79.999979
66.559937,-4106.7339,0.25009424,0.5451578,0.13517646,3.814431,0.067773654,79.999979
66.569937,-4106.8945,0.25002891,0.57993466,0.12629349,4.4084061,0.073154535,79.999979
66.579937,-4108.8239,0.25027039,0.5204755,0.12099413,5.1763887,0.065662895,79.999979
66.589936,-4110.0443,0.2504973,0.53108896,0.11659829,4.6094169,0.062861502,79.999979
66.599936,-4110.099,0.25019167,0.5140496,0.12487,4.0773712,0.06426853,79.999979
66.609936,-4109.7677,0.2499375,0.51636946,0.14055742,3.4529843,0.072124054,79.999979
66.619936,-4109.365,0.24970238,0.56164137,0.12869432,4.0849003,0.072914559,79.999979
66.629936,-4108.9623,0.2496261,0.50904978,0.11683121,4.7168163,0.063627172,79.999979
66.639936,-4109.8116,0.24954981,0.53658746,0.12374434,3.6120076,0.065404784,79.999979
66.649936,-4108.6366,0.2496737,0.51881086,0.10869218,4.7060751,0.056425322,79.999979
66.659936,-4110.2367,0.24998188,0.52589899,0.11504384,4.3509353,0.063272502,79.999979
66.669936,-4111.3626,0.25064051,0.49103968,0.11569963,4.1536512,0.056817598,79.999979
66.679936,-4111.3626,0.25053174,0.49931999,0.1090821,4.4229877,0.054436634,79.999979
66.689936,-4111.3626,0.25053174,0.55183182,0.10246457,4.6923242,0.05675939,79.999979
66.699936,-4112.0087,0.25053174,0.50873079,0.10203668,5.4970972,0.054864924,79.999979
66.709936,-4109.9466,0.24973895,0.47672779,0.11399246,4.0939507,0.054275952,79.999979
66.719936,-4111.2794,0.24952649,0.74470024,0.15119657,5.1462095,0.22435989,79.999979
66.729936,-4111.5899,0.25056401,1.106341,0.23894408,4.990824,0.51746624,79.999979
66.739936,-4112.0414,0.25003512,1.4679817,0.32669159,4.8354385,0.81057258,79.999979
66.749936,-4112.698,0.24978952,1.8296224,0.4144391,4.680053,1.1036789,79.999979
66.759936,-4111.488,0.2502628,2.1912631,0.50218661,4.5246674,1.3967853,79.999979
66.769936,-4109.7741,0.24980954,2.5529038,0.58993412,4.3692819,1.6898916,79.999979
66.779936,-4111.8347,0.2502925,2.9145446,0.67768163,4.2138964,1.982998,79.999979
66.789936,-4111.5692,0.25053638,2.9319522,0.6796981,4.2130622,1.9928166,79.999979
66.799936,-4112.9816,0.25015091,2.9358937,0.67836085,4.2275407,1.9915532,79.999979
66.809936,-4112.2338,0.24992678,2.9398352,0.6770236,4.2420191,1.9902898,79.999979
66.819936,-4109.6731,0.25045965,2.9437768,0.67568636,4.2564975,1.9890264,79.999979
66.829936,-4112.1488,0.24990332,2.9477183,0.67434911,4.2709759,1.9877631,79.999979
66.839936,-4114.3176,0.2494631,2.9516599,0.67301187,4.2854544,1.9864997,79.999979
66.849936,-4112.805,0.24998515,2.9639064,0.67135061,4.3140453,1.9896531,79.999979
66.859936,-4113.8682,0.25002404,2.9768424,0.66964125,4.3447315,1.9931732,79.999979
66.869936,-4114.9832,0.25002404,2.9897783,0.6679319,4.3754176,1.9966933,79.999979
66.879936,-4115.3593,0.24997204,3.0027143,0.66622254,4.4061038,2.0002133,79.999979
66.889936,-4113.813,0.2497485,3.0156503,0.66451318,4.4367899,2.0037334,79.999979
66.899936,-4115.3004,0.25002688,3.0285863,0.66280382,4.4674761,2.0072535,79.999979
66.909936,-4116.4746,0.24957114,3.034392,0.66202514,4.4869591,2.0093783,79.999979
66.919936,-4117.3544,0.24986447,3.0185332,0.66490653,4.4441445,2.0072636,79.999979
66.929936,-4116.2935,0.25015346,3.0026744,0.66778792,4.4013298,2.0051489,79.999979
66.939936,-4115.6555,0.25011706,2.9868156,0.67066931,4.3585152,2.0030342,79.999979
66.949936,-4116.3536,0.25018095,2.9709568,0.6735507,4.3157005,2.0009194,79.999979
66.959936,-4116.7053,0.24926648,2.955098,0.67643209,4.2728859,1.9988047,79.999979
66.969936,-4402.88,0.24099124,2.9920037,0.67500391,4.2715129,2.0169295,79.999979
66.979936,-4401.3512,0.23980387,3.0037745,0.66722114,4.4631537,2.0066572,79.999979
66.989936,-4400.0776,0.23989423,3.0139249,0.66928866,4.4336691,2.0236187,79.999979
66.999936,-4398.8039,0.23998459,3.0240753,0.67135617,4.4041845,2.0405802,79.999979
67.009936,-4397.5303,0.24007495,3.0342257,0.67342369,4.3746999,2.0575417,79.999979
67.019936,-4396.2566,0.24016531,3.0443761,0.67549121,4.3452153,2.0745032,79.999979
67.029936,-4394.983,0.24025567,3.0071185,0.71549313,4.2311578,2.1473102,79.999979
67.039936,-4393.1433,0.24034603,2.966682,0.70943667,4.0974242,2.1419076,79.999979
67.049936,-4391.0408,0.24043639,2.9479407,0.69501245,4.16266,2.0543256,79.999979
67.059936,-4388.9383,0.24052675,2.9669418,0.68058823,4.2278957,2.0480665,79.999979
67.069936,-4386.8358,0.24124444,3.0041053,0.71484006,4.0446095,2.1533436,79.999979
67.079936,-4384.4719,0.24157309,3.0332196,0.71082589,4.1076022,2.1560375,79.999979
67.089936,-4357.2329,0.2434945,3.0180796,0.73202905,4.1468601,2.185267,79.999979
67.099936,-4335.5208,0.24424923,3.1002613,0.70860588,4.2962373,2.198515,79.999979
67.109936,-4335.5208,0.24424923,3.0302177,0.71160773,4.2136884,2.1557227,79.999979
67.119936,-4335.5208,0.24424923,3.020954,0.71238924,4.1519939,2.1518697,79.999979
67.129936,-4335.5208,0.24427015,3.0547679,0.71314813,4.1305272,2.1552878,79.999979
67.139936,-4306.2671,0.24359688,3.1468302,0.70670555,4.3753866,2.225602,79.999979
67.149936,-4282.8134,0.24515762,3.0344714,0.71238113,4.1655648,2.1644388,79.999979
67.159936,-4257.4546,0.24517609,3.0870701,0.75884639,3.9533688,2.3427168,79.999979
67.169936,-4257.4546,0.24538384,3.067269,0.72509225,4.0410079,2.2242009,79.999979
67.179936,-4257.4546,0.24559159,3.079562,0.73383303,4.128647,2.2641062,79.999979
67.189936,-4257.4546,0.24572058,3.0805387,0.75663315,4.0355634,2.2786312,79.999979
67.199936,-4230.5845,0.24638165,3.0868583,0.74826286,4.0905547,2.2549275,79.999979
67.209936,-4203.5731,0.24804558,3.0635253,0.72443662,4.128824,2.2193372,79.999979
67.219936,-4181.4716,0.24734866,3.1283469,0.70985289,4.3073546,2.2413078,79.999979
67.229936,-4173.1915,0.24795735,3.1379413,0.724301,4.2366794,2.2727927,79.999979
67.239936,-4168.0596,0.24851553,3.1360955,0.73095115,4.1940124,2.2923132,79.999979
67.249936,-4164.2392,0.2490737,3.1155384,0.72841875,4.1743186,2.2624861,79.999979
67.259936,-4158.572,0.24889388,3.1008577,0.75823034,4.0655485,2.3509752,79.999979
67.269936,-4123.9357,0.25040415,3.0895202,0.70083176,4.3156207,2.1906149,79.999979
67.279936,-4105.7023,0.25119032,3.1221155,0.71185404,4.2648331,2.2225076,79.999979
67.289936,-4101.8129,0.25191709,3.0924791,0.70584328,4.2974261,2.175506,79.999979
67.299936,-4098.5079,0.25186221,3.0956361,0.70507458,4.2821169,2.179136,79.999979
67.309936,-4094.0572,0.25180733,3.0974986,0.70455222,4.2946081,2.1842599,79.999979
67.319936,-4085.4524,0.25217307,3.121551,0.7393187,4.1637746,2.2877492,79.999979
67.329936,-4053.041,0.25355323,2.1163239,0.5867258,3.9610085,1.4104666,79.999979
67.339936,-4035.0502,0.25415208,0.5757134,0.11875524,4.4990511,0.065437747,79.999979
67.349936,-4025.8542,0.25379839,0.51417784,0.13723404,3.6380559,0.070582172,79.999979
67.359936,-4023.7595,0.25377261,0.53680745,0.1378665,3.784597,0.074036726,79.999979
67.369936,-4021.6649,0.25367809,0.55943706,0.13849895,3.9311381,0.07749128,79.999979
67.379936,-4014.2051,0.25358357,0.50978793,0.097921933,5.0048306,0.051476628,79.999979
67.389936,-4003.0354,0.25388401,0.53488046,0.14382274,4.0039332,0.071455576,79.999979
67.399936,-4010.8844,0.25371381,0.50808319,0.11608886,4.8544252,0.058771228,79.999979
67.409936,-4012.591,0.25373169,0.53521229,0.097510432,5.4121986,0.048482721,79.999979
67.419936,-4014.5438,0.25426495,0.52611826,0.11463636,4.0541367,0.05983902,79.999979
67.429936,-4014.5438,0.25426495,0.5311603,0.12119015,3.9892766,0.062543709,79.999979
67.439936,-4014.5438,0.25426495,0.52194027,0.12774394,3.9244164,0.063075585,79.999979
67.449936,-4014.5438,0.25426495,0.51272024,0.13429773,3.8595562,0.06360746,79.999979
67.459936,-4014.5438,0.25426495,0.50350021,0.13647678,3.7858573,0.064139336,79.999979
67.469936,-4014.5438,0.25426495,0.49428018,0.13222563,3.6778342,0.064671211,79.999979
67.479936,-4014.5438,0.25424817,0.50160956,0.13800624,3.5436156,0.069301507,79.999979
67.489936,-4014.7916,0.254229,0.51252798,0.14596241,3.3990355,0.074820619,79.999979
67.499936,-4016.189,0.25363449,0.52115741,0.1336178,3.9002745,0.069373111,79.999979
67.509936,-4014.1922,0.25415094,0.48329817,0.125221,3.9045269,0.059830852,79.999979
67.519936,-4014.3313,0.2544214,0.51317939,0.13428762,4.2537314,0.070486391,79.999979
67.529936,-4013.6193,0.25352577,0.53325959,0.11407393,3.7682842,0.061925869,79.999979
67.539936,-4017.5431,0.25332546,0.54164267,0.1318163,3.9727032,0.072175597,79.999979
67.549936,-4018.9251,0.25301104,0.55054355,0.10493278,4.8330744,0.062202978,79.999979
67.559936,-4018.9251,0.25301104,0.5423635,0.10149381,5.1621783,0.067116865,79.999979
67.569936,-4018.9251,0.25301104,0.53418346,0.098054851,5.4912822,0.072030753,79.999979
67.579936,-4019.35,0.25319179,0.49409414,0.11924449,4.148813,0.058905054,79.999979
67.589936,-4023.4738,0.25320034,0.50569674,0.12178488,3.9979176,0.066635417,79.999979
67.599936,-4026.5391,0.25289999,0.48462187,0.11956668,3.8962276,0.057872289,79.999979
67.609936,-4026.0082,0.25443155,0.57715698,0.11109546,5.2016218,0.064108975,79.999979
67.619936,-4024.7246,0.25416968,0.57481196,0.120185,4.9122647,0.069080413,79.999979
67.629936,-4024.7246,0.25390781,0.5498001,0.11169062,4.6229075,0.061067986,79.999979
67.639935,-4024.7246,0.25371216,0.5240888,0.11043653,4.8326149,0.057793501,79.999979
67.649935,-4026.5149,0.25342514,0.53836411,0.13917575,3.7620043,0.0744306,79.999979
67.659935,-4027.7136,0.25409134,0.52329361,0.12687454,3.6876249,0.066430892,79.999979
67.669935,-4023.4957,0.25414971,0.51994325,0.092464392,3.8926192,0.063819645,79.999979
67.679935,-4022.9525,0.25410523,0.52444609,0.099876636,5.4942443,0.063535254,79.999979
67.689935,-4022.4093,0.25406075,0.52894893,0.10728888,5.1520417,0.063250862,79.999979
67.699935,-4021.8662,0.25401627,0.53345177,0.11470113,4.6794824,0.062966471,79.999979
67.709935,-4022.6105,0.25329982,0.5232877,0.11774249,4.6277546,0.064133246,79.999979
67.719935,-4022.6731,0.25264102,0.53070728,0.13111242,3.7806751,0.069548785,79.999979
67.729935,-4018.1959,0.25407187,0.57122704,0.12176083,4.6601481,0.069446185,79.999979
67.739935,-4018.1959,0.25409026,0.53391234,0.14831884,4.2190462,0.078905585,79.999979
67.749935,-4018.1959,0.25409026,0.51140026,0.14550457,3.6970646,0.073256563,79.999979
67.759935,-4018.2715,0.25409026,0.49419069,0.12589057,3.2938639,0.062195496,79.999979
67.769935,-4020.5398,0.25346745,0.52162839,0.13998822,3.5944216,0.073026008,79.999979
67.779935,-4021.8065,0.25231807,0.52905071,0.11283661,4.2576091,0.05949051,79.999979
67.789935,-4021.4324,0.25300633,0.52459018,0.13286732,3.9824811,0.064244863,79.999979
67.799935,-4021.8619,0.25285893,0.51753971,0.10430729,4.9834914,0.053860907,79.999979
67.809935,-4022.1444,0.25276833,0.5000119,0.11055463,4.7794456,0.055209415,79.999979
67.819935,-4022.4268,0.25271548,0.55835194,0.11680197,4.150282,0.073088207,79.999979
67.829935,-4023.5414,0.2526744,0.53260654,0.12399708,4.6292673,0.06583539,79.999979
67.839935,-4023.9715,0.25254379,0.50875378,0.10458388,4.8599274,0.053676308,79.999979
67.849935,-4025.916,0.25245366,0.5708777,0.10307898,5.5027361,0.058857159,79.999979
67.859935,-4027.0936,0.25260377,0.56344972,0.12412205,5.0416745,0.068198221,79.999979
67.869935,-4027.821,0.25295149,0.58046638,0.12689178,4.3684357,0.070883426,79.999979
67.879935,-4028.5483,0.25341874,0.57300037,0.12966152,4.3831437,0.062239394,79.999979
67.889935,-4027.5401,0.25354576,0.51800325,0.10859432,5.2631687,0.056941497,79.999979
67.899935,-4027.6164,0.25246655,0.50278433,0.10612569,5.1016554,0.057471042,79.999979
67.909935,-4029.9858,0.25231688,0.50207268,0.15337856,3.3863777,0.066723597,79.999979
67.919935,-4028.8375,0.25263658,0.51430913,0.16216441,2.993257,0.079333532,79.999979
67.929935,-4028.3107,0.25232659,0.50008144,0.15491573,3.1713593,0.068664586,79.999979
67.939935,-4027.7839,0.25247019,0.48585375,0.12352448,3.8797201,0.057995639,79.999979
67.949935,-4027.2571,0.25274871,0.51895709,0.098033974,5.1839517,0.050818637,79.999979
67.959935,-4030.7594,0.2519627,0.55139179,0.095596545,5.7116947,0.052212669,79.999979
67.969935,-4030.3714,0.2525875,0.49142714,0.11924943,4.0356154,0.059021574,79.999979
67.979935,-4030.4829,0.25256319,0.53421445,0.10332212,5.0484377,0.055821909,79.999979
67.989935,-4031.5657,0.25250799,0.55082572,0.1102808,4.8307347,0.060726318,79.999979
67.999935,-4032.7368,0.25245278,0.51525692,0.11723949,4.6130317,0.060025989,79.999979
68.009935,-4033.9078,0.25271129,0.59356873,0.11359799,4.1486934,0.065768617,79.999979
68.019935,-4036.2747,0.25347963,0.46530528,0.12170938,3.8041902,0.057222923,79.999979
68.029935,-4035.7841,0.25132688,0.50653012,0.119454,4.2312216,0.06191911,79.999979
68.039935,-4039.7589,0.25149101,0.53908926,0.10871066,4.8835386,0.058145558,79.999979
68.049935,-4039.7589,0.2516075,0.53317388,0.12445497,4.4330153,0.066264213,79.999979
68.059935,-4040.6283,0.25172399,0.52261093,0.14019927,3.982492,0.065788635,79.999979
68.069935,-4041.5862,0.25158196,0.5055926,0.11973311,3.9811477,0.064758159,79.999979
68.079935,-4041.8582,0.25172525,0.53968212,0.11357374,4.6479966,0.061353301,79.999979
68.089935,-4044.9165,0.2521834,0.53896731,0.11799018,4.9358158,0.063337278,79.999979
68.099935,-4047.3291,0.25169635,0.54220074,0.11554151,4.5333183,0.06154091,79.999979
68.109935,-4045.5504,0.25169635,0.58761348,0.11002779,4.885773,0.064502707,79.999979
68.119935,-4045.0583,0.25169635,0.59005778,0.10042991,5.3113487,0.059430133,79.999979
68.129935,-4045.0583,0.25190622,0.55963463,0.091723539,5.8743565,0.058345075,79.999979
68.139935,-4045.0433,0.2523573,0.54418621,0.12288123,4.2878649,0.065591357,79.999979
68.149935,-4046.7055,0.25171113,0.52369918,0.1556428,3.4574339,0.081565763,79.999979
68.159935,-4045.3232,0.25159151,0.48959651,0.10979896,4.5948711,0.054234355,79.999979
68.169935,-4046.891,0.25218136,0.50573381,0.15202034,3.2636414,0.077144679,79.999979
68.179935,-4047.8285,0.25240924,0.48327256,0.1388086,3.4673627,0.067236355,79.999979
68.189935,-4047.8285,0.25263713,0.48514128,0.12664652,3.6704879,0.064064334,79.999979
68.199935,-4047.72,0.25271832,0.52923283,0.11767646,4.3297325,0.060978716,79.999979
68.209935,-4047.8034,0.25235139,0.51162513,0.12860184,3.7314909,0.065806494,79.999979
68.219935,-4050.5637,0.25220586,0.57307242,0.11673826,4.6884926,0.062316076,79.999979
68.229935,-4052.1795,0.25207671,0.52708953,0.11001166,4.7512132,0.05801453,79.999979
68.239935,-4052.497,0.25207671,0.53815017,0.11585887,4.6322927,0.061834499,79.999979
68.249935,-4052.8145,0.25207671,0.55107001,0.11259582,4.5133722,0.061935913,79.999979
68.259935,-4052.8928,0.25211844,0.54521083,0.11169564,4.4368195,0.056609801,79.999979
68.269935,-4051.2316,0.25218424,0.55365468,0.15139529,3.1005131,0.076773316,79.999979
68.279935,-4052.3964,0.25194848,0.52301659,0.12025373,4.0612385,0.06288573,79.999979
68.289935,-4050.9316,0.25200301,0.51478513,0.1027527,4.9523997,0.052616504,79.999979
68.299935,-4050.6664,0.25191563,0.50097353,0.105734,4.7593688,0.05296532,79.999979
68.309935,-4050.4012,0.25190023,0.49543396,0.10871529,4.5663379,0.055468612,79.999979
68.319935,-4051.6368,0.25188483,0.47319102,0.12296747,3.9759209,0.061430711,79.999979
68.329935,-4053.8884,0.2514503,0.49587631,0.12134145,4.0196975,0.060174822,79.999979
68.339935,-4053.9234,0.25196858,0.54633582,0.10270196,5.0060614,0.059909144,79.999979
68.349935,-4053.1781,0.25244655,0.58568613,0.1163467,4.9308059,0.068146112,79.999979
68.359935,-4053.5778,0.25259188,0.59451615,0.11775286,4.94917,0.06994515,79.999979
68.369935,-4053.9775,0.25273722,0.54152472,0.11558187,4.6478617,0.062542547,79.999979
68.379935,-4054.3714,0.25288255,0.55089603,0.10408051,5.1866329,0.057010847,79.999979
68.389935,-4055.2804,0.25225971,0.57382442,0.10521978,4.9724611,0.069520751,79.999979
68.399935,-4054.0148,0.25202449,0.52955267,0.11010287,3.9029296,0.058579306,79.999979
68.409935,-4056.5692,0.25157443,0.57047411,0.14723429,4.012062,0.084102963,79.999979
68.419935,-4057.07,0.25177734,0.52482101,0.10662868,4.9826608,0.070718965,79.999979
68.429935,-4057.5709,0.25198025,0.51363644,0.10939132,4.7477152,0.063729224,79.999979
68.439935,-4058.0718,0.25190537,0.52824425,0.11371896,4.4743188,0.059998421,79.999979
68.449935,-4056.2938,0.25109091,0.48873708,0.14752506,3.3583053,0.072098054,79.999979
68.459935,-4060.9281,0.25200621,0.51277949,0.12213034,4.132214,0.062631051,79.999979
68.469935,-4063.2384,0.25237119,0.50209444,0.12877615,3.6134015,0.064232802,79.999979
68.479935,-4062.9997,0.25225943,0.52102455,0.1163175,4.6578861,0.060642846,79.999979
68.489935,-4062.3912,0.25213832,0.51590456,0.11073456,4.4325439,0.057171289,79.999979
68.499935,-4061.7826,0.2522332,0.50912963,0.10515162,4.4769526,0.054579809,79.999979
68.509935,-4064.281,0.25182333,0.52829367,0.10293194,5.553567,0.054483862,79.999979
68.519935,-4064.9555,0.25158203,0.50617503,0.10380905,4.6152429,0.053841176,79.999979
68.529935,-4063.4534,0.25251198,0.5164489,0.12156636,4.0660231,0.058977634,79.999979
68.539935,-4065.7261,0.25272167,0.55911789,0.10993356,5.1112431,0.061391315,79.999979
68.549935,-4065.7416,0.25293355,0.51616587,0.11407815,4.726579,0.058859999,79.999979
68.559935,-4065.7571,0.25242797,0.52868373,0.11822275,4.3419149,0.062039658,79.999979
68.569935,-4067.1101,0.25189793,0.55677543,0.12315189,4.3915202,0.068572516,79.999979
68.579935,-4066.7236,0.25218726,0.47858643,0.1148379,4.060206,0.054970359,79.999979
68.589935,-4069.8535,0.25284761,0.58298096,0.090116295,7.0294841,0.057262721,79.999979
68.599935,-4071.4486,0.2522164,0.51629803,0.14037991,4.0014701,0.072980591,79.999979
68.609935,-4071.8956,0.25188744,0.51340577,0.1151826,4.2806586,0.065453295,79.999979
68.619935,-4071.6766,0.25155848,0.5155219,0.11774447,4.2992997,0.060321125,79.999979
68.629935,-4070.8125,0.25122953,0.53211279,0.12030634,4.149715,0.0621111,79.999979
68.639935,-4070.2936,0.25124714,0.51515927,0.12574555,3.2701836,0.0651923,79.999979
68.649935,-4072.8347,0.25105783,0.53865399,0.12017143,4.2603295,0.066916929,79.999979
68.659935,-4072.5234,0.25143921,0.52220349,0.1239928,4.5578586,0.065651134,79.999979
68.669935,-4072.5234,0.25136533,0.55071481,0.12747108,4.4336204,0.070050755,79.999979
68.679935,-4072.4238,0.2512793,0.52935708,0.13843697,3.9451343,0.066594731,79.999979
68.689934,-4072.2763,0.25119512,0.51875751,0.14057327,3.7475415,0.058072868,79.999979
68.699934,-4075.1608,0.25170745,0.55583242,0.11651543,4.5572351,0.067286589,79.999979
68.709934,-4077.5533,0.25029497,0.51236463,0.1151003,4.3877897,0.064092636,79.999979
68.719934,-4075.9742,0.25149267,0.50761935,0.10630545,4.4866894,0.053692313,79.999979
68.729934,-4077.0654,0.25158469,0.54890925,0.12185696,4.2860039,0.068178774,79.999979
68.739934,-4077.0654,0.25158469,0.59590041,0.13353977,4.3597016,0.078524842,79.999979
68.749934,-4077.0654,0.25158469,0.54206752,0.12627022,4.4333993,0.06830546,79.999979
68.759934,-4077.0654,0.25122161,0.52558127,0.11085966,4.2374106,0.058263632,79.999979
68.769934,-4078.2576,0.25096113,0.56603001,0.14631404,3.4882212,0.075481165,79.999979
68.779934,-4081.2027,0.25140678,0.53664082,0.11523257,4.1089677,0.061955004,79.999979
68.789934,-4083.2128,0.25082901,0.46872124,0.11534536,3.8473617,0.056848708,79.999979
68.799934,-4083.9156,0.25026065,0.4541005,0.1127858,4.0010277,0.051296819,79.999979
68.809934,-4084.6184,0.25020104,0.50692216,0.11022625,4.0377898,0.053706882,79.999979
68.819934,-4084.9742,0.25014143,0.56178989,0.10069907,5.3530615,0.056358495,79.999979
68.829934,-4082.6344,0.25109764,0.51326173,0.11022749,4.8641055,0.056642671,79.999979
68.839934,-4086.1374,0.25058958,0.52024402,0.13887096,3.2276553,0.072238968,79.999979
68.849934,-4088.1327,0.25076167,0.48496046,0.10049972,3.617141,0.058090526,79.999979
68.859934,-4087.6828,0.25057601,0.51619358,0.1163992,4.6917759,0.062500426,79.999979
68.869934,-4087.2329,0.25065794,0.52372277,0.13229867,4.0054695,0.059977461,79.999979
68.879934,-4085.8089,0.25073988,0.51791902,0.10358895,4.9467595,0.054392307,79.999979
68.889934,-4086.7891,0.25077177,0.5166748,0.1228844,4.7200477,0.069230999,79.999979
68.899934,-4088.6277,0.25079969,0.51149716,0.14736186,3.3978743,0.075370105,79.999979
68.909934,-4086.4649,0.25090438,0.51974591,0.12649163,4.045086,0.06516995,79.999979
68.919934,-4086.7594,0.25096671,0.5310636,0.13380784,3.7983734,0.064902303,79.999979
68.929934,-4087.054,0.25102905,0.54238129,0.12404451,4.0768753,0.064634656,79.999979
68.939934,-4087.8212,0.25109138,0.52132643,0.11282513,4.4755143,0.059001247,79.999979
68.949934,-4089.4745,0.25170978,0.54773103,0.11456034,5.011865,0.06301682,79.999979
68.959934,-4088.034,0.24994043,0.55936506,0.11313789,4.9399318,0.063230979,79.999979
68.969934,-4090.822,0.25088584,0.5520521,0.11568819,4.1584594,0.065645294,79.999979
68.979934,-4090.6425,0.25108492,0.58371892,0.1155647,4.861122,0.066093164,79.999979
68.989934,-4090.452,0.25100691,0.55165776,0.11011376,4.948071,0.060276663,79.999979
68.999934,-4090.2614,0.25069385,0.52525704,0.1181681,4.6656152,0.062051155,79.999979
69.009934,-4091.9909,0.25086011,0.51455347,0.14130114,4.2288601,0.066425767,79.999979
69.019934,-4090.1937,0.24965359,0.51107643,0.10906154,4.744479,0.05653181,79.999979
69.029934,-4094.6569,0.25081191,0.51488189,0.10544121,4.8340208,0.0543009,79.999979
69.039934,-4094.7466,0.25077086,0.57153937,0.12725609,4.2815194,0.07394627,79.999979
69.049934,-4094.8552,0.2507571,0.53428729,0.12055677,4.6554507,0.066009906,79.999979
69.059934,-4094.9638,0.25074335,0.49703522,0.1163764,4.3465727,0.058073542,79.999979
69.069934,-4092.8369,0.25038251,0.50926046,0.11958975,4.3669871,0.067302593,79.999979
69.079934,-4095.7457,0.2506566,0.5410562,0.11140925,4.8145322,0.060780686,79.999979
69.089934,-4096.9486,0.25078515,0.49310438,0.10807433,4.8741519,0.052452849,79.999979
69.099934,-4095.4765,0.25060536,0.51032745,0.11880868,4.1644067,0.057765443,79.999979
69.109934,-4095.4765,0.25060536,0.51444327,0.12421972,3.9506695,0.053663559,79.999979
69.119934,-4096.3006,0.25060536,0.51855909,0.10249644,5.0315445,0.049561676,79.999979
69.129934,-4097.624,0.25052204,0.517815,0.10685905,4.8728357,0.055310669,79.999979
69.139934,-4099.3537,0.25086679,0.49876746,0.11393466,3.8807651,0.055331627,79.999979
69.149934,-4097.4139,0.25054334,0.51715664,0.12837905,4.1754649,0.068876543,79.999979
69.159934,-4099.4437,0.24970327,0.51747611,0.10730668,4.7695474,0.058768025,79.999979
69.169934,-4099.9174,0.24956535,0.4911116,0.11142461,4.4706339,0.055500465,79.999979
69.179934,-4100.3912,0.24956535,0.48416186,0.11554253,4.1717203,0.056187446,79.999979
69.189934,-4100.6956,0.24956535,0.48704502,0.1207714,3.9304485,0.058877263,79.999979
69.199934,-4099.7048,0.25099975,0.54965398,0.10703594,5.2705286,0.057811006,79.999979
69.209934,-4101.6019,0.25080936,0.53186772,0.1001054,4.6651128,0.053025083,79.999979
69.219934,-4103.528,0.25117738,0.53625877,0.12767033,4.1068664,0.06557261,79.999979
69.229934,-4105.072,0.25137997,0.52788705,0.12678991,4.1035166,0.066501361,79.999979
69.239934,-4104.2469,0.25158257,0.52677126,0.12590949,4.1001668,0.068962031,79.999979
69.249934,-4103.2449,0.25150025,0.5271946,0.13318628,3.8951217,0.071747652,79.999979
69.259934,-4102.2341,0.25084384,0.51128632,0.12851481,4.4666525,0.067549631,79.999979
69.269934,-4105.5991,0.25079788,0.53919854,0.10786929,4.8563192,0.058114387,79.999979
69.279934,-4105.4939,0.24968177,0.5201825,0.1084897,4.1729878,0.05880089,79.999979
69.289934,-4105.0721,0.24923702,0.5344035,0.1020675,5.049654,0.058802405,79.999979
69.299934,-4104.6502,0.2490165,0.53690406,0.11494139,5.0971514,0.064310377,79.999979
69.309934,-4104.6756,0.24879597,0.55397949,0.12477589,4.4530899,0.067572427,79.999979
69.319934,-4106.5132,0.24980141,0.50344026,0.12418829,3.8791778,0.06051452,79.999979
69.329934,-4107.684,0.25082991,0.50307615,0.11215707,4.3444985,0.056491053,79.999979
69.339934,-4105.7098,0.25004753,0.5083864,0.14626871,3.4845111,0.074211912,79.999979
69.349934,-4107.1807,0.24953444,0.51556439,0.10768137,4.6908194,0.05552012,79.999979
69.359934,-4107.4957,0.24959012,0.51691656,0.11041521,4.5815989,0.057162027,79.999979
69.369934,-4107.3826,0.24964143,0.51566708,0.11333837,4.4645275,0.058686852,79.999979
69.379934,-4108.085,0.24958462,0.47752878,0.14840893,3.7145161,0.070564873,79.999979
69.389934,-4106.4323,0.24972664,0.52445757,0.12507168,4.6413571,0.065478437,79.999979
69.399934,-4108.3855,0.24947536,0.48748965,0.11049642,4.3582965,0.05391452,79.999979
69.409934,-4109.697,0.25011323,0.50313669,0.12130672,4.9102608,0.064580377,79.999979
69.419934,-4109.0997,0.24963897,0.58149855,0.10459192,5.6095853,0.063996709,79.999979
69.429934,-4109.7471,0.24966747,0.53958402,0.14381688,4.7969786,0.077730036,79.999979
69.439934,-4110.3945,0.24969673,0.57595368,0.13425416,3.9843719,0.075076282,79.999979
69.449934,-4110.5627,0.24972599,0.60740523,0.10930905,4.3927504,0.066458141,79.999979
69.459934,-4111.7922,0.25031555,0.491444,0.11840337,4.3021862,0.058945442,79.999979
69.469934,-4110.4578,0.24971785,0.509395,0.11369409,4.780623,0.057582565,79.999979
69.479934,-4114.4341,0.24996032,0.59512723,0.11363305,5.2182379,0.067479625,79.999979
69.489934,-4114.4341,0.25003049,0.51645261,0.10325334,5.1361166,0.058191228,79.999979
69.499934,-4114.4341,0.25010898,0.5188589,0.1121746,4.6697804,0.064860159,79.999979
69.509934,-4114.4341,0.25018747,0.52126519,0.12839477,4.1823911,0.07152909,79.999979
69.519934,-4114.4341,0.25026595,0.52367148,0.14461495,3.6950019,0.078198021,79.999979
69.529934,-4114.4341,0.25034444,0.52607778,0.16083512,3.2076126,0.084866952,79.999979
69.539934,-4113.325,0.24931938,0.52764648,0.11190402,4.6645382,0.056988815,79.999979
69.549934,-4115.8604,0.24985337,0.52481837,0.10617111,4.8680397,0.056332754,79.999979
69.559934,-4115.8604,0.24985337,0.52645177,0.10809188,4.8247383,0.057195138,79.999979
69.569934,-4115.8604,0.24985337,0.54203598,0.1142216,4.7346349,0.061973352,79.999979
69.579934,-4114.8938,0.24976922,0.52028865,0.1298304,3.1950541,0.067547456,79.999979
69.589934,-4115.4086,0.2497225,0.54840692,0.10906396,5.1025424,0.058835242,79.999979
69.599934,-4118.3139,0.25021718,0.59779099,0.11496474,5.2425215,0.063954958,79.999979
69.609934,-4120.6917,0.25014726,0.58655016,0.11771801,4.3299883,0.067228005,79.999979
69.619934,-4120.6917,0.25014726,0.56124303,0.1293179,4.4463881,0.064275679,79.999979
69.629934,-4120.6917,0.25023897,0.5359359,0.1195181,4.4869649,0.061323352,79.999979
69.639934,-4120.0977,0.2504197,0.50266266,0.13399833,3.7936415,0.068300675,79.999979
69.649934,-4119.1341,0.25038185,0.51834872,0.13873705,3.6457488,0.068785845,79.999979
69.659934,-4121.0646,0.24853676,0.59008052,0.12979836,4.5020714,0.076232632,79.999979
69.669934,-4120.3632,0.25010433,0.52954705,0.16052006,3.1853512,0.083146888,79.999979
69.679934,-4120.0536,0.25019438,0.55306992,0.16219998,3.1710552,0.080463742,79.999979
69.689934,-4120.6706,0.25027927,0.57660133,0.14134007,3.9637683,0.075367127,79.999979
69.699934,-4121.6386,0.25036417,0.57898515,0.11725911,4.9185982,0.068573131,79.999979
69.709934,-4122.3751,0.25033481,0.51539863,0.10410333,4.4948106,0.05391772,79.999979
69.719934,-4124.018,0.25008553,0.54757019,0.12240186,4.476554,0.067660259,79.999979
69.729934,-4121.6808,0.24974348,0.49930041,0.11284195,4.662462,0.060160932,79.999979
69.739933,-4123.4727,0.24967184,0.5175194,0.12394391,4.1923293,0.064002452,79.999979
69.749933,-4124.3689,0.24988883,0.52360614,0.10455955,5.1406621,0.055724994,79.999979
69.759933,-4124.5705,0.25010582,0.51777181,0.085175187,6.0889948,0.047046731,79.999979
69.769933,-4125.0562,0.2504565,0.51129498,0.10253112,4.702198,0.052396156,79.999979
69.779933,-4126.2248,0.24969194,0.51447427,0.13607903,3.9332936,0.070163505,79.999979
69.789933,-4126.666,0.24979023,0.51694736,0.12182747,4.110135,0.062987823,79.999979
69.799933,-4126.9082,0.24971367,0.55953495,0.12357776,4.5632581,0.069074112,79.999979
69.809933,-4127.1457,0.24959795,0.59369593,0.13610513,4.3806733,0.081113836,79.999979
69.819933,-4127.2994,0.24948223,0.59627642,0.1486325,4.0892499,0.082429561,79.999979
69.829933,-4128.9057,0.24875396,0.50458775,0.11272876,4.2500947,0.05691153,79.999979
69.839933,-4126.1437,0.2497961,0.52409259,0.12641496,4.1144685,0.066254654,79.999979
69.849933,-4129.2861,0.24844634,0.51989698,0.11966964,4.5088496,0.062239487,79.999979
69.859933,-4131.3949,0.24867896,0.50958217,0.13265866,3.964212,0.056624739,79.999979
69.869933,-4131.3725,0.24867896,0.49885248,0.14980718,3.2793162,0.054470477,79.999979
69.879933,-4130.8638,0.24867896,0.48812279,0.11563818,4.1079672,0.052316214,79.999979
69.889933,-4130.3552,0.24870525,0.51932013,0.10570415,4.7603847,0.054893779,79.999979
69.899933,-4131.1695,0.2486528,0.50633174,0.10689319,4.72532,0.054163356,79.999979
69.909933,-4132.5903,0.24888711,0.53737658,0.10820613,4.6833078,0.058057684,79.999979
69.919933,-4130.7959,0.24883625,0.51108622,0.11498822,4.4041511,0.062572052,79.999979
69.929933,-4129.5209,0.2487878,0.51056747,0.12774643,3.9962394,0.065174652,79.999979
69.939933,-4129.9114,0.24873935,0.48813449,0.14050464,3.5883278,0.065534069,79.999979
69.949933,-4130.302,0.24871984,0.50964469,0.11542449,3.9893806,0.073427392,79.999979
69.959933,-4131.8589,0.24897407,0.48669217,0.12206083,3.7891199,0.057826598,79.999979
69.969933,-4133.0787,0.24887874,0.52971015,0.10607091,4.4249077,0.057016421,79.999979
69.979933,-4132.9651,0.24859884,0.52515327,0.10412139,4.7251023,0.054791927,79.999979
69.989933,-4133.7477,0.24862004,0.50503294,0.10827491,4.8091197,0.055475027,79.999979
69.999933,-4134.5304,0.24864124,0.4849126,0.11539617,4.2157597,0.056158126,79.999979
70.009933,-4134.8769,0.24866244,0.56178404,0.11060874,4.8388565,0.061762865,79.999979
70.019933,-4137.0545,0.24876934,0.55861539,0.1140499,4.6140092,0.06459796,79.999979
70.029933,-4136.9497,0.24988787,0.52730982,0.12093904,4.4346083,0.063771234,79.999979
70.039933,-4138.3549,0.24907822,0.52972335,0.12175526,3.7163034,0.06441748,79.999979
70.049933,-4138.3889,0.24865026,0.5305346,0.10961052,4.8049494,0.058126105,79.999979
70.059933,-4138.384,0.24873814,0.52380115,0.11691604,4.4640043,0.061019013,79.999979
70.069933,-4138.0017,0.24909337,0.49828859,0.12253036,4.1095569,0.059818823,79.999979
70.079933,-4135.6931,0.24936257,0.54701809,0.10728504,4.6260136,0.058492988,79.999979
70.089933,-4137.9638,0.24893475,0.52446031,0.10311786,5.0388114,0.054050655,79.999979
70.099933,-4138.8216,0.24898208,0.61477822,0.11028628,5.4783487,0.070085383,79.999979
70.109933,-4136.2215,0.24909706,0.49520621,0.11474742,4.3484979,0.056896532,79.999979
70.119933,-4136.1463,0.24905963,0.50877105,0.12239796,4.2008587,0.062285189,79.999979
70.129933,-4136.0711,0.2490222,0.51946744,0.12490395,4.0546831,0.064886296,79.999979
70.139933,-4138.0364,0.24971554,0.53460084,0.13780916,3.9139181,0.073770262,79.999979
70.149933,-4140.6221,0.24962623,0.51753886,0.09849761,4.8983165,0.050965604,79.999979
70.159933,-4137.5139,0.24891728,0.51456883,0.14999943,3.142309,0.069852013,79.999979
70.169933,-4140.1922,0.24960379,0.50280944,0.11037891,4.3553504,0.056862605,79.999979
70.179933,-4140.6634,0.2497391,0.5126768,0.10043064,4.9139286,0.056005448,79.999979
70.189933,-4141.1346,0.24987441,0.52254416,0.10340007,4.9226361,0.05514829,79.999979
70.199933,-4142.1864,0.24965466,0.58540662,0.141106,4.2423081,0.082818169,79.999979
70.209933,-4141.0668,0.2488481,0.53712868,0.1283046,4.4099669,0.06962125,79.999979
70.219933,-4144.2477,0.24904765,0.57017041,0.094030757,5.9093903,0.053681767,79.999979
70.229933,-4146.1098,0.24870486,0.54451338,0.12823447,4.0154961,0.065377942,79.999979
70.239933,-4146.4371,0.24857404,0.56384747,0.098832661,4.7063667,0.056340064,79.999979
70.249933,-4145.425,0.24844322,0.50914855,0.11067062,5.3972373,0.056766401,79.999979
70.259933,-4144.413,0.24845722,0.49139388,0.11449965,4.3087776,0.056010324,79.999979
70.269933,-4144.7076,0.24932523,0.50392359,0.11575376,4.2512807,0.05834495,79.999979
70.279933,-4145.2332,0.2485758,0.51154343,0.10881981,4.4488262,0.055670859,79.999979
70.289933,-4144.3986,0.24970495,0.52207486,0.10326694,4.9091557,0.057821724,79.999979
70.299933,-4144.0438,0.24970495,0.57621678,0.1166055,4.8344245,0.067222206,79.999979
70.309933,-4143.6891,0.24970495,0.60814684,0.11002437,5.0095182,0.066294492,79.999979
70.319933,-4143.3343,0.24911029,0.54362764,0.098644815,5.7477601,0.053793888,79.999979
70.329933,-4146.5322,0.24960865,0.506783,0.10467672,4.4045533,0.053107105,79.999979
70.339933,-4147.088,0.24952958,0.61995963,0.11272432,5.1982856,0.069849065,79.999979
70.349933,-4147.0168,0.24918548,0.4871288,0.13006008,4.4089005,0.063355533,79.999979
70.359933,-4147.7102,0.24918548,0.50963292,0.11945994,4.104417,0.060801827,79.999979
70.369933,-4147.8695,0.24918548,0.51700187,0.1088598,4.6301713,0.056831792,79.999979
70.379933,-4147.8695,0.24895622,0.5088057,0.10362653,4.9107559,0.053076839,79.999979
70.389933,-4148.8431,0.24872011,0.52441859,0.1132713,4.5713736,0.06337325,79.999979
70.399933,-4146.3044,0.24858073,0.5175159,0.10819711,4.9442415,0.055567269,79.999979
70.409933,-4148.7975,0.2482373,0.4835858,0.10119063,5.0921516,0.050383886,79.999979
70.419933,-4150.3441,0.24859306,0.51505335,0.12989025,4.079972,0.06693599,79.999979
70.429933,-4150.7346,0.24864283,0.51895055,0.14224111,3.7764968,0.071607541,79.999979
70.439933,-4150.4298,0.24868827,0.52292833,0.13783252,3.5524356,0.072187747,79.999979
70.449933,-4149.6826,0.24782719,0.49809522,0.11719762,4.2753875,0.070735385,79.999979
70.459933,-4151.088,0.24924165,0.52919875,0.12481306,3.7906122,0.065974975,79.999979
70.469933,-4152.3532,0.24844221,0.51302915,0.12613503,3.870216,0.063635999,79.999979
70.479933,-4149.2965,0.24885393,0.51902066,0.12399468,3.9411158,0.064322452,79.999979
70.489933,-4149.3539,0.24871102,0.54541394,0.11218184,4.2423535,0.062018655,79.999979
70.499933,-4149.4113,0.24856811,0.62293367,0.11444818,4.5435912,0.071475199,79.999979
70.509933,-4149.4605,0.24836183,0.52484175,0.12249947,4.4505379,0.064154437,79.999979
70.519933,-4150.9568,0.24781634,0.52121466,0.14423346,3.9038679,0.075191339,79.999979
70.529933,-4147.9849,0.24822315,0.52219555,0.14572277,3.4744039,0.076087145,79.999979
70.539933,-4150.4773,0.24801406,0.5202519,0.10187993,5.0198831,0.056633335,79.999979
70.549933,-4150.2104,0.2479362,0.52088097,0.10555848,4.8552397,0.057400229,79.999979
70.559933,-4149.9434,0.24785833,0.52151005,0.10923703,4.6905963,0.058167124,79.999979
70.569933,-4149.6764,0.24782744,0.52595741,0.11291558,4.5259529,0.059609148,79.999979
70.579933,-4151.457,0.2477996,0.50841498,0.11557542,4.5700285,0.060095451,79.999979
70.589933,-4150.8736,0.24880364,0.51305681,0.15507415,3.5010713,0.079555995,79.999979
70.599933,-4151.6725,0.24867129,0.54679124,0.10373767,5.3288197,0.056607758,79.999979
70.609933,-4152.3437,0.24849376,0.51634586,0.11857273,4.7627136,0.061068871,79.999979
70.619933,-4153.0149,0.24849292,0.5159854,0.13080346,4.1966075,0.058227566,79.999979
70.629933,-4153.7857,0.24852616,0.53206927,0.098892354,4.1404755,0.054477108,79.999979
70.639933,-4152.0671,0.24809809,0.55017887,0.10320223,4.8323456,0.05675224,79.999979
70.649933,-4153.9939,0.24768503,0.57881451,0.12645716,4.1868551,0.073162151,79.999979
70.659933,-4154.2396,0.24759973,0.54719647,0.13470464,3.9519058,0.073927696,79.999979
70.669933,-4153.5457,0.24785956,0.51801852,0.14869063,3.4625073,0.080756806,79.999979
70.679933,-4152.6864,0.24812324,0.51925993,0.15277058,3.3143467,0.082679234,79.999979
70.689933,-4151.8271,0.24824072,0.52050133,0.16244811,3.1054739,0.084601663,79.999979
70.699933,-4150.8313,0.24801519,0.5390851,0.12840976,4.0847744,0.065867293,79.999979
70.709933,-4152.218,0.24840721,0.52279217,0.11164037,4.9436441,0.056406769,79.999979
70.719933,-4151.1111,0.24881326,0.53817354,0.089670345,5.818567,0.048715186,79.999979
70.729933,-4150.7743,0.24897608,0.54650787,0.12796727,4.0942493,0.06992062,79.999979
70.739933,-4150.7743,0.24906863,0.55243443,0.12685082,4.211531,0.068964688,79.999979
70.749933,-4150.7743,0.24906863,0.50371098,0.11641063,4.3288127,0.056975315,79.999979
70.759933,-4152.4012,0.24906863,0.49813717,0.094077493,5.0186457,0.063615232,79.999979
70.769933,-4154.6009,0.24974589,0.5597185,0.10366944,5.0783187,0.057367208,79.999979
70.779932,-4153.3831,0.24853651,0.50330508,0.12555816,4.4682682,0.065611167,79.999979
70.789932,-4155.0113,0.24839544,0.51778559,0.12008391,3.8848461,0.061963258,79.999979
70.799932,-4155.1014,0.24809763,0.53303424,0.099180427,4.5689316,0.054389017,79.999979
70.809932,-4155.1914,0.24779983,0.54363933,0.1036481,5.2530172,0.056644704,79.999979
70.819932,-4155.3239,0.24793767,0.51257303,0.11631857,4.2968718,0.055999031,79.999979
70.829932,-4155.7165,0.24877865,0.59380587,0.10754561,4.6621374,0.066684068,79.999979
70.839932,-4156.0536,0.24802215,0.59009687,0.14194725,3.8324988,0.083783465,79.999979
70.849932,-4157.614,0.24832423,0.48625744,0.11716108,4.0366465,0.056938104,79.999979
70.859932,-4158.2713,0.24831126,0.49432914,0.1068417,4.500548,0.054194085,79.999979
70.869932,-4159.4162,0.24829828,0.51180259,0.09652232,4.9644496,0.061612459,79.999979
70.879932,-4160.5611,0.24793882,0.59269309,0.10766724,4.3465884,0.063391098,79.999979
70.889932,-4157.3353,0.24792632,0.56261437,0.15960873,3.9229336,0.078216549,79.999979
70.899932,-4160.6338,0.24851887,0.4826228,0.11285011,4.3375218,0.054332221,79.999979
70.909932,-4160.3614,0.24814907,0.51952679,0.14165265,3.5286121,0.073820778,79.999979
70.919932,-4159.7009,0.2479552,0.49081909,0.1188037,3.7829831,0.058328934,79.999979
70.929932,-4159.0404,0.24776133,0.49265368,0.11553576,4.0373541,0.057628634,79.999979
70.939932,-4157.6255,0.24756745,0.50664562,0.11645431,4.1495145,0.058018015,79.999979
70.949932,-4158.5447,0.24761161,0.5284441,0.11591125,4.2144367,0.060762762,79.999979
70.959932,-4160.0947,0.24852068,0.52147963,0.10881589,4.8610693,0.057770196,79.999979
70.969932,-4157.275,0.24875706,0.53952911,0.11531873,4.565397,0.062249924,79.999979
70.979932,-4157.275,0.24867467,0.59778031,0.14027841,4.3404821,0.078459902,79.999979
70.989932,-4157.275,0.24859229,0.55725573,0.14888444,4.1155672,0.078715842,79.999979
70.999932,-4157.8503,0.24850991,0.52263182,0.14744312,3.560154,0.07663123,79.999979
71.009932,-4158.9556,0.24817994,0.50180674,0.12948923,3.8314989,0.065074535,79.999979
71.019932,-4159.4713,0.24825702,0.54197185,0.11134349,4.9340362,0.060561681,79.999979
71.029932,-4160.4395,0.24829252,0.50623211,0.13589105,3.5030255,0.05992339,79.999979
71.039932,-4160.4851,0.24809871,0.50139476,0.14368177,3.4744731,0.063572986,79.999979
71.049932,-4160.4851,0.24809871,0.50975796,0.13202102,3.2736641,0.056299248,79.999979
71.059932,-4160.4851,0.24809871,0.51812117,0.097315329,4.3792978,0.04902551,79.999979
71.069932,-4162.8966,0.24829815,0.49231971,0.13201531,3.4152962,0.065389445,79.999979
71.079932,-4163.043,0.24905062,0.51050773,0.10976555,4.5284556,0.064444363,79.999979
71.089932,-4165.3669,0.24795658,0.51048894,0.088816157,5.2181667,0.056193608,79.999979
71.099932,-4164.087,0.24855857,0.51691557,0.11185376,3.9122755,0.061874505,79.999979
71.109932,-4161.9516,0.24855857,0.50906186,0.11125654,4.5219464,0.058920577,79.999979
71.119932,-4161.9516,0.24855857,0.50120814,0.11065933,4.4435858,0.05596665,79.999979
71.129932,-4161.9516,0.24842163,0.52699237,0.10445564,5.7069905,0.056243327,79.999979
71.139932,-4162.4373,0.24789365,0.53975339,0.10393012,5.2350311,0.056067614,79.999979
71.149932,-4163.0529,0.24772015,0.54362436,0.11926502,3.8898594,0.064690853,79.999979
71.159932,-4161.7362,0.24756717,0.51224829,0.11350191,4.453103,0.058147125,79.999979
71.169932,-4161.5217,0.2475724,0.45743556,0.11286347,4.2485603,0.051630868,79.999979
71.179932,-4161.3072,0.24757763,0.54172698,0.10869619,4.0440176,0.058369998,79.999979
71.189932,-4161.0926,0.24758101,0.5581356,0.10310593,5.1261542,0.069160059,79.999979
71.199932,-4162.79,0.24803982,0.51517043,0.12155953,4.2429837,0.062634845,79.999979
71.209932,-4160.005,0.24862014,0.51681595,0.096447075,5.0151163,0.053703121,79.999979
71.219932,-4162.9765,0.24783867,0.56274264,0.12413811,4.0993611,0.064451597,79.999979
71.229932,-4163.7363,0.24764859,0.58124313,0.11393785,5.0954863,0.066165704,79.999979
71.239932,-4164.259,0.24750832,0.55731894,0.11669297,4.8221286,0.065202563,79.999979
71.249932,-4164.7817,0.24738701,0.56672262,0.12241366,4.4892758,0.075440146,79.999979
71.259932,-4163.2252,0.24745326,0.6065862,0.11095088,4.9659639,0.067977944,79.999979
71.269932,-4163.5043,0.24839891,0.48260208,0.1288515,3.6340325,0.062169281,79.999979
71.279932,-4165.4424,0.24746853,0.5799806,0.11702223,4.5908252,0.067644632,79.999979
71.289932,-4164.1545,0.24755855,0.56881404,0.11408877,4.9484019,0.064940853,79.999979
71.299932,-4163.088,0.24750432,0.56132901,0.11018574,5.0241207,0.061969685,79.999979
71.309932,-4162.4938,0.2474501,0.59053418,0.10685882,5.1019926,0.06345807,79.999979
71.319932,-4163.2758,0.24855328,0.55422769,0.11699416,4.7624739,0.064833004,79.999979
71.329932,-4164.9681,0.24783868,0.55163786,0.12126276,4.3340439,0.066878717,79.999979
71.339932,-4163.5504,0.24759915,0.58022658,0.10650978,5.1788457,0.062272037,79.999979
71.349932,-4164.3051,0.24818799,0.52317379,0.15052818,3.3529216,0.076789738,79.999979
71.359932,-4164.5935,0.24846069,0.52578366,0.14422701,3.3739084,0.072921287,79.999979
71.369932,-4164.8819,0.24873339,0.52100023,0.11801621,3.9883964,0.060996868,79.999979
71.379932,-4165.1059,0.24838852,0.56437767,0.10208325,5.7400192,0.05970782,79.999979
71.389932,-4165.8587,0.24780597,0.56180281,0.11490647,4.7873523,0.064590746,79.999979
71.399932,-4166.685,0.24787138,0.50125977,0.11657803,4.136331,0.055609423,79.999979
71.409932,-4168.1694,0.24850963,0.53364558,0.12686388,3.8796873,0.064774421,79.999979
71.419932,-4168.9198,0.24856331,0.52387709,0.13948498,3.7225885,0.060502357,79.999979
71.429932,-4169.6702,0.24861699,0.5141086,0.11632999,4.1257578,0.056230293,79.999979
71.439932,-4170.1886,0.24876361,0.52218069,0.11124401,4.6547061,0.058206005,79.999979
71.449932,-4168.0388,0.2476564,0.54343973,0.12608117,3.8401567,0.0719887,79.999979
71.459932,-4171.7815,0.24805006,0.48020906,0.10897384,4.3458293,0.054529919,79.999979
71.469932,-4169.6337,0.24799654,0.56150388,0.15036287,3.9515264,0.067266515,79.999979
71.479932,-4170.1474,0.24840663,0.55452071,0.12240078,4.1970016,0.066480884,79.999979
71.489932,-4170.0593,0.24829476,0.52859986,0.1318533,4.0087533,0.069955169,79.999979
71.499932,-4170.3144,0.24815034,0.53545674,0.15223214,3.7029386,0.077348249,79.999979
71.509932,-4170.7693,0.24800592,0.51246751,0.15040546,3.3971239,0.075936596,79.999979
71.519932,-4170.6643,0.24814644,0.5791708,0.1132898,5.162715,0.066154705,79.999979
71.529932,-4167.9601,0.24788092,0.54879744,0.11992786,4.2144551,0.068201878,79.999979
71.539932,-4172.1004,0.24728981,0.54143191,0.13455527,4.1829076,0.073705398,79.999979
71.549932,-4172.9179,0.24738818,0.51222243,0.11328377,3.7587826,0.058023829,79.999979
71.559932,-4172.8566,0.24738818,0.50781256,0.11408399,4.4231626,0.05792965,79.999979
71.569932,-4172.5268,0.24738818,0.50870566,0.11488421,4.3193823,0.058401955,79.999979
71.579932,-4172.1971,0.24743681,0.52291009,0.11541172,4.3506411,0.060296231,79.999979
71.589932,-4171.8673,0.24751689,0.53711453,0.11582871,4.4519054,0.062190508,79.999979
71.599932,-4171.5375,0.24759697,0.55131897,0.1162457,4.5531697,0.064084784,79.999979
71.609932,-4171.2078,0.24767705,0.56552341,0.11666269,4.654434,0.065979061,79.999979
71.619932,-4170.878,0.24775713,0.57117133,0.11708805,4.7556983,0.066875966,79.999979
71.629932,-4170.5483,0.24783721,0.50171926,0.11767391,4.6243577,0.05901902,79.999979
71.639932,-4170.3816,0.24791729,0.49859397,0.13451857,3.6369345,0.067293754,79.999979
71.649932,-4170.7939,0.24691607,0.50665274,0.12191987,3.9240399,0.062183143,79.999979
71.659932,-4169.7294,0.24815561,0.50421562,0.10643868,5.3869519,0.053654355,79.999979
71.669932,-4169.8685,0.24829414,0.58520353,0.12403186,4.7097322,0.079860292,79.999979
71.679932,-4169.8685,0.24829849,0.55183148,0.14183344,4.1096605,0.075008849,79.999979
71.689932,-4169.8685,0.24830284,0.54046437,0.12881426,3.8347953,0.064201722,79.999979
71.699932,-4169.8109,0.24830718,0.52813385,0.10129604,4.6718889,0.054469945,79.999979
71.709932,-4171.3402,0.24784908,0.50215133,0.1426637,3.3862199,0.071528954,79.999979
71.719932,-4170.1779,0.2467852,0.55723417,0.11475184,4.9843167,0.064444102,79.999979
71.729932,-4171.5857,0.24880229,0.53130107,0.11591881,4.4231726,0.061572262,79.999979
71.739932,-4171.8494,0.24831221,0.57306835,0.14039682,4.1033136,0.064403016,79.999979
71.749932,-4172.1768,0.24799093,0.55138971,0.13536229,4.1385006,0.060525122,79.999979
71.759932,-4172.7612,0.24766965,0.52971107,0.10799532,4.8499332,0.056647228,79.999979
71.769932,-4173.4382,0.24760493,0.51180522,0.12799617,3.874515,0.068007975,79.999979
71.779932,-4169.7436,0.24681369,0.50823606,0.15072558,3.239199,0.074743744,79.999979
71.789932,-4169.8299,0.24838302,0.5273389,0.11050719,4.8949708,0.060034059,79.999979
71.799932,-4170.7313,0.24855551,0.53356419,0.12252405,4.1724873,0.06936236,79.999979
71.809932,-4169.8382,0.24846146,0.55302267,0.11338409,4.6263432,0.067962949,79.999979
71.819932,-4168.945,0.24825128,0.57248116,0.11588345,4.8100714,0.066563539,79.999979
71.829931,-4167.2076,0.24793013,0.56591046,0.092870597,5.8117141,0.052548774,79.999979
71.839931,-4169.8721,0.24795976,0.49079641,0.11178856,4.4398552,0.055796053,79.999979
71.849931,-4170.664,0.24792755,0.50932201,0.10691744,4.5248174,0.054454611,79.999979
71.859931,-4170.0075,0.24775048,0.47690757,0.11661911,4.5099988,0.055118956,79.999979
71.869931,-4169.4964,0.24759248,0.48646369,0.11290587,3.9612587,0.05441404,79.999979
71.879931,-4170.2633,0.24743448,0.51350949,0.1003386,4.086498,0.051263289,79.999979
71.889931,-4171.0301,0.24734402,0.51708669,0.088896117,5.4230614,0.045981067,79.999979
71.899931,-4171.6986,0.24843464,0.55827201,0.10272138,5.1620166,0.06125385,79.999979
71.909931,-4169.189,0.24797954,0.51514441,0.13276989,3.796407,0.068187079,79.999979
71.919931,-4170.5286,0.2490939,0.51270378,0.15037193,3.3268927,0.076459005,79.999979
71.929931,-4171.2151,0.24894367,0.49757999,0.14870679,3.3078341,0.073874773,79.999979
71.939931,-4171.1982,0.24879345,0.52327338,0.14704166,3.2887754,0.0719705,79.999979
71.949931,-4171.1813,0.24804004,0.49233447,0.11384556,4.5688545,0.059491624,79.999979
71.959931,-4172.2427,0.24787079,0.50345288,0.11125924,5.1970527,0.055568286,79.999979
71.969931,-4174.8324,0.24719451,0.52947059,0.12092221,4.4116136,0.063399391,79.999979
71.979931,-4177.2129,0.24788933,0.50453098,0.12687144,4.012333,0.063770818,79.999979
71.989931,-4177.2129,0.24775507,0.54120012,0.13315683,3.8870873,0.07218625,79.999979
71.999931,-4176.884,0.24762081,0.57786925,0.1393703,3.9021219,0.080601682,79.999979
72.009931,-4176.4047,0.24747619,0.53107643,0.13893636,3.9567636,0.069911625,79.999979
72.019931,-4173.6178,0.2476817,0.55475472,0.1073335,5.119992,0.06001636,79.999979
72.029931,-4174.6755,0.24766394,0.54822388,0.096208695,6.805939,0.052597898,79.999979
72.039931,-4173.3791,0.24831058,0.50611226,0.10924783,3.5159253,0.055283981,79.999979
72.049931,-4172.0863,0.24818047,0.47433671,0.11549516,4.1589124,0.053281474,79.999979
72.059931,-4172.0863,0.24818047,0.47866029,0.11767522,3.9317781,0.055021347,79.999979
72.069931,-4172.3363,0.24818047,0.4877097,0.11722787,4.0163018,0.05706384,79.999979
72.079931,-4174.7199,0.24758372,0.50811032,0.1269886,4.4429584,0.064733962,79.999979
72.089931,-4177.7707,0.24702008,0.52943669,0.11884523,4.3954485,0.062462168,79.999979
72.099931,-4175.8624,0.24782281,0.55086244,0.11889521,4.282636,0.065507807,79.999979
72.109931,-4178.1554,0.2481549,0.52104424,0.11440027,4.2886283,0.05954456,79.999979
72.119931,-4177.6549,0.24821565,0.51987001,0.099051026,4.7234627,0.054073213,79.999979
72.129931,-4177.1543,0.24783108,0.4848716,0.10949229,5.158297,0.053974691,79.999979
72.139931,-4176.9758,0.24745014,0.50818093,0.11917163,3.8434639,0.05973557,79.999979
72.149931,-4176.1531,0.2472174,0.51464979,0.12212547,4.0882887,0.063890434,79.999979
72.159931,-4175.3618,0.24824554,0.52909457,0.10365473,5.2269411,0.05481521,79.999979
72.169931,-4176.1362,0.24771111,0.52073925,0.14007936,3.6301223,0.069094298,79.999979
72.179931,-4177.0841,0.24768547,0.51152935,0.13068035,3.8860596,0.066748063,79.999979
72.189931,-4177.5779,0.24765983,0.55384813,0.12128133,4.1419968,0.065459765,79.999979
72.199931,-4178.0718,0.24733562,0.54168501,0.10850618,5.2690597,0.061735614,79.999979
72.209931,-4176.0914,0.24699004,0.52701026,0.13769331,3.9400811,0.072569535,79.999979
72.219931,-4178.5026,0.24767175,0.56276084,0.12281814,4.6079543,0.070572987,79.999979
72.229931,-4176.5748,0.24808183,0.50313334,0.15132659,3.2032521,0.074657188,79.999979
72.239931,-4176.1765,0.24803508,0.47669137,0.11584411,3.5922436,0.055172936,79.999979
72.249931,-4175.7782,0.24798833,0.50511648,0.10473419,3.9812352,0.053098305,79.999979
72.259931,-4175.3798,0.24794923,0.51319424,0.11307481,4.7737905,0.058534701,79.999979
72.269931,-4176.8708,0.24762777,0.50678326,0.13121784,3.8814656,0.06098797,79.999979
72.279931,-4176.5973,0.24777388,0.4976095,0.14535376,3.1861145,0.065701936,79.999979
72.289931,-4173.7628,0.24815691,0.51820507,0.11570793,4.414704,0.059910307,79.999979
72.299931,-4174.6157,0.24752065,0.46984725,0.12927308,4.0061577,0.060636799,79.999979
72.309931,-4175.4686,0.24732629,0.50325802,0.11848925,3.5976113,0.058497071,79.999979
72.319931,-4176.0804,0.24714818,0.57317278,0.1011174,4.3419894,0.057759609,79.999979
72.329931,-4179.0013,0.24782295,0.51053573,0.10720819,4.9240241,0.058920415,79.999979
72.339931,-4175.6484,0.24796488,0.51510707,0.12196063,4.0601096,0.062824861,79.999979
72.349931,-4177.7676,0.24841829,0.5199007,0.12922866,4.484476,0.067434776,79.999979
72.359931,-4177.8925,0.24845017,0.51575658,0.10484581,4.5437945,0.059308783,79.999979
72.369931,-4178.4124,0.24848259,0.52665412,0.09957435,4.9712242,0.054995706,79.999979
72.379931,-4179.3186,0.24851501,0.53738828,0.094656652,5.5861588,0.050860599,79.999979
72.389931,-4178.4163,0.24751575,0.53950697,0.11437491,4.5594066,0.061347027,79.999979
72.399931,-4177.2153,0.24690125,0.4968807,0.13122129,3.1488481,0.065369282,79.999979
72.409931,-4180.5846,0.2472072,0.59709473,0.11398772,5.2320191,0.068146202,79.999979
72.419931,-4178.84,0.24714433,0.55220245,0.12501124,4.047937,0.068873341,79.999979
72.429931,-4178.2603,0.24698472,0.57719892,0.11940308,4.415683,0.068963317,79.999979
72.439931,-4177.6805,0.2468251,0.50829279,0.11186395,4.783429,0.057033216,79.999979
72.449931,-4177.4429,0.24651418,0.57652336,0.10097446,5.2379262,0.058204369,79.999979
72.459931,-4179.9409,0.24752611,0.49233411,0.13532014,3.469647,0.071520076,79.999979
72.469931,-4177.7651,0.24783516,0.53882838,0.10079627,5.4610799,0.055057373,79.999979
72.479931,-4179.6938,0.24766336,0.52589398,0.13710963,3.7153515,0.067311937,79.999979
72.489931,-4179.6938,0.24765352,0.53633877,0.13394192,3.8442103,0.071558968,79.999979
72.499931,-4179.6938,0.24743148,0.50237304,0.13077422,3.973069,0.064652458,79.999979
72.509931,-4179.2654,0.24720944,0.51618597,0.12021979,3.9694601,0.058722148,79.999979
72.519931,-4180.5412,0.24761638,0.50031222,0.10353483,4.6427789,0.053521492,79.999979
72.529931,-4179.6108,0.24768829,0.47795287,0.11841894,3.9738212,0.058840262,79.999979
72.539931,-4183.6091,0.24787827,0.51647616,0.10619639,4.7468148,0.054849046,79.999979
72.549931,-4183.6091,0.24776158,0.56109426,0.12449326,4.3503217,0.070222925,79.999979
72.559931,-4183.6091,0.24776158,0.59867454,0.14341274,3.9132711,0.08339589,79.999979
72.569931,-4183.5921,0.24776158,0.60058693,0.13497823,4.6112978,0.083746126,79.999979
72.579931,-4181.1938,0.24696308,0.56054145,0.11568391,4.5907398,0.064521988,79.999979
72.589931,-4182.908,0.2481506,0.51196217,0.11940675,4.2335605,0.061102481,79.999979
72.599931,-4182.6164,0.2475879,0.47762769,0.12283323,3.8114944,0.058767131,79.999979
72.609931,-4181.6858,0.24711527,0.55316235,0.11366905,5.1229621,0.066540427,79.999979
72.619931,-4181.6866,0.24711527,0.51163533,0.11900626,4.9174229,0.06002917,79.999979
72.629931,-4181.6866,0.24711527,0.4979312,0.11577219,4.7118837,0.057147554,79.999979
72.639931,-4181.6866,0.24711527,0.48422706,0.11253812,4.5063445,0.054265938,79.999979
72.649931,-4181.6866,0.24711527,0.47052293,0.10930405,4.3008053,0.051384322,79.999979
72.659931,-4184.0213,0.24728369,0.5046864,0.13916757,3.6950736,0.070344479,79.999979
72.669931,-4184.4835,0.2478539,0.51157611,0.1388835,4.4751339,0.062121783,79.999979
72.679931,-4184.4635,0.24730622,0.49782622,0.13005274,3.5653234,0.059369799,79.999979
72.689931,-4184.4435,0.24675854,0.48407632,0.12122199,3.8295259,0.056617815,79.999979
72.699931,-4184.4234,0.24699426,0.49229702,0.11038822,4.2796832,0.054161765,79.999979
72.709931,-4181.6263,0.24912063,0.5316917,0.18007478,2.8475379,0.095773474,79.999979
72.719931,-4183.2478,0.24715904,0.51585943,0.097868536,5.2656657,0.050385954,79.999979
72.729931,-4184.5934,0.24725502,0.50704751,0.11432849,4.6995529,0.059150525,79.999979
72.739931,-4184.8912,0.24751688,0.49184015,0.14710282,4.1217724,0.071714563,79.999979
72.749931,-4185.189,0.24755073,0.50473418,0.13460671,3.543992,0.06654484,79.999979
72.759931,-4184.5403,0.24758458,0.50363311,0.12072607,3.7284916,0.061072299,79.999979
72.769931,-4183.1102,0.24835803,0.52676936,0.14137937,3.6645166,0.074464412,79.999979
72.779931,-4184.9463,0.24769329,0.5157634,0.12534618,3.8481517,0.064646959,79.999979
72.789931,-4182.9281,0.24703763,0.57436909,0.11554803,3.4047574,0.076630858,79.999979
72.799931,-4182.9281,0.24703763,0.56380906,0.11929709,4.792213,0.073472617,79.999979
72.809931,-4182.6167,0.24703763,0.55324903,0.12304616,4.5280841,0.070314377,79.999979
72.819931,-4182.2152,0.24703763,0.56227349,0.13799094,4.0400291,0.077704066,79.999979
72.829931,-4183.7678,0.24771306,0.53134951,0.10637493,4.8599511,0.056524853,79.999979
72.839931,-4184.9191,0.24711971,0.55783123,0.15731568,3.7515594,0.081283278,79.999979
72.849931,-4184.2361,0.24815879,0.57603816,0.10760994,4.889009,0.063583032,79.999979
72.859931,-4184.2415,0.24801275,0.53661481,0.1065951,5.0120988,0.057558378,79.999979
72.869931,-4184.2469,0.24798764,0.51197479,0.10702814,4.7431628,0.054844814,79.999979
72.87993,-4184.2519,0.24798764,0.4966975,0.10828777,4.4855967,0.053284794,79.999979
72.88993,-4184.5535,0.2470195,0.50126122,0.10176614,4.6641205,0.051263583,79.999979
72.89993,-4182.2167,0.2471638,0.51878974,0.11273408,4.4046768,0.061222013,79.999979
72.90993,-4183.0608,0.24659207,0.52561791,0.11832195,4.4910745,0.062190573,79.999979
72.91993,-4182.8876,0.2470478,0.51899364,0.12510556,4.0272001,0.063965225,79.999979
72.92993,-4183.0485,0.24753684,0.52275682,0.12241244,4.0680551,0.064031281,79.999979
72.93993,-4183.2095,0.24780992,0.52788941,0.11777641,4.2035709,0.061539762,79.999979
72.94993,-4182.0286,0.24739166,0.5694154,0.12175341,4.4322493,0.06940179,79.999979
72.95993,-4181.7663,0.24768419,0.49207562,0.11884773,4.1947274,0.058477868,79.999979
72.96993,-4183.018,0.24702626,0.52030648,0.14379482,3.3782284,0.074803103,79.999979
72.97993,-4181.8071,0.24691711,0.62702931,0.12027982,5.0101971,0.075417742,79.999979
72.98993,-4181.2967,0.24700435,0.59339293,0.11553432,5.1226091,0.068352217,79.999979
72.99993,-4180.7863,0.24709159,0.50349947,0.10291418,5.2095903,0.051871642,79.999979
73.00993,-4181.1289,0.24762963,0.52165207,0.12933298,4.0187944,0.067454895,79.999979
73.01993,-4184.1893,0.24763107,0.5122328,0.12128063,4.1791871,0.059676544,79.999979
73.02993,-4185.8015,0.24677637,0.49498876,0.10883837,4.3892229,0.053619063,79.999979
73.03993,-4185.0198,0.24670032,0.50051596,0.11672102,4.1576639,0.058419681,79.999979
73.04993,-4185.8542,0.24671866,0.51308241,0.11655454,4.2215303,0.059779687,79.999979
73.05993,-4186.7538,0.246737,0.51946051,0.11638806,4.2853968,0.059981923,79.999979
73.06993,-4187.6533,0.24813161,0.49910242,0.10897604,4.6622703,0.055854664,79.999979
73.07993,-4188.4946,0.24720145,0.51571219,0.11574731,4.1716813,0.059738729,79.999979
73.08993,-4186.4035,0.2466583,0.52601665,0.1242554,3.9235923,0.061259797,79.999979
73.09993,-4188.4777,0.24654855,0.5250493,0.14897198,3.6803947,0.069839399,79.999979
73.10993,-4188.2055,0.24654855,0.5242817,0.14125771,3.3504932,0.067153454,79.999979
73.11993,-4187.9333,0.24650992,0.52351409,0.12690452,3.9450979,0.064467509,79.999979
73.12993,-4188.4298,0.24646957,0.58694388,0.11754992,4.7905444,0.068997453,79.999979
73.13993,-4187.0175,0.24651622,0.57851612,0.11598052,5.1116175,0.06697666,79.999979
73.14993,-4188.8468,0.24728857,0.51432571,0.10917835,4.3398222,0.056014685,79.999979
73.15993,-4189.0955,0.24708262,0.50569429,0.12211715,3.9257542,0.061761498,79.999979
73.16993,-4189.0962,0.24708262,0.58833023,0.12246672,4.2455573,0.071885013,79.999979
73.17993,-4189.0969,0.24708262,0.58279406,0.11602596,4.5653604,0.067567119,79.999979
73.18993,-4189.0973,0.24708262,0.53619611,0.10952096,5.1238322,0.059966672,79.999979
73.19993,-4188.3477,0.24747639,0.52637886,0.095557998,5.6786914,0.050297557,79.999979
73.20993,-4189.49,0.24720342,0.52725848,0.11477132,4.4918441,0.060508245,79.999979
73.21993,-4188.1127,0.24655057,0.62309164,0.11054022,4.478271,0.068856822,79.999979
73.22993,-4187.9272,0.24689745,0.58482301,0.11047096,5.5757638,0.065809739,79.999979
73.23993,-4187.8819,0.24724433,0.54555123,0.11417273,5.0047558,0.062698808,79.999979
73.24993,-4187.8819,0.24759121,0.50391515,0.11588688,4.2630561,0.058420083,79.999979
73.25993,-4190.1708,0.2470571,0.52498257,0.11772089,4.4392656,0.063053154,79.999979
73.26993,-4190.1751,0.24741119,0.50528227,0.11358216,4.8367541,0.058384927,79.999979
73.27993,-4189.6545,0.24726218,0.49687077,0.09855951,5.0723775,0.056166442,79.999979
73.28993,-4190.1985,0.24703279,0.52387197,0.12328588,4.0711182,0.071079096,79.999979
73.29993,-4190.0143,0.24728275,0.51380115,0.11525809,4.4463806,0.065146361,79.999979
73.30993,-4190.2265,0.24753271,0.50375526,0.11806477,4.1789473,0.057904557,79.999979
73.31993,-4190.8419,0.24761555,0.51604673,0.11346548,4.5892271,0.060582365,79.999979
73.32993,-4188.8341,0.24726832,0.56671016,0.1502223,3.5490836,0.084269016,79.999979
73.33993,-4189.5487,0.2463704,0.50109921,0.12863325,4.0766699,0.064528002,79.999979
73.34993,-4189.5377,0.24656529,0.5392259,0.12140713,4.0395596,0.062936424,79.999979
73.35993,-4188.7868,0.24629902,0.56515754,0.11131153,4.4479754,0.063398015,79.999979
73.36993,-4188.036,0.24603274,0.55546098,0.10635965,4.8563912,0.059182381,79.999979
73.37993,-4187.0076,0.24650262,0.45824237,0.12615852,4.0422387,0.057789474,79.999979
73.38993,-4187.4572,0.2478126,0.56334232,0.12873181,4.5097694,0.072773338,79.999979
73.39993,-4189.1796,0.2478066,0.5526377,0.1383171,4.0876085,0.069993925,79.999979
73.40993,-4187.376,0.24795731,0.52573178,0.11216988,4.6277378,0.058315744,79.999979
73.41993,-4186.7319,0.24795609,0.50900145,0.11855834,4.34072,0.058826603,79.999979
73.42993,-4186.2312,0.24795487,0.49227112,0.1211762,4.0166276,0.059337461,79.999979
73.43993,-4187.874,0.24810637,0.50548519,0.14083576,3.3031907,0.071127461,79.999979
73.44993,-4189.3656,0.24855013,0.51870452,0.13875418,3.8140325,0.073135458,79.999979
73.45993,-4188.5105,0.24748347,0.46995199,0.11053642,4.629778,0.051908117,79.999979
73.46993,-4190.0696,0.24800683,0.5217421,0.11501245,4.432726,0.061075728,79.999979
73.47993,-4190.1479,0.24727363,0.54700015,0.11382079,4.548223,0.061468777,79.999979
73.48993,-4188.6262,0.24708206,0.50435519,0.098424001,5.1128752,0.050816348,79.999979
73.49993,-4188.5427,0.24725809,0.50472847,0.10261775,4.9997377,0.051696633,79.999979
73.50993,-4188.9285,0.24743413,0.50198931,0.10515675,4.8866003,0.052774089,79.999979
73.51993,-4190.3631,0.24652114,0.49499352,0.11682432,4.1403722,0.057826828,79.999979
73.52993,-4191.0381,0.24701758,0.48282274,0.12366775,3.9153625,0.059736336,79.999979
73.53993,-4187.785,0.24746856,0.50568906,0.12445837,4.3014986,0.063585372,79.999979
73.54993,-4189.3122,0.24705266,0.58201608,0.13520339,4.2173236,0.077116082,79.999979
73.55993,-4189.3122,0.2469133,0.59798963,0.12110166,4.8100097,0.071289633,79.999979
73.56993,-4189.3122,0.24677394,0.61396318,0.10699992,5.4026958,0.065463183,79.999979
73.57993,-4188.6027,0.24675865,0.52343569,0.097429734,5.5858065,0.050976799,79.999979
73.58993,-4187.6898,0.24706037,0.51331262,0.12377825,3.9287364,0.062509283,79.999979
73.59993,-4189.1676,0.24726186,0.55666709,0.11766466,4.6303646,0.065500179,79.999979
73.60993,-4190.4677,0.24792822,0.50953739,0.11823713,4.298631,0.060203983,79.999979
73.61993,-4191.4356,0.24790846,0.49243402,0.12403945,4.106626,0.061075069,79.999979
73.62993,-4191.4356,0.2478887,0.50022985,0.11365315,3.9146211,0.055957482,79.999979
73.63993,-4191.4356,0.24787785,0.50686535,0.098522422,4.4506262,0.049932379,79.999979
73.64993,-4190.0465,0.24653091,0.49946599,0.11733079,4.3784449,0.058615493,79.999979
73.65993,-4192.4983,0.24648895,0.50854347,0.11053776,4.3344177,0.057253716,79.999979
73.66993,-4193.4692,0.24723695,0.54204893,0.12110711,4.3992805,0.064458184,79.999979
73.67993,-4193.5281,0.24733619,0.5603639,0.11225208,5.0240741,0.061696212,79.999979
73.68993,-4193.5869,0.24743544,0.57867888,0.10339705,5.6488677,0.05893424,79.999979
73.69993,-4193.6457,0.24753468,0.59699385,0.094542017,6.2736613,0.056172268,79.999979
73.70993,-4190.8048,0.24806945,0.52759414,0.10845747,4.772112,0.058487803,79.999979
73.71993,-4193.5636,0.24671827,0.51275314,0.10094256,4.9794358,0.052065597,79.999979
73.72993,-4194.0993,0.24685652,0.50457952,0.13645519,3.5918537,0.068897815,79.999979
73.73993,-4193.1916,0.24683361,0.48084619,0.12474821,3.7463787,0.060005949,79.999979
73.74993,-4192.2838,0.2468107,0.51279291,0.11258348,4.2462648,0.057367291,79.999979
73.75993,-4191.3898,0.24678779,0.56067068,0.10187834,4.9463206,0.057554369,79.999979
73.76993,-4193.4246,0.24671682,0.51192978,0.12127603,4.0915294,0.061267851,79.999979
73.77993,-4193.8537,0.24711776,0.50167617,0.10463083,4.6930913,0.053330112,79.999979
73.78993,-4191.1938,0.24753365,0.516923,0.12187664,3.9817061,0.070729401,79.999979
73.79993,-4191.6271,0.24740973,0.50732175,0.11865473,4.2075689,0.066170144,79.999979
73.80993,-4192.0603,0.24728581,0.4977205,0.11647468,4.2263126,0.061610886,79.999979
73.81993,-4192.4935,0.24716189,0.48811925,0.11429462,4.2450563,0.057051629,79.999979
73.82993,-4192.9268,0.24712174,0.49713571,0.11211457,4.2638001,0.056447167,79.999979
73.83993,-4193.3139,0.24712174,0.52664899,0.11072976,4.3120388,0.060196664,79.999979
73.84993,-4193.3139,0.24712174,0.55616227,0.11356777,4.6077886,0.06394616,79.999979
73.85993,-4193.3139,0.24712174,0.55360764,0.11759332,4.7465713,0.065323862,79.999979
73.86993,-4193.3139,0.24712174,0.4951591,0.126595,3.9192116,0.062567557,79.999979
73.87993,-4193.2762,0.24659487,0.50001454,0.10833331,4.4351703,0.054152352,79.999979
73.88993,-4194.0693,0.24678962,0.53755997,0.11631133,4.5235519,0.06263787,79.999979
73.89993,-4193.767,0.24649238,0.49144207,0.11498056,4.0717326,0.056449502,79.999979
73.90993,-4194.5152,0.24733564,0.50123943,0.12160136,4.438642,0.06122193,79.999979
73.91993,-4195.0715,0.24702882,0.53654771,0.13126793,4.1891065,0.070266509,79.999979
73.929929,-4194.5522,0.24682914,0.52248511,0.1456739,3.8405179,0.072925444,79.999979
73.939929,-4194.033,0.24690506,0.54408946,0.13242857,3.4919294,0.071040149,79.999979
73.949929,-4192.5855,0.24703952,0.49765843,0.10639779,4.2873087,0.051622956,79.999979
73.959929,-4194.4736,0.24737575,0.58376611,0.11506505,4.4310007,0.066990953,79.999979
73.969929,-4193.4796,0.24648583,0.50756018,0.12658892,3.8251405,0.064317385,79.999979
73.979929,-4191.442,0.24623063,0.50535112,0.11406472,4.2540518,0.057752355,79.999979
73.989929,-4191.7429,0.24623063,0.50474271,0.10048749,4.6084778,0.052157189,79.999979
73.999929,-4192.0438,0.24623063,0.56272905,0.11210316,4.8710389,0.063753864,79.999979
74.009929,-4192.3624,0.24681315,0.51178701,0.11863858,4.7779356,0.060676207,79.999979
74.019929,-4192.6148,0.24660082,0.50700688,0.11296859,4.1309222,0.057523282,79.999979
74.029929,-4190.5702,0.24713107,0.5398977,0.10685306,4.9303022,0.057685523,79.999979
74.039929,-4193.4959,0.24754474,0.58038445,0.11721388,4.8609033,0.067984816,79.999979
74.049929,-4193.4899,0.24754474,0.56065243,0.11401655,4.8224836,0.064139323,79.999979
74.059929,-4193.4839,0.24754474,0.54092041,0.11081922,4.7840638,0.060293831,79.999979
74.069929,-4193.4779,0.24754474,0.52118839,0.10762189,4.745644,0.056448338,79.999979
74.079929,-4193.4746,0.24754474,0.50145637,0.10442456,4.7072242,0.052602846,79.999979
74.089929,-4193.4746,0.24754474,0.4833263,0.10122723,4.6688044,0.049051838,79.999979
74.099929,-4193.4746,0.24752626,0.51750615,0.11072082,4.4968287,0.055950629,79.999979
74.109929,-4193.4746,0.24750481,0.50902783,0.11663656,4.335696,0.056465176,79.999979
74.119929,-4193.4746,0.24748335,0.50054951,0.11553819,4.2562039,0.056979723,79.999979
74.129929,-4194.2069,0.24746189,0.60802858,0.12164896,4.8037234,0.074005609,79.999979
74.139929,-4192.5496,0.24702948,0.51544131,0.12563771,4.0479805,0.064685805,79.999979
74.149929,-4194.2945,0.24730506,0.53365521,0.12666585,4.376273,0.06717629,79.999979
74.159929,-4195.395,0.24641885,0.50292757,0.12036697,4.1764242,0.060501091,79.999979
74.169929,-4194.8553,0.24641885,0.51306196,0.13662881,3.8161122,0.067792138,79.999979
74.179929,-4194.293,0.24643052,0.53099075,0.14217153,3.6384865,0.07453797,79.999979
74.189929,-4193.7738,0.24644953,0.54008755,0.15255576,3.47872,0.083023753,79.999979
74.199929,-4196.029,0.24695919,0.50620785,0.11922416,4.307362,0.057808676,79.999979
74.209929,-4196.6942,0.24669965,0.50354993,0.11747115,4.3553237,0.059130682,79.999979
74.219929,-4196.528,0.24691385,0.57093377,0.11242706,4.9113455,0.064297954,79.999979
74.229929,-4196.528,0.2473175,0.51484663,0.12585093,4.2783303,0.062226935,79.999979
74.239929,-4196.425,0.2473175,0.52229837,0.1215213,4.046468,0.062034774,79.999979
74.249929,-4196.0972,0.2473175,0.52975011,0.11719168,4.3973474,0.061842614,79.999979
74.259929,-4195.7693,0.24767739,0.58509188,0.11691817,4.4908724,0.068518294,79.999979
74.269929,-4195.1158,0.24707324,0.4837757,0.10726045,4.1955413,0.051957501,79.999979
74.279929,-4197.2007,0.24581086,0.52011707,0.14914359,3.3189662,0.077566762,79.999979
74.289929,-4198.5163,0.24678327,0.52798879,0.094355878,5.1927175,0.049367055,79.999979
74.299929,-4198.8586,0.24708512,0.52024352,0.10452364,5.0207077,0.053336179,79.999979
74.309929,-4199.201,0.24738697,0.51249826,0.11230697,4.5311379,0.057305304,79.999979
74.319929,-4199.5192,0.24745886,0.51662819,0.11531914,4.544476,0.059570024,79.999979
74.329929,-4198.5597,0.24674274,0.62031792,0.11875123,5.1589769,0.074436833,79.999979
74.339929,-4201.2585,0.24645825,0.58180441,0.10804493,5.2999898,0.062801311,79.999979
74.349929,-4200.1586,0.24623206,0.55226393,0.11254069,4.7551733,0.062138466,79.999979
74.359929,-4199.8152,0.24647517,0.56768714,0.10933371,4.9875597,0.062057312,79.999979
74.369929,-4199.4717,0.2464464,0.54319326,0.10612672,5.2199462,0.057716942,79.999979
74.379929,-4199.1958,0.24640056,0.53452139,0.10874928,5.0565926,0.06181028,79.999979
74.389929,-4201.0566,0.2463188,0.55336875,0.11096085,4.6258899,0.061413518,79.999979
74.399929,-4202.5214,0.2473843,0.51365591,0.085359571,5.9411341,0.043842781,79.999979
74.409929,-4199.1224,0.24665939,0.46426907,0.1349449,3.3131896,0.062614762,79.999979
74.419929,-4199.704,0.24660898,0.50099359,0.12521947,3.5435039,0.062711472,79.999979
74.429929,-4200.3057,0.24655857,0.49475566,0.12073566,3.7738182,0.059913783,79.999979
74.439929,-4200.9074,0.24662197,0.48948668,0.11727621,3.9886654,0.060191386,79.999979
74.449929,-4201.312,0.24706836,0.50862519,0.12039308,3.6643537,0.05803101,79.999979
74.459929,-4201.9566,0.24695018,0.55331868,0.11655351,4.5025101,0.064470625,79.999979
74.469929,-4201.1183,0.24635489,0.51898987,0.10824184,3.9709024,0.054725798,79.999979
74.479929,-4201.2235,0.24645908,0.60990523,0.13745,4.4149944,0.074435401,79.999979
74.489929,-4201.3414,0.24659929,0.58977702,0.13850277,4.1394602,0.070961521,79.999979
74.499929,-4201.4491,0.2467395,0.56490644,0.11723733,4.8702157,0.066521074,79.999979
74.509929,-4202.6644,0.246959,0.5095089,0.11583062,4.1052472,0.057227908,79.999979
74.519929,-4200.1973,0.24577854,0.51790801,0.13420463,3.6218712,0.06950587,79.999979
74.529929,-4202.9539,0.24683546,0.50540554,0.12914543,3.7702905,0.064292305,79.999979
74.539929,-4204.3003,0.24710419,0.50369234,0.12661389,3.9577049,0.061679186,79.999979
74.549929,-4204.3003,0.24690957,0.50446485,0.13209981,3.7696305,0.065972944,79.999979
74.559929,-4204.3003,0.24655644,0.51671775,0.13758573,3.5815561,0.068551685,79.999979
74.569929,-4202.5571,0.24660874,0.57236532,0.10720728,5.4269343,0.061468666,79.999979
74.579929,-4204.0391,0.2471424,0.5509086,0.12046865,4.2232828,0.066348668,79.999979
74.589929,-4204.4219,0.2462129,0.51793075,0.10566983,4.4621055,0.054643856,79.999979
74.599929,-4201.8234,0.24648601,0.55826274,0.099784148,5.4572394,0.056225165,79.999979
74.609929,-4202.1919,0.24648601,0.50496357,0.084148446,5.6214922,0.043631575,79.999979
74.619929,-4202.5603,0.24648601,0.54687821,0.089507126,5.7857449,0.04941621,79.999979
74.629929,-4202.7133,0.24659802,0.51469769,0.094865807,5.8316393,0.054015257,79.999979
74.639929,-4204.6452,0.24630756,0.54604301,0.1082316,4.7860365,0.05895195,79.999979
74.649929,-4202.5808,0.24678214,0.5491468,0.1448222,3.9176829,0.0728954,79.999979
74.659929,-4203.9275,0.24699794,0.5056351,0.1077911,4.6069853,0.053831809,79.999979
74.669929,-4203.7398,0.24682174,0.50875634,0.11879681,4.1826073,0.054340351,79.999979
74.679929,-4203.5521,0.24664554,0.51187759,0.11106899,4.4644662,0.054848892,79.999979
74.689929,-4203.3645,0.24629439,0.49454811,0.11254414,4.3634015,0.055612883,79.999979
74.699929,-4205.0937,0.24545973,0.59774547,0.11843418,4.8300853,0.070883977,79.999979
74.709929,-4205.1085,0.24700959,0.55777611,0.12120311,4.4658839,0.065315611,79.999979
74.719929,-4205.2507,0.24689724,0.5505225,0.12082763,4.4668069,0.097230797,79.999979
74.729929,-4205.0945,0.24675265,0.80198359,0.17747712,4.4518328,0.29147928,79.999979
74.739929,-4204.9383,0.24660807,1.0534447,0.23412662,4.4368587,0.48572776,79.999979
74.749929,-4204.7821,0.24646348,1.3049058,0.29077611,4.4218847,0.67997625,79.999979
74.759929,-4203.4229,0.24653999,1.5563669,0.3474256,4.4069106,0.87422473,79.999979
74.769929,-4207.0548,0.24630117,1.807828,0.4040751,4.3919365,1.0684732,79.999979
74.779929,-4207.5827,0.24629761,2.059289,0.46072459,4.3769624,1.2627217,79.999979
74.789929,-4208.9541,0.24668927,2.3107501,0.51737409,4.3619883,1.4569702,79.999979
74.799929,-4209.3944,0.24613068,2.5622112,0.57402358,4.3470142,1.6512187,79.999979
74.809929,-4209.4382,0.24639719,2.8136723,0.63067308,4.3320402,1.8454671,79.999979
74.819929,-4209.4343,0.24535424,2.9498654,0.66873336,4.3112254,1.9597298,79.999979
74.829929,-4212.9829,0.24624809,2.9507856,0.67375817,4.2800309,1.9801252,79.999979
74.839929,-4212.4241,0.24634866,2.9517059,0.67878299,4.2488365,2.0005205,79.999979
74.849929,-4215.4093,0.24651658,2.9550128,0.68103219,4.2390939,2.0124232,79.999979
74.859929,-4217.7847,0.24529511,2.9621699,0.67880358,4.263959,2.0106247,79.999979
74.869929,-4217.8848,0.24562345,2.969327,0.67657497,4.288824,2.0088263,79.999979
74.879929,-4217.8962,0.24571293,2.9764841,0.67434635,4.3136891,2.0070278,79.999979
74.889929,-4215.4959,0.24578288,2.9836412,0.67211774,4.3385541,2.0052294,79.999979
74.899929,-4217.143,0.24685577,2.9907984,0.66988912,4.3634191,2.0034309,79.999979
74.909929,-4219.6443,0.24663204,2.9961594,0.66885423,4.3838961,2.0056401,79.999979
74.919929,-4221.6358,0.24618183,2.9918749,0.67792255,4.3252916,2.029372,79.999979
74.929929,-4219.9973,0.24605463,2.9875903,0.68699088,4.2666872,2.0531038,79.999979
74.939929,-4219.6723,0.24592743,2.9833057,0.69605921,4.2080827,2.0768357,79.999979
74.949929,-4219.3473,0.24580023,2.9790212,0.70512754,4.1494783,2.1005676,79.999979
74.959929,-4219.1678,0.246019,2.9747366,0.71419587,4.0908738,2.1242995,79.999979
74.969929,-4219.2181,0.24648365,2.970452,0.7232642,4.0322694,2.1480313,79.999979
74.979928,-4221.1413,0.24644859,2.9661675,0.73233252,3.9736649,2.1717632,79.999979
74.989928,-4221.7566,0.24641263,2.9618829,0.74140085,3.9150604,2.1954951,79.999979
74.999928,-4222.6686,0.24603834,2.9575983,0.75046918,3.856456,2.219227,79.999979
75.009928,-4224.9727,0.2458988,2.9533138,0.75953751,3.7978515,2.2429588,79.999979
75.019928,-4416.8829,0.24031027,2.945115,0.73152285,3.8865809,2.1403542,79.999979
75.029928,-4413.0667,0.24003116,2.9930402,0.68016212,4.3715686,2.0357463,79.999979
75.039928,-4405.4054,0.24039031,3.03081,0.7247068,4.0989975,2.1713826,79.999979
75.049928,-4401.8769,0.24042564,3.031369,0.71173696,4.1512978,2.1578058,79.999979
75.059928,-4398.3484,0.24038833,3.0230447,0.6945662,4.2641349,2.1128677,79.999979
75.069928,-4394.8199,0.24035102,3.0308893,0.71587088,4.1431316,2.1735292,79.999979
75.079928,-4385.731,0.24031371,3.0004856,0.68155048,4.3041552,2.0457911,79.999979
75.089928,-4363.934,0.24206687,3.0502777,0.69100705,4.3149097,2.1076726,79.999979
75.099928,-4337.9669,0.24237152,3.0529077,0.70846873,4.2460226,2.1603322,79.999979
75.109928,-4325.6352,0.24264761,3.1041093,0.72748415,4.2033489,2.226035,79.999979
75.119928,-4325.5128,0.24283806,3.1273006,0.72132486,4.1576007,2.2367686,79.999979
75.129928,-4322.4345,0.24302852,3.1504918,0.71516557,4.2744813,2.2475021,79.999979
75.139928,-4319.3561,0.24406673,3.0905803,0.70841497,4.2809784,2.1894452,79.999979
75.149928,-4295.9816,0.24474499,3.0764226,0.70534768,4.3514232,2.1710468,79.999979
75.159928,-4271.2075,0.24539772,3.1579854,0.73871514,4.1423013,2.3111515,79.999979
75.169928,-4245.7017,0.24704577,3.0807235,0.7074643,4.2526782,2.1745307,79.999979
75.179928,-4242.7125,0.24729727,3.0874883,0.72468148,4.158054,2.1899115,79.999979
75.189928,-4239.7233,0.24739926,3.0942531,0.71797599,4.1991054,2.2052922,79.999979
75.199928,-4236.734,0.24739926,3.1183187,0.70715239,4.2997834,2.2050449,79.999979
75.209928,-4220.9671,0.2469931,3.1308303,0.7159358,4.2724385,2.2418047,79.999979
75.219928,-4196.2809,0.24707748,3.1471996,0.72378846,4.2916039,2.2780458,79.999979
75.229928,-4164.7303,0.2496473,3.1427852,0.72526619,4.2413577,2.279344,79.999979
75.239928,-4160.5483,0.25001755,3.1008273,0.73447684,4.1682563,2.2774085,79.999979
75.249928,-4156.3662,0.2498649,3.0807109,0.73004766,4.1097926,2.2459708,79.999979
75.259928,-4152.7731,0.24971225,3.073315,0.71954403,4.1611732,2.2120485,79.999979
75.269928,-4142.8248,0.24947368,3.0566904,0.74942705,4.0032651,2.2822305,79.999979
75.279928,-4117.1541,0.25104348,3.165548,0.74489546,4.1101018,2.3583276,79.999979
75.289928,-4093.9353,0.25145793,3.1423069,0.72888829,4.2229819,2.2915507,79.999979
75.299928,-4086.3223,0.25228154,3.0991836,0.73541907,4.1047411,2.2792087,79.999979
75.309928,-4084.9596,0.25232465,3.0987049,0.72771913,4.1434583,2.2550022,79.999979
75.319928,-4083.597,0.25236777,3.0982262,0.72001919,4.1821756,2.2307957,79.999979
75.329928,-4082.2343,0.25241089,3.0977475,0.71231925,4.2208928,2.2065892,79.999979
75.339928,-4080.8716,0.252454,3.0963023,0.70608642,4.2596101,2.200748,79.999979
75.349928,-4079.3356,0.25249712,3.0530104,0.71201845,4.2821221,2.1657586,79.999979
75.359928,-4076.4947,0.25254024,2.4147067,0.71795048,4.2353753,1.6061806,79.999979
75.369928,-4073.6539,0.25258335,1.7764031,0.51640756,4.2807119,1.0466025,79.999979
75.379928,-4070.8131,0.25262647,1.1380994,0.29862889,4.4593665,0.48702444,79.999979
75.389928,-4068.9106,0.25294538,0.59612743,0.12994177,4.7047471,0.077917442,79.999979
75.399928,-4043.9323,0.25253655,0.52331939,0.12065098,4.2536757,0.059787049,79.999979
75.409928,-4023.8551,0.25357022,0.51688913,0.10979803,4.5943281,0.056778257,79.999979
75.419928,-4023.0834,0.25292888,0.55374767,0.11277891,4.8560852,0.062530449,79.999979
75.429928,-4024.9295,0.25286308,0.51623196,0.10957105,4.7703609,0.057064847,79.999979
75.439928,-4026.7756,0.25279727,0.52054811,0.11995108,4.6846366,0.062612487,79.999979
75.449928,-4027.4868,0.25273871,0.5097687,0.1293197,3.8954927,0.065777163,79.999979
75.459928,-4032.7075,0.25213256,0.57005182,0.13980023,3.8927423,0.074597448,79.999979
75.469928,-4035.4097,0.25287252,0.53463652,0.10230127,5.6964591,0.054682698,79.999979
75.479928,-4035.1905,0.25369793,0.55128738,0.12182246,3.989687,0.067178108,79.999979
75.489928,-4034.3161,0.25374453,0.53461362,0.14742747,3.6499784,0.061388001,79.999979
75.499928,-4033.4418,0.25379114,0.5127784,0.12494161,4.0144155,0.054780746,79.999979
75.509928,-4033.1586,0.25383775,0.51525651,0.10453086,4.6720722,0.0539455,79.999979
75.519928,-4035.184,0.2525548,0.50888653,0.13058123,3.7654568,0.066373614,79.999979
75.529928,-4033.7649,0.25282192,0.55294384,0.11087139,4.8502727,0.061452398,79.999979
75.539928,-4031.5898,0.25289344,0.58528666,0.10636857,5.4519009,0.062758298,79.999979
75.549928,-4032.8957,0.25282141,0.52017006,0.10646745,5.0165503,0.055247794,79.999979
75.559928,-4034.2016,0.25273506,0.51932546,0.10540388,4.7973743,0.054681429,79.999979
75.569928,-4034.5746,0.25264871,0.51913916,0.10208459,4.9388677,0.05299362,79.999979
75.579928,-4036.4664,0.25258098,0.50697201,0.12094995,3.6403793,0.063095552,79.999979
75.589928,-4035.6812,0.25355558,0.55902627,0.13444524,3.3389893,0.075131885,79.999979
75.599928,-4042.4379,0.25205055,0.50602488,0.15622895,3.4046678,0.071799395,79.999979
75.609928,-4044.7488,0.25181249,0.50213589,0.12478619,3.9617559,0.065744325,79.999979
75.619928,-4046.0703,0.25174195,0.50621976,0.1142772,4.2784499,0.060808671,79.999979
75.629928,-4047.3918,0.25187315,0.51030363,0.10905912,4.5630233,0.055873018,79.999979
75.639928,-4049.5158,0.25219442,0.50243122,0.11140917,4.6897854,0.055590044,79.999979
75.649928,-4047.0459,0.25387525,0.51421219,0.13669253,3.7154188,0.070298094,79.999979
75.659928,-4049.2105,0.25237042,0.52628892,0.12008269,4.2183513,0.063195068,79.999979
75.669928,-4048.9494,0.25248009,0.5099771,0.1113967,4.4999306,0.053992227,79.999979
75.679928,-4048.9494,0.25251587,0.51743877,0.11943683,4.1415477,0.056392238,79.999979
75.689928,-4048.9494,0.25255166,0.52490045,0.11534825,4.411904,0.05879225,79.999979
75.699928,-4045.8663,0.25278193,0.52219268,0.1153805,4.4344197,0.060318139,79.999979
75.709928,-4043.3794,0.25278077,0.51603232,0.12420638,4.6452935,0.064511621,79.999979
75.719928,-4045.9126,0.2514883,0.53048842,0.13785678,3.4980817,0.068585042,79.999979
75.729928,-4043.5089,0.25145545,0.52654302,0.10832251,4.8219324,0.057024816,79.999979
75.739928,-4043.0908,0.25152168,0.52442432,0.11918958,4.4254064,0.06248781,79.999979
75.749928,-4043.0173,0.2515879,0.53057791,0.13005665,4.0288804,0.065879695,79.999979
75.759928,-4043.0173,0.25164841,0.54899696,0.13357947,3.7964911,0.066200712,79.999979
75.769928,-4045.4477,0.251411,0.52636095,0.12482407,4.130742,0.065460877,79.999979
75.779928,-4048.6562,0.25186453,0.53031992,0.1092207,4.5640052,0.057935847,79.999979
75.789928,-4046.8805,0.25138557,0.50257555,0.13552413,3.5925367,0.070606216,79.999979
75.799928,-4046.4863,0.25147443,0.50339886,0.10014556,4.980756,0.065961425,79.999979
75.809928,-4046.3598,0.25156328,0.50422217,0.11212919,4.4588668,0.061316635,79.999979
75.819928,-4048.3174,0.25165214,0.49114919,0.13636827,3.5997244,0.067019643,79.999979
75.829928,-4049.7871,0.25221572,0.54928237,0.13070821,4.1236688,0.075943037,79.999979
75.839928,-4050.355,0.25241682,0.547012,0.097111269,5.3808684,0.051879664,79.999979
75.849928,-4053.9776,0.25214196,0.49499843,0.13168837,3.6424207,0.065353991,79.999979
75.859928,-4054.1068,0.25205277,0.57360095,0.14591123,3.7106193,0.083883878,79.999979
75.869928,-4054.2361,0.25196357,0.54212936,0.14586028,3.778818,0.078679865,79.999979
75.879928,-4054.3654,0.25184212,0.51492046,0.14094906,3.6004387,0.071906585,79.999979
75.889928,-4054.7771,0.25238407,0.50608694,0.13123324,4.127309,0.066311822,79.999979
75.899928,-4054.5953,0.2527006,0.54850844,0.12729334,3.8134567,0.063633827,79.999979
75.909928,-4057.4489,0.25208308,0.60790349,0.13436305,4.4098042,0.080906038,79.999979
75.919928,-4057.4489,0.25206517,0.52016856,0.10486699,4.8448066,0.062988811,79.999979
75.929928,-4057.2403,0.25204561,0.52003605,0.11441675,4.6956473,0.055600335,79.999979
75.939928,-4056.8736,0.25202604,0.52911192,0.1284463,3.87406,0.055790992,79.999979
75.949928,-4055.0763,0.25263678,0.57217396,0.11396763,4.984878,0.065643033,79.999979
75.959928,-4058.6428,0.25163616,0.57671701,0.1222651,4.2843736,0.070477733,79.999979
75.969928,-4058.231,0.2530628,0.5279693,0.12110471,4.4259917,0.063974786,79.999979
75.979928,-4057.7097,0.25377235,0.51017398,0.1036511,4.8376249,0.052885419,79.999979
75.989928,-4058.1794,0.25377235,0.5087726,0.10714628,4.8202849,0.054561759,79.999979
75.999928,-4058.6491,0.25377235,0.5179607,0.11595589,4.802945,0.060091125,79.999979
76.009928,-4059.9654,0.25174295,0.51565271,0.14842527,3.2362323,0.076631211,79.999979
76.019928,-4064.7561,0.25148103,0.48475636,0.11770228,4.3764038,0.057414147,79.999979
76.029927,-4063.4965,0.25103261,0.50500234,0.15758566,3.75076,0.074429824,79.999979
76.039927,-4067.4915,0.2511313,0.50821177,0.11880833,4.2130914,0.060413541,79.999979
76.049927,-4067.8869,0.2511313,0.51396306,0.12788219,3.9520516,0.065780977,79.999979
76.059927,-4067.8869,0.2511313,0.52159204,0.13695605,3.6910118,0.06849973,79.999979
76.069927,-4067.8869,0.25141692,0.53281697,0.120921,4.4005571,0.064363663,79.999979
76.079927,-4069.3787,0.25165927,0.46901026,0.10917879,4.2246802,0.051232738,79.999979
76.089927,-4071.9535,0.25200586,0.54780818,0.12727369,3.9718091,0.065494596,79.999979
76.099927,-4074.4402,0.2507965,0.50566164,0.10410576,5.3480034,0.052640402,79.999979
76.109927,-4073.7026,0.25112139,0.51701218,0.10377047,4.8074301,0.05364544,79.999979
76.119927,-4072.965,0.25120198,0.52836272,0.10343518,4.8890627,0.054650478,79.999979
76.129927,-4072.4149,0.25120198,0.51265835,0.10919033,4.7364889,0.057471526,79.999979
76.139927,-4073.1551,0.25190454,0.52936622,0.1061981,5.4186584,0.055902369,79.999979
76.149927,-4075.3337,0.25043109,0.53911227,0.097534938,5.3480493,0.053440238,79.999979
76.159927,-4074.364,0.25151032,0.53101326,0.13023256,4.2761306,0.069158084,79.999979
76.169927,-4074.4323,0.25131644,0.51046273,0.11821558,4.1981202,0.06041909,79.999979
76.179927,-4075.3903,0.25112256,0.50619743,0.10619861,4.4430641,0.066010165,79.999979
76.189927,-4076.5688,0.25093906,0.50887045,0.15189433,4.4651255,0.077706574,79.999979
76.199927,-4077.2781,0.25120021,0.49650891,0.13436379,4.1322063,0.066451324,79.999979
76.209927,-4079.0783,0.25063473,0.52153232,0.11053011,4.8343803,0.057666532,79.999979
76.219927,-4079.8566,0.25159882,0.51737491,0.10953046,4.772559,0.056682452,79.999979
76.229927,-4080.7162,0.25158381,0.55670196,0.12488915,4.5164278,0.069974524,79.999979
76.239927,-4080.7426,0.25181173,0.55623389,0.12669861,4.2505979,0.070916593,79.999979
76.249927,-4080.7689,0.25203965,0.50686893,0.10992387,4.4128423,0.055820437,79.999979
76.259927,-4082.224,0.25213259,0.484838,0.11325346,4.4181574,0.054904941,79.999979
76.269927,-4081.3533,0.25165028,0.5068465,0.12523241,4.0140279,0.062489017,79.999979
76.279927,-4084.3394,0.25048458,0.52853319,0.11467975,4.8287419,0.060492013,79.999979
76.289927,-4084.9634,0.25054068,0.5977734,0.11659046,4.9406217,0.068969607,79.999979
76.299927,-4085.8596,0.25062585,0.60807809,0.11677865,5.07052,0.070524415,79.999979
76.309927,-4086.9417,0.25071102,0.52085154,0.11696685,5.2004183,0.057343738,79.999979
76.319927,-4086.3554,0.25144748,0.50607316,0.10343442,4.7773776,0.052463135,79.999979
76.329927,-4086.4447,0.25136098,0.481285,0.11536928,4.0801486,0.055479101,79.999979
76.339927,-4088.7867,0.25015015,0.55115733,0.15674217,2.7915572,0.080163601,79.999979
76.349927,-4085.1471,0.25088703,0.51242468,0.11373988,4.4406166,0.058277833,79.999979
76.359927,-4085.6574,0.25085737,0.51118184,0.12739709,4.0084159,0.065118613,79.999979
76.369927,-4086.1677,0.25082771,0.51232512,0.14105429,3.5762152,0.059833331,79.999979
76.379927,-4086.678,0.25080381,0.51409912,0.1089594,4.7108901,0.051342723,79.999979
76.389927,-4088.1764,0.25027729,0.52858879,0.13045652,3.9516936,0.067012299,79.999979
76.399927,-4088.09,0.25087335,0.53734083,0.11430064,4.84264,0.06357173,79.999979
76.409927,-4088.3603,0.25046753,0.54742701,0.14398806,3.7002611,0.071223597,79.999979
76.419927,-4088.8245,0.25046753,0.53080417,0.13091359,4.080597,0.068622431,79.999979
76.429927,-4089.2887,0.250828,0.54689345,0.11783912,4.4609328,0.064866565,79.999979
76.439927,-4089.5445,0.25119385,0.54819237,0.10958336,4.8834604,0.058734227,79.999979
76.449927,-4091.4666,0.25023949,0.53015354,0.13890537,4.662082,0.073497691,79.999979
76.459927,-4089.4667,0.24983444,0.51052881,0.10785957,5.0550854,0.055928035,79.999979
76.469927,-4092.8725,0.24981025,0.47310572,0.16099758,3.2696525,0.07593184,79.999979
76.479927,-4093.6023,0.2498172,0.51017306,0.086284323,5.375171,0.044085942,79.999979
76.489927,-4093.6023,0.24982062,0.5157505,0.093937996,5.7329478,0.048517868,79.999979
76.499927,-4093.6023,0.24982062,0.51572064,0.10016465,5.063099,0.05167315,79.999979
76.509927,-4091.6284,0.25126737,0.48499252,0.11430609,4.2177459,0.053870199,79.999979
76.519927,-4094.2442,0.25108689,0.57983812,0.13499932,4.3045209,0.078622247,79.999979
76.529927,-4094.7076,0.25061358,0.49365504,0.13110217,3.8312133,0.064711624,79.999979
76.539927,-4092.7393,0.25070157,0.51098907,0.10980764,4.502588,0.050540885,79.999979
76.549927,-4092.8049,0.25062915,0.55519036,0.11259664,4.5265408,0.056674314,79.999979
76.559927,-4092.8705,0.25056154,0.59766605,0.10469524,5.5434289,0.062869003,79.999979
76.569927,-4093.5902,0.25020899,0.58125991,0.098550288,5.5944449,0.060991387,79.999979
76.579927,-4096.5337,0.2507162,0.51677087,0.11306749,4.4025143,0.058441243,79.999979
76.589927,-4094.2986,0.25085287,0.57480967,0.1115422,4.6788494,0.065325484,79.999979
76.599927,-4097.3095,0.25142758,0.51489237,0.11362737,4.4499675,0.061754767,79.999979
76.609927,-4097.2155,0.2511796,0.51491666,0.11406373,4.5067385,0.066128276,79.999979
76.619927,-4097.1216,0.25093161,0.51494094,0.13214812,3.8666375,0.070501785,79.999979
76.629927,-4097.0655,0.25067715,0.50931928,0.11813389,4.0690759,0.060246995,79.999979
76.639927,-4099.625,0.25063673,0.48773955,0.099506466,4.7295824,0.048446802,79.999979
76.649927,-4100.7357,0.25014089,0.52177226,0.11850827,4.3602314,0.061828017,79.999979
76.659927,-4100.8665,0.25114757,0.58569503,0.1230837,4.8052959,0.071639931,79.999979
76.669927,-4101.3314,0.25095622,0.5295135,0.12979063,4.3523347,0.068694777,79.999979
76.679927,-4101.7963,0.25087998,0.54065411,0.13649757,3.8993736,0.072354614,79.999979
76.689927,-4102.8034,0.25080375,0.51658791,0.12045092,4.3927632,0.065486345,79.999979
76.699927,-4101.3042,0.25095107,0.58353672,0.11404901,5.0378805,0.06587216,79.999979
76.709927,-4103.8849,0.25080587,0.53288181,0.10414964,4.6796969,0.055050981,79.999979
76.719927,-4105.158,0.25058574,0.526709,0.10569567,3.9600169,0.060337147,79.999979
76.729927,-4106.0882,0.25046498,0.51255775,0.10589892,4.832228,0.057193451,79.999979
76.739927,-4105.9759,0.25034422,0.49840649,0.10610217,4.686008,0.054049755,79.999979
76.749927,-4104.8207,0.25022345,0.49084422,0.12902918,4.0420131,0.064434155,79.999979
76.759927,-4103.9973,0.25040321,0.52079165,0.11648872,4.4308531,0.060678263,79.999979
76.769927,-4105.7249,0.25027359,0.50411688,0.12850068,4.0399872,0.0646263,79.999979
76.779927,-4103.1082,0.25075613,0.51245941,0.10789901,4.4427163,0.055932797,79.999979
76.789927,-4103.1082,0.25057829,0.53477454,0.11087422,4.5759759,0.065361531,79.999979
76.799927,-4103.1082,0.25036814,0.55417039,0.13168854,4.1360775,0.077742914,79.999979
76.809927,-4103.4467,0.250158,0.55996521,0.1539629,3.5565802,0.08537746,79.999979
76.819927,-4104.587,0.25044191,0.51296986,0.11548559,4.1991481,0.058963242,79.999979
76.829927,-4106.1411,0.24944085,0.56668779,0.12465094,4.8956603,0.070230161,79.999979
76.839927,-4105.1857,0.24907937,0.56144938,0.11078156,5.2103872,0.062250982,79.999979
76.849927,-4106.6947,0.25054283,0.49411996,0.099663503,4.5902157,0.049207823,79.999979
76.859927,-4105.6324,0.24897904,0.57333347,0.13350943,3.7379313,0.077414378,79.999979
76.869927,-4106.0497,0.24939947,0.55572706,0.11499235,4.7681497,0.074085522,79.999979
76.879927,-4106.4671,0.24964652,0.53812064,0.12178638,4.4878092,0.070756666,79.999979
76.889927,-4106.8844,0.24964652,0.51517469,0.12809766,3.9276825,0.066032427,79.999979
76.899927,-4108.0035,0.25035616,0.59034091,0.10263396,5.7004527,0.065523136,79.999979
76.909927,-4108.4457,0.24966231,0.53243014,0.10596004,4.7891493,0.056355969,79.999979
76.919927,-4107.7537,0.24935467,0.51452768,0.13410147,5.0223564,0.054577861,79.999979
76.929927,-4108.164,0.25017839,0.51914963,0.12341231,3.7967331,0.061032304,79.999979
76.939927,-4108.5743,0.25002704,0.50877981,0.11272315,4.3443014,0.058710138,79.999979
76.949927,-4108.6691,0.24968284,0.50701015,0.11320223,4.4890549,0.060059237,79.999979
76.959927,-4108.536,0.24973569,0.53589443,0.11889752,3.8814881,0.061031296,79.999979
76.969927,-4106.396,0.25007738,0.56328898,0.10942892,5.0687421,0.064448293,79.999979
76.979927,-4108.9404,0.24950775,0.49517167,0.11100637,4.6681875,0.058741578,79.999979
76.989927,-4108.5572,0.24968797,0.5053989,0.13219987,3.7520641,0.066896831,79.999979
76.999927,-4109.0165,0.24986819,0.52442127,0.14644385,3.4122973,0.075429878,79.999979
77.009927,-4109.8486,0.25005214,0.54277288,0.14545916,3.5691644,0.079623856,79.999979
77.019927,-4109.8578,0.24997263,0.53609489,0.1020415,4.4411967,0.054706929,79.999979
77.029927,-4111.15,0.2501795,0.59913929,0.10271289,5.7594362,0.062256893,79.999979
77.039927,-4114.0806,0.25004502,0.50355219,0.11717966,4.6702741,0.061428537,79.999979
77.049927,-4114.1688,0.24999632,0.49445052,0.14443648,3.3021098,0.069139128,79.999979
77.059927,-4114.2691,0.24992926,0.51085613,0.12422866,3.9049062,0.063226966,79.999979
77.069927,-4114.1486,0.2498622,0.52910572,0.10404397,4.6314812,0.056030694,79.999979
77.079926,-4112.2099,0.24929865,0.50728454,0.11093296,4.7950812,0.056364008,79.999979
77.089926,-4113.9614,0.2498977,0.51219699,0.10123381,4.8540093,0.052873738,79.999979
77.099926,-4114.3825,0.24910687,0.50361907,0.1097142,4.5861561,0.055795747,79.999979
77.109926,-4114.3959,0.24904765,0.52752193,0.099868985,4.9307279,0.054845005,79.999979
77.119926,-4114.3959,0.2491571,0.50407329,0.10686838,5.1686525,0.053685753,79.999979
77.129926,-4114.3959,0.24958287,0.50578218,0.11386778,4.4631462,0.055672753,79.999979
77.139926,-4116.6973,0.25007548,0.51792958,0.11810981,4.3217065,0.061187747,79.999979
77.149926,-4118.7097,0.24982365,0.47710942,0.12885088,3.7878481,0.061314481,79.999979
77.159926,-4116.7208,0.2503224,0.57975993,0.10867657,5.1300161,0.062953328,79.999979
77.169926,-4118.7269,0.25003171,0.54945519,0.10077482,4.8335336,0.060301431,79.999979
77.179926,-4119.1115,0.24969681,0.49651176,0.097188827,5.4991484,0.048623597,79.999979
77.189926,-4119.4962,0.24969681,0.49053639,0.093602837,5.3233015,0.053647727,79.999979
77.199926,-4119.6812,0.24969681,0.48849294,0.12243812,4.0743158,0.060070052,79.999979
77.209926,-4118.3906,0.24982837,0.5345192,0.12253644,4.1277538,0.067200925,79.999979
77.219926,-4119.7535,0.24978476,0.56192915,0.1129322,5.3517261,0.063729125,79.999979
77.229926,-4119.8918,0.24977001,0.51930161,0.1053272,4.9711817,0.054570999,79.999979
77.239926,-4120.7368,0.24968341,0.48744319,0.12301635,4.4324259,0.059804465,79.999979
77.249926,-4120.1848,0.24959681,0.49785873,0.12956007,3.8936701,0.059546973,79.999979
77.259926,-4119.4069,0.2494886,0.52108476,0.10987821,3.7508168,0.057869134,79.999979
77.269926,-4118.8983,0.24928606,0.48844818,0.12040362,3.9169913,0.058938024,79.999979
77.279926,-4122.3218,0.24978762,0.51481845,0.10331061,4.7621732,0.053150026,79.999979
77.289926,-4124.7546,0.24898823,0.55234847,0.11367511,5.0537333,0.063532551,79.999979
77.299926,-4123.5137,0.2489606,0.57487822,0.11538071,4.674347,0.066359085,79.999979
77.309926,-4122.6974,0.24893297,0.56290764,0.11708776,4.8050544,0.066287921,79.999979
77.319926,-4122.0461,0.24897568,0.51440508,0.11993208,4.6125511,0.062235269,79.999979
77.329926,-4124.2615,0.24981896,0.52695179,0.11793358,4.1246391,0.062157971,79.999979
77.339926,-4125.198,0.2495139,0.59394978,0.12411272,4.3726533,0.073793651,79.999979
77.349926,-4121.9051,0.24923754,0.52197725,0.13001396,3.5550455,0.065275857,79.999979
77.359926,-4123.8505,0.24936583,0.52072196,0.1201543,4.2337989,0.060237789,79.999979
77.369926,-4124.1947,0.24952493,0.51696763,0.10460072,4.8804738,0.055666976,79.999979
77.379926,-4124.5389,0.24968402,0.52082447,0.10993236,4.71455,0.057566537,79.999979
77.389926,-4124.9128,0.24959433,0.5104732,0.12914943,3.7734863,0.064650755,79.999979
77.399926,-4125.6013,0.24962779,0.50123148,0.10766195,5.1336989,0.053976171,79.999979
77.409926,-4126.2685,0.2488364,0.51148154,0.11951876,3.9938032,0.061921127,79.999979
77.419926,-4126.4712,0.24846976,0.5612805,0.13001854,3.8763809,0.078368617,79.999979
77.429926,-4126.4712,0.24849537,0.58509015,0.12256994,4.5012424,0.077410502,79.999979
77.439926,-4126.4712,0.24873897,0.6088998,0.12432158,4.7475334,0.076452388,79.999979
77.449926,-4127.7574,0.24910819,0.58413133,0.11056313,5.3232149,0.064411124,79.999979
77.459926,-4126.5576,0.24943819,0.53576621,0.10592428,4.9337407,0.059295573,79.999979
77.469926,-4128.2583,0.24948663,0.59087448,0.11327029,4.0464239,0.066949251,79.999979
77.479926,-4128.2787,0.2489705,0.49084567,0.12376408,3.9333064,0.061121481,79.999979
77.489926,-4127.3976,0.2489705,0.5293994,0.1408853,3.541194,0.074367247,79.999979
77.499926,-4126.5165,0.2489705,0.57137305,0.12260318,4.2811304,0.069720952,79.999979
77.509926,-4126.2904,0.24896676,0.60287737,0.11259015,5.1366054,0.067877158,79.999979
77.519926,-4128.2786,0.24872433,0.54908473,0.13752887,3.4816328,0.075895349,79.999979
77.529926,-4130.5249,0.24881268,0.56877743,0.11552266,4.5670831,0.065784834,79.999979
77.539926,-4128.8329,0.24872307,0.52314747,0.11741868,4.3494148,0.05522077,79.999979
77.549926,-4129.4877,0.24879089,0.52724795,0.11829463,4.3473451,0.058561364,79.999979
77.559926,-4130.1424,0.24885871,0.53134844,0.11917059,4.3452753,0.061901958,79.999979
77.569926,-4130.7972,0.24892653,0.53201906,0.12004654,4.3432056,0.07371239,79.999979
77.579926,-4130.5564,0.24933547,0.497423,0.13457057,3.9972393,0.063130231,79.999979
77.589926,-4129.6211,0.24959791,0.55846221,0.10345789,5.5231218,0.060799288,79.999979
77.599926,-4132.305,0.24897517,0.5213925,0.10706388,4.8235033,0.056812377,79.999979
77.609926,-4132.1563,0.24856756,0.52632922,0.11332387,4.6222795,0.056663803,79.999979
77.619926,-4132.0075,0.24849237,0.52491087,0.11958385,4.4801287,0.055962671,79.999979
77.629926,-4131.8588,0.24841717,0.52349251,0.10836582,4.3379779,0.055261539,79.999979
77.639926,-4133.1186,0.24851541,0.47617172,0.1206798,4.0166177,0.055887761,79.999979
77.649926,-4131.7441,0.24910085,0.55334502,0.11812823,4.2389932,0.065293855,79.999979
77.659926,-4133.6616,0.24906855,0.52116996,0.096268259,5.359987,0.055619566,79.999979
77.669926,-4133.6107,0.24926263,0.51140208,0.12654236,4.1062954,0.065233875,79.999979
77.679926,-4133.89,0.24926263,0.52070894,0.13962539,3.8853341,0.072594706,79.999979
77.689926,-4134.4712,0.24926263,0.53854321,0.14898902,3.6643728,0.080307552,79.999979
77.699926,-4135.9616,0.24916999,0.54110323,0.13978299,3.6295089,0.076052968,79.999979
77.709926,-4134.0556,0.24883638,0.58426478,0.13911416,3.9571738,0.07609922,79.999979
77.719926,-4136.9349,0.24926165,0.52100237,0.13397354,3.8191565,0.069215201,79.999979
77.729926,-4138.5648,0.24902171,0.52089392,0.12385093,4.2756875,0.057682755,79.999979
77.739926,-4137.8854,0.24894298,0.54911753,0.14490382,3.5393567,0.058844113,79.999979
77.749926,-4137.2059,0.24886425,0.57734115,0.12709787,4.3082658,0.060005472,79.999979
77.759926,-4136.5265,0.24879816,0.60556477,0.10719034,5.5390413,0.06116683,79.999979
77.769926,-4136.1041,0.24882251,0.57170715,0.12092505,4.810562,0.068922201,79.999979
77.779926,-4137.9433,0.24867584,0.54636816,0.11407565,4.9664222,0.062112062,79.999979
77.789926,-4138.7634,0.24940527,0.48154768,0.1131039,4.1477776,0.056053514,79.999979
77.799926,-4138.7634,0.24940527,0.47346023,0.1070664,4.2784834,0.050811003,79.999979
77.809926,-4138.7634,0.24940527,0.47377301,0.10532501,4.3721159,0.050032963,79.999979
77.819926,-4138.7634,0.24926473,0.50341937,0.10165803,4.4249993,0.050910686,79.999979
77.829926,-4137.9219,0.24900419,0.4903036,0.14866463,3.5193165,0.07291445,79.999979
77.839926,-4139.9106,0.24916333,0.50740657,0.11236745,4.4388407,0.056994096,79.999979
77.849926,-4142.2469,0.24970173,0.50138639,0.10725877,4.6696294,0.056204089,79.999979
77.859926,-4144.1787,0.24937904,0.53353957,0.13682661,4.2742828,0.073551954,79.999979
77.869926,-4143.7295,0.24905636,0.52042881,0.14618455,3.8789361,0.073457129,79.999979
77.879926,-4142.927,0.24873367,0.49717219,0.13997541,3.5010675,0.069452551,79.999979
77.889926,-4141.9584,0.24958392,0.51452387,0.13290712,3.8072172,0.066745349,79.999979
77.899926,-4143.3795,0.24968651,0.54843482,0.12273947,4.3128917,0.066780658,79.999979
77.909926,-4146.4814,0.24923745,0.50383626,0.12156856,4.186398,0.061321051,79.999979
77.919926,-4146.4814,0.24890744,0.5189205,0.12563969,3.951318,0.066643471,79.999979
77.929926,-4146.1143,0.24857744,0.53176576,0.13814717,3.6695638,0.071566563,79.999979
77.939926,-4145.4814,0.24824744,0.54121992,0.15287854,3.3664128,0.075884846,79.999979
77.949926,-4144.0188,0.24768062,0.52309209,0.13896086,4.2557021,0.069775104,79.999979
77.959926,-4145.9993,0.24864386,0.5169476,0.14238861,3.5832303,0.073658127,79.999979
77.969926,-4146.7951,0.2495408,0.52591101,0.11763991,4.3740648,0.061874506,79.999979
77.979926,-4145.4458,0.24914612,0.55559263,0.11638173,4.8860546,0.065578635,79.999979
77.989926,-4144.8652,0.24889147,0.53159338,0.12392434,4.8144438,0.062973831,79.999979
77.999926,-4145.3663,0.24863683,0.52897378,0.13146695,4.1228184,0.057200129,79.999979
78.009926,-4145.8674,0.24853397,0.53151748,0.10581017,5.3895332,0.059215356,79.999979
78.019926,-4147.0537,0.24959784,0.49102353,0.12499777,3.8672218,0.061539208,79.999979
78.029926,-4147.4938,0.24783037,0.51446619,0.13984756,3.5722153,0.071931056,79.999979
78.039926,-4146.0914,0.24836258,0.51683391,0.14836466,3.5306376,0.069401767,79.999979
78.049926,-4146.6405,0.24854084,0.52536493,0.12535788,4.3722697,0.061585411,79.999979
78.059926,-4147.35,0.24834426,0.53389594,0.10235111,5.2139018,0.053769054,79.999979
78.069926,-4148.05,0.24848791,0.5268931,0.13613426,3.3786952,0.065376708,79.999979
78.079926,-4148.6154,0.24871966,0.56969254,0.11837605,4.4696473,0.067247441,79.999979
78.089926,-4145.7823,0.24834715,0.53657267,0.10086943,5.1530121,0.056220363,79.999979
78.099926,-4147.751,0.24823903,0.56442332,0.13801256,4.0372109,0.073374005,79.999979
78.109926,-4147.751,0.24820118,0.54966128,0.12515809,4.3941667,0.066164523,79.999979
78.119925,-4147.5691,0.24816332,0.53489925,0.11230362,4.7511225,0.058955041,79.999979
78.129925,-4147.2564,0.24812546,0.51956197,0.09992453,5.1080783,0.051909555,79.999979
78.139925,-4147.3872,0.24828388,0.52548109,0.14974187,3.6573283,0.074420715,79.999979
78.149925,-4145.8325,0.24779433,0.52581791,0.1174693,4.969487,0.062954796,79.999979
78.159925,-4146.9957,0.24897946,0.51511122,0.099015374,4.6289423,0.054377005,79.999979
78.169925,-4148.2734,0.24903012,0.51727412,0.10027034,5.006899,0.054045258,79.999979
78.179925,-4148.7809,0.24908077,0.51943703,0.1015253,5.0552607,0.053713511,79.999979
78.189925,-4148.6981,0.24913143,0.52083391,0.10278027,4.978758,0.054519391,79.999979
78.199925,-4149.5301,0.24897118,0.48547229,0.11263863,4.2007296,0.054398232,79.999979
78.209925,-4150.0746,0.2483372,0.53992031,0.11297791,5.1172119,0.061018597,79.999979
78.219925,-4149.0464,0.24868298,0.54424143,0.11994835,4.3648424,0.065587976,79.999979
78.229925,-4151.1211,0.248582,0.52737288,0.11069347,4.7727335,0.058381734,79.999979
78.239925,-4148.9358,0.24858819,0.56733526,0.12092753,4.8308378,0.068380772,79.999979
78.249925,-4148.8736,0.24862892,0.54769314,0.11496121,4.8652236,0.062461808,79.999979
78.259925,-4148.8114,0.24864974,0.52805102,0.1072577,4.9122023,0.056542845,79.999979
78.269925,-4148.7675,0.24864974,0.57624272,0.10333629,5.4429659,0.059692624,79.999979
78.279925,-4151.4745,0.24880847,0.57073494,0.096363651,5.8430533,0.055031214,79.999979
78.289925,-4153.4923,0.24774558,0.55537682,0.15274726,3.710304,0.084736084,79.999979
78.299925,-4150.8129,0.24769353,0.53766441,0.14173291,4.357887,0.069576706,79.999979
78.309925,-4150.5219,0.24768825,0.54014582,0.12929546,3.5683088,0.065557181,79.999979
78.319925,-4150.231,0.2481179,0.54262723,0.11685801,4.3350028,0.061537655,79.999979
78.329925,-4150.3392,0.24863409,0.55780754,0.12135786,4.6060714,0.067051757,79.999979
78.339925,-4152.3259,0.24874989,0.52379786,0.11435183,4.4180497,0.063769084,79.999979
78.349925,-4154.7279,0.24821505,0.57526772,0.15151349,3.2726076,0.070779398,79.999979
78.359925,-4152.8641,0.24828834,0.53246849,0.13203214,3.8178848,0.070231773,79.999979
78.369925,-4153.7219,0.24801517,0.54132365,0.11373319,4.2072668,0.061523815,79.999979
78.379925,-4154.5796,0.24799117,0.57452729,0.1120999,4.5966488,0.064777754,79.999979
78.389925,-4155.1818,0.24799117,0.55174496,0.11304968,4.9935989,0.062094237,79.999979
78.399925,-4155.4654,0.2479921,0.56418196,0.10056767,5.3101957,0.05664663,79.999979
78.409925,-4157.3385,0.24860489,0.4723398,0.12052516,3.9516526,0.057105,79.999979
78.419925,-4155.669,0.24866622,0.49432958,0.11459132,4.2673559,0.056702608,79.999979
78.429925,-4156.5189,0.24915607,0.51292164,0.13502497,3.9327743,0.069337064,79.999979
78.439925,-4157.3687,0.2491572,0.52427691,0.14388681,3.5981928,0.072534293,79.999979
78.449925,-4158.3484,0.24911487,0.54608598,0.13126964,3.5926701,0.070952946,79.999979
78.459925,-4159.7519,0.24827461,0.53592306,0.13074788,3.8758485,0.06804031,79.999979
78.469925,-4160.0802,0.24776578,0.50034241,0.1161155,4.6570092,0.057598469,79.999979
78.479925,-4161.6523,0.24810106,0.52030489,0.10680547,4.9560195,0.055693175,79.999979
78.489925,-4161.6523,0.24817436,0.49772312,0.094766113,5.1906425,0.050701927,79.999979
78.499925,-4161.5682,0.24824869,0.48489828,0.094399477,5.1387869,0.047578771,79.999979
78.509925,-4161.3467,0.24832302,0.47207344,0.094032841,4.9352111,0.044455616,79.999979
78.519925,-4162.0074,0.24725932,0.50749699,0.13978249,3.4374934,0.070976676,79.999979
78.529925,-4159.5721,0.2485574,0.47523032,0.11523331,3.9649883,0.054752737,79.999979
78.539925,-4162.3394,0.24891851,0.53384141,0.10971465,5.3315148,0.058486446,79.999979
78.549925,-4163.9544,0.24894252,0.59762201,0.12458088,4.4064576,0.07430052,79.999979
78.559925,-4163.9544,0.2489632,0.54866852,0.10892507,5.1043611,0.062222312,79.999979
78.569925,-4163.9544,0.24898388,0.48782906,0.099702345,4.8113179,0.049013967,79.999979
78.579925,-4163.4443,0.24854168,0.58757885,0.11367369,4.7355347,0.066740113,79.999979
78.589925,-4165.5306,0.24779234,0.57899637,0.12307999,4.0642397,0.068560538,79.999979
78.599925,-4166.5238,0.24809423,0.50224445,0.11912603,4.0179989,0.059581966,79.999979
78.609925,-4165.8853,0.24807874,0.52063972,0.11372214,4.8003142,0.060833485,79.999979
78.619925,-4165.1506,0.24819581,0.51033212,0.11747044,4.3775691,0.062085395,79.999979
78.629925,-4164.4159,0.24876173,0.50002451,0.12616352,3.9141054,0.063337306,79.999979
78.639925,-4164.5043,0.2492591,0.51064517,0.1349748,3.7203193,0.068903933,79.999979
78.649925,-4165.529,0.24839573,0.53330674,0.1158066,4.5206422,0.061655988,79.999979
78.659925,-4165.6734,0.24802215,0.54411556,0.11597034,5.0571313,0.06264488,79.999979
78.669925,-4164.3989,0.24856119,0.5265226,0.12655023,3.9769696,0.066591974,79.999979
78.679925,-4164.8709,0.24823902,0.55061214,0.12329348,4.1373246,0.067882674,79.999979
78.689925,-4166.0183,0.24791686,0.54413176,0.1176533,4.2976796,0.063980632,79.999979
78.699925,-4167.1657,0.24802865,0.53765137,0.11174213,4.661969,0.060078591,79.999979
78.709925,-4169.4366,0.24855161,0.52887035,0.1355587,4.4561111,0.071378551,79.999979
78.719925,-4166.3569,0.24758216,0.5634972,0.11961552,4.5624535,0.067961299,79.999979
78.729925,-4167.8627,0.24756737,0.53884212,0.11745138,4.4155794,0.061800051,79.999979
78.739925,-4167.4078,0.24759908,0.58696985,0.11685762,4.6409779,0.068393112,79.999979
78.749925,-4166.9529,0.24737412,0.54845807,0.11626387,4.8663765,0.060468555,79.999979
78.759925,-4166.9762,0.24714862,0.50858975,0.10410922,4.9195088,0.052954501,79.999979
78.769925,-4166.5486,0.24775168,0.49647052,0.12856433,3.8079658,0.060785445,79.999979
78.779925,-4165.5801,0.24737827,0.54056113,0.11521384,4.5361708,0.062517417,79.999979
78.789925,-4167.6499,0.24843006,0.5263567,0.15929736,4.1728791,0.076384163,79.999979
78.799925,-4168.0994,0.24843006,0.5251344,0.1429616,3.2570341,0.072479817,79.999979
78.809925,-4168.1991,0.24843006,0.50977951,0.12662585,3.9411454,0.066940991,79.999979
78.819925,-4168.1991,0.24847174,0.47808564,0.12005237,4.0750317,0.059512508,79.999979
78.829925,-4164.7054,0.2476877,0.55466983,0.11655618,4.4121048,0.064564465,79.999979
78.839925,-4167.4156,0.24706273,0.54642114,0.12861321,4.2200455,0.070055267,79.999979
78.849925,-4166.6214,0.24726779,0.50537839,0.13097028,4.0741298,0.065400938,79.999979
78.859925,-4165.455,0.24706671,0.55864633,0.11030946,4.4807379,0.065688029,79.999979
78.869925,-4165.455,0.24701714,0.54431857,0.11001222,4.9510071,0.061828328,79.999979
78.879925,-4165.455,0.24701714,0.52608396,0.10844958,4.7438525,0.057097858,79.999979
78.889925,-4167.4317,0.2472416,0.52240143,0.11073776,4.7629113,0.057833828,79.999979
78.899925,-4167.838,0.24700782,0.55157365,0.10151248,5.2564084,0.056005911,79.999979
78.909925,-4169.2818,0.24733861,0.47966458,0.13839856,3.9150237,0.066382086,79.999979
78.919925,-4172.0541,0.24800058,0.58690332,0.12733623,3.9713462,0.07226227,79.999979
78.929925,-4172.0541,0.24800058,0.56326567,0.13273427,4.3368747,0.065566595,79.999979
78.939925,-4172.0541,0.24797453,0.53962802,0.11465369,4.7207465,0.05887092,79.999979
78.949925,-4172.0541,0.24721249,0.50900043,0.11100417,4.5804728,0.056741796,79.999979
78.959925,-4172.5877,0.24795225,0.53456982,0.14271706,3.7861923,0.075926828,79.999979
78.969925,-4175.1087,0.24740199,0.56133081,0.12363712,4.721256,0.069066597,79.999979
78.979925,-4176.2829,0.24787729,0.51704415,0.148106,3.3900778,0.068450638,79.999979
78.989925,-4175.6016,0.24746242,0.5254919,0.13750781,3.7361278,0.069772448,79.999979
78.999925,-4174.9203,0.24740303,0.51179322,0.12690962,4.0821778,0.065294412,79.999979
79.009925,-4174.5029,0.24736542,0.50339871,0.12008251,4.1272909,0.060388063,79.999979
79.019925,-4172.8039,0.24815323,0.50443888,0.12893924,3.5788595,0.065055473,79.999979
79.029925,-4176.4737,0.24717487,0.50472657,0.1354964,3.9487558,0.068307359,79.999979
79.039925,-4175.7547,0.24865836,0.54683717,0.11575344,4.6025018,0.061156647,79.999979
79.049925,-4176.1094,0.24828129,0.55760916,0.10985341,4.975407,0.060675966,79.999979
79.059925,-4176.9624,0.24790422,0.54677962,0.10543596,5.1276925,0.057819822,79.999979
79.069925,-4178.0897,0.24756812,0.54574772,0.1025209,5.1458802,0.055693495,79.999979
79.079925,-4180.2322,0.24822958,0.51766248,0.14832354,3.4001885,0.07676699,79.999979
79.089925,-4182.035,0.24762816,0.5011984,0.11483342,4.2993849,0.057526465,79.999979
79.099925,-4181.0599,0.24742491,0.59120315,0.14859837,3.974783,0.08260822,79.999979
79.109925,-4182.0684,0.24737156,0.55762764,0.11698749,4.966418,0.067390642,79.999979
79.119925,-4181.7549,0.2473354,0.51817772,0.13072918,4.4851221,0.068442379,79.999979
79.129925,-4181.4413,0.24729924,0.49349353,0.15673361,3.8098649,0.077329842,79.999979
79.139925,-4182.865,0.24722715,0.52214504,0.095586747,5.3573956,0.051266177,79.999979
79.149925,-4179.1473,0.24712184,0.52650662,0.11876911,4.5298861,0.062541878,79.999979
79.159925,-4182.3977,0.24729949,0.5808551,0.10404458,5.8947388,0.060031197,79.999979
79.169924,-4183.1142,0.24746883,0.56286026,0.14223552,3.641636,0.076309624,79.999979
79.179924,-4183.8404,0.24771403,0.6021727,0.14235578,3.927677,0.084164775,79.999979
79.189924,-4184.2609,0.24795923,0.54111504,0.13349338,4.213718,0.07054858,79.999979
79.199924,-4183.5531,0.24822017,0.51586226,0.11157804,4.2482102,0.056726611,79.999979
79.209924,-4186.3003,0.24684581,0.5993456,0.12567284,3.8844091,0.074782196,79.999979
79.219924,-4185.3071,0.24802452,0.52315658,0.13126757,4.2733536,0.071462265,79.999979
79.229924,-4183.6137,0.24809704,0.49979748,0.12471856,4.1095559,0.065156583,79.999979
79.239924,-4183.4649,0.24796689,0.48348526,0.14573982,3.6331528,0.06908694,79.999979
79.249924,-4183.3162,0.24783674,0.4916153,0.13931197,3.2201728,0.067936477,79.999979
79.259924,-4184.4318,0.24770659,0.5131893,0.10565663,3.5204578,0.053111459,79.999979
79.269924,-4184.4338,0.24656492,0.50595102,0.12303882,3.898904,0.062052837,79.999979
79.279924,-4182.8876,0.24711559,0.52969583,0.10805905,4.8190511,0.057265452,79.999979
79.289924,-4185.3789,0.24714046,0.49734552,0.14517954,3.3068498,0.072174186,79.999979
79.299924,-4185.3784,0.24714046,0.51511871,0.13561017,3.6446478,0.069827457,79.999979
79.309924,-4185.3189,0.24714046,0.50178122,0.12604081,3.9824458,0.063210715,79.999979
79.319924,-4185.2595,0.24690045,0.49340254,0.11495393,4.2283905,0.05870356,79.999979
79.329924,-4186.4506,0.24818043,0.57204885,0.11746256,4.1364048,0.06711142,79.999979
79.339924,-4186.2307,0.24667773,0.51002517,0.12629856,3.5703092,0.065275941,79.999979
79.349924,-4187.7201,0.2475319,0.54254777,0.12368174,4.3623712,0.07324489,79.999979
79.359924,-4187.9261,0.2475319,0.54185738,0.15884546,3.4128805,0.086079817,79.999979
79.369924,-4187.9261,0.24744894,0.50839509,0.15856413,3.3079052,0.080311086,79.999979
79.379924,-4187.9261,0.24712952,0.48417192,0.1582828,3.2029298,0.067923305,79.999979
79.389924,-4187.2002,0.24681272,0.49054039,0.11630501,3.8968952,0.057498713,79.999979
79.399924,-4186.764,0.2456812,0.56817707,0.11150146,5.1190294,0.0633598,79.999979
79.409924,-4188.491,0.24683454,0.54522641,0.13232633,4.290717,0.075714887,79.999979
79.419924,-4188.2171,0.24618426,0.51492179,0.13869958,4.6145129,0.065657862,79.999979
79.429924,-4187.5692,0.24614917,0.52108829,0.11798334,3.8666308,0.063584129,79.999979
79.439924,-4187.1674,0.24611407,0.55904047,0.09726711,5.1420314,0.066109781,79.999979
79.449924,-4187.3857,0.24572618,0.57230911,0.10810983,5.0467085,0.063666052,79.999979
79.459924,-4190.7538,0.24702632,0.51118335,0.11861214,4.5874239,0.060682194,79.999979
79.469924,-4191.1483,0.24719139,0.51314603,0.1348628,3.3246897,0.068745894,79.999979
79.479924,-4190.0898,0.2464914,0.47981212,0.11818542,4.4195622,0.050905704,79.999979
79.489924,-4190.6014,0.24662933,0.49582968,0.13702448,3.3906673,0.056655336,79.999979
79.499924,-4191.113,0.24676726,0.51184724,0.12596362,3.9416636,0.062404968,79.999979
79.509924,-4191.6628,0.24649196,0.57430309,0.1159372,4.8292689,0.06658325,79.999979
79.519924,-4192.9381,0.24558937,0.54789516,0.11624664,4.4473719,0.060162022,79.999979
79.529924,-4193.4141,0.24664354,0.52878099,0.10006185,5.079804,0.053074181,79.999979
79.539924,-4194.9111,0.24664204,0.56544133,0.14013126,3.6662658,0.080817771,79.999979
79.549924,-4195.0611,0.24666876,0.56431884,0.11797217,4.596614,0.074936509,79.999979
79.559924,-4195.2112,0.24669548,0.56319634,0.11672089,4.7323546,0.069055248,79.999979
79.569924,-4196.2116,0.2467222,0.53599883,0.13062493,4.1992883,0.069813513,79.999979
79.579924,-4195.4208,0.24637151,0.52004278,0.12255175,4.1919415,0.063241048,79.999979
79.589924,-4199.3572,0.24658406,0.56194278,0.12469955,4.2665257,0.070151878,79.999979
79.599924,-4200.4289,0.2463767,0.51261634,0.12643106,4.6841728,0.065173855,79.999979
79.609924,-4200.147,0.2463767,0.51777808,0.11105719,4.7667805,0.061930597,79.999979
79.619924,-4199.8651,0.24635536,0.52293983,0.10433259,4.8591341,0.058687339,79.999979
79.629924,-4199.5831,0.24627666,0.52810157,0.10408699,4.9587884,0.055444081,79.999979
79.639924,-4197.9536,0.24619797,0.49095918,0.11953515,3.8628377,0.058653459,79.999979
79.649924,-4198.8402,0.2466952,0.48895643,0.1193805,4.1307849,0.056739128,79.999979
79.659924,-4200.7282,0.24749173,0.5355748,0.10442754,5.106008,0.055980054,79.999979
79.669924,-4200.1901,0.24686162,0.51008997,0.10919764,5.0619839,0.055541513,79.999979
79.679924,-4199.613,0.24667572,0.49500093,0.11596208,4.5204197,0.05734586,79.999979
79.689924,-4199.0553,0.24678991,0.56480806,0.12092971,4.0471718,0.066081942,79.999979
79.699924,-4200.2665,0.24677756,0.53162487,0.1261126,4.8942857,0.06715003,79.999979
79.709924,-4203.9562,0.24698074,0.53268431,0.12061971,4.4288133,0.060834208,79.999979
79.719924,-4203.6513,0.24725101,0.56509183,0.12538951,4.070175,0.070692286,79.999979
79.729924,-4202.6362,0.24711522,0.50980849,0.12627141,3.5837917,0.062500044,79.999979
79.739924,-4202.6656,0.24674734,0.53618776,0.10606938,4.1466768,0.057716525,79.999979
79.749924,-4202.695,0.24622499,0.56052175,0.10101912,4.7095618,0.056738058,79.999979
79.759924,-4204.8065,0.24643105,0.59725642,0.12486395,4.8935404,0.075156558,79.999979
79.769924,-4205.9782,0.24733102,0.51277805,0.11778936,4.3257556,0.060388157,79.999979
79.779924,-4204.4886,0.246292,0.52615436,0.11048831,4.6729103,0.059540711,79.999979
79.789924,-4205.4956,0.24653081,0.53584443,0.098067697,5.3072943,0.053995454,79.999979
79.799924,-4205.3921,0.24689872,0.5441373,0.10057681,5.2603336,0.056195941,79.999979
79.809924,-4205.1307,0.24726663,0.53109518,0.10308593,5.213373,0.061224663,79.999979
79.819924,-4205.8286,0.24723186,0.53873116,0.11984485,4.2911178,0.064998475,79.999979
79.829924,-4204.4831,0.24629024,0.49826192,0.14075192,3.5135193,0.071043785,79.999979
79.839924,-4206.882,0.24607815,0.59413052,0.093012187,6.3026424,0.055317817,79.999979
79.849924,-4207.6852,0.24588713,0.51869981,0.11501481,4.612563,0.059305166,79.999979
79.859924,-4207.7106,0.24588713,0.51326001,0.11500151,4.3814706,0.058820391,79.999979
79.869924,-4208.1494,0.24588713,0.50782021,0.11498821,4.3235466,0.058335615,79.999979
79.879924,-4208.5882,0.24588713,0.50368401,0.093755368,5.3069917,0.047228365,79.999979
79.889924,-4206.8405,0.24644579,0.61445395,0.11633993,4.2010272,0.071458942,79.999979
79.899924,-4208.0841,0.24703266,0.5073711,0.10866607,4.6032073,0.055202134,79.999979
79.909924,-4208.2926,0.24688561,0.47631059,0.12145382,3.9215569,0.058570459,79.999979
79.919924,-4208.0087,0.24668388,0.49128763,0.10944711,4.1915472,0.059232048,79.999979
79.929924,-4207.9102,0.24648215,0.50626466,0.11424738,4.2639876,0.059893636,79.999979
79.939924,-4207.9102,0.24628042,0.52267902,0.10520099,4.8805409,0.054486666,79.999979
79.949924,-4211.1897,0.24596309,0.53120416,0.12886026,4.09218,0.068448959,79.999979
79.959924,-4213.2206,0.24610741,0.51183872,0.12189447,4.2176591,0.064651609,79.999979
79.969924,-4211.5455,0.24623184,0.5152175,0.1139402,4.6716366,0.058755909,79.999979
79.979924,-4211.7272,0.24670358,0.4964693,0.12628539,4.5094876,0.063349798,79.999979
79.989924,-4211.9089,0.24700418,0.48503693,0.14299009,3.7131267,0.069490019,79.999979
79.999924,-4212.0906,0.2469293,0.49810347,0.14471503,3.2664365,0.071000234,79.999979
80.009924,-4212.2433,0.2469547,0.50792991,0.10946003,4.2517475,0.055482256,79.999979
80.019924,-4212.2022,0.24729182,0.53832876,0.11209789,5.0766271,0.060338996,79.999979
80.029924,-4214.3317,0.24610316,0.49883751,0.10105024,4.6473796,0.050626332,79.999979
80.039924,-4215.1485,0.24616393,0.52179711,0.13678267,3.7515133,0.07136024,79.999979
80.049924,-4215.905,0.24626275,0.52180754,0.12427652,4.1591787,0.065225549,79.999979
80.059924,-4216.5134,0.24638753,0.51673326,0.11275077,4.5247907,0.059607688,79.999979
80.069924,-4215.343,0.24624701,0.50297945,0.10640151,4.051621,0.053531698,79.999979
80.079924,-4216.8147,0.24626292,0.60002389,0.11835885,4.943324,0.073555643,79.999979
80.089924,-4218.1212,0.24632198,0.53845128,0.13353766,4.1846802,0.072354498,79.999979
80.099924,-4216.9816,0.24671674,0.59377906,0.10725244,5.1576035,0.068493762,79.999979
80.109924,-4216.1801,0.24689269,0.55681457,0.10884437,5.4173407,0.063089091,79.999979
80.119924,-4215.3787,0.24674668,0.51985007,0.1104363,4.6846965,0.057684421,79.999979
80.129924,-4215.9492,0.24641865,0.51894738,0.10799425,4.7673148,0.060739037,79.999979
80.139924,-4217.4547,0.2466587,0.48508775,0.11791203,3.9747234,0.055715894,79.999979
80.149924,-4216.255,0.24659353,0.5020158,0.12495237,3.8631272,0.056742027,79.999979
80.159924,-4218.851,0.24598162,0.52345038,0.11841459,4.4444525,0.061976296,79.999979
80.169924,-4220.1682,0.24548634,0.51078886,0.10794413,4.6312685,0.05513218,79.999979
80.179924,-4219.4978,0.24554707,0.53082455,0.10276651,5.0234093,0.05453122,79.999979
80.189924,-4218.7412,0.2456078,0.53438021,0.10921757,4.9309709,0.058835255,79.999979
80.199924,-4217.9846,0.24564915,0.54680476,0.11658482,4.5230209,0.062631941,79.999979
80.209924,-4219.3285,0.24545063,0.53466578,0.11607247,4.2991568,0.061896726,79.999979
80.219923,-4220.9624,0.24470453,0.50715266,0.11795446,4.0622698,0.05984159,79.999979
80.229923,-4218.7516,0.24552232,0.51359596,0.12960355,3.8146501,0.064232591,79.999979
80.239923,-4219.2957,0.24543953,0.50540656,0.11605085,4.4543923,0.058637964,79.999979
80.249923,-4220.1245,0.24543953,0.50521783,0.12011358,4.2138784,0.059635439,79.999979
80.259923,-4220.9532,0.24543953,0.50921109,0.10557662,3.9733646,0.053588814,79.999979
80.269923,-4221.4622,0.24568531,0.58420596,0.13982685,4.4826076,0.083358892,79.999979
80.279923,-4220.568,0.24439246,0.4818357,0.13092792,3.8275318,0.063248024,79.999979
80.289923,-4222.3503,0.24549403,0.52775702,0.13620463,3.7984715,0.07322468,79.999979
80.299923,-4222.1596,0.24590929,0.52130132,0.1237922,3.9351673,0.054076181,79.999979
80.309923,-4222.6077,0.24590929,0.5232229,0.10822365,4.3116366,0.057799879,79.999979
80.319923,-4223.0559,0.24590929,0.5201292,0.11443814,4.6881059,0.059777581,79.999979
80.329923,-4223.1835,0.24591525,0.50072047,0.14070344,4.2501498,0.070594278,79.999979
80.339923,-4221.7192,0.24593323,0.51134708,0.10793729,4.3296218,0.055090334,79.999979
80.349923,-4224.1289,0.24679292,0.47373277,0.13422354,3.9494094,0.063866469,79.999979
80.359923,-4225.6906,0.24610991,0.48688886,0.11819441,3.7125357,0.060121779,79.999979
80.369923,-4226.1905,0.24622129,0.48294163,0.11035141,4.0659128,0.054798066,79.999979
80.379923,-4225.2477,0.24633267,0.4789944,0.1025084,4.5116195,0.049474353,79.999979
80.389923,-4224.305,0.24585304,0.49288464,0.16865618,2.8579977,0.081816612,79.999979
80.399923,-4224.8306,0.24494282,0.52299764,0.13122029,3.8143663,0.067217614,79.999979
80.409923,-4227.4644,0.24601506,0.5523332,0.11397167,4.5245428,0.063020907,79.999979
80.419923,-4224.1651,0.24583754,0.56297538,0.12344016,4.4767212,0.06949936,79.999979
80.429923,-4224.7115,0.2460707,0.51949372,0.12268926,4.2520694,0.063738732,79.999979
80.439923,-4225.2579,0.24630387,0.52107869,0.11194943,4.3322401,0.058037928,79.999979
80.449923,-4225.8043,0.24669129,0.51818055,0.10804154,4.8829171,0.057038741,79.999979
80.459923,-4226.3585,0.24629318,0.51659999,0.13194982,3.8011525,0.068483549,79.999979
80.469923,-4225.6833,0.24557688,0.49982165,0.12986636,4.1041132,0.064080038,79.999979
80.479923,-4225.7326,0.24653992,0.62796456,0.11456437,5.4045803,0.071948247,79.999979
80.489923,-4226.177,0.24621755,0.5668785,0.10499089,5.353289,0.06312649,79.999979
80.499923,-4226.6215,0.24585271,0.57937768,0.10537347,5.3328122,0.063584607,79.999979
80.509923,-4226.5482,0.24548788,0.57143169,0.10687183,5.3029607,0.061142339,79.999979
80.519923,-4228.0059,0.24513715,0.5655261,0.11366696,4.7533908,0.062700684,79.999979
80.529923,-4226.3973,0.24562425,0.52366838,0.13425418,3.7367741,0.065717198,79.999979
80.539923,-4228.6677,0.24476576,0.50347145,0.11783413,3.9831983,0.060530308,79.999979
80.549923,-4229.2785,0.24481344,0.52001649,0.11265172,4.5733025,0.058491903,79.999979
80.559923,-4229.5041,0.24487916,0.52575839,0.12524786,4.1701446,0.065864179,79.999979
80.569923,-4229.0378,0.24494488,0.52553225,0.13784399,3.7669866,0.065743032,79.999979
80.579923,-4226.3349,0.24517141,0.54701062,0.11516074,5.153968,0.062689377,79.999979
80.589923,-4228.9588,0.24590065,0.51911454,0.10095037,4.9135766,0.052404473,79.999979
80.599923,-4229.7885,0.24581321,0.51780659,0.11567148,4.8784302,0.05984841,79.999979
80.609923,-4227.3861,0.24573834,0.55074726,0.14013386,3.8062923,0.077342637,79.999979
80.619923,-4227.4525,0.24597618,0.52390933,0.1290891,3.8684726,0.067888472,79.999979
80.629923,-4227.846,0.24621402,0.52602697,0.1230522,3.930653,0.064801368,79.999979
80.639923,-4228.2395,0.2462007,0.51109894,0.1170153,4.385259,0.046751287,79.999979
80.649923,-4230.8645,0.24517068,0.53260521,0.098218118,5.1108352,0.05215833,79.999979
80.659923,-4229.1428,0.24561585,0.55175849,0.14794462,3.8622206,0.081484561,79.999979
80.669923,-4230.8554,0.24646091,0.50026641,0.12064635,4.1373913,0.060761538,79.999979
80.679923,-4230.8554,0.24646091,0.54667915,0.14802505,3.8291845,0.080928467,79.999979
80.689923,-4230.8554,0.24646091,0.51135448,0.1453453,3.5484711,0.074387635,79.999979
80.699923,-4230.4961,0.24646091,0.5060398,0.12137655,3.3474843,0.06108488,79.999979
80.709923,-4231.2939,0.24563622,0.55039095,0.11495921,4.4589213,0.063319097,79.999979
80.719923,-4228.3865,0.24600978,0.53077665,0.11437012,4.6468029,0.059427927,79.999979
80.729923,-4230.7069,0.24679093,0.49777272,0.11463215,4.9913436,0.055163273,79.999979
80.739923,-4231.826,0.24689622,0.50852937,0.10735398,4.3007528,0.053241448,79.999979
80.749923,-4232.2739,0.2470015,0.51928602,0.10007581,4.894279,0.051319623,79.999979
80.759923,-4232.5299,0.24709311,0.51817753,0.10736514,4.8891616,0.055358351,79.999979
80.769923,-4232.0038,0.2468895,0.55019641,0.09498801,5.663042,0.067778765,79.999979
80.779923,-4232.2805,0.2457105,0.47843737,0.1441383,2.9668796,0.06871277,79.999979
80.789923,-4233.5003,0.2458044,0.50168562,0.11695682,4.1756486,0.058687246,79.999979
80.799923,-4233.7906,0.2455684,0.47271753,0.13239852,3.8458087,0.062486603,79.999979
80.809923,-4234.0809,0.24561458,0.48877288,0.13201718,3.4793763,0.063048749,79.999979
80.819923,-4233.287,0.24569844,0.50604574,0.11973374,3.8549885,0.066602433,79.999979
80.829923,-4233.8907,0.24584096,0.50880021,0.10938606,4.4385988,0.056390431,79.999979
80.839923,-4234.1291,0.2449415,0.62466032,0.10876888,5.5287788,0.067830458,79.999979
80.849923,-4232.22,0.24542324,0.52003605,0.10262937,4.9557723,0.057078995,79.999979
80.859923,-4231.3518,0.24583557,0.55553248,0.11410489,4.6385591,0.063416471,79.999979
80.869923,-4231.6741,0.24602137,0.56045001,0.11616883,4.6889773,0.063869939,79.999979
80.879923,-4232.7181,0.24618169,0.5404481,0.11646829,4.7390705,0.060342691,79.999979
80.889923,-4233.2174,0.24510344,0.50091372,0.1199801,4.3057301,0.060067841,79.999979
80.899923,-4235.1361,0.24528142,0.54017993,0.14253807,3.6769608,0.076024464,79.999979
80.909923,-4235.1944,0.24475938,0.55824813,0.13673953,3.6295109,0.077034064,79.999979
80.919923,-4235.5219,0.24481538,0.49043072,0.13886561,3.2969473,0.067737012,79.999979
80.929923,-4235.5564,0.2449993,0.51832837,0.11733203,3.8418879,0.061806105,79.999979
80.939923,-4235.7105,0.24518323,0.49468839,0.11162601,4.3868284,0.055981376,79.999979
80.949923,-4236.0264,0.24494103,0.50061155,0.1143178,4.2669297,0.056933503,79.999979
80.959923,-4233.724,0.24543671,0.49273578,0.09785235,4.8131031,0.051336044,79.999979
80.969923,-4236.661,0.24533834,0.51336056,0.11526639,4.357944,0.059254279,79.999979
80.979923,-4238.9089,0.24563235,0.57895711,0.10082973,4.6089854,0.067282965,79.999979
80.989923,-4238.8328,0.24563235,0.53780874,0.10784278,5.5764839,0.06239864,79.999979
80.999923,-4238.3825,0.24563235,0.49666037,0.11485584,4.4674232,0.057514314,79.999979
81.009923,-4237.9321,0.2451746,0.5024356,0.13549099,4.5048476,0.067952788,79.999979
81.019923,-4238.9274,0.24503388,0.49626957,0.097000657,4.9031626,0.048150072,79.999979
81.029923,-4239.9097,0.24606644,0.52578285,0.1223612,4.9856871,0.059148885,79.999979
81.039923,-4236.6234,0.24574509,0.57375672,0.09893379,5.2967829,0.057501705,79.999979
81.049923,-4237.0154,0.24574509,0.57501655,0.11246639,4.9875733,0.069841048,79.999979
81.059923,-4237.4073,0.24574509,0.57627637,0.13704925,4.3156413,0.082180391,79.999979
81.069923,-4237.5027,0.24574509,0.56392992,0.15817741,3.476482,0.087707865,79.999979
81.079923,-4238.3935,0.24554399,0.54508326,0.10916742,4.9977134,0.058283982,79.999979
81.089923,-4237.2435,0.24464371,0.51683214,0.13507712,4.0039805,0.070065772,79.999979
81.099923,-4235.8651,0.24494826,0.48803684,0.10378775,4.5650293,0.051587441,79.999979
81.109923,-4236.4824,0.2449449,0.52896741,0.11493763,4.4632482,0.059497423,79.999979
81.119923,-4237.0997,0.24499333,0.51732518,0.11704406,4.3738221,0.059344629,79.999979
81.129923,-4237.5811,0.24504175,0.50357242,0.11383913,4.2904381,0.056263366,79.999979
81.139923,-4239.839,0.2459186,0.51922981,0.12678468,4.0757595,0.065904893,79.999979
81.149923,-4238.1957,0.24631722,0.5134626,0.11224219,4.5587541,0.057641803,79.999979
81.159923,-4240.3884,0.2451581,0.58023097,0.14707471,3.6045518,0.085944966,79.999979
81.169923,-4240.5782,0.24597594,0.53300917,0.10776517,4.834269,0.061523768,79.999979
81.179923,-4241.1948,0.24587205,0.51483543,0.11602501,4.5434549,0.059710427,79.999979
81.189923,-4241.8115,0.24536626,0.46591018,0.12479502,4.2452112,0.058439567,79.999979
81.199923,-4240.4696,0.24496167,0.56802678,0.10964681,5.0783294,0.062487777,79.999979
81.209923,-4240.898,0.24629666,0.55476606,0.10236294,4.8751758,0.056762802,79.999979
81.219923,-4242.9667,0.24503515,0.591144,0.11593683,5.1639362,0.068564869,79.999979
81.229923,-4242.104,0.24520822,0.5258589,0.098695949,3.9783405,0.066305969,79.999979
81.239923,-4240.5315,0.2450713,0.53024772,0.099749144,5.2231857,0.060673675,79.999979
81.249923,-4240.3249,0.24493439,0.53463654,0.10080234,5.2020098,0.055041381,79.999979
81.259923,-4240.2414,0.24475175,0.53029287,0.1246284,4.9498104,0.067739748,79.999979
81.269922,-4241.7255,0.2445597,0.52397162,0.12661394,4.0808897,0.065686698,79.999979
81.279922,-4240.3013,0.24505905,0.59600466,0.10984912,5.1841726,0.065470432,79.999979
81.289922,-4240.3432,0.24453911,0.55017401,0.15300183,3.5345933,0.081430875,79.999979
81.299922,-4241.2183,0.24460884,0.55856682,0.16793275,3.4193356,0.089834685,79.999979
81.309922,-4242.0933,0.24496573,0.51183229,0.12382592,3.3040779,0.062966012,79.999979
81.319922,-4241.7495,0.24532263,0.51172109,0.10838076,4.524258,0.055517485,79.999979
81.329922,-4243.3243,0.24482791,0.54668876,0.10247107,5.383384,0.054735161,79.999979
81.339922,-4240.804,0.24475221,0.50676624,0.13110689,3.8869904,0.061565173,79.999979
81.349922,-4243.1757,0.24510615,0.51273778,0.1288516,3.8631563,0.073574176,79.999979
81.359922,-4243.1757,0.24533362,0.51553149,0.12327104,3.9948422,0.06355922,79.999979
81.369922,-4243.1757,0.24556109,0.49026239,0.11773424,4.110325,0.057815829,79.999979
81.379922,-4243.5176,0.24578856,0.49446031,0.11220044,4.1562131,0.050913575,79.999979
81.389922,-4241.2098,0.2451612,0.6171177,0.11190056,5.3677786,0.069037258,79.999979
81.399922,-4243.069,0.24502526,0.50194752,0.14354647,3.2307425,0.069226911,79.999979
81.409922,-4242.6337,0.24462528,0.51148189,0.11581654,4.3645126,0.059132917,79.999979
81.419922,-4242.5509,0.24436903,0.52532261,0.15027336,3.6298276,0.067999488,79.999979
81.429922,-4242.3392,0.24436903,0.52535686,0.1338797,3.6032262,0.064953056,79.999979
81.439922,-4241.8644,0.24436903,0.52559144,0.11793511,4.3563594,0.061985306,79.999979
81.449922,-4242.595,0.24467582,0.51916623,0.11206631,5.0936172,0.058019737,79.999979
81.459922,-4245.1856,0.2455651,0.56966615,0.12012337,4.8013863,0.070727996,79.999979
81.469922,-4242.2176,0.24524687,0.52416045,0.13201862,3.904704,0.070160722,79.999979
81.479922,-4244.366,0.24491477,0.57501016,0.11972702,4.7282418,0.068842137,79.999979
81.489922,-4244.6301,0.24491477,0.56879973,0.12224875,4.6846407,0.070237887,79.999979
81.499922,-4244.6301,0.24491477,0.56786775,0.137355,4.6410397,0.07818327,79.999979
81.509922,-4244.6476,0.24552837,0.5275445,0.10336222,4.2015471,0.054485346,79.999979
81.519922,-4244.3244,0.24437261,0.52840647,0.11379148,4.5448278,0.06012639,79.999979
81.529922,-4245.4234,0.24461329,0.52843874,0.11807903,3.9344681,0.062389975,79.999979
81.539922,-4246.8442,0.24568854,0.5838676,0.12144286,4.716955,0.070923358,79.999979
81.549922,-4247.5663,0.24577087,0.57219161,0.11962303,4.7124065,0.068488487,79.999979
81.559922,-4247.1669,0.2458532,0.56051562,0.11780319,4.6671784,0.066053616,79.999979
81.569922,-4246.5847,0.24589998,0.57626121,0.14536467,3.9138427,0.083960235,79.999979
81.579922,-4244.3502,0.24593088,0.50123623,0.14484019,3.3759376,0.072699786,79.999979
81.589922,-4246.0744,0.24523675,0.5217045,0.11308241,4.2076981,0.061404462,79.999979
81.599922,-4246.2611,0.24485104,0.5795601,0.11325935,5.0982709,0.062995796,79.999979
81.609922,-4245.3964,0.245034,0.49942243,0.11006227,4.8308285,0.054693563,79.999979
81.619922,-4244.5316,0.24522044,0.51761872,0.10653221,4.5633862,0.055052807,79.999979
81.629922,-4244.146,0.24540688,0.53444344,0.11728601,4.7475702,0.063921283,79.999979
81.639922,-4245.6715,0.24621319,0.50745872,0.12988328,4.2045778,0.068252542,79.999979
81.649922,-4247.5425,0.24541041,0.49427005,0.14653752,2.9833291,0.072264,79.999979
81.659922,-4244.847,0.24498562,0.527026,0.12724596,4.1809745,0.057335278,79.999979
81.669922,-4244.9743,0.24526824,0.49377064,0.10906515,4.5173806,0.053770196,79.999979
81.679922,-4245.1016,0.24517603,0.48311682,0.11163239,4.2241983,0.053619934,79.999979
81.689922,-4245.2289,0.24508382,0.48291865,0.11012338,4.2849447,0.053148715,79.999979
81.699922,-4247.3484,0.24492458,0.48874769,0.11075763,4.5576675,0.053996749,79.999979
81.709922,-4248.195,0.24449737,0.50049054,0.096325342,4.9184576,0.050229663,79.999979
81.719922,-4246.2708,0.24538666,0.48232001,0.12653665,3.9743579,0.060967606,79.999979
81.729922,-4247.5489,0.24522431,0.57749637,0.10036909,5.9178606,0.057541532,79.999979
81.739922,-4247.5489,0.24509292,0.56265317,0.11071213,5.4337798,0.061577565,79.999979
81.749922,-4247.5489,0.24496152,0.54780997,0.12105518,4.949699,0.065613598,79.999979
81.759922,-4247.5489,0.24483013,0.53296677,0.13139823,4.4656182,0.069649631,79.999979
81.769922,-4247.5489,0.24476409,0.51509529,0.14174128,3.9815374,0.071081409,79.999979
81.779922,-4247.5489,0.24476409,0.49128273,0.13969129,3.4974566,0.067403982,79.999979
81.789922,-4247.3974,0.24476409,0.49284956,0.12492195,3.7816611,0.064166011,79.999979
81.799922,-4247.2329,0.24476409,0.49994549,0.11566375,4.1121999,0.061023779,79.999979
81.809922,-4247.0684,0.24476409,0.50704141,0.11301703,4.3560208,0.057881546,79.999979
81.819922,-4247.2394,0.24539995,0.50177938,0.10692914,4.8193082,0.053732396,79.999979
81.829922,-4245.3923,0.24549442,0.53284324,0.11644199,4.3370757,0.062698433,79.999979
81.839922,-4247.7761,0.24559481,0.53987418,0.12565109,4.8498695,0.067462974,79.999979
81.849922,-4249.9234,0.24492241,0.51922863,0.13250702,3.7492641,0.068877341,79.999979
81.859922,-4249.9234,0.24492241,0.51379822,0.11601948,3.9748204,0.061813649,79.999979
81.869922,-4249.9234,0.24492241,0.55731228,0.13136759,4.2003768,0.074350849,79.999979
81.879922,-4249.9234,0.2446013,0.53727235,0.13726439,4.0627066,0.073441468,79.999979
81.889922,-4248.976,0.24501084,0.52634568,0.11638658,4.2926146,0.065794305,79.999979
81.899922,-4249.862,0.24498918,0.53798342,0.13117142,3.9744822,0.070582228,79.999979
81.909922,-4247.5753,0.24472282,0.47958721,0.11344265,4.0554066,0.055254994,79.999979
81.919922,-4248.0956,0.24465426,0.55283096,0.10905412,4.732979,0.060311884,79.999979
81.929922,-4248.7723,0.24461273,0.54536717,0.10722864,5.0144833,0.059199285,79.999979
81.939922,-4249.4491,0.24461273,0.5390868,0.10805935,4.8915794,0.058255093,79.999979
81.949922,-4249.8973,0.24473111,0.51152377,0.1094562,4.9473422,0.056735934,79.999979
81.959922,-4250.4202,0.24366556,0.49876801,0.14668065,3.7622901,0.075578972,79.999979
81.969922,-4249.1988,0.24488535,0.51181423,0.11403439,4.4456452,0.058272898,79.999979
81.979922,-4250.0243,0.24531332,0.47652716,0.11751573,3.9397485,0.05597269,79.999979
81.989922,-4250.0317,0.24522618,0.48358228,0.11586855,4.043255,0.055993502,79.999979
81.999922,-4250.0392,0.24513903,0.4906374,0.11422137,4.1467615,0.056014313,79.999979
82.009922,-4250.0466,0.24505188,0.50336617,0.1125742,4.2502679,0.058017708,79.999979
82.019922,-4250.054,0.24496473,0.54271464,0.11094728,4.3537744,0.069323021,79.999979
82.029922,-4250.9525,0.24492478,0.50578606,0.10224104,4.599777,0.062528019,79.999979
82.039922,-4251.2428,0.24503701,0.51448473,0.10074492,4.8944078,0.0520797,79.999979
82.049922,-4251.5772,0.24513835,0.51775848,0.10172504,4.975081,0.053107504,79.999979
82.059922,-4251.9116,0.24523969,0.52103223,0.10380714,4.929281,0.054135309,79.999979
82.069922,-4249.6334,0.24554383,0.55042549,0.11004946,4.8391185,0.060592979,79.999979
82.079922,-4250.6254,0.24491359,0.51916587,0.13210483,3.7263139,0.071720378,79.999979
82.089922,-4252.0023,0.24538445,0.52458643,0.11151045,4.6856983,0.058547546,79.999979
82.099922,-4248.7583,0.24426159,0.56503084,0.11750711,4.7516498,0.066390208,79.999979
82.109922,-4248.7583,0.24430694,0.54509968,0.11825021,4.6455574,0.064385728,79.999979
82.119922,-4248.7583,0.2444718,0.5103743,0.11899331,4.539465,0.060107372,79.999979
82.129922,-4250.1112,0.24470935,0.52692068,0.11878789,4.3447662,0.063380011,79.999979
82.139922,-4252.5116,0.24444418,0.52698212,0.11835723,4.4085068,0.064137464,79.999979
82.149922,-4249.2374,0.24472746,0.48559204,0.12355965,3.9546629,0.060361256,79.999979
82.159922,-4251.5647,0.24456068,0.50406957,0.11996092,4.4886647,0.061242743,79.999979
82.169922,-4251.5647,0.24456068,0.51328313,0.12585021,4.1014064,0.065147062,79.999979
82.179922,-4251.4935,0.24456068,0.52249668,0.13173949,3.9116818,0.06905138,79.999979
82.189922,-4251.4053,0.24456068,0.52446804,0.12344896,4.1719386,0.064553083,79.999979
82.199922,-4251.6407,0.24485014,0.5009603,0.13659052,3.6373322,0.068418033,79.999979
82.209922,-4250.9262,0.24550744,0.52213143,0.11078599,4.7314036,0.057811431,79.999979
82.219922,-4253.0369,0.24541322,0.53128549,0.11744779,4.4609936,0.062366341,79.999979
82.229922,-4252.773,0.24544951,0.50947589,0.14059274,3.9852716,0.07160696,79.999979
82.239922,-4252.509,0.24541491,0.51783068,0.13910146,3.5095497,0.066297212,79.999979
82.249922,-4252.3381,0.24538031,0.54085424,0.10965761,4.362335,0.061664727,79.999979
82.259922,-4250.1869,0.24505268,0.50794126,0.10397302,4.907571,0.059344996,79.999979
82.269922,-4252.2725,0.24501064,0.56856133,0.12323882,3.9839663,0.070075492,79.999979
82.279922,-4251.1098,0.24522681,0.52691371,0.11729553,4.2980193,0.06143905,79.999979
82.289922,-4252.0607,0.24478272,0.50207916,0.11520526,4.4032319,0.067789933,79.999979
82.299922,-4253.2269,0.24478272,0.49602754,0.10377931,4.8595372,0.063245261,79.999979
82.309922,-4253.4007,0.24478272,0.48997592,0.11960811,4.0524886,0.058700588,79.999979
82.319921,-4253.1306,0.24418732,0.57974574,0.11840455,4.4534333,0.070421139,79.999979
82.329921,-4253.0573,0.24503019,0.51142384,0.10433472,4.874548,0.053955591,79.999979
82.339921,-4253.848,0.24443363,0.48702126,0.10916618,4.2697863,0.057952406,79.999979
82.349921,-4254.2633,0.24463798,0.55458459,0.096706055,5.5979172,0.057012992,79.999979
82.359921,-4254.9134,0.24484536,0.56743847,0.10174705,5.4261108,0.058868019,79.999979
82.369921,-4254.9134,0.24505275,0.5296955,0.10678805,5.2543045,0.065416058,79.999979
82.379921,-4254.9598,0.24513102,0.51347642,0.12323541,4.1459578,0.062161893,79.999979
82.389921,-4252.7075,0.24513784,0.49421233,0.11079622,4.3206932,0.061232327,79.999979
82.399921,-4254.6861,0.24488666,0.55662532,0.14424132,3.5017746,0.070319975,79.999979
82.409921,-4253.2491,0.24482017,0.48677412,0.11314014,3.7821455,0.057325903,79.999979
82.419921,-4252.7261,0.24482017,0.55023365,0.11468015,4.1171155,0.064071884,79.999979
82.429921,-4252.6133,0.24482017,0.59164102,0.11622017,4.5943012,0.069091839,79.999979
82.439921,-4252.6133,0.24459184,0.58783752,0.11914971,4.861872,0.070573133,79.999979
82.449921,-4255.1848,0.2448145,0.51958486,0.14037033,3.5802762,0.070495283,79.999979
82.459921,-4257.1151,0.24483242,0.53312084,0.11862083,3.9480488,0.066565501,79.999979
82.469921,-4256.7777,0.24460705,0.52837053,0.1048497,4.863618,0.05541176,79.999979
82.479921,-4256.7875,0.24438182,0.50174575,0.11069776,4.7163436,0.055486768,79.999979
82.489921,-4256.7972,0.24452594,0.5317911,0.11419481,4.4129349,0.060501265,79.999979
82.499921,-4256.8739,0.24467005,0.58361308,0.11584313,4.5688613,0.067638281,79.999979
82.509921,-4257.2899,0.24491168,0.50984596,0.10083271,4.9743803,0.058104522,79.999979
82.519921,-4255.6301,0.24416287,0.52485298,0.1210298,4.7410297,0.056760102,79.999979
82.529921,-4258.1147,0.24595083,0.49060016,0.096720056,4.6659121,0.062461362,79.999979
82.539921,-4258.629,0.24568753,0.49097726,0.13573951,3.6140066,0.066640199,79.999979
82.549921,-4258.961,0.24538921,0.5019339,0.13541269,3.5433659,0.067962557,79.999979
82.559921,-4259.293,0.2451547,0.50960743,0.13553969,3.6790573,0.069716079,79.999979
82.569921,-4257.5832,0.24410086,0.53261247,0.13597923,3.6249239,0.071001733,79.999979
82.579921,-4258.1032,0.24380825,0.52063968,0.096585993,5.2939257,0.050115181,79.999979
82.589921,-4259.4775,0.24430046,0.54886979,0.11610423,4.5353383,0.062539271,79.999979
82.599921,-4257.6498,0.24535571,0.52400052,0.10654818,4.9618881,0.055809335,79.999979
82.609921,-4257.0499,0.245333,0.51952556,0.11566376,4.7314186,0.059555639,79.999979
82.619921,-4256.45,0.2453103,0.52493436,0.11153768,4.500949,0.058053427,79.999979
82.629921,-4256.6988,0.24503542,0.52219704,0.12857487,4.1783108,0.06695996,79.999979
82.639921,-4258.8026,0.24406052,0.53407163,0.12499367,3.911758,0.067126668,79.999979
82.649921,-4259.4456,0.24484898,0.52557075,0.11172761,4.9341924,0.058734122,79.999979
82.659921,-4257.2483,0.24453676,0.51840371,0.14606905,4.5230803,0.06884856,79.999979
82.669921,-4257.5692,0.24453676,0.51284648,0.13493861,3.4408782,0.064900828,79.999979
82.679921,-4257.8901,0.24425423,0.50728925,0.12380817,3.8661512,0.060953096,79.999979
82.689921,-4258.3423,0.24387974,0.50904868,0.12540279,4.0898511,0.063986402,79.999979
82.699921,-4259.3897,0.24471227,0.52899261,0.1351932,4.1118923,0.071134952,79.999979
82.709921,-4259.8411,0.24378037,0.5071004,0.11269798,4.312507,0.056115046,79.999979
82.719921,-4259.5592,0.24474996,0.52082731,0.11501355,4.5922418,0.060111676,79.999979
82.729921,-4261.2779,0.24509335,0.48553756,0.11804955,4.1540388,0.057347142,79.999979
82.739921,-4261.3885,0.24476659,0.54433477,0.14632243,3.753638,0.080061648,79.999979
82.749921,-4260.8955,0.24469434,0.5158033,0.13058654,4.092483,0.067140234,79.999979
82.759921,-4259.9038,0.24462209,0.57259009,0.11485066,4.431328,0.064863458,79.999979
82.769921,-4258.9122,0.24459951,0.52311615,0.096072192,6.0710545,0.062359886,79.999979
82.779921,-4260.5906,0.2439046,0.51342247,0.12279853,4.033797,0.065701855,79.999979
82.789921,-4262.42,0.24491704,0.54189706,0.11422439,4.635148,0.061900171,79.999979
82.799921,-4259.7005,0.24407078,0.52096309,0.15284642,3.3921967,0.073911006,79.999979
82.809921,-4259.7213,0.24429688,0.52417492,0.13036117,3.5807308,0.068425434,79.999979
82.819921,-4259.817,0.24452299,0.5489502,0.10787592,4.7142039,0.060673833,79.999979
82.829921,-4260.6141,0.2454661,0.49825831,0.11039543,4.6022145,0.05490774,79.999979
82.839921,-4263.7001,0.24458813,0.52646345,0.10326814,4.7043942,0.054352446,79.999979
82.849921,-4261.5112,0.24445488,0.58141385,0.11893731,4.7232328,0.068329003,79.999979
82.859921,-4264.4716,0.24402141,0.5070979,0.11719287,4.3268014,0.066240638,79.999979
82.869921,-4264.4716,0.24402141,0.52648276,0.13415875,4.0899558,0.075974623,79.999979
82.879921,-4264.4716,0.24402141,0.54586761,0.15112463,3.8531102,0.085708607,79.999979
82.889921,-4264.4716,0.24402141,0.56525247,0.16809051,3.6162645,0.095442592,79.999979
82.899921,-4264.4716,0.24402141,0.53310745,0.13919275,3.3794189,0.073791304,79.999979
82.909921,-4264.4608,0.24402141,0.50538647,0.10311321,3.5629892,0.052212927,79.999979
82.919921,-4264.4163,0.24402141,0.55319001,0.1090704,4.8200664,0.060821801,79.999979
82.929921,-4264.3719,0.24424626,0.60099354,0.11502759,5.053256,0.069430675,79.999979
82.939921,-4264.9313,0.24447306,0.52938336,0.14302975,3.7621477,0.075395129,79.999979
82.949921,-4263.67,0.24427173,0.51653212,0.10431955,4.7457974,0.061184167,79.999979
82.959921,-4265.3561,0.24345308,0.61070604,0.11398764,6.0392619,0.069079425,79.999979
82.969921,-4266.5949,0.24408708,0.5028556,0.13830489,3.4418211,0.065931696,79.999979
82.979921,-4264.0729,0.24344804,0.57925308,0.11811787,4.8746235,0.068444415,79.999979
82.989921,-4265.6819,0.24353145,0.53344921,0.12681801,4.3831011,0.067434912,79.999979
82.999921,-4266.4812,0.24361485,0.50953115,0.13509332,3.9344247,0.066189767,79.999979
83.009921,-4266.6245,0.24369826,0.51478386,0.14336863,3.4857483,0.065193407,79.999979
83.019921,-4266.7436,0.24384025,0.52212698,0.12729967,3.8094601,0.060991583,79.999979
83.029921,-4267.1034,0.24465715,0.51740117,0.1444685,4.2582161,0.074803291,79.999979
83.039921,-4266.893,0.2437202,0.46560454,0.11815302,3.85545,0.054997163,79.999979
83.049921,-4267.1004,0.24378054,0.50632101,0.10890855,4.244943,0.056435795,79.999979
83.059921,-4266.9839,0.2437129,0.51795917,0.103116,4.7466734,0.054628534,79.999979
83.069921,-4266.8674,0.24340759,0.52959733,0.09918217,5.1733959,0.052821272,79.999979
83.079921,-4266.9299,0.24310228,0.52330639,0.12168134,4.4892631,0.064060899,79.999979
83.089921,-4267.1313,0.24457352,0.49021736,0.14894022,3.703159,0.073049718,79.999979
83.099921,-4269.1307,0.2444395,0.51710198,0.151972,3.2182928,0.078572623,79.999979
83.109921,-4270.3102,0.24412209,0.50804414,0.1193245,3.9230138,0.066372496,79.999979
83.119921,-4270.6578,0.24403692,0.5083467,0.12026551,4.1501465,0.064089446,79.999979
83.129921,-4270.918,0.2441958,0.50864926,0.12120652,4.1010265,0.061806395,79.999979
83.139921,-4271.7051,0.2443173,0.51579438,0.10428639,4.6207744,0.053698941,79.999979
83.149921,-4271.1004,0.24346206,0.51268193,0.10793143,4.6521852,0.055334349,79.999979
83.159921,-4272.7668,0.24462313,0.48621986,0.1626139,2.9215139,0.078823312,79.999979
83.169921,-4274.6702,0.24450408,0.52811179,0.1145305,4.6826825,0.059902505,79.999979
83.179921,-4274.2763,0.24454879,0.51340042,0.13124129,4.0053654,0.066553528,79.999979
83.189921,-4273.8824,0.24459351,0.49868905,0.14739147,3.3880934,0.07320455,79.999979
83.199921,-4273.4015,0.24432137,0.58807627,0.12037586,4.6620875,0.070858898,79.999979
83.209921,-4273.2428,0.24368469,0.51957587,0.11610694,4.3780182,0.061158146,79.999979
83.219921,-4275.8417,0.24409062,0.51733021,0.12488427,4.3305479,0.069209258,79.999979
83.229921,-4274.241,0.24459367,0.50272973,0.1146337,4.303524,0.059326839,79.999979
83.239921,-4273.466,0.24413351,0.50271592,0.11751583,4.257974,0.058708008,79.999979
83.249921,-4272.691,0.2435348,0.48353421,0.11352577,4.212424,0.054769943,79.999979
83.259921,-4273.1476,0.24293608,0.48907508,0.10930102,4.2363702,0.055738648,79.999979
83.269921,-4274.904,0.24381769,0.52751257,0.10623874,4.9693224,0.054813434,79.999979
83.279921,-4274.4031,0.24368105,0.5712827,0.11757941,4.8356637,0.067216743,79.999979
83.289921,-4274.9126,0.24404115,0.51475382,0.13497312,3.7030496,0.067274475,79.999979
83.299921,-4275.3806,0.24415934,0.51568042,0.13044237,3.8139937,0.065676844,79.999979
83.309921,-4275.8486,0.24427753,0.51660701,0.12591162,3.9249378,0.064079212,79.999979
83.319921,-4276.3166,0.24439572,0.51753361,0.12138086,4.0358819,0.062481581,79.999979
83.329921,-4276.7845,0.24451392,0.53274384,0.11762408,4.146826,0.062855373,79.999979
83.339921,-4277.2525,0.24463211,0.56401221,0.11597736,4.2577701,0.065445504,79.999979
83.349921,-4277.3039,0.2447503,0.57124003,0.11457014,4.5645415,0.065997591,79.999979
83.359921,-4277.1586,0.24486849,0.56424295,0.11521165,4.9206562,0.065343758,79.999979
83.36992,-4277.0134,0.24480097,0.55724587,0.11585315,4.7644178,0.064689925,79.999979
83.37992,-4277.4158,0.24469562,0.52544199,0.11566002,4.5060506,0.060784131,79.999979
83.38992,-4279.5922,0.24404121,0.4971376,0.11392681,4.1040824,0.057470113,79.999979
83.39992,-4278.3421,0.24468599,0.51554636,0.13244864,4.0649502,0.068610493,79.999979
83.40992,-4279.6036,0.24521572,0.52913277,0.11831852,4.4386673,0.062653491,79.999979
83.41992,-4281.1101,0.24519885,0.54166604,0.12805902,4.0399506,0.071004055,79.999979
83.42992,-4281.213,0.24518059,0.55825735,0.14807611,3.8652622,0.074797415,79.999979
83.43992,-4281.3158,0.24516234,0.52073098,0.12826384,3.6905738,0.064790027,79.999979
83.44992,-4280.6127,0.2446221,0.51722079,0.10973233,4.6938678,0.056720425,79.999979
83.45992,-4281.0042,0.24423356,0.50715969,0.1109485,4.6977116,0.056345466,79.999979
83.46992,-4282.8979,0.24387888,0.53921866,0.12380692,4.75219,0.066675294,79.999979
83.47992,-4280.5263,0.24374732,0.49576351,0.10269948,4.3526513,0.063873317,79.999979
83.48992,-4280.5263,0.24381737,0.51250377,0.098513727,4.8508005,0.057210214,79.999979
83.49992,-4280.5263,0.24443544,0.52924403,0.094327969,5.4446793,0.05054711,79.999979
83.50992,-4280.6431,0.24469773,0.50369959,0.11639302,4.2537885,0.058605621,79.999979
83.51992,-4285.3174,0.24358154,0.53544488,0.12646926,3.9638688,0.068706068,79.999979
83.52992,-4283.9333,0.24369332,0.52653121,0.12120612,4.2786912,0.063836847,79.999979
83.53992,-4286.1351,0.24382604,0.49380835,0.10489766,5.1067148,0.050826137,79.999979
83.54992,-4286.1155,0.24396405,0.51869977,0.11633537,4.1242953,0.0570134,79.999979
83.55992,-4286.0959,0.24410206,0.54359119,0.11873596,4.3685253,0.063200663,79.999979
83.56992,-4286.0788,0.24419316,0.54472974,0.11837103,4.535025,0.064343246,79.999979
83.57992,-4287.1571,0.24404221,0.51167981,0.12148945,3.5599592,0.062214476,79.999979
83.58992,-4284.3853,0.24301993,0.52979777,0.10386533,4.7885807,0.054400389,79.999979
83.59992,-4286.8491,0.24397673,0.53876969,0.096758165,5.2547172,0.052085621,79.999979
83.60992,-4287.2218,0.24418811,0.55276392,0.1041601,5.059515,0.056568715,79.999979
83.61992,-4287.5945,0.2443976,0.56675814,0.10857573,5.0427815,0.061051808,79.999979
83.62992,-4288.0149,0.24460523,0.56223871,0.1175877,4.8930277,0.066642227,79.999979
83.63992,-4290.1025,0.2444251,0.51459257,0.096417093,5.1213208,0.055816456,79.999979
83.64992,-4288.948,0.24453558,0.60101171,0.11716072,4.773805,0.069808009,79.999979
83.65992,-4292.3042,0.24380873,0.50483153,0.1527165,3.3756438,0.076994151,79.999979
83.66992,-4292.8387,0.24358375,0.56364329,0.12309822,4.4654796,0.07146269,79.999979
83.67992,-4293.3986,0.24335876,0.53088288,0.10836183,5.0741064,0.065247504,79.999979
83.68992,-4293.9586,0.24362344,0.49812247,0.11595536,4.5202592,0.059032317,79.999979
83.69992,-4293.4587,0.24420021,0.47728758,0.11069925,4.6599591,0.052826722,79.999979
83.70992,-4292.919,0.24428901,0.51598255,0.11892473,4.3998973,0.061309133,79.999979
83.71992,-4295.241,0.24417285,0.58584264,0.11292735,5.1070124,0.066185882,79.999979
83.72992,-4295.3995,0.24375788,0.5157344,0.11921879,4.5140147,0.061137482,79.999979
83.73992,-4294.8554,0.24342891,0.49577397,0.11899167,4.2604192,0.059090481,79.999979
83.74992,-4294.3114,0.24316355,0.53524334,0.11998938,4.0068238,0.064271399,79.999979
83.75992,-4294.0961,0.24304443,0.53265204,0.10739484,4.4254073,0.057100737,79.999979
83.76992,-4295.0635,0.24401695,0.51356248,0.15593864,3.5721371,0.080084201,79.999979
83.77992,-4297.1277,0.24317957,0.55153574,0.11824394,4.53831,0.063488195,79.999979
83.78992,-4296.2205,0.24333685,0.52957276,0.1156034,4.8630606,0.061156408,79.999979
83.79992,-4295.7356,0.24328014,0.48062333,0.12375363,4.4949847,0.060033096,79.999979
83.80992,-4295.2506,0.24322342,0.47995696,0.14158177,4.1269088,0.068090797,79.999979
83.81992,-4294.7657,0.24324694,0.46066819,0.10456459,3.5155027,0.048111658,79.999979
83.82992,-4297.9029,0.24348546,0.51785852,0.12529168,4.1808207,0.064887497,79.999979
83.83992,-4297.7701,0.24365423,0.51094181,0.10860807,4.49878,0.073722434,79.999979
83.84992,-4296.3203,0.24247125,0.50618667,0.10694233,4.4818954,0.054091752,79.999979
83.85992,-4296.577,0.24247125,0.51053964,0.094521053,4.8236053,0.049725844,79.999979
83.86992,-4296.8336,0.24247125,0.50250984,0.096099514,5.1653152,0.048785885,79.999979
83.87992,-4297.0903,0.24231318,0.50432785,0.097677974,5.0643472,0.050311668,79.999979
83.88992,-4299.4989,0.24306938,0.54418732,0.13700031,3.9616791,0.072779432,79.999979
83.89992,-4297.3126,0.24369358,0.48972818,0.11933141,4.5976864,0.059385578,79.999979
83.90992,-4300.7813,0.24330718,0.51263589,0.11769303,4.4012404,0.060237226,79.999979
83.91992,-4300.6663,0.24321324,0.48923432,0.12980143,4.0658641,0.063497037,79.999979
83.92992,-4300.5513,0.24321324,0.49185271,0.13143093,3.7304878,0.062651514,79.999979
83.93992,-4300.4682,0.24321324,0.51075669,0.12356042,3.756295,0.068761455,79.999979
83.94992,-4302.6368,0.24330582,0.56748069,0.10191767,5.6477811,0.057884448,79.999979
83.95992,-4299.3594,0.24371693,0.52599092,0.12423783,5.017715,0.0613308,79.999979
83.96992,-4301.4884,0.2431731,0.49075681,0.11580117,4.7244216,0.057087993,79.999979
83.97992,-4302.2359,0.2429457,0.49515407,0.12159233,4.25749,0.060963309,79.999979
83.98992,-4302.8083,0.24271829,0.49955132,0.12898238,3.9256193,0.064838624,79.999979
83.99992,-4303.2712,0.24249089,0.50401204,0.13575193,3.6224781,0.068418651,79.999979
84.00992,-4303.6543,0.24223754,0.52146408,0.13929465,4.0867396,0.072858225,79.999979
84.01992,-4304.0444,0.24337641,0.50054196,0.10976124,4.6622826,0.054967079,79.999979
84.02992,-4305.6765,0.24268517,0.51629309,0.16198609,3.030856,0.082429513,79.999979
84.03992,-4306.2679,0.24283265,0.53648726,0.11840379,4.3110216,0.067789824,79.999979
84.04992,-4305.9762,0.24311738,0.55526569,0.13268682,4.0314741,0.071748298,79.999979
84.05992,-4305.1506,0.24340211,0.53207933,0.14696984,3.7519266,0.072186632,79.999979
84.06992,-4304.3666,0.24407139,0.61376558,0.12211517,4.8743211,0.075708312,79.999979
84.07992,-4306.8711,0.24306081,0.50657904,0.1155529,4.4722975,0.058683951,79.999979
84.08992,-4306.6214,0.24312018,0.48727414,0.14471998,3.511375,0.072190524,79.999979
84.09992,-4306.1352,0.24354929,0.49797424,0.1073917,4.6090664,0.053477513,79.999979
84.10992,-4306.0219,0.24354929,0.49980067,0.11444902,4.3508444,0.054987497,79.999979
84.11992,-4305.7896,0.24354929,0.50490544,0.12051322,4.0926224,0.053378349,79.999979
84.12992,-4305.5574,0.24371864,0.51804256,0.11040105,4.8390048,0.058812945,79.999979
84.13992,-4308.6326,0.24228669,0.53526541,0.10830946,4.9004704,0.058456853,79.999979
84.14992,-4307.5759,0.2424453,0.57968126,0.111776,5.3594492,0.062322304,79.999979
84.15992,-4309.3719,0.24273027,0.51961893,0.12984697,4.2049343,0.066168009,79.999979
84.16992,-4309.3873,0.24286504,0.52011008,0.12326938,3.9450568,0.063392737,79.999979
84.17992,-4309.4028,0.24286504,0.52060122,0.11669178,4.3122513,0.060617465,79.999979
84.18992,-4309.4177,0.24286504,0.4880628,0.13392265,3.6224829,0.065376639,79.999979
84.19992,-4310.2103,0.2432305,0.57677171,0.12440437,4.5899736,0.070353553,79.999979
84.20992,-4310.3958,0.24273207,0.5719986,0.11658736,4.9048385,0.067733353,79.999979
84.21992,-4313.0669,0.24323751,0.53430124,0.12118857,4.2273305,0.064997787,79.999979
84.22992,-4310.757,0.24255077,0.56297074,0.12545742,4.6614554,0.070629308,79.999979
84.23992,-4311.1116,0.24268514,0.51269525,0.14152855,3.557454,0.072447625,79.999979
84.24992,-4311.8739,0.24285815,0.51969499,0.12625526,4.0900674,0.065524862,79.999979
84.25992,-4312.3696,0.24303115,0.52685708,0.11098196,4.6226808,0.061499519,79.999979
84.26992,-4312.7086,0.24263829,0.49015478,0.10494929,4.590842,0.051609808,79.999979
84.27992,-4312.5988,0.24303728,0.52500905,0.11417547,4.4641013,0.059943366,79.999979
84.28992,-4312.5875,0.24307188,0.51251756,0.12833929,5.004475,0.065175957,79.999979
84.29992,-4313.792,0.24252801,0.5278091,0.10580254,4.8367369,0.056595615,79.999979
84.30992,-4314.132,0.24277418,0.53455841,0.1019865,5.0261274,0.055627606,79.999979
84.31992,-4314.756,0.24302034,0.5368888,0.10511114,5.2155179,0.057189886,79.999979
84.32992,-4314.8116,0.24288025,0.5680784,0.1349778,5.1139651,0.075985599,79.999979
84.33992,-4312.3622,0.24298593,0.52024852,0.10497788,5.2463185,0.054499917,79.999979
84.34992,-4316.1569,0.24257476,0.51695886,0.15609696,3.850443,0.080651314,79.999979
84.35992,-4316.7875,0.24280759,0.51267026,0.13932477,3.6369196,0.071902202,79.999979
84.36992,-4316.5848,0.24294439,0.49885496,0.12406429,3.934476,0.063212947,79.999979
84.37992,-4316.3821,0.2430812,0.48503967,0.11144559,4.1903295,0.054523693,79.999979
84.38992,-4314.7533,0.24321801,0.55313233,0.10064643,4.431958,0.055641104,79.999979
84.39992,-4317.1438,0.24235147,0.51772923,0.11305031,4.3953386,0.058527998,79.999979
84.40992,-4318.1047,0.24273313,0.56411099,0.13392335,3.9496282,0.076390122,79.999979
84.419919,-4315.7295,0.24244228,0.5562311,0.10243029,4.6532234,0.056940729,79.999979
84.429919,-4315.7295,0.242522,0.52908443,0.10867452,5.2309309,0.057404743,79.999979
84.439919,-4316.6524,0.24260172,0.51995705,0.11491876,4.629515,0.059042016,79.999979
84.449919,-4317.7621,0.24295453,0.54666718,0.10995021,4.6425914,0.067557833,79.999979
84.459919,-4318.814,0.24263525,0.53732492,0.15762826,3.8728499,0.084481456,79.999979
84.469919,-4317.5821,0.24341736,0.51053364,0.10740592,4.1665457,0.056847671,79.999979
84.479919,-4318.9588,0.24235355,0.4961373,0.12865493,4.3645023,0.06381056,79.999979
84.489919,-4318.9316,0.24221895,0.51833657,0.13356208,3.3531159,0.062502881,79.999979
84.499919,-4318.9316,0.24217676,0.54202955,0.1170418,4.2947586,0.060311095,79.999979
84.509919,-4319.1038,0.24217676,0.54493111,0.1046945,5.1301642,0.05705636,79.999979
84.519919,-4319.7581,0.24239103,0.52007944,0.13963905,3.4695042,0.072557079,79.999979
84.529919,-4319.8597,0.24277857,0.49178033,0.10751194,4.7045463,0.053045202,79.999979
84.539919,-4321.5252,0.24238285,0.49688835,0.12586009,3.8268055,0.062422926,79.999979
84.549919,-4321.3386,0.24318601,0.50156685,0.12289404,3.8225209,0.061613215,79.999979
84.559919,-4320.4848,0.24357498,0.53121589,0.11524244,4.064485,0.061818927,79.999979
84.569919,-4319.6311,0.24357498,0.58898175,0.11623653,4.3801564,0.06872716,79.999979
84.579919,-4318.968,0.24258098,0.52214315,0.13757507,3.7699597,0.07183039,79.999979
84.589919,-4322.2279,0.2425731,0.52139379,0.11891345,4.4114065,0.062046903,79.999979
84.599919,-4321.7365,0.24321968,0.48873723,0.1239545,4.1900187,0.060691508,79.999979
84.609919,-4321.4272,0.24319296,0.53262617,0.11698515,4.413059,0.061185462,79.999979
84.619919,-4322.1886,0.24330453,0.52439194,0.11466248,4.5130812,0.057670123,79.999979
84.629919,-4322.95,0.2434161,0.5161577,0.10676015,4.755854,0.054154783,79.999979
84.639919,-4323.4449,0.24350489,0.58787113,0.10639326,5.0129972,0.062448494,79.999979
84.649919,-4323.7509,0.24297386,0.47907476,0.11945136,3.5243769,0.057418609,79.999979
84.659919,-4321.7356,0.24132831,0.54234721,0.12175524,4.3245704,0.065979829,79.999979
84.669919,-4322.5065,0.24266955,0.55279163,0.10092787,5.2671287,0.056662319,79.999979
84.679919,-4323.7483,0.24284851,0.60332267,0.10637776,5.4243467,0.064367273,79.999979
84.689919,-4323.9175,0.24302748,0.51761031,0.11679811,5.5815646,0.060172863,79.999979
84.699919,-4324.0867,0.24283195,0.51331532,0.1287396,3.7756822,0.071439348,79.999979
84.709919,-4327.613,0.24223284,0.5283036,0.098840338,4.8651318,0.052223442,79.999979
84.719919,-4326.5073,0.24280699,0.56235991,0.10462819,5.2670453,0.060557102,79.999979
84.729919,-4327.8171,0.24273212,0.48807484,0.13690963,3.5142897,0.061656407,79.999979
84.739919,-4328.3241,0.24250617,0.51602337,0.10915417,4.3240223,0.064036793,79.999979
84.749919,-4328.8311,0.24228021,0.56849037,0.10802945,4.8399791,0.068954158,79.999979
84.759919,-4329.338,0.24205425,0.62095738,0.11776513,5.1179334,0.073871523,79.999979
84.769919,-4328.5586,0.24221059,0.52214775,0.12039477,4.2989047,0.057765811,79.999979
84.779919,-4327.2624,0.24226789,0.54566075,0.1163073,4.7850706,0.059239663,79.999979
84.789919,-4330.7368,0.24315679,0.50698986,0.099627602,4.8510131,0.051831305,79.999979
84.799919,-4330.3956,0.24271063,0.50667615,0.1061969,4.9985362,0.053732319,79.999979
84.809919,-4329.8812,0.24255745,0.49824837,0.11285831,4.5537008,0.056162188,79.999979
84.819919,-4329.4239,0.2425535,0.51382296,0.11703977,4.2312135,0.059759365,79.999979
84.829919,-4327.6789,0.2424853,0.56645712,0.10471769,5.4275422,0.061286407,79.999979
84.839919,-4330.133,0.24235084,0.53148598,0.12354172,4.3397487,0.065597131,79.999979
84.849919,-4330.5724,0.24276908,0.50926066,0.11836802,4.8196214,0.060042402,79.999979
84.859919,-4330.2042,0.24149977,0.55229209,0.1221081,4.4514818,0.067866551,79.999979
84.869919,-4331.0111,0.24147782,0.57174868,0.13268339,4.3806027,0.074836619,79.999979
84.879919,-4331.7834,0.24145587,0.4953929,0.12018477,4.3097235,0.059571006,79.999979
84.889919,-4332.4091,0.24145163,0.52284884,0.12096338,3.8868402,0.063143028,79.999979
84.899919,-4333.3323,0.2430971,0.54177235,0.12560087,4.4405958,0.068061202,79.999979
84.909919,-4330.7358,0.24231963,0.60351599,0.12351212,4.2981589,0.067780576,79.999979
84.919919,-4332.9379,0.24247861,0.50179111,0.08927645,5.6391449,0.050018502,79.999979
84.929919,-4332.6097,0.24241787,0.51157517,0.10617986,4.946306,0.056931747,79.999979
84.939919,-4333.4394,0.24235714,0.52445529,0.12308327,4.2534672,0.062941591,79.999979
84.949919,-4334.3518,0.24238651,0.56358584,0.1108892,4.9334983,0.061291823,79.999979
84.959919,-4332.8437,0.24297195,0.58120389,0.12992876,4.229181,0.073065074,79.999979
84.969919,-4333.2631,0.24150476,0.50172484,0.10528592,4.742623,0.056755129,79.999979
84.979919,-4335.1348,0.24144614,0.56692933,0.11187123,4.5224738,0.063530838,79.999979
84.989919,-4335.5887,0.24158217,0.48686585,0.10468121,5.0095898,0.051134125,79.999979
84.999919,-4334.4848,0.2417182,0.47388404,0.097491189,4.9457796,0.05507672,79.999979
85.009919,-4333.2921,0.24197925,0.48381278,0.12105637,3.9811892,0.064599712,79.999979
85.019919,-4333.7302,0.24184313,0.52129893,0.11866375,4.1170601,0.061767659,79.999979
85.029919,-4338.2605,0.24227359,0.53784768,0.11379924,4.6233842,0.06120542,79.999979
85.039919,-4335.7735,0.24239425,0.53209699,0.14579038,3.9406285,0.074808776,79.999979
85.049919,-4335.5584,0.24236551,0.53481881,0.12195052,4.2780251,0.064270409,79.999979
85.059919,-4335.3433,0.24252324,0.58135928,0.12473591,4.5625187,0.074450377,79.999979
85.069919,-4335.8032,0.24268097,0.62254744,0.14163712,4.4583916,0.088275518,79.999979
85.079919,-4337.3714,0.24198796,0.54070698,0.12383811,4.4468421,0.063343305,79.999979
85.089919,-4337.6462,0.24293324,0.54507144,0.11929942,4.9260074,0.067346646,79.999979
85.099919,-4337.4292,0.24182478,0.60069576,0.10209123,5.3092264,0.060988017,79.999979
85.109919,-4337.0903,0.24108591,0.55746709,0.13441639,4.8356018,0.074037507,79.999979
85.119919,-4337.1259,0.24118795,0.51701891,0.15112172,3.9060115,0.077046823,79.999979
85.129919,-4337.6365,0.24128999,0.48750262,0.16782705,2.798484,0.079936437,79.999979
85.139919,-4339.3619,0.24136806,0.51846889,0.12635673,4.0055897,0.064267688,79.999979
85.149919,-4336.5379,0.2420902,0.55065787,0.11314318,4.2724299,0.06324766,79.999979
85.159919,-4338.0397,0.24234618,0.49721007,0.15634152,3.4470149,0.077613791,79.999979
85.169919,-4339.6799,0.24281592,0.49857862,0.11051208,4.4827439,0.053332604,79.999979
85.179919,-4340.9467,0.24281592,0.55297268,0.10357901,4.4399861,0.055861605,79.999979
85.189919,-4340.9467,0.24281592,0.60736675,0.096645944,5.8845983,0.058390606,79.999979
85.199919,-4340.7128,0.24241149,0.52129748,0.095980028,5.3300341,0.05034316,79.999979
85.209919,-4339.1513,0.2418342,0.53670267,0.13992904,4.3612043,0.074821821,79.999979
85.219919,-4340.5126,0.24201209,0.48943075,0.14003201,3.542007,0.067276496,79.999979
85.229919,-4339.5335,0.24233954,0.53379916,0.10206437,4.5626633,0.05443751,79.999979
85.239919,-4338.8053,0.24258404,0.51554382,0.10457703,5.1713139,0.053825179,79.999979
85.249919,-4338.0771,0.24239575,0.49728848,0.1070897,4.6656869,0.053212849,79.999979
85.259919,-4337.7124,0.24220746,0.47674706,0.10589911,4.4114033,0.050490977,79.999979
85.269919,-4339.9728,0.24172363,0.50027812,0.12187255,4.5685963,0.062968335,79.999979
85.279919,-4340.7699,0.24217149,0.51201684,0.11569295,4.5406422,0.05922485,79.999979
85.289919,-4340.6113,0.2414911,0.51571191,0.12011899,3.8355389,0.066125149,79.999979
85.299919,-4341.12,0.24107611,0.55188839,0.12214016,4.1479198,0.069993038,79.999979
85.309919,-4341.6288,0.24124464,0.58806487,0.12416133,4.5331001,0.073860927,79.999979
85.319919,-4341.9664,0.24145582,0.5367558,0.11250248,4.7277278,0.060446417,79.999979
85.329919,-4344.3508,0.24217343,0.51196856,0.10836184,4.6179936,0.054395955,79.999979
85.339919,-4341.929,0.24284758,0.60906981,0.1353467,4.4446762,0.084949947,79.999979
85.349919,-4343.1784,0.24168089,0.51562819,0.12821004,4.109689,0.066108667,79.999979
85.359919,-4344.0015,0.24107066,0.51847201,0.12758644,3.958878,0.066147274,79.999979
85.369919,-4344.8247,0.24130239,0.52131583,0.12696284,4.0001775,0.066185881,79.999979
85.379919,-4345.4615,0.24176285,0.54005181,0.12133487,4.3155758,0.062640429,79.999979
85.389919,-4342.9708,0.24202423,0.59134571,0.11219543,4.7317518,0.066395545,79.999979
85.399919,-4344.2036,0.24244752,0.50605349,0.11798083,4.1874804,0.059584378,79.999979
85.409919,-4346.0174,0.24231773,0.51452429,0.1164261,3.9932263,0.059797154,79.999979
85.419919,-4344.8011,0.24247353,0.49498233,0.15293678,3.388945,0.07118026,79.999979
85.429919,-4343.8634,0.24213574,0.51344682,0.14875297,3.1086142,0.075622044,79.999979
85.439919,-4342.9257,0.24137472,0.5067446,0.14241506,3.4757144,0.070733151,79.999979
85.449919,-4344.8908,0.24105156,0.53677568,0.099247,5.7805136,0.054791927,79.999979
85.459918,-4347.1172,0.24242636,0.52546589,0.12857152,3.9738397,0.067250136,79.999979
85.469918,-4345.4527,0.24204815,0.52642352,0.12199394,4.2178503,0.063925235,79.999979
85.479918,-4348.3489,0.24110521,0.52311016,0.12122037,4.2178185,0.063168816,79.999979
85.489918,-4347.8339,0.24174719,0.51979679,0.12044679,4.2177868,0.062412398,79.999979
85.499918,-4345.7674,0.24238993,0.51648342,0.11967322,4.217755,0.061655979,79.999979
85.509918,-4347.2452,0.24251118,0.51317006,0.11889964,4.2177232,0.06089956,79.999979
85.519918,-4346.1838,0.24109636,0.50985669,0.11812606,4.2176915,0.060143142,79.999979
85.529918,-4349.0544,0.24197109,0.50654332,0.11735249,4.2176597,0.059386723,79.999979
85.539918,-4350.1674,0.24216194,0.50322996,0.11657891,4.2176279,0.058630305,79.999979
85.549918,-4351.4976,0.24168356,0.49991659,0.11580533,4.2175961,0.057873886,79.999979
85.559918,-4351.964,0.24118221,0.49660323,0.11503176,4.2175644,0.057117468,79.999979
85.569918,-4353.6246,0.24143114,0.49328986,0.11425818,4.2175326,0.056361049,79.999979
85.579918,-4351.0274,0.24138077,0.49091,0.11364029,4.2184411,0.055787604,79.999979
85.589918,-4354.6109,0.24135987,0.49313471,0.11379034,4.2321275,0.056116681,79.999979
85.599918,-4356.6336,0.24208354,0.49535942,0.1139404,4.2458138,0.056445759,79.999979
85.609918,-4354.5126,0.24206169,0.49758412,0.11409045,4.2595002,0.056774836,79.999979
85.619918,-4353.8938,0.24205991,0.49980883,0.1142405,4.2731865,0.057103914,79.999979
85.629918,-4353.9682,0.24216979,0.50203354,0.11439055,4.2868729,0.057432991,79.999979
85.639918,-4355.0718,0.24022096,0.50425824,0.1145406,4.3005592,0.057762068,79.999979
85.649918,-4357.3325,0.24190641,0.50648295,0.11469065,4.3142456,0.058091146,79.999979
85.659918,-4360.2398,0.24135047,0.50858986,0.1148407,4.3279319,0.058407648,79.999979
85.669918,-4357.8393,0.24188701,0.50815827,0.11502932,4.3185713,0.058453159,79.999979
85.679918,-4356.3262,0.2417704,0.50772669,0.11521828,4.3077169,0.058498671,79.999979
85.689918,-4357.8801,0.24157409,0.5072951,0.11540724,4.2968625,0.058544182,79.999979
85.699918,-4359.1281,0.24258318,0.50686351,0.11559619,4.2860082,0.058589693,79.999979
85.709918,-4357.3074,0.24157709,0.50643192,0.11578515,4.2751538,0.058635205,79.999979
85.719918,-4361.0546,0.24153471,0.50600034,0.11597411,4.2642994,0.058680716,79.999979
85.729918,-4358.6182,0.24134935,0.50556875,0.11616306,4.253445,0.058726227,79.999979
85.739918,-4358.2835,0.24143829,0.50513716,0.11635202,4.2425906,0.058771739,79.999979
85.749918,-4358.8667,0.24142424,0.50470557,0.11654098,4.2317362,0.05881725,79.999979
85.759918,-4360.7065,0.24153574,0.50427399,0.11672994,4.2208819,0.058862761,79.999979
85.769918,-4357.6965,0.24020762,0.5038424,0.11691889,4.2100275,0.058908273,79.999979
85.779918,-4359.6116,0.24116955,0.50372563,0.11693327,4.2076695,0.058863226,79.999979
85.789918,-4359.1951,0.24192376,0.50395302,0.11658889,4.2227722,0.058719183,79.999979
85.799918,-4359.179,0.2418314,0.5041804,0.11624451,4.2378749,0.05857514,79.999979
85.809918,-4358.9269,0.2418314,0.50440779,0.11590012,4.2529776,0.058431097,79.999979
85.819918,-4360.9232,0.24120691,0.50463517,0.11555574,4.2680804,0.058287054,79.999979
85.829918,-4359.2172,0.24156275,0.50486256,0.11521135,4.2831831,0.058143011,79.999979
85.839918,-4362.2616,0.24237737,0.50508994,0.11486697,4.2982858,0.057998969,79.999979
85.849918,-4363.032,0.24150337,0.50531733,0.11452258,4.3133885,0.057854926,79.999979
85.859918,-4363.8617,0.24189526,0.50554471,0.1141782,4.3284912,0.057710883,79.999979
85.869918,-4363.0744,0.24209266,0.5057721,0.11383381,4.3435939,0.05756684,79.999979
85.879918,-4361.251,0.24169994,0.50599948,0.11348943,4.3586966,0.057422797,79.999979
85.889918,-4361.9042,0.24119451,0.50565873,0.11308979,4.3724989,0.057177044,79.999979
85.899918,-4362.926,0.24198753,0.50436387,0.11254286,4.3828348,0.056760481,79.999979
85.909918,-4365.3274,0.24105062,0.503069,0.11199594,4.3931708,0.056343918,79.999979
85.919918,-4363.4642,0.24160164,0.50177414,0.11144902,4.4035067,0.055927355,79.999979
85.929918,-4363.2117,0.24095514,0.50047927,0.1109021,4.4138427,0.055510792,79.999979
85.939918,-4365.282,0.24041564,0.49918441,0.11035517,4.4241786,0.055094228,79.999979
85.949918,-4361.716,0.24103905,0.49788955,0.10980825,4.4345146,0.054677665,79.999979
85.959918,-4364.9516,0.24138472,0.49659468,0.10926133,4.4448505,0.054261102,79.999979
85.969918,-4362.5427,0.24115185,0.49612437,0.10901584,4.4511035,0.054086483,79.999979
85.979918,-4362.6621,0.24118905,0.49710029,0.10929907,4.4482944,0.054336229,79.999979
85.989918,-4363.6228,0.24136961,0.49807621,0.10958229,4.4454853,0.054585974,79.999979
85.999918,-4364.7597,0.24156613,0.49905213,0.10986551,4.4426762,0.054835719,79.999979
86.009918,-4365.3111,0.24127015,0.50002806,0.11014874,4.4398671,0.055085465,79.999979
86.019918,-4364.7307,0.24128987,0.50100398,0.11043196,4.437058,0.05533521,79.999979
86.029918,-4364.0188,0.24072995,0.5019799,0.11071518,4.4342488,0.055584955,79.999979
86.039918,-4364.7717,0.24190208,0.50295582,0.11099841,4.4314397,0.055834701,79.999979
86.049918,-4364.7717,0.24153713,0.50393174,0.11128163,4.4286306,0.056084446,79.999979
86.059918,-4362.9846,0.24085903,0.50490766,0.11156485,4.4258215,0.056334191,79.999979
86.069918,-4365.5958,0.24079956,0.50588359,0.11184808,4.4230124,0.056583937,79.999979
86.079918,-4367.4234,0.24015971,0.50631309,0.11223881,4.4114927,0.056827137,79.999979
86.089918,-4365.5009,0.24097727,0.50577626,0.11281969,4.384568,0.057058763,79.999979
86.099918,-4364.6533,0.24106833,0.50523943,0.11340056,4.3576434,0.057290389,79.999979
86.109918,-4364.3638,0.24116666,0.5047026,0.11398144,4.3307187,0.057522015,79.999979
86.119918,-4366.1411,0.24144118,0.50416577,0.11456231,4.303794,0.057753641,79.999979
86.129918,-4366.645,0.24189914,0.50362894,0.11514318,4.2768694,0.057985267,79.999979
86.139918,-4366.3507,0.24072161,0.5030921,0.11572406,4.2499447,0.058216892,79.999979
86.149918,-4366.6545,0.24088844,0.50255527,0.11630493,4.2230201,0.058448518,79.999979
86.159918,-4367.4298,0.24061224,0.50232328,0.11635349,4.2165413,0.058420972,79.999979
86.169918,-4367.8032,0.24027014,0.50239131,0.11577108,4.239828,0.05813836,79.999979
86.179918,-4369.3122,0.24121358,0.50245933,0.11518867,4.2631147,0.057855748,79.999979
86.189918,-4368.9851,0.24073565,0.50252735,0.11460626,4.2864015,0.057573137,79.999979
86.199918,-4366.0936,0.24092338,0.50259537,0.11402386,4.3096882,0.057290525,79.999979
86.209918,-4371.0101,0.24076997,0.50266339,0.11344145,4.3329749,0.057007913,79.999979
86.219918,-4369.2663,0.24076718,0.50273142,0.11285904,4.3562617,0.056725302,79.999979
86.229918,-4367.1735,0.24082889,0.50279944,0.11227663,4.3795484,0.05644269,79.999979
86.239918,-4367.3031,0.24089061,0.50286746,0.11169422,4.4028351,0.056160078,79.999979
86.249918,-4368.8526,0.2401936,0.50293548,0.11111181,4.4261219,0.055877466,79.999979
86.259918,-4371.2472,0.24025578,0.50300351,0.1105294,4.4494086,0.055594855,79.999979
86.269918,-4370.9285,0.24053125,0.50271589,0.11015506,4.4645121,0.055376714,79.999979
86.279918,-4369.8528,0.24138187,0.50179764,0.11014969,4.4563963,0.0552729,79.999979
86.289918,-4373.6769,0.2403936,0.50087938,0.11014431,4.4482805,0.055169085,79.999979
86.299918,-4375.9874,0.24050891,0.49996113,0.11013894,4.4401647,0.055065271,79.999979
86.309918,-4375.8788,0.24061099,0.49904288,0.11013356,4.4320489,0.054961456,79.999979
86.319918,-4377.1337,0.24073522,0.49812462,0.11012819,4.4239331,0.054857642,79.999979
86.329918,-4376.879,0.24069694,0.49720637,0.11012281,4.4158173,0.054753827,79.999979
86.339918,-4374.3319,0.24052811,0.49628811,0.11011744,4.4077015,0.054650012,79.999979
86.349918,-4376.5585,0.24031273,0.49536986,0.11011206,4.3995857,0.054546198,79.999979
86.359918,-4376.1981,0.23976295,0.49529235,0.11022389,4.3940421,0.054592969,79.999979
86.369918,-4376.2132,0.23976295,0.4952249,0.11033713,4.3888221,0.054641542,79.999979
86.379918,-4377.8118,0.24012163,0.49515745,0.11045036,4.383602,0.054690116,79.999979
86.389918,-4377.9501,0.24112812,0.49508999,0.11056359,4.378382,0.054738689,79.999979
86.399918,-4380.3102,0.24115752,0.49502254,0.11067683,4.3731619,0.054787262,79.999979
86.409918,-4378.1218,0.24013638,0.49495509,0.11079006,4.3679419,0.054835835,79.999979
86.419918,-4382.2731,0.24060987,0.49488764,0.11090329,4.3627218,0.054884409,79.999979
86.429918,-4382.5009,0.24113232,0.49482019,0.11101652,4.3575018,0.054932982,79.999979
86.439918,-4382.3345,0.24113524,0.49475274,0.11112976,4.3522817,0.054981555,79.999979
86.449918,-4381.1868,0.24112229,0.49468529,0.11124299,4.3470616,0.055030128,79.999979
86.459918,-4379.512,0.24107479,0.49461784,0.11135622,4.3418416,0.055078702,79.999979
86.469918,-4380.1736,0.24036506,0.49466379,0.11147569,4.3373943,0.055143177,79.999979
86.479918,-4382.1378,0.23967119,0.49548453,0.11163773,4.3382266,0.055316307,79.999979
86.489918,-4382.0671,0.24055596,0.49630526,0.11179978,4.3390589,0.055489437,79.999979
86.499918,-4381.1149,0.240937,0.497126,0.11196182,4.3398913,0.055662566,79.999979
86.509917,-4380.0405,0.24155658,0.49794674,0.11212387,4.3407236,0.055835696,79.999979
86.519917,-4382.5689,0.24037954,0.49876748,0.11228591,4.341556,0.056008825,79.999979
86.529917,-4383.7741,0.23947446,0.49958822,0.11244795,4.3423883,0.056181955,79.999979
86.539917,-4383.6101,0.24036991,0.50040896,0.11261,4.3432206,0.056355084,79.999979
86.549917,-4384.619,0.2404309,0.5012297,0.11277204,4.344053,0.056528214,79.999979
86.559917,-4383.5378,0.23996026,0.50205044,0.11293409,4.3448853,0.056701343,79.999979
86.569917,-4383.3264,0.23922359,0.50287118,0.11309613,4.3457176,0.056874473,79.999979
86.579917,-4383.8893,0.2397764,0.50369191,0.11325818,4.34655,0.057047603,79.999979
86.589917,-4385.6736,0.24128769,0.50401772,0.11351953,4.3399245,0.057223456,79.999979
86.599917,-4384.0547,0.24058783,0.50417543,0.11383599,4.3291612,0.057400235,79.999979
86.609917,-4385.4884,0.23998381,0.50433314,0.11415244,4.3183979,0.057577014,79.999979
86.619917,-4384.25,0.24039971,0.50449084,0.1144689,4.3076346,0.057753793,79.999979
86.629917,-4383.4851,0.24061853,0.50464855,0.11478536,4.2968713,0.057930573,79.999979
86.639917,-4386.4455,0.23952865,0.50480626,0.11510181,4.2861081,0.058107352,79.999979
86.649917,-4388.1068,0.23975993,0.50496396,0.11541827,4.2753448,0.058284131,79.999979
86.659917,-4386.5245,0.23989918,0.50512167,0.11573473,4.2645815,0.05846091,79.999979
86.669917,-4389.342,0.23963509,0.5051529,0.11581202,4.2619569,0.058503047,79.999979
86.679917,-4388.8751,0.23989521,0.5050055,0.11555155,4.2708266,0.058355026,79.999979
86.689917,-4387.5094,0.23995481,0.5048581,0.11529108,4.2796964,0.058207005,79.999979
86.699917,-4386.938,0.23955533,0.5047107,0.1150306,4.2885661,0.058058985,79.999979
86.709917,-4387.5814,0.24031682,0.5045633,0.11477013,4.2974359,0.057910964,79.999979
86.719917,-4389.9387,0.24010761,0.5044159,0.11450966,4.3063056,0.057762943,79.999979
86.729917,-4388.5341,0.24045256,0.5042685,0.11424919,4.3151754,0.057614923,79.999979
86.739917,-4389.4746,0.24058407,0.5041211,0.11398871,4.3240452,0.057466902,79.999979
86.749917,-4389.4746,0.24071557,0.5039737,0.11372824,4.3329149,0.057318881,79.999979
86.759917,-4389.4746,0.24084708,0.5038263,0.11346777,4.3417847,0.05717086,79.999979
86.769917,-4389.4746,0.24097858,0.5036789,0.11320729,4.3506544,0.05702284,79.999979
86.779917,-4389.3191,0.24099118,0.5035315,0.11294682,4.3595242,0.056874819,79.999979
86.789917,-4389.4786,0.24105373,0.5033841,0.11268635,4.3683939,0.056726798,79.999979
86.799917,-4390.4747,0.24110802,0.5032367,0.11242587,4.3772637,0.056578778,79.999979
86.809917,-4390.715,0.24077823,0.5030893,0.1121654,4.3861335,0.056430757,79.999979
86.819917,-4389.3048,0.24010763,0.5029419,0.11190493,4.3950032,0.056282736,79.999979
86.829917,-4390.4907,0.2402793,0.5027945,0.11164445,4.403873,0.056134716,79.999979
86.839917,-4390.6423,0.23991444,0.50272888,0.11151494,4.4082422,0.056085688,79.999979
86.849917,-4391.1094,0.24056599,0.50297159,0.11210684,4.387819,0.056409868,79.999979
86.859917,-4391.2367,0.24015871,0.5032143,0.11269875,4.3673957,0.056734048,79.999979
86.869917,-4390.6443,0.24051234,0.50345701,0.11329065,4.3469725,0.057058227,79.999979
86.879917,-4389.4301,0.24061517,0.50369972,0.11388256,4.3265493,0.057382407,79.999979
86.889917,-4389.2335,0.24029335,0.50394242,0.11447446,4.306126,0.057706587,79.999979
86.899917,-4391.4025,0.23980579,0.50418513,0.11506637,4.2857028,0.058030767,79.999979
86.909917,-4392.1548,0.23950053,0.50442784,0.11565828,4.2652795,0.058354947,79.999979
86.919917,-4393.6129,0.24001032,0.50467055,0.11625018,4.2448563,0.058679126,79.999979
86.929917,-4393.4803,0.23977344,0.50491326,0.11684209,4.224433,0.059003306,79.999979
86.939917,-4393.4803,0.23977344,0.50515597,0.11743399,4.2040098,0.059327486,79.999979
86.949917,-4391.2902,0.24015347,0.50539868,0.1180259,4.1835865,0.059651666,79.999979
86.959917,-4392.1966,0.24001459,0.50509602,0.11798111,4.18079,0.059593329,79.999979
86.969917,-4393.4522,0.24035898,0.50440253,0.11748003,4.1935991,0.059260862,79.999979
86.979917,-4392.4038,0.23946081,0.50370903,0.11697895,4.2064081,0.058928394,79.999979
86.989917,-4391.5811,0.24003691,0.50301554,0.11647787,4.2192171,0.058595926,79.999979
86.999917,-4390.941,0.24010655,0.50232205,0.1159768,4.2320261,0.058263458,79.999979
87.009917,-4390.9108,0.2399635,0.50162855,0.11547572,4.2448351,0.05793099,79.999979
87.019917,-4391.6976,0.24018777,0.50093506,0.11497464,4.2576442,0.057598522,79.999979
87.029917,-4391.6578,0.24000968,0.50024157,0.11447356,4.2704532,0.057266055,79.999979
87.039917,-4393.7101,0.23913943,0.49976965,0.11397698,4.2851321,0.056962804,79.999979
87.049917,-4392.0404,0.23984741,0.49965181,0.11348934,4.3035344,0.056706245,79.999979
87.059917,-4391.1048,0.24003256,0.49953398,0.11300171,4.3219368,0.056449686,79.999979
87.069917,-4390.9959,0.23980856,0.49941614,0.11251407,4.3403391,0.056193126,79.999979
87.079917,-4391.0374,0.24025342,0.49929831,0.11202643,4.3587415,0.055936567,79.999979
87.089917,-4393.6834,0.23941707,0.49918048,0.1115388,4.3771438,0.055680008,79.999979
87.099917,-4392.6787,0.23978865,0.49906264,0.11105116,4.3955462,0.055423448,79.999979
87.109917,-4391.5125,0.23918063,0.49894481,0.11056353,4.4139485,0.055166889,79.999979
87.119917,-4392.4519,0.2395726,0.49882697,0.11007589,4.4323509,0.05491033,79.999979
87.129917,-4394.1922,0.24011295,0.49870914,0.10958825,4.4507532,0.05465377,79.999979
87.139917,-4394.5685,0.24048556,0.49859131,0.10910062,4.4691555,0.054397211,79.999979
87.149917,-4392.1352,0.24000571,0.49851171,0.10867042,4.4875579,0.05417368,79.999979
87.159917,-4394.2923,0.23985572,0.49908409,0.10921942,4.4721672,0.054513212,79.999979
87.169917,-4391.8622,0.23954896,0.49965646,0.10976842,4.4551802,0.054852744,79.999979
87.179917,-4391.6341,0.23962345,0.50022883,0.11031742,4.4381931,0.055192277,79.999979
87.189917,-4392.2637,0.2399398,0.50080121,0.11086642,4.4212061,0.055531809,79.999979
87.199917,-4391.5398,0.23997851,0.50137358,0.11141542,4.404219,0.055871341,79.999979
87.209917,-4393.0874,0.2400618,0.50194595,0.11196442,4.387232,0.056210873,79.999979
87.219917,-4392.3122,0.24002844,0.50251833,0.11251342,4.3702449,0.056550405,79.999979
87.229917,-4393.6619,0.23955004,0.5030907,0.11306242,4.3532579,0.056889937,79.999979
87.239917,-4392.9113,0.23961042,0.50366307,0.11361142,4.3362708,0.057229469,79.999979
87.249917,-4392.1607,0.24005762,0.50423544,0.11416042,4.3192838,0.057569001,79.999979
87.259917,-4391.1346,0.24064229,0.50480782,0.11470942,4.3022967,0.057908534,79.999979
87.269917,-4392.5891,0.2401559,0.5046277,0.11513829,4.2840304,0.058101152,79.999979
87.279917,-4393.2852,0.23985812,0.50293549,0.11532575,4.2624582,0.057998552,79.999979
87.289917,-4391.3123,0.24033715,0.50124328,0.11551321,4.2408859,0.057895952,79.999979
87.299917,-4391.4894,0.24005772,0.49955106,0.11570068,4.2193137,0.057793352,79.999979
87.309917,-4391.5056,0.23997626,0.49785885,0.11588814,4.1977414,0.057690752,79.999979
87.319917,-4392.3701,0.2396479,0.49616664,0.1160756,4.1761692,0.057588152,79.999979
87.329917,-4393.6047,0.23994451,0.49447442,0.11626306,4.154597,0.057485552,79.999979
87.339917,-4389.8265,0.24004456,0.49278221,0.11645052,4.1330247,0.057382952,79.999979
87.349917,-4392.8208,0.23905664,0.49179978,0.11654955,4.1187391,0.057318328,79.999979
87.359917,-4393.0352,0.23928859,0.49320318,0.11635135,4.1382674,0.057381351,79.999979
87.369917,-4392.6325,0.23960287,0.49460658,0.11615315,4.1577958,0.057444374,79.999979
87.379917,-4393.5755,0.2402161,0.49600998,0.11595494,4.1773241,0.057507397,79.999979
87.389917,-4391.3869,0.23994472,0.49741338,0.11575674,4.1968524,0.05757042,79.999979
87.399917,-4391.7386,0.24032968,0.49881677,0.11555854,4.2163807,0.057633443,79.999979
87.409917,-4391.6064,0.24036358,0.50022017,0.11536033,4.235909,0.057696466,79.999979
87.419917,-4391.207,0.23949021,0.50162357,0.11516213,4.2554373,0.057759489,79.999979
87.429917,-4390.9029,0.24011201,0.50302697,0.11496393,4.2749656,0.057822512,79.999979
87.439917,-4390.9029,0.24076777,0.50443037,0.11476572,4.2944939,0.057885534,79.999979
87.449917,-4392.9593,0.24086668,0.50583377,0.11456752,4.3140222,0.057948557,79.999979
87.459917,-4391.2143,0.24091904,0.50723716,0.11436932,4.3335505,0.05801158,79.999979
87.469917,-4391.6864,0.24027523,0.50729871,0.11445195,4.333299,0.058070681,79.999979
87.479917,-4393.0082,0.2399195,0.50690788,0.11465744,4.322088,0.05812846,79.999979
87.489917,-4393.0082,0.2399195,0.50651706,0.11486293,4.3108769,0.058186239,79.999979
87.499917,-4392.158,0.24023892,0.50612623,0.11506842,4.2996659,0.058244018,79.999979
87.509917,-4389.8787,0.24006794,0.5057354,0.1152739,4.2884548,0.058301796,79.999979
87.519917,-4390.1797,0.23983128,0.50534458,0.11547939,4.2772438,0.058359575,79.999979
87.529917,-4390.0833,0.24017487,0.50495375,0.11568488,4.2660327,0.058417354,79.999979
87.539917,-4391.2149,0.24013499,0.50456292,0.11589037,4.2548217,0.058475133,79.999979
87.549917,-4391.0976,0.24057553,0.50417209,0.11609585,4.2436106,0.058532912,79.999979
87.559916,-4392.1124,0.24048712,0.50378127,0.11630134,4.2323995,0.05859069,79.999979
87.569916,-4390.4971,0.23988503,0.50339044,0.11650683,4.2211885,0.058648469,79.999979
87.579916,-4391.0958,0.24009275,0.50272694,0.11652044,4.215321,0.058553933,79.999979
87.589916,-4391.9958,0.23963312,0.50174534,0.11619537,4.2188852,0.058281709,79.999979
87.599916,-4389.9215,0.23926402,0.50076373,0.1158703,4.2224493,0.058009485,79.999979
87.609916,-4389.0086,0.23974861,0.49978213,0.11554523,4.2260135,0.057737261,79.999979
87.619916,-4390.8226,0.23981283,0.49880053,0.11522017,4.2295776,0.057465037,79.999979
87.629916,-4390.981,0.2404598,0.49781893,0.1148951,4.2331418,0.057192813,79.999979
87.639916,-4392.4949,0.23991207,0.49683733,0.11457003,4.2367059,0.056920588,79.999979
87.649916,-4390.9482,0.24032549,0.49585572,0.11424496,4.2402701,0.056648364,79.999979
87.659916,-4391.5422,0.24060105,0.49543094,0.11398128,4.2459033,0.056469597,79.999979
87.669916,-4391.3668,0.24029512,0.49673745,0.11390848,4.2603083,0.056581411,79.999979
87.679916,-4392.027,0.2401224,0.49804395,0.11383568,4.2747133,0.056693225,79.999979
87.689916,-4392.5193,0.24094324,0.49935046,0.11376287,4.2891183,0.056805038,79.999979
87.699916,-4390.3023,0.24033429,0.50065696,0.11369007,4.3035233,0.056916852,79.999979
87.709916,-4393.868,0.23976793,0.50196346,0.11361726,4.3179284,0.057028665,79.999979
87.719916,-4389.4794,0.23994813,0.50326997,0.11354446,4.3323334,0.057140479,79.999979
87.729916,-4393.0566,0.23999545,0.50457647,0.11347166,4.3467384,0.057252293,79.999979
87.739916,-4393.5492,0.23986826,0.50588298,0.11339885,4.3611434,0.057364106,79.999979
87.749916,-4393.6705,0.23974106,0.50718948,0.11332605,4.3755485,0.05747592,79.999979
87.759916,-4391.8986,0.24022047,0.50849598,0.11325325,4.3899535,0.057587734,79.999979
87.769916,-4391.9104,0.23974941,0.50980249,0.11318044,4.4043585,0.057699547,79.999979
87.779916,-4394.7465,0.24038673,0.5096529,0.11317215,4.4033736,0.057678516,79.999979
87.789916,-4391.7162,0.24062189,0.5093123,0.11317233,4.40037,0.057640057,79.999979
87.799916,-4392.1685,0.24051259,0.50897169,0.1131725,4.3973663,0.057601599,79.999979
87.809916,-4391.8942,0.23959434,0.50863109,0.11317268,4.3943626,0.057563141,79.999979
87.819916,-4392.0043,0.24007583,0.50829049,0.11317285,4.3913589,0.057524683,79.999979
87.829916,-4391.9866,0.24020751,0.50794989,0.11317303,4.3883552,0.057486224,79.999979
87.839916,-4391.2946,0.23947258,0.50760929,0.1131732,4.3853515,0.057447766,79.999979
87.849916,-4393.4361,0.24045534,0.50726869,0.11317337,4.3823478,0.057409308,79.999979
87.859916,-4393.4361,0.24003871,0.50692809,0.11317355,4.3793441,0.05737085,79.999979
87.869916,-4393.4361,0.24003871,0.50658749,0.11317372,4.3763404,0.057332391,79.999979
87.879916,-4393.2769,0.24038442,0.50624689,0.1131739,4.3733368,0.057293933,79.999979
87.889916,-4388.9093,0.24005143,0.50583676,0.11326166,4.366433,0.057296955,79.999979
87.899916,-4395.4419,0.23970969,0.5053479,0.11347283,4.3540345,0.057346955,79.999979
87.909916,-4390.2087,0.24090003,0.50485904,0.11368399,4.3416361,0.057396955,79.999979
87.919916,-4389.5105,0.24010269,0.50437018,0.11389516,4.3292377,0.057446954,79.999979
87.929916,-4392.2731,0.23968681,0.50388131,0.11410633,4.3168392,0.057496954,79.999979
87.939916,-4393.0084,0.24062542,0.50339245,0.11431749,4.3044408,0.057546954,79.999979
87.949916,-4394.0227,0.24002881,0.50290359,0.11452866,4.2920424,0.057596954,79.999979
87.959916,-4393.5894,0.24085986,0.50241473,0.11473983,4.2796439,0.057646954,79.999979
87.969916,-4392.2629,0.23955081,0.50232234,0.11469616,4.2788233,0.057600537,79.999979
87.979916,-4393.6196,0.23984179,0.50261146,0.11435253,4.2948981,0.057461344,79.999979
87.989916,-4392.9867,0.23977492,0.50290057,0.1140089,4.3109728,0.057322151,79.999979
87.999916,-4393.5447,0.23935738,0.50318969,0.11366527,4.3270475,0.057182957,79.999979
88.009916,-4393.1488,0.24003477,0.5034788,0.11332163,4.3431222,0.057043764,79.999979
88.019916,-4394.6252,0.24032849,0.50376792,0.112978,4.3591969,0.056904571,79.999979
88.029916,-4395.7262,0.23932681,0.50405704,0.11263437,4.3752716,0.056765377,79.999979
88.039916,-4394.3479,0.24082168,0.50434615,0.11229074,4.3913463,0.056626184,79.999979
88.049916,-4393.3712,0.24071789,0.50463527,0.1119471,4.407421,0.056486991,79.999979
88.059916,-4394.6904,0.24022417,0.50492438,0.11160347,4.4234957,0.056347797,79.999979
88.069916,-4394.0064,0.24087496,0.5052135,0.11125984,4.4395704,0.056208604,79.999979
88.079916,-4395.3186,0.23939039,0.50483646,0.11155723,4.4328841,0.056313048,79.999979
88.089916,-4394.3045,0.23998491,0.50348809,0.11278931,4.3748216,0.056772746,79.999979
88.099916,-4395.4274,0.23993127,0.50213971,0.11402138,4.316759,0.057232443,79.999979
88.109916,-4396.788,0.23991221,0.50079134,0.11525346,4.2586965,0.057692141,79.999979
88.119916,-4396.8811,0.2394792,0.49944296,0.11648554,4.2006339,0.058151839,79.999979
88.129916,-4397.5856,0.23980339,0.49809459,0.11771762,4.1425714,0.058611536,79.999979
88.139916,-4396.0123,0.23988005,0.49674621,0.1189497,4.0845089,0.059071234,79.999979
88.149916,-4399.1337,0.23982371,0.49539784,0.12018178,4.0264463,0.059530932,79.999979
88.159916,-4396.7046,0.23930367,0.49466767,0.12076619,3.996531,0.059648873,79.999979
88.169916,-4397.8405,0.23944486,0.49471665,0.12010667,4.0206758,0.059336083,79.999979
88.179916,-4397.8903,0.2394502,0.49476563,0.11944716,4.0448206,0.059023293,79.999979
88.189916,-4396.0679,0.23940821,0.49481461,0.11878765,4.0689654,0.058710503,79.999979
88.199916,-4397.0254,0.23929672,0.49486359,0.11812813,4.0931102,0.058397714,79.999979
88.209916,-4396.5058,0.23994409,0.49491258,0.11746862,4.117255,0.058084924,79.999979
88.219916,-4398.626,0.24027598,0.49496156,0.11680911,4.1413997,0.057772134,79.999979
88.229916,-4399.5423,0.2397843,0.49501054,0.11614959,4.1655445,0.057459344,79.999979
88.239916,-4399.7253,0.23978673,0.49505952,0.11549008,4.1896893,0.057146554,79.999979
88.249916,-4399.9082,0.24060652,0.4951085,0.11483057,4.2138341,0.056833764,79.999979
88.259916,-4396.8874,0.24031183,0.49515748,0.11417105,4.2379789,0.056520974,79.999979
88.269916,-4399.0499,0.23979004,0.49520646,0.11351154,4.2621237,0.056208184,79.999979
88.279916,-4399.1831,0.23955923,0.49537232,0.11340312,4.2688196,0.056177237,79.999979
88.289916,-4398.8109,0.24004812,0.49562257,0.11369265,4.2600542,0.056349802,79.999979
88.299916,-4399.7278,0.24002788,0.49587282,0.11398217,4.2512888,0.056522368,79.999979
88.309916,-4399.7278,0.2398963,0.49612307,0.1142717,4.2425233,0.056694934,79.999979
88.319916,-4399.8674,0.23938482,0.49637332,0.11456122,4.2337579,0.056867499,79.999979
88.329916,-4399.5576,0.24000683,0.49662357,0.11485074,4.2249925,0.057040065,79.999979
88.339916,-4400.2269,0.24022864,0.49687382,0.11514027,4.2162271,0.05721263,79.999979
88.349916,-4399.6877,0.24006437,0.49712407,0.11542979,4.2074616,0.057385196,79.999979
88.359916,-4398.3914,0.24009468,0.49737432,0.11571931,4.1986962,0.057557761,79.999979
88.369916,-4397.9972,0.23962867,0.49762457,0.11600884,4.1899308,0.057730327,79.999979
88.379916,-4400.1319,0.23938283,0.49787482,0.11629836,4.1811654,0.057902892,79.999979
88.389916,-4401.0428,0.23965194,0.49812507,0.11658788,4.1724,0.058075458,79.999979
88.399916,-4398.2833,0.23933064,0.49884191,0.11675538,4.1718761,0.058236141,79.999979
88.409916,-4398.7089,0.23959463,0.49962948,0.11688605,4.1738394,0.058395023,79.999979
88.419916,-4399.7677,0.23959463,0.50041704,0.11701672,4.1758026,0.058553906,79.999979
88.429916,-4400.4301,0.23953751,0.50120461,0.11714739,4.1777658,0.058712788,79.999979
88.439916,-4400.7796,0.23969216,0.50199217,0.11727806,4.179729,0.058871671,79.999979
88.449916,-4398.5892,0.2397106,0.50277973,0.11740872,4.1816923,0.059030553,79.999979
88.459916,-4399.8821,0.24002935,0.5035673,0.11753939,4.1836555,0.059189435,79.999979
88.469916,-4401.8211,0.24029584,0.50435486,0.11767006,4.1856187,0.059348318,79.999979
88.479916,-4401.8211,0.24024458,0.50514242,0.11780073,4.1875819,0.0595072,79.999979
88.489916,-4401.3942,0.24018886,0.50592999,0.1179314,4.1895452,0.059666083,79.999979
88.499916,-4400.9254,0.24014755,0.50671755,0.11806207,4.1915084,0.059824965,79.999979
88.509916,-4398.4817,0.24016826,0.50750511,0.11819274,4.1934716,0.059983847,79.999979
88.519916,-4399.1071,0.23914979,0.50821953,0.11820695,4.1993021,0.060060917,79.999979
88.529916,-4400.4706,0.2397057,0.50874366,0.11782018,4.2184479,0.059925154,79.999979
88.539916,-4398.4201,0.238578,0.50926779,0.11743341,4.2375936,0.05978939,79.999979
88.549916,-4398.7709,0.23872343,0.50979192,0.11704664,4.2567394,0.059653626,79.999979
88.559916,-4400.1481,0.23872343,0.51031605,0.11665987,4.2758851,0.059517862,79.999979
88.569916,-4399.9661,0.24001503,0.51084017,0.1162731,4.2950309,0.059382098,79.999979
88.579916,-4400.4425,0.23942295,0.5113643,0.11588633,4.3141767,0.059246334,79.999979
88.589916,-4399.4062,0.24023684,0.51188843,0.11549956,4.3333224,0.05911057,79.999979
88.599916,-4399.2708,0.23983495,0.51241256,0.11511279,4.3524682,0.058974806,79.999979
88.609915,-4398.4573,0.24016976,0.51293669,0.11472602,4.371614,0.058839042,79.999979
88.619915,-4399.3789,0.23991325,0.51346082,0.11433925,4.3907597,0.058703279,79.999979
88.629915,-4401.1923,0.23979912,0.51398495,0.11395248,4.4099055,0.058567515,79.999979
88.639915,-4399.6088,0.2398401,0.51429204,0.11364735,4.4251267,0.058448008,79.999979
88.649915,-4399.9207,0.24002159,0.51413532,0.11351668,4.4290352,0.058363244,79.999979
88.659915,-4400.6763,0.23982647,0.5139786,0.11338602,4.4329437,0.058278479,79.999979
88.669915,-4400.6785,0.23934479,0.51382188,0.11325536,4.4368522,0.058193715,79.999979
88.679915,-4400.378,0.23934119,0.51366516,0.11312469,4.4407608,0.058108951,79.999979
88.689915,-4399.2662,0.2393376,0.51350844,0.11299403,4.4446693,0.058024187,79.999979
88.699915,-4399.0619,0.23900978,0.51335173,0.11286336,4.4485778,0.057939423,79.999979
88.709915,-4402.5389,0.24023003,0.51319501,0.1127327,4.4524863,0.057854658,79.999979
88.719915,-4401.459,0.2399387,0.51303829,0.11260203,4.4563948,0.057769894,79.999979
88.729915,-4401.928,0.23981767,0.51288157,0.11247137,4.4603033,0.05768513,79.999979
88.739915,-4402.261,0.23969663,0.51272485,0.1123407,4.4642118,0.057600366,79.999979
88.749915,-4402.261,0.2395756,0.51256813,0.11221004,4.4681204,0.057515602,79.999979
88.759915,-4399.8573,0.239537,0.51241141,0.11207937,4.4720289,0.057430837,79.999979
88.769915,-4401.5037,0.23918693,0.51096571,0.11243945,4.4492129,0.057484253,79.999979
88.779915,-4402.3739,0.23911538,0.50883456,0.11319579,4.404817,0.057611149,79.999979
88.789915,-4400.7235,0.23936029,0.50670342,0.11395214,4.360421,0.057738046,79.999979
88.799915,-4401.4424,0.23939436,0.50457227,0.11470848,4.3160251,0.057864942,79.999979
88.809915,-4402.2105,0.23940496,0.50244113,0.11546483,4.2716291,0.057991838,79.999979
88.819915,-4403.2856,0.2396885,0.50030998,0.11622118,4.2272332,0.058118734,79.999979
88.829915,-4402.9624,0.23939543,0.49817884,0.11697752,4.1828373,0.05824563,79.999979
88.839915,-4404.087,0.23969719,0.49604769,0.11773387,4.1384413,0.058372527,79.999979
88.849915,-4404.0138,0.2389906,0.49391655,0.11849021,4.0940454,0.058499423,79.999979
88.859915,-4403.7106,0.23913553,0.4917854,0.11924656,4.0496494,0.058626319,79.999979
88.869915,-4403.4073,0.23877275,0.48965426,0.1200029,4.0052535,0.058753215,79.999979
88.879915,-4404.1971,0.23860599,0.48992932,0.11987512,3.9608576,0.058661666,79.999979
88.889915,-4402.979,0.23952687,0.49272945,0.11858179,4.0275174,0.058340881,79.999979
88.899915,-4403.8821,0.2390168,0.49552957,0.11728846,4.105588,0.058020095,79.999979
88.909915,-4405.9989,0.23970735,0.4983297,0.11599512,4.1836586,0.05769931,79.999979
88.919915,-4403.3799,0.2399249,0.50112983,0.11470179,4.2617292,0.057378525,79.999979
88.929915,-4403.6988,0.2404425,0.50392996,0.11340846,4.3397998,0.057057739,79.999979
88.939915,-4404.0375,0.23978741,0.50673009,0.11211512,4.4178704,0.056736954,79.999979
88.949915,-4404.3235,0.2399144,0.50953022,0.11082179,4.495941,0.056416169,79.999979
88.959915,-4404.5398,0.23924757,0.51233035,0.10952846,4.5740116,0.056095384,79.999979
88.969915,-4404.5019,0.2393566,0.51255154,0.10914162,4.602687,0.05598387,79.999979
88.979915,-4406.0016,0.24037053,0.50994433,0.10997654,4.5483077,0.056101872,79.999979
88.989915,-4405.5332,0.2402134,0.50733713,0.11081145,4.4939283,0.056219874,79.999979
88.999915,-4404.3918,0.24013241,0.50472992,0.11164637,4.4395489,0.056337876,79.999979
89.009915,-4404.6118,0.2398873,0.50212272,0.11248128,4.3851695,0.056455878,79.999979
89.019915,-4405.222,0.24036888,0.49951551,0.1133162,4.3307901,0.05657388,79.999979
89.029915,-4403.5547,0.23924819,0.49690831,0.11415111,4.2764107,0.056691882,79.999979
89.039915,-4404.6656,0.23942814,0.4943011,0.11498603,4.2220313,0.056809884,79.999979
89.049915,-4404.06,0.24047054,0.4916939,0.11582095,4.167652,0.056927886,79.999979
89.059915,-4405.5547,0.2400403,0.48908669,0.11665586,4.1132726,0.057045888,79.999979
89.069915,-4405.0857,0.23948881,0.48817774,0.11749078,4.0588932,0.057158049,79.999979
89.079915,-4405.7608,0.24005645,0.48973772,0.11753152,4.0579699,0.057261717,79.999979
89.089915,-4404.3345,0.23932176,0.4912977,0.11729645,4.0810622,0.057365384,79.999979
89.099915,-4405.9133,0.23891684,0.49285768,0.11706137,4.1041545,0.057469052,79.999979
89.109915,-4405.9455,0.23965668,0.49441766,0.1168263,4.1272468,0.05757272,79.999979
89.119915,-4405.7893,0.23969387,0.49597764,0.11659123,4.1503391,0.057676388,79.999979
89.129915,-4406.5709,0.23987046,0.49753762,0.11635615,4.1734314,0.057780056,79.999979
89.139915,-4405.543,0.23944972,0.4990976,0.11612108,4.1965237,0.057883724,79.999979
89.149915,-4403.3531,0.24005359,0.50065758,0.115886,4.219616,0.057987392,79.999979
89.159915,-4405.3511,0.23968264,0.50196964,0.115671,4.239666,0.058063174,79.999979
89.169915,-4406.1702,0.23982831,0.50241044,0.11552653,4.2490245,0.058040955,79.999979
89.179915,-4406.1695,0.23979625,0.50285124,0.11538206,4.2583829,0.058018736,79.999979
89.189915,-4406.0973,0.23994743,0.50329204,0.11523759,4.2677414,0.057996516,79.999979
89.199915,-4403.6064,0.23971388,0.50373284,0.11509312,4.2770998,0.057974297,79.999979
89.209915,-4403.4762,0.23906625,0.50417364,0.11494865,4.2864583,0.057952078,79.999979
89.219915,-4403.8701,0.23959698,0.50461444,0.11480417,4.2958167,0.057929859,79.999979
89.229915,-4404.374,0.23961083,0.50505524,0.1146597,4.3051752,0.057907639,79.999979
89.239915,-4404.897,0.23933558,0.50549604,0.11451523,4.3145336,0.05788542,79.999979
89.249915,-4405.0014,0.23944741,0.50593684,0.11437076,4.3238921,0.057863201,79.999979
89.259915,-4405.053,0.23998662,0.50637764,0.11422629,4.3332505,0.057840981,79.999979
89.269915,-4403.7182,0.23985078,0.50681844,0.11408182,4.342609,0.057818762,79.999979
89.279915,-4404.7297,0.24044551,0.50658445,0.11396281,4.3451778,0.057731982,79.999979
89.289915,-4403.5398,0.23962059,0.50634185,0.11384412,4.3476599,0.057644376,79.999979
89.299915,-4404.3388,0.23946329,0.50609924,0.11372543,4.3501421,0.057556771,79.999979
89.309915,-4404.1633,0.23950954,0.50585664,0.11360674,4.3526242,0.057469166,79.999979
89.319915,-4404.8436,0.2397732,0.50561403,0.11348805,4.3551063,0.057381561,79.999979
89.329915,-4402.4064,0.23851996,0.50537143,0.11336936,4.3575885,0.057293955,79.999979
89.339915,-4402.3229,0.2397959,0.50512882,0.11325067,4.3600706,0.05720635,79.999979
89.349915,-4401.4104,0.23920428,0.50486339,0.11318399,4.3618878,0.057142284,79.999979
89.359915,-4399.0388,0.23949885,0.5044616,0.11342799,4.3490469,0.057218843,79.999979
89.369915,-4399.2447,0.23949778,0.50405981,0.11367199,4.3362061,0.057295402,79.999979
89.379915,-4400.6308,0.23947311,0.50365802,0.11391598,4.3233652,0.057371962,79.999979
89.389915,-4401.4163,0.23947842,0.50325623,0.11415998,4.3105243,0.057448521,79.999979
89.399915,-4400.827,0.23933634,0.50285445,0.11440398,4.2976835,0.05752508,79.999979
89.409915,-4400.5252,0.24041091,0.50245266,0.11464798,4.2848426,0.057601639,79.999979
89.419915,-4398.7554,0.24010873,0.50205087,0.11489198,4.2720017,0.057678199,79.999979
89.429915,-4399.3823,0.24010625,0.50164908,0.11513598,4.2591609,0.057754758,79.999979
89.439915,-4400.0006,0.24010376,0.50124729,0.11537998,4.24632,0.057831317,79.999979
89.449915,-4400.6087,0.24010128,0.5008455,0.11562398,4.2334791,0.057907877,79.999979
89.459915,-4400.2881,0.24026383,0.50044371,0.11586798,4.2206383,0.057984436,79.999979
89.469915,-4400.8147,0.24025275,0.50021542,0.11611004,4.2080025,0.058080372,79.999979
89.479915,-4398.9813,0.23928156,0.50132654,0.1163371,4.209127,0.058325899,79.999979
89.489915,-4399.8779,0.23979253,0.50243766,0.11656417,4.2102515,0.058571426,79.999979
89.499915,-4399.0549,0.23948131,0.50354878,0.11679123,4.2113759,0.058816953,79.999979
89.509915,-4397.6667,0.23948131,0.5046599,0.11701829,4.2125004,0.059062481,79.999979
89.519915,-4398.8236,0.23955627,0.50577102,0.11724536,4.2136249,0.059308008,79.999979
89.529915,-4400.968,0.2397187,0.50688213,0.11747242,4.2147494,0.059553535,79.999979
89.539915,-4401.7166,0.23985,0.50799325,0.11769948,4.2158738,0.059799062,79.999979
89.549915,-4400.2464,0.23925422,0.50910437,0.11792655,4.2169983,0.060044589,79.999979
89.559915,-4400.1778,0.23904595,0.51021549,0.11815361,4.2181228,0.060290116,79.999979
89.569915,-4400.1778,0.23904595,0.51132661,0.11838067,4.2192473,0.060535643,79.999979
89.579915,-4401.1633,0.23996547,0.51243773,0.11860774,4.2203717,0.06078117,79.999979
89.589915,-4397.4849,0.23969645,0.51295563,0.11869886,4.2214557,0.060888333,79.999979
89.599915,-4400.0693,0.23988521,0.51173639,0.11839192,4.2223794,0.060590317,79.999979
89.609915,-4399.3583,0.23955607,0.51051714,0.11808498,4.2233032,0.060292302,79.999979
89.619915,-4398.9005,0.23898845,0.5092979,0.11777804,4.2242269,0.059994286,79.999979
89.629915,-4399.8345,0.23961901,0.50807866,0.1174711,4.2251506,0.05969627,79.999979
89.639915,-4398.7938,0.24011652,0.50685942,0.11716415,4.2260744,0.059398255,79.999979
89.649915,-4400.7679,0.24025024,0.50564017,0.11685721,4.2269981,0.059100239,79.999979
89.659914,-4398.6094,0.2390422,0.50442093,0.11655027,4.2279219,0.058802224,79.999979
89.669914,-4399.7298,0.23885087,0.50320169,0.11624333,4.2288456,0.058504208,79.999979
89.679914,-4399.7298,0.23885686,0.50198245,0.11593638,4.2297694,0.058206192,79.999979
89.689914,-4399.7298,0.23938506,0.5007632,0.11562944,4.2306931,0.057908177,79.999979
89.699914,-4399.4209,0.2392438,0.49954396,0.1153225,4.2316169,0.057610161,79.999979
89.709914,-4398.8347,0.2398424,0.50002496,0.1153487,4.2344064,0.057678752,79.999979
89.719914,-4399.5601,0.24007488,0.50144891,0.11555965,4.2387657,0.057950662,79.999979
89.729914,-4397.0986,0.23925124,0.50287286,0.1157706,4.2431251,0.058222572,79.999979
89.739914,-4398.6794,0.24002244,0.50429681,0.11598155,4.2474845,0.058494482,79.999979
89.749914,-4399.138,0.24013384,0.50572076,0.1161925,4.2518439,0.058766392,79.999979
89.759914,-4399.4386,0.24012811,0.50714471,0.11640345,4.2562033,0.059038302,79.999979
89.769914,-4398.5362,0.23923065,0.50856867,0.1166144,4.2605627,0.059310211,79.999979
89.779914,-4400.8789,0.23925782,0.50999262,0.11682535,4.2649221,0.059582121,79.999979
89.789914,-4401.1807,0.23981472,0.51114801,0.11706468,4.2691238,0.059836759,79.999979
89.799914,-4398.8075,0.23974591,0.51003217,0.11754393,4.242876,0.059945323,79.999979
89.809914,-4397.958,0.23959253,0.50891633,0.11802318,4.2166282,0.060053886,79.999979
89.819914,-4398.2141,0.23964186,0.50780049,0.11850244,4.1903803,0.06016245,79.999979
89.829914,-4399.4309,0.23998193,0.50668465,0.11898169,4.1641325,0.060271013,79.999979
89.839914,-4399.8527,0.23961139,0.50556881,0.11946095,4.1378847,0.060379577,79.999979
89.849914,-4400.2387,0.23868219,0.50445297,0.1199402,4.1116368,0.060488141,79.999979
89.859914,-4400.848,0.23943099,0.50333713,0.12041946,4.085389,0.060596704,79.999979
89.869914,-4401.2963,0.2393444,0.50222129,0.12089871,4.0591412,0.060705268,79.999979
89.879914,-4401.7763,0.23919523,0.50110545,0.12137796,4.0328933,0.060813831,79.999979
89.889914,-4398.402,0.23978882,0.49998961,0.12185722,4.0066455,0.060922395,79.999979
89.899914,-4400.1216,0.23845757,0.49898913,0.12224927,3.9803976,0.061000901,79.999979
89.909914,-4401.3402,0.23944101,0.49923937,0.12169593,4.0016433,0.060753536,79.999979
89.919914,-4401.1508,0.24006794,0.4994896,0.12114259,4.0236401,0.060506171,79.999979
89.929914,-4401.6214,0.23986242,0.49973984,0.12058925,4.0456369,0.060258806,79.999979
89.939914,-4402.0919,0.2396569,0.49999007,0.12003591,4.0676337,0.060011442,79.999979
89.949914,-4402.5625,0.23945138,0.50024031,0.11948257,4.0896305,0.059764077,79.999979
89.959914,-4401.7679,0.23947391,0.50049054,0.11892923,4.1116273,0.059516712,79.999979
89.969914,-4400.2098,0.23982692,0.50074078,0.11837589,4.1336241,0.059269347,79.999979
89.979914,-4400.0431,0.23999072,0.50099101,0.11782255,4.1556209,0.059021982,79.999979
89.989914,-4400.9142,0.2401041,0.50124125,0.11726921,4.1776177,0.058774617,79.999979
89.999914,-4401.779,0.2401894,0.50149148,0.11671587,4.1996145,0.058527252,79.999979
90.009914,-4400.4019,0.23993999,0.50174172,0.11616253,4.2216113,0.058279887,79.999979
90.019914,-4401.5418,0.23907663,0.50199195,0.11560919,4.2436081,0.058032523,79.999979
90.029914,-4401.0677,0.24080685,0.50224219,0.11505585,4.2656049,0.057785158,79.999979
90.039914,-4400.0601,0.24048716,0.50248475,0.11476818,4.2780533,0.057695172,79.999979
90.049914,-4399.7293,0.24048995,0.50272196,0.11475833,4.2805171,0.057714944,79.999979
90.059914,-4401.0405,0.24039861,0.50295917,0.11474847,4.2829808,0.057734716,79.999979
90.069914,-4402.5241,0.23995579,0.50319638,0.11473861,4.2854445,0.057754488,79.999979
90.079914,-4401.1921,0.24000531,0.50343359,0.11472876,4.2879082,0.057774259,79.999979
90.089914,-4400.9401,0.23919408,0.5036708,0.1147189,4.2903719,0.057794031,79.999979
90.099914,-4400.317,0.24018444,0.50390801,0.11470904,4.2928357,0.057813803,79.999979
90.109914,-4400.1396,0.24038466,0.50414522,0.11469919,4.2952994,0.057833575,79.999979
90.119914,-4400.4993,0.23983713,0.50438243,0.11468933,4.2977631,0.057853347,79.999979
90.129914,-4399.9606,0.23916012,0.50461964,0.11467947,4.3002268,0.057873119,79.999979
90.139914,-4401.6546,0.23900392,0.50485685,0.11466962,4.3026905,0.057892891,79.999979
90.149914,-4401.7333,0.23930592,0.50472143,0.11449873,4.3081629,0.057790533,79.999979
90.159914,-4401.6279,0.23916448,0.50425744,0.11418584,4.3162883,0.057580485,79.999979
90.169914,-4400.2648,0.23979429,0.50379345,0.11387295,4.3244137,0.057370436,79.999979
90.179914,-4399.106,0.23985301,0.50332947,0.11356007,4.3325391,0.057160387,79.999979
90.189914,-4399.1142,0.24016617,0.50286548,0.11324718,4.3406645,0.056950338,79.999979
90.199914,-4400.939,0.23986956,0.50240149,0.11293429,4.3487899,0.05674029,79.999979
90.209914,-4400.6744,0.2403387,0.5019375,0.11262141,4.3569153,0.056530241,79.999979
90.219914,-4402.4582,0.23892589,0.50147351,0.11230852,4.3650406,0.056320192,79.999979
90.229914,-4402.2489,0.23921572,0.50230306,0.11235635,4.3697852,0.056457248,79.999979
90.239914,-4403.4637,0.23942021,0.50401781,0.11270985,4.3709997,0.056831836,79.999979
90.249914,-4403.551,0.23943239,0.50573255,0.11306335,4.3722142,0.057206423,79.999979
90.259914,-4404.1895,0.23941246,0.50744729,0.11341685,4.3734287,0.057581011,79.999979
90.269914,-4400.2211,0.23984127,0.50916204,0.11377035,4.3746432,0.057955598,79.999979
90.279914,-4402.3012,0.24019878,0.51087678,0.11412385,4.3758578,0.058330186,79.999979
90.289914,-4403.1321,0.24011086,0.51259153,0.11447735,4.3770723,0.058704773,79.999979
90.299914,-4401.8892,0.23927492,0.51430627,0.11483085,4.3782868,0.059079361,79.999979
90.309914,-4401.347,0.23922133,0.51602102,0.11518435,4.3795013,0.059453948,79.999979
90.319914,-4401.515,0.23947675,0.51773576,0.11553785,4.3807158,0.059828536,79.999979
90.329914,-4404.1652,0.23923711,0.51945051,0.11589135,4.3819304,0.060203123,79.999979
90.339914,-4405.0079,0.23934037,0.51816387,0.11568144,4.3816795,0.059952238,79.999979
90.349914,-4402.6874,0.24016867,0.51477412,0.11507674,4.3792085,0.059263075,79.999979
90.359914,-4404.959,0.23984556,0.51138437,0.11447204,4.3767374,0.058573913,79.999979
90.369914,-4404.7582,0.23971528,0.50799463,0.11386734,4.3742664,0.05788475,79.999979
90.379914,-4405.4263,0.23963227,0.50460488,0.11326264,4.3717953,0.057195587,79.999979
90.389914,-4406.4601,0.24015912,0.50121513,0.11265794,4.3693243,0.056506425,79.999979
90.399914,-4405.7697,0.24008407,0.49782538,0.11205323,4.3668532,0.055817262,79.999979
90.409914,-4406.9126,0.24036108,0.49443564,0.11144853,4.3643822,0.055128099,79.999979
90.419914,-4406.6719,0.23998595,0.49104589,0.11084383,4.3619111,0.054438937,79.999979
90.429914,-4405.4863,0.23963077,0.48950118,0.11023913,4.35944,0.054140718,79.999979
90.439914,-4404.3391,0.23927559,0.49013379,0.10983168,4.356969,0.054303852,79.999979
90.449914,-4406.7194,0.23929659,0.4907664,0.11013355,4.351467,0.054466987,79.999979
90.459914,-4407.3868,0.23977184,0.49139901,0.11043542,4.3458251,0.054630122,79.999979
90.469914,-4408.4237,0.23948167,0.49203162,0.11073728,4.3401832,0.054793256,79.999979
90.479914,-4406.091,0.23938955,0.49266423,0.11103915,4.3345413,0.054956391,79.999979
90.489914,-4407.8042,0.23890833,0.49329685,0.11134102,4.3288994,0.055119526,79.999979
90.499914,-4408.1823,0.23905246,0.49392946,0.11164289,4.3232575,0.05528266,79.999979
90.509914,-4409.4856,0.23965289,0.49456207,0.11194476,4.3176156,0.055445795,79.999979
90.519914,-4410.4056,0.2389135,0.49519468,0.11224662,4.3119737,0.05560893,79.999979
90.529914,-4409.2269,0.23946589,0.49632127,0.11248802,4.3115518,0.055832027,79.999979
90.539914,-4410.6721,0.23950612,0.4978285,0.11268283,4.3171411,0.05610133,79.999979
90.549914,-4410.6277,0.2390238,0.49933572,0.11287764,4.3227304,0.056370633,79.999979
90.559914,-4409.7147,0.2390238,0.50084295,0.11307244,4.3283198,0.056639935,79.999979
90.569914,-4408.9999,0.2397598,0.50235018,0.11326725,4.3339091,0.056909238,79.999979
90.579914,-4408.5521,0.23933743,0.50385741,0.11346206,4.3394984,0.057178541,79.999979
90.589914,-4411.8134,0.23950278,0.50536464,0.11365686,4.3450877,0.057447843,79.999979
90.599914,-4412.7851,0.23923623,0.50687186,0.11385167,4.3506771,0.057717146,79.999979
90.609914,-4410.904,0.23934981,0.50837909,0.11404648,4.3562664,0.057986449,79.999979
90.619914,-4410.6439,0.23940357,0.50988632,0.11424128,4.3618557,0.058255751,79.999979
90.629914,-4410.6439,0.23940357,0.51139355,0.11443609,4.3674451,0.058525054,79.999979
90.639914,-4413.836,0.23953762,0.51290078,0.11463089,4.3730344,0.058794357,79.999979
90.649914,-4414.4776,0.23934791,0.51228881,0.11446276,4.3760985,0.058620373,79.999979
90.659914,-4414.8096,0.23846433,0.51162466,0.11424337,4.3788059,0.058435473,79.999979
90.669914,-4415.8509,0.23914749,0.5109605,0.11402397,4.3815134,0.058250574,79.999979
90.679914,-4416.3608,0.23958244,0.51029635,0.11380458,4.3842209,0.058065674,79.999979
90.689914,-4415.1421,0.23970989,0.5096322,0.11358519,4.3869284,0.057880775,79.999979
90.699914,-4416.1479,0.23906568,0.50896804,0.1133658,4.3896358,0.057695875,79.999979
90.709913,-4414.9513,0.23937175,0.50830389,0.11314641,4.3923433,0.057510975,79.999979
90.719913,-4416.7355,0.23960932,0.50763974,0.11292702,4.3950508,0.057326076,79.999979
90.729913,-4417.0984,0.23950993,0.50761037,0.11272687,4.4023329,0.057221229,79.999979
90.739913,-4416.8599,0.23959451,0.5076627,0.11252919,4.41086,0.057126685,79.999979
90.749913,-4415.9211,0.23982995,0.50771504,0.11233151,4.4193871,0.057032142,79.999979
90.759913,-4417.8094,0.23911127,0.50776738,0.11213384,4.4279142,0.056937599,79.999979
90.769913,-4420.1373,0.23832191,0.50781971,0.11193616,4.4364414,0.056843055,79.999979
90.779913,-4419.3318,0.23910891,0.50787205,0.11173848,4.4449685,0.056748512,79.999979
90.789913,-4420.1005,0.2392202,0.50792439,0.11154081,4.4534956,0.056653969,79.999979
90.799913,-4420.6417,0.23997355,0.50797672,0.11134313,4.4620227,0.056559425,79.999979
90.809913,-4421.1829,0.23992217,0.50802906,0.11114546,4.4705498,0.056464882,79.999979
90.819913,-4417.8356,0.23918129,0.5080814,0.11094778,4.479077,0.056370339,79.999979
90.829913,-4422.2673,0.23934596,0.50813373,0.1107501,4.4876041,0.056275796,79.999979
90.839913,-4419.726,0.23931121,0.50826055,0.11077825,4.4891506,0.056304601,79.999979
90.849913,-4420.3588,0.23990031,0.50849792,0.11114157,4.4766606,0.056516478,79.999979
90.859913,-4418.9905,0.23988711,0.50873528,0.1115049,4.4641707,0.056728355,79.999979
90.869913,-4418.2683,0.23987391,0.50897265,0.11186822,4.4516808,0.056940233,79.999979
90.879913,-4420.5493,0.23915512,0.50921001,0.11223154,4.4391908,0.05715211,79.999979
90.889913,-4423.6151,0.23918293,0.50944738,0.11259486,4.4267009,0.057363988,79.999979
90.899913,-4421.9303,0.23943043,0.50968474,0.11295818,4.4142109,0.057575865,79.999979
90.909913,-4422.2463,0.23860476,0.50992211,0.1133215,4.401721,0.057787742,79.999979
90.919913,-4421.2535,0.23823038,0.51015947,0.11368482,4.389231,0.05799962,79.999979
90.929913,-4421.1683,0.23813975,0.51039684,0.11404814,4.3767411,0.058211497,79.999979
90.939913,-4421.6022,0.23809814,0.5106342,0.11441147,4.3642512,0.058423374,79.999979
90.949913,-4423.6171,0.23850021,0.51087157,0.11477479,4.3517612,0.058635252,79.999979
90.959913,-4423.4464,0.23905305,0.50965044,0.1144537,4.3529428,0.05833471,79.999979
90.969913,-4422.7533,0.23860422,0.50830652,0.114075,4.3561666,0.057991026,79.999979
90.979913,-4424.6866,0.23951959,0.5069626,0.11369629,4.3593905,0.057647343,79.999979
90.989913,-4424.637,0.23907626,0.50561868,0.11331759,4.3626143,0.05730366,79.999979
90.999913,-4424.555,0.2385647,0.50427476,0.11293889,4.3658381,0.056959977,79.999979
91.009913,-4422.0542,0.23898805,0.50293084,0.11256018,4.3690619,0.056616294,79.999979
91.019913,-4426.5018,0.23928205,0.50158692,0.11218148,4.3722857,0.05627261,79.999979
91.029913,-4423.3886,0.23765941,0.500243,0.11180277,4.3755095,0.055928927,79.999979
91.039913,-4425.5288,0.23761039,0.50034325,0.111764,4.3765514,0.055939791,79.999979
91.049913,-4425.5167,0.23802399,0.5005903,0.11180609,4.3770742,0.055986693,79.999979
91.059913,-4426.0999,0.23888579,0.50083735,0.11184819,4.3775971,0.056033596,79.999979
91.069913,-4424.2941,0.23859844,0.50108439,0.11189028,4.37812,0.056080498,79.999979
91.079913,-4426.2869,0.23922333,0.50133144,0.11193237,4.3786428,0.056127401,79.999979
91.089913,-4427.4259,0.23821337,0.50157849,0.11197446,4.3791657,0.056174303,79.999979
91.099913,-4427.7102,0.23925613,0.50182553,0.11201655,4.3796885,0.056221205,79.999979
91.109913,-4425.6734,0.23922525,0.50207258,0.11205864,4.3802114,0.056268108,79.999979
91.119913,-4425.1677,0.23915878,0.50231963,0.11210073,4.3807342,0.05631501,79.999979
91.129913,-4426.8434,0.23827626,0.50256667,0.11214283,4.3812571,0.056361913,79.999979
91.139913,-4430.1758,0.23852801,0.50281372,0.11218492,4.3817799,0.056408815,79.999979
91.149913,-4426.6307,0.23864943,0.50236565,0.11252756,4.3660761,0.056552682,79.999979
91.159913,-4429.4712,0.23893668,0.50153786,0.11311948,4.3369137,0.05674952,79.999979
91.169913,-4431.2851,0.23920214,0.50071006,0.11371141,4.3077512,0.056946358,79.999979
91.179913,-4431.4484,0.23869445,0.49988226,0.11430333,4.2785888,0.057143196,79.999979
91.189913,-4431.2804,0.23796849,0.49905446,0.11489526,4.2494263,0.057340034,79.999979
91.199913,-4428.342,0.23881705,0.49822667,0.11548718,4.2202639,0.057536872,79.999979
91.209913,-4432.426,0.23913766,0.49739887,0.11607911,4.1911014,0.05773371,79.999979
91.219913,-4433.1137,0.23896467,0.49657107,0.11667103,4.1619389,0.057930548,79.999979
91.229913,-4433.6461,0.23864637,0.49574327,0.11726296,4.1327765,0.058127386,79.999979
91.239913,-4433.8782,0.23890353,0.49491548,0.11785488,4.103614,0.058324224,79.999979
91.249913,-4433.8402,0.23900465,0.49408768,0.1184468,4.0744516,0.058521062,79.999979
91.259913,-4434.3023,0.23951492,0.49332281,0.11877682,4.0528414,0.058564623,79.999979
91.269913,-4433.5558,0.23865373,0.49273167,0.11813567,4.0711768,0.058185034,79.999979
91.279913,-4435.5855,0.23815307,0.49214054,0.11749452,4.0895122,0.057805445,79.999979
91.289913,-4435.2828,0.23863271,0.4915494,0.11685338,4.1078476,0.057425856,79.999979
91.299913,-4435.5059,0.23829927,0.49095826,0.11621223,4.1261831,0.057046267,79.999979
91.309913,-4435.408,0.23832134,0.49036712,0.11557109,4.1445185,0.056666678,79.999979
91.319913,-4433.2361,0.23772798,0.48977598,0.11492994,4.1628539,0.056287089,79.999979
91.329913,-4433.7609,0.23873269,0.48918485,0.1142888,4.1811893,0.0559075,79.999979
91.339913,-4435.6837,0.23809811,0.48962979,0.11381311,4.2002842,0.055753267,79.999979
91.349913,-4435.7354,0.2391907,0.4917333,0.11375374,4.2212899,0.05595978,79.999979
91.359913,-4436.6167,0.23922963,0.49383681,0.11369436,4.2422955,0.056166293,79.999979
91.369913,-4437.5084,0.23910918,0.49594032,0.11363499,4.2633011,0.056372807,79.999979
91.379913,-4437.9021,0.2381275,0.49804383,0.11357561,4.2843068,0.05657932,79.999979
91.389913,-4437.5506,0.23858946,0.50014733,0.11351623,4.3053124,0.056785834,79.999979
91.399913,-4439.1359,0.23889004,0.50225084,0.11345686,4.3263181,0.056992347,79.999979
91.409913,-4438.2146,0.23766498,0.50435435,0.11339748,4.3473237,0.05719886,79.999979
91.419913,-4439.413,0.23764498,0.50645786,0.11333811,4.3683294,0.057405374,79.999979
91.429913,-4440.0644,0.23810063,0.50856137,0.11327873,4.389335,0.057611887,79.999979
91.439913,-4440.6282,0.23845237,0.51066487,0.11321936,4.4103406,0.057818401,79.999979
91.449913,-4440.2857,0.23826862,0.51276838,0.11315998,4.4313463,0.058024914,79.999979
91.459913,-4438.2808,0.23913398,0.51090653,0.11279829,4.4295196,0.057634589,79.999979
91.469913,-4443.1003,0.23810564,0.50883505,0.11242061,4.426486,0.057212712,79.999979
91.479913,-4443.5862,0.23820254,0.50676357,0.11204294,4.4234523,0.056790835,79.999979
91.489913,-4442.5966,0.23832105,0.50469209,0.11166526,4.4204186,0.056368958,79.999979
91.499913,-4441.4558,0.23806554,0.50262061,0.11128759,4.4173849,0.055947081,79.999979
91.509913,-4442.3892,0.23774406,0.50054912,0.11090991,4.4143512,0.055525204,79.999979
91.519913,-4440.9095,0.23813656,0.49847764,0.11053224,4.4113175,0.055103327,79.999979
91.529913,-4444.6733,0.23764085,0.49640616,0.11015457,4.4082838,0.05468145,79.999979
91.539913,-4444.4341,0.23780943,0.4962978,0.11060612,4.3883461,0.054935208,79.999979
91.549913,-4443.4444,0.23834984,0.49620391,0.11115746,4.3663742,0.055193948,79.999979
91.559913,-4442.4723,0.23898874,0.49611003,0.1117088,4.3444023,0.055452687,79.999979
91.569913,-4444.2441,0.23853707,0.49601614,0.11226014,4.3224304,0.055711426,79.999979
91.579913,-4445.6125,0.2388713,0.49592225,0.11281148,4.3004585,0.055970166,79.999979
91.589913,-4443.6069,0.23783853,0.49582837,0.11336282,4.2784867,0.056228905,79.999979
91.599913,-4443.3571,0.23861105,0.49573448,0.11391416,4.2565148,0.056487645,79.999979
91.609913,-4443.5991,0.23851781,0.49564059,0.11446551,4.2345429,0.056746384,79.999979
91.619913,-4445.2839,0.23842458,0.49554671,0.11501685,4.212571,0.057005124,79.999979
91.629913,-4446.5223,0.23731589,0.49545282,0.11556819,4.1905991,0.057263863,79.999979
91.639913,-4445.9777,0.23739589,0.49535893,0.11611953,4.1686273,0.057522602,79.999979
91.649913,-4445.8528,0.23887532,0.49545336,0.11645668,4.1545628,0.057698983,79.999979
91.659913,-4448.3504,0.23838043,0.49574421,0.11657044,4.1528934,0.057789462,79.999979
91.669913,-4446.5482,0.23920437,0.49603505,0.11668421,4.151224,0.057879941,79.999979
91.679913,-4446.5482,0.23847117,0.4963259,0.11679797,4.1495546,0.05797042,79.999979
91.689913,-4447.4243,0.23807316,0.49661674,0.11691173,4.1478852,0.058060899,79.999979
91.699913,-4448.8007,0.23803583,0.49690759,0.11702549,4.1462158,0.058151377,79.999979
91.709913,-4449.447,0.23877254,0.49719843,0.11713925,4.1445463,0.058241856,79.999979
91.719913,-4449.0263,0.23725785,0.49748928,0.11725301,4.1428769,0.058332335,79.999979
91.729913,-4450.6242,0.23762411,0.49785678,0.11731986,4.1417166,0.058390049,79.999979
91.739913,-4449.2212,0.23763711,0.49878241,0.11674731,4.1721578,0.058209204,79.999979
91.749913,-4447.9188,0.2378237,0.49970805,0.11617476,4.202599,0.058028358,79.999979
91.759912,-4448.9602,0.23769074,0.50063368,0.11560221,4.2330402,0.057847513,79.999979
91.769912,-4449.6966,0.23816955,0.50155932,0.11502966,4.2634814,0.057666667,79.999979
91.779912,-4450.359,0.23826471,0.50248495,0.11445711,4.2939226,0.057485822,79.999979
91.789912,-4447.2935,0.23793661,0.50341058,0.11388456,4.3243639,0.057304976,79.999979
91.799912,-4447.406,0.23811515,0.50433622,0.113312,4.3548051,0.057124131,79.999979
91.809912,-4447.0425,0.23804324,0.50526185,0.11273945,4.3852463,0.056943286,79.999979
91.819912,-4445.8935,0.23759138,0.50618749,0.1121669,4.4156875,0.05676244,79.999979
91.829912,-4449.0499,0.23789013,0.50711312,0.11159435,4.4461287,0.056581595,79.999979
91.839912,-4447.9111,0.2372206,0.50803876,0.1110218,4.4765699,0.056400749,79.999979
91.849912,-4449.139,0.23851339,0.50737108,0.11097928,4.4722501,0.056305074,79.999979
91.859912,-4448.9363,0.23920084,0.50583619,0.11122525,4.4490101,0.056255757,79.999979
91.869912,-4450.7244,0.23915604,0.50430129,0.11147122,4.4257702,0.05620644,79.999979
91.879912,-4450.2114,0.23885223,0.5027664,0.11171719,4.4025303,0.056157122,79.999979
91.889912,-4450.8797,0.2369527,0.5012315,0.11196315,4.3792903,0.056107805,79.999979
91.899912,-4449.0214,0.23774984,0.4996966,0.11220912,4.3560504,0.056058488,79.999979
91.909912,-4450.6298,0.23819315,0.49816171,0.11245509,4.3328105,0.05600917,79.999979
91.919912,-4453.7118,0.23818995,0.49662681,0.11270106,4.3095705,0.055959853,79.999979
91.929912,-4452.4502,0.23774831,0.49509191,0.11294703,4.2863306,0.055910536,79.999979
91.939912,-4451.2624,0.23753833,0.49355702,0.113193,4.2630907,0.055861219,79.999979
91.949912,-4450.2546,0.23760156,0.49202212,0.11343897,4.2398507,0.055811901,79.999979
91.959912,-4450.6505,0.23736845,0.49219726,0.11387297,4.2224069,0.056055062,79.999979
91.969912,-4449.907,0.23763921,0.49544524,0.11464483,4.2216726,0.056823789,79.999979
91.979912,-4451.5811,0.23734638,0.49869322,0.11541669,4.2209383,0.057592516,79.999979
91.989912,-4449.4141,0.2376801,0.50194119,0.11618855,4.220204,0.058361243,79.999979
91.999912,-4450.2657,0.23783669,0.50518917,0.11696041,4.2194698,0.059129969,79.999979
92.009912,-4451.8741,0.23770442,0.50843715,0.11773227,4.2187355,0.059898696,79.999979
92.019912,-4452.063,0.23765597,0.51168513,0.11850413,4.2180012,0.060667423,79.999979
92.029912,-4451.1202,0.23759284,0.51493311,0.119276,4.2172669,0.06143615,79.999979
92.039912,-4451.4341,0.23846874,0.51780067,0.11994764,4.2165326,0.062109644,79.999979
92.049912,-4450.0939,0.23731679,0.51622373,0.11944838,4.2215437,0.061670515,79.999979
92.059912,-4450.0277,0.23716395,0.51464679,0.11894913,4.2266796,0.061231387,79.999979
92.069912,-4449.3607,0.23716395,0.51306985,0.11844988,4.2318155,0.060792258,79.999979
92.079912,-4451.261,0.23803986,0.51149291,0.11795063,4.2369515,0.06035313,79.999979
92.089912,-4449.6419,0.23855403,0.50991597,0.11745137,4.2420874,0.059914001,79.999979
92.099912,-4452.7315,0.23769837,0.50833903,0.11695212,4.2472233,0.059474873,79.999979
92.109912,-4453.6687,0.23775309,0.50676209,0.11645287,4.2523592,0.059035744,79.999979
92.119912,-4452.706,0.23823887,0.50518515,0.11595362,4.2574952,0.058596616,79.999979
92.129912,-4452.5185,0.23858351,0.50360821,0.11545436,4.2626311,0.058157487,79.999979
92.139912,-4451.3452,0.23855239,0.50203127,0.11495511,4.267767,0.057718359,79.999979
92.149912,-4451.4522,0.23812883,0.50060195,0.11446789,4.2729029,0.05731378,79.999979
92.159912,-4453.1144,0.2372677,0.50086272,0.11439336,4.2781052,0.057304792,79.999979
92.169912,-4453.7791,0.23828156,0.50112348,0.11431884,4.2833091,0.057295803,79.999979
92.179912,-4452.4233,0.23798711,0.50138425,0.11424431,4.288513,0.057286814,79.999979
92.189912,-4452.3449,0.23812084,0.50164502,0.11416979,4.2937168,0.057277825,79.999979
92.199912,-4453.6657,0.23834189,0.50190579,0.11409526,4.2989207,0.057268836,79.999979
92.209912,-4454.5953,0.23750871,0.50216656,0.11402074,4.3041246,0.057259848,79.999979
92.219912,-4453.9183,0.23728735,0.50242733,0.11394621,4.3093285,0.057250859,79.999979
92.229912,-4452.1294,0.23738425,0.50265106,0.11387351,4.3141354,0.05723865,79.999979
92.239912,-4454.1542,0.2377044,0.50227219,0.11383048,4.3124847,0.057174056,79.999979
92.249912,-4454.3068,0.23741881,0.50189332,0.11378745,4.3108339,0.057109462,79.999979
92.259912,-4454.9294,0.23671453,0.50151445,0.11374443,4.3091832,0.057044868,79.999979
92.269912,-4453.756,0.23746905,0.50113558,0.1137014,4.3075325,0.056980274,79.999979
92.279912,-4454.847,0.2372612,0.50075671,0.11365837,4.3058817,0.05691568,79.999979
92.289912,-4453.0228,0.23795588,0.50037785,0.11361535,4.304231,0.056851086,79.999979
92.299912,-4454.6673,0.2375531,0.49999898,0.11357232,4.3025803,0.056786492,79.999979
92.309912,-4454.4987,0.2373943,0.49962011,0.11352929,4.3009295,0.056721898,79.999979
92.319912,-4454.0631,0.23756353,0.49924124,0.11348626,4.2992788,0.056657305,79.999979
92.329912,-4454.8905,0.23694574,0.49886237,0.11344324,4.2976281,0.056592711,79.999979
92.339912,-4456.9501,0.23714993,0.49858649,0.11340956,4.2960208,0.056550339,79.999979
92.349912,-4455.2503,0.23787672,0.49930676,0.1135913,4.2954155,0.056722914,79.999979
92.359912,-4454.1077,0.23795186,0.50002702,0.11377304,4.2948102,0.056895488,79.999979
92.369912,-4454.7362,0.23794663,0.50074729,0.11395477,4.2942048,0.057068063,79.999979
92.379912,-4454.8278,0.23780238,0.50146756,0.11413651,4.2935995,0.057240637,79.999979
92.389912,-4456.243,0.23733465,0.50218783,0.11431825,4.2929942,0.057413212,79.999979
92.399912,-4454.2615,0.23765954,0.50290809,0.11449999,4.2923889,0.057585786,79.999979
92.409912,-4456.4847,0.23692141,0.50362836,0.11468173,4.2917835,0.057758361,79.999979
92.419912,-4456.8444,0.23736558,0.50429432,0.11480122,4.2911782,0.057879053,79.999979
92.429912,-4455.9893,0.23696459,0.50468485,0.11443014,4.2917106,0.057736618,79.999979
92.439912,-4455.9497,0.23690564,0.50507537,0.11405907,4.3119074,0.057594183,79.999979
92.449912,-4453.8594,0.23660802,0.5054659,0.113688,4.3321041,0.057451749,79.999979
92.459912,-4456.0104,0.23807309,0.50585643,0.11331693,4.3523009,0.057309314,79.999979
92.469912,-4455.3943,0.23738364,0.50624695,0.11294586,4.3724976,0.057166879,79.999979
92.479912,-4457.0424,0.23768866,0.50663748,0.11257479,4.3926944,0.057024444,79.999979
92.489912,-4456.8781,0.23845953,0.50702801,0.11220372,4.4128912,0.056882009,79.999979
92.499912,-4457.1666,0.23861178,0.50741853,0.11183265,4.4330879,0.056739575,79.999979
92.509912,-4457.7715,0.23760734,0.50780906,0.11146158,4.4532847,0.05659714,79.999979
92.519912,-4458.5794,0.23745181,0.50819959,0.11109051,4.4734814,0.056454705,79.999979
92.529912,-4455.1347,0.23737632,0.50800459,0.11100516,4.4774306,0.056425184,79.999979
92.539912,-4456.1948,0.23808853,0.50719865,0.11136749,4.4559216,0.056513478,79.999979
92.549912,-4456.1389,0.23794646,0.50639271,0.11172983,4.4344125,0.056601772,79.999979
92.559912,-4457.3159,0.23786396,0.50558677,0.11209217,4.4129035,0.056690066,79.999979
92.569912,-4455.9818,0.23762669,0.50478082,0.1124545,4.3913944,0.05677836,79.999979
92.579912,-4456.9023,0.23823101,0.50397488,0.11281684,4.3698854,0.056866654,79.999979
92.589912,-4455.1612,0.23747582,0.50316894,0.11317917,4.3483764,0.056954948,79.999979
92.599912,-4456.5689,0.2377837,0.502363,0.11354151,4.3268673,0.057043242,79.999979
92.609912,-4455.7825,0.23810886,0.50155706,0.11390384,4.3053583,0.057131536,79.999979
92.619912,-4454.2283,0.23784244,0.50075112,0.11426618,4.2838493,0.05721983,79.999979
92.629912,-4454.0336,0.23732497,0.49994518,0.11462852,4.2623402,0.057308124,79.999979
92.639912,-4455.6725,0.23762842,0.49913923,0.11499085,4.2408312,0.057396418,79.999979
92.649912,-4457.8461,0.23840258,0.49909077,0.11476095,4.2491393,0.057275906,79.999979
92.659912,-4455.5325,0.23758319,0.49919912,0.11440844,4.2636203,0.057112166,79.999979
92.669912,-4455.3728,0.2379788,0.49930747,0.11405592,4.2781013,0.056948425,79.999979
92.679912,-4454.7425,0.23801287,0.49941582,0.11370341,4.2925823,0.056784685,79.999979
92.689912,-4455.9928,0.23807977,0.49952417,0.11335089,4.3070633,0.056620944,79.999979
92.699912,-4457.036,0.23792912,0.49963252,0.11299838,4.3215444,0.056457204,79.999979
92.709912,-4456.6607,0.23720312,0.49974087,0.11264587,4.3360254,0.056293463,79.999979
92.719912,-4456.6493,0.23742538,0.49984922,0.11229335,4.3505064,0.056129723,79.999979
92.729912,-4454.9734,0.23740932,0.50103779,0.11266697,4.3469148,0.056490418,79.999979
92.739912,-4454.9734,0.23740932,0.50230997,0.11317585,4.338524,0.056891702,79.999979
92.749912,-4456.3071,0.23716001,0.50358215,0.11368473,4.3301332,0.057292985,79.999979
92.759912,-4456.4145,0.23695775,0.50485433,0.11419361,4.3217423,0.057694269,79.999979
92.769912,-4455.9364,0.23703263,0.50612651,0.11470249,4.3133515,0.058095553,79.999979
92.779912,-4456.3597,0.23754306,0.50739869,0.11521137,4.3049607,0.058496837,79.999979
92.789912,-4454.9015,0.23819911,0.50867088,0.11572025,4.2965699,0.058898121,79.999979
92.799911,-4457.0068,0.23789749,0.50994306,0.11622913,4.288179,0.059299404,79.999979
92.809911,-4456.8311,0.2375663,0.51121524,0.11673801,4.2797882,0.059700688,79.999979
92.819911,-4456.5001,0.23737599,0.51248742,0.11724689,4.2713974,0.060101972,79.999979
92.829911,-4458.7478,0.23767364,0.5137596,0.11775577,4.2630065,0.060503256,79.999979
92.839911,-4457.8623,0.23759429,0.51384789,0.11799817,4.2554686,0.060618778,79.999979
92.849911,-4457.9651,0.23772198,0.51277329,0.11791911,4.2492081,0.060453602,79.999979
92.859911,-4458.9415,0.23748548,0.51169868,0.11784005,4.2429476,0.060288427,79.999979
92.869911,-4459.2362,0.23696005,0.51062408,0.117761,4.2366871,0.060123251,79.999979
92.879911,-4458.6854,0.23696005,0.50954947,0.11768194,4.2304266,0.059958075,79.999979
92.889911,-4457.9242,0.2368777,0.50847487,0.11760288,4.2241661,0.0597929,79.999979
92.899911,-4457.1095,0.23698103,0.50740027,0.11752383,4.2179056,0.059627724,79.999979
92.909911,-4458.2574,0.23800509,0.50632566,0.11744477,4.2116451,0.059462549,79.999979
92.919911,-4458.0728,0.23785875,0.50525106,0.11736571,4.2053846,0.059297373,79.999979
92.929911,-4457.3237,0.2381275,0.50417645,0.11728666,4.1991241,0.059132198,79.999979
92.939911,-4457.2992,0.23811536,0.50310185,0.1172076,4.1928636,0.058967022,79.999979
92.949911,-4459.5438,0.23782365,0.50206705,0.11716483,4.1855803,0.058828096,79.999979
92.959911,-4457.8259,0.23761227,0.50111983,0.11722601,4.175367,0.05874693,79.999979
92.969911,-4459.4854,0.23672421,0.50017262,0.11728718,4.1651537,0.058665765,79.999979
92.979911,-4458.7691,0.23811691,0.49922541,0.11734836,4.1549405,0.058584599,79.999979
92.989911,-4459.5826,0.237342,0.49827819,0.11740954,4.1447272,0.058503434,79.999979
92.999911,-4460.5136,0.23741982,0.49733098,0.11747071,4.1345139,0.058422269,79.999979
93.009911,-4459.1998,0.23842633,0.49638377,0.11753189,4.1243006,0.058341103,79.999979
93.019911,-4458.4563,0.2376504,0.49543655,0.11759307,4.1140874,0.058259938,79.999979
93.029911,-4460.9755,0.23719187,0.49503484,0.11751908,4.1108085,0.05815964,79.999979
93.039911,-4460.461,0.23769257,0.49599667,0.11699977,4.1390671,0.05801152,79.999979
93.049911,-4460.112,0.23720013,0.4969585,0.11648046,4.1673258,0.0578634,79.999979
93.059911,-4460.112,0.23720013,0.49792034,0.11596115,4.1955845,0.05771528,79.999979
93.069911,-4461.025,0.23677136,0.49888217,0.11544183,4.2238432,0.05756716,79.999979
93.079911,-4461.9881,0.23805252,0.499844,0.11492252,4.2521018,0.057419039,79.999979
93.089911,-4460.6241,0.23700108,0.50080583,0.11440321,4.2803605,0.057270919,79.999979
93.099911,-4461.4481,0.23799979,0.50176767,0.11388389,4.3086192,0.057122799,79.999979
93.109911,-4462.0889,0.23779782,0.5027295,0.11336458,4.3368779,0.056974679,79.999979
93.119911,-4462.3161,0.23759585,0.50369133,0.11284527,4.3651365,0.056826559,79.999979
93.129911,-4462.4845,0.2375413,0.50465316,0.11232596,4.3933952,0.056678438,79.999979
93.139911,-4462.0986,0.2370889,0.505615,0.11180664,4.4216539,0.056530318,79.999979
93.149911,-4460.4343,0.23803058,0.50491487,0.11209064,4.4061707,0.056639598,79.999979
93.159911,-4462.1923,0.23783845,0.50400012,0.11259463,4.3787086,0.056782118,79.999979
93.169911,-4462.7891,0.2378755,0.50308537,0.11309862,4.3512465,0.056924638,79.999979
93.179911,-4462.5909,0.2379208,0.50217062,0.1136026,4.3237844,0.057067158,79.999979
93.189911,-4460.4093,0.23782321,0.50125587,0.11410659,4.2963222,0.057209679,79.999979
93.199911,-4460.0654,0.23750573,0.50034111,0.11461058,4.2688601,0.057352199,79.999979
93.209911,-4462.3736,0.23690104,0.49942636,0.11511457,4.241398,0.057494719,79.999979
93.219911,-4463.4538,0.23746663,0.49851161,0.11561855,4.2139358,0.057637239,79.999979
93.229911,-4461.3509,0.23626504,0.49958012,0.11575219,4.2146757,0.057809391,79.999979
93.239911,-4462.3594,0.23617708,0.50068082,0.11583725,4.2210439,0.057982023,79.999979
93.249911,-4463.28,0.23617708,0.50178152,0.11592231,4.227412,0.058154656,79.999979
93.259911,-4463.3654,0.23772043,0.50288221,0.11600737,4.2337802,0.058327288,79.999979
93.269911,-4460.0702,0.23666317,0.50398291,0.11609243,4.2401483,0.058499921,79.999979
93.279911,-4462.8544,0.23772702,0.50508361,0.11617749,4.2465165,0.058672554,79.999979
93.289911,-4461.474,0.23718804,0.50618431,0.11626255,4.2528846,0.058845186,79.999979
93.299911,-4461.8581,0.2373719,0.50728501,0.1163476,4.2592528,0.059017819,79.999979
93.309911,-4461.8897,0.23714585,0.50838571,0.11643266,4.2656209,0.059190451,79.999979
93.319911,-4460.0712,0.23744649,0.50948641,0.11651772,4.2719891,0.059363084,79.999979
93.329911,-4462.0241,0.23742109,0.51058711,0.11660278,4.2783573,0.059535716,79.999979
93.339911,-4461.5014,0.23670251,0.50972152,0.11714323,4.2557159,0.05970378,79.999979
93.349911,-4462.9159,0.23648558,0.50839264,0.11779098,4.2224275,0.059870766,79.999979
93.359911,-4462.8441,0.23652386,0.50706376,0.11843873,4.189139,0.060037753,79.999979
93.369911,-4462.8441,0.23727139,0.50573487,0.11908649,4.1558506,0.060204739,79.999979
93.379911,-4462.5121,0.23783392,0.50440599,0.11973424,4.1225621,0.060371726,79.999979
93.389911,-4462.7549,0.23723058,0.50307711,0.12038199,4.0892737,0.060538712,79.999979
93.399911,-4461.0277,0.237416,0.50174823,0.12102974,4.0559852,0.060705699,79.999979
93.409911,-4462.008,0.23736945,0.50041935,0.12167749,4.0226968,0.060872686,79.999979
93.419911,-4462.0128,0.23775206,0.49909047,0.12232524,3.9894083,0.061039672,79.999979
93.429911,-4462.2919,0.2377581,0.49776159,0.12297299,3.9561199,0.061206659,79.999979
93.439911,-4462.7121,0.23695695,0.49705233,0.12362074,3.9228314,0.061105681,79.999979
93.449911,-4460.3884,0.23683315,0.49707487,0.12273751,3.9498163,0.060688236,79.999979
93.459911,-4462.2069,0.23753584,0.4970974,0.12179725,3.9825084,0.060270791,79.999979
93.469911,-4459.3145,0.23698392,0.49711994,0.120857,4.0152006,0.059853346,79.999979
93.479911,-4459.5102,0.23680869,0.49714247,0.11991674,4.0478927,0.0594359,79.999979
93.489911,-4460.1397,0.23745905,0.497165,0.11897649,4.0805848,0.059018455,79.999979
93.499911,-4461.5018,0.23806263,0.49718754,0.11803623,4.1132769,0.05860101,79.999979
93.509911,-4461.1406,0.23718761,0.49721007,0.11709598,4.1459691,0.058183564,79.999979
93.519911,-4461.6681,0.23758529,0.49723813,0.11631502,4.1746249,0.057836246,79.999979
93.529911,-4461.4491,0.2369633,0.49728765,0.11615376,4.1810742,0.057761733,79.999979
93.539911,-4460.2256,0.23768979,0.49733718,0.1159925,4.1875234,0.05768722,79.999979
93.549911,-4461.2691,0.23768979,0.4973867,0.11583124,4.1939727,0.057612706,79.999979
93.559911,-4461.2691,0.23768979,0.49743623,0.11566998,4.2004219,0.057538193,79.999979
93.569911,-4459.5254,0.23758343,0.49748575,0.11550872,4.2068712,0.05746368,79.999979
93.579911,-4460.6444,0.23753182,0.49753528,0.11534746,4.2133204,0.057389167,79.999979
93.589911,-4459.9975,0.238043,0.4975848,0.1151862,4.2197696,0.057314653,79.999979
93.599911,-4460.7408,0.23787625,0.49763433,0.11502494,4.2262189,0.05724014,79.999979
93.609911,-4460.8168,0.23785454,0.49768385,0.11486367,4.2326681,0.057165627,79.999979
93.619911,-4461.2952,0.23754205,0.49773338,0.11470241,4.2391174,0.057091114,79.999979
93.629911,-4458.9032,0.23810249,0.4977829,0.11454115,4.2455666,0.0570166,79.999979
93.639911,-4461.4465,0.23735086,0.49880308,0.1146521,4.2499007,0.057198906,79.999979
93.649911,-4461.3257,0.23709357,0.50024886,0.11490848,4.2528305,0.05749382,79.999979
93.659911,-4459.5476,0.23809872,0.50169463,0.11516485,4.2557603,0.057788734,79.999979
93.669911,-4460.6915,0.23800414,0.50314041,0.11542122,4.25869,0.058083648,79.999979
93.679911,-4459.398,0.23796136,0.50458619,0.1156776,4.2616198,0.058378562,79.999979
93.689911,-4458.6898,0.23791065,0.50603197,0.11593397,4.2645496,0.058673476,79.999979
93.699911,-4458.4813,0.23721264,0.50747775,0.11619034,4.2674793,0.05896839,79.999979
93.709911,-4458.0626,0.23846203,0.50892352,0.11644672,4.2704091,0.059263304,79.999979
93.719911,-4460.1441,0.23703438,0.50884322,0.11633084,4.2742308,0.059194873,79.999979
93.729911,-4460.9876,0.23838504,0.50836253,0.11611731,4.2782865,0.059031117,79.999979
93.739911,-4459.8694,0.23685802,0.50788185,0.11590377,4.2823423,0.058867361,79.999979
93.749911,-4460.4387,0.23680095,0.50740116,0.11569024,4.286398,0.058703605,79.999979
93.759911,-4460.8077,0.23716988,0.50692048,0.1154767,4.2904537,0.058539849,79.999979
93.769911,-4462.0627,0.23725462,0.50643979,0.11526317,4.2945094,0.058376092,79.999979
93.779911,-4459.0936,0.23771508,0.50595911,0.11504963,4.2985651,0.058212336,79.999979
93.789911,-4460.2201,0.23722285,0.50547843,0.11483609,4.3026209,0.05804858,79.999979
93.799911,-4458.7962,0.23773464,0.50499774,0.11462256,4.3066766,0.057884824,79.999979
93.809911,-4459.6895,0.23773856,0.5045042,0.11440902,4.3107323,0.057727318,79.999979
93.819911,-4460.5828,0.23773443,0.5039688,0.114228,4.314788,0.057590165,79.999979
93.829911,-4460.7142,0.23737211,0.50343339,0.11408154,4.31563,0.057453011,79.999979
93.839911,-4459.9434,0.23783794,0.50289799,0.11393507,4.3163026,0.057315858,79.999979
93.84991,-4459.9431,0.23692249,0.50236258,0.11378861,4.3169753,0.057178705,79.999979
93.85991,-4459.6776,0.23775139,0.50182718,0.11364214,4.3176479,0.057041551,79.999979
93.86991,-4458.425,0.23764157,0.50129177,0.11349568,4.3183206,0.056904398,79.999979
93.87991,-4457.5518,0.23753174,0.50075637,0.11334921,4.3189932,0.056767244,79.999979
93.88991,-4459.9232,0.23694005,0.50022097,0.11320275,4.3196659,0.056630091,79.999979
93.89991,-4459.3056,0.23760385,0.49968556,0.11305628,4.3203385,0.056492937,79.999979
93.90991,-4458.7619,0.23733159,0.50019277,0.11336539,4.3118949,0.056731249,79.999979
93.91991,-4460.3671,0.23753256,0.50081589,0.11378835,4.3011731,0.057011299,79.999979
93.92991,-4460.3671,0.23703618,0.501439,0.11421132,4.2904513,0.057291348,79.999979
93.93991,-4460.3671,0.23689986,0.50206211,0.11463428,4.2797295,0.057571398,79.999979
93.94991,-4457.5013,0.23661315,0.50268522,0.11505724,4.2690076,0.057851447,79.999979
93.95991,-4460.0135,0.23737717,0.50330833,0.1154802,4.2582858,0.058131496,79.999979
93.96991,-4459.9502,0.23696158,0.50393144,0.11590316,4.247564,0.058411546,79.999979
93.97991,-4457.0129,0.23803457,0.50457748,0.1162974,4.2380662,0.058669639,79.999979
93.98991,-4459.0628,0.23737992,0.50530448,0.11648277,4.2374719,0.058850228,79.999979
93.99991,-4458.9602,0.23751921,0.50603147,0.11666814,4.2368776,0.059030817,79.999979
94.00991,-4459.7705,0.23774473,0.50675846,0.11685351,4.2362832,0.059211406,79.999979
94.01991,-4458.4447,0.23720307,0.50748545,0.11703888,4.2356889,0.059391995,79.999979
94.02991,-4458.8748,0.23785752,0.50821244,0.11722425,4.2350946,0.059572584,79.999979
94.03991,-4457.8624,0.23698456,0.50893944,0.11740962,4.2345003,0.059753173,79.999979
94.04991,-4457.6873,0.23780222,0.50966643,0.11759499,4.233906,0.059933761,79.999979
94.05991,-4457.6873,0.23800653,0.51039342,0.11778036,4.2333117,0.06011435,79.999979
94.06991,-4455.787,0.23789929,0.51112041,0.11796573,4.2327174,0.060294939,79.999979
94.07991,-4456.0856,0.23822205,0.5118474,0.1181511,4.2321231,0.060475528,79.999979
94.08991,-4456.4307,0.23690054,0.51237162,0.1182486,4.2329272,0.060587208,79.999979
94.09991,-4458.4111,0.23758035,0.51244459,0.11815054,4.2368435,0.060545539,79.999979
94.10991,-4457.053,0.23750903,0.51251755,0.11805247,4.2407598,0.060503869,79.999979
94.11991,-4457.6911,0.23723315,0.51259052,0.11795441,4.2446762,0.0604622,79.999979
94.12991,-4458.054,0.23718825,0.51266348,0.11785635,4.2485925,0.060420531,79.999979
94.13991,-4455.8231,0.2376356,0.51273645,0.11775829,4.2525088,0.060378861,79.999979
94.14991,-4456.9651,0.23704239,0.51280941,0.11766023,4.2564251,0.060337192,79.999979
94.15991,-4457.9407,0.2383146,0.51288237,0.11756216,4.2603414,0.060295523,79.999979
94.16991,-4456.1195,0.23789796,0.51254734,0.1174641,4.2642578,0.060220105,79.999979
94.17991,-4455.8784,0.23811743,0.510997,0.11745023,4.2660916,0.060044163,79.999979
94.18991,-4455.6373,0.23801299,0.50944667,0.11746851,4.250731,0.059868221,79.999979
94.19991,-4455.3309,0.23763082,0.50789633,0.11748679,4.2353703,0.059692279,79.999979
94.20991,-4456.6465,0.23853178,0.50634599,0.11750508,4.2200096,0.059516337,79.999979
94.21991,-4453.5531,0.23747406,0.50479566,0.11752336,4.2046489,0.059340395,79.999979
94.22991,-4455.3028,0.23799594,0.50324532,0.11754164,4.1892883,0.059164454,79.999979
94.23991,-4455.3028,0.23799594,0.50169499,0.11755992,4.1739276,0.058988512,79.999979
94.24991,-4456.0745,0.23788347,0.50014465,0.1175782,4.1585669,0.05881257,79.999979
94.25991,-4456.2587,0.23799167,0.49859432,0.11759649,4.1432062,0.058636628,79.999979
94.26991,-4452.6548,0.23745587,0.49704398,0.11761477,4.1278456,0.058460686,79.999979
94.27991,-4454.9895,0.2378818,0.49602859,0.11748046,4.123082,0.058263559,79.999979
94.28991,-4454.6424,0.2373983,0.49531906,0.11722118,4.1269984,0.058054319,79.999979
94.29991,-4453.2875,0.23741853,0.49460954,0.11696189,4.1309149,0.057845079,79.999979
94.30991,-4453.4986,0.23700015,0.49390002,0.11670261,4.1348314,0.057635838,79.999979
94.31991,-4454.9582,0.23737893,0.4931905,0.11644332,4.1387479,0.057426598,79.999979
94.32991,-4453.9848,0.23736814,0.49248097,0.11618404,4.1426643,0.057217358,79.999979
94.33991,-4455.6771,0.23748252,0.49177145,0.11592475,4.1465808,0.057008118,79.999979
94.34991,-4454.8065,0.23693875,0.49106193,0.11566547,4.1504973,0.056798878,79.999979
94.35991,-4455.3323,0.23696348,0.49166554,0.11540618,4.1544138,0.056786977,79.999979
94.36991,-4455.8529,0.23696348,0.49282843,0.11524944,4.1645625,0.056859124,79.999979
94.37991,-4456.3253,0.23696348,0.49399132,0.11513943,4.1800952,0.056931271,79.999979
94.38991,-4455.97,0.23738246,0.49515421,0.11502943,4.195628,0.057003418,79.999979
94.39991,-4455.2427,0.23845829,0.4963171,0.11491942,4.2111607,0.057075566,79.999979
94.40991,-4455.9457,0.23712351,0.49747999,0.11480942,4.2266934,0.057147713,79.999979
94.41991,-4454.4844,0.23774185,0.49864288,0.11469941,4.2422262,0.05721986,79.999979
94.42991,-4455.9467,0.23745951,0.49980577,0.11458941,4.2577589,0.057292007,79.999979
94.43991,-4455.6121,0.23688041,0.50096866,0.1144794,4.2732916,0.057364155,79.999979
94.44991,-4456.1546,0.23738346,0.50213155,0.1143694,4.2888243,0.057436302,79.999979
94.45991,-4456.1942,0.23736536,0.50329444,0.11425939,4.3043571,0.057508449,79.999979
94.46991,-4456.9702,0.23710259,0.50366136,0.11425332,4.3083162,0.057544864,79.999979
94.47991,-4456.2564,0.23774163,0.50340313,0.11432888,4.3031854,0.057553213,79.999979
94.48991,-4454.6856,0.23783931,0.50314489,0.11440443,4.2980545,0.057561563,79.999979
94.49991,-4455.3252,0.23782663,0.50288665,0.11447999,4.2929236,0.057569913,79.999979
94.50991,-4455.6966,0.23724725,0.50262841,0.11455555,4.2877927,0.057578263,79.999979
94.51991,-4457.4833,0.23758437,0.50237018,0.11463111,4.2826618,0.057586613,79.999979
94.52991,-4456.0923,0.23742334,0.50211194,0.11470667,4.277531,0.057594962,79.999979
94.53991,-4457.5929,0.23748118,0.5018537,0.11478222,4.2724001,0.057603312,79.999979
94.54991,-4457.5929,0.23748118,0.50159546,0.11485778,4.2672692,0.057611662,79.999979
94.55991,-4457.5929,0.23741162,0.50133723,0.11493334,4.2621383,0.057620012,79.999979
94.56991,-4458.8143,0.23715831,0.50107899,0.1150089,4.2570075,0.057628361,79.999979
94.57991,-4458.4548,0.23743133,0.50081738,0.11505609,4.2529595,0.057611965,79.999979
94.58991,-4459.0641,0.23682896,0.50053213,0.11473868,4.2628283,0.057422164,79.999979
94.59991,-4458.8058,0.23785182,0.50024688,0.11442128,4.2726971,0.057232362,79.999979
94.60991,-4460.1206,0.23801275,0.49996163,0.11410388,4.2825659,0.05704256,79.999979
94.61991,-4460.4756,0.23826357,0.49967638,0.11378647,4.2924348,0.056852759,79.999979
94.62991,-4460.4756,0.23826357,0.49939113,0.11346907,4.3023036,0.056662957,79.999979
94.63991,-4457.9721,0.23771607,0.49910588,0.11315167,4.3121724,0.056473156,79.999979
94.64991,-4457.6996,0.23760078,0.49882064,0.11283427,4.3220412,0.056283354,79.999979
94.65991,-4457.4272,0.23748549,0.49853539,0.11251686,4.33191,0.056093552,79.999979
94.66991,-4457.1547,0.2373702,0.49825014,0.11219946,4.3417789,0.055903751,79.999979
94.67991,-4457.3236,0.23764511,0.49796489,0.11188206,4.3516477,0.055713949,79.999979
94.68991,-4458.6357,0.23818244,0.49767964,0.11156465,4.3615165,0.055524148,79.999979
94.69991,-4458.6203,0.2373069,0.49739439,0.11124725,4.3713853,0.055334346,79.999979
94.70991,-4459.908,0.23729398,0.49710914,0.11092985,4.3812542,0.055144544,79.999979
94.71991,-4460.8622,0.2367395,0.49671003,0.11074258,4.3865771,0.055026234,79.999979
94.72991,-4460.2856,0.23717126,0.49605612,0.11097919,4.3714667,0.05506789,79.999979
94.73991,-4461.408,0.23702773,0.49540221,0.1112158,4.3563562,0.055109547,79.999979
94.74991,-4461.0088,0.23700695,0.4947483,0.11145241,4.3412458,0.055151204,79.999979
94.75991,-4461.1817,0.23738609,0.49409439,0.11168902,4.3261353,0.05519286,79.999979
94.76991,-4460.8775,0.23766698,0.49344048,0.11192563,4.3110248,0.055234517,79.999979
94.77991,-4461.3697,0.23747628,0.49278657,0.11216224,4.2959144,0.055276174,79.999979
94.78991,-4462.2093,0.23746075,0.49213266,0.11239885,4.2808039,0.055317831,79.999979
94.79991,-4462.1982,0.23761466,0.49147876,0.11263547,4.2656935,0.055359487,79.999979
94.80991,-4462.0582,0.23776857,0.49082485,0.11287208,4.250583,0.055401144,79.999979
94.81991,-4462.8865,0.23736197,0.49017094,0.11310869,4.2354725,0.055442801,79.999979
94.82991,-4459.9362,0.23688905,0.48951703,0.1133453,4.2203621,0.055484458,79.999979
94.83991,-4462.2916,0.23815468,0.49103805,0.11333398,4.2291964,0.055650763,79.999979
94.84991,-4462.3017,0.23768355,0.4928241,0.11329244,4.2443474,0.055832258,79.999979
94.85991,-4462.8783,0.23833704,0.49461016,0.11325091,4.2594984,0.056013753,79.999979
94.86991,-4462.8408,0.23853632,0.49639621,0.11320938,4.2746494,0.056195248,79.999979
94.87991,-4461.987,0.23741872,0.49818227,0.11316784,4.2898004,0.056376743,79.999979
94.88991,-4462.364,0.23801006,0.49996832,0.11312631,4.3049514,0.056558238,79.999979
94.899909,-4463.2599,0.2374502,0.50175438,0.11308478,4.3201024,0.056739734,79.999979
94.909909,-4464.1892,0.23721885,0.50354043,0.11304324,4.3352534,0.056921229,79.999979
94.919909,-4463.1387,0.23695484,0.50532649,0.11300171,4.3504044,0.057102724,79.999979
94.929909,-4462.0861,0.23714903,0.50508417,0.11304669,4.3655554,0.057121188,79.999979
94.939909,-4461.0334,0.23734322,0.50473231,0.11314991,4.36938,0.057130848,79.999979
94.949909,-4462.7215,0.23760224,0.50438045,0.11325314,4.3612859,0.057140508,79.999979
94.959909,-4461.6709,0.23605335,0.50402859,0.11335636,4.3531917,0.057150168,79.999979
94.969909,-4463.7122,0.23669537,0.50367674,0.11345958,4.3450975,0.057159828,79.999979
94.979909,-4461.9359,0.23732639,0.50332488,0.1135628,4.3370033,0.057169488,79.999979
94.989909,-4462.0303,0.23692026,0.50297302,0.11366602,4.3289091,0.057179148,79.999979
94.999909,-4463.0379,0.23684231,0.50262116,0.11376924,4.3208149,0.057188808,79.999979
95.009909,-4464.1186,0.23814983,0.5022693,0.11387247,4.3127207,0.057198468,79.999979
95.019909,-4464.8333,0.23768364,0.50191744,0.11397569,4.3046265,0.057208129,79.999979
95.029909,-4462.5645,0.23780233,0.50146692,0.11404034,4.2972894,0.057187763,79.999979
95.039909,-4463.4955,0.23710906,0.50038287,0.11385735,4.2948137,0.056974604,79.999979
95.049909,-4462.1303,0.23633654,0.49929882,0.11367436,4.292338,0.056761445,79.999979
95.059909,-4462.3273,0.2363874,0.49821477,0.11349137,4.2898624,0.056548286,79.999979
95.069909,-4464.3728,0.23641715,0.49713072,0.11330838,4.2873867,0.056335127,79.999979
95.079909,-4464.9082,0.2372587,0.49604667,0.11312539,4.284911,0.056121968,79.999979
95.089909,-4463.2553,0.23715513,0.49496262,0.11294239,4.2824354,0.05590881,79.999979
95.099909,-4462.8908,0.23775423,0.49387856,0.1127594,4.2799597,0.055695651,79.999979
95.109909,-4463.995,0.23705133,0.49279451,0.11257641,4.277484,0.055482492,79.999979
95.119909,-4464.8383,0.2368978,0.49171046,0.11239342,4.2750083,0.055269333,79.999979
95.129909,-4464.4913,0.23651357,0.49062641,0.11221043,4.2725327,0.055056174,79.999979
95.139909,-4464.6681,0.23758267,0.48954236,0.11202744,4.270057,0.054843015,79.999979
95.149909,-4465.5779,0.23718001,0.49004116,0.11206327,4.2721557,0.054917317,79.999979
95.159909,-4464.8455,0.23735081,0.4915079,0.1122329,4.2784677,0.055167405,79.999979
95.169909,-4463.1241,0.23682788,0.49297464,0.11240254,4.2847797,0.055417494,79.999979
95.179909,-4462.826,0.23668478,0.49444138,0.11257218,4.2910918,0.055667583,79.999979
95.189909,-4463.5754,0.23668567,0.49590812,0.11274182,4.2974038,0.055917671,79.999979
95.199909,-4464.9964,0.23723788,0.49737486,0.11291146,4.3037158,0.05616776,79.999979
95.209909,-4465.3372,0.2379434,0.4988416,0.1130811,4.3100278,0.056417848,79.999979
95.219909,-4466.1749,0.23806633,0.50030835,0.11325074,4.3163399,0.056667937,79.999979
95.229909,-4464.0905,0.23706107,0.50177509,0.11342037,4.3226519,0.056918026,79.999979
95.239909,-4463.3819,0.23713984,0.50324183,0.11359001,4.3289639,0.057168114,79.999979
95.249909,-4463.3309,0.23728579,0.50470857,0.11375965,4.335276,0.057418203,79.999979
95.259909,-4465.6542,0.23801502,0.50617531,0.11392929,4.341588,0.057668291,79.999979
95.269909,-4464.8738,0.23726637,0.50577915,0.11372796,4.3477161,0.057502932,79.999979
95.279909,-4466.8293,0.23758995,0.50531767,0.11346929,4.3538157,0.057323004,79.999979
95.289909,-4466.0964,0.23766569,0.50485619,0.11321062,4.3599153,0.057143077,79.999979
95.299909,-4465.657,0.23739849,0.50439471,0.11295194,4.3660149,0.056963149,79.999979
95.309909,-4464.5862,0.23713129,0.50393322,0.11269327,4.3721145,0.056783221,79.999979
95.319909,-4465.1095,0.237205,0.50347174,0.1124346,4.3782142,0.056603293,79.999979
95.329909,-4464.3223,0.23797308,0.50301026,0.11217593,4.3843138,0.056423365,79.999979
95.339909,-4465.443,0.23782419,0.50254878,0.11191726,4.3904134,0.056243437,79.999979
95.349909,-4464.2158,0.23815363,0.50286836,0.11206482,4.3874732,0.056355256,79.999979
95.359909,-4463.2906,0.23765597,0.50346794,0.11235801,4.3812923,0.056571659,79.999979
95.369909,-4463.7393,0.23765597,0.50406751,0.11265119,4.3751114,0.056788062,79.999979
95.379909,-4465.0376,0.23710172,0.50466709,0.11294438,4.3689305,0.057004466,79.999979
95.389909,-4465.0277,0.23718434,0.50526667,0.11323756,4.3627497,0.057220869,79.999979
95.399909,-4464.1683,0.23739413,0.50586624,0.11353075,4.3565688,0.057437272,79.999979
95.409909,-4463.4875,0.23633103,0.50646582,0.11382393,4.3503879,0.057653675,79.999979
95.419909,-4463.3579,0.23627641,0.5070654,0.11411712,4.3442071,0.057870079,79.999979
95.429909,-4464.6859,0.23668054,0.50766497,0.11441031,4.3380262,0.058086482,79.999979
95.439909,-4464.8871,0.23709151,0.50826455,0.11470349,4.3318453,0.058302885,79.999979
95.449909,-4465.8788,0.23730076,0.50886412,0.11499668,4.3256645,0.058519288,79.999979
95.459909,-4466.2993,0.23718032,0.50929627,0.11528848,4.3188956,0.058715727,79.999979
95.469909,-4465.1743,0.23662223,0.50877668,0.11557241,4.3039667,0.058798685,79.999979
95.479909,-4465.5402,0.23706826,0.50825709,0.11585634,4.2890378,0.058881643,79.999979
95.489909,-4465.6774,0.23693233,0.5077375,0.11614027,4.2741089,0.058964601,79.999979
95.499909,-4465.6387,0.23666784,0.50721791,0.1164242,4.25918,0.059047559,79.999979
95.509909,-4466.9425,0.23641137,0.50669832,0.11670813,4.2442511,0.059130517,79.999979
95.519909,-4462.9735,0.23718883,0.50617874,0.11699205,4.2293221,0.059213474,79.999979
95.529909,-4465.3092,0.23673849,0.50565915,0.11727598,4.2143932,0.059296432,79.999979
95.539909,-4464.3482,0.23696064,0.50513956,0.11755991,4.1994643,0.05937939,79.999979
95.549909,-4465.592,0.2370559,0.50461997,0.11784384,4.1845354,0.059462348,79.999979
95.559909,-4465.2536,0.23732001,0.50410038,0.11812777,4.1696065,0.059545306,79.999979
95.569909,-4465.976,0.23734101,0.50358079,0.1184117,4.1546776,0.059628264,79.999979
95.579909,-4465.2138,0.23697264,0.50305549,0.11867651,4.1397486,0.059700971,79.999979
95.589909,-4466.2242,0.23675485,0.50234795,0.11833155,4.1449393,0.059446707,79.999979
95.599909,-4466.4218,0.2373357,0.5016404,0.11798659,4.1516515,0.059192444,79.999979
95.609909,-4466.4218,0.2373357,0.50093286,0.11764162,4.1583636,0.05893818,79.999979
95.619909,-4466.4218,0.23740571,0.50022532,0.11729666,4.1650758,0.058683917,79.999979
95.629909,-4464.7172,0.23751076,0.49951777,0.1169517,4.171788,0.058429653,79.999979
95.639909,-4465.6617,0.23709168,0.49881023,0.11660674,4.1785002,0.05817539,79.999979
95.649909,-4463.7887,0.23774586,0.49810269,0.11626177,4.1852124,0.057921126,79.999979
95.659909,-4463.0694,0.23751265,0.49739514,0.11591681,4.1919246,0.057666863,79.999979
95.669909,-4464.1513,0.2365158,0.4966876,0.11557185,4.1986368,0.057412599,79.999979
95.679909,-4464.4132,0.23645048,0.49598005,0.11522688,4.205349,0.057158336,79.999979
95.689909,-4464.6751,0.23645048,0.49527251,0.11488192,4.2120612,0.056904072,79.999979
95.699909,-4464.937,0.23645048,0.49456497,0.11453696,4.2187734,0.056649809,79.999979
95.709909,-4465.2401,0.23811187,0.49385742,0.11419199,4.2254856,0.056395545,79.999979
95.719909,-4463.1467,0.23770932,0.49439506,0.11421529,4.2277319,0.056498675,79.999979
95.729909,-4463.715,0.23766991,0.49548875,0.11449314,4.2268911,0.056761402,79.999979
95.739909,-4464.6556,0.23754058,0.49658244,0.11477099,4.2260503,0.057024129,79.999979
95.749909,-4465.7018,0.23743353,0.49767613,0.11504885,4.2252095,0.057286856,79.999979
95.759909,-4464.7871,0.23711975,0.49876982,0.1153267,4.2243688,0.057549583,79.999979
95.769909,-4464.0542,0.23799703,0.49986351,0.11560455,4.223528,0.057812309,79.999979
95.779909,-4465.3373,0.23622987,0.5009572,0.1158824,4.2226872,0.058075036,79.999979
95.789909,-4462.9809,0.23736668,0.50205089,0.11616026,4.2218464,0.058337763,79.999979
95.799909,-4462.7824,0.23783274,0.50314457,0.11643811,4.2210057,0.05860049,79.999979
95.809909,-4465.0424,0.23850482,0.50423826,0.11671596,4.2201649,0.058863217,79.999979
95.819909,-4464.2746,0.23764804,0.50533195,0.11699381,4.2193241,0.059125944,79.999979
95.829909,-4463.9455,0.23657864,0.50630991,0.11718129,4.2187819,0.059329998,79.999979
95.839909,-4463.1976,0.23666081,0.50638806,0.11666616,4.2394596,0.05907789,79.999979
95.849909,-4462.1349,0.23689703,0.50646621,0.11615103,4.2601373,0.058825783,79.999979
95.859909,-4462.609,0.23689853,0.50654436,0.1156359,4.280815,0.058573675,79.999979
95.869909,-4462.7167,0.23713655,0.50662251,0.11512077,4.3014926,0.058321568,79.999979
95.879909,-4462.785,0.23777674,0.50670066,0.11460564,4.3221703,0.05806946,79.999979
95.889909,-4461.0717,0.23794474,0.50677881,0.11409051,4.342848,0.057817352,79.999979
95.899909,-4462.7015,0.23713408,0.50685696,0.11357538,4.3635257,0.057565245,79.999979
95.909909,-4461.8015,0.23727663,0.50693511,0.11306025,4.3842034,0.057313137,79.999979
95.919909,-4461.8015,0.23776753,0.50701327,0.11254512,4.404881,0.05706103,79.999979
95.929909,-4462.5375,0.23776753,0.50709142,0.11202999,4.4255587,0.056808922,79.999979
95.939909,-4460.8686,0.23761958,0.50716957,0.11151486,4.4462364,0.056556815,79.999979
95.949908,-4460.3195,0.23806362,0.50707202,0.11164284,4.4438388,0.056610581,79.999979
95.959908,-4462.1211,0.23851364,0.50690374,0.11202973,4.4268335,0.056787488,79.999979
95.969908,-4462.4296,0.23813941,0.50673546,0.11241662,4.4098283,0.056964396,79.999979
95.979908,-4462.6247,0.23819535,0.50656717,0.11280352,4.392823,0.057141304,79.999979
95.989908,-4462.6706,0.23824141,0.50639889,0.11319041,4.3758178,0.057318211,79.999979
95.999908,-4461.6845,0.23824141,0.50623061,0.1135773,4.3588126,0.057495119,79.999979
96.009908,-4460.4122,0.23717598,0.50606233,0.11396419,4.3418073,0.057672026,79.999979
96.019908,-4461.6167,0.23805225,0.50589405,0.11435108,4.3248021,0.057848934,79.999979
96.029908,-4462.2978,0.23808015,0.50572576,0.11473797,4.3077968,0.058025841,79.999979
96.039908,-4460.2857,0.23812264,0.50508534,0.11480508,4.2995215,0.057986434,79.999979
96.049908,-4462.8077,0.23705762,0.50433507,0.11479777,4.2932773,0.057896695,79.999979
96.059908,-4462.6729,0.23706693,0.50358479,0.11479047,4.2870332,0.057806957,79.999979
96.069908,-4462.538,0.23707624,0.50283452,0.11478317,4.2807891,0.057717218,79.999979
96.079908,-4462.4032,0.23708554,0.50208424,0.11477586,4.2745449,0.057627479,79.999979
96.089908,-4462.2684,0.23709485,0.50133396,0.11476856,4.2683008,0.057537741,79.999979
96.099908,-4460.7668,0.23724006,0.50058369,0.11476125,4.2620566,0.057448002,79.999979
96.109908,-4460.7945,0.23721336,0.49983341,0.11475395,4.2558125,0.057358263,79.999979
96.119908,-4462.1111,0.2364738,0.49908314,0.11474665,4.2495683,0.057268525,79.999979
96.129908,-4462.1411,0.23713583,0.49833286,0.11473934,4.2433242,0.057178786,79.999979
96.139908,-4461.92,0.23741981,0.49758258,0.11473204,4.2370801,0.057089047,79.999979
96.149908,-4462.0752,0.2377707,0.49683231,0.11472474,4.2308359,0.056999309,79.999979
96.159908,-4460.4575,0.23754283,0.49608203,0.11471743,4.2245918,0.05690957,79.999979
96.169908,-4460.041,0.23903435,0.49533176,0.11471013,4.2183476,0.056819831,79.999979
96.179908,-4460.5116,0.23864622,0.49458148,0.11470283,4.2121035,0.056730093,79.999979
96.189908,-4460.7256,0.23825808,0.4938312,0.11469552,4.2058593,0.056640354,79.999979
96.199908,-4460.8874,0.23790239,0.49308093,0.11468822,4.1996152,0.056550615,79.999979
96.209908,-4460.172,0.23742488,0.49268976,0.11482732,4.1913253,0.056574128,79.999979
96.219908,-4458.1632,0.23680839,0.49258199,0.11508194,4.1810425,0.056687012,79.999979
96.229908,-4459.0746,0.2375457,0.49247422,0.11533657,4.1707596,0.056799896,79.999979
96.239908,-4459.1467,0.2379782,0.49236644,0.1155912,4.1604768,0.056912781,79.999979
96.249908,-4459.4119,0.2381294,0.49225867,0.11584582,4.150194,0.057025665,79.999979
96.259908,-4459.0427,0.2380835,0.4921509,0.11610045,4.1399111,0.057138549,79.999979
96.269908,-4458.0828,0.23719761,0.49204313,0.11635508,4.1296283,0.057251434,79.999979
96.279908,-4458.2152,0.23794583,0.49193535,0.1166097,4.1193455,0.057364318,79.999979
96.289908,-4456.4411,0.23737018,0.49234483,0.11661291,4.1206677,0.057395125,79.999979
96.299908,-4457.9861,0.23815554,0.49343793,0.11620296,4.1459921,0.057317453,79.999979
96.309908,-4458.2868,0.23805737,0.49453104,0.11579302,4.1713165,0.057239781,79.999979
96.319908,-4457.9889,0.23782251,0.49562414,0.11538307,4.1966409,0.05716211,79.999979
96.329908,-4455.1622,0.23756143,0.49671725,0.11497313,4.2219653,0.057084438,79.999979
96.339908,-4456.9384,0.23807595,0.49781035,0.11456318,4.2472898,0.057006766,79.999979
96.349908,-4455.7997,0.23800649,0.49890345,0.11415324,4.2726142,0.056929095,79.999979
96.359908,-4456.0367,0.23723257,0.49999656,0.11374329,4.2979386,0.056851423,79.999979
96.369908,-4457.1249,0.23715508,0.50108966,0.11333335,4.323263,0.056773751,79.999979
96.379908,-4457.1249,0.23776749,0.50218276,0.1129234,4.3485874,0.05669608,79.999979
96.389908,-4454.6833,0.23743091,0.50327587,0.11251346,4.3739118,0.056618408,79.999979
96.399908,-4456.118,0.23829109,0.50436897,0.11210351,4.3992362,0.056540736,79.999979
96.409908,-4456.6615,0.23765757,0.50360794,0.11192577,4.3994823,0.056368122,79.999979
96.419908,-4453.7118,0.23821043,0.50259219,0.11177992,4.3962831,0.056182464,79.999979
96.429908,-4453.7118,0.23821043,0.50157645,0.11163407,4.393084,0.055996807,79.999979
96.439908,-4453.9172,0.23764339,0.5005607,0.11148822,4.3898848,0.055811149,79.999979
96.449908,-4455.6068,0.23751242,0.49954496,0.11134237,4.3866857,0.055625492,79.999979
96.459908,-4455.3395,0.23773695,0.49852921,0.11119652,4.3834866,0.055439834,79.999979
96.469908,-4455.7966,0.2380044,0.49751347,0.11105067,4.3802874,0.055254177,79.999979
96.479908,-4452.9678,0.23715638,0.49649772,0.11090482,4.3770883,0.055068519,79.999979
96.489908,-4454.3486,0.23766848,0.49548197,0.11075897,4.3738892,0.054882862,79.999979
96.499908,-4455.12,0.23801158,0.49446623,0.11061312,4.37069,0.054697204,79.999979
96.509908,-4455.12,0.23835467,0.49345048,0.11046727,4.3674909,0.054511547,79.999979
96.519908,-4455.189,0.23716937,0.49267877,0.11034276,4.3643419,0.054372031,79.999979
96.529908,-4452.8579,0.23790745,0.49372412,0.11052169,4.3650315,0.054576091,79.999979
96.539908,-4453.5698,0.23828363,0.49476946,0.11070062,4.365721,0.05478015,79.999979
96.549908,-4453.7575,0.23816903,0.49581481,0.11087955,4.3664106,0.05498421,79.999979
96.559908,-4453.2917,0.23800947,0.49686016,0.11105848,4.3671002,0.055188269,79.999979
96.569908,-4452.3833,0.23800947,0.4979055,0.11123741,4.3677898,0.055392328,79.999979
96.579908,-4450.8177,0.23843691,0.49895085,0.11141634,4.3684793,0.055596388,79.999979
96.589908,-4453.8518,0.23741945,0.4999962,0.11159527,4.3691689,0.055800447,79.999979
96.599908,-4451.1698,0.23756579,0.50104155,0.1117742,4.3698585,0.056004507,79.999979
96.609908,-4453.193,0.23685486,0.50152526,0.11195313,4.370548,0.056175192,79.999979
96.619908,-4453.0432,0.23685486,0.50164442,0.11213206,4.3712376,0.056324216,79.999979
96.629908,-4452.8933,0.23685486,0.50176358,0.11240474,4.365832,0.056473239,79.999979
96.639908,-4452.7434,0.23685486,0.50188274,0.11268412,4.3560451,0.056622263,79.999979
96.649908,-4453.897,0.23804968,0.5020019,0.1129635,4.3462581,0.056771286,79.999979
96.659908,-4450.4485,0.2380902,0.50212107,0.11324288,4.3364712,0.05692031,79.999979
96.669908,-4450.5263,0.2373419,0.50224023,0.11352226,4.3266842,0.057069333,79.999979
96.679908,-4450.3473,0.23763482,0.50235939,0.11380164,4.3168973,0.057218357,79.999979
96.689908,-4451.9577,0.23788257,0.50247855,0.11408102,4.3071103,0.05736738,79.999979
96.699908,-4452.9898,0.2375107,0.50259771,0.1143604,4.2973233,0.057516404,79.999979
96.709908,-4452.2284,0.23772882,0.50271687,0.11463978,4.2875364,0.057665427,79.999979
96.719908,-4452.2654,0.23796674,0.50283603,0.11491916,4.2777494,0.05781445,79.999979
96.729908,-4452.8925,0.23719579,0.5029552,0.11519854,4.2679625,0.057963474,79.999979
96.739908,-4452.8251,0.23675861,0.50307436,0.11547792,4.2581755,0.058112497,79.999979
96.749908,-4452.9823,0.23707468,0.50319352,0.1157573,4.2483885,0.058261521,79.999979
96.759908,-4453.2923,0.23757232,0.50331268,0.11603668,4.2386016,0.058410544,79.999979
96.769908,-4453.3723,0.23787036,0.50343184,0.11631606,4.2288146,0.058559568,79.999979
96.779908,-4449.5687,0.23822881,0.50309078,0.11630972,4.2253426,0.058515376,79.999979
96.789908,-4451.6349,0.23764149,0.5024035,0.11608844,4.2277234,0.058325828,79.999979
96.799908,-4451.7448,0.23824924,0.50171621,0.11586716,4.2301042,0.058136281,79.999979
96.809908,-4452.0324,0.23838101,0.50102893,0.11564589,4.232485,0.057946734,79.999979
96.819908,-4452.0324,0.23838101,0.50034164,0.11542461,4.2348658,0.057757186,79.999979
96.829908,-4449.7638,0.23837216,0.49965436,0.11520333,4.2372466,0.057567639,79.999979
96.839908,-4451.8707,0.23761941,0.49896707,0.11498205,4.2396274,0.057378091,79.999979
96.849908,-4451.0917,0.23819229,0.49827979,0.11476077,4.2420082,0.057188544,79.999979
96.859908,-4449.0119,0.23795791,0.4975925,0.11453949,4.244389,0.056998997,79.999979
96.869908,-4448.8202,0.23800631,0.49690522,0.11431821,4.2467699,0.056809449,79.999979
96.879908,-4448.8202,0.23805471,0.49621793,0.11409694,4.2491507,0.056619902,79.999979
96.889908,-4450.4918,0.23809419,0.49553065,0.11387566,4.2515315,0.056430354,79.999979
96.899908,-4451.3245,0.23841057,0.49522021,0.11370419,4.2552959,0.056308911,79.999979
96.909908,-4451.9944,0.23881107,0.49687391,0.11379233,4.2662721,0.056542424,79.999979
96.919908,-4450.5945,0.23821704,0.4985276,0.11388048,4.2772482,0.056775937,79.999979
96.929908,-4450.645,0.23808355,0.5001813,0.11396862,4.2882244,0.05700945,79.999979
96.939908,-4450.7783,0.23794106,0.50183499,0.11405677,4.2992005,0.057242963,79.999979
96.949908,-4451.1496,0.23772496,0.50348869,0.11414491,4.3101766,0.057476476,79.999979
96.959908,-4450.8538,0.23777861,0.50514238,0.11423306,4.3211528,0.057709989,79.999979
96.969908,-4451.2728,0.2370921,0.50679608,0.1143212,4.3321289,0.057943501,79.999979
96.979908,-4450.2118,0.23813609,0.50844977,0.11440934,4.343105,0.058177014,79.999979
96.989908,-4450.8604,0.2381115,0.51010347,0.11449749,4.3540812,0.058410527,79.999979
96.999907,-4450.9416,0.23810348,0.51175716,0.11458563,4.3650573,0.05864404,79.999979
97.009907,-4451.0329,0.23810348,0.51341086,0.11467378,4.3760334,0.058877553,79.999979
97.019907,-4450.6828,0.23788085,0.51506455,0.11476192,4.3870096,0.059111066,79.999979
97.029907,-4450.3978,0.23864704,0.51604494,0.11476974,4.396225,0.05922685,79.999979
97.039907,-4449.4611,0.23786046,0.51533084,0.1145754,4.3976563,0.059046353,79.999979
97.049907,-4449.4611,0.23786046,0.51461674,0.11438106,4.3990875,0.058865856,79.999979
97.059907,-4449.9422,0.23773214,0.51390263,0.11418672,4.4005187,0.058685359,79.999979
97.069907,-4450.786,0.23754065,0.51318853,0.11399237,4.40195,0.058504861,79.999979
97.079907,-4449.1557,0.23842242,0.51247443,0.11379803,4.4033812,0.058324364,79.999979
97.089907,-4449.1879,0.23825501,0.51176033,0.11360369,4.4048124,0.058143867,79.999979
97.099907,-4449.75,0.23806251,0.51104623,0.11340935,4.4062437,0.05796337,79.999979
97.109907,-4450.3214,0.23812546,0.51033213,0.11321501,4.4076749,0.057782873,79.999979
97.119907,-4450.8928,0.23812687,0.50961803,0.11302067,4.4091062,0.057602376,79.999979
97.129907,-4451.2612,0.23808672,0.50890393,0.11282633,4.4105374,0.057421879,79.999979
97.139907,-4449.8099,0.23789171,0.50818983,0.11263199,4.4119686,0.057241381,79.999979
97.149907,-4446.7383,0.23783846,0.50747573,0.11243765,4.4133999,0.057060884,79.999979
97.159907,-4446.5924,0.23817946,0.50674904,0.11232506,4.4118628,0.056919944,79.999979
97.169907,-4447.8287,0.23817946,0.50592716,0.11283087,4.3878709,0.057078252,79.999979
97.179907,-4448.588,0.23811656,0.50510528,0.11333669,4.3638789,0.05723656,79.999979
97.189907,-4448.9784,0.23782357,0.5042834,0.11384251,4.3398869,0.057394869,79.999979
97.199907,-4449.3804,0.23790487,0.50346152,0.11434832,4.3158949,0.057553177,79.999979
97.209907,-4446.5467,0.23768066,0.50263964,0.11485414,4.2919029,0.057711485,79.999979
97.219907,-4447.7763,0.23755928,0.50181776,0.11535996,4.267911,0.057869794,79.999979
97.229907,-4447.8637,0.23754495,0.50099588,0.11586577,4.243919,0.058028102,79.999979
97.239907,-4447.3888,0.23739848,0.500174,0.11637159,4.219927,0.05818641,79.999979
97.249907,-4446.2143,0.23756119,0.49935212,0.1168774,4.195935,0.058344718,79.999979
97.259907,-4445.209,0.23901817,0.49853024,0.11738322,4.171943,0.058503027,79.999979
97.269907,-4447.3667,0.23768971,0.49770836,0.11788904,4.147951,0.058661335,79.999979
97.279907,-4444.9606,0.23813709,0.49688648,0.11839485,4.1239591,0.058819643,79.999979
97.289907,-4446.4425,0.23825119,0.4960646,0.11890067,4.0999671,0.058977952,79.999979
97.299907,-4445.7376,0.23848404,0.49554763,0.11940649,4.0759751,0.059087099,79.999979
97.309907,-4445.0327,0.2380872,0.49640447,0.11961019,4.0519831,0.058974736,79.999979
97.319907,-4444.4318,0.2376811,0.49726131,0.11913203,4.0465103,0.058862373,79.999979
97.329907,-4444.8411,0.23868953,0.49811815,0.11865387,4.0737722,0.05875001,79.999979
97.339907,-4445.8176,0.23782063,0.498975,0.1181757,4.101034,0.058637647,79.999979
97.349907,-4445.2976,0.23819108,0.49983184,0.11769754,4.1282958,0.058525284,79.999979
97.359907,-4445.3403,0.23860333,0.50068868,0.11721938,4.1555576,0.058412921,79.999979
97.369907,-4445.3829,0.23863503,0.50154552,0.11674122,4.1828194,0.058300558,79.999979
97.379907,-4445.4255,0.23819202,0.50240237,0.11626306,4.2100812,0.058188195,79.999979
97.389907,-4446.059,0.23823751,0.50325921,0.1157849,4.2373431,0.058075832,79.999979
97.399907,-4443.6052,0.2385704,0.50411605,0.11530674,4.2646049,0.057963469,79.999979
97.409907,-4444.9946,0.23802003,0.50497289,0.11482858,4.2918667,0.057851106,79.999979
97.419907,-4444.613,0.23875818,0.50582974,0.11435042,4.3191285,0.057738743,79.999979
97.429907,-4444.447,0.23856893,0.50668658,0.11387226,4.3463903,0.05762638,79.999979
97.439907,-4444.447,0.23795384,0.50754342,0.1133941,4.3736522,0.057514017,79.999979
97.449907,-4445.3363,0.23760596,0.50840027,0.11291593,4.400914,0.057401654,79.999979
97.459907,-4444.0009,0.23804835,0.50768724,0.11317966,4.3876933,0.057455925,79.999979
97.469907,-4445.0691,0.23812917,0.50671424,0.11356625,4.3645677,0.057537791,79.999979
97.479907,-4444.3137,0.23812917,0.50574125,0.11395283,4.3414421,0.057619656,79.999979
97.489907,-4443.9175,0.23790363,0.50476825,0.11433941,4.3183165,0.057701522,79.999979
97.499907,-4444.2143,0.23739314,0.50379525,0.114726,4.2951909,0.057783387,79.999979
97.509907,-4444.1936,0.23822149,0.50282225,0.11511258,4.2720653,0.057865253,79.999979
97.519907,-4444.5374,0.23782301,0.50184926,0.11549917,4.2489397,0.057947118,79.999979
97.529907,-4441.1504,0.23772757,0.50087626,0.11588575,4.2258141,0.058028983,79.999979
97.539907,-4442.9253,0.23801886,0.49990326,0.11627234,4.2026885,0.058110849,79.999979
97.549907,-4443.0159,0.23822875,0.49893026,0.11665892,4.1795628,0.058192714,79.999979
97.559907,-4442.1217,0.23841109,0.49795727,0.11704551,4.1564372,0.05827458,79.999979
97.569907,-4441.2629,0.23857398,0.49698427,0.11743209,4.1333116,0.058356445,79.999979
97.579907,-4443.4739,0.23761287,0.49601127,0.11781867,4.110186,0.058438311,79.999979
97.589907,-4442.0152,0.23852716,0.4969219,0.11830227,4.1006734,0.058793657,79.999979
97.599907,-4440.9886,0.23720474,0.49837408,0.11881375,4.0950745,0.05922763,79.999979
97.609907,-4441.7744,0.23719804,0.49982626,0.11932523,4.0894757,0.059661602,79.999979
97.619907,-4441.8125,0.23719133,0.50127844,0.11983671,4.0838768,0.060095575,79.999979
97.629907,-4441.526,0.23719023,0.50273062,0.12034819,4.078278,0.060529548,79.999979
97.639907,-4440.7262,0.23746574,0.5041828,0.12085967,4.0726791,0.06096352,79.999979
97.649907,-4440.4051,0.2381005,0.50563498,0.12137115,4.0670803,0.061397493,79.999979
97.659907,-4442.723,0.23775106,0.50708716,0.12188263,4.0614814,0.061831466,79.999979
97.669907,-4444.0673,0.23777016,0.50853934,0.12239411,4.0558826,0.062265439,79.999979
97.679907,-4444.0673,0.23796448,0.50999152,0.12290559,4.0502837,0.062699411,79.999979
97.689907,-4443.9333,0.23789026,0.51144369,0.12341707,4.0446849,0.063133384,79.999979
97.699907,-4437.3307,0.23851256,0.51289587,0.12392855,4.039086,0.063567357,79.999979
97.709907,-4440.1343,0.23809928,0.51365366,0.12415551,4.0370106,0.063773028,79.999979
97.719907,-4437.6308,0.23886269,0.51352046,0.1240174,4.0405709,0.063685762,79.999979
97.729907,-4437.8056,0.23840749,0.51338726,0.12387929,4.0441312,0.063598496,79.999979
97.739907,-4437.9607,0.23795024,0.51325406,0.12374118,4.0476915,0.063511231,79.999979
97.749907,-4438.0819,0.23771041,0.51312086,0.12360307,4.0512518,0.063423965,79.999979
97.759907,-4436.8479,0.23765244,0.51298766,0.12346496,4.054812,0.0633367,79.999979
97.769907,-4439.7782,0.23878123,0.51285446,0.12332685,4.0583723,0.063249434,79.999979
97.779907,-4436.2732,0.23843726,0.51272126,0.12318874,4.0619326,0.063162168,79.999979
97.789907,-4437.7564,0.23804896,0.51258806,0.12305063,4.0654929,0.063074903,79.999979
97.799907,-4438.1834,0.2386308,0.51245486,0.12291252,4.0690532,0.062987637,79.999979
97.809907,-4438.1834,0.23903169,0.51232166,0.12277441,4.0726135,0.062900371,79.999979
97.819907,-4435.0898,0.23861154,0.51218846,0.1226363,4.0761738,0.062813106,79.999979
97.829907,-4437.3551,0.23782892,0.51204904,0.12249214,4.0797341,0.062722041,79.999979
97.839907,-4439.072,0.23899761,0.5114409,0.121892,4.0952187,0.062344499,79.999979
97.849907,-4439.1542,0.23865171,0.51083276,0.12129185,4.1118485,0.061966957,79.999979
97.859907,-4438.4655,0.23843708,0.51022462,0.1206917,4.1284783,0.061589414,79.999979
97.869907,-4438.9197,0.23822245,0.50961648,0.12009156,4.1451081,0.061211872,79.999979
97.879907,-4438.2444,0.23836599,0.50900834,0.11949141,4.1617378,0.06083433,79.999979
97.889907,-4437.1214,0.23844183,0.5084002,0.11889126,4.1783676,0.060456788,79.999979
97.899907,-4436.7427,0.23904741,0.50779206,0.11829111,4.1949974,0.060079246,79.999979
97.909907,-4437.0329,0.23774266,0.50718392,0.11769097,4.2116272,0.059701704,79.999979
97.919907,-4437.6442,0.23868721,0.50657578,0.11709082,4.228257,0.059324162,79.999979
97.929907,-4438.2556,0.23899122,0.50596764,0.11649067,4.2448868,0.05894662,79.999979
97.939907,-4436.5019,0.23890042,0.5053595,0.11589052,4.2615165,0.058569078,79.999979
97.949907,-4437.6782,0.23892786,0.50505142,0.11547104,4.2737169,0.058335495,79.999979
97.959907,-4433.0003,0.23842971,0.50535733,0.11552553,4.2742965,0.058396481,79.999979
97.969907,-4433.0992,0.23885527,0.50566324,0.11558002,4.2748761,0.058457467,79.999979
97.979907,-4433.2384,0.23848599,0.50596915,0.11563451,4.2754557,0.058518453,79.999979
97.989907,-4433.871,0.238232,0.50627506,0.115689,4.2760352,0.058579439,79.999979
97.999907,-4433.2672,0.23805152,0.50658097,0.11574349,4.2766148,0.058640425,79.999979
98.009907,-4433.5114,0.23802965,0.50688688,0.11579798,4.2771944,0.058701412,79.999979
98.019907,-4434.5864,0.23888081,0.50719279,0.11585247,4.277774,0.058762398,79.999979
98.029907,-4432.4999,0.23873049,0.5074987,0.11590696,4.2783535,0.058823384,79.999979
98.039907,-4431.6881,0.23744854,0.50737862,0.11596898,4.2753072,0.058840224,79.999979
98.049906,-4432.7349,0.23820255,0.50702508,0.11603613,4.2697974,0.058832871,79.999979
98.059906,-4432.2059,0.23825411,0.50667154,0.11610327,4.2642877,0.058825518,79.999979
98.069906,-4431.6769,0.23830566,0.506318,0.11617041,4.2587779,0.058818164,79.999979
98.079906,-4431.1479,0.23835722,0.50596446,0.11623756,4.2532681,0.058810811,79.999979
98.089906,-4430.6189,0.23840877,0.50561092,0.1163047,4.2477584,0.058803457,79.999979
98.099906,-4430.2216,0.23846033,0.50525738,0.11637185,4.2422486,0.058796104,79.999979
98.109906,-4429.9671,0.23898975,0.50490384,0.11643899,4.2367388,0.05878875,79.999979
98.119906,-4431.4904,0.23872426,0.5045503,0.11650613,4.2312291,0.058781397,79.999979
98.129906,-4432.4306,0.23851973,0.50419676,0.11657328,4.2257193,0.058774044,79.999979
98.139906,-4432.4477,0.23880866,0.50384322,0.11664042,4.2202096,0.05876669,79.999979
98.149906,-4433.4324,0.23891684,0.50348967,0.11670757,4.2146998,0.058759337,79.999979
98.159906,-4429.4225,0.23975942,0.50313613,0.11677471,4.20919,0.058751983,79.999979
98.169906,-4430.7572,0.23806613,0.50278259,0.11684185,4.2036803,0.05874463,79.999979
98.179906,-4431.7897,0.23806613,0.50242905,0.116909,4.1981705,0.058737277,79.999979
98.189906,-4432.0162,0.23815424,0.50207551,0.11697614,4.1926607,0.058729923,79.999979
98.199906,-4432.4572,0.2382978,0.50172197,0.11704329,4.187151,0.05872257,79.999979
98.209906,-4432.0271,0.23874845,0.50136843,0.11711043,4.1816412,0.058715216,79.999979
98.219906,-4429.6839,0.23931416,0.50105445,0.11726797,4.1737734,0.058764881,79.999979
98.229906,-4430.0136,0.2382706,0.50081096,0.11763008,4.1589675,0.058916115,79.999979
98.239906,-4427.5923,0.23886952,0.50056746,0.11799219,4.1441617,0.05906735,79.999979
98.249906,-4427.7951,0.23927443,0.50032396,0.11835431,4.1293558,0.059218585,79.999979
98.259906,-4428.9603,0.23947517,0.50008047,0.11871642,4.1145499,0.059369819,79.999979
98.269906,-4428.5991,0.23825769,0.49983697,0.11907853,4.099744,0.059521054,79.999979
98.279906,-4430.2873,0.23914063,0.49959347,0.11944065,4.0849381,0.059672288,79.999979
98.289906,-4428.8096,0.2385936,0.49934998,0.11980276,4.0701323,0.059823523,79.999979
98.299906,-4428.1627,0.23833993,0.49910648,0.12016488,4.0553264,0.059974757,79.999979
98.309906,-4427.906,0.23830685,0.49886298,0.12052699,4.0405205,0.060125992,79.999979
98.319906,-4427.906,0.23850548,0.49861948,0.1208891,4.0257146,0.060277227,79.999979
98.329906,-4430.3568,0.23871678,0.49837599,0.12125122,4.0109087,0.060428461,79.999979
98.339906,-4428.9363,0.23881918,0.49816561,0.12136529,4.0051658,0.060407916,79.999979
98.349906,-4430.5956,0.23802411,0.49802229,0.12064953,4.0297431,0.060039613,79.999979
98.359906,-4429.4139,0.23830909,0.49787897,0.11993376,4.0543204,0.05967131,79.999979
98.369906,-4429.2786,0.23817655,0.49773565,0.119218,4.0788978,0.059303008,79.999979
98.379906,-4429.246,0.23823866,0.49759233,0.11850224,4.1034751,0.058934705,79.999979
98.389906,-4429.246,0.23833081,0.49744901,0.11778648,4.1280524,0.058566402,79.999979
98.399906,-4426.8052,0.23974893,0.49730569,0.11707072,4.1526298,0.058198099,79.999979
98.409906,-4428.8884,0.23888886,0.49716237,0.11635495,4.1772071,0.057829796,79.999979
98.419906,-4426.0841,0.23859277,0.49701905,0.11563919,4.2017844,0.057461493,79.999979
98.429906,-4424.3027,0.23866333,0.49687573,0.11492343,4.2263618,0.05709319,79.999979
98.439906,-4424.0954,0.23873389,0.49673241,0.11420767,4.2509391,0.056724887,79.999979
98.449906,-4426.8855,0.23882567,0.49658909,0.11349191,4.2755164,0.056356585,79.999979
98.459906,-4428.3692,0.2385009,0.49703217,0.11315342,4.292739,0.056242855,79.999979
98.469906,-4426.1591,0.23912671,0.49870694,0.11360737,4.2899978,0.056663845,79.999979
98.479906,-4426.1595,0.23905572,0.50038171,0.11406133,4.2872565,0.057084836,79.999979
98.489906,-4426.9975,0.23863228,0.50205648,0.11451528,4.2845153,0.057505826,79.999979
98.499906,-4427.1216,0.23831151,0.50373126,0.11496924,4.281774,0.057926817,79.999979
98.509906,-4426.4623,0.23813386,0.50540603,0.1154232,4.2790328,0.058347807,79.999979
98.519906,-4422.3931,0.23851334,0.5070808,0.11587715,4.2762915,0.058768798,79.999979
98.529906,-4427.0493,0.23879312,0.50875557,0.11633111,4.2735503,0.059189789,79.999979
98.539906,-4424.3237,0.23941195,0.51043034,0.11678506,4.2708091,0.059610779,79.999979
98.549906,-4423.1203,0.23849161,0.50967051,0.11655412,4.2727484,0.059406402,79.999979
98.559906,-4422.7051,0.238144,0.50885619,0.11630784,4.2750622,0.059188031,79.999979
98.569906,-4422.7051,0.23813093,0.50804187,0.11606157,4.2773759,0.05896966,79.999979
98.579906,-4427.5096,0.23909448,0.50722756,0.11581529,4.2796897,0.058751289,79.999979
98.589906,-4420.3439,0.23907475,0.50641324,0.11556902,4.2820035,0.058532918,79.999979
98.599906,-4425.5805,0.23893581,0.50559893,0.11532275,4.2843173,0.058314547,79.999979
98.609906,-4422.0591,0.23906382,0.50478461,0.11507647,4.2866311,0.058096176,79.999979
98.619906,-4422.5419,0.23932004,0.50397029,0.1148302,4.2889448,0.057877805,79.999979
98.629906,-4423.0248,0.2391778,0.50315598,0.11458392,4.2912586,0.057659434,79.999979
98.639906,-4423.4946,0.23894106,0.50234166,0.11433765,4.2935724,0.057441063,79.999979
98.649906,-4421.1932,0.23950484,0.50152735,0.11409137,4.2958862,0.057222692,79.999979
98.659906,-4420.634,0.2392399,0.50071303,0.1138451,4.2982,0.057004321,79.999979
98.669906,-4417.8879,0.23908618,0.50094052,0.11394284,4.2964605,0.057079632,79.999979
98.679906,-4419.2054,0.23884636,0.50151176,0.1141541,4.2933836,0.057251847,79.999979
98.689906,-4419.5372,0.2387433,0.50208299,0.11436535,4.2903067,0.057424062,79.999979
98.699906,-4419.7276,0.23884432,0.50265423,0.1145766,4.2872298,0.057596277,79.999979
98.709906,-4420.0378,0.23863724,0.50322547,0.11478786,4.2841529,0.057768493,79.999979
98.719906,-4419.4208,0.23906551,0.50379671,0.11499911,4.281076,0.057940708,79.999979
98.729906,-4420.1237,0.23955309,0.50436795,0.11521036,4.2779991,0.058112923,79.999979
98.739906,-4420.1237,0.23832199,0.50493919,0.11542162,4.2749222,0.058285138,79.999979
98.749906,-4420.1237,0.23832199,0.50551043,0.11563287,4.2718453,0.058457353,79.999979
98.759906,-4419.1444,0.23821834,0.50608167,0.11584412,4.2687684,0.058629568,79.999979
98.769906,-4418.427,0.23901563,0.50665291,0.11605538,4.2656915,0.058801783,79.999979
98.779906,-4417.8075,0.23948601,0.50722415,0.11626663,4.2626146,0.058973998,79.999979
98.789906,-4418.0494,0.23886362,0.50751377,0.11648423,4.2570056,0.059117316,79.999979
98.799906,-4415.9869,0.23897744,0.50748336,0.11670905,4.2485191,0.059227796,79.999979
98.809906,-4416.2858,0.23901968,0.50745295,0.11693386,4.2400325,0.059338276,79.999979
98.819906,-4417.6026,0.23850154,0.50742254,0.11715867,4.231546,0.059448756,79.999979
98.829906,-4415.641,0.239427,0.50739214,0.11738349,4.2230595,0.059559237,79.999979
98.839906,-4416.781,0.23980147,0.50736173,0.1176083,4.214573,0.059669717,79.999979
98.849906,-4417.1812,0.23908946,0.50733132,0.11783312,4.2060865,0.059780197,79.999979
98.859906,-4415.5898,0.2387246,0.50730091,0.11805793,4.1976,0.059890678,79.999979
98.869906,-4415.1619,0.23872482,0.5072705,0.11828274,4.1891134,0.060001158,79.999979
98.879906,-4414.3377,0.23872517,0.5072401,0.11850756,4.1806269,0.060111638,79.999979
98.889906,-4416.0638,0.23946277,0.50720969,0.11873237,4.1721404,0.060222118,79.999979
98.899906,-4413.3709,0.23966046,0.50717928,0.11895719,4.1636539,0.060332599,79.999979
98.909906,-4415.64,0.2385216,0.50679984,0.11872147,4.1696602,0.060135,79.999979
98.919906,-4415.9956,0.23838488,0.50628978,0.11821201,4.1842815,0.059822107,79.999979
98.929906,-4416.3219,0.23969609,0.50577972,0.11770254,4.1989027,0.059509214,79.999979
98.939906,-4415.549,0.24006251,0.50526966,0.11719308,4.213524,0.059196322,79.999979
98.949906,-4413.838,0.24000195,0.50475959,0.11668362,4.2281452,0.058883429,79.999979
98.959906,-4414.7721,0.23967237,0.50424953,0.11617415,4.2427665,0.058570537,79.999979
98.969906,-4413.7476,0.23968192,0.50373947,0.11566469,4.2573877,0.058257644,79.999979
98.979906,-4416.2004,0.23901036,0.50322941,0.11515522,4.2720089,0.057944751,79.999979
98.989906,-4416.2109,0.23901036,0.50271935,0.11464576,4.2866302,0.057631859,79.999979
98.999906,-4416.4707,0.23943414,0.50220929,0.1141363,4.3012514,0.057318966,79.999979
99.009906,-4414.8532,0.239941,0.50169923,0.11362683,4.3158727,0.057006073,79.999979
99.019906,-4414.082,0.23915116,0.50118916,0.11311737,4.3304939,0.056693181,79.999979
99.029906,-4414.3267,0.23928555,0.50142592,0.1130475,4.3354376,0.056703803,79.999979
99.039906,-4414.7219,0.2389537,0.50201078,0.11323553,4.333306,0.056865224,79.999979
99.049906,-4414.7219,0.2389537,0.50259564,0.11342355,4.3311744,0.057026645,79.999979
99.059906,-4414.7219,0.2389537,0.50318051,0.11361158,4.3290427,0.057188066,79.999979
99.069906,-4414.7219,0.2389537,0.50376537,0.1137996,4.3269111,0.057349487,79.999979
99.079906,-4414.7219,0.2389537,0.50435024,0.11398763,4.3247795,0.057510908,79.999979
99.089906,-4414.7219,0.23895221,0.5049351,0.11417565,4.3226478,0.05767233,79.999979
99.099905,-4415.0674,0.23904405,0.50551996,0.11436368,4.3205162,0.057833751,79.999979
99.109905,-4415.0069,0.23960481,0.50610483,0.1145517,4.3183846,0.057995172,79.999979
99.119905,-4414.9463,0.24002361,0.50668969,0.11473973,4.3162529,0.058156593,79.999979
99.129905,-4414.8858,0.24026457,0.50727455,0.11492775,4.3141213,0.058318014,79.999979
99.139905,-4413.7115,0.23951492,0.50785942,0.11511578,4.3119897,0.058479435,79.999979
99.149905,-4414.2231,0.23914044,0.50844428,0.1153038,4.309858,0.058640856,79.999979
99.159905,-4413.4853,0.23972208,0.50902915,0.11549183,4.3077264,0.058802278,79.999979
99.169905,-4412.8939,0.24003528,0.50961401,0.11567985,4.3055948,0.058963699,79.999979
99.179905,-4412.9526,0.24003528,0.51019887,0.11586788,4.3034631,0.05912512,79.999979
99.189905,-4413.0679,0.23989667,0.51078374,0.1160559,4.3013315,0.059286541,79.999979
99.199905,-4414.3877,0.23959255,0.5113686,0.11624393,4.2991999,0.059447962,79.999979
99.209905,-4413.6894,0.23961197,0.51195346,0.11643195,4.2970682,0.059609383,79.999979
99.219905,-4412.3776,0.23841669,0.51193692,0.11648633,4.2948528,0.059634096,79.999979
99.229905,-4413.1784,0.23907429,0.51119109,0.11637866,4.2925356,0.059493028,79.999979
99.239905,-4414.1257,0.23914122,0.51044526,0.11627098,4.2902184,0.059351961,79.999979
99.249905,-4413.6269,0.23853807,0.50969943,0.1161633,4.2879013,0.059210893,79.999979
99.259905,-4414.2659,0.23823435,0.5089536,0.11605562,4.2855841,0.059069826,79.999979
99.269905,-4413.6642,0.23898654,0.50820777,0.11594794,4.283267,0.058928758,79.999979
99.279905,-4412.5887,0.23909544,0.50746194,0.11584026,4.2809498,0.058787691,79.999979
99.289905,-4414.0436,0.23979241,0.50671611,0.11573258,4.2786326,0.058646623,79.999979
99.299905,-4413.5206,0.23967274,0.50597028,0.1156249,4.2763155,0.058505556,79.999979
99.309905,-4412.9976,0.23955308,0.50522445,0.11551722,4.2739983,0.058364488,79.999979
99.319905,-4412.4747,0.23943341,0.50447862,0.11540954,4.2716811,0.05822342,79.999979
99.329905,-4412.4957,0.23989883,0.50373279,0.11530186,4.269364,0.058082353,79.999979
99.339905,-4410.5754,0.23951601,0.50298696,0.11519418,4.2670468,0.057941285,79.999979
99.349905,-4410.2201,0.2396732,0.50315521,0.11509852,4.2713035,0.05791286,79.999979
99.359905,-4410.2201,0.23971188,0.50344253,0.11500615,4.2773636,0.057899109,79.999979
99.369905,-4410.6916,0.23934592,0.50372985,0.11491378,4.2834237,0.057885357,79.999979
99.379905,-4411.4226,0.23864689,0.50401717,0.11482142,4.2894837,0.057871605,79.999979
99.389905,-4410.5864,0.23917708,0.50430449,0.11472905,4.2955438,0.057857854,79.999979
99.399905,-4412.7241,0.23883758,0.50459182,0.11463668,4.3016039,0.057844102,79.999979
99.409905,-4413.145,0.23979853,0.50487914,0.11454431,4.3076639,0.05783035,79.999979
99.419905,-4411.8563,0.23953224,0.50516646,0.11445195,4.313724,0.057816599,79.999979
99.429905,-4410.5675,0.23950422,0.50545378,0.11435958,4.3197841,0.057802847,79.999979
99.439905,-4410.2873,0.2394762,0.5057411,0.11426721,4.3258441,0.057789095,79.999979
99.449905,-4411.0011,0.2394925,0.50602843,0.11417484,4.3319042,0.057775344,79.999979
99.459905,-4410.51,0.23949159,0.50631575,0.11408248,4.3379643,0.057761592,79.999979
99.469905,-4412.0481,0.23969462,0.50676135,0.11413295,4.3396139,0.057866751,79.999979
99.479905,-4412.3307,0.23909479,0.50748989,0.11459284,4.3286212,0.058184479,79.999979
99.489905,-4412.6651,0.23942582,0.50821843,0.11505274,4.3176285,0.058502208,79.999979
99.499905,-4413.2193,0.23924663,0.50894697,0.11551263,4.3066358,0.058819937,79.999979
99.509905,-4410.1589,0.23880966,0.50967552,0.11597253,4.2956432,0.059137665,79.999979
99.519905,-4411.2454,0.23892302,0.51040406,0.11643242,4.2846505,0.059455394,79.999979
99.529905,-4412.1834,0.23861712,0.5111326,0.11689232,4.2736578,0.059773122,79.999979
99.539905,-4411.8533,0.23923358,0.51186114,0.11735221,4.2626651,0.060090851,79.999979
99.549905,-4411.5766,0.23924109,0.51258969,0.11781211,4.2516724,0.06040858,79.999979
99.559905,-4410.2659,0.23943928,0.51331823,0.11827201,4.2406798,0.060726308,79.999979
99.569905,-4411.7895,0.23951828,0.51404677,0.1187319,4.2296871,0.061044037,79.999979
99.579905,-4412.1249,0.23955445,0.51477531,0.1191918,4.2186944,0.061361765,79.999979
99.589905,-4409.8463,0.24003315,0.51517737,0.11954438,4.2102023,0.061541549,79.999979
99.599905,-4412.9308,0.23896269,0.51441794,0.11910191,4.2202368,0.06123059,79.999979
99.609905,-4412.9572,0.23913648,0.51365851,0.11865943,4.2302712,0.060919631,79.999979
99.619905,-4411.5718,0.23910318,0.51289908,0.11821696,4.2403056,0.060608671,79.999979
99.629905,-4410.2132,0.23937553,0.51213965,0.11777448,4.2503401,0.060297712,79.999979
99.639905,-4409.7706,0.24076149,0.51138022,0.11733201,4.2603745,0.059986752,79.999979
99.649905,-4411.7644,0.23925985,0.5106208,0.11688953,4.2704089,0.059675793,79.999979
99.659905,-4410.6597,0.24070646,0.50986137,0.11644706,4.2804434,0.059364834,79.999979
99.669905,-4410.8204,0.24069652,0.50910194,0.11600459,4.2904778,0.059053874,79.999979
99.679905,-4410.9812,0.24051992,0.50834251,0.11556211,4.3005122,0.058742915,79.999979
99.689905,-4411.6793,0.24034332,0.50758308,0.11511964,4.3105467,0.058431956,79.999979
99.699905,-4412.4704,0.23961747,0.50682365,0.11467716,4.3205811,0.058120996,79.999979
99.709905,-4409.4838,0.23978048,0.50630567,0.1142933,4.3297183,0.057885621,79.999979
99.719905,-4411.2707,0.24021634,0.50647808,0.11421969,4.3341062,0.057866364,79.999979
99.729905,-4411.2707,0.24021634,0.50665049,0.11414607,4.3384941,0.057847107,79.999979
99.739905,-4411.2022,0.23999507,0.5068229,0.11407246,4.3428821,0.05782785,79.999979
99.749905,-4410.8493,0.23944805,0.50699531,0.11399885,4.34727,0.057808593,79.999979
99.759905,-4411.4514,0.23890153,0.50716772,0.11392523,4.3516579,0.057789336,79.999979
99.769905,-4410.4659,0.23915506,0.50734013,0.11385162,4.3560458,0.057770079,79.999979
99.779905,-4411.9323,0.23939628,0.50751254,0.113778,4.3604338,0.057750822,79.999979
99.789905,-4411.9316,0.23924231,0.50768495,0.11370439,4.3648217,0.057731565,79.999979
99.799905,-4410.9545,0.23927977,0.50785736,0.11363077,4.3692096,0.057712308,79.999979
99.809905,-4409.3444,0.23937193,0.50802976,0.11355716,4.3735975,0.057693051,79.999979
99.819905,-4410.2036,0.23989558,0.50820217,0.11348355,4.3779855,0.057673793,79.999979
99.829905,-4411.115,0.23882174,0.50846413,0.11340316,4.3830313,0.057661324,79.999979
99.839905,-4410.0156,0.23949883,0.50929121,0.11328003,4.3952339,0.057691687,79.999979
99.849905,-4411.3973,0.23925938,0.51011829,0.1131569,4.4074365,0.057722051,79.999979
99.859905,-4406.5731,0.23904593,0.51094537,0.11303377,4.4196392,0.057752415,79.999979
99.869905,-4407.5433,0.23962285,0.51177245,0.11291064,4.4318418,0.057782779,79.999979
99.879905,-4408.1088,0.2399917,0.51259953,0.11278751,4.4440444,0.057813143,79.999979
99.889905,-4408.1088,0.24016733,0.51342661,0.11266439,4.4562471,0.057843506,79.999979
99.899905,-4410.54,0.24012351,0.51425369,0.11254126,4.4684497,0.05787387,79.999979
99.909905,-4411.5459,0.23974733,0.51508078,0.11241813,4.4806523,0.057904234,79.999979
99.919905,-4411.4589,0.2392714,0.51478301,0.11251051,4.476698,0.0579177,79.999979
99.929905,-4410.9915,0.2391584,0.51416738,0.11266379,4.4651294,0.057926391,79.999979
99.939905,-4410.599,0.23902283,0.51355174,0.11281706,4.4535608,0.057935082,79.999979
99.949905,-4408.7555,0.23972167,0.51293611,0.11297034,4.4419922,0.057943773,79.999979
99.959905,-4408.7506,0.23987299,0.51232048,0.11312362,4.4304236,0.057952464,79.999979
99.969905,-4411.6685,0.23881853,0.51170485,0.1132769,4.418855,0.057961155,79.999979
99.979905,-4408.6198,0.23911774,0.51108922,0.11343017,4.4072864,0.057969846,79.999979
99.989905,-4410.5057,0.23913915,0.51047359,0.11358345,4.3957177,0.057978537,79.999979
99.999905,-4411.1952,0.23960959,0.50985796,0.11373673,4.3841491,0.057987228,79.999979
100.0099,-4411.8798,0.23973579,0.50924233,0.11389001,4.3725805,0.057995919,79.999979
100.0199,-4410.86,0.23933818,0.50862669,0.11404329,4.3610119,0.05800461,79.999979
100.0299,-4407.1726,0.23882625,0.50789429,0.11419908,4.3490527,0.058001181,79.999979
100.0399,-4409.4684,0.24057364,0.50657341,0.11437432,4.330893,0.057936676,79.999979
100.0499,-4411.1944,0.23936095,0.50525253,0.11454957,4.3127334,0.057872171,79.999979
100.0599,-4411.1944,0.23899969,0.50393165,0.11472481,4.2945737,0.057807665,79.999979
100.0699,-4410.5059,0.23885578,0.50261077,0.11490006,4.2764141,0.05774316,79.999979
100.0799,-4407.7921,0.23907965,0.50128989,0.1150753,4.2582544,0.057678655,79.999979
100.0899,-4408.0284,0.24087315,0.49996901,0.11525054,4.2400948,0.057614149,79.999979
100.0999,-4408.8847,0.23935401,0.49864813,0.11542579,4.2219351,0.057549644,79.999979
100.1099,-4410.9168,0.23913259,0.49732725,0.11560103,4.2037755,0.057485138,79.999979
100.1199,-4410.845,0.23966606,0.49600637,0.11577628,4.1856158,0.057420633,79.999979
100.1299,-4411.4667,0.23942193,0.4946855,0.11595152,4.1674562,0.057356128,79.999979
100.1399,-4410.1326,0.23950781,0.49336462,0.11612676,4.1492965,0.057291622,79.999979
100.1499,-4407.0125,0.23993667,0.49325815,0.1166177,4.1298654,0.057542557,79.999979
100.1599,-4409.9606,0.24024575,0.49426792,0.11746754,4.1089887,0.058083427,79.999979
100.1699,-4409.2272,0.24007872,0.49527768,0.11831738,4.088112,0.058624298,79.999979
100.1799,-4408.8269,0.23938412,0.49628745,0.11916722,4.0672354,0.059165168,79.999979
100.1899,-4409.5043,0.23985491,0.49729722,0.12001706,4.0463587,0.059706039,79.999979
100.1999,-4407.6307,0.23996977,0.49830698,0.1208669,4.0254821,0.060246909,79.999979
100.2099,-4409.2853,0.23901464,0.49931675,0.12171674,4.0046054,0.060787779,79.999979
100.2199,-4406.4805,0.23905194,0.50032651,0.12256658,3.9837287,0.06132865,79.999979
100.2299,-4411.7971,0.23910095,0.50109121,0.12296752,3.9743815,0.061617414,79.999979
100.2399,-4411.6214,0.23940536,0.50145702,0.12263778,3.9887152,0.061495831,79.999979
100.2499,-4411.1465,0.2397229,0.50182283,0.12230805,4.0030489,0.061374248,79.999979
100.2599,-4409.6507,0.24004044,0.50218864,0.12197831,4.0173826,0.061252665,79.999979
100.2699,-4410.1215,0.23897446,0.50255445,0.12164858,4.0317163,0.061131081,79.999979
100.2799,-4411.5605,0.23973294,0.50292026,0.12131885,4.04605,0.061009498,79.999979
100.2899,-4407.2824,0.23977634,0.50328607,0.12098911,4.0603837,0.060887915,79.999979
100.2999,-4408.2291,0.23949569,0.50365187,0.12065938,4.0747174,0.060766332,79.999979
100.3099,-4408.5542,0.23949312,0.50401768,0.12032965,4.0890511,0.060644748,79.999979
100.3199,-4409.35,0.23976915,0.50438349,0.11999991,4.1033848,0.060523165,79.999979
100.3299,-4409.8657,0.23911596,0.5047493,0.11967018,4.1177185,0.060401582,79.999979
100.3399,-4411.158,0.23889965,0.50511511,0.11934045,4.1320522,0.060279999,79.999979
100.3499,-4412.2915,0.23924648,0.50510672,0.11902407,4.1434412,0.0601205,79.999979
100.3599,-4411.2631,0.23888232,0.50474796,0.1187202,4.1514524,0.059925499,79.999979
100.3699,-4410.8368,0.23925868,0.50438919,0.11841634,4.1594636,0.059730498,79.999979
100.3799,-4410.8368,0.23934575,0.50403043,0.11811247,4.1674748,0.059535497,79.999979
100.3899,-4410.3351,0.23912052,0.50367166,0.1178086,4.175486,0.059340496,79.999979
100.3999,-4409.1864,0.23935463,0.5033129,0.11750473,4.1834972,0.059145495,79.999979
100.4099,-4409.4175,0.23988786,0.50295413,0.11720087,4.1915083,0.058950494,79.999979
100.4199,-4410.6175,0.23950458,0.50259537,0.116897,4.1995195,0.058755493,79.999979
100.4299,-4409.0891,0.23919035,0.5022366,0.11659313,4.2075307,0.058560492,79.999979
100.4399,-4409.0891,0.23919035,0.50187784,0.11628927,4.2155419,0.058365491,79.999979
100.4499,-4410.8083,0.23940686,0.50151907,0.1159854,4.2235531,0.058170491,79.999979
100.4599,-4411.4229,0.23966671,0.50116031,0.11568153,4.2315643,0.05797549,79.999979
100.4699,-4409.9133,0.23969746,0.50134443,0.11550897,4.2395967,0.057909473,79.999979
100.4799,-4412.3351,0.23827421,0.50188548,0.11542274,4.24765,0.057928255,79.999979
100.4899,-4410.6897,0.23871644,0.50242652,0.11533651,4.2557034,0.057947037,79.999979
100.4999,-4409.8713,0.23965518,0.50296756,0.11525028,4.2637568,0.057965819,79.999979
100.5099,-4411.2245,0.23899881,0.50350861,0.11516405,4.2718101,0.057984601,79.999979
100.5199,-4410.3845,0.23948876,0.50404965,0.11507782,4.2798635,0.058003383,79.999979
100.5299,-4412.7196,0.23936824,0.50459069,0.11499159,4.2879168,0.058022165,79.999979
100.5399,-4410.0958,0.24051744,0.50513173,0.11490536,4.2959702,0.058040947,79.999979
100.5499,-4411.2606,0.24094145,0.50567278,0.11481913,4.3040235,0.058059729,79.999979
100.5599,-4411.8381,0.24062461,0.50621382,0.1147329,4.3120769,0.058078511,79.999979
100.5699,-4411.4693,0.23940783,0.50675486,0.11464667,4.3201302,0.058097293,79.999979
100.5799,-4410.6352,0.24034576,0.50725547,0.11459477,4.3265601,0.058128794,79.999979
100.5899,-4411.4911,0.23887085,0.50716967,0.11504069,4.3094502,0.058344712,79.999979
100.5999,-4412.3488,0.24084031,0.50708388,0.11548661,4.2923402,0.058560631,79.999979
100.6099,-4409.3375,0.23944651,0.50699809,0.11593252,4.2752303,0.058776549,79.999979
100.6199,-4409.1212,0.23936681,0.5069123,0.11637844,4.2581203,0.058992467,79.999979
100.6299,-4409.1212,0.23936681,0.50682651,0.11682436,4.2410103,0.059208386,79.999979
100.6399,-4411.4296,0.23885147,0.50674072,0.11727028,4.2239004,0.059424304,79.999979
100.6499,-4411.9344,0.2402594,0.50665493,0.1177162,4.2067904,0.059640222,79.999979
100.6599,-4410.4423,0.23866735,0.50656913,0.11816212,4.1896805,0.059856141,79.999979
100.6699,-4411.1052,0.23943297,0.50648334,0.11860804,4.1725705,0.060072059,79.999979
100.6799,-4411.2183,0.23987619,0.50639755,0.11905395,4.1554605,0.060287978,79.999979
100.6899,-4412.6307,0.24025722,0.50631176,0.11949987,4.1383506,0.060503896,79.999979
100.6999,-4410.7361,0.23941814,0.50646236,0.1195657,4.133975,0.060514579,79.999979
100.7099,-4412.2838,0.23916052,0.50715566,0.1184955,4.1814735,0.060054071,79.999979
100.7199,-4407.8015,0.24020152,0.50784896,0.1174253,4.2289721,0.059593563,79.999979
100.7299,-4411.1003,0.23867158,0.50854226,0.1163551,4.2764706,0.059133055,79.999979
100.7399,-4411.8175,0.23840961,0.50923556,0.1152849,4.3239692,0.058672548,79.999979
100.7499,-4410.2054,0.23883092,0.50992887,0.1142147,4.3714677,0.05821204,79.999979
100.7599,-4409.1393,0.23922009,0.51062217,0.11314449,4.4189663,0.057751532,79.999979
100.7699,-4412.0112,0.23938984,0.51131547,0.11207429,4.4664648,0.057291024,79.999979
100.7799,-4409.2038,0.23963057,0.51200877,0.11100409,4.5139633,0.056830517,79.999979
100.7899,-4409.3157,0.24054081,0.51220603,0.11053257,4.5339847,0.056615488,79.999979
100.7999,-4407.6444,0.24033678,0.51204185,0.11049726,4.5339858,0.056579317,79.999979
100.8099,-4406.7216,0.24013275,0.51187768,0.11046195,4.533987,0.056543146,79.999979
100.8199,-4406.903,0.2398745,0.51171351,0.11042664,4.5339882,0.056506976,79.999979
100.8299,-4406.5997,0.23916384,0.51154933,0.11039132,4.5339893,0.056470805,79.999979
100.8399,-4409.0425,0.23955257,0.51138516,0.11035601,4.5339905,0.056434634,79.999979
100.8499,-4408.8863,0.2401284,0.51122099,0.1103207,4.5339916,0.056398463,79.999979
100.8599,-4409.58,0.23947811,0.51105681,0.11028539,4.5339928,0.056362293,79.999979
100.8699,-4408.7745,0.23925361,0.51089264,0.11025007,4.533994,0.056326122,79.999979
100.8799,-4407.7635,0.23922985,0.51072847,0.11021476,4.5339951,0.056289951,79.999979
100.8899,-4407.1073,0.23920897,0.51056429,0.11017945,4.5339963,0.056253781,79.999979
100.8999,-4405.8041,0.24035895,0.51040012,0.11014414,4.5339974,0.05621761,79.999979
100.9099,-4406.8298,0.23992015,0.51007721,0.11014893,4.5310299,0.056186287,79.999979
100.9199,-4407.0663,0.24045273,0.50963296,0.11019155,4.5252634,0.05615867,79.999979
100.9299,-4407.5385,0.24042836,0.50918872,0.11023416,4.5194968,0.056131053,79.999979
100.9399,-4408.0106,0.2403893,0.50874447,0.11027677,4.5137302,0.056103436,79.999979
100.9499,-4408.4828,0.24035024,0.50830023,0.11031939,4.5079636,0.056075819,79.999979
100.9599,-4409.2297,0.23932063,0.50785598,0.110362,4.502197,0.056048202,79.999979
100.9699,-4404.529,0.23926221,0.50741174,0.11040461,4.4964304,0.056020584,79.999979
100.9799,-4404.1391,0.23926221,0.50696749,0.11044723,4.4906638,0.055992967,79.999979
100.9899,-4404.2512,0.23998119,0.50652325,0.11048984,4.4848972,0.05596535,79.999979
100.9999,-4405.5514,0.24042019,0.506079,0.11053245,4.4791306,0.055937733,79.999979
101.0099,-4406.0548,0.23952865,0.50563476,0.11057507,4.473364,0.055910116,79.999979
101.0199,-4405.2301,0.24087727,0.50519051,0.11061768,4.4675974,0.055882499,79.999979
101.0299,-4405.0473,0.23861187,0.50474627,0.1106603,4.4618308,0.055854882,79.999979
101.0399,-4403.4,0.23941449,0.50430203,0.11070291,4.4560643,0.055827264,79.999979
101.0499,-4402.6797,0.23936781,0.50385778,0.11074552,4.4502977,0.055799647,79.999979
101.0599,-4404.0589,0.23952642,0.50341354,0.11078814,4.4445311,0.05577203,79.999979
101.0699,-4404.9006,0.23949885,0.50296929,0.11083075,4.4387645,0.055744413,79.999979
101.0799,-4404.7707,0.23979628,0.50279492,0.11120739,4.4237199,0.055914294,79.999979
101.0899,-4403.6907,0.23994781,0.50271737,0.11170387,4.4033555,0.056155025,79.999979
101.0999,-4405.7497,0.23949027,0.50263982,0.11220035,4.3829911,0.056395757,79.999979
101.1099,-4405.1075,0.23991196,0.50256227,0.11269682,4.3626267,0.056636489,79.999979
101.1199,-4405.1075,0.2400175,0.50248471,0.1131933,4.3422623,0.05687722,79.999979
101.1299,-4402.926,0.24040977,0.50240716,0.11368977,4.3218979,0.057117952,79.999979
101.1399,-4403.0746,0.24007687,0.50232961,0.11418625,4.3015335,0.057358684,79.999979
101.1499,-4402.4283,0.23952434,0.50225206,0.11468272,4.2811691,0.057599415,79.999979
101.1599,-4403.3967,0.24055465,0.50209506,0.11502003,4.2652673,0.057751111,79.999979
101.1699,-4403.0377,0.24055465,0.50171689,0.11491419,4.2660359,0.057654923,79.999979
101.1799,-4402.9318,0.24043517,0.50133872,0.11480834,4.2668044,0.057558734,79.999979
101.1899,-4403.9525,0.24023322,0.50096055,0.1147025,4.267573,0.057462546,79.999979
101.1999,-4402.6459,0.24024855,0.50058238,0.11459666,4.2683415,0.057366358,79.999979
101.2099,-4401.665,0.23949179,0.50020421,0.11449081,4.2691101,0.057270169,79.999979
101.2199,-4400.967,0.23965941,0.49982604,0.11438497,4.2698787,0.057173981,79.999979
101.2299,-4401.9976,0.23890507,0.49944787,0.11427913,4.2706472,0.057077792,79.999979
101.2399,-4402.4902,0.23926079,0.4990697,0.11417328,4.2714158,0.056981604,79.999979
101.2499,-4402.3858,0.23971555,0.49869153,0.11406744,4.2721844,0.056885415,79.999979
101.2599,-4399.6293,0.24006233,0.49831336,0.1139616,4.2729529,0.056789227,79.999979
101.2699,-4400.7887,0.24061949,0.49793519,0.11385575,4.2737215,0.056693038,79.999979
101.2799,-4400.3459,0.23963899,0.49797555,0.11371285,4.2785614,0.056620651,79.999979
101.2899,-4399.1647,0.23948307,0.49854526,0.11349832,4.2912707,0.056578367,79.999979
101.2999,-4399.2371,0.23954963,0.49911496,0.11328379,4.3039801,0.056536082,79.999979
101.3099,-4401.0205,0.24044439,0.49968467,0.11306925,4.3166894,0.056493797,79.999979
101.3199,-4401.363,0.24050321,0.50025437,0.11285472,4.3293988,0.056451513,79.999979
101.3299,-4401.1307,0.24001548,0.50082408,0.11264019,4.3421081,0.056409228,79.999979
101.3399,-4401.0357,0.23921074,0.50139378,0.11242565,4.3548174,0.056366944,79.999979
101.3499,-4398.4269,0.24038078,0.50196349,0.11221112,4.3675268,0.056324659,79.999979
101.3599,-4399.2109,0.23984044,0.50251054,0.11199659,4.3802361,0.05626642,79.999979
101.3699,-4400.4081,0.24009553,0.50297714,0.11178205,4.3929454,0.056151536,79.999979
101.3799,-4400.8614,0.24035061,0.50344374,0.11144656,4.4110063,0.056036651,79.999979
101.3899,-4400.7382,0.24023135,0.50391035,0.11110322,4.4301244,0.055921766,79.999979
101.3999,-4399.4132,0.23978815,0.50437695,0.11075989,4.4492424,0.055806882,79.999979
101.4099,-4400.4165,0.23936106,0.50484356,0.11041656,4.4683605,0.055691997,79.999979
101.4199,-4401.6802,0.23918697,0.50531016,0.11007322,4.4874785,0.055577112,79.999979
101.4299,-4400.4602,0.23904733,0.50577676,0.10972989,4.5065966,0.055462227,79.999979
101.4399,-4398.134,0.23933226,0.50624337,0.10938656,4.5257146,0.055347343,79.999979
101.4499,-4398.5366,0.23986001,0.50670997,0.10904322,4.5448327,0.055232458,79.999979
101.4599,-4399.8687,0.23929787,0.50717658,0.10869989,4.5639507,0.055117573,79.999979
101.4699,-4399.9447,0.23934749,0.50764318,0.10835656,4.5830688,0.055002689,79.999979
101.4799,-4400.5075,0.23999363,0.50748555,0.10839649,4.5840186,0.055008275,79.999979
101.4899,-4398.9743,0.23959245,0.50686849,0.1087185,4.5649876,0.055102526,79.999979
101.4999,-4398.3415,0.23872637,0.50625143,0.10904051,4.5459566,0.055196778,79.999979
101.5099,-4398.2975,0.23910422,0.50563437,0.10936252,4.5269255,0.055291029,79.999979
101.5199,-4399.536,0.23957295,0.50501731,0.10968453,4.5078945,0.05538528,79.999979
101.5299,-4399.225,0.23957527,0.50440025,0.11000654,4.4888634,0.055479531,79.999979
101.5399,-4399.3582,0.24036123,0.50378319,0.11032855,4.4698324,0.055573782,79.999979
101.5499,-4397.2823,0.23917457,0.50316613,0.11065056,4.4508014,0.055668033,79.999979
101.5599,-4398.3377,0.23917457,0.50254907,0.11097257,4.4317703,0.055762285,79.999979
101.5699,-4398.3377,0.23902484,0.50193201,0.11129458,4.4127393,0.055856536,79.999979
101.5799,-4398.3634,0.23993848,0.50131495,0.11161659,4.3937082,0.055950787,79.999979
101.5899,-4399.7779,0.2404127,0.50069789,0.1119386,4.3746772,0.056045038,79.999979
101.5999,-4397.5844,0.23944579,0.50008083,0.11226061,4.3556462,0.056139289,79.999979
101.6099,-4399.6856,0.2397407,0.50052493,0.11265669,4.3438819,0.0563896,79.999979
101.6199,-4399.6856,0.2397407,0.50100795,0.1130555,4.3328012,0.056645634,79.999979
101.6299,-4398.8794,0.24045786,0.50149097,0.1134543,4.3217204,0.056901668,79.999979
101.6399,-4397.7947,0.24042755,0.50197399,0.11385311,4.3106397,0.057157702,79.999979
101.6499,-4400.2982,0.23951763,0.50245701,0.11425191,4.2995589,0.057413737,79.999979
101.6599,-4396.6563,0.24054979,0.50294003,0.11465072,4.2884782,0.057669771,79.999979
101.6699,-4400.4651,0.24006557,0.50342305,0.11504952,4.2773974,0.057925805,79.999979
101.6799,-4399.8728,0.24006557,0.50390606,0.11544833,4.2663167,0.05818184,79.999979
101.6899,-4399.6631,0.23994683,0.50438908,0.11584713,4.2552359,0.058437874,79.999979
101.6999,-4400.1854,0.23973812,0.5048721,0.11624594,4.2441552,0.058693908,79.999979
101.7099,-4397.2499,0.24018948,0.50535512,0.11664474,4.2330744,0.058949942,79.999979
101.7199,-4399.558,0.2408841,0.50583814,0.11704355,4.2219937,0.059205977,79.999979
101.7299,-4399.4039,0.23953983,0.50623383,0.11708761,4.2236462,0.059273289,79.999979
101.7399,-4397.8441,0.23993627,0.50657489,0.1169098,4.2332628,0.059222567,79.999979
101.7499,-4398.3286,0.2404257,0.50691595,0.11673199,4.2428793,0.059171844,79.999979
101.7599,-4398.5288,0.24024976,0.50725701,0.11655419,4.2524959,0.059121121,79.999979
101.7699,-4398.6973,0.24005684,0.50759807,0.11637638,4.2621124,0.059070399,79.999979
101.7799,-4399.3702,0.24027502,0.50793913,0.11619857,4.2717289,0.059019676,79.999979
101.7899,-4399.0753,0.24119285,0.50828019,0.11602076,4.2813455,0.058968953,79.999979
101.7999,-4399.2643,0.24094935,0.50862125,0.11584296,4.290962,0.058918231,79.999979
101.8099,-4399.1492,0.23911521,0.50896231,0.11566515,4.3005785,0.058867508,79.999979
101.8199,-4398.776,0.23887934,0.50930338,0.11548734,4.3101951,0.058816785,79.999979
101.8299,-4397.2928,0.23993068,0.50964444,0.11530953,4.3198116,0.058766062,79.999979
101.8399,-4397.6065,0.24049279,0.5099855,0.11513173,4.3294282,0.05871534,79.999979
101.8499,-4398.3409,0.24033621,0.50994984,0.11486372,4.3398924,0.058570661,79.999979
101.8599,-4397.0811,0.24000155,0.50979397,0.11455455,4.3507437,0.058396001,79.999979
101.8699,-4398.2858,0.23980546,0.50963811,0.11424538,4.3615949,0.058221342,79.999979
101.8799,-4398.3971,0.23996048,0.50948225,0.11393621,4.3724462,0.058046682,79.999979
101.8899,-4397.7471,0.23976114,0.50932638,0.11362704,4.3832974,0.057872023,79.999979
101.8999,-4397.0655,0.23953716,0.50917052,0.11331787,4.3941487,0.057697363,79.999979
101.9099,-4397.37,0.23949095,0.50901465,0.11300869,4.4049999,0.057522704,79.999979
101.9199,-4397.9399,0.23978825,0.50885879,0.11269952,4.4158511,0.057348044,79.999979
101.9299,-4397.9399,0.23988509,0.50870292,0.11239035,4.4267024,0.057173385,79.999979
101.9399,-4397.6204,0.23988509,0.50854706,0.11208118,4.4375536,0.056998725,79.999979
101.9499,-4396.5796,0.23988509,0.5083912,0.11177201,4.4484049,0.056824066,79.999979
101.9599,-4397.3009,0.23970419,0.50823533,0.11146284,4.4592561,0.056649406,79.999979
101.9699,-4397.9476,0.24034749,0.50808415,0.11161673,4.4533245,0.056710178,79.999979
101.9799,-4396.9229,0.24018727,0.50793521,0.11199146,4.4373443,0.05688323,79.999979
101.9899,-4395.864,0.240179,0.50778627,0.11236619,4.4213641,0.057056283,79.999979
101.9999,-4396.3927,0.24000078,0.50763732,0.11274092,4.405384,0.057229335,79.999979
102.0099,-4396.9215,0.23982256,0.50748838,0.11311566,4.3894038,0.057402388,79.999979
102.0199,-4397.4503,0.23964434,0.50733944,0.11349039,4.3734236,0.05757544,79.999979
102.0299,-4396.8331,0.23954545,0.50719049,0.11386512,4.3574434,0.057748493,79.999979
102.0399,-4396.8331,0.23950522,0.50704155,0.11423985,4.3414632,0.057921546,79.999979
102.0499,-4397.5552,0.23971627,0.50689261,0.11461459,4.325483,0.058094598,79.999979
102.0599,-4397.8587,0.23974979,0.50674366,0.11498932,4.3095028,0.058267651,79.999979
102.0699,-4397.7626,0.23923883,0.50659472,0.11536405,4.2935226,0.058440703,79.999979
102.0799,-4395.631,0.24006837,0.50644578,0.11573878,4.2775424,0.058613756,79.999979
102.0899,-4397.7764,0.23993045,0.50629683,0.11611352,4.2615622,0.058786809,79.999979
102.0999,-4397.8503,0.23932043,0.50614789,0.11648825,4.2455821,0.058959861,79.999979
102.1099,-4399.0438,0.23972885,0.50615278,0.11682629,4.2325541,0.059129874,79.999979
102.1199,-4399.1098,0.23961347,0.50634555,0.11710875,4.2239997,0.059296174,79.999979
102.1299,-4399.1412,0.23952218,0.50653832,0.1173912,4.2154454,0.059462474,79.999979
102.1399,-4399.1412,0.23952218,0.50673109,0.11767366,4.206891,0.059628774,79.999979
102.1499,-4397.1043,0.24024379,0.50692385,0.11795611,4.1983367,0.059795074,79.999979
102.1599,-4396.6201,0.24009646,0.50711662,0.11823857,4.1897823,0.059961374,79.999979
102.1699,-4395.5431,0.23974952,0.50730939,0.11852103,4.181228,0.060127674,79.999979
102.1799,-4396.569,0.23974952,0.50750216,0.11880348,4.1726736,0.060293975,79.999979
102.1899,-4396.6703,0.23974952,0.50769493,0.11908594,4.1641193,0.060460275,79.999979
102.1999,-4396.465,0.23921532,0.5078877,0.11936839,4.1555649,0.060626575,79.999979
102.2099,-4394.6991,0.23917457,0.50808047,0.11965085,4.1470105,0.060792875,79.999979
102.2199,-4396.6041,0.23959126,0.50827323,0.1199333,4.1384562,0.060959175,79.999979
102.2299,-4397.3252,0.23917125,0.50833781,0.12010799,4.1322933,0.061045087,79.999979
102.2399,-4395.4678,0.23994527,0.5081255,0.11998326,4.1349478,0.060957359,79.999979
102.2499,-4395.7578,0.24057003,0.50791318,0.11985853,4.1376022,0.060869631,79.999979
102.2599,-4396.8988,0.24064636,0.50770087,0.1197338,4.1402566,0.060781904,79.999979
102.2699,-4396.398,0.23929347,0.50748856,0.11960908,4.142911,0.060694176,79.999979
102.2799,-4397.2045,0.23943123,0.50727624,0.11948435,4.1455654,0.060606448,79.999979
102.2899,-4397.034,0.2396408,0.50706393,0.11935962,4.1482198,0.06051872,79.999979
102.2999,-4397.2938,0.24004108,0.50685161,0.11923489,4.1508743,0.060430992,79.999979
102.3099,-4397.5861,0.24018125,0.5066393,0.11911016,4.1535287,0.060343264,79.999979
102.3199,-4396.628,0.24027895,0.50642698,0.11898543,4.1561831,0.060255537,79.999979
102.3299,-4395.4659,0.23927926,0.50621467,0.11886071,4.1588375,0.060167809,79.999979
102.3399,-4397.2951,0.23961098,0.50600236,0.11873598,4.1614919,0.060080081,79.999979
102.3499,-4395.4164,0.24029584,0.50579004,0.11861125,4.1641463,0.059992353,79.999979
102.3599,-4394.2035,0.23919654,0.50595236,0.11820896,4.180269,0.059806863,79.999979
102.3699,-4394.2035,0.23939293,0.50614121,0.11778701,4.1982029,0.05961445,79.999979
102.3799,-4394.2035,0.23958933,0.50633007,0.11736506,4.2161368,0.059422036,79.999979
102.3899,-4394.2035,0.23978573,0.50651892,0.11694312,4.2340707,0.059229623,79.999979
102.3999,-4394.2558,0.23998212,0.50670777,0.11652117,4.2520045,0.05903721,79.999979
102.4099,-4394.9897,0.23977731,0.50689662,0.11609922,4.2699384,0.058844796,79.999979
102.4199,-4396.7048,0.24091347,0.50708547,0.11567727,4.2878723,0.058652383,79.999979
102.4299,-4396.2247,0.24093523,0.50727432,0.11525533,4.3058062,0.058459969,79.999979
102.4399,-4396.9092,0.24095699,0.50746318,0.11483338,4.3237401,0.058267556,79.999979
102.4499,-4396.7664,0.24037305,0.50765203,0.11441143,4.341674,0.058075143,79.999979
102.4599,-4395.2483,0.24057257,0.50784088,0.11398948,4.3596079,0.057882729,79.999979
102.4699,-4394.835,0.23945742,0.50802973,0.11356754,4.3775418,0.057690316,79.999979
102.4799,-4393.6224,0.23948531,0.50821858,0.11314559,4.3954757,0.057497902,79.999979
102.4899,-4394.3483,0.23876664,0.50840743,0.11272364,4.4134096,0.057305489,79.999979
102.4999,-4394.9067,0.23866535,0.50859629,0.11230169,4.4313435,0.057113076,79.999979
102.5099,-4395.0418,0.23905838,0.50878514,0.11187975,4.4492774,0.056920662,79.999979
102.5199,-4394.201,0.2396407,0.50897399,0.1114578,4.4672113,0.056728249,79.999979
102.5299,-4395.142,0.2396924,0.50868873,0.11136038,4.4692454,0.056672773,79.999979
102.5399,-4395.8189,0.23987146,0.50753804,0.11201539,4.4344155,0.056867264,79.999979
102.5499,-4393.0779,0.23987615,0.50638735,0.1126704,4.3995855,0.057061756,79.999979
102.5599,-4393.8267,0.24038661,0.50523666,0.1133254,4.3647555,0.057256247,79.999979
102.5699,-4394.9496,0.23978158,0.50408597,0.11398041,4.3299255,0.057450738,79.999979
102.5799,-4395.4407,0.23956866,0.50293528,0.11463542,4.2950956,0.057645229,79.999979
102.5899,-4392.2705,0.2401086,0.50178459,0.11529043,4.2602656,0.05783972,79.999979
102.5999,-4393.6651,0.24059234,0.5006339,0.11594544,4.2254356,0.058034211,79.999979
102.6099,-4393.5124,0.24073992,0.49948321,0.11660045,4.1906057,0.058228702,79.999979
102.6199,-4393.294,0.24056758,0.49833252,0.11725545,4.1557757,0.058423193,79.999979
102.6299,-4392.1823,0.24009478,0.49718183,0.11791046,4.1209457,0.058617684,79.999979
102.6399,-4391.757,0.2397582,0.49603281,0.11856547,4.0861157,0.058811879,79.999979
102.6499,-4392.7225,0.24029186,0.49591427,0.11864556,4.0800146,0.05882402,79.999979
102.6599,-4394.3835,0.24008444,0.49579573,0.11869463,4.0773009,0.058836161,79.999979
102.6699,-4392.784,0.23956429,0.49567719,0.11874371,4.0745873,0.058848302,79.999979
102.6799,-4393.6992,0.23860658,0.49555865,0.11879278,4.0718736,0.058860443,79.999979
102.6899,-4393.6992,0.23860658,0.49544011,0.11884185,4.06916,0.058872584,79.999979
102.6999,-4393.512,0.23933502,0.49532157,0.11889092,4.0664463,0.058884725,79.999979
102.7099,-4390.9988,0.23992785,0.49520303,0.11893999,4.0637326,0.058896866,79.999979
102.7199,-4393.0853,0.23934351,0.49508449,0.11898907,4.061019,0.058909007,79.999979
102.7299,-4389.9773,0.24028828,0.49556445,0.11894886,4.0653153,0.058946083,79.999979
102.7399,-4390.8221,0.2401826,0.49633216,0.11886573,4.0747905,0.058995147,79.999979
102.7499,-4391.8633,0.24000594,0.49709987,0.1187826,4.0842657,0.05904421,79.999979
102.7599,-4391.4832,0.24061332,0.49786758,0.11869947,4.0937409,0.059093274,79.999979
102.7699,-4392.2084,0.24014909,0.49863529,0.11861633,4.1032161,0.059142337,79.999979
102.7799,-4390.9795,0.24071816,0.499403,0.1185332,4.1126913,0.059191401,79.999979
102.7899,-4390.7688,0.24002606,0.50017072,0.11845007,4.1221665,0.059240465,79.999979
102.7999,-4390.5753,0.23998359,0.50093843,0.11836694,4.1316417,0.059289528,79.999979
102.8099,-4390.3819,0.23994111,0.50170614,0.11828381,4.1411169,0.059338592,79.999979
102.8199,-4390.1884,0.23989864,0.50247385,0.11820068,4.1505921,0.059387656,79.999979
102.8299,-4389.9949,0.23986284,0.50324156,0.11811754,4.1600673,0.059436719,79.999979
102.8399,-4389.9849,0.23986284,0.50400927,0.11803441,4.1695425,0.059485783,79.999979
102.8499,-4390.4297,0.24052592,0.50477698,0.11795128,4.1790177,0.059534846,79.999979
102.8599,-4391.2901,0.24055607,0.50554469,0.11786815,4.1884929,0.05958391,79.999979
102.8699,-4390.9206,0.24056456,0.5063124,0.11778502,4.1979681,0.059632974,79.999979
102.8799,-4388.549,0.23984124,0.50708011,0.11770189,4.2074433,0.059682037,79.999979
102.8899,-4389.9284,0.24026334,0.50784782,0.11761876,4.2169185,0.059731101,79.999979
102.8999,-4390.6998,0.24071443,0.50861553,0.11753562,4.2263937,0.059780164,79.999979
102.9099,-4392.9602,0.23983832,0.50803789,0.11760821,4.2211158,0.059748356,79.999979
102.9199,-4391.1222,0.23956591,0.50701634,0.11773218,4.207953,0.059689863,79.999979
102.9299,-4392.0377,0.23978584,0.50599478,0.11785615,4.1947901,0.059631369,79.999979
102.9399,-4391.8018,0.24000577,0.50497323,0.11798012,4.1816273,0.059572876,79.999979
102.9499,-4391.6236,0.23963153,0.50395167,0.11810409,4.1684644,0.059514382,79.999979
102.9599,-4387.3749,0.24033285,0.50293012,0.11822806,4.1553016,0.059455889,79.999979
102.9699,-4389.3222,0.23973449,0.50190856,0.11835203,4.1421387,0.059397396,79.999979
102.9799,-4389.0387,0.24005626,0.50088701,0.118476,4.1289759,0.059338902,79.999979
102.9899,-4388.6147,0.24011915,0.49986545,0.11859997,4.115813,0.059280409,79.999979
102.9999,-4387.574,0.24037122,0.4988439,0.11872393,4.1026502,0.059221916,79.999979
103.0099,-4388.8566,0.24042262,0.49782235,0.1188479,4.0894873,0.059163422,79.999979
103.0199,-4387.7672,0.24078913,0.49680079,0.11897187,4.0763244,0.059104929,79.999979
103.0299,-4387.1624,0.23959687,0.49658893,0.11892833,4.0755524,0.059052437,79.999979
103.0399,-4386.5598,0.23987458,0.49666618,0.11880753,4.0804948,0.059002089,79.999979
103.0499,-4386.7541,0.24000254,0.49674343,0.11868673,4.0854371,0.05895174,79.999979
103.0599,-4387.3155,0.24000254,0.49682068,0.11856594,4.0903795,0.058901392,79.999979
103.0699,-4385.9036,0.24013693,0.49689793,0.11844514,4.0953218,0.058851043,79.999979
103.0799,-4387.2692,0.24060869,0.49697519,0.11832434,4.1002641,0.058800694,79.999979
103.0899,-4389.1762,0.24047795,0.49705244,0.11820355,4.1052065,0.058750346,79.999979
103.0999,-4385.7757,0.24121231,0.49712969,0.11808275,4.1101488,0.058699997,79.999979
103.1099,-4385.9369,0.2413625,0.49720694,0.11796195,4.1150911,0.058649649,79.999979
103.1199,-4385.941,0.24138967,0.49728419,0.11784115,4.1200335,0.0585993,79.999979
103.1299,-4384.3124,0.2411672,0.49736145,0.11772036,4.1249758,0.058548951,79.999979
103.1399,-4387.9204,0.23986047,0.49747467,0.11759956,4.1299181,0.058512214,79.999979
103.1499,-4381.9762,0.24032094,0.49830339,0.11786513,4.1274924,0.058746174,79.999979
103.1599,-4386.9173,0.24000842,0.49913211,0.11813249,4.1250325,0.058980135,79.999979
103.1699,-4386.9173,0.24016293,0.49996082,0.11839985,4.1225725,0.059214095,79.999979
103.1799,-4386.9173,0.24031743,0.50078954,0.11866722,4.1201126,0.059448055,79.999979
103.1899,-4386.9173,0.24047194,0.50161825,0.11893458,4.1176526,0.059682016,79.999979
103.1999,-4386.8711,0.24062645,0.50244697,0.11920195,4.1151927,0.059915976,79.999979
103.2099,-4386.3727,0.24016604,0.50327569,0.11946931,4.1127327,0.060149936,79.999979
103.2199,-4386.1156,0.24024703,0.5041044,0.11973667,4.1102728,0.060383896,79.999979
103.2299,-4385.4376,0.24079343,0.50493312,0.12000404,4.1078128,0.060617857,79.999979
103.2399,-4384.6102,0.24102976,0.50576183,0.1202714,4.1053529,0.060851817,79.999979
103.2499,-4383.033,0.24105183,0.50659055,0.12053876,4.1028929,0.061085777,79.999979
103.2599,-4382.1021,0.24099353,0.50741927,0.12080613,4.100433,0.061319738,79.999979
103.2699,-4380.9416,0.24050698,0.50824798,0.12107349,4.097973,0.061553698,79.999979
103.2799,-4383.3299,0.24057218,0.5090767,0.12134085,4.0955131,0.061787658,79.999979
103.2899,-4379.9261,0.24027917,0.50990541,0.12160822,4.0930531,0.062021619,79.999979
103.2999,-4379.852,0.24013574,0.51073413,0.12187558,4.0905932,0.062255579,79.999979
103.3099,-4381.4281,0.24015111,0.51156285,0.12214294,4.0881332,0.062489539,79.999979
103.3199,-4382.3593,0.24047524,0.51239156,0.12241031,4.0856733,0.0627235,79.999979
103.3299,-4384.9582,0.24062073,0.5116397,0.12238187,4.0815684,0.062605715,79.999979
103.3399,-4381.5261,0.24027,0.51011797,0.12217187,4.0762072,0.062316604,79.999979
103.3499,-4385.1039,0.24090931,0.50859624,0.12196187,4.0708461,0.062027493,79.999979
103.3599,-4384.6266,0.24112655,0.50707452,0.12175187,4.0654849,0.061738382,79.999979
103.3699,-4384.0221,0.24140107,0.50555279,0.12154187,4.0601237,0.061449271,79.999979
103.3799,-4383.2396,0.24169826,0.50403106,0.12133186,4.0547625,0.06116016,79.999979
103.3899,-4384.949,0.23955312,0.50250933,0.12112186,4.0494013,0.060871049,79.999979
103.3999,-4382.0161,0.24022022,0.50098761,0.12091186,4.0440402,0.060581938,79.999979
103.4099,-4383.8519,0.24004334,0.49946588,0.12070186,4.038679,0.060292827,79.999979
103.4199,-4383.2976,0.23997007,0.49794415,0.12049186,4.0333178,0.060003716,79.999979
103.4299,-4381.8611,0.23996215,0.49642243,0.12028185,4.0279566,0.059714605,79.999979
103.4399,-4380.9594,0.23985471,0.4949007,0.12007185,4.0225954,0.059425494,79.999979
103.4499,-4379.5489,0.2402503,0.49413041,0.11987928,4.0209173,0.05923705,79.999979
103.4599,-4382.4073,0.24102392,0.49502605,0.11973686,4.0335272,0.059271785,79.999979
103.4699,-4377.4536,0.24114371,0.4959217,0.11959445,4.046137,0.05930652,79.999979
103.4799,-4377.7638,0.24063043,0.49681734,0.11945203,4.0587469,0.059341255,79.999979
103.4899,-4377.0675,0.23982843,0.49771298,0.11930961,4.0713568,0.05937599,79.999979
103.4999,-4377.1122,0.23966812,0.49860863,0.1191672,4.0839666,0.059410725,79.999979
103.5099,-4380.252,0.23971988,0.49950427,0.11902478,4.0965765,0.05944546,79.999979
103.5199,-4381.2523,0.24087432,0.50039991,0.11888236,4.1091863,0.059480195,79.999979
103.5299,-4379.5688,0.24116125,0.50129556,0.11873995,4.1217962,0.05951493,79.999979
103.5399,-4380.8557,0.24173385,0.5021912,0.11859753,4.1344061,0.059549664,79.999979
103.5499,-4381.247,0.24158648,0.50308684,0.11845511,4.1470159,0.059584399,79.999979
103.5599,-4381.6384,0.24143911,0.50398249,0.1183127,4.1596258,0.059619134,79.999979
103.5699,-4382.0298,0.24129005,0.50487813,0.11817028,4.1722356,0.059653869,79.999979
103.5799,-4381.847,0.24074502,0.50577377,0.11802786,4.1848455,0.059688604,79.999979
103.5899,-4381.1178,0.24003455,0.50666942,0.11788545,4.1974554,0.059723339,79.999979
103.5999,-4379.8482,0.24031579,0.50756506,0.11774303,4.2100652,0.059758074,79.999979
103.6099,-4382.0598,0.24075942,0.5084607,0.11760062,4.2226751,0.059792809,79.999979
103.6199,-4382.2142,0.24085151,0.50935635,0.1174582,4.235285,0.059827544,79.999979
103.6299,-4382.1755,0.24111002,0.50949845,0.11689107,4.2571007,0.059556344,79.999979
103.6399,-4378.4748,0.24098697,0.50938374,0.11617919,4.283965,0.059180882,79.999979
103.6499,-4379.4353,0.24053176,0.50926903,0.11546732,4.3108293,0.058805419,79.999979
103.6599,-4378.4484,0.24072712,0.50915432,0.11475544,4.3376936,0.058429957,79.999979
103.6699,-4379.4563,0.24049179,0.50903961,0.11404356,4.3645579,0.058054495,79.999979
103.6799,-4379.1611,0.24073877,0.5089249,0.11333169,4.3914222,0.057679032,79.999979
103.6899,-4378.2035,0.24074834,0.50881019,0.11261981,4.4182864,0.05730357,79.999979
103.6999,-4379.4468,0.23987072,0.50869549,0.11190794,4.4451507,0.056928107,79.999979
103.7099,-4377.2084,0.24096138,0.50858078,0.11119606,4.472015,0.056552645,79.999979
103.7199,-4379.0618,0.24042917,0.50833045,0.11078938,4.4894541,0.056317297,79.999979
103.7299,-4374.5994,0.24114084,0.50782618,0.11095422,4.4781932,0.05634433,79.999979
103.7399,-4376.1595,0.24026076,0.50732191,0.11111905,4.4669323,0.056371362,79.999979
103.7499,-4376.6128,0.24029437,0.50681764,0.11128389,4.4556714,0.056398395,79.999979
103.7599,-4377.5816,0.24064792,0.50631336,0.11144873,4.4444104,0.056425428,79.999979
103.7699,-4375.2123,0.24075159,0.50580909,0.11161356,4.4331495,0.05645246,79.999979
103.7799,-4376.5749,0.24048353,0.50530482,0.1117784,4.4218886,0.056479493,79.999979
103.7899,-4375.5682,0.24004552,0.50480055,0.11194323,4.4106277,0.056506526,79.999979
103.7999,-4376.7535,0.24060185,0.50429627,0.11210807,4.3993668,0.056533558,79.999979
103.8099,-4378.3664,0.24080466,0.503792,0.11227291,4.3881058,0.056560591,79.999979
103.8199,-4377.6907,0.24037878,0.50328773,0.11243774,4.3768449,0.056587624,79.999979
103.8299,-4373.7832,0.24086191,0.50278345,0.11260258,4.365584,0.056614656,79.999979
103.8399,-4372.542,0.24180582,0.50245467,0.11241126,4.3701124,0.056463218,79.999979
103.8499,-4375.7225,0.24052792,0.50213717,0.11215196,4.3776547,0.056300309,79.999979
103.8599,-4374.579,0.24092981,0.50181966,0.11189265,4.385197,0.0561374,79.999979
103.8699,-4374.579,0.24070501,0.50150216,0.11163335,4.3927394,0.05597449,79.999979
103.8799,-4375.531,0.24014107,0.50118466,0.11137405,4.4002817,0.055811581,79.999979
103.8899,-4374.4729,0.24086769,0.50086715,0.11111474,4.407824,0.055648672,79.999979
103.8999,-4372.8141,0.24002313,0.50054965,0.11085544,4.4153663,0.055485763,79.999979
103.9099,-4374.4039,0.24130216,0.50023215,0.11059613,4.4229087,0.055322853,79.999979
103.9199,-4375.0275,0.24112087,0.49978951,0.11052579,4.4228287,0.055248993,79.999979
103.9299,-4374.428,0.24159977,0.4992346,0.11066431,4.4123436,0.055255026,79.999979
103.9399,-4374.8299,0.24121224,0.4986797,0.11080282,4.4018584,0.05526106,79.999979
103.9499,-4375.2726,0.24090668,0.49812479,0.11094134,4.3913732,0.055267093,79.999979
103.9599,-4374.5005,0.24042813,0.49756988,0.11107985,4.3808881,0.055273127,79.999979
103.9699,-4373.6929,0.24147975,0.49701497,0.11121837,4.3704029,0.05527916,79.999979
103.9799,-4372.4427,0.24116619,0.49646007,0.11135688,4.3599177,0.055285193,79.999979
103.9899,-4372.9652,0.24109371,0.49590516,0.1114954,4.3494326,0.055291227,79.999979
103.9999,-4372.701,0.24102124,0.49535025,0.11163391,4.3389474,0.05529726,79.999979
104.0099,-4372.4368,0.24094876,0.49479535,0.11177243,4.3284622,0.055303293,79.999979
104.0199,-4372.1726,0.24087628,0.49424044,0.11191094,4.3179771,0.055309327,79.999979
104.0299,-4373.6489,0.24003234,0.49368553,0.11204946,4.3074919,0.05531536,79.999979
104.0399,-4373.6489,0.24003234,0.49313062,0.11218797,4.2970067,0.055321393,79.999979
104.0499,-4373.6992,0.24069665,0.49257572,0.11232648,4.2865215,0.055327427,79.999979
104.0599,-4373.2518,0.24071546,0.49202081,0.112465,4.2760364,0.05533346,79.999979
104.0699,-4371.9696,0.24009119,0.4914659,0.11260351,4.2655512,0.055339494,79.999979
104.0799,-4373.687,0.24104633,0.490911,0.11274203,4.255066,0.055345527,79.999979
104.0899,-4373.3157,0.24011998,0.49035609,0.11288054,4.2445809,0.05535156,79.999979
104.0999,-4371.9393,0.2411963,0.49125015,0.11292417,4.2493262,0.055468492,79.999979
104.1099,-4371.9393,0.24161407,0.49236748,0.11293875,4.2587325,0.055602512,79.999979
104.1199,-4372.4947,0.24161407,0.49348482,0.11295334,4.2681388,0.055736532,79.999979
104.1299,-4373.6002,0.24097703,0.49460215,0.11296793,4.277545,0.055870552,79.999979
104.1399,-4373.1982,0.24077492,0.49571948,0.11298251,4.2869513,0.056004572,79.999979
104.1499,-4374.1487,0.24075855,0.49683681,0.1129971,4.2963576,0.056138592,79.999979
104.1599,-4370.8556,0.24069849,0.49795414,0.11301169,4.3057638,0.056272612,79.999979
104.1699,-4371.0612,0.24046745,0.49907148,0.11302627,4.3151701,0.056406632,79.999979
104.1799,-4371.9373,0.24055426,0.50018881,0.11304086,4.3245764,0.056540652,79.999979
104.1899,-4371.9373,0.24064107,0.50130614,0.11305545,4.3339827,0.056674672,79.999979
104.1999,-4371.1373,0.24033935,0.50242347,0.11307003,4.3433889,0.056808691,79.999979
104.2099,-4371.3929,0.241081,0.5035408,0.11308462,4.3527952,0.056942711,79.999979
104.2199,-4372.092,0.24077669,0.50357,0.113085,4.353041,0.056946213,79.999979
104.2299,-4371.9041,0.24161707,0.50357,0.113085,4.353041,0.056946213,79.999979
104.2399,-4370.9819,0.24161843,0.50357,0.113085,4.353041,0.056946213,79.999979
104.2499,-4369.4755,0.24145397,0.50357,0.113085,4.353041,0.056946213,79.999979
104.2599,-4368.6559,0.24056336,0.50357,0.113085,4.353041,0.056946213,79.999979
104.2699,-4369.0124,0.24129733,0.50357,0.113085,4.353041,0.056946213,79.999979
104.2799,-4369.0209,0.24083928,0.50357,0.113085,4.353041,0.056946213,79.999979
104.2899,-4368.9943,0.24025797,0.50357,0.113085,4.353041,0.056946213,79.999979
