2026-07-08 14:23:24,600  INFO   root                Session: console_20260708_142324
2026-07-08 14:23:24,601  INFO   root                Output:  C:\Users\yilin\Documents\GitHubRepo_Research\MicroTensileMachine\MicroTensileMachine\Experiment_SMAThermalCharacterization\data\console_20260708_142324
2026-07-08 14:23:24,601  INFO   root                Config:  C:\Users\yilin\Documents\GitHubRepo_Research\MicroTensileMachine\MicroTensileMachine\Experiment_SMAThermalCharacterization\config.yaml  headless=False
2026-07-08 14:23:25,327  INFO   PortentaReader      Opened COM8 @ 115200 baud, waiting 4.0s for firmware boot...
2026-07-08 14:23:26,579  INFO   Driver_ZaberStage   Configuration saved to zaber_config.json
2026-07-08 14:23:26,611  INFO   Driver_ZaberStage   Connected to X-LSQ300A-E01 on COM5
2026-07-08 14:23:26,611  INFO   ZaberWorker         Zaber ready: DeviceInfo(port='COM5', device_id=50138, serial_number='143153', name='X-LSQ300A-E01', firmware_version='7.48.24004', device_type='Linear Stage', axis_count=1)
2026-07-08 14:23:29,361  WARNING  PortentaReader      Opened COM8 but no sample lines seen in 4.0s boot window. If this persists: power-cycle Hat Carrier, re-seat HAT.
2026-07-08 14:23:29,425  INFO   H7Worker            H7 ready: port=COM8 baud=115200 channels=['laser', 'load', 'sma_i', 'sma_r', 'sma_v']
2026-07-08 14:23:29,425  INFO   RecordingCore       Running 10.0 s full system check...
2026-07-08 14:23:33,180  INFO   CameraWorker        Camera ready: cam[1] 1280x720 MJPG
2026-07-08 14:23:39,443  WARNING  RecordingCore       health H7    FAIL (0) — only 0 samples (need >=20)
2026-07-08 14:23:39,443  INFO   RecordingCore       health stage PASS (631) — 631 reads, pos~80.00 mm
2026-07-08 14:23:42,224  WARNING  RecordingCore       HEALTH WARNING: H7 silent 1.0s — no new samples (critical; other instruments still recording)
2026-07-08 14:27:09,907  WARNING  ZaberWorker         Stage queue full — dropped 1 samples
2026-07-08 14:27:11,921  WARNING  ZaberWorker         Stage queue full — dropped 100 samples
2026-07-08 14:27:13,956  WARNING  ZaberWorker         Stage queue full — dropped 200 samples
2026-07-08 14:27:15,988  WARNING  ZaberWorker         Stage queue full — dropped 300 samples
2026-07-08 14:27:18,021  WARNING  ZaberWorker         Stage queue full — dropped 400 samples
2026-07-08 14:27:20,056  WARNING  ZaberWorker         Stage queue full — dropped 500 samples
2026-07-08 14:27:22,091  WARNING  ZaberWorker         Stage queue full — dropped 600 samples
2026-07-08 14:27:24,128  WARNING  ZaberWorker         Stage queue full — dropped 700 samples
2026-07-08 14:27:26,162  WARNING  ZaberWorker         Stage queue full — dropped 800 samples
2026-07-08 14:27:28,197  WARNING  ZaberWorker         Stage queue full — dropped 900 samples
2026-07-08 14:27:30,233  WARNING  ZaberWorker         Stage queue full — dropped 1000 samples
2026-07-08 14:27:32,270  WARNING  ZaberWorker         Stage queue full — dropped 1100 samples
2026-07-08 14:27:34,305  WARNING  ZaberWorker         Stage queue full — dropped 1200 samples
2026-07-08 14:27:36,342  WARNING  ZaberWorker         Stage queue full — dropped 1300 samples
2026-07-08 14:27:38,381  WARNING  ZaberWorker         Stage queue full — dropped 1400 samples
2026-07-08 14:27:40,414  WARNING  ZaberWorker         Stage queue full — dropped 1500 samples
2026-07-08 14:27:42,448  WARNING  ZaberWorker         Stage queue full — dropped 1600 samples
2026-07-08 14:27:44,481  WARNING  ZaberWorker         Stage queue full — dropped 1700 samples
2026-07-08 14:27:45,855  WARNING  RecordingCore       SMA send_command('disarm') failed: Write timeout
2026-07-08 14:27:45,860  ERROR  H7Worker            H7 worker crashed: ClearCommError failed (PermissionError(13, 'The device does not recognize the command.', None, 22))
Traceback (most recent call last):
  File "c:\Users\yilin\Documents\GitHubRepo_Research\MicroTensileMachine\MicroTensileMachine\Experiment_SMAThermalCharacterization\workers.py", line 232, in run
    self._main_loop()
  File "c:\Users\yilin\Documents\GitHubRepo_Research\MicroTensileMachine\MicroTensileMachine\Experiment_SMAThermalCharacterization\workers.py", line 264, in _main_loop
    for kind, item in reader.iter_events():
                      ^^^^^^^^^^^^^^^^^^^^
  File "C:\Users\yilin\Documents\GitHubRepo_Research\MicroTensileMachine\MicroTensileMachine\Calibrate_LaserHead\portenta_reader.py", line 413, in iter_events
    line = self._readline()
           ^^^^^^^^^^^^^^^^
  File "C:\Users\yilin\Documents\GitHubRepo_Research\MicroTensileMachine\MicroTensileMachine\Calibrate_LaserHead\portenta_reader.py", line 363, in _readline
    raw = self._ser.readline()
          ^^^^^^^^^^^^^^^^^^^^
  File "C:\Users\yilin\AppData\Local\Programs\Python\Python312\Lib\site-packages\serial\serialwin32.py", line 275, in read
    raise SerialException("ClearCommError failed ({!r})".format(ctypes.WinError()))
serial.serialutil.SerialException: ClearCommError failed (PermissionError(13, 'The device does not recognize the command.', None, 22))
2026-07-08 14:27:45,861  INFO   H7Worker            H7 worker exit  (pushed=0, dropped=0, filtered=0)
2026-07-08 14:27:46,007  WARNING  PortentaReader      send_command('disarm') ignored — port not open
2026-07-08 14:27:46,059  WARNING  PortentaReader      send_command('disarm') ignored — port not open
2026-07-08 14:27:46,121  WARNING  PortentaReader      send_command('disarm') ignored — port not open
2026-07-08 14:27:46,183  WARNING  PortentaReader      send_command('disarm') ignored — port not open
2026-07-08 14:27:46,245  WARNING  PortentaReader      send_command('disarm') ignored — port not open
2026-07-08 14:27:46,306  WARNING  PortentaReader      send_command('disarm') ignored — port not open
2026-07-08 14:27:46,368  WARNING  PortentaReader      send_command('disarm') ignored — port not open
2026-07-08 14:27:46,430  WARNING  PortentaReader      send_command('disarm') ignored — port not open
2026-07-08 14:27:46,491  WARNING  PortentaReader      send_command('disarm') ignored — port not open
2026-07-08 14:27:46,552  WARNING  PortentaReader      send_command('disarm') ignored — port not open
2026-07-08 14:27:46,613  WARNING  PortentaReader      send_command('disarm') ignored — port not open
2026-07-08 14:27:46,691  WARNING  PortentaReader      send_command('disarm') ignored — port not open
2026-07-08 14:27:46,753  WARNING  PortentaReader      send_command('disarm') ignored — port not open
2026-07-08 14:27:46,816  WARNING  PortentaReader      send_command('disarm') ignored — port not open
2026-07-08 14:27:46,877  WARNING  PortentaReader      send_command('disarm') ignored — port not open
2026-07-08 14:27:46,939  WARNING  PortentaReader      send_command('disarm') ignored — port not open
2026-07-08 14:27:47,002  WARNING  PortentaReader      send_command('disarm') ignored — port not open
2026-07-08 14:27:47,064  WARNING  PortentaReader      send_command('disarm') ignored — port not open
2026-07-08 14:27:47,126  WARNING  PortentaReader      send_command('disarm') ignored — port not open
2026-07-08 14:27:47,187  WARNING  PortentaReader      send_command('disarm') ignored — port not open
2026-07-08 14:27:47,249  WARNING  PortentaReader      send_command('disarm') ignored — port not open
2026-07-08 14:27:47,312  WARNING  PortentaReader      send_command('disarm') ignored — port not open
2026-07-08 14:27:47,372  WARNING  PortentaReader      send_command('disarm') ignored — port not open
2026-07-08 14:27:47,435  WARNING  PortentaReader      send_command('disarm') ignored — port not open
2026-07-08 14:27:47,497  WARNING  PortentaReader      send_command('disarm') ignored — port not open
2026-07-08 14:27:47,557  WARNING  PortentaReader      send_command('disarm') ignored — port not open
2026-07-08 14:27:47,620  WARNING  PortentaReader      send_command('disarm') ignored — port not open
2026-07-08 14:27:47,683  WARNING  PortentaReader      send_command('disarm') ignored — port not open
2026-07-08 14:27:47,744  WARNING  PortentaReader      send_command('disarm') ignored — port not open
2026-07-08 14:27:47,805  WARNING  PortentaReader      send_command('disarm') ignored — port not open
2026-07-08 14:27:47,868  WARNING  PortentaReader      send_command('disarm') ignored — port not open
2026-07-08 14:27:47,929  WARNING  PortentaReader      send_command('disarm') ignored — port not open
2026-07-08 14:27:47,991  WARNING  PortentaReader      send_command('disarm') ignored — port not open
2026-07-08 14:27:48,053  WARNING  PortentaReader      send_command('disarm') ignored — port not open
2026-07-08 14:27:48,115  WARNING  PortentaReader      send_command('disarm') ignored — port not open
2026-07-08 14:27:48,191  WARNING  PortentaReader      send_command('disarm') ignored — port not open
2026-07-08 14:27:48,253  WARNING  PortentaReader      send_command('disarm') ignored — port not open
2026-07-08 14:27:48,301  WARNING  PortentaReader      send_command('disarm') ignored — port not open
2026-07-08 14:27:48,379  WARNING  PortentaReader      send_command('disarm') ignored — port not open
2026-07-08 14:27:48,441  WARNING  PortentaReader      send_command('disarm') ignored — port not open
2026-07-08 14:27:48,503  WARNING  PortentaReader      send_command('disarm') ignored — port not open
2026-07-08 14:27:48,565  WARNING  PortentaReader      send_command('disarm') ignored — port not open
2026-07-08 14:27:48,627  WARNING  PortentaReader      send_command('disarm') ignored — port not open
2026-07-08 14:27:48,689  WARNING  PortentaReader      send_command('disarm') ignored — port not open
2026-07-08 14:27:48,751  WARNING  PortentaReader      send_command('disarm') ignored — port not open
2026-07-08 14:27:48,811  WARNING  PortentaReader      send_command('disarm') ignored — port not open
2026-07-08 14:27:48,875  WARNING  PortentaReader      send_command('disarm') ignored — port not open
2026-07-08 14:27:48,937  WARNING  PortentaReader      send_command('disarm') ignored — port not open
2026-07-08 14:27:48,999  WARNING  PortentaReader      send_command('disarm') ignored — port not open
2026-07-08 14:27:49,061  WARNING  PortentaReader      send_command('disarm') ignored — port not open
2026-07-08 14:27:49,123  WARNING  PortentaReader      send_command('disarm') ignored — port not open
2026-07-08 14:27:49,185  WARNING  PortentaReader      send_command('disarm') ignored — port not open
2026-07-08 14:27:49,248  WARNING  PortentaReader      send_command('disarm') ignored — port not open
2026-07-08 14:27:49,310  WARNING  PortentaReader      send_command('disarm') ignored — port not open
2026-07-08 14:27:49,371  WARNING  PortentaReader      send_command('disarm') ignored — port not open
2026-07-08 14:27:49,433  WARNING  PortentaReader      send_command('disarm') ignored — port not open
2026-07-08 14:27:49,495  WARNING  PortentaReader      send_command('disarm') ignored — port not open
2026-07-08 14:27:49,559  WARNING  PortentaReader      send_command('disarm') ignored — port not open
2026-07-08 14:27:49,621  WARNING  PortentaReader      send_command('disarm') ignored — port not open
2026-07-08 14:27:49,683  WARNING  PortentaReader      send_command('disarm') ignored — port not open
2026-07-08 14:27:49,744  WARNING  PortentaReader      send_command('disarm') ignored — port not open
2026-07-08 14:27:49,806  WARNING  PortentaReader      send_command('disarm') ignored — port not open
2026-07-08 14:27:49,869  WARNING  PortentaReader      send_command('disarm') ignored — port not open
2026-07-08 14:27:49,930  WARNING  PortentaReader      send_command('disarm') ignored — port not open
2026-07-08 14:27:49,992  WARNING  PortentaReader      send_command('disarm') ignored — port not open
2026-07-08 14:27:50,054  WARNING  PortentaReader      send_command('disarm') ignored — port not open
2026-07-08 14:27:50,116  WARNING  PortentaReader      send_command('disarm') ignored — port not open
2026-07-08 14:27:50,178  WARNING  PortentaReader      send_command('disarm') ignored — port not open
2026-07-08 14:27:50,240  WARNING  PortentaReader      send_command('disarm') ignored — port not open
2026-07-08 14:27:50,303  WARNING  PortentaReader      send_command('disarm') ignored — port not open
2026-07-08 14:27:50,365  WARNING  PortentaReader      send_command('disarm') ignored — port not open
2026-07-08 14:27:50,441  WARNING  PortentaReader      send_command('disarm') ignored — port not open
2026-07-08 14:27:50,504  WARNING  PortentaReader      send_command('disarm') ignored — port not open
2026-07-08 14:27:50,566  WARNING  PortentaReader      send_command('disarm') ignored — port not open
2026-07-08 14:27:50,628  WARNING  PortentaReader      send_command('disarm') ignored — port not open
2026-07-08 14:27:50,689  WARNING  PortentaReader      send_command('disarm') ignored — port not open
2026-07-08 14:27:50,751  WARNING  PortentaReader      send_command('disarm') ignored — port not open
2026-07-08 14:27:50,815  WARNING  PortentaReader      send_command('disarm') ignored — port not open
2026-07-08 14:27:50,875  WARNING  PortentaReader      send_command('disarm') ignored — port not open
2026-07-08 14:27:50,939  WARNING  PortentaReader      send_command('disarm') ignored — port not open
2026-07-08 14:27:51,001  WARNING  PortentaReader      send_command('disarm') ignored — port not open
2026-07-08 14:27:51,064  WARNING  PortentaReader      send_command('disarm') ignored — port not open
2026-07-08 14:27:51,125  WARNING  PortentaReader      send_command('disarm') ignored — port not open
2026-07-08 14:27:51,188  WARNING  PortentaReader      send_command('disarm') ignored — port not open
2026-07-08 14:27:51,249  WARNING  PortentaReader      send_command('disarm') ignored — port not open
2026-07-08 14:27:51,308  WARNING  PortentaReader      send_command('disarm') ignored — port not open
2026-07-08 14:27:51,371  WARNING  PortentaReader      send_command('disarm') ignored — port not open
2026-07-08 14:27:51,432  WARNING  PortentaReader      send_command('disarm') ignored — port not open
2026-07-08 14:27:51,495  WARNING  PortentaReader      send_command('disarm') ignored — port not open
2026-07-08 14:27:51,557  WARNING  PortentaReader      send_command('disarm') ignored — port not open
2026-07-08 14:27:51,619  WARNING  PortentaReader      send_command('disarm') ignored — port not open
2026-07-08 14:27:51,680  WARNING  PortentaReader      send_command('disarm') ignored — port not open
2026-07-08 14:27:51,740  WARNING  PortentaReader      send_command('disarm') ignored — port not open
2026-07-08 14:27:51,803  WARNING  PortentaReader      send_command('disarm') ignored — port not open
2026-07-08 14:27:51,864  WARNING  PortentaReader      send_command('disarm') ignored — port not open
2026-07-08 14:27:51,926  WARNING  PortentaReader      send_command('disarm') ignored — port not open
2026-07-08 14:27:52,004  WARNING  PortentaReader      send_command('disarm') ignored — port not open
2026-07-08 14:27:52,066  WARNING  PortentaReader      send_command('disarm') ignored — port not open
2026-07-08 14:27:52,130  WARNING  PortentaReader      send_command('disarm') ignored — port not open
2026-07-08 14:27:52,176  WARNING  PortentaReader      send_command('disarm') ignored — port not open
2026-07-08 14:27:52,238  WARNING  PortentaReader      send_command('disarm') ignored — port not open
2026-07-08 14:27:52,315  WARNING  PortentaReader      send_command('disarm') ignored — port not open
2026-07-08 14:27:52,377  WARNING  PortentaReader      send_command('disarm') ignored — port not open
2026-07-08 14:27:52,440  WARNING  PortentaReader      send_command('disarm') ignored — port not open
2026-07-08 14:27:52,501  WARNING  PortentaReader      send_command('disarm') ignored — port not open
2026-07-08 14:27:52,563  WARNING  PortentaReader      send_command('disarm') ignored — port not open
2026-07-08 14:27:52,625  WARNING  PortentaReader      send_command('disarm') ignored — port not open
2026-07-08 14:27:52,688  WARNING  PortentaReader      send_command('disarm') ignored — port not open
2026-07-08 14:27:52,751  WARNING  PortentaReader      send_command('disarm') ignored — port not open
2026-07-08 14:27:52,812  WARNING  PortentaReader      send_command('disarm') ignored — port not open
2026-07-08 14:27:52,874  WARNING  PortentaReader      send_command('disarm') ignored — port not open
2026-07-08 14:27:52,936  WARNING  PortentaReader      send_command('disarm') ignored — port not open
2026-07-08 14:27:52,998  WARNING  PortentaReader      send_command('disarm') ignored — port not open
2026-07-08 14:27:53,060  WARNING  PortentaReader      send_command('disarm') ignored — port not open
2026-07-08 14:27:53,122  WARNING  PortentaReader      send_command('disarm') ignored — port not open
2026-07-08 14:27:53,185  WARNING  PortentaReader      send_command('disarm') ignored — port not open
2026-07-08 14:27:53,247  WARNING  PortentaReader      send_command('disarm') ignored — port not open
2026-07-08 14:27:53,308  WARNING  PortentaReader      send_command('disarm') ignored — port not open
2026-07-08 14:27:53,370  WARNING  PortentaReader      send_command('disarm') ignored — port not open
2026-07-08 14:27:53,432  WARNING  PortentaReader      send_command('disarm') ignored — port not open
2026-07-08 14:27:53,495  WARNING  PortentaReader      send_command('disarm') ignored — port not open
2026-07-08 14:27:53,556  WARNING  PortentaReader      send_command('disarm') ignored — port not open
2026-07-08 14:27:53,618  WARNING  PortentaReader      send_command('disarm') ignored — port not open
2026-07-08 14:27:53,681  WARNING  PortentaReader      send_command('disarm') ignored — port not open
2026-07-08 14:27:53,742  WARNING  PortentaReader      send_command('disarm') ignored — port not open
2026-07-08 14:27:53,804  WARNING  PortentaReader      send_command('disarm') ignored — port not open
2026-07-08 14:27:53,866  WARNING  PortentaReader      send_command('disarm') ignored — port not open
2026-07-08 14:27:53,928  WARNING  PortentaReader      send_command('disarm') ignored — port not open
2026-07-08 14:27:53,990  WARNING  PortentaReader      send_command('disarm') ignored — port not open
2026-07-08 14:27:54,052  WARNING  PortentaReader      send_command('disarm') ignored — port not open
2026-07-08 14:27:54,114  WARNING  PortentaReader      send_command('disarm') ignored — port not open
2026-07-08 14:27:54,177  WARNING  PortentaReader      send_command('disarm') ignored — port not open
2026-07-08 14:27:54,239  WARNING  PortentaReader      send_command('disarm') ignored — port not open
2026-07-08 14:27:54,302  WARNING  PortentaReader      send_command('disarm') ignored — port not open
2026-07-08 14:27:54,364  WARNING  PortentaReader      send_command('disarm') ignored — port not open
2026-07-08 14:27:54,441  WARNING  PortentaReader      send_command('disarm') ignored — port not open
2026-07-08 14:27:54,502  WARNING  PortentaReader      send_command('disarm') ignored — port not open
2026-07-08 14:27:54,566  WARNING  PortentaReader      send_command('disarm') ignored — port not open
2026-07-08 14:27:54,627  WARNING  PortentaReader      send_command('disarm') ignored — port not open
2026-07-08 14:27:54,689  WARNING  PortentaReader      send_command('disarm') ignored — port not open
2026-07-08 14:27:54,749  WARNING  PortentaReader      send_command('disarm') ignored — port not open
2026-07-08 14:27:54,812  WARNING  PortentaReader      send_command('disarm') ignored — port not open
2026-07-08 14:27:54,874  WARNING  PortentaReader      send_command('disarm') ignored — port not open
2026-07-08 14:27:54,937  WARNING  PortentaReader      send_command('disarm') ignored — port not open
2026-07-08 14:27:54,998  WARNING  PortentaReader      send_command('disarm') ignored — port not open
2026-07-08 14:27:55,061  WARNING  PortentaReader      send_command('disarm') ignored — port not open
2026-07-08 14:27:55,122  WARNING  PortentaReader      send_command('disarm') ignored — port not open
2026-07-08 14:27:55,185  WARNING  PortentaReader      send_command('disarm') ignored — port not open
2026-07-08 14:27:55,247  WARNING  PortentaReader      send_command('disarm') ignored — port not open
2026-07-08 14:27:55,308  WARNING  PortentaReader      send_command('disarm') ignored — port not open
2026-07-08 14:27:55,370  WARNING  PortentaReader      send_command('disarm') ignored — port not open
2026-07-08 14:27:55,431  WARNING  PortentaReader      send_command('disarm') ignored — port not open
2026-07-08 14:27:55,494  WARNING  PortentaReader      send_command('disarm') ignored — port not open
2026-07-08 14:27:55,556  WARNING  PortentaReader      send_command('disarm') ignored — port not open
2026-07-08 14:27:55,618  WARNING  PortentaReader      send_command('disarm') ignored — port not open
2026-07-08 14:27:55,680  WARNING  PortentaReader      send_command('disarm') ignored — port not open
2026-07-08 14:27:55,741  WARNING  PortentaReader      send_command('disarm') ignored — port not open
2026-07-08 14:27:55,804  WARNING  PortentaReader      send_command('disarm') ignored — port not open
2026-07-08 14:27:55,865  WARNING  PortentaReader      send_command('disarm') ignored — port not open
2026-07-08 14:27:55,927  WARNING  PortentaReader      send_command('disarm') ignored — port not open
2026-07-08 14:27:55,990  WARNING  PortentaReader      send_command('disarm') ignored — port not open
2026-07-08 14:27:56,052  WARNING  PortentaReader      send_command('disarm') ignored — port not open
2026-07-08 14:27:56,115  WARNING  PortentaReader      send_command('disarm') ignored — port not open
2026-07-08 14:27:56,176  WARNING  PortentaReader      send_command('disarm') ignored — port not open
2026-07-08 14:27:56,239  WARNING  PortentaReader      send_command('disarm') ignored — port not open
2026-07-08 14:27:56,301  WARNING  PortentaReader      send_command('disarm') ignored — port not open
2026-07-08 14:27:56,363  WARNING  PortentaReader      send_command('disarm') ignored — port not open
2026-07-08 14:27:56,428  WARNING  PortentaReader      send_command('disarm') ignored — port not open
2026-07-08 14:27:56,489  WARNING  PortentaReader      send_command('disarm') ignored — port not open
2026-07-08 14:27:56,551  WARNING  PortentaReader      send_command('disarm') ignored — port not open
2026-07-08 14:27:56,629  WARNING  PortentaReader      send_command('disarm') ignored — port not open
2026-07-08 14:27:56,691  WARNING  PortentaReader      send_command('disarm') ignored — port not open
2026-07-08 14:27:56,754  WARNING  PortentaReader      send_command('disarm') ignored — port not open
2026-07-08 14:27:56,815  WARNING  PortentaReader      send_command('disarm') ignored — port not open
2026-07-08 14:27:56,878  WARNING  PortentaReader      send_command('disarm') ignored — port not open
2026-07-08 14:27:56,940  WARNING  PortentaReader      send_command('disarm') ignored — port not open
2026-07-08 14:27:57,002  WARNING  PortentaReader      send_command('disarm') ignored — port not open
2026-07-08 14:27:57,063  WARNING  PortentaReader      send_command('disarm') ignored — port not open
2026-07-08 14:27:57,126  WARNING  PortentaReader      send_command('disarm') ignored — port not open
2026-07-08 14:27:57,189  WARNING  PortentaReader      send_command('disarm') ignored — port not open
2026-07-08 14:27:57,251  WARNING  PortentaReader      send_command('disarm') ignored — port not open
2026-07-08 14:27:57,314  WARNING  PortentaReader      send_command('disarm') ignored — port not open
2026-07-08 14:27:57,375  WARNING  PortentaReader      send_command('disarm') ignored — port not open
2026-07-08 14:27:57,439  WARNING  PortentaReader      send_command('disarm') ignored — port not open
2026-07-08 14:27:57,501  WARNING  PortentaReader      send_command('disarm') ignored — port not open
2026-07-08 14:27:57,563  WARNING  PortentaReader      send_command('disarm') ignored — port not open
2026-07-08 14:27:57,623  WARNING  PortentaReader      send_command('disarm') ignored — port not open
2026-07-08 14:27:57,685  WARNING  PortentaReader      send_command('disarm') ignored — port not open
2026-07-08 14:27:57,747  WARNING  PortentaReader      send_command('disarm') ignored — port not open
2026-07-08 14:27:57,808  WARNING  PortentaReader      send_command('disarm') ignored — port not open
2026-07-08 14:27:57,869  WARNING  PortentaReader      send_command('disarm') ignored — port not open
2026-07-08 14:27:57,931  WARNING  PortentaReader      send_command('disarm') ignored — port not open
2026-07-08 14:27:57,993  WARNING  PortentaReader      send_command('disarm') ignored — port not open
2026-07-08 14:27:58,055  WARNING  PortentaReader      send_command('disarm') ignored — port not open
2026-07-08 14:27:58,117  WARNING  PortentaReader      send_command('disarm') ignored — port not open
2026-07-08 14:27:58,180  WARNING  PortentaReader      send_command('disarm') ignored — port not open
2026-07-08 14:27:58,241  WARNING  PortentaReader      send_command('disarm') ignored — port not open
2026-07-08 14:27:58,303  WARNING  PortentaReader      send_command('disarm') ignored — port not open
2026-07-08 14:27:58,365  WARNING  PortentaReader      send_command('disarm') ignored — port not open
2026-07-08 14:27:58,427  WARNING  PortentaReader      send_command('disarm') ignored — port not open
2026-07-08 14:27:58,489  WARNING  PortentaReader      send_command('disarm') ignored — port not open
2026-07-08 14:27:58,552  WARNING  PortentaReader      send_command('disarm') ignored — port not open
2026-07-08 14:27:58,613  WARNING  PortentaReader      send_command('disarm') ignored — port not open
2026-07-08 14:27:58,676  WARNING  PortentaReader      send_command('disarm') ignored — port not open
2026-07-08 14:27:58,738  WARNING  PortentaReader      send_command('disarm') ignored — port not open
2026-07-08 14:27:58,815  WARNING  PortentaReader      send_command('disarm') ignored — port not open
2026-07-08 14:27:58,877  WARNING  PortentaReader      send_command('disarm') ignored — port not open
2026-07-08 14:27:58,939  WARNING  PortentaReader      send_command('disarm') ignored — port not open
2026-07-08 14:27:59,001  WARNING  PortentaReader      send_command('disarm') ignored — port not open
2026-07-08 14:27:59,064  WARNING  PortentaReader      send_command('disarm') ignored — port not open
2026-07-08 14:27:59,125  WARNING  PortentaReader      send_command('disarm') ignored — port not open
2026-07-08 14:27:59,187  WARNING  PortentaReader      send_command('disarm') ignored — port not open
2026-07-08 14:27:59,247  WARNING  PortentaReader      send_command('disarm') ignored — port not open
2026-07-08 14:27:59,310  WARNING  PortentaReader      send_command('disarm') ignored — port not open
2026-07-08 14:27:59,371  WARNING  PortentaReader      send_command('disarm') ignored — port not open
2026-07-08 14:27:59,432  WARNING  PortentaReader      send_command('disarm') ignored — port not open
2026-07-08 14:27:59,494  WARNING  PortentaReader      send_command('disarm') ignored — port not open
2026-07-08 14:27:59,556  WARNING  PortentaReader      send_command('disarm') ignored — port not open
2026-07-08 14:27:59,618  WARNING  PortentaReader      send_command('disarm') ignored — port not open
2026-07-08 14:27:59,679  WARNING  PortentaReader      send_command('disarm') ignored — port not open
2026-07-08 14:27:59,742  WARNING  PortentaReader      send_command('disarm') ignored — port not open
2026-07-08 14:27:59,805  WARNING  PortentaReader      send_command('disarm') ignored — port not open
2026-07-08 14:27:59,866  WARNING  PortentaReader      send_command('disarm') ignored — port not open
2026-07-08 14:27:59,929  WARNING  PortentaReader      send_command('disarm') ignored — port not open
2026-07-08 14:27:59,990  WARNING  PortentaReader      send_command('disarm') ignored — port not open
2026-07-08 14:28:00,053  WARNING  PortentaReader      send_command('disarm') ignored — port not open
2026-07-08 14:28:00,114  WARNING  PortentaReader      send_command('disarm') ignored — port not open
2026-07-08 14:28:00,177  WARNING  PortentaReader      send_command('disarm') ignored — port not open
2026-07-08 14:28:00,239  WARNING  PortentaReader      send_command('disarm') ignored — port not open
2026-07-08 14:28:00,316  WARNING  PortentaReader      send_command('disarm') ignored — port not open
2026-07-08 14:28:00,378  WARNING  PortentaReader      send_command('disarm') ignored — port not open
2026-07-08 14:28:00,440  WARNING  PortentaReader      send_command('disarm') ignored — port not open
2026-07-08 14:28:00,502  WARNING  PortentaReader      send_command('disarm') ignored — port not open
2026-07-08 14:28:00,564  WARNING  PortentaReader      send_command('disarm') ignored — port not open
2026-07-08 14:28:00,625  WARNING  PortentaReader      send_command('disarm') ignored — port not open
2026-07-08 14:28:00,687  WARNING  PortentaReader      send_command('disarm') ignored — port not open
2026-07-08 14:28:00,750  WARNING  PortentaReader      send_command('disarm') ignored — port not open
2026-07-08 14:28:00,813  WARNING  PortentaReader      send_command('disarm') ignored — port not open
2026-07-08 14:28:00,875  WARNING  PortentaReader      send_command('disarm') ignored — port not open
2026-07-08 14:28:00,936  WARNING  PortentaReader      send_command('disarm') ignored — port not open
2026-07-08 14:28:00,999  WARNING  PortentaReader      send_command('disarm') ignored — port not open
2026-07-08 14:28:01,061  WARNING  PortentaReader      send_command('disarm') ignored — port not open
2026-07-08 14:28:01,123  WARNING  PortentaReader      send_command('disarm') ignored — port not open
2026-07-08 14:28:01,186  WARNING  PortentaReader      send_command('disarm') ignored — port not open
2026-07-08 14:28:01,247  WARNING  PortentaReader      send_command('disarm') ignored — port not open
2026-07-08 14:28:01,308  WARNING  PortentaReader      send_command('disarm') ignored — port not open
2026-07-08 14:28:01,372  WARNING  PortentaReader      send_command('disarm') ignored — port not open
2026-07-08 14:28:01,434  WARNING  PortentaReader      send_command('disarm') ignored — port not open
2026-07-08 14:28:01,497  WARNING  PortentaReader      send_command('disarm') ignored — port not open
2026-07-08 14:28:01,558  WARNING  PortentaReader      send_command('disarm') ignored — port not open
2026-07-08 14:28:01,620  WARNING  PortentaReader      send_command('disarm') ignored — port not open
2026-07-08 14:28:01,682  WARNING  PortentaReader      send_command('disarm') ignored — port not open
2026-07-08 14:28:01,742  WARNING  PortentaReader      send_command('disarm') ignored — port not open
2026-07-08 14:28:01,803  WARNING  PortentaReader      send_command('disarm') ignored — port not open
2026-07-08 14:28:01,865  WARNING  PortentaReader      send_command('disarm') ignored — port not open
2026-07-08 14:28:01,927  WARNING  PortentaReader      send_command('disarm') ignored — port not open
2026-07-08 14:28:01,989  WARNING  PortentaReader      send_command('disarm') ignored — port not open
2026-07-08 14:28:02,052  WARNING  PortentaReader      send_command('disarm') ignored — port not open
2026-07-08 14:28:02,114  WARNING  PortentaReader      send_command('disarm') ignored — port not open
2026-07-08 14:28:02,176  WARNING  PortentaReader      send_command('disarm') ignored — port not open
2026-07-08 14:28:02,251  WARNING  PortentaReader      send_command('disarm') ignored — port not open
2026-07-08 14:28:02,312  WARNING  PortentaReader      send_command('disarm') ignored — port not open
2026-07-08 14:28:02,375  WARNING  PortentaReader      send_command('disarm') ignored — port not open
2026-07-08 14:28:02,437  WARNING  PortentaReader      send_command('disarm') ignored — port not open
2026-07-08 14:28:02,499  WARNING  PortentaReader      send_command('disarm') ignored — port not open
2026-07-08 14:28:02,561  WARNING  PortentaReader      send_command('disarm') ignored — port not open
2026-07-08 14:28:02,622  WARNING  PortentaReader      send_command('disarm') ignored — port not open
2026-07-08 14:28:02,683  WARNING  PortentaReader      send_command('disarm') ignored — port not open
2026-07-08 14:28:02,744  WARNING  PortentaReader      send_command('disarm') ignored — port not open
2026-07-08 14:28:02,806  WARNING  PortentaReader      send_command('disarm') ignored — port not open
2026-07-08 14:28:02,868  WARNING  PortentaReader      send_command('disarm') ignored — port not open
2026-07-08 14:28:02,931  WARNING  PortentaReader      send_command('disarm') ignored — port not open
2026-07-08 14:28:02,993  WARNING  PortentaReader      send_command('disarm') ignored — port not open
2026-07-08 14:28:03,054  WARNING  PortentaReader      send_command('disarm') ignored — port not open
2026-07-08 14:28:03,116  WARNING  PortentaReader      send_command('disarm') ignored — port not open
2026-07-08 14:28:03,179  WARNING  PortentaReader      send_command('disarm') ignored — port not open
2026-07-08 14:28:03,241  WARNING  PortentaReader      send_command('disarm') ignored — port not open
2026-07-08 14:28:03,303  WARNING  PortentaReader      send_command('disarm') ignored — port not open
2026-07-08 14:28:03,365  WARNING  PortentaReader      send_command('disarm') ignored — port not open
2026-07-08 14:28:03,427  WARNING  PortentaReader      send_command('disarm') ignored — port not open
2026-07-08 14:28:03,489  WARNING  PortentaReader      send_command('disarm') ignored — port not open
2026-07-08 14:28:03,552  WARNING  PortentaReader      send_command('disarm') ignored — port not open
2026-07-08 14:28:03,614  WARNING  PortentaReader      send_command('disarm') ignored — port not open
2026-07-08 14:28:03,677  WARNING  PortentaReader      send_command('disarm') ignored — port not open
2026-07-08 14:28:03,739  WARNING  PortentaReader      send_command('disarm') ignored — port not open
2026-07-08 14:28:03,816  WARNING  PortentaReader      send_command('disarm') ignored — port not open
2026-07-08 14:28:03,876  WARNING  PortentaReader      send_command('disarm') ignored — port not open
2026-07-08 14:28:03,940  WARNING  PortentaReader      send_command('disarm') ignored — port not open
2026-07-08 14:28:04,002  WARNING  PortentaReader      send_command('disarm') ignored — port not open
2026-07-08 14:28:04,063  WARNING  PortentaReader      send_command('disarm') ignored — port not open
2026-07-08 14:28:04,125  WARNING  PortentaReader      send_command('disarm') ignored — port not open
2026-07-08 14:28:04,187  WARNING  PortentaReader      send_command('disarm') ignored — port not open
2026-07-08 14:28:04,248  WARNING  PortentaReader      send_command('disarm') ignored — port not open
2026-07-08 14:28:04,310  WARNING  PortentaReader      send_command('disarm') ignored — port not open
2026-07-08 14:28:04,372  WARNING  PortentaReader      send_command('disarm') ignored — port not open
2026-07-08 14:28:04,434  WARNING  PortentaReader      send_command('disarm') ignored — port not open
2026-07-08 14:28:04,495  WARNING  PortentaReader      send_command('disarm') ignored — port not open
2026-07-08 14:28:04,557  WARNING  PortentaReader      send_command('disarm') ignored — port not open
2026-07-08 14:28:04,620  WARNING  PortentaReader      send_command('disarm') ignored — port not open
2026-07-08 14:28:04,681  WARNING  PortentaReader      send_command('disarm') ignored — port not open
2026-07-08 14:28:04,743  WARNING  PortentaReader      send_command('disarm') ignored — port not open
2026-07-08 14:28:04,805  WARNING  PortentaReader      send_command('disarm') ignored — port not open
2026-07-08 14:28:04,866  WARNING  PortentaReader      send_command('disarm') ignored — port not open
2026-07-08 14:28:04,928  WARNING  PortentaReader      send_command('disarm') ignored — port not open
2026-07-08 14:28:04,989  WARNING  PortentaReader      send_command('disarm') ignored — port not open
2026-07-08 14:28:05,051  WARNING  PortentaReader      send_command('disarm') ignored — port not open
2026-07-08 14:28:05,113  WARNING  PortentaReader      send_command('disarm') ignored — port not open
2026-07-08 14:28:05,176  WARNING  PortentaReader      send_command('disarm') ignored — port not open
2026-07-08 14:28:05,255  WARNING  PortentaReader      send_command('disarm') ignored — port not open
2026-07-08 14:28:05,332  WARNING  PortentaReader      send_command('disarm') ignored — port not open
2026-07-08 14:28:05,394  WARNING  PortentaReader      send_command('disarm') ignored — port not open
2026-07-08 14:28:05,457  WARNING  PortentaReader      send_command('disarm') ignored — port not open
2026-07-08 14:28:05,504  WARNING  PortentaReader      send_command('disarm') ignored — port not open
2026-07-08 14:28:05,567  WARNING  PortentaReader      send_command('disarm') ignored — port not open
2026-07-08 14:28:05,629  WARNING  PortentaReader      send_command('disarm') ignored — port not open
2026-07-08 14:28:05,707  WARNING  PortentaReader      send_command('disarm') ignored — port not open
2026-07-08 14:28:05,768  WARNING  PortentaReader      send_command('disarm') ignored — port not open
2026-07-08 14:28:05,829  WARNING  PortentaReader      send_command('disarm') ignored — port not open
2026-07-08 14:28:05,892  WARNING  PortentaReader      send_command('disarm') ignored — port not open
2026-07-08 14:28:05,955  WARNING  PortentaReader      send_command('disarm') ignored — port not open
2026-07-08 14:28:06,017  WARNING  PortentaReader      send_command('disarm') ignored — port not open
2026-07-08 14:28:06,079  WARNING  PortentaReader      send_command('disarm') ignored — port not open
2026-07-08 14:28:06,141  WARNING  PortentaReader      send_command('disarm') ignored — port not open
2026-07-08 14:28:06,202  WARNING  PortentaReader      send_command('disarm') ignored — port not open
2026-07-08 14:28:06,264  WARNING  PortentaReader      send_command('disarm') ignored — port not open
2026-07-08 14:28:06,325  WARNING  PortentaReader      send_command('disarm') ignored — port not open
2026-07-08 14:28:06,387  WARNING  PortentaReader      send_command('disarm') ignored — port not open
2026-07-08 14:28:06,450  WARNING  PortentaReader      send_command('disarm') ignored — port not open
2026-07-08 14:28:06,512  WARNING  PortentaReader      send_command('disarm') ignored — port not open
2026-07-08 14:28:06,573  WARNING  PortentaReader      send_command('disarm') ignored — port not open
2026-07-08 14:28:06,636  WARNING  PortentaReader      send_command('disarm') ignored — port not open
2026-07-08 14:28:06,698  WARNING  PortentaReader      send_command('disarm') ignored — port not open
2026-07-08 14:28:06,759  WARNING  PortentaReader      send_command('disarm') ignored — port not open
2026-07-08 14:28:06,821  WARNING  PortentaReader      send_command('disarm') ignored — port not open
2026-07-08 14:28:06,882  WARNING  PortentaReader      send_command('disarm') ignored — port not open
2026-07-08 14:28:06,944  WARNING  PortentaReader      send_command('disarm') ignored — port not open
2026-07-08 14:28:07,005  WARNING  PortentaReader      send_command('disarm') ignored — port not open
2026-07-08 14:28:07,082  WARNING  PortentaReader      send_command('disarm') ignored — port not open
2026-07-08 14:28:07,144  WARNING  PortentaReader      send_command('disarm') ignored — port not open
2026-07-08 14:28:07,205  WARNING  PortentaReader      send_command('disarm') ignored — port not open
2026-07-08 14:28:07,267  WARNING  PortentaReader      send_command('disarm') ignored — port not open
2026-07-08 14:28:07,328  WARNING  PortentaReader      send_command('disarm') ignored — port not open
2026-07-08 14:28:07,391  WARNING  PortentaReader      send_command('disarm') ignored — port not open
2026-07-08 14:28:07,454  WARNING  PortentaReader      send_command('disarm') ignored — port not open
2026-07-08 14:28:07,515  WARNING  PortentaReader      send_command('disarm') ignored — port not open
2026-07-08 14:28:07,578  WARNING  PortentaReader      send_command('disarm') ignored — port not open
2026-07-08 14:28:07,638  WARNING  PortentaReader      send_command('disarm') ignored — port not open
2026-07-08 14:28:07,700  WARNING  PortentaReader      send_command('disarm') ignored — port not open
2026-07-08 14:28:07,762  WARNING  PortentaReader      send_command('disarm') ignored — port not open
2026-07-08 14:28:07,823  WARNING  PortentaReader      send_command('disarm') ignored — port not open
2026-07-08 14:28:07,885  WARNING  PortentaReader      send_command('disarm') ignored — port not open
2026-07-08 14:28:07,947  WARNING  PortentaReader      send_command('disarm') ignored — port not open
2026-07-08 14:28:08,009  WARNING  PortentaReader      send_command('disarm') ignored — port not open
2026-07-08 14:28:08,071  WARNING  PortentaReader      send_command('disarm') ignored — port not open
2026-07-08 14:28:08,132  WARNING  PortentaReader      send_command('disarm') ignored — port not open
2026-07-08 14:28:08,194  WARNING  PortentaReader      send_command('disarm') ignored — port not open
2026-07-08 14:28:08,256  WARNING  PortentaReader      send_command('disarm') ignored — port not open
2026-07-08 14:28:08,317  WARNING  PortentaReader      send_command('disarm') ignored — port not open
2026-07-08 14:28:08,393  WARNING  PortentaReader      send_command('disarm') ignored — port not open
2026-07-08 14:28:08,455  WARNING  PortentaReader      send_command('disarm') ignored — port not open
2026-07-08 14:28:08,518  WARNING  PortentaReader      send_command('disarm') ignored — port not open
2026-07-08 14:28:08,578  WARNING  PortentaReader      send_command('disarm') ignored — port not open
2026-07-08 14:28:08,641  WARNING  PortentaReader      send_command('disarm') ignored — port not open
2026-07-08 14:28:08,703  WARNING  PortentaReader      send_command('disarm') ignored — port not open
2026-07-08 14:28:08,766  WARNING  PortentaReader      send_command('disarm') ignored — port not open
2026-07-08 14:28:08,827  WARNING  PortentaReader      send_command('disarm') ignored — port not open
2026-07-08 14:28:08,888  WARNING  PortentaReader      send_command('disarm') ignored — port not open
2026-07-08 14:28:08,951  WARNING  PortentaReader      send_command('disarm') ignored — port not open
2026-07-08 14:28:09,012  WARNING  PortentaReader      send_command('disarm') ignored — port not open
2026-07-08 14:28:09,075  WARNING  PortentaReader      send_command('disarm') ignored — port not open
2026-07-08 14:28:09,136  WARNING  PortentaReader      send_command('disarm') ignored — port not open
2026-07-08 14:28:09,198  WARNING  PortentaReader      send_command('disarm') ignored — port not open
2026-07-08 14:28:09,262  WARNING  PortentaReader      send_command('disarm') ignored — port not open
2026-07-08 14:28:09,323  WARNING  PortentaReader      send_command('disarm') ignored — port not open
2026-07-08 14:28:09,384  WARNING  PortentaReader      send_command('disarm') ignored — port not open
2026-07-08 14:28:09,448  WARNING  PortentaReader      send_command('disarm') ignored — port not open
2026-07-08 14:28:09,509  WARNING  PortentaReader      send_command('disarm') ignored — port not open
2026-07-08 14:28:09,572  WARNING  PortentaReader      send_command('disarm') ignored — port not open
2026-07-08 14:28:09,634  WARNING  PortentaReader      send_command('disarm') ignored — port not open
2026-07-08 14:28:09,696  WARNING  PortentaReader      send_command('disarm') ignored — port not open
2026-07-08 14:28:09,758  WARNING  PortentaReader      send_command('disarm') ignored — port not open
2026-07-08 14:28:09,819  WARNING  PortentaReader      send_command('disarm') ignored — port not open
2026-07-08 14:28:09,881  WARNING  PortentaReader      send_command('disarm') ignored — port not open
2026-07-08 14:28:09,943  WARNING  PortentaReader      send_command('disarm') ignored — port not open
2026-07-08 14:28:10,004  WARNING  PortentaReader      send_command('disarm') ignored — port not open
2026-07-08 14:28:10,082  WARNING  PortentaReader      send_command('disarm') ignored — port not open
2026-07-08 14:28:10,144  WARNING  PortentaReader      send_command('disarm') ignored — port not open
2026-07-08 14:28:10,205  WARNING  PortentaReader      send_command('disarm') ignored — port not open
2026-07-08 14:28:10,269  WARNING  PortentaReader      send_command('disarm') ignored — port not open
2026-07-08 14:28:10,330  WARNING  PortentaReader      send_command('disarm') ignored — port not open
2026-07-08 14:28:10,392  WARNING  PortentaReader      send_command('disarm') ignored — port not open
2026-07-08 14:28:10,454  WARNING  PortentaReader      send_command('disarm') ignored — port not open
2026-07-08 14:28:10,516  WARNING  PortentaReader      send_command('disarm') ignored — port not open
2026-07-08 14:28:10,578  WARNING  PortentaReader      send_command('disarm') ignored — port not open
2026-07-08 14:28:10,640  WARNING  PortentaReader      send_command('disarm') ignored — port not open
2026-07-08 14:28:10,702  WARNING  PortentaReader      send_command('disarm') ignored — port not open
2026-07-08 14:28:10,765  WARNING  PortentaReader      send_command('disarm') ignored — port not open
2026-07-08 14:28:10,827  WARNING  PortentaReader      send_command('disarm') ignored — port not open
2026-07-08 14:28:10,890  WARNING  PortentaReader      send_command('disarm') ignored — port not open
2026-07-08 14:28:10,952  WARNING  PortentaReader      send_command('disarm') ignored — port not open
2026-07-08 14:28:11,015  WARNING  PortentaReader      send_command('disarm') ignored — port not open
2026-07-08 14:28:11,077  WARNING  PortentaReader      send_command('disarm') ignored — port not open
2026-07-08 14:28:11,139  WARNING  PortentaReader      send_command('disarm') ignored — port not open
2026-07-08 14:28:11,201  WARNING  PortentaReader      send_command('disarm') ignored — port not open
2026-07-08 14:28:11,263  WARNING  PortentaReader      send_command('disarm') ignored — port not open
2026-07-08 14:28:11,327  WARNING  PortentaReader      send_command('disarm') ignored — port not open
2026-07-08 14:28:11,388  WARNING  PortentaReader      send_command('disarm') ignored — port not open
2026-07-08 14:28:11,450  WARNING  PortentaReader      send_command('disarm') ignored — port not open
2026-07-08 14:28:11,510  WARNING  PortentaReader      send_command('disarm') ignored — port not open
2026-07-08 14:28:11,574  WARNING  PortentaReader      send_command('disarm') ignored — port not open
2026-07-08 14:28:11,636  WARNING  PortentaReader      send_command('disarm') ignored — port not open
2026-07-08 14:28:11,698  WARNING  PortentaReader      send_command('disarm') ignored — port not open
2026-07-08 14:28:11,761  WARNING  PortentaReader      send_command('disarm') ignored — port not open
2026-07-08 14:28:11,822  WARNING  PortentaReader      send_command('disarm') ignored — port not open
2026-07-08 14:28:11,886  WARNING  PortentaReader      send_command('disarm') ignored — port not open
2026-07-08 14:28:11,947  WARNING  PortentaReader      send_command('disarm') ignored — port not open
2026-07-08 14:28:12,009  WARNING  PortentaReader      send_command('disarm') ignored — port not open
2026-07-08 14:28:12,072  WARNING  PortentaReader      send_command('disarm') ignored — port not open
2026-07-08 14:28:12,134  WARNING  PortentaReader      send_command('disarm') ignored — port not open
2026-07-08 14:28:12,195  WARNING  PortentaReader      send_command('disarm') ignored — port not open
2026-07-08 14:28:12,258  WARNING  PortentaReader      send_command('disarm') ignored — port not open
2026-07-08 14:28:12,319  WARNING  PortentaReader      send_command('disarm') ignored — port not open
2026-07-08 14:28:12,382  WARNING  PortentaReader      send_command('disarm') ignored — port not open
2026-07-08 14:28:12,446  WARNING  PortentaReader      send_command('disarm') ignored — port not open
2026-07-08 14:28:12,508  WARNING  PortentaReader      send_command('disarm') ignored — port not open
2026-07-08 14:28:12,569  WARNING  PortentaReader      send_command('disarm') ignored — port not open
2026-07-08 14:28:12,630  WARNING  PortentaReader      send_command('disarm') ignored — port not open
2026-07-08 14:28:12,692  WARNING  PortentaReader      send_command('disarm') ignored — port not open
2026-07-08 14:28:12,754  WARNING  PortentaReader      send_command('disarm') ignored — port not open
2026-07-08 14:28:12,831  WARNING  PortentaReader      send_command('disarm') ignored — port not open
2026-07-08 14:28:12,893  WARNING  PortentaReader      send_command('disarm') ignored — port not open
2026-07-08 14:28:12,955  WARNING  PortentaReader      send_command('disarm') ignored — port not open
2026-07-08 14:28:13,018  WARNING  PortentaReader      send_command('disarm') ignored — port not open
2026-07-08 14:28:13,082  WARNING  PortentaReader      send_command('disarm') ignored — port not open
2026-07-08 14:28:13,141  WARNING  PortentaReader      send_command('disarm') ignored — port not open
2026-07-08 14:28:13,205  WARNING  PortentaReader      send_command('disarm') ignored — port not open
2026-07-08 14:28:13,267  WARNING  PortentaReader      send_command('disarm') ignored — port not open
2026-07-08 14:28:13,328  WARNING  PortentaReader      send_command('disarm') ignored — port not open
2026-07-08 14:28:13,390  WARNING  PortentaReader      send_command('disarm') ignored — port not open
2026-07-08 14:28:13,452  WARNING  PortentaReader      send_command('disarm') ignored — port not open
2026-07-08 14:28:13,515  WARNING  PortentaReader      send_command('disarm') ignored — port not open
2026-07-08 14:28:13,576  WARNING  PortentaReader      send_command('disarm') ignored — port not open
2026-07-08 14:28:13,639  WARNING  PortentaReader      send_command('disarm') ignored — port not open
2026-07-08 14:28:13,701  WARNING  PortentaReader      send_command('disarm') ignored — port not open
2026-07-08 14:28:13,763  WARNING  PortentaReader      send_command('disarm') ignored — port not open
2026-07-08 14:28:13,825  WARNING  PortentaReader      send_command('disarm') ignored — port not open
2026-07-08 14:28:13,887  WARNING  PortentaReader      send_command('disarm') ignored — port not open
2026-07-08 14:28:13,950  WARNING  PortentaReader      send_command('disarm') ignored — port not open
2026-07-08 14:28:14,011  WARNING  PortentaReader      send_command('disarm') ignored — port not open
2026-07-08 14:28:14,074  WARNING  PortentaReader      send_command('disarm') ignored — port not open
2026-07-08 14:28:14,135  WARNING  PortentaReader      send_command('disarm') ignored — port not open
2026-07-08 14:28:14,197  WARNING  PortentaReader      send_command('disarm') ignored — port not open
2026-07-08 14:28:14,258  WARNING  PortentaReader      send_command('disarm') ignored — port not open
2026-07-08 14:28:14,320  WARNING  PortentaReader      send_command('disarm') ignored — port not open
2026-07-08 14:28:14,382  WARNING  PortentaReader      send_command('disarm') ignored — port not open
2026-07-08 14:28:14,445  WARNING  PortentaReader      send_command('disarm') ignored — port not open
2026-07-08 14:28:14,507  WARNING  PortentaReader      send_command('disarm') ignored — port not open
2026-07-08 14:28:14,569  WARNING  PortentaReader      send_command('disarm') ignored — port not open
2026-07-08 14:28:14,631  WARNING  PortentaReader      send_command('disarm') ignored — port not open
2026-07-08 14:28:14,693  WARNING  PortentaReader      send_command('disarm') ignored — port not open
2026-07-08 14:28:14,754  WARNING  PortentaReader      send_command('disarm') ignored — port not open
2026-07-08 14:28:14,818  WARNING  PortentaReader      send_command('disarm') ignored — port not open
2026-07-08 14:28:14,879  WARNING  PortentaReader      send_command('disarm') ignored — port not open
2026-07-08 14:28:14,942  WARNING  PortentaReader      send_command('disarm') ignored — port not open
2026-07-08 14:28:15,017  WARNING  PortentaReader      send_command('disarm') ignored — port not open
2026-07-08 14:28:15,081  WARNING  PortentaReader      send_command('disarm') ignored — port not open
2026-07-08 14:28:15,141  WARNING  PortentaReader      send_command('disarm') ignored — port not open
2026-07-08 14:28:15,204  WARNING  PortentaReader      send_command('disarm') ignored — port not open
2026-07-08 14:28:15,267  WARNING  PortentaReader      send_command('disarm') ignored — port not open
2026-07-08 14:28:15,328  WARNING  PortentaReader      send_command('disarm') ignored — port not open
2026-07-08 14:28:15,389  WARNING  PortentaReader      send_command('disarm') ignored — port not open
2026-07-08 14:28:15,451  WARNING  PortentaReader      send_command('disarm') ignored — port not open
2026-07-08 14:28:15,514  WARNING  PortentaReader      send_command('disarm') ignored — port not open
2026-07-08 14:28:15,577  WARNING  PortentaReader      send_command('disarm') ignored — port not open
2026-07-08 14:28:15,637  WARNING  PortentaReader      send_command('disarm') ignored — port not open
2026-07-08 14:28:15,701  WARNING  PortentaReader      send_command('disarm') ignored — port not open
2026-07-08 14:28:15,764  WARNING  PortentaReader      send_command('disarm') ignored — port not open
2026-07-08 14:28:15,825  WARNING  PortentaReader      send_command('disarm') ignored — port not open
2026-07-08 14:28:15,886  WARNING  PortentaReader      send_command('disarm') ignored — port not open
2026-07-08 14:28:15,948  WARNING  PortentaReader      send_command('disarm') ignored — port not open
2026-07-08 14:28:16,009  WARNING  PortentaReader      send_command('disarm') ignored — port not open
2026-07-08 14:28:16,072  WARNING  PortentaReader      send_command('disarm') ignored — port not open
2026-07-08 14:28:16,132  WARNING  PortentaReader      send_command('disarm') ignored — port not open
2026-07-08 14:28:16,195  WARNING  PortentaReader      send_command('disarm') ignored — port not open
2026-07-08 14:28:16,257  WARNING  PortentaReader      send_command('disarm') ignored — port not open
2026-07-08 14:28:16,319  WARNING  PortentaReader      send_command('disarm') ignored — port not open
2026-07-08 14:28:16,381  WARNING  PortentaReader      send_command('disarm') ignored — port not open
2026-07-08 14:28:16,443  WARNING  PortentaReader      send_command('disarm') ignored — port not open
2026-07-08 14:28:16,505  WARNING  PortentaReader      send_command('disarm') ignored — port not open
2026-07-08 14:28:16,582  WARNING  PortentaReader      send_command('disarm') ignored — port not open
2026-07-08 14:28:16,643  WARNING  PortentaReader      send_command('disarm') ignored — port not open
2026-07-08 14:28:16,705  WARNING  PortentaReader      send_command('disarm') ignored — port not open
2026-07-08 14:28:16,767  WARNING  PortentaReader      send_command('disarm') ignored — port not open
2026-07-08 14:28:16,829  WARNING  PortentaReader      send_command('disarm') ignored — port not open
2026-07-08 14:28:16,891  WARNING  PortentaReader      send_command('disarm') ignored — port not open
2026-07-08 14:28:16,952  WARNING  PortentaReader      send_command('disarm') ignored — port not open
2026-07-08 14:28:17,014  WARNING  PortentaReader      send_command('disarm') ignored — port not open
2026-07-08 14:28:17,075  WARNING  PortentaReader      send_command('disarm') ignored — port not open
2026-07-08 14:28:17,137  WARNING  PortentaReader      send_command('disarm') ignored — port not open
2026-07-08 14:28:17,198  WARNING  PortentaReader      send_command('disarm') ignored — port not open
2026-07-08 14:28:17,260  WARNING  PortentaReader      send_command('disarm') ignored — port not open
2026-07-08 14:28:17,321  WARNING  PortentaReader      send_command('disarm') ignored — port not open
2026-07-08 14:28:17,384  WARNING  PortentaReader      send_command('disarm') ignored — port not open
2026-07-08 14:28:17,446  WARNING  PortentaReader      send_command('disarm') ignored — port not open
2026-07-08 14:28:17,507  WARNING  PortentaReader      send_command('disarm') ignored — port not open
2026-07-08 14:28:17,569  WARNING  PortentaReader      send_command('disarm') ignored — port not open
2026-07-08 14:28:17,632  WARNING  PortentaReader      send_command('disarm') ignored — port not open
2026-07-08 14:28:17,694  WARNING  PortentaReader      send_command('disarm') ignored — port not open
2026-07-08 14:28:17,756  WARNING  PortentaReader      send_command('disarm') ignored — port not open
2026-07-08 14:28:17,818  WARNING  PortentaReader      send_command('disarm') ignored — port not open
2026-07-08 14:28:17,880  WARNING  PortentaReader      send_command('disarm') ignored — port not open
2026-07-08 14:28:17,956  WARNING  PortentaReader      send_command('disarm') ignored — port not open
2026-07-08 14:28:18,018  WARNING  PortentaReader      send_command('disarm') ignored — port not open
2026-07-08 14:28:18,080  WARNING  PortentaReader      send_command('disarm') ignored — port not open
2026-07-08 14:28:18,142  WARNING  PortentaReader      send_command('disarm') ignored — port not open
2026-07-08 14:28:18,204  WARNING  PortentaReader      send_command('disarm') ignored — port not open
2026-07-08 14:28:18,268  WARNING  PortentaReader      send_command('disarm') ignored — port not open
2026-07-08 14:28:18,330  WARNING  PortentaReader      send_command('disarm') ignored — port not open
2026-07-08 14:28:18,391  WARNING  PortentaReader      send_command('disarm') ignored — port not open
2026-07-08 14:28:18,453  WARNING  PortentaReader      send_command('disarm') ignored — port not open
2026-07-08 14:28:18,515  WARNING  PortentaReader      send_command('disarm') ignored — port not open
2026-07-08 14:28:18,576  WARNING  PortentaReader      send_command('disarm') ignored — port not open
2026-07-08 14:28:18,637  WARNING  PortentaReader      send_command('disarm') ignored — port not open
2026-07-08 14:28:18,700  WARNING  PortentaReader      send_command('disarm') ignored — port not open
2026-07-08 14:28:18,761  WARNING  PortentaReader      send_command('disarm') ignored — port not open
2026-07-08 14:28:18,823  WARNING  PortentaReader      send_command('disarm') ignored — port not open
2026-07-08 14:28:18,885  WARNING  PortentaReader      send_command('disarm') ignored — port not open
2026-07-08 14:28:18,947  WARNING  PortentaReader      send_command('disarm') ignored — port not open
2026-07-08 14:28:19,009  WARNING  PortentaReader      send_command('disarm') ignored — port not open
2026-07-08 14:28:19,071  WARNING  PortentaReader      send_command('disarm') ignored — port not open
2026-07-08 14:28:19,133  WARNING  PortentaReader      send_command('disarm') ignored — port not open
2026-07-08 14:28:19,195  WARNING  PortentaReader      send_command('disarm') ignored — port not open
2026-07-08 14:28:19,259  WARNING  PortentaReader      send_command('disarm') ignored — port not open
2026-07-08 14:28:19,321  WARNING  PortentaReader      send_command('disarm') ignored — port not open
2026-07-08 14:28:19,382  WARNING  PortentaReader      send_command('disarm') ignored — port not open
2026-07-08 14:28:19,445  WARNING  PortentaReader      send_command('disarm') ignored — port not open
2026-07-08 14:28:19,508  WARNING  PortentaReader      send_command('disarm') ignored — port not open
2026-07-08 14:28:19,570  WARNING  PortentaReader      send_command('disarm') ignored — port not open
2026-07-08 14:28:19,629  WARNING  PortentaReader      send_command('disarm') ignored — port not open
2026-07-08 14:28:19,692  WARNING  PortentaReader      send_command('disarm') ignored — port not open
2026-07-08 14:28:19,755  WARNING  PortentaReader      send_command('disarm') ignored — port not open
2026-07-08 14:28:19,832  WARNING  PortentaReader      send_command('disarm') ignored — port not open
2026-07-08 14:28:19,893  WARNING  PortentaReader      send_command('disarm') ignored — port not open
2026-07-08 14:28:19,956  WARNING  PortentaReader      send_command('disarm') ignored — port not open
2026-07-08 14:28:20,017  WARNING  PortentaReader      send_command('disarm') ignored — port not open
2026-07-08 14:28:20,079  WARNING  PortentaReader      send_command('disarm') ignored — port not open
2026-07-08 14:28:20,141  WARNING  PortentaReader      send_command('disarm') ignored — port not open
2026-07-08 14:28:20,202  WARNING  PortentaReader      send_command('disarm') ignored — port not open
2026-07-08 14:28:20,264  WARNING  PortentaReader      send_command('disarm') ignored — port not open
2026-07-08 14:28:20,326  WARNING  PortentaReader      send_command('disarm') ignored — port not open
2026-07-08 14:28:20,388  WARNING  PortentaReader      send_command('disarm') ignored — port not open
2026-07-08 14:28:20,449  WARNING  PortentaReader      send_command('disarm') ignored — port not open
2026-07-08 14:28:20,512  WARNING  PortentaReader      send_command('disarm') ignored — port not open
2026-07-08 14:28:20,573  WARNING  PortentaReader      send_command('disarm') ignored — port not open
2026-07-08 14:28:20,635  WARNING  PortentaReader      send_command('disarm') ignored — port not open
2026-07-08 14:28:20,698  WARNING  PortentaReader      send_command('disarm') ignored — port not open
2026-07-08 14:28:20,759  WARNING  PortentaReader      send_command('disarm') ignored — port not open
2026-07-08 14:28:20,820  WARNING  PortentaReader      send_command('disarm') ignored — port not open
2026-07-08 14:28:20,883  WARNING  PortentaReader      send_command('disarm') ignored — port not open
2026-07-08 14:28:20,946  WARNING  PortentaReader      send_command('disarm') ignored — port not open
2026-07-08 14:28:21,008  WARNING  PortentaReader      send_command('disarm') ignored — port not open
2026-07-08 14:28:21,069  WARNING  PortentaReader      send_command('disarm') ignored — port not open
2026-07-08 14:28:21,133  WARNING  PortentaReader      send_command('disarm') ignored — port not open
2026-07-08 14:28:21,195  WARNING  PortentaReader      send_command('disarm') ignored — port not open
2026-07-08 14:28:21,256  WARNING  PortentaReader      send_command('disarm') ignored — port not open
2026-07-08 14:28:21,319  WARNING  PortentaReader      send_command('disarm') ignored — port not open
2026-07-08 14:28:21,380  WARNING  PortentaReader      send_command('disarm') ignored — port not open
2026-07-08 14:28:21,442  WARNING  PortentaReader      send_command('disarm') ignored — port not open
2026-07-08 14:28:21,504  WARNING  PortentaReader      send_command('disarm') ignored — port not open
2026-07-08 14:28:21,581  WARNING  PortentaReader      send_command('disarm') ignored — port not open
2026-07-08 14:28:21,645  WARNING  PortentaReader      send_command('disarm') ignored — port not open
2026-07-08 14:28:21,708  WARNING  PortentaReader      send_command('disarm') ignored — port not open
2026-07-08 14:28:21,770  WARNING  PortentaReader      send_command('disarm') ignored — port not open
2026-07-08 14:28:21,833  WARNING  PortentaReader      send_command('disarm') ignored — port not open
2026-07-08 14:28:21,895  WARNING  PortentaReader      send_command('disarm') ignored — port not open
2026-07-08 14:28:21,957  WARNING  PortentaReader      send_command('disarm') ignored — port not open
2026-07-08 14:28:22,035  WARNING  PortentaReader      send_command('disarm') ignored — port not open
2026-07-08 14:28:22,096  WARNING  PortentaReader      send_command('disarm') ignored — port not open
2026-07-08 14:28:22,158  WARNING  PortentaReader      send_command('disarm') ignored — port not open
2026-07-08 14:28:22,220  WARNING  PortentaReader      send_command('disarm') ignored — port not open
2026-07-08 14:28:22,282  WARNING  PortentaReader      send_command('disarm') ignored — port not open
2026-07-08 14:28:22,345  WARNING  PortentaReader      send_command('disarm') ignored — port not open
2026-07-08 14:28:22,408  WARNING  PortentaReader      send_command('disarm') ignored — port not open
2026-07-08 14:28:22,470  WARNING  PortentaReader      send_command('disarm') ignored — port not open
2026-07-08 14:28:22,532  WARNING  PortentaReader      send_command('disarm') ignored — port not open
2026-07-08 14:28:22,595  WARNING  PortentaReader      send_command('disarm') ignored — port not open
2026-07-08 14:28:22,657  WARNING  PortentaReader      send_command('disarm') ignored — port not open
2026-07-08 14:28:22,708  WARNING  PortentaReader      send_command('disarm') ignored — port not open
2026-07-08 14:28:22,783  WARNING  PortentaReader      send_command('disarm') ignored — port not open
2026-07-08 14:28:22,844  WARNING  PortentaReader      send_command('disarm') ignored — port not open
2026-07-08 14:28:22,906  WARNING  PortentaReader      send_command('disarm') ignored — port not open
2026-07-08 14:28:22,969  WARNING  PortentaReader      send_command('disarm') ignored — port not open
2026-07-08 14:28:23,030  WARNING  PortentaReader      send_command('disarm') ignored — port not open
2026-07-08 14:28:23,093  WARNING  PortentaReader      send_command('disarm') ignored — port not open
2026-07-08 14:28:23,155  WARNING  PortentaReader      send_command('disarm') ignored — port not open
2026-07-08 14:28:23,216  WARNING  PortentaReader      send_command('disarm') ignored — port not open
2026-07-08 14:28:23,278  WARNING  PortentaReader      send_command('disarm') ignored — port not open
2026-07-08 14:28:23,341  WARNING  PortentaReader      send_command('disarm') ignored — port not open
2026-07-08 14:28:23,403  WARNING  PortentaReader      send_command('disarm') ignored — port not open
2026-07-08 14:28:23,465  WARNING  PortentaReader      send_command('disarm') ignored — port not open
2026-07-08 14:28:23,528  WARNING  PortentaReader      send_command('disarm') ignored — port not open
2026-07-08 14:28:23,590  WARNING  PortentaReader      send_command('disarm') ignored — port not open
2026-07-08 14:28:23,652  WARNING  PortentaReader      send_command('disarm') ignored — port not open
2026-07-08 14:28:23,713  WARNING  PortentaReader      send_command('disarm') ignored — port not open
2026-07-08 14:28:23,776  WARNING  PortentaReader      send_command('disarm') ignored — port not open
2026-07-08 14:28:23,838  WARNING  PortentaReader      send_command('disarm') ignored — port not open
2026-07-08 14:28:23,900  WARNING  PortentaReader      send_command('disarm') ignored — port not open
2026-07-08 14:28:23,962  WARNING  PortentaReader      send_command('disarm') ignored — port not open
2026-07-08 14:28:24,026  WARNING  PortentaReader      send_command('disarm') ignored — port not open
2026-07-08 14:28:24,088  WARNING  PortentaReader      send_command('disarm') ignored — port not open
2026-07-08 14:28:24,149  WARNING  PortentaReader      send_command('disarm') ignored — port not open
2026-07-08 14:28:24,212  WARNING  PortentaReader      send_command('disarm') ignored — port not open
2026-07-08 14:28:24,274  WARNING  PortentaReader      send_command('disarm') ignored — port not open
2026-07-08 14:28:24,336  WARNING  PortentaReader      send_command('disarm') ignored — port not open
2026-07-08 14:28:24,398  WARNING  PortentaReader      send_command('disarm') ignored — port not open
2026-07-08 14:28:24,461  WARNING  PortentaReader      send_command('disarm') ignored — port not open
2026-07-08 14:28:24,524  WARNING  PortentaReader      send_command('disarm') ignored — port not open
2026-07-08 14:28:24,585  WARNING  PortentaReader      send_command('disarm') ignored — port not open
2026-07-08 14:28:24,647  WARNING  PortentaReader      send_command('disarm') ignored — port not open
2026-07-08 14:28:24,709  WARNING  PortentaReader      send_command('disarm') ignored — port not open
2026-07-08 14:28:24,772  WARNING  PortentaReader      send_command('disarm') ignored — port not open
2026-07-08 14:28:24,834  WARNING  PortentaReader      send_command('disarm') ignored — port not open
2026-07-08 14:28:24,896  WARNING  PortentaReader      send_command('disarm') ignored — port not open
2026-07-08 14:28:24,958  WARNING  PortentaReader      send_command('disarm') ignored — port not open
2026-07-08 14:28:25,021  WARNING  PortentaReader      send_command('disarm') ignored — port not open
2026-07-08 14:28:25,083  WARNING  PortentaReader      send_command('disarm') ignored — port not open
2026-07-08 14:28:25,145  WARNING  PortentaReader      send_command('disarm') ignored — port not open
2026-07-08 14:28:25,207  WARNING  PortentaReader      send_command('disarm') ignored — port not open
2026-07-08 14:28:25,284  WARNING  PortentaReader      send_command('disarm') ignored — port not open
2026-07-08 14:28:25,346  WARNING  PortentaReader      send_command('disarm') ignored — port not open
2026-07-08 14:28:25,408  WARNING  PortentaReader      send_command('disarm') ignored — port not open
2026-07-08 14:28:25,469  WARNING  PortentaReader      send_command('disarm') ignored — port not open
2026-07-08 14:28:25,531  WARNING  PortentaReader      send_command('disarm') ignored — port not open
2026-07-08 14:28:25,593  WARNING  PortentaReader      send_command('disarm') ignored — port not open
2026-07-08 14:28:25,653  WARNING  PortentaReader      send_command('disarm') ignored — port not open
2026-07-08 14:28:25,715  WARNING  PortentaReader      send_command('disarm') ignored — port not open
2026-07-08 14:28:25,776  WARNING  PortentaReader      send_command('disarm') ignored — port not open
2026-07-08 14:28:25,838  WARNING  PortentaReader      send_command('disarm') ignored — port not open
2026-07-08 14:28:25,901  WARNING  PortentaReader      send_command('disarm') ignored — port not open
2026-07-08 14:28:25,963  WARNING  PortentaReader      send_command('disarm') ignored — port not open
2026-07-08 14:28:26,025  WARNING  PortentaReader      send_command('disarm') ignored — port not open
2026-07-08 14:28:26,086  WARNING  PortentaReader      send_command('disarm') ignored — port not open
2026-07-08 14:28:26,147  WARNING  PortentaReader      send_command('disarm') ignored — port not open
2026-07-08 14:28:26,209  WARNING  PortentaReader      send_command('disarm') ignored — port not open
2026-07-08 14:28:26,271  WARNING  PortentaReader      send_command('disarm') ignored — port not open
2026-07-08 14:28:26,332  WARNING  PortentaReader      send_command('disarm') ignored — port not open
2026-07-08 14:28:26,410  WARNING  PortentaReader      send_command('disarm') ignored — port not open
2026-07-08 14:28:26,458  WARNING  PortentaReader      send_command('disarm') ignored — port not open
2026-07-08 14:28:26,521  WARNING  PortentaReader      send_command('disarm') ignored — port not open
2026-07-08 14:28:26,597  WARNING  PortentaReader      send_command('disarm') ignored — port not open
2026-07-08 14:28:26,659  WARNING  PortentaReader      send_command('disarm') ignored — port not open
2026-07-08 14:28:26,721  WARNING  PortentaReader      send_command('disarm') ignored — port not open
2026-07-08 14:28:26,783  WARNING  PortentaReader      send_command('disarm') ignored — port not open
2026-07-08 14:28:26,844  WARNING  PortentaReader      send_command('disarm') ignored — port not open
2026-07-08 14:28:26,906  WARNING  PortentaReader      send_command('disarm') ignored — port not open
2026-07-08 14:28:26,970  WARNING  PortentaReader      send_command('disarm') ignored — port not open
2026-07-08 14:28:27,031  WARNING  PortentaReader      send_command('disarm') ignored — port not open
2026-07-08 14:28:27,093  WARNING  PortentaReader      send_command('disarm') ignored — port not open
2026-07-08 14:28:27,155  WARNING  PortentaReader      send_command('disarm') ignored — port not open
2026-07-08 14:28:27,217  WARNING  PortentaReader      send_command('disarm') ignored — port not open
2026-07-08 14:28:27,278  WARNING  PortentaReader      send_command('disarm') ignored — port not open
2026-07-08 14:28:27,341  WARNING  PortentaReader      send_command('disarm') ignored — port not open
2026-07-08 14:28:27,404  WARNING  PortentaReader      send_command('disarm') ignored — port not open
2026-07-08 14:28:27,464  WARNING  PortentaReader      send_command('disarm') ignored — port not open
2026-07-08 14:28:27,527  WARNING  PortentaReader      send_command('disarm') ignored — port not open
2026-07-08 14:28:27,587  WARNING  PortentaReader      send_command('disarm') ignored — port not open
2026-07-08 14:28:27,650  WARNING  PortentaReader      send_command('disarm') ignored — port not open
2026-07-08 14:28:27,712  WARNING  PortentaReader      send_command('disarm') ignored — port not open
2026-07-08 14:28:27,774  WARNING  PortentaReader      send_command('disarm') ignored — port not open
2026-07-08 14:28:27,836  WARNING  PortentaReader      send_command('disarm') ignored — port not open
2026-07-08 14:28:27,898  WARNING  PortentaReader      send_command('disarm') ignored — port not open
2026-07-08 14:28:27,960  WARNING  PortentaReader      send_command('disarm') ignored — port not open
2026-07-08 14:28:28,022  WARNING  PortentaReader      send_command('disarm') ignored — port not open
2026-07-08 14:28:28,084  WARNING  PortentaReader      send_command('disarm') ignored — port not open
2026-07-08 14:28:28,144  WARNING  PortentaReader      send_command('disarm') ignored — port not open
2026-07-08 14:28:28,221  WARNING  PortentaReader      send_command('disarm') ignored — port not open
2026-07-08 14:28:28,282  WARNING  PortentaReader      send_command('disarm') ignored — port not open
2026-07-08 14:28:28,343  WARNING  PortentaReader      send_command('disarm') ignored — port not open
2026-07-08 14:28:28,407  WARNING  PortentaReader      send_command('disarm') ignored — port not open
2026-07-08 14:28:28,468  WARNING  PortentaReader      send_command('disarm') ignored — port not open
2026-07-08 14:28:28,529  WARNING  PortentaReader      send_command('disarm') ignored — port not open
2026-07-08 14:28:28,590  WARNING  PortentaReader      send_command('disarm') ignored — port not open
2026-07-08 14:28:28,654  WARNING  PortentaReader      send_command('disarm') ignored — port not open
2026-07-08 14:28:28,715  WARNING  PortentaReader      send_command('disarm') ignored — port not open
2026-07-08 14:28:28,777  WARNING  PortentaReader      send_command('disarm') ignored — port not open
2026-07-08 14:28:28,840  WARNING  PortentaReader      send_command('disarm') ignored — port not open
2026-07-08 14:28:28,902  WARNING  PortentaReader      send_command('disarm') ignored — port not open
2026-07-08 14:28:28,964  WARNING  PortentaReader      send_command('disarm') ignored — port not open
2026-07-08 14:28:29,026  WARNING  PortentaReader      send_command('disarm') ignored — port not open
2026-07-08 14:28:29,088  WARNING  PortentaReader      send_command('disarm') ignored — port not open
2026-07-08 14:28:29,150  WARNING  PortentaReader      send_command('disarm') ignored — port not open
2026-07-08 14:28:29,212  WARNING  PortentaReader      send_command('disarm') ignored — port not open
2026-07-08 14:28:29,273  WARNING  PortentaReader      send_command('disarm') ignored — port not open
2026-07-08 14:28:29,335  WARNING  PortentaReader      send_command('disarm') ignored — port not open
2026-07-08 14:28:29,398  WARNING  PortentaReader      send_command('disarm') ignored — port not open
2026-07-08 14:28:29,460  WARNING  PortentaReader      send_command('disarm') ignored — port not open
2026-07-08 14:28:29,522  WARNING  PortentaReader      send_command('disarm') ignored — port not open
2026-07-08 14:28:29,583  WARNING  PortentaReader      send_command('disarm') ignored — port not open
2026-07-08 14:28:29,645  WARNING  PortentaReader      send_command('disarm') ignored — port not open
2026-07-08 14:28:29,707  WARNING  PortentaReader      send_command('disarm') ignored — port not open
2026-07-08 14:28:29,770  WARNING  PortentaReader      send_command('disarm') ignored — port not open
2026-07-08 14:28:29,839  WARNING  PortentaReader      send_command('disarm') ignored — port not open
2026-07-08 14:28:29,909  WARNING  PortentaReader      send_command('disarm') ignored — port not open
2026-07-08 14:28:29,972  WARNING  PortentaReader      send_command('disarm') ignored — port not open
2026-07-08 14:28:30,032  WARNING  PortentaReader      send_command('disarm') ignored — port not open
2026-07-08 14:28:30,095  WARNING  PortentaReader      send_command('disarm') ignored — port not open
2026-07-08 14:28:30,156  WARNING  PortentaReader      send_command('disarm') ignored — port not open
2026-07-08 14:28:30,218  WARNING  PortentaReader      send_command('disarm') ignored — port not open
2026-07-08 14:28:30,280  WARNING  PortentaReader      send_command('disarm') ignored — port not open
2026-07-08 14:28:30,341  WARNING  PortentaReader      send_command('disarm') ignored — port not open
2026-07-08 14:28:30,403  WARNING  PortentaReader      send_command('disarm') ignored — port not open
2026-07-08 14:28:30,465  WARNING  PortentaReader      send_command('disarm') ignored — port not open
2026-07-08 14:28:30,527  WARNING  PortentaReader      send_command('disarm') ignored — port not open
2026-07-08 14:28:30,590  WARNING  PortentaReader      send_command('disarm') ignored — port not open
2026-07-08 14:28:30,651  WARNING  PortentaReader      send_command('disarm') ignored — port not open
2026-07-08 14:28:30,714  WARNING  PortentaReader      send_command('disarm') ignored — port not open
2026-07-08 14:28:30,775  WARNING  PortentaReader      send_command('disarm') ignored — port not open
2026-07-08 14:28:30,838  WARNING  PortentaReader      send_command('disarm') ignored — port not open
2026-07-08 14:28:30,899  WARNING  PortentaReader      send_command('disarm') ignored — port not open
2026-07-08 14:28:30,960  WARNING  PortentaReader      send_command('disarm') ignored — port not open
2026-07-08 14:28:31,022  WARNING  PortentaReader      send_command('disarm') ignored — port not open
2026-07-08 14:28:31,084  WARNING  PortentaReader      send_command('disarm') ignored — port not open
2026-07-08 14:28:31,146  WARNING  PortentaReader      send_command('disarm') ignored — port not open
2026-07-08 14:28:31,209  WARNING  PortentaReader      send_command('disarm') ignored — port not open
2026-07-08 14:28:31,270  WARNING  PortentaReader      send_command('disarm') ignored — port not open
2026-07-08 14:28:31,332  WARNING  PortentaReader      send_command('disarm') ignored — port not open
2026-07-08 14:28:31,410  WARNING  PortentaReader      send_command('disarm') ignored — port not open
2026-07-08 14:28:31,472  WARNING  PortentaReader      send_command('disarm') ignored — port not open
2026-07-08 14:28:31,534  WARNING  PortentaReader      send_command('disarm') ignored — port not open
2026-07-08 14:28:31,595  WARNING  PortentaReader      send_command('disarm') ignored — port not open
2026-07-08 14:28:31,658  WARNING  PortentaReader      send_command('disarm') ignored — port not open
2026-07-08 14:28:31,719  WARNING  PortentaReader      send_command('disarm') ignored — port not open
2026-07-08 14:28:31,783  WARNING  PortentaReader      send_command('disarm') ignored — port not open
2026-07-08 14:28:31,834  WARNING  PortentaReader      send_command('disarm') ignored — port not open
2026-07-08 14:28:31,906  WARNING  PortentaReader      send_command('disarm') ignored — port not open
2026-07-08 14:28:31,968  WARNING  PortentaReader      send_command('disarm') ignored — port not open
2026-07-08 14:28:32,030  WARNING  PortentaReader      send_command('disarm') ignored — port not open
2026-07-08 14:28:32,092  WARNING  PortentaReader      send_command('disarm') ignored — port not open
2026-07-08 14:28:32,154  WARNING  PortentaReader      send_command('disarm') ignored — port not open
2026-07-08 14:28:32,215  WARNING  PortentaReader      send_command('disarm') ignored — port not open
2026-07-08 14:28:32,276  WARNING  PortentaReader      send_command('disarm') ignored — port not open
2026-07-08 14:28:32,338  WARNING  PortentaReader      send_command('disarm') ignored — port not open
2026-07-08 14:28:32,400  WARNING  PortentaReader      send_command('disarm') ignored — port not open
2026-07-08 14:28:32,462  WARNING  PortentaReader      send_command('disarm') ignored — port not open
2026-07-08 14:28:32,524  WARNING  PortentaReader      send_command('disarm') ignored — port not open
2026-07-08 14:28:32,587  WARNING  PortentaReader      send_command('disarm') ignored — port not open
2026-07-08 14:28:32,648  WARNING  PortentaReader      send_command('disarm') ignored — port not open
2026-07-08 14:28:32,710  WARNING  PortentaReader      send_command('disarm') ignored — port not open
2026-07-08 14:28:32,772  WARNING  PortentaReader      send_command('disarm') ignored — port not open
2026-07-08 14:28:32,833  WARNING  PortentaReader      send_command('disarm') ignored — port not open
2026-07-08 14:28:32,896  WARNING  PortentaReader      send_command('disarm') ignored — port not open
2026-07-08 14:28:32,958  WARNING  PortentaReader      send_command('disarm') ignored — port not open
2026-07-08 14:28:33,021  WARNING  PortentaReader      send_command('disarm') ignored — port not open
2026-07-08 14:28:33,083  WARNING  PortentaReader      send_command('disarm') ignored — port not open
2026-07-08 14:28:33,146  WARNING  PortentaReader      send_command('disarm') ignored — port not open
2026-07-08 14:28:33,208  WARNING  PortentaReader      send_command('disarm') ignored — port not open
2026-07-08 14:28:33,270  WARNING  PortentaReader      send_command('disarm') ignored — port not open
2026-07-08 14:28:33,333  WARNING  PortentaReader      send_command('disarm') ignored — port not open
2026-07-08 14:28:33,395  WARNING  PortentaReader      send_command('disarm') ignored — port not open
2026-07-08 14:28:33,458  WARNING  PortentaReader      send_command('disarm') ignored — port not open
2026-07-08 14:28:33,520  WARNING  PortentaReader      send_command('disarm') ignored — port not open
2026-07-08 14:28:33,597  WARNING  PortentaReader      send_command('disarm') ignored — port not open
2026-07-08 14:28:33,658  WARNING  PortentaReader      send_command('disarm') ignored — port not open
2026-07-08 14:28:33,708  WARNING  PortentaReader      send_command('disarm') ignored — port not open
2026-07-08 14:28:33,782  WARNING  PortentaReader      send_command('disarm') ignored — port not open
2026-07-08 14:28:33,844  WARNING  PortentaReader      send_command('disarm') ignored — port not open
2026-07-08 14:28:33,905  WARNING  PortentaReader      send_command('disarm') ignored — port not open
2026-07-08 14:28:33,968  WARNING  PortentaReader      send_command('disarm') ignored — port not open
2026-07-08 14:28:34,030  WARNING  PortentaReader      send_command('disarm') ignored — port not open
2026-07-08 14:28:34,092  WARNING  PortentaReader      send_command('disarm') ignored — port not open
2026-07-08 14:28:34,154  WARNING  PortentaReader      send_command('disarm') ignored — port not open
2026-07-08 14:28:34,216  WARNING  PortentaReader      send_command('disarm') ignored — port not open
2026-07-08 14:28:34,278  WARNING  PortentaReader      send_command('disarm') ignored — port not open
2026-07-08 14:28:34,341  WARNING  PortentaReader      send_command('disarm') ignored — port not open
2026-07-08 14:28:34,405  WARNING  PortentaReader      send_command('disarm') ignored — port not open
2026-07-08 14:28:34,467  WARNING  PortentaReader      send_command('disarm') ignored — port not open
2026-07-08 14:28:34,528  WARNING  PortentaReader      send_command('disarm') ignored — port not open
2026-07-08 14:28:34,591  WARNING  PortentaReader      send_command('disarm') ignored — port not open
2026-07-08 14:28:34,653  WARNING  PortentaReader      send_command('disarm') ignored — port not open
2026-07-08 14:28:34,714  WARNING  PortentaReader      send_command('disarm') ignored — port not open
2026-07-08 14:28:34,777  WARNING  PortentaReader      send_command('disarm') ignored — port not open
2026-07-08 14:28:34,839  WARNING  PortentaReader      send_command('disarm') ignored — port not open
2026-07-08 14:28:34,900  WARNING  PortentaReader      send_command('disarm') ignored — port not open
2026-07-08 14:28:34,962  WARNING  PortentaReader      send_command('disarm') ignored — port not open
2026-07-08 14:28:35,025  WARNING  PortentaReader      send_command('disarm') ignored — port not open
2026-07-08 14:28:35,086  WARNING  PortentaReader      send_command('disarm') ignored — port not open
2026-07-08 14:28:35,148  WARNING  PortentaReader      send_command('disarm') ignored — port not open
2026-07-08 14:28:35,210  WARNING  PortentaReader      send_command('disarm') ignored — port not open
2026-07-08 14:28:35,272  WARNING  PortentaReader      send_command('disarm') ignored — port not open
2026-07-08 14:28:35,334  WARNING  PortentaReader      send_command('disarm') ignored — port not open
2026-07-08 14:28:35,396  WARNING  PortentaReader      send_command('disarm') ignored — port not open
2026-07-08 14:28:35,459  WARNING  PortentaReader      send_command('disarm') ignored — port not open
2026-07-08 14:28:35,521  WARNING  PortentaReader      send_command('disarm') ignored — port not open
2026-07-08 14:28:35,597  WARNING  PortentaReader      send_command('disarm') ignored — port not open
2026-07-08 14:28:35,659  WARNING  PortentaReader      send_command('disarm') ignored — port not open
2026-07-08 14:28:35,709  WARNING  PortentaReader      send_command('disarm') ignored — port not open
2026-07-08 14:28:35,784  WARNING  PortentaReader      send_command('disarm') ignored — port not open
2026-07-08 14:28:35,847  WARNING  PortentaReader      send_command('disarm') ignored — port not open
2026-07-08 14:28:35,908  WARNING  PortentaReader      send_command('disarm') ignored — port not open
2026-07-08 14:28:35,969  WARNING  PortentaReader      send_command('disarm') ignored — port not open
2026-07-08 14:28:36,032  WARNING  PortentaReader      send_command('disarm') ignored — port not open
2026-07-08 14:28:36,093  WARNING  PortentaReader      send_command('disarm') ignored — port not open
2026-07-08 14:28:36,156  WARNING  PortentaReader      send_command('disarm') ignored — port not open
2026-07-08 14:28:36,217  WARNING  PortentaReader      send_command('disarm') ignored — port not open
2026-07-08 14:28:36,279  WARNING  PortentaReader      send_command('disarm') ignored — port not open
2026-07-08 14:28:36,340  WARNING  PortentaReader      send_command('disarm') ignored — port not open
2026-07-08 14:28:36,401  WARNING  PortentaReader      send_command('disarm') ignored — port not open
2026-07-08 14:28:36,464  WARNING  PortentaReader      send_command('disarm') ignored — port not open
2026-07-08 14:28:36,526  WARNING  PortentaReader      send_command('disarm') ignored — port not open
2026-07-08 14:28:36,589  WARNING  PortentaReader      send_command('disarm') ignored — port not open
2026-07-08 14:28:36,651  WARNING  PortentaReader      send_command('disarm') ignored — port not open
2026-07-08 14:28:36,714  WARNING  PortentaReader      send_command('disarm') ignored — port not open
2026-07-08 14:28:36,776  WARNING  PortentaReader      send_command('disarm') ignored — port not open
2026-07-08 14:28:36,838  WARNING  PortentaReader      send_command('disarm') ignored — port not open
2026-07-08 14:28:36,900  WARNING  PortentaReader      send_command('disarm') ignored — port not open
2026-07-08 14:28:36,963  WARNING  PortentaReader      send_command('disarm') ignored — port not open
2026-07-08 14:28:37,024  WARNING  PortentaReader      send_command('disarm') ignored — port not open
2026-07-08 14:28:37,087  WARNING  PortentaReader      send_command('disarm') ignored — port not open
2026-07-08 14:28:37,149  WARNING  PortentaReader      send_command('disarm') ignored — port not open
2026-07-08 14:28:37,211  WARNING  PortentaReader      send_command('disarm') ignored — port not open
2026-07-08 14:28:37,273  WARNING  PortentaReader      send_command('disarm') ignored — port not open
2026-07-08 14:28:37,336  WARNING  PortentaReader      send_command('disarm') ignored — port not open
2026-07-08 14:28:37,397  WARNING  PortentaReader      send_command('disarm') ignored — port not open
2026-07-08 14:28:37,460  WARNING  PortentaReader      send_command('disarm') ignored — port not open
2026-07-08 14:28:37,524  WARNING  PortentaReader      send_command('disarm') ignored — port not open
2026-07-08 14:28:37,586  WARNING  PortentaReader      send_command('disarm') ignored — port not open
2026-07-08 14:28:37,648  WARNING  PortentaReader      send_command('disarm') ignored — port not open
2026-07-08 14:28:37,710  WARNING  PortentaReader      send_command('disarm') ignored — port not open
2026-07-08 14:28:37,771  WARNING  PortentaReader      send_command('disarm') ignored — port not open
2026-07-08 14:28:37,833  WARNING  PortentaReader      send_command('disarm') ignored — port not open
2026-07-08 14:28:37,894  WARNING  PortentaReader      send_command('disarm') ignored — port not open
2026-07-08 14:28:37,957  WARNING  PortentaReader      send_command('disarm') ignored — port not open
2026-07-08 14:28:38,034  WARNING  PortentaReader      send_command('disarm') ignored — port not open
2026-07-08 14:28:38,096  WARNING  PortentaReader      send_command('disarm') ignored — port not open
2026-07-08 14:28:38,157  WARNING  PortentaReader      send_command('disarm') ignored — port not open
2026-07-08 14:28:38,220  WARNING  PortentaReader      send_command('disarm') ignored — port not open
2026-07-08 14:28:38,282  WARNING  PortentaReader      send_command('disarm') ignored — port not open
2026-07-08 14:28:38,346  WARNING  PortentaReader      send_command('disarm') ignored — port not open
2026-07-08 14:28:38,408  WARNING  PortentaReader      send_command('disarm') ignored — port not open
2026-07-08 14:28:38,470  WARNING  PortentaReader      send_command('disarm') ignored — port not open
2026-07-08 14:28:38,532  WARNING  PortentaReader      send_command('disarm') ignored — port not open
2026-07-08 14:28:38,594  WARNING  PortentaReader      send_command('disarm') ignored — port not open
2026-07-08 14:28:38,655  WARNING  PortentaReader      send_command('disarm') ignored — port not open
2026-07-08 14:28:38,716  WARNING  PortentaReader      send_command('disarm') ignored — port not open
2026-07-08 14:28:38,779  WARNING  PortentaReader      send_command('disarm') ignored — port not open
2026-07-08 14:28:38,841  WARNING  PortentaReader      send_command('disarm') ignored — port not open
2026-07-08 14:28:38,903  WARNING  PortentaReader      send_command('disarm') ignored — port not open
2026-07-08 14:28:38,965  WARNING  PortentaReader      send_command('disarm') ignored — port not open
2026-07-08 14:28:39,028  WARNING  PortentaReader      send_command('disarm') ignored — port not open
2026-07-08 14:28:39,089  WARNING  PortentaReader      send_command('disarm') ignored — port not open
2026-07-08 14:28:39,152  WARNING  PortentaReader      send_command('disarm') ignored — port not open
2026-07-08 14:28:39,214  WARNING  PortentaReader      send_command('disarm') ignored — port not open
2026-07-08 14:28:39,275  WARNING  PortentaReader      send_command('disarm') ignored — port not open
2026-07-08 14:28:39,337  WARNING  PortentaReader      send_command('disarm') ignored — port not open
2026-07-08 14:28:39,398  WARNING  PortentaReader      send_command('disarm') ignored — port not open
2026-07-08 14:28:39,462  WARNING  PortentaReader      send_command('disarm') ignored — port not open
2026-07-08 14:28:39,524  WARNING  PortentaReader      send_command('disarm') ignored — port not open
2026-07-08 14:28:39,586  WARNING  PortentaReader      send_command('disarm') ignored — port not open
2026-07-08 14:28:39,648  WARNING  PortentaReader      send_command('disarm') ignored — port not open
2026-07-08 14:28:39,710  WARNING  PortentaReader      send_command('disarm') ignored — port not open
2026-07-08 14:28:39,772  WARNING  PortentaReader      send_command('disarm') ignored — port not open
2026-07-08 14:28:39,834  WARNING  PortentaReader      send_command('disarm') ignored — port not open
2026-07-08 14:28:39,896  WARNING  PortentaReader      send_command('disarm') ignored — port not open
2026-07-08 14:28:39,957  WARNING  PortentaReader      send_command('disarm') ignored — port not open
2026-07-08 14:28:40,033  WARNING  PortentaReader      send_command('disarm') ignored — port not open
2026-07-08 14:28:40,096  WARNING  PortentaReader      send_command('disarm') ignored — port not open
2026-07-08 14:28:40,157  WARNING  PortentaReader      send_command('disarm') ignored — port not open
2026-07-08 14:28:40,219  WARNING  PortentaReader      send_command('disarm') ignored — port not open
2026-07-08 14:28:40,281  WARNING  PortentaReader      send_command('disarm') ignored — port not open
2026-07-08 14:28:40,343  WARNING  PortentaReader      send_command('disarm') ignored — port not open
2026-07-08 14:28:40,406  WARNING  PortentaReader      send_command('disarm') ignored — port not open
2026-07-08 14:28:40,468  WARNING  PortentaReader      send_command('disarm') ignored — port not open
2026-07-08 14:28:40,529  WARNING  PortentaReader      send_command('disarm') ignored — port not open
2026-07-08 14:28:40,591  WARNING  PortentaReader      send_command('disarm') ignored — port not open
2026-07-08 14:28:40,654  WARNING  PortentaReader      send_command('disarm') ignored — port not open
2026-07-08 14:28:40,716  WARNING  PortentaReader      send_command('disarm') ignored — port not open
2026-07-08 14:28:40,777  WARNING  PortentaReader      send_command('disarm') ignored — port not open
2026-07-08 14:28:40,839  WARNING  PortentaReader      send_command('disarm') ignored — port not open
2026-07-08 14:28:40,902  WARNING  PortentaReader      send_command('disarm') ignored — port not open
2026-07-08 14:28:40,964  WARNING  PortentaReader      send_command('disarm') ignored — port not open
2026-07-08 14:28:41,025  WARNING  PortentaReader      send_command('disarm') ignored — port not open
2026-07-08 14:28:41,088  WARNING  PortentaReader      send_command('disarm') ignored — port not open
2026-07-08 14:28:41,150  WARNING  PortentaReader      send_command('disarm') ignored — port not open
2026-07-08 14:28:41,212  WARNING  PortentaReader      send_command('disarm') ignored — port not open
2026-07-08 14:28:41,273  WARNING  PortentaReader      send_command('disarm') ignored — port not open
2026-07-08 14:28:41,334  WARNING  PortentaReader      send_command('disarm') ignored — port not open
2026-07-08 14:28:41,396  WARNING  PortentaReader      send_command('disarm') ignored — port not open
2026-07-08 14:28:41,459  WARNING  PortentaReader      send_command('disarm') ignored — port not open
2026-07-08 14:28:41,520  WARNING  PortentaReader      send_command('disarm') ignored — port not open
2026-07-08 14:28:41,583  WARNING  PortentaReader      send_command('disarm') ignored — port not open
2026-07-08 14:28:41,645  WARNING  PortentaReader      send_command('disarm') ignored — port not open
2026-07-08 14:28:41,723  WARNING  PortentaReader      send_command('disarm') ignored — port not open
2026-07-08 14:28:41,784  WARNING  PortentaReader      send_command('disarm') ignored — port not open
2026-07-08 14:28:41,839  WARNING  PortentaReader      send_command('disarm') ignored — port not open
2026-07-08 14:28:41,907  WARNING  PortentaReader      send_command('disarm') ignored — port not open
2026-07-08 14:28:41,971  WARNING  PortentaReader      send_command('disarm') ignored — port not open
2026-07-08 14:28:42,033  WARNING  PortentaReader      send_command('disarm') ignored — port not open
2026-07-08 14:28:42,094  WARNING  PortentaReader      send_command('disarm') ignored — port not open
2026-07-08 14:28:42,156  WARNING  PortentaReader      send_command('disarm') ignored — port not open
2026-07-08 14:28:42,218  WARNING  PortentaReader      send_command('disarm') ignored — port not open
2026-07-08 14:28:42,280  WARNING  PortentaReader      send_command('disarm') ignored — port not open
2026-07-08 14:28:42,342  WARNING  PortentaReader      send_command('disarm') ignored — port not open
2026-07-08 14:28:42,405  WARNING  PortentaReader      send_command('disarm') ignored — port not open
2026-07-08 14:28:42,467  WARNING  PortentaReader      send_command('disarm') ignored — port not open
2026-07-08 14:28:42,529  WARNING  PortentaReader      send_command('disarm') ignored — port not open
2026-07-08 14:28:42,590  WARNING  PortentaReader      send_command('disarm') ignored — port not open
2026-07-08 14:28:42,653  WARNING  PortentaReader      send_command('disarm') ignored — port not open
2026-07-08 14:28:42,715  WARNING  PortentaReader      send_command('disarm') ignored — port not open
2026-07-08 14:28:42,778  WARNING  PortentaReader      send_command('disarm') ignored — port not open
2026-07-08 14:28:42,840  WARNING  PortentaReader      send_command('disarm') ignored — port not open
2026-07-08 14:28:42,901  WARNING  PortentaReader      send_command('disarm') ignored — port not open
2026-07-08 14:28:42,963  WARNING  PortentaReader      send_command('disarm') ignored — port not open
2026-07-08 14:28:43,023  WARNING  PortentaReader      send_command('disarm') ignored — port not open
2026-07-08 14:28:43,085  WARNING  PortentaReader      send_command('disarm') ignored — port not open
2026-07-08 14:28:43,147  WARNING  PortentaReader      send_command('disarm') ignored — port not open
2026-07-08 14:28:43,210  WARNING  PortentaReader      send_command('disarm') ignored — port not open
2026-07-08 14:28:43,271  WARNING  PortentaReader      send_command('disarm') ignored — port not open
2026-07-08 14:28:43,334  WARNING  PortentaReader      send_command('disarm') ignored — port not open
2026-07-08 14:28:43,395  WARNING  PortentaReader      send_command('disarm') ignored — port not open
2026-07-08 14:28:43,459  WARNING  PortentaReader      send_command('disarm') ignored — port not open
2026-07-08 14:28:43,519  WARNING  PortentaReader      send_command('disarm') ignored — port not open
2026-07-08 14:28:43,582  WARNING  PortentaReader      send_command('disarm') ignored — port not open
2026-07-08 14:28:43,660  WARNING  PortentaReader      send_command('disarm') ignored — port not open
2026-07-08 14:28:43,707  WARNING  PortentaReader      send_command('disarm') ignored — port not open
2026-07-08 14:28:43,784  WARNING  PortentaReader      send_command('disarm') ignored — port not open
2026-07-08 14:28:43,839  WARNING  PortentaReader      send_command('disarm') ignored — port not open
2026-07-08 14:28:43,906  WARNING  PortentaReader      send_command('disarm') ignored — port not open
2026-07-08 14:28:43,968  WARNING  PortentaReader      send_command('disarm') ignored — port not open
2026-07-08 14:28:44,030  WARNING  PortentaReader      send_command('disarm') ignored — port not open
2026-07-08 14:28:44,092  WARNING  PortentaReader      send_command('disarm') ignored — port not open
2026-07-08 14:28:44,153  WARNING  PortentaReader      send_command('disarm') ignored — port not open
2026-07-08 14:28:44,216  WARNING  PortentaReader      send_command('disarm') ignored — port not open
2026-07-08 14:28:44,277  WARNING  PortentaReader      send_command('disarm') ignored — port not open
2026-07-08 14:28:44,341  WARNING  PortentaReader      send_command('disarm') ignored — port not open
2026-07-08 14:28:44,402  WARNING  PortentaReader      send_command('disarm') ignored — port not open
2026-07-08 14:28:44,465  WARNING  PortentaReader      send_command('disarm') ignored — port not open
2026-07-08 14:28:44,526  WARNING  PortentaReader      send_command('disarm') ignored — port not open
2026-07-08 14:28:44,588  WARNING  PortentaReader      send_command('disarm') ignored — port not open
2026-07-08 14:28:44,649  WARNING  PortentaReader      send_command('disarm') ignored — port not open
2026-07-08 14:28:44,711  WARNING  PortentaReader      send_command('disarm') ignored — port not open
2026-07-08 14:28:44,772  WARNING  PortentaReader      send_command('disarm') ignored — port not open
2026-07-08 14:28:44,835  WARNING  PortentaReader      send_command('disarm') ignored — port not open
2026-07-08 14:28:44,898  WARNING  PortentaReader      send_command('disarm') ignored — port not open
2026-07-08 14:28:44,960  WARNING  PortentaReader      send_command('disarm') ignored — port not open
2026-07-08 14:28:45,022  WARNING  PortentaReader      send_command('disarm') ignored — port not open
2026-07-08 14:28:45,085  WARNING  PortentaReader      send_command('disarm') ignored — port not open
2026-07-08 14:28:45,146  WARNING  PortentaReader      send_command('disarm') ignored — port not open
2026-07-08 14:28:45,208  WARNING  PortentaReader      send_command('disarm') ignored — port not open
2026-07-08 14:28:45,271  WARNING  PortentaReader      send_command('disarm') ignored — port not open
2026-07-08 14:28:45,348  WARNING  PortentaReader      send_command('disarm') ignored — port not open
2026-07-08 14:28:45,410  WARNING  PortentaReader      send_command('disarm') ignored — port not open
2026-07-08 14:28:45,487  WARNING  PortentaReader      send_command('disarm') ignored — port not open
2026-07-08 14:28:45,548  WARNING  PortentaReader      send_command('disarm') ignored — port not open
2026-07-08 14:28:45,610  WARNING  PortentaReader      send_command('disarm') ignored — port not open
2026-07-08 14:28:45,672  WARNING  PortentaReader      send_command('disarm') ignored — port not open
2026-07-08 14:28:45,732  WARNING  PortentaReader      send_command('disarm') ignored — port not open
2026-07-08 14:28:45,797  WARNING  PortentaReader      send_command('disarm') ignored — port not open
2026-07-08 14:28:45,848  WARNING  PortentaReader      send_command('disarm') ignored — port not open
2026-07-08 14:28:45,920  WARNING  PortentaReader      send_command('disarm') ignored — port not open
2026-07-08 14:28:45,982  WARNING  PortentaReader      send_command('disarm') ignored — port not open
2026-07-08 14:28:46,036  WARNING  PortentaReader      send_command('disarm') ignored — port not open
2026-07-08 14:28:46,106  WARNING  PortentaReader      send_command('disarm') ignored — port not open
2026-07-08 14:28:46,168  WARNING  PortentaReader      send_command('disarm') ignored — port not open
2026-07-08 14:28:46,230  WARNING  PortentaReader      send_command('disarm') ignored — port not open
2026-07-08 14:28:46,292  WARNING  PortentaReader      send_command('disarm') ignored — port not open
2026-07-08 14:28:46,353  WARNING  PortentaReader      send_command('disarm') ignored — port not open
2026-07-08 14:28:46,415  WARNING  PortentaReader      send_command('disarm') ignored — port not open
2026-07-08 14:28:46,478  WARNING  PortentaReader      send_command('disarm') ignored — port not open
2026-07-08 14:28:46,540  WARNING  PortentaReader      send_command('disarm') ignored — port not open
2026-07-08 14:28:46,601  WARNING  PortentaReader      send_command('disarm') ignored — port not open
2026-07-08 14:28:46,664  WARNING  PortentaReader      send_command('disarm') ignored — port not open
2026-07-08 14:28:46,726  WARNING  PortentaReader      send_command('disarm') ignored — port not open
2026-07-08 14:28:46,789  WARNING  PortentaReader      send_command('disarm') ignored — port not open
2026-07-08 14:28:46,851  WARNING  PortentaReader      send_command('disarm') ignored — port not open
2026-07-08 14:28:46,914  WARNING  PortentaReader      send_command('disarm') ignored — port not open
2026-07-08 14:28:46,975  WARNING  PortentaReader      send_command('disarm') ignored — port not open
2026-07-08 14:28:47,037  WARNING  PortentaReader      send_command('disarm') ignored — port not open
2026-07-08 14:28:47,100  WARNING  PortentaReader      send_command('disarm') ignored — port not open
2026-07-08 14:28:47,162  WARNING  PortentaReader      send_command('disarm') ignored — port not open
2026-07-08 14:28:47,224  WARNING  PortentaReader      send_command('disarm') ignored — port not open
2026-07-08 14:28:47,287  WARNING  PortentaReader      send_command('disarm') ignored — port not open
2026-07-08 14:28:47,348  WARNING  PortentaReader      send_command('disarm') ignored — port not open
2026-07-08 14:28:47,410  WARNING  PortentaReader      send_command('disarm') ignored — port not open
2026-07-08 14:28:47,487  WARNING  PortentaReader      send_command('disarm') ignored — port not open
2026-07-08 14:28:47,549  WARNING  PortentaReader      send_command('disarm') ignored — port not open
2026-07-08 14:28:47,610  WARNING  PortentaReader      send_command('disarm') ignored — port not open
2026-07-08 14:28:47,673  WARNING  PortentaReader      send_command('disarm') ignored — port not open
2026-07-08 14:28:47,733  WARNING  PortentaReader      send_command('disarm') ignored — port not open
2026-07-08 14:28:47,795  WARNING  PortentaReader      send_command('disarm') ignored — port not open
2026-07-08 14:28:47,850  WARNING  PortentaReader      send_command('disarm') ignored — port not open
2026-07-08 14:28:47,919  WARNING  PortentaReader      send_command('disarm') ignored — port not open
2026-07-08 14:28:47,981  WARNING  PortentaReader      send_command('disarm') ignored — port not open
2026-07-08 14:28:48,043  WARNING  PortentaReader      send_command('disarm') ignored — port not open
2026-07-08 14:28:48,105  WARNING  PortentaReader      send_command('disarm') ignored — port not open
2026-07-08 14:28:48,167  WARNING  PortentaReader      send_command('disarm') ignored — port not open
2026-07-08 14:28:48,229  WARNING  PortentaReader      send_command('disarm') ignored — port not open
2026-07-08 14:28:48,293  WARNING  PortentaReader      send_command('disarm') ignored — port not open
2026-07-08 14:28:48,356  WARNING  PortentaReader      send_command('disarm') ignored — port not open
2026-07-08 14:28:48,418  WARNING  PortentaReader      send_command('disarm') ignored — port not open
2026-07-08 14:28:48,480  WARNING  PortentaReader      send_command('disarm') ignored — port not open
2026-07-08 14:28:48,541  WARNING  PortentaReader      send_command('disarm') ignored — port not open
2026-07-08 14:28:48,603  WARNING  PortentaReader      send_command('disarm') ignored — port not open
2026-07-08 14:28:48,665  WARNING  PortentaReader      send_command('disarm') ignored — port not open
2026-07-08 14:28:48,726  WARNING  PortentaReader      send_command('disarm') ignored — port not open
2026-07-08 14:28:48,787  WARNING  PortentaReader      send_command('disarm') ignored — port not open
2026-07-08 14:28:48,849  WARNING  PortentaReader      send_command('disarm') ignored — port not open
2026-07-08 14:28:48,911  WARNING  PortentaReader      send_command('disarm') ignored — port not open
2026-07-08 14:28:48,973  WARNING  PortentaReader      send_command('disarm') ignored — port not open
2026-07-08 14:28:49,035  WARNING  PortentaReader      send_command('disarm') ignored — port not open
2026-07-08 14:28:49,098  WARNING  PortentaReader      send_command('disarm') ignored — port not open
2026-07-08 14:28:49,161  WARNING  PortentaReader      send_command('disarm') ignored — port not open
2026-07-08 14:28:49,223  WARNING  PortentaReader      send_command('disarm') ignored — port not open
2026-07-08 14:28:49,301  WARNING  PortentaReader      send_command('disarm') ignored — port not open
2026-07-08 14:28:49,363  WARNING  PortentaReader      send_command('disarm') ignored — port not open
2026-07-08 14:28:49,440  WARNING  PortentaReader      send_command('disarm') ignored — port not open
2026-07-08 14:28:49,502  WARNING  PortentaReader      send_command('disarm') ignored — port not open
2026-07-08 14:28:49,565  WARNING  PortentaReader      send_command('disarm') ignored — port not open
2026-07-08 14:28:49,626  WARNING  PortentaReader      send_command('disarm') ignored — port not open
2026-07-08 14:28:49,688  WARNING  PortentaReader      send_command('disarm') ignored — port not open
2026-07-08 14:28:49,750  WARNING  PortentaReader      send_command('disarm') ignored — port not open
2026-07-08 14:28:49,813  WARNING  PortentaReader      send_command('disarm') ignored — port not open
2026-07-08 14:28:49,875  WARNING  PortentaReader      send_command('disarm') ignored — port not open
2026-07-08 14:28:49,944  WARNING  PortentaReader      send_command('disarm') ignored — port not open
2026-07-08 14:28:49,999  WARNING  PortentaReader      send_command('disarm') ignored — port not open
2026-07-08 14:28:50,062  WARNING  PortentaReader      send_command('disarm') ignored — port not open
2026-07-08 14:28:50,123  WARNING  PortentaReader      send_command('disarm') ignored — port not open
2026-07-08 14:28:50,185  WARNING  PortentaReader      send_command('disarm') ignored — port not open
2026-07-08 14:28:50,246  WARNING  PortentaReader      send_command('disarm') ignored — port not open
2026-07-08 14:28:50,308  WARNING  PortentaReader      send_command('disarm') ignored — port not open
2026-07-08 14:28:50,371  WARNING  PortentaReader      send_command('disarm') ignored — port not open
2026-07-08 14:28:50,433  WARNING  PortentaReader      send_command('disarm') ignored — port not open
2026-07-08 14:28:50,495  WARNING  PortentaReader      send_command('disarm') ignored — port not open
2026-07-08 14:28:50,557  WARNING  PortentaReader      send_command('disarm') ignored — port not open
2026-07-08 14:28:50,617  WARNING  PortentaReader      send_command('disarm') ignored — port not open
2026-07-08 14:28:50,679  WARNING  PortentaReader      send_command('disarm') ignored — port not open
2026-07-08 14:28:50,741  WARNING  PortentaReader      send_command('disarm') ignored — port not open
2026-07-08 14:28:50,803  WARNING  PortentaReader      send_command('disarm') ignored — port not open
2026-07-08 14:28:50,865  WARNING  PortentaReader      send_command('disarm') ignored — port not open
2026-07-08 14:28:50,927  WARNING  PortentaReader      send_command('disarm') ignored — port not open
2026-07-08 14:28:50,989  WARNING  PortentaReader      send_command('disarm') ignored — port not open
2026-07-08 14:28:51,066  WARNING  PortentaReader      send_command('disarm') ignored — port not open
2026-07-08 14:28:51,128  WARNING  PortentaReader      send_command('disarm') ignored — port not open
2026-07-08 14:28:51,190  WARNING  PortentaReader      send_command('disarm') ignored — port not open
2026-07-08 14:28:51,252  WARNING  PortentaReader      send_command('disarm') ignored — port not open
2026-07-08 14:28:51,314  WARNING  PortentaReader      send_command('disarm') ignored — port not open
2026-07-08 14:28:51,377  WARNING  PortentaReader      send_command('disarm') ignored — port not open
2026-07-08 14:28:51,440  WARNING  PortentaReader      send_command('disarm') ignored — port not open
2026-07-08 14:28:51,501  WARNING  PortentaReader      send_command('disarm') ignored — port not open
2026-07-08 14:28:51,562  WARNING  PortentaReader      send_command('disarm') ignored — port not open
2026-07-08 14:28:51,624  WARNING  PortentaReader      send_command('disarm') ignored — port not open
2026-07-08 14:28:51,686  WARNING  PortentaReader      send_command('disarm') ignored — port not open
2026-07-08 14:28:51,748  WARNING  PortentaReader      send_command('disarm') ignored — port not open
2026-07-08 14:28:51,810  WARNING  PortentaReader      send_command('disarm') ignored — port not open
2026-07-08 14:28:51,873  WARNING  PortentaReader      send_command('disarm') ignored — port not open
2026-07-08 14:28:51,934  WARNING  PortentaReader      send_command('disarm') ignored — port not open
2026-07-08 14:28:51,997  WARNING  PortentaReader      send_command('disarm') ignored — port not open
2026-07-08 14:28:52,059  WARNING  PortentaReader      send_command('disarm') ignored — port not open
2026-07-08 14:28:52,121  WARNING  PortentaReader      send_command('disarm') ignored — port not open
2026-07-08 14:28:52,184  WARNING  PortentaReader      send_command('disarm') ignored — port not open
2026-07-08 14:28:52,245  WARNING  PortentaReader      send_command('disarm') ignored — port not open
2026-07-08 14:28:52,308  WARNING  PortentaReader      send_command('disarm') ignored — port not open
2026-07-08 14:28:52,370  WARNING  PortentaReader      send_command('disarm') ignored — port not open
2026-07-08 14:28:52,432  WARNING  PortentaReader      send_command('disarm') ignored — port not open
2026-07-08 14:28:52,494  WARNING  PortentaReader      send_command('disarm') ignored — port not open
2026-07-08 14:28:52,556  WARNING  PortentaReader      send_command('disarm') ignored — port not open
2026-07-08 14:28:52,618  WARNING  PortentaReader      send_command('disarm') ignored — port not open
2026-07-08 14:28:52,679  WARNING  PortentaReader      send_command('disarm') ignored — port not open
2026-07-08 14:28:52,749  WARNING  PortentaReader      send_command('disarm') ignored — port not open
2026-07-08 14:28:52,804  WARNING  PortentaReader      send_command('disarm') ignored — port not open
2026-07-08 14:28:52,877  WARNING  PortentaReader      send_command('disarm') ignored — port not open
2026-07-08 14:28:52,927  WARNING  PortentaReader      send_command('disarm') ignored — port not open
2026-07-08 14:28:52,989  WARNING  PortentaReader      send_command('disarm') ignored — port not open
2026-07-08 14:28:53,051  WARNING  PortentaReader      send_command('disarm') ignored — port not open
2026-07-08 14:28:53,127  WARNING  PortentaReader      send_command('disarm') ignored — port not open
2026-07-08 14:28:53,190  WARNING  PortentaReader      send_command('disarm') ignored — port not open
2026-07-08 14:28:53,250  WARNING  PortentaReader      send_command('disarm') ignored — port not open
2026-07-08 14:28:53,313  WARNING  PortentaReader      send_command('disarm') ignored — port not open
2026-07-08 14:28:53,376  WARNING  PortentaReader      send_command('disarm') ignored — port not open
2026-07-08 14:28:53,438  WARNING  PortentaReader      send_command('disarm') ignored — port not open
2026-07-08 14:28:53,501  WARNING  PortentaReader      send_command('disarm') ignored — port not open
2026-07-08 14:28:53,563  WARNING  PortentaReader      send_command('disarm') ignored — port not open
2026-07-08 14:28:53,625  WARNING  PortentaReader      send_command('disarm') ignored — port not open
2026-07-08 14:28:53,687  WARNING  PortentaReader      send_command('disarm') ignored — port not open
2026-07-08 14:28:53,749  WARNING  PortentaReader      send_command('disarm') ignored — port not open
2026-07-08 14:28:53,810  WARNING  PortentaReader      send_command('disarm') ignored — port not open
2026-07-08 14:28:53,871  WARNING  PortentaReader      send_command('disarm') ignored — port not open
2026-07-08 14:28:53,933  WARNING  PortentaReader      send_command('disarm') ignored — port not open
2026-07-08 14:28:53,995  WARNING  PortentaReader      send_command('disarm') ignored — port not open
2026-07-08 14:28:54,057  WARNING  PortentaReader      send_command('disarm') ignored — port not open
2026-07-08 14:28:54,119  WARNING  PortentaReader      send_command('disarm') ignored — port not open
2026-07-08 14:28:54,181  WARNING  PortentaReader      send_command('disarm') ignored — port not open
2026-07-08 14:28:54,245  WARNING  PortentaReader      send_command('disarm') ignored — port not open
2026-07-08 14:28:54,307  WARNING  PortentaReader      send_command('disarm') ignored — port not open
2026-07-08 14:28:54,369  WARNING  PortentaReader      send_command('disarm') ignored — port not open
2026-07-08 14:28:54,430  WARNING  PortentaReader      send_command('disarm') ignored — port not open
2026-07-08 14:28:54,492  WARNING  PortentaReader      send_command('disarm') ignored — port not open
2026-07-08 14:28:54,554  WARNING  PortentaReader      send_command('disarm') ignored — port not open
2026-07-08 14:28:54,616  WARNING  PortentaReader      send_command('disarm') ignored — port not open
2026-07-08 14:28:54,679  WARNING  PortentaReader      send_command('disarm') ignored — port not open
2026-07-08 14:28:54,739  WARNING  PortentaReader      send_command('disarm') ignored — port not open
2026-07-08 14:28:54,801  WARNING  PortentaReader      send_command('disarm') ignored — port not open
2026-07-08 14:28:54,864  WARNING  PortentaReader      send_command('disarm') ignored — port not open
2026-07-08 14:28:54,936  WARNING  PortentaReader      send_command('disarm') ignored — port not open
2026-07-08 14:28:54,988  WARNING  PortentaReader      send_command('disarm') ignored — port not open
2026-07-08 14:28:55,065  WARNING  PortentaReader      send_command('disarm') ignored — port not open
2026-07-08 14:28:55,127  WARNING  PortentaReader      send_command('disarm') ignored — port not open
2026-07-08 14:28:55,189  WARNING  PortentaReader      send_command('disarm') ignored — port not open
2026-07-08 14:28:55,252  WARNING  PortentaReader      send_command('disarm') ignored — port not open
2026-07-08 14:28:55,314  WARNING  PortentaReader      send_command('disarm') ignored — port not open
2026-07-08 14:28:55,376  WARNING  PortentaReader      send_command('disarm') ignored — port not open
2026-07-08 14:28:55,438  WARNING  PortentaReader      send_command('disarm') ignored — port not open
2026-07-08 14:28:55,500  WARNING  PortentaReader      send_command('disarm') ignored — port not open
2026-07-08 14:28:55,562  WARNING  PortentaReader      send_command('disarm') ignored — port not open
2026-07-08 14:28:55,624  WARNING  PortentaReader      send_command('disarm') ignored — port not open
2026-07-08 14:28:55,687  WARNING  PortentaReader      send_command('disarm') ignored — port not open
2026-07-08 14:28:55,749  WARNING  PortentaReader      send_command('disarm') ignored — port not open
2026-07-08 14:28:55,811  WARNING  PortentaReader      send_command('disarm') ignored — port not open
2026-07-08 14:28:55,873  WARNING  PortentaReader      send_command('disarm') ignored — port not open
2026-07-08 14:28:55,944  WARNING  PortentaReader      send_command('disarm') ignored — port not open
2026-07-08 14:28:55,996  WARNING  PortentaReader      send_command('disarm') ignored — port not open
2026-07-08 14:28:56,058  WARNING  PortentaReader      send_command('disarm') ignored — port not open
2026-07-08 14:28:56,121  WARNING  PortentaReader      send_command('disarm') ignored — port not open
2026-07-08 14:28:56,186  WARNING  PortentaReader      send_command('disarm') ignored — port not open
2026-07-08 14:28:56,251  WARNING  PortentaReader      send_command('disarm') ignored — port not open
2026-07-08 14:28:56,306  WARNING  PortentaReader      send_command('disarm') ignored — port not open
2026-07-08 14:28:56,369  WARNING  PortentaReader      send_command('disarm') ignored — port not open
2026-07-08 14:28:56,432  WARNING  PortentaReader      send_command('disarm') ignored — port not open
2026-07-08 14:28:56,495  WARNING  PortentaReader      send_command('disarm') ignored — port not open
2026-07-08 14:28:56,556  WARNING  PortentaReader      send_command('disarm') ignored — port not open
2026-07-08 14:28:56,619  WARNING  PortentaReader      send_command('disarm') ignored — port not open
2026-07-08 14:28:56,680  WARNING  PortentaReader      send_command('disarm') ignored — port not open
2026-07-08 14:28:56,743  WARNING  PortentaReader      send_command('disarm') ignored — port not open
2026-07-08 14:28:56,806  WARNING  PortentaReader      send_command('disarm') ignored — port not open
2026-07-08 14:28:56,868  WARNING  PortentaReader      send_command('disarm') ignored — port not open
2026-07-08 14:28:56,929  WARNING  PortentaReader      send_command('disarm') ignored — port not open
2026-07-08 14:28:56,992  WARNING  PortentaReader      send_command('disarm') ignored — port not open
2026-07-08 14:28:57,054  WARNING  PortentaReader      send_command('disarm') ignored — port not open
2026-07-08 14:28:57,116  WARNING  PortentaReader      send_command('disarm') ignored — port not open
2026-07-08 14:28:57,186  WARNING  PortentaReader      send_command('disarm') ignored — port not open
2026-07-08 14:28:57,240  WARNING  PortentaReader      send_command('disarm') ignored — port not open
2026-07-08 14:28:57,303  WARNING  PortentaReader      send_command('disarm') ignored — port not open
2026-07-08 14:28:57,365  WARNING  PortentaReader      send_command('disarm') ignored — port not open
2026-07-08 14:28:57,430  WARNING  PortentaReader      send_command('disarm') ignored — port not open
2026-07-08 14:28:57,495  WARNING  PortentaReader      send_command('disarm') ignored — port not open
2026-07-08 14:28:57,552  WARNING  PortentaReader      send_command('disarm') ignored — port not open
2026-07-08 14:28:57,629  WARNING  PortentaReader      send_command('disarm') ignored — port not open
2026-07-08 14:28:57,677  WARNING  PortentaReader      send_command('disarm') ignored — port not open
2026-07-08 14:28:57,753  WARNING  PortentaReader      send_command('disarm') ignored — port not open
2026-07-08 14:28:57,815  WARNING  PortentaReader      send_command('disarm') ignored — port not open
2026-07-08 14:28:57,878  WARNING  PortentaReader      send_command('disarm') ignored — port not open
2026-07-08 14:28:57,940  WARNING  PortentaReader      send_command('disarm') ignored — port not open
2026-07-08 14:28:58,002  WARNING  PortentaReader      send_command('disarm') ignored — port not open
2026-07-08 14:28:58,064  WARNING  PortentaReader      send_command('disarm') ignored — port not open
2026-07-08 14:28:58,126  WARNING  PortentaReader      send_command('disarm') ignored — port not open
2026-07-08 14:28:58,188  WARNING  PortentaReader      send_command('disarm') ignored — port not open
2026-07-08 14:28:58,250  WARNING  PortentaReader      send_command('disarm') ignored — port not open
2026-07-08 14:28:58,312  WARNING  PortentaReader      send_command('disarm') ignored — port not open
2026-07-08 14:28:58,375  WARNING  PortentaReader      send_command('disarm') ignored — port not open
2026-07-08 14:28:58,437  WARNING  PortentaReader      send_command('disarm') ignored — port not open
2026-07-08 14:28:58,498  WARNING  PortentaReader      send_command('disarm') ignored — port not open
2026-07-08 14:28:58,561  WARNING  PortentaReader      send_command('disarm') ignored — port not open
2026-07-08 14:28:58,634  WARNING  PortentaReader      send_command('disarm') ignored — port not open
2026-07-08 14:28:58,685  WARNING  PortentaReader      send_command('disarm') ignored — port not open
2026-07-08 14:28:58,744  WARNING  PortentaReader      send_command('disarm') ignored — port not open
2026-07-08 14:28:58,808  WARNING  PortentaReader      send_command('disarm') ignored — port not open
2026-07-08 14:28:58,871  WARNING  PortentaReader      send_command('disarm') ignored — port not open
2026-07-08 14:28:58,933  WARNING  PortentaReader      send_command('disarm') ignored — port not open
2026-07-08 14:28:58,995  WARNING  PortentaReader      send_command('disarm') ignored — port not open
2026-07-08 14:28:59,056  WARNING  PortentaReader      send_command('disarm') ignored — port not open
2026-07-08 14:28:59,119  WARNING  PortentaReader      send_command('disarm') ignored — port not open
2026-07-08 14:28:59,181  WARNING  PortentaReader      send_command('disarm') ignored — port not open
2026-07-08 14:28:59,243  WARNING  PortentaReader      send_command('disarm') ignored — port not open
2026-07-08 14:28:59,306  WARNING  PortentaReader      send_command('disarm') ignored — port not open
2026-07-08 14:28:59,367  WARNING  PortentaReader      send_command('disarm') ignored — port not open
2026-07-08 14:28:59,429  WARNING  PortentaReader      send_command('disarm') ignored — port not open
2026-07-08 14:28:59,492  WARNING  PortentaReader      send_command('disarm') ignored — port not open
2026-07-08 14:28:59,554  WARNING  PortentaReader      send_command('disarm') ignored — port not open
2026-07-08 14:28:59,616  WARNING  PortentaReader      send_command('disarm') ignored — port not open
2026-07-08 14:28:59,680  WARNING  PortentaReader      send_command('disarm') ignored — port not open
2026-07-08 14:28:59,739  WARNING  PortentaReader      send_command('disarm') ignored — port not open
2026-07-08 14:28:59,801  WARNING  PortentaReader      send_command('disarm') ignored — port not open
2026-07-08 14:28:59,875  WARNING  PortentaReader      send_command('disarm') ignored — port not open
2026-07-08 14:28:59,940  WARNING  PortentaReader      send_command('disarm') ignored — port not open
2026-07-08 14:29:00,011  WARNING  PortentaReader      send_command('disarm') ignored — port not open
2026-07-08 14:29:00,063  WARNING  PortentaReader      send_command('disarm') ignored — port not open
2026-07-08 14:29:00,125  WARNING  PortentaReader      send_command('disarm') ignored — port not open
2026-07-08 14:29:00,178  WARNING  PortentaReader      send_command('disarm') ignored — port not open
2026-07-08 14:29:00,239  WARNING  PortentaReader      send_command('disarm') ignored — port not open
2026-07-08 14:29:00,310  WARNING  PortentaReader      send_command('disarm') ignored — port not open
2026-07-08 14:29:00,372  WARNING  PortentaReader      send_command('disarm') ignored — port not open
2026-07-08 14:29:00,435  WARNING  PortentaReader      send_command('disarm') ignored — port not open
2026-07-08 14:29:00,498  WARNING  PortentaReader      send_command('disarm') ignored — port not open
2026-07-08 14:29:00,560  WARNING  PortentaReader      send_command('disarm') ignored — port not open
2026-07-08 14:29:00,623  WARNING  PortentaReader      send_command('disarm') ignored — port not open
2026-07-08 14:29:00,687  WARNING  PortentaReader      send_command('disarm') ignored — port not open
2026-07-08 14:29:00,749  WARNING  PortentaReader      send_command('disarm') ignored — port not open
2026-07-08 14:29:00,810  WARNING  PortentaReader      send_command('disarm') ignored — port not open
2026-07-08 14:29:00,872  WARNING  PortentaReader      send_command('disarm') ignored — port not open
2026-07-08 14:29:00,934  WARNING  PortentaReader      send_command('disarm') ignored — port not open
2026-07-08 14:29:00,995  WARNING  PortentaReader      send_command('disarm') ignored — port not open
2026-07-08 14:29:01,057  WARNING  PortentaReader      send_command('disarm') ignored — port not open
2026-07-08 14:29:01,120  WARNING  PortentaReader      send_command('disarm') ignored — port not open
2026-07-08 14:29:01,180  WARNING  PortentaReader      send_command('disarm') ignored — port not open
2026-07-08 14:29:01,248  WARNING  PortentaReader      send_command('disarm') ignored — port not open
2026-07-08 14:29:01,305  WARNING  PortentaReader      send_command('disarm') ignored — port not open
2026-07-08 14:29:01,366  WARNING  PortentaReader      send_command('disarm') ignored — port not open
2026-07-08 14:29:01,428  WARNING  PortentaReader      send_command('disarm') ignored — port not open
2026-07-08 14:29:01,489  WARNING  PortentaReader      send_command('disarm') ignored — port not open
2026-07-08 14:29:01,565  WARNING  PortentaReader      send_command('disarm') ignored — port not open
2026-07-08 14:29:01,627  WARNING  PortentaReader      send_command('disarm') ignored — port not open
2026-07-08 14:29:01,689  WARNING  PortentaReader      send_command('disarm') ignored — port not open
2026-07-08 14:29:01,751  WARNING  PortentaReader      send_command('disarm') ignored — port not open
2026-07-08 14:29:01,813  WARNING  PortentaReader      send_command('disarm') ignored — port not open
2026-07-08 14:29:01,875  WARNING  PortentaReader      send_command('disarm') ignored — port not open
2026-07-08 14:29:01,937  WARNING  PortentaReader      send_command('disarm') ignored — port not open
2026-07-08 14:29:01,999  WARNING  PortentaReader      send_command('disarm') ignored — port not open
2026-07-08 14:29:02,061  WARNING  PortentaReader      send_command('disarm') ignored — port not open
2026-07-08 14:29:02,123  WARNING  PortentaReader      send_command('disarm') ignored — port not open
2026-07-08 14:29:02,186  WARNING  PortentaReader      send_command('disarm') ignored — port not open
2026-07-08 14:29:02,247  WARNING  PortentaReader      send_command('disarm') ignored — port not open
2026-07-08 14:29:02,309  WARNING  PortentaReader      send_command('disarm') ignored — port not open
2026-07-08 14:29:02,382  WARNING  PortentaReader      send_command('disarm') ignored — port not open
2026-07-08 14:29:02,432  WARNING  PortentaReader      send_command('disarm') ignored — port not open
2026-07-08 14:29:02,497  WARNING  PortentaReader      send_command('disarm') ignored — port not open
2026-07-08 14:29:02,554  WARNING  PortentaReader      send_command('disarm') ignored — port not open
2026-07-08 14:29:02,617  WARNING  PortentaReader      send_command('disarm') ignored — port not open
2026-07-08 14:29:02,679  WARNING  PortentaReader      send_command('disarm') ignored — port not open
2026-07-08 14:29:02,740  WARNING  PortentaReader      send_command('disarm') ignored — port not open
2026-07-08 14:29:02,803  WARNING  PortentaReader      send_command('disarm') ignored — port not open
2026-07-08 14:29:02,866  WARNING  PortentaReader      send_command('disarm') ignored — port not open
2026-07-08 14:29:02,929  WARNING  PortentaReader      send_command('disarm') ignored — port not open
2026-07-08 14:29:02,993  WARNING  PortentaReader      send_command('disarm') ignored — port not open
2026-07-08 14:29:03,056  WARNING  PortentaReader      send_command('disarm') ignored — port not open
2026-07-08 14:29:03,117  WARNING  PortentaReader      send_command('disarm') ignored — port not open
2026-07-08 14:29:03,179  WARNING  PortentaReader      send_command('disarm') ignored — port not open
2026-07-08 14:29:03,242  WARNING  PortentaReader      send_command('disarm') ignored — port not open
2026-07-08 14:29:03,304  WARNING  PortentaReader      send_command('disarm') ignored — port not open
2026-07-08 14:29:03,365  WARNING  PortentaReader      send_command('disarm') ignored — port not open
2026-07-08 14:29:03,429  WARNING  PortentaReader      send_command('disarm') ignored — port not open
2026-07-08 14:29:03,491  WARNING  PortentaReader      send_command('disarm') ignored — port not open
2026-07-08 14:29:03,552  WARNING  PortentaReader      send_command('disarm') ignored — port not open
2026-07-08 14:29:03,615  WARNING  PortentaReader      send_command('disarm') ignored — port not open
2026-07-08 14:29:03,678  WARNING  PortentaReader      send_command('disarm') ignored — port not open
2026-07-08 14:29:03,741  WARNING  PortentaReader      send_command('disarm') ignored — port not open
2026-07-08 14:29:03,803  WARNING  PortentaReader      send_command('disarm') ignored — port not open
2026-07-08 14:29:03,864  WARNING  PortentaReader      send_command('disarm') ignored — port not open
2026-07-08 14:29:03,927  WARNING  PortentaReader      send_command('disarm') ignored — port not open
2026-07-08 14:29:04,003  WARNING  PortentaReader      send_command('disarm') ignored — port not open
2026-07-08 14:29:04,051  WARNING  PortentaReader      send_command('disarm') ignored — port not open
2026-07-08 14:29:04,118  WARNING  PortentaReader      send_command('disarm') ignored — port not open
2026-07-08 14:29:04,180  WARNING  PortentaReader      send_command('disarm') ignored — port not open
2026-07-08 14:29:04,251  WARNING  PortentaReader      send_command('disarm') ignored — port not open
2026-07-08 14:29:04,312  WARNING  PortentaReader      send_command('disarm') ignored — port not open
2026-07-08 14:29:04,384  WARNING  PortentaReader      send_command('disarm') ignored — port not open
2026-07-08 14:29:04,437  WARNING  PortentaReader      send_command('disarm') ignored — port not open
2026-07-08 14:29:04,504  WARNING  PortentaReader      send_command('disarm') ignored — port not open
2026-07-08 14:29:04,561  WARNING  PortentaReader      send_command('disarm') ignored — port not open
2026-07-08 14:29:04,614  WARNING  PortentaReader      send_command('disarm') ignored — port not open
2026-07-08 14:29:04,684  WARNING  PortentaReader      send_command('disarm') ignored — port not open
2026-07-08 14:29:04,748  WARNING  PortentaReader      send_command('disarm') ignored — port not open
2026-07-08 14:29:04,811  WARNING  PortentaReader      send_command('disarm') ignored — port not open
2026-07-08 14:29:04,873  WARNING  PortentaReader      send_command('disarm') ignored — port not open
2026-07-08 14:29:04,934  WARNING  PortentaReader      send_command('disarm') ignored — port not open
2026-07-08 14:29:04,996  WARNING  PortentaReader      send_command('disarm') ignored — port not open
2026-07-08 14:29:05,058  WARNING  PortentaReader      send_command('disarm') ignored — port not open
2026-07-08 14:29:05,120  WARNING  PortentaReader      send_command('disarm') ignored — port not open
2026-07-08 14:29:05,182  WARNING  PortentaReader      send_command('disarm') ignored — port not open
2026-07-08 14:29:05,245  WARNING  PortentaReader      send_command('disarm') ignored — port not open
2026-07-08 14:29:05,305  WARNING  PortentaReader      send_command('disarm') ignored — port not open
2026-07-08 14:29:05,368  WARNING  PortentaReader      send_command('disarm') ignored — port not open
2026-07-08 14:29:05,426  WARNING  PortentaReader      send_command('disarm') ignored — port not open
2026-07-08 14:29:05,492  WARNING  PortentaReader      send_command('disarm') ignored — port not open
2026-07-08 14:29:05,554  WARNING  PortentaReader      send_command('disarm') ignored — port not open
2026-07-08 14:29:05,619  WARNING  PortentaReader      send_command('disarm') ignored — port not open
2026-07-08 14:29:05,678  WARNING  PortentaReader      send_command('disarm') ignored — port not open
2026-07-08 14:29:05,746  WARNING  PortentaReader      send_command('disarm') ignored — port not open
2026-07-08 14:29:05,804  WARNING  PortentaReader      send_command('disarm') ignored — port not open
2026-07-08 14:29:05,866  WARNING  PortentaReader      send_command('disarm') ignored — port not open
2026-07-08 14:29:05,928  WARNING  PortentaReader      send_command('disarm') ignored — port not open
2026-07-08 14:29:05,989  WARNING  PortentaReader      send_command('disarm') ignored — port not open
2026-07-08 14:29:06,051  WARNING  PortentaReader      send_command('disarm') ignored — port not open
2026-07-08 14:29:06,129  WARNING  PortentaReader      send_command('disarm') ignored — port not open
2026-07-08 14:29:06,190  WARNING  PortentaReader      send_command('disarm') ignored — port not open
2026-07-08 14:29:06,252  WARNING  PortentaReader      send_command('disarm') ignored — port not open
2026-07-08 14:29:06,315  WARNING  PortentaReader      send_command('disarm') ignored — port not open
2026-07-08 14:29:06,377  WARNING  PortentaReader      send_command('disarm') ignored — port not open
2026-07-08 14:29:06,440  WARNING  PortentaReader      send_command('disarm') ignored — port not open
2026-07-08 14:29:06,502  WARNING  PortentaReader      send_command('disarm') ignored — port not open
2026-07-08 14:29:06,564  WARNING  PortentaReader      send_command('disarm') ignored — port not open
2026-07-08 14:29:06,626  WARNING  PortentaReader      send_command('disarm') ignored — port not open
2026-07-08 14:29:06,688  WARNING  PortentaReader      send_command('disarm') ignored — port not open
2026-07-08 14:29:06,751  WARNING  PortentaReader      send_command('disarm') ignored — port not open
2026-07-08 14:29:06,813  WARNING  PortentaReader      send_command('disarm') ignored — port not open
2026-07-08 14:29:06,883  WARNING  PortentaReader      send_command('disarm') ignored — port not open
2026-07-08 14:29:06,937  WARNING  PortentaReader      send_command('disarm') ignored — port not open
2026-07-08 14:29:06,989  WARNING  PortentaReader      send_command('disarm') ignored — port not open
2026-07-08 14:29:07,061  WARNING  PortentaReader      send_command('disarm') ignored — port not open
2026-07-08 14:29:07,123  WARNING  PortentaReader      send_command('disarm') ignored — port not open
2026-07-08 14:29:07,185  WARNING  PortentaReader      send_command('disarm') ignored — port not open
2026-07-08 14:29:07,247  WARNING  PortentaReader      send_command('disarm') ignored — port not open
2026-07-08 14:29:07,310  WARNING  PortentaReader      send_command('disarm') ignored — port not open
2026-07-08 14:29:07,372  WARNING  PortentaReader      send_command('disarm') ignored — port not open
2026-07-08 14:29:07,434  WARNING  PortentaReader      send_command('disarm') ignored — port not open
2026-07-08 14:29:07,496  WARNING  PortentaReader      send_command('disarm') ignored — port not open
2026-07-08 14:29:07,558  WARNING  PortentaReader      send_command('disarm') ignored — port not open
2026-07-08 14:29:07,620  WARNING  PortentaReader      send_command('disarm') ignored — port not open
2026-07-08 14:29:07,681  WARNING  PortentaReader      send_command('disarm') ignored — port not open
2026-07-08 14:29:07,743  WARNING  PortentaReader      send_command('disarm') ignored — port not open
2026-07-08 14:29:07,804  WARNING  PortentaReader      send_command('disarm') ignored — port not open
2026-07-08 14:29:07,867  WARNING  PortentaReader      send_command('disarm') ignored — port not open
2026-07-08 14:29:07,929  WARNING  PortentaReader      send_command('disarm') ignored — port not open
2026-07-08 14:29:07,991  WARNING  PortentaReader      send_command('disarm') ignored — port not open
2026-07-08 14:29:08,052  WARNING  PortentaReader      send_command('disarm') ignored — port not open
2026-07-08 14:29:08,126  WARNING  PortentaReader      send_command('disarm') ignored — port not open
2026-07-08 14:29:08,177  WARNING  PortentaReader      send_command('disarm') ignored — port not open
2026-07-08 14:29:08,241  WARNING  PortentaReader      send_command('disarm') ignored — port not open
2026-07-08 14:29:08,301  WARNING  PortentaReader      send_command('disarm') ignored — port not open
2026-07-08 14:29:08,378  WARNING  PortentaReader      send_command('disarm') ignored — port not open
2026-07-08 14:29:08,440  WARNING  PortentaReader      send_command('disarm') ignored — port not open
2026-07-08 14:29:08,503  WARNING  PortentaReader      send_command('disarm') ignored — port not open
2026-07-08 14:29:08,565  WARNING  PortentaReader      send_command('disarm') ignored — port not open
2026-07-08 14:29:08,626  WARNING  PortentaReader      send_command('disarm') ignored — port not open
2026-07-08 14:29:08,688  WARNING  PortentaReader      send_command('disarm') ignored — port not open
2026-07-08 14:29:08,750  WARNING  PortentaReader      send_command('disarm') ignored — port not open
2026-07-08 14:29:08,813  WARNING  PortentaReader      send_command('disarm') ignored — port not open
2026-07-08 14:29:08,873  WARNING  PortentaReader      send_command('disarm') ignored — port not open
2026-07-08 14:29:08,937  WARNING  PortentaReader      send_command('disarm') ignored — port not open
2026-07-08 14:29:08,999  WARNING  PortentaReader      send_command('disarm') ignored — port not open
2026-07-08 14:29:09,061  WARNING  PortentaReader      send_command('disarm') ignored — port not open
2026-07-08 14:29:09,132  WARNING  PortentaReader      send_command('disarm') ignored — port not open
2026-07-08 14:29:09,186  WARNING  PortentaReader      send_command('disarm') ignored — port not open
2026-07-08 14:29:09,247  WARNING  PortentaReader      send_command('disarm') ignored — port not open
2026-07-08 14:29:09,309  WARNING  PortentaReader      send_command('disarm') ignored — port not open
2026-07-08 14:29:09,374  WARNING  PortentaReader      send_command('disarm') ignored — port not open
2026-07-08 14:29:09,440  WARNING  PortentaReader      send_command('disarm') ignored — port not open
2026-07-08 14:29:09,496  WARNING  PortentaReader      send_command('disarm') ignored — port not open
2026-07-08 14:29:09,558  WARNING  PortentaReader      send_command('disarm') ignored — port not open
2026-07-08 14:29:09,620  WARNING  PortentaReader      send_command('disarm') ignored — port not open
2026-07-08 14:29:09,681  WARNING  PortentaReader      send_command('disarm') ignored — port not open
2026-07-08 14:29:09,743  WARNING  PortentaReader      send_command('disarm') ignored — port not open
2026-07-08 14:29:09,804  WARNING  PortentaReader      send_command('disarm') ignored — port not open
2026-07-08 14:29:09,867  WARNING  PortentaReader      send_command('disarm') ignored — port not open
2026-07-08 14:29:09,928  WARNING  PortentaReader      send_command('disarm') ignored — port not open
2026-07-08 14:29:09,990  WARNING  PortentaReader      send_command('disarm') ignored — port not open
2026-07-08 14:29:10,052  WARNING  PortentaReader      send_command('disarm') ignored — port not open
2026-07-08 14:29:10,114  WARNING  PortentaReader      send_command('disarm') ignored — port not open
2026-07-08 14:29:10,180  WARNING  PortentaReader      send_command('disarm') ignored — port not open
2026-07-08 14:29:10,252  WARNING  PortentaReader      send_command('disarm') ignored — port not open
2026-07-08 14:29:10,307  WARNING  PortentaReader      send_command('disarm') ignored — port not open
2026-07-08 14:29:10,373  WARNING  PortentaReader      send_command('disarm') ignored — port not open
2026-07-08 14:29:10,427  WARNING  PortentaReader      send_command('disarm') ignored — port not open
2026-07-08 14:29:10,503  WARNING  PortentaReader      send_command('disarm') ignored — port not open
2026-07-08 14:29:10,564  WARNING  PortentaReader      send_command('disarm') ignored — port not open
2026-07-08 14:29:10,616  WARNING  PortentaReader      send_command('disarm') ignored — port not open
2026-07-08 14:29:10,688  WARNING  PortentaReader      send_command('disarm') ignored — port not open
2026-07-08 14:29:10,750  WARNING  PortentaReader      send_command('disarm') ignored — port not open
2026-07-08 14:29:10,813  WARNING  PortentaReader      send_command('disarm') ignored — port not open
2026-07-08 14:29:10,875  WARNING  PortentaReader      send_command('disarm') ignored — port not open
2026-07-08 14:29:10,936  WARNING  PortentaReader      send_command('disarm') ignored — port not open
2026-07-08 14:29:10,997  WARNING  PortentaReader      send_command('disarm') ignored — port not open
2026-07-08 14:29:11,061  WARNING  PortentaReader      send_command('disarm') ignored — port not open
2026-07-08 14:29:11,123  WARNING  PortentaReader      send_command('disarm') ignored — port not open
2026-07-08 14:29:11,184  WARNING  PortentaReader      send_command('disarm') ignored — port not open
2026-07-08 14:29:11,246  WARNING  PortentaReader      send_command('disarm') ignored — port not open
2026-07-08 14:29:11,309  WARNING  PortentaReader      send_command('disarm') ignored — port not open
2026-07-08 14:29:11,365  WARNING  PortentaReader      send_command('disarm') ignored — port not open
2026-07-08 14:29:11,432  WARNING  PortentaReader      send_command('disarm') ignored — port not open
2026-07-08 14:29:11,489  WARNING  PortentaReader      send_command('disarm') ignored — port not open
2026-07-08 14:29:11,555  WARNING  PortentaReader      send_command('disarm') ignored — port not open
2026-07-08 14:29:11,619  WARNING  PortentaReader      send_command('disarm') ignored — port not open
2026-07-08 14:29:11,680  WARNING  PortentaReader      send_command('disarm') ignored — port not open
2026-07-08 14:29:11,743  WARNING  PortentaReader      send_command('disarm') ignored — port not open
2026-07-08 14:29:11,805  WARNING  PortentaReader      send_command('disarm') ignored — port not open
2026-07-08 14:29:11,866  WARNING  PortentaReader      send_command('disarm') ignored — port not open
2026-07-08 14:29:11,932  WARNING  PortentaReader      send_command('disarm') ignored — port not open
2026-07-08 14:29:11,989  WARNING  PortentaReader      send_command('disarm') ignored — port not open
2026-07-08 14:29:12,051  WARNING  PortentaReader      send_command('disarm') ignored — port not open
2026-07-08 14:29:12,113  WARNING  PortentaReader      send_command('disarm') ignored — port not open
2026-07-08 14:29:12,191  WARNING  PortentaReader      send_command('disarm') ignored — port not open
2026-07-08 14:29:12,253  WARNING  PortentaReader      send_command('disarm') ignored — port not open
2026-07-08 14:29:12,315  WARNING  PortentaReader      send_command('disarm') ignored — port not open
2026-07-08 14:29:12,370  WARNING  PortentaReader      send_command('disarm') ignored — port not open
2026-07-08 14:29:12,428  WARNING  PortentaReader      send_command('disarm') ignored — port not open
2026-07-08 14:29:12,490  WARNING  PortentaReader      send_command('disarm') ignored — port not open
2026-07-08 14:29:12,563  WARNING  PortentaReader      send_command('disarm') ignored — port not open
2026-07-08 14:29:12,624  WARNING  PortentaReader      send_command('disarm') ignored — port not open
2026-07-08 14:29:12,686  WARNING  PortentaReader      send_command('disarm') ignored — port not open
2026-07-08 14:29:12,749  WARNING  PortentaReader      send_command('disarm') ignored — port not open
2026-07-08 14:29:12,806  WARNING  PortentaReader      send_command('disarm') ignored — port not open
2026-07-08 14:29:12,873  WARNING  PortentaReader      send_command('disarm') ignored — port not open
2026-07-08 14:29:12,935  WARNING  PortentaReader      send_command('disarm') ignored — port not open
2026-07-08 14:29:12,997  WARNING  PortentaReader      send_command('disarm') ignored — port not open
2026-07-08 14:29:13,065  WARNING  PortentaReader      send_command('disarm') ignored — port not open
2026-07-08 14:29:13,121  WARNING  PortentaReader      send_command('disarm') ignored — port not open
2026-07-08 14:29:13,190  WARNING  PortentaReader      send_command('disarm') ignored — port not open
2026-07-08 14:29:13,243  WARNING  PortentaReader      send_command('disarm') ignored — port not open
2026-07-08 14:29:13,306  WARNING  PortentaReader      send_command('disarm') ignored — port not open
2026-07-08 14:29:13,369  WARNING  PortentaReader      send_command('disarm') ignored — port not open
2026-07-08 14:29:13,432  WARNING  PortentaReader      send_command('disarm') ignored — port not open
2026-07-08 14:29:13,494  WARNING  PortentaReader      send_command('disarm') ignored — port not open
2026-07-08 14:29:13,556  WARNING  PortentaReader      send_command('disarm') ignored — port not open
2026-07-08 14:29:13,619  WARNING  PortentaReader      send_command('disarm') ignored — port not open
2026-07-08 14:29:13,680  WARNING  PortentaReader      send_command('disarm') ignored — port not open
2026-07-08 14:29:13,744  WARNING  PortentaReader      send_command('disarm') ignored — port not open
2026-07-08 14:29:13,803  WARNING  PortentaReader      send_command('disarm') ignored — port not open
2026-07-08 14:29:13,868  WARNING  PortentaReader      send_command('disarm') ignored — port not open
2026-07-08 14:29:13,929  WARNING  PortentaReader      send_command('disarm') ignored — port not open
2026-07-08 14:29:13,991  WARNING  PortentaReader      send_command('disarm') ignored — port not open
2026-07-08 14:29:14,054  WARNING  PortentaReader      send_command('disarm') ignored — port not open
2026-07-08 14:29:14,116  WARNING  PortentaReader      send_command('disarm') ignored — port not open
2026-07-08 14:29:14,178  WARNING  PortentaReader      send_command('disarm') ignored — port not open
2026-07-08 14:29:14,240  WARNING  PortentaReader      send_command('disarm') ignored — port not open
2026-07-08 14:29:14,307  WARNING  PortentaReader      send_command('disarm') ignored — port not open
2026-07-08 14:29:14,363  WARNING  PortentaReader      send_command('disarm') ignored — port not open
2026-07-08 14:29:14,432  WARNING  PortentaReader      send_command('disarm') ignored — port not open
2026-07-08 14:29:14,488  WARNING  PortentaReader      send_command('disarm') ignored — port not open
2026-07-08 14:29:14,557  WARNING  PortentaReader      send_command('disarm') ignored — port not open
2026-07-08 14:29:14,617  WARNING  PortentaReader      send_command('disarm') ignored — port not open
2026-07-08 14:29:14,677  WARNING  PortentaReader      send_command('disarm') ignored — port not open
2026-07-08 14:29:14,752  WARNING  PortentaReader      send_command('disarm') ignored — port not open
2026-07-08 14:29:14,805  WARNING  PortentaReader      send_command('disarm') ignored — port not open
2026-07-08 14:29:14,865  WARNING  PortentaReader      send_command('disarm') ignored — port not open
2026-07-08 14:29:14,938  WARNING  PortentaReader      send_command('disarm') ignored — port not open
2026-07-08 14:29:15,000  WARNING  PortentaReader      send_command('disarm') ignored — port not open
2026-07-08 14:29:15,061  WARNING  PortentaReader      send_command('disarm') ignored — port not open
2026-07-08 14:29:15,120  WARNING  PortentaReader      send_command('disarm') ignored — port not open
2026-07-08 14:29:15,180  WARNING  PortentaReader      send_command('disarm') ignored — port not open
2026-07-08 14:29:15,239  WARNING  PortentaReader      send_command('disarm') ignored — port not open
2026-07-08 14:29:15,307  WARNING  PortentaReader      send_command('disarm') ignored — port not open
2026-07-08 14:29:15,372  WARNING  PortentaReader      send_command('disarm') ignored — port not open
2026-07-08 14:29:15,427  WARNING  PortentaReader      send_command('disarm') ignored — port not open
2026-07-08 14:29:15,495  WARNING  PortentaReader      send_command('disarm') ignored — port not open
2026-07-08 14:29:15,579  WARNING  PortentaReader      send_command('disarm') ignored — port not open
2026-07-08 14:29:15,615  WARNING  PortentaReader      send_command('disarm') ignored — port not open
2026-07-08 14:29:15,683  WARNING  PortentaReader      send_command('disarm') ignored — port not open
2026-07-08 14:29:15,742  WARNING  PortentaReader      send_command('disarm') ignored — port not open
2026-07-08 14:29:15,805  WARNING  PortentaReader      send_command('disarm') ignored — port not open
2026-07-08 14:29:15,869  WARNING  PortentaReader      send_command('disarm') ignored — port not open
2026-07-08 14:29:15,930  WARNING  PortentaReader      send_command('disarm') ignored — port not open
2026-07-08 14:29:15,990  WARNING  PortentaReader      send_command('disarm') ignored — port not open
2026-07-08 14:29:16,053  WARNING  PortentaReader      send_command('disarm') ignored — port not open
2026-07-08 14:29:16,115  WARNING  PortentaReader      send_command('disarm') ignored — port not open
2026-07-08 14:29:16,177  WARNING  PortentaReader      send_command('disarm') ignored — port not open
2026-07-08 14:29:16,240  WARNING  PortentaReader      send_command('disarm') ignored — port not open
2026-07-08 14:29:16,302  WARNING  PortentaReader      send_command('disarm') ignored — port not open
2026-07-08 14:29:16,309  ERROR  H7Worker            H7 worker crashed: could not open port 'COM8': FileNotFoundError(2, 'The system cannot find the file specified.', None, 2)
Traceback (most recent call last):
  File "c:\Users\yilin\Documents\GitHubRepo_Research\MicroTensileMachine\MicroTensileMachine\Experiment_SMAThermalCharacterization\workers.py", line 232, in run
    self._main_loop()
  File "c:\Users\yilin\Documents\GitHubRepo_Research\MicroTensileMachine\MicroTensileMachine\Experiment_SMAThermalCharacterization\workers.py", line 251, in _main_loop
    with reader:
         ^^^^^^
  File "C:\Users\yilin\Documents\GitHubRepo_Research\MicroTensileMachine\MicroTensileMachine\Calibrate_LaserHead\portenta_reader.py", line 330, in __enter__
    self.open()
  File "C:\Users\yilin\Documents\GitHubRepo_Research\MicroTensileMachine\MicroTensileMachine\Calibrate_LaserHead\portenta_reader.py", line 284, in open
    self._ser = serial.Serial(
                ^^^^^^^^^^^^^^
  File "C:\Users\yilin\AppData\Local\Programs\Python\Python312\Lib\site-packages\serial\serialwin32.py", line 33, in __init__
    super(Serial, self).__init__(*args, **kwargs)
  File "C:\Users\yilin\AppData\Local\Programs\Python\Python312\Lib\site-packages\serial\serialutil.py", line 244, in __init__
    self.open()
  File "C:\Users\yilin\AppData\Local\Programs\Python\Python312\Lib\site-packages\serial\serialwin32.py", line 64, in open
    raise SerialException("could not open port {!r}: {!r}".format(self.portstr, ctypes.WinError()))
serial.serialutil.SerialException: could not open port 'COM8': FileNotFoundError(2, 'The system cannot find the file specified.', None, 2)
2026-07-08 14:29:16,309  INFO   RecordingCore       H7: reconnect requested
2026-07-08 14:29:16,323  INFO   H7Worker            H7 worker exit  (pushed=0, dropped=0, filtered=0)
2026-07-08 14:29:17,386  WARNING  RecordingCore       HEALTH WARNING: H7 silent 1.0s — no new samples (critical; other instruments still recording)
2026-07-08 14:29:19,386  WARNING  PortentaReader      send_command('disarm') ignored — port not open
2026-07-08 14:29:19,446  WARNING  PortentaReader      send_command('disarm') ignored — port not open
2026-07-08 14:29:19,508  WARNING  PortentaReader      send_command('disarm') ignored — port not open
2026-07-08 14:29:19,567  WARNING  PortentaReader      send_command('disarm') ignored — port not open
2026-07-08 14:29:19,630  WARNING  PortentaReader      send_command('disarm') ignored — port not open
2026-07-08 14:29:19,695  WARNING  PortentaReader      send_command('disarm') ignored — port not open
2026-07-08 14:29:19,756  WARNING  PortentaReader      send_command('disarm') ignored — port not open
2026-07-08 14:29:19,818  WARNING  PortentaReader      send_command('disarm') ignored — port not open
2026-07-08 14:29:19,880  WARNING  PortentaReader      send_command('disarm') ignored — port not open
2026-07-08 14:29:19,941  WARNING  PortentaReader      send_command('disarm') ignored — port not open
2026-07-08 14:29:20,015  WARNING  PortentaReader      send_command('disarm') ignored — port not open
2026-07-08 14:29:20,078  WARNING  PortentaReader      send_command('disarm') ignored — port not open
2026-07-08 14:29:20,129  WARNING  PortentaReader      send_command('disarm') ignored — port not open
2026-07-08 14:29:20,206  WARNING  PortentaReader      send_command('disarm') ignored — port not open
2026-07-08 14:29:20,277  WARNING  PortentaReader      send_command('disarm') ignored — port not open
2026-07-08 14:29:20,330  WARNING  PortentaReader      send_command('disarm') ignored — port not open
2026-07-08 14:29:20,392  WARNING  PortentaReader      send_command('disarm') ignored — port not open
2026-07-08 14:29:20,454  WARNING  PortentaReader      send_command('disarm') ignored — port not open
2026-07-08 14:29:20,515  WARNING  PortentaReader      send_command('disarm') ignored — port not open
2026-07-08 14:29:20,587  WARNING  PortentaReader      send_command('disarm') ignored — port not open
2026-07-08 14:29:20,639  WARNING  PortentaReader      send_command('disarm') ignored — port not open
2026-07-08 14:29:20,701  WARNING  PortentaReader      send_command('disarm') ignored — port not open
2026-07-08 14:29:20,763  WARNING  PortentaReader      send_command('disarm') ignored — port not open
2026-07-08 14:29:20,825  WARNING  PortentaReader      send_command('disarm') ignored — port not open
2026-07-08 14:29:20,886  WARNING  PortentaReader      send_command('disarm') ignored — port not open
2026-07-08 14:29:20,949  WARNING  PortentaReader      send_command('disarm') ignored — port not open
2026-07-08 14:29:21,011  WARNING  PortentaReader      send_command('disarm') ignored — port not open
2026-07-08 14:29:21,073  WARNING  PortentaReader      send_command('disarm') ignored — port not open
2026-07-08 14:29:21,135  WARNING  PortentaReader      send_command('disarm') ignored — port not open
2026-07-08 14:29:21,195  WARNING  PortentaReader      send_command('disarm') ignored — port not open
2026-07-08 14:29:21,257  WARNING  PortentaReader      send_command('disarm') ignored — port not open
2026-07-08 14:29:21,318  WARNING  PortentaReader      send_command('disarm') ignored — port not open
2026-07-08 14:29:21,380  WARNING  PortentaReader      send_command('disarm') ignored — port not open
2026-07-08 14:29:21,442  WARNING  PortentaReader      send_command('disarm') ignored — port not open
2026-07-08 14:29:21,512  WARNING  PortentaReader      send_command('disarm') ignored — port not open
2026-07-08 14:29:21,581  WARNING  PortentaReader      send_command('disarm') ignored — port not open
2026-07-08 14:29:21,643  WARNING  PortentaReader      send_command('disarm') ignored — port not open
2026-07-08 14:29:21,703  WARNING  PortentaReader      send_command('disarm') ignored — port not open
2026-07-08 14:29:21,757  WARNING  PortentaReader      send_command('disarm') ignored — port not open
2026-07-08 14:29:21,831  WARNING  PortentaReader      send_command('disarm') ignored — port not open
2026-07-08 14:29:21,889  WARNING  PortentaReader      send_command('disarm') ignored — port not open
2026-07-08 14:29:21,951  WARNING  PortentaReader      send_command('disarm') ignored — port not open
2026-07-08 14:29:22,013  WARNING  PortentaReader      send_command('disarm') ignored — port not open
2026-07-08 14:29:22,075  WARNING  PortentaReader      send_command('disarm') ignored — port not open
2026-07-08 14:29:22,135  WARNING  PortentaReader      send_command('disarm') ignored — port not open
2026-07-08 14:29:22,199  WARNING  PortentaReader      send_command('disarm') ignored — port not open
2026-07-08 14:29:22,260  WARNING  PortentaReader      send_command('disarm') ignored — port not open
2026-07-08 14:29:22,322  WARNING  PortentaReader      send_command('disarm') ignored — port not open
2026-07-08 14:29:22,383  WARNING  PortentaReader      send_command('disarm') ignored — port not open
2026-07-08 14:29:22,446  WARNING  PortentaReader      send_command('disarm') ignored — port not open
2026-07-08 14:29:22,507  WARNING  PortentaReader      send_command('disarm') ignored — port not open
2026-07-08 14:29:22,569  WARNING  PortentaReader      send_command('disarm') ignored — port not open
2026-07-08 14:29:22,631  WARNING  PortentaReader      send_command('disarm') ignored — port not open
2026-07-08 14:29:22,693  WARNING  PortentaReader      send_command('disarm') ignored — port not open
2026-07-08 14:29:22,759  WARNING  PortentaReader      send_command('disarm') ignored — port not open
2026-07-08 14:29:22,817  WARNING  PortentaReader      send_command('disarm') ignored — port not open
2026-07-08 14:29:22,879  WARNING  PortentaReader      send_command('disarm') ignored — port not open
2026-07-08 14:29:22,942  WARNING  PortentaReader      send_command('disarm') ignored — port not open
2026-07-08 14:29:23,003  WARNING  PortentaReader      send_command('disarm') ignored — port not open
2026-07-08 14:29:23,089  WARNING  PortentaReader      send_command('disarm') ignored — port not open
2026-07-08 14:29:23,143  WARNING  PortentaReader      send_command('disarm') ignored — port not open
2026-07-08 14:29:23,205  WARNING  PortentaReader      send_command('disarm') ignored — port not open
2026-07-08 14:29:23,268  WARNING  PortentaReader      send_command('disarm') ignored — port not open
2026-07-08 14:29:23,318  WARNING  PortentaReader      send_command('disarm') ignored — port not open
2026-07-08 14:29:23,391  WARNING  PortentaReader      send_command('disarm') ignored — port not open
2026-07-08 14:29:23,453  WARNING  PortentaReader      send_command('disarm') ignored — port not open
2026-07-08 14:29:23,516  WARNING  PortentaReader      send_command('disarm') ignored — port not open
2026-07-08 14:29:23,578  WARNING  PortentaReader      send_command('disarm') ignored — port not open
2026-07-08 14:29:23,635  WARNING  PortentaReader      send_command('disarm') ignored — port not open
2026-07-08 14:29:23,693  WARNING  PortentaReader      send_command('disarm') ignored — port not open
2026-07-08 14:29:23,760  WARNING  PortentaReader      send_command('disarm') ignored — port not open
2026-07-08 14:29:23,825  WARNING  PortentaReader      send_command('disarm') ignored — port not open
2026-07-08 14:29:23,887  WARNING  PortentaReader      send_command('disarm') ignored — port not open
2026-07-08 14:29:23,949  WARNING  PortentaReader      send_command('disarm') ignored — port not open
2026-07-08 14:29:24,005  WARNING  PortentaReader      send_command('disarm') ignored — port not open
2026-07-08 14:29:24,068  WARNING  PortentaReader      send_command('disarm') ignored — port not open
2026-07-08 14:29:24,132  WARNING  PortentaReader      send_command('disarm') ignored — port not open
2026-07-08 14:29:24,196  WARNING  PortentaReader      send_command('disarm') ignored — port not open
2026-07-08 14:29:24,255  WARNING  PortentaReader      send_command('disarm') ignored — port not open
2026-07-08 14:29:24,321  WARNING  PortentaReader      send_command('disarm') ignored — port not open
2026-07-08 14:29:24,384  WARNING  PortentaReader      send_command('disarm') ignored — port not open
2026-07-08 14:29:24,446  WARNING  PortentaReader      send_command('disarm') ignored — port not open
2026-07-08 14:29:24,508  WARNING  PortentaReader      send_command('disarm') ignored — port not open
2026-07-08 14:29:24,570  WARNING  PortentaReader      send_command('disarm') ignored — port not open
2026-07-08 14:29:24,629  WARNING  PortentaReader      send_command('disarm') ignored — port not open
2026-07-08 14:29:24,693  WARNING  PortentaReader      send_command('disarm') ignored — port not open
2026-07-08 14:29:24,756  WARNING  PortentaReader      send_command('disarm') ignored — port not open
2026-07-08 14:29:24,817  WARNING  PortentaReader      send_command('disarm') ignored — port not open
2026-07-08 14:29:24,881  WARNING  PortentaReader      send_command('disarm') ignored — port not open
2026-07-08 14:29:24,942  WARNING  PortentaReader      send_command('disarm') ignored — port not open
2026-07-08 14:29:25,004  WARNING  PortentaReader      send_command('disarm') ignored — port not open
2026-07-08 14:29:25,067  WARNING  PortentaReader      send_command('disarm') ignored — port not open
2026-07-08 14:29:25,144  WARNING  PortentaReader      send_command('disarm') ignored — port not open
2026-07-08 14:29:25,225  WARNING  PortentaReader      send_command('disarm') ignored — port not open
2026-07-08 14:29:25,284  WARNING  PortentaReader      send_command('disarm') ignored — port not open
2026-07-08 14:29:25,332  WARNING  PortentaReader      send_command('disarm') ignored — port not open
2026-07-08 14:29:25,410  WARNING  PortentaReader      send_command('disarm') ignored — port not open
2026-07-08 14:29:25,462  WARNING  PortentaReader      send_command('disarm') ignored — port not open
2026-07-08 14:29:25,530  WARNING  PortentaReader      send_command('disarm') ignored — port not open
2026-07-08 14:29:25,595  WARNING  PortentaReader      send_command('disarm') ignored — port not open
2026-07-08 14:29:25,657  WARNING  PortentaReader      send_command('disarm') ignored — port not open
2026-07-08 14:29:25,720  WARNING  PortentaReader      send_command('disarm') ignored — port not open
2026-07-08 14:29:25,782  WARNING  PortentaReader      send_command('disarm') ignored — port not open
2026-07-08 14:29:25,843  WARNING  PortentaReader      send_command('disarm') ignored — port not open
2026-07-08 14:29:25,904  WARNING  PortentaReader      send_command('disarm') ignored — port not open
2026-07-08 14:29:25,965  WARNING  PortentaReader      send_command('disarm') ignored — port not open
2026-07-08 14:29:26,028  WARNING  PortentaReader      send_command('disarm') ignored — port not open
2026-07-08 14:29:26,087  WARNING  PortentaReader      send_command('disarm') ignored — port not open
2026-07-08 14:29:26,152  WARNING  PortentaReader      send_command('disarm') ignored — port not open
2026-07-08 14:29:26,214  WARNING  PortentaReader      send_command('disarm') ignored — port not open
2026-07-08 14:29:26,276  WARNING  PortentaReader      send_command('disarm') ignored — port not open
2026-07-08 14:29:26,339  WARNING  PortentaReader      send_command('disarm') ignored — port not open
2026-07-08 14:29:26,401  WARNING  PortentaReader      send_command('disarm') ignored — port not open
2026-07-08 14:29:26,465  WARNING  PortentaReader      send_command('disarm') ignored — port not open
2026-07-08 14:29:26,526  WARNING  PortentaReader      send_command('disarm') ignored — port not open
2026-07-08 14:29:26,589  WARNING  PortentaReader      send_command('disarm') ignored — port not open
2026-07-08 14:29:26,651  WARNING  PortentaReader      send_command('disarm') ignored — port not open
2026-07-08 14:29:26,708  WARNING  PortentaReader      send_command('disarm') ignored — port not open
2026-07-08 14:29:26,776  WARNING  PortentaReader      send_command('disarm') ignored — port not open
2026-07-08 14:29:26,838  WARNING  PortentaReader      send_command('disarm') ignored — port not open
2026-07-08 14:29:26,900  WARNING  PortentaReader      send_command('disarm') ignored — port not open
2026-07-08 14:29:26,963  WARNING  PortentaReader      send_command('disarm') ignored — port not open
2026-07-08 14:29:27,024  WARNING  PortentaReader      send_command('disarm') ignored — port not open
2026-07-08 14:29:27,086  WARNING  PortentaReader      send_command('disarm') ignored — port not open
2026-07-08 14:29:27,148  WARNING  PortentaReader      send_command('disarm') ignored — port not open
2026-07-08 14:29:27,211  WARNING  PortentaReader      send_command('disarm') ignored — port not open
2026-07-08 14:29:27,273  WARNING  PortentaReader      send_command('disarm') ignored — port not open
2026-07-08 14:29:27,335  WARNING  PortentaReader      send_command('disarm') ignored — port not open
2026-07-08 14:29:27,396  WARNING  PortentaReader      send_command('disarm') ignored — port not open
2026-07-08 14:29:27,457  WARNING  PortentaReader      send_command('disarm') ignored — port not open
2026-07-08 14:29:27,519  WARNING  PortentaReader      send_command('disarm') ignored — port not open
2026-07-08 14:29:27,597  WARNING  PortentaReader      send_command('disarm') ignored — port not open
2026-07-08 14:29:27,660  WARNING  PortentaReader      send_command('disarm') ignored — port not open
2026-07-08 14:29:27,737  WARNING  PortentaReader      send_command('disarm') ignored — port not open
2026-07-08 14:29:27,789  WARNING  PortentaReader      send_command('disarm') ignored — port not open
2026-07-08 14:29:27,851  WARNING  PortentaReader      send_command('disarm') ignored — port not open
2026-07-08 14:29:27,912  WARNING  PortentaReader      send_command('disarm') ignored — port not open
2026-07-08 14:29:27,985  WARNING  PortentaReader      send_command('disarm') ignored — port not open
2026-07-08 14:29:28,047  WARNING  PortentaReader      send_command('disarm') ignored — port not open
2026-07-08 14:29:28,109  WARNING  PortentaReader      send_command('disarm') ignored — port not open
2026-07-08 14:29:28,164  WARNING  PortentaReader      send_command('disarm') ignored — port not open
2026-07-08 14:29:28,235  WARNING  PortentaReader      send_command('disarm') ignored — port not open
2026-07-08 14:29:28,298  WARNING  PortentaReader      send_command('disarm') ignored — port not open
2026-07-08 14:29:28,359  WARNING  PortentaReader      send_command('disarm') ignored — port not open
2026-07-08 14:29:28,412  WARNING  PortentaReader      send_command('disarm') ignored — port not open
2026-07-08 14:29:28,482  WARNING  PortentaReader      send_command('disarm') ignored — port not open
2026-07-08 14:29:28,545  WARNING  PortentaReader      send_command('disarm') ignored — port not open
2026-07-08 14:29:28,607  WARNING  PortentaReader      send_command('disarm') ignored — port not open
2026-07-08 14:29:28,669  WARNING  PortentaReader      send_command('disarm') ignored — port not open
2026-07-08 14:29:28,732  WARNING  PortentaReader      send_command('disarm') ignored — port not open
2026-07-08 14:29:28,793  WARNING  PortentaReader      send_command('disarm') ignored — port not open
2026-07-08 14:29:28,854  WARNING  PortentaReader      send_command('disarm') ignored — port not open
2026-07-08 14:29:28,916  WARNING  PortentaReader      send_command('disarm') ignored — port not open
2026-07-08 14:29:28,978  WARNING  PortentaReader      send_command('disarm') ignored — port not open
2026-07-08 14:29:29,040  WARNING  PortentaReader      send_command('disarm') ignored — port not open
2026-07-08 14:29:29,103  WARNING  PortentaReader      send_command('disarm') ignored — port not open
2026-07-08 14:29:29,180  WARNING  PortentaReader      send_command('disarm') ignored — port not open
2026-07-08 14:29:29,227  WARNING  PortentaReader      send_command('disarm') ignored — port not open
2026-07-08 14:29:29,288  WARNING  PortentaReader      send_command('disarm') ignored — port not open
2026-07-08 14:29:29,347  WARNING  PortentaReader      send_command('disarm') ignored — port not open
2026-07-08 14:29:29,411  WARNING  PortentaReader      send_command('disarm') ignored — port not open
2026-07-08 14:29:29,475  WARNING  PortentaReader      send_command('disarm') ignored — port not open
2026-07-08 14:29:29,535  WARNING  PortentaReader      send_command('disarm') ignored — port not open
2026-07-08 14:29:29,601  WARNING  PortentaReader      send_command('disarm') ignored — port not open
2026-07-08 14:29:29,663  WARNING  PortentaReader      send_command('disarm') ignored — port not open
2026-07-08 14:29:29,723  WARNING  PortentaReader      send_command('disarm') ignored — port not open
2026-07-08 14:29:29,785  WARNING  PortentaReader      send_command('disarm') ignored — port not open
2026-07-08 14:29:29,863  WARNING  PortentaReader      send_command('disarm') ignored — port not open
2026-07-08 14:29:29,924  WARNING  PortentaReader      send_command('disarm') ignored — port not open
2026-07-08 14:29:29,985  WARNING  PortentaReader      send_command('disarm') ignored — port not open
2026-07-08 14:29:30,047  WARNING  PortentaReader      send_command('disarm') ignored — port not open
2026-07-08 14:29:30,109  WARNING  PortentaReader      send_command('disarm') ignored — port not open
2026-07-08 14:29:30,182  WARNING  PortentaReader      send_command('disarm') ignored — port not open
2026-07-08 14:29:30,231  WARNING  PortentaReader      send_command('disarm') ignored — port not open
2026-07-08 14:29:30,292  WARNING  PortentaReader      send_command('disarm') ignored — port not open
2026-07-08 14:29:30,355  WARNING  PortentaReader      send_command('disarm') ignored — port not open
2026-07-08 14:29:30,423  WARNING  PortentaReader      send_command('disarm') ignored — port not open
2026-07-08 14:29:30,490  WARNING  PortentaReader      send_command('disarm') ignored — port not open
2026-07-08 14:29:30,541  WARNING  PortentaReader      send_command('disarm') ignored — port not open
2026-07-08 14:29:30,603  WARNING  PortentaReader      send_command('disarm') ignored — port not open
2026-07-08 14:29:30,666  WARNING  PortentaReader      send_command('disarm') ignored — port not open
2026-07-08 14:29:30,727  WARNING  PortentaReader      send_command('disarm') ignored — port not open
2026-07-08 14:29:30,788  WARNING  PortentaReader      send_command('disarm') ignored — port not open
2026-07-08 14:29:30,851  WARNING  PortentaReader      send_command('disarm') ignored — port not open
2026-07-08 14:29:30,913  WARNING  PortentaReader      send_command('disarm') ignored — port not open
2026-07-08 14:29:30,974  WARNING  PortentaReader      send_command('disarm') ignored — port not open
2026-07-08 14:29:31,039  WARNING  PortentaReader      send_command('disarm') ignored — port not open
2026-07-08 14:29:31,099  WARNING  PortentaReader      send_command('disarm') ignored — port not open
2026-07-08 14:29:31,160  WARNING  PortentaReader      send_command('disarm') ignored — port not open
2026-07-08 14:29:31,223  WARNING  PortentaReader      send_command('disarm') ignored — port not open
2026-07-08 14:29:31,285  WARNING  PortentaReader      send_command('disarm') ignored — port not open
2026-07-08 14:29:31,347  WARNING  PortentaReader      send_command('disarm') ignored — port not open
2026-07-08 14:29:31,425  WARNING  PortentaReader      send_command('disarm') ignored — port not open
2026-07-08 14:29:31,486  WARNING  PortentaReader      send_command('disarm') ignored — port not open
2026-07-08 14:29:31,550  WARNING  PortentaReader      send_command('disarm') ignored — port not open
2026-07-08 14:29:31,612  WARNING  PortentaReader      send_command('disarm') ignored — port not open
2026-07-08 14:29:31,673  WARNING  PortentaReader      send_command('disarm') ignored — port not open
2026-07-08 14:29:31,724  WARNING  PortentaReader      send_command('disarm') ignored — port not open
2026-07-08 14:29:31,795  WARNING  PortentaReader      send_command('disarm') ignored — port not open
2026-07-08 14:29:31,851  WARNING  PortentaReader      send_command('disarm') ignored — port not open
2026-07-08 14:29:31,924  WARNING  PortentaReader      send_command('disarm') ignored — port not open
2026-07-08 14:29:31,980  WARNING  PortentaReader      send_command('disarm') ignored — port not open
2026-07-08 14:29:32,048  WARNING  PortentaReader      send_command('disarm') ignored — port not open
2026-07-08 14:29:32,110  WARNING  PortentaReader      send_command('disarm') ignored — port not open
2026-07-08 14:29:32,174  WARNING  PortentaReader      send_command('disarm') ignored — port not open
2026-07-08 14:29:32,235  WARNING  PortentaReader      send_command('disarm') ignored — port not open
2026-07-08 14:29:32,296  WARNING  PortentaReader      send_command('disarm') ignored — port not open
2026-07-08 14:29:32,358  WARNING  PortentaReader      send_command('disarm') ignored — port not open
2026-07-08 14:29:32,419  WARNING  PortentaReader      send_command('disarm') ignored — port not open
2026-07-08 14:29:32,483  WARNING  PortentaReader      send_command('disarm') ignored — port not open
2026-07-08 14:29:32,544  WARNING  PortentaReader      send_command('disarm') ignored — port not open
2026-07-08 14:29:32,607  WARNING  PortentaReader      send_command('disarm') ignored — port not open
2026-07-08 14:29:32,668  WARNING  PortentaReader      send_command('disarm') ignored — port not open
2026-07-08 14:29:32,731  WARNING  PortentaReader      send_command('disarm') ignored — port not open
2026-07-08 14:29:32,793  WARNING  PortentaReader      send_command('disarm') ignored — port not open
2026-07-08 14:29:32,856  WARNING  PortentaReader      send_command('disarm') ignored — port not open
2026-07-08 14:29:32,917  WARNING  PortentaReader      send_command('disarm') ignored — port not open
2026-07-08 14:29:32,979  WARNING  PortentaReader      send_command('disarm') ignored — port not open
2026-07-08 14:29:33,042  WARNING  PortentaReader      send_command('disarm') ignored — port not open
2026-07-08 14:29:33,116  WARNING  PortentaReader      send_command('disarm') ignored — port not open
2026-07-08 14:29:33,165  WARNING  PortentaReader      send_command('disarm') ignored — port not open
2026-07-08 14:29:33,227  WARNING  PortentaReader      send_command('disarm') ignored — port not open
2026-07-08 14:29:33,288  WARNING  PortentaReader      send_command('disarm') ignored — port not open
2026-07-08 14:29:33,351  WARNING  PortentaReader      send_command('disarm') ignored — port not open
2026-07-08 14:29:33,421  WARNING  PortentaReader      send_command('disarm') ignored — port not open
2026-07-08 14:29:33,475  WARNING  PortentaReader      send_command('disarm') ignored — port not open
2026-07-08 14:29:33,537  WARNING  PortentaReader      send_command('disarm') ignored — port not open
2026-07-08 14:29:33,599  WARNING  PortentaReader      send_command('disarm') ignored — port not open
2026-07-08 14:29:33,661  WARNING  PortentaReader      send_command('disarm') ignored — port not open
2026-07-08 14:29:33,723  WARNING  PortentaReader      send_command('disarm') ignored — port not open
2026-07-08 14:29:33,800  WARNING  PortentaReader      send_command('disarm') ignored — port not open
2026-07-08 14:29:33,848  WARNING  PortentaReader      send_command('disarm') ignored — port not open
2026-07-08 14:29:33,910  WARNING  PortentaReader      send_command('disarm') ignored — port not open
2026-07-08 14:29:33,975  WARNING  PortentaReader      send_command('disarm') ignored — port not open
2026-07-08 14:29:34,039  WARNING  PortentaReader      send_command('disarm') ignored — port not open
2026-07-08 14:29:34,103  WARNING  PortentaReader      send_command('disarm') ignored — port not open
2026-07-08 14:29:34,170  WARNING  PortentaReader      send_command('disarm') ignored — port not open
2026-07-08 14:29:34,235  WARNING  PortentaReader      send_command('disarm') ignored — port not open
2026-07-08 14:29:34,296  WARNING  PortentaReader      send_command('disarm') ignored — port not open
2026-07-08 14:29:34,364  WARNING  PortentaReader      send_command('disarm') ignored — port not open
2026-07-08 14:29:34,418  WARNING  PortentaReader      send_command('disarm') ignored — port not open
2026-07-08 14:29:34,481  WARNING  PortentaReader      send_command('disarm') ignored — port not open
2026-07-08 14:29:34,543  WARNING  PortentaReader      send_command('disarm') ignored — port not open
2026-07-08 14:29:34,605  WARNING  PortentaReader      send_command('disarm') ignored — port not open
2026-07-08 14:29:34,665  WARNING  PortentaReader      send_command('disarm') ignored — port not open
2026-07-08 14:29:34,729  WARNING  PortentaReader      send_command('disarm') ignored — port not open
2026-07-08 14:29:34,791  WARNING  PortentaReader      send_command('disarm') ignored — port not open
2026-07-08 14:29:34,855  WARNING  PortentaReader      send_command('disarm') ignored — port not open
2026-07-08 14:29:34,915  WARNING  PortentaReader      send_command('disarm') ignored — port not open
2026-07-08 14:29:34,977  WARNING  PortentaReader      send_command('disarm') ignored — port not open
2026-07-08 14:29:35,039  WARNING  PortentaReader      send_command('disarm') ignored — port not open
2026-07-08 14:29:35,102  WARNING  PortentaReader      send_command('disarm') ignored — port not open
2026-07-08 14:29:35,163  WARNING  PortentaReader      send_command('disarm') ignored — port not open
2026-07-08 14:29:35,223  WARNING  PortentaReader      send_command('disarm') ignored — port not open
2026-07-08 14:29:35,287  WARNING  PortentaReader      send_command('disarm') ignored — port not open
2026-07-08 14:29:35,348  WARNING  PortentaReader      send_command('disarm') ignored — port not open
2026-07-08 14:29:35,410  WARNING  PortentaReader      send_command('disarm') ignored — port not open
2026-07-08 14:29:35,472  WARNING  PortentaReader      send_command('disarm') ignored — port not open
2026-07-08 14:29:35,535  WARNING  PortentaReader      send_command('disarm') ignored — port not open
2026-07-08 14:29:35,599  WARNING  PortentaReader      send_command('disarm') ignored — port not open
2026-07-08 14:29:35,674  WARNING  PortentaReader      send_command('disarm') ignored — port not open
2026-07-08 14:29:35,737  WARNING  PortentaReader      send_command('disarm') ignored — port not open
2026-07-08 14:29:35,804  WARNING  PortentaReader      send_command('disarm') ignored — port not open
2026-07-08 14:29:35,854  WARNING  PortentaReader      send_command('disarm') ignored — port not open
2026-07-08 14:29:35,930  WARNING  PortentaReader      send_command('disarm') ignored — port not open
2026-07-08 14:29:36,001  WARNING  PortentaReader      send_command('disarm') ignored — port not open
2026-07-08 14:29:36,063  WARNING  PortentaReader      send_command('disarm') ignored — port not open
2026-07-08 14:29:36,115  WARNING  PortentaReader      send_command('disarm') ignored — port not open
2026-07-08 14:29:36,189  WARNING  PortentaReader      send_command('disarm') ignored — port not open
2026-07-08 14:29:36,250  WARNING  PortentaReader      send_command('disarm') ignored — port not open
2026-07-08 14:29:36,313  WARNING  PortentaReader      send_command('disarm') ignored — port not open
2026-07-08 14:29:36,376  WARNING  PortentaReader      send_command('disarm') ignored — port not open
2026-07-08 14:29:36,437  WARNING  PortentaReader      send_command('disarm') ignored — port not open
2026-07-08 14:29:36,500  WARNING  PortentaReader      send_command('disarm') ignored — port not open
2026-07-08 14:29:36,563  WARNING  PortentaReader      send_command('disarm') ignored — port not open
2026-07-08 14:29:36,625  WARNING  PortentaReader      send_command('disarm') ignored — port not open
2026-07-08 14:29:36,687  WARNING  PortentaReader      send_command('disarm') ignored — port not open
2026-07-08 14:29:36,750  WARNING  PortentaReader      send_command('disarm') ignored — port not open
2026-07-08 14:29:36,811  WARNING  PortentaReader      send_command('disarm') ignored — port not open
2026-07-08 14:29:36,874  WARNING  PortentaReader      send_command('disarm') ignored — port not open
2026-07-08 14:29:36,936  WARNING  PortentaReader      send_command('disarm') ignored — port not open
2026-07-08 14:29:36,998  WARNING  PortentaReader      send_command('disarm') ignored — port not open
2026-07-08 14:29:37,061  WARNING  PortentaReader      send_command('disarm') ignored — port not open
2026-07-08 14:29:37,124  WARNING  PortentaReader      send_command('disarm') ignored — port not open
2026-07-08 14:29:37,186  WARNING  PortentaReader      send_command('disarm') ignored — port not open
2026-07-08 14:29:37,248  WARNING  PortentaReader      send_command('disarm') ignored — port not open
2026-07-08 14:29:37,305  WARNING  PortentaReader      send_command('disarm') ignored — port not open
2026-07-08 14:29:37,365  WARNING  PortentaReader      send_command('disarm') ignored — port not open
2026-07-08 14:29:37,433  WARNING  PortentaReader      send_command('disarm') ignored — port not open
2026-07-08 14:29:37,493  WARNING  PortentaReader      send_command('disarm') ignored — port not open
2026-07-08 14:29:37,553  WARNING  PortentaReader      send_command('disarm') ignored — port not open
2026-07-08 14:29:37,615  WARNING  PortentaReader      send_command('disarm') ignored — port not open
2026-07-08 14:29:37,681  WARNING  PortentaReader      send_command('disarm') ignored — port not open
2026-07-08 14:29:37,743  WARNING  PortentaReader      send_command('disarm') ignored — port not open
2026-07-08 14:29:37,802  WARNING  PortentaReader      send_command('disarm') ignored — port not open
2026-07-08 14:29:37,865  WARNING  PortentaReader      send_command('disarm') ignored — port not open
2026-07-08 14:29:37,947  WARNING  PortentaReader      send_command('disarm') ignored — port not open
2026-07-08 14:29:37,991  WARNING  PortentaReader      send_command('disarm') ignored — port not open
2026-07-08 14:29:38,053  WARNING  PortentaReader      send_command('disarm') ignored — port not open
2026-07-08 14:29:38,116  WARNING  PortentaReader      send_command('disarm') ignored — port not open
2026-07-08 14:29:38,177  WARNING  PortentaReader      send_command('disarm') ignored — port not open
2026-07-08 14:29:38,239  WARNING  PortentaReader      send_command('disarm') ignored — port not open
2026-07-08 14:29:38,301  WARNING  PortentaReader      send_command('disarm') ignored — port not open
2026-07-08 14:29:38,363  WARNING  PortentaReader      send_command('disarm') ignored — port not open
2026-07-08 14:29:38,429  WARNING  PortentaReader      send_command('disarm') ignored — port not open
2026-07-08 14:29:38,498  WARNING  PortentaReader      send_command('disarm') ignored — port not open
2026-07-08 14:29:38,562  WARNING  PortentaReader      send_command('disarm') ignored — port not open
2026-07-08 14:29:38,618  WARNING  PortentaReader      send_command('disarm') ignored — port not open
2026-07-08 14:29:38,688  WARNING  PortentaReader      send_command('disarm') ignored — port not open
2026-07-08 14:29:38,750  WARNING  PortentaReader      send_command('disarm') ignored — port not open
2026-07-08 14:29:38,812  WARNING  PortentaReader      send_command('disarm') ignored — port not open
2026-07-08 14:29:38,874  WARNING  PortentaReader      send_command('disarm') ignored — port not open
2026-07-08 14:29:38,935  WARNING  PortentaReader      send_command('disarm') ignored — port not open
2026-07-08 14:29:38,998  WARNING  PortentaReader      send_command('disarm') ignored — port not open
2026-07-08 14:29:39,053  WARNING  PortentaReader      send_command('disarm') ignored — port not open
2026-07-08 14:29:39,122  WARNING  PortentaReader      send_command('disarm') ignored — port not open
2026-07-08 14:29:39,184  WARNING  PortentaReader      send_command('disarm') ignored — port not open
2026-07-08 14:29:39,246  WARNING  PortentaReader      send_command('disarm') ignored — port not open
2026-07-08 14:29:39,307  WARNING  PortentaReader      send_command('disarm') ignored — port not open
2026-07-08 14:29:39,368  WARNING  PortentaReader      send_command('disarm') ignored — port not open
2026-07-08 14:29:39,431  WARNING  PortentaReader      send_command('disarm') ignored — port not open
2026-07-08 14:29:39,494  WARNING  PortentaReader      send_command('disarm') ignored — port not open
2026-07-08 14:29:39,556  WARNING  PortentaReader      send_command('disarm') ignored — port not open
2026-07-08 14:29:39,616  WARNING  PortentaReader      send_command('disarm') ignored — port not open
2026-07-08 14:29:39,679  WARNING  PortentaReader      send_command('disarm') ignored — port not open
2026-07-08 14:29:39,742  WARNING  PortentaReader      send_command('disarm') ignored — port not open
2026-07-08 14:29:39,814  WARNING  PortentaReader      send_command('disarm') ignored — port not open
2026-07-08 14:29:39,865  WARNING  PortentaReader      send_command('disarm') ignored — port not open
2026-07-08 14:29:39,941  WARNING  PortentaReader      send_command('disarm') ignored — port not open
2026-07-08 14:29:39,989  WARNING  PortentaReader      send_command('disarm') ignored — port not open
2026-07-08 14:29:40,058  WARNING  PortentaReader      send_command('disarm') ignored — port not open
2026-07-08 14:29:40,127  WARNING  PortentaReader      send_command('disarm') ignored — port not open
2026-07-08 14:29:40,190  WARNING  PortentaReader      send_command('disarm') ignored — port not open
2026-07-08 14:29:40,251  WARNING  PortentaReader      send_command('disarm') ignored — port not open
2026-07-08 14:29:40,313  WARNING  PortentaReader      send_command('disarm') ignored — port not open
2026-07-08 14:29:40,376  WARNING  PortentaReader      send_command('disarm') ignored — port not open
2026-07-08 14:29:40,433  WARNING  PortentaReader      send_command('disarm') ignored — port not open
2026-07-08 14:29:40,493  WARNING  PortentaReader      send_command('disarm') ignored — port not open
2026-07-08 14:29:40,553  WARNING  PortentaReader      send_command('disarm') ignored — port not open
2026-07-08 14:29:40,619  WARNING  PortentaReader      send_command('disarm') ignored — port not open
2026-07-08 14:29:40,679  WARNING  PortentaReader      send_command('disarm') ignored — port not open
2026-07-08 14:29:40,749  WARNING  PortentaReader      send_command('disarm') ignored — port not open
2026-07-08 14:29:40,811  WARNING  PortentaReader      send_command('disarm') ignored — port not open
2026-07-08 14:29:40,863  WARNING  PortentaReader      send_command('disarm') ignored — port not open
2026-07-08 14:29:40,934  WARNING  PortentaReader      send_command('disarm') ignored — port not open
2026-07-08 14:29:40,998  WARNING  PortentaReader      send_command('disarm') ignored — port not open
2026-07-08 14:29:41,065  WARNING  PortentaReader      send_command('disarm') ignored — port not open
2026-07-08 14:29:41,115  WARNING  PortentaReader      send_command('disarm') ignored — port not open
2026-07-08 14:29:41,191  WARNING  PortentaReader      send_command('disarm') ignored — port not open
2026-07-08 14:29:41,242  WARNING  PortentaReader      send_command('disarm') ignored — port not open
2026-07-08 14:29:41,303  WARNING  PortentaReader      send_command('disarm') ignored — port not open
2026-07-08 14:29:41,369  WARNING  PortentaReader      send_command('disarm') ignored — port not open
2026-07-08 14:29:41,430  WARNING  PortentaReader      send_command('disarm') ignored — port not open
2026-07-08 14:29:41,493  WARNING  PortentaReader      send_command('disarm') ignored — port not open
2026-07-08 14:29:41,553  WARNING  PortentaReader      send_command('disarm') ignored — port not open
2026-07-08 14:29:41,615  WARNING  PortentaReader      send_command('disarm') ignored — port not open
2026-07-08 14:29:41,676  WARNING  PortentaReader      send_command('disarm') ignored — port not open
2026-07-08 14:29:41,738  WARNING  PortentaReader      send_command('disarm') ignored — port not open
2026-07-08 14:29:41,800  WARNING  PortentaReader      send_command('disarm') ignored — port not open
2026-07-08 14:29:41,877  WARNING  PortentaReader      send_command('disarm') ignored — port not open
2026-07-08 14:29:41,932  WARNING  PortentaReader      send_command('disarm') ignored — port not open
2026-07-08 14:29:41,993  WARNING  PortentaReader      send_command('disarm') ignored — port not open
2026-07-08 14:29:42,052  WARNING  PortentaReader      send_command('disarm') ignored — port not open
2026-07-08 14:29:42,119  WARNING  PortentaReader      send_command('disarm') ignored — port not open
2026-07-08 14:29:42,187  WARNING  PortentaReader      send_command('disarm') ignored — port not open
2026-07-08 14:29:42,248  WARNING  PortentaReader      send_command('disarm') ignored — port not open
2026-07-08 14:29:42,301  WARNING  PortentaReader      send_command('disarm') ignored — port not open
2026-07-08 14:29:42,372  WARNING  PortentaReader      send_command('disarm') ignored — port not open
2026-07-08 14:29:42,431  WARNING  PortentaReader      send_command('disarm') ignored — port not open
2026-07-08 14:29:42,497  WARNING  PortentaReader      send_command('disarm') ignored — port not open
2026-07-08 14:29:42,558  WARNING  PortentaReader      send_command('disarm') ignored — port not open
2026-07-08 14:29:42,620  WARNING  PortentaReader      send_command('disarm') ignored — port not open
2026-07-08 14:29:42,682  WARNING  PortentaReader      send_command('disarm') ignored — port not open
2026-07-08 14:29:42,743  WARNING  PortentaReader      send_command('disarm') ignored — port not open
2026-07-08 14:29:42,806  WARNING  PortentaReader      send_command('disarm') ignored — port not open
2026-07-08 14:29:42,868  WARNING  PortentaReader      send_command('disarm') ignored — port not open
2026-07-08 14:29:42,930  WARNING  PortentaReader      send_command('disarm') ignored — port not open
2026-07-08 14:29:42,993  WARNING  PortentaReader      send_command('disarm') ignored — port not open
2026-07-08 14:29:43,054  WARNING  PortentaReader      send_command('disarm') ignored — port not open
2026-07-08 14:29:43,117  WARNING  PortentaReader      send_command('disarm') ignored — port not open
2026-07-08 14:29:43,177  WARNING  PortentaReader      send_command('disarm') ignored — port not open
2026-07-08 14:29:43,240  WARNING  PortentaReader      send_command('disarm') ignored — port not open
2026-07-08 14:29:43,302  WARNING  PortentaReader      send_command('disarm') ignored — port not open
2026-07-08 14:29:43,364  WARNING  PortentaReader      send_command('disarm') ignored — port not open
2026-07-08 14:29:43,425  WARNING  PortentaReader      send_command('disarm') ignored — port not open
2026-07-08 14:29:43,493  WARNING  PortentaReader      send_command('disarm') ignored — port not open
2026-07-08 14:29:43,564  WARNING  PortentaReader      send_command('disarm') ignored — port not open
2026-07-08 14:29:43,636  WARNING  PortentaReader      send_command('disarm') ignored — port not open
2026-07-08 14:29:43,688  WARNING  PortentaReader      send_command('disarm') ignored — port not open
2026-07-08 14:29:43,740  WARNING  PortentaReader      send_command('disarm') ignored — port not open
2026-07-08 14:29:43,811  WARNING  PortentaReader      send_command('disarm') ignored — port not open
2026-07-08 14:29:43,847  ERROR  H7Worker            H7 worker crashed: could not open port 'COM8': FileNotFoundError(2, 'The system cannot find the file specified.', None, 2)
Traceback (most recent call last):
  File "c:\Users\yilin\Documents\GitHubRepo_Research\MicroTensileMachine\MicroTensileMachine\Experiment_SMAThermalCharacterization\workers.py", line 232, in run
    self._main_loop()
  File "c:\Users\yilin\Documents\GitHubRepo_Research\MicroTensileMachine\MicroTensileMachine\Experiment_SMAThermalCharacterization\workers.py", line 251, in _main_loop
    with reader:
         ^^^^^^
  File "C:\Users\yilin\Documents\GitHubRepo_Research\MicroTensileMachine\MicroTensileMachine\Calibrate_LaserHead\portenta_reader.py", line 330, in __enter__
    self.open()
  File "C:\Users\yilin\Documents\GitHubRepo_Research\MicroTensileMachine\MicroTensileMachine\Calibrate_LaserHead\portenta_reader.py", line 284, in open
    self._ser = serial.Serial(
                ^^^^^^^^^^^^^^
  File "C:\Users\yilin\AppData\Local\Programs\Python\Python312\Lib\site-packages\serial\serialwin32.py", line 33, in __init__
    super(Serial, self).__init__(*args, **kwargs)
  File "C:\Users\yilin\AppData\Local\Programs\Python\Python312\Lib\site-packages\serial\serialutil.py", line 244, in __init__
    self.open()
  File "C:\Users\yilin\AppData\Local\Programs\Python\Python312\Lib\site-packages\serial\serialwin32.py", line 64, in open
    raise SerialException("could not open port {!r}: {!r}".format(self.portstr, ctypes.WinError()))
serial.serialutil.SerialException: could not open port 'COM8': FileNotFoundError(2, 'The system cannot find the file specified.', None, 2)
2026-07-08 14:29:43,847  INFO   RecordingCore       H7: reconnect requested
2026-07-08 14:29:43,848  INFO   H7Worker            H7 worker exit  (pushed=0, dropped=0, filtered=0)
2026-07-08 14:29:44,874  WARNING  RecordingCore       HEALTH WARNING: H7 silent 1.0s — no new samples (critical; other instruments still recording)
2026-07-08 14:29:46,868  WARNING  PortentaReader      send_command('disarm') ignored — port not open
2026-07-08 14:29:46,931  WARNING  PortentaReader      send_command('disarm') ignored — port not open
2026-07-08 14:29:46,992  WARNING  PortentaReader      send_command('disarm') ignored — port not open
2026-07-08 14:29:47,053  WARNING  PortentaReader      send_command('disarm') ignored — port not open
2026-07-08 14:29:47,115  WARNING  PortentaReader      send_command('disarm') ignored — port not open
2026-07-08 14:29:47,177  WARNING  PortentaReader      send_command('disarm') ignored — port not open
2026-07-08 14:29:47,240  WARNING  PortentaReader      send_command('disarm') ignored — port not open
2026-07-08 14:29:47,303  WARNING  PortentaReader      send_command('disarm') ignored — port not open
2026-07-08 14:29:47,366  WARNING  PortentaReader      send_command('disarm') ignored — port not open
2026-07-08 14:29:47,427  WARNING  PortentaReader      send_command('disarm') ignored — port not open
2026-07-08 14:29:47,489  WARNING  PortentaReader      send_command('disarm') ignored — port not open
2026-07-08 14:29:47,552  WARNING  PortentaReader      send_command('disarm') ignored — port not open
2026-07-08 14:29:47,614  WARNING  PortentaReader      send_command('disarm') ignored — port not open
2026-07-08 14:29:47,677  WARNING  PortentaReader      send_command('disarm') ignored — port not open
2026-07-08 14:29:47,753  WARNING  PortentaReader      send_command('disarm') ignored — port not open
2026-07-08 14:29:47,815  WARNING  PortentaReader      send_command('disarm') ignored — port not open
2026-07-08 14:29:47,877  WARNING  PortentaReader      send_command('disarm') ignored — port not open
2026-07-08 14:29:47,938  WARNING  PortentaReader      send_command('disarm') ignored — port not open
2026-07-08 14:29:48,000  WARNING  PortentaReader      send_command('disarm') ignored — port not open
2026-07-08 14:29:48,062  WARNING  PortentaReader      send_command('disarm') ignored — port not open
2026-07-08 14:29:48,125  WARNING  PortentaReader      send_command('disarm') ignored — port not open
2026-07-08 14:29:48,186  WARNING  PortentaReader      send_command('disarm') ignored — port not open
2026-07-08 14:29:48,248  WARNING  PortentaReader      send_command('disarm') ignored — port not open
2026-07-08 14:29:48,310  WARNING  PortentaReader      send_command('disarm') ignored — port not open
2026-07-08 14:29:48,373  WARNING  PortentaReader      send_command('disarm') ignored — port not open
2026-07-08 14:29:48,434  WARNING  PortentaReader      send_command('disarm') ignored — port not open
2026-07-08 14:29:48,496  WARNING  PortentaReader      send_command('disarm') ignored — port not open
2026-07-08 14:29:48,558  WARNING  PortentaReader      send_command('disarm') ignored — port not open
2026-07-08 14:29:48,619  WARNING  PortentaReader      send_command('disarm') ignored — port not open
2026-07-08 14:29:48,681  WARNING  PortentaReader      send_command('disarm') ignored — port not open
2026-07-08 14:29:48,742  WARNING  PortentaReader      send_command('disarm') ignored — port not open
2026-07-08 14:29:48,804  WARNING  PortentaReader      send_command('disarm') ignored — port not open
2026-07-08 14:29:48,867  WARNING  PortentaReader      send_command('disarm') ignored — port not open
2026-07-08 14:29:48,927  WARNING  PortentaReader      send_command('disarm') ignored — port not open
2026-07-08 14:29:48,989  WARNING  PortentaReader      send_command('disarm') ignored — port not open
2026-07-08 14:29:49,052  WARNING  PortentaReader      send_command('disarm') ignored — port not open
2026-07-08 14:29:49,114  WARNING  PortentaReader      send_command('disarm') ignored — port not open
2026-07-08 14:29:49,177  WARNING  PortentaReader      send_command('disarm') ignored — port not open
2026-07-08 14:29:49,239  WARNING  PortentaReader      send_command('disarm') ignored — port not open
2026-07-08 14:29:49,301  WARNING  PortentaReader      send_command('disarm') ignored — port not open
2026-07-08 14:29:49,379  WARNING  PortentaReader      send_command('disarm') ignored — port not open
2026-07-08 14:29:49,441  WARNING  PortentaReader      send_command('disarm') ignored — port not open
2026-07-08 14:29:49,502  WARNING  PortentaReader      send_command('disarm') ignored — port not open
2026-07-08 14:29:49,565  WARNING  PortentaReader      send_command('disarm') ignored — port not open
2026-07-08 14:29:49,626  WARNING  PortentaReader      send_command('disarm') ignored — port not open
2026-07-08 14:29:49,688  WARNING  PortentaReader      send_command('disarm') ignored — port not open
2026-07-08 14:29:49,751  WARNING  PortentaReader      send_command('disarm') ignored — port not open
2026-07-08 14:29:49,821  WARNING  PortentaReader      send_command('disarm') ignored — port not open
2026-07-08 14:29:49,874  WARNING  PortentaReader      send_command('disarm') ignored — port not open
2026-07-08 14:29:49,937  WARNING  PortentaReader      send_command('disarm') ignored — port not open
2026-07-08 14:29:49,998  WARNING  PortentaReader      send_command('disarm') ignored — port not open
2026-07-08 14:29:50,056  WARNING  PortentaReader      send_command('disarm') ignored — port not open
2026-07-08 14:29:50,130  WARNING  PortentaReader      send_command('disarm') ignored — port not open
2026-07-08 14:29:50,185  WARNING  PortentaReader      send_command('disarm') ignored — port not open
2026-07-08 14:29:50,246  WARNING  PortentaReader      send_command('disarm') ignored — port not open
2026-07-08 14:29:50,309  WARNING  PortentaReader      send_command('disarm') ignored — port not open
2026-07-08 14:29:50,371  WARNING  PortentaReader      send_command('disarm') ignored — port not open
2026-07-08 14:29:50,434  WARNING  PortentaReader      send_command('disarm') ignored — port not open
2026-07-08 14:29:50,496  WARNING  PortentaReader      send_command('disarm') ignored — port not open
2026-07-08 14:29:50,559  WARNING  PortentaReader      send_command('disarm') ignored — port not open
2026-07-08 14:29:50,620  WARNING  PortentaReader      send_command('disarm') ignored — port not open
2026-07-08 14:29:50,681  WARNING  PortentaReader      send_command('disarm') ignored — port not open
2026-07-08 14:29:50,742  WARNING  PortentaReader      send_command('disarm') ignored — port not open
2026-07-08 14:29:50,805  WARNING  PortentaReader      send_command('disarm') ignored — port not open
2026-07-08 14:29:50,866  WARNING  PortentaReader      send_command('disarm') ignored — port not open
2026-07-08 14:29:50,930  WARNING  PortentaReader      send_command('disarm') ignored — port not open
2026-07-08 14:29:50,991  WARNING  PortentaReader      send_command('disarm') ignored — port not open
2026-07-08 14:29:51,060  WARNING  PortentaReader      send_command('disarm') ignored — port not open
2026-07-08 14:29:51,117  WARNING  PortentaReader      send_command('disarm') ignored — port not open
2026-07-08 14:29:51,179  WARNING  PortentaReader      send_command('disarm') ignored — port not open
2026-07-08 14:29:51,241  WARNING  PortentaReader      send_command('disarm') ignored — port not open
2026-07-08 14:29:51,304  WARNING  PortentaReader      send_command('disarm') ignored — port not open
2026-07-08 14:29:51,371  WARNING  PortentaReader      send_command('disarm') ignored — port not open
2026-07-08 14:29:51,427  WARNING  PortentaReader      send_command('disarm') ignored — port not open
2026-07-08 14:29:51,488  WARNING  PortentaReader      send_command('disarm') ignored — port not open
2026-07-08 14:29:51,550  WARNING  PortentaReader      send_command('disarm') ignored — port not open
2026-07-08 14:29:51,627  WARNING  PortentaReader      send_command('disarm') ignored — port not open
2026-07-08 14:29:51,690  WARNING  PortentaReader      send_command('disarm') ignored — port not open
2026-07-08 14:29:51,751  WARNING  PortentaReader      send_command('disarm') ignored — port not open
2026-07-08 14:29:51,814  WARNING  PortentaReader      send_command('disarm') ignored — port not open
2026-07-08 14:29:51,876  WARNING  PortentaReader      send_command('disarm') ignored — port not open
2026-07-08 14:29:51,936  WARNING  PortentaReader      send_command('disarm') ignored — port not open
2026-07-08 14:29:51,999  WARNING  PortentaReader      send_command('disarm') ignored — port not open
2026-07-08 14:29:52,061  WARNING  PortentaReader      send_command('disarm') ignored — port not open
2026-07-08 14:29:52,122  WARNING  PortentaReader      send_command('disarm') ignored — port not open
2026-07-08 14:29:52,185  WARNING  PortentaReader      send_command('disarm') ignored — port not open
2026-07-08 14:29:52,247  WARNING  PortentaReader      send_command('disarm') ignored — port not open
2026-07-08 14:29:52,308  WARNING  PortentaReader      send_command('disarm') ignored — port not open
2026-07-08 14:29:52,372  WARNING  PortentaReader      send_command('disarm') ignored — port not open
2026-07-08 14:29:52,434  WARNING  PortentaReader      send_command('disarm') ignored — port not open
2026-07-08 14:29:52,500  WARNING  PortentaReader      send_command('disarm') ignored — port not open
2026-07-08 14:29:52,557  WARNING  PortentaReader      send_command('disarm') ignored — port not open
2026-07-08 14:29:52,618  WARNING  PortentaReader      send_command('disarm') ignored — port not open
2026-07-08 14:29:52,682  WARNING  PortentaReader      send_command('disarm') ignored — port not open
2026-07-08 14:29:52,743  WARNING  PortentaReader      send_command('disarm') ignored — port not open
2026-07-08 14:29:52,806  WARNING  PortentaReader      send_command('disarm') ignored — port not open
2026-07-08 14:29:52,866  WARNING  PortentaReader      send_command('disarm') ignored — port not open
2026-07-08 14:29:52,928  WARNING  PortentaReader      send_command('disarm') ignored — port not open
2026-07-08 14:29:52,991  WARNING  PortentaReader      send_command('disarm') ignored — port not open
2026-07-08 14:29:53,052  WARNING  PortentaReader      send_command('disarm') ignored — port not open
2026-07-08 14:29:53,115  WARNING  PortentaReader      send_command('disarm') ignored — port not open
2026-07-08 14:29:53,178  WARNING  PortentaReader      send_command('disarm') ignored — port not open
2026-07-08 14:29:53,240  WARNING  PortentaReader      send_command('disarm') ignored — port not open
2026-07-08 14:29:53,302  WARNING  PortentaReader      send_command('disarm') ignored — port not open
2026-07-08 14:29:53,364  WARNING  PortentaReader      send_command('disarm') ignored — port not open
2026-07-08 14:29:53,426  WARNING  PortentaReader      send_command('disarm') ignored — port not open
2026-07-08 14:29:53,502  WARNING  PortentaReader      send_command('disarm') ignored — port not open
2026-07-08 14:29:53,565  WARNING  PortentaReader      send_command('disarm') ignored — port not open
2026-07-08 14:29:53,627  WARNING  PortentaReader      send_command('disarm') ignored — port not open
2026-07-08 14:29:53,688  WARNING  PortentaReader      send_command('disarm') ignored — port not open
2026-07-08 14:29:53,755  WARNING  PortentaReader      send_command('disarm') ignored — port not open
2026-07-08 14:29:53,812  WARNING  PortentaReader      send_command('disarm') ignored — port not open
2026-07-08 14:29:53,885  WARNING  PortentaReader      send_command('disarm') ignored — port not open
2026-07-08 14:29:53,936  WARNING  PortentaReader      send_command('disarm') ignored — port not open
2026-07-08 14:29:53,998  WARNING  PortentaReader      send_command('disarm') ignored — port not open
2026-07-08 14:29:54,061  WARNING  PortentaReader      send_command('disarm') ignored — port not open
2026-07-08 14:29:54,123  WARNING  PortentaReader      send_command('disarm') ignored — port not open
2026-07-08 14:29:54,183  WARNING  PortentaReader      send_command('disarm') ignored — port not open
2026-07-08 14:29:54,246  WARNING  PortentaReader      send_command('disarm') ignored — port not open
2026-07-08 14:29:54,307  WARNING  PortentaReader      send_command('disarm') ignored — port not open
2026-07-08 14:29:54,370  WARNING  PortentaReader      send_command('disarm') ignored — port not open
2026-07-08 14:29:54,430  WARNING  PortentaReader      send_command('disarm') ignored — port not open
2026-07-08 14:29:54,493  WARNING  PortentaReader      send_command('disarm') ignored — port not open
2026-07-08 14:29:54,555  WARNING  PortentaReader      send_command('disarm') ignored — port not open
2026-07-08 14:29:54,618  WARNING  PortentaReader      send_command('disarm') ignored — port not open
2026-07-08 14:29:54,680  WARNING  PortentaReader      send_command('disarm') ignored — port not open
2026-07-08 14:29:54,744  WARNING  PortentaReader      send_command('disarm') ignored — port not open
2026-07-08 14:29:54,806  WARNING  PortentaReader      send_command('disarm') ignored — port not open
2026-07-08 14:29:54,867  WARNING  PortentaReader      send_command('disarm') ignored — port not open
2026-07-08 14:29:54,928  WARNING  PortentaReader      send_command('disarm') ignored — port not open
2026-07-08 14:29:54,994  WARNING  PortentaReader      send_command('disarm') ignored — port not open
2026-07-08 14:29:55,052  WARNING  PortentaReader      send_command('disarm') ignored — port not open
2026-07-08 14:29:55,123  WARNING  PortentaReader      send_command('disarm') ignored — port not open
2026-07-08 14:29:55,176  WARNING  PortentaReader      send_command('disarm') ignored — port not open
2026-07-08 14:29:55,239  WARNING  PortentaReader      send_command('disarm') ignored — port not open
2026-07-08 14:29:55,301  WARNING  PortentaReader      send_command('disarm') ignored — port not open
2026-07-08 14:29:55,363  WARNING  PortentaReader      send_command('disarm') ignored — port not open
2026-07-08 14:29:55,426  WARNING  PortentaReader      send_command('disarm') ignored — port not open
2026-07-08 14:29:55,504  WARNING  PortentaReader      send_command('disarm') ignored — port not open
2026-07-08 14:29:55,581  WARNING  PortentaReader      send_command('disarm') ignored — port not open
2026-07-08 14:29:55,643  WARNING  PortentaReader      send_command('disarm') ignored — port not open
2026-07-08 14:29:55,705  WARNING  PortentaReader      send_command('disarm') ignored — port not open
2026-07-08 14:29:55,767  WARNING  PortentaReader      send_command('disarm') ignored — port not open
2026-07-08 14:29:55,828  WARNING  PortentaReader      send_command('disarm') ignored — port not open
2026-07-08 14:29:55,889  WARNING  PortentaReader      send_command('disarm') ignored — port not open
2026-07-08 14:29:55,950  WARNING  PortentaReader      send_command('disarm') ignored — port not open
2026-07-08 14:29:56,013  WARNING  PortentaReader      send_command('disarm') ignored — port not open
2026-07-08 14:29:56,075  WARNING  PortentaReader      send_command('disarm') ignored — port not open
2026-07-08 14:29:56,136  WARNING  PortentaReader      send_command('disarm') ignored — port not open
2026-07-08 14:29:56,198  WARNING  PortentaReader      send_command('disarm') ignored — port not open
2026-07-08 14:29:56,260  WARNING  PortentaReader      send_command('disarm') ignored — port not open
2026-07-08 14:29:56,322  WARNING  PortentaReader      send_command('disarm') ignored — port not open
2026-07-08 14:29:56,385  WARNING  PortentaReader      send_command('disarm') ignored — port not open
2026-07-08 14:29:56,446  WARNING  PortentaReader      send_command('disarm') ignored — port not open
2026-07-08 14:29:56,510  WARNING  PortentaReader      send_command('disarm') ignored — port not open
2026-07-08 14:29:56,571  WARNING  PortentaReader      send_command('disarm') ignored — port not open
2026-07-08 14:29:56,634  WARNING  PortentaReader      send_command('disarm') ignored — port not open
2026-07-08 14:29:56,696  WARNING  PortentaReader      send_command('disarm') ignored — port not open
2026-07-08 14:29:56,758  WARNING  PortentaReader      send_command('disarm') ignored — port not open
2026-07-08 14:29:56,820  WARNING  PortentaReader      send_command('disarm') ignored — port not open
2026-07-08 14:29:56,881  WARNING  PortentaReader      send_command('disarm') ignored — port not open
2026-07-08 14:29:56,949  WARNING  PortentaReader      send_command('disarm') ignored — port not open
2026-07-08 14:29:57,006  WARNING  PortentaReader      send_command('disarm') ignored — port not open
2026-07-08 14:29:57,072  WARNING  PortentaReader      send_command('disarm') ignored — port not open
2026-07-08 14:29:57,131  WARNING  PortentaReader      send_command('disarm') ignored — port not open
2026-07-08 14:29:57,192  WARNING  PortentaReader      send_command('disarm') ignored — port not open
2026-07-08 14:29:57,259  WARNING  PortentaReader      send_command('disarm') ignored — port not open
2026-07-08 14:29:57,316  WARNING  PortentaReader      send_command('disarm') ignored — port not open
2026-07-08 14:29:57,379  WARNING  PortentaReader      send_command('disarm') ignored — port not open
2026-07-08 14:29:57,442  WARNING  PortentaReader      send_command('disarm') ignored — port not open
2026-07-08 14:29:57,504  WARNING  PortentaReader      send_command('disarm') ignored — port not open
2026-07-08 14:29:57,581  WARNING  PortentaReader      send_command('disarm') ignored — port not open
2026-07-08 14:29:57,643  WARNING  PortentaReader      send_command('disarm') ignored — port not open
2026-07-08 14:29:57,706  WARNING  PortentaReader      send_command('disarm') ignored — port not open
2026-07-08 14:29:57,767  WARNING  PortentaReader      send_command('disarm') ignored — port not open
2026-07-08 14:29:57,825  WARNING  PortentaReader      send_command('disarm') ignored — port not open
2026-07-08 14:29:57,890  WARNING  PortentaReader      send_command('disarm') ignored — port not open
2026-07-08 14:29:57,953  WARNING  PortentaReader      send_command('disarm') ignored — port not open
2026-07-08 14:29:58,017  WARNING  PortentaReader      send_command('disarm') ignored — port not open
2026-07-08 14:29:58,079  WARNING  PortentaReader      send_command('disarm') ignored — port not open
2026-07-08 14:29:58,141  WARNING  PortentaReader      send_command('disarm') ignored — port not open
2026-07-08 14:29:58,205  WARNING  PortentaReader      send_command('disarm') ignored — port not open
2026-07-08 14:29:58,265  WARNING  PortentaReader      send_command('disarm') ignored — port not open
2026-07-08 14:29:58,320  WARNING  PortentaReader      send_command('disarm') ignored — port not open
2026-07-08 14:29:58,381  WARNING  PortentaReader      send_command('disarm') ignored — port not open
2026-07-08 14:29:58,447  WARNING  PortentaReader      send_command('disarm') ignored — port not open
2026-07-08 14:29:58,511  WARNING  PortentaReader      send_command('disarm') ignored — port not open
2026-07-08 14:29:58,576  WARNING  PortentaReader      send_command('disarm') ignored — port not open
2026-07-08 14:29:58,637  WARNING  PortentaReader      send_command('disarm') ignored — port not open
2026-07-08 14:29:58,699  WARNING  PortentaReader      send_command('disarm') ignored — port not open
2026-07-08 14:29:58,761  WARNING  PortentaReader      send_command('disarm') ignored — port not open
2026-07-08 14:29:58,823  WARNING  PortentaReader      send_command('disarm') ignored — port not open
2026-07-08 14:29:58,882  WARNING  PortentaReader      send_command('disarm') ignored — port not open
2026-07-08 14:29:58,946  WARNING  PortentaReader      send_command('disarm') ignored — port not open
2026-07-08 14:29:59,008  WARNING  PortentaReader      send_command('disarm') ignored — port not open
2026-07-08 14:29:59,069  WARNING  PortentaReader      send_command('disarm') ignored — port not open
2026-07-08 14:29:59,132  WARNING  PortentaReader      send_command('disarm') ignored — port not open
2026-07-08 14:29:59,194  WARNING  PortentaReader      send_command('disarm') ignored — port not open
2026-07-08 14:29:59,256  WARNING  PortentaReader      send_command('disarm') ignored — port not open
2026-07-08 14:29:59,317  WARNING  PortentaReader      send_command('disarm') ignored — port not open
2026-07-08 14:29:59,379  WARNING  PortentaReader      send_command('disarm') ignored — port not open
2026-07-08 14:29:59,442  WARNING  PortentaReader      send_command('disarm') ignored — port not open
2026-07-08 14:29:59,505  WARNING  PortentaReader      send_command('disarm') ignored — port not open
2026-07-08 14:29:59,581  WARNING  PortentaReader      send_command('disarm') ignored — port not open
2026-07-08 14:29:59,633  WARNING  PortentaReader      send_command('disarm') ignored — port not open
2026-07-08 14:29:59,704  WARNING  PortentaReader      send_command('disarm') ignored — port not open
2026-07-08 14:29:59,766  WARNING  PortentaReader      send_command('disarm') ignored — port not open
2026-07-08 14:29:59,828  WARNING  PortentaReader      send_command('disarm') ignored — port not open
2026-07-08 14:29:59,890  WARNING  PortentaReader      send_command('disarm') ignored — port not open
2026-07-08 14:29:59,952  WARNING  PortentaReader      send_command('disarm') ignored — port not open
2026-07-08 14:30:00,016  WARNING  PortentaReader      send_command('disarm') ignored — port not open
2026-07-08 14:30:00,078  WARNING  PortentaReader      send_command('disarm') ignored — port not open
2026-07-08 14:30:00,129  WARNING  PortentaReader      send_command('disarm') ignored — port not open
2026-07-08 14:30:00,136  INFO   RecordingCore       H7: reconnect requested
2026-07-08 14:30:00,138  INFO   PortentaReader      Opened COM8 @ 115200 baud, waiting 4.0s for firmware boot...
2026-07-08 14:30:01,191  WARNING  RecordingCore       HEALTH WARNING: H7 silent 1.0s — no new samples (critical; other instruments still recording)
2026-07-08 14:30:02,985  INFO   PortentaReader      boot banner (53 lines):
2026-07-08 14:30:02,985  INFO   PortentaReader          ADC2CFG rb  : 0x88
2026-07-08 14:30:02,985  INFO   PortentaReader        Frame INTERFACE=0x05 → RDATA1=6B, RDATA2=6B (incl. 00h pad)
2026-07-08 14:30:02,985  INFO   PortentaReader        ---------------------------------
2026-07-08 14:30:02,985  INFO   PortentaReader        [M4] REGDUMP ID=0x23 POWER=0x13 INPMUX=0x45 MODE1=0x40 MODE2=0x8 REFMUX=0x9 ADC2CFG=0x88 ADC2MUX=0x23
2026-07-08 14:30:02,985  INFO   PortentaReader        [M4 cp 11] sampling via timed poll (no DRDY ISR)
2026-07-08 14:30:02,985  INFO   PortentaReader        [M4] streaming via ring bfm:rrw\r1l,
2026-07-08 14:30:02,985  INFO   PortentaReader        [ADC1]ASr:GA3980	1	1979826128	4.609642	4012414	0
2026-07-08 14:30:02,985  INFO   PortentaReader        3980	2	3560890	2.122456	4012722	0
2026-07-08 14:30:04,973  INFO   H7Worker            H7 ready: port=COM8 baud=115200 channels=['laser', 'load', 'sma_i', 'sma_r', 'sma_v']
2026-07-08 14:30:20,336  WARNING  RecordingCore       HEALTH WARNING: H7 silent 1.0s — no new samples (critical; other instruments still recording)
2026-07-08 14:30:22,337  WARNING  RecordingCore       SMA send_command('disarm') failed: Write timeout
2026-07-08 14:30:27,113  ERROR  H7Worker            H7 worker crashed: ClearCommError failed (PermissionError(13, 'The device does not recognize the command.', None, 22))
Traceback (most recent call last):
  File "c:\Users\yilin\Documents\GitHubRepo_Research\MicroTensileMachine\MicroTensileMachine\Experiment_SMAThermalCharacterization\workers.py", line 232, in run
    self._main_loop()
  File "c:\Users\yilin\Documents\GitHubRepo_Research\MicroTensileMachine\MicroTensileMachine\Experiment_SMAThermalCharacterization\workers.py", line 264, in _main_loop
    for kind, item in reader.iter_events():
                      ^^^^^^^^^^^^^^^^^^^^
  File "C:\Users\yilin\Documents\GitHubRepo_Research\MicroTensileMachine\MicroTensileMachine\Calibrate_LaserHead\portenta_reader.py", line 413, in iter_events
    line = self._readline()
           ^^^^^^^^^^^^^^^^
  File "C:\Users\yilin\Documents\GitHubRepo_Research\MicroTensileMachine\MicroTensileMachine\Calibrate_LaserHead\portenta_reader.py", line 363, in _readline
    raw = self._ser.readline()
          ^^^^^^^^^^^^^^^^^^^^
  File "C:\Users\yilin\AppData\Local\Programs\Python\Python312\Lib\site-packages\serial\serialwin32.py", line 275, in read
    raise SerialException("ClearCommError failed ({!r})".format(ctypes.WinError()))
serial.serialutil.SerialException: ClearCommError failed (PermissionError(13, 'The device does not recognize the command.', None, 22))
2026-07-08 14:30:27,114  INFO   H7Worker            H7 worker exit  (pushed=10851, dropped=0, filtered=0)
2026-07-08 14:30:27,176  WARNING  PortentaReader      send_command('disarm') ignored — port not open
2026-07-08 14:30:27,237  WARNING  PortentaReader      send_command('disarm') ignored — port not open
2026-07-08 14:30:27,298  WARNING  PortentaReader      send_command('disarm') ignored — port not open
2026-07-08 14:30:27,385  WARNING  PortentaReader      send_command('disarm') ignored — port not open
2026-07-08 14:30:27,424  WARNING  PortentaReader      send_command('disarm') ignored — port not open
2026-07-08 14:30:27,488  WARNING  PortentaReader      send_command('disarm') ignored — port not open
2026-07-08 14:30:27,549  WARNING  PortentaReader      send_command('disarm') ignored — port not open
2026-07-08 14:30:27,610  WARNING  PortentaReader      send_command('disarm') ignored — port not open
2026-07-08 14:30:27,671  WARNING  PortentaReader      send_command('disarm') ignored — port not open
2026-07-08 14:30:27,731  WARNING  PortentaReader      send_command('disarm') ignored — port not open
2026-07-08 14:30:27,798  WARNING  PortentaReader      send_command('disarm') ignored — port not open
2026-07-08 14:30:27,854  WARNING  PortentaReader      send_command('disarm') ignored — port not open
2026-07-08 14:30:27,927  WARNING  PortentaReader      send_command('disarm') ignored — port not open
2026-07-08 14:30:27,978  WARNING  PortentaReader      send_command('disarm') ignored — port not open
2026-07-08 14:30:28,040  WARNING  PortentaReader      send_command('disarm') ignored — port not open
2026-07-08 14:30:28,104  WARNING  PortentaReader      send_command('disarm') ignored — port not open
2026-07-08 14:30:28,167  WARNING  PortentaReader      send_command('disarm') ignored — port not open
2026-07-08 14:30:28,238  WARNING  PortentaReader      send_command('disarm') ignored — port not open
2026-07-08 14:30:28,292  WARNING  PortentaReader      send_command('disarm') ignored — port not open
2026-07-08 14:30:28,352  WARNING  PortentaReader      send_command('disarm') ignored — port not open
2026-07-08 14:30:28,414  WARNING  PortentaReader      send_command('disarm') ignored — port not open
2026-07-08 14:30:28,491  WARNING  PortentaReader      send_command('disarm') ignored — port not open
2026-07-08 14:30:28,552  WARNING  PortentaReader      send_command('disarm') ignored — port not open
2026-07-08 14:30:28,614  WARNING  PortentaReader      send_command('disarm') ignored — port not open
2026-07-08 14:30:28,676  WARNING  PortentaReader      send_command('disarm') ignored — port not open
2026-07-08 14:30:28,738  WARNING  PortentaReader      send_command('disarm') ignored — port not open
2026-07-08 14:30:28,799  WARNING  PortentaReader      send_command('disarm') ignored — port not open
2026-07-08 14:30:28,854  WARNING  PortentaReader      send_command('disarm') ignored — port not open
2026-07-08 14:30:28,922  WARNING  PortentaReader      send_command('disarm') ignored — port not open
2026-07-08 14:30:28,983  WARNING  PortentaReader      send_command('disarm') ignored — port not open
2026-07-08 14:30:29,070  WARNING  PortentaReader      send_command('disarm') ignored — port not open
2026-07-08 14:30:29,105  WARNING  PortentaReader      send_command('disarm') ignored — port not open
2026-07-08 14:30:29,171  WARNING  PortentaReader      send_command('disarm') ignored — port not open
2026-07-08 14:30:29,232  WARNING  PortentaReader      send_command('disarm') ignored — port not open
2026-07-08 14:30:29,293  WARNING  PortentaReader      send_command('disarm') ignored — port not open
2026-07-08 14:30:29,356  WARNING  PortentaReader      send_command('disarm') ignored — port not open
2026-07-08 14:30:29,419  WARNING  PortentaReader      send_command('disarm') ignored — port not open
2026-07-08 14:30:29,479  WARNING  PortentaReader      send_command('disarm') ignored — port not open
2026-07-08 14:30:29,542  WARNING  PortentaReader      send_command('disarm') ignored — port not open
2026-07-08 14:30:29,605  WARNING  PortentaReader      send_command('disarm') ignored — port not open
2026-07-08 14:30:29,668  WARNING  PortentaReader      send_command('disarm') ignored — port not open
2026-07-08 14:30:29,729  WARNING  PortentaReader      send_command('disarm') ignored — port not open
2026-07-08 14:30:29,791  WARNING  PortentaReader      send_command('disarm') ignored — port not open
2026-07-08 14:30:29,851  WARNING  PortentaReader      send_command('disarm') ignored — port not open
2026-07-08 14:30:29,916  WARNING  PortentaReader      send_command('disarm') ignored — port not open
2026-07-08 14:30:29,976  WARNING  PortentaReader      send_command('disarm') ignored — port not open
2026-07-08 14:30:30,038  WARNING  PortentaReader      send_command('disarm') ignored — port not open
2026-07-08 14:30:30,102  WARNING  PortentaReader      send_command('disarm') ignored — port not open
2026-07-08 14:30:30,171  WARNING  PortentaReader      send_command('disarm') ignored — port not open
2026-07-08 14:30:30,229  WARNING  PortentaReader      send_command('disarm') ignored — port not open
2026-07-08 14:30:30,290  WARNING  PortentaReader      send_command('disarm') ignored — port not open
2026-07-08 14:30:30,354  WARNING  PortentaReader      send_command('disarm') ignored — port not open
2026-07-08 14:30:30,417  WARNING  PortentaReader      send_command('disarm') ignored — port not open
2026-07-08 14:30:30,477  WARNING  PortentaReader      send_command('disarm') ignored — port not open
2026-07-08 14:30:30,545  WARNING  PortentaReader      send_command('disarm') ignored — port not open
2026-07-08 14:30:30,610  WARNING  PortentaReader      send_command('disarm') ignored — port not open
2026-07-08 14:30:30,695  WARNING  PortentaReader      send_command('disarm') ignored — port not open
2026-07-08 14:30:30,735  WARNING  PortentaReader      send_command('disarm') ignored — port not open
2026-07-08 14:30:30,798  WARNING  PortentaReader      send_command('disarm') ignored — port not open
2026-07-08 14:30:30,853  WARNING  PortentaReader      send_command('disarm') ignored — port not open
2026-07-08 14:30:30,923  WARNING  PortentaReader      send_command('disarm') ignored — port not open
2026-07-08 14:30:30,986  WARNING  PortentaReader      send_command('disarm') ignored — port not open
2026-07-08 14:30:31,043  WARNING  PortentaReader      send_command('disarm') ignored — port not open
2026-07-08 14:30:31,109  WARNING  PortentaReader      send_command('disarm') ignored — port not open
2026-07-08 14:30:31,174  WARNING  PortentaReader      send_command('disarm') ignored — port not open
2026-07-08 14:30:31,233  WARNING  PortentaReader      send_command('disarm') ignored — port not open
2026-07-08 14:30:31,296  WARNING  PortentaReader      send_command('disarm') ignored — port not open
2026-07-08 14:30:31,358  WARNING  PortentaReader      send_command('disarm') ignored — port not open
2026-07-08 14:30:31,420  WARNING  PortentaReader      send_command('disarm') ignored — port not open
2026-07-08 14:30:31,483  WARNING  PortentaReader      send_command('disarm') ignored — port not open
2026-07-08 14:30:31,552  WARNING  PortentaReader      send_command('disarm') ignored — port not open
2026-07-08 14:30:31,610  WARNING  PortentaReader      send_command('disarm') ignored — port not open
2026-07-08 14:30:31,670  WARNING  PortentaReader      send_command('disarm') ignored — port not open
2026-07-08 14:30:31,732  WARNING  PortentaReader      send_command('disarm') ignored — port not open
2026-07-08 14:30:31,794  WARNING  PortentaReader      send_command('disarm') ignored — port not open
2026-07-08 14:30:31,856  WARNING  PortentaReader      send_command('disarm') ignored — port not open
2026-07-08 14:30:31,918  WARNING  PortentaReader      send_command('disarm') ignored — port not open
2026-07-08 14:30:31,981  WARNING  PortentaReader      send_command('disarm') ignored — port not open
2026-07-08 14:30:32,042  WARNING  PortentaReader      send_command('disarm') ignored — port not open
2026-07-08 14:30:32,105  WARNING  PortentaReader      send_command('disarm') ignored — port not open
2026-07-08 14:30:32,167  WARNING  PortentaReader      send_command('disarm') ignored — port not open
2026-07-08 14:30:32,228  WARNING  PortentaReader      send_command('disarm') ignored — port not open
2026-07-08 14:30:32,316  WARNING  PortentaReader      send_command('disarm') ignored — port not open
2026-07-08 14:30:32,379  WARNING  PortentaReader      send_command('disarm') ignored — port not open
2026-07-08 14:30:32,417  INFO   RecordingCore       H7: reconnect requested
2026-07-08 14:30:32,421  INFO   PortentaReader      Opened COM8 @ 115200 baud, waiting 4.0s for firmware boot...
2026-07-08 14:30:33,419  WARNING  RecordingCore       HEALTH WARNING: H7 silent 1.0s — no new samples (critical; other instruments still recording)
2026-07-08 14:30:34,157  INFO   PortentaReader      boot banner (34 lines):
2026-07-08 14:30:34,157  INFO   PortentaReader          Running     : YES
2026-07-08 14:30:34,157  INFO   PortentaReader          ADC2CFG rb  : 0x88
2026-07-08 14:30:34,157  INFO   PortentaReader        Frame INTERFACE=0x05 → RDATA1=6B, RDATA2=6B (incl. 00h pad)
2026-07-08 14:30:34,157  INFO   PortentaReader        ---------------------------------
2026-07-08 14:30:34,157  INFO   PortentaReader        [M4] REGDUMP ID=0x23 POWER=0x13 INPMUX=0x45 MODE1=0x40 MODE2=0x8 REFMUX=0x9 ADC2CFG=0x88 ADC2MUX=0x23
2026-07-08 14:30:34,157  INFO   PortentaReader        [M4 cp 11] sampling via timed poll (no DRDY ISR)
2026-07-08 14:30:34,157  INFO   PortentaReader        [M4] streaming via ring bu o\rr\wqe a[ADC1] aa A
2026-07-08 14:30:34,157  INFO   PortentaReader        3980	1	1979018638	4.607762	4016217	0
2026-07-08 14:30:36,143  INFO   H7Worker            H7 ready: port=COM8 baud=115200 channels=['laser', 'load', 'sma_i', 'sma_r', 'sma_v']
2026-07-08 14:30:38,413  WARNING  RecordingCore       HEALTH WARNING: H7 silent 1.0s — no new samples (critical; other instruments still recording)
2026-07-08 14:30:40,414  WARNING  RecordingCore       SMA send_command('disarm') failed: Write timeout
2026-07-08 14:31:11,163  ERROR  H7Worker            H7 worker crashed: ClearCommError failed (PermissionError(13, 'The device does not recognize the command.', None, 22))
Traceback (most recent call last):
  File "c:\Users\yilin\Documents\GitHubRepo_Research\MicroTensileMachine\MicroTensileMachine\Experiment_SMAThermalCharacterization\workers.py", line 232, in run
    self._main_loop()
  File "c:\Users\yilin\Documents\GitHubRepo_Research\MicroTensileMachine\MicroTensileMachine\Experiment_SMAThermalCharacterization\workers.py", line 264, in _main_loop
    for kind, item in reader.iter_events():
                      ^^^^^^^^^^^^^^^^^^^^
  File "C:\Users\yilin\Documents\GitHubRepo_Research\MicroTensileMachine\MicroTensileMachine\Calibrate_LaserHead\portenta_reader.py", line 413, in iter_events
    line = self._readline()
           ^^^^^^^^^^^^^^^^
  File "C:\Users\yilin\Documents\GitHubRepo_Research\MicroTensileMachine\MicroTensileMachine\Calibrate_LaserHead\portenta_reader.py", line 363, in _readline
    raw = self._ser.readline()
          ^^^^^^^^^^^^^^^^^^^^
  File "C:\Users\yilin\AppData\Local\Programs\Python\Python312\Lib\site-packages\serial\serialwin32.py", line 275, in read
    raise SerialException("ClearCommError failed ({!r})".format(ctypes.WinError()))
serial.serialutil.SerialException: ClearCommError failed (PermissionError(13, 'The device does not recognize the command.', None, 22))
2026-07-08 14:31:11,164  INFO   H7Worker            H7 worker exit  (pushed=1094, dropped=0, filtered=0)
2026-07-08 14:31:11,242  WARNING  PortentaReader      send_command('disarm') ignored — port not open
2026-07-08 14:31:11,299  WARNING  PortentaReader      send_command('disarm') ignored — port not open
2026-07-08 14:31:11,363  WARNING  PortentaReader      send_command('disarm') ignored — port not open
2026-07-08 14:31:11,425  WARNING  PortentaReader      send_command('disarm') ignored — port not open
2026-07-08 14:31:11,487  WARNING  PortentaReader      send_command('disarm') ignored — port not open
2026-07-08 14:31:11,551  WARNING  PortentaReader      send_command('disarm') ignored — port not open
2026-07-08 14:31:11,612  WARNING  PortentaReader      send_command('disarm') ignored — port not open
2026-07-08 14:31:11,674  WARNING  PortentaReader      send_command('disarm') ignored — port not open
2026-07-08 14:31:11,736  WARNING  PortentaReader      send_command('disarm') ignored — port not open
2026-07-08 14:31:11,797  WARNING  PortentaReader      send_command('disarm') ignored — port not open
2026-07-08 14:31:11,861  WARNING  PortentaReader      send_command('disarm') ignored — port not open
2026-07-08 14:31:11,923  WARNING  PortentaReader      send_command('disarm') ignored — port not open
2026-07-08 14:31:11,985  WARNING  PortentaReader      send_command('disarm') ignored — port not open
2026-07-08 14:31:12,047  WARNING  PortentaReader      send_command('disarm') ignored — port not open
2026-07-08 14:31:12,109  WARNING  PortentaReader      send_command('disarm') ignored — port not open
2026-07-08 14:31:12,171  WARNING  PortentaReader      send_command('disarm') ignored — port not open
2026-07-08 14:31:12,233  WARNING  PortentaReader      send_command('disarm') ignored — port not open
2026-07-08 14:31:12,294  WARNING  PortentaReader      send_command('disarm') ignored — port not open
2026-07-08 14:31:12,365  WARNING  PortentaReader      send_command('disarm') ignored — port not open
2026-07-08 14:31:12,425  WARNING  PortentaReader      send_command('disarm') ignored — port not open
2026-07-08 14:31:12,481  WARNING  PortentaReader      send_command('disarm') ignored — port not open
2026-07-08 14:31:12,541  WARNING  PortentaReader      send_command('disarm') ignored — port not open
2026-07-08 14:31:12,605  WARNING  PortentaReader      send_command('disarm') ignored — port not open
2026-07-08 14:31:12,667  WARNING  PortentaReader      send_command('disarm') ignored — port not open
2026-07-08 14:31:12,730  WARNING  PortentaReader      send_command('disarm') ignored — port not open
2026-07-08 14:31:12,792  WARNING  PortentaReader      send_command('disarm') ignored — port not open
2026-07-08 14:31:12,853  WARNING  PortentaReader      send_command('disarm') ignored — port not open
2026-07-08 14:31:12,916  WARNING  PortentaReader      send_command('disarm') ignored — port not open
2026-07-08 14:31:12,978  WARNING  PortentaReader      send_command('disarm') ignored — port not open
2026-07-08 14:31:13,041  WARNING  PortentaReader      send_command('disarm') ignored — port not open
2026-07-08 14:31:13,102  WARNING  PortentaReader      send_command('disarm') ignored — port not open
2026-07-08 14:31:13,165  WARNING  PortentaReader      send_command('disarm') ignored — port not open
2026-07-08 14:31:13,227  WARNING  PortentaReader      send_command('disarm') ignored — port not open
2026-07-08 14:31:13,289  WARNING  PortentaReader      send_command('disarm') ignored — port not open
2026-07-08 14:31:13,350  WARNING  PortentaReader      send_command('disarm') ignored — port not open
2026-07-08 14:31:13,413  WARNING  PortentaReader      send_command('disarm') ignored — port not open
2026-07-08 14:31:13,477  WARNING  PortentaReader      send_command('disarm') ignored — port not open
2026-07-08 14:31:13,539  WARNING  PortentaReader      send_command('disarm') ignored — port not open
2026-07-08 14:31:13,602  WARNING  PortentaReader      send_command('disarm') ignored — port not open
2026-07-08 14:31:13,664  WARNING  PortentaReader      send_command('disarm') ignored — port not open
2026-07-08 14:31:13,726  WARNING  PortentaReader      send_command('disarm') ignored — port not open
2026-07-08 14:31:13,788  WARNING  PortentaReader      send_command('disarm') ignored — port not open
2026-07-08 14:31:13,849  WARNING  PortentaReader      send_command('disarm') ignored — port not open
2026-07-08 14:31:13,926  WARNING  PortentaReader      send_command('disarm') ignored — port not open
2026-07-08 14:31:13,987  WARNING  PortentaReader      send_command('disarm') ignored — port not open
2026-07-08 14:31:14,050  WARNING  PortentaReader      send_command('disarm') ignored — port not open
2026-07-08 14:31:14,113  WARNING  PortentaReader      send_command('disarm') ignored — port not open
2026-07-08 14:31:14,176  WARNING  PortentaReader      send_command('disarm') ignored — port not open
2026-07-08 14:31:14,238  WARNING  PortentaReader      send_command('disarm') ignored — port not open
2026-07-08 14:31:14,300  WARNING  PortentaReader      send_command('disarm') ignored — port not open
2026-07-08 14:31:14,363  WARNING  PortentaReader      send_command('disarm') ignored — port not open
2026-07-08 14:31:14,413  WARNING  PortentaReader      send_command('disarm') ignored — port not open
2026-07-08 14:31:14,487  WARNING  PortentaReader      send_command('disarm') ignored — port not open
2026-07-08 14:31:14,543  WARNING  PortentaReader      send_command('disarm') ignored — port not open
2026-07-08 14:31:14,611  WARNING  PortentaReader      send_command('disarm') ignored — port not open
2026-07-08 14:31:14,673  WARNING  PortentaReader      send_command('disarm') ignored — port not open
2026-07-08 14:31:14,736  WARNING  PortentaReader      send_command('disarm') ignored — port not open
2026-07-08 14:31:14,798  WARNING  PortentaReader      send_command('disarm') ignored — port not open
2026-07-08 14:31:14,852  WARNING  PortentaReader      send_command('disarm') ignored — port not open
2026-07-08 14:31:14,922  WARNING  PortentaReader      send_command('disarm') ignored — port not open
2026-07-08 14:31:14,983  WARNING  PortentaReader      send_command('disarm') ignored — port not open
2026-07-08 14:31:15,046  WARNING  PortentaReader      send_command('disarm') ignored — port not open
2026-07-08 14:31:15,107  WARNING  PortentaReader      send_command('disarm') ignored — port not open
2026-07-08 14:31:15,169  WARNING  PortentaReader      send_command('disarm') ignored — port not open
2026-07-08 14:31:15,232  WARNING  PortentaReader      send_command('disarm') ignored — port not open
2026-07-08 14:31:15,294  WARNING  PortentaReader      send_command('disarm') ignored — port not open
2026-07-08 14:31:15,356  WARNING  PortentaReader      send_command('disarm') ignored — port not open
2026-07-08 14:31:15,418  WARNING  PortentaReader      send_command('disarm') ignored — port not open
2026-07-08 14:31:15,481  WARNING  PortentaReader      send_command('disarm') ignored — port not open
2026-07-08 14:31:15,542  WARNING  PortentaReader      send_command('disarm') ignored — port not open
2026-07-08 14:31:15,606  WARNING  PortentaReader      send_command('disarm') ignored — port not open
2026-07-08 14:31:15,677  WARNING  PortentaReader      send_command('disarm') ignored — port not open
2026-07-08 14:31:15,729  WARNING  PortentaReader      send_command('disarm') ignored — port not open
2026-07-08 14:31:15,792  WARNING  PortentaReader      send_command('disarm') ignored — port not open
2026-07-08 14:31:15,854  WARNING  PortentaReader      send_command('disarm') ignored — port not open
2026-07-08 14:31:15,916  WARNING  PortentaReader      send_command('disarm') ignored — port not open
2026-07-08 14:31:15,977  WARNING  PortentaReader      send_command('disarm') ignored — port not open
2026-07-08 14:31:16,040  WARNING  PortentaReader      send_command('disarm') ignored — port not open
2026-07-08 14:31:16,102  WARNING  PortentaReader      send_command('disarm') ignored — port not open
2026-07-08 14:31:16,162  WARNING  PortentaReader      send_command('disarm') ignored — port not open
2026-07-08 14:31:16,225  WARNING  PortentaReader      send_command('disarm') ignored — port not open
2026-07-08 14:31:16,285  WARNING  PortentaReader      send_command('disarm') ignored — port not open
2026-07-08 14:31:16,363  WARNING  PortentaReader      send_command('disarm') ignored — port not open
2026-07-08 14:31:16,424  WARNING  PortentaReader      send_command('disarm') ignored — port not open
2026-07-08 14:31:16,486  WARNING  PortentaReader      send_command('disarm') ignored — port not open
2026-07-08 14:31:16,548  WARNING  PortentaReader      send_command('disarm') ignored — port not open
2026-07-08 14:31:16,609  WARNING  PortentaReader      send_command('disarm') ignored — port not open
2026-07-08 14:31:16,686  WARNING  PortentaReader      send_command('disarm') ignored — port not open
2026-07-08 14:31:16,731  WARNING  PortentaReader      send_command('disarm') ignored — port not open
2026-07-08 14:31:16,794  WARNING  PortentaReader      send_command('disarm') ignored — port not open
2026-07-08 14:31:16,856  WARNING  PortentaReader      send_command('disarm') ignored — port not open
2026-07-08 14:31:16,920  WARNING  PortentaReader      send_command('disarm') ignored — port not open
2026-07-08 14:31:16,991  WARNING  PortentaReader      send_command('disarm') ignored — port not open
2026-07-08 14:31:17,041  WARNING  PortentaReader      send_command('disarm') ignored — port not open
2026-07-08 14:31:17,104  WARNING  PortentaReader      send_command('disarm') ignored — port not open
2026-07-08 14:31:17,165  WARNING  PortentaReader      send_command('disarm') ignored — port not open
2026-07-08 14:31:17,227  WARNING  PortentaReader      send_command('disarm') ignored — port not open
2026-07-08 14:31:17,289  WARNING  PortentaReader      send_command('disarm') ignored — port not open
2026-07-08 14:31:17,351  WARNING  PortentaReader      send_command('disarm') ignored — port not open
2026-07-08 14:31:17,413  WARNING  PortentaReader      send_command('disarm') ignored — port not open
2026-07-08 14:31:17,475  WARNING  PortentaReader      send_command('disarm') ignored — port not open
2026-07-08 14:31:17,538  WARNING  PortentaReader      send_command('disarm') ignored — port not open
2026-07-08 14:31:17,598  WARNING  PortentaReader      send_command('disarm') ignored — port not open
2026-07-08 14:31:17,676  WARNING  PortentaReader      send_command('disarm') ignored — port not open
2026-07-08 14:31:17,737  WARNING  PortentaReader      send_command('disarm') ignored — port not open
2026-07-08 14:31:17,800  WARNING  PortentaReader      send_command('disarm') ignored — port not open
2026-07-08 14:31:17,861  WARNING  PortentaReader      send_command('disarm') ignored — port not open
2026-07-08 14:31:17,923  WARNING  PortentaReader      send_command('disarm') ignored — port not open
2026-07-08 14:31:17,981  WARNING  PortentaReader      send_command('disarm') ignored — port not open
2026-07-08 14:31:18,047  WARNING  PortentaReader      send_command('disarm') ignored — port not open
2026-07-08 14:31:18,109  WARNING  PortentaReader      send_command('disarm') ignored — port not open
2026-07-08 14:31:18,168  WARNING  PortentaReader      send_command('disarm') ignored — port not open
2026-07-08 14:31:18,228  WARNING  PortentaReader      send_command('disarm') ignored — port not open
2026-07-08 14:31:18,287  WARNING  PortentaReader      send_command('disarm') ignored — port not open
2026-07-08 14:31:18,354  WARNING  PortentaReader      send_command('disarm') ignored — port not open
2026-07-08 14:31:18,418  WARNING  PortentaReader      send_command('disarm') ignored — port not open
2026-07-08 14:31:18,482  WARNING  PortentaReader      send_command('disarm') ignored — port not open
2026-07-08 14:31:18,545  WARNING  PortentaReader      send_command('disarm') ignored — port not open
2026-07-08 14:31:18,603  WARNING  PortentaReader      send_command('disarm') ignored — port not open
2026-07-08 14:31:18,663  WARNING  PortentaReader      send_command('disarm') ignored — port not open
2026-07-08 14:31:18,729  WARNING  PortentaReader      send_command('disarm') ignored — port not open
2026-07-08 14:31:18,791  WARNING  PortentaReader      send_command('disarm') ignored — port not open
2026-07-08 14:31:18,853  WARNING  PortentaReader      send_command('disarm') ignored — port not open
2026-07-08 14:31:18,916  WARNING  PortentaReader      send_command('disarm') ignored — port not open
2026-07-08 14:31:18,978  WARNING  PortentaReader      send_command('disarm') ignored — port not open
2026-07-08 14:31:19,037  WARNING  PortentaReader      send_command('disarm') ignored — port not open
2026-07-08 14:31:19,101  WARNING  PortentaReader      send_command('disarm') ignored — port not open
2026-07-08 14:31:19,163  WARNING  PortentaReader      send_command('disarm') ignored — port not open
2026-07-08 14:31:19,224  WARNING  PortentaReader      send_command('disarm') ignored — port not open
2026-07-08 14:31:19,285  WARNING  PortentaReader      send_command('disarm') ignored — port not open
2026-07-08 14:31:19,360  WARNING  PortentaReader      send_command('disarm') ignored — port not open
2026-07-08 14:31:19,421  WARNING  PortentaReader      send_command('disarm') ignored — port not open
2026-07-08 14:31:19,481  WARNING  PortentaReader      send_command('disarm') ignored — port not open
2026-07-08 14:31:19,549  WARNING  PortentaReader      send_command('disarm') ignored — port not open
2026-07-08 14:31:19,612  WARNING  PortentaReader      send_command('disarm') ignored — port not open
2026-07-08 14:31:19,630  INFO   RecordingCore       H7: reconnect requested
2026-07-08 14:31:19,633  INFO   PortentaReader      Opened COM8 @ 115200 baud, waiting 4.0s for firmware boot...
2026-07-08 14:31:19,635  INFO   PortentaReader      boot banner (1 lines):
2026-07-08 14:31:19,636  INFO   PortentaReader        09361	5396590	682
2026-07-08 14:31:20,668  WARNING  RecordingCore       HEALTH WARNING: H7 silent 1.0s — no new samples (critical; other instruments still recording)
2026-07-08 14:31:21,628  INFO   H7Worker            H7 ready: port=COM8 baud=115200 channels=['laser', 'load', 'sma_i', 'sma_r', 'sma_v']
2026-07-08 14:31:30,748  INFO   RecordingCore       Recording STARTED
2026-07-08 14:32:09,589  INFO   RecordingCore       Recording STOPPED
2026-07-08 14:33:19,413  INFO   RecordingCore       Recording STARTED
2026-07-08 14:34:22,209  INFO   H7Worker            H7 worker exit  (pushed=101474, dropped=0, filtered=0)
2026-07-08 14:34:22,410  INFO   Driver_ZaberStage   Disconnected
2026-07-08 14:34:22,410  INFO   ZaberWorker         Zaber worker exit  (pushed=29680, dropped=1774)
2026-07-08 14:34:22,635  INFO   CameraWorker        Camera worker exit (written=587)
2026-07-08 14:34:22,664  INFO   RecordingCore       Wrote C:\Users\yilin\Documents\GitHubRepo_Research\MicroTensileMachine\MicroTensileMachine\Experiment_SMAThermalCharacterization\data\console_20260708_142324\meta.json
