2026-07-05 15:34:50,954  INFO   root                Session: console_20260705_153450
2026-07-05 15:34:50,955  INFO   root                Output:  C:\Users\yilin\Documents\GitHubRepo_Research\MicroTensileMachine\MicroTensileMachine\Experiment_SMACharacterizationV3\data\console_20260705_153450
2026-07-05 15:34:50,955  INFO   root                Config:  C:\Users\yilin\Documents\GitHubRepo_Research\MicroTensileMachine\MicroTensileMachine\Experiment_SMACharacterizationV3\config.yaml  headless=False
2026-07-05 15:34:52,970  INFO   LCRMeter            Auto-detecting E4980A/AL LCR meter...
2026-07-05 15:34:52,969  ERROR  H7Worker            H7 worker crashed: could not open port 'COM8': FileNotFoundError(2, 'The system cannot find the file specified.', None, 2)
Traceback (most recent call last):
  File "c:\Users\yilin\Documents\GitHubRepo_Research\MicroTensileMachine\MicroTensileMachine\Experiment_SMACharacterizationV3\workers.py", line 220, in run
    self._main_loop()
  File "c:\Users\yilin\Documents\GitHubRepo_Research\MicroTensileMachine\MicroTensileMachine\Experiment_SMACharacterizationV3\workers.py", line 239, in _main_loop
    with reader:
         ^^^^^^
  File "C:\Users\yilin\Documents\GitHubRepo_Research\MicroTensileMachine\MicroTensileMachine\Calibrate_LaserHead\portenta_reader.py", line 330, in __enter__
    self.open()
  File "C:\Users\yilin\Documents\GitHubRepo_Research\MicroTensileMachine\MicroTensileMachine\Calibrate_LaserHead\portenta_reader.py", line 284, in open
    self._ser = serial.Serial(
                ^^^^^^^^^^^^^^
  File "C:\Users\yilin\AppData\Local\Programs\Python\Python312\Lib\site-packages\serial\serialwin32.py", line 33, in __init__
    super(Serial, self).__init__(*args, **kwargs)
  File "C:\Users\yilin\AppData\Local\Programs\Python\Python312\Lib\site-packages\serial\serialutil.py", line 244, in __init__
    self.open()
  File "C:\Users\yilin\AppData\Local\Programs\Python\Python312\Lib\site-packages\serial\serialwin32.py", line 64, in open
    raise SerialException("could not open port {!r}: {!r}".format(self.portstr, ctypes.WinError()))
serial.serialutil.SerialException: could not open port 'COM8': FileNotFoundError(2, 'The system cannot find the file specified.', None, 2)
2026-07-05 15:34:53,019  INFO   H7Worker            H7 worker exit  (pushed=0, dropped=0, filtered=0)
2026-07-05 15:34:53,268  INFO   LCRMeter            Using VISA backend: @py
2026-07-05 15:34:54,247  INFO   Driver_ZaberStage   Configuration saved to zaber_config.json
2026-07-05 15:34:54,278  INFO   Driver_ZaberStage   Connected to X-LSQ300A-E01 on COM5
2026-07-05 15:34:54,294  INFO   ZaberWorker         Zaber ready: DeviceInfo(port='COM5', device_id=50138, serial_number='143153', name='X-LSQ300A-E01', firmware_version='7.48.24004', device_type='Linear Stage', axis_count=1)
2026-07-05 15:34:54,333  INFO   LCRMeter            Found 1 instruments
2026-07-05 15:34:54,333  ERROR  LCRMeter            No E4980A/AL found
2026-07-05 15:34:54,333  ERROR  LcrWorker           LCR worker crashed: Could not connect to Keysight E4980 LCR meter. Check USB/LAN cable, instrument power, and VISA backend.
Traceback (most recent call last):
  File "c:\Users\yilin\Documents\GitHubRepo_Research\MicroTensileMachine\MicroTensileMachine\Experiment_SMACharacterizationV3\workers.py", line 117, in run
    self._main_loop()
  File "c:\Users\yilin\Documents\GitHubRepo_Research\MicroTensileMachine\MicroTensileMachine\Experiment_SMACharacterizationV3\workers.py", line 155, in _main_loop
    raise RuntimeError(
RuntimeError: Could not connect to Keysight E4980 LCR meter. Check USB/LAN cable, instrument power, and VISA backend.
2026-07-05 15:34:54,333  INFO   LcrWorker           LCR worker exit  (pushed=0, dropped=0)
2026-07-05 15:35:00,988  INFO   RecordingCore       Running 10.0 s full system check...
2026-07-05 15:35:00,988  WARNING  RecordingCore       HEALTH: stage parked at 86.22 mm, outside the workflow window [5.0, 40.0] — move it into range before actuating
2026-07-05 15:35:00,989  WARNING  RecordingCore       health H7    FAIL (0) — worker error SerialException("could not open port 'COM8': FileNotFoundError(2, 'The system cannot find the file specified.', None, 2)")
2026-07-05 15:35:00,989  WARNING  RecordingCore       health LCR   FAIL (0) — worker error RuntimeError('Could not connect to Keysight E4980 LCR meter. Check USB/LAN cable, instrument power, and VISA backend.')
2026-07-05 15:35:00,989  INFO   RecordingCore       health stage PASS (329) — 329 reads, pos~86.22 mm (outside [5.0, 40.0] — move into range)
2026-07-05 15:37:22,894  WARNING  RecordingCore       HEALTH WARNING: H7 silent 1.0s — no new samples (critical; other instruments still recording)
2026-07-05 15:37:23,351  WARNING  PortentaReader      send_command('disarm') ignored — port not open
2026-07-05 15:37:23,531  INFO   Driver_ZaberStage   Disconnected
2026-07-05 15:37:23,531  INFO   ZaberWorker         Zaber worker exit  (pushed=7324, dropped=0)
2026-07-05 15:37:23,558  INFO   RecordingCore       Wrote C:\Users\yilin\Documents\GitHubRepo_Research\MicroTensileMachine\MicroTensileMachine\Experiment_SMACharacterizationV3\data\console_20260705_153450\meta.json
5:21,057  WARNING  RecordingCore       HEALTH WARNING: LCR silent 3.0s — no new samples (auxiliary; other instruments still recording)
2026-07-05 15:35:21,058  WARNING  PortentaReader      send_command('disarm') ignored — port not open
2026-07-05 15:35:21,121  WARNING  PortentaReader      send_command('disarm') ignored — port not open
2026-07-05 15:35:21,181  WARNING  PortentaReader      send_command('disarm') ignored — port not open
2026-07-05 15:35:21,244  WARNING  PortentaReader      send_command('disarm') ignored — port not open
2026-07-05 15:35:21,306  WARNING  PortentaReader      send_command('disarm') ignored — port not open
2026-07-05 15:35:21,367  WARNING  PortentaReader      send_command('disarm') ignored — port not open
2026-07-05 15:35:21,428  WARNING  PortentaReader      send_command('disarm') ignored — port not open
2026-07-05 15:35:21,490  WARNING  PortentaReader      send_command('disarm') ignored — port not open
2026-07-05 15:35:21,553  WARNING  PortentaReader      send_command('disarm') ignored — port not open
2026-07-05 15:35:21,615  WARNING  PortentaReader      send_command('disarm') ignored — port not open
2026-07-05 15:35:21,676  WARNING  PortentaReader      send_command('disarm') ignored — port not open
2026-07-05 15:35:21,738  WARNING  PortentaReader      send_command('disarm') ignored — port not open
2026-07-05 15:35:21,800  WARNING  PortentaReader      send_command('disarm') ignored — port not open
2026-07-05 15:35:21,862  WARNING  PortentaReader      send_command('disarm') ignored — port not open
2026-07-05 15:35:21,925  WARNING  PortentaReader      send_command('disarm') ignored — port not open
2026-07-05 15:35:21,987  WARNING  PortentaReader      send_command('disarm') ignored — port not open
2026-07-05 15:35:22,050  WARNING  PortentaReader      send_command('disarm') ignored — port not open
2026-07-05 15:35:22,112  WARNING  PortentaReader      send_command('disarm') ignored — port not open
2026-07-05 15:35:22,173  WARNING  PortentaReader      send_command('disarm') ignored — port not open
2026-07-05 15:35:22,251  WARNING  PortentaReader      send_command('disarm') ignored — port not open
2026-07-05 15:35:22,313  WARNING  PortentaReader      send_command('disarm') ignored — port not open
2026-07-05 15:35:22,361  WARNING  PortentaReader      send_command('disarm') ignored — port not open
2026-07-05 15:35:22,438  WARNING  PortentaReader      send_command('disarm') ignored — port not open
2026-07-05 15:35:22,500  WARNING  PortentaReader      send_command('disarm') ignored — port not open
2026-07-05 15:35:22,560  WARNING  PortentaReader      send_command('disarm') ignored — port not open
2026-07-05 15:35:22,623  WARNING  PortentaReader      send_command('disarm') ignored — port not open
2026-07-05 15:35:22,685  WARNING  PortentaReader      send_command('disarm') ignored — port not open
2026-07-05 15:35:22,745  WARNING  PortentaReader      send_command('disarm') ignored — port not open
2026-07-05 15:35:22,807  WARNING  PortentaReader      send_command('disarm') ignored — port not open
2026-07-05 15:35:22,869  WARNING  PortentaReader      send_command('disarm') ignored — port not open
2026-07-05 15:35:22,931  WARNING  PortentaReader      send_command('disarm') ignored — port not open
2026-07-05 15:35:22,994  WARNING  PortentaReader      send_command('disarm') ignored — port not open
2026-07-05 15:35:23,055  WARNING  RecordingCore       HEALTH WARNING: LCR silent 5.0s — no new samples (auxiliary; other instruments still recording)
2026-07-05 15:35:23,056  WARNING  PortentaReader      send_command('disarm') ignored — port not open
2026-07-05 15:35:23,116  WARNING  PortentaReader      send_command('disarm') ignored — port not open
2026-07-05 15:35:23,179  WARNING  PortentaReader      send_command('disarm') ignored — port not open
2026-07-05 15:35:23,241  WARNING  PortentaReader      send_command('disarm') ignored — port not open
2026-07-05 15:35:23,303  WARNING  PortentaReader      send_command('disarm') ignored — port not open
2026-07-05 15:35:23,365  WARNING  PortentaReader      send_command('disarm') ignored — port not open
2026-07-05 15:35:23,427  WARNING  PortentaReader      send_command('disarm') ignored — port not open
2026-07-05 15:35:23,489  WARNING  PortentaReader      send_command('disarm') ignored — port not open
2026-07-05 15:35:23,551  WARNING  PortentaReader      send_command('disarm') ignored — port not open
2026-07-05 15:35:23,613  WARNING  PortentaReader      send_command('disarm') ignored — port not open
2026-07-05 15:35:23,675  WARNING  PortentaReader      send_command('disarm') ignored — port not open
2026-07-05 15:35:23,738  WARNING  PortentaReader      send_command('disarm') ignored — port not open
2026-07-05 15:35:23,799  WARNING  PortentaReader      send_command('disarm') ignored — port not open
2026-07-05 15:35:23,861  WARNING  PortentaReader      send_command('disarm') ignored — port not open
2026-07-05 15:35:23,923  WARNING  PortentaReader      send_command('disarm') ignored — port not open
2026-07-05 15:35:24,000  WARNING  PortentaReader      send_command('disarm') ignored — port not open
2026-07-05 15:35:24,062  WARNING  PortentaReader      send_command('disarm') ignored — port not open
2026-07-05 15:35:24,124  WARNING  PortentaReader      send_command('disarm') ignored — port not open
2026-07-05 15:35:24,186  WARNING  PortentaReader      send_command('disarm') ignored — port not open
2026-07-05 15:35:24,248  WARNING  PortentaReader      send_command('disarm') ignored — port not open
2026-07-05 15:35:24,309  WARNING  PortentaReader      send_command('disarm') ignored — port not open
2026-07-05 15:35:24,371  WARNING  PortentaReader      send_command('disarm') ignored — port not open
2026-07-05 15:35:24,433  WARNING  PortentaReader      send_command('disarm') ignored — port not open
2026-07-05 15:35:24,495  WARNING  PortentaReader      send_command('disarm') ignored — port not open
2026-07-05 15:35:24,557  WARNING  PortentaReader      send_command('disarm') ignored — port not open
2026-07-05 15:35:24,619  WARNING  PortentaReader      send_command('disarm') ignored — port not open
2026-07-05 15:35:24,681  WARNING  PortentaReader      send_command('disarm') ignored — port not open
2026-07-05 15:35:24,742  WARNING  PortentaReader      send_command('disarm') ignored — port not open
2026-07-05 15:35:24,805  WARNING  PortentaReader      send_command('disarm') ignored — port not open
2026-07-05 15:35:24,866  WARNING  PortentaReader      send_command('disarm') ignored — port not open
2026-07-05 15:35:24,927  WARNING  PortentaReader      send_command('disarm') ignored — port not open
2026-07-05 15:35:24,988  WARNING  PortentaReader      send_command('disarm') ignored — port not open
2026-07-05 15:35:25,050  WARNING  RecordingCore       HEALTH WARNING: LCR silent 7.0s — no new samples (auxiliary; other instruments still recording)
2026-07-05 15:35:25,050  WARNING  PortentaReader      send_command('disarm') ignored — port not open
2026-07-05 15:35:25,113  WARNING  PortentaReader      send_command('disarm') ignored — port not open
2026-07-05 15:35:25,175  WARNING  PortentaReader      send_command('disarm') ignored — port not open
2026-07-05 15:35:25,237  WARNING  PortentaReader      send_command('disarm') ignored — port not open
2026-07-05 15:35:25,299  WARNING  PortentaReader      send_command('disarm') ignored — port not open
2026-07-05 15:35:25,362  WARNING  PortentaReader      send_command('disarm') ignored — port not open
2026-07-05 15:35:25,423  WARNING  PortentaReader      send_command('disarm') ignored — port not open
2026-07-05 15:35:25,486  WARNING  PortentaReader      send_command('disarm') ignored — port not open
2026-07-05 15:35:25,564  WARNING  PortentaReader      send_command('disarm') ignored — port not open
2026-07-05 15:35:25,625  WARNING  PortentaReader      send_command('disarm') ignored — port not open
2026-07-05 15:35:25,687  WARNING  PortentaReader      send_command('disarm') ignored — port not open
2026-07-05 15:35:25,749  WARNING  PortentaReader      send_command('disarm') ignored — port not open
2026-07-05 15:35:25,810  WARNING  PortentaReader      send_command('disarm') ignored — port not open
2026-07-05 15:35:25,872  WARNING  PortentaReader      send_command('disarm') ignored — port not open
2026-07-05 15:35:25,933  WARNING  PortentaReader      send_command('disarm') ignored — port not open
2026-07-05 15:35:25,994  WARNING  PortentaReader      send_command('disarm') ignored — port not open
2026-07-05 15:35:26,055  WARNING  PortentaReader      send_command('disarm') ignored — port not open
2026-07-05 15:35:26,118  WARNING  PortentaReader      send_command('disarm') ignored — port not open
2026-07-05 15:35:26,180  WARNING  PortentaReader      send_command('disarm') ignored — port not open
2026-07-05 15:35:26,241  WARNING  PortentaReader      send_command('disarm') ignored — port not open
2026-07-05 15:35:26,302  WARNING  PortentaReader      send_command('disarm') ignored — port not open
2026-07-05 15:35:26,363  WARNING  PortentaReader      send_command('disarm') ignored — port not open
2026-07-05 15:35:26,426  WARNING  PortentaReader      send_command('disarm') ignored — port not open
2026-07-05 15:35:26,487  WARNING  PortentaReader      send_command('disarm') ignored — port not open
2026-07-05 15:35:26,563  WARNING  PortentaReader      send_command('disarm') ignored — port not open
2026-07-05 15:35:26,625  WARNING  PortentaReader      send_command('disarm') ignored — port not open
2026-07-05 15:35:26,687  WARNING  PortentaReader      send_command('disarm') ignored — port not open
2026-07-05 15:35:26,750  WARNING  PortentaReader      send_command('disarm') ignored — port not open
2026-07-05 15:35:26,812  WARNING  PortentaReader      send_command('disarm') ignored — port not open
2026-07-05 15:35:26,873  WARNING  PortentaReader      send_command('disarm') ignored — port not open
2026-07-05 15:35:26,935  WARNING  PortentaReader      send_command('disarm') ignored — port not open
2026-07-05 15:35:26,998  WARNING  PortentaReader      send_command('disarm') ignored — port not open
2026-07-05 15:35:27,060  WARNING  RecordingCore       HEALTH WARNING: LCR silent 9.0s — no new samples (auxiliary; other instruments still recording)
2026-07-05 15:35:27,061  WARNING  PortentaReader      send_command('disarm') ignored — port not open
2026-07-05 15:35:27,121  WARNING  PortentaReader      send_command('disarm') ignored — port not open
2026-07-05 15:35:27,183  WARNING  PortentaReader      send_command('disarm') ignored — port not open
2026-07-05 15:35:27,245  WARNING  PortentaReader      send_command('disarm') ignored — port not open
2026-07-05 15:35:27,307  WARNING  PortentaReader      send_command('disarm') ignored — port not open
2026-07-05 15:35:27,370  WARNING  PortentaReader      send_command('disarm') ignored — port not open
2026-07-05 15:35:27,431  WARNING  PortentaReader      send_command('disarm') ignored — port not open
2026-07-05 15:35:27,493  WARNING  PortentaReader      send_command('disarm') ignored — port not open
2026-07-05 15:35:27,555  WARNING  PortentaReader      send_command('disarm') ignored — port not open
2026-07-05 15:35:27,617  WARNING  PortentaReader      send_command('disarm') ignored — port not open
2026-07-05 15:35:27,679  WARNING  PortentaReader      send_command('disarm') ignored — port not open
2026-07-05 15:35:27,741  WARNING  PortentaReader      send_command('disarm') ignored — port not open
2026-07-05 15:35:27,803  WARNING  PortentaReader      send_command('disarm') ignored — port not open
2026-07-05 15:35:27,865  WARNING  PortentaReader      send_command('disarm') ignored — port not open
2026-07-05 15:35:27,927  WARNING  PortentaReader      send_command('disarm') ignored — port not open
2026-07-05 15:35:27,989  WARNING  PortentaReader      send_command('disarm') ignored — port not open
2026-07-05 15:35:28,050  WARNING  PortentaReader      send_command('disarm') ignored — port not open
2026-07-05 15:35:28,113  WARNING  PortentaReader      send_command('disarm') ignored — port not open
2026-07-05 15:35:28,174  WARNING  PortentaReader      send_command('disarm') ignored — port not open
2026-07-05 15:35:28,236  WARNING  PortentaReader      send_command('disarm') ignored — port not open
2026-07-05 15:35:28,300  WARNING  PortentaReader      send_command('disarm') ignored — port not open
2026-07-05 15:35:28,362  WARNING  PortentaReader      send_command('disarm') ignored — port not open
2026-07-05 15:35:28,424  WARNING  PortentaReader      send_command('disarm') ignored — port not open
2026-07-05 15:35:28,486  WARNING  PortentaReader      send_command('disarm') ignored — port not open
2026-07-05 15:35:28,563  WARNING  PortentaReader      send_command('disarm') ignored — port not open
2026-07-05 15:35:28,625  WARNING  PortentaReader      send_command('disarm') ignored — port not open
2026-07-05 15:35:28,687  WARNING  PortentaReader      send_command('disarm') ignored — port not open
2026-07-05 15:35:28,749  WARNING  PortentaReader      send_command('disarm') ignored — port not open
2026-07-05 15:35:28,810  WARNING  PortentaReader      send_command('disarm') ignored — port not open
2026-07-05 15:35:28,873  WARNING  PortentaReader      send_command('disarm') ignored — port not open
2026-07-05 15:35:28,934  WARNING  PortentaReader      send_command('disarm') ignored — port not open
2026-07-05 15:35:28,996  WARNING  PortentaReader      send_command('disarm') ignored — port not open
2026-07-05 15:35:29,058  WARNING  RecordingCore       HEALTH WARNING: LCR silent 11.0s — no new samples (auxiliary; other instruments still recording)
2026-07-05 15:35:29,058  WARNING  PortentaReader      send_command('disarm') ignored — port not open
2026-07-05 15:35:29,120  WARNING  PortentaReader      send_command('disarm') ignored — port not open
2026-07-05 15:35:29,183  WARNING  PortentaReader      send_command('disarm') ignored — port not open
2026-07-05 15:35:29,245  WARNING  PortentaReader      send_command('disarm') ignored — port not open
2026-07-05 15:35:29,305  WARNING  PortentaReader      send_command('disarm') ignored — port not open
2026-07-05 15:35:29,369  WARNING  PortentaReader      send_command('disarm') ignored — port not open
2026-07-05 15:35:29,431  WARNING  PortentaReader      send_command('disarm') ignored — port not open
2026-07-05 15:35:29,493  WARNING  PortentaReader      send_command('disarm') ignored — port not open
2026-07-05 15:35:29,555  WARNING  PortentaReader      send_command('disarm') ignored — port not open
2026-07-05 15:35:29,619  WARNING  PortentaReader      send_command('disarm') ignored — port not open
2026-07-05 15:35:29,678  WARNING  PortentaReader      send_command('disarm') ignored — port not open
2026-07-05 15:35:29,740  WARNING  PortentaReader      send_command('disarm') ignored — port not open
2026-07-05 15:35:29,802  WARNING  PortentaReader      send_command('disarm') ignored — port not open
2026-07-05 15:35:29,864  WARNING  PortentaReader      send_command('disarm') ignored — port not open
2026-07-05 15:35:29,926  WARNING  PortentaReader      send_command('disarm') ignored — port not open
2026-07-05 15:35:29,988  WARNING  PortentaReader      send_command('disarm') ignored — port not open
2026-07-05 15:35:30,050  WARNING  PortentaReader      send_command('disarm') ignored — port not open
2026-07-05 15:35:30,112  WARNING  PortentaReader      send_command('disarm') ignored — port not open
2026-07-05 15:35:30,174  WARNING  PortentaReader      send_command('disarm') ignored — port not open
2026-07-05 15:35:30,251  WARNING  PortentaReader      send_command('disarm') ignored — port not open
2026-07-05 15:35:30,313  WARNING  PortentaReader      send_command('disarm') ignored — port not open
2026-07-05 15:35:30,376  WARNING  PortentaReader      send_command('disarm') ignored — port not open
2026-07-05 15:35:30,437  WARNING  PortentaReader      send_command('disarm') ignored — port not open
2026-07-05 15:35:30,499  WARNING  PortentaReader      send_command('disarm') ignored — port not open
2026-07-05 15:35:30,560  WARNING  PortentaReader      send_command('disarm') ignored — port not open
2026-07-05 15:35:30,622  WARNING  PortentaReader      send_command('disarm') ignored — port not open
2026-07-05 15:35:30,685  WARNING  PortentaReader      send_command('disarm') ignored — port not open
2026-07-05 15:35:30,746  WARNING  PortentaReader      send_command('disarm') ignored — port not open
2026-07-05 15:35:30,807  WARNING  PortentaReader      send_command('disarm') ignored — port not open
2026-07-05 15:35:30,869  WARNING  PortentaReader      send_command('disarm') ignored — port not open
2026-07-05 15:35:30,931  WARNING  PortentaReader      send_command('disarm') ignored — port not open
2026-07-05 15:35:30,993  WARNING  PortentaReader      send_command('disarm') ignored — port not open
2026-07-05 15:35:31,054  WARNING  RecordingCore       HEALTH WARNING: LCR silent 13.0s — no new samples (auxiliary; other instruments still recording)
2026-07-05 15:35:31,055  WARNING  PortentaReader      send_command('disarm') ignored — port not open
2026-07-05 15:35:31,115  WARNING  PortentaReader      send_command('disarm') ignored — port not open
2026-07-05 15:35:31,178  WARNING  PortentaReader      send_command('disarm') ignored — port not open
2026-07-05 15:35:31,239  WARNING  PortentaReader      send_command('disarm') ignored — port not open
2026-07-05 15:35:31,302  WARNING  PortentaReader      send_command('disarm') ignored — port not open
2026-07-05 15:35:31,365  WARNING  PortentaReader      send_command('disarm') ignored — port not open
2026-07-05 15:35:31,426  WARNING  PortentaReader      send_command('disarm') ignored — port not open
2026-07-05 15:35:31,487  WARNING  PortentaReader      send_command('disarm') ignored — port not open
2026-07-05 15:35:31,549  WARNING  PortentaReader      send_command('disarm') ignored — port not open
2026-07-05 15:35:31,612  WARNING  PortentaReader      send_command('disarm') ignored — port not open
2026-07-05 15:35:31,674  WARNING  PortentaReader      send_command('disarm') ignored — port not open
2026-07-05 15:35:31,737  WARNING  PortentaReader      send_command('disarm') ignored — port not open
2026-07-05 15:35:31,800  WARNING  PortentaReader      send_command('disarm') ignored — port not open
2026-07-05 15:35:31,862  WARNING  PortentaReader      send_command('disarm') ignored — port not open
2026-07-05 15:35:31,939  WARNING  PortentaReader      send_command('disarm') ignored — port not open
2026-07-05 15:35:32,000  WARNING  PortentaReader      send_command('disarm') ignored — port not open
2026-07-05 15:35:32,062  WARNING  PortentaReader      send_command('disarm') ignored — port not open
2026-07-05 15:35:32,123  WARNING  PortentaReader      send_command('disarm') ignored — port not open
2026-07-05 15:35:32,185  WARNING  PortentaReader      send_command('disarm') ignored — port not open
2026-07-05 15:35:32,248  WARNING  PortentaReader      send_command('disarm') ignored — port not open
2026-07-05 15:35:32,310  WARNING  PortentaReader      send_command('disarm') ignored — port not open
2026-07-05 15:35:32,371  WARNING  PortentaReader      send_command('disarm') ignored — port not open
2026-07-05 15:35:32,433  WARNING  PortentaReader      send_command('disarm') ignored — port not open
2026-07-05 15:35:32,494  WARNING  PortentaReader      send_command('disarm') ignored — port not open
2026-07-05 15:35:32,556  WARNING  PortentaReader      send_command('disarm') ignored — port not open
2026-07-05 15:35:32,617  WARNING  PortentaReader      send_command('disarm') ignored — port not open
2026-07-05 15:35:32,680  WARNING  PortentaReader      send_command('disarm') ignored — port not open
2026-07-05 15:35:32,743  WARNING  PortentaReader      send_command('disarm') ignored — port not open
2026-07-05 15:35:32,804  WARNING  PortentaReader      send_command('disarm') ignored — port not open
2026-07-05 15:35:32,866  WARNING  PortentaReader      send_command('disarm') ignored — port not open
2026-07-05 15:35:32,928  WARNING  PortentaReader      send_command('disarm') ignored — port not open
2026-07-05 15:35:32,990  WARNING  PortentaReader      send_command('disarm') ignored — port not open
2026-07-05 15:35:33,051  WARNING  RecordingCore       HEALTH WARNING: LCR silent 15.0s — no new samples (auxiliary; other instruments still recording)
2026-07-05 15:35:33,052  WARNING  PortentaReader      send_command('disarm') ignored — port not open
2026-07-05 15:35:33,113  WARNING  PortentaReader      send_command('disarm') ignored — port not open
2026-07-05 15:35:33,176  WARNING  PortentaReader      send_command('disarm') ignored — port not open
2026-07-05 15:35:33,238  WARNING  PortentaReader      send_command('disarm') ignored — port not open
2026-07-05 15:35:33,300  WARNING  PortentaReader      send_command('disarm') ignored — port not open
2026-07-05 15:35:33,362  WARNING  PortentaReader      send_command('disarm') ignored — port not open
2026-07-05 15:35:33,425  WARNING  PortentaReader      send_command('disarm') ignored — port not open
2026-07-05 15:35:33,488  WARNING  PortentaReader      send_command('disarm') ignored — port not open
2026-07-05 15:35:33,549  WARNING  PortentaReader      send_command('disarm') ignored — port not open
2026-07-05 15:35:33,611  WARNING  PortentaReader      send_command('disarm') ignored — port not open
2026-07-05 15:35:33,688  WARNING  PortentaReader      send_command('disarm') ignored — port not open
2026-07-05 15:35:33,750  WARNING  PortentaReader      send_command('disarm') ignored — port not open
2026-07-05 15:35:33,813  WARNING  PortentaReader      send_command('disarm') ignored — port not open
2026-07-05 15:35:33,875  WARNING  PortentaReader      send_command('disarm') ignored — port not open
2026-07-05 15:35:33,935  WARNING  PortentaReader      send_command('disarm') ignored — port not open
2026-07-05 15:35:33,997  WARNING  PortentaReader      send_command('disarm') ignored — port not open
2026-07-05 15:35:34,059  WARNING  PortentaReader      send_command('disarm') ignored — port not open
2026-07-05 15:35:34,123  WARNING  PortentaReader      send_command('disarm') ignored — port not open
2026-07-05 15:35:34,184  WARNING  PortentaReader      send_command('disarm') ignored — port not open
2026-07-05 15:35:34,246  WARNING  PortentaReader      send_command('disarm') ignored — port not open
2026-07-05 15:35:34,308  WARNING  PortentaReader      send_command('disarm') ignored — port not open
2026-07-05 15:35:34,370  WARNING  PortentaReader      send_command('disarm') ignored — port not open
2026-07-05 15:35:34,432  WARNING  PortentaReader      send_command('disarm') ignored — port not open
2026-07-05 15:35:34,495  WARNING  PortentaReader      send_command('disarm') ignored — port not open
2026-07-05 15:35:34,556  WARNING  PortentaReader      send_command('disarm') ignored — port not open
2026-07-05 15:35:34,619  WARNING  PortentaReader      send_command('disarm') ignored — port not open
2026-07-05 15:35:34,681  WARNING  PortentaReader      send_command('disarm') ignored — port not open
2026-07-05 15:35:34,744  WARNING  PortentaReader      send_command('disarm') ignored — port not open
2026-07-05 15:35:34,806  WARNING  PortentaReader      send_command('disarm') ignored — port not open
2026-07-05 15:35:34,868  WARNING  PortentaReader      send_command('disarm') ignored — port not open
2026-07-05 15:35:34,931  WARNING  PortentaReader      send_command('disarm') ignored — port not open
2026-07-05 15:35:34,993  WARNING  PortentaReader      send_command('disarm') ignored — port not open
2026-07-05 15:35:35,054  WARNING  RecordingCore       HEALTH WARNING: LCR silent 17.0s — no new samples (auxiliary; other instruments still recording)
2026-07-05 15:35:35,055  WARNING  PortentaReader      send_command('disarm') ignored — port not open
2026-07-05 15:35:35,116  WARNING  PortentaReader      send_command('disarm') ignored — port not open
2026-07-05 15:35:35,178  WARNING  PortentaReader      send_command('disarm') ignored — port not open
2026-07-05 15:35:35,240  WARNING  PortentaReader      send_command('disarm') ignored — port not open
2026-07-05 15:35:35,302  WARNING  PortentaReader      send_command('disarm') ignored — port not open
2026-07-05 15:35:35,364  WARNING  PortentaReader      send_command('disarm') ignored — port not open
2026-07-05 15:35:35,426  WARNING  PortentaReader      send_command('disarm') ignored — port not open
2026-07-05 15:35:35,488  WARNING  PortentaReader      send_command('disarm') ignored — port not open
2026-07-05 15:35:35,550  WARNING  PortentaReader      send_command('disarm') ignored — port not open
2026-07-05 15:35:35,612  WARNING  PortentaReader      send_command('disarm') ignored — port not open
2026-07-05 15:35:35,674  WARNING  PortentaReader      send_command('disarm') ignored — port not open
2026-07-05 15:35:35,737  WARNING  PortentaReader      send_command('disarm') ignored — port not open
2026-07-05 15:35:35,800  WARNING  PortentaReader      send_command('disarm') ignored — port not open
2026-07-05 15:35:35,861  WARNING  PortentaReader      send_command('disarm') ignored — port not open
2026-07-05 15:35:35,938  WARNING  PortentaReader      send_command('disarm') ignored — port not open
2026-07-05 15:35:36,000  WARNING  PortentaReader      send_command('disarm') ignored — port not open
2026-07-05 15:35:36,062  WARNING  PortentaReader      send_command('disarm') ignored — port not open
2026-07-05 15:35:36,125  WARNING  PortentaReader      send_command('disarm') ignored — port not open
2026-07-05 15:35:36,186  WARNING  PortentaReader      send_command('disarm') ignored — port not open
2026-07-05 15:35:36,249  WARNING  PortentaReader      send_command('disarm') ignored — port not open
2026-07-05 15:35:36,311  WARNING  PortentaReader      send_command('disarm') ignored — port not open
2026-07-05 15:35:36,373  WARNING  PortentaReader      send_command('disarm') ignored — port not open
2026-07-05 15:35:36,434  WARNING  PortentaReader      send_command('disarm') ignored — port not open
2026-07-05 15:35:36,496  WARNING  PortentaReader      send_command('disarm') ignored — port not open
2026-07-05 15:35:36,557  WARNING  PortentaReader      send_command('disarm') ignored — port not open
2026-07-05 15:35:36,619  WARNING  PortentaReader      send_command('disarm') ignored — port not open
2026-07-05 15:35:36,682  WARNING  PortentaReader      send_command('disarm') ignored — port not open
2026-07-05 15:35:36,744  WARNING  PortentaReader      send_command('disarm') ignored — port not open
2026-07-05 15:35:36,805  WARNING  PortentaReader      send_command('disarm') ignored — port not open
2026-07-05 15:35:36,867  WARNING  PortentaReader      send_command('disarm') ignored — port not open
2026-07-05 15:35:36,931  WARNING  PortentaReader      send_command('disarm') ignored — port not open
2026-07-05 15:35:36,992  WARNING  PortentaReader      send_command('disarm') ignored — port not open
2026-07-05 15:35:37,055  WARNING  RecordingCore       HEALTH WARNING: LCR silent 19.0s — no new samples (auxiliary; other instruments still recording)
2026-07-05 15:35:37,055  WARNING  PortentaReader      send_command('disarm') ignored — port not open
2026-07-05 15:35:37,118  WARNING  PortentaReader      send_command('disarm') ignored — port not open
2026-07-05 15:35:37,179  WARNING  PortentaReader      send_command('disarm') ignored — port not open
2026-07-05 15:35:37,243  WARNING  PortentaReader      send_command('disarm') ignored — port not open
2026-07-05 15:35:37,304  WARNING  PortentaReader      send_command('disarm') ignored — port not open
2026-07-05 15:35:37,367  WARNING  PortentaReader      send_command('disarm') ignored — port not open
2026-07-05 15:35:37,431  WARNING  PortentaReader      send_command('disarm') ignored — port not open
2026-07-05 15:35:37,493  WARNING  PortentaReader      send_command('disarm') ignored — port not open
2026-07-05 15:35:37,554  WARNING  PortentaReader      send_command('disarm') ignored — port not open
2026-07-05 15:35:37,616  WARNING  PortentaReader      send_command('disarm') ignored — port not open
2026-07-05 15:35:37,677  WARNING  PortentaReader      send_command('disarm') ignored — port not open
2026-07-05 15:35:37,738  WARNING  PortentaReader      send_command('disarm') ignored — port not open
2026-07-05 15:35:37,801  WARNING  PortentaReader      send_command('disarm') ignored — port not open
2026-07-05 15:35:37,864  WARNING  PortentaReader      send_command('disarm') ignored — port not open
2026-07-05 15:35:37,926  WARNING  PortentaReader      send_command('disarm') ignored — port not open
2026-07-05 15:35:37,989  WARNING  PortentaReader      send_command('disarm') ignored — port not open
2026-07-05 15:35:38,050  WARNING  PortentaReader      send_command('disarm') ignored — port not open
2026-07-05 15:35:38,112  WARNING  PortentaReader      send_command('disarm') ignored — port not open
2026-07-05 15:35:38,175  WARNING  PortentaReader      send_command('disarm') ignored — port not open
2026-07-05 15:35:38,237  WARNING  PortentaReader      send_command('disarm') ignored — port not open
2026-07-05 15:35:38,299  WARNING  PortentaReader      send_command('disarm') ignored — port not open
2026-07-05 15:35:38,375  WARNING  PortentaReader      send_command('disarm') ignored — port not open
2026-07-05 15:35:38,438  WARNING  PortentaReader      send_command('disarm') ignored — port not open
2026-07-05 15:35:38,499  WARNING  PortentaReader      send_command('disarm') ignored — port not open
2026-07-05 15:35:38,562  WARNING  PortentaReader      send_command('disarm') ignored — port not open
2026-07-05 15:35:38,612  WARNING  PortentaReader      send_command('disarm') ignored — port not open
2026-07-05 15:35:38,687  WARNING  PortentaReader      send_command('disarm') ignored — port not open
2026-07-05 15:35:38,749  WARNING  PortentaReader      send_command('disarm') ignored — port not open
2026-07-05 15:35:38,811  WARNING  PortentaReader      send_command('disarm') ignored — port not open
2026-07-05 15:35:38,874  WARNING  PortentaReader      send_command('disarm') ignored — port not open
2026-07-05 15:35:38,935  WARNING  PortentaReader      send_command('disarm') ignored — port not open
2026-07-05 15:35:38,997  WARNING  PortentaReader      send_command('disarm') ignored — port not open
2026-07-05 15:35:39,059  WARNING  RecordingCore       HEALTH WARNING: LCR silent 21.0s — no new samples (auxiliary; other instruments still recording)
2026-07-05 15:35:39,059  WARNING  PortentaReader      send_command('disarm') ignored — port not open
2026-07-05 15:35:39,120  WARNING  PortentaReader      send_command('disarm') ignored — port not open
2026-07-05 15:35:39,182  WARNING  PortentaReader      send_command('disarm') ignored — port not open
2026-07-05 15:35:39,244  WARNING  PortentaReader      send_command('disarm') ignored — port not open
2026-07-05 15:35:39,305  WARNING  PortentaReader      send_command('disarm') ignored — port not open
2026-07-05 15:35:39,368  WARNING  PortentaReader      send_command('disarm') ignored — port not open
2026-07-05 15:35:39,430  WARNING  PortentaReader      send_command('disarm') ignored — port not open
2026-07-05 15:35:39,492  WARNING  PortentaReader      send_command('disarm') ignored — port not open
2026-07-05 15:35:39,553  WARNING  PortentaReader      send_command('disarm') ignored — port not open
2026-07-05 15:35:39,615  WARNING  PortentaReader      send_command('disarm') ignored — port not open
2026-07-05 15:35:39,675  WARNING  PortentaReader      send_command('disarm') ignored — port not open
2026-07-05 15:35:39,738  WARNING  PortentaReader      send_command('disarm') ignored — port not open
2026-07-05 15:35:39,799  WARNING  PortentaReader      send_command('disarm') ignored — port not open
2026-07-05 15:35:39,862  WARNING  PortentaReader      send_command('disarm') ignored — port not open
2026-07-05 15:35:39,924  WARNING  PortentaReader      send_command('disarm') ignored — port not open
2026-07-05 15:35:39,986  WARNING  PortentaReader      send_command('disarm') ignored — port not open
2026-07-05 15:35:40,048  WARNING  PortentaReader      send_command('disarm') ignored — port not open
2026-07-05 15:35:40,125  WARNING  PortentaReader      send_command('disarm') ignored — port not open
2026-07-05 15:35:40,187  WARNING  PortentaReader      send_command('disarm') ignored — port not open
2026-07-05 15:35:40,250  WARNING  PortentaReader      send_command('disarm') ignored — port not open
2026-07-05 15:35:40,312  WARNING  PortentaReader      send_command('disarm') ignored — port not open
2026-07-05 15:35:40,374  WARNING  PortentaReader      send_command('disarm') ignored — port not open
2026-07-05 15:35:40,427  WARNING  PortentaReader      send_command('disarm') ignored — port not open
2026-07-05 15:35:40,498  WARNING  PortentaReader      send_command('disarm') ignored — port not open
2026-07-05 15:35:40,559  WARNING  PortentaReader      send_command('disarm') ignored — port not open
2026-07-05 15:35:40,619  WARNING  PortentaReader      send_command('disarm') ignored — port not open
2026-07-05 15:35:40,678  WARNING  PortentaReader      send_command('disarm') ignored — port not open
2026-07-05 15:35:40,742  WARNING  PortentaReader      send_command('disarm') ignored — port not open
2026-07-05 15:35:40,804  WARNING  PortentaReader      send_command('disarm') ignored — port not open
2026-07-05 15:35:40,866  WARNING  PortentaReader      send_command('disarm') ignored — port not open
2026-07-05 15:35:40,927  WARNING  PortentaReader      send_command('disarm') ignored — port not open
2026-07-05 15:35:40,990  WARNING  PortentaReader      send_command('disarm') ignored — port not open
2026-07-05 15:35:41,053  WARNING  RecordingCore       HEALTH WARNING: LCR silent 23.0s — no new samples (auxiliary; other instruments still recording)
2026-07-05 15:35:41,054  WARNING  PortentaReader      send_command('disarm') ignored — port not open
2026-07-05 15:35:41,115  WARNING  PortentaReader      send_command('disarm') ignored — port not open
2026-07-05 15:35:41,177  WARNING  PortentaReader      send_command('disarm') ignored — port not open
2026-07-05 15:35:41,239  WARNING  PortentaReader      send_command('disarm') ignored — port not open
2026-07-05 15:35:41,301  WARNING  PortentaReader      send_command('disarm') ignored — port not open
2026-07-05 15:35:41,363  WARNING  PortentaReader      send_command('disarm') ignored — port not open
2026-07-05 15:35:41,425  WARNING  PortentaReader      send_command('disarm') ignored — port not open
2026-07-05 15:35:41,487  WARNING  PortentaReader      send_command('disarm') ignored — port not open
2026-07-05 15:35:41,549  WARNING  PortentaReader      send_command('disarm') ignored — port not open
2026-07-05 15:35:41,611  WARNING  PortentaReader      send_command('disarm') ignored — port not open
2026-07-05 15:35:41,673  WARNING  PortentaReader      send_command('disarm') ignored — port not open
2026-07-05 15:35:41,751  WARNING  PortentaReader      send_command('disarm') ignored — port not open
2026-07-05 15:35:41,811  WARNING  PortentaReader      send_command('disarm') ignored — port not open
2026-07-05 15:35:41,874  WARNING  PortentaReader      send_command('disarm') ignored — port not open
2026-07-05 15:35:41,929  WARNING  PortentaReader      send_command('disarm') ignored — port not open
2026-07-05 15:35:41,997  WARNING  PortentaReader      send_command('disarm') ignored — port not open
2026-07-05 15:35:42,060  WARNING  PortentaReader      send_command('disarm') ignored — port not open
2026-07-05 15:35:42,122  WARNING  PortentaReader      send_command('disarm') ignored — port not open
2026-07-05 15:35:42,174  WARNING  PortentaReader      send_command('disarm') ignored — port not open
2026-07-05 15:35:42,246  WARNING  PortentaReader      send_command('disarm') ignored — port not open
2026-07-05 15:35:42,308  WARNING  PortentaReader      send_command('disarm') ignored — port not open
2026-07-05 15:35:42,369  WARNING  PortentaReader      send_command('disarm') ignored — port not open
2026-07-05 15:35:42,430  WARNING  PortentaReader      send_command('disarm') ignored — port not open
2026-07-05 15:35:42,493  WARNING  PortentaReader      send_command('disarm') ignored — port not open
2026-07-05 15:35:42,555  WARNING  PortentaReader      send_command('disarm') ignored — port not open
2026-07-05 15:35:42,617  WARNING  PortentaReader      send_command('disarm') ignored — port not open
2026-07-05 15:35:42,679  WARNING  PortentaReader      send_command('disarm') ignored — port not open
2026-07-05 15:35:42,740  WARNING  PortentaReader      send_command('disarm') ignored — port not open
2026-07-05 15:35:42,803  WARNING  PortentaReader      send_command('disarm') ignored — port not open
2026-07-05 15:35:42,865  WARNING  PortentaReader      send_command('disarm') ignored — port not open
2026-07-05 15:35:42,927  WARNING  PortentaReader      send_command('disarm') ignored — port not open
2026-07-05 15:35:42,989  WARNING  PortentaReader      send_command('disarm') ignored — port not open
2026-07-05 15:35:43,051  WARNING  RecordingCore       HEALTH WARNING: LCR silent 25.0s — no new samples (auxiliary; other instruments still recording)
2026-07-05 15:35:43,052  WARNING  PortentaReader      send_command('disarm') ignored — port not open
2026-07-05 15:35:43,113  WARNING  PortentaReader      send_command('disarm') ignored — port not open
2026-07-05 15:35:43,174  WARNING  PortentaReader      send_command('disarm') ignored — port not open
2026-07-05 15:35:43,237  WARNING  PortentaReader      send_command('disarm') ignored — port not open
2026-07-05 15:35:43,300  WARNING  PortentaReader      send_command('disarm') ignored — port not open
2026-07-05 15:35:43,363  WARNING  PortentaReader      send_command('disarm') ignored — port not open
2026-07-05 15:35:43,425  WARNING  PortentaReader      send_command('disarm') ignored — port not open
2026-07-05 15:35:43,487  WARNING  PortentaReader      send_command('disarm') ignored — port not open
2026-07-05 15:35:43,548  WARNING  PortentaReader      send_command('disarm') ignored — port not open
2026-07-05 15:35:43,611  WARNING  PortentaReader      send_command('disarm') ignored — port not open
2026-07-05 15:35:43,688  WARNING  PortentaReader      send_command('disarm') ignored — port not open
2026-07-05 15:35:43,749  WARNING  PortentaReader      send_command('disarm') ignored — port not open
2026-07-05 15:35:43,810  WARNING  PortentaReader      send_command('disarm') ignored — port not open
2026-07-05 15:35:43,872  WARNING  PortentaReader      send_command('disarm') ignored — port not open
2026-07-05 15:35:43,933  WARNING  PortentaReader      send_command('disarm') ignored — port not open
2026-07-05 15:35:43,994  WARNING  PortentaReader      send_command('disarm') ignored — port not open
2026-07-05 15:35:44,058  WARNING  PortentaReader      send_command('disarm') ignored — port not open
2026-07-05 15:35:44,120  WARNING  PortentaReader      send_command('disarm') ignored — port not open
2026-07-05 15:35:44,181  WARNING  PortentaReader      send_command('disarm') ignored — port not open
2026-07-05 15:35:44,243  WARNING  PortentaReader      send_command('disarm') ignored — port not open
2026-07-05 15:35:44,304  WARNING  PortentaReader      send_command('disarm') ignored — port not open
2026-07-05 15:35:44,367  WARNING  PortentaReader      send_command('disarm') ignored — port not open
2026-07-05 15:35:44,429  WARNING  PortentaReader      send_command('disarm') ignored — port not open
2026-07-05 15:35:44,491  WARNING  PortentaReader      send_command('disarm') ignored — port not open
2026-07-05 15:35:44,553  WARNING  PortentaReader      send_command('disarm') ignored — port not open
2026-07-05 15:35:44,616  WARNING  PortentaReader      send_command('disarm') ignored — port not open
2026-07-05 15:35:44,675  WARNING  PortentaReader      send_command('disarm') ignored — port not open
2026-07-05 15:35:44,738  WARNING  PortentaReader      send_command('disarm') ignored — port not open
2026-07-05 15:35:44,800  WARNING  PortentaReader      send_command('disarm') ignored — port not open
2026-07-05 15:35:44,863  WARNING  PortentaReader      send_command('disarm') ignored — port not open
2026-07-05 15:35:44,925  WARNING  PortentaReader      send_command('disarm') ignored — port not open
2026-07-05 15:35:44,986  WARNING  PortentaReader      send_command('disarm') ignored — port not open
2026-07-05 15:35:45,049  WARNING  RecordingCore       HEALTH WARNING: LCR silent 27.0s — no new samples (auxiliary; other instruments still recording)
2026-07-05 15:35:45,049  WARNING  PortentaReader      send_command('disarm') ignored — port not open
2026-07-05 15:35:45,112  WARNING  PortentaReader      send_command('disarm') ignored — port not open
2026-07-05 15:35:45,173  WARNING  PortentaReader      send_command('disarm') ignored — port not open
2026-07-05 15:35:45,250  WARNING  PortentaReader      send_command('disarm') ignored — port not open
2026-07-05 15:35:45,312  WARNING  PortentaReader      send_command('disarm') ignored — port not open
2026-07-05 15:35:45,374  WARNING  PortentaReader      send_command('disarm') ignored — port not open
2026-07-05 15:35:45,436  WARNING  PortentaReader      send_command('disarm') ignored — port not open
2026-07-05 15:35:45,498  WARNING  PortentaReader      send_command('disarm') ignored — port not open
2026-07-05 15:35:45,559  WARNING  PortentaReader      send_command('disarm') ignored — port not open
2026-07-05 15:35:45,621  WARNING  PortentaReader      send_command('disarm') ignored — port not open
2026-07-05 15:35:45,684  WARNING  PortentaReader      send_command('disarm') ignored — port not open
2026-07-05 15:35:45,745  WARNING  PortentaReader      send_command('disarm') ignored — port not open
2026-07-05 15:35:45,807  WARNING  PortentaReader      send_command('disarm') ignored — port not open
2026-07-05 15:35:45,870  WARNING  PortentaReader      send_command('disarm') ignored — port not open
2026-07-05 15:35:45,932  WARNING  PortentaReader      send_command('disarm') ignored — port not open
2026-07-05 15:35:45,994  WARNING  PortentaReader      send_command('disarm') ignored — port not open
2026-07-05 15:35:46,057  WARNING  PortentaReader      send_command('disarm') ignored — port not open
2026-07-05 15:35:46,121  WARNING  PortentaReader      send_command('disarm') ignored — port not open
2026-07-05 15:35:46,183  WARNING  PortentaReader      send_command('disarm') ignored — port not open
2026-07-05 15:35:46,244  WARNING  PortentaReader      send_command('disarm') ignored — port not open
2026-07-05 15:35:46,306  WARNING  PortentaReader      send_command('disarm') ignored — port not open
2026-07-05 15:35:46,367  WARNING  PortentaReader      send_command('disarm') ignored — port not open
2026-07-05 15:35:46,429  WARNING  PortentaReader      send_command('disarm') ignored — port not open
2026-07-05 15:35:46,491  WARNING  PortentaReader      send_command('disarm') ignored — port not open
2026-07-05 15:35:46,553  WARNING  PortentaReader      send_command('disarm') ignored — port not open
2026-07-05 15:35:46,615  WARNING  PortentaReader      send_command('disarm') ignored — port not open
2026-07-05 15:35:46,677  WARNING  PortentaReader      send_command('disarm') ignored — port not open
2026-07-05 15:35:46,740  WARNING  PortentaReader      send_command('disarm') ignored — port not open
2026-07-05 15:35:46,802  WARNING  PortentaReader      send_command('disarm') ignored — port not open
2026-07-05 15:35:46,864  WARNING  PortentaReader      send_command('disarm') ignored — port not open
2026-07-05 15:35:46,926  WARNING  PortentaReader      send_command('disarm') ignored — port not open
2026-07-05 15:35:46,988  WARNING  PortentaReader      send_command('disarm') ignored — port not open
2026-07-05 15:35:47,049  WARNING  RecordingCore       HEALTH WARNING: LCR silent 29.0s — no new samples (auxiliary; other instruments still recording)
2026-07-05 15:35:47,050  WARNING  PortentaReader      send_command('disarm') ignored — port not open
2026-07-05 15:35:47,111  WARNING  PortentaReader      send_command('disarm') ignored — port not open
2026-07-05 15:35:47,188  WARNING  PortentaReader      send_command('disarm') ignored — port not open
2026-07-05 15:35:47,249  WARNING  PortentaReader      send_command('disarm') ignored — port not open
2026-07-05 15:35:47,311  WARNING  PortentaReader      send_command('disarm') ignored — port not open
2026-07-05 15:35:47,372  WARNING  PortentaReader      send_command('disarm') ignored — port not open
2026-07-05 15:35:47,434  WARNING  PortentaReader      send_command('disarm') ignored — port not open
2026-07-05 15:35:47,494  WARNING  PortentaReader      send_command('disarm') ignored — port not open
2026-07-05 15:35:47,558  WARNING  PortentaReader      send_command('disarm') ignored — port not open
2026-07-05 15:35:47,620  WARNING  PortentaReader      send_command('disarm') ignored — port not open
2026-07-05 15:35:47,681  WARNING  PortentaReader      send_command('disarm') ignored — port not open
2026-07-05 15:35:47,743  WARNING  PortentaReader      send_command('disarm') ignored — port not open
2026-07-05 15:35:47,806  WARNING  PortentaReader      send_command('disarm') ignored — port not open
2026-07-05 15:35:47,867  WARNING  PortentaReader      send_command('disarm') ignored — port not open
2026-07-05 15:35:47,929  WARNING  PortentaReader      send_command('disarm') ignored — port not open
2026-07-05 15:35:47,991  WARNING  PortentaReader      send_command('disarm') ignored — port not open
2026-07-05 15:35:48,053  WARNING  PortentaReader      send_command('disarm') ignored — port not open
2026-07-05 15:35:48,115  WARNING  PortentaReader      send_command('disarm') ignored — port not open
2026-07-05 15:35:48,177  WARNING  PortentaReader      send_command('disarm') ignored — port not open
2026-07-05 15:35:48,239  WARNING  PortentaReader      send_command('disarm') ignored — port not open
2026-07-05 15:35:48,302  WARNING  PortentaReader      send_command('disarm') ignored — port not open
2026-07-05 15:35:48,363  WARNING  PortentaReader      send_command('disarm') ignored — port not open
2026-07-05 15:35:48,425  WARNING  PortentaReader      send_command('disarm') ignored — port not open
2026-07-05 15:35:48,487  WARNING  PortentaReader      send_command('disarm') ignored — port not open
2026-07-05 15:35:48,549  WARNING  PortentaReader      send_command('disarm') ignored — port not open
2026-07-05 15:35:48,611  WARNING  PortentaReader      send_command('disarm') ignored — port not open
2026-07-05 15:35:48,688  WARNING  PortentaReader      send_command('disarm') ignored — port not open
2026-07-05 15:35:48,750  WARNING  PortentaReader      send_command('disarm') ignored — port not open
2026-07-05 15:35:48,812  WARNING  PortentaReader      send_command('disarm') ignored — port not open
2026-07-05 15:35:48,873  WARNING  PortentaReader      send_command('disarm') ignored — port not open
2026-07-05 15:35:48,935  WARNING  PortentaReader      send_command('disarm') ignored — port not open
2026-07-05 15:35:48,997  WARNING  PortentaReader      send_command('disarm') ignored — port not open
2026-07-05 15:35:49,059  WARNING  RecordingCore       HEALTH WARNING: LCR silent 31.0s — no new samples (auxiliary; other instruments still recording)
2026-07-05 15:35:49,059  WARNING  PortentaReader      send_command('disarm') ignored — port not open
2026-07-05 15:35:49,121  WARNING  PortentaReader      send_command('disarm') ignored — port not open
2026-07-05 15:35:49,183  WARNING  PortentaReader      send_command('disarm') ignored — port not open
2026-07-05 15:35:49,244  WARNING  PortentaReader      send_command('disarm') ignored — port not open
2026-07-05 15:35:49,306  WARNING  PortentaReader      send_command('disarm') ignored — port not open
2026-07-05 15:35:49,368  WARNING  PortentaReader      send_command('disarm') ignored — port not open
2026-07-05 15:35:49,430  WARNING  PortentaReader      send_command('disarm') ignored — port not open
2026-07-05 15:35:49,492  WARNING  PortentaReader      send_command('disarm') ignored — port not open
2026-07-05 15:35:49,554  WARNING  PortentaReader      send_command('disarm') ignored — port not open
2026-07-05 15:35:49,616  WARNING  PortentaReader      send_command('disarm') ignored — port not open
2026-07-05 15:35:49,678  WARNING  PortentaReader      send_command('disarm') ignored — port not open
2026-07-05 15:35:49,740  WARNING  PortentaReader      send_command('disarm') ignored — port not open
2026-07-05 15:35:49,802  WARNING  PortentaReader      send_command('disarm') ignored — port not open
2026-07-05 15:35:49,864  WARNING  PortentaReader      send_command('disarm') ignored — port not open
2026-07-05 15:35:49,928  WARNING  PortentaReader      send_command('disarm') ignored — port not open
2026-07-05 15:35:49,989  WARNING  PortentaReader      send_command('disarm') ignored — port not open
2026-07-05 15:35:50,051  WARNING  PortentaReader      send_command('disarm') ignored — port not open
2026-07-05 15:35:50,113  WARNING  PortentaReader      send_command('disarm') ignored — port not open
2026-07-05 15:35:50,175  WARNING  PortentaReader      send_command('disarm') ignored — port not open
2026-07-05 15:35:50,237  WARNING  PortentaReader      send_command('disarm') ignored — port not open
2026-07-05 15:35:50,299  WARNING  PortentaReader      send_command('disarm') ignored — port not open
2026-07-05 15:35:50,360  WARNING  PortentaReader      send_command('disarm') ignored — port not open
2026-07-05 15:35:50,424  WARNING  PortentaReader      send_command('disarm') ignored — port not open
2026-07-05 15:35:50,500  WARNING  PortentaReader      send_command('disarm') ignored — port not open
2026-07-05 15:35:50,562  WARNING  PortentaReader      send_command('disarm') ignored — port not open
2026-07-05 15:35:50,611  WARNING  PortentaReader      send_command('disarm') ignored — port not open
2026-07-05 15:35:50,685  WARNING  PortentaReader      send_command('disarm') ignored — port not open
2026-07-05 15:35:50,748  WARNING  PortentaReader      send_command('disarm') ignored — port not open
2026-07-05 15:35:50,810  WARNING  PortentaReader      send_command('disarm') ignored — port not open
2026-07-05 15:35:50,871  WARNING  PortentaReader      send_command('disarm') ignored — port not open
2026-07-05 15:35:50,933  WARNING  PortentaReader      send_command('disarm') ignored — port not open
2026-07-05 15:35:50,994  WARNING  PortentaReader      send_command('disarm') ignored — port not open
2026-07-05 15:35:51,056  WARNING  RecordingCore       HEALTH WARNING: LCR silent 33.0s — no new samples (auxiliary; other instruments still recording)
2026-07-05 15:35:51,057  WARNING  PortentaReader      send_command('disarm') ignored — port not open
2026-07-05 15:35:51,119  WARNING  PortentaReader      send_command('disarm') ignored — port not open
2026-07-05 15:35:51,181  WARNING  PortentaReader      send_command('disarm') ignored — port not open
2026-07-05 15:35:51,243  WARNING  PortentaReader      send_command('disarm') ignored — port not open
2026-07-05 15:35:51,305  WARNING  PortentaReader      send_command('disarm') ignored — port not open
2026-07-05 15:35:51,366  WARNING  PortentaReader      send_command('disarm') ignored — port not open
2026-07-05 15:35:51,428  WARNING  PortentaReader      send_command('disarm') ignored — port not open
2026-07-05 15:35:51,491  WARNING  PortentaReader      send_command('disarm') ignored — port not open
2026-07-05 15:35:51,553  WARNING  PortentaReader      send_command('disarm') ignored — port not open
2026-07-05 15:35:51,615  WARNING  PortentaReader      send_command('disarm') ignored — port not open
2026-07-05 15:35:51,677  WARNING  PortentaReader      send_command('disarm') ignored — port not open
2026-07-05 15:35:51,740  WARNING  PortentaReader      send_command('disarm') ignored — port not open
2026-07-05 15:35:51,801  WARNING  PortentaReader      send_command('disarm') ignored — port not open
2026-07-05 15:35:51,863  WARNING  PortentaReader      send_command('disarm') ignored — port not open
2026-07-05 15:35:51,924  WARNING  PortentaReader      send_command('disarm') ignored — port not open
2026-07-05 15:35:51,987  WARNING  PortentaReader      send_command('disarm') ignored — port not open
2026-07-05 15:35:52,049  WARNING  PortentaReader      send_command('disarm') ignored — port not open
2026-07-05 15:35:52,126  WARNING  PortentaReader      send_command('disarm') ignored — port not open
2026-07-05 15:35:52,173  WARNING  PortentaReader      send_command('disarm') ignored — port not open
2026-07-05 15:35:52,236  WARNING  PortentaReader      send_command('disarm') ignored — port not open
2026-07-05 15:35:52,311  WARNING  PortentaReader      send_command('disarm') ignored — port not open
2026-07-05 15:35:52,373  WARNING  PortentaReader      send_command('disarm') ignored — port not open
2026-07-05 15:35:52,434  WARNING  PortentaReader      send_command('disarm') ignored — port not open
2026-07-05 15:35:52,496  WARNING  PortentaReader      send_command('disarm') ignored — port not open
2026-07-05 15:35:52,556  WARNING  PortentaReader      send_command('disarm') ignored — port not open
2026-07-05 15:35:52,619  WARNING  PortentaReader      send_command('disarm') ignored — port not open
2026-07-05 15:35:52,681  WARNING  PortentaReader      send_command('disarm') ignored — port not open
2026-07-05 15:35:52,743  WARNING  PortentaReader      send_command('disarm') ignored — port not open
2026-07-05 15:35:52,805  WARNING  PortentaReader      send_command('disarm') ignored — port not open
2026-07-05 15:35:52,868  WARNING  PortentaReader      send_command('disarm') ignored — port not open
2026-07-05 15:35:52,929  WARNING  PortentaReader      send_command('disarm') ignored — port not open
2026-07-05 15:35:52,991  WARNING  PortentaReader      send_command('disarm') ignored — port not open
2026-07-05 15:35:53,054  WARNING  RecordingCore       HEALTH WARNING: LCR silent 35.0s — no new samples (auxiliary; other instruments still recording)
2026-07-05 15:35:53,054  WARNING  PortentaReader      send_command('disarm') ignored — port not open
2026-07-05 15:35:53,117  WARNING  PortentaReader      send_command('disarm') ignored — port not open
2026-07-05 15:35:53,178  WARNING  PortentaReader      send_command('disarm') ignored — port not open
2026-07-05 15:35:53,240  WARNING  PortentaReader      send_command('disarm') ignored — port not open
2026-07-05 15:35:53,301  WARNING  PortentaReader      send_command('disarm') ignored — port not open
2026-07-05 15:35:53,363  WARNING  PortentaReader      send_command('disarm') ignored — port not open
2026-07-05 15:35:53,424  WARNING  PortentaReader      send_command('disarm') ignored — port not open
2026-07-05 15:35:53,486  WARNING  PortentaReader      send_command('disarm') ignored — port not open
2026-07-05 15:35:53,563  WARNING  PortentaReader      send_command('disarm') ignored — port not open
2026-07-05 15:35:53,612  WARNING  PortentaReader      send_command('disarm') ignored — port not open
2026-07-05 15:35:53,674  WARNING  PortentaReader      send_command('disarm') ignored — port not open
2026-07-05 15:35:53,748  WARNING  PortentaReader      send_command('disarm') ignored — port not open
2026-07-05 15:35:53,804  WARNING  PortentaReader      send_command('disarm') ignored — port not open
2026-07-05 15:35:53,873  WARNING  PortentaReader      send_command('disarm') ignored — port not open
2026-07-05 15:35:53,934  WARNING  PortentaReader      send_command('disarm') ignored — port not open
2026-07-05 15:35:53,996  WARNING  PortentaReader      send_command('disarm') ignored — port not open
2026-07-05 15:35:54,058  WARNING  PortentaReader      send_command('disarm') ignored — port not open
2026-07-05 15:35:54,120  WARNING  PortentaReader      send_command('disarm') ignored — port not open
2026-07-05 15:35:54,182  WARNING  PortentaReader      send_command('disarm') ignored — port not open
2026-07-05 15:35:54,244  WARNING  PortentaReader      send_command('disarm') ignored — port not open
2026-07-05 15:35:54,306  WARNING  PortentaReader      send_command('disarm') ignored — port not open
2026-07-05 15:35:54,368  WARNING  PortentaReader      send_command('disarm') ignored — port not open
2026-07-05 15:35:54,431  WARNING  PortentaReader      send_command('disarm') ignored — port not open
2026-07-05 15:35:54,492  WARNING  PortentaReader      send_command('disarm') ignored — port not open
2026-07-05 15:35:54,554  WARNING  PortentaReader      send_command('disarm') ignored — port not open
2026-07-05 15:35:54,616  WARNING  PortentaReader      send_command('disarm') ignored — port not open
2026-07-05 15:35:54,677  WARNING  PortentaReader      send_command('disarm') ignored — port not open
2026-07-05 15:35:54,740  WARNING  PortentaReader      send_command('disarm') ignored — port not open
2026-07-05 15:35:54,801  WARNING  PortentaReader      send_command('disarm') ignored — port not open
2026-07-05 15:35:54,864  WARNING  PortentaReader      send_command('disarm') ignored — port not open
2026-07-05 15:35:54,925  WARNING  PortentaReader      send_command('disarm') ignored — port not open
2026-07-05 15:35:54,988  WARNING  PortentaReader      send_command('disarm') ignored — port not open
2026-07-05 15:35:55,050  WARNING  RecordingCore       HEALTH WARNING: LCR silent 37.0s — no new samples (auxiliary; other instruments still recording)
2026-07-05 15:35:55,050  WARNING  PortentaReader      send_command('disarm') ignored — port not open
2026-07-05 15:35:55,113  WARNING  PortentaReader      send_command('disarm') ignored — port not open
2026-07-05 15:35:55,173  WARNING  PortentaReader      send_command('disarm') ignored — port not open
2026-07-05 15:35:55,236  WARNING  PortentaReader      send_command('disarm') ignored — port not open
2026-07-05 15:35:55,298  WARNING  PortentaReader      send_command('disarm') ignored — port not open
2026-07-05 15:35:55,361  WARNING  PortentaReader      send_command('disarm') ignored — port not open
2026-07-05 15:35:55,438  WARNING  PortentaReader      send_command('disarm') ignored — port not open
2026-07-05 15:35:55,500  WARNING  PortentaReader      send_command('disarm') ignored — port not open
2026-07-05 15:35:55,561  WARNING  PortentaReader      send_command('disarm') ignored — port not open
2026-07-05 15:35:55,622  WARNING  PortentaReader      send_command('disarm') ignored — port not open
2026-07-05 15:35:55,686  WARNING  PortentaReader      send_command('disarm') ignored — port not open
2026-07-05 15:35:55,748  WARNING  PortentaReader      send_command('disarm') ignored — port not open
2026-07-05 15:35:55,809  WARNING  PortentaReader      send_command('disarm') ignored — port not open
2026-07-05 15:35:55,870  WARNING  PortentaReader      send_command('disarm') ignored — port not open
2026-07-05 15:35:55,932  WARNING  PortentaReader      send_command('disarm') ignored — port not open
2026-07-05 15:35:55,994  WARNING  PortentaReader      send_command('disarm') ignored — port not open
2026-07-05 15:35:56,055  WARNING  PortentaReader      send_command('disarm') ignored — port not open
2026-07-05 15:35:56,119  WARNING  PortentaReader      send_command('disarm') ignored — port not open
2026-07-05 15:35:56,181  WARNING  PortentaReader      send_command('disarm') ignored — port not open
2026-07-05 15:35:56,243  WARNING  PortentaReader      send_command('disarm') ignored — port not open
2026-07-05 15:35:56,305  WARNING  PortentaReader      send_command('disarm') ignored — port not open
2026-07-05 15:35:56,368  WARNING  PortentaReader      send_command('disarm') ignored — port not open
2026-07-05 15:35:56,430  WARNING  PortentaReader      send_command('disarm') ignored — port not open
2026-07-05 15:35:56,492  WARNING  PortentaReader      send_command('disarm') ignored — port not open
2026-07-05 15:35:56,554  WARNING  PortentaReader      send_command('disarm') ignored — port not open
2026-07-05 15:35:56,617  WARNING  PortentaReader      send_command('disarm') ignored — port not open
2026-07-05 15:35:56,680  WARNING  PortentaReader      send_command('disarm') ignored — port not open
2026-07-05 15:35:56,741  WARNING  PortentaReader      send_command('disarm') ignored — port not open
2026-07-05 15:35:56,803  WARNING  PortentaReader      send_command('disarm') ignored — port not open
2026-07-05 15:35:56,865  WARNING  PortentaReader      send_command('disarm') ignored — port not open
2026-07-05 15:35:56,927  WARNING  PortentaReader      send_command('disarm') ignored — port not open
2026-07-05 15:35:56,990  WARNING  PortentaReader      send_command('disarm') ignored — port not open
2026-07-05 15:35:57,052  WARNING  RecordingCore       HEALTH WARNING: LCR silent 39.0s — no new samples (auxiliary; other instruments still recording)
2026-07-05 15:35:57,052  WARNING  PortentaReader      send_command('disarm') ignored — port not open
2026-07-05 15:35:57,113  WARNING  PortentaReader      send_command('disarm') ignored — port not open
2026-07-05 15:35:57,175  WARNING  PortentaReader      send_command('disarm') ignored — port not open
2026-07-05 15:35:57,237  WARNING  PortentaReader      send_command('disarm') ignored — port not open
2026-07-05 15:35:57,298  WARNING  PortentaReader      send_command('disarm') ignored — port not open
2026-07-05 15:35:57,375  WARNING  PortentaReader      send_command('disarm') ignored — port not open
2026-07-05 15:35:57,436  WARNING  PortentaReader      send_command('disarm') ignored — port not open
2026-07-05 15:35:57,498  WARNING  PortentaReader      send_command('disarm') ignored — port not open
2026-07-05 15:35:57,560  WARNING  PortentaReader      send_command('disarm') ignored — port not open
2026-07-05 15:35:57,622  WARNING  PortentaReader      send_command('disarm') ignored — port not open
2026-07-05 15:35:57,683  WARNING  PortentaReader      send_command('disarm') ignored — port not open
2026-07-05 15:35:57,745  WARNING  PortentaReader      send_command('disarm') ignored — port not open
2026-07-05 15:35:57,808  WARNING  PortentaReader      send_command('disarm') ignored — port not open
2026-07-05 15:35:57,870  WARNING  PortentaReader      send_command('disarm') ignored — port not open
2026-07-05 15:35:57,931  WARNING  PortentaReader      send_command('disarm') ignored — port not open
2026-07-05 15:35:57,993  WARNING  PortentaReader      send_command('disarm') ignored — port not open
2026-07-05 15:35:58,054  WARNING  PortentaReader      send_command('disarm') ignored — port not open
2026-07-05 15:35:58,116  WARNING  PortentaReader      send_command('disarm') ignored — port not open
2026-07-05 15:35:58,178  WARNING  PortentaReader      send_command('disarm') ignored — port not open
2026-07-05 15:35:58,240  WARNING  PortentaReader      send_command('disarm') ignored — port not open
2026-07-05 15:35:58,302  WARNING  PortentaReader      send_command('disarm') ignored — port not open
2026-07-05 15:35:58,363  WARNING  PortentaReader      send_command('disarm') ignored — port not open
2026-07-05 15:35:58,425  WARNING  PortentaReader      send_command('disarm') ignored — port not open
2026-07-05 15:35:58,487  WARNING  PortentaReader      send_command('disarm') ignored — port not open
2026-07-05 15:35:58,550  WARNING  PortentaReader      send_command('disarm') ignored — port not open
2026-07-05 15:35:58,613  WARNING  PortentaReader      send_command('disarm') ignored — port not open
2026-07-05 15:35:58,675  WARNING  PortentaReader      send_command('disarm') ignored — port not open
2026-07-05 15:35:58,737  WARNING  PortentaReader      send_command('disarm') ignored — port not open
2026-07-05 15:35:58,800  WARNING  PortentaReader      send_command('disarm') ignored — port not open
2026-07-05 15:35:58,876  WARNING  PortentaReader      send_command('disarm') ignored — port not open
2026-07-05 15:35:58,939  WARNING  PortentaReader      send_command('disarm') ignored — port not open
2026-07-05 15:35:59,016  WARNING  PortentaReader      send_command('disarm') ignored — port not open
2026-07-05 15:35:59,077  WARNING  RecordingCore       HEALTH WARNING: LCR silent 41.0s — no new samples (auxiliary; other instruments still recording)
2026-07-05 15:35:59,078  WARNING  PortentaReader      send_command('disarm') ignored — port not open
2026-07-05 15:35:59,140  WARNING  PortentaReader      send_command('disarm') ignored — port not open
2026-07-05 15:35:59,202  WARNING  PortentaReader      send_command('disarm') ignored — port not open
2026-07-05 15:35:59,264  WARNING  PortentaReader      send_command('disarm') ignored — port not open
2026-07-05 15:35:59,325  WARNING  PortentaReader      send_command('disarm') ignored — port not open
2026-07-05 15:35:59,388  WARNING  PortentaReader      send_command('disarm') ignored — port not open
2026-07-05 15:35:59,449  WARNING  PortentaReader      send_command('disarm') ignored — port not open
2026-07-05 15:35:59,511  WARNING  PortentaReader      send_command('disarm') ignored — port not open
2026-07-05 15:35:59,573  WARNING  PortentaReader      send_command('disarm') ignored — port not open
2026-07-05 15:35:59,634  WARNING  PortentaReader      send_command('disarm') ignored — port not open
2026-07-05 15:35:59,696  WARNING  PortentaReader      send_command('disarm') ignored — port not open
2026-07-05 15:35:59,758  WARNING  PortentaReader      send_command('disarm') ignored — port not open
2026-07-05 15:35:59,819  WARNING  PortentaReader      send_command('disarm') ignored — port not open
2026-07-05 15:35:59,881  WARNING  PortentaReader      send_command('disarm') ignored — port not open
2026-07-05 15:35:59,944  WARNING  PortentaReader      send_command('disarm') ignored — port not open
2026-07-05 15:36:00,005  WARNING  PortentaReader      send_command('disarm') ignored — port not open
2026-07-05 15:36:00,067  WARNING  PortentaReader      send_command('disarm') ignored — port not open
2026-07-05 15:36:00,129  WARNING  PortentaReader      send_command('disarm') ignored — port not open
2026-07-05 15:36:00,191  WARNING  PortentaReader      send_command('disarm') ignored — port not open
2026-07-05 15:36:00,253  WARNING  PortentaReader      send_command('disarm') ignored — port not open
2026-07-05 15:36:00,314  WARNING  PortentaReader      send_command('disarm') ignored — port not open
2026-07-05 15:36:00,391  WARNING  PortentaReader      send_command('disarm') ignored — port not open
2026-07-05 15:36:00,453  WARNING  PortentaReader      send_command('disarm') ignored — port not open
2026-07-05 15:36:00,515  WARNING  PortentaReader      send_command('disarm') ignored — port not open
2026-07-05 15:36:00,576  WARNING  PortentaReader      send_command('disarm') ignored — port not open
2026-07-05 15:36:00,638  WARNING  PortentaReader      send_command('disarm') ignored — port not open
2026-07-05 15:36:00,700  WARNING  PortentaReader      send_command('disarm') ignored — port not open
2026-07-05 15:36:00,763  WARNING  PortentaReader      send_command('disarm') ignored — port not open
2026-07-05 15:36:00,824  WARNING  PortentaReader      send_command('disarm') ignored — port not open
2026-07-05 15:36:00,887  WARNING  PortentaReader      send_command('disarm') ignored — port not open
2026-07-05 15:36:00,950  WARNING  PortentaReader      send_command('disarm') ignored — port not open
2026-07-05 15:36:01,012  WARNING  PortentaReader      send_command('disarm') ignored — port not open
2026-07-05 15:36:01,074  WARNING  RecordingCore       HEALTH WARNING: LCR silent 43.0s — no new samples (auxiliary; other instruments still recording)
2026-07-05 15:36:01,075  WARNING  PortentaReader      send_command('disarm') ignored — port not open
2026-07-05 15:36:01,137  WARNING  PortentaReader      send_command('disarm') ignored — port not open
2026-07-05 15:36:01,199  WARNING  PortentaReader      send_command('disarm') ignored — port not open
2026-07-05 15:36:01,261  WARNING  PortentaReader      send_command('disarm') ignored — port not open
2026-07-05 15:36:01,323  WARNING  PortentaReader      send_command('disarm') ignored — port not open
2026-07-05 15:36:01,385  WARNING  PortentaReader      send_command('disarm') ignored — port not open
2026-07-05 15:36:01,447  WARNING  PortentaReader      send_command('disarm') ignored — port not open
2026-07-05 15:36:01,510  WARNING  PortentaReader      send_command('disarm') ignored — port not open
2026-07-05 15:36:01,572  WARNING  PortentaReader      send_command('disarm') ignored — port not open
2026-07-05 15:36:01,633  WARNING  PortentaReader      send_command('disarm') ignored — port not open
2026-07-05 15:36:01,695  WARNING  PortentaReader      send_command('disarm') ignored — port not open
2026-07-05 15:36:01,757  WARNING  PortentaReader      send_command('disarm') ignored — port not open
2026-07-05 15:36:01,818  WARNING  PortentaReader      send_command('disarm') ignored — port not open
2026-07-05 15:36:01,880  WARNING  PortentaReader      send_command('disarm') ignored — port not open
2026-07-05 15:36:01,942  WARNING  PortentaReader      send_command('disarm') ignored — port not open
2026-07-05 15:36:02,004  WARNING  PortentaReader      send_command('disarm') ignored — port not open
2026-07-05 15:36:02,064  WARNING  PortentaReader      send_command('disarm') ignored — port not open
2026-07-05 15:36:02,127  WARNING  PortentaReader      send_command('disarm') ignored — port not open
2026-07-05 15:36:02,189  WARNING  PortentaReader      send_command('disarm') ignored — port not open
2026-07-05 15:36:02,267  WARNING  PortentaReader      send_command('disarm') ignored — port not open
2026-07-05 15:36:02,328  WARNING  PortentaReader      send_command('disarm') ignored — port not open
2026-07-05 15:36:02,391  WARNING  PortentaReader      send_command('disarm') ignored — port not open
2026-07-05 15:36:02,452  WARNING  PortentaReader      send_command('disarm') ignored — port not open
2026-07-05 15:36:02,515  WARNING  PortentaReader      send_command('disarm') ignored — port not open
2026-07-05 15:36:02,576  WARNING  PortentaReader      send_command('disarm') ignored — port not open
2026-07-05 15:36:02,638  WARNING  PortentaReader      send_command('disarm') ignored — port not open
2026-07-05 15:36:02,700  WARNING  PortentaReader      send_command('disarm') ignored — port not open
2026-07-05 15:36:02,761  WARNING  PortentaReader      send_command('disarm') ignored — port not open
2026-07-05 15:36:02,823  WARNING  PortentaReader      send_command('disarm') ignored — port not open
2026-07-05 15:36:02,885  WARNING  PortentaReader      send_command('disarm') ignored — port not open
2026-07-05 15:36:02,947  WARNING  PortentaReader      send_command('disarm') ignored — port not open
2026-07-05 15:36:03,008  WARNING  PortentaReader      send_command('disarm') ignored — port not open
2026-07-05 15:36:03,070  WARNING  RecordingCore       HEALTH WARNING: LCR silent 45.0s — no new samples (auxiliary; other instruments still recording)
2026-07-05 15:36:03,071  WARNING  PortentaReader      send_command('disarm') ignored — port not open
2026-07-05 15:36:03,132  WARNING  PortentaReader      send_command('disarm') ignored — port not open
2026-07-05 15:36:03,194  WARNING  PortentaReader      send_command('disarm') ignored — port not open
2026-07-05 15:36:03,256  WARNING  PortentaReader      send_command('disarm') ignored — port not open
2026-07-05 15:36:03,317  WARNING  PortentaReader      send_command('disarm') ignored — port not open
2026-07-05 15:36:03,380  WARNING  PortentaReader      send_command('disarm') ignored — port not open
2026-07-05 15:36:03,441  WARNING  PortentaReader      send_command('disarm') ignored — port not open
2026-07-05 15:36:03,502  WARNING  PortentaReader      send_command('disarm') ignored — port not open
2026-07-05 15:36:03,564  WARNING  PortentaReader      send_command('disarm') ignored — port not open
2026-07-05 15:36:03,627  WARNING  PortentaReader      send_command('disarm') ignored — port not open
2026-07-05 15:36:03,704  WARNING  PortentaReader      send_command('disarm') ignored — port not open
2026-07-05 15:36:03,757  WARNING  PortentaReader      send_command('disarm') ignored — port not open
2026-07-05 15:36:03,827  WARNING  PortentaReader      send_command('disarm') ignored — port not open
2026-07-05 15:36:03,889  WARNING  PortentaReader      send_command('disarm') ignored — port not open
2026-07-05 15:36:03,952  WARNING  PortentaReader      send_command('disarm') ignored — port not open
2026-07-05 15:36:04,014  WARNING  PortentaReader      send_command('disarm') ignored — port not open
2026-07-05 15:36:04,075  WARNING  PortentaReader      send_command('disarm') ignored — port not open
2026-07-05 15:36:04,137  WARNING  PortentaReader      send_command('disarm') ignored — port not open
2026-07-05 15:36:04,199  WARNING  PortentaReader      send_command('disarm') ignored — port not open
2026-07-05 15:36:04,262  WARNING  PortentaReader      send_command('disarm') ignored — port not open
2026-07-05 15:36:04,324  WARNING  PortentaReader      send_command('disarm') ignored — port not open
2026-07-05 15:36:04,386  WARNING  PortentaReader      send_command('disarm') ignored — port not open
2026-07-05 15:36:04,447  WARNING  PortentaReader      send_command('disarm') ignored — port not open
2026-07-05 15:36:04,509  WARNING  PortentaReader      send_command('disarm') ignored — port not open
2026-07-05 15:36:04,571  WARNING  PortentaReader      send_command('disarm') ignored — port not open
2026-07-05 15:36:04,632  WARNING  PortentaReader      send_command('disarm') ignored — port not open
2026-07-05 15:36:04,695  WARNING  PortentaReader      send_command('disarm') ignored — port not open
2026-07-05 15:36:04,756  WARNING  PortentaReader      send_command('disarm') ignored — port not open
2026-07-05 15:36:04,818  WARNING  PortentaReader      send_command('disarm') ignored — port not open
2026-07-05 15:36:04,879  WARNING  PortentaReader      send_command('disarm') ignored — port not open
2026-07-05 15:36:04,942  WARNING  PortentaReader      send_command('disarm') ignored — port not open
2026-07-05 15:36:05,004  WARNING  PortentaReader      send_command('disarm') ignored — port not open
2026-07-05 15:36:05,066  WARNING  RecordingCore       HEALTH WARNING: LCR silent 47.0s — no new samples (auxiliary; other instruments still recording)
2026-07-05 15:36:05,067  WARNING  PortentaReader      send_command('disarm') ignored — port not open
2026-07-05 15:36:05,128  WARNING  PortentaReader      send_command('disarm') ignored — port not open
2026-07-05 15:36:05,190  WARNING  PortentaReader      send_command('disarm') ignored — port not open
2026-07-05 15:36:05,253  WARNING  PortentaReader      send_command('disarm') ignored — port not open
2026-07-05 15:36:05,314  WARNING  PortentaReader      send_command('disarm') ignored — port not open
2026-07-05 15:36:05,391  WARNING  PortentaReader      send_command('disarm') ignored — port not open
2026-07-05 15:36:05,453  WARNING  PortentaReader      send_command('disarm') ignored — port not open
2026-07-05 15:36:05,514  WARNING  PortentaReader      send_command('disarm') ignored — port not open
2026-07-05 15:36:05,577  WARNING  PortentaReader      send_command('disarm') ignored — port not open
2026-07-05 15:36:05,638  WARNING  PortentaReader      send_command('disarm') ignored — port not open
2026-07-05 15:36:05,702  WARNING  PortentaReader      send_command('disarm') ignored — port not open
2026-07-05 15:36:05,763  WARNING  PortentaReader      send_command('disarm') ignored — port not open
2026-07-05 15:36:05,825  WARNING  PortentaReader      send_command('disarm') ignored — port not open
2026-07-05 15:36:05,886  WARNING  PortentaReader      send_command('disarm') ignored — port not open
2026-07-05 15:36:05,948  WARNING  PortentaReader      send_command('disarm') ignored — port not open
2026-07-05 15:36:06,010  WARNING  PortentaReader      send_command('disarm') ignored — port not open
2026-07-05 15:36:06,072  WARNING  PortentaReader      send_command('disarm') ignored — port not open
2026-07-05 15:36:06,134  WARNING  PortentaReader      send_command('disarm') ignored — port not open
2026-07-05 15:36:06,196  WARNING  PortentaReader      send_command('disarm') ignored — port not open
2026-07-05 15:36:06,257  WARNING  PortentaReader      send_command('disarm') ignored — port not open
2026-07-05 15:36:06,318  WARNING  PortentaReader      send_command('disarm') ignored — port not open
2026-07-05 15:36:06,379  WARNING  PortentaReader      send_command('disarm') ignored — port not open
2026-07-05 15:36:06,441  WARNING  PortentaReader      send_command('disarm') ignored — port not open
2026-07-05 15:36:06,503  WARNING  PortentaReader      send_command('disarm') ignored — port not open
2026-07-05 15:36:06,566  WARNING  PortentaReader      send_command('disarm') ignored — port not open
2026-07-05 15:36:06,628  WARNING  PortentaReader      send_command('disarm') ignored — port not open
2026-07-05 15:36:06,690  WARNING  PortentaReader      send_command('disarm') ignored — port not open
2026-07-05 15:36:06,752  WARNING  PortentaReader      send_command('disarm') ignored — port not open
2026-07-05 15:36:06,815  WARNING  PortentaReader      send_command('disarm') ignored — port not open
2026-07-05 15:36:06,877  WARNING  PortentaReader      send_command('disarm') ignored — port not open
2026-07-05 15:36:06,940  WARNING  PortentaReader      send_command('disarm') ignored — port not open
2026-07-05 15:36:07,002  WARNING  PortentaReader      send_command('disarm') ignored — port not open
2026-07-05 15:36:07,064  WARNING  RecordingCore       HEALTH WARNING: LCR silent 49.0s — no new samples (auxiliary; other instruments still recording)
2026-07-05 15:36:07,064  WARNING  PortentaReader      send_command('disarm') ignored — port not open
2026-07-05 15:36:07,141  WARNING  PortentaReader      send_command('disarm') ignored — port not open
2026-07-05 15:36:07,203  WARNING  PortentaReader      send_command('disarm') ignored — port not open
2026-07-05 15:36:07,265  WARNING  PortentaReader      send_command('disarm') ignored — port not open
2026-07-05 15:36:07,327  WARNING  PortentaReader      send_command('disarm') ignored — port not open
2026-07-05 15:36:07,389  WARNING  PortentaReader      send_command('disarm') ignored — port not open
2026-07-05 15:36:07,451  WARNING  PortentaReader      send_command('disarm') ignored — port not open
2026-07-05 15:36:07,512  WARNING  PortentaReader      send_command('disarm') ignored — port not open
2026-07-05 15:36:07,574  WARNING  PortentaReader      send_command('disarm') ignored — port not open
2026-07-05 15:36:07,636  WARNING  PortentaReader      send_command('disarm') ignored — port not open
2026-07-05 15:36:07,699  WARNING  PortentaReader      send_command('disarm') ignored — port not open
2026-07-05 15:36:07,761  WARNING  PortentaReader      send_command('disarm') ignored — port not open
2026-07-05 15:36:07,823  WARNING  PortentaReader      send_command('disarm') ignored — port not open
2026-07-05 15:36:07,885  WARNING  PortentaReader      send_command('disarm') ignored — port not open
2026-07-05 15:36:07,947  WARNING  PortentaReader      send_command('disarm') ignored — port not open
2026-07-05 15:36:08,010  WARNING  PortentaReader      send_command('disarm') ignored — port not open
2026-07-05 15:36:08,072  WARNING  PortentaReader      send_command('disarm') ignored — port not open
2026-07-05 15:36:08,134  WARNING  PortentaReader      send_command('disarm') ignored — port not open
2026-07-05 15:36:08,195  WARNING  PortentaReader      send_command('disarm') ignored — port not open
2026-07-05 15:36:08,257  WARNING  PortentaReader      send_command('disarm') ignored — port not open
2026-07-05 15:36:08,320  WARNING  PortentaReader      send_command('disarm') ignored — port not open
2026-07-05 15:36:08,381  WARNING  PortentaReader      send_command('disarm') ignored — port not open
2026-07-05 15:36:08,442  WARNING  PortentaReader      send_command('disarm') ignored — port not open
2026-07-05 15:36:08,504  WARNING  PortentaReader      send_command('disarm') ignored — port not open
2026-07-05 15:36:08,567  WARNING  PortentaReader      send_command('disarm') ignored — port not open
2026-07-05 15:36:08,629  WARNING  PortentaReader      send_command('disarm') ignored — port not open
2026-07-05 15:36:08,691  WARNING  PortentaReader      send_command('disarm') ignored — port not open
2026-07-05 15:36:08,753  WARNING  PortentaReader      send_command('disarm') ignored — port not open
2026-07-05 15:36:08,815  WARNING  PortentaReader      send_command('disarm') ignored — port not open
2026-07-05 15:36:08,876  WARNING  PortentaReader      send_command('disarm') ignored — port not open
2026-07-05 15:36:08,953  WARNING  PortentaReader      send_command('disarm') ignored — port not open
2026-07-05 15:36:09,015  WARNING  PortentaReader      send_command('disarm') ignored — port not open
2026-07-05 15:36:09,077  WARNING  RecordingCore       HEALTH WARNING: LCR silent 51.0s — no new samples (auxiliary; other instruments still recording)
2026-07-05 15:36:09,078  WARNING  PortentaReader      send_command('disarm') ignored — port not open
2026-07-05 15:36:09,140  WARNING  PortentaReader      send_command('disarm') ignored — port not open
2026-07-05 15:36:09,201  WARNING  PortentaReader      send_command('disarm') ignored — port not open
2026-07-05 15:36:09,263  WARNING  PortentaReader      send_command('disarm') ignored — port not open
2026-07-05 15:36:09,325  WARNING  PortentaReader      send_command('disarm') ignored — port not open
2026-07-05 15:36:09,387  WARNING  PortentaReader      send_command('disarm') ignored — port not open
2026-07-05 15:36:09,449  WARNING  PortentaReader      send_command('disarm') ignored — port not open
2026-07-05 15:36:09,511  WARNING  PortentaReader      send_command('disarm') ignored — port not open
2026-07-05 15:36:09,573  WARNING  PortentaReader      send_command('disarm') ignored — port not open
2026-07-05 15:36:09,634  WARNING  PortentaReader      send_command('disarm') ignored — port not open
2026-07-05 15:36:09,697  WARNING  PortentaReader      send_command('disarm') ignored — port not open
2026-07-05 15:36:09,759  WARNING  PortentaReader      send_command('disarm') ignored — port not open
2026-07-05 15:36:09,821  WARNING  PortentaReader      send_command('disarm') ignored — port not open
2026-07-05 15:36:09,882  WARNING  PortentaReader      send_command('disarm') ignored — port not open
2026-07-05 15:36:09,945  WARNING  PortentaReader      send_command('disarm') ignored — port not open
2026-07-05 15:36:10,007  WARNING  PortentaReader      send_command('disarm') ignored — port not open
2026-07-05 15:36:10,069  WARNING  PortentaReader      send_command('disarm') ignored — port not open
2026-07-05 15:36:10,132  WARNING  PortentaReader      send_command('disarm') ignored — port not open
2026-07-05 15:36:10,193  WARNING  PortentaReader      send_command('disarm') ignored — port not open
2026-07-05 15:36:10,255  WARNING  PortentaReader      send_command('disarm') ignored — port not open
2026-07-05 15:36:10,317  WARNING  PortentaReader      send_command('disarm') ignored — port not open
2026-07-05 15:36:10,379  WARNING  PortentaReader      send_command('disarm') ignored — port not open
2026-07-05 15:36:10,441  WARNING  PortentaReader      send_command('disarm') ignored — port not open
2026-07-05 15:36:10,503  WARNING  PortentaReader      send_command('disarm') ignored — port not open
2026-07-05 15:36:10,565  WARNING  PortentaReader      send_command('disarm') ignored — port not open
2026-07-05 15:36:10,628  WARNING  PortentaReader      send_command('disarm') ignored — port not open
2026-07-05 15:36:10,691  WARNING  PortentaReader      send_command('disarm') ignored — port not open
2026-07-05 15:36:10,752  WARNING  PortentaReader      send_command('disarm') ignored — port not open
2026-07-05 15:36:10,815  WARNING  PortentaReader      send_command('disarm') ignored — port not open
2026-07-05 15:36:10,877  WARNING  PortentaReader      send_command('disarm') ignored — port not open
2026-07-05 15:36:10,952  WARNING  PortentaReader      send_command('disarm') ignored — port not open
2026-07-05 15:36:11,014  WARNING  PortentaReader      send_command('disarm') ignored — port not open
2026-07-05 15:36:11,075  WARNING  RecordingCore       HEALTH WARNING: LCR silent 53.0s — no new samples (auxiliary; other instruments still recording)
2026-07-05 15:36:11,076  WARNING  PortentaReader      send_command('disarm') ignored — port not open
2026-07-05 15:36:11,137  WARNING  PortentaReader      send_command('disarm') ignored — port not open
2026-07-05 15:36:11,200  WARNING  PortentaReader      send_command('disarm') ignored — port not open
2026-07-05 15:36:11,262  WARNING  PortentaReader      send_command('disarm') ignored — port not open
2026-07-05 15:36:11,325  WARNING  PortentaReader      send_command('disarm') ignored — port not open
2026-07-05 15:36:11,387  WARNING  PortentaReader      send_command('disarm') ignored — port not open
2026-07-05 15:36:11,448  WARNING  PortentaReader      send_command('disarm') ignored — port not open
2026-07-05 15:36:11,509  WARNING  PortentaReader      send_command('disarm') ignored — port not open
2026-07-05 15:36:11,571  WARNING  PortentaReader      send_command('disarm') ignored — port not open
2026-07-05 15:36:11,633  WARNING  PortentaReader      send_command('disarm') ignored — port not open
2026-07-05 15:36:11,696  WARNING  PortentaReader      send_command('disarm') ignored — port not open
2026-07-05 15:36:11,758  WARNING  PortentaReader      send_command('disarm') ignored — port not open
2026-07-05 15:36:11,820  WARNING  PortentaReader      send_command('disarm') ignored — port not open
2026-07-05 15:36:11,882  WARNING  PortentaReader      send_command('disarm') ignored — port not open
2026-07-05 15:36:11,944  WARNING  PortentaReader      send_command('disarm') ignored — port not open
2026-07-05 15:36:12,006  WARNING  PortentaReader      send_command('disarm') ignored — port not open
2026-07-05 15:36:12,068  WARNING  PortentaReader      send_command('disarm') ignored — port not open
2026-07-05 15:36:12,131  WARNING  PortentaReader      send_command('disarm') ignored — port not open
2026-07-05 15:36:12,192  WARNING  PortentaReader      send_command('disarm') ignored — port not open
2026-07-05 15:36:12,255  WARNING  PortentaReader      send_command('disarm') ignored — port not open
2026-07-05 15:36:12,316  WARNING  PortentaReader      send_command('disarm') ignored — port not open
2026-07-05 15:36:12,378  WARNING  PortentaReader      send_command('disarm') ignored — port not open
2026-07-05 15:36:12,439  WARNING  PortentaReader      send_command('disarm') ignored — port not open
2026-07-05 15:36:12,502  WARNING  PortentaReader      send_command('disarm') ignored — port not open
2026-07-05 15:36:12,579  WARNING  PortentaReader      send_command('disarm') ignored — port not open
2026-07-05 15:36:12,641  WARNING  PortentaReader      send_command('disarm') ignored — port not open
2026-07-05 15:36:12,704  WARNING  PortentaReader      send_command('disarm') ignored — port not open
2026-07-05 15:36:12,765  WARNING  PortentaReader      send_command('disarm') ignored — port not open
2026-07-05 15:36:12,827  WARNING  PortentaReader      send_command('disarm') ignored — port not open
2026-07-05 15:36:12,889  WARNING  PortentaReader      send_command('disarm') ignored — port not open
2026-07-05 15:36:12,950  WARNING  PortentaReader      send_command('disarm') ignored — port not open
2026-07-05 15:36:13,013  WARNING  PortentaReader      send_command('disarm') ignored — port not open
2026-07-05 15:36:13,074  WARNING  RecordingCore       HEALTH WARNING: LCR silent 55.0s — no new samples (auxiliary; other instruments still recording)
2026-07-05 15:36:13,074  WARNING  PortentaReader      send_command('disarm') ignored — port not open
2026-07-05 15:36:13,135  WARNING  PortentaReader      send_command('disarm') ignored — port not open
2026-07-05 15:36:13,198  WARNING  PortentaReader      send_command('disarm') ignored — port not open
2026-07-05 15:36:13,260  WARNING  PortentaReader      send_command('disarm') ignored — port not open
2026-07-05 15:36:13,322  WARNING  PortentaReader      send_command('disarm') ignored — port not open
2026-07-05 15:36:13,384  WARNING  PortentaReader      send_command('disarm') ignored — port not open
2026-07-05 15:36:13,446  WARNING  PortentaReader      send_command('disarm') ignored — port not open
2026-07-05 15:36:13,509  WARNING  PortentaReader      send_command('disarm') ignored — port not open
2026-07-05 15:36:13,571  WARNING  PortentaReader      send_command('disarm') ignored — port not open
2026-07-05 15:36:13,632  WARNING  PortentaReader      send_command('disarm') ignored — port not open
2026-07-05 15:36:13,694  WARNING  PortentaReader      send_command('disarm') ignored — port not open
2026-07-05 15:36:13,756  WARNING  PortentaReader      send_command('disarm') ignored — port not open
2026-07-05 15:36:13,818  WARNING  PortentaReader      send_command('disarm') ignored — port not open
2026-07-05 15:36:13,880  WARNING  PortentaReader      send_command('disarm') ignored — port not open
2026-07-05 15:36:13,941  WARNING  PortentaReader      send_command('disarm') ignored — port not open
2026-07-05 15:36:14,004  WARNING  PortentaReader      send_command('disarm') ignored — port not open
2026-07-05 15:36:14,064  WARNING  PortentaReader      send_command('disarm') ignored — port not open
2026-07-05 15:36:14,141  WARNING  PortentaReader      send_command('disarm') ignored — port not open
2026-07-05 15:36:14,202  WARNING  PortentaReader      send_command('disarm') ignored — port not open
2026-07-05 15:36:14,264  WARNING  PortentaReader      send_command('disarm') ignored — port not open
2026-07-05 15:36:14,326  WARNING  PortentaReader      send_command('disarm') ignored — port not open
2026-07-05 15:36:14,388  WARNING  PortentaReader      send_command('disarm') ignored — port not open
2026-07-05 15:36:14,449  WARNING  PortentaReader      send_command('disarm') ignored — port not open
2026-07-05 15:36:14,511  WARNING  PortentaReader      send_command('disarm') ignored — port not open
2026-07-05 15:36:14,573  WARNING  PortentaReader      send_command('disarm') ignored — port not open
2026-07-05 15:36:14,635  WARNING  PortentaReader      send_command('disarm') ignored — port not open
2026-07-05 15:36:14,697  WARNING  PortentaReader      send_command('disarm') ignored — port not open
2026-07-05 15:36:14,759  WARNING  PortentaReader      send_command('disarm') ignored — port not open
2026-07-05 15:36:14,820  WARNING  PortentaReader      send_command('disarm') ignored — port not open
2026-07-05 15:36:14,882  WARNING  PortentaReader      send_command('disarm') ignored — port not open
2026-07-05 15:36:14,945  WARNING  PortentaReader      send_command('disarm') ignored — port not open
2026-07-05 15:36:15,007  WARNING  PortentaReader      send_command('disarm') ignored — port not open
2026-07-05 15:36:15,069  WARNING  RecordingCore       HEALTH WARNING: LCR silent 57.0s — no new samples (auxiliary; other instruments still recording)
2026-07-05 15:36:15,069  WARNING  PortentaReader      send_command('disarm') ignored — port not open
2026-07-05 15:36:15,131  WARNING  PortentaReader      send_command('disarm') ignored — port not open
2026-07-05 15:36:15,193  WARNING  PortentaReader      send_command('disarm') ignored — port not open
2026-07-05 15:36:15,256  WARNING  PortentaReader      send_command('disarm') ignored — port not open
2026-07-05 15:36:15,318  WARNING  PortentaReader      send_command('disarm') ignored — port not open
2026-07-05 15:36:15,378  WARNING  PortentaReader      send_command('disarm') ignored — port not open
2026-07-05 15:36:15,441  WARNING  PortentaReader      send_command('disarm') ignored — port not open
2026-07-05 15:36:15,503  WARNING  PortentaReader      send_command('disarm') ignored — port not open
2026-07-05 15:36:15,565  WARNING  PortentaReader      send_command('disarm') ignored — port not open
2026-07-05 15:36:15,627  WARNING  PortentaReader      send_command('disarm') ignored — port not open
2026-07-05 15:36:15,689  WARNING  PortentaReader      send_command('disarm') ignored — port not open
2026-07-05 15:36:15,752  WARNING  PortentaReader      send_command('disarm') ignored — port not open
2026-07-05 15:36:15,829  WARNING  PortentaReader      send_command('disarm') ignored — port not open
2026-07-05 15:36:15,876  WARNING  PortentaReader      send_command('disarm') ignored — port not open
2026-07-05 15:36:15,953  WARNING  PortentaReader      send_command('disarm') ignored — port not open
2026-07-05 15:36:16,015  WARNING  PortentaReader      send_command('disarm') ignored — port not open
2026-07-05 15:36:16,077  WARNING  PortentaReader      send_command('disarm') ignored — port not open
2026-07-05 15:36:16,139  WARNING  PortentaReader      send_command('disarm') ignored — port not open
2026-07-05 15:36:16,200  WARNING  PortentaReader      send_command('disarm') ignored — port not open
2026-07-05 15:36:16,262  WARNING  PortentaReader      send_command('disarm') ignored — port not open
2026-07-05 15:36:16,324  WARNING  PortentaReader      send_command('disarm') ignored — port not open
2026-07-05 15:36:16,386  WARNING  PortentaReader      send_command('disarm') ignored — port not open
2026-07-05 15:36:16,449  WARNING  PortentaReader      send_command('disarm') ignored — port not open
2026-07-05 15:36:16,511  WARNING  PortentaReader      send_command('disarm') ignored — port not open
2026-07-05 15:36:16,572  WARNING  PortentaReader      send_command('disarm') ignored — port not open
2026-07-05 15:36:16,634  WARNING  PortentaReader      send_command('disarm') ignored — port not open
2026-07-05 15:36:16,696  WARNING  PortentaReader      send_command('disarm') ignored — port not open
2026-07-05 15:36:16,757  WARNING  PortentaReader      send_command('disarm') ignored — port not open
2026-07-05 15:36:16,818  WARNING  PortentaReader      send_command('disarm') ignored — port not open
2026-07-05 15:36:16,881  WARNING  PortentaReader      send_command('disarm') ignored — port not open
2026-07-05 15:36:16,943  WARNING  PortentaReader      send_command('disarm') ignored — port not open
2026-07-05 15:36:17,005  WARNING  PortentaReader      send_command('disarm') ignored — port not open
2026-07-05 15:36:17,067  WARNING  RecordingCore       HEALTH WARNING: LCR silent 59.0s — no new samples (auxiliary; other instruments still recording)
2026-07-05 15:36:17,068  WARNING  PortentaReader      send_command('disarm') ignored — port not open
2026-07-05 15:36:17,129  WARNING  PortentaReader      send_command('disarm') ignored — port not open
2026-07-05 15:36:17,191  WARNING  PortentaReader      send_command('disarm') ignored — port not open
2026-07-05 15:36:17,252  WARNING  PortentaReader      send_command('disarm') ignored — port not open
2026-07-05 15:36:17,329  WARNING  PortentaReader      send_command('disarm') ignored — port not open
2026-07-05 15:36:17,391  WARNING  PortentaReader      send_command('disarm') ignored — port not open
2026-07-05 15:36:17,453  WARNING  PortentaReader      send_command('disarm') ignored — port not open
2026-07-05 15:36:17,515  WARNING  PortentaReader      send_command('disarm') ignored — port not open
2026-07-05 15:36:17,577  WARNING  PortentaReader      send_command('disarm') ignored — port not open
2026-07-05 15:36:17,638  WARNING  PortentaReader      send_command('disarm') ignored — port not open
2026-07-05 15:36:17,700  WARNING  PortentaReader      send_command('disarm') ignored — port not open
2026-07-05 15:36:17,764  WARNING  PortentaReader      send_command('disarm') ignored — port not open
2026-07-05 15:36:17,824  WARNING  PortentaReader      send_command('disarm') ignored — port not open
2026-07-05 15:36:17,886  WARNING  PortentaReader      send_command('disarm') ignored — port not open
2026-07-05 15:36:17,948  WARNING  PortentaReader      send_command('disarm') ignored — port not open
2026-07-05 15:36:18,010  WARNING  PortentaReader      send_command('disarm') ignored — port not open
2026-07-05 15:36:18,071  WARNING  PortentaReader      send_command('disarm') ignored — port not open
2026-07-05 15:36:18,134  WARNING  PortentaReader      send_command('disarm') ignored — port not open
2026-07-05 15:36:18,195  WARNING  PortentaReader      send_command('disarm') ignored — port not open
2026-07-05 15:36:18,257  WARNING  PortentaReader      send_command('disarm') ignored — port not open
2026-07-05 15:36:18,319  WARNING  PortentaReader      send_command('disarm') ignored — port not open
2026-07-05 15:36:18,382  WARNING  PortentaReader      send_command('disarm') ignored — port not open
2026-07-05 15:36:18,442  WARNING  PortentaReader      send_command('disarm') ignored — port not open
2026-07-05 15:36:18,506  WARNING  PortentaReader      send_command('disarm') ignored — port not open
2026-07-05 15:36:18,567  WARNING  PortentaReader      send_command('disarm') ignored — port not open
2026-07-05 15:36:18,630  WARNING  PortentaReader      send_command('disarm') ignored — port not open
2026-07-05 15:36:18,692  WARNING  PortentaReader      send_command('disarm') ignored — port not open
2026-07-05 15:36:18,754  WARNING  PortentaReader      send_command('disarm') ignored — port not open
2026-07-05 15:36:18,816  WARNING  PortentaReader      send_command('disarm') ignored — port not open
2026-07-05 15:36:18,877  WARNING  PortentaReader      send_command('disarm') ignored — port not open
2026-07-05 15:36:18,954  WARNING  PortentaReader      send_command('disarm') ignored — port not open
2026-07-05 15:36:19,015  WARNING  PortentaReader      send_command('disarm') ignored — port not open
2026-07-05 15:36:19,077  WARNING  RecordingCore       HEALTH WARNING: LCR silent 61.0s — no new samples (auxiliary; other instruments still recording)
2026-07-05 15:36:19,077  WARNING  PortentaReader      send_command('disarm') ignored — port not open
2026-07-05 15:36:19,138  WARNING  PortentaReader      send_command('disarm') ignored — port not open
2026-07-05 15:36:19,200  WARNING  PortentaReader      send_command('disarm') ignored — port not open
2026-07-05 15:36:19,261  WARNING  PortentaReader      send_command('disarm') ignored — port not open
2026-07-05 15:36:19,323  WARNING  PortentaReader      send_command('disarm') ignored — port not open
2026-07-05 15:36:19,385  WARNING  PortentaReader      send_command('disarm') ignored — port not open
2026-07-05 15:36:19,447  WARNING  PortentaReader      send_command('disarm') ignored — port not open
2026-07-05 15:36:19,509  WARNING  PortentaReader      send_command('disarm') ignored — port not open
2026-07-05 15:36:19,570  WARNING  PortentaReader      send_command('disarm') ignored — port not open
2026-07-05 15:36:19,631  WARNING  PortentaReader      send_command('disarm') ignored — port not open
2026-07-05 15:36:19,694  WARNING  PortentaReader      send_command('disarm') ignored — port not open
2026-07-05 15:36:19,756  WARNING  PortentaReader      send_command('disarm') ignored — port not open
2026-07-05 15:36:19,818  WARNING  PortentaReader      send_command('disarm') ignored — port not open
2026-07-05 15:36:19,880  WARNING  PortentaReader      send_command('disarm') ignored — port not open
2026-07-05 15:36:19,942  WARNING  PortentaReader      send_command('disarm') ignored — port not open
2026-07-05 15:36:20,003  WARNING  PortentaReader      send_command('disarm') ignored — port not open
2026-07-05 15:36:20,065  WARNING  PortentaReader      send_command('disarm') ignored — port not open
2026-07-05 15:36:20,127  WARNING  PortentaReader      send_command('disarm') ignored — port not open
2026-07-05 15:36:20,204  WARNING  PortentaReader      send_command('disarm') ignored — port not open
2026-07-05 15:36:20,266  WARNING  PortentaReader      send_command('disarm') ignored — port not open
2026-07-05 15:36:20,327  WARNING  PortentaReader      send_command('disarm') ignored — port not open
2026-07-05 15:36:20,389  WARNING  PortentaReader      send_command('disarm') ignored — port not open
2026-07-05 15:36:20,450  WARNING  PortentaReader      send_command('disarm') ignored — port not open
2026-07-05 15:36:20,512  WARNING  PortentaReader      send_command('disarm') ignored — port not open
2026-07-05 15:36:20,574  WARNING  PortentaReader      send_command('disarm') ignored — port not open
2026-07-05 15:36:20,637  WARNING  PortentaReader      send_command('disarm') ignored — port not open
2026-07-05 15:36:20,698  WARNING  PortentaReader      send_command('disarm') ignored — port not open
2026-07-05 15:36:20,760  WARNING  PortentaReader      send_command('disarm') ignored — port not open
2026-07-05 15:36:20,822  WARNING  PortentaReader      send_command('disarm') ignored — port not open
2026-07-05 15:36:20,884  WARNING  PortentaReader      send_command('disarm') ignored — port not open
2026-07-05 15:36:20,946  WARNING  PortentaReader      send_command('disarm') ignored — port not open
2026-07-05 15:36:21,009  WARNING  PortentaReader      send_command('disarm') ignored — port not open
2026-07-05 15:36:21,071  WARNING  RecordingCore       HEALTH WARNING: LCR silent 63.0s — no new samples (auxiliary; other instruments still recording)
2026-07-05 15:36:21,071  WARNING  PortentaReader      send_command('disarm') ignored — port not open
2026-07-05 15:36:21,133  WARNING  PortentaReader      send_command('disarm') ignored — port not open
2026-07-05 15:36:21,194  WARNING  PortentaReader      send_command('disarm') ignored — port not open
2026-07-05 15:36:21,256  WARNING  PortentaReader      send_command('disarm') ignored — port not open
2026-07-05 15:36:21,317  WARNING  PortentaReader      send_command('disarm') ignored — port not open
2026-07-05 15:36:21,379  WARNING  PortentaReader      send_command('disarm') ignored — port not open
2026-07-05 15:36:21,441  WARNING  PortentaReader      send_command('disarm') ignored — port not open
2026-07-05 15:36:21,503  WARNING  PortentaReader      send_command('disarm') ignored — port not open
2026-07-05 15:36:21,565  WARNING  PortentaReader      send_command('disarm') ignored — port not open
2026-07-05 15:36:21,627  WARNING  PortentaReader      send_command('disarm') ignored — port not open
2026-07-05 15:36:21,689  WARNING  PortentaReader      send_command('disarm') ignored — port not open
2026-07-05 15:36:21,756  WARNING  PortentaReader      send_command('disarm') ignored — port not open
2026-07-05 15:36:21,828  WARNING  PortentaReader      send_command('disarm') ignored — port not open
2026-07-05 15:36:21,890  WARNING  PortentaReader      send_command('disarm') ignored — port not open
2026-07-05 15:36:21,952  WARNING  PortentaReader      send_command('disarm') ignored — port not open
2026-07-05 15:36:22,014  WARNING  PortentaReader      send_command('disarm') ignored — port not open
2026-07-05 15:36:22,076  WARNING  PortentaReader      send_command('disarm') ignored — port not open
2026-07-05 15:36:22,138  WARNING  PortentaReader      send_command('disarm') ignored — port not open
2026-07-05 15:36:22,199  WARNING  PortentaReader      send_command('disarm') ignored — port not open
2026-07-05 15:36:22,260  WARNING  PortentaReader      send_command('disarm') ignored — port not open
2026-07-05 15:36:22,324  WARNING  PortentaReader      send_command('disarm') ignored — port not open
2026-07-05 15:36:22,386  WARNING  PortentaReader      send_command('disarm') ignored — port not open
2026-07-05 15:36:22,448  WARNING  PortentaReader      send_command('disarm') ignored — port not open
2026-07-05 15:36:22,510  WARNING  PortentaReader      send_command('disarm') ignored — port not open
2026-07-05 15:36:22,572  WARNING  PortentaReader      send_command('disarm') ignored — port not open
2026-07-05 15:36:22,634  WARNING  PortentaReader      send_command('disarm') ignored — port not open
2026-07-05 15:36:22,696  WARNING  PortentaReader      send_command('disarm') ignored — port not open
2026-07-05 15:36:22,758  WARNING  PortentaReader      send_command('disarm') ignored — port not open
2026-07-05 15:36:22,817  WARNING  PortentaReader      send_command('disarm') ignored — port not open
2026-07-05 15:36:22,879  WARNING  PortentaReader      send_command('disarm') ignored — port not open
2026-07-05 15:36:22,941  WARNING  PortentaReader      send_command('disarm') ignored — port not open
2026-07-05 15:36:23,002  WARNING  PortentaReader      send_command('disarm') ignored — port not open
2026-07-05 15:36:23,063  WARNING  RecordingCore       HEALTH WARNING: LCR silent 65.0s — no new samples (auxiliary; other instruments still recording)
2026-07-05 15:36:23,065  WARNING  PortentaReader      send_command('disarm') ignored — port not open
2026-07-05 15:36:23,126  WARNING  PortentaReader      send_command('disarm') ignored — port not open
2026-07-05 15:36:23,204  WARNING  PortentaReader      send_command('disarm') ignored — port not open
2026-07-05 15:36:23,265  WARNING  PortentaReader      send_command('disarm') ignored — port not open
2026-07-05 15:36:23,327  WARNING  PortentaReader      send_command('disarm') ignored — port not open
2026-07-05 15:36:23,388  WARNING  PortentaReader      send_command('disarm') ignored — port not open
2026-07-05 15:36:23,449  WARNING  PortentaReader      send_command('disarm') ignored — port not open
2026-07-05 15:36:23,511  WARNING  PortentaReader      send_command('disarm') ignored — port not open
2026-07-05 15:36:23,573  WARNING  PortentaReader      send_command('disarm') ignored — port not open
2026-07-05 15:36:23,636  WARNING  PortentaReader      send_command('disarm') ignored — port not open
2026-07-05 15:36:23,697  WARNING  PortentaReader      send_command('disarm') ignored — port not open
2026-07-05 15:36:23,759  WARNING  PortentaReader      send_command('disarm') ignored — port not open
2026-07-05 15:36:23,821  WARNING  PortentaReader      send_command('disarm') ignored — port not open
2026-07-05 15:36:23,883  WARNING  PortentaReader      send_command('disarm') ignored — port not open
2026-07-05 15:36:23,945  WARNING  PortentaReader      send_command('disarm') ignored — port not open
2026-07-05 15:36:24,006  WARNING  PortentaReader      send_command('disarm') ignored — port not open
2026-07-05 15:36:24,069  WARNING  PortentaReader      send_command('disarm') ignored — port not open
2026-07-05 15:36:24,130  WARNING  PortentaReader      send_command('disarm') ignored — port not open
2026-07-05 15:36:24,192  WARNING  PortentaReader      send_command('disarm') ignored — port not open
2026-07-05 15:36:24,254  WARNING  PortentaReader      send_command('disarm') ignored — port not open
2026-07-05 15:36:24,316  WARNING  PortentaReader      send_command('disarm') ignored — port not open
2026-07-05 15:36:24,378  WARNING  PortentaReader      send_command('disarm') ignored — port not open
2026-07-05 15:36:24,439  WARNING  PortentaReader      send_command('disarm') ignored — port not open
2026-07-05 15:36:24,517  WARNING  PortentaReader      send_command('disarm') ignored — port not open
2026-07-05 15:36:24,578  WARNING  PortentaReader      send_command('disarm') ignored — port not open
2026-07-05 15:36:24,641  WARNING  PortentaReader      send_command('disarm') ignored — port not open
2026-07-05 15:36:24,703  WARNING  PortentaReader      send_command('disarm') ignored — port not open
2026-07-05 15:36:24,766  WARNING  PortentaReader      send_command('disarm') ignored — port not open
2026-07-05 15:36:24,828  WARNING  PortentaReader      send_command('disarm') ignored — port not open
2026-07-05 15:36:24,890  WARNING  PortentaReader      send_command('disarm') ignored — port not open
2026-07-05 15:36:24,951  WARNING  PortentaReader      send_command('disarm') ignored — port not open
2026-07-05 15:36:25,013  WARNING  PortentaReader      send_command('disarm') ignored — port not open
2026-07-05 15:36:25,075  WARNING  RecordingCore       HEALTH WARNING: LCR silent 67.0s — no new samples (auxiliary; other instruments still recording)
2026-07-05 15:36:25,075  WARNING  PortentaReader      send_command('disarm') ignored — port not open
2026-07-05 15:36:25,137  WARNING  PortentaReader      send_command('disarm') ignored — port not open
2026-07-05 15:36:25,200  WARNING  PortentaReader      send_command('disarm') ignored — port not open
2026-07-05 15:36:25,261  WARNING  PortentaReader      send_command('disarm') ignored — port not open
2026-07-05 15:36:25,324  WARNING  PortentaReader      send_command('disarm') ignored — port not open
2026-07-05 15:36:25,385  WARNING  PortentaReader      send_command('disarm') ignored — port not open
2026-07-05 15:36:25,447  WARNING  PortentaReader      send_command('disarm') ignored — port not open
2026-07-05 15:36:25,508  WARNING  PortentaReader      send_command('disarm') ignored — port not open
2026-07-05 15:36:25,570  WARNING  PortentaReader      send_command('disarm') ignored — port not open
2026-07-05 15:36:25,632  WARNING  PortentaReader      send_command('disarm') ignored — port not open
2026-07-05 15:36:25,693  WARNING  PortentaReader      send_command('disarm') ignored — port not open
2026-07-05 15:36:25,756  WARNING  PortentaReader      send_command('disarm') ignored — port not open
2026-07-05 15:36:25,818  WARNING  PortentaReader      send_command('disarm') ignored — port not open
2026-07-05 15:36:25,880  WARNING  PortentaReader      send_command('disarm') ignored — port not open
2026-07-05 15:36:25,942  WARNING  PortentaReader      send_command('disarm') ignored — port not open
2026-07-05 15:36:26,004  WARNING  PortentaReader      send_command('disarm') ignored — port not open
2026-07-05 15:36:26,067  WARNING  PortentaReader      send_command('disarm') ignored — port not open
2026-07-05 15:36:26,128  WARNING  PortentaReader      send_command('disarm') ignored — port not open
2026-07-05 15:36:26,191  WARNING  PortentaReader      send_command('disarm') ignored — port not open
2026-07-05 15:36:26,266  WARNING  PortentaReader      send_command('disarm') ignored — port not open
2026-07-05 15:36:26,328  WARNING  PortentaReader      send_command('disarm') ignored — port not open
2026-07-05 15:36:26,390  WARNING  PortentaReader      send_command('disarm') ignored — port not open
2026-07-05 15:36:26,451  WARNING  PortentaReader      send_command('disarm') ignored — port not open
2026-07-05 15:36:26,514  WARNING  PortentaReader      send_command('disarm') ignored — port not open
2026-07-05 15:36:26,575  WARNING  PortentaReader      send_command('disarm') ignored — port not open
2026-07-05 15:36:26,637  WARNING  PortentaReader      send_command('disarm') ignored — port not open
2026-07-05 15:36:26,699  WARNING  PortentaReader      send_command('disarm') ignored — port not open
2026-07-05 15:36:26,760  WARNING  PortentaReader      send_command('disarm') ignored — port not open
2026-07-05 15:36:26,823  WARNING  PortentaReader      send_command('disarm') ignored — port not open
2026-07-05 15:36:26,884  WARNING  PortentaReader      send_command('disarm') ignored — port not open
2026-07-05 15:36:26,946  WARNING  PortentaReader      send_command('disarm') ignored — port not open
2026-07-05 15:36:27,008  WARNING  PortentaReader      send_command('disarm') ignored — port not open
2026-07-05 15:36:27,069  WARNING  RecordingCore       HEALTH WARNING: LCR silent 69.0s — no new samples (auxiliary; other instruments still recording)
2026-07-05 15:36:27,069  WARNING  PortentaReader      send_command('disarm') ignored — port not open
2026-07-05 15:36:27,131  WARNING  PortentaReader      send_command('disarm') ignored — port not open
2026-07-05 15:36:27,193  WARNING  PortentaReader      send_command('disarm') ignored — port not open
2026-07-05 15:36:27,256  WARNING  PortentaReader      send_command('disarm') ignored — port not open
2026-07-05 15:36:27,318  WARNING  PortentaReader      send_command('disarm') ignored — port not open
2026-07-05 15:36:27,379  WARNING  PortentaReader      send_command('disarm') ignored — port not open
2026-07-05 15:36:27,441  WARNING  PortentaReader      send_command('disarm') ignored — port not open
2026-07-05 15:36:27,504  WARNING  PortentaReader      send_command('disarm') ignored — port not open
2026-07-05 15:36:27,566  WARNING  PortentaReader      send_command('disarm') ignored — port not open
2026-07-05 15:36:27,627  WARNING  PortentaReader      send_command('disarm') ignored — port not open
2026-07-05 15:36:27,689  WARNING  PortentaReader      send_command('disarm') ignored — port not open
2026-07-05 15:36:27,752  WARNING  PortentaReader      send_command('disarm') ignored — port not open
2026-07-05 15:36:27,814  WARNING  PortentaReader      send_command('disarm') ignored — port not open
2026-07-05 15:36:27,876  WARNING  PortentaReader      send_command('disarm') ignored — port not open
2026-07-05 15:36:27,952  WARNING  PortentaReader      send_command('disarm') ignored — port not open
2026-07-05 15:36:28,014  WARNING  PortentaReader      send_command('disarm') ignored — port not open
2026-07-05 15:36:28,075  WARNING  PortentaReader      send_command('disarm') ignored — port not open
2026-07-05 15:36:28,136  WARNING  PortentaReader      send_command('disarm') ignored — port not open
2026-07-05 15:36:28,200  WARNING  PortentaReader      send_command('disarm') ignored — port not open
2026-07-05 15:36:28,261  WARNING  PortentaReader      send_command('disarm') ignored — port not open
2026-07-05 15:36:28,323  WARNING  PortentaReader      send_command('disarm') ignored — port not open
2026-07-05 15:36:28,385  WARNING  PortentaReader      send_command('disarm') ignored — port not open
2026-07-05 15:36:28,446  WARNING  PortentaReader      send_command('disarm') ignored — port not open
2026-07-05 15:36:28,509  WARNING  PortentaReader      send_command('disarm') ignored — port not open
2026-07-05 15:36:28,571  WARNING  PortentaReader      send_command('disarm') ignored — port not open
2026-07-05 15:36:28,633  WARNING  PortentaReader      send_command('disarm') ignored — port not open
2026-07-05 15:36:28,694  WARNING  PortentaReader      send_command('disarm') ignored — port not open
2026-07-05 15:36:28,757  WARNING  PortentaReader      send_command('disarm') ignored — port not open
2026-07-05 15:36:28,819  WARNING  PortentaReader      send_command('disarm') ignored — port not open
2026-07-05 15:36:28,883  WARNING  PortentaReader      send_command('disarm') ignored — port not open
2026-07-05 15:36:28,945  WARNING  PortentaReader      send_command('disarm') ignored — port not open
2026-07-05 15:36:29,008  WARNING  PortentaReader      send_command('disarm') ignored — port not open
2026-07-05 15:36:29,069  WARNING  RecordingCore       HEALTH WARNING: LCR silent 71.0s — no new samples (auxiliary; other instruments still recording)
2026-07-05 15:36:29,069  WARNING  PortentaReader      send_command('disarm') ignored — port not open
2026-07-05 15:36:29,130  WARNING  PortentaReader      send_command('disarm') ignored — port not open
2026-07-05 15:36:29,192  WARNING  PortentaReader      send_command('disarm') ignored — port not open
2026-07-05 15:36:29,253  WARNING  PortentaReader      send_command('disarm') ignored — port not open
2026-07-05 15:36:29,316  WARNING  PortentaReader      send_command('disarm') ignored — port not open
2026-07-05 15:36:29,378  WARNING  PortentaReader      send_command('disarm') ignored — port not open
2026-07-05 15:36:29,439  WARNING  PortentaReader      send_command('disarm') ignored — port not open
2026-07-05 15:36:29,502  WARNING  PortentaReader      send_command('disarm') ignored — port not open
2026-07-05 15:36:29,578  WARNING  PortentaReader      send_command('disarm') ignored — port not open
2026-07-05 15:36:29,640  WARNING  PortentaReader      send_command('disarm') ignored — port not open
2026-07-05 15:36:29,702  WARNING  PortentaReader      send_command('disarm') ignored — port not open
2026-07-05 15:36:29,765  WARNING  PortentaReader      send_command('disarm') ignored — port not open
2026-07-05 15:36:29,826  WARNING  PortentaReader      send_command('disarm') ignored — port not open
2026-07-05 15:36:29,889  WARNING  PortentaReader      send_command('disarm') ignored — port not open
2026-07-05 15:36:29,951  WARNING  PortentaReader      send_command('disarm') ignored — port not open
2026-07-05 15:36:30,012  WARNING  PortentaReader      send_command('disarm') ignored — port not open
2026-07-05 15:36:30,075  WARNING  PortentaReader      send_command('disarm') ignored — port not open
2026-07-05 15:36:30,137  WARNING  PortentaReader      send_command('disarm') ignored — port not open
2026-07-05 15:36:30,199  WARNING  PortentaReader      send_command('disarm') ignored — port not open
2026-07-05 15:36:30,261  WARNING  PortentaReader      send_command('disarm') ignored — port not open
2026-07-05 15:36:30,323  WARNING  PortentaReader      send_command('disarm') ignored — port not open
2026-07-05 15:36:30,387  WARNING  PortentaReader      send_command('disarm') ignored — port not open
2026-07-05 15:36:30,449  WARNING  PortentaReader      send_command('disarm') ignored — port not open
2026-07-05 15:36:30,510  WARNING  PortentaReader      send_command('disarm') ignored — port not open
2026-07-05 15:36:30,572  WARNING  PortentaReader      send_command('disarm') ignored — port not open
2026-07-05 15:36:30,635  WARNING  PortentaReader      send_command('disarm') ignored — port not open
2026-07-05 15:36:30,697  WARNING  PortentaReader      send_command('disarm') ignored — port not open
2026-07-05 15:36:30,759  WARNING  PortentaReader      send_command('disarm') ignored — port not open
2026-07-05 15:36:30,820  WARNING  PortentaReader      send_command('disarm') ignored — port not open
2026-07-05 15:36:30,882  WARNING  PortentaReader      send_command('disarm') ignored — port not open
2026-07-05 15:36:30,944  WARNING  PortentaReader      send_command('disarm') ignored — port not open
2026-07-05 15:36:31,005  WARNING  PortentaReader      send_command('disarm') ignored — port not open
2026-07-05 15:36:31,067  WARNING  RecordingCore       HEALTH WARNING: LCR silent 73.0s — no new samples (auxiliary; other instruments still recording)
2026-07-05 15:36:31,068  WARNING  PortentaReader      send_command('disarm') ignored — port not open
2026-07-05 15:36:31,129  WARNING  PortentaReader      send_command('disarm') ignored — port not open
2026-07-05 15:36:31,190  WARNING  PortentaReader      send_command('disarm') ignored — port not open
2026-07-05 15:36:31,253  WARNING  PortentaReader      send_command('disarm') ignored — port not open
2026-07-05 15:36:31,314  WARNING  PortentaReader      send_command('disarm') ignored — port not open
2026-07-05 15:36:31,376  WARNING  PortentaReader      send_command('disarm') ignored — port not open
2026-07-05 15:36:31,453  WARNING  PortentaReader      send_command('disarm') ignored — port not open
2026-07-05 15:36:31,515  WARNING  PortentaReader      send_command('disarm') ignored — port not open
2026-07-05 15:36:31,577  WARNING  PortentaReader      send_command('disarm') ignored — port not open
2026-07-05 15:36:31,639  WARNING  PortentaReader      send_command('disarm') ignored — port not open
2026-07-05 15:36:31,700  WARNING  PortentaReader      send_command('disarm') ignored — port not open
2026-07-05 15:36:31,763  WARNING  PortentaReader      send_command('disarm') ignored — port not open
2026-07-05 15:36:31,824  WARNING  PortentaReader      send_command('disarm') ignored — port not open
2026-07-05 15:36:31,887  WARNING  PortentaReader      send_command('disarm') ignored — port not open
2026-07-05 15:36:31,949  WARNING  PortentaReader      send_command('disarm') ignored — port not open
2026-07-05 15:36:32,012  WARNING  PortentaReader      send_command('disarm') ignored — port not open
2026-07-05 15:36:32,074  WARNING  PortentaReader      send_command('disarm') ignored — port not open
2026-07-05 15:36:32,136  WARNING  PortentaReader      send_command('disarm') ignored — port not open
2026-07-05 15:36:32,198  WARNING  PortentaReader      send_command('disarm') ignored — port not open
2026-07-05 15:36:32,258  WARNING  PortentaReader      send_command('disarm') ignored — port not open
2026-07-05 15:36:32,321  WARNING  PortentaReader      send_command('disarm') ignored — port not open
2026-07-05 15:36:32,383  WARNING  PortentaReader      send_command('disarm') ignored — port not open
2026-07-05 15:36:32,445  WARNING  PortentaReader      send_command('disarm') ignored — port not open
2026-07-05 15:36:32,507  WARNING  PortentaReader      send_command('disarm') ignored — port not open
2026-07-05 15:36:32,569  WARNING  PortentaReader      send_command('disarm') ignored — port not open
2026-07-05 15:36:32,631  WARNING  PortentaReader      send_command('disarm') ignored — port not open
2026-07-05 15:36:32,693  WARNING  PortentaReader      send_command('disarm') ignored — port not open
2026-07-05 15:36:32,755  WARNING  PortentaReader      send_command('disarm') ignored — port not open
2026-07-05 15:36:32,817  WARNING  PortentaReader      send_command('disarm') ignored — port not open
2026-07-05 15:36:32,879  WARNING  PortentaReader      send_command('disarm') ignored — port not open
2026-07-05 15:36:32,940  WARNING  PortentaReader      send_command('disarm') ignored — port not open
2026-07-05 15:36:33,003  WARNING  PortentaReader      send_command('disarm') ignored — port not open
2026-07-05 15:36:33,065  WARNING  RecordingCore       HEALTH WARNING: LCR silent 75.0s — no new samples (auxiliary; other instruments still recording)
2026-07-05 15:36:33,065  WARNING  PortentaReader      send_command('disarm') ignored — port not open
2026-07-05 15:36:33,127  WARNING  PortentaReader      send_command('disarm') ignored — port not open
2026-07-05 15:36:33,203  WARNING  PortentaReader      send_command('disarm') ignored — port not open
2026-07-05 15:36:33,265  WARNING  PortentaReader      send_command('disarm') ignored — port not open
2026-07-05 15:36:33,327  WARNING  PortentaReader      send_command('disarm') ignored — port not open
2026-07-05 15:36:33,388  WARNING  PortentaReader      send_command('disarm') ignored — port not open
2026-07-05 15:36:33,450  WARNING  PortentaReader      send_command('disarm') ignored — port not open
2026-07-05 15:36:33,512  WARNING  PortentaReader      send_command('disarm') ignored — port not open
2026-07-05 15:36:33,575  WARNING  PortentaReader      send_command('disarm') ignored — port not open
2026-07-05 15:36:33,636  WARNING  PortentaReader      send_command('disarm') ignored — port not open
2026-07-05 15:36:33,699  WARNING  PortentaReader      send_command('disarm') ignored — port not open
2026-07-05 15:36:33,760  WARNING  PortentaReader      send_command('disarm') ignored — port not open
2026-07-05 15:36:33,822  WARNING  PortentaReader      send_command('disarm') ignored — port not open
2026-07-05 15:36:33,883  WARNING  PortentaReader      send_command('disarm') ignored — port not open
2026-07-05 15:36:33,946  WARNING  PortentaReader      send_command('disarm') ignored — port not open
2026-07-05 15:36:34,008  WARNING  PortentaReader      send_command('disarm') ignored — port not open
2026-07-05 15:36:34,070  WARNING  PortentaReader      send_command('disarm') ignored — port not open
2026-07-05 15:36:34,132  WARNING  PortentaReader      send_command('disarm') ignored — port not open
2026-07-05 15:36:34,196  WARNING  PortentaReader      send_command('disarm') ignored — port not open
2026-07-05 15:36:34,255  WARNING  PortentaReader      send_command('disarm') ignored — port not open
2026-07-05 15:36:34,318  WARNING  PortentaReader      send_command('disarm') ignored — port not open
2026-07-05 15:36:34,379  WARNING  PortentaReader      send_command('disarm') ignored — port not open
2026-07-05 15:36:34,441  WARNING  PortentaReader      send_command('disarm') ignored — port not open
2026-07-05 15:36:34,503  WARNING  PortentaReader      send_command('disarm') ignored — port not open
2026-07-05 15:36:34,565  WARNING  PortentaReader      send_command('disarm') ignored — port not open
2026-07-05 15:36:34,627  WARNING  PortentaReader      send_command('disarm') ignored — port not open
2026-07-05 15:36:34,689  WARNING  PortentaReader      send_command('disarm') ignored — port not open
2026-07-05 15:36:34,752  WARNING  PortentaReader      send_command('disarm') ignored — port not open
2026-07-05 15:36:34,814  WARNING  PortentaReader      send_command('disarm') ignored — port not open
2026-07-05 15:36:34,876  WARNING  PortentaReader      send_command('disarm') ignored — port not open
2026-07-05 15:36:34,954  WARNING  PortentaReader      send_command('disarm') ignored — port not open
2026-07-05 15:36:35,002  WARNING  PortentaReader      send_command('disarm') ignored — port not open
2026-07-05 15:36:35,079  WARNING  RecordingCore       HEALTH WARNING: LCR silent 77.0s — no new samples (auxiliary; other instruments still recording)
2026-07-05 15:36:35,079  WARNING  PortentaReader      send_command('disarm') ignored — port not open
2026-07-05 15:36:35,140  WARNING  PortentaReader      send_command('disarm') ignored — port not open
2026-07-05 15:36:35,202  WARNING  PortentaReader      send_command('disarm') ignored — port not open
2026-07-05 15:36:35,265  WARNING  PortentaReader      send_command('disarm') ignored — port not open
2026-07-05 15:36:35,325  WARNING  PortentaReader      send_command('disarm') ignored — port not open
2026-07-05 15:36:35,387  WARNING  PortentaReader      send_command('disarm') ignored — port not open
2026-07-05 15:36:35,449  WARNING  PortentaReader      send_command('disarm') ignored — port not open
2026-07-05 15:36:35,510  WARNING  PortentaReader      send_command('disarm') ignored — port not open
2026-07-05 15:36:35,571  WARNING  PortentaReader      send_command('disarm') ignored — port not open
2026-07-05 15:36:35,634  WARNING  PortentaReader      send_command('disarm') ignored — port not open
2026-07-05 15:36:35,695  WARNING  PortentaReader      send_command('disarm') ignored — port not open
2026-07-05 15:36:35,757  WARNING  PortentaReader      send_command('disarm') ignored — port not open
2026-07-05 15:36:35,819  WARNING  PortentaReader      send_command('disarm') ignored — port not open
2026-07-05 15:36:35,881  WARNING  PortentaReader      send_command('disarm') ignored — port not open
2026-07-05 15:36:35,943  WARNING  PortentaReader      send_command('disarm') ignored — port not open
2026-07-05 15:36:36,005  WARNING  PortentaReader      send_command('disarm') ignored — port not open
2026-07-05 15:36:36,067  WARNING  PortentaReader      send_command('disarm') ignored — port not open
2026-07-05 15:36:36,129  WARNING  PortentaReader      send_command('disarm') ignored — port not open
2026-07-05 15:36:36,192  WARNING  PortentaReader      send_command('disarm') ignored — port not open
2026-07-05 15:36:36,254  WARNING  PortentaReader      send_command('disarm') ignored — port not open
2026-07-05 15:36:36,315  WARNING  PortentaReader      send_command('disarm') ignored — port not open
2026-07-05 15:36:36,391  WARNING  PortentaReader      send_command('disarm') ignored — port not open
2026-07-05 15:36:36,453  WARNING  PortentaReader      send_command('disarm') ignored — port not open
2026-07-05 15:36:36,515  WARNING  PortentaReader      send_command('disarm') ignored — port not open
2026-07-05 15:36:36,577  WARNING  PortentaReader      send_command('disarm') ignored — port not open
2026-07-05 15:36:36,640  WARNING  PortentaReader      send_command('disarm') ignored — port not open
2026-07-05 15:36:36,701  WARNING  PortentaReader      send_command('disarm') ignored — port not open
2026-07-05 15:36:36,764  WARNING  PortentaReader      send_command('disarm') ignored — port not open
2026-07-05 15:36:36,825  WARNING  PortentaReader      send_command('disarm') ignored — port not open
2026-07-05 15:36:36,887  WARNING  PortentaReader      send_command('disarm') ignored — port not open
2026-07-05 15:36:36,949  WARNING  PortentaReader      send_command('disarm') ignored — port not open
2026-07-05 15:36:37,010  WARNING  PortentaReader      send_command('disarm') ignored — port not open
2026-07-05 15:36:37,073  WARNING  PortentaReader      send_command('disarm') ignored — port not open
2026-07-05 15:36:37,135  WARNING  RecordingCore       HEALTH WARNING: LCR silent 79.1s — no new samples (auxiliary; other instruments still recording)
2026-07-05 15:36:37,136  WARNING  PortentaReader      send_command('disarm') ignored — port not open
2026-07-05 15:36:37,198  WARNING  PortentaReader      send_command('disarm') ignored — port not open
2026-07-05 15:36:37,259  WARNING  PortentaReader      send_command('disarm') ignored — port not open
2026-07-05 15:36:37,320  WARNING  PortentaReader      send_command('disarm') ignored — port not open
2026-07-05 15:36:37,381  WARNING  PortentaReader      send_command('disarm') ignored — port not open
2026-07-05 15:36:37,443  WARNING  PortentaReader      send_command('disarm') ignored — port not open
2026-07-05 15:36:37,505  WARNING  PortentaReader      send_command('disarm') ignored — port not open
2026-07-05 15:36:37,566  WARNING  PortentaReader      send_command('disarm') ignored — port not open
2026-07-05 15:36:37,629  WARNING  PortentaReader      send_command('disarm') ignored — port not open
2026-07-05 15:36:37,690  WARNING  PortentaReader      send_command('disarm') ignored — port not open
2026-07-05 15:36:37,753  WARNING  PortentaReader      send_command('disarm') ignored — port not open
2026-07-05 15:36:37,814  WARNING  PortentaReader      send_command('disarm') ignored — port not open
2026-07-05 15:36:37,876  WARNING  PortentaReader      send_command('disarm') ignored — port not open
2026-07-05 15:36:37,939  WARNING  PortentaReader      send_command('disarm') ignored — port not open
2026-07-05 15:36:38,016  WARNING  PortentaReader      send_command('disarm') ignored — port not open
2026-07-05 15:36:38,077  WARNING  PortentaReader      send_command('disarm') ignored — port not open
2026-07-05 15:36:38,139  WARNING  PortentaReader      send_command('disarm') ignored — port not open
2026-07-05 15:36:38,201  WARNING  PortentaReader      send_command('disarm') ignored — port not open
2026-07-05 15:36:38,263  WARNING  PortentaReader      send_command('disarm') ignored — port not open
2026-07-05 15:36:38,325  WARNING  PortentaReader      send_command('disarm') ignored — port not open
2026-07-05 15:36:38,387  WARNING  PortentaReader      send_command('disarm') ignored — port not open
2026-07-05 15:36:38,449  WARNING  PortentaReader      send_command('disarm') ignored — port not open
2026-07-05 15:36:38,511  WARNING  PortentaReader      send_command('disarm') ignored — port not open
2026-07-05 15:36:38,572  WARNING  PortentaReader      send_command('disarm') ignored — port not open
2026-07-05 15:36:38,635  WARNING  PortentaReader      send_command('disarm') ignored — port not open
2026-07-05 15:36:38,697  WARNING  PortentaReader      send_command('disarm') ignored — port not open
2026-07-05 15:36:38,759  WARNING  PortentaReader      send_command('disarm') ignored — port not open
2026-07-05 15:36:38,821  WARNING  PortentaReader      send_command('disarm') ignored — port not open
2026-07-05 15:36:38,884  WARNING  PortentaReader      send_command('disarm') ignored — port not open
2026-07-05 15:36:38,945  WARNING  PortentaReader      send_command('disarm') ignored — port not open
2026-07-05 15:36:39,009  WARNING  PortentaReader      send_command('disarm') ignored — port not open
2026-07-05 15:36:39,070  WARNING  PortentaReader      send_command('disarm') ignored — port not open
2026-07-05 15:36:39,132  WARNING  RecordingCore       HEALTH WARNING: LCR silent 81.1s — no new samples (auxiliary; other instruments still recording)
2026-07-05 15:36:39,133  WARNING  PortentaReader      send_command('disarm') ignored — port not open
2026-07-05 15:36:39,194  WARNING  PortentaReader      send_command('disarm') ignored — port not open
2026-07-05 15:36:39,255  WARNING  PortentaReader      send_command('disarm') ignored — port not open
2026-07-05 15:36:39,317  WARNING  PortentaReader      send_command('disarm') ignored — port not open
2026-07-05 15:36:39,380  WARNING  PortentaReader      send_command('disarm') ignored — port not open
2026-07-05 15:36:39,442  WARNING  PortentaReader      send_command('disarm') ignored — port not open
2026-07-05 15:36:39,505  WARNING  PortentaReader      send_command('disarm') ignored — port not open
2026-07-05 15:36:39,565  WARNING  PortentaReader      send_command('disarm') ignored — port not open
2026-07-05 15:36:39,628  WARNING  PortentaReader      send_command('disarm') ignored — port not open
2026-07-05 15:36:39,690  WARNING  PortentaReader      send_command('disarm') ignored — port not open
2026-07-05 15:36:39,752  WARNING  PortentaReader      send_command('disarm') ignored — port not open
2026-07-05 15:36:39,814  WARNING  PortentaReader      send_command('disarm') ignored — port not open
2026-07-05 15:36:39,891  WARNING  PortentaReader      send_command('disarm') ignored — port not open
2026-07-05 15:36:39,939  WARNING  PortentaReader      send_command('disarm') ignored — port not open
2026-07-05 15:36:40,015  WARNING  PortentaReader      send_command('disarm') ignored — port not open
2026-07-05 15:36:40,078  WARNING  PortentaReader      send_command('disarm') ignored — port not open
2026-07-05 15:36:40,140  WARNING  PortentaReader      send_command('disarm') ignored — port not open
2026-07-05 15:36:40,201  WARNING  PortentaReader      send_command('disarm') ignored — port not open
2026-07-05 15:36:40,262  WARNING  PortentaReader      send_command('disarm') ignored — port not open
2026-07-05 15:36:40,323  WARNING  PortentaReader      send_command('disarm') ignored — port not open
2026-07-05 15:36:40,385  WARNING  PortentaReader      send_command('disarm') ignored — port not open
2026-07-05 15:36:40,446  WARNING  PortentaReader      send_command('disarm') ignored — port not open
2026-07-05 15:36:40,508  WARNING  PortentaReader      send_command('disarm') ignored — port not open
2026-07-05 15:36:40,569  WARNING  PortentaReader      send_command('disarm') ignored — port not open
2026-07-05 15:36:40,630  WARNING  PortentaReader      send_command('disarm') ignored — port not open
2026-07-05 15:36:40,694  WARNING  PortentaReader      send_command('disarm') ignored — port not open
2026-07-05 15:36:40,755  WARNING  PortentaReader      send_command('disarm') ignored — port not open
2026-07-05 15:36:40,816  WARNING  PortentaReader      send_command('disarm') ignored — port not open
2026-07-05 15:36:40,879  WARNING  PortentaReader      send_command('disarm') ignored — port not open
2026-07-05 15:36:40,940  WARNING  PortentaReader      send_command('disarm') ignored — port not open
2026-07-05 15:36:41,001  WARNING  PortentaReader      send_command('disarm') ignored — port not open
2026-07-05 15:36:41,064  WARNING  PortentaReader      send_command('disarm') ignored — port not open
2026-07-05 15:36:41,127  WARNING  RecordingCore       HEALTH WARNING: LCR silent 83.1s — no new samples (auxiliary; other instruments still recording)
2026-07-05 15:36:41,127  WARNING  PortentaReader      send_command('disarm') ignored — port not open
2026-07-05 15:36:41,190  WARNING  PortentaReader      send_command('disarm') ignored — port not open
2026-07-05 15:36:41,251  WARNING  PortentaReader      send_command('disarm') ignored — port not open
2026-07-05 15:36:41,328  WARNING  PortentaReader      send_command('disarm') ignored — port not open
2026-07-05 15:36:41,391  WARNING  PortentaReader      send_command('disarm') ignored — port not open
2026-07-05 15:36:41,454  WARNING  PortentaReader      send_command('disarm') ignored — port not open
2026-07-05 15:36:41,516  WARNING  PortentaReader      send_command('disarm') ignored — port not open
2026-07-05 15:36:41,578  WARNING  PortentaReader      send_command('disarm') ignored — port not open
2026-07-05 15:36:41,640  WARNING  PortentaReader      send_command('disarm') ignored — port not open
2026-07-05 15:36:41,702  WARNING  PortentaReader      send_command('disarm') ignored — port not open
2026-07-05 15:36:41,764  WARNING  PortentaReader      send_command('disarm') ignored — port not open
2026-07-05 15:36:41,826  WARNING  PortentaReader      send_command('disarm') ignored — port not open
2026-07-05 15:36:41,887  WARNING  PortentaReader      send_command('disarm') ignored — port not open
2026-07-05 15:36:41,949  WARNING  PortentaReader      send_command('disarm') ignored — port not open
2026-07-05 15:36:42,011  WARNING  PortentaReader      send_command('disarm') ignored — port not open
2026-07-05 15:36:42,073  WARNING  PortentaReader      send_command('disarm') ignored — port not open
2026-07-05 15:36:42,135  WARNING  PortentaReader      send_command('disarm') ignored — port not open
2026-07-05 15:36:42,197  WARNING  PortentaReader      send_command('disarm') ignored — port not open
2026-07-05 15:36:42,259  WARNING  PortentaReader      send_command('disarm') ignored — port not open
2026-07-05 15:36:42,321  WARNING  PortentaReader      send_command('disarm') ignored — port not open
2026-07-05 15:36:42,384  WARNING  PortentaReader      send_command('disarm') ignored — port not open
2026-07-05 15:36:42,446  WARNING  PortentaReader      send_command('disarm') ignored — port not open
2026-07-05 15:36:42,508  WARNING  PortentaReader      send_command('disarm') ignored — port not open
2026-07-05 15:36:42,569  WARNING  PortentaReader      send_command('disarm') ignored — port not open
2026-07-05 15:36:42,631  WARNING  PortentaReader      send_command('disarm') ignored — port not open
2026-07-05 15:36:42,693  WARNING  PortentaReader      send_command('disarm') ignored — port not open
2026-07-05 15:36:42,755  WARNING  PortentaReader      send_command('disarm') ignored — port not open
2026-07-05 15:36:42,817  WARNING  PortentaReader      send_command('disarm') ignored — port not open
2026-07-05 15:36:42,878  WARNING  PortentaReader      send_command('disarm') ignored — port not open
2026-07-05 15:36:42,940  WARNING  PortentaReader      send_command('disarm') ignored — port not open
2026-07-05 15:36:43,016  WARNING  PortentaReader      send_command('disarm') ignored — port not open
2026-07-05 15:36:43,078  WARNING  PortentaReader      send_command('disarm') ignored — port not open
2026-07-05 15:36:43,140  WARNING  RecordingCore       HEALTH WARNING: LCR silent 85.1s — no new samples (auxiliary; other instruments still recording)
2026-07-05 15:36:43,141  WARNING  PortentaReader      send_command('disarm') ignored — port not open
2026-07-05 15:36:43,202  WARNING  PortentaReader      send_command('disarm') ignored — port not open
2026-07-05 15:36:43,264  WARNING  PortentaReader      send_command('disarm') ignored — port not open
2026-07-05 15:36:43,326  WARNING  PortentaReader      send_command('disarm') ignored — port not open
2026-07-05 15:36:43,388  WARNING  PortentaReader      send_command('disarm') ignored — port not open
2026-07-05 15:36:43,450  WARNING  PortentaReader      send_command('disarm') ignored — port not open
2026-07-05 15:36:43,512  WARNING  PortentaReader      send_command('disarm') ignored — port not open
2026-07-05 15:36:43,573  WARNING  PortentaReader      send_command('disarm') ignored — port not open
2026-07-05 15:36:43,635  WARNING  PortentaReader      send_command('disarm') ignored — port not open
2026-07-05 15:36:43,696  WARNING  PortentaReader      send_command('disarm') ignored — port not open
2026-07-05 15:36:43,759  WARNING  PortentaReader      send_command('disarm') ignored — port not open
2026-07-05 15:36:43,821  WARNING  PortentaReader      send_command('disarm') ignored — port not open
2026-07-05 15:36:43,882  WARNING  PortentaReader      send_command('disarm') ignored — port not open
2026-07-05 15:36:43,945  WARNING  PortentaReader      send_command('disarm') ignored — port not open
2026-07-05 15:36:44,008  WARNING  PortentaReader      send_command('disarm') ignored — port not open
2026-07-05 15:36:44,069  WARNING  PortentaReader      send_command('disarm') ignored — port not open
2026-07-05 15:36:44,132  WARNING  PortentaReader      send_command('disarm') ignored — port not open
2026-07-05 15:36:44,194  WARNING  PortentaReader      send_command('disarm') ignored — port not open
2026-07-05 15:36:44,256  WARNING  PortentaReader      send_command('disarm') ignored — port not open
2026-07-05 15:36:44,318  WARNING  PortentaReader      send_command('disarm') ignored — port not open
2026-07-05 15:36:44,380  WARNING  PortentaReader      send_command('disarm') ignored — port not open
2026-07-05 15:36:44,442  WARNING  PortentaReader      send_command('disarm') ignored — port not open
2026-07-05 15:36:44,505  WARNING  PortentaReader      send_command('disarm') ignored — port not open
2026-07-05 15:36:44,567  WARNING  PortentaReader      send_command('disarm') ignored — port not open
2026-07-05 15:36:44,628  WARNING  PortentaReader      send_command('disarm') ignored — port not open
2026-07-05 15:36:44,690  WARNING  PortentaReader      send_command('disarm') ignored — port not open
2026-07-05 15:36:44,752  WARNING  PortentaReader      send_command('disarm') ignored — port not open
2026-07-05 15:36:44,829  WARNING  PortentaReader      send_command('disarm') ignored — port not open
2026-07-05 15:36:44,890  WARNING  PortentaReader      send_command('disarm') ignored — port not open
2026-07-05 15:36:44,952  WARNING  PortentaReader      send_command('disarm') ignored — port not open
2026-07-05 15:36:45,014  WARNING  PortentaReader      send_command('disarm') ignored — port not open
2026-07-05 15:36:45,076  WARNING  PortentaReader      send_command('disarm') ignored — port not open
2026-07-05 15:36:45,138  WARNING  RecordingCore       HEALTH WARNING: LCR silent 87.1s — no new samples (auxiliary; other instruments still recording)
2026-07-05 15:36:45,138  WARNING  PortentaReader      send_command('disarm') ignored — port not open
2026-07-05 15:36:45,199  WARNING  PortentaReader      send_command('disarm') ignored — port not open
2026-07-05 15:36:45,261  WARNING  PortentaReader      send_command('disarm') ignored — port not open
2026-07-05 15:36:45,324  WARNING  PortentaReader      send_command('disarm') ignored — port not open
2026-07-05 15:36:45,386  WARNING  PortentaReader      send_command('disarm') ignored — port not open
2026-07-05 15:36:45,448  WARNING  PortentaReader      send_command('disarm') ignored — port not open
2026-07-05 15:36:45,510  WARNING  PortentaReader      send_command('disarm') ignored — port not open
2026-07-05 15:36:45,572  WARNING  PortentaReader      send_command('disarm') ignored — port not open
2026-07-05 15:36:45,634  WARNING  PortentaReader      send_command('disarm') ignored — port not open
2026-07-05 15:36:45,695  WARNING  PortentaReader      send_command('disarm') ignored — port not open
2026-07-05 15:36:45,758  WARNING  PortentaReader      send_command('disarm') ignored — port not open
2026-07-05 15:36:45,821  WARNING  PortentaReader      send_command('disarm') ignored — port not open
2026-07-05 15:36:45,883  WARNING  PortentaReader      send_command('disarm') ignored — port not open
2026-07-05 15:36:45,945  WARNING  PortentaReader      send_command('disarm') ignored — port not open
2026-07-05 15:36:46,007  WARNING  PortentaReader      send_command('disarm') ignored — port not open
2026-07-05 15:36:46,069  WARNING  PortentaReader      send_command('disarm') ignored — port not open
2026-07-05 15:36:46,133  WARNING  PortentaReader      send_command('disarm') ignored — port not open
2026-07-05 15:36:46,195  WARNING  PortentaReader      send_command('disarm') ignored — port not open
2026-07-05 15:36:46,256  WARNING  PortentaReader      send_command('disarm') ignored — port not open
2026-07-05 15:36:46,317  WARNING  PortentaReader      send_command('disarm') ignored — port not open
2026-07-05 15:36:46,379  WARNING  PortentaReader      send_command('disarm') ignored — port not open
2026-07-05 15:36:46,440  WARNING  PortentaReader      send_command('disarm') ignored — port not open
2026-07-05 15:36:46,502  WARNING  PortentaReader      send_command('disarm') ignored — port not open
2026-07-05 15:36:46,565  WARNING  PortentaReader      send_command('disarm') ignored — port not open
2026-07-05 15:36:46,627  WARNING  PortentaReader      send_command('disarm') ignored — port not open
2026-07-05 15:36:46,690  WARNING  PortentaReader      send_command('disarm') ignored — port not open
2026-07-05 15:36:46,752  WARNING  PortentaReader      send_command('disarm') ignored — port not open
2026-07-05 15:36:46,815  WARNING  PortentaReader      send_command('disarm') ignored — port not open
2026-07-05 15:36:46,890  WARNING  PortentaReader      send_command('disarm') ignored — port not open
2026-07-05 15:36:46,952  WARNING  PortentaReader      send_command('disarm') ignored — port not open
2026-07-05 15:36:47,014  WARNING  PortentaReader      send_command('disarm') ignored — port not open
2026-07-05 15:36:47,076  WARNING  PortentaReader      send_command('disarm') ignored — port not open
2026-07-05 15:36:47,138  WARNING  RecordingCore       HEALTH WARNING: LCR silent 89.1s — no new samples (auxiliary; other instruments still recording)
2026-07-05 15:36:47,139  WARNING  PortentaReader      send_command('disarm') ignored — port not open
2026-07-05 15:36:47,199  WARNING  PortentaReader      send_command('disarm') ignored — port not open
2026-07-05 15:36:47,264  WARNING  PortentaReader      send_command('disarm') ignored — port not open
2026-07-05 15:36:47,326  WARNING  PortentaReader      send_command('disarm') ignored — port not open
2026-07-05 15:36:47,387  WARNING  PortentaReader      send_command('disarm') ignored — port not open
2026-07-05 15:36:47,449  WARNING  PortentaReader      send_command('disarm') ignored — port not open
2026-07-05 15:36:47,511  WARNING  PortentaReader      send_command('disarm') ignored — port not open
2026-07-05 15:36:47,573  WARNING  PortentaReader      send_command('disarm') ignored — port not open
2026-07-05 15:36:47,634  WARNING  PortentaReader      send_command('disarm') ignored — port not open
2026-07-05 15:36:47,696  WARNING  PortentaReader      send_command('disarm') ignored — port not open
2026-07-05 15:36:47,758  WARNING  PortentaReader      send_command('disarm') ignored — port not open
2026-07-05 15:36:47,820  WARNING  PortentaReader      send_command('disarm') ignored — port not open
2026-07-05 15:36:47,882  WARNING  PortentaReader      send_command('disarm') ignored — port not open
2026-07-05 15:36:47,944  WARNING  PortentaReader      send_command('disarm') ignored — port not open
2026-07-05 15:36:48,006  WARNING  PortentaReader      send_command('disarm') ignored — port not open
2026-07-05 15:36:48,067  WARNING  PortentaReader      send_command('disarm') ignored — port not open
2026-07-05 15:36:48,129  WARNING  PortentaReader      send_command('disarm') ignored — port not open
2026-07-05 15:36:48,192  WARNING  PortentaReader      send_command('disarm') ignored — port not open
2026-07-05 15:36:48,256  WARNING  PortentaReader      send_command('disarm') ignored — port not open
2026-07-05 15:36:48,318  WARNING  PortentaReader      send_command('disarm') ignored — port not open
2026-07-05 15:36:48,379  WARNING  PortentaReader      send_command('disarm') ignored — port not open
2026-07-05 15:36:48,441  WARNING  PortentaReader      send_command('disarm') ignored — port not open
2026-07-05 15:36:48,503  WARNING  PortentaReader      send_command('disarm') ignored — port not open
2026-07-05 15:36:48,565  WARNING  PortentaReader      send_command('disarm') ignored — port not open
2026-07-05 15:36:48,628  WARNING  PortentaReader      send_command('disarm') ignored — port not open
2026-07-05 15:36:48,689  WARNING  PortentaReader      send_command('disarm') ignored — port not open
2026-07-05 15:36:48,751  WARNING  PortentaReader      send_command('disarm') ignored — port not open
2026-07-05 15:36:48,829  WARNING  PortentaReader      send_command('disarm') ignored — port not open
2026-07-05 15:36:48,891  WARNING  PortentaReader      send_command('disarm') ignored — port not open
2026-07-05 15:36:48,953  WARNING  PortentaReader      send_command('disarm') ignored — port not open
2026-07-05 15:36:49,015  WARNING  PortentaReader      send_command('disarm') ignored — port not open
2026-07-05 15:36:49,077  WARNING  PortentaReader      send_command('disarm') ignored — port not open
2026-07-05 15:36:49,139  WARNING  RecordingCore       HEALTH WARNING: LCR silent 91.1s — no new samples (auxiliary; other instruments still recording)
2026-07-05 15:36:49,140  WARNING  PortentaReader      send_command('disarm') ignored — port not open
2026-07-05 15:36:49,201  WARNING  PortentaReader      send_command('disarm') ignored — port not open
2026-07-05 15:36:49,263  WARNING  PortentaReader      send_command('disarm') ignored — port not open
2026-07-05 15:36:49,324  WARNING  PortentaReader      send_command('disarm') ignored — port not open
2026-07-05 15:36:49,387  WARNING  PortentaReader      send_command('disarm') ignored — port not open
2026-07-05 15:36:49,449  WARNING  PortentaReader      send_command('disarm') ignored — port not open
2026-07-05 15:36:49,512  WARNING  PortentaReader      send_command('disarm') ignored — port not open
2026-07-05 15:36:49,575  WARNING  PortentaReader      send_command('disarm') ignored — port not open
2026-07-05 15:36:49,638  WARNING  PortentaReader      send_command('disarm') ignored — port not open
2026-07-05 15:36:49,700  WARNING  PortentaReader      send_command('disarm') ignored — port not open
2026-07-05 15:36:49,761  WARNING  PortentaReader      send_command('disarm') ignored — port not open
2026-07-05 15:36:49,822  WARNING  PortentaReader      send_command('disarm') ignored — port not open
2026-07-05 15:36:49,884  WARNING  PortentaReader      send_command('disarm') ignored — port not open
2026-07-05 15:36:49,945  WARNING  PortentaReader      send_command('disarm') ignored — port not open
2026-07-05 15:36:50,007  WARNING  PortentaReader      send_command('disarm') ignored — port not open
2026-07-05 15:36:50,069  WARNING  PortentaReader      send_command('disarm') ignored — port not open
2026-07-05 15:36:50,132  WARNING  PortentaReader      send_command('disarm') ignored — port not open
2026-07-05 15:36:50,193  WARNING  PortentaReader      send_command('disarm') ignored — port not open
2026-07-05 15:36:50,255  WARNING  PortentaReader      send_command('disarm') ignored — port not open
2026-07-05 15:36:50,316  WARNING  PortentaReader      send_command('disarm') ignored — port not open
2026-07-05 15:36:50,378  WARNING  PortentaReader      send_command('disarm') ignored — port not open
2026-07-05 15:36:50,440  WARNING  PortentaReader      send_command('disarm') ignored — port not open
2026-07-05 15:36:50,502  WARNING  PortentaReader      send_command('disarm') ignored — port not open
2026-07-05 15:36:50,579  WARNING  PortentaReader      send_command('disarm') ignored — port not open
2026-07-05 15:36:50,641  WARNING  PortentaReader      send_command('disarm') ignored — port not open
2026-07-05 15:36:50,704  WARNING  PortentaReader      send_command('disarm') ignored — port not open
2026-07-05 15:36:50,766  WARNING  PortentaReader      send_command('disarm') ignored — port not open
2026-07-05 15:36:50,827  WARNING  PortentaReader      send_command('disarm') ignored — port not open
2026-07-05 15:36:50,889  WARNING  PortentaReader      send_command('disarm') ignored — port not open
2026-07-05 15:36:50,951  WARNING  PortentaReader      send_command('disarm') ignored — port not open
2026-07-05 15:36:51,012  WARNING  PortentaReader      send_command('disarm') ignored — port not open
2026-07-05 15:36:51,073  WARNING  PortentaReader      send_command('disarm') ignored — port not open
2026-07-05 15:36:51,135  WARNING  RecordingCore       HEALTH WARNING: LCR silent 93.1s — no new samples (auxiliary; other instruments still recording)
2026-07-05 15:36:51,135  WARNING  PortentaReader      send_command('disarm') ignored — port not open
2026-07-05 15:36:51,198  WARNING  PortentaReader      send_command('disarm') ignored — port not open
2026-07-05 15:36:51,260  WARNING  PortentaReader      send_command('disarm') ignored — port not open
2026-07-05 15:36:51,322  WARNING  PortentaReader      send_command('disarm') ignored — port not open
2026-07-05 15:36:51,384  WARNING  PortentaReader      send_command('disarm') ignored — port not open
2026-07-05 15:36:51,446  WARNING  PortentaReader      send_command('disarm') ignored — port not open
2026-07-05 15:36:51,508  WARNING  PortentaReader      send_command('disarm') ignored — port not open
2026-07-05 15:36:51,570  WARNING  PortentaReader      send_command('disarm') ignored — port not open
2026-07-05 15:36:51,633  WARNING  PortentaReader      send_command('disarm') ignored — port not open
2026-07-05 15:36:51,695  WARNING  PortentaReader      send_command('disarm') ignored — port not open
2026-07-05 15:36:51,758  WARNING  PortentaReader      send_command('disarm') ignored — port not open
2026-07-05 15:36:51,821  WARNING  PortentaReader      send_command('disarm') ignored — port not open
2026-07-05 15:36:51,882  WARNING  PortentaReader      send_command('disarm') ignored — port not open
2026-07-05 15:36:51,944  WARNING  PortentaReader      send_command('disarm') ignored — port not open
2026-07-05 15:36:52,006  WARNING  PortentaReader      send_command('disarm') ignored — port not open
2026-07-05 15:36:52,069  WARNING  PortentaReader      send_command('disarm') ignored — port not open
2026-07-05 15:36:52,130  WARNING  PortentaReader      send_command('disarm') ignored — port not open
2026-07-05 15:36:52,191  WARNING  PortentaReader      send_command('disarm') ignored — port not open
2026-07-05 15:36:52,253  WARNING  PortentaReader      send_command('disarm') ignored — port not open
2026-07-05 15:36:52,315  WARNING  PortentaReader      send_command('disarm') ignored — port not open
2026-07-05 15:36:52,376  WARNING  PortentaReader      send_command('disarm') ignored — port not open
2026-07-05 15:36:52,453  WARNING  PortentaReader      send_command('disarm') ignored — port not open
2026-07-05 15:36:52,514  WARNING  PortentaReader      send_command('disarm') ignored — port not open
2026-07-05 15:36:52,577  WARNING  PortentaReader      send_command('disarm') ignored — port not open
2026-07-05 15:36:52,639  WARNING  PortentaReader      send_command('disarm') ignored — port not open
2026-07-05 15:36:52,701  WARNING  PortentaReader      send_command('disarm') ignored — port not open
2026-07-05 15:36:52,762  WARNING  PortentaReader      send_command('disarm') ignored — port not open
2026-07-05 15:36:52,824  WARNING  PortentaReader      send_command('disarm') ignored — port not open
2026-07-05 15:36:52,886  WARNING  PortentaReader      send_command('disarm') ignored — port not open
2026-07-05 15:36:52,948  WARNING  PortentaReader      send_command('disarm') ignored — port not open
2026-07-05 15:36:53,010  WARNING  PortentaReader      send_command('disarm') ignored — port not open
2026-07-05 15:36:53,072  WARNING  PortentaReader      send_command('disarm') ignored — port not open
2026-07-05 15:36:53,135  WARNING  RecordingCore       HEALTH WARNING: LCR silent 95.1s — no new samples (auxiliary; other instruments still recording)
2026-07-05 15:36:53,136  WARNING  PortentaReader      send_command('disarm') ignored — port not open
2026-07-05 15:36:53,196  WARNING  PortentaReader      send_command('disarm') ignored — port not open
2026-07-05 15:36:53,259  WARNING  PortentaReader      send_command('disarm') ignored — port not open
2026-07-05 15:36:53,320  WARNING  PortentaReader      send_command('disarm') ignored — port not open
2026-07-05 15:36:53,384  WARNING  PortentaReader      send_command('disarm') ignored — port not open
2026-07-05 15:36:53,445  WARNING  PortentaReader      send_command('disarm') ignored — port not open
2026-07-05 15:36:53,508  WARNING  PortentaReader      send_command('disarm') ignored — port not open
2026-07-05 15:36:53,570  WARNING  PortentaReader      send_command('disarm') ignored — port not open
2026-07-05 15:36:53,631  WARNING  PortentaReader      send_command('disarm') ignored — port not open
2026-07-05 15:36:53,693  WARNING  PortentaReader      send_command('disarm') ignored — port not open
2026-07-05 15:36:53,755  WARNING  PortentaReader      send_command('disarm') ignored — port not open
2026-07-05 15:36:53,816  WARNING  PortentaReader      send_command('disarm') ignored — port not open
2026-07-05 15:36:53,878  WARNING  PortentaReader      send_command('disarm') ignored — port not open
2026-07-05 15:36:53,940  WARNING  PortentaReader      send_command('disarm') ignored — port not open
2026-07-05 15:36:54,001  WARNING  PortentaReader      send_command('disarm') ignored — port not open
2026-07-05 15:36:54,078  WARNING  PortentaReader      send_command('disarm') ignored — port not open
2026-07-05 15:36:54,141  WARNING  PortentaReader      send_command('disarm') ignored — port not open
2026-07-05 15:36:54,203  WARNING  PortentaReader      send_command('disarm') ignored — port not open
2026-07-05 15:36:54,265  WARNING  PortentaReader      send_command('disarm') ignored — port not open
2026-07-05 15:36:54,325  WARNING  PortentaReader      send_command('disarm') ignored — port not open
2026-07-05 15:36:54,387  WARNING  PortentaReader      send_command('disarm') ignored — port not open
2026-07-05 15:36:54,449  WARNING  PortentaReader      send_command('disarm') ignored — port not open
2026-07-05 15:36:54,511  WARNING  PortentaReader      send_command('disarm') ignored — port not open
2026-07-05 15:36:54,574  WARNING  PortentaReader      send_command('disarm') ignored — port not open
2026-07-05 15:36:54,635  WARNING  PortentaReader      send_command('disarm') ignored — port not open
2026-07-05 15:36:54,697  WARNING  PortentaReader      send_command('disarm') ignored — port not open
2026-07-05 15:36:54,759  WARNING  PortentaReader      send_command('disarm') ignored — port not open
2026-07-05 15:36:54,821  WARNING  PortentaReader      send_command('disarm') ignored — port not open
2026-07-05 15:36:54,882  WARNING  PortentaReader      send_command('disarm') ignored — port not open
2026-07-05 15:36:54,945  WARNING  PortentaReader      send_command('disarm') ignored — port not open
2026-07-05 15:36:55,006  WARNING  PortentaReader      send_command('disarm') ignored — port not open
2026-07-05 15:36:55,068  WARNING  PortentaReader      send_command('disarm') ignored — port not open
2026-07-05 15:36:55,129  WARNING  RecordingCore       HEALTH WARNING: LCR silent 97.1s — no new samples (auxiliary; other instruments still recording)
2026-07-05 15:36:55,130  WARNING  PortentaReader      send_command('disarm') ignored — port not open
2026-07-05 15:36:55,191  WARNING  PortentaReader      send_command('disarm') ignored — port not open
2026-07-05 15:36:55,252  WARNING  PortentaReader      send_command('disarm') ignored — port not open
2026-07-05 15:36:55,315  WARNING  PortentaReader      send_command('disarm') ignored — port not open
2026-07-05 15:36:55,376  WARNING  PortentaReader      send_command('disarm') ignored — port not open
2026-07-05 15:36:55,439  WARNING  PortentaReader      send_command('disarm') ignored — port not open
2026-07-05 15:36:55,502  WARNING  PortentaReader      send_command('disarm') ignored — port not open
2026-07-05 15:36:55,564  WARNING  PortentaReader      send_command('disarm') ignored — port not open
2026-07-05 15:36:55,640  WARNING  PortentaReader      send_command('disarm') ignored — port not open
2026-07-05 15:36:55,702  WARNING  PortentaReader      send_command('disarm') ignored — port not open
2026-07-05 15:36:55,764  WARNING  PortentaReader      send_command('disarm') ignored — port not open
2026-07-05 15:36:55,826  WARNING  PortentaReader      send_command('disarm') ignored — port not open
2026-07-05 15:36:55,887  WARNING  PortentaReader      send_command('disarm') ignored — port not open
2026-07-05 15:36:55,950  WARNING  PortentaReader      send_command('disarm') ignored — port not open
2026-07-05 15:36:56,011  WARNING  PortentaReader      send_command('disarm') ignored — port not open
2026-07-05 15:36:56,072  WARNING  PortentaReader      send_command('disarm') ignored — port not open
2026-07-05 15:36:56,133  WARNING  PortentaReader      send_command('disarm') ignored — port not open
2026-07-05 15:36:56,195  WARNING  PortentaReader      send_command('disarm') ignored — port not open
2026-07-05 15:36:56,256  WARNING  PortentaReader      send_command('disarm') ignored — port not open
2026-07-05 15:36:56,318  WARNING  PortentaReader      send_command('disarm') ignored — port not open
2026-07-05 15:36:56,379  WARNING  PortentaReader      send_command('disarm') ignored — port not open
2026-07-05 15:36:56,442  WARNING  PortentaReader      send_command('disarm') ignored — port not open
2026-07-05 15:36:56,503  WARNING  PortentaReader      send_command('disarm') ignored — port not open
2026-07-05 15:36:56,566  WARNING  PortentaReader      send_command('disarm') ignored — port not open
2026-07-05 15:36:56,628  WARNING  PortentaReader      send_command('disarm') ignored — port not open
2026-07-05 15:36:56,689  WARNING  PortentaReader      send_command('disarm') ignored — port not open
2026-07-05 15:36:56,752  WARNING  PortentaReader      send_command('disarm') ignored — port not open
2026-07-05 15:36:56,829  WARNING  PortentaReader      send_command('disarm') ignored — port not open
2026-07-05 15:36:56,891  WARNING  PortentaReader      send_command('disarm') ignored — port not open
2026-07-05 15:36:56,953  WARNING  PortentaReader      send_command('disarm') ignored — port not open
2026-07-05 15:36:57,015  WARNING  PortentaReader      send_command('disarm') ignored — port not open
2026-07-05 15:36:57,076  WARNING  PortentaReader      send_command('disarm') ignored — port not open
2026-07-05 15:36:57,136  WARNING  RecordingCore       HEALTH WARNING: LCR silent 99.1s — no new samples (auxiliary; other instruments still recording)
2026-07-05 15:36:57,137  WARNING  PortentaReader      send_command('disarm') ignored — port not open
2026-07-05 15:36:57,198  WARNING  PortentaReader      send_command('disarm') ignored — port not open
2026-07-05 15:36:57,260  WARNING  PortentaReader      send_command('disarm') ignored — port not open
2026-07-05 15:36:57,322  WARNING  PortentaReader      send_command('disarm') ignored — port not open
2026-07-05 15:36:57,384  WARNING  PortentaReader      send_command('disarm') ignored — port not open
2026-07-05 15:36:57,446  WARNING  PortentaReader      send_command('disarm') ignored — port not open
2026-07-05 15:36:57,508  WARNING  PortentaReader      send_command('disarm') ignored — port not open
2026-07-05 15:36:57,570  WARNING  PortentaReader      send_command('disarm') ignored — port not open
2026-07-05 15:36:57,632  WARNING  PortentaReader      send_command('disarm') ignored — port not open
2026-07-05 15:36:57,693  WARNING  PortentaReader      send_command('disarm') ignored — port not open
2026-07-05 15:36:57,756  WARNING  PortentaReader      send_command('disarm') ignored — port not open
2026-07-05 15:36:57,818  WARNING  PortentaReader      send_command('disarm') ignored — port not open
2026-07-05 15:36:57,881  WARNING  PortentaReader      send_command('disarm') ignored — port not open
2026-07-05 15:36:57,943  WARNING  PortentaReader      send_command('disarm') ignored — port not open
2026-07-05 15:36:58,005  WARNING  PortentaReader      send_command('disarm') ignored — port not open
2026-07-05 15:36:58,067  WARNING  PortentaReader      send_command('disarm') ignored — port not open
2026-07-05 15:36:58,129  WARNING  PortentaReader      send_command('disarm') ignored — port not open
2026-07-05 15:36:58,190  WARNING  PortentaReader      send_command('disarm') ignored — port not open
2026-07-05 15:36:58,253  WARNING  PortentaReader      send_command('disarm') ignored — port not open
2026-07-05 15:36:58,315  WARNING  PortentaReader      send_command('disarm') ignored — port not open
2026-07-05 15:36:58,377  WARNING  PortentaReader      send_command('disarm') ignored — port not open
2026-07-05 15:36:58,439  WARNING  PortentaReader      send_command('disarm') ignored — port not open
2026-07-05 15:36:58,516  WARNING  PortentaReader      send_command('disarm') ignored — port not open
2026-07-05 15:36:58,579  WARNING  PortentaReader      send_command('disarm') ignored — port not open
2026-07-05 15:36:58,641  WARNING  PortentaReader      send_command('disarm') ignored — port not open
2026-07-05 15:36:58,702  WARNING  PortentaReader      send_command('disarm') ignored — port not open
2026-07-05 15:36:58,764  WARNING  PortentaReader      send_command('disarm') ignored — port not open
2026-07-05 15:36:58,826  WARNING  PortentaReader      send_command('disarm') ignored — port not open
2026-07-05 15:36:58,887  WARNING  PortentaReader      send_command('disarm') ignored — port not open
2026-07-05 15:36:58,948  WARNING  PortentaReader      send_command('disarm') ignored — port not open
2026-07-05 15:36:59,010  WARNING  PortentaReader      send_command('disarm') ignored — port not open
2026-07-05 15:36:59,072  WARNING  PortentaReader      send_command('disarm') ignored — port not open
2026-07-05 15:36:59,133  WARNING  RecordingCore       HEALTH WARNING: LCR silent 101.1s — no new samples (auxiliary; other instruments still recording)
2026-07-05 15:36:59,134  WARNING  PortentaReader      send_command('disarm') ignored — port not open
2026-07-05 15:36:59,195  WARNING  PortentaReader      send_command('disarm') ignored — port not open
2026-07-05 15:36:59,256  WARNING  PortentaReader      send_command('disarm') ignored — port not open
2026-07-05 15:36:59,318  WARNING  PortentaReader      send_command('disarm') ignored — port not open
2026-07-05 15:36:59,380  WARNING  PortentaReader      send_command('disarm') ignored — port not open
2026-07-05 15:36:59,441  WARNING  PortentaReader      send_command('disarm') ignored — port not open
2026-07-05 15:36:59,503  WARNING  PortentaReader      send_command('disarm') ignored — port not open
2026-07-05 15:36:59,579  WARNING  PortentaReader      send_command('disarm') ignored — port not open
2026-07-05 15:36:59,626  WARNING  PortentaReader      send_command('disarm') ignored — port not open
2026-07-05 15:36:59,701  WARNING  PortentaReader      send_command('disarm') ignored — port not open
2026-07-05 15:36:59,755  WARNING  PortentaReader      send_command('disarm') ignored — port not open
2026-07-05 15:36:59,825  WARNING  PortentaReader      send_command('disarm') ignored — port not open
2026-07-05 15:36:59,887  WARNING  PortentaReader      send_command('disarm') ignored — port not open
2026-07-05 15:36:59,947  WARNING  PortentaReader      send_command('disarm') ignored — port not open
2026-07-05 15:37:00,010  WARNING  PortentaReader      send_command('disarm') ignored — port not open
2026-07-05 15:37:00,073  WARNING  PortentaReader      send_command('disarm') ignored — port not open
2026-07-05 15:37:00,134  WARNING  PortentaReader      send_command('disarm') ignored — port not open
2026-07-05 15:37:00,196  WARNING  PortentaReader      send_command('disarm') ignored — port not open
2026-07-05 15:37:00,259  WARNING  PortentaReader      send_command('disarm') ignored — port not open
2026-07-05 15:37:00,321  WARNING  PortentaReader      send_command('disarm') ignored — port not open
2026-07-05 15:37:00,382  WARNING  PortentaReader      send_command('disarm') ignored — port not open
2026-07-05 15:37:00,444  WARNING  PortentaReader      send_command('disarm') ignored — port not open
2026-07-05 15:37:00,506  WARNING  PortentaReader      send_command('disarm') ignored — port not open
2026-07-05 15:37:00,568  WARNING  PortentaReader      send_command('disarm') ignored — port not open
2026-07-05 15:37:00,629  WARNING  PortentaReader      send_command('disarm') ignored — port not open
2026-07-05 15:37:00,691  WARNING  PortentaReader      send_command('disarm') ignored — port not open
2026-07-05 15:37:00,753  WARNING  PortentaReader      send_command('disarm') ignored — port not open
2026-07-05 15:37:00,816  WARNING  PortentaReader      send_command('disarm') ignored — port not open
2026-07-05 15:37:00,877  WARNING  PortentaReader      send_command('disarm') ignored — port not open
2026-07-05 15:37:00,941  WARNING  PortentaReader      send_command('disarm') ignored — port not open
2026-07-05 15:37:01,003  WARNING  PortentaReader      send_command('disarm') ignored — port not open
2026-07-05 15:37:01,066  WARNING  PortentaReader      send_command('disarm') ignored — port not open
2026-07-05 15:37:01,128  WARNING  RecordingCore       HEALTH WARNING: LCR silent 103.1s — no new samples (auxiliary; other instruments still recording)
2026-07-05 15:37:01,128  WARNING  PortentaReader      send_command('disarm') ignored — port not open
2026-07-05 15:37:01,190  WARNING  PortentaReader      send_command('disarm') ignored — port not open
2026-07-05 15:37:01,252  WARNING  PortentaReader      send_command('disarm') ignored — port not open
2026-07-05 15:37:01,314  WARNING  PortentaReader      send_command('disarm') ignored — port not open
2026-07-05 15:37:01,376  WARNING  PortentaReader      send_command('disarm') ignored — port not open
2026-07-05 15:37:01,454  WARNING  PortentaReader      send_command('disarm') ignored — port not open
2026-07-05 15:37:01,515  WARNING  PortentaReader      send_command('disarm') ignored — port not open
2026-07-05 15:37:01,577  WARNING  PortentaReader      send_command('disarm') ignored — port not open
2026-07-05 15:37:01,638  WARNING  PortentaReader      send_command('disarm') ignored — port not open
2026-07-05 15:37:01,700  WARNING  PortentaReader      send_command('disarm') ignored — port not open
2026-07-05 15:37:01,762  WARNING  PortentaReader      send_command('disarm') ignored — port not open
2026-07-05 15:37:01,823  WARNING  PortentaReader      send_command('disarm') ignored — port not open
2026-07-05 15:37:01,885  WARNING  PortentaReader      send_command('disarm') ignored — port not open
2026-07-05 15:37:01,948  WARNING  PortentaReader      send_command('disarm') ignored — port not open
2026-07-05 15:37:02,009  WARNING  PortentaReader      send_command('disarm') ignored — port not open
2026-07-05 15:37:02,071  WARNING  PortentaReader      send_command('disarm') ignored — port not open
2026-07-05 15:37:02,134  WARNING  PortentaReader      send_command('disarm') ignored — port not open
2026-07-05 15:37:02,196  WARNING  PortentaReader      send_command('disarm') ignored — port not open
2026-07-05 15:37:02,258  WARNING  PortentaReader      send_command('disarm') ignored — port not open
2026-07-05 15:37:02,320  WARNING  PortentaReader      send_command('disarm') ignored — port not open
2026-07-05 15:37:02,383  WARNING  PortentaReader      send_command('disarm') ignored — port not open
2026-07-05 15:37:02,445  WARNING  PortentaReader      send_command('disarm') ignored — port not open
2026-07-05 15:37:02,506  WARNING  PortentaReader      send_command('disarm') ignored — port not open
2026-07-05 15:37:02,568  WARNING  PortentaReader      send_command('disarm') ignored — port not open
2026-07-05 15:37:02,630  WARNING  PortentaReader      send_command('disarm') ignored — port not open
2026-07-05 15:37:02,692  WARNING  PortentaReader      send_command('disarm') ignored — port not open
2026-07-05 15:37:02,755  WARNING  PortentaReader      send_command('disarm') ignored — port not open
2026-07-05 15:37:02,816  WARNING  PortentaReader      send_command('disarm') ignored — port not open
2026-07-05 15:37:02,877  WARNING  PortentaReader      send_command('disarm') ignored — port not open
2026-07-05 15:37:02,939  WARNING  PortentaReader      send_command('disarm') ignored — port not open
2026-07-05 15:37:03,003  WARNING  PortentaReader      send_command('disarm') ignored — port not open
2026-07-05 15:37:03,064  WARNING  PortentaReader      send_command('disarm') ignored — port not open
2026-07-05 15:37:03,142  WARNING  RecordingCore       HEALTH WARNING: LCR silent 105.1s — no new samples (auxiliary; other instruments still recording)
2026-07-05 15:37:03,142  WARNING  PortentaReader      send_command('disarm') ignored — port not open
2026-07-05 15:37:03,219  WARNING  PortentaReader      send_command('disarm') ignored — port not open
2026-07-05 15:37:03,281  WARNING  PortentaReader      send_command('disarm') ignored — port not open
2026-07-05 15:37:03,343  WARNING  PortentaReader      send_command('disarm') ignored — port not open
2026-07-05 15:37:03,403  WARNING  PortentaReader      send_command('disarm') ignored — port not open
2026-07-05 15:37:03,466  WARNING  PortentaReader      send_command('disarm') ignored — port not open
2026-07-05 15:37:03,528  WARNING  PortentaReader      send_command('disarm') ignored — port not open
2026-07-05 15:37:03,591  WARNING  PortentaReader      send_command('disarm') ignored — port not open
2026-07-05 15:37:03,653  WARNING  PortentaReader      send_command('disarm') ignored — port not open
2026-07-05 15:37:03,714  WARNING  PortentaReader      send_command('disarm') ignored — port not open
2026-07-05 15:37:03,776  WARNING  PortentaReader      send_command('disarm') ignored — port not open
2026-07-05 15:37:03,838  WARNING  PortentaReader      send_command('disarm') ignored — port not open
2026-07-05 15:37:03,899  WARNING  PortentaReader      send_command('disarm') ignored — port not open
2026-07-05 15:37:03,961  WARNING  PortentaReader      send_command('disarm') ignored — port not open
2026-07-05 15:37:04,023  WARNING  PortentaReader      send_command('disarm') ignored — port not open
2026-07-05 15:37:04,085  WARNING  PortentaReader      send_command('disarm') ignored — port not open
2026-07-05 15:37:04,147  WARNING  PortentaReader      send_command('disarm') ignored — port not open
2026-07-05 15:37:04,210  WARNING  PortentaReader      send_command('disarm') ignored — port not open
2026-07-05 15:37:04,271  WARNING  PortentaReader      send_command('disarm') ignored — port not open
2026-07-05 15:37:04,333  WARNING  PortentaReader      send_command('disarm') ignored — port not open
2026-07-05 15:37:04,396  WARNING  PortentaReader      send_command('disarm') ignored — port not open
2026-07-05 15:37:04,458  WARNING  PortentaReader      send_command('disarm') ignored — port not open
2026-07-05 15:37:04,520  WARNING  PortentaReader      send_command('disarm') ignored — port not open
2026-07-05 15:37:04,582  WARNING  PortentaReader      send_command('disarm') ignored — port not open
2026-07-05 15:37:04,645  WARNING  PortentaReader      send_command('disarm') ignored — port not open
2026-07-05 15:37:04,706  WARNING  PortentaReader      send_command('disarm') ignored — port not open
2026-07-05 15:37:04,767  WARNING  PortentaReader      send_command('disarm') ignored — port not open
2026-07-05 15:37:04,845  WARNING  PortentaReader      send_command('disarm') ignored — port not open
2026-07-05 15:37:04,921  WARNING  PortentaReader      send_command('disarm') ignored — port not open
2026-07-05 15:37:04,983  WARNING  PortentaReader      send_command('disarm') ignored — port not open
2026-07-05 15:37:05,044  WARNING  PortentaReader      send_command('disarm') ignored — port not open
2026-07-05 15:37:05,105  WARNING  PortentaReader      send_command('disarm') ignored — port not open
2026-07-05 15:37:05,167  WARNING  RecordingCore       HEALTH WARNING: LCR silent 107.1s — no new samples (auxiliary; other instruments still recording)
2026-07-05 15:37:05,168  WARNING  PortentaReader      send_command('disarm') ignored — port not open
2026-07-05 15:37:05,229  WARNING  PortentaReader      send_command('disarm') ignored — port not open
2026-07-05 15:37:05,290  WARNING  PortentaReader      send_command('disarm') ignored — port not open
2026-07-05 15:37:05,350  WARNING  PortentaReader      send_command('disarm') ignored — port not open
2026-07-05 15:37:05,412  WARNING  PortentaReader      send_command('disarm') ignored — port not open
2026-07-05 15:37:05,474  WARNING  PortentaReader      send_command('disarm') ignored — port not open
2026-07-05 15:37:05,537  WARNING  PortentaReader      send_command('disarm') ignored — port not open
2026-07-05 15:37:05,598  WARNING  PortentaReader      send_command('disarm') ignored — port not open
2026-07-05 15:37:05,660  WARNING  PortentaReader      send_command('disarm') ignored — port not open
2026-07-05 15:37:05,723  WARNING  PortentaReader      send_command('disarm') ignored — port not open
2026-07-05 15:37:05,784  WARNING  PortentaReader      send_command('disarm') ignored — port not open
2026-07-05 15:37:05,846  WARNING  PortentaReader      send_command('disarm') ignored — port not open
2026-07-05 15:37:05,922  WARNING  PortentaReader      send_command('disarm') ignored — port not open
2026-07-05 15:37:05,983  WARNING  PortentaReader      send_command('disarm') ignored — port not open
2026-07-05 15:37:06,045  WARNING  PortentaReader      send_command('disarm') ignored — port not open
2026-07-05 15:37:06,109  WARNING  PortentaReader      send_command('disarm') ignored — port not open
2026-07-05 15:37:06,170  WARNING  PortentaReader      send_command('disarm') ignored — port not open
2026-07-05 15:37:06,231  WARNING  PortentaReader      send_command('disarm') ignored — port not open
2026-07-05 15:37:06,292  WARNING  PortentaReader      send_command('disarm') ignored — port not open
2026-07-05 15:37:06,354  WARNING  PortentaReader      send_command('disarm') ignored — port not open
2026-07-05 15:37:06,415  WARNING  PortentaReader      send_command('disarm') ignored — port not open
2026-07-05 15:37:06,477  WARNING  PortentaReader      send_command('disarm') ignored — port not open
2026-07-05 15:37:06,538  WARNING  PortentaReader      send_command('disarm') ignored — port not open
2026-07-05 15:37:06,600  WARNING  PortentaReader      send_command('disarm') ignored — port not open
2026-07-05 15:37:06,662  WARNING  PortentaReader      send_command('disarm') ignored — port not open
2026-07-05 15:37:06,724  WARNING  PortentaReader      send_command('disarm') ignored — port not open
2026-07-05 15:37:06,786  WARNING  PortentaReader      send_command('disarm') ignored — port not open
2026-07-05 15:37:06,848  WARNING  PortentaReader      send_command('disarm') ignored — port not open
2026-07-05 15:37:06,910  WARNING  PortentaReader      send_command('disarm') ignored — port not open
2026-07-05 15:37:06,972  WARNING  PortentaReader      send_command('disarm') ignored — port not open
2026-07-05 15:37:07,036  WARNING  PortentaReader      send_command('disarm') ignored — port not open
2026-07-05 15:37:07,098  WARNING  PortentaReader      send_command('disarm') ignored — port not open
2026-07-05 15:37:07,160  WARNING  RecordingCore       HEALTH WARNING: LCR silent 109.1s — no new samples (auxiliary; other instruments still recording)
2026-07-05 15:37:07,160  WARNING  PortentaReader      send_command('disarm') ignored — port not open
2026-07-05 15:37:07,221  WARNING  PortentaReader      send_command('disarm') ignored — port not open
2026-07-05 15:37:07,284  WARNING  PortentaReader      send_command('disarm') ignored — port not open
2026-07-05 15:37:07,346  WARNING  PortentaReader      send_command('disarm') ignored — port not open
2026-07-05 15:37:07,408  WARNING  PortentaReader      send_command('disarm') ignored — port not open
2026-07-05 15:37:07,485  WARNING  PortentaReader      send_command('disarm') ignored — port not open
2026-07-05 15:37:07,547  WARNING  PortentaReader      send_command('disarm') ignored — port not open
2026-07-05 15:37:07,609  WARNING  PortentaReader      send_command('disarm') ignored — port not open
2026-07-05 15:37:07,671  WARNING  PortentaReader      send_command('disarm') ignored — port not open
2026-07-05 15:37:07,732  WARNING  PortentaReader      send_command('disarm') ignored — port not open
2026-07-05 15:37:07,794  WARNING  PortentaReader      send_command('disarm') ignored — port not open
2026-07-05 15:37:07,856  WARNING  PortentaReader      send_command('disarm') ignored — port not open
2026-07-05 15:37:07,918  WARNING  PortentaReader      send_command('disarm') ignored — port not open
2026-07-05 15:37:07,980  WARNING  PortentaReader      send_command('disarm') ignored — port not open
2026-07-05 15:37:08,041  WARNING  PortentaReader      send_command('disarm') ignored — port not open
2026-07-05 15:37:08,103  WARNING  PortentaReader      send_command('disarm') ignored — port not open
2026-07-05 15:37:08,165  WARNING  PortentaReader      send_command('disarm') ignored — port not open
2026-07-05 15:37:08,228  WARNING  PortentaReader      send_command('disarm') ignored — port not open
2026-07-05 15:37:08,290  WARNING  PortentaReader      send_command('disarm') ignored — port not open
2026-07-05 15:37:08,351  WARNING  PortentaReader      send_command('disarm') ignored — port not open
2026-07-05 15:37:08,412  WARNING  PortentaReader      send_command('disarm') ignored — port not open
2026-07-05 15:37:08,476  WARNING  PortentaReader      send_command('disarm') ignored — port not open
2026-07-05 15:37:08,538  WARNING  PortentaReader      send_command('disarm') ignored — port not open
2026-07-05 15:37:08,600  WARNING  PortentaReader      send_command('disarm') ignored — port not open
2026-07-05 15:37:08,660  WARNING  PortentaReader      send_command('disarm') ignored — port not open
2026-07-05 15:37:08,722  WARNING  PortentaReader      send_command('disarm') ignored — port not open
2026-07-05 15:37:08,783  WARNING  PortentaReader      send_command('disarm') ignored — port not open
2026-07-05 15:37:08,846  WARNING  PortentaReader      send_command('disarm') ignored — port not open
2026-07-05 15:37:08,923  WARNING  PortentaReader      send_command('disarm') ignored — port not open
2026-07-05 15:37:08,984  WARNING  PortentaReader      send_command('disarm') ignored — port not open
2026-07-05 15:37:09,046  WARNING  PortentaReader      send_command('disarm') ignored — port not open
2026-07-05 15:37:09,108  WARNING  PortentaReader      send_command('disarm') ignored — port not open
2026-07-05 15:37:09,169  WARNING  RecordingCore       HEALTH WARNING: LCR silent 111.1s — no new samples (auxiliary; other instruments still recording)
2026-07-05 15:37:09,170  WARNING  PortentaReader      send_command('disarm') ignored — port not open
2026-07-05 15:37:09,231  WARNING  PortentaReader      send_command('disarm') ignored — port not open
2026-07-05 15:37:09,293  WARNING  PortentaReader      send_command('disarm') ignored — port not open
2026-07-05 15:37:09,356  WARNING  PortentaReader      send_command('disarm') ignored — port not open
2026-07-05 15:37:09,417  WARNING  PortentaReader      send_command('disarm') ignored — port not open
2026-07-05 15:37:09,479  WARNING  PortentaReader      send_command('disarm') ignored — port not open
2026-07-05 15:37:09,541  WARNING  PortentaReader      send_command('disarm') ignored — port not open
2026-07-05 15:37:09,603  WARNING  PortentaReader      send_command('disarm') ignored — port not open
2026-07-05 15:37:09,664  WARNING  PortentaReader      send_command('disarm') ignored — port not open
2026-07-05 15:37:09,725  WARNING  PortentaReader      send_command('disarm') ignored — port not open
2026-07-05 15:37:09,788  WARNING  PortentaReader      send_command('disarm') ignored — port not open
2026-07-05 15:37:09,849  WARNING  PortentaReader      send_command('disarm') ignored — port not open
2026-07-05 15:37:09,912  WARNING  PortentaReader      send_command('disarm') ignored — port not open
2026-07-05 15:37:09,973  WARNING  PortentaReader      send_command('disarm') ignored — port not open
2026-07-05 15:37:10,034  WARNING  PortentaReader      send_command('disarm') ignored — port not open
2026-07-05 15:37:10,096  WARNING  PortentaReader      send_command('disarm') ignored — port not open
2026-07-05 15:37:10,158  WARNING  PortentaReader      send_command('disarm') ignored — port not open
2026-07-05 15:37:10,220  WARNING  PortentaReader      send_command('disarm') ignored — port not open
2026-07-05 15:37:10,296  WARNING  PortentaReader      send_command('disarm') ignored — port not open
2026-07-05 15:37:10,357  WARNING  PortentaReader      send_command('disarm') ignored — port not open
2026-07-05 15:37:10,419  WARNING  PortentaReader      send_command('disarm') ignored — port not open
2026-07-05 15:37:10,480  WARNING  PortentaReader      send_command('disarm') ignored — port not open
2026-07-05 15:37:10,542  WARNING  PortentaReader      send_command('disarm') ignored — port not open
2026-07-05 15:37:10,604  WARNING  PortentaReader      send_command('disarm') ignored — port not open
2026-07-05 15:37:10,667  WARNING  PortentaReader      send_command('disarm') ignored — port not open
2026-07-05 15:37:10,728  WARNING  PortentaReader      send_command('disarm') ignored — port not open
2026-07-05 15:37:10,790  WARNING  PortentaReader      send_command('disarm') ignored — port not open
2026-07-05 15:37:10,852  WARNING  PortentaReader      send_command('disarm') ignored — port not open
2026-07-05 15:37:10,914  WARNING  PortentaReader      send_command('disarm') ignored — port not open
2026-07-05 15:37:10,977  WARNING  PortentaReader      send_command('disarm') ignored — port not open
2026-07-05 15:37:11,039  WARNING  PortentaReader      send_command('disarm') ignored — port not open
2026-07-05 15:37:11,100  WARNING  PortentaReader      send_command('disarm') ignored — port not open
2026-07-05 15:37:11,160  WARNING  RecordingCore       HEALTH WARNING: LCR silent 113.1s — no new samples (auxiliary; other instruments still recording)
2026-07-05 15:37:11,160  WARNING  PortentaReader      send_command('disarm') ignored — port not open
2026-07-05 15:37:11,222  WARNING  PortentaReader      send_command('disarm') ignored — port not open
2026-07-05 15:37:11,285  WARNING  PortentaReader      send_command('disarm') ignored — port not open
2026-07-05 15:37:11,346  WARNING  PortentaReader      send_command('disarm') ignored — port not open
2026-07-05 15:37:11,408  WARNING  PortentaReader      send_command('disarm') ignored — port not open
2026-07-05 15:37:11,485  WARNING  PortentaReader      send_command('disarm') ignored — port not open
2026-07-05 15:37:11,547  WARNING  PortentaReader      send_command('disarm') ignored — port not open
2026-07-05 15:37:11,610  WARNING  PortentaReader      send_command('disarm') ignored — port not open
2026-07-05 15:37:11,663  WARNING  PortentaReader      send_command('disarm') ignored — port not open
2026-07-05 15:37:11,723  WARNING  PortentaReader      send_command('disarm') ignored — port not open
2026-07-05 15:37:11,790  WARNING  PortentaReader      send_command('disarm') ignored — port not open
2026-07-05 15:37:11,858  WARNING  PortentaReader      send_command('disarm') ignored — port not open
2026-07-05 15:37:11,921  WARNING  PortentaReader      send_command('disarm') ignored — port not open
2026-07-05 15:37:11,984  WARNING  PortentaReader      send_command('disarm') ignored — port not open
2026-07-05 15:37:12,046  WARNING  PortentaReader      send_command('disarm') ignored — port not open
2026-07-05 15:37:12,107  WARNING  PortentaReader      send_command('disarm') ignored — port not open
2026-07-05 15:37:12,170  WARNING  PortentaReader      send_command('disarm') ignored — port not open
2026-07-05 15:37:12,232  WARNING  PortentaReader      send_command('disarm') ignored — port not open
2026-07-05 15:37:12,285  WARNING  PortentaReader      send_command('disarm') ignored — port not open
2026-07-05 15:37:12,353  WARNING  PortentaReader      send_command('disarm') ignored — port not open
2026-07-05 15:37:12,413  WARNING  PortentaReader      send_command('disarm') ignored — port not open
2026-07-05 15:37:12,481  WARNING  PortentaReader      send_command('disarm') ignored — port not open
2026-07-05 15:37:12,540  WARNING  PortentaReader      send_command('disarm') ignored — port not open
2026-07-05 15:37:12,599  WARNING  PortentaReader      send_command('disarm') ignored — port not open
2026-07-05 15:37:12,659  WARNING  PortentaReader      send_command('disarm') ignored — port not open
2026-07-05 15:37:12,727  WARNING  PortentaReader      send_command('disarm') ignored — port not open
2026-07-05 15:37:12,787  WARNING  PortentaReader      send_command('disarm') ignored — port not open
2026-07-05 15:37:12,847  WARNING  PortentaReader      send_command('disarm') ignored — port not open
2026-07-05 15:37:12,915  WARNING  PortentaReader      send_command('disarm') ignored — port not open
2026-07-05 15:37:12,977  WARNING  PortentaReader      send_command('disarm') ignored — port not open
2026-07-05 15:37:13,039  WARNING  PortentaReader      send_command('disarm') ignored — port not open
2026-07-05 15:37:13,101  WARNING  PortentaReader      send_command('disarm') ignored — port not open
2026-07-05 15:37:13,163  WARNING  RecordingCore       HEALTH WARNING: LCR silent 115.1s — no new samples (auxiliary; other instruments still recording)
2026-07-05 15:37:13,164  WARNING  PortentaReader      send_command('disarm') ignored — port not open
2026-07-05 15:37:13,225  WARNING  PortentaReader      send_command('disarm') ignored — port not open
2026-07-05 15:37:13,287  WARNING  PortentaReader      send_command('disarm') ignored — port not open
2026-07-05 15:37:13,349  WARNING  PortentaReader      send_command('disarm') ignored — port not open
2026-07-05 15:37:13,409  WARNING  PortentaReader      send_command('disarm') ignored — port not open
2026-07-05 15:37:13,473  WARNING  PortentaReader      send_command('disarm') ignored — port not open
2026-07-05 15:37:13,535  WARNING  PortentaReader      send_command('disarm') ignored — port not open
2026-07-05 15:37:13,596  WARNING  PortentaReader      send_command('disarm') ignored — port not open
2026-07-05 15:37:13,659  WARNING  PortentaReader      send_command('disarm') ignored — port not open
2026-07-05 15:37:13,720  WARNING  PortentaReader      send_command('disarm') ignored — port not open
2026-07-05 15:37:13,785  WARNING  PortentaReader      send_command('disarm') ignored — port not open
2026-07-05 15:37:13,853  WARNING  PortentaReader      send_command('disarm') ignored — port not open
2026-07-05 15:37:13,913  WARNING  PortentaReader      send_command('disarm') ignored — port not open
2026-07-05 15:37:13,972  WARNING  PortentaReader      send_command('disarm') ignored — port not open
2026-07-05 15:37:14,033  WARNING  PortentaReader      send_command('disarm') ignored — port not open
2026-07-05 15:37:14,099  WARNING  PortentaReader      send_command('disarm') ignored — port not open
2026-07-05 15:37:14,159  WARNING  PortentaReader      send_command('disarm') ignored — port not open
2026-07-05 15:37:14,227  WARNING  PortentaReader      send_command('disarm') ignored — port not open
2026-07-05 15:37:14,288  WARNING  PortentaReader      send_command('disarm') ignored — port not open
2026-07-05 15:37:14,356  WARNING  PortentaReader      send_command('disarm') ignored — port not open
2026-07-05 15:37:14,416  WARNING  PortentaReader      send_command('disarm') ignored — port not open
2026-07-05 15:37:14,475  WARNING  PortentaReader      send_command('disarm') ignored — port not open
2026-07-05 15:37:14,534  WARNING  PortentaReader      send_command('disarm') ignored — port not open
2026-07-05 15:37:14,598  WARNING  PortentaReader      send_command('disarm') ignored — port not open
2026-07-05 15:37:14,660  WARNING  PortentaReader      send_command('disarm') ignored — port not open
2026-07-05 15:37:14,724  WARNING  PortentaReader      send_command('disarm') ignored — port not open
2026-07-05 15:37:14,789  WARNING  PortentaReader      send_command('disarm') ignored — port not open
2026-07-05 15:37:14,851  WARNING  PortentaReader      send_command('disarm') ignored — port not open
2026-07-05 15:37:14,909  WARNING  PortentaReader      send_command('disarm') ignored — port not open
2026-07-05 15:37:14,974  WARNING  PortentaReader      send_command('disarm') ignored — port not open
2026-07-05 15:37:15,036  WARNING  PortentaReader      send_command('disarm') ignored — port not open
2026-07-05 15:37:15,099  WARNING  PortentaReader      send_command('disarm') ignored — port not open
2026-07-05 15:37:15,161  WARNING  RecordingCore       HEALTH WARNING: LCR silent 117.1s — no new samples (auxiliary; other instruments still recording)
2026-07-05 15:37:15,162  WARNING  PortentaReader      send_command('disarm') ignored — port not open
2026-07-05 15:37:15,224  WARNING  PortentaReader      send_command('disarm') ignored — port not open
2026-07-05 15:37:15,284  WARNING  PortentaReader      send_command('disarm') ignored — port not open
2026-07-05 15:37:15,348  WARNING  PortentaReader      send_command('disarm') ignored — port not open
2026-07-05 15:37:15,409  WARNING  PortentaReader      send_command('disarm') ignored — port not open
2026-07-05 15:37:15,471  WARNING  PortentaReader      send_command('disarm') ignored — port not open
2026-07-05 15:37:15,533  WARNING  PortentaReader      send_command('disarm') ignored — port not open
2026-07-05 15:37:15,610  WARNING  PortentaReader      send_command('disarm') ignored — port not open
2026-07-05 15:37:15,672  WARNING  PortentaReader      send_command('disarm') ignored — port not open
2026-07-05 15:37:15,734  WARNING  PortentaReader      send_command('disarm') ignored — port not open
2026-07-05 15:37:15,797  WARNING  PortentaReader      send_command('disarm') ignored — port not open
2026-07-05 15:37:15,854  WARNING  PortentaReader      send_command('disarm') ignored — port not open
2026-07-05 15:37:15,920  WARNING  PortentaReader      send_command('disarm') ignored — port not open
2026-07-05 15:37:15,982  WARNING  PortentaReader      send_command('disarm') ignored — port not open
2026-07-05 15:37:16,045  WARNING  PortentaReader      send_command('disarm') ignored — port not open
2026-07-05 15:37:16,105  WARNING  PortentaReader      send_command('disarm') ignored — port not open
2026-07-05 15:37:16,167  WARNING  PortentaReader      send_command('disarm') ignored — port not open
2026-07-05 15:37:16,228  WARNING  PortentaReader      send_command('disarm') ignored — port not open
2026-07-05 15:37:16,290  WARNING  PortentaReader      send_command('disarm') ignored — port not open
2026-07-05 15:37:16,351  WARNING  PortentaReader      send_command('disarm') ignored — port not open
2026-07-05 15:37:16,413  WARNING  PortentaReader      send_command('disarm') ignored — port not open
2026-07-05 15:37:16,475  WARNING  PortentaReader      send_command('disarm') ignored — port not open
2026-07-05 15:37:16,537  WARNING  PortentaReader      send_command('disarm') ignored — port not open
2026-07-05 15:37:16,598  WARNING  PortentaReader      send_command('disarm') ignored — port not open
2026-07-05 15:37:16,660  WARNING  PortentaReader      send_command('disarm') ignored — port not open
2026-07-05 15:37:16,722  WARNING  PortentaReader      send_command('disarm') ignored — port not open
2026-07-05 15:37:16,785  WARNING  PortentaReader      send_command('disarm') ignored — port not open
2026-07-05 15:37:16,845  WARNING  PortentaReader      send_command('disarm') ignored — port not open
2026-07-05 15:37:16,923  WARNING  PortentaReader      send_command('disarm') ignored — port not open
2026-07-05 15:37:16,984  WARNING  PortentaReader      send_command('disarm') ignored — port not open
2026-07-05 15:37:17,046  WARNING  PortentaReader      send_command('disarm') ignored — port not open
2026-07-05 15:37:17,108  WARNING  PortentaReader      send_command('disarm') ignored — port not open
2026-07-05 15:37:17,170  WARNING  RecordingCore       HEALTH WARNING: LCR silent 119.1s — no new samples (auxiliary; other instruments still recording)
2026-07-05 15:37:17,171  WARNING  PortentaReader      send_command('disarm') ignored — port not open
2026-07-05 15:37:17,232  WARNING  PortentaReader      send_command('disarm') ignored — port not open
2026-07-05 15:37:17,294  WARNING  PortentaReader      send_command('disarm') ignored — port not open
2026-07-05 15:37:17,355  WARNING  PortentaReader      send_command('disarm') ignored — port not open
2026-07-05 15:37:17,417  WARNING  PortentaReader      send_command('disarm') ignored — port not open
2026-07-05 15:37:17,474  WARNING  PortentaReader      send_command('disarm') ignored — port not open
2026-07-05 15:37:17,534  WARNING  PortentaReader      send_command('disarm') ignored — port not open
2026-07-05 15:37:17,603  WARNING  PortentaReader      send_command('disarm') ignored — port not open
2026-07-05 15:37:17,663  WARNING  PortentaReader      send_command('disarm') ignored — port not open
2026-07-05 15:37:17,723  WARNING  PortentaReader      send_command('disarm') ignored — port not open
2026-07-05 15:37:17,787  WARNING  PortentaReader      send_command('disarm') ignored — port not open
2026-07-05 15:37:17,848  WARNING  PortentaReader      send_command('disarm') ignored — port not open
2026-07-05 15:37:17,909  WARNING  PortentaReader      send_command('disarm') ignored — port not open
2026-07-05 15:37:17,972  WARNING  PortentaReader      send_command('disarm') ignored — port not open
2026-07-05 15:37:18,033  WARNING  PortentaReader      send_command('disarm') ignored — port not open
2026-07-05 15:37:18,097  WARNING  PortentaReader      send_command('disarm') ignored — port not open
2026-07-05 15:37:18,164  WARNING  PortentaReader      send_command('disarm') ignored — port not open
2026-07-05 15:37:18,224  WARNING  PortentaReader      send_command('disarm') ignored — port not open
2026-07-05 15:37:18,295  WARNING  PortentaReader      send_command('disarm') ignored — port not open
2026-07-05 15:37:18,358  WARNING  PortentaReader      send_command('disarm') ignored — port not open
2026-07-05 15:37:18,411  WARNING  PortentaReader      send_command('disarm') ignored — port not open
2026-07-05 15:37:18,472  WARNING  PortentaReader      send_command('disarm') ignored — port not open
2026-07-05 15:37:18,540  WARNING  PortentaReader      send_command('disarm') ignored — port not open
2026-07-05 15:37:18,605  WARNING  PortentaReader      send_command('disarm') ignored — port not open
2026-07-05 15:37:18,667  WARNING  PortentaReader      send_command('disarm') ignored — port not open
2026-07-05 15:37:18,731  WARNING  PortentaReader      send_command('disarm') ignored — port not open
2026-07-05 15:37:18,794  WARNING  PortentaReader      send_command('disarm') ignored — port not open
2026-07-05 15:37:18,892  WARNING  PortentaReader      send_command('disarm') ignored — port not open
2026-07-05 15:37:18,897  WARNING  PortentaReader      send_command('disarm') ignored — port not open
2026-07-05 15:37:18,928  INFO   RecordingCore       Wrote C:\Users\yilin\Documents\GitHubRepo_Research\MicroTensileMachine\MicroTensileMachine\Experiment_SMACharacterizationV3\data\console_20260705_153450\meta.json
