t_rel_s,displacement_um,force_N,sma_v,sma_i,sma_r,sma_power_W,stage_mm
0,-4781.7037,0.22501675,0.492795,0.118394,4.062325,0.058343971,79.999979
0.0099999905,-4781.7037,0.22501675,0.492795,0.118394,4.062325,0.058343971,79.999979
0.019999981,-4781.7661,0.22557791,0.492795,0.118394,4.062325,0.058343971,79.999979
0.029999971,-4784.5603,0.22551089,0.492795,0.118394,4.062325,0.058343971,79.999979
0.039999962,-4783.2559,0.22471109,0.492795,0.118394,4.062325,0.058343971,79.999979
0.049999952,-4784.0292,0.22602132,0.492795,0.118394,4.062325,0.058343971,79.999979
0.059999943,-4782.5588,0.22653857,0.492795,0.118394,4.062325,0.058343971,79.999979
0.069999933,-4784.2772,0.22573212,0.492795,0.118394,4.062325,0.058343971,79.999979
0.079999924,-4784.6772,0.22566523,0.492795,0.118394,4.062325,0.058343971,79.999979
0.089999914,-4785.2084,0.22482252,0.492795,0.118394,4.062325,0.058343971,79.999979
0.099999905,-4784.5189,0.22523191,0.492795,0.118394,4.062325,0.058343971,79.999979
0.1099999,-4783.2803,0.22552483,0.492795,0.118394,4.062325,0.058343971,79.999979
0.11999989,-4781.6535,0.22505822,0.492795,0.118394,4.062325,0.058343971,79.999979
0.12999988,-4785.161,0.22575992,0.492795,0.118394,4.062325,0.058343971,79.999979
0.13999987,-4785.1051,0.22552718,0.492795,0.118394,4.062325,0.058343971,79.999979
0.14999986,-4784.7788,0.22526051,0.492795,0.118394,4.062325,0.058343971,79.999979
0.15999985,-4782.2813,0.22519506,0.492795,0.118394,4.062325,0.058343971,79.999979
0.16999984,-4784.4445,0.22593068,0.492795,0.118394,4.062325,0.058343971,79.999979
0.17999983,-4783.6252,0.22570847,0.492795,0.118394,4.062325,0.058343971,79.999979
0.18999982,-4784.3435,0.22529845,0.492795,0.118394,4.062325,0.058343971,79.999979
0.19999981,-4784.7724,0.22471008,0.492795,0.118394,4.062325,0.058343971,79.999979
0.2099998,-4783.466,0.2245684,0.492795,0.118394,4.062325,0.058343971,79.999979
0.21999979,-4784.0458,0.22489237,0.492795,0.118394,4.062325,0.058343971,79.999979
0.22999978,-4783.9255,0.2253761,0.492795,0.118394,4.062325,0.058343971,79.999979
0.23999977,-4784.8474,0.22600774,0.492795,0.118394,4.062325,0.058343971,79.999979
0.24999976,-4784.5664,0.22586168,0.492795,0.118394,4.062325,0.058343971,79.999979
0.25999975,-4785.5992,0.22551041,0.492795,0.118394,4.062325,0.058343971,79.999979
0.26999974,-4784.8793,0.22528392,0.492795,0.118394,4.062325,0.058343971,79.999979
0.27999973,-4782.7861,0.22529352,0.492795,0.118394,4.062325,0.058343971,79.999979
0.28999972,-4784.8585,0.22514269,0.492795,0.118394,4.062325,0.058343971,79.999979
0.29999971,-4785.6379,0.22602522,0.492795,0.118394,4.062325,0.058343971,79.999979
0.3099997,-4784.5821,0.22577249,0.492795,0.118394,4.062325,0.058343971,79.999979
0.31999969,-4785.9938,0.22474618,0.492795,0.118394,4.062325,0.058343971,79.999979
0.32999969,-4786.1448,0.22474618,0.492795,0.118394,4.062325,0.058343971,79.999979
0.33999968,-4784.7892,0.22492222,0.492795,0.118394,4.062325,0.058343971,79.999979
0.34999967,-4783.398,0.22500214,0.492795,0.118394,4.062325,0.058343971,79.999979
0.35999966,-4783.2334,0.22520278,0.492795,0.118394,4.062325,0.058343971,79.999979
0.36999965,-4784.9096,0.22508659,0.492795,0.118394,4.062325,0.058343971,79.999979
0.37999964,-4786.0566,0.22538744,0.492795,0.118394,4.062325,0.058343971,79.999979
0.38999963,-4786.3896,0.2257581,0.492795,0.118394,4.062325,0.058343971,79.999979
0.39999962,-4783.6124,0.22594888,0.492795,0.118394,4.062325,0.058343971,79.999979
0.40999961,-4786.5743,0.22589001,0.492795,0.118394,4.062325,0.058343971,79.999979
0.4199996,-4786.6215,0.22560907,0.492795,0.118394,4.062325,0.058343971,79.999979
0.42999959,-4785.9923,0.22574037,0.492795,0.118394,4.062325,0.058343971,79.999979
0.43999958,-4787.1146,0.22537539,0.492795,0.118394,4.062325,0.058343971,79.999979
0.44999957,-4786.8131,0.22511532,0.492795,0.118394,4.062325,0.058343971,79.999979
0.45999956,-4784.7396,0.22532404,0.492795,0.118394,4.062325,0.058343971,79.999979
0.46999955,-4785.0462,0.224412,0.492795,0.118394,4.062325,0.058343971,79.999979
0.47999954,-4787.6881,0.22625295,0.492795,0.118394,4.062325,0.058343971,79.999979
0.48999953,-4786.8097,0.22559114,0.492795,0.118394,4.062325,0.058343971,79.999979
0.49999952,-4786.9091,0.22587334,0.492795,0.118394,4.062325,0.058343971,79.999979
0.50999951,-4785.617,0.22587334,0.492795,0.118394,4.062325,0.058343971,79.999979
0.5199995,-4785.3892,0.22591059,0.492795,0.118394,4.062325,0.058343971,79.999979
0.52999949,-4785.5199,0.2247722,0.492795,0.118394,4.062325,0.058343971,79.999979
0.53999949,-4787.8937,0.22621122,0.492795,0.118394,4.062325,0.058343971,79.999979
0.54999948,-4787.2744,0.22535228,0.492795,0.118394,4.062325,0.058343971,79.999979
0.55999947,-4787.0568,0.22485694,0.492795,0.118394,4.062325,0.058343971,79.999979
0.56999946,-4786.2527,0.22470791,0.492795,0.118394,4.062325,0.058343971,79.999979
0.57999945,-4785.4485,0.22515758,0.492795,0.118394,4.062325,0.058343971,79.999979
0.58999944,-4788.2115,0.22583662,0.492795,0.118394,4.062325,0.058343971,79.999979
0.59999943,-4785.696,0.2251084,0.492795,0.118394,4.062325,0.058343971,79.999979
0.60999942,-4785.9891,0.22598234,0.492795,0.118394,4.062325,0.058343971,79.999979
0.61999941,-4788.1078,0.22533849,0.492795,0.118394,4.062325,0.058343971,79.999979
0.6299994,-4787.057,0.22574295,0.492795,0.118394,4.062325,0.058343971,79.999979
0.63999939,-4786.0152,0.22579804,0.492795,0.118394,4.062325,0.058343971,79.999979
0.64999938,-4787.6281,0.22604014,0.492795,0.118394,4.062325,0.058343971,79.999979
0.65999937,-4787.4666,0.22515928,0.492795,0.118394,4.062325,0.058343971,79.999979
0.66999936,-4786.5693,0.22543975,0.492795,0.118394,4.062325,0.058343971,79.999979
0.67999935,-4788.1051,0.22572553,0.492795,0.118394,4.062325,0.058343971,79.999979
0.68999934,-4787.5598,0.22592253,0.492795,0.118394,4.062325,0.058343971,79.999979
0.69999933,-4787.615,0.22518398,0.492795,0.118394,4.062325,0.058343971,79.999979
0.70999932,-4787.6702,0.22454263,0.492795,0.118394,4.062325,0.058343971,79.999979
0.71999931,-4787.1124,0.22491717,0.492795,0.118394,4.062325,0.058343971,79.999979
0.7299993,-4788.1336,0.22491511,0.492795,0.118394,4.062325,0.058343971,79.999979
0.73999929,-4788.5905,0.22503052,0.492795,0.118394,4.062325,0.058343971,79.999979
0.74999928,-4786.6323,0.22527908,0.492795,0.118394,4.062325,0.058343971,79.999979
0.75999928,-4787.3517,0.22516807,0.492795,0.118394,4.062325,0.058343971,79.999979
0.76999927,-4788.0396,0.22465229,0.492795,0.118394,4.062325,0.058343971,79.999979
0.77999926,-4785.6937,0.22462125,0.492795,0.118394,4.062325,0.058343971,79.999979
0.78999925,-4788.402,0.22581139,0.492795,0.118394,4.062325,0.058343971,79.999979
0.79999924,-4788.4344,0.22522124,0.492795,0.118394,4.062325,0.058343971,79.999979
0.80999923,-4787.6617,0.22532369,0.492795,0.118394,4.062325,0.058343971,79.999979
0.81999922,-4786.0093,0.22526781,0.492795,0.118394,4.062325,0.058343971,79.999979
0.82999921,-4785.788,0.22548083,0.492795,0.118394,4.062325,0.058343971,79.999979
0.8399992,-4785.6094,0.22535476,0.492795,0.118394,4.062325,0.058343971,79.999979
0.84999919,-4787.4708,0.22577051,0.492795,0.118394,4.062325,0.058343971,79.999979
0.85999918,-4787.7122,0.22569586,0.492795,0.118394,4.062325,0.058343971,79.999979
0.86999917,-4787.1868,0.2247271,0.492795,0.118394,4.062325,0.058343971,79.999979
0.87999916,-4786.7707,0.22567329,0.492795,0.118394,4.062325,0.058343971,79.999979
0.88999915,-4786.9231,0.22583089,0.492795,0.118394,4.062325,0.058343971,79.999979
0.89999914,-4787.4523,0.22610688,0.492795,0.118394,4.062325,0.058343971,79.999979
0.90999913,-4787.8845,0.22584648,0.492795,0.118394,4.062325,0.058343971,79.999979
0.91999912,-4787.5683,0.2255817,0.492795,0.118394,4.062325,0.058343971,79.999979
0.92999911,-4788.1665,0.22537355,0.492795,0.118394,4.062325,0.058343971,79.999979
0.9399991,-4786.9237,0.22442912,0.492795,0.118394,4.062325,0.058343971,79.999979
0.94999909,-4788.0709,0.22572968,0.492795,0.118394,4.062325,0.058343971,79.999979
0.95999908,-4787.7969,0.22548052,0.492795,0.118394,4.062325,0.058343971,79.999979
0.96999907,-4788.3355,0.22510051,0.492795,0.118394,4.062325,0.058343971,79.999979
0.97999907,-4788.304,0.225447,0.492795,0.118394,4.062325,0.058343971,79.999979
0.98999906,-4786.3183,0.22560428,0.492795,0.118394,4.062325,0.058343971,79.999979
0.99999905,-4788.2365,0.22485196,0.492795,0.118394,4.062325,0.058343971,79.999979
1.009999,-4788.5113,0.22485196,0.492795,0.118394,4.062325,0.058343971,79.999979
1.019999,-4786.4359,0.22504351,0.492795,0.118394,4.062325,0.058343971,79.999979
1.029999,-4788.7545,0.22554528,0.492795,0.118394,4.062325,0.058343971,79.999979
1.039999,-4787.8167,0.22594873,0.492795,0.118394,4.062325,0.058343971,79.999979
1.049999,-4786.9248,0.22524281,0.492795,0.118394,4.062325,0.058343971,79.999979
1.059999,-4787.7776,0.22508977,0.492795,0.118394,4.062325,0.058343971,79.999979
1.069999,-4787.1874,0.22582576,0.492795,0.118394,4.062325,0.058343971,79.999979
1.079999,-4787.7893,0.22524841,0.492795,0.118394,4.062325,0.058343971,79.999979
1.089999,-4787.6564,0.22467106,0.492795,0.118394,4.062325,0.058343971,79.999979
1.099999,-4786.0957,0.22589775,0.492795,0.118394,4.062325,0.058343971,79.999979
1.1099989,-4787.8535,0.22522808,0.77220084,0.17735662,4.0624167,0.25237409,79.999979
1.1199989,-4785.7304,0.22518744,2.9711173,0.7145053,4.0975395,2.1229357,79.999979
1.1299989,-4783.6814,0.22587541,3.0230941,0.68490763,4.312742,2.0302572,79.999979
1.1399989,-4782.8717,0.22614799,3.0440852,0.69389133,4.2729592,2.0859781,79.999979
1.1499989,-4782.0619,0.22642057,3.0650763,0.70008745,4.2758093,2.1416991,79.999979
1.1599989,-4783.2148,0.22650325,3.1079906,0.69095322,4.3776673,2.147103,79.999979
1.1699989,-4780.2146,0.2260802,3.0670958,0.69284602,4.2791777,2.1249767,79.999979
1.1799989,-4761.2516,0.2263735,3.0513062,0.68550755,4.3330625,2.1045354,79.999979
1.1899989,-4736.9921,0.22877364,3.0667188,0.70146225,4.2663141,2.1539762,79.999979
1.1999989,-4734.2754,0.22783018,3.0519909,0.6956456,4.2963706,2.1253519,79.999979
1.2099988,-4731.5587,0.22759663,3.0458249,0.69406578,4.3023126,2.1293014,79.999979
1.2199988,-4727.9022,0.22736308,3.0396589,0.70116689,4.2649843,2.1332509,79.999979
1.2299988,-4719.3227,0.22731361,3.0297466,0.73350384,3.9680981,2.2223958,79.999979
1.2399988,-4696.9075,0.23052787,3.0832773,0.69186244,4.3542302,2.1430918,79.999979
1.2499988,-4678.7362,0.22960318,3.12225,0.71255161,4.2162959,2.2439919,79.999979
1.2599988,-4671.4927,0.22976138,3.1460201,0.69910203,4.4052166,2.1991061,79.999979
1.2699988,-4668.9818,0.22991957,3.1107753,0.69528804,4.3792215,2.1628675,79.999979
1.2799988,-4666.4708,0.23017941,3.0847183,0.69492071,4.3505833,2.1469197,79.999979
1.2899988,-4659.1756,0.23130445,3.0688174,0.71294941,4.1669265,2.1823455,79.999979
1.2999988,-4634.7778,0.23235321,3.0887812,0.70323856,4.2586688,2.1721749,79.999979
1.3099988,-4611.4194,0.23331031,3.0696619,0.70191479,4.2733132,2.1546412,79.999979
1.3199987,-4605.1835,0.23352664,3.0702368,0.71201197,4.2156712,2.1860561,79.999979
1.3299987,-4601.9129,0.23374298,3.0708117,0.72210915,4.1580293,2.2174709,79.999979
1.3399987,-4598.6422,0.23395932,3.0789759,0.73313717,4.1023881,2.2573719,79.999979
1.3499987,-4583.287,0.23401321,3.1081154,0.7353355,4.1281078,2.2691757,79.999979
1.3599987,-4556.9284,0.2339437,3.1325416,0.7358234,4.161255,2.2792687,79.999979
1.3699987,-4540.013,0.2351227,3.0669702,0.71449615,4.1884084,2.1971847,79.999979
1.3799987,-4531.9825,0.23561454,3.0927274,0.70719655,4.2458723,2.2028587,79.999979
1.3899987,-4529.4292,0.23610637,3.0936376,0.70591763,4.270958,2.256122,79.999979
1.3999987,-4526.8759,0.23684792,3.0945477,0.73642501,4.1060586,2.3093853,79.999979
1.4099987,-4505.9425,0.23702736,3.1083591,0.71212743,4.2853183,2.2135283,79.999979
1.4199986,-4489.6955,0.23636757,3.1252581,0.70777401,4.3068551,2.2140538,79.999979
1.4299986,-4470.9257,0.23827027,0.52213592,0.11723721,4.0371861,0.061209505,79.999979
1.4399986,-4462.0084,0.23801449,0.54637496,0.12929472,4.00758,0.077381919,79.999979
1.4499986,-4459.9865,0.23785818,0.54033646,0.11747221,4.5059598,0.069475956,79.999979
1.4599986,-4457.9646,0.23770186,0.53429795,0.11138894,4.6915716,0.061569994,79.999979
1.4699986,-4452.3778,0.23754555,0.49267174,0.1061129,4.5797643,0.05230317,79.999979
1.4799986,-4440.4148,0.23989676,0.61511314,0.095487153,6.6815628,0.058779564,79.999979
1.4899986,-4438.2728,0.23922192,0.48923452,0.098367691,4.8724633,0.048137045,79.999979
1.4999986,-4443.3627,0.23801349,0.49956456,0.098653745,4.9618795,0.049306002,79.999979
1.5099986,-4442.8127,0.2386421,0.5098946,0.0989398,5.0512958,0.05047496,79.999979
1.5199986,-4442.5068,0.23896075,0.52022464,0.099225854,5.1407121,0.051643917,79.999979
1.5299985,-4442.2031,0.23926103,0.53055468,0.099511908,5.2301284,0.052812874,79.999979
1.5399985,-4444.5883,0.23759166,0.54088472,0.099797963,5.3195446,0.053981831,79.999979
1.5499985,-4445.7292,0.23793105,0.53408104,0.11117192,4.8521643,0.06426443,79.999979
1.5599985,-4444.8275,0.23783524,0.49106482,0.136108,3.6263139,0.071716199,79.999979
1.5699985,-4447.435,0.23733105,0.48943393,0.13290783,3.5874004,0.071112852,79.999979
1.5799985,-4446.647,0.23725468,0.48780305,0.1346947,3.5285728,0.070509506,79.999979
1.5899985,-4445.4614,0.23859491,0.48617217,0.13648158,3.4697452,0.069906159,79.999979
1.5999985,-4444.3524,0.2370334,0.48454129,0.13826845,3.4109176,0.069302812,79.999979
1.6099985,-4448.534,0.2381493,0.48291041,0.14005532,3.35209,0.068699466,79.999979
1.6199985,-4449.2242,0.23884557,0.48127151,0.14197518,3.2912577,0.06836251,79.999979
1.6299984,-4449.8586,0.23768178,0.47958237,0.14531315,3.2090475,0.069694594,79.999979
1.6399984,-4450.2046,0.23818404,0.47789322,0.14865111,3.1268373,0.071026677,79.999979
1.6499984,-4450.7975,0.23855178,0.47620408,0.15198908,3.0446272,0.072358761,79.999979
1.6599984,-4448.3944,0.23847629,0.47451494,0.15532705,2.962417,0.073690845,79.999979
1.6699984,-4453.7934,0.23902323,0.4811481,0.1310732,3.8084541,0.061623365,79.999979
1.6799984,-4455.3913,0.23876583,0.48479572,0.092433019,5.143337,0.057787454,79.999979
1.6899984,-4456.4476,0.23817766,0.48768186,0.092259623,5.1844258,0.055209216,79.999979
1.6999984,-4454.9671,0.23853299,0.490568,0.092086228,5.2255145,0.052630977,79.999979
1.7099984,-4454.7702,0.23903506,0.49345414,0.091912833,5.2666032,0.050052738,79.999979
1.7199984,-4457.4684,0.23762978,0.49634029,0.091739438,5.307692,0.0474745,79.999979
1.7299984,-4458.1007,0.2376538,0.49859398,0.10382202,4.8931801,0.053741142,79.999979
1.7399983,-4457.9013,0.23800019,0.53956915,0.10578059,4.2617503,0.056886563,79.999979
1.7499983,-4455.474,0.23854788,0.4925449,0.13313829,3.6171949,0.065695753,79.999979
1.7599983,-4455.7066,0.23795342,0.48728891,0.12514631,3.8689697,0.061244681,79.999979
1.7699983,-4456.276,0.23749214,0.48203292,0.11715434,4.1207446,0.056793609,79.999979
1.7799983,-4453.0153,0.23820816,0.47677693,0.10916236,4.3725194,0.052342537,79.999979
1.7899983,-4455.2882,0.23716034,0.47152094,0.10117039,4.6242942,0.047891465,79.999979
1.7999983,-4454.9293,0.23690192,0.46668916,0.093635497,4.876069,0.043713306,79.999979
1.8099983,-4459.1981,0.23713735,0.47970083,0.10532689,4.5937456,0.051014559,79.999979
1.8199983,-4459.4692,0.23764753,0.49271251,0.11701827,4.2670691,0.058315813,79.999979
1.8299983,-4459.4692,0.23776631,0.50572419,0.12870966,3.9403925,0.065617067,79.999979
1.8399982,-4458.6921,0.23791089,0.51873587,0.14040105,3.613716,0.072918321,79.999979
1.8499982,-4460.2406,0.23771999,0.48663288,0.10676917,4.4498482,0.057239707,79.999979
1.8599982,-4460.8279,0.23937928,0.48133164,0.10153858,4.6138379,0.051889035,79.999979
1.8699982,-4460.3335,0.23780635,0.4760304,0.096307986,4.7778277,0.046538363,79.999979
1.8799982,-4461.0674,0.23726658,0.47300975,0.10012683,4.8649497,0.047602751,79.999979
1.8899982,-4460.0927,0.23722771,0.47093782,0.10875843,4.4136596,0.051335733,79.999979
1.8999982,-4458.4405,0.23692163,0.46886588,0.11739002,3.9623696,0.055068715,79.999979
1.9099982,-4461.1627,0.23775935,0.49230815,0.11506625,4.30824,0.056664111,79.999979
1.9199982,-4459.7024,0.23787753,0.48815508,0.10869871,4.3906227,0.053618185,79.999979
1.9299982,-4458.0468,0.23757524,0.48922724,0.1090336,4.3867657,0.053788921,79.999979
1.9399981,-4458.2458,0.23763489,0.49029941,0.10936849,4.3829087,0.053959657,79.999979
1.9499981,-4458.2458,0.23718982,0.49137157,0.10970338,4.3790517,0.054130394,79.999979
1.9599981,-4459.2986,0.23734225,0.49244374,0.11003827,4.3751947,0.05430113,79.999979
1.9699981,-4460.2101,0.23761704,0.4935159,0.11037316,4.3713377,0.054471866,79.999979
1.9799981,-4462.3811,0.23721396,0.50968288,0.11087565,4.4867943,0.056514556,79.999979
1.9899981,-4462.8071,0.23821884,0.48433556,0.11392147,4.1448282,0.053683407,79.999979
1.9999981,-4462.4075,0.23684663,0.4893201,0.11275182,4.2376338,0.053973341,79.999979
2.0099981,-4462.3859,0.23671589,0.49430464,0.11158218,4.3304395,0.054263276,79.999979
2.0199981,-4464.1584,0.23698836,0.49928918,0.11041254,4.4232451,0.054553211,79.999979
2.0299981,-4463.1175,0.23678257,0.50427372,0.10924289,4.5160507,0.054843145,79.999979
2.0399981,-4462.2876,0.23729006,0.46632151,0.14349432,3.3253611,0.067160785,79.999979
2.049998,-4460.7874,0.23798572,0.45862179,0.11013185,4.6900415,0.050508439,79.999979
2.059998,-4461.8336,0.23654112,0.57559771,0.11272183,5.0189162,0.065812483,79.999979
2.069998,-4462.9586,0.23773733,0.56081701,0.11278643,4.8828015,0.06399671,79.999979
2.079998,-4462.1989,0.23789079,0.5460363,0.11285103,4.7466868,0.062180937,79.999979
2.089998,-4461.3917,0.23743501,0.53125559,0.11291563,4.6105721,0.060365163,79.999979
2.099998,-4460.8915,0.23747605,0.51647489,0.11298022,4.4744575,0.05854939,79.999979
2.109998,-4462.9838,0.23733085,0.50169418,0.11304482,4.3383428,0.056733617,79.999979
2.119998,-4461.501,0.23721365,0.45893216,0.10941909,4.1879114,0.050158501,79.999979
2.129998,-4461.2982,0.23705771,0.5013119,0.097664028,4.9377653,0.054757035,79.999979
2.139998,-4461.0954,0.23718332,0.49891143,0.10325227,4.7524296,0.05267129,79.999979
2.1499979,-4460.8927,0.23730894,0.55524473,0.15586096,3.4017601,0.077311523,79.999979
2.1599979,-4460.5013,0.23765645,0.49431308,0.098416408,4.926633,0.048663113,79.999979
2.1699979,-4463.9744,0.23782424,0.49798468,0.10131012,4.8209927,0.050473145,79.999979
2.1799979,-4463.7993,0.23764359,0.50165629,0.10420384,4.7153525,0.052283177,79.999979
2.1899979,-4465.3589,0.2368019,0.50141923,0.10513172,4.6703773,0.052645872,79.999979
2.1999979,-4465.4054,0.23695983,0.49938894,0.10492125,4.6605307,0.052344549,79.999979
2.2099979,-4465.4054,0.23711967,0.49735865,0.10471079,4.6506841,0.052043226,79.999979
2.2199979,-4465.4054,0.23727951,0.49532835,0.10450033,4.6408375,0.051741903,79.999979
2.2299979,-4465.4054,0.23743935,0.49329806,0.10428986,4.6309909,0.05144058,79.999979
2.2399979,-4464.4728,0.23748471,0.51186222,0.11381725,4.0704909,0.058249168,79.999979
2.2499979,-4462.5367,0.23743099,0.47699003,0.10530955,4.438343,0.05018945,79.999979
2.2599978,-4462.1227,0.23744618,0.48592261,0.10296618,4.6434398,0.049921157,79.999979
2.2699978,-4462.7349,0.23760403,0.4948552,0.10062282,4.8485366,0.049652863,79.999979
2.2799978,-4464.0439,0.23793207,0.50378778,0.09827945,5.0536334,0.04938457,79.999979
2.2899978,-4460.715,0.2371979,0.51272037,0.095936084,5.2587302,0.049116276,79.999979
2.2999978,-4460.8791,0.2381669,0.51885325,0.097607976,5.2474524,0.051130136,79.999979
2.3099978,-4462.1382,0.23734847,0.54833037,0.12422485,4.4264734,0.067998976,79.999979
2.3199978,-4463.6788,0.2369703,0.50770619,0.095422828,5.2394818,0.048460738,79.999979
2.3299978,-4462.3359,0.23751667,0.5090775,0.099144048,5.0734869,0.050501325,79.999979
2.3399978,-4461.9161,0.23799538,0.51044881,0.10286527,4.9074921,0.052541913,79.999979
2.3499978,-4463.7451,0.23689203,0.51182012,0.10658649,4.7414973,0.0545825,79.999979
2.3599977,-4459.8991,0.23837993,0.51319143,0.11030771,4.5755025,0.056623088,79.999979
2.3699977,-4461.3368,0.23773889,0.51277114,0.098819955,5.6185915,0.050627966,79.999979
2.3799977,-4462.7276,0.23729713,0.52875587,0.1077864,4.4044278,0.056520457,79.999979
2.3899977,-4462.7276,0.2371417,0.47779437,0.13759455,3.5072697,0.065889467,79.999979
2.3999977,-4462.7276,0.2371417,0.47753642,0.13630328,3.4089183,0.063836394,79.999979
2.4099977,-4462.8518,0.23773166,0.4813808,0.13016784,3.6252349,0.061677309,79.999979
2.4199977,-4461.6089,0.23773399,0.48522518,0.1240324,3.8415515,0.059518223,79.999979
2.4299977,-4461.9172,0.23784019,0.48906957,0.11789696,4.0578682,0.057359137,79.999979
2.4399977,-4459.603,0.23773587,0.49395809,0.11303288,4.2589619,0.055819582,79.999979
2.4499977,-4459.1779,0.23725417,0.50183286,0.11180493,4.3796386,0.056051898,79.999979
2.4599977,-4459.1779,0.23744114,0.50970764,0.11057698,4.5003154,0.056284214,79.999979
2.4699976,-4459.1779,0.23762811,0.51758242,0.10934903,4.6209921,0.05651653,79.999979
2.4799976,-4459.3921,0.23781144,0.5254572,0.10812108,4.7416688,0.056748846,79.999979
2.4899976,-4460.7782,0.23793174,0.53333198,0.10689313,4.8623455,0.056981163,79.999979
2.4999976,-4460.3354,0.23793334,0.51186447,0.10592962,4.9830222,0.059263303,79.999979
2.5099976,-4460.4673,0.23783917,0.49081255,0.13719429,4.3026583,0.06493201,79.999979
2.5199976,-4460.7454,0.23774501,0.53129201,0.13645143,3.5838036,0.07191884,79.999979
2.5299976,-4461.0235,0.23759536,0.52750544,0.10728001,4.8555621,0.056599271,79.999979
2.5399976,-4460.3495,0.23696536,0.51518644,0.10714955,4.7218871,0.055369852,79.999979
2.5499976,-4462.0826,0.23712535,0.50286744,0.10751669,4.5909131,0.054140432,79.999979
2.5599976,-4462.3573,0.23810772,0.49526496,0.10838846,4.4787712,0.053696642,79.999979
2.5699975,-4460.0176,0.23808887,0.5045208,0.10373187,4.7648192,0.052377063,79.999979
2.5799975,-4460.384,0.23808887,0.50042886,0.13624939,3.3290631,0.06885416,79.999979
2.5899975,-4460.7986,0.23808887,0.49025968,0.11504687,4.2110418,0.064073553,79.999979
2.5999975,-4461.2133,0.23731944,0.48009051,0.10377374,4.6667114,0.059292945,79.999979
2.6099975,-4462.0019,0.23725512,0.46992133,0.10302543,4.5553188,0.054512337,79.999979
2.6199975,-4460.0628,0.23761548,0.45975215,0.10227712,4.4439261,0.049731729,79.999979
2.6299975,-4460.8446,0.23744862,0.45519695,0.10148701,4.3661232,0.046178011,79.999979
2.6399975,-4459.7618,0.23790893,0.47259359,0.10046227,4.5934791,0.047421684,79.999979
2.6499975,-4459.3557,0.23768209,0.48999023,0.099437526,4.820835,0.048665357,79.999979
2.6599975,-4459.7691,0.23742922,0.50738687,0.098412787,5.0481909,0.04990903,79.999979
2.6699975,-4457.6534,0.23753319,0.50841019,0.10211176,4.6834724,0.052033228,79.999979
2.6799974,-4458.1747,0.23818585,0.51149902,0.11164799,4.3207738,0.057107374,79.999979
2.6899974,-4458.9327,0.23791548,0.50322622,0.13716111,3.630119,0.068973752,79.999979
2.6999974,-4458.8846,0.23765421,0.50734535,0.10372332,4.6109775,0.061387611,79.999979
2.7099974,-4459.1644,0.23765421,0.49776151,0.1099831,4.5867396,0.058901755,79.999979
2.7199974,-4459.6436,0.23765421,0.50238368,0.12121179,4.134276,0.060919716,79.999979
2.7299974,-4460.1228,0.23792249,0.51124665,0.11545788,4.4783922,0.059016266,79.999979
2.7399974,-4460.5862,0.23880353,0.5293465,0.11155529,4.9726361,0.059191052,79.999979
2.7499974,-4458.8143,0.23769761,0.5112706,0.11501562,4.4872254,0.058803477,79.999979
2.7599974,-4458.5652,0.23672223,0.58567003,0.11850884,4.4564737,0.069168135,79.999979
2.7699974,-4458.5652,0.23672223,0.59028888,0.12032835,4.7706845,0.068585887,79.999979
2.7799973,-4458.5652,0.23672223,0.54815428,0.11806796,4.9731369,0.055277456,79.999979
2.7899973,-4458.6468,0.23672223,0.57484012,0.10938835,5.4269299,0.062964509,79.999979
2.7999973,-4460.9327,0.23701215,0.54329384,0.11011732,4.829719,0.061086036,79.999979
2.8099973,-4461.2733,0.23746065,0.55135132,0.10580868,4.8535465,0.058445818,79.999979
2.8199973,-4461.7321,0.23776562,0.54829291,0.10783299,4.9799644,0.059128245,79.999979
2.8299973,-4461.3446,0.23800346,0.53373513,0.11551743,5.0298035,0.061598381,79.999979
2.8399973,-4460.4201,0.2382413,0.53035186,0.15234092,5.0796427,0.080736481,79.999979
2.8499973,-4459.4956,0.23847915,0.60249626,0.13728649,3.6038619,0.078933734,79.999979
2.8599973,-4459.1699,0.23790241,0.55853687,0.10025023,4.8628136,0.074850401,79.999979
2.8699973,-4458.4821,0.23730703,0.53009443,0.12427636,4.8327587,0.065741791,79.999979
2.8799973,-4460.2667,0.23726208,0.55072785,0.11939574,4.5125996,0.065754572,79.999979
2.8899972,-4460.5178,0.23726208,0.52320349,0.1243737,3.9003344,0.071080273,79.999979
2.8999972,-4460.7689,0.23726208,0.50497323,0.14354787,4.0984167,0.074241113,79.999979
2.9099972,-4460.8734,0.23726208,0.58596516,0.12495418,3.0276933,0.066897861,79.999979
2.9199972,-4461.3219,0.23829695,0.59082433,0.13113574,4.405295,0.077499759,79.999979
2.9299972,-4459.682,0.23753393,0.52274384,0.16444426,3.4375973,0.071821405,79.999979
2.9399972,-4460.275,0.23853739,0.61957034,0.12102488,5.0389245,0.071086637,79.999979
2.9499972,-4460.7986,0.23826728,0.60352308,0.11620819,5.1204014,0.06737205,79.999979
2.9599972,-4461.729,0.23795271,0.58747582,0.11139149,5.2018784,0.063657464,79.999979
2.9699972,-4460.5624,0.2378676,0.57142855,0.10657479,5.2833553,0.059942878,79.999979
2.9799972,-4461.8381,0.23792538,0.55538129,0.10175809,5.3648322,0.056228291,79.999979
2.9899971,-4460.5345,0.23722975,0.54223264,0.09910901,5.3749072,0.053747346,79.999979
2.9999971,-4459.8321,0.2378477,0.53218886,0.098781787,5.2904944,0.052587825,79.999979
3.0099971,-4459.9945,0.23744492,0.52214508,0.098454565,5.2060815,0.051428303,79.999979
3.0199971,-4460.8112,0.23756254,0.5121013,0.098127342,5.1216687,0.050268782,79.999979
3.0299971,-4458.6462,0.23777457,0.50205752,0.09780012,5.0372558,0.04910926,79.999979
3.0399971,-4457.4093,0.23860649,0.51745021,0.095830941,5.2806134,0.049465797,79.999979
3.0499971,-4461.499,0.2379435,0.56285768,0.091924271,6.0030838,0.051611266,79.999979
3.0599971,-4461.2361,0.23761323,0.48804604,0.11551128,4.1828003,0.056370309,79.999979
3.0699971,-4460.1368,0.23774011,0.56990935,0.10936156,5.1257314,0.062219171,79.999979
3.0799971,-4460.6194,0.23772311,0.54378403,0.11064933,4.8438839,0.059964909,79.999979
3.0899971,-4458.5951,0.23784516,0.5176587,0.1119371,4.5620364,0.057710647,79.999979
3.099997,-4460.5303,0.23859881,0.49153338,0.11322487,4.2801888,0.055456385,79.999979
3.109997,-4458.5282,0.23872786,0.46540806,0.11451264,3.9983413,0.053202123,79.999979
3.119997,-4461.0238,0.23713349,0.45100084,0.11447063,3.8337848,0.051617128,79.999979
3.129997,-4457.6793,0.23781147,0.4533794,0.11252376,3.9295501,0.050990832,79.999979
3.139997,-4460.6373,0.23816705,0.45575796,0.11057689,4.0253154,0.050364536,79.999979
3.149997,-4461.0261,0.2386948,0.45813651,0.10863002,4.1210807,0.049738241,79.999979
3.159997,-4458.8627,0.23755159,0.46051507,0.10668315,4.2168459,0.049111945,79.999979
3.169997,-4458.6163,0.2367435,0.4645651,0.1067184,4.2841843,0.05009271,79.999979
3.179997,-4458.0131,0.23850871,0.47769949,0.12479473,3.7949098,0.059807768,79.999979
3.189997,-4460.5792,0.23741941,0.49590546,0.1147945,4.3778797,0.056932158,79.999979
3.1999969,-4460.8868,0.23681746,0.5082314,0.10810192,4.4648407,0.054043988,79.999979
3.2099969,-4461.2207,0.23699095,0.5077974,0.10551183,4.7089477,0.053120143,79.999979
3.2199969,-4461.5546,0.23716444,0.50250592,0.1400763,3.595669,0.051291938,79.999979
3.2299969,-4457.8561,0.2371703,0.52733474,0.10533451,4.9141932,0.055556801,79.999979
3.2399969,-4460.8098,0.23795172,0.53025449,0.10733693,4.8518527,0.056952196,79.999979
3.2499969,-4461.4127,0.23767331,0.53317425,0.10933935,4.7895122,0.05834759,79.999979
3.2599969,-4460.5859,0.23775527,0.536094,0.11134177,4.7271717,0.059742985,79.999979
3.2699969,-4459.7591,0.23783723,0.53901375,0.11334419,4.6648313,0.06113838,79.999979
3.2799969,-4459.3362,0.23745374,0.5419335,0.11534661,4.6024908,0.062533775,79.999979
3.2899969,-4460.7132,0.23809442,0.53731689,0.11632422,4.5316557,0.062402114,79.999979
3.2999969,-4459.5565,0.23799416,0.50876849,0.11265825,4.4223301,0.057421274,79.999979
3.3099968,-4460.2759,0.23753569,0.48022009,0.10899228,4.3130046,0.052440433,79.999979
3.3199968,-4460.388,0.23687831,0.4735171,0.10492598,4.3854153,0.049596351,79.999979
3.3299968,-4460.4668,0.23674539,0.49798087,0.10028853,4.8585876,0.049800774,79.999979
3.3399968,-4459.3947,0.23738347,0.50871851,0.10765126,5.0339064,0.054317901,79.999979
3.3499968,-4457.9553,0.23770869,0.50278364,0.11806859,4.591397,0.058342931,79.999979
3.3599968,-4458.965,0.23697577,0.52687501,0.11380269,4.434688,0.058682998,79.999979
3.3699968,-4459.0757,0.23739321,0.51363798,0.13997278,3.154722,0.070349129,79.999979
3.3799968,-4459.3108,0.23860362,0.51322495,0.10187439,4.9576187,0.052265557,79.999979
3.3899968,-4459.472,0.23827209,0.49707009,0.10353602,4.8393228,0.05192822,79.999979
3.3999968,-4459.7661,0.23794056,0.48639697,0.10747446,4.5290042,0.051917965,79.999979
3.4099967,-4460.8449,0.23762463,0.50964015,0.08955071,5.4904157,0.054975874,79.999979
3.4199967,-4458.8987,0.23787448,0.52174341,0.11881989,4.2905881,0.062008028,79.999979
3.4299967,-4457.8849,0.23804512,0.52144655,0.13498188,3.7641243,0.070390414,79.999979
3.4399967,-4459.1786,0.23854381,0.4992998,0.14737715,3.4999418,0.062251359,79.999979
3.4499967,-4459.5615,0.23866922,0.51607656,0.12990429,3.9217057,0.066807616,79.999979
3.4599967,-4459.9444,0.23812685,0.53522316,0.13137678,3.8303264,0.065712782,79.999979
3.4699967,-4460.2982,0.23758447,0.49839234,0.11754537,4.1529743,0.058759039,79.999979
3.4799967,-4461.0005,0.23782473,0.54044946,0.1451535,3.9849637,0.073736029,79.999979
3.4899967,-4461.703,0.23773084,0.52535453,0.11475495,4.1638392,0.060282312,79.999979
3.4999967,-4459.9432,0.23728671,0.50538099,0.12256447,4.4612799,0.062002743,79.999979
3.5099967,-4459.3287,0.23729716,0.5522944,0.12563852,4.2908773,0.067440016,79.999979
3.5199966,-4458.7141,0.23732847,0.54281633,0.11349128,4.718585,0.061754661,79.999979
3.5299966,-4458.3406,0.23735979,0.55872979,0.10440891,4.6744498,0.058291289,79.999979
3.5399966,-4459.8239,0.23730136,0.58499975,0.12387208,4.6784445,0.07245978,79.999979
3.5499966,-4460.4616,0.2372709,0.54190468,0.11269963,5.0707365,0.06088324,79.999979
3.5599966,-4460.2604,0.23731172,0.56565254,0.10967883,4.978542,0.067773391,79.999979
3.5699966,-4461.2743,0.23728249,0.55582275,0.12761425,4.2337374,0.070913005,79.999979
3.5799966,-4461.1306,0.2372056,0.57508205,0.1262822,4.4098939,0.072605274,79.999979
3.5899966,-4460.5539,0.23712871,0.63657928,0.10724995,5.8131306,0.068424982,79.999979
3.5999966,-4459.3633,0.23692186,0.55673921,0.12369772,4.2065439,0.068988749,79.999979
3.6099966,-4458.2257,0.23798486,0.54231264,0.12353097,4.3895115,0.066891784,79.999979
3.6199965,-4461.2434,0.23722475,0.51844759,0.10937015,4.6184357,0.05674455,79.999979
3.6299965,-4461.0143,0.23738475,0.53140757,0.12645264,4.0990531,0.067201877,79.999979
3.6399965,-4461.2607,0.23755085,0.52932919,0.12350567,4.1844407,0.065386988,79.999979
3.6499965,-4461.5071,0.23771695,0.52725081,0.1205587,4.2698283,0.063572099,79.999979
3.6599965,-4461.7535,0.23788305,0.53511224,0.11880444,4.3744623,0.063698005,79.999979
3.6699965,-4461.9999,0.23804915,0.55629822,0.11998268,4.5347319,0.067109019,79.999979
3.6799965,-4462.0961,0.23833954,0.53759018,0.11825854,4.6903094,0.063495575,79.999979
3.6899965,-4461.1767,0.23844943,0.5588899,0.17036091,3.1610946,0.081694791,79.999979
3.6999965,-4461.1767,0.23845106,0.59524787,0.14983659,3.821177,0.089644663,79.999979
3.7099965,-4461.1767,0.23845678,0.57073828,0.12931227,4.4812594,0.075722103,79.999979
3.7199965,-4460.8919,0.2384625,0.55632768,0.12022091,4.5690309,0.066885264,79.999979
3.7299964,-4458.7197,0.23801872,0.61657706,0.12211154,5.0924426,0.077335775,79.999979
3.7399964,-4460.6228,0.23811449,0.58826548,0.11244852,4.0030528,0.065892388,79.999979
3.7499964,-4460.57,0.23758123,0.59754205,0.13948233,4.3015924,0.082815864,79.999979
3.7599964,-4460.57,0.23732168,0.58551183,0.13358096,4.318473,0.068263865,79.999979
3.7699964,-4460.57,0.23732168,0.57660346,0.1254206,4.504624,0.070546023,79.999979
3.7799964,-4460.7381,0.23732168,0.56254075,0.13193397,5.0363711,0.074298669,79.999979
3.7899964,-4461.8072,0.237166,0.58842097,0.1185412,4.8976487,0.069876356,79.999979
3.7999964,-4459.5556,0.23831803,0.57348762,0.12372868,4.5706056,0.071263898,79.999979
3.8099964,-4459.3306,0.23897607,0.52679045,0.12344087,4.6378322,0.065029676,79.999979
3.8199964,-4459.3306,0.23906173,0.57685322,0.13375637,4.432264,0.077089135,79.999979
3.8299963,-4459.3306,0.23906173,0.55802287,0.13982355,4.0977032,0.074937594,79.999979
3.8399963,-4460.3144,0.23906173,0.53904886,0.13334142,3.9595877,0.071868163,79.999979
3.8499963,-4461.4081,0.23765834,0.66316429,0.11939136,5.1896115,0.081425956,79.999979
3.8599963,-4462.7631,0.23805485,0.62049144,0.14208187,4.5189291,0.075101291,79.999979
3.8699963,-4461.711,0.23702651,0.65290814,0.1535135,3.841615,0.10013924,79.999979
3.8799963,-4461.0861,0.23722075,0.62354422,0.13209602,4.6271472,0.075570548,79.999979
3.8899963,-4461.786,0.23701644,0.59378551,0.12762768,4.5484485,0.070976496,79.999979
3.8999963,-4461.8642,0.23740319,0.5640268,0.12315934,4.4697498,0.066382443,79.999979
3.9099963,-4459.8385,0.23760254,0.53426809,0.118691,4.391051,0.061788391,79.999979
3.9199963,-4460.9497,0.23817132,0.50450937,0.11422266,4.3123523,0.057194338,79.999979
3.9299963,-4460.1454,0.23743919,0.49158423,0.11363708,4.2305603,0.055861166,79.999979
3.9399962,-4462.4845,0.23731296,0.49141938,0.11599475,4.1464234,0.056999828,79.999979
3.9499962,-4462.4845,0.23748308,0.49125454,0.11835241,4.0622865,0.05813849,79.999979
3.9599962,-4462.2149,0.23774122,0.49108969,0.12071007,3.9781496,0.059277152,79.999979
3.9699962,-4462.0023,0.23782677,0.49092484,0.12306773,3.8940127,0.060415814,79.999979
3.9799962,-4462.2474,0.23776449,0.48910015,0.1240741,3.8426244,0.060699114,79.999979
3.9899962,-4461.8907,0.2381743,0.48386879,0.12230706,3.8584493,0.059226872,79.999979
3.9999962,-4462.5367,0.23725586,0.47863744,0.12054002,3.8742742,0.057754629,79.999979
4.0099962,-4461.9405,0.23750072,0.47340608,0.11877299,3.8900991,0.056282386,79.999979
4.0199962,-4463.337,0.23820863,0.46817472,0.11700595,3.9059239,0.054810143,79.999979
4.0299962,-4460.7252,0.23764851,0.47186578,0.11544984,3.9582885,0.054546227,79.999979
4.0399961,-4463.2472,0.23728853,0.50590335,0.11534606,4.262247,0.058392016,79.999979
4.0499961,-4460.7639,0.23774408,0.53994091,0.11524228,4.5662054,0.062237804,79.999979
4.0599961,-4460.8403,0.23684714,0.58482407,0.11641329,4.4136019,0.069007457,79.999979
4.0699961,-4461.0166,0.23653365,0.50846374,0.10289007,4.3837021,0.05231652,79.999979
4.0799961,-4461.193,0.23625329,0.50002823,0.099082627,4.8934904,0.050048987,79.999979
4.0899961,-4461.9215,0.23597292,0.49453153,0.10850687,4.9668471,0.053794057,79.999979
4.0999961,-4462.822,0.23628265,0.5117618,0.097566685,4.9824791,0.049928136,79.999979
4.1099961,-4462.4899,0.23657435,0.53618437,0.11112931,5.1963103,0.075839053,79.999979
4.1199961,-4463.3407,0.23753261,0.54307797,0.11295424,4.7603492,0.061345685,79.999979
4.1299961,-4463.348,0.23764657,0.52912311,0.1328274,5.4154484,0.07026732,79.999979
4.1399961,-4463.3552,0.23751184,0.49572715,0.1200256,4.0476157,0.058219856,79.999979
4.149996,-4463.3295,0.2373771,0.52252532,0.081019663,4.9863599,0.042082927,79.999979
4.159996,-4462.1594,0.23752484,0.50657161,0.1677108,3.6860806,0.085044495,79.999979
4.169996,-4464.2155,0.23767188,0.47403074,0.10978389,3.8796681,0.051980739,79.999979
4.179996,-4463.333,0.23834665,0.47102552,0.11972331,3.8513424,0.056178154,79.999979
4.189996,-4463.2391,0.23738748,0.48187154,0.12674551,3.7384525,0.061180345,79.999979
4.199996,-4463.0144,0.23757045,0.49271756,0.13376771,3.6255625,0.066182536,79.999979
4.209996,-4464.8327,0.23787069,0.50356357,0.14078991,3.5126725,0.071184728,79.999979
4.219996,-4465.2848,0.23716006,0.51440959,0.14781211,3.3997826,0.076186919,79.999979
4.229996,-4462.0898,0.23630148,0.51921612,0.14737603,3.4591456,0.076599837,79.999979
4.239996,-4463.9509,0.23757017,0.51549463,0.13640854,3.8218221,0.070532507,79.999979
4.2499959,-4462.9762,0.23873826,0.51177314,0.12544105,4.1844987,0.064465177,79.999979
4.2599959,-4461.5902,0.2383896,0.50805165,0.11447357,4.5471752,0.058397847,79.999979
4.2699959,-4463.1584,0.23761981,0.50433016,0.10350608,4.9098518,0.052330518,79.999979
4.2799959,-4462.1849,0.23765866,0.49731227,0.095399105,5.1381914,0.048099327,79.999979
4.2899959,-4466.7256,0.23777331,0.48192222,0.1001069,4.7647176,0.048531548,79.999979
4.2999959,-4462.5361,0.23711031,0.46653217,0.10481469,4.3912439,0.04896377,79.999979
4.3099959,-4466.7323,0.23760748,0.45795526,0.10989684,4.080362,0.050398809,79.999979
4.3199959,-4465.423,0.23812948,0.4594803,0.115841,3.913604,0.053320742,79.999979
4.3299959,-4464.1566,0.23789878,0.46100535,0.12178516,3.7468459,0.056242675,79.999979
4.3399959,-4465.4937,0.23755421,0.46253039,0.12772932,3.5800878,0.059164608,79.999979
4.3499959,-4465.8145,0.23840826,0.46405543,0.13367348,3.4133298,0.06208654,79.999979
4.3599958,-4464.7109,0.23758863,0.46558047,0.13961764,3.2465717,0.065008473,79.999979
4.3699958,-4466.3254,0.23711719,0.55390972,0.11584385,3.9934269,0.064166079,79.999979
4.3799958,-4466.3549,0.23711719,0.51173341,0.11614713,4.7184036,0.063992476,79.999979
4.3899958,-4466.9255,0.23711719,0.51579758,0.13397388,3.8713824,0.069521058,79.999979
4.3999958,-4467.4962,0.23711719,0.47007059,0.11530026,3.1166001,0.052977889,79.999979
4.4099958,-4465.932,0.23621856,0.53945927,0.10226892,5.42794,0.05504565,79.999979
4.4199958,-4463.6107,0.23694318,0.51298981,0.16518436,2.8229174,0.085252172,79.999979
4.4299958,-4464.1599,0.23652411,0.50008269,0.12301076,3.8227438,0.061945352,79.999979
4.4399958,-4464.369,0.23652411,0.52057749,0.11787535,4.4673353,0.055986511,79.999979
4.4499958,-4464.6288,0.23652411,0.52064092,0.1035324,4.8929285,0.052383017,79.999979
4.4599957,-4464.8885,0.23674665,0.58391073,0.11637096,4.9131789,0.068047106,79.999979
4.4699957,-4464.3333,0.23756779,0.54033687,0.11845581,4.6441605,0.064892376,79.999979
4.4799957,-4465.0196,0.23827253,0.57512608,0.13732002,4.1168312,0.07903577,79.999979
4.4899957,-4462.7946,0.23795565,0.54424277,0.12474634,4.2657854,0.067870539,79.999979
4.4999957,-4462.2595,0.23795565,0.52263584,0.11853212,4.2308681,0.061172484,79.999979
4.5099957,-4462.2595,0.23795565,0.5771292,0.11810169,4.5688016,0.067668048,79.999979
4.5199957,-4462.2595,0.23795565,0.63162257,0.11767126,4.9067351,0.074163613,79.999979
4.5299957,-4462.2595,0.23767587,0.60425971,0.11713589,5.2446686,0.070762668,79.999979
4.5399957,-4462.2595,0.23725589,0.54058497,0.12414107,4.8922584,0.068324289,79.999979
4.5499957,-4463.2237,0.2372089,0.56575471,0.13358995,4.2420063,0.075268829,79.999979
4.5599957,-4465.3488,0.23783869,0.55420021,0.13932891,3.9188173,0.077368856,79.999979
4.5699956,-4465.7264,0.23759578,0.56181981,0.10719185,5.3383232,0.060214566,79.999979
4.5799956,-4466.235,0.23759578,0.53107756,0.11857491,4.4035498,0.070075552,79.999979
4.5899956,-4466.235,0.23759578,0.55802566,0.12188457,4.3527785,0.068295437,79.999979
4.5999956,-4466.235,0.23759578,0.56668244,0.12931692,4.4030561,0.073152122,79.999979
4.6099956,-4465.7506,0.23685631,0.57831285,0.1217047,4.7309272,0.07399428,79.999979
4.6199956,-4463.4337,0.23720324,0.6133858,0.12734809,4.8090565,0.078022772,79.999979
4.6299956,-4463.2321,0.23731235,0.54414175,0.15560408,3.799077,0.082334837,79.999979
4.6399956,-4463.4253,0.23742146,0.54964245,0.13072528,3.3142369,0.071527845,79.999979
4.6499956,-4463.6186,0.23744828,0.60606376,0.12958989,4.664673,0.077901965,79.999979
4.6599956,-4465.9257,0.23722844,0.61567751,0.12552974,4.8016529,0.077382778,79.999979
4.6699955,-4465.8593,0.23718191,0.51677017,0.11912665,4.6133935,0.061530097,79.999979
4.6799955,-4467.5446,0.23747583,0.53078804,0.10791342,4.9651677,0.063999975,79.999979
4.6899955,-4466.6972,0.2374682,0.57567055,0.14474885,3.9866404,0.083816455,79.999979
4.6999955,-4465.414,0.23811054,0.5411159,0.11211958,5.3895117,0.060948211,79.999979
4.7099955,-4465.5311,0.23811054,0.55864396,0.12187578,4.6307444,0.066217902,79.999979
4.7199955,-4465.6482,0.23811054,0.58299564,0.1210993,4.3368901,0.070253111,79.999979
4.7299955,-4465.7248,0.23811054,0.5909057,0.11379643,5.1223804,0.06714574,79.999979
4.7399955,-4467.5425,0.23765264,0.6207424,0.12369029,4.9176011,0.076797938,79.999979
4.7499955,-4468.1876,0.23732919,0.5383366,0.16162361,3.6911003,0.0815025,79.999979
4.7599955,-4468.0457,0.23730044,0.55172121,0.15016498,3.2357239,0.082691385,79.999979
4.7699955,-4467.9039,0.23727168,0.60691999,0.12656882,3.7100808,0.075856932,79.999979
4.7799954,-4469.2572,0.23696128,0.54805642,0.13525776,4.4544431,0.065859303,79.999979
4.7899954,-4469.2403,0.23662116,0.5891457,0.14128371,4.1108689,0.081271809,79.999979
4.7999954,-4467.812,0.23682731,0.54820354,0.13998587,3.4427896,0.076625043,79.999979
4.8099954,-4467.1096,0.23699109,0.58021307,0.13937297,3.890582,0.075481604,79.999979
4.8199954,-4469.3431,0.23779349,0.58201104,0.15411202,3.9726518,0.089699374,79.999979
4.8299954,-4469.1226,0.23755941,0.55103529,0.10810041,5.218654,0.059606081,79.999979
4.8399954,-4468.9021,0.23722097,0.54894609,0.12572679,4.3678367,0.069043016,79.999979
4.8499954,-4468.7802,0.23688253,0.56728535,0.12955326,4.2127015,0.073129564,79.999979
4.8599954,-4469.0448,0.23672801,0.56439909,0.15216944,3.6573184,0.085890858,79.999979
4.8699954,-4469.6735,0.23714528,0.60728246,0.12474462,4.765312,0.075815772,79.999979
4.8799953,-4467.5009,0.23769076,0.56684571,0.14935818,3.9967795,0.080457465,79.999979
4.8899953,-4466.9622,0.23772954,0.62459223,0.13613351,4.7126133,0.074572329,79.999979
4.8999953,-4466.7777,0.23768735,0.63024671,0.15019841,4.0835421,0.09052159,79.999979
4.9099953,-4466.5932,0.23764517,0.58833724,0.12892678,4.970892,0.085369477,79.999979
4.9199953,-4468.7642,0.23761911,0.5442386,0.15646445,4.027457,0.084851142,79.999979
4.9299953,-4468.39,0.2379856,0.58028594,0.1474255,4.6122667,0.085631429,79.999979
4.9399953,-4468.2952,0.23731882,0.57230095,0.1113505,5.200033,0.066176791,79.999979
4.9499953,-4468.5396,0.23705293,0.54087882,0.13244947,4.1422042,0.071632555,79.999979
4.9599953,-4468.6372,0.23702948,0.55550731,0.12472059,3.9901735,0.068709928,79.999979
4.9699953,-4468.7348,0.23700603,0.57627007,0.11453092,4.9092897,0.066506887,79.999979
4.9799953,-4467.2334,0.23698632,0.63334698,0.11251856,5.9077182,0.07124507,79.999979
4.9899952,-4466.5863,0.23816621,0.56475447,0.13266998,4.0490255,0.074326872,79.999979
4.9999952,-4467.162,0.23751056,0.57800943,0.13318522,4.2417933,0.076982684,79.999979
5.0099952,-4468.665,0.2369409,0.60115676,0.15001356,3.9428878,0.090380038,79.999979
5.0199952,-4468.6136,0.23700468,0.64631467,0.17240385,3.6023439,0.10930359,79.999979
5.0299952,-4468.5622,0.23706847,0.56141065,0.16917831,3.8152668,0.095373727,79.999979
5.0399952,-4469.0746,0.23712834,0.55551532,0.14967361,4.0804706,0.083057108,79.999979
5.0499952,-4469.4773,0.23700906,0.58775159,0.15762724,3.6989634,0.074240427,79.999979
5.0599952,-4469.8899,0.23674715,0.55716711,0.12630394,5.0768671,0.070415769,79.999979
5.0699952,-4467.8047,0.23680718,0.65346542,0.11734762,4.4737393,0.076584261,79.999979
5.0799952,-4467.5006,0.23706824,0.5971174,0.13937303,5.1651668,0.082901822,79.999979
5.0899951,-4467.1964,0.23688927,0.65990122,0.16139844,3.8136871,0.099554118,79.999979
5.0999951,-4466.8923,0.2367103,0.62482065,0.12644632,5.001374,0.080062589,79.999979
5.1099951,-4468.9877,0.23716023,0.61427411,0.12579512,4.3477849,0.076992311,79.999979
5.1199951,-4468.961,0.23727731,0.59215962,0.13399739,4.2064856,0.080505994,79.999979
5.1299951,-4469.3961,0.23771953,0.62043567,0.10730567,5.7459282,0.064243916,79.999979
5.1399951,-4469.5698,0.23748885,0.62619419,0.11307379,4.8702713,0.07064149,79.999979
5.1499951,-4469.7435,0.23725816,0.57958851,0.13215348,4.7703512,0.074490392,79.999979
5.1599951,-4469.9172,0.23739833,0.60466552,0.13393736,4.5868276,0.080888711,79.999979
5.1699951,-4467.7944,0.23778115,0.57169077,0.13716357,4.0524392,0.07838802,79.999979
5.1799951,-4466.7714,0.23790487,0.57680017,0.12805885,4.4300411,0.073217427,79.999979
5.1899951,-4468.097,0.23674032,0.56594518,0.12408534,4.4718309,0.069872339,79.999979
5.199995,-4468.683,0.23681159,0.57933237,0.10987138,5.4512379,0.063669411,79.999979
5.209995,-4468.7233,0.23688286,0.57443175,0.1185553,5.262159,0.06846051,79.999979
5.219995,-4468.7635,0.23695412,0.59427659,0.11895912,4.6228634,0.070663523,79.999979
5.229995,-4468.9271,0.23754711,0.60202971,0.12809043,5.4676666,0.085384476,79.999979
5.239995,-4470.1964,0.23746624,0.65262344,0.13016789,4.9517468,0.08496414,79.999979
5.249995,-4470.2221,0.2374754,0.58586526,0.1330282,4.2619408,0.076230174,79.999979
5.259995,-4469.8397,0.23761775,0.58362065,0.12284193,4.9428027,0.071378664,79.999979
5.269995,-4469.4573,0.23781953,0.58442041,0.12418837,4.7587889,0.071780878,79.999979
5.279995,-4469.0749,0.23802131,0.58522016,0.12553481,4.574775,0.072183092,79.999979
5.289995,-4468.6925,0.23822309,0.58601992,0.12464611,4.5913153,0.072585306,79.999979
5.2999949,-4468.3101,0.23842486,0.55794503,0.11343513,5.2359006,0.085191107,79.999979
5.3099949,-4466.9816,0.23798601,0.56502542,0.12496808,4.9242733,0.074931291,79.999979
5.3199949,-4467.5472,0.23755119,0.5710311,0.14489336,3.9143034,0.082749571,79.999979
5.3299949,-4468.1129,0.23743185,0.57814479,0.1364326,3.9649716,0.077816398,79.999979
5.3399949,-4468.6233,0.23731251,0.57706102,0.11649166,4.8657011,0.071336837,79.999979
5.3499949,-4468.898,0.23709647,0.58948014,0.11843641,4.3743973,0.073222696,79.999979
5.3599949,-4468.7762,0.23704298,0.60433781,0.16720128,3.1864667,0.090643867,79.999979
5.3699949,-4470.289,0.23694552,0.54873413,0.11573098,4.66151,0.063483598,79.999979
5.3799949,-4469.262,0.23734934,0.57075461,0.12891529,4.4358053,0.099245764,79.999979
5.3899949,-4468.3493,0.23747364,0.57433672,0.1558383,3.7602936,0.094751825,79.999979
5.3999949,-4467.5923,0.23759794,0.5970559,0.18276132,3.084782,0.10721684,79.999979
5.4099948,-4466.8353,0.23783911,0.61907082,0.16214685,3.8764342,0.10071172,79.999979
5.4199948,-4468.2157,0.23809417,0.58998018,0.11208012,5.1738461,0.0694122,79.999979
5.4299948,-4468.7076,0.23816565,0.59469217,0.14338565,4.3436999,0.08528741,79.999979
5.4399948,-4468.9064,0.23866255,0.60180063,0.12913734,5.3088496,0.078955445,79.999979
5.4499948,-4468.6699,0.2383667,0.58641219,0.13270233,4.1797932,0.074854037,79.999979
5.4599948,-4469.3874,0.23807086,0.5838552,0.12379467,4.6050241,0.071990712,79.999979
5.4699948,-4470.105,0.23775522,0.57473988,0.16075486,3.685906,0.099103875,79.999979
5.4799948,-4468.1624,0.23737566,0.57394352,0.11846424,4.7525901,0.070845731,79.999979
5.4899948,-4468.6666,0.23765176,0.54673901,0.11408197,4.6939107,0.064969504,79.999979
5.4999948,-4469.3089,0.23703716,0.51953449,0.1096997,4.6352314,0.059093277,79.999979
5.5099947,-4469.6815,0.23909173,0.49232998,0.10531743,4.576552,0.05321705,79.999979
5.5199947,-4468.6202,0.23830074,0.46512547,0.10093516,4.5178727,0.047340823,79.999979
5.5299947,-4468.2901,0.23753029,0.47319328,0.10380363,4.4558835,0.049720118,79.999979
5.5399947,-4471.8679,0.23762021,0.50000611,0.11150249,4.3916894,0.056486705,79.999979
5.5499947,-4470.1788,0.23772314,0.52681895,0.11920134,4.3274952,0.063253292,79.999979
5.5599947,-4470.5507,0.23669697,0.54273522,0.12349362,4.2945056,0.067097578,79.999979
5.5699947,-4470.9107,0.23796777,0.53076702,0.11906842,4.366646,0.063463652,79.999979
5.5799947,-4471.446,0.23730642,0.51879882,0.11464322,4.4387864,0.059829726,79.999979
5.5899947,-4470.9231,0.23764656,0.50683062,0.11021803,4.5109268,0.0561958,79.999979
5.5999947,-4471.4319,0.23698564,0.49486241,0.10579283,4.5830671,0.052561874,79.999979
5.6099946,-4472.2154,0.23695884,0.48436313,0.10180472,4.6552075,0.049313637,79.999979
5.6199946,-4469.5496,0.23725754,0.49116157,0.10296379,4.668552,0.0506072,79.999979
5.6299946,-4470.8814,0.23660278,0.49796,0.10412286,4.6805838,0.051900763,79.999979
5.6399946,-4471.944,0.23670378,0.50475844,0.10528193,4.6926156,0.053194326,79.999979
5.6499946,-4472.4073,0.23717385,0.51155688,0.106441,4.7046474,0.05448789,79.999979
5.6599946,-4474.1463,0.23712494,0.51835531,0.10760007,4.7166792,0.055781453,79.999979
5.6699946,-4478.8649,0.23651715,0.53190089,0.10353667,5.3161975,0.059001061,79.999979
5.6799946,-4477.3774,0.23579169,0.51299242,0.10082619,5.1125849,0.05305319,79.999979
5.6899946,-4476.192,0.23692181,0.54557754,0.12987733,4.0261381,0.070915725,79.999979
5.6999946,-4476.2619,0.23687275,0.53035662,0.11316212,4.6359767,0.061161275,79.999979
5.7099946,-4476.3317,0.23682368,0.52089369,0.1161761,4.3993782,0.06053106,79.999979
5.7199945,-4477.6467,0.23680268,0.52450701,0.13659674,3.7971261,0.071630384,79.999979
5.7299945,-4478.1214,0.23715006,2.9659779,0.67257798,4.2766324,1.9815306,79.999979
5.7399945,-4474.9089,0.23766859,3.096054,0.69930395,4.3415368,2.1730357,79.999979
5.7499945,-4474.3818,0.23816079,3.0882435,0.75453159,4.1661462,2.3302085,79.999979
5.7599945,-4472.5563,0.23783768,3.0617573,0.73570455,4.0580355,2.2600203,79.999979
5.7699945,-4470.7307,0.23770889,3.0812062,0.72620092,4.1335415,2.2812752,79.999979
5.7799945,-4465.6946,0.23760308,3.1398343,0.71491319,4.2921863,2.2446984,79.999979
5.7899945,-4437.8143,0.23977013,3.1426854,0.71954941,4.2949771,2.2613088,79.999979
5.7999945,-4409.6897,0.24052083,3.1495248,0.74010017,4.2735811,2.261579,79.999979
5.8099945,-4385.9311,0.24180997,3.1429931,0.74442484,4.0664918,2.2954053,79.999979
5.8199944,-4376.4024,0.24241103,3.0825635,0.69038066,4.4432921,2.1453076,79.999979
5.8299944,-4373.4942,0.24242508,3.0761576,0.70646774,4.2885885,2.165641,79.999979
5.8399944,-4370.586,0.24242508,3.0893363,0.7182926,4.1891092,2.2150299,79.999979
5.8499944,-4351.34,0.2430139,3.1085742,0.73185307,4.1410857,2.274968,79.999979
5.8599944,-4327.544,0.24289719,3.095444,0.71600526,4.1812694,2.2163463,79.999979
5.8699944,-4295.9368,0.24476296,3.1156098,0.70770631,4.2942279,2.236101,79.999979
5.8799944,-4279.8333,0.24510759,3.1521573,0.70872665,4.3670698,2.2830691,79.999979
5.8899944,-4279.8333,0.24510759,3.1168697,0.72582449,4.2481785,2.2880435,79.999979
5.8999944,-4279.8333,0.24510205,3.0874539,0.74236774,4.1034727,2.2920224,79.999979
5.9099944,-4277.2142,0.24507321,3.0940942,0.7400881,4.0706477,2.2898884,79.999979
5.9199944,-4271.5381,0.24504438,3.1174911,0.73530793,4.0926424,2.2903874,79.999979
5.9299943,-4250.5422,0.24623792,3.1094674,0.72161011,4.2072329,2.2438995,79.999979
5.9399943,-4240.473,0.24683056,3.1088314,0.71128228,4.2505546,2.2113383,79.999979
5.9499943,-4237.8907,0.24718573,3.094261,0.70197561,4.2869747,2.1852299,79.999979
5.9599943,-4235.3085,0.24754089,3.0866756,0.70518405,4.3233949,2.1789743,79.999979
5.9699943,-4232.7262,0.24704876,3.0905314,0.7230057,4.2815983,2.234522,79.999979
5.9799943,-4211.6084,0.2471923,3.1027604,0.69973961,4.2996299,2.1787564,79.999979
5.9899943,-4189.2378,0.24825156,3.1015991,0.72534912,4.1834512,2.2444644,79.999979
5.9999943,-4163.0041,0.24933881,3.0825756,0.7054852,4.2609418,2.1823508,79.999979
6.0099943,-4157.5948,0.24982474,3.121528,0.70499465,4.2889816,2.2156961,79.999979
6.0199943,-4152.1855,0.24982474,3.1423836,0.70450409,4.3170214,2.2754158,79.999979
6.0299942,-4148.9368,0.25019173,3.1840247,0.75300082,4.1762959,2.3976233,79.999979
6.0399942,-4108.5176,0.25028402,0.59105813,0.13448822,4.5604547,0.076213642,79.999979
6.0499942,-4090.4558,0.25078083,0.49766667,0.12940166,4.8643367,0.064322439,79.999979
6.0599942,-4074.589,0.2514696,0.53058467,0.15383009,3.1239522,0.081877223,79.999979
6.0699942,-4073.6693,0.2514696,0.52377134,0.13471501,3.765722,0.072088549,79.999979
6.0799942,-4072.7497,0.2514696,0.51695801,0.11960617,4.2211344,0.062299876,79.999979
6.0899942,-4071.2504,0.25256131,0.62057082,0.11929932,5.1005155,0.074041611,79.999979
6.0999942,-4073.965,0.25072398,0.51413524,0.12057679,4.3563437,0.067054787,79.999979
6.1099942,-4077.0817,0.24997069,0.53855392,0.12082444,4.4668907,0.064935832,79.999979
6.1199942,-4080.2554,0.25202326,0.55102849,0.1147184,4.7113502,0.063262119,79.999979
6.1299942,-4080.7318,0.25200096,0.49391383,0.11171409,4.4508048,0.056154673,79.999979
6.1399941,-4081.2554,0.2519631,0.49710951,0.11741362,4.1876508,0.058662994,79.999979
6.1499941,-4081.7789,0.25192466,0.48812048,0.10527472,4.5090532,0.05133289,79.999979
6.1599941,-4084.685,0.25085372,0.51902093,0.10638032,4.6403733,0.055225226,79.999979
6.1699941,-4084.2663,0.25239782,0.56559668,0.12159421,5.6094725,0.06809469,79.999979
6.1799941,-4082.9513,0.25076847,0.5152971,0.11536314,4.4016436,0.059449941,79.999979
6.1899941,-4089.1026,0.25109265,0.5294491,0.11179285,4.8279618,0.063742368,79.999979
6.1999941,-4089.2423,0.25109334,0.53410882,0.10852745,4.7175115,0.064217586,79.999979
6.2099941,-4088.4948,0.2508209,0.52169007,0.11181942,4.9190177,0.064404379,79.999979
6.2199941,-4087.7474,0.25081978,0.51605366,0.12508582,4.154724,0.063509452,79.999979
6.2299941,-4092.4151,0.25007224,0.54378113,0.11582629,4.6473407,0.063045401,79.999979
6.239994,-4096.0291,0.24983583,0.52120086,0.10786402,4.9391085,0.057272372,79.999979
6.249994,-4096.7481,0.25122649,0.51109749,0.11810107,4.1039104,0.063361871,79.999979
6.259994,-4098.1165,0.25029508,0.48562231,0.12245133,4.8192581,0.058833132,79.999979
6.269994,-4098.6437,0.25021068,0.48979482,0.11535592,4.1217811,0.053901347,79.999979
6.279994,-4099.171,0.24989566,0.49396733,0.099553311,4.8726679,0.048969562,79.999979
6.289994,-4096.5717,0.24950575,0.51714187,0.1082744,4.7058958,0.056564167,79.999979
6.299994,-4097.0319,0.24958113,0.48772002,0.11353707,4.2132905,0.05537718,79.999979
6.309994,-4099.6108,0.25077101,0.4754915,0.11340851,4.1395817,0.053929884,79.999979
6.319994,-4108.9651,0.25014156,0.46326297,0.11327996,4.065873,0.052482589,79.999979
6.329994,-4107.9576,0.25064844,0.45103445,0.1131514,3.9921643,0.051035294,79.999979
6.339994,-4107.9576,0.25056328,0.47392831,0.11302285,3.9184555,0.053349186,79.999979
6.3499939,-4109.5052,0.2498056,0.4975356,0.11255191,4.0832739,0.055739477,79.999979
6.3599939,-4114.8374,0.25022617,0.52114288,0.11190979,4.3979253,0.058129768,79.999979
6.3699939,-4118.5309,0.24935768,0.54475017,0.11126768,4.7125767,0.060520059,79.999979
6.3799939,-4124.2453,0.24936268,0.55969135,0.11120345,4.9475996,0.062396532,79.999979
6.3899939,-4124.6943,0.24946989,0.54915281,0.1143309,4.7428332,0.0627623,79.999979
6.3999939,-4125.2343,0.24933294,0.53861428,0.11745835,4.5380669,0.063128068,79.999979
6.4099939,-4126.6637,0.24902556,0.52807574,0.1205858,4.3333005,0.063493836,79.999979
6.4199939,-4129.3762,0.24907869,0.5175372,0.12371325,4.1285341,0.063859603,79.999979
6.4299939,-4130.3483,0.24783638,0.50699866,0.1268407,3.9237677,0.064225371,79.999979
6.4399939,-4134.2743,0.24888286,0.49919013,0.12892177,3.7747104,0.064195319,79.999979
6.4499938,-4134.5776,0.24808822,0.49555445,0.12850813,3.7584713,0.06356025,79.999979
6.4599938,-4136.2998,0.24805531,0.49191878,0.12809449,3.7422323,0.06292518,79.999979
6.4699938,-4137.7288,0.24877451,0.4882831,0.12768085,3.7259932,0.062290111,79.999979
6.4799938,-4142.8113,0.24891078,0.48464742,0.12726721,3.7097541,0.061655042,79.999979
6.4899938,-4173.3278,0.24808175,0.48528899,0.12431964,3.693515,0.06031413,79.999979
6.4999938,-4179.2072,0.24740598,0.56736981,0.13540521,4.0532826,0.076928645,79.999979
6.5099938,-4179.0391,0.24724284,0.49775787,0.11186813,4.4143496,0.055695791,79.999979
6.5199938,-4179.486,0.24734451,0.50681963,0.10627477,4.6272811,0.053979519,79.999979
6.5299938,-4179.9328,0.24744618,0.51588139,0.1006814,4.8402127,0.052263247,79.999979
6.5399938,-4180.3797,0.24754785,0.52494316,0.095550301,5.1305281,0.050546975,79.999979
6.5499938,-4180.8266,0.24764951,0.53195437,0.091471675,5.7304067,0.04911559,79.999979
6.5599937,-4181.2735,0.24834608,0.56860611,0.11392164,4.6537855,0.06475102,79.999979
6.5699937,-4180.5074,0.24859592,0.53352311,0.15587286,3.6106347,0.067347721,79.999979
6.5799937,-4180.5074,0.24859592,0.56348164,0.11730832,3.7411098,0.071589304,79.999979
6.5899937,-4180.5074,0.24858892,0.46537806,0.12211444,4.9729475,0.056788538,79.999979
6.5999937,-4179.8296,0.24794472,0.57826006,0.10521476,5.0525214,0.060973681,79.999979
6.6099937,-4178.1383,0.24716637,0.51928093,0.11937907,4.2864676,0.064610347,79.999979
6.6199937,-4179.9982,0.24710581,0.53682089,0.11453502,4.952649,0.071153622,79.999979
6.6299937,-4179.6275,0.24651155,0.52674776,0.1202412,4.3923779,0.063297728,79.999979
6.6399937,-4179.6275,0.2468458,0.50036481,0.11346047,4.7418388,0.059905721,79.999979
6.6499937,-4179.6275,0.24718006,0.52363681,0.15096715,3.3825855,0.06408732,79.999979
6.6599936,-4179.6275,0.24727486,0.5591823,0.12016957,4.4704293,0.083200278,79.999979
6.6699936,-4181.8386,0.24713665,0.53355341,0.11044597,4.8691936,0.059032685,79.999979
6.6799936,-4180.8483,0.24748987,0.5362495,0.11433361,4.6332643,0.061157785,79.999979
6.6899936,-4179.1997,0.24744716,0.54410536,0.107969,5.1110195,0.058796193,79.999979
6.6999936,-4179.3282,0.24739095,0.507774,0.10398175,4.9364318,0.053958137,79.999979
6.7099936,-4179.3282,0.24733473,0.53241195,0.11525861,4.8131862,0.061932227,79.999979
6.7199936,-4179.3282,0.24727851,0.54078499,0.13883459,3.9251921,0.075471033,79.999979
6.7299936,-4180.393,0.24726261,0.54700111,0.11256548,3.9081927,0.061533885,79.999979
6.7399936,-4181.9485,0.24710765,0.64372917,0.1283898,4.8651285,0.081602905,79.999979
6.7499936,-4183.8295,0.24711563,0.51746349,0.13462161,3.7492632,0.068697825,79.999979
6.7599936,-4184.3415,0.2470133,0.53442864,0.12243962,4.8031535,0.064767375,79.999979
6.7699935,-4184.5874,0.24702444,0.5170835,0.14620063,3.3681702,0.073165333,79.999979
6.7799935,-4184.4979,0.24703557,0.5358358,0.13127446,3.9574246,0.070358947,79.999979
6.7899935,-4182.0793,0.24704282,0.64029158,0.12490597,4.9082254,0.079928502,79.999979
6.7999935,-4181.7039,0.24733716,0.58657058,0.1230032,3.896859,0.072181436,79.999979
6.8099935,-4182.8568,0.24847075,0.55788493,0.15087169,3.4191016,0.084150415,79.999979
6.8199935,-4184.3011,0.2471235,0.53544617,0.12191597,4.83002,0.069196365,79.999979
6.8299935,-4184.1389,0.2471235,0.52955323,0.16584876,3.8614493,0.083094014,79.999979
6.8399935,-4183.9768,0.2471235,0.54472503,0.13051737,2.8928786,0.070794,79.999979
6.8499935,-4184.6396,0.2471235,0.51254189,0.14256742,3.6118058,0.073128081,79.999979
6.8599935,-4185.7184,0.24712007,0.57201627,0.13238493,4.3661765,0.077759428,79.999979
6.8699934,-4186.6814,0.24695301,0.55450494,0.15283032,3.5189016,0.062236203,79.999979
6.8799934,-4186.2696,0.2469958,0.54442135,0.10958542,4.976937,0.060754686,79.999979
6.8899934,-4185.3961,0.24709078,0.53002052,0.11530066,4.5860553,0.062005993,79.999979
6.8999934,-4184.5226,0.24718575,0.56551308,0.1210159,4.1951737,0.071336886,79.999979
6.9099934,-4184.3008,0.24724346,0.57636897,0.15570706,3.8062214,0.089645666,79.999979
6.9199934,-4186.4409,0.24681461,0.55157467,0.14233314,3.7948178,0.07852383,79.999979
6.9299934,-4186.7341,0.24725437,0.51415839,0.13875354,4.294706,0.071334851,79.999979
6.9399934,-4186.9584,0.24759584,0.5402766,0.13256746,3.9553896,0.071909358,79.999979
6.9499934,-4188.4936,0.24793333,0.48867916,0.11179391,4.2738957,0.054708122,79.999979
6.9599934,-4186.5286,0.24748785,0.48281431,0.1085526,4.3588783,0.052538122,79.999979
6.9699934,-4185.174,0.24720455,0.47694946,0.10531129,4.4438609,0.050368121,79.999979
6.9799933,-4188.4645,0.24677231,0.47108461,0.10206998,4.5288436,0.048198121,79.999979
6.9899933,-4188.6469,0.2471241,0.46521976,0.098828666,4.6138262,0.04602812,79.999979
6.9999933,-4191.2195,0.2474503,0.46137886,0.097855762,4.6193483,0.045143296,79.999979
7.0099933,-4191.6179,0.24711826,0.46000841,0.099651712,4.5278795,0.045827179,79.999979
7.0199933,-4192.2178,0.24693719,0.45863797,0.10144766,4.4364108,0.046511063,79.999979
7.0299933,-4193.058,0.24699218,0.45726753,0.10324361,4.344942,0.047194946,79.999979
7.0399933,-4192.5683,0.2466373,0.45589709,0.10503956,4.2534732,0.047878829,79.999979
7.0499933,-4194.7824,0.2466046,0.45612664,0.10710411,4.1662277,0.048872783,79.999979
7.0599933,-4196.279,0.24585617,0.46162224,0.11005269,4.1064803,0.050887265,79.999979
7.0699933,-4198.7058,0.24683954,0.46711784,0.11300127,4.046733,0.052901747,79.999979
7.0799932,-4197.14,0.24634954,0.47261344,0.11594985,3.9869857,0.054916229,79.999979
7.0899932,-4195.7917,0.24648334,0.47810903,0.11889843,3.9272384,0.056930711,79.999979
7.0999932,-4195.7345,0.24606695,0.48360463,0.12184701,3.8674911,0.058945193,79.999979
7.1099932,-4199.7455,0.24740632,0.48714877,0.12050972,3.9550296,0.05840104,79.999979
7.1199932,-4199.5614,0.24721349,0.49011336,0.1170713,4.1147745,0.057097026,79.999979
7.1299932,-4198.9671,0.24611105,0.49307795,0.11363288,4.2745194,0.055793012,79.999979
7.1399932,-4200.901,0.24619228,0.49604254,0.11019445,4.4342643,0.054488999,79.999979
7.1499932,-4201.6325,0.2457393,0.49900712,0.10675603,4.5940092,0.053184985,79.999979
7.1599932,-4227.5026,0.24686519,0.47003575,0.10565089,4.4356771,0.049822023,79.999979
7.1699932,-4227.0826,0.24656339,0.49179798,0.13104298,3.8013144,0.054001412,79.999979
7.1799932,-4228.054,0.24517283,0.48296778,0.14113403,3.5086882,0.068114571,79.999979
7.1899931,-4227.7074,0.24492405,0.53996263,0.11064906,4.870879,0.062640526,79.999979
7.1999931,-4226.8851,0.24487444,0.52437454,0.11432598,5.1780714,0.06139987,79.999979
7.2099931,-4226.0628,0.24496145,0.50878646,0.1180029,4.3490022,0.060159214,79.999979
7.2199931,-4225.4013,0.24504845,0.47253808,0.11028041,4.1953029,0.052069334,79.999979
7.2299931,-4225.4168,0.24508191,0.51068839,0.1365023,3.6384592,0.068545526,79.999979
7.2399931,-4226.8431,0.24529722,0.51947289,0.11200769,4.501781,0.058226841,79.999979
7.2499931,-4227.433,0.24508911,0.5345132,0.12856172,4.1677819,0.065489741,79.999979
7.2599931,-4227.2506,0.24512192,0.53172384,0.12380923,4.117822,0.064240498,79.999979
7.2699931,-4227.2211,0.24515472,0.5303282,0.11905673,4.2715538,0.063191389,79.999979
7.2799931,-4228.5383,0.24535583,0.55127629,0.12564193,4.3272526,0.069164296,79.999979
7.289993,-4229.4853,0.24584675,0.57606021,0.11763613,4.4600866,0.074107153,79.999979
7.299993,-4228.2855,0.24658999,0.57250528,0.11274095,5.0127689,0.064707986,79.999979
7.309993,-4227.1591,0.24553375,0.495075,0.11357306,5.1797905,0.063212014,79.999979
7.319993,-4227.1591,0.24545896,0.52777636,0.14740592,3.9996804,0.080134482,79.999979
7.329993,-4229.5042,0.24549495,0.55734079,0.10820076,4.9773282,0.062117597,79.999979
7.339993,-4229.4799,0.24573707,0.64171623,0.12542611,4.646662,0.073003169,79.999979
7.349993,-4229.2727,0.24597919,0.64975017,0.14778768,4.2172546,0.075944216,79.999979
7.359993,-4229.0775,0.24549995,0.55025057,0.11465288,4.9605958,0.063102727,79.999979
7.369993,-4229.1704,0.24536708,0.58761388,0.11550443,5.1143998,0.065509658,79.999979
7.379993,-4229.4995,0.24547688,0.62779679,0.11300673,5.1175091,0.070889604,79.999979
7.389993,-4229.8285,0.24559032,0.61928126,0.11840119,5.4387446,0.073669016,79.999979
7.3999929,-4230.1576,0.24570375,0.57737458,0.12571036,5.0879157,0.072583425,79.999979
7.4099929,-4230.8439,0.24624276,0.52791226,0.11513292,4.933663,0.06079228,79.999979
7.4199929,-4228.1463,0.24664268,0.54130081,0.11730054,4.7435299,0.063992511,79.999979
7.4299929,-4227.7657,0.2467303,0.56244707,0.10802408,4.3739178,0.060750693,79.999979
7.4399929,-4228.0755,0.2467303,0.56731555,0.16368406,4.3000339,0.093159214,79.999979
7.4499929,-4228.499,0.2467303,0.55587365,0.16508261,4.0259896,0.090558666,79.999979
7.4599929,-4228.9225,0.2467303,0.56490128,0.15671033,3.7519454,0.087494615,79.999979
7.4699929,-4229.346,0.2467303,0.5739289,0.14833805,3.4779011,0.084430564,79.999979
7.4799929,-4229.7695,0.2467303,0.58295652,0.13996577,3.2038568,0.081366513,79.999979
7.4899929,-4230.1849,0.24628895,0.61769403,0.11568795,5.0590909,0.073042874,79.999979
7.4999928,-4230.092,0.24583859,0.58359965,0.10765981,4.12241,0.080857095,79.999979
7.5099928,-4229.9991,0.24573828,0.56742873,0.11834936,4.7356026,0.07785352,79.999979
7.5199928,-4229.9061,0.24563796,0.55125781,0.12903891,5.3487953,0.074849945,79.999979
7.5299928,-4229.8132,0.24553765,0.5621309,0.13687616,4.9287969,0.074084476,79.999979
7.5399928,-4229.7949,0.24543733,0.60338844,0.12538256,4.0202319,0.07574325,79.999979
7.5499928,-4230.8312,0.24551685,0.55130446,0.13519031,4.145842,0.074006471,79.999979
7.5599928,-4231.7099,0.24575922,0.59022787,0.12411389,4.4693251,0.073212985,79.999979
7.5699928,-4228.953,0.245675,0.54110104,0.12840558,4.2651371,0.0694797,79.999979
7.5799928,-4228.953,0.24563667,0.53598065,0.13969286,4.8101063,0.07524906,79.999979
7.5899928,-4228.953,0.24559226,0.53323967,0.15049744,4.4801578,0.075320014,79.999979
7.5999928,-4228.953,0.24554784,0.53539135,0.14552824,4.1414593,0.074408131,79.999979
7.6099927,-4228.953,0.24550343,0.53754302,0.14055903,3.8027609,0.073496249,79.999979
7.6199927,-4228.953,0.24545901,0.5396947,0.13558983,3.4640624,0.072584366,79.999979
7.6299927,-4228.302,0.245482,0.5594408,0.12482559,4.3912595,0.069777722,79.999979
7.6399927,-4228.6282,0.24576486,0.55766643,0.1119746,4.1865823,0.072659449,79.999979
7.6499927,-4229.2575,0.24604771,0.54689407,0.11829842,4.1533991,0.07045091,79.999979
7.6599927,-4229.8868,0.2462814,0.5361217,0.12462223,4.1202158,0.068242372,79.999979
7.6699927,-4230.1899,0.24632089,0.57765519,0.15218048,3.8365672,0.088959888,79.999979
7.6799927,-4230.9339,0.24526046,0.58960568,0.1235367,4.6731044,0.072834609,79.999979
7.6899927,-4231.3797,0.24533969,0.57462998,0.12619466,4.1590759,0.074279951,79.999979
7.6999927,-4231.3797,0.24541892,0.57073458,0.11521399,4.6231389,0.070504946,79.999979
7.7099926,-4231.3797,0.24549815,0.56683919,0.11466685,5.087202,0.066729941,79.999979
7.7199926,-4231.7892,0.24552834,0.60481371,0.12988571,4.2583493,0.078582241,79.999979
7.7299926,-4232.429,0.24590627,0.58576569,0.15345174,3.1795975,0.084960298,79.999979
7.7399926,-4230.7968,0.24565211,0.57984548,0.15374167,3.9825066,0.089097235,79.999979
7.7499926,-4231.1442,0.24567393,0.55919722,0.1255017,4.2129626,0.070236554,79.999979
7.7599926,-4231.9599,0.24569576,0.54913276,0.11909558,4.4476854,0.065477065,79.999979
7.7699926,-4232.7755,0.24565231,0.55384712,0.11268946,4.7071638,0.062632872,79.999979
7.7799926,-4233.2841,0.24532503,0.54871151,0.11964054,4.4189575,0.065645454,79.999979
7.7899926,-4233.4362,0.24529795,0.55982593,0.11910021,4.6355057,0.06672939,79.999979
7.7999926,-4234.1238,0.24571931,0.60230948,0.13057524,4.5877684,0.076215249,79.999979
7.8099926,-4235.1212,0.24622701,0.52153748,0.11279329,5.6367656,0.056466834,79.999979
7.8199925,-4234.4782,0.24629784,0.5684082,0.13703478,4.595495,0.066629669,79.999979
7.8299925,-4233.8352,0.24636867,0.61527892,0.1258491,3.5542244,0.076792503,79.999979
7.8399925,-4233.1921,0.24641635,0.62059557,0.13355515,4.2700392,0.080257814,79.999979
7.8499925,-4231.3917,0.24619387,0.55324956,0.13222035,3.7335814,0.073002905,79.999979
7.8599925,-4231.8055,0.24619711,0.58850989,0.17615101,5.5880776,0.1034417,79.999979
7.8699925,-4233.0278,0.24557357,0.57468206,0.1254146,4.4848288,0.063562426,79.999979
7.8799925,-4233.1419,0.24566525,0.56703,0.12691213,4.5875882,0.06626173,79.999979
7.8899925,-4233.256,0.24575693,0.55937795,0.12840966,4.3710244,0.068961033,79.999979
7.8999925,-4233.3701,0.24584861,0.58992565,0.12990718,4.1526769,0.0842685,79.999979
7.9099925,-4233.7754,0.24553647,0.57117287,0.11966805,4.9654311,0.068295766,79.999979
7.9199924,-4235.1623,0.24530042,0.57587496,0.14285067,4.1660098,0.082289737,79.999979
7.9299924,-4234.2518,0.24611228,0.52995201,0.12739838,3.9618318,0.069219583,79.999979
7.9399924,-4232.1205,0.2464009,0.58085113,0.16731192,3.7201807,0.088819745,79.999979
7.9499924,-4233.9099,0.24601103,0.58353821,0.11425615,5.167459,0.066652191,79.999979
7.9599924,-4234.227,0.24576355,0.58188095,0.12992104,4.759248,0.074480348,79.999979
7.9699924,-4234.5441,0.24551608,0.58815988,0.12752179,4.3510369,0.074969373,79.999979
7.9799924,-4234.8612,0.24527488,0.55896166,0.13204451,4.1544461,0.073806905,79.999979
7.9899924,-4234.9056,0.24517072,0.60024003,0.13307732,4.2143523,0.079913887,79.999979
7.9999924,-4235.9943,0.2455866,0.59098137,0.12640329,4.5634532,0.074757319,79.999979
8.0099924,-4236.2233,0.24500525,0.57888566,0.11496853,5.1950124,0.067804213,79.999979
8.0199924,-4235.566,0.24497453,0.63143893,0.11194634,4.8070185,0.07069983,79.999979
8.0299923,-4234.9414,0.24494381,0.58149146,0.1078969,5.6024539,0.062804757,79.999979
8.0399923,-4234.3169,0.24491309,0.5416157,0.11443665,4.3936094,0.061397212,79.999979
8.0499923,-4235.1236,0.2454705,0.56824096,0.14201192,3.9370985,0.082534158,79.999979
8.0599923,-4235.6646,0.24559405,0.58719281,0.11135765,5.3119025,0.065374789,79.999979
8.0699923,-4237.1128,0.24530286,0.63052133,0.12836,4.7173499,0.08155775,79.999979
8.0799923,-4237.0345,0.24561853,0.60454898,0.11371498,5.4687069,0.075347552,79.999979
8.0899923,-4236.9562,0.24610169,0.54994636,0.15993529,3.9921543,0.07592904,79.999979
8.0999923,-4236.8778,0.24658484,0.53827486,0.1336532,4.2288197,0.07411556,79.999979
8.1099923,-4238.8774,0.24646416,0.590561,0.1236422,4.9843434,0.078463344,79.999979
8.1199923,-4238.0752,0.24608222,0.66695188,0.12707551,4.4772907,0.084727851,79.999979
8.1299922,-4237.1638,0.2459504,0.57537938,0.13672321,4.1388651,0.078695609,79.999979
8.1399922,-4236.1538,0.24587322,0.65257395,0.12220806,4.6594036,0.083160228,79.999979
8.1499922,-4236.4894,0.24580381,0.63952441,0.11187787,5.6177321,0.072683507,79.999979
8.1599922,-4236.825,0.24573439,0.53382009,0.12589987,5.6319952,0.064032491,79.999979
8.1699922,-4237.3695,0.24561514,0.57388651,0.1612745,3.4714826,0.092514003,79.999979
8.1799922,-4239.0049,0.24555109,0.53166713,0.12296757,4.4555707,0.065371267,79.999979
8.1899922,-4238.937,0.24583155,0.54535823,0.13526403,3.9510069,0.073566983,79.999979
8.1999922,-4239.3004,0.24583155,0.54906664,0.161729,3.8126426,0.077991539,79.999979
8.2099922,-4239.8266,0.24581454,0.56326622,0.14676475,3.5768262,0.07734101,79.999979
8.2199922,-4240.3529,0.24577729,0.5942923,0.1318005,4.2702318,0.078326778,79.999979
8.2299922,-4240.7203,0.24574003,0.56699716,0.13315502,4.3101,0.075488737,79.999979
8.2399921,-4239.5651,0.24518683,0.55511985,0.12345651,4.7356553,0.068840514,79.999979
8.2499921,-4239.7356,0.24467609,0.58033139,0.13081562,4.3293328,0.075914818,79.999979
8.2599921,-4241.2064,0.24457293,0.65265219,0.12220557,5.2643436,0.10619888,79.999979
8.2699921,-4242.3119,0.24457293,0.63526367,0.12071062,5.2496688,0.077837041,79.999979
8.2799921,-4242.3119,0.24457293,0.55908443,0.11921566,5.234994,0.067159614,79.999979
8.2899921,-4242.3119,0.24465537,0.59822768,0.13184195,4.2993993,0.077841812,79.999979
8.2999921,-4241.9947,0.24536498,0.58504499,0.12264525,4.5865043,0.071779773,79.999979
8.3099921,-4243.7252,0.24543119,0.5623356,0.18455675,3.0970158,0.10379973,79.999979
8.3199921,-4243.2588,0.24496976,0.56540809,0.12817818,4.6600172,0.07267047,79.999979
8.3299921,-4242.5282,0.24496976,0.55223901,0.14370625,4.0268024,0.077891678,79.999979
8.339992,-4241.7975,0.24496976,0.5834275,0.13407873,3.7958785,0.077665269,79.999979
8.349992,-4241.1226,0.24496976,0.55072615,0.17116796,3.3439713,0.094189799,79.999979
8.359992,-4241.2339,0.24452715,0.54728907,0.15193738,4.1081518,0.086847299,79.999979
8.369992,-4242.6687,0.24524889,0.61454612,0.12948834,4.9775777,0.079544729,79.999979
8.379992,-4243.4204,0.24535716,0.55828406,0.15663292,3.7137885,0.087368879,79.999979
8.389992,-4242.8185,0.24531356,0.55571177,0.12683434,4.9357039,0.070533419,79.999979
8.399992,-4243.3121,0.24526996,0.53811911,0.12413691,4.5357668,0.067705392,79.999979
8.409992,-4243.8057,0.24522635,0.59129655,0.12308953,4.1919167,0.071436846,79.999979
8.419992,-4244.1861,0.24494156,0.60300903,0.13729804,4.3224891,0.083171389,79.999979
8.429992,-4244.33,0.24481781,0.54744267,0.15007908,4.1405521,0.082172467,79.999979
8.439992,-4242.3131,0.24519836,0.60058166,0.11823438,4.9285225,0.072409661,79.999979
8.4499919,-4242.2222,0.2452392,0.54985513,0.1544103,3.2455342,0.085331755,79.999979
8.4599919,-4242.2905,0.24538123,0.55279654,0.13061756,3.6311008,0.073457746,79.999979
8.4699919,-4242.3587,0.24556349,0.58291029,0.12834961,4.1180689,0.075391305,79.999979
8.4799919,-4244.0896,0.24570516,0.59568113,0.12890364,4.6418744,0.076791381,79.999979
8.4899919,-4244.9616,0.24550962,0.58421807,0.12629191,4.6892173,0.073801825,79.999979
8.4999919,-4245.5886,0.24548198,0.55556466,0.11026169,4.9794838,0.061296971,79.999979
8.5099919,-4246.7374,0.24548114,0.60316579,0.13814157,4.1042526,0.07838658,79.999979
8.5199919,-4246.9409,0.24548754,0.62129977,0.1246043,4.8597138,0.077763554,79.999979
8.5299919,-4247.1445,0.24549394,0.53944254,0.12192055,5.4511949,0.064406294,79.999979
8.5399919,-4246.6974,0.2451644,0.59230147,0.14042975,4.6516182,0.083383129,79.999979
8.5499918,-4244.9423,0.24425865,0.5749976,0.12552294,4.5905287,0.066423304,79.999979
8.5599918,-4244.847,0.24479795,0.57213972,0.15811054,3.1519098,0.093442908,79.999979
8.5699918,-4246.2736,0.24564119,0.54995154,0.13640615,4.4036016,0.076481782,79.999979
8.5799918,-4247.1445,0.24561963,0.5407164,0.12922223,4.1219499,0.072307401,79.999979
8.5899918,-4246.9378,0.24559807,0.54027281,0.1285224,4.0444152,0.069652371,79.999979
8.5999918,-4246.731,0.24553244,0.55450081,0.17490932,3.2849643,0.096934061,79.999979
8.6099918,-4247.4974,0.24514189,0.56888093,0.1298684,3.747139,0.073977374,79.999979
8.6199918,-4247.6856,0.24572833,0.58534188,0.14367046,3.8425056,0.084935125,79.999979
8.6299918,-4247.3501,0.24585062,0.61963989,0.13430353,4.5023997,0.083233557,79.999979
8.6399918,-4246.5622,0.24559875,0.64244922,0.13497175,4.5489285,0.085703329,79.999979
8.6499918,-4245.7744,0.24534689,0.64094144,0.11957271,4.9326828,0.076424356,79.999979
8.6599917,-4245.0337,0.24509502,0.56676129,0.10531589,5.3029139,0.059300043,79.999979
8.6699917,-4245.7221,0.24508246,0.63008414,0.12723644,4.573485,0.080135314,79.999979
8.6799917,-4247.6701,0.24464133,0.64994283,0.1470548,4.3428693,0.10365184,79.999979
8.6899917,-4248.3004,0.24512632,0.59527009,0.12815994,4.9340148,0.077182252,79.999979
8.6999917,-4249.0757,0.24512632,0.57256546,0.13400629,4.3462858,0.075006933,79.999979
8.7099917,-4249.0757,0.24512632,0.56445933,0.13235192,4.1048064,0.065215801,79.999979
8.7199917,-4249.0757,0.24512632,0.53586059,0.12309475,4.7976113,0.065937087,79.999979
8.7299917,-4250.0207,0.2455672,0.58375111,0.14308556,3.2468836,0.08347672,79.999979
8.7399917,-4248.9039,0.2458928,0.58929378,0.15669197,3.6654607,0.092404209,79.999979
8.7499917,-4248.1469,0.24519842,0.54161119,0.12430974,4.534293,0.067195699,79.999979
8.7599916,-4248.8687,0.24501835,0.58916488,0.13432007,4.4738332,0.07778707,79.999979
8.7699916,-4249.5906,0.24499486,0.56660588,0.12566973,4.6363049,0.071340528,79.999979
8.7799916,-4250.3124,0.24499486,0.57237088,0.11817449,4.6650916,0.070158804,79.999979
8.7899916,-4250.502,0.2454426,0.54548836,0.16435466,3.28983,0.08244514,79.999979
8.7999916,-4250.9427,0.24516414,0.583167,0.11731142,4.8683271,0.082644939,79.999979
8.8099916,-4252.4131,0.24578926,0.62100712,0.12075941,4.9681053,0.076100405,79.999979
8.8199916,-4252.5813,0.24561663,0.58055658,0.12721755,4.5715224,0.073154744,79.999979
8.8299916,-4251.9006,0.24537889,0.63905016,0.11169834,5.4580916,0.075606813,79.999979
8.8399916,-4251.2199,0.24514115,0.62564234,0.12092481,5.4534424,0.075660725,79.999979
8.8499916,-4250.5392,0.24486883,0.58830234,0.12053673,4.5304474,0.077040675,79.999979
8.8599916,-4250.1268,0.24474655,0.67172448,0.15823392,3.744413,0.10461888,79.999979
8.8699915,-4250.0983,0.2447082,0.60951449,0.13870058,4.2750097,0.084867726,79.999979
8.8799915,-4251.1881,0.24474329,0.6177741,0.12345148,4.1393742,0.07576922,79.999979
8.8899915,-4251.2127,0.24477839,0.61246024,0.12999333,4.9686703,0.080581821,79.999979
8.8999915,-4251.2374,0.24481348,0.58885929,0.13754311,4.5101709,0.07827534,79.999979
8.9099915,-4251.5331,0.24447101,0.67552459,0.17357344,3.7946865,0.11730906,79.999979
8.9199915,-4253.027,0.24491016,0.57408255,0.15867494,3.6505463,0.085825266,79.999979
8.9299915,-4253.6068,0.24487749,0.57424585,0.15471961,3.8050275,0.086311787,79.999979
8.9399915,-4253.0447,0.24483477,0.62242684,0.1233906,4.849542,0.077971813,79.999979
8.9499915,-4252.4825,0.24483477,0.56213643,0.12686332,4.9208747,0.070987005,79.999979
8.9599915,-4251.9204,0.24483477,0.56073839,0.13003248,4.2273393,0.072045898,79.999979
8.9699914,-4250.9657,0.24484393,0.54852922,0.11454503,3.4876423,0.062644821,79.999979
8.9799914,-4253.2296,0.24479335,0.59172342,0.13499892,4.3382082,0.079870973,79.999979
8.9899914,-4254.4715,0.24469047,0.69242248,0.12626204,5.2221274,0.087811408,79.999979
8.9999914,-4254.6439,0.24426243,0.57818797,0.15996707,3.6466627,0.090109008,79.999979
9.0099914,-4254.95,0.24419933,0.58368579,0.16275002,3.4593903,0.08742776,79.999979
9.0199914,-4255.256,0.24413622,0.58918362,0.1458702,3.9450539,0.084746512,79.999979
9.0299914,-4255.8216,0.24407312,0.5853369,0.12512912,4.148463,0.074442346,79.999979
9.0399914,-4256.547,0.24527139,0.5726945,0.12068975,4.7687633,0.067586239,79.999979
9.0499914,-4254.4294,0.24547067,0.65190129,0.12551826,5.0413484,0.080659252,79.999979
9.0599914,-4254.0978,0.24525023,0.58399468,0.13102516,4.2120964,0.076515232,79.999979
9.0699914,-4254.3547,0.24525023,0.5856986,0.12652943,4.4400267,0.079757241,79.999979
9.0799913,-4254.6198,0.24525023,0.57827796,0.12203371,4.6679569,0.081983676,79.999979
9.0899913,-4254.8849,0.24525023,0.57085732,0.11753798,4.8958872,0.084210111,79.999979
9.0999913,-4255.15,0.24525023,0.56343668,0.13441293,4.453656,0.086436546,79.999979
9.1099913,-4255.4151,0.24525023,0.55538149,0.1545691,3.5166108,0.082364697,79.999979
9.1199913,-4255.6853,0.24507472,0.56620925,0.12067602,4.8224687,0.068277723,79.999979
9.1299913,-4256.0138,0.24494685,0.60780063,0.11409054,5.1541365,0.072064216,79.999979
9.1399913,-4256.3423,0.24488538,0.58417006,0.11356347,5.170099,0.068068558,79.999979
9.1499913,-4256.6708,0.2448239,0.57176721,0.11793,4.7211632,0.070408975,79.999979
9.1599913,-4256.9946,0.24477541,0.64748629,0.13152489,4.5913786,0.085569086,79.999979
9.1699913,-4258.752,0.24513665,0.53404633,0.11449429,4.8932509,0.062045453,79.999979
9.1799912,-4257.4647,0.24559667,0.65416099,0.13117782,5.4076385,0.08592236,79.999979
9.1899912,-4257.4647,0.24564578,0.59923707,0.12959459,3.8524909,0.096359478,79.999979
9.1999912,-4257.4647,0.24571527,0.57537003,0.15256639,3.6190744,0.087290521,79.999979
9.2099912,-4257.4647,0.24578476,0.62979436,0.14343721,3.4349356,0.089922452,79.999979
9.2199912,-4256.074,0.24571299,0.57018864,0.14841684,3.6500731,0.085609721,79.999979
9.2299912,-4257.0497,0.24525743,0.57985948,0.14616679,3.7075867,0.086099819,79.999979
9.2399912,-4258.4606,0.24497268,0.61453316,0.13694926,4.0889966,0.085483669,79.999979
9.2499912,-4258.3506,0.2448979,0.61157872,0.13248642,4.5046547,0.084434907,79.999979
9.2599912,-4258.3506,0.2448979,0.63100934,0.13216627,4.5583692,0.081992599,79.999979
9.2699912,-4258.3506,0.2448979,0.62151118,0.11494128,5.3083001,0.072408299,79.999979
9.2799911,-4258.454,0.24461784,0.58921954,0.12149251,4.9499292,0.071762553,79.999979
9.2899911,-4260.0191,0.24493253,0.61549496,0.12569462,4.8314007,0.077227556,79.999979
9.2999911,-4259.4887,0.24545587,0.58574959,0.13875843,4.1651741,0.08126567,79.999979
9.3099911,-4259.3821,0.24459283,0.59944124,0.15612247,4.0024297,0.075551673,79.999979
9.3199911,-4261.9621,0.24466405,0.57121536,0.15072068,3.9706978,0.086083377,79.999979
9.3299911,-4262.0586,0.24484033,0.59520438,0.12919056,4.1843677,0.080488995,79.999979
9.3399911,-4262.1552,0.24501661,0.64286509,0.1216594,4.9863703,0.079248684,79.999979
9.3499911,-4262.2518,0.24473141,0.57810847,0.1179852,5.0145075,0.068369469,79.999979
9.3599911,-4263.7353,0.24432414,0.57481402,0.14671551,3.8799926,0.086791441,79.999979
9.3699911,-4263.1548,0.24464973,0.59733334,0.12124902,4.8484268,0.07241657,79.999979
9.3799911,-4260.5543,0.2449547,0.56905165,0.12609453,4.4542528,0.077194938,79.999979
9.389991,-4260.5543,0.24520585,0.59878371,0.16653644,3.4180886,0.099431409,79.999979
9.399991,-4260.5543,0.245457,0.58963979,0.15994062,3.6507875,0.09443859,79.999979
9.409991,-4260.5723,0.24570815,0.56618899,0.1528512,3.5986316,0.086519342,79.999979
9.419991,-4260.665,0.24524436,0.57917699,0.16865339,3.9611707,0.097863629,79.999979
9.429991,-4262.0983,0.24449289,0.59070598,0.11939459,5.1857472,0.070618497,79.999979
9.439991,-4262.4024,0.24488555,0.53328825,0.13901739,3.7319651,0.074132415,79.999979
9.449991,-4262.7962,0.2448861,0.60767131,0.12844891,4.6052641,0.077121784,79.999979
9.459991,-4262.7962,0.24488755,0.62633264,0.12597075,4.6639119,0.079549616,79.999979
9.469991,-4262.7962,0.244889,0.67823242,0.1305256,4.7225597,0.08857292,79.999979
9.479991,-4262.7638,0.24489044,0.56303979,0.13925005,4.2759048,0.074848124,79.999979
9.4899909,-4261.3097,0.24485069,0.63430556,0.17787619,3.1306343,0.11273944,79.999979
9.4999909,-4260.2601,0.24511903,0.54665806,0.11966154,4.0639282,0.065400603,79.999979
9.5099909,-4261.0601,0.24523679,0.59616537,0.12008739,4.8014047,0.071594456,79.999979
9.5199909,-4261.9618,0.24523542,0.57824222,0.11939537,4.8729063,0.068891873,79.999979
9.5299909,-4262.8636,0.24523405,0.56977995,0.11870335,4.802704,0.066971163,79.999979
9.5399909,-4262.975,0.24523268,0.53974894,0.13437236,4.4168427,0.072527753,79.999979
9.5499909,-4262.8691,0.24514292,0.58352285,0.10955756,4.9063213,0.073058853,79.999979
9.5599909,-4264.7697,0.24443222,0.5626091,0.1273525,4.4313341,0.071622559,79.999979
9.5699909,-4265.279,0.24358559,0.57903455,0.13290053,4.2362391,0.076959892,79.999979
9.5799909,-4264.7985,0.24382299,0.57348152,0.12182012,4.2967297,0.071020268,79.999979
9.5899909,-4264.3179,0.2440604,0.59019635,0.13045544,4.3541892,0.07731351,79.999979
9.5999908,-4263.9151,0.2442978,0.61487199,0.14585743,4.3836775,0.089990257,79.999979
9.6099908,-4264.2886,0.24435442,0.60635553,0.12496453,4.408952,0.080638358,79.999979
9.6199908,-4267.3867,0.24418812,0.5510234,0.11367756,3.753585,0.062793708,79.999979
9.6299908,-4267.8048,0.24422672,0.58734319,0.1053342,5.4760131,0.061867708,79.999979
9.6399908,-4267.9543,0.24429581,0.57890758,0.10447807,5.4429288,0.060498308,79.999979
9.6499908,-4268.1037,0.2443649,0.57047198,0.10362195,5.4098445,0.059128907,79.999979
9.6599908,-4268.2531,0.24443399,0.56203637,0.10276582,5.3767602,0.057759506,79.999979
9.6699908,-4268.4026,0.24450307,0.62598168,0.1446593,4.4303817,0.093404229,79.999979
9.6799908,-4268.552,0.24457216,0.60977288,0.13174167,4.653891,0.079805766,79.999979
9.6899908,-4268.66,0.24489085,0.59383456,0.13418802,3.9505611,0.079676497,79.999979
9.6999907,-4268.7334,0.24489085,0.60207799,0.12758177,4.5042875,0.076829947,79.999979
9.7099907,-4268.7384,0.24489085,0.57680135,0.12937477,4.5607563,0.074496259,79.999979
9.7199907,-4268.7384,0.24489085,0.56145143,0.13007712,4.2874784,0.078873839,79.999979
9.7299907,-4267.881,0.24466815,0.55798952,0.14797331,3.6770892,0.082497163,79.999979
9.7399907,-4264.8733,0.2441658,0.5782865,0.13048972,4.4245715,0.073005663,79.999979
9.7499907,-4265.8665,0.24447705,0.59542499,0.15161698,4.9202688,0.089612611,79.999979
9.7599907,-4265.8777,0.24476309,0.56852239,0.12034101,5.1711066,0.069366567,79.999979
9.7699907,-4265.605,0.24478705,0.58056545,0.13239986,4.2956746,0.07398885,79.999979
9.7799907,-4265.3322,0.24481101,0.56367878,0.15550282,3.6567975,0.075494324,79.999979
9.7899907,-4265.3113,0.24483497,0.62847736,0.12354993,4.5855981,0.078294057,79.999979
9.7999907,-4266.3184,0.24469008,0.66225406,0.12750635,4.0236583,0.084442226,79.999979
9.8099906,-4266.6957,0.24488988,0.56896902,0.13455926,3.9049089,0.076797436,79.999979
9.8199906,-4271.5705,0.24527864,0.55689443,0.10696665,5.1111131,0.059584327,79.999979
9.8299906,-4272.2309,0.24495657,0.54454497,0.10662405,5.0119964,0.058091039,79.999979
9.8399906,-4270.9182,0.24509277,0.53219551,0.10628144,4.9128797,0.056597751,79.999979
9.8499906,-4272.9777,0.24382266,0.51984606,0.10593883,4.8137631,0.055104462,79.999979
9.8599906,-4276.5774,0.24443878,0.5074966,0.10559622,4.7146464,0.053611174,79.999979
9.8699906,-4279.8024,0.24459318,0.49514714,0.10525362,4.6155298,0.052117886,79.999979
9.8799906,-4281.1557,0.24399318,0.48742001,0.10651511,4.4906461,0.051946837,79.999979
9.8899906,-4281.0355,0.24453465,0.48007816,0.10812142,4.3602234,0.051885999,79.999979
9.8999906,-4282.7652,0.24445235,0.47273631,0.10972773,4.2298007,0.05182516,79.999979
9.9099905,-4281.2344,0.24386191,0.46539445,0.11133404,4.099378,0.051764321,79.999979
9.9199905,-4283.9594,0.24363919,0.4580526,0.11294036,3.9689553,0.051703482,79.999979
9.9299905,-4284.5134,0.24395815,0.45856537,0.11350736,3.9334914,0.051990616,79.999979
9.9399905,-4286.7678,0.24350275,0.47843477,0.11151315,4.2057028,0.053135277,79.999979
9.9499905,-4288.62,0.24353528,0.49830416,0.10951894,4.4779141,0.054279939,79.999979
9.9599905,-4287.016,0.24353528,0.51817355,0.10752473,4.7501255,0.0554246,79.999979
9.9699905,-4285.2683,0.24425667,0.53804295,0.10553052,5.0223369,0.056569262,79.999979
9.9799905,-4289.9389,0.24418602,0.55791234,0.10353631,5.2945483,0.057713923,79.999979
9.9899905,-4292.8118,0.24412565,0.55348663,0.10111691,5.3766528,0.056079009,79.999979
9.9999905,-4295.1634,0.24360299,0.54139513,0.098563348,5.3987731,0.05356706,79.999979
10.00999,-4295.9651,0.24399704,0.52930362,0.096009788,5.4208934,0.051055111,79.999979
10.01999,-4296.3907,0.24365877,0.51721212,0.093456227,5.4430137,0.048543161,79.999979
10.02999,-4296.0287,0.24333186,0.50512061,0.090902666,5.465134,0.046031212,79.999979
10.03999,-4325.8566,0.24204931,0.52624086,0.12264799,4.3458488,0.065390419,79.999979
10.04999,-4326.4099,0.24181601,0.51896998,0.10441405,4.3030524,0.054123503,79.999979
10.05999,-4327.592,0.24185962,0.51931753,0.10602817,5.685804,0.055911351,79.999979
10.06999,-4327.5973,0.24190153,0.56665558,0.10542319,5.4062001,0.077258534,79.999979
10.07999,-4327.9601,0.2418237,0.54547861,0.11336982,5.0430292,0.072642992,79.999979
10.08999,-4328.3228,0.24174586,0.52430164,0.12131645,4.6798583,0.068027449,79.999979
10.09999,-4328.6856,0.24166803,0.52309389,0.12448165,4.3166875,0.063619939,79.999979
10.10999,-4329.0483,0.2415902,0.57476167,0.10495607,3.9535166,0.059763266,79.999979
10.11999,-4329.411,0.24151237,0.4772721,0.11693106,4.0882394,0.054964354,79.999979
10.12999,-4329.4236,0.24198886,0.54728877,0.14618904,3.6669703,0.080733509,79.999979
10.13999,-4329.1148,0.24240219,0.48944959,0.10052475,4.6240582,0.052632273,79.999979
10.14999,-4328.8061,0.24265444,0.49207083,0.10549289,4.5887364,0.05294132,79.999979
10.15999,-4328.4973,0.24290668,0.50795979,0.11273208,5.0647395,0.055307421,79.999979
10.16999,-4328.4697,0.24304502,0.50381907,0.15676386,3.7560247,0.078977644,79.999979
10.17999,-4326.5019,0.2429586,0.53882275,0.10494511,5.0344015,0.056548584,79.999979
10.18999,-4327.6636,0.24237173,0.51930707,0.11370051,4.1036689,0.059121412,79.999979
10.19999,-4328.1976,0.2422232,0.53341182,0.11408197,4.5441792,0.060521303,79.999979
10.20999,-4328.7316,0.24207467,0.54734272,0.10295914,5.0745153,0.057390499,79.999979
10.21999,-4329.2656,0.24192615,0.60460534,0.10624673,5.1434764,0.066841966,79.999979
10.22999,-4329.3636,0.24246529,0.60892876,0.11739961,5.2337224,0.070800344,79.999979
10.23999,-4330.8924,0.24312443,0.51184075,0.12445595,3.4644951,0.064096852,79.999979
10.24999,-4330.7619,0.24322757,0.55751838,0.11663752,5.1734221,0.067561327,79.999979
10.25999,-4330.4806,0.24315491,0.55927382,0.13259702,3.9315191,0.075040389,79.999979
10.26999,-4330.1994,0.24308087,0.56063678,0.13064294,4.1296787,0.076305679,79.999979
10.27999,-4329.2902,0.24300682,0.55745989,0.13849122,3.9803925,0.07850731,79.999979
10.28999,-4327.2811,0.24267497,0.54360272,0.1201527,3.6220492,0.065311105,79.999979
10.29999,-4328.5972,0.24243418,0.53728534,0.11955755,3.9358397,0.065309514,79.999979
10.30999,-4329.7051,0.24242072,0.62853408,0.12735401,4.6484581,0.080220485,79.999979
10.31999,-4329.5318,0.24239251,0.57954656,0.11149023,5.2200047,0.063272511,79.999979
10.32999,-4329.3355,0.2423643,0.54183984,0.10559632,5.1878045,0.056666774,79.999979
10.33999,-4329.1392,0.24233609,0.55825927,0.12069273,4.5979395,0.070037452,79.999979
10.34999,-4329.6664,0.24248546,0.53659819,0.16255581,3.1632179,0.087209023,79.999979
10.35999,-4330.4257,0.24282369,0.6411516,0.12549527,5.1532025,0.081567188,79.999979
10.36999,-4327.6296,0.24236465,0.56685579,0.14802827,3.8226762,0.082100392,79.999979
10.37999,-4327.5195,0.24201315,0.55300682,0.1084006,5.082739,0.060467321,79.999979
10.38999,-4327.5195,0.24201315,0.53188802,0.10210225,5.1735593,0.058018201,79.999979
10.39999,-4327.5195,0.24201315,0.5738407,0.12196592,5.0919194,0.070001807,79.999979
10.40999,-4327.4992,0.24201999,0.57940067,0.11478271,5.215908,0.06641461,79.999979
10.41999,-4329.3951,0.2420644,0.52018773,0.14161779,3.6404261,0.074603185,79.999979
10.42999,-4329.2631,0.24236378,0.55748995,0.14909088,3.6732615,0.083134078,79.999979
10.43999,-4330.3857,0.24249312,0.6171673,0.12081584,4.9474883,0.072677707,79.999979
10.44999,-4330.4774,0.24246557,0.60985041,0.1209245,4.9617539,0.070107176,79.999979
10.45999,-4330.569,0.24243803,0.60253351,0.11240061,5.2540359,0.067536645,79.999979
10.46999,-4330.6607,0.242414,0.60822439,0.14840703,4.0518165,0.091664839,79.999979
10.47999,-4330.6814,0.24167632,0.56383694,0.11118895,4.9284915,0.062652029,79.999979
10.48999,-4327.8875,0.24170277,0.56153177,0.11319832,5.1468958,0.064061068,79.999979
10.49999,-4328.2354,0.24184075,0.58468853,0.12043917,5.1719958,0.069479851,79.999979
10.50999,-4328.9092,0.24175857,0.57709708,0.12805802,4.401489,0.06614453,79.999979
10.51999,-4329.583,0.24167639,0.56950564,0.11441565,4.8908399,0.062809208,79.999979
10.52999,-4330.2567,0.24152403,0.54910247,0.11719106,4.6913221,0.064370942,79.999979
10.53999,-4330.2906,0.24136281,0.61973635,0.14159776,4.4023407,0.08780601,79.999979
10.54999,-4330.4102,0.24214826,0.55856847,0.1341393,4.2205895,0.075056381,79.999979
10.55999,-4331.9875,0.24285111,0.5909676,0.12888715,4.4856707,0.076160772,79.999979
10.56999,-4332.2649,0.24298011,0.56386281,0.1313617,4.3006707,0.074068795,79.999979
10.57999,-4332.5422,0.2431014,0.53931888,0.13007062,4.2202298,0.070041075,79.999979
10.58999,-4332.8195,0.24322268,0.55956217,0.13049434,4.022713,0.073191993,79.999979
10.59999,-4330.5872,0.24298185,0.64403805,0.16969492,3.9342629,0.10002096,79.999979
10.60999,-4330.0225,0.24205251,0.57600424,0.15229023,3.6997917,0.078002522,79.999979
10.61999,-4330.1478,0.24183022,0.60611584,0.12747697,4.5171054,0.079854817,79.999979
10.62999,-4330.7423,0.24197757,0.57355636,0.10812443,5.1349202,0.062042179,79.999979
10.63999,-4331.3368,0.24215177,0.59532521,0.11635976,5.2423437,0.070506776,79.999979
10.64999,-4331.9313,0.24232598,0.56248261,0.12226239,4.9480032,0.068547362,79.999979
10.65999,-4331.2185,0.24253602,0.61495799,0.13398754,4.305144,0.082365999,79.999979
10.66999,-4332.1065,0.24226098,0.5746297,0.11060965,5.0815482,0.063843377,79.999979
10.67999,-4331.2678,0.24154344,0.60361743,0.11603731,5.3901673,0.069999517,79.999979
10.68999,-4328.8494,0.24146094,0.59348672,0.12554155,4.5837786,0.074550122,79.999979
10.69999,-4328.8494,0.24146094,0.58671192,0.12398918,4.6144274,0.072405054,79.999979
10.70999,-4328.8494,0.24146094,0.56016903,0.11666342,4.6759639,0.064957071,79.999979
10.71999,-4328.8494,0.24144098,0.56199194,0.11788958,4.6745533,0.066190489,79.999979
10.72999,-4328.1421,0.24160917,0.58432079,0.15047086,3.7417447,0.087927491,79.999979
10.73999,-4329.9722,0.24236535,0.56616772,0.14098031,3.9278997,0.073454648,79.999979
10.74999,-4329.6881,0.24262225,0.56752511,0.13919562,4.2887516,0.076745935,79.999979
10.75999,-4330.0495,0.24269843,0.61305923,0.15504159,3.8090099,0.088767377,79.999979
10.76999,-4330.4109,0.24277461,0.76356904,0.12867917,3.3292682,0.096976822,79.999979
10.77999,-4330.7723,0.24282886,0.63680519,0.13785062,4.7298924,0.087898133,79.999979
10.78999,-4330.9315,0.24245515,0.56811642,0.12268763,4.3871658,0.069357927,79.999979
10.79999,-4331.6523,0.24252002,0.60136372,0.13167932,4.5432687,0.084669864,79.999979
10.80999,-4329.6069,0.24237259,0.58369024,0.11882403,4.8108093,0.069335926,79.999979
10.81999,-4332.0555,0.24211685,0.58315415,0.10648118,5.4373935,0.062529597,79.999979
10.82999,-4332.0555,0.24130958,0.58321966,0.14333929,3.81143,0.081589021,79.999979
10.83999,-4332.0555,0.24130958,0.58037735,0.12960911,3.9886651,0.075551877,79.999979
10.84999,-4332.0555,0.24130958,0.58994936,0.12735839,4.3417797,0.076154712,79.999979
10.85999,-4332.0376,0.241351,0.57882161,0.12578282,4.4904241,0.074612165,79.999979
10.86999,-4333.0079,0.24219642,0.59164671,0.13892404,3.9445731,0.082149546,79.999979
10.87999,-4334.7385,0.24264763,0.5846111,0.14603298,4.4174553,0.08099545,79.999979
10.88999,-4333.9014,0.24253548,0.57642502,0.11955661,3.6759889,0.073984136,79.999979
10.89999,-4333.0642,0.24243185,0.5844799,0.12161883,4.1145057,0.074600292,79.999979
10.90999,-4332.2271,0.24232822,0.59253478,0.12368104,4.5530225,0.075216447,79.999979
10.91999,-4331.6744,0.24222459,0.60058965,0.12574326,4.6851065,0.075832603,79.999979
10.92999,-4331.4063,0.24212096,0.59206204,0.12780548,4.6173319,0.073982039,79.999979
10.93999,-4331.1382,0.24201733,0.58048214,0.11713755,4.8799573,0.071363076,79.999979
10.94999,-4330.8701,0.24191369,0.59223393,0.12492818,4.7718881,0.073843516,79.999979
10.95999,-4330.602,0.24181006,0.63579799,0.13223061,4.2600777,0.083416614,79.999979
10.96999,-4330.352,0.24180278,0.64159335,0.13239579,4.6493399,0.08554994,79.999979
10.97999,-4330.8331,0.24180816,0.68898465,0.14234903,4.0912035,0.098037403,79.999979
10.98999,-4332.1321,0.24197145,0.63875214,0.12806916,4.4509886,0.082241641,79.999979
10.99999,-4332.5018,0.24157617,0.59166822,0.1338958,3.8506158,0.079187092,79.999979
11.00999,-4333.129,0.24215098,0.64318755,0.1340266,4.5810519,0.094350965,79.999979
11.019989,-4333.7737,0.24215098,0.63590902,0.12755561,4.8176318,0.08160403,79.999979
11.029989,-4334.4183,0.24215098,0.57321311,0.1281887,5.0542117,0.07357036,79.999979
11.039989,-4334.5525,0.24215098,0.59271066,0.13319145,3.9967801,0.077804775,79.999979
11.049989,-4333.289,0.24222435,0.6292528,0.13603006,4.5878421,0.084658435,79.999979
11.059989,-4330.8472,0.24207847,0.5930099,0.15983423,4.0019686,0.09174368,79.999979
11.069989,-4331.2764,0.24259983,0.57513624,0.17042825,3.4024358,0.090749282,79.999979
11.079989,-4332.0691,0.24270807,0.56478077,0.13237128,4.1270785,0.085196648,79.999979
11.089989,-4332.6421,0.24281631,0.57180668,0.13185742,4.1972894,0.078142003,79.999979
11.099989,-4332.9999,0.24292454,0.60602221,0.12655631,4.530905,0.076696817,79.999979
11.109989,-4333.1825,0.24331324,0.5991208,0.15727034,3.8149958,0.094224339,79.999979
11.119989,-4333.363,0.2434673,0.5672101,0.12788757,4.3938886,0.072690495,79.999979
11.129989,-4336.0798,0.24380216,0.56063526,0.11979375,4.3991262,0.068971066,79.999979
11.139989,-4335.5897,0.24338001,0.59866036,0.13092823,5.1217547,0.079169208,79.999979
11.149989,-4335.098,0.24295785,0.65505787,0.15567286,4.6458891,0.10273985,79.999979
11.159989,-4334.6063,0.2425357,0.62246276,0.15656441,4.0918435,0.097151289,79.999979
11.169989,-4333.6784,0.24163216,0.59401021,0.12942319,4.9253273,0.075858982,79.999979
11.179989,-4333.3329,0.24195815,0.5715558,0.15543659,3.6767907,0.088791172,79.999979
11.189989,-4333.9559,0.24194348,0.58373808,0.15173626,3.5898793,0.088369596,79.999979
11.199989,-4334.2196,0.24186681,0.56331154,0.15994408,3.8224518,0.090074746,79.999979
11.209989,-4334.5387,0.24179013,0.56958792,0.13954141,3.5066283,0.077604208,79.999979
11.219989,-4334.8578,0.24171346,0.60551695,0.11916134,4.975771,0.075770011,79.999979
11.229989,-4334.9457,0.24182928,0.6081264,0.12390396,4.7865842,0.079737265,79.999979
11.239989,-4335.6822,0.2425036,0.63956813,0.12423866,4.782884,0.079450175,79.999979
11.249989,-4335.409,0.24219313,0.50785854,0.1242282,4.0783061,0.063694514,79.999979
11.259989,-4334.3565,0.24218438,0.70003828,0.16595418,3.9598253,0.22049555,79.999979
11.269989,-4333.5483,0.24253039,0.92559597,0.21635104,3.9953104,0.39531405,79.999979
11.279989,-4332.7402,0.24287639,1.1511537,0.2667479,4.0307954,0.57013255,79.999979
11.289989,-4332.6585,0.2432224,1.3767113,0.31714476,4.0662804,0.74495106,79.999979
11.299989,-4333.158,0.24344812,1.602269,0.36754162,4.1017655,0.91976956,79.999979
11.309989,-4333.9335,0.2427593,1.8278267,0.41793847,4.1372505,1.0945881,79.999979
11.319989,-4335.4431,0.24249842,2.0533844,0.46833533,4.1727355,1.2694066,79.999979
11.329989,-4333.4557,0.24215216,2.2789421,0.51873219,4.2082206,1.4442251,79.999979
11.339989,-4333.4557,0.24215216,2.5044998,0.56912905,4.2437056,1.6190436,79.999979
11.349989,-4337.5296,0.24282298,2.7300575,0.61952591,4.2791906,1.7938621,79.999979
11.359989,-4333.486,0.24123772,2.9346893,0.66569601,4.3085807,1.9536036,79.999979
11.369989,-4336.7783,0.24275447,2.9313235,0.66985321,4.2773878,1.9634839,79.999979
11.379989,-4337.7355,0.24233299,2.9279576,0.67401041,4.2461949,1.9733642,79.999979
11.389989,-4335.3319,0.24209209,2.9245917,0.67816761,4.2150021,1.9832445,79.999979
11.399989,-4335.3319,0.24195075,2.9212258,0.68232481,4.1838092,1.9931248,79.999979
11.409989,-4336.4579,0.24164405,2.91786,0.68648201,4.1526163,2.0030052,79.999979
11.419989,-4339.3052,0.24196667,2.9152894,0.68856603,4.1327271,2.0073705,79.999979
11.429989,-4337.3354,0.24210067,2.9150659,0.68453223,4.1579896,1.9954615,79.999979
11.439989,-4342.5676,0.24202408,2.9148424,0.68049844,4.183252,1.9835525,79.999979
11.449989,-4341.2671,0.24187659,2.9146189,0.67646465,4.2085144,1.9716435,79.999979
11.459989,-4341.2119,0.24226295,2.9143954,0.67243086,4.2337768,1.9597345,79.999979
11.469989,-4339.8346,0.24190541,2.9141719,0.66839706,4.2590392,1.9478255,79.999979
11.479989,-4342.5791,0.24184177,2.9307165,0.67014928,4.2694324,1.9684463,79.999979
11.489989,-4340.9541,0.24237441,2.9555386,0.67726818,4.2627875,2.0051252,79.999979
11.499989,-4344.3401,0.24182948,2.9803607,0.68438709,4.2561427,2.0418042,79.999979
11.509989,-4358.0072,0.24146743,3.0051828,0.69150599,4.2494978,2.0784831,79.999979
11.519989,-4358.2223,0.24162116,2.9678741,0.7021762,4.2428529,2.0843666,79.999979
11.529989,-4358.3996,0.2418543,2.9256983,0.71440567,4.0831725,2.0857194,79.999979
11.539989,-4358.6134,0.24246003,2.9411741,0.68488115,4.4007031,2.0058223,79.999979
11.549989,-4351.5864,0.24270882,3.0017263,0.70196313,4.1781767,2.1070558,79.999979
11.559989,-4330.0661,0.24297028,3.0048893,0.70412735,4.176749,2.1200585,79.999979
11.569989,-4317.9107,0.24450131,3.0308935,0.68813885,4.3137577,2.0905711,79.999979
11.579989,-4314.4159,0.24458615,3.0449767,0.70239432,4.2394357,2.1443004,79.999979
11.589989,-4310.6104,0.24467098,3.0577753,0.71858166,4.1842465,2.1981344,79.999979
11.599989,-4291.5453,0.24581175,3.0444632,0.71937757,4.1436197,2.1900841,79.999979
11.609989,-4269.8161,0.24497988,3.1141,0.68979556,4.4281019,2.1480843,79.999979
11.619989,-4250.5093,0.24689424,3.1090068,0.71070788,4.1890951,2.2095352,79.999979
11.629989,-4231.2307,0.24778657,3.0539716,0.70409029,4.2287724,2.1503475,79.999979
11.639989,-4227.5522,0.24759663,3.0799692,0.70665528,4.2502614,2.1731124,79.999979
11.649989,-4223.8738,0.2474067,3.0444517,0.69886382,4.2626355,2.1269192,79.999979
11.659989,-4212.3892,0.24721676,3.0623511,0.72504601,4.2152359,2.2204575,79.999979
11.669989,-4192.4293,0.24807411,3.1119002,0.72463839,4.1454222,2.2154342,79.999979
11.679989,-4160.1055,0.24908324,3.129192,0.74278576,4.1592418,2.310912,79.999979
11.689989,-4135.1771,0.2499321,3.115478,0.72106598,4.2621826,2.2338976,79.999979
11.699989,-4132.7024,0.25006103,3.1266781,0.71861364,4.2247454,2.2397614,79.999979
11.709989,-4130.2277,0.25033648,3.1378782,0.71616129,4.2596743,2.2456251,79.999979
11.719989,-4124.3001,0.25100456,3.0947271,0.71447936,4.2800057,2.2110803,79.999979
11.729989,-4104.4098,0.25182733,3.1167902,0.73119724,4.0829693,2.2572712,79.999979
11.739989,-4075.7918,0.25249452,3.1263062,0.69607299,4.3095834,2.1881803,79.999979
11.749989,-4054.7515,0.25299722,3.0991003,0.70020331,4.4068346,2.1699751,79.999979
11.759989,-4047.1549,0.25341436,3.0511607,0.7168098,4.2678043,2.187085,79.999979
11.769989,-4044.033,0.25383151,3.0667921,0.71691896,4.1995104,2.1937423,79.999979
11.779989,-4040.9111,0.25422311,3.0837623,0.71348177,4.1524608,2.2001795,79.999979
11.789989,-4025.8255,0.25412408,3.1618811,0.72422511,4.2700498,2.3191833,79.999979
11.799989,-3998.8847,0.25498602,3.0957259,0.72707268,4.1435723,2.2487395,79.999979
11.809989,-3980.0491,0.25572842,0.51422036,0.11942765,4.4894931,0.060240287,79.999979
11.819989,-3975.1017,0.25598647,0.57774691,0.12335483,4.5605332,0.071639659,79.999979
11.829989,-3971.4637,0.25604673,0.54997787,0.12656443,4.3483861,0.069029101,79.999979
11.839989,-3966.6767,0.25610699,0.51989763,0.12665358,4.1168466,0.065286925,79.999979
11.849989,-3952.5806,0.25595857,0.56105657,0.11449693,5.0764739,0.068276605,79.999979
11.859989,-3945.4816,0.25665709,0.48363218,0.11394834,5.0902583,0.055087709,79.999979
11.869989,-3947.0964,0.25650339,0.52372041,0.13318818,3.9630866,0.069754553,79.999979
11.879989,-3950.0315,0.25625178,0.5243253,0.11350812,4.7079493,0.06475209,79.999979
11.889989,-3951.8157,0.25607951,0.51945532,0.12933481,4.3311831,0.069764908,79.999979
11.899989,-3952.618,0.25590725,0.51458535,0.14516151,3.5228729,0.074777727,79.999979
11.909989,-3954.0659,0.25594835,0.49040185,0.12411522,3.819658,0.069625931,79.999979
11.919989,-3953.3339,0.25667594,0.51716394,0.1261611,4.0414369,0.066865238,79.999979
11.929989,-3956.6063,0.25540554,0.54292114,0.12213969,4.480485,0.064506725,79.999979
11.939989,-3958.0279,0.25532205,0.53492439,0.15185184,3.4186526,0.081278856,79.999979
11.949989,-3958.3471,0.25542331,0.52781902,0.14540191,3.533076,0.076816939,79.999979
11.959989,-3958.6662,0.25574974,0.52071365,0.13895198,3.6474993,0.072355022,79.999979
11.969989,-3956.0605,0.25673241,0.51125766,0.12248993,4.0914996,0.066155249,79.999979
11.979989,-3957.4088,0.25646548,0.51036175,0.11091781,4.6082646,0.056594636,79.999979
11.989989,-3961.5708,0.25498656,0.56680726,0.10564125,5.3168463,0.059208805,79.999979
11.999989,-3959.2589,0.25646421,0.54868287,0.11324188,4.5989597,0.061782719,79.999979
12.009989,-3959.6937,0.25675237,0.55459397,0.1119676,4.7852974,0.06203864,79.999979
12.019989,-3960.1286,0.25704054,0.50080242,0.10774229,4.9716352,0.054016978,79.999979
12.029989,-3960.9909,0.25678811,0.58638458,0.1431976,4.0517337,0.084394316,79.999979
12.039989,-3965.151,0.25449662,0.52918319,0.13428893,3.3803074,0.070695759,79.999979
12.049989,-3964.4548,0.25538303,0.57051718,0.11156736,4.4424305,0.063908493,79.999979
12.059988,-3966.6405,0.25574408,0.49978909,0.11536653,4.687276,0.057828541,79.999979
12.069988,-3966.9514,0.25577803,0.49987341,0.11108674,4.3525845,0.056202653,79.999979
12.079988,-3967.2622,0.25581198,0.49995772,0.10831788,4.4879901,0.054576764,79.999979
12.089988,-3967.573,0.25584592,0.50004204,0.10554903,4.6233957,0.052950876,79.999979
12.099988,-3967.8839,0.25579676,0.50306915,0.10278018,4.7588013,0.054416704,79.999979
12.109988,-3968.1947,0.25566861,0.51256913,0.10001133,4.8942068,0.062682942,79.999979
12.119988,-3968.7522,0.25553369,0.52529157,0.13585984,3.7309564,0.071284,79.999979
12.129988,-3968.3696,0.25525722,0.50161824,0.10645738,4.8349661,0.055363329,79.999979
12.139988,-3967.7439,0.2551788,0.51272726,0.1131186,4.3963542,0.05803086,79.999979
12.149988,-3967.1181,0.2551788,0.55783677,0.11928741,4.0217253,0.066422985,79.999979
12.159988,-3967.3466,0.25478168,0.51268633,0.11852728,4.0842399,0.060695148,79.999979
12.169988,-3968.7464,0.25503536,0.51234398,0.10089731,4.8067353,0.056202427,79.999979
12.179988,-3965.3496,0.25450296,0.47486087,0.11366321,4.7116188,0.052796235,79.999979
12.189988,-3965.1881,0.25522255,0.52256736,0.10749198,4.8525993,0.051917828,79.999979
12.199988,-3965.6673,0.25584173,0.55164776,0.10573936,4.9122682,0.056261931,79.999979
12.209988,-3966.1466,0.25606998,0.58495275,0.10419769,5.4605381,0.061437498,79.999979
12.219988,-3965.7815,0.25623351,0.52940725,0.14127978,3.1312486,0.074634277,79.999979
12.229988,-3962.6214,0.25442409,0.51814091,0.10011178,5.048012,0.050069214,79.999979
12.239988,-3964.6408,0.2545683,0.49520562,0.15551746,3.2372111,0.076758147,79.999979
12.249988,-3965.1639,0.25581284,0.56083582,0.10516415,5.4171047,0.060985046,79.999979
12.259988,-3965.843,0.25586863,0.52452247,0.10510163,5.1699341,0.056629763,79.999979
12.269988,-3966.2741,0.25592443,0.52186766,0.1050391,4.9227636,0.059840922,79.999979
12.279988,-3966.6245,0.25568307,0.58592231,0.13054082,4.1886598,0.074174713,79.999979
12.289988,-3967.3805,0.25498575,0.55071519,0.13210664,4.4080667,0.068297067,79.999979
12.299988,-3968.9807,0.25595051,0.58208994,0.12286707,4.4976129,0.071219643,79.999979
12.309988,-3967.4069,0.25492572,0.51760772,0.13672677,3.7792792,0.070769799,79.999979
12.319988,-3970.0906,0.25515902,0.54530854,0.11360358,4.8866889,0.062136819,79.999979
12.329988,-3971.1593,0.25569137,0.54982244,0.12354879,4.1797566,0.067159566,79.999979
12.339988,-3971.6208,0.25579036,0.55545979,0.11977424,4.4362228,0.069373293,79.999979
12.349988,-3972.0274,0.25588935,0.53192112,0.11746134,4.7003784,0.068704256,79.999979
12.359988,-3969.3246,0.25519458,0.52077197,0.11100117,4.7958501,0.058237503,79.999979
12.369988,-3971.6378,0.25525901,0.50296969,0.11455925,4.3375211,0.057759633,79.999979
12.379988,-3972.7705,0.2551137,0.52341677,0.11117087,4.5389725,0.056238355,79.999979
12.389988,-3971.6434,0.25589747,0.56115218,0.10621956,5.0706679,0.059602488,79.999979
12.399988,-3971.1489,0.2557608,0.52062003,0.11575107,4.6060993,0.060553775,79.999979
12.409988,-3971.2085,0.25562413,0.48787606,0.13209653,3.6716476,0.064564617,79.999979
12.419988,-3973.8122,0.25516654,0.51685839,0.15324911,3.405747,0.079146883,79.999979
12.429988,-3977.1503,0.25468855,0.54157598,0.097871101,5.2638955,0.052910275,79.999979
12.439988,-3978.1915,0.25520262,0.55059152,0.1230214,4.0718022,0.069257602,79.999979
12.449988,-3981.3256,0.25399321,0.48680895,0.11507109,4.5412556,0.051652365,79.999979
12.459988,-3982.2724,0.25411182,0.51074723,0.11322996,4.1489165,0.054607902,79.999979
12.469988,-3983.8579,0.25423042,0.53468552,0.1088853,4.631015,0.057563438,79.999979
12.479988,-3985.2044,0.25476138,0.4977503,0.14235031,3.6056846,0.070757695,79.999979
12.489988,-3984.7633,0.25544304,0.48760576,0.10926422,4.5437645,0.055671594,79.999979
12.499988,-3986.243,0.25494605,0.51960599,0.12309256,4.0428236,0.065884092,79.999979
12.509988,-3986.1471,0.25466269,0.49727714,0.10091491,4.8248891,0.052840319,79.999979
12.519988,-3986.3295,0.25459354,0.5072586,0.10431396,4.7414407,0.054796162,79.999979
12.529988,-3986.5118,0.2545244,0.51724006,0.10771301,4.6579923,0.056752005,79.999979
12.539988,-3986.6941,0.25445526,0.52722152,0.11111206,4.5745439,0.058707848,79.999979
12.549988,-3986.8765,0.25438611,0.52593402,0.11451112,4.4910955,0.061484582,79.999979
12.559988,-3987.0588,0.25431697,0.52276933,0.13572407,4.1576839,0.062314293,79.999979
12.569988,-3987.2411,0.25424783,0.51932993,0.12648173,3.7086057,0.058925941,79.999979
12.579988,-3987.4202,0.25424505,0.56844754,0.13615806,4.3391844,0.075988824,79.999979
12.589988,-3989.3105,0.25514695,0.54577624,0.12044592,4.2494578,0.065719541,79.999979
12.599988,-3988.2694,0.25460697,0.49241545,0.11607015,4.1390325,0.057185094,79.999979
12.609988,-3990.3205,0.25442587,0.5338564,0.10842308,4.760142,0.05782531,79.999979
12.619988,-3989.4711,0.25487297,0.49371339,0.12076998,4.4625989,0.060120816,79.999979
12.629988,-3992.0405,0.25440674,0.50694541,0.12282357,4.2091687,0.062182208,79.999979
12.639988,-3991.9962,0.25380701,0.49565362,0.14390976,3.1917441,0.06916777,79.999979
12.649988,-3991.9477,0.25404343,0.5270841,0.13037848,3.6085324,0.065327131,79.999979
12.659988,-3992.3658,0.2544544,0.57225821,0.1098325,4.8202543,0.059831164,79.999979
12.669988,-3993.2359,0.2542806,0.52886928,0.125445,4.4282996,0.07458603,79.999979
12.679988,-3993.5894,0.25417413,0.53853784,0.13660805,4.3329805,0.073948667,79.999979
12.689988,-3995.4283,0.25417352,0.51131645,0.13942903,3.3710982,0.071072075,79.999979
12.699988,-3995.3391,0.25435653,0.54515633,0.10204374,5.2571984,0.055613732,79.999979
12.709988,-3995.3391,0.25461266,0.53454908,0.10281415,5.1126989,0.054933807,79.999979
12.719988,-3995.3391,0.2548688,0.52394183,0.10358455,4.9681993,0.054253882,79.999979
12.729988,-3993.6439,0.25543887,0.52965028,0.12890024,4.3318629,0.068224181,79.999979
12.739988,-3993.2238,0.25408497,0.49913432,0.10938138,4.7127934,0.054604002,79.999979
12.749988,-3992.314,0.2533871,0.62020749,0.11389778,3.9312095,0.071108966,79.999979
12.759988,-3990.2587,0.25476687,0.54690859,0.11781018,5.3213201,0.064125596,79.999979
12.769988,-3990.4373,0.25476687,0.58519271,0.10703311,4.7099305,0.062160353,79.999979
12.779988,-3991.1568,0.25476687,0.60115327,0.096256047,6.0180523,0.0617317,79.999979
12.789988,-3991.8762,0.25499431,0.538388,0.13271325,4.0482158,0.06933766,79.999979
12.799988,-3992.4278,0.2546118,0.49267073,0.13010542,3.9574743,0.064398245,79.999979
12.809988,-3989.8373,0.25528506,0.53756046,0.14422467,3.1915903,0.07743227,79.999979
12.819988,-3992.1442,0.25453375,0.53131725,0.13622595,3.8010696,0.069648424,79.999979
12.829988,-3992.3193,0.25453375,0.53014782,0.11782885,4.4017661,0.064521325,79.999979
12.839988,-3992.4944,0.25453375,0.53103007,0.1099108,4.7268397,0.058801899,79.999979
12.849988,-3992.5825,0.25466345,0.50674263,0.10567796,4.6477935,0.055522772,79.999979
12.859988,-3992.4411,0.253638,0.4948127,0.14408473,3.1796121,0.072209233,79.999979
12.869988,-3994.7647,0.25467456,0.50488686,0.11738458,4.193784,0.059010668,79.999979
12.879988,-3993.704,0.25373843,0.52378035,0.110514,4.6600892,0.057865085,79.999979
12.889988,-3993.5613,0.25373843,0.48299998,0.11613424,4.1721555,0.055891341,79.999979
12.899988,-3993.5613,0.25373843,0.52693032,0.11715089,4.2122569,0.061675941,79.999979
12.909988,-3993.5613,0.25378281,0.5453038,0.11573643,4.5476153,0.062817913,79.999979
12.919988,-3996.2735,0.25371532,0.56327728,0.11417535,4.9723074,0.06444538,79.999979
12.929988,-3997.7396,0.25399844,0.51516599,0.11982286,4.22552,0.06081887,79.999979
12.939988,-3997.9148,0.25426791,0.55499694,0.12276768,4.4452578,0.067903054,79.999979
12.949988,-3998.8928,0.25396867,0.51169376,0.12281414,4.4492977,0.062801669,79.999979
12.959988,-3998.8928,0.25370529,0.51525506,0.11919037,4.0099338,0.061094473,79.999979
12.969988,-3998.8928,0.25351002,0.52089958,0.11134216,4.3647789,0.05761824,79.999979
12.979988,-4000.1943,0.25376384,0.49733629,0.10799376,4.4845756,0.053838435,79.999979
12.989988,-3999.1177,0.25351511,0.52884295,0.12477822,4.1619992,0.066778251,79.999979
12.999988,-4002.3379,0.25385397,0.54192743,0.12470496,4.6011386,0.067370995,79.999979
13.009988,-4002.1549,0.25382842,0.49397306,0.11976519,4.0220592,0.059198292,79.999979
13.019988,-4002.0326,0.25382842,0.50322407,0.12407449,3.9341201,0.062453809,79.999979
13.029988,-4002.0326,0.25382627,0.60506631,0.12449929,4.0088607,0.074461341,79.999979
13.039988,-4000.8728,0.25334434,0.51441663,0.11156953,4.5390337,0.057676995,79.999979
13.049988,-4006.2914,0.25401161,0.5076992,0.15142993,3.3291815,0.07685202,79.999979
13.059988,-4008.2761,0.25387628,0.51499921,0.1282285,3.9497772,0.065910936,79.999979
13.069988,-4008.483,0.25501048,0.53235233,0.096488431,3.2494412,0.08601865,79.999979
13.079988,-4008.483,0.25501048,0.53087526,0.099593534,3.9661723,0.080230878,79.999979
13.089988,-4008.483,0.25501048,0.52939819,0.10269864,4.6829034,0.074443105,79.999979
13.099988,-4008.483,0.25501048,0.52792111,0.10580374,5.3996346,0.068655333,79.999979
13.109987,-4008.8727,0.25501048,0.52644404,0.10890884,5.0334175,0.06286756,79.999979
13.119987,-4009.3686,0.25496952,0.51429375,0.11242241,4.5617564,0.057797468,79.999979
13.129987,-4009.8646,0.25466008,0.51566257,0.11724622,4.2421656,0.063611581,79.999979
13.139987,-4010.3606,0.25435064,0.54740295,0.13048989,3.9948497,0.074883622,79.999979
13.149987,-4010.8566,0.25404119,0.57914333,0.14750319,3.8225014,0.086155663,79.999979
13.159987,-4010.5674,0.25370676,0.51375898,0.12484547,4.0016517,0.064164269,79.999979
13.169987,-4009.7828,0.2533405,0.53958712,0.12182556,4.1477363,0.065736754,79.999979
13.179987,-4011.9081,0.25417877,0.57870685,0.11437344,4.9607883,0.066326982,79.999979
13.189987,-4009.6335,0.25306999,0.5599834,0.11129765,4.9277436,0.062723697,79.999979
13.199987,-4009.1483,0.25322328,0.54125994,0.10822185,4.8946988,0.059120413,79.999979
13.209987,-4010.9626,0.25396085,0.52253648,0.10514606,4.8616541,0.055517128,79.999979
13.219987,-4012.2596,0.25394229,0.50381303,0.10207026,4.8286093,0.051913843,79.999979
13.229987,-4014.5736,0.25307187,0.48508957,0.098994464,4.7955646,0.048310558,79.999979
13.239987,-4015.0269,0.25227786,0.4680145,0.096314351,4.7600528,0.045081385,79.999979
13.249987,-4013.2525,0.25322326,0.47272782,0.098864355,4.6919318,0.046797214,79.999979
13.259987,-4015.6326,0.25322661,0.47744114,0.10141436,4.6238108,0.048513042,79.999979
13.269987,-4015.8039,0.25281831,0.48215445,0.10396436,4.5556898,0.05022887,79.999979
13.279987,-4016.7125,0.25296138,0.48686777,0.10651437,4.4875687,0.051944699,79.999979
13.289987,-4020.4418,0.25278077,0.49158109,0.10906437,4.4194477,0.053660527,79.999979
13.299987,-4019.4172,0.25294673,0.49432379,0.11303316,4.3247518,0.055833404,79.999979
13.309987,-4026.0907,0.25302908,0.49069498,0.12158922,4.0615606,0.059484031,79.999979
13.319987,-4023.9975,0.25221291,0.48706618,0.13014528,3.7983694,0.063134658,79.999979
13.329987,-4025.5402,0.25224326,0.48343738,0.13870134,3.5351781,0.066785285,79.999979
13.339987,-4027.1152,0.25250068,0.47980858,0.1472574,3.2719869,0.070435912,79.999979
13.349987,-4026.4067,0.25396246,0.47617978,0.15581346,3.0087957,0.074086539,79.999979
13.359987,-4031.0613,0.25272666,0.47588516,0.15870132,2.926573,0.075423715,79.999979
13.369987,-4028.5259,0.25309926,0.4823136,0.15015986,3.2092546,0.072096056,79.999979
13.379987,-4031.7435,0.25312223,0.48874203,0.1416184,3.4919362,0.068768397,79.999979
13.389987,-4031.776,0.25305281,0.49517046,0.13307693,3.7746178,0.065440738,79.999979
13.399987,-4032.9306,0.25256858,0.50159889,0.12453547,4.0572994,0.062113079,79.999979
13.409987,-4034.3592,0.25329208,0.50802733,0.11599401,4.339981,0.05878542,79.999979
13.419987,-4132.2903,0.24988755,0.49104319,0.087953777,4.7977355,0.043140673,79.999979
13.429987,-4134.2847,0.24944135,0.4974308,0.096901256,5.0540971,0.048558542,79.999979
13.439987,-4135.4175,0.24900707,0.55060709,0.11239719,4.8569936,0.061772471,79.999979
13.449987,-4135.2575,0.24888682,0.53670047,0.12015426,4.5431998,0.064206182,79.999979
13.459987,-4135.0975,0.24876657,0.52279386,0.12791133,4.229406,0.066639893,79.999979
13.469987,-4134.9374,0.24864632,0.51006993,0.1356684,3.9156122,0.069371326,79.999979
13.479987,-4134.7774,0.24852608,0.50890561,0.14493725,3.6018183,0.075012679,79.999979
13.489987,-4134.6174,0.24840583,0.49361712,0.12454171,3.9179028,0.061103957,79.999979
13.499987,-4135.1483,0.24832605,0.50989948,0.15139548,3.2315079,0.077615612,79.999979
13.509987,-4135.8416,0.24832605,0.49497933,0.14228369,3.5043241,0.074208042,79.999979
13.519987,-4136.5349,0.24832605,0.48005919,0.14554407,3.3152737,0.070800473,79.999979
13.529987,-4136.7666,0.24832605,0.50547324,0.11253488,3.2902824,0.056843898,79.999979
13.539987,-4136.9576,0.24887177,0.51161295,0.13264318,3.9178015,0.062956816,79.999979
13.549987,-4135.8064,0.24938494,0.52322305,0.12160579,4.2696103,0.074051959,79.999979
13.559987,-4134.957,0.24866307,0.51404683,0.10786428,4.8663584,0.05580447,79.999979
13.569987,-4135.5999,0.2484897,0.53607463,0.13370322,4.409542,0.07163278,79.999979
13.579987,-4136.265,0.24831632,0.52953084,0.14457847,3.8491695,0.069658368,79.999979
13.589987,-4136.93,0.24814295,0.51750773,0.10179073,4.0362239,0.062154828,79.999979
13.599987,-4137.55,0.24872326,0.5073605,0.12232141,4.2327506,0.062214672,79.999979
13.609987,-4137.0815,0.24901279,0.53520037,0.11777581,4.4400465,0.058106258,79.999979
13.619987,-4137.6276,0.24896759,0.52820813,0.12801699,4.0323691,0.067634608,79.999979
13.629987,-4138.2765,0.24896272,0.57834394,0.12256903,4.5106195,0.071104441,79.999979
13.639987,-4138.4047,0.24895785,0.56617764,0.13248909,4.4952691,0.073971677,79.999979
13.649987,-4138.5329,0.24895297,0.52474816,0.1348707,4.2650675,0.070281646,79.999979
13.659987,-4138.5453,0.249162,0.50871745,0.12001357,4.1331057,0.060680894,79.999979
13.669987,-4135.6598,0.24920491,0.51934414,0.1228767,4.3532644,0.063897867,79.999979
13.679987,-4135.4648,0.24911087,0.59287255,0.12654438,4.7962067,0.075053336,79.999979
13.689987,-4135.7732,0.24892475,0.54261999,0.11874698,4.2834516,0.064405822,79.999979
13.699987,-4136.362,0.24873864,0.55714951,0.10682152,4.5907278,0.060227572,79.999979
13.709987,-4136.9508,0.24855252,0.5815671,0.10326665,4.8980041,0.060170694,79.999979
13.719987,-4137.5396,0.24843504,0.51675032,0.11037867,4.4249778,0.060469267,79.999979
13.729987,-4136.7246,0.24913207,0.52973834,0.1051496,4.9788695,0.070941343,79.999979
13.739987,-4138.3904,0.24894681,0.62147375,0.11615595,5.5608908,0.071675971,79.999979
13.749987,-4139.0285,0.2488063,0.55253808,0.15065458,3.5600933,0.080593336,79.999979
13.759987,-4139.0285,0.2488063,0.54933203,0.13938886,3.8890216,0.074848208,79.999979
13.769987,-4139.0285,0.2488063,0.54612599,0.12812315,4.2179498,0.069103081,79.999979
13.779987,-4139.0285,0.2488063,0.54291994,0.11685744,4.5468781,0.063357954,79.999979
13.789987,-4138.4118,0.24860117,0.55804876,0.12471863,4.1277653,0.072477855,79.999979
13.799987,-4135.5004,0.24913526,0.5271751,0.10626465,4.922326,0.058210024,79.999979
13.809987,-4135.6493,0.24893605,0.54839628,0.13236629,4.0499138,0.080806181,79.999979
13.819987,-4136.2984,0.24868429,0.55279949,0.14400155,3.74858,0.079646016,79.999979
13.829987,-4136.9474,0.24843684,0.5870483,0.15563682,3.4472461,0.091497999,79.999979
13.839987,-4137.5965,0.2481894,0.5797088,0.12511368,4.5912545,0.073043191,79.999979
13.849987,-4137.0458,0.24848849,0.62998837,0.13926639,3.844447,0.087422414,79.999979
13.859987,-4137.5759,0.24869062,0.59991748,0.11137756,4.8798081,0.0665453,79.999979
13.869987,-4139.5565,0.24926511,0.54093171,0.11277638,4.782922,0.062334184,79.999979
13.879987,-4137.6556,0.24914032,0.54147643,0.12090398,4.4810529,0.057024161,79.999979
13.889987,-4137.0661,0.24922803,0.53747785,0.1280323,4.4056467,0.067004091,79.999979
13.899987,-4136.8388,0.24916527,0.52721113,0.14146392,3.7477229,0.076901737,79.999979
13.909987,-4136.6114,0.24910251,0.57997617,0.13766421,3.6685455,0.090730699,79.999979
13.919987,-4136.3889,0.24903975,0.58029265,0.14493218,3.7331871,0.084158192,79.999979
13.929987,-4136.8412,0.24901903,0.55341525,0.11603241,4.8966716,0.064036118,79.999979
13.939987,-4138.1511,0.24917466,0.6027577,0.16371087,3.7139305,0.098892017,79.999979
13.949987,-4137.9926,0.24874137,0.56587213,0.13490684,4.1245905,0.075367053,79.999979
13.959987,-4138.2138,0.24850292,0.56386586,0.14376195,3.8942142,0.079687975,79.999979
13.969987,-4138.435,0.24872441,0.56417703,0.15261705,3.6638379,0.077580674,79.999979
13.979987,-4138.6563,0.2489459,0.56480642,0.11145999,4.2258555,0.064351099,79.999979
13.989987,-4140.4229,0.24918583,0.60374805,0.12197678,5.4723583,0.074799916,79.999979
13.999987,-4138.2069,0.24925214,0.5688014,0.11248701,5.0851465,0.06854727,79.999979
14.009987,-4138.0094,0.24875794,0.64304828,0.13521346,3.5587091,0.095866491,79.999979
14.019987,-4137.6638,0.24873486,0.66411511,0.12562498,4.9162768,0.088309806,79.999979
14.029987,-4137.3182,0.24871178,0.62725046,0.12203035,5.3028864,0.077173508,79.999979
14.039987,-4137.6476,0.2486887,0.59990299,0.12596466,4.6963324,0.075673151,79.999979
14.049987,-4139.4343,0.24881394,0.56621865,0.11405779,5.2150924,0.064350575,79.999979
14.059987,-4139.6833,0.24878484,0.57933126,0.13564273,4.1708647,0.072578567,79.999979
14.069987,-4140.1113,0.24858366,0.56438403,0.1234639,4.9402987,0.084699561,79.999979
14.079987,-4140.1113,0.24856965,0.60342072,0.11891084,5.1647732,0.071733781,79.999979
14.089987,-4140.1113,0.24856965,0.5678801,0.12640029,4.9201519,0.071713278,79.999979
14.099987,-4140.2612,0.24856965,0.54136575,0.13330588,3.8907954,0.07210361,79.999979
14.109987,-4142.1287,0.24873855,0.57317222,0.12503955,4.2407038,0.070941878,79.999979
14.119987,-4139.8729,0.24917333,0.65609124,0.12390089,5.1449741,0.082674684,79.999979
14.129987,-4138.2847,0.24866699,0.58217087,0.12427683,4.4452928,0.071951355,79.999979
14.139987,-4138.8,0.2486255,0.577911,0.16065214,3.412082,0.092339975,79.999979
14.149987,-4139.3152,0.24872014,0.61102441,0.16077524,3.4125915,0.098695809,79.999979
14.159986,-4139.8305,0.24881477,0.57252065,0.15450156,3.8520941,0.090172061,79.999979
14.169986,-4139.9827,0.2489094,0.5659131,0.13884568,4.5240556,0.091704994,79.999979
14.179986,-4140.0653,0.24886767,0.6054975,0.13154504,3.9809215,0.079481962,79.999979
14.189986,-4140.1034,0.24809807,0.57459349,0.13654512,4.400795,0.076326406,79.999979
14.199986,-4140.5724,0.24804674,0.5750779,0.15343334,4.0966205,0.079821078,79.999979
14.209986,-4141.167,0.24822112,0.56779146,0.13608228,3.6591918,0.075717732,79.999979
14.219986,-4141.7616,0.24839549,0.5722468,0.12502044,3.9790787,0.07180496,79.999979
14.229986,-4142.3562,0.24856986,0.57594675,0.1237016,4.390373,0.072590533,79.999979
14.239986,-4141.3815,0.24876211,0.58011065,0.12216776,4.3916164,0.07729518,79.999979
14.249986,-4139.3218,0.24907098,0.62082462,0.14071308,4.5857732,0.085287279,79.999979
14.259986,-4139.3397,0.24902981,0.57855272,0.11640051,5.898921,0.067241428,79.999979
14.269986,-4139.9372,0.248958,0.54161419,0.1345647,4.7449974,0.07278117,79.999979
14.279986,-4140.5348,0.24888619,0.59665596,0.15272888,3.7075705,0.08926421,79.999979
14.289986,-4141.1323,0.24881437,0.59288773,0.11052385,5.5395384,0.070217205,79.999979
14.299986,-4142.4256,0.24840122,0.57334505,0.13574772,4.1263884,0.077827455,79.999979
14.309986,-4143.3367,0.24863486,0.56082292,0.14365212,3.2396405,0.080506658,79.999979
14.319986,-4145.5714,0.24905615,0.57288014,0.10763442,5.612739,0.05836335,79.999979
14.329986,-4145.5714,0.24907775,0.56877207,0.12341075,5.3315026,0.062305172,79.999979
14.339986,-4145.5714,0.24909934,0.564664,0.12778489,5.0502662,0.066246993,79.999979
14.349986,-4145.5714,0.24912093,0.56055593,0.13215904,4.7690298,0.070188814,79.999979
14.359986,-4145.5714,0.24913058,0.55644786,0.13653319,4.3109847,0.074130635,79.999979
14.369986,-4145.5714,0.24913058,0.55700582,0.14063019,3.8366741,0.07823803,79.999979
14.379986,-4145.5714,0.24913058,0.58922918,0.14075577,3.920071,0.081757656,79.999979
14.389986,-4145.5714,0.24913058,0.61842442,0.13646484,4.3279797,0.083848119,79.999979
14.399986,-4144.0297,0.24870333,0.65596888,0.12702553,4.828314,0.087014546,79.999979
14.409986,-4142.6621,0.24836614,0.58458934,0.12499276,4.5839551,0.073300092,79.999979
14.419986,-4144.4595,0.2487702,0.53634007,0.12710851,4.0738888,0.068184563,79.999979
14.429986,-4145.252,0.24811802,0.6249476,0.1075543,5.2565185,0.067172321,79.999979
14.439986,-4144.9471,0.24808413,0.58772617,0.14878586,4.1344942,0.087384547,79.999979
14.449986,-4145.5135,0.24819691,0.63890041,0.12934314,4.3120718,0.083473509,79.999979
14.459986,-4146.086,0.24843615,0.66849052,0.12893815,4.7654453,0.086193848,79.999979
14.469986,-4146.6585,0.24867539,0.66889757,0.12853316,5.0625978,0.085975489,79.999979
14.479986,-4146.9163,0.24891463,0.59000246,0.1145523,5.3271392,0.0675037,79.999979
14.489986,-4145.1723,0.24907073,0.57563971,0.12748719,4.3006984,0.073299913,79.999979
14.499986,-4144.6569,0.24897403,0.56605696,0.12560607,5.2494791,0.070672902,79.999979
14.509986,-4144.8783,0.2489349,0.57681057,0.13111068,4.2814098,0.075385726,79.999979
14.519986,-4144.8783,0.24884313,0.57658719,0.12662045,4.345169,0.07285674,79.999979
14.529986,-4144.8783,0.24875135,0.57576231,0.12069387,4.4089282,0.069453022,79.999979
14.539986,-4144.9332,0.24865958,0.58520514,0.11600744,4.9221835,0.067860519,79.999979
14.549986,-4146.6445,0.24857147,0.59003137,0.12335668,4.781173,0.075668835,79.999979
14.559986,-4147.8051,0.24829697,0.55999795,0.13329605,4.0984827,0.074465966,79.999979
14.569986,-4148.2521,0.24860332,0.56777625,0.14309393,5.1613526,0.080455321,79.999979
14.579986,-4147.8428,0.24867923,0.63141991,0.14138867,3.9866042,0.089065476,79.999979
14.589986,-4147.7892,0.24875514,0.65382949,0.13247131,4.6167696,0.087464224,79.999979
14.599986,-4147.7892,0.24883106,0.61317298,0.1261883,4.9742522,0.076392406,79.999979
14.609986,-4147.6878,0.24886825,0.65019933,0.13755708,4.6921113,0.087416713,79.999979
14.619986,-4145.3625,0.24855984,0.55704236,0.15793786,4.3880696,0.087981003,79.999979
14.629986,-4146.3514,0.2479677,0.5876672,0.11587795,4.9799265,0.068080349,79.999979
14.639986,-4147.626,0.24798228,0.58440858,0.11048932,5.2627105,0.064571685,79.999979
14.649986,-4147.6118,0.24799687,0.56581934,0.13987263,5.2048484,0.080809416,79.999979
14.659986,-4147.3922,0.24801145,0.54525219,0.18154851,4.6034322,0.095669304,79.999979
14.669986,-4147.1765,0.24836654,0.57119011,0.11654919,5.3578633,0.069267331,79.999979
14.679986,-4147.396,0.24867719,0.64383775,0.17940185,3.6825047,0.11546184,79.999979
14.689986,-4148.8484,0.24952148,0.5599405,0.13739803,3.975584,0.076944898,79.999979
14.699986,-4148.9418,0.24874876,0.5494969,0.1337452,4.0145215,0.073707634,79.999979
14.709986,-4149.2013,0.24853258,0.53905329,0.13009237,4.053459,0.07047037,79.999979
14.719986,-4150.4944,0.24857587,0.52860969,0.12643954,4.0923966,0.067233106,79.999979
14.729986,-4148.5887,0.24895942,0.51816608,0.12278671,4.1313341,0.063995842,79.999979
14.739986,-4152.287,0.24927146,0.50772248,0.11913388,4.1702716,0.060758578,79.999979
14.749986,-4152.2419,0.24832398,0.49727887,0.11548105,4.2092091,0.057521314,79.999979
14.759986,-4155.1063,0.24882045,0.61016135,0.14052507,4.2288843,0.14540343,79.999979
14.769986,-4155.7518,0.24903481,0.80956221,0.18570112,4.2350461,0.29720959,79.999979
14.779986,-4156.0516,0.24903481,1.0089631,0.23087716,4.2412079,0.44901574,79.999979
14.789986,-4156.2854,0.24783102,1.2083639,0.27605321,4.2473697,0.6008219,79.999979
14.799986,-4156.6996,0.2477991,1.4077648,0.32122926,4.2535315,0.75262805,79.999979
14.809986,-4157.1139,0.24776718,1.6071656,0.36640531,4.2596933,0.90443421,79.999979
14.819986,-4157.5281,0.24773527,1.8065665,0.41158135,4.2658551,1.0562404,79.999979
14.829986,-4157.5341,0.24770335,2.0059674,0.4567574,4.2720169,1.2080465,79.999979
14.839986,-4155.9537,0.24767144,2.2053682,0.50193345,4.2781787,1.3598527,79.999979
14.849986,-4154.0662,0.24824929,2.4047691,0.5471095,4.2843405,1.5116588,79.999979
14.859986,-4156.5022,0.24881035,2.6041699,0.59228554,4.2905023,1.663465,79.999979
14.869986,-4156.7372,0.24766599,2.8035708,0.63746159,4.2966641,1.8152711,79.999979
14.879986,-4160.9587,0.24725358,2.8664496,0.65216152,4.295463,1.8695542,79.999979
14.889986,-4160.7186,0.24767336,2.879033,0.65563387,4.2915493,1.8879093,79.999979
14.899986,-4160.7061,0.24767336,2.8916163,0.65910622,4.2876357,1.9062643,79.999979
14.909986,-4163.1035,0.24729731,2.9041996,0.66257858,4.283722,1.9246193,79.999979
14.919986,-4163.6119,0.2470497,2.916783,0.66605093,4.2798084,1.9429744,79.999979
14.929986,-4164.8802,0.24800919,2.9293663,0.66952328,4.2758947,1.9613294,79.999979
14.939986,-4166.3053,0.24806335,2.9401453,0.67587686,4.2553626,1.9874807,79.999979
14.949986,-4166.9141,0.24775429,2.950469,0.68295757,4.2258022,2.0155995,79.999979
14.959986,-4164.1562,0.24734309,2.9607926,0.69003827,4.1962417,2.0437183,79.999979
14.969986,-4164.4464,0.24786391,2.9711163,0.69711898,4.1666813,2.0718371,79.999979
14.979986,-4164.4442,0.24802156,2.98144,0.70419968,4.1371209,2.0999559,79.999979
14.989986,-4168.5006,0.24710125,2.9917636,0.71128039,4.1075604,2.1280747,79.999979
14.999986,-4213.1939,0.24584768,2.9630639,0.67380165,4.2785553,1.9964905,79.999979
15.009986,-4211.5904,0.2464536,2.9992201,0.68882716,4.1956502,2.0658196,79.999979
15.019986,-4211.5904,0.24666187,3.0155541,0.68971371,4.2588088,2.0909126,79.999979
15.029986,-4211.5904,0.24666187,2.9898296,0.70580821,4.3219673,2.1113918,79.999979
15.039986,-4211.3469,0.24786248,3.0226445,0.72657534,4.1187149,2.196322,79.999979
15.049986,-4197.5187,0.24757454,3.0326384,0.69903934,4.2089507,2.1155782,79.999979
15.059986,-4170.995,0.24957022,3.036378,0.69931036,4.2353693,2.1253228,79.999979
15.069986,-4152.5537,0.25045988,3.0306744,0.71477028,4.1061207,2.1510872,79.999979
15.079986,-4145.8486,0.25045988,3.0502562,0.70793937,4.1820012,2.1285774,79.999979
15.089986,-4145.8486,0.25045988,3.0698381,0.68861248,4.3462799,2.1060675,79.999979
15.099986,-4145.8486,0.25048467,3.0290335,0.70263818,4.2268351,2.1282821,79.999979
15.109986,-4114.9478,0.25047655,3.0377499,0.6953938,4.2229098,2.1229796,79.999979
15.119986,-4094.8958,0.25296454,3.0699987,0.70329551,4.2467075,2.1658357,79.999979
15.129986,-4070.9423,0.25249589,3.1555153,0.703426,4.3862175,2.219666,79.999979
15.139986,-4068.8003,0.25259486,3.1482774,0.70432266,4.3712711,2.217386,79.999979
15.149986,-4066.6583,0.25269382,3.1410395,0.70521932,4.3563247,2.2151059,79.999979
15.159986,-4064.5162,0.25279279,3.1338016,0.70611597,4.3413783,2.2128259,79.999979
15.169986,-4062.3742,0.25289176,3.0953547,0.72229635,4.2392742,2.2420465,79.999979
15.179986,-4060.2321,0.25299072,3.0545389,0.74415932,4.08573,2.2736581,79.999979
15.189986,-4058.6803,0.2529981,3.057381,0.73598757,3.9988796,2.2501283,79.999979
15.199986,-4058.6803,0.2529981,3.0650714,0.72376255,4.0488814,2.2186869,79.999979
15.209985,-4058.6803,0.2529981,3.0698912,0.71251873,4.0988833,2.1874507,79.999979
15.219985,-4058.6803,0.25275933,3.0868907,0.70606253,4.2775385,2.1796041,79.999979
15.229985,-4027.64,0.25392352,3.1089418,0.72356726,4.2984654,2.2498958,79.999979
15.239985,-4004.9421,0.25529817,3.1347869,0.70059619,4.3716317,2.196193,79.999979
15.249985,-3979.3225,0.25573855,3.0876899,0.7172702,4.1998062,2.1807443,79.999979
15.259985,-3976.5988,0.25579253,3.1705012,0.72141853,4.281578,2.2474486,79.999979
15.269985,-3973.226,0.25586882,3.1086355,0.72824546,4.2460307,2.2173349,79.999979
15.279985,-3969.8531,0.25594511,3.0467698,0.71967041,4.1899984,2.1872212,79.999979
15.289985,-3953.8968,0.25751181,3.0707047,0.70933811,4.2454643,2.1781627,79.999979
15.299985,-3928.6109,0.25837642,3.0679146,0.7255234,4.1778841,2.2257867,79.999979
15.309985,-3901.0016,0.25985671,3.0920476,0.73362619,4.0960139,2.2727325,79.999979
15.319985,-3891.7846,0.26037077,3.1058673,0.73514761,4.1284062,2.2832811,79.999979
15.329985,-3889.7968,0.26031079,3.0975152,0.73261882,4.1369378,2.271474,79.999979
15.339985,-3884.4995,0.2602508,3.096473,0.73009004,4.1454694,2.270783,79.999979
15.349985,-3879.2022,0.26050133,3.1366477,0.74289531,4.0811595,2.2489198,79.999979
15.359985,-3848.4023,0.26057082,1.8341089,0.56520501,4.3608056,1.2061287,79.999979
15.369985,-3832.3426,0.26066946,0.55272525,0.12346243,4.3206776,0.068876791,79.999979
15.379985,-3805.9837,0.26099213,0.51963318,0.10248664,4.9439825,0.053912471,79.999979
15.389985,-3803.8617,0.26131344,0.53589615,0.095657817,5.3368475,0.054712683,79.999979
15.399985,-3801.7397,0.26163475,0.55215913,0.097951118,5.4325349,0.055512895,79.999979
15.409985,-3799.6177,0.26163599,0.57814146,0.1094039,5.5282222,0.063984266,79.999979
15.419985,-3794.2407,0.26284437,0.47636804,0.109399,4.2183416,0.052115412,79.999979
15.429985,-3799.3852,0.26130262,0.51729438,0.13903579,3.3700989,0.07183021,79.999979
15.439985,-3803.8151,0.26110654,0.52613784,0.13065732,3.9313485,0.064563719,79.999979
15.449985,-3805.8765,0.26132436,0.50705649,0.11941077,4.0115347,0.060665053,79.999979
15.459985,-3805.6447,0.26154218,0.51884511,0.11317669,4.0917209,0.058778401,79.999979
15.469985,-3805.4128,0.26178866,0.52836356,0.10721357,4.3009726,0.056811224,79.999979
15.479985,-3805.9264,0.26222564,0.52920107,0.12089304,4.1762156,0.06417885,79.999979
15.489985,-3806.7261,0.26121583,0.48639766,0.12552866,3.9161351,0.061106645,79.999979
15.499985,-3809.0396,0.26082091,0.52082639,0.14159062,3.5287698,0.063067549,79.999979
15.509985,-3809.1322,0.26130787,0.57453626,0.11515034,5.2162602,0.063595025,79.999979
15.519985,-3808.8313,0.26128594,0.54153196,0.1187435,4.7613841,0.063283871,79.999979
15.529985,-3808.2478,0.26126401,0.54557685,0.1210938,4.236493,0.065463855,79.999979
15.539985,-3805.3897,0.26190715,0.52416146,0.1104052,4.7600543,0.059925202,79.999979
15.549985,-3809.8756,0.26134337,0.52231852,0.11963672,4.0592537,0.062263145,79.999979
15.559985,-3811.0911,0.26127242,0.57984698,0.13434368,4.0385788,0.072213279,79.999979
15.569985,-3809.4571,0.26141139,0.53161345,0.1111644,4.8636101,0.059294667,79.999979
15.579985,-3809.8477,0.26150118,0.50555158,0.11553975,4.7322472,0.060982237,79.999979
15.589985,-3810.2383,0.26159097,0.5231507,0.14012873,4.6008843,0.073922237,79.999979
15.599985,-3814.8872,0.26138718,0.58377584,0.11111102,5.1909151,0.065129203,79.999979
15.609985,-3820.6969,0.26127302,0.54073168,0.1442272,3.7543525,0.077505086,79.999979
15.619985,-3819.3995,0.26147835,0.52489766,0.11898183,4.3768064,0.062448398,79.999979
15.629985,-3822.5375,0.26125604,0.47932941,0.14877459,3.1354375,0.071369706,79.999979
15.639985,-3823.1342,0.26119045,0.46973527,0.13821415,3.3377493,0.066133329,79.999979
15.649985,-3823.8603,0.26112486,0.49931822,0.12765371,3.5400611,0.074149745,79.999979
15.659985,-3824.5864,0.26112595,0.5123046,0.15667217,3.2814365,0.07555094,79.999979
15.669985,-3822.1339,0.26088368,0.54100811,0.10574749,5.4734761,0.058190974,79.999979
15.679985,-3819.8635,0.26132896,0.47037893,0.13935076,3.4377032,0.065562431,79.999979
15.689985,-3820.8909,0.26063985,0.49192351,0.11914774,4.6312271,0.056733044,79.999979
15.699985,-3820.2306,0.26006787,0.49852376,0.11851133,4.02766,0.058402244,79.999979
15.709985,-3819.5702,0.26015624,0.49718175,0.11787491,4.1201218,0.05587205,79.999979
15.719985,-3818.9098,0.26024461,0.48563709,0.099710224,4.7552966,0.047947307,79.999979
15.729985,-3818.1287,0.26121842,0.53374632,0.10734419,5.4903363,0.057175449,79.999979
15.739985,-3820.3438,0.26087974,0.51580616,0.1182261,4.2779931,0.060975751,79.999979
15.749985,-3818.8847,0.26010234,0.53867228,0.11194502,4.3447167,0.060297728,79.999979
15.759985,-3819.4111,0.26003476,0.54214861,0.10502889,4.5710875,0.060510491,79.999979
15.769985,-3819.9375,0.25996562,0.54510903,0.10680711,4.7821232,0.060990844,79.999979
15.779985,-3820.464,0.25989647,0.54806944,0.10858533,4.9931588,0.061471196,79.999979
15.789985,-3820.9465,0.25982732,0.55102985,0.11036355,5.0582436,0.061951549,79.999979
15.799985,-3821.1436,0.25975817,0.55399026,0.11214177,4.9325936,0.062431901,79.999979
15.809985,-3821.3407,0.25968902,0.53562195,0.11191683,4.8100951,0.059916786,79.999979
15.819985,-3821.5379,0.25960125,0.5049726,0.11025675,4.7230274,0.055676889,79.999979
15.829985,-3821.735,0.25942957,0.50989467,0.10859666,4.6359596,0.05755053,79.999979
15.839985,-3821.9004,0.25925789,0.51521292,0.11345255,4.4306504,0.059492262,79.999979
15.849985,-3823.5908,0.26050054,0.5415351,0.097955281,5.6470316,0.054613199,79.999979
15.859985,-3823.8904,0.26045557,0.5243097,0.10609366,4.5654523,0.055673774,79.999979
15.869985,-3825.24,0.2597072,0.50954173,0.10659928,4.6624781,0.061208777,79.999979
15.879985,-3824.3788,0.26115391,0.49623194,0.12046247,4.0933245,0.05931229,79.999979
15.889985,-3823.9325,0.26121741,0.52214131,0.11398179,4.2815364,0.058740159,79.999979
15.899985,-3823.4862,0.2612809,0.54805067,0.10652053,4.9728041,0.058168029,79.999979
15.909985,-3823.1098,0.26129416,0.52238845,0.12709339,4.3196227,0.06635657,79.999979
15.919985,-3827.4314,0.2612089,0.5671238,0.11933409,4.4305142,0.06767114,79.999979
15.929985,-3828.7674,0.26054017,0.5349543,0.10063638,5.703024,0.054035541,79.999979
15.939985,-3828.0724,0.26024138,0.56637136,0.11306796,4.8586948,0.061622842,79.999979
15.949985,-3829.0127,0.26018511,0.57415258,0.11329418,4.9101974,0.063656112,79.999979
15.959985,-3829.9531,0.26020926,0.58193381,0.11352039,4.9804366,0.065689382,79.999979
15.969985,-3830.8954,0.2602334,0.51266138,0.13010673,4.6134713,0.066660177,79.999979
15.979985,-3832.8011,0.26044233,0.6026004,0.11371375,5.1793394,0.069980095,79.999979
15.989985,-3830.87,0.26030332,0.54280396,0.14566399,3.2177072,0.069513099,79.999979
15.999985,-3835.0848,0.2599287,0.50613502,0.10059204,4.9916811,0.054328601,79.999979
16.009985,-3836.2099,0.25997525,0.4920871,0.1122096,4.6876535,0.055375277,79.999979
16.019985,-3836.3513,0.26002181,0.49734156,0.11748363,4.3836259,0.058063177,79.999979
16.029985,-3836.4928,0.26021663,0.50364045,0.12093463,4.1112267,0.060839883,79.999979
16.039985,-3834.9912,0.26098844,0.54253583,0.11708287,4.5226512,0.063297883,79.999979
16.049985,-3839.1155,0.26051261,0.53225273,0.14276634,3.6793441,0.076076155,79.999979
16.059985,-3841.1778,0.26091663,0.55737637,0.1245475,4.7258644,0.0698425,79.999979
16.069985,-3840.5304,0.2607441,0.49777791,0.11187055,4.3120609,0.060269835,79.999979
16.079985,-3840.5234,0.26055324,0.49417937,0.10452033,4.6395536,0.054546895,79.999979
16.089985,-3840.5163,0.26044725,0.51539902,0.10341128,4.7544107,0.055760065,79.999979
16.099985,-3843.1803,0.2606847,0.51058993,0.10156858,4.7080289,0.051346109,79.999979
16.109985,-3845.6932,0.26007004,0.46471095,0.12110117,3.7924419,0.056547842,79.999979
16.119985,-3844.437,0.2592201,0.4847174,0.12556547,4.3135195,0.057396297,79.999979
16.129985,-3846.6863,0.25937519,0.50553499,0.1187422,4.3631052,0.058323207,79.999979
16.139985,-3846.5306,0.25962374,0.51536149,0.11686035,4.2259098,0.059358176,79.999979
16.149985,-3846.3749,0.2598808,0.52590777,0.1149785,4.460217,0.060541125,79.999979
16.159985,-3847.3721,0.26033692,0.4784334,0.11533827,4.4818787,0.054884076,79.999979
16.169985,-3845.4552,0.26039615,0.52331532,0.11463356,4.5584375,0.05968416,79.999979
16.179985,-3847.9955,0.26009632,0.58152454,0.10940202,5.2225262,0.063672924,79.999979
16.189985,-3848.4207,0.26036539,0.54746376,0.12604919,4.4587171,0.068745013,79.999979
16.199985,-3848.8539,0.26052401,0.52386713,0.14293955,3.8818222,0.074826311,79.999979
16.209985,-3848.9412,0.26068263,0.53727853,0.15982991,3.3049273,0.070422525,79.999979
16.219985,-3849.0285,0.26005049,0.55416986,0.1190137,4.4584879,0.065032805,79.999979
16.229985,-3846.1815,0.26069294,0.53798777,0.1122628,4.5772449,0.059275507,79.999979
16.239985,-3851.1977,0.26011327,0.53063743,0.099336894,5.2246527,0.057009327,79.999979
16.249985,-3849.9039,0.26042463,0.53260118,0.10423881,4.8747113,0.057037593,79.999979
16.259984,-3849.844,0.26048807,0.60543178,0.10420761,5.2039786,0.063113243,79.999979
16.269984,-3849.3849,0.26055152,0.60289539,0.10417641,5.5332459,0.063573822,79.999979
16.279984,-3848.9257,0.25978877,0.60035901,0.10621879,5.5768252,0.064034401,79.999979
16.289984,-3852.2853,0.25919752,0.50926791,0.11740116,4.4694854,0.05975382,79.999979
16.299984,-3852.2415,0.26056211,0.54805986,0.11365947,4.7574364,0.062177361,79.999979
16.309984,-3851.2639,0.25975978,0.5353082,0.10251726,5.1128444,0.054882831,79.999979
16.319984,-3851.4224,0.25975978,0.53212068,0.13087889,4.782541,0.054269636,79.999979
16.329984,-3851.5813,0.25975978,0.52780234,0.12364312,4.4503485,0.053433017,79.999979
16.339984,-3851.7403,0.25975978,0.523484,0.11640734,4.1181561,0.052596398,79.999979
16.349984,-3851.8992,0.25975668,0.51916566,0.10917157,4.0058246,0.051759778,79.999979
16.359984,-3852.0581,0.25968936,0.51484732,0.10193579,4.5672007,0.050923159,79.999979
16.369984,-3852.217,0.25962203,0.52087676,0.1084004,5.1013879,0.056601832,79.999979
16.379984,-3852.363,0.25967319,0.47660662,0.11042915,4.38742,0.052272022,79.999979
16.389984,-3852.5084,0.25975438,0.47409079,0.10806601,4.2925793,0.050832212,79.999979
16.399984,-3852.6538,0.25983556,0.47157496,0.10487334,4.3699375,0.049392403,79.999979
16.409984,-3853.295,0.25924987,0.52936571,0.10236002,5.3378833,0.054704773,79.999979
16.419984,-3850.4546,0.25944157,0.55711241,0.12435827,4.3980579,0.069128579,79.999979
16.429984,-3852.9456,0.26004672,0.59136498,0.10770034,4.6374236,0.06569659,79.999979
16.439984,-3850.4666,0.26000265,0.49234284,0.11810609,4.1089477,0.058447079,79.999979
16.449984,-3852.9554,0.25974517,0.59291242,0.11867094,4.95546,0.078829381,79.999979
16.459984,-3852.9573,0.25974517,0.54798099,0.12357739,4.616554,0.0678882,79.999979
16.469984,-3852.9807,0.25974517,0.5469912,0.12848383,4.277648,0.062430628,79.999979
16.479984,-3853.0041,0.26011354,0.54694748,0.111978,4.7564498,0.057091118,79.999979
16.489984,-3853.3656,0.2594738,0.50908239,0.13519689,3.6618683,0.067595514,79.999979
16.499984,-3853.5184,0.26019364,0.54092334,0.13253617,3.8336391,0.072499823,79.999979
16.509984,-3855.849,0.2605755,0.52435784,0.12252788,4.8981834,0.065056486,79.999979
16.519984,-3855.9249,0.2605755,0.53547574,0.10447854,4.9142748,0.065033107,79.999979
16.529984,-3855.9988,0.2605755,0.54659363,0.11213674,4.7475447,0.065009728,79.999979
16.539984,-3855.9988,0.2605755,0.50835386,0.13507793,3.8137346,0.067849166,79.999979
16.549984,-3855.1808,0.25935335,0.58496922,0.12287287,4.4909995,0.071898778,79.999979
16.559984,-3857.8092,0.25962223,0.51956467,0.12898543,3.9345141,0.066175456,79.999979
16.569984,-3857.0377,0.25927303,0.51710394,0.11891999,4.4546679,0.061630073,79.999979
16.579984,-3857.0977,0.25933218,0.51517727,0.14037393,3.4545738,0.066573583,79.999979
16.589984,-3857.0977,0.25940774,0.57485781,0.13150618,3.9347229,0.070679831,79.999979
16.599984,-3857.0977,0.25946706,0.60905637,0.1189198,4.8144532,0.073129627,79.999979
16.609984,-3860.3879,0.25938438,0.50869346,0.11339938,4.4997014,0.057904465,79.999979
16.619984,-3860.1486,0.25983105,0.49089145,0.091943177,5.1305033,0.057601523,79.999979
16.629984,-3862.4485,0.25935353,0.50128435,0.11006913,4.630076,0.055112555,79.999979
16.639984,-3862.9262,0.25959632,0.5357726,0.11324064,4.8467437,0.063780005,79.999979
16.649984,-3863.3701,0.25977524,0.52835424,0.1291454,4.4319065,0.06965878,79.999979
16.659984,-3863.8139,0.25931622,0.52146718,0.14505016,3.5102926,0.07507272,79.999979
16.669984,-3864.0554,0.25896397,0.54410944,0.14313773,3.8371382,0.064226582,79.999979
16.679984,-3864.7348,0.25934087,0.52883153,0.10533954,4.9615243,0.055736438,79.999979
16.689984,-3866.8569,0.2598186,0.54236287,0.113874,4.0738136,0.061707146,79.999979
16.699984,-3867.8327,0.26007744,0.52597116,0.14127721,3.5982794,0.07084103,79.999979
16.709984,-3867.2691,0.25956158,0.52501454,0.13232122,3.8782822,0.072100554,79.999979
16.719984,-3866.7055,0.25904572,0.52163035,0.1321855,3.8575203,0.071134207,79.999979
16.729984,-3868.5607,0.25915569,0.51824616,0.13204978,3.8367585,0.070167859,79.999979
16.739984,-3870.8229,0.25917703,0.51486198,0.13191407,3.8159966,0.069201512,79.999979
16.749984,-3873.3254,0.25799734,0.51147779,0.13177835,3.7952348,0.068235164,79.999979
16.759984,-3872.3188,0.25975335,0.5080936,0.13164264,3.7744729,0.067268817,79.999979
16.769984,-3873.2005,0.25976877,0.50484566,0.13065934,3.753711,0.065973652,79.999979
16.779984,-3874.0822,0.25978419,0.50233871,0.12506609,3.8118401,0.062890085,79.999979
16.789984,-3874.6048,0.25933465,0.49983176,0.11947285,3.9875699,0.059806517,79.999979
16.799984,-3876.1909,0.25895408,0.49732481,0.1138796,4.1632998,0.05672295,79.999979
16.809984,-3874.1971,0.25926316,0.49481786,0.10828636,4.3390296,0.053639382,79.999979
16.819984,-3880.5624,0.25899485,0.49233239,0.10269312,4.5147595,0.050612957,79.999979
16.829984,-3881.3735,0.25888792,0.49120332,0.10379434,4.6904894,0.051194101,79.999979
16.839984,-3881.5896,0.258781,0.49007424,0.10531681,4.6406932,0.051775246,79.999979
16.849984,-3881.6802,0.25901336,0.48894517,0.10683929,4.5629058,0.052356391,79.999979
16.859984,-3881.8403,0.25830034,0.48781609,0.10836176,4.4851184,0.052937535,79.999979
16.869984,-3885.0211,0.25881266,0.48668701,0.10988423,4.407331,0.05351868,79.999979
16.879984,-3890.1759,0.2581824,0.48555794,0.1114067,4.3295436,0.054099824,79.999979
16.889984,-3891.0794,0.2588079,0.48091423,0.11292917,4.2517562,0.053644191,79.999979
16.899984,-3890.6413,0.2588079,0.47555519,0.11445165,4.1739687,0.052977542,79.999979
16.909984,-3890.2032,0.2588079,0.47019614,0.11597412,4.0961813,0.052310894,79.999979
16.919984,-3893.2109,0.25809335,0.4648371,0.11564526,4.0586343,0.051644246,79.999979
16.929984,-3891.3366,0.25771327,0.45947806,0.11363382,4.0576594,0.050977597,79.999979
16.939984,-3893.8495,0.25879506,0.45411902,0.11162239,4.0566844,0.050310949,79.999979
16.949984,-4000.3128,0.25374918,0.45469928,0.10961096,4.0557095,0.050048306,79.999979
16.959984,-4000.006,0.25367572,0.46015896,0.10829351,4.1033809,0.050117574,79.999979
16.969984,-3999.6992,0.25360226,0.46561865,0.10754023,4.2113362,0.050186843,79.999979
16.979984,-3999.5088,0.25384351,0.51719805,0.10989755,4.430916,0.057373377,79.999979
16.989984,-3997.816,0.2536709,0.51111662,0.104303,4.89505,0.060798868,79.999979
16.999984,-3998.4002,0.25371144,0.48690326,0.088255168,5.3006864,0.043054895,79.999979
17.009984,-3998.8636,0.25378734,0.4936633,0.11539758,4.1297042,0.056840271,79.999979
17.019984,-3999.2218,0.25378118,0.51803383,0.11168708,4.3792042,0.057620642,79.999979
17.029984,-3999.5799,0.25377503,0.54240436,0.10797658,4.6287042,0.058401013,79.999979
17.039984,-3999.9381,0.25376887,0.55167429,0.10655896,4.8782043,0.061799338,79.999979
17.049984,-4000.2962,0.25376271,0.52021717,0.13787057,5.1277043,0.072258412,79.999979
17.059984,-4000.6544,0.25375656,0.51582248,0.12599081,3.620929,0.063931527,79.999979
17.069984,-4001.0125,0.2537504,0.50497483,0.11730603,4.2342427,0.059141891,79.999979
17.079984,-4001.1188,0.25374425,0.48598462,0.12312093,3.9248431,0.059831857,79.999979
17.089984,-4001.6751,0.25362898,0.4990356,0.11234639,4.6108182,0.049350421,79.999979
17.099984,-4003.2126,0.254397,0.51035862,0.13613191,3.746372,0.066368479,79.999979
17.109984,-4003.2474,0.25454905,0.56533219,0.15959764,3.5815546,0.073491214,79.999979
17.119984,-4001.0822,0.25464308,0.58211827,0.094343529,5.838577,0.066248311,79.999979
17.129984,-4001.7826,0.25504625,0.54768914,0.14382407,3.8450074,0.079015375,79.999979
17.139984,-4002.4604,0.25489207,0.52641574,0.11929019,4.087344,0.066791357,79.999979
17.149984,-4003.1382,0.25469816,0.53934535,0.11873681,4.3015069,0.06417842,79.999979
17.159984,-4003.816,0.25450426,0.5353946,0.11818343,4.4550352,0.066485791,79.999979
17.169984,-4004.2386,0.25431036,0.59770177,0.13265943,3.8233655,0.078071773,79.999979
17.179984,-4004.0796,0.25428534,0.50887702,0.10610653,4.6394346,0.066447386,79.999979
17.189984,-4005.5558,0.25431284,0.5498328,0.11747576,4.2198778,0.06459943,79.999979
17.199984,-4006.2948,0.25419329,0.52471779,0.10123361,4.7634279,0.053981957,79.999979
17.209984,-4006.4338,0.25407374,0.53968065,0.12181761,4.9885157,0.067707338,79.999979
17.219984,-4006.5728,0.25395419,0.53481315,0.16377272,5.1950245,0.08762769,79.999979
17.229984,-4006.7119,0.25374919,0.53773553,0.14393746,4.3995577,0.077409269,79.999979
17.239984,-4004.3392,0.25350514,0.60397674,0.11334349,5.120085,0.068644984,79.999979
17.249984,-4004.1801,0.25386026,0.65307298,0.146335,4.3589265,0.095985489,79.999979
17.259984,-4004.1801,0.25389744,0.55987858,0.11165038,4.7322156,0.063200301,79.999979
17.269984,-4004.4032,0.25389744,0.60670198,0.11393408,4.891726,0.069067886,79.999979
17.279984,-4005.2262,0.25389744,0.5680327,0.11621778,5.0512364,0.065722502,79.999979
17.289984,-4006.0493,0.25389744,0.55485101,0.11513337,4.8019974,0.069775591,79.999979
17.299984,-4006.2521,0.25473418,0.55153753,0.11118301,4.827446,0.065825524,79.999979
17.309983,-4006.782,0.25414758,0.5301457,0.11251032,4.4618122,0.059878589,79.999979
17.319983,-4007.4187,0.25447956,0.59908843,0.10975291,5.4096345,0.064584407,79.999979
17.329983,-4007.554,0.25426303,0.56989253,0.11560277,5.0934286,0.06494213,79.999979
17.339983,-4007.6892,0.2540465,0.53421542,0.10721405,5.2828989,0.065134241,79.999979
17.349983,-4007.8244,0.25382996,0.53979955,0.12451632,3.514005,0.062664408,79.999979
17.359983,-4005.2588,0.25371922,0.54544258,0.12956835,3.5948269,0.069142194,79.999979
17.369983,-4005.0985,0.25383549,0.60813446,0.16291876,5.2174949,0.099106093,79.999979
17.379983,-4005.0825,0.25374393,0.6010038,0.12596517,4.3069274,0.076066877,79.999979
17.389983,-4005.8311,0.253623,0.61928879,0.12603427,4.6769843,0.078082997,79.999979
17.399983,-4006.5796,0.25350206,0.5788758,0.12917043,4.6536154,0.074795991,79.999979
17.409983,-4007.3282,0.25368233,0.53762534,0.13283959,4.1585545,0.071433323,79.999979
17.419983,-4007.6688,0.25425934,0.52930494,0.12068268,4.4640897,0.063858876,79.999979
17.429983,-4008.854,0.25438818,0.6349327,0.13151336,4.3258494,0.077943205,79.999979
17.439983,-4009.1588,0.25441968,0.56300144,0.13205742,4.1584102,0.074360617,79.999979
17.449983,-4009.3991,0.25448113,0.56939547,0.16021487,3.9031703,0.091242171,79.999979
17.459983,-4009.6395,0.25454257,0.56857606,0.12908039,3.576624,0.071548013,79.999979
17.469983,-4009.8798,0.25460402,0.56856346,0.10400948,4.6084861,0.061225113,79.999979
17.479983,-4009.2415,0.25374345,0.57715114,0.12367197,4.2991188,0.06995854,79.999979
17.489983,-4007.2434,0.25250047,0.5507007,0.12792762,4.1776551,0.075967643,79.999979
17.499983,-4008.9481,0.25283108,0.55208722,0.11792719,4.6140874,0.064889026,79.999979
17.509983,-4009.4352,0.25306788,0.55848957,0.14739494,5.1509577,0.082608392,79.999979
17.519983,-4009.4352,0.25330468,0.55340826,0.15051418,3.6024457,0.080439622,79.999979
17.529983,-4009.4352,0.25354148,0.56996664,0.1240798,4.4377433,0.070779338,79.999979
17.539983,-4009.4352,0.25373029,0.56698928,0.15801665,3.5631589,0.079748344,79.999979
17.549983,-4009.1504,0.25360832,0.53395207,0.1227454,4.2971261,0.065523389,79.999979
17.559983,-4009.6798,0.25347729,0.60683464,0.16084448,3.6302336,0.096546111,79.999979
17.569983,-4010.0094,0.25363061,0.55803441,0.12659322,4.3162977,0.070659035,79.999979
17.579983,-4010.339,0.25383786,0.57461583,0.1268494,4.3178293,0.073225319,79.999979
17.589983,-4010.6686,0.25404511,0.60627289,0.12995989,4.3203954,0.078866622,79.999979
17.599983,-4008.8201,0.25425235,0.56467126,0.13483488,4.8741299,0.081765197,79.999979
17.609983,-4006.8497,0.25408673,0.59038372,0.13681578,4.3840912,0.07443361,79.999979
17.619983,-4006.3295,0.25382213,0.58747442,0.11284535,5.3528559,0.066307517,79.999979
17.629983,-4007.4088,0.25355887,0.56540674,0.1686706,3.2691985,0.093835206,79.999979
17.639983,-4008.3963,0.25365838,0.56666328,0.1487716,3.679513,0.081861289,79.999979
17.649983,-4008.5607,0.2537579,0.56791982,0.12424786,4.4661991,0.069887372,79.999979
17.659983,-4008.7251,0.25385741,0.57319714,0.13852544,4.0725899,0.079500247,79.999979
17.669983,-4009.3239,0.25354585,0.57667094,0.12592703,4.4411841,0.068255515,79.999979
17.679983,-4011.4858,0.25394998,0.56188282,0.15871164,3.8108585,0.08061473,79.999979
17.689983,-4011.5666,0.2539804,0.54648433,0.11591762,4.6063947,0.063334643,79.999979
17.699983,-4011.5666,0.25403422,0.55801518,0.11484456,4.723562,0.064048919,79.999979
17.709983,-4011.5666,0.25408803,0.56954603,0.11377149,4.8407292,0.064763194,79.999979
17.719983,-4011.5666,0.25414185,0.58107689,0.11269843,4.9578965,0.06547747,79.999979
17.729983,-4010.9393,0.25419567,0.56612269,0.11162536,5.0750638,0.062996954,79.999979
17.739983,-4010.2999,0.25424949,0.590843,0.10834989,5.1374503,0.068830642,79.999979
17.749983,-4009.709,0.25423571,0.56085069,0.12109979,4.9066457,0.067759213,79.999979
17.759983,-4009.5254,0.25415615,0.56017842,0.17069075,3.4555868,0.070592288,79.999979
17.769983,-4009.3417,0.25407659,0.55950615,0.15177052,3.5885581,0.073425364,79.999979
17.779983,-4009.1581,0.25399704,0.56590718,0.13288824,4.1347206,0.075526068,79.999979
17.789983,-4009.4607,0.25422642,0.58346437,0.14361969,3.9773012,0.085082201,79.999979
17.799983,-4011.9985,0.2539116,0.61964955,0.16251731,3.6371634,0.09987483,79.999979
17.809983,-4012.4927,0.25351874,0.6343303,0.13015718,4.6915169,0.0836228,79.999979
17.819983,-4012.4927,0.25351874,0.56114402,0.13542127,4.2078106,0.079000361,79.999979
17.829983,-4012.4927,0.25351874,0.57274462,0.1338855,4.1173337,0.078624722,79.999979
17.839983,-4012.5313,0.25351874,0.58483596,0.13400799,4.2479196,0.078072788,79.999979
17.849983,-4013.0054,0.25337713,0.57790495,0.13951242,3.9933088,0.080662981,79.999979
17.859983,-4014.8763,0.2533931,0.59696622,0.13312615,4.8333471,0.079335309,79.999979
17.869983,-4012.8845,0.2535347,0.58206326,0.15874955,3.737038,0.092536409,79.999979
17.879983,-4012.4249,0.25334559,0.56607169,0.13944001,3.9269836,0.087403956,79.999979
17.889983,-4011.9653,0.25322961,0.57201345,0.12713502,4.3650601,0.081508574,79.999979
17.899983,-4011.5056,0.25311363,0.57795522,0.12865181,4.383505,0.075613193,79.999979
17.909983,-4011.3851,0.25299764,0.57816319,0.14507386,4.4640995,0.081035553,79.999979
17.919983,-4012.5891,0.25297242,0.59554879,0.13204804,4.9124738,0.078913274,79.999979
17.929983,-4012.9656,0.2535701,0.5777501,0.11875108,4.3643858,0.068537957,79.999979
17.939983,-4013.0011,0.25392696,0.64729112,0.14102112,4.4880015,0.091333312,79.999979
17.949983,-4012.9119,0.25405539,0.62333739,0.1397624,4.3559165,0.087221805,79.999979
17.959983,-4012.8227,0.25418383,0.59938366,0.13850369,4.2238314,0.083110298,79.999979
17.969983,-4012.7334,0.25431227,0.57542992,0.13724497,4.0917464,0.078998791,79.999979
17.979983,-4013.1946,0.2544407,0.53022739,0.14597744,3.6615995,0.075711006,79.999979
17.989983,-4012.3982,0.25394586,0.56814263,0.15147435,4.0726432,0.086219761,79.999979
17.999983,-4011.9383,0.25389033,0.64693326,0.14177208,4.8943334,0.093217856,79.999979
18.009983,-4011.9383,0.25370077,0.58626318,0.17908226,4.1773787,0.10327602,79.999979
18.019983,-4011.9383,0.25351122,0.59028025,0.16339283,3.4604241,0.095830487,79.999979
18.029983,-4011.9383,0.25332167,0.5821981,0.12487065,4.5623487,0.072796828,79.999979
18.039983,-4010.3776,0.25324901,0.58140455,0.13547806,4.1248308,0.076579597,79.999979
18.049983,-4012.6938,0.25330674,0.61047445,0.13002942,4.8126825,0.077370565,79.999979
18.059983,-4014.1398,0.2536077,0.55749487,0.12744035,4.1548641,0.071017633,79.999979
18.069983,-4014.2378,0.25374972,0.61292979,0.12859194,4.2182381,0.074901692,79.999979
18.079983,-4014.3357,0.25389175,0.66836472,0.11943596,5.0947148,0.078785752,79.999979
18.089983,-4014.4337,0.25403377,0.6235417,0.12244896,5.7351303,0.089934203,79.999979
18.099983,-4014.4935,0.25417579,0.57321911,0.13281949,4.165209,0.076097945,79.999979
18.109983,-4016.0283,0.25389553,0.57509259,0.12434283,4.5353521,0.073386781,79.999979
18.119983,-4016.4051,0.25281142,0.61786975,0.1543847,4.2579514,0.090087999,79.999979
18.129983,-4015.9101,0.25307217,0.60613407,0.13355754,3.644386,0.081009894,79.999979
18.139983,-4015.3934,0.25333292,0.5943379,0.11286408,4.6161688,0.076923072,79.999979
18.149983,-4014.8768,0.25359367,0.54401786,0.13142859,5.8246591,0.073896521,79.999979
18.159983,-4014.3602,0.2538656,0.6325678,0.13468118,4.2817033,0.084418155,79.999979
18.169983,-4014.9716,0.25389813,0.56450608,0.14042501,4.0499632,0.079237627,79.999979
18.179983,-4015.0193,0.25370049,0.57810461,0.13575352,4.6626241,0.078451593,79.999979
18.189983,-4015.4604,0.25379513,0.58296205,0.13163299,4.4579611,0.07436132,79.999979
18.199983,-4015.9014,0.25392017,0.56038288,0.12986456,4.3338817,0.072661838,79.999979
18.209983,-4016.3425,0.25404521,0.57032836,0.12707703,4.2098024,0.072425186,79.999979
18.219983,-4016.2254,0.25417025,0.56977003,0.12930042,4.425303,0.073748329,79.999979
18.229983,-4016.0572,0.25377169,0.60902462,0.12514805,4.4555206,0.074302401,79.999979
18.239983,-4016.792,0.2530483,0.58533474,0.11878464,4.5882709,0.069528618,79.999979
18.249983,-4016.1529,0.25298101,0.61623019,0.13789414,4.3730022,0.08478485,79.999979
18.259983,-4015.5783,0.25291373,0.62505905,0.13195238,4.5635936,0.083056149,79.999979
18.269983,-4015.0037,0.25284644,0.64557789,0.12970455,4.762964,0.083857579,79.999979
18.279983,-4014.429,0.25277916,0.55180165,0.12466494,4.9005462,0.068806188,79.999979
18.289983,-4014.1982,0.25293444,0.55149781,0.14062756,3.8232074,0.077613193,79.999979
18.299983,-4018.5554,0.25305688,0.68696244,0.12681046,5.3179275,0.087180256,79.999979
18.309983,-4018.037,0.25396773,0.67637582,0.12504571,5.3095255,0.084795134,79.999979
18.319983,-4020.3312,0.25295063,0.6657892,0.12328097,5.3011236,0.082410011,79.999979
18.329983,-4019.9019,0.25318486,0.65520259,0.12151622,5.2927216,0.080024889,79.999979
18.339983,-4020.3676,0.25329446,0.64461597,0.11975148,5.2843196,0.077639767,79.999979
18.349983,-4020.8332,0.25340406,0.63402935,0.11798673,5.2759176,0.075254645,79.999979
18.359982,-4021.2989,0.25351366,0.62344273,0.11622199,5.2675156,0.072869523,79.999979
18.369982,-4021.7646,0.25362326,0.61285612,0.11445724,5.2591136,0.070484401,79.999979
18.379982,-4022.2303,0.25365432,0.6022695,0.1126925,5.2507116,0.068099279,79.999979
18.389982,-4022.3743,0.25407729,0.59168288,0.11092775,5.2423097,0.065714157,79.999979
18.399982,-4021.8105,0.25380673,1.0122998,0.1921492,5.1091369,0.39810589,79.999979
18.409982,-4028.2984,0.2526929,1.7963515,0.3779014,4.8188008,1.0126604,79.999979
18.419982,-4027.1651,0.25284053,2.5804032,0.56365361,4.5284646,1.6272149,79.999979
18.429982,-4031.1406,0.25275176,2.942177,0.66284645,4.3428809,1.9250256,79.999979
18.439982,-4031.1987,0.25361938,2.9413832,0.67035918,4.2943249,1.9508805,79.999979
18.449982,-4033.9699,0.25262186,2.9405895,0.6778719,4.245769,1.9767353,79.999979
18.459982,-4034.0804,0.25262186,2.9397958,0.68538463,4.197213,2.0025902,79.999979
18.469982,-4034.1908,0.25262186,2.9390021,0.69289736,4.148657,2.0284451,79.999979
18.479982,-4034.3013,0.25262186,2.9382084,0.70041009,4.1001011,2.0542999,79.999979
18.489982,-4038.5423,0.25330163,2.9373998,0.70685912,4.0549476,2.0748676,79.999979
18.499982,-4039.0396,0.25281085,2.9365123,0.70447943,4.0672221,2.0675,79.999979
18.509982,-4042.9027,0.25352163,2.9356249,0.70209974,4.0794966,2.0601324,79.999979
18.519982,-4042.187,0.25342178,2.9347374,0.69972006,4.0917712,2.0527647,79.999979
18.529982,-4041.4712,0.25332194,2.93385,0.69734037,4.1040457,2.0453971,79.999979
18.539982,-4040.7554,0.25287293,2.9329625,0.69496068,4.1163203,2.0380295,79.999979
18.549982,-4072.9162,0.252929,2.9320751,0.69258099,4.1285948,2.0306618,79.999979
18.559982,-4124.5568,0.24993142,3.0059464,0.67465875,4.3317087,2.0279327,79.999979
18.569982,-4124.4214,0.25009025,2.9372034,0.71128766,4.088938,2.0938735,79.999979
18.579982,-4124.0494,0.25007929,2.9660835,0.69338132,4.1092784,2.0954139,79.999979
18.589982,-4123.6774,0.25006832,2.9949636,0.69026476,4.1296188,2.0969544,79.999979
18.599982,-4123.3055,0.25005736,3.0238437,0.6910295,4.1499593,2.0984948,79.999979
18.609982,-4123.4559,0.25006239,3.0610756,0.68515357,4.3576439,2.1018247,79.999979
18.619982,-4098.1919,0.25106942,3.0112378,0.69807431,4.2788571,2.1017291,79.999979
18.629982,-4076.7575,0.25299183,3.0311533,0.69796863,4.2585368,2.1190863,79.999979
18.639982,-4073.4474,0.25313838,3.0111453,0.69215478,4.2402101,2.0841935,79.999979
18.649982,-4070.1373,0.25334289,3.0254208,0.69270376,4.2499656,2.0986478,79.999979
18.659982,-4066.8271,0.25354739,3.043112,0.69597239,4.2597212,2.1182516,79.999979
18.669982,-4041.5437,0.25347963,3.0953532,0.70084947,4.27586,2.1673716,79.999979
18.679982,-4014.7321,0.25506831,3.0496989,0.70085918,4.3561929,2.1374825,79.999979
18.689982,-3989.2592,0.2552011,3.0457346,0.70923574,4.192437,2.1601369,79.999979
18.699982,-3985.7594,0.2558112,3.0409667,0.7070386,4.1703737,2.1497239,79.999979
18.709982,-3983.891,0.25598887,3.0463864,0.70320708,4.1737119,2.1419055,79.999979
18.719982,-3982.0226,0.25616654,3.051806,0.69937557,4.1770502,2.1340872,79.999979
18.729982,-3980.1543,0.2563442,3.0572257,0.69554405,4.2017464,2.1262688,79.999979
18.739982,-3978.746,0.25652187,3.0626454,0.69171254,4.282631,2.1184505,79.999979
18.749982,-3977.4145,0.25668943,3.0828794,0.69845963,4.3176524,2.1533097,79.999979
18.759982,-3976.083,0.25683122,3.1097203,0.70648682,4.2784519,2.1913069,79.999979
18.769982,-3974.7515,0.25697302,3.1366479,0.71092773,4.3009516,2.2292582,79.999979
18.779982,-3965.0938,0.25708187,3.0606801,0.73091847,4.0810414,2.2172925,79.999979
18.789982,-3942.2735,0.25780504,3.1293813,0.72246726,4.2324024,2.2694709,79.999979
18.799982,-3915.2121,0.25884888,3.0690249,0.74778528,4.0225661,2.2949085,79.999979
18.809982,-3882.7486,0.25906285,3.0602759,0.69727321,4.3251189,2.13384,79.999979
18.819982,-3861.3667,0.26030387,3.0923629,0.70616086,4.2873307,2.2026924,79.999979
18.829982,-3857.9438,0.26063403,3.0743484,0.7223969,4.1855379,2.2254155,79.999979
18.839982,-3854.5209,0.26096419,3.0584644,0.74919179,4.0141343,2.2929863,79.999979
18.849982,-3851.0981,0.2613017,3.0500898,0.75373323,3.9231844,2.298853,79.999979
18.859982,-3833.4376,0.2618037,3.0736287,0.72474804,4.1479798,2.2120363,79.999979
18.869982,-3811.4694,0.26164135,3.094076,0.73433121,4.1322076,2.2720863,79.999979
18.879982,-3781.4783,0.26333632,3.1049178,0.70750283,4.2705371,2.1967265,79.999979
18.889982,-3781.4783,0.2635274,3.1606097,0.70435091,4.3308021,2.2261569,79.999979
18.899982,-3781.4783,0.2635274,3.1480398,0.72724763,4.3794307,2.2948664,79.999979
18.909982,-3781.4783,0.2635274,3.1266174,0.75745729,4.2255897,2.3686699,79.999979
18.919982,-3771.2325,0.26414217,3.1580012,0.71160671,4.2824868,2.24719,79.999979
18.929982,-3741.0802,0.26581174,0.58631749,0.13561163,4.9491707,0.079168417,79.999979
18.939982,-3716.6834,0.26461436,0.5187585,0.10173355,4.9229386,0.052752603,79.999979
18.949982,-3706.4168,0.26489263,0.53629546,0.141037,3.752084,0.067000782,79.999979
18.959982,-3704.054,0.26511598,0.53809077,0.14947012,3.4854828,0.071878671,79.999979
18.969982,-3701.6912,0.26515221,0.53988607,0.14647436,3.5782054,0.07675656,79.999979
18.979982,-3699.3285,0.26518844,0.51465413,0.1406342,3.5636702,0.072383256,79.999979
18.989982,-3694.1487,0.26663779,0.51942281,0.13842231,4.2590909,0.071619189,79.999979
18.999982,-3705.885,0.26547543,0.50229001,0.11568494,3.9871002,0.059186352,79.999979
19.009982,-3707.3673,0.26559879,0.55132316,0.13818195,4.0562428,0.076434707,79.999979
19.019982,-3708.9601,0.26544598,0.53196229,0.12570339,4.3499104,0.066612452,79.999979
19.029982,-3709.9537,0.26529316,0.57258903,0.11322483,4.6435781,0.064368491,79.999979
19.039982,-3710.9473,0.26531936,0.59515085,0.10111802,5.3193216,0.062207591,79.999979
19.049982,-3709.4828,0.26647344,0.57655902,0.12782323,4.6993307,0.069205608,79.999979
19.059982,-3711.0159,0.26599026,0.49862324,0.1216106,4.0179096,0.060661465,79.999979
19.069982,-3714.8689,0.26486106,0.53302736,0.12410387,4.1268779,0.066359731,79.999979
19.079982,-3716.1524,0.26451333,0.59861666,0.13453999,4.0344761,0.080618384,79.999979
19.089982,-3715.2749,0.2641656,0.53805991,0.14497612,3.9420743,0.075946582,79.999979
19.099982,-3714.3974,0.26391717,0.47836045,0.13629718,3.9619268,0.070648576,79.999979
19.109982,-3712.2693,0.26447338,0.4933987,0.11370953,3.9405274,0.056050386,79.999979
19.119982,-3712.6293,0.26591429,0.57400999,0.10792178,4.9781437,0.061655358,79.999979
19.129982,-3716.1853,0.26441839,0.50629165,0.13352678,3.7808382,0.061592417,79.999979
19.139982,-3716.3304,0.2645994,0.51025214,0.16340819,3.0010534,0.057467632,79.999979
19.149982,-3716.4756,0.26465797,0.51421262,0.12726555,4.0940711,0.053342846,79.999979
19.159982,-3716.5517,0.26467369,0.50685126,0.09730989,5.2305195,0.049319831,79.999979
19.169982,-3714.6466,0.26463305,0.59658351,0.10389638,6.3819174,0.061498722,79.999979
19.179982,-3717.7868,0.26532208,0.47410741,0.11655089,4.0269325,0.056146244,79.999979
19.189982,-3723.3271,0.26442546,0.49211677,0.16307501,2.925899,0.08022844,79.999979
19.199982,-3722.3034,0.26442546,0.50978619,0.1427429,3.5731046,0.07264482,79.999979
19.209982,-3722.3034,0.26442546,0.51430284,0.1224108,4.2203101,0.066021234,79.999979
19.219982,-3722.3034,0.26442546,0.51240754,0.1035825,4.8675156,0.059865663,79.999979
19.229982,-3722.7056,0.26422048,0.57802676,0.11797036,4.848517,0.068036584,79.999979
19.239982,-3726.6722,0.26564497,0.52454632,0.11108133,4.9350313,0.056427254,79.999979
19.249982,-3727.3472,0.26383076,0.54730325,0.10685979,5.4646313,0.063104998,79.999979
19.259982,-3726.8219,0.26392827,0.51589433,0.13638271,3.5760041,0.068294463,79.999979
19.269982,-3726.8291,0.26383279,0.56019662,0.13232134,3.7994932,0.073624898,79.999979
19.279982,-3726.8363,0.2636317,0.61695548,0.12825997,4.0229824,0.078059346,79.999979
19.289982,-3728.5329,0.26386224,0.50226284,0.13884024,3.1991907,0.069774587,79.999979
19.299982,-3725.9507,0.26409638,0.57329624,0.12416104,4.537483,0.073065204,79.999979
19.309982,-3722.7795,0.26486317,0.55105687,0.11045958,5.0331811,0.060712265,79.999979
19.319982,-3723.3831,0.26445742,0.47929318,0.1241953,3.8924107,0.059553371,79.999979
19.329982,-3724.1484,0.26406381,0.48381824,0.12774618,3.7561469,0.061846008,79.999979
19.339982,-3724.9138,0.26382209,0.48834331,0.13129705,3.6468782,0.064138644,79.999979
19.349982,-3724.7917,0.26415656,0.51675878,0.1174336,4.2563414,0.060544593,79.999979
19.359982,-3726.295,0.26470299,0.53444198,0.10320032,5.1646808,0.055837529,79.999979
19.369982,-3726.0161,0.26524743,0.50241138,0.11650633,4.2692938,0.058674821,79.999979
19.379982,-3729.2099,0.26418578,0.50948818,0.13480056,3.8777769,0.062001034,79.999979
19.389982,-3729.2099,0.26353328,0.51779897,0.13057042,3.7158361,0.063827016,79.999979
19.399981,-3729.2099,0.26353328,0.52844039,0.12187425,4.1525488,0.064447449,79.999979
19.409981,-3730.3421,0.26353328,0.5449075,0.11385289,4.66097,0.062054464,79.999979
19.419981,-3731.1105,0.26582944,0.53581954,0.10819636,4.7867664,0.06178992,79.999979
19.429981,-3732.6361,0.2647891,0.4901212,0.10287763,4.7904582,0.05207367,79.999979
19.439981,-3735.6965,0.26338911,0.50511612,0.11600994,4.2309539,0.057687862,79.999979
19.449981,-3736.3959,0.26353643,0.51084374,0.10619266,4.6316781,0.055632642,79.999979
19.459981,-3737.0953,0.26368376,0.50670484,0.12503799,4.1571373,0.063864764,79.999979
19.469981,-3736.8507,0.26383108,0.50643154,0.13211403,3.7217551,0.066176331,79.999979
19.479981,-3734.9824,0.26374438,0.52914954,0.14169921,3.8186771,0.074994658,79.999979
19.489981,-3739.0586,0.26371465,0.56142107,0.10590964,4.8462375,0.059471818,79.999979
19.499981,-3741.0235,0.26317586,0.62401174,0.1102022,5.1365184,0.068542752,79.999979
19.509981,-3740.5963,0.26320818,0.60465207,0.12132332,4.9766199,0.064239113,79.999979
19.519981,-3740.1691,0.26324049,0.5852924,0.11356652,5.1800399,0.059935474,79.999979
19.529981,-3739.7419,0.2632902,0.56491048,0.097974384,5.6223175,0.055366812,79.999979
19.539981,-3741.1277,0.26405415,0.57396992,0.12321341,4.9141745,0.07087563,79.999979
19.549981,-3744.0415,0.26401676,0.51382706,0.11731956,4.3054723,0.060655851,79.999979
19.559981,-3744.0814,0.26388384,0.51817381,0.11976957,3.8736465,0.061889547,79.999979
19.569981,-3744.0814,0.26351577,0.57582421,0.11056968,4.689424,0.063959279,79.999979
19.579981,-3744.4877,0.26313322,0.57597828,0.10348129,5.3034441,0.059724951,79.999979
19.589981,-3745.2706,0.26275066,0.58225781,0.10307587,5.6068157,0.060053097,79.999979
19.599981,-3746.8789,0.26342874,0.55323392,0.11703865,4.6935443,0.064803629,79.999979
19.609981,-3749.459,0.26338762,0.52377475,0.11908713,4.5463234,0.062432924,79.999979
19.619981,-3751.056,0.26334681,0.52155105,0.11532344,4.425524,0.060147782,79.999979
19.629981,-3750.4816,0.26319322,0.56842232,0.10632251,5.0308759,0.060348371,79.999979
19.639981,-3750.4816,0.26330654,0.60020971,0.10373236,5.5086078,0.06333563,79.999979
19.649981,-3750.6575,0.26354652,0.54456702,0.10471084,5.7678828,0.06009085,79.999979
19.659981,-3751.5031,0.26403726,0.49661363,0.12254563,4.0703001,0.060958275,79.999979
19.669981,-3749.6339,0.26377106,0.49308899,0.12004064,4.1838018,0.059124889,79.999979
19.679981,-3753.8649,0.26288379,0.50656704,0.13547006,3.3562651,0.06214176,79.999979
19.689981,-3753.8786,0.26366004,0.48483398,0.11182642,4.168109,0.054374507,79.999979
19.699981,-3753.6741,0.26366004,0.50724389,0.11123078,4.2993791,0.056267931,79.999979
19.709981,-3752.6708,0.26366004,0.51598497,0.10902459,4.4306492,0.055458682,79.999979
19.719981,-3751.6674,0.26315917,0.51989798,0.10409313,4.8958227,0.055047827,79.999979
19.729981,-3755.2005,0.26317962,0.52388139,0.14888115,4.0439933,0.077930758,79.999979
19.739981,-3756.8827,0.26294195,0.4970456,0.11885941,4.2171233,0.05907173,79.999979
19.749981,-3758.9871,0.26317802,0.54901741,0.12300498,4.1774363,0.065025128,79.999979
19.759981,-3758.9871,0.26317802,0.56239943,0.1118662,4.9865134,0.066807544,79.999979
19.769981,-3758.9871,0.26317802,0.50776073,0.12055847,4.4225595,0.062077902,79.999979
19.779981,-3758.9871,0.26322131,0.53214468,0.10681536,4.7537175,0.056744562,79.999979
19.789981,-3761.7635,0.26354696,0.56062399,0.14815682,3.8434214,0.085953232,79.999979
19.799981,-3760.9081,0.26361711,0.54789888,0.13870466,3.0928023,0.074548803,79.999979
19.809981,-3765.8233,0.26228633,0.53772034,0.13865398,4.4835056,0.074484612,79.999979
19.819981,-3765.8233,0.26228633,0.55919156,0.13495145,3.7056559,0.074713776,79.999979
19.829981,-3765.8233,0.26228633,0.5862387,0.11733934,4.450435,0.068143967,79.999979
19.839981,-3766.4458,0.26228633,0.58646542,0.11029108,5.349518,0.0652498,79.999979
19.849981,-3765.0537,0.26175555,0.52207384,0.12459823,4.2010265,0.06409926,79.999979
19.859981,-3767.7618,0.26279175,0.4915375,0.10049172,4.8976313,0.053663054,79.999979
19.869981,-3771.6017,0.26335514,0.5296133,0.15157385,3.3083664,0.080497151,79.999979
19.879981,-3771.7012,0.26296623,0.5206024,0.099059049,5.1374917,0.051571175,79.999979
19.889981,-3771.7012,0.26286364,0.55932027,0.10233555,5.1612292,0.057956575,79.999979
19.899981,-3772.0634,0.26286364,0.60519296,0.11024004,5.2088854,0.06678646,79.999979
19.909981,-3775.2291,0.26178143,0.5839454,0.1147541,4.2742013,0.067009912,79.999979
19.919981,-3777.5898,0.26233133,0.48717457,0.12173559,3.901206,0.059307732,79.999979
19.929981,-3779.0751,0.26142112,0.5001987,0.10071143,4.8003207,0.050855689,79.999979
19.939981,-3779.8355,0.2619293,0.53813987,0.10580267,4.6685741,0.057011842,79.999979
19.949981,-3779.8933,0.2619293,0.58386377,0.10752968,5.0074574,0.063213911,79.999979
19.959981,-3779.8933,0.2619293,0.53511475,0.10925669,5.3463406,0.060334929,79.999979
19.969981,-3780.927,0.26260413,0.59363161,0.14236415,3.8131745,0.084490238,79.999979
19.979981,-3780.465,0.26321985,0.52779319,0.11612795,4.0770967,0.062153167,79.999979
19.989981,-3782.3473,0.26179363,0.50287188,0.13053033,3.7381366,0.063911672,79.999979
19.999981,-3782.7238,0.26224766,0.51445497,0.10910368,4.3386302,0.056122047,79.999979
20.009981,-3782.7238,0.26247504,0.51830539,0.10709257,4.6116698,0.055492773,79.999979
20.019981,-3782.7238,0.26247504,0.52215581,0.10508146,4.770799,0.054863499,79.999979
20.029981,-3782.5047,0.26247504,0.52686964,0.11807386,4.7016773,0.062259468,79.999979
20.039981,-3784.713,0.26258577,0.48420041,0.13147649,3.4658298,0.063559963,79.999979
20.049981,-3788.443,0.26150218,0.5246801,0.13197813,3.7814446,0.065091855,79.999979
20.059981,-3785.6214,0.26266199,0.48460998,0.11366113,3.9078594,0.05828736,79.999979
20.069981,-3789.6046,0.26278138,0.51233919,0.10429573,4.6213585,0.053428777,79.999979
20.079981,-3789.947,0.26270994,0.5176662,0.094344458,5.4271444,0.048867192,79.999979
20.089981,-3790.2649,0.26276165,0.52148724,0.097225759,5.3372256,0.050741973,79.999979
20.099981,-3790.5827,0.26281336,0.52530828,0.10010706,5.2473069,0.052616754,79.999979
20.109981,-3790.9005,0.26286507,0.53073749,0.10298836,5.1573881,0.054943202,79.999979
20.119981,-3791.2184,0.26291678,0.56067227,0.11383664,5.0674693,0.064152198,79.999979
20.129981,-3791.5362,0.2628359,0.57143469,0.12001962,4.6820447,0.068267862,79.999979
20.139981,-3791.854,0.26257486,0.54970238,0.11609472,4.6950202,0.063750974,79.999979
20.149981,-3791.6425,0.26231382,0.52333193,0.11216981,4.7079957,0.062559356,79.999979
20.159981,-3789.6463,0.26319145,0.52120246,0.099412746,5.1410301,0.05181402,79.999979
20.169981,-3794.23,0.26203413,0.51075387,0.12373668,4.043001,0.063058781,79.999979
20.179981,-3796.3159,0.26201162,0.54127797,0.11483149,4.6150632,0.060536673,79.999979
20.189981,-3798.2674,0.26135973,0.54635362,0.1091276,5.6609648,0.059041486,79.999979
20.199981,-3798.4828,0.2621775,0.52969844,0.11696486,4.3438827,0.057600898,79.999979
20.209981,-3799.4918,0.2625793,0.53697269,0.14888788,3.3940963,0.060614508,79.999979
20.219981,-3800.1494,0.2629811,0.54424695,0.12686376,4.2117409,0.063628119,79.999979
20.229981,-3800.3717,0.26338289,0.55237257,0.10298925,5.2387169,0.056827288,79.999979
20.239981,-3799.7609,0.26190715,0.49184512,0.11767722,4.0402381,0.05796838,79.999979
20.249981,-3803.2978,0.26212773,0.54857177,0.13984097,3.8113062,0.076845881,79.999979
20.259981,-3800.4158,0.26247824,0.51568049,0.14549581,3.8625491,0.074641813,79.999979
20.269981,-3800.4158,0.26261418,0.51865992,0.15520668,3.3046744,0.065556361,79.999979
20.279981,-3800.3419,0.26275013,0.52163935,0.12006223,4.449924,0.056470908,79.999979
20.289981,-3800.2399,0.26273987,0.55910291,0.10402641,5.2674712,0.060623218,79.999979
20.299981,-3805.8517,0.2625516,0.4805355,0.12101684,3.8706113,0.057629799,79.999979
20.309981,-3810.6956,0.26206488,0.48032812,0.11818153,3.9771736,0.056331671,79.999979
20.319981,-3817.1536,0.26012851,0.48012075,0.11534621,4.0837359,0.055033543,79.999979
20.329981,-3818.9669,0.2624967,0.47991337,0.1125109,4.1902981,0.053735415,79.999979
20.339981,-3818.2647,0.2625033,0.47970599,0.10967559,4.2968604,0.052437287,79.999979
20.349981,-3819.9118,0.26232721,0.47949861,0.10684027,4.4034226,0.051139159,79.999979
20.359981,-3823.1587,0.26143732,0.47929123,0.10400496,4.5099849,0.049841031,79.999979
20.369981,-3826.2904,0.26050308,0.47333696,0.10469037,4.4273001,0.049523177,79.999979
20.379981,-3822.8866,0.26071674,0.46679522,0.10573568,4.3252693,0.049305534,79.999979
20.389981,-3825.2472,0.26088283,0.46025347,0.106781,4.2232386,0.04908789,79.999979
20.399981,-3825.2472,0.26086292,0.45371172,0.10782632,4.1212078,0.048870246,79.999979
20.409981,-3824.0621,0.26088046,0.44716997,0.10887163,4.019177,0.048652602,79.999979
20.419981,-3830.6199,0.2608318,0.44178618,0.10990038,3.9171463,0.048504419,79.999979
20.429981,-3835.8721,0.26055543,0.45433569,0.10901021,4.0598371,0.049431975,79.999979
20.439981,-3840.7449,0.26030676,0.46688521,0.10812004,4.2137754,0.05035953,79.999979
20.44998,-3844.8487,0.26043975,0.47943473,0.10722988,4.3677137,0.051287086,79.999979
20.45998,-3845.7275,0.2602617,0.49198425,0.10633971,4.5216519,0.052214642,79.999979
20.46998,-3846.4842,0.2602617,0.50453377,0.10544954,4.6755902,0.053142197,79.999979
20.47998,-3846.705,0.26028255,0.51719682,0.104571,4.8295285,0.05408078,79.999979
20.48998,-3851.9376,0.25955438,0.5319611,0.10390781,5.0082411,0.055223451,79.999979
20.49998,-3851.901,0.25991692,0.54672538,0.10324461,5.1882235,0.056366122,79.999979
20.50998,-3854.7475,0.25929874,0.56148966,0.10258141,5.3682059,0.057508793,79.999979
20.51998,-3854.0095,0.25931133,0.57625394,0.10191822,5.5481883,0.058651464,79.999979
20.52998,-3853.8811,0.25941946,0.59101822,0.10125502,5.7281707,0.059794135,79.999979
20.53998,-4018.3394,0.25373106,0.6056662,0.10059182,5.9081531,0.060938393,79.999979
20.54998,-4022.5319,0.25374352,0.54103625,0.10697693,4.7898567,0.057898708,79.999979
20.55998,-4020.2247,0.25330988,0.50886065,0.095502258,5.1333661,0.048609254,79.999979
20.56998,-4020.2157,0.25304604,0.52849286,0.11810022,4.4853801,0.062473069,79.999979
20.57998,-4020.2066,0.25304604,0.49623516,0.11179385,4.4232736,0.055523127,79.999979
20.58998,-4020.1976,0.25304604,0.47959296,0.10548749,4.5805683,0.051488255,79.999979
20.59998,-4020.1947,0.25304604,0.50316952,0.11010415,4.2685142,0.055205875,79.999979
20.60998,-4021.5077,0.25273194,0.55819319,0.11403168,4.5464624,0.064263753,79.999979
20.61998,-4022.1416,0.25285048,0.54287054,0.12584356,4.2871069,0.068637088,79.999979
20.62998,-4022.4572,0.2529731,0.52516564,0.10220748,5.082932,0.053511266,79.999979
20.63998,-4022.982,0.25290528,0.52179773,0.10427492,4.9278414,0.052464594,79.999979
20.64998,-4023.5068,0.25283745,0.51842982,0.10031772,5.0309826,0.051417922,79.999979
20.65998,-4023.8117,0.25276963,0.50584011,0.10779167,5.1567503,0.05478791,79.999979
20.66998,-4023.909,0.25354684,0.50925703,0.13433265,3.7519874,0.067956148,79.999979
20.67998,-4022.5793,0.25376651,0.53473345,0.10872863,4.8459519,0.059928561,79.999979
20.68998,-4021.3573,0.25325833,0.56355942,0.11548658,4.7118175,0.064687832,79.999979
20.69998,-4021.4325,0.25326817,0.53197357,0.15437211,3.5140954,0.061046818,79.999979
20.70998,-4022.0529,0.253278,0.5326834,0.13753193,3.920198,0.059312437,79.999979
20.71998,-4023.1662,0.25328784,0.52436816,0.11226088,4.6529727,0.058746729,79.999979
20.72998,-4024.2796,0.25322365,0.5756598,0.13391885,3.3760657,0.076506105,79.999979
20.73998,-4024.8336,0.25304218,0.54363229,0.11049603,4.4848921,0.060066313,79.999979
20.74998,-4026.0043,0.25301008,0.60025529,0.15929468,3.6326133,0.095619523,79.999979
20.75998,-4026.0043,0.25304266,0.55980589,0.12579387,4.1857659,0.070454141,79.999979
20.76998,-4026.0158,0.25307523,0.59874196,0.12638604,4.2898602,0.075714997,79.999979
20.77998,-4026.4206,0.2531078,0.63767803,0.12697821,4.8686432,0.080975853,79.999979
20.78998,-4026.8253,0.25314037,0.55769051,0.12052179,4.5436135,0.06721418,79.999979
20.79998,-4025.6223,0.25264646,0.53419697,0.13794608,3.5124364,0.073472307,79.999979
20.80998,-4024.1472,0.25253127,0.53393718,0.12746501,3.9105654,0.068063897,79.999979
20.81998,-4024.7046,0.25257627,0.54252842,0.12356805,4.0033699,0.067035121,79.999979
20.82998,-4025.2913,0.25257627,0.53362558,0.12433095,4.3150045,0.065918682,79.999979
20.83998,-4025.8781,0.25257627,0.55973029,0.1222888,4.1651196,0.066646803,79.999979
20.84998,-4026.4,0.25257627,0.51121279,0.11285216,4.4742663,0.062229379,79.999979
20.85998,-4026.1736,0.25322917,0.55389203,0.11540671,5.303956,0.075243085,79.999979
20.86998,-4026.516,0.25366673,0.56991994,0.12427668,4.5497001,0.068216088,79.999979
20.87998,-4026.9874,0.25336327,0.53475184,0.11929658,4.8427039,0.064410946,79.999979
20.88998,-4027.2615,0.25318321,0.55061759,0.12048126,4.3990113,0.068948823,79.999979
20.89998,-4027.5355,0.25300316,0.56648334,0.128481,4.2757362,0.0734867,79.999979
20.90998,-4026.6777,0.2528231,0.57900781,0.12284979,4.2072374,0.070753335,79.999979
20.91998,-4025.042,0.25243343,0.61367472,0.1270053,4.7260368,0.078060633,79.999979
20.92998,-4024.5251,0.25230394,0.56849425,0.17338396,3.584374,0.098264207,79.999979
20.93998,-4024.2037,0.25311938,0.6226788,0.12878361,4.7170582,0.080183378,79.999979
20.94998,-4024.7942,0.25314685,0.61771535,0.12184643,4.9346407,0.080961053,79.999979
20.95998,-4025.3846,0.25317433,0.57911689,0.14983479,4.8673497,0.08925719,79.999979
20.96998,-4025.9751,0.25320181,0.54783325,0.14621564,3.3922785,0.076795542,79.999979
20.97998,-4026.0643,0.25295542,0.52501901,0.12825774,4.0113758,0.066803141,79.999979
20.98998,-4027.4839,0.25248678,0.5578289,0.11941321,4.9221244,0.066687592,79.999979
20.99998,-4028.3506,0.25247774,0.53970214,0.11891094,4.5820667,0.064278771,79.999979
21.00998,-4028.3506,0.2527714,0.56267079,0.11174391,5.2276752,0.062753645,79.999979
21.01998,-4028.0111,0.25306505,0.54850375,0.11755101,4.8959225,0.064342127,79.999979
21.02998,-4027.253,0.2533587,0.5426231,0.12338906,4.2655472,0.06702446,79.999979
21.03998,-4026.4949,0.25350724,0.59541421,0.13085629,4.8112972,0.088949789,79.999979
21.04998,-4026.0182,0.25327124,0.55703959,0.15060193,3.6073742,0.083611573,79.999979
21.05998,-4028.2167,0.25291585,0.62438458,0.13071925,4.9123808,0.081624613,79.999979
21.06998,-4028.4449,0.25282988,0.54324406,0.12969144,3.9362354,0.07041596,79.999979
21.07998,-4028.6732,0.25282988,0.5811929,0.12533084,4.1379447,0.072158432,79.999979
21.08998,-4028.9014,0.25282988,0.61488929,0.11723514,4.6094321,0.071925075,79.999979
21.09998,-4028.9332,0.25282988,0.56883429,0.12152055,4.3333361,0.073392395,79.999979
21.10998,-4029.54,0.25319833,0.59858651,0.13627891,3.8136643,0.081224318,79.999979
21.11998,-4031.2014,0.25385378,0.53301203,0.15470079,3.3511173,0.082360295,79.999979
21.12998,-4030.9377,0.25403388,0.5970872,0.1664481,3.4567216,0.09832836,79.999979
21.13998,-4030.4115,0.25379284,0.63220181,0.12924406,4.881933,0.084178595,79.999979
21.14998,-4029.8853,0.25355181,0.57718195,0.1217166,4.7588491,0.070033903,79.999979
21.15998,-4028.9967,0.25331077,0.60183591,0.10993398,5.3749712,0.066165239,79.999979
21.16998,-4028.1116,0.25310319,0.67526386,0.16365677,4.0808128,0.0905264,79.999979
21.17998,-4029.0698,0.2531065,0.63051385,0.11311544,4.6948338,0.077604779,79.999979
21.18998,-4030.0431,0.25330749,0.5855917,0.11568795,4.4497952,0.069394711,79.999979
21.19998,-4030.3092,0.25350747,0.57868862,0.11747931,4.9542063,0.068917256,79.999979
21.20998,-4030.5753,0.2536872,0.57178554,0.11927066,4.7496834,0.068439801,79.999979
21.21998,-4030.8414,0.25386692,0.55756109,0.13870511,4.0217512,0.077380564,79.999979
21.22998,-4031.6925,0.25375909,0.53893361,0.11330387,4.3973558,0.061009363,79.999979
21.23998,-4033.0503,0.25341479,0.5556602,0.13431574,5.8518527,0.076667694,79.999979
21.24998,-4031.9103,0.25339552,0.58166125,0.14804383,3.9646014,0.082066938,79.999979
21.25998,-4031.9103,0.25306389,0.57551607,0.12978877,4.2748108,0.07417798,79.999979
21.26998,-4031.9103,0.25272361,0.55693929,0.12392286,4.4161927,0.06947735,79.999979
21.27998,-4031.9103,0.25238333,0.62633241,0.15377036,4.153838,0.085261829,79.999979
21.28998,-4031.4188,0.25221976,0.57672308,0.11875405,4.5187799,0.068414453,79.999979
21.29998,-4033.1113,0.25263135,0.54574176,0.16299756,3.2344168,0.082218823,79.999979
21.30998,-4034.9236,0.25260005,0.60507048,0.12992298,4.4406775,0.081798018,79.999979
21.31998,-4035.0264,0.25262136,0.65559433,0.12510605,4.7802016,0.081743206,79.999979
21.32998,-4035.1291,0.25264266,0.65704742,0.11942301,5.2221974,0.079747323,79.999979
21.33998,-4035.2319,0.25266397,0.59287019,0.11755288,5.8096184,0.071174541,79.999979
21.34998,-4035.3294,0.25266627,0.56431603,0.14414038,4.3880323,0.075724204,79.999979
21.35998,-4036.1766,0.25283405,0.57322444,0.11837741,4.5770214,0.068074357,79.999979
21.36998,-4036.9253,0.25346496,0.57553383,0.16982142,3.2896981,0.097736825,79.999979
21.37998,-4036.1522,0.2534702,0.61885244,0.11907931,4.9179232,0.073797854,79.999979
21.38998,-4035.3054,0.25347544,0.61457776,0.12579997,4.8228715,0.077167222,79.999979
21.39998,-4034.4278,0.25348068,0.575144,0.1325724,4.7278199,0.076254694,79.999979
21.40998,-4033.5502,0.25294453,0.56320091,0.12430174,4.6300007,0.07000587,79.999979
21.41998,-4033.9172,0.25169438,0.58020786,0.16191544,3.5526902,0.093951387,79.999979
21.42998,-4034.0099,0.25154028,0.56030165,0.14192625,3.8824996,0.079353137,79.999979
21.43998,-4034.4414,0.25157042,0.58368977,0.098312937,6.0152353,0.061232709,79.999979
21.44998,-4034.7299,0.25160988,0.57988941,0.1020243,5.8335354,0.061190082,79.999979
21.45998,-4034.4901,0.25164933,0.57608906,0.10573567,5.5181162,0.061147455,79.999979
21.46998,-4034.2504,0.25168879,0.6305735,0.14981756,4.0733723,0.094296431,79.999979
21.47998,-4035.2685,0.25253835,0.57625011,0.11032982,5.3902562,0.066207283,79.999979
21.48998,-4034.1553,0.25298611,0.56263966,0.13235538,4.2518224,0.07329686,79.999979
21.499979,-4033.9433,0.25297712,0.53044661,0.11529651,4.5192541,0.064717248,79.999979
21.509979,-4033.9433,0.25297712,0.54516459,0.12334988,4.3623108,0.069939098,79.999979
21.519979,-4033.9433,0.25297712,0.55988258,0.13140326,4.2053675,0.075160947,79.999979
21.529979,-4033.9433,0.25297712,0.57460056,0.13945663,4.0484242,0.080382797,79.999979
21.539979,-4033.9433,0.25297712,0.55854864,0.1359286,4.0108186,0.075594379,79.999979
21.549979,-4033.7903,0.25297712,0.57049368,0.13019412,4.2331127,0.074287357,79.999979
21.559979,-4031.7966,0.25305925,0.60966659,0.097309713,3.5560551,0.05931172,79.999979
21.569979,-4032.7579,0.25314741,0.66419055,0.13457113,4.6197439,0.089811082,79.999979
21.579979,-4033.3862,0.25291359,0.58265291,0.11303606,5.0267178,0.065852865,79.999979
21.589979,-4034.0146,0.25261254,0.57840943,0.12480074,5.1028003,0.072595407,79.999979
21.599979,-4034.6429,0.25231149,0.55704112,0.15659503,3.5630276,0.087218635,79.999979
21.609979,-4034.9373,0.25201043,0.57635455,0.13520157,4.1374579,0.077921861,79.999979
21.619979,-4035.7623,0.25267523,0.57249744,0.13350728,4.1621621,0.073660061,79.999979
21.629979,-4036.9023,0.25242393,0.56508799,0.1200728,4.6565721,0.064616072,79.999979
21.639979,-4036.8066,0.25173128,0.57249783,0.14097075,3.945191,0.072001013,79.999979
21.649979,-4036.6929,0.25194251,0.58334474,0.11942498,4.8074638,0.071224979,79.999979
21.659979,-4036.5792,0.25215374,0.58612619,0.12361289,4.6538272,0.072765816,79.999979
21.669979,-4036.1082,0.25236497,0.57686787,0.1561076,3.6452639,0.081727421,79.999979
21.679979,-4034.4703,0.25329075,0.57747836,0.14732529,3.4962635,0.084333918,79.999979
21.689979,-4036.7347,0.2527829,0.56398229,0.15569944,3.577221,0.085961567,79.999979
21.699979,-4037.521,0.25195927,0.58713851,0.15911343,3.5837457,0.093468098,79.999979
21.709979,-4037.521,0.25195927,0.58267666,0.13481299,4.2574193,0.080667242,79.999979
21.719979,-4037.521,0.25195927,0.58471567,0.14712945,3.8920064,0.086479901,79.999979
21.729979,-4037.4327,0.25195927,0.58053184,0.16607842,3.3912022,0.097019885,79.999979
21.739979,-4037.7262,0.25229801,0.54943724,0.13595304,3.6909545,0.072051247,79.999979
21.749979,-4038.6854,0.25234922,0.56698916,0.13307135,4.490984,0.075354329,79.999979
21.759979,-4037.6931,0.25284007,0.55626152,0.1288176,3.8126193,0.071631617,79.999979
21.769979,-4036.5283,0.25304579,0.58964089,0.12340907,4.1294457,0.072446137,79.999979
21.779979,-4035.9341,0.25325151,0.62302026,0.11800055,4.9036338,0.073260657,79.999979
21.789979,-4035.9341,0.25345723,0.62471453,0.1219582,5.1025313,0.076590759,79.999979
21.799979,-4035.9341,0.25357893,0.59986611,0.11033352,5.0595785,0.06645373,79.999979
21.809979,-4037.9386,0.25221951,0.59675162,0.16639767,3.2664321,0.17241209,79.999979
21.819979,-4038.9887,0.25259008,0.9984495,0.25084501,3.4397517,0.47780368,79.999979
21.829979,-4038.6186,0.25276715,1.4001474,0.33529236,3.6130714,0.78319528,79.999979
21.839979,-4038.421,0.25304486,1.8018453,0.4197397,3.786391,1.0885869,79.999979
21.849979,-4040.9654,0.25289294,2.2035431,0.50418704,3.9597107,1.3939785,79.999979
21.859979,-4041.2372,0.25277566,2.605241,0.58863438,4.1330303,1.6993701,79.999979
21.869979,-4047.5286,0.25282484,2.9719071,0.67308172,4.30635,1.9780831,79.999979
21.879979,-4048.6248,0.25270329,2.9787281,0.67273787,4.3269488,1.9827539,79.999979
21.889979,-4049.4074,0.25187921,2.9855491,0.67143517,4.3458207,1.9874248,79.999979
21.899979,-4049.4077,0.25230806,2.99237,0.67013247,4.3646926,1.9920957,79.999979
21.909979,-4049.4123,0.25230806,2.999191,0.66882977,4.3835644,1.9967666,79.999979
21.919979,-4048.9611,0.25148146,3.006012,0.66752707,4.4024363,2.0014375,79.999979
21.929979,-4053.2099,0.25232189,3.0128329,0.66622437,4.4213081,2.0061083,79.999979
21.939979,-4055.6719,0.25126553,3.0066517,0.66519719,4.4215684,2.0001709,79.999979
21.949979,-4057.5668,0.25162939,2.9955413,0.66433525,4.4106671,1.9902118,79.999979
21.959979,-4058.5839,0.25114884,2.9844308,0.66347331,4.3997657,1.9802527,79.999979
21.969979,-4058.5839,0.25134728,2.9733203,0.66261137,4.3888644,1.9702936,79.999979
21.979979,-4056.7613,0.25103592,2.9622098,0.66174943,4.377963,1.9603344,79.999979
21.989979,-4061.3732,0.25218762,2.9510993,0.66088748,4.3670617,1.9503753,79.999979
21.999979,-4065.1987,0.25156068,2.9480813,0.66493999,4.3378048,1.9620889,79.999979
22.009979,-4063.6864,0.25229857,2.950499,0.67337852,4.2883165,1.9883601,79.999979
22.019979,-4063.6681,0.25199083,2.9529168,0.68181705,4.2388282,2.0146313,79.999979
22.029979,-4063.0177,0.25199083,2.9553345,0.69025559,4.1893399,2.0409026,79.999979
22.039979,-4065.8591,0.251019,2.9577523,0.69869412,4.1398516,2.0671738,79.999979
22.049979,-4070.3148,0.25137352,2.96017,0.70713266,4.0903633,2.093445,79.999979
22.059979,-4154.9758,0.24889812,2.9776611,0.68612082,4.3986358,2.0430968,79.999979
22.069979,-4155.2649,0.2503945,3.0370124,0.6947139,4.2834932,2.0982874,79.999979
22.079979,-4155.1459,0.2503945,3.0076182,0.70674221,4.170437,2.1230931,79.999979
22.089979,-4155.027,0.2503945,3.0018624,0.69524324,4.1988986,2.0840933,79.999979
22.099979,-4154.9527,0.2503945,3.0244347,0.68928225,4.2569043,2.0887994,79.999979
22.109979,-4139.9669,0.24921603,3.0114695,0.69632976,4.2532686,2.0969514,79.999979
22.119979,-4117.3377,0.25092328,3.121206,0.71404134,4.2193695,2.229331,79.999979
22.129979,-4088.3467,0.25317324,3.0435172,0.71953758,4.2565394,2.1628447,79.999979
22.139979,-4084.8324,0.25303913,3.0465705,0.70932692,4.15456,2.1440668,79.999979
22.149979,-4081.3182,0.25270089,3.0496238,0.69911625,4.2123451,2.1252889,79.999979
22.159979,-4077.804,0.25221531,3.0699981,0.6907265,4.3250265,2.1321667,79.999979
22.169979,-4069.4076,0.25189555,3.0536485,0.69983335,4.2839791,2.1370679,79.999979
22.179979,-4041.8302,0.25491821,3.0654195,0.7241058,4.1311942,2.2197024,79.999979
22.189979,-4020.4819,0.25516895,3.097973,0.70623527,4.3033224,2.1810113,79.999979
22.199979,-4014.9492,0.25528717,3.0591945,0.7056108,4.2514155,2.1561867,79.999979
22.209979,-4013.3439,0.2554054,3.0874386,0.7082681,4.2339867,2.188269,79.999979
22.219979,-4011.7386,0.25527471,3.1210531,0.71336999,4.2700905,2.2262178,79.999979
22.229979,-3998.8764,0.25446276,3.0727798,0.70890848,4.2245052,2.1813592,79.999979
22.239979,-3976.06,0.25744797,3.0678452,0.73946378,4.102525,2.2885092,79.999979
22.249979,-3946.1824,0.25687679,3.084965,0.71855086,4.1934605,2.2167071,79.999979
22.259979,-3943.1497,0.25723267,3.106672,0.71393448,4.1749221,2.2177851,79.999979
22.269979,-3939.3743,0.25740476,3.1344944,0.71484959,4.2569974,2.243185,79.999979
22.279979,-3935.5989,0.25757685,3.0776987,0.72317996,4.3390727,2.2259885,79.999979
22.289979,-3922.0071,0.2583623,3.1171876,0.71476953,4.239094,2.211706,79.999979
22.299979,-3889.9828,0.25993884,3.1454747,0.72535917,4.2181993,2.2816381,79.999979
22.309979,-3862.2702,0.25925559,3.0989993,0.75175323,4.0966144,2.329676,79.999979
22.319979,-3854.5802,0.25951088,3.066148,0.72052435,4.2255625,2.2046995,79.999979
22.329979,-3851.3661,0.25962885,3.0586849,0.72163671,4.1573385,2.2047153,79.999979
22.339979,-3848.152,0.26045742,3.0512217,0.72274907,4.1274896,2.204731,79.999979
22.349979,-3841.8889,0.26128598,3.1489827,0.71229418,4.320571,2.2430699,79.999979
22.359979,-3814.3854,0.26419176,3.0902174,0.72574779,4.1117032,2.2337345,79.999979
22.369979,-3785.0749,0.26336361,0.62265765,0.13183512,4.2895204,0.082199872,79.999979
22.379979,-3767.2315,0.26427678,0.54157602,0.10121343,5.5659318,0.057735913,79.999979
22.389979,-3767.2315,0.26397923,0.51246569,0.1065805,4.8799596,0.054716418,79.999979
22.399979,-3767.2315,0.26368168,0.50140744,0.11260568,4.5148815,0.056457687,79.999979
22.409979,-3762.2759,0.26338412,0.49248149,0.11938397,4.1876602,0.058812035,79.999979
22.419979,-3740.2445,0.26445503,0.50589141,0.12802935,4.0910734,0.069680465,79.999979
22.429979,-3733.2163,0.26472768,0.51431602,0.11301641,4.2300906,0.058145454,79.999979
22.439979,-3744.429,0.26396118,0.48685249,0.10984839,4.6023844,0.053449798,79.999979
22.449979,-3744.429,0.26382525,0.50142528,0.11168321,4.295407,0.049617664,79.999979
22.459979,-3744.429,0.26368932,0.51599808,0.093783154,5.4309937,0.04578553,79.999979
22.469979,-3744.429,0.26363612,0.52310203,0.10315802,5.2637774,0.053940044,79.999979
22.479979,-3746.723,0.26304394,0.52005233,0.096720592,6.340751,0.050358965,79.999979
22.489979,-3747.396,0.26477018,0.52818304,0.12191186,5.1208051,0.062046912,79.999979
22.499979,-3748.5952,0.26348831,0.49527901,0.11586681,4.2607864,0.057450716,79.999979
22.509979,-3747.5111,0.26315631,0.48639718,0.12583966,4.1916227,0.062524434,79.999979
22.519979,-3746.3572,0.26275447,0.5003679,0.14301797,3.7688209,0.072338675,79.999979
22.529979,-3745.2033,0.26229208,0.5120868,0.16019627,3.1438088,0.07842445,79.999979
22.539979,-3745.0075,0.26189774,0.48608501,0.12274394,3.8596043,0.059486466,79.999979
22.549978,-3745.8861,0.26392744,0.53564212,0.11462731,4.7682916,0.058622773,79.999979
22.559978,-3749.7708,0.26317711,0.50223053,0.12161767,3.9197123,0.060954876,79.999979
22.569978,-3748.5058,0.26349388,0.54779244,0.13635386,4.0951863,0.070833928,79.999979
22.579978,-3747.9276,0.26387508,0.53523974,0.12146393,4.2111924,0.06724572,79.999979
22.589978,-3747.7652,0.26418344,0.57472398,0.11647838,4.4158788,0.068692405,79.999979
22.599978,-3750.1814,0.26364268,0.49520126,0.14622877,2.9988881,0.072278689,79.999979
22.609978,-3754.4993,0.2636712,0.52007226,0.11109747,4.318704,0.05726367,79.999979
22.619978,-3758.1575,0.26331938,0.52323409,0.11445716,4.6771119,0.059895658,79.999979
22.629978,-3759.4602,0.26317792,0.60731974,0.13881314,4.2792173,0.084688642,79.999979
22.639978,-3761.1987,0.26306004,0.58325475,0.12642072,4.535673,0.074232574,79.999979
22.649978,-3761.1573,0.26297671,0.55918976,0.11402831,4.7921287,0.063776506,79.999979
22.659978,-3761.3688,0.26353758,0.56989915,0.1297281,4.3313429,0.070568818,79.999979
22.669978,-3762.1388,0.26310418,0.52633473,0.1084667,4.6701704,0.057089462,79.999979
22.679978,-3761.4704,0.26218104,0.4717468,0.11288512,4.420357,0.053439462,79.999979
22.689978,-3760.7851,0.26270414,0.48889269,0.15446789,4.1811556,0.062084752,79.999979
22.699978,-3760.7851,0.26277457,0.49666314,0.13006442,3.4012069,0.057196449,79.999979
22.709978,-3760.7851,0.26297756,0.50443359,0.10566096,4.6641124,0.052308147,79.999979
22.719978,-3762.2326,0.26325172,0.58409112,0.11892804,5.0199691,0.07039917,79.999979
22.729978,-3763.266,0.26338428,0.51530456,0.14035531,3.8487578,0.070278155,79.999979
22.739978,-3766.9666,0.26284106,0.52341386,0.12250484,4.1650371,0.064122484,79.999979
22.749978,-3765.6706,0.26367736,0.52159946,0.11847949,4.6042606,0.06166813,79.999979
22.759978,-3765.6706,0.26352971,0.5172096,0.13629387,4.541074,0.070329935,79.999979
22.769978,-3765.6706,0.26348829,0.51281973,0.15410824,3.7139563,0.078991739,79.999979
22.779978,-3765.2102,0.26348829,0.50498784,0.15636396,3.1345102,0.074371802,79.999979
22.789978,-3766.1593,0.26376284,0.52853459,0.11750945,4.2408296,0.067924152,79.999979
22.799978,-3769.4051,0.26276551,0.50092385,0.12156129,3.9885704,0.060996715,79.999979
22.809978,-3767.025,0.26284456,0.60566378,0.11968584,5.0037017,0.072536432,79.999979
22.819978,-3765.947,0.26275738,0.54926251,0.11632574,4.8574515,0.06390215,79.999979
22.829978,-3766.6505,0.26267021,0.53661663,0.12277564,4.7112014,0.066101914,79.999979
22.839978,-3767.354,0.26269181,0.56908106,0.1308555,4.1273306,0.068450607,79.999979
22.849978,-3770.1118,0.26245527,0.51779804,0.14512167,3.46527,0.075144686,79.999979
22.859978,-3772.1961,0.26217308,0.49962438,0.11914798,4.0602777,0.059513396,79.999979
22.869978,-3772.2575,0.26345748,0.51906762,0.11449747,4.420673,0.059427195,79.999979
22.879978,-3776.3381,0.26229765,0.50101013,0.1401473,4.2019511,0.067140976,79.999979
22.889978,-3776.1388,0.26214521,0.49042775,0.11861433,4.0257997,0.057268471,79.999979
22.899978,-3775.8411,0.2615852,0.50494784,0.111265,4.0913003,0.055517357,79.999979
22.909978,-3774.5804,0.26132759,0.51946793,0.10391567,4.7920302,0.053766244,79.999979
22.919978,-3774.155,0.26106997,0.55505345,0.11840563,4.839536,0.065467405,79.999979
22.929978,-3776.199,0.26358465,0.48436091,0.10557112,4.3584298,0.054033472,79.999979
22.939978,-3778.8927,0.2619021,0.50294157,0.11722336,3.9109566,0.062399712,79.999979
22.949978,-3778.3445,0.26343045,0.51903137,0.11681894,4.2811359,0.060579526,79.999979
22.959978,-3778.3445,0.26343045,0.52867854,0.10733505,4.6297735,0.057351951,79.999979
22.969978,-3778.3445,0.26343045,0.51329025,0.10935689,4.7588876,0.056290931,79.999979
22.979978,-3780.2007,0.2634435,0.47910299,0.11129569,4.4378969,0.053679833,79.999979
22.989978,-3781.5561,0.26259768,0.51186142,0.13802933,3.570634,0.070625975,79.999979
22.999978,-3779.7286,0.26247252,0.56634178,0.13520801,3.9508531,0.073874354,79.999979
23.009978,-3782.4732,0.26266316,0.5110872,0.13468412,4.1683393,0.068835353,79.999979
23.019978,-3783.2545,0.26266316,0.52006628,0.1347265,3.7007403,0.070067245,79.999979
23.029978,-3783.9733,0.26266316,0.52904537,0.13476888,3.7917886,0.071299136,79.999979
23.039978,-3783.9733,0.26266316,0.53292918,0.12341617,4.2178514,0.065498462,79.999979
23.049978,-3783.6032,0.26171508,0.56125381,0.14307287,3.7532121,0.079277484,79.999979
23.059978,-3787.195,0.26189807,0.54112122,0.13536665,4.0680768,0.073188271,79.999979
23.069978,-3787.2116,0.26170349,0.53289643,0.13365705,4.0550678,0.064766463,79.999979
23.079978,-3787.0707,0.26177334,0.47242315,0.10859121,4.2820644,0.051324133,79.999979
23.089978,-3786.8826,0.26177334,0.47360634,0.10702666,4.2310086,0.050788604,79.999979
23.099978,-3786.6945,0.26177334,0.51316059,0.10736383,4.390453,0.055117272,79.999979
23.109978,-3787.911,0.26164111,0.60599462,0.10053361,5.3379084,0.062400749,79.999979
23.119978,-3790.1824,0.26293549,0.53152145,0.10468065,4.9962533,0.055605786,79.999979
23.129978,-3787.4689,0.26126321,0.51295069,0.10606355,4.8746012,0.055771658,79.999979
23.139978,-3790.6435,0.26121686,0.58955462,0.1257421,4.8219638,0.073956624,79.999979
23.149978,-3791.0276,0.2614642,0.54884186,0.13563518,4.4035366,0.074202089,79.999979
23.159978,-3791.4117,0.26145052,0.49930354,0.14387253,4.0483412,0.071673372,79.999979
23.169978,-3791.4884,0.26143684,0.49523328,0.14680294,3.8679873,0.072545599,79.999979
23.179978,-3791.4884,0.26142315,0.50820328,0.14718053,3.6876333,0.074692412,79.999979
23.189978,-3791.4884,0.26140947,0.52117328,0.14755811,3.5072793,0.076839226,79.999979
23.199978,-3791.4884,0.26139578,0.53414329,0.14793569,3.3269253,0.078986039,79.999979
23.209978,-3791.4884,0.26138592,0.54711329,0.14831327,3.3214545,0.081132853,79.999979
23.219978,-3791.4884,0.26138592,0.55598469,0.14869085,3.6024289,0.081316623,79.999979
23.229978,-3792.8301,0.26160722,0.59116314,0.10240689,5.2344438,0.060506745,79.999979
23.239978,-3791.7536,0.26227577,0.52551467,0.099250036,5.2070291,0.052157391,79.999979
23.249978,-3795.5356,0.2622877,0.50573987,0.14290814,3.8300619,0.073240244,79.999979
23.259978,-3796.6311,0.26220046,0.50362655,0.11248718,4.0802912,0.057083114,79.999979
23.269978,-3796.6311,0.26220046,0.54190366,0.11210541,4.3230262,0.06095143,79.999979
23.279978,-3796.6311,0.26173523,0.58009969,0.11172365,4.8594889,0.064825023,79.999979
23.289978,-3795.8456,0.26125283,0.52646973,0.14094443,3.7849273,0.074676058,79.999979
23.299978,-3798.3854,0.26230988,0.48940326,0.11581619,4.2128377,0.056675131,79.999979
23.309978,-3799.7082,0.26172329,0.55043066,0.11910767,4.1349288,0.06295449,79.999979
23.319978,-3800.3635,0.2607397,0.56555783,0.12714833,3.8543503,0.072132523,79.999979
23.329978,-3800.3635,0.2607397,0.57154568,0.12144256,4.3758607,0.070386565,79.999979
23.339978,-3800.7847,0.2607397,0.55463826,0.12060183,4.6022066,0.069634211,79.999979
23.349978,-3801.476,0.26090503,0.51567051,0.12756623,4.3585519,0.069839225,79.999979
23.359978,-3801.5469,0.26107044,0.50567629,0.13811655,4.0525332,0.069864949,79.999979
23.369978,-3798.8752,0.26087891,0.50810185,0.11564757,4.5685917,0.058751546,79.999979
23.379978,-3801.2506,0.26090272,0.60348399,0.11920929,5.0048183,0.072475002,79.999979
23.389978,-3801.4905,0.26107263,0.50255951,0.11761971,4.4023156,0.061603931,79.999979
23.399978,-3801.4905,0.26132608,0.50404454,0.11457932,4.2977703,0.060341556,79.999979
23.409978,-3801.2568,0.26157953,0.50599282,0.11706412,4.215402,0.058964367,79.999979
23.419978,-3797.303,0.26152126,0.51772137,0.14657337,3.9110144,0.071554948,79.999979
23.429978,-3799.64,0.26163599,0.51679838,0.11062385,4.5762303,0.057125111,79.999979
23.439978,-3800.6296,0.26217031,0.51134541,0.10092914,5.0643782,0.052807439,79.999979
23.449978,-3800.2637,0.26229388,0.51886025,0.11437543,4.6060498,0.061903886,79.999979
23.459978,-3800.8859,0.26229388,0.50678253,0.13179583,3.9864991,0.064964434,79.999979
23.469978,-3800.8859,0.26229388,0.51594082,0.14921622,3.3669485,0.067420939,79.999979
23.479978,-3802.2533,0.26139781,0.507087,0.11964122,4.0346389,0.06193504,79.999979
23.489978,-3807.6799,0.26203096,0.49830232,0.13897338,3.5315609,0.05892142,79.999979
23.499978,-3805.1992,0.26180631,0.5257561,0.10981711,3.8927748,0.056848441,79.999979
23.509978,-3806.1792,0.26140668,0.51010239,0.11892144,3.3893048,0.078569751,79.999979
23.519978,-3806.1792,0.26124366,0.50443099,0.11774413,4.1974448,0.069803959,79.999979
23.529978,-3806.1792,0.26122701,0.49875959,0.11656683,4.1850165,0.061038167,79.999979
23.539978,-3806.4163,0.26122701,0.51474908,0.12915067,3.8890796,0.066538575,79.999979
23.549978,-3803.4626,0.2618778,0.51159257,0.17052749,3.2420228,0.08703886,79.999979
23.559978,-3805.9014,0.26154284,0.5392663,0.12128959,4.9624842,0.066194789,79.999979
23.569978,-3809.5218,0.26110605,0.48549291,0.11591731,4.3911992,0.056770172,79.999979
23.579978,-3808.9871,0.26087205,0.51519907,0.12155795,3.9385033,0.066591843,79.999979
23.589978,-3808.4525,0.26063804,0.54490522,0.1375452,3.7988255,0.076413514,79.999979
23.599977,-3807.9178,0.26054971,0.51288988,0.11102017,4.6413473,0.056882196,79.999979
23.609977,-3811.3283,0.26188091,0.50808441,0.13321987,4.0039462,0.067351326,79.999979
23.619977,-3814.0308,0.26194979,0.55467464,0.11245093,4.1580296,0.06263809,79.999979
23.629977,-3815.7208,0.26116458,0.61552406,0.11726259,5.1148051,0.073206817,79.999979
23.639977,-3816.1368,0.26137453,0.51061246,0.11046145,4.8254851,0.059321154,79.999979
23.649977,-3816.4051,0.26158449,0.51174272,0.12849397,4.1423951,0.068642662,79.999979
23.659977,-3816.6734,0.26171716,0.49588674,0.13385547,3.6399331,0.064714943,79.999979
23.669977,-3820.9496,0.26033307,0.48218435,0.11423499,4.1241389,0.055061411,79.999979
23.679977,-3827.8306,0.26106369,0.48451951,0.11179753,4.2477589,0.054125008,79.999979
23.689977,-3826.0351,0.26017893,0.48685466,0.10936007,4.3713788,0.053188604,79.999979
23.699977,-3828.5498,0.26081352,0.48918981,0.10692261,4.4949988,0.0522522,79.999979
23.709977,-3828.9579,0.26096093,0.49152497,0.10448516,4.6186187,0.051315796,79.999979
23.719977,-3829.7087,0.26111174,0.49386012,0.1020477,4.7422387,0.050379392,79.999979
23.729977,-3830.1411,0.26076185,0.49434285,0.09739313,4.9859967,0.048160335,79.999979
23.739977,-3832.8585,0.26028883,0.49251176,0.089969225,5.4162901,0.044339148,79.999979
23.749977,-3829.8838,0.26038806,0.49068067,0.082545319,5.8465834,0.04051796,79.999979
23.759977,-3832.9867,0.26073465,0.48891854,0.082262328,5.9343694,0.0401912,79.999979
23.769977,-3832.767,0.26098894,0.48721024,0.087552749,5.6227048,0.042591805,79.999979
23.779977,-3835.1888,0.26072838,0.48550194,0.092843169,5.3110401,0.04499241,79.999979
23.789977,-3838.0618,0.26015586,0.48379363,0.098133589,4.9993755,0.047393015,79.999979
23.799977,-3837.445,0.2598163,0.48208533,0.10342401,4.6877109,0.04979362,79.999979
23.809977,-3841.8324,0.25985967,0.48037702,0.10871443,4.3760463,0.052194225,79.999979
23.819977,-3846.1227,0.26049874,0.48213188,0.11175676,4.2117426,0.053708839,79.999979
23.829977,-3846.8123,0.26065062,0.48888391,0.11075057,4.3128165,0.053945013,79.999979
23.839977,-3848.0819,0.26059717,0.49563594,0.10974438,4.4138904,0.054181186,79.999979
23.849977,-3848.1743,0.2602319,0.50238797,0.10873819,4.5149643,0.054417359,79.999979
23.859977,-3850.9457,0.2597487,0.50914,0.107732,4.6160382,0.054653533,79.999979
23.869977,-3853.2637,0.25962335,0.51589202,0.10672581,4.7171121,0.054889706,79.999979
23.879977,-3940.4568,0.25872329,0.52264405,0.10571963,4.818186,0.055125879,79.999979
23.889977,-4008.6779,0.25595337,0.52939608,0.10471344,4.9192598,0.055362053,79.999979
23.899977,-4008.6779,0.25332733,0.53614811,0.10370725,5.0203337,0.055598226,79.999979
23.909977,-4009.7198,0.25312811,0.48035022,0.12735725,3.7623268,0.0612078,79.999979
23.919977,-4009.5296,0.25356609,0.49202463,0.096965115,5.0427817,0.048068467,79.999979
23.929977,-4011.4875,0.25400035,0.50512918,0.14854334,3.9246769,0.075030404,79.999979
23.939977,-4010.5824,0.25431073,0.51602955,0.12794059,3.9532037,0.06728157,79.999979
23.949977,-4009.9577,0.25423826,0.51201293,0.10540665,4.7805245,0.06434948,79.999979
23.959977,-4009.333,0.25429837,0.51731843,0.10246532,4.9365684,0.059723204,79.999979
23.969977,-4008.7083,0.25447624,0.51871243,0.10558332,4.8298214,0.053912371,79.999979
23.979977,-4008.7851,0.25462611,0.52127067,0.11735248,3.961328,0.058982319,79.999979
23.989977,-4010.5708,0.25437357,0.53841273,0.1140485,4.4220583,0.06246759,79.999979
23.999977,-4011.2814,0.25441147,0.63268018,0.097614257,5.550283,0.061744127,79.999979
24.009977,-4011.1936,0.2545577,0.54981684,0.11179039,4.9793232,0.061309712,79.999979
24.019977,-4011.0954,0.2547276,0.52176889,0.12193759,4.44111,0.06340449,79.999979
24.029977,-4010.9972,0.25493806,0.49952747,0.13208479,3.9028968,0.064724369,79.999979
24.039977,-4011.1555,0.25514852,0.54776686,0.12613229,4.3842601,0.069188569,79.999979
24.049977,-4012.3622,0.25438064,0.61539592,0.10444525,5.7397776,0.065194681,79.999979
24.059977,-4010.1272,0.25390065,0.53420276,0.1116251,4.6961115,0.059815873,79.999979
24.069977,-4009.7808,0.25404233,0.54505401,0.12126695,4.5807868,0.066100151,79.999979
24.079977,-4009.7808,0.25404233,0.54075136,0.14045054,4.1470931,0.074628232,79.999979
24.089977,-4009.7808,0.25404233,0.5095093,0.13453377,3.7630308,0.068261397,79.999979
24.099977,-4009.9709,0.25404233,0.62800252,0.10710561,5.5225568,0.067134329,79.999979
24.109977,-4011.3877,0.25474207,0.51593745,0.13031045,4.3970312,0.067542862,79.999979
24.119977,-4012.3551,0.25384183,0.53731842,0.11139758,4.5781993,0.059517714,79.999979
24.129977,-4013.9813,0.25401506,0.54130302,0.15526498,3.4070429,0.078513886,79.999979
24.139977,-4013.9813,0.25412278,0.51809519,0.12687396,3.9822724,0.065315062,79.999979
24.149977,-4013.9813,0.25423049,0.52386763,0.13803782,3.7556609,0.073410934,79.999979
24.159977,-4013.9813,0.25433821,0.53456266,0.1354008,3.810698,0.07348613,79.999979
24.169977,-4013.987,0.2543672,0.5240204,0.11478387,4.7310887,0.059432804,79.999979
24.179977,-4012.2535,0.25414709,0.51274384,0.13206843,4.0313536,0.067749073,79.999979
24.189977,-4010.8838,0.25436521,0.58174622,0.13037041,4.3156718,0.07583313,79.999979
24.199977,-4011.4193,0.25420584,0.57194235,0.12014665,4.7643506,0.070509881,79.999979
24.209977,-4012.0323,0.25404648,0.55962161,0.12495651,4.7091093,0.070213999,79.999979
24.219977,-4012.6453,0.25388711,0.55563761,0.13114567,4.2261134,0.073071223,79.999979
24.229977,-4013.2582,0.25381546,0.59706661,0.11835574,4.7242877,0.067485167,79.999979
24.239977,-4012.109,0.25400664,0.57414081,0.1351011,4.1007933,0.077631972,79.999979
24.249977,-4012.2201,0.25383877,0.61873259,0.12494874,4.5364616,0.07735123,79.999979
24.259977,-4012.6332,0.25374427,0.55997323,0.12374346,5.2110343,0.071160186,79.999979
24.269977,-4013.0463,0.25368323,0.56260244,0.15252482,4.4746261,0.077213655,79.999979
24.279977,-4013.4466,0.25362218,0.57075814,0.13628145,3.551671,0.077527161,79.999979
24.289977,-4013.5381,0.2534479,0.62035399,0.12471711,4.5247952,0.077315928,79.999979
24.299977,-4010.4368,0.25353406,0.63694013,0.12240031,4.6822114,0.081753299,79.999979
24.309977,-4009.8089,0.25402478,0.56287468,0.13436155,4.2330255,0.075709409,79.999979
24.319977,-4009.8089,0.25422013,0.63822885,0.12665385,5.043959,0.075604794,79.999979
24.329977,-4010.0022,0.2544803,0.58546051,0.12209285,4.9402651,0.070117546,79.999979
24.339977,-4010.9812,0.25474047,0.54455053,0.11753184,4.8365711,0.064043067,79.999979
24.349977,-4011.9602,0.25500064,0.56332984,0.11111329,4.7550349,0.063343862,79.999979
24.359977,-4012.5764,0.25414911,0.56622494,0.11698486,4.5469017,0.075275968,79.999979
24.369977,-4013.5833,0.25364117,0.54548377,0.13274103,4.0103287,0.072439264,79.999979
24.379977,-4014.3592,0.25395215,0.55305293,0.11793668,4.8187153,0.06535603,79.999979
24.389977,-4014.6439,0.25417162,0.56375699,0.14673246,3.9884317,0.082722473,79.999979
24.399977,-4014.9287,0.25388825,0.53759679,0.17552824,3.1581481,0.087568976,79.999979
24.409977,-4015.2127,0.25360488,0.54036217,0.10610511,5.4074725,0.057338214,79.999979
24.419977,-4014.6475,0.25348492,0.60333198,0.10402426,5.3345058,0.062716922,79.999979
24.429977,-4012.7632,0.25383794,0.57061175,0.14111628,3.9810107,0.080591672,79.999979
24.439977,-4012.929,0.25349862,0.57716493,0.1376697,4.0878481,0.075928333,79.999979
24.449977,-4013.5847,0.2534358,0.57441175,0.13465273,4.1272315,0.076846166,79.999979
24.459977,-4014.2404,0.25337299,0.5861426,0.13062327,4.1666149,0.076470439,79.999979
24.469977,-4014.8961,0.25331017,0.6192455,0.12852468,4.6678573,0.079820452,79.999979
24.479977,-4015.0604,0.2532848,0.61614493,0.13917477,2.9793058,0.073056123,79.999979
24.489977,-4016.0102,0.25349129,0.56988685,0.1381398,3.9444013,0.077482606,79.999979
24.499977,-4016.0502,0.25352401,0.62109269,0.13996396,4.260209,0.086868592,79.999979
24.509977,-4016.3416,0.25357522,0.65442363,0.12652183,4.6127236,0.082776278,79.999979
24.519977,-4016.6331,0.25362642,0.61066801,0.1058095,4.9652382,0.064835898,79.999979
24.529977,-4016.9245,0.25367763,0.59581782,0.10476352,6.1600044,0.063754975,79.999979
24.539977,-4015.3675,0.25323192,0.64710953,0.13145699,4.8227305,0.085071739,79.999979
24.549977,-4013.6156,0.25335797,0.55264361,0.1444003,4.0120353,0.0730247,79.999979
24.559977,-4015.6607,0.25350825,0.54471362,0.15178868,3.90933,0.08698203,79.999979
24.569977,-4015.6607,0.25350825,0.58519332,0.13415623,4.5719308,0.080694929,79.999979
24.579977,-4015.6607,0.25350825,0.5509644,0.13466086,4.400302,0.072960745,79.999979
24.589977,-4015.6607,0.25350849,0.54185483,0.12928343,4.0772563,0.070415376,79.999979
24.599977,-4015.6726,0.25351085,0.60586438,0.13052576,4.3440771,0.079206801,79.999979
24.609977,-4016.3002,0.2532756,0.5705032,0.13878079,4.5951264,0.07904195,79.999979
24.619977,-4017.9719,0.25328116,0.53718236,0.12143959,4.21331,0.065844236,79.999979
24.629977,-4017.7078,0.25338952,0.61272916,0.12737736,4.8965264,0.078065347,79.999979
24.639977,-4017.1547,0.25349788,0.57153032,0.13708947,4.6908321,0.079643263,79.999979
24.649976,-4016.6017,0.25360624,0.55564174,0.15390331,4.2501322,0.085322403,79.999979
24.659976,-4016.1167,0.25411821,0.57107652,0.11822569,4.3957451,0.069556935,79.999979
24.669976,-4015.654,0.25437181,0.55647327,0.11989139,4.7394584,0.066879169,79.999979
24.679976,-4017.0104,0.25340952,0.52860193,0.17205471,3.5277688,0.090917032,79.999979
24.689976,-4017.7041,0.25301221,0.57407954,0.13721955,4.0045734,0.076366135,79.999979
24.699976,-4017.9048,0.25294301,0.55847923,0.12337924,4.2334981,0.070545992,79.999979
24.709976,-4018.1055,0.2528738,0.54935823,0.12517643,4.4624227,0.068862723,79.999979
24.719976,-4018.5402,0.2528046,0.57605992,0.11829593,4.6772172,0.078696891,79.999979
24.729976,-4020.6606,0.25339081,0.56786947,0.114207,4.4902684,0.065142369,79.999979
24.739976,-4021.2553,0.25313786,0.57977441,0.13208366,4.3280954,0.076612932,79.999979
24.749976,-4020.1039,0.25298849,0.55634454,0.1350642,3.9196318,0.075047699,79.999979
24.759976,-4019.0299,0.25310219,0.56787655,0.11560012,4.428911,0.066054278,79.999979
24.769976,-4018.4723,0.25321588,0.54651461,0.11221046,4.9381902,0.062496728,79.999979
24.779976,-4017.9148,0.25332957,0.55450971,0.11331124,4.6468288,0.062817273,79.999979
24.789976,-4018.4552,0.25356677,0.58339377,0.13260591,4.3612281,0.077362749,79.999979
24.799976,-4019.711,0.25371627,0.55509627,0.13253091,4.0884108,0.07356825,79.999979
24.809976,-4019.8712,0.25394448,0.53916578,0.1306153,3.9410668,0.07015288,79.999979
24.819976,-4020.0545,0.2541598,0.58008541,0.14731915,3.8111958,0.082445709,79.999979
24.829976,-4020.476,0.25407811,0.54092417,0.13561646,3.9710047,0.073281202,79.999979
24.839976,-4020.8974,0.25398307,0.54389957,0.12614404,4.1785846,0.06852571,79.999979
24.849976,-4021.3188,0.25388803,0.56581946,0.12138203,4.5527512,0.071005792,79.999979
24.859976,-4020.0121,0.2538163,0.5755294,0.14178921,4.4690445,0.081391301,79.999979
24.869976,-4017.1914,0.254014,0.68320713,0.13631154,4.9181757,0.093179115,79.999979
24.879976,-4017.273,0.25363383,0.60505906,0.13326035,4.5280317,0.080579083,79.999979
24.889976,-4017.6244,0.25344826,0.62637875,0.12965675,4.9456487,0.07479448,79.999979
24.899976,-4017.9758,0.25319487,0.68585432,0.119171,4.667241,0.082271318,79.999979
24.909976,-4018.3272,0.25294147,0.63198637,0.10868525,6.1401288,0.07075148,79.999979
24.919976,-4019.1809,0.25268808,0.6252811,0.15744365,3.769979,0.091772789,79.999979
24.929976,-4019.648,0.25262115,0.56090435,0.11540006,5.2230435,0.066055611,79.999979
24.939976,-4021.3184,0.2531467,0.52731442,0.14881013,3.4593849,0.065541054,79.999979
24.949976,-4021.2251,0.25368647,0.58279891,0.13697041,4.7216809,0.083031665,79.999979
24.959976,-4020.846,0.25368647,0.62357831,0.18314632,4.4110625,0.11086881,79.999979
24.969976,-4020.4669,0.25368647,0.58490601,0.17242639,3.3161167,0.10027206,79.999979
24.979976,-4020.3875,0.25368647,0.58181927,0.11778204,4.6814294,0.068535879,79.999979
24.989976,-4019.3735,0.25370456,0.57986759,0.11982251,4.3415122,0.06944336,79.999979
24.999976,-4019.6892,0.25394998,0.61506523,0.13168624,5.1335214,0.059855325,79.999979
25.009976,-4020.4543,0.25380802,0.59571275,0.15784191,3.8517787,0.094619032,79.999979
25.019976,-4020.9654,0.25360427,0.56503536,0.13162282,4.4004454,0.083200258,79.999979
25.029976,-4021.4765,0.25340053,0.53435797,0.12933996,4.1243789,0.071781484,79.999979
25.039976,-4021.9876,0.25319678,0.56511729,0.13453912,4.0700504,0.076094365,79.999979
25.049976,-4022.2035,0.25311907,0.62934022,0.12620827,4.474527,0.079117492,79.999979
25.059976,-4023.0833,0.25263272,0.65049617,0.13404764,4.6904697,0.085487335,79.999979
25.069976,-4023.8107,0.25263978,0.57968002,0.15443174,4.8689574,0.078533175,79.999979
25.079976,-4023.4132,0.25270382,0.55973966,0.1416973,3.6999582,0.078027818,79.999979
25.089976,-4023.0157,0.25276785,0.54405494,0.12844147,3.8718169,0.069982115,79.999979
25.099976,-4022.6183,0.25283189,0.54789131,0.14718246,3.8290311,0.082481514,79.999979
25.109976,-4020.2048,0.25314165,0.57299473,0.11679068,4.4869994,0.099949,79.999979
25.119976,-4019.4539,0.25385079,0.9544924,0.20852073,4.4335256,0.40300856,79.999979
25.129976,-4025.2267,0.25304448,1.3359901,0.30025079,4.3800517,0.70606811,79.999979
25.139976,-4023.4928,0.252576,1.7174877,0.39198085,4.3265779,1.0091277,79.999979
25.149976,-4022.7298,0.25288595,2.0989854,0.48371091,4.2731041,1.3121872,79.999979
25.159976,-4022.6386,0.25318956,2.4804831,0.57544097,4.2196302,1.6152468,79.999979
25.169976,-4024.1479,0.25389879,2.8619808,0.66717102,4.1661564,1.9183063,79.999979
25.179976,-4029.2049,0.25303891,2.8909152,0.67652323,4.1714224,1.94426,79.999979
25.189976,-4034.8827,0.25338542,2.9047004,0.67735875,4.186618,1.9583067,79.999979
25.199976,-4038.7991,0.25274002,2.9184856,0.67819427,4.2018137,1.9723533,79.999979
25.209976,-4039.189,0.25258613,2.9322707,0.67902978,4.2170094,1.9864,79.999979
25.219976,-4039.732,0.25365185,2.9460559,0.6798653,4.232205,2.0004467,79.999979
25.229976,-4035.176,0.25330562,2.9598411,0.68070082,4.2474007,2.0144933,79.999979
25.239976,-4037.7577,0.25112954,2.9632419,0.67935292,4.2613858,2.0130715,79.999979
25.249976,-4038.4053,0.25246677,2.9651633,0.67769399,4.275111,2.0094461,79.999979
25.259976,-4038.6649,0.25251325,2.9670848,0.67603505,4.2888363,2.0058206,79.999979
25.269976,-4039.0652,0.25221591,2.9690063,0.67437612,4.3025615,2.0021952,79.999979
25.279976,-4040.6398,0.25220758,2.9709278,0.67271718,4.3162868,1.9985698,79.999979
25.289976,-4041.1545,0.25222993,2.9728492,0.67105825,4.330012,1.9949443,79.999979
25.299976,-4038.6067,0.25356045,2.9768387,0.67123375,4.3344706,1.9988841,79.999979
25.309976,-4042.2062,0.25250411,2.9835493,0.6743924,4.3238599,2.0127786,79.999979
25.319976,-4042.9262,0.25263558,2.99026,0.67755105,4.3132491,2.0266732,79.999979
25.329976,-4042.196,0.25228495,2.9969706,0.6807097,4.3026383,2.0405677,79.999979
25.339976,-4043.9849,0.25245642,3.0036813,0.68386835,4.2920276,2.0544623,79.999979
25.349976,-4044.6846,0.25270597,3.010392,0.68702701,4.2814168,2.0683568,79.999979
25.359976,-4167.7275,0.24909265,2.9889975,0.68373795,4.3611505,2.0466874,79.999979
25.369976,-4162.7472,0.25020418,3.0076695,0.7141199,4.0452166,2.1123089,79.999979
25.379976,-4155.3143,0.24888474,3.039732,0.72884002,4.0727831,2.172322,79.999979
25.389976,-4149.5719,0.24894076,3.0242867,0.72527128,4.0805865,2.1914967,79.999979
25.399976,-4144.6781,0.24899678,3.0262287,0.72170255,4.0883899,2.1687221,79.999979
25.409976,-4139.7844,0.24902304,3.0529949,0.70135962,4.2153446,2.1464184,79.999979
25.419976,-4115.5308,0.25098449,3.0065815,0.72956919,4.0720244,2.1934311,79.999979
25.429976,-4094.1827,0.25167548,3.057527,0.71206393,4.1899366,2.1770199,79.999979
25.439976,-4068.3192,0.25446386,3.0427137,0.70750403,4.194921,2.14957,79.999979
25.449976,-4064.5395,0.25464198,3.040961,0.70703559,4.2018442,2.1511963,79.999979
25.459976,-4060.7597,0.2548201,3.0357456,0.70662869,4.2087675,2.1473155,79.999979
25.469976,-4056.9799,0.25499822,3.0305302,0.7070655,4.1989579,2.1434348,79.999979
25.479976,-4055.3557,0.25517633,3.0895508,0.7190793,4.1839353,2.2255679,79.999979
25.489976,-4031.7712,0.25480339,3.0576929,0.70469133,4.2433779,2.1547459,79.999979
25.499976,-4012.9809,0.25420594,3.0369556,0.7155166,4.1730539,2.173413,79.999979
25.509976,-4012.9809,0.254289,3.1043306,0.73612223,4.1021173,2.2521645,79.999979
25.519976,-4011.1642,0.25438514,3.0926707,0.73845536,4.0978929,2.2605361,79.999979
25.529976,-4006.2607,0.25448127,3.0821788,0.72891137,4.1271737,2.2426502,79.999979
25.539976,-3988.031,0.25555713,3.1038395,0.70844912,4.2738034,2.1990874,79.999979
25.549976,-3972.3763,0.25697207,3.0937209,0.71627961,4.2236008,2.2159677,79.999979
25.559976,-3938.9604,0.25708085,3.0891744,0.69661395,4.2686838,2.1519648,79.999979
25.569976,-3933.4121,0.25758379,3.0875717,0.70768771,4.2665465,2.183135,79.999979
25.579976,-3933.4121,0.25758379,3.0839389,0.71323362,4.2309902,2.2002968,79.999979
25.589976,-3931.7206,0.25758379,3.0821003,0.7195294,4.1821458,2.217669,79.999979
25.599976,-3909.7434,0.25952159,3.0951602,0.76009781,3.9575586,2.3370229,79.999979
25.609976,-3876.3546,0.26003437,3.1000805,0.71215587,4.2617684,2.2507773,79.999979
25.619976,-3850.9505,0.2599248,3.1057352,0.7198682,4.2754829,2.2408345,79.999979
25.629976,-3833.8431,0.26078293,3.1017723,0.72393028,4.199043,2.2438528,79.999979
25.639976,-3833.8431,0.26078293,3.097395,0.72434604,4.1789119,2.239847,79.999979
25.649976,-3833.8431,0.26078293,3.1079022,0.71346839,4.1587809,2.2165106,79.999979
25.659976,-3832.4235,0.26191489,3.0937344,0.71581195,4.2313934,2.2026321,79.999979
25.669976,-3801.3513,0.2631038,0.68087103,0.14551663,4.4219884,0.096928489,79.999979
25.679976,-3786.6932,0.26325516,0.58466993,0.13071097,4.199066,0.076800837,79.999979
25.689976,-3762.2326,0.26347944,0.54654359,0.11810074,4.498445,0.064425952,79.999979
25.699975,-3759.2531,0.26362014,0.59740384,0.11301764,5.2631727,0.070182935,79.999979
25.709975,-3756.2735,0.26376084,0.5390497,0.1457094,4.2792788,0.078488932,79.999979
25.719975,-3753.2939,0.26382189,0.49822903,0.15018292,3.1563647,0.074486818,79.999979
25.729975,-3753.7786,0.26385224,0.48453398,0.1351833,4.1857951,0.058954083,79.999979
25.739975,-3762.8165,0.26303717,0.547866,0.1249405,4.0749924,0.07498481,79.999979
25.749975,-3763.9945,0.26309117,0.62806363,0.12200959,5.0708988,0.075537331,79.999979
25.759975,-3764.7412,0.26293196,0.60063913,0.12135421,4.9770444,0.07268313,79.999979
25.769975,-3765.4879,0.26297675,0.56110477,0.13547106,4.88319,0.07694922,79.999979
25.779975,-3766.0945,0.26305452,0.52286116,0.15232247,4.3376172,0.079587632,79.999979
25.789975,-3765.9764,0.2629903,0.48188207,0.11114249,4.6182717,0.054528571,79.999979
25.799975,-3766.2612,0.26238131,0.48088302,0.10019126,4.7322164,0.048155879,79.999979
25.809975,-3766.6716,0.26348603,0.56864974,0.12794601,3.6195333,0.072670494,79.999979
25.819975,-3767.4374,0.26404427,0.55478287,0.14080998,4.1310842,0.078761553,79.999979
25.829975,-3768.1619,0.26390417,0.5149939,0.11662935,4.767079,0.062703986,79.999979
25.839975,-3768.9684,0.26328249,0.5026833,0.10553771,5.1072876,0.054105679,79.999979
25.849975,-3771.7474,0.26265679,0.51044058,0.12134662,4.0078666,0.062151089,79.999979
25.859975,-3774.4057,0.26250688,0.520543,0.12524379,4.0603235,0.065194777,79.999979
25.869975,-3775.8169,0.26330193,0.52378549,0.12749675,5.2088582,0.066694172,79.999979
25.879975,-3775.5255,0.2622798,0.49872308,0.11789005,4.127386,0.061217363,79.999979
25.889975,-3775.7616,0.26150389,0.52679991,0.12634501,4.0912413,0.066606087,79.999979
25.899975,-3775.9976,0.26163893,0.50734179,0.11702639,4.0550967,0.059114434,79.999979
25.909975,-3776.1126,0.26177398,0.58791261,0.12213375,4.3331846,0.072683781,79.999979
25.919975,-3782.1219,0.26236347,0.50155522,0.12035794,4.1375284,0.059920889,79.999979
25.929975,-3782.0629,0.26230379,0.51965415,0.10161941,5.2248032,0.051683389,79.999979
25.939975,-3783.1027,0.26206174,0.51480523,0.14174071,3.4619407,0.072976036,79.999979
25.949975,-3783.8223,0.2620272,0.51329768,0.11893219,3.8362901,0.061054725,79.999979
25.959975,-3784.542,0.26185543,0.50303782,0.12954199,4.2106394,0.065524348,79.999979
25.969975,-3785.3738,0.26167242,0.49887566,0.1499254,3.4146938,0.071534269,79.999979
25.979975,-3786.6276,0.26284312,0.54477157,0.12327879,4.1459854,0.060516601,79.999979
25.989975,-3786.9484,0.26217085,0.53418933,0.11425893,5.4353096,0.060893811,79.999979
25.999975,-3790.5889,0.26239736,0.52447999,0.10673201,4.6447351,0.055660306,79.999979
26.009975,-3790.8424,0.26272771,0.51382533,0.12021725,4.1654945,0.05978179,79.999979
26.019975,-3790.7164,0.26257776,0.56524134,0.1228991,4.2735984,0.068695361,79.999979
26.029975,-3790.5905,0.26206917,0.57018188,0.11807173,4.7296932,0.067816018,79.999979
26.039975,-3788.8471,0.26202712,0.52107545,0.12718932,3.8728052,0.066368041,79.999979
26.049975,-3793.3001,0.26249205,0.54469102,0.12138162,4.6884586,0.064011974,79.999979
26.059975,-3794.2651,0.26243447,0.53567863,0.11936491,4.4159612,0.063936507,79.999979
26.069975,-3793.1967,0.2621121,0.48406011,0.11059333,4.6907431,0.05095297,79.999979
26.079975,-3793.2978,0.26226861,0.49480096,0.11474748,4.1150583,0.053231349,79.999979
26.089975,-3793.3989,0.26242513,0.50554181,0.11019625,4.4584227,0.055509728,79.999979
26.099975,-3795.7894,0.26167216,0.52477735,0.13329599,4.3837575,0.069849379,79.999979
26.109975,-3798.1655,0.26192536,0.52522715,0.1026845,5.27946,0.056521064,79.999979
26.119975,-3798.1143,0.26177205,0.51942444,0.10167864,5.1070853,0.052811385,79.999979
26.129975,-3799.5981,0.2616869,0.53515623,0.14679719,3.4160002,0.076004789,79.999979
26.139975,-3799.8353,0.2620365,0.5649384,0.13659561,3.6168994,0.0702704,79.999979
26.149975,-3800.0724,0.26248388,0.59472057,0.11269106,5.1052974,0.064536012,79.999979
26.159975,-3800.3095,0.26294584,0.55585052,0.11187224,4.9988229,0.062101468,79.999979
26.169975,-3798.9983,0.26107985,0.51591801,0.116783,3.6824566,0.059974343,79.999979
26.179975,-3799.9116,0.26193101,0.50565715,0.1193441,4.1979066,0.056453976,79.999979
26.189975,-3801.5068,0.26211607,0.5599811,0.099137562,5.6828892,0.057960267,79.999979
26.199975,-3801.7471,0.26210374,0.55008295,0.12099602,5.1608968,0.066437277,79.999979
26.209975,-3800.8503,0.26209142,0.51813145,0.11714222,4.6389044,0.059900135,79.999979
26.219975,-3799.9536,0.26163359,0.49785282,0.1090121,4.4700517,0.05707154,79.999979
26.229975,-3802.7461,0.26180293,0.49927899,0.10824187,4.8776501,0.057667085,79.999979
26.239975,-3804.3069,0.2622885,0.49270568,0.11396905,4.3357393,0.058698116,79.999979
26.249975,-3803.1231,0.26263089,0.55863901,0.12384561,4.4112577,0.069186634,79.999979
26.259975,-3804.5042,0.26237028,0.52053862,0.11779394,4.3999988,0.061338482,79.999979
26.269975,-3805.8853,0.26213857,0.5248806,0.11346533,4.3887398,0.059747252,79.999979
26.279975,-3807.2907,0.26190687,0.56256244,0.11030957,4.5760177,0.059747638,79.999979
26.289975,-3810.5766,0.26141866,0.60694886,0.11278367,5.1339483,0.067630886,79.999979
26.299975,-3812.1018,0.26197531,0.50554723,0.136891,3.8454649,0.069199948,79.999979
26.309975,-3817.8386,0.26126403,0.55805355,0.11343474,4.6320877,0.061044759,79.999979
26.319975,-3818.364,0.26146849,0.54034792,0.10906267,5.0967032,0.05872952,79.999979
26.329975,-3818.9329,0.26159857,0.49230783,0.11388349,4.6354741,0.056065248,79.999979
26.339975,-3819.5019,0.26149763,0.51627687,0.11870431,4.1742451,0.055945637,79.999979
26.349975,-3821.0377,0.2613967,0.50447587,0.10128929,5.1114873,0.051050245,79.999979
26.359975,-3818.4011,0.26056828,0.51558426,0.1221592,4.5526632,0.061293961,79.999979
26.369975,-3823.7274,0.26095869,0.50187348,0.10801677,4.7706176,0.053926348,79.999979
26.379975,-3825.2854,0.26063381,0.52523218,0.12806051,4.1095096,0.067255448,79.999979
26.389975,-3825.2854,0.26064912,0.52598547,0.11575575,4.1362439,0.06088575,79.999979
26.399975,-3825.2854,0.26064912,0.53816254,0.10345098,4.9001706,0.05613911,79.999979
26.409975,-3823.9957,0.26064912,0.58118929,0.097583436,5.4507123,0.065772471,79.999979
26.419975,-3824.1283,0.25970464,0.52357091,0.10348795,4.6673209,0.054118367,79.999979
26.429975,-3825.8982,0.26038967,0.59383166,0.12364537,4.8020188,0.070912671,79.999979
26.439975,-3825.3263,0.26071221,0.50821309,0.11499063,4.3646155,0.058268158,79.999979
26.449975,-3824.824,0.26071576,0.47120978,0.111806,4.1148433,0.053566368,79.999979
26.459975,-3824.3216,0.26071931,0.5009151,0.12546593,3.9534312,0.063203153,79.999979
26.469975,-3825.2135,0.26072274,0.55075298,0.11818615,4.2885606,0.064653305,79.999979
26.479975,-3827.7642,0.2616541,0.51178609,0.12365351,4.0694253,0.062977658,79.999979
26.489975,-3829.7531,0.26072097,0.52909719,0.1068526,4.537679,0.056566978,79.999979
26.499975,-3832.4876,0.26011536,0.51283426,0.15430605,4.4446933,0.071292509,79.999979
26.509975,-3832.598,0.26015309,0.51396126,0.14510568,3.2288248,0.070434871,79.999979
26.519975,-3832.7084,0.26060505,0.51508827,0.1359053,3.6065961,0.069577232,79.999979
26.529975,-3832.7845,0.26106239,0.53060421,0.14824539,3.4963566,0.080529296,79.999979
26.539975,-3833.1775,0.26067236,0.54330882,0.10332847,4.6943498,0.056045059,79.999979
26.549975,-3832.367,0.25981056,0.50728323,0.11394024,4.2178697,0.057699842,79.999979
26.559975,-3831.1386,0.26111336,0.49060153,0.1304709,3.7810412,0.055470845,79.999979
26.569975,-3830.6788,0.26057215,0.51640871,0.11675123,4.1224782,0.060240581,79.999979
26.579975,-3830.2096,0.26047518,0.51646762,0.11326319,4.4049679,0.064626485,79.999979
26.589975,-3829.2211,0.26054912,0.4912892,0.13788137,4.1217044,0.069862578,79.999979
26.599975,-3826.8364,0.26024945,0.47566181,0.099644195,4.6054423,0.057232712,79.999979
26.609975,-3828.2303,0.26090668,0.48872806,0.10697695,5.0735205,0.052237073,79.999979
26.619975,-3827.5488,0.2609463,0.51172289,0.12455527,4.0798261,0.063815745,79.999979
26.629975,-3826.4381,0.26072543,0.52938081,0.14448165,3.5640305,0.074885809,79.999979
26.639975,-3826.554,0.26044908,0.55195805,0.14700017,3.5910489,0.080467207,79.999979
26.649975,-3826.67,0.26013175,0.54776185,0.14001223,3.8353421,0.075940623,79.999979
26.659975,-3829.8476,0.26101605,0.51173834,0.11778652,4.4849977,0.058732621,79.999979
26.669975,-3833.0443,0.2602335,0.5110373,0.12271346,4.0397089,0.057038663,79.999979
26.679975,-3832.508,0.2614449,0.48553184,0.13589846,4.3951301,0.070566112,79.999979
26.689975,-3838.3305,0.26090169,0.51468713,0.10206222,4.8429106,0.052471521,79.999979
26.699975,-3837.9941,0.25961318,0.52858379,0.11093793,4.684681,0.062210195,79.999979
26.709975,-3836.6814,0.25971164,0.51302309,0.109596,4.6691599,0.056644185,79.999979
26.719975,-3836.4732,0.2598101,0.50496422,0.10825408,4.6536388,0.053698717,79.999979
26.729975,-3836.3013,0.2601546,0.4980456,0.10317635,4.7311865,0.051151558,79.999979
26.739974,-3839.71,0.26070225,0.51191516,0.099181936,4.5523989,0.050732489,79.999979
26.749974,-3838.831,0.26001621,0.52777289,0.13237055,3.9025668,0.065797452,79.999979
26.759974,-3840.5318,0.26001027,0.51784254,0.10259111,4.9609604,0.053467569,79.999979
26.769974,-3840.5855,0.26000164,0.54189258,0.12068658,4.3284293,0.058605786,79.999979
26.779974,-3840.6393,0.25999301,0.57028076,0.1191383,4.4977184,0.063578349,79.999979
26.789974,-3840.9491,0.25998438,0.574252,0.12709586,4.6307684,0.07231524,79.999979
26.799974,-3841.696,0.26037613,0.54824384,0.12245219,4.4622961,0.067148406,79.999979
26.809974,-3840.6389,0.25943053,0.50191237,0.097971396,4.6169607,0.048796676,79.999979
26.819974,-3843.9438,0.26108908,0.51192735,0.11151644,4.5592905,0.057413859,79.999979
26.829974,-3844.0434,0.26109529,0.52268565,0.13346111,3.956828,0.069820366,79.999979
26.839974,-3843.7408,0.26110264,0.49961594,0.13550026,3.785783,0.06863163,79.999979
26.849974,-3843.4382,0.26110999,0.51881125,0.14786904,3.5873183,0.07679672,79.999979
26.859974,-3842.7058,0.26106964,0.56216676,0.13564679,4.1303661,0.076701525,79.999979
26.869974,-3846.7576,0.26032078,0.52308107,0.12631818,4.4341429,0.058681876,79.999979
26.879974,-3846.7565,0.26093187,0.52214452,0.1011552,5.1025673,0.052327819,79.999979
26.889974,-3850.4533,0.25972199,0.53414031,0.10149849,5.04072,0.054204658,79.999979
26.899974,-3852.515,0.26054768,0.48172769,0.10592597,4.4332206,0.050984924,79.999979
26.909974,-3851.787,0.26015158,0.49743084,0.10488218,4.6383306,0.052060284,79.999979
26.919974,-3853.0315,0.26043213,0.513134,0.10383839,4.8434405,0.053135644,79.999979
26.929974,-3854.0667,0.2603663,0.52883715,0.10279459,5.0485505,0.054211004,79.999979
26.939974,-3854.5063,0.26022002,0.54454031,0.1017508,5.2536604,0.055286364,79.999979
26.949974,-3858.7568,0.26015722,0.56024346,0.10070701,5.4587704,0.056361724,79.999979
26.959974,-3863.0394,0.25965557,0.56515581,0.099959751,5.5618145,0.056498354,79.999979
26.969974,-3865.5168,0.26011328,0.54946555,0.099778652,5.4160849,0.054842691,79.999979
26.979974,-3865.5168,0.26006786,0.5337753,0.099597554,5.2703552,0.053187029,79.999979
26.989974,-3864.6865,0.25996683,0.51808504,0.099416455,5.1246256,0.051531366,79.999979
26.999974,-3864.1921,0.25901766,0.50239478,0.099235356,4.9788959,0.049875703,79.999979
27.009974,-3862.6118,0.26047507,0.48670452,0.099054257,4.8331662,0.048220041,79.999979
27.019974,-3871.2386,0.25874371,0.47778725,0.10169292,4.6571641,0.049148811,79.999979
27.029974,-3870.6158,0.25861227,0.48150797,0.11265145,4.3621082,0.054899974,79.999979
27.039974,-3871.6503,0.25866639,0.48522869,0.12360998,4.0670524,0.060651136,79.999979
27.049974,-3872.249,0.25847004,0.4889494,0.13456851,3.7719965,0.066402298,79.999979
27.059974,-3871.5004,0.25838296,0.49267012,0.14552704,3.4769406,0.072153461,79.999979
27.069974,-3876.6539,0.25896524,0.49639083,0.15648557,3.1818848,0.077904623,79.999979
27.079974,-3881.2101,0.25809707,0.49853779,0.16207935,2.9745996,0.08084297,79.999979
27.089974,-3884.1456,0.25812455,0.49591827,0.15142481,3.2733125,0.07526209,79.999979
27.099974,-3883.7632,0.25862909,0.49329875,0.14077027,3.5720254,0.06968121,79.999979
27.109974,-3882.0157,0.25862909,0.49067923,0.13011573,3.8707383,0.064100329,79.999979
27.119974,-3881.3459,0.25909698,0.48805971,0.11946119,4.1694511,0.058519449,79.999979
27.129974,-3885.2532,0.2588721,0.48544019,0.10880665,4.468164,0.052938569,79.999979
27.139974,-4008.9814,0.25403495,0.57406262,0.1059624,5.2196841,0.06073286,79.999979
27.149974,-4010.8113,0.25413119,0.47896066,0.10354617,4.6661441,0.049552368,79.999979
27.159974,-4010.8113,0.2538839,0.54460828,0.13880805,3.4019991,0.070410373,79.999979
27.169974,-4010.8113,0.2536366,0.54144683,0.12006256,4.6595755,0.074362391,79.999979
27.179974,-4010.8113,0.25338931,0.50560682,0.1315518,3.7627871,0.063958811,79.999979
27.189974,-4011.5682,0.25329952,0.58172187,0.11696321,4.3335882,0.068059621,79.999979
27.199974,-4010.369,0.25338351,0.50246286,0.1169415,3.9205858,0.058532821,79.999979
27.209974,-4010.578,0.2531362,0.49350002,0.11861124,4.0861059,0.061864072,79.999979
27.219974,-4010.787,0.25320985,0.50453396,0.12608398,4.0124925,0.064660735,79.999979
27.229974,-4010.996,0.2532835,0.53199056,0.14460221,3.9388791,0.077160467,79.999979
27.239974,-4011.5182,0.25335715,0.51088567,0.10829758,4.5983804,0.055353403,79.999979
27.249974,-4014.3871,0.25444525,0.57562711,0.1189102,5.0598737,0.068697123,79.999979
27.259974,-4014.0988,0.25445566,0.52681109,0.10849203,5.056615,0.057671574,79.999979
27.269974,-4015.6314,0.25434441,0.53747514,0.10999055,4.7170495,0.059091787,79.999979
27.279974,-4015.8504,0.25426655,0.51354177,0.12367181,4.1520709,0.063607681,79.999979
27.289974,-4016.0694,0.25414886,0.48330842,0.11590837,4.3778902,0.056028706,79.999979
27.299974,-4016.2885,0.25403117,0.49903568,0.10777138,4.4189762,0.053757631,79.999979
27.309974,-4016.0933,0.25391349,0.53557704,0.1150565,4.3977722,0.061635973,79.999979
27.319974,-4013.9773,0.25384891,0.55313973,0.11087041,4.8491601,0.061821705,79.999979
27.329974,-4013.2766,0.25387568,0.54032192,0.13147992,4.0801715,0.071108729,79.999979
27.339974,-4013.7039,0.25402714,0.53332427,0.11851235,4.4064356,0.067963634,79.999979
27.349974,-4014.2549,0.25417859,0.54277097,0.11301066,4.6847739,0.069293033,79.999979
27.359974,-4014.8059,0.25433004,0.55221767,0.12626796,4.3114696,0.070622431,79.999979
27.369974,-4015.2508,0.25357459,0.6139034,0.12502199,4.2032975,0.076755557,79.999979
27.379974,-4014.3986,0.25363144,0.55488993,0.10748406,5.1547356,0.068340449,79.999979
27.389974,-4014.854,0.25444376,0.54817336,0.11715481,4.4338564,0.064688048,79.999979
27.399974,-4015.0299,0.25444376,0.53014543,0.12210581,4.5665325,0.06346376,79.999979
27.409974,-4015.0299,0.25443398,0.5746487,0.13007944,4.2022078,0.074506736,79.999979
27.419974,-4015.0299,0.25435291,0.61915197,0.13805307,4.330833,0.085549713,79.999979
27.429974,-4015.0299,0.25427184,0.54223012,0.13792252,4.5912014,0.069829483,79.999979
27.439974,-4012.3857,0.25414999,0.64917699,0.12772996,3.8321925,0.083072412,79.999979
27.449974,-4011.6014,0.25390598,0.54263416,0.1093679,5.2833928,0.059285391,79.999979
27.459974,-4013.7829,0.25375078,0.61321814,0.1750032,3.2402247,0.097164679,79.999979
27.469974,-4013.8037,0.25362155,0.64017246,0.15493875,3.3182792,0.097315868,79.999979
27.479974,-4013.8245,0.25349231,0.64240632,0.1348743,4.4011777,0.088000835,79.999979
27.489974,-4013.8452,0.25336308,0.580381,0.12986596,4.8500609,0.074567718,79.999979
27.499974,-4013.8567,0.25444955,0.53413967,0.10932529,4.8343324,0.058375303,79.999979
27.509974,-4014.8937,0.25417282,0.56138792,0.1192576,5.0170953,0.066991045,79.999979
27.519974,-4016.6229,0.25359766,0.65602849,0.118872,4.5764124,0.078130171,79.999979
27.529974,-4016.2341,0.25345917,0.60000346,0.11181233,5.5921542,0.068799652,79.999979
27.539974,-4015.8453,0.25332067,0.56204205,0.11147755,5.372168,0.065754432,79.999979
27.549974,-4015.4564,0.25318218,0.5578941,0.13724574,4.4867712,0.068940095,79.999979
27.559974,-4015.1756,0.25286633,0.6413057,0.12856079,4.8932948,0.082538699,79.999979
27.569974,-4015.1946,0.25324255,0.56044445,0.1260177,4.3295464,0.070672937,79.999979
27.579974,-4015.9438,0.25333132,0.55612522,0.12251842,4.6597773,0.068522634,79.999979
27.589974,-4017.2937,0.2534585,0.54327819,0.13064864,3.9970147,0.071152222,79.999979
27.599974,-4018.0126,0.25358567,0.53091027,0.11739043,4.2668779,0.062438445,79.999979
27.609974,-4018.2162,0.25371285,0.55250594,0.11746118,4.6481217,0.065032143,79.999979
27.619974,-4018.4198,0.25370838,0.61178128,0.12684884,4.9501089,0.077635071,79.999979
27.629974,-4019.4564,0.25376573,0.57450369,0.12821579,3.7972652,0.073660729,79.999979
27.639974,-4019.8472,0.25413114,0.59299695,0.15606609,3.8026484,0.094415608,79.999979
27.649974,-4019.4046,0.25413114,0.57532643,0.12874189,4.8678437,0.074400655,79.999979
27.659974,-4018.9619,0.25413114,0.57053375,0.12760551,4.7356835,0.0735934,79.999979
27.669974,-4018.5193,0.25413114,0.56574106,0.12646913,4.6035232,0.072786144,79.999979
27.679974,-4018.0767,0.25413114,0.56094838,0.12614221,4.4643639,0.071978889,79.999979
27.689974,-4017.6341,0.25413114,0.5561557,0.12737506,4.3032412,0.071171633,79.999979
27.699974,-4017.4907,0.25413114,0.57984107,0.11327763,4.9979912,0.071834603,79.999979
27.709974,-4017.4907,0.25413114,0.57779287,0.11973395,4.8851363,0.070145644,79.999979
27.719974,-4017.4907,0.25413114,0.57420932,0.12091436,4.7313473,0.069028588,79.999979
27.729974,-4017.4907,0.25399647,0.57215332,0.11909549,3.8281038,0.083346769,79.999979
27.739974,-4016.783,0.25343686,0.55741279,0.14681203,3.6559935,0.0832111,79.999979
27.749974,-4016.5911,0.25419659,0.56411357,0.12320756,4.2484645,0.069644049,79.999979
27.759974,-4016.6708,0.25376971,0.55049208,0.12148049,4.3143967,0.06690805,79.999979
27.769974,-4016.8124,0.25337915,0.56199813,0.1245931,4.646759,0.070194503,79.999979
27.779974,-4016.9644,0.25337915,0.57969653,0.15872571,4.1565643,0.092059301,79.999979
27.789973,-4016.9644,0.25337915,0.64038346,0.15867071,3.6663696,0.10056151,79.999979
27.799973,-4016.9644,0.25337915,0.61962107,0.13560691,4.473756,0.084491672,79.999979
27.809973,-4017.5416,0.25343293,0.57224999,0.14775113,3.8934235,0.082026834,79.999979
27.819973,-4017.8852,0.25300613,0.58686603,0.12567274,4.5528075,0.073544684,79.999979
27.829973,-4017.2199,0.25296913,0.5997741,0.13278304,4.5302205,0.076393798,79.999979
27.839973,-4016.9247,0.25302836,0.56783411,0.12155544,4.4649847,0.070219791,79.999979
27.849973,-4017.4348,0.25308759,0.57066904,0.11281179,4.8755123,0.064876576,79.999979
27.859973,-4018.5362,0.25314683,0.50668489,0.11371759,4.7991606,0.056720182,79.999979
27.869973,-4019.588,0.25349926,0.52820243,0.13037196,3.9389034,0.068873874,79.999979
27.879973,-4020.1772,0.25374549,0.66710463,0.12497947,5.2314497,0.083573716,79.999979
27.889973,-4021.3862,0.25355296,0.55060616,0.16568138,3.2387582,0.091371128,79.999979
27.899973,-4021.7643,0.25344736,0.54690118,0.1176278,4.5095501,0.067904428,79.999979
27.909973,-4022.1425,0.25334175,0.55171199,0.12472648,4.3498495,0.07222912,79.999979
27.919973,-4022.5326,0.25323615,0.5565228,0.13730163,3.9745924,0.076553812,79.999979
27.929973,-4024.1312,0.25319416,0.56444105,0.11946521,5.0807144,0.067404877,79.999979
27.939973,-4024.0198,0.25362798,0.56497593,0.12915267,4.367593,0.071497648,79.999979
27.949973,-4022.3799,0.25387695,0.57044675,0.12118279,4.6625747,0.07531457,79.999979
27.959973,-4021.8962,0.25387695,0.62132223,0.13433545,4.4552773,0.082613306,79.999979
27.969973,-4021.8962,0.25387695,0.58878386,0.14875302,4.1193808,0.086419884,79.999979
27.979973,-4021.8962,0.25387695,0.55624549,0.16226462,3.368394,0.090226461,79.999979
27.989973,-4021.8962,0.25367214,0.56582619,0.15694209,4.1365515,0.093365749,79.999979
27.999973,-4022.9215,0.25309806,0.57722116,0.12827388,5.1008087,0.073516964,79.999979
28.009973,-4023.7925,0.25277538,0.53148682,0.12830692,4.1030583,0.068185156,79.999979
28.019973,-4023.624,0.25288128,0.56947852,0.13134484,4.2860517,0.074823675,79.999979
28.029973,-4023.3591,0.25311033,0.54046844,0.12919265,4.2279457,0.069536156,79.999979
28.039973,-4023.0941,0.25333938,0.54258967,0.12469355,4.1698397,0.064660508,79.999979
28.049973,-4022.8292,0.25356843,0.61163369,0.14500345,4.5882207,0.09067589,79.999979
28.059973,-4022.9579,0.25372676,0.546876,0.1349139,3.4981615,0.073651621,79.999979
28.069973,-4022.999,0.25336202,0.53266529,0.15647447,4.2158604,0.083282421,79.999979
28.079973,-4022.6156,0.25248174,0.57976662,0.11595446,4.8895338,0.067762724,79.999979
28.089973,-4022.0802,0.25251858,0.57164761,0.12716348,4.9577178,0.07281081,79.999979
28.099973,-4021.5447,0.25255542,0.57289567,0.13837249,4.4038673,0.077575069,79.999979
28.109973,-4020.8995,0.25259226,0.58057985,0.1462392,3.8035608,0.082144311,79.999979
28.119973,-4019.2585,0.25273193,0.61814197,0.13121381,4.8431957,0.081025312,79.999979
28.129973,-4019.0602,0.25339815,0.57505218,0.12222723,4.6087386,0.068631417,79.999979
28.139973,-4019.6502,0.25323037,0.5924711,0.11896201,4.8393773,0.070054306,79.999979
28.149973,-4020.0719,0.25309444,0.57604808,0.12172819,4.8677091,0.070718038,79.999979
28.159973,-4020.4936,0.2529585,0.57417052,0.13161017,4.5104269,0.067938686,79.999979
28.169973,-4020.8395,0.25282257,0.5752527,0.1152613,4.5571258,0.064302978,79.999979
28.179973,-4020.8395,0.25271009,0.5562139,0.15142121,3.3824634,0.082479742,79.999979
28.189973,-4020.9832,0.25301478,0.62402729,0.14852951,4.1344273,0.094104355,79.999979
28.199973,-4023.0213,0.2533561,0.57632365,0.13047066,4.4748299,0.07520307,79.999979
28.209973,-4023.1249,0.25274777,0.56234284,0.14040438,3.8578206,0.075176695,79.999979
28.219973,-4023.2284,0.25245269,0.57161304,0.13201601,4.0581543,0.073751184,79.999979
28.229973,-4023.332,0.25237502,0.58754515,0.13546172,4.3176373,0.076282723,79.999979
28.239973,-4022.8468,0.25229736,0.59603873,0.14729821,3.8880331,0.087402881,79.999979
28.249973,-4022.9704,0.25317573,0.62351121,0.13091122,4.5196177,0.081644114,79.999979
28.259973,-4023.3666,0.25318136,0.58384872,0.1320228,4.5230033,0.077148153,79.999979
28.269973,-4023.9879,0.25320442,0.58527665,0.13378996,4.2109209,0.076684157,79.999979
28.279973,-4024.6951,0.25322748,0.58753294,0.13460086,4.2495277,0.076641137,79.999979
28.289973,-4025.4024,0.25325262,0.58978923,0.13054544,4.4093268,0.076598117,79.999979
28.299973,-4026.1096,0.25328001,0.60153213,0.14453122,4.7888463,0.087081765,79.999979
28.309973,-4027.2643,0.25376399,0.55828434,0.15814064,3.5767056,0.08786667,79.999979
28.319973,-4028.3704,0.25436426,0.57091292,0.14354779,3.9074659,0.077616849,79.999979
28.329973,-4028.1377,0.25436426,0.5722273,0.12910345,4.5202961,0.07094926,79.999979
28.339973,-4028.1377,0.25436426,0.56656958,0.12912606,4.3426048,0.072092146,79.999979
28.349973,-4028.1377,0.25436426,0.58032472,0.12914866,4.2751906,0.076896522,79.999979
28.359973,-4028.1377,0.25409439,0.58365288,0.11109756,5.634753,0.065003525,79.999979
28.369973,-4026.0024,0.25249141,0.58119699,0.17731911,3.2049756,0.077024398,79.999979
28.379973,-4025.8804,0.25276317,0.61583161,0.11818966,4.3012271,0.072520795,79.999979
28.389973,-4026.9475,0.25292525,0.65474359,0.12863067,4.9924398,0.084219497,79.999979
28.399973,-4027.5845,0.25297654,0.65250227,0.13032188,4.9235047,0.084935938,79.999979
28.409973,-4027.2895,0.25302784,0.63165778,0.1320131,4.8545696,0.081798302,79.999979
28.419973,-4026.9944,0.25307913,0.55856792,0.12651663,4.642974,0.070645187,79.999979
28.429973,-4026.8842,0.25242903,0.60789697,0.16040765,3.5499407,0.09775741,79.999979
28.439973,-4027.8085,0.25273397,0.6101184,0.1248825,4.8578996,0.076307541,79.999979
28.449973,-4027.1081,0.25294587,0.65580467,0.12024388,5.4469997,0.079636456,79.999979
28.459973,-4026.4983,0.25285905,0.59969648,0.12511431,4.8893589,0.075136139,79.999979
28.469973,-4025.8885,0.25277224,0.54358829,0.12998474,4.3317181,0.070635823,79.999979
28.479973,-4025.2786,0.25268542,0.9508578,0.17113535,3.9392175,0.39183015,79.999979
28.489973,-4031.3838,0.25359001,1.4240952,0.28726549,3.9858756,0.75939135,79.999979
28.499973,-4029.0156,0.25318573,1.8973325,0.40339564,4.0325338,1.1269525,79.999979
28.509973,-4036.4576,0.2524804,2.3705699,0.51952578,4.0791919,1.4945137,79.999979
28.519973,-4034.1154,0.25289984,2.8438072,0.63565593,4.12585,1.8620749,79.999979
28.529973,-4034.704,0.25310366,2.9450913,0.68392784,4.1725081,1.9575198,79.999979
28.539973,-4035.0135,0.25318916,2.9544184,0.68652422,4.2041253,1.9856901,79.999979
28.549973,-4034.0707,0.25377917,2.9637456,0.6891206,4.2013349,2.0138603,79.999979
28.559973,-4036.32,0.25219917,2.9730727,0.69171699,4.1985446,2.0420306,79.999979
28.569973,-4043.4971,0.25233249,2.9823999,0.69431337,4.1957543,2.0702009,79.999979
28.579973,-4045.8451,0.25263504,2.9828274,0.69321682,4.2022708,2.0677456,79.999979
28.589973,-4044.7949,0.2522777,2.9829109,0.69197752,4.210274,2.0641064,79.999979
28.599973,-4045.0197,0.25250825,2.9829944,0.69073821,4.2182772,2.0604673,79.999979
28.609973,-4045.2713,0.25283021,2.9830778,0.68949891,4.2262803,2.0568281,79.999979
28.619973,-4044.787,0.25207564,2.9831613,0.68825961,4.2342835,2.0531889,79.999979
28.629973,-4047.2027,0.25206885,2.9832448,0.68702031,4.2422866,2.0495497,79.999979
28.639973,-4047.1602,0.25253811,2.9726874,0.69295159,4.1935996,2.0606362,79.999979
28.649973,-4051.1532,0.2524732,2.9612793,0.69991777,4.1367308,2.0728999,79.999979
28.659973,-4049.9964,0.25233433,2.9498712,0.70688396,4.0798619,2.0851637,79.999979
28.669973,-4049.528,0.25257017,2.9384631,0.71385014,4.0229931,2.0974274,79.999979
28.679973,-4048.3926,0.25249088,2.927055,0.72081633,3.9661242,2.1096912,79.999979
28.689973,-4118.6506,0.25035187,2.9156469,0.72778252,3.9092554,2.1219549,79.999979
28.699973,-4117.9799,0.25133192,2.9998873,0.6864595,4.2685957,2.0593039,79.999979
28.709973,-4109.3067,0.25068747,3.0823227,0.68429988,4.4017667,2.1092406,79.999979
28.719973,-4104.0687,0.25065811,3.0624833,0.69757576,4.3424346,2.1274529,79.999979
28.729973,-4101.1194,0.25063511,3.034574,0.69643271,4.2794642,2.1093164,79.999979
28.739973,-4101.1194,0.25061212,3.0187257,0.69556769,4.2391141,2.0997312,79.999979
28.749973,-4085.6734,0.25209493,3.0025837,0.69785609,4.2008703,2.0960706,79.999979
28.759973,-4045.0703,0.25461845,3.0404125,0.72927207,4.0342777,2.2172551,79.999979
28.769973,-4024.9033,0.25312314,3.0963716,0.70903777,4.2576439,2.1954894,79.999979
28.779973,-4015.5381,0.25404987,3.0287944,0.71083942,4.1026679,2.1526995,79.999979
28.789973,-4012.5083,0.25404987,3.0457005,0.70121348,4.1838595,2.1415589,79.999979
28.799973,-4009.4785,0.25404987,3.03226,0.70933731,4.2650511,2.1514639,79.999979
28.809973,-4006.8956,0.25546264,3.0586917,0.69753935,4.2794808,2.1374474,79.999979
28.819973,-3978.0253,0.25595529,3.0594483,0.73136052,4.0624814,2.2376403,79.999979
28.829973,-3960.7949,0.25704291,3.0840043,0.73524684,4.0550002,2.2629346,79.999979
28.839972,-3943.2624,0.25906594,3.0866121,0.72052608,4.1947589,2.223321,79.999979
28.849972,-3938.3246,0.25900543,3.0764335,0.72381141,4.1537098,2.2022751,79.999979
28.859972,-3933.3868,0.25894492,3.0662549,0.71329564,4.1891427,2.1812293,79.999979
28.869972,-3920.6903,0.25888799,3.1298209,0.71531347,4.3054415,2.239523,79.999979
28.879972,-3895.2353,0.25937635,3.1264795,0.71635077,4.2296951,2.241,79.999979
28.889972,-3869.8923,0.26100746,3.176716,0.71259216,4.3125265,2.2816149,79.999979
28.899972,-3844.9334,0.26219504,3.0594017,0.72591269,4.1009725,2.2206318,79.999979
28.909972,-3841.3548,0.2620337,3.1571325,0.71325708,4.2407724,2.2545337,79.999979
28.919972,-3837.7763,0.26187236,3.1152014,0.72290398,4.2886532,2.2543393,79.999979
28.929972,-3835.7917,0.26171102,3.1369434,0.72413898,4.1556423,2.2702529,79.999979
28.939972,-3818.0326,0.26206606,3.1794463,0.71949575,4.1945079,2.2872396,79.999979
28.949972,-3791.3538,0.26347888,3.0574967,0.75895251,3.9280884,2.3204759,79.999979
28.959972,-3763.6697,0.26407888,3.0838181,0.75877587,3.935585,2.2608707,79.999979
28.969972,-3758.0866,0.26470624,2.4013571,0.55841154,4.2850127,1.625468,79.999979
28.979972,-3751.7589,0.26512491,1.6218719,0.37727694,4.3779529,0.94244787,79.999979
28.989972,-3744.655,0.26512491,0.84238678,0.19614234,4.4708931,0.25942771,79.999979
28.999972,-3743.0228,0.26511376,0.63037607,0.12677809,4.9145545,0.080422727,79.999979
29.009972,-3719.1293,0.26586984,0.51827853,0.1140752,4.1376963,0.060476319,79.999979
29.019972,-3700.3936,0.26645166,0.49479936,0.10522895,4.7825628,0.051931369,79.999979
29.029972,-3695.8697,0.2669,0.49813059,0.13186163,3.8816511,0.05975843,79.999979
29.039972,-3693.4315,0.26698296,0.50753152,0.12635123,3.7847181,0.061138212,79.999979
29.049972,-3692.4181,0.26706592,0.51737295,0.12084083,4.1512137,0.062370664,79.999979
29.059972,-3692.9762,0.26587927,0.51535947,0.12920363,4.4597596,0.066098881,79.999979
29.069972,-3700.804,0.26468815,0.47212084,0.11783077,3.8819101,0.055748481,79.999979
29.079972,-3702.7039,0.26554615,0.49247831,0.14667285,3.5733837,0.056493249,79.999979
29.089972,-3702.22,0.26608186,0.49688247,0.11762865,4.0968817,0.058310664,79.999979
29.099972,-3702.6436,0.26669397,0.51703211,0.11121699,4.5102804,0.057334352,79.999979
29.109972,-3703.0672,0.26700893,0.5264944,0.10480533,4.923679,0.056296854,79.999979
29.119972,-3705.3016,0.26732389,0.52550085,0.13118575,3.8508695,0.0610579,79.999979
29.129972,-3710.9822,0.26514818,0.52977896,0.11375886,4.668527,0.062703049,79.999979
29.139972,-3708.7493,0.26420195,0.55939619,0.10560713,4.3609202,0.059043065,79.999979
29.149972,-3710.4512,0.26669262,0.52256248,0.10926518,4.6710172,0.057135617,79.999979
29.159972,-3710.3695,0.26669262,0.50337328,0.10352295,4.7274035,0.052119606,79.999979
29.169972,-3710.2026,0.26669262,0.51259093,0.1023631,4.7837899,0.05258141,79.999979
29.179972,-3710.0358,0.26645907,0.55142705,0.10567985,4.9493005,0.058994395,79.999979
29.189972,-3714.0445,0.26478623,0.58944876,0.12289255,4.7532972,0.072468697,79.999979
29.199972,-3712.8751,0.26520978,0.59441567,0.12390513,4.7686249,0.073614445,79.999979
29.209972,-3714.5544,0.26546153,0.54403296,0.12348107,4.0750183,0.067732246,79.999979
29.219972,-3715.015,0.26570812,0.52341476,0.10803046,4.4900052,0.057785338,79.999979
29.229972,-3714.6949,0.26593134,0.52374622,0.11335924,4.7501789,0.05854244,79.999979
29.239972,-3717.4488,0.26532414,0.49134319,0.12060907,3.9940504,0.060927045,79.999979
29.249972,-3717.9108,0.2642007,0.52548166,0.11435393,4.0517963,0.059761241,79.999979
29.259972,-3719.706,0.26540832,0.54025389,0.10856425,4.6020284,0.059631624,79.999979
29.269972,-3721.6591,0.26519467,0.4748152,0.09909067,4.9799732,0.047030424,79.999979
29.279972,-3722.1038,0.2649916,0.49839497,0.11685968,4.1806207,0.049739141,79.999979
29.289972,-3722.9402,0.26477106,0.53524845,0.10820308,4.5482307,0.053543952,79.999979
29.299972,-3724.2699,0.26455052,0.56457449,0.09954648,5.606145,0.060059553,79.999979
29.309972,-3725.3448,0.26454639,0.51958667,0.12164118,4.6242802,0.060321825,79.999979
29.319972,-3723.5763,0.26529529,0.4899675,0.14792428,3.1354626,0.068053047,79.999979
29.329972,-3719.669,0.26479113,0.4693966,0.10830733,4.3446432,0.050852443,79.999979
29.339972,-3720.7483,0.26459942,0.52752447,0.12781473,4.1010077,0.069973581,79.999979
29.349972,-3720.5328,0.26470983,0.51237715,0.13468884,3.9277139,0.071616343,79.999979
29.359972,-3720.3173,0.26482716,0.49690953,0.1475653,3.5004913,0.071898717,79.999979
29.369972,-3719.9313,0.26498383,0.50656224,0.10654081,4.7715099,0.055566712,79.999979
29.379972,-3718.8966,0.26492591,0.49204502,0.12372461,4.1267275,0.060941908,79.999979
29.389972,-3718.3372,0.26437778,0.49632176,0.11724745,4.0144052,0.058904921,79.999979
29.399972,-3720.174,0.26492503,0.49518634,0.10697484,4.5049983,0.054915086,79.999979
29.409972,-3720.174,0.26492503,0.50983012,0.12833647,3.9527332,0.068747571,79.999979
29.419972,-3720.174,0.26492503,0.5244739,0.15607722,3.5135993,0.082580057,79.999979
29.429972,-3720.5551,0.26488848,0.57471197,0.12087284,4.6894785,0.069563276,79.999979
29.439972,-3719.8281,0.26474363,0.5110431,0.11717186,4.1881441,0.05980753,79.999979
29.449972,-3720.3378,0.26554674,0.56843228,0.1597513,3.5191345,0.082672566,79.999979
29.459972,-3723.0204,0.26515564,0.51167641,0.1053387,4.7618241,0.06257452,79.999979
29.469972,-3723.7052,0.2650322,0.50697672,0.10495431,4.7346361,0.059312248,79.999979
29.479972,-3724.39,0.26490877,0.50227702,0.10456991,4.7074481,0.056049977,79.999979
29.489972,-3725.0748,0.26478533,0.49757733,0.10418552,4.6802602,0.052787705,79.999979
29.499972,-3725.6,0.26386806,0.52255741,0.1192124,4.4149055,0.063190926,79.999979
29.509972,-3724.4722,0.26485186,0.47330167,0.1238302,3.8649076,0.055846026,79.999979
29.519972,-3727.0014,0.26417149,0.54289142,0.10744861,4.9457775,0.058828305,79.999979
29.529972,-3727.9789,0.26408992,0.53151571,0.12423128,4.5406591,0.061097948,79.999979
29.539972,-3727.774,0.26419077,0.53615103,0.12131681,4.232706,0.056260431,79.999979
29.549972,-3727.5691,0.26416643,0.54078635,0.10006464,5.377604,0.051422914,79.999979
29.559972,-3727.3642,0.26381656,0.52728427,0.11812043,4.4581474,0.062259567,79.999979
29.569972,-3727.5145,0.2630107,0.51480757,0.12007172,4.0821759,0.061830879,79.999979
29.579972,-3730.957,0.26321872,0.52169405,0.14890953,3.4340924,0.071661483,79.999979
29.589972,-3730.6868,0.26252004,0.56856333,0.10419964,5.2969958,0.053583262,79.999979
29.599972,-3730.2822,0.26261373,0.56700089,0.11209698,4.9565326,0.054757344,79.999979
29.609972,-3729.8776,0.26305326,0.56543845,0.10284246,5.4167927,0.055931425,79.999979
29.619972,-3730.3629,0.26349279,0.52794732,0.14711892,3.5548089,0.077898616,79.999979
29.629972,-3732.4281,0.26426415,0.5186681,0.11457807,4.4138467,0.059436492,79.999979
29.639972,-3732.7036,0.26427339,0.5502416,0.097089474,5.4542839,0.055579514,79.999979
29.649972,-3734.05,0.26382365,0.59016181,0.10726058,4.0229761,0.073866901,79.999979
29.659972,-3735.6736,0.26382365,0.55683418,0.10690575,5.4774842,0.065220417,79.999979
29.669972,-3735.7728,0.26382365,0.52350655,0.10655093,5.0104339,0.056573933,79.999979
29.679972,-3735.7728,0.26418527,0.57673342,0.11288265,4.9374444,0.06549142,79.999979
29.689972,-3737.2679,0.2643127,0.52449301,0.13947916,4.1580809,0.073453313,79.999979
29.699972,-3737.4938,0.26379159,0.49404031,0.11605396,4.4647778,0.0573599,79.999979
29.709972,-3743.0327,0.26390324,0.60763174,0.16906067,3.5154184,0.1030235,79.999979
29.719972,-3743.9431,0.26407234,0.57966106,0.1505757,3.8539255,0.088580458,79.999979
29.729972,-3744.8535,0.26424144,0.55169038,0.13209072,4.1924326,0.074137415,79.999979
29.739972,-3745.3711,0.26441054,0.5237197,0.11360575,4.5309398,0.059694372,79.999979
29.749972,-3744.8828,0.26481888,0.52342461,0.11827876,4.2976236,0.062138899,79.999979
29.759972,-3748.5531,0.26402462,0.5629098,0.11997633,4.790408,0.063696362,79.999979
29.769972,-3751.3669,0.26361823,0.53631563,0.10388846,4.9330737,0.055742425,79.999979
29.779972,-3750.4728,0.26361719,0.57156139,0.11038333,4.9276988,0.062966577,79.999979
29.789972,-3749.5788,0.26365563,0.57752874,0.11643024,4.8279632,0.067147429,79.999979
29.799972,-3748.8149,0.26369407,0.55607255,0.12220959,4.6586717,0.067663329,79.999979
29.809972,-3748.8013,0.26365703,0.54294532,0.11926731,3.9166568,0.064329224,79.999979
29.819972,-3753.1157,0.26330098,0.51634518,0.14870912,3.3430111,0.076462753,79.999979
29.829972,-3750.5705,0.26308442,0.54902412,0.11453423,4.7255874,0.063367204,79.999979
29.839972,-3751.3753,0.26339997,0.51359154,0.11783267,4.5443904,0.057052106,79.999979
29.849972,-3751.2228,0.2636906,0.49830399,0.11835787,4.2324504,0.057126605,79.999979
29.859972,-3751.0702,0.26391161,0.48301644,0.11888308,4.055697,0.057201104,79.999979
29.869972,-3751.8762,0.26409657,0.48778537,0.11810304,3.9917486,0.057613482,79.999979
29.879972,-3752.5092,0.26314151,0.52778259,0.11703477,4.994041,0.06165064,79.999979
29.889971,-3755.4749,0.2627839,0.51850673,0.11444401,4.6142719,0.059334774,79.999979
29.899971,-3758.675,0.26301378,0.51320369,0.11455364,5.1079333,0.058620603,79.999979
29.909971,-3758.2451,0.263058,0.51876117,0.12467953,4.7391722,0.063463116,79.999979
29.919971,-3757.8152,0.26310222,0.52431865,0.13138693,4.370411,0.06830563,79.999979
29.929971,-3757.3853,0.2631292,0.52987613,0.13809433,3.9443066,0.073148143,79.999979
29.939971,-3757.8243,0.26374714,0.48951778,0.11719138,3.9696382,0.05736599,79.999979
29.949971,-3757.8917,0.26423996,0.52255555,0.14692423,3.4718802,0.071649137,79.999979
29.959971,-3754.0363,0.26223582,0.55250281,0.13863656,3.9608967,0.071714553,79.999979
29.969971,-3755.1035,0.26236907,0.51121784,0.14533479,3.4135081,0.068809755,79.999979
29.979971,-3755.7666,0.26255167,0.50656855,0.12939667,3.7310994,0.063082657,79.999979
29.989971,-3756.096,0.26273426,0.51283644,0.11469754,4.0486907,0.058767478,79.999979
29.999971,-3756.3616,0.26284491,0.4989639,0.15756447,3.9363717,0.079415309,79.999979
30.009971,-3756.9299,0.26231294,0.51455935,0.13318207,3.1546889,0.068262203,79.999979
30.019971,-3758.6627,0.26265922,0.59762778,0.11900679,4.6306139,0.071130909,79.999979
30.029971,-3762.2135,0.26299914,0.5527767,0.11289774,4.7750414,0.062404132,79.999979
30.039971,-3762.8549,0.26278184,0.55829188,0.11114757,4.8491058,0.062118523,79.999979
30.049971,-3763.4963,0.26256454,0.56958725,0.11065129,4.9754399,0.063040987,79.999979
30.059971,-3764.1376,0.26249084,0.57605409,0.15766656,3.7967476,0.090825076,79.999979
30.069971,-3763.1511,0.26315072,0.5201591,0.13491781,3.7962225,0.070196204,79.999979
30.079971,-3766.7654,0.26308945,0.5779754,0.12224728,4.735263,0.070465551,79.999979
30.089971,-3767.8578,0.26350125,0.52687779,0.1031464,5.0587066,0.054347734,79.999979
30.099971,-3766.3197,0.26366558,0.52812132,0.11101022,4.8087351,0.058628711,79.999979
30.109971,-3766.6465,0.26382991,0.50551959,0.11484124,4.5587636,0.056438552,79.999979
30.119971,-3766.9734,0.26354827,0.52802663,0.1363987,4.3233813,0.07255619,79.999979
30.129971,-3769.4723,0.26327681,0.53072607,0.12923147,4.4292948,0.068617817,79.999979
30.139971,-3770.9562,0.26266554,0.56295634,0.11254767,5.0027523,0.063393927,79.999979
30.149971,-3770.8816,0.2626383,0.51147679,0.11084371,4.8419488,0.056695807,79.999979
30.159971,-3770.8816,0.26261105,0.5650387,0.10913975,4.6811453,0.060083087,79.999979
30.169971,-3770.8816,0.26259836,0.62019728,0.10268151,5.7158886,0.063623668,79.999979
30.179971,-3770.5572,0.26363763,0.53747434,0.12143881,4.6825426,0.064733121,79.999979
30.189971,-3772.3641,0.26254375,0.53380474,0.10398271,5.1519112,0.056776479,79.999979
30.199971,-3770.9031,0.26245657,0.56575802,0.14512943,3.5242163,0.076983482,79.999979
30.209971,-3771.69,0.26283913,0.56148693,0.10249162,5.3638084,0.079356007,79.999979
30.219971,-3772.4768,0.2632217,0.53165742,0.12050979,5.098983,0.074635216,79.999979
30.229971,-3772.9668,0.26360427,0.53859228,0.14633086,3.8357669,0.079036424,79.999979
30.239971,-3774.7188,0.26304334,0.52130463,0.105636,4.7171036,0.055079829,79.999979
30.249971,-3773.0655,0.26265385,0.48056196,0.11618653,4.0930225,0.05583767,79.999979
30.259971,-3777.4416,0.26316236,0.50411484,0.12513028,4.5225404,0.062601235,79.999979
30.269971,-3778.1543,0.26274855,0.51174689,0.13953093,3.5776508,0.071254514,79.999979
30.279971,-3778.3646,0.26274855,0.52317759,0.12172635,4.2539926,0.06578546,79.999979
30.289971,-3778.3646,0.26276436,0.52327852,0.10462844,4.901614,0.061463246,79.999979
30.299971,-3776.9169,0.26323753,0.516119,0.11211774,4.2222363,0.063839907,79.999979
30.309971,-3779.2545,0.26279063,0.51753152,0.10791709,4.9388602,0.058272258,79.999979
30.319971,-3778.3849,0.2631667,0.52018894,0.1299784,4.1911025,0.067618737,79.999979
30.329971,-3775.9941,0.26201812,0.52169989,0.14501036,3.688782,0.075625923,79.999979
30.339971,-3775.9941,0.26201812,0.52840453,0.1610019,3.2530776,0.081319486,79.999979
30.349971,-3775.9941,0.26201812,0.55310166,0.13022521,3.7891668,0.069783427,79.999979
30.359971,-3777.8555,0.26197483,0.5646502,0.11944164,4.1786058,0.061945949,79.999979
30.369971,-3777.7691,0.26249082,0.49759316,0.16020772,3.3311879,0.077641525,79.999979
30.379971,-3778.0595,0.26229877,0.60787627,0.10849379,5.1403515,0.06641548,79.999979
30.389971,-3782.0689,0.26333869,0.51977063,0.12278861,4.2219822,0.062375273,79.999979
30.399971,-3782.0689,0.26333869,0.47176123,0.12332865,4.0076489,0.058036801,79.999979
30.409971,-3782.0689,0.26333869,0.5115904,0.11852203,3.7933156,0.060437999,79.999979
30.419971,-3783.8448,0.26333869,0.56628515,0.12611327,4.4211885,0.071526038,79.999979
30.429971,-3782.5698,0.26208493,0.50755333,0.1246261,4.1608126,0.063238352,79.999979
30.439971,-3784.6485,0.26225523,0.53191265,0.11072384,4.7921032,0.058891286,79.999979
30.449971,-3783.4115,0.26139641,0.53506699,0.10649115,5.5416826,0.056643909,79.999979
30.459971,-3783.2119,0.26139641,0.50036304,0.13112772,4.1360843,0.061632568,79.999979
30.469971,-3783.2119,0.26169446,0.50836268,0.13649968,3.668653,0.068097251,79.999979
30.479971,-3783.2119,0.26211214,0.51855117,0.12563129,3.9368422,0.062726228,79.999979
30.489971,-3786.524,0.2624026,0.50182999,0.11210056,4.5920134,0.056213017,79.999979
30.499971,-3788.3725,0.26236381,0.51929555,0.10636154,4.8075945,0.055229248,79.999979
30.509971,-3788.2912,0.26181801,0.4610684,0.1125662,4.1619036,0.051943682,79.999979
30.519971,-3788.3515,0.2617949,0.55727054,0.097233005,5.3913752,0.056187781,79.999979
30.529971,-3788.2686,0.2617949,0.54987274,0.099506337,5.3678321,0.060130559,79.999979
30.539971,-3788.1857,0.2617949,0.54247493,0.10177967,5.3442889,0.064073337,79.999979
30.549971,-3788.2954,0.2624092,0.49058561,0.10631748,4.4013693,0.056755709,79.999979
30.559971,-3787.3464,0.26238228,0.52383019,0.11038768,5.3910653,0.057731102,79.999979
30.569971,-3789.7542,0.26338124,0.52702468,0.10505291,5.1483612,0.055372185,79.999979
30.579971,-3791.1632,0.26236289,0.52763974,0.1247862,4.6137119,0.06132656,79.999979
30.589971,-3790.8393,0.26236289,0.52850965,0.15461441,3.2968569,0.066638711,79.999979
30.599971,-3790.5154,0.26236289,0.52937955,0.14689881,3.4954753,0.071950863,79.999979
30.609971,-3790.3293,0.26236289,0.51783925,0.12418214,4.1092926,0.064476831,79.999979
30.619971,-3789.1683,0.26218944,0.48771748,0.11159712,4.4171641,0.054453916,79.999979
30.629971,-3790.2013,0.26142806,0.51244181,0.10381382,4.8582164,0.053988606,79.999979
30.639971,-3789.1922,0.26293437,0.51707615,0.11337268,4.4791189,0.058636613,79.999979
30.649971,-3789.459,0.26289023,0.48907171,0.11139313,4.3839687,0.054479848,79.999979
30.659971,-3789.7257,0.26284609,0.49678572,0.10986358,4.3145491,0.054581309,79.999979
30.669971,-3791.4391,0.26280195,0.50079408,0.10839179,4.5132233,0.053628423,79.999979
30.679971,-3793.4569,0.26187046,0.50552992,0.16077923,2.8973327,0.080367347,79.999979
30.689971,-3793.2341,0.26189019,0.56845454,0.11580575,4.3260568,0.065908179,79.999979
30.699971,-3795.8276,0.2626068,0.59010272,0.11003216,4.550567,0.065051234,79.999979
30.709971,-3795.7855,0.26275645,0.54782909,0.11582789,4.9186224,0.066631782,79.999979
30.719971,-3795.7434,0.26290609,0.50555545,0.13302363,4.2475218,0.068212329,79.999979
30.729971,-3795.7013,0.26291729,0.5032843,0.12490217,3.3329392,0.061686631,79.999979
30.739971,-3796.7219,0.26231283,0.5446963,0.11481084,4.7347947,0.061792697,79.999979
30.749971,-3796.9691,0.26250256,0.5704757,0.10774672,4.587069,0.062070583,79.999979
30.759971,-3798.7073,0.26197466,0.4844629,0.12243238,3.8110769,0.05944061,79.999979
30.769971,-3796.8018,0.26247328,0.5141631,0.10367275,5.1030848,0.056732833,79.999979
30.779971,-3799.3236,0.26204567,0.52006237,0.10986627,4.7479135,0.057161676,79.999979
30.789971,-3799.3634,0.26139883,0.53109865,0.12531036,4.3025611,0.065711826,79.999979
30.799971,-3799.4033,0.26120465,0.58086449,0.13307667,3.8572087,0.074265128,79.999979
30.809971,-3800.4377,0.26113808,0.47441524,0.1176689,4.327916,0.055869785,79.999979
30.819971,-3800.1564,0.26151326,0.51258261,0.15616947,3.397084,0.064830184,79.999979
30.829971,-3801.1235,0.26207246,0.51306553,0.10890869,5.0257851,0.057221276,79.999979
30.839971,-3801.5997,0.26187535,0.50933888,0.16209785,3.0371568,0.082447057,79.999979
30.849971,-3801.8855,0.26111801,0.52458306,0.13994522,3.7265765,0.073409567,79.999979
30.859971,-3802.1713,0.26150453,0.54773978,0.11779259,4.4159962,0.065892431,79.999979
30.869971,-3800.0972,0.26195482,0.53934327,0.11117164,5.1424492,0.061798252,79.999979
30.879971,-3800.3818,0.26127869,0.53122621,0.10220232,5.0904788,0.054431752,79.999979
30.889971,-3802.0544,0.26160019,0.50309588,0.12517153,3.9173495,0.062981902,79.999979
30.899971,-3799.5896,0.26124916,0.49640723,0.11469211,4.1330984,0.053538374,79.999979
30.909971,-3800.1079,0.26122511,0.5722533,0.10817736,4.6801797,0.061472005,79.999979
30.919971,-3800.6261,0.26143477,0.54803203,0.1042407,5.227261,0.061986341,79.999979
30.929971,-3801.3067,0.26164889,0.52043338,0.12501842,4.7211397,0.059662261,79.999979
30.93997,-3802.4327,0.26198416,0.55007136,0.14125625,3.7473463,0.070161127,79.999979
30.94997,-3801.6275,0.2626274,0.5702107,0.13699478,3.8725005,0.078460951,79.999979
30.95997,-3804.7931,0.26158678,0.55778805,0.1145512,4.659963,0.063918388,79.999979
30.96997,-3804.8823,0.26155674,0.54577507,0.11621243,4.77774,0.062573071,79.999979
30.97997,-3804.9769,0.26145174,0.50872318,0.11374158,4.5328705,0.057544903,79.999979
30.98997,-3805.0715,0.26130504,0.48400432,0.11217332,4.1757099,0.054318925,79.999979
30.99997,-3806.0532,0.26134426,0.51780883,0.10633309,4.6715626,0.056638008,79.999979
31.00997,-3805.6866,0.26193643,0.50793707,0.12018621,4.1285961,0.061057964,79.999979
31.01997,-3808.7083,0.26193994,0.53266513,0.11710952,4.3826782,0.060636014,79.999979
31.02997,-3808.4859,0.26191117,0.59668322,0.1284506,4.578797,0.074700014,79.999979
31.03997,-3808.1853,0.26187145,0.5944951,0.13592156,4.3110481,0.080125856,79.999979
31.04997,-3807.8846,0.26178014,0.54376963,0.14339252,4.0432993,0.076755348,79.999979
31.05997,-3805.5874,0.26156083,0.48969936,0.12204864,4.3457236,0.063068717,79.999979
31.06997,-3809.3532,0.26125211,0.53042999,0.11763337,4.2113312,0.062986117,79.999979
31.07997,-3809.8675,0.26118224,0.52865043,0.12852189,4.3508686,0.068328065,79.999979
31.08997,-3809.4777,0.26081723,0.54220355,0.12164,4.138347,0.063708997,79.999979
31.09997,-3809.4777,0.26075607,0.55559323,0.13189515,3.9950768,0.068151824,79.999979
31.10997,-3809.4777,0.26075607,0.56898292,0.13040085,4.2195434,0.072594651,79.999979
31.11997,-3810.8511,0.26075607,0.53030031,0.11361224,4.5694954,0.060357892,79.999979
31.12997,-3813.0765,0.26244359,0.50914457,0.11345541,4.3943106,0.057437072,79.999979
31.13997,-3811.0459,0.25996664,0.60331333,0.11312339,4.9819941,0.06970148,79.999979
31.14997,-3813.0853,0.26089997,0.55840373,0.11744947,4.5435974,0.060639862,79.999979
31.15997,-3813.3546,0.26110078,0.60283926,0.11067321,4.9250612,0.065022696,79.999979
31.16997,-3813.624,0.26130159,0.59347324,0.10698164,5.3065249,0.063998925,79.999979
31.17997,-3813.8933,0.26150239,0.53833685,0.10826951,5.6879887,0.058375616,79.999979
31.18997,-3814.1423,0.26155767,0.53964002,0.11405274,4.5624482,0.06160882,79.999979
31.19997,-3812.9715,0.2617652,0.55102697,0.10981314,5.4016972,0.060659955,79.999979
31.20997,-3813.913,0.26137945,0.49647339,0.11774141,4.0181003,0.057335944,79.999979
31.21997,-3814.8849,0.26137945,0.50750529,0.10896477,4.2359314,0.055792824,79.999979
31.22997,-3815.8567,0.26137945,0.54164692,0.10839976,4.5500879,0.058786397,79.999979
31.23997,-3816.0326,0.26142344,0.5395855,0.10984027,4.8013994,0.057647588,79.999979
31.24997,-3817.7136,0.26232267,0.49750161,0.14819676,3.2679586,0.065499546,79.999979
31.25997,-3816.4508,0.26215934,0.53829445,0.12378262,4.3022789,0.06686091,79.999979
31.26997,-3819.7918,0.26226065,0.51224154,0.13455564,3.6565254,0.069101441,79.999979
31.27997,-3819.8515,0.26226065,0.55835948,0.13728402,3.8414907,0.072539859,79.999979
31.28997,-3819.8515,0.26197517,0.57719809,0.11860802,4.7834696,0.069984594,79.999979
31.29997,-3819.8515,0.26148306,0.5667397,0.09993202,5.7254485,0.063798605,79.999979
31.30997,-3817.4756,0.2609836,0.58616587,0.11680231,5.0233039,0.067242895,79.999979
31.31997,-3819.512,0.26088871,0.49889421,0.14161393,3.6131458,0.070528071,79.999979
31.32997,-3821.2371,0.26182313,0.52195533,0.12392639,3.996606,0.06525018,79.999979
31.33997,-3819.9441,0.26092271,0.61009316,0.12307618,4.6759899,0.074528142,79.999979
31.34997,-3819.641,0.26056258,0.60183778,0.11944031,5.0019759,0.07223786,79.999979
31.35997,-3819.3378,0.26055005,0.54225442,0.11588649,5.3279619,0.063519147,79.999979
31.36997,-3819.4695,0.2605404,0.51889908,0.11718244,4.1472807,0.059866857,79.999979
31.37997,-3823.4716,0.26001597,0.49455142,0.10892455,4.386588,0.055567838,79.999979
31.38997,-3821.832,0.26130651,0.51462183,0.10943274,4.1923354,0.056493169,79.999979
31.39997,-3823.6304,0.26033958,0.52422359,0.15840912,3.6543564,0.071134402,79.999979
31.40997,-3824.0174,0.2606182,0.53458062,0.15150871,3.2201482,0.073999182,79.999979
31.41997,-3824.4044,0.26089682,0.54493766,0.14460829,3.5889103,0.076863961,79.999979
31.42997,-3825.2016,0.26117545,0.52427155,0.11305108,4.5417328,0.059318367,79.999979
31.43997,-3824.9462,0.26151582,0.53250033,0.14332056,3.5332077,0.076260104,79.999979
31.44997,-3825.0692,0.26098095,0.51207288,0.094101288,5.1151768,0.048159023,79.999979
31.45997,-3827.1111,0.26078039,0.49002909,0.087586309,5.8839833,0.042576346,79.999979
31.46997,-3827.7985,0.26080037,0.49961581,0.10817965,4.5904796,0.052484113,79.999979
31.47997,-3828.4859,0.26082035,0.50920253,0.12354426,4.1245876,0.06239188,79.999979
31.48997,-3828.3885,0.26084034,0.52519952,0.12867941,3.7926495,0.065443824,79.999979
31.49997,-3825.9102,0.26023603,0.55860233,0.14829377,3.9311833,0.079753465,79.999979
31.50997,-3829.3226,0.26158179,0.54969154,0.11328614,4.9785859,0.06398347,79.999979
31.51997,-3829.5457,0.26069353,0.49186076,0.15422088,3.7020098,0.075850864,79.999979
31.52997,-3828.8759,0.26071144,0.51914033,0.13718703,3.668493,0.071035618,79.999979
31.53997,-3828.206,0.26055642,0.51865602,0.12015318,4.3114392,0.061132299,79.999979
31.54997,-3827.8733,0.26047931,0.50021872,0.098658556,5.1165957,0.047938869,79.999979
31.55997,-3830.2212,0.26070519,0.52552636,0.10548832,4.8750039,0.055877449,79.999979
31.56997,-3831.0633,0.26126403,0.53426635,0.11045934,5.0926613,0.058986059,79.999979
31.57997,-3829.2008,0.26102012,0.4951162,0.12280867,4.0824676,0.058701282,79.999979
31.58997,-3831.1106,0.26060887,0.51992632,0.10857264,4.754719,0.056335277,79.999979
31.59997,-3830.9772,0.26043552,0.51102501,0.11737657,4.3296798,0.059873868,79.999979
31.60997,-3830.8439,0.26033432,0.5399068,0.11991725,4.2714604,0.064449735,79.999979
31.61997,-3832.2333,0.26138819,0.49958795,0.13053084,3.9276723,0.065241469,79.999979
31.62997,-3830.3697,0.2610584,0.51177848,0.13568122,3.6487074,0.069523177,79.999979
31.63997,-3832.3345,0.26197312,0.53280372,0.11226526,4.8828861,0.059661297,79.999979
31.64997,-3833.8269,0.26125869,0.49376139,0.13439847,3.4892739,0.061832526,79.999979
31.65997,-3833.7735,0.2606659,0.51871009,0.14164656,3.435076,0.071836291,79.999979
31.66997,-3833.7202,0.26059753,0.51390212,0.14889464,3.3808781,0.067700545,79.999979
31.67997,-3831.1279,0.2602747,0.50708163,0.11676786,4.1071562,0.058292323,79.999979
31.68997,-3832.6867,0.26112145,0.52082223,0.10172992,5.403794,0.053070947,79.999979
31.69997,-3830.5486,0.2605305,0.53514175,0.13845774,3.8161987,0.070309606,79.999979
31.70997,-3830.3488,0.26025282,0.52330318,0.12701733,4.149808,0.067314872,79.999979
31.71997,-3830.0544,0.25996517,0.52877012,0.13503526,3.9439761,0.070324882,79.999979
31.72997,-3829.76,0.25977779,0.54947288,0.12476281,3.7381442,0.068276081,79.999979
31.73997,-3832.2079,0.25999318,0.49854316,0.1255746,3.9709858,0.061779857,79.999979
31.74997,-3833.4641,0.26196557,0.50399744,0.1276995,4.1205834,0.063891037,79.999979
31.75997,-3832.3399,0.26126447,0.53510681,0.11593772,4.4661718,0.065202993,79.999979
31.76997,-3833.7865,0.26084832,0.52349036,0.10271062,4.997571,0.055197477,79.999979
31.77997,-3833.7153,0.26088592,0.52291994,0.107209,4.9699495,0.056832357,79.999979
31.78997,-3833.6441,0.26105057,0.52234952,0.11170738,4.6208209,0.058467236,79.999979
31.79997,-3834.5616,0.26121523,0.57101342,0.13271717,3.5995783,0.07369169,79.999979
31.80997,-3832.9673,0.26079871,0.50845012,0.12253009,4.0333452,0.061706262,79.999979
31.81997,-3835.9411,0.26039114,0.53088776,0.12986824,4.6779764,0.068836106,79.999979
31.82997,-3837.3908,0.26054932,0.51105948,0.098895961,5.1085186,0.050552556,79.999979
31.83997,-3837.3908,0.26070062,0.51327288,0.10406105,4.9125602,0.0534356,79.999979
31.84997,-3837.3908,0.26085193,0.51548628,0.10922615,4.7166017,0.056318644,79.999979
31.85997,-3837.3908,0.26100324,0.5070914,0.11099794,4.5206433,0.056116021,79.999979
31.86997,-3836.591,0.25977606,0.52895624,0.11117816,4.7944506,0.058823317,79.999979
31.87997,-3839.0785,0.26042229,0.55231571,0.1131441,4.9555684,0.062528215,79.999979
31.88997,-3838.9882,0.26022295,0.47994952,0.12394902,3.7674619,0.055109841,79.999979
31.89997,-3839.5452,0.26043484,0.49418525,0.11207023,4.2774681,0.054609697,79.999979
31.90997,-3840.1129,0.26064672,0.50506589,0.10628385,4.628526,0.053758732,79.999979
31.91997,-3840.6805,0.26081155,0.51488812,0.10499889,4.82792,0.054069216,79.999979
31.92997,-3841.5735,0.26125127,0.48955112,0.10285292,4.5206656,0.050374488,79.999979
31.93997,-3841.3261,0.25977034,0.49069547,0.1286701,3.7957129,0.064380721,79.999979
31.94997,-3841.7597,0.2605369,0.53796262,0.12069366,4.5884168,0.065784901,79.999979
31.95997,-3842.4361,0.26038642,0.51484238,0.13670399,3.6863686,0.070513842,79.999979
31.96997,-3842.5138,0.26058228,0.51156077,0.12374818,3.9796265,0.063274557,79.999979
31.97997,-3842.5915,0.26077813,0.52939299,0.11226005,4.3898353,0.059404953,79.999979
31.989969,-3842.8599,0.260919,0.56449948,0.1092433,5.1158701,0.061664751,79.999979
31.999969,-3841.9918,0.26109014,0.58295225,0.12570383,4.5745418,0.08062721,79.999979
32.009969,-3844.3397,0.25924741,0.48273967,0.10529304,4.4163997,0.051359052,79.999979
32.019969,-3845.2075,0.2594907,0.55690714,0.14440726,3.6366005,0.067020386,79.999979
32.029969,-3844.839,0.25976744,0.60584738,0.13751044,4.0614535,0.081594541,79.999979
32.039969,-3844.4706,0.26001677,0.55149565,0.13061363,4.4863065,0.072692979,79.999979
32.049969,-3843.1997,0.2602661,0.51518883,0.12805627,4.0486518,0.064887981,79.999979
32.059969,-3843.4572,0.26006654,0.50167919,0.12520033,3.6959206,0.064524951,79.999979
32.069969,-3847.65,0.25984919,0.49044772,0.16201896,2.8911568,0.079485106,79.999979
32.079969,-3845.4196,0.26000899,0.57118564,0.097618852,4.5661604,0.061175276,79.999979
32.089969,-3845.4245,0.25985978,0.53907163,0.099225251,5.8053125,0.056545008,79.999979
32.099969,-3845.4293,0.25972394,0.50695762,0.10083165,5.1124249,0.051914739,79.999979
32.109969,-3845.4342,0.25958827,0.50659546,0.12057001,4.1684788,0.061104725,79.999979
32.119969,-3846.8583,0.25938721,0.47180874,0.11772295,3.9333647,0.055565324,79.999979
32.129969,-3843.5014,0.2611329,0.51246982,0.11659679,3.9970233,0.059749812,79.999979
32.139969,-3844.9935,0.25949732,0.58705844,0.1003225,5.8915281,0.058725185,79.999979
32.149969,-3844.6648,0.25987188,0.52674482,0.1105503,4.8267075,0.05798266,79.999979
32.159969,-3844.4726,0.26024644,0.53945232,0.13485008,4.0046304,0.074686252,79.999979
32.169969,-3844.85,0.260621,0.58684186,0.16943088,3.4173388,0.099452121,79.999979
32.179969,-3844.9042,0.26036212,0.50682705,0.11819629,4.0892296,0.059646732,79.999979
32.189969,-3842.4937,0.26017678,0.55283556,0.10247926,5.4899466,0.056730861,79.999979
32.199969,-3845.5046,0.26044332,0.53332994,0.13102195,4.5920752,0.069589105,79.999979
32.209969,-3845.5745,0.26016761,0.60410004,0.12451228,4.1059441,0.076679842,79.999979
32.219969,-3845.6569,0.2598919,0.57109436,0.11808321,4.6898419,0.07041032,79.999979
32.229969,-3845.7393,0.25969907,0.53884915,0.12025901,4.8328643,0.063109471,79.999979
32.239969,-3843.2926,0.26011668,0.52358879,0.13200462,3.9128362,0.062227353,79.999979
32.249969,-3845.8846,0.26036661,0.52110915,0.11490235,4.0766175,0.059778891,79.999979
32.259969,-3844.8878,0.2601854,0.50909398,0.11450854,4.2492741,0.05829583,79.999979
32.269969,-3844.7467,0.26028101,0.50544679,0.10003066,4.958711,0.050561145,79.999979
32.279969,-3844.5664,0.26008683,0.50762419,0.099137515,4.9933975,0.050848874,79.999979
32.289969,-3844.4544,0.25975401,0.51719994,0.09882173,5.0257839,0.052756136,79.999979
32.299969,-3847.4718,0.26015843,0.52849604,0.10074836,4.9819931,0.053901242,79.999979
32.309969,-3849.8477,0.2605342,0.55226452,0.11844953,4.784939,0.059090824,79.999979
32.319969,-3850.8194,0.26032945,0.5274207,0.11593013,3.8692541,0.059448003,79.999979
32.329969,-3851.732,0.26019972,0.49561806,0.10502815,4.888173,0.051612075,79.999979
32.339969,-3851.732,0.26020063,0.5058086,0.10976242,4.5977825,0.054144177,79.999979
32.349969,-3851.732,0.26020153,0.51599913,0.1144967,4.3073919,0.05667628,79.999979
32.359969,-3851.732,0.26020244,0.52618967,0.11810957,4.073027,0.059208382,79.999979
32.369969,-3851.732,0.26020334,0.5363802,0.11717767,4.3548013,0.061740484,79.999979
32.379969,-3852.8528,0.26020425,0.52604925,0.12155883,4.287902,0.06405021,79.999979
32.389969,-3852.6441,0.25902574,0.50663732,0.12137939,4.4409289,0.062321329,79.999979
32.399969,-3850.7336,0.26023307,0.54739046,0.12673854,4.2901529,0.067450193,79.999979
32.409969,-3851.2617,0.26023742,0.56254155,0.12273243,4.2423961,0.068600267,79.999979
32.419969,-3851.7898,0.26030156,0.528444,0.11872631,4.5749386,0.071903736,79.999979
32.429969,-3852.4521,0.26036569,0.47490998,0.15708813,3.2708691,0.076057063,79.999979
32.439969,-3854.2407,0.25905838,0.56513348,0.13452073,3.9845193,0.076181588,79.999979
32.449969,-3852.648,0.25909229,0.50048982,0.11087684,5.7769536,0.05414045,79.999979
32.459969,-3853.5256,0.2590348,0.50457507,0.16332436,3.3560272,0.063443835,79.999979
32.469969,-3854.4031,0.2589773,0.50866031,0.15658523,3.087366,0.072747219,79.999979
32.479969,-3855.2807,0.25907182,0.48900665,0.12604113,3.2458738,0.06143454,79.999979
32.489969,-3858.9699,0.25963761,0.57439979,0.12044718,4.4831247,0.067403338,79.999979
32.499969,-3859.3125,0.26031364,0.53888497,0.11757341,4.4284464,0.060322201,79.999979
32.509969,-3862.0136,0.25981543,0.50381874,0.12587797,4.0256839,0.060638061,79.999979
32.519969,-3862.073,0.25953492,0.4995107,0.11518143,4.1414846,0.057514004,79.999979
32.529969,-3862.3787,0.25933899,0.51262927,0.11211947,4.2962905,0.060392537,79.999979
32.539969,-3862.816,0.25914905,0.52392855,0.12505879,4.3259624,0.065287716,79.999979
32.549969,-3861.095,0.2604358,0.54471992,0.12685193,4.2222929,0.070657221,79.999979
32.559969,-3862.9137,0.25961955,0.56937767,0.097674007,5.7328046,0.055613041,79.999979
32.569969,-3865.3782,0.25875528,0.56006554,0.16200708,3.1632043,0.086205954,79.999979
32.579969,-3864.5746,0.25979291,0.49747364,0.10434343,4.4699953,0.05235274,79.999979
32.589969,-3866.5152,0.25960742,0.53076606,0.10886227,4.7709339,0.057790404,79.999979
32.599969,-3866.2977,0.25942915,0.51975877,0.10491391,4.8414107,0.054531812,79.999979
32.609969,-3866.721,0.25925087,0.51660878,0.10384783,4.9118874,0.054382574,79.999979
32.619969,-3867.1442,0.25923587,0.50802614,0.10633463,4.8120093,0.056719139,79.999979
32.629969,-3866.0766,0.25868928,0.51599175,0.1295155,4.6450514,0.064797135,79.999979
32.639969,-3868.9602,0.25904241,0.52586668,0.10460789,4.9723552,0.054990165,79.999979
32.649969,-3870.2255,0.25880613,0.60222953,0.11268828,5.2812402,0.070364442,79.999979
32.659969,-3870.2255,0.25898914,0.56973939,0.13190278,4.7511962,0.075406552,79.999979
32.669969,-3869.4477,0.25917215,0.54870492,0.14400308,4.2211522,0.076579313,79.999979
32.679969,-3868.6554,0.25938209,0.519986,0.14149226,3.7374137,0.073101303,79.999979
32.689969,-3870.6321,0.25955863,0.52103748,0.11643694,4.104155,0.060700994,79.999979
32.699969,-3871.8966,0.25901133,0.51515758,0.12080036,4.32808,0.062351352,79.999979
32.709969,-3869.1066,0.25975756,0.52591408,0.10883722,4.758058,0.05645779,79.999979
32.719969,-3869.1066,0.25963528,0.51521537,0.10336409,4.8732407,0.053663759,79.999979
32.729969,-3869.1066,0.25963528,0.50911417,0.10247884,4.8847636,0.052473375,79.999979
32.739969,-3869.1066,0.25963528,0.50301296,0.10159358,4.8962865,0.05128299,79.999979
32.749969,-3869.2554,0.25963528,0.49691176,0.10070832,4.8923817,0.050092606,79.999979
32.759969,-3869.7609,0.25963528,0.49729749,0.099823066,4.8651013,0.054287575,79.999979
32.769969,-3870.2664,0.25928548,0.50115891,0.12612492,4.1144884,0.059842075,79.999979
32.779969,-3870.772,0.25888447,0.50444668,0.13918871,3.3884421,0.059012802,79.999979
32.789969,-3871.2775,0.25848345,0.50773446,0.12007255,4.0529451,0.058183529,79.999979
32.799969,-3871.0758,0.25808244,0.51540557,0.10784479,4.6612253,0.055582062,79.999979
32.809969,-3868.5803,0.25918836,0.49535474,0.11760004,4.2468913,0.057712872,79.999979
32.819969,-3869.1404,0.25951126,0.4846315,0.097377991,4.9539212,0.048415833,79.999979
32.829969,-3870.0119,0.25960489,0.50157438,0.12193102,4.6479787,0.063578457,79.999979
32.839969,-3869.1893,0.25890654,0.50291918,0.10457104,4.7215384,0.052622822,79.999979
32.849969,-3868.1952,0.25908623,0.5145749,0.11137102,4.4802381,0.056462419,79.999979
32.859969,-3867.9321,0.25926592,0.52901902,0.118171,4.2389379,0.058888792,79.999979
32.869969,-3867.8886,0.25898966,0.50405653,0.10361836,4.7789701,0.054084758,79.999979
32.879969,-3871.0725,0.25910044,0.51856388,0.11273204,4.5257185,0.06105553,79.999979
32.889969,-3870.3128,0.25926953,0.52611965,0.12937131,3.9583572,0.068430594,79.999979
32.899969,-3870.47,0.25831806,0.49746741,0.14405871,3.3283955,0.071409616,79.999979
32.909969,-3871.6006,0.25827682,0.53479994,0.13017878,3.9744861,0.069252954,79.999979
32.919969,-3872.0829,0.25823558,0.54635934,0.11629886,4.6205768,0.068675624,79.999979
32.929969,-3872.2542,0.25830687,0.52815331,0.11499243,4.853558,0.069922266,79.999979
32.939969,-3874.9544,0.2588615,0.5433122,0.11499672,4.8744676,0.0628463,79.999979
32.949969,-3872.0223,0.25893328,0.55214272,0.098553536,4.8023955,0.054416577,79.999979
32.959969,-3874.8957,0.25866184,0.51968113,0.12253734,4.1701049,0.063703487,79.999979
32.969969,-3874.927,0.25866184,0.53004982,0.13605565,3.9736665,0.072131878,79.999979
32.979969,-3874.9582,0.25866184,0.52932003,0.14131349,3.7772281,0.074544271,79.999979
32.989969,-3874.9895,0.25863999,0.52150841,0.13497991,3.6189396,0.070511899,79.999979
32.999969,-3875.3829,0.25950968,0.51741654,0.11056606,4.6198498,0.061460811,79.999979
33.009969,-3874.8017,0.25917674,0.50382956,0.11365808,4.4170731,0.061372061,79.999979
33.019969,-3877.3086,0.25919927,0.62803094,0.12739206,4.5939037,0.079993036,79.999979
33.029969,-3876.9907,0.25883475,0.59621922,0.12934097,4.7346202,0.076962283,79.999979
33.039968,-3876.6728,0.25847583,0.56440751,0.13128989,4.7315446,0.073931529,79.999979
33.049968,-3876.3548,0.25842908,0.53259579,0.1332388,4.054156,0.070900776,79.999979
33.059968,-3876.218,0.25838232,0.5293389,0.1346186,3.7932631,0.071229549,79.999979
33.069968,-3877.2184,0.25875487,0.54295063,0.11035268,4.9820827,0.059782443,79.999979
33.079968,-3879.8091,0.25997933,0.54982859,0.12072426,4.0789851,0.06210946,79.999979
33.089968,-3879.5315,0.25979232,0.53280995,0.13392544,3.893329,0.071053674,79.999979
33.099968,-3879.254,0.25968418,0.54977177,0.12626071,4.3043175,0.068954066,79.999979
33.109968,-3878.9765,0.25957604,0.56673358,0.11859598,4.715306,0.066854458,79.999979
33.119968,-3878.6471,0.25946791,0.5833375,0.11093125,5.1262945,0.064742938,79.999979
33.129968,-3878.1225,0.25935977,0.56359686,0.10326652,5.537283,0.061421768,79.999979
33.139968,-3877.5979,0.25929571,0.55348312,0.12983597,4.2302193,0.06097463,79.999979
33.149968,-3877.0732,0.25927462,0.55489395,0.12136079,4.3555639,0.06396805,79.999979
33.159968,-3877.413,0.25925353,0.53065254,0.11418735,4.674031,0.065966135,79.999979
33.169968,-3877.9613,0.25916787,0.49892268,0.13818201,4.3030923,0.065481128,79.999979
33.179968,-3880.7439,0.2591706,0.51601907,0.10224327,5.0609977,0.052762456,79.999979
33.189968,-3882.7804,0.25780908,0.53965027,0.10920413,5.1065883,0.058002383,79.999979
33.199968,-3880.9108,0.25798874,0.52567792,0.11640405,4.4238272,0.060737289,79.999979
33.209968,-3883.0293,0.25859714,0.56651315,0.11997442,5.0211011,0.067951429,79.999979
33.219968,-3882.6921,0.25853516,0.48859318,0.12130357,4.4414641,0.058541767,79.999979
33.229968,-3882.355,0.25845007,0.48086221,0.10779912,3.8618272,0.051768881,79.999979
33.239968,-3883.9922,0.25772366,0.57670806,0.14936018,4.4342511,0.086013104,79.999979
33.249968,-3881.3869,0.25900373,0.55299985,0.14030444,4.1043538,0.070617257,79.999979
33.259968,-3883.03,0.25903487,0.53193144,0.10790178,5.0208924,0.057532461,79.999979
33.269968,-3884.9891,0.25849478,0.59988111,0.10926326,3.7763824,0.06554347,79.999979
33.279968,-3883.4075,0.25874492,0.59688171,0.11282474,5.4090905,0.067342303,79.999979
33.289968,-3883.3166,0.25899506,0.52637044,0.1167279,5.1975344,0.06138051,79.999979
33.299968,-3883.3202,0.25914679,0.47552424,0.13517789,4.3059695,0.064820708,79.999979
33.309968,-3885.951,0.25847969,0.48268558,0.14531063,3.3946454,0.064311843,79.999979
33.319968,-3888.1405,0.25865475,0.52907699,0.11365263,4.6524018,0.060140757,79.999979
33.329968,-3885.3008,0.25776268,0.51413485,0.099631362,5.0196612,0.051232225,79.999979
33.339968,-3886.5018,0.25778444,0.52044088,0.10291441,4.8558229,0.051377353,79.999979
33.349968,-3887.3783,0.25780992,0.52188366,0.098627447,5.1311417,0.050634407,79.999979
33.359968,-3887.1109,0.2578354,0.52583744,0.1286978,4.2687679,0.067740361,79.999979
33.369968,-3888.6012,0.25832925,0.53106893,0.14430953,3.5845439,0.076679409,79.999979
33.379968,-3889.609,0.25848891,0.52740292,0.14263617,3.5956163,0.075227005,79.999979
33.389968,-3890.8052,0.25860584,0.54848346,0.11282553,4.7088195,0.066169749,79.999979
33.399968,-3891.5781,0.25939247,0.50426091,0.12336606,3.9358438,0.062486708,79.999979
33.409968,-3891.1884,0.25922258,0.51984671,0.13004574,3.8033796,0.06609041,79.999979
33.419968,-3890.0554,0.25905394,0.53216662,0.12967125,3.8160398,0.068064489,79.999979
33.429968,-3888.833,0.2589585,0.50618133,0.11593102,4.3689701,0.058738819,79.999979
33.439968,-3890.8389,0.25894282,0.48533217,0.10407772,4.5409698,0.048619193,79.999979
33.449968,-3891.6629,0.25867673,0.52108999,0.11621239,4.5173441,0.059869568,79.999979
33.459968,-3890.2993,0.25883982,0.56976108,0.15177732,3.6286456,0.087131896,79.999979
33.469968,-3890.9824,0.25910444,0.5165143,0.12748074,3.8031804,0.066069235,79.999979
33.479968,-3891.6655,0.25936906,0.51051093,0.12152411,3.9779942,0.062224524,79.999979
33.489968,-3892.209,0.25963368,0.52750639,0.12010548,4.1649269,0.063456014,79.999979
33.499968,-3892.8796,0.25816679,0.57736483,0.1177465,4.905784,0.066814292,79.999979
33.509968,-3889.3624,0.25843519,0.49892398,0.11270982,4.4198882,0.056297861,79.999979
33.519968,-3891.6457,0.25799657,0.48344749,0.10354952,4.5398334,0.049196443,79.999979
33.529968,-3891.6774,0.25816569,0.49366845,0.11227608,4.1853723,0.051970516,79.999979
33.539968,-3891.7091,0.2582912,0.50388941,0.11074314,4.4034044,0.054744589,79.999979
33.549968,-3891.7408,0.25813892,0.52275096,0.12911323,4.0281219,0.067822567,79.999979
33.559968,-3891.8967,0.25836238,0.5139737,0.11306974,4.6058687,0.058126886,79.999979
33.569968,-3894.6712,0.25875313,0.52215834,0.097566752,3.7798301,0.050902588,79.999979
33.579968,-3895.7316,0.25832455,0.54216044,0.11932161,4.4888311,0.064737068,79.999979
33.589968,-3896.9887,0.25807736,0.49436017,0.11536969,4.4280002,0.057034628,79.999979
33.599968,-3896.4894,0.25783017,0.50937027,0.11141048,4.3671692,0.056309751,79.999979
33.609968,-3895.9902,0.25749079,0.49326047,0.10164842,4.6312879,0.049982178,79.999979
33.619968,-3895.063,0.25742161,0.50011432,0.10678031,4.8133857,0.053421552,79.999979
33.629968,-3898.6676,0.25760907,0.55112185,0.12179622,4.4419455,0.066943473,79.999979
33.639968,-3895.911,0.25886432,0.53141882,0.12613698,4.1151657,0.067035842,79.999979
33.649968,-3896.2034,0.25874967,0.52215124,0.10464992,4.8788636,0.054689242,79.999979
33.659968,-3896.4957,0.25863502,0.51872162,0.10393469,4.9448418,0.054311801,79.999979
33.669968,-3896.8062,0.25852037,0.51961141,0.10985049,4.6116592,0.057066916,79.999979
33.679968,-3897.206,0.25840572,0.53320979,0.10866294,4.7712982,0.05787181,79.999979
33.689968,-3897.6058,0.25829107,0.54680817,0.10747538,4.9309373,0.058676704,79.999979
33.699968,-3898.0056,0.25817642,0.56040655,0.10628782,5.0905763,0.059481598,79.999979
33.709968,-3898.4053,0.25806177,0.57400494,0.10510027,5.2502153,0.060286492,79.999979
33.719968,-3898.8051,0.25788606,0.5674051,0.10391271,5.4098544,0.060269901,79.999979
33.729968,-3899.2049,0.25767501,0.52819703,0.10449706,5.4908223,0.058927096,79.999979
33.739968,-3900.7764,0.25740498,0.51254988,0.10750503,4.6728513,0.055299034,79.999979
33.749968,-3899.8747,0.25864016,0.51785253,0.12538453,4.3368785,0.067208278,79.999979
33.759968,-3902.6224,0.25795131,0.56869684,0.11361589,5.1727021,0.064546191,79.999979
33.769968,-3902.3153,0.25844283,0.51174881,0.10193149,4.9501881,0.052154225,79.999979
33.779968,-3902.8854,0.2583315,0.50671871,0.10430848,4.8048789,0.052851423,79.999979
33.789968,-3903.4556,0.25821391,0.56421824,0.10668547,4.6595697,0.067985379,79.999979
33.799968,-3903.7878,0.25809633,0.63593305,0.13383339,4.4625517,0.086401338,79.999979
33.809968,-3900.9162,0.25759026,0.52670427,0.11692751,3.8715002,0.061008603,79.999979
33.819968,-3902.7092,0.25765866,0.5925484,0.11108779,5.2550061,0.066049483,79.999979
33.829968,-3904.2214,0.25796928,0.55649995,0.11860136,4.6183582,0.066005341,79.999979
33.839968,-3904.2214,0.2581042,0.5278873,0.11818761,4.3371807,0.06235328,79.999979
33.849968,-3904.2214,0.25823911,0.54124414,0.11717095,4.4619605,0.063410872,79.999979
33.859968,-3902.2087,0.25838263,0.51413971,0.12545906,3.9748683,0.064658403,79.999979
33.869968,-3905.4187,0.25812934,0.50994563,0.11663514,3.7887067,0.059478542,79.999979
33.879968,-3907.7773,0.25789195,0.49173511,0.12217025,3.9867322,0.05998441,79.999979
33.889968,-3905.3828,0.25771937,0.55724711,0.15074078,3.5503631,0.075110313,79.999979
33.899968,-3906.2022,0.25771937,0.52925263,0.11434192,3.999367,0.062353733,79.999979
33.909968,-3907.0215,0.25771937,0.51204099,0.11961963,4.4483708,0.062321857,79.999979
33.919968,-3907.3813,0.25771937,0.50286096,0.12797346,3.8370798,0.075902295,79.999979
33.929968,-3907.3097,0.25662837,0.547995,0.14308284,3.7481994,0.078167744,79.999979
33.939968,-3904.0958,0.2576729,0.53005399,0.11067422,5.0031902,0.059578896,79.999979
33.949968,-3905.937,0.25774362,0.51877612,0.13350341,3.9909155,0.06763424,79.999979
33.959968,-3905.937,0.25780173,0.52181458,0.12465468,3.6988278,0.062419759,79.999979
33.969968,-3905.937,0.25782867,0.52462701,0.11038277,4.1578343,0.0586389,79.999979
33.979968,-3905.937,0.25782867,0.52697733,0.10920329,4.6168408,0.057788971,79.999979
33.989968,-3906.5093,0.25782867,0.53887907,0.10802381,4.7793986,0.062513622,79.999979
33.999968,-3904.9409,0.25753903,0.56182861,0.11751354,4.4487696,0.0643141,79.999979
34.009968,-3906.9322,0.2570786,0.50174693,0.10412423,4.8907004,0.051937577,79.999979
34.019968,-3907.6578,0.25749128,0.50151507,0.12400892,4.2219654,0.06186302,79.999979
34.029968,-3907.9919,0.25777066,0.53082707,0.1268268,3.9057374,0.065017714,79.999979
34.039968,-3908.326,0.25803602,0.60047211,0.11242805,3.9864439,0.067564548,79.999979
34.049968,-3906.4841,0.25882848,0.46905188,0.12427464,3.6536408,0.058297723,79.999979
34.059968,-3907.3469,0.25820597,0.50654283,0.11556514,4.4601814,0.057648589,79.999979
34.069968,-3909.7618,0.25777368,0.53955672,0.14510552,3.5243008,0.078408346,79.999979
34.079967,-3908.739,0.25850153,0.52315662,0.10710868,4.7495212,0.057436527,79.999979
34.089967,-3908.2908,0.25844333,0.54096908,0.10401193,4.8877612,0.061176294,79.999979
34.099967,-3908.5382,0.25838512,0.55878155,0.11261691,4.7862463,0.06491606,79.999979
34.109967,-3909.8066,0.2577717,0.54196394,0.11763864,4.5524325,0.063611014,79.999979
34.119967,-3912.2325,0.2576183,0.4861195,0.14136296,3.4093662,0.063572149,79.999979
34.129967,-3911.463,0.2567926,0.47658999,0.12732009,3.7090584,0.055820856,79.999979
34.139967,-3911.4754,0.25767098,0.50039593,0.1056348,4.9953307,0.051870492,79.999979
34.149967,-3911.4754,0.25768485,0.4748125,0.11170283,4.8310611,0.052772066,79.999979
34.159967,-3912.0444,0.25769873,0.47472175,0.11222821,4.3752232,0.053021844,79.999979
34.169967,-3912.7842,0.25754277,0.49165574,0.10947043,4.1183355,0.053963664,79.999979
34.179967,-3914.0765,0.25709123,0.55504825,0.10140654,5.1557724,0.058836988,79.999979
34.189967,-3912.8951,0.25759868,0.50735855,0.13839595,3.3462689,0.070776805,79.999979
34.199967,-3916.5459,0.25800896,0.53758391,0.116765,4.3338819,0.064504462,79.999979
34.209967,-3917.4156,0.25828394,0.52735022,0.11891106,4.5305051,0.06168714,79.999979
34.219967,-3915.8942,0.2579522,0.51349215,0.10231407,5.1156941,0.052511725,79.999979
34.229967,-3916.1585,0.25782403,0.51134741,0.11000934,4.8845617,0.056298583,79.999979
34.239967,-3916.4228,0.25769586,0.51659034,0.11793826,4.645908,0.060961327,79.999979
34.249967,-3918.9142,0.25771123,0.50436216,0.13462511,3.4409058,0.062831084,79.999979
34.259967,-3920.0415,0.25728891,0.52550713,0.11836456,4.430286,0.062207757,79.999979
34.269967,-3917.7008,0.25729221,0.52664589,0.11707335,4.4215669,0.067822636,79.999979
34.279967,-3917.7008,0.25715127,0.50892605,0.10742804,4.8711785,0.062485977,79.999979
34.289967,-3917.7008,0.25701034,0.49120621,0.11546112,4.2193289,0.057149317,79.999979
34.299967,-3917.7745,0.25708647,0.52455519,0.10466487,5.2182711,0.054953643,79.999979
34.309967,-3921.9034,0.2569176,0.51854798,0.14173458,3.3073662,0.071776741,79.999979
34.319967,-3920.0373,0.25720415,0.524108,0.12319559,4.1075742,0.064380046,79.999979
34.329967,-3921.6201,0.25656241,0.49386277,0.11400137,4.277889,0.056327334,79.999979
34.339967,-3922.6598,0.25693411,0.53574312,0.11634204,4.8778917,0.061740921,79.999979
34.349967,-3922.9738,0.25672689,0.52269168,0.11473872,4.4933242,0.059654741,79.999979
34.359967,-3921.8487,0.25667484,0.50964023,0.11313539,4.4252678,0.05756856,79.999979
34.369967,-3920.5916,0.25670881,0.5565452,0.10295464,5.2839438,0.056860758,79.999979
34.379967,-3922.4819,0.2578547,0.52459009,0.14273014,3.4362775,0.067754756,79.999979
34.389967,-3925.6196,0.25713929,0.52016775,0.1181639,3.4308648,0.061410628,79.999979
34.399967,-3923.6455,0.25729159,0.52550115,0.15797197,3.8389648,0.073341639,79.999979
34.409967,-3924.5236,0.25688384,0.54218177,0.14018864,3.6464548,0.073921256,79.999979
34.419967,-3925.4017,0.2571792,0.57521478,0.11865949,4.1763488,0.083466077,79.999979
34.429967,-3926.1228,0.25756047,0.61256528,0.14988589,4.1624855,0.095377969,79.999979
34.439967,-3927.5121,0.25811766,0.47758856,0.10889921,4.2457474,0.051912848,79.999979
34.449967,-3926.2209,0.25744396,0.52104839,0.10761047,4.7578768,0.056215811,79.999979
34.459967,-3928.7861,0.25788635,0.51640602,0.12361112,4.2709559,0.063758907,79.999979
34.469967,-3929.2286,0.2578095,0.50795565,0.12537856,3.9042439,0.063683841,79.999979
34.479967,-3929.6168,0.25777089,0.5192974,0.13320681,3.9880111,0.06961628,79.999979
34.489967,-3930.1118,0.25773228,0.53693668,0.14150309,3.5406746,0.075666482,79.999979
34.499967,-3929.2357,0.25725817,0.56518486,0.11821947,4.861474,0.067676472,79.999979
34.509967,-3930.4375,0.25719188,0.51540125,0.13747721,4.4012115,0.062572356,79.999979
34.519967,-3932.3333,0.25729672,0.52254517,0.11694594,4.3839799,0.061256633,79.999979
34.529967,-3930.3966,0.25782323,0.53285326,0.14143808,3.7640607,0.075256548,79.999979
34.539967,-3929.827,0.25790058,0.51874635,0.1536813,3.4141088,0.079714911,79.999979
34.549967,-3929.2573,0.25798701,0.52488677,0.16592451,3.0641568,0.08362908,79.999979
34.559967,-3930.5897,0.25765728,0.55725129,0.12285615,4.365312,0.068239853,79.999979
34.569967,-3932.037,0.25651055,0.50820337,0.1527667,3.8382139,0.072048384,79.999979
34.579967,-3929.9589,0.25735986,0.48589681,0.10339462,4.5208332,0.050403538,79.999979
34.589967,-3931.709,0.25707839,0.52185645,0.14404588,3.4748798,0.075232762,79.999979
34.599967,-3932.1942,0.2564603,0.51254491,0.13259883,3.6446163,0.068053838,79.999979
34.609967,-3932.6794,0.25671001,0.49929397,0.12115178,4.0755068,0.066418273,79.999979
34.619967,-3932.5259,0.25694977,0.50675955,0.13902942,3.0262177,0.067368789,79.999979
34.629967,-3932.266,0.25652382,0.59870109,0.12130762,4.0071866,0.07346804,79.999979
34.639967,-3931.3233,0.25668264,0.50370464,0.13170492,4.1468848,0.066248673,79.999979
34.649967,-3932.7584,0.25722835,0.52577789,0.11996015,4.204146,0.073323483,79.999979
34.659967,-3932.4545,0.25681004,0.53287041,0.11824701,4.3419901,0.065301559,79.999979
34.669967,-3932.1506,0.25651073,0.51256851,0.12305319,4.4099809,0.064177957,79.999979
34.679967,-3931.4218,0.256239,0.49215721,0.13717879,4.0382111,0.061993644,79.999979
34.689967,-3930.222,0.25605781,0.48705404,0.11638268,4.1959928,0.055899132,79.999979
34.699967,-3932.8486,0.25678219,0.51091029,0.10142333,4.9475112,0.051973945,79.999979
34.709967,-3931.8733,0.25659763,0.55031374,0.11876434,4.125974,0.067432442,79.999979
34.719967,-3931.945,0.25660352,0.55555159,0.12170068,4.5742975,0.067086518,79.999979
34.729967,-3932.0321,0.2566094,0.52175976,0.12833308,4.0856751,0.066296773,79.999979
34.739967,-3932.1192,0.25661528,0.48796793,0.13496547,3.5970528,0.065507029,79.999979
34.749967,-3933.7441,0.25651676,0.52951717,0.1011955,5.4929781,0.053624372,79.999979
34.759967,-3936.5807,0.25629948,0.57350059,0.11276995,5.06833,0.065701593,79.999979
34.769967,-3934.1991,0.25578127,0.54042127,0.14003752,4.0021005,0.075686395,79.999979
34.779967,-3935.564,0.25590071,0.55579339,0.10092895,5.0027046,0.070132326,79.999979
34.789967,-3936.9288,0.25607944,0.51127365,0.10184594,5.4095652,0.05916499,79.999979
34.799967,-3937.2169,0.25625817,0.46675391,0.10276294,4.5889957,0.048197654,79.999979
34.809967,-3937.0082,0.25639641,0.55381994,0.11280853,4.9321966,0.06022544,79.999979
34.819967,-3938.0023,0.25661425,0.53462523,0.12710383,4.6103988,0.067516825,79.999979
34.829967,-3938.6853,0.25654072,0.51394118,0.11897714,4.2522194,0.06091563,79.999979
34.839967,-3939.0663,0.25689479,0.53213054,0.1515221,3.3834939,0.080472836,79.999979
34.849967,-3939.167,0.25705957,0.53557126,0.12680236,4.0493908,0.068457035,79.999979
34.859967,-3939.8666,0.25722436,0.52306431,0.10436754,4.7413064,0.054709585,79.999979
34.869967,-3941.2002,0.25626851,0.52227869,0.098662481,5.7094206,0.052416359,79.999979
34.879967,-3938.2497,0.25590808,0.55841897,0.10853764,4.9618195,0.060297684,79.999979
34.889967,-3941.0928,0.25600374,0.54512956,0.1118731,4.9377025,0.0583492,79.999979
34.899967,-3942.6704,0.25519053,0.52405586,0.12963865,4.1819007,0.065328948,79.999979
34.909967,-3941.5829,0.25541781,0.49854766,0.16093355,3.0208462,0.076891157,79.999979
34.919967,-3940.4954,0.25564508,0.49693595,0.14561913,3.2102052,0.071515915,79.999979
34.929967,-3939.2607,0.25584013,0.48663251,0.099091578,4.3343744,0.049676497,79.999979
34.939967,-3941.2018,0.25589317,0.5473823,0.12478547,4.7914387,0.069288011,79.999979
34.949967,-3940.9846,0.25767731,0.5098172,0.12503169,4.0687559,0.063704565,79.999979
34.959967,-3942.1619,0.25649458,0.51998734,0.14652561,3.2619327,0.076185231,79.999979
34.969967,-3942.2815,0.2565732,0.52111359,0.11182141,4.4339729,0.069664586,79.999979
34.979967,-3942.4011,0.25665182,0.52113229,0.11305185,4.5144098,0.063061555,79.999979
34.989967,-3942.5208,0.25667695,0.50651688,0.11025898,4.5115127,0.05561235,79.999979
34.999967,-3944.6738,0.25529977,0.53871657,0.1140295,4.4893183,0.061393434,79.999979
35.009967,-3942.1354,0.25631305,0.52417133,0.12616324,4.0214024,0.064922304,79.999979
35.019967,-3944.5119,0.2558523,0.53780417,0.10342109,5.1725619,0.060078174,79.999979
35.029967,-3944.7778,0.25611216,0.52961335,0.10774782,4.7177748,0.057149132,79.999979
35.039967,-3945.3638,0.25635562,0.54033354,0.10058188,4.9420188,0.057106404,79.999979
35.049967,-3946.346,0.25659908,0.58963038,0.11450589,5.1662627,0.068003875,79.999979
35.059967,-3945.342,0.25657325,0.50592879,0.11726277,4.3915641,0.059351039,79.999979
35.069967,-3944.5873,0.2567714,0.48789257,0.12195344,4.1958116,0.059424015,79.999979
35.079967,-3948.2133,0.25648806,0.50014962,0.12678987,3.4685645,0.064097176,79.999979
35.089967,-3947.7848,0.25663661,0.46808034,0.11679739,3.8304016,0.054674734,79.999979
35.099967,-3947.1988,0.25647335,0.50140028,0.11453006,3.9731954,0.059378122,79.999979
35.109967,-3946.6128,0.25619135,0.57258478,0.12826502,4.1159892,0.07369196,79.999979
35.119967,-3945.2828,0.25642056,0.48955488,0.11194129,4.1205348,0.053009059,79.999979
35.129966,-3948.2877,0.25748978,0.57770186,0.12561684,4.4869337,0.07296918,79.999979
35.139966,-3947.5055,0.25591704,0.52136449,0.12092349,4.2283452,0.059573757,79.999979
35.149966,-3948.775,0.25588426,0.59743163,0.11472068,4.412278,0.069077607,79.999979
35.159966,-3949.3066,0.25580042,0.57687416,0.1221396,4.6270074,0.073286965,79.999979
35.169966,-3949.8382,0.25571659,0.55631669,0.13565568,4.2882402,0.077496322,79.999979
35.179966,-3950.3698,0.25529281,0.53967218,0.15267129,3.459913,0.080239632,79.999979
35.189966,-3951.3003,0.25560397,0.58027652,0.1123205,5.213856,0.066694151,79.999979
35.199966,-3950.52,0.25515537,0.51506315,0.116313,4.30181,0.05991211,79.999979
35.209966,-3949.1152,0.25568056,0.48652655,0.15108998,3.48537,0.073480066,79.999979
35.219966,-3949.1845,0.25575588,0.48996349,0.16956796,2.7416684,0.077124952,79.999979
35.229966,-3949.2538,0.2558312,0.49812352,0.16029026,2.9906052,0.079583547,79.999979
35.239966,-3950.8558,0.25591832,0.57051904,0.10791496,5.1635137,0.059651186,79.999979
35.249966,-3952.2835,0.25642859,0.47502297,0.12200392,3.9301641,0.057950779,79.999979
35.259966,-3950.2312,0.25622824,0.55792572,0.12159064,5.0785704,0.067551772,79.999979
35.269966,-3952.5897,0.25585388,0.57041196,0.11235665,4.3876346,0.064318798,79.999979
35.279966,-3953.1519,0.25597032,0.55505107,0.11467185,4.9177627,0.063544868,79.999979
35.289966,-3953.7349,0.25593091,0.53272777,0.11672333,4.7497194,0.063353426,79.999979
35.299966,-3954.2962,0.25579271,0.58164374,0.12943702,4.2240062,0.084821912,79.999979
35.309966,-3952.0061,0.25499959,0.51415477,0.11393988,4.0915355,0.058611336,79.999979
35.319966,-3954.5929,0.25649209,0.5065921,0.12057526,4.0808501,0.060990106,79.999979
35.329966,-3955.701,0.25589981,0.51218858,0.15001819,3.871357,0.071713994,79.999979
35.339966,-3955.4492,0.25578275,0.49130837,0.11872857,3.8773036,0.058652116,79.999979
35.349966,-3954.7521,0.25565121,0.53002113,0.10796666,4.1378359,0.05696295,79.999979
35.359966,-3954.055,0.25553285,0.56068338,0.099777322,5.1241157,0.056747818,79.999979
35.369966,-3955.3674,0.25518776,0.51956569,0.10075038,5.5267552,0.053042463,79.999979
35.379966,-3957.0644,0.25623567,0.55636167,0.11845719,4.8675182,0.065772572,79.999979
35.389966,-3955.5131,0.25589681,0.51361334,0.15111154,3.4411527,0.061655424,79.999979
35.399966,-3955.811,0.25596991,0.51214025,0.10883534,4.77228,0.056059913,79.999979
35.409966,-3956.589,0.25596991,0.52217127,0.11885543,4.2613157,0.06210191,79.999979
35.419966,-3957.367,0.25596991,0.54747533,0.12190552,4.3383395,0.066740994,79.999979
35.429966,-3957.8845,0.25548666,0.59842993,0.12522427,4.6156013,0.074961979,79.999979
35.439966,-3958.3435,0.2567197,0.51590053,0.12298962,4.2130661,0.062861911,79.999979
35.449966,-3958.9139,0.2562609,0.52049688,0.12132495,4.3637614,0.072459051,79.999979
35.459966,-3959.931,0.25656341,0.50139649,0.10554438,4.773014,0.056422472,79.999979
35.469966,-3959.931,0.25614633,0.50589936,0.12049431,4.291202,0.069009429,79.999979
35.479966,-3959.931,0.25572924,0.51040224,0.15716752,3.3044474,0.081596385,79.999979
35.489966,-3960.7012,0.25516957,0.49286174,0.12572825,3.7833688,0.061290999,79.999979
35.499966,-3960.1319,0.25580899,0.50180085,0.11069565,4.4514845,0.055817357,79.999979
35.509966,-3961.3149,0.25608386,0.54179453,0.15234197,3.3178081,0.082616108,79.999979
35.519966,-3960.3859,0.25685644,0.49057187,0.15993166,2.9438928,0.078457095,79.999979
35.529966,-3959.8715,0.256733,0.50394166,0.13657763,3.4724447,0.075250702,79.999979
35.539966,-3959.3571,0.25660957,0.51762222,0.1315434,3.7553361,0.072409705,79.999979
35.549966,-3960.0707,0.25648613,0.50643518,0.12902464,3.8375136,0.065499003,79.999979
35.559966,-3963.7636,0.25579443,0.51075944,0.11997903,4.8071532,0.063958396,79.999979
35.569966,-3964.8331,0.25585012,0.52422059,0.10899638,4.8024676,0.057197429,79.999979
35.579966,-3965.7403,0.25523845,0.53346118,0.13119205,3.9074219,0.068419281,79.999979
35.589966,-3965.8009,0.25562849,0.56993508,0.11425856,4.809716,0.065835614,79.999979
35.599966,-3965.8009,0.25573797,0.55735227,0.10857882,5.183508,0.065530036,79.999979
35.609966,-3965.7733,0.25573797,0.52097325,0.11872485,4.5916276,0.066443034,79.999979
35.619966,-3966.8464,0.25562122,0.52760369,0.12468545,4.1758314,0.066937084,79.999979
35.629966,-3964.4183,0.25493816,0.4711095,0.1102627,4.3616002,0.051927999,79.999979
35.639966,-3967.6787,0.25616937,0.50866618,0.094999307,5.3282868,0.051097838,79.999979
35.649966,-3967.9382,0.25541015,0.51243166,0.1239204,3.8625012,0.06678322,79.999979
35.659966,-3967.6159,0.25541015,0.53895828,0.11265217,4.4516527,0.064154945,79.999979
35.669966,-3967.4662,0.25541015,0.56548489,0.10853406,5.0501981,0.06152667,79.999979
35.679966,-3966.3122,0.25528022,0.60000928,0.12198646,4.4415551,0.076478872,79.999979
35.689966,-3968.6394,0.25509469,0.51131573,0.11407108,4.1262119,0.05914912,79.999979
35.699966,-3970.0613,0.2552607,0.5763145,0.11661038,4.2341226,0.067218035,79.999979
35.709966,-3968.1063,0.25609682,0.50338894,0.12248525,4.1726458,0.057555421,79.999979
35.719966,-3968.4264,0.25569967,0.51905251,0.11863877,4.0591325,0.059620261,79.999979
35.729966,-3968.4264,0.25530252,0.52797378,0.11479229,4.4933071,0.061382253,79.999979
35.739966,-3969.275,0.25519576,0.5037751,0.14294374,3.4006477,0.066636165,79.999979
35.749966,-3971.7305,0.25529998,0.50913975,0.10725662,4.9985079,0.054582775,79.999979
35.759966,-3969.0463,0.25522905,0.47617611,0.11514121,4.5156119,0.055019164,79.999979
35.769966,-3972.9765,0.2553093,0.51995154,0.10379372,4.9117672,0.056414388,79.999979
35.779966,-3973.6059,0.25531662,0.51314383,0.10176397,4.9464,0.053721067,79.999979
35.789966,-3974.2352,0.25532393,0.50633611,0.099734225,4.9810328,0.051027747,79.999979
35.799966,-3974.8646,0.25532898,0.50094142,0.14476695,3.784427,0.073412129,79.999979
35.809966,-3975.8236,0.25528974,0.52892608,0.13903851,3.5780618,0.073571368,79.999979
35.819966,-3976.5442,0.25516596,0.49059129,0.098898404,5.3038868,0.048538281,79.999979
35.829966,-3977.0751,0.25551476,0.51755297,0.16001069,3.1052331,0.082763316,79.999979
35.839966,-3977.3636,0.25526294,0.52688141,0.13812544,3.7459838,0.072749442,79.999979
35.849966,-3977.652,0.25533065,0.50836376,0.11624018,4.3867345,0.065424601,79.999979
35.859966,-3977.1806,0.2553984,0.50976502,0.13389044,4.2804732,0.059406602,79.999979
35.869966,-3974.3164,0.25584198,0.51438277,0.10209374,4.870956,0.058718583,79.999979
35.879966,-3976.4737,0.25471132,0.53380145,0.12883529,3.9599723,0.066619392,79.999979
35.889966,-3979.3968,0.25559862,0.49217175,0.14010185,3.9262539,0.069079115,79.999979
35.899966,-3978.6373,0.25540062,0.51684632,0.124899,3.7130703,0.064310855,79.999979
35.909966,-3977.8763,0.25502026,0.52423975,0.10303375,4.3833971,0.058056532,79.999979
35.919966,-3977.1153,0.25463991,0.52288978,0.10632191,5.0313884,0.055910998,79.999979
35.929966,-3978.1837,0.25515027,0.51423363,0.11857178,4.9559079,0.061271442,79.999979
35.939966,-3980.0773,0.25443207,0.53626928,0.118626,4.7281953,0.063660528,79.999979
35.949966,-3978.6906,0.25563619,0.53461697,0.15704778,3.3211296,0.071634219,79.999979
35.959966,-3980.4093,0.25566317,0.5321803,0.1207536,4.4674756,0.064352932,79.999979
35.969966,-3980.4093,0.25569071,0.49595291,0.11706713,4.3677945,0.057818141,79.999979
35.979966,-3980.4093,0.25574251,0.49048476,0.11296076,4.2957267,0.054692908,79.999979
35.989966,-3980.9595,0.25515714,0.48288009,0.11335957,4.3104093,0.054751769,79.999979
35.999966,-3981.257,0.25562223,0.5174204,0.097858074,5.1447158,0.051275182,79.999979
36.009966,-3982.8246,0.25445578,0.51401714,0.11228346,4.5086822,0.0578305,79.999979
36.019966,-3983.4145,0.25408203,0.59527384,0.13145941,4.9936426,0.07823224,79.999979
36.029966,-3983.5074,0.25408203,0.60426746,0.12577889,4.4556871,0.075982072,79.999979
36.039966,-3984.2487,0.25408203,0.5408966,0.12009836,4.8635692,0.064337165,79.999979
36.049966,-3984.99,0.25485178,0.48987203,0.10262962,4.7782601,0.051943758,79.999979
36.059966,-3982.464,0.2546789,0.57233388,0.13096595,4.2544237,0.075051213,79.999979
36.069966,-3984.069,0.25436351,0.5612591,0.11437863,4.7819575,0.063816415,79.999979
36.079966,-3983.8199,0.25511802,0.49791994,0.10984016,4.3620313,0.055615866,79.999979
36.089966,-3983.2823,0.25511802,0.53312885,0.11197035,4.5072216,0.058069771,79.999979
36.099966,-3982.7447,0.25511802,0.56448142,0.10629078,4.9751222,0.059358261,79.999979
36.109966,-3982.5346,0.25511802,0.53874083,0.10350948,5.4836604,0.055764106,79.999979
36.119966,-3985.3477,0.25481673,0.4988337,0.12708419,3.8019907,0.060262095,79.999979
36.129966,-3986.2723,0.25435955,0.49600922,0.11900642,4.0694696,0.059051349,79.999979
36.139966,-3986.3535,0.25513729,0.50813461,0.11241228,3.844199,0.05728856,79.999979
36.149966,-3987.663,0.2551068,0.51097838,0.10035467,4.5232322,0.052493804,79.999979
36.159966,-3988.4499,0.25507632,0.50885731,0.096841514,5.0237508,0.049580699,79.999979
36.169966,-3988.2892,0.25504584,0.51910322,0.093328355,5.310915,0.049978743,79.999979
36.179965,-3988.1514,0.2550391,0.48412681,0.11008744,4.073443,0.051565247,79.999979
36.189965,-3987.6411,0.25519683,0.52007163,0.10611767,4.8853435,0.055187108,79.999979
36.199965,-3989.4885,0.25431787,0.49018482,0.12618494,3.7822344,0.058864705,79.999979
36.209965,-3989.6333,0.2540911,0.5897196,0.14625497,3.7225688,0.086190873,79.999979
36.219965,-3989.6161,0.25398913,0.58204311,0.13781565,4.114482,0.078937148,79.999979
36.229965,-3989.9747,0.25388716,0.53715245,0.12848718,4.5063952,0.064155845,79.999979
36.239965,-3990.5178,0.2547497,0.54891864,0.10915446,5.0133651,0.062552255,79.999979
36.249965,-3989.8328,0.25506157,0.54904081,0.10953962,4.3992183,0.060113765,79.999979
36.259965,-3992.6412,0.25453375,0.53731845,0.11489721,5.2409078,0.071400185,79.999979
36.269965,-3992.9424,0.25507902,0.5110106,0.11223447,4.4533217,0.057383916,79.999979
36.279965,-3992.4053,0.2548186,0.50197444,0.10842214,4.5310541,0.054663148,79.999979
36.289965,-3991.8683,0.25455817,0.5017345,0.10889623,4.5076727,0.05467835,79.999979
36.299965,-3991.3108,0.25393565,0.5580037,0.10832357,4.9003804,0.060480896,79.999979
36.309965,-3993.4326,0.25423287,0.49515207,0.10598175,4.5913313,0.056646916,79.999979
36.319965,-3993.3487,0.25433303,0.49704391,0.11239521,4.3957686,0.059418562,79.999979
36.329965,-3993.3704,0.25297065,0.49893575,0.11880868,4.2002058,0.062190207,79.999979
36.339965,-3993.532,0.25297065,0.50082759,0.12522215,4.004643,0.064961853,79.999979
36.349965,-3995.1539,0.25321708,0.50271943,0.13163561,3.8090803,0.067733498,79.999979
36.359965,-3996.9872,0.25440187,0.50461127,0.13804908,3.6135175,0.070505144,79.999979
36.369965,-4000.1175,0.25463934,0.50650311,0.14446255,3.4179547,0.073276789,79.999979
36.379965,-4001.1638,0.2537463,0.84966271,0.21314767,3.4777123,0.34026753,79.999979
36.389965,-4003.0837,0.25380198,1.248873,0.30160222,3.6185266,0.65065427,79.999979
36.399965,-4004.4934,0.25397158,1.6480832,0.39005677,3.7593409,0.96104102,79.999979
36.409965,-4004.4934,0.25400605,2.0472935,0.47851133,3.9001553,1.2714278,79.999979
36.419965,-4004.8975,0.25395799,2.4465037,0.56696588,4.0409696,1.5818145,79.999979
36.429965,-4006.4185,0.25386587,2.845714,0.65542043,4.1817839,1.8922012,79.999979
36.439965,-4005.6204,0.25327686,2.9030674,0.67191017,4.2197773,1.9392118,79.999979
36.449965,-4011.8453,0.25462424,2.9091727,0.67231536,4.2262254,1.9467393,79.999979
36.459965,-4009.6229,0.25385237,2.915278,0.67272055,4.2326735,1.9542668,79.999979
36.469965,-4010.3507,0.25370796,2.9213833,0.67312574,4.2391216,1.9617944,79.999979
36.479965,-4011.9322,0.25404811,2.9274886,0.67353094,4.2455696,1.9693219,79.999979
36.489965,-4010.7069,0.25398023,2.9335939,0.67393613,4.2520177,1.9768495,79.999979
36.499965,-4017.772,0.25366197,2.9394459,0.67238946,4.2709525,1.9757971,79.999979
36.509965,-4017.9026,0.25390322,2.9452721,0.67037841,4.292858,1.9738713,79.999979
36.519965,-4020.7172,0.25318763,2.9510983,0.66836737,4.3147634,1.9719455,79.999979
36.529965,-4021.417,0.25331307,2.9569245,0.66635633,4.3366689,1.9700197,79.999979
36.539965,-4023.0277,0.25346945,2.9627507,0.66434528,4.3585744,1.968094,79.999979
36.549965,-4156.7532,0.24628183,2.9685769,0.66233424,4.3804799,1.9661682,79.999979
36.559965,-4247.1048,0.24631289,2.9507403,0.68299946,4.220256,2.0153597,79.999979
36.569965,-4247.6775,0.24574726,3.0505943,0.70626517,4.2381576,2.1574069,79.999979
36.579965,-4241.6518,0.24590177,2.9809934,0.71699354,4.12061,2.1188914,79.999979
36.589965,-4239.0431,0.24640929,2.9970293,0.71035963,4.0701431,2.1187079,79.999979
36.599965,-4236.4344,0.24662387,3.0130651,0.70372573,4.1704537,2.1185244,79.999979
36.609965,-4228.3673,0.24683844,3.0078477,0.69179905,4.1852361,2.0806598,79.999979
36.619965,-4204.5452,0.24825199,3.0498409,0.69831029,4.2714856,2.1297184,79.999979
36.629965,-4183.147,0.24854018,3.027967,0.70183903,4.2150972,2.1251816,79.999979
36.639965,-4160.9626,0.24816306,3.0867424,0.70310476,4.2052101,2.1772886,79.999979
36.649965,-4158.1096,0.2485333,3.0603959,0.70777231,4.2989329,2.1699121,79.999979
36.659965,-4155.2566,0.24890355,3.0340493,0.71243986,4.207789,2.1625356,79.999979
36.669965,-4151.3218,0.24922823,3.0333509,0.74591065,3.9948123,2.2627632,79.999979
36.679965,-4131.8849,0.2507448,3.0965783,0.69230243,4.3602471,2.1392174,79.999979
36.689965,-4103.4577,0.25167704,3.0752933,0.70990906,4.2391674,2.1829609,79.999979
36.699965,-4083.1332,0.25338697,3.0236357,0.718061,4.1086208,2.1711119,79.999979
36.709965,-4072.6689,0.25309165,3.1112551,0.69786456,4.2382378,2.170847,79.999979
36.719965,-4068.6481,0.25279632,3.1049299,0.69361122,4.3678548,2.164543,79.999979
36.729965,-4064.6273,0.25264386,3.0743747,0.70325423,4.3489652,2.1596339,79.999979
36.739965,-4050.7559,0.2534373,3.1399011,0.70617834,4.333379,2.2181682,79.999979
36.749965,-4022.4792,0.25391056,3.0876009,0.69987821,4.3078182,2.163071,79.999979
36.759965,-4000.1308,0.25526183,3.1479399,0.72000969,4.2949576,2.2595756,79.999979
36.769965,-3991.1741,0.2564802,3.1161245,0.71072794,4.2844424,2.2151082,79.999979
36.779965,-3987.0323,0.25658722,3.0863979,0.70018056,4.2943753,2.1665643,79.999979
36.789965,-3982.8904,0.25669424,3.0925116,0.70083635,4.3043082,2.1679872,79.999979
36.799965,-3973.1011,0.25710195,3.0777405,0.72093215,4.1669153,2.2188424,79.999979
36.809965,-3950.8904,0.25728935,3.1338642,0.74235493,4.2250255,2.3258786,79.999979
36.819965,-3927.3273,0.25830846,3.1174222,0.70920987,4.3195629,2.2107874,79.999979
36.829965,-3913.4253,0.25929436,3.145055,0.71677972,4.3233445,2.256749,79.999979
36.839965,-3910.4308,0.25969978,3.0798087,0.72296668,4.22814,2.2161996,79.999979
36.849965,-3907.4362,0.25980491,3.0850631,0.72915365,4.1329354,2.1793118,79.999979
36.859965,-3896.6567,0.25978425,3.0846077,0.71553359,4.2189927,2.2071374,79.999979
36.869965,-3878.6588,0.25978385,0.51569322,0.1427082,3.7622912,0.073451775,79.999979
36.879965,-3851.7252,0.25971232,0.51060281,0.12507191,3.8266453,0.062508386,79.999979
36.889965,-3844.5222,0.25974005,0.54303214,0.116021,4.4491426,0.062801125,79.999979
36.899965,-3843.7131,0.26001515,0.59248189,0.11038894,4.4136907,0.064944042,79.999979
36.909965,-3842.904,0.2602776,0.64193164,0.10475689,5.6058796,0.067086958,79.999979
36.919965,-3842.324,0.26053827,0.51523873,0.1009093,5.3686606,0.052147983,79.999979
36.929965,-3843.2754,0.26009985,0.50664113,0.11605558,4.2547024,0.056410798,79.999979
36.939965,-3849.8095,0.25934258,0.54376849,0.10931979,5.3535004,0.059213017,79.999979
36.949965,-3850.2923,0.26104989,0.48867555,0.094941278,5.1346883,0.046328238,79.999979
36.959965,-3852.5032,0.25976127,0.58920998,0.10186824,4.8591804,0.06155381,79.999979
36.969965,-3854.0502,0.25943377,0.54479142,0.11728983,4.2683461,0.062296173,79.999979
36.979965,-3854.0502,0.25931747,0.55749021,0.11293664,4.6626712,0.06534769,79.999979
36.989965,-3854.0502,0.25931747,0.52841082,0.11826074,4.9568277,0.063869173,79.999979
36.999965,-3856.5406,0.25918971,0.53309441,0.1084286,5.0459094,0.055269421,79.999979
37.009965,-3853.6092,0.26073911,0.50954248,0.13669111,3.6076938,0.069628441,79.999979
37.019965,-3857.5335,0.25929649,0.58449147,0.10660709,5.1366779,0.062340894,79.999979
37.029965,-3859.5387,0.25869159,0.5074476,0.11345337,4.450009,0.067158693,79.999979
37.039965,-3859.3518,0.25880067,0.49824749,0.10870488,4.7661176,0.065658541,79.999979
37.049965,-3859.165,0.2589073,0.48986951,0.12981761,3.7107924,0.063566931,79.999979
37.059965,-3858.8452,0.25919832,0.51517206,0.13519889,3.9257331,0.06981015,79.999979
37.069965,-3862.7301,0.25941574,0.49088819,0.11191633,4.3704484,0.058296614,79.999979
37.079965,-3866.3525,0.2585354,0.50409867,0.1338394,3.8848001,0.063397634,79.999979
37.089965,-3865.3928,0.25970165,0.52633437,0.1005904,5.1848935,0.052947227,79.999979
37.099965,-3866.13,0.25967328,0.50750046,0.10017874,5.0963838,0.051683403,79.999979
37.109965,-3867.0876,0.2596449,0.51479634,0.10086478,5.007874,0.057190115,79.999979
37.119965,-3868.0452,0.25963244,0.54331968,0.13072357,3.8865015,0.064390887,79.999979
37.129965,-3870.0335,0.25907773,0.59134596,0.10668654,4.6036233,0.059423984,79.999979
37.139965,-3868.7129,0.25881188,0.53391571,0.10119141,4.6205831,0.053755158,79.999979
37.149965,-3870.2473,0.25958741,0.51320555,0.10991899,3.8349387,0.063999531,79.999979
37.159965,-3869.3967,0.2595497,0.51574511,0.10599671,4.5338555,0.059173594,79.999979
37.169965,-3869.5136,0.259512,0.51828467,0.10207443,4.9017924,0.054347658,79.999979
37.179965,-3869.8201,0.25898432,0.522895,0.09993349,5.1291123,0.052276748,79.999979
37.189965,-3868.9783,0.25882531,0.51409198,0.13592169,4.0202603,0.065129964,79.999979
37.199965,-3867.5296,0.25901416,0.49435327,0.16481635,2.8845314,0.060832932,79.999979
37.209965,-3867.5296,0.2591261,0.52162686,0.1138223,4.4091114,0.058075251,79.999979
37.219965,-3867.6734,0.25926432,0.52329097,0.11842665,4.3118936,0.060669972,79.999979
37.229964,-3868.0811,0.25940253,0.52495509,0.12065317,4.249789,0.063264693,79.999979
37.239964,-3868.564,0.25826548,0.50044354,0.12538357,3.9386349,0.062600169,79.999979
37.249964,-3867.8149,0.25884801,0.56651206,0.10648616,5.3385115,0.064163013,79.999979
37.259964,-3872.3949,0.25922869,0.58341321,0.11176564,5.6693757,0.070844573,79.999979
37.269964,-3870.8501,0.25852663,0.4953322,0.10669719,4.5180447,0.052820031,79.999979
37.279964,-3871.2691,0.25885865,0.54018666,0.11129921,5.1049637,0.061390091,79.999979
37.289964,-3872.546,0.25896055,0.52910247,0.12283512,4.660622,0.065460281,79.999979
37.299964,-3874.4185,0.25906245,0.51226323,0.12973222,3.8437798,0.065459046,79.999979
37.309964,-3876.5635,0.2576524,0.50375714,0.11827421,4.0737176,0.059570365,79.999979
37.319964,-3878.3471,0.25907565,0.50263367,0.11420133,4.512044,0.057397126,79.999979
37.329964,-3878.8636,0.25834503,0.5010551,0.13851454,3.5631987,0.069465245,79.999979
37.339964,-3879.1295,0.258621,0.49813475,0.10091758,4.4927081,0.057657073,79.999979
37.349964,-3879.5426,0.25840894,0.51050241,0.1032407,4.8229861,0.056397421,79.999979
37.359964,-3880.1162,0.25819688,0.52191048,0.10556381,4.8464477,0.055204878,79.999979
37.369964,-3881.5206,0.25882258,0.50705509,0.11416416,4.6651415,0.058023769,79.999979
37.379964,-3878.6829,0.25889269,0.52392619,0.11619458,4.2902699,0.060880406,79.999979
37.389964,-3883.2727,0.25851423,0.51293664,0.13334555,3.9178206,0.068463211,79.999979
37.399964,-3884.0044,0.2586243,0.60720374,0.12919554,4.3863408,0.08085194,79.999979
37.409964,-3885.0468,0.25859056,0.56325827,0.12029058,4.9137529,0.071278639,79.999979
37.419964,-3885.1907,0.25855681,0.5193128,0.11773863,4.4064047,0.061705339,79.999979
37.429964,-3883.9592,0.25843096,0.50207819,0.10630375,4.5979506,0.053871545,79.999979
37.439964,-3886.6078,0.25775848,0.56824982,0.10333862,5.1783474,0.061091643,79.999979
37.449964,-3889.2672,0.25802779,0.52914368,0.11159632,4.1186682,0.059056486,79.999979
37.459964,-3887.791,0.25816491,0.51771362,0.11024673,4.8483124,0.057132141,79.999979
37.469964,-3888.0204,0.2583115,0.52685809,0.13446099,4.3435428,0.068845412,79.999979
37.479964,-3889.0594,0.25845809,0.55136672,0.12643944,3.8387733,0.06785709,79.999979
37.489964,-3890.0985,0.25792861,0.55589105,0.14192132,4.3513646,0.081636999,79.999979
37.499964,-3896.0534,0.25785669,0.51059351,0.16072267,3.1868104,0.077680845,79.999979
37.509964,-3894.9622,0.25803253,0.50301034,0.11963646,4.2364356,0.063124801,79.999979
37.519964,-3897.8493,0.25759663,0.54576828,0.12323926,4.4736362,0.064713313,79.999979
37.529964,-3897.8493,0.25759663,0.51657423,0.14169426,3.9299759,0.07248033,79.999979
37.539964,-3897.8493,0.25759663,0.50476589,0.1462067,3.4532975,0.073528807,79.999979
37.549964,-3897.8493,0.25747576,0.53430959,0.11497288,4.544061,0.061057968,79.999979
37.559964,-3898.4047,0.25704144,0.58411669,0.14419435,4.0372606,0.084582579,79.999979
37.569964,-3901.8394,0.25744755,0.51382368,0.15575192,3.0853994,0.07997923,79.999979
37.579964,-3903.5746,0.25765271,0.57214184,0.13861242,3.9173882,0.077193642,79.999979
37.589964,-3903.5746,0.25765271,0.58013886,0.1465784,3.949914,0.076795081,79.999979
37.599964,-3903.5746,0.25765271,0.55860557,0.13133449,4.1525125,0.069276918,79.999979
37.609964,-3902.6598,0.25765271,0.52315639,0.10726481,4.4347358,0.056385767,79.999979
37.619964,-3904.6188,0.25822738,0.55634693,0.109911,4.7667281,0.061648759,79.999979
37.629964,-3906.8017,0.25782824,0.55809632,0.10291283,5.8310295,0.062438367,79.999979
37.639964,-3905.0158,0.25725889,0.56734742,0.11087694,4.6527723,0.062959565,79.999979
37.649964,-3907.1329,0.25746164,0.51368008,0.12294018,4.4914439,0.061257661,79.999979
37.659964,-3908.0463,0.25746164,0.50202728,0.12135208,4.1744224,0.061035814,79.999979
37.669964,-3908.0463,0.25747486,0.53744325,0.11995153,3.9883541,0.064866084,79.999979
37.679964,-3908.4053,0.25813133,0.5210771,0.11043715,5.1737987,0.056989392,79.999979
37.689964,-3909.1491,0.25749622,0.56262718,0.11875844,4.6581808,0.067049229,79.999979
37.699964,-3911.6348,0.25743264,0.57624294,0.13620136,4.1931004,0.079702982,79.999979
37.709964,-3912.8151,0.25733783,0.55254063,0.15104021,3.5681542,0.07743894,79.999979
37.719964,-3913.0644,0.25733783,0.53511701,0.14420721,3.5997837,0.072928455,79.999979
37.729964,-3913.0644,0.25733783,0.51769339,0.13327697,3.7765663,0.06841797,79.999979
37.739964,-3912.7856,0.2569323,0.51263922,0.10995537,4.8918555,0.056562553,79.999979
37.749964,-3912.4085,0.25738063,0.56411828,0.11716411,4.9746448,0.068726233,79.999979
37.759964,-3913.8361,0.25745176,0.5230513,0.10403028,4.9650074,0.054420487,79.999979
37.769964,-3911.9245,0.2575403,0.49720367,0.11862834,4.0701748,0.058233164,79.999979
37.779964,-3911.7587,0.25776485,0.51893242,0.12310837,4.0108984,0.063817177,79.999979
37.789964,-3911.7566,0.25798941,0.51195929,0.1275884,3.951622,0.063464557,79.999979
37.799964,-3911.7566,0.25811963,0.55555274,0.11133226,4.4325211,0.071096439,79.999979
37.809964,-3914.4601,0.25659588,0.51946851,0.11853614,4.6660094,0.06485362,79.999979
37.819964,-3914.6293,0.25765645,0.51683412,0.11248988,4.7110054,0.056778271,79.999979
37.829964,-3916.8422,0.25714733,0.51446139,0.14617883,3.4197414,0.075230681,79.999979
37.839964,-3917.2372,0.25720198,0.49640413,0.13727918,3.676971,0.068162487,79.999979
37.849964,-3917.4608,0.25725663,0.50206576,0.12837953,3.9342005,0.0639855,79.999979
37.859964,-3917.6843,0.25731129,0.51004465,0.11947988,4.1914301,0.060090975,79.999979
37.869964,-3917.9079,0.25736594,0.51802354,0.11058023,4.4486597,0.05619645,79.999979
37.879964,-3918.1315,0.25741439,0.52533637,0.10239938,4.9638526,0.05378403,79.999979
37.889964,-3917.5873,0.25725145,0.5169162,0.10601171,4.7960679,0.054977311,79.999979
37.899964,-3917.0695,0.25687125,0.49292293,0.099823834,5.3613127,0.051436434,79.999979
37.909964,-3916.7964,0.25689128,0.49373796,0.11329271,4.7075454,0.054609021,79.999979
37.919964,-3916.9126,0.25708836,0.49472012,0.12304639,3.9066379,0.058878901,79.999979
37.929964,-3919.3251,0.2568365,0.51340896,0.1274034,4.0996842,0.065346846,79.999979
37.939964,-3921.2641,0.25724017,0.51171736,0.12049797,4.4050638,0.061624471,79.999979
37.949964,-3919.6972,0.25760309,0.56081282,0.1081287,5.3891209,0.060390945,79.999979
37.959964,-3921.8289,0.25696268,0.53092818,0.11947401,4.0302949,0.06340678,79.999979
37.969964,-3922.3183,0.25666741,0.54027178,0.11760564,4.3828699,0.063507885,79.999979
37.979964,-3922.8077,0.25667375,0.54961537,0.11573727,4.6238341,0.063608989,79.999979
37.989964,-3923.3174,0.25651092,0.4928438,0.12829125,3.7363146,0.061884991,79.999979
37.999964,-3923.7837,0.25652465,0.48417084,0.11434702,4.2730877,0.055364082,79.999979
38.009964,-3926.4856,0.25771525,0.48605581,0.12300586,4.0422765,0.059758563,79.999979
38.019964,-3927.5264,0.25760419,0.55090022,0.10622969,5.1196913,0.058843541,79.999979
38.029964,-3928.2057,0.25746555,0.59054122,0.11866013,5.0372891,0.069322698,79.999979
38.039964,-3928.8849,0.25736212,0.56557402,0.11881085,4.9548868,0.0669742,79.999979
38.049964,-3928.5008,0.25725869,0.49819039,0.11842715,4.5683033,0.058766058,79.999979
38.059964,-3927.3524,0.25622952,0.48825136,0.12197665,3.5434279,0.062709722,79.999979
38.069964,-3932.1087,0.25621571,0.52891823,0.11322219,4.614449,0.059896882,79.999979
38.079964,-3931.9049,0.25639753,0.5355657,0.11408871,4.7194037,0.060991374,79.999979
38.089964,-3931.4318,0.2563823,0.50783744,0.12582235,4.3161547,0.063842545,79.999979
38.099964,-3930.9588,0.25636707,0.51114366,0.1469336,3.9129056,0.075215477,79.999979
38.109964,-3930.4857,0.25681244,0.51407752,0.15440354,3.1958856,0.078393435,79.999979
38.119964,-3933.2658,0.25721819,0.51793106,0.1068361,4.5720453,0.055476922,79.999979
38.129964,-3935.5869,0.25708405,0.58206611,0.12066621,4.8456647,0.070180646,79.999979
38.139964,-3934.1714,0.25665946,0.57593122,0.12164677,4.9654739,0.07007002,79.999979
38.149964,-3934.1714,0.25665946,0.55349561,0.11756755,4.6149567,0.065253735,79.999979
38.159964,-3934.8261,0.25665946,0.53106,0.11348833,4.59312,0.06043745,79.999979
38.169964,-3936.2661,0.25658929,0.51379479,0.11041342,4.5712833,0.05719782,79.999979
38.179964,-3937.6077,0.25667933,0.51678858,0.11758771,4.2977737,0.060769294,79.999979
38.189964,-3938.2936,0.25612244,0.53060562,0.12933375,4.0064289,0.068628363,79.999979
38.199964,-3941.0311,0.25664336,0.53940098,0.10966742,4.5857974,0.059147124,79.999979
38.209964,-3940.6386,0.25676123,0.56408339,0.11288071,5.0830397,0.063295274,79.999979
38.219964,-3940.9425,0.25677046,0.51775599,0.11205248,4.775318,0.057872781,79.999979
38.229964,-3941.8576,0.25677969,0.47762909,0.11370788,4.1646863,0.054934644,79.999979
38.239964,-3942.457,0.25681954,0.5388524,0.12087096,3.9538651,0.064988936,79.999979
38.249964,-3941.2548,0.2566556,0.5172089,0.14065821,3.8279911,0.065968245,79.999979
38.259964,-3943.8504,0.25677801,0.51132875,0.093095472,4.9540355,0.047491928,79.999979
38.269964,-3945.2215,0.25595669,0.55030714,0.12156556,4.2674377,0.068944606,79.999979
38.279963,-3945.5684,0.25615399,0.55225722,0.13546022,4.1068447,0.07688402,79.999979
38.289963,-3945.7214,0.25634305,0.5542073,0.15305226,3.7219508,0.084823434,79.999979
38.299963,-3943.7718,0.25637664,0.50138582,0.12169536,3.9718676,0.061038813,79.999979
38.309963,-3947.274,0.2563844,0.55431879,0.14772458,4.1093192,0.082619132,79.999979
38.319963,-3948.3939,0.25693346,0.53313694,0.12806719,4.0247212,0.06828223,79.999979
38.329963,-3947.3332,0.25598625,0.49854894,0.11017538,4.0928511,0.054562321,79.999979
38.339963,-3948.1815,0.25618266,0.51997737,0.091286385,4.9368316,0.049519791,79.999979
38.349963,-3949.0297,0.25637907,0.52083571,0.11027434,5.7808122,0.057844362,79.999979
38.359963,-3949.969,0.25636862,0.50794484,0.1393353,3.1433318,0.067951426,79.999979
38.369963,-3952.9998,0.25622848,0.52384981,0.12053204,4.6688797,0.062223507,79.999979
38.379963,-3952.7042,0.25533476,0.50445311,0.11081465,4.1448093,0.055952775,79.999979
38.389963,-3954.5429,0.256098,0.53901374,0.13330145,4.0788079,0.07202789,79.999979
38.399963,-3954.9863,0.25596843,0.55554546,0.159695,3.7331535,0.084954975,79.999979
38.409963,-3955.4297,0.25583887,0.53659591,0.14752999,3.3874991,0.07742588,79.999979
38.419963,-3956.5211,0.25583531,0.48304827,0.12165254,3.8786757,0.058765089,79.999979
38.429963,-3955.3747,0.25532383,0.49599746,0.10154628,4.7951772,0.050325927,79.999979
38.439963,-3959.3833,0.25474931,0.52715268,0.11287074,4.546501,0.059521534,79.999979
38.449963,-3960.7115,0.25539002,0.52609921,0.1163911,4.414899,0.061233138,79.999979
38.459963,-3959.6229,0.25577255,0.52685958,0.11533345,4.4520871,0.06076445,79.999979
38.469963,-3958.974,0.25615507,0.53236088,0.11398086,4.4892753,0.05901236,79.999979
38.479963,-3958.3251,0.25655571,0.53831598,0.10631503,4.8761126,0.057137424,79.999979
38.489963,-3961.737,0.25628426,0.52770581,0.10489635,4.7358157,0.055231297,79.999979
38.499963,-3963.0491,0.2559386,0.55018081,0.13653415,4.3014295,0.073161559,79.999979
38.509963,-3962.7575,0.25604412,0.50824088,0.11202119,5.0269643,0.056861502,79.999979
38.519963,-3963.3984,0.25671569,0.5141835,0.10972635,4.3064773,0.056397037,79.999979
38.529963,-3963.9339,0.25669518,0.49802259,0.10145533,4.5923621,0.050839895,79.999979
38.539963,-3964.4065,0.25667468,0.5011374,0.09512296,4.9216191,0.051993912,79.999979
38.549963,-3966.0018,0.25515017,0.509693,0.13151884,3.5683431,0.063862421,79.999979
38.559963,-3964.3673,0.2557907,0.53052269,0.1118256,4.7782072,0.059376514,79.999979
38.569963,-3967.5054,0.25649682,0.54624363,0.12327465,4.2192606,0.070182033,79.999979
38.579963,-3967.7579,0.25589351,0.51271013,0.1128271,4.479795,0.056164208,79.999979
38.589963,-3971.7232,0.2559151,0.5668253,0.11894103,4.7054152,0.067449844,79.999979
38.599963,-3971.7916,0.25584697,0.58095358,0.13003315,4.5288187,0.075544608,79.999979
38.609963,-3971.86,0.25577885,0.54974424,0.12152696,4.3522222,0.065744324,79.999979
38.619963,-3971.9283,0.254885,0.52586584,0.10616743,4.8924433,0.060522253,79.999979
38.629963,-3974.4148,0.25497891,0.53412198,0.12191156,3.9822891,0.070509598,79.999979
38.639963,-3975.0964,0.25452283,0.50885237,0.11949619,4.1442525,0.061314283,79.999979
38.649963,-3977.335,0.25548976,0.51078653,0.11053873,4.4762631,0.057959278,79.999979
38.659963,-3976.872,0.25542489,0.51789456,0.1346077,4.0599284,0.069643372,79.999979
38.669963,-3976.0497,0.25525919,0.51899703,0.13766509,3.7352563,0.069874301,79.999979
38.679963,-3975.2274,0.25508649,0.52638265,0.12370476,3.7003815,0.066348388,79.999979
38.689963,-3976.4705,0.25576562,0.50504458,0.11508446,4.338326,0.056932447,79.999979
38.699963,-3979.0182,0.25544927,0.51333791,0.13541373,4.0097732,0.067724141,79.999979
38.709963,-3978.1152,0.25515017,0.52987368,0.15024569,3.4517207,0.079618136,79.999979
38.719963,-3978.0763,0.25517731,0.53382547,0.11425236,4.4734499,0.061119358,79.999979
38.729963,-3978.769,0.25521048,0.55333435,0.11468375,4.6100741,0.06351168,79.999979
38.739963,-3979.9751,0.25527214,0.55847049,0.11410177,4.8214208,0.063147081,79.999979
38.749963,-3981.1504,0.2554194,0.56053271,0.11850458,4.585193,0.066440517,79.999979
38.759963,-3982.6295,0.2557677,0.52328995,0.098707507,5.2312438,0.052573435,79.999979
38.769963,-3981.4042,0.25588698,0.52183373,0.13574718,4.4240411,0.07075412,79.999979
38.779963,-3981.3389,0.25595732,0.51864587,0.14169313,3.8015811,0.071970194,79.999979
38.789963,-3981.2737,0.25592114,0.51266344,0.1255469,3.6748489,0.066640575,79.999979
38.799963,-3984.2756,0.25559366,0.51950059,0.11155039,4.643529,0.057839871,79.999979
38.809963,-3986.8745,0.25476821,0.52988137,0.14111374,4.1702697,0.076090344,79.999979
38.819963,-3984.1341,0.25546279,0.5818725,0.14046994,4.2368083,0.080209093,79.999979
38.829963,-3985.6767,0.25556737,0.54870735,0.11750211,4.7887875,0.06787144,79.999979
38.839963,-3985.6127,0.25527269,0.51532974,0.11141996,4.5578087,0.057086164,79.999979
38.849963,-3985.6162,0.25497802,0.50850207,0.099275804,4.4690569,0.050481804,79.999979
38.859963,-3987.3175,0.25488999,0.52005069,0.10580391,4.7903598,0.055084899,79.999979
38.869963,-3986.037,0.25584824,0.51721761,0.11136175,4.5280846,0.061378434,79.999979
38.879963,-3990.1643,0.25474874,0.5122036,0.11249706,4.00078,0.057754999,79.999979
38.889963,-3989.9484,0.25518986,0.5688916,0.10783069,5.3145953,0.061319973,79.999979
38.899963,-3989.9026,0.25537104,0.55178794,0.15855308,3.2390224,0.085993922,79.999979
38.909963,-3990.1526,0.25537104,0.54422824,0.15687586,3.2958534,0.08447866,79.999979
38.919963,-3990.4025,0.25537104,0.53666855,0.15519864,3.3526844,0.082963399,79.999979
38.929963,-3990.6524,0.25557825,0.51302166,0.15352142,3.3743832,0.076650039,79.999979
38.939963,-3990.9507,0.25447816,0.50183644,0.12269247,4.8307793,0.065011327,79.999979
38.949963,-3990.4091,0.25452821,0.50525952,0.1170426,4.2254289,0.059154557,79.999979
38.959963,-3993.3158,0.2546412,0.54635587,0.11940498,4.87022,0.062472962,79.999979
38.969963,-3993.4146,0.25489793,0.52119721,0.1170034,4.3219556,0.057278558,79.999979
38.979963,-3993.4146,0.25520816,0.52556714,0.11507097,4.3516941,0.057587039,79.999979
38.989963,-3993.3593,0.25551839,0.52588093,0.11005778,4.6014841,0.058506158,79.999979
38.999963,-3992.2203,0.25647095,0.54274539,0.12239918,4.1180855,0.066465865,79.999979
39.009963,-3994.195,0.2536654,0.47535122,0.12944144,3.5688149,0.061485938,79.999979
39.019963,-3994.6894,0.25332809,0.47509066,0.10804969,5.0598032,0.056746186,79.999979
39.029963,-3992.2937,0.25356443,0.48442234,0.11749779,4.2601454,0.055004743,79.999979
39.039963,-3992.2937,0.25365795,0.50442194,0.11490038,4.1249453,0.054559578,79.999979
39.049963,-3992.2937,0.25375146,0.52442154,0.10403417,4.894968,0.054114413,79.999979
39.059963,-3992.9784,0.25399833,0.52979667,0.10305141,4.9575689,0.054595994,79.999979
39.069963,-3996.9651,0.2547322,0.52044318,0.1150602,6.0644744,0.059848195,79.999979
39.079963,-3996.3328,0.25461588,0.51319564,0.10914102,5.0782902,0.056016017,79.999979
39.089963,-3999.8758,0.25358847,0.58472477,0.099331869,3.9569481,0.057900049,79.999979
39.099963,-3999.8827,0.25364725,0.54090912,0.10473432,5.9543934,0.056173587,79.999979
39.109963,-3999.8896,0.25365844,0.49709347,0.11013677,4.8964887,0.054447125,79.999979
39.119963,-3999.8952,0.25365844,0.49006201,0.11603973,4.0998114,0.056895232,79.999979
39.129963,-4001.208,0.25371303,0.47710667,0.11504931,4.0797151,0.057969083,79.999979
39.139963,-3999.401,0.25374088,0.55827477,0.10735649,5.0218362,0.068869558,79.999979
39.149963,-4001.1393,0.25393265,0.50775701,0.10821832,4.6104077,0.054385813,79.999979
39.159963,-4001.5522,0.25351847,0.50726024,0.11471104,4.4131985,0.058010771,79.999979
39.169963,-4001.9651,0.25333861,0.5058037,0.11376865,4.2159893,0.056986936,79.999979
39.179963,-4002.378,0.25328762,0.5035445,0.10353299,4.7010419,0.052075301,79.999979
39.189963,-4001.4641,0.25359707,0.51966526,0.10821094,4.5522816,0.056195277,79.999979
39.199963,-4004.5672,0.25439808,0.5129174,0.11597725,4.3324663,0.058675367,79.999979
39.209963,-4004.7754,0.25419608,0.53261481,0.12996187,4.1284715,0.063316023,79.999979
39.219963,-4005.177,0.25396311,0.54918605,0.13415881,3.8712881,0.066495931,79.999979
39.229963,-4005.5787,0.25377294,0.56575728,0.12348026,4.4696762,0.069675839,79.999979
39.239963,-4005.958,0.25364268,0.51578609,0.11635884,4.5705461,0.060005698,79.999979
39.249963,-4006.9205,0.2537839,0.54613448,0.1169714,4.4633566,0.063910192,79.999979
39.259963,-4009.1533,0.2538093,0.55192954,0.12168862,4.5288312,0.067966836,79.999979
39.269963,-4008.1847,0.25317054,0.5204913,0.15456412,3.3877379,0.079739167,79.999979
39.279963,-4007.7337,0.25317054,0.48156506,0.11609094,4.0411172,0.058253511,79.999979
39.289963,-4007.7337,0.2530759,0.49323795,0.11618949,4.046677,0.055055211,79.999979
39.299963,-4007.9495,0.25292842,0.51330331,0.10382735,4.1438967,0.053236572,79.999979
39.309963,-4010.1426,0.25416247,0.55181104,0.10500631,5.1118965,0.059478121,79.999979
39.319963,-4012.463,0.25326954,0.53821367,0.11007552,4.6690108,0.060344281,79.999979
39.329962,-4012.8306,0.25400826,0.5014197,0.12690411,4.7697562,0.063230573,79.999979
39.339962,-4012.9507,0.25371804,0.53156135,0.14992583,3.2844953,0.078293596,79.999979
39.349962,-4013.0188,0.25371804,0.53643462,0.13683712,3.5261384,0.072581034,79.999979
39.359962,-4013.318,0.25371804,0.54130788,0.1237484,4.2119124,0.066868471,79.999979
39.369962,-4014.0301,0.25402096,0.53660062,0.11083897,4.7352648,0.062792068,79.999979
39.379962,-4012.0399,0.25356903,0.49799455,0.13596567,3.6180495,0.067854583,79.999979
39.389962,-4014.175,0.25304894,0.55792372,0.15453468,3.5385346,0.086224404,79.999979
39.399962,-4014.154,0.25322249,0.52805277,0.13000778,4.1272856,0.071433775,79.999979
39.409962,-4014.154,0.25322249,0.53988076,0.096467507,5.3018274,0.068324751,79.999979
39.419962,-4014.154,0.25322249,0.55170876,0.10730674,5.030488,0.065215727,79.999979
39.429962,-4014.154,0.25337639,0.54530265,0.11292316,4.735218,0.061581784,79.999979
39.439962,-4014.8537,0.25480895,0.50798061,0.12031582,4.1912371,0.061047115,79.999979
39.449962,-4016.3586,0.25338321,0.53490492,0.1608801,3.152048,0.081778802,79.999979
39.459962,-4014.6377,0.25328464,0.52331704,0.11546864,4.4337498,0.063638153,79.999979
39.469962,-4015.3122,0.25324533,0.5314883,0.12908768,4.0931123,0.068702224,79.999979
39.479962,-4015.9867,0.25324533,0.5450712,0.12525052,4.1440485,0.067813774,79.999979
39.489962,-4016.3537,0.25324533,0.50934752,0.1134194,4.4345363,0.0578017,79.999979
39.499962,-4018.7203,0.25381971,0.57965182,0.10666629,4.925948,0.060080482,79.999979
39.509962,-4016.8985,0.25362701,0.49553427,0.1201351,4.7606424,0.05968696,79.999979
39.519962,-4020.331,0.25369346,0.49646288,0.14399047,2.9930452,0.071463392,79.999979
39.529962,-4021.0344,0.25254765,0.56653377,0.12081646,4.3438391,0.068462816,79.999979
39.539962,-4021.0344,0.25254765,0.56785672,0.11727876,4.7257884,0.067320922,79.999979
39.549962,-4021.0344,0.25254765,0.56917968,0.11609202,4.7758691,0.066179028,79.999979
39.559962,-4019.388,0.25285501,0.51842267,0.11998701,4.2127034,0.062204126,79.999979
39.569962,-4019.62,0.25331719,0.49703548,0.10845242,4.0798422,0.053887435,79.999979
39.579962,-4020.7195,0.25401465,0.52742761,0.098321728,5.3615736,0.055232517,79.999979
39.589962,-4018.1023,0.25338726,0.59478357,0.11636769,5.0363969,0.066051106,79.999979
39.599962,-4018.1204,0.25314611,0.5815504,0.11704781,4.9307266,0.065983885,79.999979
39.609962,-4018.1384,0.25290497,0.56831723,0.11772794,4.8250564,0.065916664,79.999979
39.619962,-4018.1565,0.25276263,0.55130794,0.11840806,4.7193861,0.065080286,79.999979
39.629962,-4018.1745,0.25276263,0.503659,0.11813536,4.6137159,0.058002917,79.999979
39.639962,-4018.1818,0.25276263,0.46812803,0.11149356,4.3607882,0.052117305,79.999979
39.649962,-4018.1818,0.25276263,0.51732816,0.10623116,4.0284023,0.054564683,79.999979
39.659962,-4018.1818,0.25295052,0.56652829,0.10096876,5.1911797,0.05701206,79.999979
39.669962,-4019.189,0.25318155,0.53243665,0.11826604,4.6786732,0.063882426,79.999979
39.679962,-4020.98,0.2531418,0.52569527,0.11603856,4.374948,0.060769118,79.999979
39.689962,-4019.8581,0.25304748,0.51744609,0.12523844,4.0372136,0.064804143,79.999979
39.699962,-4021.8819,0.25334141,0.52859674,0.1115349,4.7185367,0.058862928,79.999979
39.709962,-4024.1853,0.25326992,0.47923547,0.11656665,4.0445667,0.056033517,79.999979
39.719962,-4024.2962,0.25313816,0.49627063,0.11066128,4.1931009,0.057306145,79.999979
39.729962,-4024.4072,0.25300639,0.51330578,0.11032093,4.3798707,0.058578774,79.999979
39.739962,-4024.5181,0.25287463,0.53034093,0.11041683,4.581665,0.059851402,79.999979
39.749962,-4024.6291,0.25274286,0.54737608,0.11051272,4.7834594,0.061124031,79.999979
39.759962,-4024.74,0.2526111,0.54233109,0.1156539,4.9852537,0.062608927,79.999979
39.769962,-4024.7826,0.25295369,0.52034328,0.15623894,3.0237792,0.076682761,79.999979
39.779962,-4025.1565,0.25295369,0.53278075,0.13244536,3.9389489,0.073602767,79.999979
39.789962,-4025.1565,0.25322427,0.54226366,0.1258907,4.2378183,0.069932762,79.999979
39.799962,-4025.1565,0.25354695,0.55174657,0.11933604,4.5366876,0.066262757,79.999979
39.809962,-4026.1294,0.25361736,0.52155673,0.11134187,4.7550108,0.058059741,79.999979
39.819962,-4024.9135,0.25281471,0.52971305,0.11363957,4.5107601,0.063261814,79.999979
39.829962,-4027.3072,0.25305487,0.532519,0.11587113,4.9951234,0.063097973,79.999979
39.839962,-4027.5328,0.2528463,0.52485194,0.1218551,3.9476725,0.059161689,79.999979
39.849962,-4027.7818,0.25277944,0.52362598,0.13365283,3.7316875,0.057162241,79.999979
39.859962,-4028.0309,0.25271258,0.52240001,0.14545056,3.5157025,0.055162793,79.999979
39.869962,-4028.28,0.25264572,0.52117405,0.14564997,3.4072459,0.053163344,79.999979
39.879962,-4028.529,0.25257886,0.51994809,0.11863273,4.3939457,0.051163896,79.999979
39.889962,-4028.7444,0.25251432,0.52091074,0.11864884,4.8503862,0.06182828,79.999979
39.899962,-4030.1128,0.25255229,0.48218683,0.097745676,4.794192,0.047133778,79.999979
39.909962,-4030.0063,0.25260398,0.49059565,0.097938929,4.8093009,0.048051165,79.999979
39.919962,-4029.779,0.25265567,0.49900447,0.098132183,4.8244097,0.048968553,79.999979
39.929962,-4029.5518,0.25270736,0.50041965,0.098325437,4.8395186,0.051967324,79.999979
39.939962,-4029.3245,0.25275905,0.50157292,0.098518691,4.8546275,0.05504404,79.999979
39.949962,-4029.0972,0.25281073,0.50272619,0.098711945,4.8697364,0.058120756,79.999979
39.959962,-4028.87,0.25286242,0.50387947,0.098905199,4.8848453,0.061197472,79.999979
39.969962,-4028.6427,0.25291411,0.50503274,0.099098452,4.8999541,0.064274188,79.999979
39.979962,-4028.4155,0.2529658,0.50618602,0.11296027,4.915063,0.067350904,79.999979
39.989962,-4028.1882,0.25301749,0.50733929,0.1330584,4.9301719,0.07042762,79.999979
39.999962,-4028.7476,0.25318396,0.52720815,0.11601869,4.420499,0.062918202,79.999979
40.009962,-4031.1412,0.25416738,0.50728943,0.11869464,4.2409655,0.060210901,79.999979
40.019962,-4030.0943,0.25330945,0.50134228,0.10522284,5.293955,0.054687885,79.999979
40.029962,-4030.0943,0.25364534,0.52756289,0.105551,4.871735,0.057749138,79.999979
40.039962,-4030.0943,0.25398122,0.55378349,0.10795837,4.9082965,0.060810391,79.999979
40.049962,-4030.0943,0.25410252,0.56818739,0.11575851,5.0182567,0.065524406,79.999979
40.059962,-4032.7511,0.25342265,0.49925773,0.12348904,4.8334505,0.061677395,79.999979
40.069962,-4034.9296,0.25327749,0.54379843,0.17284128,2.7683251,0.094904082,79.999979
40.079962,-4032.5062,0.25229898,0.48890635,0.11444608,4.5259784,0.05584384,79.999979
40.089962,-4033.8319,0.2525396,0.49023999,0.12049729,3.9750184,0.05627296,79.999979
40.099962,-4034.1086,0.25270125,0.50336352,0.11781988,4.2541601,0.060833674,79.999979
40.109962,-4034.3854,0.25286289,0.51502852,0.14050021,3.6511039,0.07264594,79.999979
40.119962,-4034.8292,0.25263835,0.51420418,0.10275777,5.055471,0.052823279,79.999979
40.129962,-4036.0595,0.25300012,0.53649345,0.14900891,3.8770391,0.071592807,79.999979
40.139962,-4035.2932,0.25304766,0.52398327,0.097942651,5.201531,0.05047075,79.999979
40.149962,-4035.9736,0.25307615,0.57342035,0.10282115,5.245656,0.060035515,79.999979
40.159962,-4036.4694,0.25315338,0.53532971,0.10664732,5.5331083,0.05669164,79.999979
40.169962,-4036.4814,0.2532306,0.52311544,0.11047349,4.8930549,0.055593466,79.999979
40.179962,-4037.004,0.25305333,0.55359728,0.11286992,5.1515493,0.062211477,79.999979
40.189962,-4035.116,0.25255612,0.51377271,0.11678353,5.1976627,0.059751229,79.999979
40.199962,-4037.109,0.25213729,0.53878093,0.11402823,5.1608244,0.061272431,79.999979
40.209962,-4037.8188,0.25271155,0.51465718,0.12861324,3.9419195,0.064138707,79.999979
40.219962,-4038.5285,0.25294673,0.4964356,0.12178665,4.0545294,0.060734282,79.999979
40.229962,-4039.1322,0.25294673,0.532691,0.13169415,3.9684901,0.078881283,79.999979
40.239962,-4037.9771,0.25326061,0.52356908,0.10410633,5.029457,0.055550621,79.999979
40.249962,-4037.7598,0.25362414,0.55237989,0.098800582,5.782232,0.099461282,79.999979
40.259962,-4040.082,0.25282948,0.94579947,0.19360923,5.5232656,0.40713589,79.999979
40.269962,-4041.9086,0.25383194,1.339219,0.28841788,5.2642993,0.71481051,79.999979
40.279962,-4042.0329,0.25361881,1.7326386,0.38322653,5.005333,1.0224851,79.999979
40.289962,-4040.2401,0.25304235,2.1260582,0.47803518,4.7463667,1.3301597,79.999979
40.299962,-4039.327,0.25300234,2.5194778,0.57284383,4.4874004,1.6378343,79.999979
40.309962,-4044.3142,0.25252431,2.9128974,0.66765248,4.2284341,1.945509,79.999979
40.319962,-4051.58,0.25151914,2.9290903,0.68193577,4.1935263,1.9759175,79.999979
40.329962,-4053.323,0.25176034,2.9441284,0.6869681,4.184359,2.0054773,79.999979
40.339962,-4052.491,0.25170334,2.9591666,0.69200043,4.1751918,2.035037,79.999979
40.349962,-4053.4717,0.25164633,2.9742047,0.69703276,4.1660245,2.0645968,79.999979
40.359962,-4055.2472,0.25181361,2.9892429,0.70206509,4.1568572,2.0941566,79.999979
40.369962,-4056.4837,0.25180319,3.0042811,0.70709742,4.1476899,2.1237164,79.999979
40.379961,-4058.8394,0.25225981,3.0008014,0.70518017,4.156081,2.1150344,79.999979
40.389961,-4060.7197,0.25122378,2.9938244,0.70140494,4.1691664,2.0991301,79.999979
40.399961,-4062.7463,0.25207612,2.9868474,0.69762972,4.1822519,2.0832258,79.999979
40.409961,-4062.7597,0.2520574,2.9798705,0.69385449,4.1953373,2.0673214,79.999979
40.419961,-4062.7823,0.25195857,2.9728935,0.69007927,4.2084227,2.0514171,79.999979
40.429961,-4064.6149,0.25057464,2.9659165,0.68630404,4.2215082,2.0355128,79.999979
40.439961,-4067.6669,0.2522157,2.9635872,0.68322681,4.2372293,2.0249352,79.999979
40.449961,-4071.8684,0.25172102,2.9617643,0.6802732,4.2536204,2.014938,79.999979
40.459961,-4071.4393,0.25154467,2.9599413,0.67731959,4.2700114,2.0049407,79.999979
40.469961,-4071.6821,0.25137782,2.9581184,0.67436598,4.2864025,1.9949435,79.999979
40.479961,-4072.0721,0.25159697,2.9562955,0.67141237,4.3027935,1.9849463,79.999979
40.489961,-4135.7828,0.25001421,2.9544726,0.66845875,4.3191846,1.9749491,79.999979
40.499961,-4169.1673,0.24800845,2.9679297,0.69522949,4.1746268,2.0336441,79.999979
40.509961,-4164.2411,0.248772,3.1095923,0.69311376,4.3755128,2.1572978,79.999979
40.519961,-4157.096,0.24905313,3.0129768,0.69552858,4.240907,2.0955949,79.999979
40.529961,-4151.5558,0.24943115,3.0084803,0.70719846,4.1649047,2.1243986,79.999979
40.539961,-4147.9414,0.24980918,3.0013265,0.71886833,4.0889025,2.1433404,79.999979
40.549961,-4144.6152,0.2498768,3.0913708,0.69933215,4.3776548,2.1611505,79.999979
40.559961,-4113.0417,0.25032886,3.0414518,0.70718418,4.2506332,2.1554275,79.999979
40.569961,-4094.4855,0.25088978,3.0673669,0.70481572,4.2516168,2.1621882,79.999979
40.579961,-4078.0034,0.25191441,3.0522043,0.70208525,4.2453115,2.1429117,79.999979
40.589961,-4069.8595,0.25198447,3.0583447,0.70380751,4.2388865,2.1498825,79.999979
40.599961,-4063.1753,0.25205453,3.0655359,0.70552977,4.2324614,2.1459137,79.999979
40.609961,-4054.9575,0.25321764,3.0663578,0.69259803,4.3193147,2.1237534,79.999979
40.619961,-4034.3248,0.25414359,3.065139,0.74201814,4.0603331,2.2544572,79.999979
40.629961,-4011.8479,0.25532016,3.1041574,0.71629093,4.1570717,2.2127315,79.999979
40.639961,-3990.5185,0.25583184,3.091257,0.71132677,4.2105804,2.2103888,79.999979
40.649961,-3988.5841,0.25635828,3.0796906,0.69767281,4.3277269,2.2464395,79.999979
40.659961,-3986.6498,0.25651055,3.0681242,0.73283249,4.1646096,2.2824902,79.999979
40.669961,-3984.7154,0.25618043,3.0772939,0.72397471,3.9757292,2.2084338,79.999979
40.679961,-3970.3672,0.25665769,3.1038844,0.70619353,4.2564738,2.1919436,79.999979
40.689961,-3935.3811,0.25763487,3.1040002,0.70799198,4.3474858,2.1974758,79.999979
40.699961,-3912.1156,0.2588771,3.0646739,0.70430704,4.2519223,2.1704458,79.999979
40.709961,-3909.317,0.25889683,3.0725719,0.70933228,4.2379796,2.187944,79.999979
40.719961,-3907.4703,0.25891656,3.08047,0.71435751,4.2240369,2.2054421,79.999979
40.729961,-3905.6237,0.2589363,3.088368,0.71938275,4.2100942,2.2229402,79.999979
40.739961,-3903.777,0.25895603,3.0934217,0.71208018,4.1961516,2.1987642,79.999979
40.749961,-3901.9304,0.25899335,3.0965638,0.69553496,4.2139685,2.1574262,79.999979
40.759961,-3883.4156,0.25980638,3.0751122,0.70883707,4.2583209,2.1797607,79.999979
40.769961,-3875.3742,0.2598585,3.0777373,0.71589298,4.2162688,2.2110997,79.999979
40.779961,-3875.3742,0.25980517,3.0954511,0.72794836,4.1808658,2.2574113,79.999979
40.789961,-3875.3742,0.25969087,3.1129198,0.74000374,4.1070213,2.3024264,79.999979
40.799961,-3861.8457,0.25973368,3.0692704,0.73552661,4.0498656,2.2254105,79.999979
40.809961,-3835.8138,0.26135517,3.042299,0.73311503,4.061344,2.2304727,79.999979
40.819961,-3804.743,0.26247985,0.94412741,0.22007614,4.1963423,0.32624483,79.999979
40.829961,-3799.104,0.26248613,0.53232057,0.14988937,3.6518996,0.07354302,79.999979
40.839961,-3799.104,0.26249928,0.50175719,0.14837892,3.4236856,0.063936412,79.999979
40.849961,-3799.104,0.26251242,0.4711938,0.11716622,3.8105486,0.054329803,79.999979
40.859961,-3792.5672,0.26263536,0.51498814,0.10205206,4.8225704,0.054890265,79.999979
40.869961,-3756.8983,0.26374297,0.53742756,0.11993099,4.4628702,0.064568091,79.999979
40.879961,-3754.4275,0.2639684,0.48558609,0.11495089,4.0760318,0.055606295,79.999979
40.889961,-3759.6959,0.26275433,0.52463497,0.12117216,4.2145378,0.063619048,79.999979
40.899961,-3761.902,0.26275433,0.50853295,0.11369259,4.3044402,0.057831479,79.999979
40.909961,-3761.902,0.26275433,0.4912138,0.10667506,4.3943425,0.052477899,79.999979
40.919961,-3761.902,0.26286373,0.50748561,0.09981097,4.6799133,0.052201594,79.999979
40.929961,-3762.4255,0.26362513,0.4842847,0.12853483,3.9804128,0.058855714,79.999979
40.939961,-3764.0916,0.26411755,0.49931322,0.10881513,3.962916,0.054308082,79.999979
40.949961,-3763.8368,0.26275072,0.52825367,0.10377029,4.885277,0.054857398,79.999979
40.959961,-3764.7837,0.26312422,0.5053726,0.11445191,4.6191675,0.058619795,79.999979
40.969961,-3765.6403,0.2639364,0.52994367,0.11512215,4.4485808,0.061005348,79.999979
40.979961,-3766.558,0.26389312,0.53894805,0.11465376,4.5309215,0.061404156,79.999979
40.989961,-3767.5898,0.26384985,0.53935723,0.11418538,4.6132623,0.060253338,79.999979
40.999961,-3769.0816,0.26274208,0.55660718,0.12559274,4.4596624,0.065725658,79.999979
41.009961,-3771.7822,0.26235811,0.51835774,0.11395039,4.37768,0.060009098,79.999979
41.019961,-3771.4334,0.26375238,0.55981513,0.12691139,4.748932,0.07071785,79.999979
41.029961,-3770.7599,0.26298047,0.49656195,0.098626135,3.2889596,0.056155399,79.999979
41.039961,-3770.5815,0.26262597,0.501326,0.09960964,3.8359015,0.05561479,79.999979
41.049961,-3770.403,0.26227146,0.50609005,0.10059314,4.3828433,0.055074181,79.999979
41.059961,-3770.2246,0.26191695,0.5108541,0.10157665,4.9297852,0.054533572,79.999979
41.069961,-3770.0462,0.26188513,0.51561815,0.10256015,4.9279022,0.053992963,79.999979
41.079961,-3769.988,0.26194557,0.53288484,0.10491404,4.8852173,0.055996627,79.999979
41.089961,-3770.8082,0.262006,0.5156266,0.11197791,4.6625627,0.05928115,79.999979
41.099961,-3771.6284,0.26206644,0.49836836,0.1230365,4.288391,0.062565672,79.999979
41.109961,-3772.4486,0.26212642,0.48118587,0.13687256,3.7564415,0.065842628,79.999979
41.119961,-3776.3324,0.26151561,0.5153373,0.12048547,4.3052481,0.061803223,79.999979
41.129961,-3778.0101,0.26311291,0.50853829,0.10914551,4.4761285,0.055512389,79.999979
41.139961,-3775.968,0.26321755,0.48392841,0.13166152,3.674014,0.063616469,79.999979
41.149961,-3781.4886,0.26183613,0.57945656,0.11218489,5.065916,0.065040247,79.999979
41.159961,-3782.3378,0.26222656,0.60953569,0.11884891,5.0321356,0.072494376,79.999979
41.169961,-3783.187,0.26221034,0.57620921,0.11689355,4.9983552,0.066914826,79.999979
41.179961,-3783.7242,0.26213776,0.52184,0.1151456,4.8459354,0.059989467,79.999979
41.189961,-3781.6057,0.26190994,0.56803066,0.12555648,4.2691664,0.071419517,79.999979
41.199961,-3784.0554,0.26163482,0.60148235,0.10451636,4.9523353,0.062857892,79.999979
41.209961,-3786.2345,0.2625242,0.53381553,0.10323101,5.173918,0.05524715,79.999979
41.219961,-3785.847,0.26249729,0.56663362,0.11605584,4.9227107,0.06609385,79.999979
41.229961,-3784.9593,0.26247039,0.53469159,0.12796238,4.744441,0.067934508,79.999979
41.239961,-3784.0717,0.26255164,0.48208654,0.13826515,4.0636396,0.06474471,79.999979
41.249961,-3783.7081,0.26276823,0.48945463,0.10967522,4.4259775,0.053692741,79.999979
41.259961,-3788.2767,0.26215756,0.52185004,0.10239815,4.8928566,0.05431728,79.999979
41.269961,-3786.9023,0.26153818,0.59808019,0.11784933,4.9017161,0.07044994,79.999979
41.279961,-3786.5613,0.26161508,0.52516981,0.12721501,4.3548112,0.057385235,79.999979
41.289961,-3786.7486,0.26167678,0.52574566,0.11384439,4.4543208,0.055318953,79.999979
41.299961,-3787.8218,0.26173849,0.52591267,0.10130567,5.1000963,0.054123285,79.999979
41.309961,-3787.9388,0.26273496,0.52899607,0.10076719,5.1947543,0.053292099,79.999979
41.319961,-3789.2018,0.26259908,0.52851849,0.13397143,3.7921046,0.070799331,79.999979
41.329961,-3790.709,0.26081613,0.53852912,0.10833782,4.7785607,0.058629606,79.999979
41.339961,-3790.6526,0.26136871,0.54322339,0.1002099,5.0315706,0.063875813,79.999979
41.349961,-3790.5839,0.26146458,0.53312495,0.121747,5.0717558,0.071767109,79.999979
41.359961,-3790.7698,0.26156046,0.52302651,0.15135616,3.5148964,0.079658405,79.999979
41.369961,-3791.9267,0.26224851,0.54403651,0.11515711,4.7398181,0.064367502,79.999979
41.379961,-3790.9508,0.2625271,0.50289346,0.14252512,4.4474748,0.071944263,79.999979
41.389961,-3794.4023,0.26121149,0.58223704,0.11840922,4.584806,0.070633886,79.999979
41.399961,-3794.8629,0.26107461,0.56281179,0.11697677,4.5275368,0.065834075,79.999979
41.409961,-3795.1485,0.26136838,0.56604829,0.116242,4.7118904,0.065795363,79.999979
41.41996,-3794.5065,0.26166215,0.57050161,0.11550723,4.8051249,0.065888442,79.999979
41.42996,-3793.8498,0.26204303,0.56777016,0.11241024,5.1524524,0.063105864,79.999979
41.43996,-3797.4366,0.26199981,0.4845657,0.12398509,3.9584506,0.060087878,79.999979
41.44996,-3798.5358,0.26181096,0.5196945,0.13800972,3.6225856,0.070107105,79.999979
41.45996,-3797.0685,0.26103595,0.49087401,0.10031426,4.4896279,0.053604015,79.999979
41.46996,-3797.7882,0.26103595,0.51271807,0.10024484,4.6981259,0.053202242,79.999979
41.47996,-3798.5078,0.26124863,0.52552129,0.10017541,4.9528999,0.053064296,79.999979
41.48996,-3799.3025,0.26157775,0.51696256,0.10495092,4.9491227,0.055041274,79.999979
41.49996,-3801.2765,0.26162044,0.51800404,0.11282307,4.8954015,0.059927815,79.999979
41.50996,-3801.2012,0.26231794,0.53563506,0.14827184,3.4873926,0.079100662,79.999979
41.51996,-3805.2532,0.26156695,0.51452911,0.13317609,3.7946981,0.06853399,79.999979
41.52996,-3805.7694,0.26145266,0.52054183,0.11852475,4.2218382,0.06385894,79.999979
41.53996,-3806.2856,0.26133836,0.52655454,0.10979978,4.6386711,0.05918389,79.999979
41.54996,-3806.8018,0.26123691,0.53315844,0.10509518,5.0511794,0.056051545,79.999979
41.55996,-3808.0485,0.26148042,0.64415341,0.12148325,5.2395195,0.078262531,79.999979
41.56996,-3808.7721,0.26188725,0.57975827,0.11310102,4.8355299,0.065477964,79.999979
41.57996,-3811.6415,0.2614923,0.50536713,0.11622355,4.2938317,0.058734959,79.999979
41.58996,-3812.5485,0.26067472,0.50215265,0.15263736,3.3541173,0.058872738,79.999979
41.59996,-3813.4555,0.26042455,0.50665696,0.13535071,3.698636,0.055552394,79.999979
41.60996,-3814.2257,0.26017439,0.51355076,0.1046842,4.8430719,0.053806529,79.999979
41.61996,-3813.5296,0.2600776,0.62249129,0.11629679,5.1623669,0.072532535,79.999979
41.62996,-3814.5788,0.26190213,0.60321016,0.11552672,4.415675,0.069545174,79.999979
41.63996,-3817.5754,0.26117088,0.50301509,0.10604351,4.2508648,0.053182655,79.999979
41.64996,-3817.1435,0.26097229,0.5241302,0.10384286,5.1419802,0.057171741,79.999979
41.65996,-3816.6575,0.26075839,0.51385295,0.10749696,4.839142,0.057992438,79.999979
41.66996,-3816.1715,0.2605445,0.50357571,0.11607043,4.3003375,0.058813136,79.999979
41.67996,-3816.2961,0.26060816,0.56231159,0.1487636,4.0124975,0.083758959,79.999979
41.68996,-3818.2596,0.2615553,0.51782812,0.10558016,4.8221305,0.054669412,79.999979
41.69996,-3818.2805,0.2601459,0.50590047,0.12288187,4.3246016,0.060462202,79.999979
41.70996,-3819.8442,0.26111276,0.53192642,0.16501689,3.5231448,0.078303691,79.999979
41.71996,-3821.0046,0.26202042,0.52248799,0.14729245,3.2403377,0.076863899,79.999979
41.72996,-3822.165,0.26141513,0.51956943,0.12956801,3.8829097,0.061372182,79.999979
41.73996,-3822.4591,0.26096399,0.58295333,0.1182212,4.8585521,0.068964605,79.999979
41.74996,-3824.2488,0.26128855,0.51685288,0.1198408,4.172739,0.061948946,79.999979
41.75996,-3825.3584,0.26108174,0.49913782,0.12420548,3.8294018,0.06195239,79.999979
41.76996,-3825.0758,0.26021616,0.56923513,0.11433652,4.8025033,0.065073568,79.999979
41.77996,-3825.649,0.26043879,0.5475968,0.11954424,4.6265856,0.065426413,79.999979
41.78996,-3825.4291,0.26066142,0.54482187,0.12475195,4.333319,0.065706562,79.999979
41.79996,-3825.024,0.26080477,0.53751609,0.1111248,4.8048268,0.070373108,79.999979
41.80996,-3820.218,0.26173235,0.51410586,0.10982356,4.4754401,0.05702923,79.999979
41.81996,-3821.4358,0.26134442,0.50179097,0.10255661,4.9951304,0.051458463,79.999979
41.82996,-3819.3754,0.25995375,0.51143196,0.1092094,4.5162577,0.055906572,79.999979
41.83996,-3819.2013,0.2606823,0.49103851,0.11872576,4.1142333,0.058377431,79.999979
41.84996,-3819.0148,0.26079856,0.50151729,0.12958015,4.047418,0.066345964,79.999979
41.85996,-3819.3303,0.26091482,0.53370151,0.15202287,3.7614469,0.080351187,79.999979
41.86996,-3822.0767,0.26057878,0.54925495,0.11969033,4.3757896,0.066363492,79.999979
41.87996,-3823.9442,0.26078245,0.52591491,0.1038251,5.4035077,0.05474395,79.999979
41.88996,-3823.7989,0.26115932,0.5982286,0.10324337,5.3199093,0.061625043,79.999979
41.89996,-3824.0063,0.26126681,0.54033681,0.11273868,4.6881349,0.061096235,79.999979
41.90996,-3824.2734,0.26129138,0.52130077,0.10399181,4.9186175,0.054727635,79.999979
41.91996,-3824.5406,0.26131596,0.51810079,0.10373814,4.9021836,0.053823521,79.999979
41.92996,-3826.5067,0.26080218,0.5411599,0.1078558,4.6416933,0.064062834,79.999979
41.93996,-3825.5898,0.25935776,0.54523678,0.11245903,4.4662046,0.059930644,79.999979
41.94996,-3828.6022,0.26030267,0.52512418,0.12291403,4.1776157,0.06677419,79.999979
41.95996,-3830.3658,0.26036556,0.52764836,0.11447564,4.2993557,0.063343916,79.999979
41.96996,-3830.3658,0.26037049,0.57004575,0.11614798,4.6611401,0.066331952,79.999979
41.97996,-3830.3658,0.26037542,0.496935,0.12236623,4.8154548,0.06066021,79.999979
41.98996,-3829.3272,0.26055867,0.49018678,0.10413207,4.3431361,0.050852806,79.999979
41.99996,-3830.8998,0.26082148,0.54171644,0.11173551,4.4724759,0.054163457,79.999979
42.00996,-3833.5163,0.26086832,0.57353351,0.11416945,4.6054521,0.06550843,79.999979
42.01996,-3833.0625,0.26012657,0.51399974,0.11783013,4.2664566,0.060696338,79.999979
42.02996,-3832.6459,0.26027717,0.47622617,0.10862324,4.2805294,0.051800145,79.999979
42.03996,-3832.6459,0.26042776,0.53008554,0.10540453,4.2946023,0.055886353,79.999979
42.04996,-3832.6459,0.26056383,0.57039769,0.10269249,5.3795793,0.062179511,79.999979
42.05996,-3836.595,0.2604227,0.4972287,0.12564604,4.0201108,0.062487369,79.999979
42.06996,-3838.211,0.26101797,0.51733687,0.11766606,4.3453152,0.061251276,79.999979
42.07996,-3836.8865,0.25992386,0.5670369,0.11784085,4.7260508,0.064213132,79.999979
42.08996,-3835.9336,0.25995576,0.54631953,0.10953108,4.9328523,0.05965445,79.999979
42.09996,-3836.6607,0.25998766,0.50552312,0.10231223,5.1396538,0.054885998,79.999979
42.10996,-3837.3879,0.26000545,0.5493641,0.11154719,4.5476107,0.068770439,79.999979
42.11996,-3839.6507,0.26087812,0.49819371,0.11841745,4.0847161,0.059008839,79.999979
42.12996,-3839.4264,0.26004838,0.50594392,0.1203807,4.4568904,0.060927424,79.999979
42.13996,-3842.3583,0.26063349,0.56393496,0.10278644,4.8359939,0.058001398,79.999979
42.14996,-3842.9774,0.26064565,0.58393315,0.11101708,5.3212863,0.065001782,79.999979
42.15996,-3842.9952,0.26064995,0.54398286,0.1067525,5.2296366,0.058137237,79.999979
42.16996,-3843.013,0.26064359,0.52089241,0.10406125,5.1256754,0.062268394,79.999979
42.17996,-3845.2023,0.26037258,0.52228306,0.12346067,4.131009,0.064481038,79.999979
42.18996,-3843.2845,0.25925009,0.58294562,0.13424932,4.1953887,0.079565846,79.999979
42.19996,-3847.0895,0.26003339,0.5028882,0.10791827,4.9044309,0.055203266,79.999979
42.20996,-3848.2587,0.26004007,0.55159725,0.12029228,4.5648679,0.066612022,79.999979
42.21996,-3848.2587,0.25995665,0.56525735,0.11910244,4.4720266,0.066719279,79.999979
42.22996,-3848.2587,0.25987323,0.59382922,0.1105835,4.4507671,0.06562596,79.999979
42.23996,-3847.2907,0.25961763,0.61500422,0.11586742,5.6826387,0.071065515,79.999979
42.24996,-3848.8714,0.2600776,0.52024934,0.10815482,4.6693625,0.05636364,79.999979
42.25996,-3850.3427,0.25944377,0.58747691,0.12081052,4.8863128,0.070245706,79.999979
42.26996,-3848.673,0.2590919,0.55902841,0.13077935,4.0932451,0.073136779,79.999979
42.27996,-3848.6243,0.2590919,0.55219049,0.12415673,4.2212377,0.06856552,79.999979
42.28996,-3848.6243,0.2590919,0.5379296,0.11753411,4.5595882,0.069537319,79.999979
42.29996,-3849.4329,0.25987016,0.49102695,0.10206668,4.4671989,0.050128926,79.999979
42.30996,-3852.0223,0.25962957,0.5295839,0.13643104,4.5404212,0.07235622,79.999979
42.31996,-3850.2677,0.2596132,0.55588039,0.11377869,4.5040206,0.063254544,79.999979
42.32996,-3852.7143,0.25940181,0.49266702,0.11324953,4.176424,0.059592275,79.999979
42.33996,-3852.7143,0.25962977,0.53936578,0.11607228,4.2836738,0.062699238,79.999979
42.34996,-3852.7143,0.25985773,0.5069455,0.11889503,4.3909236,0.06260259,79.999979
42.35996,-3852.7143,0.25996192,0.52002794,0.14129495,3.4437741,0.061827394,79.999979
42.36996,-3852.9414,0.25957593,0.56094197,0.10894186,4.82303,0.061966428,79.999979
42.37996,-3855.0854,0.25978474,0.50467439,0.11019132,4.4697362,0.055628239,79.999979
42.38996,-3856.6393,0.26007324,0.58846555,0.10461405,5.6286778,0.06146989,79.999979
42.39996,-3855.8289,0.26009985,0.48977269,0.11505665,4.9832381,0.056225331,79.999979
42.40996,-3855.0186,0.26009985,0.48951234,0.12844732,4.3377984,0.063111286,79.999979
42.41996,-3854.5042,0.26009985,0.49404395,0.14289623,3.5344648,0.065157737,79.999979
42.42996,-3855.1643,0.26024555,0.48683703,0.15588637,3.0664697,0.075440668,79.999979
42.43996,-3856.5693,0.25908435,0.52003512,0.11943701,4.3950722,0.061904981,79.999979
42.44996,-3855.1332,0.25960812,0.60324463,0.14515572,3.7047405,0.07151408,79.999979
42.45996,-3856.4343,0.25930062,0.53198965,0.11207312,5.1585922,0.057415125,79.999979
42.469959,-3857.4875,0.25914741,0.49821398,0.10611722,4.6945838,0.052149902,79.999979
42.479959,-3857.9321,0.2589942,0.49454548,0.10076552,4.6641606,0.057722298,79.999979
42.489959,-3858.3491,0.25930923,0.54448935,0.11054365,4.7471144,0.060307689,79.999979
42.499959,-3858.141,0.25900864,0.53381951,0.098320468,4.8503288,0.052347432,79.999979
42.509959,-3860.7003,0.25955648,0.50223422,0.14238154,4.4985401,0.069819161,79.999979
42.519959,-3862.2373,0.25868335,0.49725444,0.11543166,4.2554645,0.055852923,79.999979
42.529959,-3862.9463,0.25844646,0.48785554,0.11207116,4.3243896,0.054645354,79.999979
42.539959,-3863.5908,0.25820958,0.48701026,0.10871065,4.3933148,0.05283266,79.999979
42.549959,-3864.1246,0.25916317,0.55084641,0.11449643,4.7119779,0.062415698,79.999979
42.559959,-3862.6866,0.25993015,0.47814677,0.11922125,4.3452233,0.05696248,79.999979
42.569959,-3865.2094,0.25897379,0.48406932,0.099395385,4.8564963,0.048103924,79.999979
42.579959,-3866.3987,0.2581697,0.56294075,0.11614856,4.5344443,0.066387518,79.999979
42.589959,-3866.056,0.25827024,0.53620981,0.111891,5.0038653,0.061814865,79.999979
42.599959,-3865.7133,0.25837079,0.50947887,0.1119671,4.6771678,0.057242213,79.999979
42.609959,-3863.8431,0.25917936,0.5768052,0.10672182,5.2272013,0.061565932,79.999979
42.619959,-3867.3463,0.25859554,0.58530524,0.10078431,5.0771509,0.066953988,79.999979
42.629959,-3868.6385,0.25893475,0.53047814,0.10637087,4.9105101,0.056428392,79.999979
42.639959,-3868.0487,0.25878598,0.52287843,0.13725401,3.7367184,0.068088583,79.999979
42.649959,-3868.7959,0.25869573,0.57010179,0.12778838,3.5636829,0.070728281,79.999979
42.659959,-3869.5431,0.25900989,0.60159009,0.11832274,4.7051761,0.072382581,79.999979
42.669959,-3870.2904,0.25936136,0.51082979,0.12810783,4.0654356,0.066381131,79.999979
42.679959,-3872.3528,0.26059167,0.53181612,0.10506936,4.9853424,0.055890243,79.999979
42.689959,-3871.6836,0.25926051,0.59194557,0.11944164,5.1377487,0.070700731,79.999979
42.699959,-3873.9146,0.25950291,0.50337175,0.099413019,5.3360374,0.049909556,79.999979
42.709959,-3874.4916,0.25919259,0.50138376,0.09952888,4.992764,0.049821209,79.999979
42.719959,-3875.0685,0.25893224,0.49939576,0.09964474,4.9247295,0.049732863,79.999979
42.729959,-3875.6455,0.2587099,0.55518958,0.11076878,4.8689112,0.061762791,79.999979
42.739959,-3874.1669,0.25844744,0.50774233,0.11360922,4.206408,0.057629471,79.999979
42.749959,-3877.3363,0.25865499,0.52502981,0.13400053,3.8219348,0.070362324,79.999979
42.759959,-3879.8447,0.25777696,0.53599724,0.11430667,4.9061146,0.061268957,79.999979
42.769959,-3878.3612,0.25793173,0.55293378,0.10523245,4.8585206,0.058067221,79.999979
42.779959,-3878.4836,0.25820796,0.55232258,0.10069714,5.3382779,0.055935668,79.999979
42.789959,-3878.606,0.25848419,0.52278389,0.10041722,5.3499253,0.052519813,79.999979
42.799959,-3881.3351,0.25862358,0.49553368,0.11942184,4.6655909,0.060380596,79.999979
42.809959,-3881.8305,0.25860006,0.52697261,0.10174928,4.9154788,0.053621628,79.999979
42.819959,-3879.414,0.25791782,0.54255023,0.12024431,4.5724263,0.065235074,79.999979
42.829959,-3881.4914,0.2577591,0.51248852,0.1223673,4.0574553,0.062702002,79.999979
42.839959,-3882.0951,0.25760828,0.50770878,0.11383726,4.3314238,0.058906954,79.999979
42.849959,-3882.0175,0.25745745,0.48362265,0.11289728,4.6053924,0.055661889,79.999979
42.859959,-3882.5978,0.25734464,0.47924876,0.13375981,3.652324,0.060353953,79.999979
42.869959,-3882.677,0.25846574,0.49880136,0.10801716,4.3415195,0.058734905,79.999979
42.879959,-3883.9328,0.2582699,0.52106735,0.11740474,4.3759693,0.061175451,79.999979
42.889959,-3884.9268,0.25858087,0.48311125,0.15348161,3.0545077,0.074164111,79.999979
42.899959,-3885.2675,0.2590774,0.48166681,0.14215478,3.3128182,0.068564752,79.999979
42.909959,-3885.6081,0.25888034,0.54184323,0.13082794,3.5711287,0.07411231,79.999979
42.919959,-3885.1558,0.25868327,0.53364684,0.14084911,4.364559,0.075134479,79.999979
42.929959,-3885.0629,0.25821833,0.50193356,0.13832967,3.7150387,0.06437913,79.999979
42.939959,-3887.3424,0.25921009,0.50101154,0.10285761,4.5019236,0.057844879,79.999979
42.949959,-3885.9811,0.25840751,0.51739787,0.12117674,4.1705841,0.062700759,79.999979
42.959959,-3891.2535,0.25798249,0.53988637,0.11156672,4.3512382,0.059986603,79.999979
42.969959,-3892.6174,0.25767849,0.50292895,0.10861254,4.8853823,0.052194697,79.999979
42.979959,-3893.5263,0.25767849,0.4944498,0.10546522,4.5974538,0.050994453,79.999979
42.989959,-3893.5263,0.25767849,0.48583469,0.10244944,4.6487006,0.050245088,79.999979
42.999959,-3892.1354,0.25808374,0.52333371,0.11937527,4.7072385,0.062538767,79.999979
43.009959,-3894.8943,0.25864984,0.54508721,0.11611836,4.95697,0.063807264,79.999979
43.019959,-3894.9734,0.25840379,0.49610097,0.11832973,4.3416125,0.058705011,79.999979
43.029959,-3892.4274,0.25839486,0.59852816,0.12724665,4.551515,0.072189334,79.999979
43.039959,-3892.4274,0.25806414,0.55398822,0.13334107,4.4240849,0.070820099,79.999979
43.049959,-3892.4274,0.25806414,0.50944829,0.13673694,3.7167647,0.069450863,79.999979
43.059959,-3893.6015,0.25774917,0.5271486,0.11705282,4.6513473,0.062858286,79.999979
43.069959,-3897.8267,0.25772512,0.49252392,0.15162663,3.2962667,0.057572997,79.999979
43.079959,-3897.1516,0.25803826,0.52527729,0.11736566,4.3402483,0.064247366,79.999979
43.089959,-3899.6078,0.25722033,0.48431551,0.12810112,3.7915509,0.058133219,79.999979
43.099959,-3901.0754,0.25700048,0.48154792,0.14620519,3.1862598,0.058140788,79.999979
43.109959,-3901.1128,0.25678063,0.47878033,0.12952117,3.6234639,0.058148358,79.999979
43.119959,-3901.0495,0.25665593,0.52622127,0.14073279,3.6332284,0.074462466,79.999979
43.129959,-3902.6883,0.25811442,0.51598909,0.12756409,3.491023,0.066001588,79.999979
43.139959,-3901.9809,0.2578321,0.62674356,0.11640482,5.1282881,0.072863931,79.999979
43.149959,-3904.7507,0.25788827,0.59706526,0.10843027,4.9625166,0.066643646,79.999979
43.159959,-3906.0998,0.25794025,0.60314329,0.11736131,5.694486,0.073584998,79.999979
43.169959,-3906.3575,0.25799222,0.59846149,0.14500781,4.5080234,0.080328419,79.999979
43.179959,-3906.4038,0.25783747,0.59775782,0.12257323,4.7911397,0.077523662,79.999979
43.189959,-3904.3198,0.25726327,0.60712925,0.12186959,4.8207213,0.073952119,79.999979
43.199959,-3907.2092,0.25781814,0.53689892,0.1065389,4.8945932,0.057015842,79.999979
43.209959,-3908.5129,0.25768045,0.53750514,0.11407528,4.679261,0.060552573,79.999979
43.219959,-3908.5831,0.25765915,0.54721285,0.12661717,4.4633759,0.069261163,79.999979
43.229959,-3908.6532,0.25763784,0.53415346,0.13970481,4.0461812,0.074538924,79.999979
43.239959,-3908.7233,0.25810463,0.51500359,0.10293082,4.8493693,0.053091776,79.999979
43.249959,-3910.1154,0.2574496,0.54691083,0.10819489,4.478354,0.059161844,79.999979
43.259959,-3911.8242,0.25752562,0.5261012,0.11878776,4.2307497,0.062496052,79.999979
43.269959,-3910.7582,0.25830517,0.53852738,0.097472866,5.5484776,0.054937155,79.999979
43.279959,-3911.7934,0.25814989,0.48765597,0.10815928,4.386046,0.060726228,79.999979
43.289959,-3912.909,0.25798735,0.49991005,0.12197397,4.1067902,0.068613119,79.999979
43.299959,-3913.9755,0.2578248,0.51244437,0.15016011,3.3883821,0.07559861,79.999979
43.309959,-3914.0807,0.25772911,0.50989608,0.12217301,4.2007263,0.062895903,79.999979
43.319959,-3917.4494,0.25807752,0.50942656,0.10485397,4.6880324,0.05319838,79.999979
43.329959,-3919.1708,0.25784573,0.50811099,0.093965617,4.9033991,0.051709606,79.999979
43.339959,-3919.2255,0.25867183,0.5173217,0.13393991,3.7090701,0.060574467,79.999979
43.349959,-3919.3439,0.25867183,0.52065725,0.13060215,3.881412,0.055537872,79.999979
43.359959,-3919.8108,0.25867183,0.52399279,0.09725284,5.1464909,0.050501277,79.999979
43.369959,-3920.3333,0.25782765,0.53401324,0.11300573,4.6537315,0.060351007,79.999979
43.379959,-3917.1926,0.25632458,0.48187523,0.10809897,4.303586,0.052090461,79.999979
43.389959,-3919.5171,0.2575649,0.57339635,0.11410949,4.8073242,0.066678187,79.999979
43.399959,-3918.6209,0.25653554,0.51319101,0.10324172,4.9279137,0.056140782,79.999979
43.409959,-3918.6209,0.25653554,0.50714032,0.11159158,4.7722353,0.063425631,79.999979
43.419959,-3918.6209,0.25671356,0.50108964,0.13741137,3.7388718,0.07071048,79.999979
43.429959,-3918.5098,0.25692113,0.48950328,0.11568192,4.0086598,0.058928483,79.999979
43.439959,-3920.543,0.25688263,0.5131221,0.13205885,3.8629341,0.064171895,79.999979
43.449959,-3922.3829,0.25646763,0.56478446,0.12583845,4.3619613,0.071416525,79.999979
43.459959,-3922.95,0.25662816,0.60391879,0.11707133,4.3863758,0.069241301,79.999979
43.469959,-3922.95,0.25682342,0.57302556,0.14461049,4.1294898,0.073773112,79.999979
43.479959,-3922.95,0.25701119,0.54213233,0.15053943,3.6235177,0.078304923,79.999979
43.489959,-3922.9565,0.25701119,0.52939888,0.13372665,3.7838295,0.070767836,79.999979
43.499959,-3926.3001,0.25713858,0.47448538,0.12403729,3.700009,0.059054112,79.999979
43.509959,-3923.3758,0.25752872,0.47085197,0.11349652,4.4326479,0.053439087,79.999979
43.519958,-3926.9811,0.25669979,0.4935978,0.11771348,4.1285674,0.059441471,79.999979
43.529958,-3927.5114,0.2567622,0.48002658,0.13643464,3.7924086,0.065648941,79.999979
43.539958,-3928.2827,0.25682461,0.50079855,0.12865118,3.4562499,0.062412916,79.999979
43.549958,-3929.0539,0.25656288,0.51628915,0.10644145,4.2530986,0.053860321,79.999979
43.559958,-3927.0388,0.25647849,0.51599833,0.1063657,4.7475747,0.054475657,79.999979
43.569958,-3929.541,0.25696031,0.58554858,0.099348083,5.7901932,0.058011467,79.999979
43.579958,-3930.4604,0.25693776,0.50056956,0.11967559,4.0126863,0.057244766,79.999979
43.589958,-3929.4696,0.25653183,0.55771409,0.10993167,5.0291579,0.06884201,79.999979
43.599958,-3928.4788,0.25638982,0.51360734,0.12740165,4.4784831,0.070574525,79.999979
43.609958,-3928.5659,0.2562478,0.47680524,0.13868392,3.2664136,0.066184537,79.999979
43.619958,-3929.3828,0.25717985,0.52249427,0.15401961,3.5174376,0.071711712,79.999979
43.629958,-3932.82,0.25589836,0.55422315,0.1415485,3.7517899,0.077579017,79.999979
43.639958,-3930.916,0.25675961,0.52029874,0.11481066,4.3500687,0.059802431,79.999979
43.649958,-3932.8464,0.25715676,0.49819165,0.1117855,4.9062003,0.056525983,79.999979
43.659958,-3933.9076,0.25710176,0.54045723,0.13836861,4.0986384,0.07395962,79.999979
43.669958,-3933.7338,0.25704677,0.62110057,0.16205458,3.1009896,0.096290848,79.999979
43.679958,-3933.7487,0.256757,0.52079179,0.13724162,4.0034099,0.067758159,79.999979
43.689958,-3933.5438,0.25664339,0.54649617,0.15099136,3.7488556,0.081844029,79.999979
43.699958,-3936.6966,0.25643724,0.53159821,0.099092874,5.6612229,0.054087958,79.999979
43.709958,-3937.5647,0.25721812,0.53073017,0.099157276,5.303383,0.052693154,79.999979
43.719958,-3939.0757,0.2571783,0.54111568,0.10917818,4.9886312,0.058717029,79.999979
43.729958,-3939.5419,0.25713847,0.51092508,0.11709442,4.6738795,0.058911797,79.999979
43.739958,-3939.118,0.25665917,0.51615856,0.10362817,4.927441,0.0534826,79.999979
43.749958,-3939.3469,0.25654822,0.55045798,0.12508427,3.9666394,0.068713008,79.999979
43.759958,-3942.5604,0.25598804,0.52437634,0.11423498,4.5609256,0.06887365,79.999979
43.769958,-3941.4511,0.25579528,0.49040727,0.13174105,4.5849495,0.060545367,79.999979
43.779958,-3941.3988,0.2555419,0.51117331,0.12553846,3.6849677,0.062383606,79.999979
43.789958,-3941.3466,0.25577246,0.51685534,0.11933588,4.1128475,0.06138723,79.999979
43.799958,-3942.293,0.25611652,0.48432605,0.11048839,4.3850056,0.053210115,79.999979
43.809958,-3943.9927,0.25621532,0.50683378,0.11479647,4.1022595,0.060350788,79.999979
43.819958,-3944.4437,0.25646979,0.56996414,0.13377008,4.5612143,0.07352312,79.999979
43.829958,-3946.2889,0.25578302,0.50818197,0.12439132,3.9594492,0.064574853,79.999979
43.839958,-3946.5011,0.25624608,0.55188727,0.12392601,4.3134075,0.068508507,79.999979
43.849958,-3947.0624,0.25666558,0.5480549,0.13714577,3.9749443,0.070940181,79.999979
43.859958,-3947.7648,0.25692929,0.52535512,0.14223968,3.7605711,0.068361144,79.999979
43.869958,-3949.9128,0.2556791,0.50353633,0.11814556,4.0477026,0.060083666,79.999979
43.879958,-3948.1028,0.25633302,0.50063476,0.12635637,3.0947716,0.059101579,79.999979
43.889958,-3951.4376,0.25541503,0.51007491,0.11298133,4.5547816,0.073930449,79.999979
43.899958,-3952.0494,0.25630265,0.51499998,0.116301,4.3542706,0.059889187,79.999979
43.909958,-3952.2281,0.25621317,0.52678355,0.11881176,4.2398408,0.0624038,79.999979
43.919958,-3951.4517,0.25612368,0.58667812,0.12132253,4.1254109,0.070070166,79.999979
43.929958,-3949.9126,0.25610294,0.51738549,0.11630448,4.5624315,0.058548805,79.999979
43.939958,-3953.0613,0.25603288,0.57022337,0.11739385,4.7525086,0.064847229,79.999979
43.949958,-3953.7698,0.25677111,0.5126369,0.10448509,4.5608102,0.055492641,79.999979
43.959958,-3953.033,0.2566327,0.52545973,0.12402038,4.1566898,0.063738544,79.999979
43.969958,-3952.806,0.25635238,0.53202103,0.13604015,3.8383833,0.068905931,79.999979
43.979958,-3953.6681,0.25607207,0.52697729,0.14805993,3.5200768,0.06335517,79.999979
43.989958,-3955.5674,0.25614461,0.53926192,0.12155799,4.4335198,0.065681959,79.999979
43.999958,-3958.6614,0.25547682,0.51227346,0.10996901,4.5944897,0.064799452,79.999979
44.009958,-3958.2797,0.25514218,0.48659765,0.096808333,5.1772229,0.049744622,79.999979
44.019958,-3960.377,0.25561437,0.48011488,0.11256007,4.6274939,0.054241878,79.999979
44.029958,-3960.377,0.25600425,0.4873598,0.12472815,3.8524271,0.06158714,79.999979
44.039958,-3960.377,0.25639412,0.49460472,0.13920653,3.598856,0.068932402,79.999979
44.049958,-3961.3477,0.25530374,0.55471199,0.12960245,3.9022363,0.066825098,79.999979
44.059958,-3959.8071,0.25586129,0.52965394,0.1016433,5.6156849,0.058138477,79.999979
44.069958,-3964.4727,0.25640064,0.52342116,0.12987921,3.9651057,0.064040327,79.999979
44.079958,-3966.3277,0.25546211,0.51843008,0.12394169,4.1512596,0.061144492,79.999979
44.089958,-3964.6205,0.25535971,0.513439,0.11800417,4.3374135,0.058248658,79.999979
44.099958,-3964.859,0.25549412,0.50844792,0.11206664,4.5235673,0.055352824,79.999979
44.109958,-3967.6327,0.25551999,0.50345684,0.10612912,4.7097212,0.052456989,79.999979
44.119958,-3974.4765,0.25550106,0.49846576,0.1001916,4.8958751,0.049561155,79.999979
44.129958,-3976.0595,0.25525959,0.49525,0.096857408,5.036523,0.047973391,79.999979
44.139958,-3978.0288,0.25487431,0.49620445,0.099638454,4.9158192,0.049458299,79.999979
44.149958,-3977.4173,0.2551805,0.49715891,0.1024195,4.7951153,0.050943206,79.999979
44.159958,-3978.6014,0.25498851,0.49811337,0.10520055,4.6744114,0.052428114,79.999979
44.169958,-3980.4977,0.25459715,0.49906783,0.10798159,4.5537075,0.053913022,79.999979
44.179958,-3983.8724,0.25609377,0.50002229,0.11076264,4.4330037,0.055397929,79.999979
44.189958,-3988.6795,0.25531457,0.50097674,0.11354368,4.3122998,0.056882837,79.999979
44.199958,-3989.3651,0.25464586,0.50066,0.11362842,4.3061864,0.056888707,79.999979
44.209958,-3990.496,0.25435108,0.50033621,0.11369823,4.3007076,0.056886387,79.999979
44.219958,-3990.826,0.25428958,0.50001243,0.11376803,4.2952288,0.056884067,79.999979
44.229958,-3991.6207,0.25458894,0.49968864,0.11383784,4.28975,0.056881746,79.999979
44.239958,-3992.1606,0.25390214,0.49936486,0.11390764,4.2842712,0.056879426,79.999979
44.249958,-3996.0811,0.25460438,0.49904107,0.11397745,4.2787924,0.056877106,79.999979
44.259958,-3999.0545,0.25452798,0.49871729,0.11404725,4.2733136,0.056874785,79.999979
44.269958,-3998.7347,0.25420791,0.4983935,0.11411706,4.2678348,0.056872465,79.999979
44.279958,-3999.8533,0.25446117,0.49806972,0.11418686,4.2623561,0.056870144,79.999979
44.289958,-3999.7592,0.25408645,0.49774593,0.11425667,4.2568773,0.056867824,79.999979
44.299958,-4001.1029,0.25366363,0.49742214,0.11432647,4.2513985,0.056865504,79.999979
44.309958,-4177.326,0.24771446,0.49709836,0.11439628,4.2459197,0.056863183,79.999979
44.319958,-4176.1228,0.24737956,0.49677457,0.11446608,4.2404409,0.056860863,79.999979
44.329958,-4175.5797,0.24775248,0.49645079,0.11453589,4.2349621,0.056858543,79.999979
44.339958,-4175.5797,0.24742159,0.496127,0.11460569,4.2294833,0.056856222,79.999979
44.349958,-4177.266,0.24811902,0.49580322,0.1146755,4.2240045,0.056853902,79.999979
44.359958,-4178.5077,0.2477823,0.49547943,0.1147453,4.2185257,0.056851582,79.999979
44.369958,-4178.1997,0.24703853,0.49515565,0.11481511,4.2130469,0.056849261,79.999979
44.379958,-4180.3198,0.24770011,0.49483186,0.11488491,4.2075682,0.056846941,79.999979
44.389958,-4180.8549,0.24643111,0.49450808,0.11495472,4.2020894,0.05684462,79.999979
44.399958,-4180.8549,0.24643111,0.49418429,0.11502452,4.1966106,0.0568423,79.999979
44.409958,-4180.4637,0.24643111,0.49386051,0.11509433,4.1911318,0.05683998,79.999979
44.419958,-4182.4072,0.24719307,0.49353672,0.11516413,4.185653,0.056837659,79.999979
44.429958,-4181.9834,0.24781508,0.49446957,0.11504129,4.1976803,0.056877896,79.999979
44.439958,-4186.8813,0.2472873,0.49559341,0.11487491,4.2136642,0.056924602,79.999979
44.449958,-4187.0658,0.24825273,0.49671726,0.11470853,4.2296481,0.056971308,79.999979
44.459958,-4185.6573,0.24807989,0.49784111,0.11454214,4.245632,0.057018013,79.999979
44.469958,-4186.5381,0.2476169,0.49896496,0.11437576,4.2616158,0.057064719,79.999979
44.479958,-4187.1901,0.24734613,0.50008881,0.11420938,4.2775997,0.057111424,79.999979
44.489958,-4190.8372,0.24691944,0.50121266,0.114043,4.2935836,0.05715813,79.999979
44.499958,-4188.3041,0.24705799,0.50204992,0.11403315,4.3055726,0.057249926,79.999979
44.509958,-4192.4602,0.24709883,0.50174551,0.11464687,4.281907,0.05752135,79.999979
44.519958,-4193.6603,0.24609345,0.5014411,0.11526059,4.2582414,0.057792774,79.999979
44.529958,-4193.4194,0.24626787,0.50113669,0.11587431,4.2345758,0.058064198,79.999979
44.539958,-4192.0363,0.24627427,0.50083229,0.11648803,4.2109102,0.058335622,79.999979
44.549958,-4192.4974,0.24649869,0.50052788,0.11710175,4.1872446,0.058607046,79.999979
44.559958,-4192.9194,0.24717077,0.50022347,0.11771548,4.163579,0.05887847,79.999979
44.569957,-4199.1942,0.24693773,0.49991906,0.1183292,4.1399134,0.059149895,79.999979
44.579957,-4200.2464,0.24715407,0.49961465,0.11894292,4.1162478,0.059421319,79.999979
44.589957,-4200.2464,0.24677329,0.49931024,0.11955664,4.0925822,0.059692743,79.999979
44.599957,-4200.2464,0.24639251,0.49900583,0.12017036,4.0689166,0.059964167,79.999979
44.609957,-4200.2464,0.24601173,0.49875695,0.12078408,4.045251,0.060066906,79.999979
44.619957,-4200.2464,0.24563094,0.49874612,0.12079243,4.0215854,0.059446467,79.999979
44.629957,-4199.0478,0.2463629,0.49873529,0.11936259,4.0553008,0.058826027,79.999979
44.639957,-4200.0747,0.24679568,0.49872446,0.11793275,4.1128613,0.058205588,79.999979
44.649957,-4199.4669,0.24676935,0.49871363,0.11650291,4.1704219,0.057585149,79.999979
44.659957,-4201.0745,0.24663427,0.49870279,0.11507308,4.2279824,0.056964709,79.999979
44.669957,-4201.68,0.24681882,0.49869196,0.11364324,4.2855429,0.05634427,79.999979
44.679957,-4204.2854,0.24627358,0.49868113,0.1122134,4.3431035,0.055723831,79.999979
44.689957,-4205.8359,0.24606934,0.4986703,0.11078356,4.400664,0.055103391,79.999979
44.699957,-4207.7136,0.24688509,0.49865947,0.10935372,4.4582245,0.054482952,79.999979
44.709957,-4210.1865,0.24663929,0.49880177,0.10873807,4.4875728,0.054239064,79.999979
44.719957,-4208.9428,0.24704352,0.49910013,0.10895224,4.4813982,0.054378959,79.999979
44.729957,-4209.0371,0.24684186,0.4993985,0.10916642,4.4752235,0.054518855,79.999979
44.739957,-4209.2969,0.24684186,0.49969687,0.10938059,4.4690489,0.05465875,79.999979
44.749957,-4212.2272,0.24609009,0.49999524,0.10959477,4.4628742,0.054798646,79.999979
44.759957,-4214.746,0.24555889,0.50029361,0.10980894,4.4566996,0.054938541,79.999979
44.769957,-4217.9598,0.24627166,0.50059198,0.11002312,4.4505249,0.055078437,79.999979
44.779957,-4217.0173,0.24584132,0.50089035,0.11023729,4.4443503,0.055218332,79.999979
44.789957,-4216.2664,0.24622485,0.50118872,0.11045147,4.4381757,0.055358228,79.999979
44.799957,-4216.0079,0.24622485,0.50148708,0.11066564,4.432001,0.055498123,79.999979
44.809957,-4218.0064,0.24666289,0.50178545,0.11087982,4.4258264,0.055638019,79.999979
44.819957,-4219.5696,0.24570127,0.5010456,0.11113306,4.4099609,0.055681283,79.999979
44.829957,-4221.3575,0.24591724,0.50003592,0.11139646,4.3907193,0.055699434,79.999979
44.839957,-4222.1188,0.24609742,0.49902624,0.11165985,4.3714777,0.055717584,79.999979
44.849957,-4222.0826,0.24586531,0.49801656,0.11192325,4.3522361,0.055735735,79.999979
44.859957,-4222.0321,0.24575883,0.49700688,0.11218664,4.3329945,0.055753886,79.999979
44.869957,-4223.4437,0.24599651,0.4959972,0.11245004,4.3137529,0.055772036,79.999979
44.879957,-4223.841,0.24563705,0.49498752,0.11271343,4.2945113,0.055790187,79.999979
44.889957,-4226.4403,0.2463832,0.4943164,0.11298571,4.2752697,0.055851196,79.999979
44.899957,-4229.4331,0.24491585,0.49572835,0.11331269,4.2749035,0.0561759,79.999979
44.909957,-4227.8159,0.2454721,0.4971403,0.11363966,4.2747393,0.056500604,79.999979
44.919957,-4228.9027,0.24555344,0.49855225,0.11396664,4.2745751,0.056825308,79.999979
44.929957,-4228.9013,0.24544647,0.49996419,0.11429361,4.2744109,0.057150011,79.999979
44.939957,-4227.2073,0.24583485,0.50137614,0.11462059,4.2742467,0.057474715,79.999979
44.949957,-4232.3468,0.24525809,0.50278809,0.11494756,4.2740825,0.057799419,79.999979
44.959957,-4231.2882,0.24565292,0.50420004,0.11527454,4.2739183,0.058124123,79.999979
44.969957,-4234.774,0.24609383,0.50529155,0.11546351,4.2763,0.058343029,79.999979
44.979957,-4237.0232,0.24594288,0.50494295,0.11503226,4.2901237,0.058086455,79.999979
44.989957,-4234.8433,0.24571381,0.50459435,0.114601,4.3039474,0.057829882,79.999979
44.999957,-4234.4018,0.24534695,0.50424575,0.11416975,4.3177711,0.057573309,79.999979
45.009957,-4236.448,0.24512102,0.50389715,0.1137385,4.3315948,0.057316736,79.999979
45.019957,-4235.2668,0.24603516,0.50354854,0.11330725,4.3454184,0.057060162,79.999979
45.029957,-4238.1613,0.24574627,0.50319994,0.112876,4.3592421,0.056803589,79.999979
45.039957,-4238.1264,0.24557547,0.50285134,0.11244475,4.3730658,0.056547016,79.999979
45.049957,-4240.3727,0.24512105,0.50250274,0.11201349,4.3868895,0.056290442,79.999979
45.059957,-4240.8112,0.24504799,0.50215414,0.11158224,4.4007132,0.056033869,79.999979
45.069957,-4241.0989,0.24552044,0.50180554,0.11115099,4.4145368,0.055777296,79.999979
45.079957,-4239.6038,0.24556004,0.50167628,0.11087566,4.4248511,0.055641693,79.999979
45.089957,-4243.344,0.24504335,0.502132,0.11115029,4.4178226,0.055828718,79.999979
45.099957,-4242.4769,0.24433967,0.50258772,0.11142491,4.4107941,0.056015743,79.999979
45.109957,-4245.3551,0.2448105,0.50304343,0.11169954,4.4037655,0.056202768,79.999979
45.119957,-4244.387,0.24483066,0.50349915,0.11197416,4.396737,0.056389793,79.999979
45.129957,-4244.387,0.24483066,0.50395487,0.11224879,4.3897085,0.056576818,79.999979
45.139957,-4243.0946,0.2463705,0.50441059,0.11252341,4.38268,0.056763843,79.999979
45.149957,-4247.9862,0.24465412,0.50486631,0.11279804,4.3756515,0.056950867,79.999979
45.159957,-4245.197,0.24508718,0.50531784,0.11307266,4.368623,0.05713136,79.999979
45.169957,-4249.0731,0.24547695,0.50571003,0.11316293,4.3685634,0.057219266,79.999979
45.179957,-4249.0551,0.24511671,0.50610222,0.11324671,4.3687491,0.057307172,79.999979
45.189957,-4247.2234,0.24542941,0.50649441,0.1133305,4.3689348,0.057395077,79.999979
45.199957,-4246.2633,0.24533434,0.50688659,0.11341428,4.3691205,0.057482983,79.999979
45.209957,-4246.5899,0.24499177,0.50727878,0.11349806,4.3693062,0.057570888,79.999979
45.219957,-4246.6792,0.24481997,0.50767097,0.11358184,4.3694919,0.057658794,79.999979
45.229957,-4247.5078,0.24545847,0.50806316,0.11366562,4.3696776,0.057746699,79.999979
45.239957,-4246.4709,0.2444997,0.50845534,0.1137494,4.3698633,0.057834605,79.999979
45.249957,-4247.8081,0.24470775,0.50884753,0.11383318,4.370049,0.05792251,79.999979
45.259957,-4249.4683,0.24457044,0.50923972,0.11391696,4.3702347,0.058010416,79.999979
45.269957,-4249.7009,0.24500236,0.50963191,0.11400074,4.3704204,0.058098321,79.999979
45.279957,-4248.2029,0.24507934,0.50933421,0.11416195,4.3628704,0.058145899,79.999979
45.289957,-4252.244,0.24492966,0.50887043,0.11434179,4.3520959,0.058183768,79.999979
45.299957,-4251.5507,0.24501042,0.50840665,0.11452163,4.3413214,0.058221637,79.999979
45.309957,-4251.879,0.2450096,0.50794287,0.11470148,4.3305469,0.058259507,79.999979
45.319957,-4252.6735,0.2450079,0.50747909,0.11488132,4.3197723,0.058297376,79.999979
45.329957,-4252.5562,0.24516837,0.50701531,0.11506116,4.3089978,0.058335245,79.999979
45.339957,-4253.2361,0.24465568,0.50655153,0.115241,4.2982233,0.058373114,79.999979
45.349957,-4252.2043,0.24464411,0.50608775,0.11542085,4.2874488,0.058410984,79.999979
45.359957,-4252.9944,0.24513971,0.50562397,0.11560069,4.2766743,0.058448853,79.999979
45.369957,-4253.5829,0.24567601,0.50516019,0.11578053,4.2658997,0.058486722,79.999979
45.379957,-4254.1845,0.24548608,0.50469641,0.11596038,4.2551252,0.058524592,79.999979
45.389957,-4251.4159,0.24455455,0.50396649,0.1162249,4.2413615,0.05861798,79.999979
45.399957,-4256.4427,0.24556127,0.50316396,0.1166419,4.2189317,0.058726514,79.999979
45.409957,-4255.1272,0.24461652,0.50236143,0.1170589,4.1965019,0.058835048,79.999979
45.419957,-4257.0372,0.24503868,0.50155891,0.11747589,4.1740721,0.058943582,79.999979
45.429957,-4253.7909,0.2456431,0.50075638,0.11789289,4.1516423,0.059052116,79.999979
45.439957,-4253.5916,0.24533559,0.49995385,0.11830989,4.1292125,0.05916065,79.999979
45.449957,-4254.0784,0.24497695,0.49915132,0.11872688,4.1067827,0.059269185,79.999979
45.459957,-4255.7745,0.24458425,0.4983488,0.11914388,4.0843529,0.059377719,79.999979
45.469957,-4255.5591,0.24516665,0.49771934,0.11946013,4.0665385,0.059428096,79.999979
45.479957,-4258.0005,0.24408895,0.49756975,0.11926722,4.0720507,0.059317231,79.999979
45.489957,-4257.6981,0.2443866,0.49742015,0.1190743,4.0775628,0.059206366,79.999979
45.499957,-4255.7943,0.24475516,0.49727055,0.11888138,4.083075,0.059095501,79.999979
45.509957,-4257.5048,0.24425711,0.49712095,0.11868846,4.0885872,0.058984636,79.999979
45.519957,-4260.1384,0.24509593,0.49697135,0.11849555,4.0940994,0.058873771,79.999979
45.529957,-4258.0073,0.24432252,0.49682175,0.11830263,4.0996116,0.058762906,79.999979
45.539957,-4258.7763,0.2455819,0.49667215,0.11810971,4.1051237,0.058652041,79.999979
45.549957,-4258.9092,0.24492102,0.49652255,0.11791679,4.1106359,0.058541176,79.999979
45.559957,-4258.9392,0.2446542,0.49637295,0.11772388,4.1161481,0.058430311,79.999979
45.569957,-4259.7454,0.24452768,0.49622335,0.11753096,4.1216603,0.058319446,79.999979
45.579957,-4259.3165,0.24459476,0.49610665,0.11736497,4.1271214,0.058225551,79.999979
45.589957,-4259.0789,0.24455426,0.4962599,0.11741995,4.1264478,0.058270877,79.999979
45.599957,-4261.2535,0.24398597,0.49641316,0.11747493,4.1257742,0.058316203,79.999979
45.609957,-4262.41,0.24346434,0.49656641,0.11752991,4.1251006,0.058361528,79.999979
45.619956,-4262.3686,0.24400825,0.49671966,0.11758488,4.124427,0.058406854,79.999979
45.629956,-4262.1614,0.24450225,0.49687291,0.11763986,4.1237534,0.05845218,79.999979
45.639956,-4261.4831,0.2450093,0.49702616,0.11769484,4.1230798,0.058497506,79.999979
45.649956,-4263.2642,0.24353994,0.49717942,0.11774982,4.1224062,0.058542832,79.999979
45.659956,-4264.81,0.24480404,0.49760967,0.11773622,4.1245549,0.058585875,79.999979
45.669956,-4261.4836,0.24493393,0.49895309,0.11749657,4.1451413,0.058621393,79.999979
45.679956,-4261.0103,0.24530277,0.50029651,0.11725691,4.1657278,0.058656911,79.999979
45.689956,-4262.5338,0.24514131,0.50163992,0.11701726,4.1863142,0.058692429,79.999979
45.699956,-4264.7,0.2439085,0.50298334,0.1167776,4.2069007,0.058727947,79.999979
45.709956,-4268.6244,0.24340919,0.50432676,0.11653795,4.2274871,0.058763465,79.999979
45.719956,-4266.2552,0.2447965,0.50567017,0.11629829,4.2480735,0.058798983,79.999979
45.729956,-4270.5769,0.24373916,0.50701359,0.11605864,4.26866,0.058834501,79.999979
45.739956,-4269.7366,0.24420455,0.50835701,0.11581898,4.2892464,0.058870019,79.999979
45.749956,-4268.0921,0.24462091,0.50970042,0.11557932,4.3098329,0.058905537,79.999979
45.759956,-4268.8483,0.24500278,0.51104384,0.11533967,4.3304193,0.058941055,79.999979
45.769956,-4273.0345,0.24354123,0.51184908,0.11515185,4.3455243,0.058948309,79.999979
45.779956,-4271.5105,0.24380032,0.51073545,0.11522289,4.3332574,0.058854792,79.999979
45.789956,-4271.9855,0.24428479,0.50962183,0.11529392,4.3209905,0.058761274,79.999979
45.799956,-4273.9112,0.24457293,0.50850821,0.11536496,4.3087236,0.058667756,79.999979
45.809956,-4273.9112,0.24457293,0.50739458,0.11543599,4.2964567,0.058574238,79.999979
45.819956,-4274.1247,0.24413947,0.50628096,0.11550702,4.2841898,0.05848072,79.999979
45.829956,-4277.7662,0.24373153,0.50516733,0.11557806,4.2719229,0.058387202,79.999979
45.839956,-4277.053,0.24366582,0.50405371,0.11564909,4.259656,0.058293685,79.999979
45.849956,-4278.9236,0.24363631,0.50311197,0.11554187,4.2530971,0.058131457,79.999979
45.859956,-4279.7934,0.24370852,0.50255011,0.11504067,4.2678033,0.057817374,79.999979
45.869956,-4279.6505,0.24413587,0.50198825,0.11453947,4.2825095,0.057503291,79.999979
45.879956,-4280.0365,0.24446432,0.50142638,0.11403827,4.2972157,0.057189208,79.999979
45.889956,-4280.7976,0.24469539,0.50086452,0.11353707,4.3119219,0.056875126,79.999979
45.899956,-4281.419,0.24414344,0.50030266,0.11303587,4.3266281,0.056561043,79.999979
45.909956,-4284.8277,0.24366098,0.4997408,0.11253467,4.3413343,0.05624696,79.999979
45.919956,-4286.7709,0.24448058,0.49917894,0.11203347,4.3560405,0.055932877,79.999979
45.929956,-4286.8944,0.24424808,0.49861707,0.11153227,4.3707467,0.055618794,79.999979
45.939956,-4286.7722,0.24392152,0.49805521,0.11103107,4.3854529,0.055304712,79.999979
45.949956,-4288.2726,0.24334827,0.49749335,0.11052987,4.4001591,0.054990629,79.999979
45.959956,-4288.0937,0.24482439,0.49697013,0.11007554,4.4148653,0.054704294,79.999979
45.969956,-4291.9527,0.24446608,0.497144,0.11046651,4.4022075,0.054918506,79.999979
45.979956,-4290.8875,0.24364213,0.49731787,0.11085748,4.388189,0.055132719,79.999979
45.989956,-4290.5528,0.24364213,0.49749175,0.11124845,4.3741704,0.055346931,79.999979
45.999956,-4291.6832,0.24367746,0.49766562,0.11163942,4.3601518,0.055561143,79.999979
46.009956,-4292.6905,0.24339535,0.49783949,0.11203039,4.3461333,0.055775355,79.999979
46.019956,-4293.3603,0.24315054,0.49801336,0.11242136,4.3321147,0.055989567,79.999979
46.029956,-4296.9978,0.24329142,0.49818723,0.11281233,4.3180961,0.05620378,79.999979
46.039956,-4296.8445,0.24362628,0.4983611,0.1132033,4.3040775,0.056417992,79.999979
46.049956,-4297.5756,0.24376039,0.49853497,0.11359427,4.290059,0.056632204,79.999979
46.059956,-4298.3067,0.24379202,0.49870884,0.11398524,4.2760404,0.056846416,79.999979
46.069956,-4298.2812,0.24380515,0.49888271,0.11437621,4.2620218,0.057060629,79.999979
46.079956,-4300.8246,0.24377947,0.49935672,0.11439375,4.2653829,0.057122514,79.999979
46.089956,-4298.2769,0.24228703,0.50004942,0.11413922,4.2814069,0.057073412,79.999979
46.099956,-4299.6821,0.24325654,0.50074212,0.1138847,4.297431,0.05702431,79.999979
46.109956,-4299.3567,0.24326813,0.50143482,0.11363017,4.313455,0.056975208,79.999979
46.119956,-4300.8492,0.24357908,0.50212751,0.11337564,4.329479,0.056926106,79.999979
46.129956,-4302.4181,0.24252744,0.50282021,0.11312111,4.345503,0.056877004,79.999979
46.139956,-4306.4561,0.2434419,0.50351291,0.11286658,4.3615271,0.056827902,79.999979
46.149956,-4305.8204,0.24303471,0.5042056,0.11261205,4.3775511,0.0567788,79.999979
46.159956,-4306.3188,0.24234381,0.50440993,0.1124748,4.3846908,0.056733266,79.999979
46.169956,-4307.0667,0.24234381,0.5038275,0.11252649,4.3775179,0.056693478,79.999979
46.179956,-4307.3807,0.24254552,0.50324506,0.11257818,4.370345,0.056653691,79.999979
46.189956,-4307.3807,0.24309694,0.50266263,0.11262987,4.3631721,0.056613904,79.999979
46.199956,-4308.5599,0.2424537,0.5020802,0.11268156,4.3559992,0.056574117,79.999979
46.209956,-4310.9335,0.24271838,0.50149776,0.11273324,4.3488263,0.05653433,79.999979
46.219956,-4314.2992,0.24281417,0.50091533,0.11278493,4.3416534,0.056494542,79.999979
46.229956,-4314.2992,0.24266055,0.5003329,0.11283662,4.3344805,0.056454755,79.999979
46.239956,-4314.3758,0.24255259,0.49975046,0.11288831,4.3273076,0.056414968,79.999979
46.249956,-4312.2347,0.24207836,0.49916803,0.11294,4.3201347,0.056375181,79.999979
46.259956,-4315.3034,0.24338044,0.4985856,0.11299169,4.3129618,0.056335394,79.999979
46.269956,-4314.7655,0.24302822,0.49800317,0.11304338,4.3057889,0.056295606,79.999979
46.279956,-4315.7395,0.24173422,0.49742073,0.11309507,4.298616,0.056255819,79.999979
46.289956,-4313.8594,0.24265501,0.49762347,0.11280185,4.3112599,0.05613172,79.999979
46.299956,-4315.2574,0.24260967,0.49785664,0.11249526,4.3258518,0.056004353,79.999979
46.309956,-4315.2574,0.24260967,0.49808981,0.11218867,4.3404437,0.055876987,79.999979
46.319956,-4314.7673,0.2424026,0.49832298,0.11188208,4.3550356,0.05574962,79.999979
46.329956,-4317.0831,0.24242802,0.49855615,0.11157549,4.3696275,0.055622253,79.999979
46.339956,-4315.9987,0.24219313,0.49878931,0.11126891,4.3842195,0.055494886,79.999979
46.349956,-4318.1509,0.24140738,0.49902248,0.11096232,4.3988114,0.055367519,79.999979
46.359956,-4317.8003,0.24162221,0.49925565,0.11065573,4.4134033,0.055240152,79.999979
46.369956,-4317.4498,0.24183703,0.49948882,0.11034914,4.4279952,0.055112786,79.999979
46.379956,-4317.0992,0.2420442,0.49972199,0.11004255,4.4425871,0.054985419,79.999979
46.389956,-4316.7487,0.24181614,0.49995516,0.10973596,4.457179,0.054858052,79.999979
46.399956,-4318.3176,0.2417071,0.50018833,0.10942937,4.4717709,0.054730685,79.999979
46.409956,-4319.2292,0.24195585,0.5004215,0.10912278,4.4863628,0.054603318,79.999979
46.419956,-4319.274,0.2422445,0.50065467,0.10881619,4.5009548,0.054475951,79.999979
46.429956,-4319.3188,0.24225499,0.50088784,0.1085096,4.5155467,0.054348584,79.999979
46.439956,-4320.4471,0.2430661,0.501121,0.10820301,4.5301386,0.054221218,79.999979
46.449956,-4319.6582,0.24254544,0.50135417,0.10789643,4.5447305,0.054093851,79.999979
46.459956,-4322.2583,0.24297951,0.50141861,0.10805519,4.5437154,0.054180758,79.999979
46.469956,-4322.3368,0.24287685,0.50137538,0.1085109,4.5243846,0.054404389,79.999979
46.479956,-4323.2988,0.24299118,0.50133216,0.1089666,4.5050538,0.05462802,79.999979
46.489956,-4323.4796,0.24258112,0.50128893,0.1094223,4.485723,0.054851651,79.999979
46.499956,-4323.5821,0.2419714,0.5012457,0.109878,4.4663922,0.055075281,79.999979
46.509956,-4320.8867,0.24145976,0.50120248,0.11033371,4.4470614,0.055298912,79.999979
46.519956,-4324.3957,0.24246713,0.50115925,0.11078941,4.4277306,0.055522543,79.999979
46.529956,-4326.544,0.24227756,0.50111602,0.11124511,4.4083998,0.055746174,79.999979
46.539956,-4325.3197,0.24194165,0.50107279,0.11170082,4.389069,0.055969805,79.999979
46.549956,-4324.8442,0.24187581,0.50102957,0.11215652,4.3697382,0.056193436,79.999979
46.559956,-4324.5323,0.24198596,0.50098634,0.11261222,4.3504074,0.056417067,79.999979
46.569956,-4324.4568,0.24220384,0.50157889,0.11283356,4.3437278,0.056578847,79.999979
46.579956,-4328.7224,0.24110586,0.5029907,0.11267871,4.3625771,0.056660928,79.999979
46.589956,-4327.1216,0.24107396,0.5044025,0.11252386,4.3814263,0.056743009,79.999979
46.599956,-4327.4521,0.24211132,0.50581431,0.11236901,4.4002756,0.05682509,79.999979
46.609956,-4328.4671,0.24225499,0.50722612,0.11221416,4.4191249,0.056907171,79.999979
46.619956,-4329.4792,0.24222813,0.50863793,0.11205931,4.4379742,0.056989252,79.999979
46.629956,-4328.5721,0.24157256,0.51004973,0.11190446,4.4568234,0.057071333,79.999979
46.639956,-4330.2033,0.24222002,0.51146154,0.11174961,4.4756727,0.057153414,79.999979
46.649956,-4334.9181,0.24340725,0.51198155,0.11155344,4.4903238,0.05710714,79.999979
46.659956,-4332.9627,0.24199976,0.51112213,0.11125716,4.4948035,0.056862328,79.999979
46.669955,-4333.1322,0.24237547,0.51026271,0.11096089,4.4992832,0.056617516,79.999979
46.679955,-4333.6961,0.24274524,0.50940329,0.11066461,4.5037629,0.056372705,79.999979
46.689955,-4331.1292,0.2427917,0.50854387,0.11036834,4.5082426,0.056127893,79.999979
46.699955,-4333.9159,0.24184659,0.50768445,0.11007206,4.5127223,0.055883081,79.999979
46.709955,-4331.2218,0.24232867,0.50682503,0.10977578,4.517202,0.05563827,79.999979
46.719955,-4334.2485,0.24248753,0.50596561,0.10947951,4.5216817,0.055393458,79.999979
46.729955,-4336.0149,0.24201194,0.50608307,0.10961256,4.5178541,0.055478624,79.999979
46.739955,-4336.0149,0.24240635,0.5077237,0.11041504,4.5010735,0.056078296,79.999979
46.749955,-4335.0851,0.24216051,0.50936433,0.11121751,4.4842929,0.056677969,79.999979
46.759955,-4333.7353,0.24174308,0.51100496,0.11201998,4.4675123,0.057277641,79.999979
46.769955,-4336.0659,0.24209683,0.51264559,0.11282246,4.4507318,0.057877313,79.999979
46.779955,-4335.1351,0.24169347,0.51428622,0.11362493,4.4339512,0.058476986,79.999979
46.789955,-4336.9671,0.24185591,0.51592685,0.1144274,4.4171706,0.059076658,79.999979
46.799955,-4336.7281,0.24238302,0.51756748,0.11522988,4.40039,0.05967633,79.999979
46.809955,-4335.9695,0.24240408,0.51920811,0.11603235,4.3836094,0.060276003,79.999979
46.819955,-4336.834,0.2427538,0.52084874,0.11683482,4.3668289,0.060875675,79.999979
46.829955,-4337.5859,0.24254316,0.52248937,0.11763729,4.3500483,0.061475348,79.999979
46.839955,-4337.5859,0.24238302,0.52314026,0.11823208,4.3332677,0.061815102,79.999979
46.849955,-4335.8301,0.2412442,0.51950881,0.11750225,4.3244157,0.061030249,79.999979
46.859955,-4338.2622,0.24205227,0.51587736,0.11677241,4.3206065,0.060245397,79.999979
46.869955,-4336.5156,0.24226439,0.51224591,0.11604258,4.3167973,0.059460544,79.999979
46.879955,-4337.9075,0.24271968,0.50861446,0.11531275,4.3129882,0.058675691,79.999979
46.889955,-4338.1223,0.24248549,0.50498301,0.11458291,4.309179,0.057890839,79.999979
46.899955,-4337.6582,0.24202558,0.50135155,0.11385308,4.3053698,0.057105986,79.999979
46.909955,-4339.2323,0.24209772,0.4977201,0.11312325,4.3015606,0.056321134,79.999979
46.919955,-4341.232,0.24157857,0.49408865,0.11239342,4.2977514,0.055536281,79.999979
46.929955,-4337.7928,0.24222463,0.4946172,0.11249875,4.2958677,0.055678451,79.999979
46.939955,-4340.4208,0.24186727,0.49643988,0.11294469,4.2947691,0.056109006,79.999979
46.949955,-4341.2239,0.24160929,0.49826255,0.11339062,4.2936705,0.056539561,79.999979
46.959955,-4341.9199,0.24166369,0.50008523,0.11383655,4.2925719,0.056970116,79.999979
46.969955,-4341.3475,0.24210885,0.50190791,0.11428248,4.2914733,0.057400672,79.999979
46.979955,-4340.9476,0.24150296,0.50373058,0.11472842,4.2903747,0.057831227,79.999979
46.989955,-4342.2103,0.24251415,0.50555326,0.11517435,4.2892761,0.058261782,79.999979
46.999955,-4340.4574,0.24110959,0.50737593,0.11562028,4.2881775,0.058692337,79.999979
47.009955,-4339.438,0.2410933,0.50919861,0.11606621,4.287079,0.059122892,79.999979
47.019955,-4339.438,0.24108813,0.51102129,0.11651214,4.2859804,0.059553448,79.999979
47.029955,-4343.4406,0.24167154,0.51284396,0.11695808,4.2848818,0.059984003,79.999979
47.039955,-4340.4321,0.24154402,0.51344226,0.11678516,4.2959664,0.059962004,79.999979
47.049955,-4342.6878,0.2415229,0.51365437,0.11641706,4.3120756,0.059797267,79.999979
47.059955,-4342.32,0.24203105,0.51386649,0.11604896,4.3281848,0.05963253,79.999979
47.069955,-4343.5301,0.24166837,0.51407861,0.11568086,4.344294,0.059467793,79.999979
47.079955,-4343.5301,0.24166837,0.51429073,0.11531275,4.3604032,0.059303056,79.999979
47.089955,-4344.0095,0.24170059,0.51450285,0.11494465,4.3765124,0.05913832,79.999979
47.099955,-4341.7053,0.24162748,0.51471497,0.11457655,4.3926216,0.058973583,79.999979
47.109955,-4344.5468,0.2415464,0.51492708,0.11420845,4.4087308,0.058808846,79.999979
47.119955,-4343.6451,0.24194598,0.51440199,0.11434141,4.3992623,0.058815305,79.999979
47.129955,-4344.0969,0.24272506,0.51357299,0.11468093,4.3792502,0.058892334,79.999979
47.139955,-4344.5608,0.24222677,0.51274399,0.11502044,4.3592381,0.058969363,79.999979
47.149955,-4346.1278,0.24183081,0.511915,0.11535996,4.339226,0.059046392,79.999979
47.159955,-4342.2169,0.24273746,0.511086,0.11569947,4.3192139,0.059123421,79.999979
47.169955,-4344.3548,0.24130203,0.51025701,0.11603899,4.2992018,0.05920045,79.999979
47.179955,-4345.0182,0.24218492,0.50942801,0.1163785,4.2791897,0.059277479,79.999979
47.189955,-4343.1489,0.24247436,0.50859902,0.11671802,4.2591776,0.059354509,79.999979
47.199955,-4342.2606,0.24277628,0.50777002,0.11705753,4.2391654,0.059431538,79.999979
47.209955,-4342.3703,0.24309768,0.50694103,0.11739705,4.2191533,0.059508567,79.999979
47.219955,-4345.4129,0.24144373,0.50611203,0.11773656,4.1991412,0.059585596,79.999979
47.229955,-4342.4254,0.24250395,0.50548945,0.11801681,4.1831968,0.05965626,79.999979
47.239955,-4344.2525,0.24202116,0.50552481,0.11810814,4.1802185,0.059706634,79.999979
47.249955,-4345.7869,0.2411531,0.50556018,0.11819946,4.1772403,0.059757008,79.999979
47.259955,-4344.5459,0.24174307,0.50559554,0.11829079,4.174262,0.059807381,79.999979
47.269955,-4342.5749,0.24275867,0.5056309,0.11838212,4.1712837,0.059857755,79.999979
47.279955,-4342.5638,0.24175121,0.50566627,0.11847344,4.1683055,0.059908129,79.999979
47.289955,-4343.6205,0.24222401,0.50570163,0.11856477,4.1653272,0.059958503,79.999979
47.299955,-4344.7885,0.24194067,0.505737,0.1186561,4.162349,0.060008877,79.999979
47.309955,-4343.0941,0.24134679,0.50577236,0.11874742,4.1593707,0.060059251,79.999979
47.319955,-4342.1341,0.2415918,0.50580773,0.11883875,4.1563924,0.060109625,79.999979
47.329955,-4342.8094,0.24208367,0.50584309,0.11893008,4.1534142,0.060159998,79.999979
47.339955,-4344.7012,0.24206099,0.50587846,0.1190214,4.1504359,0.060210372,79.999979
47.349955,-4345.49,0.24145929,0.50648746,0.11853218,4.1718038,0.059993374,79.999979
47.359955,-4342.373,0.24135399,0.50725191,0.11777832,4.2067022,0.059703918,79.999979
47.369955,-4343.2348,0.24238209,0.50801636,0.11702445,4.2416005,0.059414461,79.999979
47.379955,-4343.1627,0.24207375,0.50878081,0.11627059,4.2764988,0.059125005,79.999979
47.389955,-4342.9499,0.24255343,0.50954526,0.11551672,4.3113972,0.058835549,79.999979
47.399955,-4345.7108,0.24144222,0.51030971,0.11476286,4.3462955,0.058546093,79.999979
47.409955,-4344.3604,0.24115294,0.51107417,0.114009,4.3811938,0.058256636,79.999979
47.419955,-4345.4716,0.24184293,0.51183862,0.11325513,4.4160922,0.05796718,79.999979
47.429955,-4344.7216,0.24095693,0.51135646,0.11258576,4.4410336,0.057575523,79.999979
47.439955,-4344.9766,0.24042513,0.51070715,0.11192772,4.4631892,0.057170163,79.999979
47.449955,-4345.2317,0.2405816,0.51005784,0.11126967,4.4853447,0.056764802,79.999979
47.459955,-4345.8948,0.24093894,0.50940853,0.11061163,4.5075002,0.056359442,79.999979
47.469955,-4346.2956,0.24184264,0.50875922,0.10995359,4.5296557,0.055954081,79.999979
47.479955,-4347.3708,0.24188114,0.50810991,0.10929554,4.5518112,0.055548721,79.999979
47.489955,-4345.9967,0.24296545,0.5074606,0.1086375,4.5739667,0.05514336,79.999979
47.499955,-4347.4082,0.24264128,0.50681129,0.10797946,4.5961222,0.054738,79.999979
47.509955,-4347.4769,0.24241068,0.50616198,0.10732142,4.6182777,0.05433264,79.999979
47.519955,-4347.2806,0.24223803,0.50551267,0.10666337,4.6404332,0.053927279,79.999979
47.529955,-4347.5678,0.24154391,0.50486336,0.10600533,4.6625888,0.053521919,79.999979
47.539955,-4348.2635,0.24177616,0.50448666,0.10562464,4.6778001,0.053287268,79.999979
47.549955,-4346.7179,0.24195231,0.50518907,0.10634183,4.6533094,0.053728355,79.999979
47.559955,-4347.3712,0.241283,0.50589148,0.10705902,4.6288188,0.054169441,79.999979
47.569955,-4347.6703,0.24123156,0.50659389,0.10777621,4.6043281,0.054610528,79.999979
47.579955,-4348.2854,0.24212883,0.50729631,0.1084934,4.5798375,0.055051614,79.999979
47.589955,-4349.7546,0.24135703,0.50799872,0.10921058,4.5553468,0.055492701,79.999979
47.599955,-4347.8394,0.24224202,0.50870113,0.10992777,4.5308561,0.055933787,79.999979
47.609955,-4350.6038,0.24132449,0.50940354,0.11064496,4.5063655,0.056374874,79.999979
47.619955,-4348.5603,0.24145954,0.51010595,0.11136215,4.4818748,0.05681596,79.999979
47.629955,-4348.8803,0.24202972,0.51080836,0.11207934,4.4573842,0.057257047,79.999979
47.639955,-4349.2003,0.24207335,0.51151077,0.11279653,4.4328935,0.057698133,79.999979
47.649955,-4350.9386,0.24192494,0.51102008,0.11340498,4.411256,0.057679081,79.999979
47.659955,-4349.418,0.24087952,0.51004027,0.11314388,4.4124343,0.057471397,79.999979
47.669955,-4351.4249,0.24253722,0.50906047,0.11288279,4.4136127,0.057263713,79.999979
47.679955,-4350.8541,0.24076149,0.50808066,0.11262169,4.4147911,0.057056029,79.999979
47.689955,-4352.4604,0.24084189,0.50710086,0.1123606,4.4159694,0.056848346,79.999979
47.699955,-4351.9548,0.2411375,0.50612105,0.1120995,4.4171478,0.056640662,79.999979
47.709955,-4352.8771,0.24073668,0.50514125,0.11183841,4.4183262,0.056432978,79.999979
47.719954,-4351.0004,0.24143779,0.50416144,0.11157731,4.4195045,0.056225295,79.999979
47.729954,-4353.369,0.24152967,0.50327498,0.11136444,4.4193808,0.056058176,79.999979
47.739954,-4354.1623,0.24111865,0.50286905,0.11154075,4.408748,0.056099896,79.999979
47.749954,-4354.5667,0.24163504,0.50246312,0.11171706,4.3981151,0.056141616,79.999979
47.759954,-4354.5887,0.24163504,0.50205719,0.11189337,4.3874823,0.056183336,79.999979
47.769954,-4356.4656,0.24212735,0.50165126,0.11206968,4.3768495,0.056225056,79.999979
47.779954,-4355.3482,0.24063492,0.50124533,0.112246,4.3662166,0.056266776,79.999979
47.789954,-4355.5057,0.24092598,0.5008394,0.11242231,4.3555838,0.056308496,79.999979
47.799954,-4358.6513,0.24166543,0.50043347,0.11259862,4.344951,0.056350216,79.999979
47.809954,-4358.1946,0.24166554,0.50002754,0.11277493,4.3343181,0.056391936,79.999979
47.819954,-4356.8107,0.24168546,0.49962161,0.11295124,4.3236853,0.056433656,79.999979
47.829954,-4355.3697,0.24208217,0.49921568,0.11312755,4.3130525,0.056475376,79.999979
47.839954,-4355.2136,0.24100755,0.49880975,0.11330387,4.3024196,0.056517096,79.999979
47.849954,-4357.4743,0.24131849,0.49984335,0.11300931,4.3232971,0.056484327,79.999979
47.859954,-4359.5648,0.24160414,0.50104199,0.11266077,4.3477871,0.056443018,79.999979
47.869954,-4356.9781,0.24130438,0.50224062,0.11231223,4.3722771,0.056401709,79.999979
47.879954,-4356.6921,0.2411892,0.50343926,0.11196369,4.3967672,0.0563604,79.999979
47.889954,-4356.2269,0.24146526,0.50463789,0.11161515,4.4212572,0.056319091,79.999979
47.899954,-4357.384,0.24087188,0.50583653,0.11126661,4.4457472,0.056277782,79.999979
47.909954,-4360.773,0.24039385,0.50703516,0.11091807,4.4702372,0.056236473,79.999979
47.919954,-4358.6038,0.2418918,0.5082338,0.11056953,4.4947272,0.056195164,79.999979
47.929954,-4360.7018,0.24092309,0.50834352,0.11102232,4.4804016,0.056457712,79.999979
47.939954,-4361.1698,0.24090717,0.50845032,0.1115201,4.4614898,0.056721074,79.999979
47.949954,-4362.8506,0.24170305,0.50855713,0.11201788,4.442578,0.056984436,79.999979
47.959954,-4358.7156,0.24176403,0.50866393,0.11251566,4.4236662,0.057247797,79.999979
47.969954,-4362.7529,0.2416477,0.50877074,0.11301344,4.4047544,0.057511159,79.999979
47.979954,-4360.2923,0.24207975,0.50887754,0.11351122,4.3858426,0.057774521,79.999979
47.989954,-4361.1296,0.24139929,0.50898435,0.114009,4.3669308,0.058037883,79.999979
47.999954,-4359.7682,0.24136174,0.50909115,0.11450678,4.348019,0.058301244,79.999979
48.009954,-4359.6525,0.24162132,0.50919796,0.11500456,4.3291072,0.058564606,79.999979
48.019954,-4363.0878,0.24104412,0.50930476,0.11550234,4.3101954,0.058827968,79.999979
48.029954,-4359.7243,0.24170793,0.50929466,0.11598471,4.2915361,0.059060648,79.999979
48.039954,-4362.132,0.24029951,0.50876339,0.11629594,4.2756799,0.059156555,79.999979
48.049954,-4359.5668,0.24080983,0.50823213,0.11660717,4.2598237,0.059252463,79.999979
48.059954,-4359.5857,0.24169391,0.50770087,0.1169184,4.2439675,0.059348371,79.999979
48.069954,-4359.7276,0.24143702,0.5071696,0.11722962,4.2281113,0.059444279,79.999979
48.079954,-4361.0924,0.24112284,0.50663834,0.11754085,4.2122551,0.059540186,79.999979
48.089954,-4363.4459,0.24150829,0.50610707,0.11785208,4.1963989,0.059636094,79.999979
48.099954,-4362.2144,0.24107425,0.50557581,0.11816331,4.1805427,0.059732002,79.999979
48.109954,-4363.3167,0.24167015,0.50504454,0.11847454,4.1646865,0.05982791,79.999979
48.119954,-4363.7273,0.24147149,0.50451328,0.11878576,4.1488303,0.059923818,79.999979
48.129954,-4364.1379,0.24110295,0.50398201,0.11909699,4.1329741,0.060019725,79.999979
48.139954,-4363.9429,0.24090295,0.50345075,0.11940822,4.1171179,0.060115633,79.999979
48.149954,-4360.8967,0.24063634,0.50412886,0.11870709,4.1465687,0.059838198,79.999979
48.159954,-4362.9025,0.24204704,0.50510046,0.11776029,4.1909691,0.059470159,79.999979
48.169954,-4362.331,0.24082273,0.50607207,0.11681348,4.2353694,0.05910212,79.999979
48.179954,-4362.331,0.2407662,0.50704367,0.11586667,4.2797698,0.058734082,79.999979
48.189954,-4362.0619,0.24077202,0.50801527,0.11491986,4.3241702,0.058366043,79.999979
48.199954,-4361.4997,0.24155724,0.50898688,0.11397305,4.3685705,0.057998004,79.999979
48.209954,-4364.4804,0.24171161,0.50995848,0.11302624,4.4129709,0.057629965,79.999979
48.219954,-4361.5907,0.24146516,0.51093008,0.11207944,4.4573713,0.057261927,79.999979
48.229954,-4363.3223,0.24053243,0.51090832,0.11172192,4.4737206,0.057095202,79.999979
48.239954,-4361.2876,0.2408125,0.51024041,0.11180194,4.4645466,0.057059424,79.999979
48.249954,-4360.7281,0.24075708,0.5095725,0.11188195,4.4553726,0.057023646,79.999979
48.259954,-4361.2683,0.24105137,0.5089046,0.11196197,4.4461987,0.056987867,79.999979
48.269954,-4361.1357,0.24270052,0.50823669,0.11204199,4.4370247,0.056952089,79.999979
48.279954,-4362.9805,0.24142585,0.50756878,0.112122,4.4278507,0.05691631,79.999979
48.289954,-4362.5076,0.24113606,0.50690088,0.11220202,4.4186767,0.056880532,79.999979
48.299954,-4363.8237,0.24156057,0.50623297,0.11228204,4.4095027,0.056844754,79.999979
48.309954,-4363.5162,0.24132261,0.50556506,0.11236205,4.4003288,0.056808975,79.999979
48.319954,-4363.5162,0.24108465,0.50489715,0.11244207,4.3911548,0.056773197,79.999979
48.329954,-4361.7402,0.24069701,0.50422925,0.11252209,4.3819808,0.056737418,79.999979
48.339954,-4361.0651,0.24164816,0.5041355,0.1126996,4.3734435,0.056822115,79.999979
48.349954,-4362.9656,0.24099278,0.50466724,0.11300836,4.3659729,0.057038059,79.999979
48.359954,-4363.6044,0.24062129,0.50519899,0.11331713,4.3585023,0.057254003,79.999979
48.369954,-4364.619,0.2403128,0.50573074,0.11362589,4.3510317,0.057469947,79.999979
48.379954,-4364.619,0.2403128,0.50626248,0.11393466,4.3435611,0.057685891,79.999979
48.389954,-4362.8297,0.24006177,0.50679423,0.11424342,4.3360904,0.057901835,79.999979
48.399954,-4363.1555,0.24178398,0.50732598,0.11455219,4.3286198,0.058117779,79.999979
48.409954,-4364.7941,0.24137863,0.50785772,0.11486095,4.3211492,0.058333724,79.999979
48.419954,-4360.0162,0.24170956,0.50811847,0.11505523,4.3162455,0.058451807,79.999979
48.429954,-4360.0254,0.24173732,0.50823308,0.11515571,4.3134447,0.058517125,79.999979
48.439954,-4361.4897,0.24176508,0.5083477,0.11525618,4.310644,0.058582443,79.999979
48.449954,-4361.8384,0.24075529,0.50846231,0.11535666,4.3078432,0.058647761,79.999979
48.459954,-4364.9611,0.24148158,0.50857693,0.11545713,4.3050424,0.058713079,79.999979
48.469954,-4362.9771,0.24110131,0.50869155,0.11555761,4.3022417,0.058778397,79.999979
48.479954,-4364.405,0.24111854,0.50880616,0.11565809,4.2994409,0.058843715,79.999979
48.489954,-4360.624,0.24125349,0.50892078,0.11575856,4.2966402,0.058909033,79.999979
48.499954,-4360.7708,0.24108354,0.50903539,0.11585904,4.2938394,0.058974351,79.999979
48.509954,-4361.8788,0.24138387,0.50915001,0.11595951,4.2910386,0.059039669,79.999979
48.519954,-4362.4,0.24119248,0.50926463,0.11605999,4.2882379,0.059104987,79.999979
48.529954,-4362.5881,0.24044064,0.50947943,0.11615692,4.286275,0.059179682,79.999979
48.539954,-4364.052,0.24138991,0.50973895,0.11625227,4.2848924,0.059258564,79.999979
48.549954,-4364.2943,0.24040685,0.50999848,0.11634762,4.2835097,0.059337445,79.999979
48.559954,-4363.8343,0.24028337,0.510258,0.11644296,4.282127,0.059416326,79.999979
48.569954,-4363.3744,0.24050397,0.51051752,0.11653831,4.2807444,0.059495208,79.999979
48.579954,-4361.9994,0.24111574,0.51077705,0.11663366,4.2793617,0.059574089,79.999979
48.589954,-4364.6958,0.24108607,0.51103657,0.11672901,4.2779791,0.05965297,79.999979
48.599954,-4359.4363,0.24100446,0.5112961,0.11682435,4.2765964,0.059731852,79.999979
48.609954,-4363.7544,0.24129594,0.51010926,0.11630313,4.2865163,0.059315759,79.999979
48.619954,-4361.4622,0.23982414,0.50879574,0.11568763,4.2989971,0.058856309,79.999979
48.629954,-4360.6059,0.24051419,0.50748222,0.11507213,4.3114779,0.05839686,79.999979
48.639954,-4361.0692,0.24162765,0.50616869,0.11445663,4.3239587,0.057937411,79.999979
48.649954,-4363.018,0.24145222,0.50485517,0.11384112,4.3364395,0.057477962,79.999979
48.659954,-4362.1172,0.24137783,0.50354165,0.11322562,4.3489203,0.057018513,79.999979
48.669954,-4363.5621,0.24108439,0.50222812,0.11261012,4.3614011,0.056559064,79.999979
48.679954,-4360.8506,0.24162521,0.50096252,0.11199462,4.3738819,0.056118873,79.999979
48.689954,-4361.7775,0.24133298,0.50120704,0.11221707,4.3664734,0.056285577,79.999979
48.699954,-4361.8751,0.24112858,0.50145156,0.11250185,4.3575854,0.05645228,79.999979
48.709954,-4362.7006,0.24113719,0.50169607,0.11278664,4.3486973,0.056618984,79.999979
48.719954,-4362.8112,0.24125722,0.50194059,0.11307142,4.3398093,0.056785687,79.999979
48.729954,-4359.4359,0.24146069,0.50218511,0.1133562,4.3309213,0.056952391,79.999979
48.739954,-4362.4842,0.24119981,0.50242963,0.11364099,4.3220333,0.057119095,79.999979
48.749954,-4361.0393,0.24187875,0.50267414,0.11392577,4.3131453,0.057285798,79.999979
48.759953,-4360.2582,0.241897,0.50291866,0.11421056,4.3042573,0.057452502,79.999979
48.769953,-4360.698,0.24134893,0.50316318,0.11449534,4.2953693,0.057619205,79.999979
48.779953,-4360.7173,0.2404018,0.5034077,0.11478012,4.2864813,0.057785909,79.999979
48.789953,-4360.8625,0.24127424,0.50366398,0.1150474,4.2775933,0.057945142,79.999979
48.799953,-4362.3874,0.24159213,0.50459094,0.11431654,4.3091249,0.057678473,79.999979
48.809953,-4362.4197,0.24185315,0.50551791,0.11358567,4.3421381,0.057411803,79.999979
48.819953,-4363.4999,0.24128234,0.50644488,0.11285481,4.3751513,0.057145134,79.999979
48.829953,-4364.226,0.24078108,0.50737184,0.11212394,4.4081645,0.056878465,79.999979
48.839953,-4361.2572,0.24075902,0.50829881,0.11139307,4.4411777,0.056611795,79.999979
48.849953,-4362.4813,0.24065231,0.50922577,0.11066221,4.4741909,0.056345126,79.999979
48.859953,-4358.2959,0.24060144,0.51015274,0.10993134,4.5072041,0.056078457,79.999979
48.869953,-4358.4731,0.24129615,0.51040423,0.10951873,4.5402173,0.055973535,79.999979
48.879953,-4357.9443,0.24129615,0.50909261,0.11036458,4.5684728,0.056242913,79.999979
48.889953,-4357.8914,0.24129615,0.50778099,0.11121042,4.5192296,0.05651229,79.999979
48.899953,-4360.0353,0.24155815,0.50646937,0.11205627,4.4699865,0.056781668,79.999979
48.909953,-4359.525,0.24095007,0.50515775,0.11290212,4.4207434,0.057051045,79.999979
48.919953,-4362.7351,0.24084252,0.50384613,0.11374797,4.3715003,0.057320422,79.999979
48.929953,-4362.2165,0.24047784,0.50253451,0.11459381,4.3222572,0.0575898,79.999979
48.939953,-4360.7255,0.24165412,0.50122289,0.11543966,4.2730141,0.057859177,79.999979
48.949953,-4360.5089,0.24192551,0.49991127,0.11628551,4.223771,0.058128555,79.999979
48.959953,-4362.2955,0.24070729,0.49859965,0.11713135,4.1745279,0.058397932,79.999979
48.969953,-4363.5307,0.24046605,0.49728803,0.1179772,4.1252848,0.058667309,79.999979
48.979953,-4363.1567,0.24096236,0.49793271,0.11804708,4.1145037,0.058776849,79.999979
48.989953,-4361.584,0.24009154,0.49961312,0.11770614,4.1416764,0.058801765,79.999979
48.999953,-4363.1307,0.24095665,0.50129352,0.1173652,4.1688492,0.058826681,79.999979
49.009953,-4363.1568,0.24102558,0.50297392,0.11702426,4.1960219,0.058851598,79.999979
49.019953,-4363.785,0.24080446,0.50465432,0.11668332,4.2231946,0.058876514,79.999979
49.029953,-4363.2365,0.24187495,0.50633473,0.11634238,4.2503673,0.058901431,79.999979
49.039953,-4360.9047,0.24124155,0.50801513,0.11600144,4.27754,0.058926347,79.999979
49.049953,-4363.9923,0.24049399,0.50969553,0.1156605,4.3047127,0.058951264,79.999979
49.059953,-4361.4839,0.24085307,0.50936429,0.11547716,4.3111019,0.058825085,79.999979
49.069953,-4362.3812,0.24042259,0.50884527,0.11531872,4.3126515,0.058684803,79.999979
49.079953,-4362.3812,0.24041976,0.50832625,0.11516027,4.3142011,0.05854452,79.999979
49.089953,-4363.3771,0.24055411,0.50780723,0.11500182,4.3157506,0.058404238,79.999979
49.099953,-4364.9699,0.24180609,0.50728822,0.11484338,4.3173002,0.058263955,79.999979
49.109953,-4364.1398,0.24118207,0.5067692,0.11468493,4.3188498,0.058123673,79.999979
49.119953,-4362.7303,0.24105338,0.50625018,0.11452648,4.3203994,0.057983391,79.999979
49.129953,-4363.2082,0.24167651,0.50573116,0.11436804,4.3219489,0.057843108,79.999979
49.139953,-4364.62,0.24053901,0.50521214,0.11420959,4.3234985,0.057702826,79.999979
49.149953,-4365.0939,0.240283,0.50469312,0.11405114,4.3250481,0.057562543,79.999979
49.159953,-4361.4003,0.24092276,0.5041741,0.1138927,4.3265977,0.057422261,79.999979
49.169953,-4363.4238,0.24104372,0.50360614,0.11365048,4.330703,0.057236211,79.999979
49.179953,-4362.3571,0.2404312,0.50300697,0.11335485,4.3372577,0.057020976,79.999979
49.189953,-4362.8115,0.24036078,0.50240779,0.11305921,4.3438124,0.05680574,79.999979
49.199953,-4363.926,0.24131076,0.50180862,0.11276358,4.3503671,0.056590505,79.999979
49.209953,-4361.405,0.2414699,0.50120945,0.11246794,4.3569219,0.056375269,79.999979
49.219953,-4364.6803,0.24045569,0.50061028,0.11217231,4.3634766,0.056160034,79.999979
49.229953,-4361.8419,0.24137906,0.50001111,0.11187667,4.3700313,0.055944799,79.999979
49.239953,-4364.8714,0.241385,0.49941194,0.11158104,4.376586,0.055729563,79.999979
49.249953,-4365.3524,0.24132898,0.49881277,0.1112854,4.3831407,0.055514328,79.999979
49.259953,-4365.8333,0.24105799,0.49821359,0.11098977,4.3896955,0.055299092,79.999979
49.269953,-4362.8959,0.24062663,0.49761442,0.11069413,4.3962502,0.055083857,79.999979
49.279953,-4362.8708,0.24134439,0.49742977,0.1104885,4.4018818,0.054976434,79.999979
49.289953,-4365.2405,0.2409634,0.49759539,0.11042324,4.4060739,0.054960115,79.999979
49.299953,-4365.8714,0.24003874,0.49776102,0.11035798,4.410266,0.054943796,79.999979
49.309953,-4365.5355,0.24103406,0.49792664,0.11029272,4.414458,0.054927477,79.999979
49.319953,-4365.8605,0.24062189,0.49809226,0.11022746,4.4186501,0.054911158,79.999979
49.329953,-4365.2933,0.24062189,0.49825789,0.1101622,4.4228422,0.054894839,79.999979
49.339953,-4364.2298,0.24044124,0.49842351,0.11009694,4.4270342,0.054878521,79.999979
49.349953,-4364.1864,0.24059831,0.49858914,0.11003168,4.4312263,0.054862202,79.999979
49.359953,-4364.8284,0.24127964,0.49881497,0.11005699,4.4322418,0.054914014,79.999979
49.369953,-4363.1323,0.24109374,0.49928498,0.1106087,4.4147947,0.055242154,79.999979
49.379953,-4364.2024,0.24130484,0.499755,0.1111604,4.3973475,0.055570295,79.999979
49.389953,-4364.9011,0.24192792,0.50022502,0.11171211,4.3799003,0.055898435,79.999979
49.399953,-4365.067,0.24126568,0.50069503,0.11226382,4.3624531,0.056226575,79.999979
49.409953,-4366.272,0.24057988,0.50116505,0.11281553,4.3450059,0.056554716,79.999979
49.419953,-4365.0044,0.2409602,0.50163506,0.11336724,4.3275587,0.056882856,79.999979
49.429953,-4367.0457,0.24118342,0.50210508,0.11391895,4.3101115,0.057210996,79.999979
49.439953,-4366.5339,0.24118342,0.5025751,0.11447066,4.2926643,0.057539137,79.999979
49.449953,-4364.8396,0.24118342,0.50304511,0.11502236,4.2752171,0.057867277,79.999979
49.459953,-4365.8585,0.24212706,0.50351513,0.11557407,4.2577699,0.058195417,79.999979
49.469953,-4364.5528,0.24107315,0.5028769,0.11599111,4.2376203,0.058319982,79.999979
49.479953,-4365.6902,0.24015331,0.50105372,0.11623036,4.2130349,0.058226881,79.999979
49.489953,-4364.244,0.24062068,0.49923054,0.1164696,4.1884494,0.058133781,79.999979
49.499953,-4365.5799,0.24066214,0.49740736,0.11670884,4.163864,0.05804068,79.999979
49.509953,-4365.7172,0.24063765,0.49558418,0.11694809,4.1392786,0.057947579,79.999979
49.519953,-4367.0078,0.24060141,0.493761,0.11718733,4.1146931,0.057854478,79.999979
49.529953,-4365.1011,0.24061246,0.49193782,0.11742658,4.0901077,0.057761377,79.999979
49.539953,-4366.9702,0.2404904,0.49011464,0.11766582,4.0655223,0.057668276,79.999979
49.549953,-4364.8059,0.24016873,0.49015154,0.11730679,4.0796865,0.057493533,79.999979
49.559953,-4364.8059,0.24091435,0.49114376,0.11664048,4.113752,0.057276858,79.999979
49.569953,-4364.9795,0.2410052,0.49213598,0.11597418,4.1478175,0.057060184,79.999979
49.579953,-4366.8919,0.2423751,0.49312821,0.11530788,4.181883,0.05684351,79.999979
49.589953,-4366.4254,0.240988,0.49412043,0.11464158,4.2159485,0.056626836,79.999979
49.599953,-4367.6741,0.23983304,0.49511265,0.11397528,4.250014,0.056410161,79.999979
49.609953,-4367.2547,0.24089471,0.49610487,0.11330898,4.2840795,0.056193487,79.999979
49.619953,-4367.2814,0.2412398,0.49709709,0.11264267,4.318145,0.055976813,79.999979
49.629953,-4367.5062,0.24136419,0.49808931,0.11197637,4.3522105,0.055760139,79.999979
49.639953,-4368.1981,0.24124772,0.49908153,0.11131007,4.386276,0.055543464,79.999979
49.649953,-4367.0001,0.24045796,0.50007375,0.11064377,4.4203415,0.05532679,79.999979
49.659953,-4367.7222,0.24113078,0.50115833,0.11089083,4.4202177,0.055625479,79.999979
49.669953,-4366.0668,0.24043179,0.50232218,0.11210555,4.3838717,0.056366447,79.999979
49.679953,-4366.9755,0.24103595,0.50348603,0.11332028,4.3475258,0.057107415,79.999979
49.689953,-4365.9946,0.24119127,0.50464987,0.114535,4.3111798,0.057848383,79.999979
49.699953,-4364.8809,0.24077263,0.50581372,0.11574973,4.2748338,0.05858935,79.999979
49.709953,-4368.9178,0.24134232,0.50697757,0.11696446,4.2384878,0.059330318,79.999979
49.719953,-4365.4157,0.23967639,0.50814141,0.11817918,4.2021419,0.060071286,79.999979
49.729953,-4368.2213,0.24152671,0.50930526,0.11939391,4.1657959,0.060812254,79.999979
49.739953,-4369.1179,0.24048806,0.50853146,0.11980524,4.1458458,0.060865952,79.999979
49.749953,-4368.7842,0.2401671,0.50710053,0.11977777,4.1348506,0.060686575,79.999979
49.759953,-4369.5715,0.2403718,0.50566961,0.11975031,4.1238554,0.060507197,79.999979
49.769953,-4370.276,0.24001384,0.50423868,0.11972284,4.1128602,0.06032782,79.999979
49.779953,-4368.6699,0.24040426,0.50280776,0.11969538,4.101865,0.060148442,79.999979
49.789953,-4369.6435,0.24097425,0.50137684,0.11966792,4.0908699,0.059969065,79.999979
49.799953,-4368.6683,0.24029757,0.49994591,0.11964045,4.0798747,0.059789687,79.999979
49.809952,-4369.3714,0.24062709,0.49851499,0.11961299,4.0688795,0.05961031,79.999979
49.819952,-4368.3437,0.24062709,0.49708407,0.11958552,4.0578843,0.059430932,79.999979
49.829952,-4366.4423,0.24117695,0.49565314,0.11955806,4.0468891,0.059251555,79.999979
49.839952,-4367.218,0.24083209,0.49422222,0.11953059,4.0358939,0.059072177,79.999979
49.849952,-4368.4125,0.2407752,0.49481456,0.11945578,4.0395869,0.059104292,79.999979
49.859952,-4368.0421,0.24057702,0.49726605,0.11932728,4.0639288,0.059330744,79.999979
49.869952,-4368.0421,0.24073529,0.49971755,0.11919878,4.0882707,0.059557196,79.999979
49.879952,-4368.0722,0.24075747,0.50216904,0.11907028,4.1126125,0.059783647,79.999979
49.889952,-4369.3825,0.24090162,0.50462053,0.11894178,4.1369544,0.060010099,79.999979
49.899952,-4369.6274,0.24090521,0.50707203,0.11881328,4.1612963,0.060236551,79.999979
49.909952,-4371.0828,0.24034541,0.50952352,0.11868478,4.1856382,0.060463003,79.999979
49.919952,-4371.4673,0.24133687,0.51197501,0.11855628,4.20998,0.060689455,79.999979
49.929952,-4371.137,0.24165842,0.51442651,0.11842778,4.2343219,0.060915906,79.999979
49.939952,-4371.2683,0.24148183,0.516878,0.11829928,4.2586638,0.061142358,79.999979
49.949952,-4372.7059,0.24084255,0.51932949,0.11817078,4.2830056,0.06136881,79.999979
49.959952,-4369.3137,0.24011292,0.51853973,0.11798262,4.3026516,0.061118158,79.999979
49.969952,-4372.1615,0.24103323,0.51686558,0.11760454,4.3017515,0.060737328,79.999979
49.979952,-4371.0622,0.24064934,0.51519143,0.11722645,4.3008514,0.060356498,79.999979
49.989952,-4372.0799,0.23959522,0.51351729,0.11684837,4.2999513,0.059975667,79.999979
49.999952,-4372.7035,0.23959522,0.51184314,0.11647028,4.2990512,0.059594837,79.999979
50.009952,-4374.0313,0.24051246,0.51016899,0.1160922,4.2981511,0.059214007,79.999979
50.019952,-4372.148,0.2404156,0.50849485,0.11571411,4.2972511,0.058833177,79.999979
50.029952,-4373.3917,0.24080181,0.5068207,0.11533603,4.296351,0.058452346,79.999979
50.039952,-4370.536,0.24010116,0.50518629,0.11505503,4.2921804,0.05814534,79.999979
50.049952,-4372.8232,0.24039226,0.50363549,0.11511366,4.2765701,0.057993616,79.999979
50.059952,-4372.8232,0.24019998,0.50208468,0.11517229,4.2609598,0.057841893,79.999979
50.069952,-4371.8329,0.24017076,0.50053388,0.11523091,4.2453495,0.05769017,79.999979
50.079952,-4371.2623,0.24136143,0.49898307,0.11528954,4.2297392,0.057538446,79.999979
50.089952,-4371.5676,0.24150999,0.49743227,0.11534816,4.2141289,0.057386723,79.999979
50.099952,-4372.4314,0.24009235,0.49588146,0.11540679,4.1985186,0.057235,79.999979
50.109952,-4374.1332,0.2409147,0.49433066,0.11546541,4.1829084,0.057083276,79.999979
50.119952,-4373.9468,0.24087396,0.49277985,0.11552404,4.1672981,0.056931553,79.999979
50.129952,-4373.7604,0.2405356,0.49122905,0.11558267,4.1516878,0.05677983,79.999979
50.139952,-4372.2197,0.24058213,0.48967824,0.11564129,4.1360775,0.056628106,79.999979
50.149952,-4372.5319,0.24061837,0.48812744,0.11569992,4.1204672,0.056476383,79.999979
50.159952,-4373.4454,0.24056283,0.48891705,0.11557757,4.1289631,0.056506441,79.999979
50.169952,-4373.471,0.24065478,0.48992881,0.11543805,4.1429921,0.056553753,79.999979
50.179952,-4372.7999,0.24101604,0.49094058,0.11529853,4.1570211,0.056601065,79.999979
50.189952,-4372.1287,0.2413773,0.49195234,0.11515901,4.1710501,0.056648377,79.999979
50.199952,-4371.4576,0.24135818,0.4929641,0.11501949,4.1850792,0.056695689,79.999979
50.209952,-4371.2827,0.24109401,0.49397586,0.11487997,4.1991082,0.056743001,79.999979
50.219952,-4371.7862,0.24138556,0.49498762,0.11474045,4.2131372,0.056790313,79.999979
50.229952,-4370.9329,0.24166979,0.49599938,0.11460093,4.2271663,0.056837625,79.999979
50.239952,-4369.7912,0.2407535,0.49701114,0.1144614,4.2411953,0.056884937,79.999979
50.249952,-4370.1438,0.24062417,0.49802291,0.11432188,4.2552243,0.056932249,79.999979
50.259952,-4371.1182,0.24049485,0.49903467,0.11418236,4.2692533,0.056979562,79.999979
50.269952,-4370.8754,0.24036491,0.49993854,0.1140104,4.2832824,0.056998245,79.999979
50.279952,-4372.2873,0.24157372,0.49980646,0.11352699,4.3013183,0.056742027,79.999979
50.289952,-4371.4954,0.24061413,0.49967438,0.11304357,4.31938,0.056485809,79.999979
50.299952,-4372.0765,0.24024151,0.4995423,0.11256015,4.3374417,0.056229591,79.999979
50.309952,-4371.3577,0.24067681,0.49941022,0.11207674,4.3555033,0.055973374,79.999979
50.319952,-4370.4717,0.24082743,0.49927814,0.11159332,4.373565,0.055717156,79.999979
50.329952,-4371.2372,0.24061023,0.49914605,0.1111099,4.3916267,0.055460938,79.999979
50.339952,-4371.1747,0.24124084,0.49901397,0.11062648,4.4096884,0.05520472,79.999979
50.349952,-4370.3905,0.24055759,0.49888189,0.11014307,4.4277501,0.054948502,79.999979
50.359952,-4370.577,0.24110038,0.49923748,0.11034853,4.4257562,0.0550921,79.999979
50.369952,-4371.7572,0.24120498,0.49974194,0.1107643,4.4137087,0.055357758,79.999979
50.379952,-4370.0063,0.24120498,0.5002464,0.11118008,4.4016612,0.055623417,79.999979
50.389952,-4369.4564,0.24150029,0.50075087,0.11159585,4.3896137,0.055889076,79.999979
50.399952,-4369.4291,0.24200284,0.50125533,0.11201162,4.3775662,0.056154734,79.999979
50.409952,-4371.6902,0.24070616,0.5017598,0.1124274,4.3655187,0.056420393,79.999979
50.419952,-4369.5287,0.24079849,0.50226426,0.11284317,4.3534712,0.056686051,79.999979
50.429952,-4372.0987,0.24094812,0.50276872,0.11325895,4.3414237,0.05695171,79.999979
50.439952,-4371.6587,0.24052057,0.50327319,0.11367472,4.3293762,0.057217369,79.999979
50.449952,-4370.7811,0.2405716,0.50377765,0.11409049,4.3173288,0.057483027,79.999979
50.459952,-4370.1355,0.24062263,0.50428212,0.11450627,4.3052813,0.057748686,79.999979
50.469952,-4369.4899,0.24067365,0.50478658,0.11492204,4.2932338,0.058014345,79.999979
50.479952,-4368.8443,0.24072468,0.50529104,0.11533781,4.2811863,0.058280003,79.999979
50.489952,-4369.6479,0.23990539,0.50568432,0.1154579,4.2798329,0.058385194,79.999979
50.499952,-4371.7732,0.24076712,0.50602691,0.11544319,4.2833544,0.058417235,79.999979
50.509952,-4371.3952,0.24068783,0.5063695,0.11542849,4.2868759,0.058449276,79.999979
50.519952,-4371.0172,0.2405372,0.50671209,0.11541378,4.2903975,0.058481317,79.999979
50.529952,-4369.4085,0.24038657,0.50705469,0.11539907,4.293919,0.058513358,79.999979
50.539952,-4367.6805,0.24076007,0.50739728,0.11538437,4.2974405,0.058545399,79.999979
50.549952,-4368.3937,0.24024936,0.50773987,0.11536966,4.300962,0.058577441,79.999979
50.559952,-4370.3121,0.24030608,0.50808246,0.11535496,4.3044835,0.058609482,79.999979
50.569952,-4370.3121,0.2403628,0.50842505,0.11534025,4.3080051,0.058641523,79.999979
50.579952,-4370.3121,0.24041952,0.50876764,0.11532554,4.3115266,0.058673564,79.999979
50.589952,-4368.9763,0.24013863,0.50911023,0.11531084,4.3150481,0.058705605,79.999979
50.599952,-4370.1908,0.24089292,0.50945283,0.11529613,4.3185696,0.058737646,79.999979
50.609952,-4369.7606,0.24108311,0.50979542,0.11528142,4.3220912,0.058769687,79.999979
50.619952,-4369.3127,0.24109158,0.51013801,0.11526672,4.3256127,0.058801729,79.999979
50.629952,-4368.8648,0.24110006,0.5104806,0.11525201,4.3291342,0.05883377,79.999979
50.639952,-4368.871,0.24110853,0.51082319,0.11523731,4.3326557,0.058865811,79.999979
50.649952,-4370.3175,0.24111332,0.51115412,0.1152226,4.3361773,0.05889427,79.999979
50.659952,-4369.4762,0.24003818,0.51080556,0.11495581,4.3439061,0.058714072,79.999979
50.669952,-4369.9646,0.24062248,0.510457,0.11467828,4.3518139,0.058533875,79.999979
50.679952,-4369.9646,0.24062248,0.51010844,0.11440076,4.3597217,0.058353678,79.999979
50.689952,-4369.9646,0.24062248,0.50975988,0.11412324,4.3676296,0.058173481,79.999979
50.699952,-4369.9628,0.24038783,0.50941132,0.11384572,4.3755374,0.057993284,79.999979
50.709952,-4368.4359,0.24041152,0.50906276,0.11356819,4.3834452,0.057813087,79.999979
50.719952,-4369.6588,0.24095667,0.5087142,0.11329067,4.3913531,0.057632889,79.999979
50.729952,-4369.4684,0.24061414,0.50836564,0.11301315,4.3992609,0.057452692,79.999979
50.739952,-4370.8586,0.24070071,0.50801709,0.11273563,4.4071687,0.057272495,79.999979
50.749952,-4370.8376,0.24064184,0.50766853,0.1124581,4.4150765,0.057092298,79.999979
50.759952,-4370.7032,0.24050453,0.50731997,0.11218058,4.4229844,0.056912101,79.999979
50.769952,-4367.8351,0.24080164,0.50697141,0.11190306,4.4308922,0.056731904,79.999979
50.779952,-4369.8097,0.24114708,0.50616695,0.1118762,4.4257315,0.056654949,79.999979
50.789952,-4368.5561,0.24119905,0.50496473,0.112181,4.4032804,0.056668069,79.999979
50.799952,-4369.8528,0.24126885,0.50376251,0.11248579,4.3808292,0.056681189,79.999979
50.809952,-4366.9272,0.24142833,0.50256029,0.11279059,4.358378,0.056694308,79.999979
50.819952,-4366.9272,0.24131759,0.50135807,0.11309539,4.3359268,0.056707428,79.999979
50.829952,-4367.2509,0.241229,0.50015585,0.11340018,4.3134756,0.056720548,79.999979
50.839952,-4368.8348,0.23990455,0.49895364,0.11370498,4.2910245,0.056733668,79.999979
50.849952,-4366.9594,0.24144383,0.49775142,0.11400977,4.2685733,0.056746788,79.999979
50.859951,-4368.4004,0.24127282,0.4965492,0.11431457,4.2461221,0.056759908,79.999979
50.869951,-4367.9262,0.24126932,0.49534698,0.11461936,4.2236709,0.056773028,79.999979
50.879951,-4367.452,0.2412447,0.49414476,0.11492416,4.2012197,0.056786147,79.999979
50.889951,-4368.3811,0.24103733,0.49294254,0.11522895,4.1787685,0.056799267,79.999979
50.899951,-4369.7025,0.24079248,0.49174032,0.11553375,4.1563174,0.056812387,79.999979
50.909951,-4367.9096,0.24045122,0.49263615,0.11587248,4.1516114,0.05708565,79.999979
50.919951,-4369.2036,0.24101891,0.49376315,0.11621495,4.1488609,0.057387579,79.999979
50.929951,-4369.1056,0.23987626,0.49489016,0.11655742,4.1461103,0.057689507,79.999979
50.939951,-4369.9731,0.24008904,0.49601716,0.11689989,4.1433598,0.057991436,79.999979
50.949951,-4369.95,0.24039812,0.49714417,0.11724236,4.1406092,0.058293364,79.999979
50.959951,-4369.8809,0.24073134,0.49827117,0.11758483,4.1378587,0.058595293,79.999979
50.969951,-4369.8736,0.24084863,0.49939818,0.11792731,4.1351081,0.058897221,79.999979
50.979951,-4369.9293,0.24070394,0.50052518,0.11826978,4.1323575,0.059199149,79.999979
50.989951,-4369.7824,0.24031959,0.50131571,0.11847784,4.1309218,0.059394809,79.999979
50.999951,-4370.3872,0.24035458,0.50130459,0.11836568,4.1349054,0.059337284,79.999979
51.009951,-4367.5058,0.24093257,0.50129347,0.11825352,4.1388891,0.059279759,79.999979
51.019951,-4366.9847,0.24162436,0.50128235,0.11814136,4.1428728,0.059222234,79.999979
51.029951,-4368.962,0.24041036,0.50127123,0.1180292,4.1468565,0.059164709,79.999979
51.039951,-4371.372,0.24163989,0.50126011,0.11791704,4.1508401,0.059107184,79.999979
51.049951,-4367.8195,0.24218138,0.50124899,0.11780488,4.1548238,0.059049659,79.999979
51.059951,-4368.6188,0.24214263,0.50123787,0.11769272,4.1588075,0.058992134,79.999979
51.069951,-4368.8992,0.24115846,0.50122675,0.11758056,4.1627911,0.058934609,79.999979
51.079951,-4369.0821,0.2399557,0.50121563,0.1174684,4.1667748,0.058877084,79.999979
51.089951,-4370.6737,0.24009772,0.5012045,0.11735624,4.1707585,0.058819559,79.999979
51.099951,-4367.8385,0.24062886,0.50119338,0.11724408,4.1747422,0.058762034,79.999979
51.109951,-4370.5827,0.24129961,0.50118226,0.11713192,4.1787258,0.058704509,79.999979
51.119951,-4371.2429,0.24024938,0.50117114,0.11701976,4.1827095,0.058646984,79.999979
51.129951,-4370.9732,0.24026841,0.50116002,0.1169076,4.1866932,0.058589459,79.999979
51.139951,-4370.7034,0.24053479,0.5011489,0.11679544,4.1906768,0.058531934,79.999979
51.149951,-4367.9732,0.24037754,0.50113778,0.11668328,4.1946605,0.058474409,79.999979
51.159951,-4368.2938,0.2410397,0.50111261,0.11660922,4.1973441,0.05843665,79.999979
51.169951,-4370.885,0.24024923,0.50107222,0.11658632,4.1978405,0.058420283,79.999979
51.179951,-4370.6075,0.24067605,0.50103183,0.11656342,4.1983369,0.058403917,79.999979
51.189951,-4370.9179,0.24080042,0.50099144,0.11654052,4.1988333,0.05838755,79.999979
51.199951,-4369.0088,0.24063748,0.50095106,0.11651762,4.1993298,0.058371184,79.999979
51.209951,-4367.8384,0.24112028,0.50091067,0.11649472,4.1998262,0.058354817,79.999979
51.219951,-4370.1592,0.24017047,0.50087028,0.11647182,4.2003226,0.058338451,79.999979
51.229951,-4370.6977,0.24097598,0.50082989,0.11644891,4.200819,0.058322084,79.999979
51.239951,-4369.0622,0.24097598,0.50078951,0.11642601,4.2013154,0.058305718,79.999979
51.249951,-4368.6388,0.24087144,0.50074912,0.11640311,4.2018119,0.058289351,79.999979
51.259951,-4368.6388,0.24070694,0.50070873,0.11638021,4.2023083,0.058272985,79.999979
51.269951,-4370.3241,0.24156225,0.50066834,0.11635731,4.2028047,0.058256619,79.999979
51.279951,-4371.9269,0.24036745,0.5006269,0.1163255,4.2033011,0.058235687,79.999979
51.289951,-4371.109,0.24047995,0.50054573,0.11595776,4.2158116,0.058042502,79.999979
51.299951,-4370.782,0.24033416,0.50046457,0.11559002,4.2292863,0.057849318,79.999979
51.309951,-4371.5291,0.24059256,0.5003834,0.11522228,4.242761,0.057656133,79.999979
51.319951,-4370.9104,0.24048754,0.50030223,0.11485453,4.2562357,0.057462949,79.999979
51.329951,-4368.9923,0.2405892,0.50022106,0.11448679,4.2697104,0.057269765,79.999979
51.339951,-4371.3949,0.24090295,0.50013989,0.11411905,4.283185,0.05707658,79.999979
51.349951,-4370.1917,0.23942053,0.50005872,0.11375131,4.2966597,0.056883396,79.999979
51.359951,-4371.5817,0.24037636,0.49997755,0.11338356,4.3101344,0.056690211,79.999979
51.369951,-4371.3911,0.24064367,0.49989638,0.11301582,4.3236091,0.056497027,79.999979
51.379951,-4371.7134,0.24080641,0.49981521,0.11264808,4.3370838,0.056303843,79.999979
51.389951,-4373.4198,0.2410297,0.49973404,0.11228034,4.3505585,0.056110658,79.999979
51.399951,-4371.2262,0.24115714,0.49965287,0.11191259,4.3640331,0.055917474,79.999979
51.409951,-4372.164,0.24150101,0.4999923,0.11224303,4.355568,0.056122166,79.999979
51.419951,-4371.3485,0.24089228,0.50036452,0.11262789,4.3440141,0.056357873,79.999979
51.429951,-4371.5531,0.24136706,0.50073674,0.11301275,4.3324603,0.05659358,79.999979
51.439951,-4371.7884,0.2414878,0.50110895,0.11339761,4.3209065,0.056829287,79.999979
51.449951,-4372.1122,0.24110052,0.50148117,0.11378247,4.3093526,0.057064994,79.999979
51.459951,-4370.9449,0.24152434,0.50185339,0.11416733,4.2977988,0.0573007,79.999979
51.469951,-4372.35,0.24025781,0.50222561,0.11455219,4.286245,0.057536407,79.999979
51.479951,-4370.5638,0.24135578,0.50259782,0.11493705,4.2746911,0.057772114,79.999979
51.489951,-4370.953,0.24122488,0.50297004,0.11532191,4.2631373,0.058007821,79.999979
51.499951,-4371.6062,0.2408148,0.50334226,0.11570677,4.2515835,0.058243528,79.999979
51.509951,-4372.53,0.24116491,0.50371448,0.11609163,4.2400296,0.058479234,79.999979
51.519951,-4371.9626,0.24006598,0.50408669,0.11647649,4.2284758,0.058714941,79.999979
51.529951,-4370.8077,0.24090177,0.50386536,0.11680617,4.2157159,0.058851332,79.999979
51.539951,-4373.4706,0.24032388,0.50324199,0.11708959,4.2017061,0.058920455,79.999979
51.549951,-4372.4032,0.24026958,0.50261863,0.11737301,4.1876963,0.058989578,79.999979
51.559951,-4373.127,0.23945414,0.50199526,0.11765643,4.1736864,0.059058701,79.999979
51.569951,-4372.5682,0.23891449,0.5013719,0.11793984,4.1596766,0.059127824,79.999979
51.579951,-4373.8857,0.24030691,0.50074853,0.11822326,4.1456668,0.059196947,79.999979
51.589951,-4372.1269,0.24064412,0.50012516,0.11850668,4.131657,0.05926607,79.999979
51.599951,-4373.355,0.24118327,0.4995018,0.1187901,4.1176472,0.059335193,79.999979
51.609951,-4371.6121,0.24122164,0.49875592,0.11891356,4.1036374,0.059283554,79.999979
51.619951,-4372.1638,0.24116941,0.49792756,0.11883863,4.0946412,0.059150621,79.999979
51.629951,-4372.3185,0.24066448,0.4970992,0.11876371,4.0898294,0.059017687,79.999979
51.639951,-4373.6624,0.24055702,0.49627084,0.11868879,4.0850176,0.058884754,79.999979
51.649951,-4371.6313,0.24044055,0.49544248,0.11861387,4.0802059,0.058751821,79.999979
51.659951,-4372.0841,0.24092482,0.49461413,0.11853895,4.0753941,0.058618888,79.999979
51.669951,-4372.3851,0.24053504,0.49378577,0.11846403,4.0705823,0.058485955,79.999979
51.679951,-4373.5237,0.24004618,0.49295741,0.11838911,4.0657705,0.058353022,79.999979
51.689951,-4373.5931,0.2400544,0.49212905,0.11831419,4.0609587,0.058220089,79.999979
51.699951,-4373.4178,0.24039749,0.49130069,0.11823927,4.0561469,0.058087156,79.999979
51.709951,-4372.679,0.24077735,0.49047233,0.11816434,4.0513351,0.057954223,79.999979
51.719951,-4374.0976,0.23977078,0.48964398,0.11808942,4.0465234,0.057821289,79.999979
51.729951,-4372.0252,0.24112611,0.49035087,0.11773065,4.0659078,0.057724202,79.999979
51.739951,-4372.6511,0.24134761,0.49175604,0.11724277,4.0962976,0.057643419,79.999979
51.749951,-4373.7525,0.24156437,0.49316122,0.11675489,4.1266875,0.057562635,79.999979
51.759951,-4373.3636,0.24178718,0.4945664,0.116267,4.1570773,0.057481852,79.999979
51.769951,-4371.423,0.24065999,0.49597158,0.11577912,4.1874671,0.057401069,79.999979
51.779951,-4373.0899,0.24045685,0.49737676,0.11529124,4.217857,0.057320285,79.999979
51.789951,-4372.1282,0.23977167,0.49878194,0.11480336,4.2482468,0.057239502,79.999979
51.799951,-4373.6052,0.24038721,0.50018712,0.11431548,4.2786366,0.057158719,79.999979
51.809951,-4374.0711,0.24016193,0.5015923,0.11382759,4.3090265,0.057077935,79.999979
51.819951,-4374.5369,0.2401595,0.50299748,0.11333971,4.3394163,0.056997152,79.999979
51.829951,-4373.8522,0.24039733,0.50440266,0.11285183,4.3698061,0.056916369,79.999979
51.839951,-4372.4263,0.24056464,0.50571638,0.11237596,4.3995906,0.056852812,79.999979
51.849951,-4373.3435,0.24159122,0.50640299,0.11233723,4.4073506,0.056907383,79.999979
51.859951,-4372.2868,0.24039728,0.5070896,0.11229851,4.4151106,0.056961955,79.999979
51.869951,-4374.1551,0.24164209,0.50777621,0.11225978,4.4228706,0.057016527,79.999979
51.879951,-4374.3804,0.24186991,0.50846283,0.11222105,4.4306306,0.057071098,79.999979
51.889951,-4374.8755,0.2414684,0.50914944,0.11218232,4.4383906,0.05712567,79.999979
51.899951,-4375.4689,0.24027749,0.50983605,0.11214359,4.4461506,0.057180242,79.999979
51.90995,-4374.0233,0.24057062,0.51052266,0.11210486,4.4539106,0.057234813,79.999979
51.91995,-4375.2035,0.24103081,0.51120927,0.11206613,4.4616705,0.057289385,79.999979
51.92995,-4372.7131,0.24110834,0.51036952,0.11174069,4.4676365,0.057032234,79.999979
51.93995,-4374.4546,0.24130354,0.50944101,0.11139857,4.4734982,0.056756956,79.999979
51.94995,-4374.6712,0.24116044,0.50851251,0.11105645,4.4793599,0.056481678,79.999979
51.95995,-4375.6402,0.24063552,0.507584,0.11071434,4.4852215,0.0562064,79.999979
51.96995,-4373.6567,0.24004802,0.5066555,0.11037222,4.4910832,0.055931122,79.999979
51.97995,-4372.7201,0.23983263,0.50572699,0.11003011,4.4969448,0.055655844,79.999979
51.98995,-4377.5864,0.24050529,0.50479848,0.10968799,4.5028065,0.055380566,79.999979
51.99995,-4376.6076,0.24108878,0.50386998,0.10934587,4.5086682,0.055105288,79.999979
52.00995,-4376.3585,0.24130632,0.50294147,0.10900376,4.5145298,0.05483001,79.999979
52.01995,-4377.0333,0.24148969,0.50201296,0.10866164,4.5203915,0.054554732,79.999979
52.02995,-4373.2812,0.24087609,0.50108446,0.10831953,4.5262531,0.054279454,79.999979
52.03995,-4376.7986,0.2398986,0.500491,0.108083,4.530614,0.054103509,79.999979
52.04995,-4379.2616,0.24024075,0.500491,0.108083,4.530614,0.054103509,79.999979
